Day-1 steer log
applied_vx is the clamped command, not odometry. Forward clamp is 0.056 m/s, lowered from 0.080 because 0.080 yaws off and tips near 1.2 m (support margin about −0.09 m). CPG amplitude is |applied_vx| / 0.080, so full forward stick is amplitude 0.70 and reverse -0.032 m/s stays amplitude 0.40 with stance damper 100 N/(m/s). Yaw cap is ±0.25 rad/s. Forward yaw is swing-phase only: stance hip yaw is 0, and the airborne foot toes 0.10 rad left or 0.12 rad right at full stick (+joint toes right). Outside-step scale stays 0.20 on a left command (0.24 after 12 s) and 0.10 on a right command. Forward swing adds 0.38 rad of knee flexion at mid-swing and scales contralateral shoulder pitch by 11.0 while going straight, slewed back to 3.4 while yaw is commanded. Lateral COM shift is 0.10 rad on straight and left, and 0.16 rad on reverse and on a right yaw in the first 12 s. Reverse does not take the knee lift or the arm scale. Measured motion Δx=+0.556 m, mean body vx=+0.034 m/s (not the command). Straight-forward net yaw drift=+6.04 deg; yaw during that window -2.3 to +13.1 deg. Heading at the end of the clip is +63.18 deg from the start. Turn-window Δyaw=+57.52 deg (mean yaw rate +0.080 rad/s, cap ±0.25). tip=False; CoP in box=True (outside 0.0000 m); peak leg torque=2.10 Nm (limit 2.1). Stance-slip damper is 25 N/(m/s) while walking forward, down from the CSF50 crawl's 115. After stop it is 100 N/(m/s) for 1.20 s (pose blend 0.70 s), then off. A reverse stop finishes at most one step first if that phase would pitch. Foot box, friction, kp, and ±2.1 Nm are unchanged. Nav: approach Δx=+0.556 m (mean body vx +0.034 m/s), turn Δyaw=+57.5 deg (mean yaw rate +0.080 rad/s, mean body vx +0.032 m/s), resume along heading +0.285 m (mean body vx +0.043 m/s).
fault=False reason=-
t mode applied_vx applied_yaw_rate x y yaw_deg up_z margin body_vx
0.000 stand +0.0000 +0.0000 +0.0002 -0.0000 +0.00 1.000 +0.0641 +0.0146
0.020 stand +0.0000 +0.0000 +0.0006 +0.0000 +0.00 1.000 +0.0638 +0.0154
0.040 stand +0.0000 +0.0000 +0.0010 +0.0000 +0.00 1.000 +0.0635 +0.0147
0.060 stand +0.0000 +0.0000 +0.0013 +0.0000 +0.00 1.000 +0.0632 +0.0140
0.080 stand +0.0000 +0.0000 +0.0016 +0.0001 +0.00 1.000 +0.0629 +0.0124
0.100 stand +0.0000 +0.0000 +0.0019 +0.0001 +0.00 1.000 +0.0627 +0.0104
0.120 stand +0.0000 +0.0000 +0.0021 +0.0001 +0.00 1.000 +0.0625 +0.0080
0.140 stand +0.0000 +0.0000 +0.0023 +0.0002 -0.00 1.000 +0.0624 +0.0055
0.160 stand +0.0000 +0.0000 +0.0023 +0.0002 -0.00 1.000 +0.0623 +0.0030
0.180 stand +0.0000 +0.0000 +0.0024 +0.0003 -0.00 1.000 +0.0623 +0.0007
0.200 stand +0.0000 +0.0000 +0.0024 +0.0003 -0.00 1.000 +0.0623 -0.0011
0.220 stand +0.0000 +0.0000 +0.0023 +0.0004 -0.00 1.000 +0.0624 -0.0024
0.240 stand +0.0000 +0.0000 +0.0022 +0.0005 -0.00 1.000 +0.0624 -0.0032
0.260 stand +0.0000 +0.0000 +0.0022 +0.0005 -0.00 1.000 +0.0625 -0.0036
0.280 stand +0.0000 +0.0000 +0.0021 +0.0006 -0.00 1.000 +0.0626 -0.0035
0.300 stand +0.0000 +0.0000 +0.0020 +0.0007 -0.00 1.000 +0.0627 -0.0032
0.320 stand +0.0000 +0.0000 +0.0019 +0.0008 -0.00 1.000 +0.0627 -0.0026
0.340 stand +0.0000 +0.0000 +0.0019 +0.0009 -0.00 1.000 +0.0628 -0.0019
0.360 stand +0.0000 +0.0000 +0.0018 +0.0010 -0.00 1.000 +0.0628 -0.0012
0.380 stand +0.0000 +0.0000 +0.0018 +0.0012 -0.00 1.000 +0.0628 -0.0005
0.400 stand +0.0000 +0.0000 +0.0018 +0.0014 -0.00 1.000 +0.0628 +0.0001
0.420 stand +0.0000 +0.0000 +0.0018 +0.0015 -0.01 1.000 +0.0628 +0.0006
0.440 stand +0.0000 +0.0000 +0.0018 +0.0017 -0.01 1.000 +0.0628 +0.0009
0.460 stand +0.0000 +0.0000 +0.0019 +0.0020 -0.01 1.000 +0.0627 +0.0010
0.480 stand +0.0000 +0.0000 +0.0019 +0.0023 -0.01 1.000 +0.0627 +0.0011
0.500 stand +0.0000 +0.0000 +0.0019 +0.0026 -0.01 1.000 +0.0627 +0.0010
0.520 stand +0.0000 +0.0000 +0.0019 +0.0029 -0.01 1.000 +0.0627 +0.0009
0.540 stand +0.0000 +0.0000 +0.0020 +0.0033 -0.01 1.000 +0.0627 +0.0007
0.560 stand +0.0000 +0.0000 +0.0020 +0.0037 -0.01 1.000 +0.0627 +0.0004
0.580 stand +0.0000 +0.0000 +0.0020 +0.0042 -0.02 1.000 +0.0627 +0.0002
0.600 stand +0.0000 +0.0000 +0.0020 +0.0048 -0.02 1.000 +0.0627 +0.0000
0.620 stand +0.0000 +0.0000 +0.0020 +0.0054 -0.02 1.000 +0.0627 -0.0001
0.640 stand +0.0000 +0.0000 +0.0020 +0.0061 -0.02 1.000 +0.0627 -0.0002
0.660 stand +0.0000 +0.0000 +0.0020 +0.0069 -0.03 1.000 +0.0627 -0.0003
0.680 stand +0.0000 +0.0000 +0.0020 +0.0078 -0.03 0.999 +0.0627 -0.0003
0.700 stand +0.0000 +0.0000 +0.0020 +0.0088 -0.03 0.999 +0.0627 -0.0003
0.720 stand +0.0000 +0.0000 +0.0019 +0.0100 -0.04 0.999 +0.0627 -0.0003
0.740 stand +0.0000 +0.0000 +0.0019 +0.0112 -0.04 0.999 +0.0627 -0.0013
0.760 stand +0.0000 +0.0000 +0.0019 +0.0124 -0.05 0.999 +0.0627 -0.0015
0.780 stand +0.0000 +0.0000 +0.0019 +0.0135 -0.05 0.998 +0.0628 -0.0018
0.800 stand +0.0000 +0.0000 +0.0018 +0.0143 -0.06 0.998 +0.0628 -0.0020
0.820 stand +0.0000 +0.0000 +0.0018 +0.0150 -0.06 0.998 +0.0628 -0.0020
0.840 stand +0.0000 +0.0000 +0.0017 +0.0153 -0.06 0.998 +0.0629 -0.0018
0.860 stand +0.0000 +0.0000 +0.0017 +0.0155 -0.06 0.998 +0.0629 -0.0015
0.880 stand +0.0000 +0.0000 +0.0017 +0.0154 -0.06 0.998 +0.0629 -0.0011
0.900 stand +0.0000 +0.0000 +0.0016 +0.0152 -0.06 0.998 +0.0629 -0.0006
0.920 stand +0.0000 +0.0000 +0.0016 +0.0148 -0.06 0.998 +0.0630 -0.0002
0.940 stand +0.0000 +0.0000 +0.0016 +0.0144 -0.05 0.998 +0.0629 +0.0003
0.960 stand +0.0000 +0.0000 +0.0016 +0.0139 -0.05 0.998 +0.0629 +0.0007
0.980 stand +0.0000 +0.0000 +0.0017 +0.0134 -0.05 0.998 +0.0629 +0.0011
1.000 move +0.0016 +0.0000 +0.0017 +0.0130 -0.04 0.998 +0.0629 +0.0013
1.020 move +0.0032 +0.0000 +0.0017 +0.0126 +0.00 0.998 +0.0629 +0.0005
1.040 move +0.0048 +0.0000 +0.0018 +0.0123 +0.09 0.999 +0.0628 +0.0034
1.060 move +0.0064 +0.0000 +0.0019 +0.0120 +0.17 0.999 +0.0628 +0.0075
1.080 move +0.0080 +0.0000 +0.0020 +0.0116 +0.25 0.999 +0.0628 +0.0125
1.100 move +0.0096 +0.0000 +0.0023 +0.0111 +0.31 0.999 +0.0626 +0.0185
1.120 move +0.0112 +0.0000 +0.0028 +0.0106 +0.35 0.999 +0.0624 +0.0260
1.140 move +0.0128 +0.0000 +0.0034 +0.0100 +0.38 0.999 +0.0620 +0.0357
1.160 move +0.0144 +0.0000 +0.0044 +0.0094 +0.37 0.999 +0.0615 +0.0686
1.180 move +0.0160 +0.0000 +0.0056 +0.0087 +0.45 0.999 +0.0609 +0.0816
1.200 move +0.0176 +0.0000 +0.0074 +0.0079 +0.54 0.999 +0.0599 +0.1095
1.220 move +0.0192 +0.0000 +0.0097 +0.0069 +0.75 0.999 +0.0056 +0.1110
1.240 move +0.0208 +0.0000 +0.0117 +0.0058 +0.73 1.000 +0.0047 +0.0749
1.260 move +0.0224 +0.0000 +0.0138 +0.0048 +0.52 1.000 +0.0039 +0.0783
1.280 move +0.0240 +0.0000 +0.0162 +0.0038 +0.38 1.000 +0.0032 +0.0915
1.300 move +0.0256 +0.0000 +0.0191 +0.0029 +0.34 0.999 +0.0024 +0.1157
1.320 move +0.0272 +0.0000 +0.0224 +0.0019 +0.21 0.998 +0.0016 +0.1304
1.340 move +0.0288 +0.0000 +0.0257 +0.0014 -0.16 0.997 +0.0010 +0.1687
1.360 move +0.0304 +0.0000 +0.0284 +0.0010 -0.35 0.996 +0.0478 +0.0855
1.380 move +0.0320 +0.0000 +0.0299 +0.0009 -0.68 0.995 +0.0479 +0.0390
1.400 move +0.0336 +0.0000 +0.0305 +0.0012 -1.00 0.995 -0.0011 +0.0168
1.420 move +0.0352 +0.0000 +0.0306 +0.0016 -1.26 0.996 -0.0012 +0.0007
1.440 move +0.0368 +0.0000 +0.0301 +0.0019 -1.57 0.997 -0.0012 -0.0079
1.460 move +0.0384 +0.0000 +0.0287 +0.0021 -2.06 0.998 -0.0012 -0.0536
1.480 move +0.0400 +0.0000 +0.0277 +0.0022 -2.28 0.999 -0.0013 +0.0009
1.500 move +0.0416 +0.0000 +0.0274 +0.0024 -2.30 1.000 -0.0014 +0.0275
1.520 move +0.0432 +0.0000 +0.0278 +0.0026 -2.23 1.000 -0.0015 +0.0440
1.540 move +0.0448 +0.0000 +0.0289 +0.0027 -2.17 1.000 -0.0017 +0.0708
1.560 move +0.0464 +0.0000 +0.0311 +0.0028 -2.18 1.000 -0.0017 +0.1094
1.580 move +0.0480 +0.0000 +0.0342 +0.0027 -2.21 0.999 -0.0018 +0.1355
1.600 move +0.0496 +0.0000 +0.0376 +0.0030 -1.59 0.999 -0.0022 +0.1533
1.620 move +0.0512 +0.0000 +0.0400 +0.0027 -0.78 0.997 -0.0020 +0.0295
1.640 move +0.0528 +0.0000 +0.0415 +0.0022 +0.03 0.994 -0.0021 -0.0007
1.660 move +0.0544 +0.0000 +0.0427 +0.0014 +0.29 0.992 -0.0026 +0.0243
1.680 move +0.0560 +0.0000 +0.0436 +0.0005 +0.67 0.991 -0.0029 +0.0349
1.700 move +0.0560 +0.0000 +0.0440 -0.0004 +1.18 0.991 -0.0032 +0.0348
1.720 move +0.0560 +0.0000 +0.0441 -0.0011 +1.92 0.993 -0.0035 +0.0347
1.740 move +0.0560 +0.0000 +0.0434 -0.0017 +2.64 0.995 -0.0039 +0.0014
1.760 move +0.0560 +0.0000 +0.0434 -0.0022 +2.87 0.997 -0.0044 +0.0658
1.780 move +0.0560 +0.0000 +0.0443 -0.0027 +2.81 0.999 -0.0048 +0.0903
1.800 move +0.0560 +0.0000 +0.0460 -0.0031 +2.66 0.999 -0.0052 +0.1085
1.820 move +0.0560 +0.0000 +0.0486 -0.0036 +2.53 0.999 -0.0056 +0.1352
1.840 move +0.0560 +0.0000 +0.0521 -0.0040 +2.44 0.998 -0.0059 +0.1677
1.860 move +0.0560 +0.0000 +0.0555 -0.0048 +2.27 0.997 -0.0065 +0.1081
1.880 move +0.0560 +0.0000 +0.0585 -0.0054 +2.26 0.994 +0.0355 +0.1127
1.900 move +0.0392 +0.0000 +0.0609 -0.0052 +2.21 0.990 +0.0357 +0.0263
1.920 move +0.0392 +0.0000 +0.0623 -0.0041 +1.96 0.986 +0.0355 -0.0010
1.940 move +0.0408 +0.0000 +0.0632 -0.0023 +1.66 0.983 +0.0065 +0.0058
1.960 move +0.0424 +0.0000 +0.0638 -0.0005 +1.56 0.983 +0.0053 +0.0285
1.980 move +0.0440 +0.0000 +0.0641 +0.0012 +1.55 0.985 +0.0041 +0.0303
2.000 move +0.0456 +0.0000 +0.0639 +0.0027 +1.41 0.987 +0.0027 +0.0287
2.020 move +0.0472 +0.0000 +0.0630 +0.0042 +1.18 0.990 +0.0013 -0.0183
2.040 move +0.0488 +0.0000 +0.0616 +0.0058 +0.74 0.993 +0.0000 -0.0078
2.060 move +0.0504 +0.0000 +0.0609 +0.0073 +0.66 0.996 -0.0013 +0.0199
2.080 move +0.0520 +0.0000 +0.0610 +0.0089 +0.78 0.997 -0.0024 +0.0389
2.100 move +0.0536 +0.0000 +0.0620 +0.0105 +0.88 0.997 -0.0036 +0.0696
2.120 move +0.0552 +0.0000 +0.0642 +0.0120 +1.09 0.997 -0.0048 +0.0957
2.140 move +0.0560 +0.0000 +0.0661 +0.0137 +1.30 0.995 -0.0061 +0.0547
2.160 move +0.0560 +0.0000 +0.0681 +0.0152 +1.35 0.993 -0.0075 +0.0792
2.180 move +0.0392 +0.0000 +0.0699 +0.0162 +1.55 0.990 +0.0349 +0.0036
2.200 move +0.0392 +0.0000 +0.0706 +0.0159 +2.05 0.986 +0.0069 -0.0307
2.220 move +0.0408 +0.0000 +0.0710 +0.0152 +2.39 0.984 +0.0066 -0.0012
2.240 move +0.0424 +0.0000 +0.0712 +0.0144 +2.42 0.985 +0.0061 +0.0054
2.260 move +0.0440 +0.0000 +0.0709 +0.0133 +2.40 0.987 +0.0053 +0.0074
2.280 move +0.0456 +0.0000 +0.0698 +0.0123 +2.51 0.989 +0.0043 -0.0376
2.300 move +0.0472 +0.0000 +0.0681 +0.0110 +2.84 0.992 +0.0032 -0.0399
2.320 move +0.0488 +0.0000 +0.0665 +0.0094 +3.11 0.995 +0.0020 -0.0208
2.340 move +0.0504 +0.0000 +0.0658 +0.0078 +2.95 0.998 +0.0007 +0.0095
2.360 move +0.0520 +0.0000 +0.0658 +0.0063 +2.67 0.999 -0.0003 +0.0404
2.380 move +0.0536 +0.0000 +0.0667 +0.0050 +2.56 0.999 -0.0014 +0.0523
2.400 move +0.0552 +0.0000 +0.0688 +0.0038 +2.54 0.999 -0.0024 +0.1059
2.420 move +0.0560 +0.0000 +0.0711 +0.0023 +2.40 0.998 -0.0036 +0.0676
2.440 move +0.0392 +0.0000 +0.0730 +0.0010 +2.09 0.996 +0.0389 +0.0329
2.460 move +0.0392 +0.0000 +0.0737 +0.0009 +1.93 0.993 +0.0398 -0.0550
2.480 move +0.0408 +0.0000 +0.0737 +0.0016 +1.50 0.990 +0.0055 -0.0466
2.500 move +0.0424 +0.0000 +0.0736 +0.0024 +1.41 0.989 +0.0052 -0.0136
2.520 move +0.0440 +0.0000 +0.0732 +0.0032 +1.41 0.990 +0.0047 -0.0088
2.540 move +0.0456 +0.0000 +0.0723 +0.0040 +1.34 0.992 +0.0041 -0.0113
2.560 move +0.0472 +0.0000 +0.0705 +0.0047 +1.15 0.994 +0.0034 -0.0642
2.580 move +0.0488 +0.0000 +0.0686 +0.0056 +0.94 0.996 +0.0026 -0.0236
2.600 move +0.0504 +0.0000 +0.0677 +0.0068 +1.00 0.999 +0.0015 +0.0140
2.620 move +0.0520 +0.0000 +0.0677 +0.0080 +1.23 1.000 +0.0006 +0.0444
2.640 move +0.0536 +0.0000 +0.0685 +0.0092 +1.40 1.000 -0.0002 +0.0669
2.660 move +0.0552 +0.0000 +0.0707 +0.0103 +1.49 1.000 -0.0010 +0.1197
2.680 move +0.0560 +0.0000 +0.0739 +0.0112 +1.68 0.999 -0.0017 +0.1304
2.700 move +0.0560 +0.0000 +0.0767 +0.0124 +1.87 0.998 -0.0025 +0.1071
2.720 move +0.0560 +0.0000 +0.0795 +0.0134 +1.85 0.997 +0.0431 +0.0648
2.740 move +0.0560 +0.0000 +0.0811 +0.0132 +2.23 0.993 +0.0018 -0.0277
2.760 move +0.0560 +0.0000 +0.0824 +0.0124 +2.58 0.989 +0.0014 +0.0215
2.780 move +0.0560 +0.0000 +0.0837 +0.0115 +2.79 0.988 +0.0009 +0.0551
2.800 move +0.0560 +0.0000 +0.0846 +0.0106 +3.13 0.989 +0.0005 +0.0540
2.820 move +0.0560 +0.0000 +0.0850 +0.0099 +3.66 0.991 +0.0001 +0.0509
2.840 move +0.0560 +0.0000 +0.0846 +0.0094 +4.27 0.993 -0.0003 -0.0047
2.860 move +0.0560 +0.0000 +0.0844 +0.0088 +4.61 0.995 -0.0007 +0.0535
2.880 move +0.0560 +0.0000 +0.0850 +0.0082 +4.61 0.998 -0.0013 +0.0724
2.900 move +0.0560 +0.0000 +0.0863 +0.0076 +4.50 0.999 -0.0018 +0.0919
2.920 move +0.0560 +0.0000 +0.0884 +0.0072 +4.40 0.999 -0.0022 +0.1117
2.940 move +0.0560 +0.0000 +0.0913 +0.0069 +4.32 0.998 -0.0025 +0.1342
2.960 move +0.0560 +0.0000 +0.0940 +0.0064 +4.09 0.997 -0.0030 +0.0867
2.980 move +0.0392 +0.0000 +0.0966 +0.0060 +3.87 0.995 -0.0037 +0.0928
3.000 move +0.0408 +0.0000 +0.0985 +0.0056 +3.62 0.992 +0.0366 +0.0036
3.020 move +0.0424 +0.0000 +0.0993 +0.0062 +3.02 0.988 +0.0024 -0.0310
3.040 move +0.0440 +0.0000 +0.0998 +0.0070 +2.57 0.986 +0.0021 -0.0035
3.060 move +0.0456 +0.0000 +0.1000 +0.0079 +2.24 0.987 +0.0018 +0.0096
3.080 move +0.0472 +0.0000 +0.0997 +0.0087 +1.85 0.988 +0.0014 +0.0068
3.100 move +0.0488 +0.0000 +0.0991 +0.0093 +1.27 0.990 +0.0011 +0.0048
3.120 move +0.0504 +0.0000 +0.0976 +0.0097 +0.58 0.993 +0.0008 -0.0454
3.140 move +0.0520 +0.0000 +0.0962 +0.0102 +0.07 0.995 +0.0004 +0.0055
3.160 move +0.0536 +0.0000 +0.0958 +0.0108 +0.10 0.998 -0.0000 +0.0348
3.180 move +0.0552 +0.0000 +0.0963 +0.0113 +0.17 0.999 -0.0004 +0.0507
3.200 move +0.0560 +0.0000 +0.0977 +0.0119 +0.20 0.999 -0.0009 +0.0851
3.220 move +0.0560 +0.0000 +0.1003 +0.0124 +0.28 0.999 -0.0013 +0.1188
3.240 move +0.0560 +0.0000 +0.1032 +0.0130 +0.84 0.998 -0.0020 +0.1350
3.260 move +0.0392 +0.0000 +0.1058 +0.0133 +1.33 0.996 +0.0390 +0.0303
3.280 move +0.0408 +0.0000 +0.1067 +0.0132 +2.34 0.992 -0.0012 -0.0432
3.300 move +0.0424 +0.0000 +0.1073 +0.0129 +3.09 0.990 -0.0010 -0.0142
3.320 move +0.0440 +0.0000 +0.1077 +0.0124 +3.73 0.989 -0.0009 +0.0012
3.340 move +0.0456 +0.0000 +0.1076 +0.0119 +4.39 0.989 -0.0009 +0.0025
3.360 move +0.0472 +0.0000 +0.1071 +0.0113 +5.23 0.991 -0.0009 +0.0065
3.380 move +0.0488 +0.0000 +0.1057 +0.0109 +6.14 0.993 -0.0009 -0.0461
3.400 move +0.0504 +0.0000 +0.1042 +0.0105 +7.09 0.996 -0.0008 -0.0072
3.420 move +0.0520 +0.0000 +0.1036 +0.0101 +7.27 0.998 -0.0011 +0.0289
3.440 move +0.0536 +0.0000 +0.1039 +0.0098 +7.05 0.999 -0.0012 +0.0540
3.460 move +0.0552 +0.0000 +0.1049 +0.0098 +6.77 1.000 -0.0012 +0.0825
3.480 move +0.0560 +0.0000 +0.1069 +0.0098 +6.70 1.000 -0.0013 +0.1044
3.500 move +0.0560 +0.0000 +0.1102 +0.0101 +6.64 0.999 -0.0014 +0.1483
3.520 move +0.0560 +0.0000 +0.1134 +0.0101 +6.39 0.998 -0.0016 +0.1069
3.540 move +0.0560 +0.0000 +0.1166 +0.0101 +6.30 0.996 +0.0391 +0.1013
3.560 move +0.0560 +0.0000 +0.1188 +0.0108 +6.17 0.992 +0.0004 -0.0055
3.580 move +0.0560 +0.0000 +0.1202 +0.0120 +5.65 0.987 -0.0002 +0.0191
3.600 move +0.0560 +0.0000 +0.1216 +0.0134 +5.30 0.985 -0.0009 +0.0612
3.620 move +0.0560 +0.0000 +0.1228 +0.0149 +4.86 0.986 -0.0016 +0.0672
3.640 move +0.0560 +0.0000 +0.1235 +0.0161 +4.25 0.988 -0.0024 +0.0693
3.660 move +0.0560 +0.0000 +0.1235 +0.0171 +3.44 0.989 -0.0031 +0.0192
3.680 move +0.0560 +0.0000 +0.1229 +0.0180 +2.36 0.992 -0.0036 +0.0304
3.700 move +0.0560 +0.0000 +0.1231 +0.0189 +1.85 0.995 -0.0044 +0.0646
3.720 move +0.0560 +0.0000 +0.1239 +0.0198 +1.88 0.997 -0.0050 +0.0805
3.740 move +0.0560 +0.0000 +0.1252 +0.0207 +2.04 0.997 -0.0056 +0.0836
3.760 move +0.0560 +0.0000 +0.1273 +0.0216 +2.00 0.996 -0.0063 +0.0983
3.780 move +0.0560 +0.0000 +0.1298 +0.0227 +2.11 0.995 -0.0070 +0.0852
3.800 move +0.0560 +0.0000 +0.1320 +0.0239 +2.27 0.992 +0.0305 +0.0532
3.820 move +0.0392 +0.0000 +0.1337 +0.0241 +2.31 0.988 +0.0301 +0.0024
3.840 move +0.0392 +0.0000 +0.1347 +0.0231 +2.98 0.983 +0.0304 -0.0147
3.860 move +0.0408 +0.0000 +0.1354 +0.0212 +3.71 0.980 +0.0105 -0.0131
3.880 move +0.0424 +0.0000 +0.1359 +0.0189 +4.14 0.979 +0.0087 +0.0069
3.900 move +0.0440 +0.0000 +0.1361 +0.0165 +4.32 0.981 +0.0070 +0.0099
3.920 move +0.0456 +0.0000 +0.1358 +0.0140 +4.39 0.985 +0.0049 +0.0096
3.940 move +0.0472 +0.0000 +0.1347 +0.0115 +4.57 0.988 +0.0027 -0.0347
3.960 move +0.0488 +0.0000 +0.1332 +0.0088 +4.93 0.991 +0.0006 -0.0328
3.980 move +0.0504 +0.0000 +0.1319 +0.0061 +5.13 0.995 -0.0016 -0.0086
4.000 move +0.0520 +0.0000 +0.1316 +0.0035 +4.97 0.997 -0.0036 +0.0234
4.020 move +0.0536 +0.0000 +0.1321 +0.0009 +4.82 0.997 -0.0057 +0.0389
4.040 move +0.0552 +0.0000 +0.1339 -0.0015 +4.75 0.997 -0.0077 +0.0858
4.060 move +0.0560 +0.0000 +0.1359 -0.0041 +4.52 0.995 -0.0099 +0.0492
4.080 move +0.0560 +0.0000 +0.1376 -0.0064 +4.46 0.993 +0.0331 +0.0438
4.100 move +0.0560 +0.0000 +0.1391 -0.0075 +4.89 0.989 +0.0334 -0.0054
4.120 move +0.0560 +0.0000 +0.1399 -0.0071 +4.80 0.983 +0.0150 -0.0438
4.140 move +0.0560 +0.0000 +0.1401 -0.0058 +3.79 0.978 +0.0143 -0.0194
4.160 move +0.0560 +0.0000 +0.1402 -0.0039 +3.46 0.978 +0.0130 +0.0064
4.180 move +0.0560 +0.0000 +0.1399 -0.0016 +3.35 0.980 +0.0113 +0.0103
4.200 move +0.0560 +0.0000 +0.1392 +0.0007 +3.21 0.984 +0.0091 +0.0108
4.220 move +0.0560 +0.0000 +0.1377 +0.0033 +3.06 0.988 +0.0067 -0.0351
4.240 move +0.0560 +0.0000 +0.1361 +0.0062 +2.92 0.993 +0.0041 +0.0071
4.260 move +0.0560 +0.0000 +0.1354 +0.0094 +2.99 0.997 +0.0014 +0.0305
4.280 move +0.0560 +0.0000 +0.1355 +0.0124 +3.10 0.999 -0.0010 +0.0405
4.300 move +0.0560 +0.0000 +0.1363 +0.0156 +3.12 0.999 -0.0036 +0.0636
4.320 move +0.0560 +0.0000 +0.1382 +0.0186 +3.22 0.998 -0.0059 +0.0998
4.340 move +0.0560 +0.0000 +0.1400 +0.0218 +3.42 0.996 -0.0084 +0.0574
4.360 move +0.0560 +0.0000 +0.1419 +0.0246 +3.47 0.994 +0.0364 +0.0577
4.380 move +0.0392 +0.0000 +0.1432 +0.0260 +3.54 0.990 +0.0370 -0.0189
4.400 move +0.0408 +0.0000 +0.1437 +0.0261 +3.98 0.986 +0.0128 -0.0512
4.420 move +0.0424 +0.0000 +0.1439 +0.0256 +4.32 0.984 +0.0126 -0.0142
4.440 move +0.0440 +0.0000 +0.1438 +0.0247 +4.31 0.984 +0.0121 -0.0043
4.460 move +0.0456 +0.0000 +0.1434 +0.0233 +4.25 0.986 +0.0109 +0.0002
4.480 move +0.0472 +0.0000 +0.1422 +0.0215 +4.29 0.988 +0.0094 -0.0445
4.500 move +0.0488 +0.0000 +0.1404 +0.0192 +4.54 0.992 +0.0075 -0.0487
4.520 move +0.0504 +0.0000 +0.1392 +0.0163 +4.66 0.996 +0.0052 -0.0062
4.540 move +0.0520 +0.0000 +0.1389 +0.0133 +4.46 0.998 +0.0027 +0.0227
4.560 move +0.0536 +0.0000 +0.1393 +0.0105 +4.22 1.000 +0.0004 +0.0540
4.580 move +0.0552 +0.0000 +0.1407 +0.0079 +4.21 1.000 -0.0018 +0.0698
4.600 move +0.0560 +0.0000 +0.1434 +0.0054 +4.20 0.999 -0.0040 +0.1199
4.620 move +0.0560 +0.0000 +0.1462 +0.0028 +3.98 0.998 -0.0063 +0.0936
4.640 move +0.0560 +0.0000 +0.1491 +0.0005 +3.80 0.996 +0.0404 +0.0673
4.660 move +0.0560 +0.0000 +0.1506 -0.0003 +3.25 0.992 +0.0078 -0.0455
4.680 move +0.0560 +0.0000 +0.1516 -0.0003 +2.94 0.988 +0.0081 -0.0052
4.700 move +0.0560 +0.0000 +0.1525 -0.0001 +2.94 0.985 +0.0082 +0.0323
4.720 move +0.0560 +0.0000 +0.1532 +0.0002 +2.98 0.985 +0.0082 +0.0407
4.740 move +0.0560 +0.0000 +0.1534 +0.0007 +2.95 0.987 +0.0078 +0.0436
4.760 move +0.0560 +0.0000 +0.1529 +0.0014 +2.86 0.989 +0.0070 -0.0083
4.780 move +0.0560 +0.0000 +0.1518 +0.0024 +2.69 0.992 +0.0060 +0.0213
4.800 move +0.0560 +0.0000 +0.1517 +0.0041 +2.69 0.996 +0.0045 +0.0536
4.820 move +0.0560 +0.0000 +0.1522 +0.0059 +2.86 0.998 +0.0030 +0.0708
4.840 move +0.0560 +0.0000 +0.1533 +0.0076 +2.97 0.999 +0.0018 +0.0736
4.860 move +0.0560 +0.0000 +0.1553 +0.0092 +2.94 0.999 +0.0005 +0.1056
4.880 move +0.0560 +0.0000 +0.1580 +0.0108 +3.10 0.998 -0.0006 +0.0946
4.900 move +0.0560 +0.0000 +0.1605 +0.0123 +3.43 0.996 -0.0019 +0.1031
4.920 move +0.0392 +0.0000 +0.1626 +0.0137 +3.54 0.994 +0.0368 +0.0165
4.940 move +0.0408 +0.0000 +0.1635 +0.0140 +4.04 0.989 +0.0021 -0.0354
4.960 move +0.0424 +0.0000 +0.1642 +0.0138 +4.50 0.987 +0.0023 +0.0023
4.980 move +0.0440 +0.0000 +0.1647 +0.0136 +4.78 0.987 +0.0024 +0.0196
5.000 move +0.0456 +0.0000 +0.1648 +0.0133 +4.96 0.987 +0.0025 +0.0163
5.020 move +0.0472 +0.0000 +0.1645 +0.0131 +5.16 0.990 +0.0024 +0.0136
5.040 move +0.0488 +0.0000 +0.1633 +0.0128 +5.40 0.992 +0.0021 -0.0374
5.060 move +0.0504 +0.0000 +0.1618 +0.0123 +5.69 0.994 +0.0017 -0.0073
5.080 move +0.0520 +0.0000 +0.1613 +0.0115 +5.64 0.997 +0.0011 +0.0273
5.100 move +0.0536 +0.0000 +0.1616 +0.0108 +5.43 0.999 +0.0006 +0.0481
5.120 move +0.0552 +0.0000 +0.1628 +0.0102 +5.29 0.999 +0.0001 +0.0768
5.140 move +0.0560 +0.0000 +0.1652 +0.0099 +5.11 0.999 -0.0003 +0.1246
5.160 move +0.0560 +0.0000 +0.1676 +0.0094 +4.80 0.998 -0.0007 +0.0765
5.180 move +0.0560 +0.0000 +0.1701 +0.0091 +4.61 0.996 -0.0014 +0.0997
5.200 move +0.0392 +0.0000 +0.1721 +0.0087 +4.64 0.994 +0.0387 +0.0128
5.220 move +0.0392 +0.0000 +0.1730 +0.0090 +4.27 0.990 -0.0002 -0.0275
5.240 move +0.0408 +0.0000 +0.1734 +0.0095 +3.95 0.989 -0.0002 -0.0031
5.260 move +0.0424 +0.0000 +0.1736 +0.0100 +3.73 0.989 -0.0003 +0.0046
5.280 move +0.0440 +0.0000 +0.1732 +0.0105 +3.45 0.990 -0.0005 -0.0037
5.300 move +0.0456 +0.0000 +0.1724 +0.0108 +2.99 0.992 -0.0006 -0.0069
5.320 move +0.0472 +0.0000 +0.1707 +0.0109 +2.40 0.994 -0.0008 -0.0580
5.340 move +0.0488 +0.0000 +0.1693 +0.0110 +1.92 0.997 -0.0009 +0.0044
5.360 move +0.0504 +0.0000 +0.1689 +0.0110 +1.88 0.999 -0.0009 +0.0231
5.380 move +0.0520 +0.0000 +0.1693 +0.0111 +1.90 0.999 -0.0009 +0.0464
5.400 move +0.0536 +0.0000 +0.1706 +0.0112 +1.95 0.999 -0.0009 +0.0818
5.420 move +0.0552 +0.0000 +0.1732 +0.0113 +2.02 0.999 -0.0009 +0.1273
5.440 move +0.0560 +0.0000 +0.1763 +0.0116 +2.58 0.998 -0.0012 +0.1449
5.460 move +0.0392 +0.0000 +0.1788 +0.0115 +3.19 0.997 +0.0407 +0.0265
5.480 move +0.0408 +0.0000 +0.1798 +0.0111 +4.37 0.994 -0.0027 -0.0372
5.500 move +0.0424 +0.0000 +0.1805 +0.0104 +5.29 0.991 -0.0030 -0.0092
5.520 move +0.0440 +0.0000 +0.1810 +0.0095 +6.15 0.990 -0.0031 +0.0046
5.540 move +0.0456 +0.0000 +0.1810 +0.0086 +7.07 0.990 -0.0033 +0.0032
5.560 move +0.0472 +0.0000 +0.1806 +0.0076 +8.14 0.992 -0.0035 +0.0047
5.580 move +0.0488 +0.0000 +0.1793 +0.0065 +9.29 0.994 -0.0038 -0.0503
5.600 move +0.0504 +0.0000 +0.1782 +0.0057 +10.10 0.997 -0.0043 +0.0074
5.620 move +0.0520 +0.0000 +0.1780 +0.0050 +10.25 0.999 -0.0048 +0.0383
5.640 move +0.0536 +0.0000 +0.1786 +0.0044 +10.05 0.999 -0.0053 +0.0650
5.660 move +0.0552 +0.0000 +0.1800 +0.0040 +9.78 0.999 -0.0057 +0.0936
5.680 move +0.0560 +0.0000 +0.1825 +0.0037 +9.73 0.999 -0.0062 +0.1215
5.700 move +0.0560 +0.0000 +0.1862 +0.0035 +9.69 0.998 -0.0068 +0.1639
5.720 move +0.0560 +0.0000 +0.1898 +0.0031 +9.48 0.997 -0.0075 +0.1194
5.740 move +0.0560 +0.0000 +0.1933 +0.0029 +9.43 0.994 +0.0377 +0.0880
5.760 move +0.0560 +0.0000 +0.1955 +0.0040 +9.38 0.989 +0.0082 -0.0020
5.780 move +0.0560 +0.0000 +0.1971 +0.0056 +8.91 0.983 +0.0074 +0.0295
5.800 move +0.0560 +0.0000 +0.1987 +0.0074 +8.85 0.980 +0.0064 +0.0772
5.820 move +0.0560 +0.0000 +0.2001 +0.0091 +8.83 0.981 +0.0054 +0.0859
5.840 move +0.0560 +0.0000 +0.2011 +0.0106 +8.71 0.983 +0.0044 +0.0903
5.860 move +0.0560 +0.0000 +0.2014 +0.0118 +8.51 0.985 +0.0032 +0.0433
5.880 move +0.0560 +0.0000 +0.2012 +0.0130 +8.15 0.988 +0.0022 +0.0450
5.900 move +0.0560 +0.0000 +0.2010 +0.0143 +7.87 0.992 +0.0011 +0.0612
5.920 move +0.0560 +0.0000 +0.2015 +0.0157 +7.94 0.994 +0.0001 +0.0748
5.940 move +0.0560 +0.0000 +0.2025 +0.0170 +8.12 0.996 -0.0008 +0.0806
5.960 move +0.0560 +0.0000 +0.2040 +0.0183 +8.08 0.995 -0.0016 +0.0799
5.980 move +0.0560 +0.0000 +0.2059 +0.0197 +8.18 0.994 -0.0025 +0.0612
6.000 move +0.0560 +0.0000 +0.2075 +0.0211 +8.32 0.991 -0.0034 +0.0314
6.020 move +0.0392 +0.0000 +0.2089 +0.0217 +8.50 0.987 +0.0283 -0.0047
6.040 move +0.0392 +0.0000 +0.2097 +0.0211 +9.08 0.982 +0.0287 -0.0346
6.060 move +0.0408 +0.0000 +0.2102 +0.0197 +9.47 0.979 +0.0294 -0.0304
6.080 move +0.0424 +0.0000 +0.2104 +0.0178 +9.55 0.979 +0.0054 -0.0171
6.100 move +0.0440 +0.0000 +0.2103 +0.0158 +9.68 0.981 +0.0039 -0.0071
6.120 move +0.0456 +0.0000 +0.2099 +0.0139 +9.73 0.984 +0.0024 -0.0002
6.140 move +0.0472 +0.0000 +0.2087 +0.0119 +9.91 0.987 +0.0008 -0.0432
6.160 move +0.0488 +0.0000 +0.2071 +0.0097 +10.28 0.991 -0.0007 -0.0416
6.180 move +0.0504 +0.0000 +0.2056 +0.0075 +10.53 0.994 -0.0023 -0.0219
6.200 move +0.0520 +0.0000 +0.2052 +0.0055 +10.37 0.997 -0.0038 +0.0142
6.220 move +0.0536 +0.0000 +0.2057 +0.0036 +10.19 0.998 -0.0053 +0.0316
6.240 move +0.0552 +0.0000 +0.2074 +0.0020 +10.11 0.997 -0.0068 +0.0790
6.260 move +0.0560 +0.0000 +0.2094 +0.0002 +9.88 0.996 -0.0085 +0.0463
6.280 move +0.0560 +0.0000 +0.2114 -0.0015 +9.72 0.994 +0.0340 +0.0734
6.300 move +0.0392 +0.0000 +0.2129 -0.0023 +9.54 0.991 +0.0356 -0.0227
6.320 move +0.0408 +0.0000 +0.2130 -0.0020 +9.10 0.987 +0.0105 -0.0638
6.340 move +0.0424 +0.0000 +0.2127 -0.0014 +8.75 0.985 +0.0102 -0.0336
6.360 move +0.0440 +0.0000 +0.2122 -0.0005 +8.72 0.985 +0.0096 -0.0199
6.380 move +0.0456 +0.0000 +0.2112 +0.0005 +8.79 0.987 +0.0089 -0.0251
6.400 move +0.0472 +0.0000 +0.2096 +0.0015 +8.74 0.990 +0.0077 -0.0311
6.420 move +0.0488 +0.0000 +0.2072 +0.0026 +8.58 0.992 +0.0064 -0.0819
6.440 move +0.0504 +0.0000 +0.2050 +0.0039 +8.44 0.996 +0.0050 -0.0222
6.460 move +0.0520 +0.0000 +0.2037 +0.0057 +8.53 0.998 +0.0034 +0.0013
6.480 move +0.0536 +0.0000 +0.2033 +0.0076 +8.59 0.999 +0.0017 +0.0288
6.500 move +0.0552 +0.0000 +0.2040 +0.0095 +8.63 1.000 +0.0002 +0.0686
6.520 move +0.0560 +0.0000 +0.2060 +0.0116 +8.66 1.000 -0.0013 +0.1212
6.540 move +0.0560 +0.0000 +0.2088 +0.0138 +9.21 0.999 -0.0029 +0.1476
6.560 move +0.0560 +0.0000 +0.2113 +0.0155 +9.95 0.998 +0.0443 +0.0499
6.580 move +0.0560 +0.0000 +0.2124 +0.0163 +10.98 0.995 +0.0015 -0.0386
6.600 move +0.0560 +0.0000 +0.2131 +0.0166 +11.84 0.991 +0.0021 -0.0190
6.620 move +0.0560 +0.0000 +0.2138 +0.0167 +12.40 0.989 +0.0028 +0.0207
6.640 move +0.0560 +0.0000 +0.2143 +0.0168 +12.68 0.989 +0.0031 +0.0349
6.660 move +0.0560 +0.0000 +0.2143 +0.0167 +12.91 0.990 +0.0032 +0.0385
6.680 move +0.0560 +0.0000 +0.2135 +0.0161 +13.05 0.992 +0.0027 -0.0223
6.700 move +0.0560 +0.0000 +0.2132 +0.0152 +13.07 0.995 +0.0019 +0.0428
6.720 move +0.0560 +0.0000 +0.2137 +0.0139 +12.97 0.998 +0.0007 +0.0667
6.740 move +0.0560 +0.0000 +0.2149 +0.0128 +12.77 0.999 -0.0004 +0.0840
6.760 move +0.0560 +0.0000 +0.2167 +0.0120 +12.61 1.000 -0.0013 +0.0968
6.780 move +0.0560 +0.0000 +0.2193 +0.0113 +12.68 1.000 -0.0023 +0.1191
6.800 move +0.0560 +0.0000 +0.2230 +0.0109 +12.70 0.999 -0.0032 +0.1447
6.820 move +0.0560 +0.0000 +0.2267 +0.0102 +12.37 0.998 -0.0046 +0.1467
6.840 move +0.0392 +0.0000 +0.2298 +0.0097 +12.08 0.995 +0.0389 +0.0349
6.860 move +0.0408 +0.0000 +0.2313 +0.0099 +11.29 0.991 +0.0041 -0.0152
6.880 move +0.0424 +0.0000 +0.2326 +0.0105 +10.78 0.987 +0.0043 +0.0227
6.900 move +0.0440 +0.0000 +0.2337 +0.0110 +10.37 0.986 +0.0044 +0.0448
6.920 move +0.0456 +0.0000 +0.2345 +0.0115 +9.95 0.986 +0.0045 +0.0471
6.940 move +0.0472 +0.0000 +0.2349 +0.0117 +9.39 0.987 +0.0046 +0.0518
6.960 move +0.0488 +0.0000 +0.2345 +0.0117 +8.95 0.989 +0.0045 +0.0028
6.980 move +0.0504 +0.0000 +0.2336 +0.0118 +8.43 0.991 +0.0044 +0.0029
7.000 move +0.0520 +0.0000 +0.2331 +0.0123 +8.26 0.995 +0.0040 +0.0347
7.020 move +0.0536 +0.0000 +0.2333 +0.0129 +8.47 0.997 +0.0036 +0.0576
7.040 move +0.0552 +0.0000 +0.2341 +0.0135 +8.74 0.998 +0.0034 +0.0741
7.060 move +0.0560 +0.0000 +0.2359 +0.0141 +8.83 0.998 +0.0032 +0.0974
7.080 move +0.0560 +0.0000 +0.2386 +0.0148 +8.97 0.997 +0.0030 +0.1004
7.100 move +0.0560 +0.0000 +0.2409 +0.0154 +9.19 0.995 +0.0029 +0.0745
7.120 move +0.0560 +0.0000 +0.2432 +0.0159 +9.16 0.992 +0.0347 +0.0486
7.140 move +0.0560 +0.0000 +0.2447 +0.0155 +8.96 0.987 -0.0032 -0.0218
7.160 move +0.0560 +0.0000 +0.2459 +0.0147 +9.28 0.983 -0.0039 +0.0026
7.180 move +0.0560 +0.0000 +0.2470 +0.0136 +9.54 0.982 -0.0046 +0.0428
7.200 move +0.0560 +0.0000 +0.2480 +0.0124 +9.89 0.984 -0.0054 +0.0493
7.220 move +0.0560 +0.0000 +0.2484 +0.0113 +10.40 0.987 -0.0063 +0.0449
7.240 move +0.0560 +0.0000 +0.2480 +0.0102 +11.15 0.989 -0.0071 -0.0076
7.260 move +0.0560 +0.0000 +0.2473 +0.0090 +12.09 0.992 -0.0079 +0.0208
7.280 move +0.0560 +0.0000 +0.2475 +0.0079 +12.39 0.995 -0.0088 +0.0528
7.300 move +0.0560 +0.0000 +0.2485 +0.0069 +12.30 0.996 -0.0098 +0.0706
7.320 move +0.0560 +0.0000 +0.2501 +0.0059 +12.25 0.996 -0.0108 +0.0784
7.340 move +0.0560 +0.0000 +0.2526 +0.0049 +12.18 0.994 -0.0119 +0.1025
7.360 move +0.0560 +0.0000 +0.2550 +0.0037 +12.00 0.992 -0.0132 +0.0609
7.380 move +0.0392 +0.0000 +0.2571 +0.0028 +12.02 0.989 +0.0306 +0.0255
7.400 move +0.0408 +0.0000 +0.2582 +0.0029 +11.71 0.985 +0.0307 -0.0265
7.420 move +0.0424 +0.0000 +0.2586 +0.0041 +10.75 0.979 +0.0182 -0.0260
7.440 move +0.0440 +0.0000 +0.2586 +0.0062 +8.91 0.977 +0.0170 -0.0072
7.460 move +0.0456 +0.0000 +0.2581 +0.0087 +7.85 0.978 +0.0154 -0.0023
7.480 move +0.0472 +0.0000 +0.2572 +0.0115 +7.42 0.981 +0.0133 -0.0076
7.500 move +0.0488 +0.0000 +0.2558 +0.0143 +7.17 0.985 +0.0107 -0.0128
7.520 move +0.0504 +0.0000 +0.2535 +0.0173 +6.97 0.989 +0.0079 -0.0605
7.540 move +0.0520 +0.0000 +0.2511 +0.0205 +6.77 0.994 +0.0050 -0.0181
7.560 move +0.0536 +0.0000 +0.2497 +0.0240 +6.86 0.998 +0.0020 +0.0072
7.580 move +0.0552 +0.0000 +0.2492 +0.0274 +6.96 0.999 -0.0009 +0.0298
7.600 move +0.0560 +0.0000 +0.2497 +0.0310 +7.07 0.999 -0.0037 +0.0697
7.620 move +0.0560 +0.0000 +0.2513 +0.0345 +7.19 0.998 -0.0064 +0.1111
7.640 move +0.0560 +0.0000 +0.2529 +0.0382 +7.42 0.997 -0.0091 +0.0628
7.660 move +0.0560 +0.0000 +0.2546 +0.0416 +7.51 0.995 +0.0393 +0.0611
7.680 move +0.0392 +0.0000 +0.2556 +0.0434 +7.62 0.992 +0.0403 -0.0281
7.700 move +0.0408 +0.0000 +0.2558 +0.0439 +8.18 0.988 +0.0136 -0.0513
7.720 move +0.0424 +0.0000 +0.2558 +0.0436 +8.38 0.986 +0.0136 -0.0226
7.740 move +0.0440 +0.0000 +0.2556 +0.0429 +8.33 0.986 +0.0132 -0.0145
7.760 move +0.0456 +0.0000 +0.2550 +0.0416 +8.25 0.988 +0.0122 -0.0106
7.780 move +0.0472 +0.0000 +0.2536 +0.0397 +8.25 0.990 +0.0105 -0.0583
7.800 move +0.0488 +0.0000 +0.2520 +0.0371 +8.41 0.994 +0.0085 -0.0345
7.820 move +0.0504 +0.0000 +0.2513 +0.0337 +8.42 0.997 +0.0058 +0.0040
7.840 move +0.0520 +0.0000 +0.2515 +0.0304 +8.22 0.999 +0.0030 +0.0324
7.860 move +0.0536 +0.0000 +0.2524 +0.0273 +8.01 1.000 +0.0004 +0.0590
7.880 move +0.0552 +0.0000 +0.2544 +0.0244 +8.04 1.000 -0.0022 +0.0874
7.900 move +0.0560 +0.0000 +0.2578 +0.0218 +8.05 0.999 -0.0047 +0.1434
7.920 move +0.0560 +0.0000 +0.2614 +0.0191 +7.76 0.998 -0.0074 +0.1329
7.940 move +0.0392 +0.0000 +0.2643 +0.0166 +7.39 0.997 +0.0419 +0.0328
7.960 move +0.0392 +0.0000 +0.2655 +0.0154 +6.58 0.993 +0.0094 -0.0404
7.980 move +0.0408 +0.0000 +0.2664 +0.0148 +6.22 0.990 +0.0103 -0.0006
8.000 move +0.0424 +0.0000 +0.2671 +0.0144 +6.22 0.988 +0.0110 +0.0188
8.020 move +0.0440 +0.0000 +0.2674 +0.0143 +6.33 0.988 +0.0114 +0.0172
8.040 move +0.0456 +0.0000 +0.2672 +0.0144 +6.37 0.989 +0.0112 +0.0142
8.060 move +0.0472 +0.0000 +0.2660 +0.0148 +6.33 0.990 +0.0105 -0.0367
8.080 move +0.0488 +0.0000 +0.2645 +0.0158 +6.13 0.993 +0.0095 -0.0021
8.100 move +0.0504 +0.0000 +0.2638 +0.0176 +6.13 0.997 +0.0079 +0.0319
8.120 move +0.0520 +0.0000 +0.2639 +0.0197 +6.31 0.998 +0.0062 +0.0594
8.140 move +0.0536 +0.0000 +0.2648 +0.0219 +6.49 0.999 +0.0046 +0.0772
8.160 move +0.0552 +0.0000 +0.2669 +0.0240 +6.55 0.999 +0.0031 +0.1226
8.180 move +0.0560 +0.0000 +0.2700 +0.0261 +6.67 0.999 +0.0017 +0.1316
8.200 move +0.0560 +0.0000 +0.2728 +0.0282 +6.98 0.998 +0.0001 +0.1288
8.220 move +0.0392 +0.0000 +0.2752 +0.0302 +7.16 0.996 +0.0390 +0.0303
8.240 move +0.0392 +0.0000 +0.2763 +0.0311 +7.70 0.992 -0.0001 -0.0187
8.260 move +0.0408 +0.0000 +0.2772 +0.0316 +8.06 0.990 +0.0005 +0.0113
8.280 move +0.0424 +0.0000 +0.2778 +0.0320 +8.28 0.989 +0.0010 +0.0239
8.300 move +0.0440 +0.0000 +0.2780 +0.0324 +8.52 0.989 +0.0016 +0.0212
8.320 move +0.0456 +0.0000 +0.2778 +0.0328 +8.83 0.991 +0.0020 +0.0181
8.340 move +0.0472 +0.0000 +0.2766 +0.0329 +9.12 0.992 +0.0022 -0.0333
8.360 move +0.0488 +0.0000 +0.2753 +0.0327 +9.45 0.995 +0.0022 -0.0046
8.380 move +0.0504 +0.0000 +0.2748 +0.0322 +9.40 0.997 +0.0018 +0.0280
8.400 move +0.0520 +0.0000 +0.2752 +0.0317 +9.17 0.999 +0.0015 +0.0507
8.420 move +0.0536 +0.0000 +0.2764 +0.0314 +9.00 0.999 +0.0012 +0.0755
8.440 move +0.0552 +0.0000 +0.2787 +0.0315 +8.81 0.999 +0.0010 +0.1339
8.460 move +0.0560 +0.0000 +0.2813 +0.0314 +8.52 0.998 +0.0008 +0.0845
8.480 move +0.0560 +0.0000 +0.2840 +0.0314 +8.27 0.997 +0.0001 +0.1176
8.500 move +0.0392 +0.0000 +0.2861 +0.0316 +8.16 0.994 +0.0395 +0.0056
8.520 move +0.0408 +0.0000 +0.2870 +0.0320 +7.49 0.990 -0.0032 -0.0279
8.540 move +0.0424 +0.0000 +0.2875 +0.0326 +7.07 0.988 -0.0032 +0.0028
8.560 move +0.0440 +0.0000 +0.2878 +0.0332 +6.81 0.989 -0.0034 +0.0116
8.580 move +0.0456 +0.0000 +0.2875 +0.0339 +6.48 0.990 -0.0037 +0.0031
8.600 move +0.0472 +0.0000 +0.2868 +0.0344 +5.94 0.992 -0.0040 +0.0017
8.620 move +0.0488 +0.0000 +0.2852 +0.0347 +5.28 0.994 -0.0044 -0.0499
8.640 move +0.0504 +0.0000 +0.2841 +0.0350 +4.83 0.997 -0.0048 +0.0161
8.660 move +0.0520 +0.0000 +0.2838 +0.0354 +4.82 0.999 -0.0051 +0.0364
8.680 move +0.0536 +0.0000 +0.2843 +0.0360 +4.96 0.999 -0.0053 +0.0558
8.700 move +0.0552 +0.0000 +0.2858 +0.0366 +5.07 0.999 -0.0057 +0.0871
8.720 move +0.0560 +0.0000 +0.2884 +0.0373 +5.24 0.998 -0.0060 +0.1360
8.740 move +0.0560 +0.0000 +0.2909 +0.0383 +5.52 0.997 -0.0065 +0.0865
8.760 move +0.0560 +0.0000 +0.2931 +0.0392 +5.59 0.996 -0.0071 +0.0768
8.780 move +0.0560 +0.0000 +0.2953 +0.0392 +5.35 0.993 +0.0385 +0.0355
8.800 move +0.0560 +0.0000 +0.2971 +0.0379 +5.11 0.988 +0.0078 -0.0005
8.820 move +0.0560 +0.0000 +0.2986 +0.0359 +5.45 0.984 +0.0061 +0.0261
8.840 move +0.0560 +0.0000 +0.3001 +0.0337 +5.49 0.983 +0.0044 +0.0662
8.860 move +0.0560 +0.0000 +0.3013 +0.0314 +5.49 0.985 +0.0025 +0.0726
8.880 move +0.0560 +0.0000 +0.3017 +0.0292 +5.66 0.987 +0.0005 +0.0245
8.900 move +0.0560 +0.0000 +0.3015 +0.0270 +5.97 0.990 -0.0014 +0.0273
8.920 move +0.0560 +0.0000 +0.3017 +0.0247 +6.15 0.994 -0.0034 +0.0592
8.940 move +0.0560 +0.0000 +0.3026 +0.0225 +6.06 0.996 -0.0052 +0.0744
8.960 move +0.0560 +0.0000 +0.3041 +0.0204 +5.88 0.997 -0.0070 +0.0914
8.980 move +0.0560 +0.0000 +0.3062 +0.0182 +5.90 0.996 -0.0089 +0.0869
9.000 move +0.0560 +0.0000 +0.3089 +0.0159 +5.98 0.994 -0.0109 +0.0921
9.020 move +0.0560 +0.0000 +0.3114 +0.0135 +5.94 0.991 +0.0306 +0.0487
9.040 move +0.0392 +0.0000 +0.3131 +0.0123 +5.95 0.986 +0.0301 -0.0088
9.060 move +0.0392 +0.0000 +0.3140 +0.0122 +5.44 0.980 +0.0202 -0.0370
9.080 move +0.0408 +0.0000 +0.3145 +0.0134 +4.41 0.976 +0.0193 -0.0053
9.100 move +0.0424 +0.0000 +0.3149 +0.0153 +2.59 0.975 +0.0185 +0.0148
9.120 move +0.0440 +0.0000 +0.3148 +0.0177 +1.55 0.977 +0.0170 +0.0137
9.140 move +0.0456 +0.0000 +0.3143 +0.0206 +0.90 0.981 +0.0147 +0.0121
9.160 move +0.0472 +0.0000 +0.3130 +0.0238 +0.46 0.985 +0.0120 -0.0343
9.180 move +0.0488 +0.0000 +0.3111 +0.0274 +0.01 0.990 +0.0089 -0.0397
9.200 move +0.0504 +0.0000 +0.3095 +0.0316 -0.19 0.995 +0.0055 -0.0120
9.220 move +0.0520 +0.0000 +0.3087 +0.0357 -0.01 0.998 +0.0021 +0.0162
9.240 move +0.0536 +0.0000 +0.3088 +0.0397 +0.20 0.999 -0.0012 +0.0348
9.260 move +0.0552 +0.0000 +0.3101 +0.0436 +0.23 0.999 -0.0044 +0.0781
9.280 move +0.0560 +0.0000 +0.3124 +0.0475 +0.30 0.997 -0.0075 +0.0909
9.300 move +0.0560 +0.0000 +0.3147 +0.0513 +0.52 0.996 -0.0109 +0.0956
9.320 move +0.0392 +0.0000 +0.3162 +0.0542 +0.77 0.993 +0.0380 -0.0175
9.340 move +0.0392 +0.0000 +0.3165 +0.0555 +1.39 0.989 +0.0136 -0.0673
9.360 move +0.0408 +0.0000 +0.3166 +0.0560 +1.68 0.986 +0.0143 -0.0283
9.380 move +0.0424 +0.0000 +0.3165 +0.0560 +1.65 0.984 +0.0145 -0.0130
9.400 move +0.0440 +0.0000 +0.3160 +0.0555 +1.51 0.985 +0.0142 -0.0143
9.420 move +0.0456 +0.0000 +0.3150 +0.0546 +1.47 0.987 +0.0133 -0.0177
9.440 move +0.0472 +0.0000 +0.3131 +0.0530 +1.52 0.990 +0.0118 -0.0673
9.460 move +0.0488 +0.0000 +0.3114 +0.0506 +1.65 0.994 +0.0098 -0.0160
9.480 move +0.0504 +0.0000 +0.3106 +0.0475 +1.62 0.997 +0.0072 +0.0153
9.500 move +0.0520 +0.0000 +0.3107 +0.0443 +1.49 0.999 +0.0045 +0.0388
9.520 move +0.0536 +0.0000 +0.3118 +0.0412 +1.36 1.000 +0.0020 +0.0754
9.540 move +0.0552 +0.0000 +0.3143 +0.0384 +1.22 1.000 -0.0004 +0.1353
9.560 move +0.0560 +0.0000 +0.3170 +0.0355 +0.98 0.999 -0.0027 +0.0988
9.580 move +0.0560 +0.0000 +0.3200 +0.0326 +0.77 0.998 +0.0416 +0.1247
9.600 move +0.0392 +0.0000 +0.3220 +0.0303 +0.53 0.996 +0.0038 -0.0111
9.620 move +0.0408 +0.0000 +0.3229 +0.0287 -0.06 0.992 +0.0054 -0.0173
9.640 move +0.0424 +0.0000 +0.3236 +0.0274 -0.07 0.989 +0.0069 +0.0115
9.660 move +0.0440 +0.0000 +0.3240 +0.0264 +0.08 0.989 +0.0079 +0.0157
9.680 move +0.0456 +0.0000 +0.3238 +0.0257 +0.20 0.989 +0.0086 +0.0018
9.700 move +0.0472 +0.0000 +0.3230 +0.0252 +0.15 0.991 +0.0088 -0.0066
9.720 move +0.0488 +0.0000 +0.3214 +0.0253 +0.10 0.993 +0.0085 -0.0439
9.740 move +0.0504 +0.0000 +0.3205 +0.0261 +0.07 0.996 +0.0077 +0.0243
9.760 move +0.0520 +0.0000 +0.3205 +0.0275 +0.14 0.998 +0.0066 +0.0432
9.780 move +0.0536 +0.0000 +0.3212 +0.0290 +0.18 0.999 +0.0053 +0.0645
9.800 move +0.0552 +0.0000 +0.3228 +0.0306 +0.20 0.999 +0.0039 +0.0992
9.820 move +0.0560 +0.0000 +0.3258 +0.0319 +0.22 0.999 +0.0028 +0.1464
9.840 move +0.0560 +0.0000 +0.3295 +0.0333 +0.77 0.999 +0.0015 +0.1748
9.860 move +0.0560 +0.0000 +0.3329 +0.0343 +1.46 0.998 +0.0434 +0.0734
9.880 move +0.0560 +0.0000 +0.3346 +0.0348 +2.46 0.994 -0.0032 -0.0139
9.900 move +0.0560 +0.0000 +0.3360 +0.0348 +3.31 0.991 -0.0027 +0.0085
9.920 move +0.0560 +0.0000 +0.3371 +0.0348 +4.33 0.989 -0.0020 +0.0363
9.940 move +0.0560 +0.0000 +0.3381 +0.0347 +5.42 0.988 -0.0013 +0.0510
9.960 move +0.0560 +0.0000 +0.3386 +0.0347 +6.67 0.990 -0.0007 +0.0635
9.980 move +0.0560 +0.0000 +0.3384 +0.0347 +7.96 0.992 -0.0002 +0.0107
10.000 move +0.0560 +0.0000 +0.3381 +0.0348 +8.90 0.994 +0.0000 +0.0581
10.020 move +0.0560 +0.0000 +0.3388 +0.0348 +9.07 0.997 -0.0001 +0.0829
10.040 move +0.0560 +0.0000 +0.3400 +0.0349 +8.88 0.998 -0.0001 +0.0965
10.060 move +0.0560 +0.0000 +0.3418 +0.0351 +8.64 0.999 +0.0000 +0.1099
10.080 move +0.0560 +0.0000 +0.3442 +0.0356 +8.64 0.999 +0.0001 +0.1153
10.100 move +0.0560 +0.0000 +0.3475 +0.0361 +8.62 0.998 +0.0002 +0.1313
10.120 move +0.0560 +0.0000 +0.3506 +0.0364 +8.36 0.996 +0.0001 +0.1199
10.140 move +0.0392 +0.0000 +0.3535 +0.0367 +8.19 0.993 +0.0346 +0.0594
10.160 move +0.0408 +0.0000 +0.3550 +0.0375 +7.76 0.988 -0.0016 -0.0160
10.180 move +0.0424 +0.0000 +0.3561 +0.0386 +7.10 0.985 -0.0020 +0.0139
10.200 move +0.0440 +0.0000 +0.3570 +0.0398 +6.40 0.984 -0.0024 +0.0352
10.220 move +0.0456 +0.0000 +0.3576 +0.0410 +5.65 0.985 -0.0029 +0.0360
10.240 move +0.0472 +0.0000 +0.3578 +0.0420 +4.75 0.987 -0.0035 +0.0409
10.260 move +0.0488 +0.0000 +0.3572 +0.0429 +3.64 0.989 -0.0040 -0.0037
10.280 move +0.0504 +0.0000 +0.3562 +0.0438 +2.14 0.991 -0.0044 -0.0025
10.300 move +0.0520 +0.0000 +0.3553 +0.0446 +0.99 0.994 -0.0049 +0.0246
10.320 move +0.0536 +0.0000 +0.3555 +0.0454 +0.84 0.996 -0.0055 +0.0522
10.340 move +0.0552 +0.0000 +0.3563 +0.0462 +1.06 0.997 -0.0060 +0.0702
10.360 move +0.0560 +0.0000 +0.3581 +0.0471 +1.13 0.996 -0.0066 +0.0915
10.380 move +0.0560 +0.0000 +0.3606 +0.0481 +1.25 0.995 -0.0073 +0.0901
10.400 move +0.0560 +0.0000 +0.3627 +0.0493 +1.38 0.993 -0.0082 +0.0498
10.420 move +0.0392 +0.0000 +0.3642 +0.0496 +1.32 0.989 +0.0310 -0.0042
10.440 move +0.0392 +0.0000 +0.3650 +0.0488 +1.65 0.984 +0.0312 -0.0306
10.460 move +0.0408 +0.0000 +0.3654 +0.0469 +2.19 0.981 +0.0108 -0.0242
10.480 move +0.0424 +0.0000 +0.3656 +0.0447 +2.55 0.980 +0.0090 -0.0067
10.500 move +0.0440 +0.0000 +0.3654 +0.0422 +2.69 0.982 +0.0073 -0.0004
10.520 move +0.0456 +0.0000 +0.3648 +0.0398 +2.74 0.986 +0.0052 -0.0014
10.540 move +0.0472 +0.0000 +0.3634 +0.0372 +2.91 0.989 +0.0030 -0.0474
10.560 move +0.0488 +0.0000 +0.3616 +0.0346 +3.29 0.992 +0.0009 -0.0470
10.580 move +0.0504 +0.0000 +0.3602 +0.0320 +3.40 0.996 -0.0012 -0.0087
10.600 move +0.0520 +0.0000 +0.3598 +0.0294 +3.20 0.998 -0.0032 +0.0248
10.620 move +0.0536 +0.0000 +0.3604 +0.0269 +3.05 0.998 -0.0052 +0.0438
10.640 move +0.0552 +0.0000 +0.3622 +0.0245 +2.92 0.997 -0.0072 +0.0978
10.660 move +0.0560 +0.0000 +0.3641 +0.0220 +2.67 0.996 -0.0093 +0.0509
10.680 move +0.0560 +0.0000 +0.3658 +0.0196 +2.67 0.994 +0.0350 +0.0487
10.700 move +0.0560 +0.0000 +0.3674 +0.0182 +3.15 0.990 +0.0353 -0.0020
10.720 move +0.0560 +0.0000 +0.3683 +0.0183 +3.41 0.984 +0.0156 -0.0372
10.740 move +0.0560 +0.0000 +0.3686 +0.0196 +2.35 0.979 +0.0149 -0.0107
10.760 move +0.0560 +0.0000 +0.3688 +0.0216 +1.73 0.979 +0.0136 +0.0132
10.780 move +0.0560 +0.0000 +0.3687 +0.0240 +1.50 0.981 +0.0118 +0.0123
10.800 move +0.0560 +0.0000 +0.3680 +0.0266 +1.31 0.985 +0.0095 +0.0090
10.820 move +0.0560 +0.0000 +0.3666 +0.0295 +1.15 0.989 +0.0068 -0.0385
10.840 move +0.0560 +0.0000 +0.3655 +0.0328 +1.10 0.994 +0.0039 +0.0226
10.860 move +0.0560 +0.0000 +0.3652 +0.0362 +1.18 0.997 +0.0011 +0.0404
10.880 move +0.0560 +0.0000 +0.3655 +0.0395 +1.25 0.999 -0.0016 +0.0508
10.900 move +0.0560 +0.0000 +0.3668 +0.0429 +1.28 0.999 -0.0043 +0.0793
10.920 move +0.0560 +0.0000 +0.3690 +0.0461 +1.33 0.998 -0.0069 +0.1070
10.940 move +0.0560 +0.0000 +0.3711 +0.0494 +1.56 0.996 -0.0096 +0.0656
10.960 move +0.0392 +0.0000 +0.3731 +0.0526 +1.67 0.994 +0.0364 +0.0469
10.980 move +0.0392 +0.0000 +0.3741 +0.0543 +1.88 0.990 +0.0371 -0.0335
11.000 move +0.0392 +0.0000 +0.3742 +0.0547 +2.38 0.986 +0.0152 -0.0573
11.020 move +0.0408 +0.0000 +0.3742 +0.0543 +2.88 0.984 +0.0153 -0.0240
11.040 move +0.0424 +0.0000 +0.3739 +0.0535 +2.91 0.984 +0.0148 -0.0145
11.060 move +0.0440 +0.0000 +0.3732 +0.0520 +2.87 0.986 +0.0137 -0.0115
11.080 move +0.0456 +0.0000 +0.3717 +0.0501 +2.90 0.988 +0.0120 -0.0565
11.100 move +0.0472 +0.0000 +0.3697 +0.0476 +3.11 0.992 +0.0099 -0.0468
11.120 move +0.0488 +0.0000 +0.3685 +0.0443 +3.17 0.996 +0.0071 -0.0083
11.140 move +0.0504 +0.0000 +0.3681 +0.0408 +2.99 0.999 +0.0043 +0.0209
11.160 move +0.0520 +0.0000 +0.3685 +0.0375 +2.74 1.000 +0.0016 +0.0551
11.180 move +0.0536 +0.0000 +0.3699 +0.0344 +2.70 1.000 -0.0010 +0.0754
11.200 move +0.0552 +0.0000 +0.3728 +0.0314 +2.71 0.999 -0.0036 +0.1330
11.220 move +0.0560 +0.0000 +0.3758 +0.0283 +2.51 0.998 -0.0063 +0.1130
11.240 move +0.0560 +0.0000 +0.3789 +0.0254 +2.27 0.997 +0.0415 +0.0675
11.260 move +0.0560 +0.0000 +0.3805 +0.0242 +1.53 0.993 +0.0075 -0.0445
11.280 move +0.0560 +0.0000 +0.3816 +0.0237 +1.26 0.988 +0.0081 +0.0084
11.300 move +0.0560 +0.0000 +0.3828 +0.0234 +1.30 0.986 +0.0087 +0.0422
11.320 move +0.0560 +0.0000 +0.3837 +0.0233 +1.39 0.985 +0.0090 +0.0505
11.340 move +0.0560 +0.0000 +0.3842 +0.0235 +1.39 0.987 +0.0088 +0.0531
11.360 move +0.0560 +0.0000 +0.3838 +0.0239 +1.34 0.989 +0.0082 +0.0007
11.380 move +0.0560 +0.0000 +0.3830 +0.0249 +1.18 0.992 +0.0072 +0.0299
11.400 move +0.0560 +0.0000 +0.3831 +0.0267 +1.17 0.995 +0.0057 +0.0614
11.420 move +0.0560 +0.0000 +0.3838 +0.0286 +1.32 0.998 +0.0041 +0.0781
11.440 move +0.0560 +0.0000 +0.3851 +0.0304 +1.44 0.999 +0.0027 +0.0802
11.460 move +0.0560 +0.0000 +0.3872 +0.0321 +1.40 0.999 +0.0013 +0.1095
11.480 move +0.0560 +0.0000 +0.3900 +0.0338 +1.53 0.998 +0.0001 +0.0982
11.500 move +0.0560 +0.0000 +0.3927 +0.0354 +1.87 0.996 -0.0014 +0.1130
11.520 move +0.0392 +0.0000 +0.3949 +0.0369 +1.98 0.993 +0.0363 +0.0136
11.540 move +0.0408 +0.0000 +0.3960 +0.0373 +2.51 0.989 +0.0015 -0.0280
11.560 move +0.0424 +0.0000 +0.3968 +0.0373 +2.95 0.986 +0.0019 +0.0082
11.580 move +0.0440 +0.0000 +0.3975 +0.0373 +3.26 0.986 +0.0022 +0.0258
11.600 move +0.0456 +0.0000 +0.3977 +0.0373 +3.59 0.987 +0.0025 +0.0244
11.620 move +0.0472 +0.0000 +0.3976 +0.0374 +4.00 0.989 +0.0027 +0.0238
11.640 move +0.0488 +0.0000 +0.3965 +0.0374 +4.33 0.990 +0.0026 -0.0264
11.660 move +0.0504 +0.0000 +0.3951 +0.0370 +4.73 0.993 +0.0025 -0.0096
11.680 move +0.0520 +0.0000 +0.3945 +0.0364 +4.74 0.996 +0.0020 +0.0262
11.700 move +0.0536 +0.0000 +0.3948 +0.0358 +4.49 0.998 +0.0016 +0.0528
11.720 move +0.0552 +0.0000 +0.3958 +0.0353 +4.32 0.999 +0.0012 +0.0674
11.740 move +0.0560 +0.0000 +0.3980 +0.0350 +4.17 0.998 +0.0009 +0.1183
11.760 move +0.0560 +0.0000 +0.4003 +0.0347 +3.83 0.997 +0.0006 +0.0713
11.780 move +0.0560 +0.0000 +0.4027 +0.0344 +3.58 0.996 -0.0000 +0.0984
11.800 move +0.0392 +0.0000 +0.4047 +0.0342 +3.54 0.993 +0.0372 +0.0050
11.820 move +0.0408 +0.0000 +0.4055 +0.0345 +3.08 0.989 -0.0023 -0.0291
11.840 move +0.0424 +0.0000 +0.4060 +0.0350 +2.77 0.987 -0.0023 -0.0024
11.860 move +0.0440 +0.0000 +0.4062 +0.0355 +2.60 0.988 -0.0025 +0.0062
11.880 move +0.0456 +0.0000 +0.4059 +0.0361 +2.36 0.989 -0.0028 -0.0003
11.900 move +0.0472 +0.0000 +0.4051 +0.0365 +1.92 0.992 -0.0030 -0.0019
11.920 move +0.0488 +0.0000 +0.4036 +0.0368 +1.33 0.994 -0.0033 -0.0519
11.940 move +0.0504 +0.0000 +0.4022 +0.0370 +0.77 0.996 -0.0035 +0.0049
11.960 move +0.0520 +0.0000 +0.4018 +0.0373 +0.69 0.998 -0.0037 +0.0249
11.980 move +0.0536 +0.0000 +0.4022 +0.0376 +0.74 0.999 -0.0039 +0.0536
12.000 move +0.0552 +0.0000 +0.4037 +0.0379 +0.89 0.999 -0.0040 +0.0900
12.020 move +0.0560 +0.0000 +0.4063 +0.0382 +1.09 0.999 -0.0041 +0.1285
12.040 move +0.0560 +0.0000 +0.4089 +0.0387 +1.36 0.998 -0.0043 +0.0833
12.060 move +0.0560 +0.0000 +0.4116 +0.0392 +1.58 0.996 -0.0051 +0.1177
12.080 move +0.0392 +0.0000 +0.4137 +0.0395 +1.81 0.994 +0.0409 +0.0054
12.100 move +0.0408 +0.0000 +0.4146 +0.0389 +2.47 0.990 +0.0017 -0.0173
12.120 move +0.0424 +0.0000 +0.4154 +0.0381 +2.73 0.989 +0.0014 +0.0147
12.140 move +0.0440 +0.0000 +0.4159 +0.0373 +2.86 0.989 +0.0009 +0.0216
12.160 move +0.0456 +0.0000 +0.4159 +0.0364 +3.10 0.991 +0.0003 +0.0266
12.180 move +0.0472 +0.0000 +0.4151 +0.0357 +3.42 0.992 -0.0003 -0.0214
12.200 move +0.0488 +0.0000 +0.4138 +0.0350 +4.07 0.995 -0.0007 -0.0082
12.220 move +0.0504 +0.0000 +0.4132 +0.0343 +4.27 0.997 -0.0012 +0.0252
12.240 move +0.0520 +0.0000 +0.4134 +0.0336 +4.11 0.999 -0.0017 +0.0482
12.260 move +0.0536 +0.0000 +0.4143 +0.0330 +3.85 0.999 -0.0021 +0.0769
12.280 move +0.0552 +0.0000 +0.4160 +0.0325 +3.82 0.999 -0.0025 +0.0851
12.300 move +0.0560 +0.0000 +0.4189 +0.0322 +3.81 0.999 -0.0029 +0.1363
12.320 move +0.0560 +0.0000 +0.4218 +0.0316 +3.58 0.997 -0.0035 +0.0908
12.340 move +0.0392 +0.0000 +0.4243 +0.0310 +3.24 0.996 +0.0384 +0.0570
12.360 move +0.0392 +0.0000 +0.4255 +0.0313 +3.00 0.992 +0.0389 -0.0308
12.380 move +0.0408 +0.0000 +0.4260 +0.0324 +2.52 0.989 +0.0038 -0.0179
12.400 move +0.0424 +0.0000 +0.4265 +0.0336 +2.30 0.988 +0.0032 +0.0097
12.420 move +0.0440 +0.0000 +0.4266 +0.0347 +2.15 0.989 +0.0026 +0.0160
12.440 move +0.0456 +0.0000 +0.4263 +0.0356 +1.90 0.990 +0.0019 +0.0179
12.460 move +0.0472 +0.0000 +0.4252 +0.0363 +1.54 0.992 +0.0012 -0.0316
12.480 move +0.0488 +0.0000 +0.4237 +0.0371 +1.09 0.995 +0.0006 -0.0147
12.500 move +0.0504 +0.0000 +0.4229 +0.0380 +1.03 0.997 -0.0002 +0.0224
12.520 move +0.0520 +0.0000 +0.4231 +0.0389 +1.25 0.999 -0.0008 +0.0501
12.540 move +0.0536 +0.0000 +0.4240 +0.0397 +1.48 0.999 -0.0013 +0.0686
12.560 move +0.0552 +0.0000 +0.4260 +0.0405 +1.55 0.999 -0.0019 +0.1099
12.580 move +0.0560 +0.0000 +0.4290 +0.0413 +1.68 0.998 -0.0024 +0.1168
12.600 move +0.0560 +0.0000 +0.4316 +0.0422 +1.91 0.997 -0.0030 +0.0866
12.620 move +0.0560 +0.0000 +0.4343 +0.0429 +1.94 0.994 +0.0374 +0.0665
12.640 move +0.0560 +0.0000 +0.4360 +0.0425 +2.14 0.990 +0.0025 -0.0184
12.660 move +0.0560 +0.0000 +0.4373 +0.0415 +2.65 0.985 +0.0019 +0.0148
12.680 move +0.0560 +0.0000 +0.4386 +0.0403 +2.82 0.984 +0.0012 +0.0565
12.700 move +0.0560 +0.0000 +0.4396 +0.0392 +3.02 0.985 +0.0004 +0.0594
12.720 move +0.0560 +0.0000 +0.4402 +0.0383 +3.39 0.987 -0.0003 +0.0583
12.740 move +0.0560 +0.0000 +0.4400 +0.0374 +3.91 0.989 -0.0011 +0.0070
12.760 move +0.0560 +0.0000 +0.4394 +0.0366 +4.48 0.992 -0.0017 +0.0332
12.780 move +0.0560 +0.0000 +0.4396 +0.0357 +4.61 0.995 -0.0024 +0.0607
12.800 move +0.0560 +0.0000 +0.4405 +0.0350 +4.47 0.997 -0.0030 +0.0758
12.820 move +0.0560 +0.0000 +0.4420 +0.0343 +4.41 0.997 -0.0036 +0.0801
12.840 move +0.0560 +0.0000 +0.4444 +0.0336 +4.32 0.996 -0.0042 +0.1041
12.860 move +0.0560 +0.0000 +0.4466 +0.0329 +4.01 0.995 -0.0048 +0.0588
12.880 move +0.0392 +0.0000 +0.4486 +0.0321 +3.76 0.992 -0.0058 +0.0652
12.900 move +0.0408 +0.0000 +0.4501 +0.0318 +3.32 0.989 +0.0329 -0.0067
12.920 move +0.0424 +0.0000 +0.4506 +0.0325 +2.76 0.985 +0.0338 -0.0475
12.940 move +0.0440 +0.0000 +0.4506 +0.0338 +2.26 0.983 +0.0050 -0.0341
12.960 move +0.0456 +0.0000 +0.4504 +0.0353 +2.07 0.984 +0.0042 -0.0101
12.980 move +0.0472 +0.0000 +0.4498 +0.0366 +1.94 0.986 +0.0034 -0.0048
13.000 move +0.0488 +0.0000 +0.4488 +0.0377 +1.72 0.989 +0.0024 -0.0041
13.020 move +0.0504 +0.0000 +0.4471 +0.0387 +1.48 0.991 +0.0014 -0.0540
13.040 move +0.0520 +0.0000 +0.4452 +0.0397 +1.13 0.995 +0.0005 -0.0183
13.060 move +0.0536 +0.0000 +0.4443 +0.0409 +1.16 0.997 -0.0004 +0.0092
13.080 move +0.0552 +0.0000 +0.4443 +0.0421 +1.21 0.999 -0.0014 +0.0351
13.100 move +0.0560 +0.0000 +0.4453 +0.0433 +1.26 0.999 -0.0025 +0.0723
13.120 move +0.0560 +0.0000 +0.4475 +0.0445 +1.34 0.998 -0.0034 +0.1042
13.140 move +0.0560 +0.0000 +0.4501 +0.0459 +1.90 0.998 -0.0046 +0.1203
13.160 move +0.0392 +0.0000 +0.4523 +0.0469 +2.37 0.996 +0.0395 +0.0178
13.180 move +0.0408 +0.0000 +0.4529 +0.0474 +3.37 0.993 +0.0019 -0.0664
13.200 move +0.0424 +0.0000 +0.4531 +0.0476 +4.02 0.990 +0.0025 -0.0266
13.220 move +0.0440 +0.0000 +0.4532 +0.0476 +4.30 0.989 +0.0028 -0.0059
13.240 move +0.0456 +0.0000 +0.4529 +0.0476 +4.44 0.989 +0.0031 -0.0053
13.260 move +0.0472 +0.0000 +0.4521 +0.0475 +4.62 0.991 +0.0032 -0.0044
13.280 move +0.0488 +0.0000 +0.4504 +0.0472 +4.77 0.993 +0.0029 -0.0617
13.300 move +0.0504 +0.0000 +0.4487 +0.0467 +4.93 0.996 +0.0025 -0.0120
13.320 move +0.0520 +0.0000 +0.4481 +0.0458 +4.86 0.998 +0.0018 +0.0224
13.340 move +0.0536 +0.0000 +0.4482 +0.0450 +4.62 1.000 +0.0012 +0.0488
13.360 move +0.0552 +0.0000 +0.4492 +0.0444 +4.38 1.000 +0.0007 +0.0754
13.380 move +0.0560 +0.0000 +0.4512 +0.0439 +4.36 1.000 +0.0003 +0.1047
13.400 move +0.0560 +0.0000 +0.4545 +0.0436 +4.31 1.000 -0.0002 +0.1554
13.420 move +0.0560 +0.0000 +0.4579 +0.0431 +4.02 0.999 -0.0007 +0.1297
13.440 move +0.0560 +0.0000 +0.4613 +0.0426 +3.99 0.997 +0.0410 +0.0893
13.460 move +0.0560 +0.0000 +0.4632 +0.0430 +3.61 0.993 -0.0003 -0.0263
13.480 move +0.0560 +0.0000 +0.4647 +0.0439 +3.28 0.988 -0.0008 +0.0200
13.500 move +0.0560 +0.0000 +0.4661 +0.0450 +3.01 0.987 -0.0013 +0.0596
13.520 move +0.0560 +0.0000 +0.4673 +0.0460 +2.60 0.987 -0.0017 +0.0650
13.540 move +0.0560 +0.0000 +0.4680 +0.0469 +2.00 0.989 -0.0022 +0.0688
13.560 move +0.0560 +0.0000 +0.4680 +0.0476 +1.25 0.991 -0.0026 +0.0181
13.580 move +0.0560 +0.0000 +0.4675 +0.0482 +0.30 0.993 -0.0029 +0.0422
13.600 move +0.0560 +0.0000 +0.4679 +0.0487 -0.04 0.996 -0.0034 +0.0728
13.620 move +0.0560 +0.0000 +0.4690 +0.0492 +0.04 0.997 -0.0038 +0.0883
13.640 move +0.0560 +0.0000 +0.4705 +0.0498 +0.19 0.998 -0.0041 +0.0898
13.660 move +0.0560 +0.0000 +0.4728 +0.0503 +0.17 0.997 -0.0045 +0.1098
13.680 move +0.0560 +0.0000 +0.4757 +0.0509 +0.29 0.996 -0.0049 +0.0949
13.700 move +0.0560 +0.0000 +0.4780 +0.0516 +0.50 0.993 -0.0054 +0.0625
13.720 move +0.0392 +0.0000 +0.4802 +0.0517 +0.66 0.989 +0.0312 +0.0299
13.740 move +0.0392 +0.0000 +0.4815 +0.0507 +1.01 0.984 +0.0309 -0.0153
13.760 move +0.0408 +0.0000 +0.4823 +0.0491 +1.28 0.980 +0.0067 -0.0104
13.780 move +0.0424 +0.0000 +0.4830 +0.0472 +1.51 0.980 +0.0053 +0.0212
13.800 move +0.0440 +0.0000 +0.4833 +0.0454 +1.64 0.981 +0.0041 +0.0254
13.820 move +0.0456 +0.0000 +0.4833 +0.0437 +1.71 0.984 +0.0027 +0.0265
13.840 move +0.0472 +0.0000 +0.4825 +0.0420 +1.93 0.987 +0.0012 -0.0181
13.860 move +0.0488 +0.0000 +0.4812 +0.0403 +2.32 0.990 -0.0002 -0.0153
13.880 move +0.0504 +0.0000 +0.4799 +0.0386 +2.63 0.993 -0.0016 +0.0004
13.900 move +0.0520 +0.0000 +0.4797 +0.0370 +2.51 0.996 -0.0028 +0.0307
13.920 move +0.0536 +0.0000 +0.4802 +0.0354 +2.33 0.997 -0.0040 +0.0433
13.940 move +0.0552 +0.0000 +0.4818 +0.0338 +2.27 0.996 -0.0053 +0.0811
13.960 move +0.0560 +0.0000 +0.4835 +0.0321 +2.06 0.995 -0.0067 +0.0443
13.980 move +0.0560 +0.0000 +0.4851 +0.0305 +2.01 0.992 -0.0080 +0.0295
14.000 move +0.0392 +0.0000 +0.4863 +0.0296 +2.13 0.989 +0.0308 -0.0132
14.020 move +0.0392 +0.0000 +0.4868 +0.0298 +2.00 0.984 +0.0310 -0.0339
14.040 move +0.0408 +0.0000 +0.4870 +0.0311 +1.44 0.981 +0.0111 -0.0218
14.060 move +0.0424 +0.0000 +0.4868 +0.0329 +1.01 0.981 +0.0097 -0.0128
14.080 move +0.0440 +0.0000 +0.4862 +0.0350 +0.77 0.983 +0.0082 -0.0160
14.100 move +0.0456 +0.0000 +0.4850 +0.0370 +0.63 0.987 +0.0064 -0.0211
14.120 move +0.0472 +0.0000 +0.4831 +0.0392 +0.41 0.990 +0.0045 -0.0676
14.140 move +0.0488 +0.0000 +0.4808 +0.0414 +0.17 0.994 +0.0026 -0.0477
14.160 move +0.0504 +0.0000 +0.4794 +0.0438 +0.22 0.997 +0.0006 -0.0131
14.180 move +0.0520 +0.0000 +0.4788 +0.0461 +0.32 0.998 -0.0013 +0.0076
14.200 move +0.0536 +0.0000 +0.4792 +0.0485 +0.36 0.999 -0.0033 +0.0460
14.220 move +0.0552 +0.0000 +0.4810 +0.0508 +0.39 0.998 -0.0052 +0.0957
14.240 move +0.0560 +0.0000 +0.4834 +0.0532 +0.90 0.998 -0.0074 +0.1171
14.260 move +0.0392 +0.0000 +0.4852 +0.0552 +1.44 0.996 +0.0395 -0.0123
14.280 move +0.0408 +0.0000 +0.4853 +0.0564 +2.49 0.992 +0.0066 -0.0802
14.300 move +0.0424 +0.0000 +0.4853 +0.0571 +2.93 0.989 +0.0076 -0.0368
14.320 move +0.0440 +0.0000 +0.4851 +0.0576 +2.98 0.988 +0.0083 -0.0171
14.340 move +0.0456 +0.0000 +0.4845 +0.0578 +2.90 0.988 +0.0087 -0.0196
14.360 move +0.0472 +0.0000 +0.4834 +0.0576 +2.91 0.990 +0.0086 -0.0216
14.380 move +0.0488 +0.0000 +0.4814 +0.0571 +2.95 0.992 +0.0080 -0.0773
14.400 move +0.0504 +0.0000 +0.4794 +0.0559 +3.07 0.995 +0.0070 -0.0252
14.420 move +0.0520 +0.0000 +0.4785 +0.0541 +3.02 0.998 +0.0055 +0.0130
14.440 move +0.0536 +0.0000 +0.4785 +0.0521 +2.80 0.999 +0.0039 +0.0433
14.460 move +0.0552 +0.0000 +0.4794 +0.0503 +2.58 1.000 +0.0024 +0.0704
14.480 move +0.0560 +0.0000 +0.4815 +0.0486 +2.54 1.000 +0.0010 +0.1062
14.500 move +0.0560 +0.0000 +0.4849 +0.0471 +2.49 1.000 -0.0004 +0.1575
14.520 move +0.0560 +0.0000 +0.4884 +0.0454 +2.20 0.999 -0.0019 +0.1386
14.540 move +0.0392 +0.0000 +0.4914 +0.0437 +1.97 0.998 +0.0425 +0.0550
14.560 move +0.0408 +0.0000 +0.4927 +0.0430 +1.34 0.995 +0.0026 -0.0241
14.580 move +0.0424 +0.0000 +0.4937 +0.0428 +0.87 0.992 +0.0030 +0.0051
14.600 move +0.0440 +0.0000 +0.4944 +0.0427 +0.65 0.990 +0.0036 +0.0212
14.620 move +0.0456 +0.0000 +0.4948 +0.0425 +0.54 0.990 +0.0040 +0.0223
14.640 move +0.0472 +0.0000 +0.4946 +0.0423 +0.41 0.992 +0.0042 +0.0202
14.660 move +0.0488 +0.0000 +0.4936 +0.0422 +0.24 0.993 +0.0042 -0.0346
14.680 move +0.0504 +0.0000 +0.4924 +0.0424 +0.05 0.995 +0.0040 +0.0108
14.700 move +0.0520 +0.0000 +0.4922 +0.0431 +0.12 0.998 +0.0034 +0.0437
14.720 move +0.0536 +0.0000 +0.4928 +0.0438 +0.35 0.999 +0.0029 +0.0692
14.740 move +0.0552 +0.0000 +0.4942 +0.0445 +0.52 1.000 +0.0024 +0.0865
14.760 move +0.0560 +0.0000 +0.4967 +0.0450 +0.61 0.999 +0.0021 +0.1352
14.780 move +0.0560 +0.0000 +0.5002 +0.0454 +0.84 0.999 +0.0018 +0.1347
14.800 move +0.0560 +0.0000 +0.5032 +0.0460 +1.10 0.998 +0.0014 +0.1162
14.820 move +0.0560 +0.0000 +0.5062 +0.0464 +0.99 0.995 +0.0396 +0.0656
14.840 move +0.0560 +0.0000 +0.5081 +0.0460 +1.13 0.990 -0.0027 -0.0145
14.860 move +0.0560 +0.0000 +0.5095 +0.0452 +1.28 0.986 -0.0032 +0.0282
14.880 move +0.0560 +0.0000 +0.5110 +0.0442 +1.38 0.985 -0.0039 +0.0643
14.900 move +0.0560 +0.0000 +0.5121 +0.0431 +1.61 0.987 -0.0045 +0.0635
14.920 move +0.0560 +0.0000 +0.5128 +0.0422 +2.04 0.989 -0.0052 +0.0619
14.940 move +0.0560 +0.0000 +0.5126 +0.0413 +2.63 0.991 -0.0059 +0.0097
14.960 move +0.0560 +0.0000 +0.5122 +0.0405 +3.40 0.993 -0.0064 +0.0430
14.980 move +0.0560 +0.0000 +0.5126 +0.0397 +3.62 0.996 -0.0071 +0.0706
15.000 move +0.0560 +0.0000 +0.5137 +0.0389 +3.51 0.997 -0.0078 +0.0881
15.020 move +0.0560 +0.0000 +0.5154 +0.0380 +3.47 0.997 -0.0085 +0.0882
15.040 move +0.0560 +0.0000 +0.5180 +0.0371 +3.43 0.995 -0.0094 +0.1148
15.060 move +0.0560 +0.0000 +0.5204 +0.0359 +3.16 0.993 -0.0104 +0.0686
15.080 move +0.0392 +0.0000 +0.5225 +0.0347 +2.97 0.991 +0.0306 +0.0350
15.100 move +0.0392 +0.0000 +0.5238 +0.0341 +2.71 0.987 +0.0305 -0.0035
15.120 move +0.0392 +0.0000 +0.5244 +0.0344 +2.33 0.984 +0.0307 -0.0247
15.140 move +0.0392 +0.0000 +0.5246 +0.0358 +1.89 0.982 +0.0310 -0.0137
15.160 move +0.0408 +0.0000 +0.5246 +0.0380 +1.55 0.982 +0.0315 -0.0019
15.180 move +0.0424 +0.0000 +0.5241 +0.0408 +1.31 0.985 +0.0321 +0.0020
15.200 move +0.0440 +0.0000 +0.5234 +0.0438 +1.00 0.989 +0.0329 +0.0116
15.220 move +0.0392 +0.0000 +0.5221 +0.0473 +0.83 0.991 +0.0060 -0.0329
15.240 move +0.0392 +0.0000 +0.5205 +0.0515 +0.23 0.993 +0.0022 -0.0323
15.260 move +0.0408 +0.0000 +0.5192 +0.0557 -0.33 0.996 -0.0012 -0.0157
15.280 move +0.0424 +0.0000 +0.5186 +0.0596 -0.26 0.997 -0.0043 +0.0047
15.300 move +0.0440 +0.0000 +0.5187 +0.0636 -0.12 0.997 -0.0075 +0.0164
15.320 move +0.0456 +0.0000 +0.5198 +0.0677 -0.11 0.995 -0.0108 +0.0459
15.340 move +0.0472 +0.0000 +0.5210 +0.0718 +0.08 0.993 -0.0143 +0.0379
15.360 move +0.0488 +0.0000 +0.5224 +0.0758 +0.50 0.992 +0.0356 +0.0318
15.380 move +0.0504 +0.0000 +0.5228 +0.0781 +1.92 0.987 +0.0163 -0.0890
15.400 move +0.0520 +0.0000 +0.5225 +0.0791 +2.77 0.982 +0.0174 -0.0619
15.420 move +0.0536 +0.0000 +0.5221 +0.0794 +3.17 0.980 +0.0179 -0.0326
15.440 move +0.0552 +0.0000 +0.5215 +0.0791 +3.52 0.981 +0.0179 -0.0193
15.460 move +0.0560 +0.0000 +0.5206 +0.0782 +3.92 0.983 +0.0172 -0.0090
15.480 move +0.0560 +0.0000 +0.5189 +0.0766 +4.38 0.986 +0.0159 -0.0571
15.500 move +0.0560 +0.0000 +0.5175 +0.0739 +4.63 0.991 +0.0137 -0.0025
15.520 move +0.0560 +0.0000 +0.5172 +0.0700 +4.73 0.995 +0.0103 +0.0286
15.540 move +0.0560 +0.0000 +0.5177 +0.0657 +4.62 0.998 +0.0066 +0.0545
15.560 move +0.0560 +0.0000 +0.5189 +0.0615 +4.49 0.999 +0.0029 +0.0703
15.580 move +0.0560 +0.0000 +0.5212 +0.0573 +4.65 1.000 -0.0008 +0.1015
15.600 move +0.0560 +0.0000 +0.5247 +0.0533 +4.68 1.000 -0.0044 +0.1471
15.620 move +0.0560 +0.0000 +0.5291 +0.0496 +4.20 0.999 +0.0453 +0.2053
15.640 move +0.0560 +0.0000 +0.5322 +0.0468 +3.41 0.997 +0.0083 +0.0214
15.660 move +0.0560 +0.0000 +0.5340 +0.0448 +2.74 0.992 +0.0104 +0.0043
15.680 move +0.0560 +0.0000 +0.5356 +0.0433 +2.47 0.988 +0.0122 +0.0306
15.700 move +0.0560 +0.0000 +0.5368 +0.0421 +2.44 0.985 +0.0136 +0.0476
15.720 move +0.0560 +0.0000 +0.5377 +0.0415 +2.56 0.984 +0.0143 +0.0472
15.740 move +0.0560 +0.0000 +0.5380 +0.0414 +2.59 0.986 +0.0143 +0.0460
15.760 move +0.0560 +0.0000 +0.5375 +0.0421 +2.67 0.988 +0.0135 +0.0171
15.780 move +0.0560 +0.0000 +0.5376 +0.0439 +2.70 0.992 +0.0118 +0.0714
15.800 move +0.0560 +0.0000 +0.5383 +0.0466 +2.69 0.996 +0.0095 +0.0894
15.820 move +0.0560 +0.0000 +0.5395 +0.0496 +2.75 0.998 +0.0070 +0.1069
15.840 move +0.0560 +0.0000 +0.5414 +0.0526 +2.75 0.999 +0.0045 +0.1089
15.860 move +0.0560 +0.0000 +0.5442 +0.0557 +2.52 0.999 +0.0019 +0.1398
15.880 move +0.0560 +0.0000 +0.5479 +0.0587 +2.60 0.999 -0.0005 +0.1725
15.900 move +0.0560 +0.0000 +0.5518 +0.0613 +3.19 0.997 +0.0401 +0.1109
15.920 move +0.0560 +0.0000 +0.5538 +0.0629 +4.24 0.993 +0.0008 -0.0235
15.940 move +0.0560 +0.0000 +0.5552 +0.0639 +4.91 0.988 +0.0019 +0.0039
15.960 move +0.0560 +0.0000 +0.5566 +0.0648 +5.50 0.985 +0.0031 +0.0380
15.980 move +0.0560 +0.0000 +0.5578 +0.0656 +5.99 0.984 +0.0042 +0.0619
16.000 move +0.0560 +0.0080 +0.5587 +0.0663 +6.37 0.984 +0.0051 +0.0644
16.020 move +0.0560 +0.0160 +0.5591 +0.0669 +6.70 0.985 +0.0056 +0.0626
16.040 move +0.0560 +0.0240 +0.5587 +0.0669 +6.88 0.988 +0.0054 +0.0068
16.060 move +0.0560 +0.0320 +0.5582 +0.0664 +7.01 0.992 +0.0048 +0.0460
16.080 move +0.0560 +0.0400 +0.5586 +0.0653 +6.93 0.995 +0.0038 +0.0595
16.100 move +0.0560 +0.0480 +0.5594 +0.0641 +6.74 0.997 +0.0028 +0.0723
16.120 move +0.0560 +0.0560 +0.5607 +0.0630 +6.71 0.998 +0.0018 +0.0666
16.140 move +0.0560 +0.0640 +0.5629 +0.0621 +6.84 0.998 +0.0008 +0.0999
16.160 move +0.0560 +0.0720 +0.5656 +0.0612 +6.60 0.996 -0.0002 +0.1000
16.180 move +0.0392 +0.0800 +0.5679 +0.0604 +5.89 0.994 +0.0361 +0.0297
16.200 move +0.0408 +0.0880 +0.5687 +0.0599 +4.85 0.990 -0.0019 -0.0594
16.220 move +0.0424 +0.0960 +0.5691 +0.0596 +3.77 0.987 -0.0010 -0.0370
16.240 move +0.0440 +0.1040 +0.5693 +0.0595 +2.96 0.986 -0.0004 -0.0068
16.260 move +0.0456 +0.1120 +0.5692 +0.0595 +2.11 0.986 +0.0002 +0.0011
16.280 move +0.0472 +0.1200 +0.5686 +0.0594 +1.14 0.988 +0.0009 -0.0066
16.300 move +0.0488 +0.1280 +0.5676 +0.0591 -0.11 0.991 +0.0016 -0.0027
16.320 move +0.0504 +0.1360 +0.5659 +0.0587 -1.35 0.993 +0.0023 -0.0448
16.340 move +0.0520 +0.1440 +0.5649 +0.0585 -1.83 0.996 +0.0026 +0.0385
16.360 move +0.0536 +0.1520 +0.5652 +0.0585 -1.76 0.999 +0.0027 +0.0699
16.380 move +0.0552 +0.1600 +0.5664 +0.0585 -1.51 0.999 +0.0029 +0.0967
16.400 move +0.0560 +0.1680 +0.5687 +0.0584 -1.34 1.000 +0.0030 +0.1347
16.420 move +0.0560 +0.1760 +0.5721 +0.0582 -1.14 1.000 +0.0033 +0.1492
16.440 move +0.0560 +0.1840 +0.5752 +0.0580 -0.66 0.999 +0.0034 +0.1131
16.460 move +0.0560 +0.1920 +0.5778 +0.0576 -0.19 0.997 +0.0037 +0.0824
16.480 move +0.0392 +0.1750 +0.5803 +0.0568 -0.26 0.995 +0.0364 +0.0676
16.500 move +0.0392 +0.1750 +0.5818 +0.0556 -0.31 0.992 +0.0352 -0.0074
16.520 move +0.0408 +0.1830 +0.5826 +0.0539 -0.01 0.988 -0.0045 -0.0173
16.540 move +0.0424 +0.1910 +0.5832 +0.0520 +0.46 0.987 -0.0057 +0.0101
16.560 move +0.0440 +0.1990 +0.5835 +0.0502 +0.84 0.988 -0.0070 +0.0232
16.580 move +0.0456 +0.2070 +0.5830 +0.0485 +1.41 0.988 -0.0083 -0.0173
16.600 move +0.0472 +0.2150 +0.5822 +0.0468 +2.01 0.990 -0.0097 -0.0094
16.620 move +0.0488 +0.2230 +0.5810 +0.0450 +2.81 0.991 -0.0111 -0.0206
16.640 move +0.0504 +0.2310 +0.5804 +0.0432 +3.00 0.993 -0.0127 +0.0058
16.660 move +0.0520 +0.2390 +0.5804 +0.0412 +2.85 0.993 -0.0144 +0.0284
16.680 move +0.0536 +0.2470 +0.5810 +0.0389 +2.67 0.992 -0.0161 +0.0444
16.700 move +0.0552 +0.2500 +0.5821 +0.0363 +2.94 0.990 -0.0181 +0.0372
16.720 move +0.0560 +0.2500 +0.5831 +0.0333 +3.24 0.988 +0.0404 -0.0430
16.740 move +0.0560 +0.2500 +0.5823 +0.0318 +3.88 0.984 +0.0417 -0.1451
16.760 move +0.0560 +0.2500 +0.5806 +0.0318 +4.71 0.977 +0.0267 -0.1639
16.780 move +0.0560 +0.2500 +0.5787 +0.0328 +4.63 0.973 +0.0260 -0.1100
16.800 move +0.0560 +0.2500 +0.5768 +0.0342 +4.02 0.974 +0.0253 -0.0704
16.820 move +0.0560 +0.2500 +0.5746 +0.0360 +4.02 0.978 +0.0238 -0.0636
16.840 move +0.0560 +0.2500 +0.5721 +0.0383 +4.05 0.983 +0.0216 -0.0390
16.860 move +0.0560 +0.2500 +0.5701 +0.0417 +4.21 0.988 +0.0185 -0.0193
16.880 move +0.0560 +0.2500 +0.5688 +0.0463 +4.33 0.993 +0.0147 +0.0398
16.900 move +0.0560 +0.2500 +0.5685 +0.0519 +4.25 0.996 +0.0100 +0.0654
16.920 move +0.0560 +0.2500 +0.5695 +0.0580 +4.48 0.998 +0.0051 +0.1221
16.940 move +0.0560 +0.2500 +0.5719 +0.0641 +4.62 0.999 +0.0003 +0.1549
16.960 move +0.0560 +0.2500 +0.5754 +0.0700 +4.83 0.999 -0.0043 +0.1918
16.980 move +0.0560 +0.2500 +0.5793 +0.0759 +5.07 0.999 -0.0089 +0.1955
17.000 move +0.0560 +0.2500 +0.5824 +0.0803 +5.41 0.998 +0.0455 +0.0752
17.020 move +0.0560 +0.2500 +0.5839 +0.0824 +5.93 0.996 +0.0170 -0.0037
17.040 move +0.0560 +0.2500 +0.5848 +0.0835 +6.54 0.991 +0.0178 -0.0376
17.060 move +0.0560 +0.2500 +0.5858 +0.0845 +7.68 0.986 +0.0193 +0.0010
17.080 move +0.0560 +0.2500 +0.5868 +0.0851 +7.98 0.981 +0.0200 +0.0422
17.100 move +0.0560 +0.2500 +0.5877 +0.0851 +8.02 0.979 +0.0201 +0.0506
17.120 move +0.0560 +0.2500 +0.5881 +0.0845 +8.06 0.980 +0.0193 +0.0472
17.140 move +0.0560 +0.2500 +0.5878 +0.0830 +7.93 0.983 +0.0176 -0.0099
17.160 move +0.0560 +0.2500 +0.5877 +0.0801 +7.74 0.987 +0.0149 +0.0366
17.180 move +0.0560 +0.2500 +0.5884 +0.0759 +7.74 0.992 +0.0112 +0.0481
17.200 move +0.0560 +0.2500 +0.5895 +0.0711 +7.78 0.995 +0.0068 +0.0562
17.220 move +0.0560 +0.2500 +0.5910 +0.0662 +7.75 0.998 +0.0026 +0.0643
17.240 move +0.0560 +0.2500 +0.5927 +0.0615 +7.79 0.998 +0.0441 +0.0339
17.260 move +0.0560 +0.2500 +0.5941 +0.0570 +8.08 0.997 +0.0460 -0.0005
17.280 move +0.0560 +0.2500 +0.5953 +0.0530 +8.07 0.995 -0.0088 +0.0068
17.300 move +0.0560 +0.2500 +0.5962 +0.0495 +7.47 0.994 +0.0558 -0.0359
17.320 move +0.0560 +0.2500 +0.5958 +0.0477 +6.96 0.993 +0.0077 -0.0876
17.340 move +0.0560 +0.2500 +0.5950 +0.0462 +6.88 0.991 +0.0094 -0.0547
17.360 move +0.0560 +0.2500 +0.5939 +0.0450 +7.27 0.992 +0.0105 -0.0407
17.380 move +0.0560 +0.2500 +0.5924 +0.0440 +7.61 0.993 +0.0112 -0.0404
17.400 move +0.0560 +0.2500 +0.5915 +0.0438 +7.86 0.995 +0.0112 +0.0380
17.420 move +0.0560 +0.2500 +0.5917 +0.0446 +7.91 0.996 +0.0103 +0.0781
17.440 move +0.0560 +0.2500 +0.5928 +0.0462 +7.92 0.996 +0.0091 +0.1350
17.460 move +0.0560 +0.2500 +0.5952 +0.0484 +8.00 0.996 +0.0077 +0.1809
17.480 move +0.0560 +0.2500 +0.5987 +0.0508 +8.21 0.996 +0.0063 +0.2165
17.500 move +0.0560 +0.2500 +0.6031 +0.0535 +8.34 0.997 +0.0048 +0.2256
17.520 move +0.0560 +0.2500 +0.6084 +0.0562 +8.37 0.999 +0.0033 +0.2336
17.540 move +0.0560 +0.2500 +0.6131 +0.0589 +8.76 1.000 +0.0016 +0.1914
17.560 move +0.0392 +0.1750 +0.6168 +0.0611 +9.15 1.000 +0.0001 +0.1234
17.580 move +0.0408 +0.1830 +0.6198 +0.0627 +9.40 0.998 +0.0437 +0.0800
17.600 move +0.0392 +0.1750 +0.6221 +0.0629 +9.68 0.995 +0.0418 +0.0458
17.620 move +0.0408 +0.1830 +0.6241 +0.0618 +10.00 0.992 +0.0404 +0.0481
17.640 move +0.0424 +0.1910 +0.6261 +0.0596 +10.32 0.991 +0.0393 +0.0624
17.660 move +0.0440 +0.1990 +0.6279 +0.0567 +10.66 0.991 +0.0382 +0.0780
17.680 move +0.0392 +0.1750 +0.6292 +0.0532 +10.85 0.991 +0.0372 +0.0356
17.700 move +0.0408 +0.1830 +0.6303 +0.0490 +10.93 0.991 -0.0083 +0.0413
17.720 move +0.0424 +0.1910 +0.6312 +0.0441 +11.31 0.991 -0.0132 +0.0239
17.740 move +0.0440 +0.1990 +0.6319 +0.0392 +12.00 0.991 -0.0173 +0.0130
17.760 move +0.0456 +0.2070 +0.6334 +0.0342 +12.10 0.988 -0.0216 +0.0329
17.780 move +0.0472 +0.2150 +0.6353 +0.0289 +12.05 0.984 -0.0260 +0.0408
17.800 move +0.0488 +0.2230 +0.6375 +0.0233 +12.44 0.979 +0.0373 +0.0235
17.820 move +0.0504 +0.2310 +0.6388 +0.0181 +12.99 0.975 +0.0376 -0.0688
17.840 move +0.0520 +0.2390 +0.6392 +0.0144 +13.63 0.970 +0.0378 -0.0933
17.860 move +0.0536 +0.2470 +0.6394 +0.0120 +14.28 0.965 +0.0371 -0.0884
17.880 move +0.0392 +0.1750 +0.6397 +0.0102 +14.76 0.962 +0.0373 -0.0510
17.900 move +0.0408 +0.1830 +0.6397 +0.0089 +15.00 0.961 +0.0378 -0.0263
17.920 move +0.0424 +0.1910 +0.6393 +0.0081 +15.13 0.963 +0.0380 -0.0119
17.940 move +0.0440 +0.1990 +0.6386 +0.0078 +15.31 0.965 +0.0382 -0.0072
17.960 move +0.0456 +0.2070 +0.6369 +0.0082 +15.78 0.963 +0.0391 -0.0505
17.980 move +0.0472 +0.2150 +0.6356 +0.0092 +15.87 0.964 +0.0401 +0.0104
18.000 move +0.0488 +0.2230 +0.6351 +0.0110 +15.73 0.966 +0.0414 +0.0522
18.020 move +0.0504 +0.2310 +0.6353 +0.0135 +15.62 0.969 +0.0410 +0.0777
18.040 move +0.0520 +0.2390 +0.6363 +0.0164 +15.82 0.973 +0.0391 +0.1179
18.060 move +0.0536 +0.2470 +0.6380 +0.0199 +16.02 0.976 +0.0369 +0.1314
18.080 move +0.0552 +0.2500 +0.6402 +0.0241 +16.30 0.979 +0.0342 +0.1640
18.100 move +0.0560 +0.2500 +0.6435 +0.0287 +16.42 0.981 +0.0327 +0.2193
18.120 move +0.0560 +0.2500 +0.6464 +0.0325 +16.64 0.982 +0.0291 +0.1032
18.140 move +0.0560 +0.2500 +0.6485 +0.0349 +17.46 0.978 -0.0304 +0.0226
18.160 move +0.0560 +0.2500 +0.6505 +0.0365 +18.07 0.973 -0.0296 +0.0492
18.180 move +0.0560 +0.2500 +0.6525 +0.0379 +18.55 0.969 -0.0289 +0.0867
18.200 move +0.0560 +0.2500 +0.6546 +0.0390 +19.04 0.968 -0.0285 +0.1139
18.220 move +0.0560 +0.2500 +0.6565 +0.0400 +19.60 0.967 -0.0283 +0.1358
18.240 move +0.0560 +0.2500 +0.6579 +0.0406 +20.11 0.966 -0.0286 +0.0961
18.260 move +0.0560 +0.2500 +0.6591 +0.0408 +20.83 0.966 -0.0291 +0.1091
18.280 move +0.0560 +0.2500 +0.6603 +0.0404 +21.79 0.966 -0.0299 +0.0931
18.300 move +0.0560 +0.2500 +0.6620 +0.0395 +22.40 0.966 -0.0312 +0.0999
18.320 move +0.0560 +0.2500 +0.6643 +0.0380 +22.57 0.964 -0.0330 +0.0949
18.340 move +0.0560 +0.2500 +0.6668 +0.0361 +22.44 0.958 +0.0213 +0.0434
18.360 move +0.0560 +0.2500 +0.6682 +0.0338 +22.85 0.953 +0.0219 -0.0862
18.380 move +0.0560 +0.2500 +0.6683 +0.0321 +23.93 0.948 +0.0223 -0.1382
18.400 move +0.0560 +0.2500 +0.6678 +0.0316 +25.05 0.941 +0.0219 -0.1333
18.420 move +0.0392 +0.1750 +0.6674 +0.0318 +25.95 0.938 +0.0222 -0.0777
18.440 move +0.0408 +0.1830 +0.6667 +0.0330 +26.83 0.939 +0.0226 -0.0565
18.460 move +0.0424 +0.1910 +0.6654 +0.0349 +27.65 0.941 +0.0232 -0.0181
18.480 move +0.0440 +0.1990 +0.6639 +0.0371 +28.01 0.946 +0.0240 -0.0028
18.500 move +0.0456 +0.2070 +0.6621 +0.0392 +27.73 0.952 +0.0252 +0.0105
18.520 move +0.0472 +0.2150 +0.6597 +0.0415 +27.54 0.958 +0.0262 -0.0122
18.540 move +0.0488 +0.2230 +0.6569 +0.0441 +27.32 0.966 +0.0272 +0.0107
18.560 move +0.0504 +0.2310 +0.6537 +0.0474 +26.93 0.974 +0.0284 +0.0110
18.580 move +0.0520 +0.2390 +0.6509 +0.0520 +26.81 0.983 +0.0248 +0.0492
18.600 move +0.0536 +0.2470 +0.6484 +0.0577 +26.85 0.989 +0.0198 +0.0667
18.620 move +0.0552 +0.2500 +0.6459 +0.0639 +26.77 0.993 +0.0142 +0.0262
18.640 move +0.0560 +0.2500 +0.6437 +0.0698 +27.28 0.994 +0.0090 +0.0236
18.660 move +0.0560 +0.2500 +0.6418 +0.0749 +27.83 0.995 +0.0044 +0.0157
18.680 move +0.0560 +0.2500 +0.6401 +0.0790 +28.00 0.995 +0.0353 -0.0054
18.700 move +0.0392 +0.1750 +0.6383 +0.0814 +28.16 0.993 +0.0356 -0.0725
18.720 move +0.0392 +0.1750 +0.6365 +0.0821 +28.39 0.992 +0.0365 -0.1004
18.740 move +0.0408 +0.1830 +0.6349 +0.0814 +28.64 0.992 +0.0379 -0.0965
18.760 move +0.0424 +0.1910 +0.6337 +0.0795 +28.89 0.993 +0.0397 -0.0782
18.780 move +0.0392 +0.1750 +0.6324 +0.0768 +29.03 0.995 +0.0418 -0.0971
18.800 move +0.0408 +0.1830 +0.6314 +0.0730 +29.02 0.997 +0.0440 -0.0990
18.820 move +0.0424 +0.1910 +0.6307 +0.0679 +28.93 0.999 -0.0020 -0.1159
18.840 move +0.0440 +0.1990 +0.6303 +0.0624 +29.18 0.999 -0.0060 -0.0961
18.860 move +0.0456 +0.2070 +0.6309 +0.0577 +29.06 0.999 -0.0096 -0.0443
18.880 move +0.0472 +0.2150 +0.6326 +0.0536 +29.05 0.997 +0.0497 -0.0167
18.900 move +0.0488 +0.2230 +0.6351 +0.0498 +29.14 0.996 -0.0167 +0.0143
18.920 move +0.0504 +0.2310 +0.6385 +0.0467 +29.11 0.994 -0.0202 +0.0651
18.940 move +0.0520 +0.2390 +0.6414 +0.0442 +28.67 0.992 +0.0488 +0.0045
18.960 move +0.0536 +0.2470 +0.6422 +0.0428 +27.59 0.989 +0.0236 -0.0854
18.980 move +0.0552 +0.2500 +0.6419 +0.0421 +26.63 0.985 +0.0243 -0.0727
19.000 move +0.0560 +0.2500 +0.6413 +0.0419 +25.91 0.982 +0.0250 -0.0323
19.020 move +0.0560 +0.2500 +0.6404 +0.0419 +25.65 0.982 +0.0250 -0.0160
19.040 move +0.0560 +0.2500 +0.6392 +0.0423 +25.41 0.983 +0.0244 +0.0144
19.060 move +0.0560 +0.2500 +0.6381 +0.0440 +25.51 0.986 +0.0226 +0.0363
19.080 move +0.0560 +0.2500 +0.6373 +0.0471 +25.61 0.990 +0.0200 +0.1004
19.100 move +0.0560 +0.2500 +0.6370 +0.0516 +25.44 0.992 +0.0164 +0.1315
19.120 move +0.0560 +0.2500 +0.6375 +0.0572 +25.56 0.995 +0.0125 +0.1758
19.140 move +0.0560 +0.2500 +0.6389 +0.0634 +25.69 0.997 +0.0084 +0.2104
19.160 move +0.0560 +0.2500 +0.6416 +0.0701 +25.99 0.999 +0.0046 +0.2475
19.180 move +0.0560 +0.2500 +0.6447 +0.0767 +26.23 1.000 +0.0009 +0.2502
19.200 move +0.0560 +0.2500 +0.6469 +0.0818 +26.66 0.999 +0.0405 +0.1006
19.220 move +0.0560 +0.2500 +0.6483 +0.0843 +27.37 0.997 +0.0061 +0.0168
19.240 move +0.0560 +0.2500 +0.6496 +0.0860 +28.06 0.991 +0.0070 -0.0052
19.260 move +0.0560 +0.2500 +0.6509 +0.0877 +29.12 0.985 +0.0083 +0.0434
19.280 move +0.0560 +0.2500 +0.6525 +0.0891 +29.23 0.980 +0.0090 +0.0905
19.300 move +0.0560 +0.2500 +0.6542 +0.0898 +29.15 0.977 +0.0088 +0.1004
19.320 move +0.0560 +0.2500 +0.6559 +0.0897 +29.15 0.978 +0.0079 +0.1010
19.340 move +0.0560 +0.2500 +0.6573 +0.0886 +29.11 0.979 +0.0060 +0.0540
19.360 move +0.0560 +0.2500 +0.6587 +0.0864 +29.13 0.982 +0.0035 +0.0521
19.380 move +0.0560 +0.2500 +0.6600 +0.0833 +29.31 0.986 +0.0005 +0.0282
19.400 move +0.0560 +0.2500 +0.6616 +0.0799 +29.41 0.990 -0.0028 +0.0305
19.420 move +0.0560 +0.2500 +0.6636 +0.0765 +29.33 0.992 -0.0060 +0.0360
19.440 move +0.0560 +0.2500 +0.6657 +0.0733 +29.26 0.992 +0.0353 -0.0015
19.460 move +0.0560 +0.2500 +0.6674 +0.0699 +29.50 0.990 +0.0375 -0.0526
19.480 move +0.0560 +0.2500 +0.6687 +0.0669 +29.09 0.988 +0.0416 -0.0362
19.500 move +0.0560 +0.2500 +0.6684 +0.0648 +28.14 0.986 +0.0461 -0.1623
19.520 move +0.0560 +0.2500 +0.6665 +0.0635 +27.46 0.983 +0.0140 -0.1714
19.540 move +0.0560 +0.2500 +0.6645 +0.0626 +27.56 0.983 +0.0144 -0.1002
19.560 move +0.0560 +0.2500 +0.6625 +0.0617 +27.89 0.986 +0.0146 -0.0776
19.580 move +0.0560 +0.2500 +0.6601 +0.0607 +28.13 0.988 +0.0146 -0.0849
19.600 move +0.0560 +0.2500 +0.6573 +0.0597 +28.20 0.991 +0.0141 -0.0558
19.620 move +0.0560 +0.2500 +0.6552 +0.0601 +28.31 0.994 +0.0127 +0.0007
19.640 move +0.0560 +0.2500 +0.6538 +0.0619 +28.32 0.996 +0.0109 +0.0686
19.660 move +0.0560 +0.2500 +0.6536 +0.0646 +28.42 0.996 +0.0089 +0.1172
19.680 move +0.0560 +0.2500 +0.6544 +0.0681 +28.66 0.996 +0.0069 +0.1547
19.700 move +0.0560 +0.2500 +0.6560 +0.0721 +28.86 0.997 +0.0049 +0.1692
19.720 move +0.0560 +0.2500 +0.6586 +0.0765 +28.89 0.998 +0.0027 +0.1901
19.740 move +0.0560 +0.2500 +0.6609 +0.0808 +29.28 1.000 +0.0004 +0.1512
19.760 move +0.0392 +0.1750 +0.6629 +0.0844 +29.22 1.000 +0.0500 +0.1228
19.780 move +0.0408 +0.1830 +0.6645 +0.0867 +29.21 0.999 +0.0479 +0.0375
19.800 move +0.0424 +0.1910 +0.6659 +0.0876 +29.28 0.997 +0.0056 +0.0044
19.820 move +0.0440 +0.1990 +0.6672 +0.0881 +29.74 0.994 +0.0057 +0.0208
19.840 move +0.0456 +0.2070 +0.6686 +0.0883 +29.83 0.991 +0.0057 +0.0526
19.860 move +0.0472 +0.2150 +0.6698 +0.0882 +29.77 0.991 +0.0051 +0.0595
19.880 move +0.0488 +0.2230 +0.6705 +0.0873 +29.77 0.992 +0.0040 +0.0074
19.900 move +0.0504 +0.2310 +0.6707 +0.0857 +29.88 0.993 +0.0025 +0.0010
19.920 move +0.0520 +0.2390 +0.6713 +0.0835 +29.95 0.996 +0.0004 +0.0198
19.940 move +0.0536 +0.2470 +0.6726 +0.0813 +29.79 0.997 -0.0018 +0.0370
19.960 move +0.0552 +0.2500 +0.6744 +0.0794 +29.59 0.998 -0.0039 +0.0594
19.980 move +0.0560 +0.2500 +0.6766 +0.0778 +29.42 0.998 -0.0058 +0.0760
20.000 move +0.0560 +0.2500 +0.6794 +0.0762 +29.62 0.997 -0.0079 +0.0629
20.020 move +0.0560 +0.2500 +0.6825 +0.0747 +29.66 0.996 -0.0102 +0.0565
20.040 move +0.0560 +0.2500 +0.6839 +0.0737 +29.61 0.993 +0.0471 -0.0646
20.060 move +0.0560 +0.2500 +0.6836 +0.0733 +29.56 0.988 +0.0123 -0.1250
20.080 move +0.0560 +0.2500 +0.6830 +0.0733 +29.74 0.985 +0.0124 -0.0450
20.100 move +0.0560 +0.2500 +0.6824 +0.0732 +30.02 0.986 +0.0124 -0.0142
20.120 move +0.0560 +0.2500 +0.6815 +0.0730 +30.14 0.987 +0.0123 -0.0129
20.140 move +0.0560 +0.2500 +0.6803 +0.0727 +30.12 0.990 +0.0121 -0.0105
20.160 move +0.0560 +0.2500 +0.6784 +0.0722 +30.21 0.993 +0.0114 -0.0288
20.180 move +0.0560 +0.2500 +0.6771 +0.0731 +30.27 0.996 +0.0103 +0.0478
20.200 move +0.0560 +0.2500 +0.6767 +0.0750 +30.26 0.997 +0.0087 +0.0980
20.220 move +0.0560 +0.2500 +0.6772 +0.0775 +30.43 0.998 +0.0073 +0.1326
20.240 move +0.0560 +0.2500 +0.6786 +0.0806 +30.47 0.999 +0.0057 +0.1529
20.260 move +0.0560 +0.2500 +0.6810 +0.0842 +30.62 0.999 +0.0043 +0.1882
20.280 move +0.0560 +0.2500 +0.6833 +0.0876 +31.20 1.000 +0.0028 +0.1521
20.300 move +0.0560 +0.2500 +0.6860 +0.0907 +31.26 1.000 +0.0469 +0.1518
20.320 move +0.0560 +0.2500 +0.6881 +0.0922 +31.47 0.999 +0.0448 +0.0484
20.340 move +0.0560 +0.2500 +0.6899 +0.0925 +31.66 0.997 +0.0009 -0.0023
20.360 move +0.0560 +0.2500 +0.6916 +0.0924 +32.51 0.993 +0.0006 +0.0058
20.380 move +0.0560 +0.2500 +0.6934 +0.0923 +33.10 0.990 +0.0003 +0.0538
20.400 move +0.0560 +0.2500 +0.6950 +0.0921 +33.29 0.988 -0.0003 +0.0677
20.420 move +0.0560 +0.2500 +0.6963 +0.0917 +33.45 0.989 -0.0013 +0.0641
20.440 move +0.0560 +0.2500 +0.6970 +0.0904 +33.57 0.990 -0.0028 +0.0085
20.460 move +0.0560 +0.2500 +0.6975 +0.0886 +33.63 0.992 -0.0046 +0.0238
20.480 move +0.0560 +0.2500 +0.6987 +0.0867 +33.55 0.994 -0.0066 +0.0450
20.500 move +0.0560 +0.2500 +0.7004 +0.0851 +33.38 0.996 -0.0086 +0.0602
20.520 move +0.0560 +0.2500 +0.7026 +0.0836 +33.20 0.996 -0.0105 +0.0697
20.540 move +0.0560 +0.2500 +0.7051 +0.0820 +33.12 0.995 +0.0406 +0.0324
20.560 move +0.0560 +0.2500 +0.7073 +0.0804 +33.33 0.992 +0.0414 +0.0029
20.580 move +0.0560 +0.2500 +0.7089 +0.0789 +33.43 0.991 +0.0418 -0.0261
20.600 move +0.0560 +0.2500 +0.7083 +0.0780 +33.41 0.987 +0.0190 -0.1417
20.620 move +0.0560 +0.2500 +0.7064 +0.0774 +33.23 0.983 +0.0188 -0.1585
20.640 move +0.0560 +0.2500 +0.7045 +0.0772 +33.32 0.982 +0.0185 -0.0878
20.660 move +0.0560 +0.2500 +0.7024 +0.0770 +33.57 0.984 +0.0179 -0.0647
20.680 move +0.0560 +0.2500 +0.6998 +0.0768 +33.76 0.986 +0.0169 -0.0705
20.700 move +0.0560 +0.2500 +0.6968 +0.0766 +33.79 0.990 +0.0156 -0.0534
20.720 move +0.0560 +0.2500 +0.6942 +0.0777 +33.89 0.994 +0.0134 -0.0034
20.740 move +0.0560 +0.2500 +0.6922 +0.0801 +33.85 0.996 +0.0108 +0.0647
20.760 move +0.0560 +0.2500 +0.6912 +0.0835 +33.93 0.997 +0.0081 +0.1150
20.780 move +0.0560 +0.2500 +0.6913 +0.0875 +34.18 0.998 +0.0056 +0.1504
20.800 move +0.0560 +0.2500 +0.6921 +0.0919 +34.32 0.998 +0.0031 +0.1600
20.820 move +0.0560 +0.2500 +0.6937 +0.0967 +34.31 0.999 +0.0005 +0.1721
20.840 move +0.0560 +0.2500 +0.6950 +0.1013 +34.74 1.000 -0.0021 +0.1355
20.860 move +0.0392 +0.1750 +0.6960 +0.1052 +34.74 1.000 +0.0482 +0.0976
20.880 move +0.0408 +0.1830 +0.6969 +0.1074 +34.73 0.998 +0.0465 +0.0149
20.900 move +0.0424 +0.1910 +0.6977 +0.1081 +34.86 0.996 +0.0086 -0.0209
20.920 move +0.0440 +0.1990 +0.6986 +0.1083 +35.44 0.992 +0.0087 -0.0036
20.940 move +0.0456 +0.2070 +0.6996 +0.1082 +35.57 0.990 +0.0085 +0.0287
20.960 move +0.0472 +0.2150 +0.7006 +0.1075 +35.52 0.991 +0.0075 +0.0364
20.980 move +0.0488 +0.2230 +0.7012 +0.1060 +35.51 0.991 +0.0060 -0.0151
21.000 move +0.0504 +0.2310 +0.7016 +0.1036 +35.56 0.994 +0.0040 -0.0226
21.020 move +0.0520 +0.2390 +0.7025 +0.1006 +35.56 0.996 +0.0013 +0.0036
21.040 move +0.0536 +0.2470 +0.7042 +0.0977 +35.39 0.998 -0.0016 +0.0233
21.060 move +0.0552 +0.2500 +0.7063 +0.0952 +35.19 0.999 -0.0044 +0.0485
21.080 move +0.0560 +0.2500 +0.7090 +0.0930 +35.01 0.999 -0.0070 +0.0689
21.100 move +0.0560 +0.2500 +0.7123 +0.0910 +35.21 0.998 -0.0097 +0.0573
21.120 move +0.0560 +0.2500 +0.7161 +0.0893 +35.23 0.996 -0.0126 +0.0784
21.140 move +0.0560 +0.2500 +0.7182 +0.0879 +35.16 0.994 +0.0504 -0.0581
21.160 move +0.0560 +0.2500 +0.7182 +0.0870 +35.05 0.989 +0.0152 -0.1148
21.180 move +0.0560 +0.2500 +0.7180 +0.0866 +35.38 0.986 +0.0157 -0.0487
21.200 move +0.0560 +0.2500 +0.7176 +0.0861 +35.70 0.986 +0.0159 -0.0159
21.220 move +0.0560 +0.2500 +0.7169 +0.0857 +35.90 0.987 +0.0160 -0.0140
21.240 move +0.0560 +0.2500 +0.7158 +0.0851 +35.95 0.989 +0.0158 -0.0116
21.260 move +0.0560 +0.2500 +0.7141 +0.0850 +36.12 0.992 +0.0149 +0.0037
21.280 move +0.0560 +0.2500 +0.7130 +0.0865 +36.18 0.995 +0.0134 +0.0784
21.300 move +0.0560 +0.2500 +0.7126 +0.0891 +36.20 0.996 +0.0115 +0.1226
21.320 move +0.0560 +0.2500 +0.7129 +0.0926 +36.33 0.997 +0.0095 +0.1594
21.340 move +0.0560 +0.2500 +0.7140 +0.0968 +36.31 0.998 +0.0072 +0.1773
21.360 move +0.0560 +0.2500 +0.7161 +0.1016 +36.35 0.999 +0.0050 +0.2097
21.380 move +0.0560 +0.2500 +0.7182 +0.1063 +36.74 1.000 +0.0029 +0.1907
21.400 move +0.0560 +0.2500 +0.7205 +0.1105 +36.77 1.000 +0.0439 +0.1330
21.420 move +0.0560 +0.2500 +0.7223 +0.1124 +37.08 0.999 +0.0024 +0.0384
21.440 move +0.0560 +0.2500 +0.7239 +0.1133 +37.37 0.995 +0.0020 +0.0017
21.460 move +0.0560 +0.2500 +0.7255 +0.1141 +38.24 0.990 +0.0022 +0.0203
21.480 move +0.0560 +0.2500 +0.7273 +0.1147 +38.47 0.986 +0.0021 +0.0720
21.500 move +0.0560 +0.2500 +0.7290 +0.1149 +38.45 0.984 +0.0015 +0.0800
21.520 move +0.0560 +0.2500 +0.7306 +0.1146 +38.49 0.985 +0.0002 +0.0779
21.540 move +0.0560 +0.2500 +0.7319 +0.1134 +38.54 0.986 -0.0015 +0.0282
21.560 move +0.0560 +0.2500 +0.7330 +0.1115 +38.62 0.988 -0.0037 +0.0257
21.580 move +0.0560 +0.2500 +0.7342 +0.1090 +38.74 0.991 -0.0062 +0.0266
21.600 move +0.0560 +0.2500 +0.7361 +0.1068 +38.65 0.994 -0.0087 +0.0428
21.620 move +0.0560 +0.2500 +0.7383 +0.1047 +38.47 0.994 -0.0111 +0.0503
21.640 move +0.0560 +0.2500 +0.7409 +0.1027 +38.32 0.993 +0.0383 +0.0139
21.660 move +0.0560 +0.2500 +0.7431 +0.1005 +38.53 0.991 +0.0397 -0.0247
21.680 move +0.0560 +0.2500 +0.7448 +0.0985 +38.38 0.989 +0.0420 -0.0382
21.700 move +0.0560 +0.2500 +0.7442 +0.0969 +38.01 0.986 +0.0456 -0.1623
21.720 move +0.0560 +0.2500 +0.7421 +0.0958 +37.56 0.983 +0.0184 -0.1744
21.740 move +0.0560 +0.2500 +0.7397 +0.0950 +37.70 0.983 +0.0181 -0.1119
21.760 move +0.0560 +0.2500 +0.7373 +0.0942 +37.96 0.985 +0.0177 -0.0861
21.780 move +0.0560 +0.2500 +0.7345 +0.0934 +38.16 0.988 +0.0170 -0.0925
21.800 move +0.0560 +0.2500 +0.7313 +0.0925 +38.23 0.991 +0.0158 -0.0598
21.820 move +0.0560 +0.2500 +0.7286 +0.0932 +38.33 0.994 +0.0138 -0.0081
21.840 move +0.0560 +0.2500 +0.7265 +0.0952 +38.29 0.996 +0.0112 +0.0592
21.860 move +0.0560 +0.2500 +0.7252 +0.0985 +38.38 0.996 +0.0086 +0.1142
21.880 move +0.0560 +0.2500 +0.7250 +0.1025 +38.74 0.996 +0.0062 +0.1533
21.900 move +0.0560 +0.2500 +0.7255 +0.1072 +39.00 0.997 +0.0037 +0.1689
21.920 move +0.0560 +0.2500 +0.7269 +0.1125 +39.12 0.998 +0.0012 +0.1898
21.940 move +0.0560 +0.2500 +0.7282 +0.1176 +39.54 0.999 -0.0015 +0.1697
21.960 move +0.0560 +0.2500 +0.7300 +0.1222 +39.56 1.000 +0.0492 +0.1545
21.980 move +0.0560 +0.2500 +0.7318 +0.1248 +39.91 0.999 +0.0077 +0.0703
22.000 move +0.0560 +0.2500 +0.7338 +0.1260 +40.20 0.996 +0.0072 +0.0244
22.020 move +0.0560 +0.2500 +0.7357 +0.1269 +41.08 0.992 +0.0073 +0.0426
22.040 move +0.0560 +0.2500 +0.7379 +0.1276 +41.34 0.988 +0.0069 +0.0847
22.060 move +0.0560 +0.2500 +0.7402 +0.1278 +41.33 0.987 +0.0058 +0.0969
22.080 move +0.0560 +0.2500 +0.7422 +0.1271 +41.30 0.987 +0.0040 +0.0525
22.100 move +0.0560 +0.2500 +0.7442 +0.1254 +41.25 0.989 +0.0015 +0.0519
22.120 move +0.0560 +0.2500 +0.7463 +0.1229 +41.36 0.992 -0.0016 +0.0365
22.140 move +0.0560 +0.2500 +0.7489 +0.1202 +41.33 0.994 -0.0049 +0.0520
22.160 move +0.0560 +0.2500 +0.7519 +0.1177 +41.22 0.996 -0.0082 +0.0652
22.180 move +0.0560 +0.2500 +0.7553 +0.1155 +41.09 0.995 -0.0113 +0.0719
22.200 move +0.0560 +0.2500 +0.7592 +0.1131 +41.34 0.993 -0.0146 +0.0450
22.220 move +0.0560 +0.2500 +0.7626 +0.1108 +41.55 0.990 +0.0409 -0.0480
22.240 move +0.0560 +0.2500 +0.7633 +0.1088 +41.86 0.984 +0.0231 -0.1482
22.260 move +0.0560 +0.2500 +0.7627 +0.1069 +41.91 0.977 +0.0242 -0.1659
22.280 move +0.0560 +0.2500 +0.7619 +0.1055 +42.05 0.975 +0.0250 -0.0869
22.300 move +0.0560 +0.2500 +0.7608 +0.1043 +42.37 0.976 +0.0252 -0.0623
22.320 move +0.0560 +0.2500 +0.7591 +0.1032 +42.72 0.978 +0.0249 -0.0613
22.340 move +0.0560 +0.2500 +0.7569 +0.1021 +42.96 0.982 +0.0241 -0.0589
22.360 move +0.0560 +0.2500 +0.7541 +0.1019 +43.24 0.986 +0.0223 -0.0319
22.380 move +0.0560 +0.2500 +0.7514 +0.1035 +43.26 0.990 +0.0198 +0.0442
22.400 move +0.0560 +0.2500 +0.7492 +0.1067 +43.19 0.993 +0.0167 +0.0945
22.420 move +0.0560 +0.2500 +0.7477 +0.1109 +43.25 0.995 +0.0133 +0.1344
22.440 move +0.0560 +0.2500 +0.7469 +0.1161 +43.21 0.997 +0.0096 +0.1604
22.460 move +0.0560 +0.2500 +0.7470 +0.1221 +43.44 0.999 +0.0063 +0.2072
22.480 move +0.0560 +0.2500 +0.7474 +0.1280 +43.93 1.000 +0.0030 +0.1836
22.500 move +0.0560 +0.2500 +0.7481 +0.1333 +44.02 1.000 +0.0457 +0.1213
22.520 move +0.0560 +0.2500 +0.7486 +0.1361 +44.40 0.999 +0.0047 +0.0262
22.540 move +0.0560 +0.2500 +0.7493 +0.1377 +44.74 0.995 +0.0051 -0.0114
22.560 move +0.0560 +0.2500 +0.7500 +0.1391 +45.61 0.990 +0.0060 +0.0152
22.580 move +0.0560 +0.2500 +0.7510 +0.1402 +45.84 0.986 +0.0065 +0.0584
22.600 move +0.0560 +0.2500 +0.7522 +0.1407 +45.73 0.985 +0.0061 +0.0654
22.620 move +0.0560 +0.2500 +0.7536 +0.1405 +45.68 0.986 +0.0049 +0.0607
22.640 move +0.0560 +0.2500 +0.7549 +0.1391 +45.63 0.988 +0.0029 +0.0116
22.660 move +0.0560 +0.2500 +0.7563 +0.1366 +45.58 0.991 +0.0003 +0.0048
22.680 move +0.0560 +0.2500 +0.7581 +0.1336 +45.61 0.994 -0.0028 +0.0090
22.700 move +0.0560 +0.2500 +0.7605 +0.1307 +45.49 0.996 -0.0060 +0.0274
22.720 move +0.0560 +0.2500 +0.7633 +0.1282 +45.30 0.997 -0.0091 +0.0388
22.740 move +0.0560 +0.2500 +0.7664 +0.1259 +45.15 0.996 +0.0428 +0.0090
22.760 move +0.0560 +0.2500 +0.7692 +0.1235 +45.33 0.994 +0.0443 -0.0236
22.780 move +0.0560 +0.2500 +0.7716 +0.1213 +45.11 0.993 +0.0472 -0.0015
22.800 move +0.0560 +0.2500 +0.7719 +0.1192 +44.48 0.991 +0.0165 -0.1555
22.820 move +0.0560 +0.2500 +0.7706 +0.1172 +43.98 0.988 +0.0174 -0.1548
22.840 move +0.0560 +0.2500 +0.7691 +0.1154 +44.23 0.987 +0.0179 -0.1099
22.860 move +0.0560 +0.2500 +0.7673 +0.1137 +44.54 0.988 +0.0181 -0.0959
22.880 move +0.0560 +0.2500 +0.7650 +0.1118 +44.75 0.990 +0.0179 -0.1076
22.900 move +0.0560 +0.2500 +0.7627 +0.1108 +44.94 0.992 +0.0170 -0.0237
22.920 move +0.0560 +0.2500 +0.7607 +0.1114 +45.01 0.993 +0.0154 +0.0231
22.940 move +0.0560 +0.2500 +0.7591 +0.1135 +44.95 0.994 +0.0131 +0.0883
22.960 move +0.0560 +0.2500 +0.7581 +0.1169 +44.95 0.994 +0.0105 +0.1397
22.980 move +0.0560 +0.2500 +0.7579 +0.1212 +45.21 0.994 +0.0081 +0.1771
23.000 move +0.0560 +0.2500 +0.7583 +0.1264 +45.39 0.995 +0.0055 +0.1903
23.020 move +0.0560 +0.2500 +0.7595 +0.1323 +45.58 0.997 +0.0029 +0.2277
23.040 move +0.0560 +0.2500 +0.7610 +0.1381 +45.84 0.999 -0.0001 +0.2093
23.060 move +0.0560 +0.2500 +0.7625 +0.1432 +45.88 1.000 +0.0513 +0.1550
23.080 move +0.0560 +0.2500 +0.7642 +0.1461 +46.27 0.999 +0.0071 +0.0775
23.100 move +0.0560 +0.2500 +0.7661 +0.1478 +46.60 0.997 +0.0067 +0.0370
23.120 move +0.0560 +0.2500 +0.7680 +0.1492 +47.46 0.993 +0.0069 +0.0567
23.140 move +0.0560 +0.2500 +0.7701 +0.1504 +47.91 0.989 +0.0068 +0.0933
23.160 move +0.0560 +0.2500 +0.7724 +0.1511 +47.91 0.988 +0.0057 +0.1091
23.180 move +0.0560 +0.2500 +0.7747 +0.1508 +47.86 0.988 +0.0039 +0.0619
23.200 move +0.0560 +0.2500 +0.7770 +0.1495 +47.80 0.990 +0.0013 +0.0594
23.220 move +0.0560 +0.2500 +0.7795 +0.1473 +47.91 0.992 -0.0018 +0.0395
23.240 move +0.0560 +0.2500 +0.7825 +0.1448 +47.90 0.995 -0.0052 +0.0524
23.260 move +0.0560 +0.2500 +0.7859 +0.1426 +47.78 0.996 -0.0086 +0.0652
23.280 move +0.0560 +0.2500 +0.7896 +0.1407 +47.64 0.996 -0.0118 +0.0723
23.300 move +0.0560 +0.2500 +0.7938 +0.1386 +47.87 0.993 -0.0152 +0.0409
23.320 move +0.0560 +0.2500 +0.7976 +0.1367 +48.05 0.990 +0.0420 -0.0418
23.340 move +0.0560 +0.2500 +0.7986 +0.1347 +48.33 0.984 +0.0234 -0.1447
23.360 move +0.0560 +0.2500 +0.7983 +0.1327 +48.33 0.978 +0.0247 -0.1641
23.380 move +0.0560 +0.2500 +0.7977 +0.1310 +48.51 0.975 +0.0257 -0.0906
23.400 move +0.0560 +0.2500 +0.7968 +0.1296 +48.82 0.976 +0.0260 -0.0666
23.420 move +0.0560 +0.2500 +0.7954 +0.1281 +49.16 0.978 +0.0259 -0.0656
23.440 move +0.0560 +0.2500 +0.7934 +0.1266 +49.38 0.982 +0.0252 -0.0633
23.460 move +0.0560 +0.2500 +0.7908 +0.1261 +49.64 0.986 +0.0236 -0.0278
23.480 move +0.0560 +0.2500 +0.7882 +0.1273 +49.67 0.990 +0.0212 +0.0504
23.500 move +0.0560 +0.2500 +0.7859 +0.1302 +49.58 0.992 +0.0183 +0.0981
23.520 move +0.0560 +0.2500 +0.7841 +0.1342 +49.60 0.994 +0.0151 +0.1377
23.540 move +0.0560 +0.2500 +0.7828 +0.1393 +49.51 0.996 +0.0114 +0.1636
23.560 move +0.0560 +0.2500 +0.7823 +0.1453 +49.68 0.998 +0.0079 +0.2084
23.580 move +0.0560 +0.2500 +0.7823 +0.1514 +49.98 0.999 +0.0042 +0.1935
23.600 move +0.0560 +0.2500 +0.7825 +0.1570 +50.00 1.000 +0.0465 +0.1318
23.620 move +0.0560 +0.2500 +0.7828 +0.1600 +50.39 0.999 +0.0039 +0.0360
23.640 move +0.0560 +0.2500 +0.7834 +0.1618 +50.73 0.996 +0.0043 -0.0039
23.660 move +0.0560 +0.2500 +0.7841 +0.1633 +51.56 0.991 +0.0052 +0.0202
23.680 move +0.0560 +0.2500 +0.7850 +0.1646 +51.89 0.987 +0.0057 +0.0610
23.700 move +0.0560 +0.2500 +0.7863 +0.1653 +51.80 0.985 +0.0053 +0.0688
23.720 move +0.0560 +0.2500 +0.7877 +0.1653 +51.76 0.986 +0.0041 +0.0646
23.740 move +0.0560 +0.2500 +0.7893 +0.1641 +51.69 0.988 +0.0021 +0.0163
23.760 move +0.0560 +0.2500 +0.7910 +0.1619 +51.64 0.991 -0.0005 +0.0101
23.780 move +0.0560 +0.2500 +0.7930 +0.1591 +51.69 0.994 -0.0036 +0.0035
23.800 move +0.0560 +0.2500 +0.7957 +0.1564 +51.58 0.996 -0.0069 +0.0240
23.820 move +0.0560 +0.2500 +0.7988 +0.1541 +51.38 0.997 -0.0100 +0.0360
23.840 move +0.0560 +0.2500 +0.8021 +0.1520 +51.16 0.996 +0.0429 +0.0073
23.860 move +0.0560 +0.2500 +0.8051 +0.1499 +51.31 0.994 +0.0445 -0.0275
23.880 move +0.0560 +0.2500 +0.8076 +0.1478 +50.86 0.993 +0.0479 -0.0051
23.900 move +0.0560 +0.2500 +0.8080 +0.1459 +49.68 0.991 +0.0168 -0.1531
23.920 move +0.0560 +0.2500 +0.8070 +0.1437 +48.90 0.988 +0.0179 -0.1512
23.940 move +0.0560 +0.2500 +0.8057 +0.1418 +49.01 0.988 +0.0185 -0.1096
23.960 move +0.0560 +0.2500 +0.8041 +0.1398 +49.23 0.989 +0.0188 -0.0974
23.980 move +0.0560 +0.2500 +0.8019 +0.1377 +49.41 0.990 +0.0187 -0.1097
24.000 move +0.0560 +0.2500 +0.7998 +0.1365 +49.60 0.992 +0.0179 -0.0218
24.020 move +0.0560 +0.2500 +0.7978 +0.1369 +49.65 0.993 +0.0162 +0.0268
24.040 move +0.0560 +0.2500 +0.7961 +0.1389 +49.58 0.993 +0.0139 +0.0928
24.060 move +0.0560 +0.2500 +0.7949 +0.1423 +49.54 0.993 +0.0113 +0.1421
24.080 move +0.0560 +0.2500 +0.7943 +0.1467 +49.77 0.993 +0.0088 +0.1788
24.100 move +0.0560 +0.2500 +0.7943 +0.1519 +49.96 0.995 +0.0061 +0.1906
24.120 move +0.0560 +0.2500 +0.7949 +0.1579 +50.06 0.997 +0.0034 +0.2229
24.140 move +0.0560 +0.2500 +0.7960 +0.1642 +50.22 0.999 +0.0002 +0.2267
24.160 move +0.0560 +0.2500 +0.7972 +0.1695 +50.34 1.000 +0.0507 +0.1556
24.180 move +0.0560 +0.2500 +0.7988 +0.1725 +50.84 1.000 +0.0067 +0.0818
24.200 move +0.0560 +0.2500 +0.8006 +0.1744 +51.27 0.997 +0.0064 +0.0418
24.220 move +0.0560 +0.2500 +0.8024 +0.1761 +52.26 0.993 +0.0067 +0.0561
24.240 move +0.0560 +0.2500 +0.8044 +0.1777 +52.65 0.989 +0.0067 +0.0978
24.260 move +0.0560 +0.2500 +0.8067 +0.1787 +52.65 0.987 +0.0056 +0.1142
24.280 move +0.0560 +0.2500 +0.8091 +0.1786 +52.61 0.987 +0.0037 +0.0703
24.300 move +0.0560 +0.2500 +0.8116 +0.1776 +52.52 0.989 +0.0011 +0.0683
24.320 move +0.0560 +0.2500 +0.8145 +0.1757 +52.63 0.991 -0.0021 +0.0443
24.340 move +0.0560 +0.2500 +0.8177 +0.1733 +52.69 0.994 -0.0057 +0.0461
24.360 move +0.0560 +0.2500 +0.8213 +0.1711 +52.60 0.995 -0.0093 +0.0591
24.380 move +0.0560 +0.2500 +0.8252 +0.1692 +52.46 0.995 -0.0127 +0.0651
24.400 move +0.0560 +0.2500 +0.8297 +0.1672 +52.68 0.993 -0.0163 +0.0300
24.420 move +0.0560 +0.2500 +0.8334 +0.1652 +52.82 0.989 +0.0416 -0.0611
24.440 move +0.0560 +0.2500 +0.8345 +0.1629 +53.13 0.983 +0.0244 -0.1631
24.460 move +0.0560 +0.2500 +0.8343 +0.1605 +53.07 0.977 +0.0259 -0.1785
24.480 move +0.0560 +0.2500 +0.8337 +0.1584 +53.30 0.975 +0.0269 -0.1068
24.500 move +0.0560 +0.2500 +0.8328 +0.1565 +53.67 0.976 +0.0274 -0.0839
24.520 move +0.0560 +0.2500 +0.8314 +0.1545 +54.05 0.978 +0.0274 -0.0834
24.540 move +0.0560 +0.2500 +0.8295 +0.1524 +54.30 0.981 +0.0268 -0.0748
24.560 move +0.0560 +0.2500 +0.8270 +0.1515 +54.59 0.985 +0.0253 -0.0362
24.580 move +0.0560 +0.2500 +0.8243 +0.1523 +54.62 0.988 +0.0230 +0.0436
24.600 move +0.0560 +0.2500 +0.8217 +0.1548 +54.53 0.991 +0.0202 +0.0935
24.620 move +0.0560 +0.2500 +0.8196 +0.1585 +54.52 0.993 +0.0169 +0.1361
24.640 move +0.0560 +0.2500 +0.8178 +0.1635 +54.38 0.995 +0.0131 +0.1590
24.660 move +0.0560 +0.2500 +0.8166 +0.1694 +54.44 0.997 +0.0094 +0.2014
24.680 move +0.0560 +0.2500 +0.8161 +0.1758 +54.59 0.999 +0.0053 +0.2058
24.700 move +0.0560 +0.2500 +0.8157 +0.1814 +54.57 1.000 +0.0473 +0.1242
24.720 move +0.0560 +0.2500 +0.8157 +0.1844 +54.96 0.999 +0.0032 +0.0341
24.740 move +0.0560 +0.2500 +0.8160 +0.1862 +55.31 0.997 +0.0037 -0.0066
24.760 move +0.0560 +0.2500 +0.8163 +0.1878 +56.17 0.992 +0.0047 +0.0145
24.780 move +0.0560 +0.2500 +0.8169 +0.1892 +56.51 0.988 +0.0054 +0.0546
24.800 move +0.0560 +0.2500 +0.8179 +0.1900 +56.42 0.987 +0.0052 +0.0618
24.820 move +0.0560 +0.2500 +0.8191 +0.1900 +56.37 0.987 +0.0041 +0.0558
24.840 move +0.0560 +0.2500 +0.8205 +0.1889 +56.29 0.989 +0.0022 +0.0092
24.860 move +0.0560 +0.2500 +0.8222 +0.1868 +56.24 0.992 -0.0004 +0.0002
24.880 move +0.0560 +0.2500 +0.8245 +0.1840 +56.23 0.995 -0.0035 -0.0012
24.900 move +0.0560 +0.2500 +0.8273 +0.1815 +56.08 0.997 -0.0068 +0.0208
24.920 move +0.0560 +0.2500 +0.8305 +0.1794 +55.87 0.998 -0.0099 +0.0350
24.940 move +0.0560 +0.2500 +0.8339 +0.1777 +55.65 0.997 +0.0446 +0.0088
24.960 move +0.0560 +0.2500 +0.8370 +0.1759 +55.74 0.995 +0.0463 -0.0234
24.980 move +0.0560 +0.2500 +0.8398 +0.1740 +55.24 0.994 +0.0500 -0.0021
25.000 move +0.0560 +0.2500 +0.8406 +0.1722 +53.95 0.993 +0.0158 -0.1426
25.020 move +0.0560 +0.2500 +0.8398 +0.1699 +53.04 0.990 +0.0170 -0.1503
25.040 move +0.0560 +0.2500 +0.8387 +0.1678 +53.13 0.990 +0.0177 -0.1088
25.060 move +0.0560 +0.2500 +0.8373 +0.1656 +53.35 0.990 +0.0180 -0.0984
25.080 move +0.0560 +0.2500 +0.8355 +0.1633 +53.56 0.991 +0.0180 -0.0995
25.100 move +0.0560 +0.2500 +0.8337 +0.1621 +53.76 0.992 +0.0174 -0.0110
25.120 move +0.0560 +0.2500 +0.8319 +0.1626 +53.81 0.993 +0.0158 +0.0379
25.140 move +0.0560 +0.2500 +0.8303 +0.1645 +53.75 0.993 +0.0137 +0.1001
25.160 move +0.0560 +0.2500 +0.8292 +0.1679 +53.72 0.992 +0.0112 +0.1512
25.180 move +0.0560 +0.2500 +0.8286 +0.1723 +53.94 0.993 +0.0088 +0.1862
25.200 move +0.0560 +0.2500 +0.8283 +0.1775 +54.07 0.994 +0.0062 +0.1970
25.220 move +0.0560 +0.2500 +0.8287 +0.1837 +54.23 0.997 +0.0036 +0.2311
25.240 move +0.0560 +0.2500 +0.8295 +0.1900 +54.41 0.999 +0.0004 +0.2265
25.260 move +0.0560 +0.2500 +0.8304 +0.1954 +54.45 1.000 +0.0525 +0.1636
25.280 move +0.0560 +0.2500 +0.8318 +0.1986 +54.89 1.000 +0.0067 +0.0868
25.300 move +0.0560 +0.2500 +0.8335 +0.2007 +55.25 0.998 +0.0063 +0.0449
25.320 move +0.0560 +0.2500 +0.8353 +0.2025 +56.07 0.994 +0.0064 +0.0616
25.340 move +0.0560 +0.2500 +0.8373 +0.2041 +56.59 0.990 +0.0064 +0.0948
25.360 move +0.0560 +0.2500 +0.8396 +0.2052 +56.60 0.988 +0.0053 +0.1122
25.380 move +0.0560 +0.2500 +0.8420 +0.2052 +56.54 0.989 +0.0033 +0.0657
25.400 move +0.0560 +0.2500 +0.8446 +0.2043 +56.45 0.990 +0.0007 +0.0632
25.420 move +0.0560 +0.2500 +0.8476 +0.2024 +56.56 0.993 -0.0025 +0.0383
25.440 move +0.0560 +0.2500 +0.8510 +0.2003 +56.58 0.995 -0.0061 +0.0460
25.460 move +0.0560 +0.2500 +0.8547 +0.1984 +56.47 0.996 -0.0096 +0.0599
25.480 move +0.0560 +0.2500 +0.8588 +0.1968 +56.32 0.996 -0.0130 +0.0677
25.500 move +0.0560 +0.2500 +0.8634 +0.1951 +56.52 0.993 +0.0422 +0.0332
25.520 move +0.0560 +0.2500 +0.8672 +0.1932 +56.56 0.990 +0.0439 -0.0664
25.540 move +0.0560 +0.2500 +0.8683 +0.1908 +56.75 0.986 +0.0238 -0.1625
25.560 move +0.0560 +0.2500 +0.8681 +0.1883 +56.69 0.980 +0.0251 -0.1800
25.580 move +0.0560 +0.2500 +0.8674 +0.1861 +56.96 0.978 +0.0260 -0.1166
25.600 move +0.0560 +0.2500 +0.8664 +0.1840 +57.29 0.979 +0.0265 -0.0938
25.620 move +0.0560 +0.2500 +0.8650 +0.1817 +57.65 0.981 +0.0264 -0.0950
25.640 move +0.0560 +0.2500 +0.8630 +0.1794 +57.90 0.984 +0.0257 -0.0707
25.660 move +0.0560 +0.2500 +0.8604 +0.1786 +58.14 0.987 +0.0241 -0.0273
25.680 move +0.0560 +0.2500 +0.8577 +0.1794 +58.08 0.989 +0.0217 +0.0477
25.700 move +0.0560 +0.2500 +0.8551 +0.1820 +57.96 0.991 +0.0187 +0.1033
25.720 move +0.0560 +0.2500 +0.8529 +0.1857 +57.97 0.992 +0.0154 +0.1458
25.740 move +0.0560 +0.2500 +0.8511 +0.1906 +57.94 0.994 +0.0119 +0.1655
25.760 move +0.0560 +0.2500 +0.8497 +0.1965 +57.93 0.997 +0.0082 +0.2035
25.780 move +0.0560 +0.2500 +0.8489 +0.2031 +58.01 0.999 +0.0041 +0.2243
25.800 move +0.0560 +0.2500 +0.8485 +0.2089 +58.01 1.000 +0.0484 +0.1353
25.820 move +0.0560 +0.2500 +0.8485 +0.2120 +58.45 1.000 +0.0040 +0.0519
25.840 move +0.0560 +0.2500 +0.8490 +0.2140 +58.82 0.997 +0.0044 +0.0054
25.860 move +0.0560 +0.2500 +0.8495 +0.2157 +59.72 0.993 +0.0053 +0.0174
25.880 move +0.0560 +0.2500 +0.8503 +0.2172 +60.10 0.989 +0.0058 +0.0605
25.900 move +0.0560 +0.2500 +0.8515 +0.2182 +60.00 0.987 +0.0054 +0.0710
25.920 move +0.0560 +0.2500 +0.8531 +0.2185 +59.96 0.987 +0.0041 +0.0667
25.940 move +0.0560 +0.2500 +0.8549 +0.2176 +59.88 0.989 +0.0020 +0.0225
25.960 move +0.0560 +0.2500 +0.8571 +0.2157 +59.82 0.991 -0.0008 +0.0137
25.980 move +0.0560 +0.2500 +0.8597 +0.2130 +59.86 0.994 -0.0040 -0.0022
26.000 move +0.0560 +0.2500 +0.8629 +0.2106 +59.75 0.997 -0.0075 +0.0209
26.020 move +0.0560 +0.2500 +0.8664 +0.2085 +59.55 0.997 -0.0109 +0.0340
26.040 move +0.0560 +0.2500 +0.8701 +0.2068 +59.31 0.996 +0.0437 +0.0072
26.060 move +0.0560 +0.2500 +0.8736 +0.2049 +59.40 0.994 +0.0454 -0.0288
26.080 move +0.0560 +0.2500 +0.8766 +0.2030 +58.77 0.993 +0.0494 -0.0049
26.100 move +0.0560 +0.2500 +0.8774 +0.2010 +57.58 0.991 +0.0174 -0.1608
26.120 move +0.0560 +0.2500 +0.8769 +0.1985 +56.85 0.989 +0.0187 -0.1546
26.140 move +0.0560 +0.2500 +0.8760 +0.1962 +57.03 0.988 +0.0195 -0.1108
26.160 move +0.0560 +0.2500 +0.8748 +0.1939 +57.30 0.989 +0.0199 -0.0991
26.180 move +0.0560 +0.2500 +0.8731 +0.1914 +57.51 0.989 +0.0199 -0.1064
26.200 move +0.0560 +0.2500 +0.8713 +0.1900 +57.72 0.991 +0.0192 -0.0174
26.220 move +0.0560 +0.2500 +0.8695 +0.1902 +57.75 0.992 +0.0176 +0.0327
26.240 move +0.0560 +0.2500 +0.8676 +0.1920 +57.65 0.992 +0.0154 +0.0954
26.260 move +0.0560 +0.2500 +0.8660 +0.1952 +57.58 0.992 +0.0128 +0.1471
26.280 move +0.0560 +0.2500 +0.8649 +0.1996 +57.77 0.992 +0.0101 +0.1821
26.300 move +0.0560 +0.2500 +0.8641 +0.2049 +57.88 0.994 +0.0073 +0.1927
26.320 move +0.0560 +0.2500 +0.8638 +0.2110 +58.03 0.997 +0.0045 +0.2258
26.340 move +0.0560 +0.2500 +0.8640 +0.2175 +58.19 0.999 +0.0011 +0.2313
26.360 move +0.0560 +0.2500 +0.8643 +0.2230 +58.29 1.000 +0.0523 +0.1551
26.380 move +0.0560 +0.2500 +0.8653 +0.2262 +58.78 1.000 +0.0062 +0.0788
26.400 move +0.0560 +0.2500 +0.8667 +0.2284 +59.20 0.998 +0.0059 +0.0394
26.420 move +0.0560 +0.2500 +0.8682 +0.2302 +60.03 0.994 +0.0062 +0.0547
26.440 move +0.0560 +0.2500 +0.8699 +0.2319 +60.55 0.990 +0.0063 +0.0880
26.460 move +0.0560 +0.2500 +0.8719 +0.2330 +60.55 0.989 +0.0052 +0.1051
26.480 move +0.0560 +0.2500 +0.8742 +0.2332 +60.48 0.989 +0.0034 +0.0613
26.500 move +0.0560 +0.2500 +0.8768 +0.2323 +60.39 0.990 +0.0007 +0.0552
26.520 move +0.0560 +0.2500 +0.8797 +0.2305 +60.47 0.993 -0.0025 +0.0287
26.540 move +0.0560 +0.2500 +0.8831 +0.2284 +60.47 0.996 -0.0060 +0.0369
26.560 move +0.0560 +0.2500 +0.8869 +0.2266 +60.34 0.997 -0.0096 +0.0521
26.580 move +0.0560 +0.2500 +0.8910 +0.2251 +60.18 0.996 -0.0130 +0.0610
26.600 move +0.0560 +0.2500 +0.8956 +0.2236 +60.39 0.994 +0.0435 +0.0245
26.620 move +0.0560 +0.2500 +0.8995 +0.2217 +60.36 0.992 +0.0456 -0.0683
26.640 move +0.0560 +0.2500 +0.9006 +0.2193 +60.57 0.988 +0.0226 -0.1734
26.660 move +0.0560 +0.2500 +0.9003 +0.2166 +60.55 0.983 +0.0238 -0.1875
26.680 move +0.0560 +0.2500 +0.8996 +0.2141 +60.90 0.981 +0.0247 -0.1285
26.700 move +0.0560 +0.2500 +0.8987 +0.2116 +61.27 0.982 +0.0251 -0.1057
26.720 move +0.0560 +0.2500 +0.8972 +0.2090 +61.60 0.983 +0.0250 -0.1079
26.740 move +0.0560 +0.2500 +0.8953 +0.2065 +61.82 0.986 +0.0244 -0.0714
26.760 move +0.0560 +0.2500 +0.8928 +0.2055 +61.99 0.988 +0.0228 -0.0247
26.780 move +0.0560 +0.2500 +0.8901 +0.2062 +61.93 0.990 +0.0205 +0.0480
26.800 move +0.0560 +0.2500 +0.8875 +0.2085 +61.79 0.991 +0.0175 +0.1046
26.820 move +0.0560 +0.2500 +0.8851 +0.2121 +61.83 0.992 +0.0144 +0.1446
26.840 move +0.0560 +0.2500 +0.8830 +0.2168 +61.85 0.993 +0.0109 +0.1622
26.860 move +0.0560 +0.2500 +0.8813 +0.2225 +61.88 0.996 +0.0074 +0.2007
26.880 move +0.0560 +0.2500 +0.8801 +0.2289 +62.02 0.998 +0.0035 +0.2262
26.900 move +0.0560 +0.2500 +0.8795 +0.2350 +62.01 1.000 +0.0512 +0.1589
26.920 move +0.0560 +0.2500 +0.8794 +0.2384 +62.42 1.000 +0.0485 +0.0699
26.940 move +0.0560 +0.2500 +0.8801 +0.2406 +62.77 0.998 +0.0048 +0.0131
26.960 move +0.0560 +0.2500 +0.8808 +0.2423 +63.51 0.995 +0.0053 +0.0255
26.980 move +0.0560 +0.2500 +0.8817 +0.2439 +64.06 0.991 +0.0058 +0.0645
27.000 move +0.0560 +0.2500 +0.8830 +0.2452 +64.04 0.989 +0.0054 +0.0773
27.020 move +0.0560 +0.2500 +0.8847 +0.2457 +64.01 0.989 +0.0041 +0.0726
27.040 move +0.0560 +0.2500 +0.8867 +0.2450 +63.94 0.990 +0.0020 +0.0314
27.060 move +0.0560 +0.2500 +0.8891 +0.2434 +63.89 0.993 -0.0008 +0.0181
27.080 move +0.0560 +0.2500 +0.8920 +0.2411 +63.89 0.995 -0.0042 +0.0029
27.100 move +0.0560 +0.2500 +0.8955 +0.2390 +63.76 0.997 -0.0077 +0.0277
27.120 move +0.0560 +0.2500 +0.8992 +0.2373 +63.55 0.998 -0.0111 +0.0418
27.140 move +0.0560 +0.2500 +0.9032 +0.2360 +63.31 0.996 +0.0442 +0.0144
27.160 move +0.0560 +0.2500 +0.9069 +0.2345 +63.41 0.995 +0.0459 -0.0208
27.180 move +0.0560 +0.2500 +0.9102 +0.2329 +62.78 0.993 +0.0495 +0.0028
27.200 move +0.0560 +0.2500 +0.9112 +0.2310 +61.50 0.992 +0.0178 -0.1548
27.220 move +0.0560 +0.2500 +0.9109 +0.2286 +60.71 0.989 +0.0192 -0.1506
27.240 move +0.0560 +0.2500 +0.9103 +0.2263 +60.87 0.988 +0.0201 -0.1076
27.260 move +0.0560 +0.2500 +0.9093 +0.2240 +61.12 0.988 +0.0205 -0.0955
27.280 move +0.0560 +0.2500 +0.9079 +0.2214 +61.34 0.989 +0.0206 -0.1072
27.300 move +0.0560 +0.2500 +0.9063 +0.2198 +61.55 0.990 +0.0199 -0.0184
27.320 move +0.0560 +0.2500 +0.9045 +0.2198 +61.58 0.991 +0.0184 +0.0328
27.340 move +0.0560 +0.2500 +0.9025 +0.2215 +61.49 0.992 +0.0162 +0.0959
27.360 move +0.0560 +0.2500 +0.9008 +0.2247 +61.40 0.991 +0.0136 +0.1477
27.380 move +0.0560 +0.2500 +0.8993 +0.2289 +61.56 0.992 +0.0109 +0.1826
27.400 move +0.0560 +0.2500 +0.8982 +0.2341 +61.66 0.994 +0.0080 +0.1930
27.420 move +0.0560 +0.2500 +0.8974 +0.2403 +61.77 0.997 +0.0051 +0.2213
27.440 move +0.0560 +0.2500 +0.8971 +0.2467 +61.90 0.999 +0.0016 +0.2280
27.460 move +0.0560 +0.2500 +0.8971 +0.2524 +61.93 1.000 +0.0519 +0.1626
27.480 move +0.0560 +0.2500 +0.8978 +0.2558 +62.37 1.000 +0.0058 +0.0837
27.500 move +0.0560 +0.2500 +0.8990 +0.2581 +62.75 0.998 +0.0056 +0.0401
27.520 move +0.0560 +0.2500 +0.9004 +0.2600 +63.56 0.994 +0.0058 +0.0540
27.540 move +0.0560 +0.2500 +0.9019 +0.2618 +64.07 0.990 +0.0059 +0.0880
27.560 move +0.0560 +0.2500 +0.9039 +0.2632 +64.05 0.988 +0.0049 +0.1065
27.580 move +0.0560 +0.2500 +0.9062 +0.2635 +63.98 0.989 +0.0030 +0.0689
27.600 move +0.0560 +0.2500 +0.9089 +0.2629 +63.91 0.990 +0.0004 +0.0592
27.620 move +0.0560 +0.2500 +0.9119 +0.2614 +63.95 0.993 -0.0029 +0.0313
27.640 move +0.0560 +0.2500 +0.9153 +0.2594 +63.99 0.995 -0.0064 +0.0286
27.660 move +0.0560 +0.2500 +0.9191 +0.2577 +63.89 0.996 -0.0099 +0.0464
27.680 move +0.0560 +0.2500 +0.9232 +0.2563 +63.71 0.996 -0.0134 +0.0548
27.700 move +0.0560 +0.2500 +0.9278 +0.2549 +63.94 0.994 +0.0438 +0.0064
27.720 move +0.0560 +0.2500 +0.9316 +0.2530 +63.63 0.992 +0.0474 -0.0674
27.740 move +0.0560 +0.2500 +0.9327 +0.2505 +63.51 0.989 +0.0212 -0.1852
27.760 move +0.0560 +0.2500 +0.9324 +0.2478 +63.41 0.985 +0.0224 -0.1794
27.780 move +0.0560 +0.2500 +0.9318 +0.2452 +63.79 0.984 +0.0231 -0.1304
27.800 move +0.0560 +0.2500 +0.9309 +0.2426 +64.12 0.984 +0.0236 -0.1087
27.820 move +0.0560 +0.2500 +0.9296 +0.2398 +64.39 0.986 +0.0235 -0.1126
27.840 move +0.0560 +0.2500 +0.9278 +0.2371 +64.55 0.988 +0.0230 -0.0729
27.860 move +0.0560 +0.2500 +0.9254 +0.2360 +64.71 0.989 +0.0216 -0.0208
27.880 move +0.0560 +0.2500 +0.9229 +0.2366 +64.66 0.990 +0.0193 +0.0541
27.900 move +0.0560 +0.2500 +0.9203 +0.2388 +64.55 0.991 +0.0165 +0.1078
27.920 move +0.0560 +0.2500 +0.9179 +0.2422 +64.58 0.991 +0.0134 +0.1452
27.940 move +0.0560 +0.2500 +0.9157 +0.2467 +64.63 0.992 +0.0101 +0.1607
27.960 move +0.0560 +0.2500 +0.9138 +0.2522 +64.64 0.995 +0.0066 +0.1942
27.980 move +0.0560 +0.2500 +0.9124 +0.2584 +64.71 0.997 +0.0027 +0.2161
28.000 move +0.0560 +0.2500 +0.9115 +0.2645 +64.62 0.999 +0.0535 +0.1765
28.020 move +0.0560 +0.2500 +0.9112 +0.2681 +64.90 1.000 +0.0507 +0.0801
28.040 move +0.0560 +0.2500 +0.9118 +0.2704 +65.10 0.999 +0.0058 +0.0260
28.060 move +0.0560 +0.2500 +0.9125 +0.2721 +65.62 0.996 +0.0061 +0.0207
28.080 move +0.0560 +0.2500 +0.9134 +0.2737 +66.28 0.992 +0.0066 +0.0543
28.100 move +0.0560 +0.2500 +0.9147 +0.2750 +66.25 0.990 +0.0062 +0.0731
28.120 move +0.0560 +0.2500 +0.9164 +0.2755 +66.18 0.990 +0.0048 +0.0693
28.140 move +0.0560 +0.2500 +0.9185 +0.2749 +66.10 0.991 +0.0027 +0.0304
28.160 move +0.0560 +0.2500 +0.9210 +0.2734 +66.05 0.994 -0.0002 +0.0130
28.180 move +0.0560 +0.2500 +0.9240 +0.2712 +66.00 0.996 -0.0036 +0.0076
28.200 move +0.0560 +0.2500 +0.9277 +0.2693 +65.84 0.998 -0.0071 +0.0326
28.220 move +0.0560 +0.2500 +0.9315 +0.2679 +65.64 0.998 -0.0105 +0.0487
28.240 move +0.0560 +0.2500 +0.9356 +0.2669 +65.45 0.997 +0.0452 +0.0194
28.260 move +0.0560 +0.2500 +0.9395 +0.2657 +65.55 0.995 +0.0465 -0.0119
28.280 move +0.0560 +0.2500 +0.9430 +0.2644 +65.04 0.994 +0.0497 +0.0145
28.300 move +0.0560 +0.2500 +0.9444 +0.2624 +63.81 0.992 +0.0173 -0.1511
28.320 move +0.0560 +0.2500 +0.9444 +0.2599 +63.02 0.990 +0.0189 -0.1505
28.340 move +0.0560 +0.2500 +0.9440 +0.2575 +63.20 0.989 +0.0199 -0.1083
28.360 move +0.0560 +0.2500 +0.9433 +0.2551 +63.47 0.989 +0.0205 -0.0966
28.380 move +0.0560 +0.2500 +0.9421 +0.2524 +63.71 0.989 +0.0207 -0.1036
28.400 move +0.0560 +0.2500 +0.9407 +0.2507 +63.92 0.990 +0.0201 -0.0142
28.420 move +0.0560 +0.2500 +0.9390 +0.2508 +63.95 0.991 +0.0187 +0.0370
28.440 move +0.0560 +0.2500 +0.9372 +0.2524 +63.85 0.991 +0.0166 +0.1009
28.460 move +0.0560 +0.2500 +0.9354 +0.2555 +63.75 0.991 +0.0140 +0.1518
28.480 move +0.0560 +0.2500 +0.9340 +0.2598 +63.89 0.992 +0.0114 +0.1864
28.500 move +0.0560 +0.2420 +0.9327 +0.2650 +63.98 0.994 +0.0086 +0.1952
28.520 move +0.0560 +0.2340 +0.9317 +0.2711 +64.08 0.996 +0.0056 +0.2225
28.540 move +0.0560 +0.2260 +0.9312 +0.2775 +64.16 0.999 +0.0021 +0.2256
28.560 move +0.0560 +0.2180 +0.9309 +0.2832 +64.10 1.000 +0.0525 +0.1623
28.580 move +0.0560 +0.2100 +0.9313 +0.2866 +64.43 1.000 +0.0056 +0.0808
28.600 move +0.0560 +0.2020 +0.9324 +0.2889 +64.72 0.998 +0.0054 +0.0349
28.620 move +0.0560 +0.1940 +0.9336 +0.2909 +65.53 0.994 +0.0057 +0.0513
28.640 move +0.0560 +0.1860 +0.9350 +0.2927 +65.91 0.990 +0.0057 +0.0877
28.660 move +0.0560 +0.1780 +0.9369 +0.2941 +65.86 0.989 +0.0047 +0.1062
28.680 move +0.0560 +0.1700 +0.9391 +0.2945 +65.78 0.989 +0.0029 +0.0742
28.700 move +0.0560 +0.1620 +0.9418 +0.2940 +65.75 0.991 +0.0003 +0.0630
28.720 move +0.0560 +0.1540 +0.9449 +0.2926 +65.81 0.994 -0.0028 +0.0338
28.740 move +0.0560 +0.1460 +0.9484 +0.2910 +65.80 0.996 -0.0062 +0.0455
28.760 move +0.0560 +0.1380 +0.9523 +0.2898 +65.64 0.997 -0.0097 +0.0664
28.780 move +0.0560 +0.1300 +0.9566 +0.2889 +65.46 0.997 -0.0130 +0.0710
28.800 move +0.0560 +0.1220 +0.9614 +0.2882 +65.47 0.995 +0.0424 +0.0445
28.820 move +0.0560 +0.1140 +0.9657 +0.2872 +64.28 0.993 +0.0470 -0.0055
28.840 move +0.0560 +0.1060 +0.9673 +0.2855 +62.91 0.990 +0.0190 -0.1565
28.860 move +0.0560 +0.0980 +0.9676 +0.2835 +62.35 0.986 +0.0203 -0.1307
28.880 move +0.0560 +0.0900 +0.9676 +0.2816 +62.44 0.985 +0.0214 -0.0898
28.900 move +0.0560 +0.0820 +0.9674 +0.2797 +62.55 0.985 +0.0221 -0.0704
28.920 move +0.0560 +0.0740 +0.9668 +0.2776 +62.68 0.986 +0.0226 -0.0761
28.940 move +0.0560 +0.0660 +0.9656 +0.2752 +62.74 0.987 +0.0226 -0.0752
28.960 move +0.0560 +0.0580 +0.9638 +0.2738 +62.97 0.989 +0.0216 -0.0347
28.980 move +0.0560 +0.0500 +0.9616 +0.2740 +63.01 0.991 +0.0199 +0.0329
29.000 move +0.0560 +0.0420 +0.9593 +0.2757 +62.97 0.992 +0.0175 +0.0817
29.020 move +0.0560 +0.0340 +0.9572 +0.2786 +62.97 0.993 +0.0147 +0.1148
29.040 move +0.0560 +0.0260 +0.9554 +0.2828 +62.92 0.995 +0.0114 +0.1451
29.060 move +0.0560 +0.0180 +0.9539 +0.2880 +63.12 0.998 +0.0085 +0.1938
29.080 move +0.0560 +0.0100 +0.9531 +0.2940 +63.44 0.999 +0.0058 +0.2089
29.100 move +0.0560 +0.0020 +0.9521 +0.2996 +63.71 1.000 +0.0514 +0.1682
29.120 move +0.0560 +0.0000 +0.9512 +0.3034 +63.83 0.999 -0.0037 +0.0333
29.140 move +0.0560 +0.0000 +0.9506 +0.3060 +64.21 0.996 -0.0020 +0.0194
29.160 move +0.0560 +0.0000 +0.9503 +0.3084 +64.11 0.992 -0.0009 +0.0524
29.180 move +0.0560 +0.0000 +0.9502 +0.3104 +63.93 0.990 +0.0001 +0.0700
29.200 move +0.0560 +0.0000 +0.9504 +0.3117 +63.73 0.990 +0.0004 +0.0680
29.220 move +0.0560 +0.0000 +0.9509 +0.3123 +63.66 0.991 +0.0000 +0.0667
29.240 move +0.0560 +0.0000 +0.9516 +0.3118 +63.68 0.994 -0.0010 +0.0337
29.260 move +0.0560 +0.0000 +0.9531 +0.3108 +63.73 0.997 -0.0027 +0.0494
29.280 move +0.0560 +0.0000 +0.9553 +0.3099 +63.51 0.999 -0.0048 +0.0580
29.300 move +0.0560 +0.0000 +0.9580 +0.3096 +63.23 1.000 -0.0068 +0.0887
29.320 move +0.0560 +0.0000 +0.9611 +0.3099 +63.28 0.999 -0.0090 +0.0997
29.340 move +0.0560 +0.0000 +0.9648 +0.3112 +63.34 0.999 -0.0114 +0.1393
29.360 move +0.0560 +0.0000 +0.9688 +0.3130 +63.05 0.998 -0.0138 +0.1720
29.380 move +0.0560 +0.0000 +0.9720 +0.3147 +62.49 0.996 +0.0541 +0.0232
29.400 move +0.0560 +0.0000 +0.9729 +0.3149 +61.91 0.992 +0.0153 -0.0633
29.420 move +0.0560 +0.0000 +0.9730 +0.3148 +61.68 0.989 +0.0160 -0.0420
29.440 move +0.0560 +0.0000 +0.9731 +0.3146 +61.77 0.988 +0.0166 -0.0146
29.460 move +0.0560 +0.0000 +0.9730 +0.3141 +61.89 0.989 +0.0169 -0.0143
29.480 move +0.0560 +0.0000 +0.9724 +0.3132 +61.95 0.989 +0.0170 -0.0310
29.500 move +0.0560 +0.0000 +0.9715 +0.3119 +61.92 0.991 +0.0168 -0.0156
29.520 move +0.0560 +0.0000 +0.9704 +0.3117 +62.05 0.993 +0.0158 +0.0233
29.540 move +0.0560 +0.0000 +0.9691 +0.3127 +62.13 0.995 +0.0144 +0.0822
29.560 move +0.0560 +0.0000 +0.9680 +0.3148 +62.15 0.996 +0.0128 +0.1170
29.580 move +0.0560 +0.0000 +0.9671 +0.3180 +62.24 0.996 +0.0109 +0.1510
29.600 move +0.0560 +0.0000 +0.9666 +0.3221 +62.24 0.998 +0.0089 +0.1632
29.620 move +0.0560 +0.0000 +0.9666 +0.3273 +62.20 0.999 +0.0069 +0.2126
29.640 move +0.0560 +0.0000 +0.9666 +0.3323 +62.42 1.000 +0.0050 +0.1616
29.660 move +0.0560 +0.0000 +0.9665 +0.3368 +62.72 0.999 +0.0476 +0.1302
29.680 move +0.0560 +0.0000 +0.9664 +0.3396 +62.83 0.997 -0.0043 +0.0088
29.700 move +0.0560 +0.0000 +0.9666 +0.3416 +63.09 0.993 -0.0036 +0.0317
29.720 move +0.0560 +0.0000 +0.9672 +0.3432 +62.93 0.990 -0.0032 +0.0591
29.740 move +0.0560 +0.0000 +0.9678 +0.3445 +62.81 0.990 -0.0032 +0.0640
29.760 move +0.0560 +0.0000 +0.9686 +0.3450 +62.80 0.991 -0.0036 +0.0674
29.780 move +0.0560 +0.0000 +0.9695 +0.3447 +62.93 0.993 -0.0046 +0.0314
29.800 move +0.0560 +0.0000 +0.9705 +0.3435 +63.23 0.995 -0.0059 +0.0215
29.820 move +0.0560 +0.0000 +0.9722 +0.3424 +63.16 0.998 -0.0077 +0.0474
29.840 move +0.0560 +0.0000 +0.9745 +0.3420 +62.82 0.999 -0.0096 +0.0770
29.860 move +0.0560 +0.0000 +0.9771 +0.3423 +62.49 0.999 -0.0113 +0.1150
29.880 move +0.0560 +0.0000 +0.9805 +0.3435 +62.58 0.998 -0.0133 +0.1296
29.900 move +0.0560 +0.0000 +0.9848 +0.3455 +62.83 0.996 -0.0158 +0.1696
29.920 move +0.0560 +0.0000 +0.9893 +0.3480 +62.36 0.995 +0.0382 +0.1522
29.940 move +0.0560 +0.0000 +0.9914 +0.3494 +61.19 0.991 +0.0151 -0.0378
29.960 move +0.0560 +0.0000 +0.9924 +0.3502 +60.62 0.984 +0.0160 -0.0347
29.980 move +0.0560 +0.0000 +0.9932 +0.3511 +60.53 0.980 +0.0167 +0.0084
30.000 move +0.0560 +0.0000 +0.9941 +0.3518 +60.46 0.979 +0.0174 +0.0385
30.020 move +0.0560 +0.0000 +0.9948 +0.3522 +60.42 0.979 +0.0180 +0.0464
30.040 move +0.0560 +0.0000 +0.9954 +0.3523 +60.33 0.980 +0.0185 +0.0558
30.060 move +0.0560 +0.0000 +0.9954 +0.3518 +60.34 0.982 +0.0186 +0.0026
30.080 move +0.0560 +0.0000 +0.9949 +0.3508 +60.15 0.985 +0.0185 -0.0013
30.100 move +0.0560 +0.0000 +0.9942 +0.3502 +59.97 0.990 +0.0183 +0.0218
30.120 move +0.0560 +0.0000 +0.9935 +0.3505 +60.02 0.993 +0.0178 +0.0446
30.140 move +0.0560 +0.0000 +0.9929 +0.3513 +60.14 0.995 +0.0170 +0.0538
30.160 move +0.0560 +0.0000 +0.9926 +0.3529 +60.14 0.996 +0.0161 +0.0671
30.180 move +0.0560 +0.0000 +0.9928 +0.3553 +60.24 0.996 +0.0152 +0.0849
30.200 move +0.0560 +0.0000 +0.9929 +0.3574 +60.50 0.995 +0.0145 +0.0612
30.220 move +0.0392 +0.0000 +0.9932 +0.3589 +60.71 0.993 +0.0386 -0.0034
30.240 move +0.0408 +0.0000 +0.9935 +0.3591 +60.93 0.990 +0.0393 -0.0469
30.260 move +0.0424 +0.0000 +0.9941 +0.3586 +61.61 0.989 -0.0138 -0.0355
30.280 move +0.0440 +0.0000 +0.9947 +0.3578 +62.46 0.990 -0.0141 -0.0199
30.300 move +0.0456 +0.0000 +0.9952 +0.3565 +63.39 0.992 -0.0143 -0.0290
30.320 move +0.0472 +0.0000 +0.9954 +0.3547 +64.43 0.994 -0.0147 -0.0375
30.340 move +0.0488 +0.0000 +0.9955 +0.3526 +65.50 0.996 -0.0154 -0.0379
30.360 move +0.0504 +0.0000 +0.9961 +0.3511 +65.76 0.997 -0.0165 +0.0102
30.380 move +0.0520 +0.0000 +0.9974 +0.3504 +65.51 0.997 -0.0178 +0.0411
30.400 move +0.0536 +0.0000 +0.9994 +0.3505 +65.26 0.996 -0.0192 +0.0805
30.420 move +0.0552 +0.0000 +1.0022 +0.3518 +65.11 0.995 -0.0207 +0.1334
30.440 move +0.0560 +0.0000 +1.0058 +0.3545 +65.05 0.993 -0.0223 +0.2040
30.460 move +0.0560 +0.0000 +1.0101 +0.3578 +64.96 0.991 +0.0374 +0.2103
30.480 move +0.0560 +0.0000 +1.0133 +0.3608 +64.89 0.989 +0.0374 +0.1148
30.500 move +0.0392 +0.0000 +1.0145 +0.3635 +63.84 0.984 +0.0254 +0.0317
30.520 move +0.0408 +0.0000 +1.0146 +0.3659 +62.97 0.977 +0.0250 +0.0234
30.540 move +0.0424 +0.0000 +1.0143 +0.3682 +62.50 0.974 +0.0242 +0.0429
30.560 move +0.0440 +0.0000 +1.0135 +0.3704 +62.37 0.973 +0.0230 +0.0608
30.580 move +0.0456 +0.0000 +1.0124 +0.3723 +62.39 0.974 +0.0217 +0.0626
30.600 move +0.0472 +0.0000 +1.0111 +0.3740 +62.30 0.977 +0.0200 +0.0693
30.620 move +0.0488 +0.0000 +1.0094 +0.3750 +62.22 0.980 +0.0182 +0.0269
30.640 move +0.0504 +0.0000 +1.0073 +0.3757 +61.89 0.985 +0.0163 +0.0282
30.660 move +0.0520 +0.0000 +1.0049 +0.3760 +61.50 0.989 +0.0146 -0.0020
30.680 move +0.0536 +0.0000 +1.0028 +0.3764 +61.44 0.993 +0.0131 +0.0206
30.700 move +0.0552 +0.0000 +1.0013 +0.3771 +61.62 0.996 +0.0118 +0.0320
30.720 move +0.0560 +0.0000 +1.0001 +0.3782 +61.68 0.997 +0.0106 +0.0211
30.740 move +0.0560 +0.0000 +0.9990 +0.3792 +61.84 0.996 +0.0095 -0.0189
30.760 move +0.0392 +0.0000 +0.9979 +0.3797 +62.10 0.995 +0.0086 -0.0416
30.780 move +0.0392 +0.0000 +0.9969 +0.3794 +62.75 0.994 +0.0078 -0.0842
30.800 move +0.0392 +0.0000 +0.9962 +0.3780 +63.74 0.993 +0.0416 -0.1062
30.820 move +0.0408 +0.0000 +0.9962 +0.3758 +64.43 0.993 +0.0442 -0.0972
30.840 move +0.0424 +0.0000 +0.9968 +0.3729 +64.81 0.995 +0.0466 -0.0873
30.860 move +0.0440 +0.0000 +0.9977 +0.3699 +64.99 0.997 +0.0487 -0.0579
30.880 move +0.0456 +0.0000 +0.9990 +0.3670 +64.96 0.998 +0.0502 -0.0508
30.900 move +0.0472 +0.0000 +1.0009 +0.3641 +64.77 0.997 +0.0511 -0.0344
30.920 move +0.0392 +0.0000 +1.0040 +0.3613 +64.44 0.994 +0.0512 -0.0176
30.940 move +0.0392 +0.0000 +1.0091 +0.3585 +64.15 0.991 -0.0175 +0.0091
30.960 move +0.0408 +0.0000 +1.0155 +0.3560 +63.98 0.990 +0.0491 +0.0236
30.980 move +0.0424 +0.0000 +1.0225 +0.3548 +63.52 0.988 +0.0468 +0.1082
31.000 move +0.0440 +0.0000 +1.0284 +0.3546 +63.02 0.986 +0.0445 +0.0625
31.020 move +0.0456 +0.0000 +1.0322 +0.3546 +62.88 0.983 +0.0429 +0.0173
31.040 move +0.0472 +0.0000 +1.0344 +0.3548 +62.70 0.979 +0.0347 -0.0506
31.060 move +0.0488 +0.0000 +1.0353 +0.3548 +62.33 0.973 +0.0356 -0.0561
31.080 move +0.0504 +0.0000 +1.0356 +0.3550 +61.98 0.969 +0.0361 -0.0244
31.100 move +0.0520 +0.0000 +1.0354 +0.3552 +61.86 0.968 +0.0361 -0.0020
31.120 move +0.0536 +0.0000 +1.0347 +0.3552 +61.90 0.968 +0.0356 +0.0021
31.140 move +0.0552 +0.0000 +1.0334 +0.3552 +61.81 0.971 +0.0346 +0.0040
31.160 move +0.0560 +0.0000 +1.0313 +0.3551 +61.77 0.975 +0.0329 -0.0054
31.180 move +0.0560 +0.0000 +1.0287 +0.3563 +61.67 0.980 +0.0305 +0.0560
31.200 move +0.0560 +0.0000 +1.0257 +0.3588 +61.47 0.985 +0.0273 +0.0845
31.220 move +0.0560 +0.0000 +1.0225 +0.3622 +61.41 0.989 +0.0235 +0.1074
31.240 move +0.0560 +0.0000 +1.0192 +0.3665 +61.44 0.993 +0.0193 +0.1221
31.260 move +0.0560 +0.0000 +1.0162 +0.3719 +61.40 0.996 +0.0148 +0.1606
31.280 move +0.0560 +0.0000 +1.0139 +0.3778 +61.42 0.997 +0.0107 +0.1616
31.300 move +0.0560 +0.0000 +1.0116 +0.3835 +61.74 0.996 +0.0362 +0.1456
31.320 move +0.0392 +0.0000 +1.0094 +0.3879 +61.86 0.993 +0.0367 +0.0311
31.340 move +0.0408 +0.0000 +1.0073 +0.3909 +62.44 0.989 -0.0025 -0.0006
31.360 move +0.0424 +0.0000 +1.0057 +0.3935 +62.56 0.986 +0.0001 +0.0383
31.380 move +0.0440 +0.0000 +1.0044 +0.3956 +62.40 0.984 +0.0020 +0.0493
31.400 move +0.0456 +0.0000 +1.0034 +0.3970 +62.23 0.984 +0.0033 +0.0432
31.420 move +0.0472 +0.0000 +1.0028 +0.3977 +62.21 0.986 +0.0037 +0.0409
31.440 move +0.0488 +0.0000 +1.0028 +0.3973 +62.48 0.988 +0.0033 +0.0213
31.460 move +0.0504 +0.0000 +1.0032 +0.3960 +62.84 0.992 +0.0024 -0.0114
31.480 move +0.0520 +0.0000 +1.0040 +0.3936 +63.02 0.995 +0.0008 -0.0411
31.500 move +0.0536 +0.0000 +1.0057 +0.3914 +62.82 0.997 -0.0013 +0.0011
31.520 move +0.0552 +0.0000 +1.0080 +0.3899 +62.49 0.999 -0.0035 +0.0353
31.540 move +0.0560 +0.0000 +1.0109 +0.3892 +62.49 0.999 -0.0061 +0.0540
31.560 move +0.0560 +0.0000 +1.0142 +0.3896 +62.31 0.999 +0.0459 +0.1133
31.580 move +0.0560 +0.0000 +1.0175 +0.3902 +61.96 0.997 +0.0514 +0.0172
31.600 move +0.0560 +0.0000 +1.0189 +0.3896 +61.39 0.995 +0.0111 -0.0883
31.620 move +0.0560 +0.0000 +1.0195 +0.3886 +60.98 0.992 +0.0124 -0.0701
31.640 move +0.0560 +0.0000 +1.0200 +0.3875 +60.84 0.991 +0.0138 -0.0470
31.660 move +0.0560 +0.0000 +1.0202 +0.3860 +60.80 0.991 +0.0149 -0.0442
31.680 move +0.0560 +0.0000 +1.0201 +0.3841 +60.80 0.991 +0.0158 -0.0613
31.700 move +0.0560 +0.0000 +1.0196 +0.3820 +60.77 0.992 +0.0163 -0.0419
31.720 move +0.0560 +0.0000 +1.0188 +0.3810 +60.93 0.994 +0.0160 -0.0003
31.740 move +0.0560 +0.0000 +1.0179 +0.3813 +61.03 0.994 +0.0151 +0.0610
31.760 move +0.0560 +0.0000 +1.0171 +0.3828 +61.05 0.994 +0.0138 +0.0973
31.780 move +0.0560 +0.0000 +1.0164 +0.3855 +61.08 0.995 +0.0122 +0.1273
31.800 move +0.0560 +0.0000 +1.0161 +0.3893 +60.99 0.996 +0.0102 +0.1541
31.820 move +0.0560 +0.0000 +1.0163 +0.3943 +61.10 0.998 +0.0084 +0.2189
31.840 move +0.0560 +0.0000 +1.0169 +0.3997 +61.30 0.999 +0.0067 +0.1924
31.860 move +0.0560 +0.0000 +1.0173 +0.4049 +61.50 0.999 +0.0500 +0.1751
31.880 move +0.0560 +0.0000 +1.0178 +0.4084 +61.82 0.998 -0.0061 +0.0522
31.900 move +0.0560 +0.0000 +1.0184 +0.4111 +62.51 0.995 -0.0051 +0.0631
31.920 move +0.0560 +0.0000 +1.0193 +0.4136 +62.84 0.992 -0.0044 +0.0923
31.940 move +0.0560 +0.0000 +1.0201 +0.4157 +63.01 0.990 -0.0039 +0.1033
31.960 move +0.0560 +0.0000 +1.0210 +0.4172 +63.15 0.991 -0.0040 +0.1055
31.980 move +0.0560 +0.0000 +1.0220 +0.4178 +63.32 0.992 -0.0047 +0.0681
32.000 move +0.0560 +0.0000 +1.0232 +0.4175 +63.62 0.995 -0.0058 +0.0607
32.020 move +0.0560 +0.0000 +1.0251 +0.4172 +63.58 0.997 -0.0074 +0.0726
32.040 move +0.0560 +0.0000 +1.0273 +0.4172 +63.31 0.998 -0.0091 +0.0912
32.060 move +0.0560 +0.0000 +1.0298 +0.4179 +63.05 0.999 -0.0106 +0.1176
32.080 move +0.0560 +0.0000 +1.0329 +0.4191 +63.21 0.998 -0.0124 +0.1215
32.100 move +0.0560 +0.0000 +1.0367 +0.4210 +63.40 0.996 -0.0146 +0.1562
32.120 move +0.0560 +0.0000 +1.0407 +0.4236 +62.92 0.995 +0.0386 +0.1441
32.140 move +0.0560 +0.0000 +1.0425 +0.4250 +61.80 0.990 +0.0144 -0.0372
32.160 move +0.0560 +0.0000 +1.0433 +0.4259 +61.24 0.985 +0.0152 -0.0308
32.180 move +0.0560 +0.0000 +1.0440 +0.4268 +60.96 0.981 +0.0159 +0.0084
32.200 move +0.0560 +0.0000 +1.0447 +0.4275 +60.67 0.980 +0.0166 +0.0350
32.220 move +0.0560 +0.0000 +1.0453 +0.4280 +60.48 0.980 +0.0172 +0.0452
32.240 move +0.0560 +0.0000 +1.0458 +0.4281 +60.31 0.982 +0.0177 +0.0549
32.260 move +0.0560 +0.0000 +1.0458 +0.4276 +60.29 0.984 +0.0178 +0.0003
32.280 move +0.0560 +0.0000 +1.0453 +0.4266 +60.09 0.987 +0.0178 -0.0051
32.300 move +0.0560 +0.0000 +1.0446 +0.4260 +59.94 0.991 +0.0176 +0.0234
32.320 move +0.0560 +0.0000 +1.0440 +0.4262 +60.01 0.994 +0.0171 +0.0458
32.340 move +0.0560 +0.0000 +1.0434 +0.4271 +60.13 0.996 +0.0163 +0.0518
32.360 move +0.0560 +0.0000 +1.0432 +0.4287 +60.12 0.997 +0.0154 +0.0708
32.380 move +0.0560 +0.0000 +1.0434 +0.4312 +60.20 0.997 +0.0146 +0.0850
32.400 move +0.0560 +0.0000 +1.0436 +0.4332 +60.48 0.996 +0.0139 +0.0640
32.420 move +0.0392 +0.0000 +1.0439 +0.4347 +60.69 0.993 +0.0396 -0.0039
32.440 move +0.0408 +0.0000 +1.0443 +0.4349 +60.94 0.991 +0.0402 -0.0457
32.460 move +0.0424 +0.0000 +1.0449 +0.4344 +61.75 0.990 -0.0132 -0.0330
32.480 move +0.0440 +0.0000 +1.0456 +0.4336 +62.66 0.991 -0.0135 -0.0154
32.500 move +0.0456 +0.0000 +1.0462 +0.4324 +63.67 0.992 -0.0137 -0.0268
32.520 move +0.0472 +0.0000 +1.0464 +0.4307 +64.83 0.994 -0.0141 -0.0358
32.540 move +0.0488 +0.0000 +1.0465 +0.4286 +65.98 0.996 -0.0147 -0.0352
32.560 move +0.0504 +0.0000 +1.0472 +0.4272 +66.27 0.997 -0.0157 +0.0126
32.580 move +0.0520 +0.0000 +1.0484 +0.4266 +66.02 0.997 -0.0170 +0.0432
32.600 move +0.0536 +0.0000 +1.0504 +0.4268 +65.77 0.997 -0.0184 +0.0823
32.620 move +0.0552 +0.0000 +1.0532 +0.4282 +65.62 0.995 -0.0198 +0.1401
32.640 move +0.0560 +0.0000 +1.0567 +0.4310 +65.57 0.994 -0.0213 +0.2074
32.660 move +0.0560 +0.0000 +1.0609 +0.4343 +65.50 0.992 -0.0235 +0.2057
32.680 move +0.0560 +0.0000 +1.0642 +0.4375 +65.57 0.990 +0.0376 +0.1215
32.700 move +0.0392 +0.0000 +1.0655 +0.4403 +64.66 0.984 +0.0245 +0.0370
32.720 move +0.0408 +0.0000 +1.0658 +0.4428 +63.89 0.978 +0.0241 +0.0331
32.740 move +0.0424 +0.0000 +1.0655 +0.4452 +63.47 0.974 +0.0234 +0.0473
32.760 move +0.0440 +0.0000 +1.0648 +0.4474 +63.34 0.973 +0.0223 +0.0632
32.780 move +0.0456 +0.0000 +1.0639 +0.4494 +63.34 0.975 +0.0210 +0.0660
32.800 move +0.0472 +0.0000 +1.0627 +0.4510 +63.25 0.977 +0.0195 +0.0738
32.820 move +0.0488 +0.0000 +1.0612 +0.4521 +63.17 0.980 +0.0178 +0.0325
32.840 move +0.0504 +0.0000 +1.0593 +0.4528 +62.84 0.984 +0.0162 +0.0350
32.860 move +0.0520 +0.0000 +1.0572 +0.4530 +62.43 0.989 +0.0147 +0.0016
32.880 move +0.0536 +0.0000 +1.0553 +0.4533 +62.34 0.993 +0.0133 +0.0188
32.900 move +0.0552 +0.0000 +1.0540 +0.4538 +62.52 0.996 +0.0122 +0.0302
32.920 move +0.0560 +0.0000 +1.0530 +0.4547 +62.58 0.997 +0.0113 +0.0159
32.940 move +0.0560 +0.0000 +1.0519 +0.4555 +62.76 0.996 +0.0104 -0.0238
32.960 move +0.0392 +0.0000 +1.0510 +0.4558 +63.03 0.995 +0.0096 -0.0461
32.980 move +0.0392 +0.0000 +1.0501 +0.4552 +63.73 0.993 +0.0090 -0.0885
33.000 move +0.0408 +0.0000 +1.0496 +0.4536 +64.77 0.992 +0.0417 -0.1109
33.020 move +0.0424 +0.0000 +1.0498 +0.4512 +65.47 0.993 +0.0443 -0.1006
33.040 move +0.0440 +0.0000 +1.0506 +0.4483 +65.86 0.994 +0.0468 -0.0880
33.060 move +0.0456 +0.0000 +1.0518 +0.4453 +66.01 0.996 +0.0488 -0.0522
33.080 move +0.0392 +0.0000 +1.0532 +0.4423 +65.98 0.997 +0.0502 -0.0580
33.100 move +0.0408 +0.0000 +1.0550 +0.4394 +65.81 0.996 +0.0512 -0.0404
33.120 move +0.0392 +0.0000 +1.0582 +0.4366 +65.47 0.993 +0.0514 -0.0164
33.140 move +0.0392 +0.0000 +1.0636 +0.4338 +65.28 0.989 -0.0195 +0.0098
33.160 move +0.0408 +0.0000 +1.0702 +0.4313 +65.01 0.987 +0.0495 +0.0269
33.180 move +0.0424 +0.0000 +1.0774 +0.4302 +64.31 0.986 +0.0469 +0.1066
33.200 move +0.0440 +0.0000 +1.0831 +0.4300 +63.68 0.984 +0.0446 +0.0631
33.220 move +0.0456 +0.0000 +1.0868 +0.4302 +63.46 0.982 +0.0431 +0.0193
33.240 move +0.0472 +0.0000 +1.0888 +0.4305 +63.22 0.977 +0.0361 -0.0560
33.260 move +0.0488 +0.0000 +1.0897 +0.4306 +62.81 0.971 +0.0369 -0.0580
33.280 move +0.0504 +0.0000 +1.0899 +0.4309 +62.58 0.967 +0.0373 -0.0225
33.300 move +0.0520 +0.0000 +1.0896 +0.4311 +62.63 0.966 +0.0371 +0.0007
33.320 move +0.0536 +0.0000 +1.0889 +0.4313 +62.78 0.967 +0.0366 +0.0051
33.340 move +0.0552 +0.0000 +1.0876 +0.4313 +62.79 0.969 +0.0355 +0.0081
33.360 move +0.0560 +0.0000 +1.0855 +0.4312 +62.81 0.973 +0.0338 -0.0050
33.380 move +0.0560 +0.0000 +1.0829 +0.4324 +62.73 0.979 +0.0314 +0.0575
33.400 move +0.0560 +0.0000 +1.0798 +0.4348 +62.52 0.984 +0.0282 +0.0855
33.420 move +0.0560 +0.0000 +1.0766 +0.4382 +62.44 0.989 +0.0244 +0.1079
33.440 move +0.0560 +0.0000 +1.0731 +0.4424 +62.46 0.993 +0.0201 +0.1209
33.460 move +0.0560 +0.0000 +1.0699 +0.4477 +62.41 0.996 +0.0156 +0.1578
33.480 move +0.0560 +0.0000 +1.0674 +0.4536 +62.42 0.996 +0.0114 +0.1596
33.500 move +0.0560 +0.0000 +1.0649 +0.4592 +62.72 0.995 +0.0357 +0.1424
33.520 move +0.0392 +0.0000 +1.0626 +0.4635 +62.81 0.992 +0.0363 +0.0288
33.540 move +0.0408 +0.0000 +1.0604 +0.4665 +63.34 0.988 -0.0030 +0.0006
33.560 move +0.0424 +0.0000 +1.0586 +0.4691 +63.46 0.986 -0.0004 +0.0366
33.580 move +0.0440 +0.0000 +1.0572 +0.4712 +63.30 0.984 +0.0016 +0.0468
33.600 move +0.0456 +0.0000 +1.0561 +0.4725 +63.13 0.984 +0.0030 +0.0406
33.620 move +0.0472 +0.0000 +1.0555 +0.4731 +63.11 0.986 +0.0035 +0.0383
33.640 move +0.0488 +0.0000 +1.0553 +0.4728 +63.40 0.988 +0.0032 +0.0197
33.660 move +0.0504 +0.0000 +1.0557 +0.4714 +63.77 0.992 +0.0023 -0.0148
33.680 move +0.0520 +0.0000 +1.0564 +0.4691 +63.94 0.995 +0.0008 -0.0450
33.700 move +0.0536 +0.0000 +1.0580 +0.4669 +63.73 0.997 -0.0012 -0.0019
33.720 move +0.0552 +0.0000 +1.0603 +0.4654 +63.40 0.999 -0.0034 +0.0332
33.740 move +0.0560 +0.0000 +1.0632 +0.4647 +63.41 0.999 -0.0060 +0.0524
33.760 move +0.0560 +0.0000 +1.0664 +0.4651 +63.23 0.999 +0.0460 +0.1118
33.780 move +0.0560 +0.0000 +1.0697 +0.4658 +62.88 0.998 +0.0515 +0.0175
33.800 move +0.0560 +0.0000 +1.0710 +0.4652 +62.30 0.995 +0.0109 -0.0878
33.820 move +0.0560 +0.0000 +1.0716 +0.4643 +61.88 0.992 +0.0122 -0.0703
33.840 move +0.0560 +0.0000 +1.0721 +0.4631 +61.73 0.991 +0.0135 -0.0477
33.860 move +0.0560 +0.0000 +1.0723 +0.4616 +61.68 0.991 +0.0146 -0.0447
33.880 move +0.0560 +0.0000 +1.0721 +0.4598 +61.67 0.992 +0.0155 -0.0621
33.900 move +0.0560 +0.0000 +1.0717 +0.4576 +61.64 0.993 +0.0160 -0.0425
33.920 move +0.0560 +0.0000 +1.0709 +0.4566 +61.80 0.994 +0.0157 -0.0008
33.940 move +0.0560 +0.0000 +1.0700 +0.4568 +61.90 0.994 +0.0149 +0.0608
33.960 move +0.0560 +0.0000 +1.0692 +0.4584 +61.93 0.994 +0.0136 +0.0973
33.980 move +0.0560 +0.0000 +1.0686 +0.4610 +61.94 0.995 +0.0120 +0.1263
34.000 move +0.0560 +0.0000 +1.0682 +0.4648 +61.86 0.996 +0.0100 +0.1552
34.020 move +0.0560 +0.0000 +1.0684 +0.4697 +61.98 0.998 +0.0083 +0.2143
34.040 move +0.0560 +0.0000 +1.0689 +0.4751 +62.17 0.999 +0.0066 +0.1917
34.060 move +0.0560 +0.0000 +1.0693 +0.4803 +62.39 0.999 +0.0498 +0.1739
34.080 move +0.0560 +0.0000 +1.0698 +0.4839 +62.68 0.998 -0.0058 +0.0521
34.100 move +0.0560 +0.0000 +1.0704 +0.4867 +63.31 0.995 -0.0049 +0.0672
34.120 move +0.0560 +0.0000 +1.0712 +0.4891 +63.58 0.992 -0.0042 +0.0935
34.140 move +0.0560 +0.0000 +1.0721 +0.4912 +63.71 0.990 -0.0038 +0.1026
34.160 move +0.0560 +0.0000 +1.0730 +0.4928 +63.81 0.991 -0.0039 +0.1056
34.180 move +0.0560 +0.0000 +1.0741 +0.4933 +63.97 0.992 -0.0047 +0.0696
34.200 move +0.0560 +0.0000 +1.0753 +0.4931 +64.27 0.995 -0.0058 +0.0562
34.220 move +0.0560 +0.0000 +1.0772 +0.4927 +64.26 0.997 -0.0075 +0.0702
34.240 move +0.0560 +0.0000 +1.0795 +0.4926 +64.00 0.998 -0.0093 +0.0887
34.260 move +0.0560 +0.0000 +1.0821 +0.4932 +63.74 0.998 -0.0109 +0.1154
34.280 move +0.0560 +0.0000 +1.0852 +0.4944 +63.89 0.998 -0.0127 +0.1193
34.300 move +0.0560 +0.0000 +1.0891 +0.4963 +64.09 0.996 -0.0150 +0.1539
34.320 move +0.0560 +0.0000 +1.0930 +0.4988 +63.60 0.995 +0.0384 +0.1401
34.340 move +0.0560 +0.0000 +1.0948 +0.5002 +62.45 0.990 +0.0149 -0.0401
34.360 move +0.0560 +0.0000 +1.0957 +0.5011 +61.91 0.984 +0.0157 -0.0320
34.380 move +0.0560 +0.0000 +1.0964 +0.5019 +61.65 0.981 +0.0165 +0.0076
34.400 move +0.0560 +0.0000 +1.0971 +0.5027 +61.39 0.979 +0.0172 +0.0341
34.420 move +0.0560 +0.0000 +1.0977 +0.5031 +61.23 0.979 +0.0178 +0.0449
34.440 move +0.0560 +0.0000 +1.0982 +0.5032 +61.10 0.981 +0.0182 +0.0545
34.460 move +0.0560 +0.0000 +1.0982 +0.5027 +61.09 0.983 +0.0183 +0.0005
34.480 move +0.0560 +0.0000 +1.0977 +0.5017 +60.90 0.986 +0.0183 -0.0049
34.500 stand +0.0000 +0.0000 +1.0963 +0.5012 +60.56 0.990 +0.0176 +0.0030
34.520 stand +0.0000 +0.0000 +1.0942 +0.5013 +60.45 0.993 +0.0159 -0.0308
34.540 stand +0.0000 +0.0000 +1.0914 +0.5016 +60.58 0.994 +0.0136 -0.0508
34.560 stand +0.0000 +0.0000 +1.0882 +0.5021 +60.68 0.996 +0.0110 -0.0513
34.580 stand +0.0000 +0.0000 +1.0845 +0.5026 +60.70 0.997 +0.0080 -0.0609
34.600 stand +0.0000 +0.0000 +1.0807 +0.5031 +60.64 0.998 +0.0050 -0.0625
34.620 stand +0.0000 +0.0000 +1.0769 +0.5037 +60.59 0.999 +0.0019 -0.0578
34.640 stand +0.0000 +0.0000 +1.0733 +0.5045 +60.57 0.999 -0.0012 -0.0514
34.660 stand +0.0000 +0.0000 +1.0696 +0.5053 +60.56 0.999 -0.0043 -0.0447
34.680 stand +0.0000 +0.0000 +1.0660 +0.5063 +60.56 0.999 -0.0073 -0.0384
34.700 stand +0.0000 +0.0000 +1.0623 +0.5076 +60.56 0.999 -0.0106 -0.0328
34.720 stand +0.0000 +0.0000 +1.0585 +0.5090 +60.56 0.998 -0.0139 -0.0280
34.740 stand +0.0000 +0.0000 +1.0546 +0.5106 +60.55 0.997 -0.0175 -0.0242
34.760 stand +0.0000 +0.0000 +1.0503 +0.5124 +60.55 0.995 -0.0214 -0.0216
34.780 stand +0.0000 +0.0000 +1.0462 +0.5142 +60.53 0.992 +0.0480 -0.0293
34.800 stand +0.0000 +0.0000 +1.0433 +0.5148 +60.55 0.991 +0.0481 -0.0529
34.820 stand +0.0000 +0.0000 +1.0411 +0.5144 +60.58 0.990 +0.0488 -0.0648
34.840 stand +0.0000 +0.0000 +1.0395 +0.5137 +60.61 0.989 +0.0497 -0.0684
34.860 stand +0.0000 +0.0000 +1.0382 +0.5127 +60.65 0.989 +0.0507 -0.0644
34.880 stand +0.0000 +0.0000 +1.0373 +0.5118 +60.69 0.989 +0.0515 -0.0569
34.900 stand +0.0000 +0.0000 +1.0367 +0.5109 +60.73 0.989 +0.0523 -0.0491
34.920 stand +0.0000 +0.0000 +1.0363 +0.5100 +60.77 0.988 +0.0529 -0.0426
34.940 stand +0.0000 +0.0000 +1.0361 +0.5093 +60.82 0.989 +0.0535 -0.0389
34.960 stand +0.0000 +0.0000 +1.0359 +0.5086 +60.87 0.989 +0.0540 -0.0326
34.980 stand +0.0000 +0.0000 +1.0360 +0.5080 +60.92 0.989 +0.0544 -0.0262
35.000 stand +0.0000 +0.0000 +1.0362 +0.5074 +60.99 0.989 +0.0547 -0.0255
35.020 stand +0.0000 +0.0000 +1.0365 +0.5067 +61.07 0.989 +0.0552 -0.0301
35.040 stand +0.0000 +0.0000 +1.0368 +0.5057 +61.18 0.990 +0.0558 -0.0378
35.060 stand +0.0000 +0.0000 +1.0371 +0.5045 +61.30 0.990 +0.0565 -0.0467
35.080 stand +0.0000 +0.0000 +1.0374 +0.5031 +61.45 0.991 +0.0575 -0.0553
35.100 stand +0.0000 +0.0000 +1.0378 +0.5015 +61.62 0.992 +0.0586 -0.0630
35.120 stand +0.0000 +0.0000 +1.0380 +0.4997 +61.80 0.992 +0.0599 -0.0696
35.140 stand +0.0000 +0.0000 +1.0383 +0.4977 +61.98 0.993 +0.0612 -0.0750
35.160 stand +0.0000 +0.0000 +1.0386 +0.4957 +62.18 0.994 +0.0626 -0.0785
35.180 stand +0.0000 +0.0000 +1.0389 +0.4935 +62.40 0.994 +0.0641 -0.0816
35.200 stand +0.0000 +0.0000 +1.0393 +0.4915 +62.55 0.995 +0.0654 -0.0711
35.220 stand +0.0000 +0.0000 +1.0397 +0.4897 +62.66 0.995 +0.0665 -0.0542
35.240 stand +0.0000 +0.0000 +1.0402 +0.4883 +62.72 0.996 +0.0673 -0.0361
35.260 stand +0.0000 +0.0000 +1.0408 +0.4874 +62.76 0.996 +0.0677 -0.0197
35.280 stand +0.0000 +0.0000 +1.0414 +0.4868 +62.78 0.996 +0.0679 -0.0065
35.300 stand +0.0000 +0.0000 +1.0420 +0.4865 +62.80 0.997 +0.0678 +0.0033
35.320 stand +0.0000 +0.0000 +1.0427 +0.4864 +62.82 0.997 +0.0675 +0.0094
35.340 stand +0.0000 +0.0000 +1.0434 +0.4864 +62.84 0.997 +0.0672 +0.0130
35.360 stand +0.0000 +0.0000 +1.0440 +0.4865 +62.85 0.997 +0.0668 +0.0139
35.380 stand +0.0000 +0.0000 +1.0446 +0.4865 +62.86 0.997 +0.0664 +0.0129
35.400 stand +0.0000 +0.0000 +1.0451 +0.4866 +62.87 0.998 +0.0661 +0.0108
35.420 stand +0.0000 +0.0000 +1.0455 +0.4867 +62.88 0.998 +0.0659 +0.0081
35.440 stand +0.0000 +0.0000 +1.0458 +0.4867 +62.89 0.998 +0.0657 +0.0052
35.460 stand +0.0000 +0.0000 +1.0461 +0.4866 +62.90 0.998 +0.0655 +0.0027
35.480 stand +0.0000 +0.0000 +1.0463 +0.4865 +62.91 0.998 +0.0654 +0.0007
35.500 stand +0.0000 +0.0000 +1.0465 +0.4864 +62.92 0.998 +0.0654 -0.0008
35.520 stand +0.0000 +0.0000 +1.0466 +0.4864 +62.93 0.998 +0.0654 -0.0017
35.540 stand +0.0000 +0.0000 +1.0467 +0.4863 +62.94 0.998 +0.0653 -0.0021
35.560 stand +0.0000 +0.0000 +1.0468 +0.4862 +62.95 0.998 +0.0653 -0.0023
35.580 stand +0.0000 +0.0000 +1.0468 +0.4861 +62.96 0.998 +0.0653 -0.0021
35.600 stand +0.0000 +0.0000 +1.0469 +0.4860 +62.96 0.998 +0.0653 -0.0017
35.620 stand +0.0000 +0.0000 +1.0469 +0.4859 +62.97 0.998 +0.0652 -0.0013
35.640 stand +0.0000 +0.0000 +1.0469 +0.4859 +62.98 0.998 +0.0652 -0.0008
35.660 stand +0.0000 +0.0000 +1.0470 +0.4859 +62.99 0.998 +0.0651 -0.0003
35.680 stand +0.0000 +0.0000 +1.0470 +0.4859 +62.99 0.998 +0.0651 -0.0000
35.700 stand +0.0000 +0.0000 +1.0470 +0.4859 +63.00 0.998 +0.0650 +0.0010
35.720 stand +0.0000 +0.0000 +1.0470 +0.4859 +63.00 0.998 +0.0649 +0.0016
35.740 stand +0.0000 +0.0000 +1.0471 +0.4859 +63.01 0.998 +0.0648 +0.0019
35.760 stand +0.0000 +0.0000 +1.0471 +0.4860 +63.01 0.998 +0.0647 +0.0019
35.780 stand +0.0000 +0.0000 +1.0471 +0.4860 +63.02 0.998 +0.0647 +0.0017
35.800 stand +0.0000 +0.0000 +1.0471 +0.4861 +63.02 0.998 +0.0646 +0.0013
35.820 stand +0.0000 +0.0000 +1.0472 +0.4861 +63.03 0.998 +0.0645 +0.0009
35.840 stand +0.0000 +0.0000 +1.0472 +0.4861 +63.03 0.998 +0.0644 +0.0004
35.860 stand +0.0000 +0.0000 +1.0472 +0.4861 +63.04 0.998 +0.0644 -0.0000
35.880 stand +0.0000 +0.0000 +1.0472 +0.4861 +63.04 0.998 +0.0644 -0.0004
35.900 stand +0.0000 +0.0000 +1.0471 +0.4861 +63.05 0.998 +0.0643 -0.0006
35.920 stand +0.0000 +0.0000 +1.0471 +0.4861 +63.05 0.998 +0.0643 -0.0007
35.940 stand +0.0000 +0.0000 +1.0471 +0.4861 +63.06 0.998 +0.0643 -0.0008
35.960 stand +0.0000 +0.0000 +1.0471 +0.4861 +63.06 0.998 +0.0642 -0.0007
35.980 stand +0.0000 +0.0000 +1.0471 +0.4860 +63.07 0.998 +0.0642 -0.0006
36.000 stand +0.0000 +0.0000 +1.0471 +0.4860 +63.07 0.998 +0.0642 -0.0005
36.020 stand +0.0000 +0.0000 +1.0471 +0.4860 +63.07 0.998 +0.0642 -0.0003
36.040 stand +0.0000 +0.0000 +1.0471 +0.4860 +63.08 0.998 +0.0641 -0.0002
36.060 stand +0.0000 +0.0000 +1.0471 +0.4860 +63.08 0.998 +0.0641 -0.0001
36.080 stand +0.0000 +0.0000 +1.0471 +0.4860 +63.09 0.998 +0.0641 +0.0000
36.100 stand +0.0000 +0.0000 +1.0471 +0.4860 +63.09 0.998 +0.0640 +0.0001
36.120 stand +0.0000 +0.0000 +1.0472 +0.4860 +63.09 0.998 +0.0640 +0.0001
36.140 stand +0.0000 +0.0000 +1.0472 +0.4860 +63.09 0.998 +0.0640 +0.0001
36.160 stand +0.0000 +0.0000 +1.0472 +0.4860 +63.10 0.998 +0.0639 +0.0001
36.180 stand +0.0000 +0.0000 +1.0472 +0.4860 +63.10 0.998 +0.0639 +0.0001
36.200 stand +0.0000 +0.0000 +1.0472 +0.4860 +63.10 0.998 +0.0639 +0.0000
36.220 stand +0.0000 +0.0000 +1.0472 +0.4860 +63.11 0.998 +0.0638 +0.0000
36.240 stand +0.0000 +0.0000 +1.0472 +0.4860 +63.11 0.998 +0.0638 -0.0000
36.260 stand +0.0000 +0.0000 +1.0472 +0.4860 +63.11 0.998 +0.0638 -0.0001
36.280 stand +0.0000 +0.0000 +1.0472 +0.4860 +63.11 0.998 +0.0637 -0.0001
36.300 stand +0.0000 +0.0000 +1.0472 +0.4860 +63.12 0.998 +0.0637 -0.0001
36.320 stand +0.0000 +0.0000 +1.0472 +0.4860 +63.12 0.998 +0.0637 -0.0001
36.340 stand +0.0000 +0.0000 +1.0472 +0.4860 +63.12 0.998 +0.0637 -0.0001
36.360 stand +0.0000 +0.0000 +1.0472 +0.4860 +63.12 0.998 +0.0637 -0.0001
36.380 stand +0.0000 +0.0000 +1.0472 +0.4860 +63.13 0.998 +0.0636 -0.0001
36.400 stand +0.0000 +0.0000 +1.0472 +0.4860 +63.13 0.998 +0.0636 -0.0001
36.420 stand +0.0000 +0.0000 +1.0472 +0.4860 +63.13 0.998 +0.0636 -0.0000
36.440 stand +0.0000 +0.0000 +1.0472 +0.4860 +63.13 0.998 +0.0636 -0.0000
36.460 stand +0.0000 +0.0000 +1.0473 +0.4860 +63.14 0.998 +0.0635 -0.0000
36.480 stand +0.0000 +0.0000 +1.0473 +0.4860 +63.14 0.998 +0.0635 -0.0000
36.500 stand +0.0000 +0.0000 +1.0473 +0.4860 +63.14 0.998 +0.0635 -0.0000
36.520 stand +0.0000 +0.0000 +1.0473 +0.4860 +63.14 0.998 +0.0635 +0.0000
36.540 stand +0.0000 +0.0000 +1.0473 +0.4860 +63.14 0.998 +0.0635 +0.0000
36.560 stand +0.0000 +0.0000 +1.0473 +0.4859 +63.15 0.998 +0.0635 +0.0000
36.580 stand +0.0000 +0.0000 +1.0473 +0.4859 +63.15 0.998 +0.0634 +0.0000
36.600 stand +0.0000 +0.0000 +1.0473 +0.4859 +63.15 0.998 +0.0634 +0.0000
36.620 stand +0.0000 +0.0000 +1.0473 +0.4859 +63.15 0.998 +0.0634 +0.0000
36.640 stand +0.0000 +0.0000 +1.0473 +0.4859 +63.15 0.998 +0.0634 +0.0000
36.660 stand +0.0000 +0.0000 +1.0473 +0.4859 +63.16 0.998 +0.0634 -0.0000
36.680 stand +0.0000 +0.0000 +1.0473 +0.4859 +63.16 0.998 +0.0633 -0.0000
36.700 stand +0.0000 +0.0000 +1.0473 +0.4859 +63.16 0.998 +0.0633 -0.0000
36.720 stand +0.0000 +0.0000 +1.0473 +0.4859 +63.16 0.998 +0.0633 +0.0000
36.740 stand +0.0000 +0.0000 +1.0473 +0.4859 +63.16 0.998 +0.0633 +0.0000
36.760 stand +0.0000 +0.0000 +1.0473 +0.4859 +63.16 0.998 +0.0633 +0.0000
36.780 stand +0.0000 +0.0000 +1.0473 +0.4859 +63.17 0.998 +0.0633 +0.0000
36.800 stand +0.0000 +0.0000 +1.0473 +0.4859 +63.17 0.998 +0.0633 +0.0000
36.820 stand +0.0000 +0.0000 +1.0473 +0.4859 +63.17 0.998 +0.0632 +0.0000
36.840 stand +0.0000 +0.0000 +1.0473 +0.4859 +63.17 0.998 +0.0632 +0.0000
36.860 stand +0.0000 +0.0000 +1.0473 +0.4859 +63.17 0.998 +0.0632 +0.0000
36.880 stand +0.0000 +0.0000 +1.0474 +0.4859 +63.17 0.998 +0.0632 +0.0000
36.900 stand +0.0000 +0.0000 +1.0474 +0.4859 +63.17 0.998 +0.0632 +0.0000
36.920 stand +0.0000 +0.0000 +1.0474 +0.4859 +63.18 0.998 +0.0632 +0.0000
36.940 stand +0.0000 +0.0000 +1.0474 +0.4859 +63.18 0.998 +0.0632 +0.0000
36.960 stand +0.0000 +0.0000 +1.0474 +0.4859 +63.18 0.998 +0.0632 +0.0000
36.980 stand +0.0000 +0.0000 +1.0474 +0.4859 +63.18 0.998 +0.0631 +0.0000
