Day-1 steer log
LIPM/ZMP schedule with a joint-space Bézier into the 50 Hz position servos. Not the open-loop CPG. No root wrench. Row LIPM03, clear command 0.020 m, arms=True. Swing sole median 0.010 m, p90 0.023 m, swing contact 0.092, stance slip 0.0000 m/s, sat_rate 0.000, lifts 4, missed gates 7. Measured Δx=-0.016 m, mean body vx=-0.001 m/s (not the command). Turn-window Δyaw=+13.64 deg (mean yaw rate +0.019 rad/s). tip=True; min_up_z=-1.000; peak leg torque=2.10 Nm (limit 2.1). Foot box, friction, kp, and ±2.1 Nm are unchanged. Vendor bar is about 2 cm of sole plus a push. Clearance without forward progress is a Prefer FAIL. FAULT: tip up_z=0.43.
fault=True reason=tip up_z=0.43
t mode applied_vx applied_yaw_rate x y yaw_deg up_z margin body_vx
0.000 stand +0.0000 +0.0000 +0.0002 -0.0000 +0.00 1.000 +0.0641 +0.0146
0.020 stand +0.0000 +0.0000 +0.0006 +0.0000 +0.00 1.000 +0.0638 +0.0154
0.040 stand +0.0000 +0.0000 +0.0010 +0.0000 +0.00 1.000 +0.0635 +0.0147
0.060 stand +0.0000 +0.0000 +0.0013 +0.0000 +0.00 1.000 +0.0632 +0.0140
0.080 stand +0.0000 +0.0000 +0.0016 +0.0001 +0.00 1.000 +0.0629 +0.0124
0.100 stand +0.0000 +0.0000 +0.0019 +0.0001 +0.00 1.000 +0.0627 +0.0104
0.120 stand +0.0000 +0.0000 +0.0021 +0.0001 +0.00 1.000 +0.0625 +0.0080
0.140 stand +0.0000 +0.0000 +0.0023 +0.0002 -0.00 1.000 +0.0624 +0.0055
0.160 stand +0.0000 +0.0000 +0.0023 +0.0002 -0.00 1.000 +0.0623 +0.0030
0.180 stand +0.0000 +0.0000 +0.0024 +0.0003 -0.00 1.000 +0.0623 +0.0007
0.200 stand +0.0000 +0.0000 +0.0024 +0.0003 -0.00 1.000 +0.0623 -0.0011
0.220 stand +0.0000 +0.0000 +0.0023 +0.0004 -0.00 1.000 +0.0624 -0.0024
0.240 stand +0.0000 +0.0000 +0.0022 +0.0005 -0.00 1.000 +0.0624 -0.0032
0.260 stand +0.0000 +0.0000 +0.0022 +0.0005 -0.00 1.000 +0.0625 -0.0036
0.280 stand +0.0000 +0.0000 +0.0021 +0.0006 -0.00 1.000 +0.0626 -0.0035
0.300 stand +0.0000 +0.0000 +0.0020 +0.0007 -0.00 1.000 +0.0627 -0.0032
0.320 stand +0.0000 +0.0000 +0.0019 +0.0008 -0.00 1.000 +0.0627 -0.0026
0.340 stand +0.0000 +0.0000 +0.0019 +0.0009 -0.00 1.000 +0.0628 -0.0019
0.360 stand +0.0000 +0.0000 +0.0018 +0.0010 -0.00 1.000 +0.0628 -0.0012
0.380 stand +0.0000 +0.0000 +0.0018 +0.0012 -0.00 1.000 +0.0628 -0.0005
0.400 stand +0.0000 +0.0000 +0.0018 +0.0014 -0.00 1.000 +0.0628 +0.0001
0.420 stand +0.0000 +0.0000 +0.0018 +0.0015 -0.01 1.000 +0.0628 +0.0006
0.440 stand +0.0000 +0.0000 +0.0018 +0.0017 -0.01 1.000 +0.0628 +0.0009
0.460 stand +0.0000 +0.0000 +0.0019 +0.0020 -0.01 1.000 +0.0627 +0.0010
0.480 stand +0.0000 +0.0000 +0.0019 +0.0023 -0.01 1.000 +0.0627 +0.0011
0.500 stand +0.0000 +0.0000 +0.0019 +0.0026 -0.01 1.000 +0.0627 +0.0010
0.520 stand +0.0000 +0.0000 +0.0019 +0.0029 -0.01 1.000 +0.0627 +0.0009
0.540 stand +0.0000 +0.0000 +0.0020 +0.0033 -0.01 1.000 +0.0627 +0.0007
0.560 stand +0.0000 +0.0000 +0.0020 +0.0037 -0.01 1.000 +0.0627 +0.0004
0.580 stand +0.0000 +0.0000 +0.0020 +0.0042 -0.02 1.000 +0.0627 +0.0002
0.600 stand +0.0000 +0.0000 +0.0020 +0.0048 -0.02 1.000 +0.0627 +0.0000
0.620 stand +0.0000 +0.0000 +0.0020 +0.0054 -0.02 1.000 +0.0627 -0.0001
0.640 stand +0.0000 +0.0000 +0.0020 +0.0061 -0.02 1.000 +0.0627 -0.0002
0.660 stand +0.0000 +0.0000 +0.0020 +0.0069 -0.03 1.000 +0.0627 -0.0003
0.680 stand +0.0000 +0.0000 +0.0020 +0.0078 -0.03 0.999 +0.0627 -0.0003
0.700 stand +0.0000 +0.0000 +0.0020 +0.0088 -0.03 0.999 +0.0627 -0.0003
0.720 stand +0.0000 +0.0000 +0.0019 +0.0100 -0.04 0.999 +0.0627 -0.0003
0.740 stand +0.0000 +0.0000 +0.0019 +0.0112 -0.04 0.999 +0.0627 -0.0013
0.760 stand +0.0000 +0.0000 +0.0019 +0.0124 -0.05 0.999 +0.0627 -0.0015
0.780 stand +0.0000 +0.0000 +0.0019 +0.0135 -0.05 0.998 +0.0628 -0.0018
0.800 stand +0.0000 +0.0000 +0.0018 +0.0143 -0.06 0.998 +0.0628 -0.0020
0.820 stand +0.0000 +0.0000 +0.0018 +0.0150 -0.06 0.998 +0.0628 -0.0020
0.840 stand +0.0000 +0.0000 +0.0017 +0.0153 -0.06 0.998 +0.0629 -0.0018
0.860 stand +0.0000 +0.0000 +0.0017 +0.0155 -0.06 0.998 +0.0629 -0.0015
0.880 stand +0.0000 +0.0000 +0.0017 +0.0154 -0.06 0.998 +0.0629 -0.0011
0.900 stand +0.0000 +0.0000 +0.0016 +0.0152 -0.06 0.998 +0.0629 -0.0006
0.920 stand +0.0000 +0.0000 +0.0016 +0.0148 -0.06 0.998 +0.0630 -0.0002
0.940 stand +0.0000 +0.0000 +0.0016 +0.0144 -0.05 0.998 +0.0629 +0.0003
0.960 stand +0.0000 +0.0000 +0.0016 +0.0139 -0.05 0.998 +0.0629 +0.0007
0.980 stand +0.0000 +0.0000 +0.0017 +0.0134 -0.05 0.998 +0.0629 +0.0011
1.000 move +0.0016 +0.0000 +0.0017 +0.0131 -0.05 0.998 +0.0629 +0.0020
1.020 move +0.0032 +0.0000 +0.0017 +0.0130 -0.05 0.999 +0.0629 +0.0023
1.040 move +0.0048 +0.0000 +0.0018 +0.0131 -0.05 0.999 +0.0628 +0.0026
1.060 move +0.0064 +0.0000 +0.0019 +0.0134 -0.05 0.999 +0.0628 +0.0028
1.080 move +0.0080 +0.0000 +0.0019 +0.0139 -0.06 0.999 +0.0627 +0.0027
1.100 move +0.0096 +0.0000 +0.0020 +0.0147 -0.06 0.999 +0.0627 +0.0024
1.120 move +0.0112 +0.0000 +0.0020 +0.0156 -0.07 0.999 +0.0626 +0.0018
1.140 move +0.0128 +0.0000 +0.0021 +0.0167 -0.08 0.999 +0.0626 +0.0010
1.160 move +0.0144 +0.0000 +0.0021 +0.0181 -0.09 0.999 +0.0626 -0.0001
1.180 move +0.0160 +0.0000 +0.0021 +0.0196 -0.09 0.999 +0.0626 -0.0010
1.200 move +0.0176 +0.0000 +0.0020 +0.0213 -0.10 0.999 +0.0626 -0.0014
1.220 move +0.0192 +0.0000 +0.0020 +0.0230 -0.11 0.999 +0.0627 -0.0018
1.240 move +0.0208 +0.0000 +0.0020 +0.0248 -0.12 0.999 +0.0627 -0.0020
1.260 move +0.0224 +0.0000 +0.0019 +0.0266 -0.13 0.999 +0.0628 -0.0017
1.280 move +0.0240 +0.0000 +0.0019 +0.0283 -0.13 0.999 +0.0628 -0.0010
1.300 move +0.0256 +0.0000 +0.0019 +0.0299 -0.14 0.999 +0.0623 -0.0000
1.320 move +0.0272 +0.0000 +0.0019 +0.0314 -0.14 0.999 +0.0612 +0.0012
1.340 move +0.0288 +0.0000 +0.0019 +0.0326 -0.18 0.999 +0.0602 +0.0013
1.360 move +0.0304 +0.0000 +0.0021 +0.0334 -0.22 0.999 +0.0264 +0.0076
1.380 move +0.0320 +0.0000 +0.0025 +0.0339 -0.24 0.999 +0.0268 +0.0210
1.400 move +0.0336 +0.0000 +0.0031 +0.0341 -0.23 0.999 +0.0270 +0.0285
1.420 move +0.0352 +0.0000 +0.0038 +0.0341 -0.19 0.999 +0.0269 +0.0350
1.440 move +0.0368 +0.0000 +0.0046 +0.0337 -0.15 0.999 +0.0265 +0.0374
1.460 move +0.0384 +0.0000 +0.0054 +0.0331 -0.10 0.999 +0.0260 +0.0388
1.480 move +0.0400 +0.0000 +0.0062 +0.0324 -0.06 0.999 +0.0254 +0.0380
1.500 move +0.0416 +0.0000 +0.0070 +0.0316 -0.02 0.999 +0.0247 +0.0364
1.520 move +0.0432 +0.0000 +0.0077 +0.0306 +0.02 0.999 +0.0239 +0.0332
1.540 move +0.0448 +0.0000 +0.0083 +0.0297 +0.05 1.000 +0.0232 +0.0291
1.560 move +0.0464 +0.0000 +0.0089 +0.0288 +0.09 1.000 +0.0224 +0.0240
1.580 move +0.0480 +0.0000 +0.0093 +0.0279 +0.11 1.000 +0.0217 +0.0183
1.600 move +0.0496 +0.0000 +0.0096 +0.0271 +0.12 1.000 +0.0210 +0.0130
1.620 move +0.0512 +0.0000 +0.0098 +0.0264 +0.12 1.000 +0.0204 +0.0074
1.640 move +0.0528 +0.0000 +0.0098 +0.0258 +0.13 1.000 +0.0199 +0.0021
1.660 move +0.0544 +0.0000 +0.0098 +0.0254 +0.13 1.000 +0.0195 -0.0027
1.680 move +0.0560 +0.0000 +0.0097 +0.0250 +0.14 1.000 +0.0192 -0.0071
1.700 move +0.0560 +0.0000 +0.0094 +0.0248 +0.14 1.000 +0.0190 -0.0109
1.720 move +0.0560 +0.0000 +0.0091 +0.0246 +0.15 1.000 +0.0189 -0.0140
1.740 move +0.0560 +0.0000 +0.0087 +0.0246 +0.15 1.000 +0.0189 -0.0186
1.760 move +0.0560 +0.0000 +0.0083 +0.0247 +0.23 1.000 +0.0190 -0.0253
1.780 move +0.0560 +0.0000 +0.0075 +0.0251 +0.34 1.000 +0.0194 -0.0454
1.800 move +0.0560 +0.0000 +0.0068 +0.0255 +0.22 1.000 +0.0200 -0.0395
1.820 move +0.0560 +0.0000 +0.0060 +0.0261 -0.05 1.000 +0.0207 -0.0480
1.840 move +0.0560 +0.0000 +0.0052 +0.0266 -0.23 1.000 +0.0212 -0.0303
1.860 move +0.0560 +0.0000 +0.0046 +0.0271 -0.26 1.000 +0.0218 -0.0253
1.880 move +0.0560 +0.0000 +0.0041 +0.0275 -0.22 1.000 +0.0222 -0.0188
1.900 move +0.0560 +0.0000 +0.0036 +0.0280 -0.16 1.000 +0.0226 -0.0177
1.920 move +0.0560 +0.0000 +0.0032 +0.0284 -0.12 1.000 +0.0229 -0.0139
1.940 move +0.0560 +0.0000 +0.0029 +0.0287 -0.10 1.000 +0.0233 -0.0120
1.960 move +0.0560 +0.0000 +0.0027 +0.0291 -0.09 1.000 +0.0235 -0.0078
1.980 move +0.0560 +0.0000 +0.0026 +0.0294 -0.07 1.000 +0.0238 -0.0032
2.000 move +0.0560 +0.0000 +0.0025 +0.0296 -0.06 1.000 +0.0240 +0.0002
2.020 move +0.0560 +0.0000 +0.0026 +0.0298 -0.07 1.000 +0.0242 +0.0024
2.040 move +0.0560 +0.0000 +0.0027 +0.0299 -0.09 1.000 +0.0243 +0.0058
2.060 move +0.0560 +0.0000 +0.0029 +0.0300 -0.11 1.000 +0.0244 +0.0083
2.080 move +0.0560 +0.0000 +0.0031 +0.0301 -0.12 1.000 +0.0244 +0.0107
2.100 move +0.0560 +0.0000 +0.0034 +0.0300 -0.12 1.000 +0.0244 +0.0121
2.120 move +0.0560 +0.0000 +0.0037 +0.0300 -0.13 1.000 +0.0244 +0.0134
2.140 move +0.0560 +0.0000 +0.0041 +0.0299 -0.13 1.000 +0.0243 +0.0141
2.160 move +0.0560 +0.0000 +0.0044 +0.0297 -0.14 1.000 +0.0241 +0.0146
2.180 move +0.0560 +0.0000 +0.0047 +0.0296 -0.18 1.000 +0.0240 +0.0128
2.200 move +0.0560 +0.0000 +0.0051 +0.0294 -0.20 1.000 +0.0238 +0.0149
2.220 move +0.0560 +0.0000 +0.0054 +0.0292 -0.19 1.000 +0.0237 +0.0157
2.240 move +0.0560 +0.0000 +0.0058 +0.0291 -0.18 1.000 +0.0235 +0.0150
2.260 move +0.0560 +0.0000 +0.0061 +0.0289 -0.17 1.000 +0.0233 +0.0142
2.280 move +0.0560 +0.0000 +0.0064 +0.0287 -0.17 1.000 +0.0232 +0.0121
2.300 move +0.0560 +0.0000 +0.0066 +0.0285 -0.21 1.000 +0.0230 +0.0034
2.320 move +0.0560 +0.0000 +0.0067 +0.0284 -0.31 0.999 +0.0230 -0.0015
2.340 move +0.0560 +0.0000 +0.0067 +0.0284 -0.41 0.999 +0.0230 -0.0072
2.360 move +0.0560 +0.0000 +0.0066 +0.0286 -0.48 0.999 +0.0232 -0.0109
2.380 move +0.0560 +0.0000 +0.0064 +0.0290 -0.55 0.999 +0.0235 -0.0148
2.400 move +0.0560 +0.0000 +0.0061 +0.0295 -0.61 0.999 +0.0240 -0.0184
2.420 move +0.0560 +0.0000 +0.0057 +0.0302 -0.67 0.999 +0.0246 -0.0214
2.440 move +0.0560 +0.0000 +0.0052 +0.0310 -0.73 0.999 +0.0253 -0.0237
2.460 move +0.0560 +0.0000 +0.0047 +0.0320 -0.79 0.999 +0.0261 -0.0251
2.480 move +0.0560 +0.0000 +0.0042 +0.0330 -0.85 0.998 +0.0269 -0.0255
2.500 move +0.0560 +0.0000 +0.0037 +0.0340 -0.91 0.998 +0.0278 -0.0247
2.520 move +0.0560 +0.0000 +0.0032 +0.0350 -0.96 0.998 +0.0286 -0.0228
2.540 move +0.0560 +0.0000 +0.0028 +0.0360 -1.02 0.998 +0.0295 -0.0195
2.560 move +0.0560 +0.0000 +0.0025 +0.0369 -1.07 0.997 +0.0302 -0.0159
2.580 move +0.0560 +0.0000 +0.0022 +0.0377 -1.12 0.997 +0.0309 -0.0124
2.600 move +0.0560 +0.0000 +0.0020 +0.0384 -1.17 0.997 +0.0314 -0.0091
2.620 move +0.0560 +0.0000 +0.0019 +0.0390 -1.26 0.997 +0.0319 -0.0109
2.640 move +0.0560 +0.0000 +0.0019 +0.0394 -1.36 0.996 +0.0322 -0.0056
2.660 move +0.0560 +0.0000 +0.0019 +0.0397 -1.44 0.996 +0.0325 -0.0001
2.680 move +0.0560 +0.0000 +0.0020 +0.0399 -1.49 0.996 +0.0327 +0.0045
2.700 move +0.0560 +0.0000 +0.0022 +0.0400 -1.52 0.996 +0.0327 +0.0067
2.720 move +0.0560 +0.0000 +0.0024 +0.0401 -1.55 0.995 +0.0328 +0.0069
2.740 move +0.0560 +0.0000 +0.0025 +0.0401 -1.56 0.995 +0.0327 +0.0058
2.760 move +0.0560 +0.0000 +0.0026 +0.0400 -1.57 0.995 +0.0327 +0.0037
2.780 move +0.0560 +0.0000 +0.0026 +0.0399 -1.58 0.995 +0.0326 +0.0017
2.800 move +0.0560 +0.0000 +0.0021 +0.0398 -1.53 0.995 +0.0325 -0.0363
2.820 move +0.0560 +0.0000 +0.0007 +0.0395 -1.43 0.995 +0.0323 -0.0673
2.840 move +0.0560 +0.0000 -0.0013 +0.0390 -1.34 0.996 +0.0320 -0.0884
2.860 move +0.0560 +0.0000 -0.0036 +0.0384 -1.26 0.996 +0.0316 -0.0987
2.880 move +0.0560 +0.0000 -0.0060 +0.0377 -1.19 0.996 +0.0310 -0.0981
2.900 move +0.0560 +0.0000 -0.0082 +0.0368 -1.13 0.996 +0.0303 -0.0895
2.920 move +0.0560 +0.0000 -0.0102 +0.0357 -1.09 0.995 +0.0295 -0.0755
2.940 move +0.0560 +0.0000 -0.0117 +0.0345 -1.06 0.995 +0.0286 -0.0583
2.960 move +0.0560 +0.0000 -0.0129 +0.0332 -1.05 0.995 +0.0276 -0.0397
2.980 move +0.0560 +0.0000 -0.0136 +0.0318 -1.05 0.995 +0.0265 -0.0215
3.000 move +0.0560 +0.0000 -0.0138 +0.0303 -1.07 0.995 +0.0253 -0.0051
3.020 move +0.0560 +0.0000 -0.0138 +0.0287 -1.09 0.995 +0.0241 +0.0085
3.040 move +0.0560 +0.0000 -0.0134 +0.0271 -1.11 0.995 +0.0229 +0.0188
3.060 move +0.0560 +0.0000 -0.0129 +0.0256 -1.13 0.995 +0.0217 +0.0255
3.080 move +0.0560 +0.0000 -0.0123 +0.0240 -1.15 0.995 +0.0204 +0.0287
3.100 move +0.0560 +0.0000 -0.0116 +0.0225 -1.16 0.995 +0.0192 +0.0288
3.120 move +0.0560 +0.0000 -0.0110 +0.0210 -1.18 0.995 +0.0181 +0.0262
3.140 move +0.0560 +0.0000 -0.0104 +0.0195 -1.18 0.995 +0.0170 +0.0219
3.160 move +0.0560 +0.0000 -0.0100 +0.0181 -1.19 0.995 +0.0159 +0.0165
3.180 move +0.0560 +0.0000 -0.0098 +0.0167 -1.19 0.995 +0.0148 +0.0108
3.200 move +0.0560 +0.0000 -0.0096 +0.0154 -1.19 0.995 +0.0138 +0.0052
3.220 move +0.0560 +0.0000 -0.0096 +0.0141 -1.19 0.995 +0.0128 +0.0001
3.240 move +0.0560 +0.0000 -0.0097 +0.0128 -1.20 0.995 +0.0118 -0.0040
3.260 move +0.0560 +0.0000 -0.0099 +0.0115 -1.20 0.995 +0.0109 -0.0071
3.280 move +0.0560 +0.0000 -0.0101 +0.0103 -1.21 0.995 +0.0099 -0.0090
3.300 move +0.0560 +0.0000 -0.0104 +0.0090 -1.22 0.995 +0.0090 -0.0100
3.320 move +0.0560 +0.0000 -0.0106 +0.0078 -1.23 0.995 +0.0080 -0.0100
3.340 move +0.0560 +0.0000 -0.0109 +0.0065 -1.24 0.995 +0.0070 -0.0092
3.360 move +0.0560 +0.0000 -0.0111 +0.0052 -1.25 0.995 +0.0060 -0.0079
3.380 move +0.0560 +0.0000 -0.0113 +0.0039 -1.26 0.995 +0.0050 -0.0062
3.400 move +0.0560 +0.0000 -0.0115 +0.0025 -1.28 0.995 +0.0040 -0.0044
3.420 move +0.0560 +0.0000 -0.0116 +0.0011 -1.29 0.995 +0.0030 -0.0026
3.440 move +0.0560 +0.0000 -0.0116 -0.0003 -1.31 0.995 +0.0019 -0.0010
3.460 move +0.0560 +0.0000 -0.0117 -0.0017 -1.32 0.995 +0.0008 +0.0004
3.480 move +0.0560 +0.0000 -0.0117 -0.0032 -1.33 0.995 -0.0003 +0.0015
3.500 move +0.0560 +0.0000 -0.0117 -0.0047 -1.34 0.995 -0.0015 +0.0023
3.520 move +0.0560 +0.0000 -0.0116 -0.0062 -1.35 0.995 -0.0026 +0.0029
3.540 move +0.0560 +0.0000 -0.0116 -0.0078 -1.36 0.995 -0.0038 +0.0033
3.560 move +0.0560 +0.0000 -0.0116 -0.0095 -1.38 0.995 -0.0051 +0.0034
3.580 move +0.0560 +0.0000 -0.0115 -0.0112 -1.39 0.995 -0.0065 +0.0035
3.600 move +0.0560 +0.0000 -0.0115 -0.0130 -1.40 0.996 -0.0079 +0.0033
3.620 move +0.0560 +0.0000 -0.0115 -0.0149 -1.41 0.996 -0.0094 +0.0029
3.640 move +0.0560 +0.0000 -0.0115 -0.0168 -1.41 0.997 -0.0110 +0.0022
3.660 move +0.0560 +0.0000 -0.0115 -0.0190 -1.43 0.998 -0.0127 +0.0015
3.680 move +0.0560 +0.0000 -0.0115 -0.0214 -1.44 0.998 -0.0147 +0.0009
3.700 move +0.0560 +0.0000 -0.0116 -0.0240 -1.45 0.999 +0.0582 -0.0012
3.720 move +0.0560 +0.0000 -0.0117 -0.0267 -1.48 0.999 +0.0558 -0.0040
3.740 move +0.0560 +0.0000 -0.0119 -0.0294 -1.50 1.000 +0.0535 -0.0069
3.760 move +0.0560 +0.0000 -0.0122 -0.0320 -1.52 1.000 +0.0512 -0.0092
3.780 move +0.0560 +0.0000 -0.0125 -0.0345 -1.55 1.000 +0.0490 -0.0108
3.800 move +0.0560 +0.0000 -0.0129 -0.0369 -1.58 1.000 +0.0470 -0.0118
3.820 move +0.0560 +0.0000 -0.0133 -0.0391 -1.61 1.000 +0.0450 -0.0121
3.840 move +0.0560 +0.0000 -0.0136 -0.0412 -1.64 0.999 +0.0432 -0.0117
3.860 move +0.0560 +0.0000 -0.0139 -0.0431 -1.66 0.999 +0.0416 -0.0107
3.880 move +0.0560 +0.0000 -0.0142 -0.0449 -1.69 0.999 +0.0400 -0.0094
3.900 move +0.0560 +0.0000 -0.0145 -0.0465 -1.72 0.999 +0.0386 -0.0078
3.920 move +0.0560 +0.0000 -0.0147 -0.0481 -1.75 0.998 +0.0372 -0.0061
3.940 move +0.0560 +0.0000 -0.0148 -0.0495 -1.77 0.998 +0.0360 -0.0045
3.960 move +0.0560 +0.0000 -0.0150 -0.0508 -1.79 0.998 +0.0348 -0.0032
3.980 move +0.0560 +0.0000 -0.0151 -0.0520 -1.81 0.997 +0.0337 -0.0021
4.000 move +0.0560 +0.0000 -0.0151 -0.0531 -1.83 0.997 +0.0328 -0.0013
4.020 move +0.0560 +0.0000 -0.0152 -0.0540 -1.84 0.997 +0.0320 -0.0007
4.040 move +0.0560 +0.0000 -0.0152 -0.0547 -1.85 0.997 +0.0313 -0.0002
4.060 move +0.0560 +0.0000 -0.0152 -0.0552 -1.87 0.996 +0.0308 +0.0002
4.080 move +0.0560 +0.0000 -0.0152 -0.0555 -1.88 0.996 +0.0305 +0.0004
4.100 move +0.0560 +0.0000 -0.0152 -0.0556 -1.88 0.996 +0.0303 +0.0006
4.120 move +0.0560 +0.0000 -0.0152 -0.0554 -1.89 0.996 +0.0304 +0.0009
4.140 move +0.0560 +0.0000 -0.0152 -0.0551 -1.88 0.996 +0.0307 +0.0016
4.160 move +0.0560 +0.0000 -0.0151 -0.0545 -1.88 0.996 +0.0311 +0.0017
4.180 move +0.0560 +0.0000 -0.0150 -0.0538 -1.88 0.996 +0.0316 +0.0019
4.200 move +0.0560 +0.0000 -0.0150 -0.0532 -1.89 0.997 +0.0321 +0.0027
4.220 move +0.0560 +0.0000 -0.0149 -0.0526 -1.89 0.997 +0.0326 +0.0026
4.240 move +0.0560 +0.0000 -0.0148 -0.0520 -1.88 0.997 +0.0330 +0.0021
4.260 move +0.0560 +0.0000 -0.0147 -0.0515 -1.88 0.997 +0.0334 +0.0016
4.280 move +0.0560 +0.0000 -0.0147 -0.0510 -1.88 0.998 +0.0338 +0.0012
4.300 move +0.0560 +0.0000 -0.0145 -0.0505 -1.86 0.998 +0.0341 +0.0148
4.320 move +0.0560 +0.0000 -0.0141 -0.0503 -1.84 0.997 +0.0342 +0.0174
4.340 move +0.0560 +0.0000 -0.0138 -0.0502 -1.81 0.997 +0.0342 +0.0175
4.360 move +0.0560 +0.0000 -0.0134 -0.0503 -1.79 0.997 +0.0341 +0.0165
4.380 move +0.0560 +0.0000 -0.0130 -0.0505 -1.77 0.997 +0.0338 +0.0144
4.400 move +0.0560 +0.0000 -0.0127 -0.0509 -1.76 0.997 +0.0335 +0.0114
4.420 move +0.0560 +0.0000 -0.0125 -0.0513 -1.76 0.997 +0.0331 +0.0078
4.440 move +0.0560 +0.0000 -0.0124 -0.0518 -1.75 0.997 +0.0326 +0.0041
4.460 move +0.0560 +0.0000 -0.0124 -0.0523 -1.76 0.997 +0.0321 +0.0007
4.480 move +0.0560 +0.0000 -0.0124 -0.0528 -1.77 0.997 +0.0316 -0.0022
4.500 move +0.0560 +0.0000 -0.0126 -0.0534 -1.78 0.997 +0.0311 -0.0044
4.520 move +0.0560 +0.0000 -0.0127 -0.0539 -1.79 0.997 +0.0306 -0.0058
4.540 move +0.0560 +0.0000 -0.0129 -0.0544 -1.80 0.996 +0.0302 -0.0065
4.560 move +0.0560 +0.0000 -0.0130 -0.0548 -1.82 0.996 +0.0297 -0.0067
4.580 move +0.0560 +0.0000 -0.0132 -0.0550 -1.83 0.996 +0.0295 -0.0061
4.600 move +0.0560 +0.0000 -0.0133 -0.0551 -1.84 0.995 +0.0293 -0.0048
4.620 move +0.0560 +0.0000 -0.0134 -0.0550 -1.84 0.995 +0.0293 -0.0031
4.640 move +0.0560 +0.0000 -0.0135 -0.0547 -1.84 0.995 +0.0294 -0.0012
4.660 move +0.0560 +0.0000 -0.0135 -0.0543 -1.84 0.995 +0.0297 +0.0006
4.680 move +0.0560 +0.0000 -0.0134 -0.0536 -1.84 0.995 +0.0302 +0.0022
4.700 move +0.0560 +0.0000 -0.0133 -0.0528 -1.83 0.995 +0.0308 +0.0036
4.720 move +0.0560 +0.0000 -0.0132 -0.0518 -1.81 0.995 +0.0316 +0.0037
4.740 move +0.0560 +0.0000 -0.0131 -0.0507 -1.81 0.995 +0.0324 +0.0031
4.760 move +0.0560 +0.0000 -0.0130 -0.0497 -1.80 0.995 +0.0333 +0.0024
4.780 move +0.0560 +0.0000 -0.0129 -0.0487 -1.80 0.996 +0.0342 +0.0019
4.800 move +0.0560 +0.0000 -0.0128 -0.0479 -1.79 0.996 +0.0349 +0.0017
4.820 move +0.0560 +0.0000 -0.0128 -0.0472 -1.79 0.997 +0.0355 +0.0020
4.840 move +0.0560 +0.0000 -0.0127 -0.0468 -1.79 0.998 +0.0358 +0.0025
4.860 move +0.0560 +0.0000 -0.0126 -0.0467 -1.80 0.998 +0.0360 +0.0031
4.880 move +0.0560 +0.0000 -0.0125 -0.0467 -1.80 0.998 +0.0359 +0.0035
4.900 move +0.0560 +0.0000 -0.0124 -0.0469 -1.80 0.998 +0.0357 +0.0034
4.920 move +0.0560 +0.0000 -0.0124 -0.0474 -1.80 0.998 +0.0353 +0.0028
4.940 move +0.0560 +0.0000 -0.0123 -0.0480 -1.81 0.998 +0.0347 +0.0018
4.960 move +0.0560 +0.0000 -0.0123 -0.0487 -1.81 0.998 +0.0341 +0.0006
4.980 move +0.0560 +0.0000 -0.0124 -0.0496 -1.82 0.998 +0.0333 -0.0009
5.000 move +0.0560 +0.0000 -0.0125 -0.0505 -1.83 0.997 +0.0325 -0.0023
5.020 move +0.0560 +0.0000 -0.0126 -0.0515 -1.84 0.997 +0.0316 -0.0035
5.040 move +0.0560 +0.0000 -0.0127 -0.0525 -1.86 0.997 +0.0308 -0.0044
5.060 move +0.0560 +0.0000 -0.0128 -0.0534 -1.87 0.997 +0.0299 -0.0050
5.080 move +0.0560 +0.0000 -0.0130 -0.0543 -1.89 0.996 +0.0291 -0.0054
5.100 move +0.0560 +0.0000 -0.0132 -0.0550 -1.90 0.996 +0.0284 -0.0052
5.120 move +0.0560 +0.0000 -0.0133 -0.0555 -1.91 0.995 +0.0279 -0.0044
5.140 move +0.0560 +0.0000 -0.0134 -0.0559 -1.92 0.995 +0.0275 -0.0033
5.160 move +0.0560 +0.0000 -0.0135 -0.0560 -1.92 0.994 +0.0273 -0.0022
5.180 move +0.0560 +0.0000 -0.0135 -0.0559 -1.93 0.994 +0.0273 -0.0010
5.200 move +0.0560 +0.0000 -0.0135 -0.0556 -1.93 0.994 +0.0275 +0.0001
5.220 move +0.0560 +0.0000 -0.0135 -0.0550 -1.92 0.994 +0.0279 +0.0012
5.240 move +0.0560 +0.0000 -0.0134 -0.0542 -1.92 0.994 +0.0286 +0.0023
5.260 move +0.0560 +0.0000 -0.0133 -0.0531 -1.91 0.994 +0.0294 +0.0034
5.280 move +0.0560 +0.0000 -0.0132 -0.0518 -1.90 0.994 +0.0304 +0.0044
5.300 move +0.0560 +0.0000 -0.0130 -0.0503 -1.88 0.994 +0.0316 +0.0043
5.320 move +0.0560 +0.0000 -0.0129 -0.0487 -1.88 0.995 +0.0329 +0.0036
5.340 move +0.0560 +0.0000 -0.0128 -0.0471 -1.87 0.995 +0.0342 +0.0025
5.360 move +0.0560 +0.0000 -0.0127 -0.0456 -1.86 0.996 +0.0355 +0.0013
5.380 move +0.0560 +0.0000 -0.0126 -0.0442 -1.85 0.997 +0.0367 +0.0008
5.400 move +0.0560 +0.0000 -0.0125 -0.0430 -1.84 0.997 +0.0378 +0.0011
5.420 move +0.0560 +0.0000 -0.0124 -0.0420 -1.84 0.998 +0.0386 +0.0019
5.440 move +0.0560 +0.0000 -0.0124 -0.0414 -1.84 0.998 +0.0392 +0.0029
5.460 move +0.0560 +0.0000 -0.0123 -0.0410 -1.84 0.999 +0.0395 +0.0038
5.480 move +0.0560 +0.0000 -0.0121 -0.0410 -1.84 0.999 +0.0396 +0.0044
5.500 move +0.0560 +0.0000 -0.0120 -0.0413 -1.85 0.999 +0.0393 +0.0046
5.520 move +0.0560 +0.0000 -0.0120 -0.0420 -1.85 0.999 +0.0388 +0.0043
5.540 move +0.0560 +0.0000 -0.0119 -0.0428 -1.86 0.999 +0.0380 +0.0034
5.560 move +0.0560 +0.0000 -0.0119 -0.0440 -1.87 0.999 +0.0370 +0.0019
5.580 move +0.0560 +0.0000 -0.0119 -0.0453 -1.88 0.999 +0.0358 +0.0001
5.600 move +0.0560 +0.0000 -0.0120 -0.0468 -1.89 0.998 +0.0345 -0.0018
5.620 move +0.0560 +0.0000 -0.0121 -0.0484 -1.90 0.998 +0.0332 -0.0037
5.640 move +0.0560 +0.0000 -0.0123 -0.0501 -1.92 0.998 +0.0317 -0.0054
5.660 move +0.0560 +0.0000 -0.0125 -0.0517 -1.94 0.997 +0.0303 -0.0067
5.680 move +0.0560 +0.0000 -0.0127 -0.0533 -1.96 0.997 +0.0290 -0.0075
5.700 move +0.0560 +0.0000 -0.0129 -0.0547 -1.98 0.996 +0.0277 -0.0076
5.720 move +0.0560 +0.0000 -0.0132 -0.0559 -2.00 0.995 +0.0266 -0.0070
5.740 move +0.0560 +0.0000 -0.0134 -0.0569 -2.01 0.994 +0.0257 -0.0061
5.760 move +0.0560 +0.0000 -0.0135 -0.0576 -2.03 0.994 +0.0250 -0.0054
5.780 move +0.0560 +0.0000 -0.0137 -0.0581 -2.05 0.993 +0.0245 -0.0049
5.800 move +0.0560 +0.0000 -0.0136 -0.0582 -2.04 0.992 +0.0243 +0.0102
5.820 move +0.0560 +0.0000 -0.0134 -0.0582 -2.02 0.992 +0.0242 +0.0149
5.840 move +0.0560 +0.0000 -0.0130 -0.0580 -2.01 0.991 +0.0244 +0.0168
5.860 move +0.0560 +0.0000 -0.0126 -0.0575 -1.99 0.991 +0.0247 +0.0174
5.880 move +0.0560 +0.0000 -0.0122 -0.0567 -1.97 0.991 +0.0253 +0.0167
5.900 move +0.0560 +0.0000 -0.0118 -0.0557 -1.94 0.991 +0.0261 +0.0151
5.920 move +0.0560 +0.0000 -0.0114 -0.0544 -1.91 0.991 +0.0271 +0.0130
5.940 move +0.0560 +0.0000 -0.0111 -0.0528 -1.89 0.991 +0.0283 +0.0106
5.960 move +0.0560 +0.0000 -0.0109 -0.0510 -1.87 0.992 +0.0298 +0.0083
5.980 move +0.0560 +0.0000 -0.0106 -0.0490 -1.85 0.992 +0.0314 +0.0061
6.000 move +0.0560 +0.0000 -0.0105 -0.0467 -1.83 0.993 +0.0332 +0.0043
6.020 move +0.0560 +0.0000 -0.0103 -0.0444 -1.81 0.993 +0.0351 +0.0028
6.040 move +0.0560 +0.0000 -0.0102 -0.0418 -1.79 0.994 +0.0371 +0.0017
6.060 move +0.0560 +0.0000 -0.0101 -0.0393 -1.77 0.994 +0.0392 +0.0009
6.080 move +0.0560 +0.0000 -0.0100 -0.0366 -1.75 0.995 +0.0413 +0.0006
6.100 move +0.0560 +0.0000 -0.0099 -0.0339 -1.73 0.995 +0.0435 +0.0006
6.120 move +0.0560 +0.0000 -0.0098 -0.0312 -1.71 0.996 +0.0457 +0.0009
6.140 move +0.0560 +0.0000 -0.0097 -0.0286 -1.69 0.996 +0.0478 +0.0015
6.160 move +0.0560 +0.0000 -0.0095 -0.0260 -1.67 0.997 +0.0499 +0.0022
6.180 move +0.0560 +0.0000 -0.0094 -0.0234 -1.65 0.997 +0.0520 +0.0029
6.200 move +0.0560 +0.0000 -0.0093 -0.0209 -1.63 0.997 +0.0540 +0.0034
6.220 move +0.0560 +0.0000 -0.0091 -0.0186 -1.61 0.998 +0.0559 +0.0038
6.240 move +0.0560 +0.0000 -0.0089 -0.0163 -1.60 0.998 +0.0578 +0.0040
6.260 move +0.0560 +0.0000 -0.0088 -0.0141 -1.58 0.998 +0.0595 +0.0041
6.280 move +0.0560 +0.0000 -0.0086 -0.0120 -1.56 0.998 +0.0612 +0.0042
6.300 move +0.0560 +0.0000 -0.0085 -0.0100 -1.54 0.998 +0.0629 +0.0041
6.320 move +0.0560 +0.0000 -0.0083 -0.0081 -1.52 0.999 -0.0007 +0.0038
6.340 move +0.0560 +0.0000 -0.0082 -0.0061 -1.51 0.999 +0.0008 +0.0033
6.360 move +0.0560 +0.0000 -0.0081 -0.0042 -1.50 0.999 +0.0023 +0.0026
6.380 move +0.0560 +0.0000 -0.0080 -0.0023 -1.49 0.999 +0.0038 +0.0018
6.400 move +0.0560 +0.0000 -0.0079 -0.0003 -1.48 0.999 +0.0054 +0.0009
6.420 move +0.0560 +0.0000 -0.0078 +0.0017 -1.47 0.999 +0.0070 -0.0000
6.440 move +0.0560 +0.0000 -0.0078 +0.0039 -1.46 0.999 +0.0087 -0.0009
6.460 move +0.0560 +0.0000 -0.0077 +0.0062 -1.45 1.000 +0.0106 -0.0016
6.480 move +0.0560 +0.0000 -0.0077 +0.0086 -1.44 1.000 +0.0125 -0.0023
6.500 move +0.0560 +0.0000 -0.0077 +0.0113 -1.43 1.000 +0.0147 -0.0028
6.520 move +0.0560 +0.0000 -0.0077 +0.0142 -1.42 1.000 +0.0170 -0.0032
6.540 move +0.0560 +0.0000 -0.0077 +0.0173 -1.41 1.000 +0.0196 -0.0035
6.560 move +0.0560 +0.0000 -0.0077 +0.0208 -1.39 1.000 +0.0224 -0.0038
6.580 move +0.0560 +0.0000 -0.0077 +0.0246 -1.38 1.000 +0.0255 -0.0040
6.600 move +0.0560 +0.0000 -0.0077 +0.0288 -1.36 0.999 +0.0290 -0.0045
6.620 move +0.0560 +0.0000 -0.0077 +0.0335 -1.34 0.999 +0.0328 -0.0052
6.640 move +0.0560 +0.0000 -0.0077 +0.0384 -1.33 0.997 +0.0370 -0.0055
6.660 move +0.0560 +0.0000 -0.0077 +0.0431 -1.31 0.996 +0.0409 -0.0038
6.680 move +0.0560 +0.0000 -0.0076 +0.0473 -1.29 0.994 +0.0416 -0.0025
6.700 move +0.0560 +0.0000 -0.0076 +0.0510 -1.28 0.993 +0.0386 -0.0009
6.720 move +0.0560 +0.0000 -0.0075 +0.0539 -1.27 0.991 +0.0362 +0.0008
6.740 move +0.0560 +0.0000 -0.0074 +0.0563 -1.26 0.990 +0.0343 +0.0023
6.760 move +0.0560 +0.0000 -0.0073 +0.0581 -1.25 0.989 +0.0329 +0.0032
6.780 move +0.0560 +0.0000 -0.0072 +0.0593 -1.24 0.988 +0.0319 +0.0038
6.800 move +0.0560 +0.0000 -0.0071 +0.0600 -1.23 0.988 +0.0314 +0.0039
6.820 move +0.0560 +0.0000 -0.0070 +0.0602 -1.23 0.988 +0.0314 +0.0038
6.840 move +0.0560 +0.0000 -0.0069 +0.0598 -1.23 0.988 +0.0318 +0.0036
6.860 move +0.0560 +0.0000 -0.0068 +0.0590 -1.23 0.988 +0.0326 +0.0033
6.880 move +0.0560 +0.0000 -0.0068 +0.0575 -1.23 0.989 +0.0339 +0.0029
6.900 move +0.0560 +0.0000 -0.0068 +0.0557 -1.24 0.991 +0.0355 +0.0009
6.920 move +0.0560 +0.0000 -0.0068 +0.0535 -1.25 0.992 +0.0374 -0.0009
6.940 move +0.0560 +0.0000 -0.0069 +0.0513 -1.25 0.993 +0.0394 -0.0028
6.960 move +0.0560 +0.0000 -0.0071 +0.0490 -1.25 0.994 +0.0413 -0.0041
6.980 move +0.0560 +0.0000 -0.0072 +0.0470 -1.25 0.995 +0.0428 -0.0049
7.000 move +0.0560 +0.0000 -0.0074 +0.0451 -1.25 0.996 +0.0412 -0.0053
7.020 move +0.0560 +0.0000 -0.0076 +0.0435 -1.25 0.997 +0.0398 -0.0053
7.040 move +0.0560 +0.0000 -0.0077 +0.0422 -1.25 0.997 +0.0387 -0.0050
7.060 move +0.0560 +0.0000 -0.0079 +0.0413 -1.26 0.997 +0.0379 -0.0042
7.080 move +0.0560 +0.0000 -0.0079 +0.0407 -1.26 0.997 +0.0374 -0.0032
7.100 move +0.0560 +0.0000 -0.0080 +0.0405 -1.26 0.998 +0.0372 -0.0019
7.120 move +0.0560 +0.0000 -0.0080 +0.0406 -1.27 0.997 +0.0372 -0.0005
7.140 move +0.0560 +0.0000 -0.0080 +0.0410 -1.27 0.997 +0.0375 +0.0009
7.160 move +0.0560 +0.0000 -0.0079 +0.0416 -1.27 0.997 +0.0380 +0.0021
7.180 move +0.0560 +0.0000 -0.0079 +0.0424 -1.28 0.997 +0.0387 +0.0031
7.200 move +0.0560 +0.0000 -0.0077 +0.0433 -1.28 0.996 +0.0394 +0.0039
7.220 move +0.0560 +0.0000 -0.0076 +0.0442 -1.29 0.996 +0.0401 +0.0044
7.240 move +0.0560 +0.0000 -0.0075 +0.0451 -1.29 0.996 +0.0409 +0.0047
7.260 move +0.0560 +0.0000 -0.0073 +0.0460 -1.30 0.995 +0.0416 +0.0047
7.280 move +0.0560 +0.0000 -0.0072 +0.0468 -1.30 0.995 +0.0423 +0.0045
7.300 move +0.0560 +0.0000 -0.0070 +0.0475 -1.28 0.994 +0.0428 +0.0120
7.320 move +0.0560 +0.0000 -0.0068 +0.0480 -1.26 0.994 +0.0428 +0.0121
7.340 move +0.0560 +0.0000 -0.0065 +0.0483 -1.24 0.994 +0.0425 +0.0111
7.360 move +0.0560 +0.0000 -0.0063 +0.0485 -1.24 0.994 +0.0424 +0.0100
7.380 move +0.0560 +0.0000 -0.0061 +0.0485 -1.25 0.994 +0.0424 +0.0087
7.400 move +0.0560 +0.0000 -0.0059 +0.0484 -1.25 0.994 +0.0425 +0.0071
7.420 move +0.0560 +0.0000 -0.0056 +0.0482 -1.25 0.994 +0.0429 +0.0135
7.440 move +0.0560 +0.0000 -0.0051 +0.0475 -1.27 0.995 +0.0423 +0.0255
7.460 move +0.0560 +0.0000 -0.0043 +0.0463 -1.31 0.996 +0.0412 +0.0341
7.480 move +0.0560 +0.0000 -0.0035 +0.0448 -1.34 0.997 +0.0399 +0.0384
7.500 move +0.0560 +0.0000 -0.0026 +0.0430 -1.36 0.997 +0.0383 +0.0393
7.520 move +0.0560 +0.0000 -0.0017 +0.0410 -1.36 0.998 +0.0366 +0.0373
7.540 move +0.0560 +0.0000 -0.0009 +0.0389 -1.35 0.999 +0.0348 +0.0332
7.560 move +0.0560 +0.0000 -0.0001 +0.0368 -0.86 0.999 +0.0331 +0.0499
7.580 move +0.0560 +0.0000 +0.0005 +0.0348 -0.32 0.999 +0.0313 +0.0403
7.600 move +0.0560 +0.0000 +0.0011 +0.0328 -0.13 1.000 +0.0296 +0.0297
7.620 move +0.0560 +0.0000 +0.0016 +0.0310 -0.11 1.000 +0.0281 +0.0237
7.640 move +0.0560 +0.0000 +0.0020 +0.0294 -0.08 1.000 +0.0267 +0.0171
7.660 move +0.0560 +0.0000 +0.0023 +0.0281 -0.07 1.000 +0.0255 +0.0111
7.680 move +0.0560 +0.0000 +0.0024 +0.0270 -0.05 1.000 +0.0246 +0.0063
7.700 move +0.0560 +0.0000 +0.0024 +0.0262 -0.04 1.000 +0.0240 -0.0025
7.720 move +0.0560 +0.0000 +0.0023 +0.0257 -0.03 1.000 +0.0236 -0.0078
7.740 move +0.0560 +0.0000 +0.0020 +0.0255 -0.02 1.000 +0.0235 -0.0240
7.760 move +0.0560 +0.0000 +0.0015 +0.0257 -0.08 1.000 +0.0238 -0.0363
7.780 move +0.0560 +0.0000 +0.0010 +0.0261 -0.25 1.000 +0.0243 -0.0324
7.800 move +0.0560 +0.0000 +0.0005 +0.0266 -0.42 1.000 +0.0249 -0.0312
7.820 move +0.0560 +0.0000 -0.0000 +0.0273 -0.52 1.000 +0.0256 -0.0254
7.840 move +0.0560 +0.0000 -0.0005 +0.0280 -0.54 1.000 +0.0263 -0.0232
7.860 move +0.0560 +0.0000 -0.0010 +0.0288 -0.51 1.000 +0.0270 -0.0208
7.880 move +0.0560 +0.0000 -0.0016 +0.0297 -0.46 1.000 +0.0278 -0.0211
7.900 move +0.0560 +0.0000 -0.0021 +0.0306 -0.41 1.000 +0.0286 -0.0208
7.920 move +0.0560 +0.0000 -0.0026 +0.0315 -0.37 1.000 +0.0294 -0.0213
7.940 move +0.0560 +0.0000 -0.0031 +0.0324 -0.34 1.000 +0.0301 -0.0207
7.960 move +0.0560 +0.0000 -0.0036 +0.0332 -0.33 1.000 +0.0308 -0.0201
7.980 move +0.0560 +0.0000 -0.0040 +0.0339 -0.33 1.000 +0.0315 -0.0190
8.000 move +0.0560 +0.0000 -0.0044 +0.0345 -0.33 1.000 +0.0320 -0.0171
8.020 move +0.0560 +0.0000 -0.0048 +0.0351 -0.33 1.000 +0.0325 -0.0141
8.040 move +0.0560 +0.0000 -0.0051 +0.0355 -0.41 1.000 +0.0329 -0.0159
8.060 move +0.0560 +0.0000 -0.0054 +0.0358 -0.42 1.000 +0.0331 -0.0085
8.080 move +0.0560 +0.0000 -0.0055 +0.0361 -0.38 1.000 +0.0333 -0.0034
8.100 move +0.0560 +0.0000 -0.0056 +0.0362 -0.33 1.000 +0.0334 -0.0013
8.120 move +0.0560 +0.0000 -0.0057 +0.0361 -0.29 1.000 +0.0333 +0.0014
8.140 move +0.0560 +0.0000 -0.0056 +0.0360 -0.28 1.000 +0.0332 +0.0034
8.160 move +0.0560 +0.0000 -0.0055 +0.0358 -0.28 1.000 +0.0330 +0.0065
8.180 move +0.0560 +0.0000 -0.0053 +0.0355 -0.29 1.000 +0.0328 +0.0093
8.200 move +0.0560 +0.0000 -0.0051 +0.0351 -0.29 1.000 +0.0325 +0.0133
8.220 move +0.0560 +0.0000 -0.0047 +0.0347 -0.28 1.000 +0.0321 +0.0165
8.240 move +0.0560 +0.0000 -0.0043 +0.0343 -0.27 1.000 +0.0318 +0.0177
8.260 move +0.0560 +0.0000 -0.0039 +0.0339 -0.28 1.000 +0.0314 +0.0179
8.280 move +0.0560 +0.0000 -0.0034 +0.0335 -0.31 1.000 +0.0310 +0.0181
8.300 move +0.0560 +0.0000 -0.0030 +0.0331 -0.34 1.000 +0.0307 +0.0178
8.320 move +0.0560 +0.0000 -0.0026 +0.0327 -0.37 1.000 +0.0304 +0.0174
8.340 move +0.0560 +0.0000 -0.0022 +0.0323 -0.39 1.000 +0.0301 +0.0167
8.360 move +0.0560 +0.0000 -0.0018 +0.0321 -0.40 1.000 +0.0298 +0.0156
8.380 move +0.0560 +0.0000 -0.0014 +0.0318 -0.41 1.000 +0.0296 +0.0142
8.400 move +0.0560 +0.0000 -0.0011 +0.0317 -0.46 1.000 +0.0295 +0.0108
8.420 move +0.0560 +0.0000 -0.0009 +0.0316 -0.48 1.000 +0.0294 +0.0112
8.440 move +0.0560 +0.0000 -0.0006 +0.0315 -0.48 1.000 +0.0293 +0.0108
8.460 move +0.0560 +0.0000 -0.0004 +0.0315 -0.47 1.000 +0.0293 +0.0089
8.480 move +0.0560 +0.0000 -0.0002 +0.0316 -0.46 1.000 +0.0293 +0.0072
8.500 move +0.0560 +0.0000 -0.0001 +0.0317 -0.45 1.000 +0.0294 +0.0054
8.520 move +0.0560 +0.0000 -0.0000 +0.0318 -0.46 1.000 +0.0294 +0.0041
8.540 move +0.0560 +0.0000 +0.0000 +0.0319 -0.46 1.000 +0.0295 +0.0029
8.560 move +0.0560 +0.0000 +0.0001 +0.0321 -0.47 1.000 +0.0296 +0.0022
8.580 move +0.0560 +0.0000 +0.0001 +0.0322 -0.48 1.000 +0.0298 -0.0048
8.600 move +0.0560 +0.0000 -0.0000 +0.0324 -0.57 1.000 +0.0299 -0.0104
8.620 move +0.0560 +0.0000 -0.0002 +0.0327 -0.68 1.000 +0.0302 -0.0130
8.640 move +0.0560 +0.0000 -0.0004 +0.0330 -0.79 0.999 +0.0305 -0.0147
8.660 move +0.0560 +0.0000 -0.0006 +0.0335 -0.88 0.999 +0.0309 -0.0158
8.680 move +0.0560 +0.0000 -0.0009 +0.0341 -0.96 0.999 +0.0314 -0.0167
8.700 move +0.0560 +0.0000 -0.0012 +0.0348 -1.04 0.999 +0.0320 -0.0172
8.720 move +0.0560 +0.0000 -0.0015 +0.0355 -1.11 0.999 +0.0326 -0.0172
8.740 move +0.0560 +0.0000 -0.0018 +0.0363 -1.19 0.999 +0.0333 -0.0166
8.760 move +0.0560 +0.0000 -0.0021 +0.0371 -1.26 0.998 +0.0339 -0.0148
8.780 move +0.0560 +0.0000 -0.0023 +0.0379 -1.33 0.998 +0.0346 -0.0128
8.800 move +0.0560 +0.0000 -0.0025 +0.0386 -1.40 0.998 +0.0352 -0.0107
8.820 move +0.0560 +0.0000 -0.0027 +0.0393 -1.47 0.998 +0.0358 -0.0088
8.840 move +0.0560 +0.0000 -0.0028 +0.0400 -1.53 0.997 +0.0363 -0.0071
8.860 move +0.0560 +0.0000 -0.0029 +0.0405 -1.59 0.997 +0.0368 -0.0055
8.880 move +0.0560 +0.0000 -0.0029 +0.0410 -1.64 0.997 +0.0372 -0.0041
8.900 move +0.0560 +0.0000 -0.0029 +0.0414 -1.70 0.997 +0.0375 -0.0029
8.920 move +0.0560 +0.0000 -0.0029 +0.0418 -1.75 0.997 +0.0378 -0.0007
8.940 move +0.0560 +0.0000 -0.0029 +0.0420 -1.79 0.996 +0.0379 -0.0014
8.960 move +0.0560 +0.0000 -0.0028 +0.0421 -1.82 0.996 +0.0380 +0.0055
8.980 move +0.0560 +0.0000 -0.0027 +0.0421 -1.80 0.996 +0.0380 +0.0097
9.000 move +0.0560 +0.0000 -0.0025 +0.0421 -1.77 0.996 +0.0379 +0.0116
9.020 move +0.0560 +0.0000 -0.0028 +0.0419 -1.72 0.996 +0.0378 -0.0280
9.040 move +0.0560 +0.0000 -0.0039 +0.0415 -1.64 0.996 +0.0376 -0.0550
9.060 move +0.0560 +0.0000 -0.0056 +0.0410 -1.56 0.996 +0.0373 -0.0729
9.080 move +0.0560 +0.0000 -0.0075 +0.0404 -1.48 0.996 +0.0368 -0.0819
9.100 move +0.0560 +0.0000 -0.0095 +0.0397 -1.40 0.996 +0.0363 -0.0823
9.120 move +0.0560 +0.0000 -0.0114 +0.0388 -1.33 0.996 +0.0356 -0.0762
9.140 move +0.0560 +0.0000 -0.0131 +0.0378 -1.28 0.996 +0.0349 -0.0654
9.160 move +0.0560 +0.0000 -0.0145 +0.0367 -1.25 0.995 +0.0340 -0.0516
9.180 move +0.0560 +0.0000 -0.0155 +0.0354 -1.23 0.995 +0.0331 -0.0365
9.200 move +0.0560 +0.0000 -0.0162 +0.0341 -1.22 0.995 +0.0321 -0.0215
9.220 move +0.0560 +0.0000 -0.0165 +0.0327 -1.23 0.995 +0.0310 -0.0077
9.240 move +0.0560 +0.0000 -0.0165 +0.0313 -1.24 0.995 +0.0299 +0.0039
9.260 move +0.0560 +0.0000 -0.0163 +0.0299 -1.26 0.995 +0.0288 +0.0129
9.280 move +0.0560 +0.0000 -0.0159 +0.0284 -1.28 0.995 +0.0276 +0.0190
9.300 move +0.0560 +0.0000 -0.0155 +0.0270 -1.30 0.995 +0.0265 +0.0223
9.320 move +0.0560 +0.0000 -0.0150 +0.0255 -1.32 0.995 +0.0254 +0.0230
9.340 move +0.0560 +0.0000 -0.0144 +0.0241 -1.31 0.995 +0.0243 +0.0260
9.360 move +0.0560 +0.0000 -0.0136 +0.0225 -1.20 0.996 +0.0228 +0.0390
9.380 move +0.0560 +0.0000 -0.0125 +0.0205 -1.09 0.996 +0.0211 +0.0480
9.400 move +0.0560 +0.0000 -0.0113 +0.0180 -1.02 0.997 +0.0191 +0.0529
9.420 move +0.0560 +0.0000 -0.0101 +0.0152 -1.01 0.998 +0.0168 +0.0521
9.440 move +0.0560 +0.0000 -0.0090 +0.0123 -1.01 0.998 +0.0144 +0.0493
9.460 move +0.0560 +0.0000 -0.0079 +0.0093 -1.02 0.999 +0.0740 +0.0424
9.480 move +0.0560 +0.0000 -0.0073 +0.0062 -1.02 0.999 +0.0765 +0.0228
9.500 move +0.0560 +0.0000 -0.0071 +0.0034 -1.05 0.999 +0.0772 +0.0040
9.520 move +0.0560 +0.0000 -0.0073 +0.0006 -1.09 0.999 +0.0766 -0.0121
9.540 move +0.0560 +0.0000 -0.0078 -0.0020 -1.11 0.999 +0.0757 -0.0249
9.560 move +0.0560 +0.0000 -0.0086 -0.0046 -1.14 1.000 +0.0746 -0.0340
9.580 move +0.0560 +0.0000 -0.0096 -0.0072 -1.15 1.000 +0.0735 -0.0393
9.600 move +0.0560 +0.0000 -0.0106 -0.0098 -1.18 1.000 +0.0722 -0.0403
9.620 move +0.0560 +0.0000 -0.0116 -0.0125 -1.19 1.000 +0.0710 -0.0363
9.640 move +0.0560 +0.0000 -0.0124 -0.0153 -1.20 1.000 +0.0699 -0.0296
9.660 move +0.0560 +0.0000 -0.0131 -0.0183 -1.22 1.000 +0.0689 -0.0210
9.680 move +0.0560 +0.0000 -0.0135 -0.0214 -1.23 1.000 +0.0681 -0.0121
9.700 move +0.0560 +0.0000 -0.0137 -0.0248 -1.24 1.000 +0.0674 -0.0037
9.720 move +0.0560 +0.0000 -0.0138 -0.0284 -1.26 0.999 +0.0666 +0.0031
9.740 move +0.0560 +0.0000 -0.0137 -0.0324 -1.26 0.999 +0.0634 +0.0084
9.760 move +0.0560 +0.0000 -0.0136 -0.0365 -1.26 0.998 +0.0600 +0.0090
9.780 move +0.0560 +0.0000 -0.0135 -0.0403 -1.26 0.998 +0.0570 +0.0064
9.800 move +0.0560 +0.0000 -0.0134 -0.0436 -1.25 0.997 +0.0543 +0.0035
9.820 move +0.0560 +0.0000 -0.0135 -0.0464 -1.25 0.997 +0.0521 +0.0005
9.840 move +0.0560 +0.0000 -0.0135 -0.0486 -1.29 0.996 +0.0503 -0.0020
9.860 move +0.0560 +0.0000 -0.0137 -0.0504 -1.34 0.996 +0.0488 -0.0038
9.880 move +0.0560 +0.0000 -0.0138 -0.0517 -1.36 0.996 +0.0479 -0.0051
9.900 move +0.0560 +0.0000 -0.0140 -0.0525 -1.38 0.996 +0.0472 -0.0053
9.920 move +0.0560 +0.0000 -0.0141 -0.0530 -1.40 0.997 +0.0469 -0.0041
9.940 move +0.0560 +0.0000 -0.0142 -0.0531 -1.42 0.997 +0.0468 -0.0018
9.960 move +0.0560 +0.0000 -0.0142 -0.0530 -1.42 0.997 +0.0469 +0.0006
9.980 move +0.0560 +0.0000 -0.0141 -0.0526 -1.42 0.998 +0.0472 +0.0028
10.000 move +0.0560 +0.0000 -0.0140 -0.0521 -1.42 0.998 +0.0477 +0.0043
10.020 move +0.0560 +0.0000 -0.0139 -0.0514 -1.41 0.998 +0.0482 +0.0052
10.040 move +0.0560 +0.0000 -0.0137 -0.0508 -1.38 0.998 +0.0488 +0.0054
10.060 move +0.0560 +0.0000 -0.0136 -0.0501 -1.36 0.998 +0.0494 +0.0051
10.080 move +0.0560 +0.0000 -0.0134 -0.0495 -1.34 0.998 +0.0499 +0.0045
10.100 move +0.0560 +0.0000 -0.0133 -0.0490 -1.32 0.999 +0.0504 +0.0035
10.120 move +0.0560 +0.0000 -0.0133 -0.0487 -1.31 0.999 +0.0507 +0.0025
10.140 move +0.0560 +0.0000 -0.0132 -0.0484 -1.31 0.999 +0.0509 +0.0014
10.160 move +0.0560 +0.0000 -0.0132 -0.0483 -1.30 0.999 +0.0510 +0.0003
10.180 move +0.0560 +0.0000 -0.0132 -0.0483 -1.30 0.999 +0.0510 -0.0006
10.200 move +0.0560 +0.0000 -0.0132 -0.0484 -1.30 0.999 +0.0509 -0.0013
10.220 move +0.0560 +0.0000 -0.0133 -0.0486 -1.30 0.999 +0.0508 -0.0018
10.240 move +0.0560 +0.0000 -0.0133 -0.0489 -1.31 0.999 +0.0506 -0.0021
10.260 move +0.0560 +0.0000 -0.0134 -0.0491 -1.31 0.999 +0.0503 -0.0022
10.280 move +0.0560 +0.0000 -0.0134 -0.0494 -1.31 0.999 +0.0501 -0.0021
10.300 move +0.0560 +0.0000 -0.0135 -0.0497 -1.32 0.998 +0.0499 -0.0019
10.320 move +0.0560 +0.0000 -0.0135 -0.0499 -1.32 0.998 +0.0497 -0.0016
10.340 move +0.0560 +0.0000 -0.0136 -0.0501 -1.32 0.998 +0.0496 -0.0012
10.360 move +0.0560 +0.0000 -0.0136 -0.0502 -1.32 0.998 +0.0494 -0.0008
10.380 move +0.0560 +0.0000 -0.0136 -0.0503 -1.32 0.998 +0.0494 -0.0003
10.400 move +0.0560 +0.0000 -0.0136 -0.0503 -1.32 0.998 +0.0493 +0.0000
10.420 move +0.0560 +0.0000 -0.0136 -0.0503 -1.32 0.998 +0.0494 +0.0003
10.440 move +0.0560 +0.0000 -0.0136 -0.0503 -1.32 0.998 +0.0494 +0.0005
10.460 move +0.0560 +0.0000 -0.0136 -0.0502 -1.32 0.998 +0.0494 +0.0007
10.480 move +0.0560 +0.0000 -0.0136 -0.0501 -1.32 0.998 +0.0495 +0.0007
10.500 move +0.0560 +0.0000 -0.0135 -0.0500 -1.32 0.998 +0.0496 +0.0007
10.520 move +0.0560 +0.0000 -0.0135 -0.0499 -1.33 0.998 +0.0497 +0.0036
10.540 move +0.0560 +0.0000 -0.0134 -0.0498 -1.35 0.998 +0.0497 +0.0037
10.560 move +0.0560 +0.0000 -0.0133 -0.0498 -1.36 0.998 +0.0498 +0.0033
10.580 move +0.0560 +0.0000 -0.0133 -0.0497 -1.36 0.998 +0.0498 +0.0028
10.600 move +0.0560 +0.0000 -0.0132 -0.0497 -1.37 0.998 +0.0499 +0.0023
10.620 move +0.0560 +0.0000 -0.0132 -0.0497 -1.37 0.998 +0.0499 +0.0018
10.640 move +0.0560 +0.0000 -0.0131 -0.0497 -1.37 0.998 +0.0499 +0.0011
10.660 move +0.0560 +0.0000 -0.0131 -0.0497 -1.37 0.998 +0.0498 +0.0005
10.680 move +0.0560 +0.0000 -0.0131 -0.0498 -1.37 0.998 +0.0498 +0.0000
10.700 move +0.0560 +0.0000 -0.0131 -0.0498 -1.37 0.998 +0.0498 -0.0004
10.720 move +0.0560 +0.0000 -0.0131 -0.0498 -1.37 0.998 +0.0498 -0.0007
10.740 move +0.0560 +0.0000 -0.0132 -0.0499 -1.37 0.998 +0.0497 -0.0008
10.760 move +0.0560 +0.0000 -0.0132 -0.0499 -1.37 0.998 +0.0497 -0.0009
10.780 move +0.0560 +0.0000 -0.0132 -0.0499 -1.38 0.998 +0.0497 -0.0008
10.800 move +0.0560 +0.0000 -0.0132 -0.0499 -1.38 0.998 +0.0497 -0.0006
10.820 move +0.0560 +0.0000 -0.0132 -0.0500 -1.38 0.998 +0.0497 -0.0005
10.840 move +0.0560 +0.0000 -0.0132 -0.0500 -1.38 0.998 +0.0497 -0.0003
10.860 move +0.0560 +0.0000 -0.0132 -0.0500 -1.38 0.998 +0.0496 -0.0001
10.880 move +0.0560 +0.0000 -0.0132 -0.0500 -1.38 0.998 +0.0496 +0.0000
10.900 move +0.0560 +0.0000 -0.0132 -0.0500 -1.38 0.998 +0.0497 +0.0001
10.920 move +0.0560 +0.0000 -0.0132 -0.0500 -1.38 0.998 +0.0497 +0.0002
10.940 move +0.0560 +0.0000 -0.0132 -0.0499 -1.38 0.998 +0.0497 +0.0003
10.960 move +0.0560 +0.0000 -0.0132 -0.0499 -1.38 0.998 +0.0497 +0.0003
10.980 move +0.0560 +0.0000 -0.0132 -0.0499 -1.38 0.998 +0.0497 +0.0002
11.000 move +0.0560 +0.0000 -0.0132 -0.0499 -1.38 0.998 +0.0497 +0.0002
11.020 move +0.0560 +0.0000 -0.0132 -0.0499 -1.38 0.998 +0.0497 +0.0001
11.040 move +0.0560 +0.0000 -0.0132 -0.0499 -1.38 0.998 +0.0497 +0.0001
11.060 move +0.0560 +0.0000 -0.0132 -0.0499 -1.38 0.998 +0.0497 +0.0000
11.080 move +0.0560 +0.0000 -0.0132 -0.0499 -1.38 0.998 +0.0497 -0.0000
11.100 move +0.0560 +0.0000 -0.0132 -0.0499 -1.38 0.998 +0.0497 -0.0000
11.120 move +0.0560 +0.0000 -0.0132 -0.0499 -1.38 0.998 +0.0497 -0.0001
11.140 move +0.0560 +0.0000 -0.0132 -0.0499 -1.38 0.998 +0.0497 -0.0001
11.160 move +0.0560 +0.0000 -0.0132 -0.0499 -1.38 0.998 +0.0497 -0.0001
11.180 move +0.0560 +0.0000 -0.0132 -0.0499 -1.38 0.998 +0.0497 -0.0001
11.200 move +0.0560 +0.0000 -0.0132 -0.0499 -1.38 0.998 +0.0497 -0.0001
11.220 move +0.0560 +0.0000 -0.0132 -0.0499 -1.38 0.998 +0.0497 -0.0001
11.240 move +0.0560 +0.0000 -0.0132 -0.0499 -1.38 0.998 +0.0497 -0.0000
11.260 move +0.0560 +0.0000 -0.0132 -0.0499 -1.38 0.998 +0.0497 -0.0000
11.280 move +0.0560 +0.0000 -0.0132 -0.0499 -1.38 0.998 +0.0497 -0.0000
11.300 move +0.0560 +0.0000 -0.0132 -0.0499 -1.38 0.998 +0.0497 -0.0000
11.320 move +0.0560 +0.0000 -0.0132 -0.0499 -1.38 0.998 +0.0497 +0.0000
11.340 move +0.0560 +0.0000 -0.0132 -0.0499 -1.38 0.998 +0.0497 +0.0000
11.360 move +0.0560 +0.0000 -0.0132 -0.0499 -1.38 0.998 +0.0497 +0.0000
11.380 move +0.0560 +0.0000 -0.0132 -0.0499 -1.38 0.998 +0.0497 +0.0000
11.400 move +0.0560 +0.0000 -0.0132 -0.0499 -1.38 0.998 +0.0497 +0.0000
11.420 move +0.0560 +0.0000 -0.0132 -0.0499 -1.38 0.998 +0.0497 +0.0000
11.440 move +0.0560 +0.0000 -0.0132 -0.0499 -1.38 0.998 +0.0497 +0.0000
11.460 move +0.0560 +0.0000 -0.0132 -0.0499 -1.38 0.998 +0.0497 +0.0000
11.480 move +0.0560 +0.0000 -0.0132 -0.0499 -1.38 0.998 +0.0497 +0.0000
11.500 move +0.0560 +0.0000 -0.0132 -0.0499 -1.38 0.998 +0.0497 +0.0000
11.520 move +0.0560 +0.0000 -0.0132 -0.0499 -1.38 0.998 +0.0497 +0.0000
11.540 move +0.0560 +0.0000 -0.0132 -0.0499 -1.38 0.998 +0.0497 -0.0000
11.560 move +0.0560 +0.0000 -0.0132 -0.0499 -1.38 0.998 +0.0497 -0.0000
11.580 move +0.0560 +0.0000 -0.0132 -0.0499 -1.38 0.998 +0.0497 -0.0000
11.600 move +0.0560 +0.0000 -0.0132 -0.0499 -1.38 0.998 +0.0497 -0.0000
11.620 move +0.0560 +0.0000 -0.0132 -0.0499 -1.38 0.998 +0.0497 -0.0000
11.640 move +0.0560 +0.0000 -0.0132 -0.0499 -1.38 0.998 +0.0497 -0.0000
11.660 move +0.0560 +0.0000 -0.0132 -0.0499 -1.38 0.998 +0.0497 -0.0000
11.680 move +0.0560 +0.0000 -0.0132 -0.0499 -1.38 0.998 +0.0497 -0.0000
11.700 move +0.0560 +0.0000 -0.0132 -0.0499 -1.38 0.998 +0.0497 -0.0000
11.720 move +0.0560 +0.0000 -0.0132 -0.0499 -1.38 0.998 +0.0497 -0.0000
11.740 move +0.0560 +0.0000 -0.0132 -0.0499 -1.38 0.998 +0.0497 -0.0000
11.760 move +0.0560 +0.0000 -0.0132 -0.0499 -1.38 0.998 +0.0497 -0.0000
11.780 move +0.0560 +0.0000 -0.0132 -0.0499 -1.38 0.998 +0.0497 -0.0000
11.800 move +0.0560 +0.0000 -0.0132 -0.0499 -1.38 0.998 +0.0497 -0.0000
11.820 move +0.0560 +0.0000 -0.0132 -0.0499 -1.38 0.998 +0.0497 -0.0000
11.840 move +0.0560 +0.0000 -0.0132 -0.0499 -1.38 0.998 +0.0497 -0.0000
11.860 move +0.0560 +0.0000 -0.0132 -0.0499 -1.38 0.998 +0.0497 -0.0000
11.880 move +0.0560 +0.0000 -0.0132 -0.0499 -1.38 0.998 +0.0497 -0.0000
11.900 move +0.0560 +0.0000 -0.0132 -0.0499 -1.38 0.998 +0.0497 -0.0000
11.920 move +0.0560 +0.0000 -0.0132 -0.0499 -1.38 0.998 +0.0497 -0.0000
11.940 move +0.0560 +0.0000 -0.0132 -0.0499 -1.38 0.998 +0.0497 -0.0000
11.960 move +0.0560 +0.0000 -0.0132 -0.0499 -1.38 0.998 +0.0497 -0.0000
11.980 move +0.0560 +0.0000 -0.0132 -0.0499 -1.38 0.998 +0.0497 -0.0000
12.000 move +0.0560 +0.0000 -0.0132 -0.0499 -1.38 0.998 +0.0497 -0.0000
12.020 move +0.0560 +0.0000 -0.0132 -0.0498 -1.39 0.998 +0.0497 +0.0028
12.040 move +0.0560 +0.0000 -0.0131 -0.0496 -1.40 0.998 +0.0499 +0.0029
12.060 move +0.0560 +0.0000 -0.0131 -0.0492 -1.41 0.998 +0.0502 +0.0027
12.080 move +0.0560 +0.0000 -0.0130 -0.0486 -1.40 0.998 +0.0506 +0.0026
12.100 move +0.0560 +0.0000 -0.0129 -0.0478 -1.40 0.998 +0.0512 +0.0024
12.120 move +0.0560 +0.0000 -0.0128 -0.0469 -1.39 0.998 +0.0519 +0.0022
12.140 move +0.0560 +0.0000 -0.0128 -0.0458 -1.39 0.998 +0.0527 +0.0018
12.160 move +0.0560 +0.0000 -0.0127 -0.0446 -1.38 0.997 +0.0537 +0.0015
12.180 move +0.0560 +0.0000 -0.0126 -0.0433 -1.38 0.997 +0.0547 +0.0012
12.200 move +0.0560 +0.0000 -0.0126 -0.0419 -1.38 0.997 +0.0559 +0.0012
12.220 move +0.0560 +0.0000 -0.0125 -0.0404 -1.37 0.997 +0.0570 +0.0012
12.240 move +0.0560 +0.0000 -0.0124 -0.0389 -1.37 0.997 +0.0582 +0.0015
12.260 move +0.0560 +0.0000 -0.0124 -0.0373 -1.37 0.997 +0.0594 +0.0019
12.280 move +0.0560 +0.0000 -0.0123 -0.0358 -1.37 0.997 +0.0606 +0.0023
12.300 move +0.0560 +0.0000 -0.0122 -0.0344 -1.36 0.997 +0.0617 +0.0027
12.320 move +0.0560 +0.0000 -0.0121 -0.0330 -1.36 0.997 +0.0628 +0.0029
12.340 move +0.0560 +0.0000 -0.0120 -0.0316 -1.36 0.997 +0.0638 +0.0029
12.360 move +0.0560 +0.0000 -0.0119 -0.0304 -1.36 0.997 +0.0648 +0.0028
12.380 move +0.0560 +0.0000 -0.0118 -0.0292 -1.36 0.997 +0.0658 +0.0026
12.400 move +0.0560 +0.0000 -0.0117 -0.0280 -1.36 0.997 +0.0666 +0.0022
12.420 move +0.0560 +0.0000 -0.0116 -0.0269 -1.36 0.997 +0.0675 +0.0018
12.440 move +0.0560 +0.0000 -0.0115 -0.0259 -1.36 0.997 +0.0683 +0.0014
12.460 move +0.0560 +0.0000 -0.0115 -0.0248 -1.36 0.997 +0.0691 +0.0010
12.480 move +0.0560 +0.0000 -0.0114 -0.0238 -1.36 0.996 +0.0695 +0.0007
12.500 move +0.0560 +0.0000 -0.0114 -0.0228 -1.36 0.996 +0.0697 +0.0005
12.520 move +0.0560 +0.0000 -0.0114 -0.0218 -1.36 0.996 +0.0699 +0.0003
12.540 move +0.0560 +0.0000 -0.0113 -0.0208 -1.36 0.996 +0.0701 +0.0002
12.560 move +0.0560 +0.0000 -0.0113 -0.0197 -1.36 0.996 +0.0702 +0.0003
12.580 move +0.0560 +0.0000 -0.0113 -0.0187 -1.36 0.996 +0.0704 +0.0003
12.600 move +0.0560 +0.0000 -0.0112 -0.0177 -1.36 0.995 +0.0706 +0.0004
12.620 move +0.0560 +0.0000 -0.0112 -0.0166 -1.36 0.995 +0.0708 +0.0006
12.640 move +0.0560 +0.0000 -0.0111 -0.0156 -1.36 0.995 +0.0710 +0.0007
12.660 move +0.0560 +0.0000 -0.0111 -0.0145 -1.36 0.995 +0.0712 +0.0008
12.680 move +0.0560 +0.0000 -0.0110 -0.0134 -1.36 0.995 +0.0714 +0.0010
12.700 move +0.0560 +0.0000 -0.0110 -0.0124 -1.37 0.995 +0.0716 +0.0010
12.720 move +0.0560 +0.0000 -0.0109 -0.0113 -1.37 0.994 +0.0718 +0.0011
12.740 move +0.0560 +0.0000 -0.0109 -0.0102 -1.37 0.994 +0.0720 +0.0012
12.760 move +0.0560 +0.0000 -0.0106 -0.0092 -1.06 0.994 +0.0723 +0.0318
12.780 move +0.0560 +0.0000 -0.0102 -0.0083 -0.70 0.994 +0.0727 +0.0312
12.800 move +0.0560 +0.0000 -0.0097 -0.0076 -0.51 0.994 +0.0730 +0.0305
12.820 move +0.0560 +0.0000 -0.0093 -0.0069 -0.41 0.994 +0.0734 +0.0296
12.840 move +0.0560 +0.0000 -0.0088 -0.0063 -0.35 0.995 +0.0737 +0.0274
12.860 move +0.0560 +0.0000 -0.0083 -0.0058 -0.32 0.995 +0.0740 +0.0251
12.880 move +0.0560 +0.0000 -0.0078 -0.0054 -0.31 0.995 -0.0022 +0.0201
12.900 move +0.0560 +0.0000 -0.0075 -0.0050 -0.34 0.995 -0.0019 +0.0048
12.920 move +0.0560 +0.0000 -0.0074 -0.0047 -0.39 0.995 -0.0016 -0.0026
12.940 move +0.0560 +0.0000 -0.0074 -0.0043 -0.43 0.995 -0.0014 -0.0068
12.960 move +0.0560 +0.0000 -0.0075 -0.0041 -0.45 0.996 -0.0011 -0.0096
12.980 move +0.0560 +0.0000 -0.0077 -0.0039 -0.47 0.996 -0.0010 -0.0123
13.000 move +0.0560 +0.0000 -0.0080 -0.0037 -0.47 0.996 -0.0008 -0.0113
13.020 move +0.0560 +0.0000 -0.0083 -0.0035 -0.46 0.996 -0.0007 -0.0168
13.040 move +0.0560 +0.0000 -0.0087 -0.0033 -0.46 0.996 -0.0006 -0.0183
13.060 move +0.0560 +0.0000 -0.0091 -0.0032 -0.47 0.996 -0.0005 -0.0199
13.080 move +0.0560 +0.0000 -0.0096 -0.0031 -0.49 0.996 -0.0004 -0.0230
13.100 move +0.0560 +0.0000 -0.0102 -0.0030 -0.50 0.996 -0.0003 -0.0255
13.120 move +0.0560 +0.0000 -0.0108 -0.0030 -0.50 0.996 -0.0003 -0.0274
13.140 move +0.0560 +0.0000 -0.0114 -0.0029 -0.50 0.996 -0.0002 -0.0293
13.160 move +0.0560 +0.0000 -0.0120 -0.0028 -0.48 0.995 -0.0002 -0.0275
13.180 move +0.0560 +0.0000 -0.0127 -0.0028 -0.39 0.995 -0.0001 -0.0296
13.200 move +0.0560 +0.0000 -0.0134 -0.0028 -0.29 0.995 -0.0001 -0.0326
13.220 move +0.0560 +0.0000 -0.0141 -0.0027 -0.34 0.995 +0.0001 -0.0392
13.240 move +0.0560 +0.0000 -0.0148 -0.0026 -0.59 0.995 +0.0003 -0.0425
13.260 move +0.0560 +0.0000 -0.0154 -0.0025 -0.79 0.994 +0.0005 -0.0266
13.280 move +0.0560 +0.0000 -0.0158 -0.0025 -0.87 0.994 +0.0006 -0.0156
13.300 move +0.0560 +0.0000 -0.0160 -0.0025 -0.87 0.994 +0.0007 -0.0088
13.320 move +0.0560 +0.0000 -0.0162 -0.0025 -0.84 0.994 +0.0007 -0.0039
13.340 move +0.0560 +0.0000 -0.0163 -0.0026 -0.82 0.994 +0.0006 -0.0006
13.360 move +0.0560 +0.0000 -0.0162 -0.0026 -0.81 0.994 +0.0006 +0.0033
13.380 move +0.0560 +0.0000 -0.0161 -0.0027 -0.81 0.994 +0.0005 +0.0077
13.400 move +0.0560 +0.0000 -0.0159 -0.0027 -0.79 0.994 +0.0005 +0.0135
13.420 move +0.0560 +0.0000 -0.0155 -0.0028 -0.76 0.994 +0.0004 +0.0170
13.440 move +0.0560 +0.0000 -0.0151 -0.0029 -0.73 0.994 +0.0004 +0.0186
13.460 move +0.0560 +0.0000 -0.0146 -0.0029 -0.72 0.994 +0.0003 +0.0200
13.480 move +0.0560 +0.0000 -0.0141 -0.0030 -0.72 0.994 +0.0003 +0.0213
13.500 move +0.0560 +0.0000 -0.0136 -0.0031 -0.72 0.994 +0.0002 +0.0220
13.520 move +0.0560 +0.0000 -0.0130 -0.0032 -0.71 0.994 +0.0001 +0.0225
13.540 move +0.0560 +0.0000 -0.0125 -0.0033 -0.71 0.994 +0.0000 +0.0226
13.560 move +0.0560 +0.0000 -0.0120 -0.0034 -0.70 0.994 -0.0001 +0.0222
13.580 move +0.0560 +0.0000 -0.0114 -0.0036 -0.69 0.994 -0.0002 +0.0214
13.600 move +0.0560 +0.0000 -0.0110 -0.0037 -0.70 0.994 -0.0003 +0.0183
13.620 move +0.0560 +0.0000 -0.0105 -0.0039 -0.71 0.994 -0.0004 +0.0193
13.640 move +0.0560 +0.0000 -0.0101 -0.0041 -0.69 0.994 -0.0006 +0.0189
13.660 move +0.0560 +0.0000 -0.0097 -0.0043 -0.68 0.994 -0.0008 +0.0117
13.680 move +0.0560 +0.0000 -0.0094 -0.0046 -0.71 0.994 -0.0010 +0.0075
13.700 move +0.0560 +0.0000 -0.0092 -0.0050 -0.76 0.994 -0.0013 +0.0049
13.720 move +0.0560 +0.0000 -0.0090 -0.0054 -0.81 0.994 -0.0016 +0.0029
13.740 move +0.0560 +0.0000 -0.0089 -0.0058 -0.85 0.994 -0.0019 +0.0008
13.760 move +0.0560 +0.0000 -0.0088 -0.0063 -0.89 0.994 -0.0023 -0.0015
13.780 move +0.0560 +0.0000 -0.0088 -0.0069 -0.92 0.994 -0.0027 -0.0038
13.800 move +0.0560 +0.0000 -0.0089 -0.0075 -0.96 0.994 -0.0032 -0.0061
13.820 move +0.0560 +0.0000 -0.0091 -0.0081 -1.03 0.994 -0.0037 -0.0200
13.840 move +0.0560 +0.0000 -0.0093 -0.0089 -1.11 0.993 -0.0044 -0.0173
13.860 move +0.0560 +0.0000 -0.0096 -0.0097 -1.18 0.993 -0.0051 -0.0146
13.880 move +0.0560 +0.0000 -0.0098 -0.0107 -1.24 0.993 -0.0059 -0.0124
13.900 move +0.0560 +0.0000 -0.0100 -0.0117 -1.29 0.992 -0.0067 -0.0107
13.920 move +0.0560 +0.0000 -0.0101 -0.0129 -1.32 0.992 -0.0078 -0.0093
13.940 move +0.0560 +0.0000 -0.0103 -0.0143 -1.35 0.991 -0.0089 -0.0083
13.960 move +0.0560 +0.0000 -0.0105 -0.0158 -1.37 0.991 -0.0102 -0.0069
13.980 move +0.0560 +0.0000 -0.0106 -0.0176 -1.39 0.990 -0.0117 -0.0058
14.000 move +0.0560 +0.0000 -0.0108 -0.0195 -1.40 0.989 -0.0133 -0.0048
14.020 move +0.0560 +0.0000 -0.0107 -0.0217 -1.36 0.988 -0.0154 +0.0224
14.040 move +0.0560 +0.0000 -0.0104 -0.0240 -1.14 0.987 -0.0178 +0.0321
14.060 move +0.0560 +0.0000 -0.0099 -0.0264 -0.91 0.984 -0.0200 +0.0504
14.080 move +0.0560 +0.0000 -0.0097 -0.0290 -0.90 0.980 +0.0650 +0.0106
14.100 move +0.0560 +0.0000 -0.0100 -0.0313 -0.97 0.978 +0.0629 -0.0192
14.120 move +0.0560 +0.0000 -0.0108 -0.0333 -1.01 0.977 +0.0614 -0.0350
14.140 move +0.0560 +0.0000 -0.0117 -0.0346 -1.04 0.976 +0.0605 -0.0406
14.160 move +0.0560 +0.0000 -0.0128 -0.0354 -1.06 0.977 +0.0600 -0.0424
14.180 move +0.0560 +0.0000 -0.0137 -0.0357 -1.07 0.978 +0.0599 -0.0396
14.200 move +0.0560 +0.0000 -0.0146 -0.0354 -1.08 0.980 +0.0602 -0.0323
14.220 move +0.0560 +0.0000 -0.0152 -0.0349 -1.08 0.981 +0.0607 -0.0225
14.240 move +0.0560 +0.0000 -0.0155 -0.0341 -1.08 0.983 +0.0613 -0.0122
14.260 move +0.0560 +0.0000 -0.0157 -0.0333 -1.08 0.985 +0.0620 -0.0021
14.280 move +0.0560 +0.0000 -0.0155 -0.0326 -1.06 0.986 +0.0626 +0.0068
14.300 move +0.0560 +0.0000 -0.0152 -0.0320 -1.05 0.987 +0.0631 +0.0137
14.320 move +0.0560 +0.0000 -0.0148 -0.0315 -1.02 0.989 +0.0635 +0.0181
14.340 move +0.0560 +0.0000 -0.0143 -0.0313 -1.00 0.990 +0.0636 +0.0204
14.360 move +0.0560 +0.0000 -0.0138 -0.0313 -0.99 0.990 +0.0636 +0.0203
14.380 move +0.0560 +0.0000 -0.0134 -0.0316 -0.98 0.991 +0.0634 +0.0184
14.400 move +0.0560 +0.0000 -0.0130 -0.0322 -0.98 0.991 +0.0629 +0.0150
14.420 move +0.0560 +0.0000 -0.0127 -0.0331 -0.98 0.992 +0.0623 +0.0107
14.440 move +0.0560 +0.0000 -0.0126 -0.0341 -0.98 0.992 +0.0614 +0.0059
14.460 move +0.0560 +0.0000 -0.0125 -0.0354 -0.98 0.992 +0.0604 +0.0011
14.480 move +0.0560 +0.0000 -0.0126 -0.0368 -0.98 0.992 +0.0593 -0.0033
14.500 move +0.0560 +0.0000 -0.0127 -0.0383 -0.99 0.992 +0.0581 -0.0068
14.520 move +0.0560 +0.0000 -0.0130 -0.0400 -0.99 0.992 +0.0568 -0.0092
14.540 move +0.0560 +0.0000 -0.0133 -0.0416 -1.00 0.992 +0.0555 -0.0105
14.560 move +0.0560 +0.0000 -0.0135 -0.0432 -1.01 0.992 +0.0542 -0.0108
14.580 move +0.0560 +0.0000 -0.0138 -0.0448 -1.02 0.992 +0.0530 -0.0103
14.600 move +0.0560 +0.0000 -0.0141 -0.0464 -1.03 0.991 +0.0518 -0.0093
14.620 move +0.0560 +0.0000 -0.0143 -0.0478 -1.03 0.991 +0.0506 -0.0080
14.640 move +0.0560 +0.0000 -0.0145 -0.0492 -1.04 0.991 +0.0496 -0.0063
14.660 move +0.0560 +0.0000 -0.0147 -0.0505 -1.05 0.991 +0.0486 -0.0046
14.680 move +0.0560 +0.0000 -0.0148 -0.0516 -1.05 0.992 +0.0477 -0.0030
14.700 move +0.0560 +0.0000 -0.0148 -0.0527 -1.05 0.992 +0.0469 -0.0015
14.720 move +0.0560 +0.0000 -0.0149 -0.0537 -1.05 0.992 +0.0461 -0.0003
14.740 move +0.0560 +0.0000 -0.0149 -0.0546 -1.05 0.992 +0.0454 +0.0007
14.760 move +0.0560 +0.0000 -0.0149 -0.0555 -1.05 0.992 +0.0448 +0.0013
14.780 move +0.0560 +0.0000 -0.0148 -0.0563 -1.05 0.993 +0.0442 +0.0017
14.800 move +0.0560 +0.0000 -0.0148 -0.0570 -1.05 0.993 +0.0436 +0.0018
14.820 move +0.0560 +0.0000 -0.0148 -0.0578 -1.05 0.993 +0.0430 +0.0018
14.840 move +0.0560 +0.0000 -0.0147 -0.0585 -1.05 0.993 +0.0425 +0.0015
14.860 move +0.0560 +0.0000 -0.0147 -0.0592 -1.05 0.994 +0.0419 +0.0013
14.880 move +0.0560 +0.0000 -0.0147 -0.0598 -1.04 0.994 +0.0414 +0.0012
14.900 move +0.0560 +0.0000 -0.0147 -0.0604 -1.04 0.994 +0.0409 +0.0010
14.920 move +0.0560 +0.0000 -0.0147 -0.0609 -1.04 0.994 +0.0405 +0.0007
14.940 move +0.0560 +0.0000 -0.0147 -0.0614 -1.04 0.994 +0.0401 +0.0002
14.960 move +0.0560 +0.0000 -0.0147 -0.0617 -1.04 0.994 +0.0398 -0.0003
14.980 move +0.0560 +0.0000 -0.0147 -0.0620 -1.04 0.993 +0.0396 -0.0007
15.000 move +0.0560 +0.0000 -0.0147 -0.0622 -1.05 0.993 +0.0394 -0.0010
15.020 move +0.0560 +0.0000 -0.0148 -0.0623 -1.05 0.993 +0.0393 -0.0012
15.040 move +0.0560 +0.0000 -0.0148 -0.0624 -1.05 0.993 +0.0393 -0.0012
15.060 move +0.0560 +0.0000 -0.0148 -0.0624 -1.05 0.993 +0.0393 -0.0011
15.080 move +0.0560 +0.0000 -0.0148 -0.0623 -1.05 0.993 +0.0393 -0.0008
15.100 move +0.0560 +0.0000 -0.0149 -0.0622 -1.05 0.993 +0.0394 -0.0005
15.120 move +0.0560 +0.0000 -0.0149 -0.0621 -1.05 0.993 +0.0395 -0.0002
15.140 move +0.0560 +0.0000 -0.0149 -0.0620 -1.05 0.994 +0.0396 +0.0001
15.160 move +0.0560 +0.0000 -0.0148 -0.0618 -1.05 0.994 +0.0397 +0.0004
15.180 move +0.0560 +0.0000 -0.0148 -0.0617 -1.05 0.994 +0.0399 +0.0006
15.200 move +0.0560 +0.0000 -0.0148 -0.0616 -1.05 0.994 +0.0400 +0.0008
15.220 move +0.0560 +0.0000 -0.0148 -0.0614 -1.04 0.994 +0.0401 +0.0009
15.240 move +0.0560 +0.0000 -0.0148 -0.0613 -1.04 0.994 +0.0402 +0.0009
15.260 move +0.0560 +0.0000 -0.0147 -0.0613 -1.04 0.994 +0.0402 +0.0008
15.280 move +0.0560 +0.0000 -0.0147 -0.0612 -1.04 0.994 +0.0403 +0.0007
15.300 move +0.0560 +0.0000 -0.0147 -0.0612 -1.04 0.994 +0.0403 +0.0006
15.320 move +0.0560 +0.0000 -0.0147 -0.0611 -1.04 0.994 +0.0403 +0.0004
15.340 move +0.0560 +0.0000 -0.0147 -0.0611 -1.04 0.994 +0.0403 +0.0002
15.360 move +0.0560 +0.0000 -0.0147 -0.0612 -1.04 0.994 +0.0403 +0.0000
15.380 move +0.0560 +0.0000 -0.0147 -0.0612 -1.04 0.994 +0.0403 -0.0001
15.400 move +0.0560 +0.0000 -0.0147 -0.0612 -1.04 0.994 +0.0402 -0.0003
15.420 move +0.0560 +0.0000 -0.0147 -0.0613 -1.04 0.994 +0.0402 -0.0004
15.440 move +0.0560 +0.0000 -0.0147 -0.0613 -1.04 0.994 +0.0402 -0.0004
15.460 move +0.0560 +0.0000 -0.0147 -0.0614 -1.04 0.994 +0.0401 -0.0005
15.480 move +0.0560 +0.0000 -0.0147 -0.0614 -1.04 0.994 +0.0401 -0.0004
15.500 move +0.0560 +0.0000 -0.0147 -0.0615 -1.04 0.994 +0.0400 -0.0004
15.520 move +0.0560 +0.0000 -0.0148 -0.0615 -1.04 0.994 +0.0400 -0.0004
15.540 move +0.0560 +0.0000 -0.0148 -0.0615 -1.04 0.994 +0.0400 -0.0003
15.560 move +0.0560 +0.0000 -0.0148 -0.0616 -1.04 0.994 +0.0400 -0.0002
15.580 move +0.0560 +0.0000 -0.0148 -0.0616 -1.04 0.994 +0.0400 -0.0001
15.600 move +0.0560 +0.0000 -0.0148 -0.0616 -1.04 0.994 +0.0399 -0.0001
15.620 move +0.0560 +0.0000 -0.0147 -0.0616 -1.05 0.994 +0.0399 +0.0036
15.640 move +0.0560 +0.0000 -0.0147 -0.0616 -1.06 0.994 +0.0399 +0.0040
15.660 move +0.0560 +0.0000 -0.0146 -0.0616 -1.06 0.994 +0.0399 +0.0037
15.680 move +0.0560 +0.0000 -0.0145 -0.0617 -1.06 0.994 +0.0399 +0.0034
15.700 move +0.0560 +0.0000 -0.0144 -0.0617 -1.06 0.994 +0.0398 +0.0030
15.720 move +0.0560 +0.0000 -0.0144 -0.0618 -1.06 0.994 +0.0398 +0.0024
15.740 move +0.0560 +0.0000 -0.0143 -0.0618 -1.05 0.994 +0.0398 +0.0018
15.760 move +0.0560 +0.0000 -0.0143 -0.0618 -1.05 0.994 +0.0397 +0.0011
15.780 move +0.0560 +0.0000 -0.0143 -0.0619 -1.05 0.994 +0.0397 +0.0004
15.800 move +0.0560 +0.0000 -0.0143 -0.0619 -1.05 0.994 +0.0397 -0.0001
15.820 move +0.0560 +0.0000 -0.0143 -0.0619 -1.05 0.994 +0.0397 -0.0005
15.840 move +0.0560 +0.0000 -0.0143 -0.0619 -1.06 0.994 +0.0397 -0.0008
15.860 move +0.0560 +0.0000 -0.0143 -0.0619 -1.06 0.994 +0.0397 -0.0009
15.880 move +0.0560 +0.0000 -0.0144 -0.0619 -1.06 0.994 +0.0397 -0.0010
15.900 move +0.0560 +0.0000 -0.0144 -0.0619 -1.06 0.994 +0.0397 -0.0009
15.920 move +0.0560 +0.0000 -0.0144 -0.0619 -1.06 0.994 +0.0397 -0.0007
15.940 move +0.0560 +0.0000 -0.0144 -0.0619 -1.06 0.994 +0.0397 -0.0005
15.960 move +0.0560 +0.0000 -0.0144 -0.0619 -1.06 0.994 +0.0397 -0.0003
15.980 move +0.0560 +0.0000 -0.0144 -0.0619 -1.07 0.994 +0.0397 -0.0001
16.000 move +0.0560 +0.0080 -0.0144 -0.0619 -1.07 0.994 +0.0397 +0.0001
16.020 move +0.0560 +0.0160 -0.0144 -0.0619 -1.07 0.994 +0.0397 +0.0002
16.040 move +0.0560 +0.0240 -0.0144 -0.0619 -1.07 0.994 +0.0397 +0.0003
16.060 move +0.0560 +0.0320 -0.0144 -0.0619 -1.07 0.994 +0.0397 +0.0003
16.080 move +0.0560 +0.0400 -0.0144 -0.0619 -1.07 0.994 +0.0397 +0.0003
16.100 move +0.0560 +0.0480 -0.0144 -0.0619 -1.07 0.994 +0.0397 +0.0003
16.120 move +0.0560 +0.0560 -0.0144 -0.0619 -1.07 0.994 +0.0397 +0.0002
16.140 move +0.0560 +0.0640 -0.0144 -0.0618 -1.07 0.994 +0.0397 +0.0002
16.160 move +0.0560 +0.0720 -0.0144 -0.0618 -1.07 0.994 +0.0397 +0.0001
16.180 move +0.0560 +0.0800 -0.0144 -0.0618 -1.07 0.994 +0.0397 +0.0001
16.200 move +0.0560 +0.0880 -0.0144 -0.0618 -1.07 0.994 +0.0397 +0.0000
16.220 move +0.0560 +0.0960 -0.0144 -0.0618 -1.07 0.994 +0.0397 -0.0000
16.240 move +0.0560 +0.1040 -0.0144 -0.0618 -1.07 0.994 +0.0397 -0.0001
16.260 move +0.0560 +0.1120 -0.0144 -0.0619 -1.07 0.994 +0.0397 -0.0001
16.280 move +0.0560 +0.1200 -0.0144 -0.0619 -1.07 0.994 +0.0397 -0.0001
16.300 move +0.0560 +0.1280 -0.0144 -0.0619 -1.07 0.994 +0.0397 -0.0001
16.320 move +0.0560 +0.1360 -0.0144 -0.0619 -1.07 0.994 +0.0397 -0.0001
16.340 move +0.0560 +0.1440 -0.0144 -0.0619 -1.07 0.994 +0.0397 -0.0001
16.360 move +0.0560 +0.1520 -0.0144 -0.0619 -1.07 0.994 +0.0397 -0.0000
16.380 move +0.0560 +0.1600 -0.0144 -0.0619 -1.07 0.994 +0.0397 -0.0000
16.400 move +0.0560 +0.1680 -0.0144 -0.0619 -1.07 0.994 +0.0397 -0.0000
16.420 move +0.0560 +0.1760 -0.0144 -0.0619 -1.07 0.994 +0.0397 +0.0000
16.440 move +0.0560 +0.1840 -0.0144 -0.0619 -1.07 0.994 +0.0397 +0.0000
16.460 move +0.0560 +0.1920 -0.0144 -0.0619 -1.07 0.994 +0.0397 +0.0000
16.480 move +0.0560 +0.2000 -0.0144 -0.0619 -1.07 0.994 +0.0397 +0.0000
16.500 move +0.0560 +0.2080 -0.0144 -0.0619 -1.07 0.994 +0.0397 +0.0000
16.520 move +0.0560 +0.2160 -0.0144 -0.0619 -1.07 0.994 +0.0397 +0.0000
16.540 move +0.0560 +0.2240 -0.0144 -0.0619 -1.07 0.994 +0.0397 +0.0000
16.560 move +0.0560 +0.2320 -0.0144 -0.0619 -1.07 0.994 +0.0397 +0.0000
16.580 move +0.0560 +0.2400 -0.0144 -0.0619 -1.07 0.994 +0.0397 +0.0000
16.600 move +0.0560 +0.2480 -0.0144 -0.0619 -1.07 0.994 +0.0397 +0.0000
16.620 move +0.0560 +0.2500 -0.0144 -0.0619 -1.07 0.994 +0.0397 +0.0000
16.640 move +0.0560 +0.2500 -0.0144 -0.0619 -1.07 0.994 +0.0397 +0.0000
16.660 move +0.0560 +0.2500 -0.0144 -0.0619 -1.07 0.994 +0.0397 +0.0000
16.680 move +0.0560 +0.2500 -0.0144 -0.0619 -1.07 0.994 +0.0397 +0.0000
16.700 move +0.0560 +0.2500 -0.0144 -0.0619 -1.07 0.994 +0.0397 -0.0000
16.720 move +0.0560 +0.2500 -0.0144 -0.0619 -1.07 0.994 +0.0397 -0.0000
16.740 move +0.0560 +0.2500 -0.0144 -0.0619 -1.07 0.994 +0.0397 -0.0000
16.760 move +0.0560 +0.2500 -0.0144 -0.0619 -1.07 0.994 +0.0397 -0.0000
16.780 move +0.0560 +0.2500 -0.0144 -0.0619 -1.07 0.994 +0.0397 -0.0000
16.800 move +0.0560 +0.2500 -0.0144 -0.0619 -1.07 0.994 +0.0397 -0.0000
16.820 move +0.0560 +0.2500 -0.0144 -0.0619 -1.07 0.994 +0.0397 -0.0000
16.840 move +0.0560 +0.2500 -0.0144 -0.0619 -1.07 0.994 +0.0397 +0.0000
16.860 move +0.0560 +0.2500 -0.0144 -0.0619 -1.07 0.994 +0.0397 +0.0000
16.880 move +0.0560 +0.2500 -0.0144 -0.0619 -1.07 0.994 +0.0397 +0.0000
16.900 move +0.0560 +0.2500 -0.0144 -0.0619 -1.07 0.994 +0.0397 +0.0000
16.920 move +0.0560 +0.2500 -0.0144 -0.0619 -1.07 0.994 +0.0397 +0.0000
16.940 move +0.0560 +0.2500 -0.0144 -0.0619 -1.07 0.994 +0.0397 +0.0000
16.960 move +0.0560 +0.2500 -0.0144 -0.0619 -1.07 0.994 +0.0397 +0.0000
16.980 move +0.0560 +0.2500 -0.0144 -0.0619 -1.07 0.994 +0.0397 +0.0000
17.000 move +0.0560 +0.2500 -0.0144 -0.0619 -1.07 0.994 +0.0397 +0.0000
17.020 move +0.0560 +0.2500 -0.0144 -0.0619 -1.07 0.994 +0.0397 +0.0000
17.040 move +0.0560 +0.2500 -0.0144 -0.0619 -1.07 0.994 +0.0397 +0.0000
17.060 move +0.0560 +0.2500 -0.0144 -0.0619 -1.07 0.994 +0.0397 +0.0000
17.080 move +0.0560 +0.2500 -0.0144 -0.0619 -1.07 0.994 +0.0397 +0.0000
17.100 move +0.0560 +0.2500 -0.0144 -0.0619 -1.07 0.994 +0.0397 +0.0000
17.120 move +0.0560 +0.2500 -0.0144 -0.0618 -1.08 0.993 +0.0398 +0.0037
17.140 move +0.0560 +0.2500 -0.0143 -0.0616 -1.09 0.993 +0.0399 +0.0039
17.160 move +0.0560 +0.2500 -0.0142 -0.0613 -1.09 0.993 +0.0401 +0.0036
17.180 move +0.0560 +0.2500 -0.0141 -0.0608 -1.09 0.992 +0.0404 +0.0033
17.200 move +0.0560 +0.2500 -0.0140 -0.0603 -1.08 0.992 +0.0408 +0.0030
17.220 move +0.0560 +0.2500 -0.0140 -0.0596 -1.08 0.992 +0.0414 +0.0026
17.240 move +0.0560 +0.2500 -0.0139 -0.0587 -1.07 0.992 +0.0420 +0.0021
17.260 move +0.0560 +0.2500 -0.0138 -0.0578 -1.07 0.991 +0.0428 +0.0016
17.280 move +0.0560 +0.2500 -0.0138 -0.0567 -1.06 0.991 +0.0436 +0.0011
17.300 move +0.0560 +0.2500 -0.0137 -0.0555 -1.06 0.991 +0.0446 +0.0008
17.320 move +0.0560 +0.2500 -0.0137 -0.0542 -1.06 0.991 +0.0455 +0.0006
17.340 move +0.0560 +0.2500 -0.0137 -0.0529 -1.05 0.991 +0.0466 +0.0006
17.360 move +0.0560 +0.2500 -0.0136 -0.0515 -1.05 0.991 +0.0476 +0.0008
17.380 move +0.0560 +0.2500 -0.0136 -0.0502 -1.05 0.991 +0.0487 +0.0011
17.400 move +0.0560 +0.2500 -0.0135 -0.0488 -1.04 0.991 +0.0498 +0.0015
17.420 move +0.0560 +0.2500 -0.0135 -0.0475 -1.04 0.991 +0.0508 +0.0019
17.440 move +0.0560 +0.2500 -0.0134 -0.0461 -1.04 0.991 +0.0519 +0.0022
17.460 move +0.0560 +0.2500 -0.0133 -0.0449 -1.04 0.990 +0.0529 +0.0025
17.480 move +0.0560 +0.2500 -0.0132 -0.0436 -1.03 0.990 +0.0539 +0.0027
17.500 move +0.0560 +0.2500 -0.0131 -0.0424 -1.03 0.990 +0.0548 +0.0028
17.520 move +0.0560 +0.2500 -0.0130 -0.0413 -1.03 0.990 +0.0557 +0.0027
17.540 move +0.0560 +0.2500 -0.0130 -0.0402 -1.03 0.990 +0.0565 +0.0025
17.560 move +0.0560 +0.2500 -0.0129 -0.0391 -1.02 0.990 +0.0574 +0.0022
17.580 move +0.0560 +0.2500 -0.0128 -0.0381 -1.02 0.989 +0.0581 +0.0018
17.600 move +0.0560 +0.2500 -0.0128 -0.0371 -1.02 0.989 +0.0589 +0.0013
17.620 move +0.0560 +0.2500 -0.0127 -0.0361 -1.02 0.989 +0.0596 +0.0009
17.640 move +0.0560 +0.2500 -0.0127 -0.0352 -1.02 0.988 +0.0604 +0.0005
17.660 move +0.0560 +0.2500 -0.0127 -0.0343 -1.02 0.988 +0.0611 +0.0002
17.680 move +0.0560 +0.2500 -0.0126 -0.0333 -1.02 0.988 +0.0618 +0.0000
17.700 move +0.0560 +0.2500 -0.0126 -0.0324 -1.02 0.987 +0.0625 -0.0001
17.720 move +0.0560 +0.2500 -0.0126 -0.0315 -1.02 0.987 +0.0632 -0.0001
17.740 move +0.0560 +0.2500 -0.0126 -0.0305 -1.02 0.987 +0.0639 -0.0001
17.760 move +0.0560 +0.2500 -0.0126 -0.0296 -1.03 0.986 +0.0646 +0.0000
17.780 move +0.0560 +0.2500 -0.0126 -0.0286 -1.03 0.986 +0.0654 +0.0002
17.800 move +0.0560 +0.2500 -0.0125 -0.0277 -1.03 0.986 +0.0661 +0.0003
17.820 move +0.0560 +0.2500 -0.0125 -0.0267 -1.03 0.986 +0.0669 +0.0005
17.840 move +0.0560 +0.2500 -0.0125 -0.0257 -1.03 0.985 +0.0676 +0.0007
17.860 move +0.0560 +0.2500 -0.0124 -0.0247 -1.03 0.985 +0.0684 +0.0009
17.880 move +0.0560 +0.2500 -0.0124 -0.0237 -1.03 0.985 +0.0692 +0.0010
17.900 move +0.0560 +0.2500 -0.0123 -0.0227 -1.03 0.984 +0.0697 +0.0011
17.920 move +0.0560 +0.2500 -0.0123 -0.0216 -1.03 0.984 +0.0699 +0.0011
17.940 move +0.0560 +0.2500 -0.0123 -0.0206 -1.03 0.984 +0.0700 +0.0012
17.960 move +0.0560 +0.2500 -0.0122 -0.0196 -1.03 0.983 +0.0702 +0.0012
17.980 move +0.0560 +0.2500 -0.0122 -0.0186 -1.03 0.983 +0.0703 +0.0011
18.000 move +0.0560 +0.2500 -0.0121 -0.0176 -1.03 0.983 +0.0704 +0.0011
18.020 move +0.0560 +0.2500 -0.0119 -0.0167 -1.16 0.982 -0.0126 +0.0215
18.040 move +0.0560 +0.2500 -0.0117 -0.0161 -1.20 0.982 -0.0122 +0.0208
18.060 move +0.0560 +0.2500 -0.0115 -0.0158 -1.15 0.982 -0.0121 +0.0155
18.080 move +0.0560 +0.2500 -0.0113 -0.0158 -1.10 0.983 -0.0122 +0.0138
18.100 move +0.0560 +0.2500 -0.0111 -0.0160 -1.04 0.982 -0.0125 +0.0107
18.120 move +0.0560 +0.2500 -0.0110 -0.0164 -0.99 0.982 -0.0130 +0.0080
18.140 move +0.0560 +0.2500 -0.0108 -0.0171 -0.97 0.982 -0.0137 +0.0059
18.160 move +0.0560 +0.2500 -0.0107 -0.0181 -0.97 0.981 -0.0145 +0.0044
18.180 move +0.0560 +0.2500 -0.0107 -0.0193 -0.98 0.980 -0.0156 +0.0001
18.200 move +0.0560 +0.2500 -0.0107 -0.0208 -0.98 0.978 -0.0169 -0.0036
18.220 move +0.0560 +0.2500 -0.0108 -0.0226 -0.99 0.977 -0.0185 -0.0054
18.240 move +0.0560 +0.2500 -0.0109 -0.0248 -0.99 0.975 -0.0203 -0.0072
18.260 move +0.0560 +0.2500 -0.0111 -0.0273 -0.99 0.972 -0.0225 -0.0094
18.280 move +0.0560 +0.2500 -0.0113 -0.0303 -0.99 0.969 -0.0250 -0.0120
18.300 move +0.0560 +0.2500 -0.0117 -0.0337 -0.96 0.965 -0.0279 -0.0206
18.320 move +0.0560 +0.2500 -0.0122 -0.0375 -0.89 0.959 -0.0311 -0.0334
18.340 move +0.0560 +0.2500 -0.0127 -0.0418 -0.91 0.952 -0.0347 -0.0306
18.360 move +0.0560 +0.2500 -0.0133 -0.0468 -0.98 0.944 -0.0389 -0.0282
18.380 move +0.0560 +0.2500 -0.0139 -0.0526 -1.07 0.935 -0.0438 -0.0237
18.400 move +0.0560 +0.2500 -0.0144 -0.0591 -1.15 0.924 -0.0494 -0.0203
18.420 move +0.0560 +0.2500 -0.0149 -0.0665 -1.20 0.911 -0.0556 -0.0169
18.440 move +0.0560 +0.2500 -0.0155 -0.0747 -1.25 0.896 -0.0627 -0.0157
18.460 move +0.0560 +0.2500 -0.0159 -0.0839 -1.32 0.877 +0.0240 +0.0007
18.480 move +0.0560 +0.2500 -0.0154 -0.0933 -1.40 0.855 +0.0163 +0.0508
18.500 move +0.0560 +0.2500 -0.0137 -0.1028 -1.42 0.831 +0.0085 +0.1036
18.520 move +0.0560 +0.2500 -0.0110 -0.1120 -1.31 0.804 +0.0007 +0.1394
18.540 move +0.0560 +0.2500 -0.0075 -0.1211 -1.07 0.774 -0.0071 +0.1675
18.560 move +0.0560 +0.2500 -0.0035 -0.1302 -0.67 0.741 -0.0148 +0.1845
18.580 move +0.0560 +0.2500 +0.0008 -0.1394 -0.11 0.703 -0.0228 +0.1941
18.600 move +0.0560 +0.2500 +0.0052 -0.1489 +0.64 0.661 -0.0310 +0.1975
18.620 move +0.0560 +0.2500 +0.0096 -0.1589 +1.57 0.614 -0.0396 +0.1946
18.640 move +0.0560 +0.2500 +0.0138 -0.1693 +2.67 0.560 -0.0487 +0.1851
18.660 move +0.0560 +0.2500 +0.0177 -0.1803 +3.93 0.498 -0.0583 +0.1715
18.680 fault +0.0000 +0.0000 +0.0213 -0.1920 +5.44 0.428 -0.0685 +0.1527
18.700 fault +0.0000 +0.0000 +0.0250 -0.2053 +6.76 0.359 -0.0801 +0.1550
18.720 fault +0.0000 +0.0000 +0.0284 -0.2202 +7.99 0.287 -0.0933 +0.1177
18.740 fault +0.0000 +0.0000 +0.0316 -0.2362 +9.19 0.207 -0.1073 +0.0817
18.760 fault +0.0000 +0.0000 +0.0344 -0.2526 +10.37 0.118 -0.1217 +0.0350
18.780 fault +0.0000 +0.0000 +0.0370 -0.2690 +11.49 0.022 -0.1357 -0.0165
18.800 fault +0.0000 +0.0000 +0.0392 -0.2849 +12.42 -0.081 -0.1487 -0.0645
18.820 fault +0.0000 +0.0000 +0.0410 -0.2998 +12.89 -0.191 -0.1600 -0.1198
18.840 fault +0.0000 +0.0000 +0.0417 -0.3130 +12.58 -0.317 -1.0000 -0.1348
18.860 fault +0.0000 +0.0000 +0.0420 -0.3252 +11.87 -0.445 -0.1710 -0.1316
18.880 fault +0.0000 +0.0000 +0.0408 -0.3336 +10.94 -0.589 -1.0000 -0.1280
18.900 fault +0.0000 +0.0000 +0.0390 -0.3397 +9.95 -0.726 -0.1323 -0.0896
18.920 fault +0.0000 +0.0000 +0.0368 -0.3409 +9.66 -0.846 -0.1033 -0.0427
18.940 fault +0.0000 +0.0000 +0.0337 -0.3348 +10.63 -0.935 -0.0702 -0.0478
18.960 fault +0.0000 +0.0000 +0.0272 -0.3185 +11.67 -0.984 -0.0374 -0.1069
18.980 fault +0.0000 +0.0000 +0.0183 -0.2954 +12.28 -0.999 +0.0745 -0.1332
19.000 fault +0.0000 +0.0000 +0.0108 -0.2736 +12.85 -0.989 +0.0695 -0.0967
19.020 fault +0.0000 +0.0000 +0.0058 -0.2594 +13.10 -0.976 +0.0534 -0.0846
19.040 fault +0.0000 +0.0000 +0.0027 -0.2493 +13.52 -0.963 +0.0396 -0.0404
19.060 fault +0.0000 +0.0000 +0.0010 -0.2416 +13.94 -0.951 +0.0281 -0.0120
19.080 fault +0.0000 +0.0000 +0.0003 -0.2354 +14.17 -0.942 +0.0215 +0.0176
19.100 fault +0.0000 +0.0000 +0.0003 -0.2305 +14.25 -0.935 +0.0170 +0.0432
19.120 fault +0.0000 +0.0000 +0.0011 -0.2271 +14.22 -0.930 -0.0676 +0.0625
19.140 fault +0.0000 +0.0000 +0.0026 -0.2253 +14.06 -0.928 -0.0694 +0.0703
19.160 fault +0.0000 +0.0000 +0.0045 -0.2252 +13.82 -0.928 -0.0694 +0.0746
19.180 fault +0.0000 +0.0000 +0.0068 -0.2269 +13.59 -0.933 -0.0676 +0.0732
19.200 fault +0.0000 +0.0000 +0.0095 -0.2302 +13.39 -0.940 -0.0639 +0.0667
19.220 fault +0.0000 +0.0000 +0.0124 -0.2354 +13.24 -0.950 +0.0242 +0.0558
19.240 fault +0.0000 +0.0000 +0.0155 -0.2426 +13.15 -0.962 +0.0328 +0.0421
19.260 fault +0.0000 +0.0000 +0.0187 -0.2517 +13.14 -0.975 +0.0433 +0.0260
19.280 fault +0.0000 +0.0000 +0.0219 -0.2628 +13.20 -0.986 +0.0554 +0.0076
19.300 fault +0.0000 +0.0000 +0.0252 -0.2758 +13.32 -0.995 +0.0593 -0.0110
19.320 fault +0.0000 +0.0000 +0.0277 -0.2902 +13.62 -0.999 +0.0616 -0.1032
19.340 fault +0.0000 +0.0000 +0.0271 -0.3024 +14.00 -0.999 +0.0647 -0.1664
19.360 fault +0.0000 +0.0000 +0.0250 -0.3115 +13.92 -0.997 +0.0676 -0.1802
19.380 fault +0.0000 +0.0000 +0.0223 -0.3183 +13.60 -0.995 +0.0662 -0.1759
19.400 fault +0.0000 +0.0000 +0.0196 -0.3234 +13.24 -0.992 +0.0621 -0.1556
19.420 fault +0.0000 +0.0000 +0.0172 -0.3270 +12.89 -0.990 +0.0595 -0.1269
19.440 fault +0.0000 +0.0000 +0.0153 -0.3289 +12.58 -0.988 +0.0582 -0.0938
19.460 fault +0.0000 +0.0000 +0.0137 -0.3293 +12.33 -0.988 +0.0584 -0.0592
19.480 fault +0.0000 +0.0000 +0.0125 -0.3280 +12.15 -0.989 +0.0600 -0.0264
19.500 fault +0.0000 +0.0000 +0.0117 -0.3250 +12.04 -0.991 +0.0632 +0.0022
19.520 fault +0.0000 +0.0000 +0.0110 -0.3203 +11.99 -0.994 +0.0679 +0.0246
19.540 fault +0.0000 +0.0000 +0.0104 -0.3140 +12.00 -0.997 +0.0726 +0.0409
19.560 fault +0.0000 +0.0000 +0.0100 -0.3064 +12.08 -0.999 +0.0742 +0.0735
19.580 fault +0.0000 +0.0000 +0.0109 -0.2993 +12.24 -0.999 +0.0720 +0.1178
19.600 fault +0.0000 +0.0000 +0.0126 -0.2941 +12.31 -0.999 +0.0692 +0.1115
19.620 fault +0.0000 +0.0000 +0.0146 -0.2910 +12.28 -0.999 +0.0667 +0.1064
19.640 fault +0.0000 +0.0000 +0.0167 -0.2895 +12.21 -0.999 +0.0647 +0.0941
19.660 fault +0.0000 +0.0000 +0.0187 -0.2895 +12.12 -0.999 +0.0631 +0.0761
19.680 fault +0.0000 +0.0000 +0.0205 -0.2909 +12.04 -0.999 +0.0620 +0.0545
19.700 fault +0.0000 +0.0000 +0.0216 -0.2932 +12.04 -1.000 +0.0616 +0.0092
19.720 fault +0.0000 +0.0000 +0.0218 -0.2957 +12.10 -1.000 +0.0621 -0.0314
19.740 fault +0.0000 +0.0000 +0.0210 -0.2978 +12.15 -1.000 +0.0631 -0.0532
19.760 fault +0.0000 +0.0000 +0.0198 -0.2990 +12.19 -1.000 +0.0644 -0.0615
19.780 fault +0.0000 +0.0000 +0.0184 -0.2995 +12.20 -1.000 +0.0656 -0.0601
19.800 fault +0.0000 +0.0000 +0.0170 -0.2995 +12.20 -1.000 +0.0668 -0.0512
19.820 fault +0.0000 +0.0000 +0.0159 -0.2993 +12.21 -1.000 +0.0676 -0.0377
19.840 fault +0.0000 +0.0000 +0.0151 -0.2990 +12.21 -1.000 +0.0682 -0.0226
19.860 fault +0.0000 +0.0000 +0.0147 -0.2987 +12.22 -1.000 +0.0684 -0.0082
19.880 fault +0.0000 +0.0000 +0.0147 -0.2984 +12.23 -1.000 +0.0683 +0.0039
19.900 fault +0.0000 +0.0000 +0.0149 -0.2983 +12.24 -1.000 +0.0681 +0.0128
19.920 fault +0.0000 +0.0000 +0.0153 -0.2982 +12.26 -1.000 +0.0677 +0.0180
19.940 fault +0.0000 +0.0000 +0.0158 -0.2981 +12.27 -1.000 +0.0672 +0.0198
19.960 fault +0.0000 +0.0000 +0.0163 -0.2981 +12.28 -1.000 +0.0668 +0.0188
19.980 fault +0.0000 +0.0000 +0.0167 -0.2981 +12.29 -1.000 +0.0664 +0.0156
20.000 fault +0.0000 +0.0000 +0.0170 -0.2981 +12.30 -1.000 +0.0661 +0.0112
20.020 fault +0.0000 +0.0000 +0.0172 -0.2981 +12.31 -1.000 +0.0659 +0.0063
20.040 fault +0.0000 +0.0000 +0.0173 -0.2981 +12.32 -1.000 +0.0658 +0.0018
20.060 fault +0.0000 +0.0000 +0.0173 -0.2981 +12.33 -1.000 +0.0657 -0.0020
20.080 fault +0.0000 +0.0000 +0.0172 -0.2981 +12.34 -1.000 +0.0658 -0.0047
20.100 fault +0.0000 +0.0000 +0.0170 -0.2981 +12.35 -1.000 +0.0659 -0.0062
20.120 fault +0.0000 +0.0000 +0.0169 -0.2982 +12.36 -1.000 +0.0660 -0.0067
20.140 fault +0.0000 +0.0000 +0.0167 -0.2982 +12.36 -1.000 +0.0661 -0.0062
20.160 fault +0.0000 +0.0000 +0.0166 -0.2982 +12.37 -1.000 +0.0662 -0.0051
20.180 fault +0.0000 +0.0000 +0.0165 -0.2983 +12.38 -1.000 +0.0663 -0.0036
20.200 fault +0.0000 +0.0000 +0.0164 -0.2983 +12.39 -1.000 +0.0663 -0.0020
20.220 fault +0.0000 +0.0000 +0.0164 -0.2983 +12.39 -1.000 +0.0663 -0.0005
20.240 fault +0.0000 +0.0000 +0.0164 -0.2983 +12.40 -1.000 +0.0663 +0.0007
20.260 fault +0.0000 +0.0000 +0.0165 -0.2983 +12.41 -1.000 +0.0662 +0.0015
20.280 fault +0.0000 +0.0000 +0.0165 -0.2983 +12.41 -1.000 +0.0661 +0.0020
20.300 fault +0.0000 +0.0000 +0.0166 -0.2983 +12.42 -1.000 +0.0661 +0.0021
20.320 fault +0.0000 +0.0000 +0.0166 -0.2983 +12.42 -1.000 +0.0660 +0.0019
20.340 fault +0.0000 +0.0000 +0.0167 -0.2983 +12.43 -1.000 +0.0660 +0.0015
20.360 fault +0.0000 +0.0000 +0.0167 -0.2983 +12.43 -1.000 +0.0659 +0.0010
20.380 fault +0.0000 +0.0000 +0.0167 -0.2983 +12.44 -1.000 +0.0659 +0.0005
20.400 fault +0.0000 +0.0000 +0.0167 -0.2983 +12.44 -1.000 +0.0658 +0.0000
20.420 fault +0.0000 +0.0000 +0.0167 -0.2983 +12.45 -1.000 +0.0658 -0.0004
20.440 fault +0.0000 +0.0000 +0.0167 -0.2983 +12.45 -1.000 +0.0658 -0.0006
20.460 fault +0.0000 +0.0000 +0.0167 -0.2983 +12.46 -1.000 +0.0658 -0.0008
20.480 fault +0.0000 +0.0000 +0.0167 -0.2983 +12.46 -1.000 +0.0658 -0.0008
20.500 fault +0.0000 +0.0000 +0.0166 -0.2983 +12.47 -1.000 +0.0658 -0.0007
20.520 fault +0.0000 +0.0000 +0.0166 -0.2983 +12.47 -1.000 +0.0658 -0.0006
20.540 fault +0.0000 +0.0000 +0.0166 -0.2983 +12.47 -1.000 +0.0658 -0.0004
20.560 fault +0.0000 +0.0000 +0.0166 -0.2983 +12.48 -1.000 +0.0658 -0.0003
20.580 fault +0.0000 +0.0000 +0.0166 -0.2983 +12.48 -1.000 +0.0658 -0.0001
20.600 fault +0.0000 +0.0000 +0.0166 -0.2983 +12.49 -1.000 +0.0658 +0.0000
20.620 fault +0.0000 +0.0000 +0.0166 -0.2983 +12.49 -1.000 +0.0658 +0.0001
20.640 fault +0.0000 +0.0000 +0.0166 -0.2983 +12.49 -1.000 +0.0657 +0.0001
20.660 fault +0.0000 +0.0000 +0.0166 -0.2983 +12.49 -1.000 +0.0657 +0.0001
20.680 fault +0.0000 +0.0000 +0.0166 -0.2983 +12.50 -1.000 +0.0657 +0.0001
20.700 fault +0.0000 +0.0000 +0.0166 -0.2983 +12.50 -1.000 +0.0657 +0.0001
20.720 fault +0.0000 +0.0000 +0.0166 -0.2983 +12.50 -1.000 +0.0657 +0.0000
20.740 fault +0.0000 +0.0000 +0.0166 -0.2983 +12.51 -1.000 +0.0657 -0.0000
20.760 fault +0.0000 +0.0000 +0.0166 -0.2983 +12.51 -1.000 +0.0656 -0.0001
20.780 fault +0.0000 +0.0000 +0.0166 -0.2983 +12.51 -1.000 +0.0656 -0.0001
20.800 fault +0.0000 +0.0000 +0.0166 -0.2983 +12.51 -1.000 +0.0656 -0.0001
20.820 fault +0.0000 +0.0000 +0.0166 -0.2983 +12.52 -1.000 +0.0656 -0.0002
20.840 fault +0.0000 +0.0000 +0.0166 -0.2983 +12.52 -1.000 +0.0656 +0.0002
20.860 fault +0.0000 +0.0000 +0.0166 -0.2983 +12.52 -1.000 +0.0656 +0.0004
20.880 fault +0.0000 +0.0000 +0.0166 -0.2983 +12.52 -1.000 +0.0656 +0.0004
20.900 fault +0.0000 +0.0000 +0.0166 -0.2983 +12.52 -1.000 +0.0656 +0.0003
20.920 fault +0.0000 +0.0000 +0.0166 -0.2983 +12.53 -1.000 +0.0656 +0.0003
20.940 fault +0.0000 +0.0000 +0.0166 -0.2983 +12.53 -1.000 +0.0656 +0.0003
20.960 fault +0.0000 +0.0000 +0.0167 -0.2983 +12.53 -1.000 +0.0656 +0.0002
20.980 fault +0.0000 +0.0000 +0.0167 -0.2983 +12.53 -1.000 +0.0656 +0.0002
21.000 fault +0.0000 +0.0000 +0.0167 -0.2983 +12.54 -1.000 +0.0656 +0.0001
21.020 fault +0.0000 +0.0000 +0.0167 -0.2983 +12.54 -1.000 +0.0656 +0.0001
21.040 fault +0.0000 +0.0000 +0.0167 -0.2983 +12.54 -1.000 +0.0656 +0.0000
21.060 fault +0.0000 +0.0000 +0.0167 -0.2983 +12.54 -1.000 +0.0656 -0.0000
21.080 fault +0.0000 +0.0000 +0.0167 -0.2983 +12.54 -1.000 +0.0656 -0.0000
21.100 fault +0.0000 +0.0000 +0.0167 -0.2983 +12.54 -1.000 +0.0656 -0.0001
21.120 fault +0.0000 +0.0000 +0.0167 -0.2983 +12.55 -1.000 +0.0656 -0.0001
21.140 fault +0.0000 +0.0000 +0.0167 -0.2983 +12.55 -1.000 +0.0656 -0.0001
21.160 fault +0.0000 +0.0000 +0.0167 -0.2983 +12.55 -1.000 +0.0656 -0.0000
21.180 fault +0.0000 +0.0000 +0.0167 -0.2983 +12.55 -1.000 +0.0656 -0.0000
21.200 fault +0.0000 +0.0000 +0.0167 -0.2983 +12.55 -1.000 +0.0656 -0.0000
21.220 fault +0.0000 +0.0000 +0.0167 -0.2983 +12.55 -1.000 +0.0656 -0.0000
21.240 fault +0.0000 +0.0000 +0.0167 -0.2983 +12.55 -1.000 +0.0656 +0.0000
21.260 fault +0.0000 +0.0000 +0.0167 -0.2983 +12.55 -1.000 +0.0656 +0.0000
21.280 fault +0.0000 +0.0000 +0.0167 -0.2983 +12.56 -1.000 +0.0656 +0.0000
21.300 fault +0.0000 +0.0000 +0.0167 -0.2983 +12.56 -1.000 +0.0656 +0.0000
21.320 fault +0.0000 +0.0000 +0.0167 -0.2983 +12.56 -1.000 +0.0656 +0.0000
21.340 fault +0.0000 +0.0000 +0.0167 -0.2983 +12.56 -1.000 +0.0656 +0.0000
21.360 fault +0.0000 +0.0000 +0.0167 -0.2983 +12.56 -1.000 +0.0656 +0.0000
21.380 fault +0.0000 +0.0000 +0.0167 -0.2983 +12.56 -1.000 +0.0656 +0.0000
21.400 fault +0.0000 +0.0000 +0.0167 -0.2983 +12.56 -1.000 +0.0656 +0.0000
21.420 fault +0.0000 +0.0000 +0.0167 -0.2983 +12.56 -1.000 +0.0656 -0.0000
21.440 fault +0.0000 +0.0000 +0.0167 -0.2983 +12.56 -1.000 +0.0656 -0.0000
21.460 fault +0.0000 +0.0000 +0.0167 -0.2983 +12.56 -1.000 +0.0656 -0.0000
21.480 fault +0.0000 +0.0000 +0.0167 -0.2983 +12.56 -1.000 +0.0656 -0.0000
21.500 fault +0.0000 +0.0000 +0.0167 -0.2983 +12.56 -1.000 +0.0656 -0.0000
21.520 fault +0.0000 +0.0000 +0.0167 -0.2983 +12.57 -1.000 +0.0656 -0.0000
21.540 fault +0.0000 +0.0000 +0.0167 -0.2983 +12.57 -1.000 +0.0656 -0.0000
21.560 fault +0.0000 +0.0000 +0.0167 -0.2983 +12.57 -1.000 +0.0656 -0.0000
21.580 fault +0.0000 +0.0000 +0.0167 -0.2983 +12.57 -1.000 +0.0656 +0.0000
21.600 fault +0.0000 +0.0000 +0.0167 -0.2983 +12.57 -1.000 +0.0656 +0.0000
21.620 fault +0.0000 +0.0000 +0.0167 -0.2983 +12.57 -1.000 +0.0656 +0.0000
21.640 fault +0.0000 +0.0000 +0.0167 -0.2983 +12.57 -1.000 +0.0656 +0.0000
21.660 fault +0.0000 +0.0000 +0.0167 -0.2983 +12.57 -1.000 +0.0656 +0.0000
21.680 fault +0.0000 +0.0000 +0.0167 -0.2983 +12.57 -1.000 +0.0656 +0.0000
21.700 fault +0.0000 +0.0000 +0.0167 -0.2983 +12.57 -1.000 +0.0656 +0.0000
21.720 fault +0.0000 +0.0000 +0.0167 -0.2983 +12.57 -1.000 +0.0656 +0.0000
21.740 fault +0.0000 +0.0000 +0.0167 -0.2983 +12.57 -1.000 +0.0656 +0.0000
21.760 fault +0.0000 +0.0000 +0.0167 -0.2983 +12.57 -1.000 +0.0656 +0.0000
21.780 fault +0.0000 +0.0000 +0.0167 -0.2983 +12.57 -1.000 +0.0656 -0.0000
21.800 fault +0.0000 +0.0000 +0.0167 -0.2983 +12.57 -1.000 +0.0656 -0.0000
21.820 fault +0.0000 +0.0000 +0.0167 -0.2983 +12.57 -1.000 +0.0656 -0.0000
21.840 fault +0.0000 +0.0000 +0.0167 -0.2983 +12.57 -1.000 +0.0656 -0.0000
21.860 fault +0.0000 +0.0000 +0.0167 -0.2983 +12.57 -1.000 +0.0656 +0.0000
21.880 fault +0.0000 +0.0000 +0.0167 -0.2983 +12.57 -1.000 +0.0656 +0.0000
21.900 fault +0.0000 +0.0000 +0.0167 -0.2983 +12.57 -1.000 +0.0656 +0.0000
21.920 fault +0.0000 +0.0000 +0.0167 -0.2983 +12.57 -1.000 +0.0656 -0.0000
21.940 fault +0.0000 +0.0000 +0.0167 -0.2983 +12.57 -1.000 +0.0656 -0.0000
21.960 fault +0.0000 +0.0000 +0.0167 -0.2983 +12.57 -1.000 +0.0656 -0.0000
21.980 fault +0.0000 +0.0000 +0.0167 -0.2983 +12.57 -1.000 +0.0656 -0.0000
22.000 fault +0.0000 +0.0000 +0.0167 -0.2983 +12.57 -1.000 +0.0656 -0.0000
22.020 fault +0.0000 +0.0000 +0.0167 -0.2983 +12.57 -1.000 +0.0656 -0.0000
22.040 fault +0.0000 +0.0000 +0.0167 -0.2983 +12.57 -1.000 +0.0656 -0.0000
22.060 fault +0.0000 +0.0000 +0.0167 -0.2983 +12.57 -1.000 +0.0656 -0.0000
22.080 fault +0.0000 +0.0000 +0.0167 -0.2983 +12.57 -1.000 +0.0656 -0.0000
22.100 fault +0.0000 +0.0000 +0.0167 -0.2983 +12.57 -1.000 +0.0656 -0.0000
22.120 fault +0.0000 +0.0000 +0.0167 -0.2983 +12.57 -1.000 +0.0656 -0.0000
22.140 fault +0.0000 +0.0000 +0.0167 -0.2983 +12.57 -1.000 +0.0656 +0.0000
22.160 fault +0.0000 +0.0000 +0.0167 -0.2983 +12.57 -1.000 +0.0656 +0.0000
22.180 fault +0.0000 +0.0000 +0.0167 -0.2983 +12.57 -1.000 +0.0656 +0.0000
22.200 fault +0.0000 +0.0000 +0.0167 -0.2983 +12.57 -1.000 +0.0656 +0.0000
22.220 fault +0.0000 +0.0000 +0.0167 -0.2983 +12.57 -1.000 +0.0656 +0.0000
22.240 fault +0.0000 +0.0000 +0.0167 -0.2983 +12.57 -1.000 +0.0656 +0.0000
22.260 fault +0.0000 +0.0000 +0.0167 -0.2983 +12.57 -1.000 +0.0656 +0.0000
22.280 fault +0.0000 +0.0000 +0.0167 -0.2983 +12.57 -1.000 +0.0656 +0.0000
22.300 fault +0.0000 +0.0000 +0.0167 -0.2983 +12.58 -1.000 +0.0656 +0.0000
22.320 fault +0.0000 +0.0000 +0.0167 -0.2983 +12.58 -1.000 +0.0656 -0.0000
22.340 fault +0.0000 +0.0000 +0.0167 -0.2983 +12.58 -1.000 +0.0656 -0.0000
22.360 fault +0.0000 +0.0000 +0.0167 -0.2983 +12.58 -1.000 +0.0656 -0.0000
22.380 fault +0.0000 +0.0000 +0.0167 -0.2983 +12.58 -1.000 +0.0656 -0.0000
22.400 fault +0.0000 +0.0000 +0.0167 -0.2983 +12.58 -1.000 +0.0656 -0.0000
22.420 fault +0.0000 +0.0000 +0.0167 -0.2983 +12.58 -1.000 +0.0656 -0.0000
22.440 fault +0.0000 +0.0000 +0.0167 -0.2983 +12.58 -1.000 +0.0656 -0.0000
22.460 fault +0.0000 +0.0000 +0.0167 -0.2983 +12.58 -1.000 +0.0656 -0.0000
22.480 fault +0.0000 +0.0000 +0.0167 -0.2983 +12.58 -1.000 +0.0656 +0.0000
22.500 fault +0.0000 +0.0000 +0.0167 -0.2983 +12.58 -1.000 +0.0656 +0.0000
22.520 fault +0.0000 +0.0000 +0.0167 -0.2983 +12.58 -1.000 +0.0656 +0.0000
22.540 fault +0.0000 +0.0000 +0.0167 -0.2983 +12.58 -1.000 +0.0656 +0.0000
22.560 fault +0.0000 +0.0000 +0.0167 -0.2983 +12.58 -1.000 +0.0656 +0.0000
22.580 fault +0.0000 +0.0000 +0.0167 -0.2983 +12.58 -1.000 +0.0656 +0.0000
22.600 fault +0.0000 +0.0000 +0.0167 -0.2983 +12.58 -1.000 +0.0656 +0.0000
22.620 fault +0.0000 +0.0000 +0.0167 -0.2983 +12.58 -1.000 +0.0656 +0.0000
22.640 fault +0.0000 +0.0000 +0.0167 -0.2983 +12.58 -1.000 +0.0656 +0.0000
22.660 fault +0.0000 +0.0000 +0.0167 -0.2983 +12.58 -1.000 +0.0656 -0.0000
22.680 fault +0.0000 +0.0000 +0.0167 -0.2983 +12.58 -1.000 +0.0656 -0.0000
22.700 fault +0.0000 +0.0000 +0.0167 -0.2983 +12.58 -1.000 +0.0656 -0.0000
22.720 fault +0.0000 +0.0000 +0.0167 -0.2983 +12.58 -1.000 +0.0656 -0.0000
22.740 fault +0.0000 +0.0000 +0.0167 -0.2983 +12.58 -1.000 +0.0656 -0.0000
22.760 fault +0.0000 +0.0000 +0.0167 -0.2983 +12.58 -1.000 +0.0656 -0.0000
22.780 fault +0.0000 +0.0000 +0.0167 -0.2983 +12.58 -1.000 +0.0656 -0.0000
22.800 fault +0.0000 +0.0000 +0.0167 -0.2983 +12.58 -1.000 +0.0656 -0.0000
22.820 fault +0.0000 +0.0000 +0.0167 -0.2983 +12.58 -1.000 +0.0656 -0.0000
22.840 fault +0.0000 +0.0000 +0.0167 -0.2983 +12.58 -1.000 +0.0656 +0.0000
22.860 fault +0.0000 +0.0000 +0.0167 -0.2983 +12.58 -1.000 +0.0656 +0.0000
22.880 fault +0.0000 +0.0000 +0.0167 -0.2983 +12.58 -1.000 +0.0656 +0.0000
22.900 fault +0.0000 +0.0000 +0.0167 -0.2983 +12.58 -1.000 +0.0656 +0.0000
22.920 fault +0.0000 +0.0000 +0.0167 -0.2983 +12.58 -1.000 +0.0656 +0.0000
22.940 fault +0.0000 +0.0000 +0.0167 -0.2983 +12.58 -1.000 +0.0656 +0.0000
22.960 fault +0.0000 +0.0000 +0.0167 -0.2983 +12.58 -1.000 +0.0656 +0.0000
22.980 fault +0.0000 +0.0000 +0.0167 -0.2983 +12.58 -1.000 +0.0656 +0.0000
23.000 fault +0.0000 +0.0000 +0.0167 -0.2983 +12.58 -1.000 +0.0656 +0.0000
23.020 fault +0.0000 +0.0000 +0.0167 -0.2983 +12.58 -1.000 +0.0656 -0.0000
23.040 fault +0.0000 +0.0000 +0.0167 -0.2983 +12.58 -1.000 +0.0656 -0.0000
23.060 fault +0.0000 +0.0000 +0.0167 -0.2983 +12.58 -1.000 +0.0656 -0.0000
23.080 fault +0.0000 +0.0000 +0.0167 -0.2983 +12.58 -1.000 +0.0656 -0.0000
23.100 fault +0.0000 +0.0000 +0.0167 -0.2983 +12.58 -1.000 +0.0656 -0.0000
23.120 fault +0.0000 +0.0000 +0.0167 -0.2983 +12.58 -1.000 +0.0656 -0.0000
23.140 fault +0.0000 +0.0000 +0.0167 -0.2983 +12.58 -1.000 +0.0656 -0.0000
23.160 fault +0.0000 +0.0000 +0.0167 -0.2983 +12.58 -1.000 +0.0656 -0.0000
23.180 fault +0.0000 +0.0000 +0.0167 -0.2983 +12.58 -1.000 +0.0656 -0.0000
23.200 fault +0.0000 +0.0000 +0.0167 -0.2983 +12.58 -1.000 +0.0656 -0.0000
23.220 fault +0.0000 +0.0000 +0.0167 -0.2983 +12.58 -1.000 +0.0656 +0.0000
23.240 fault +0.0000 +0.0000 +0.0167 -0.2983 +12.58 -1.000 +0.0656 +0.0000
23.260 fault +0.0000 +0.0000 +0.0167 -0.2983 +12.58 -1.000 +0.0656 +0.0000
23.280 fault +0.0000 +0.0000 +0.0167 -0.2983 +12.58 -1.000 +0.0656 +0.0000
23.300 fault +0.0000 +0.0000 +0.0167 -0.2983 +12.58 -1.000 +0.0656 +0.0000
23.320 fault +0.0000 +0.0000 +0.0167 -0.2983 +12.58 -1.000 +0.0656 -0.0000
23.340 fault +0.0000 +0.0000 +0.0167 -0.2983 +12.58 -1.000 +0.0656 -0.0000
23.360 fault +0.0000 +0.0000 +0.0167 -0.2983 +12.58 -1.000 +0.0656 -0.0000
23.380 fault +0.0000 +0.0000 +0.0167 -0.2983 +12.58 -1.000 +0.0656 -0.0000
23.400 fault +0.0000 +0.0000 +0.0167 -0.2983 +12.58 -1.000 +0.0656 -0.0000
23.420 fault +0.0000 +0.0000 +0.0167 -0.2983 +12.58 -1.000 +0.0656 -0.0000
23.440 fault +0.0000 +0.0000 +0.0167 -0.2983 +12.58 -1.000 +0.0656 -0.0000
23.460 fault +0.0000 +0.0000 +0.0167 -0.2983 +12.58 -1.000 +0.0656 -0.0000
23.480 fault +0.0000 +0.0000 +0.0167 -0.2983 +12.58 -1.000 +0.0656 -0.0000
23.500 fault +0.0000 +0.0000 +0.0167 -0.2983 +12.58 -1.000 +0.0656 -0.0000
23.520 fault +0.0000 +0.0000 +0.0167 -0.2983 +12.58 -1.000 +0.0656 -0.0000
23.540 fault +0.0000 +0.0000 +0.0167 -0.2983 +12.58 -1.000 +0.0656 -0.0000
23.560 fault +0.0000 +0.0000 +0.0167 -0.2983 +12.58 -1.000 +0.0656 -0.0000
23.580 fault +0.0000 +0.0000 +0.0167 -0.2983 +12.58 -1.000 +0.0656 -0.0000
23.600 fault +0.0000 +0.0000 +0.0167 -0.2983 +12.58 -1.000 +0.0656 -0.0000
23.620 fault +0.0000 +0.0000 +0.0167 -0.2983 +12.58 -1.000 +0.0656 -0.0000
23.640 fault +0.0000 +0.0000 +0.0167 -0.2983 +12.58 -1.000 +0.0656 -0.0000
23.660 fault +0.0000 +0.0000 +0.0167 -0.2983 +12.58 -1.000 +0.0656 -0.0000
23.680 fault +0.0000 +0.0000 +0.0167 -0.2983 +12.58 -1.000 +0.0656 -0.0000
23.700 fault +0.0000 +0.0000 +0.0167 -0.2983 +12.58 -1.000 +0.0656 -0.0000
23.720 fault +0.0000 +0.0000 +0.0167 -0.2983 +12.58 -1.000 +0.0656 -0.0000
23.740 fault +0.0000 +0.0000 +0.0167 -0.2983 +12.58 -1.000 +0.0656 -0.0000
23.760 fault +0.0000 +0.0000 +0.0167 -0.2983 +12.58 -1.000 +0.0656 -0.0000
23.780 fault +0.0000 +0.0000 +0.0167 -0.2983 +12.58 -1.000 +0.0656 -0.0000
23.800 fault +0.0000 +0.0000 +0.0167 -0.2983 +12.58 -1.000 +0.0656 -0.0000
23.820 fault +0.0000 +0.0000 +0.0167 -0.2983 +12.58 -1.000 +0.0656 -0.0000
23.840 fault +0.0000 +0.0000 +0.0167 -0.2983 +12.58 -1.000 +0.0656 -0.0000
23.860 fault +0.0000 +0.0000 +0.0167 -0.2983 +12.58 -1.000 +0.0656 -0.0000
23.880 fault +0.0000 +0.0000 +0.0167 -0.2983 +12.58 -1.000 +0.0656 -0.0000
23.900 fault +0.0000 +0.0000 +0.0167 -0.2983 +12.58 -1.000 +0.0656 -0.0000
23.920 fault +0.0000 +0.0000 +0.0167 -0.2983 +12.58 -1.000 +0.0656 -0.0000
23.940 fault +0.0000 +0.0000 +0.0167 -0.2983 +12.58 -1.000 +0.0656 -0.0000
23.960 fault +0.0000 +0.0000 +0.0167 -0.2983 +12.58 -1.000 +0.0656 -0.0000
23.980 fault +0.0000 +0.0000 +0.0167 -0.2983 +12.58 -1.000 +0.0656 -0.0000
24.000 fault +0.0000 +0.0000 +0.0167 -0.2983 +12.58 -1.000 +0.0656 -0.0000
24.020 fault +0.0000 +0.0000 +0.0167 -0.2983 +12.58 -1.000 +0.0656 -0.0000
24.040 fault +0.0000 +0.0000 +0.0167 -0.2983 +12.58 -1.000 +0.0656 -0.0000
24.060 fault +0.0000 +0.0000 +0.0167 -0.2983 +12.58 -1.000 +0.0656 -0.0000
24.080 fault +0.0000 +0.0000 +0.0167 -0.2983 +12.58 -1.000 +0.0656 -0.0000
24.100 fault +0.0000 +0.0000 +0.0167 -0.2983 +12.58 -1.000 +0.0656 -0.0000
24.120 fault +0.0000 +0.0000 +0.0167 -0.2983 +12.58 -1.000 +0.0656 -0.0000
24.140 fault +0.0000 +0.0000 +0.0167 -0.2983 +12.58 -1.000 +0.0656 -0.0000
24.160 fault +0.0000 +0.0000 +0.0167 -0.2983 +12.58 -1.000 +0.0656 -0.0000
24.180 fault +0.0000 +0.0000 +0.0167 -0.2983 +12.58 -1.000 +0.0656 -0.0000
24.200 fault +0.0000 +0.0000 +0.0167 -0.2983 +12.58 -1.000 +0.0656 -0.0000
24.220 fault +0.0000 +0.0000 +0.0167 -0.2983 +12.58 -1.000 +0.0656 -0.0000
24.240 fault +0.0000 +0.0000 +0.0167 -0.2983 +12.58 -1.000 +0.0656 -0.0000
24.260 fault +0.0000 +0.0000 +0.0167 -0.2983 +12.58 -1.000 +0.0656 -0.0000
24.280 fault +0.0000 +0.0000 +0.0167 -0.2983 +12.58 -1.000 +0.0656 -0.0000
24.300 fault +0.0000 +0.0000 +0.0167 -0.2983 +12.58 -1.000 +0.0656 -0.0000
24.320 fault +0.0000 +0.0000 +0.0167 -0.2983 +12.58 -1.000 +0.0656 -0.0000
24.340 fault +0.0000 +0.0000 +0.0167 -0.2983 +12.58 -1.000 +0.0656 -0.0000
24.360 fault +0.0000 +0.0000 +0.0167 -0.2983 +12.58 -1.000 +0.0656 -0.0000
24.380 fault +0.0000 +0.0000 +0.0167 -0.2983 +12.58 -1.000 +0.0656 -0.0000
24.400 fault +0.0000 +0.0000 +0.0167 -0.2983 +12.58 -1.000 +0.0656 -0.0000
24.420 fault +0.0000 +0.0000 +0.0167 -0.2983 +12.58 -1.000 +0.0656 -0.0000
24.440 fault +0.0000 +0.0000 +0.0167 -0.2983 +12.58 -1.000 +0.0656 -0.0000
24.460 fault +0.0000 +0.0000 +0.0167 -0.2983 +12.58 -1.000 +0.0656 -0.0000
24.480 fault +0.0000 +0.0000 +0.0167 -0.2983 +12.58 -1.000 +0.0656 -0.0000
24.500 fault +0.0000 +0.0000 +0.0167 -0.2983 +12.58 -1.000 +0.0656 -0.0000
24.520 fault +0.0000 +0.0000 +0.0167 -0.2983 +12.58 -1.000 +0.0656 -0.0000
24.540 fault +0.0000 +0.0000 +0.0167 -0.2983 +12.58 -1.000 +0.0656 -0.0000
24.560 fault +0.0000 +0.0000 +0.0167 -0.2983 +12.58 -1.000 +0.0656 -0.0000
24.580 fault +0.0000 +0.0000 +0.0167 -0.2983 +12.58 -1.000 +0.0656 -0.0000
24.600 fault +0.0000 +0.0000 +0.0167 -0.2983 +12.58 -1.000 +0.0656 -0.0000
24.620 fault +0.0000 +0.0000 +0.0167 -0.2983 +12.58 -1.000 +0.0656 -0.0000
24.640 fault +0.0000 +0.0000 +0.0167 -0.2983 +12.58 -1.000 +0.0656 -0.0000
24.660 fault +0.0000 +0.0000 +0.0167 -0.2983 +12.58 -1.000 +0.0656 -0.0000
24.680 fault +0.0000 +0.0000 +0.0167 -0.2983 +12.58 -1.000 +0.0656 -0.0000
24.700 fault +0.0000 +0.0000 +0.0167 -0.2983 +12.58 -1.000 +0.0656 -0.0000
24.720 fault +0.0000 +0.0000 +0.0167 -0.2983 +12.58 -1.000 +0.0656 -0.0000
24.740 fault +0.0000 +0.0000 +0.0167 -0.2983 +12.58 -1.000 +0.0656 -0.0000
24.760 fault +0.0000 +0.0000 +0.0167 -0.2983 +12.58 -1.000 +0.0656 -0.0000
24.780 fault +0.0000 +0.0000 +0.0167 -0.2983 +12.58 -1.000 +0.0656 -0.0000
24.800 fault +0.0000 +0.0000 +0.0167 -0.2983 +12.58 -1.000 +0.0656 -0.0000
24.820 fault +0.0000 +0.0000 +0.0167 -0.2983 +12.58 -1.000 +0.0656 -0.0000
24.840 fault +0.0000 +0.0000 +0.0167 -0.2983 +12.58 -1.000 +0.0656 -0.0000
24.860 fault +0.0000 +0.0000 +0.0167 -0.2983 +12.58 -1.000 +0.0656 -0.0000
24.880 fault +0.0000 +0.0000 +0.0167 -0.2983 +12.58 -1.000 +0.0656 -0.0000
24.900 fault +0.0000 +0.0000 +0.0167 -0.2983 +12.58 -1.000 +0.0656 -0.0000
24.920 fault +0.0000 +0.0000 +0.0167 -0.2983 +12.58 -1.000 +0.0656 -0.0000
24.940 fault +0.0000 +0.0000 +0.0167 -0.2983 +12.58 -1.000 +0.0656 -0.0000
24.960 fault +0.0000 +0.0000 +0.0167 -0.2983 +12.58 -1.000 +0.0656 -0.0000
24.980 fault +0.0000 +0.0000 +0.0167 -0.2983 +12.58 -1.000 +0.0656 -0.0000
25.000 fault +0.0000 +0.0000 +0.0167 -0.2983 +12.58 -1.000 +0.0656 -0.0000
25.020 fault +0.0000 +0.0000 +0.0167 -0.2983 +12.58 -1.000 +0.0656 -0.0000
25.040 fault +0.0000 +0.0000 +0.0167 -0.2983 +12.58 -1.000 +0.0656 -0.0000
25.060 fault +0.0000 +0.0000 +0.0167 -0.2983 +12.58 -1.000 +0.0656 -0.0000
25.080 fault +0.0000 +0.0000 +0.0167 -0.2983 +12.58 -1.000 +0.0656 -0.0000
25.100 fault +0.0000 +0.0000 +0.0167 -0.2983 +12.58 -1.000 +0.0656 -0.0000
25.120 fault +0.0000 +0.0000 +0.0167 -0.2983 +12.58 -1.000 +0.0656 -0.0000
25.140 fault +0.0000 +0.0000 +0.0167 -0.2983 +12.58 -1.000 +0.0656 -0.0000
25.160 fault +0.0000 +0.0000 +0.0167 -0.2983 +12.58 -1.000 +0.0656 -0.0000
25.180 fault +0.0000 +0.0000 +0.0167 -0.2983 +12.58 -1.000 +0.0656 -0.0000
25.200 fault +0.0000 +0.0000 +0.0167 -0.2983 +12.58 -1.000 +0.0656 -0.0000
25.220 fault +0.0000 +0.0000 +0.0167 -0.2983 +12.58 -1.000 +0.0656 -0.0000
25.240 fault +0.0000 +0.0000 +0.0167 -0.2983 +12.58 -1.000 +0.0656 -0.0000
25.260 fault +0.0000 +0.0000 +0.0167 -0.2983 +12.58 -1.000 +0.0656 -0.0000
25.280 fault +0.0000 +0.0000 +0.0167 -0.2983 +12.58 -1.000 +0.0656 -0.0000
25.300 fault +0.0000 +0.0000 +0.0167 -0.2983 +12.58 -1.000 +0.0656 -0.0000
25.320 fault +0.0000 +0.0000 +0.0167 -0.2983 +12.58 -1.000 +0.0656 -0.0000
25.340 fault +0.0000 +0.0000 +0.0167 -0.2983 +12.58 -1.000 +0.0656 -0.0000
25.360 fault +0.0000 +0.0000 +0.0167 -0.2983 +12.58 -1.000 +0.0656 -0.0000
25.380 fault +0.0000 +0.0000 +0.0167 -0.2983 +12.58 -1.000 +0.0656 -0.0000
25.400 fault +0.0000 +0.0000 +0.0167 -0.2983 +12.58 -1.000 +0.0656 -0.0000
25.420 fault +0.0000 +0.0000 +0.0167 -0.2983 +12.58 -1.000 +0.0656 -0.0000
25.440 fault +0.0000 +0.0000 +0.0167 -0.2983 +12.58 -1.000 +0.0656 -0.0000
25.460 fault +0.0000 +0.0000 +0.0167 -0.2983 +12.58 -1.000 +0.0656 -0.0000
25.480 fault +0.0000 +0.0000 +0.0167 -0.2983 +12.58 -1.000 +0.0656 -0.0000
25.500 fault +0.0000 +0.0000 +0.0167 -0.2983 +12.58 -1.000 +0.0656 -0.0000
25.520 fault +0.0000 +0.0000 +0.0167 -0.2983 +12.58 -1.000 +0.0656 -0.0000
25.540 fault +0.0000 +0.0000 +0.0167 -0.2983 +12.58 -1.000 +0.0656 -0.0000
25.560 fault +0.0000 +0.0000 +0.0167 -0.2983 +12.58 -1.000 +0.0656 -0.0000
25.580 fault +0.0000 +0.0000 +0.0167 -0.2983 +12.58 -1.000 +0.0656 -0.0000
25.600 fault +0.0000 +0.0000 +0.0167 -0.2983 +12.58 -1.000 +0.0656 -0.0000
25.620 fault +0.0000 +0.0000 +0.0167 -0.2983 +12.58 -1.000 +0.0656 -0.0000
25.640 fault +0.0000 +0.0000 +0.0167 -0.2983 +12.58 -1.000 +0.0656 -0.0000
25.660 fault +0.0000 +0.0000 +0.0167 -0.2983 +12.58 -1.000 +0.0656 -0.0000
25.680 fault +0.0000 +0.0000 +0.0167 -0.2983 +12.58 -1.000 +0.0656 -0.0000
25.700 fault +0.0000 +0.0000 +0.0167 -0.2983 +12.58 -1.000 +0.0656 -0.0000
25.720 fault +0.0000 +0.0000 +0.0167 -0.2983 +12.58 -1.000 +0.0656 -0.0000
25.740 fault +0.0000 +0.0000 +0.0167 -0.2983 +12.58 -1.000 +0.0656 -0.0000
25.760 fault +0.0000 +0.0000 +0.0167 -0.2983 +12.58 -1.000 +0.0656 -0.0000
25.780 fault +0.0000 +0.0000 +0.0167 -0.2983 +12.58 -1.000 +0.0656 -0.0000
25.800 fault +0.0000 +0.0000 +0.0167 -0.2983 +12.58 -1.000 +0.0656 -0.0000
25.820 fault +0.0000 +0.0000 +0.0167 -0.2983 +12.58 -1.000 +0.0656 -0.0000
25.840 fault +0.0000 +0.0000 +0.0167 -0.2983 +12.58 -1.000 +0.0656 -0.0000
25.860 fault +0.0000 +0.0000 +0.0167 -0.2983 +12.58 -1.000 +0.0656 -0.0000
25.880 fault +0.0000 +0.0000 +0.0167 -0.2983 +12.58 -1.000 +0.0656 -0.0000
25.900 fault +0.0000 +0.0000 +0.0167 -0.2983 +12.58 -1.000 +0.0656 -0.0000
25.920 fault +0.0000 +0.0000 +0.0167 -0.2983 +12.58 -1.000 +0.0656 -0.0000
25.940 fault +0.0000 +0.0000 +0.0167 -0.2983 +12.58 -1.000 +0.0656 -0.0000
25.960 fault +0.0000 +0.0000 +0.0167 -0.2983 +12.58 -1.000 +0.0656 -0.0000
25.980 fault +0.0000 +0.0000 +0.0167 -0.2983 +12.58 -1.000 +0.0656 -0.0000
26.000 fault +0.0000 +0.0000 +0.0167 -0.2983 +12.58 -1.000 +0.0656 -0.0000
26.020 fault +0.0000 +0.0000 +0.0167 -0.2983 +12.58 -1.000 +0.0656 -0.0000
26.040 fault +0.0000 +0.0000 +0.0167 -0.2983 +12.58 -1.000 +0.0656 -0.0000
26.060 fault +0.0000 +0.0000 +0.0167 -0.2983 +12.58 -1.000 +0.0656 -0.0000
26.080 fault +0.0000 +0.0000 +0.0167 -0.2983 +12.58 -1.000 +0.0656 -0.0000
26.100 fault +0.0000 +0.0000 +0.0167 -0.2983 +12.58 -1.000 +0.0656 -0.0000
26.120 fault +0.0000 +0.0000 +0.0167 -0.2983 +12.58 -1.000 +0.0656 -0.0000
26.140 fault +0.0000 +0.0000 +0.0167 -0.2983 +12.58 -1.000 +0.0656 -0.0000
26.160 fault +0.0000 +0.0000 +0.0167 -0.2983 +12.58 -1.000 +0.0656 -0.0000
26.180 fault +0.0000 +0.0000 +0.0167 -0.2983 +12.58 -1.000 +0.0656 -0.0000
26.200 fault +0.0000 +0.0000 +0.0167 -0.2983 +12.58 -1.000 +0.0656 -0.0000
26.220 fault +0.0000 +0.0000 +0.0167 -0.2983 +12.58 -1.000 +0.0656 -0.0000
26.240 fault +0.0000 +0.0000 +0.0167 -0.2983 +12.58 -1.000 +0.0656 -0.0000
26.260 fault +0.0000 +0.0000 +0.0167 -0.2983 +12.58 -1.000 +0.0656 -0.0000
26.280 fault +0.0000 +0.0000 +0.0167 -0.2983 +12.58 -1.000 +0.0656 -0.0000
26.300 fault +0.0000 +0.0000 +0.0167 -0.2983 +12.58 -1.000 +0.0656 -0.0000
26.320 fault +0.0000 +0.0000 +0.0167 -0.2983 +12.58 -1.000 +0.0656 -0.0000
26.340 fault +0.0000 +0.0000 +0.0167 -0.2983 +12.58 -1.000 +0.0656 -0.0000
26.360 fault +0.0000 +0.0000 +0.0167 -0.2983 +12.58 -1.000 +0.0656 -0.0000
26.380 fault +0.0000 +0.0000 +0.0167 -0.2983 +12.58 -1.000 +0.0656 -0.0000
26.400 fault +0.0000 +0.0000 +0.0167 -0.2983 +12.58 -1.000 +0.0656 -0.0000
26.420 fault +0.0000 +0.0000 +0.0167 -0.2983 +12.58 -1.000 +0.0656 -0.0000
26.440 fault +0.0000 +0.0000 +0.0167 -0.2983 +12.58 -1.000 +0.0656 -0.0000
26.460 fault +0.0000 +0.0000 +0.0167 -0.2983 +12.58 -1.000 +0.0656 -0.0000
26.480 fault +0.0000 +0.0000 +0.0167 -0.2983 +12.58 -1.000 +0.0656 -0.0000
26.500 fault +0.0000 +0.0000 +0.0167 -0.2983 +12.58 -1.000 +0.0656 -0.0000
26.520 fault +0.0000 +0.0000 +0.0167 -0.2983 +12.58 -1.000 +0.0656 -0.0000
26.540 fault +0.0000 +0.0000 +0.0167 -0.2983 +12.58 -1.000 +0.0656 -0.0000
26.560 fault +0.0000 +0.0000 +0.0167 -0.2983 +12.58 -1.000 +0.0656 -0.0000
26.580 fault +0.0000 +0.0000 +0.0167 -0.2983 +12.58 -1.000 +0.0656 -0.0000
26.600 fault +0.0000 +0.0000 +0.0167 -0.2983 +12.58 -1.000 +0.0656 -0.0000
26.620 fault +0.0000 +0.0000 +0.0167 -0.2983 +12.58 -1.000 +0.0656 -0.0000
26.640 fault +0.0000 +0.0000 +0.0167 -0.2983 +12.58 -1.000 +0.0656 -0.0000
26.660 fault +0.0000 +0.0000 +0.0167 -0.2983 +12.58 -1.000 +0.0656 -0.0000
26.680 fault +0.0000 +0.0000 +0.0167 -0.2983 +12.58 -1.000 +0.0656 -0.0000
26.700 fault +0.0000 +0.0000 +0.0167 -0.2983 +12.58 -1.000 +0.0656 -0.0000
26.720 fault +0.0000 +0.0000 +0.0167 -0.2983 +12.58 -1.000 +0.0656 -0.0000
26.740 fault +0.0000 +0.0000 +0.0167 -0.2983 +12.58 -1.000 +0.0656 -0.0000
26.760 fault +0.0000 +0.0000 +0.0167 -0.2983 +12.58 -1.000 +0.0656 -0.0000
26.780 fault +0.0000 +0.0000 +0.0167 -0.2983 +12.58 -1.000 +0.0656 -0.0000
26.800 fault +0.0000 +0.0000 +0.0167 -0.2983 +12.58 -1.000 +0.0656 -0.0000
26.820 fault +0.0000 +0.0000 +0.0167 -0.2983 +12.58 -1.000 +0.0656 -0.0000
26.840 fault +0.0000 +0.0000 +0.0167 -0.2983 +12.58 -1.000 +0.0656 -0.0000
26.860 fault +0.0000 +0.0000 +0.0167 -0.2983 +12.58 -1.000 +0.0656 -0.0000
26.880 fault +0.0000 +0.0000 +0.0167 -0.2983 +12.58 -1.000 +0.0656 -0.0000
26.900 fault +0.0000 +0.0000 +0.0167 -0.2983 +12.58 -1.000 +0.0656 -0.0000
26.920 fault +0.0000 +0.0000 +0.0167 -0.2983 +12.58 -1.000 +0.0656 -0.0000
26.940 fault +0.0000 +0.0000 +0.0167 -0.2983 +12.58 -1.000 +0.0656 -0.0000
26.960 fault +0.0000 +0.0000 +0.0167 -0.2983 +12.58 -1.000 +0.0656 -0.0000
26.980 fault +0.0000 +0.0000 +0.0167 -0.2983 +12.58 -1.000 +0.0656 -0.0000
27.000 fault +0.0000 +0.0000 +0.0167 -0.2983 +12.58 -1.000 +0.0656 -0.0000
27.020 fault +0.0000 +0.0000 +0.0167 -0.2983 +12.58 -1.000 +0.0656 -0.0000
27.040 fault +0.0000 +0.0000 +0.0167 -0.2983 +12.58 -1.000 +0.0656 -0.0000
27.060 fault +0.0000 +0.0000 +0.0167 -0.2983 +12.58 -1.000 +0.0656 -0.0000
27.080 fault +0.0000 +0.0000 +0.0167 -0.2983 +12.58 -1.000 +0.0656 -0.0000
27.100 fault +0.0000 +0.0000 +0.0167 -0.2983 +12.58 -1.000 +0.0656 -0.0000
27.120 fault +0.0000 +0.0000 +0.0167 -0.2983 +12.58 -1.000 +0.0656 -0.0000
27.140 fault +0.0000 +0.0000 +0.0167 -0.2983 +12.58 -1.000 +0.0656 -0.0000
27.160 fault +0.0000 +0.0000 +0.0167 -0.2983 +12.58 -1.000 +0.0656 -0.0000
27.180 fault +0.0000 +0.0000 +0.0167 -0.2983 +12.58 -1.000 +0.0656 -0.0000
27.200 fault +0.0000 +0.0000 +0.0167 -0.2983 +12.58 -1.000 +0.0656 -0.0000
27.220 fault +0.0000 +0.0000 +0.0167 -0.2983 +12.58 -1.000 +0.0656 -0.0000
27.240 fault +0.0000 +0.0000 +0.0167 -0.2983 +12.58 -1.000 +0.0656 -0.0000
27.260 fault +0.0000 +0.0000 +0.0167 -0.2983 +12.58 -1.000 +0.0656 -0.0000
27.280 fault +0.0000 +0.0000 +0.0167 -0.2983 +12.58 -1.000 +0.0656 -0.0000
27.300 fault +0.0000 +0.0000 +0.0167 -0.2983 +12.58 -1.000 +0.0656 -0.0000
27.320 fault +0.0000 +0.0000 +0.0167 -0.2983 +12.58 -1.000 +0.0656 -0.0000
27.340 fault +0.0000 +0.0000 +0.0167 -0.2983 +12.58 -1.000 +0.0656 -0.0000
27.360 fault +0.0000 +0.0000 +0.0167 -0.2983 +12.58 -1.000 +0.0656 -0.0000
27.380 fault +0.0000 +0.0000 +0.0167 -0.2983 +12.58 -1.000 +0.0656 -0.0000
27.400 fault +0.0000 +0.0000 +0.0167 -0.2983 +12.58 -1.000 +0.0656 -0.0000
27.420 fault +0.0000 +0.0000 +0.0167 -0.2983 +12.58 -1.000 +0.0656 -0.0000
27.440 fault +0.0000 +0.0000 +0.0167 -0.2983 +12.58 -1.000 +0.0656 -0.0000
27.460 fault +0.0000 +0.0000 +0.0167 -0.2983 +12.58 -1.000 +0.0656 -0.0000
27.480 fault +0.0000 +0.0000 +0.0167 -0.2983 +12.58 -1.000 +0.0656 -0.0000
27.500 fault +0.0000 +0.0000 +0.0167 -0.2983 +12.58 -1.000 +0.0656 -0.0000
27.520 fault +0.0000 +0.0000 +0.0167 -0.2983 +12.58 -1.000 +0.0656 -0.0000
27.540 fault +0.0000 +0.0000 +0.0167 -0.2983 +12.58 -1.000 +0.0656 -0.0000
27.560 fault +0.0000 +0.0000 +0.0167 -0.2983 +12.58 -1.000 +0.0656 -0.0000
27.580 fault +0.0000 +0.0000 +0.0167 -0.2983 +12.58 -1.000 +0.0656 -0.0000
27.600 fault +0.0000 +0.0000 +0.0167 -0.2983 +12.58 -1.000 +0.0656 -0.0000
27.620 fault +0.0000 +0.0000 +0.0167 -0.2983 +12.58 -1.000 +0.0656 -0.0000
27.640 fault +0.0000 +0.0000 +0.0167 -0.2983 +12.58 -1.000 +0.0656 -0.0000
27.660 fault +0.0000 +0.0000 +0.0167 -0.2983 +12.58 -1.000 +0.0656 -0.0000
27.680 fault +0.0000 +0.0000 +0.0167 -0.2983 +12.58 -1.000 +0.0656 -0.0000
27.700 fault +0.0000 +0.0000 +0.0167 -0.2983 +12.58 -1.000 +0.0656 -0.0000
27.720 fault +0.0000 +0.0000 +0.0167 -0.2983 +12.58 -1.000 +0.0656 -0.0000
27.740 fault +0.0000 +0.0000 +0.0167 -0.2983 +12.58 -1.000 +0.0656 -0.0000
27.760 fault +0.0000 +0.0000 +0.0167 -0.2983 +12.58 -1.000 +0.0656 -0.0000
27.780 fault +0.0000 +0.0000 +0.0167 -0.2983 +12.58 -1.000 +0.0656 -0.0000
27.800 fault +0.0000 +0.0000 +0.0167 -0.2983 +12.58 -1.000 +0.0656 -0.0000
27.820 fault +0.0000 +0.0000 +0.0167 -0.2983 +12.58 -1.000 +0.0656 -0.0000
27.840 fault +0.0000 +0.0000 +0.0167 -0.2983 +12.58 -1.000 +0.0656 -0.0000
27.860 fault +0.0000 +0.0000 +0.0167 -0.2983 +12.58 -1.000 +0.0656 -0.0000
27.880 fault +0.0000 +0.0000 +0.0167 -0.2983 +12.58 -1.000 +0.0656 -0.0000
27.900 fault +0.0000 +0.0000 +0.0167 -0.2983 +12.58 -1.000 +0.0656 -0.0000
27.920 fault +0.0000 +0.0000 +0.0167 -0.2983 +12.58 -1.000 +0.0656 -0.0000
27.940 fault +0.0000 +0.0000 +0.0167 -0.2983 +12.58 -1.000 +0.0656 -0.0000
27.960 fault +0.0000 +0.0000 +0.0167 -0.2983 +12.58 -1.000 +0.0656 -0.0000
27.980 fault +0.0000 +0.0000 +0.0167 -0.2983 +12.58 -1.000 +0.0656 -0.0000
28.000 fault +0.0000 +0.0000 +0.0167 -0.2983 +12.58 -1.000 +0.0656 -0.0000
28.020 fault +0.0000 +0.0000 +0.0167 -0.2983 +12.58 -1.000 +0.0656 -0.0000
28.040 fault +0.0000 +0.0000 +0.0167 -0.2983 +12.58 -1.000 +0.0656 -0.0000
28.060 fault +0.0000 +0.0000 +0.0167 -0.2983 +12.58 -1.000 +0.0656 -0.0000
28.080 fault +0.0000 +0.0000 +0.0167 -0.2983 +12.58 -1.000 +0.0656 -0.0000
28.100 fault +0.0000 +0.0000 +0.0167 -0.2983 +12.58 -1.000 +0.0656 -0.0000
28.120 fault +0.0000 +0.0000 +0.0167 -0.2983 +12.58 -1.000 +0.0656 -0.0000
28.140 fault +0.0000 +0.0000 +0.0167 -0.2983 +12.58 -1.000 +0.0656 -0.0000
28.160 fault +0.0000 +0.0000 +0.0167 -0.2983 +12.58 -1.000 +0.0656 -0.0000
28.180 fault +0.0000 +0.0000 +0.0167 -0.2983 +12.58 -1.000 +0.0656 -0.0000
28.200 fault +0.0000 +0.0000 +0.0167 -0.2983 +12.58 -1.000 +0.0656 -0.0000
28.220 fault +0.0000 +0.0000 +0.0167 -0.2983 +12.58 -1.000 +0.0656 -0.0000
28.240 fault +0.0000 +0.0000 +0.0167 -0.2983 +12.58 -1.000 +0.0656 -0.0000
28.260 fault +0.0000 +0.0000 +0.0167 -0.2983 +12.58 -1.000 +0.0656 -0.0000
28.280 fault +0.0000 +0.0000 +0.0167 -0.2983 +12.58 -1.000 +0.0656 -0.0000
28.300 fault +0.0000 +0.0000 +0.0167 -0.2983 +12.58 -1.000 +0.0656 -0.0000
28.320 fault +0.0000 +0.0000 +0.0167 -0.2983 +12.58 -1.000 +0.0656 -0.0000
28.340 fault +0.0000 +0.0000 +0.0167 -0.2983 +12.58 -1.000 +0.0656 -0.0000
28.360 fault +0.0000 +0.0000 +0.0167 -0.2983 +12.58 -1.000 +0.0656 -0.0000
28.380 fault +0.0000 +0.0000 +0.0167 -0.2983 +12.58 -1.000 +0.0656 -0.0000
28.400 fault +0.0000 +0.0000 +0.0167 -0.2983 +12.58 -1.000 +0.0656 -0.0000
28.420 fault +0.0000 +0.0000 +0.0167 -0.2983 +12.58 -1.000 +0.0656 -0.0000
28.440 fault +0.0000 +0.0000 +0.0167 -0.2983 +12.58 -1.000 +0.0656 -0.0000
28.460 fault +0.0000 +0.0000 +0.0167 -0.2983 +12.58 -1.000 +0.0656 -0.0000
28.480 fault +0.0000 +0.0000 +0.0167 -0.2983 +12.58 -1.000 +0.0656 -0.0000
28.500 fault +0.0000 +0.0000 +0.0167 -0.2983 +12.58 -1.000 +0.0656 -0.0000
28.520 fault +0.0000 +0.0000 +0.0167 -0.2983 +12.58 -1.000 +0.0656 -0.0000
28.540 fault +0.0000 +0.0000 +0.0167 -0.2983 +12.58 -1.000 +0.0656 -0.0000
28.560 fault +0.0000 +0.0000 +0.0167 -0.2983 +12.58 -1.000 +0.0656 -0.0000
28.580 fault +0.0000 +0.0000 +0.0167 -0.2983 +12.58 -1.000 +0.0656 -0.0000
28.600 fault +0.0000 +0.0000 +0.0167 -0.2983 +12.58 -1.000 +0.0656 -0.0000
28.620 fault +0.0000 +0.0000 +0.0167 -0.2983 +12.58 -1.000 +0.0656 -0.0000
28.640 fault +0.0000 +0.0000 +0.0167 -0.2983 +12.58 -1.000 +0.0656 -0.0000
28.660 fault +0.0000 +0.0000 +0.0167 -0.2983 +12.58 -1.000 +0.0656 -0.0000
28.680 fault +0.0000 +0.0000 +0.0167 -0.2983 +12.58 -1.000 +0.0656 -0.0000
28.700 fault +0.0000 +0.0000 +0.0167 -0.2983 +12.58 -1.000 +0.0656 -0.0000
28.720 fault +0.0000 +0.0000 +0.0167 -0.2983 +12.58 -1.000 +0.0656 -0.0000
28.740 fault +0.0000 +0.0000 +0.0167 -0.2983 +12.58 -1.000 +0.0656 -0.0000
28.760 fault +0.0000 +0.0000 +0.0167 -0.2983 +12.58 -1.000 +0.0656 -0.0000
28.780 fault +0.0000 +0.0000 +0.0167 -0.2983 +12.58 -1.000 +0.0656 -0.0000
28.800 fault +0.0000 +0.0000 +0.0167 -0.2983 +12.58 -1.000 +0.0656 -0.0000
28.820 fault +0.0000 +0.0000 +0.0167 -0.2983 +12.58 -1.000 +0.0656 -0.0000
28.840 fault +0.0000 +0.0000 +0.0167 -0.2983 +12.58 -1.000 +0.0656 -0.0000
28.860 fault +0.0000 +0.0000 +0.0167 -0.2983 +12.58 -1.000 +0.0656 -0.0000
28.880 fault +0.0000 +0.0000 +0.0167 -0.2983 +12.58 -1.000 +0.0656 -0.0000
28.900 fault +0.0000 +0.0000 +0.0167 -0.2983 +12.58 -1.000 +0.0656 -0.0000
28.920 fault +0.0000 +0.0000 +0.0167 -0.2983 +12.58 -1.000 +0.0656 -0.0000
28.940 fault +0.0000 +0.0000 +0.0167 -0.2983 +12.58 -1.000 +0.0656 -0.0000
28.960 fault +0.0000 +0.0000 +0.0167 -0.2983 +12.58 -1.000 +0.0656 -0.0000
28.980 fault +0.0000 +0.0000 +0.0167 -0.2983 +12.58 -1.000 +0.0656 -0.0000
29.000 fault +0.0000 +0.0000 +0.0167 -0.2983 +12.58 -1.000 +0.0656 -0.0000
29.020 fault +0.0000 +0.0000 +0.0167 -0.2983 +12.58 -1.000 +0.0656 -0.0000
29.040 fault +0.0000 +0.0000 +0.0167 -0.2983 +12.58 -1.000 +0.0656 -0.0000
29.060 fault +0.0000 +0.0000 +0.0167 -0.2983 +12.58 -1.000 +0.0656 -0.0000
29.080 fault +0.0000 +0.0000 +0.0167 -0.2983 +12.58 -1.000 +0.0656 -0.0000
29.100 fault +0.0000 +0.0000 +0.0167 -0.2983 +12.58 -1.000 +0.0656 -0.0000
29.120 fault +0.0000 +0.0000 +0.0167 -0.2983 +12.58 -1.000 +0.0656 -0.0000
29.140 fault +0.0000 +0.0000 +0.0167 -0.2983 +12.58 -1.000 +0.0656 -0.0000
29.160 fault +0.0000 +0.0000 +0.0167 -0.2983 +12.58 -1.000 +0.0656 -0.0000
29.180 fault +0.0000 +0.0000 +0.0167 -0.2983 +12.58 -1.000 +0.0656 -0.0000
29.200 fault +0.0000 +0.0000 +0.0167 -0.2983 +12.58 -1.000 +0.0656 -0.0000
29.220 fault +0.0000 +0.0000 +0.0167 -0.2983 +12.58 -1.000 +0.0656 -0.0000
29.240 fault +0.0000 +0.0000 +0.0167 -0.2983 +12.58 -1.000 +0.0656 -0.0000
29.260 fault +0.0000 +0.0000 +0.0167 -0.2983 +12.58 -1.000 +0.0656 -0.0000
29.280 fault +0.0000 +0.0000 +0.0167 -0.2983 +12.58 -1.000 +0.0656 -0.0000
29.300 fault +0.0000 +0.0000 +0.0167 -0.2983 +12.58 -1.000 +0.0656 -0.0000
29.320 fault +0.0000 +0.0000 +0.0167 -0.2983 +12.58 -1.000 +0.0656 -0.0000
29.340 fault +0.0000 +0.0000 +0.0167 -0.2983 +12.58 -1.000 +0.0656 -0.0000
29.360 fault +0.0000 +0.0000 +0.0167 -0.2983 +12.58 -1.000 +0.0656 -0.0000
29.380 fault +0.0000 +0.0000 +0.0167 -0.2983 +12.58 -1.000 +0.0656 -0.0000
29.400 fault +0.0000 +0.0000 +0.0167 -0.2983 +12.58 -1.000 +0.0656 -0.0000
29.420 fault +0.0000 +0.0000 +0.0167 -0.2983 +12.58 -1.000 +0.0656 -0.0000
29.440 fault +0.0000 +0.0000 +0.0167 -0.2983 +12.58 -1.000 +0.0656 -0.0000
29.460 fault +0.0000 +0.0000 +0.0167 -0.2983 +12.58 -1.000 +0.0656 -0.0000
29.480 fault +0.0000 +0.0000 +0.0167 -0.2983 +12.58 -1.000 +0.0656 -0.0000
29.500 fault +0.0000 +0.0000 +0.0167 -0.2983 +12.58 -1.000 +0.0656 -0.0000
29.520 fault +0.0000 +0.0000 +0.0167 -0.2983 +12.58 -1.000 +0.0656 -0.0000
29.540 fault +0.0000 +0.0000 +0.0167 -0.2983 +12.58 -1.000 +0.0656 -0.0000
29.560 fault +0.0000 +0.0000 +0.0167 -0.2983 +12.58 -1.000 +0.0656 -0.0000
29.580 fault +0.0000 +0.0000 +0.0167 -0.2983 +12.58 -1.000 +0.0656 -0.0000
29.600 fault +0.0000 +0.0000 +0.0167 -0.2983 +12.58 -1.000 +0.0656 -0.0000
29.620 fault +0.0000 +0.0000 +0.0167 -0.2983 +12.58 -1.000 +0.0656 -0.0000
29.640 fault +0.0000 +0.0000 +0.0167 -0.2983 +12.58 -1.000 +0.0656 -0.0000
29.660 fault +0.0000 +0.0000 +0.0167 -0.2983 +12.58 -1.000 +0.0656 -0.0000
29.680 fault +0.0000 +0.0000 +0.0167 -0.2983 +12.58 -1.000 +0.0656 -0.0000
29.700 fault +0.0000 +0.0000 +0.0167 -0.2983 +12.58 -1.000 +0.0656 -0.0000
29.720 fault +0.0000 +0.0000 +0.0167 -0.2983 +12.58 -1.000 +0.0656 -0.0000
29.740 fault +0.0000 +0.0000 +0.0167 -0.2983 +12.58 -1.000 +0.0656 -0.0000
29.760 fault +0.0000 +0.0000 +0.0167 -0.2983 +12.58 -1.000 +0.0656 -0.0000
29.780 fault +0.0000 +0.0000 +0.0167 -0.2983 +12.58 -1.000 +0.0656 -0.0000
29.800 fault +0.0000 +0.0000 +0.0167 -0.2983 +12.58 -1.000 +0.0656 -0.0000
29.820 fault +0.0000 +0.0000 +0.0167 -0.2983 +12.58 -1.000 +0.0656 -0.0000
29.840 fault +0.0000 +0.0000 +0.0167 -0.2983 +12.58 -1.000 +0.0656 -0.0000
29.860 fault +0.0000 +0.0000 +0.0167 -0.2983 +12.58 -1.000 +0.0656 -0.0000
29.880 fault +0.0000 +0.0000 +0.0167 -0.2983 +12.58 -1.000 +0.0656 -0.0000
29.900 fault +0.0000 +0.0000 +0.0167 -0.2983 +12.58 -1.000 +0.0656 -0.0000
29.920 fault +0.0000 +0.0000 +0.0167 -0.2983 +12.58 -1.000 +0.0656 -0.0000
29.940 fault +0.0000 +0.0000 +0.0167 -0.2983 +12.58 -1.000 +0.0656 -0.0000
29.960 fault +0.0000 +0.0000 +0.0167 -0.2983 +12.58 -1.000 +0.0656 -0.0000
29.980 fault +0.0000 +0.0000 +0.0167 -0.2983 +12.58 -1.000 +0.0656 -0.0000
30.000 fault +0.0000 +0.0000 +0.0167 -0.2983 +12.58 -1.000 +0.0656 -0.0000
30.020 fault +0.0000 +0.0000 +0.0167 -0.2983 +12.58 -1.000 +0.0656 -0.0000
30.040 fault +0.0000 +0.0000 +0.0167 -0.2983 +12.58 -1.000 +0.0656 -0.0000
30.060 fault +0.0000 +0.0000 +0.0167 -0.2983 +12.58 -1.000 +0.0656 -0.0000
30.080 fault +0.0000 +0.0000 +0.0167 -0.2983 +12.58 -1.000 +0.0656 -0.0000
30.100 fault +0.0000 +0.0000 +0.0167 -0.2983 +12.58 -1.000 +0.0656 -0.0000
30.120 fault +0.0000 +0.0000 +0.0167 -0.2983 +12.58 -1.000 +0.0656 -0.0000
30.140 fault +0.0000 +0.0000 +0.0167 -0.2983 +12.58 -1.000 +0.0656 -0.0000
30.160 fault +0.0000 +0.0000 +0.0167 -0.2983 +12.58 -1.000 +0.0656 -0.0000
30.180 fault +0.0000 +0.0000 +0.0167 -0.2983 +12.58 -1.000 +0.0656 -0.0000
30.200 fault +0.0000 +0.0000 +0.0167 -0.2983 +12.58 -1.000 +0.0656 -0.0000
30.220 fault +0.0000 +0.0000 +0.0167 -0.2983 +12.58 -1.000 +0.0656 -0.0000
30.240 fault +0.0000 +0.0000 +0.0167 -0.2983 +12.58 -1.000 +0.0656 -0.0000
30.260 fault +0.0000 +0.0000 +0.0167 -0.2983 +12.58 -1.000 +0.0656 -0.0000
30.280 fault +0.0000 +0.0000 +0.0167 -0.2983 +12.58 -1.000 +0.0656 -0.0000
30.300 fault +0.0000 +0.0000 +0.0167 -0.2983 +12.58 -1.000 +0.0656 -0.0000
30.320 fault +0.0000 +0.0000 +0.0167 -0.2983 +12.58 -1.000 +0.0656 -0.0000
30.340 fault +0.0000 +0.0000 +0.0167 -0.2983 +12.58 -1.000 +0.0656 -0.0000
30.360 fault +0.0000 +0.0000 +0.0167 -0.2983 +12.58 -1.000 +0.0656 -0.0000
30.380 fault +0.0000 +0.0000 +0.0167 -0.2983 +12.58 -1.000 +0.0656 -0.0000
30.400 fault +0.0000 +0.0000 +0.0167 -0.2983 +12.58 -1.000 +0.0656 -0.0000
30.420 fault +0.0000 +0.0000 +0.0167 -0.2983 +12.58 -1.000 +0.0656 -0.0000
30.440 fault +0.0000 +0.0000 +0.0167 -0.2983 +12.58 -1.000 +0.0656 -0.0000
30.460 fault +0.0000 +0.0000 +0.0167 -0.2983 +12.58 -1.000 +0.0656 -0.0000
30.480 fault +0.0000 +0.0000 +0.0167 -0.2983 +12.58 -1.000 +0.0656 -0.0000
30.500 fault +0.0000 +0.0000 +0.0167 -0.2983 +12.58 -1.000 +0.0656 -0.0000
30.520 fault +0.0000 +0.0000 +0.0167 -0.2983 +12.58 -1.000 +0.0656 -0.0000
30.540 fault +0.0000 +0.0000 +0.0167 -0.2983 +12.58 -1.000 +0.0656 -0.0000
30.560 fault +0.0000 +0.0000 +0.0167 -0.2983 +12.58 -1.000 +0.0656 -0.0000
30.580 fault +0.0000 +0.0000 +0.0167 -0.2983 +12.58 -1.000 +0.0656 -0.0000
30.600 fault +0.0000 +0.0000 +0.0167 -0.2983 +12.58 -1.000 +0.0656 -0.0000
30.620 fault +0.0000 +0.0000 +0.0167 -0.2983 +12.58 -1.000 +0.0656 -0.0000
30.640 fault +0.0000 +0.0000 +0.0167 -0.2983 +12.58 -1.000 +0.0656 -0.0000
30.660 fault +0.0000 +0.0000 +0.0167 -0.2983 +12.58 -1.000 +0.0656 -0.0000
30.680 fault +0.0000 +0.0000 +0.0167 -0.2983 +12.58 -1.000 +0.0656 -0.0000
30.700 fault +0.0000 +0.0000 +0.0167 -0.2983 +12.58 -1.000 +0.0656 -0.0000
30.720 fault +0.0000 +0.0000 +0.0167 -0.2983 +12.58 -1.000 +0.0656 -0.0000
30.740 fault +0.0000 +0.0000 +0.0167 -0.2983 +12.58 -1.000 +0.0656 -0.0000
30.760 fault +0.0000 +0.0000 +0.0167 -0.2983 +12.58 -1.000 +0.0656 -0.0000
30.780 fault +0.0000 +0.0000 +0.0167 -0.2983 +12.58 -1.000 +0.0656 -0.0000
30.800 fault +0.0000 +0.0000 +0.0167 -0.2983 +12.58 -1.000 +0.0656 -0.0000
30.820 fault +0.0000 +0.0000 +0.0167 -0.2983 +12.58 -1.000 +0.0656 -0.0000
30.840 fault +0.0000 +0.0000 +0.0167 -0.2983 +12.58 -1.000 +0.0656 -0.0000
30.860 fault +0.0000 +0.0000 +0.0167 -0.2983 +12.58 -1.000 +0.0656 -0.0000
30.880 fault +0.0000 +0.0000 +0.0167 -0.2983 +12.58 -1.000 +0.0656 -0.0000
30.900 fault +0.0000 +0.0000 +0.0167 -0.2983 +12.58 -1.000 +0.0656 -0.0000
30.920 fault +0.0000 +0.0000 +0.0167 -0.2983 +12.58 -1.000 +0.0656 -0.0000
30.940 fault +0.0000 +0.0000 +0.0167 -0.2983 +12.58 -1.000 +0.0656 -0.0000
30.960 fault +0.0000 +0.0000 +0.0167 -0.2983 +12.58 -1.000 +0.0656 -0.0000
30.980 fault +0.0000 +0.0000 +0.0167 -0.2983 +12.58 -1.000 +0.0656 -0.0000
31.000 fault +0.0000 +0.0000 +0.0167 -0.2983 +12.58 -1.000 +0.0656 -0.0000
31.020 fault +0.0000 +0.0000 +0.0167 -0.2983 +12.58 -1.000 +0.0656 -0.0000
31.040 fault +0.0000 +0.0000 +0.0167 -0.2983 +12.58 -1.000 +0.0656 -0.0000
31.060 fault +0.0000 +0.0000 +0.0167 -0.2983 +12.58 -1.000 +0.0656 -0.0000
31.080 fault +0.0000 +0.0000 +0.0167 -0.2983 +12.58 -1.000 +0.0656 -0.0000
31.100 fault +0.0000 +0.0000 +0.0167 -0.2983 +12.58 -1.000 +0.0656 -0.0000
31.120 fault +0.0000 +0.0000 +0.0167 -0.2983 +12.58 -1.000 +0.0656 -0.0000
31.140 fault +0.0000 +0.0000 +0.0167 -0.2983 +12.58 -1.000 +0.0656 -0.0000
31.160 fault +0.0000 +0.0000 +0.0167 -0.2983 +12.58 -1.000 +0.0656 -0.0000
31.180 fault +0.0000 +0.0000 +0.0167 -0.2983 +12.58 -1.000 +0.0656 -0.0000
31.200 fault +0.0000 +0.0000 +0.0167 -0.2983 +12.58 -1.000 +0.0656 -0.0000
31.220 fault +0.0000 +0.0000 +0.0167 -0.2983 +12.58 -1.000 +0.0656 -0.0000
31.240 fault +0.0000 +0.0000 +0.0167 -0.2983 +12.58 -1.000 +0.0656 -0.0000
31.260 fault +0.0000 +0.0000 +0.0167 -0.2983 +12.58 -1.000 +0.0656 -0.0000
31.280 fault +0.0000 +0.0000 +0.0167 -0.2983 +12.58 -1.000 +0.0656 -0.0000
31.300 fault +0.0000 +0.0000 +0.0167 -0.2983 +12.58 -1.000 +0.0656 -0.0000
31.320 fault +0.0000 +0.0000 +0.0167 -0.2983 +12.58 -1.000 +0.0656 -0.0000
31.340 fault +0.0000 +0.0000 +0.0167 -0.2983 +12.58 -1.000 +0.0656 -0.0000
31.360 fault +0.0000 +0.0000 +0.0167 -0.2983 +12.58 -1.000 +0.0656 -0.0000
31.380 fault +0.0000 +0.0000 +0.0167 -0.2983 +12.58 -1.000 +0.0656 -0.0000
31.400 fault +0.0000 +0.0000 +0.0167 -0.2983 +12.58 -1.000 +0.0656 -0.0000
31.420 fault +0.0000 +0.0000 +0.0167 -0.2983 +12.58 -1.000 +0.0656 -0.0000
31.440 fault +0.0000 +0.0000 +0.0167 -0.2983 +12.58 -1.000 +0.0656 -0.0000
31.460 fault +0.0000 +0.0000 +0.0167 -0.2983 +12.58 -1.000 +0.0656 -0.0000
31.480 fault +0.0000 +0.0000 +0.0167 -0.2983 +12.58 -1.000 +0.0656 -0.0000
31.500 fault +0.0000 +0.0000 +0.0167 -0.2983 +12.58 -1.000 +0.0656 -0.0000
31.520 fault +0.0000 +0.0000 +0.0167 -0.2983 +12.58 -1.000 +0.0656 -0.0000
31.540 fault +0.0000 +0.0000 +0.0167 -0.2983 +12.58 -1.000 +0.0656 -0.0000
31.560 fault +0.0000 +0.0000 +0.0167 -0.2983 +12.58 -1.000 +0.0656 -0.0000
31.580 fault +0.0000 +0.0000 +0.0167 -0.2983 +12.58 -1.000 +0.0656 -0.0000
31.600 fault +0.0000 +0.0000 +0.0167 -0.2983 +12.58 -1.000 +0.0656 -0.0000
31.620 fault +0.0000 +0.0000 +0.0167 -0.2983 +12.58 -1.000 +0.0656 -0.0000
31.640 fault +0.0000 +0.0000 +0.0167 -0.2983 +12.58 -1.000 +0.0656 -0.0000
31.660 fault +0.0000 +0.0000 +0.0167 -0.2983 +12.58 -1.000 +0.0656 -0.0000
31.680 fault +0.0000 +0.0000 +0.0167 -0.2983 +12.58 -1.000 +0.0656 -0.0000
31.700 fault +0.0000 +0.0000 +0.0167 -0.2983 +12.58 -1.000 +0.0656 -0.0000
31.720 fault +0.0000 +0.0000 +0.0167 -0.2983 +12.58 -1.000 +0.0656 -0.0000
31.740 fault +0.0000 +0.0000 +0.0167 -0.2983 +12.58 -1.000 +0.0656 -0.0000
31.760 fault +0.0000 +0.0000 +0.0167 -0.2983 +12.58 -1.000 +0.0656 -0.0000
31.780 fault +0.0000 +0.0000 +0.0167 -0.2983 +12.58 -1.000 +0.0656 -0.0000
31.800 fault +0.0000 +0.0000 +0.0167 -0.2983 +12.58 -1.000 +0.0656 -0.0000
31.820 fault +0.0000 +0.0000 +0.0167 -0.2983 +12.58 -1.000 +0.0656 -0.0000
31.840 fault +0.0000 +0.0000 +0.0167 -0.2983 +12.58 -1.000 +0.0656 -0.0000
31.860 fault +0.0000 +0.0000 +0.0167 -0.2983 +12.58 -1.000 +0.0656 -0.0000
31.880 fault +0.0000 +0.0000 +0.0167 -0.2983 +12.58 -1.000 +0.0656 -0.0000
31.900 fault +0.0000 +0.0000 +0.0167 -0.2983 +12.58 -1.000 +0.0656 -0.0000
31.920 fault +0.0000 +0.0000 +0.0167 -0.2983 +12.58 -1.000 +0.0656 -0.0000
31.940 fault +0.0000 +0.0000 +0.0167 -0.2983 +12.58 -1.000 +0.0656 -0.0000
31.960 fault +0.0000 +0.0000 +0.0167 -0.2983 +12.58 -1.000 +0.0656 -0.0000
31.980 fault +0.0000 +0.0000 +0.0167 -0.2983 +12.58 -1.000 +0.0656 -0.0000
32.000 fault +0.0000 +0.0000 +0.0167 -0.2983 +12.58 -1.000 +0.0656 -0.0000
32.020 fault +0.0000 +0.0000 +0.0167 -0.2983 +12.58 -1.000 +0.0656 -0.0000
32.040 fault +0.0000 +0.0000 +0.0167 -0.2983 +12.58 -1.000 +0.0656 -0.0000
32.060 fault +0.0000 +0.0000 +0.0167 -0.2983 +12.58 -1.000 +0.0656 -0.0000
32.080 fault +0.0000 +0.0000 +0.0167 -0.2983 +12.58 -1.000 +0.0656 -0.0000
32.100 fault +0.0000 +0.0000 +0.0167 -0.2983 +12.58 -1.000 +0.0656 -0.0000
32.120 fault +0.0000 +0.0000 +0.0167 -0.2983 +12.58 -1.000 +0.0656 -0.0000
32.140 fault +0.0000 +0.0000 +0.0167 -0.2983 +12.58 -1.000 +0.0656 -0.0000
32.160 fault +0.0000 +0.0000 +0.0167 -0.2983 +12.58 -1.000 +0.0656 -0.0000
32.180 fault +0.0000 +0.0000 +0.0167 -0.2983 +12.58 -1.000 +0.0656 -0.0000
32.200 fault +0.0000 +0.0000 +0.0167 -0.2983 +12.58 -1.000 +0.0656 -0.0000
32.220 fault +0.0000 +0.0000 +0.0167 -0.2983 +12.58 -1.000 +0.0656 -0.0000
32.240 fault +0.0000 +0.0000 +0.0167 -0.2983 +12.58 -1.000 +0.0656 -0.0000
32.260 fault +0.0000 +0.0000 +0.0167 -0.2983 +12.58 -1.000 +0.0656 -0.0000
32.280 fault +0.0000 +0.0000 +0.0167 -0.2983 +12.58 -1.000 +0.0656 -0.0000
32.300 fault +0.0000 +0.0000 +0.0167 -0.2983 +12.58 -1.000 +0.0656 -0.0000
32.320 fault +0.0000 +0.0000 +0.0167 -0.2983 +12.58 -1.000 +0.0656 -0.0000
32.340 fault +0.0000 +0.0000 +0.0167 -0.2983 +12.58 -1.000 +0.0656 -0.0000
32.360 fault +0.0000 +0.0000 +0.0167 -0.2983 +12.58 -1.000 +0.0656 -0.0000
32.380 fault +0.0000 +0.0000 +0.0167 -0.2983 +12.58 -1.000 +0.0656 -0.0000
32.400 fault +0.0000 +0.0000 +0.0167 -0.2983 +12.58 -1.000 +0.0656 -0.0000
32.420 fault +0.0000 +0.0000 +0.0167 -0.2983 +12.58 -1.000 +0.0656 -0.0000
32.440 fault +0.0000 +0.0000 +0.0167 -0.2983 +12.58 -1.000 +0.0656 -0.0000
32.460 fault +0.0000 +0.0000 +0.0167 -0.2983 +12.58 -1.000 +0.0656 -0.0000
32.480 fault +0.0000 +0.0000 +0.0167 -0.2983 +12.58 -1.000 +0.0656 -0.0000
32.500 fault +0.0000 +0.0000 +0.0167 -0.2983 +12.58 -1.000 +0.0656 -0.0000
32.520 fault +0.0000 +0.0000 +0.0167 -0.2983 +12.58 -1.000 +0.0656 -0.0000
32.540 fault +0.0000 +0.0000 +0.0167 -0.2983 +12.58 -1.000 +0.0656 -0.0000
32.560 fault +0.0000 +0.0000 +0.0167 -0.2983 +12.58 -1.000 +0.0656 -0.0000
32.580 fault +0.0000 +0.0000 +0.0167 -0.2983 +12.58 -1.000 +0.0656 -0.0000
32.600 fault +0.0000 +0.0000 +0.0167 -0.2983 +12.58 -1.000 +0.0656 -0.0000
32.620 fault +0.0000 +0.0000 +0.0167 -0.2983 +12.58 -1.000 +0.0656 -0.0000
32.640 fault +0.0000 +0.0000 +0.0167 -0.2983 +12.58 -1.000 +0.0656 -0.0000
32.660 fault +0.0000 +0.0000 +0.0167 -0.2983 +12.58 -1.000 +0.0656 -0.0000
32.680 fault +0.0000 +0.0000 +0.0167 -0.2983 +12.58 -1.000 +0.0656 -0.0000
32.700 fault +0.0000 +0.0000 +0.0167 -0.2983 +12.58 -1.000 +0.0656 -0.0000
32.720 fault +0.0000 +0.0000 +0.0167 -0.2983 +12.58 -1.000 +0.0656 -0.0000
32.740 fault +0.0000 +0.0000 +0.0167 -0.2983 +12.58 -1.000 +0.0656 -0.0000
32.760 fault +0.0000 +0.0000 +0.0167 -0.2983 +12.58 -1.000 +0.0656 -0.0000
32.780 fault +0.0000 +0.0000 +0.0167 -0.2983 +12.58 -1.000 +0.0656 -0.0000
32.800 fault +0.0000 +0.0000 +0.0167 -0.2983 +12.58 -1.000 +0.0656 -0.0000
32.820 fault +0.0000 +0.0000 +0.0167 -0.2983 +12.58 -1.000 +0.0656 -0.0000
32.840 fault +0.0000 +0.0000 +0.0167 -0.2983 +12.58 -1.000 +0.0656 -0.0000
32.860 fault +0.0000 +0.0000 +0.0167 -0.2983 +12.58 -1.000 +0.0656 -0.0000
32.880 fault +0.0000 +0.0000 +0.0167 -0.2983 +12.58 -1.000 +0.0656 -0.0000
32.900 fault +0.0000 +0.0000 +0.0167 -0.2983 +12.58 -1.000 +0.0656 -0.0000
32.920 fault +0.0000 +0.0000 +0.0167 -0.2983 +12.58 -1.000 +0.0656 -0.0000
32.940 fault +0.0000 +0.0000 +0.0167 -0.2983 +12.58 -1.000 +0.0656 -0.0000
32.960 fault +0.0000 +0.0000 +0.0167 -0.2983 +12.58 -1.000 +0.0656 -0.0000
32.980 fault +0.0000 +0.0000 +0.0167 -0.2983 +12.58 -1.000 +0.0656 -0.0000
33.000 fault +0.0000 +0.0000 +0.0167 -0.2983 +12.58 -1.000 +0.0656 -0.0000
33.020 fault +0.0000 +0.0000 +0.0167 -0.2983 +12.58 -1.000 +0.0656 -0.0000
33.040 fault +0.0000 +0.0000 +0.0167 -0.2983 +12.58 -1.000 +0.0656 -0.0000
33.060 fault +0.0000 +0.0000 +0.0167 -0.2983 +12.58 -1.000 +0.0656 -0.0000
33.080 fault +0.0000 +0.0000 +0.0167 -0.2983 +12.58 -1.000 +0.0656 -0.0000
33.100 fault +0.0000 +0.0000 +0.0167 -0.2983 +12.58 -1.000 +0.0656 -0.0000
33.120 fault +0.0000 +0.0000 +0.0167 -0.2983 +12.58 -1.000 +0.0656 -0.0000
33.140 fault +0.0000 +0.0000 +0.0167 -0.2983 +12.58 -1.000 +0.0656 -0.0000
33.160 fault +0.0000 +0.0000 +0.0167 -0.2983 +12.58 -1.000 +0.0656 -0.0000
33.180 fault +0.0000 +0.0000 +0.0167 -0.2983 +12.58 -1.000 +0.0656 -0.0000
33.200 fault +0.0000 +0.0000 +0.0167 -0.2983 +12.58 -1.000 +0.0656 -0.0000
33.220 fault +0.0000 +0.0000 +0.0167 -0.2983 +12.58 -1.000 +0.0656 -0.0000
33.240 fault +0.0000 +0.0000 +0.0167 -0.2983 +12.58 -1.000 +0.0656 -0.0000
33.260 fault +0.0000 +0.0000 +0.0167 -0.2983 +12.58 -1.000 +0.0656 -0.0000
33.280 fault +0.0000 +0.0000 +0.0167 -0.2983 +12.58 -1.000 +0.0656 -0.0000
33.300 fault +0.0000 +0.0000 +0.0167 -0.2983 +12.58 -1.000 +0.0656 -0.0000
33.320 fault +0.0000 +0.0000 +0.0167 -0.2983 +12.58 -1.000 +0.0656 -0.0000
33.340 fault +0.0000 +0.0000 +0.0167 -0.2983 +12.58 -1.000 +0.0656 -0.0000
33.360 fault +0.0000 +0.0000 +0.0167 -0.2983 +12.58 -1.000 +0.0656 -0.0000
33.380 fault +0.0000 +0.0000 +0.0167 -0.2983 +12.58 -1.000 +0.0656 -0.0000
33.400 fault +0.0000 +0.0000 +0.0167 -0.2983 +12.58 -1.000 +0.0656 -0.0000
33.420 fault +0.0000 +0.0000 +0.0167 -0.2983 +12.58 -1.000 +0.0656 -0.0000
33.440 fault +0.0000 +0.0000 +0.0167 -0.2983 +12.58 -1.000 +0.0656 -0.0000
33.460 fault +0.0000 +0.0000 +0.0167 -0.2983 +12.58 -1.000 +0.0656 -0.0000
33.480 fault +0.0000 +0.0000 +0.0167 -0.2983 +12.58 -1.000 +0.0656 -0.0000
33.500 fault +0.0000 +0.0000 +0.0167 -0.2983 +12.58 -1.000 +0.0656 -0.0000
33.520 fault +0.0000 +0.0000 +0.0167 -0.2983 +12.58 -1.000 +0.0656 -0.0000
33.540 fault +0.0000 +0.0000 +0.0167 -0.2983 +12.58 -1.000 +0.0656 -0.0000
33.560 fault +0.0000 +0.0000 +0.0167 -0.2983 +12.58 -1.000 +0.0656 -0.0000
33.580 fault +0.0000 +0.0000 +0.0167 -0.2983 +12.58 -1.000 +0.0656 -0.0000
33.600 fault +0.0000 +0.0000 +0.0167 -0.2983 +12.58 -1.000 +0.0656 -0.0000
33.620 fault +0.0000 +0.0000 +0.0167 -0.2983 +12.58 -1.000 +0.0656 -0.0000
33.640 fault +0.0000 +0.0000 +0.0167 -0.2983 +12.58 -1.000 +0.0656 -0.0000
33.660 fault +0.0000 +0.0000 +0.0167 -0.2983 +12.58 -1.000 +0.0656 -0.0000
33.680 fault +0.0000 +0.0000 +0.0167 -0.2983 +12.58 -1.000 +0.0656 -0.0000
33.700 fault +0.0000 +0.0000 +0.0167 -0.2983 +12.58 -1.000 +0.0656 -0.0000
33.720 fault +0.0000 +0.0000 +0.0167 -0.2983 +12.58 -1.000 +0.0656 -0.0000
33.740 fault +0.0000 +0.0000 +0.0167 -0.2983 +12.58 -1.000 +0.0656 -0.0000
33.760 fault +0.0000 +0.0000 +0.0167 -0.2983 +12.58 -1.000 +0.0656 -0.0000
33.780 fault +0.0000 +0.0000 +0.0167 -0.2983 +12.58 -1.000 +0.0656 -0.0000
33.800 fault +0.0000 +0.0000 +0.0167 -0.2983 +12.58 -1.000 +0.0656 -0.0000
33.820 fault +0.0000 +0.0000 +0.0167 -0.2983 +12.58 -1.000 +0.0656 -0.0000
33.840 fault +0.0000 +0.0000 +0.0167 -0.2983 +12.58 -1.000 +0.0656 -0.0000
33.860 fault +0.0000 +0.0000 +0.0167 -0.2983 +12.58 -1.000 +0.0656 -0.0000
33.880 fault +0.0000 +0.0000 +0.0167 -0.2983 +12.58 -1.000 +0.0656 -0.0000
33.900 fault +0.0000 +0.0000 +0.0167 -0.2983 +12.58 -1.000 +0.0656 -0.0000
33.920 fault +0.0000 +0.0000 +0.0167 -0.2983 +12.58 -1.000 +0.0656 -0.0000
33.940 fault +0.0000 +0.0000 +0.0167 -0.2983 +12.58 -1.000 +0.0656 -0.0000
33.960 fault +0.0000 +0.0000 +0.0167 -0.2983 +12.58 -1.000 +0.0656 -0.0000
33.980 fault +0.0000 +0.0000 +0.0167 -0.2983 +12.58 -1.000 +0.0656 -0.0000
34.000 fault +0.0000 +0.0000 +0.0167 -0.2983 +12.58 -1.000 +0.0656 -0.0000
34.020 fault +0.0000 +0.0000 +0.0167 -0.2983 +12.58 -1.000 +0.0656 -0.0000
34.040 fault +0.0000 +0.0000 +0.0167 -0.2983 +12.58 -1.000 +0.0656 -0.0000
34.060 fault +0.0000 +0.0000 +0.0167 -0.2983 +12.58 -1.000 +0.0656 -0.0000
34.080 fault +0.0000 +0.0000 +0.0167 -0.2983 +12.58 -1.000 +0.0656 -0.0000
34.100 fault +0.0000 +0.0000 +0.0167 -0.2983 +12.58 -1.000 +0.0656 -0.0000
34.120 fault +0.0000 +0.0000 +0.0167 -0.2983 +12.58 -1.000 +0.0656 -0.0000
34.140 fault +0.0000 +0.0000 +0.0167 -0.2983 +12.58 -1.000 +0.0656 -0.0000
34.160 fault +0.0000 +0.0000 +0.0167 -0.2983 +12.58 -1.000 +0.0656 -0.0000
34.180 fault +0.0000 +0.0000 +0.0167 -0.2983 +12.58 -1.000 +0.0656 -0.0000
34.200 fault +0.0000 +0.0000 +0.0167 -0.2983 +12.58 -1.000 +0.0656 -0.0000
34.220 fault +0.0000 +0.0000 +0.0167 -0.2983 +12.58 -1.000 +0.0656 -0.0000
34.240 fault +0.0000 +0.0000 +0.0167 -0.2983 +12.58 -1.000 +0.0656 -0.0000
34.260 fault +0.0000 +0.0000 +0.0167 -0.2983 +12.58 -1.000 +0.0656 -0.0000
34.280 fault +0.0000 +0.0000 +0.0167 -0.2983 +12.58 -1.000 +0.0656 -0.0000
34.300 fault +0.0000 +0.0000 +0.0167 -0.2983 +12.58 -1.000 +0.0656 -0.0000
34.320 fault +0.0000 +0.0000 +0.0167 -0.2983 +12.58 -1.000 +0.0656 -0.0000
34.340 fault +0.0000 +0.0000 +0.0167 -0.2983 +12.58 -1.000 +0.0656 -0.0000
34.360 fault +0.0000 +0.0000 +0.0167 -0.2983 +12.58 -1.000 +0.0656 -0.0000
34.380 fault +0.0000 +0.0000 +0.0167 -0.2983 +12.58 -1.000 +0.0656 -0.0000
34.400 fault +0.0000 +0.0000 +0.0167 -0.2983 +12.58 -1.000 +0.0656 -0.0000
34.420 fault +0.0000 +0.0000 +0.0167 -0.2983 +12.58 -1.000 +0.0656 -0.0000
34.440 fault +0.0000 +0.0000 +0.0167 -0.2983 +12.58 -1.000 +0.0656 -0.0000
34.460 fault +0.0000 +0.0000 +0.0167 -0.2983 +12.58 -1.000 +0.0656 -0.0000
34.480 fault +0.0000 +0.0000 +0.0167 -0.2983 +12.58 -1.000 +0.0656 -0.0000
34.500 fault +0.0000 +0.0000 +0.0167 -0.2983 +12.58 -1.000 +0.0656 -0.0000
34.520 fault +0.0000 +0.0000 +0.0167 -0.2983 +12.58 -1.000 +0.0656 -0.0000
34.540 fault +0.0000 +0.0000 +0.0167 -0.2983 +12.58 -1.000 +0.0656 -0.0000
34.560 fault +0.0000 +0.0000 +0.0167 -0.2983 +12.58 -1.000 +0.0656 -0.0000
34.580 fault +0.0000 +0.0000 +0.0167 -0.2983 +12.58 -1.000 +0.0656 -0.0000
34.600 fault +0.0000 +0.0000 +0.0167 -0.2983 +12.58 -1.000 +0.0656 -0.0000
34.620 fault +0.0000 +0.0000 +0.0167 -0.2983 +12.58 -1.000 +0.0656 -0.0000
34.640 fault +0.0000 +0.0000 +0.0167 -0.2983 +12.58 -1.000 +0.0656 -0.0000
34.660 fault +0.0000 +0.0000 +0.0167 -0.2983 +12.58 -1.000 +0.0656 -0.0000
34.680 fault +0.0000 +0.0000 +0.0167 -0.2983 +12.58 -1.000 +0.0656 -0.0000
34.700 fault +0.0000 +0.0000 +0.0167 -0.2983 +12.58 -1.000 +0.0656 -0.0000
34.720 fault +0.0000 +0.0000 +0.0167 -0.2983 +12.58 -1.000 +0.0656 -0.0000
34.740 fault +0.0000 +0.0000 +0.0167 -0.2983 +12.58 -1.000 +0.0656 -0.0000
34.760 fault +0.0000 +0.0000 +0.0167 -0.2983 +12.58 -1.000 +0.0656 -0.0000
34.780 fault +0.0000 +0.0000 +0.0167 -0.2983 +12.58 -1.000 +0.0656 -0.0000
34.800 fault +0.0000 +0.0000 +0.0167 -0.2983 +12.58 -1.000 +0.0656 -0.0000
34.820 fault +0.0000 +0.0000 +0.0167 -0.2983 +12.58 -1.000 +0.0656 -0.0000
34.840 fault +0.0000 +0.0000 +0.0167 -0.2983 +12.58 -1.000 +0.0656 -0.0000
34.860 fault +0.0000 +0.0000 +0.0167 -0.2983 +12.58 -1.000 +0.0656 -0.0000
34.880 fault +0.0000 +0.0000 +0.0167 -0.2983 +12.58 -1.000 +0.0656 -0.0000
34.900 fault +0.0000 +0.0000 +0.0167 -0.2983 +12.58 -1.000 +0.0656 -0.0000
34.920 fault +0.0000 +0.0000 +0.0167 -0.2983 +12.58 -1.000 +0.0656 -0.0000
34.940 fault +0.0000 +0.0000 +0.0167 -0.2983 +12.58 -1.000 +0.0656 -0.0000
34.960 fault +0.0000 +0.0000 +0.0167 -0.2983 +12.58 -1.000 +0.0656 -0.0000
34.980 fault +0.0000 +0.0000 +0.0167 -0.2983 +12.58 -1.000 +0.0656 -0.0000
35.000 fault +0.0000 +0.0000 +0.0167 -0.2983 +12.58 -1.000 +0.0656 -0.0000
35.020 fault +0.0000 +0.0000 +0.0167 -0.2983 +12.58 -1.000 +0.0656 -0.0000
35.040 fault +0.0000 +0.0000 +0.0167 -0.2983 +12.58 -1.000 +0.0656 -0.0000
35.060 fault +0.0000 +0.0000 +0.0167 -0.2983 +12.58 -1.000 +0.0656 -0.0000
35.080 fault +0.0000 +0.0000 +0.0167 -0.2983 +12.58 -1.000 +0.0656 -0.0000
35.100 fault +0.0000 +0.0000 +0.0167 -0.2983 +12.58 -1.000 +0.0656 -0.0000
35.120 fault +0.0000 +0.0000 +0.0167 -0.2983 +12.58 -1.000 +0.0656 -0.0000
35.140 fault +0.0000 +0.0000 +0.0167 -0.2983 +12.58 -1.000 +0.0656 -0.0000
35.160 fault +0.0000 +0.0000 +0.0167 -0.2983 +12.58 -1.000 +0.0656 -0.0000
35.180 fault +0.0000 +0.0000 +0.0167 -0.2983 +12.58 -1.000 +0.0656 -0.0000
35.200 fault +0.0000 +0.0000 +0.0167 -0.2983 +12.58 -1.000 +0.0656 -0.0000
35.220 fault +0.0000 +0.0000 +0.0167 -0.2983 +12.58 -1.000 +0.0656 -0.0000
35.240 fault +0.0000 +0.0000 +0.0167 -0.2983 +12.58 -1.000 +0.0656 -0.0000
35.260 fault +0.0000 +0.0000 +0.0167 -0.2983 +12.58 -1.000 +0.0656 -0.0000
35.280 fault +0.0000 +0.0000 +0.0167 -0.2983 +12.58 -1.000 +0.0656 -0.0000
35.300 fault +0.0000 +0.0000 +0.0167 -0.2983 +12.58 -1.000 +0.0656 -0.0000
35.320 fault +0.0000 +0.0000 +0.0167 -0.2983 +12.58 -1.000 +0.0656 -0.0000
35.340 fault +0.0000 +0.0000 +0.0167 -0.2983 +12.58 -1.000 +0.0656 -0.0000
35.360 fault +0.0000 +0.0000 +0.0167 -0.2983 +12.58 -1.000 +0.0656 -0.0000
35.380 fault +0.0000 +0.0000 +0.0167 -0.2983 +12.58 -1.000 +0.0656 -0.0000
35.400 fault +0.0000 +0.0000 +0.0167 -0.2983 +12.58 -1.000 +0.0656 -0.0000
35.420 fault +0.0000 +0.0000 +0.0167 -0.2983 +12.58 -1.000 +0.0656 -0.0000
35.440 fault +0.0000 +0.0000 +0.0167 -0.2983 +12.58 -1.000 +0.0656 -0.0000
35.460 fault +0.0000 +0.0000 +0.0167 -0.2983 +12.58 -1.000 +0.0656 -0.0000
35.480 fault +0.0000 +0.0000 +0.0167 -0.2983 +12.58 -1.000 +0.0656 -0.0000
35.500 fault +0.0000 +0.0000 +0.0167 -0.2983 +12.58 -1.000 +0.0656 -0.0000
35.520 fault +0.0000 +0.0000 +0.0167 -0.2983 +12.58 -1.000 +0.0656 -0.0000
35.540 fault +0.0000 +0.0000 +0.0167 -0.2983 +12.58 -1.000 +0.0656 -0.0000
35.560 fault +0.0000 +0.0000 +0.0167 -0.2983 +12.58 -1.000 +0.0656 -0.0000
35.580 fault +0.0000 +0.0000 +0.0167 -0.2983 +12.58 -1.000 +0.0656 -0.0000
35.600 fault +0.0000 +0.0000 +0.0167 -0.2983 +12.58 -1.000 +0.0656 -0.0000
35.620 fault +0.0000 +0.0000 +0.0167 -0.2983 +12.58 -1.000 +0.0656 -0.0000
35.640 fault +0.0000 +0.0000 +0.0167 -0.2983 +12.58 -1.000 +0.0656 -0.0000
35.660 fault +0.0000 +0.0000 +0.0167 -0.2983 +12.58 -1.000 +0.0656 -0.0000
35.680 fault +0.0000 +0.0000 +0.0167 -0.2983 +12.58 -1.000 +0.0656 -0.0000
35.700 fault +0.0000 +0.0000 +0.0167 -0.2983 +12.58 -1.000 +0.0656 -0.0000
35.720 fault +0.0000 +0.0000 +0.0167 -0.2983 +12.58 -1.000 +0.0656 -0.0000
35.740 fault +0.0000 +0.0000 +0.0167 -0.2983 +12.58 -1.000 +0.0656 -0.0000
35.760 fault +0.0000 +0.0000 +0.0167 -0.2983 +12.58 -1.000 +0.0656 -0.0000
35.780 fault +0.0000 +0.0000 +0.0167 -0.2983 +12.58 -1.000 +0.0656 -0.0000
35.800 fault +0.0000 +0.0000 +0.0167 -0.2983 +12.58 -1.000 +0.0656 -0.0000
35.820 fault +0.0000 +0.0000 +0.0167 -0.2983 +12.58 -1.000 +0.0656 -0.0000
35.840 fault +0.0000 +0.0000 +0.0167 -0.2983 +12.58 -1.000 +0.0656 -0.0000
35.860 fault +0.0000 +0.0000 +0.0167 -0.2983 +12.58 -1.000 +0.0656 -0.0000
35.880 fault +0.0000 +0.0000 +0.0167 -0.2983 +12.58 -1.000 +0.0656 -0.0000
35.900 fault +0.0000 +0.0000 +0.0167 -0.2983 +12.58 -1.000 +0.0656 -0.0000
35.920 fault +0.0000 +0.0000 +0.0167 -0.2983 +12.58 -1.000 +0.0656 -0.0000
35.940 fault +0.0000 +0.0000 +0.0167 -0.2983 +12.58 -1.000 +0.0656 -0.0000
35.960 fault +0.0000 +0.0000 +0.0167 -0.2983 +12.58 -1.000 +0.0656 -0.0000
35.980 fault +0.0000 +0.0000 +0.0167 -0.2983 +12.58 -1.000 +0.0656 -0.0000
36.000 fault +0.0000 +0.0000 +0.0167 -0.2983 +12.58 -1.000 +0.0656 -0.0000
36.020 fault +0.0000 +0.0000 +0.0167 -0.2983 +12.58 -1.000 +0.0656 -0.0000
36.040 fault +0.0000 +0.0000 +0.0167 -0.2983 +12.58 -1.000 +0.0656 -0.0000
36.060 fault +0.0000 +0.0000 +0.0167 -0.2983 +12.58 -1.000 +0.0656 -0.0000
36.080 fault +0.0000 +0.0000 +0.0167 -0.2983 +12.58 -1.000 +0.0656 -0.0000
36.100 fault +0.0000 +0.0000 +0.0167 -0.2983 +12.58 -1.000 +0.0656 -0.0000
36.120 fault +0.0000 +0.0000 +0.0167 -0.2983 +12.58 -1.000 +0.0656 -0.0000
36.140 fault +0.0000 +0.0000 +0.0167 -0.2983 +12.58 -1.000 +0.0656 -0.0000
36.160 fault +0.0000 +0.0000 +0.0167 -0.2983 +12.58 -1.000 +0.0656 -0.0000
36.180 fault +0.0000 +0.0000 +0.0167 -0.2983 +12.58 -1.000 +0.0656 -0.0000
36.200 fault +0.0000 +0.0000 +0.0167 -0.2983 +12.58 -1.000 +0.0656 -0.0000
36.220 fault +0.0000 +0.0000 +0.0167 -0.2983 +12.58 -1.000 +0.0656 -0.0000
36.240 fault +0.0000 +0.0000 +0.0167 -0.2983 +12.58 -1.000 +0.0656 -0.0000
36.260 fault +0.0000 +0.0000 +0.0167 -0.2983 +12.58 -1.000 +0.0656 -0.0000
36.280 fault +0.0000 +0.0000 +0.0167 -0.2983 +12.58 -1.000 +0.0656 -0.0000
36.300 fault +0.0000 +0.0000 +0.0167 -0.2983 +12.58 -1.000 +0.0656 -0.0000
36.320 fault +0.0000 +0.0000 +0.0167 -0.2983 +12.58 -1.000 +0.0656 -0.0000
36.340 fault +0.0000 +0.0000 +0.0167 -0.2983 +12.58 -1.000 +0.0656 -0.0000
36.360 fault +0.0000 +0.0000 +0.0167 -0.2983 +12.58 -1.000 +0.0656 -0.0000
36.380 fault +0.0000 +0.0000 +0.0167 -0.2983 +12.58 -1.000 +0.0656 -0.0000
36.400 fault +0.0000 +0.0000 +0.0167 -0.2983 +12.58 -1.000 +0.0656 -0.0000
36.420 fault +0.0000 +0.0000 +0.0167 -0.2983 +12.58 -1.000 +0.0656 -0.0000
36.440 fault +0.0000 +0.0000 +0.0167 -0.2983 +12.58 -1.000 +0.0656 -0.0000
36.460 fault +0.0000 +0.0000 +0.0167 -0.2983 +12.58 -1.000 +0.0656 -0.0000
36.480 fault +0.0000 +0.0000 +0.0167 -0.2983 +12.58 -1.000 +0.0656 -0.0000
36.500 fault +0.0000 +0.0000 +0.0167 -0.2983 +12.58 -1.000 +0.0656 -0.0000
36.520 fault +0.0000 +0.0000 +0.0167 -0.2983 +12.58 -1.000 +0.0656 -0.0000
36.540 fault +0.0000 +0.0000 +0.0167 -0.2983 +12.58 -1.000 +0.0656 -0.0000
36.560 fault +0.0000 +0.0000 +0.0167 -0.2983 +12.58 -1.000 +0.0656 -0.0000
36.580 fault +0.0000 +0.0000 +0.0167 -0.2983 +12.58 -1.000 +0.0656 -0.0000
36.600 fault +0.0000 +0.0000 +0.0167 -0.2983 +12.58 -1.000 +0.0656 -0.0000
36.620 fault +0.0000 +0.0000 +0.0167 -0.2983 +12.58 -1.000 +0.0656 -0.0000
36.640 fault +0.0000 +0.0000 +0.0167 -0.2983 +12.58 -1.000 +0.0656 -0.0000
36.660 fault +0.0000 +0.0000 +0.0167 -0.2983 +12.58 -1.000 +0.0656 -0.0000
36.680 fault +0.0000 +0.0000 +0.0167 -0.2983 +12.58 -1.000 +0.0656 -0.0000
36.700 fault +0.0000 +0.0000 +0.0167 -0.2983 +12.58 -1.000 +0.0656 -0.0000
36.720 fault +0.0000 +0.0000 +0.0167 -0.2983 +12.58 -1.000 +0.0656 -0.0000
36.740 fault +0.0000 +0.0000 +0.0167 -0.2983 +12.58 -1.000 +0.0656 -0.0000
36.760 fault +0.0000 +0.0000 +0.0167 -0.2983 +12.58 -1.000 +0.0656 -0.0000
36.780 fault +0.0000 +0.0000 +0.0167 -0.2983 +12.58 -1.000 +0.0656 -0.0000
36.800 fault +0.0000 +0.0000 +0.0167 -0.2983 +12.58 -1.000 +0.0656 -0.0000
36.820 fault +0.0000 +0.0000 +0.0167 -0.2983 +12.58 -1.000 +0.0656 -0.0000
36.840 fault +0.0000 +0.0000 +0.0167 -0.2983 +12.58 -1.000 +0.0656 -0.0000
36.860 fault +0.0000 +0.0000 +0.0167 -0.2983 +12.58 -1.000 +0.0656 -0.0000
36.880 fault +0.0000 +0.0000 +0.0167 -0.2983 +12.58 -1.000 +0.0656 -0.0000
36.900 fault +0.0000 +0.0000 +0.0167 -0.2983 +12.58 -1.000 +0.0656 -0.0000
36.920 fault +0.0000 +0.0000 +0.0167 -0.2983 +12.58 -1.000 +0.0656 -0.0000
36.940 fault +0.0000 +0.0000 +0.0167 -0.2983 +12.58 -1.000 +0.0656 -0.0000
36.960 fault +0.0000 +0.0000 +0.0167 -0.2983 +12.58 -1.000 +0.0656 -0.0000
36.980 fault +0.0000 +0.0000 +0.0167 -0.2983 +12.58 -1.000 +0.0656 -0.0000
refusals:
refused: fault — velocity dropped; send stand
refused: fault — velocity dropped; send stand
refused: fault — velocity dropped; send stand
refused: fault — velocity dropped; send stand
refused: fault — velocity dropped; send stand
refused: fault — velocity dropped; send stand
refused: fault — velocity dropped; send stand
refused: fault — velocity dropped; send stand
refused: fault — velocity dropped; send stand
refused: fault — velocity dropped; send stand
refused: fault — velocity dropped; send stand
refused: fault — velocity dropped; send stand
refused: fault — velocity dropped; send stand
refused: fault — velocity dropped; send stand
refused: fault — velocity dropped; send stand
refused: fault — velocity dropped; send stand
refused: fault — velocity dropped; send stand
refused: fault — velocity dropped; send stand
refused: fault — velocity dropped; send stand
refused: fault — velocity dropped; send stand
refused: fault — velocity dropped; send stand
refused: fault — velocity dropped; send stand
refused: fault — velocity dropped; send stand
refused: fault — velocity dropped; send stand
refused: fault — velocity dropped; send stand
refused: fault — velocity dropped; send stand
refused: fault — velocity dropped; send stand
refused: fault — velocity dropped; send stand
refused: fault — velocity dropped; send stand
refused: fault — velocity dropped; send stand
refused: fault — velocity dropped; send stand
refused: fault — velocity dropped; send stand
refused: fault — velocity dropped; send stand
refused: fault — velocity dropped; send stand
refused: fault — velocity dropped; send stand
refused: fault — velocity dropped; send stand
refused: fault — velocity dropped; send stand
refused: fault — velocity dropped; send stand
refused: fault — velocity dropped; send stand
refused: fault — velocity dropped; send stand
refused: fault — velocity dropped; send stand
refused: fault — velocity dropped; send stand
refused: fault — velocity dropped; send stand
refused: fault — velocity dropped; send stand
refused: fault — velocity dropped; send stand
refused: fault — velocity dropped; send stand
refused: fault — velocity dropped; send stand
refused: fault — velocity dropped; send stand
refused: fault — velocity dropped; send stand
refused: fault — velocity dropped; send stand
refused: fault — velocity dropped; send stand
refused: fault — velocity dropped; send stand
refused: fault — velocity dropped; send stand
refused: fault — velocity dropped; send stand
refused: fault — velocity dropped; send stand
refused: fault — velocity dropped; send stand
refused: fault — velocity dropped; send stand
refused: fault — velocity dropped; send stand
refused: fault — velocity dropped; send stand
refused: fault — velocity dropped; send stand
refused: fault — velocity dropped; send stand
refused: fault — velocity dropped; send stand
refused: fault — velocity dropped; send stand
refused: fault — velocity dropped; send stand
refused: fault — velocity dropped; send stand
refused: fault — velocity dropped; send stand
refused: fault — velocity dropped; send stand
refused: fault — velocity dropped; send stand
refused: fault — velocity dropped; send stand
refused: fault — velocity dropped; send stand
refused: fault — velocity dropped; send stand
refused: fault — velocity dropped; send stand
refused: fault — velocity dropped; send stand
refused: fault — velocity dropped; send stand
refused: fault — velocity dropped; send stand
refused: fault — velocity dropped; send stand
refused: fault — velocity dropped; send stand
refused: fault — velocity dropped; send stand
refused: fault — velocity dropped; send stand
refused: fault — velocity dropped; send stand
refused: fault — velocity dropped; send stand
refused: fault — velocity dropped; send stand
refused: fault — velocity dropped; send stand
refused: fault — velocity dropped; send stand
refused: fault — velocity dropped; send stand
refused: fault — velocity dropped; send stand
refused: fault — velocity dropped; send stand
refused: fault — velocity dropped; send stand
refused: fault — velocity dropped; send stand
refused: fault — velocity dropped; send stand
refused: fault — velocity dropped; send stand
refused: fault — velocity dropped; send stand
refused: fault — velocity dropped; send stand
refused: fault — velocity dropped; send stand
refused: fault — velocity dropped; send stand
refused: fault — velocity dropped; send stand
refused: fault — velocity dropped; send stand
refused: fault — velocity dropped; send stand
refused: fault — velocity dropped; send stand
refused: fault — velocity dropped; send stand
refused: fault — velocity dropped; send stand
refused: fault — velocity dropped; send stand
refused: fault — velocity dropped; send stand
refused: fault — velocity dropped; send stand
refused: fault — velocity dropped; send stand
refused: fault — velocity dropped; send stand
refused: fault — velocity dropped; send stand
refused: fault — velocity dropped; send stand
refused: fault — velocity dropped; send stand
refused: fault — velocity dropped; send stand
refused: fault — velocity dropped; send stand
refused: fault — velocity dropped; send stand
refused: fault — velocity dropped; send stand
refused: fault — velocity dropped; send stand
refused: fault — velocity dropped; send stand
refused: fault — velocity dropped; send stand
refused: fault — velocity dropped; send stand
refused: fault — velocity dropped; send stand
refused: fault — velocity dropped; send stand
refused: fault — velocity dropped; send stand
refused: fault — velocity dropped; send stand
refused: fault — velocity dropped; send stand
refused: fault — velocity dropped; send stand
refused: fault — velocity dropped; send stand
refused: fault — velocity dropped; send stand
refused: fault — velocity dropped; send stand
refused: fault — velocity dropped; send stand
refused: fault — velocity dropped; send stand
refused: fault — velocity dropped; send stand
refused: fault — velocity dropped; send stand
refused: fault — velocity dropped; send stand
refused: fault — velocity dropped; send stand
refused: fault — velocity dropped; send stand
refused: fault — velocity dropped; send stand
refused: fault — velocity dropped; send stand
refused: fault — velocity dropped; send stand
refused: fault — velocity dropped; send stand
refused: fault — velocity dropped; send stand
refused: fault — velocity dropped; send stand
refused: fault — velocity dropped; send stand
refused: fault — velocity dropped; send stand
refused: fault — velocity dropped; send stand
refused: fault — velocity dropped; send stand
refused: fault — velocity dropped; send stand
refused: fault — velocity dropped; send stand
refused: fault — velocity dropped; send stand
refused: fault — velocity dropped; send stand
refused: fault — velocity dropped; send stand
refused: fault — velocity dropped; send stand
refused: fault — velocity dropped; send stand
refused: fault — velocity dropped; send stand
refused: fault — velocity dropped; send stand
refused: fault — velocity dropped; send stand
refused: fault — velocity dropped; send stand
refused: fault — velocity dropped; send stand
refused: fault — velocity dropped; send stand
refused: fault — velocity dropped; send stand
refused: fault — velocity dropped; send stand
