Day-1 steer log
applied_vx is the clamped command, not odometry. Forward clamp is 0.056 m/s, lowered from 0.080 because 0.080 yaws off and tips near 1.2 m (support margin about −0.09 m). CPG amplitude is |applied_vx| / 0.080, so full forward stick is amplitude 0.70 and reverse -0.032 m/s stays amplitude 0.40 with stance damper 100 N/(m/s). Yaw cap is ±0.25 rad/s; hip-yaw clip 0.12 rad plus outside-step scale 0.20. Right-turn swing hip yaw keeps 0.60 of that clip so the foot does not land toed against the turn; stance hip yaw and the cold-start left turn are unchanged. After the gait has been walking for 12 s, a left yaw command drops the 0.06 rad bias and uses outside-step scale 0.24. Measured motion Δx=+0.598 m, mean body vx=+0.038 m/s (not the command). Straight-forward net yaw drift=-0.68 deg; yaw during that window -15.1 to +3.7 deg. Heading at the end of the clip is +52.85 deg from the start. Per-segment Δyaw is listed below; this clip has no single turn label. tip=False; CoP in box=True (outside 0.0000 m); peak leg torque=2.10 Nm (limit 2.1). Stance-slip damper is 25 N/(m/s) while walking forward, down from the CSF50 crawl's 115. After stop it is 100 N/(m/s) for 1.20 s (pose blend 0.70 s), then off. A reverse stop finishes at most one step first if that phase would pitch. Foot box, friction, kp, and ±2.1 Nm are unchanged. Multi-arc (claimed holds, no stop between arcs): forward Δx=+0.598 m (world +0.598,-0.066) Δyaw=-0.68 deg mean vx=+0.038 m/s mean yaw=-0.001 rad/s peak τ=2.10 Nm min up_z=0.968; arc-left Δx=+0.489 m (world +0.492,+0.162) Δyaw=+75.75 deg mean vx=+0.044 m/s mean yaw=+0.106 rad/s peak τ=2.10 Nm min up_z=0.966; mid Δx=+0.317 m (world +0.090,+0.304) Δyaw=-3.05 deg mean vx=+0.051 m/s mean yaw=-0.009 rad/s peak τ=2.10 Nm min up_z=0.954; arc-right Δx=+0.467 m (world +0.242,+0.413) Δyaw=-54.86 deg mean vx=+0.039 m/s mean yaw=-0.087 rad/s peak τ=2.10 Nm min up_z=0.963; resume Δx=+0.227 m (world +0.178,+0.192) Δyaw=+30.73 deg mean vx=+0.041 m/s mean yaw=+0.090 rad/s peak τ=2.10 Nm min up_z=0.970; stop Δx=-0.015 m (world -0.027,+0.004) Δyaw=+4.66 deg mean vx=-0.006 m/s mean yaw=+0.033 rad/s peak τ=1.41 Nm min up_z=0.987. Yaw holds stay at the claimed windows (left 12.5 s, then right 11.0 s). Prefer FAIL, not this clip: a second right hold of 11 s tips; a second left hold of 12.5 s does not yaw and then tips; right-then-left stays upright but the left hold does not yaw left. The 14 s left that starts at 15 s is not this path.
fault=False reason=-
t mode applied_vx applied_yaw_rate x y yaw_deg up_z margin body_vx
0.000 stand +0.0000 +0.0000 +0.0002 -0.0000 +0.00 1.000 +0.0641 +0.0146
0.020 stand +0.0000 +0.0000 +0.0006 +0.0000 +0.00 1.000 +0.0638 +0.0154
0.040 stand +0.0000 +0.0000 +0.0010 +0.0000 +0.00 1.000 +0.0635 +0.0147
0.060 stand +0.0000 +0.0000 +0.0013 +0.0000 +0.00 1.000 +0.0632 +0.0140
0.080 stand +0.0000 +0.0000 +0.0016 +0.0001 +0.00 1.000 +0.0629 +0.0124
0.100 stand +0.0000 +0.0000 +0.0019 +0.0001 +0.00 1.000 +0.0627 +0.0104
0.120 stand +0.0000 +0.0000 +0.0021 +0.0001 +0.00 1.000 +0.0625 +0.0080
0.140 stand +0.0000 +0.0000 +0.0023 +0.0002 -0.00 1.000 +0.0624 +0.0055
0.160 stand +0.0000 +0.0000 +0.0023 +0.0002 -0.00 1.000 +0.0623 +0.0030
0.180 stand +0.0000 +0.0000 +0.0024 +0.0003 -0.00 1.000 +0.0623 +0.0007
0.200 stand +0.0000 +0.0000 +0.0024 +0.0003 -0.00 1.000 +0.0623 -0.0011
0.220 stand +0.0000 +0.0000 +0.0023 +0.0004 -0.00 1.000 +0.0624 -0.0024
0.240 stand +0.0000 +0.0000 +0.0022 +0.0005 -0.00 1.000 +0.0624 -0.0032
0.260 stand +0.0000 +0.0000 +0.0022 +0.0005 -0.00 1.000 +0.0625 -0.0036
0.280 stand +0.0000 +0.0000 +0.0021 +0.0006 -0.00 1.000 +0.0626 -0.0035
0.300 stand +0.0000 +0.0000 +0.0020 +0.0007 -0.00 1.000 +0.0627 -0.0032
0.320 stand +0.0000 +0.0000 +0.0019 +0.0008 -0.00 1.000 +0.0627 -0.0026
0.340 stand +0.0000 +0.0000 +0.0019 +0.0009 -0.00 1.000 +0.0628 -0.0019
0.360 stand +0.0000 +0.0000 +0.0018 +0.0010 -0.00 1.000 +0.0628 -0.0012
0.380 stand +0.0000 +0.0000 +0.0018 +0.0012 -0.00 1.000 +0.0628 -0.0005
0.400 stand +0.0000 +0.0000 +0.0018 +0.0014 -0.00 1.000 +0.0628 +0.0001
0.420 stand +0.0000 +0.0000 +0.0018 +0.0015 -0.01 1.000 +0.0628 +0.0006
0.440 stand +0.0000 +0.0000 +0.0018 +0.0017 -0.01 1.000 +0.0628 +0.0009
0.460 stand +0.0000 +0.0000 +0.0019 +0.0020 -0.01 1.000 +0.0627 +0.0010
0.480 stand +0.0000 +0.0000 +0.0019 +0.0023 -0.01 1.000 +0.0627 +0.0011
0.500 stand +0.0000 +0.0000 +0.0019 +0.0026 -0.01 1.000 +0.0627 +0.0010
0.520 stand +0.0000 +0.0000 +0.0019 +0.0029 -0.01 1.000 +0.0627 +0.0009
0.540 stand +0.0000 +0.0000 +0.0020 +0.0033 -0.01 1.000 +0.0627 +0.0007
0.560 stand +0.0000 +0.0000 +0.0020 +0.0037 -0.01 1.000 +0.0627 +0.0004
0.580 stand +0.0000 +0.0000 +0.0020 +0.0042 -0.02 1.000 +0.0627 +0.0002
0.600 stand +0.0000 +0.0000 +0.0020 +0.0048 -0.02 1.000 +0.0627 +0.0000
0.620 stand +0.0000 +0.0000 +0.0020 +0.0054 -0.02 1.000 +0.0627 -0.0001
0.640 stand +0.0000 +0.0000 +0.0020 +0.0061 -0.02 1.000 +0.0627 -0.0002
0.660 stand +0.0000 +0.0000 +0.0020 +0.0069 -0.03 1.000 +0.0627 -0.0003
0.680 stand +0.0000 +0.0000 +0.0020 +0.0078 -0.03 0.999 +0.0627 -0.0003
0.700 stand +0.0000 +0.0000 +0.0020 +0.0088 -0.03 0.999 +0.0627 -0.0003
0.720 stand +0.0000 +0.0000 +0.0019 +0.0100 -0.04 0.999 +0.0627 -0.0003
0.740 stand +0.0000 +0.0000 +0.0019 +0.0112 -0.04 0.999 +0.0627 -0.0013
0.760 stand +0.0000 +0.0000 +0.0019 +0.0124 -0.05 0.999 +0.0627 -0.0015
0.780 stand +0.0000 +0.0000 +0.0019 +0.0135 -0.05 0.998 +0.0628 -0.0018
0.800 stand +0.0000 +0.0000 +0.0018 +0.0143 -0.06 0.998 +0.0628 -0.0020
0.820 stand +0.0000 +0.0000 +0.0018 +0.0150 -0.06 0.998 +0.0628 -0.0020
0.840 stand +0.0000 +0.0000 +0.0017 +0.0153 -0.06 0.998 +0.0629 -0.0018
0.860 stand +0.0000 +0.0000 +0.0017 +0.0155 -0.06 0.998 +0.0629 -0.0015
0.880 stand +0.0000 +0.0000 +0.0017 +0.0154 -0.06 0.998 +0.0629 -0.0011
0.900 stand +0.0000 +0.0000 +0.0016 +0.0152 -0.06 0.998 +0.0629 -0.0006
0.920 stand +0.0000 +0.0000 +0.0016 +0.0148 -0.06 0.998 +0.0630 -0.0002
0.940 stand +0.0000 +0.0000 +0.0016 +0.0144 -0.05 0.998 +0.0629 +0.0003
0.960 stand +0.0000 +0.0000 +0.0016 +0.0139 -0.05 0.998 +0.0629 +0.0007
0.980 stand +0.0000 +0.0000 +0.0017 +0.0134 -0.05 0.998 +0.0629 +0.0011
1.000 move +0.0016 +0.0000 +0.0017 +0.0130 -0.04 0.998 +0.0629 +0.0013
1.020 move +0.0032 +0.0000 +0.0017 +0.0127 +0.00 0.998 +0.0629 +0.0005
1.040 move +0.0048 +0.0000 +0.0018 +0.0123 +0.09 0.999 +0.0628 +0.0034
1.060 move +0.0064 +0.0000 +0.0019 +0.0119 +0.18 0.999 +0.0628 +0.0075
1.080 move +0.0080 +0.0000 +0.0020 +0.0114 +0.26 0.999 +0.0628 +0.0122
1.100 move +0.0096 +0.0000 +0.0023 +0.0107 +0.32 0.998 +0.0626 +0.0179
1.120 move +0.0112 +0.0000 +0.0028 +0.0098 +0.36 0.998 +0.0624 +0.0250
1.140 move +0.0128 +0.0000 +0.0034 +0.0088 +0.39 0.998 +0.0621 +0.0341
1.160 move +0.0144 +0.0000 +0.0043 +0.0076 +0.39 0.998 +0.0617 +0.0644
1.180 move +0.0160 +0.0000 +0.0058 +0.0064 +0.43 0.998 +0.0609 +0.0865
1.200 move +0.0176 +0.0000 +0.0079 +0.0052 +0.50 0.999 +0.0598 +0.1206
1.220 move +0.0192 +0.0000 +0.0106 +0.0039 +0.53 0.999 +0.0578 +0.1242
1.240 move +0.0208 +0.0000 +0.0135 +0.0028 +0.49 0.999 +0.0554 +0.1198
1.260 move +0.0224 +0.0000 +0.0163 +0.0017 +0.30 0.999 +0.0528 +0.1040
1.280 move +0.0240 +0.0000 +0.0188 +0.0007 -0.04 0.998 +0.0502 +0.0926
1.300 move +0.0256 +0.0000 +0.0212 -0.0000 -0.26 0.998 +0.0484 +0.1015
1.320 move +0.0272 +0.0000 +0.0226 -0.0006 -0.44 0.997 +0.0497 +0.0236
1.340 move +0.0288 +0.0000 +0.0230 -0.0008 -0.64 0.996 -0.0002 -0.0112
1.360 move +0.0304 +0.0000 +0.0228 -0.0006 -0.79 0.996 -0.0001 -0.0272
1.380 move +0.0320 +0.0000 +0.0219 -0.0002 -0.92 0.996 -0.0000 -0.0454
1.400 move +0.0336 +0.0000 +0.0204 +0.0003 -1.04 0.996 -0.0002 -0.0670
1.420 move +0.0352 +0.0000 +0.0183 +0.0011 -1.14 0.997 -0.0005 -0.0915
1.440 move +0.0368 +0.0000 +0.0156 +0.0021 -1.16 0.997 -0.0011 -0.0927
1.460 move +0.0384 +0.0000 +0.0136 +0.0032 -1.05 0.998 +0.0590 -0.0291
1.480 move +0.0400 +0.0000 +0.0134 +0.0047 -0.88 0.998 +0.0589 +0.0251
1.500 move +0.0416 +0.0000 +0.0147 +0.0062 -0.66 0.999 +0.0576 +0.0799
1.520 move +0.0432 +0.0000 +0.0169 +0.0076 -0.60 0.999 -0.0058 +0.1183
1.540 move +0.0448 +0.0000 +0.0197 +0.0089 -0.44 1.000 +0.0534 +0.1383
1.560 move +0.0464 +0.0000 +0.0229 +0.0101 -0.14 1.000 +0.0533 +0.1541
1.580 move +0.0480 +0.0000 +0.0254 +0.0109 +0.01 0.999 +0.0568 +0.0463
1.600 move +0.0496 +0.0000 +0.0260 +0.0106 +0.15 0.998 +0.0575 -0.0324
1.620 move +0.0512 +0.0000 +0.0256 +0.0092 +0.30 0.996 +0.0076 -0.0691
1.640 move +0.0528 +0.0000 +0.0248 +0.0074 +0.38 0.995 +0.0066 -0.0532
1.660 move +0.0544 +0.0000 +0.0237 +0.0052 +0.35 0.993 +0.0052 -0.0542
1.680 move +0.0560 +0.0000 +0.0221 +0.0026 +0.25 0.993 +0.0035 -0.0664
1.700 move +0.0560 +0.0000 +0.0198 -0.0003 +0.17 0.993 +0.0013 -0.0859
1.720 move +0.0560 +0.0000 +0.0179 -0.0038 -0.07 0.994 -0.0016 -0.0229
1.740 move +0.0560 +0.0000 +0.0168 -0.0079 -0.44 0.996 -0.0051 -0.0030
1.760 move +0.0560 +0.0000 +0.0164 -0.0121 -0.89 0.997 -0.0087 +0.0367
1.780 move +0.0560 +0.0000 +0.0172 -0.0161 -1.09 0.998 +0.0615 +0.0635
1.800 move +0.0560 +0.0000 +0.0189 -0.0197 -1.33 0.999 -0.0148 +0.1115
1.820 move +0.0560 +0.0000 +0.0218 -0.0235 -1.84 0.999 -0.0179 +0.1665
1.840 move +0.0560 +0.0000 +0.0254 -0.0270 -2.49 0.998 -0.0206 +0.1627
1.860 move +0.0560 +0.0000 +0.0274 -0.0291 -2.84 0.997 +0.0643 +0.0160
1.880 move +0.0560 +0.0000 +0.0280 -0.0294 -2.88 0.995 +0.0221 -0.0267
1.900 move +0.0560 +0.0000 +0.0280 -0.0286 -3.04 0.991 +0.0221 -0.0407
1.920 move +0.0560 +0.0000 +0.0276 -0.0271 -3.12 0.987 +0.0214 -0.0402
1.940 move +0.0560 +0.0000 +0.0268 -0.0251 -3.04 0.984 +0.0201 -0.0470
1.960 move +0.0560 +0.0000 +0.0257 -0.0224 -2.85 0.982 +0.0180 -0.0288
1.980 move +0.0560 +0.0000 +0.0250 -0.0187 -2.67 0.982 +0.0151 -0.0034
2.000 move +0.0560 +0.0000 +0.0251 -0.0143 -2.46 0.983 +0.0114 +0.0464
2.020 move +0.0560 +0.0000 +0.0257 -0.0092 -2.05 0.985 +0.0071 +0.0543
2.040 move +0.0560 +0.0000 +0.0269 -0.0033 -1.38 0.989 +0.0023 +0.0829
2.060 move +0.0560 +0.0000 +0.0289 +0.0031 -0.69 0.992 +0.0654 +0.1063
2.080 move +0.0560 +0.0000 +0.0318 +0.0091 -0.07 0.996 +0.0617 +0.1309
2.100 move +0.0560 +0.0000 +0.0351 +0.0149 +0.53 0.998 -0.0114 +0.1451
2.120 move +0.0560 +0.0000 +0.0387 +0.0203 +1.42 0.999 +0.0636 +0.1245
2.140 move +0.0560 +0.0000 +0.0401 +0.0240 +1.64 0.999 +0.0646 -0.0027
2.160 move +0.0560 +0.0000 +0.0402 +0.0257 +1.65 0.996 +0.0198 -0.0544
2.180 move +0.0560 +0.0000 +0.0398 +0.0264 +1.76 0.991 +0.0210 -0.0598
2.200 move +0.0560 +0.0000 +0.0390 +0.0264 +1.77 0.986 +0.0216 -0.0564
2.220 move +0.0560 +0.0000 +0.0376 +0.0260 +1.68 0.982 +0.0216 -0.0650
2.240 move +0.0560 +0.0000 +0.0362 +0.0249 +1.44 0.978 +0.0208 -0.0373
2.260 move +0.0560 +0.0000 +0.0354 +0.0228 +1.24 0.977 +0.0191 +0.0041
2.280 move +0.0560 +0.0000 +0.0350 +0.0200 +0.97 0.977 +0.0165 +0.0229
2.300 move +0.0560 +0.0000 +0.0353 +0.0165 +0.51 0.979 +0.0135 +0.0571
2.320 move +0.0560 +0.0000 +0.0365 +0.0124 +0.04 0.982 +0.0102 +0.0971
2.340 move +0.0560 +0.0000 +0.0384 +0.0077 -0.45 0.986 +0.0652 +0.0968
2.360 move +0.0560 +0.0000 +0.0403 +0.0027 -1.58 0.991 +0.0635 +0.0631
2.380 move +0.0560 +0.0000 +0.0420 -0.0026 -3.53 0.995 +0.0652 +0.0776
2.400 move +0.0560 +0.0000 +0.0439 -0.0070 -5.35 0.997 +0.0657 +0.0573
2.420 move +0.0560 +0.0000 +0.0446 -0.0101 -6.03 0.999 +0.0663 +0.0051
2.440 move +0.0560 +0.0000 +0.0446 -0.0117 -5.94 1.000 +0.0669 -0.0279
2.460 move +0.0560 +0.0000 +0.0443 -0.0122 -6.00 0.999 +0.0042 -0.0466
2.480 move +0.0560 +0.0000 +0.0436 -0.0121 -6.01 0.997 +0.0048 -0.0456
2.500 move +0.0560 +0.0000 +0.0423 -0.0117 -5.99 0.994 +0.0051 -0.0642
2.520 move +0.0560 +0.0000 +0.0408 -0.0105 -5.80 0.993 +0.0045 -0.0397
2.540 move +0.0560 +0.0000 +0.0401 -0.0083 -5.52 0.992 +0.0029 +0.0144
2.560 move +0.0560 +0.0000 +0.0401 -0.0055 -5.15 0.991 +0.0004 +0.0294
2.580 move +0.0560 +0.0000 +0.0410 -0.0022 -4.62 0.992 +0.0688 +0.0768
2.600 move +0.0560 +0.0000 +0.0431 +0.0011 -4.32 0.994 +0.0670 +0.1080
2.620 move +0.0560 +0.0000 +0.0459 +0.0043 -3.93 0.996 -0.0075 +0.1397
2.640 move +0.0560 +0.0000 +0.0497 +0.0073 -3.34 0.997 -0.0098 +0.1858
2.660 move +0.0560 +0.0000 +0.0543 +0.0100 -2.63 0.999 -0.0121 +0.1954
2.680 move +0.0560 +0.0000 +0.0587 +0.0121 -1.91 0.999 +0.0710 +0.1285
2.700 move +0.0560 +0.0000 +0.0610 +0.0128 -1.77 0.999 +0.0708 +0.0395
2.720 move +0.0560 +0.0000 +0.0623 +0.0119 -1.85 0.997 +0.0135 +0.0128
2.740 move +0.0560 +0.0000 +0.0631 +0.0102 -1.85 0.994 +0.0129 +0.0189
2.760 move +0.0560 +0.0000 +0.0635 +0.0080 -2.10 0.992 +0.0113 +0.0113
2.780 move +0.0560 +0.0000 +0.0632 +0.0053 -2.38 0.990 +0.0092 +0.0008
2.800 move +0.0560 +0.0000 +0.0628 +0.0015 -2.62 0.990 +0.0062 +0.0231
2.820 move +0.0560 +0.0000 +0.0630 -0.0032 -2.81 0.991 +0.0023 +0.0712
2.840 move +0.0560 +0.0000 +0.0638 -0.0085 -3.10 0.994 -0.0023 +0.0858
2.860 move +0.0560 +0.0000 +0.0652 -0.0141 -3.51 0.996 -0.0069 +0.1266
2.880 move +0.0560 +0.0000 +0.0676 -0.0194 -3.64 0.998 +0.0605 +0.1395
2.900 move +0.0560 +0.0000 +0.0705 -0.0243 -3.57 0.999 +0.0576 +0.1497
2.920 move +0.0560 +0.0000 +0.0741 -0.0292 -3.63 0.999 -0.0197 +0.1993
2.940 move +0.0560 +0.0000 +0.0781 -0.0339 -3.85 0.998 +0.0598 +0.1511
2.960 move +0.0560 +0.0000 +0.0795 -0.0367 -4.31 0.996 +0.0607 -0.0104
2.980 move +0.0560 +0.0000 +0.0796 -0.0376 -4.63 0.992 +0.0265 -0.0704
3.000 move +0.0560 +0.0000 +0.0791 -0.0376 -4.88 0.986 +0.0272 -0.0655
3.020 move +0.0560 +0.0000 +0.0784 -0.0371 -4.87 0.980 +0.0272 -0.0543
3.040 move +0.0560 +0.0000 +0.0774 -0.0361 -4.72 0.976 +0.0266 -0.0550
3.060 move +0.0560 +0.0000 +0.0758 -0.0347 -4.48 0.972 +0.0255 -0.0601
3.080 move +0.0560 +0.0000 +0.0745 -0.0325 -4.26 0.971 +0.0238 -0.0272
3.100 move +0.0560 +0.0000 +0.0740 -0.0296 -4.11 0.972 +0.0213 +0.0232
3.120 move +0.0560 +0.0000 +0.0740 -0.0260 -3.87 0.974 +0.0182 +0.0313
3.140 move +0.0560 +0.0000 +0.0745 -0.0219 -3.40 0.978 +0.0147 +0.0604
3.160 move +0.0560 +0.0000 +0.0761 -0.0172 -2.94 0.982 +0.0110 +0.1007
3.180 move +0.0560 +0.0000 +0.0784 -0.0122 -2.39 0.987 +0.0644 +0.0888
3.200 move +0.0560 +0.0000 +0.0806 -0.0067 -1.11 0.992 +0.0671 +0.0537
3.220 move +0.0560 +0.0000 +0.0828 -0.0014 +0.56 0.996 +0.0676 +0.0927
3.240 move +0.0560 +0.0000 +0.0843 +0.0025 +1.84 0.999 +0.0677 +0.0225
3.260 move +0.0560 +0.0000 +0.0849 +0.0050 +2.16 1.000 +0.0682 -0.0121
3.280 move +0.0560 +0.0000 +0.0849 +0.0062 +2.03 0.999 +0.0042 -0.0263
3.300 move +0.0560 +0.0000 +0.0846 +0.0068 +2.00 0.997 +0.0052 -0.0290
3.320 move +0.0560 +0.0000 +0.0836 +0.0070 +1.96 0.995 +0.0059 -0.0474
3.340 move +0.0560 +0.0000 +0.0823 +0.0064 +1.77 0.992 +0.0058 -0.0299
3.360 move +0.0560 +0.0000 +0.0816 +0.0048 +1.51 0.991 +0.0046 +0.0121
3.380 move +0.0560 +0.0000 +0.0815 +0.0025 +1.20 0.990 +0.0026 +0.0340
3.400 move +0.0560 +0.0000 +0.0823 -0.0005 +0.75 0.991 +0.0000 +0.0820
3.420 move +0.0560 +0.0000 +0.0842 -0.0037 +0.37 0.992 +0.0676 +0.1121
3.440 move +0.0560 +0.0000 +0.0871 -0.0067 -0.01 0.995 -0.0048 +0.1580
3.460 move +0.0560 +0.0000 +0.0910 -0.0097 -0.46 0.997 +0.0617 +0.1944
3.480 move +0.0560 +0.0000 +0.0955 -0.0126 -0.86 0.998 -0.0092 +0.2117
3.500 move +0.0560 +0.0000 +0.1003 -0.0152 -1.53 1.000 +0.0674 +0.1640
3.520 move +0.0560 +0.0000 +0.1030 -0.0164 -1.76 1.000 +0.0675 +0.0507
3.540 move +0.0560 +0.0000 +0.1044 -0.0159 -1.74 0.998 +0.0115 +0.0035
3.560 move +0.0560 +0.0000 +0.1054 -0.0147 -1.75 0.995 +0.0111 +0.0147
3.580 move +0.0560 +0.0000 +0.1060 -0.0130 -1.56 0.992 +0.0101 +0.0103
3.600 move +0.0560 +0.0000 +0.1060 -0.0107 -1.33 0.991 +0.0085 +0.0006
3.620 move +0.0560 +0.0000 +0.1055 -0.0078 -1.08 0.990 +0.0063 +0.0018
3.640 move +0.0560 +0.0000 +0.1055 -0.0038 -0.87 0.991 +0.0030 +0.0509
3.660 move +0.0560 +0.0000 +0.1061 +0.0009 -0.62 0.993 -0.0011 +0.0606
3.680 move +0.0560 +0.0000 +0.1073 +0.0059 -0.27 0.995 -0.0054 +0.1039
3.700 move +0.0560 +0.0000 +0.1095 +0.0108 -0.06 0.997 +0.0597 +0.1293
3.720 move +0.0560 +0.0000 +0.1123 +0.0152 -0.16 0.999 +0.0572 +0.1306
3.740 move +0.0560 +0.0000 +0.1154 +0.0196 -0.19 1.000 -0.0175 +0.1452
3.760 move +0.0560 +0.0000 +0.1193 +0.0236 +0.02 0.999 -0.0214 +0.1875
3.780 move +0.0560 +0.0000 +0.1216 +0.0266 +0.51 0.997 +0.0622 +0.0154
3.800 move +0.0560 +0.0000 +0.1218 +0.0277 +0.79 0.994 +0.0242 -0.0696
3.820 move +0.0560 +0.0000 +0.1212 +0.0276 +1.02 0.989 +0.0248 -0.0695
3.840 move +0.0560 +0.0000 +0.1203 +0.0269 +1.02 0.984 +0.0247 -0.0647
3.860 move +0.0560 +0.0000 +0.1190 +0.0258 +0.83 0.980 +0.0240 -0.0660
3.880 move +0.0560 +0.0000 +0.1171 +0.0242 +0.59 0.977 +0.0228 -0.0667
3.900 move +0.0560 +0.0000 +0.1156 +0.0217 +0.36 0.976 +0.0208 -0.0358
3.920 move +0.0560 +0.0000 +0.1147 +0.0184 +0.21 0.977 +0.0180 +0.0173
3.940 move +0.0560 +0.0000 +0.1144 +0.0144 -0.07 0.979 +0.0144 +0.0261
3.960 move +0.0560 +0.0000 +0.1146 +0.0097 -0.62 0.982 +0.0106 +0.0561
3.980 move +0.0560 +0.0000 +0.1157 +0.0043 -1.25 0.985 +0.0064 +0.0962
4.000 move +0.0560 +0.0000 +0.1175 -0.0015 -2.03 0.990 +0.0633 +0.0786
4.020 move +0.0560 +0.0000 +0.1193 -0.0075 -3.50 0.995 +0.0646 +0.0794
4.040 move +0.0560 +0.0000 +0.1216 -0.0129 -4.89 0.998 +0.0658 +0.1128
4.060 move +0.0560 +0.0000 +0.1230 -0.0173 -5.91 1.000 +0.0664 +0.0281
4.080 move +0.0560 +0.0000 +0.1232 -0.0199 -5.92 1.000 +0.0668 -0.0206
4.100 move +0.0560 +0.0000 +0.1230 -0.0210 -5.90 0.998 +0.0097 -0.0534
4.120 move +0.0560 +0.0000 +0.1223 -0.0213 -5.93 0.995 +0.0107 -0.0507
4.140 move +0.0560 +0.0000 +0.1212 -0.0211 -5.90 0.992 +0.0112 -0.0593
4.160 move +0.0560 +0.0000 +0.1197 -0.0201 -5.62 0.989 +0.0106 -0.0538
4.180 move +0.0560 +0.0000 +0.1187 -0.0179 -5.33 0.988 +0.0090 -0.0223
4.200 move +0.0560 +0.0000 +0.1184 -0.0147 -5.05 0.988 +0.0062 +0.0274
4.220 move +0.0560 +0.0000 +0.1188 -0.0108 -4.62 0.989 +0.0027 +0.0423
4.240 move +0.0560 +0.0000 +0.1200 -0.0063 -4.04 0.991 -0.0011 +0.0877
4.260 move +0.0560 +0.0000 +0.1223 -0.0018 -3.66 0.994 +0.0661 +0.1045
4.280 move +0.0560 +0.0000 +0.1250 +0.0022 -3.29 0.996 -0.0079 +0.1291
4.300 move +0.0560 +0.0000 +0.1289 +0.0061 -2.74 0.998 -0.0111 +0.1859
4.320 move +0.0560 +0.0000 +0.1337 +0.0097 -1.84 0.999 +0.0699 +0.1981
4.340 move +0.0560 +0.0000 +0.1366 +0.0123 -1.42 0.999 +0.0707 +0.0520
4.360 move +0.0560 +0.0000 +0.1381 +0.0131 -1.39 0.997 +0.0166 +0.0132
4.380 move +0.0560 +0.0000 +0.1390 +0.0129 -1.36 0.994 +0.0169 +0.0094
4.400 move +0.0560 +0.0000 +0.1394 +0.0120 -1.40 0.990 +0.0167 +0.0028
4.420 move +0.0560 +0.0000 +0.1391 +0.0104 -1.61 0.987 +0.0156 -0.0027
4.440 move +0.0560 +0.0000 +0.1389 +0.0079 -1.82 0.986 +0.0137 +0.0178
4.460 move +0.0560 +0.0000 +0.1390 +0.0044 -2.00 0.985 +0.0108 +0.0523
4.480 move +0.0560 +0.0000 +0.1395 +0.0002 -2.31 0.987 +0.0072 +0.0662
4.500 move +0.0560 +0.0000 +0.1406 -0.0049 -2.80 0.989 +0.0030 +0.0993
4.520 move +0.0560 +0.0000 +0.1424 -0.0106 -3.23 0.992 +0.0644 +0.1298
4.540 move +0.0560 +0.0000 +0.1451 -0.0162 -3.58 0.996 +0.0609 +0.1442
4.560 move +0.0560 +0.0000 +0.1480 -0.0215 -4.09 0.998 -0.0095 +0.1457
4.580 move +0.0560 +0.0000 +0.1517 -0.0267 -4.62 1.000 -0.0138 +0.2133
4.600 move +0.0560 +0.0000 +0.1549 -0.0315 -5.00 0.999 +0.0628 +0.0695
4.620 move +0.0560 +0.0000 +0.1557 -0.0340 -5.25 0.997 +0.0191 -0.0249
4.640 move +0.0560 +0.0000 +0.1557 -0.0350 -5.38 0.993 +0.0206 -0.0545
4.660 move +0.0560 +0.0000 +0.1553 -0.0352 -5.41 0.988 +0.0214 -0.0472
4.680 move +0.0560 +0.0000 +0.1546 -0.0348 -5.17 0.984 +0.0213 -0.0466
4.700 move +0.0560 +0.0000 +0.1533 -0.0339 -4.84 0.980 +0.0207 -0.0575
4.720 move +0.0560 +0.0000 +0.1521 -0.0321 -4.55 0.978 +0.0193 -0.0306
4.740 move +0.0560 +0.0000 +0.1515 -0.0295 -4.39 0.979 +0.0171 +0.0156
4.760 move +0.0560 +0.0000 +0.1513 -0.0261 -4.15 0.980 +0.0141 +0.0210
4.780 move +0.0560 +0.0000 +0.1517 -0.0221 -3.69 0.982 +0.0107 +0.0520
4.800 move +0.0560 +0.0000 +0.1530 -0.0175 -3.22 0.986 +0.0069 +0.0936
4.820 move +0.0560 +0.0000 +0.1551 -0.0125 -2.74 0.990 +0.0631 +0.0794
4.840 move +0.0560 +0.0000 +0.1571 -0.0072 -1.47 0.994 +0.0623 +0.0659
4.860 move +0.0560 +0.0000 +0.1596 -0.0023 -0.09 0.997 +0.0639 +0.1015
4.880 move +0.0560 +0.0000 +0.1614 +0.0017 +1.25 0.999 +0.0648 +0.0276
4.900 move +0.0560 +0.0000 +0.1617 +0.0041 +1.57 1.000 +0.0656 -0.0269
4.920 move +0.0560 +0.0000 +0.1613 +0.0049 +1.47 0.999 +0.0076 -0.0569
4.940 move +0.0560 +0.0000 +0.1603 +0.0050 +1.49 0.997 +0.0083 -0.0747
4.960 move +0.0560 +0.0000 +0.1588 +0.0048 +1.44 0.994 +0.0086 -0.0822
4.980 move +0.0560 +0.0000 +0.1568 +0.0039 +1.19 0.992 +0.0083 -0.0935
5.000 move +0.0560 +0.0000 +0.1548 +0.0021 +0.89 0.990 +0.0069 -0.0504
5.020 move +0.0560 +0.0000 +0.1538 -0.0008 +0.61 0.990 +0.0045 +0.0064
5.040 move +0.0560 +0.0000 +0.1534 -0.0045 +0.26 0.990 +0.0013 +0.0266
5.060 move +0.0560 +0.0000 +0.1539 -0.0087 -0.30 0.991 +0.0695 +0.0725
5.080 move +0.0560 +0.0000 +0.1557 -0.0129 -0.61 0.993 +0.0677 +0.0990
5.100 move +0.0560 +0.0000 +0.1580 -0.0170 -1.04 0.996 -0.0083 +0.1349
5.120 move +0.0560 +0.0000 +0.1614 -0.0210 -1.61 0.997 -0.0114 +0.1808
5.140 move +0.0560 +0.0000 +0.1656 -0.0248 -2.51 0.998 -0.0139 +0.1840
5.160 move +0.0560 +0.0000 +0.1692 -0.0278 -3.25 0.999 +0.0708 +0.0966
5.180 move +0.0560 +0.0000 +0.1712 -0.0290 -3.31 0.998 +0.0696 +0.0378
5.200 move +0.0560 +0.0000 +0.1726 -0.0287 -3.27 0.995 +0.0166 +0.0231
5.220 move +0.0560 +0.0000 +0.1736 -0.0276 -3.35 0.992 +0.0162 +0.0242
5.240 move +0.0560 +0.0000 +0.1741 -0.0257 -3.19 0.989 +0.0149 +0.0155
5.260 move +0.0560 +0.0000 +0.1744 -0.0229 -3.03 0.987 +0.0128 +0.0305
5.280 move +0.0560 +0.0000 +0.1750 -0.0192 -2.87 0.987 +0.0099 +0.0478
5.300 move +0.0560 +0.0000 +0.1762 -0.0148 -2.65 0.988 +0.0061 +0.0905
5.320 move +0.0560 +0.0000 +0.1778 -0.0096 -2.27 0.990 +0.0015 +0.0954
5.340 move +0.0560 +0.0000 +0.1800 -0.0037 -1.71 0.993 -0.0035 +0.1388
5.360 move +0.0560 +0.0000 +0.1834 +0.0021 -1.35 0.996 +0.0613 +0.1617
5.380 move +0.0560 +0.0000 +0.1873 +0.0073 -1.32 0.999 +0.0577 +0.1655
5.400 move +0.0560 +0.0000 +0.1915 +0.0125 -1.16 1.000 -0.0175 +0.2043
5.420 move +0.0560 +0.0000 +0.1957 +0.0175 -0.86 0.999 +0.0606 +0.1109
5.440 move +0.0560 +0.0000 +0.1972 +0.0205 -0.58 0.996 +0.0236 -0.0145
5.460 move +0.0560 +0.0000 +0.1975 +0.0219 -0.36 0.991 +0.0254 -0.0535
5.480 move +0.0560 +0.0000 +0.1973 +0.0225 -0.33 0.985 +0.0264 -0.0495
5.500 move +0.0560 +0.0000 +0.1967 +0.0225 -0.47 0.979 +0.0267 -0.0464
5.520 move +0.0560 +0.0000 +0.1956 +0.0222 -0.69 0.975 +0.0265 -0.0507
5.540 move +0.0560 +0.0000 +0.1941 +0.0213 -0.98 0.971 +0.0257 -0.0391
5.560 move +0.0560 +0.0000 +0.1931 +0.0196 -1.16 0.970 +0.0242 +0.0030
5.580 move +0.0560 +0.0000 +0.1926 +0.0172 -1.38 0.971 +0.0219 +0.0198
5.600 move +0.0560 +0.0000 +0.1926 +0.0142 -1.70 0.973 +0.0193 +0.0554
5.620 move +0.0560 +0.0000 +0.1935 +0.0105 -2.01 0.977 +0.0163 +0.0943
5.640 move +0.0560 +0.0000 +0.1952 +0.0063 -2.30 0.981 +0.0129 +0.1264
5.660 move +0.0560 +0.0000 +0.1972 +0.0017 -2.70 0.986 +0.0648 +0.0833
5.680 move +0.0560 +0.0000 +0.1989 -0.0033 -4.10 0.992 +0.0666 +0.0480
5.700 move +0.0560 +0.0000 +0.2004 -0.0082 -5.96 0.995 +0.0664 +0.0648
5.720 move +0.0560 +0.0000 +0.2013 -0.0117 -7.27 0.998 +0.0663 +0.0145
5.740 move +0.0560 +0.0000 +0.2016 -0.0138 -7.65 0.999 +0.0667 -0.0148
5.760 move +0.0560 +0.0000 +0.2015 -0.0148 -7.61 0.999 -0.0003 -0.0191
5.780 move +0.0560 +0.0000 +0.2010 -0.0153 -7.62 0.998 +0.0007 -0.0301
5.800 move +0.0560 +0.0000 +0.1998 -0.0155 -7.60 0.996 +0.0015 -0.0410
5.820 move +0.0560 +0.0000 +0.1988 -0.0151 -7.43 0.995 +0.0017 -0.0160
5.840 move +0.0560 +0.0000 +0.1984 -0.0141 -7.17 0.993 +0.0010 +0.0322
5.860 move +0.0560 +0.0000 +0.1988 -0.0125 -6.82 0.992 -0.0004 +0.0457
5.880 move +0.0560 +0.0000 +0.2000 -0.0104 -6.32 0.992 +0.0689 +0.0927
5.900 move +0.0560 +0.0000 +0.2024 -0.0083 -6.05 0.993 +0.0670 +0.1237
5.920 move +0.0560 +0.0000 +0.2057 -0.0061 -5.73 0.995 -0.0058 +0.1658
5.940 move +0.0560 +0.0000 +0.2100 -0.0042 -5.29 0.997 -0.0074 +0.2044
5.960 move +0.0560 +0.0000 +0.2150 -0.0026 -4.79 0.999 -0.0093 +0.2196
5.980 move +0.0560 +0.0000 +0.2196 -0.0015 -4.16 1.000 +0.0691 +0.1345
6.000 move +0.0560 +0.0000 +0.2220 -0.0016 -4.12 1.000 +0.0686 +0.0455
6.020 move +0.0560 +0.0000 +0.2234 -0.0030 -4.16 0.998 +0.0092 +0.0134
6.040 move +0.0560 +0.0000 +0.2243 -0.0048 -4.19 0.996 +0.0083 +0.0250
6.060 move +0.0560 +0.0000 +0.2247 -0.0071 -4.36 0.994 +0.0069 +0.0183
6.080 move +0.0560 +0.0000 +0.2244 -0.0096 -4.50 0.992 +0.0052 +0.0016
6.100 move +0.0560 +0.0000 +0.2236 -0.0126 -4.67 0.992 +0.0029 +0.0034
6.120 move +0.0560 +0.0000 +0.2233 -0.0164 -4.90 0.993 -0.0003 +0.0558
6.140 move +0.0560 +0.0000 +0.2235 -0.0207 -5.17 0.995 -0.0040 +0.0686
6.160 move +0.0560 +0.0000 +0.2244 -0.0251 -5.54 0.997 -0.0077 +0.1076
6.180 move +0.0560 +0.0000 +0.2263 -0.0295 -5.63 0.998 +0.0598 +0.1238
6.200 move +0.0560 +0.0000 +0.2288 -0.0335 -5.58 0.999 +0.0573 +0.1327
6.220 move +0.0560 +0.0000 +0.2319 -0.0375 -5.75 1.000 -0.0179 +0.1878
6.240 move +0.0560 +0.0000 +0.2355 -0.0414 -6.07 0.999 +0.0592 +0.1537
6.260 move +0.0560 +0.0000 +0.2369 -0.0437 -6.59 0.997 +0.0607 -0.0075
6.280 move +0.0560 +0.0000 +0.2369 -0.0440 -6.86 0.994 +0.0226 -0.0723
6.300 move +0.0560 +0.0000 +0.2365 -0.0435 -7.04 0.989 +0.0227 -0.0703
6.320 move +0.0560 +0.0000 +0.2358 -0.0423 -6.92 0.985 +0.0222 -0.0588
6.340 move +0.0560 +0.0000 +0.2348 -0.0407 -6.63 0.981 +0.0211 -0.0572
6.360 move +0.0560 +0.0000 +0.2333 -0.0385 -6.29 0.979 +0.0194 -0.0700
6.380 move +0.0560 +0.0000 +0.2320 -0.0355 -5.98 0.979 +0.0171 -0.0352
6.400 move +0.0560 +0.0000 +0.2314 -0.0316 -5.75 0.981 +0.0138 +0.0169
6.420 move +0.0560 +0.0000 +0.2315 -0.0269 -5.44 0.984 +0.0098 +0.0260
6.440 move +0.0560 +0.0000 +0.2322 -0.0216 -4.91 0.987 +0.0053 +0.0550
6.460 move +0.0560 +0.0000 +0.2339 -0.0157 -4.37 0.991 +0.0644 +0.0829
6.480 move +0.0560 +0.0000 +0.2362 -0.0097 -3.81 0.995 +0.0609 +0.0928
6.500 move +0.0560 +0.0000 +0.2391 -0.0040 -3.14 0.998 +0.0612 +0.1079
6.520 move +0.0560 +0.0000 +0.2417 +0.0012 -2.35 0.999 +0.0631 +0.0647
6.540 move +0.0560 +0.0000 +0.2423 +0.0050 -1.88 0.999 +0.0642 -0.0330
6.560 move +0.0560 +0.0000 +0.2419 +0.0068 -2.01 0.997 +0.0169 -0.0628
6.580 move +0.0560 +0.0000 +0.2407 +0.0076 -1.83 0.994 +0.0181 -0.1022
6.600 move +0.0560 +0.0000 +0.2390 +0.0078 -1.64 0.989 +0.0189 -0.1020
6.620 move +0.0560 +0.0000 +0.2368 +0.0076 -1.69 0.985 +0.0191 -0.1051
6.640 move +0.0560 +0.0000 +0.2346 +0.0065 -1.92 0.981 +0.0183 -0.0677
6.660 move +0.0560 +0.0000 +0.2330 +0.0043 -2.19 0.980 +0.0164 -0.0210
6.680 move +0.0560 +0.0000 +0.2320 +0.0014 -2.56 0.980 +0.0138 +0.0012
6.700 move +0.0560 +0.0000 +0.2317 -0.0024 -3.19 0.981 +0.0106 +0.0366
6.720 move +0.0560 +0.0000 +0.2322 -0.0070 -4.02 0.983 +0.0721 +0.0767
6.740 move +0.0560 +0.0000 +0.2333 -0.0121 -5.08 0.987 +0.0682 +0.0580
6.760 move +0.0560 +0.0000 +0.2342 -0.0176 -6.93 0.991 +0.0635 +0.0592
6.780 move +0.0560 +0.0000 +0.2354 -0.0229 -8.62 0.995 -0.0009 +0.0857
6.800 move +0.0560 +0.0000 +0.2376 -0.0276 -10.31 0.998 +0.0707 +0.1213
6.820 move +0.0560 +0.0000 +0.2390 -0.0313 -11.29 1.000 +0.0718 +0.0525
6.840 move +0.0560 +0.0000 +0.2397 -0.0333 -11.37 1.000 +0.0719 +0.0128
6.860 move +0.0560 +0.0000 +0.2402 -0.0339 -11.19 0.998 +0.0718 +0.0024
6.880 move +0.0560 +0.0000 +0.2407 -0.0334 -11.23 0.996 +0.0072 +0.0036
6.900 move +0.0560 +0.0000 +0.2407 -0.0323 -11.26 0.993 +0.0068 -0.0146
6.920 move +0.0560 +0.0000 +0.2408 -0.0303 -11.05 0.992 +0.0055 +0.0117
6.940 move +0.0560 +0.0000 +0.2415 -0.0273 -10.80 0.991 +0.0030 +0.0552
6.960 move +0.0560 +0.0000 +0.2429 -0.0238 -10.44 0.992 -0.0002 +0.0673
6.980 move +0.0560 +0.0000 +0.2451 -0.0199 -9.95 0.993 +0.0671 +0.1117
7.000 move +0.0560 +0.0000 +0.2486 -0.0164 -9.63 0.995 +0.0644 +0.1420
7.020 move +0.0560 +0.0000 +0.2527 -0.0131 -9.19 0.997 -0.0097 +0.1876
7.040 move +0.0560 +0.0000 +0.2581 -0.0100 -8.51 0.999 +0.0579 +0.2420
7.060 move +0.0560 +0.0000 +0.2640 -0.0073 -7.96 1.000 -0.0154 +0.2580
7.080 move +0.0560 +0.0000 +0.2683 -0.0052 -7.81 0.999 +0.0634 +0.0835
7.100 move +0.0560 +0.0000 +0.2701 -0.0049 -7.86 0.997 +0.0179 +0.0026
7.120 move +0.0560 +0.0000 +0.2709 -0.0055 -7.95 0.993 +0.0180 -0.0084
7.140 move +0.0560 +0.0000 +0.2713 -0.0068 -8.14 0.989 +0.0175 -0.0002
7.160 move +0.0560 +0.0000 +0.2713 -0.0085 -8.45 0.986 +0.0163 -0.0001
7.180 move +0.0560 +0.0000 +0.2706 -0.0106 -8.82 0.984 +0.0145 -0.0091
7.200 move +0.0560 +0.0000 +0.2693 -0.0135 -9.20 0.984 +0.0119 -0.0040
7.220 move +0.0560 +0.0000 +0.2684 -0.0175 -9.44 0.986 +0.0083 +0.0456
7.240 move +0.0560 +0.0000 +0.2678 -0.0226 -9.70 0.989 +0.0038 +0.0492
7.260 move +0.0560 +0.0000 +0.2676 -0.0285 -10.10 0.993 -0.0012 +0.0915
7.280 move +0.0560 +0.0000 +0.2685 -0.0348 -10.41 0.996 +0.0575 +0.1331
7.300 move +0.0560 +0.0000 +0.2701 -0.0407 -10.28 0.999 +0.0548 +0.1236
7.320 move +0.0560 +0.0000 +0.2719 -0.0466 -10.36 1.000 +0.0523 +0.1201
7.340 move +0.0560 +0.0000 +0.2737 -0.0521 -10.82 0.999 +0.0556 +0.1072
7.360 move +0.0560 +0.0000 +0.2736 -0.0556 -11.35 0.997 +0.0221 -0.0463
7.380 move +0.0560 +0.0000 +0.2724 -0.0570 -11.63 0.994 +0.0240 -0.1065
7.400 move +0.0560 +0.0000 +0.2706 -0.0574 -11.85 0.988 +0.0251 -0.1265
7.420 move +0.0560 +0.0000 +0.2686 -0.0571 -11.87 0.983 +0.0256 -0.1169
7.440 move +0.0560 +0.0000 +0.2663 -0.0563 -11.70 0.978 +0.0255 -0.1136
7.460 move +0.0560 +0.0000 +0.2636 -0.0551 -11.43 0.974 +0.0249 -0.1155
7.480 move +0.0560 +0.0000 +0.2614 -0.0530 -11.17 0.972 +0.0236 -0.0782
7.500 move +0.0560 +0.0000 +0.2600 -0.0504 -11.02 0.972 +0.0215 -0.0237
7.520 move +0.0560 +0.0000 +0.2593 -0.0472 -10.72 0.973 +0.0188 -0.0125
7.540 move +0.0560 +0.0000 +0.2593 -0.0435 -10.12 0.975 +0.0159 +0.0162
7.560 move +0.0560 +0.0000 +0.2603 -0.0393 -9.37 0.978 +0.0127 +0.0552
7.580 move +0.0560 +0.0000 +0.2621 -0.0348 -8.48 0.982 +0.0694 +0.0398
7.600 move +0.0560 +0.0000 +0.2638 -0.0298 -6.85 0.988 +0.0726 +0.0086
7.620 move +0.0560 +0.0000 +0.2656 -0.0249 -5.04 0.993 +0.0740 +0.0420
7.640 move +0.0560 +0.0000 +0.2676 -0.0212 -3.34 0.997 +0.0745 +0.0450
7.660 move +0.0560 +0.0000 +0.2692 -0.0183 -2.77 0.999 +0.0746 +0.0446
7.680 move +0.0560 +0.0000 +0.2705 -0.0163 -2.89 1.000 +0.0745 +0.0339
7.700 move +0.0560 +0.0000 +0.2716 -0.0154 -3.03 0.998 +0.0741 +0.0429
7.720 move +0.0560 +0.0000 +0.2727 -0.0157 -3.06 0.996 +0.0735 +0.0566
7.740 move +0.0560 +0.0000 +0.2738 -0.0172 -3.09 0.994 +0.0725 +0.0731
7.760 move +0.0560 +0.0000 +0.2755 -0.0198 -3.23 0.993 +0.0706 +0.1264
7.780 move +0.0560 +0.0000 +0.2783 -0.0230 -3.51 0.993 +0.0673 +0.1666
7.800 move +0.0560 +0.0000 +0.2824 -0.0266 -3.87 0.995 +0.0634 +0.2193
7.820 move +0.0560 +0.0000 +0.2875 -0.0302 -4.04 0.997 +0.0591 +0.2671
7.840 move +0.0560 +0.0000 +0.2934 -0.0336 -4.01 0.999 -0.0102 +0.2863
7.860 move +0.0560 +0.0000 +0.2997 -0.0369 -3.99 1.000 -0.0127 +0.2935
7.880 move +0.0560 +0.0000 +0.3062 -0.0402 -4.05 0.999 -0.0153 +0.2950
7.900 move +0.0560 +0.0000 +0.3109 -0.0430 -4.27 0.997 +0.0521 +0.1078
7.920 move +0.0560 +0.0000 +0.3134 -0.0438 -4.36 0.992 +0.0168 -0.0024
7.940 move +0.0560 +0.0000 +0.3152 -0.0434 -4.20 0.986 +0.0169 +0.0192
7.960 move +0.0560 +0.0000 +0.3169 -0.0424 -3.87 0.981 +0.0163 +0.0371
7.980 move +0.0560 +0.0000 +0.3183 -0.0408 -3.39 0.977 +0.0151 +0.0497
8.000 move +0.0560 +0.0000 +0.3194 -0.0387 -2.89 0.974 +0.0132 +0.0534
8.020 move +0.0560 +0.0000 +0.3201 -0.0359 -2.44 0.974 +0.0106 +0.0467
8.040 move +0.0560 +0.0000 +0.3203 -0.0325 -2.19 0.976 +0.0074 +0.0508
8.060 move +0.0560 +0.0000 +0.3198 -0.0283 -1.81 0.981 +0.0033 +0.0105
8.080 move +0.0560 +0.0000 +0.3196 -0.0229 -1.44 0.987 -0.0015 +0.0484
8.100 move +0.0560 +0.0000 +0.3201 -0.0171 -1.25 0.993 -0.0065 +0.0822
8.120 move +0.0560 +0.0000 +0.3212 -0.0115 -1.19 0.998 +0.0415 +0.0758
8.140 move +0.0560 +0.0000 +0.3220 -0.0057 -0.97 0.998 +0.0440 +0.0213
8.160 move +0.0560 +0.0000 +0.3225 -0.0005 -0.63 0.998 +0.0467 +0.0185
8.180 move +0.0560 +0.0000 +0.3212 +0.0031 -0.20 0.995 +0.0232 -0.1262
8.200 move +0.0560 +0.0000 +0.3183 +0.0048 +0.13 0.992 +0.0251 -0.2016
8.220 move +0.0560 +0.0000 +0.3143 +0.0052 +0.47 0.987 +0.0261 -0.2369
8.240 move +0.0560 +0.0000 +0.3099 +0.0051 +0.65 0.982 +0.0264 -0.2203
8.260 move +0.0560 +0.0000 +0.3053 +0.0046 +0.55 0.978 +0.0262 -0.2081
8.280 move +0.0560 +0.0000 +0.3004 +0.0038 +0.37 0.975 +0.0256 -0.1962
8.300 move +0.0560 +0.0000 +0.2961 +0.0021 +0.19 0.973 +0.0242 -0.1493
8.320 move +0.0560 +0.0000 +0.2928 -0.0004 +0.02 0.971 +0.0220 -0.0823
8.340 move +0.0560 +0.0000 +0.2902 -0.0036 -0.36 0.971 +0.0193 -0.0610
8.360 move +0.0560 +0.0000 +0.2884 -0.0075 -1.21 0.972 +0.0164 -0.0340
8.380 move +0.0560 +0.0000 +0.2874 -0.0121 -2.59 0.974 +0.0135 -0.0025
8.400 move +0.0560 +0.0000 +0.2870 -0.0173 -4.24 0.978 +0.0718 -0.0090
8.420 move +0.0560 +0.0000 +0.2865 -0.0228 -6.64 0.984 +0.0748 -0.0347
8.440 move +0.0560 +0.0000 +0.2860 -0.0283 -8.98 0.989 +0.0771 -0.0106
8.460 move +0.0560 +0.0000 +0.2865 -0.0329 -11.03 0.993 +0.0800 +0.0740
8.480 move +0.0560 +0.0000 +0.2883 -0.0370 -12.09 0.997 +0.0809 +0.0999
8.500 move +0.0560 +0.0000 +0.2902 -0.0405 -12.35 0.998 +0.0801 +0.1062
8.520 move +0.0560 +0.0000 +0.2924 -0.0432 -12.28 0.998 +0.0789 +0.1088
8.540 move +0.0560 +0.0000 +0.2947 -0.0445 -12.15 0.996 +0.0774 +0.1123
8.560 move +0.0560 +0.0000 +0.2974 -0.0441 -11.94 0.994 +0.0753 +0.1234
8.580 move +0.0560 +0.0000 +0.3005 -0.0423 -11.71 0.992 +0.0019 +0.1401
8.600 move +0.0560 +0.0000 +0.3041 -0.0402 -11.50 0.992 -0.0005 +0.1748
8.620 move +0.0560 +0.0000 +0.3083 -0.0376 -11.21 0.993 -0.0034 +0.1863
8.640 move +0.0560 +0.0000 +0.3131 -0.0350 -10.90 0.995 +0.0632 +0.2192
8.660 move +0.0560 +0.0000 +0.3187 -0.0327 -10.91 0.998 -0.0093 +0.2305
8.680 move +0.0560 +0.0000 +0.3250 -0.0308 -10.95 0.999 -0.0119 +0.2907
8.700 move +0.0560 +0.0000 +0.3319 -0.0289 -10.87 1.000 -0.0148 +0.2823
8.720 move +0.0560 +0.0000 +0.3381 -0.0271 -10.73 0.999 +0.0572 +0.1672
8.740 move +0.0560 +0.0000 +0.3413 -0.0264 -10.66 0.996 +0.0178 +0.0247
8.760 move +0.0560 +0.0000 +0.3432 -0.0266 -10.79 0.991 +0.0185 +0.0193
8.780 move +0.0560 +0.0000 +0.3447 -0.0276 -11.12 0.985 +0.0184 +0.0349
8.800 move +0.0560 +0.0000 +0.3458 -0.0290 -11.53 0.981 +0.0175 +0.0424
8.820 move +0.0560 +0.0000 +0.3463 -0.0309 -11.98 0.978 +0.0161 +0.0433
8.840 move +0.0560 +0.0000 +0.3462 -0.0333 -12.42 0.977 +0.0140 +0.0333
8.860 move +0.0560 +0.0000 +0.3454 -0.0361 -12.70 0.978 +0.0112 +0.0257
8.880 move +0.0560 +0.0000 +0.3443 -0.0398 -12.97 0.982 +0.0077 +0.0369
8.900 move +0.0560 +0.0000 +0.3434 -0.0449 -13.23 0.987 +0.0032 +0.0682
8.920 move +0.0560 +0.0000 +0.3431 -0.0506 -13.38 0.992 -0.0017 +0.1065
8.940 move +0.0560 +0.0000 +0.3434 -0.0564 -13.39 0.997 +0.0466 +0.1026
8.960 move +0.0560 +0.0000 +0.3437 -0.0618 -13.34 0.999 +0.0463 +0.0608
8.980 move +0.0560 +0.0000 +0.3437 -0.0672 -13.73 0.999 -0.0156 +0.0602
9.000 move +0.0560 +0.0000 +0.3432 -0.0716 -14.20 0.998 +0.0521 -0.0475
9.020 move +0.0560 +0.0000 +0.3411 -0.0734 -14.61 0.995 +0.0205 -0.1481
9.040 move +0.0560 +0.0000 +0.3382 -0.0736 -14.92 0.991 +0.0219 -0.1827
9.060 move +0.0560 +0.0000 +0.3350 -0.0731 -15.10 0.986 +0.0227 -0.1739
9.080 move +0.0560 +0.0000 +0.3318 -0.0720 -15.00 0.982 +0.0228 -0.1621
9.100 move +0.0560 +0.0000 +0.3282 -0.0705 -14.79 0.979 +0.0223 -0.1657
9.120 move +0.0560 +0.0000 +0.3246 -0.0683 -14.54 0.977 +0.0213 -0.1426
9.140 move +0.0560 +0.0000 +0.3219 -0.0653 -14.32 0.976 +0.0194 -0.0856
9.160 move +0.0560 +0.0000 +0.3201 -0.0617 -14.04 0.976 +0.0167 -0.0626
9.180 move +0.0560 +0.0000 +0.3191 -0.0576 -13.49 0.976 +0.0136 -0.0391
9.200 move +0.0560 +0.0000 +0.3191 -0.0529 -12.53 0.978 +0.0103 -0.0101
9.220 move +0.0560 +0.0000 +0.3197 -0.0479 -11.22 0.981 +0.0738 -0.0213
9.240 move +0.0560 +0.0000 +0.3204 -0.0424 -8.88 0.986 +0.0709 -0.0443
9.260 move +0.0560 +0.0000 +0.3213 -0.0371 -6.13 0.991 +0.0745 +0.0008
9.280 move +0.0560 +0.0000 +0.3230 -0.0330 -3.80 0.994 +0.0792 +0.0803
9.300 move +0.0560 +0.0000 +0.3253 -0.0298 -2.64 0.997 +0.0808 +0.0668
9.320 move +0.0560 +0.0000 +0.3274 -0.0275 -2.38 0.998 +0.0804 +0.0792
9.340 move +0.0560 +0.0000 +0.3297 -0.0260 -2.48 0.998 +0.0795 +0.0868
9.360 move +0.0560 +0.0000 +0.3318 -0.0256 -2.63 0.996 +0.0782 +0.0965
9.380 move +0.0560 +0.0000 +0.3341 -0.0268 -2.78 0.994 +0.0763 +0.1160
9.400 move +0.0560 +0.0000 +0.3365 -0.0294 -2.99 0.992 +0.0737 +0.1340
9.420 move +0.0560 +0.0000 +0.3395 -0.0327 -3.23 0.992 -0.0004 +0.1793
9.440 move +0.0560 +0.0000 +0.3429 -0.0365 -3.53 0.993 -0.0035 +0.1845
9.460 move +0.0560 +0.0000 +0.3469 -0.0404 -3.84 0.995 +0.0634 +0.2143
9.480 move +0.0560 +0.0000 +0.3519 -0.0441 -3.92 0.998 -0.0095 +0.2636
9.500 move +0.0560 +0.0000 +0.3579 -0.0477 -3.85 0.999 +0.0548 +0.3004
9.520 move +0.0560 +0.0000 +0.3642 -0.0514 -3.89 1.000 -0.0152 +0.2919
9.540 move +0.0560 +0.0000 +0.3702 -0.0548 -3.97 0.999 +0.0541 +0.2247
9.560 move +0.0560 +0.0000 +0.3735 -0.0567 -4.31 0.996 +0.0180 +0.0476
9.580 move +0.0560 +0.0000 +0.3755 -0.0570 -4.26 0.991 +0.0186 +0.0074
9.600 move +0.0560 +0.0000 +0.3772 -0.0564 -4.10 0.985 +0.0186 +0.0216
9.620 move +0.0560 +0.0000 +0.3787 -0.0552 -3.67 0.980 +0.0177 +0.0354
9.640 move +0.0560 +0.0000 +0.3798 -0.0535 -3.21 0.976 +0.0162 +0.0428
9.660 move +0.0560 +0.0000 +0.3806 -0.0511 -2.74 0.975 +0.0141 +0.0414
9.680 move +0.0560 +0.0000 +0.3809 -0.0482 -2.32 0.975 +0.0114 +0.0304
9.700 move +0.0560 +0.0000 +0.3806 -0.0447 -2.01 0.978 +0.0079 +0.0288
9.720 move +0.0560 +0.0000 +0.3803 -0.0400 -1.73 0.984 +0.0037 +0.0338
9.740 move +0.0560 +0.0000 +0.3805 -0.0342 -1.40 0.990 -0.0013 +0.0633
9.760 move +0.0560 +0.0000 +0.3815 -0.0281 -1.21 0.996 -0.0066 +0.0985
9.780 move +0.0560 +0.0000 +0.3830 -0.0223 -1.27 0.999 +0.0447 +0.0740
9.800 move +0.0560 +0.0000 +0.3843 -0.0164 -0.99 0.999 +0.0476 +0.0450
9.820 move +0.0560 +0.0000 +0.3848 -0.0112 -0.61 0.998 +0.0498 -0.0473
9.840 move +0.0560 +0.0000 +0.3831 -0.0082 -0.21 0.995 +0.0233 -0.1513
9.860 move +0.0560 +0.0000 +0.3801 -0.0067 +0.18 0.990 +0.0252 -0.2072
9.880 move +0.0560 +0.0000 +0.3766 -0.0059 +0.33 0.985 +0.0263 -0.2008
9.900 move +0.0560 +0.0000 +0.3728 -0.0056 +0.29 0.979 +0.0269 -0.1849
9.920 move +0.0560 +0.0000 +0.3686 -0.0057 +0.09 0.975 +0.0269 -0.1819
9.940 move +0.0560 +0.0000 +0.3644 -0.0063 -0.15 0.972 +0.0264 -0.1534
9.960 move +0.0560 +0.0000 +0.3610 -0.0077 -0.34 0.970 +0.0250 -0.0982
9.980 move +0.0560 +0.0000 +0.3583 -0.0099 -0.59 0.969 +0.0230 -0.0636
10.000 move +0.0560 +0.0000 +0.3565 -0.0127 -1.06 0.969 +0.0206 -0.0280
10.020 move +0.0560 +0.0000 +0.3554 -0.0162 -1.95 0.970 +0.0182 +0.0032
10.040 move +0.0560 +0.0000 +0.3552 -0.0204 -3.16 0.973 +0.0695 +0.0330
10.060 move +0.0560 +0.0000 +0.3553 -0.0250 -4.64 0.978 +0.0718 -0.0072
10.080 move +0.0560 +0.0000 +0.3549 -0.0302 -6.33 0.984 +0.0745 -0.0316
10.100 move +0.0560 +0.0000 +0.3546 -0.0351 -8.11 0.990 +0.0081 +0.0153
10.120 move +0.0560 +0.0000 +0.3556 -0.0392 -9.60 0.994 +0.0798 +0.0663
10.140 move +0.0560 +0.0000 +0.3574 -0.0427 -10.34 0.997 +0.0809 +0.0927
10.160 move +0.0560 +0.0000 +0.3595 -0.0457 -10.55 0.998 +0.0798 +0.1114
10.180 move +0.0560 +0.0000 +0.3620 -0.0479 -10.49 0.998 +0.0783 +0.1253
10.200 move +0.0560 +0.0000 +0.3648 -0.0487 -10.33 0.996 +0.0764 +0.1327
10.220 move +0.0560 +0.0000 +0.3679 -0.0480 -10.13 0.994 +0.0739 +0.1457
10.240 move +0.0560 +0.0000 +0.3715 -0.0463 -9.94 0.994 -0.0015 +0.1876
10.260 move +0.0560 +0.0000 +0.3757 -0.0444 -9.68 0.994 -0.0038 +0.1885
10.280 move +0.0560 +0.0000 +0.3804 -0.0423 -9.38 0.995 +0.0643 +0.2251
10.300 move +0.0560 +0.0000 +0.3861 -0.0406 -9.31 0.997 -0.0085 +0.2541
10.320 move +0.0560 +0.0000 +0.3926 -0.0391 -9.33 0.999 +0.0559 +0.2959
10.340 move +0.0560 +0.0000 +0.3993 -0.0378 -9.37 1.000 +0.0510 +0.2898
10.360 move +0.0560 +0.0000 +0.4059 -0.0366 -9.29 1.000 +0.0533 +0.2598
10.380 move +0.0560 +0.0000 +0.4100 -0.0356 -9.26 0.998 +0.0153 +0.0773
10.400 move +0.0560 +0.0000 +0.4119 -0.0359 -9.29 0.994 +0.0159 -0.0073
10.420 move +0.0560 +0.0000 +0.4128 -0.0369 -9.45 0.989 +0.0157 -0.0107
10.440 move +0.0560 +0.0000 +0.4135 -0.0384 -9.57 0.985 +0.0151 +0.0125
10.460 move +0.0560 +0.0000 +0.4138 -0.0404 -9.89 0.981 +0.0138 +0.0237
10.480 move +0.0560 +0.0000 +0.4136 -0.0428 -10.21 0.980 +0.0118 +0.0234
10.500 move +0.0560 +0.0000 +0.4127 -0.0457 -10.43 0.980 +0.0093 +0.0101
10.520 move +0.0560 +0.0000 +0.4113 -0.0490 -10.44 0.983 +0.0061 +0.0073
10.540 move +0.0560 +0.0000 +0.4098 -0.0534 -10.55 0.988 +0.0020 +0.0170
10.560 move +0.0560 +0.0000 +0.4087 -0.0585 -10.77 0.993 -0.0025 +0.0571
10.580 move +0.0560 +0.0000 +0.4085 -0.0637 -10.96 0.997 -0.0070 +0.0917
10.600 move +0.0560 +0.0000 +0.4089 -0.0687 -10.94 0.999 +0.0481 +0.0648
10.620 move +0.0560 +0.0000 +0.4091 -0.0737 -11.31 1.000 +0.0488 +0.0567
10.640 move +0.0560 +0.0000 +0.4095 -0.0782 -11.70 0.999 +0.0520 +0.0555
10.660 move +0.0560 +0.0000 +0.4082 -0.0807 -12.31 0.997 +0.0207 -0.0998
10.680 move +0.0560 +0.0000 +0.4058 -0.0813 -12.67 0.994 +0.0221 -0.1639
10.700 move +0.0560 +0.0000 +0.4028 -0.0808 -12.93 0.990 +0.0228 -0.1871
10.720 move +0.0560 +0.0000 +0.3996 -0.0797 -12.99 0.985 +0.0229 -0.1730
10.740 move +0.0560 +0.0000 +0.3961 -0.0782 -12.86 0.981 +0.0225 -0.1680
10.760 move +0.0560 +0.0000 +0.3924 -0.0761 -12.63 0.978 +0.0215 -0.1567
10.780 move +0.0560 +0.0000 +0.3895 -0.0731 -12.40 0.977 +0.0197 -0.1160
10.800 move +0.0560 +0.0000 +0.3875 -0.0695 -12.17 0.976 +0.0170 -0.0547
10.820 move +0.0560 +0.0000 +0.3865 -0.0654 -11.71 0.977 +0.0137 -0.0404
10.840 move +0.0560 +0.0000 +0.3861 -0.0606 -10.82 0.979 +0.0102 -0.0134
10.860 move +0.0560 +0.0000 +0.3868 -0.0553 -9.52 0.981 +0.0754 +0.0067
10.880 move +0.0560 +0.0000 +0.3880 -0.0496 -7.81 0.986 +0.0712 -0.0040
10.900 move +0.0560 +0.0000 +0.3893 -0.0439 -6.06 0.990 +0.0723 +0.0225
10.920 move +0.0560 +0.0000 +0.3911 -0.0388 -4.46 0.994 -0.0027 +0.0704
10.940 move +0.0560 +0.0000 +0.3938 -0.0347 -3.08 0.996 +0.0801 +0.1066
10.960 move +0.0560 +0.0000 +0.3966 -0.0310 -2.27 0.997 +0.0787 +0.1044
10.980 move +0.0560 +0.0000 +0.3991 -0.0285 -2.18 0.996 +0.0759 +0.0829
11.000 move +0.0560 +0.0000 +0.4014 -0.0277 -2.36 0.994 +0.0748 +0.0962
11.020 move +0.0560 +0.0000 +0.4036 -0.0287 -2.51 0.991 +0.0751 +0.1107
11.040 move +0.0560 +0.0000 +0.4060 -0.0309 -2.67 0.989 +0.0093 +0.1254
11.060 move +0.0560 +0.0000 +0.4086 -0.0341 -2.88 0.988 +0.0069 +0.1480
11.080 move +0.0560 +0.0000 +0.4114 -0.0380 -3.25 0.989 +0.0037 +0.1530
11.100 move +0.0560 +0.0000 +0.4146 -0.0428 -3.74 0.991 +0.0668 +0.1907
11.120 move +0.0560 +0.0000 +0.4189 -0.0477 -4.06 0.995 -0.0041 +0.2236
11.140 move +0.0560 +0.0000 +0.4240 -0.0524 -4.47 0.997 -0.0073 +0.2608
11.160 move +0.0560 +0.0000 +0.4298 -0.0570 -4.62 0.999 +0.0524 +0.2773
11.180 move +0.0560 +0.0000 +0.4355 -0.0616 -4.74 1.000 +0.0536 +0.2725
11.200 move +0.0560 +0.0000 +0.4398 -0.0655 -4.72 0.999 +0.0555 +0.0976
11.220 move +0.0560 +0.0000 +0.4416 -0.0672 -4.80 0.995 +0.0188 -0.0212
11.240 move +0.0560 +0.0000 +0.4426 -0.0674 -4.75 0.989 +0.0195 -0.0192
11.260 move +0.0560 +0.0000 +0.4433 -0.0670 -4.49 0.983 +0.0195 -0.0050
11.280 move +0.0560 +0.0000 +0.4438 -0.0660 -4.00 0.979 +0.0187 +0.0030
11.300 move +0.0560 +0.0000 +0.4438 -0.0645 -3.46 0.977 +0.0173 +0.0020
11.320 move +0.0560 +0.0000 +0.4434 -0.0624 -2.93 0.976 +0.0153 -0.0103
11.340 move +0.0560 +0.0000 +0.4424 -0.0597 -2.55 0.978 +0.0126 -0.0023
11.360 move +0.0560 +0.0000 +0.4417 -0.0558 -2.22 0.982 +0.0091 +0.0065
11.380 move +0.0560 +0.0000 +0.4415 -0.0510 -1.85 0.987 +0.0050 +0.0385
11.400 move +0.0560 +0.0000 +0.4421 -0.0454 -1.58 0.992 +0.0003 +0.0745
11.420 move +0.0560 +0.0000 +0.4434 -0.0395 -1.45 0.996 +0.0514 +0.0795
11.440 move +0.0560 +0.0000 +0.4451 -0.0340 -1.58 0.999 +0.0517 +0.0732
11.460 move +0.0560 +0.0000 +0.4467 -0.0287 -1.23 1.000 +0.0541 +0.0518
11.480 move +0.0560 +0.0000 +0.4465 -0.0244 -0.72 0.999 +0.0563 -0.0751
11.500 move +0.0560 +0.0000 +0.4446 -0.0222 -0.42 0.997 +0.0190 -0.1592
11.520 move +0.0560 +0.0000 +0.4418 -0.0211 -0.23 0.993 +0.0205 -0.1838
11.540 move +0.0560 +0.0000 +0.4385 -0.0205 -0.21 0.988 +0.0214 -0.1717
11.560 move +0.0560 +0.0000 +0.4350 -0.0203 -0.41 0.984 +0.0218 -0.1676
11.580 move +0.0560 +0.0000 +0.4310 -0.0208 -0.71 0.980 +0.0215 -0.1538
11.600 move +0.0560 +0.0000 +0.4276 -0.0223 -0.97 0.977 +0.0202 -0.1084
11.620 move +0.0560 +0.0000 +0.4252 -0.0247 -1.20 0.976 +0.0181 -0.0432
11.640 move +0.0560 +0.0000 +0.4235 -0.0278 -1.64 0.976 +0.0153 -0.0313
11.660 move +0.0560 +0.0000 +0.4223 -0.0318 -2.55 0.977 +0.0123 -0.0010
11.680 move +0.0560 +0.0000 +0.4220 -0.0365 -3.88 0.979 +0.0749 +0.0359
11.700 move +0.0560 +0.0000 +0.4223 -0.0418 -5.33 0.984 +0.0707 +0.0187
11.720 move +0.0560 +0.0000 +0.4224 -0.0474 -7.06 0.989 +0.0714 +0.0102
11.740 move +0.0560 +0.0000 +0.4228 -0.0526 -8.54 0.993 +0.0738 +0.0490
11.760 move +0.0560 +0.0000 +0.4242 -0.0569 -10.01 0.996 +0.0783 +0.1025
11.780 move +0.0560 +0.0000 +0.4258 -0.0608 -10.67 0.998 +0.0795 +0.0825
11.800 move +0.0560 +0.0000 +0.4274 -0.0638 -10.74 0.998 +0.0791 +0.0711
11.820 move +0.0560 +0.0000 +0.4288 -0.0655 -10.59 0.996 +0.0778 +0.0589
11.840 move +0.0560 +0.0000 +0.4303 -0.0657 -10.60 0.993 +0.0773 +0.0724
11.860 move +0.0560 +0.0000 +0.4322 -0.0644 -10.52 0.991 +0.0762 +0.0886
11.880 move +0.0560 +0.0000 +0.4346 -0.0618 -10.38 0.989 +0.0055 +0.1017
11.900 move +0.0560 +0.0000 +0.4374 -0.0584 -10.11 0.990 +0.0022 +0.1320
11.920 move +0.0560 +0.0000 +0.4409 -0.0545 -9.70 0.992 -0.0017 +0.1467
11.940 move +0.0560 +0.0000 +0.4452 -0.0505 -9.30 0.994 +0.0645 +0.1832
11.960 move +0.0560 +0.0000 +0.4505 -0.0471 -8.94 0.997 -0.0089 +0.2195
11.980 move +0.0560 +0.0000 +0.4567 -0.0440 -8.53 0.999 +0.0561 +0.2808
12.000 move +0.0560 +0.0000 +0.4635 -0.0408 -8.23 1.000 -0.0152 +0.2800
12.020 move +0.0560 +0.0000 +0.4697 -0.0380 -8.12 0.999 +0.0571 +0.1708
12.040 move +0.0560 +0.0000 +0.4728 -0.0365 -8.09 0.996 +0.0195 +0.0259
12.060 move +0.0560 +0.0000 +0.4745 -0.0362 -8.18 0.991 +0.0205 +0.0037
12.080 move +0.0560 +0.0000 +0.4759 -0.0368 -8.51 0.985 +0.0206 +0.0123
12.100 move +0.0560 +0.0000 +0.4767 -0.0377 -8.95 0.980 +0.0201 +0.0249
12.120 move +0.0560 +0.0000 +0.4772 -0.0392 -9.54 0.976 +0.0189 +0.0282
12.140 move +0.0560 +0.0000 +0.4770 -0.0410 -10.13 0.974 +0.0171 +0.0191
12.160 move +0.0560 +0.0000 +0.4762 -0.0433 -10.55 0.975 +0.0146 +0.0113
12.180 move +0.0560 +0.0000 +0.4752 -0.0466 -10.91 0.979 +0.0115 +0.0305
12.200 move +0.0560 +0.0000 +0.4745 -0.0510 -11.19 0.984 +0.0076 +0.0631
12.220 move +0.0560 +0.0000 +0.4743 -0.0564 -11.37 0.989 +0.0031 +0.0958
12.240 move +0.0560 +0.0000 +0.4746 -0.0624 -11.48 0.994 +0.0482 +0.1137
12.260 move +0.0560 +0.0000 +0.4753 -0.0683 -11.27 0.998 +0.0491 +0.0863
12.280 move +0.0560 +0.0000 +0.4757 -0.0741 -11.57 0.999 +0.0513 +0.0610
12.300 move +0.0560 +0.0000 +0.4750 -0.0791 -12.19 0.999 +0.0533 -0.0528
12.320 move +0.0560 +0.0000 +0.4728 -0.0815 -12.59 0.997 +0.0175 -0.1475
12.340 move +0.0560 +0.0000 +0.4696 -0.0824 -12.91 0.993 +0.0195 -0.1854
12.360 move +0.0560 +0.0000 +0.4662 -0.0827 -13.06 0.988 +0.0209 -0.1770
12.380 move +0.0560 +0.0000 +0.4627 -0.0823 -12.92 0.984 +0.0215 -0.1685
12.400 move +0.0560 +0.0000 +0.4587 -0.0814 -12.73 0.980 +0.0216 -0.1757
12.420 move +0.0560 +0.0000 +0.4550 -0.0797 -12.52 0.977 +0.0210 -0.1394
12.440 move +0.0560 +0.0000 +0.4522 -0.0773 -12.33 0.976 +0.0193 -0.0810
12.460 move +0.0560 +0.0000 +0.4503 -0.0742 -12.03 0.975 +0.0170 -0.0576
12.480 move +0.0560 +0.0000 +0.4492 -0.0706 -11.44 0.975 +0.0143 -0.0343
12.500 move +0.0560 +0.0000 +0.4490 -0.0664 -10.33 0.977 +0.0115 -0.0057
12.520 move +0.0560 +0.0000 +0.4495 -0.0618 -8.85 0.980 +0.0732 -0.0170
12.540 move +0.0560 +0.0000 +0.4500 -0.0567 -6.37 0.985 +0.0714 -0.0398
12.560 move +0.0560 +0.0000 +0.4506 -0.0516 -3.57 0.989 +0.0747 -0.0065
12.580 move +0.0560 +0.0000 +0.4521 -0.0476 -1.26 0.993 +0.0787 +0.0796
12.600 move +0.0560 +0.0000 +0.4544 -0.0445 -0.11 0.996 +0.0801 +0.0752
12.620 move +0.0560 +0.0000 +0.4566 -0.0422 +0.27 0.998 +0.0796 +0.0838
12.640 move +0.0560 +0.0000 +0.4590 -0.0404 +0.23 0.999 +0.0786 +0.1017
12.660 move +0.0560 +0.0000 +0.4614 -0.0398 +0.08 0.997 +0.0771 +0.1066
12.680 move +0.0560 +0.0000 +0.4638 -0.0405 -0.07 0.995 +0.0752 +0.1203
12.700 move +0.0560 +0.0000 +0.4664 -0.0425 -0.29 0.994 +0.0727 +0.1368
12.720 move +0.0560 +0.0000 +0.4696 -0.0453 -0.53 0.994 -0.0020 +0.1812
12.740 move +0.0560 +0.0000 +0.4732 -0.0484 -0.80 0.994 -0.0047 +0.1857
12.760 move +0.0560 +0.0000 +0.4774 -0.0517 -1.09 0.996 +0.0629 +0.2158
12.780 move +0.0560 +0.0000 +0.4825 -0.0547 -1.14 0.998 -0.0099 +0.2535
12.800 move +0.0560 +0.0000 +0.4884 -0.0575 -1.08 0.999 -0.0122 +0.2852
12.820 move +0.0560 +0.0000 +0.4948 -0.0603 -1.12 1.000 +0.0516 +0.2908
12.840 move +0.0560 +0.0000 +0.5009 -0.0630 -1.19 0.999 +0.0556 +0.2188
12.860 move +0.0560 +0.0000 +0.5041 -0.0645 -1.53 0.997 +0.0172 +0.0409
12.880 move +0.0560 +0.0000 +0.5060 -0.0645 -1.48 0.992 +0.0176 +0.0069
12.900 move +0.0560 +0.0000 +0.5076 -0.0637 -1.31 0.987 +0.0174 +0.0238
12.920 move +0.0560 +0.0000 +0.5089 -0.0622 -1.01 0.982 +0.0164 +0.0346
12.940 move +0.0560 +0.0000 +0.5098 -0.0602 -0.65 0.979 +0.0148 +0.0381
12.960 move +0.0560 +0.0000 +0.5102 -0.0576 -0.28 0.978 +0.0126 +0.0327
12.980 move +0.0560 +0.0000 +0.5101 -0.0544 +0.04 0.979 +0.0097 +0.0183
13.000 move +0.0560 +0.0000 +0.5095 -0.0505 +0.26 0.982 +0.0060 +0.0304
13.020 move +0.0560 +0.0000 +0.5092 -0.0453 +0.51 0.988 +0.0013 +0.0365
13.040 move +0.0560 +0.0000 +0.5094 -0.0394 +0.77 0.993 -0.0038 +0.0734
13.060 move +0.0560 +0.0000 +0.5104 -0.0335 +0.94 0.997 -0.0089 +0.1057
13.080 move +0.0560 +0.0000 +0.5118 -0.0279 +0.86 1.000 +0.0464 +0.0706
13.100 move +0.0560 +0.0000 +0.5131 -0.0221 +1.18 0.999 +0.0486 +0.0613
13.120 move +0.0560 +0.0000 +0.5138 -0.0172 +1.53 0.998 +0.0513 -0.0268
13.140 move +0.0560 +0.0000 +0.5124 -0.0145 +2.02 0.995 +0.0248 -0.1324
13.160 move +0.0560 +0.0000 +0.5097 -0.0133 +2.47 0.990 +0.0265 -0.1861
13.180 move +0.0560 +0.0000 +0.5065 -0.0129 +2.80 0.984 +0.0275 -0.1860
13.200 move +0.0560 +0.0000 +0.5030 -0.0130 +2.91 0.979 +0.0279 -0.1724
13.220 move +0.0560 +0.0000 +0.4991 -0.0134 +2.83 0.974 +0.0278 -0.1691
13.240 move +0.0560 +0.0000 +0.4952 -0.0144 +2.67 0.971 +0.0272 -0.1416
13.260 move +0.0560 +0.0000 +0.4921 -0.0162 +2.50 0.969 +0.0258 -0.0888
13.280 move +0.0560 +0.0000 +0.4898 -0.0186 +2.24 0.968 +0.0236 -0.0559
13.300 move +0.0560 +0.0000 +0.4882 -0.0216 +1.79 0.968 +0.0211 -0.0208
13.320 move +0.0560 +0.0000 +0.4875 -0.0252 +0.99 0.970 +0.0186 +0.0097
13.340 move +0.0560 +0.0000 +0.4877 -0.0295 -0.13 0.973 +0.0692 +0.0393
13.360 move +0.0560 +0.0000 +0.4882 -0.0341 -1.54 0.978 +0.0717 -0.0013
13.380 move +0.0560 +0.0000 +0.4882 -0.0394 -3.20 0.984 +0.0744 -0.0272
13.400 move +0.0560 +0.0000 +0.4882 -0.0444 -4.94 0.989 +0.0081 +0.0186
13.420 move +0.0560 +0.0000 +0.4894 -0.0485 -6.43 0.994 +0.0061 +0.0700
13.440 move +0.0560 +0.0000 +0.4914 -0.0519 -7.16 0.997 +0.0808 +0.0935
13.460 move +0.0560 +0.0000 +0.4937 -0.0548 -7.40 0.998 +0.0797 +0.1098
13.480 move +0.0560 +0.0000 +0.4963 -0.0568 -7.33 0.998 +0.0782 +0.1244
13.500 move +0.0560 +0.0000 +0.4991 -0.0575 -7.17 0.996 +0.0763 +0.1326
13.520 move +0.0560 +0.0000 +0.5021 -0.0566 -6.98 0.994 +0.0738 +0.1461
13.540 move +0.0560 +0.0000 +0.5058 -0.0548 -6.79 0.994 -0.0015 +0.1883
13.560 move +0.0560 +0.0000 +0.5098 -0.0527 -6.53 0.994 -0.0037 +0.1892
13.580 move +0.0560 +0.0000 +0.5144 -0.0504 -6.23 0.995 +0.0642 +0.2247
13.600 move +0.0560 +0.0000 +0.5200 -0.0483 -6.17 0.997 -0.0084 +0.2556
13.620 move +0.0560 +0.0000 +0.5263 -0.0465 -6.20 0.999 +0.0558 +0.2812
13.640 move +0.0560 +0.0000 +0.5329 -0.0448 -6.23 1.000 -0.0127 +0.2794
13.660 move +0.0560 +0.0000 +0.5394 -0.0433 -6.08 1.000 +0.0536 +0.2742
13.680 move +0.0560 +0.0000 +0.5437 -0.0422 -5.90 0.998 +0.0148 +0.0796
13.700 move +0.0560 +0.0000 +0.5457 -0.0423 -5.92 0.994 +0.0154 +0.0015
13.720 move +0.0560 +0.0000 +0.5470 -0.0432 -6.05 0.989 +0.0153 +0.0043
13.740 move +0.0560 +0.0000 +0.5480 -0.0446 -6.19 0.984 +0.0147 +0.0244
13.760 move +0.0560 +0.0000 +0.5487 -0.0465 -6.49 0.981 +0.0135 +0.0343
13.780 move +0.0560 +0.0000 +0.5488 -0.0489 -6.80 0.979 +0.0116 +0.0333
13.800 move +0.0560 +0.0000 +0.5484 -0.0519 -7.01 0.979 +0.0090 +0.0211
13.820 move +0.0560 +0.0000 +0.5474 -0.0553 -7.02 0.982 +0.0058 +0.0146
13.840 move +0.0560 +0.0000 +0.5462 -0.0598 -7.11 0.987 +0.0017 +0.0207
13.860 move +0.0560 +0.0000 +0.5455 -0.0650 -7.32 0.992 -0.0029 +0.0583
13.880 move +0.0560 +0.0000 +0.5456 -0.0702 -7.51 0.997 -0.0074 +0.0907
13.900 move +0.0560 +0.0000 +0.5461 -0.0753 -7.49 0.999 +0.0471 +0.0640
13.920 move +0.0560 +0.0000 +0.5466 -0.0803 -7.86 1.000 +0.0479 +0.0530
13.940 move +0.0560 +0.0000 +0.5472 -0.0848 -8.22 0.999 +0.0516 +0.0582
13.960 move +0.0560 +0.0000 +0.5461 -0.0875 -8.68 0.997 +0.0215 -0.0985
13.980 move +0.0560 +0.0000 +0.5437 -0.0881 -9.03 0.994 +0.0229 -0.1654
14.000 move +0.0560 +0.0000 +0.5407 -0.0878 -9.24 0.989 +0.0235 -0.1882
14.020 move +0.0560 +0.0000 +0.5374 -0.0868 -9.27 0.984 +0.0236 -0.1755
14.040 move +0.0560 +0.0000 +0.5338 -0.0855 -9.09 0.981 +0.0230 -0.1690
14.060 move +0.0560 +0.0000 +0.5300 -0.0836 -8.84 0.978 +0.0220 -0.1556
14.080 move +0.0560 +0.0000 +0.5269 -0.0808 -8.62 0.976 +0.0202 -0.1138
14.100 move +0.0560 +0.0000 +0.5248 -0.0773 -8.39 0.976 +0.0175 -0.0515
14.120 move +0.0560 +0.0000 +0.5235 -0.0733 -7.94 0.977 +0.0142 -0.0376
14.140 move +0.0560 +0.0000 +0.5230 -0.0685 -7.04 0.978 +0.0107 -0.0099
14.160 move +0.0560 +0.0000 +0.5233 -0.0632 -5.74 0.981 +0.0749 +0.0115
14.180 move +0.0560 +0.0000 +0.5242 -0.0575 -4.05 0.986 +0.0705 -0.0005
14.200 move +0.0560 +0.0000 +0.5252 -0.0515 -2.03 0.990 +0.0718 +0.0186
14.220 move +0.0560 +0.0000 +0.5266 -0.0463 -0.20 0.994 -0.0016 +0.0751
14.240 move +0.0560 +0.0000 +0.5291 -0.0419 +1.26 0.997 +0.0804 +0.0994
14.260 move +0.0560 +0.0000 +0.5315 -0.0382 +2.09 0.998 +0.0797 +0.0936
14.280 move +0.0560 +0.0000 +0.5336 -0.0356 +2.08 0.997 +0.0772 +0.0701
14.300 move +0.0560 +0.0000 +0.5354 -0.0347 +1.86 0.995 +0.0762 +0.0802
14.320 move +0.0560 +0.0000 +0.5374 -0.0354 +1.73 0.992 +0.0765 +0.0963
14.340 move +0.0560 +0.0000 +0.5395 -0.0375 +1.58 0.990 +0.0080 +0.1092
14.360 move +0.0560 +0.0000 +0.5420 -0.0405 +1.37 0.989 +0.0056 +0.1303
14.380 move +0.0560 +0.0000 +0.5446 -0.0443 +0.99 0.990 +0.0023 +0.1345
14.400 move +0.0560 +0.0000 +0.5480 -0.0487 +0.56 0.992 +0.0666 +0.1835
14.420 move +0.0560 +0.0000 +0.5526 -0.0530 +0.20 0.995 +0.0623 +0.2409
14.440 move +0.0560 +0.0000 +0.5580 -0.0572 -0.11 0.998 -0.0082 +0.2674
14.460 move +0.0560 +0.0000 +0.5641 -0.0611 -0.34 0.999 -0.0114 +0.2780
14.480 move +0.0560 +0.0000 +0.5705 -0.0650 -0.51 1.000 -0.0148 +0.2769
14.500 move +0.0560 +0.0000 +0.5753 -0.0684 -0.71 0.998 +0.0558 +0.1068
14.520 move +0.0560 +0.0000 +0.5775 -0.0698 -0.81 0.994 +0.0181 -0.0054
14.540 move +0.0560 +0.0000 +0.5791 -0.0700 -0.67 0.988 +0.0188 +0.0106
14.560 move +0.0560 +0.0000 +0.5804 -0.0696 -0.35 0.983 +0.0188 +0.0240
14.580 move +0.0560 +0.0000 +0.5814 -0.0686 +0.12 0.978 +0.0180 +0.0318
14.600 move +0.0560 +0.0000 +0.5820 -0.0671 +0.64 0.976 +0.0167 +0.0307
14.620 move +0.0560 +0.0000 +0.5819 -0.0650 +1.13 0.975 +0.0147 +0.0188
14.640 move +0.0560 +0.0000 +0.5814 -0.0623 +1.45 0.977 +0.0119 +0.0173
14.660 move +0.0560 +0.0000 +0.5808 -0.0586 +1.74 0.981 +0.0085 +0.0240
14.680 move +0.0560 +0.0000 +0.5806 -0.0537 +2.05 0.986 +0.0043 +0.0542
14.700 move +0.0560 +0.0000 +0.5810 -0.0480 +2.27 0.992 -0.0006 +0.0873
14.720 move +0.0560 +0.0000 +0.5821 -0.0420 +2.33 0.997 +0.0473 +0.0905
14.740 move +0.0560 +0.0000 +0.5835 -0.0364 +2.16 0.999 +0.0487 +0.0650
14.760 move +0.0560 +0.0000 +0.5844 -0.0310 +2.57 1.000 +0.0510 +0.0363
14.780 move +0.0560 +0.0000 +0.5837 -0.0268 +3.14 0.998 +0.0175 -0.0926
14.800 move +0.0560 +0.0000 +0.5814 -0.0247 +3.35 0.996 +0.0199 -0.1599
14.820 move +0.0560 +0.0000 +0.5782 -0.0237 +3.61 0.991 +0.0215 -0.1916
14.840 move +0.0560 +0.0000 +0.5747 -0.0233 +3.67 0.986 +0.0225 -0.1831
14.860 move +0.0560 +0.0000 +0.5709 -0.0233 +3.55 0.982 +0.0229 -0.1762
14.880 move +0.0560 +0.0000 +0.5667 -0.0239 +3.33 0.978 +0.0227 -0.1695
14.900 move +0.0560 +0.0000 +0.5630 -0.0254 +3.11 0.976 +0.0216 -0.1259
14.920 move +0.0560 +0.0000 +0.5603 -0.0277 +2.92 0.975 +0.0197 -0.0623
14.940 move +0.0560 +0.0000 +0.5583 -0.0307 +2.53 0.974 +0.0171 -0.0461
14.960 move +0.0560 +0.0000 +0.5571 -0.0345 +1.75 0.975 +0.0143 -0.0174
14.980 move +0.0560 +0.0000 +0.5567 -0.0389 +0.51 0.977 +0.0115 +0.0160
15.000 move +0.0560 +0.0000 +0.5569 -0.0437 -1.00 0.981 +0.0718 -0.0007
15.020 move +0.0560 +0.0000 +0.5569 -0.0490 -3.45 0.986 +0.0726 -0.0256
15.040 move +0.0560 +0.0000 +0.5570 -0.0542 -6.02 0.991 +0.0748 +0.0115
15.060 move +0.0560 +0.0000 +0.5582 -0.0584 -8.11 0.995 +0.0775 +0.0866
15.080 move +0.0560 +0.0000 +0.5600 -0.0620 -9.03 0.998 +0.0779 +0.0838
15.100 move +0.0560 +0.0000 +0.5618 -0.0649 -9.15 0.999 +0.0773 +0.0854
15.120 move +0.0560 +0.0000 +0.5637 -0.0669 -9.01 0.998 +0.0763 +0.0820
15.140 move +0.0560 +0.0000 +0.5655 -0.0675 -8.86 0.996 +0.0752 +0.0844
15.160 move +0.0560 +0.0000 +0.5675 -0.0667 -8.73 0.994 +0.0737 +0.0962
15.180 move +0.0560 +0.0000 +0.5698 -0.0646 -8.53 0.993 +0.0009 +0.1119
15.200 move +0.0560 +0.0000 +0.5727 -0.0620 -8.28 0.993 -0.0016 +0.1471
15.220 move +0.0560 +0.0000 +0.5761 -0.0592 -7.96 0.994 -0.0045 +0.1591
15.240 move +0.0560 +0.0000 +0.5802 -0.0563 -7.64 0.996 +0.0631 +0.1866
15.260 move +0.0560 +0.0000 +0.5852 -0.0538 -7.57 0.998 -0.0100 +0.2317
15.280 move +0.0560 +0.0000 +0.5914 -0.0516 -7.39 0.999 +0.0553 +0.2924
15.300 move +0.0560 +0.0000 +0.5979 -0.0494 -7.20 1.000 -0.0151 +0.2814
15.320 move +0.0560 +0.0000 +0.6038 -0.0474 -7.15 0.999 +0.0565 +0.1620
15.340 move +0.0560 +0.0000 +0.6066 -0.0467 -7.07 0.997 +0.0179 +0.0216
15.360 move +0.0560 +0.0000 +0.6081 -0.0472 -7.17 0.992 +0.0182 -0.0043
15.380 move +0.0560 +0.0000 +0.6091 -0.0483 -7.37 0.987 +0.0178 +0.0109
15.400 move +0.0560 +0.0000 +0.6099 -0.0500 -7.72 0.982 +0.0168 +0.0240
15.420 move +0.0560 +0.0000 +0.6101 -0.0521 -8.18 0.980 +0.0151 +0.0275
15.440 move +0.0560 +0.0000 +0.6098 -0.0547 -8.64 0.979 +0.0128 +0.0188
15.460 move +0.0560 +0.0000 +0.6089 -0.0578 -8.95 0.980 +0.0097 +0.0105
15.480 move +0.0560 +0.0000 +0.6077 -0.0619 -9.26 0.984 +0.0059 +0.0241
15.500 move +0.0560 +0.0000 +0.6068 -0.0673 -9.54 0.989 +0.0012 +0.0600
15.520 move +0.0560 +0.0000 +0.6067 -0.0731 -9.71 0.994 -0.0039 +0.0985
15.540 move +0.0560 +0.0000 +0.6072 -0.0789 -9.72 0.998 +0.0484 +0.0893
15.560 move +0.0560 +0.0000 +0.6077 -0.0843 -9.69 1.000 +0.0474 +0.0591
15.580 move +0.0560 +0.0000 +0.6081 -0.0898 -10.09 1.000 -0.0179 +0.0633
15.600 move +0.0560 +0.0000 +0.6078 -0.0943 -10.66 0.998 +0.0531 -0.0472
15.620 move +0.0560 +0.0000 +0.6058 -0.0962 -11.18 0.995 +0.0229 -0.1509
15.640 move +0.0560 +0.0000 +0.6029 -0.0967 -11.61 0.990 +0.0243 -0.1884
15.660 move +0.0560 +0.0000 +0.5998 -0.0964 -11.82 0.985 +0.0252 -0.1721
15.680 move +0.0560 +0.0000 +0.5964 -0.0958 -11.85 0.980 +0.0256 -0.1622
15.700 move +0.0560 +0.0000 +0.5927 -0.0946 -11.71 0.976 +0.0253 -0.1655
15.720 move +0.0560 +0.0000 +0.5892 -0.0928 -11.51 0.973 +0.0244 -0.1324
15.740 move +0.0560 +0.0000 +0.5866 -0.0903 -11.35 0.972 +0.0227 -0.0744
15.760 move +0.0560 +0.0000 +0.5848 -0.0872 -11.08 0.971 +0.0203 -0.0535
15.780 move +0.0560 +0.0000 +0.5837 -0.0835 -10.53 0.972 +0.0175 -0.0274
15.800 move +0.0560 +0.0000 +0.5836 -0.0794 -9.58 0.973 +0.0147 +0.0022
15.820 move +0.0560 +0.0000 +0.5843 -0.0748 -8.31 0.976 +0.0721 +0.0047
15.840 move +0.0560 +0.0000 +0.5850 -0.0698 -6.37 0.982 +0.0739 -0.0257
15.860 move +0.0560 +0.0000 +0.5857 -0.0646 -4.19 0.987 +0.0768 -0.0212
15.880 move +0.0560 +0.0000 +0.5869 -0.0604 -2.17 0.992 +0.0054 +0.0587
15.900 move +0.0560 +0.0000 +0.5891 -0.0572 -0.89 0.996 +0.0815 +0.0783
15.920 move +0.0560 +0.0000 +0.5914 -0.0547 -0.46 0.998 +0.0810 +0.0932
15.940 move +0.0560 +0.0000 +0.5941 -0.0529 -0.44 0.998 +0.0797 +0.1149
15.960 move +0.0560 +0.0000 +0.5969 -0.0520 -0.56 0.997 +0.0780 +0.1226
15.980 move +0.0560 +0.0000 +0.5997 -0.0525 -0.73 0.995 +0.0758 +0.1365
16.000 move +0.0560 +0.0080 +0.6027 -0.0544 -0.94 0.994 +0.0731 +0.1534
16.020 move +0.0560 +0.0160 +0.6062 -0.0571 -1.17 0.994 -0.0021 +0.1966
16.040 move +0.0560 +0.0240 +0.6101 -0.0602 -1.43 0.994 -0.0046 +0.1984
16.060 move +0.0560 +0.0320 +0.6146 -0.0634 -1.68 0.996 +0.0625 +0.2262
16.080 move +0.0560 +0.0400 +0.6200 -0.0663 -1.69 0.998 -0.0096 +0.2690
16.100 move +0.0560 +0.0480 +0.6262 -0.0690 -1.56 0.999 -0.0119 +0.2963
16.120 move +0.0560 +0.0560 +0.6327 -0.0717 -1.64 1.000 -0.0143 +0.2934
16.140 move +0.0560 +0.0640 +0.6390 -0.0743 -1.70 0.999 +0.0546 +0.2605
16.160 move +0.0560 +0.0720 +0.6427 -0.0757 -2.12 0.996 +0.0163 +0.0478
16.180 move +0.0560 +0.0800 +0.6448 -0.0757 -2.14 0.991 +0.0168 +0.0174
16.200 move +0.0560 +0.0880 +0.6466 -0.0748 -1.96 0.985 +0.0165 +0.0343
16.220 move +0.0560 +0.0960 +0.6482 -0.0733 -1.69 0.981 +0.0154 +0.0465
16.240 move +0.0560 +0.1040 +0.6495 -0.0713 -1.41 0.978 +0.0139 +0.0535
16.260 move +0.0560 +0.1120 +0.6503 -0.0686 -1.10 0.977 +0.0116 +0.0515
16.280 move +0.0560 +0.1200 +0.6506 -0.0654 -0.86 0.977 +0.0087 +0.0409
16.300 move +0.0560 +0.1280 +0.6505 -0.0616 -0.70 0.981 +0.0051 +0.0461
16.320 move +0.0560 +0.1360 +0.6505 -0.0565 -0.50 0.987 +0.0005 +0.0576
16.340 move +0.0560 +0.1440 +0.6512 -0.0507 -0.25 0.993 -0.0045 +0.0988
16.360 move +0.0560 +0.1520 +0.6528 -0.0450 -0.05 0.997 -0.0094 +0.1318
16.380 move +0.0560 +0.1600 +0.6548 -0.0394 +0.07 1.000 +0.0477 +0.1030
16.400 move +0.0560 +0.1680 +0.6566 -0.0336 +0.90 0.999 +0.0499 +0.0850
16.420 move +0.0560 +0.1760 +0.6571 -0.0291 +2.28 0.998 +0.0510 -0.0246
16.440 move +0.0560 +0.1840 +0.6563 -0.0267 +3.92 0.994 +0.0248 -0.1010
16.460 move +0.0560 +0.1920 +0.6543 -0.0257 +5.33 0.989 +0.0262 -0.1494
16.480 move +0.0560 +0.2000 +0.6519 -0.0255 +6.29 0.984 +0.0271 -0.1442
16.500 move +0.0560 +0.2080 +0.6492 -0.0259 +6.84 0.979 +0.0272 -0.1409
16.520 move +0.0560 +0.2160 +0.6462 -0.0269 +7.17 0.976 +0.0267 -0.1275
16.540 move +0.0560 +0.2240 +0.6435 -0.0286 +7.33 0.973 +0.0254 -0.1038
16.560 move +0.0560 +0.2320 +0.6415 -0.0310 +7.45 0.972 +0.0234 -0.0648
16.580 move +0.0560 +0.2400 +0.6401 -0.0339 +7.46 0.972 +0.0208 -0.0508
16.600 move +0.0560 +0.2480 +0.6392 -0.0374 +7.30 0.974 +0.0179 -0.0194
16.620 move +0.0560 +0.2500 +0.6392 -0.0415 +7.08 0.978 +0.0146 +0.0181
16.640 move +0.0560 +0.2500 +0.6400 -0.0460 +6.73 0.982 +0.0653 +0.0231
16.660 move +0.0560 +0.2500 +0.6412 -0.0505 +5.41 0.987 +0.0635 +0.0032
16.680 move +0.0560 +0.2500 +0.6418 -0.0553 +3.03 0.991 +0.0670 -0.0230
16.700 move +0.0560 +0.2500 +0.6420 -0.0599 +0.22 0.994 +0.0071 -0.0059
16.720 move +0.0560 +0.2500 +0.6426 -0.0635 -2.09 0.997 +0.0710 -0.0098
16.740 move +0.0560 +0.2500 +0.6426 -0.0659 -2.75 0.999 +0.0721 -0.0249
16.760 move +0.0560 +0.2500 +0.6423 -0.0674 -2.69 1.000 +0.0729 -0.0102
16.780 move +0.0560 +0.2500 +0.6421 -0.0679 -2.47 0.999 +0.0735 +0.0061
16.800 move +0.0560 +0.2500 +0.6419 -0.0674 -2.34 0.998 +0.0738 +0.0220
16.820 move +0.0560 +0.2500 +0.6423 -0.0661 -2.14 0.996 +0.0736 +0.0548
16.840 move +0.0560 +0.2500 +0.6436 -0.0642 -1.80 0.995 +0.0724 +0.1243
16.860 move +0.0560 +0.2500 +0.6461 -0.0620 -1.29 0.995 -0.0068 +0.1572
16.880 move +0.0560 +0.2500 +0.6495 -0.0596 -0.65 0.995 -0.0089 +0.1926
16.900 move +0.0560 +0.2500 +0.6540 -0.0575 -0.18 0.996 +0.0668 +0.2220
16.920 move +0.0560 +0.2500 +0.6593 -0.0556 +0.19 0.997 -0.0126 +0.2720
16.940 move +0.0560 +0.2500 +0.6658 -0.0539 +0.60 0.998 +0.0587 +0.3014
16.960 move +0.0560 +0.2500 +0.6723 -0.0523 +1.07 0.999 +0.0569 +0.2420
16.980 move +0.0560 +0.2500 +0.6768 -0.0515 +1.41 0.999 +0.0550 +0.1238
17.000 move +0.0560 +0.2500 +0.6796 -0.0524 +1.47 0.997 +0.0166 +0.0324
17.020 move +0.0560 +0.2500 +0.6815 -0.0541 +1.36 0.993 +0.0160 +0.0259
17.040 move +0.0560 +0.2500 +0.6831 -0.0563 +1.16 0.989 +0.0148 +0.0303
17.060 move +0.0560 +0.2500 +0.6842 -0.0590 +0.79 0.985 +0.0130 +0.0368
17.080 move +0.0560 +0.2500 +0.6849 -0.0623 +0.46 0.983 +0.0104 +0.0305
17.100 move +0.0560 +0.2500 +0.6849 -0.0661 +0.31 0.983 +0.0073 +0.0107
17.120 move +0.0560 +0.2500 +0.6843 -0.0705 +0.39 0.986 +0.0035 +0.0065
17.140 move +0.0560 +0.2500 +0.6835 -0.0757 +0.38 0.990 -0.0012 -0.0031
17.160 move +0.0560 +0.2500 +0.6831 -0.0811 +0.27 0.994 -0.0059 +0.0252
17.180 move +0.0560 +0.2500 +0.6834 -0.0863 +0.18 0.997 +0.0447 +0.0501
17.200 move +0.0560 +0.2500 +0.6841 -0.0914 +0.41 0.998 +0.0435 +0.0319
17.220 move +0.0560 +0.2500 +0.6847 -0.0966 +0.29 0.998 +0.0431 +0.0184
17.240 move +0.0560 +0.2500 +0.6851 -0.1013 -0.18 0.996 -0.0233 +0.0344
17.260 move +0.0560 +0.2500 +0.6848 -0.1045 -0.92 0.993 +0.0532 -0.0829
17.280 move +0.0560 +0.2500 +0.6824 -0.1053 -1.67 0.989 +0.0262 -0.1776
17.300 move +0.0560 +0.2500 +0.6791 -0.1048 -2.34 0.984 +0.0266 -0.1948
17.320 move +0.0560 +0.2500 +0.6757 -0.1036 -2.93 0.979 +0.0268 -0.1709
17.340 move +0.0560 +0.2500 +0.6722 -0.1022 -3.25 0.975 +0.0265 -0.1513
17.360 move +0.0560 +0.2500 +0.6684 -0.1005 -3.44 0.972 +0.0260 -0.1505
17.380 move +0.0560 +0.2500 +0.6646 -0.0984 -3.47 0.969 +0.0250 -0.1265
17.400 move +0.0560 +0.2500 +0.6618 -0.0956 -3.25 0.969 +0.0230 -0.0557
17.420 move +0.0560 +0.2500 +0.6599 -0.0922 -2.83 0.969 +0.0204 -0.0238
17.440 move +0.0560 +0.2500 +0.6589 -0.0882 -2.02 0.969 +0.0175 +0.0026
17.460 move +0.0560 +0.2500 +0.6588 -0.0836 -0.83 0.971 +0.0144 +0.0306
17.480 move +0.0560 +0.2500 +0.6597 -0.0783 +0.26 0.974 +0.0691 +0.0581
17.500 move +0.0560 +0.2500 +0.6609 -0.0724 +1.61 0.980 +0.0720 +0.0253
17.520 move +0.0560 +0.2500 +0.6624 -0.0666 +3.03 0.986 +0.0748 +0.0636
17.540 move +0.0560 +0.2500 +0.6649 -0.0622 +4.28 0.991 +0.0004 +0.1165
17.560 move +0.0560 +0.2500 +0.6682 -0.0585 +5.03 0.994 +0.0793 +0.1496
17.580 move +0.0560 +0.2500 +0.6720 -0.0555 +5.25 0.995 +0.0799 +0.1633
17.600 move +0.0560 +0.2500 +0.6756 -0.0536 +5.23 0.994 +0.0779 +0.1423
17.620 move +0.0560 +0.2500 +0.6791 -0.0535 +5.13 0.992 +0.0754 +0.1436
17.640 move +0.0560 +0.2500 +0.6826 -0.0551 +5.04 0.990 +0.0723 +0.1456
17.660 move +0.0560 +0.2500 +0.6863 -0.0579 +4.97 0.990 +0.0048 +0.1590
17.680 move +0.0560 +0.2500 +0.6899 -0.0615 +4.73 0.991 +0.0018 +0.1458
17.700 move +0.0560 +0.2500 +0.6944 -0.0655 +4.54 0.993 -0.0016 +0.2098
17.720 move +0.0560 +0.2500 +0.7002 -0.0693 +4.48 0.996 +0.0544 +0.2622
17.740 move +0.0560 +0.2500 +0.7064 -0.0728 +4.61 0.997 +0.0490 +0.2641
17.760 move +0.0560 +0.2500 +0.7124 -0.0761 +4.92 0.998 -0.0102 +0.2571
17.780 move +0.0560 +0.2500 +0.7186 -0.0797 +4.91 0.997 -0.0133 +0.2793
17.800 move +0.0560 +0.2500 +0.7239 -0.0827 +4.97 0.994 +0.0517 +0.1232
17.820 move +0.0560 +0.2500 +0.7258 -0.0840 +4.90 0.988 +0.0162 -0.0461
17.840 move +0.0560 +0.2500 +0.7266 -0.0837 +5.02 0.982 +0.0165 -0.0357
17.860 move +0.0560 +0.2500 +0.7273 -0.0828 +5.28 0.977 +0.0161 +0.0063
17.880 move +0.0560 +0.2500 +0.7278 -0.0814 +5.60 0.974 +0.0152 +0.0261
17.900 move +0.0560 +0.2500 +0.7280 -0.0795 +5.95 0.973 +0.0137 +0.0358
17.920 move +0.0560 +0.2500 +0.7278 -0.0772 +6.28 0.974 +0.0116 +0.0333
17.940 move +0.0560 +0.2500 +0.7272 -0.0745 +6.44 0.977 +0.0089 +0.0397
17.960 move +0.0560 +0.2500 +0.7259 -0.0710 +6.76 0.982 +0.0055 +0.0151
17.980 move +0.0560 +0.2500 +0.7252 -0.0662 +7.25 0.988 +0.0012 +0.0727
18.000 move +0.0560 +0.2500 +0.7256 -0.0606 +7.65 0.994 -0.0036 +0.1248
18.020 move +0.0560 +0.2500 +0.7269 -0.0549 +7.89 0.998 +0.0486 +0.1430
18.040 move +0.0560 +0.2500 +0.7285 -0.0492 +8.06 1.000 +0.0501 +0.1048
18.060 move +0.0560 +0.2500 +0.7295 -0.0438 +8.12 1.000 +0.0510 +0.0444
18.080 move +0.0560 +0.2500 +0.7295 -0.0402 +8.22 0.998 +0.0210 -0.0289
18.100 move +0.0560 +0.2500 +0.7284 -0.0384 +8.41 0.995 +0.0232 -0.1110
18.120 move +0.0560 +0.2500 +0.7263 -0.0378 +8.58 0.990 +0.0243 -0.1531
18.140 move +0.0560 +0.2500 +0.7237 -0.0379 +8.54 0.985 +0.0246 -0.1517
18.160 move +0.0560 +0.2500 +0.7207 -0.0385 +8.35 0.981 +0.0243 -0.1518
18.180 move +0.0560 +0.2500 +0.7178 -0.0400 +8.16 0.978 +0.0233 -0.1224
18.200 move +0.0560 +0.2500 +0.7154 -0.0422 +8.06 0.976 +0.0215 -0.0957
18.220 move +0.0560 +0.2500 +0.7137 -0.0451 +7.96 0.976 +0.0191 -0.0494
18.240 move +0.0560 +0.2500 +0.7125 -0.0486 +7.71 0.977 +0.0160 -0.0461
18.260 move +0.0560 +0.2500 +0.7118 -0.0528 +7.19 0.980 +0.0126 -0.0185
18.280 move +0.0560 +0.2500 +0.7121 -0.0575 +6.64 0.984 +0.0668 +0.0170
18.300 move +0.0560 +0.2500 +0.7132 -0.0626 +5.80 0.989 +0.0627 +0.0184
18.320 move +0.0560 +0.2500 +0.7143 -0.0679 +3.97 0.993 +0.0635 -0.0046
18.340 move +0.0560 +0.2500 +0.7154 -0.0727 +2.17 0.996 +0.0661 +0.0405
18.360 move +0.0560 +0.2500 +0.7164 -0.0764 +0.57 0.999 +0.0684 -0.0007
18.380 move +0.0560 +0.2500 +0.7162 -0.0791 -0.32 1.000 +0.0701 -0.0449
18.400 move +0.0560 +0.2500 +0.7155 -0.0806 -0.37 1.000 +0.0712 -0.0603
18.420 move +0.0560 +0.2500 +0.7146 -0.0808 -0.21 0.998 +0.0038 -0.0519
18.440 move +0.0560 +0.2500 +0.7135 -0.0805 -0.23 0.996 +0.0042 -0.0521
18.460 move +0.0560 +0.2500 +0.7119 -0.0799 -0.13 0.994 +0.0043 -0.0643
18.480 move +0.0560 +0.2500 +0.7104 -0.0784 +0.14 0.992 +0.0035 -0.0155
18.500 move +0.0560 +0.2500 +0.7100 -0.0762 +0.53 0.991 +0.0017 +0.0526
18.520 move +0.0560 +0.2500 +0.7105 -0.0734 +1.02 0.990 -0.0008 +0.0812
18.540 move +0.0560 +0.2500 +0.7121 -0.0702 +1.72 0.990 +0.0734 +0.1253
18.560 move +0.0560 +0.2500 +0.7145 -0.0669 +2.06 0.991 -0.0062 +0.1435
18.580 move +0.0560 +0.2500 +0.7178 -0.0638 +2.44 0.992 -0.0087 +0.1822
18.600 move +0.0560 +0.2500 +0.7220 -0.0608 +2.87 0.994 -0.0115 +0.1915
18.620 move +0.0560 +0.2500 +0.7268 -0.0582 +3.30 0.996 +0.0714 +0.2266
18.640 move +0.0560 +0.2500 +0.7310 -0.0563 +3.57 0.997 +0.0710 +0.1369
18.660 move +0.0560 +0.2500 +0.7340 -0.0558 +3.45 0.997 +0.0699 +0.0905
18.680 move +0.0560 +0.2500 +0.7363 -0.0567 +3.46 0.995 +0.0159 +0.0610
18.700 move +0.0560 +0.2500 +0.7380 -0.0584 +3.64 0.992 +0.0150 +0.0398
18.720 move +0.0560 +0.2500 +0.7392 -0.0609 +3.68 0.989 +0.0135 +0.0309
18.740 move +0.0560 +0.2500 +0.7402 -0.0644 +3.57 0.988 +0.0110 +0.0410
18.760 move +0.0560 +0.2500 +0.7413 -0.0687 +3.47 0.988 +0.0075 +0.0578
18.780 move +0.0560 +0.2500 +0.7425 -0.0739 +3.22 0.990 +0.0032 +0.0520
18.800 move +0.0560 +0.2500 +0.7440 -0.0798 +2.87 0.993 -0.0018 +0.0872
18.820 move +0.0560 +0.2500 +0.7466 -0.0858 +2.79 0.997 +0.0554 +0.1281
18.840 move +0.0560 +0.2500 +0.7499 -0.0911 +2.95 0.999 +0.0517 +0.1379
18.860 move +0.0560 +0.2500 +0.7534 -0.0963 +3.11 1.000 -0.0154 +0.1633
18.880 move +0.0560 +0.2500 +0.7575 -0.1018 +2.95 0.999 -0.0201 +0.1902
18.900 move +0.0560 +0.2500 +0.7615 -0.1069 +2.72 0.996 +0.0607 +0.1187
18.920 move +0.0560 +0.2500 +0.7624 -0.1097 +2.25 0.991 +0.0257 -0.0681
18.940 move +0.0560 +0.2500 +0.7619 -0.1109 +1.99 0.985 +0.0273 -0.0772
18.960 move +0.0560 +0.2500 +0.7610 -0.1113 +1.91 0.979 +0.0281 -0.0654
18.980 move +0.0560 +0.2500 +0.7598 -0.1113 +2.02 0.974 +0.0283 -0.0542
19.000 move +0.0560 +0.2500 +0.7582 -0.1109 +2.21 0.970 +0.0280 -0.0563
19.020 move +0.0560 +0.2500 +0.7561 -0.1102 +2.43 0.967 +0.0273 -0.0571
19.040 move +0.0560 +0.2500 +0.7546 -0.1088 +2.59 0.966 +0.0260 +0.0077
19.060 move +0.0560 +0.2500 +0.7538 -0.1067 +2.85 0.967 +0.0241 +0.0245
19.080 move +0.0560 +0.2500 +0.7536 -0.1040 +3.32 0.969 +0.0218 +0.0611
19.100 move +0.0560 +0.2500 +0.7544 -0.1009 +3.81 0.971 +0.0193 +0.1023
19.120 move +0.0560 +0.2500 +0.7563 -0.0972 +4.29 0.974 +0.0164 +0.1324
19.140 move +0.0560 +0.2500 +0.7590 -0.0929 +4.61 0.979 +0.0726 +0.1509
19.160 move +0.0560 +0.2500 +0.7621 -0.0882 +5.09 0.986 +0.0748 +0.1176
19.180 move +0.0560 +0.2500 +0.7654 -0.0840 +6.06 0.993 +0.0735 +0.1356
19.200 move +0.0560 +0.2500 +0.7686 -0.0809 +6.78 0.997 +0.0718 +0.1169
19.220 move +0.0560 +0.2500 +0.7715 -0.0789 +7.02 0.999 +0.0701 +0.1112
19.240 move +0.0560 +0.2500 +0.7742 -0.0777 +7.01 1.000 +0.0685 +0.1034
19.260 move +0.0560 +0.2500 +0.7765 -0.0776 +6.98 0.999 -0.0009 +0.0859
19.280 move +0.0560 +0.2500 +0.7785 -0.0780 +6.95 0.997 -0.0009 +0.0823
19.300 move +0.0560 +0.2500 +0.7803 -0.0788 +6.86 0.996 -0.0012 +0.0865
19.320 move +0.0560 +0.2500 +0.7824 -0.0800 +6.72 0.995 -0.0021 +0.1124
19.340 move +0.0560 +0.2500 +0.7847 -0.0816 +6.49 0.995 -0.0034 +0.1113
19.360 move +0.0560 +0.2500 +0.7875 -0.0834 +6.25 0.996 -0.0050 +0.1461
19.380 move +0.0560 +0.2500 +0.7911 -0.0852 +6.36 0.997 +0.0550 +0.1655
19.400 move +0.0560 +0.2500 +0.7953 -0.0866 +6.51 0.999 -0.0079 +0.1826
19.420 move +0.0560 +0.2500 +0.8001 -0.0881 +6.54 0.999 -0.0094 +0.2177
19.440 move +0.0560 +0.2500 +0.8054 -0.0893 +6.34 0.999 -0.0106 +0.2466
19.460 move +0.0560 +0.2500 +0.8096 -0.0903 +5.96 0.997 +0.0614 +0.0659
19.480 move +0.0560 +0.2500 +0.8112 -0.0899 +5.55 0.994 +0.0095 -0.0009
19.500 move +0.0560 +0.2500 +0.8123 -0.0888 +5.63 0.990 +0.0090 +0.0174
19.520 move +0.0560 +0.2500 +0.8132 -0.0874 +5.74 0.988 +0.0083 +0.0343
19.540 move +0.0560 +0.2500 +0.8138 -0.0856 +5.90 0.986 +0.0073 +0.0441
19.560 move +0.0560 +0.2500 +0.8139 -0.0834 +6.05 0.985 +0.0057 +0.0383
19.580 move +0.0560 +0.2500 +0.8134 -0.0808 +6.10 0.986 +0.0036 +0.0190
19.600 move +0.0560 +0.2500 +0.8127 -0.0777 +6.11 0.989 +0.0008 +0.0580
19.620 move +0.0560 +0.2500 +0.8127 -0.0736 +6.38 0.993 -0.0028 +0.0864
19.640 move +0.0560 +0.2500 +0.8135 -0.0692 +6.82 0.996 -0.0066 +0.1270
19.660 move +0.0560 +0.2500 +0.8154 -0.0649 +7.13 0.998 -0.0103 +0.1592
19.680 move +0.0560 +0.2500 +0.8179 -0.0607 +7.07 0.999 +0.0546 +0.1416
19.700 move +0.0560 +0.2500 +0.8206 -0.0564 +7.33 1.000 +0.0528 +0.1418
19.720 move +0.0560 +0.2500 +0.8223 -0.0528 +7.78 0.999 +0.0535 +0.0409
19.740 move +0.0560 +0.2500 +0.8228 -0.0512 +7.92 0.997 +0.0215 -0.0340
19.760 move +0.0560 +0.2500 +0.8223 -0.0509 +8.09 0.994 +0.0224 -0.0878
19.780 move +0.0560 +0.2500 +0.8211 -0.0514 +8.26 0.989 +0.0226 -0.1039
19.800 move +0.0560 +0.2500 +0.8196 -0.0525 +8.04 0.985 +0.0219 -0.0999
19.820 move +0.0560 +0.2500 +0.8177 -0.0542 +7.72 0.982 +0.0206 -0.1076
19.840 move +0.0560 +0.2500 +0.8155 -0.0567 +7.44 0.980 +0.0187 -0.0900
19.860 move +0.0560 +0.2500 +0.8140 -0.0601 +7.27 0.981 +0.0158 -0.0577
19.880 move +0.0560 +0.2500 +0.8128 -0.0644 +7.06 0.982 +0.0121 -0.0486
19.900 move +0.0560 +0.2500 +0.8121 -0.0694 +6.70 0.986 +0.0079 -0.0160
19.920 move +0.0560 +0.2500 +0.8123 -0.0750 +6.36 0.989 +0.0625 +0.0152
19.940 move +0.0560 +0.2500 +0.8135 -0.0808 +5.91 0.994 +0.0593 +0.0262
19.960 move +0.0560 +0.2500 +0.8151 -0.0863 +4.96 0.997 +0.0558 +0.0476
19.980 move +0.0560 +0.2500 +0.8167 -0.0915 +3.93 0.999 -0.0076 +0.0594
20.000 move +0.0560 +0.2500 +0.8188 -0.0961 +3.33 1.000 +0.0661 +0.0663
20.020 move +0.0560 +0.2500 +0.8186 -0.0994 +3.14 0.999 +0.0703 -0.0909
20.040 move +0.0560 +0.2500 +0.8171 -0.1007 +3.11 0.996 +0.0154 -0.1261
20.060 move +0.0560 +0.2500 +0.8153 -0.1012 +3.07 0.993 +0.0165 -0.1022
20.080 move +0.0560 +0.2500 +0.8131 -0.1011 +3.16 0.989 +0.0170 -0.0961
20.100 move +0.0560 +0.2500 +0.8105 -0.1005 +3.41 0.985 +0.0168 -0.0964
20.120 move +0.0560 +0.2500 +0.8081 -0.0989 +3.72 0.983 +0.0157 -0.0523
20.140 move +0.0560 +0.2500 +0.8067 -0.0964 +4.04 0.981 +0.0136 +0.0138
20.160 move +0.0560 +0.2500 +0.8060 -0.0931 +4.58 0.981 +0.0107 +0.0299
20.180 move +0.0560 +0.2500 +0.8059 -0.0889 +5.68 0.981 +0.0075 +0.0625
20.200 move +0.0560 +0.2500 +0.8067 -0.0839 +7.16 0.982 +0.0042 +0.1036
20.220 move +0.0560 +0.2500 +0.8082 -0.0783 +8.30 0.985 +0.0744 +0.0970
20.240 move +0.0560 +0.2500 +0.8101 -0.0730 +9.29 0.989 +0.0707 +0.1260
20.260 move +0.0560 +0.2500 +0.8128 -0.0681 +10.05 0.992 -0.0069 +0.1717
20.280 move +0.0560 +0.2500 +0.8163 -0.0639 +10.92 0.995 +0.0769 +0.1665
20.300 move +0.0560 +0.2500 +0.8196 -0.0606 +11.11 0.996 +0.0742 +0.1380
20.320 move +0.0560 +0.2500 +0.8223 -0.0588 +11.03 0.995 +0.0724 +0.1004
20.340 move +0.0560 +0.2500 +0.8245 -0.0585 +11.08 0.993 +0.0717 +0.0717
20.360 move +0.0560 +0.2500 +0.8267 -0.0596 +11.14 0.991 +0.0723 +0.0739
20.380 move +0.0560 +0.2500 +0.8290 -0.0620 +11.15 0.988 +0.0118 +0.0702
20.400 move +0.0560 +0.2500 +0.8312 -0.0651 +11.06 0.988 +0.0093 +0.0726
20.420 move +0.0560 +0.2500 +0.8337 -0.0690 +10.87 0.988 +0.0059 +0.0949
20.440 move +0.0560 +0.2500 +0.8364 -0.0738 +10.52 0.991 +0.0017 +0.0878
20.460 move +0.0560 +0.2500 +0.8395 -0.0792 +10.07 0.994 -0.0031 +0.1210
20.480 move +0.0560 +0.2500 +0.8436 -0.0845 +10.01 0.997 +0.0552 +0.1543
20.500 move +0.0560 +0.2500 +0.8481 -0.0891 +10.25 0.999 +0.0513 +0.1551
20.520 move +0.0560 +0.2500 +0.8528 -0.0937 +10.31 1.000 -0.0164 +0.1730
20.540 move +0.0560 +0.2500 +0.8579 -0.0982 +10.12 0.998 -0.0206 +0.2179
20.560 move +0.0560 +0.2500 +0.8612 -0.1017 +9.87 0.995 +0.0613 -0.0060
20.580 move +0.0560 +0.2500 +0.8616 -0.1033 +9.60 0.989 +0.0246 -0.0776
20.600 move +0.0560 +0.2500 +0.8614 -0.1040 +9.53 0.983 +0.0256 -0.0541
20.620 move +0.0560 +0.2500 +0.8609 -0.1041 +9.76 0.977 +0.0260 -0.0365
20.640 move +0.0560 +0.2500 +0.8601 -0.1040 +10.04 0.973 +0.0258 -0.0285
20.660 move +0.0560 +0.2500 +0.8588 -0.1035 +10.37 0.970 +0.0252 -0.0358
20.680 move +0.0560 +0.2500 +0.8570 -0.1026 +10.73 0.968 +0.0241 -0.0285
20.700 move +0.0560 +0.2500 +0.8559 -0.1009 +10.96 0.969 +0.0223 +0.0400
20.720 move +0.0560 +0.2500 +0.8555 -0.0983 +11.25 0.972 +0.0198 +0.0602
20.740 move +0.0560 +0.2500 +0.8556 -0.0949 +11.76 0.976 +0.0170 +0.0965
20.760 move +0.0560 +0.2500 +0.8567 -0.0909 +12.25 0.979 +0.0139 +0.1374
20.780 move +0.0560 +0.2500 +0.8587 -0.0861 +12.55 0.984 +0.0103 +0.1638
20.800 move +0.0560 +0.2500 +0.8613 -0.0806 +12.94 0.990 +0.0679 +0.1471
20.820 move +0.0560 +0.2500 +0.8641 -0.0750 +13.80 0.995 +0.0679 +0.1407
20.840 move +0.0560 +0.2500 +0.8663 -0.0707 +14.39 0.999 +0.0668 +0.0948
20.860 move +0.0560 +0.2500 +0.8679 -0.0678 +14.57 1.000 +0.0661 +0.0535
20.880 move +0.0560 +0.2500 +0.8691 -0.0664 +14.60 0.999 +0.0042 +0.0282
20.900 move +0.0560 +0.2500 +0.8697 -0.0656 +14.59 0.997 +0.0054 +0.0113
20.920 move +0.0560 +0.2500 +0.8699 -0.0653 +14.50 0.995 +0.0061 +0.0060
20.940 move +0.0560 +0.2500 +0.8701 -0.0660 +14.38 0.992 +0.0059 +0.0162
20.960 move +0.0560 +0.2500 +0.8708 -0.0676 +14.26 0.991 +0.0046 +0.0366
20.980 move +0.0560 +0.2500 +0.8718 -0.0699 +14.04 0.991 +0.0025 +0.0408
21.000 move +0.0560 +0.2500 +0.8735 -0.0728 +13.76 0.993 -0.0002 +0.0767
21.020 move +0.0560 +0.2500 +0.8762 -0.0758 +13.65 0.995 +0.0592 +0.1154
21.040 move +0.0560 +0.2500 +0.8798 -0.0784 +13.63 0.997 +0.0559 +0.1313
21.060 move +0.0560 +0.2500 +0.8836 -0.0808 +13.48 0.999 -0.0077 +0.1573
21.080 move +0.0560 +0.2500 +0.8882 -0.0833 +13.15 1.000 -0.0104 +0.1956
21.100 move +0.0560 +0.2500 +0.8929 -0.0853 +12.93 1.000 +0.0633 +0.1510
21.120 move +0.0560 +0.2500 +0.8947 -0.0865 +12.68 0.998 +0.0131 -0.0268
21.140 move +0.0560 +0.2500 +0.8947 -0.0865 +12.66 0.994 +0.0136 -0.0524
21.160 move +0.0560 +0.2500 +0.8943 -0.0860 +12.78 0.991 +0.0136 -0.0302
21.180 move +0.0560 +0.2500 +0.8935 -0.0850 +12.90 0.988 +0.0132 -0.0226
21.200 move +0.0560 +0.2500 +0.8922 -0.0836 +13.16 0.987 +0.0120 -0.0271
21.220 move +0.0560 +0.2500 +0.8902 -0.0816 +13.43 0.986 +0.0102 -0.0333
21.240 move +0.0560 +0.2500 +0.8886 -0.0785 +13.74 0.987 +0.0073 +0.0358
21.260 move +0.0560 +0.2500 +0.8877 -0.0741 +14.13 0.990 +0.0034 +0.0636
21.280 move +0.0560 +0.2500 +0.8875 -0.0691 +14.66 0.992 -0.0008 +0.1133
21.300 move +0.0560 +0.2500 +0.8884 -0.0636 +15.09 0.993 -0.0052 +0.1559
21.320 move +0.0560 +0.2500 +0.8902 -0.0582 +15.27 0.995 +0.0648 +0.1449
21.340 move +0.0560 +0.2500 +0.8924 -0.0531 +15.47 0.997 -0.0133 +0.1741
21.360 move +0.0560 +0.2500 +0.8957 -0.0481 +15.88 0.997 +0.0633 +0.1891
21.380 move +0.0560 +0.2500 +0.8979 -0.0443 +15.95 0.998 +0.0637 +0.0743
21.400 move +0.0560 +0.2500 +0.8991 -0.0428 +15.94 0.996 +0.0210 +0.0193
21.420 move +0.0560 +0.2500 +0.8997 -0.0427 +16.23 0.993 +0.0217 -0.0265
21.440 move +0.0560 +0.2500 +0.8998 -0.0434 +16.52 0.989 +0.0218 -0.0386
21.460 move +0.0560 +0.2500 +0.8995 -0.0448 +16.58 0.985 +0.0212 -0.0517
21.480 move +0.0560 +0.2500 +0.8992 -0.0470 +16.53 0.982 +0.0197 -0.0358
21.500 move +0.0560 +0.2500 +0.8992 -0.0501 +16.42 0.981 +0.0173 -0.0212
21.520 move +0.0560 +0.2500 +0.8997 -0.0538 +16.31 0.981 +0.0141 +0.0111
21.540 move +0.0560 +0.2500 +0.9006 -0.0582 +16.05 0.983 +0.0103 +0.0051
21.560 move +0.0560 +0.2500 +0.9020 -0.0632 +15.59 0.987 +0.0059 +0.0302
21.580 move +0.0560 +0.2500 +0.9043 -0.0686 +15.25 0.991 +0.0624 +0.0554
21.600 move +0.0560 +0.2500 +0.9074 -0.0740 +14.73 0.995 +0.0583 +0.0714
21.620 move +0.0560 +0.2500 +0.9108 -0.0789 +13.79 0.998 +0.0555 +0.0967
21.640 move +0.0560 +0.2500 +0.9141 -0.0834 +12.95 1.000 -0.0099 +0.1127
21.660 move +0.0560 +0.2500 +0.9164 -0.0871 +12.59 1.000 +0.0645 -0.0221
21.680 move +0.0560 +0.2500 +0.9162 -0.0894 +12.41 0.998 +0.0145 -0.0877
21.700 move +0.0560 +0.2500 +0.9151 -0.0906 +12.52 0.994 +0.0159 -0.1065
21.720 move +0.0560 +0.2500 +0.9137 -0.0912 +12.59 0.990 +0.0168 -0.0803
21.740 move +0.0560 +0.2500 +0.9120 -0.0914 +12.79 0.986 +0.0171 -0.0756
21.760 move +0.0560 +0.2500 +0.9096 -0.0912 +13.12 0.983 +0.0168 -0.0865
21.780 move +0.0560 +0.2500 +0.9073 -0.0900 +13.49 0.981 +0.0156 -0.0376
21.800 move +0.0560 +0.2500 +0.9058 -0.0877 +13.82 0.981 +0.0134 +0.0311
21.820 move +0.0560 +0.2500 +0.9050 -0.0844 +14.33 0.982 +0.0104 +0.0501
21.840 move +0.0560 +0.2500 +0.9046 -0.0801 +15.29 0.984 +0.0071 +0.0847
21.860 move +0.0560 +0.2500 +0.9052 -0.0750 +16.47 0.986 +0.0037 +0.1235
21.880 move +0.0560 +0.2500 +0.9063 -0.0692 +17.16 0.989 +0.0670 +0.1269
21.900 move +0.0560 +0.2500 +0.9082 -0.0635 +17.81 0.993 +0.0664 +0.1506
21.920 move +0.0560 +0.2500 +0.9105 -0.0582 +18.46 0.996 +0.0675 +0.1472
21.940 move +0.0560 +0.2500 +0.9123 -0.0539 +18.98 0.998 +0.0673 +0.0931
21.960 move +0.0560 +0.2500 +0.9135 -0.0514 +18.81 0.998 +0.0665 +0.0492
21.980 move +0.0560 +0.2500 +0.9144 -0.0505 +18.81 0.996 +0.0138 +0.0161
22.000 move +0.0560 +0.2500 +0.9149 -0.0506 +19.09 0.993 +0.0142 -0.0202
22.020 move +0.0560 +0.2500 +0.9150 -0.0515 +19.20 0.989 +0.0140 -0.0381
22.040 move +0.0560 +0.2500 +0.9151 -0.0534 +19.12 0.987 +0.0128 -0.0150
22.060 move +0.0560 +0.2500 +0.9158 -0.0562 +18.96 0.986 +0.0104 +0.0091
22.080 move +0.0560 +0.2500 +0.9168 -0.0598 +18.67 0.987 +0.0072 +0.0065
22.100 move +0.0560 +0.2500 +0.9184 -0.0641 +18.23 0.989 +0.0034 +0.0381
22.120 move +0.0560 +0.2500 +0.9211 -0.0686 +17.91 0.993 +0.0616 +0.0712
22.140 move +0.0560 +0.2500 +0.9247 -0.0727 +17.57 0.996 +0.0581 +0.1062
22.160 move +0.0560 +0.2500 +0.9286 -0.0765 +16.82 0.998 -0.0071 +0.1397
22.180 move +0.0560 +0.2500 +0.9333 -0.0801 +16.15 1.000 -0.0107 +0.1816
22.200 move +0.0560 +0.2500 +0.9383 -0.0834 +15.82 1.000 +0.0660 +0.1385
22.220 move +0.0560 +0.2500 +0.9403 -0.0858 +15.45 0.998 +0.0155 -0.0297
22.240 move +0.0560 +0.2500 +0.9405 -0.0870 +15.47 0.994 +0.0170 -0.0583
22.260 move +0.0560 +0.2500 +0.9402 -0.0875 +15.70 0.990 +0.0177 -0.0423
22.280 move +0.0560 +0.2500 +0.9393 -0.0875 +15.98 0.986 +0.0179 -0.0367
22.300 move +0.0560 +0.2500 +0.9379 -0.0872 +16.32 0.983 +0.0174 -0.0438
22.320 move +0.0560 +0.2500 +0.9360 -0.0862 +16.69 0.981 +0.0163 -0.0251
22.340 move +0.0560 +0.2500 +0.9347 -0.0841 +17.00 0.981 +0.0142 +0.0413
22.360 move +0.0560 +0.2500 +0.9339 -0.0809 +17.37 0.983 +0.0113 +0.0608
22.380 move +0.0560 +0.2500 +0.9336 -0.0767 +18.06 0.985 +0.0079 +0.0959
22.400 move +0.0560 +0.2500 +0.9340 -0.0717 +18.93 0.987 +0.0042 +0.1386
22.420 move +0.0560 +0.2500 +0.9352 -0.0659 +19.69 0.990 +0.0659 +0.1479
22.440 move +0.0560 +0.2500 +0.9369 -0.0600 +20.15 0.994 +0.0635 +0.1595
22.460 move +0.0560 +0.2500 +0.9393 -0.0544 +20.46 0.997 +0.0631 +0.1738
22.480 move +0.0560 +0.2500 +0.9410 -0.0498 +20.88 0.999 +0.0624 +0.1000
22.500 move +0.0560 +0.2500 +0.9419 -0.0472 +20.73 0.999 +0.0619 +0.0371
22.520 move +0.0560 +0.2500 +0.9425 -0.0464 +20.79 0.997 +0.0143 -0.0139
22.540 move +0.0560 +0.2500 +0.9424 -0.0465 +20.92 0.994 +0.0148 -0.0561
22.560 move +0.0560 +0.2500 +0.9419 -0.0473 +20.89 0.990 +0.0148 -0.0644
22.580 move +0.0560 +0.2500 +0.9410 -0.0490 +20.62 0.987 +0.0137 -0.0713
22.600 move +0.0560 +0.2500 +0.9405 -0.0517 +20.40 0.986 +0.0118 -0.0458
22.620 move +0.0560 +0.2500 +0.9407 -0.0552 +20.21 0.986 +0.0088 -0.0133
22.640 move +0.0560 +0.2500 +0.9413 -0.0596 +19.92 0.988 +0.0050 -0.0192
22.660 move +0.0560 +0.2500 +0.9425 -0.0646 +19.44 0.991 +0.0007 +0.0068
22.680 move +0.0560 +0.2500 +0.9449 -0.0696 +19.14 0.994 +0.0615 +0.0551
22.700 move +0.0560 +0.2500 +0.9483 -0.0739 +18.85 0.998 +0.0585 +0.0857
22.720 move +0.0560 +0.2500 +0.9519 -0.0780 +18.35 0.999 -0.0108 +0.1021
22.740 move +0.0560 +0.2500 +0.9562 -0.0815 +17.99 1.000 -0.0151 +0.1620
22.760 move +0.0560 +0.2500 +0.9595 -0.0845 +17.86 0.999 +0.0682 +0.0014
22.780 move +0.0560 +0.2500 +0.9600 -0.0862 +17.81 0.996 +0.0196 -0.0698
22.800 move +0.0560 +0.2500 +0.9595 -0.0869 +17.82 0.991 +0.0207 -0.0648
22.820 move +0.0560 +0.2500 +0.9587 -0.0870 +17.87 0.986 +0.0211 -0.0462
22.840 move +0.0560 +0.2500 +0.9573 -0.0868 +18.02 0.982 +0.0210 -0.0485
22.860 move +0.0560 +0.2500 +0.9554 -0.0861 +18.28 0.980 +0.0203 -0.0356
22.880 move +0.0560 +0.2500 +0.9538 -0.0844 +18.56 0.978 +0.0186 +0.0063
22.900 move +0.0560 +0.2500 +0.9530 -0.0817 +18.81 0.978 +0.0161 +0.0729
22.920 move +0.0560 +0.2500 +0.9527 -0.0781 +19.32 0.979 +0.0130 +0.0895
22.940 move +0.0560 +0.2500 +0.9529 -0.0735 +20.34 0.982 +0.0098 +0.1235
22.960 move +0.0560 +0.2500 +0.9538 -0.0681 +21.62 0.984 +0.0065 +0.1640
22.980 move +0.0560 +0.2500 +0.9554 -0.0617 +22.44 0.989 +0.0651 +0.1728
23.000 move +0.0560 +0.2500 +0.9574 -0.0551 +23.34 0.994 +0.0662 +0.1869
23.020 move +0.0560 +0.2500 +0.9597 -0.0489 +24.03 0.998 +0.0653 +0.1554
23.040 move +0.0560 +0.2500 +0.9612 -0.0443 +24.40 1.000 +0.0642 +0.0933
23.060 move +0.0560 +0.2500 +0.9623 -0.0417 +24.28 0.999 +0.0632 +0.0427
23.080 move +0.0560 +0.2500 +0.9628 -0.0405 +24.28 0.997 +0.0118 -0.0093
23.100 move +0.0560 +0.2500 +0.9630 -0.0401 +24.25 0.994 +0.0125 -0.0211
23.120 move +0.0560 +0.2500 +0.9628 -0.0405 +24.02 0.990 +0.0125 -0.0331
23.140 move +0.0560 +0.2500 +0.9626 -0.0420 +23.73 0.988 +0.0114 -0.0235
23.160 move +0.0560 +0.2500 +0.9631 -0.0445 +23.56 0.987 +0.0094 -0.0025
23.180 move +0.0560 +0.2500 +0.9639 -0.0477 +23.33 0.988 +0.0064 -0.0052
23.200 move +0.0560 +0.2500 +0.9653 -0.0517 +22.97 0.990 +0.0028 +0.0234
23.220 move +0.0560 +0.2500 +0.9676 -0.0559 +22.71 0.993 +0.0600 +0.0532
23.240 move +0.0560 +0.2500 +0.9711 -0.0597 +22.52 0.996 +0.0570 +0.0863
23.260 move +0.0560 +0.2500 +0.9747 -0.0631 +22.02 0.999 +0.0539 +0.0919
23.280 move +0.0560 +0.2500 +0.9783 -0.0665 +21.29 1.000 -0.0108 +0.1192
23.300 move +0.0560 +0.2500 +0.9822 -0.0694 +20.83 1.000 +0.0641 +0.0678
23.320 move +0.0560 +0.2500 +0.9831 -0.0719 +20.59 0.998 +0.0675 -0.0816
23.340 move +0.0560 +0.2500 +0.9822 -0.0729 +20.69 0.995 +0.0162 -0.1159
23.360 move +0.0560 +0.2500 +0.9808 -0.0734 +20.83 0.991 +0.0168 -0.0824
23.380 move +0.0560 +0.2500 +0.9790 -0.0735 +21.09 0.987 +0.0167 -0.0741
23.400 move +0.0560 +0.2500 +0.9766 -0.0733 +21.45 0.985 +0.0161 -0.0814
23.420 move +0.0560 +0.2500 +0.9740 -0.0723 +21.86 0.984 +0.0148 -0.0468
23.440 move +0.0560 +0.2500 +0.9718 -0.0700 +22.19 0.983 +0.0124 +0.0232
23.460 move +0.0560 +0.2500 +0.9702 -0.0664 +22.67 0.984 +0.0090 +0.0442
23.480 move +0.0560 +0.2500 +0.9689 -0.0619 +23.62 0.986 +0.0053 +0.0784
23.500 move +0.0560 +0.2500 +0.9683 -0.0563 +24.92 0.988 +0.0015 +0.1217
23.520 move +0.0560 +0.2500 +0.9685 -0.0502 +25.82 0.990 +0.0688 +0.1357
23.540 move +0.0560 +0.2500 +0.9693 -0.0443 +26.30 0.994 +0.0655 +0.1460
23.560 move +0.0560 +0.2500 +0.9707 -0.0386 +26.68 0.996 -0.0111 +0.1802
23.580 move +0.0560 +0.2500 +0.9723 -0.0336 +27.24 0.997 +0.0677 +0.1251
23.600 move +0.0560 +0.2500 +0.9733 -0.0307 +27.17 0.997 +0.0672 +0.0581
23.620 move +0.0560 +0.2500 +0.9742 -0.0296 +27.07 0.995 +0.0670 +0.0207
23.640 move +0.0560 +0.2500 +0.9748 -0.0298 +27.40 0.992 +0.0174 -0.0273
23.660 move +0.0560 +0.2500 +0.9750 -0.0309 +27.76 0.989 +0.0172 -0.0430
23.680 move +0.0560 +0.2500 +0.9753 -0.0329 +27.75 0.986 +0.0159 -0.0314
23.700 move +0.0560 +0.2500 +0.9761 -0.0357 +27.56 0.984 +0.0136 -0.0145
23.720 move +0.0560 +0.2500 +0.9775 -0.0392 +27.36 0.984 +0.0105 +0.0134
23.740 move +0.0560 +0.2500 +0.9793 -0.0433 +27.03 0.986 +0.0067 +0.0051
23.760 move +0.0560 +0.2500 +0.9817 -0.0479 +26.52 0.989 +0.0023 +0.0307
23.780 move +0.0560 +0.2500 +0.9852 -0.0526 +26.17 0.993 +0.0631 +0.0631
23.800 move +0.0560 +0.2500 +0.9895 -0.0566 +25.77 0.997 +0.0596 +0.0997
23.820 move +0.0560 +0.2500 +0.9940 -0.0603 +25.06 0.999 -0.0093 +0.1255
23.840 move +0.0560 +0.2500 +0.9992 -0.0633 +24.54 1.000 -0.0135 +0.1822
23.860 move +0.0560 +0.2500 +1.0032 -0.0660 +24.40 0.999 +0.0693 +0.0156
23.880 move +0.0560 +0.2500 +1.0043 -0.0678 +24.44 0.996 +0.0178 -0.0574
23.900 move +0.0560 +0.2500 +1.0044 -0.0686 +24.70 0.992 +0.0189 -0.0548
23.920 move +0.0560 +0.2500 +1.0040 -0.0690 +24.96 0.987 +0.0193 -0.0346
23.940 move +0.0560 +0.2500 +1.0030 -0.0690 +25.31 0.984 +0.0192 -0.0351
23.960 move +0.0560 +0.2500 +1.0014 -0.0687 +25.75 0.981 +0.0185 -0.0327
23.980 move +0.0560 +0.2500 +0.9998 -0.0672 +26.12 0.980 +0.0170 +0.0124
24.000 move +0.0560 +0.2500 +0.9988 -0.0647 +26.39 0.980 +0.0145 +0.0805
24.020 move +0.0560 +0.2500 +0.9982 -0.0611 +26.86 0.982 +0.0114 +0.0980
24.040 move +0.0560 +0.2500 +0.9979 -0.0565 +27.76 0.984 +0.0081 +0.1328
24.060 move +0.0560 +0.2500 +0.9983 -0.0509 +28.86 0.987 +0.0046 +0.1737
24.080 move +0.0560 +0.2500 +0.9993 -0.0444 +29.52 0.991 +0.0622 +0.1855
24.100 move +0.0560 +0.2500 +1.0009 -0.0377 +30.06 0.996 +0.0629 +0.2023
24.120 move +0.0560 +0.2500 +1.0026 -0.0317 +30.43 0.999 +0.0616 +0.1494
24.140 move +0.0560 +0.2500 +1.0035 -0.0274 +30.57 1.000 +0.0606 +0.0729
24.160 move +0.0560 +0.2500 +1.0041 -0.0252 +30.48 0.999 +0.0124 +0.0153
24.180 move +0.0560 +0.2500 +1.0043 -0.0243 +30.51 0.996 +0.0136 -0.0240
24.200 move +0.0560 +0.2500 +1.0042 -0.0241 +30.36 0.992 +0.0142 -0.0350
24.220 move +0.0560 +0.2500 +1.0039 -0.0249 +30.12 0.988 +0.0139 -0.0466
24.240 move +0.0560 +0.2500 +1.0034 -0.0266 +29.81 0.986 +0.0128 -0.0481
24.260 move +0.0560 +0.2500 +1.0036 -0.0292 +29.60 0.985 +0.0107 -0.0258
24.280 move +0.0560 +0.2500 +1.0043 -0.0326 +29.38 0.987 +0.0077 -0.0284
24.300 move +0.0560 +0.2500 +1.0056 -0.0367 +29.06 0.989 +0.0040 -0.0012
24.320 move +0.0560 +0.2500 +1.0078 -0.0410 +28.80 0.992 +0.0602 +0.0254
24.340 move +0.0560 +0.2500 +1.0111 -0.0449 +28.56 0.996 +0.0574 +0.0532
24.360 move +0.0560 +0.2500 +1.0146 -0.0484 +27.99 0.998 +0.0547 +0.0669
24.380 move +0.0560 +0.2500 +1.0181 -0.0519 +27.14 1.000 -0.0101 +0.0904
24.400 move +0.0560 +0.2500 +1.0219 -0.0547 +26.62 1.000 +0.0658 +0.0576
24.420 move +0.0560 +0.2500 +1.0228 -0.0573 +26.49 0.999 +0.0699 -0.0930
24.440 move +0.0560 +0.2500 +1.0217 -0.0587 +26.65 0.996 +0.0163 -0.1253
24.460 move +0.0560 +0.2500 +1.0201 -0.0595 +26.75 0.992 +0.0170 -0.0919
24.480 move +0.0560 +0.2500 +1.0181 -0.0600 +26.89 0.988 +0.0172 -0.0886
24.500 move +0.0560 +0.2500 +1.0154 -0.0601 +27.18 0.985 +0.0167 -0.0896
24.520 move +0.0560 +0.2500 +1.0126 -0.0592 +27.51 0.983 +0.0153 -0.0421
24.540 move +0.0560 +0.2500 +1.0103 -0.0570 +27.85 0.983 +0.0128 +0.0286
24.560 move +0.0560 +0.2500 +1.0085 -0.0536 +28.45 0.983 +0.0096 +0.0473
24.580 move +0.0560 +0.2500 +1.0069 -0.0491 +29.75 0.984 +0.0062 +0.0819
24.600 move +0.0560 +0.2500 +1.0058 -0.0435 +31.44 0.985 +0.0027 +0.1253
24.620 move +0.0560 +0.2500 +1.0052 -0.0373 +32.69 0.989 +0.0707 +0.1321
24.640 move +0.0560 +0.2500 +1.0053 -0.0312 +33.44 0.992 +0.0669 +0.1470
24.660 move +0.0560 +0.2500 +1.0061 -0.0253 +34.01 0.995 -0.0095 +0.1910
24.680 move +0.0560 +0.2500 +1.0075 -0.0198 +34.82 0.997 +0.0703 +0.1473
24.700 move +0.0560 +0.2500 +1.0085 -0.0162 +34.84 0.997 +0.0696 +0.0837
24.720 move +0.0560 +0.2500 +1.0094 -0.0145 +34.68 0.996 +0.0689 +0.0414
24.740 move +0.0560 +0.2500 +1.0105 -0.0143 +34.87 0.993 +0.0160 +0.0032
24.760 move +0.0560 +0.2500 +1.0114 -0.0151 +35.24 0.990 +0.0158 -0.0148
24.780 move +0.0560 +0.2500 +1.0125 -0.0168 +35.25 0.987 +0.0145 -0.0078
24.800 move +0.0560 +0.2500 +1.0140 -0.0193 +35.15 0.985 +0.0122 +0.0008
24.820 move +0.0560 +0.2500 +1.0161 -0.0224 +34.97 0.986 +0.0091 +0.0236
24.840 move +0.0560 +0.2500 +1.0186 -0.0262 +34.64 0.988 +0.0052 +0.0115
24.860 move +0.0560 +0.2500 +1.0218 -0.0305 +34.13 0.990 +0.0008 +0.0375
24.880 move +0.0560 +0.2500 +1.0261 -0.0345 +33.81 0.994 +0.0622 +0.0810
24.900 move +0.0560 +0.2500 +1.0310 -0.0376 +33.47 0.997 +0.0589 +0.1097
24.920 move +0.0560 +0.2500 +1.0361 -0.0404 +32.75 0.999 -0.0107 +0.1408
24.940 move +0.0560 +0.2500 +1.0419 -0.0427 +32.14 1.000 -0.0146 +0.1932
24.960 move +0.0560 +0.2500 +1.0465 -0.0446 +31.91 0.999 +0.0688 +0.0273
24.980 move +0.0560 +0.2500 +1.0480 -0.0461 +32.03 0.996 +0.0191 -0.0504
25.000 move +0.0560 +0.2500 +1.0483 -0.0469 +32.17 0.991 +0.0203 -0.0413
25.020 move +0.0560 +0.2500 +1.0480 -0.0473 +32.50 0.986 +0.0207 -0.0328
25.040 move +0.0560 +0.2500 +1.0471 -0.0474 +32.89 0.982 +0.0206 -0.0331
25.060 move +0.0560 +0.2500 +1.0455 -0.0473 +33.34 0.980 +0.0199 -0.0199
25.080 move +0.0560 +0.2500 +1.0440 -0.0460 +33.69 0.978 +0.0184 +0.0251
25.100 move +0.0560 +0.2500 +1.0430 -0.0435 +33.95 0.979 +0.0160 +0.0952
25.120 move +0.0560 +0.2500 +1.0423 -0.0399 +34.40 0.980 +0.0130 +0.1134
25.140 move +0.0560 +0.2500 +1.0419 -0.0354 +35.33 0.983 +0.0099 +0.1485
25.160 move +0.0560 +0.2500 +1.0419 -0.0297 +36.47 0.986 +0.0066 +0.1900
25.180 move +0.0560 +0.2500 +1.0425 -0.0230 +37.10 0.990 +0.0613 +0.2148
25.200 move +0.0560 +0.2500 +1.0436 -0.0158 +37.64 0.995 +0.0625 +0.2236
25.220 move +0.0560 +0.2500 +1.0449 -0.0092 +37.97 0.999 +0.0611 +0.1652
25.240 move +0.0560 +0.2500 +1.0455 -0.0046 +38.18 1.000 +0.0597 +0.0836
25.260 move +0.0560 +0.2500 +1.0459 -0.0022 +38.14 0.999 +0.0106 +0.0168
25.280 move +0.0560 +0.2500 +1.0462 -0.0009 +38.10 0.996 +0.0120 -0.0059
25.300 move +0.0560 +0.2500 +1.0464 -0.0005 +37.89 0.992 +0.0126 -0.0141
25.320 move +0.0560 +0.2500 +1.0464 -0.0010 +37.62 0.988 +0.0123 -0.0272
25.340 move +0.0560 +0.2500 +1.0463 -0.0025 +37.31 0.986 +0.0113 -0.0453
25.360 move +0.0560 +0.2500 +1.0467 -0.0049 +37.11 0.986 +0.0092 -0.0267
25.380 move +0.0560 +0.2500 +1.0477 -0.0082 +36.90 0.987 +0.0063 -0.0327
25.400 move +0.0560 +0.2500 +1.0493 -0.0121 +36.61 0.990 +0.0027 -0.0095
25.420 move +0.0560 +0.2500 +1.0518 -0.0162 +36.38 0.993 +0.0582 +0.0148
25.440 move +0.0560 +0.2500 +1.0552 -0.0198 +36.23 0.996 +0.0559 +0.0449
25.460 move +0.0560 +0.2500 +1.0588 -0.0229 +36.10 0.999 +0.0537 +0.0519
25.480 move +0.0560 +0.2500 +1.0623 -0.0260 +35.69 1.000 -0.0126 +0.0568
25.500 move +0.0560 +0.2500 +1.0661 -0.0286 +35.17 1.000 +0.0660 +0.0564
25.520 move +0.0560 +0.2500 +1.0672 -0.0314 +34.99 0.998 +0.0679 -0.1020
25.540 move +0.0560 +0.2500 +1.0661 -0.0331 +35.10 0.995 +0.0192 -0.1398
25.560 move +0.0560 +0.2500 +1.0643 -0.0344 +35.20 0.991 +0.0198 -0.1114
25.580 move +0.0560 +0.2500 +1.0620 -0.0354 +35.41 0.987 +0.0199 -0.1105
25.600 move +0.0560 +0.2500 +1.0591 -0.0360 +35.77 0.983 +0.0194 -0.0862
25.620 move +0.0560 +0.2500 +1.0562 -0.0354 +36.11 0.981 +0.0179 -0.0372
25.640 move +0.0560 +0.2500 +1.0539 -0.0336 +36.43 0.979 +0.0155 +0.0345
25.660 move +0.0560 +0.2500 +1.0518 -0.0306 +37.09 0.979 +0.0125 +0.0535
25.680 move +0.0560 +0.2500 +1.0498 -0.0264 +38.67 0.980 +0.0095 +0.0896
25.700 move +0.0560 +0.2500 +1.0481 -0.0211 +40.55 0.982 +0.0063 +0.1339
25.720 move +0.0560 +0.2500 +1.0468 -0.0147 +42.03 0.986 +0.0712 +0.1455
25.740 move +0.0560 +0.2500 +1.0456 -0.0081 +43.55 0.990 +0.0683 +0.1545
25.760 move +0.0560 +0.2500 +1.0453 -0.0016 +44.69 0.995 +0.0684 +0.1836
25.780 move +0.0560 +0.2500 +1.0456 +0.0044 +45.69 0.998 +0.0679 +0.1594
25.800 move +0.0560 +0.2500 +1.0459 +0.0087 +45.97 0.999 +0.0665 +0.1002
25.820 move +0.0560 +0.2500 +1.0464 +0.0109 +45.80 0.998 +0.0655 +0.0462
25.840 move +0.0560 +0.2500 +1.0472 +0.0116 +45.78 0.996 +0.0118 -0.0011
25.860 move +0.0560 +0.2500 +1.0480 +0.0113 +45.91 0.993 +0.0118 -0.0175
25.880 move +0.0560 +0.2500 +1.0487 +0.0100 +45.93 0.990 +0.0110 -0.0333
25.900 move +0.0560 +0.2500 +1.0501 +0.0078 +45.81 0.988 +0.0091 -0.0169
25.920 move +0.0560 +0.2500 +1.0522 +0.0050 +45.65 0.989 +0.0061 +0.0059
25.940 move +0.0560 +0.2500 +1.0549 +0.0016 +45.37 0.990 +0.0023 -0.0070
25.960 move +0.0560 +0.2500 +1.0584 -0.0022 +44.90 0.993 -0.0021 +0.0236
25.980 move +0.0560 +0.2500 +1.0629 -0.0051 +44.70 0.996 +0.0605 +0.0746
26.000 move +0.0560 +0.2500 +1.0677 -0.0071 +44.71 0.998 +0.0578 +0.0945
26.020 move +0.0560 +0.2500 +1.0728 -0.0088 +44.51 1.000 -0.0137 +0.1314
26.040 move +0.0560 +0.2500 +1.0785 -0.0097 +44.16 1.000 -0.0175 +0.1756
26.060 move +0.0560 +0.2500 +1.0830 -0.0107 +43.83 0.998 +0.0665 +0.0104
26.080 move +0.0560 +0.2500 +1.0844 -0.0118 +43.85 0.995 +0.0211 -0.0591
26.100 move +0.0560 +0.2500 +1.0846 -0.0124 +44.07 0.990 +0.0220 -0.0471
26.120 move +0.0560 +0.2500 +1.0841 -0.0128 +44.40 0.985 +0.0223 -0.0369
26.140 move +0.0560 +0.2500 +1.0831 -0.0131 +44.85 0.981 +0.0220 -0.0366
26.160 move +0.0560 +0.2500 +1.0814 -0.0132 +45.34 0.979 +0.0211 -0.0208
26.180 move +0.0560 +0.2500 +1.0796 -0.0121 +45.70 0.977 +0.0195 +0.0274
26.200 move +0.0560 +0.2500 +1.0780 -0.0097 +45.96 0.978 +0.0170 +0.1000
26.220 move +0.0560 +0.2500 +1.0766 -0.0062 +46.44 0.980 +0.0139 +0.1204
26.240 move +0.0560 +0.2500 +1.0752 -0.0015 +47.49 0.982 +0.0108 +0.1566
26.260 move +0.0560 +0.2500 +1.0742 +0.0043 +48.75 0.986 +0.0076 +0.1991
26.280 move +0.0560 +0.2500 +1.0733 +0.0112 +49.52 0.990 +0.0603 +0.2287
26.300 move +0.0560 +0.2500 +1.0730 +0.0187 +50.11 0.995 +0.0617 +0.2376
26.320 move +0.0560 +0.2500 +1.0730 +0.0257 +50.46 0.999 +0.0599 +0.1786
26.340 move +0.0560 +0.2500 +1.0728 +0.0305 +50.69 1.000 +0.0583 +0.0913
26.360 move +0.0560 +0.2500 +1.0727 +0.0331 +50.59 0.999 +0.0100 +0.0163
26.380 move +0.0560 +0.2500 +1.0727 +0.0345 +50.55 0.996 +0.0114 -0.0077
26.400 move +0.0560 +0.2500 +1.0728 +0.0350 +50.33 0.992 +0.0119 -0.0110
26.420 move +0.0560 +0.2500 +1.0731 +0.0345 +50.02 0.988 +0.0116 -0.0236
26.440 move +0.0560 +0.2500 +1.0734 +0.0331 +49.71 0.986 +0.0105 -0.0431
26.460 move +0.0560 +0.2500 +1.0739 +0.0308 +49.48 0.986 +0.0085 -0.0428
26.480 move +0.0560 +0.2500 +1.0751 +0.0276 +49.24 0.988 +0.0057 -0.0510
26.500 move +0.0560 +0.2500 +1.0770 +0.0238 +48.95 0.990 +0.0021 -0.0316
26.520 move +0.0560 +0.2500 +1.0799 +0.0199 +48.71 0.993 +0.0578 -0.0090
26.540 move +0.0560 +0.2500 +1.0837 +0.0167 +48.50 0.996 +0.0560 +0.0207
26.560 move +0.0560 +0.2500 +1.0875 +0.0141 +48.35 0.999 +0.0543 +0.0295
26.580 move +0.0560 +0.2500 +1.0913 +0.0115 +48.07 1.000 -0.0133 +0.0438
26.600 move +0.0560 +0.2500 +1.0952 +0.0094 +47.61 1.000 +0.0668 +0.0200
26.620 move +0.0560 +0.2500 +1.0964 +0.0067 +47.45 0.998 +0.0673 -0.1214
26.640 move +0.0560 +0.2500 +1.0956 +0.0045 +47.58 0.995 +0.0199 -0.1498
26.660 move +0.0560 +0.2500 +1.0939 +0.0027 +47.66 0.990 +0.0205 -0.1262
26.680 move +0.0560 +0.2500 +1.0918 +0.0010 +47.90 0.986 +0.0207 -0.1199
26.700 move +0.0560 +0.2500 +1.0890 -0.0004 +48.27 0.983 +0.0202 -0.0908
26.720 move +0.0560 +0.2500 +1.0861 -0.0005 +48.63 0.980 +0.0188 -0.0370
26.740 move +0.0560 +0.2500 +1.0835 +0.0008 +48.98 0.978 +0.0165 +0.0368
26.760 move +0.0560 +0.2500 +1.0809 +0.0033 +49.72 0.978 +0.0135 +0.0570
26.780 move +0.0560 +0.2500 +1.0781 +0.0070 +51.33 0.979 +0.0106 +0.0980
26.800 move +0.0560 +0.2500 +1.0754 +0.0120 +53.18 0.981 +0.0073 +0.1386
26.820 move +0.0560 +0.2500 +1.0728 +0.0180 +54.82 0.984 +0.0719 +0.1623
26.840 move +0.0560 +0.2500 +1.0701 +0.0245 +56.40 0.990 +0.0685 +0.1568
26.860 move +0.0560 +0.2500 +1.0683 +0.0310 +57.53 0.994 +0.0683 +0.1910
26.880 move +0.0560 +0.2500 +1.0675 +0.0371 +58.55 0.998 +0.0675 +0.1709
26.900 move +0.0560 +0.2500 +1.0668 +0.0416 +58.75 0.999 +0.0660 +0.1081
26.920 move +0.0560 +0.2500 +1.0667 +0.0440 +58.56 0.998 +0.0649 +0.0476
26.940 move +0.0560 +0.2500 +1.0672 +0.0449 +58.48 0.996 +0.0115 -0.0069
26.960 move +0.0560 +0.2500 +1.0679 +0.0447 +58.48 0.993 +0.0115 -0.0272
26.980 move +0.0560 +0.2500 +1.0686 +0.0436 +58.34 0.990 +0.0106 -0.0437
27.000 move +0.0560 +0.2500 +1.0701 +0.0416 +58.10 0.988 +0.0088 -0.0311
27.020 move +0.0560 +0.2500 +1.0723 +0.0392 +57.93 0.989 +0.0060 -0.0110
27.040 move +0.0560 +0.2500 +1.0753 +0.0362 +57.63 0.990 +0.0023 -0.0255
27.060 move +0.0560 +0.2500 +1.0791 +0.0329 +57.15 0.993 +0.0632 +0.0070
27.080 move +0.0560 +0.2500 +1.0839 +0.0309 +56.96 0.996 +0.0611 +0.0638
27.100 move +0.0560 +0.2500 +1.0889 +0.0297 +56.73 0.998 +0.0585 +0.0818
27.120 move +0.0560 +0.2500 +1.0941 +0.0290 +56.30 1.000 -0.0128 +0.1280
27.140 move +0.0560 +0.2500 +1.0998 +0.0293 +55.94 1.000 -0.0167 +0.1880
27.160 move +0.0560 +0.2500 +1.1044 +0.0292 +55.54 0.998 +0.0673 +0.0079
27.180 move +0.0560 +0.2500 +1.1062 +0.0283 +55.37 0.995 +0.0205 -0.0573
27.200 move +0.0560 +0.2500 +1.1066 +0.0277 +55.51 0.990 +0.0217 -0.0465
27.220 move +0.0560 +0.2500 +1.1064 +0.0271 +55.77 0.986 +0.0222 -0.0346
27.240 move +0.0560 +0.2500 +1.1057 +0.0265 +56.15 0.982 +0.0222 -0.0338
27.260 move +0.0560 +0.2500 +1.1043 +0.0260 +56.60 0.979 +0.0216 -0.0179
27.280 move +0.0560 +0.2500 +1.1025 +0.0267 +56.95 0.977 +0.0202 +0.0319
27.300 move +0.0560 +0.2500 +1.1007 +0.0288 +57.23 0.977 +0.0178 +0.1056
27.320 move +0.0560 +0.2500 +1.0989 +0.0320 +57.71 0.979 +0.0148 +0.1273
27.340 move +0.0560 +0.2500 +1.0969 +0.0363 +58.88 0.982 +0.0120 +0.1644
27.360 move +0.0560 +0.2500 +1.0950 +0.0419 +60.15 0.985 +0.0090 +0.2049
27.380 move +0.0560 +0.2500 +1.0931 +0.0486 +61.06 0.990 +0.0052 +0.2394
27.400 move +0.0560 +0.2500 +1.0916 +0.0560 +61.72 0.995 +0.0614 +0.2466
27.420 move +0.0560 +0.2500 +1.0904 +0.0630 +62.30 0.998 +0.0599 +0.1877
27.440 move +0.0560 +0.2500 +1.0894 +0.0678 +62.51 1.000 +0.0585 +0.0989
27.460 move +0.0560 +0.2500 +1.0890 +0.0705 +62.46 0.999 +0.0074 +0.0228
27.480 move +0.0560 +0.2500 +1.0890 +0.0720 +62.35 0.996 +0.0088 +0.0147
27.500 move +0.0560 +0.2500 +1.0893 +0.0727 +62.21 0.992 +0.0093 +0.0046
27.520 move +0.0560 +0.2500 +1.0900 +0.0724 +61.96 0.989 +0.0088 -0.0106
27.540 move +0.0560 +0.2500 +1.0909 +0.0711 +61.72 0.988 +0.0075 -0.0311
27.560 move +0.0560 +0.2500 +1.0920 +0.0689 +61.55 0.988 +0.0054 -0.0467
27.580 move +0.0560 +0.2500 +1.0940 +0.0658 +61.35 0.990 +0.0024 -0.0518
27.600 move +0.0560 +0.2500 +1.0968 +0.0622 +61.06 0.993 -0.0014 -0.0426
27.620 move +0.0560 +0.2500 +1.1005 +0.0588 +60.84 0.996 +0.0565 -0.0119
27.640 move +0.0560 +0.2500 +1.1046 +0.0567 +60.90 0.998 +0.0552 +0.0214
27.660 move +0.0560 +0.2500 +1.1088 +0.0549 +61.03 1.000 +0.0541 +0.0240
27.680 move +0.0560 +0.2500 +1.1131 +0.0531 +60.92 1.000 -0.0178 +0.0534
27.700 move +0.0560 +0.2500 +1.1176 +0.0522 +60.54 0.999 +0.0653 +0.0473
27.720 move +0.0560 +0.2500 +1.1194 +0.0500 +60.41 0.996 +0.0625 -0.1126
27.740 move +0.0560 +0.2500 +1.1191 +0.0478 +60.32 0.992 +0.0249 -0.1416
27.760 move +0.0560 +0.2500 +1.1180 +0.0457 +60.23 0.987 +0.0257 -0.1207
27.780 move +0.0560 +0.2500 +1.1163 +0.0436 +60.33 0.982 +0.0260 -0.1030
27.800 move +0.0560 +0.2500 +1.1142 +0.0423 +60.54 0.978 +0.0256 -0.0553
27.820 move +0.0560 +0.2500 +1.1120 +0.0421 +60.79 0.974 +0.0243 -0.0046
27.840 move +0.0560 +0.2500 +1.1099 +0.0432 +61.11 0.972 +0.0223 +0.0663
27.860 move +0.0560 +0.2500 +1.1077 +0.0455 +62.00 0.971 +0.0200 +0.0858
27.880 move +0.0560 +0.2500 +1.1051 +0.0488 +63.74 0.973 +0.0177 +0.1266
27.900 move +0.0560 +0.2500 +1.1025 +0.0533 +65.57 0.975 +0.0152 +0.1721
27.920 move +0.0560 +0.2500 +1.0998 +0.0589 +67.07 0.980 +0.0121 +0.1988
27.940 move +0.0560 +0.2500 +1.0970 +0.0655 +68.70 0.985 +0.0091 +0.2216
27.960 move +0.0560 +0.2500 +1.0941 +0.0726 +70.15 0.992 +0.0702 +0.2132
27.980 move +0.0560 +0.2500 +1.0922 +0.0797 +71.52 0.997 +0.0677 +0.2283
28.000 move +0.0560 +0.2500 +1.0911 +0.0853 +72.19 0.999 +0.0651 +0.1662
28.020 move +0.0560 +0.2500 +1.0908 +0.0891 +72.32 1.000 +0.0012 +0.1027
28.040 move +0.0560 +0.2500 +1.0912 +0.0917 +72.24 0.998 +0.0023 +0.0819
28.060 move +0.0560 +0.2500 +1.0918 +0.0932 +72.13 0.996 +0.0028 +0.0518
28.080 move +0.0560 +0.2500 +1.0928 +0.0937 +71.99 0.994 +0.0026 +0.0218
28.100 move +0.0560 +0.2500 +1.0944 +0.0933 +71.86 0.993 +0.0015 +0.0129
28.120 move +0.0560 +0.2500 +1.0967 +0.0924 +71.75 0.993 -0.0006 +0.0211
28.140 move +0.0560 +0.2500 +1.0996 +0.0910 +71.56 0.994 -0.0034 +0.0038
28.160 move +0.0560 +0.2500 +1.1030 +0.0897 +71.29 0.996 -0.0067 +0.0310
28.180 move +0.0560 +0.2500 +1.1068 +0.0893 +71.20 0.998 +0.0561 +0.0629
28.200 move +0.0560 +0.2500 +1.1106 +0.0898 +71.43 0.999 +0.0542 +0.0782
28.220 move +0.0560 +0.2500 +1.1144 +0.0903 +71.48 1.000 -0.0155 +0.0818
28.240 move +0.0560 +0.2500 +1.1185 +0.0913 +70.96 1.000 -0.0184 +0.1322
28.260 move +0.0560 +0.2500 +1.1217 +0.0924 +70.52 0.998 +0.0661 +0.0069
28.280 move +0.0560 +0.2500 +1.1224 +0.0919 +70.28 0.995 +0.0211 -0.0825
28.300 move +0.0560 +0.2500 +1.1218 +0.0910 +70.31 0.991 +0.0216 -0.0784
28.320 move +0.0560 +0.2500 +1.1206 +0.0901 +70.63 0.987 +0.0212 -0.0657
28.340 move +0.0560 +0.2500 +1.1189 +0.0889 +71.00 0.984 +0.0205 -0.0640
28.360 move +0.0560 +0.2500 +1.1165 +0.0879 +71.42 0.982 +0.0192 -0.0365
28.380 move +0.0560 +0.2500 +1.1135 +0.0881 +71.76 0.981 +0.0170 +0.0158
28.400 move +0.0560 +0.2500 +1.1102 +0.0896 +72.12 0.981 +0.0138 +0.0897
28.420 move +0.0560 +0.2500 +1.1065 +0.0924 +72.78 0.983 +0.0101 +0.1201
28.440 move +0.0560 +0.2500 +1.1024 +0.0963 +73.73 0.986 +0.0061 +0.1729
28.460 move +0.0560 +0.2500 +1.0984 +0.1015 +74.40 0.989 +0.0016 +0.2050
28.480 move +0.0560 +0.2500 +1.0945 +0.1076 +74.80 0.993 +0.0645 +0.2397
28.500 move +0.0560 +0.2420 +1.0911 +0.1143 +74.90 0.996 +0.0607 +0.2309
28.520 move +0.0560 +0.2340 +1.0881 +0.1208 +75.01 0.999 +0.0614 +0.2021
28.540 move +0.0560 +0.2260 +1.0858 +0.1251 +75.09 0.999 +0.0605 +0.0878
28.560 move +0.0560 +0.2180 +1.0849 +0.1273 +74.69 0.997 +0.0171 +0.0176
28.580 move +0.0560 +0.2100 +1.0847 +0.1281 +74.50 0.993 +0.0180 -0.0213
28.600 move +0.0560 +0.2020 +1.0850 +0.1282 +74.32 0.989 +0.0182 -0.0319
28.620 move +0.0560 +0.1940 +1.0857 +0.1275 +73.96 0.985 +0.0176 -0.0416
28.640 move +0.0560 +0.1860 +1.0867 +0.1259 +73.43 0.982 +0.0162 -0.0549
28.660 move +0.0560 +0.1780 +1.0880 +0.1236 +72.93 0.982 +0.0142 -0.0715
28.680 move +0.0560 +0.1700 +1.0898 +0.1206 +72.52 0.983 +0.0116 -0.0648
28.700 move +0.0560 +0.1620 +1.0926 +0.1172 +71.57 0.985 +0.0083 -0.0677
28.720 move +0.0560 +0.1540 +1.0962 +0.1138 +69.91 0.988 +0.0044 -0.0474
28.740 move +0.0560 +0.1460 +1.1005 +0.1109 +68.02 0.992 +0.0653 -0.0385
28.760 move +0.0560 +0.1380 +1.1049 +0.1088 +66.29 0.995 +0.0640 +0.0007
28.780 move +0.0560 +0.1300 +1.1094 +0.1069 +64.77 0.997 -0.0059 +0.0182
28.800 move +0.0560 +0.1220 +1.1139 +0.1060 +63.07 0.998 -0.0085 +0.0781
28.820 move +0.0560 +0.1140 +1.1178 +0.1054 +61.67 0.999 +0.0760 +0.0085
28.840 move +0.0560 +0.1060 +1.1201 +0.1047 +61.54 0.998 +0.0739 -0.0146
28.860 move +0.0560 +0.0980 +1.1212 +0.1046 +61.62 0.996 +0.0727 +0.0102
28.880 move +0.0560 +0.0900 +1.1215 +0.1053 +61.46 0.992 +0.0720 +0.0491
28.900 move +0.0560 +0.0820 +1.1210 +0.1069 +61.45 0.989 +0.0132 +0.0688
28.920 move +0.0560 +0.0740 +1.1198 +0.1092 +61.60 0.987 +0.0117 +0.0922
28.940 move +0.0560 +0.0660 +1.1182 +0.1125 +61.87 0.986 +0.0094 +0.1377
28.960 move +0.0560 +0.0580 +1.1161 +0.1166 +62.32 0.987 +0.0062 +0.1451
28.980 move +0.0560 +0.0500 +1.1138 +0.1218 +62.85 0.990 +0.0024 +0.2061
29.000 move +0.0560 +0.0420 +1.1118 +0.1281 +63.18 0.993 +0.0633 +0.2265
29.020 move +0.0560 +0.0340 +1.1103 +0.1346 +63.48 0.996 +0.0583 +0.2413
29.040 move +0.0560 +0.0260 +1.1094 +0.1417 +63.76 0.999 +0.0529 +0.2827
29.060 move +0.0560 +0.0180 +1.1090 +0.1491 +63.90 1.000 +0.0549 +0.2981
29.080 move +0.0560 +0.0100 +1.1083 +0.1544 +64.02 0.999 +0.0563 +0.0934
29.100 move +0.0560 +0.0020 +1.1083 +0.1567 +63.98 0.995 +0.0142 -0.0123
29.120 move +0.0560 +0.0000 +1.1091 +0.1575 +63.93 0.991 +0.0144 -0.0155
29.140 move +0.0560 +0.0000 +1.1104 +0.1578 +63.70 0.986 +0.0138 -0.0022
29.160 move +0.0560 +0.0000 +1.1120 +0.1575 +63.29 0.983 +0.0125 +0.0086
29.180 move +0.0560 +0.0000 +1.1139 +0.1566 +62.79 0.981 +0.0105 +0.0094
29.200 move +0.0560 +0.0000 +1.1161 +0.1549 +62.30 0.982 +0.0080 -0.0011
29.220 move +0.0560 +0.0000 +1.1185 +0.1526 +61.85 0.984 +0.0047 -0.0005
29.240 move +0.0560 +0.0000 +1.1211 +0.1492 +61.21 0.988 +0.0007 -0.0542
29.260 move +0.0560 +0.0000 +1.1243 +0.1450 +60.23 0.993 -0.0041 -0.0363
29.280 move +0.0560 +0.0000 +1.1289 +0.1409 +59.55 0.997 +0.0531 +0.0134
29.300 move +0.0560 +0.0000 +1.1340 +0.1377 +59.50 0.999 +0.0531 +0.0151
29.320 move +0.0560 +0.0000 +1.1393 +0.1347 +59.48 1.000 +0.0532 +0.0105
29.340 move +0.0560 +0.0000 +1.1443 +0.1315 +58.78 0.998 +0.0572 -0.0397
29.360 move +0.0560 +0.0000 +1.1468 +0.1276 +58.09 0.996 +0.0268 -0.1371
29.380 move +0.0560 +0.0000 +1.1472 +0.1237 +57.71 0.992 +0.0293 -0.1879
29.400 move +0.0560 +0.0000 +1.1466 +0.1196 +57.41 0.986 +0.0313 -0.2108
29.420 move +0.0560 +0.0000 +1.1456 +0.1153 +57.15 0.978 +0.0332 -0.2072
29.440 move +0.0560 +0.0000 +1.1441 +0.1113 +57.20 0.970 +0.0345 -0.1628
29.460 move +0.0560 +0.0000 +1.1426 +0.1087 +57.44 0.964 +0.0348 -0.0954
29.480 move +0.0560 +0.0000 +1.1411 +0.1074 +57.67 0.958 +0.0342 -0.0387
29.500 move +0.0560 +0.0000 +1.1398 +0.1075 +57.91 0.955 +0.0330 +0.0302
29.520 move +0.0560 +0.0000 +1.1385 +0.1086 +58.57 0.954 +0.0316 +0.0458
29.540 move +0.0560 +0.0000 +1.1369 +0.1106 +60.13 0.955 +0.0306 +0.0767
29.560 move +0.0560 +0.0000 +1.1355 +0.1136 +61.97 0.958 +0.0297 +0.1154
29.580 move +0.0560 +0.0000 +1.1341 +0.1175 +63.61 0.963 +0.0287 +0.1429
29.600 move +0.0560 +0.0000 +1.1326 +0.1223 +65.24 0.969 +0.0275 +0.1627
29.620 move +0.0560 +0.0000 +1.1313 +0.1280 +66.78 0.976 +0.0261 +0.2028
29.640 move +0.0560 +0.0000 +1.1304 +0.1346 +68.24 0.984 +0.0250 +0.2620
29.660 move +0.0560 +0.0000 +1.1300 +0.1422 +69.03 0.990 +0.0625 +0.3153
29.680 move +0.0560 +0.0000 +1.1304 +0.1497 +69.38 0.995 +0.0627 +0.2867
29.700 move +0.0560 +0.0000 +1.1317 +0.1558 +69.59 0.997 -0.0216 +0.2535
29.720 move +0.0560 +0.0000 +1.1335 +0.1613 +69.65 0.998 -0.0210 +0.2655
29.740 move +0.0560 +0.0000 +1.1356 +0.1670 +69.72 0.998 -0.0206 +0.2790
29.760 move +0.0560 +0.0000 +1.1378 +0.1728 +69.83 0.998 -0.0204 +0.3048
29.780 move +0.0560 +0.0000 +1.1400 +0.1788 +69.91 0.998 -0.0205 +0.3104
29.800 move +0.0560 +0.0000 +1.1421 +0.1847 +69.94 0.998 -0.0205 +0.3211
29.820 move +0.0560 +0.0000 +1.1442 +0.1908 +69.98 0.998 -0.0206 +0.3286
29.840 move +0.0560 +0.0000 +1.1465 +0.1969 +70.06 0.998 +0.0399 +0.3218
29.860 move +0.0560 +0.0000 +1.1488 +0.2019 +70.15 0.996 +0.0372 +0.2110
29.880 move +0.0560 +0.0000 +1.1511 +0.2055 +69.75 0.994 +0.0379 +0.1564
29.900 move +0.0560 +0.0000 +1.1521 +0.2073 +69.28 0.990 +0.0384 -0.0057
29.920 move +0.0560 +0.0000 +1.1513 +0.2082 +68.86 0.984 +0.0207 -0.0834
29.940 move +0.0560 +0.0000 +1.1497 +0.2086 +68.56 0.978 +0.0200 -0.0950
29.960 move +0.0560 +0.0000 +1.1479 +0.2089 +68.52 0.974 +0.0192 -0.0594
29.980 move +0.0560 +0.0000 +1.1461 +0.2091 +68.59 0.972 +0.0183 -0.0270
30.000 move +0.0560 +0.0000 +1.1443 +0.2091 +68.61 0.972 +0.0172 -0.0149
30.020 move +0.0560 +0.0000 +1.1422 +0.2088 +68.66 0.972 +0.0160 -0.0191
30.040 move +0.0560 +0.0000 +1.1400 +0.2082 +68.62 0.974 +0.0146 -0.0166
30.060 move +0.0560 +0.0000 +1.1373 +0.2069 +68.67 0.977 +0.0127 -0.0750
30.080 move +0.0560 +0.0000 +1.1342 +0.2052 +68.72 0.982 +0.0106 -0.0498
30.100 move +0.0560 +0.0000 +1.1311 +0.2049 +68.88 0.988 +0.0081 -0.0016
30.120 move +0.0560 +0.0000 +1.1280 +0.2054 +68.87 0.992 +0.0052 +0.0223
30.140 move +0.0560 +0.0000 +1.1253 +0.2066 +69.21 0.995 +0.0490 +0.0094
30.160 move +0.0560 +0.0000 +1.1232 +0.2076 +69.68 0.997 +0.0004 +0.0212
30.180 move +0.0560 +0.0000 +1.1217 +0.2082 +70.09 0.999 +0.0605 -0.0459
30.200 move +0.0560 +0.0000 +1.1203 +0.2070 +70.31 1.000 +0.0634 -0.1085
30.220 move +0.0560 +0.0000 +1.1197 +0.2048 +70.28 1.000 +0.0655 -0.1293
30.240 move +0.0560 +0.0000 +1.1196 +0.2021 +70.25 0.999 +0.0010 -0.1347
30.260 move +0.0560 +0.0000 +1.1198 +0.1988 +70.31 0.998 +0.0004 -0.1471
30.280 move +0.0560 +0.0000 +1.1200 +0.1948 +70.23 0.996 -0.0005 -0.1566
30.300 move +0.0560 +0.0000 +1.1212 +0.1911 +69.96 0.995 +0.0725 -0.0835
30.320 move +0.0560 +0.0000 +1.1233 +0.1888 +69.57 0.994 +0.0728 +0.0098
30.340 move +0.0560 +0.0000 +1.1263 +0.1879 +69.03 0.993 -0.0070 +0.0675
30.360 move +0.0560 +0.0000 +1.1298 +0.1883 +68.39 0.993 +0.0701 +0.1087
30.380 move +0.0560 +0.0000 +1.1335 +0.1901 +67.78 0.995 -0.0110 +0.1616
30.400 move +0.0560 +0.0000 +1.1375 +0.1929 +67.02 0.996 +0.0664 +0.2153
30.420 move +0.0560 +0.0000 +1.1417 +0.1964 +66.25 0.997 +0.0631 +0.2400
30.440 move +0.0560 +0.0000 +1.1460 +0.2004 +65.28 0.998 +0.0684 +0.2541
30.460 move +0.0560 +0.0000 +1.1495 +0.2040 +64.52 0.999 +0.0704 +0.1328
30.480 move +0.0560 +0.0000 +1.1507 +0.2065 +64.46 0.998 +0.0692 +0.0627
30.500 move +0.0560 +0.0000 +1.1505 +0.2087 +64.56 0.995 +0.0154 +0.0248
30.520 move +0.0560 +0.0000 +1.1495 +0.2106 +64.76 0.992 +0.0145 +0.0361
30.540 move +0.0560 +0.0000 +1.1480 +0.2122 +64.95 0.989 +0.0132 +0.0322
30.560 move +0.0560 +0.0000 +1.1460 +0.2134 +65.15 0.988 +0.0116 +0.0168
30.580 move +0.0560 +0.0000 +1.1434 +0.2145 +65.35 0.987 +0.0095 +0.0316
30.600 move +0.0560 +0.0000 +1.1405 +0.2166 +65.49 0.989 +0.0065 +0.0872
30.620 move +0.0560 +0.0000 +1.1374 +0.2195 +65.68 0.991 +0.0030 +0.1082
30.640 move +0.0560 +0.0000 +1.1346 +0.2232 +65.91 0.994 -0.0006 +0.1495
30.660 move +0.0560 +0.0000 +1.1321 +0.2277 +65.93 0.996 -0.0042 +0.1721
30.680 move +0.0560 +0.0000 +1.1301 +0.2326 +65.78 0.998 +0.0548 +0.1579
30.700 move +0.0560 +0.0000 +1.1283 +0.2376 +65.96 1.000 -0.0109 +0.1957
30.720 move +0.0560 +0.0000 +1.1268 +0.2424 +66.27 1.000 +0.0586 +0.1268
30.740 move +0.0560 +0.0000 +1.1255 +0.2443 +66.46 0.999 +0.0602 -0.0327
30.760 move +0.0560 +0.0000 +1.1251 +0.2440 +66.40 0.996 +0.0153 -0.0860
30.780 move +0.0560 +0.0000 +1.1254 +0.2428 +66.43 0.992 +0.0151 -0.0806
30.800 move +0.0560 +0.0000 +1.1262 +0.2411 +66.33 0.989 +0.0143 -0.0734
30.820 move +0.0560 +0.0000 +1.1272 +0.2386 +66.09 0.987 +0.0128 -0.0785
30.840 move +0.0560 +0.0000 +1.1285 +0.2355 +65.73 0.987 +0.0106 -0.0923
30.860 move +0.0560 +0.0000 +1.1300 +0.2316 +65.37 0.987 +0.0079 -0.1051
30.880 move +0.0560 +0.0000 +1.1325 +0.2273 +64.91 0.989 +0.0043 -0.0697
30.900 move +0.0560 +0.0000 +1.1363 +0.2230 +64.30 0.990 -0.0001 -0.0517
30.920 move +0.0560 +0.0000 +1.1409 +0.2196 +63.69 0.992 +0.0695 -0.0027
30.940 move +0.0560 +0.0000 +1.1456 +0.2174 +63.14 0.994 +0.0688 +0.0281
30.960 move +0.0560 +0.0000 +1.1505 +0.2159 +62.30 0.995 -0.0120 +0.0802
30.980 move +0.0560 +0.0000 +1.1560 +0.2154 +61.32 0.995 -0.0157 +0.1341
31.000 move +0.0560 +0.0000 +1.1618 +0.2160 +60.07 0.994 +0.0678 +0.1628
31.020 move +0.0560 +0.0000 +1.1668 +0.2172 +59.13 0.994 +0.0648 +0.1194
31.040 move +0.0560 +0.0000 +1.1697 +0.2188 +58.93 0.992 +0.0631 +0.0952
31.060 move +0.0560 +0.0000 +1.1710 +0.2210 +58.98 0.989 +0.0232 +0.0982
31.080 move +0.0560 +0.0000 +1.1715 +0.2236 +59.14 0.985 +0.0227 +0.1053
31.100 move +0.0560 +0.0000 +1.1714 +0.2267 +59.45 0.982 +0.0217 +0.1289
31.120 move +0.0560 +0.0000 +1.1709 +0.2305 +59.72 0.979 +0.0199 +0.1558
31.140 move +0.0560 +0.0000 +1.1702 +0.2351 +59.94 0.979 +0.0175 +0.2051
31.160 move +0.0560 +0.0000 +1.1692 +0.2405 +60.25 0.980 +0.0145 +0.2128
31.180 move +0.0560 +0.0000 +1.1678 +0.2468 +60.69 0.984 +0.0110 +0.2493
31.200 move +0.0560 +0.0000 +1.1664 +0.2541 +60.98 0.988 +0.0070 +0.2894
31.220 move +0.0560 +0.0000 +1.1649 +0.2621 +60.93 0.993 +0.0510 +0.2911
31.240 move +0.0560 +0.0000 +1.1636 +0.2699 +60.79 0.997 +0.0487 +0.2530
31.260 move +0.0560 +0.0000 +1.1623 +0.2768 +61.10 0.998 +0.0494 +0.2434
31.280 move +0.0560 +0.0000 +1.1608 +0.2816 +61.33 0.996 +0.0504 +0.0507
31.300 move +0.0560 +0.0000 +1.1598 +0.2835 +61.47 0.993 +0.0098 -0.0475
31.320 move +0.0560 +0.0000 +1.1596 +0.2842 +61.48 0.988 +0.0107 -0.0378
31.340 move +0.0560 +0.0000 +1.1599 +0.2842 +61.39 0.984 +0.0108 -0.0239
31.360 move +0.0560 +0.0000 +1.1606 +0.2837 +61.15 0.981 +0.0102 -0.0140
31.380 move +0.0560 +0.0000 +1.1616 +0.2826 +60.85 0.980 +0.0089 -0.0128
31.400 move +0.0560 +0.0000 +1.1629 +0.2807 +60.59 0.981 +0.0071 -0.0230
31.420 move +0.0560 +0.0000 +1.1644 +0.2781 +60.36 0.984 +0.0045 -0.0229
31.440 move +0.0560 +0.0000 +1.1661 +0.2745 +59.98 0.988 +0.0011 -0.0718
31.460 move +0.0560 +0.0000 +1.1684 +0.2701 +59.32 0.992 -0.0030 -0.0534
31.480 move +0.0560 +0.0000 +1.1723 +0.2657 +58.68 0.996 -0.0078 -0.0134
31.500 move +0.0560 +0.0000 +1.1767 +0.2621 +58.47 0.999 +0.0547 -0.0097
31.520 move +0.0560 +0.0000 +1.1811 +0.2592 +58.53 1.000 +0.0547 +0.0034
31.540 move +0.0560 +0.0000 +1.1856 +0.2563 +58.00 0.999 +0.0592 -0.0131
31.560 move +0.0560 +0.0000 +1.1879 +0.2528 +57.10 0.997 +0.0621 -0.1240
31.580 move +0.0560 +0.0000 +1.1882 +0.2494 +56.90 0.994 +0.0257 -0.1685
31.600 move +0.0560 +0.0000 +1.1873 +0.2458 +56.49 0.989 +0.0275 -0.1977
31.620 move +0.0560 +0.0000 +1.1859 +0.2421 +56.24 0.982 +0.0290 -0.1909
31.640 move +0.0560 +0.0000 +1.1841 +0.2388 +56.28 0.976 +0.0298 -0.1465
31.660 move +0.0560 +0.0000 +1.1822 +0.2369 +56.55 0.970 +0.0295 -0.0827
31.680 move +0.0560 +0.0000 +1.1801 +0.2363 +56.84 0.966 +0.0284 -0.0284
31.700 move +0.0560 +0.0000 +1.1783 +0.2370 +57.18 0.964 +0.0266 +0.0390
31.720 move +0.0560 +0.0000 +1.1762 +0.2389 +57.97 0.964 +0.0246 +0.0540
31.740 move +0.0560 +0.0000 +1.1739 +0.2416 +59.67 0.966 +0.0228 +0.0854
31.760 move +0.0560 +0.0000 +1.1716 +0.2455 +61.65 0.969 +0.0212 +0.1256
31.780 move +0.0560 +0.0000 +1.1693 +0.2503 +63.44 0.975 +0.0194 +0.1547
31.800 move +0.0560 +0.0000 +1.1667 +0.2560 +65.17 0.981 +0.0682 +0.1730
31.820 move +0.0560 +0.0000 +1.1642 +0.2616 +66.90 0.988 +0.0707 +0.1340
31.840 move +0.0560 +0.0000 +1.1620 +0.2669 +69.30 0.992 +0.0694 +0.1558
31.860 move +0.0560 +0.0000 +1.1608 +0.2719 +70.90 0.996 +0.0659 +0.1643
31.880 move +0.0560 +0.0000 +1.1605 +0.2758 +71.41 0.998 +0.0636 +0.1271
31.900 move +0.0560 +0.0000 +1.1606 +0.2785 +71.43 0.999 -0.0120 +0.1039
31.920 move +0.0560 +0.0000 +1.1608 +0.2808 +71.33 0.999 -0.0111 +0.1059
31.940 move +0.0560 +0.0000 +1.1611 +0.2829 +71.18 0.999 -0.0104 +0.1089
31.960 move +0.0560 +0.0000 +1.1615 +0.2851 +71.05 0.998 -0.0100 +0.1307
31.980 move +0.0560 +0.0000 +1.1623 +0.2875 +70.92 0.998 -0.0100 +0.1571
32.000 move +0.0560 +0.0000 +1.1635 +0.2901 +70.78 0.998 -0.0103 +0.1678
32.020 move +0.0560 +0.0000 +1.1649 +0.2931 +70.57 0.998 -0.0107 +0.1871
32.040 move +0.0560 +0.0000 +1.1665 +0.2966 +70.54 0.999 +0.0536 +0.1853
32.060 move +0.0560 +0.0000 +1.1681 +0.3002 +70.77 1.000 +0.0509 +0.1694
32.080 move +0.0560 +0.0000 +1.1700 +0.3038 +70.50 1.000 -0.0123 +0.1962
32.100 move +0.0560 +0.0000 +1.1714 +0.3066 +70.15 1.000 +0.0544 +0.0541
32.120 move +0.0560 +0.0000 +1.1708 +0.3075 +69.75 0.998 +0.0114 -0.0660
32.140 move +0.0560 +0.0000 +1.1692 +0.3074 +69.57 0.995 +0.0109 -0.0898
32.160 move +0.0560 +0.0000 +1.1674 +0.3072 +69.54 0.993 +0.0102 -0.0644
32.180 move +0.0560 +0.0000 +1.1656 +0.3067 +69.53 0.991 +0.0094 -0.0538
32.200 move +0.0560 +0.0000 +1.1636 +0.3058 +69.60 0.990 +0.0086 -0.0567
32.220 move +0.0560 +0.0000 +1.1613 +0.3044 +69.68 0.989 +0.0076 -0.0777
32.240 move +0.0560 +0.0000 +1.1588 +0.3025 +69.70 0.990 +0.0062 -0.0867
32.260 move +0.0560 +0.0000 +1.1558 +0.3013 +70.00 0.991 +0.0042 -0.0376
32.280 move +0.0560 +0.0000 +1.1527 +0.3014 +70.34 0.992 +0.0016 +0.0150
32.300 move +0.0560 +0.0000 +1.1496 +0.3026 +70.65 0.993 +0.0644 +0.0606
32.320 move +0.0560 +0.0000 +1.1468 +0.3047 +70.94 0.995 +0.0632 +0.0611
32.340 move +0.0560 +0.0000 +1.1445 +0.3073 +71.35 0.997 -0.0061 +0.0971
32.360 move +0.0560 +0.0000 +1.1427 +0.3106 +72.09 0.998 +0.0632 +0.1211
32.380 move +0.0560 +0.0000 +1.1415 +0.3139 +72.69 0.999 +0.0683 +0.0964
32.400 move +0.0560 +0.0000 +1.1407 +0.3154 +73.17 0.999 +0.0695 +0.0006
32.420 move +0.0560 +0.0000 +1.1411 +0.3153 +73.09 0.998 +0.0701 -0.0352
32.440 move +0.0560 +0.0000 +1.1424 +0.3143 +72.96 0.997 +0.0094 -0.0581
32.460 move +0.0560 +0.0000 +1.1441 +0.3127 +72.97 0.994 +0.0081 -0.0642
32.480 move +0.0560 +0.0000 +1.1462 +0.3104 +72.87 0.993 +0.0063 -0.0777
32.500 move +0.0560 +0.0000 +1.1489 +0.3075 +72.58 0.992 +0.0036 -0.0588
32.520 move +0.0560 +0.0000 +1.1526 +0.3049 +72.19 0.992 +0.0001 -0.0066
32.540 move +0.0560 +0.0000 +1.1569 +0.3028 +71.74 0.992 -0.0040 +0.0137
32.560 move +0.0560 +0.0000 +1.1616 +0.3018 +71.21 0.993 +0.0697 +0.0629
32.580 move +0.0560 +0.0000 +1.1664 +0.3024 +70.58 0.995 -0.0109 +0.1360
32.600 move +0.0560 +0.0000 +1.1714 +0.3040 +69.80 0.996 -0.0137 +0.1699
32.620 move +0.0560 +0.0000 +1.1767 +0.3064 +68.91 0.997 -0.0165 +0.2043
32.640 move +0.0560 +0.0000 +1.1820 +0.3095 +67.91 0.997 -0.0190 +0.2287
32.660 move +0.0560 +0.0000 +1.1866 +0.3128 +66.95 0.997 +0.0660 +0.1436
32.680 move +0.0560 +0.0000 +1.1889 +0.3152 +66.65 0.996 +0.0647 +0.0801
32.700 move +0.0560 +0.0000 +1.1896 +0.3174 +66.65 0.992 +0.0216 +0.0538
32.720 move +0.0560 +0.0000 +1.1893 +0.3193 +66.76 0.988 +0.0214 +0.0540
32.740 move +0.0560 +0.0000 +1.1884 +0.3210 +66.98 0.984 +0.0205 +0.0556
32.760 move +0.0560 +0.0000 +1.1866 +0.3230 +67.17 0.982 +0.0188 +0.0734
32.780 move +0.0560 +0.0000 +1.1842 +0.3256 +67.34 0.981 +0.0163 +0.0967
32.800 move +0.0560 +0.0000 +1.1814 +0.3291 +67.49 0.983 +0.0130 +0.1473
32.820 move +0.0560 +0.0000 +1.1782 +0.3334 +67.70 0.986 +0.0089 +0.1600
32.840 move +0.0560 +0.0000 +1.1747 +0.3387 +67.92 0.990 +0.0044 +0.2100
32.860 move +0.0560 +0.0000 +1.1715 +0.3449 +67.98 0.994 -0.0002 +0.2319
32.880 move +0.0560 +0.0000 +1.1687 +0.3515 +67.79 0.998 +0.0505 +0.2165
32.900 move +0.0560 +0.0000 +1.1659 +0.3576 +67.97 0.999 -0.0091 +0.1967
32.920 move +0.0560 +0.0000 +1.1636 +0.3635 +68.13 0.999 +0.0534 +0.1592
32.940 move +0.0560 +0.0000 +1.1616 +0.3660 +68.22 0.997 +0.0147 -0.0317
32.960 move +0.0560 +0.0000 +1.1606 +0.3664 +68.29 0.993 +0.0160 -0.0752
32.980 move +0.0560 +0.0000 +1.1604 +0.3659 +68.24 0.988 +0.0163 -0.0749
33.000 move +0.0560 +0.0000 +1.1608 +0.3647 +67.95 0.984 +0.0158 -0.0629
33.020 move +0.0560 +0.0000 +1.1614 +0.3631 +67.47 0.982 +0.0146 -0.0587
33.040 move +0.0560 +0.0000 +1.1623 +0.3608 +67.00 0.982 +0.0129 -0.0659
33.060 move +0.0560 +0.0000 +1.1634 +0.3578 +66.54 0.983 +0.0107 -0.0749
33.080 move +0.0560 +0.0000 +1.1647 +0.3540 +66.06 0.985 +0.0079 -0.0975
33.100 move +0.0560 +0.0000 +1.1669 +0.3497 +65.59 0.988 +0.0045 -0.0789
33.120 move +0.0560 +0.0000 +1.1705 +0.3454 +64.92 0.991 +0.0002 -0.0624
33.140 move +0.0560 +0.0000 +1.1749 +0.3418 +64.29 0.993 +0.0651 -0.0305
33.160 move +0.0560 +0.0000 +1.1794 +0.3391 +63.71 0.996 +0.0646 -0.0059
33.180 move +0.0560 +0.0000 +1.1839 +0.3367 +63.03 0.996 -0.0120 +0.0308
33.200 move +0.0560 +0.0000 +1.1887 +0.3356 +61.93 0.996 +0.0718 +0.0796
33.220 move +0.0560 +0.0000 +1.1927 +0.3346 +61.27 0.996 +0.0685 +0.0043
33.240 move +0.0560 +0.0000 +1.1950 +0.3338 +61.24 0.994 +0.0662 -0.0015
33.260 move +0.0560 +0.0000 +1.1963 +0.3338 +61.20 0.990 +0.0648 +0.0252
33.280 move +0.0560 +0.0000 +1.1967 +0.3350 +61.14 0.986 +0.0213 +0.0572
33.300 move +0.0560 +0.0000 +1.1965 +0.3367 +61.28 0.982 +0.0207 +0.0771
33.320 move +0.0560 +0.0000 +1.1958 +0.3393 +61.56 0.979 +0.0195 +0.1110
33.340 move +0.0560 +0.0000 +1.1950 +0.3428 +61.86 0.978 +0.0175 +0.1638
33.360 move +0.0560 +0.0000 +1.1938 +0.3473 +62.34 0.979 +0.0149 +0.1743
33.380 move +0.0560 +0.0000 +1.1923 +0.3528 +63.10 0.982 +0.0119 +0.2149
33.400 move +0.0560 +0.0000 +1.1906 +0.3594 +64.11 0.986 +0.0091 +0.2587
33.420 move +0.0560 +0.0000 +1.1888 +0.3669 +64.61 0.991 +0.0547 +0.2612
33.440 move +0.0560 +0.0000 +1.1872 +0.3743 +64.93 0.995 +0.0522 +0.2570
33.460 move +0.0560 +0.0000 +1.1860 +0.3813 +65.44 0.997 +0.0520 +0.2592
33.480 move +0.0560 +0.0000 +1.1846 +0.3863 +65.79 0.997 +0.0524 +0.0881
33.500 move +0.0560 +0.0000 +1.1838 +0.3885 +65.94 0.995 +0.0050 -0.0195
33.520 move +0.0560 +0.0000 +1.1837 +0.3895 +65.94 0.991 +0.0059 -0.0227
33.540 move +0.0560 +0.0000 +1.1842 +0.3898 +65.84 0.988 +0.0062 -0.0088
33.560 move +0.0560 +0.0000 +1.1851 +0.3896 +65.59 0.985 +0.0055 -0.0006
33.580 move +0.0560 +0.0000 +1.1865 +0.3887 +65.31 0.984 +0.0042 -0.0014
33.600 move +0.0560 +0.0000 +1.1883 +0.3870 +65.07 0.985 +0.0021 -0.0131
33.620 move +0.0560 +0.0000 +1.1904 +0.3846 +64.87 0.988 -0.0008 -0.0145
33.640 move +0.0560 +0.0000 +1.1928 +0.3811 +64.50 0.992 -0.0046 -0.0669
33.660 move +0.0560 +0.0000 +1.1962 +0.3771 +63.96 0.996 -0.0090 -0.0334
33.680 move +0.0560 +0.0000 +1.2003 +0.3737 +63.49 0.999 +0.0531 +0.0051
33.700 move +0.0560 +0.0000 +1.2048 +0.3713 +63.51 1.000 +0.0534 +0.0117
33.720 move +0.0560 +0.0000 +1.2095 +0.3690 +63.35 0.999 -0.0225 +0.0101
33.740 move +0.0560 +0.0000 +1.2142 +0.3670 +62.52 0.997 +0.0591 -0.0075
33.760 move +0.0560 +0.0000 +1.2165 +0.3641 +61.76 0.995 +0.0575 -0.1180
33.780 move +0.0560 +0.0000 +1.2168 +0.3610 +61.38 0.991 +0.0304 -0.1795
33.800 move +0.0560 +0.0000 +1.2161 +0.3577 +60.96 0.985 +0.0319 -0.1814
33.820 move +0.0560 +0.0000 +1.2150 +0.3544 +60.82 0.978 +0.0331 -0.1689
33.840 move +0.0560 +0.0000 +1.2135 +0.3517 +61.00 0.972 +0.0335 -0.1114
33.860 move +0.0560 +0.0000 +1.2119 +0.3502 +61.24 0.966 +0.0331 -0.0560
33.880 move +0.0560 +0.0000 +1.2102 +0.3500 +61.45 0.962 +0.0320 -0.0041
33.900 move +0.0560 +0.0000 +1.2086 +0.3510 +61.70 0.960 +0.0302 +0.0638
33.920 move +0.0560 +0.0000 +1.2069 +0.3532 +62.41 0.961 +0.0283 +0.0806
33.940 move +0.0560 +0.0000 +1.2049 +0.3562 +64.03 0.963 +0.0269 +0.1141
33.960 move +0.0560 +0.0000 +1.2029 +0.3603 +65.86 0.966 +0.0255 +0.1548
33.980 move +0.0560 +0.0000 +1.2008 +0.3655 +67.44 0.972 +0.0238 +0.1896
34.000 move +0.0560 +0.0000 +1.1986 +0.3715 +68.97 0.978 +0.0220 +0.2128
34.020 move +0.0560 +0.0000 +1.1965 +0.3785 +70.48 0.985 +0.0199 +0.2566
34.040 move +0.0560 +0.0000 +1.1948 +0.3856 +72.05 0.990 +0.0647 +0.2589
34.060 move +0.0560 +0.0000 +1.1938 +0.3915 +72.89 0.994 +0.0611 +0.1958
34.080 move +0.0560 +0.0000 +1.1935 +0.3958 +73.17 0.996 -0.0165 +0.1459
34.100 move +0.0560 +0.0000 +1.1935 +0.3993 +73.18 0.997 -0.0151 +0.1439
34.120 move +0.0560 +0.0000 +1.1937 +0.4026 +73.11 0.997 -0.0140 +0.1431
34.140 move +0.0560 +0.0000 +1.1938 +0.4056 +73.06 0.997 -0.0130 +0.1448
34.160 move +0.0560 +0.0000 +1.1940 +0.4086 +73.04 0.997 -0.0123 +0.1602
34.180 move +0.0560 +0.0000 +1.1944 +0.4116 +73.00 0.997 -0.0120 +0.1764
34.200 move +0.0560 +0.0000 +1.1953 +0.4145 +72.93 0.998 -0.0122 +0.1745
34.220 move +0.0560 +0.0000 +1.1964 +0.4175 +72.74 0.998 -0.0124 +0.1820
34.240 move +0.0560 +0.0000 +1.1975 +0.4209 +72.57 0.999 +0.0488 +0.2003
34.260 move +0.0560 +0.0000 +1.1988 +0.4243 +72.78 1.000 +0.0467 +0.1506
34.280 move +0.0560 +0.0000 +1.2003 +0.4270 +72.39 0.999 -0.0137 +0.1163
34.300 move +0.0560 +0.0000 +1.2013 +0.4292 +71.90 0.999 +0.0491 +0.0450
34.320 move +0.0560 +0.0000 +1.2006 +0.4295 +71.40 0.997 +0.0125 -0.0932
34.340 move +0.0560 +0.0000 +1.1987 +0.4286 +71.14 0.994 +0.0119 -0.1310
34.360 move +0.0560 +0.0000 +1.1967 +0.4276 +71.05 0.992 +0.0112 -0.1028
34.380 move +0.0560 +0.0000 +1.1947 +0.4264 +71.04 0.990 +0.0106 -0.0838
34.400 move +0.0560 +0.0000 +1.1927 +0.4249 +71.11 0.989 +0.0097 -0.0814
34.420 move +0.0560 +0.0000 +1.1903 +0.4230 +71.21 0.988 +0.0088 -0.0989
34.440 move +0.0560 +0.0000 +1.1878 +0.4205 +71.23 0.989 +0.0075 -0.1132
34.460 move +0.0560 +0.0000 +1.1846 +0.4185 +71.51 0.990 +0.0055 -0.0649
34.480 move +0.0560 +0.0000 +1.1813 +0.4180 +71.85 0.991 +0.0029 -0.0070
34.500 move +0.0560 -0.0080 +1.1779 +0.4187 +72.16 0.992 +0.0650 +0.0362
34.520 move +0.0560 -0.0160 +1.1749 +0.4203 +72.46 0.994 +0.0640 +0.0433
34.540 move +0.0560 -0.0240 +1.1722 +0.4225 +72.89 0.996 -0.0051 +0.0798
34.560 move +0.0560 -0.0320 +1.1701 +0.4254 +73.61 0.998 +0.0643 +0.0998
34.580 move +0.0560 -0.0400 +1.1685 +0.4284 +74.20 0.999 +0.0706 +0.0992
34.600 move +0.0560 -0.0480 +1.1674 +0.4300 +74.65 0.999 +0.0725 +0.0021
34.620 move +0.0560 -0.0560 +1.1674 +0.4300 +74.59 0.998 +0.0731 -0.0373
34.640 move +0.0560 -0.0640 +1.1684 +0.4292 +74.44 0.997 +0.0096 -0.0427
34.660 move +0.0560 -0.0720 +1.1701 +0.4279 +74.33 0.994 +0.0082 -0.0483
34.680 move +0.0560 -0.0800 +1.1721 +0.4258 +74.30 0.993 +0.0064 -0.0734
34.700 move +0.0560 -0.0880 +1.1749 +0.4234 +74.03 0.992 +0.0039 -0.0415
34.720 move +0.0560 -0.0960 +1.1786 +0.4213 +73.61 0.991 +0.0005 +0.0143
34.740 move +0.0560 -0.1040 +1.1829 +0.4201 +73.13 0.991 +0.0729 +0.0518
34.760 move +0.0560 -0.1120 +1.1877 +0.4203 +72.52 0.992 -0.0068 +0.1097
34.780 move +0.0560 -0.1200 +1.1926 +0.4216 +71.89 0.994 +0.0694 +0.1619
34.800 move +0.0560 -0.1280 +1.1977 +0.4238 +71.31 0.995 -0.0127 +0.1998
34.820 move +0.0560 -0.1360 +1.2032 +0.4271 +70.56 0.996 +0.0660 +0.2326
34.840 move +0.0560 -0.1440 +1.2085 +0.4309 +69.80 0.997 -0.0183 +0.2532
34.860 move +0.0560 -0.1520 +1.2129 +0.4346 +69.19 0.997 +0.0665 +0.1544
34.880 move +0.0560 -0.1600 +1.2152 +0.4373 +69.01 0.996 +0.0210 +0.0932
34.900 move +0.0560 -0.1680 +1.2160 +0.4395 +68.65 0.992 +0.0215 +0.0617
34.920 move +0.0560 -0.1760 +1.2159 +0.4414 +67.90 0.988 +0.0213 +0.0486
34.940 move +0.0560 -0.1840 +1.2152 +0.4430 +67.06 0.984 +0.0203 +0.0444
34.960 move +0.0560 -0.1920 +1.2136 +0.4449 +66.26 0.982 +0.0188 +0.0621
34.980 move +0.0560 -0.2000 +1.2113 +0.4474 +65.75 0.981 +0.0165 +0.0820
35.000 move +0.0560 -0.2080 +1.2085 +0.4508 +65.46 0.983 +0.0132 +0.1254
35.020 move +0.0560 -0.2160 +1.2051 +0.4548 +65.30 0.986 +0.0092 +0.1299
35.040 move +0.0560 -0.2240 +1.2015 +0.4596 +65.15 0.990 +0.0048 +0.1687
35.060 move +0.0560 -0.2320 +1.1982 +0.4650 +64.96 0.994 +0.0005 +0.1901
35.080 move +0.0560 -0.2400 +1.1954 +0.4705 +64.45 0.997 +0.0479 +0.1607
35.100 move +0.0560 -0.2480 +1.1927 +0.4757 +64.01 0.998 -0.0072 +0.1318
35.120 move +0.0560 -0.2500 +1.1899 +0.4803 +64.00 0.998 -0.0109 +0.1163
35.140 move +0.0392 -0.1750 +1.1875 +0.4843 +64.46 0.997 +0.0521 +0.0989
35.160 move +0.0408 -0.1830 +1.1856 +0.4862 +65.03 0.994 +0.0557 -0.0227
35.180 move +0.0424 -0.1910 +1.1843 +0.4865 +65.68 0.990 +0.0137 -0.0610
35.200 move +0.0440 -0.1990 +1.1837 +0.4860 +65.61 0.987 +0.0147 -0.0484
35.220 move +0.0456 -0.2070 +1.1835 +0.4849 +65.23 0.986 +0.0145 -0.0454
35.240 move +0.0472 -0.2150 +1.1837 +0.4832 +64.84 0.985 +0.0137 -0.0522
35.260 move +0.0488 -0.2230 +1.1843 +0.4808 +64.65 0.985 +0.0125 -0.0597
35.280 move +0.0504 -0.2310 +1.1852 +0.4777 +64.58 0.986 +0.0108 -0.0653
35.300 move +0.0520 -0.2390 +1.1870 +0.4740 +64.31 0.987 +0.0085 -0.0597
35.320 move +0.0536 -0.2470 +1.1900 +0.4704 +63.61 0.989 +0.0051 -0.0503
35.340 move +0.0552 -0.2500 +1.1942 +0.4673 +62.74 0.990 +0.0011 +0.0101
35.360 move +0.0560 -0.2500 +1.1991 +0.4656 +62.08 0.992 +0.0673 +0.0717
35.380 move +0.0560 -0.2500 +1.2042 +0.4648 +61.61 0.994 -0.0067 +0.0904
35.400 move +0.0560 -0.2500 +1.2092 +0.4648 +60.80 0.996 +0.0691 +0.0816
35.420 move +0.0560 -0.2500 +1.2131 +0.4647 +59.93 0.997 +0.0703 +0.0561
35.440 move +0.0560 -0.2500 +1.2156 +0.4648 +59.81 0.996 +0.0702 +0.0387
35.460 move +0.0560 -0.2500 +1.2168 +0.4654 +59.72 0.993 +0.0701 +0.0306
35.480 move +0.0560 -0.2500 +1.2171 +0.4665 +59.55 0.990 +0.0699 +0.0303
35.500 move +0.0560 -0.2500 +1.2166 +0.4681 +59.34 0.987 +0.0699 +0.0494
35.520 move +0.0560 -0.2500 +1.2152 +0.4704 +59.25 0.985 +0.0139 +0.0680
35.540 move +0.0560 -0.2500 +1.2132 +0.4735 +59.34 0.984 +0.0114 +0.0931
35.560 move +0.0560 -0.2500 +1.2106 +0.4773 +59.71 0.986 +0.0081 +0.0944
35.580 move +0.0560 -0.2500 +1.2075 +0.4821 +60.12 0.990 +0.0040 +0.1408
35.600 move +0.0560 -0.2500 +1.2048 +0.4878 +60.33 0.993 +0.0567 +0.1801
35.620 move +0.0560 -0.2500 +1.2027 +0.4939 +60.40 0.997 -0.0037 +0.1997
35.640 move +0.0560 -0.2500 +1.2011 +0.4999 +60.28 0.999 -0.0070 +0.1893
35.660 move +0.0560 -0.2500 +1.1993 +0.5058 +60.21 0.999 -0.0105 +0.1698
35.680 move +0.0560 -0.2500 +1.1975 +0.5111 +60.45 0.998 +0.0497 +0.1532
35.700 move +0.0560 -0.2500 +1.1962 +0.5134 +60.49 0.995 +0.0097 -0.0501
35.720 move +0.0560 -0.2500 +1.1956 +0.5134 +60.84 0.990 +0.0112 -0.0968
35.740 move +0.0560 -0.2500 +1.1958 +0.5128 +60.07 0.985 +0.0111 -0.0579
35.760 move +0.0560 -0.2500 +1.1964 +0.5119 +59.03 0.981 +0.0100 -0.0353
35.780 move +0.0560 -0.2500 +1.1972 +0.5105 +58.03 0.980 +0.0084 -0.0240
35.800 move +0.0560 -0.2500 +1.1983 +0.5085 +57.08 0.981 +0.0063 -0.0258
35.820 move +0.0560 -0.2500 +1.1997 +0.5059 +56.26 0.984 +0.0036 -0.0187
35.840 move +0.0560 -0.2500 +1.2012 +0.5024 +55.30 0.988 +0.0002 -0.0552
35.860 move +0.0560 -0.2500 +1.2032 +0.4980 +54.01 0.993 -0.0040 -0.0467
35.880 move +0.0560 -0.2500 +1.2069 +0.4937 +53.22 0.997 -0.0088 +0.0066
35.900 move +0.0560 -0.2500 +1.2119 +0.4905 +52.92 0.999 +0.0545 +0.0738
35.920 move +0.0560 -0.2500 +1.2173 +0.4883 +53.01 0.999 +0.0540 +0.0736
35.940 move +0.0560 -0.2500 +1.2219 +0.4854 +52.79 0.998 +0.0543 -0.0276
35.960 move +0.0560 -0.2500 +1.2243 +0.4824 +52.19 0.996 +0.0563 -0.0858
35.980 move +0.0560 -0.2500 +1.2249 +0.4796 +51.58 0.993 +0.0272 -0.1307
36.000 move +0.0560 -0.2500 +1.2246 +0.4767 +50.85 0.987 +0.0290 -0.1550
36.020 move +0.0560 -0.2500 +1.2238 +0.4737 +50.33 0.981 +0.0306 -0.1534
36.040 move +0.0560 -0.2500 +1.2225 +0.4709 +50.18 0.974 +0.0316 -0.1306
36.060 move +0.0560 -0.2500 +1.2208 +0.4692 +50.36 0.969 +0.0314 -0.0765
36.080 move +0.0560 -0.2500 +1.2191 +0.4689 +50.57 0.965 +0.0304 -0.0274
36.100 move +0.0560 -0.2500 +1.2177 +0.4699 +50.81 0.963 +0.0287 +0.0395
36.120 move +0.0560 -0.2500 +1.2161 +0.4720 +51.32 0.965 +0.0265 +0.0508
36.140 move +0.0560 -0.2500 +1.2144 +0.4751 +52.72 0.967 +0.0251 +0.0830
36.160 move +0.0560 -0.2500 +1.2127 +0.4793 +54.54 0.970 +0.0241 +0.1310
36.180 move +0.0560 -0.2500 +1.2112 +0.4846 +56.51 0.975 +0.0598 +0.1716
36.200 move +0.0560 -0.2500 +1.2097 +0.4901 +58.21 0.980 +0.0606 +0.1528
36.220 move +0.0560 -0.2500 +1.2086 +0.4953 +59.69 0.984 +0.0593 +0.1533
36.240 move +0.0560 -0.2500 +1.2078 +0.4997 +60.19 0.988 +0.0578 +0.1361
36.260 move +0.0560 -0.2500 +1.2070 +0.5029 +60.92 0.991 -0.0182 +0.0552
36.280 move +0.0560 -0.2500 +1.2063 +0.5047 +61.46 0.993 -0.0159 +0.0221
36.300 move +0.0560 -0.2500 +1.2056 +0.5055 +61.76 0.994 -0.0143 +0.0103
36.320 move +0.0560 -0.2500 +1.2048 +0.5058 +61.75 0.996 -0.0130 +0.0085
36.340 move +0.0560 -0.2500 +1.2040 +0.5058 +61.57 0.997 -0.0121 +0.0105
36.360 move +0.0560 -0.2500 +1.2035 +0.5058 +61.43 0.997 -0.0114 +0.0307
36.380 move +0.0560 -0.2500 +1.2033 +0.5061 +61.29 0.998 -0.0113 +0.0744
36.400 move +0.0560 -0.2500 +1.2037 +0.5068 +60.97 0.998 -0.0115 +0.0961
36.420 move +0.0560 -0.2500 +1.2046 +0.5082 +60.67 0.998 -0.0118 +0.1162
36.440 move +0.0560 -0.2500 +1.2059 +0.5105 +60.45 0.998 -0.0121 +0.1567
36.460 move +0.0560 -0.2500 +1.2078 +0.5138 +60.18 0.999 -0.0122 +0.2057
36.480 move +0.0560 -0.2500 +1.2102 +0.5183 +59.75 0.999 +0.0554 +0.2332
36.500 move +0.0560 -0.2500 +1.2121 +0.5214 +58.67 1.000 +0.0575 +0.0866
36.520 move +0.0560 -0.2500 +1.2121 +0.5236 +58.01 0.999 +0.0099 +0.0050
36.540 move +0.0560 -0.2500 +1.2113 +0.5254 +57.75 0.997 +0.0093 -0.0100
36.560 move +0.0560 -0.2500 +1.2102 +0.5269 +57.56 0.995 +0.0085 +0.0046
36.580 move +0.0560 -0.2500 +1.2088 +0.5280 +57.44 0.993 +0.0078 +0.0011
36.600 move +0.0560 -0.2500 +1.2072 +0.5287 +57.42 0.992 +0.0067 -0.0125
36.620 move +0.0560 -0.2500 +1.2052 +0.5288 +57.43 0.991 +0.0056 -0.0377
36.640 move +0.0560 -0.2500 +1.2029 +0.5283 +57.52 0.991 +0.0040 -0.0494
36.660 move +0.0560 -0.2500 +1.2003 +0.5280 +57.75 0.992 +0.0019 -0.0390
36.680 move +0.0560 -0.2500 +1.1977 +0.5285 +58.02 0.994 -0.0003 +0.0060
36.700 move +0.0560 -0.2500 +1.1956 +0.5299 +58.17 0.996 +0.0575 +0.0421
36.720 move +0.0560 -0.2500 +1.1944 +0.5322 +58.30 0.997 +0.0557 +0.0668
36.740 move +0.0560 -0.2500 +1.1935 +0.5349 +58.46 0.999 -0.0057 +0.1035
36.760 move +0.0560 -0.2500 +1.1931 +0.5384 +58.58 0.999 -0.0077 +0.1287
36.780 move +0.0560 -0.2500 +1.1929 +0.5418 +58.97 1.000 +0.0559 +0.1464
36.800 move +0.0560 -0.2500 +1.1929 +0.5431 +59.19 1.000 +0.0046 -0.0324
36.820 move +0.0560 -0.2500 +1.1930 +0.5423 +59.63 0.997 +0.0055 -0.1089
36.840 move +0.0560 -0.2500 +1.1936 +0.5409 +59.19 0.994 +0.0050 -0.0661
36.860 move +0.0560 -0.2500 +1.1945 +0.5392 +58.84 0.992 +0.0038 -0.0559
36.880 move +0.0560 -0.2500 +1.1957 +0.5368 +58.54 0.991 +0.0022 -0.0482
36.900 move +0.0560 -0.2500 +1.1972 +0.5337 +58.26 0.992 -0.0000 -0.0619
36.920 move +0.0560 -0.2500 +1.1992 +0.5300 +58.08 0.994 -0.0030 -0.0297
36.940 move +0.0560 -0.2500 +1.2024 +0.5265 +57.74 0.996 -0.0068 +0.0039
36.960 move +0.0560 -0.2500 +1.2063 +0.5236 +57.20 0.996 -0.0107 +0.0396
36.980 move +0.0560 -0.2500 +1.2108 +0.5219 +56.61 0.997 -0.0146 +0.1013
37.000 move +0.0560 -0.2500 +1.2158 +0.5211 +56.14 0.996 +0.0649 +0.1181
37.020 move +0.0560 -0.2500 +1.2211 +0.5211 +55.68 0.996 -0.0214 +0.1593
37.040 move +0.0560 -0.2500 +1.2268 +0.5221 +55.09 0.995 +0.0629 +0.1781
37.060 move +0.0560 -0.2500 +1.2308 +0.5227 +54.11 0.994 +0.0598 +0.0700
37.080 move +0.0560 -0.2500 +1.2329 +0.5233 +53.52 0.992 +0.0583 +0.0304
37.100 move +0.0560 -0.2500 +1.2334 +0.5239 +53.35 0.988 +0.0280 -0.0119
37.120 move +0.0560 -0.2500 +1.2332 +0.5245 +52.94 0.982 +0.0283 -0.0109
37.140 move +0.0560 -0.2500 +1.2323 +0.5254 +52.91 0.978 +0.0278 +0.0053
37.160 move +0.0560 -0.2500 +1.2309 +0.5270 +53.11 0.974 +0.0265 +0.0327
37.180 move +0.0560 -0.2500 +1.2292 +0.5294 +53.31 0.972 +0.0244 +0.0606
37.200 move +0.0560 -0.2500 +1.2274 +0.5327 +53.55 0.973 +0.0216 +0.1092
37.220 move +0.0560 -0.2500 +1.2254 +0.5368 +53.85 0.976 +0.0182 +0.1149
37.240 move +0.0560 -0.2500 +1.2230 +0.5419 +54.24 0.981 +0.0145 +0.1494
37.260 move +0.0560 -0.2500 +1.2207 +0.5479 +54.50 0.986 +0.0105 +0.1927
37.280 move +0.0560 -0.2500 +1.2183 +0.5545 +54.53 0.991 +0.0494 +0.1752
37.300 move +0.0560 -0.2500 +1.2160 +0.5611 +54.69 0.995 +0.0497 +0.1609
37.320 move +0.0560 -0.2500 +1.2138 +0.5665 +55.20 0.996 -0.0022 +0.1201
37.340 move +0.0560 -0.2500 +1.2121 +0.5703 +55.45 0.996 +0.0538 +0.0187
37.360 move +0.0560 -0.2500 +1.2106 +0.5713 +55.70 0.994 +0.0052 -0.0804
37.380 move +0.0560 -0.2500 +1.2096 +0.5711 +55.71 0.991 +0.0065 -0.0876
37.400 move +0.0560 -0.2500 +1.2090 +0.5704 +55.57 0.988 +0.0071 -0.0584
37.420 move +0.0560 -0.2500 +1.2087 +0.5693 +55.28 0.986 +0.0069 -0.0434
37.440 move +0.0560 -0.2500 +1.2087 +0.5675 +54.98 0.985 +0.0062 -0.0439
37.460 move +0.0560 -0.2500 +1.2089 +0.5651 +54.86 0.986 +0.0049 -0.0514
37.480 move +0.0560 -0.2500 +1.2094 +0.5617 +54.68 0.988 +0.0027 -0.0628
37.500 move +0.0560 -0.2500 +1.2111 +0.5580 +54.17 0.991 -0.0002 -0.0244
37.520 move +0.0560 -0.2500 +1.2142 +0.5543 +53.60 0.994 -0.0041 +0.0035
37.540 move +0.0560 -0.2500 +1.2183 +0.5517 +53.11 0.995 -0.0083 +0.0677
37.560 move +0.0560 -0.2500 +1.2228 +0.5500 +52.77 0.997 +0.0626 +0.0708
37.580 move +0.0560 -0.2500 +1.2275 +0.5490 +52.55 0.997 +0.0611 +0.1190
37.600 move +0.0560 -0.2500 +1.2318 +0.5477 +51.64 0.997 +0.0627 +0.0293
37.620 move +0.0560 -0.2500 +1.2340 +0.5465 +51.05 0.997 +0.0636 -0.0094
37.640 move +0.0560 -0.2500 +1.2348 +0.5460 +50.98 0.994 +0.0210 -0.0266
37.660 move +0.0560 -0.2500 +1.2345 +0.5454 +50.63 0.990 +0.0215 -0.0732
37.680 move +0.0560 -0.2500 +1.2335 +0.5447 +50.00 0.986 +0.0221 -0.0881
37.700 move +0.0560 -0.2500 +1.2317 +0.5444 +49.83 0.982 +0.0218 -0.0568
37.720 move +0.0560 -0.2500 +1.2294 +0.5452 +50.02 0.979 +0.0201 -0.0161
37.740 move +0.0560 -0.2500 +1.2270 +0.5472 +50.34 0.979 +0.0174 +0.0379
37.760 move +0.0560 -0.2500 +1.2242 +0.5502 +50.75 0.980 +0.0140 +0.0432
37.780 move +0.0560 -0.2500 +1.2212 +0.5542 +51.31 0.984 +0.0101 +0.0837
37.800 move +0.0560 -0.2500 +1.2182 +0.5594 +52.16 0.988 +0.0620 +0.1174
37.820 move +0.0560 -0.2500 +1.2154 +0.5652 +53.51 0.992 +0.0556 +0.1268
37.840 move +0.0560 -0.2500 +1.2132 +0.5712 +54.95 0.995 +0.0514 +0.1534
37.860 move +0.0560 -0.2500 +1.2112 +0.5766 +55.97 0.997 -0.0012 +0.1372
37.880 move +0.0560 -0.2500 +1.2100 +0.5816 +56.47 0.998 +0.0574 +0.1581
37.900 move +0.0560 -0.2500 +1.2087 +0.5841 +56.61 0.998 +0.0023 -0.0319
37.920 move +0.0560 -0.2500 +1.2076 +0.5845 +56.81 0.995 +0.0044 -0.0718
37.940 move +0.0560 -0.2500 +1.2070 +0.5841 +56.34 0.992 +0.0052 -0.0477
37.960 move +0.0560 -0.2500 +1.2068 +0.5831 +55.83 0.991 +0.0050 -0.0404
37.980 move +0.0560 -0.2500 +1.2069 +0.5814 +55.47 0.990 +0.0041 -0.0443
38.000 move +0.0560 -0.2500 +1.2073 +0.5788 +55.20 0.990 +0.0027 -0.0612
38.020 move +0.0560 -0.2500 +1.2082 +0.5756 +54.97 0.991 +0.0005 -0.0298
38.040 move +0.0560 -0.2500 +1.2106 +0.5722 +54.58 0.993 -0.0027 +0.0019
38.060 move +0.0560 -0.2500 +1.2138 +0.5693 +54.12 0.994 -0.0064 +0.0345
38.080 move +0.0560 -0.2500 +1.2179 +0.5673 +53.68 0.995 -0.0101 +0.0871
38.100 move +0.0560 -0.2500 +1.2225 +0.5665 +53.24 0.996 +0.0657 +0.1175
38.120 move +0.0560 -0.2500 +1.2274 +0.5663 +52.87 0.996 -0.0167 +0.1470
38.140 move +0.0560 -0.2500 +1.2327 +0.5670 +52.45 0.996 +0.0646 +0.1580
38.160 move +0.0560 -0.2500 +1.2365 +0.5674 +51.54 0.996 +0.0648 +0.0709
38.180 move +0.0560 -0.2500 +1.2384 +0.5680 +50.98 0.995 +0.0636 +0.0363
38.200 move +0.0560 -0.2500 +1.2389 +0.5688 +50.81 0.992 +0.0226 -0.0068
38.220 move +0.0560 -0.2500 +1.2384 +0.5695 +50.26 0.988 +0.0228 -0.0273
38.240 move +0.0560 -0.2500 +1.2372 +0.5701 +49.84 0.983 +0.0226 -0.0343
38.260 move +0.0560 -0.2500 +1.2353 +0.5713 +49.83 0.980 +0.0212 +0.0004
38.280 move +0.0560 -0.2500 +1.2330 +0.5735 +49.97 0.979 +0.0188 +0.0282
38.300 move +0.0560 -0.2500 +1.2305 +0.5766 +50.22 0.980 +0.0154 +0.0751
38.320 move +0.0560 -0.2500 +1.2276 +0.5807 +50.53 0.983 +0.0114 +0.0793
38.340 move +0.0560 -0.2500 +1.2245 +0.5857 +50.91 0.987 +0.0069 +0.1152
38.360 move +0.0560 -0.2500 +1.2215 +0.5917 +51.16 0.992 +0.0557 +0.1565
38.380 move +0.0560 -0.2500 +1.2193 +0.5982 +51.14 0.996 +0.0506 +0.1638
38.400 move +0.0560 -0.2500 +1.2173 +0.6045 +51.10 0.999 +0.0494 +0.1370
38.420 move +0.0560 -0.2500 +1.2150 +0.6101 +51.47 0.999 -0.0109 +0.1400
38.440 move +0.0560 -0.2500 +1.2133 +0.6147 +51.65 0.998 +0.0589 +0.0316
38.460 move +0.0560 -0.2500 +1.2116 +0.6160 +52.14 0.995 +0.0129 -0.0933
38.480 move +0.0560 -0.2500 +1.2104 +0.6160 +52.03 0.990 +0.0144 -0.0781
38.500 move +0.0560 -0.2500 +1.2096 +0.6153 +51.43 0.986 +0.0146 -0.0621
38.520 move +0.0560 -0.2500 +1.2090 +0.6141 +50.80 0.983 +0.0141 -0.0548
38.540 move +0.0560 -0.2500 +1.2086 +0.6122 +50.24 0.982 +0.0133 -0.0601
38.560 move +0.0560 -0.2500 +1.2082 +0.6097 +49.80 0.982 +0.0119 -0.0717
38.580 move +0.0560 -0.2500 +1.2080 +0.6064 +49.36 0.983 +0.0099 -0.0621
38.600 move +0.0560 -0.2500 +1.2090 +0.6027 +48.78 0.985 +0.0074 -0.0379
38.620 move +0.0560 -0.2500 +1.2112 +0.5989 +48.13 0.987 +0.0040 -0.0168
38.640 move +0.0560 -0.2500 +1.2148 +0.5953 +47.44 0.989 -0.0000 +0.0302
38.660 move +0.0560 -0.2500 +1.2194 +0.5928 +46.91 0.992 +0.0682 +0.0915
38.680 move +0.0560 -0.2500 +1.2243 +0.5911 +46.62 0.994 -0.0080 +0.1049
38.700 move +0.0560 -0.2500 +1.2294 +0.5901 +45.92 0.996 +0.0704 +0.0988
38.720 move +0.0560 -0.2500 +1.2334 +0.5893 +45.19 0.996 +0.0711 +0.0693
38.740 move +0.0560 -0.2500 +1.2359 +0.5891 +45.07 0.995 +0.0701 +0.0486
38.760 move +0.0560 -0.2500 +1.2373 +0.5896 +44.95 0.993 +0.0690 +0.0364
38.780 move +0.0560 -0.2500 +1.2377 +0.5907 +44.73 0.989 +0.0687 +0.0321
38.800 move +0.0560 -0.2500 +1.2374 +0.5926 +44.52 0.986 +0.0694 +0.0500
38.820 move +0.0560 -0.2500 +1.2364 +0.5954 +44.50 0.984 +0.0145 +0.0621
38.840 move +0.0560 -0.2500 +1.2351 +0.5991 +44.65 0.984 +0.0118 +0.0910
38.860 move +0.0560 -0.2500 +1.2333 +0.6035 +45.04 0.986 +0.0083 +0.0911
38.880 move +0.0560 -0.2500 +1.2313 +0.6088 +45.56 0.989 +0.0041 +0.1265
38.900 move +0.0560 -0.2500 +1.2296 +0.6151 +45.83 0.993 +0.0567 +0.1669
38.920 move +0.0560 -0.2500 +1.2287 +0.6215 +45.98 0.997 -0.0039 +0.1782
38.940 move +0.0560 -0.2500 +1.2282 +0.6277 +46.03 0.999 -0.0073 +0.1766
38.960 move +0.0560 -0.2500 +1.2275 +0.6338 +46.26 0.999 -0.0111 +0.1644
38.980 move +0.0392 -0.1750 +1.2267 +0.6392 +46.77 0.998 +0.0553 +0.1148
39.000 move +0.0408 -0.1830 +1.2256 +0.6418 +47.26 0.995 +0.0578 -0.0211
39.020 move +0.0424 -0.1910 +1.2245 +0.6427 +47.84 0.991 +0.0143 -0.0619
39.040 move +0.0440 -0.1990 +1.2238 +0.6427 +47.57 0.988 +0.0152 -0.0435
39.060 move +0.0456 -0.2070 +1.2234 +0.6419 +46.95 0.986 +0.0150 -0.0414
39.080 move +0.0472 -0.2150 +1.2232 +0.6403 +46.33 0.985 +0.0142 -0.0493
39.100 move +0.0488 -0.2230 +1.2230 +0.6378 +45.78 0.984 +0.0127 -0.0651
39.120 move +0.0504 -0.2310 +1.2230 +0.6345 +45.38 0.986 +0.0107 -0.0611
39.140 move +0.0520 -0.2390 +1.2241 +0.6306 +44.97 0.988 +0.0078 -0.0301
39.160 move +0.0536 -0.2470 +1.2263 +0.6264 +44.30 0.990 +0.0042 -0.0161
39.180 move +0.0552 -0.2500 +1.2297 +0.6222 +43.51 0.992 -0.0002 +0.0299
39.200 move +0.0560 -0.2500 +1.2344 +0.6189 +42.91 0.994 +0.0655 +0.0972
39.220 move +0.0560 -0.2500 +1.2395 +0.6166 +42.51 0.996 +0.0635 +0.1070
39.240 move +0.0560 -0.2500 +1.2447 +0.6148 +41.98 0.997 +0.0642 +0.0947
39.260 move +0.0560 -0.2500 +1.2486 +0.6129 +41.14 0.998 +0.0652 +0.0391
39.280 move +0.0560 -0.2500 +1.2508 +0.6116 +40.58 0.997 +0.0655 +0.0136
39.300 move +0.0560 -0.2500 +1.2518 +0.6111 +40.45 0.994 +0.0659 -0.0060
39.320 move +0.0560 -0.2500 +1.2517 +0.6110 +40.24 0.990 +0.0186 -0.0491
39.340 move +0.0560 -0.2500 +1.2508 +0.6109 +39.68 0.986 +0.0189 -0.0662
39.360 move +0.0560 -0.2500 +1.2492 +0.6115 +39.58 0.983 +0.0181 -0.0278
39.380 move +0.0560 -0.2500 +1.2474 +0.6134 +39.90 0.981 +0.0162 +0.0097
39.400 move +0.0560 -0.2500 +1.2456 +0.6163 +40.27 0.982 +0.0133 +0.0592
39.420 move +0.0560 -0.2500 +1.2436 +0.6203 +40.69 0.984 +0.0096 +0.0658
39.440 move +0.0560 -0.2500 +1.2414 +0.6252 +41.27 0.988 +0.0056 +0.0962
39.460 move +0.0560 -0.2500 +1.2395 +0.6312 +41.86 0.992 +0.0590 +0.1324
39.480 move +0.0560 -0.2500 +1.2386 +0.6375 +42.38 0.996 +0.0538 +0.1563
39.500 move +0.0560 -0.2500 +1.2379 +0.6437 +42.98 0.998 -0.0049 +0.1529
39.520 move +0.0560 -0.2500 +1.2373 +0.6497 +43.55 0.999 -0.0087 +0.1818
39.540 move +0.0560 -0.2500 +1.2368 +0.6540 +43.74 0.999 +0.0628 +0.0223
39.560 move +0.0560 -0.2500 +1.2358 +0.6555 +44.05 0.996 +0.0106 -0.0654
39.580 move +0.0560 -0.2500 +1.2351 +0.6559 +43.69 0.992 +0.0117 -0.0468
39.600 move +0.0560 -0.2500 +1.2347 +0.6555 +43.29 0.988 +0.0119 -0.0396
39.620 move +0.0560 -0.2500 +1.2344 +0.6545 +42.89 0.986 +0.0115 -0.0341
39.640 move +0.0560 -0.2500 +1.2341 +0.6527 +42.44 0.985 +0.0105 -0.0446
39.660 move +0.0560 -0.2500 +1.2339 +0.6501 +42.15 0.985 +0.0089 -0.0589
39.680 move +0.0560 -0.2500 +1.2345 +0.6468 +41.85 0.987 +0.0064 -0.0128
39.700 move +0.0560 -0.2500 +1.2364 +0.6432 +41.29 0.989 +0.0031 +0.0096
39.720 move +0.0560 -0.2500 +1.2395 +0.6395 +40.67 0.991 -0.0009 +0.0493
39.740 move +0.0560 -0.2500 +1.2437 +0.6365 +40.25 0.993 +0.0672 +0.1066
39.760 move +0.0560 -0.2500 +1.2485 +0.6342 +39.98 0.995 +0.0655 +0.1088
39.780 move +0.0560 -0.2500 +1.2536 +0.6326 +39.63 0.996 -0.0128 +0.1511
39.800 move +0.0560 -0.2500 +1.2585 +0.6311 +38.77 0.997 +0.0659 +0.0913
39.820 move +0.0560 -0.2500 +1.2615 +0.6300 +38.13 0.997 +0.0660 +0.0433
39.840 move +0.0560 -0.2500 +1.2630 +0.6298 +38.08 0.995 +0.0660 +0.0157
39.860 move +0.0560 -0.2500 +1.2633 +0.6301 +37.89 0.992 +0.0195 -0.0234
39.880 move +0.0560 -0.2500 +1.2627 +0.6304 +37.34 0.988 +0.0198 -0.0486
39.900 move +0.0560 -0.2500 +1.2614 +0.6311 +37.14 0.984 +0.0192 -0.0318
39.920 move +0.0560 -0.2500 +1.2597 +0.6328 +37.38 0.982 +0.0175 +0.0033
39.940 move +0.0560 -0.2500 +1.2579 +0.6357 +37.72 0.981 +0.0147 +0.0502
39.960 move +0.0560 -0.2500 +1.2560 +0.6395 +38.09 0.983 +0.0111 +0.0520
39.980 move +0.0560 -0.2500 +1.2539 +0.6443 +38.59 0.987 +0.0071 +0.0869
40.000 move +0.0560 -0.2500 +1.2520 +0.6501 +39.02 0.991 +0.0602 +0.1207
40.020 move +0.0560 -0.2500 +1.2510 +0.6564 +39.43 0.995 +0.0553 +0.1464
40.040 move +0.0560 -0.2500 +1.2504 +0.6627 +40.03 0.998 +0.0518 +0.1565
40.060 move +0.0560 -0.2500 +1.2496 +0.6684 +40.71 0.999 -0.0076 +0.1409
40.080 move +0.0560 -0.2500 +1.2495 +0.6736 +41.03 0.999 +0.0602 +0.1212
40.100 move +0.0560 -0.2500 +1.2484 +0.6761 +41.29 0.998 +0.0093 -0.0623
40.120 move +0.0560 -0.2500 +1.2471 +0.6765 +41.40 0.994 +0.0115 -0.0812
40.140 move +0.0560 -0.2500 +1.2462 +0.6761 +40.82 0.991 +0.0121 -0.0631
40.160 move +0.0560 -0.2500 +1.2455 +0.6749 +40.20 0.988 +0.0117 -0.0602
40.180 move +0.0560 -0.2500 +1.2448 +0.6730 +39.67 0.986 +0.0108 -0.0664
40.200 move +0.0560 -0.2500 +1.2440 +0.6702 +39.17 0.986 +0.0093 -0.0858
40.220 move +0.0560 -0.2500 +1.2439 +0.6668 +38.78 0.987 +0.0071 -0.0308
40.240 move +0.0560 -0.2500 +1.2451 +0.6629 +38.40 0.988 +0.0040 -0.0099
40.260 move +0.0560 -0.2500 +1.2474 +0.6588 +37.72 0.990 +0.0002 +0.0112
40.280 move +0.0560 -0.2500 +1.2510 +0.6551 +37.17 0.991 -0.0041 +0.0775
40.300 move +0.0560 -0.2500 +1.2553 +0.6523 +36.79 0.993 +0.0692 +0.0946
40.320 move +0.0560 -0.2500 +1.2598 +0.6501 +36.49 0.994 -0.0118 +0.1257
40.340 move +0.0560 -0.2500 +1.2651 +0.6490 +36.08 0.995 +0.0682 +0.1698
40.360 move +0.0560 -0.2500 +1.2695 +0.6479 +35.27 0.996 +0.0692 +0.0967
40.380 move +0.0560 -0.2500 +1.2724 +0.6475 +34.51 0.995 +0.0670 +0.0647
40.400 move +0.0560 -0.2500 +1.2739 +0.6480 +34.28 0.993 +0.0660 +0.0375
40.420 move +0.0560 -0.2500 +1.2743 +0.6491 +34.11 0.989 +0.0199 +0.0032
40.440 move +0.0560 -0.2500 +1.2738 +0.6503 +33.84 0.986 +0.0193 -0.0133
40.460 move +0.0560 -0.2500 +1.2728 +0.6523 +33.84 0.983 +0.0180 +0.0150
40.480 move +0.0560 -0.2500 +1.2716 +0.6554 +34.12 0.982 +0.0156 +0.0462
40.500 move +0.0560 -0.2500 +1.2703 +0.6594 +34.45 0.983 +0.0123 +0.0873
40.520 move +0.0560 -0.2500 +1.2690 +0.6643 +34.80 0.986 +0.0082 +0.0899
40.540 move +0.0560 -0.2500 +1.2674 +0.6701 +35.25 0.990 +0.0037 +0.1191
40.560 move +0.0560 -0.2500 +1.2664 +0.6769 +35.50 0.994 +0.0558 +0.1576
40.580 move +0.0560 -0.2500 +1.2662 +0.6837 +35.53 0.997 +0.0508 +0.1690
40.600 move +0.0560 -0.2500 +1.2660 +0.6902 +35.56 0.999 -0.0092 +0.1464
40.620 move +0.0560 -0.2500 +1.2657 +0.6966 +35.91 0.999 -0.0137 +0.1745
40.640 move +0.0560 -0.2500 +1.2652 +0.7012 +36.10 0.998 +0.0604 -0.0074
40.660 move +0.0560 -0.2500 +1.2639 +0.7027 +36.64 0.993 +0.0158 -0.0885
40.680 move +0.0560 -0.2500 +1.2628 +0.7031 +36.28 0.988 +0.0170 -0.0652
40.700 move +0.0560 -0.2500 +1.2619 +0.7028 +35.71 0.984 +0.0173 -0.0537
40.720 move +0.0560 -0.2500 +1.2610 +0.7018 +35.16 0.981 +0.0170 -0.0505
40.740 move +0.0560 -0.2500 +1.2600 +0.7003 +34.66 0.979 +0.0163 -0.0597
40.760 move +0.0560 -0.2500 +1.2588 +0.6980 +34.32 0.979 +0.0151 -0.0738
40.780 move +0.0560 -0.2500 +1.2580 +0.6950 +33.95 0.980 +0.0132 -0.0397
40.800 move +0.0560 -0.2500 +1.2583 +0.6914 +33.45 0.982 +0.0106 -0.0193
40.820 move +0.0560 -0.2500 +1.2597 +0.6875 +32.84 0.984 +0.0074 +0.0084
40.840 move +0.0560 -0.2500 +1.2624 +0.6835 +32.33 0.987 +0.0034 +0.0396
40.860 move +0.0560 -0.2500 +1.2662 +0.6798 +31.74 0.990 +0.0685 +0.0715
40.880 move +0.0560 -0.2500 +1.2705 +0.6767 +31.31 0.993 -0.0046 +0.0927
40.900 move +0.0560 -0.2500 +1.2750 +0.6744 +30.47 0.995 +0.0716 +0.1000
40.920 move +0.0560 -0.2500 +1.2787 +0.6725 +29.66 0.997 +0.0723 +0.0784
40.940 move +0.0560 -0.2500 +1.2813 +0.6715 +29.52 0.996 +0.0719 +0.0563
40.960 move +0.0560 -0.2500 +1.2829 +0.6715 +29.42 0.994 +0.0716 +0.0414
40.980 move +0.0560 -0.2500 +1.2837 +0.6724 +29.22 0.991 +0.0715 +0.0346
41.000 move +0.0560 -0.2500 +1.2839 +0.6743 +28.99 0.988 +0.0713 +0.0536
41.020 move +0.0560 -0.2500 +1.2838 +0.6775 +28.94 0.986 +0.0703 +0.0712
41.040 move +0.0560 -0.2500 +1.2839 +0.6815 +29.14 0.986 +0.0686 +0.1266
41.060 move +0.0560 -0.2500 +1.2845 +0.6867 +29.53 0.988 +0.0646 +0.1529
41.080 move +0.0560 -0.2500 +1.2861 +0.6930 +29.88 0.991 +0.0589 +0.2117
41.100 move +0.0560 -0.2500 +1.2887 +0.7001 +30.02 0.994 +0.0527 +0.2741
41.120 move +0.0560 -0.2500 +1.2918 +0.7070 +29.87 0.996 +0.0467 +0.2820
41.140 move +0.0560 -0.2500 +1.2948 +0.7137 +29.57 0.997 -0.0079 +0.2581
41.160 move +0.0560 -0.2500 +1.2977 +0.7202 +29.46 0.995 -0.0111 +0.2378
41.180 move +0.0560 -0.2500 +1.3002 +0.7262 +29.64 0.993 +0.0410 +0.1941
41.200 move +0.0560 -0.2500 +1.3018 +0.7293 +29.62 0.988 +0.0100 +0.0129
41.220 move +0.0560 -0.2500 +1.3030 +0.7301 +29.85 0.980 +0.0109 -0.0338
41.240 move +0.0560 -0.2500 +1.3047 +0.7302 +29.10 0.973 +0.0104 +0.0117
41.260 move +0.0560 -0.2500 +1.3065 +0.7298 +28.27 0.968 +0.0092 +0.0429
41.280 move +0.0560 -0.2500 +1.3085 +0.7290 +27.52 0.965 +0.0076 +0.0701
41.300 move +0.0560 -0.2500 +1.3106 +0.7276 +26.81 0.965 +0.0055 +0.0839
41.320 move +0.0560 -0.2500 +1.3127 +0.7258 +26.32 0.968 +0.0028 +0.1074
41.340 move +0.0560 -0.2500 +1.3146 +0.7231 +25.70 0.973 -0.0005 +0.0757
41.360 move +0.0560 -0.2500 +1.3165 +0.7195 +24.53 0.979 -0.0046 +0.0747
41.380 move +0.0560 -0.2500 +1.3186 +0.7152 +23.49 0.985 -0.0092 +0.0770
41.400 move +0.0560 -0.2500 +1.3205 +0.7103 +23.19 0.991 +0.0285 +0.0222
41.420 move +0.0560 -0.2500 +1.3219 +0.7049 +23.18 0.993 +0.0300 -0.0654
41.440 move +0.0560 -0.2500 +1.3222 +0.7002 +23.15 0.991 +0.0323 -0.1217
41.460 move +0.0560 -0.2500 +1.3214 +0.6970 +22.67 0.989 +0.0238 -0.1529
41.480 move +0.0560 -0.2500 +1.3193 +0.6946 +22.06 0.985 +0.0251 -0.1929
41.500 move +0.0560 -0.2500 +1.3162 +0.6928 +21.52 0.980 +0.0257 -0.2275
41.520 move +0.0560 -0.2500 +1.3125 +0.6916 +21.10 0.977 +0.0257 -0.1974
41.540 move +0.0560 -0.2500 +1.3083 +0.6907 +20.88 0.975 +0.0250 -0.1936
41.560 move +0.0560 -0.2500 +1.3035 +0.6900 +20.73 0.974 +0.0239 -0.2005
41.580 move +0.0560 -0.2500 +1.2987 +0.6901 +20.71 0.974 +0.0221 -0.1658
41.600 move +0.0560 -0.2500 +1.2942 +0.6913 +20.83 0.976 +0.0193 -0.1142
41.620 move +0.0560 -0.2500 +1.2901 +0.6935 +21.07 0.978 +0.0157 -0.0993
41.640 move +0.0560 -0.2500 +1.2863 +0.6967 +21.56 0.982 +0.0120 -0.0660
41.660 move +0.0560 -0.2500 +1.2830 +0.7010 +22.42 0.986 +0.0617 -0.0315
41.680 move +0.0560 -0.2500 +1.2803 +0.7060 +23.75 0.990 +0.0580 -0.0308
41.700 move +0.0560 -0.2500 +1.2778 +0.7112 +25.90 0.994 +0.0601 -0.0143
41.720 move +0.0560 -0.2500 +1.2760 +0.7160 +27.65 0.996 +0.0628 +0.0319
41.740 move +0.0560 -0.2500 +1.2750 +0.7195 +28.69 0.999 +0.0668 -0.0046
41.760 move +0.0560 -0.2500 +1.2734 +0.7216 +29.52 1.000 +0.0691 -0.0490
41.780 move +0.0560 -0.2500 +1.2720 +0.7222 +29.52 0.999 +0.0042 -0.0749
41.800 move +0.0560 -0.2500 +1.2706 +0.7219 +29.46 0.997 +0.0051 -0.0758
41.820 move +0.0560 -0.2500 +1.2689 +0.7209 +29.49 0.994 +0.0058 -0.0841
41.840 move +0.0560 -0.2500 +1.2672 +0.7192 +29.26 0.992 +0.0058 -0.0802
41.860 move +0.0560 -0.2500 +1.2665 +0.7168 +29.01 0.990 +0.0046 -0.0273
41.880 move +0.0560 -0.2500 +1.2669 +0.7140 +28.68 0.989 +0.0025 +0.0151
41.900 move +0.0560 -0.2500 +1.2685 +0.7113 +28.16 0.988 -0.0001 +0.0600
41.920 move +0.0560 -0.2500 +1.2712 +0.7089 +27.67 0.989 -0.0030 +0.1033
41.940 move +0.0560 -0.2500 +1.2746 +0.7070 +27.33 0.990 -0.0059 +0.1224
41.960 move +0.0560 -0.2500 +1.2786 +0.7056 +26.98 0.991 -0.0085 +0.1579
41.980 move +0.0560 -0.2500 +1.2835 +0.7049 +26.51 0.993 -0.0108 +0.2001
42.000 move +0.0560 -0.2500 +1.2891 +0.7050 +25.84 0.995 +0.0744 +0.2280
42.020 move +0.0560 -0.2500 +1.2943 +0.7055 +25.29 0.996 +0.0716 +0.1722
42.040 move +0.0560 -0.2500 +1.2979 +0.7066 +25.20 0.996 +0.0704 +0.1278
42.060 move +0.0560 -0.2500 +1.3004 +0.7086 +25.25 0.994 +0.0702 +0.1037
42.080 move +0.0560 -0.2500 +1.3020 +0.7115 +25.22 0.991 +0.0148 +0.1006
42.100 move +0.0560 -0.2500 +1.3029 +0.7151 +25.28 0.989 +0.0130 +0.0952
42.120 move +0.0560 -0.2500 +1.3033 +0.7194 +25.47 0.988 +0.0104 +0.1048
42.140 move +0.0560 -0.2500 +1.3035 +0.7245 +25.68 0.988 +0.0069 +0.1316
42.160 move +0.0560 -0.2500 +1.3033 +0.7303 +25.89 0.991 +0.0025 +0.1154
42.180 move +0.0560 -0.2500 +1.3032 +0.7368 +26.06 0.994 -0.0023 +0.1538
42.200 move +0.0560 -0.2500 +1.3038 +0.7435 +26.01 0.997 +0.0522 +0.1747
42.220 move +0.0560 -0.2500 +1.3050 +0.7499 +25.67 0.999 +0.0480 +0.1699
42.240 move +0.0560 -0.2500 +1.3060 +0.7560 +25.40 0.999 -0.0149 +0.1464
42.260 move +0.0560 -0.2500 +1.3067 +0.7620 +25.51 0.998 -0.0190 +0.1418
42.280 move +0.0392 -0.1750 +1.3070 +0.7674 +26.24 0.995 +0.0483 +0.0647
42.300 move +0.0408 -0.1830 +1.3062 +0.7700 +27.15 0.991 +0.0195 -0.0676
42.320 move +0.0424 -0.1910 +1.3051 +0.7709 +27.93 0.986 +0.0217 -0.0742
42.340 move +0.0440 -0.1990 +1.3042 +0.7710 +27.76 0.982 +0.0225 -0.0581
42.360 move +0.0456 -0.2070 +1.3034 +0.7704 +27.40 0.978 +0.0225 -0.0518
42.380 move +0.0472 -0.2150 +1.3024 +0.7692 +27.06 0.976 +0.0220 -0.0537
42.400 move +0.0488 -0.2230 +1.3012 +0.7672 +26.80 0.975 +0.0211 -0.0650
42.420 move +0.0504 -0.2310 +1.2998 +0.7646 +26.72 0.976 +0.0198 -0.0724
42.440 move +0.0520 -0.2390 +1.2986 +0.7612 +26.52 0.978 +0.0178 -0.0550
42.460 move +0.0536 -0.2470 +1.2985 +0.7571 +25.99 0.980 +0.0149 -0.0350
42.480 move +0.0552 -0.2500 +1.2994 +0.7526 +25.39 0.983 +0.0114 -0.0040
42.500 move +0.0560 -0.2500 +1.3016 +0.7481 +24.82 0.986 +0.0074 +0.0368
42.520 move +0.0560 -0.2500 +1.3050 +0.7433 +24.10 0.990 +0.0649 +0.0659
42.540 move +0.0560 -0.2500 +1.3091 +0.7393 +23.48 0.995 +0.0691 +0.0954
42.560 move +0.0560 -0.2500 +1.3126 +0.7359 +22.41 0.997 +0.0701 +0.0566
42.580 move +0.0560 -0.2500 +1.3154 +0.7331 +21.58 0.999 +0.0707 +0.0489
42.600 move +0.0560 -0.2500 +1.3173 +0.7314 +21.44 0.998 +0.0706 +0.0252
42.620 move +0.0560 -0.2500 +1.3183 +0.7307 +21.37 0.995 +0.0708 +0.0139
42.640 move +0.0560 -0.2500 +1.3189 +0.7312 +21.15 0.992 +0.0711 +0.0260
42.660 move +0.0560 -0.2500 +1.3191 +0.7329 +21.02 0.990 +0.0709 +0.0447
42.680 move +0.0560 -0.2500 +1.3191 +0.7360 +21.04 0.988 +0.0695 +0.0619
42.700 move +0.0560 -0.2500 +1.3193 +0.7400 +21.32 0.989 +0.0672 +0.1153
42.720 move +0.0560 -0.2500 +1.3204 +0.7451 +21.72 0.991 +0.0634 +0.1492
42.740 move +0.0560 -0.2500 +1.3227 +0.7509 +21.98 0.994 -0.0020 +0.2066
42.760 move +0.0560 -0.2500 +1.3262 +0.7570 +22.02 0.997 +0.0530 +0.2552
42.780 move +0.0560 -0.2500 +1.3301 +0.7628 +21.85 0.998 -0.0080 +0.2540
42.800 move +0.0560 -0.2500 +1.3341 +0.7688 +21.55 0.998 -0.0110 +0.2553
42.820 move +0.0560 -0.2500 +1.3378 +0.7748 +21.65 0.997 -0.0144 +0.2507
42.840 move +0.0560 -0.2500 +1.3411 +0.7794 +21.73 0.994 +0.0463 +0.1102
42.860 move +0.0560 -0.2500 +1.3430 +0.7812 +22.15 0.987 +0.0128 -0.0105
42.880 move +0.0560 -0.2500 +1.3449 +0.7816 +21.79 0.980 +0.0128 +0.0196
42.900 move +0.0560 -0.2500 +1.3470 +0.7814 +21.27 0.974 +0.0120 +0.0459
42.920 move +0.0560 -0.2500 +1.3492 +0.7808 +20.78 0.969 +0.0108 +0.0756
42.940 move +0.0560 -0.2500 +1.3514 +0.7798 +20.23 0.967 +0.0091 +0.0937
42.960 move +0.0560 -0.2500 +1.3535 +0.7782 +19.95 0.968 +0.0069 +0.1093
42.980 move +0.0560 -0.2500 +1.3554 +0.7760 +19.46 0.972 +0.0041 +0.0884
43.000 move +0.0560 -0.2500 +1.3570 +0.7730 +18.47 0.977 +0.0005 +0.0855
43.020 move +0.0560 -0.2500 +1.3587 +0.7691 +17.45 0.983 -0.0037 +0.0846
43.040 move +0.0560 -0.2500 +1.3606 +0.7643 +16.82 0.990 -0.0084 +0.0906
43.060 move +0.0560 -0.2500 +1.3630 +0.7592 +16.78 0.994 +0.0318 +0.0224
43.080 move +0.0560 -0.2500 +1.3642 +0.7537 +16.67 0.994 +0.0342 -0.0717
43.100 move +0.0560 -0.2500 +1.3642 +0.7494 +16.03 0.991 +0.0205 -0.1236
43.120 move +0.0560 -0.2500 +1.3629 +0.7462 +15.42 0.988 +0.0231 -0.1633
43.140 move +0.0560 -0.2500 +1.3606 +0.7437 +15.03 0.983 +0.0249 -0.1992
43.160 move +0.0560 -0.2500 +1.3577 +0.7419 +14.59 0.978 +0.0260 -0.1756
43.180 move +0.0560 -0.2500 +1.3543 +0.7406 +14.33 0.975 +0.0264 -0.1708
43.200 move +0.0560 -0.2500 +1.3504 +0.7395 +14.16 0.972 +0.0263 -0.1792
43.220 move +0.0560 -0.2500 +1.3461 +0.7390 +14.10 0.971 +0.0255 -0.1628
43.240 move +0.0560 -0.2500 +1.3422 +0.7395 +14.20 0.971 +0.0237 -0.1131
43.260 move +0.0560 -0.2500 +1.3386 +0.7409 +14.38 0.972 +0.0212 -0.1059
43.280 move +0.0560 -0.2500 +1.3355 +0.7432 +14.77 0.975 +0.0185 -0.0677
43.300 move +0.0560 -0.2500 +1.3331 +0.7464 +15.36 0.978 +0.0156 -0.0285
43.320 move +0.0560 -0.2500 +1.3313 +0.7504 +16.26 0.982 +0.0601 -0.0118
43.340 move +0.0560 -0.2500 +1.3299 +0.7547 +17.98 0.987 +0.0619 -0.0297
43.360 move +0.0560 -0.2500 +1.3284 +0.7588 +20.31 0.990 +0.0651 -0.0245
43.380 move +0.0560 -0.2500 +1.3269 +0.7622 +23.28 0.992 +0.0661 -0.0247
43.400 move +0.0560 -0.2500 +1.3258 +0.7647 +25.53 0.995 +0.0660 -0.0401
43.420 move +0.0560 -0.2500 +1.3248 +0.7657 +26.42 0.998 -0.0106 -0.0490
43.440 move +0.0560 -0.2500 +1.3233 +0.7661 +26.80 0.999 -0.0087 -0.0642
43.460 move +0.0560 -0.2500 +1.3217 +0.7660 +26.92 1.000 +0.0690 -0.0424
43.480 move +0.0560 -0.2500 +1.3207 +0.7655 +26.75 0.999 +0.0701 -0.0152
43.500 move +0.0560 -0.2500 +1.3204 +0.7649 +26.48 0.998 +0.0707 +0.0173
43.520 move +0.0560 -0.2500 +1.3212 +0.7643 +26.24 0.996 -0.0073 +0.0887
43.540 move +0.0560 -0.2500 +1.3230 +0.7640 +25.93 0.995 -0.0084 +0.1110
43.560 move +0.0560 -0.2500 +1.3255 +0.7639 +25.56 0.994 -0.0095 +0.1376
43.580 move +0.0560 -0.2500 +1.3291 +0.7645 +25.18 0.995 -0.0105 +0.1942
43.600 move +0.0560 -0.2500 +1.3337 +0.7656 +24.81 0.996 -0.0114 +0.2409
43.620 move +0.0560 -0.2500 +1.3393 +0.7674 +24.34 0.997 -0.0120 +0.2762
43.640 move +0.0560 -0.2500 +1.3455 +0.7697 +23.77 0.999 +0.0639 +0.2763
43.660 move +0.0560 -0.2500 +1.3503 +0.7716 +22.80 1.000 +0.0626 +0.1541
43.680 move +0.0560 -0.2500 +1.3531 +0.7740 +22.23 0.999 +0.0110 +0.0929
43.700 move +0.0560 -0.2500 +1.3549 +0.7767 +22.10 0.996 +0.0103 +0.0719
43.720 move +0.0560 -0.2500 +1.3562 +0.7795 +22.00 0.993 +0.0094 +0.0738
43.740 move +0.0560 -0.2500 +1.3569 +0.7823 +22.01 0.991 +0.0081 +0.0650
43.760 move +0.0560 -0.2500 +1.3569 +0.7852 +22.08 0.989 +0.0064 +0.0477
43.780 move +0.0560 -0.2500 +1.3562 +0.7879 +22.13 0.989 +0.0044 +0.0227
43.800 move +0.0560 -0.2500 +1.3549 +0.7906 +22.19 0.990 +0.0017 +0.0338
43.820 move +0.0560 -0.2500 +1.3536 +0.7939 +22.35 0.993 -0.0015 +0.0302
43.840 move +0.0560 -0.2500 +1.3527 +0.7974 +22.50 0.995 -0.0046 +0.0616
43.860 move +0.0560 -0.2500 +1.3525 +0.8011 +22.51 0.998 +0.0484 +0.0799
43.880 move +0.0560 -0.2500 +1.3528 +0.8047 +22.31 0.999 +0.0462 +0.0717
43.900 move +0.0560 -0.2500 +1.3529 +0.8082 +22.33 0.999 -0.0127 +0.0573
43.920 move +0.0560 -0.2500 +1.3531 +0.8118 +22.74 0.999 -0.0157 +0.0856
43.940 move +0.0560 -0.2500 +1.3538 +0.8146 +23.10 0.998 +0.0591 +0.0277
43.960 move +0.0560 -0.2500 +1.3530 +0.8148 +24.07 0.995 +0.0153 -0.1033
43.980 move +0.0560 -0.2500 +1.3521 +0.8137 +24.32 0.991 +0.0157 -0.0920
44.000 move +0.0560 -0.2500 +1.3511 +0.8118 +24.30 0.988 +0.0150 -0.0814
44.020 move +0.0560 -0.2500 +1.3501 +0.8094 +24.41 0.986 +0.0142 -0.0754
44.040 move +0.0560 -0.2500 +1.3489 +0.8063 +24.39 0.985 +0.0128 -0.0848
44.060 move +0.0560 -0.2500 +1.3479 +0.8026 +24.37 0.985 +0.0107 -0.0545
44.080 move +0.0560 -0.2500 +1.3481 +0.7982 +24.12 0.986 +0.0074 -0.0197
44.100 move +0.0560 -0.2500 +1.3493 +0.7933 +23.39 0.987 +0.0034 +0.0154
44.120 move +0.0560 -0.2500 +1.3517 +0.7882 +22.75 0.989 -0.0014 +0.0618
44.140 move +0.0560 -0.2500 +1.3553 +0.7836 +22.28 0.991 +0.0717 +0.0936
44.160 move +0.0560 -0.2500 +1.3591 +0.7795 +21.83 0.993 -0.0104 +0.1055
44.180 move +0.0560 -0.2500 +1.3637 +0.7760 +21.25 0.994 -0.0142 +0.1560
44.200 move +0.0560 -0.2500 +1.3692 +0.7732 +20.37 0.994 +0.0695 +0.1766
44.220 move +0.0560 -0.2500 +1.3735 +0.7710 +19.53 0.994 +0.0656 +0.1063
44.240 move +0.0560 -0.2500 +1.3763 +0.7701 +19.36 0.992 +0.0634 +0.0712
44.260 move +0.0560 -0.2500 +1.3781 +0.7703 +19.29 0.988 +0.0625 +0.0496
44.280 move +0.0560 -0.2500 +1.3793 +0.7717 +19.28 0.984 +0.0230 +0.0514
44.300 move +0.0560 -0.2500 +1.3801 +0.7738 +19.39 0.980 +0.0220 +0.0581
44.320 move +0.0560 -0.2500 +1.3808 +0.7766 +19.65 0.978 +0.0203 +0.0778
44.340 move +0.0560 -0.2500 +1.3817 +0.7802 +20.00 0.978 +0.0179 +0.1173
44.360 move +0.0560 -0.2500 +1.3825 +0.7845 +20.36 0.980 +0.0148 +0.1157
44.380 move +0.0560 -0.2500 +1.3835 +0.7897 +20.79 0.983 +0.0113 +0.1473
44.400 move +0.0560 -0.2500 +1.3849 +0.7958 +21.07 0.987 +0.0074 +0.1871
44.420 move +0.0560 -0.2500 +1.3866 +0.8024 +21.12 0.992 +0.0514 +0.1781
44.440 move +0.0560 -0.2500 +1.3883 +0.8090 +21.25 0.995 +0.0493 +0.1660
44.460 move +0.0560 -0.2500 +1.3893 +0.8149 +21.83 0.997 +0.0499 +0.1155
44.480 move +0.0560 -0.2500 +1.3899 +0.8197 +22.44 0.997 +0.0534 +0.0660
44.500 move +0.0560 -0.2500 +1.3890 +0.8221 +23.11 0.996 +0.0074 -0.0866
44.520 move +0.0560 -0.2500 +1.3875 +0.8225 +23.05 0.993 +0.0092 -0.1158
44.540 move +0.0560 -0.2500 +1.3859 +0.8221 +22.87 0.990 +0.0101 -0.0982
44.560 move +0.0560 -0.2500 +1.3843 +0.8212 +22.75 0.987 +0.0105 -0.0827
44.580 move +0.0560 -0.2500 +1.3826 +0.8197 +22.50 0.985 +0.0102 -0.0791
44.600 move +0.0560 -0.2500 +1.3807 +0.8175 +22.23 0.985 +0.0092 -0.0933
44.620 move +0.0560 -0.2500 +1.3790 +0.8144 +22.01 0.986 +0.0075 -0.0562
44.640 move +0.0560 -0.2500 +1.3784 +0.8105 +21.65 0.988 +0.0046 -0.0301
44.660 move +0.0560 -0.2500 +1.3789 +0.8059 +21.05 0.990 +0.0009 +0.0025
44.680 move +0.0560 -0.2500 +1.3809 +0.8013 +20.58 0.992 -0.0033 +0.0607
44.700 move +0.0560 -0.2500 +1.3839 +0.7973 +20.19 0.994 +0.0663 +0.0879
44.720 move +0.0560 -0.2500 +1.3874 +0.7938 +19.90 0.995 -0.0110 +0.0988
44.740 move +0.0560 -0.2500 +1.3915 +0.7910 +19.52 0.996 +0.0649 +0.1196
44.760 move +0.0560 -0.2500 +1.3945 +0.7885 +18.56 0.997 +0.0655 +0.0558
44.780 move +0.0560 -0.2500 +1.3961 +0.7873 +17.86 0.996 +0.0656 +0.0247
44.800 move +0.0560 -0.2500 +1.3967 +0.7872 +17.60 0.994 +0.0659 +0.0006
44.820 move +0.0560 -0.2500 +1.3965 +0.7879 +17.34 0.990 +0.0183 -0.0403
44.840 move +0.0560 -0.2500 +1.3954 +0.7890 +16.83 0.987 +0.0178 -0.0659
44.860 move +0.0560 -0.2500 +1.3938 +0.7907 +16.46 0.984 +0.0166 -0.0460
44.880 move +0.0560 -0.2500 +1.3923 +0.7937 +16.67 0.983 +0.0141 -0.0065
44.900 move +0.0560 -0.2500 +1.3912 +0.7977 +17.07 0.984 +0.0106 +0.0388
44.920 move +0.0560 -0.2500 +1.3903 +0.8026 +17.52 0.986 +0.0063 +0.0433
44.940 move +0.0560 -0.2500 +1.3895 +0.8085 +18.12 0.990 +0.0015 +0.0697
44.960 move +0.0560 -0.2500 +1.3896 +0.8151 +18.56 0.994 +0.0604 +0.1154
44.980 move +0.0560 -0.2500 +1.3906 +0.8215 +19.03 0.998 +0.0560 +0.1368
45.000 move +0.0560 -0.2500 +1.3919 +0.8279 +19.62 1.000 -0.0104 +0.1462
45.020 move +0.0560 -0.2500 +1.3935 +0.8343 +20.14 1.000 -0.0149 +0.1854
45.040 move +0.0560 -0.2500 +1.3942 +0.8389 +20.52 0.999 +0.0641 -0.0012
45.060 move +0.0560 -0.2500 +1.3936 +0.8410 +21.14 0.995 +0.0176 -0.0582
45.080 move +0.0560 -0.2500 +1.3929 +0.8418 +21.20 0.989 +0.0193 -0.0495
45.100 move +0.0560 -0.2500 +1.3922 +0.8420 +21.18 0.984 +0.0202 -0.0371
45.120 move +0.0560 -0.2500 +1.3913 +0.8417 +21.11 0.980 +0.0205 -0.0354
45.140 move +0.0560 -0.2500 +1.3901 +0.8407 +20.97 0.977 +0.0203 -0.0490
45.160 move +0.0560 -0.2500 +1.3888 +0.8390 +20.94 0.975 +0.0195 -0.0304
45.180 move +0.0560 -0.2500 +1.3884 +0.8367 +20.79 0.975 +0.0177 -0.0009
45.200 move +0.0560 -0.2500 +1.3889 +0.8339 +20.31 0.977 +0.0154 +0.0361
45.220 move +0.0560 -0.2500 +1.3903 +0.8309 +19.96 0.979 +0.0124 +0.0652
45.240 move +0.0560 -0.2500 +1.3930 +0.8276 +19.68 0.982 +0.0089 +0.0982
45.260 move +0.0560 -0.2500 +1.3968 +0.8240 +19.31 0.986 +0.0681 +0.1266
45.280 move +0.0560 -0.2500 +1.4013 +0.8204 +18.75 0.991 +0.0710 +0.1323
45.300 move +0.0560 -0.2500 +1.4060 +0.8173 +17.94 0.995 +0.0713 +0.1202
45.320 move +0.0560 -0.2500 +1.4096 +0.8148 +17.03 0.998 +0.0711 +0.0958
45.340 move +0.0560 -0.2500 +1.4124 +0.8131 +16.78 0.998 +0.0706 +0.0672
45.360 move +0.0560 -0.2500 +1.4141 +0.8126 +16.82 0.997 +0.0699 +0.0430
45.380 move +0.0560 -0.2500 +1.4153 +0.8131 +16.74 0.995 +0.0696 +0.0357
45.400 move +0.0560 -0.2500 +1.4159 +0.8147 +16.62 0.992 +0.0691 +0.0388
45.420 move +0.0560 -0.2500 +1.4161 +0.8174 +16.57 0.990 +0.0679 +0.0550
45.440 move +0.0560 -0.2500 +1.4166 +0.8213 +16.77 0.990 +0.0658 +0.1093
45.460 move +0.0560 -0.2500 +1.4176 +0.8260 +17.10 0.992 +0.0008 +0.1216
45.480 move +0.0560 -0.2500 +1.4196 +0.8314 +17.31 0.995 +0.0583 +0.1805
45.500 move +0.0560 -0.2420 +1.4230 +0.8369 +17.35 0.997 +0.0535 +0.2294
45.520 move +0.0560 -0.2340 +1.4268 +0.8421 +17.30 0.998 -0.0088 +0.2427
45.540 move +0.0560 -0.2260 +1.4307 +0.8473 +17.26 0.999 -0.0116 +0.2332
45.560 move +0.0560 -0.2180 +1.4345 +0.8526 +17.47 0.997 -0.0146 +0.2217
45.580 move +0.0392 -0.0000 +1.4379 +0.8573 +19.16 0.995 +0.0455 +0.1812
45.600 move +0.0408 +0.0000 +1.4398 +0.8600 +21.08 0.991 +0.0140 +0.0420
45.620 move +0.0424 +0.0000 +1.4410 +0.8613 +22.44 0.986 +0.0156 +0.0176
45.640 move +0.0440 +0.0000 +1.4424 +0.8615 +22.74 0.982 +0.0159 +0.0301
45.660 move +0.0456 +0.0000 +1.4437 +0.8610 +22.78 0.980 +0.0153 +0.0350
45.680 move +0.0472 +0.0000 +1.4449 +0.8598 +22.85 0.978 +0.0141 +0.0337
45.700 move +0.0488 +0.0000 +1.4460 +0.8577 +23.02 0.978 +0.0123 +0.0258
45.720 move +0.0504 +0.0000 +1.4468 +0.8549 +23.38 0.980 +0.0097 +0.0245
45.740 move +0.0520 +0.0000 +1.4473 +0.8511 +23.60 0.984 +0.0064 -0.0283
45.760 move +0.0536 +0.0000 +1.4480 +0.8464 +23.45 0.988 +0.0023 +0.0051
45.780 move +0.0552 +0.0000 +1.4499 +0.8408 +23.20 0.994 -0.0026 +0.0393
45.800 move +0.0560 +0.0000 +1.4525 +0.8355 +23.13 0.998 +0.0460 +0.0392
45.820 move +0.0560 +0.0000 +1.4553 +0.8306 +23.24 0.999 +0.0488 +0.0323
45.840 move +0.0560 +0.0000 +1.4573 +0.8256 +22.84 0.999 +0.0517 -0.0456
45.860 move +0.0560 +0.0000 +1.4570 +0.8214 +22.72 0.998 +0.0197 -0.1445
45.880 move +0.0560 +0.0000 +1.4549 +0.8183 +22.65 0.995 +0.0219 -0.1966
45.900 move +0.0560 +0.0000 +1.4518 +0.8156 +22.52 0.990 +0.0234 -0.2196
45.920 move +0.0560 +0.0000 +1.4482 +0.8133 +22.58 0.985 +0.0244 -0.2093
45.940 move +0.0560 +0.0000 +1.4440 +0.8112 +22.78 0.980 +0.0249 -0.2093
45.960 move +0.0560 +0.0000 +1.4398 +0.8099 +23.03 0.976 +0.0247 -0.1580
45.980 move +0.0560 +0.0000 +1.4361 +0.8099 +23.26 0.973 +0.0235 -0.1048
46.000 move +0.0560 +0.0000 +1.4332 +0.8110 +23.51 0.971 +0.0215 -0.0355
46.020 move +0.0560 +0.0000 +1.4309 +0.8131 +24.19 0.971 +0.0192 -0.0198
46.040 move +0.0560 +0.0000 +1.4287 +0.8163 +25.78 0.972 +0.0170 +0.0128
46.060 move +0.0560 +0.0000 +1.4271 +0.8205 +27.68 0.975 +0.0149 +0.0539
46.080 move +0.0560 +0.0000 +1.4260 +0.8254 +29.45 0.979 +0.0711 +0.0481
46.100 move +0.0560 +0.0000 +1.4244 +0.8306 +31.91 0.985 +0.0738 +0.0164
46.120 move +0.0560 +0.0000 +1.4229 +0.8355 +34.45 0.990 +0.0743 +0.0229
46.140 move +0.0560 +0.0000 +1.4225 +0.8402 +37.04 0.995 +0.0742 +0.1078
46.160 move +0.0560 +0.0000 +1.4229 +0.8442 +38.18 0.998 +0.0733 +0.0976
46.180 move +0.0560 +0.0000 +1.4235 +0.8473 +38.41 1.000 +0.0722 +0.0932
46.200 move +0.0560 +0.0000 +1.4244 +0.8497 +38.33 1.000 +0.0712 +0.0867
46.220 move +0.0560 +0.0000 +1.4257 +0.8507 +38.17 0.999 +0.0701 +0.0746
46.240 move +0.0560 +0.0000 +1.4274 +0.8507 +38.00 0.997 -0.0036 +0.0748
46.260 move +0.0560 +0.0000 +1.4296 +0.8505 +37.79 0.996 -0.0047 +0.1041
46.280 move +0.0560 +0.0000 +1.4322 +0.8503 +37.51 0.996 -0.0062 +0.1190
46.300 move +0.0560 +0.0000 +1.4356 +0.8505 +37.21 0.996 +0.0639 +0.1622
46.320 move +0.0560 +0.0000 +1.4400 +0.8515 +37.06 0.997 +0.0611 +0.2166
46.340 move +0.0560 +0.0000 +1.4450 +0.8530 +36.98 0.999 -0.0108 +0.2458
46.360 move +0.0560 +0.0000 +1.4504 +0.8550 +36.85 1.000 -0.0123 +0.2506
46.380 move +0.0560 +0.0000 +1.4561 +0.8573 +36.66 1.000 -0.0138 +0.2697
46.400 move +0.0560 +0.0000 +1.4606 +0.8590 +36.41 0.999 +0.0574 +0.1020
46.420 move +0.0560 +0.0000 +1.4622 +0.8605 +36.37 0.996 +0.0141 -0.0007
46.440 move +0.0560 +0.0000 +1.4627 +0.8620 +36.41 0.992 +0.0140 +0.0006
46.460 move +0.0560 +0.0000 +1.4629 +0.8636 +36.65 0.988 +0.0134 +0.0263
46.480 move +0.0560 +0.0000 +1.4627 +0.8653 +36.82 0.985 +0.0126 +0.0335
46.500 move +0.0560 +0.0000 +1.4620 +0.8670 +36.99 0.983 +0.0115 +0.0285
46.520 move +0.0560 +0.0000 +1.4606 +0.8686 +37.08 0.983 +0.0100 +0.0100
46.540 move +0.0560 +0.0000 +1.4585 +0.8701 +37.02 0.984 +0.0079 +0.0054
46.560 move +0.0560 +0.0000 +1.4560 +0.8724 +37.14 0.988 +0.0050 +0.0223
46.580 move +0.0560 +0.0000 +1.4538 +0.8755 +37.37 0.991 +0.0016 +0.0649
46.600 move +0.0560 +0.0000 +1.4522 +0.8792 +37.54 0.995 -0.0018 +0.1009
46.620 move +0.0560 +0.0000 +1.4513 +0.8833 +37.38 0.997 +0.0513 +0.0914
46.640 move +0.0560 +0.0000 +1.4506 +0.8871 +37.49 0.999 -0.0083 +0.0757
46.660 move +0.0560 +0.0000 +1.4504 +0.8907 +37.89 1.000 -0.0109 +0.1033
46.680 move +0.0560 +0.0000 +1.4498 +0.8933 +38.16 1.000 +0.0604 -0.0278
46.700 move +0.0560 +0.0000 +1.4486 +0.8933 +38.29 0.998 +0.0129 -0.1091
46.720 move +0.0560 +0.0000 +1.4473 +0.8918 +38.39 0.996 +0.0131 -0.1304
46.740 move +0.0560 +0.0000 +1.4462 +0.8896 +38.34 0.993 +0.0127 -0.1233
46.760 move +0.0560 +0.0000 +1.4450 +0.8866 +38.14 0.991 +0.0116 -0.1271
46.780 move +0.0560 +0.0000 +1.4437 +0.8828 +37.82 0.990 +0.0098 -0.1335
46.800 move +0.0560 +0.0000 +1.4433 +0.8782 +37.51 0.989 +0.0070 -0.1023
46.820 move +0.0560 +0.0000 +1.4441 +0.8731 +37.17 0.990 +0.0032 -0.0494
46.840 move +0.0560 +0.0000 +1.4459 +0.8679 +36.65 0.990 -0.0013 -0.0244
46.860 move +0.0560 +0.0000 +1.4487 +0.8631 +35.92 0.991 +0.0722 +0.0211
46.880 move +0.0560 +0.0000 +1.4525 +0.8593 +35.43 0.993 +0.0709 +0.0624
46.900 move +0.0560 +0.0000 +1.4568 +0.8562 +34.83 0.994 -0.0135 +0.1155
46.920 move +0.0560 +0.0000 +1.4620 +0.8537 +33.96 0.994 -0.0173 +0.1607
46.940 move +0.0560 +0.0000 +1.4680 +0.8519 +32.86 0.994 -0.0207 +0.2017
46.960 move +0.0560 +0.0000 +1.4740 +0.8509 +31.69 0.994 +0.0637 +0.1733
46.980 move +0.0560 +0.0000 +1.4782 +0.8509 +31.02 0.993 +0.0617 +0.1160
47.000 move +0.0560 +0.0000 +1.4808 +0.8522 +30.92 0.990 +0.0248 +0.1009
47.020 move +0.0560 +0.0000 +1.4826 +0.8542 +30.98 0.986 +0.0244 +0.0914
47.040 move +0.0560 +0.0000 +1.4838 +0.8567 +31.32 0.982 +0.0235 +0.1053
47.060 move +0.0560 +0.0000 +1.4848 +0.8598 +31.59 0.979 +0.0219 +0.1236
47.080 move +0.0560 +0.0000 +1.4856 +0.8637 +31.80 0.977 +0.0197 +0.1474
47.100 move +0.0560 +0.0000 +1.4867 +0.8683 +32.00 0.978 +0.0168 +0.1940
47.120 move +0.0560 +0.0000 +1.4878 +0.8738 +32.26 0.981 +0.0134 +0.2002
47.140 move +0.0560 +0.0000 +1.4889 +0.8801 +32.65 0.985 +0.0095 +0.2306
47.160 move +0.0560 +0.0000 +1.4904 +0.8873 +32.88 0.990 +0.0052 +0.2676
47.180 move +0.0560 +0.0000 +1.4921 +0.8950 +32.88 0.995 +0.0512 +0.2511
47.200 move +0.0560 +0.0000 +1.4937 +0.9026 +32.87 0.998 +0.0512 +0.2188
47.220 move +0.0560 +0.0000 +1.4943 +0.9090 +33.17 0.998 +0.0504 +0.1056
47.240 move +0.0560 +0.0000 +1.4940 +0.9126 +33.45 0.996 +0.0107 -0.0181
47.260 move +0.0560 +0.0000 +1.4933 +0.9142 +33.54 0.992 +0.0127 -0.0663
47.280 move +0.0560 +0.0000 +1.4929 +0.9147 +33.50 0.987 +0.0138 -0.0512
47.300 move +0.0560 +0.0000 +1.4926 +0.9145 +33.35 0.983 +0.0141 -0.0406
47.320 move +0.0560 +0.0000 +1.4922 +0.9135 +33.08 0.980 +0.0136 -0.0367
47.340 move +0.0560 +0.0000 +1.4918 +0.9119 +32.80 0.979 +0.0125 -0.0429
47.360 move +0.0560 +0.0000 +1.4913 +0.9095 +32.60 0.980 +0.0107 -0.0505
47.380 move +0.0560 +0.0000 +1.4905 +0.9061 +32.19 0.983 +0.0081 -0.0691
47.400 move +0.0560 +0.0000 +1.4907 +0.9020 +31.75 0.987 +0.0049 -0.0301
47.420 move +0.0560 +0.0000 +1.4919 +0.8973 +31.33 0.991 +0.0010 -0.0034
47.440 move +0.0560 +0.0000 +1.4941 +0.8925 +31.03 0.995 +0.0569 -0.0029
47.460 move +0.0560 +0.0000 +1.4968 +0.8881 +30.67 0.998 +0.0556 +0.0172
47.480 move +0.0560 +0.0000 +1.4997 +0.8841 +30.12 0.999 +0.0588 +0.0282
47.500 move +0.0560 +0.0000 +1.5017 +0.8800 +29.44 1.000 +0.0621 -0.0595
47.520 move +0.0560 +0.0000 +1.5015 +0.8768 +29.17 0.999 +0.0647 -0.1102
47.540 move +0.0560 +0.0000 +1.5001 +0.8747 +29.28 0.996 +0.0177 -0.1276
47.560 move +0.0560 +0.0000 +1.4977 +0.8731 +29.09 0.993 +0.0185 -0.1678
47.580 move +0.0560 +0.0000 +1.4947 +0.8716 +28.75 0.988 +0.0191 -0.1756
47.600 move +0.0560 +0.0000 +1.4911 +0.8705 +28.73 0.984 +0.0191 -0.1446
47.620 move +0.0560 +0.0000 +1.4877 +0.8709 +29.05 0.981 +0.0177 -0.0857
47.640 move +0.0560 +0.0000 +1.4848 +0.8726 +29.42 0.979 +0.0152 -0.0165
47.660 move +0.0560 +0.0000 +1.4822 +0.8754 +30.01 0.978 +0.0120 -0.0039
47.680 move +0.0560 +0.0000 +1.4797 +0.8795 +31.40 0.980 +0.0088 +0.0331
47.700 move +0.0560 +0.0000 +1.4776 +0.8846 +33.22 0.983 +0.0751 +0.0595
47.720 move +0.0560 +0.0000 +1.4756 +0.8902 +35.51 0.987 +0.0699 +0.0463
47.740 move +0.0560 +0.0000 +1.4737 +0.8959 +38.16 0.992 +0.0649 +0.0729
47.760 move +0.0560 +0.0000 +1.4726 +0.9013 +40.43 0.995 -0.0005 +0.1321
47.780 move +0.0560 +0.0000 +1.4726 +0.9065 +42.48 0.998 +0.0730 +0.1443
47.800 move +0.0560 +0.0000 +1.4727 +0.9103 +43.39 1.000 +0.0731 +0.0786
47.820 move +0.0560 +0.0000 +1.4730 +0.9125 +43.46 1.000 +0.0726 +0.0362
47.840 move +0.0560 +0.0000 +1.4737 +0.9133 +43.25 0.998 +0.0720 +0.0276
47.860 move +0.0560 +0.0000 +1.4750 +0.9131 +43.14 0.996 +0.0045 +0.0348
47.880 move +0.0560 +0.0000 +1.4764 +0.9119 +43.14 0.995 +0.0034 +0.0034
47.900 move +0.0560 +0.0000 +1.4781 +0.9100 +42.96 0.993 +0.0017 +0.0243
47.920 move +0.0560 +0.0000 +1.4806 +0.9079 +42.67 0.993 -0.0010 +0.0654
47.940 move +0.0560 +0.0000 +1.4838 +0.9058 +42.28 0.994 -0.0042 +0.0769
47.960 move +0.0560 +0.0000 +1.4877 +0.9041 +41.84 0.995 +0.0657 +0.1155
47.980 move +0.0560 +0.0000 +1.4923 +0.9033 +41.61 0.997 -0.0104 +0.1468
48.000 move +0.0560 +0.0000 +1.4975 +0.9033 +41.13 0.998 -0.0127 +0.2096
48.020 move +0.0560 +0.0000 +1.5036 +0.9041 +40.46 0.999 +0.0582 +0.2477
48.040 move +0.0560 +0.0000 +1.5098 +0.9052 +40.00 0.999 +0.0625 +0.2344
48.060 move +0.0560 +0.0000 +1.5136 +0.9057 +39.66 0.999 +0.0634 +0.0499
48.080 move +0.0560 +0.0000 +1.5149 +0.9064 +39.81 0.996 +0.0192 -0.0128
48.100 move +0.0560 +0.0000 +1.5152 +0.9074 +39.92 0.991 +0.0194 -0.0015
48.120 move +0.0560 +0.0000 +1.5150 +0.9086 +40.29 0.987 +0.0187 +0.0095
48.140 move +0.0560 +0.0000 +1.5141 +0.9099 +40.68 0.984 +0.0177 +0.0079
48.160 move +0.0560 +0.0000 +1.5125 +0.9113 +41.09 0.982 +0.0159 -0.0056
48.180 move +0.0560 +0.0000 +1.5101 +0.9131 +41.44 0.982 +0.0135 +0.0119
48.200 move +0.0560 +0.0000 +1.5075 +0.9163 +41.64 0.985 +0.0099 +0.0668
48.220 move +0.0560 +0.0000 +1.5049 +0.9205 +41.81 0.988 +0.0056 +0.0844
48.240 move +0.0560 +0.0000 +1.5026 +0.9255 +42.08 0.992 +0.0011 +0.1267
48.260 move +0.0560 +0.0000 +1.5010 +0.9313 +42.19 0.996 +0.0558 +0.1580
48.280 move +0.0560 +0.0000 +1.5001 +0.9372 +41.96 0.999 +0.0523 +0.1481
48.300 move +0.0560 +0.0000 +1.4994 +0.9430 +42.16 1.000 -0.0121 +0.1551
48.320 move +0.0560 +0.0000 +1.4990 +0.9486 +42.34 1.000 +0.0588 +0.1078
48.340 move +0.0560 +0.0000 +1.4977 +0.9511 +42.27 0.998 +0.0180 -0.0567
48.360 move +0.0560 +0.0000 +1.4965 +0.9514 +42.22 0.994 +0.0194 -0.0949
48.380 move +0.0560 +0.0000 +1.4955 +0.9507 +42.12 0.989 +0.0199 -0.0923
48.400 move +0.0560 +0.0000 +1.4946 +0.9491 +41.83 0.986 +0.0195 -0.0931
48.420 move +0.0560 +0.0000 +1.4936 +0.9468 +41.45 0.983 +0.0184 -0.0991
48.440 move +0.0560 +0.0000 +1.4925 +0.9437 +41.02 0.981 +0.0169 -0.1171
48.460 move +0.0560 +0.0000 +1.4919 +0.9400 +40.66 0.981 +0.0147 -0.0804
48.480 move +0.0560 +0.0000 +1.4923 +0.9358 +40.33 0.982 +0.0118 -0.0549
48.500 move +0.0560 +0.0000 +1.4935 +0.9314 +39.89 0.983 +0.0083 -0.0326
48.520 move +0.0560 +0.0000 +1.4958 +0.9268 +39.23 0.985 +0.0736 -0.0135
48.540 move +0.0560 +0.0000 +1.4990 +0.9223 +38.33 0.988 +0.0718 -0.0052
48.560 move +0.0560 +0.0000 +1.5024 +0.9181 +37.35 0.991 +0.0699 +0.0144
48.580 move +0.0560 +0.0000 +1.5060 +0.9144 +36.40 0.993 -0.0069 +0.0552
48.600 move +0.0560 +0.0000 +1.5104 +0.9116 +35.20 0.994 -0.0100 +0.1002
48.620 move +0.0560 +0.0000 +1.5152 +0.9099 +34.28 0.995 +0.0741 +0.1301
48.640 move +0.0560 +0.0000 +1.5197 +0.9091 +33.93 0.994 +0.0711 +0.1225
48.660 move +0.0560 +0.0000 +1.5230 +0.9098 +34.01 0.992 +0.0695 +0.1302
48.680 move +0.0560 +0.0000 +1.5254 +0.9119 +34.18 0.989 +0.0165 +0.1403
48.700 move +0.0560 +0.0000 +1.5272 +0.9150 +34.37 0.987 +0.0155 +0.1538
48.720 move +0.0560 +0.0000 +1.5287 +0.9190 +34.61 0.985 +0.0137 +0.1742
48.740 move +0.0560 +0.0000 +1.5303 +0.9238 +34.84 0.984 +0.0111 +0.2171
48.760 move +0.0560 +0.0000 +1.5318 +0.9295 +35.20 0.986 +0.0079 +0.2198
48.780 move +0.0560 +0.0000 +1.5332 +0.9360 +35.70 0.989 +0.0042 +0.2515
48.800 move +0.0560 +0.0000 +1.5348 +0.9435 +36.03 0.993 +0.0596 +0.2915
48.820 move +0.0560 +0.0000 +1.5369 +0.9512 +36.05 0.996 +0.0535 +0.2737
48.840 move +0.0560 +0.0000 +1.5389 +0.9584 +36.00 0.999 -0.0082 +0.2391
48.860 move +0.0560 +0.0000 +1.5410 +0.9652 +36.25 0.999 +0.0515 +0.2677
48.880 move +0.0560 +0.0000 +1.5418 +0.9700 +36.41 0.998 +0.0141 +0.0496
48.900 move +0.0560 +0.0000 +1.5419 +0.9720 +36.48 0.993 +0.0160 -0.0383
48.920 move +0.0560 +0.0000 +1.5422 +0.9726 +36.37 0.988 +0.0167 -0.0315
48.940 move +0.0560 +0.0000 +1.5427 +0.9723 +36.17 0.983 +0.0165 -0.0232
48.960 move +0.0560 +0.0000 +1.5432 +0.9713 +35.80 0.980 +0.0156 -0.0185
48.980 move +0.0560 +0.0000 +1.5436 +0.9695 +35.38 0.979 +0.0140 -0.0216
49.000 move +0.0560 +0.0000 +1.5440 +0.9670 +35.00 0.979 +0.0118 -0.0349
49.020 move +0.0560 +0.0000 +1.5441 +0.9638 +34.66 0.982 +0.0090 -0.0381
49.040 move +0.0560 +0.0000 +1.5445 +0.9595 +34.27 0.986 +0.0056 -0.0421
49.060 move +0.0560 +0.0000 +1.5460 +0.9546 +33.77 0.990 +0.0014 -0.0106
49.080 move +0.0560 +0.0000 +1.5485 +0.9494 +33.34 0.994 +0.0571 +0.0247
49.100 move +0.0560 +0.0000 +1.5520 +0.9446 +33.11 0.997 +0.0560 +0.0332
49.120 move +0.0560 +0.0000 +1.5557 +0.9403 +32.97 0.999 +0.0562 +0.0353
49.140 move +0.0560 +0.0000 +1.5591 +0.9360 +32.31 0.999 +0.0598 +0.0076
49.160 move +0.0560 +0.0000 +1.5604 +0.9320 +31.68 0.998 +0.0625 -0.0974
49.180 move +0.0560 +0.0000 +1.5599 +0.9291 +31.72 0.996 +0.0217 -0.1237
49.200 move +0.0560 +0.0000 +1.5582 +0.9268 +31.43 0.992 +0.0232 -0.1642
49.220 move +0.0560 +0.0000 +1.5558 +0.9246 +31.08 0.986 +0.0245 -0.1671
49.240 move +0.0560 +0.0000 +1.5528 +0.9226 +30.88 0.980 +0.0253 -0.1598
49.260 move +0.0560 +0.0000 +1.5499 +0.9217 +31.03 0.976 +0.0250 -0.0985
49.280 move +0.0560 +0.0000 +1.5473 +0.9221 +31.30 0.972 +0.0237 -0.0467
49.300 move +0.0560 +0.0000 +1.5453 +0.9236 +31.63 0.970 +0.0215 +0.0189
49.320 move +0.0560 +0.0000 +1.5436 +0.9263 +32.37 0.970 +0.0190 +0.0333
49.340 move +0.0560 +0.0000 +1.5421 +0.9299 +34.05 0.972 +0.0169 +0.0643
49.360 move +0.0560 +0.0000 +1.5409 +0.9347 +36.05 0.976 +0.0148 +0.1064
49.380 move +0.0560 +0.0000 +1.5401 +0.9402 +37.93 0.981 +0.0692 +0.1071
49.400 move +0.0560 +0.0000 +1.5389 +0.9459 +40.27 0.987 +0.0708 +0.0740
49.420 move +0.0560 +0.0000 +1.5377 +0.9513 +42.61 0.992 +0.0702 +0.0792
49.440 move +0.0560 +0.0000 +1.5374 +0.9562 +45.02 0.996 +0.0686 +0.1116
49.460 move +0.0560 +0.0000 +1.5375 +0.9598 +46.01 0.998 +0.0674 +0.0834
49.480 move +0.0560 +0.0000 +1.5378 +0.9624 +46.11 0.999 +0.0665 +0.0686
49.500 move +0.0560 +0.0000 +1.5385 +0.9638 +45.98 0.999 +0.0658 +0.0530
49.520 move +0.0560 +0.0000 +1.5393 +0.9639 +45.84 0.999 -0.0049 +0.0259
49.540 move +0.0560 +0.0000 +1.5400 +0.9636 +45.68 0.998 -0.0052 +0.0307
49.560 move +0.0560 +0.0000 +1.5411 +0.9632 +45.45 0.997 -0.0059 +0.0596
49.580 move +0.0560 +0.0000 +1.5428 +0.9628 +45.15 0.997 -0.0071 +0.0751
49.600 move +0.0560 +0.0000 +1.5451 +0.9628 +44.80 0.997 +0.0628 +0.1185
49.620 move +0.0560 +0.0000 +1.5483 +0.9637 +44.63 0.998 -0.0098 +0.1634
49.640 move +0.0560 +0.0000 +1.5522 +0.9654 +44.43 0.998 +0.0586 +0.1941
49.660 move +0.0560 +0.0000 +1.5563 +0.9675 +44.19 0.999 -0.0120 +0.2201
49.680 move +0.0560 +0.0000 +1.5609 +0.9702 +43.86 1.000 -0.0132 +0.2382
49.700 move +0.0560 +0.0000 +1.5646 +0.9721 +43.51 1.000 +0.0592 +0.0899
49.720 move +0.0560 +0.0000 +1.5656 +0.9735 +43.44 0.998 +0.0130 -0.0106
49.740 move +0.0560 +0.0000 +1.5654 +0.9748 +43.45 0.995 +0.0127 -0.0226
49.760 move +0.0560 +0.0000 +1.5648 +0.9761 +43.58 0.992 +0.0121 -0.0076
49.780 move +0.0560 +0.0000 +1.5639 +0.9772 +43.69 0.989 +0.0115 -0.0019
49.800 move +0.0560 +0.0000 +1.5624 +0.9783 +43.87 0.987 +0.0104 -0.0066
49.820 move +0.0560 +0.0000 +1.5603 +0.9791 +44.00 0.987 +0.0089 -0.0278
49.840 move +0.0560 +0.0000 +1.5576 +0.9799 +44.02 0.988 +0.0069 -0.0092
49.860 move +0.0560 +0.0000 +1.5547 +0.9817 +44.26 0.990 +0.0040 +0.0149
49.880 move +0.0560 +0.0000 +1.5522 +0.9844 +44.57 0.993 +0.0007 +0.0621
49.900 move +0.0560 +0.0000 +1.5503 +0.9880 +44.72 0.995 +0.0586 +0.0960
49.920 move +0.0560 +0.0000 +1.5491 +0.9920 +44.69 0.997 +0.0565 +0.0991
49.940 move +0.0560 +0.0000 +1.5483 +0.9961 +44.79 0.999 -0.0088 +0.1287
49.960 move +0.0560 +0.0000 +1.5484 +1.0004 +45.25 1.000 -0.0113 +0.1354
49.980 move +0.0560 +0.0000 +1.5479 +1.0035 +45.84 1.000 +0.0627 +0.0081
50.000 move +0.0560 +0.0000 +1.5473 +1.0041 +46.14 0.999 +0.0131 -0.0661
50.020 move +0.0560 +0.0000 +1.5468 +1.0032 +46.17 0.996 +0.0134 -0.0931
50.040 move +0.0560 +0.0000 +1.5466 +1.0015 +46.17 0.993 +0.0131 -0.0833
50.060 move +0.0560 +0.0000 +1.5464 +0.9991 +46.05 0.991 +0.0121 -0.0891
50.080 move +0.0560 +0.0000 +1.5463 +0.9957 +45.76 0.989 +0.0102 -0.1035
50.100 move +0.0560 +0.0000 +1.5468 +0.9916 +45.47 0.989 +0.0076 -0.0820
50.120 move +0.0560 +0.0000 +1.5484 +0.9871 +45.16 0.990 +0.0039 -0.0345
50.140 move +0.0560 +0.0000 +1.5511 +0.9823 +44.64 0.991 -0.0006 -0.0208
50.160 move +0.0560 +0.0000 +1.5547 +0.9779 +43.92 0.992 +0.0705 +0.0296
50.180 move +0.0560 +0.0000 +1.5591 +0.9747 +43.44 0.994 +0.0692 +0.0695
50.200 move +0.0560 +0.0000 +1.5640 +0.9722 +42.93 0.995 -0.0132 +0.1122
50.220 move +0.0560 +0.0000 +1.5695 +0.9704 +42.14 0.996 -0.0171 +0.1599
50.240 move +0.0560 +0.0000 +1.5758 +0.9694 +41.08 0.995 -0.0206 +0.2046
50.260 move +0.0560 +0.0000 +1.5818 +0.9692 +39.97 0.995 +0.0634 +0.1441
50.280 move +0.0560 +0.0000 +1.5854 +0.9697 +39.57 0.993 +0.0615 +0.0920
50.300 move +0.0560 +0.0000 +1.5874 +0.9710 +39.57 0.990 +0.0249 +0.0743
50.320 move +0.0560 +0.0000 +1.5887 +0.9728 +39.69 0.985 +0.0249 +0.0746
50.340 move +0.0560 +0.0000 +1.5893 +0.9750 +40.00 0.981 +0.0241 +0.0896
50.360 move +0.0560 +0.0000 +1.5896 +0.9779 +40.21 0.978 +0.0226 +0.1093
50.380 move +0.0560 +0.0000 +1.5897 +0.9815 +40.43 0.976 +0.0206 +0.1345
50.400 move +0.0560 +0.0000 +1.5900 +0.9859 +40.62 0.977 +0.0179 +0.1850
50.420 move +0.0560 +0.0000 +1.5902 +0.9913 +40.87 0.980 +0.0145 +0.1941
50.440 move +0.0560 +0.0000 +1.5904 +0.9974 +41.27 0.984 +0.0108 +0.2260
50.460 move +0.0560 +0.0000 +1.5909 +1.0046 +41.52 0.989 +0.0066 +0.2650
50.480 move +0.0560 +0.0000 +1.5914 +1.0124 +41.54 0.994 +0.0516 +0.2517
50.500 move +0.0560 +0.0000 +1.5919 +1.0200 +41.52 0.997 +0.0518 +0.2189
50.520 move +0.0560 +0.0000 +1.5917 +1.0265 +41.86 0.998 +0.0510 +0.1123
50.540 move +0.0560 +0.0000 +1.5908 +1.0301 +42.17 0.996 +0.0091 -0.0169
50.560 move +0.0560 +0.0000 +1.5900 +1.0315 +42.26 0.993 +0.0111 -0.0652
50.580 move +0.0560 +0.0000 +1.5894 +1.0319 +42.26 0.988 +0.0122 -0.0550
50.600 move +0.0560 +0.0000 +1.5891 +1.0316 +42.05 0.984 +0.0125 -0.0419
50.620 move +0.0560 +0.0000 +1.5889 +1.0306 +41.74 0.981 +0.0119 -0.0380
50.640 move +0.0560 +0.0000 +1.5888 +1.0289 +41.43 0.980 +0.0108 -0.0443
50.660 move +0.0560 +0.0000 +1.5886 +1.0264 +41.19 0.982 +0.0090 -0.0512
50.680 move +0.0560 +0.0000 +1.5882 +1.0229 +40.73 0.984 +0.0063 -0.0781
50.700 move +0.0560 +0.0000 +1.5889 +1.0186 +40.25 0.989 +0.0030 -0.0395
50.720 move +0.0560 +0.0000 +1.5907 +1.0139 +39.75 0.992 -0.0011 -0.0174
50.740 move +0.0560 +0.0000 +1.5934 +1.0093 +39.40 0.996 +0.0574 -0.0057
50.760 move +0.0560 +0.0000 +1.5966 +1.0054 +39.19 0.998 +0.0565 +0.0129
50.780 move +0.0560 +0.0000 +1.5999 +1.0018 +38.93 0.999 -0.0137 +0.0280
50.800 move +0.0560 +0.0000 +1.6028 +0.9983 +38.24 0.999 +0.0639 -0.0477
50.820 move +0.0560 +0.0000 +1.6034 +0.9953 +37.93 0.998 +0.0666 -0.0954
50.840 move +0.0560 +0.0000 +1.6026 +0.9932 +38.00 0.995 +0.0201 -0.1267
50.860 move +0.0560 +0.0000 +1.6007 +0.9913 +37.67 0.991 +0.0212 -0.1537
50.880 move +0.0560 +0.0000 +1.5982 +0.9894 +37.47 0.986 +0.0219 -0.1564
50.900 move +0.0560 +0.0000 +1.5954 +0.9883 +37.63 0.982 +0.0216 -0.1044
50.920 move +0.0560 +0.0000 +1.5926 +0.9886 +37.93 0.978 +0.0202 -0.0534
50.940 move +0.0560 +0.0000 +1.5902 +0.9901 +38.23 0.976 +0.0178 +0.0142
50.960 move +0.0560 +0.0000 +1.5879 +0.9928 +38.83 0.976 +0.0149 +0.0272
50.980 move +0.0560 +0.0000 +1.5855 +0.9966 +40.33 0.978 +0.0121 +0.0613
51.000 move +0.0560 +0.0000 +1.5834 +1.0017 +42.20 0.981 +0.0730 +0.1062
51.020 move +0.0560 +0.0000 +1.5813 +1.0073 +44.19 0.986 +0.0671 +0.0863
51.040 move +0.0560 +0.0000 +1.5790 +1.0129 +46.51 0.991 +0.0647 +0.0756
51.060 move +0.0560 +0.0000 +1.5773 +1.0183 +48.55 0.995 +0.0653 +0.1263
51.080 move +0.0560 +0.0000 +1.5768 +1.0234 +50.34 0.998 +0.0667 +0.1465
51.100 move +0.0560 +0.0000 +1.5763 +1.0270 +51.01 1.000 +0.0668 +0.0672
51.120 move +0.0560 +0.0000 +1.5761 +1.0288 +51.01 1.000 +0.0665 +0.0147
51.140 move +0.0560 +0.0000 +1.5763 +1.0292 +50.87 0.999 +0.0022 -0.0144
51.160 move +0.0560 +0.0000 +1.5767 +1.0288 +50.83 0.997 +0.0021 -0.0208
51.180 move +0.0560 +0.0000 +1.5770 +1.0277 +50.67 0.995 +0.0017 -0.0338
51.200 move +0.0560 +0.0000 +1.5776 +1.0257 +50.46 0.994 +0.0005 -0.0263
51.220 move +0.0560 +0.0000 +1.5791 +1.0236 +50.16 0.994 -0.0015 +0.0197
51.240 move +0.0560 +0.0000 +1.5814 +1.0214 +49.79 0.994 -0.0043 +0.0327
51.260 move +0.0560 +0.0000 +1.5844 +1.0197 +49.31 0.995 +0.0653 +0.0744
51.280 move +0.0560 +0.0000 +1.5881 +1.0189 +49.06 0.996 +0.0639 +0.1021
51.300 move +0.0560 +0.0000 +1.5922 +1.0189 +48.64 0.998 -0.0119 +0.1498
51.320 move +0.0560 +0.0000 +1.5970 +1.0196 +47.98 0.998 -0.0142 +0.2017
51.340 move +0.0560 +0.0000 +1.6024 +1.0212 +47.10 0.999 +0.0662 +0.2045
51.360 move +0.0560 +0.0000 +1.6059 +1.0221 +46.71 0.999 +0.0672 +0.0498
51.380 move +0.0560 +0.0000 +1.6070 +1.0230 +46.86 0.997 +0.0174 -0.0043
51.400 move +0.0560 +0.0000 +1.6071 +1.0240 +46.96 0.994 +0.0174 -0.0032
51.420 move +0.0560 +0.0000 +1.6065 +1.0252 +47.23 0.990 +0.0168 +0.0037
51.440 move +0.0560 +0.0000 +1.6053 +1.0263 +47.51 0.987 +0.0157 -0.0032
51.460 move +0.0560 +0.0000 +1.6032 +1.0274 +47.83 0.986 +0.0141 -0.0116
51.480 move +0.0560 +0.0000 +1.6005 +1.0293 +48.08 0.985 +0.0115 +0.0203
51.500 stand +0.0000 +0.0000 +1.5973 +1.0319 +48.19 0.987 +0.0081 +0.0119
51.520 stand +0.0000 +0.0000 +1.5938 +1.0350 +48.22 0.989 +0.0042 +0.0076
51.540 stand +0.0000 +0.0000 +1.5902 +1.0382 +48.22 0.992 +0.0000 +0.0067
51.560 stand +0.0000 +0.0000 +1.5866 +1.0416 +48.21 0.995 -0.0042 +0.0076
51.580 stand +0.0000 +0.0000 +1.5831 +1.0450 +48.21 0.997 -0.0084 +0.0103
51.600 stand +0.0000 +0.0000 +1.5795 +1.0486 +48.19 0.999 -0.0127 +0.0132
51.620 stand +0.0000 +0.0000 +1.5757 +1.0524 +48.16 1.000 -0.0172 +0.0157
51.640 stand +0.0000 +0.0000 +1.5718 +1.0565 +48.12 1.000 -0.0220 +0.0176
51.660 stand +0.0000 +0.0000 +1.5676 +1.0608 +48.07 0.999 -0.0271 +0.0189
51.680 stand +0.0000 +0.0000 +1.5634 +1.0650 +48.02 0.998 +0.0504 +0.0028
51.700 stand +0.0000 +0.0000 +1.5607 +1.0675 +48.04 0.996 +0.0494 -0.0029
51.720 stand +0.0000 +0.0000 +1.5591 +1.0689 +48.07 0.994 +0.0476 -0.0068
51.740 stand +0.0000 +0.0000 +1.5582 +1.0694 +48.12 0.993 +0.0467 -0.0169
51.760 stand +0.0000 +0.0000 +1.5576 +1.0692 +48.21 0.993 +0.0465 -0.0280
51.780 stand +0.0000 +0.0000 +1.5572 +1.0686 +48.32 0.993 +0.0467 -0.0370
51.800 stand +0.0000 +0.0000 +1.5570 +1.0675 +48.46 0.993 +0.0471 -0.0429
51.820 stand +0.0000 +0.0000 +1.5569 +1.0663 +48.61 0.993 +0.0477 -0.0463
51.840 stand +0.0000 +0.0000 +1.5568 +1.0649 +48.78 0.993 +0.0485 -0.0485
51.860 stand +0.0000 +0.0000 +1.5568 +1.0634 +48.96 0.993 +0.0493 -0.0489
51.880 stand +0.0000 +0.0000 +1.5569 +1.0620 +49.15 0.993 +0.0503 -0.0481
51.900 stand +0.0000 +0.0000 +1.5570 +1.0605 +49.34 0.993 +0.0512 -0.0462
51.920 stand +0.0000 +0.0000 +1.5572 +1.0590 +49.57 0.994 +0.0522 -0.0438
51.940 stand +0.0000 +0.0000 +1.5575 +1.0575 +49.81 0.994 +0.0533 -0.0417
51.960 stand +0.0000 +0.0000 +1.5578 +1.0561 +50.03 0.994 +0.0544 -0.0400
51.980 stand +0.0000 +0.0000 +1.5582 +1.0546 +50.23 0.994 +0.0555 -0.0384
52.000 stand +0.0000 +0.0000 +1.5587 +1.0532 +50.42 0.994 +0.0566 -0.0371
52.020 stand +0.0000 +0.0000 +1.5591 +1.0518 +50.61 0.995 +0.0578 -0.0361
52.040 stand +0.0000 +0.0000 +1.5596 +1.0504 +50.79 0.995 +0.0589 -0.0354
52.060 stand +0.0000 +0.0000 +1.5602 +1.0490 +50.97 0.995 +0.0601 -0.0345
52.080 stand +0.0000 +0.0000 +1.5607 +1.0476 +51.15 0.995 +0.0613 -0.0345
52.100 stand +0.0000 +0.0000 +1.5612 +1.0463 +51.33 0.995 +0.0624 -0.0335
52.120 stand +0.0000 +0.0000 +1.5618 +1.0449 +51.49 0.995 +0.0635 -0.0357
52.140 stand +0.0000 +0.0000 +1.5623 +1.0436 +51.58 0.995 +0.0647 -0.0327
52.160 stand +0.0000 +0.0000 +1.5630 +1.0422 +51.69 0.996 +0.0658 -0.0316
52.180 stand +0.0000 +0.0000 +1.5635 +1.0409 +51.86 0.996 +0.0668 -0.0352
52.200 stand +0.0000 +0.0000 +1.5640 +1.0396 +52.03 0.996 +0.0678 -0.0315
52.220 stand +0.0000 +0.0000 +1.5644 +1.0385 +52.19 0.996 +0.0686 -0.0228
52.240 stand +0.0000 +0.0000 +1.5648 +1.0378 +52.31 0.996 +0.0687 -0.0122
52.260 stand +0.0000 +0.0000 +1.5653 +1.0373 +52.42 0.997 +0.0687 -0.0021
52.280 stand +0.0000 +0.0000 +1.5658 +1.0371 +52.49 0.997 +0.0684 +0.0058
52.300 stand +0.0000 +0.0000 +1.5663 +1.0369 +52.50 0.997 +0.0681 +0.0101
52.320 stand +0.0000 +0.0000 +1.5669 +1.0369 +52.50 0.997 +0.0677 +0.0123
52.340 stand +0.0000 +0.0000 +1.5674 +1.0369 +52.51 0.997 +0.0672 +0.0122
52.360 stand +0.0000 +0.0000 +1.5680 +1.0368 +52.52 0.997 +0.0669 +0.0103
52.380 stand +0.0000 +0.0000 +1.5684 +1.0367 +52.55 0.998 +0.0666 +0.0074
52.400 stand +0.0000 +0.0000 +1.5688 +1.0366 +52.56 0.998 +0.0663 +0.0053
52.420 stand +0.0000 +0.0000 +1.5692 +1.0365 +52.55 0.998 +0.0662 +0.0038
52.440 stand +0.0000 +0.0000 +1.5695 +1.0363 +52.55 0.998 +0.0660 +0.0024
52.460 stand +0.0000 +0.0000 +1.5698 +1.0362 +52.56 0.998 +0.0659 +0.0010
52.480 stand +0.0000 +0.0000 +1.5699 +1.0361 +52.56 0.998 +0.0659 -0.0000
52.500 stand +0.0000 +0.0000 +1.5701 +1.0359 +52.57 0.998 +0.0658 -0.0008
52.520 stand +0.0000 +0.0000 +1.5702 +1.0358 +52.58 0.998 +0.0658 -0.0013
52.540 stand +0.0000 +0.0000 +1.5702 +1.0357 +52.58 0.998 +0.0657 -0.0015
52.560 stand +0.0000 +0.0000 +1.5703 +1.0357 +52.59 0.998 +0.0657 -0.0015
52.580 stand +0.0000 +0.0000 +1.5703 +1.0356 +52.60 0.998 +0.0656 -0.0013
52.600 stand +0.0000 +0.0000 +1.5703 +1.0356 +52.61 0.998 +0.0656 -0.0011
52.620 stand +0.0000 +0.0000 +1.5703 +1.0355 +52.61 0.998 +0.0656 -0.0008
52.640 stand +0.0000 +0.0000 +1.5704 +1.0355 +52.62 0.998 +0.0655 -0.0005
52.660 stand +0.0000 +0.0000 +1.5704 +1.0355 +52.63 0.998 +0.0654 -0.0002
52.680 stand +0.0000 +0.0000 +1.5704 +1.0355 +52.63 0.998 +0.0654 -0.0001
52.700 stand +0.0000 +0.0000 +1.5704 +1.0355 +52.64 0.998 +0.0653 +0.0010
52.720 stand +0.0000 +0.0000 +1.5704 +1.0355 +52.65 0.998 +0.0652 +0.0017
52.740 stand +0.0000 +0.0000 +1.5705 +1.0355 +52.65 0.998 +0.0651 +0.0021
52.760 stand +0.0000 +0.0000 +1.5705 +1.0356 +52.66 0.998 +0.0650 +0.0021
52.780 stand +0.0000 +0.0000 +1.5705 +1.0356 +52.66 0.998 +0.0649 +0.0019
52.800 stand +0.0000 +0.0000 +1.5705 +1.0357 +52.67 0.998 +0.0648 +0.0015
52.820 stand +0.0000 +0.0000 +1.5706 +1.0357 +52.68 0.998 +0.0647 +0.0010
52.840 stand +0.0000 +0.0000 +1.5706 +1.0357 +52.68 0.998 +0.0647 +0.0005
52.860 stand +0.0000 +0.0000 +1.5706 +1.0357 +52.69 0.998 +0.0646 +0.0000
52.880 stand +0.0000 +0.0000 +1.5706 +1.0357 +52.69 0.998 +0.0646 -0.0004
52.900 stand +0.0000 +0.0000 +1.5706 +1.0357 +52.70 0.998 +0.0645 -0.0006
52.920 stand +0.0000 +0.0000 +1.5706 +1.0357 +52.70 0.998 +0.0645 -0.0008
52.940 stand +0.0000 +0.0000 +1.5706 +1.0357 +52.71 0.998 +0.0645 -0.0008
52.960 stand +0.0000 +0.0000 +1.5705 +1.0356 +52.71 0.998 +0.0644 -0.0008
52.980 stand +0.0000 +0.0000 +1.5705 +1.0356 +52.72 0.998 +0.0644 -0.0007
53.000 stand +0.0000 +0.0000 +1.5705 +1.0356 +52.72 0.998 +0.0644 -0.0005
53.020 stand +0.0000 +0.0000 +1.5705 +1.0356 +52.73 0.998 +0.0643 -0.0004
53.040 stand +0.0000 +0.0000 +1.5705 +1.0356 +52.73 0.998 +0.0643 -0.0002
53.060 stand +0.0000 +0.0000 +1.5705 +1.0356 +52.73 0.998 +0.0643 -0.0001
53.080 stand +0.0000 +0.0000 +1.5705 +1.0356 +52.74 0.998 +0.0642 +0.0000
53.100 stand +0.0000 +0.0000 +1.5706 +1.0356 +52.74 0.998 +0.0642 +0.0001
53.120 stand +0.0000 +0.0000 +1.5706 +1.0356 +52.74 0.998 +0.0642 +0.0001
53.140 stand +0.0000 +0.0000 +1.5706 +1.0356 +52.75 0.998 +0.0641 +0.0001
53.160 stand +0.0000 +0.0000 +1.5706 +1.0356 +52.75 0.998 +0.0641 +0.0001
53.180 stand +0.0000 +0.0000 +1.5706 +1.0356 +52.75 0.998 +0.0640 +0.0001
53.200 stand +0.0000 +0.0000 +1.5706 +1.0356 +52.76 0.998 +0.0640 +0.0000
53.220 stand +0.0000 +0.0000 +1.5706 +1.0356 +52.76 0.998 +0.0640 +0.0000
53.240 stand +0.0000 +0.0000 +1.5706 +1.0356 +52.76 0.998 +0.0640 -0.0000
53.260 stand +0.0000 +0.0000 +1.5706 +1.0356 +52.77 0.998 +0.0639 -0.0001
53.280 stand +0.0000 +0.0000 +1.5706 +1.0356 +52.77 0.998 +0.0639 -0.0001
53.300 stand +0.0000 +0.0000 +1.5706 +1.0355 +52.77 0.998 +0.0639 -0.0001
53.320 stand +0.0000 +0.0000 +1.5706 +1.0355 +52.77 0.998 +0.0638 -0.0001
53.340 stand +0.0000 +0.0000 +1.5706 +1.0355 +52.77 0.998 +0.0638 -0.0001
53.360 stand +0.0000 +0.0000 +1.5706 +1.0355 +52.78 0.998 +0.0638 -0.0001
53.380 stand +0.0000 +0.0000 +1.5706 +1.0355 +52.78 0.998 +0.0638 -0.0001
53.400 stand +0.0000 +0.0000 +1.5706 +1.0355 +52.78 0.998 +0.0637 -0.0001
53.420 stand +0.0000 +0.0000 +1.5706 +1.0355 +52.78 0.998 +0.0637 -0.0001
53.440 stand +0.0000 +0.0000 +1.5707 +1.0355 +52.79 0.998 +0.0637 -0.0001
53.460 stand +0.0000 +0.0000 +1.5707 +1.0355 +52.79 0.998 +0.0637 -0.0000
53.480 stand +0.0000 +0.0000 +1.5707 +1.0355 +52.79 0.998 +0.0637 -0.0000
53.500 stand +0.0000 +0.0000 +1.5707 +1.0355 +52.79 0.998 +0.0636 -0.0000
53.520 stand +0.0000 +0.0000 +1.5707 +1.0355 +52.79 0.998 +0.0636 -0.0000
53.540 stand +0.0000 +0.0000 +1.5707 +1.0355 +52.79 0.998 +0.0636 -0.0000
53.560 stand +0.0000 +0.0000 +1.5707 +1.0355 +52.79 0.998 +0.0636 -0.0000
53.580 stand +0.0000 +0.0000 +1.5707 +1.0355 +52.80 0.998 +0.0636 -0.0000
53.600 stand +0.0000 +0.0000 +1.5707 +1.0355 +52.80 0.998 +0.0635 -0.0001
53.620 stand +0.0000 +0.0000 +1.5707 +1.0355 +52.80 0.998 +0.0635 -0.0001
53.640 stand +0.0000 +0.0000 +1.5707 +1.0355 +52.80 0.998 +0.0635 -0.0001
53.660 stand +0.0000 +0.0000 +1.5707 +1.0355 +52.80 0.998 +0.0635 -0.0000
53.680 stand +0.0000 +0.0000 +1.5707 +1.0355 +52.81 0.998 +0.0635 +0.0001
53.700 stand +0.0000 +0.0000 +1.5707 +1.0355 +52.82 0.998 +0.0634 +0.0002
53.720 stand +0.0000 +0.0000 +1.5707 +1.0355 +52.82 0.998 +0.0634 +0.0002
53.740 stand +0.0000 +0.0000 +1.5707 +1.0355 +52.82 0.998 +0.0634 +0.0002
53.760 stand +0.0000 +0.0000 +1.5707 +1.0355 +52.83 0.998 +0.0634 +0.0002
53.780 stand +0.0000 +0.0000 +1.5708 +1.0355 +52.83 0.998 +0.0634 +0.0003
53.800 stand +0.0000 +0.0000 +1.5708 +1.0355 +52.83 0.998 +0.0633 +0.0002
53.820 stand +0.0000 +0.0000 +1.5708 +1.0355 +52.84 0.998 +0.0633 +0.0002
53.840 stand +0.0000 +0.0000 +1.5708 +1.0355 +52.84 0.998 +0.0633 +0.0002
53.860 stand +0.0000 +0.0000 +1.5708 +1.0355 +52.84 0.998 +0.0633 +0.0001
53.880 stand +0.0000 +0.0000 +1.5708 +1.0355 +52.84 0.998 +0.0633 +0.0001
53.900 stand +0.0000 +0.0000 +1.5708 +1.0355 +52.85 0.998 +0.0632 +0.0000
53.920 stand +0.0000 +0.0000 +1.5708 +1.0355 +52.85 0.998 +0.0632 +0.0000
53.940 stand +0.0000 +0.0000 +1.5708 +1.0355 +52.85 0.998 +0.0632 -0.0000
53.960 stand +0.0000 +0.0000 +1.5708 +1.0355 +52.85 0.998 +0.0632 -0.0000
53.980 stand +0.0000 +0.0000 +1.5708 +1.0355 +52.85 0.998 +0.0632 -0.0000
