Day-1 steer log
applied_vx is the clamped command, not odometry. Forward clamp is 0.056 m/s, lowered from 0.080 because 0.080 yaws off and tips near 1.2 m (support margin about −0.09 m). CPG amplitude is |applied_vx| / 0.080, so full forward stick is amplitude 0.70 and reverse -0.032 m/s stays amplitude 0.40 with stance damper 100 N/(m/s). Yaw cap is ±0.25 rad/s; hip-yaw clip 0.12 rad plus outside-step scale 0.20. Right-turn swing hip yaw keeps 0.60 of that clip so the foot does not land toed against the turn; stance hip yaw and the cold-start left turn are unchanged. After the gait has been walking for 12 s, a left yaw command drops the 0.06 rad bias and uses outside-step scale 0.24. Measured motion Δx=+0.598 m, mean body vx=+0.038 m/s (not the command). Straight-forward net yaw drift=-0.68 deg; yaw during that window -15.1 to +3.7 deg. Heading at the end of the clip is -88.75 deg from the start. Turn-window Δyaw=-77.27 deg (mean yaw rate -0.123 rad/s, cap ±0.25). tip=False; CoP in box=True (outside 0.0000 m); peak leg torque=2.10 Nm (limit 2.1). Stance-slip damper is 25 N/(m/s) while walking forward, down from the CSF50 crawl's 115. After stop it is 100 N/(m/s) for 1.20 s (pose blend 0.70 s), then off. A reverse stop finishes at most one step first if that phase would pitch. Foot box, friction, kp, and ±2.1 Nm are unchanged. Nav: approach Δx=+0.598 m (mean body vx +0.038 m/s), turn Δyaw=-77.3 deg (mean yaw rate -0.123 rad/s, mean body vx +0.053 m/s), resume along heading +0.320 m (mean body vx +0.052 m/s).
fault=False reason=-
t mode applied_vx applied_yaw_rate x y yaw_deg up_z margin body_vx
0.000 stand +0.0000 +0.0000 +0.0002 -0.0000 +0.00 1.000 +0.0641 +0.0146
0.020 stand +0.0000 +0.0000 +0.0006 +0.0000 +0.00 1.000 +0.0638 +0.0154
0.040 stand +0.0000 +0.0000 +0.0010 +0.0000 +0.00 1.000 +0.0635 +0.0147
0.060 stand +0.0000 +0.0000 +0.0013 +0.0000 +0.00 1.000 +0.0632 +0.0140
0.080 stand +0.0000 +0.0000 +0.0016 +0.0001 +0.00 1.000 +0.0629 +0.0124
0.100 stand +0.0000 +0.0000 +0.0019 +0.0001 +0.00 1.000 +0.0627 +0.0104
0.120 stand +0.0000 +0.0000 +0.0021 +0.0001 +0.00 1.000 +0.0625 +0.0080
0.140 stand +0.0000 +0.0000 +0.0023 +0.0002 -0.00 1.000 +0.0624 +0.0055
0.160 stand +0.0000 +0.0000 +0.0023 +0.0002 -0.00 1.000 +0.0623 +0.0030
0.180 stand +0.0000 +0.0000 +0.0024 +0.0003 -0.00 1.000 +0.0623 +0.0007
0.200 stand +0.0000 +0.0000 +0.0024 +0.0003 -0.00 1.000 +0.0623 -0.0011
0.220 stand +0.0000 +0.0000 +0.0023 +0.0004 -0.00 1.000 +0.0624 -0.0024
0.240 stand +0.0000 +0.0000 +0.0022 +0.0005 -0.00 1.000 +0.0624 -0.0032
0.260 stand +0.0000 +0.0000 +0.0022 +0.0005 -0.00 1.000 +0.0625 -0.0036
0.280 stand +0.0000 +0.0000 +0.0021 +0.0006 -0.00 1.000 +0.0626 -0.0035
0.300 stand +0.0000 +0.0000 +0.0020 +0.0007 -0.00 1.000 +0.0627 -0.0032
0.320 stand +0.0000 +0.0000 +0.0019 +0.0008 -0.00 1.000 +0.0627 -0.0026
0.340 stand +0.0000 +0.0000 +0.0019 +0.0009 -0.00 1.000 +0.0628 -0.0019
0.360 stand +0.0000 +0.0000 +0.0018 +0.0010 -0.00 1.000 +0.0628 -0.0012
0.380 stand +0.0000 +0.0000 +0.0018 +0.0012 -0.00 1.000 +0.0628 -0.0005
0.400 stand +0.0000 +0.0000 +0.0018 +0.0014 -0.00 1.000 +0.0628 +0.0001
0.420 stand +0.0000 +0.0000 +0.0018 +0.0015 -0.01 1.000 +0.0628 +0.0006
0.440 stand +0.0000 +0.0000 +0.0018 +0.0017 -0.01 1.000 +0.0628 +0.0009
0.460 stand +0.0000 +0.0000 +0.0019 +0.0020 -0.01 1.000 +0.0627 +0.0010
0.480 stand +0.0000 +0.0000 +0.0019 +0.0023 -0.01 1.000 +0.0627 +0.0011
0.500 stand +0.0000 +0.0000 +0.0019 +0.0026 -0.01 1.000 +0.0627 +0.0010
0.520 stand +0.0000 +0.0000 +0.0019 +0.0029 -0.01 1.000 +0.0627 +0.0009
0.540 stand +0.0000 +0.0000 +0.0020 +0.0033 -0.01 1.000 +0.0627 +0.0007
0.560 stand +0.0000 +0.0000 +0.0020 +0.0037 -0.01 1.000 +0.0627 +0.0004
0.580 stand +0.0000 +0.0000 +0.0020 +0.0042 -0.02 1.000 +0.0627 +0.0002
0.600 stand +0.0000 +0.0000 +0.0020 +0.0048 -0.02 1.000 +0.0627 +0.0000
0.620 stand +0.0000 +0.0000 +0.0020 +0.0054 -0.02 1.000 +0.0627 -0.0001
0.640 stand +0.0000 +0.0000 +0.0020 +0.0061 -0.02 1.000 +0.0627 -0.0002
0.660 stand +0.0000 +0.0000 +0.0020 +0.0069 -0.03 1.000 +0.0627 -0.0003
0.680 stand +0.0000 +0.0000 +0.0020 +0.0078 -0.03 0.999 +0.0627 -0.0003
0.700 stand +0.0000 +0.0000 +0.0020 +0.0088 -0.03 0.999 +0.0627 -0.0003
0.720 stand +0.0000 +0.0000 +0.0019 +0.0100 -0.04 0.999 +0.0627 -0.0003
0.740 stand +0.0000 +0.0000 +0.0019 +0.0112 -0.04 0.999 +0.0627 -0.0013
0.760 stand +0.0000 +0.0000 +0.0019 +0.0124 -0.05 0.999 +0.0627 -0.0015
0.780 stand +0.0000 +0.0000 +0.0019 +0.0135 -0.05 0.998 +0.0628 -0.0018
0.800 stand +0.0000 +0.0000 +0.0018 +0.0143 -0.06 0.998 +0.0628 -0.0020
0.820 stand +0.0000 +0.0000 +0.0018 +0.0150 -0.06 0.998 +0.0628 -0.0020
0.840 stand +0.0000 +0.0000 +0.0017 +0.0153 -0.06 0.998 +0.0629 -0.0018
0.860 stand +0.0000 +0.0000 +0.0017 +0.0155 -0.06 0.998 +0.0629 -0.0015
0.880 stand +0.0000 +0.0000 +0.0017 +0.0154 -0.06 0.998 +0.0629 -0.0011
0.900 stand +0.0000 +0.0000 +0.0016 +0.0152 -0.06 0.998 +0.0629 -0.0006
0.920 stand +0.0000 +0.0000 +0.0016 +0.0148 -0.06 0.998 +0.0630 -0.0002
0.940 stand +0.0000 +0.0000 +0.0016 +0.0144 -0.05 0.998 +0.0629 +0.0003
0.960 stand +0.0000 +0.0000 +0.0016 +0.0139 -0.05 0.998 +0.0629 +0.0007
0.980 stand +0.0000 +0.0000 +0.0017 +0.0134 -0.05 0.998 +0.0629 +0.0011
1.000 move +0.0016 +0.0000 +0.0017 +0.0130 -0.04 0.998 +0.0629 +0.0013
1.020 move +0.0032 +0.0000 +0.0017 +0.0127 +0.00 0.998 +0.0629 +0.0005
1.040 move +0.0048 +0.0000 +0.0018 +0.0123 +0.09 0.999 +0.0628 +0.0034
1.060 move +0.0064 +0.0000 +0.0019 +0.0119 +0.18 0.999 +0.0628 +0.0075
1.080 move +0.0080 +0.0000 +0.0020 +0.0114 +0.26 0.999 +0.0628 +0.0122
1.100 move +0.0096 +0.0000 +0.0023 +0.0107 +0.32 0.998 +0.0626 +0.0179
1.120 move +0.0112 +0.0000 +0.0028 +0.0098 +0.36 0.998 +0.0624 +0.0250
1.140 move +0.0128 +0.0000 +0.0034 +0.0088 +0.39 0.998 +0.0621 +0.0341
1.160 move +0.0144 +0.0000 +0.0043 +0.0076 +0.39 0.998 +0.0617 +0.0644
1.180 move +0.0160 +0.0000 +0.0058 +0.0064 +0.43 0.998 +0.0609 +0.0865
1.200 move +0.0176 +0.0000 +0.0079 +0.0052 +0.50 0.999 +0.0598 +0.1206
1.220 move +0.0192 +0.0000 +0.0106 +0.0039 +0.53 0.999 +0.0578 +0.1242
1.240 move +0.0208 +0.0000 +0.0135 +0.0028 +0.49 0.999 +0.0554 +0.1198
1.260 move +0.0224 +0.0000 +0.0163 +0.0017 +0.30 0.999 +0.0528 +0.1040
1.280 move +0.0240 +0.0000 +0.0188 +0.0007 -0.04 0.998 +0.0502 +0.0926
1.300 move +0.0256 +0.0000 +0.0212 -0.0000 -0.26 0.998 +0.0484 +0.1015
1.320 move +0.0272 +0.0000 +0.0226 -0.0006 -0.44 0.997 +0.0497 +0.0236
1.340 move +0.0288 +0.0000 +0.0230 -0.0008 -0.64 0.996 -0.0002 -0.0112
1.360 move +0.0304 +0.0000 +0.0228 -0.0006 -0.79 0.996 -0.0001 -0.0272
1.380 move +0.0320 +0.0000 +0.0219 -0.0002 -0.92 0.996 -0.0000 -0.0454
1.400 move +0.0336 +0.0000 +0.0204 +0.0003 -1.04 0.996 -0.0002 -0.0670
1.420 move +0.0352 +0.0000 +0.0183 +0.0011 -1.14 0.997 -0.0005 -0.0915
1.440 move +0.0368 +0.0000 +0.0156 +0.0021 -1.16 0.997 -0.0011 -0.0927
1.460 move +0.0384 +0.0000 +0.0136 +0.0032 -1.05 0.998 +0.0590 -0.0291
1.480 move +0.0400 +0.0000 +0.0134 +0.0047 -0.88 0.998 +0.0589 +0.0251
1.500 move +0.0416 +0.0000 +0.0147 +0.0062 -0.66 0.999 +0.0576 +0.0799
1.520 move +0.0432 +0.0000 +0.0169 +0.0076 -0.60 0.999 -0.0058 +0.1183
1.540 move +0.0448 +0.0000 +0.0197 +0.0089 -0.44 1.000 +0.0534 +0.1383
1.560 move +0.0464 +0.0000 +0.0229 +0.0101 -0.14 1.000 +0.0533 +0.1541
1.580 move +0.0480 +0.0000 +0.0254 +0.0109 +0.01 0.999 +0.0568 +0.0463
1.600 move +0.0496 +0.0000 +0.0260 +0.0106 +0.15 0.998 +0.0575 -0.0324
1.620 move +0.0512 +0.0000 +0.0256 +0.0092 +0.30 0.996 +0.0076 -0.0691
1.640 move +0.0528 +0.0000 +0.0248 +0.0074 +0.38 0.995 +0.0066 -0.0532
1.660 move +0.0544 +0.0000 +0.0237 +0.0052 +0.35 0.993 +0.0052 -0.0542
1.680 move +0.0560 +0.0000 +0.0221 +0.0026 +0.25 0.993 +0.0035 -0.0664
1.700 move +0.0560 +0.0000 +0.0198 -0.0003 +0.17 0.993 +0.0013 -0.0859
1.720 move +0.0560 +0.0000 +0.0179 -0.0038 -0.07 0.994 -0.0016 -0.0229
1.740 move +0.0560 +0.0000 +0.0168 -0.0079 -0.44 0.996 -0.0051 -0.0030
1.760 move +0.0560 +0.0000 +0.0164 -0.0121 -0.89 0.997 -0.0087 +0.0367
1.780 move +0.0560 +0.0000 +0.0172 -0.0161 -1.09 0.998 +0.0615 +0.0635
1.800 move +0.0560 +0.0000 +0.0189 -0.0197 -1.33 0.999 -0.0148 +0.1115
1.820 move +0.0560 +0.0000 +0.0218 -0.0235 -1.84 0.999 -0.0179 +0.1665
1.840 move +0.0560 +0.0000 +0.0254 -0.0270 -2.49 0.998 -0.0206 +0.1627
1.860 move +0.0560 +0.0000 +0.0274 -0.0291 -2.84 0.997 +0.0643 +0.0160
1.880 move +0.0560 +0.0000 +0.0280 -0.0294 -2.88 0.995 +0.0221 -0.0267
1.900 move +0.0560 +0.0000 +0.0280 -0.0286 -3.04 0.991 +0.0221 -0.0407
1.920 move +0.0560 +0.0000 +0.0276 -0.0271 -3.12 0.987 +0.0214 -0.0402
1.940 move +0.0560 +0.0000 +0.0268 -0.0251 -3.04 0.984 +0.0201 -0.0470
1.960 move +0.0560 +0.0000 +0.0257 -0.0224 -2.85 0.982 +0.0180 -0.0288
1.980 move +0.0560 +0.0000 +0.0250 -0.0187 -2.67 0.982 +0.0151 -0.0034
2.000 move +0.0560 +0.0000 +0.0251 -0.0143 -2.46 0.983 +0.0114 +0.0464
2.020 move +0.0560 +0.0000 +0.0257 -0.0092 -2.05 0.985 +0.0071 +0.0543
2.040 move +0.0560 +0.0000 +0.0269 -0.0033 -1.38 0.989 +0.0023 +0.0829
2.060 move +0.0560 +0.0000 +0.0289 +0.0031 -0.69 0.992 +0.0654 +0.1063
2.080 move +0.0560 +0.0000 +0.0318 +0.0091 -0.07 0.996 +0.0617 +0.1309
2.100 move +0.0560 +0.0000 +0.0351 +0.0149 +0.53 0.998 -0.0114 +0.1451
2.120 move +0.0560 +0.0000 +0.0387 +0.0203 +1.42 0.999 +0.0636 +0.1245
2.140 move +0.0560 +0.0000 +0.0401 +0.0240 +1.64 0.999 +0.0646 -0.0027
2.160 move +0.0560 +0.0000 +0.0402 +0.0257 +1.65 0.996 +0.0198 -0.0544
2.180 move +0.0560 +0.0000 +0.0398 +0.0264 +1.76 0.991 +0.0210 -0.0598
2.200 move +0.0560 +0.0000 +0.0390 +0.0264 +1.77 0.986 +0.0216 -0.0564
2.220 move +0.0560 +0.0000 +0.0376 +0.0260 +1.68 0.982 +0.0216 -0.0650
2.240 move +0.0560 +0.0000 +0.0362 +0.0249 +1.44 0.978 +0.0208 -0.0373
2.260 move +0.0560 +0.0000 +0.0354 +0.0228 +1.24 0.977 +0.0191 +0.0041
2.280 move +0.0560 +0.0000 +0.0350 +0.0200 +0.97 0.977 +0.0165 +0.0229
2.300 move +0.0560 +0.0000 +0.0353 +0.0165 +0.51 0.979 +0.0135 +0.0571
2.320 move +0.0560 +0.0000 +0.0365 +0.0124 +0.04 0.982 +0.0102 +0.0971
2.340 move +0.0560 +0.0000 +0.0384 +0.0077 -0.45 0.986 +0.0652 +0.0968
2.360 move +0.0560 +0.0000 +0.0403 +0.0027 -1.58 0.991 +0.0635 +0.0631
2.380 move +0.0560 +0.0000 +0.0420 -0.0026 -3.53 0.995 +0.0652 +0.0776
2.400 move +0.0560 +0.0000 +0.0439 -0.0070 -5.35 0.997 +0.0657 +0.0573
2.420 move +0.0560 +0.0000 +0.0446 -0.0101 -6.03 0.999 +0.0663 +0.0051
2.440 move +0.0560 +0.0000 +0.0446 -0.0117 -5.94 1.000 +0.0669 -0.0279
2.460 move +0.0560 +0.0000 +0.0443 -0.0122 -6.00 0.999 +0.0042 -0.0466
2.480 move +0.0560 +0.0000 +0.0436 -0.0121 -6.01 0.997 +0.0048 -0.0456
2.500 move +0.0560 +0.0000 +0.0423 -0.0117 -5.99 0.994 +0.0051 -0.0642
2.520 move +0.0560 +0.0000 +0.0408 -0.0105 -5.80 0.993 +0.0045 -0.0397
2.540 move +0.0560 +0.0000 +0.0401 -0.0083 -5.52 0.992 +0.0029 +0.0144
2.560 move +0.0560 +0.0000 +0.0401 -0.0055 -5.15 0.991 +0.0004 +0.0294
2.580 move +0.0560 +0.0000 +0.0410 -0.0022 -4.62 0.992 +0.0688 +0.0768
2.600 move +0.0560 +0.0000 +0.0431 +0.0011 -4.32 0.994 +0.0670 +0.1080
2.620 move +0.0560 +0.0000 +0.0459 +0.0043 -3.93 0.996 -0.0075 +0.1397
2.640 move +0.0560 +0.0000 +0.0497 +0.0073 -3.34 0.997 -0.0098 +0.1858
2.660 move +0.0560 +0.0000 +0.0543 +0.0100 -2.63 0.999 -0.0121 +0.1954
2.680 move +0.0560 +0.0000 +0.0587 +0.0121 -1.91 0.999 +0.0710 +0.1285
2.700 move +0.0560 +0.0000 +0.0610 +0.0128 -1.77 0.999 +0.0708 +0.0395
2.720 move +0.0560 +0.0000 +0.0623 +0.0119 -1.85 0.997 +0.0135 +0.0128
2.740 move +0.0560 +0.0000 +0.0631 +0.0102 -1.85 0.994 +0.0129 +0.0189
2.760 move +0.0560 +0.0000 +0.0635 +0.0080 -2.10 0.992 +0.0113 +0.0113
2.780 move +0.0560 +0.0000 +0.0632 +0.0053 -2.38 0.990 +0.0092 +0.0008
2.800 move +0.0560 +0.0000 +0.0628 +0.0015 -2.62 0.990 +0.0062 +0.0231
2.820 move +0.0560 +0.0000 +0.0630 -0.0032 -2.81 0.991 +0.0023 +0.0712
2.840 move +0.0560 +0.0000 +0.0638 -0.0085 -3.10 0.994 -0.0023 +0.0858
2.860 move +0.0560 +0.0000 +0.0652 -0.0141 -3.51 0.996 -0.0069 +0.1266
2.880 move +0.0560 +0.0000 +0.0676 -0.0194 -3.64 0.998 +0.0605 +0.1395
2.900 move +0.0560 +0.0000 +0.0705 -0.0243 -3.57 0.999 +0.0576 +0.1497
2.920 move +0.0560 +0.0000 +0.0741 -0.0292 -3.63 0.999 -0.0197 +0.1993
2.940 move +0.0560 +0.0000 +0.0781 -0.0339 -3.85 0.998 +0.0598 +0.1511
2.960 move +0.0560 +0.0000 +0.0795 -0.0367 -4.31 0.996 +0.0607 -0.0104
2.980 move +0.0560 +0.0000 +0.0796 -0.0376 -4.63 0.992 +0.0265 -0.0704
3.000 move +0.0560 +0.0000 +0.0791 -0.0376 -4.88 0.986 +0.0272 -0.0655
3.020 move +0.0560 +0.0000 +0.0784 -0.0371 -4.87 0.980 +0.0272 -0.0543
3.040 move +0.0560 +0.0000 +0.0774 -0.0361 -4.72 0.976 +0.0266 -0.0550
3.060 move +0.0560 +0.0000 +0.0758 -0.0347 -4.48 0.972 +0.0255 -0.0601
3.080 move +0.0560 +0.0000 +0.0745 -0.0325 -4.26 0.971 +0.0238 -0.0272
3.100 move +0.0560 +0.0000 +0.0740 -0.0296 -4.11 0.972 +0.0213 +0.0232
3.120 move +0.0560 +0.0000 +0.0740 -0.0260 -3.87 0.974 +0.0182 +0.0313
3.140 move +0.0560 +0.0000 +0.0745 -0.0219 -3.40 0.978 +0.0147 +0.0604
3.160 move +0.0560 +0.0000 +0.0761 -0.0172 -2.94 0.982 +0.0110 +0.1007
3.180 move +0.0560 +0.0000 +0.0784 -0.0122 -2.39 0.987 +0.0644 +0.0888
3.200 move +0.0560 +0.0000 +0.0806 -0.0067 -1.11 0.992 +0.0671 +0.0537
3.220 move +0.0560 +0.0000 +0.0828 -0.0014 +0.56 0.996 +0.0676 +0.0927
3.240 move +0.0560 +0.0000 +0.0843 +0.0025 +1.84 0.999 +0.0677 +0.0225
3.260 move +0.0560 +0.0000 +0.0849 +0.0050 +2.16 1.000 +0.0682 -0.0121
3.280 move +0.0560 +0.0000 +0.0849 +0.0062 +2.03 0.999 +0.0042 -0.0263
3.300 move +0.0560 +0.0000 +0.0846 +0.0068 +2.00 0.997 +0.0052 -0.0290
3.320 move +0.0560 +0.0000 +0.0836 +0.0070 +1.96 0.995 +0.0059 -0.0474
3.340 move +0.0560 +0.0000 +0.0823 +0.0064 +1.77 0.992 +0.0058 -0.0299
3.360 move +0.0560 +0.0000 +0.0816 +0.0048 +1.51 0.991 +0.0046 +0.0121
3.380 move +0.0560 +0.0000 +0.0815 +0.0025 +1.20 0.990 +0.0026 +0.0340
3.400 move +0.0560 +0.0000 +0.0823 -0.0005 +0.75 0.991 +0.0000 +0.0820
3.420 move +0.0560 +0.0000 +0.0842 -0.0037 +0.37 0.992 +0.0676 +0.1121
3.440 move +0.0560 +0.0000 +0.0871 -0.0067 -0.01 0.995 -0.0048 +0.1580
3.460 move +0.0560 +0.0000 +0.0910 -0.0097 -0.46 0.997 +0.0617 +0.1944
3.480 move +0.0560 +0.0000 +0.0955 -0.0126 -0.86 0.998 -0.0092 +0.2117
3.500 move +0.0560 +0.0000 +0.1003 -0.0152 -1.53 1.000 +0.0674 +0.1640
3.520 move +0.0560 +0.0000 +0.1030 -0.0164 -1.76 1.000 +0.0675 +0.0507
3.540 move +0.0560 +0.0000 +0.1044 -0.0159 -1.74 0.998 +0.0115 +0.0035
3.560 move +0.0560 +0.0000 +0.1054 -0.0147 -1.75 0.995 +0.0111 +0.0147
3.580 move +0.0560 +0.0000 +0.1060 -0.0130 -1.56 0.992 +0.0101 +0.0103
3.600 move +0.0560 +0.0000 +0.1060 -0.0107 -1.33 0.991 +0.0085 +0.0006
3.620 move +0.0560 +0.0000 +0.1055 -0.0078 -1.08 0.990 +0.0063 +0.0018
3.640 move +0.0560 +0.0000 +0.1055 -0.0038 -0.87 0.991 +0.0030 +0.0509
3.660 move +0.0560 +0.0000 +0.1061 +0.0009 -0.62 0.993 -0.0011 +0.0606
3.680 move +0.0560 +0.0000 +0.1073 +0.0059 -0.27 0.995 -0.0054 +0.1039
3.700 move +0.0560 +0.0000 +0.1095 +0.0108 -0.06 0.997 +0.0597 +0.1293
3.720 move +0.0560 +0.0000 +0.1123 +0.0152 -0.16 0.999 +0.0572 +0.1306
3.740 move +0.0560 +0.0000 +0.1154 +0.0196 -0.19 1.000 -0.0175 +0.1452
3.760 move +0.0560 +0.0000 +0.1193 +0.0236 +0.02 0.999 -0.0214 +0.1875
3.780 move +0.0560 +0.0000 +0.1216 +0.0266 +0.51 0.997 +0.0622 +0.0154
3.800 move +0.0560 +0.0000 +0.1218 +0.0277 +0.79 0.994 +0.0242 -0.0696
3.820 move +0.0560 +0.0000 +0.1212 +0.0276 +1.02 0.989 +0.0248 -0.0695
3.840 move +0.0560 +0.0000 +0.1203 +0.0269 +1.02 0.984 +0.0247 -0.0647
3.860 move +0.0560 +0.0000 +0.1190 +0.0258 +0.83 0.980 +0.0240 -0.0660
3.880 move +0.0560 +0.0000 +0.1171 +0.0242 +0.59 0.977 +0.0228 -0.0667
3.900 move +0.0560 +0.0000 +0.1156 +0.0217 +0.36 0.976 +0.0208 -0.0358
3.920 move +0.0560 +0.0000 +0.1147 +0.0184 +0.21 0.977 +0.0180 +0.0173
3.940 move +0.0560 +0.0000 +0.1144 +0.0144 -0.07 0.979 +0.0144 +0.0261
3.960 move +0.0560 +0.0000 +0.1146 +0.0097 -0.62 0.982 +0.0106 +0.0561
3.980 move +0.0560 +0.0000 +0.1157 +0.0043 -1.25 0.985 +0.0064 +0.0962
4.000 move +0.0560 +0.0000 +0.1175 -0.0015 -2.03 0.990 +0.0633 +0.0786
4.020 move +0.0560 +0.0000 +0.1193 -0.0075 -3.50 0.995 +0.0646 +0.0794
4.040 move +0.0560 +0.0000 +0.1216 -0.0129 -4.89 0.998 +0.0658 +0.1128
4.060 move +0.0560 +0.0000 +0.1230 -0.0173 -5.91 1.000 +0.0664 +0.0281
4.080 move +0.0560 +0.0000 +0.1232 -0.0199 -5.92 1.000 +0.0668 -0.0206
4.100 move +0.0560 +0.0000 +0.1230 -0.0210 -5.90 0.998 +0.0097 -0.0534
4.120 move +0.0560 +0.0000 +0.1223 -0.0213 -5.93 0.995 +0.0107 -0.0507
4.140 move +0.0560 +0.0000 +0.1212 -0.0211 -5.90 0.992 +0.0112 -0.0593
4.160 move +0.0560 +0.0000 +0.1197 -0.0201 -5.62 0.989 +0.0106 -0.0538
4.180 move +0.0560 +0.0000 +0.1187 -0.0179 -5.33 0.988 +0.0090 -0.0223
4.200 move +0.0560 +0.0000 +0.1184 -0.0147 -5.05 0.988 +0.0062 +0.0274
4.220 move +0.0560 +0.0000 +0.1188 -0.0108 -4.62 0.989 +0.0027 +0.0423
4.240 move +0.0560 +0.0000 +0.1200 -0.0063 -4.04 0.991 -0.0011 +0.0877
4.260 move +0.0560 +0.0000 +0.1223 -0.0018 -3.66 0.994 +0.0661 +0.1045
4.280 move +0.0560 +0.0000 +0.1250 +0.0022 -3.29 0.996 -0.0079 +0.1291
4.300 move +0.0560 +0.0000 +0.1289 +0.0061 -2.74 0.998 -0.0111 +0.1859
4.320 move +0.0560 +0.0000 +0.1337 +0.0097 -1.84 0.999 +0.0699 +0.1981
4.340 move +0.0560 +0.0000 +0.1366 +0.0123 -1.42 0.999 +0.0707 +0.0520
4.360 move +0.0560 +0.0000 +0.1381 +0.0131 -1.39 0.997 +0.0166 +0.0132
4.380 move +0.0560 +0.0000 +0.1390 +0.0129 -1.36 0.994 +0.0169 +0.0094
4.400 move +0.0560 +0.0000 +0.1394 +0.0120 -1.40 0.990 +0.0167 +0.0028
4.420 move +0.0560 +0.0000 +0.1391 +0.0104 -1.61 0.987 +0.0156 -0.0027
4.440 move +0.0560 +0.0000 +0.1389 +0.0079 -1.82 0.986 +0.0137 +0.0178
4.460 move +0.0560 +0.0000 +0.1390 +0.0044 -2.00 0.985 +0.0108 +0.0523
4.480 move +0.0560 +0.0000 +0.1395 +0.0002 -2.31 0.987 +0.0072 +0.0662
4.500 move +0.0560 +0.0000 +0.1406 -0.0049 -2.80 0.989 +0.0030 +0.0993
4.520 move +0.0560 +0.0000 +0.1424 -0.0106 -3.23 0.992 +0.0644 +0.1298
4.540 move +0.0560 +0.0000 +0.1451 -0.0162 -3.58 0.996 +0.0609 +0.1442
4.560 move +0.0560 +0.0000 +0.1480 -0.0215 -4.09 0.998 -0.0095 +0.1457
4.580 move +0.0560 +0.0000 +0.1517 -0.0267 -4.62 1.000 -0.0138 +0.2133
4.600 move +0.0560 +0.0000 +0.1549 -0.0315 -5.00 0.999 +0.0628 +0.0695
4.620 move +0.0560 +0.0000 +0.1557 -0.0340 -5.25 0.997 +0.0191 -0.0249
4.640 move +0.0560 +0.0000 +0.1557 -0.0350 -5.38 0.993 +0.0206 -0.0545
4.660 move +0.0560 +0.0000 +0.1553 -0.0352 -5.41 0.988 +0.0214 -0.0472
4.680 move +0.0560 +0.0000 +0.1546 -0.0348 -5.17 0.984 +0.0213 -0.0466
4.700 move +0.0560 +0.0000 +0.1533 -0.0339 -4.84 0.980 +0.0207 -0.0575
4.720 move +0.0560 +0.0000 +0.1521 -0.0321 -4.55 0.978 +0.0193 -0.0306
4.740 move +0.0560 +0.0000 +0.1515 -0.0295 -4.39 0.979 +0.0171 +0.0156
4.760 move +0.0560 +0.0000 +0.1513 -0.0261 -4.15 0.980 +0.0141 +0.0210
4.780 move +0.0560 +0.0000 +0.1517 -0.0221 -3.69 0.982 +0.0107 +0.0520
4.800 move +0.0560 +0.0000 +0.1530 -0.0175 -3.22 0.986 +0.0069 +0.0936
4.820 move +0.0560 +0.0000 +0.1551 -0.0125 -2.74 0.990 +0.0631 +0.0794
4.840 move +0.0560 +0.0000 +0.1571 -0.0072 -1.47 0.994 +0.0623 +0.0659
4.860 move +0.0560 +0.0000 +0.1596 -0.0023 -0.09 0.997 +0.0639 +0.1015
4.880 move +0.0560 +0.0000 +0.1614 +0.0017 +1.25 0.999 +0.0648 +0.0276
4.900 move +0.0560 +0.0000 +0.1617 +0.0041 +1.57 1.000 +0.0656 -0.0269
4.920 move +0.0560 +0.0000 +0.1613 +0.0049 +1.47 0.999 +0.0076 -0.0569
4.940 move +0.0560 +0.0000 +0.1603 +0.0050 +1.49 0.997 +0.0083 -0.0747
4.960 move +0.0560 +0.0000 +0.1588 +0.0048 +1.44 0.994 +0.0086 -0.0822
4.980 move +0.0560 +0.0000 +0.1568 +0.0039 +1.19 0.992 +0.0083 -0.0935
5.000 move +0.0560 +0.0000 +0.1548 +0.0021 +0.89 0.990 +0.0069 -0.0504
5.020 move +0.0560 +0.0000 +0.1538 -0.0008 +0.61 0.990 +0.0045 +0.0064
5.040 move +0.0560 +0.0000 +0.1534 -0.0045 +0.26 0.990 +0.0013 +0.0266
5.060 move +0.0560 +0.0000 +0.1539 -0.0087 -0.30 0.991 +0.0695 +0.0725
5.080 move +0.0560 +0.0000 +0.1557 -0.0129 -0.61 0.993 +0.0677 +0.0990
5.100 move +0.0560 +0.0000 +0.1580 -0.0170 -1.04 0.996 -0.0083 +0.1349
5.120 move +0.0560 +0.0000 +0.1614 -0.0210 -1.61 0.997 -0.0114 +0.1808
5.140 move +0.0560 +0.0000 +0.1656 -0.0248 -2.51 0.998 -0.0139 +0.1840
5.160 move +0.0560 +0.0000 +0.1692 -0.0278 -3.25 0.999 +0.0708 +0.0966
5.180 move +0.0560 +0.0000 +0.1712 -0.0290 -3.31 0.998 +0.0696 +0.0378
5.200 move +0.0560 +0.0000 +0.1726 -0.0287 -3.27 0.995 +0.0166 +0.0231
5.220 move +0.0560 +0.0000 +0.1736 -0.0276 -3.35 0.992 +0.0162 +0.0242
5.240 move +0.0560 +0.0000 +0.1741 -0.0257 -3.19 0.989 +0.0149 +0.0155
5.260 move +0.0560 +0.0000 +0.1744 -0.0229 -3.03 0.987 +0.0128 +0.0305
5.280 move +0.0560 +0.0000 +0.1750 -0.0192 -2.87 0.987 +0.0099 +0.0478
5.300 move +0.0560 +0.0000 +0.1762 -0.0148 -2.65 0.988 +0.0061 +0.0905
5.320 move +0.0560 +0.0000 +0.1778 -0.0096 -2.27 0.990 +0.0015 +0.0954
5.340 move +0.0560 +0.0000 +0.1800 -0.0037 -1.71 0.993 -0.0035 +0.1388
5.360 move +0.0560 +0.0000 +0.1834 +0.0021 -1.35 0.996 +0.0613 +0.1617
5.380 move +0.0560 +0.0000 +0.1873 +0.0073 -1.32 0.999 +0.0577 +0.1655
5.400 move +0.0560 +0.0000 +0.1915 +0.0125 -1.16 1.000 -0.0175 +0.2043
5.420 move +0.0560 +0.0000 +0.1957 +0.0175 -0.86 0.999 +0.0606 +0.1109
5.440 move +0.0560 +0.0000 +0.1972 +0.0205 -0.58 0.996 +0.0236 -0.0145
5.460 move +0.0560 +0.0000 +0.1975 +0.0219 -0.36 0.991 +0.0254 -0.0535
5.480 move +0.0560 +0.0000 +0.1973 +0.0225 -0.33 0.985 +0.0264 -0.0495
5.500 move +0.0560 +0.0000 +0.1967 +0.0225 -0.47 0.979 +0.0267 -0.0464
5.520 move +0.0560 +0.0000 +0.1956 +0.0222 -0.69 0.975 +0.0265 -0.0507
5.540 move +0.0560 +0.0000 +0.1941 +0.0213 -0.98 0.971 +0.0257 -0.0391
5.560 move +0.0560 +0.0000 +0.1931 +0.0196 -1.16 0.970 +0.0242 +0.0030
5.580 move +0.0560 +0.0000 +0.1926 +0.0172 -1.38 0.971 +0.0219 +0.0198
5.600 move +0.0560 +0.0000 +0.1926 +0.0142 -1.70 0.973 +0.0193 +0.0554
5.620 move +0.0560 +0.0000 +0.1935 +0.0105 -2.01 0.977 +0.0163 +0.0943
5.640 move +0.0560 +0.0000 +0.1952 +0.0063 -2.30 0.981 +0.0129 +0.1264
5.660 move +0.0560 +0.0000 +0.1972 +0.0017 -2.70 0.986 +0.0648 +0.0833
5.680 move +0.0560 +0.0000 +0.1989 -0.0033 -4.10 0.992 +0.0666 +0.0480
5.700 move +0.0560 +0.0000 +0.2004 -0.0082 -5.96 0.995 +0.0664 +0.0648
5.720 move +0.0560 +0.0000 +0.2013 -0.0117 -7.27 0.998 +0.0663 +0.0145
5.740 move +0.0560 +0.0000 +0.2016 -0.0138 -7.65 0.999 +0.0667 -0.0148
5.760 move +0.0560 +0.0000 +0.2015 -0.0148 -7.61 0.999 -0.0003 -0.0191
5.780 move +0.0560 +0.0000 +0.2010 -0.0153 -7.62 0.998 +0.0007 -0.0301
5.800 move +0.0560 +0.0000 +0.1998 -0.0155 -7.60 0.996 +0.0015 -0.0410
5.820 move +0.0560 +0.0000 +0.1988 -0.0151 -7.43 0.995 +0.0017 -0.0160
5.840 move +0.0560 +0.0000 +0.1984 -0.0141 -7.17 0.993 +0.0010 +0.0322
5.860 move +0.0560 +0.0000 +0.1988 -0.0125 -6.82 0.992 -0.0004 +0.0457
5.880 move +0.0560 +0.0000 +0.2000 -0.0104 -6.32 0.992 +0.0689 +0.0927
5.900 move +0.0560 +0.0000 +0.2024 -0.0083 -6.05 0.993 +0.0670 +0.1237
5.920 move +0.0560 +0.0000 +0.2057 -0.0061 -5.73 0.995 -0.0058 +0.1658
5.940 move +0.0560 +0.0000 +0.2100 -0.0042 -5.29 0.997 -0.0074 +0.2044
5.960 move +0.0560 +0.0000 +0.2150 -0.0026 -4.79 0.999 -0.0093 +0.2196
5.980 move +0.0560 +0.0000 +0.2196 -0.0015 -4.16 1.000 +0.0691 +0.1345
6.000 move +0.0560 +0.0000 +0.2220 -0.0016 -4.12 1.000 +0.0686 +0.0455
6.020 move +0.0560 +0.0000 +0.2234 -0.0030 -4.16 0.998 +0.0092 +0.0134
6.040 move +0.0560 +0.0000 +0.2243 -0.0048 -4.19 0.996 +0.0083 +0.0250
6.060 move +0.0560 +0.0000 +0.2247 -0.0071 -4.36 0.994 +0.0069 +0.0183
6.080 move +0.0560 +0.0000 +0.2244 -0.0096 -4.50 0.992 +0.0052 +0.0016
6.100 move +0.0560 +0.0000 +0.2236 -0.0126 -4.67 0.992 +0.0029 +0.0034
6.120 move +0.0560 +0.0000 +0.2233 -0.0164 -4.90 0.993 -0.0003 +0.0558
6.140 move +0.0560 +0.0000 +0.2235 -0.0207 -5.17 0.995 -0.0040 +0.0686
6.160 move +0.0560 +0.0000 +0.2244 -0.0251 -5.54 0.997 -0.0077 +0.1076
6.180 move +0.0560 +0.0000 +0.2263 -0.0295 -5.63 0.998 +0.0598 +0.1238
6.200 move +0.0560 +0.0000 +0.2288 -0.0335 -5.58 0.999 +0.0573 +0.1327
6.220 move +0.0560 +0.0000 +0.2319 -0.0375 -5.75 1.000 -0.0179 +0.1878
6.240 move +0.0560 +0.0000 +0.2355 -0.0414 -6.07 0.999 +0.0592 +0.1537
6.260 move +0.0560 +0.0000 +0.2369 -0.0437 -6.59 0.997 +0.0607 -0.0075
6.280 move +0.0560 +0.0000 +0.2369 -0.0440 -6.86 0.994 +0.0226 -0.0723
6.300 move +0.0560 +0.0000 +0.2365 -0.0435 -7.04 0.989 +0.0227 -0.0703
6.320 move +0.0560 +0.0000 +0.2358 -0.0423 -6.92 0.985 +0.0222 -0.0588
6.340 move +0.0560 +0.0000 +0.2348 -0.0407 -6.63 0.981 +0.0211 -0.0572
6.360 move +0.0560 +0.0000 +0.2333 -0.0385 -6.29 0.979 +0.0194 -0.0700
6.380 move +0.0560 +0.0000 +0.2320 -0.0355 -5.98 0.979 +0.0171 -0.0352
6.400 move +0.0560 +0.0000 +0.2314 -0.0316 -5.75 0.981 +0.0138 +0.0169
6.420 move +0.0560 +0.0000 +0.2315 -0.0269 -5.44 0.984 +0.0098 +0.0260
6.440 move +0.0560 +0.0000 +0.2322 -0.0216 -4.91 0.987 +0.0053 +0.0550
6.460 move +0.0560 +0.0000 +0.2339 -0.0157 -4.37 0.991 +0.0644 +0.0829
6.480 move +0.0560 +0.0000 +0.2362 -0.0097 -3.81 0.995 +0.0609 +0.0928
6.500 move +0.0560 +0.0000 +0.2391 -0.0040 -3.14 0.998 +0.0612 +0.1079
6.520 move +0.0560 +0.0000 +0.2417 +0.0012 -2.35 0.999 +0.0631 +0.0647
6.540 move +0.0560 +0.0000 +0.2423 +0.0050 -1.88 0.999 +0.0642 -0.0330
6.560 move +0.0560 +0.0000 +0.2419 +0.0068 -2.01 0.997 +0.0169 -0.0628
6.580 move +0.0560 +0.0000 +0.2407 +0.0076 -1.83 0.994 +0.0181 -0.1022
6.600 move +0.0560 +0.0000 +0.2390 +0.0078 -1.64 0.989 +0.0189 -0.1020
6.620 move +0.0560 +0.0000 +0.2368 +0.0076 -1.69 0.985 +0.0191 -0.1051
6.640 move +0.0560 +0.0000 +0.2346 +0.0065 -1.92 0.981 +0.0183 -0.0677
6.660 move +0.0560 +0.0000 +0.2330 +0.0043 -2.19 0.980 +0.0164 -0.0210
6.680 move +0.0560 +0.0000 +0.2320 +0.0014 -2.56 0.980 +0.0138 +0.0012
6.700 move +0.0560 +0.0000 +0.2317 -0.0024 -3.19 0.981 +0.0106 +0.0366
6.720 move +0.0560 +0.0000 +0.2322 -0.0070 -4.02 0.983 +0.0721 +0.0767
6.740 move +0.0560 +0.0000 +0.2333 -0.0121 -5.08 0.987 +0.0682 +0.0580
6.760 move +0.0560 +0.0000 +0.2342 -0.0176 -6.93 0.991 +0.0635 +0.0592
6.780 move +0.0560 +0.0000 +0.2354 -0.0229 -8.62 0.995 -0.0009 +0.0857
6.800 move +0.0560 +0.0000 +0.2376 -0.0276 -10.31 0.998 +0.0707 +0.1213
6.820 move +0.0560 +0.0000 +0.2390 -0.0313 -11.29 1.000 +0.0718 +0.0525
6.840 move +0.0560 +0.0000 +0.2397 -0.0333 -11.37 1.000 +0.0719 +0.0128
6.860 move +0.0560 +0.0000 +0.2402 -0.0339 -11.19 0.998 +0.0718 +0.0024
6.880 move +0.0560 +0.0000 +0.2407 -0.0334 -11.23 0.996 +0.0072 +0.0036
6.900 move +0.0560 +0.0000 +0.2407 -0.0323 -11.26 0.993 +0.0068 -0.0146
6.920 move +0.0560 +0.0000 +0.2408 -0.0303 -11.05 0.992 +0.0055 +0.0117
6.940 move +0.0560 +0.0000 +0.2415 -0.0273 -10.80 0.991 +0.0030 +0.0552
6.960 move +0.0560 +0.0000 +0.2429 -0.0238 -10.44 0.992 -0.0002 +0.0673
6.980 move +0.0560 +0.0000 +0.2451 -0.0199 -9.95 0.993 +0.0671 +0.1117
7.000 move +0.0560 +0.0000 +0.2486 -0.0164 -9.63 0.995 +0.0644 +0.1420
7.020 move +0.0560 +0.0000 +0.2527 -0.0131 -9.19 0.997 -0.0097 +0.1876
7.040 move +0.0560 +0.0000 +0.2581 -0.0100 -8.51 0.999 +0.0579 +0.2420
7.060 move +0.0560 +0.0000 +0.2640 -0.0073 -7.96 1.000 -0.0154 +0.2580
7.080 move +0.0560 +0.0000 +0.2683 -0.0052 -7.81 0.999 +0.0634 +0.0835
7.100 move +0.0560 +0.0000 +0.2701 -0.0049 -7.86 0.997 +0.0179 +0.0026
7.120 move +0.0560 +0.0000 +0.2709 -0.0055 -7.95 0.993 +0.0180 -0.0084
7.140 move +0.0560 +0.0000 +0.2713 -0.0068 -8.14 0.989 +0.0175 -0.0002
7.160 move +0.0560 +0.0000 +0.2713 -0.0085 -8.45 0.986 +0.0163 -0.0001
7.180 move +0.0560 +0.0000 +0.2706 -0.0106 -8.82 0.984 +0.0145 -0.0091
7.200 move +0.0560 +0.0000 +0.2693 -0.0135 -9.20 0.984 +0.0119 -0.0040
7.220 move +0.0560 +0.0000 +0.2684 -0.0175 -9.44 0.986 +0.0083 +0.0456
7.240 move +0.0560 +0.0000 +0.2678 -0.0226 -9.70 0.989 +0.0038 +0.0492
7.260 move +0.0560 +0.0000 +0.2676 -0.0285 -10.10 0.993 -0.0012 +0.0915
7.280 move +0.0560 +0.0000 +0.2685 -0.0348 -10.41 0.996 +0.0575 +0.1331
7.300 move +0.0560 +0.0000 +0.2701 -0.0407 -10.28 0.999 +0.0548 +0.1236
7.320 move +0.0560 +0.0000 +0.2719 -0.0466 -10.36 1.000 +0.0523 +0.1201
7.340 move +0.0560 +0.0000 +0.2737 -0.0521 -10.82 0.999 +0.0556 +0.1072
7.360 move +0.0560 +0.0000 +0.2736 -0.0556 -11.35 0.997 +0.0221 -0.0463
7.380 move +0.0560 +0.0000 +0.2724 -0.0570 -11.63 0.994 +0.0240 -0.1065
7.400 move +0.0560 +0.0000 +0.2706 -0.0574 -11.85 0.988 +0.0251 -0.1265
7.420 move +0.0560 +0.0000 +0.2686 -0.0571 -11.87 0.983 +0.0256 -0.1169
7.440 move +0.0560 +0.0000 +0.2663 -0.0563 -11.70 0.978 +0.0255 -0.1136
7.460 move +0.0560 +0.0000 +0.2636 -0.0551 -11.43 0.974 +0.0249 -0.1155
7.480 move +0.0560 +0.0000 +0.2614 -0.0530 -11.17 0.972 +0.0236 -0.0782
7.500 move +0.0560 +0.0000 +0.2600 -0.0504 -11.02 0.972 +0.0215 -0.0237
7.520 move +0.0560 +0.0000 +0.2593 -0.0472 -10.72 0.973 +0.0188 -0.0125
7.540 move +0.0560 +0.0000 +0.2593 -0.0435 -10.12 0.975 +0.0159 +0.0162
7.560 move +0.0560 +0.0000 +0.2603 -0.0393 -9.37 0.978 +0.0127 +0.0552
7.580 move +0.0560 +0.0000 +0.2621 -0.0348 -8.48 0.982 +0.0694 +0.0398
7.600 move +0.0560 +0.0000 +0.2638 -0.0298 -6.85 0.988 +0.0726 +0.0086
7.620 move +0.0560 +0.0000 +0.2656 -0.0249 -5.04 0.993 +0.0740 +0.0420
7.640 move +0.0560 +0.0000 +0.2676 -0.0212 -3.34 0.997 +0.0745 +0.0450
7.660 move +0.0560 +0.0000 +0.2692 -0.0183 -2.77 0.999 +0.0746 +0.0446
7.680 move +0.0560 +0.0000 +0.2705 -0.0163 -2.89 1.000 +0.0745 +0.0339
7.700 move +0.0560 +0.0000 +0.2716 -0.0154 -3.03 0.998 +0.0741 +0.0429
7.720 move +0.0560 +0.0000 +0.2727 -0.0157 -3.06 0.996 +0.0735 +0.0566
7.740 move +0.0560 +0.0000 +0.2738 -0.0172 -3.09 0.994 +0.0725 +0.0731
7.760 move +0.0560 +0.0000 +0.2755 -0.0198 -3.23 0.993 +0.0706 +0.1264
7.780 move +0.0560 +0.0000 +0.2783 -0.0230 -3.51 0.993 +0.0673 +0.1666
7.800 move +0.0560 +0.0000 +0.2824 -0.0266 -3.87 0.995 +0.0634 +0.2193
7.820 move +0.0560 +0.0000 +0.2875 -0.0302 -4.04 0.997 +0.0591 +0.2671
7.840 move +0.0560 +0.0000 +0.2934 -0.0336 -4.01 0.999 -0.0102 +0.2863
7.860 move +0.0560 +0.0000 +0.2997 -0.0369 -3.99 1.000 -0.0127 +0.2935
7.880 move +0.0560 +0.0000 +0.3062 -0.0402 -4.05 0.999 -0.0153 +0.2950
7.900 move +0.0560 +0.0000 +0.3109 -0.0430 -4.27 0.997 +0.0521 +0.1078
7.920 move +0.0560 +0.0000 +0.3134 -0.0438 -4.36 0.992 +0.0168 -0.0024
7.940 move +0.0560 +0.0000 +0.3152 -0.0434 -4.20 0.986 +0.0169 +0.0192
7.960 move +0.0560 +0.0000 +0.3169 -0.0424 -3.87 0.981 +0.0163 +0.0371
7.980 move +0.0560 +0.0000 +0.3183 -0.0408 -3.39 0.977 +0.0151 +0.0497
8.000 move +0.0560 +0.0000 +0.3194 -0.0387 -2.89 0.974 +0.0132 +0.0534
8.020 move +0.0560 +0.0000 +0.3201 -0.0359 -2.44 0.974 +0.0106 +0.0467
8.040 move +0.0560 +0.0000 +0.3203 -0.0325 -2.19 0.976 +0.0074 +0.0508
8.060 move +0.0560 +0.0000 +0.3198 -0.0283 -1.81 0.981 +0.0033 +0.0105
8.080 move +0.0560 +0.0000 +0.3196 -0.0229 -1.44 0.987 -0.0015 +0.0484
8.100 move +0.0560 +0.0000 +0.3201 -0.0171 -1.25 0.993 -0.0065 +0.0822
8.120 move +0.0560 +0.0000 +0.3212 -0.0115 -1.19 0.998 +0.0415 +0.0758
8.140 move +0.0560 +0.0000 +0.3220 -0.0057 -0.97 0.998 +0.0440 +0.0213
8.160 move +0.0560 +0.0000 +0.3225 -0.0005 -0.63 0.998 +0.0467 +0.0185
8.180 move +0.0560 +0.0000 +0.3212 +0.0031 -0.20 0.995 +0.0232 -0.1262
8.200 move +0.0560 +0.0000 +0.3183 +0.0048 +0.13 0.992 +0.0251 -0.2016
8.220 move +0.0560 +0.0000 +0.3143 +0.0052 +0.47 0.987 +0.0261 -0.2369
8.240 move +0.0560 +0.0000 +0.3099 +0.0051 +0.65 0.982 +0.0264 -0.2203
8.260 move +0.0560 +0.0000 +0.3053 +0.0046 +0.55 0.978 +0.0262 -0.2081
8.280 move +0.0560 +0.0000 +0.3004 +0.0038 +0.37 0.975 +0.0256 -0.1962
8.300 move +0.0560 +0.0000 +0.2961 +0.0021 +0.19 0.973 +0.0242 -0.1493
8.320 move +0.0560 +0.0000 +0.2928 -0.0004 +0.02 0.971 +0.0220 -0.0823
8.340 move +0.0560 +0.0000 +0.2902 -0.0036 -0.36 0.971 +0.0193 -0.0610
8.360 move +0.0560 +0.0000 +0.2884 -0.0075 -1.21 0.972 +0.0164 -0.0340
8.380 move +0.0560 +0.0000 +0.2874 -0.0121 -2.59 0.974 +0.0135 -0.0025
8.400 move +0.0560 +0.0000 +0.2870 -0.0173 -4.24 0.978 +0.0718 -0.0090
8.420 move +0.0560 +0.0000 +0.2865 -0.0228 -6.64 0.984 +0.0748 -0.0347
8.440 move +0.0560 +0.0000 +0.2860 -0.0283 -8.98 0.989 +0.0771 -0.0106
8.460 move +0.0560 +0.0000 +0.2865 -0.0329 -11.03 0.993 +0.0800 +0.0740
8.480 move +0.0560 +0.0000 +0.2883 -0.0370 -12.09 0.997 +0.0809 +0.0999
8.500 move +0.0560 +0.0000 +0.2902 -0.0405 -12.35 0.998 +0.0801 +0.1062
8.520 move +0.0560 +0.0000 +0.2924 -0.0432 -12.28 0.998 +0.0789 +0.1088
8.540 move +0.0560 +0.0000 +0.2947 -0.0445 -12.15 0.996 +0.0774 +0.1123
8.560 move +0.0560 +0.0000 +0.2974 -0.0441 -11.94 0.994 +0.0753 +0.1234
8.580 move +0.0560 +0.0000 +0.3005 -0.0423 -11.71 0.992 +0.0019 +0.1401
8.600 move +0.0560 +0.0000 +0.3041 -0.0402 -11.50 0.992 -0.0005 +0.1748
8.620 move +0.0560 +0.0000 +0.3083 -0.0376 -11.21 0.993 -0.0034 +0.1863
8.640 move +0.0560 +0.0000 +0.3131 -0.0350 -10.90 0.995 +0.0632 +0.2192
8.660 move +0.0560 +0.0000 +0.3187 -0.0327 -10.91 0.998 -0.0093 +0.2305
8.680 move +0.0560 +0.0000 +0.3250 -0.0308 -10.95 0.999 -0.0119 +0.2907
8.700 move +0.0560 +0.0000 +0.3319 -0.0289 -10.87 1.000 -0.0148 +0.2823
8.720 move +0.0560 +0.0000 +0.3381 -0.0271 -10.73 0.999 +0.0572 +0.1672
8.740 move +0.0560 +0.0000 +0.3413 -0.0264 -10.66 0.996 +0.0178 +0.0247
8.760 move +0.0560 +0.0000 +0.3432 -0.0266 -10.79 0.991 +0.0185 +0.0193
8.780 move +0.0560 +0.0000 +0.3447 -0.0276 -11.12 0.985 +0.0184 +0.0349
8.800 move +0.0560 +0.0000 +0.3458 -0.0290 -11.53 0.981 +0.0175 +0.0424
8.820 move +0.0560 +0.0000 +0.3463 -0.0309 -11.98 0.978 +0.0161 +0.0433
8.840 move +0.0560 +0.0000 +0.3462 -0.0333 -12.42 0.977 +0.0140 +0.0333
8.860 move +0.0560 +0.0000 +0.3454 -0.0361 -12.70 0.978 +0.0112 +0.0257
8.880 move +0.0560 +0.0000 +0.3443 -0.0398 -12.97 0.982 +0.0077 +0.0369
8.900 move +0.0560 +0.0000 +0.3434 -0.0449 -13.23 0.987 +0.0032 +0.0682
8.920 move +0.0560 +0.0000 +0.3431 -0.0506 -13.38 0.992 -0.0017 +0.1065
8.940 move +0.0560 +0.0000 +0.3434 -0.0564 -13.39 0.997 +0.0466 +0.1026
8.960 move +0.0560 +0.0000 +0.3437 -0.0618 -13.34 0.999 +0.0463 +0.0608
8.980 move +0.0560 +0.0000 +0.3437 -0.0672 -13.73 0.999 -0.0156 +0.0602
9.000 move +0.0560 +0.0000 +0.3432 -0.0716 -14.20 0.998 +0.0521 -0.0475
9.020 move +0.0560 +0.0000 +0.3411 -0.0734 -14.61 0.995 +0.0205 -0.1481
9.040 move +0.0560 +0.0000 +0.3382 -0.0736 -14.92 0.991 +0.0219 -0.1827
9.060 move +0.0560 +0.0000 +0.3350 -0.0731 -15.10 0.986 +0.0227 -0.1739
9.080 move +0.0560 +0.0000 +0.3318 -0.0720 -15.00 0.982 +0.0228 -0.1621
9.100 move +0.0560 +0.0000 +0.3282 -0.0705 -14.79 0.979 +0.0223 -0.1657
9.120 move +0.0560 +0.0000 +0.3246 -0.0683 -14.54 0.977 +0.0213 -0.1426
9.140 move +0.0560 +0.0000 +0.3219 -0.0653 -14.32 0.976 +0.0194 -0.0856
9.160 move +0.0560 +0.0000 +0.3201 -0.0617 -14.04 0.976 +0.0167 -0.0626
9.180 move +0.0560 +0.0000 +0.3191 -0.0576 -13.49 0.976 +0.0136 -0.0391
9.200 move +0.0560 +0.0000 +0.3191 -0.0529 -12.53 0.978 +0.0103 -0.0101
9.220 move +0.0560 +0.0000 +0.3197 -0.0479 -11.22 0.981 +0.0738 -0.0213
9.240 move +0.0560 +0.0000 +0.3204 -0.0424 -8.88 0.986 +0.0709 -0.0443
9.260 move +0.0560 +0.0000 +0.3213 -0.0371 -6.13 0.991 +0.0745 +0.0008
9.280 move +0.0560 +0.0000 +0.3230 -0.0330 -3.80 0.994 +0.0792 +0.0803
9.300 move +0.0560 +0.0000 +0.3253 -0.0298 -2.64 0.997 +0.0808 +0.0668
9.320 move +0.0560 +0.0000 +0.3274 -0.0275 -2.38 0.998 +0.0804 +0.0792
9.340 move +0.0560 +0.0000 +0.3297 -0.0260 -2.48 0.998 +0.0795 +0.0868
9.360 move +0.0560 +0.0000 +0.3318 -0.0256 -2.63 0.996 +0.0782 +0.0965
9.380 move +0.0560 +0.0000 +0.3341 -0.0268 -2.78 0.994 +0.0763 +0.1160
9.400 move +0.0560 +0.0000 +0.3365 -0.0294 -2.99 0.992 +0.0737 +0.1340
9.420 move +0.0560 +0.0000 +0.3395 -0.0327 -3.23 0.992 -0.0004 +0.1793
9.440 move +0.0560 +0.0000 +0.3429 -0.0365 -3.53 0.993 -0.0035 +0.1845
9.460 move +0.0560 +0.0000 +0.3469 -0.0404 -3.84 0.995 +0.0634 +0.2143
9.480 move +0.0560 +0.0000 +0.3519 -0.0441 -3.92 0.998 -0.0095 +0.2636
9.500 move +0.0560 +0.0000 +0.3579 -0.0477 -3.85 0.999 +0.0548 +0.3004
9.520 move +0.0560 +0.0000 +0.3642 -0.0514 -3.89 1.000 -0.0152 +0.2919
9.540 move +0.0560 +0.0000 +0.3702 -0.0548 -3.97 0.999 +0.0541 +0.2247
9.560 move +0.0560 +0.0000 +0.3735 -0.0567 -4.31 0.996 +0.0180 +0.0476
9.580 move +0.0560 +0.0000 +0.3755 -0.0570 -4.26 0.991 +0.0186 +0.0074
9.600 move +0.0560 +0.0000 +0.3772 -0.0564 -4.10 0.985 +0.0186 +0.0216
9.620 move +0.0560 +0.0000 +0.3787 -0.0552 -3.67 0.980 +0.0177 +0.0354
9.640 move +0.0560 +0.0000 +0.3798 -0.0535 -3.21 0.976 +0.0162 +0.0428
9.660 move +0.0560 +0.0000 +0.3806 -0.0511 -2.74 0.975 +0.0141 +0.0414
9.680 move +0.0560 +0.0000 +0.3809 -0.0482 -2.32 0.975 +0.0114 +0.0304
9.700 move +0.0560 +0.0000 +0.3806 -0.0447 -2.01 0.978 +0.0079 +0.0288
9.720 move +0.0560 +0.0000 +0.3803 -0.0400 -1.73 0.984 +0.0037 +0.0338
9.740 move +0.0560 +0.0000 +0.3805 -0.0342 -1.40 0.990 -0.0013 +0.0633
9.760 move +0.0560 +0.0000 +0.3815 -0.0281 -1.21 0.996 -0.0066 +0.0985
9.780 move +0.0560 +0.0000 +0.3830 -0.0223 -1.27 0.999 +0.0447 +0.0740
9.800 move +0.0560 +0.0000 +0.3843 -0.0164 -0.99 0.999 +0.0476 +0.0450
9.820 move +0.0560 +0.0000 +0.3848 -0.0112 -0.61 0.998 +0.0498 -0.0473
9.840 move +0.0560 +0.0000 +0.3831 -0.0082 -0.21 0.995 +0.0233 -0.1513
9.860 move +0.0560 +0.0000 +0.3801 -0.0067 +0.18 0.990 +0.0252 -0.2072
9.880 move +0.0560 +0.0000 +0.3766 -0.0059 +0.33 0.985 +0.0263 -0.2008
9.900 move +0.0560 +0.0000 +0.3728 -0.0056 +0.29 0.979 +0.0269 -0.1849
9.920 move +0.0560 +0.0000 +0.3686 -0.0057 +0.09 0.975 +0.0269 -0.1819
9.940 move +0.0560 +0.0000 +0.3644 -0.0063 -0.15 0.972 +0.0264 -0.1534
9.960 move +0.0560 +0.0000 +0.3610 -0.0077 -0.34 0.970 +0.0250 -0.0982
9.980 move +0.0560 +0.0000 +0.3583 -0.0099 -0.59 0.969 +0.0230 -0.0636
10.000 move +0.0560 +0.0000 +0.3565 -0.0127 -1.06 0.969 +0.0206 -0.0280
10.020 move +0.0560 +0.0000 +0.3554 -0.0162 -1.95 0.970 +0.0182 +0.0032
10.040 move +0.0560 +0.0000 +0.3552 -0.0204 -3.16 0.973 +0.0695 +0.0330
10.060 move +0.0560 +0.0000 +0.3553 -0.0250 -4.64 0.978 +0.0718 -0.0072
10.080 move +0.0560 +0.0000 +0.3549 -0.0302 -6.33 0.984 +0.0745 -0.0316
10.100 move +0.0560 +0.0000 +0.3546 -0.0351 -8.11 0.990 +0.0081 +0.0153
10.120 move +0.0560 +0.0000 +0.3556 -0.0392 -9.60 0.994 +0.0798 +0.0663
10.140 move +0.0560 +0.0000 +0.3574 -0.0427 -10.34 0.997 +0.0809 +0.0927
10.160 move +0.0560 +0.0000 +0.3595 -0.0457 -10.55 0.998 +0.0798 +0.1114
10.180 move +0.0560 +0.0000 +0.3620 -0.0479 -10.49 0.998 +0.0783 +0.1253
10.200 move +0.0560 +0.0000 +0.3648 -0.0487 -10.33 0.996 +0.0764 +0.1327
10.220 move +0.0560 +0.0000 +0.3679 -0.0480 -10.13 0.994 +0.0739 +0.1457
10.240 move +0.0560 +0.0000 +0.3715 -0.0463 -9.94 0.994 -0.0015 +0.1876
10.260 move +0.0560 +0.0000 +0.3757 -0.0444 -9.68 0.994 -0.0038 +0.1885
10.280 move +0.0560 +0.0000 +0.3804 -0.0423 -9.38 0.995 +0.0643 +0.2251
10.300 move +0.0560 +0.0000 +0.3861 -0.0406 -9.31 0.997 -0.0085 +0.2541
10.320 move +0.0560 +0.0000 +0.3926 -0.0391 -9.33 0.999 +0.0559 +0.2959
10.340 move +0.0560 +0.0000 +0.3993 -0.0378 -9.37 1.000 +0.0510 +0.2898
10.360 move +0.0560 +0.0000 +0.4059 -0.0366 -9.29 1.000 +0.0533 +0.2598
10.380 move +0.0560 +0.0000 +0.4100 -0.0356 -9.26 0.998 +0.0153 +0.0773
10.400 move +0.0560 +0.0000 +0.4119 -0.0359 -9.29 0.994 +0.0159 -0.0073
10.420 move +0.0560 +0.0000 +0.4128 -0.0369 -9.45 0.989 +0.0157 -0.0107
10.440 move +0.0560 +0.0000 +0.4135 -0.0384 -9.57 0.985 +0.0151 +0.0125
10.460 move +0.0560 +0.0000 +0.4138 -0.0404 -9.89 0.981 +0.0138 +0.0237
10.480 move +0.0560 +0.0000 +0.4136 -0.0428 -10.21 0.980 +0.0118 +0.0234
10.500 move +0.0560 +0.0000 +0.4127 -0.0457 -10.43 0.980 +0.0093 +0.0101
10.520 move +0.0560 +0.0000 +0.4113 -0.0490 -10.44 0.983 +0.0061 +0.0073
10.540 move +0.0560 +0.0000 +0.4098 -0.0534 -10.55 0.988 +0.0020 +0.0170
10.560 move +0.0560 +0.0000 +0.4087 -0.0585 -10.77 0.993 -0.0025 +0.0571
10.580 move +0.0560 +0.0000 +0.4085 -0.0637 -10.96 0.997 -0.0070 +0.0917
10.600 move +0.0560 +0.0000 +0.4089 -0.0687 -10.94 0.999 +0.0481 +0.0648
10.620 move +0.0560 +0.0000 +0.4091 -0.0737 -11.31 1.000 +0.0488 +0.0567
10.640 move +0.0560 +0.0000 +0.4095 -0.0782 -11.70 0.999 +0.0520 +0.0555
10.660 move +0.0560 +0.0000 +0.4082 -0.0807 -12.31 0.997 +0.0207 -0.0998
10.680 move +0.0560 +0.0000 +0.4058 -0.0813 -12.67 0.994 +0.0221 -0.1639
10.700 move +0.0560 +0.0000 +0.4028 -0.0808 -12.93 0.990 +0.0228 -0.1871
10.720 move +0.0560 +0.0000 +0.3996 -0.0797 -12.99 0.985 +0.0229 -0.1730
10.740 move +0.0560 +0.0000 +0.3961 -0.0782 -12.86 0.981 +0.0225 -0.1680
10.760 move +0.0560 +0.0000 +0.3924 -0.0761 -12.63 0.978 +0.0215 -0.1567
10.780 move +0.0560 +0.0000 +0.3895 -0.0731 -12.40 0.977 +0.0197 -0.1160
10.800 move +0.0560 +0.0000 +0.3875 -0.0695 -12.17 0.976 +0.0170 -0.0547
10.820 move +0.0560 +0.0000 +0.3865 -0.0654 -11.71 0.977 +0.0137 -0.0404
10.840 move +0.0560 +0.0000 +0.3861 -0.0606 -10.82 0.979 +0.0102 -0.0134
10.860 move +0.0560 +0.0000 +0.3868 -0.0553 -9.52 0.981 +0.0754 +0.0067
10.880 move +0.0560 +0.0000 +0.3880 -0.0496 -7.81 0.986 +0.0712 -0.0040
10.900 move +0.0560 +0.0000 +0.3893 -0.0439 -6.06 0.990 +0.0723 +0.0225
10.920 move +0.0560 +0.0000 +0.3911 -0.0388 -4.46 0.994 -0.0027 +0.0704
10.940 move +0.0560 +0.0000 +0.3938 -0.0347 -3.08 0.996 +0.0801 +0.1066
10.960 move +0.0560 +0.0000 +0.3966 -0.0310 -2.27 0.997 +0.0787 +0.1044
10.980 move +0.0560 +0.0000 +0.3991 -0.0285 -2.18 0.996 +0.0759 +0.0829
11.000 move +0.0560 +0.0000 +0.4014 -0.0277 -2.36 0.994 +0.0748 +0.0962
11.020 move +0.0560 +0.0000 +0.4036 -0.0287 -2.51 0.991 +0.0751 +0.1107
11.040 move +0.0560 +0.0000 +0.4060 -0.0309 -2.67 0.989 +0.0093 +0.1254
11.060 move +0.0560 +0.0000 +0.4086 -0.0341 -2.88 0.988 +0.0069 +0.1480
11.080 move +0.0560 +0.0000 +0.4114 -0.0380 -3.25 0.989 +0.0037 +0.1530
11.100 move +0.0560 +0.0000 +0.4146 -0.0428 -3.74 0.991 +0.0668 +0.1907
11.120 move +0.0560 +0.0000 +0.4189 -0.0477 -4.06 0.995 -0.0041 +0.2236
11.140 move +0.0560 +0.0000 +0.4240 -0.0524 -4.47 0.997 -0.0073 +0.2608
11.160 move +0.0560 +0.0000 +0.4298 -0.0570 -4.62 0.999 +0.0524 +0.2773
11.180 move +0.0560 +0.0000 +0.4355 -0.0616 -4.74 1.000 +0.0536 +0.2725
11.200 move +0.0560 +0.0000 +0.4398 -0.0655 -4.72 0.999 +0.0555 +0.0976
11.220 move +0.0560 +0.0000 +0.4416 -0.0672 -4.80 0.995 +0.0188 -0.0212
11.240 move +0.0560 +0.0000 +0.4426 -0.0674 -4.75 0.989 +0.0195 -0.0192
11.260 move +0.0560 +0.0000 +0.4433 -0.0670 -4.49 0.983 +0.0195 -0.0050
11.280 move +0.0560 +0.0000 +0.4438 -0.0660 -4.00 0.979 +0.0187 +0.0030
11.300 move +0.0560 +0.0000 +0.4438 -0.0645 -3.46 0.977 +0.0173 +0.0020
11.320 move +0.0560 +0.0000 +0.4434 -0.0624 -2.93 0.976 +0.0153 -0.0103
11.340 move +0.0560 +0.0000 +0.4424 -0.0597 -2.55 0.978 +0.0126 -0.0023
11.360 move +0.0560 +0.0000 +0.4417 -0.0558 -2.22 0.982 +0.0091 +0.0065
11.380 move +0.0560 +0.0000 +0.4415 -0.0510 -1.85 0.987 +0.0050 +0.0385
11.400 move +0.0560 +0.0000 +0.4421 -0.0454 -1.58 0.992 +0.0003 +0.0745
11.420 move +0.0560 +0.0000 +0.4434 -0.0395 -1.45 0.996 +0.0514 +0.0795
11.440 move +0.0560 +0.0000 +0.4451 -0.0340 -1.58 0.999 +0.0517 +0.0732
11.460 move +0.0560 +0.0000 +0.4467 -0.0287 -1.23 1.000 +0.0541 +0.0518
11.480 move +0.0560 +0.0000 +0.4465 -0.0244 -0.72 0.999 +0.0563 -0.0751
11.500 move +0.0560 +0.0000 +0.4446 -0.0222 -0.42 0.997 +0.0190 -0.1592
11.520 move +0.0560 +0.0000 +0.4418 -0.0211 -0.23 0.993 +0.0205 -0.1838
11.540 move +0.0560 +0.0000 +0.4385 -0.0205 -0.21 0.988 +0.0214 -0.1717
11.560 move +0.0560 +0.0000 +0.4350 -0.0203 -0.41 0.984 +0.0218 -0.1676
11.580 move +0.0560 +0.0000 +0.4310 -0.0208 -0.71 0.980 +0.0215 -0.1538
11.600 move +0.0560 +0.0000 +0.4276 -0.0223 -0.97 0.977 +0.0202 -0.1084
11.620 move +0.0560 +0.0000 +0.4252 -0.0247 -1.20 0.976 +0.0181 -0.0432
11.640 move +0.0560 +0.0000 +0.4235 -0.0278 -1.64 0.976 +0.0153 -0.0313
11.660 move +0.0560 +0.0000 +0.4223 -0.0318 -2.55 0.977 +0.0123 -0.0010
11.680 move +0.0560 +0.0000 +0.4220 -0.0365 -3.88 0.979 +0.0749 +0.0359
11.700 move +0.0560 +0.0000 +0.4223 -0.0418 -5.33 0.984 +0.0707 +0.0187
11.720 move +0.0560 +0.0000 +0.4224 -0.0474 -7.06 0.989 +0.0714 +0.0102
11.740 move +0.0560 +0.0000 +0.4228 -0.0526 -8.54 0.993 +0.0738 +0.0490
11.760 move +0.0560 +0.0000 +0.4242 -0.0569 -10.01 0.996 +0.0783 +0.1025
11.780 move +0.0560 +0.0000 +0.4258 -0.0608 -10.67 0.998 +0.0795 +0.0825
11.800 move +0.0560 +0.0000 +0.4274 -0.0638 -10.74 0.998 +0.0791 +0.0711
11.820 move +0.0560 +0.0000 +0.4288 -0.0655 -10.59 0.996 +0.0778 +0.0589
11.840 move +0.0560 +0.0000 +0.4303 -0.0657 -10.60 0.993 +0.0773 +0.0724
11.860 move +0.0560 +0.0000 +0.4322 -0.0644 -10.52 0.991 +0.0762 +0.0886
11.880 move +0.0560 +0.0000 +0.4346 -0.0618 -10.38 0.989 +0.0055 +0.1017
11.900 move +0.0560 +0.0000 +0.4374 -0.0584 -10.11 0.990 +0.0022 +0.1320
11.920 move +0.0560 +0.0000 +0.4409 -0.0545 -9.70 0.992 -0.0017 +0.1467
11.940 move +0.0560 +0.0000 +0.4452 -0.0505 -9.30 0.994 +0.0645 +0.1832
11.960 move +0.0560 +0.0000 +0.4505 -0.0471 -8.94 0.997 -0.0089 +0.2195
11.980 move +0.0560 +0.0000 +0.4567 -0.0440 -8.53 0.999 +0.0561 +0.2808
12.000 move +0.0560 +0.0000 +0.4635 -0.0408 -8.23 1.000 -0.0152 +0.2800
12.020 move +0.0560 +0.0000 +0.4697 -0.0380 -8.12 0.999 +0.0571 +0.1708
12.040 move +0.0560 +0.0000 +0.4728 -0.0365 -8.09 0.996 +0.0195 +0.0259
12.060 move +0.0560 +0.0000 +0.4745 -0.0362 -8.18 0.991 +0.0205 +0.0037
12.080 move +0.0560 +0.0000 +0.4759 -0.0368 -8.51 0.985 +0.0206 +0.0123
12.100 move +0.0560 +0.0000 +0.4767 -0.0377 -8.95 0.980 +0.0201 +0.0249
12.120 move +0.0560 +0.0000 +0.4772 -0.0392 -9.54 0.976 +0.0189 +0.0282
12.140 move +0.0560 +0.0000 +0.4770 -0.0410 -10.13 0.974 +0.0171 +0.0191
12.160 move +0.0560 +0.0000 +0.4762 -0.0433 -10.55 0.975 +0.0146 +0.0113
12.180 move +0.0560 +0.0000 +0.4752 -0.0466 -10.91 0.979 +0.0115 +0.0305
12.200 move +0.0560 +0.0000 +0.4745 -0.0510 -11.19 0.984 +0.0076 +0.0631
12.220 move +0.0560 +0.0000 +0.4743 -0.0564 -11.37 0.989 +0.0031 +0.0958
12.240 move +0.0560 +0.0000 +0.4746 -0.0624 -11.48 0.994 +0.0482 +0.1137
12.260 move +0.0560 +0.0000 +0.4753 -0.0683 -11.27 0.998 +0.0491 +0.0863
12.280 move +0.0560 +0.0000 +0.4757 -0.0741 -11.57 0.999 +0.0513 +0.0610
12.300 move +0.0560 +0.0000 +0.4750 -0.0791 -12.19 0.999 +0.0533 -0.0528
12.320 move +0.0560 +0.0000 +0.4728 -0.0815 -12.59 0.997 +0.0175 -0.1475
12.340 move +0.0560 +0.0000 +0.4696 -0.0824 -12.91 0.993 +0.0195 -0.1854
12.360 move +0.0560 +0.0000 +0.4662 -0.0827 -13.06 0.988 +0.0209 -0.1770
12.380 move +0.0560 +0.0000 +0.4627 -0.0823 -12.92 0.984 +0.0215 -0.1685
12.400 move +0.0560 +0.0000 +0.4587 -0.0814 -12.73 0.980 +0.0216 -0.1757
12.420 move +0.0560 +0.0000 +0.4550 -0.0797 -12.52 0.977 +0.0210 -0.1394
12.440 move +0.0560 +0.0000 +0.4522 -0.0773 -12.33 0.976 +0.0193 -0.0810
12.460 move +0.0560 +0.0000 +0.4503 -0.0742 -12.03 0.975 +0.0170 -0.0576
12.480 move +0.0560 +0.0000 +0.4492 -0.0706 -11.44 0.975 +0.0143 -0.0343
12.500 move +0.0560 +0.0000 +0.4490 -0.0664 -10.33 0.977 +0.0115 -0.0057
12.520 move +0.0560 +0.0000 +0.4495 -0.0618 -8.85 0.980 +0.0732 -0.0170
12.540 move +0.0560 +0.0000 +0.4500 -0.0567 -6.37 0.985 +0.0714 -0.0398
12.560 move +0.0560 +0.0000 +0.4506 -0.0516 -3.57 0.989 +0.0747 -0.0065
12.580 move +0.0560 +0.0000 +0.4521 -0.0476 -1.26 0.993 +0.0787 +0.0796
12.600 move +0.0560 +0.0000 +0.4544 -0.0445 -0.11 0.996 +0.0801 +0.0752
12.620 move +0.0560 +0.0000 +0.4566 -0.0422 +0.27 0.998 +0.0796 +0.0838
12.640 move +0.0560 +0.0000 +0.4590 -0.0404 +0.23 0.999 +0.0786 +0.1017
12.660 move +0.0560 +0.0000 +0.4614 -0.0398 +0.08 0.997 +0.0771 +0.1066
12.680 move +0.0560 +0.0000 +0.4638 -0.0405 -0.07 0.995 +0.0752 +0.1203
12.700 move +0.0560 +0.0000 +0.4664 -0.0425 -0.29 0.994 +0.0727 +0.1368
12.720 move +0.0560 +0.0000 +0.4696 -0.0453 -0.53 0.994 -0.0020 +0.1812
12.740 move +0.0560 +0.0000 +0.4732 -0.0484 -0.80 0.994 -0.0047 +0.1857
12.760 move +0.0560 +0.0000 +0.4774 -0.0517 -1.09 0.996 +0.0629 +0.2158
12.780 move +0.0560 +0.0000 +0.4825 -0.0547 -1.14 0.998 -0.0099 +0.2535
12.800 move +0.0560 +0.0000 +0.4884 -0.0575 -1.08 0.999 -0.0122 +0.2852
12.820 move +0.0560 +0.0000 +0.4948 -0.0603 -1.12 1.000 +0.0516 +0.2908
12.840 move +0.0560 +0.0000 +0.5009 -0.0630 -1.19 0.999 +0.0556 +0.2188
12.860 move +0.0560 +0.0000 +0.5041 -0.0645 -1.53 0.997 +0.0172 +0.0409
12.880 move +0.0560 +0.0000 +0.5060 -0.0645 -1.48 0.992 +0.0176 +0.0069
12.900 move +0.0560 +0.0000 +0.5076 -0.0637 -1.31 0.987 +0.0174 +0.0238
12.920 move +0.0560 +0.0000 +0.5089 -0.0622 -1.01 0.982 +0.0164 +0.0346
12.940 move +0.0560 +0.0000 +0.5098 -0.0602 -0.65 0.979 +0.0148 +0.0381
12.960 move +0.0560 +0.0000 +0.5102 -0.0576 -0.28 0.978 +0.0126 +0.0327
12.980 move +0.0560 +0.0000 +0.5101 -0.0544 +0.04 0.979 +0.0097 +0.0183
13.000 move +0.0560 +0.0000 +0.5095 -0.0505 +0.26 0.982 +0.0060 +0.0304
13.020 move +0.0560 +0.0000 +0.5092 -0.0453 +0.51 0.988 +0.0013 +0.0365
13.040 move +0.0560 +0.0000 +0.5094 -0.0394 +0.77 0.993 -0.0038 +0.0734
13.060 move +0.0560 +0.0000 +0.5104 -0.0335 +0.94 0.997 -0.0089 +0.1057
13.080 move +0.0560 +0.0000 +0.5118 -0.0279 +0.86 1.000 +0.0464 +0.0706
13.100 move +0.0560 +0.0000 +0.5131 -0.0221 +1.18 0.999 +0.0486 +0.0613
13.120 move +0.0560 +0.0000 +0.5138 -0.0172 +1.53 0.998 +0.0513 -0.0268
13.140 move +0.0560 +0.0000 +0.5124 -0.0145 +2.02 0.995 +0.0248 -0.1324
13.160 move +0.0560 +0.0000 +0.5097 -0.0133 +2.47 0.990 +0.0265 -0.1861
13.180 move +0.0560 +0.0000 +0.5065 -0.0129 +2.80 0.984 +0.0275 -0.1860
13.200 move +0.0560 +0.0000 +0.5030 -0.0130 +2.91 0.979 +0.0279 -0.1724
13.220 move +0.0560 +0.0000 +0.4991 -0.0134 +2.83 0.974 +0.0278 -0.1691
13.240 move +0.0560 +0.0000 +0.4952 -0.0144 +2.67 0.971 +0.0272 -0.1416
13.260 move +0.0560 +0.0000 +0.4921 -0.0162 +2.50 0.969 +0.0258 -0.0888
13.280 move +0.0560 +0.0000 +0.4898 -0.0186 +2.24 0.968 +0.0236 -0.0559
13.300 move +0.0560 +0.0000 +0.4882 -0.0216 +1.79 0.968 +0.0211 -0.0208
13.320 move +0.0560 +0.0000 +0.4875 -0.0252 +0.99 0.970 +0.0186 +0.0097
13.340 move +0.0560 +0.0000 +0.4877 -0.0295 -0.13 0.973 +0.0692 +0.0393
13.360 move +0.0560 +0.0000 +0.4882 -0.0341 -1.54 0.978 +0.0717 -0.0013
13.380 move +0.0560 +0.0000 +0.4882 -0.0394 -3.20 0.984 +0.0744 -0.0272
13.400 move +0.0560 +0.0000 +0.4882 -0.0444 -4.94 0.989 +0.0081 +0.0186
13.420 move +0.0560 +0.0000 +0.4894 -0.0485 -6.43 0.994 +0.0061 +0.0700
13.440 move +0.0560 +0.0000 +0.4914 -0.0519 -7.16 0.997 +0.0808 +0.0935
13.460 move +0.0560 +0.0000 +0.4937 -0.0548 -7.40 0.998 +0.0797 +0.1098
13.480 move +0.0560 +0.0000 +0.4963 -0.0568 -7.33 0.998 +0.0782 +0.1244
13.500 move +0.0560 +0.0000 +0.4991 -0.0575 -7.17 0.996 +0.0763 +0.1326
13.520 move +0.0560 +0.0000 +0.5021 -0.0566 -6.98 0.994 +0.0738 +0.1461
13.540 move +0.0560 +0.0000 +0.5058 -0.0548 -6.79 0.994 -0.0015 +0.1883
13.560 move +0.0560 +0.0000 +0.5098 -0.0527 -6.53 0.994 -0.0037 +0.1892
13.580 move +0.0560 +0.0000 +0.5144 -0.0504 -6.23 0.995 +0.0642 +0.2247
13.600 move +0.0560 +0.0000 +0.5200 -0.0483 -6.17 0.997 -0.0084 +0.2556
13.620 move +0.0560 +0.0000 +0.5263 -0.0465 -6.20 0.999 +0.0558 +0.2812
13.640 move +0.0560 +0.0000 +0.5329 -0.0448 -6.23 1.000 -0.0127 +0.2794
13.660 move +0.0560 +0.0000 +0.5394 -0.0433 -6.08 1.000 +0.0536 +0.2742
13.680 move +0.0560 +0.0000 +0.5437 -0.0422 -5.90 0.998 +0.0148 +0.0796
13.700 move +0.0560 +0.0000 +0.5457 -0.0423 -5.92 0.994 +0.0154 +0.0015
13.720 move +0.0560 +0.0000 +0.5470 -0.0432 -6.05 0.989 +0.0153 +0.0043
13.740 move +0.0560 +0.0000 +0.5480 -0.0446 -6.19 0.984 +0.0147 +0.0244
13.760 move +0.0560 +0.0000 +0.5487 -0.0465 -6.49 0.981 +0.0135 +0.0343
13.780 move +0.0560 +0.0000 +0.5488 -0.0489 -6.80 0.979 +0.0116 +0.0333
13.800 move +0.0560 +0.0000 +0.5484 -0.0519 -7.01 0.979 +0.0090 +0.0211
13.820 move +0.0560 +0.0000 +0.5474 -0.0553 -7.02 0.982 +0.0058 +0.0146
13.840 move +0.0560 +0.0000 +0.5462 -0.0598 -7.11 0.987 +0.0017 +0.0207
13.860 move +0.0560 +0.0000 +0.5455 -0.0650 -7.32 0.992 -0.0029 +0.0583
13.880 move +0.0560 +0.0000 +0.5456 -0.0702 -7.51 0.997 -0.0074 +0.0907
13.900 move +0.0560 +0.0000 +0.5461 -0.0753 -7.49 0.999 +0.0471 +0.0640
13.920 move +0.0560 +0.0000 +0.5466 -0.0803 -7.86 1.000 +0.0479 +0.0530
13.940 move +0.0560 +0.0000 +0.5472 -0.0848 -8.22 0.999 +0.0516 +0.0582
13.960 move +0.0560 +0.0000 +0.5461 -0.0875 -8.68 0.997 +0.0215 -0.0985
13.980 move +0.0560 +0.0000 +0.5437 -0.0881 -9.03 0.994 +0.0229 -0.1654
14.000 move +0.0560 +0.0000 +0.5407 -0.0878 -9.24 0.989 +0.0235 -0.1882
14.020 move +0.0560 +0.0000 +0.5374 -0.0868 -9.27 0.984 +0.0236 -0.1755
14.040 move +0.0560 +0.0000 +0.5338 -0.0855 -9.09 0.981 +0.0230 -0.1690
14.060 move +0.0560 +0.0000 +0.5300 -0.0836 -8.84 0.978 +0.0220 -0.1556
14.080 move +0.0560 +0.0000 +0.5269 -0.0808 -8.62 0.976 +0.0202 -0.1138
14.100 move +0.0560 +0.0000 +0.5248 -0.0773 -8.39 0.976 +0.0175 -0.0515
14.120 move +0.0560 +0.0000 +0.5235 -0.0733 -7.94 0.977 +0.0142 -0.0376
14.140 move +0.0560 +0.0000 +0.5230 -0.0685 -7.04 0.978 +0.0107 -0.0099
14.160 move +0.0560 +0.0000 +0.5233 -0.0632 -5.74 0.981 +0.0749 +0.0115
14.180 move +0.0560 +0.0000 +0.5242 -0.0575 -4.05 0.986 +0.0705 -0.0005
14.200 move +0.0560 +0.0000 +0.5252 -0.0515 -2.03 0.990 +0.0718 +0.0186
14.220 move +0.0560 +0.0000 +0.5266 -0.0463 -0.20 0.994 -0.0016 +0.0751
14.240 move +0.0560 +0.0000 +0.5291 -0.0419 +1.26 0.997 +0.0804 +0.0994
14.260 move +0.0560 +0.0000 +0.5315 -0.0382 +2.09 0.998 +0.0797 +0.0936
14.280 move +0.0560 +0.0000 +0.5336 -0.0356 +2.08 0.997 +0.0772 +0.0701
14.300 move +0.0560 +0.0000 +0.5354 -0.0347 +1.86 0.995 +0.0762 +0.0802
14.320 move +0.0560 +0.0000 +0.5374 -0.0354 +1.73 0.992 +0.0765 +0.0963
14.340 move +0.0560 +0.0000 +0.5395 -0.0375 +1.58 0.990 +0.0080 +0.1092
14.360 move +0.0560 +0.0000 +0.5420 -0.0405 +1.37 0.989 +0.0056 +0.1303
14.380 move +0.0560 +0.0000 +0.5446 -0.0443 +0.99 0.990 +0.0023 +0.1345
14.400 move +0.0560 +0.0000 +0.5480 -0.0487 +0.56 0.992 +0.0666 +0.1835
14.420 move +0.0560 +0.0000 +0.5526 -0.0530 +0.20 0.995 +0.0623 +0.2409
14.440 move +0.0560 +0.0000 +0.5580 -0.0572 -0.11 0.998 -0.0082 +0.2674
14.460 move +0.0560 +0.0000 +0.5641 -0.0611 -0.34 0.999 -0.0114 +0.2780
14.480 move +0.0560 +0.0000 +0.5705 -0.0650 -0.51 1.000 -0.0148 +0.2769
14.500 move +0.0560 +0.0000 +0.5753 -0.0684 -0.71 0.998 +0.0558 +0.1068
14.520 move +0.0560 +0.0000 +0.5775 -0.0698 -0.81 0.994 +0.0181 -0.0054
14.540 move +0.0560 +0.0000 +0.5791 -0.0700 -0.67 0.988 +0.0188 +0.0106
14.560 move +0.0560 +0.0000 +0.5804 -0.0696 -0.35 0.983 +0.0188 +0.0240
14.580 move +0.0560 +0.0000 +0.5814 -0.0686 +0.12 0.978 +0.0180 +0.0318
14.600 move +0.0560 +0.0000 +0.5820 -0.0671 +0.64 0.976 +0.0167 +0.0307
14.620 move +0.0560 +0.0000 +0.5819 -0.0650 +1.13 0.975 +0.0147 +0.0188
14.640 move +0.0560 +0.0000 +0.5814 -0.0623 +1.45 0.977 +0.0119 +0.0173
14.660 move +0.0560 +0.0000 +0.5808 -0.0586 +1.74 0.981 +0.0085 +0.0240
14.680 move +0.0560 +0.0000 +0.5806 -0.0537 +2.05 0.986 +0.0043 +0.0542
14.700 move +0.0560 +0.0000 +0.5810 -0.0480 +2.27 0.992 -0.0006 +0.0873
14.720 move +0.0560 +0.0000 +0.5821 -0.0420 +2.33 0.997 +0.0473 +0.0905
14.740 move +0.0560 +0.0000 +0.5835 -0.0364 +2.16 0.999 +0.0487 +0.0650
14.760 move +0.0560 +0.0000 +0.5844 -0.0310 +2.57 1.000 +0.0510 +0.0363
14.780 move +0.0560 +0.0000 +0.5837 -0.0268 +3.14 0.998 +0.0175 -0.0926
14.800 move +0.0560 +0.0000 +0.5814 -0.0247 +3.35 0.996 +0.0199 -0.1599
14.820 move +0.0560 +0.0000 +0.5782 -0.0237 +3.61 0.991 +0.0215 -0.1916
14.840 move +0.0560 +0.0000 +0.5747 -0.0233 +3.67 0.986 +0.0225 -0.1831
14.860 move +0.0560 +0.0000 +0.5709 -0.0233 +3.55 0.982 +0.0229 -0.1762
14.880 move +0.0560 +0.0000 +0.5667 -0.0239 +3.33 0.978 +0.0227 -0.1695
14.900 move +0.0560 +0.0000 +0.5630 -0.0254 +3.11 0.976 +0.0216 -0.1259
14.920 move +0.0560 +0.0000 +0.5603 -0.0277 +2.92 0.975 +0.0197 -0.0623
14.940 move +0.0560 +0.0000 +0.5583 -0.0307 +2.53 0.974 +0.0171 -0.0461
14.960 move +0.0560 +0.0000 +0.5571 -0.0345 +1.75 0.975 +0.0143 -0.0174
14.980 move +0.0560 +0.0000 +0.5567 -0.0389 +0.51 0.977 +0.0115 +0.0160
15.000 move +0.0560 +0.0000 +0.5569 -0.0437 -1.00 0.981 +0.0718 -0.0007
15.020 move +0.0560 +0.0000 +0.5569 -0.0490 -3.45 0.986 +0.0726 -0.0256
15.040 move +0.0560 +0.0000 +0.5570 -0.0542 -6.02 0.991 +0.0748 +0.0115
15.060 move +0.0560 +0.0000 +0.5582 -0.0584 -8.11 0.995 +0.0775 +0.0866
15.080 move +0.0560 +0.0000 +0.5600 -0.0620 -9.03 0.998 +0.0779 +0.0838
15.100 move +0.0560 +0.0000 +0.5618 -0.0649 -9.15 0.999 +0.0773 +0.0854
15.120 move +0.0560 +0.0000 +0.5637 -0.0669 -9.01 0.998 +0.0763 +0.0820
15.140 move +0.0560 +0.0000 +0.5655 -0.0675 -8.86 0.996 +0.0752 +0.0844
15.160 move +0.0560 +0.0000 +0.5675 -0.0667 -8.73 0.994 +0.0737 +0.0962
15.180 move +0.0560 +0.0000 +0.5698 -0.0646 -8.53 0.993 +0.0009 +0.1119
15.200 move +0.0560 +0.0000 +0.5727 -0.0620 -8.28 0.993 -0.0016 +0.1471
15.220 move +0.0560 +0.0000 +0.5761 -0.0592 -7.96 0.994 -0.0045 +0.1591
15.240 move +0.0560 +0.0000 +0.5802 -0.0563 -7.64 0.996 +0.0631 +0.1866
15.260 move +0.0560 +0.0000 +0.5852 -0.0538 -7.57 0.998 -0.0100 +0.2317
15.280 move +0.0560 +0.0000 +0.5914 -0.0516 -7.39 0.999 +0.0553 +0.2924
15.300 move +0.0560 +0.0000 +0.5979 -0.0494 -7.20 1.000 -0.0151 +0.2814
15.320 move +0.0560 +0.0000 +0.6038 -0.0474 -7.15 0.999 +0.0565 +0.1620
15.340 move +0.0560 +0.0000 +0.6066 -0.0467 -7.07 0.997 +0.0179 +0.0216
15.360 move +0.0560 +0.0000 +0.6081 -0.0472 -7.17 0.992 +0.0182 -0.0043
15.380 move +0.0560 +0.0000 +0.6091 -0.0483 -7.37 0.987 +0.0178 +0.0109
15.400 move +0.0560 +0.0000 +0.6099 -0.0500 -7.72 0.982 +0.0168 +0.0240
15.420 move +0.0560 +0.0000 +0.6101 -0.0521 -8.18 0.980 +0.0151 +0.0275
15.440 move +0.0560 +0.0000 +0.6098 -0.0547 -8.64 0.979 +0.0128 +0.0188
15.460 move +0.0560 +0.0000 +0.6089 -0.0578 -8.95 0.980 +0.0097 +0.0105
15.480 move +0.0560 +0.0000 +0.6077 -0.0619 -9.26 0.984 +0.0059 +0.0241
15.500 move +0.0560 +0.0000 +0.6068 -0.0673 -9.54 0.989 +0.0012 +0.0600
15.520 move +0.0560 +0.0000 +0.6067 -0.0731 -9.71 0.994 -0.0039 +0.0985
15.540 move +0.0560 +0.0000 +0.6072 -0.0789 -9.72 0.998 +0.0484 +0.0893
15.560 move +0.0560 +0.0000 +0.6077 -0.0843 -9.69 1.000 +0.0474 +0.0591
15.580 move +0.0560 +0.0000 +0.6081 -0.0898 -10.09 1.000 -0.0179 +0.0633
15.600 move +0.0560 +0.0000 +0.6078 -0.0943 -10.66 0.998 +0.0531 -0.0472
15.620 move +0.0560 +0.0000 +0.6058 -0.0962 -11.18 0.995 +0.0229 -0.1509
15.640 move +0.0560 +0.0000 +0.6029 -0.0967 -11.61 0.990 +0.0243 -0.1884
15.660 move +0.0560 +0.0000 +0.5998 -0.0964 -11.82 0.985 +0.0252 -0.1721
15.680 move +0.0560 +0.0000 +0.5964 -0.0958 -11.85 0.980 +0.0256 -0.1622
15.700 move +0.0560 +0.0000 +0.5927 -0.0946 -11.71 0.976 +0.0253 -0.1655
15.720 move +0.0560 +0.0000 +0.5892 -0.0928 -11.51 0.973 +0.0244 -0.1324
15.740 move +0.0560 +0.0000 +0.5866 -0.0903 -11.35 0.972 +0.0227 -0.0744
15.760 move +0.0560 +0.0000 +0.5848 -0.0872 -11.08 0.971 +0.0203 -0.0535
15.780 move +0.0560 +0.0000 +0.5837 -0.0835 -10.53 0.972 +0.0175 -0.0274
15.800 move +0.0560 +0.0000 +0.5836 -0.0794 -9.58 0.973 +0.0147 +0.0022
15.820 move +0.0560 +0.0000 +0.5843 -0.0748 -8.31 0.976 +0.0721 +0.0047
15.840 move +0.0560 +0.0000 +0.5850 -0.0698 -6.37 0.982 +0.0739 -0.0257
15.860 move +0.0560 +0.0000 +0.5857 -0.0646 -4.19 0.987 +0.0768 -0.0212
15.880 move +0.0560 +0.0000 +0.5869 -0.0604 -2.17 0.992 +0.0054 +0.0587
15.900 move +0.0560 +0.0000 +0.5891 -0.0572 -0.89 0.996 +0.0815 +0.0783
15.920 move +0.0560 +0.0000 +0.5914 -0.0547 -0.46 0.998 +0.0810 +0.0932
15.940 move +0.0560 +0.0000 +0.5941 -0.0529 -0.44 0.998 +0.0797 +0.1149
15.960 move +0.0560 +0.0000 +0.5969 -0.0520 -0.56 0.997 +0.0780 +0.1226
15.980 move +0.0560 +0.0000 +0.5997 -0.0525 -0.73 0.995 +0.0758 +0.1365
16.000 move +0.0560 -0.0080 +0.6027 -0.0544 -0.94 0.994 +0.0731 +0.1519
16.020 move +0.0560 -0.0160 +0.6062 -0.0571 -1.17 0.994 -0.0021 +0.1962
16.040 move +0.0560 -0.0240 +0.6101 -0.0602 -1.44 0.994 -0.0046 +0.2017
16.060 move +0.0560 -0.0320 +0.6146 -0.0634 -1.73 0.996 +0.0628 +0.2332
16.080 move +0.0560 -0.0400 +0.6200 -0.0664 -1.76 0.998 -0.0097 +0.2657
16.100 move +0.0560 -0.0480 +0.6261 -0.0692 -1.68 0.999 -0.0121 +0.2997
16.120 move +0.0560 -0.0560 +0.6326 -0.0721 -1.70 1.000 -0.0145 +0.2986
16.140 move +0.0560 -0.0640 +0.6389 -0.0748 -1.82 0.999 +0.0555 +0.2256
16.160 move +0.0560 -0.0720 +0.6426 -0.0762 -2.13 0.997 +0.0168 +0.0580
16.180 move +0.0560 -0.0800 +0.6449 -0.0761 -2.05 0.992 +0.0172 +0.0309
16.200 move +0.0560 -0.0880 +0.6469 -0.0752 -1.88 0.986 +0.0169 +0.0460
16.220 move +0.0560 -0.0960 +0.6487 -0.0737 -1.56 0.982 +0.0159 +0.0549
16.240 move +0.0560 -0.1040 +0.6501 -0.0715 -1.21 0.979 +0.0142 +0.0576
16.260 move +0.0560 -0.1120 +0.6510 -0.0688 -0.85 0.977 +0.0118 +0.0520
16.280 move +0.0560 -0.1200 +0.6513 -0.0654 -0.58 0.978 +0.0087 +0.0382
16.300 move +0.0560 -0.1280 +0.6511 -0.0614 -0.41 0.981 +0.0049 +0.0324
16.320 move +0.0560 -0.1360 +0.6508 -0.0562 -0.26 0.987 +0.0002 +0.0291
16.340 move +0.0560 -0.1440 +0.6509 -0.0504 -0.09 0.992 -0.0049 +0.0558
16.360 move +0.0560 -0.1520 +0.6516 -0.0446 +0.03 0.997 +0.0445 +0.0828
16.380 move +0.0560 -0.1600 +0.6526 -0.0390 -0.17 0.999 +0.0436 +0.0436
16.400 move +0.0560 -0.1680 +0.6533 -0.0331 -0.24 0.998 +0.0434 +0.0193
16.420 move +0.0560 -0.1760 +0.6540 -0.0279 -0.86 0.996 +0.0475 +0.0388
16.440 move +0.0560 -0.1840 +0.6529 -0.0245 -1.66 0.993 +0.0257 -0.1317
16.460 move +0.0560 -0.1920 +0.6501 -0.0228 -2.44 0.988 +0.0276 -0.1994
16.480 move +0.0560 -0.2000 +0.6464 -0.0222 -2.98 0.982 +0.0285 -0.2224
16.500 move +0.0560 -0.2080 +0.6425 -0.0220 -3.49 0.976 +0.0289 -0.1994
16.520 move +0.0560 -0.2160 +0.6384 -0.0221 -4.17 0.971 +0.0289 -0.1811
16.540 move +0.0560 -0.2240 +0.6339 -0.0223 -4.91 0.967 +0.0284 -0.1844
16.560 move +0.0560 -0.2320 +0.6298 -0.0232 -5.47 0.966 +0.0275 -0.1207
16.580 move +0.0560 -0.2400 +0.6266 -0.0249 -5.88 0.965 +0.0259 -0.0672
16.600 move +0.0560 -0.2480 +0.6244 -0.0274 -6.57 0.965 +0.0238 -0.0262
16.620 move +0.0560 -0.2500 +0.6231 -0.0305 -7.52 0.966 +0.0215 +0.0055
16.640 move +0.0560 -0.2500 +0.6226 -0.0343 -8.48 0.969 +0.0188 +0.0410
16.660 move +0.0560 -0.2500 +0.6230 -0.0388 -9.52 0.973 +0.0159 +0.0701
16.680 move +0.0560 -0.2500 +0.6242 -0.0441 -10.79 0.979 +0.0128 +0.0908
16.700 move +0.0560 -0.2500 +0.6259 -0.0496 -12.39 0.986 +0.0760 +0.0888
16.720 move +0.0560 -0.2500 +0.6283 -0.0546 -13.94 0.992 +0.0784 +0.1346
16.740 move +0.0560 -0.2500 +0.6320 -0.0589 -15.02 0.996 +0.0788 +0.1851
16.760 move +0.0560 -0.2500 +0.6359 -0.0623 -15.37 0.999 +0.0762 +0.1918
16.780 move +0.0560 -0.2500 +0.6399 -0.0645 -15.39 0.998 +0.0736 +0.1763
16.800 move +0.0560 -0.2500 +0.6439 -0.0650 -15.33 0.997 -0.0002 +0.1713
16.820 move +0.0560 -0.2500 +0.6479 -0.0649 -15.25 0.996 -0.0005 +0.1751
16.840 move +0.0560 -0.2500 +0.6523 -0.0644 -15.09 0.995 -0.0014 +0.2073
16.860 move +0.0560 -0.2500 +0.6568 -0.0634 -14.95 0.995 -0.0028 +0.1938
16.880 move +0.0560 -0.2500 +0.6616 -0.0622 -14.85 0.996 -0.0046 +0.2204
16.900 move +0.0560 -0.2500 +0.6670 -0.0610 -14.92 0.997 +0.0540 +0.2374
16.920 move +0.0560 -0.2500 +0.6727 -0.0602 -15.20 0.998 +0.0493 +0.2246
16.940 move +0.0560 -0.2500 +0.6780 -0.0593 -15.41 0.998 -0.0092 +0.2082
16.960 move +0.0560 -0.2500 +0.6832 -0.0582 -15.20 0.998 -0.0109 +0.2144
16.980 move +0.0392 -0.1750 +0.6879 -0.0573 -14.57 0.996 +0.0463 +0.1308
17.000 move +0.0408 -0.1830 +0.6901 -0.0570 -14.05 0.992 +0.0077 -0.0072
17.020 move +0.0424 -0.1910 +0.6911 -0.0572 -13.81 0.987 +0.0086 -0.0160
17.040 move +0.0440 -0.1990 +0.6918 -0.0577 -14.30 0.984 +0.0089 +0.0105
17.060 move +0.0456 -0.2070 +0.6922 -0.0584 -14.82 0.982 +0.0086 +0.0241
17.080 move +0.0472 -0.2150 +0.6922 -0.0595 -15.17 0.981 +0.0079 +0.0258
17.100 move +0.0488 -0.2230 +0.6916 -0.0610 -15.43 0.981 +0.0069 +0.0175
17.120 move +0.0504 -0.2310 +0.6906 -0.0626 -15.46 0.983 +0.0054 +0.0162
17.140 move +0.0520 -0.2390 +0.6886 -0.0647 -15.56 0.987 +0.0033 -0.0286
17.160 move +0.0536 -0.2470 +0.6870 -0.0676 -15.95 0.991 +0.0006 +0.0362
17.180 move +0.0552 -0.2500 +0.6866 -0.0712 -16.20 0.995 -0.0026 +0.0852
17.200 move +0.0560 -0.2500 +0.6872 -0.0749 -16.34 0.997 -0.0058 +0.1197
17.220 move +0.0560 -0.2500 +0.6888 -0.0786 -16.41 0.999 +0.0461 +0.1153
17.240 move +0.0560 -0.2500 +0.6893 -0.0820 -16.72 0.999 +0.0484 +0.0098
17.260 move +0.0560 -0.2500 +0.6887 -0.0838 -17.52 0.998 +0.0117 -0.0667
17.280 move +0.0560 -0.2500 +0.6876 -0.0842 -18.11 0.996 +0.0128 -0.1014
17.300 move +0.0560 -0.2500 +0.6863 -0.0838 -18.42 0.993 +0.0133 -0.1052
17.320 move +0.0560 -0.2500 +0.6847 -0.0827 -18.59 0.990 +0.0131 -0.0977
17.340 move +0.0560 -0.2500 +0.6828 -0.0808 -18.70 0.988 +0.0123 -0.1124
17.360 move +0.0560 -0.2500 +0.6805 -0.0781 -18.64 0.987 +0.0107 -0.1288
17.380 move +0.0560 -0.2500 +0.6785 -0.0742 -18.50 0.988 +0.0079 -0.1079
17.400 move +0.0560 -0.2500 +0.6773 -0.0695 -18.27 0.990 +0.0040 -0.0706
17.420 move +0.0560 -0.2500 +0.6768 -0.0639 -17.95 0.992 -0.0008 -0.0649
17.440 move +0.0560 -0.2500 +0.6771 -0.0581 -17.48 0.995 -0.0057 -0.0172
17.460 move +0.0560 -0.2500 +0.6787 -0.0529 -17.28 0.997 +0.0611 +0.0245
17.480 move +0.0560 -0.2500 +0.6811 -0.0483 -17.04 0.999 +0.0592 +0.0537
17.500 move +0.0560 -0.2500 +0.6843 -0.0438 -16.86 0.999 -0.0179 +0.0983
17.520 move +0.0560 -0.2500 +0.6883 -0.0394 -16.54 0.999 -0.0232 +0.1414
17.540 move +0.0560 -0.2500 +0.6914 -0.0361 -16.17 0.997 +0.0641 +0.0031
17.560 move +0.0560 -0.2500 +0.6920 -0.0340 -15.75 0.993 +0.0252 -0.0619
17.580 move +0.0560 -0.2500 +0.6917 -0.0328 -15.92 0.987 +0.0268 -0.0602
17.600 move +0.0560 -0.2500 +0.6911 -0.0319 -15.82 0.980 +0.0280 -0.0546
17.620 move +0.0560 -0.2500 +0.6900 -0.0313 -15.96 0.974 +0.0287 -0.0498
17.640 move +0.0560 -0.2500 +0.6887 -0.0312 -16.24 0.969 +0.0286 -0.0180
17.660 move +0.0560 -0.2500 +0.6880 -0.0320 -16.35 0.966 +0.0278 +0.0307
17.680 move +0.0560 -0.2500 +0.6879 -0.0335 -16.49 0.964 +0.0263 +0.0691
17.700 move +0.0560 -0.2500 +0.6884 -0.0358 -17.09 0.965 +0.0245 +0.1009
17.720 move +0.0560 -0.2500 +0.6897 -0.0387 -17.79 0.967 +0.0225 +0.1388
17.740 move +0.0560 -0.2500 +0.6919 -0.0424 -18.43 0.971 +0.0202 +0.1779
17.760 move +0.0560 -0.2500 +0.6949 -0.0469 -19.07 0.976 +0.0177 +0.2084
17.780 move +0.0560 -0.2500 +0.6986 -0.0521 -19.92 0.983 +0.0150 +0.2355
17.800 move +0.0560 -0.2500 +0.7030 -0.0578 -21.02 0.990 +0.0690 +0.2510
17.820 move +0.0560 -0.2500 +0.7073 -0.0629 -21.99 0.995 +0.0666 +0.2005
17.840 move +0.0560 -0.2500 +0.7107 -0.0665 -22.50 0.998 -0.0087 +0.1571
17.860 move +0.0560 -0.2500 +0.7136 -0.0695 -22.61 0.999 -0.0064 +0.1469
17.880 move +0.0560 -0.2500 +0.7162 -0.0721 -22.62 0.999 -0.0043 +0.1339
17.900 move +0.0560 -0.2500 +0.7184 -0.0745 -22.56 0.997 -0.0024 +0.1290
17.920 move +0.0560 -0.2500 +0.7205 -0.0765 -22.47 0.995 -0.0008 +0.1249
17.940 move +0.0560 -0.2500 +0.7227 -0.0782 -22.37 0.993 +0.0001 +0.1500
17.960 move +0.0560 -0.2500 +0.7252 -0.0791 -22.27 0.992 -0.0000 +0.1316
17.980 move +0.0560 -0.2500 +0.7281 -0.0794 -22.21 0.992 -0.0007 +0.1533
18.000 move +0.0560 -0.2500 +0.7315 -0.0793 -22.20 0.994 -0.0017 +0.1788
18.020 move +0.0560 -0.2500 +0.7354 -0.0791 -22.37 0.995 +0.0474 +0.1622
18.040 move +0.0560 -0.2500 +0.7391 -0.0790 -22.52 0.997 +0.0459 +0.1371
18.060 move +0.0560 -0.2500 +0.7420 -0.0786 -22.13 0.997 -0.0049 +0.1031
18.080 move +0.0392 -0.1750 +0.7443 -0.0783 -21.37 0.996 +0.0510 +0.0508
18.100 move +0.0408 -0.1830 +0.7446 -0.0783 -20.55 0.995 +0.0012 -0.0582
18.120 move +0.0424 -0.1910 +0.7437 -0.0783 -19.90 0.993 +0.0024 -0.0837
18.140 move +0.0440 -0.1990 +0.7424 -0.0782 -20.05 0.993 +0.0029 -0.0708
18.160 move +0.0456 -0.2070 +0.7407 -0.0780 -20.31 0.993 +0.0030 -0.0695
18.180 move +0.0472 -0.2150 +0.7384 -0.0779 -20.51 0.993 +0.0029 -0.0824
18.200 move +0.0488 -0.2230 +0.7354 -0.0779 -20.71 0.993 +0.0027 -0.1054
18.220 move +0.0504 -0.2310 +0.7322 -0.0781 -20.89 0.994 +0.0020 -0.0628
18.240 move +0.0520 -0.2390 +0.7297 -0.0794 -21.32 0.994 +0.0004 -0.0312
18.260 move +0.0536 -0.2470 +0.7280 -0.0815 -21.92 0.995 -0.0017 +0.0237
18.280 move +0.0552 -0.2500 +0.7275 -0.0842 -22.48 0.995 -0.0038 +0.0736
18.300 move +0.0560 -0.2500 +0.7282 -0.0873 -22.91 0.995 -0.0060 +0.1216
18.320 move +0.0560 -0.2500 +0.7300 -0.0906 -23.36 0.997 +0.0618 +0.1506
18.340 move +0.0560 -0.2500 +0.7326 -0.0939 -23.82 0.998 +0.0650 +0.1532
18.360 move +0.0560 -0.2500 +0.7344 -0.0965 -24.71 0.999 +0.0655 +0.0805
18.380 move +0.0560 -0.2500 +0.7358 -0.0976 -25.28 0.999 +0.0649 +0.0382
18.400 move +0.0560 -0.2500 +0.7370 -0.0972 -25.34 0.998 +0.0644 +0.0060
18.420 move +0.0560 -0.2500 +0.7380 -0.0959 -25.44 0.996 +0.0091 -0.0232
18.440 move +0.0560 -0.2500 +0.7386 -0.0938 -25.49 0.994 +0.0079 -0.0346
18.460 move +0.0560 -0.2500 +0.7389 -0.0910 -25.38 0.992 +0.0059 -0.0521
18.480 move +0.0560 -0.2500 +0.7394 -0.0872 -25.17 0.992 +0.0030 -0.0259
18.500 move +0.0560 -0.2500 +0.7408 -0.0829 -24.88 0.993 -0.0009 +0.0140
18.520 move +0.0560 -0.2500 +0.7427 -0.0783 -24.56 0.995 -0.0053 +0.0217
18.540 move +0.0560 -0.2500 +0.7453 -0.0739 -24.23 0.997 +0.0605 +0.0566
18.560 move +0.0560 -0.2500 +0.7490 -0.0703 -24.24 0.999 +0.0582 +0.1010
18.580 move +0.0560 -0.2500 +0.7533 -0.0670 -24.21 1.000 -0.0169 +0.1304
18.600 move +0.0560 -0.2500 +0.7586 -0.0638 -24.28 1.000 -0.0211 +0.1690
18.620 move +0.0560 -0.2500 +0.7645 -0.0606 -23.97 0.998 -0.0257 +0.1958
18.640 move +0.0560 -0.2500 +0.7685 -0.0585 -23.59 0.995 +0.0564 +0.0234
18.660 move +0.0560 -0.2500 +0.7698 -0.0573 -23.50 0.990 +0.0257 -0.0621
18.680 move +0.0560 -0.2500 +0.7702 -0.0568 -23.93 0.982 +0.0267 -0.0487
18.700 move +0.0560 -0.2500 +0.7705 -0.0567 -24.56 0.974 +0.0271 -0.0156
18.720 move +0.0560 -0.2500 +0.7706 -0.0568 -25.32 0.968 +0.0269 +0.0030
18.740 move +0.0560 -0.2500 +0.7703 -0.0570 -26.10 0.965 +0.0263 +0.0023
18.760 move +0.0560 -0.2500 +0.7694 -0.0574 -26.60 0.964 +0.0253 -0.0036
18.780 move +0.0560 -0.2500 +0.7685 -0.0587 -26.94 0.966 +0.0238 +0.0466
18.800 move +0.0560 -0.2500 +0.7680 -0.0612 -27.31 0.970 +0.0215 +0.0940
18.820 move +0.0560 -0.2500 +0.7682 -0.0647 -27.49 0.975 +0.0187 +0.1403
18.840 move +0.0560 -0.2500 +0.7692 -0.0692 -27.51 0.980 +0.0153 +0.1759
18.860 move +0.0560 -0.2500 +0.7707 -0.0745 -27.49 0.986 +0.0115 +0.2057
18.880 move +0.0560 -0.2500 +0.7728 -0.0807 -27.56 0.992 +0.0072 +0.2359
18.900 move +0.0560 -0.2500 +0.7741 -0.0865 -28.45 0.996 +0.0579 +0.0992
18.920 move +0.0560 -0.2500 +0.7742 -0.0905 -29.58 0.997 -0.0022 +0.0294
18.940 move +0.0560 -0.2500 +0.7737 -0.0933 -29.98 0.998 +0.0009 +0.0042
18.960 move +0.0560 -0.2500 +0.7728 -0.0954 -30.01 0.997 +0.0035 -0.0154
18.980 move +0.0560 -0.2500 +0.7715 -0.0967 -29.90 0.995 +0.0055 -0.0319
19.000 move +0.0560 -0.2500 +0.7701 -0.0972 -29.77 0.993 +0.0067 -0.0375
19.020 move +0.0560 -0.2500 +0.7692 -0.0967 -29.65 0.991 +0.0068 -0.0285
19.040 move +0.0560 -0.2500 +0.7690 -0.0954 -29.48 0.990 +0.0057 +0.0052
19.060 move +0.0560 -0.2500 +0.7694 -0.0934 -29.24 0.990 +0.0037 -0.0071
19.080 move +0.0560 -0.2500 +0.7704 -0.0907 -28.87 0.991 +0.0012 +0.0204
19.100 move +0.0560 -0.2500 +0.7726 -0.0881 -28.62 0.993 +0.0614 +0.0638
19.120 move +0.0560 -0.2500 +0.7758 -0.0859 -28.43 0.996 +0.0587 +0.0886
19.140 move +0.0560 -0.2500 +0.7792 -0.0840 -27.87 0.998 +0.0556 +0.0909
19.160 move +0.0560 -0.2500 +0.7829 -0.0822 -27.36 0.999 -0.0087 +0.1252
19.180 move +0.0560 -0.2500 +0.7866 -0.0812 -27.04 1.000 +0.0656 +0.0852
19.200 move +0.0560 -0.2500 +0.7880 -0.0802 -26.57 1.000 +0.0089 -0.0333
19.220 move +0.0560 -0.2500 +0.7880 -0.0797 -26.61 0.997 +0.0103 -0.0591
19.240 move +0.0560 -0.2500 +0.7874 -0.0795 -26.92 0.995 +0.0108 -0.0434
19.260 move +0.0560 -0.2500 +0.7863 -0.0794 -27.01 0.992 +0.0110 -0.0447
19.280 move +0.0560 -0.2500 +0.7846 -0.0796 -27.23 0.989 +0.0107 -0.0520
19.300 move +0.0560 -0.2500 +0.7824 -0.0805 -27.56 0.988 +0.0095 -0.0236
19.320 move +0.0560 -0.2500 +0.7806 -0.0828 -27.74 0.988 +0.0072 +0.0476
19.340 move +0.0560 -0.2500 +0.7794 -0.0863 -27.93 0.988 +0.0039 +0.0788
19.360 move +0.0560 -0.2500 +0.7788 -0.0907 -28.46 0.990 +0.0004 +0.1177
19.380 move +0.0560 -0.2500 +0.7792 -0.0958 -28.81 0.992 -0.0034 +0.1688
19.400 move +0.0560 -0.2500 +0.7806 -0.1014 -29.03 0.994 -0.0073 +0.2057
19.420 move +0.0560 -0.2500 +0.7827 -0.1070 -29.17 0.996 +0.0628 +0.2007
19.440 move +0.0560 -0.2500 +0.7856 -0.1125 -29.39 0.998 +0.0645 +0.2177
19.460 move +0.0560 -0.2500 +0.7875 -0.1169 -30.18 0.999 +0.0637 +0.1108
19.480 move +0.0560 -0.2500 +0.7891 -0.1190 -30.71 0.998 +0.0166 +0.0544
19.500 move +0.0560 -0.2500 +0.7903 -0.1196 -30.79 0.995 +0.0171 +0.0080
19.520 move +0.0560 -0.2500 +0.7914 -0.1192 -31.11 0.991 +0.0170 -0.0008
19.540 move +0.0560 -0.2500 +0.7922 -0.1180 -31.32 0.987 +0.0163 -0.0167
19.560 move +0.0560 -0.2500 +0.7928 -0.1159 -31.38 0.985 +0.0149 -0.0296
19.580 move +0.0560 -0.2500 +0.7937 -0.1129 -31.33 0.984 +0.0124 -0.0181
19.600 move +0.0560 -0.2500 +0.7951 -0.1092 -31.18 0.986 +0.0089 +0.0078
19.620 move +0.0560 -0.2500 +0.7971 -0.1048 -30.93 0.988 +0.0046 -0.0035
19.640 move +0.0560 -0.2500 +0.7997 -0.0998 -30.51 0.992 -0.0001 +0.0197
19.660 move +0.0560 -0.2500 +0.8033 -0.0948 -30.22 0.995 +0.0591 +0.0551
19.680 move +0.0560 -0.2500 +0.8077 -0.0906 -30.19 0.998 +0.0563 +0.0812
19.700 move +0.0560 -0.2500 +0.8121 -0.0866 -30.04 1.000 +0.0556 +0.0694
19.720 move +0.0560 -0.2500 +0.8165 -0.0825 -29.37 1.000 -0.0191 +0.1064
19.740 move +0.0560 -0.2500 +0.8196 -0.0791 -28.89 0.998 +0.0667 -0.0353
19.760 move +0.0560 -0.2500 +0.8201 -0.0765 -28.87 0.994 +0.0227 -0.0985
19.780 move +0.0560 -0.2500 +0.8196 -0.0745 -28.92 0.988 +0.0250 -0.0995
19.800 move +0.0560 -0.2500 +0.8185 -0.0727 -29.25 0.982 +0.0263 -0.0884
19.820 move +0.0560 -0.2500 +0.8170 -0.0711 -29.62 0.976 +0.0271 -0.0903
19.840 move +0.0560 -0.2500 +0.8153 -0.0702 -29.95 0.971 +0.0273 -0.0415
19.860 move +0.0560 -0.2500 +0.8141 -0.0705 -30.05 0.968 +0.0267 +0.0154
19.880 move +0.0560 -0.2500 +0.8135 -0.0717 -30.23 0.966 +0.0253 +0.0568
19.900 move +0.0560 -0.2500 +0.8133 -0.0738 -31.13 0.966 +0.0239 +0.0900
19.920 move +0.0560 -0.2500 +0.8137 -0.0769 -32.27 0.967 +0.0223 +0.1320
19.940 move +0.0560 -0.2500 +0.8147 -0.0810 -33.27 0.971 +0.0204 +0.1663
19.960 move +0.0560 -0.2500 +0.8163 -0.0860 -34.29 0.976 +0.0182 +0.1972
19.980 move +0.0560 -0.2500 +0.8184 -0.0919 -35.57 0.983 +0.0161 +0.2242
20.000 move +0.0560 -0.2500 +0.8211 -0.0984 -37.00 0.989 +0.0685 +0.2644
20.020 move +0.0560 -0.2500 +0.8240 -0.1047 -38.24 0.994 +0.0661 +0.2204
20.040 move +0.0560 -0.2500 +0.8266 -0.1093 -38.86 0.997 -0.0110 +0.1727
20.060 move +0.0560 -0.2500 +0.8290 -0.1131 -39.00 0.999 -0.0088 +0.1657
20.080 move +0.0560 -0.2500 +0.8313 -0.1164 -39.01 0.999 -0.0069 +0.1565
20.100 move +0.0560 -0.2500 +0.8333 -0.1195 -38.97 0.998 -0.0051 +0.1542
20.120 move +0.0560 -0.2500 +0.8352 -0.1224 -38.90 0.996 -0.0035 +0.1474
20.140 move +0.0560 -0.2500 +0.8372 -0.1250 -38.85 0.994 -0.0026 +0.1660
20.160 move +0.0560 -0.2500 +0.8395 -0.1267 -38.78 0.993 -0.0026 +0.1417
20.180 move +0.0560 -0.2500 +0.8422 -0.1279 -38.74 0.993 -0.0032 +0.1586
20.200 move +0.0560 -0.2500 +0.8455 -0.1290 -38.75 0.995 -0.0041 +0.1782
20.220 move +0.0560 -0.2500 +0.8491 -0.1300 -38.92 0.996 +0.0455 +0.1580
20.240 move +0.0560 -0.2500 +0.8524 -0.1310 -39.14 0.997 +0.0446 +0.1269
20.260 move +0.0560 -0.2500 +0.8548 -0.1312 -38.58 0.997 -0.0069 +0.0710
20.280 move +0.0560 -0.2500 +0.8567 -0.1316 -38.06 0.996 +0.0504 +0.0566
20.300 move +0.0560 -0.2500 +0.8562 -0.1316 -37.52 0.995 +0.0032 -0.1304
20.320 move +0.0560 -0.2500 +0.8540 -0.1311 -37.44 0.993 +0.0035 -0.1514
20.340 move +0.0560 -0.2500 +0.8514 -0.1307 -37.95 0.992 +0.0033 -0.1209
20.360 move +0.0560 -0.2500 +0.8488 -0.1300 -38.42 0.992 +0.0028 -0.1008
20.380 move +0.0560 -0.2500 +0.8460 -0.1290 -38.71 0.992 +0.0024 -0.1015
20.400 move +0.0560 -0.2500 +0.8428 -0.1277 -38.86 0.992 +0.0021 -0.1252
20.420 move +0.0560 -0.2500 +0.8393 -0.1264 -38.89 0.993 +0.0016 -0.0860
20.440 move +0.0560 -0.2500 +0.8363 -0.1266 -39.16 0.993 +0.0001 -0.0343
20.460 move +0.0560 -0.2500 +0.8339 -0.1280 -39.66 0.993 -0.0020 +0.0196
20.480 move +0.0560 -0.2500 +0.8324 -0.1303 -40.12 0.993 -0.0042 +0.0651
20.500 move +0.0560 -0.2500 +0.8317 -0.1334 -40.44 0.993 -0.0066 +0.1047
20.520 move +0.0560 -0.2500 +0.8319 -0.1369 -40.76 0.994 +0.0669 +0.1257
20.540 move +0.0560 -0.2500 +0.8329 -0.1407 -41.05 0.996 -0.0104 +0.1577
20.560 move +0.0560 -0.2500 +0.8343 -0.1442 -41.71 0.997 +0.0722 +0.1148
20.580 move +0.0560 -0.2500 +0.8355 -0.1465 -42.41 0.997 +0.0716 +0.0748
20.600 move +0.0560 -0.2500 +0.8370 -0.1472 -42.54 0.996 +0.0707 +0.0384
20.620 move +0.0560 -0.2500 +0.8388 -0.1467 -42.61 0.994 +0.0703 +0.0201
20.640 move +0.0560 -0.2500 +0.8411 -0.1453 -42.76 0.992 +0.0102 +0.0140
20.660 move +0.0560 -0.2500 +0.8433 -0.1430 -42.90 0.991 +0.0078 -0.0046
20.680 move +0.0560 -0.2500 +0.8463 -0.1397 -42.72 0.991 +0.0045 +0.0091
20.700 move +0.0560 -0.2500 +0.8499 -0.1361 -42.37 0.992 +0.0001 +0.0383
20.720 move +0.0560 -0.2500 +0.8540 -0.1323 -41.98 0.994 -0.0047 +0.0478
20.740 move +0.0560 -0.2500 +0.8589 -0.1288 -41.65 0.997 +0.0618 +0.0872
20.760 move +0.0560 -0.2500 +0.8645 -0.1267 -41.68 0.999 +0.0584 +0.1364
20.780 move +0.0560 -0.2500 +0.8708 -0.1252 -41.46 1.000 -0.0174 +0.1947
20.800 move +0.0560 -0.2500 +0.8781 -0.1239 -41.42 0.999 -0.0218 +0.2068
20.820 move +0.0560 -0.2500 +0.8857 -0.1228 -41.17 0.998 -0.0268 +0.2396
20.840 move +0.0560 -0.2500 +0.8915 -0.1222 -40.93 0.994 +0.0595 +0.0603
20.860 move +0.0560 -0.2500 +0.8941 -0.1216 -40.93 0.987 +0.0273 -0.0250
20.880 move +0.0560 -0.2500 +0.8957 -0.1216 -41.78 0.978 +0.0284 +0.0013
20.900 move +0.0560 -0.2500 +0.8971 -0.1218 -42.71 0.971 +0.0291 +0.0254
20.920 move +0.0560 -0.2500 +0.8982 -0.1220 -43.75 0.965 +0.0292 +0.0390
20.940 move +0.0560 -0.2500 +0.8987 -0.1223 -44.79 0.960 +0.0288 +0.0362
20.960 move +0.0560 -0.2500 +0.8987 -0.1225 -45.51 0.959 +0.0282 +0.0316
20.980 move +0.0560 -0.2500 +0.8985 -0.1235 -45.98 0.960 +0.0272 +0.0833
21.000 move +0.0560 -0.2500 +0.8984 -0.1258 -46.32 0.964 +0.0255 +0.1290
21.020 move +0.0560 -0.2500 +0.8986 -0.1292 -46.33 0.969 +0.0232 +0.1628
21.040 move +0.0560 -0.2500 +0.8992 -0.1338 -46.25 0.974 +0.0204 +0.2200
21.060 move +0.0560 -0.2500 +0.9003 -0.1393 -46.21 0.980 +0.0172 +0.2454
21.080 move +0.0560 -0.2500 +0.9015 -0.1457 -46.25 0.986 +0.0439 +0.2504
21.100 move +0.0560 -0.2500 +0.9013 -0.1506 -47.59 0.988 -0.0134 +0.0667
21.120 move +0.0560 -0.2500 +0.9010 -0.1537 -48.64 0.988 -0.0108 +0.0343
21.140 move +0.0560 -0.2500 +0.9006 -0.1559 -49.18 0.989 -0.0085 +0.0234
21.160 move +0.0560 -0.2500 +0.9000 -0.1576 -49.55 0.989 -0.0064 +0.0157
21.180 move +0.0560 -0.2500 +0.8991 -0.1587 -49.80 0.989 -0.0046 -0.0022
21.200 move +0.0560 -0.2500 +0.8981 -0.1589 -49.92 0.989 -0.0035 -0.0263
21.220 move +0.0560 -0.2500 +0.8970 -0.1581 -49.97 0.990 -0.0031 -0.0522
21.240 move +0.0560 -0.2500 +0.8961 -0.1564 -49.87 0.991 -0.0037 -0.0497
21.260 move +0.0560 -0.2500 +0.8958 -0.1540 -49.64 0.993 -0.0054 -0.0581
21.280 move +0.0560 -0.2500 +0.8961 -0.1513 -49.36 0.995 -0.0075 -0.0352
21.300 move +0.0560 -0.2500 +0.8971 -0.1490 -49.07 0.997 +0.0517 -0.0047
21.320 move +0.0560 -0.2500 +0.8988 -0.1475 -49.16 0.999 +0.0514 +0.0109
21.340 move +0.0560 -0.2500 +0.9007 -0.1462 -49.26 1.000 +0.0507 +0.0177
21.360 move +0.0560 -0.2500 +0.9027 -0.1447 -48.79 1.000 -0.0155 +0.0202
21.380 move +0.0560 -0.2500 +0.9048 -0.1439 -48.19 1.000 +0.0622 +0.0540
21.400 move +0.0560 -0.2500 +0.9050 -0.1427 -47.27 0.999 +0.0138 -0.0966
21.420 move +0.0560 -0.2500 +0.9035 -0.1415 -46.89 0.996 +0.0151 -0.1335
21.440 move +0.0560 -0.2500 +0.9013 -0.1404 -47.17 0.993 +0.0153 -0.1171
21.460 move +0.0560 -0.2500 +0.8987 -0.1393 -47.36 0.990 +0.0149 -0.1159
21.480 move +0.0560 -0.2500 +0.8954 -0.1384 -47.59 0.987 +0.0140 -0.1086
21.500 move +0.0560 -0.2500 +0.8918 -0.1386 -47.98 0.986 +0.0121 -0.0478
21.520 move +0.0560 -0.2500 +0.8884 -0.1405 -48.21 0.985 +0.0091 +0.0322
21.540 move +0.0560 -0.2500 +0.8853 -0.1437 -48.44 0.985 +0.0051 +0.0666
21.560 move +0.0560 -0.2500 +0.8824 -0.1480 -48.96 0.987 +0.0009 +0.1077
21.580 move +0.0560 -0.2500 +0.8800 -0.1532 -49.27 0.988 -0.0038 +0.1434
21.600 move +0.0560 -0.2500 +0.8782 -0.1591 -49.54 0.990 +0.0724 +0.1753
21.620 move +0.0560 -0.2500 +0.8771 -0.1651 -49.74 0.993 -0.0125 +0.1707
21.640 move +0.0560 -0.2500 +0.8767 -0.1715 -49.98 0.994 -0.0163 +0.2110
21.660 move +0.0560 -0.2500 +0.8768 -0.1775 -50.69 0.994 +0.0673 +0.1600
21.680 move +0.0560 -0.2500 +0.8768 -0.1815 -51.65 0.993 +0.0642 +0.0941
21.700 move +0.0560 -0.2500 +0.8774 -0.1834 -51.96 0.991 +0.0230 +0.0405
21.720 move +0.0560 -0.2500 +0.8783 -0.1840 -52.11 0.987 +0.0231 +0.0055
21.740 move +0.0560 -0.2500 +0.8794 -0.1836 -52.07 0.983 +0.0226 +0.0004
21.760 move +0.0560 -0.2500 +0.8808 -0.1826 -51.93 0.979 +0.0212 -0.0005
21.780 move +0.0560 -0.2500 +0.8826 -0.1809 -51.74 0.977 +0.0193 +0.0057
21.800 move +0.0560 -0.2500 +0.8849 -0.1790 -51.49 0.978 +0.0167 +0.0272
21.820 move +0.0560 -0.2500 +0.8877 -0.1767 -51.15 0.979 +0.0135 +0.0144
21.840 move +0.0560 -0.2500 +0.8913 -0.1740 -50.65 0.982 +0.0097 +0.0351
21.860 move +0.0560 -0.2500 +0.8958 -0.1714 -50.27 0.987 +0.0673 +0.0553
21.880 move +0.0560 -0.2500 +0.9008 -0.1690 -49.52 0.992 +0.0626 +0.0418
21.900 move +0.0560 -0.2500 +0.9060 -0.1667 -48.34 0.996 +0.0615 +0.0739
21.920 move +0.0560 -0.2500 +0.9109 -0.1649 -47.41 0.998 -0.0050 +0.1056
21.940 move +0.0560 -0.2500 +0.9149 -0.1637 -46.92 1.000 +0.0720 +0.0201
21.960 move +0.0560 -0.2500 +0.9170 -0.1621 -47.03 1.000 +0.0740 -0.0326
21.980 move +0.0560 -0.2500 +0.9176 -0.1609 -47.34 0.997 +0.0110 -0.0689
22.000 move +0.0560 -0.2500 +0.9175 -0.1597 -47.54 0.994 +0.0122 -0.0572
22.020 move +0.0560 -0.2500 +0.9167 -0.1585 -47.91 0.990 +0.0127 -0.0565
22.040 move +0.0560 -0.2500 +0.9153 -0.1579 -48.28 0.987 +0.0125 -0.0219
22.060 move +0.0560 -0.2500 +0.9137 -0.1587 -48.48 0.985 +0.0112 +0.0347
22.080 move +0.0560 -0.2500 +0.9121 -0.1608 -48.72 0.985 +0.0089 +0.0794
22.100 move +0.0560 -0.2500 +0.9107 -0.1642 -49.41 0.985 +0.0062 +0.1223
22.120 move +0.0560 -0.2500 +0.9096 -0.1687 -50.02 0.987 +0.0029 +0.1687
22.140 move +0.0560 -0.2500 +0.9090 -0.1743 -50.36 0.990 -0.0008 +0.2094
22.160 move +0.0560 -0.2500 +0.9092 -0.1806 -50.56 0.993 +0.0647 +0.2423
22.180 move +0.0560 -0.2500 +0.9099 -0.1872 -50.65 0.997 +0.0647 +0.2388
22.200 move +0.0560 -0.2500 +0.9108 -0.1934 -51.22 0.999 +0.0644 +0.1846
22.220 move +0.0560 -0.2500 +0.9112 -0.1974 -51.86 0.999 +0.0630 +0.0916
22.240 move +0.0560 -0.2500 +0.9121 -0.1992 -51.95 0.998 +0.0132 +0.0307
22.260 move +0.0560 -0.2500 +0.9130 -0.1997 -52.00 0.995 +0.0134 -0.0055
22.280 move +0.0560 -0.2500 +0.9140 -0.1994 -52.04 0.992 +0.0130 -0.0102
22.300 move +0.0560 -0.2500 +0.9152 -0.1980 -52.05 0.989 +0.0119 -0.0286
22.320 move +0.0560 -0.2500 +0.9164 -0.1957 -51.90 0.987 +0.0099 -0.0413
22.340 move +0.0560 -0.2500 +0.9184 -0.1927 -51.69 0.988 +0.0068 -0.0176
22.360 move +0.0560 -0.2500 +0.9210 -0.1890 -51.45 0.990 +0.0028 -0.0373
22.380 move +0.0560 -0.2500 +0.9245 -0.1848 -51.06 0.993 -0.0019 -0.0129
22.400 move +0.0560 -0.2500 +0.9289 -0.1812 -50.80 0.996 +0.0603 +0.0376
22.420 move +0.0560 -0.2500 +0.9338 -0.1789 -50.81 0.998 +0.0581 +0.0644
22.440 move +0.0560 -0.2500 +0.9386 -0.1767 -50.79 1.000 -0.0148 +0.0640
22.460 move +0.0560 -0.2500 +0.9439 -0.1750 -50.47 1.000 -0.0198 +0.1101
22.480 move +0.0560 -0.2500 +0.9489 -0.1737 -49.97 0.998 +0.0661 +0.0351
22.500 move +0.0560 -0.2500 +0.9509 -0.1717 -49.12 0.995 +0.0231 -0.0809
22.520 move +0.0560 -0.2500 +0.9512 -0.1700 -49.06 0.990 +0.0253 -0.0856
22.540 move +0.0560 -0.2500 +0.9509 -0.1684 -48.92 0.984 +0.0271 -0.0741
22.560 move +0.0560 -0.2500 +0.9501 -0.1669 -48.99 0.978 +0.0280 -0.0707
22.580 move +0.0560 -0.2500 +0.9489 -0.1657 -49.13 0.972 +0.0284 -0.0394
22.600 move +0.0560 -0.2500 +0.9476 -0.1656 -49.36 0.969 +0.0278 +0.0104
22.620 move +0.0560 -0.2500 +0.9467 -0.1668 -49.45 0.966 +0.0264 +0.0818
22.640 move +0.0560 -0.2500 +0.9460 -0.1692 -49.87 0.966 +0.0245 +0.1066
22.660 move +0.0560 -0.2500 +0.9453 -0.1725 -51.10 0.968 +0.0229 +0.1360
22.680 move +0.0560 -0.2500 +0.9449 -0.1771 -52.36 0.971 +0.0210 +0.1803
22.700 move +0.0560 -0.2500 +0.9449 -0.1827 -53.48 0.976 +0.0187 +0.2143
22.720 move +0.0560 -0.2500 +0.9449 -0.1892 -54.73 0.982 +0.0164 +0.2421
22.740 move +0.0560 -0.2500 +0.9453 -0.1966 -56.01 0.988 +0.0141 +0.2786
22.760 move +0.0560 -0.2500 +0.9461 -0.2042 -57.54 0.993 +0.0624 +0.2448
22.780 move +0.0560 -0.2500 +0.9466 -0.2101 -58.83 0.996 +0.0599 +0.1847
22.800 move +0.0560 -0.2500 +0.9471 -0.2144 -59.30 0.997 -0.0091 +0.1374
22.820 move +0.0560 -0.2500 +0.9477 -0.2178 -59.36 0.998 -0.0071 +0.1260
22.840 move +0.0560 -0.2500 +0.9483 -0.2207 -59.28 0.997 -0.0055 +0.1103
22.860 move +0.0560 -0.2500 +0.9489 -0.2229 -59.23 0.995 -0.0043 +0.0957
22.880 move +0.0560 -0.2500 +0.9496 -0.2245 -59.20 0.994 -0.0038 +0.0871
22.900 move +0.0560 -0.2500 +0.9509 -0.2257 -59.13 0.994 -0.0041 +0.1074
22.920 move +0.0560 -0.2500 +0.9527 -0.2264 -59.03 0.994 -0.0053 +0.0869
22.940 move +0.0560 -0.2500 +0.9550 -0.2268 -58.91 0.996 -0.0068 +0.1049
22.960 move +0.0560 -0.2500 +0.9577 -0.2275 -58.86 0.997 +0.0496 +0.1237
22.980 move +0.0560 -0.2500 +0.9606 -0.2287 -59.14 0.998 +0.0472 +0.1109
23.000 move +0.0560 -0.2500 +0.9635 -0.2293 -59.10 0.999 +0.0478 +0.0709
23.020 move +0.0560 -0.2500 +0.9660 -0.2295 -58.37 0.999 -0.0133 +0.0819
23.040 move +0.0560 -0.2500 +0.9675 -0.2297 -57.98 0.998 +0.0565 -0.0300
23.060 move +0.0560 -0.2500 +0.9668 -0.2287 -57.68 0.996 +0.0111 -0.1349
23.080 move +0.0560 -0.2500 +0.9650 -0.2274 -58.08 0.993 +0.0114 -0.1330
23.100 move +0.0560 -0.2500 +0.9630 -0.2260 -58.48 0.991 +0.0115 -0.1072
23.120 move +0.0560 -0.2500 +0.9609 -0.2245 -58.74 0.989 +0.0111 -0.0940
23.140 move +0.0560 -0.2500 +0.9583 -0.2229 -58.90 0.988 +0.0104 -0.1033
23.160 move +0.0560 -0.2500 +0.9551 -0.2212 -58.86 0.987 +0.0094 -0.0915
23.180 move +0.0560 -0.2500 +0.9516 -0.2209 -59.06 0.988 +0.0073 -0.0213
23.200 move +0.0560 -0.2500 +0.9483 -0.2223 -59.41 0.989 +0.0042 +0.0430
23.220 move +0.0560 -0.2500 +0.9453 -0.2249 -59.82 0.990 +0.0009 +0.0851
23.240 move +0.0560 -0.2500 +0.9427 -0.2286 -60.09 0.991 -0.0028 +0.1242
23.260 move +0.0560 -0.2500 +0.9407 -0.2330 -60.36 0.993 -0.0063 +0.1512
23.280 move +0.0560 -0.2500 +0.9393 -0.2380 -60.60 0.995 -0.0094 +0.1648
23.300 move +0.0560 -0.2500 +0.9385 -0.2432 -61.04 0.997 +0.0713 +0.1645
23.320 move +0.0560 -0.2500 +0.9379 -0.2470 -61.86 0.998 +0.0714 +0.0851
23.340 move +0.0560 -0.2500 +0.9379 -0.2489 -61.99 0.996 +0.0706 +0.0323
23.360 move +0.0560 -0.2500 +0.9388 -0.2493 -61.83 0.994 +0.0702 -0.0010
23.380 move +0.0560 -0.2500 +0.9403 -0.2487 -61.85 0.991 +0.0143 -0.0130
23.400 move +0.0560 -0.2500 +0.9424 -0.2473 -61.82 0.989 +0.0126 -0.0198
23.420 move +0.0560 -0.2500 +0.9451 -0.2451 -61.67 0.988 +0.0098 -0.0188
23.440 move +0.0560 -0.2500 +0.9486 -0.2426 -61.46 0.988 +0.0063 +0.0018
23.460 move +0.0560 -0.2500 +0.9527 -0.2396 -61.06 0.990 +0.0019 -0.0109
23.480 move +0.0560 -0.2500 +0.9577 -0.2367 -60.52 0.993 +0.0666 +0.0334
23.500 move +0.0560 -0.2500 +0.9636 -0.2355 -60.22 0.996 +0.0636 +0.1017
23.520 move +0.0560 -0.2500 +0.9695 -0.2351 -59.75 0.998 -0.0110 +0.1292
23.540 move +0.0560 -0.2500 +0.9760 -0.2353 -58.90 0.999 -0.0143 +0.1823
23.560 move +0.0560 -0.2500 +0.9830 -0.2361 -58.43 1.000 -0.0191 +0.2057
23.580 move +0.0560 -0.2500 +0.9896 -0.2376 -58.26 0.999 +0.0681 +0.1729
23.600 move +0.0560 -0.2500 +0.9933 -0.2380 -57.94 0.995 +0.0214 +0.0021
23.620 move +0.0560 -0.2500 +0.9951 -0.2380 -58.28 0.990 +0.0234 -0.0009
23.640 move +0.0560 -0.2500 +0.9962 -0.2382 -59.00 0.984 +0.0244 +0.0102
23.660 move +0.0560 -0.2500 +0.9967 -0.2383 -59.73 0.979 +0.0247 +0.0126
23.680 move +0.0560 -0.2500 +0.9965 -0.2382 -60.45 0.975 +0.0244 +0.0017
23.700 move +0.0560 -0.2500 +0.9958 -0.2385 -61.00 0.972 +0.0236 +0.0376
23.720 move +0.0560 -0.2500 +0.9948 -0.2401 -61.21 0.972 +0.0222 +0.1050
23.740 move +0.0560 -0.2500 +0.9937 -0.2428 -61.30 0.974 +0.0198 +0.1325
23.760 move +0.0560 -0.2500 +0.9924 -0.2465 -61.79 0.977 +0.0172 +0.1629
23.780 move +0.0560 -0.2500 +0.9911 -0.2514 -62.20 0.981 +0.0141 +0.2096
23.800 move +0.0560 -0.2500 +0.9900 -0.2576 -62.52 0.986 +0.0106 +0.2491
23.820 move +0.0560 -0.2500 +0.9890 -0.2648 -62.89 0.992 +0.0068 +0.2897
23.840 move +0.0560 -0.2500 +0.9883 -0.2723 -63.37 0.996 +0.0548 +0.2217
23.860 move +0.0560 -0.2500 +0.9874 -0.2776 -64.47 0.997 +0.0538 +0.1217
23.880 move +0.0560 -0.2500 +0.9869 -0.2810 -65.12 0.996 -0.0003 +0.0582
23.900 move +0.0560 -0.2500 +0.9869 -0.2833 -65.26 0.994 +0.0013 +0.0552
23.920 move +0.0560 -0.2500 +0.9873 -0.2848 -65.18 0.992 +0.0022 +0.0446
23.940 move +0.0560 -0.2500 +0.9880 -0.2854 -65.10 0.990 +0.0023 +0.0238
23.960 move +0.0560 -0.2500 +0.9890 -0.2850 -65.03 0.989 +0.0016 +0.0045
23.980 move +0.0560 -0.2500 +0.9903 -0.2837 -64.97 0.989 +0.0002 -0.0191
24.000 move +0.0560 -0.2500 +0.9918 -0.2815 -64.86 0.991 -0.0023 -0.0345
24.020 move +0.0560 -0.2500 +0.9940 -0.2784 -64.69 0.994 -0.0056 -0.0537
24.040 move +0.0560 -0.2500 +0.9969 -0.2752 -64.41 0.997 -0.0094 -0.0272
24.060 move +0.0560 -0.2500 +1.0002 -0.2727 -64.25 0.999 +0.0518 +0.0006
24.080 move +0.0560 -0.2500 +1.0038 -0.2711 -64.42 1.000 +0.0513 +0.0162
24.100 move +0.0560 -0.2500 +1.0076 -0.2694 -64.23 1.000 -0.0197 +0.0024
24.120 move +0.0560 -0.2500 +1.0117 -0.2679 -63.45 0.999 -0.0234 +0.0551
24.140 move +0.0560 -0.2500 +1.0145 -0.2666 -62.79 0.997 +0.0645 -0.0746
24.160 move +0.0560 -0.2500 +1.0148 -0.2646 -62.50 0.993 +0.0238 -0.1310
24.180 move +0.0560 -0.2500 +1.0143 -0.2625 -62.40 0.987 +0.0257 -0.1226
24.200 move +0.0560 -0.2500 +1.0133 -0.2604 -62.63 0.982 +0.0268 -0.1056
24.220 move +0.0560 -0.2500 +1.0118 -0.2583 -63.01 0.977 +0.0269 -0.0990
24.240 move +0.0560 -0.2500 +1.0100 -0.2570 -63.37 0.973 +0.0263 -0.0420
24.260 move +0.0560 -0.2500 +1.0080 -0.2571 -63.51 0.971 +0.0249 +0.0220
24.280 move +0.0560 -0.2500 +1.0059 -0.2585 -63.83 0.970 +0.0228 +0.0677
24.300 move +0.0560 -0.2500 +1.0036 -0.2610 -65.13 0.971 +0.0208 +0.1016
24.320 move +0.0560 -0.2500 +1.0012 -0.2647 -66.59 0.973 +0.0185 +0.1478
24.340 move +0.0560 -0.2500 +0.9987 -0.2696 -67.94 0.977 +0.0158 +0.1827
24.360 move +0.0560 -0.2500 +0.9961 -0.2755 -69.25 0.983 +0.0129 +0.2081
24.380 move +0.0560 -0.2500 +0.9933 -0.2823 -70.72 0.989 +0.0100 +0.2357
24.400 move +0.0560 -0.2500 +0.9909 -0.2899 -72.15 0.995 +0.0660 +0.2861
24.420 move +0.0560 -0.2500 +0.9891 -0.2963 -73.45 0.998 +0.0650 +0.1963
24.440 move +0.0560 -0.2500 +0.9879 -0.3009 -73.99 0.999 -0.0020 +0.1278
24.460 move +0.0560 -0.2500 +0.9872 -0.3041 -74.05 0.999 +0.0002 +0.0950
24.480 move +0.0560 -0.2500 +0.9869 -0.3063 -73.95 0.997 +0.0017 +0.0670
24.500 move +0.0560 -0.2500 +0.9871 -0.3075 -73.84 0.995 +0.0023 +0.0450
24.520 move +0.0560 -0.2500 +0.9879 -0.3079 -73.72 0.993 +0.0021 +0.0346
24.540 move +0.0560 -0.2500 +0.9896 -0.3078 -73.57 0.992 +0.0007 +0.0484
24.560 move +0.0560 -0.2500 +0.9920 -0.3073 -73.44 0.993 -0.0016 +0.0316
24.580 move +0.0560 -0.2500 +0.9950 -0.3066 -73.28 0.995 -0.0044 +0.0409
24.600 move +0.0560 -0.2500 +0.9984 -0.3063 -73.10 0.996 +0.0571 +0.0679
24.620 move +0.0560 -0.2500 +1.0021 -0.3070 -73.25 0.998 +0.0552 +0.0869
24.640 move +0.0560 -0.2500 +1.0057 -0.3080 -73.41 1.000 +0.0530 +0.0897
24.660 move +0.0560 -0.2500 +1.0094 -0.3089 -73.11 1.000 -0.0151 +0.0947
24.680 move +0.0560 -0.2500 +1.0131 -0.3101 -72.50 1.000 +0.0591 +0.1066
24.700 move +0.0560 -0.2500 +1.0149 -0.3098 -71.47 0.998 +0.0146 -0.0681
24.720 move +0.0560 -0.2500 +1.0149 -0.3085 -70.97 0.995 +0.0164 -0.1094
24.740 move +0.0560 -0.2500 +1.0142 -0.3071 -71.28 0.991 +0.0172 -0.0864
24.760 move +0.0560 -0.2500 +1.0132 -0.3057 -71.62 0.987 +0.0172 -0.0763
24.780 move +0.0560 -0.2500 +1.0117 -0.3040 -71.83 0.985 +0.0168 -0.0783
24.800 move +0.0560 -0.2500 +1.0095 -0.3022 -72.10 0.982 +0.0160 -0.0639
24.820 move +0.0560 -0.2500 +1.0067 -0.3019 -72.35 0.982 +0.0140 +0.0208
24.840 move +0.0560 -0.2500 +1.0034 -0.3031 -72.50 0.983 +0.0109 +0.0615
24.860 move +0.0560 -0.2500 +0.9999 -0.3056 -72.86 0.985 +0.0073 +0.1199
24.880 move +0.0560 -0.2500 +0.9963 -0.3092 -73.04 0.987 +0.0032 +0.1528
24.900 move +0.0560 -0.2500 +0.9930 -0.3139 -73.20 0.991 -0.0010 +0.1797
24.920 move +0.0560 -0.2500 +0.9900 -0.3193 -73.39 0.994 -0.0049 +0.2036
24.940 move +0.0560 -0.2500 +0.9877 -0.3255 -73.68 0.997 +0.0690 +0.2289
24.960 move +0.0560 -0.2500 +0.9858 -0.3311 -74.31 0.999 +0.0696 +0.1568
24.980 move +0.0560 -0.2500 +0.9846 -0.3347 -75.03 0.999 +0.0682 +0.0812
25.000 move +0.0560 -0.2500 +0.9846 -0.3366 -75.13 0.996 +0.0143 +0.0351
25.020 move +0.0560 -0.2500 +0.9855 -0.3375 -75.04 0.993 +0.0142 +0.0202
25.040 move +0.0560 -0.2500 +0.9867 -0.3374 -75.18 0.990 +0.0136 -0.0063
25.060 move +0.0560 -0.2500 +0.9885 -0.3364 -75.17 0.988 +0.0122 -0.0234
25.080 move +0.0560 -0.2500 +0.9910 -0.3347 -75.07 0.987 +0.0098 -0.0265
25.100 move +0.0560 -0.2500 +0.9942 -0.3328 -74.87 0.988 +0.0066 -0.0115
25.120 move +0.0560 -0.2500 +0.9982 -0.3306 -74.53 0.990 +0.0026 -0.0236
25.140 move +0.0560 -0.2500 +1.0032 -0.3284 -73.99 0.992 -0.0020 +0.0015
25.160 move +0.0560 -0.2500 +1.0085 -0.3275 -73.69 0.995 +0.0640 +0.0488
25.180 move +0.0560 -0.2500 +1.0137 -0.3275 -73.42 0.998 +0.0617 +0.0692
25.200 move +0.0560 -0.2500 +1.0191 -0.3279 -72.95 0.999 -0.0135 +0.1138
25.220 move +0.0560 -0.2500 +1.0248 -0.3293 -72.60 0.999 -0.0185 +0.1574
25.240 move +0.0560 -0.2500 +1.0294 -0.3302 -71.99 0.998 +0.0683 +0.0128
25.260 move +0.0560 -0.2500 +1.0318 -0.3299 -71.43 0.995 +0.0214 -0.0359
25.280 move +0.0560 -0.2500 +1.0331 -0.3293 -71.30 0.989 +0.0238 -0.0344
25.300 move +0.0560 -0.2500 +1.0338 -0.3286 -71.37 0.983 +0.0255 -0.0250
25.320 move +0.0560 -0.2500 +1.0341 -0.3278 -71.60 0.978 +0.0263 -0.0180
25.340 move +0.0560 -0.2500 +1.0337 -0.3276 -71.91 0.973 +0.0264 +0.0272
25.360 move +0.0560 -0.2500 +1.0330 -0.3285 -72.02 0.970 +0.0255 +0.0853
25.380 move +0.0560 -0.2500 +1.0321 -0.3307 -72.22 0.970 +0.0239 +0.1285
25.400 move +0.0560 -0.2500 +1.0308 -0.3339 -73.17 0.971 +0.0224 +0.1655
25.420 move +0.0560 -0.2500 +1.0293 -0.3383 -74.15 0.973 +0.0204 +0.2088
25.440 move +0.0560 -0.2500 +1.0277 -0.3439 -75.09 0.977 +0.0182 +0.2464
25.460 move +0.0560 -0.2500 +1.0259 -0.3506 -76.00 0.983 +0.0158 +0.2802
25.480 move +0.0560 -0.2500 +1.0239 -0.3581 -76.92 0.988 +0.0131 +0.3089
25.500 move +0.0560 -0.2500 +1.0220 -0.3656 -78.34 0.992 +0.0545 +0.2312
25.520 move +0.0560 -0.2500 +1.0208 -0.3706 -79.59 0.994 -0.0105 +0.1429
25.540 move +0.0560 -0.2500 +1.0202 -0.3742 -80.16 0.994 -0.0084 +0.1075
25.560 move +0.0560 -0.2500 +1.0200 -0.3768 -80.36 0.994 -0.0070 +0.0792
25.580 move +0.0560 -0.2500 +1.0203 -0.3785 -80.42 0.993 -0.0063 +0.0532
25.600 move +0.0560 -0.2500 +1.0209 -0.3793 -80.41 0.992 -0.0063 +0.0303
25.620 move +0.0560 -0.2500 +1.0221 -0.3792 -80.39 0.992 -0.0069 +0.0068
25.640 move +0.0560 -0.2500 +1.0235 -0.3783 -80.29 0.993 -0.0084 -0.0036
25.660 move +0.0560 -0.2500 +1.0252 -0.3765 -80.26 0.995 -0.0106 -0.0360
25.680 move +0.0560 -0.2500 +1.0275 -0.3746 -80.04 0.998 -0.0132 -0.0228
25.700 move +0.0560 -0.2500 +1.0301 -0.3732 -79.70 0.999 +0.0497 -0.0002
25.720 move +0.0560 -0.2500 +1.0329 -0.3728 -79.77 1.000 +0.0498 +0.0212
25.740 move +0.0560 -0.2500 +1.0358 -0.3728 -79.84 1.000 +0.0495 +0.0280
25.760 move +0.0560 -0.2500 +1.0391 -0.3727 -79.54 0.999 -0.0231 +0.0378
25.780 move +0.0560 -0.2500 +1.0424 -0.3732 -78.88 0.998 +0.0533 +0.0811
25.800 move +0.0560 -0.2500 +1.0437 -0.3722 -77.74 0.996 +0.0221 -0.1056
25.820 move +0.0560 -0.2500 +1.0431 -0.3700 -77.11 0.992 +0.0235 -0.1599
25.840 move +0.0560 -0.2500 +1.0417 -0.3678 -77.40 0.987 +0.0236 -0.1368
25.860 move +0.0560 -0.2500 +1.0401 -0.3655 -77.64 0.982 +0.0232 -0.1232
25.880 move +0.0560 -0.2500 +1.0383 -0.3630 -77.82 0.979 +0.0228 -0.1143
25.900 move +0.0560 -0.2500 +1.0359 -0.3605 -78.18 0.977 +0.0218 -0.0915
25.920 move +0.0560 -0.2500 +1.0328 -0.3595 -78.48 0.976 +0.0196 -0.0046
25.940 move +0.0560 -0.2500 +1.0289 -0.3598 -78.81 0.978 +0.0164 +0.0354
25.960 move +0.0560 -0.2500 +1.0245 -0.3616 -79.62 0.980 +0.0127 +0.0926
25.980 move +0.0560 -0.2500 +1.0197 -0.3645 -80.22 0.984 +0.0083 +0.1275
26.000 move +0.0560 -0.2500 +1.0148 -0.3686 -80.73 0.989 +0.0036 +0.1664
26.020 move +0.0560 -0.2500 +1.0101 -0.3735 -81.07 0.993 -0.0010 +0.1957
26.040 move +0.0560 -0.2500 +1.0061 -0.3794 -81.50 0.997 -0.0051 +0.2406
26.060 move +0.0560 -0.2500 +1.0024 -0.3852 -82.40 0.999 +0.0704 +0.1768
26.080 move +0.0560 -0.2500 +0.9997 -0.3893 -83.28 0.999 +0.0695 +0.1024
26.100 move +0.0560 -0.2500 +0.9982 -0.3918 -83.43 0.997 +0.0130 +0.0536
26.120 move +0.0560 -0.2500 +0.9977 -0.3932 -83.26 0.993 +0.0139 +0.0318
26.140 move +0.0560 -0.2500 +0.9979 -0.3936 -83.20 0.990 +0.0142 +0.0022
26.160 move +0.0560 -0.2500 +0.9988 -0.3932 -83.13 0.987 +0.0135 -0.0087
26.180 move +0.0560 -0.2500 +1.0005 -0.3923 -83.07 0.985 +0.0121 -0.0157
26.200 move +0.0560 -0.2500 +1.0028 -0.3913 -82.92 0.985 +0.0099 +0.0000
26.220 move +0.0560 -0.2500 +1.0059 -0.3901 -82.73 0.986 +0.0069 -0.0011
26.240 move +0.0560 -0.2500 +1.0099 -0.3889 -82.37 0.988 +0.0033 -0.0020
26.260 move +0.0560 -0.2500 +1.0146 -0.3883 -81.91 0.991 +0.0658 +0.0243
26.280 move +0.0560 -0.2500 +1.0193 -0.3889 -81.49 0.995 +0.0633 +0.0651
26.300 move +0.0560 -0.2500 +1.0240 -0.3899 -80.89 0.998 -0.0067 +0.0779
26.320 move +0.0560 -0.2500 +1.0288 -0.3917 -80.53 0.999 -0.0111 +0.1317
26.340 move +0.0560 -0.2500 +1.0330 -0.3938 -80.18 0.999 +0.0690 +0.0751
26.360 move +0.0560 -0.2500 +1.0356 -0.3944 -79.20 0.998 +0.0134 -0.0039
26.380 move +0.0560 -0.2500 +1.0370 -0.3944 -79.06 0.995 +0.0157 -0.0302
26.400 move +0.0560 -0.2500 +1.0377 -0.3942 -79.25 0.990 +0.0170 -0.0191
26.420 move +0.0560 -0.2500 +1.0379 -0.3937 -79.31 0.986 +0.0178 -0.0174
26.440 move +0.0560 -0.2500 +1.0376 -0.3930 -79.54 0.982 +0.0181 -0.0099
26.460 move +0.0560 -0.2500 +1.0364 -0.3931 -79.71 0.980 +0.0173 +0.0492
26.480 move +0.0560 -0.2500 +1.0345 -0.3944 -79.96 0.980 +0.0153 +0.0926
26.500 move +0.0560 -0.2500 +1.0320 -0.3970 -80.52 0.981 +0.0127 +0.1470
26.520 move +0.0560 -0.2500 +1.0292 -0.4007 -80.89 0.984 +0.0095 +0.1918
26.540 move +0.0560 -0.2500 +1.0262 -0.4057 -81.10 0.988 +0.0059 +0.2304
26.560 move +0.0560 -0.2500 +1.0234 -0.4117 -81.28 0.993 +0.0022 +0.2655
26.580 move +0.0560 -0.2500 +1.0209 -0.4187 -81.50 0.997 -0.0011 +0.3039
26.600 move +0.0560 -0.2500 +1.0186 -0.4254 -82.35 0.999 +0.0603 +0.2050
26.620 move +0.0560 -0.2500 +1.0170 -0.4297 -83.15 0.999 +0.0047 +0.0979
26.640 move +0.0560 -0.2500 +1.0165 -0.4324 -83.30 0.997 +0.0063 +0.0614
26.660 move +0.0560 -0.2500 +1.0169 -0.4343 -83.15 0.994 +0.0068 +0.0519
26.680 move +0.0560 -0.2500 +1.0180 -0.4354 -83.06 0.992 +0.0064 +0.0273
26.700 move +0.0560 -0.2500 +1.0198 -0.4356 -82.94 0.990 +0.0052 +0.0104
26.720 move +0.0560 -0.2500 +1.0221 -0.4349 -82.80 0.989 +0.0032 -0.0083
26.740 move +0.0560 -0.2500 +1.0249 -0.4336 -82.58 0.991 +0.0002 -0.0188
26.760 move +0.0560 -0.2500 +1.0283 -0.4312 -82.41 0.993 -0.0036 -0.0664
26.780 move +0.0560 -0.2500 +1.0324 -0.4285 -82.16 0.996 -0.0079 -0.0519
26.800 move +0.0560 -0.2500 +1.0371 -0.4264 -81.87 0.998 +0.0548 -0.0194
26.820 move +0.0560 -0.2500 +1.0417 -0.4257 -81.99 1.000 +0.0543 +0.0130
26.840 move +0.0560 -0.2500 +1.0463 -0.4253 -81.99 1.000 +0.0538 +0.0162
26.860 move +0.0560 -0.2500 +1.0511 -0.4250 -81.63 0.999 -0.0244 +0.0377
26.880 move +0.0560 -0.2500 +1.0557 -0.4251 -80.88 0.997 +0.0618 +0.0245
26.900 move +0.0560 -0.2500 +1.0580 -0.4234 -79.37 0.994 +0.0257 -0.1294
26.920 move +0.0560 -0.2500 +1.0586 -0.4209 -78.60 0.989 +0.0283 -0.1429
26.940 move +0.0560 -0.2500 +1.0585 -0.4183 -78.46 0.982 +0.0297 -0.1237
26.960 move +0.0560 -0.2500 +1.0582 -0.4155 -78.24 0.976 +0.0308 -0.1221
26.980 move +0.0560 -0.2500 +1.0574 -0.4131 -78.22 0.970 +0.0315 -0.0735
27.000 move +0.0560 -0.2420 +1.0562 -0.4118 -78.38 0.965 +0.0310 -0.0128
27.020 move +0.0560 -0.2340 +1.0547 -0.4120 -78.43 0.962 +0.0298 +0.0615
27.040 move +0.0560 -0.2260 +1.0528 -0.4134 -78.83 0.962 +0.0280 +0.0878
27.060 move +0.0560 -0.2180 +1.0505 -0.4157 -80.05 0.963 +0.0264 +0.1158
27.080 move +0.0560 -0.2100 +1.0478 -0.4191 -81.31 0.966 +0.0246 +0.1616
27.100 move +0.0560 -0.2020 +1.0449 -0.4235 -82.44 0.971 +0.0226 +0.1876
27.120 move +0.0560 -0.1940 +1.0417 -0.4286 -83.79 0.978 +0.0206 +0.2105
27.140 move +0.0560 -0.1860 +1.0384 -0.4346 -85.11 0.984 +0.0187 +0.2407
27.160 move +0.0560 -0.1780 +1.0352 -0.4415 -86.50 0.990 +0.0172 +0.2961
27.180 move +0.0560 -0.1700 +1.0325 -0.4480 -87.65 0.995 +0.0627 +0.2323
27.200 move +0.0560 -0.1620 +1.0308 -0.4529 -87.60 0.997 +0.0599 +0.1734
27.220 move +0.0560 -0.1540 +1.0297 -0.4565 -86.54 0.998 -0.0122 +0.1307
27.240 move +0.0560 -0.1460 +1.0290 -0.4592 -85.09 0.998 -0.0109 +0.1151
27.260 move +0.0560 -0.1380 +1.0287 -0.4614 -84.01 0.997 -0.0101 +0.0971
27.280 move +0.0560 -0.1300 +1.0288 -0.4630 -83.47 0.997 -0.0097 +0.0846
27.300 move +0.0560 -0.1220 +1.0291 -0.4644 -83.22 0.997 -0.0099 +0.1007
27.320 move +0.0560 -0.1140 +1.0299 -0.4658 -83.10 0.997 -0.0107 +0.1099
27.340 move +0.0560 -0.1060 +1.0311 -0.4673 -82.89 0.998 -0.0117 +0.1042
27.360 move +0.0560 -0.0980 +1.0323 -0.4692 -82.62 0.999 -0.0126 +0.1278
27.380 move +0.0560 -0.0900 +1.0335 -0.4717 -82.62 1.000 +0.0514 +0.1184
27.400 move +0.0560 -0.0820 +1.0350 -0.4744 -82.68 1.000 +0.0495 +0.1119
27.420 move +0.0560 -0.0740 +1.0364 -0.4770 -82.30 1.000 -0.0157 +0.1316
27.440 move +0.0560 -0.0660 +1.0368 -0.4786 -81.77 0.998 +0.0526 -0.0191
27.460 move +0.0560 -0.0580 +1.0356 -0.4782 -81.34 0.996 +0.0146 -0.1013
27.480 move +0.0560 -0.0500 +1.0338 -0.4773 -81.23 0.992 +0.0140 -0.1039
27.500 move +0.0560 -0.0420 +1.0320 -0.4762 -81.20 0.990 +0.0131 -0.0777
27.520 move +0.0560 -0.0340 +1.0301 -0.4750 -81.28 0.988 +0.0122 -0.0633
27.540 move +0.0560 -0.0260 +1.0280 -0.4734 -81.39 0.987 +0.0110 -0.0707
27.560 move +0.0560 -0.0180 +1.0257 -0.4712 -81.46 0.987 +0.0096 -0.0862
27.580 move +0.0560 -0.0100 +1.0230 -0.4689 -81.66 0.988 +0.0076 -0.0611
27.600 move +0.0560 -0.0020 +1.0198 -0.4679 -81.95 0.990 +0.0049 +0.0036
27.620 move +0.0560 +0.0000 +1.0162 -0.4681 -82.22 0.992 +0.0018 +0.0426
27.640 move +0.0560 +0.0000 +1.0126 -0.4694 -82.56 0.994 +0.0633 +0.0591
27.660 move +0.0560 +0.0000 +1.0095 -0.4713 -82.98 0.996 -0.0037 +0.0843
27.680 move +0.0560 +0.0000 +1.0065 -0.4741 -83.59 0.998 +0.0596 +0.1213
27.700 move +0.0560 +0.0000 +1.0039 -0.4773 -84.35 0.999 +0.0672 +0.1423
27.720 move +0.0560 +0.0000 +1.0019 -0.4793 -84.95 1.000 +0.0703 +0.0152
27.740 move +0.0560 +0.0000 +1.0014 -0.4796 -84.89 0.999 +0.0708 -0.0331
27.760 move +0.0560 +0.0000 +1.0021 -0.4792 -84.79 0.997 +0.0102 -0.0480
27.780 move +0.0560 +0.0000 +1.0034 -0.4783 -84.80 0.994 +0.0095 -0.0465
27.800 move +0.0560 +0.0000 +1.0053 -0.4767 -84.70 0.992 +0.0081 -0.0650
27.820 move +0.0560 +0.0000 +1.0079 -0.4746 -84.46 0.991 +0.0060 -0.0581
27.840 move +0.0560 +0.0000 +1.0115 -0.4727 -84.12 0.991 +0.0029 -0.0190
27.860 move +0.0560 +0.0000 +1.0158 -0.4712 -83.70 0.991 -0.0009 +0.0054
27.880 move +0.0560 +0.0000 +1.0204 -0.4708 -83.14 0.992 +0.0713 +0.0512
27.900 move +0.0560 +0.0000 +1.0249 -0.4720 -82.60 0.993 -0.0080 +0.1067
27.920 move +0.0560 +0.0000 +1.0294 -0.4744 -81.90 0.995 -0.0108 +0.1654
27.940 move +0.0560 +0.0000 +1.0340 -0.4777 -81.04 0.996 -0.0134 +0.1865
27.960 move +0.0560 +0.0000 +1.0385 -0.4817 -80.15 0.997 -0.0161 +0.2176
27.980 move +0.0560 +0.0000 +1.0427 -0.4863 -79.22 0.998 +0.0687 +0.2012
28.000 move +0.0560 +0.0000 +1.0450 -0.4894 -78.86 0.997 +0.0668 +0.0893
28.020 move +0.0560 +0.0000 +1.0456 -0.4916 -78.80 0.994 +0.0198 +0.0540
28.040 move +0.0560 +0.0000 +1.0452 -0.4933 -78.86 0.990 +0.0199 +0.0468
28.060 move +0.0560 +0.0000 +1.0441 -0.4946 -79.12 0.987 +0.0191 +0.0458
28.080 move +0.0560 +0.0000 +1.0422 -0.4960 -79.33 0.984 +0.0177 +0.0604
28.100 move +0.0560 +0.0000 +1.0395 -0.4977 -79.52 0.983 +0.0155 +0.0813
28.120 move +0.0560 +0.0000 +1.0362 -0.5001 -79.68 0.984 +0.0124 +0.1302
28.140 move +0.0560 +0.0000 +1.0323 -0.5034 -79.82 0.987 +0.0086 +0.1624
28.160 move +0.0560 +0.0000 +1.0281 -0.5076 -79.98 0.990 +0.0044 +0.1963
28.180 move +0.0560 +0.0000 +1.0239 -0.5125 -80.12 0.994 +0.0000 +0.2134
28.200 move +0.0560 +0.0000 +1.0200 -0.5182 -80.05 0.997 +0.0538 +0.2359
28.220 move +0.0560 +0.0000 +1.0163 -0.5240 -79.90 0.999 +0.0490 +0.2059
28.240 move +0.0560 +0.0000 +1.0130 -0.5297 -80.15 1.000 -0.0122 +0.2382
28.260 move +0.0560 +0.0000 +1.0105 -0.5335 -80.36 0.998 +0.0561 +0.0351
28.280 move +0.0560 +0.0000 +1.0093 -0.5344 -80.56 0.994 +0.0162 -0.0547
28.300 move +0.0560 +0.0000 +1.0093 -0.5344 -80.72 0.990 +0.0168 -0.0522
28.320 move +0.0560 +0.0000 +1.0100 -0.5338 -80.82 0.986 +0.0165 -0.0478
28.340 move +0.0560 +0.0000 +1.0111 -0.5328 -80.67 0.983 +0.0155 -0.0403
28.360 move +0.0560 +0.0000 +1.0126 -0.5313 -80.39 0.982 +0.0140 -0.0434
28.380 move +0.0560 +0.0000 +1.0145 -0.5292 -80.15 0.982 +0.0121 -0.0578
28.400 move +0.0560 +0.0000 +1.0165 -0.5265 -79.90 0.984 +0.0097 -0.0679
28.420 move +0.0560 +0.0000 +1.0193 -0.5231 -79.66 0.987 +0.0066 -0.0788
28.440 move +0.0560 +0.0000 +1.0233 -0.5197 -79.12 0.989 +0.0027 -0.0693
28.460 move +0.0560 +0.0000 +1.0284 -0.5169 -78.35 0.992 +0.0665 -0.0280
28.480 move +0.0560 +0.0000 +1.0336 -0.5153 -77.86 0.994 +0.0661 -0.0032
28.500 move +0.0560 +0.0000 +1.0388 -0.5143 -77.41 0.996 +0.0652 +0.0166
28.520 move +0.0560 +0.0000 +1.0438 -0.5141 -76.72 0.996 -0.0144 +0.0690
28.540 move +0.0560 +0.0000 +1.0482 -0.5142 -76.13 0.996 +0.0694 +0.0100
28.560 move +0.0560 +0.0000 +1.0510 -0.5140 -75.85 0.994 +0.0666 -0.0017
28.580 move +0.0560 +0.0000 +1.0525 -0.5139 -75.83 0.991 +0.0649 -0.0000
28.600 move +0.0560 +0.0000 +1.0531 -0.5143 -75.74 0.987 +0.0640 +0.0224
28.620 move +0.0560 +0.0000 +1.0527 -0.5155 -75.66 0.982 +0.0216 +0.0525
28.640 move +0.0560 +0.0000 +1.0516 -0.5172 -75.81 0.979 +0.0207 +0.0820
28.660 move +0.0560 +0.0000 +1.0500 -0.5198 -76.07 0.977 +0.0190 +0.1294
28.680 move +0.0560 +0.0000 +1.0479 -0.5232 -76.59 0.978 +0.0167 +0.1474
28.700 move +0.0560 +0.0000 +1.0453 -0.5277 -77.22 0.980 +0.0139 +0.2046
28.720 move +0.0560 +0.0000 +1.0422 -0.5333 -77.96 0.984 +0.0108 +0.2427
28.740 move +0.0560 +0.0000 +1.0387 -0.5400 -78.77 0.989 +0.0568 +0.2723
28.760 move +0.0560 +0.0000 +1.0352 -0.5469 -79.18 0.994 +0.0499 +0.2603
28.780 move +0.0560 +0.0000 +1.0321 -0.5538 -79.61 0.997 +0.0002 +0.2823
28.800 move +0.0560 +0.0000 +1.0293 -0.5597 -79.71 0.998 +0.0527 +0.1402
28.820 move +0.0560 +0.0000 +1.0274 -0.5624 -79.74 0.996 +0.0047 -0.0014
28.840 move +0.0560 +0.0000 +1.0269 -0.5636 -79.68 0.992 +0.0058 -0.0248
28.860 move +0.0560 +0.0000 +1.0273 -0.5643 -79.60 0.988 +0.0060 -0.0040
28.880 move +0.0560 +0.0000 +1.0283 -0.5645 -79.36 0.986 +0.0054 +0.0012
28.900 move +0.0560 +0.0000 +1.0299 -0.5642 -79.03 0.985 +0.0040 +0.0023
28.920 move +0.0560 +0.0000 +1.0321 -0.5632 -78.69 0.985 +0.0020 -0.0042
28.940 move +0.0560 +0.0000 +1.0347 -0.5617 -78.42 0.988 -0.0008 -0.0022
28.960 move +0.0560 +0.0000 +1.0379 -0.5593 -78.04 0.991 -0.0044 -0.0413
28.980 move +0.0560 +0.0000 +1.0415 -0.5560 -77.45 0.995 -0.0087 -0.0788
29.000 move +0.0560 +0.0000 +1.0459 -0.5529 -76.92 0.998 -0.0133 -0.0211
29.020 move +0.0560 +0.0000 +1.0507 -0.5507 -76.68 1.000 +0.0532 -0.0174
29.040 move +0.0560 +0.0000 +1.0554 -0.5492 -76.51 0.999 +0.0536 -0.0055
29.060 move +0.0560 +0.0000 +1.0604 -0.5479 -75.80 0.998 +0.0561 +0.0267
29.080 move +0.0560 +0.0000 +1.0636 -0.5455 -74.84 0.995 +0.0578 -0.1231
29.100 move +0.0560 +0.0000 +1.0645 -0.5423 -74.53 0.992 +0.0299 -0.1849
29.120 move +0.0560 +0.0000 +1.0644 -0.5385 -74.10 0.987 +0.0314 -0.2051
29.140 move +0.0560 +0.0000 +1.0638 -0.5346 -73.88 0.980 +0.0325 -0.1967
29.160 move +0.0560 +0.0000 +1.0629 -0.5308 -74.01 0.973 +0.0331 -0.1613
29.180 move +0.0560 +0.0000 +1.0614 -0.5280 -74.29 0.968 +0.0329 -0.0955
29.200 move +0.0560 +0.0000 +1.0596 -0.5267 -74.56 0.963 +0.0318 -0.0387
29.220 move +0.0560 +0.0000 +1.0574 -0.5267 -74.82 0.961 +0.0300 +0.0327
29.240 move +0.0560 +0.0000 +1.0549 -0.5277 -75.46 0.961 +0.0278 +0.0493
29.260 move +0.0560 +0.0000 +1.0518 -0.5297 -76.86 0.963 +0.0258 +0.0896
29.280 move +0.0560 +0.0000 +1.0484 -0.5327 -78.48 0.967 +0.0238 +0.1249
29.300 move +0.0560 +0.0000 +1.0447 -0.5365 -80.07 0.972 +0.0216 +0.1500
29.320 move +0.0560 +0.0000 +1.0407 -0.5411 -81.75 0.979 +0.0195 +0.1701
29.340 move +0.0560 +0.0000 +1.0364 -0.5465 -83.38 0.986 +0.0689 +0.2115
29.360 move +0.0560 +0.0000 +1.0325 -0.5521 -85.33 0.991 +0.0696 +0.1950
29.380 move +0.0560 +0.0000 +1.0294 -0.5579 -87.00 0.995 +0.0656 +0.2197
29.400 move +0.0560 +0.0000 +1.0275 -0.5626 -87.66 0.997 +0.0626 +0.1639
29.420 move +0.0560 +0.0000 +1.0264 -0.5660 -87.77 0.998 -0.0122 +0.1273
29.440 move +0.0560 +0.0000 +1.0257 -0.5688 -87.66 0.998 -0.0110 +0.1200
29.460 move +0.0560 +0.0000 +1.0254 -0.5712 -87.53 0.998 -0.0103 +0.1129
29.480 move +0.0560 +0.0000 +1.0254 -0.5733 -87.45 0.997 -0.0099 +0.1109
29.500 move +0.0560 +0.0000 +1.0257 -0.5754 -87.35 0.997 -0.0101 +0.1401
29.520 move +0.0560 +0.0000 +1.0264 -0.5778 -87.27 0.998 -0.0108 +0.1560
29.540 move +0.0560 +0.0000 +1.0274 -0.5802 -87.06 0.998 -0.0117 +0.1466
29.560 move +0.0560 +0.0000 +1.0284 -0.5831 -86.79 0.999 -0.0126 +0.1676
29.580 move +0.0560 +0.0000 +1.0294 -0.5866 -86.76 1.000 +0.0514 +0.1587
29.600 move +0.0560 +0.0000 +1.0306 -0.5902 -86.87 1.000 +0.0488 +0.1464
29.620 move +0.0560 +0.0000 +1.0317 -0.5937 -86.63 1.000 +0.0483 +0.1578
29.640 move +0.0560 +0.0000 +1.0319 -0.5951 -86.34 0.998 +0.0150 -0.0286
29.660 move +0.0560 +0.0000 +1.0309 -0.5948 -86.04 0.995 +0.0149 -0.0933
29.680 move +0.0560 +0.0000 +1.0295 -0.5939 -85.85 0.992 +0.0144 -0.0913
29.700 move +0.0560 +0.0000 +1.0281 -0.5930 -85.79 0.989 +0.0138 -0.0652
29.720 move +0.0560 +0.0000 +1.0266 -0.5919 -85.89 0.987 +0.0132 -0.0511
29.740 move +0.0560 +0.0000 +1.0251 -0.5904 -86.03 0.985 +0.0123 -0.0573
29.760 move +0.0560 +0.0000 +1.0234 -0.5884 -86.12 0.985 +0.0112 -0.0719
29.780 move +0.0560 +0.0000 +1.0213 -0.5857 -86.30 0.986 +0.0096 -0.0897
29.800 move +0.0560 +0.0000 +1.0186 -0.5840 -86.58 0.989 +0.0073 -0.0135
29.820 move +0.0560 +0.0000 +1.0154 -0.5836 -86.78 0.991 +0.0044 +0.0291
29.840 move +0.0560 +0.0000 +1.0120 -0.5844 -87.07 0.993 +0.0616 +0.0652
29.860 move +0.0560 +0.0000 +1.0088 -0.5858 -87.47 0.996 -0.0009 +0.0598
29.880 move +0.0560 +0.0000 +1.0059 -0.5880 -88.11 0.997 +0.0592 +0.1116
29.900 move +0.0560 +0.0000 +1.0033 -0.5905 -88.70 0.999 +0.0655 +0.1064
29.920 move +0.0560 +0.0000 +1.0016 -0.5917 -89.21 1.000 +0.0678 -0.0026
29.940 move +0.0560 +0.0000 +1.0012 -0.5917 -89.23 1.000 +0.0685 -0.0445
29.960 move +0.0560 +0.0000 +1.0020 -0.5910 -89.19 0.998 +0.0066 -0.0670
29.980 move +0.0560 +0.0000 +1.0033 -0.5898 -89.22 0.996 +0.0060 -0.0656
30.000 move +0.0560 +0.0000 +1.0052 -0.5881 -89.11 0.994 +0.0048 -0.0797
30.020 move +0.0560 +0.0000 +1.0077 -0.5858 -88.89 0.993 +0.0029 -0.0798
30.040 move +0.0560 +0.0000 +1.0110 -0.5838 -88.53 0.993 +0.0001 -0.0303
30.060 move +0.0560 +0.0000 +1.0149 -0.5825 -88.11 0.992 -0.0032 -0.0006
30.080 move +0.0560 +0.0000 +1.0190 -0.5823 -87.56 0.993 +0.0702 +0.0482
30.100 move +0.0560 +0.0000 +1.0229 -0.5837 -87.04 0.994 -0.0095 +0.1027
30.120 move +0.0560 +0.0000 +1.0267 -0.5864 -86.29 0.995 -0.0118 +0.1632
30.140 move +0.0560 +0.0000 +1.0306 -0.5899 -85.45 0.996 -0.0140 +0.1869
30.160 move +0.0560 +0.0000 +1.0344 -0.5943 -84.44 0.997 +0.0679 +0.2295
30.180 move +0.0560 +0.0000 +1.0378 -0.5992 -83.53 0.998 +0.0691 +0.2149
30.200 move +0.0560 +0.0000 +1.0396 -0.6024 -83.01 0.997 +0.0676 +0.0847
30.220 move +0.0560 +0.0000 +1.0397 -0.6046 -82.90 0.995 +0.0188 +0.0459
30.240 move +0.0560 +0.0000 +1.0388 -0.6061 -82.88 0.991 +0.0187 +0.0378
30.260 move +0.0560 +0.0000 +1.0374 -0.6071 -83.09 0.988 +0.0178 +0.0301
30.280 move +0.0560 +0.0000 +1.0353 -0.6080 -83.31 0.986 +0.0164 +0.0427
30.300 move +0.0560 +0.0000 +1.0323 -0.6091 -83.49 0.985 +0.0141 +0.0629
30.320 move +0.0560 +0.0000 +1.0288 -0.6109 -83.65 0.985 +0.0109 +0.1140
30.340 move +0.0560 +0.0000 +1.0247 -0.6136 -83.77 0.988 +0.0072 +0.1512
30.360 move +0.0560 +0.0000 +1.0203 -0.6171 -83.97 0.991 +0.0031 +0.1799
30.380 move +0.0560 +0.0000 +1.0158 -0.6214 -84.16 0.994 -0.0011 +0.1958
30.400 move +0.0560 +0.0000 +1.0116 -0.6265 -84.16 0.997 +0.0553 +0.2235
30.420 move +0.0560 +0.0000 +1.0076 -0.6320 -83.97 0.999 +0.0507 +0.2094
30.440 move +0.0560 +0.0000 +1.0040 -0.6375 -84.21 1.000 -0.0130 +0.2391
30.460 move +0.0560 +0.0000 +1.0011 -0.6414 -84.49 0.999 +0.0558 +0.0497
30.480 move +0.0560 +0.0000 +0.9997 -0.6425 -84.78 0.995 +0.0167 -0.0436
30.500 move +0.0560 +0.0000 +0.9995 -0.6427 -84.91 0.990 +0.0173 -0.0459
30.520 move +0.0560 +0.0000 +1.0000 -0.6425 -85.00 0.985 +0.0172 -0.0391
30.540 move +0.0560 +0.0000 +1.0011 -0.6419 -84.85 0.982 +0.0164 -0.0306
30.560 move +0.0560 +0.0000 +1.0025 -0.6409 -84.54 0.981 +0.0150 -0.0318
30.580 move +0.0560 +0.0000 +1.0044 -0.6393 -84.25 0.981 +0.0132 -0.0449
30.600 move +0.0560 +0.0000 +1.0065 -0.6371 -83.97 0.982 +0.0110 -0.0519
30.620 move +0.0560 +0.0000 +1.0091 -0.6342 -83.86 0.985 +0.0083 -0.0835
30.640 move +0.0560 +0.0000 +1.0129 -0.6310 -83.48 0.988 +0.0048 -0.0754
30.660 move +0.0560 +0.0000 +1.0178 -0.6284 -82.76 0.991 +0.0005 -0.0429
30.680 move +0.0560 +0.0000 +1.0231 -0.6269 -82.26 0.994 +0.0653 -0.0183
30.700 move +0.0560 +0.0000 +1.0281 -0.6261 -81.83 0.996 +0.0645 +0.0109
30.720 move +0.0560 +0.0000 +1.0330 -0.6261 -81.13 0.996 -0.0119 +0.0663
30.740 move +0.0560 +0.0000 +1.0372 -0.6264 -80.58 0.996 +0.0718 +0.0003
30.760 move +0.0560 +0.0000 +1.0399 -0.6262 -80.28 0.996 +0.0691 -0.0098
30.780 move +0.0560 +0.0000 +1.0413 -0.6262 -80.19 0.993 +0.0675 -0.0039
30.800 move +0.0560 +0.0000 +1.0417 -0.6266 -80.11 0.989 +0.0667 +0.0132
30.820 move +0.0560 +0.0000 +1.0413 -0.6273 -79.92 0.985 +0.0191 +0.0296
30.840 move +0.0560 +0.0000 +1.0400 -0.6284 -79.98 0.981 +0.0182 +0.0596
30.860 move +0.0560 +0.0000 +1.0381 -0.6305 -80.23 0.980 +0.0165 +0.1075
30.880 move +0.0560 +0.0000 +1.0355 -0.6333 -80.71 0.980 +0.0140 +0.1335
30.900 move +0.0560 +0.0000 +1.0322 -0.6372 -81.23 0.983 +0.0109 +0.1889
30.920 move +0.0560 +0.0000 +1.0284 -0.6422 -81.85 0.987 +0.0073 +0.2211
30.940 move +0.0560 +0.0000 +1.0243 -0.6482 -82.41 0.991 +0.0590 +0.2550
30.960 move +0.0560 +0.0000 +1.0206 -0.6545 -82.93 0.996 +0.0005 +0.2460
30.980 move +0.0560 +0.0000 +1.0173 -0.6612 -83.25 0.998 -0.0030 +0.2706
31.000 move +0.0560 +0.0000 +1.0144 -0.6669 -83.36 0.999 +0.0529 +0.1418
31.020 move +0.0560 +0.0000 +1.0126 -0.6694 -83.43 0.997 +0.0072 -0.0008
31.040 move +0.0560 +0.0000 +1.0123 -0.6704 -83.40 0.993 +0.0081 -0.0297
31.060 move +0.0560 +0.0000 +1.0128 -0.6711 -83.36 0.989 +0.0081 -0.0141
31.080 move +0.0560 +0.0000 +1.0141 -0.6713 -83.09 0.986 +0.0073 -0.0026
31.100 move +0.0560 +0.0000 +1.0158 -0.6711 -82.64 0.984 +0.0057 +0.0018
31.120 move +0.0560 +0.0000 +1.0182 -0.6703 -82.20 0.984 +0.0035 -0.0033
31.140 move +0.0560 +0.0000 +1.0210 -0.6690 -81.81 0.987 +0.0006 -0.0001
31.160 move +0.0560 +0.0000 +1.0244 -0.6669 -81.34 0.990 -0.0031 -0.0352
31.180 move +0.0560 +0.0000 +1.0283 -0.6639 -80.60 0.994 -0.0076 -0.0744
31.200 move +0.0560 +0.0000 +1.0329 -0.6607 -80.00 0.998 -0.0123 -0.0390
31.220 move +0.0560 +0.0000 +1.0379 -0.6585 -79.69 1.000 +0.0526 -0.0236
31.240 move +0.0560 +0.0000 +1.0429 -0.6571 -79.53 1.000 +0.0532 -0.0079
31.260 move +0.0560 +0.0000 +1.0481 -0.6558 -78.77 0.998 +0.0550 +0.0066
31.280 move +0.0560 +0.0000 +1.0515 -0.6532 -77.63 0.996 +0.0583 -0.1317
31.300 move +0.0560 +0.0000 +1.0527 -0.6497 -77.10 0.992 +0.0297 -0.1997
31.320 move +0.0560 +0.0000 +1.0529 -0.6456 -76.51 0.987 +0.0314 -0.2224
31.340 move +0.0560 +0.0000 +1.0526 -0.6414 -76.15 0.980 +0.0328 -0.2079
31.360 move +0.0560 +0.0000 +1.0520 -0.6372 -76.04 0.973 +0.0339 -0.1772
31.380 move +0.0560 +0.0000 +1.0509 -0.6341 -76.23 0.967 +0.0340 -0.1070
31.400 move +0.0560 +0.0000 +1.0493 -0.6323 -76.47 0.962 +0.0331 -0.0476
31.420 move +0.0560 +0.0000 +1.0474 -0.6320 -76.69 0.959 +0.0315 +0.0250
31.440 move +0.0560 +0.0000 +1.0450 -0.6327 -77.30 0.959 +0.0294 +0.0419
31.460 move +0.0560 +0.0000 +1.0421 -0.6343 -78.71 0.961 +0.0277 +0.0797
31.480 move +0.0560 +0.0000 +1.0390 -0.6369 -80.28 0.964 +0.0259 +0.1141
31.500 move +0.0560 +0.0000 +1.0355 -0.6402 -81.83 0.969 +0.0239 +0.1388
31.520 move +0.0560 +0.0000 +1.0316 -0.6444 -83.49 0.976 +0.0219 +0.1577
31.540 move +0.0560 +0.0000 +1.0275 -0.6493 -85.18 0.982 +0.0197 +0.1974
31.560 move +0.0560 +0.0000 +1.0236 -0.6550 -86.96 0.989 +0.0677 +0.2150
31.580 move +0.0560 +0.0000 +1.0201 -0.6613 -88.36 0.994 +0.0685 +0.2622
31.600 move +0.0560 +0.0000 +1.0178 -0.6668 -89.08 0.997 +0.0650 +0.2092
31.620 move +0.0560 +0.0000 +1.0165 -0.6713 -89.27 0.999 -0.0142 +0.1783
31.640 move +0.0560 +0.0000 +1.0156 -0.6754 -89.23 0.999 -0.0129 +0.1808
31.660 move +0.0560 +0.0000 +1.0148 -0.6793 -89.17 0.999 -0.0118 +0.1806
31.680 move +0.0560 +0.0000 +1.0143 -0.6830 -89.15 0.998 -0.0111 +0.1815
31.700 move +0.0560 +0.0000 +1.0140 -0.6868 -89.13 0.997 -0.0108 +0.2080
31.720 move +0.0560 +0.0000 +1.0141 -0.6907 -89.16 0.998 -0.0111 +0.2188
31.740 move +0.0560 +0.0000 +1.0146 -0.6944 -89.03 0.998 -0.0116 +0.1913
31.760 move +0.0560 +0.0000 +1.0151 -0.6982 -88.81 0.999 -0.0121 +0.2009
31.780 move +0.0560 +0.0000 +1.0155 -0.7024 -88.67 1.000 +0.0476 +0.2141
31.800 move +0.0560 +0.0000 +1.0162 -0.7067 -88.83 1.000 +0.0449 +0.1625
31.820 move +0.0560 +0.0000 +1.0170 -0.7103 -88.60 0.999 +0.0432 +0.1312
31.840 move +0.0560 +0.0000 +1.0170 -0.7119 -88.36 0.996 +0.0131 -0.0257
31.860 move +0.0560 +0.0000 +1.0161 -0.7119 -88.15 0.993 +0.0129 -0.0941
31.880 move +0.0560 +0.0000 +1.0149 -0.7112 -87.90 0.989 +0.0125 -0.0916
31.900 move +0.0560 +0.0000 +1.0137 -0.7106 -87.75 0.986 +0.0121 -0.0473
31.920 move +0.0560 +0.0000 +1.0127 -0.7099 -87.68 0.984 +0.0118 -0.0292
31.940 move +0.0560 +0.0000 +1.0118 -0.7089 -87.71 0.983 +0.0114 -0.0298
31.960 move +0.0560 +0.0000 +1.0109 -0.7074 -87.77 0.983 +0.0109 -0.0390
31.980 move +0.0560 +0.0000 +1.0099 -0.7051 -87.89 0.984 +0.0102 -0.0877
32.000 move +0.0560 +0.0000 +1.0088 -0.7022 -87.99 0.987 +0.0092 -0.0884
32.020 move +0.0560 +0.0000 +1.0069 -0.7005 -88.17 0.990 +0.0075 -0.0187
32.040 move +0.0560 +0.0000 +1.0047 -0.7001 -88.38 0.992 +0.0055 +0.0318
32.060 move +0.0560 +0.0000 +1.0026 -0.7005 -88.63 0.995 +0.0547 +0.0268
32.080 move +0.0560 +0.0000 +1.0007 -0.7013 -89.21 0.996 +0.0018 +0.0625
32.100 move +0.0560 +0.0000 +0.9993 -0.7026 -89.71 0.998 +0.0638 +0.0327
32.120 move +0.0560 +0.0000 +0.9986 -0.7026 -90.08 0.999 +0.0658 -0.0377
32.140 move +0.0560 +0.0000 +0.9987 -0.7018 -90.19 1.000 +0.0669 -0.0611
32.160 move +0.0560 +0.0000 +0.9997 -0.7008 -90.23 1.000 +0.0678 -0.0641
32.180 move +0.0560 +0.0000 +1.0012 -0.6997 -90.27 0.999 -0.0015 -0.0565
32.200 move +0.0560 +0.0000 +1.0031 -0.6981 -90.39 0.998 -0.0027 -0.0801
32.220 move +0.0560 +0.0000 +1.0053 -0.6961 -90.50 0.997 +0.0694 -0.0568
32.240 move +0.0560 +0.0000 +1.0078 -0.6955 -90.22 0.996 +0.0693 +0.0393
32.260 move +0.0560 +0.0000 +1.0106 -0.6966 -89.82 0.995 -0.0083 +0.1138
32.280 move +0.0560 +0.0000 +1.0134 -0.6989 -89.41 0.995 +0.0652 +0.1427
32.300 move +0.0560 +0.0000 +1.0161 -0.7026 -89.12 0.997 -0.0128 +0.1868
32.320 move +0.0560 +0.0000 +1.0186 -0.7071 -88.64 0.998 -0.0143 +0.2061
32.340 move +0.0560 +0.0000 +1.0212 -0.7126 -87.95 0.999 -0.0157 +0.2662
32.360 move +0.0560 +0.0000 +1.0237 -0.7188 -87.10 1.000 +0.0557 +0.2954
32.380 move +0.0560 +0.0000 +1.0254 -0.7236 -86.44 0.999 +0.0572 +0.1047
32.400 move +0.0560 +0.0000 +1.0253 -0.7257 -86.15 0.996 +0.0172 -0.0103
32.420 move +0.0560 +0.0000 +1.0242 -0.7270 -86.08 0.991 +0.0170 -0.0068
32.440 move +0.0560 +0.0000 +1.0229 -0.7281 -86.25 0.987 +0.0164 +0.0175
32.460 move +0.0560 +0.0000 +1.0216 -0.7289 -86.30 0.984 +0.0156 +0.0279
32.480 move +0.0560 +0.0000 +1.0200 -0.7293 -86.40 0.982 +0.0148 +0.0250
32.500 move +0.0560 +0.0000 +1.0183 -0.7293 -86.53 0.981 +0.0137 +0.0082
32.520 move +0.0560 +0.0000 +1.0165 -0.7286 -86.54 0.982 +0.0123 -0.0015
32.540 move +0.0560 +0.0000 +1.0143 -0.7273 -86.64 0.985 +0.0103 -0.0176
32.560 move +0.0560 +0.0000 +1.0116 -0.7269 -86.85 0.989 +0.0079 +0.0393
32.580 move +0.0560 +0.0000 +1.0087 -0.7275 -86.92 0.992 +0.0052 +0.0614
32.600 move +0.0560 +0.0000 +1.0057 -0.7290 -87.03 0.994 +0.0025 +0.0953
32.620 move +0.0560 +0.0000 +1.0029 -0.7311 -87.16 0.997 +0.0521 +0.0795
32.640 move +0.0560 +0.0000 +1.0007 -0.7334 -87.71 0.999 +0.0586 +0.1190
32.660 move +0.0560 +0.0000 +0.9989 -0.7350 -88.14 1.000 +0.0626 +0.0087
32.680 move +0.0560 +0.0000 +0.9981 -0.7350 -88.49 1.000 +0.0638 -0.0505
32.700 move +0.0560 +0.0000 +0.9985 -0.7341 -88.51 0.999 +0.0038 -0.0847
32.720 move +0.0560 +0.0000 +0.9994 -0.7327 -88.60 0.997 +0.0036 -0.0799
32.740 move +0.0560 +0.0000 +1.0009 -0.7308 -88.55 0.996 +0.0027 -0.0882
32.760 move +0.0560 +0.0000 +1.0029 -0.7282 -88.38 0.995 +0.0012 -0.1055
32.780 move +0.0560 +0.0000 +1.0056 -0.7252 -88.15 0.994 -0.0009 -0.0945
32.800 move +0.0560 +0.0000 +1.0089 -0.7229 -87.74 0.994 -0.0038 -0.0341
32.820 move +0.0560 +0.0000 +1.0127 -0.7215 -87.24 0.994 -0.0071 -0.0000
32.840 move +0.0560 +0.0000 +1.0166 -0.7212 -86.64 0.994 +0.0692 +0.0410
32.860 move +0.0560 +0.0000 +1.0202 -0.7224 -86.13 0.995 -0.0127 +0.0915
32.880 move +0.0560 +0.0000 +1.0238 -0.7248 -85.27 0.995 -0.0147 +0.1536
32.900 move +0.0560 +0.0000 +1.0277 -0.7282 -84.11 0.996 -0.0168 +0.1983
32.920 move +0.0560 +0.0000 +1.0314 -0.7323 -82.99 0.997 -0.0187 +0.1999
32.940 move +0.0560 +0.0000 +1.0345 -0.7368 -81.80 0.997 +0.0670 +0.1639
32.960 move +0.0560 +0.0000 +1.0358 -0.7402 -81.32 0.995 +0.0661 +0.1119
32.980 move +0.0560 +0.0000 +1.0355 -0.7430 -81.34 0.993 +0.0198 +0.0854
33.000 stand +0.0000 +0.0000 +1.0346 -0.7449 -81.43 0.990 +0.0191 +0.0455
33.020 stand +0.0000 +0.0000 +1.0331 -0.7460 -81.63 0.988 +0.0177 +0.0172
33.040 stand +0.0000 +0.0000 +1.0310 -0.7463 -81.79 0.989 +0.0159 -0.0162
33.060 stand +0.0000 +0.0000 +1.0282 -0.7458 -81.85 0.990 +0.0137 -0.0477
33.080 stand +0.0000 +0.0000 +1.0248 -0.7447 -81.87 0.992 +0.0109 -0.0743
33.100 stand +0.0000 +0.0000 +1.0208 -0.7432 -81.89 0.995 +0.0077 -0.0861
33.120 stand +0.0000 +0.0000 +1.0166 -0.7417 -81.94 0.996 +0.0044 -0.0860
33.140 stand +0.0000 +0.0000 +1.0125 -0.7402 -82.01 0.998 +0.0011 -0.0812
33.160 stand +0.0000 +0.0000 +1.0085 -0.7390 -82.08 0.999 -0.0022 -0.0713
33.180 stand +0.0000 +0.0000 +1.0044 -0.7381 -82.16 1.000 -0.0055 -0.0571
33.200 stand +0.0000 +0.0000 +1.0003 -0.7375 -82.25 1.000 -0.0089 -0.0401
33.220 stand +0.0000 +0.0000 +0.9961 -0.7374 -82.33 1.000 -0.0124 -0.0208
33.240 stand +0.0000 +0.0000 +0.9917 -0.7378 -82.40 0.999 -0.0161 -0.0011
33.260 stand +0.0000 +0.0000 +0.9871 -0.7387 -82.48 0.998 -0.0201 +0.0183
33.280 stand +0.0000 +0.0000 +0.9824 -0.7399 -82.55 0.996 +0.0617 +0.0312
33.300 stand +0.0000 +0.0000 +0.9790 -0.7411 -82.63 0.995 +0.0586 +0.0297
33.320 stand +0.0000 +0.0000 +0.9766 -0.7422 -82.73 0.993 +0.0565 +0.0298
33.340 stand +0.0000 +0.0000 +0.9750 -0.7431 -82.85 0.993 +0.0551 +0.0264
33.360 stand +0.0000 +0.0000 +0.9742 -0.7438 -83.03 0.992 +0.0545 +0.0208
33.380 stand +0.0000 +0.0000 +0.9740 -0.7442 -83.24 0.992 +0.0543 +0.0144
33.400 stand +0.0000 +0.0000 +0.9742 -0.7444 -83.48 0.992 +0.0545 +0.0076
33.420 stand +0.0000 +0.0000 +0.9748 -0.7445 -83.74 0.992 +0.0551 +0.0008
33.440 stand +0.0000 +0.0000 +0.9756 -0.7443 -84.01 0.992 +0.0558 -0.0056
33.460 stand +0.0000 +0.0000 +0.9765 -0.7440 -84.29 0.992 +0.0568 -0.0109
33.480 stand +0.0000 +0.0000 +0.9776 -0.7435 -84.58 0.993 +0.0577 -0.0155
33.500 stand +0.0000 +0.0000 +0.9787 -0.7430 -84.88 0.993 +0.0588 -0.0181
33.520 stand +0.0000 +0.0000 +0.9798 -0.7425 -85.17 0.994 +0.0598 -0.0198
33.540 stand +0.0000 +0.0000 +0.9810 -0.7419 -85.45 0.994 +0.0609 -0.0211
33.560 stand +0.0000 +0.0000 +0.9821 -0.7413 -85.72 0.994 +0.0620 -0.0214
33.580 stand +0.0000 +0.0000 +0.9832 -0.7407 -85.96 0.995 +0.0630 -0.0211
33.600 stand +0.0000 +0.0000 +0.9843 -0.7401 -86.09 0.995 +0.0641 -0.0192
33.620 stand +0.0000 +0.0000 +0.9854 -0.7397 -86.25 0.995 +0.0652 -0.0173
33.640 stand +0.0000 +0.0000 +0.9865 -0.7392 -86.49 0.995 +0.0661 -0.0179
33.660 stand +0.0000 +0.0000 +0.9875 -0.7387 -86.79 0.996 +0.0669 -0.0178
33.680 stand +0.0000 +0.0000 +0.9885 -0.7383 -87.02 0.996 +0.0677 -0.0173
33.700 stand +0.0000 +0.0000 +0.9895 -0.7379 -87.21 0.996 +0.0685 -0.0137
33.720 stand +0.0000 +0.0000 +0.9903 -0.7376 -87.40 0.996 +0.0691 -0.0073
33.740 stand +0.0000 +0.0000 +0.9910 -0.7375 -87.55 0.996 +0.0697 +0.0004
33.760 stand +0.0000 +0.0000 +0.9917 -0.7377 -87.72 0.997 +0.0702 +0.0077
33.780 stand +0.0000 +0.0000 +0.9923 -0.7379 -87.86 0.997 +0.0700 +0.0142
33.800 stand +0.0000 +0.0000 +0.9928 -0.7383 -87.99 0.997 +0.0696 +0.0187
33.820 stand +0.0000 +0.0000 +0.9934 -0.7388 -88.09 0.997 +0.0690 +0.0212
33.840 stand +0.0000 +0.0000 +0.9939 -0.7393 -88.13 0.997 +0.0684 +0.0217
33.860 stand +0.0000 +0.0000 +0.9944 -0.7398 -88.14 0.998 +0.0678 +0.0205
33.880 stand +0.0000 +0.0000 +0.9949 -0.7403 -88.13 0.998 +0.0673 +0.0184
33.900 stand +0.0000 +0.0000 +0.9955 -0.7407 -88.12 0.998 +0.0668 +0.0158
33.920 stand +0.0000 +0.0000 +0.9959 -0.7410 -88.13 0.998 +0.0664 +0.0130
33.940 stand +0.0000 +0.0000 +0.9964 -0.7413 -88.14 0.998 +0.0661 +0.0094
33.960 stand +0.0000 +0.0000 +0.9968 -0.7414 -88.16 0.998 +0.0658 +0.0059
33.980 stand +0.0000 +0.0000 +0.9972 -0.7415 -88.18 0.998 +0.0657 +0.0029
34.000 stand +0.0000 +0.0000 +0.9975 -0.7415 -88.21 0.998 +0.0656 +0.0002
34.020 stand +0.0000 +0.0000 +0.9978 -0.7415 -88.23 0.998 +0.0656 -0.0018
34.040 stand +0.0000 +0.0000 +0.9980 -0.7414 -88.25 0.998 +0.0655 -0.0032
34.060 stand +0.0000 +0.0000 +0.9982 -0.7413 -88.28 0.999 +0.0655 -0.0042
34.080 stand +0.0000 +0.0000 +0.9982 -0.7412 -88.31 0.999 +0.0656 -0.0047
34.100 stand +0.0000 +0.0000 +0.9983 -0.7411 -88.33 0.999 +0.0656 -0.0049
34.120 stand +0.0000 +0.0000 +0.9983 -0.7410 -88.36 0.999 +0.0656 -0.0049
34.140 stand +0.0000 +0.0000 +0.9982 -0.7409 -88.38 0.999 +0.0656 -0.0048
34.160 stand +0.0000 +0.0000 +0.9982 -0.7407 -88.41 0.999 +0.0657 -0.0046
34.180 stand +0.0000 +0.0000 +0.9981 -0.7406 -88.43 0.998 +0.0657 -0.0044
34.200 stand +0.0000 +0.0000 +0.9980 -0.7405 -88.45 0.998 +0.0657 -0.0044
34.220 stand +0.0000 +0.0000 +0.9978 -0.7404 -88.46 0.998 +0.0657 -0.0043
34.240 stand +0.0000 +0.0000 +0.9976 -0.7403 -88.48 0.998 +0.0657 -0.0041
34.260 stand +0.0000 +0.0000 +0.9974 -0.7403 -88.49 0.998 +0.0657 -0.0038
34.280 stand +0.0000 +0.0000 +0.9972 -0.7402 -88.50 0.998 +0.0656 -0.0033
34.300 stand +0.0000 +0.0000 +0.9970 -0.7401 -88.51 0.998 +0.0656 -0.0029
34.320 stand +0.0000 +0.0000 +0.9968 -0.7401 -88.52 0.998 +0.0656 -0.0024
34.340 stand +0.0000 +0.0000 +0.9966 -0.7400 -88.52 0.998 +0.0655 -0.0019
34.360 stand +0.0000 +0.0000 +0.9964 -0.7400 -88.53 0.998 +0.0655 -0.0015
34.380 stand +0.0000 +0.0000 +0.9963 -0.7400 -88.54 0.998 +0.0654 -0.0010
34.400 stand +0.0000 +0.0000 +0.9962 -0.7400 -88.55 0.998 +0.0654 -0.0004
34.420 stand +0.0000 +0.0000 +0.9961 -0.7400 -88.55 0.998 +0.0653 +0.0000
34.440 stand +0.0000 +0.0000 +0.9961 -0.7400 -88.56 0.998 +0.0652 +0.0003
34.460 stand +0.0000 +0.0000 +0.9961 -0.7400 -88.57 0.998 +0.0652 +0.0005
34.480 stand +0.0000 +0.0000 +0.9961 -0.7400 -88.58 0.998 +0.0651 +0.0006
34.500 stand +0.0000 +0.0000 +0.9962 -0.7400 -88.58 0.998 +0.0650 +0.0005
34.520 stand +0.0000 +0.0000 +0.9962 -0.7400 -88.59 0.998 +0.0649 +0.0005
34.540 stand +0.0000 +0.0000 +0.9963 -0.7400 -88.60 0.998 +0.0649 +0.0003
34.560 stand +0.0000 +0.0000 +0.9964 -0.7400 -88.60 0.998 +0.0648 +0.0002
34.580 stand +0.0000 +0.0000 +0.9965 -0.7400 -88.61 0.998 +0.0648 +0.0001
34.600 stand +0.0000 +0.0000 +0.9966 -0.7400 -88.61 0.998 +0.0647 -0.0000
34.620 stand +0.0000 +0.0000 +0.9967 -0.7400 -88.62 0.998 +0.0647 -0.0001
34.640 stand +0.0000 +0.0000 +0.9967 -0.7400 -88.62 0.998 +0.0646 -0.0002
34.660 stand +0.0000 +0.0000 +0.9968 -0.7400 -88.63 0.998 +0.0646 -0.0002
34.680 stand +0.0000 +0.0000 +0.9968 -0.7400 -88.63 0.998 +0.0645 -0.0002
34.700 stand +0.0000 +0.0000 +0.9968 -0.7400 -88.64 0.998 +0.0645 -0.0002
34.720 stand +0.0000 +0.0000 +0.9968 -0.7400 -88.64 0.998 +0.0645 -0.0002
34.740 stand +0.0000 +0.0000 +0.9968 -0.7400 -88.65 0.998 +0.0644 -0.0002
34.760 stand +0.0000 +0.0000 +0.9968 -0.7400 -88.65 0.998 +0.0644 -0.0002
34.780 stand +0.0000 +0.0000 +0.9968 -0.7400 -88.66 0.998 +0.0643 -0.0002
34.800 stand +0.0000 +0.0000 +0.9968 -0.7400 -88.66 0.998 +0.0643 -0.0002
34.820 stand +0.0000 +0.0000 +0.9967 -0.7400 -88.66 0.998 +0.0643 -0.0001
34.840 stand +0.0000 +0.0000 +0.9967 -0.7400 -88.67 0.998 +0.0642 -0.0001
34.860 stand +0.0000 +0.0000 +0.9967 -0.7400 -88.67 0.998 +0.0642 -0.0001
34.880 stand +0.0000 +0.0000 +0.9967 -0.7400 -88.67 0.998 +0.0642 -0.0001
34.900 stand +0.0000 +0.0000 +0.9967 -0.7400 -88.68 0.998 +0.0641 -0.0001
34.920 stand +0.0000 +0.0000 +0.9966 -0.7400 -88.68 0.998 +0.0641 -0.0001
34.940 stand +0.0000 +0.0000 +0.9966 -0.7400 -88.68 0.998 +0.0641 -0.0001
34.960 stand +0.0000 +0.0000 +0.9967 -0.7400 -88.69 0.998 +0.0640 -0.0001
34.980 stand +0.0000 +0.0000 +0.9967 -0.7400 -88.69 0.998 +0.0640 -0.0001
35.000 stand +0.0000 +0.0000 +0.9967 -0.7400 -88.69 0.998 +0.0640 -0.0001
35.020 stand +0.0000 +0.0000 +0.9967 -0.7400 -88.69 0.998 +0.0639 -0.0000
35.040 stand +0.0000 +0.0000 +0.9967 -0.7400 -88.70 0.998 +0.0639 -0.0000
35.060 stand +0.0000 +0.0000 +0.9967 -0.7400 -88.70 0.998 +0.0639 -0.0000
35.080 stand +0.0000 +0.0000 +0.9967 -0.7400 -88.70 0.998 +0.0638 -0.0000
35.100 stand +0.0000 +0.0000 +0.9968 -0.7400 -88.70 0.998 +0.0638 -0.0000
35.120 stand +0.0000 +0.0000 +0.9968 -0.7400 -88.71 0.998 +0.0638 -0.0000
35.140 stand +0.0000 +0.0000 +0.9968 -0.7400 -88.71 0.998 +0.0638 -0.0000
35.160 stand +0.0000 +0.0000 +0.9968 -0.7400 -88.71 0.998 +0.0637 -0.0000
35.180 stand +0.0000 +0.0000 +0.9968 -0.7400 -88.71 0.998 +0.0637 -0.0000
35.200 stand +0.0000 +0.0000 +0.9968 -0.7400 -88.71 0.998 +0.0637 -0.0000
35.220 stand +0.0000 +0.0000 +0.9968 -0.7400 -88.72 0.998 +0.0637 -0.0000
35.240 stand +0.0000 +0.0000 +0.9968 -0.7400 -88.72 0.998 +0.0637 -0.0000
35.260 stand +0.0000 +0.0000 +0.9968 -0.7400 -88.72 0.998 +0.0636 -0.0001
35.280 stand +0.0000 +0.0000 +0.9968 -0.7400 -88.72 0.998 +0.0636 -0.0001
35.300 stand +0.0000 +0.0000 +0.9968 -0.7400 -88.72 0.998 +0.0636 -0.0001
35.320 stand +0.0000 +0.0000 +0.9968 -0.7400 -88.72 0.998 +0.0636 -0.0001
35.340 stand +0.0000 +0.0000 +0.9968 -0.7400 -88.72 0.998 +0.0636 -0.0001
35.360 stand +0.0000 +0.0000 +0.9968 -0.7400 -88.73 0.998 +0.0635 -0.0001
35.380 stand +0.0000 +0.0000 +0.9968 -0.7400 -88.73 0.998 +0.0635 -0.0001
35.400 stand +0.0000 +0.0000 +0.9968 -0.7400 -88.73 0.998 +0.0635 -0.0001
35.420 stand +0.0000 +0.0000 +0.9968 -0.7400 -88.73 0.998 +0.0635 -0.0000
35.440 stand +0.0000 +0.0000 +0.9968 -0.7400 -88.74 0.998 +0.0635 +0.0001
35.460 stand +0.0000 +0.0000 +0.9969 -0.7400 -88.75 0.998 +0.0634 +0.0002
35.480 stand +0.0000 +0.0000 +0.9969 -0.7400 -88.75 0.998 +0.0634 +0.0002
