# clip_pitchoff_toeup20mrad_hiplead_T0.65 sim-only predicted clip at ±2.33 Nm
# The kit HX-35H position servo has no force clip. Do not rely on this limiter.
# t joint ctrl_minus_q qd ik ctrl q predicted force
1.048 l_hip_roll -0.100377 -1.376922 -0.162851 -0.167795 -0.067418 -1.6706 -1.6706
1.048 l_hip_pitch -0.068964 -0.673287 -0.831976 -0.876545 -0.807581 -1.8846 -1.8846
1.048 l_ank_pitch 0.022879 0.787571 0.618604 0.605073 0.582194 -0.1428 -0.1428
1.056 l_hip_roll -0.101458 -1.714475 -0.166206 -0.181720 -0.080262 -1.1391 -1.1391
1.056 l_hip_pitch -0.078303 -1.129048 -0.855836 -0.893712 -0.815409 -1.4799 -1.4799
1.056 l_ank_pitch 0.034513 0.767397 0.645535 0.622747 0.588235 0.2886 0.2886
1.064 l_hip_roll -0.088268 -1.858813 -0.169596 -0.183087 -0.094819 -0.3658 -0.3658
1.064 l_hip_pitch -0.092254 -1.465654 -0.876312 -0.918376 -0.826121 -1.4983 -1.4983
1.064 l_ank_pitch 0.048272 0.930702 0.668732 0.643382 0.595110 0.5745 0.5745
1.072 l_hip_roll -0.073934 -1.821802 -0.172919 -0.183579 -0.109644 0.1446 0.1446
1.072 l_hip_pitch -0.091229 -1.721961 -0.893609 -0.930473 -0.839243 -0.9883 -0.9883
1.072 l_ank_pitch 0.060552 1.193874 0.688393 0.664359 0.603806 0.6890 0.6890
1.080 l_hip_roll -0.059850 -1.602754 -0.176048 -0.183062 -0.123212 0.3350 0.3350
1.080 l_hip_pitch -0.072763 -1.749182 -0.907782 -0.926119 -0.853356 -0.1080 -0.1080
1.080 l_ank_pitch 0.069177 1.509487 0.704546 0.684109 0.614932 0.6128 0.6128
1.088 l_hip_roll -0.046864 -1.306228 -0.178836 -0.181435 -0.134571 0.3495 0.3495
1.088 l_hip_pitch -0.050540 -1.530145 -0.918766 -0.916938 -0.866398 0.4955 0.4955
1.088 l_ank_pitch 0.073221 1.778690 0.717088 0.701644 0.628423 0.4318 0.4318
1.096 l_hip_roll -0.035119 -1.007357 -0.181120 -0.178637 -0.143518 0.3105 0.3105
1.096 l_hip_pitch -0.025615 -1.126880 -0.926397 -0.902337 -0.876722 0.8872 0.8872
1.096 l_ank_pitch 0.072814 1.924500 0.725805 0.716280 0.643466 0.2429 0.2429
1.104 l_hip_roll -0.025427 -0.731492 -0.182737 -0.175608 -0.150180 0.2284 0.2284
1.104 l_hip_pitch 0.001616 -0.604945 -0.930427 -0.881586 -0.883202 1.1678 1.1678
1.104 l_ank_pitch 0.068420 1.947895 0.730393 0.727479 0.659059 0.0611 0.0611
1.112 l_hip_roll -0.019439 -0.509813 -0.183525 -0.174315 -0.154876 0.0905 0.0905
1.112 l_hip_pitch -0.000348 -0.205402 -0.930530 -0.886131 -0.885783 0.3561 0.3561
1.112 l_ank_pitch 0.060494 1.856865 0.730466 0.734757 0.674263 -0.1073 -0.1073
1.120 l_hip_roll -0.013953 -0.347250 -0.183344 -0.172070 -0.158116 0.0331 0.0331
1.120 l_hip_pitch -0.003332 -0.083029 -0.926306 -0.890047 -0.886715 0.0003 0.0003
1.120 l_ank_pitch 0.049422 1.662606 0.725564 0.737636 0.688214 -0.2621 -0.2621
1.128 l_hip_roll -0.008612 -0.216805 -0.182082 -0.168842 -0.160229 0.0247 0.0247
1.128 l_hip_pitch -0.004939 -0.055694 -0.917269 -0.892161 -0.887222 -0.1215 -0.1215
1.128 l_ank_pitch 0.035455 1.377846 0.715147 0.735608 0.700154 -0.4098 -0.4098
1.136 l_hip_roll -0.003235 -0.106520 -0.179664 -0.164637 -0.161402 0.0520 0.0520
1.136 l_hip_pitch -0.004815 -0.040581 -0.902831 -0.892417 -0.887602 -0.1432 -0.1432
1.136 l_ank_pitch 0.018712 1.010698 0.698580 0.728112 0.709400 -0.5559 -0.5559
1.144 l_hip_roll 0.002256 -0.006266 -0.176059 -0.159496 -0.161752 0.1009 0.1009
1.144 l_hip_pitch -0.003051 -0.006128 -0.882265 -0.890827 -0.887776 -0.1262 -0.1262
1.144 l_ank_pitch -0.000819 0.565246 0.675095 0.714498 0.715317 -0.7058 -0.7058
1.152 l_hip_roll 0.007805 0.095639 -0.174831 -0.153492 -0.161297 0.1494 0.1494
1.152 l_hip_pitch 0.000112 0.041790 -0.885995 -0.887475 -0.887587 -0.0706 -0.0706
1.152 l_ank_pitch -0.009437 0.146700 0.679276 0.708210 0.717647 -0.5060 -0.5060
1.160 l_hip_roll 0.013274 0.203028 -0.172896 -0.146726 -0.160000 0.1852 0.1852
1.160 l_hip_pitch 0.004479 0.095458 -0.889961 -0.882513 -0.886992 0.0288 0.0288
1.160 l_ank_pitch -0.011081 -0.107202 0.683728 0.706353 0.717434 -0.2594 -0.2594
1.168 l_hip_roll 0.020871 0.328503 -0.168873 -0.136901 -0.157773 0.2755 0.2755
1.168 l_hip_pitch 0.009211 0.161698 -0.892424 -0.876695 -0.885906 0.1218 0.1218
1.168 l_ank_pitch -0.009594 -0.209071 0.686450 0.706392 0.715986 -0.0853 -0.0853
1.176 l_hip_roll 0.025589 0.461038 -0.164676 -0.128878 -0.154466 0.2385 0.2385
1.176 l_hip_pitch 0.014780 0.247218 -0.892732 -0.869423 -0.884202 0.2176 0.2176
1.176 l_ank_pitch -0.008214 -0.223962 0.685490 0.705994 0.714208 -0.0192 -0.0192
1.184 l_hip_roll 0.029680 0.565379 -0.159543 -0.120557 -0.150236 0.2245 0.2245
1.184 l_hip_pitch 0.020243 0.352828 -0.891203 -0.861463 -0.881706 0.2723 0.2723
1.184 l_ank_pitch -0.008031 -0.215377 0.682457 0.704430 0.712461 -0.0231 -0.0231
1.192 l_hip_roll 0.033205 0.646349 -0.153546 -0.112093 -0.145298 0.2277 0.2277
1.192 l_hip_pitch 0.025098 0.466320 -0.887932 -0.853220 -0.878318 0.2853 0.2853
1.192 l_ank_pitch -0.009414 -0.220865 0.677478 0.701315 0.710730 -0.0649 -0.0649
1.200 l_hip_roll 0.036146 0.714101 -0.146786 -0.103635 -0.139781 0.2299 0.2299
1.200 l_hip_pitch 0.028902 0.575397 -0.883083 -0.845134 -0.874036 0.2590 0.2590
1.200 l_ank_pitch -0.012300 -0.257823 0.670761 0.696503 0.708803 -0.1216 -0.1216
1.208 l_hip_roll 0.038449 0.771690 -0.139388 -0.095325 -0.133774 0.2240 0.2240
1.208 l_hip_pitch 0.031292 0.667882 -0.876887 -0.837664 -0.868956 0.1991 0.1991
1.208 l_ank_pitch -0.016382 -0.330041 0.662590 0.690021 0.706404 -0.1780 -0.1780
1.216 l_hip_roll 0.040069 0.819000 -0.131492 -0.087287 -0.127356 0.2083 0.2083
1.216 l_hip_pitch 0.031999 0.733059 -0.869639 -0.831267 -0.863266 0.1130 0.1130
1.216 l_ank_pitch -0.021238 -0.432911 0.653315 0.682031 0.703269 -0.2247 -0.2247
1.224 l_hip_roll 0.040986 0.855099 -0.123250 -0.079630 -0.120616 0.1835 0.1835
1.224 l_hip_pitch 0.030859 0.762490 -0.861694 -0.826369 -0.857228 0.0084 0.0084
1.224 l_ank_pitch -0.026400 -0.557157 0.643351 0.672796 0.699196 -0.2565 -0.2565
1.232 l_hip_roll 0.041205 0.879188 -0.114815 -0.072441 -0.113646 0.1512 0.1512
1.232 l_hip_pitch 0.027821 0.750465 -0.853453 -0.823337 -0.851158 -0.1065 -0.1065
1.232 l_ank_pitch -0.031405 -0.691321 0.633162 0.662668 0.694073 -0.2710 -0.2710
1.240 l_hip_roll 0.040761 0.890935 -0.106340 -0.065784 -0.106546 0.1135 0.1135
1.240 l_hip_pitch 0.022952 0.694238 -0.845356 -0.822453 -0.845404 -0.2239 -0.2239
1.240 l_ank_pitch -0.035819 -0.823359 0.623248 0.652059 0.687878 -0.2673 -0.2673
1.248 l_hip_roll 0.039713 0.890555 -0.097968 -0.059699 -0.099412 0.0722 0.0722
1.248 l_hip_pitch 0.016436 0.594109 -0.837863 -0.823885 -0.840321 -0.3358 -0.3358
1.248 l_ank_pitch -0.039257 -0.941648 0.614128 0.641431 0.680688 -0.2459 -0.2459
1.256 l_hip_roll 0.038140 0.878787 -0.089830 -0.054199 -0.092339 0.0293 0.0293
1.256 l_hip_pitch 0.008570 0.453366 -0.831429 -0.827674 -0.836244 -0.4350 -0.4350
1.256 l_ank_pitch -0.041395 -1.035652 0.606311 0.631271 0.672666 -0.2081 -0.2081
1.264 l_hip_roll 0.036519 0.859115 -0.082040 -0.048885 -0.085404 -0.0021 -0.0021
1.264 l_hip_pitch 0.000738 0.284651 -0.826483 -0.832709 -0.833448 -0.4820 -0.4820
1.264 l_ank_pitch -0.041984 -1.096346 0.600275 0.622068 0.664052 -0.1560 -0.1560
1.272 l_hip_roll 0.035169 0.837975 -0.074693 -0.043469 -0.078638 -0.0200 -0.0200
1.272 l_hip_pitch -0.004592 0.119823 -0.823394 -0.836604 -0.832012 -0.4236 -0.4236
1.272 l_ank_pitch -0.040866 -1.116560 0.596430 0.614285 0.655151 -0.0926 -0.0926
1.280 l_hip_roll 0.034057 0.819654 -0.067860 -0.037972 -0.072029 -0.0333 -0.0333
1.280 l_hip_pitch -0.007480 -0.010353 -0.822446 -0.839212 -0.831732 -0.3179 -0.3179
1.280 l_ank_pitch -0.037977 -1.091590 0.595091 0.608334 0.646311 -0.0214 -0.0214
1.288 l_hip_roll 0.033498 0.807217 -0.061588 -0.032042 -0.065540 -0.0345 -0.0345
1.288 l_hip_pitch -0.008218 -0.096472 -0.823812 -0.840493 -0.832275 -0.1952 -0.1952
1.288 l_ank_pitch -0.033361 -1.019554 0.596448 0.604544 0.637905 0.0538 0.0538
1.296 l_hip_roll 0.075126 1.054931 -0.055902 0.016891 -0.058236 1.2088 1.2088
1.296 l_hip_pitch -0.007693 -0.142349 -0.827535 -0.840991 -0.833298 -0.0885 -0.0885
1.296 l_ank_pitch -0.027166 -0.901118 0.600555 0.603141 0.630308 0.1287 0.1287
1.368 r_hip_roll 0.100344 1.369043 0.162851 0.137135 0.036791 1.6827 1.6827
1.368 r_hip_pitch 0.044436 0.023213 0.826356 0.862235 0.817799 1.9576 1.9576
1.368 r_ank_pitch 0.003991 0.078748 -0.624213 -0.613794 -0.617785 0.0453 0.0453
1.376 r_hip_roll 0.111089 1.747469 0.166206 0.160802 0.049713 1.4682 1.4682
1.376 r_hip_pitch 0.056346 0.583575 0.850177 0.877251 0.820905 1.4792 1.4792
1.376 r_ank_pitch -0.012916 0.008571 -0.651184 -0.630240 -0.617324 -0.4623 -0.4623
1.384 r_hip_roll 0.117904 2.044073 0.169596 0.183087 0.065183 1.2357 1.2357
1.384 r_hip_pitch 0.074226 1.049250 0.870679 0.902108 0.827882 1.4408 1.4408
1.384 r_ank_pitch -0.031554 -0.280342 -0.674357 -0.650128 -0.618574 -0.7685 -0.7685
1.392 r_hip_roll 0.101007 2.215819 0.172919 0.183579 0.082572 0.2674 0.2674
1.392 r_hip_pitch 0.087840 1.517711 0.888070 0.926449 0.838609 1.2055 1.2055
1.392 r_ank_pitch -0.047655 -0.729916 -0.693925 -0.670618 -0.622963 -0.7935 -0.7935
1.400 r_hip_roll 0.083314 2.072306 0.176048 0.183062 0.099748 -0.1959 -0.1959
1.400 r_hip_pitch 0.070446 1.724617 0.902407 0.922582 0.852136 0.0482 0.0482
1.400 r_ank_pitch -0.058956 -1.168452 -0.709916 -0.690012 -0.631056 -0.6636 -0.6636
1.408 r_hip_roll 0.066578 1.768242 0.178836 0.181435 0.114857 -0.3476 -0.3476
1.408 r_hip_pitch 0.048773 1.533212 0.913625 0.913930 0.865156 -0.5806 -0.5806
1.408 r_ank_pitch -0.065121 -1.495458 -0.722226 -0.707241 -0.642120 -0.4876 -0.4876
1.416 r_hip_roll 0.051336 1.426662 0.181120 0.178637 0.127301 -0.3757 -0.3757
1.416 r_hip_pitch 0.024360 1.133975 0.921560 0.899890 0.875531 -0.9565 -0.9565
1.416 r_ank_pitch -0.066415 -1.692814 -0.730642 -0.721573 -0.655158 -0.2965 -0.2965
1.424 r_hip_roll 0.038543 1.100870 0.182737 0.175608 0.137064 -0.3327 -0.3327
1.424 r_hip_pitch -0.002345 0.612009 0.925960 0.879720 0.882065 -1.2134 -1.2134
1.424 r_ank_pitch -0.063318 -1.760410 -0.734862 -0.732442 -0.669124 -0.1071 -0.1071
1.432 r_hip_roll 0.029858 0.827022 0.183525 0.174315 0.144457 -0.2138 -0.2138
1.432 r_hip_pitch 0.000108 0.213548 0.926494 0.884817 0.884709 -0.3817 -0.3817
1.432 r_ank_pitch -0.056339 -1.704986 -0.734506 -0.739351 -0.683012 0.0707 0.0707
1.440 r_hip_roll 0.022101 0.611395 0.183344 0.172070 0.149969 -0.1570 -0.1570
1.440 r_hip_pitch 0.003592 0.092025 0.922754 0.889302 0.885709 -0.0049 -0.0049
1.440 r_ank_pitch -0.045925 -1.538038 -0.729121 -0.741815 -0.695890 0.2352 0.2352
1.448 r_hip_roll 0.014901 0.430770 0.182082 0.168842 0.153941 -0.1374 -0.1374
1.448 r_hip_pitch 0.005693 0.067810 0.914245 0.891996 0.886302 0.1334 0.1334
1.448 r_ank_pitch -0.032392 -1.273199 -0.718177 -0.739328 -0.706936 0.3916 0.3916
1.456 r_hip_roll 0.008054 0.271768 0.179664 0.164637 0.156583 -0.1406 -0.1406
1.456 r_hip_pitch 0.006030 0.057717 0.900368 0.892834 0.886804 0.1669 0.1669
1.456 r_ank_pitch -0.015913 -0.919888 -0.701050 -0.731332 -0.715418 0.5451 0.5451
1.464 r_hip_roll 0.001463 0.128574 0.176059 0.159496 0.158033 -0.1604 -0.1604
1.464 r_hip_pitch 0.004675 0.029628 0.880382 0.891820 0.887146 0.1567 0.1567
1.464 r_ank_pitch 0.003471 -0.483524 -0.676985 -0.717186 -0.720657 0.7008 0.7008
1.472 r_hip_roll -0.004904 -0.004043 0.174831 0.153492 0.158396 -0.1893 -0.1893
1.472 r_hip_pitch 0.001849 -0.010781 0.884665 0.889031 0.887182 0.1027 0.1027
1.472 r_ank_pitch 0.012005 -0.070629 -0.680613 -0.710358 -0.722363 0.5048 0.5048
1.480 r_hip_roll -0.010992 -0.133050 0.172896 0.146726 0.157718 -0.2131 -0.2131
1.480 r_hip_pitch -0.002263 -0.056887 0.889199 0.884610 0.886873 0.0011 0.0011
1.480 r_ank_pitch 0.013612 0.179892 -0.684494 -0.707948 -0.721560 0.2609 0.2609
1.488 r_hip_roll -0.019069 -0.273917 0.168873 0.136901 0.155970 -0.2964 -0.2964
1.488 r_hip_pitch -0.004004 -0.097714 0.892424 0.882190 0.886195 -0.0033 -0.0033
1.488 r_ank_pitch 0.012188 0.280632 -0.686450 -0.707349 -0.719537 0.0904 0.0904
1.496 r_hip_roll -0.024184 -0.412541 0.164676 0.128878 0.153061 -0.2649 -0.2649
1.496 r_hip_pitch -0.009356 -0.148112 0.893894 0.875841 0.885196 -0.1529 -0.1529
1.496 r_ank_pitch 0.011080 0.297718 -0.684317 -0.706099 -0.717179 0.0311 0.0311
1.504 r_hip_roll -0.028644 -0.521902 0.159543 0.120557 0.149201 -0.2571 -0.2571
1.504 r_hip_pitch -0.014853 -0.238971 0.893508 0.868724 0.883576 -0.2358 -0.2358
1.504 r_ank_pitch 0.011256 0.294947 -0.680122 -0.703559 -0.714815 0.0406 0.0406
1.512 r_hip_roll -0.032463 -0.614083 0.153546 0.112093 0.144556 -0.2529 -0.2529
1.512 r_hip_pitch -0.019886 -0.348336 0.891345 0.861239 0.881124 -0.2643 -0.2643
1.512 r_ank_pitch 0.013002 0.308510 -0.674010 -0.699405 -0.712408 0.0855 0.0855
1.520 r_hip_roll -0.035606 -0.692907 0.146786 0.103635 0.139241 -0.2444 -0.2444
1.520 r_hip_pitch -0.023959 -0.458710 0.887555 0.853823 0.877782 -0.2478 -0.2478
1.520 r_ank_pitch 0.016202 0.354168 -0.666204 -0.693534 -0.709736 0.1428 0.1428
1.528 r_hip_roll -0.038034 -0.758991 0.139388 0.095325 0.133359 -0.2290 -0.2290
1.528 r_hip_pitch -0.026681 -0.555530 0.882355 0.846935 0.873615 -0.1950 -0.1950
1.528 r_ank_pitch 0.020522 0.434362 -0.656999 -0.686004 -0.706526 0.1979 0.1979
1.536 r_hip_roll -0.039726 -0.811962 0.131492 0.087287 0.127013 -0.2065 -0.2065
1.536 r_hip_pitch -0.027763 -0.626975 0.876032 0.841030 0.868794 -0.1144 -0.1144
1.536 r_ank_pitch 0.025525 0.543579 -0.646760 -0.676998 -0.702523 0.2422 0.2422
1.544 r_hip_roll -0.040681 -0.851360 0.123250 0.079630 0.120311 -0.1776 -0.1776
1.544 r_hip_pitch -0.027031 -0.663760 0.868932 0.836537 0.863568 -0.0149 -0.0149
1.544 r_ank_pitch 0.030743 0.672054 -0.635908 -0.666799 -0.697543 0.2709 0.2709
1.552 r_hip_roll -0.040922 -0.876978 0.114815 0.072441 0.113363 -0.1436 -0.1436
1.552 r_hip_pitch -0.024423 -0.660069 0.861451 0.833825 0.858248 0.0958 0.0958
1.552 r_ank_pitch 0.035719 0.808155 -0.624913 -0.655770 -0.691488 0.2820 0.2820
1.560 r_hip_roll -0.040493 -0.889084 0.106340 0.065784 0.106277 -0.1059 -0.1059
1.560 r_hip_pitch -0.019997 -0.613010 0.854028 0.833175 0.853172 0.2098 0.2098
1.560 r_ank_pitch 0.040026 0.939874 -0.614282 -0.644333 -0.684359 0.2749 0.2749
1.568 r_hip_roll -0.039460 -0.888398 0.097968 0.059699 0.099160 -0.0658 -0.0658
1.568 r_hip_pitch -0.013932 -0.522629 0.847118 0.834758 0.848690 0.3191 0.3191
1.568 r_ank_pitch 0.043289 1.055757 -0.604535 -0.632958 -0.676247 0.2503 0.2503
1.576 r_hip_roll -0.037908 -0.876043 0.089830 0.054199 0.092107 -0.0247 -0.0247
1.576 r_hip_pitch -0.006520 -0.391993 0.841180 0.838614 0.845135 0.4162 0.4162
1.576 r_ank_pitch 0.045196 1.145507 -0.596183 -0.622136 -0.667333 0.2095 0.2095
1.584 r_hip_roll -0.036312 -0.855754 0.082040 0.048885 0.085197 0.0046 0.0046
1.584 r_hip_pitch 0.000876 -0.233454 0.836642 0.843655 0.842778 0.4620 0.4620
1.584 r_ank_pitch 0.045510 1.200367 -0.589705 -0.612359 -0.657868 0.1548 0.1548
1.592 r_hip_roll -0.034992 -0.834113 0.074693 0.043469 0.078461 0.0206 0.0206
1.592 r_hip_pitch 0.005836 -0.078271 0.833875 0.847539 0.841703 0.4043 0.4043
1.592 r_ank_pitch 0.044078 1.213444 -0.585511 -0.604092 -0.648170 0.0890 0.0890
1.600 r_hip_roll -0.033912 -0.815461 0.067860 0.037972 0.071884 0.0320 0.0320
1.600 r_hip_pitch 0.008412 0.043381 0.833164 0.850124 0.841712 0.3000 0.3000
1.600 r_ank_pitch 0.040847 1.180288 -0.583915 -0.597747 -0.638595 0.0156 0.0156
1.608 r_hip_roll -0.033387 -0.802868 0.061588 0.032042 0.065430 0.0315 0.0315
1.608 r_hip_pitch 0.008888 0.122223 0.834682 0.851370 0.842482 0.1787 0.1787
1.608 r_ank_pitch 0.035868 1.099234 -0.585108 -0.593656 -0.629524 -0.0615 -0.0615
1.616 r_hip_roll -0.075049 -1.050964 0.055902 -0.016891 0.058159 -1.2125 -1.2125
1.616 r_hip_pitch 0.008146 0.162061 0.838475 0.851826 0.843681 0.0732 0.0732
1.616 r_ank_pitch 0.029293 0.971129 -0.589143 -0.592044 -0.621337 -0.1382 -0.1382
1.696 l_hip_roll -0.099126 -1.333828 -0.162851 -0.137285 -0.038160 -1.6939 -1.6939
1.696 l_hip_pitch -0.036517 0.087514 -0.784914 -0.837147 -0.800630 -1.8017 -1.8017
1.696 l_ank_pitch 0.012394 0.120812 0.662835 0.650910 0.638516 0.2890 0.2890
1.704 l_hip_roll -0.109777 -1.700538 -0.166206 -0.160526 -0.050748 -1.4956 -1.4956
1.704 l_hip_pitch -0.053700 -0.599482 -0.808506 -0.857258 -0.803558 -1.3313 -1.3313
1.704 l_ank_pitch 0.028150 0.257022 0.690149 0.668095 0.639945 0.6773 0.6773
1.712 l_hip_roll -0.117344 -1.971332 -0.169596 -0.183087 -0.065743 -1.3372 -1.3372
1.712 l_hip_pitch -0.075250 -1.123819 -0.829263 -0.886239 -0.810989 -1.3520 -1.3520
1.712 l_ank_pitch 0.044717 0.606196 0.713218 0.688386 0.643669 0.8389 0.8389
1.720 l_hip_roll -0.101263 -2.095210 -0.172919 -0.183579 -0.082316 -0.4830 -0.4830
1.720 l_hip_pitch -0.075144 -1.491922 -0.847410 -0.897168 -0.822024 -0.6808 -0.6808
1.720 l_ank_pitch 0.058279 1.030666 0.732216 0.708889 0.650610 0.8050 0.8050
1.728 l_hip_roll -0.084400 -1.991096 -0.176048 -0.183062 -0.098661 0.0142 0.0142
1.728 l_hip_pitch -0.062400 -1.555268 -0.863014 -0.896886 -0.834485 0.0073 0.0073
1.728 l_ank_pitch 0.066956 1.432407 0.747156 0.727871 0.660915 0.6274 0.6274
1.736 l_hip_roll -0.068024 -1.740333 -0.178836 -0.181435 -0.113410 0.2423 0.2423
1.736 l_hip_pitch -0.045984 -1.373363 -0.876011 -0.892123 -0.846139 0.4167 0.4167
1.736 l_ank_pitch 0.070369 1.711644 0.757928 0.744237 0.673869 0.4123 0.4123
1.744 l_hip_roll -0.052860 -1.425848 -0.181120 -0.178637 -0.125777 0.3134 0.3134
1.744 l_hip_pitch -0.026617 -1.046665 -0.886228 -0.882191 -0.855574 0.6969 0.6969
1.744 l_ank_pitch 0.068923 1.844321 0.764323 0.757243 0.688320 0.2028 0.2028
1.752 l_hip_roll -0.039996 -1.114302 -0.182737 -0.175608 -0.135611 0.2975 0.2975
1.752 l_hip_pitch -0.004376 -0.618197 -0.893386 -0.866247 -0.861872 0.9221 0.9221
1.752 l_ank_pitch 0.063174 1.841416 0.766055 0.766321 0.703147 0.0050 0.0050
1.760 l_hip_roll -0.031164 -0.847635 -0.183525 -0.174315 -0.143150 0.1967 0.1967
1.760 l_hip_pitch -0.010317 -0.313282 -0.897116 -0.875355 -0.865038 0.1029 0.1029
1.760 l_ank_pitch 0.053657 1.714893 0.762774 0.770985 0.717328 -0.1765 -0.1765
1.768 l_hip_roll -0.023226 -0.634932 -0.183344 -0.172070 -0.148844 0.1521 0.1521
1.768 l_hip_pitch -0.016688 -0.275833 -0.896952 -0.883951 -0.867263 -0.2516 -0.2516
1.768 l_ank_pitch 0.040839 1.478755 0.754074 0.770777 0.729938 -0.3422 -0.3422
1.776 l_hip_roll -0.015835 -0.454438 -0.182082 -0.168842 -0.153007 0.1404 0.1404
1.776 l_hip_pitch -0.021111 -0.324667 -0.892326 -0.890810 -0.869699 -0.3623 -0.3623
1.776 l_ank_pitch 0.025050 1.147979 0.739488 0.765230 0.740179 -0.4985 -0.4985
1.784 l_hip_roll -0.008803 -0.294829 -0.179664 -0.164637 -0.155835 0.1499 0.1499
1.784 l_hip_pitch -0.023236 -0.376398 -0.882550 -0.895808 -0.872572 -0.3643 -0.3643
1.784 l_ank_pitch 0.006493 0.732811 0.718470 0.753841 0.747348 -0.6507 -0.6507
1.792 l_hip_roll -0.002031 -0.150912 -0.176059 -0.159496 -0.157466 0.1757 0.1757
1.792 l_hip_pitch -0.023169 -0.397855 -0.866790 -0.898887 -0.875719 -0.3224 -0.3224
1.792 l_ank_pitch -0.014763 0.239407 0.690354 0.736039 0.750802 -0.8035 -0.8035
1.800 l_hip_roll 0.004503 -0.015423 -0.174831 -0.153492 -0.157995 0.2064 0.2064
1.800 l_hip_pitch -0.021174 -0.394295 -0.875088 -0.900067 -0.878893 -0.2391 -0.2391
1.800 l_ank_pitch -0.024834 -0.224195 0.690098 0.725464 0.750297 -0.6006 -0.6006
1.808 l_hip_roll 0.010725 0.118049 -0.172896 -0.146726 -0.157451 0.2280 0.2280
1.808 l_hip_pitch -0.017480 -0.373328 -0.883731 -0.899438 -0.881958 -0.1108 -0.1108
1.808 l_ank_pitch -0.027722 -0.517978 0.689947 0.719193 0.746914 -0.3497 -0.3497
1.816 l_hip_roll 0.018898 0.263779 -0.168873 -0.136901 -0.155799 0.3068 0.3068
1.816 l_hip_pitch -0.016690 -0.352223 -0.892424 -0.901509 -0.884819 -0.1135 -0.1135
1.816 l_ank_pitch -0.027892 -0.659092 0.686450 0.714096 0.741988 -0.1866 -0.1866
1.824 l_hip_roll 0.024068 0.407526 -0.164676 -0.128878 -0.152946 0.2688 0.2688
1.824 l_hip_pitch -0.010832 -0.314295 -0.898035 -0.898327 -0.887494 0.0815 0.0815
1.824 l_ank_pitch -0.027941 -0.715063 0.680107 0.708463 0.736404 -0.1213 -0.1213
1.832 l_hip_roll 0.028552 0.519765 -0.159543 -0.120557 -0.149109 0.2571 0.2571
1.832 l_hip_pitch -0.004511 -0.220798 -0.901695 -0.894079 -0.889568 0.1967 0.1967
1.832 l_ank_pitch -0.028923 -0.744033 0.671714 0.701614 0.730537 -0.1209 -0.1209
1.840 l_hip_roll 0.032386 0.612250 -0.153546 -0.112093 -0.144478 0.2530 0.2530
1.840 l_hip_pitch 0.001583 -0.098571 -0.903426 -0.889153 -0.890736 0.2497 0.2497
1.840 l_ank_pitch -0.031188 -0.781282 0.661478 0.693226 0.724414 -0.1556 -0.1556
1.848 l_hip_roll 0.035544 0.690864 -0.146786 -0.103635 -0.139179 0.2454 0.2454
1.848 l_hip_pitch 0.006892 0.031890 -0.903329 -0.883981 -0.890873 0.2524 0.2524
1.848 l_ank_pitch -0.034659 -0.843031 0.649678 0.683216 0.717875 -0.2031 -0.2031
1.856 l_hip_roll 0.037989 0.756879 -0.139388 -0.095325 -0.133314 0.2308 0.2308
1.856 l_hip_pitch 0.010975 0.153992 -0.901580 -0.879023 -0.889998 0.2151 0.2151
1.856 l_ank_pitch -0.039025 -0.932416 0.636661 0.671678 0.710703 -0.2488 -0.2488
1.864 l_hip_roll 0.039697 0.809974 -0.131492 -0.087287 -0.126984 0.2088 0.2088
1.864 l_hip_pitch 0.013502 0.254530 -0.898433 -0.874743 -0.888245 0.1469 0.1469
1.864 l_ank_pitch -0.043865 -1.044511 0.622834 0.658832 0.702697 -0.2839 -0.2839
1.872 l_hip_roll 0.040667 0.849589 -0.123250 -0.079630 -0.120297 0.1801 0.1801
1.872 l_hip_pitch 0.014263 0.323337 -0.894211 -0.871579 -0.885841 0.0565 0.0565
1.872 l_ank_pitch -0.048722 -1.169986 0.608656 0.644999 0.693721 -0.3036 -0.3036
1.880 l_hip_roll 0.040920 0.875465 -0.114815 -0.072441 -0.113362 0.1462 0.1462
1.880 l_hip_pitch 0.013166 0.353341 -0.889298 -0.869910 -0.883077 -0.0471 -0.0471
1.880 l_ank_pitch -0.053147 -1.297559 0.594627 0.630575 0.683722 -0.3056 -0.3056
1.888 l_hip_roll 0.040503 0.887807 -0.106340 -0.065784 -0.106287 0.1085 0.1085
1.888 l_hip_pitch 0.010254 0.340713 -0.884126 -0.870029 -0.880283 -0.1553 -0.1553
1.888 l_ank_pitch -0.056730 -1.415562 0.581272 0.616013 0.672742 -0.2897 -0.2897
1.896 l_hip_roll 0.039480 0.887300 -0.097968 -0.059699 -0.099179 0.0684 0.0684
1.896 l_hip_pitch 0.005694 0.284944 -0.879156 -0.872113 -0.877807 -0.2596 -0.2596
1.896 l_ank_pitch -0.059110 -1.512910 0.569130 0.601804 0.660915 -0.2564 -0.2564
1.904 l_hip_roll 0.037935 0.875052 -0.089830 -0.054199 -0.092134 0.0275 0.0275
1.904 l_hip_pitch -0.000223 0.188779 -0.874851 -0.876204 -0.875981 -0.3518 -0.3518
1.904 l_ank_pitch -0.059993 -1.579728 0.558725 0.588460 0.648454 -0.2072 -0.2072
1.912 l_hip_roll 0.036347 0.854814 -0.082040 -0.048885 -0.085232 -0.0016 -0.0016
1.912 l_hip_pitch -0.006197 0.064004 -0.871649 -0.881277 -0.875081 -0.3947 -0.3947
1.912 l_ank_pitch -0.059159 -1.607722 0.550542 0.576488 0.635647 -0.1445 -0.1445
1.920 l_hip_roll 0.035034 0.833190 -0.074693 -0.043469 -0.078503 -0.0173 -0.0173
1.920 l_hip_pitch -0.009941 -0.059721 -0.869934 -0.885142 -0.875202 -0.3392 -0.3392
1.920 l_ank_pitch -0.056474 -1.590494 0.544999 0.566365 0.622839 -0.0712 -0.0712
1.928 l_hip_roll 0.033962 0.814535 -0.067860 -0.037972 -0.071934 -0.0284 -0.0284
1.928 l_hip_pitch -0.011487 -0.153692 -0.870000 -0.887661 -0.876174 -0.2387 -0.2387
1.928 l_ank_pitch -0.051901 -1.524074 0.542413 0.558510 0.610411 0.0093 0.0093
1.936 l_hip_roll 0.033445 0.801949 -0.061588 -0.032042 -0.065487 -0.0277 -0.0277
1.936 l_hip_pitch -0.011090 -0.208754 -0.872026 -0.888795 -0.877705 -0.1212 -0.1212
1.936 l_ank_pitch -0.045504 -1.407235 0.542981 0.553263 0.598767 0.0932 0.0932
1.944 l_hip_roll 0.075109 1.051427 -0.055902 0.016891 -0.058218 1.2141 1.2141
1.944 l_hip_pitch -0.009622 -0.228598 -0.876061 -0.889115 -0.879493 -0.0192 -0.0192
1.944 l_ank_pitch -0.037451 -1.241213 0.546755 0.550853 0.588304 0.1762 0.1762
2.016 r_hip_roll 0.100812 1.386597 0.162851 0.137449 0.036637 1.6715 1.6715
2.016 r_hip_pitch 0.044839 0.064907 0.772938 0.812315 0.767476 1.9003 1.9003
2.016 r_ank_pitch 0.007231 -0.101750 -0.673162 -0.662219 -0.669451 0.3750 0.3750
2.024 r_hip_roll 0.111802 1.772506 0.166206 0.161542 0.049740 1.4540 1.4540
2.024 r_hip_pitch 0.058005 0.651754 0.796483 0.829068 0.771062 1.4305 1.4305
2.024 r_ank_pitch -0.008979 -0.105355 -0.700589 -0.679057 -0.670078 -0.1880 -0.1880
2.032 r_hip_roll 0.117624 2.071567 0.169596 0.183087 0.065463 1.1777 1.1777
2.032 r_hip_pitch 0.076659 1.125310 0.817331 0.855300 0.778640 1.4127 1.4127
2.032 r_ank_pitch -0.027132 -0.340648 -0.723652 -0.699136 -0.672004 -0.5415 -0.5415
2.040 r_hip_roll 0.100380 2.246753 0.172919 0.183579 0.083199 0.1897 0.1897
2.040 r_hip_pitch 0.093045 1.618043 0.835715 0.883153 0.790107 1.2581 1.2581
2.040 r_ank_pitch -0.042827 -0.717267 -0.742519 -0.719461 -0.676634 -0.6396 -0.6396
2.048 r_hip_roll 0.082590 2.076045 0.176048 0.183062 0.100471 -0.2312 -0.2312
2.048 r_hip_pitch 0.084826 1.902440 0.851702 0.889574 0.804748 0.3734 0.3734
2.048 r_ank_pitch -0.054010 -1.082309 -0.757201 -0.738232 -0.684222 -0.5937 -0.5937
2.056 r_hip_roll 0.065887 1.760632 0.178836 0.181435 0.115548 -0.3623 -0.3623
2.056 r_hip_pitch 0.066129 1.826983 0.865229 0.885931 0.819802 -0.3313 -0.3313
2.056 r_ank_pitch -0.059900 -1.375807 -0.767582 -0.754316 -0.694416 -0.4482 -0.4482
2.064 r_hip_roll 0.050730 1.414968 0.181120 0.178637 0.127907 -0.3800 -0.3800
2.064 r_hip_pitch 0.044230 1.509206 0.876116 0.877177 0.832947 -0.7416 -0.7416
2.064 r_ank_pitch -0.060551 -1.552529 -0.773455 -0.766943 -0.706392 -0.2593 -0.2593
2.072 r_hip_roll 0.038033 1.088992 0.182737 0.175608 0.137574 -0.3329 -0.3329
2.072 r_hip_pitch 0.019625 1.051887 0.884081 0.862440 0.842814 -1.0210 -1.0210
2.072 r_ank_pitch -0.056402 -1.598506 -0.774536 -0.775534 -0.719131 -0.0590 -0.0590
2.080 r_hip_roll 0.029436 0.816679 0.183525 0.174315 0.144879 -0.2131 -0.2131
2.080 r_hip_pitch 0.023444 0.704992 0.888740 0.872689 0.849244 -0.2212 -0.2212
2.080 r_ank_pitch -0.048008 -1.514690 -0.770482 -0.779596 -0.731588 0.1343 0.1343
2.088 r_hip_roll 0.021752 0.602963 0.183344 0.172070 0.150318 -0.1566 -0.1566
2.088 r_hip_pitch 0.028065 0.623553 0.889610 0.882448 0.854383 0.1342 0.1342
2.088 r_ank_pitch -0.035907 -1.311355 -0.760899 -0.778674 -0.742767 0.3143 0.3143
2.096 r_hip_roll 0.014610 0.424068 0.182082 0.168842 0.154232 -0.1376 -0.1376
2.096 r_hip_pitch 0.031089 0.630699 0.886101 0.890478 0.859390 0.2573 0.2573
2.096 r_ank_pitch -0.020518 -1.003304 -0.745336 -0.772307 -0.751789 0.4839 0.4839
2.104 r_hip_roll 0.007810 0.266475 0.179664 0.164637 0.156827 -0.1413 -0.1413
2.104 r_hip_pitch 0.032118 0.644775 0.877502 0.896638 0.864519 0.2782 0.2782
2.104 r_ank_pitch -0.002130 -0.602157 -0.723266 -0.760005 -0.757875 0.6469 0.6469
2.112 r_hip_roll 0.001255 0.124714 0.176059 0.159496 0.158241 -0.1622 -0.1622
2.112 r_hip_pitch 0.031203 0.634257 0.862948 0.900853 0.869650 0.2560 0.2560
2.112 r_ank_pitch 0.019109 -0.116005 -0.694047 -0.741215 -0.760325 0.8078 0.8078
2.120 r_hip_roll -0.005087 -0.006756 0.174831 0.153492 0.158579 -0.1920 -0.1920
2.120 r_hip_pitch 0.028544 0.604755 0.872389 0.903126 0.874582 0.1898 0.1898
2.120 r_ank_pitch 0.029227 0.344947 -0.692728 -0.729621 -0.758848 0.6097 0.6097
2.128 r_hip_roll -0.011157 -0.135255 0.172896 0.146726 0.157883 -0.2160 -0.2160
2.128 r_hip_pitch 0.024310 0.563070 0.882195 0.903534 0.879224 0.0747 0.0747
2.128 r_ank_pitch 0.032205 0.638827 -0.691465 -0.722295 -0.754500 0.3619 0.3619
2.136 r_hip_roll -0.019215 -0.276616 0.168873 0.136901 0.156116 -0.2976 -0.2976
2.136 r_hip_pitch 0.028449 0.560526 0.892424 0.912089 0.883640 0.2655 0.2655
2.136 r_ank_pitch 0.032636 0.783145 -0.686450 -0.715957 -0.748593 0.2041 0.2041
2.144 r_hip_roll -0.024304 -0.415897 0.164676 0.128878 0.153181 -0.2640 -0.2640
2.144 r_hip_pitch 0.022369 0.563524 0.900342 0.910587 0.888218 -0.0135 -0.0135
2.144 r_ank_pitch 0.033345 0.847862 -0.677741 -0.708633 -0.741978 0.1513 0.1513
2.152 r_hip_roll -0.028739 -0.524969 0.159543 0.120557 0.149296 -0.2557 -0.2557
2.152 r_hip_pitch 0.015509 0.477237 0.906237 0.907844 0.892336 -0.1660 -0.1660
2.152 r_ank_pitch 0.035158 0.892207 -0.666970 -0.699819 -0.734976 0.1616 0.1616
2.160 r_hip_roll -0.032536 -0.616652 0.153546 0.112093 0.144628 -0.2515 -0.2515
2.160 r_hip_pitch 0.008715 0.348380 0.910101 0.904243 0.895527 -0.2384 -0.2384
2.160 r_ank_pitch 0.038263 0.949176 -0.654377 -0.689308 -0.727571 0.2021 0.2021
2.168 r_hip_roll -0.035660 -0.695040 0.146786 0.103635 0.139295 -0.2430 -0.2430
2.168 r_hip_pitch 0.002616 0.204991 0.912007 0.900217 0.897601 -0.2533 -0.2533
2.168 r_ank_pitch 0.042480 1.031823 -0.640276 -0.677105 -0.719585 0.2507 0.2507
2.176 r_hip_roll -0.038073 -0.760796 0.139388 0.095325 0.133397 -0.2275 -0.2275
2.176 r_hip_pitch -0.002308 0.066659 0.912110 0.896234 0.898541 -0.2245 -0.2245
2.176 r_ank_pitch 0.047439 1.140629 -0.625046 -0.663365 -0.710804 0.2939 0.2939
2.184 r_hip_roll -0.039752 -0.813483 0.131492 0.087287 0.127039 -0.2050 -0.2050
2.184 r_hip_pitch -0.005701 -0.051879 0.910648 0.892764 0.898465 -0.1626 -0.1626
2.184 r_ank_pitch 0.052690 1.268853 -0.609121 -0.648359 -0.701049 0.3240 0.3240
2.192 r_hip_roll -0.040696 -0.852575 0.123250 0.079630 0.120326 -0.1762 -0.1762
2.192 r_hip_pitch -0.007331 -0.139577 0.907936 0.890257 0.897589 -0.0773 -0.0773
2.192 r_ank_pitch 0.057770 1.406127 -0.592983 -0.632446 -0.690216 0.3374 0.3374
2.200 r_hip_roll -0.040928 -0.877872 0.114815 0.072441 0.113370 -0.1424 -0.1424
2.200 r_hip_pitch -0.007095 -0.188795 0.904353 0.889103 0.896198 0.0225 0.0225
2.200 r_ank_pitch 0.062236 1.540732 -0.577151 -0.616053 -0.678289 0.3325 0.3325
2.208 r_hip_roll -0.040495 -0.889629 0.106340 0.065784 0.106279 -0.1050 -0.1050
2.208 r_hip_pitch -0.005023 -0.195314 0.900333 0.889602 0.894625 0.1275 0.1275
2.208 r_ank_pitch 0.065692 1.660972 -0.562169 -0.599658 -0.665350 0.3093 0.3093
2.216 r_hip_roll -0.039459 -0.888556 0.097968 0.059699 0.099159 -0.0654 -0.0654
2.216 r_hip_pitch -0.001280 -0.158367 0.896341 0.891938 0.893218 0.2291 0.2291
2.216 r_ank_pitch 0.067794 1.755996 -0.548586 -0.583774 -0.651568 0.2691 0.2691
2.224 r_hip_roll -0.037908 -0.875782 0.089830 0.054199 0.092107 -0.0251 -0.0251
2.224 r_hip_pitch 0.003843 -0.080566 0.892851 0.896156 0.892313 0.3188 0.3188
2.224 r_ank_pitch 0.068265 1.816309 -0.536938 -0.568927 -0.637192 0.2133 0.2133
2.232 r_hip_roll -0.036316 -0.855072 0.082040 0.048885 0.085201 0.0033 0.0033
2.232 r_hip_pitch 0.009071 0.026528 0.890311 0.901260 0.892190 0.3602 0.3602
2.232 r_ank_pitch 0.066902 1.834066 -0.527719 -0.555639 -0.622542 0.1443 0.1443
2.240 r_hip_roll -0.035003 -0.833040 0.074693 0.043469 0.078472 0.0183 0.0183
2.240 r_hip_pitch 0.012174 0.133923 0.889114 0.905126 0.892952 0.3054 0.3054
2.240 r_ank_pitch 0.063590 1.803339 -0.521355 -0.544397 -0.607987 0.0652 0.0652
2.248 r_hip_roll -0.033934 -0.814051 0.067860 0.037972 0.071906 0.0287 0.0287
2.248 r_hip_pitch 0.013174 0.213534 0.889564 0.907618 0.894445 0.2063 0.2063
2.248 r_ank_pitch 0.058305 1.720605 -0.518169 -0.535632 -0.593937 -0.0207 -0.0207
2.256 r_hip_roll -0.033422 -0.801217 0.061588 0.032042 0.065464 0.0274 0.0274
2.256 r_hip_pitch 0.012309 0.256228 0.891846 0.908701 0.896392 0.0901 0.0901
2.256 r_ank_pitch 0.051124 1.585044 -0.518360 -0.529688 -0.580812 -0.1096 -0.1096
2.264 r_hip_roll -0.075090 -1.051291 0.055902 -0.016891 0.058199 -1.2136 -1.2136
2.264 r_hip_pitch 0.010448 0.265601 0.896011 0.908954 0.898506 -0.0106 -0.0106
2.264 r_ank_pitch 0.042229 1.398262 -0.521986 -0.526800 -0.569029 -0.1971 -0.1971
2.344 l_hip_roll -0.100652 -1.381175 -0.162851 -0.140509 -0.039857 -1.6744 -1.6744
2.344 l_hip_pitch -0.039772 0.027746 -0.735407 -0.782117 -0.742345 -1.8400 -1.8400
2.344 l_ank_pitch -0.003794 0.098470 0.703325 0.691739 0.695533 -0.2507 -0.2507
2.352 l_hip_roll -0.111589 -1.765585 -0.166206 -0.164497 -0.052908 -1.4573 -1.4573
2.352 l_hip_pitch -0.055305 -0.618457 -0.758858 -0.800816 -0.745511 -1.3692 -1.3692
2.352 l_ank_pitch 0.012820 0.110756 0.731141 0.708989 0.696169 0.3160 0.3160
2.360 l_hip_roll -0.114562 -2.051371 -0.169596 -0.183087 -0.068525 -1.0896 -1.0896
2.360 l_hip_pitch -0.075769 -1.122097 -0.780046 -0.828756 -0.752988 -1.3784 -1.3784
2.360 l_ank_pitch 0.031116 0.363318 0.754249 0.729334 0.698219 0.6538 0.6538
2.368 l_hip_roll -0.097855 -2.175871 -0.172919 -0.183579 -0.085723 -0.2094 -0.2094
2.368 l_hip_pitch -0.092868 -1.602877 -0.799218 -0.857220 -0.764352 -1.2776 -1.2776
2.368 l_ank_pitch 0.046696 0.758490 0.772801 0.749693 0.702997 0.7257 0.7257
2.376 l_hip_roll -0.080598 -2.012884 -0.176048 -0.183062 -0.102463 0.2034 0.2034
2.376 l_hip_pitch -0.087980 -1.911793 -0.816447 -0.866948 -0.778968 -0.4984 -0.4984
2.376 l_ank_pitch 0.057104 1.155572 0.786792 0.768208 0.711104 0.6142 0.6142
2.384 l_hip_roll -0.064348 -1.707951 -0.178836 -0.181435 -0.117087 0.3342 0.3342
2.384 l_hip_pitch -0.072455 -1.888787 -0.831668 -0.866803 -0.794349 0.1586 0.1586
2.384 l_ank_pitch 0.061820 1.446326 0.796096 0.783706 0.721887 0.4310 0.4310
2.392 l_hip_roll -0.049561 -1.372441 -0.181120 -0.178637 -0.129075 0.3544 0.3544
2.392 l_hip_pitch -0.053414 -1.634054 -0.844689 -0.861714 -0.808300 0.5543 0.5543
2.392 l_ank_pitch 0.061069 1.601051 0.800499 0.795395 0.734326 0.2193 0.2193
2.400 l_hip_roll -0.037157 -1.055733 -0.182737 -0.175608 -0.138450 0.3113 0.3113
2.400 l_hip_pitch -0.031237 -1.240315 -0.855200 -0.850722 -0.819486 0.8395 0.8395
2.400 l_ank_pitch 0.055384 1.614294 0.799723 0.802680 0.747295 0.0045 0.0045
2.408 l_hip_roll -0.028785 -0.791539 -0.183525 -0.174315 -0.145530 0.1963 0.1963
2.408 l_hip_pitch -0.036796 -0.949042 -0.862779 -0.864505 -0.827710 0.0621 0.0621
2.408 l_ank_pitch 0.045380 1.491684 0.793442 0.805068 0.759688 -0.1988 -0.1988
2.416 l_hip_roll -0.021266 -0.584917 -0.183344 -0.172070 -0.150804 0.1453 0.1453
2.416 l_hip_pitch -0.042829 -0.909769 -0.866889 -0.877847 -0.835018 -0.2805 -0.2805
2.416 l_ank_pitch 0.031638 1.246252 0.781289 0.802113 0.770475 -0.3857 -0.3857
2.424 l_hip_roll -0.014240 -0.411453 -0.182082 -0.168842 -0.154602 0.1310 0.1310
2.424 l_hip_pitch -0.046973 -0.951896 -0.866871 -0.889465 -0.842492 -0.3907 -0.3907
2.424 l_ank_pitch 0.014620 0.894638 0.762858 0.793379 0.778759 -0.5601 -0.5601
2.432 l_hip_roll -0.007520 -0.257998 -0.179664 -0.164637 -0.157117 0.1385 0.1385
2.432 l_hip_pitch -0.048817 -0.996248 -0.861934 -0.899163 -0.850347 -0.3934 -0.3934
2.432 l_ank_pitch -0.005344 0.449888 0.737681 0.778415 0.783758 -0.7260 -0.7260
2.440 l_hip_roll -0.001014 -0.119970 -0.176059 -0.159496 -0.158482 0.1637 0.1637
2.440 l_hip_pitch -0.048407 -1.009032 -0.851124 -0.906817 -0.858410 -0.3518 -0.3518
2.440 l_ank_pitch -0.028062 -0.078652 0.705182 0.756715 0.784777 -0.8879 -0.8879
2.448 l_hip_roll 0.005303 0.009473 -0.174831 -0.153492 -0.158795 0.1960 0.1960
2.448 l_hip_pitch -0.045957 -0.994739 -0.864106 -0.912379 -0.866422 -0.2674 -0.2674
2.448 l_ank_pitch -0.039439 -0.578992 0.700686 0.742104 0.781543 -0.6867 -0.6867
2.456 l_hip_roll 0.011352 0.137845 -0.172896 -0.146726 -0.158078 0.2194 0.2194
2.456 l_hip_pitch -0.041659 -0.960109 -0.877492 -0.915884 -0.874225 -0.1367 -0.1367
2.456 l_ank_pitch -0.043517 -0.907902 0.696075 0.731628 0.775145 -0.4354 -0.4354
2.464 l_hip_roll 0.019387 0.279583 -0.168873 -0.136901 -0.156289 0.2994 0.2994
2.464 l_hip_pitch -0.041043 -0.927239 -0.892424 -0.922759 -0.881716 -0.1685 -0.1685
2.464 l_ank_pitch -0.045362 -1.086106 0.686450 0.721557 0.766919 -0.2865 -0.2865
2.472 l_hip_roll 0.024445 0.420574 -0.164676 -0.128878 -0.153323 0.2617 0.2617
2.472 l_hip_pitch -0.033971 -0.876988 -0.902700 -0.922910 -0.888939 0.0588 0.0588
2.472 l_ank_pitch -0.046699 -1.181522 0.675308 0.711020 0.757720 -0.2190 -0.2190
2.480 l_hip_roll 0.028835 0.530794 -0.159543 -0.120557 -0.149392 0.2496 0.2496
2.480 l_hip_pitch -0.026223 -0.761221 -0.910865 -0.921631 -0.895408 0.1979 0.1979
2.480 l_ank_pitch -0.048651 -1.244980 0.662076 0.699294 0.747945 -0.2113 -0.2113
2.488 l_hip_roll 0.032590 0.621425 -0.153546 -0.112093 -0.144683 0.2455 0.2455
2.488 l_hip_pitch -0.018545 -0.610229 -0.916880 -0.919305 -0.900760 0.2701 0.2701
2.488 l_ank_pitch -0.051616 -1.309935 0.647032 0.686055 0.737671 -0.2372 -0.2372
2.496 l_hip_roll 0.035683 0.698307 -0.146786 -0.103635 -0.139319 0.2383 0.2383
2.496 l_hip_pitch -0.011546 -0.445993 -0.920790 -0.916370 -0.904824 0.2878 0.2878
2.496 l_ank_pitch -0.055543 -1.392476 0.630525 0.671252 0.726795 -0.2758 -0.2758
2.504 l_hip_roll 0.038077 0.762685 -0.139388 -0.095325 -0.133402 0.2245 0.2245
2.504 l_hip_pitch -0.005716 -0.286374 -0.922731 -0.913303 -0.907587 0.2612 0.2612
2.504 l_ank_pitch -0.060130 -1.495982 0.612968 0.655022 0.715153 -0.3123 -0.3123
2.512 l_hip_roll 0.039747 0.814259 -0.131492 -0.087287 -0.127034 0.2034 0.2034
2.512 l_hip_pitch -0.001428 -0.146027 -0.922927 -0.910588 -0.909160 0.2001 0.2001
2.512 l_ank_pitch -0.064960 -1.615725 0.594826 0.637636 0.702596 -0.3379 -0.3379
2.520 l_hip_roll 0.040689 0.852487 -0.123250 -0.079630 -0.120320 0.1761 0.1761
2.520 l_hip_pitch 0.001071 -0.036455 -0.921684 -0.908687 -0.909757 0.1142 0.1142
2.520 l_ank_pitch -0.069577 -1.742478 0.576607 0.619462 0.689039 -0.3477 -0.3477
2.528 l_hip_roll 0.040926 0.877113 -0.114815 -0.072441 -0.113367 0.1436 0.1436
2.528 l_hip_pitch 0.001663 0.034161 -0.919381 -0.908005 -0.909668 0.0130 0.0130
2.528 l_ank_pitch -0.073538 -1.865037 0.558853 0.600943 0.674481 -0.3395 -0.3395
2.536 l_hip_roll 0.040501 0.888350 -0.106340 -0.065784 -0.106285 0.1074 0.1074
2.536 l_hip_pitch 0.000375 0.061172 -0.916457 -0.908854 -0.909229 -0.0938 -0.0938
2.536 l_ank_pitch -0.076438 -1.971850 0.542126 0.582575 0.659013 -0.3130 -0.3130
2.544 l_hip_roll 0.039478 0.886878 -0.097968 -0.059699 -0.099177 0.0690 0.0690
2.544 l_hip_pitch -0.002628 0.043553 -0.913387 -0.911426 -0.908798 -0.1971 -0.1971
2.544 l_ank_pitch -0.077930 -2.052033 0.526993 0.564887 0.642816 -0.2692 -0.2692
2.552 l_hip_roll 0.037941 0.873792 -0.089830 -0.054199 -0.092140 0.0299 0.0299
2.552 l_hip_pitch -0.007050 -0.016166 -0.910655 -0.915770 -0.908720 -0.2880 -0.2880
2.552 l_ank_pitch -0.077732 -2.095994 0.514003 0.548421 0.626153 -0.2096 -0.2096
2.560 l_hip_roll 0.036367 0.852837 -0.082040 -0.048885 -0.085252 0.0025 0.0025
2.560 l_hip_pitch -0.011629 -0.106519 -0.908725 -0.920915 -0.909286 -0.3305 -0.3305
2.560 l_ank_pitch -0.075640 -2.095805 0.503664 0.533713 0.609353 -0.1366 -0.1366
2.568 l_hip_roll 0.035073 0.830610 -0.074693 -0.043469 -0.078542 -0.0114 -0.0114
2.568 l_hip_pitch -0.014179 -0.198957 -0.908004 -0.924791 -0.910612 -0.2779 -0.2779
2.568 l_ank_pitch -0.071538 -2.045493 0.496410 0.521264 0.592802 -0.0533 -0.0533
2.576 l_hip_roll 0.034016 0.812860 -0.067860 -0.037972 -0.071988 -0.0234 -0.0234
2.576 l_hip_pitch -0.014701 -0.266618 -0.908807 -0.927265 -0.912564 -0.1789 -0.1789
2.576 l_ank_pitch -0.065405 -1.941462 0.492574 0.511514 0.576919 0.0367 0.0367
2.584 l_hip_roll 0.033510 0.800571 -0.061588 -0.032042 -0.065553 -0.0227 -0.0227
2.584 l_hip_pitch -0.013419 -0.298846 -0.911329 -0.928302 -0.914883 -0.0629 -0.0629
2.584 l_ank_pitch -0.057323 -1.783105 0.492362 0.504818 0.562140 0.1299 0.1299
2.592 l_hip_roll 0.075180 1.051698 -0.055902 0.016891 -0.058289 1.2165 1.2165
2.592 l_hip_pitch -0.011202 -0.299307 -0.915623 -0.928494 -0.917293 0.0377 0.0377
2.592 l_ank_pitch -0.047476 -1.572078 0.495832 0.501417 0.548893 0.2217 0.2217
2.664 r_hip_roll 0.101271 1.407423 0.162851 0.139265 0.037994 1.6545 1.6545
2.664 r_hip_pitch 0.044103 0.063560 0.722780 0.764782 0.720679 1.8696 1.8696
2.664 r_ank_pitch 0.009919 -0.198983 -0.712765 -0.701357 -0.711276 0.5855 0.5855
2.672 r_hip_roll 0.112652 1.807416 0.166206 0.163986 0.051334 1.4286 1.4286
2.672 r_hip_pitch 0.058095 0.666900 0.746217 0.782440 0.724345 1.4071 1.4071
2.672 r_ank_pitch -0.006139 -0.161496 -0.740724 -0.718594 -0.712454 -0.0214 -0.0214
2.680 r_hip_roll 0.115685 2.119331 0.169596 0.183087 0.067402 1.0188 1.0188
2.680 r_hip_pitch 0.077249 1.147699 0.767537 0.809334 0.732085 1.3987 1.3987
2.680 r_ank_pitch -0.024108 -0.404942 -0.763869 -0.738945 -0.714837 -0.3586 -0.3586
2.688 r_hip_roll 0.098385 2.239239 0.172919 0.183579 0.085194 0.1227 0.1227
2.688 r_hip_pitch 0.093767 1.625032 0.786988 0.837413 0.743647 1.2779 1.2779
2.688 r_ank_pitch -0.039696 -0.705197 -0.782345 -0.759277 -0.719581 -0.5445 -0.5445
2.696 r_hip_roll 0.080746 2.052069 0.176048 0.183062 0.102316 -0.2642 -0.2642
2.696 r_hip_pitch 0.100706 2.014412 0.804648 0.859426 0.758720 0.8853 0.8853
2.696 r_ank_pitch -0.050879 -1.024267 -0.796143 -0.777698 -0.726819 -0.5537 -0.5537
2.704 r_hip_roll 0.064273 1.729871 0.178836 0.181435 0.117162 -0.3745 -0.3745
2.704 r_hip_pitch 0.084842 2.113752 0.820451 0.860453 0.775612 -0.0084 -0.0084
2.704 r_ank_pitch -0.056579 -1.297070 -0.805131 -0.793015 -0.736436 -0.4263 -0.4263
2.712 r_hip_roll 0.049372 1.382785 0.181120 0.178637 0.129265 -0.3796 -0.3796
2.712 r_hip_pitch 0.065009 1.896104 0.834197 0.856590 0.791581 -0.5069 -0.5069
2.712 r_ank_pitch -0.056702 -1.460434 -0.809094 -0.804418 -0.747716 -0.2349 -0.2349
2.720 r_hip_roll 0.036924 1.058750 0.182737 0.175608 0.138684 -0.3258 -0.3258
2.720 r_hip_pitch 0.041958 1.504815 0.845571 0.846846 0.804889 -0.8359 -0.8359
2.720 r_ank_pitch -0.051664 -1.490241 -0.807753 -0.811305 -0.759642 -0.0229 -0.0229
2.728 r_hip_roll 0.028550 0.790405 0.183525 0.174315 0.145765 -0.2038 -0.2038
2.728 r_hip_pitch 0.046624 1.203273 0.854135 0.861806 0.815181 -0.0800 -0.0800
2.728 r_ank_pitch -0.042057 -1.383344 -0.800785 -0.813180 -0.771123 0.1853 0.1853
2.736 r_hip_roll 0.021052 0.581383 0.183344 0.172070 0.151017 -0.1478 -0.1478
2.736 r_hip_pitch 0.051872 1.151635 0.859334 0.876333 0.824461 0.2496 0.2496
2.736 r_ank_pitch -0.028494 -1.149314 -0.787832 -0.809597 -0.781103 0.3796 0.3796
2.744 r_hip_roll 0.014062 0.406615 0.182082 0.168842 0.154780 -0.1299 -0.1299
2.744 r_hip_pitch 0.055330 1.179885 0.860487 0.889133 0.833803 0.3540 0.3540
2.744 r_ank_pitch -0.011479 -0.804103 -0.768499 -0.800126 -0.788647 0.5616 0.5616
2.752 r_hip_roll 0.007384 0.252496 0.179664 0.164637 0.157253 -0.1346 -0.1346
2.752 r_hip_pitch 0.056592 1.207168 0.856775 0.899990 0.843398 0.3614 0.3614
2.752 r_ank_pitch 0.008609 -0.361193 -0.742336 -0.784325 -0.792934 0.7340 0.7340
2.760 r_hip_roll 0.000925 0.113671 0.176059 0.159496 0.158571 -0.1565 -0.1565
2.760 r_hip_pitch 0.055701 1.202837 0.847213 0.908763 0.853062 0.3292 0.3292
2.760 r_ank_pitch 0.031531 0.169166 -0.708790 -0.761705 -0.793236 0.9009 0.9009
2.768 r_hip_roll -0.005340 -0.015452 0.174831 0.153492 0.158832 -0.1873 -0.1873
2.768 r_hip_pitch 0.052832 1.175453 0.861372 0.915388 0.862556 0.2497 0.2497
2.768 r_ank_pitch 0.043125 0.673657 -0.703275 -0.746134 -0.789259 0.7023 0.7023
2.776 r_hip_roll -0.011350 -0.142099 0.172896 0.146726 0.158076 -0.2121 -0.2121
2.776 r_hip_pitch 0.048132 1.131033 0.875945 0.919886 0.871754 0.1186 0.1186
2.776 r_ank_pitch 0.047430 1.007838 -0.697580 -0.734648 -0.782078 0.4526 0.4526
2.784 r_hip_roll -0.019360 -0.282210 0.168873 0.136901 0.156261 -0.2939 -0.2939
2.784 r_hip_pitch 0.052314 1.122649 0.892424 0.932998 0.880684 0.3219 0.3219
2.784 r_ank_pitch 0.049649 1.193305 -0.686450 -0.723369 -0.773018 0.3081 0.3081
2.792 r_hip_roll -0.024407 -0.421073 0.164676 0.128878 0.153284 -0.2593 -0.2593
2.792 r_hip_pitch 0.044978 1.114043 0.904993 0.934689 0.889712 0.0074 0.0074
2.792 r_ank_pitch 0.051750 1.300830 -0.672928 -0.711155 -0.762905 0.2528 0.2528
2.800 r_hip_roll -0.028802 -0.529697 0.159543 0.120557 0.149359 -0.2502 -0.2502
2.800 r_hip_pitch 0.036639 1.004227 0.915352 0.934760 0.898121 -0.1691 -0.1691
2.800 r_ank_pitch 0.054636 1.382687 -0.657272 -0.697453 -0.752088 0.2558 0.2558
2.808 r_hip_roll -0.032565 -0.620598 0.153546 0.112093 0.144658 -0.2459 -0.2459
2.808 r_hip_pitch 0.028214 0.844861 0.923430 0.933594 0.905381 -0.2597 -0.2597
2.808 r_ank_pitch 0.058543 1.470252 -0.639801 -0.682058 -0.740602 0.2876 0.2876
2.816 r_hip_roll -0.035662 -0.698193 0.146786 0.103635 0.139297 -0.2377 -0.2377
2.816 r_hip_pitch 0.020385 0.666300 0.929249 0.931639 0.911253 -0.2888 -0.2888
2.816 r_ank_pitch 0.063319 1.576549 -0.620901 -0.665005 -0.728324 0.3274 0.3274
2.824 r_hip_roll -0.038053 -0.763211 0.139388 0.095325 0.133378 -0.2226 -0.2226
2.824 r_hip_pitch 0.013687 0.489687 0.932923 0.929382 0.915695 -0.2705 -0.2705
2.824 r_ank_pitch 0.068602 1.702321 -0.601019 -0.646494 -0.715096 0.3617 0.3617
2.832 r_hip_roll -0.039716 -0.815167 0.131492 0.087287 0.127003 -0.2007 -0.2007
2.832 r_hip_pitch 0.008519 0.331225 0.934665 0.927324 0.918805 -0.2162 -0.2162
2.832 r_ank_pitch 0.073943 1.840993 -0.580651 -0.626849 -0.700792 0.3825 0.3825
2.840 r_hip_roll -0.040651 -0.853547 0.123250 0.079630 0.120281 -0.1727 -0.1727
2.840 r_hip_pitch 0.005154 0.203149 0.934777 0.925945 0.920791 -0.1358 -0.1358
2.840 r_ank_pitch 0.078877 1.982253 -0.560333 -0.606480 -0.685357 0.3859 0.3859
2.848 r_hip_roll -0.040879 -0.878175 0.114815 0.072441 0.113320 -0.1399 -0.1399
2.848 r_hip_pitch 0.003725 0.113918 0.933640 0.925667 0.921942 -0.0386 -0.0386
2.848 r_ank_pitch 0.082964 2.114406 -0.540632 -0.585866 -0.668830 0.3706 0.3706
2.856 r_hip_roll -0.040446 -0.889288 0.106340 0.065784 0.106230 -0.1036 -0.1036
2.856 r_hip_pitch 0.004221 0.068524 0.931701 0.926818 0.922596 0.0659 0.0659
2.856 r_ank_pitch 0.085810 2.225805 -0.522131 -0.565531 -0.651341 0.3368 0.3368
2.864 r_hip_roll -0.039416 -0.887581 0.097968 0.059699 0.099116 -0.0654 -0.0654
2.864 r_hip_pitch 0.006485 0.068306 0.929445 0.929597 0.923113 0.1682 0.1682
2.864 r_ank_pitch 0.087081 2.305723 -0.505416 -0.546029 -0.633111 0.2855 0.2855
2.872 r_hip_roll -0.037876 -0.874107 0.089830 0.054199 0.092075 -0.0267 -0.0267
2.872 r_hip_pitch 0.010216 0.111262 0.927375 0.934061 0.923845 0.2583 0.2583
2.872 r_ank_pitch 0.086513 2.344857 -0.491052 -0.527926 -0.614439 0.2188 0.2188
2.880 r_hip_roll -0.036301 -0.852693 0.082040 0.048885 0.085186 -0.0002 -0.0002
2.880 r_hip_pitch 0.014161 0.186103 0.925971 0.939255 0.925094 0.3004 0.3004
2.880 r_ank_pitch 0.083915 2.335650 -0.479562 -0.511775 -0.595690 0.1389 0.1389
2.888 r_hip_roll -0.035011 -0.830006 0.074693 0.043469 0.078480 0.0128 0.0128
2.888 r_hip_pitch 0.016164 0.264532 0.925657 0.943150 0.926986 0.2485 0.2485
2.888 r_ank_pitch 0.079187 2.272538 -0.471394 -0.498095 -0.577281 0.0490 0.0490
2.896 r_hip_roll -0.033966 -0.811341 0.067860 0.037972 0.071938 0.0228 0.0228
2.896 r_hip_pitch 0.016218 0.319701 0.926763 0.945615 0.929397 0.1511 0.1511
2.896 r_ank_pitch 0.072321 2.152335 -0.466892 -0.487340 -0.559661 -0.0473 -0.0473
2.904 r_hip_roll -0.033472 -0.799131 0.061588 0.032042 0.065514 0.0218 0.0218
2.904 r_hip_pitch 0.014528 0.341734 0.929496 0.946616 0.932088 0.0351 0.0351
2.904 r_ank_pitch 0.063413 1.974749 -0.466268 -0.479876 -0.543289 -0.1463 -0.1463
2.912 r_hip_roll -0.075150 -1.051002 0.055902 -0.016891 0.058259 -1.2165 -1.2165
2.912 r_hip_pitch 0.011960 0.333511 0.933912 0.946757 0.934797 -0.0655 -0.0655
2.912 r_ank_pitch 0.052662 1.741901 -0.469587 -0.475953 -0.528615 -0.2437 -0.2437
2.992 l_hip_roll -0.101580 -1.417805 -0.162851 -0.143074 -0.041495 -1.6491 -1.6491
2.992 l_hip_pitch -0.040064 0.020730 -0.689639 -0.734720 -0.694656 -1.8404 -1.8404
2.992 l_ank_pitch -0.009964 0.136228 0.735963 0.724214 0.734178 -0.5120 -0.5120
3.000 l_hip_roll -0.113041 -1.818785 -0.166206 -0.167965 -0.054924 -1.4248 -1.4248
3.000 l_hip_pitch -0.055527 -0.622486 -0.713079 -0.753391 -0.697864 -1.3719 -1.3719
3.000 l_ank_pitch 0.006765 0.124447 0.764324 0.741748 0.734983 0.0877 0.0877
3.008 l_hip_roll -0.111977 -2.122491 -0.169596 -0.183087 -0.071110 -0.8651 -0.8651
3.008 l_hip_pitch -0.075864 -1.126064 -0.734778 -0.781227 -0.705363 -1.3755 -1.3755
3.008 l_ank_pitch 0.025046 0.399992 0.787613 0.762335 0.737290 0.3974 0.3974
3.016 l_hip_roll -0.094915 -2.193834 -0.172919 -0.183579 -0.088664 -0.0612 -0.0612
3.016 l_hip_pitch -0.093083 -1.611004 -0.754998 -0.809876 -0.716793 -1.2725 -1.2725
3.016 l_ank_pitch 0.040680 0.716684 0.805961 0.782758 0.742078 0.5652 0.5652
3.024 l_hip_roll -0.077748 -1.988538 -0.176048 -0.183062 -0.105313 0.2759 0.2759
3.024 l_hip_pitch -0.107925 -2.053997 -0.773818 -0.839874 -0.731949 -1.1385 -1.1385
3.024 l_ank_pitch 0.051615 1.042537 0.819341 0.801066 0.749451 0.5575 0.5575
3.032 l_hip_roll -0.061786 -1.666917 -0.178836 -0.181435 -0.119648 0.3668 0.3668
3.032 l_hip_pitch -0.094324 -2.245655 -0.791169 -0.843970 -0.749646 -0.1795 -0.1795
3.032 l_ank_pitch 0.056825 1.311747 0.827609 0.816027 0.759202 0.4174 0.4174
3.040 l_hip_roll -0.047356 -1.326937 -0.181120 -0.178637 -0.131281 0.3651 0.3651
3.040 l_hip_pitch -0.076314 -2.090004 -0.806840 -0.843306 -0.766993 0.3492 0.3492
3.040 l_ank_pitch 0.056254 1.464311 0.830539 0.826803 0.770549 0.2146 0.2146
3.048 l_hip_roll -0.035310 -1.011862 -0.182737 -0.175608 -0.140297 0.3105 0.3105
3.048 l_hip_pitch -0.054721 -1.745784 -0.820488 -0.836815 -0.782094 0.6977 0.6977
3.048 l_ank_pitch 0.050349 1.477325 0.827848 0.832775 0.782426 -0.0077 -0.0077
3.056 l_hip_roll -0.027267 -0.752272 -0.183525 -0.174315 -0.147048 0.1902 0.1902
3.056 l_hip_pitch -0.060330 -1.480368 -0.831642 -0.854832 -0.794502 -0.0351 -0.0351
3.056 l_ank_pitch 0.039737 1.348674 0.819218 0.833435 0.793698 -0.2249 -0.2249
3.064 l_hip_roll -0.020035 -0.551064 -0.183344 -0.172070 -0.152034 0.1369 0.1369
3.064 l_hip_pitch -0.066295 -1.455272 -0.839698 -0.872432 -0.806137 -0.3490 -0.3490
3.064 l_ank_pitch 0.025065 1.088863 0.804307 0.828340 0.803275 -0.4272 -0.4272
3.072 l_hip_roll -0.013254 -0.382802 -0.182082 -0.168842 -0.155588 0.1216 0.1216
3.072 l_hip_pitch -0.070268 -1.503349 -0.843915 -0.888278 -0.818010 -0.4407 -0.4407
3.072 l_ank_pitch 0.006879 0.714851 0.782749 0.817072 0.810193 -0.6157 -0.6157
3.080 l_hip_roll -0.006741 -0.233493 -0.179664 -0.164637 -0.157896 0.1279 0.1279
3.080 l_hip_pitch -0.071834 -1.546937 -0.843400 -0.902109 -0.830275 -0.4323 -0.4323
3.080 l_ank_pitch -0.014402 0.241243 0.754134 0.799212 0.813614 -0.7931 -0.7931
3.088 l_hip_roll -0.000412 -0.099426 -0.176059 -0.159496 -0.159084 0.1528 0.1528
3.088 l_hip_pitch -0.071022 -1.552886 -0.837090 -0.913737 -0.842715 -0.3850 -0.3850
3.088 l_ank_pitch -0.038494 -0.320602 0.717962 0.774305 0.812800 -0.9632 -0.9632
3.096 l_hip_roll 0.005760 0.026196 -0.174831 -0.153492 -0.159252 0.1858 0.1858
3.096 l_hip_pitch -0.068030 -1.528651 -0.854312 -0.923058 -0.855028 -0.2942 -0.2942
3.096 l_ank_pitch -0.051122 -0.855709 0.709877 0.756335 0.807457 -0.7641 -0.7641
3.104 l_hip_roll 0.011690 0.151709 -0.172896 -0.146726 -0.158416 0.2093 0.2093
3.104 l_hip_pitch -0.063008 -1.483353 -0.871957 -0.930059 -0.867051 -0.1502 -0.1502
3.104 l_ank_pitch -0.056367 -1.218274 0.701430 0.742309 0.798676 -0.5133 -0.5133
3.112 l_hip_roll 0.019628 0.290728 -0.168873 -0.136901 -0.156529 0.2901 0.2901
3.112 l_hip_pitch -0.057327 -1.404966 -0.892424 -0.935878 -0.878550 -0.0365 -0.0365
3.112 l_ank_pitch -0.059829 -1.432014 0.686450 0.727965 0.787794 -0.3784 -0.3784
3.120 l_hip_roll 0.024609 0.429339 -0.164676 -0.128878 -0.153487 0.2533 0.2533
3.120 l_hip_pitch -0.048763 -1.286568 -0.905644 -0.937995 -0.889232 0.1346 0.1346
3.120 l_ank_pitch -0.062005 -1.562326 0.672249 0.713641 0.775647 -0.2985 -0.2985
3.128 l_hip_roll 0.028939 0.537461 -0.159543 -0.120557 -0.149496 0.2424 0.2424
3.128 l_hip_pitch -0.039686 -1.126705 -0.916623 -0.938435 -0.898749 0.2537 0.2537
3.128 l_ank_pitch -0.064300 -1.650113 0.655901 0.698396 0.762696 -0.2736 -0.2736
3.136 l_hip_roll 0.032651 0.626000 -0.153546 -0.112093 -0.144744 0.2402 0.2402
3.136 l_hip_pitch -0.030735 -0.941181 -0.925282 -0.937584 -0.906849 0.3206 0.3206
3.136 l_ank_pitch -0.067311 -1.728427 0.637734 0.681797 0.749108 -0.2852 -0.2852
3.144 l_hip_roll 0.035717 0.701012 -0.146786 -0.103635 -0.139353 0.2351 0.2351
3.144 l_hip_pitch -0.022486 -0.745762 -0.931634 -0.935890 -0.913404 0.3381 0.3381
3.144 l_ank_pitch -0.071109 -1.815921 0.618145 0.663746 0.734855 -0.3133 -0.3133
3.152 l_hip_roll 0.038096 0.764180 -0.139388 -0.095325 -0.133421 0.2227 0.2227
3.152 l_hip_pitch -0.015432 -0.556555 -0.935790 -0.933848 -0.918417 0.3130 0.3130
3.152 l_ank_pitch -0.075458 -1.918582 0.597591 0.644368 0.719826 -0.3425 -0.3425
3.160 l_hip_roll 0.039756 0.815412 -0.131492 -0.087287 -0.127043 0.2019 0.2019
3.160 l_hip_pitch -0.009955 -0.387453 -0.937959 -0.931963 -0.922007 0.2534 0.2534
3.160 l_ank_pitch -0.079966 -2.033541 0.576579 0.623944 0.703910 -0.3626 -0.3626
3.168 l_hip_roll 0.040689 0.853781 -0.123250 -0.079630 -0.120319 0.1738 0.1738
3.168 l_hip_pitch -0.006325 -0.249699 -0.938442 -0.930720 -0.924395 0.1674 0.1674
3.168 l_ank_pitch -0.084182 -2.152608 0.555652 0.602865 0.687047 -0.3675 -0.3675
3.176 l_hip_roll 0.040914 0.878697 -0.114815 -0.072441 -0.113355 0.1404 0.1404
3.176 l_hip_pitch -0.004672 -0.151702 -0.937621 -0.930546 -0.925874 0.0643 0.0643
3.176 l_ank_pitch -0.087659 -2.265019 0.535385 0.581598 0.669257 -0.3545 -0.3545
3.184 l_hip_roll 0.040475 0.890048 -0.106340 -0.065784 -0.106260 0.1035 0.1035
3.184 l_hip_pitch -0.004985 -0.098413 -0.935945 -0.931775 -0.926790 -0.0462 -0.0462
3.184 l_ank_pitch -0.089986 -2.359301 0.516367 0.560664 0.650650 -0.3230 -0.3230
3.192 l_hip_roll 0.039441 0.887984 -0.097968 -0.059699 -0.099141 0.0657 0.0657
3.192 l_hip_pitch -0.007100 -0.090932 -0.933906 -0.934609 -0.927509 -0.1549 -0.1549
3.192 l_ank_pitch -0.090809 -2.424484 0.499188 0.540618 0.631427 -0.2737 -0.2737
3.200 l_hip_roll 0.037897 0.875185 -0.089830 -0.054199 -0.092096 0.0257 0.0257
3.200 l_hip_pitch -0.010715 -0.128113 -0.932009 -0.939106 -0.928391 -0.2503 -0.2503
3.200 l_ank_pitch -0.089842 -2.450933 0.484422 0.522028 0.611870 -0.2082 -0.2082
3.208 l_hip_roll 0.036326 0.851441 -0.082040 -0.048885 -0.085212 0.0033 0.0033
3.208 l_hip_pitch -0.014573 -0.196826 -0.930742 -0.944315 -0.929742 -0.2995 -0.2995
3.208 l_ank_pitch -0.086881 -2.430309 0.472595 0.505449 0.592331 -0.1293 -0.1293
3.216 l_hip_roll 0.035051 0.827853 -0.074693 -0.043469 -0.078520 -0.0075 -0.0075
3.216 l_hip_pitch -0.016517 -0.271649 -0.930533 -0.948218 -0.931701 -0.2515 -0.2515
3.216 l_ank_pitch -0.081811 -2.356841 0.464159 0.491405 0.573217 -0.0399 -0.0399
3.224 l_hip_roll 0.034028 0.808024 -0.067860 -0.037972 -0.072000 -0.0147 -0.0147
3.224 l_hip_pitch -0.016526 -0.324219 -0.931719 -0.950682 -0.934156 -0.1568 -0.1568
3.224 l_ank_pitch -0.074616 -2.227030 0.459462 0.480354 0.554970 0.0565 0.0565
3.232 l_hip_roll 0.033567 0.794564 -0.061588 -0.032042 -0.065609 -0.0102 -0.0102
3.232 l_hip_pitch -0.014799 -0.344784 -0.934506 -0.951674 -0.936875 -0.0418 -0.0418
3.232 l_ank_pitch -0.065383 -2.040154 0.458718 0.472664 0.538047 0.1557 0.1557
3.240 l_hip_roll 0.075283 1.046306 -0.055902 0.016891 -0.058393 1.2298 1.2298
3.240 l_hip_pitch -0.012193 -0.336816 -0.938956 -0.951802 -0.939608 0.0610 0.0610
3.240 l_ank_pitch -0.054308 -1.798028 0.461993 0.468589 0.522896 0.2533 0.2533
3.312 r_hip_roll 0.101996 1.437662 0.162851 0.143037 0.041042 1.6319 1.6319
3.312 r_hip_pitch 0.043465 0.058095 0.689639 0.733407 0.689942 1.8508 1.8508
3.312 r_ank_pitch 0.010587 -0.256489 -0.735963 -0.724262 -0.734849 0.6778 0.6778
3.320 r_hip_roll 0.113981 1.865197 0.166206 0.168750 0.054769 1.3834 1.3834
3.320 r_hip_pitch 0.058028 0.675959 0.713079 0.751672 0.693644 1.3876 1.3876
3.320 r_ank_pitch -0.005333 -0.211196 -0.764324 -0.741776 -0.736443 0.0664 0.0664
3.328 r_hip_roll 0.111908 2.139159 0.169596 0.183087 0.071179 0.8340 0.8340
3.328 r_hip_pitch 0.077609 1.162580 0.734778 0.779099 0.701490 1.3879 1.3879
3.328 r_ank_pitch -0.023283 -0.417856 -0.787613 -0.762352 -0.739069 -0.3143 -0.3143
3.336 r_hip_roll 0.094751 2.206001 0.172919 0.183579 0.088828 0.0339 0.0339
3.336 r_hip_pitch 0.094273 1.640682 0.754998 0.807442 0.713170 1.2723 1.2723
3.336 r_ank_pitch -0.038978 -0.696108 -0.805961 -0.782768 -0.743790 -0.5303 -0.5303
3.344 r_hip_roll 0.077475 2.001558 0.176048 0.183062 0.105587 -0.3090 -0.3090
3.344 r_hip_pitch 0.110636 2.094739 0.773818 0.839237 0.728601 1.1868 1.1868
3.344 r_ank_pitch -0.050158 -1.007310 -0.819341 -0.801072 -0.750914 -0.5488 -0.5488
3.352 r_hip_roll 0.061439 1.673630 0.178836 0.181435 0.119996 -0.3921 -0.3921
3.352 r_hip_pitch 0.097245 2.304745 0.791169 0.843970 0.746724 0.2040 0.2040
3.352 r_ank_pitch -0.055661 -1.274924 -0.827609 -0.816030 -0.760369 -0.4208 -0.4208
3.360 r_hip_roll 0.046989 1.326912 0.181120 0.178637 0.131648 -0.3798 -0.3798
3.360 r_hip_pitch 0.078729 2.153758 0.806840 0.843306 0.764577 -0.3559 -0.3559
3.360 r_ank_pitch -0.055365 -1.431666 -0.830539 -0.826806 -0.771441 -0.2226 -0.2226
3.368 r_hip_roll 0.034981 1.004966 0.182737 0.175608 0.140626 -0.3119 -0.3119
3.368 r_hip_pitch 0.056659 1.802802 0.820488 0.836815 0.780157 -0.7138 -0.7138
3.368 r_ank_pitch -0.049689 -1.450736 -0.827848 -0.832776 -0.783087 -0.0011 -0.0011
3.376 r_hip_roll 0.027009 0.742646 0.183525 0.174315 0.147306 -0.1841 -0.1841
3.376 r_hip_pitch 0.061854 1.528754 0.831642 0.854832 0.792978 0.0161 0.0161
3.376 r_ank_pitch -0.039260 -1.328012 -0.819218 -0.833436 -0.794176 0.2169 0.2169
3.384 r_hip_roll 0.019856 0.541376 0.183344 0.172070 0.152214 -0.1276 -0.1276
3.384 r_hip_pitch 0.067475 1.495159 0.839698 0.872432 0.804957 0.3299 0.3299
3.384 r_ank_pitch -0.024727 -1.073353 -0.804307 -0.828341 -0.803614 0.4205 0.4205
3.392 r_hip_roll 0.013145 0.374655 0.182082 0.168842 0.155697 -0.1121 -0.1121
3.392 r_hip_pitch 0.071166 1.535735 0.843915 0.888278 0.817112 0.4225 0.4225
3.392 r_ank_pitch -0.006643 -0.703447 -0.782749 -0.817072 -0.810430 0.6102 0.6102
3.400 r_hip_roll 0.006686 0.227503 0.179664 0.164637 0.157951 -0.1199 -0.1199
3.400 r_hip_pitch 0.072509 1.572154 0.843400 0.902109 0.829600 0.4170 0.4170
3.400 r_ank_pitch 0.014563 -0.232978 -0.754134 -0.799212 -0.813775 0.7888 0.7888
3.408 r_hip_roll 0.000402 0.093587 0.176059 0.159496 0.159094 -0.1433 -0.1433
3.408 r_hip_pitch 0.071516 1.574730 0.837090 0.913737 0.842221 0.3677 0.3677
3.408 r_ank_pitch 0.038601 0.326462 -0.717962 -0.774306 -0.812907 0.9599 0.9599
3.416 r_hip_roll -0.005724 -0.031268 0.174831 0.153492 0.159216 -0.1757 -0.1757
3.416 r_hip_pitch 0.068366 1.546322 0.854312 0.923058 0.854692 0.2774 0.2774
3.416 r_ank_pitch 0.051192 0.859782 -0.709877 -0.756335 -0.807527 0.7617 0.7617
3.424 r_hip_roll -0.011629 -0.153776 0.172896 0.146726 0.158355 -0.2033 -0.2033
3.424 r_hip_pitch 0.063238 1.494318 0.871957 0.930059 0.866821 0.1407 0.1407
3.424 r_ank_pitch 0.056411 1.221099 -0.701430 -0.742309 -0.798720 0.5115 0.5115
3.432 r_hip_roll -0.019559 -0.291215 0.168873 0.136901 0.156461 -0.2865 -0.2865
3.432 r_hip_pitch 0.057480 1.414581 0.892424 0.935878 0.878398 0.0260 0.0260
3.432 r_ank_pitch 0.059855 1.433924 -0.686450 -0.727965 -0.787820 0.3770 0.3770
3.440 r_hip_roll -0.024543 -0.428352 0.164676 0.128878 0.153421 -0.2524 -0.2524
3.440 r_hip_pitch 0.048841 1.295323 0.905644 0.937995 0.889154 -0.1469 -0.1469
3.440 r_ank_pitch 0.062020 1.563548 -0.672249 -0.713641 -0.775661 0.2975 0.2975
3.448 r_hip_roll -0.028888 -0.535419 0.159543 0.120557 0.149444 -0.2439 -0.2439
3.448 r_hip_pitch 0.039707 1.132811 0.916623 0.938435 0.898728 -0.2638 -0.2638
3.448 r_ank_pitch 0.064307 1.650870 -0.655901 -0.698396 -0.762703 0.2730 0.2730
3.456 r_hip_roll -0.032614 -0.624505 0.153546 0.112093 0.144706 -0.2412 -0.2412
3.456 r_hip_pitch 0.030720 0.944614 0.925282 0.937584 0.906863 -0.3275 -0.3275
3.456 r_ank_pitch 0.067313 1.728899 -0.637734 -0.681797 -0.749110 0.2847 0.2847
3.464 r_hip_roll -0.035687 -0.700514 0.146786 0.103635 0.139322 -0.2347 -0.2347
3.464 r_hip_pitch 0.022454 0.747395 0.931634 0.935890 0.913436 -0.3425 -0.3425
3.464 r_ank_pitch 0.071108 1.816226 -0.618145 -0.663746 -0.734854 0.3129 0.3129
3.472 r_hip_roll -0.038067 -0.764313 0.139388 0.095325 0.133391 -0.2213 -0.2213
3.472 r_hip_pitch 0.015392 0.557025 0.935790 0.933848 0.918456 -0.3157 -0.3157
3.472 r_ank_pitch 0.075456 1.918787 -0.597591 -0.644368 -0.719823 0.3422 0.3422
3.480 r_hip_roll -0.039726 -0.815284 0.131492 0.087287 0.127013 -0.2009 -0.2009
3.480 r_hip_pitch 0.009917 0.387028 0.937959 0.931963 0.922046 -0.2543 -0.2543
3.480 r_ank_pitch 0.079962 2.033664 -0.576579 -0.623944 -0.703906 0.3623 0.3623
3.488 r_hip_roll -0.040662 -0.853232 0.123250 0.079630 0.120292 -0.1737 -0.1737
3.488 r_hip_pitch 0.006292 0.248961 0.938442 0.930720 0.924428 -0.1675 -0.1675
3.488 r_ank_pitch 0.084178 2.152651 -0.555652 -0.602865 -0.687043 0.3673 0.3673
3.496 r_hip_roll -0.040892 -0.878031 0.114815 0.072441 0.113333 -0.1407 -0.1407
3.496 r_hip_pitch 0.004644 0.151257 0.937621 0.930546 0.925902 -0.0648 -0.0648
3.496 r_ank_pitch 0.087655 2.264974 -0.535385 -0.581598 -0.669253 0.3545 0.3545
3.504 r_hip_roll -0.040458 -0.889439 0.106340 0.065784 0.106243 -0.1039 -0.1039
3.504 r_hip_pitch 0.004958 0.098401 0.935945 0.931775 0.926817 0.0450 0.0450
3.504 r_ank_pitch 0.089983 2.359180 -0.516367 -0.560664 -0.650647 0.3231 0.3231
3.512 r_hip_roll -0.039429 -0.887598 0.097968 0.059699 0.099128 -0.0658 -0.0658
3.512 r_hip_pitch 0.007071 0.091485 0.933906 0.934609 0.927538 0.1526 0.1526
3.512 r_ank_pitch 0.090807 2.424301 -0.499188 -0.540618 -0.631425 0.2739 0.2739
3.520 r_hip_roll -0.037889 -0.873976 0.089830 0.054199 0.092088 -0.0274 -0.0274
3.520 r_hip_pitch 0.010679 0.128675 0.932009 0.939106 0.928427 0.2476 0.2476
3.520 r_ank_pitch 0.089842 2.450601 -0.484422 -0.522028 -0.611870 0.2086 0.2086
3.528 r_hip_roll -0.036316 -0.852369 0.082040 0.048885 0.085201 -0.0013 -0.0013
3.528 r_hip_pitch 0.014525 0.198798 0.930742 0.944315 0.929791 0.2937 0.2937
3.528 r_ank_pitch 0.086883 2.430053 -0.472595 -0.505449 -0.592333 0.1297 0.1297
3.536 r_hip_roll -0.035029 -0.829430 0.074693 0.043469 0.078498 0.0111 0.0111
3.536 r_hip_pitch 0.016452 0.273804 0.930533 0.948218 0.931766 0.2447 0.2447
3.536 r_ank_pitch 0.081815 2.356640 -0.464159 -0.491405 -0.573221 0.0402 0.0402
3.544 r_hip_roll -0.033993 -0.809583 0.067860 0.037972 0.071965 0.0187 0.0187
3.544 r_hip_pitch 0.016445 0.326004 0.931719 0.950682 0.934237 0.1499 0.1499
3.544 r_ank_pitch 0.074621 2.226871 -0.459462 -0.480354 -0.554975 -0.0561 -0.0561
3.552 r_hip_roll -0.033520 -0.796059 0.061588 0.032042 0.065562 0.0146 0.0146
3.552 r_hip_pitch 0.014706 0.345977 0.934506 0.951674 0.936968 0.0355 0.0355
3.552 r_ank_pitch 0.065389 2.040054 -0.458718 -0.472664 -0.538053 -0.1554 -0.1554
3.560 r_hip_roll -0.075223 -1.048576 0.055902 -0.016891 0.058332 -1.2235 -1.2235
3.560 r_hip_pitch 0.012095 0.337346 0.938956 0.951802 0.939706 -0.0664 -0.0664
3.560 r_ank_pitch 0.054314 1.798024 -0.461993 -0.468589 -0.522903 -0.2531 -0.2531
3.640 l_hip_roll -0.102406 -1.446032 -0.162851 -0.145564 -0.043158 -1.6341 -1.6341
3.640 l_hip_pitch -0.041925 -0.013918 -0.689639 -0.732136 -0.690211 -1.8614 -1.8614
3.640 l_ank_pitch -0.014100 0.128340 0.735963 0.724443 0.738543 -0.6472 -0.6472
3.648 l_hip_roll -0.114212 -1.863100 -0.166206 -0.171111 -0.056899 -1.3962 -1.3962
3.648 l_hip_pitch -0.056508 -0.630933 -0.713079 -0.750063 -0.693555 -1.4007 -1.4007
3.648 l_ank_pitch 0.002580 0.120146 0.764324 0.741885 0.739306 -0.0537 -0.0537
3.656 l_hip_roll -0.109868 -2.121505 -0.169596 -0.183087 -0.073219 -0.7825 -0.7825
3.656 l_hip_pitch -0.076066 -1.118102 -0.734778 -0.777105 -0.701039 -1.3990 -1.3990
3.656 l_ank_pitch 0.021082 0.350953 0.787613 0.762418 0.741336 0.3174 0.3174
3.664 l_hip_roll -0.092989 -2.166465 -0.172919 -0.183579 -0.090590 -0.0307 -0.0307
3.664 l_hip_pitch -0.092743 -1.580334 -0.754998 -0.805066 -0.712323 -1.3127 -1.3127
3.664 l_ank_pitch 0.037190 0.648440 0.805961 0.782807 0.745617 0.5248 0.5248
3.672 l_hip_roll -0.076059 -1.958159 -0.176048 -0.183062 -0.107003 0.2918 0.2918
3.672 l_hip_pitch -0.108649 -2.039864 -0.773818 -0.835956 -0.727307 -1.1967 -1.1967
3.672 l_ank_pitch 0.048732 0.961495 0.819341 0.801095 0.752364 0.5537 0.5537
3.680 l_hip_roll -0.060344 -1.635422 -0.178836 -0.181435 -0.121091 0.3709 0.3709
3.680 l_hip_pitch -0.098895 -2.273922 -0.791169 -0.843970 -0.745074 -0.3341 -0.3341
3.680 l_ank_pitch 0.054561 1.235467 0.827609 0.816045 0.761483 0.4295 0.4295
3.688 l_hip_roll -0.046169 -1.295314 -0.181120 -0.178637 -0.132468 0.3588 0.3588
3.688 l_hip_pitch -0.080410 -2.161726 -0.806840 -0.843306 -0.762896 0.2946 0.2946
3.688 l_ank_pitch 0.054537 1.399698 0.830539 0.826814 0.772277 0.2319 0.2319
3.696 l_hip_roll -0.034362 -0.983218 -0.182737 -0.175608 -0.141245 0.2996 0.2996
3.696 l_hip_pitch -0.058183 -1.827324 -0.820488 -0.836815 -0.778632 0.6896 0.6896
3.696 l_ank_pitch 0.049078 1.426008 0.827848 0.832781 0.783703 0.0093 0.0093
3.704 l_hip_roll -0.026527 -0.727924 -0.183525 -0.174315 -0.147788 0.1783 0.1783
3.704 l_hip_pitch -0.063153 -1.558146 -0.831642 -0.854832 -0.791679 -0.0214 -0.0214
3.704 l_ank_pitch 0.038812 1.309522 0.819218 0.833439 0.794627 -0.2104 -0.2104
3.712 l_hip_roll -0.019467 -0.531248 -0.183344 -0.172070 -0.152602 0.1259 0.1259
3.712 l_hip_pitch -0.068538 -1.524112 -0.839698 -0.872432 -0.803894 -0.3253 -0.3253
3.712 l_ank_pitch 0.024400 1.059793 0.804307 0.828343 0.803943 -0.4156 -0.4156
3.720 l_hip_roll -0.012823 -0.367292 -0.182082 -0.168842 -0.156019 0.1125 0.1125
3.720 l_hip_pitch -0.072016 -1.560901 -0.843915 -0.888278 -0.816262 -0.4152 -0.4152
3.720 l_ank_pitch 0.006404 0.693697 0.782749 0.817074 0.810669 -0.6069 -0.6069
3.728 l_hip_roll -0.006415 -0.221655 -0.179664 -0.164637 -0.158222 0.1208 0.1208
3.728 l_hip_pitch -0.073175 -1.594024 -0.843400 -0.902109 -0.828934 -0.4074 -0.4074
3.728 l_ank_pitch -0.014739 0.226058 0.754134 0.799213 0.813951 -0.7867 -0.7867
3.736 l_hip_roll -0.000168 -0.090055 -0.176059 -0.159496 -0.159328 0.1466 0.1466
3.736 l_hip_pitch -0.072024 -1.592772 -0.837090 -0.913737 -0.841713 -0.3579 -0.3579
3.736 l_ank_pitch -0.038732 -0.331376 0.717962 0.774306 0.813038 -0.9586 -0.9586
3.744 l_hip_roll 0.005940 0.033263 -0.174831 -0.153492 -0.159432 0.1810 0.1810
3.744 l_hip_pitch -0.068756 -1.559676 -0.854312 -0.923058 -0.854302 -0.2707 -0.2707
3.744 l_ank_pitch -0.051291 -0.863293 0.709877 0.756335 0.807626 -0.7609 -0.7609
3.752 l_hip_roll 0.011825 0.156729 -0.172896 -0.146726 -0.158551 0.2061 0.2061
3.752 l_hip_pitch -0.063529 -1.506119 -0.871957 -0.930059 -0.866529 -0.1325 -0.1325
3.752 l_ank_pitch -0.056488 -1.223608 0.701430 0.742309 0.798796 -0.5112 -0.5112
3.760 l_hip_roll 0.019729 0.294622 -0.168873 -0.136901 -0.156630 0.2875 0.2875
3.760 l_hip_pitch -0.057692 -1.423156 -0.892424 -0.935878 -0.878186 -0.0200 -0.0200
3.760 l_ank_pitch -0.059915 -1.435754 0.686450 0.727965 0.787880 -0.3769 -0.3769
3.768 l_hip_roll 0.024683 0.432458 -0.164676 -0.128878 -0.153561 0.2510 0.2510
3.768 l_hip_pitch -0.049001 -1.300833 -0.905644 -0.937995 -0.888994 0.1497 0.1497
3.768 l_ank_pitch -0.062067 -1.564943 0.672249 0.713642 0.775709 -0.2975 -0.2975
3.776 l_hip_roll 0.028992 0.539824 -0.159543 -0.120557 -0.149548 0.2405 0.2405
3.776 l_hip_pitch -0.039831 -1.136718 -0.916623 -0.938435 -0.898604 0.2653 0.2653
3.776 l_ank_pitch -0.064345 -1.651965 0.655901 0.698396 0.762741 -0.2730 -0.2730
3.784 l_hip_roll 0.032688 0.627749 -0.153546 -0.112093 -0.144781 0.2387 0.2387
3.784 l_hip_pitch -0.030818 -0.947654 -0.925282 -0.937584 -0.906765 0.3286 0.3286
3.784 l_ank_pitch -0.067344 -1.729771 0.637734 0.681797 0.749141 -0.2847 -0.2847
3.792 l_hip_roll 0.035742 0.702410 -0.146786 -0.103635 -0.139377 0.2337 0.2337
3.792 l_hip_pitch -0.022530 -0.749900 -0.931634 -0.935890 -0.913360 0.3436 0.3436
3.792 l_ank_pitch -0.071133 -1.816914 0.618145 0.663746 0.734879 -0.3130 -0.3130
3.800 l_hip_roll 0.038113 0.764966 -0.139388 -0.095325 -0.133438 0.2220 0.2220
3.800 l_hip_pitch -0.015452 -0.558788 -0.935790 -0.933848 -0.918396 0.3162 0.3162
3.800 l_ank_pitch -0.075475 -1.919331 0.597591 0.644368 0.719843 -0.3422 -0.3422
3.808 l_hip_roll 0.039769 0.815741 -0.131492 -0.087287 -0.127056 0.2018 0.2018
3.808 l_hip_pitch -0.009964 -0.388621 -0.937959 -0.931963 -0.921998 0.2551 0.2551
3.808 l_ank_pitch -0.079978 -2.034098 0.576579 0.623944 0.703922 -0.3624 -0.3624
3.816 l_hip_roll 0.040700 0.853901 -0.123250 -0.079630 -0.120330 0.1741 0.1741
3.816 l_hip_pitch -0.006327 -0.250376 -0.938442 -0.930720 -0.924393 0.1685 0.1685
3.816 l_ank_pitch -0.084191 -2.153011 0.555652 0.602865 0.687056 -0.3673 -0.3673
3.824 l_hip_roll 0.040924 0.878740 -0.114815 -0.072441 -0.113366 0.1408 0.1408
3.824 l_hip_pitch -0.004670 -0.152147 -0.937621 -0.930546 -0.925876 0.0652 0.0652
3.824 l_ank_pitch -0.087665 -2.265297 0.535385 0.581598 0.669263 -0.3544 -0.3544
3.832 l_hip_roll 0.040485 0.890106 -0.106340 -0.065784 -0.106270 0.1038 0.1038
3.832 l_hip_pitch -0.004980 -0.098756 -0.935945 -0.931775 -0.926795 -0.0453 -0.0453
3.832 l_ank_pitch -0.089991 -2.359484 0.516367 0.560664 0.650655 -0.3230 -0.3230
3.840 l_hip_roll 0.039451 0.888062 -0.097968 -0.059699 -0.099150 0.0659 0.0659
3.840 l_hip_pitch -0.007093 -0.091205 -0.933906 -0.934609 -0.927516 -0.1541 -0.1541
3.840 l_ank_pitch -0.090812 -2.424597 0.499188 0.540618 0.631430 -0.2737 -0.2737
3.848 l_hip_roll 0.037910 0.873845 -0.089830 -0.054199 -0.092109 0.0285 0.0285
3.848 l_hip_pitch -0.010708 -0.127471 -0.932009 -0.939106 -0.928398 -0.2511 -0.2511
3.848 l_ank_pitch -0.089845 -2.450907 0.484422 0.522028 0.611873 -0.2083 -0.2083
3.856 l_hip_roll 0.036340 0.851894 -0.082040 -0.048885 -0.085226 0.0031 0.0031
3.856 l_hip_pitch -0.014566 -0.197187 -0.930742 -0.944315 -0.929750 -0.2985 -0.2985
3.856 l_ank_pitch -0.086884 -2.430341 0.472595 0.505449 0.592333 -0.1293 -0.1293
3.864 l_hip_roll 0.035058 0.828806 -0.074693 -0.043469 -0.078528 -0.0089 -0.0089
3.864 l_hip_pitch -0.016505 -0.272293 -0.930533 -0.948218 -0.931712 -0.2498 -0.2498
3.864 l_ank_pitch -0.081814 -2.356885 0.464159 0.491405 0.573219 -0.0399 -0.0399
3.872 l_hip_roll 0.034028 0.808966 -0.067860 -0.037972 -0.071999 -0.0163 -0.0163
3.872 l_hip_pitch -0.016509 -0.324818 -0.931719 -0.950682 -0.934173 -0.1549 -0.1549
3.872 l_ank_pitch -0.074618 -2.227066 0.459462 0.480354 0.554972 0.0564 0.0564
3.880 l_hip_roll 0.033560 0.795351 -0.061588 -0.032042 -0.065602 -0.0118 -0.0118
3.880 l_hip_pitch -0.014778 -0.345243 -0.934506 -0.951674 -0.936896 -0.0401 -0.0401
3.880 l_ank_pitch -0.065385 -2.040174 0.458718 0.472664 0.538049 0.1557 0.1557
3.888 l_hip_roll 0.075270 1.047039 -0.055902 0.016891 -0.058379 1.2280 1.2280
3.888 l_hip_pitch -0.012170 -0.337016 -0.938956 -0.951802 -0.939632 0.0624 0.0624
3.888 l_ank_pitch -0.054309 -1.798057 0.461993 0.468589 0.522898 0.2533 0.2533
3.960 r_hip_roll 0.101928 1.433179 0.162851 0.142826 0.040898 1.6369 1.6369
3.960 r_hip_pitch 0.043385 0.056345 0.689639 0.733367 0.689982 1.8503 1.8503
3.960 r_ank_pitch 0.010649 -0.252721 -0.735963 -0.724262 -0.734911 0.6755 0.6755
3.968 r_hip_roll 0.113837 1.862301 0.166206 0.168436 0.054599 1.3826 1.3826
3.968 r_hip_pitch 0.057957 0.673406 0.713079 0.751622 0.693665 1.3891 1.3891
3.968 r_ank_pitch -0.005297 -0.208242 -0.764324 -0.741776 -0.736479 0.0641 0.0641
3.976 r_hip_roll 0.112094 2.138268 0.169596 0.183087 0.070993 0.8429 0.8429
3.976 r_hip_pitch 0.077524 1.159849 0.734778 0.779013 0.701490 1.3890 1.3890
3.976 r_ank_pitch -0.023267 -0.415749 -0.787613 -0.762352 -0.739085 -0.3163 -0.3163
3.984 r_hip_roll 0.094927 2.207604 0.172919 0.183579 0.088651 0.0382 0.0382
3.984 r_hip_pitch 0.094183 1.637716 0.754998 0.807331 0.713148 1.2737 1.2737
3.984 r_ank_pitch -0.038975 -0.694790 -0.805961 -0.782768 -0.743793 -0.5317 -0.5317
3.992 r_hip_roll 0.077631 2.004397 0.176048 0.183062 0.105430 -0.3076 -0.3076
3.992 r_hip_pitch 0.110538 2.092160 0.773818 0.839096 0.728558 1.1870 1.1870
3.992 r_ank_pitch -0.050161 -1.006829 -0.819341 -0.801072 -0.750911 -0.5494 -0.5494
4.000 r_hip_roll 0.061571 1.676770 0.178836 0.181435 0.119864 -0.3922 -0.3922
4.000 r_hip_pitch 0.097305 2.303420 0.791169 0.843970 0.746665 0.2091 0.2091
4.000 r_ank_pitch -0.055666 -1.274841 -0.827609 -0.816030 -0.760364 -0.4210 -0.4210
4.008 r_hip_roll 0.047098 1.329094 0.181120 0.178637 0.131539 -0.3791 -0.3791
4.008 r_hip_pitch 0.078790 2.153720 0.806840 0.843306 0.764516 -0.3531 -0.3531
4.008 r_ank_pitch -0.055369 -1.431770 -0.830539 -0.826806 -0.771437 -0.2226 -0.2226
4.016 r_hip_roll 0.035071 1.007331 0.182737 0.175608 0.140536 -0.3123 -0.3123
4.016 r_hip_pitch 0.056714 1.803713 0.820488 0.836815 0.780101 -0.7129 -0.7129
4.016 r_ank_pitch -0.049693 -1.450884 -0.827848 -0.832776 -0.783083 -0.0011 -0.0011
4.024 r_hip_roll 0.027081 0.744853 0.183525 0.174315 0.147234 -0.1850 -0.1850
4.024 r_hip_pitch 0.061901 1.530015 0.831642 0.854832 0.792932 0.0159 0.0159
4.024 r_ank_pitch -0.039262 -1.328168 -0.819218 -0.833436 -0.794174 0.2170 0.2170
4.032 r_hip_roll 0.019911 0.543273 0.183344 0.172070 0.152158 -0.1286 -0.1286
4.032 r_hip_pitch 0.067510 1.496565 0.839698 0.872432 0.804922 0.3289 0.3289
4.032 r_ank_pitch -0.024728 -1.073473 -0.804307 -0.828341 -0.803613 0.4206 0.4206
4.040 r_hip_roll 0.013187 0.376169 0.182082 0.168842 0.155655 -0.1130 -0.1130
4.040 r_hip_pitch 0.071192 1.536788 0.843915 0.888278 0.817086 0.4218 0.4218
4.040 r_ank_pitch -0.006643 -0.703529 -0.782749 -0.817072 -0.810429 0.6103 0.6103
4.048 r_hip_roll 0.006719 0.228641 0.179664 0.164637 0.157919 -0.1206 -0.1206
4.048 r_hip_pitch 0.072529 1.572618 0.843400 0.902109 0.829580 0.4171 0.4171
4.048 r_ank_pitch 0.014563 -0.233041 -0.754134 -0.799212 -0.813776 0.7889 0.7889
4.056 r_hip_roll 0.000427 0.094389 0.176059 0.159496 0.159069 -0.1436 -0.1436
4.056 r_hip_pitch 0.071534 1.575024 0.837090 0.913737 0.842203 0.3680 0.3680
4.056 r_ank_pitch 0.038602 0.326431 -0.717962 -0.774306 -0.812908 0.9600 0.9600
4.064 r_hip_roll -0.005704 -0.030767 0.174831 0.153492 0.159196 -0.1758 -0.1758
4.064 r_hip_pitch 0.068380 1.546976 0.854312 0.923058 0.854678 0.2768 0.2768
4.064 r_ank_pitch 0.051192 0.859780 -0.709877 -0.756335 -0.807527 0.7617 0.7617
4.072 r_hip_roll -0.011612 -0.153416 0.172896 0.146726 0.158338 -0.2033 -0.2033
4.072 r_hip_pitch 0.063247 1.494645 0.871957 0.930059 0.866811 0.1405 0.1405
4.072 r_ank_pitch 0.056412 1.221111 -0.701430 -0.742309 -0.798720 0.5115 0.5115
4.080 r_hip_roll -0.019545 -0.290930 0.168873 0.136901 0.156446 -0.2864 -0.2864
4.080 r_hip_pitch 0.057488 1.414753 0.892424 0.935878 0.878389 0.0260 0.0260
4.080 r_ank_pitch 0.059855 1.433947 -0.686450 -0.727965 -0.787820 0.3770 0.3770
4.088 r_hip_roll -0.024531 -0.428060 0.164676 0.128878 0.153409 -0.2524 -0.2524
4.088 r_hip_pitch 0.048847 1.295606 0.905644 0.937995 0.889148 -0.1472 -0.1472
4.088 r_ank_pitch 0.062020 1.563574 -0.672249 -0.713641 -0.775661 0.2975 0.2975
4.096 r_hip_roll -0.028878 -0.535086 0.159543 0.120557 0.149435 -0.2440 -0.2440
4.096 r_hip_pitch 0.039711 1.133035 0.916623 0.938435 0.898724 -0.2640 -0.2640
4.096 r_ank_pitch 0.064307 1.650895 -0.655901 -0.698396 -0.762703 0.2729 0.2729
4.104 r_hip_roll -0.032607 -0.624231 0.153546 0.112093 0.144700 -0.2414 -0.2414
4.104 r_hip_pitch 0.030723 0.944730 0.925282 0.937584 0.906860 -0.3276 -0.3276
4.104 r_ank_pitch 0.067313 1.728921 -0.637734 -0.681797 -0.749110 0.2847 0.2847
4.112 r_hip_roll -0.035682 -0.700334 0.146786 0.103635 0.139317 -0.2348 -0.2348
4.112 r_hip_pitch 0.022456 0.747443 0.931634 0.935890 0.913434 -0.3425 -0.3425
4.112 r_ank_pitch 0.071108 1.816243 -0.618145 -0.663746 -0.734854 0.3129 0.3129
4.120 r_hip_roll -0.038062 -0.764217 0.139388 0.095325 0.133387 -0.2213 -0.2213
4.120 r_hip_pitch 0.015394 0.557030 0.935790 0.933848 0.918454 -0.3156 -0.3156
4.120 r_ank_pitch 0.075456 1.918799 -0.597591 -0.644368 -0.719823 0.3422 0.3422
4.128 r_hip_roll -0.039722 -0.815256 0.131492 0.087287 0.127009 -0.2008 -0.2008
4.128 r_hip_pitch 0.009919 0.387007 0.937959 0.931963 0.922043 -0.2542 -0.2542
4.128 r_ank_pitch 0.079962 2.033672 -0.576579 -0.623944 -0.703906 0.3623 0.3623
4.136 r_hip_roll -0.040658 -0.853254 0.123250 0.079630 0.120288 -0.1735 -0.1735
4.136 r_hip_pitch 0.006295 0.248914 0.938442 0.930720 0.924425 -0.1673 -0.1673
4.136 r_ank_pitch 0.084178 2.152659 -0.555652 -0.602865 -0.687043 0.3673 0.3673
4.144 r_hip_roll -0.040888 -0.878078 0.114815 0.072441 0.113329 -0.1404 -0.1404
4.144 r_hip_pitch 0.004647 0.151202 0.937621 0.930546 0.925899 -0.0646 -0.0646
4.144 r_ank_pitch 0.087655 2.264983 -0.535385 -0.581598 -0.669252 0.3544 0.3544
4.152 r_hip_roll -0.040454 -0.889509 0.106340 0.065784 0.106238 -0.1036 -0.1036
4.152 r_hip_pitch 0.004961 0.098366 0.935945 0.931775 0.926814 0.0452 0.0452
4.152 r_ank_pitch 0.089982 2.359189 -0.516367 -0.560664 -0.650646 0.3230 0.3230
4.160 r_hip_roll -0.039423 -0.887693 0.097968 0.059699 0.099123 -0.0655 -0.0655
4.160 r_hip_pitch 0.007074 0.091526 0.933906 0.934609 0.927535 0.1527 0.1527
4.160 r_ank_pitch 0.090806 2.424305 -0.499188 -0.540618 -0.631424 0.2739 0.2739
4.168 r_hip_roll -0.037883 -0.874074 0.089830 0.054199 0.092082 -0.0270 -0.0270
4.168 r_hip_pitch 0.010682 0.128767 0.932009 0.939106 0.928424 0.2476 0.2476
4.168 r_ank_pitch 0.089841 2.450602 -0.484422 -0.522028 -0.611869 0.2086 0.2086
4.176 r_hip_roll -0.036309 -0.852452 0.082040 0.048885 0.085194 -0.0009 -0.0009
4.176 r_hip_pitch 0.014526 0.198942 0.930742 0.944315 0.929789 0.2936 0.2936
4.176 r_ank_pitch 0.086883 2.430050 -0.472595 -0.505449 -0.592332 0.1297 0.1297
4.184 r_hip_roll -0.035022 -0.829496 0.074693 0.043469 0.078491 0.0115 0.0115
4.184 r_hip_pitch 0.016452 0.273972 0.930533 0.948218 0.931766 0.2444 0.2444
4.184 r_ank_pitch 0.081815 2.356635 -0.464159 -0.491405 -0.573220 0.0402 0.0402
4.192 r_hip_roll -0.033985 -0.809632 0.067860 0.037972 0.071957 0.0191 0.0191
4.192 r_hip_pitch 0.016444 0.326184 0.931719 0.950682 0.934238 0.1495 0.1495
4.192 r_ank_pitch 0.074621 2.226865 -0.459462 -0.480354 -0.554975 -0.0561 -0.0561
4.200 r_hip_roll -0.033512 -0.796100 0.061588 0.032042 0.065554 0.0150 0.0150
4.200 r_hip_pitch 0.014704 0.346159 0.934506 0.951674 0.936970 0.0351 0.0351
4.200 r_ank_pitch 0.065389 2.040047 -0.458718 -0.472664 -0.538053 -0.1554 -0.1554
4.208 r_hip_roll -0.075212 -1.049122 0.055902 -0.016891 0.058321 -1.2221 -1.2221
4.208 r_hip_pitch 0.012090 0.337813 0.938956 0.951802 0.939711 -0.0674 -0.0674
4.208 r_ank_pitch 0.054314 1.797984 -0.461993 -0.468589 -0.522903 -0.2530 -0.2530
4.288 l_hip_roll -0.102418 -1.445845 -0.162851 -0.145610 -0.043192 -1.6349 -1.6349
4.288 l_hip_pitch -0.041876 -0.012842 -0.689639 -0.732155 -0.690279 -1.8612 -1.8612
4.288 l_ank_pitch -0.014275 0.121965 0.735963 0.724443 0.738718 -0.6457 -0.6457
4.296 l_hip_roll -0.114208 -1.863142 -0.166206 -0.171141 -0.056933 -1.3960 -1.3960
4.296 l_hip_pitch -0.056476 -0.630579 -0.713079 -0.750093 -0.693618 -1.4000 -1.4000
4.296 l_ank_pitch 0.002452 0.114561 0.764324 0.741885 0.739433 -0.0514 -0.0514
4.304 l_hip_roll -0.109834 -2.121588 -0.169596 -0.183087 -0.073253 -0.7809 -0.7809
4.304 l_hip_pitch -0.076059 -1.118519 -0.734778 -0.777161 -0.701102 -1.3979 -1.3979
4.304 l_ank_pitch 0.020995 0.346152 0.787613 0.762418 0.741423 0.3201 0.3201
4.312 l_hip_roll -0.092954 -2.166461 -0.172919 -0.183579 -0.090625 -0.0293 -0.0293
4.312 l_hip_pitch -0.092764 -1.581657 -0.754998 -0.805158 -0.712394 -1.3113 -1.3113
4.312 l_ank_pitch 0.037137 0.644716 0.805961 0.782807 0.745670 0.5274 0.5274
4.320 l_hip_roll -0.076025 -1.957831 -0.176048 -0.183062 -0.107036 0.2926 0.2926
4.320 l_hip_pitch -0.108694 -2.041271 -0.773818 -0.836083 -0.727389 -1.1962 -1.1962
4.320 l_ank_pitch 0.048700 0.959292 0.819341 0.801095 0.752395 0.5553 0.5553
4.328 l_hip_roll -0.060314 -1.634942 -0.178836 -0.181435 -0.121121 0.3712 0.3712
4.328 l_hip_pitch -0.098804 -2.274438 -0.791169 -0.843970 -0.745165 -0.3290 -0.3290
4.328 l_ank_pitch 0.054542 1.234174 0.827609 0.816045 0.761502 0.4304 0.4304
4.336 l_hip_roll -0.046143 -1.294753 -0.181120 -0.178637 -0.132494 0.3588 0.3588
4.336 l_hip_pitch -0.080324 -2.160711 -0.806840 -0.843306 -0.762982 0.2967 0.2967
4.336 l_ank_pitch 0.054526 1.398948 0.830539 0.826814 0.772288 0.2324 0.2324
4.344 l_hip_roll -0.034341 -0.982648 -0.182737 -0.175608 -0.141266 0.2995 0.2995
4.344 l_hip_pitch -0.058107 -1.825824 -0.820488 -0.836815 -0.778708 0.6902 0.6902
4.344 l_ank_pitch 0.049071 1.425569 0.827848 0.832781 0.783710 0.0096 0.0096
4.352 l_hip_roll -0.026511 -0.727389 -0.183525 -0.174315 -0.147804 0.1781 0.1781
4.352 l_hip_pitch -0.063090 -1.556622 -0.831642 -0.854832 -0.791743 -0.0213 -0.0213
4.352 l_ank_pitch 0.038808 1.309256 0.819218 0.833439 0.794631 -0.2102 -0.2102
4.360 l_hip_roll -0.019455 -0.530764 -0.183344 -0.172070 -0.152615 0.1255 0.1255
4.360 l_hip_pitch -0.068487 -1.522684 -0.839698 -0.872432 -0.803945 -0.3256 -0.3256
4.360 l_ank_pitch 0.024397 1.059626 0.804307 0.828343 0.803945 -0.4155 -0.4155
4.368 l_hip_roll -0.012814 -0.366854 -0.182082 -0.168842 -0.156028 0.1121 0.1121
4.368 l_hip_pitch -0.071975 -1.559594 -0.843915 -0.888278 -0.816303 -0.4157 -0.4157
4.368 l_ank_pitch 0.006403 0.693594 0.782749 0.817074 0.810671 -0.6068 -0.6068
4.376 l_hip_roll -0.006409 -0.221293 -0.179664 -0.164637 -0.158228 0.1204 0.1204
4.376 l_hip_pitch -0.073145 -1.592686 -0.843400 -0.902109 -0.828964 -0.4085 -0.4085
4.376 l_ank_pitch -0.014740 0.225991 0.754134 0.799213 0.813953 -0.7866 -0.7866
4.384 l_hip_roll -0.000165 -0.089709 -0.176059 -0.159496 -0.159331 0.1462 0.1462
4.384 l_hip_pitch -0.072004 -1.591813 -0.837090 -0.913737 -0.841733 -0.3587 -0.3587
4.384 l_ank_pitch -0.038733 -0.331424 0.717962 0.774306 0.813039 -0.9586 -0.9586
4.392 l_hip_roll 0.005941 0.033597 -0.174831 -0.153492 -0.159433 0.1804 0.1804
4.392 l_hip_pitch -0.068740 -1.559249 -0.854312 -0.923058 -0.854318 -0.2708 -0.2708
4.392 l_ank_pitch -0.051291 -0.863321 0.709877 0.756335 0.807626 -0.7609 -0.7609
4.400 l_hip_roll 0.011823 0.156899 -0.172896 -0.146726 -0.158549 0.2058 0.2058
4.400 l_hip_pitch -0.063518 -1.505458 -0.871957 -0.930059 -0.866541 -0.1332 -0.1332
4.400 l_ank_pitch -0.056488 -1.223625 0.701430 0.742309 0.798797 -0.5111 -0.5111
4.408 l_hip_roll 0.019726 0.294740 -0.168873 -0.136901 -0.156628 0.2872 0.2872
4.408 l_hip_pitch -0.057684 -1.422887 -0.892424 -0.935878 -0.878194 -0.0201 -0.0201
4.408 l_ank_pitch -0.059915 -1.435765 0.686450 0.727965 0.787880 -0.3769 -0.3769
4.416 l_hip_roll 0.024680 0.432498 -0.164676 -0.128878 -0.153557 0.2508 0.2508
4.416 l_hip_pitch -0.048993 -1.300875 -0.905644 -0.937995 -0.889002 0.1501 0.1501
4.416 l_ank_pitch -0.062067 -1.564946 0.672249 0.713642 0.775709 -0.2975 -0.2975
4.424 l_hip_roll 0.028989 0.539762 -0.159543 -0.120557 -0.149545 0.2405 0.2405
4.424 l_hip_pitch -0.039824 -1.136690 -0.916623 -0.938435 -0.898611 0.2656 0.2656
4.424 l_ank_pitch -0.064345 -1.651964 0.655901 0.698396 0.762741 -0.2730 -0.2730
4.432 l_hip_roll 0.032686 0.627680 -0.153546 -0.112093 -0.144778 0.2387 0.2387
4.432 l_hip_pitch -0.030812 -0.947540 -0.925282 -0.937584 -0.906772 0.3287 0.3287
4.432 l_ank_pitch -0.067344 -1.729769 0.637734 0.681797 0.749141 -0.2847 -0.2847
4.440 l_hip_roll 0.035740 0.702352 -0.146786 -0.103635 -0.139375 0.2337 0.2337
4.440 l_hip_pitch -0.022525 -0.749724 -0.931634 -0.935890 -0.913366 0.3435 0.3435
4.440 l_ank_pitch -0.071133 -1.816912 0.618145 0.663746 0.734879 -0.3130 -0.3130
4.448 l_hip_roll 0.038111 0.764953 -0.139388 -0.095325 -0.133436 0.2220 0.2220
4.448 l_hip_pitch -0.015448 -0.558617 -0.935790 -0.933848 -0.918400 0.3160 0.3160
4.448 l_ank_pitch -0.075476 -1.919329 0.597591 0.644368 0.719843 -0.3423 -0.3423
4.456 l_hip_roll 0.039767 0.815781 -0.131492 -0.087287 -0.127054 0.2017 0.2017
4.456 l_hip_pitch -0.009961 -0.388479 -0.937959 -0.931963 -0.922001 0.2550 0.2550
4.456 l_ank_pitch -0.079978 -2.034097 0.576579 0.623944 0.703922 -0.3624 -0.3624
4.464 l_hip_roll 0.040698 0.853968 -0.123250 -0.079630 -0.120328 0.1739 0.1739
4.464 l_hip_pitch -0.006325 -0.250255 -0.938442 -0.930720 -0.924395 0.1684 0.1684
4.464 l_ank_pitch -0.084191 -2.153012 0.555652 0.602865 0.687056 -0.3673 -0.3673
4.472 l_hip_roll 0.040922 0.878811 -0.114815 -0.072441 -0.113363 0.1405 0.1405
4.472 l_hip_pitch -0.004669 -0.152043 -0.937621 -0.930546 -0.925877 0.0651 0.0651
4.472 l_ank_pitch -0.087666 -2.265300 0.535385 0.581598 0.669263 -0.3544 -0.3544
4.480 l_hip_roll 0.040482 0.890169 -0.106340 -0.065784 -0.106267 0.1036 0.1036
4.480 l_hip_pitch -0.004979 -0.098670 -0.935945 -0.931775 -0.926795 -0.0455 -0.0455
4.480 l_ank_pitch -0.089991 -2.359488 0.516367 0.560664 0.650655 -0.3230 -0.3230
4.488 l_hip_roll 0.039447 0.888151 -0.097968 -0.059699 -0.099146 0.0656 0.0656
4.488 l_hip_pitch -0.007093 -0.091162 -0.933906 -0.934609 -0.927516 -0.1542 -0.1542
4.488 l_ank_pitch -0.090812 -2.424602 0.499188 0.540618 0.631430 -0.2737 -0.2737
4.496 l_hip_roll 0.037906 0.873904 -0.089830 -0.054199 -0.092105 0.0282 0.0282
4.496 l_hip_pitch -0.010709 -0.127420 -0.932009 -0.939106 -0.928397 -0.2512 -0.2512
4.496 l_ank_pitch -0.089845 -2.450913 0.484422 0.522028 0.611873 -0.2083 -0.2083
4.504 l_hip_roll 0.036335 0.851917 -0.082040 -0.048885 -0.085221 0.0029 0.0029
4.504 l_hip_pitch -0.014567 -0.197125 -0.930742 -0.944315 -0.929749 -0.2987 -0.2987
4.504 l_ank_pitch -0.086884 -2.430347 0.472595 0.505449 0.592333 -0.1293 -0.1293
4.512 l_hip_roll 0.035053 0.828803 -0.074693 -0.043469 -0.078523 -0.0091 -0.0091
4.512 l_hip_pitch -0.016507 -0.272236 -0.930533 -0.948218 -0.931711 -0.2500 -0.2500
4.512 l_ank_pitch -0.081814 -2.356891 0.464159 0.491405 0.573219 -0.0399 -0.0399
4.520 l_hip_roll 0.034023 0.808949 -0.067860 -0.037972 -0.071994 -0.0165 -0.0165
4.520 l_hip_pitch -0.016511 -0.324774 -0.931719 -0.950682 -0.934171 -0.1551 -0.1551
4.520 l_ank_pitch -0.074618 -2.227072 0.459462 0.480354 0.554972 0.0565 0.0565
4.528 l_hip_roll 0.033555 0.795328 -0.061588 -0.032042 -0.065597 -0.0120 -0.0120
4.528 l_hip_pitch -0.014780 -0.345206 -0.934506 -0.951674 -0.936894 -0.0402 -0.0402
4.528 l_ank_pitch -0.065384 -2.040180 0.458718 0.472664 0.538048 0.1557 0.1557
4.536 l_hip_roll 0.075266 1.046979 -0.055902 0.016891 -0.058375 1.2280 1.2280
4.536 l_hip_pitch -0.012172 -0.337014 -0.938956 -0.951802 -0.939630 0.0623 0.0623
4.536 l_ank_pitch -0.054309 -1.798057 0.461993 0.468589 0.522898 0.2533 0.2533
4.608 r_hip_roll 0.101930 1.433293 0.162851 0.142828 0.040897 1.6368 1.6368
4.608 r_hip_pitch 0.043380 0.056151 0.689639 0.733360 0.689980 1.8504 1.8504
4.608 r_ank_pitch 0.010676 -0.252272 -0.735963 -0.724262 -0.734937 0.6759 0.6759
4.616 r_hip_roll 0.113841 1.862463 0.166206 0.168441 0.054600 1.3824 1.3824
4.616 r_hip_pitch 0.057951 0.673320 0.713079 0.751613 0.693662 1.3890 1.3890
4.616 r_ank_pitch -0.005276 -0.207437 -0.764324 -0.741776 -0.736500 0.0639 0.0639
4.624 r_hip_roll 0.112091 2.138562 0.169596 0.183087 0.070996 0.8423 0.8423
4.624 r_hip_pitch 0.077522 1.159801 0.734778 0.779008 0.701486 1.3891 1.3891
4.624 r_ank_pitch -0.023253 -0.414779 -0.787613 -0.762352 -0.739099 -0.3169 -0.3169
4.632 r_hip_roll 0.094922 2.207897 0.172919 0.183579 0.088657 0.0375 0.0375
4.632 r_hip_pitch 0.094183 1.637807 0.754998 0.807328 0.713145 1.2735 1.2735
4.632 r_ank_pitch -0.038969 -0.693949 -0.805961 -0.782768 -0.743799 -0.5325 -0.5325
4.640 r_hip_roll 0.077625 2.004475 0.176048 0.183062 0.105437 -0.3080 -0.3080
4.640 r_hip_pitch 0.110541 2.092309 0.773818 0.839097 0.728556 1.1869 1.1869
4.640 r_ank_pitch -0.050160 -1.006421 -0.819341 -0.801072 -0.750912 -0.5499 -0.5499
4.648 r_hip_roll 0.061564 1.676746 0.178836 0.181435 0.119871 -0.3924 -0.3924
4.648 r_hip_pitch 0.097305 2.303574 0.791169 0.843970 0.746664 0.2089 0.2089
4.648 r_ank_pitch -0.055666 -1.274661 -0.827609 -0.816030 -0.760364 -0.4213 -0.4213
4.656 r_hip_roll 0.047092 1.329014 0.181120 0.178637 0.131545 -0.3792 -0.3792
4.656 r_hip_pitch 0.078790 2.153817 0.806840 0.843306 0.764516 -0.3533 -0.3533
4.656 r_ank_pitch -0.055370 -1.431706 -0.830539 -0.826806 -0.771436 -0.2227 -0.2227
4.664 r_hip_roll 0.035066 1.007217 0.182737 0.175608 0.140542 -0.3123 -0.3123
4.664 r_hip_pitch 0.056714 1.803733 0.820488 0.836815 0.780101 -0.7130 -0.7130
4.664 r_ank_pitch -0.049694 -1.450878 -0.827848 -0.832776 -0.783082 -0.0011 -0.0011
4.672 r_hip_roll 0.027076 0.744730 0.183525 0.174315 0.147239 -0.1850 -0.1850
4.672 r_hip_pitch 0.061900 1.530026 0.831642 0.854832 0.792933 0.0159 0.0159
4.672 r_ank_pitch -0.039263 -1.328187 -0.819218 -0.833436 -0.794173 0.2170 0.2170
4.680 r_hip_roll 0.019908 0.543154 0.183344 0.172070 0.152162 -0.1285 -0.1285
4.680 r_hip_pitch 0.067509 1.496619 0.839698 0.872432 0.804923 0.3288 0.3288
4.680 r_ank_pitch -0.024729 -1.073494 -0.804307 -0.828341 -0.803612 0.4206 0.4206
4.688 r_hip_roll 0.013185 0.376056 0.182082 0.168842 0.155657 -0.1129 -0.1129
4.688 r_hip_pitch 0.071191 1.536779 0.843915 0.888278 0.817087 0.4217 0.4217
4.688 r_ank_pitch -0.006644 -0.703549 -0.782749 -0.817072 -0.810428 0.6103 0.6103
4.696 r_hip_roll 0.006717 0.228539 0.179664 0.164637 0.157920 -0.1205 -0.1205
4.696 r_hip_pitch 0.072529 1.572547 0.843400 0.902109 0.829580 0.4172 0.4172
4.696 r_ank_pitch 0.014563 -0.233058 -0.754134 -0.799212 -0.813775 0.7889 0.7889
4.704 r_hip_roll 0.000426 0.094279 0.176059 0.159496 0.159070 -0.1435 -0.1435
4.704 r_hip_pitch 0.071534 1.574946 0.837090 0.913737 0.842203 0.3681 0.3681
4.704 r_ank_pitch 0.038602 0.326421 -0.717962 -0.774306 -0.812907 0.9600 0.9600
4.712 r_hip_roll -0.005704 -0.030895 0.174831 0.153492 0.159196 -0.1756 -0.1756
4.712 r_hip_pitch 0.068380 1.547035 0.854312 0.923058 0.854678 0.2767 0.2767
4.712 r_ank_pitch 0.051192 0.859772 -0.709877 -0.756335 -0.807527 0.7617 0.7617
4.720 r_hip_roll -0.011611 -0.153499 0.172896 0.146726 0.158337 -0.2031 -0.2031
4.720 r_hip_pitch 0.063247 1.494654 0.871957 0.930059 0.866812 0.1405 0.1405
4.720 r_ank_pitch 0.056411 1.221104 -0.701430 -0.742309 -0.798720 0.5115 0.5115
4.728 r_hip_roll -0.019544 -0.290964 0.168873 0.136901 0.156445 -0.2863 -0.2863
4.728 r_hip_pitch 0.057488 1.414712 0.892424 0.935878 0.878390 0.0261 0.0261
4.728 r_ank_pitch 0.059855 1.433942 -0.686450 -0.727965 -0.787820 0.3770 0.3770
4.736 r_hip_roll -0.024530 -0.428043 0.164676 0.128878 0.153407 -0.2524 -0.2524
4.736 r_hip_pitch 0.048847 1.295646 0.905644 0.937995 0.889148 -0.1473 -0.1473
4.736 r_ank_pitch 0.062020 1.563570 -0.672249 -0.713641 -0.775661 0.2975 0.2975
4.744 r_hip_roll -0.028877 -0.535037 0.159543 0.120557 0.149434 -0.2441 -0.2441
4.744 r_hip_pitch 0.039710 1.133124 0.916623 0.938435 0.898725 -0.2642 -0.2642
4.744 r_ank_pitch 0.064307 1.650890 -0.655901 -0.698396 -0.762703 0.2729 0.2729
4.752 r_hip_roll -0.032606 -0.624194 0.153546 0.112093 0.144699 -0.2414 -0.2414
4.752 r_hip_pitch 0.030722 0.944784 0.925282 0.937584 0.906862 -0.3277 -0.3277
4.752 r_ank_pitch 0.067313 1.728915 -0.637734 -0.681797 -0.749110 0.2847 0.2847
4.760 r_hip_roll -0.035681 -0.700321 0.146786 0.103635 0.139317 -0.2348 -0.2348
4.760 r_hip_pitch 0.022455 0.747456 0.931634 0.935890 0.913436 -0.3426 -0.3426
4.760 r_ank_pitch 0.071108 1.816236 -0.618145 -0.663746 -0.734854 0.3129 0.3129
4.768 r_hip_roll -0.038062 -0.764227 0.139388 0.095325 0.133386 -0.2212 -0.2212
4.768 r_hip_pitch 0.015393 0.557018 0.935790 0.933848 0.918455 -0.3156 -0.3156
4.768 r_ank_pitch 0.075455 1.918793 -0.597591 -0.644368 -0.719823 0.3422 0.3422
4.776 r_hip_roll -0.039722 -0.815283 0.131492 0.087287 0.127009 -0.2007 -0.2007
4.776 r_hip_pitch 0.009918 0.386984 0.937959 0.931963 0.922045 -0.2542 -0.2542
4.776 r_ank_pitch 0.079962 2.033668 -0.576579 -0.623944 -0.703906 0.3623 0.3623
4.784 r_hip_roll -0.040657 -0.853283 0.123250 0.079630 0.120288 -0.1734 -0.1734
4.784 r_hip_pitch 0.006293 0.248880 0.938442 0.930720 0.924426 -0.1673 -0.1673
4.784 r_ank_pitch 0.084178 2.152655 -0.555652 -0.602865 -0.687042 0.3673 0.3673
4.792 r_hip_roll -0.040887 -0.878104 0.114815 0.072441 0.113328 -0.1403 -0.1403
4.792 r_hip_pitch 0.004646 0.151167 0.937621 0.930546 0.925900 -0.0646 -0.0646
4.792 r_ank_pitch 0.087655 2.264980 -0.535385 -0.581598 -0.669252 0.3544 0.3544
4.800 r_hip_roll -0.040452 -0.889534 0.106340 0.065784 0.106237 -0.1035 -0.1035
4.800 r_hip_pitch 0.004960 0.098340 0.935945 0.931775 0.926814 0.0452 0.0452
4.800 r_ank_pitch 0.089982 2.359186 -0.516367 -0.560664 -0.650646 0.3230 0.3230
4.808 r_hip_roll -0.039422 -0.887721 0.097968 0.059699 0.099121 -0.0654 -0.0654
4.808 r_hip_pitch 0.007074 0.091519 0.933906 0.934609 0.927536 0.1526 0.1526
4.808 r_ank_pitch 0.090806 2.424303 -0.499188 -0.540618 -0.631424 0.2739 0.2739
4.816 r_hip_roll -0.037881 -0.874101 0.089830 0.054199 0.092080 -0.0269 -0.0269
4.816 r_hip_pitch 0.010681 0.128772 0.932009 0.939106 0.928425 0.2475 0.2475
4.816 r_ank_pitch 0.089841 2.450599 -0.484422 -0.522028 -0.611869 0.2086 0.2086
4.824 r_hip_roll -0.036307 -0.852474 0.082040 0.048885 0.085192 -0.0008 -0.0008
4.824 r_hip_pitch 0.014526 0.198957 0.930742 0.944315 0.929790 0.2935 0.2935
4.824 r_ank_pitch 0.086883 2.430048 -0.472595 -0.505449 -0.592332 0.1297 0.1297
4.832 r_hip_roll -0.035020 -0.829513 0.074693 0.043469 0.078489 0.0116 0.0116
4.832 r_hip_pitch 0.016451 0.273989 0.930533 0.948218 0.931766 0.2443 0.2443
4.832 r_ank_pitch 0.081815 2.356633 -0.464159 -0.491405 -0.573220 0.0402 0.0402
4.840 r_hip_roll -0.033983 -0.809643 0.067860 0.037972 0.071955 0.0192 0.0192
4.840 r_hip_pitch 0.016443 0.326201 0.931719 0.950682 0.934239 0.1494 0.1494
4.840 r_ank_pitch 0.074621 2.226863 -0.459462 -0.480354 -0.554975 -0.0561 -0.0561
4.848 r_hip_roll -0.033510 -0.796108 0.061588 0.032042 0.065552 0.0151 0.0151
4.848 r_hip_pitch 0.014703 0.346174 0.934506 0.951674 0.936971 0.0350 0.0350
4.848 r_ank_pitch 0.065389 2.040046 -0.458718 -0.472664 -0.538053 -0.1554 -0.1554
4.856 r_hip_roll -0.075207 -1.049496 0.055902 -0.016891 0.058316 -1.2213 -1.2213
4.856 r_hip_pitch 0.012087 0.338020 0.938956 0.951802 0.939714 -0.0680 -0.0680
4.856 r_ank_pitch 0.054314 1.797964 -0.461993 -0.468589 -0.522903 -0.2530 -0.2530
4.936 l_hip_roll -0.102391 -1.445514 -0.162851 -0.145561 -0.043171 -1.6344 -1.6344
4.936 l_hip_pitch -0.041882 -0.012877 -0.689639 -0.732178 -0.690295 -1.8614 -1.8614
4.936 l_ank_pitch -0.014232 0.120951 0.735963 0.724443 0.738675 -0.6430 -0.6430
4.944 l_hip_roll -0.114198 -1.863110 -0.166206 -0.171108 -0.056910 -1.3956 -1.3956
4.944 l_hip_pitch -0.056479 -0.630819 -0.713079 -0.750114 -0.693635 -1.3996 -1.3996
4.944 l_ank_pitch 0.002498 0.114417 0.764324 0.741885 0.739387 -0.0496 -0.0496
4.952 l_hip_roll -0.109855 -2.121945 -0.169596 -0.183087 -0.073232 -0.7812 -0.7812
4.952 l_hip_pitch -0.076067 -1.118933 -0.734778 -0.777190 -0.701123 -1.3975 -1.3975
4.952 l_ank_pitch 0.021040 0.346433 0.787613 0.762418 0.741378 0.3214 0.3214
4.960 l_hip_roll -0.092970 -2.167073 -0.172919 -0.183579 -0.090609 -0.0289 -0.0289
4.960 l_hip_pitch -0.092779 -1.582320 -0.754998 -0.805199 -0.712419 -1.3108 -1.3108
4.960 l_ank_pitch 0.037178 0.645324 0.805961 0.782807 0.745629 0.5281 0.5281
4.968 l_hip_roll -0.076037 -1.958291 -0.176048 -0.183062 -0.107024 0.2929 0.2929
4.968 l_hip_pitch -0.108716 -2.041905 -0.773818 -0.836136 -0.727420 -1.1960 -1.1960
4.968 l_ank_pitch 0.048735 0.960177 0.819341 0.801095 0.752360 0.5554 0.5554
4.976 l_hip_roll -0.060323 -1.635280 -0.178836 -0.181435 -0.121112 0.3714 0.3714
4.976 l_hip_pitch -0.098770 -2.274677 -0.791169 -0.843970 -0.745199 -0.3271 -0.3271
4.976 l_ank_pitch 0.054570 1.235062 0.827609 0.816045 0.761474 0.4303 0.4303
4.984 l_hip_roll -0.046150 -1.294992 -0.181120 -0.178637 -0.132487 0.3590 0.3590
4.984 l_hip_pitch -0.080291 -2.160332 -0.806840 -0.843306 -0.763015 0.2975 0.2975
4.984 l_ank_pitch 0.054547 1.399725 0.830539 0.826814 0.772267 0.2323 0.2323
4.992 l_hip_roll -0.034347 -0.982814 -0.182737 -0.175608 -0.141261 0.2996 0.2996
4.992 l_hip_pitch -0.058079 -1.825254 -0.820488 -0.836815 -0.778736 0.6905 0.6905
4.992 l_ank_pitch 0.049087 1.426198 0.827848 0.832781 0.783694 0.0094 0.0094
5.000 l_hip_roll -0.026515 -0.727502 -0.183525 -0.174315 -0.147800 0.1781 0.1781
5.000 l_hip_pitch -0.063066 -1.556044 -0.831642 -0.854832 -0.791766 -0.0213 -0.0213
5.000 l_ank_pitch 0.038819 1.309740 0.819218 0.833439 0.794620 -0.2104 -0.2104
5.008 l_hip_roll -0.019458 -0.530840 -0.183344 -0.172070 -0.152611 0.1255 0.1255
5.008 l_hip_pitch -0.068468 -1.522151 -0.839698 -0.872432 -0.803965 -0.3257 -0.3257
5.008 l_ank_pitch 0.024406 1.059987 0.804307 0.828343 0.803937 -0.4157 -0.4157
5.016 l_hip_roll -0.012817 -0.366903 -0.182082 -0.168842 -0.156025 0.1120 0.1120
5.016 l_hip_pitch -0.071960 -1.559122 -0.843915 -0.888278 -0.816318 -0.4159 -0.4159
5.016 l_ank_pitch 0.006409 0.693857 0.782749 0.817074 0.810665 -0.6070 -0.6070
5.024 l_hip_roll -0.006412 -0.221333 -0.179664 -0.164637 -0.158225 0.1204 0.1204
5.024 l_hip_pitch -0.073133 -1.592209 -0.843400 -0.902109 -0.828976 -0.4088 -0.4088
5.024 l_ank_pitch -0.014736 0.226180 0.754134 0.799213 0.813948 -0.7867 -0.7867
5.032 l_hip_roll -0.000167 -0.089731 -0.176059 -0.159496 -0.159329 0.1461 0.1461
5.032 l_hip_pitch -0.071996 -1.591473 -0.837090 -0.913737 -0.841741 -0.3590 -0.3590
5.032 l_ank_pitch -0.038730 -0.331291 0.717962 0.774306 0.813036 -0.9587 -0.9587
5.040 l_hip_roll 0.005938 0.033592 -0.174831 -0.153492 -0.159430 0.1803 0.1803
5.040 l_hip_pitch -0.068733 -1.559096 -0.854312 -0.923058 -0.854325 -0.2708 -0.2708
5.040 l_ank_pitch -0.051289 -0.863227 0.709877 0.756335 0.807624 -0.7610 -0.7610
5.048 l_hip_roll 0.011821 0.156864 -0.172896 -0.146726 -0.158547 0.2057 0.2057
5.048 l_hip_pitch -0.063513 -1.505220 -0.871957 -0.930059 -0.866545 -0.1334 -0.1334
5.048 l_ank_pitch -0.056486 -1.223560 0.701430 0.742309 0.798795 -0.5112 -0.5112
5.056 l_hip_roll 0.019724 0.294712 -0.168873 -0.136901 -0.156626 0.2872 0.2872
5.056 l_hip_pitch -0.057681 -1.422785 -0.892424 -0.935878 -0.878197 -0.0201 -0.0201
5.056 l_ank_pitch -0.059914 -1.435719 0.686450 0.727965 0.787879 -0.3770 -0.3770
5.064 l_hip_roll 0.024678 0.432468 -0.164676 -0.128878 -0.153556 0.2508 0.2508
5.064 l_hip_pitch -0.048990 -1.300881 -0.905644 -0.937995 -0.889005 0.1503 0.1503
5.064 l_ank_pitch -0.062067 -1.564912 0.672249 0.713642 0.775708 -0.2975 -0.2975
5.072 l_hip_roll 0.028987 0.539716 -0.159543 -0.120557 -0.149544 0.2405 0.2405
5.072 l_hip_pitch -0.039820 -1.136670 -0.916623 -0.938435 -0.898615 0.2657 0.2657
5.072 l_ank_pitch -0.064345 -1.651940 0.655901 0.698396 0.762741 -0.2730 -0.2730
5.080 l_hip_roll 0.032685 0.627642 -0.153546 -0.112093 -0.144777 0.2387 0.2387
5.080 l_hip_pitch -0.030809 -0.947483 -0.925282 -0.937584 -0.906775 0.3287 0.3287
5.080 l_ank_pitch -0.067343 -1.729751 0.637734 0.681797 0.749140 -0.2847 -0.2847
5.088 l_hip_roll 0.035739 0.702327 -0.146786 -0.103635 -0.139375 0.2337 0.2337
5.088 l_hip_pitch -0.022522 -0.749648 -0.931634 -0.935890 -0.913368 0.3435 0.3435
5.088 l_ank_pitch -0.071133 -1.816900 0.618145 0.663746 0.734878 -0.3130 -0.3130
5.096 l_hip_roll 0.038110 0.764941 -0.139388 -0.095325 -0.133435 0.2220 0.2220
5.096 l_hip_pitch -0.015446 -0.558538 -0.935790 -0.933848 -0.918402 0.3160 0.3160
5.096 l_ank_pitch -0.075475 -1.919321 0.597591 0.644368 0.719843 -0.3423 -0.3423
5.104 l_hip_roll 0.039766 0.815777 -0.131492 -0.087287 -0.127053 0.2016 0.2016
5.104 l_hip_pitch -0.009960 -0.388407 -0.937959 -0.931963 -0.922003 0.2549 0.2549
5.104 l_ank_pitch -0.079978 -2.034092 0.576579 0.623944 0.703922 -0.3624 -0.3624
5.112 l_hip_roll 0.040697 0.853969 -0.123250 -0.079630 -0.120327 0.1738 0.1738
5.112 l_hip_pitch -0.006325 -0.250197 -0.938442 -0.930720 -0.924395 0.1683 0.1683
5.112 l_ank_pitch -0.084191 -2.153008 0.555652 0.602865 0.687056 -0.3673 -0.3673
5.120 l_hip_roll 0.040921 0.878815 -0.114815 -0.072441 -0.113362 0.1405 0.1405
5.120 l_hip_pitch -0.004669 -0.152002 -0.937621 -0.930546 -0.925877 0.0650 0.0650
5.120 l_ank_pitch -0.087665 -2.265297 0.535385 0.581598 0.669263 -0.3544 -0.3544
5.128 l_hip_roll 0.040481 0.890172 -0.106340 -0.065784 -0.106266 0.1036 0.1036
5.128 l_hip_pitch -0.004979 -0.098643 -0.935945 -0.931775 -0.926795 -0.0455 -0.0455
5.128 l_ank_pitch -0.089991 -2.359485 0.516367 0.560664 0.650655 -0.3230 -0.3230
5.136 l_hip_roll 0.039446 0.888158 -0.097968 -0.059699 -0.099145 0.0656 0.0656
5.136 l_hip_pitch -0.007093 -0.091150 -0.933906 -0.934609 -0.927516 -0.1542 -0.1542
5.136 l_ank_pitch -0.090812 -2.424600 0.499188 0.540618 0.631430 -0.2737 -0.2737
5.144 l_hip_roll 0.037905 0.873914 -0.089830 -0.054199 -0.092104 0.0282 0.0282
5.144 l_hip_pitch -0.010709 -0.127427 -0.932009 -0.939106 -0.928397 -0.2512 -0.2512
5.144 l_ank_pitch -0.089845 -2.450911 0.484422 0.522028 0.611873 -0.2083 -0.2083
5.152 l_hip_roll 0.036334 0.851926 -0.082040 -0.048885 -0.085220 0.0028 0.0028
5.152 l_hip_pitch -0.014567 -0.197143 -0.930742 -0.944315 -0.929749 -0.2986 -0.2986
5.152 l_ank_pitch -0.086884 -2.430345 0.472595 0.505449 0.592333 -0.1293 -0.1293
5.160 l_hip_roll 0.035052 0.828810 -0.074693 -0.043469 -0.078522 -0.0091 -0.0091
5.160 l_hip_pitch -0.016507 -0.272258 -0.930533 -0.948218 -0.931711 -0.2500 -0.2500
5.160 l_ank_pitch -0.081814 -2.356888 0.464159 0.491405 0.573219 -0.0399 -0.0399
5.168 l_hip_roll 0.034022 0.808953 -0.067860 -0.037972 -0.071993 -0.0165 -0.0165
5.168 l_hip_pitch -0.016510 -0.324797 -0.931719 -0.950682 -0.934172 -0.1550 -0.1550
5.168 l_ank_pitch -0.074618 -2.227069 0.459462 0.480354 0.554972 0.0565 0.0565
5.176 l_hip_roll 0.033554 0.795328 -0.061588 -0.032042 -0.065596 -0.0120 -0.0120
5.176 l_hip_pitch -0.014780 -0.345229 -0.934506 -0.951674 -0.936895 -0.0402 -0.0402
5.176 l_ank_pitch -0.065384 -2.040178 0.458718 0.472664 0.538048 0.1557 0.1557
5.184 l_hip_roll 0.075265 1.046980 -0.055902 0.016891 -0.058374 1.2279 1.2279
5.184 l_hip_pitch -0.012172 -0.337033 -0.938956 -0.951802 -0.939630 0.0624 0.0624
5.184 l_ank_pitch -0.054309 -1.798056 0.461993 0.468589 0.522898 0.2533 0.2533
5.256 r_hip_roll 0.101931 1.433317 0.162851 0.142826 0.040895 1.6367 1.6367
5.256 r_hip_pitch 0.043377 0.056076 0.689639 0.733362 0.689985 1.8505 1.8505
5.256 r_ank_pitch 0.010690 -0.251748 -0.735963 -0.724262 -0.734951 0.6757 0.6757
5.264 r_hip_roll 0.113842 1.862520 0.166206 0.168440 0.054598 1.3824 1.3824
5.264 r_hip_pitch 0.057949 0.673293 0.713079 0.751615 0.693667 1.3889 1.3889
5.264 r_ank_pitch -0.005266 -0.206946 -0.764324 -0.741776 -0.736510 0.0636 0.0636
5.272 r_hip_roll 0.112092 2.138710 0.169596 0.183087 0.070995 0.8421 0.8421
5.272 r_hip_pitch 0.077522 1.159741 0.734778 0.779013 0.701490 1.3892 1.3892
5.272 r_ank_pitch -0.023247 -0.414314 -0.787613 -0.762352 -0.739105 -0.3173 -0.3173
5.280 r_hip_roll 0.094921 2.208067 0.172919 0.183579 0.088658 0.0372 0.0372
5.280 r_hip_pitch 0.094182 1.637746 0.754998 0.807330 0.713149 1.2736 1.2736
5.280 r_ank_pitch -0.038966 -0.693566 -0.805961 -0.782768 -0.743801 -0.5329 -0.5329
5.288 r_hip_roll 0.077623 2.004552 0.176048 0.183062 0.105439 -0.3082 -0.3082
5.288 r_hip_pitch 0.110540 2.092262 0.773818 0.839099 0.728559 1.1869 1.1869
5.288 r_ank_pitch -0.050159 -1.006243 -0.819341 -0.801072 -0.750913 -0.5501 -0.5501
5.296 r_hip_roll 0.061562 1.676773 0.178836 0.181435 0.119873 -0.3925 -0.3925
5.296 r_hip_pitch 0.097302 2.303516 0.791169 0.843970 0.746667 0.2088 0.2088
5.296 r_ank_pitch -0.055667 -1.274589 -0.827609 -0.816030 -0.760364 -0.4214 -0.4214
5.304 r_hip_roll 0.047090 1.329010 0.181120 0.178637 0.131547 -0.3793 -0.3793
5.304 r_hip_pitch 0.078787 2.153743 0.806840 0.843306 0.764519 -0.3532 -0.3532
5.304 r_ank_pitch -0.055371 -1.431688 -0.830539 -0.826806 -0.771435 -0.2228 -0.2228
5.312 r_hip_roll 0.035064 1.007192 0.182737 0.175608 0.140543 -0.3124 -0.3124
5.312 r_hip_pitch 0.056712 1.803652 0.820488 0.836815 0.780103 -0.7129 -0.7129
5.312 r_ank_pitch -0.049695 -1.450885 -0.827848 -0.832776 -0.783081 -0.0011 -0.0011
5.320 r_hip_roll 0.027075 0.744696 0.183525 0.174315 0.147240 -0.1850 -0.1850
5.320 r_hip_pitch 0.061898 1.529964 0.831642 0.854832 0.792934 0.0159 0.0159
5.320 r_ank_pitch -0.039264 -1.328204 -0.819218 -0.833436 -0.794172 0.2170 0.2170
5.328 r_hip_roll 0.019906 0.543118 0.183344 0.172070 0.152163 -0.1285 -0.1285
5.328 r_hip_pitch 0.067508 1.496589 0.839698 0.872432 0.804924 0.3288 0.3288
5.328 r_ank_pitch -0.024729 -1.073511 -0.804307 -0.828341 -0.803612 0.4206 0.4206
5.336 r_hip_roll 0.013184 0.376018 0.182082 0.168842 0.155658 -0.1129 -0.1129
5.336 r_hip_pitch 0.071190 1.536739 0.843915 0.888278 0.817088 0.4218 0.4218
5.336 r_ank_pitch -0.006644 -0.703564 -0.782749 -0.817072 -0.810428 0.6103 0.6103
5.344 r_hip_roll 0.006716 0.228504 0.179664 0.164637 0.157921 -0.1204 -0.1204
5.344 r_hip_pitch 0.072528 1.572505 0.843400 0.902109 0.829581 0.4172 0.4172
5.344 r_ank_pitch 0.014562 -0.233071 -0.754134 -0.799212 -0.813775 0.7889 0.7889
5.352 r_hip_roll 0.000425 0.094243 0.176059 0.159496 0.159071 -0.1435 -0.1435
5.352 r_hip_pitch 0.071534 1.574909 0.837090 0.913737 0.842203 0.3682 0.3682
5.352 r_ank_pitch 0.038601 0.326412 -0.717962 -0.774306 -0.812907 0.9600 0.9600
5.360 r_hip_roll -0.005704 -0.030934 0.174831 0.153492 0.159196 -0.1755 -0.1755
5.360 r_hip_pitch 0.068380 1.547034 0.854312 0.923058 0.854679 0.2767 0.2767
5.360 r_ank_pitch 0.051192 0.859765 -0.709877 -0.756335 -0.807527 0.7617 0.7617
5.368 r_hip_roll -0.011611 -0.153527 0.172896 0.146726 0.158337 -0.2030 -0.2030
5.368 r_hip_pitch 0.063247 1.494647 0.871957 0.930059 0.866812 0.1405 0.1405
5.368 r_ank_pitch 0.056411 1.221099 -0.701430 -0.742309 -0.798720 0.5115 0.5115
5.376 r_hip_roll -0.019543 -0.290978 0.168873 0.136901 0.156445 -0.2863 -0.2863
5.376 r_hip_pitch 0.057488 1.414699 0.892424 0.935878 0.878390 0.0261 0.0261
5.376 r_ank_pitch 0.059855 1.433938 -0.686450 -0.727965 -0.787820 0.3770 0.3770
5.384 r_hip_roll -0.024529 -0.428043 0.164676 0.128878 0.153407 -0.2523 -0.2523
5.384 r_hip_pitch 0.048846 1.295655 0.905644 0.937995 0.889148 -0.1473 -0.1473
5.384 r_ank_pitch 0.062020 1.563567 -0.672249 -0.713641 -0.775661 0.2975 0.2975
5.392 r_hip_roll -0.028877 -0.535028 0.159543 0.120557 0.149434 -0.2441 -0.2441
5.392 r_hip_pitch 0.039710 1.133145 0.916623 0.938435 0.898725 -0.2643 -0.2643
5.392 r_ank_pitch 0.064307 1.650887 -0.655901 -0.698396 -0.762703 0.2729 0.2729
5.400 r_hip_roll -0.032606 -0.624186 0.153546 0.112093 0.144699 -0.2414 -0.2414
5.400 r_hip_pitch 0.030721 0.944796 0.925282 0.937584 0.906862 -0.3278 -0.3278
5.400 r_ank_pitch 0.067313 1.728912 -0.637734 -0.681797 -0.749110 0.2847 0.2847
5.408 r_hip_roll -0.035681 -0.700317 0.146786 0.103635 0.139317 -0.2348 -0.2348
5.408 r_hip_pitch 0.022454 0.747459 0.931634 0.935890 0.913436 -0.3426 -0.3426
5.408 r_ank_pitch 0.071108 1.816234 -0.618145 -0.663746 -0.734854 0.3129 0.3129
5.416 r_hip_roll -0.038062 -0.764227 0.139388 0.095325 0.133386 -0.2212 -0.2212
5.416 r_hip_pitch 0.015392 0.557014 0.935790 0.933848 0.918456 -0.3156 -0.3156
5.416 r_ank_pitch 0.075455 1.918792 -0.597591 -0.644368 -0.719823 0.3422 0.3422
5.424 r_hip_roll -0.039721 -0.815285 0.131492 0.087287 0.127008 -0.2007 -0.2007
5.424 r_hip_pitch 0.009917 0.386976 0.937959 0.931963 0.922045 -0.2542 -0.2542
5.424 r_ank_pitch 0.079962 2.033667 -0.576579 -0.623944 -0.703906 0.3623 0.3623
5.432 r_hip_roll -0.040657 -0.853290 0.123250 0.079630 0.120287 -0.1734 -0.1734
5.432 r_hip_pitch 0.006293 0.248874 0.938442 0.930720 0.924427 -0.1673 -0.1673
5.432 r_ank_pitch 0.084178 2.152655 -0.555652 -0.602865 -0.687042 0.3673 0.3673
5.440 r_hip_roll -0.040887 -0.878114 0.114815 0.072441 0.113328 -0.1403 -0.1403
5.440 r_hip_pitch 0.004646 0.151163 0.937621 0.930546 0.925900 -0.0646 -0.0646
5.440 r_ank_pitch 0.087655 2.264979 -0.535385 -0.581598 -0.669252 0.3544 0.3544
5.448 r_hip_roll -0.040452 -0.889544 0.106340 0.065784 0.106237 -0.1035 -0.1035
5.448 r_hip_pitch 0.004960 0.098336 0.935945 0.931775 0.926815 0.0452 0.0452
5.448 r_ank_pitch 0.089982 2.359186 -0.516367 -0.560664 -0.650646 0.3230 0.3230
5.456 r_hip_roll -0.039421 -0.887728 0.097968 0.059699 0.099121 -0.0653 -0.0653
5.456 r_hip_pitch 0.007073 0.091512 0.933906 0.934609 0.927536 0.1526 0.1526
5.456 r_ank_pitch 0.090806 2.424303 -0.499188 -0.540618 -0.631424 0.2739 0.2739
5.464 r_hip_roll -0.037880 -0.874105 0.089830 0.054199 0.092079 -0.0269 -0.0269
5.464 r_hip_pitch 0.010681 0.128765 0.932009 0.939106 0.928425 0.2476 0.2476
5.464 r_ank_pitch 0.089841 2.450600 -0.484422 -0.522028 -0.611869 0.2086 0.2086
5.472 r_hip_roll -0.036306 -0.852476 0.082040 0.048885 0.085192 -0.0008 -0.0008
5.472 r_hip_pitch 0.014526 0.198950 0.930742 0.944315 0.929790 0.2935 0.2935
5.472 r_ank_pitch 0.086883 2.430048 -0.472595 -0.505449 -0.592332 0.1297 0.1297
5.480 r_hip_roll -0.035019 -0.829513 0.074693 0.043469 0.078488 0.0116 0.0116
5.480 r_hip_pitch 0.016451 0.273985 0.930533 0.948218 0.931766 0.2444 0.2444
5.480 r_ank_pitch 0.081815 2.356633 -0.464159 -0.491405 -0.573220 0.0402 0.0402
5.488 r_hip_roll -0.033983 -0.809641 0.067860 0.037972 0.071954 0.0193 0.0193
5.488 r_hip_pitch 0.016443 0.326198 0.931719 0.950682 0.934239 0.1495 0.1495
5.488 r_ank_pitch 0.074621 2.226864 -0.459462 -0.480354 -0.554975 -0.0561 -0.0561
5.496 r_hip_roll -0.033509 -0.796104 0.061588 0.032042 0.065551 0.0151 0.0151
5.496 r_hip_pitch 0.014703 0.346173 0.934506 0.951674 0.936971 0.0350 0.0350
5.496 r_ank_pitch 0.065389 2.040046 -0.458718 -0.472664 -0.538053 -0.1554 -0.1554
5.504 r_hip_roll -0.075206 -1.049493 0.055902 -0.016891 0.058315 -1.2213 -1.2213
5.504 r_hip_pitch 0.012087 0.338024 0.938956 0.951802 0.939714 -0.0680 -0.0680
5.504 r_ank_pitch 0.054314 1.797964 -0.461993 -0.468589 -0.522903 -0.2530 -0.2530
5.584 l_hip_roll -0.102390 -1.445504 -0.162851 -0.145561 -0.043171 -1.6344 -1.6344
5.584 l_hip_pitch -0.041882 -0.012855 -0.689639 -0.732179 -0.690297 -1.8614 -1.8614
5.584 l_ank_pitch -0.014235 0.120752 0.735963 0.724443 0.738678 -0.6429 -0.6429
5.592 l_hip_roll -0.114197 -1.863096 -0.166206 -0.171108 -0.056911 -1.3956 -1.3956
5.592 l_hip_pitch -0.056478 -0.630853 -0.713079 -0.750115 -0.693637 -1.3996 -1.3996
5.592 l_ank_pitch 0.002497 0.114263 0.764324 0.741885 0.739389 -0.0495 -0.0495
5.600 l_hip_roll -0.109855 -2.121895 -0.169596 -0.183087 -0.073232 -0.7813 -0.7813
5.600 l_hip_pitch -0.076068 -1.119054 -0.734778 -0.777193 -0.701125 -1.3974 -1.3974
5.600 l_ank_pitch 0.021039 0.346340 0.787613 0.762418 0.741378 0.3215 0.3215
5.608 l_hip_roll -0.092970 -2.167040 -0.172919 -0.183579 -0.090608 -0.0290 -0.0290
5.608 l_hip_pitch -0.092784 -1.582568 -0.754998 -0.805207 -0.712423 -1.3106 -1.3106
5.608 l_ank_pitch 0.037178 0.645294 0.805961 0.782807 0.745629 0.5282 0.5282
5.616 l_hip_roll -0.076038 -1.958276 -0.176048 -0.183062 -0.107024 0.2928 0.2928
5.616 l_hip_pitch -0.108725 -2.042145 -0.773818 -0.836150 -0.727425 -1.1960 -1.1960
5.616 l_ank_pitch 0.048735 0.960162 0.819341 0.801095 0.752361 0.5554 0.5554
5.624 l_hip_roll -0.060324 -1.635277 -0.178836 -0.181435 -0.121111 0.3714 0.3714
5.624 l_hip_pitch -0.098763 -2.274819 -0.791169 -0.843970 -0.745207 -0.3265 -0.3265
5.624 l_ank_pitch 0.054570 1.235055 0.827609 0.816045 0.761474 0.4303 0.4303
5.632 l_hip_roll -0.046151 -1.294995 -0.181120 -0.178637 -0.132486 0.3589 0.3589
5.632 l_hip_pitch -0.080284 -2.160300 -0.806840 -0.843306 -0.763022 0.2978 0.2978
5.632 l_ank_pitch 0.054547 1.399723 0.830539 0.826814 0.772267 0.2323 0.2323
5.640 l_hip_roll -0.034347 -0.982820 -0.182737 -0.175608 -0.141260 0.2995 0.2995
5.640 l_hip_pitch -0.058072 -1.825154 -0.820488 -0.836815 -0.778743 0.6906 0.6906
5.640 l_ank_pitch 0.049087 1.426196 0.827848 0.832781 0.783695 0.0094 0.0094
5.648 l_hip_roll -0.026516 -0.727510 -0.183525 -0.174315 -0.147799 0.1781 0.1781
5.648 l_hip_pitch -0.063060 -1.555925 -0.831642 -0.854832 -0.791772 -0.0212 -0.0212
5.648 l_ank_pitch 0.038819 1.309739 0.819218 0.833439 0.794620 -0.2104 -0.2104
5.656 l_hip_roll -0.019459 -0.530847 -0.183344 -0.172070 -0.152611 0.1255 0.1255
5.656 l_hip_pitch -0.068463 -1.522031 -0.839698 -0.872432 -0.803969 -0.3257 -0.3257
5.656 l_ank_pitch 0.024406 1.059984 0.804307 0.828343 0.803937 -0.4157 -0.4157
5.664 l_hip_roll -0.012818 -0.366909 -0.182082 -0.168842 -0.156024 0.1120 0.1120
5.664 l_hip_pitch -0.071956 -1.559008 -0.843915 -0.888278 -0.816322 -0.4159 -0.4159
5.664 l_ank_pitch 0.006409 0.693855 0.782749 0.817074 0.810665 -0.6070 -0.6070
5.672 l_hip_roll -0.006413 -0.221342 -0.179664 -0.164637 -0.158224 0.1204 0.1204
5.672 l_hip_pitch -0.073130 -1.592081 -0.843400 -0.902109 -0.828979 -0.4089 -0.4089
5.672 l_ank_pitch -0.014736 0.226177 0.754134 0.799213 0.813948 -0.7867 -0.7867
5.680 l_hip_roll -0.000168 -0.089736 -0.176059 -0.159496 -0.159329 0.1461 0.1461
5.680 l_hip_pitch -0.071994 -1.591381 -0.837090 -0.913737 -0.841743 -0.3590 -0.3590
5.680 l_ank_pitch -0.038730 -0.331294 0.717962 0.774306 0.813036 -0.9587 -0.9587
5.688 l_hip_roll 0.005938 0.033593 -0.174831 -0.153492 -0.159430 0.1803 0.1803
5.688 l_hip_pitch -0.068732 -1.559064 -0.854312 -0.923058 -0.854326 -0.2707 -0.2707
5.688 l_ank_pitch -0.051289 -0.863230 0.709877 0.756335 0.807624 -0.7609 -0.7609
5.696 l_hip_roll 0.011821 0.156857 -0.172896 -0.146726 -0.158547 0.2057 0.2057
5.696 l_hip_pitch -0.063512 -1.505151 -0.871957 -0.930059 -0.866547 -0.1334 -0.1334
5.696 l_ank_pitch -0.056486 -1.223562 0.701430 0.742309 0.798795 -0.5112 -0.5112
5.704 l_hip_roll 0.019724 0.294709 -0.168873 -0.136901 -0.156625 0.2872 0.2872
5.704 l_hip_pitch -0.057680 -1.422759 -0.892424 -0.935878 -0.878198 -0.0201 -0.0201
5.704 l_ank_pitch -0.059914 -1.435720 0.686450 0.727965 0.787879 -0.3770 -0.3770
5.712 l_hip_roll 0.024678 0.432467 -0.164676 -0.128878 -0.153555 0.2507 0.2507
5.712 l_hip_pitch -0.048989 -1.300889 -0.905644 -0.937995 -0.889006 0.1503 0.1503
5.712 l_ank_pitch -0.062067 -1.564912 0.672249 0.713642 0.775708 -0.2975 -0.2975
5.720 l_hip_roll 0.028987 0.539711 -0.159543 -0.120557 -0.149544 0.2405 0.2405
5.720 l_hip_pitch -0.039819 -1.136666 -0.916623 -0.938435 -0.898616 0.2657 0.2657
5.720 l_ank_pitch -0.064345 -1.651940 0.655901 0.698396 0.762741 -0.2730 -0.2730
5.728 l_hip_roll 0.032684 0.627636 -0.153546 -0.112093 -0.144777 0.2387 0.2387
5.728 l_hip_pitch -0.030808 -0.947466 -0.925282 -0.937584 -0.906776 0.3287 0.3287
5.728 l_ank_pitch -0.067343 -1.729751 0.637734 0.681797 0.749140 -0.2847 -0.2847
5.736 l_hip_roll 0.035739 0.702322 -0.146786 -0.103635 -0.139374 0.2337 0.2337
5.736 l_hip_pitch -0.022522 -0.749624 -0.931634 -0.935890 -0.913369 0.3435 0.3435
5.736 l_ank_pitch -0.071133 -1.816900 0.618145 0.663746 0.734878 -0.3130 -0.3130
5.744 l_hip_roll 0.038110 0.764937 -0.139388 -0.095325 -0.133435 0.2220 0.2220
5.744 l_hip_pitch -0.015446 -0.558513 -0.935790 -0.933848 -0.918402 0.3159 0.3159
5.744 l_ank_pitch -0.075475 -1.919321 0.597591 0.644368 0.719843 -0.3423 -0.3423
5.752 l_hip_roll 0.039766 0.815775 -0.131492 -0.087287 -0.127053 0.2016 0.2016
5.752 l_hip_pitch -0.009960 -0.388386 -0.937959 -0.931963 -0.922003 0.2549 0.2549
5.752 l_ank_pitch -0.079978 -2.034092 0.576579 0.623944 0.703922 -0.3624 -0.3624
5.760 l_hip_roll 0.040697 0.853968 -0.123250 -0.079630 -0.120327 0.1738 0.1738
5.760 l_hip_pitch -0.006325 -0.250181 -0.938442 -0.930720 -0.924395 0.1683 0.1683
5.760 l_ank_pitch -0.084191 -2.153008 0.555652 0.602865 0.687056 -0.3673 -0.3673
5.768 l_hip_roll 0.040921 0.878814 -0.114815 -0.072441 -0.113362 0.1405 0.1405
5.768 l_hip_pitch -0.004669 -0.151990 -0.937621 -0.930546 -0.925877 0.0650 0.0650
5.768 l_ank_pitch -0.087665 -2.265297 0.535385 0.581598 0.669263 -0.3544 -0.3544
5.776 l_hip_roll 0.040481 0.890171 -0.106340 -0.065784 -0.106266 0.1036 0.1036
5.776 l_hip_pitch -0.004979 -0.098635 -0.935945 -0.931775 -0.926795 -0.0455 -0.0455
5.776 l_ank_pitch -0.089990 -2.359485 0.516367 0.560664 0.650654 -0.3230 -0.3230
5.784 l_hip_roll 0.039446 0.888160 -0.097968 -0.059699 -0.099145 0.0656 0.0656
5.784 l_hip_pitch -0.007093 -0.091148 -0.933906 -0.934609 -0.927516 -0.1542 -0.1542
5.784 l_ank_pitch -0.090812 -2.424600 0.499188 0.540618 0.631430 -0.2737 -0.2737
5.792 l_hip_roll 0.037905 0.873917 -0.089830 -0.054199 -0.092104 0.0282 0.0282
5.792 l_hip_pitch -0.010709 -0.127430 -0.932009 -0.939106 -0.928397 -0.2512 -0.2512
5.792 l_ank_pitch -0.089845 -2.450910 0.484422 0.522028 0.611873 -0.2083 -0.2083
5.800 l_hip_roll 0.036334 0.851929 -0.082040 -0.048885 -0.085220 0.0028 0.0028
5.800 l_hip_pitch -0.014567 -0.197147 -0.930742 -0.944315 -0.929748 -0.2986 -0.2986
5.800 l_ank_pitch -0.086884 -2.430344 0.472595 0.505449 0.592333 -0.1293 -0.1293
5.808 l_hip_roll 0.035052 0.828812 -0.074693 -0.043469 -0.078521 -0.0091 -0.0091
5.808 l_hip_pitch -0.016507 -0.272264 -0.930533 -0.948218 -0.931711 -0.2500 -0.2500
5.808 l_ank_pitch -0.081813 -2.356888 0.464159 0.491405 0.573219 -0.0399 -0.0399
5.816 l_hip_roll 0.034021 0.808955 -0.067860 -0.037972 -0.071993 -0.0165 -0.0165
5.816 l_hip_pitch -0.016510 -0.324802 -0.931719 -0.950682 -0.934172 -0.1550 -0.1550
5.816 l_ank_pitch -0.074618 -2.227069 0.459462 0.480354 0.554972 0.0565 0.0565
5.824 l_hip_roll 0.033554 0.795329 -0.061588 -0.032042 -0.065596 -0.0121 -0.0121
5.824 l_hip_pitch -0.014780 -0.345233 -0.934506 -0.951674 -0.936895 -0.0402 -0.0402
5.824 l_ank_pitch -0.065384 -2.040177 0.458718 0.472664 0.538048 0.1557 0.1557
5.832 l_hip_roll 0.075265 1.046980 -0.055902 0.016891 -0.058374 1.2279 1.2279
5.832 l_hip_pitch -0.012171 -0.337037 -0.938956 -0.951802 -0.939630 0.0624 0.0624
5.832 l_ank_pitch -0.054309 -1.798055 0.461993 0.468589 0.522898 0.2533 0.2533
5.904 r_hip_roll 0.101931 1.433333 0.162851 0.142826 0.040895 1.6367 1.6367
5.904 r_hip_pitch 0.043377 0.056058 0.689639 0.733363 0.689986 1.8505 1.8505
5.904 r_ank_pitch 0.010691 -0.251678 -0.735963 -0.724262 -0.734953 0.6757 0.6757
5.912 r_hip_roll 0.113842 1.862552 0.166206 0.168441 0.054598 1.3823 1.3823
5.912 r_hip_pitch 0.057948 0.673250 0.713079 0.751616 0.693667 1.3890 1.3890
5.912 r_ank_pitch -0.005265 -0.206864 -0.764324 -0.741776 -0.736511 0.0636 0.0636
5.920 r_hip_roll 0.112091 2.138799 0.169596 0.183087 0.070996 0.8419 0.8419
5.920 r_hip_pitch 0.077521 1.159629 0.734778 0.779012 0.701491 1.3893 1.3893
5.920 r_ank_pitch -0.023247 -0.414202 -0.787613 -0.762352 -0.739106 -0.3174 -0.3174
5.928 r_hip_roll 0.094920 2.208167 0.172919 0.183579 0.088659 0.0370 0.0370
5.928 r_hip_pitch 0.094177 1.637583 0.754998 0.807325 0.713148 1.2737 1.2737
5.928 r_ank_pitch -0.038967 -0.693443 -0.805961 -0.782768 -0.743801 -0.5331 -0.5331
5.936 r_hip_roll 0.077621 2.004589 0.176048 0.183062 0.105440 -0.3083 -0.3083
5.936 r_hip_pitch 0.110534 2.092105 0.773818 0.839091 0.728557 1.1870 1.1870
5.936 r_ank_pitch -0.050160 -1.006205 -0.819341 -0.801072 -0.750911 -0.5502 -0.5502
5.944 r_hip_roll 0.061560 1.676774 0.178836 0.181435 0.119875 -0.3926 -0.3926
5.944 r_hip_pitch 0.097305 2.303416 0.791169 0.843970 0.746664 0.2092 0.2092
5.944 r_ank_pitch -0.055668 -1.274592 -0.827609 -0.816030 -0.760362 -0.4214 -0.4214
5.952 r_hip_roll 0.047088 1.328992 0.181120 0.178637 0.131549 -0.3794 -0.3794
5.952 r_hip_pitch 0.078791 2.153741 0.806840 0.843306 0.764516 -0.3531 -0.3531
5.952 r_ank_pitch -0.055372 -1.431706 -0.830539 -0.826806 -0.771434 -0.2228 -0.2228
5.960 r_hip_roll 0.035062 1.007164 0.182737 0.175608 0.140545 -0.3124 -0.3124
5.960 r_hip_pitch 0.056715 1.803688 0.820488 0.836815 0.780100 -0.7128 -0.7128
5.960 r_ank_pitch -0.049696 -1.450908 -0.827848 -0.832776 -0.783080 -0.0011 -0.0011
5.968 r_hip_roll 0.027073 0.744664 0.183525 0.174315 0.147242 -0.1850 -0.1850
5.968 r_hip_pitch 0.061901 1.530017 0.831642 0.854832 0.792931 0.0160 0.0160
5.968 r_ank_pitch -0.039265 -1.328228 -0.819218 -0.833436 -0.794172 0.2170 0.2170
5.976 r_hip_roll 0.019905 0.543087 0.183344 0.172070 0.152164 -0.1285 -0.1285
5.976 r_hip_pitch 0.067511 1.496654 0.839698 0.872432 0.804921 0.3288 0.3288
5.976 r_ank_pitch -0.024730 -1.073531 -0.804307 -0.828341 -0.803611 0.4206 0.4206
5.984 r_hip_roll 0.013183 0.375989 0.182082 0.168842 0.155659 -0.1129 -0.1129
5.984 r_hip_pitch 0.071192 1.536793 0.843915 0.888278 0.817086 0.4218 0.4218
5.984 r_ank_pitch -0.006645 -0.703580 -0.782749 -0.817072 -0.810428 0.6103 0.6103
5.992 r_hip_roll 0.006715 0.228479 0.179664 0.164637 0.157922 -0.1204 -0.1204
5.992 r_hip_pitch 0.072530 1.572551 0.843400 0.902109 0.829579 0.4172 0.4172
5.992 r_ank_pitch 0.014562 -0.233083 -0.754134 -0.799212 -0.813774 0.7889 0.7889
6.000 r_hip_roll 0.000425 0.094220 0.176059 0.159496 0.159071 -0.1434 -0.1434
6.000 r_hip_pitch 0.071535 1.574948 0.837090 0.913737 0.842202 0.3681 0.3681
6.000 r_ank_pitch 0.038601 0.326403 -0.717962 -0.774306 -0.812907 0.9600 0.9600
6.008 r_hip_roll -0.005704 -0.030955 0.174831 0.153492 0.159196 -0.1755 -0.1755
6.008 r_hip_pitch 0.068380 1.547072 0.854312 0.923058 0.854678 0.2766 0.2766
6.008 r_ank_pitch 0.051191 0.859758 -0.709877 -0.756335 -0.807527 0.7617 0.7617
6.016 r_hip_roll -0.011611 -0.153543 0.172896 0.146726 0.158337 -0.2030 -0.2030
6.016 r_hip_pitch 0.063247 1.494676 0.871957 0.930059 0.866811 0.1405 0.1405
6.016 r_ank_pitch 0.056411 1.221093 -0.701430 -0.742309 -0.798720 0.5115 0.5115
6.024 r_hip_roll -0.019544 -0.290989 0.168873 0.136901 0.156445 -0.2863 -0.2863
6.024 r_hip_pitch 0.057488 1.414720 0.892424 0.935878 0.878389 0.0261 0.0261
6.024 r_ank_pitch 0.059855 1.433934 -0.686450 -0.727965 -0.787820 0.3770 0.3770
6.032 r_hip_roll -0.024529 -0.428050 0.164676 0.128878 0.153407 -0.2523 -0.2523
6.032 r_hip_pitch 0.048847 1.295676 0.905644 0.937995 0.889148 -0.1473 -0.1473
6.032 r_ank_pitch 0.062019 1.563564 -0.672249 -0.713641 -0.775661 0.2975 0.2975
6.040 r_hip_roll -0.028877 -0.535030 0.159543 0.120557 0.149434 -0.2441 -0.2441
6.040 r_hip_pitch 0.039710 1.133163 0.916623 0.938435 0.898725 -0.2643 -0.2643
6.040 r_ank_pitch 0.064307 1.650885 -0.655901 -0.698396 -0.762703 0.2729 0.2729
6.048 r_hip_roll -0.032606 -0.624188 0.153546 0.112093 0.144699 -0.2414 -0.2414
6.048 r_hip_pitch 0.030722 0.944809 0.925282 0.937584 0.906862 -0.3278 -0.3278
6.048 r_ank_pitch 0.067313 1.728911 -0.637734 -0.681797 -0.749110 0.2847 0.2847
6.056 r_hip_roll -0.035681 -0.700319 0.146786 0.103635 0.139317 -0.2348 -0.2348
6.056 r_hip_pitch 0.022454 0.747467 0.931634 0.935890 0.913436 -0.3426 -0.3426
6.056 r_ank_pitch 0.071108 1.816233 -0.618145 -0.663746 -0.734854 0.3129 0.3129
6.064 r_hip_roll -0.038062 -0.764229 0.139388 0.095325 0.133386 -0.2212 -0.2212
6.064 r_hip_pitch 0.015392 0.557018 0.935790 0.933848 0.918456 -0.3156 -0.3156
6.064 r_ank_pitch 0.075455 1.918791 -0.597591 -0.644368 -0.719823 0.3422 0.3422
6.072 r_hip_roll -0.039721 -0.815287 0.131492 0.087287 0.127008 -0.2007 -0.2007
6.072 r_hip_pitch 0.009917 0.386977 0.937959 0.931963 0.922045 -0.2542 -0.2542
6.072 r_ank_pitch 0.079962 2.033666 -0.576579 -0.623944 -0.703906 0.3623 0.3623
6.080 r_hip_roll -0.040657 -0.853293 0.123250 0.079630 0.120287 -0.1734 -0.1734
6.080 r_hip_pitch 0.006293 0.248875 0.938442 0.930720 0.924427 -0.1673 -0.1673
6.080 r_ank_pitch 0.084178 2.152654 -0.555652 -0.602865 -0.687042 0.3673 0.3673
6.088 r_hip_roll -0.040886 -0.878119 0.114815 0.072441 0.113328 -0.1403 -0.1403
6.088 r_hip_pitch 0.004646 0.151165 0.937621 0.930546 0.925901 -0.0646 -0.0646
6.088 r_ank_pitch 0.087655 2.264979 -0.535385 -0.581598 -0.669252 0.3544 0.3544
6.096 r_hip_roll -0.040452 -0.889547 0.106340 0.065784 0.106236 -0.1035 -0.1035
6.096 r_hip_pitch 0.004960 0.098337 0.935945 0.931775 0.926815 0.0452 0.0452
6.096 r_ank_pitch 0.089982 2.359186 -0.516367 -0.560664 -0.650646 0.3230 0.3230
6.104 r_hip_roll -0.039421 -0.887728 0.097968 0.059699 0.099121 -0.0653 -0.0653
6.104 r_hip_pitch 0.007073 0.091510 0.933906 0.934609 0.927536 0.1526 0.1526
6.104 r_ank_pitch 0.090806 2.424303 -0.499188 -0.540618 -0.631424 0.2739 0.2739
6.112 r_hip_roll -0.037880 -0.874104 0.089830 0.054199 0.092079 -0.0269 -0.0269
6.112 r_hip_pitch 0.010681 0.128762 0.932009 0.939106 0.928425 0.2476 0.2476
6.112 r_ank_pitch 0.089841 2.450600 -0.484422 -0.522028 -0.611869 0.2086 0.2086
6.120 r_hip_roll -0.036306 -0.852476 0.082040 0.048885 0.085192 -0.0007 -0.0007
6.120 r_hip_pitch 0.014526 0.198948 0.930742 0.944315 0.929790 0.2935 0.2935
6.120 r_ank_pitch 0.086883 2.430048 -0.472595 -0.505449 -0.592332 0.1297 0.1297
6.128 r_hip_roll -0.035019 -0.829512 0.074693 0.043469 0.078488 0.0116 0.0116
6.128 r_hip_pitch 0.016451 0.273983 0.930533 0.948218 0.931766 0.2444 0.2444
6.128 r_ank_pitch 0.081815 2.356634 -0.464159 -0.491405 -0.573220 0.0402 0.0402
6.136 r_hip_roll -0.033983 -0.809640 0.067860 0.037972 0.071954 0.0193 0.0193
6.136 r_hip_pitch 0.016443 0.326197 0.931719 0.950682 0.934239 0.1495 0.1495
6.136 r_ank_pitch 0.074621 2.226864 -0.459462 -0.480354 -0.554975 -0.0561 -0.0561
6.144 r_hip_roll -0.033509 -0.796104 0.061588 0.032042 0.065551 0.0151 0.0151
6.144 r_hip_pitch 0.014703 0.346173 0.934506 0.951674 0.936971 0.0350 0.0350
6.144 r_ank_pitch 0.065389 2.040046 -0.458718 -0.472664 -0.538053 -0.1554 -0.1554
6.152 r_hip_roll -0.075206 -1.049492 0.055902 -0.016891 0.058315 -1.2213 -1.2213
6.152 r_hip_pitch 0.012087 0.338024 0.938956 0.951802 0.939714 -0.0680 -0.0680
6.152 r_ank_pitch 0.054314 1.797964 -0.461993 -0.468589 -0.522903 -0.2530 -0.2530
6.232 l_hip_roll -0.102390 -1.445503 -0.162851 -0.145561 -0.043171 -1.6344 -1.6344
6.232 l_hip_pitch -0.041882 -0.012849 -0.689639 -0.732179 -0.690297 -1.8614 -1.8614
6.232 l_ank_pitch -0.014236 0.120713 0.735963 0.724443 0.738679 -0.6429 -0.6429
6.240 l_hip_roll -0.114197 -1.863075 -0.166206 -0.171108 -0.056910 -1.3957 -1.3957
6.240 l_hip_pitch -0.056478 -0.630882 -0.713079 -0.750116 -0.693638 -1.3995 -1.3995
6.240 l_ank_pitch 0.002496 0.114227 0.764324 0.741885 0.739389 -0.0495 -0.0495
6.248 l_hip_roll -0.109855 -2.121822 -0.169596 -0.183087 -0.073232 -0.7814 -0.7814
6.248 l_hip_pitch -0.076069 -1.119147 -0.734778 -0.777195 -0.701126 -1.3972 -1.3972
6.248 l_ank_pitch 0.021039 0.346345 0.787613 0.762418 0.741379 0.3214 0.3214
6.256 l_hip_roll -0.092972 -2.166983 -0.172919 -0.183579 -0.090607 -0.0292 -0.0292
6.256 l_hip_pitch -0.092788 -1.582759 -0.754998 -0.805213 -0.712425 -1.3104 -1.3104
6.256 l_ank_pitch 0.037177 0.645330 0.805961 0.782807 0.745630 0.5281 0.5281
6.264 l_hip_roll -0.076040 -1.958257 -0.176048 -0.183062 -0.107022 0.2927 0.2927
6.264 l_hip_pitch -0.108731 -2.042325 -0.773818 -0.836160 -0.727429 -1.1959 -1.1959
6.264 l_ank_pitch 0.048734 0.960163 0.819341 0.801095 0.752362 0.5554 0.5554
6.272 l_hip_roll -0.060325 -1.635282 -0.178836 -0.181435 -0.121109 0.3714 0.3714
6.272 l_hip_pitch -0.098758 -2.274930 -0.791169 -0.843970 -0.745212 -0.3261 -0.3261
6.272 l_ank_pitch 0.054569 1.235041 0.827609 0.816045 0.761475 0.4303 0.4303
6.280 l_hip_roll -0.046152 -1.295012 -0.181120 -0.178637 -0.132485 0.3589 0.3589
6.280 l_hip_pitch -0.080279 -2.160285 -0.806840 -0.843306 -0.763027 0.2980 0.2980
6.280 l_ank_pitch 0.054546 1.399705 0.830539 0.826814 0.772268 0.2322 0.2322
6.288 l_hip_roll -0.034349 -0.982843 -0.182737 -0.175608 -0.141259 0.2995 0.2995
6.288 l_hip_pitch -0.058067 -1.825088 -0.820488 -0.836815 -0.778748 0.6907 0.6907
6.288 l_ank_pitch 0.049086 1.426178 0.827848 0.832781 0.783695 0.0094 0.0094
6.296 l_hip_roll -0.026517 -0.727534 -0.183525 -0.174315 -0.147798 0.1781 0.1781
6.296 l_hip_pitch -0.063056 -1.555843 -0.831642 -0.854832 -0.791776 -0.0212 -0.0212
6.296 l_ank_pitch 0.038819 1.309722 0.819218 0.833439 0.794620 -0.2104 -0.2104
6.304 l_hip_roll -0.019460 -0.530871 -0.183344 -0.172070 -0.152610 0.1255 0.1255
6.304 l_hip_pitch -0.068459 -1.521946 -0.839698 -0.872432 -0.803973 -0.3257 -0.3257
6.304 l_ank_pitch 0.024405 1.059970 0.804307 0.828343 0.803938 -0.4157 -0.4157
6.312 l_hip_roll -0.012819 -0.366930 -0.182082 -0.168842 -0.156023 0.1120 0.1120
6.312 l_hip_pitch -0.071953 -1.558929 -0.843915 -0.888278 -0.816325 -0.4159 -0.4159
6.312 l_ank_pitch 0.006408 0.693843 0.782749 0.817074 0.810665 -0.6069 -0.6069
6.320 l_hip_roll -0.006413 -0.221361 -0.179664 -0.164637 -0.158224 0.1204 0.1204
6.320 l_hip_pitch -0.073128 -1.592000 -0.843400 -0.902109 -0.828981 -0.4090 -0.4090
6.320 l_ank_pitch -0.014736 0.226167 0.754134 0.799213 0.813949 -0.7867 -0.7867
6.328 l_hip_roll -0.000168 -0.089752 -0.176059 -0.159496 -0.159328 0.1461 0.1461
6.328 l_hip_pitch -0.071992 -1.591318 -0.837090 -0.913737 -0.841745 -0.3591 -0.3591
6.328 l_ank_pitch -0.038730 -0.331302 0.717962 0.774306 0.813036 -0.9587 -0.9587
6.336 l_hip_roll 0.005937 0.033581 -0.174831 -0.153492 -0.159429 0.1803 0.1803
6.336 l_hip_pitch -0.068730 -1.559027 -0.854312 -0.923058 -0.854328 -0.2707 -0.2707
6.336 l_ank_pitch -0.051289 -0.863235 0.709877 0.756335 0.807624 -0.7609 -0.7609
6.344 l_hip_roll 0.011820 0.156846 -0.172896 -0.146726 -0.158547 0.2058 0.2058
6.344 l_hip_pitch -0.063511 -1.505107 -0.871957 -0.930059 -0.866548 -0.1335 -0.1335
6.344 l_ank_pitch -0.056486 -1.223566 0.701430 0.742309 0.798795 -0.5112 -0.5112
6.352 l_hip_roll 0.019724 0.294701 -0.168873 -0.136901 -0.156625 0.2872 0.2872
6.352 l_hip_pitch -0.057679 -1.422730 -0.892424 -0.935878 -0.878198 -0.0202 -0.0202
6.352 l_ank_pitch -0.059914 -1.435723 0.686450 0.727965 0.787879 -0.3770 -0.3770
6.360 l_hip_roll 0.024677 0.432463 -0.164676 -0.128878 -0.153555 0.2507 0.2507
6.360 l_hip_pitch -0.048988 -1.300876 -0.905644 -0.937995 -0.889006 0.1503 0.1503
6.360 l_ank_pitch -0.062067 -1.564914 0.672249 0.713642 0.775708 -0.2975 -0.2975
6.368 l_hip_roll 0.028987 0.539707 -0.159543 -0.120557 -0.149544 0.2405 0.2405
6.368 l_hip_pitch -0.039819 -1.136653 -0.916623 -0.938435 -0.898616 0.2657 0.2657
6.368 l_ank_pitch -0.064345 -1.651941 0.655901 0.698396 0.762741 -0.2730 -0.2730
6.376 l_hip_roll 0.032684 0.627633 -0.153546 -0.112093 -0.144777 0.2387 0.2387
6.376 l_hip_pitch -0.030808 -0.947452 -0.925282 -0.937584 -0.906776 0.3287 0.3287
6.376 l_ank_pitch -0.067343 -1.729752 0.637734 0.681797 0.749140 -0.2847 -0.2847
6.384 l_hip_roll 0.035739 0.702319 -0.146786 -0.103635 -0.139374 0.2337 0.2337
6.384 l_hip_pitch -0.022522 -0.749611 -0.931634 -0.935890 -0.913369 0.3435 0.3435
6.384 l_ank_pitch -0.071133 -1.816900 0.618145 0.663746 0.734878 -0.3130 -0.3130
6.392 l_hip_roll 0.038110 0.764934 -0.139388 -0.095325 -0.133435 0.2220 0.2220
6.392 l_hip_pitch -0.015446 -0.558502 -0.935790 -0.933848 -0.918402 0.3159 0.3159
6.392 l_ank_pitch -0.075475 -1.919322 0.597591 0.644368 0.719843 -0.3423 -0.3423
6.400 l_hip_roll 0.039766 0.815772 -0.131492 -0.087287 -0.127053 0.2016 0.2016
6.400 l_hip_pitch -0.009960 -0.388377 -0.937959 -0.931963 -0.922003 0.2548 0.2548
6.400 l_ank_pitch -0.079978 -2.034092 0.576579 0.623944 0.703922 -0.3624 -0.3624
6.408 l_hip_roll 0.040697 0.853966 -0.123250 -0.079630 -0.120327 0.1738 0.1738
6.408 l_hip_pitch -0.006325 -0.250175 -0.938442 -0.930720 -0.924395 0.1683 0.1683
6.408 l_ank_pitch -0.084191 -2.153009 0.555652 0.602865 0.687056 -0.3673 -0.3673
6.416 l_hip_roll 0.040921 0.878812 -0.114815 -0.072441 -0.113362 0.1405 0.1405
6.416 l_hip_pitch -0.004669 -0.151986 -0.937621 -0.930546 -0.925877 0.0650 0.0650
6.416 l_ank_pitch -0.087665 -2.265297 0.535385 0.581598 0.669263 -0.3544 -0.3544
6.424 l_hip_roll 0.040481 0.890169 -0.106340 -0.065784 -0.106266 0.1036 0.1036
6.424 l_hip_pitch -0.004979 -0.098632 -0.935945 -0.931775 -0.926795 -0.0455 -0.0455
6.424 l_ank_pitch -0.089990 -2.359485 0.516367 0.560664 0.650654 -0.3230 -0.3230
6.432 l_hip_roll 0.039446 0.888161 -0.097968 -0.059699 -0.099145 0.0656 0.0656
6.432 l_hip_pitch -0.007093 -0.091148 -0.933906 -0.934609 -0.927516 -0.1542 -0.1542
6.432 l_ank_pitch -0.090812 -2.424600 0.499188 0.540618 0.631430 -0.2737 -0.2737
6.440 l_hip_roll 0.037905 0.873918 -0.089830 -0.054199 -0.092104 0.0282 0.0282
6.440 l_hip_pitch -0.010709 -0.127432 -0.932009 -0.939106 -0.928397 -0.2512 -0.2512
6.440 l_ank_pitch -0.089845 -2.450910 0.484422 0.522028 0.611873 -0.2083 -0.2083
6.448 l_hip_roll 0.036334 0.851930 -0.082040 -0.048885 -0.085220 0.0028 0.0028
6.448 l_hip_pitch -0.014567 -0.197150 -0.930742 -0.944315 -0.929748 -0.2986 -0.2986
6.448 l_ank_pitch -0.086884 -2.430344 0.472595 0.505449 0.592333 -0.1293 -0.1293
6.456 l_hip_roll 0.035052 0.828813 -0.074693 -0.043469 -0.078521 -0.0091 -0.0091
6.456 l_hip_pitch -0.016507 -0.272267 -0.930533 -0.948218 -0.931711 -0.2500 -0.2500
6.456 l_ank_pitch -0.081813 -2.356888 0.464159 0.491405 0.573219 -0.0399 -0.0399
6.464 l_hip_roll 0.034021 0.808955 -0.067860 -0.037972 -0.071993 -0.0165 -0.0165
6.464 l_hip_pitch -0.016510 -0.324805 -0.931719 -0.950682 -0.934172 -0.1550 -0.1550
6.464 l_ank_pitch -0.074618 -2.227069 0.459462 0.480354 0.554972 0.0565 0.0565
6.472 l_hip_roll 0.033554 0.795330 -0.061588 -0.032042 -0.065596 -0.0121 -0.0121
6.472 l_hip_pitch -0.014780 -0.345235 -0.934506 -0.951674 -0.936895 -0.0401 -0.0401
6.472 l_ank_pitch -0.065384 -2.040177 0.458718 0.472664 0.538048 0.1557 0.1557
6.480 l_hip_roll 0.075265 1.046981 -0.055902 0.016891 -0.058374 1.2279 1.2279
6.480 l_hip_pitch -0.012171 -0.337039 -0.938956 -0.951802 -0.939630 0.0624 0.0624
6.480 l_ank_pitch -0.054309 -1.798055 0.461993 0.468589 0.522898 0.2533 0.2533
6.552 r_hip_roll 0.101931 1.433349 0.162851 0.142826 0.040895 1.6367 1.6367
6.552 r_hip_pitch 0.043377 0.056050 0.689639 0.733363 0.689987 1.8505 1.8505
6.552 r_ank_pitch 0.010692 -0.251660 -0.735963 -0.724262 -0.734953 0.6757 0.6757
6.560 r_hip_roll 0.113843 1.862579 0.166206 0.168441 0.054599 1.3823 1.3823
6.560 r_hip_pitch 0.057948 0.673210 0.713079 0.751616 0.693668 1.3890 1.3890
6.560 r_ank_pitch -0.005265 -0.206832 -0.764324 -0.741776 -0.736512 0.0635 0.0635
6.568 r_hip_roll 0.112091 2.138878 0.169596 0.183087 0.070996 0.8418 0.8418
6.568 r_hip_pitch 0.077520 1.159511 0.734778 0.779011 0.701490 1.3895 1.3895
6.568 r_ank_pitch -0.023247 -0.414137 -0.787613 -0.762352 -0.739105 -0.3175 -0.3175
6.576 r_hip_roll 0.094918 2.208254 0.172919 0.183579 0.088661 0.0367 0.0367
6.576 r_hip_pitch 0.094173 1.637408 0.754998 0.807319 0.713146 1.2738 1.2738
6.576 r_ank_pitch -0.038968 -0.693354 -0.805961 -0.782768 -0.743800 -0.5332 -0.5332
6.584 r_hip_roll 0.077619 2.004619 0.176048 0.183062 0.105442 -0.3085 -0.3085
6.584 r_hip_pitch 0.110528 2.091933 0.773818 0.839082 0.728554 1.1870 1.1870
6.584 r_ank_pitch -0.050162 -1.006186 -0.819341 -0.801072 -0.750910 -0.5502 -0.5502
6.592 r_hip_roll 0.061558 1.676772 0.178836 0.181435 0.119877 -0.3927 -0.3927
6.592 r_hip_pitch 0.097310 2.303311 0.791169 0.843970 0.746660 0.2095 0.2095
6.592 r_ank_pitch -0.055669 -1.274602 -0.827609 -0.816030 -0.760361 -0.4214 -0.4214
6.600 r_hip_roll 0.047086 1.328972 0.181120 0.178637 0.131551 -0.3794 -0.3794
6.600 r_hip_pitch 0.078795 2.153748 0.806840 0.843306 0.764511 -0.3529 -0.3529
6.600 r_ank_pitch -0.055373 -1.431728 -0.830539 -0.826806 -0.771433 -0.2228 -0.2228
6.608 r_hip_roll 0.035061 1.007136 0.182737 0.175608 0.140547 -0.3124 -0.3124
6.608 r_hip_pitch 0.056719 1.803740 0.820488 0.836815 0.780096 -0.7127 -0.7127
6.608 r_ank_pitch -0.049697 -1.450932 -0.827848 -0.832776 -0.783079 -0.0011 -0.0011
6.616 r_hip_roll 0.027072 0.744633 0.183525 0.174315 0.147243 -0.1850 -0.1850
6.616 r_hip_pitch 0.061905 1.530087 0.831642 0.854832 0.792927 0.0160 0.0160
6.616 r_ank_pitch -0.039265 -1.328250 -0.819218 -0.833436 -0.794171 0.2170 0.2170
6.624 r_hip_roll 0.019904 0.543057 0.183344 0.172070 0.152166 -0.1285 -0.1285
6.624 r_hip_pitch 0.067514 1.496729 0.839698 0.872432 0.804918 0.3288 0.3288
6.624 r_ank_pitch -0.024730 -1.073550 -0.804307 -0.828341 -0.803611 0.4206 0.4206
6.632 r_hip_roll 0.013182 0.375962 0.182082 0.168842 0.155660 -0.1129 -0.1129
6.632 r_hip_pitch 0.071194 1.536861 0.843915 0.888278 0.817084 0.4218 0.4218
6.632 r_ank_pitch -0.006645 -0.703596 -0.782749 -0.817072 -0.810427 0.6103 0.6103
6.640 r_hip_roll 0.006715 0.228455 0.179664 0.164637 0.157922 -0.1204 -0.1204
6.640 r_hip_pitch 0.072532 1.572612 0.843400 0.902109 0.829577 0.4172 0.4172
6.640 r_ank_pitch 0.014562 -0.233096 -0.754134 -0.799212 -0.813774 0.7889 0.7889
6.648 r_hip_roll 0.000424 0.094199 0.176059 0.159496 0.159072 -0.1434 -0.1434
6.648 r_hip_pitch 0.071537 1.575000 0.837090 0.913737 0.842200 0.3681 0.3681
6.648 r_ank_pitch 0.038601 0.326393 -0.717962 -0.774306 -0.812906 0.9600 0.9600
6.656 r_hip_roll -0.005705 -0.030972 0.174831 0.153492 0.159197 -0.1755 -0.1755
6.656 r_hip_pitch 0.068382 1.547115 0.854312 0.923058 0.854676 0.2766 0.2766
6.656 r_ank_pitch 0.051191 0.859750 -0.709877 -0.756335 -0.807526 0.7617 0.7617
6.664 r_hip_roll -0.011611 -0.153557 0.172896 0.146726 0.158338 -0.2030 -0.2030
6.664 r_hip_pitch 0.063248 1.494711 0.871957 0.930059 0.866810 0.1405 0.1405
6.664 r_ank_pitch 0.056411 1.221088 -0.701430 -0.742309 -0.798720 0.5115 0.5115
6.672 r_hip_roll -0.019544 -0.291000 0.168873 0.136901 0.156445 -0.2863 -0.2863
6.672 r_hip_pitch 0.057489 1.414746 0.892424 0.935878 0.878389 0.0261 0.0261
6.672 r_ank_pitch 0.059855 1.433930 -0.686450 -0.727965 -0.787820 0.3770 0.3770
6.680 r_hip_roll -0.024530 -0.428057 0.164676 0.128878 0.153407 -0.2523 -0.2523
6.680 r_hip_pitch 0.048847 1.295697 0.905644 0.937995 0.889147 -0.1473 -0.1473
6.680 r_ank_pitch 0.062019 1.563561 -0.672249 -0.713641 -0.775661 0.2975 0.2975
6.688 r_hip_roll -0.028877 -0.535035 0.159543 0.120557 0.149434 -0.2441 -0.2441
6.688 r_hip_pitch 0.039710 1.133180 0.916623 0.938435 0.898725 -0.2643 -0.2643
6.688 r_ank_pitch 0.064307 1.650883 -0.655901 -0.698396 -0.762703 0.2729 0.2729
6.696 r_hip_roll -0.032606 -0.624192 0.153546 0.112093 0.144699 -0.2414 -0.2414
6.696 r_hip_pitch 0.030722 0.944821 0.925282 0.937584 0.906862 -0.3278 -0.3278
6.696 r_ank_pitch 0.067313 1.728909 -0.637734 -0.681797 -0.749110 0.2847 0.2847
6.704 r_hip_roll -0.035681 -0.700322 0.146786 0.103635 0.139317 -0.2348 -0.2348
6.704 r_hip_pitch 0.022454 0.747476 0.931634 0.935890 0.913436 -0.3426 -0.3426
6.704 r_ank_pitch 0.071108 1.816232 -0.618145 -0.663746 -0.734854 0.3129 0.3129
6.712 r_hip_roll -0.038062 -0.764232 0.139388 0.095325 0.133386 -0.2212 -0.2212
6.712 r_hip_pitch 0.015392 0.557024 0.935790 0.933848 0.918456 -0.3157 -0.3157
6.712 r_ank_pitch 0.075455 1.918791 -0.597591 -0.644368 -0.719823 0.3422 0.3422
6.720 r_hip_roll -0.039721 -0.815290 0.131492 0.087287 0.127008 -0.2007 -0.2007
6.720 r_hip_pitch 0.009917 0.386979 0.937959 0.931963 0.922045 -0.2542 -0.2542
6.720 r_ank_pitch 0.079962 2.033666 -0.576579 -0.623944 -0.703906 0.3623 0.3623
6.728 r_hip_roll -0.040657 -0.853296 0.123250 0.079630 0.120287 -0.1734 -0.1734
6.728 r_hip_pitch 0.006293 0.248879 0.938442 0.930720 0.924427 -0.1673 -0.1673
6.728 r_ank_pitch 0.084178 2.152654 -0.555652 -0.602865 -0.687042 0.3673 0.3673
6.736 r_hip_roll -0.040886 -0.878122 0.114815 0.072441 0.113328 -0.1403 -0.1403
6.736 r_hip_pitch 0.004646 0.151169 0.937621 0.930546 0.925901 -0.0646 -0.0646
6.736 r_ank_pitch 0.087655 2.264979 -0.535385 -0.581598 -0.669252 0.3544 0.3544
6.744 r_hip_roll -0.040452 -0.889548 0.106340 0.065784 0.106236 -0.1035 -0.1035
6.744 r_hip_pitch 0.004960 0.098340 0.935945 0.931775 0.926815 0.0452 0.0452
6.744 r_ank_pitch 0.089982 2.359186 -0.516367 -0.560664 -0.650646 0.3230 0.3230
6.752 r_hip_roll -0.039421 -0.887726 0.097968 0.059699 0.099121 -0.0653 -0.0653
6.752 r_hip_pitch 0.007073 0.091508 0.933906 0.934609 0.927536 0.1526 0.1526
6.752 r_ank_pitch 0.090806 2.424303 -0.499188 -0.540618 -0.631424 0.2739 0.2739
6.760 r_hip_roll -0.037880 -0.874103 0.089830 0.054199 0.092079 -0.0269 -0.0269
6.760 r_hip_pitch 0.010681 0.128759 0.932009 0.939106 0.928425 0.2476 0.2476
6.760 r_ank_pitch 0.089841 2.450600 -0.484422 -0.522028 -0.611869 0.2086 0.2086
6.768 r_hip_roll -0.036306 -0.852474 0.082040 0.048885 0.085192 -0.0008 -0.0008
6.768 r_hip_pitch 0.014526 0.198945 0.930742 0.944315 0.929790 0.2935 0.2935
6.768 r_ank_pitch 0.086883 2.430048 -0.472595 -0.505449 -0.592332 0.1297 0.1297
6.776 r_hip_roll -0.035019 -0.829511 0.074693 0.043469 0.078488 0.0116 0.0116
6.776 r_hip_pitch 0.016451 0.273981 0.930533 0.948218 0.931766 0.2444 0.2444
6.776 r_ank_pitch 0.081815 2.356634 -0.464159 -0.491405 -0.573220 0.0402 0.0402
6.784 r_hip_roll -0.033983 -0.809640 0.067860 0.037972 0.071954 0.0193 0.0193
6.784 r_hip_pitch 0.016443 0.326195 0.931719 0.950682 0.934239 0.1495 0.1495
6.784 r_ank_pitch 0.074621 2.226864 -0.459462 -0.480354 -0.554975 -0.0561 -0.0561
6.792 r_hip_roll -0.033509 -0.796103 0.061588 0.032042 0.065551 0.0151 0.0151
6.792 r_hip_pitch 0.014703 0.346172 0.934506 0.951674 0.936971 0.0350 0.0350
6.792 r_ank_pitch 0.065389 2.040046 -0.458718 -0.472664 -0.538053 -0.1554 -0.1554
6.800 r_hip_roll -0.075206 -1.049492 0.055902 -0.016891 0.058315 -1.2213 -1.2213
6.800 r_hip_pitch 0.012087 0.338023 0.938956 0.951802 0.939714 -0.0680 -0.0680
6.800 r_ank_pitch 0.054314 1.797964 -0.461993 -0.468589 -0.522903 -0.2530 -0.2530
6.880 l_hip_roll -0.102390 -1.445502 -0.162851 -0.145561 -0.043171 -1.6344 -1.6344
6.880 l_hip_pitch -0.041882 -0.012850 -0.689639 -0.732179 -0.690298 -1.8614 -1.8614
6.880 l_ank_pitch -0.014236 0.120716 0.735963 0.724443 0.738679 -0.6429 -0.6429
6.888 l_hip_roll -0.114197 -1.863051 -0.166206 -0.171107 -0.056910 -1.3957 -1.3957
6.888 l_hip_pitch -0.056478 -0.630911 -0.713079 -0.750116 -0.693638 -1.3994 -1.3994
6.888 l_ank_pitch 0.002496 0.114222 0.764324 0.741885 0.739390 -0.0495 -0.0495
6.896 l_hip_roll -0.109856 -2.121743 -0.169596 -0.183087 -0.073231 -0.7816 -0.7816
6.896 l_hip_pitch -0.076069 -1.119235 -0.734778 -0.777196 -0.701127 -1.3971 -1.3971
6.896 l_ank_pitch 0.021038 0.346374 0.787613 0.762418 0.741379 0.3214 0.3214
6.904 l_hip_roll -0.092973 -2.166921 -0.172919 -0.183579 -0.090606 -0.0293 -0.0293
6.904 l_hip_pitch -0.092791 -1.582939 -0.754998 -0.805218 -0.712427 -1.3102 -1.3102
6.904 l_ank_pitch 0.037176 0.645383 0.805961 0.782807 0.745631 0.5280 0.5280
6.912 l_hip_roll -0.076041 -1.958237 -0.176048 -0.183062 -0.107020 0.2926 0.2926
6.912 l_hip_pitch -0.108737 -2.042493 -0.773818 -0.836169 -0.727432 -1.1959 -1.1959
6.912 l_ank_pitch 0.048733 0.960169 0.819341 0.801095 0.752363 0.5553 0.5553
6.920 l_hip_roll -0.060327 -1.635287 -0.178836 -0.181435 -0.121108 0.3713 0.3713
6.920 l_hip_pitch -0.098754 -2.275035 -0.791169 -0.843970 -0.745216 -0.3257 -0.3257
6.920 l_ank_pitch 0.054568 1.235028 0.827609 0.816045 0.761476 0.4303 0.4303
6.928 l_hip_roll -0.046154 -1.295031 -0.181120 -0.178637 -0.132483 0.3589 0.3589
6.928 l_hip_pitch -0.080274 -2.160277 -0.806840 -0.843306 -0.763032 0.2982 0.2982
6.928 l_ank_pitch 0.054545 1.399685 0.830539 0.826814 0.772269 0.2322 0.2322
6.936 l_hip_roll -0.034350 -0.982868 -0.182737 -0.175608 -0.141257 0.2995 0.2995
6.936 l_hip_pitch -0.058063 -1.825034 -0.820488 -0.836815 -0.778752 0.6908 0.6908
6.936 l_ank_pitch 0.049085 1.426158 0.827848 0.832781 0.783696 0.0094 0.0094
6.944 l_hip_roll -0.026518 -0.727562 -0.183525 -0.174315 -0.147797 0.1781 0.1781
6.944 l_hip_pitch -0.063052 -1.555771 -0.831642 -0.854832 -0.791780 -0.0211 -0.0211
6.944 l_ank_pitch 0.038818 1.309703 0.819218 0.833439 0.794621 -0.2104 -0.2104
6.952 l_hip_roll -0.019461 -0.530897 -0.183344 -0.172070 -0.152609 0.1255 0.1255
6.952 l_hip_pitch -0.068456 -1.521872 -0.839698 -0.872432 -0.803976 -0.3257 -0.3257
6.952 l_ank_pitch 0.024405 1.059954 0.804307 0.828343 0.803938 -0.4157 -0.4157
6.960 l_hip_roll -0.012819 -0.366954 -0.182082 -0.168842 -0.156023 0.1120 0.1120
6.960 l_hip_pitch -0.071950 -1.558859 -0.843915 -0.888278 -0.816328 -0.4159 -0.4159
6.960 l_ank_pitch 0.006408 0.693830 0.782749 0.817074 0.810666 -0.6069 -0.6069
6.968 l_hip_roll -0.006414 -0.221382 -0.179664 -0.164637 -0.158223 0.1204 0.1204
6.968 l_hip_pitch -0.073126 -1.591933 -0.843400 -0.902109 -0.828983 -0.4090 -0.4090
6.968 l_ank_pitch -0.014736 0.226157 0.754134 0.799213 0.813949 -0.7867 -0.7867
6.976 l_hip_roll -0.000169 -0.089770 -0.176059 -0.159496 -0.159328 0.1461 0.1461
6.976 l_hip_pitch -0.071991 -1.591263 -0.837090 -0.913737 -0.841746 -0.3591 -0.3591
6.976 l_ank_pitch -0.038731 -0.331310 0.717962 0.774306 0.813036 -0.9587 -0.9587
6.984 l_hip_roll 0.005937 0.033566 -0.174831 -0.153492 -0.159429 0.1803 0.1803
6.984 l_hip_pitch -0.068729 -1.558986 -0.854312 -0.923058 -0.854329 -0.2708 -0.2708
6.984 l_ank_pitch -0.051289 -0.863242 0.709877 0.756335 0.807625 -0.7609 -0.7609
6.992 l_hip_roll 0.011820 0.156834 -0.172896 -0.146726 -0.158546 0.2058 0.2058
6.992 l_hip_pitch -0.063510 -1.505070 -0.871957 -0.930059 -0.866548 -0.1335 -0.1335
6.992 l_ank_pitch -0.056486 -1.223570 0.701430 0.742309 0.798795 -0.5112 -0.5112
7.000 l_hip_roll 0.019724 0.294692 -0.168873 -0.136901 -0.156625 0.2872 0.2872
7.000 l_hip_pitch -0.057679 -1.422702 -0.892424 -0.935878 -0.878199 -0.0202 -0.0202
7.000 l_ank_pitch -0.059914 -1.435727 0.686450 0.727965 0.787879 -0.3770 -0.3770
7.008 l_hip_roll 0.024677 0.432458 -0.164676 -0.128878 -0.153555 0.2508 0.2508
7.008 l_hip_pitch -0.048988 -1.300857 -0.905644 -0.937995 -0.889007 0.1503 0.1503
7.008 l_ank_pitch -0.062067 -1.564917 0.672249 0.713642 0.775708 -0.2975 -0.2975
7.016 l_hip_roll 0.028987 0.539704 -0.159543 -0.120557 -0.149543 0.2405 0.2405
7.016 l_hip_pitch -0.039819 -1.136638 -0.916623 -0.938435 -0.898616 0.2657 0.2657
7.016 l_ank_pitch -0.064345 -1.651943 0.655901 0.698396 0.762741 -0.2730 -0.2730
7.024 l_hip_roll 0.032684 0.627631 -0.153546 -0.112093 -0.144777 0.2387 0.2387
7.024 l_hip_pitch -0.030807 -0.947440 -0.925282 -0.937584 -0.906776 0.3287 0.3287
7.024 l_ank_pitch -0.067343 -1.729753 0.637734 0.681797 0.749140 -0.2847 -0.2847
7.032 l_hip_roll 0.035739 0.702316 -0.146786 -0.103635 -0.139374 0.2337 0.2337
7.032 l_hip_pitch -0.022521 -0.749602 -0.931634 -0.935890 -0.913369 0.3434 0.3434
7.032 l_ank_pitch -0.071133 -1.816901 0.618145 0.663746 0.734878 -0.3130 -0.3130
7.040 l_hip_roll 0.038110 0.764931 -0.139388 -0.095325 -0.133435 0.2220 0.2220
7.040 l_hip_pitch -0.015446 -0.558494 -0.935790 -0.933848 -0.918402 0.3159 0.3159
7.040 l_ank_pitch -0.075475 -1.919322 0.597591 0.644368 0.719843 -0.3423 -0.3423
7.048 l_hip_roll 0.039766 0.815770 -0.131492 -0.087287 -0.127053 0.2016 0.2016
7.048 l_hip_pitch -0.009960 -0.388371 -0.937959 -0.931963 -0.922003 0.2548 0.2548
7.048 l_ank_pitch -0.079978 -2.034093 0.576579 0.623944 0.703922 -0.3624 -0.3624
7.056 l_hip_roll 0.040697 0.853964 -0.123250 -0.079630 -0.120327 0.1738 0.1738
7.056 l_hip_pitch -0.006325 -0.250171 -0.938442 -0.930720 -0.924395 0.1682 0.1682
7.056 l_ank_pitch -0.084191 -2.153009 0.555652 0.602865 0.687056 -0.3673 -0.3673
7.064 l_hip_roll 0.040921 0.878810 -0.114815 -0.072441 -0.113362 0.1405 0.1405
7.064 l_hip_pitch -0.004669 -0.151983 -0.937621 -0.930546 -0.925877 0.0650 0.0650
7.064 l_ank_pitch -0.087665 -2.265297 0.535385 0.581598 0.669263 -0.3544 -0.3544
7.072 l_hip_roll 0.040481 0.890167 -0.106340 -0.065784 -0.106266 0.1036 0.1036
7.072 l_hip_pitch -0.004980 -0.098629 -0.935945 -0.931775 -0.926795 -0.0455 -0.0455
7.072 l_ank_pitch -0.089990 -2.359485 0.516367 0.560664 0.650654 -0.3230 -0.3230
7.080 l_hip_roll 0.039446 0.888162 -0.097968 -0.059699 -0.099145 0.0656 0.0656
7.080 l_hip_pitch -0.007093 -0.091148 -0.933906 -0.934609 -0.927516 -0.1542 -0.1542
7.080 l_ank_pitch -0.090812 -2.424600 0.499188 0.540618 0.631430 -0.2737 -0.2737
7.088 l_hip_roll 0.037905 0.873920 -0.089830 -0.054199 -0.092104 0.0282 0.0282
7.088 l_hip_pitch -0.010709 -0.127434 -0.932009 -0.939106 -0.928397 -0.2512 -0.2512
7.088 l_ank_pitch -0.089845 -2.450910 0.484422 0.522028 0.611873 -0.2083 -0.2083
7.096 l_hip_roll 0.036334 0.851931 -0.082040 -0.048885 -0.085220 0.0028 0.0028
7.096 l_hip_pitch -0.014567 -0.197153 -0.930742 -0.944315 -0.929748 -0.2986 -0.2986
7.096 l_ank_pitch -0.086884 -2.430344 0.472595 0.505449 0.592333 -0.1293 -0.1293
7.104 l_hip_roll 0.035052 0.828814 -0.074693 -0.043469 -0.078521 -0.0091 -0.0091
7.104 l_hip_pitch -0.016507 -0.272269 -0.930533 -0.948218 -0.931711 -0.2500 -0.2500
7.104 l_ank_pitch -0.081813 -2.356888 0.464159 0.491405 0.573219 -0.0399 -0.0399
7.112 l_hip_roll 0.034021 0.808956 -0.067860 -0.037972 -0.071993 -0.0165 -0.0165
7.112 l_hip_pitch -0.016511 -0.324806 -0.931719 -0.950682 -0.934172 -0.1550 -0.1550
7.112 l_ank_pitch -0.074618 -2.227068 0.459462 0.480354 0.554972 0.0565 0.0565
7.120 l_hip_roll 0.033554 0.795330 -0.061588 -0.032042 -0.065596 -0.0121 -0.0121
7.120 l_hip_pitch -0.014780 -0.345237 -0.934506 -0.951674 -0.936895 -0.0401 -0.0401
7.120 l_ank_pitch -0.065384 -2.040177 0.458718 0.472664 0.538048 0.1557 0.1557
7.128 l_hip_roll 0.075265 1.046981 -0.055902 0.016891 -0.058374 1.2279 1.2279
7.128 l_hip_pitch -0.012171 -0.337040 -0.938956 -0.951802 -0.939630 0.0624 0.0624
7.128 l_ank_pitch -0.054309 -1.798055 0.461993 0.468589 0.522898 0.2533 0.2533
7.200 r_hip_roll 0.101931 1.433364 0.162851 0.142827 0.040896 1.6367 1.6367
7.200 r_hip_pitch 0.043377 0.056044 0.689639 0.733363 0.689987 1.8505 1.8505
7.200 r_ank_pitch 0.010692 -0.251654 -0.735963 -0.724262 -0.734953 0.6757 0.6757
7.208 r_hip_roll 0.113843 1.862604 0.166206 0.168442 0.054599 1.3823 1.3823
7.208 r_hip_pitch 0.057948 0.673169 0.713079 0.751616 0.693667 1.3891 1.3891
7.208 r_ank_pitch -0.005265 -0.206814 -0.764324 -0.741776 -0.736511 0.0635 0.0635
7.216 r_hip_roll 0.112090 2.138955 0.169596 0.183087 0.070997 0.8416 0.8416
7.216 r_hip_pitch 0.077519 1.159391 0.734778 0.779009 0.701490 1.3897 1.3897
7.216 r_ank_pitch -0.023247 -0.414084 -0.787613 -0.762352 -0.739105 -0.3176 -0.3176
7.224 r_hip_roll 0.094916 2.208339 0.172919 0.183579 0.088662 0.0365 0.0365
7.224 r_hip_pitch 0.094169 1.637228 0.754998 0.807313 0.713144 1.2739 1.2739
7.224 r_ank_pitch -0.038969 -0.693275 -0.805961 -0.782768 -0.743799 -0.5334 -0.5334
7.232 r_hip_roll 0.077617 2.004649 0.176048 0.183062 0.105444 -0.3086 -0.3086
7.232 r_hip_pitch 0.110522 2.091757 0.773818 0.839073 0.728551 1.1870 1.1870
7.232 r_ank_pitch -0.050163 -1.006171 -0.819341 -0.801072 -0.750909 -0.5503 -0.5503
7.240 r_hip_roll 0.061556 1.676769 0.178836 0.181435 0.119879 -0.3928 -0.3928
7.240 r_hip_pitch 0.097314 2.303204 0.791169 0.843970 0.746655 0.2099 0.2099
7.240 r_ank_pitch -0.055671 -1.274616 -0.827609 -0.816030 -0.760360 -0.4215 -0.4215
7.248 r_hip_roll 0.047084 1.328952 0.181120 0.178637 0.131553 -0.3794 -0.3794
7.248 r_hip_pitch 0.078800 2.153759 0.806840 0.843306 0.764506 -0.3527 -0.3527
7.248 r_ank_pitch -0.055374 -1.431751 -0.830539 -0.826806 -0.771431 -0.2228 -0.2228
7.256 r_hip_roll 0.035059 1.007107 0.182737 0.175608 0.140549 -0.3124 -0.3124
7.256 r_hip_pitch 0.056724 1.803800 0.820488 0.836815 0.780092 -0.7126 -0.7126
7.256 r_ank_pitch -0.049698 -1.450958 -0.827848 -0.832776 -0.783078 -0.0011 -0.0011
7.264 r_hip_roll 0.027070 0.744603 0.183525 0.174315 0.147244 -0.1850 -0.1850
7.264 r_hip_pitch 0.061909 1.530164 0.831642 0.854832 0.792924 0.0160 0.0160
7.264 r_ank_pitch -0.039266 -1.328274 -0.819218 -0.833436 -0.794170 0.2170 0.2170
7.272 r_hip_roll 0.019903 0.543028 0.183344 0.172070 0.152167 -0.1285 -0.1285
7.272 r_hip_pitch 0.067517 1.496808 0.839698 0.872432 0.804915 0.3288 0.3288
7.272 r_ank_pitch -0.024731 -1.073570 -0.804307 -0.828341 -0.803610 0.4206 0.4206
7.280 r_hip_roll 0.013181 0.375935 0.182082 0.168842 0.155661 -0.1129 -0.1129
7.280 r_hip_pitch 0.071197 1.536934 0.843915 0.888278 0.817081 0.4217 0.4217
7.280 r_ank_pitch -0.006646 -0.703612 -0.782749 -0.817072 -0.810427 0.6103 0.6103
7.288 r_hip_roll 0.006714 0.228432 0.179664 0.164637 0.157923 -0.1204 -0.1204
7.288 r_hip_pitch 0.072534 1.572676 0.843400 0.902109 0.829575 0.4172 0.4172
7.288 r_ank_pitch 0.014561 -0.233109 -0.754134 -0.799212 -0.813774 0.7889 0.7889
7.296 r_hip_roll 0.000424 0.094179 0.176059 0.159496 0.159073 -0.1434 -0.1434
7.296 r_hip_pitch 0.071538 1.575055 0.837090 0.913737 0.842199 0.3681 0.3681
7.296 r_ank_pitch 0.038601 0.326383 -0.717962 -0.774306 -0.812906 0.9600 0.9600
7.304 r_hip_roll -0.005705 -0.030989 0.174831 0.153492 0.159197 -0.1754 -0.1754
7.304 r_hip_pitch 0.068383 1.547161 0.854312 0.923058 0.854675 0.2766 0.2766
7.304 r_ank_pitch 0.051191 0.859743 -0.709877 -0.756335 -0.807526 0.7617 0.7617
7.312 r_hip_roll -0.011612 -0.153570 0.172896 0.146726 0.158338 -0.2030 -0.2030
7.312 r_hip_pitch 0.063249 1.494747 0.871957 0.930059 0.866810 0.1404 0.1404
7.312 r_ank_pitch 0.056411 1.221082 -0.701430 -0.742309 -0.798720 0.5115 0.5115
7.320 r_hip_roll -0.019544 -0.291010 0.168873 0.136901 0.156445 -0.2863 -0.2863
7.320 r_hip_pitch 0.057490 1.414775 0.892424 0.935878 0.878388 0.0260 0.0260
7.320 r_ank_pitch 0.059854 1.433926 -0.686450 -0.727965 -0.787820 0.3770 0.3770
7.328 r_hip_roll -0.024530 -0.428064 0.164676 0.128878 0.153407 -0.2523 -0.2523
7.328 r_hip_pitch 0.048848 1.295720 0.905644 0.937995 0.889147 -0.1473 -0.1473
7.328 r_ank_pitch 0.062019 1.563558 -0.672249 -0.713641 -0.775661 0.2975 0.2975
7.336 r_hip_roll -0.028877 -0.535040 0.159543 0.120557 0.149434 -0.2441 -0.2441
7.336 r_hip_pitch 0.039710 1.133197 0.916623 0.938435 0.898725 -0.2643 -0.2643
7.336 r_ank_pitch 0.064307 1.650880 -0.655901 -0.698396 -0.762703 0.2729 0.2729
7.344 r_hip_roll -0.032606 -0.624196 0.153546 0.112093 0.144699 -0.2414 -0.2414
7.344 r_hip_pitch 0.030722 0.944834 0.925282 0.937584 0.906862 -0.3278 -0.3278
7.344 r_ank_pitch 0.067313 1.728908 -0.637734 -0.681797 -0.749110 0.2847 0.2847
7.352 r_hip_roll -0.035681 -0.700324 0.146786 0.103635 0.139317 -0.2348 -0.2348
7.352 r_hip_pitch 0.022455 0.747485 0.931634 0.935890 0.913436 -0.3426 -0.3426
7.352 r_ank_pitch 0.071108 1.816231 -0.618145 -0.663746 -0.734854 0.3129 0.3129
7.360 r_hip_roll -0.038062 -0.764234 0.139388 0.095325 0.133386 -0.2212 -0.2212
7.360 r_hip_pitch 0.015392 0.557029 0.935790 0.933848 0.918456 -0.3157 -0.3157
7.360 r_ank_pitch 0.075455 1.918790 -0.597591 -0.644368 -0.719823 0.3422 0.3422
7.368 r_hip_roll -0.039721 -0.815292 0.131492 0.087287 0.127008 -0.2007 -0.2007
7.368 r_hip_pitch 0.009917 0.386982 0.937959 0.931963 0.922045 -0.2542 -0.2542
7.368 r_ank_pitch 0.079962 2.033666 -0.576579 -0.623944 -0.703906 0.3623 0.3623
7.376 r_hip_roll -0.040657 -0.853299 0.123250 0.079630 0.120287 -0.1734 -0.1734
7.376 r_hip_pitch 0.006293 0.248882 0.938442 0.930720 0.924427 -0.1673 -0.1673
7.376 r_ank_pitch 0.084178 2.152654 -0.555652 -0.602865 -0.687042 0.3673 0.3673
7.384 r_hip_roll -0.040886 -0.878126 0.114815 0.072441 0.113328 -0.1403 -0.1403
7.384 r_hip_pitch 0.004646 0.151173 0.937621 0.930546 0.925901 -0.0646 -0.0646
7.384 r_ank_pitch 0.087655 2.264979 -0.535385 -0.581598 -0.669252 0.3544 0.3544
7.392 r_hip_roll -0.040452 -0.889549 0.106340 0.065784 0.106236 -0.1034 -0.1034
7.392 r_hip_pitch 0.004960 0.098342 0.935945 0.931775 0.926815 0.0452 0.0452
7.392 r_ank_pitch 0.089982 2.359186 -0.516367 -0.560664 -0.650646 0.3230 0.3230
7.400 r_hip_roll -0.039421 -0.887725 0.097968 0.059699 0.099121 -0.0653 -0.0653
7.400 r_hip_pitch 0.007073 0.091507 0.933906 0.934609 0.927536 0.1526 0.1526
7.400 r_ank_pitch 0.090806 2.424303 -0.499188 -0.540618 -0.631424 0.2739 0.2739
7.408 r_hip_roll -0.037880 -0.874101 0.089830 0.054199 0.092079 -0.0269 -0.0269
7.408 r_hip_pitch 0.010681 0.128757 0.932009 0.939106 0.928425 0.2476 0.2476
7.408 r_ank_pitch 0.089841 2.450600 -0.484422 -0.522028 -0.611869 0.2086 0.2086
7.416 r_hip_roll -0.036306 -0.852473 0.082040 0.048885 0.085192 -0.0008 -0.0008
7.416 r_hip_pitch 0.014526 0.198943 0.930742 0.944315 0.929790 0.2935 0.2935
7.416 r_ank_pitch 0.086883 2.430048 -0.472595 -0.505449 -0.592332 0.1297 0.1297
7.424 r_hip_roll -0.035019 -0.829510 0.074693 0.043469 0.078488 0.0116 0.0116
7.424 r_hip_pitch 0.016451 0.273979 0.930533 0.948218 0.931766 0.2444 0.2444
7.424 r_ank_pitch 0.081815 2.356634 -0.464159 -0.491405 -0.573220 0.0402 0.0402
7.432 r_hip_roll -0.033983 -0.809639 0.067860 0.037972 0.071954 0.0193 0.0193
7.432 r_hip_pitch 0.016443 0.326194 0.931719 0.950682 0.934239 0.1495 0.1495
7.432 r_ank_pitch 0.074621 2.226864 -0.459462 -0.480354 -0.554975 -0.0561 -0.0561
7.440 r_hip_roll -0.033509 -0.796103 0.061588 0.032042 0.065551 0.0151 0.0151
7.440 r_hip_pitch 0.014703 0.346170 0.934506 0.951674 0.936971 0.0350 0.0350
7.440 r_ank_pitch 0.065389 2.040047 -0.458718 -0.472664 -0.538053 -0.1554 -0.1554
7.448 r_hip_roll -0.075206 -1.049492 0.055902 -0.016891 0.058315 -1.2213 -1.2213
7.448 r_hip_pitch 0.012087 0.338022 0.938956 0.951802 0.939714 -0.0680 -0.0680
7.448 r_ank_pitch 0.054314 1.797964 -0.461993 -0.468589 -0.522903 -0.2530 -0.2530
7.528 l_hip_roll -0.102390 -1.445501 -0.162851 -0.145561 -0.043170 -1.6344 -1.6344
7.528 l_hip_pitch -0.041882 -0.012851 -0.689639 -0.732179 -0.690298 -1.8614 -1.8614
7.528 l_ank_pitch -0.014236 0.120726 0.735963 0.724443 0.738679 -0.6429 -0.6429
7.536 l_hip_roll -0.114197 -1.863027 -0.166206 -0.171107 -0.056910 -1.3957 -1.3957
7.536 l_hip_pitch -0.056478 -0.630936 -0.713079 -0.750116 -0.693638 -1.3994 -1.3994
7.536 l_ank_pitch 0.002495 0.114223 0.764324 0.741885 0.739390 -0.0495 -0.0495
7.544 l_hip_roll -0.109857 -2.121663 -0.169596 -0.183087 -0.073230 -0.7817 -0.7817
7.544 l_hip_pitch -0.076070 -1.119319 -0.734778 -0.777197 -0.701127 -1.3970 -1.3970
7.544 l_ank_pitch 0.021038 0.346407 0.787613 0.762418 0.741380 0.3213 0.3213
7.552 l_hip_roll -0.092975 -2.166856 -0.172919 -0.183579 -0.090604 -0.0295 -0.0295
7.552 l_hip_pitch -0.092794 -1.583113 -0.754998 -0.805223 -0.712429 -1.3100 -1.3100
7.552 l_ank_pitch 0.037175 0.645439 0.805961 0.782807 0.745632 0.5279 0.5279
7.560 l_hip_roll -0.076043 -1.958216 -0.176048 -0.183062 -0.107018 0.2925 0.2925
7.560 l_hip_pitch -0.108743 -2.042655 -0.773818 -0.836178 -0.727435 -1.1958 -1.1958
7.560 l_ank_pitch 0.048732 0.960177 0.819341 0.801095 0.752364 0.5553 0.5553
7.568 l_hip_roll -0.060329 -1.635291 -0.178836 -0.181435 -0.121106 0.3712 0.3712
7.568 l_hip_pitch -0.098749 -2.275138 -0.791169 -0.843970 -0.745220 -0.3253 -0.3253
7.568 l_ank_pitch 0.054567 1.235015 0.827609 0.816045 0.761478 0.4303 0.4303
7.576 l_hip_roll -0.046155 -1.295050 -0.181120 -0.178637 -0.132481 0.3589 0.3589
7.576 l_hip_pitch -0.080270 -2.160272 -0.806840 -0.843306 -0.763036 0.2983 0.2983
7.576 l_ank_pitch 0.054544 1.399665 0.830539 0.826814 0.772270 0.2322 0.2322
7.584 l_hip_roll -0.034352 -0.982894 -0.182737 -0.175608 -0.141256 0.2995 0.2995
7.584 l_hip_pitch -0.058059 -1.824984 -0.820488 -0.836815 -0.778756 0.6909 0.6909
7.584 l_ank_pitch 0.049084 1.426137 0.827848 0.832781 0.783697 0.0094 0.0094
7.592 l_hip_roll -0.026519 -0.727590 -0.183525 -0.174315 -0.147796 0.1781 0.1781
7.592 l_hip_pitch -0.063049 -1.555705 -0.831642 -0.854832 -0.791784 -0.0211 -0.0211
7.592 l_ank_pitch 0.038817 1.309684 0.819218 0.833439 0.794622 -0.2104 -0.2104
7.600 l_hip_roll -0.019462 -0.530924 -0.183344 -0.172070 -0.152608 0.1255 0.1255
7.600 l_hip_pitch -0.068453 -1.521803 -0.839698 -0.872432 -0.803979 -0.3256 -0.3256
7.600 l_ank_pitch 0.024404 1.059937 0.804307 0.828343 0.803938 -0.4157 -0.4157
7.608 l_hip_roll -0.012820 -0.366979 -0.182082 -0.168842 -0.156022 0.1120 0.1120
7.608 l_hip_pitch -0.071948 -1.558793 -0.843915 -0.888278 -0.816330 -0.4160 -0.4160
7.608 l_ank_pitch 0.006408 0.693816 0.782749 0.817074 0.810666 -0.6069 -0.6069
7.616 l_hip_roll -0.006415 -0.221403 -0.179664 -0.164637 -0.158223 0.1204 0.1204
7.616 l_hip_pitch -0.073124 -1.591873 -0.843400 -0.902109 -0.828985 -0.4090 -0.4090
7.616 l_ank_pitch -0.014736 0.226146 0.754134 0.799213 0.813949 -0.7867 -0.7867
7.624 l_hip_roll -0.000169 -0.089788 -0.176059 -0.159496 -0.159327 0.1461 0.1461
7.624 l_hip_pitch -0.071989 -1.591212 -0.837090 -0.913737 -0.841748 -0.3591 -0.3591
7.624 l_ank_pitch -0.038731 -0.331319 0.717962 0.774306 0.813037 -0.9586 -0.9586
7.632 l_hip_roll 0.005937 0.033551 -0.174831 -0.153492 -0.159429 0.1803 0.1803
7.632 l_hip_pitch -0.068728 -1.558945 -0.854312 -0.923058 -0.854330 -0.2708 -0.2708
7.632 l_ank_pitch -0.051289 -0.863248 0.709877 0.756335 0.807625 -0.7609 -0.7609
7.640 l_hip_roll 0.011820 0.156822 -0.172896 -0.146726 -0.158546 0.2058 0.2058
7.640 l_hip_pitch -0.063509 -1.505035 -0.871957 -0.930059 -0.866549 -0.1335 -0.1335
7.640 l_ank_pitch -0.056486 -1.223575 0.701430 0.742309 0.798795 -0.5112 -0.5112
7.648 l_hip_roll 0.019723 0.294684 -0.168873 -0.136901 -0.156625 0.2872 0.2872
7.648 l_hip_pitch -0.057678 -1.422675 -0.892424 -0.935878 -0.878200 -0.0202 -0.0202
7.648 l_ank_pitch -0.059914 -1.435730 0.686450 0.727965 0.787879 -0.3770 -0.3770
7.656 l_hip_roll 0.024677 0.432452 -0.164676 -0.128878 -0.153555 0.2508 0.2508
7.656 l_hip_pitch -0.048987 -1.300837 -0.905644 -0.937995 -0.889007 0.1503 0.1503
7.656 l_ank_pitch -0.062067 -1.564919 0.672249 0.713642 0.775708 -0.2975 -0.2975
7.664 l_hip_roll 0.028987 0.539700 -0.159543 -0.120557 -0.149543 0.2405 0.2405
7.664 l_hip_pitch -0.039818 -1.136623 -0.916623 -0.938435 -0.898617 0.2657 0.2657
7.664 l_ank_pitch -0.064345 -1.651945 0.655901 0.698396 0.762741 -0.2730 -0.2730
7.672 l_hip_roll 0.032684 0.627628 -0.153546 -0.112093 -0.144777 0.2387 0.2387
7.672 l_hip_pitch -0.030807 -0.947428 -0.925282 -0.937584 -0.906776 0.3287 0.3287
7.672 l_ank_pitch -0.067343 -1.729755 0.637734 0.681797 0.749140 -0.2847 -0.2847
7.680 l_hip_roll 0.035739 0.702314 -0.146786 -0.103635 -0.139374 0.2337 0.2337
7.680 l_hip_pitch -0.022521 -0.749593 -0.931634 -0.935890 -0.913369 0.3434 0.3434
7.680 l_ank_pitch -0.071133 -1.816902 0.618145 0.663746 0.734878 -0.3130 -0.3130
7.688 l_hip_roll 0.038110 0.764929 -0.139388 -0.095325 -0.133435 0.2220 0.2220
7.688 l_hip_pitch -0.015446 -0.558488 -0.935790 -0.933848 -0.918402 0.3159 0.3159
7.688 l_ank_pitch -0.075475 -1.919323 0.597591 0.644368 0.719843 -0.3423 -0.3423
7.696 l_hip_roll 0.039766 0.815767 -0.131492 -0.087287 -0.127053 0.2016 0.2016
7.696 l_hip_pitch -0.009960 -0.388366 -0.937959 -0.931963 -0.922003 0.2548 0.2548
7.696 l_ank_pitch -0.079978 -2.034093 0.576579 0.623944 0.703922 -0.3624 -0.3624
7.704 l_hip_roll 0.040697 0.853962 -0.123250 -0.079630 -0.120327 0.1738 0.1738
7.704 l_hip_pitch -0.006325 -0.250167 -0.938442 -0.930720 -0.924395 0.1682 0.1682
7.704 l_ank_pitch -0.084191 -2.153009 0.555652 0.602865 0.687056 -0.3673 -0.3673
7.712 l_hip_roll 0.040921 0.878809 -0.114815 -0.072441 -0.113362 0.1405 0.1405
7.712 l_hip_pitch -0.004669 -0.151981 -0.937621 -0.930546 -0.925877 0.0650 0.0650
7.712 l_ank_pitch -0.087665 -2.265297 0.535385 0.581598 0.669263 -0.3544 -0.3544
7.720 l_hip_roll 0.040481 0.890165 -0.106340 -0.065784 -0.106266 0.1036 0.1036
7.720 l_hip_pitch -0.004980 -0.098627 -0.935945 -0.931775 -0.926795 -0.0455 -0.0455
7.720 l_ank_pitch -0.089990 -2.359485 0.516367 0.560664 0.650654 -0.3230 -0.3230
7.728 l_hip_roll 0.039446 0.888162 -0.097968 -0.059699 -0.099145 0.0656 0.0656
7.728 l_hip_pitch -0.007093 -0.091148 -0.933906 -0.934609 -0.927516 -0.1542 -0.1542
7.728 l_ank_pitch -0.090812 -2.424600 0.499188 0.540618 0.631430 -0.2737 -0.2737
7.736 l_hip_roll 0.037905 0.873921 -0.089830 -0.054199 -0.092104 0.0282 0.0282
7.736 l_hip_pitch -0.010709 -0.127437 -0.932009 -0.939106 -0.928397 -0.2512 -0.2512
7.736 l_ank_pitch -0.089845 -2.450910 0.484422 0.522028 0.611873 -0.2083 -0.2083
7.744 l_hip_roll 0.036334 0.851932 -0.082040 -0.048885 -0.085220 0.0028 0.0028
7.744 l_hip_pitch -0.014567 -0.197155 -0.930742 -0.944315 -0.929748 -0.2986 -0.2986
7.744 l_ank_pitch -0.086884 -2.430344 0.472595 0.505449 0.592333 -0.1293 -0.1293
7.752 l_hip_roll 0.035052 0.828814 -0.074693 -0.043469 -0.078521 -0.0091 -0.0091
7.752 l_hip_pitch -0.016507 -0.272271 -0.930533 -0.948218 -0.931711 -0.2500 -0.2500
7.752 l_ank_pitch -0.081813 -2.356887 0.464159 0.491405 0.573219 -0.0399 -0.0399
7.760 l_hip_roll 0.034021 0.808956 -0.067860 -0.037972 -0.071993 -0.0165 -0.0165
7.760 l_hip_pitch -0.016511 -0.324808 -0.931719 -0.950682 -0.934172 -0.1550 -0.1550
7.760 l_ank_pitch -0.074618 -2.227068 0.459462 0.480354 0.554972 0.0565 0.0565
7.768 l_hip_roll 0.033554 0.795330 -0.061588 -0.032042 -0.065596 -0.0121 -0.0121
7.768 l_hip_pitch -0.014780 -0.345238 -0.934506 -0.951674 -0.936895 -0.0401 -0.0401
7.768 l_ank_pitch -0.065384 -2.040177 0.458718 0.472664 0.538048 0.1557 0.1557
7.776 l_hip_roll 0.075265 1.046981 -0.055902 0.016891 -0.058374 1.2279 1.2279
7.776 l_hip_pitch -0.012171 -0.337041 -0.938956 -0.951802 -0.939630 0.0624 0.0624
7.776 l_ank_pitch -0.054309 -1.798055 0.461993 0.468589 0.522898 0.2533 0.2533
7.848 r_hip_roll 0.101931 1.433379 0.162851 0.142827 0.040896 1.6366 1.6366
7.848 r_hip_pitch 0.043377 0.056038 0.689639 0.733363 0.689987 1.8505 1.8505
7.848 r_ank_pitch 0.010692 -0.251652 -0.735963 -0.724262 -0.734953 0.6757 0.6757
7.856 r_hip_roll 0.113843 1.862629 0.166206 0.168443 0.054599 1.3823 1.3823
7.856 r_hip_pitch 0.057948 0.673127 0.713079 0.751615 0.693667 1.3892 1.3892
7.856 r_ank_pitch -0.005265 -0.206798 -0.764324 -0.741776 -0.736511 0.0635 0.0635
7.864 r_hip_roll 0.112089 2.139030 0.169596 0.183087 0.070998 0.8415 0.8415
7.864 r_hip_pitch 0.077518 1.159269 0.734778 0.779007 0.701489 1.3898 1.3898
7.864 r_ank_pitch -0.023248 -0.414034 -0.787613 -0.762352 -0.739105 -0.3177 -0.3177
7.872 r_hip_roll 0.094915 2.208422 0.172919 0.183579 0.088664 0.0363 0.0363
7.872 r_hip_pitch 0.094164 1.637046 0.754998 0.807306 0.713142 1.2740 1.2740
7.872 r_ank_pitch -0.038970 -0.693198 -0.805961 -0.782768 -0.743798 -0.5335 -0.5335
7.880 r_hip_roll 0.077615 2.004677 0.176048 0.183062 0.105446 -0.3087 -0.3087
7.880 r_hip_pitch 0.110516 2.091578 0.773818 0.839063 0.728547 1.1871 1.1871
7.880 r_ank_pitch -0.050164 -1.006158 -0.819341 -0.801072 -0.750908 -0.5504 -0.5504
7.888 r_hip_roll 0.061554 1.676766 0.178836 0.181435 0.119881 -0.3929 -0.3929
7.888 r_hip_pitch 0.097319 2.303096 0.791169 0.843970 0.746651 0.2103 0.2103
7.888 r_ank_pitch -0.055672 -1.274631 -0.827609 -0.816030 -0.760359 -0.4215 -0.4215
7.896 r_hip_roll 0.047082 1.328932 0.181120 0.178637 0.131555 -0.3795 -0.3795
7.896 r_hip_pitch 0.078805 2.153773 0.806840 0.843306 0.764501 -0.3525 -0.3525
7.896 r_ank_pitch -0.055375 -1.431776 -0.830539 -0.826806 -0.771430 -0.2228 -0.2228
7.904 r_hip_roll 0.035057 1.007079 0.182737 0.175608 0.140550 -0.3124 -0.3124
7.904 r_hip_pitch 0.056728 1.803863 0.820488 0.836815 0.780087 -0.7126 -0.7126
7.904 r_ank_pitch -0.049698 -1.450983 -0.827848 -0.832776 -0.783078 -0.0011 -0.0011
7.912 r_hip_roll 0.027069 0.744572 0.183525 0.174315 0.147246 -0.1850 -0.1850
7.912 r_hip_pitch 0.061913 1.530243 0.831642 0.854832 0.792920 0.0161 0.0161
7.912 r_ank_pitch -0.039267 -1.328297 -0.819218 -0.833436 -0.794169 0.2170 0.2170
7.920 r_hip_roll 0.019902 0.542998 0.183344 0.172070 0.152168 -0.1285 -0.1285
7.920 r_hip_pitch 0.067520 1.496889 0.839698 0.872432 0.804912 0.3288 0.3288
7.920 r_ank_pitch -0.024732 -1.073590 -0.804307 -0.828341 -0.803609 0.4206 0.4206
7.928 r_hip_roll 0.013180 0.375908 0.182082 0.168842 0.155662 -0.1129 -0.1129
7.928 r_hip_pitch 0.071200 1.537009 0.843915 0.888278 0.817078 0.4217 0.4217
7.928 r_ank_pitch -0.006646 -0.703629 -0.782749 -0.817072 -0.810426 0.6103 0.6103
7.936 r_hip_roll 0.006713 0.228409 0.179664 0.164637 0.157924 -0.1204 -0.1204
7.936 r_hip_pitch 0.072536 1.572743 0.843400 0.902109 0.829573 0.4172 0.4172
7.936 r_ank_pitch 0.014561 -0.233122 -0.754134 -0.799212 -0.813773 0.7889 0.7889
7.944 r_hip_roll 0.000423 0.094159 0.176059 0.159496 0.159073 -0.1434 -0.1434
7.944 r_hip_pitch 0.071540 1.575111 0.837090 0.913737 0.842197 0.3681 0.3681
7.944 r_ank_pitch 0.038600 0.326373 -0.717962 -0.774306 -0.812906 0.9600 0.9600
7.952 r_hip_roll -0.005706 -0.031006 0.174831 0.153492 0.159198 -0.1754 -0.1754
7.952 r_hip_pitch 0.068384 1.547208 0.854312 0.923058 0.854674 0.2766 0.2766
7.952 r_ank_pitch 0.051191 0.859735 -0.709877 -0.756335 -0.807526 0.7617 0.7617
7.960 r_hip_roll -0.011612 -0.153583 0.172896 0.146726 0.158338 -0.2030 -0.2030
7.960 r_hip_pitch 0.063250 1.494785 0.871957 0.930059 0.866809 0.1404 0.1404
7.960 r_ank_pitch 0.056411 1.221077 -0.701430 -0.742309 -0.798719 0.5115 0.5115
7.968 r_hip_roll -0.019544 -0.291019 0.168873 0.136901 0.156446 -0.2863 -0.2863
7.968 r_hip_pitch 0.057490 1.414805 0.892424 0.935878 0.878387 0.0260 0.0260
7.968 r_ank_pitch 0.059854 1.433922 -0.686450 -0.727965 -0.787820 0.3770 0.3770
7.976 r_hip_roll -0.024530 -0.428071 0.164676 0.128878 0.153407 -0.2523 -0.2523
7.976 r_hip_pitch 0.048848 1.295742 0.905644 0.937995 0.889147 -0.1474 -0.1474
7.976 r_ank_pitch 0.062019 1.563555 -0.672249 -0.713641 -0.775661 0.2975 0.2975
7.984 r_hip_roll -0.028877 -0.535045 0.159543 0.120557 0.149434 -0.2441 -0.2441
7.984 r_hip_pitch 0.039711 1.133215 0.916623 0.938435 0.898724 -0.2643 -0.2643
7.984 r_ank_pitch 0.064307 1.650878 -0.655901 -0.698396 -0.762703 0.2729 0.2729
7.992 r_hip_roll -0.032606 -0.624199 0.153546 0.112093 0.144699 -0.2414 -0.2414
7.992 r_hip_pitch 0.030722 0.944846 0.925282 0.937584 0.906862 -0.3278 -0.3278
7.992 r_ank_pitch 0.067313 1.728906 -0.637734 -0.681797 -0.749110 0.2847 0.2847
8.000 r_hip_roll -0.035682 -0.700327 0.146786 0.103635 0.139317 -0.2348 -0.2348
8.000 r_hip_pitch 0.022455 0.747493 0.931634 0.935890 0.913436 -0.3426 -0.3426
8.000 r_ank_pitch 0.071108 1.816231 -0.618145 -0.663746 -0.734854 0.3129 0.3129
8.008 r_hip_roll -0.038062 -0.764236 0.139388 0.095325 0.133386 -0.2212 -0.2212
8.008 r_hip_pitch 0.015392 0.557035 0.935790 0.933848 0.918456 -0.3157 -0.3157
8.008 r_ank_pitch 0.075455 1.918789 -0.597591 -0.644368 -0.719823 0.3422 0.3422
8.016 r_hip_roll -0.039721 -0.815294 0.131492 0.087287 0.127008 -0.2007 -0.2007
8.016 r_hip_pitch 0.009917 0.386985 0.937959 0.931963 0.922045 -0.2542 -0.2542
8.016 r_ank_pitch 0.079962 2.033665 -0.576579 -0.623944 -0.703906 0.3623 0.3623
8.024 r_hip_roll -0.040657 -0.853302 0.123250 0.079630 0.120287 -0.1734 -0.1734
8.024 r_hip_pitch 0.006293 0.248886 0.938442 0.930720 0.924427 -0.1673 -0.1673
8.024 r_ank_pitch 0.084178 2.152654 -0.555652 -0.602865 -0.687042 0.3673 0.3673
8.032 r_hip_roll -0.040886 -0.878129 0.114815 0.072441 0.113328 -0.1403 -0.1403
8.032 r_hip_pitch 0.004646 0.151177 0.937621 0.930546 0.925901 -0.0646 -0.0646
8.032 r_ank_pitch 0.087655 2.264978 -0.535385 -0.581598 -0.669252 0.3544 0.3544
8.040 r_hip_roll -0.040452 -0.889551 0.106340 0.065784 0.106236 -0.1034 -0.1034
8.040 r_hip_pitch 0.004960 0.098345 0.935945 0.931775 0.926815 0.0452 0.0452
8.040 r_ank_pitch 0.089982 2.359185 -0.516367 -0.560664 -0.650646 0.3230 0.3230
8.048 r_hip_roll -0.039421 -0.887724 0.097968 0.059699 0.099121 -0.0653 -0.0653
8.048 r_hip_pitch 0.007073 0.091506 0.933906 0.934609 0.927536 0.1526 0.1526
8.048 r_ank_pitch 0.090806 2.424303 -0.499188 -0.540618 -0.631424 0.2739 0.2739
8.056 r_hip_roll -0.037880 -0.874099 0.089830 0.054199 0.092079 -0.0269 -0.0269
8.056 r_hip_pitch 0.010681 0.128754 0.932009 0.939106 0.928425 0.2476 0.2476
8.056 r_ank_pitch 0.089841 2.450600 -0.484422 -0.522028 -0.611869 0.2086 0.2086
8.064 r_hip_roll -0.036306 -0.852472 0.082040 0.048885 0.085192 -0.0008 -0.0008
8.064 r_hip_pitch 0.014526 0.198940 0.930742 0.944315 0.929790 0.2935 0.2935
8.064 r_ank_pitch 0.086883 2.430049 -0.472595 -0.505449 -0.592332 0.1297 0.1297
8.072 r_hip_roll -0.035019 -0.829509 0.074693 0.043469 0.078488 0.0116 0.0116
8.072 r_hip_pitch 0.016451 0.273977 0.930533 0.948218 0.931766 0.2444 0.2444
8.072 r_ank_pitch 0.081815 2.356634 -0.464159 -0.491405 -0.573220 0.0402 0.0402
8.080 r_hip_roll -0.033983 -0.809638 0.067860 0.037972 0.071954 0.0193 0.0193
8.080 r_hip_pitch 0.016443 0.326192 0.931719 0.950682 0.934239 0.1495 0.1495
8.080 r_ank_pitch 0.074621 2.226864 -0.459462 -0.480354 -0.554975 -0.0561 -0.0561
8.088 r_hip_roll -0.033509 -0.796102 0.061588 0.032042 0.065551 0.0151 0.0151
8.088 r_hip_pitch 0.014703 0.346169 0.934506 0.951674 0.936971 0.0350 0.0350
8.088 r_ank_pitch 0.065389 2.040047 -0.458718 -0.472664 -0.538053 -0.1554 -0.1554
8.096 r_hip_roll -0.075206 -1.049492 0.055902 -0.016891 0.058315 -1.2213 -1.2213
8.096 r_hip_pitch 0.012087 0.338021 0.938956 0.951802 0.939714 -0.0680 -0.0680
8.096 r_ank_pitch 0.054314 1.797964 -0.461993 -0.468589 -0.522903 -0.2530 -0.2530
8.176 l_hip_roll -0.102390 -1.445501 -0.162851 -0.145561 -0.043170 -1.6344 -1.6344
8.176 l_hip_pitch -0.041882 -0.012853 -0.689639 -0.732179 -0.690298 -1.8614 -1.8614
8.176 l_ank_pitch -0.014237 0.120738 0.735963 0.724443 0.738680 -0.6429 -0.6429
8.184 l_hip_roll -0.114197 -1.863008 -0.166206 -0.171107 -0.056910 -1.3958 -1.3958
8.184 l_hip_pitch -0.056478 -0.630946 -0.713079 -0.750116 -0.693638 -1.3994 -1.3994
8.184 l_ank_pitch 0.002495 0.114227 0.764324 0.741885 0.739390 -0.0495 -0.0495
8.192 l_hip_roll -0.109857 -2.121582 -0.169596 -0.183087 -0.073230 -0.7819 -0.7819
8.192 l_hip_pitch -0.076070 -1.119392 -0.734778 -0.777197 -0.701128 -1.3968 -1.3968
8.192 l_ank_pitch 0.021037 0.346442 0.787613 0.762418 0.741380 0.3213 0.3213
8.200 l_hip_roll -0.092976 -2.166790 -0.172919 -0.183579 -0.090603 -0.0297 -0.0297
8.200 l_hip_pitch -0.092797 -1.583275 -0.754998 -0.805227 -0.712430 -1.3098 -1.3098
8.200 l_ank_pitch 0.037174 0.645496 0.805961 0.782807 0.745633 0.5278 0.5278
