# CC0 Poly Haven, Z-up, floor-centered
v -0.617795 0.201143 0.839216
v -0.617795 0.201143 0.839216
v -0.617795 0.201143 0.913954
v -0.617795 0.226225 0.839216
v -0.617795 0.226225 0.839216
v -0.617795 0.226225 0.913954
v 0.619355 0.201143 0.839216
v 0.619355 0.201143 0.839216
v 0.619355 0.201143 0.913954
v 0.619355 0.201143 0.913954
v 0.619355 0.226225 0.839216
v 0.619355 0.226225 0.913954
v 0.497109 -0.216819 0.834134
v 0.484666 -0.203612 0.836160
v 0.497445 -0.215061 0.843736
v 0.483209 -0.202410 0.843197
v 0.483758 -0.199000 0.830504
v 0.482037 -0.195930 0.828536
v 0.493328 -0.202229 0.823382
v 0.492455 -0.202810 0.818347
v 0.506587 -0.215630 0.827377
v 0.509193 -0.217106 0.824934
v 0.508774 -0.218229 0.844931
v 0.510647 -0.221415 0.846719
v 0.503261 -0.207384 0.856125
v 0.503936 -0.208532 0.860956
v 0.493369 -0.190178 0.856777
v 0.492618 -0.188902 0.861348
v 0.486930 -0.177440 0.846326
v 0.484170 -0.172745 0.847797
v 0.486569 -0.172484 0.829386
v 0.483850 -0.167860 0.828592
v 0.496269 -0.178163 0.812406
v 0.495341 -0.176585 0.806172
v 0.512392 -0.192627 0.809275
v 0.512811 -0.193340 0.802682
v 0.527175 -0.208923 0.819495
v 0.530891 -0.215245 0.817291
v 0.531731 -0.215718 0.836032
v 0.535530 -0.222178 0.835539
v 0.528953 -0.213241 0.854095
v 0.534368 -0.222451 0.855640
v 0.521048 -0.204951 0.867519
v 0.523728 -0.209510 0.873922
v 0.511577 -0.191501 0.873531
v 0.512311 -0.192749 0.880866
v 0.501418 -0.176631 0.873232
v 0.501130 -0.176140 0.879458
v 0.497773 -0.217484 0.838662
v 0.488163 -0.208056 0.845941
v 0.492681 -0.210263 0.830941
v 0.500273 -0.193532 0.830103
v 0.500273 -0.193532 0.830103
v 0.519895 -0.196906 0.859925
v 0.519895 -0.196906 0.859925
v 0.518088 -0.156203 0.797422
v 0.537283 -0.178485 0.798682
v 0.556343 -0.200394 0.812833
v 0.562138 -0.209115 0.834509
v 0.561158 -0.210119 0.858386
v 0.550251 -0.197694 0.878859
v 0.536689 -0.177783 0.887392
v 0.523407 -0.158054 0.886680
v 0.503557 -0.201597 0.827441
v 0.503557 -0.201597 0.827441
v 0.486823 -0.170708 0.817382
v 0.489071 -0.174532 0.820896
v 0.510083 -0.221808 0.835206
v 0.508196 -0.218598 0.835935
v 0.500833 -0.209540 0.819438
v 0.500356 -0.208712 0.823076
v 0.485724 -0.198105 0.821989
v 0.489292 -0.197942 0.826314
v 0.481347 -0.197969 0.835899
v 0.483437 -0.200140 0.833748
v 0.494405 -0.198221 0.834891
v 0.494544 -0.194547 0.831144
v 0.494544 -0.194547 0.831144
v 0.508028 -0.207078 0.832288
v 0.508028 -0.207078 0.832288
v 0.510407 -0.209341 0.843914
v 0.510407 -0.209341 0.843914
v 0.506780 -0.203944 0.851418
v 0.506780 -0.203944 0.851418
v 0.503934 -0.185039 0.855266
v 0.503934 -0.185039 0.855266
v 0.498006 -0.173310 0.845643
v 0.498006 -0.173310 0.845643
v 0.497673 -0.168747 0.830046
v 0.497673 -0.168747 0.830046
v 0.506604 -0.173976 0.814413
v 0.506604 -0.173976 0.814413
v 0.518125 -0.195009 0.817234
v 0.518125 -0.195009 0.817234
v 0.527171 -0.201018 0.825215
v 0.527171 -0.201018 0.825215
v 0.529717 -0.203985 0.832697
v 0.529717 -0.203985 0.832697
v 0.527169 -0.204942 0.846587
v 0.527169 -0.204942 0.846587
v 0.515232 -0.187971 0.864959
v 0.515232 -0.187971 0.864959
v 0.508019 -0.176111 0.867841
v 0.508019 -0.176111 0.867841
v 0.499977 -0.170632 0.822229
v 0.499977 -0.170632 0.822229
v 0.509629 -0.208721 0.837638
v 0.509629 -0.208721 0.837638
v 0.494099 -0.195745 0.833018
v 0.498277 -0.198717 0.861152
v 0.498315 -0.198781 0.856451
v 0.469405 -0.187401 0.674714
v 0.463177 -0.177511 0.676558
v 0.479332 -0.191391 0.686070
v 0.462771 -0.169567 0.690964
v 0.482113 -0.183223 0.697366
v 0.468799 -0.165916 0.704595
v 0.487374 -0.188362 0.694197
v 0.492575 -0.190538 0.698828
v 0.480816 -0.176510 0.714063
v 0.495646 -0.185932 0.708821
v 0.506223 -0.196408 0.711713
v 0.508429 -0.193390 0.723636
v 0.494216 -0.173267 0.733073
v 0.499267 -0.179480 0.736348
v 0.499467 -0.178502 0.742681
v 0.486231 -0.163270 0.757891
v 0.481730 -0.157363 0.768777
v 0.489597 -0.161769 0.768264
v 0.491434 -0.163398 0.771962
v 0.485640 -0.154586 0.800441
v 0.484261 -0.149786 0.829892
v 0.485186 -0.150879 0.845180
v 0.490968 -0.159821 0.861576
v 0.474520 -0.155084 0.747880
v 0.478624 -0.150472 0.778004
v 0.481333 -0.146825 0.820266
v 0.482107 -0.146046 0.843078
v 0.484509 -0.149211 0.855216
v 0.489906 -0.157738 0.868816
v 0.484765 -0.186225 0.667267
v 0.475106 -0.170498 0.676558
v 0.493834 -0.188755 0.678707
v 0.474700 -0.162554 0.690964
v 0.488124 -0.179843 0.693610
v 0.480728 -0.158903 0.704595
v 0.501518 -0.185118 0.688273
v 0.506720 -0.187294 0.692904
v 0.494378 -0.172276 0.712179
v 0.507741 -0.179204 0.704862
v 0.519354 -0.191441 0.705744
v 0.521537 -0.188383 0.725117
v 0.509396 -0.171786 0.731733
v 0.513197 -0.175871 0.733739
v 0.512111 -0.172705 0.743174
v 0.499231 -0.158081 0.758878
v 0.495946 -0.154241 0.765533
v 0.502168 -0.155850 0.766289
v 0.504685 -0.158635 0.771891
v 0.497569 -0.147573 0.800441
v 0.497569 -0.147573 0.800441
v 0.490821 -0.153877 0.845419
v 0.490821 -0.153877 0.845419
v 0.495401 -0.159148 0.857393
v 0.495401 -0.159148 0.857393
v 0.486448 -0.148071 0.747880
v 0.490552 -0.143459 0.778004
v 0.493262 -0.139812 0.820266
v 0.494036 -0.139033 0.843078
v 0.496438 -0.142198 0.855216
v 0.501835 -0.150725 0.868816
v -0.546704 -0.053441 0.033702
v -0.521628 0.003818 0.059422
v -0.553887 -0.059514 0.048416
v -0.513098 0.013983 0.086337
v -0.513098 0.013983 0.086337
v -0.551553 -0.056319 0.067047
v -0.529925 -0.046995 0.086945
v -0.511745 -0.024771 0.142153
v -0.504075 0.018591 0.152958
v -0.509851 -0.025235 0.188572
v -0.506075 0.004684 0.202516
v -0.520383 -0.041425 0.233715
v -0.522595 -0.020089 0.257727
v -0.522595 -0.020089 0.257727
v -0.552896 -0.082842 0.306533
v -0.554957 -0.056074 0.321529
v -0.590772 -0.136109 0.376974
v -0.593727 -0.103468 0.396338
v -0.611182 -0.170549 0.422017
v -0.619658 -0.134737 0.452433
v -0.625348 -0.192116 0.472196
v -0.633592 -0.148531 0.490826
v -0.636609 -0.213131 0.528927
v -0.644798 -0.153422 0.540617
v -0.634851 -0.218599 0.581432
v -0.649394 -0.148261 0.579699
v -0.634887 -0.221200 0.619364
v -0.646617 -0.134987 0.610483
v -0.628741 -0.212611 0.661114
v -0.637121 -0.112823 0.636412
v -0.618305 -0.181976 0.706330
v -0.626379 -0.098479 0.659182
v -0.608079 -0.158433 0.735386
v -0.616318 -0.099125 0.704240
v -0.595419 -0.143031 0.776274
v -0.592631 -0.102299 0.793598
v -0.599537 -0.151630 0.793284
v -0.601018 -0.099654 0.843997
v -0.603820 -0.172688 0.799468
v -0.606604 -0.099766 0.904693
v -0.612620 -0.191064 0.808899
v -0.597204 -0.156304 0.905564
v -0.616739 -0.199665 0.822400
v -0.624761 -0.202932 0.845674
v -0.618437 -0.189728 0.882510
v -0.543266 -0.053430 0.026005
v -0.516487 -0.007432 0.039254
v -0.542141 -0.031779 0.044580
v -0.537662 -0.030958 0.075206
v -0.537662 -0.030958 0.075206
v -0.525743 -0.014587 0.096816
v -0.509805 -0.002742 0.149403
v -0.508043 -0.009441 0.194293
v -0.520918 -0.031387 0.246856
v -0.553270 -0.072422 0.314565
v -0.591509 -0.124626 0.387485
v -0.613875 -0.159167 0.438657
v -0.629288 -0.175955 0.483800
v -0.640211 -0.182209 0.534817
v -0.644215 -0.180806 0.578105
v -0.644072 -0.172475 0.613044
v -0.641713 -0.157881 0.645060
v -0.634094 -0.132389 0.681391
v -0.620057 -0.123342 0.721122
v -0.602067 -0.118416 0.783116
v -0.605213 -0.129368 0.802180
v -0.606719 -0.123867 0.860235
v -0.625800 -0.183909 0.857258
v -0.531441 -0.028956 0.033072
v -0.542376 -0.071978 0.032573
v -0.543392 -0.084501 0.046393
v -0.542459 -0.082552 0.059227
v -0.532671 -0.072816 0.075170
v -0.507133 -0.033778 0.137288
v -0.506956 -0.032012 0.182867
v -0.518022 -0.050377 0.231381
v -0.547248 -0.092552 0.300318
v -0.578063 -0.156898 0.372811
v -0.595404 -0.193109 0.422017
v -0.606976 -0.217271 0.472196
v -0.613820 -0.231563 0.527149
v -0.615743 -0.235577 0.581432
v -0.613713 -0.231340 0.619364
v -0.609221 -0.221959 0.661114
v -0.597135 -0.196723 0.712252
v -0.586600 -0.174724 0.738004
v -0.577931 -0.156622 0.765016
v -0.566464 -0.167469 0.790258
v -0.578039 -0.191640 0.796537
v -0.586840 -0.210016 0.808899
v -0.590959 -0.218617 0.822400
v -0.592610 -0.222066 0.845674
v -0.623301 -0.199884 0.864092
v -0.569906 -0.174657 0.905616
v -0.584831 -0.205822 0.882510
v -0.590423 -0.217498 0.864092
v -0.531326 -0.067215 0.024114
v -0.519051 -0.028596 0.120021
v -0.508489 0.017151 0.130108
v -0.508489 0.017151 0.130108
v -0.511826 0.000283 0.133588
v -0.519567 -0.052598 0.094660
v -0.540628 -0.052496 0.000025
v -0.509206 -0.001454 0.000000
v -0.537146 -0.026224 0.000025
v -0.531326 -0.067215 0.000025
v -0.532324 -0.028731 0.022257
v -0.513062 -0.001606 0.025068
v -0.537686 -0.045213 0.019044
v -0.530955 -0.066114 0.016268
v -0.483139 -0.001810 0.029137
v -0.483139 -0.001810 0.029137
v -0.490010 -0.080591 0.033702
v -0.446757 -0.033850 0.061005
v -0.490239 -0.089995 0.048416
v -0.489213 -0.086174 0.067047
v -0.443513 -0.023066 0.090956
v -0.443513 -0.023066 0.090956
v -0.495506 -0.063478 0.086945
v -0.445270 -0.011923 0.126648
v -0.445270 -0.011923 0.126648
v -0.489589 -0.035382 0.142153
v -0.447998 -0.007546 0.152123
v -0.491137 -0.034197 0.188572
v -0.456452 -0.011776 0.207193
v -0.497149 -0.052552 0.233715
v -0.509035 -0.103847 0.306533
v -0.526792 -0.166749 0.376974
v -0.540830 -0.204240 0.422017
v -0.548753 -0.228797 0.472196
v -0.558067 -0.250745 0.528927
v -0.509266 -0.202250 0.542095
v -0.509266 -0.202250 0.542095
v -0.563429 -0.252803 0.581432
v -0.502906 -0.202062 0.574071
v -0.502906 -0.202062 0.574071
v -0.565433 -0.254462 0.619364
v -0.562594 -0.244289 0.661114
v -0.478385 -0.180097 0.630458
v -0.478385 -0.180097 0.630458
v -0.545268 -0.216953 0.706330
v -0.533336 -0.194228 0.735386
v -0.529272 -0.174708 0.776274
v -0.533390 -0.183308 0.793284
v -0.491967 -0.151879 0.843997
v -0.491967 -0.151879 0.843997
v -0.547112 -0.199845 0.799468
v -0.555913 -0.218221 0.808899
v -0.538494 -0.184420 0.905564
v -0.560031 -0.226822 0.822400
v -0.557548 -0.235120 0.845674
v -0.551225 -0.221916 0.882510
v -0.492157 -0.077906 0.026005
v -0.464469 -0.032513 0.039254
v -0.475994 -0.063457 0.044580
v -0.478161 -0.059452 0.075206
v -0.478161 -0.059452 0.075206
v -0.472879 -0.039903 0.096816
v -0.473641 -0.020061 0.149403
v -0.479965 -0.022887 0.194293
v -0.488992 -0.046676 0.246856
v -0.500682 -0.097606 0.314565
v -0.517383 -0.160124 0.387485
v -0.530274 -0.199204 0.438657
v -0.533692 -0.221736 0.483800
v -0.531717 -0.234167 0.534817
v -0.528114 -0.236406 0.578105
v -0.521713 -0.231073 0.613044
v -0.511821 -0.220086 0.645060
v -0.496737 -0.198170 0.681391
v -0.498487 -0.181562 0.721122
v -0.505927 -0.164457 0.783116
v -0.512487 -0.173774 0.802180
v -0.505565 -0.180273 0.850615
v -0.542076 -0.224005 0.857258
v -0.480502 -0.053351 0.033072
v -0.507166 -0.088840 0.032573
v -0.516285 -0.097482 0.046393
v -0.515352 -0.095534 0.059227
v -0.513903 -0.081804 0.075170
v -0.499498 -0.037435 0.137288
v -0.498232 -0.036190 0.182867
v -0.505604 -0.056324 0.231381
v -0.520141 -0.105534 0.300318
v -0.550956 -0.169879 0.372811
v -0.568298 -0.206090 0.422017
v -0.579869 -0.230252 0.472196
v -0.586714 -0.244545 0.527149
v -0.588636 -0.248559 0.581432
v -0.586607 -0.244321 0.619364
v -0.582114 -0.234941 0.661114
v -0.570029 -0.209704 0.712252
v -0.559494 -0.187706 0.738004
v -0.550824 -0.169603 0.765016
v -0.556088 -0.232072 0.864092
v -0.468222 -0.038404 0.261932
v -0.468222 -0.038404 0.261932
v -0.510382 -0.077245 0.024114
v -0.487988 -0.043472 0.120021
v -0.470004 -0.019738 0.133531
v -0.506365 -0.058920 0.094660
v -0.493083 -0.075265 0.000025
v -0.462113 -0.024133 0.000000
v -0.471342 -0.057805 0.000025
v -0.510382 -0.077245 0.000025
v -0.479773 -0.053898 0.022257
v -0.461976 -0.026242 0.025068
v -0.489253 -0.068407 0.019044
v -0.509757 -0.076266 0.016268
v -0.488752 -0.005196 0.052179
v -0.488752 -0.005196 0.052179
v -0.484360 0.003974 0.073333
v -0.484360 0.003974 0.073333
v -0.479143 0.014867 0.107258
v -0.479143 0.014867 0.107258
v -0.477452 0.018397 0.152958
v -0.477452 0.018397 0.152958
v -0.482361 0.008147 0.212265
v -0.482361 0.008147 0.212265
v -0.494122 -0.016411 0.259997
v -0.494122 -0.016411 0.259997
v -0.480381 -0.087497 0.327504
v -0.480381 -0.087497 0.327504
v -0.480381 -0.087497 0.327504
v -0.497881 -0.140450 0.399371
v -0.497881 -0.140450 0.399371
v -0.509769 -0.177211 0.457372
v -0.509769 -0.177211 0.457372
v -0.513215 -0.193526 0.496975
v -0.513215 -0.193526 0.496975
v -0.490833 -0.194877 0.611133
v -0.490833 -0.194877 0.611133
v -0.470436 -0.162886 0.661368
v -0.470436 -0.162886 0.661368
v -0.474130 -0.153369 0.703699
v -0.474130 -0.153369 0.703699
v -0.487494 -0.140141 0.793184
v -0.487494 -0.140141 0.793184
v -0.488552 -0.156301 0.904693
v -0.488552 -0.156301 0.904693
v -0.486404 -0.005279 0.042633
v -0.486404 -0.005279 0.042633
v -0.478298 0.016632 0.130108
v -0.478298 0.016632 0.130108
v -0.480027 -0.001049 0.001420
v -0.480027 -0.001049 0.001420
v -0.540647 -0.071866 0.025619
v -0.544340 -0.077337 0.025527
v -0.549405 -0.085251 0.030702
v -0.551585 -0.095775 0.039561
v -0.557417 -0.088949 0.050838
v -0.556627 -0.082419 0.058607
v -0.524133 -0.066479 0.097226
v -0.520601 -0.058802 0.107147
v -0.514603 -0.049717 0.133542
v -0.514226 -0.048235 0.145904
v -0.514108 -0.047358 0.163528
v -0.515081 -0.049058 0.181988
v -0.518865 -0.055030 0.204207
v -0.524592 -0.064184 0.226341
v -0.531642 -0.076628 0.247892
v -0.537211 -0.090104 0.269442
v -0.554027 -0.123303 0.316166
v -0.599855 -0.186615 0.401979
v -0.617789 -0.189448 0.432902
v -0.620132 -0.191490 0.438943
v -0.604796 -0.219129 0.447239
v -0.616386 -0.233401 0.488509
v -0.619125 -0.244972 0.524050
v -0.640689 -0.229892 0.589369
v -0.634379 -0.235482 0.597148
v -0.638131 -0.231503 0.603839
v -0.624526 -0.240545 0.642457
v -0.607548 -0.230012 0.678581
v -0.595006 -0.218121 0.710461
v -0.599642 -0.205995 0.717878
v -0.597202 -0.192835 0.728332
v -0.588365 -0.165955 0.780996
v -0.592785 -0.162711 0.786635
v -0.588886 -0.173382 0.806570
v -0.571427 -0.181464 0.800760
v -0.544632 -0.097228 0.030290
v -0.549590 -0.104417 0.057082
v -0.533043 -0.075365 0.025458
v -0.540916 -0.089743 0.025987
v -0.549907 -0.106202 0.049557
v -0.551433 -0.098479 0.064284
v -0.547511 -0.103902 0.038680
v -0.553118 -0.056548 0.035603
v -0.558251 -0.059383 0.042812
v -0.562638 -0.070454 0.047132
v -0.558311 -0.085427 0.046989
v -0.559696 -0.079196 0.042311
v -0.551634 -0.068139 0.030322
v -0.546236 -0.064451 0.027132
v -0.556110 -0.077763 0.035397
v -0.550681 -0.091413 0.035889
v -0.552961 -0.074196 0.067126
v -0.551501 -0.080188 0.070058
v -0.547639 -0.059313 0.079273
v -0.543810 -0.046515 0.091837
v -0.536438 -0.044804 0.096996
v -0.533070 -0.052298 0.099576
v -0.528152 -0.048971 0.108507
v -0.525232 -0.050523 0.113180
v -0.539769 -0.068142 0.087955
v -0.529173 -0.058481 0.101434
v -0.534025 -0.055866 0.096899
v -0.572430 -0.157989 0.355719
v -0.600622 -0.196133 0.404129
v -0.618042 -0.198013 0.444039
v -0.608197 -0.202197 0.424560
v -0.626337 -0.236195 0.512284
v -0.625100 -0.238263 0.524331
v -0.624925 -0.246660 0.546001
v -0.600986 -0.229643 0.446333
v -0.616801 -0.255916 0.536713
v -0.609647 -0.244336 0.492423
v -0.640622 -0.222023 0.604242
v -0.644856 -0.207231 0.618046
v -0.636615 -0.225864 0.636354
v -0.617705 -0.232341 0.669309
v -0.629995 -0.243884 0.600084
v -0.627652 -0.246886 0.591542
v -0.632353 -0.239813 0.609788
v -0.628302 -0.248845 0.572110
v -0.603559 -0.223042 0.696689
v -0.602321 -0.189197 0.726378
v -0.605092 -0.184981 0.733621
v -0.592154 -0.193041 0.738786
v -0.592298 -0.182183 0.749894
v -0.609461 -0.180910 0.732637
v -0.596565 -0.172567 0.755859
v -0.584765 -0.173307 0.765988
v -0.591900 -0.164867 0.765550
v -0.593414 -0.163117 0.774319
v -0.549385 -0.090992 0.039561
v -0.555217 -0.084166 0.050838
v -0.554426 -0.077636 0.058607
v -0.550761 -0.069413 0.067126
v -0.549300 -0.075406 0.070058
v -0.549700 -0.090420 0.043570
v -0.551233 -0.051193 0.039613
v -0.556366 -0.054027 0.046822
v -0.560753 -0.065099 0.051142
v -0.556426 -0.080071 0.050999
v -0.557811 -0.073841 0.046321
v -0.549300 -0.086572 0.066105
v -0.542627 -0.049121 0.079731
v -0.537059 -0.036773 0.091702
v -0.531559 -0.034201 0.096861
v -0.528191 -0.041694 0.099441
v -0.509550 -0.038736 0.133316
v -0.509173 -0.037255 0.145678
v -0.509056 -0.036377 0.163303
v -0.510029 -0.038077 0.181762
v -0.513812 -0.044049 0.203981
v -0.519539 -0.053203 0.226116
v -0.526590 -0.065647 0.247666
v -0.532159 -0.079123 0.269216
v -0.548974 -0.112322 0.315940
v -0.594803 -0.175635 0.401754
v -0.612736 -0.178468 0.432677
v -0.616701 -0.184034 0.438790
v -0.523100 -0.037990 0.108281
v -0.520180 -0.039543 0.112954
v -0.567378 -0.147008 0.355493
v -0.595570 -0.185153 0.403903
v -0.518316 -0.055830 0.120489
v -0.522419 -0.050963 0.123233
v -0.613763 -0.202830 0.437029
v -0.601062 -0.211012 0.447072
v -0.612652 -0.225284 0.488342
v -0.615391 -0.236855 0.523883
v -0.636955 -0.221775 0.589202
v -0.614307 -0.189896 0.443873
v -0.622602 -0.228078 0.512117
v -0.621366 -0.230146 0.524164
v -0.621190 -0.238543 0.545834
v -0.630579 -0.227225 0.596978
v -0.634332 -0.223246 0.603669
v -0.620727 -0.232288 0.642287
v -0.605329 -0.221028 0.678411
v -0.595176 -0.208037 0.710292
v -0.598412 -0.196555 0.717709
v -0.595792 -0.183479 0.728162
v -0.636822 -0.213766 0.604072
v -0.641056 -0.198973 0.617877
v -0.632816 -0.217607 0.636184
v -0.613906 -0.224084 0.669139
v -0.601341 -0.214057 0.696520
v -0.599719 -0.183541 0.722975
v -0.602501 -0.179350 0.728747
v -0.606870 -0.175279 0.727762
v -0.585338 -0.159377 0.780861
v -0.590897 -0.155609 0.786500
v -0.586998 -0.166280 0.806434
v -0.608884 -0.173205 0.732502
v -0.594401 -0.165592 0.755724
v -0.585330 -0.165104 0.764505
v -0.588874 -0.158289 0.765415
v -0.590387 -0.156539 0.774184
v -0.508219 -0.086787 0.025619
v -0.509971 -0.093150 0.025527
v -0.512686 -0.102145 0.030702
v -0.519260 -0.110648 0.039561
v -0.510282 -0.110636 0.050838
v -0.505837 -0.105788 0.058607
v -0.514871 -0.070741 0.097226
v -0.511339 -0.063064 0.107147
v -0.508341 -0.052598 0.133542
v -0.507461 -0.051348 0.145904
v -0.506871 -0.050688 0.163528
v -0.507529 -0.052533 0.181988
v -0.509603 -0.059291 0.204207
v -0.512830 -0.069596 0.226341
v -0.517693 -0.083046 0.247892
v -0.524304 -0.096042 0.269442
v -0.538578 -0.130411 0.316166
v -0.556845 -0.206405 0.401979
v -0.547330 -0.221867 0.432902
v -0.547356 -0.224975 0.438943
v -0.578323 -0.231309 0.447239
v -0.581622 -0.249397 0.488509
v -0.588628 -0.259005 0.524050
v -0.563146 -0.265571 0.589369
v -0.571497 -0.264415 0.597148
v -0.566034 -0.264676 0.603839
v -0.581752 -0.260226 0.642457
v -0.584798 -0.240480 0.678581
v -0.583927 -0.223219 0.710461
v -0.571701 -0.218851 0.717878
v -0.563295 -0.208436 0.728332
v -0.548631 -0.184237 0.780996
v -0.543291 -0.185484 0.786635
v -0.553932 -0.189465 0.806570
v -0.524433 -0.079326 0.025284
v -0.531268 -0.094182 0.025791
v -0.534759 -0.101770 0.029299
v -0.537797 -0.108372 0.037568
v -0.539089 -0.111179 0.047926
v -0.538356 -0.109586 0.057448
v -0.535353 -0.103060 0.068390
v -0.525228 -0.081055 0.087936
v -0.519502 -0.068610 0.097875
v -0.516046 -0.061098 0.107147
v -0.511472 -0.051157 0.133542
v -0.510843 -0.049791 0.145904
v -0.510634 -0.049336 0.163528
v -0.511681 -0.051613 0.181988
v -0.514544 -0.057835 0.204207
v -0.519328 -0.068231 0.226341
v -0.524634 -0.079765 0.247892
v -0.530919 -0.093423 0.269442
v -0.547000 -0.128374 0.315650
v -0.580236 -0.200608 0.397769
v -0.585847 -0.212802 0.413213
v -0.591276 -0.224603 0.431544
v -0.594623 -0.231877 0.445612
v -0.603101 -0.250304 0.495340
v -0.607626 -0.260138 0.554951
v -0.608085 -0.261134 0.610521
v -0.601659 -0.247169 0.665513
v -0.589466 -0.220670 0.715020
v -0.569195 -0.176612 0.776941
v -0.524887 -0.106312 0.030290
v -0.527121 -0.114755 0.057082
v -0.515823 -0.083288 0.025458
v -0.521620 -0.098621 0.025987
v -0.528271 -0.116157 0.049557
v -0.521412 -0.112292 0.064284
v -0.528083 -0.112841 0.038680
v -0.488472 -0.086293 0.035603
v -0.487285 -0.092035 0.042812
v -0.492840 -0.102569 0.047132
v -0.507025 -0.109024 0.046989
v -0.501392 -0.106022 0.042311
v -0.498240 -0.092706 0.030322
v -0.498951 -0.086207 0.027132
v -0.502638 -0.102366 0.035397
v -0.516535 -0.107124 0.035889
v -0.501976 -0.097654 0.067126
v -0.507478 -0.100444 0.070058
v -0.494136 -0.083930 0.079273
v -0.486908 -0.072697 0.091837
v -0.490405 -0.065984 0.096996
v -0.498287 -0.068302 0.099576
v -0.498960 -0.062403 0.108507
v -0.502039 -0.061195 0.113180
v -0.505962 -0.083697 0.087955
v -0.505518 -0.069365 0.101434
v -0.500376 -0.071349 0.096899
v -0.552947 -0.166953 0.355719
v -0.563618 -0.164491 0.356709
v -0.563574 -0.213179 0.404129
v -0.553669 -0.227631 0.444039
v -0.563251 -0.222876 0.424560
v -0.577270 -0.258771 0.512284
v -0.579645 -0.259178 0.524331
v -0.586136 -0.264507 0.546001
v -0.588787 -0.235256 0.446333
v -0.598451 -0.264359 0.536713
v -0.594311 -0.251392 0.492423
v -0.557214 -0.260400 0.604242
v -0.543225 -0.253992 0.618047
v -0.562738 -0.259856 0.636354
v -0.579958 -0.249709 0.669309
v -0.580730 -0.266552 0.600084
v -0.584534 -0.266725 0.591542
v -0.576104 -0.265694 0.609788
v -0.585598 -0.268493 0.572110
v -0.582099 -0.232916 0.696689
v -0.593650 -0.229762 0.696434
v -0.557202 -0.209957 0.726378
v -0.578969 -0.197854 0.736671
v -0.552197 -0.209318 0.733621
v -0.566735 -0.204736 0.738786
v -0.558396 -0.197782 0.749894
v -0.546263 -0.209988 0.732637
v -0.548317 -0.194767 0.755859
v -0.556556 -0.186286 0.765988
v -0.545504 -0.186215 0.765550
v -0.543190 -0.186225 0.774319
v -0.517059 -0.105866 0.039561
v -0.508081 -0.105854 0.050838
v -0.503636 -0.101005 0.058607
v -0.499776 -0.092872 0.067126
v -0.505277 -0.095661 0.070058
v -0.516420 -0.105732 0.043570
v -0.485632 -0.081377 0.039613
v -0.484445 -0.087119 0.046822
v -0.489999 -0.097653 0.051142
v -0.504185 -0.104108 0.050999
v -0.498552 -0.101106 0.046321
v -0.513758 -0.102925 0.066105
v -0.489657 -0.073493 0.079731
v -0.483902 -0.061232 0.091702
v -0.485526 -0.055381 0.096861
v -0.493408 -0.057698 0.099441
v -0.503289 -0.041617 0.133316
v -0.502409 -0.040367 0.145678
v -0.501819 -0.039707 0.163303
v -0.502477 -0.041552 0.181762
v -0.504551 -0.048310 0.203981
v -0.507778 -0.058615 0.226116
v -0.512641 -0.072065 0.247666
v -0.519252 -0.085062 0.269216
v -0.533525 -0.119430 0.315940
v -0.551793 -0.195424 0.401754
v -0.542277 -0.210887 0.432677
v -0.543925 -0.217519 0.438790
v -0.493907 -0.051422 0.108281
v -0.496986 -0.050214 0.112954
v -0.547895 -0.155973 0.355493
v -0.558522 -0.202199 0.403903
v -0.510567 -0.059395 0.120489
v -0.504203 -0.059344 0.123233
v -0.560111 -0.227516 0.437029
v -0.574588 -0.223192 0.447072
v -0.577887 -0.241280 0.488342
v -0.584893 -0.250888 0.523883
v -0.559412 -0.257454 0.589202
v -0.549935 -0.219514 0.443873
v -0.573535 -0.250655 0.512117
v -0.575911 -0.251061 0.524164
v -0.582402 -0.256390 0.545834
v -0.567698 -0.256157 0.596978
v -0.562235 -0.256419 0.603669
v -0.577953 -0.251968 0.642287
v -0.579418 -0.232949 0.678411
v -0.576158 -0.216788 0.710292
v -0.565333 -0.211776 0.717709
v -0.557107 -0.201278 0.728162
v -0.553415 -0.252143 0.604072
v -0.539426 -0.245734 0.617877
v -0.558938 -0.251599 0.636184
v -0.576159 -0.241451 0.669139
v -0.576720 -0.225386 0.696520
v -0.554599 -0.204301 0.722975
v -0.549606 -0.203687 0.728747
v -0.543672 -0.204357 0.727762
v -0.545604 -0.177659 0.780861
v -0.539126 -0.179430 0.786500
v -0.549766 -0.183411 0.806434
v -0.540787 -0.204537 0.732502
v -0.544428 -0.188585 0.755724
v -0.549958 -0.181379 0.764505
v -0.542477 -0.179637 0.765415
v -0.540164 -0.179647 0.774184
v -0.585167 0.026837 0.760057
v -0.583979 0.029210 0.777605
v -0.583979 0.029210 0.777605
v -0.587373 0.044410 0.786324
v -0.587373 0.044410 0.786324
v -0.596826 0.062736 0.791487
v -0.596826 0.062736 0.791487
v -0.601252 0.060616 0.804107
v -0.601252 0.060616 0.804107
v -0.602071 0.078577 0.808811
v -0.602071 0.078577 0.808811
v -0.605631 0.083599 0.820971
v -0.605631 0.083599 0.820971
v -0.601847 0.080709 0.838295
v -0.601847 0.080709 0.838295
v -0.597555 0.070850 0.850686
v -0.597555 0.070850 0.850686
v -0.591418 0.055160 0.855390
v -0.591418 0.055160 0.855390
v -0.590371 0.044471 0.852521
v -0.590371 0.044471 0.852521
v -0.590529 0.045861 0.846211
v -0.590529 0.045861 0.846211
v -0.588974 0.039738 0.838754
v -0.588974 0.039738 0.838754
v -0.582006 0.032559 0.832215
v -0.582006 0.032559 0.832215
v -0.581501 0.027736 0.828199
v -0.581501 0.027736 0.828199
v -0.581305 0.026016 0.822233
v -0.581305 0.026016 0.822233
v -0.654019 0.145740 0.904096
v -0.654019 0.145740 0.904096
v -0.681504 0.134741 0.674951
v -0.681504 0.134741 0.674951
v -0.662179 0.123732 0.669444
v -0.662179 0.123732 0.669444
v -0.633820 0.096700 0.682868
v -0.633820 0.096700 0.682868
v -0.632893 0.092440 0.688719
v -0.632893 0.092440 0.688719
v -0.631436 0.097446 0.696520
v -0.631436 0.097446 0.696520
v -0.631436 0.097446 0.696520
v -0.625678 0.082358 0.698700
v -0.625678 0.082358 0.698700
v -0.619559 0.070729 0.689866
v -0.619559 0.070729 0.689866
v -0.608575 0.054621 0.687686
v -0.608575 0.054621 0.687686
v -0.607920 0.045169 0.673038
v -0.607920 0.045169 0.673038
v -0.602542 0.033150 0.670351
v -0.602542 0.033150 0.670351
v -0.597288 0.027747 0.663722
v -0.597288 0.027747 0.663722
v -0.594582 0.033572 0.719299
v -0.594582 0.033572 0.719299
v -0.590805 0.024260 0.725743
v -0.590805 0.024260 0.725743
v -0.603117 0.047295 0.692445
v -0.603117 0.047295 0.692445
v -0.599638 0.037683 0.691743
v -0.599638 0.037683 0.691743
v -0.598693 0.034683 0.693202
v -0.598693 0.034683 0.693202
v -0.597248 0.033626 0.700333
v -0.597248 0.033626 0.700333
v -0.595344 0.043781 0.708221
v -0.595344 0.043781 0.708221
v -0.595344 0.043781 0.708221
v -0.601926 0.051806 0.712002
v -0.601926 0.051806 0.712002
v -0.608497 0.053687 0.707086
v -0.608497 0.053687 0.707086
v -0.603576 0.048741 0.702008
v -0.603576 0.048741 0.702008
v -0.602762 0.046923 0.696389
v -0.602762 0.046923 0.696389
v -0.610337 0.075872 0.728133
v -0.610337 0.075872 0.728133
v -0.600360 0.058220 0.728294
v -0.600360 0.058220 0.728294
v -0.602222 0.067307 0.735425
v -0.602222 0.067307 0.735425
v -0.602222 0.067307 0.735425
v -0.597872 0.065581 0.750391
v -0.597872 0.065581 0.750391
v -0.596933 0.055385 0.753995
v -0.596933 0.055385 0.753995
v -0.591473 0.046550 0.751977
v -0.591473 0.046550 0.751977
v -0.587921 0.040516 0.755364
v -0.587921 0.040516 0.755364
v -0.588483 0.041427 0.765528
v -0.588483 0.041427 0.765528
v -0.593295 0.056230 0.774610
v -0.593295 0.056230 0.774610
v -0.593295 0.056230 0.774610
v -0.603028 0.084727 0.779943
v -0.603028 0.084727 0.779943
v -0.602368 0.079047 0.768699
v -0.602368 0.079047 0.768699
v -0.604700 0.077314 0.760770
v -0.604700 0.077314 0.760770
v -0.649897 0.144186 0.789523
v -0.649897 0.144186 0.789523
v -0.666034 0.139331 0.732237
v -0.666034 0.139331 0.732237
v -0.647572 0.145917 0.846810
v -0.647572 0.145917 0.846810
v -0.610032 0.083239 0.904453
v -0.610032 0.083239 0.904453
v -0.579975 0.002960 0.760057
v -0.577909 0.001295 0.777605
v -0.577909 0.001295 0.777605
v -0.582571 0.014899 0.760057
v -0.581540 0.015123 0.783738
v -0.581540 0.015123 0.783738
v -0.574685 -0.013942 0.786324
v -0.574685 -0.013942 0.786324
v -0.577332 -0.029584 0.791338
v -0.577332 -0.029584 0.791338
v -0.574350 -0.026380 0.803659
v -0.574350 -0.026380 0.803659
v -0.570196 -0.048167 0.809259
v -0.570196 -0.048167 0.809259
v -0.572486 -0.052390 0.820971
v -0.572486 -0.052390 0.820971
v -0.569960 -0.049039 0.837698
v -0.569960 -0.049039 0.837698
v -0.569573 -0.041087 0.850686
v -0.569573 -0.041087 0.850686
v -0.573901 -0.025401 0.855390
v -0.573901 -0.025401 0.855390
v -0.576770 -0.017083 0.852223
v -0.576770 -0.017083 0.852223
v -0.576432 -0.018130 0.845465
v -0.576432 -0.018130 0.845465
v -0.578081 -0.010357 0.838754
v -0.578081 -0.010357 0.838754
v -0.574723 -0.000933 0.832215
v -0.574723 -0.000933 0.832215
v -0.576267 0.003665 0.828199
v -0.576267 0.003665 0.828199
v -0.576803 0.005311 0.822233
v -0.576803 0.005311 0.822233
v -0.581080 0.015223 0.817415
v -0.581080 0.015223 0.817415
v -0.581080 0.015223 0.817415
v -0.581650 0.015099 0.904809
v -0.581650 0.015099 0.904809
v -0.581650 0.015099 0.904809
v -0.587182 -0.124668 0.904131
v -0.587182 -0.124668 0.904131
v -0.606934 -0.096502 0.682842
v -0.606934 -0.096502 0.682842
v -0.601732 -0.085223 0.673951
v -0.601732 -0.085223 0.673951
v -0.594840 -0.075174 0.678668
v -0.594840 -0.075174 0.678668
v -0.599546 -0.070180 0.683523
v -0.599546 -0.070180 0.683523
v -0.593071 -0.061327 0.687370
v -0.593071 -0.061327 0.687370
v -0.591573 -0.065579 0.701702
v -0.591573 -0.065579 0.701702
v -0.591573 -0.065579 0.701702
v -0.588184 -0.045726 0.699910
v -0.588184 -0.045726 0.699910
v -0.591540 -0.035708 0.689520
v -0.591540 -0.035708 0.689520
v -0.591385 -0.019608 0.680383
v -0.591385 -0.019608 0.680383
v -0.594801 -0.013518 0.669904
v -0.594801 -0.013518 0.669904
v -0.595163 -0.003661 0.669993
v -0.595163 -0.003661 0.669993
v -0.603480 0.010352 0.661615
v -0.603480 0.010352 0.661615
v -0.590891 0.013090 0.700611
v -0.590891 0.013090 0.700611
v -0.585743 -0.007076 0.719299
v -0.585743 -0.007076 0.719299
v -0.586174 0.002963 0.725743
v -0.586174 0.002963 0.725743
v -0.587043 0.013926 0.722438
v -0.587043 0.013926 0.722438
v -0.587043 0.013926 0.722438
v -0.591354 -0.024453 0.693047
v -0.591354 -0.024453 0.693047
v -0.588636 -0.012916 0.691743
v -0.588636 -0.012916 0.691743
v -0.589022 -0.009794 0.693202
v -0.589022 -0.009794 0.693202
v -0.588146 -0.008232 0.700333
v -0.588146 -0.008232 0.700333
v -0.582197 -0.016680 0.708221
v -0.582197 -0.016680 0.708221
v -0.582197 -0.016680 0.708221
v -0.586869 -0.028789 0.712572
v -0.586869 -0.028789 0.712572
v -0.593800 -0.032004 0.706938
v -0.593800 -0.032004 0.706938
v -0.591378 -0.025461 0.701859
v -0.591378 -0.025461 0.701859
v -0.591582 -0.023962 0.696848
v -0.591582 -0.023962 0.696848
v -0.582511 -0.052099 0.728133
v -0.582511 -0.052099 0.728133
v -0.580765 -0.031898 0.728294
v -0.580765 -0.031898 0.728294
v -0.578686 -0.040938 0.735425
v -0.578686 -0.040938 0.735425
v -0.578686 -0.040938 0.735425
v -0.575445 -0.037562 0.750391
v -0.575445 -0.037562 0.750391
v -0.578825 -0.027896 0.753995
v -0.578825 -0.027896 0.753995
v -0.577526 -0.017591 0.751977
v -0.577526 -0.017591 0.751977
v -0.576800 -0.010627 0.755364
v -0.576800 -0.010627 0.755364
v -0.576934 -0.011689 0.765528
v -0.576934 -0.011689 0.765528
v -0.575164 -0.027154 0.774610
v -0.575164 -0.027154 0.774610
v -0.575164 -0.027154 0.774610
v -0.576917 -0.058703 0.779943
v -0.576917 -0.058703 0.779943
v -0.573943 -0.051678 0.768699
v -0.573943 -0.051678 0.768699
v -0.576784 -0.051070 0.760770
v -0.576784 -0.051070 0.760770
v -0.589807 -0.120125 0.791382
v -0.589807 -0.120125 0.791382
v -0.598804 -0.112228 0.738596
v -0.598804 -0.112228 0.738596
v -0.588479 -0.124227 0.844059
v -0.588479 -0.124227 0.844059
v -0.573158 -0.055223 0.904452
v -0.573158 -0.055223 0.904452
v -0.558464 0.035175 0.775175
v -0.561858 0.050376 0.783894
v -0.571311 0.068702 0.789056
v -0.575737 0.066582 0.801676
v -0.576556 0.084543 0.806380
v -0.580116 0.089565 0.818541
v -0.576332 0.086675 0.835865
v -0.572040 0.076816 0.848255
v -0.565903 0.061125 0.852959
v -0.564856 0.050436 0.850091
v -0.565014 0.051827 0.843781
v -0.563459 0.045704 0.836324
v -0.556491 0.038525 0.829784
v -0.555986 0.033702 0.825769
v -0.555790 0.031981 0.819803
v -0.628504 0.151706 0.901665
v -0.655989 0.140707 0.672521
v -0.636664 0.129697 0.667014
v -0.608305 0.102665 0.680437
v -0.607378 0.098405 0.686288
v -0.605921 0.103412 0.694090
v -0.605921 0.103412 0.694090
v -0.600163 0.088324 0.696269
v -0.594044 0.076695 0.687436
v -0.583060 0.060586 0.685256
v -0.582405 0.051134 0.670608
v -0.577027 0.039116 0.667920
v -0.571773 0.033712 0.661292
v -0.569067 0.039538 0.716869
v -0.565290 0.030226 0.723312
v -0.577603 0.053260 0.690015
v -0.574124 0.043649 0.689312
v -0.573178 0.040648 0.690771
v -0.571733 0.039592 0.697902
v -0.569829 0.049747 0.705790
v -0.569829 0.049747 0.705790
v -0.576412 0.057772 0.709572
v -0.582982 0.059653 0.704655
v -0.578061 0.054706 0.699577
v -0.577247 0.052889 0.693959
v -0.584822 0.081837 0.725703
v -0.574845 0.064185 0.725863
v -0.576707 0.073272 0.732995
v -0.576707 0.073272 0.732995
v -0.572358 0.071547 0.747961
v -0.571419 0.061351 0.751564
v -0.565958 0.052515 0.749546
v -0.562406 0.046481 0.752934
v -0.562968 0.047392 0.763097
v -0.567780 0.062196 0.772179
v -0.567780 0.062196 0.772179
v -0.577513 0.090692 0.777513
v -0.576853 0.085012 0.766268
v -0.579185 0.083280 0.758339
v -0.624382 0.150152 0.787093
v -0.640519 0.145296 0.729807
v -0.622058 0.151882 0.844379
v -0.590503 0.087202 0.902022
v -0.552394 0.007261 0.775175
v -0.556025 0.021088 0.781308
v -0.549170 -0.007977 0.783894
v -0.551817 -0.023618 0.788907
v -0.556867 -0.023103 0.801228
v -0.548874 -0.043604 0.806828
v -0.550690 -0.047669 0.818541
v -0.548164 -0.044319 0.835268
v -0.547453 -0.036258 0.848255
v -0.548386 -0.019435 0.852959
v -0.551255 -0.011117 0.849792
v -0.550917 -0.012164 0.843034
v -0.552566 -0.004391 0.836324
v -0.549208 0.005033 0.829784
v -0.550752 0.009630 0.825769
v -0.551288 0.011277 0.819803
v -0.555565 0.021188 0.814984
v -0.555565 0.021188 0.814984
v -0.556135 0.021064 0.902379
v -0.556135 0.021064 0.902379
v -0.567721 -0.127832 0.901665
v -0.581419 -0.090537 0.680412
v -0.576218 -0.079257 0.671521
v -0.569325 -0.069208 0.676237
v -0.574031 -0.064214 0.681092
v -0.567556 -0.055361 0.684939
v -0.566058 -0.059613 0.699271
v -0.566058 -0.059613 0.699271
v -0.562669 -0.039760 0.697480
v -0.566026 -0.029743 0.687089
v -0.565870 -0.013643 0.677953
v -0.569287 -0.007552 0.667473
v -0.569648 0.002305 0.667562
v -0.577965 0.016318 0.659184
v -0.565376 0.019055 0.698180
v -0.560228 -0.001111 0.716869
v -0.560659 0.008929 0.723312
v -0.561528 0.019892 0.720008
v -0.561528 0.019892 0.720008
v -0.565839 -0.018488 0.690617
v -0.563121 -0.006950 0.689312
v -0.563507 -0.003828 0.690771
v -0.562631 -0.002267 0.697902
v -0.556683 -0.010715 0.705790
v -0.556683 -0.010715 0.705790
v -0.561354 -0.022824 0.710142
v -0.568285 -0.026038 0.704507
v -0.565863 -0.019495 0.699429
v -0.566067 -0.017996 0.694418
v -0.556996 -0.046133 0.725703
v -0.555250 -0.025932 0.725863
v -0.553171 -0.034972 0.732995
v -0.553171 -0.034972 0.732995
v -0.549930 -0.031596 0.747961
v -0.553310 -0.021931 0.751564
v -0.552011 -0.011626 0.749546
v -0.551285 -0.004661 0.752934
v -0.551419 -0.005723 0.763097
v -0.549649 -0.021188 0.772179
v -0.549649 -0.021188 0.772179
v -0.546670 -0.051154 0.777513
v -0.548428 -0.045712 0.766268
v -0.551269 -0.045105 0.758339
v -0.564292 -0.114159 0.788951
v -0.573289 -0.106263 0.736165
v -0.562964 -0.118261 0.841629
v -0.559936 -0.053372 0.902022
v -0.042628 -0.247399 0.621128
v -0.042628 -0.247399 0.621128
v 0.000088 -0.222997 0.750400
v 0.000088 -0.222997 0.750400
v -0.030330 -0.223872 0.748421
v -0.030330 -0.223872 0.748421
v -0.182053 -0.213050 0.701716
v -0.182053 -0.213050 0.701716
v -0.033197 -0.220723 0.758214
v -0.033197 -0.220723 0.758214
v -0.076195 -0.244054 0.620571
v -0.076195 -0.244054 0.620571
v -0.092979 -0.238814 0.648996
v -0.092979 -0.238814 0.648996
v -0.085726 -0.237391 0.667311
v -0.085726 -0.237391 0.667311
v -0.124381 -0.230232 0.683170
v -0.124381 -0.230232 0.683170
v -0.126893 -0.232967 0.660591
v -0.126893 -0.232967 0.660591
v -0.137499 -0.232156 0.647690
v -0.137499 -0.232156 0.647690
v -0.154803 -0.229786 0.643927
v -0.154803 -0.229786 0.643927
v -0.182934 -0.222795 0.654002
v -0.182934 -0.222795 0.654002
v -0.201929 -0.209726 0.679015
v -0.201929 -0.209726 0.679015
v -0.213171 -0.205967 0.682748
v -0.213171 -0.205967 0.682748
v -0.226157 -0.200970 0.679202
v -0.226157 -0.200970 0.679202
v -0.234103 -0.197706 0.683681
v -0.234103 -0.197706 0.683681
v -0.232940 -0.194261 0.691148
v -0.232940 -0.194261 0.691148
v -0.212977 -0.201853 0.699361
v -0.212977 -0.201853 0.699361
v -0.203358 -0.209500 0.704713
v -0.203358 -0.209500 0.704713
v -0.198246 -0.208230 0.707387
v -0.198246 -0.208230 0.707387
v -0.198246 -0.208230 0.707387
v -0.198246 -0.208230 0.707387
v -0.198246 -0.208230 0.707387
v -0.198246 -0.208230 0.707387
v -0.233522 -0.197667 0.713734
v -0.233522 -0.197667 0.713734
v -0.280039 -0.185630 0.709067
v -0.280039 -0.185630 0.709067
v -0.290118 -0.183760 0.702347
v -0.290118 -0.183760 0.702347
v -0.290893 -0.188467 0.687228
v -0.290893 -0.188467 0.687228
v -0.299615 -0.186419 0.680508
v -0.299615 -0.186419 0.680508
v -0.318222 -0.181232 0.681441
v -0.318222 -0.181232 0.681441
v -0.329657 -0.176292 0.693761
v -0.329657 -0.176292 0.693761
v -0.344581 -0.177631 0.684428
v -0.344581 -0.177631 0.684428
v -0.350977 -0.174009 0.686108
v -0.350977 -0.174009 0.686108
v -0.357374 -0.168793 0.699921
v -0.357374 -0.168793 0.699921
v -0.360281 -0.165889 0.706827
v -0.360281 -0.165889 0.706827
v -0.369778 -0.165225 0.711307
v -0.369778 -0.165225 0.711307
v -0.387651 -0.161923 0.729740
v -0.387651 -0.161923 0.729740
v -0.415917 -0.159521 0.737361
v -0.415917 -0.159521 0.737361
v -0.442406 -0.160177 0.736273
v -0.442406 -0.160177 0.736273
v -0.454843 -0.160177 0.727095
v -0.454843 -0.160177 0.727095
v -0.455812 -0.165200 0.709829
v -0.455812 -0.165200 0.709829
v -0.443860 -0.160463 0.719629
v -0.443860 -0.160463 0.719629
v -0.438207 -0.158986 0.703140
v -0.438207 -0.158986 0.703140
v -0.458881 -0.167376 0.693185
v -0.458881 -0.167376 0.693185
v -0.464696 -0.168562 0.684164
v -0.464696 -0.168562 0.684164
v -0.497646 -0.174974 0.679030
v -0.497646 -0.174974 0.679030
v -0.497646 -0.174974 0.679030
v -0.498005 -0.158814 0.728237
v -0.498005 -0.158814 0.728237
v -0.492921 -0.143381 0.776238
v -0.492921 -0.143381 0.776238
v -0.497749 -0.141503 0.818681
v -0.497749 -0.141503 0.818681
v -0.498778 -0.148530 0.910293
v -0.498778 -0.148530 0.910293
v -0.041298 -0.231053 0.729286
v -0.041298 -0.231053 0.729286
v -0.054900 -0.234389 0.699263
v -0.054900 -0.234389 0.699263
v -0.054900 -0.234389 0.699263
v -0.032233 -0.236878 0.697613
v -0.032233 -0.236878 0.697613
v -0.034959 -0.234749 0.685686
v -0.034959 -0.234749 0.685686
v -0.057782 -0.236595 0.692587
v -0.057782 -0.236595 0.692587
v -0.048542 -0.231053 0.716233
v -0.048542 -0.231053 0.716233
v -0.056720 -0.230730 0.713458
v -0.056720 -0.230730 0.713458
v -0.068326 -0.228415 0.718934
v -0.068326 -0.228415 0.718934
v -0.081100 -0.225601 0.716533
v -0.081100 -0.225601 0.716533
v -0.086708 -0.224610 0.710457
v -0.086708 -0.224610 0.710457
v -0.102443 -0.223323 0.709782
v -0.102443 -0.223323 0.709782
v -0.120981 -0.217951 0.718559
v -0.120981 -0.217951 0.718559
v -0.129627 -0.212735 0.731611
v -0.129627 -0.212735 0.731611
v -0.129238 -0.208489 0.747214
v -0.129238 -0.208489 0.747214
v -0.116853 -0.207089 0.759217
v -0.116853 -0.207089 0.759217
v -0.093719 -0.208948 0.763492
v -0.093719 -0.208948 0.763492
v -0.073934 -0.212808 0.759667
v -0.073934 -0.212808 0.759667
v -0.073934 -0.212808 0.759667
v -0.069027 -0.217679 0.754340
v -0.069027 -0.217679 0.754340
v -0.076037 -0.220613 0.748489
v -0.076037 -0.220613 0.748489
v -0.077284 -0.224754 0.742038
v -0.077284 -0.224754 0.742038
v -0.073389 -0.228047 0.735137
v -0.073389 -0.228047 0.735137
v -0.062250 -0.230555 0.729661
v -0.062250 -0.230555 0.729661
v -0.058349 -0.210449 0.778561
v -0.058349 -0.210449 0.778561
v -0.048414 -0.211785 0.782374
v -0.048414 -0.211785 0.782374
v -0.048414 -0.211785 0.782374
v -0.047365 -0.212501 0.773208
v -0.047365 -0.212501 0.773208
v -0.014751 -0.219113 0.759673
v -0.014751 -0.219113 0.759673
v -0.028477 -0.216588 0.773406
v -0.028477 -0.216588 0.773406
v -0.032371 -0.215833 0.776720
v -0.032371 -0.215833 0.776720
v -0.029130 -0.212112 0.788361
v -0.029130 -0.212112 0.788361
v -0.011410 -0.208354 0.809865
v -0.011410 -0.208354 0.809865
v -0.017726 -0.214820 0.779692
v -0.017726 -0.214820 0.779692
v -0.031012 -0.205389 0.850258
v -0.031012 -0.205389 0.850258
v -0.023092 -0.206680 0.836631
v -0.023092 -0.206680 0.836631
v -0.027636 -0.208476 0.818064
v -0.027636 -0.208476 0.818064
v -0.043993 -0.208989 0.807812
v -0.043993 -0.208989 0.807812
v -0.063207 -0.208316 0.806124
v -0.063207 -0.208316 0.806124
v -0.075994 -0.206170 0.812125
v -0.075994 -0.206170 0.812125
v -0.087808 -0.205307 0.808687
v -0.087808 -0.205307 0.808687
v -0.096636 -0.203024 0.809374
v -0.096636 -0.203024 0.809374
v -0.102283 -0.203032 0.803561
v -0.102283 -0.203032 0.803561
v -0.107865 -0.202687 0.804623
v -0.107865 -0.202687 0.804623
v -0.113707 -0.201611 0.811312
v -0.113707 -0.201611 0.811312
v -0.112799 -0.201270 0.820189
v -0.112799 -0.201270 0.820189
v -0.110267 -0.201034 0.825690
v -0.110267 -0.201034 0.825690
v -0.113318 -0.200346 0.829691
v -0.113318 -0.200346 0.829691
v -0.107800 -0.200918 0.833379
v -0.107800 -0.200918 0.833379
v -0.105593 -0.198708 0.841693
v -0.105593 -0.198708 0.841693
v -0.087159 -0.198725 0.851070
v -0.087159 -0.198725 0.851070
v -0.076189 -0.199721 0.864197
v -0.076189 -0.199721 0.864197
v -0.076189 -0.199721 0.864197
v -0.060221 -0.202343 0.858321
v -0.060221 -0.202343 0.858321
v -0.045546 -0.202825 0.857740
v -0.045546 -0.202825 0.857740
v -0.146045 -0.194322 0.846448
v -0.146045 -0.194322 0.846448
v -0.154268 -0.189220 0.830770
v -0.154268 -0.189220 0.830770
v -0.160164 -0.186997 0.829988
v -0.160164 -0.186997 0.829988
v -0.170928 -0.186266 0.838167
v -0.170928 -0.186266 0.838167
v -0.190402 -0.183768 0.847909
v -0.190402 -0.183768 0.847909
v -0.192349 -0.184157 0.850253
v -0.192349 -0.184157 0.850253
v -0.185750 -0.185987 0.855984
v -0.185750 -0.185987 0.855984
v -0.185750 -0.185987 0.855984
v -0.170766 -0.187579 0.849941
v -0.170766 -0.187579 0.849941
v -0.156107 -0.189156 0.856400
v -0.156107 -0.189156 0.856400
v -0.145776 -0.194165 0.851295
v -0.145776 -0.194165 0.851295
v -0.242848 -0.170458 0.851173
v -0.242848 -0.170458 0.851173
v -0.269656 -0.167154 0.842963
v -0.269656 -0.167154 0.842963
v -0.304763 -0.161045 0.827948
v -0.304763 -0.161045 0.827948
v -0.332528 -0.158530 0.818754
v -0.332528 -0.158530 0.818754
v -0.345314 -0.157804 0.817134
v -0.345314 -0.157804 0.817134
v -0.356306 -0.155800 0.819187
v -0.356306 -0.155800 0.819187
v -0.368401 -0.156180 0.823875
v -0.368401 -0.156180 0.823875
v -0.374260 -0.156508 0.817899
v -0.374260 -0.156508 0.817899
v -0.382239 -0.157763 0.821459
v -0.382239 -0.157763 0.821459
v -0.388900 -0.153903 0.826560
v -0.388900 -0.153903 0.826560
v -0.386775 -0.153720 0.834326
v -0.386775 -0.153720 0.834326
v -0.375912 -0.157328 0.838981
v -0.375912 -0.157328 0.838981
v -0.364576 -0.157328 0.847829
v -0.364576 -0.157328 0.847829
v -0.357630 -0.157328 0.843765
v -0.357630 -0.157328 0.843765
v -0.348218 -0.157328 0.841890
v -0.348218 -0.157328 0.841890
v -0.341403 -0.157328 0.845766
v -0.341403 -0.157328 0.845766
v -0.337573 -0.157328 0.853080
v -0.337573 -0.157328 0.853080
v -0.326278 -0.157328 0.853080
v -0.326278 -0.157328 0.853080
v -0.311609 -0.157104 0.858456
v -0.311609 -0.157104 0.858456
v -0.301483 -0.159647 0.867833
v -0.301483 -0.159647 0.867833
v -0.301483 -0.159647 0.867833
v -0.287267 -0.163203 0.862457
v -0.287267 -0.163203 0.862457
v -0.267859 -0.168477 0.861593
v -0.267859 -0.168477 0.861593
v -0.257344 -0.169096 0.862019
v -0.257344 -0.169096 0.862019
v -0.248711 -0.170651 0.859019
v -0.248711 -0.170651 0.859019
v -0.224269 -0.177922 0.826884
v -0.224269 -0.177922 0.826884
v -0.201516 -0.182989 0.826472
v -0.201516 -0.182989 0.826472
v -0.201516 -0.182989 0.826472
v -0.182900 -0.188002 0.815226
v -0.182900 -0.188002 0.815226
v -0.182074 -0.190361 0.810081
v -0.182074 -0.190361 0.810081
v -0.193254 -0.190078 0.806740
v -0.193254 -0.190078 0.806740
v -0.200965 -0.188831 0.795123
v -0.200965 -0.188831 0.795123
v -0.217103 -0.185458 0.799366
v -0.217103 -0.185458 0.799366
v -0.219471 -0.183370 0.802761
v -0.219471 -0.183370 0.802761
v -0.229991 -0.179479 0.806050
v -0.229991 -0.179479 0.806050
v -0.237316 -0.176568 0.815067
v -0.237316 -0.176568 0.815067
v -0.232304 -0.176614 0.824403
v -0.232304 -0.176614 0.824403
v -0.181907 -0.195833 0.771453
v -0.181907 -0.195833 0.771453
v -0.172313 -0.196451 0.767273
v -0.172313 -0.196451 0.767273
v -0.175968 -0.200482 0.756384
v -0.175968 -0.200482 0.756384
v -0.174826 -0.201528 0.753745
v -0.174826 -0.201528 0.753745
v -0.160664 -0.204543 0.750555
v -0.160664 -0.204543 0.750555
v -0.162263 -0.208966 0.740216
v -0.162263 -0.208966 0.740216
v -0.162377 -0.215726 0.717888
v -0.162377 -0.215726 0.717888
v -0.172770 -0.213890 0.717778
v -0.172770 -0.213890 0.717778
v -0.202807 -0.204605 0.726357
v -0.202807 -0.204605 0.726357
v -0.234328 -0.195933 0.730207
v -0.234328 -0.195933 0.730207
v -0.239696 -0.190793 0.737246
v -0.239696 -0.190793 0.737246
v -0.253743 -0.184935 0.744835
v -0.253743 -0.184935 0.744835
v -0.257075 -0.182292 0.750967
v -0.257075 -0.182292 0.750967
v -0.255342 -0.182271 0.757264
v -0.255342 -0.182271 0.757264
v -0.257589 -0.178241 0.764545
v -0.257589 -0.178241 0.764545
v -0.254337 -0.173389 0.773100
v -0.254337 -0.173389 0.773100
v -0.259175 -0.173389 0.783258
v -0.259175 -0.173389 0.783258
v -0.257430 -0.175970 0.794333
v -0.257430 -0.175970 0.794333
v -0.257430 -0.175970 0.794333
v -0.247992 -0.176415 0.793264
v -0.247992 -0.176415 0.793264
v -0.234588 -0.181416 0.779897
v -0.234588 -0.181416 0.779897
v -0.214998 -0.187413 0.774245
v -0.214998 -0.187413 0.774245
v -0.197470 -0.190825 0.776175
v -0.197470 -0.190825 0.776175
v -0.179625 -0.194566 0.779515
v -0.179625 -0.194566 0.779515
v -0.179308 -0.195588 0.775238
v -0.179308 -0.195588 0.775238
v -0.304297 -0.162834 0.805768
v -0.304297 -0.162834 0.805768
v -0.328109 -0.159883 0.796935
v -0.328109 -0.159883 0.796935
v -0.356881 -0.159556 0.792031
v -0.356881 -0.159556 0.792031
v -0.389291 -0.156438 0.793687
v -0.389291 -0.156438 0.793687
v -0.393590 -0.156438 0.786935
v -0.393590 -0.156438 0.786935
v -0.392664 -0.156438 0.777699
v -0.392664 -0.156438 0.777699
v -0.380891 -0.154881 0.767316
v -0.380891 -0.154881 0.767316
v -0.361775 -0.157445 0.761646
v -0.361775 -0.157445 0.761646
v -0.336310 -0.161142 0.764959
v -0.336310 -0.161142 0.764959
v -0.338295 -0.161637 0.771265
v -0.338295 -0.161637 0.771265
v -0.335384 -0.161083 0.779036
v -0.335384 -0.161083 0.779036
v -0.325993 -0.161748 0.783750
v -0.325993 -0.161748 0.783750
v -0.313492 -0.163846 0.782285
v -0.313492 -0.163846 0.782285
v -0.306613 -0.162252 0.779482
v -0.306613 -0.162252 0.779482
v -0.300792 -0.164349 0.784387
v -0.300792 -0.164349 0.784387
v -0.301586 -0.163004 0.788124
v -0.301586 -0.163004 0.788124
v -0.308928 -0.161972 0.791267
v -0.308928 -0.161972 0.791267
v -0.307804 -0.162602 0.794579
v -0.307804 -0.162602 0.794579
v -0.297088 -0.163948 0.801458
v -0.297088 -0.163948 0.801458
v -0.294906 -0.164582 0.807765
v -0.294906 -0.164582 0.807765
v -0.294906 -0.164582 0.807765
v -0.353662 -0.165014 0.742588
v -0.353662 -0.165014 0.742588
v -0.338971 -0.169893 0.729193
v -0.338971 -0.169893 0.729193
v -0.322014 -0.177222 0.709100
v -0.322014 -0.177222 0.709100
v -0.299979 -0.179350 0.720764
v -0.299979 -0.179350 0.720764
v -0.273958 -0.184791 0.728591
v -0.273958 -0.184791 0.728591
v -0.286773 -0.177719 0.735665
v -0.286773 -0.177719 0.735665
v -0.293415 -0.174301 0.736643
v -0.293415 -0.174301 0.736643
v -0.298884 -0.173684 0.733181
v -0.298884 -0.173684 0.733181
v -0.303104 -0.174473 0.734009
v -0.303104 -0.174473 0.734009
v -0.302479 -0.171428 0.746577
v -0.302479 -0.171428 0.746577
v -0.309434 -0.167097 0.760724
v -0.309434 -0.167097 0.760724
v -0.309434 -0.167097 0.760724
v -0.325140 -0.167864 0.750866
v -0.325140 -0.167864 0.750866
v -0.137933 -0.196340 0.796717
v -0.137933 -0.196340 0.796717
v -0.137933 -0.196340 0.796717
v -0.116216 -0.202572 0.784364
v -0.116216 -0.202572 0.784364
v -0.139283 -0.202870 0.775694
v -0.139283 -0.202870 0.775694
v -0.142997 -0.196383 0.794008
v -0.142997 -0.196383 0.794008
v -0.163979 -0.218438 0.692217
v -0.163979 -0.218438 0.692217
v -0.155992 -0.222208 0.678412
v -0.155992 -0.222208 0.678412
v -0.155992 -0.222208 0.678412
v -0.167336 -0.221039 0.680054
v -0.167336 -0.221039 0.680054
v -0.171079 -0.217113 0.689333
v -0.171079 -0.217113 0.689333
v -0.249714 -0.176940 0.907957
v -0.249714 -0.176940 0.907957
v -0.125183 -0.196937 0.906789
v -0.125183 -0.196937 0.906789
v -0.355663 -0.156929 0.909416
v -0.355663 -0.156929 0.909416
v -0.355663 -0.156929 0.909416
v -0.039551 -0.227793 0.618238
v 0.002425 -0.188012 0.902731
v 0.002659 -0.230789 0.604874
v 0.002659 -0.230789 0.604874
v 0.001185 -0.203257 0.747510
v -0.027253 -0.204266 0.745531
v -0.178977 -0.193444 0.698826
v -0.030120 -0.201116 0.755324
v -0.073118 -0.224447 0.617680
v -0.089902 -0.219207 0.646106
v -0.082649 -0.217785 0.664421
v -0.121305 -0.210626 0.680280
v -0.123816 -0.213361 0.657701
v -0.134422 -0.212550 0.644800
v -0.151727 -0.210180 0.641036
v -0.179858 -0.203189 0.651112
v -0.198852 -0.190120 0.676125
v -0.210094 -0.186361 0.679858
v -0.223080 -0.181363 0.676312
v -0.231027 -0.178099 0.680791
v -0.229864 -0.174655 0.688258
v -0.209900 -0.174825 0.696471
v -0.195558 -0.185517 0.699831
v -0.195170 -0.188624 0.704497
v -0.195170 -0.188624 0.704497
v -0.195170 -0.188624 0.704497
v -0.195170 -0.188624 0.704497
v -0.230445 -0.178061 0.710844
v -0.276962 -0.166023 0.706177
v -0.287041 -0.164154 0.699457
v -0.287816 -0.168860 0.684338
v -0.296538 -0.166813 0.677618
v -0.315145 -0.161625 0.678551
v -0.326581 -0.156686 0.690871
v -0.341505 -0.158025 0.681538
v -0.347901 -0.154403 0.683218
v -0.354297 -0.149187 0.697031
v -0.357204 -0.146283 0.703937
v -0.366701 -0.145619 0.708417
v -0.384575 -0.142316 0.726850
v -0.412840 -0.139914 0.734472
v -0.439329 -0.140571 0.733383
v -0.451766 -0.142974 0.724205
v -0.452735 -0.145594 0.706939
v -0.440783 -0.140857 0.716739
v -0.435130 -0.139380 0.700250
v -0.455805 -0.147769 0.690295
v -0.461619 -0.148956 0.681274
v -0.494569 -0.155368 0.676140
v -0.494569 -0.155368 0.676140
v -0.495700 -0.144124 0.726072
v -0.491016 -0.134572 0.774448
v -0.497477 -0.129682 0.833868
v -0.495701 -0.131602 0.907403
v -0.038221 -0.211447 0.726396
v -0.051823 -0.214783 0.696373
v -0.051823 -0.214783 0.696373
v -0.029156 -0.217271 0.694723
v -0.031883 -0.215143 0.682796
v -0.054705 -0.216989 0.689697
v -0.045465 -0.211119 0.713343
v -0.053644 -0.211124 0.710568
v -0.065250 -0.208809 0.716044
v -0.078024 -0.205994 0.713643
v -0.083632 -0.205004 0.707567
v -0.099366 -0.203717 0.706892
v -0.117904 -0.198345 0.715669
v -0.126550 -0.193128 0.728721
v -0.126161 -0.188883 0.744324
v -0.113776 -0.187483 0.756327
v -0.090642 -0.189342 0.760602
v -0.070857 -0.193202 0.756777
v -0.070857 -0.193202 0.756777
v -0.065950 -0.198072 0.751450
v -0.072961 -0.201006 0.745599
v -0.074207 -0.205148 0.739148
v -0.070312 -0.208441 0.732247
v -0.059174 -0.210949 0.726771
v -0.055273 -0.190843 0.775671
v -0.045337 -0.192179 0.779484
v -0.045337 -0.192179 0.779484
v -0.044288 -0.192895 0.770318
v -0.011675 -0.199507 0.756783
v -0.025400 -0.196982 0.770516
v -0.029294 -0.196227 0.773830
v -0.026054 -0.192506 0.785471
v -0.008333 -0.188748 0.806975
v -0.000987 -0.189497 0.821136
v -0.000987 -0.189497 0.821136
v -0.014650 -0.195214 0.776802
v -0.027935 -0.185783 0.847368
v -0.020015 -0.187073 0.833741
v -0.024559 -0.188869 0.815174
v -0.040917 -0.189383 0.804922
v -0.060130 -0.188710 0.803234
v -0.072917 -0.186564 0.809235
v -0.084731 -0.185701 0.805797
v -0.093559 -0.183417 0.806484
v -0.099206 -0.183426 0.800671
v -0.104788 -0.183081 0.801733
v -0.110630 -0.182004 0.808422
v -0.109722 -0.181664 0.817299
v -0.107190 -0.181427 0.822800
v -0.110241 -0.180740 0.826801
v -0.104724 -0.181311 0.830489
v -0.102517 -0.179102 0.838803
v -0.084082 -0.179119 0.848180
v -0.073112 -0.180115 0.861307
v -0.073112 -0.180115 0.861307
v -0.057144 -0.182737 0.855431
v -0.042469 -0.183219 0.854850
v -0.142969 -0.174716 0.843558
v -0.151191 -0.169614 0.827880
v -0.157087 -0.167391 0.827098
v -0.167852 -0.166659 0.835277
v -0.187325 -0.164161 0.845019
v -0.189272 -0.164551 0.847363
v -0.182673 -0.166381 0.853094
v -0.182673 -0.166381 0.853094
v -0.167690 -0.167973 0.847051
v -0.153031 -0.169549 0.853510
v -0.142699 -0.174559 0.848405
v -0.239771 -0.150852 0.848283
v -0.266579 -0.147548 0.840073
v -0.301687 -0.141439 0.825058
v -0.329451 -0.138924 0.815864
v -0.342237 -0.138198 0.814244
v -0.353229 -0.136194 0.816297
v -0.365325 -0.136574 0.820985
v -0.371183 -0.136902 0.815009
v -0.379162 -0.138157 0.818569
v -0.385776 -0.137722 0.827623
v -0.383699 -0.131836 0.831436
v -0.376364 -0.132067 0.838875
v -0.361499 -0.132185 0.844939
v -0.354554 -0.132521 0.840875
v -0.345142 -0.135268 0.839000
v -0.338326 -0.135116 0.842876
v -0.334496 -0.131979 0.850190
v -0.323202 -0.135278 0.850190
v -0.308532 -0.137498 0.855566
v -0.298406 -0.140041 0.864943
v -0.298406 -0.140041 0.864943
v -0.284190 -0.143597 0.859567
v -0.264782 -0.148871 0.858703
v -0.254267 -0.149490 0.859129
v -0.245634 -0.151045 0.856129
v -0.221193 -0.158316 0.823994
v -0.198439 -0.163382 0.823582
v -0.198439 -0.163382 0.823582
v -0.179823 -0.168396 0.812336
v -0.178997 -0.170755 0.807191
v -0.190177 -0.170472 0.803850
v -0.197888 -0.169225 0.792233
v -0.214026 -0.165852 0.796476
v -0.216394 -0.163764 0.799871
v -0.226914 -0.159872 0.803160
v -0.234240 -0.156961 0.812177
v -0.229228 -0.157007 0.821513
v -0.178830 -0.176227 0.768563
v -0.169237 -0.176845 0.764383
v -0.172891 -0.180876 0.753494
v -0.171749 -0.181921 0.750855
v -0.157587 -0.184937 0.747665
v -0.159186 -0.189360 0.737326
v -0.159300 -0.196120 0.714998
v -0.169694 -0.194284 0.714888
v -0.199730 -0.184999 0.723467
v -0.231251 -0.176327 0.727317
v -0.236619 -0.171187 0.734356
v -0.250667 -0.165329 0.741945
v -0.253999 -0.162686 0.748077
v -0.252265 -0.162665 0.754374
v -0.254512 -0.158635 0.761655
v -0.251260 -0.158882 0.770210
v -0.256098 -0.153783 0.780368
v -0.254353 -0.156364 0.791443
v -0.254353 -0.156364 0.791443
v -0.244915 -0.156809 0.790374
v -0.231511 -0.161809 0.777007
v -0.211921 -0.167807 0.771355
v -0.194393 -0.171219 0.773285
v -0.176549 -0.174960 0.776625
v -0.176231 -0.175982 0.772348
v -0.301221 -0.143227 0.802878
v -0.325032 -0.140276 0.794045
v -0.353804 -0.139950 0.789141
v -0.386214 -0.139427 0.790797
v -0.390513 -0.136832 0.784045
v -0.389587 -0.133176 0.774809
v -0.377814 -0.135275 0.764426
v -0.358699 -0.137839 0.758756
v -0.333233 -0.141536 0.762069
v -0.335218 -0.142031 0.768375
v -0.332308 -0.141476 0.776146
v -0.322916 -0.142142 0.780860
v -0.310415 -0.144240 0.779395
v -0.303536 -0.142646 0.776592
v -0.297716 -0.144743 0.781497
v -0.298510 -0.143398 0.785234
v -0.305851 -0.142366 0.788377
v -0.304727 -0.142996 0.791689
v -0.294012 -0.144342 0.798568
v -0.291829 -0.144976 0.804875
v -0.291829 -0.144976 0.804875
v -0.350585 -0.145407 0.739698
v -0.335894 -0.150287 0.726303
v -0.318938 -0.157616 0.706210
v -0.296902 -0.159743 0.717874
v -0.270881 -0.165185 0.725701
v -0.283696 -0.158112 0.732775
v -0.290338 -0.154694 0.733753
v -0.295808 -0.154077 0.730291
v -0.300027 -0.154866 0.731119
v -0.299402 -0.151821 0.743687
v -0.306357 -0.147491 0.757834
v -0.306357 -0.147491 0.757834
v -0.322063 -0.148258 0.747976
v -0.134857 -0.176734 0.793827
v -0.134857 -0.176734 0.793827
v -0.113140 -0.182966 0.781474
v -0.136207 -0.183264 0.772804
v -0.139920 -0.176777 0.791118
v -0.160903 -0.198832 0.689327
v -0.152916 -0.202602 0.675522
v -0.152916 -0.202602 0.675522
v -0.164259 -0.201432 0.677164
v -0.168002 -0.197507 0.686443
v -0.246638 -0.159807 0.905067
v -0.122106 -0.173910 0.903899
v -0.371169 -0.145705 0.906235
v -0.371169 -0.145705 0.906235
v 0.041792 -0.247399 0.621128
v 0.041792 -0.247399 0.621128
v -0.000418 -0.214596 0.905621
v -0.000418 -0.214596 0.905621
v -0.000418 -0.250396 0.607764
v -0.000418 -0.250396 0.607764
v -0.000418 -0.250396 0.607764
v 0.029494 -0.223872 0.748421
v 0.029494 -0.223872 0.748421
v 0.181218 -0.213050 0.701716
v 0.181218 -0.213050 0.701716
v -0.000418 -0.237083 0.706890
v 0.032361 -0.220723 0.758214
v 0.032361 -0.220723 0.758214
v 0.075359 -0.244054 0.620571
v 0.075359 -0.244054 0.620571
v 0.092143 -0.238814 0.648996
v 0.092143 -0.238814 0.648996
v 0.084890 -0.237391 0.667311
v 0.084890 -0.237391 0.667311
v 0.123546 -0.230232 0.683170
v 0.123546 -0.230232 0.683170
v 0.126057 -0.232967 0.660591
v 0.126057 -0.232967 0.660591
v 0.136663 -0.232156 0.647690
v 0.136663 -0.232156 0.647690
v 0.153968 -0.229786 0.643927
v 0.153968 -0.229786 0.643927
v 0.182099 -0.222795 0.654002
v 0.182099 -0.222795 0.654002
v 0.201093 -0.209726 0.679015
v 0.201093 -0.209726 0.679015
v 0.212335 -0.205967 0.682748
v 0.212335 -0.205967 0.682748
v 0.225321 -0.200970 0.679202
v 0.225321 -0.200970 0.679202
v 0.233268 -0.197706 0.683681
v 0.233268 -0.197706 0.683681
v 0.232105 -0.194261 0.691148
v 0.232105 -0.194261 0.691148
v 0.212141 -0.200754 0.699361
v 0.212141 -0.200754 0.699361
v 0.197799 -0.206159 0.702721
v 0.197799 -0.206159 0.702721
v 0.193763 -0.206627 0.707387
v 0.193763 -0.206627 0.707387
v 0.193763 -0.206627 0.707387
v 0.193763 -0.206627 0.707387
v 0.193763 -0.206627 0.707387
v 0.193763 -0.206627 0.707387
v 0.232686 -0.197667 0.713734
v 0.232686 -0.197667 0.713734
v 0.279203 -0.185630 0.709067
v 0.279203 -0.185630 0.709067
v 0.289282 -0.183760 0.702347
v 0.289282 -0.183760 0.702347
v 0.290057 -0.188467 0.687228
v 0.290057 -0.188467 0.687228
v 0.298779 -0.186419 0.680508
v 0.298779 -0.186419 0.680508
v 0.317386 -0.181232 0.681441
v 0.317386 -0.181232 0.681441
v 0.328822 -0.176292 0.693761
v 0.328822 -0.176292 0.693761
v 0.343746 -0.177631 0.684428
v 0.343746 -0.177631 0.684428
v 0.350142 -0.174009 0.686108
v 0.350142 -0.174009 0.686108
v 0.356538 -0.168793 0.699921
v 0.356538 -0.168793 0.699921
v 0.359445 -0.165889 0.706827
v 0.359445 -0.165889 0.706827
v 0.368942 -0.165225 0.711307
v 0.368942 -0.165225 0.711307
v 0.386816 -0.161923 0.729740
v 0.386816 -0.161923 0.729740
v 0.415081 -0.159521 0.737361
v 0.415081 -0.159521 0.737361
v 0.441570 -0.160177 0.736273
v 0.441570 -0.160177 0.736273
v 0.454007 -0.162580 0.727095
v 0.454007 -0.162580 0.727095
v 0.454976 -0.165200 0.709829
v 0.454976 -0.165200 0.709829
v 0.443024 -0.160463 0.719629
v 0.443024 -0.160463 0.719629
v 0.437371 -0.158986 0.703140
v 0.437371 -0.158986 0.703140
v 0.458046 -0.167376 0.693185
v 0.458046 -0.167376 0.693185
v 0.463860 -0.168562 0.684164
v 0.463860 -0.168562 0.684164
v 0.496810 -0.174974 0.679030
v 0.496810 -0.174974 0.679030
v 0.496810 -0.174974 0.679030
v 0.497478 -0.160783 0.728527
v 0.497478 -0.160783 0.728527
v 0.492074 -0.148893 0.776227
v 0.492074 -0.148893 0.776227
v 0.498917 -0.144181 0.836005
v 0.498917 -0.144181 0.836005
v 0.497942 -0.148530 0.910293
v 0.497942 -0.148530 0.910293
v 0.040462 -0.231053 0.729286
v 0.040462 -0.231053 0.729286
v 0.054064 -0.234389 0.699263
v 0.054064 -0.234389 0.699263
v 0.054064 -0.234389 0.699263
v 0.031397 -0.236878 0.697613
v 0.031397 -0.236878 0.697613
v 0.034124 -0.234749 0.685686
v 0.034124 -0.234749 0.685686
v 0.056946 -0.236595 0.692587
v 0.056946 -0.236595 0.692587
v 0.047706 -0.230730 0.716233
v 0.047706 -0.230730 0.716233
v 0.055885 -0.230730 0.713458
v 0.055885 -0.230730 0.713458
v 0.067491 -0.228415 0.718934
v 0.067491 -0.228415 0.718934
v 0.080265 -0.225601 0.716533
v 0.080265 -0.225601 0.716533
v 0.085873 -0.224610 0.710457
v 0.085873 -0.224610 0.710457
v 0.101607 -0.223323 0.709782
v 0.101607 -0.223323 0.709782
v 0.120145 -0.217951 0.718559
v 0.120145 -0.217951 0.718559
v 0.128791 -0.212735 0.731611
v 0.128791 -0.212735 0.731611
v 0.128402 -0.208489 0.747214
v 0.128402 -0.208489 0.747214
v 0.116017 -0.207089 0.759217
v 0.116017 -0.207089 0.759217
v 0.092883 -0.208948 0.763492
v 0.092883 -0.208948 0.763492
v 0.073098 -0.212808 0.759667
v 0.073098 -0.212808 0.759667
v 0.073098 -0.212808 0.759667
v 0.068191 -0.217679 0.754340
v 0.068191 -0.217679 0.754340
v 0.075202 -0.220613 0.748489
v 0.075202 -0.220613 0.748489
v 0.076448 -0.224754 0.742038
v 0.076448 -0.224754 0.742038
v 0.072553 -0.228047 0.735137
v 0.072553 -0.228047 0.735137
v 0.061415 -0.230555 0.729661
v 0.061415 -0.230555 0.729661
v 0.057514 -0.210449 0.778561
v 0.057514 -0.210449 0.778561
v 0.047578 -0.211785 0.782374
v 0.047578 -0.211785 0.782374
v 0.047578 -0.211785 0.782374
v 0.046530 -0.212501 0.773208
v 0.046530 -0.212501 0.773208
v 0.013916 -0.219113 0.759673
v 0.013916 -0.219113 0.759673
v -0.000418 -0.218056 0.764674
v -0.000418 -0.218056 0.764674
v -0.000418 -0.218056 0.764674
v 0.027641 -0.216588 0.773406
v 0.027641 -0.216588 0.773406
v 0.031535 -0.215833 0.776720
v 0.031535 -0.215833 0.776720
v 0.028295 -0.212112 0.788361
v 0.028295 -0.212112 0.788361
v 0.010574 -0.208354 0.809865
v 0.010574 -0.208354 0.809865
v -0.000418 -0.209103 0.824026
v -0.000418 -0.209103 0.824026
v -0.000418 -0.209103 0.824026
v 0.016891 -0.214820 0.779692
v 0.016891 -0.214820 0.779692
v -0.000418 -0.214321 0.776766
v -0.000418 -0.214321 0.776766
v 0.030176 -0.205389 0.850258
v 0.030176 -0.205389 0.850258
v 0.022257 -0.206680 0.836631
v 0.022257 -0.206680 0.836631
v 0.026800 -0.208476 0.818064
v 0.026800 -0.208476 0.818064
v 0.043158 -0.208989 0.807812
v 0.043158 -0.208989 0.807812
v 0.062371 -0.208316 0.806124
v 0.062371 -0.208316 0.806124
v 0.075158 -0.206170 0.812125
v 0.075158 -0.206170 0.812125
v 0.086972 -0.205307 0.808687
v 0.086972 -0.205307 0.808687
v 0.095800 -0.203024 0.809374
v 0.095800 -0.203024 0.809374
v 0.101447 -0.203032 0.803561
v 0.101447 -0.203032 0.803561
v 0.107029 -0.202687 0.804623
v 0.107029 -0.202687 0.804623
v 0.112871 -0.201611 0.811312
v 0.112871 -0.201611 0.811312
v 0.111963 -0.201270 0.820189
v 0.111963 -0.201270 0.820189
v 0.109431 -0.201034 0.825690
v 0.109431 -0.201034 0.825690
v 0.112482 -0.200346 0.829691
v 0.112482 -0.200346 0.829691
v 0.106965 -0.200918 0.833379
v 0.106965 -0.200918 0.833379
v 0.104758 -0.198708 0.841693
v 0.104758 -0.198708 0.841693
v 0.086323 -0.198725 0.851070
v 0.086323 -0.198725 0.851070
v 0.075353 -0.199721 0.864197
v 0.075353 -0.199721 0.864197
v 0.075353 -0.199721 0.864197
v 0.059385 -0.202343 0.858321
v 0.059385 -0.202343 0.858321
v 0.044711 -0.202825 0.857740
v 0.044711 -0.202825 0.857740
v 0.145210 -0.194322 0.846448
v 0.145210 -0.194322 0.846448
v 0.153432 -0.189220 0.830770
v 0.153432 -0.189220 0.830770
v 0.159328 -0.186997 0.829988
v 0.159328 -0.186997 0.829988
v 0.170093 -0.186266 0.838167
v 0.170093 -0.186266 0.838167
v 0.189566 -0.183768 0.847909
v 0.189566 -0.183768 0.847909
v 0.191513 -0.184157 0.850253
v 0.191513 -0.184157 0.850253
v 0.184914 -0.185987 0.855984
v 0.184914 -0.185987 0.855984
v 0.169931 -0.187579 0.849941
v 0.169931 -0.187579 0.849941
v 0.155272 -0.189156 0.856400
v 0.155272 -0.189156 0.856400
v 0.155272 -0.189156 0.856400
v 0.144940 -0.194165 0.851295
v 0.144940 -0.194165 0.851295
v 0.242012 -0.170458 0.851173
v 0.242012 -0.170458 0.851173
v 0.268820 -0.167154 0.842963
v 0.268820 -0.167154 0.842963
v 0.303927 -0.161045 0.827948
v 0.303927 -0.161045 0.827948
v 0.331692 -0.158530 0.818754
v 0.331692 -0.158530 0.818754
v 0.344478 -0.157804 0.817134
v 0.344478 -0.157804 0.817134
v 0.355471 -0.155800 0.819187
v 0.355471 -0.155800 0.819187
v 0.367566 -0.156180 0.823875
v 0.367566 -0.156180 0.823875
v 0.373424 -0.156508 0.817899
v 0.373424 -0.156508 0.817899
v 0.381403 -0.157763 0.821459
v 0.381403 -0.157763 0.821459
v 0.388064 -0.153903 0.826560
v 0.388064 -0.153903 0.826560
v 0.385940 -0.153720 0.834326
v 0.385940 -0.153720 0.834326
v 0.375076 -0.157328 0.838981
v 0.375076 -0.157328 0.838981
v 0.363740 -0.157328 0.847829
v 0.363740 -0.157328 0.847829
v 0.356795 -0.157328 0.843765
v 0.356795 -0.157328 0.843765
v 0.347383 -0.157328 0.841890
v 0.347383 -0.157328 0.841890
v 0.340567 -0.157328 0.845766
v 0.340567 -0.157328 0.845766
v 0.336737 -0.157328 0.853080
v 0.336737 -0.157328 0.853080
v 0.325443 -0.157328 0.853080
v 0.325443 -0.157328 0.853080
v 0.310773 -0.157104 0.858456
v 0.310773 -0.157104 0.858456
v 0.300647 -0.159647 0.867833
v 0.300647 -0.159647 0.867833
v 0.300647 -0.159647 0.867833
v 0.286432 -0.163203 0.862457
v 0.286432 -0.163203 0.862457
v 0.267023 -0.168477 0.861593
v 0.267023 -0.168477 0.861593
v 0.256508 -0.169096 0.862019
v 0.256508 -0.169096 0.862019
v 0.247876 -0.170651 0.859019
v 0.247876 -0.170651 0.859019
v 0.223434 -0.177922 0.826884
v 0.223434 -0.177922 0.826884
v 0.200680 -0.182989 0.826472
v 0.200680 -0.182989 0.826472
v 0.182064 -0.188002 0.815226
v 0.182064 -0.188002 0.815226
v 0.181238 -0.190361 0.810081
v 0.181238 -0.190361 0.810081
v 0.192418 -0.190078 0.806740
v 0.192418 -0.190078 0.806740
v 0.200129 -0.188831 0.795123
v 0.200129 -0.188831 0.795123
v 0.216267 -0.185458 0.799366
v 0.216267 -0.185458 0.799366
v 0.218635 -0.183370 0.802761
v 0.218635 -0.183370 0.802761
v 0.229155 -0.179479 0.806050
v 0.229155 -0.179479 0.806050
v 0.236481 -0.176568 0.815067
v 0.236481 -0.176568 0.815067
v 0.231469 -0.176614 0.824403
v 0.231469 -0.176614 0.824403
v 0.231469 -0.176614 0.824403
v 0.181071 -0.195833 0.771453
v 0.181071 -0.195833 0.771453
v 0.171478 -0.196451 0.767273
v 0.171478 -0.196451 0.767273
v 0.175132 -0.200482 0.756384
v 0.175132 -0.200482 0.756384
v 0.173990 -0.201528 0.753745
v 0.173990 -0.201528 0.753745
v 0.159829 -0.204543 0.750555
v 0.159829 -0.204543 0.750555
v 0.161427 -0.208966 0.740216
v 0.161427 -0.208966 0.740216
v 0.161541 -0.215726 0.717888
v 0.161541 -0.215726 0.717888
v 0.171934 -0.213890 0.717778
v 0.171934 -0.213890 0.717778
v 0.201971 -0.204605 0.726357
v 0.201971 -0.204605 0.726357
v 0.233492 -0.195933 0.730207
v 0.233492 -0.195933 0.730207
v 0.238860 -0.190793 0.737246
v 0.238860 -0.190793 0.737246
v 0.252908 -0.184935 0.744835
v 0.252908 -0.184935 0.744835
v 0.256240 -0.182292 0.750967
v 0.256240 -0.182292 0.750967
v 0.254506 -0.182271 0.757264
v 0.254506 -0.182271 0.757264
v 0.256753 -0.178241 0.764545
v 0.256753 -0.178241 0.764545
v 0.253501 -0.178489 0.773100
v 0.253501 -0.178489 0.773100
v 0.258339 -0.173389 0.783258
v 0.258339 -0.173389 0.783258
v 0.256594 -0.175970 0.794333
v 0.256594 -0.175970 0.794333
v 0.256594 -0.175970 0.794333
v 0.247156 -0.176415 0.793264
v 0.247156 -0.176415 0.793264
v 0.233752 -0.181416 0.779897
v 0.233752 -0.181416 0.779897
v 0.214162 -0.187413 0.774245
v 0.214162 -0.187413 0.774245
v 0.196634 -0.190825 0.776175
v 0.196634 -0.190825 0.776175
v 0.178790 -0.194566 0.779515
v 0.178790 -0.194566 0.779515
v 0.178472 -0.195588 0.775238
v 0.178472 -0.195588 0.775238
v 0.303462 -0.162834 0.805768
v 0.303462 -0.162834 0.805768
v 0.327273 -0.159883 0.796935
v 0.327273 -0.159883 0.796935
v 0.356045 -0.159556 0.792031
v 0.356045 -0.159556 0.792031
v 0.356045 -0.159556 0.792031
v 0.388455 -0.159033 0.793687
v 0.388455 -0.159033 0.793687
v 0.392754 -0.157912 0.786935
v 0.392754 -0.157912 0.786935
v 0.391828 -0.156438 0.777699
v 0.391828 -0.156438 0.777699
v 0.380055 -0.154881 0.767316
v 0.380055 -0.154881 0.767316
v 0.360939 -0.157445 0.761646
v 0.360939 -0.157445 0.761646
v 0.335474 -0.161142 0.764959
v 0.335474 -0.161142 0.764959
v 0.337459 -0.161637 0.771265
v 0.337459 -0.161637 0.771265
v 0.334549 -0.161083 0.779036
v 0.334549 -0.161083 0.779036
v 0.325157 -0.161748 0.783750
v 0.325157 -0.161748 0.783750
v 0.312656 -0.163846 0.782285
v 0.312656 -0.163846 0.782285
v 0.305777 -0.162252 0.779482
v 0.305777 -0.162252 0.779482
v 0.299957 -0.164349 0.784387
v 0.299957 -0.164349 0.784387
v 0.300750 -0.163004 0.788124
v 0.300750 -0.163004 0.788124
v 0.308092 -0.161972 0.791267
v 0.308092 -0.161972 0.791267
v 0.306968 -0.162602 0.794579
v 0.306968 -0.162602 0.794579
v 0.296253 -0.163948 0.801458
v 0.296253 -0.163948 0.801458
v 0.294070 -0.164582 0.807765
v 0.294070 -0.164582 0.807765
v 0.352826 -0.165014 0.742588
v 0.352826 -0.165014 0.742588
v 0.338136 -0.169893 0.729193
v 0.338136 -0.169893 0.729193
v 0.321179 -0.177222 0.709100
v 0.321179 -0.177222 0.709100
v 0.299143 -0.179350 0.720764
v 0.299143 -0.179350 0.720764
v 0.273122 -0.184791 0.728591
v 0.273122 -0.184791 0.728591
v 0.285937 -0.177719 0.735665
v 0.285937 -0.177719 0.735665
v 0.292579 -0.174301 0.736643
v 0.292579 -0.174301 0.736643
v 0.298049 -0.173684 0.733181
v 0.298049 -0.173684 0.733181
v 0.302268 -0.174473 0.734009
v 0.302268 -0.174473 0.734009
v 0.301643 -0.171428 0.746577
v 0.301643 -0.171428 0.746577
v 0.308598 -0.167097 0.760724
v 0.308598 -0.167097 0.760724
v 0.308598 -0.167097 0.760724
v 0.324305 -0.167864 0.750866
v 0.324305 -0.167864 0.750866
v 0.137098 -0.196340 0.796717
v 0.137098 -0.196340 0.796717
v 0.137098 -0.196340 0.796717
v 0.115381 -0.202572 0.784364
v 0.115381 -0.202572 0.784364
v 0.138448 -0.202870 0.775694
v 0.138448 -0.202870 0.775694
v 0.142161 -0.196383 0.794008
v 0.142161 -0.196383 0.794008
v 0.163144 -0.218438 0.692217
v 0.163144 -0.218438 0.692217
v 0.155157 -0.222208 0.678412
v 0.155157 -0.222208 0.678412
v 0.155157 -0.222208 0.678412
v 0.166500 -0.221039 0.680054
v 0.166500 -0.221039 0.680054
v 0.170243 -0.217113 0.689333
v 0.170243 -0.217113 0.689333
v 0.248879 -0.176940 0.907957
v 0.248879 -0.176940 0.907957
v 0.124347 -0.197072 0.906789
v 0.124347 -0.197072 0.906789
v 0.354827 -0.156929 0.909416
v 0.354827 -0.156929 0.909416
v 0.354827 -0.156929 0.909416
v 0.038715 -0.227793 0.618238
v 0.026418 -0.204266 0.745531
v 0.178141 -0.193444 0.698826
v 0.029284 -0.201116 0.755324
v 0.072283 -0.224447 0.617680
v 0.089066 -0.219207 0.646106
v 0.081813 -0.217785 0.664421
v 0.120469 -0.210626 0.680280
v 0.122981 -0.213361 0.657701
v 0.133587 -0.212550 0.644800
v 0.150891 -0.210180 0.641036
v 0.179022 -0.203189 0.651112
v 0.198017 -0.190120 0.676125
v 0.209258 -0.186361 0.679858
v 0.222244 -0.181363 0.676312
v 0.230191 -0.178099 0.680791
v 0.229028 -0.174655 0.688258
v 0.209065 -0.174825 0.696471
v 0.194722 -0.185517 0.699831
v 0.194334 -0.188624 0.704497
v 0.194334 -0.188624 0.704497
v 0.194334 -0.188624 0.704497
v 0.194334 -0.188624 0.704497
v 0.229609 -0.178061 0.710844
v 0.276127 -0.166023 0.706177
v 0.286205 -0.164154 0.699457
v 0.286981 -0.168860 0.684338
v 0.295703 -0.166813 0.677618
v 0.314309 -0.161625 0.678551
v 0.325745 -0.156686 0.690871
v 0.340669 -0.158025 0.681538
v 0.347065 -0.154403 0.683218
v 0.353461 -0.149187 0.697031
v 0.356368 -0.146283 0.703937
v 0.365866 -0.145619 0.708417
v 0.383739 -0.142316 0.726850
v 0.412005 -0.139914 0.734472
v 0.438494 -0.140571 0.733383
v 0.450931 -0.142974 0.724205
v 0.451900 -0.145594 0.706939
v 0.439947 -0.140857 0.716739
v 0.434295 -0.139380 0.700250
v 0.454969 -0.147769 0.690295
v 0.460783 -0.148956 0.681274
v 0.493733 -0.155368 0.676140
v 0.493733 -0.155368 0.676140
v 0.494864 -0.144124 0.726072
v 0.490180 -0.134572 0.774448
v 0.496641 -0.129682 0.833868
v 0.494865 -0.131602 0.907403
v 0.037385 -0.211447 0.726396
v 0.050987 -0.214783 0.696373
v 0.050987 -0.214783 0.696373
v 0.028321 -0.217271 0.694723
v 0.031047 -0.215143 0.682796
v 0.053869 -0.216989 0.689697
v 0.044629 -0.211535 0.713343
v 0.052808 -0.211124 0.710568
v 0.064414 -0.208809 0.716044
v 0.077188 -0.205994 0.713643
v 0.082796 -0.205004 0.707567
v 0.098530 -0.203717 0.706892
v 0.117069 -0.198345 0.715669
v 0.125714 -0.193128 0.728721
v 0.125325 -0.188883 0.744324
v 0.112941 -0.187483 0.756327
v 0.089806 -0.189342 0.760602
v 0.070022 -0.193202 0.756777
v 0.070022 -0.193202 0.756777
v 0.065115 -0.198072 0.751450
v 0.072125 -0.201006 0.745599
v 0.073371 -0.205148 0.739148
v 0.069477 -0.208441 0.732247
v 0.058338 -0.210949 0.726771
v 0.054437 -0.190843 0.775671
v 0.044501 -0.192179 0.779484
v 0.044501 -0.192179 0.779484
v 0.043453 -0.192895 0.770318
v 0.010839 -0.199507 0.756783
v -0.000948 -0.198201 0.762206
v -0.000948 -0.198201 0.762206
v 0.024564 -0.196982 0.770516
v 0.028459 -0.196227 0.773830
v 0.025218 -0.192506 0.785471
v 0.007497 -0.188748 0.806975
v 0.013814 -0.195214 0.776802
v 0.001927 -0.194008 0.773994
v 0.027099 -0.185783 0.847368
v 0.019180 -0.187073 0.833741
v 0.023724 -0.188869 0.815174
v 0.040081 -0.189383 0.804922
v 0.059294 -0.188710 0.803234
v 0.072082 -0.186564 0.809235
v 0.083895 -0.185701 0.805797
v 0.092723 -0.183417 0.806484
v 0.098370 -0.183426 0.800671
v 0.103953 -0.183081 0.801733
v 0.109794 -0.182004 0.808422
v 0.108886 -0.181664 0.817299
v 0.106355 -0.181427 0.822800
v 0.109405 -0.180740 0.826801
v 0.103888 -0.181311 0.830489
v 0.101681 -0.179102 0.838803
v 0.083246 -0.179119 0.848180
v 0.072277 -0.180115 0.861307
v 0.072277 -0.180115 0.861307
v 0.056308 -0.182737 0.855431
v 0.041634 -0.183219 0.854850
v 0.142133 -0.174716 0.843558
v 0.150355 -0.169614 0.827880
v 0.156252 -0.167391 0.827098
v 0.167016 -0.166659 0.835277
v 0.186489 -0.164161 0.845019
v 0.188437 -0.164551 0.847363
v 0.181837 -0.166381 0.853094
v 0.166854 -0.167973 0.847051
v 0.152195 -0.169549 0.853510
v 0.152195 -0.169549 0.853510
v 0.141863 -0.174559 0.848405
v 0.238936 -0.150852 0.848283
v 0.265743 -0.147548 0.840073
v 0.300851 -0.141439 0.825058
v 0.328615 -0.138924 0.815864
v 0.341402 -0.138198 0.814244
v 0.352394 -0.136194 0.816297
v 0.364489 -0.136574 0.820985
v 0.370348 -0.136902 0.815009
v 0.378326 -0.138157 0.818569
v 0.384940 -0.137722 0.827623
v 0.382863 -0.131836 0.831436
v 0.375528 -0.132067 0.838875
v 0.360663 -0.132185 0.844939
v 0.353718 -0.132521 0.840875
v 0.344306 -0.135268 0.839000
v 0.337490 -0.135116 0.842876
v 0.333661 -0.131979 0.850190
v 0.322366 -0.135278 0.850190
v 0.307696 -0.137498 0.855566
v 0.297570 -0.140041 0.864943
v 0.297570 -0.140041 0.864943
v 0.283355 -0.143597 0.859567
v 0.263947 -0.148871 0.858703
v 0.253431 -0.149490 0.859129
v 0.244799 -0.151045 0.856129
v 0.220357 -0.158316 0.823994
v 0.197604 -0.163382 0.823582
v 0.178987 -0.168396 0.812336
v 0.178161 -0.170755 0.807191
v 0.189342 -0.170472 0.803850
v 0.197052 -0.169225 0.792233
v 0.213190 -0.165852 0.796476
v 0.215558 -0.163764 0.799871
v 0.226078 -0.159872 0.803160
v 0.233404 -0.156961 0.812177
v 0.228392 -0.157007 0.821513
v 0.228392 -0.157007 0.821513
v 0.177994 -0.176227 0.768563
v 0.168401 -0.176845 0.764383
v 0.172056 -0.180876 0.753494
v 0.170913 -0.181921 0.750855
v 0.156752 -0.184937 0.747665
v 0.158350 -0.189360 0.737326
v 0.158465 -0.196120 0.714998
v 0.168858 -0.194284 0.714888
v 0.198895 -0.184999 0.723467
v 0.230416 -0.176327 0.727317
v 0.235783 -0.171187 0.734356
v 0.249831 -0.165329 0.741945
v 0.253163 -0.162686 0.748077
v 0.251430 -0.162665 0.754374
v 0.253676 -0.158635 0.761655
v 0.250424 -0.158882 0.770210
v 0.255262 -0.153783 0.780368
v 0.253518 -0.156364 0.791443
v 0.253518 -0.156364 0.791443
v 0.244079 -0.156809 0.790374
v 0.230676 -0.161809 0.777007
v 0.211086 -0.167807 0.771355
v 0.193558 -0.171219 0.773285
v 0.175713 -0.174960 0.776625
v 0.175396 -0.175982 0.772348
v 0.300385 -0.143227 0.802878
v 0.324196 -0.140276 0.794045
v 0.352969 -0.139950 0.789141
v 0.352969 -0.139950 0.789141
v 0.385378 -0.139427 0.790797
v 0.389678 -0.136052 0.784045
v 0.388751 -0.133176 0.774809
v 0.376978 -0.135275 0.764426
v 0.357863 -0.137839 0.758756
v 0.332398 -0.141536 0.762069
v 0.334382 -0.142031 0.768375
v 0.331472 -0.141476 0.776146
v 0.322080 -0.142142 0.780860
v 0.309579 -0.144240 0.779395
v 0.302700 -0.142646 0.776592
v 0.296880 -0.144743 0.781497
v 0.297674 -0.143398 0.785234
v 0.305016 -0.142366 0.788377
v 0.303891 -0.142996 0.791689
v 0.293176 -0.144342 0.798568
v 0.290993 -0.144976 0.804875
v 0.349750 -0.145407 0.739698
v 0.335059 -0.150287 0.726303
v 0.318102 -0.157616 0.706210
v 0.296066 -0.159743 0.717874
v 0.270045 -0.165185 0.725701
v 0.282860 -0.158112 0.732775
v 0.289502 -0.154694 0.733753
v 0.294972 -0.154077 0.730291
v 0.299192 -0.154866 0.731119
v 0.298567 -0.151821 0.743687
v 0.305521 -0.147491 0.757834
v 0.305521 -0.147491 0.757834
v 0.321228 -0.148258 0.747976
v 0.134021 -0.176734 0.793827
v 0.134021 -0.176734 0.793827
v 0.112304 -0.182966 0.781474
v 0.135371 -0.183264 0.772804
v 0.139084 -0.176777 0.791118
v 0.160067 -0.198832 0.689327
v 0.152080 -0.202602 0.675522
v 0.152080 -0.202602 0.675522
v 0.163424 -0.201432 0.677164
v 0.167166 -0.197507 0.686443
v 0.245802 -0.159807 0.905067
v 0.121270 -0.173910 0.903899
v 0.370334 -0.145705 0.906235
v 0.370334 -0.145705 0.906235
v -0.111841 -0.280602 0.903262
v -0.111841 -0.280602 0.903262
v -0.396444 -0.219022 0.903262
v -0.396444 -0.219022 0.903262
v -0.282541 0.291404 0.903262
v -0.282541 0.291404 0.903262
v -0.286098 -0.235332 0.903262
v -0.286098 -0.235332 0.903262
v -0.496304 -0.227343 0.903262
v -0.496304 -0.227343 0.903262
v -0.533856 0.293068 0.903262
v -0.533856 0.293068 0.903262
v -0.541380 -0.237745 0.903262
v -0.541380 -0.237745 0.903262
v -0.594136 -0.228581 0.903262
v -0.594136 -0.228581 0.903262
v -0.601184 -0.069068 0.903262
v -0.601184 -0.069068 0.903262
v -0.627793 -0.202015 0.903262
v -0.627793 -0.202015 0.903262
v -0.637282 -0.141550 0.903262
v -0.637282 -0.141550 0.903262
v -0.641368 -0.173907 0.903262
v -0.641368 -0.173907 0.903262
v -0.599866 -0.013698 0.903262
v -0.599866 -0.013698 0.903262
v -0.680207 0.127894 0.903262
v -0.680207 0.127894 0.903262
v -0.620773 0.055493 0.903262
v -0.620773 0.055493 0.903262
v -0.744991 0.174879 0.903262
v -0.744991 0.174879 0.903262
v -0.763337 0.211414 0.903262
v -0.763337 0.211414 0.903262
v -0.704621 0.287873 0.903262
v -0.704621 0.287873 0.903262
v -0.749363 0.261014 0.903262
v -0.749363 0.261014 0.903262
v -0.749363 0.261014 0.914613
v -0.704621 0.287873 0.914613
v -0.763337 0.211414 0.914613
v -0.744991 0.174879 0.914613
v -0.620773 0.055493 0.914613
v -0.680207 0.127894 0.914613
v -0.599866 -0.013698 0.914613
v -0.641368 -0.173907 0.914613
v -0.637282 -0.141550 0.914613
v -0.627793 -0.202015 0.914613
v -0.601184 -0.069068 0.914613
v -0.594136 -0.228581 0.914613
v -0.541380 -0.237745 0.914613
v -0.533856 0.293068 0.914613
v -0.496304 -0.227343 0.914613
v -0.286098 -0.235332 0.914613
v -0.282541 0.291404 0.914613
v -0.396444 -0.219022 0.914613
v -0.111841 -0.280602 0.914613
v -0.746824 0.259074 0.923464
v -0.703739 0.284938 0.923464
v -0.760166 0.211717 0.923464
v -0.742662 0.176858 0.923464
v -0.618102 0.056919 0.923464
v -0.678154 0.130074 0.923464
v -0.596886 -0.013294 0.923464
v -0.638344 -0.173340 0.923464
v -0.634376 -0.142397 0.923464
v -0.625417 -0.200108 0.923464
v -0.598231 -0.069819 0.923464
v -0.592887 -0.225784 0.923464
v -0.541463 -0.234717 0.923464
v -0.533856 0.290098 0.923464
v -0.496764 -0.224402 0.923464
v -0.285506 -0.232418 0.923464
v -0.282542 0.288434 0.923464
v -0.396348 -0.216034 0.923464
v -0.111281 -0.277680 0.923464
v -0.741747 0.255195 0.928222
v -0.701975 0.279070 0.928222
v -0.753825 0.212324 0.928222
v -0.738004 0.180816 0.928222
v -0.612760 0.059771 0.928222
v -0.674048 0.134433 0.928222
v -0.590926 -0.012485 0.928222
v -0.632297 -0.172206 0.928222
v -0.628562 -0.144090 0.928222
v -0.620663 -0.196294 0.928222
v -0.592326 -0.071321 0.928222
v -0.590388 -0.220190 0.928222
v -0.541629 -0.228660 0.928222
v -0.533855 0.284158 0.928222
v -0.497683 -0.218519 0.928222
v -0.284321 -0.226589 0.928222
v -0.282546 0.282495 0.928222
v -0.396158 -0.210058 0.928222
v -0.110159 -0.271835 0.928222
v -0.731592 0.247437 0.928222
v -0.698449 0.267333 0.928222
v -0.741143 0.213537 0.928222
v -0.728688 0.188733 0.928222
v -0.602075 0.065476 0.928222
v -0.665837 0.143151 0.928222
v -0.579006 -0.010868 0.928222
v -0.620201 -0.169938 0.928222
v -0.616935 -0.147476 0.928222
v -0.611157 -0.188665 0.928222
v -0.580516 -0.074326 0.928222
v -0.585391 -0.209002 0.928222
v -0.541961 -0.216547 0.928222
v -0.533854 0.272279 0.928222
v -0.499521 -0.206753 0.928222
v -0.281953 -0.214932 0.928222
v -0.282552 0.270617 0.928222
v -0.395778 -0.198107 0.928222
v -0.107917 -0.260145 0.928222
v -0.731592 0.247437 0.930063
v -0.698449 0.267333 0.930063
v -0.741143 0.213537 0.930063
v -0.728688 0.188733 0.930063
v -0.602075 0.065476 0.930063
v -0.665837 0.143151 0.930063
v -0.579006 -0.010868 0.930063
v -0.620201 -0.169938 0.930063
v -0.616935 -0.147476 0.930063
v -0.611157 -0.188665 0.930063
v -0.580516 -0.074326 0.930063
v -0.585391 -0.209002 0.930063
v -0.541961 -0.216547 0.930063
v -0.533854 0.272279 0.930063
v -0.499521 -0.206753 0.930063
v -0.281953 -0.214932 0.930063
v -0.282552 0.270617 0.930063
v -0.395778 -0.198107 0.930063
v -0.107917 -0.260145 0.930063
v -0.716360 0.235800 0.931621
v -0.693158 0.249728 0.931621
v -0.722120 0.215357 0.931621
v -0.714713 0.200607 0.931621
v -0.586048 0.074033 0.931621
v -0.653521 0.156228 0.931621
v -0.561127 -0.008443 0.931621
v -0.602058 -0.166536 0.931621
v -0.599495 -0.152556 0.931621
v -0.596898 -0.177221 0.931621
v -0.562801 -0.078832 0.931621
v -0.577895 -0.192221 0.931621
v -0.542459 -0.198376 0.931621
v -0.533852 0.254460 0.931621
v -0.502278 -0.189104 0.931621
v -0.278400 -0.197447 0.931621
v -0.282562 0.252800 0.931621
v -0.395208 -0.180181 0.931621
v -0.104554 -0.242610 0.931621
v -0.708744 0.229982 0.940503
v -0.690513 0.240926 0.940503
v -0.712608 0.216267 0.940503
v -0.707726 0.206545 0.940503
v -0.578034 0.078311 0.940503
v -0.647363 0.162766 0.940503
v -0.552187 -0.007230 0.940503
v -0.592987 -0.164835 0.940503
v -0.590775 -0.155096 0.940503
v -0.589389 -0.173034 0.940503
v -0.553944 -0.081086 0.940503
v -0.573788 -0.185663 0.940503
v -0.542708 -0.189291 0.940503
v -0.533851 0.245551 0.940503
v -0.503657 -0.180279 0.940503
v -0.276623 -0.188704 0.940503
v -0.282566 0.243891 0.940503
v -0.394923 -0.171218 0.940503
v -0.102872 -0.233843 0.940503
v -0.706205 0.228042 0.949071
v -0.706205 0.228042 0.949071
v -0.689632 0.237992 0.949071
v -0.689632 0.237992 0.949071
v -0.709437 0.216570 0.949071
v -0.709437 0.216570 0.949071
v -0.705397 0.208524 0.949071
v -0.705397 0.208524 0.949071
v -0.575363 0.079737 0.949071
v -0.575363 0.079737 0.949071
v -0.645310 0.164946 0.949071
v -0.645310 0.164946 0.949071
v -0.549207 -0.006826 0.949071
v -0.549207 -0.006826 0.949071
v -0.589963 -0.164268 0.949071
v -0.589963 -0.164268 0.949071
v -0.587868 -0.155942 0.949071
v -0.587868 -0.155942 0.949071
v -0.587013 -0.171127 0.949071
v -0.587013 -0.171127 0.949071
v -0.550991 -0.081837 0.949071
v -0.550991 -0.081837 0.949071
v -0.572539 -0.182866 0.949071
v -0.572539 -0.182866 0.949071
v -0.542791 -0.186263 0.949071
v -0.542791 -0.186263 0.949071
v -0.533851 0.242581 0.949071
v -0.533851 0.242581 0.949071
v -0.504116 -0.177338 0.949071
v -0.504116 -0.177338 0.949071
v -0.276031 -0.185790 0.949071
v -0.276031 -0.185790 0.949071
v -0.282568 0.240922 0.949071
v -0.282568 0.240922 0.949071
v -0.394828 -0.168230 0.949071
v -0.394828 -0.168230 0.949071
v -0.102312 -0.230921 0.949071
v -0.102312 -0.230921 0.949071
v -0.056046 -0.290824 0.903262
v -0.056046 -0.290824 0.903262
v -0.056046 -0.290824 0.914613
v -0.055766 -0.287680 0.923464
v -0.055205 -0.281392 0.928222
v -0.054084 -0.268816 0.928222
v -0.054084 -0.268816 0.930063
v -0.052402 -0.249953 0.931621
v -0.051562 -0.240521 0.940503
v -0.051281 -0.237377 0.949071
v -0.051281 -0.237377 0.949071
v -0.200734 -0.254902 0.903262
v -0.200734 -0.254902 0.903262
v -0.200734 -0.254902 0.914613
v -0.200158 -0.251984 0.923464
v -0.199005 -0.246147 0.928222
v -0.196700 -0.234474 0.928222
v -0.196700 -0.234474 0.930063
v -0.193241 -0.216964 0.931621
v -0.191512 -0.208209 0.940503
v -0.190936 -0.205290 0.949071
v -0.190936 -0.205290 0.949071
v -0.446207 -0.220953 0.903262
v -0.446207 -0.220953 0.903262
v -0.446207 -0.220953 0.914613
v -0.446389 -0.217989 0.923464
v -0.446753 -0.212060 0.928222
v -0.447482 -0.200201 0.928222
v -0.447482 -0.200201 0.930063
v -0.448576 -0.182413 0.931621
v -0.449122 -0.173520 0.940503
v -0.449305 -0.170555 0.949071
v -0.449305 -0.170555 0.949071
v -0.612889 -0.094904 0.903262
v -0.612889 -0.094904 0.903262
v -0.612889 -0.094904 0.914613
v -0.610089 -0.096066 0.923464
v -0.604490 -0.098390 0.928222
v -0.593290 -0.103037 0.928222
v -0.593290 -0.103037 0.930063
v -0.576490 -0.110007 0.931621
v -0.568090 -0.113492 0.940503
v -0.565290 -0.114654 0.949071
v -0.565290 -0.114654 0.949071
v -0.597971 -0.040361 0.903262
v -0.597971 -0.040361 0.903262
v -0.597971 -0.040361 0.914613
v -0.595005 -0.040535 0.923464
v -0.589072 -0.040882 0.928222
v -0.577207 -0.041575 0.928222
v -0.577207 -0.041575 0.930063
v -0.559410 -0.042616 0.931621
v -0.550511 -0.043136 0.940503
v -0.547545 -0.043310 0.949071
v -0.547545 -0.043310 0.949071
v -0.606930 0.021501 0.903262
v -0.606930 0.021501 0.903262
v -0.606930 0.021501 0.914613
v -0.604104 0.022416 0.923464
v -0.598453 0.024247 0.928222
v -0.587151 0.027907 0.928222
v -0.587151 0.027907 0.930063
v -0.570197 0.033399 0.931621
v -0.561721 0.036144 0.940503
v -0.558895 0.037059 0.949071
v -0.558895 0.037059 0.949071
v -0.640843 0.084399 0.903262
v -0.640843 0.084399 0.903262
v -0.640843 0.084399 0.914613
v -0.638407 0.086113 0.923464
v -0.633536 0.089539 0.928222
v -0.623795 0.096392 0.928222
v -0.623795 0.096392 0.930063
v -0.609182 0.106672 0.931621
v -0.601875 0.111812 0.940503
v -0.599440 0.113525 0.949071
v -0.599440 0.113525 0.949071
v -0.659550 0.107122 0.903262
v -0.659550 0.107122 0.903262
v -0.659550 0.107122 0.914613
v -0.657305 0.109068 0.923464
v -0.652817 0.112961 0.928222
v -0.643841 0.120747 0.928222
v -0.643841 0.120747 0.930063
v -0.630376 0.132425 0.931621
v -0.623644 0.138264 0.940503
v -0.621400 0.140211 0.949071
v -0.621400 0.140211 0.949071
v -0.711299 0.152873 0.903262
v -0.711299 0.152873 0.903262
v -0.711299 0.152873 0.914613
v -0.709108 0.154952 0.923464
v -0.704726 0.159111 0.928222
v -0.695962 0.167428 0.928222
v -0.695962 0.167428 0.930063
v -0.682817 0.179904 0.931621
v -0.676244 0.186141 0.940503
v -0.674053 0.188221 0.949071
v -0.674053 0.188221 0.949071
v -0.625881 -0.119125 0.903262
v -0.625881 -0.119125 0.903262
v -0.625881 -0.119125 0.914613
v -0.623024 -0.120120 0.923464
v -0.617311 -0.122109 0.928222
v -0.605885 -0.126088 0.928222
v -0.605885 -0.126088 0.930063
v -0.588745 -0.132056 0.931621
v -0.580176 -0.135040 0.940503
v -0.577319 -0.136035 0.949071
v -0.577319 -0.136035 0.949071
v -0.568176 -0.236476 0.903262
v -0.568176 -0.236476 0.903262
v -0.568176 -0.236476 0.914613
v -0.567593 -0.233563 0.923464
v -0.566426 -0.227738 0.928222
v -0.564094 -0.216087 0.928222
v -0.564094 -0.216087 0.930063
v -0.560595 -0.198611 0.931621
v -0.558845 -0.189873 0.940503
v -0.558262 -0.186960 0.949071
v -0.558262 -0.186960 0.949071
v -0.612079 -0.216970 0.903262
v -0.612079 -0.216970 0.903262
v -0.612079 -0.216970 0.914613
v -0.610266 -0.214618 0.923464
v -0.606640 -0.209914 0.928222
v -0.599388 -0.200505 0.928222
v -0.599388 -0.200505 0.930063
v -0.588511 -0.186393 0.931621
v -0.583410 -0.179914 0.940503
v -0.581597 -0.177562 0.949071
v -0.581597 -0.177562 0.949071
v -0.758904 0.238033 0.903262
v -0.758904 0.238033 0.903262
v -0.758904 0.238033 0.914613
v -0.756049 0.237215 0.923464
v -0.750340 0.235579 0.928222
v -0.738922 0.232306 0.928222
v -0.738922 0.232306 0.930063
v -0.721794 0.227397 0.931621
v -0.713230 0.224943 0.940503
v -0.710375 0.224125 0.949071
v -0.710375 0.224125 0.949071
v -0.756911 0.192295 0.903262
v -0.756911 0.192295 0.903262
v -0.756911 0.192295 0.914613
v -0.754162 0.193436 0.923464
v -0.748662 0.195719 0.928222
v -0.737663 0.200284 0.928222
v -0.737663 0.200284 0.930063
v -0.721164 0.207131 0.931621
v -0.711366 0.211376 0.940503
v -0.708616 0.212517 0.949071
v -0.708616 0.212517 0.949071
v 0.111841 -0.280602 0.903262
v 0.111841 -0.280602 0.903262
v 0.000000 -0.294638 0.903262
v 0.000000 -0.294638 0.903262
v 0.396444 -0.219022 0.903262
v 0.396444 -0.219022 0.903262
v 0.282541 0.291404 0.903262
v 0.282541 0.291404 0.903262
v 0.286098 -0.235332 0.903262
v 0.286098 -0.235332 0.903262
v 0.496304 -0.227343 0.903262
v 0.496304 -0.227343 0.903262
v 0.533856 0.293068 0.903262
v 0.533856 0.293068 0.903262
v 0.541380 -0.237745 0.903262
v 0.541380 -0.237745 0.903262
v 0.594136 -0.228581 0.903262
v 0.594136 -0.228581 0.903262
v 0.601184 -0.069068 0.903262
v 0.601184 -0.069068 0.903262
v 0.627793 -0.202015 0.903262
v 0.627793 -0.202015 0.903262
v 0.637282 -0.141550 0.903262
v 0.637282 -0.141550 0.903262
v 0.641368 -0.173907 0.903262
v 0.641368 -0.173907 0.903262
v 0.599866 -0.013698 0.903262
v 0.599866 -0.013698 0.903262
v 0.680207 0.127894 0.903262
v 0.680207 0.127894 0.903262
v 0.620773 0.055493 0.903262
v 0.620773 0.055493 0.903262
v 0.744991 0.174879 0.903262
v 0.744991 0.174879 0.903262
v 0.763337 0.211414 0.903262
v 0.763337 0.211414 0.903262
v 0.704621 0.287873 0.903262
v 0.704621 0.287873 0.903262
v 0.749363 0.261014 0.903262
v 0.749363 0.261014 0.903262
v 0.749363 0.261014 0.914613
v 0.704621 0.287873 0.914613
v 0.763337 0.211414 0.914613
v 0.744991 0.174879 0.914613
v 0.620773 0.055493 0.914613
v 0.680207 0.127894 0.914613
v 0.599866 -0.013698 0.914613
v 0.641368 -0.173907 0.914613
v 0.637282 -0.141550 0.914613
v 0.627793 -0.202015 0.914613
v 0.601184 -0.069068 0.914613
v 0.594136 -0.228581 0.914613
v 0.541380 -0.237745 0.914613
v 0.533856 0.293068 0.914613
v 0.496304 -0.227343 0.914613
v 0.286098 -0.235332 0.914613
v 0.282541 0.291404 0.914613
v 0.396444 -0.219022 0.914613
v 0.000000 -0.294638 0.914613
v 0.111841 -0.280602 0.914613
v 0.746824 0.259074 0.923464
v 0.703739 0.284938 0.923464
v 0.760166 0.211717 0.923464
v 0.742662 0.176858 0.923464
v 0.618102 0.056919 0.923464
v 0.678154 0.130074 0.923464
v 0.596886 -0.013294 0.923464
v 0.638344 -0.173340 0.923464
v 0.634376 -0.142397 0.923464
v 0.625417 -0.200108 0.923464
v 0.598231 -0.069819 0.923464
v 0.592887 -0.225784 0.923464
v 0.541463 -0.234717 0.923464
v 0.533856 0.290098 0.923464
v 0.496764 -0.224402 0.923464
v 0.285506 -0.232418 0.923464
v 0.282542 0.288434 0.923464
v 0.396348 -0.216034 0.923464
v 0.000000 -0.291272 0.923464
v 0.111281 -0.277680 0.923464
v 0.741747 0.255195 0.928222
v 0.701975 0.279070 0.928222
v 0.753825 0.212324 0.928222
v 0.738004 0.180816 0.928222
v 0.612760 0.059771 0.928222
v 0.674048 0.134433 0.928222
v 0.590926 -0.012485 0.928222
v 0.632297 -0.172206 0.928222
v 0.628562 -0.144090 0.928222
v 0.620663 -0.196294 0.928222
v 0.592326 -0.071321 0.928222
v 0.590388 -0.220190 0.928222
v 0.541629 -0.228660 0.928222
v 0.533855 0.284158 0.928222
v 0.497683 -0.218519 0.928222
v 0.284321 -0.226589 0.928222
v 0.282546 0.282495 0.928222
v 0.396158 -0.210058 0.928222
v 0.000000 -0.284541 0.928222
v 0.110159 -0.271835 0.928222
v 0.731592 0.247437 0.928222
v 0.698449 0.267333 0.928222
v 0.741143 0.213537 0.928222
v 0.728688 0.188733 0.928222
v 0.602075 0.065476 0.928222
v 0.665837 0.143151 0.928222
v 0.579006 -0.010868 0.928222
v 0.620201 -0.169938 0.928222
v 0.616935 -0.147476 0.928222
v 0.611157 -0.188665 0.928222
v 0.580516 -0.074326 0.928222
v 0.585391 -0.209002 0.928222
v 0.541961 -0.216547 0.928222
v 0.533854 0.272279 0.928222
v 0.499521 -0.206753 0.928222
v 0.281953 -0.214932 0.928222
v 0.282552 0.270617 0.928222
v 0.395778 -0.198107 0.928222
v 0.000000 -0.271080 0.928222
v 0.107917 -0.260145 0.928222
v 0.731592 0.247437 0.930063
v 0.698449 0.267333 0.930063
v 0.741143 0.213537 0.930063
v 0.728688 0.188733 0.930063
v 0.602075 0.065476 0.930063
v 0.665837 0.143151 0.930063
v 0.579006 -0.010868 0.930063
v 0.620201 -0.169938 0.930063
v 0.616935 -0.147476 0.930063
v 0.611157 -0.188665 0.930063
v 0.580516 -0.074326 0.930063
v 0.585391 -0.209002 0.930063
v 0.541961 -0.216547 0.930063
v 0.533854 0.272279 0.930063
v 0.499521 -0.206753 0.930063
v 0.281953 -0.214932 0.930063
v 0.282552 0.270617 0.930063
v 0.395778 -0.198107 0.930063
v 0.000000 -0.271080 0.930063
v 0.107917 -0.260145 0.930063
v 0.716360 0.235800 0.931621
v 0.693158 0.249728 0.931621
v 0.722120 0.215357 0.931621
v 0.714713 0.200607 0.931621
v 0.586048 0.074033 0.931621
v 0.653521 0.156228 0.931621
v 0.561127 -0.008443 0.931621
v 0.602058 -0.166536 0.931621
v 0.599495 -0.152556 0.931621
v 0.596898 -0.177221 0.931621
v 0.562801 -0.078832 0.931621
v 0.577895 -0.192221 0.931621
v 0.542459 -0.198376 0.931621
v 0.533852 0.254460 0.931621
v 0.502278 -0.189104 0.931621
v 0.278400 -0.197447 0.931621
v 0.282562 0.252800 0.931621
v 0.395208 -0.180181 0.931621
v 0.000000 -0.250887 0.931621
v 0.104554 -0.242610 0.931621
v 0.708744 0.229982 0.940503
v 0.690513 0.240926 0.940503
v 0.712608 0.216267 0.940503
v 0.707726 0.206545 0.940503
v 0.578034 0.078311 0.940503
v 0.647363 0.162766 0.940503
v 0.552187 -0.007230 0.940503
v 0.592987 -0.164835 0.940503
v 0.590775 -0.155096 0.940503
v 0.589389 -0.173034 0.940503
v 0.553944 -0.081086 0.940503
v 0.573788 -0.185663 0.940503
v 0.542708 -0.189291 0.940503
v 0.533851 0.245551 0.940503
v 0.503657 -0.180279 0.940503
v 0.276623 -0.188704 0.940503
v 0.282566 0.243891 0.940503
v 0.394923 -0.171218 0.940503
v 0.000000 -0.240790 0.940503
v 0.102872 -0.233843 0.940503
v 0.706205 0.228042 0.949071
v 0.706205 0.228042 0.949071
v 0.689632 0.237992 0.949071
v 0.689632 0.237992 0.949071
v 0.709437 0.216570 0.949071
v 0.709437 0.216570 0.949071
v 0.705397 0.208524 0.949071
v 0.705397 0.208524 0.949071
v 0.575363 0.079737 0.949071
v 0.575363 0.079737 0.949071
v 0.645310 0.164946 0.949071
v 0.645310 0.164946 0.949071
v 0.549207 -0.006826 0.949071
v 0.549207 -0.006826 0.949071
v 0.589963 -0.164268 0.949071
v 0.589963 -0.164268 0.949071
v 0.587868 -0.155942 0.949071
v 0.587868 -0.155942 0.949071
v 0.587013 -0.171127 0.949071
v 0.587013 -0.171127 0.949071
v 0.550991 -0.081837 0.949071
v 0.550991 -0.081837 0.949071
v 0.572539 -0.182866 0.949071
v 0.572539 -0.182866 0.949071
v 0.542791 -0.186263 0.949071
v 0.542791 -0.186263 0.949071
v 0.533851 0.242581 0.949071
v 0.533851 0.242581 0.949071
v 0.504116 -0.177338 0.949071
v 0.504116 -0.177338 0.949071
v 0.276031 -0.185790 0.949071
v 0.276031 -0.185790 0.949071
v 0.282568 0.240922 0.949071
v 0.282568 0.240922 0.949071
v 0.394828 -0.168230 0.949071
v 0.394828 -0.168230 0.949071
v 0.000000 -0.237425 0.949071
v 0.000000 -0.237425 0.949071
v 0.102312 -0.230921 0.949071
v 0.102312 -0.230921 0.949071
v 0.056046 -0.290824 0.903262
v 0.056046 -0.290824 0.903262
v 0.056046 -0.290824 0.914613
v 0.055766 -0.287680 0.923464
v 0.055205 -0.281392 0.928222
v 0.054084 -0.268816 0.928222
v 0.054084 -0.268816 0.930063
v 0.052402 -0.249953 0.931621
v 0.051562 -0.240521 0.940503
v 0.051281 -0.237377 0.949071
v 0.051281 -0.237377 0.949071
v 0.200734 -0.254902 0.903262
v 0.200734 -0.254902 0.903262
v 0.200734 -0.254902 0.914613
v 0.200158 -0.251984 0.923464
v 0.199005 -0.246147 0.928222
v 0.196700 -0.234474 0.928222
v 0.196700 -0.234474 0.930063
v 0.193241 -0.216964 0.931621
v 0.191512 -0.208209 0.940503
v 0.190936 -0.205290 0.949071
v 0.190936 -0.205290 0.949071
v 0.446207 -0.220953 0.903262
v 0.446207 -0.220953 0.903262
v 0.446207 -0.220953 0.914613
v 0.446389 -0.217989 0.923464
v 0.446753 -0.212060 0.928222
v 0.447482 -0.200201 0.928222
v 0.447482 -0.200201 0.930063
v 0.448576 -0.182413 0.931621
v 0.449122 -0.173520 0.940503
v 0.449305 -0.170555 0.949071
v 0.449305 -0.170555 0.949071
v 0.612889 -0.094904 0.903262
v 0.612889 -0.094904 0.903262
v 0.612889 -0.094904 0.914613
v 0.610089 -0.096066 0.923464
v 0.604490 -0.098390 0.928222
v 0.593290 -0.103037 0.928222
v 0.593290 -0.103037 0.930063
v 0.576490 -0.110007 0.931621
v 0.568090 -0.113492 0.940503
v 0.565290 -0.114654 0.949071
v 0.565290 -0.114654 0.949071
v 0.597971 -0.040361 0.903262
v 0.597971 -0.040361 0.903262
v 0.597971 -0.040361 0.914613
v 0.595005 -0.040535 0.923464
v 0.589072 -0.040882 0.928222
v 0.577207 -0.041575 0.928222
v 0.577207 -0.041575 0.930063
v 0.559410 -0.042616 0.931621
v 0.550511 -0.043136 0.940503
v 0.547545 -0.043310 0.949071
v 0.547545 -0.043310 0.949071
v 0.606930 0.021501 0.903262
v 0.606930 0.021501 0.903262
v 0.606930 0.021501 0.914613
v 0.604104 0.022416 0.923464
v 0.598453 0.024247 0.928222
v 0.587151 0.027907 0.928222
v 0.587151 0.027907 0.930063
v 0.570197 0.033399 0.931621
v 0.561721 0.036144 0.940503
v 0.558895 0.037059 0.949071
v 0.558895 0.037059 0.949071
v 0.640843 0.084399 0.903262
v 0.640843 0.084399 0.903262
v 0.640843 0.084399 0.914613
v 0.638407 0.086113 0.923464
v 0.633536 0.089539 0.928222
v 0.623795 0.096392 0.928222
v 0.623795 0.096392 0.930063
v 0.609182 0.106672 0.931621
v 0.601875 0.111812 0.940503
v 0.599440 0.113525 0.949071
v 0.599440 0.113525 0.949071
v 0.659550 0.107122 0.903262
v 0.659550 0.107122 0.903262
v 0.659550 0.107122 0.914613
v 0.657305 0.109068 0.923464
v 0.652817 0.112961 0.928222
v 0.643841 0.120747 0.928222
v 0.643841 0.120747 0.930063
v 0.630376 0.132425 0.931621
v 0.623644 0.138264 0.940503
v 0.621400 0.140211 0.949071
v 0.621400 0.140211 0.949071
v 0.711299 0.152873 0.903262
v 0.711299 0.152873 0.903262
v 0.711299 0.152873 0.914613
v 0.709108 0.154952 0.923464
v 0.704726 0.159111 0.928222
v 0.695962 0.167428 0.928222
v 0.695962 0.167428 0.930063
v 0.682817 0.179904 0.931621
v 0.676244 0.186141 0.940503
v 0.674053 0.188221 0.949071
v 0.674053 0.188221 0.949071
v 0.625881 -0.119125 0.903262
v 0.625881 -0.119125 0.903262
v 0.625881 -0.119125 0.914613
v 0.623024 -0.120120 0.923464
v 0.617311 -0.122109 0.928222
v 0.605885 -0.126088 0.928222
v 0.605885 -0.126088 0.930063
v 0.588745 -0.132056 0.931621
v 0.580176 -0.135040 0.940503
v 0.577319 -0.136035 0.949071
v 0.577319 -0.136035 0.949071
v 0.568176 -0.236476 0.903262
v 0.568176 -0.236476 0.903262
v 0.568176 -0.236476 0.914613
v 0.567593 -0.233563 0.923464
v 0.566426 -0.227738 0.928222
v 0.564094 -0.216087 0.928222
v 0.564094 -0.216087 0.930063
v 0.560595 -0.198611 0.931621
v 0.558845 -0.189873 0.940503
v 0.558262 -0.186960 0.949071
v 0.558262 -0.186960 0.949071
v 0.612079 -0.216970 0.903262
v 0.612079 -0.216970 0.903262
v 0.612079 -0.216970 0.914613
v 0.610266 -0.214618 0.923464
v 0.606640 -0.209914 0.928222
v 0.599388 -0.200505 0.928222
v 0.599388 -0.200505 0.930063
v 0.588511 -0.186393 0.931621
v 0.583410 -0.179914 0.940503
v 0.581597 -0.177562 0.949071
v 0.581597 -0.177562 0.949071
v 0.758904 0.238033 0.903262
v 0.758904 0.238033 0.903262
v 0.758904 0.238033 0.914613
v 0.756049 0.237215 0.923464
v 0.750340 0.235579 0.928222
v 0.738922 0.232306 0.928222
v 0.738922 0.232306 0.930063
v 0.721794 0.227397 0.931621
v 0.713230 0.224943 0.940503
v 0.710375 0.224125 0.949071
v 0.710375 0.224125 0.949071
v 0.756911 0.192295 0.903262
v 0.756911 0.192295 0.903262
v 0.756911 0.192295 0.914613
v 0.754162 0.193436 0.923464
v 0.748662 0.195719 0.928222
v 0.737663 0.200284 0.928222
v 0.737663 0.200284 0.930063
v 0.721164 0.207131 0.931621
v 0.711366 0.211376 0.940503
v 0.708616 0.212517 0.949071
v 0.708616 0.212517 0.949071
v -0.753531 0.247129 0.495340
v -0.735005 0.238872 0.445612
v -0.727691 0.235612 0.431544
v -0.715826 0.230324 0.413213
v -0.703566 0.224859 0.397769
v -0.630940 0.192489 0.315650
v -0.595800 0.176826 0.269442
v -0.582067 0.170706 0.247892
v -0.570470 0.165537 0.226341
v -0.560018 0.160878 0.204207
v -0.553762 0.158090 0.181988
v -0.551473 0.157070 0.163528
v -0.551931 0.157274 0.145904
v -0.553304 0.157886 0.133542
v -0.563299 0.162340 0.107147
v -0.570852 0.165707 0.097875
v -0.583364 0.171284 0.087936
v -0.605489 0.181145 0.068390
v -0.612050 0.184069 0.057448
v -0.613652 0.184784 0.047926
v -0.610829 0.183525 0.037568
v -0.604192 0.180567 0.029299
v -0.596562 0.177166 0.025791
v -0.581626 0.170509 0.025284
v -0.692109 0.198690 0.806570
v -0.688001 0.188098 0.786635
v -0.686819 0.193452 0.780996
v -0.711191 0.207826 0.728332
v -0.721706 0.216108 0.717878
v -0.726219 0.228280 0.710462
v -0.743489 0.228945 0.678581
v -0.763198 0.225663 0.642457
v -0.767460 0.209893 0.603838
v -0.767264 0.215359 0.597148
v -0.768320 0.206995 0.589369
v -0.762059 0.232553 0.524050
v -0.752368 0.225663 0.488509
v -0.734242 0.222580 0.447239
v -0.727538 0.191691 0.438943
v -0.724430 0.191702 0.432902
v -0.709083 0.201401 0.401979
v -0.632876 0.184043 0.316166
v -0.598340 0.170181 0.269442
v -0.585265 0.163726 0.247892
v -0.571758 0.159023 0.226341
v -0.561415 0.155920 0.204207
v -0.554633 0.153927 0.181988
v -0.552780 0.153291 0.163528
v -0.553447 0.153873 0.145904
v -0.554707 0.154738 0.133542
v -0.565208 0.157611 0.107147
v -0.572927 0.161051 0.097226
v -0.607864 0.151599 0.058607
v -0.612765 0.155985 0.050838
v -0.612884 0.164962 0.039561
v -0.604303 0.158490 0.030702
v -0.595276 0.155883 0.025527
v -0.588892 0.154207 0.025620
v -0.659621 0.235536 0.774184
v -0.661353 0.234002 0.765414
v -0.668125 0.230377 0.764505
v -0.668722 0.239441 0.755724
v -0.676507 0.253833 0.732502
v -0.669321 0.232031 0.806435
v -0.658698 0.236057 0.786500
v -0.662399 0.230454 0.780861
v -0.678557 0.251795 0.727762
v -0.682575 0.247377 0.728747
v -0.686733 0.244545 0.722975
v -0.717266 0.245802 0.696520
v -0.727442 0.258247 0.669139
v -0.721192 0.277233 0.636184
v -0.702658 0.285695 0.617877
v -0.717399 0.281285 0.604072
v -0.686623 0.240619 0.728162
v -0.699731 0.243083 0.717709
v -0.711173 0.239710 0.710292
v -0.724284 0.249707 0.678411
v -0.735727 0.264969 0.642287
v -0.726849 0.278681 0.603669
v -0.730782 0.274881 0.596978
v -0.741987 0.265357 0.545834
v -0.733593 0.265633 0.524164
v -0.731540 0.266895 0.512117
v -0.693261 0.259056 0.443873
v -0.725409 0.281321 0.589202
v -0.740231 0.259579 0.523883
v -0.728628 0.256978 0.488342
v -0.714218 0.245559 0.447072
v -0.706188 0.258358 0.437029
v -0.553241 0.168834 0.123233
v -0.558058 0.164674 0.120489
v -0.688295 0.240377 0.403903
v -0.649816 0.212642 0.355493
v -0.541795 0.166732 0.112954
v -0.540277 0.169670 0.108281
v -0.687429 0.261520 0.438790
v -0.681815 0.257622 0.432677
v -0.678768 0.239724 0.401754
v -0.614913 0.194655 0.315940
v -0.581515 0.178237 0.269216
v -0.567974 0.172830 0.247666
v -0.555447 0.165928 0.226116
v -0.546224 0.160311 0.203981
v -0.540208 0.156599 0.181762
v -0.538496 0.155646 0.163303
v -0.539375 0.155753 0.145678
v -0.540861 0.156113 0.133316
v -0.544042 0.174717 0.099441
v -0.536589 0.178174 0.096861
v -0.539227 0.183643 0.091702
v -0.551640 0.189063 0.079731
v -0.589168 0.195288 0.066105
v -0.576540 0.203951 0.046321
v -0.582753 0.202491 0.050999
v -0.567834 0.206996 0.051142
v -0.556710 0.202742 0.046822
v -0.553815 0.197643 0.039613
v -0.593021 0.195642 0.043570
v -0.578003 0.195422 0.070058
v -0.572028 0.196954 0.067127
v -0.580295 0.200521 0.058607
v -0.586834 0.201233 0.050838
v -0.593589 0.195320 0.039561
v -0.666235 0.238484 0.774319
v -0.667967 0.236950 0.765550
v -0.676321 0.229714 0.765988
v -0.675722 0.241523 0.755859
v -0.684219 0.254318 0.732637
v -0.685286 0.237140 0.749894
v -0.696141 0.236867 0.738786
v -0.688237 0.249900 0.733621
v -0.692419 0.247079 0.726378
v -0.726277 0.247913 0.696689
v -0.752373 0.272346 0.572110
v -0.743391 0.276505 0.609788
v -0.750407 0.271720 0.591542
v -0.747434 0.274098 0.600084
v -0.735744 0.261947 0.669309
v -0.729494 0.280933 0.636354
v -0.710960 0.289395 0.618047
v -0.725701 0.284985 0.604242
v -0.747642 0.253746 0.492423
v -0.759307 0.260761 0.536713
v -0.732846 0.245261 0.446333
v -0.750148 0.268995 0.546001
v -0.741754 0.269271 0.524331
v -0.739701 0.270532 0.512284
v -0.705488 0.252799 0.424560
v -0.701423 0.262693 0.444039
v -0.699335 0.245298 0.404129
v -0.660857 0.217563 0.355719
v -0.558282 0.180381 0.096899
v -0.560839 0.175498 0.101434
v -0.570626 0.185977 0.087955
v -0.552835 0.171652 0.113180
v -0.551317 0.174591 0.108507
v -0.554703 0.179469 0.099576
v -0.547250 0.182926 0.096996
v -0.549049 0.190277 0.091837
v -0.561891 0.193953 0.079273
v -0.582812 0.197565 0.070058
v -0.576837 0.199097 0.067127
v -0.594025 0.196612 0.035889
v -0.580442 0.202203 0.035397
v -0.567012 0.192489 0.027132
v -0.570765 0.197842 0.030322
v -0.581917 0.205772 0.042311
v -0.588131 0.204312 0.046989
v -0.573211 0.208817 0.047132
v -0.562088 0.204564 0.042812
v -0.559193 0.199464 0.035603
v -0.606476 0.193292 0.038680
v -0.601100 0.197279 0.064284
v -0.608804 0.195660 0.049557
v -0.592239 0.186867 0.025987
v -0.577768 0.179166 0.025458
v -0.607015 0.195365 0.057082
v -0.599768 0.190493 0.030290
v -0.684318 0.216280 0.800760
v -0.676445 0.233834 0.806570
v -0.665822 0.237860 0.786635
v -0.669013 0.233401 0.780996
v -0.695996 0.241917 0.728332
v -0.709184 0.244200 0.717878
v -0.721254 0.239419 0.710462
v -0.733294 0.251818 0.678581
v -0.744029 0.268669 0.642457
v -0.735151 0.282382 0.603838
v -0.739084 0.278582 0.597148
v -0.733570 0.284959 0.589369
v -0.748392 0.263216 0.524050
v -0.736789 0.260616 0.488509
v -0.722379 0.249197 0.447239
v -0.694925 0.264862 0.438943
v -0.692856 0.262543 0.432902
v -0.689808 0.244645 0.401979
v -0.625953 0.199575 0.316166
v -0.592556 0.183158 0.269442
v -0.579014 0.177750 0.247892
v -0.566487 0.170849 0.226341
v -0.557265 0.165232 0.204207
v -0.551248 0.161520 0.181988
v -0.549537 0.160567 0.163528
v -0.550415 0.160674 0.145904
v -0.551901 0.161034 0.133542
v -0.561058 0.166923 0.107147
v -0.568777 0.170363 0.097226
v -0.585103 0.202664 0.058607
v -0.591642 0.203376 0.050838
v -0.598398 0.197463 0.039561
v -0.587848 0.195409 0.030702
v -0.579875 0.190438 0.025527
v -0.574360 0.186811 0.025620
v -0.502824 0.127042 0.001420
v -0.502824 0.127042 0.001420
v -0.485123 0.125524 0.130108
v -0.485123 0.125524 0.130108
v -0.507130 0.133368 0.042633
v -0.507130 0.133368 0.042633
v -0.658167 0.133712 0.904693
v -0.658167 0.133712 0.904693
v -0.641996 0.132847 0.793184
v -0.641996 0.132847 0.793184
v -0.655062 0.119325 0.703699
v -0.655062 0.119325 0.703699
v -0.664535 0.115518 0.661368
v -0.664535 0.115518 0.661368
v -0.696768 0.135531 0.611133
v -0.696768 0.135531 0.611133
v -0.695684 0.157928 0.496975
v -0.695684 0.157928 0.496975
v -0.679329 0.154677 0.457372
v -0.679329 0.154677 0.457372
v -0.642428 0.143229 0.399371
v -0.642428 0.143229 0.399371
v -0.589270 0.126363 0.327504
v -0.589270 0.126363 0.327504
v -0.589270 0.126363 0.327504
v -0.518353 0.140953 0.259997
v -0.518353 0.140953 0.259997
v -0.493656 0.129486 0.212265
v -0.493656 0.129486 0.212265
v -0.483348 0.124700 0.152958
v -0.483348 0.124700 0.152958
v -0.486899 0.126348 0.107258
v -0.486899 0.126348 0.107258
v -0.497853 0.131435 0.073333
v -0.497853 0.131435 0.073333
v -0.507075 0.135716 0.052179
v -0.507075 0.135716 0.052179
v -0.578391 0.155871 0.016268
v -0.570288 0.135463 0.019044
v -0.527800 0.108691 0.025068
v -0.555666 0.126156 0.022257
v -0.579377 0.156484 0.000025
v -0.559472 0.117679 0.000025
v -0.525692 0.108853 0.000000
v -0.577191 0.139210 0.000025
v -0.561006 0.152687 0.094660
v -0.521391 0.116797 0.133531
v -0.545339 0.134495 0.120021
v -0.579377 0.156484 0.024114
v -0.540035 0.114791 0.261932
v -0.540035 0.114791 0.261932
v -0.734739 0.200338 0.864092
v -0.672212 0.195820 0.765016
v -0.690417 0.204273 0.738004
v -0.712540 0.214544 0.712252
v -0.737918 0.226328 0.661114
v -0.747352 0.230708 0.619364
v -0.751613 0.232686 0.581432
v -0.747577 0.230812 0.527149
v -0.733204 0.224138 0.472196
v -0.708905 0.212857 0.422017
v -0.672489 0.195949 0.372811
v -0.607780 0.165905 0.300318
v -0.558401 0.151956 0.231381
v -0.538180 0.144825 0.182867
v -0.539440 0.146076 0.137288
v -0.583978 0.159950 0.075170
v -0.597724 0.161236 0.059227
v -0.599683 0.162146 0.046393
v -0.590933 0.153130 0.032573
v -0.555128 0.126892 0.033072
v -0.726505 0.186422 0.857258
v -0.682341 0.150437 0.850615
v -0.675925 0.157436 0.802180
v -0.666530 0.150987 0.783116
v -0.683544 0.143344 0.721122
v -0.700130 0.141395 0.681391
v -0.722225 0.156217 0.645060
v -0.733329 0.165976 0.613044
v -0.738739 0.172314 0.578105
v -0.736542 0.175943 0.534817
v -0.724136 0.178066 0.483800
v -0.701565 0.174918 0.438657
v -0.662334 0.162495 0.387485
v -0.599621 0.146542 0.314565
v -0.548554 0.135461 0.246856
v -0.524660 0.126719 0.194293
v -0.521758 0.120429 0.149403
v -0.541590 0.119430 0.096816
v -0.561201 0.124479 0.075206
v -0.561201 0.124479 0.075206
v -0.565179 0.122263 0.044580
v -0.534099 0.111109 0.039254
v -0.579821 0.138253 0.026005
v -0.724526 0.195596 0.882510
v -0.737804 0.201761 0.845674
v -0.729537 0.204343 0.822400
v -0.686880 0.183314 0.905564
v -0.720887 0.200327 0.808900
v -0.702407 0.191747 0.799468
v -0.653786 0.137179 0.843997
v -0.653786 0.137179 0.843997
v -0.685707 0.178224 0.793284
v -0.677059 0.174208 0.776274
v -0.696626 0.178039 0.735386
v -0.719492 0.189698 0.706329
v -0.681840 0.123261 0.630458
v -0.681840 0.123261 0.630458
v -0.747033 0.206697 0.661114
v -0.757239 0.209414 0.619364
v -0.704096 0.147517 0.574071
v -0.704096 0.147517 0.574071
v -0.755556 0.207431 0.581432
v -0.704360 0.153875 0.542095
v -0.704360 0.153875 0.542095
v -0.753435 0.202093 0.528927
v -0.731376 0.193042 0.472196
v -0.706727 0.185413 0.422017
v -0.669071 0.171824 0.376974
v -0.605961 0.154820 0.306533
v -0.554528 0.143547 0.233715
v -0.513269 0.103340 0.207193
v -0.536102 0.137755 0.188572
v -0.508938 0.094938 0.152123
v -0.537269 0.136193 0.142153
v -0.513282 0.092157 0.126648
v -0.513282 0.092157 0.126648
v -0.565433 0.141774 0.086945
v -0.524403 0.090268 0.090956
v -0.524403 0.090268 0.090956
v -0.588052 0.135210 0.067047
v -0.591886 0.136191 0.048416
v -0.535225 0.093382 0.061005
v -0.582480 0.136074 0.033702
v -0.503622 0.130144 0.029137
v -0.503622 0.130144 0.029137
v -0.568492 0.177189 0.016268
v -0.547674 0.184169 0.019044
v -0.503776 0.160067 0.025068
v -0.531129 0.179005 0.022257
v -0.569598 0.177547 0.000025
v -0.528680 0.183856 0.000025
v -0.503578 0.156213 0.000000
v -0.554991 0.187024 0.000025
v -0.554841 0.165963 0.094660
v -0.501872 0.158854 0.133587
v -0.484965 0.155719 0.130108
v -0.484965 0.155719 0.130108
v -0.530835 0.165734 0.120021
v -0.569598 0.177547 0.024114
v -0.720576 0.234844 0.864092
v -0.708834 0.229392 0.882510
v -0.677494 0.214841 0.905616
v -0.703356 0.267930 0.864092
v -0.725170 0.236976 0.845674
v -0.721702 0.235366 0.822400
v -0.713052 0.231350 0.808900
v -0.694572 0.222770 0.796537
v -0.670265 0.211484 0.790258
v -0.659555 0.223080 0.765016
v -0.677760 0.231533 0.738004
v -0.699883 0.241804 0.712252
v -0.725262 0.253587 0.661114
v -0.734696 0.257967 0.619364
v -0.738957 0.259946 0.581432
v -0.734920 0.258072 0.527149
v -0.720547 0.251398 0.472196
v -0.696248 0.240116 0.422017
v -0.659833 0.223209 0.372811
v -0.595124 0.193165 0.300318
v -0.552603 0.164445 0.231381
v -0.534106 0.153599 0.182867
v -0.535875 0.153755 0.137288
v -0.575215 0.178825 0.075170
v -0.585067 0.188496 0.059227
v -0.587027 0.189405 0.046393
v -0.574493 0.188539 0.032573
v -0.531343 0.178119 0.033072
v -0.687412 0.270620 0.857258
v -0.627147 0.252257 0.860235
v -0.632629 0.250686 0.802180
v -0.621640 0.247671 0.783116
v -0.626781 0.265601 0.721122
v -0.635996 0.279529 0.681391
v -0.661576 0.286842 0.645060
v -0.676197 0.289027 0.613044
v -0.684529 0.289070 0.578105
v -0.685884 0.285050 0.534817
v -0.679501 0.274203 0.483800
v -0.662530 0.258992 0.438657
v -0.627724 0.237040 0.387485
v -0.575067 0.199427 0.314565
v -0.533648 0.167567 0.246856
v -0.511550 0.154956 0.194293
v -0.504873 0.156798 0.149403
v -0.516907 0.172592 0.096816
v -0.533419 0.184315 0.075206
v -0.533419 0.184315 0.075206
v -0.534294 0.188784 0.044580
v -0.509642 0.163423 0.039254
v -0.555957 0.189651 0.026005
v -0.693143 0.263188 0.882510
v -0.706421 0.269353 0.845674
v -0.703059 0.261371 0.822400
v -0.659468 0.242356 0.905564
v -0.694409 0.257355 0.808900
v -0.603046 0.252431 0.904693
v -0.675929 0.248775 0.799468
v -0.602867 0.246846 0.843997
v -0.654822 0.244745 0.793284
v -0.605412 0.238428 0.793598
v -0.646174 0.240729 0.776274
v -0.602521 0.262151 0.704240
v -0.661727 0.253205 0.735386
v -0.601995 0.272219 0.659182
v -0.685389 0.263149 0.706329
v -0.616467 0.282789 0.636412
v -0.716148 0.273218 0.661114
v -0.638743 0.292019 0.610483
v -0.724809 0.279261 0.619364
v -0.652049 0.294638 0.579698
v -0.722208 0.279256 0.581432
v -0.657155 0.289981 0.540617
v -0.716762 0.281079 0.528927
v -0.652130 0.278834 0.490826
v -0.695613 0.270069 0.472196
v -0.638170 0.265066 0.452433
v -0.673879 0.256162 0.422017
v -0.606594 0.239510 0.396338
v -0.639197 0.236166 0.376974
v -0.558741 0.201309 0.321529
v -0.585481 0.198929 0.306533
v -0.522371 0.169380 0.257727
v -0.522371 0.169380 0.257727
v -0.543679 0.166913 0.233715
v -0.497402 0.153156 0.202516
v -0.527364 0.156574 0.188572
v -0.483473 0.151323 0.152958
v -0.526924 0.158474 0.142153
v -0.549363 0.176388 0.086945
v -0.558944 0.197903 0.067047
v -0.488188 0.160289 0.086337
v -0.488188 0.160289 0.086337
v -0.562167 0.200198 0.048416
v -0.498455 0.168698 0.059422
v -0.556009 0.193088 0.033702
v 0.682145 0.187354 0.765414
v 0.683976 0.194814 0.764505
v 0.691116 0.189198 0.755724
v 0.707024 0.185366 0.732502
v 0.686006 0.194597 0.806435
v 0.681898 0.184005 0.786500
v 0.680205 0.190504 0.780861
v 0.706878 0.188254 0.727762
v 0.706279 0.194195 0.728747
v 0.706952 0.199180 0.722975
v 0.728300 0.221047 0.696520
v 0.744358 0.220295 0.669139
v 0.754299 0.202954 0.636184
v 0.748202 0.183514 0.617877
v 0.754776 0.197424 0.604072
v 0.703959 0.201724 0.728162
v 0.714555 0.209824 0.717709
v 0.719696 0.220589 0.710292
v 0.735895 0.223656 0.678411
v 0.754895 0.221963 0.642287
v 0.759158 0.206193 0.603669
v 0.758961 0.211659 0.596978
v 0.759370 0.226359 0.545834
v 0.753963 0.219932 0.524164
v 0.753529 0.217562 0.512117
v 0.722109 0.194335 0.443873
v 0.760159 0.203358 0.589202
v 0.753897 0.228915 0.523883
v 0.744207 0.222025 0.488342
v 0.726081 0.218942 0.447072
v 0.730231 0.204415 0.437029
v 0.561404 0.150519 0.123233
v 0.561530 0.156883 0.120489
v 0.704897 0.203128 0.403903
v 0.658547 0.193054 0.355493
v 0.552188 0.143412 0.112954
v 0.553359 0.140319 0.108281
v 0.720042 0.188349 0.438790
v 0.713390 0.186781 0.432677
v 0.698043 0.196480 0.401754
v 0.621836 0.179122 0.315940
v 0.587299 0.165260 0.269216
v 0.574225 0.158805 0.247666
v 0.560718 0.154103 0.226116
v 0.550375 0.150999 0.203981
v 0.543592 0.149007 0.181762
v 0.541739 0.148370 0.163303
v 0.542406 0.148952 0.145678
v 0.543667 0.149817 0.133316
v 0.559629 0.139745 0.099441
v 0.557218 0.131892 0.096861
v 0.563049 0.130197 0.091702
v 0.575377 0.135805 0.079731
v 0.605096 0.159553 0.066105
v 0.603096 0.144370 0.046321
v 0.606164 0.149966 0.050999
v 0.599540 0.135859 0.051142
v 0.588941 0.130431 0.046822
v 0.583213 0.131687 0.039613
v 0.607934 0.162181 0.043570
v 0.597731 0.151160 0.070058
v 0.594876 0.145692 0.067127
v 0.603055 0.149455 0.058607
v 0.607956 0.153842 0.050838
v 0.608075 0.162819 0.039561
v 0.688741 0.187988 0.774319
v 0.688759 0.190302 0.765550
v 0.688962 0.201352 0.765988
v 0.697344 0.193012 0.755859
v 0.712540 0.190777 0.732637
v 0.700479 0.203055 0.749894
v 0.707533 0.211310 0.738786
v 0.711941 0.196718 0.733621
v 0.700797 0.223625 0.736671
v 0.712639 0.201715 0.726378
v 0.732878 0.237924 0.696434
v 0.735894 0.226337 0.696689
v 0.771510 0.229410 0.572110
v 0.768598 0.219950 0.609788
v 0.769730 0.228367 0.591542
v 0.769511 0.224565 0.600084
v 0.752660 0.223995 0.669309
v 0.762601 0.206655 0.636354
v 0.756504 0.187214 0.618046
v 0.763078 0.201125 0.604242
v 0.754514 0.238326 0.492423
v 0.767530 0.242312 0.536713
v 0.738313 0.232996 0.446333
v 0.767531 0.229996 0.546001
v 0.762124 0.223569 0.524331
v 0.761690 0.221199 0.512284
v 0.725630 0.207610 0.424560
v 0.730270 0.197972 0.444039
v 0.715937 0.208049 0.404129
v 0.667253 0.208674 0.356709
v 0.669587 0.197975 0.355719
v 0.573362 0.146549 0.096899
v 0.571440 0.151715 0.101434
v 0.585776 0.151987 0.087955
v 0.563229 0.148333 0.113180
v 0.564400 0.145240 0.108507
v 0.570290 0.144497 0.099576
v 0.567879 0.136643 0.096996
v 0.574549 0.133066 0.091837
v 0.585868 0.140160 0.079273
v 0.602540 0.153303 0.070058
v 0.599684 0.147836 0.067127
v 0.609327 0.162280 0.035889
v 0.604404 0.148440 0.035397
v 0.588202 0.144947 0.027132
v 0.594692 0.144159 0.030322
v 0.608045 0.147151 0.042311
v 0.611114 0.152748 0.046989
v 0.604490 0.138641 0.047132
v 0.593890 0.133212 0.042812
v 0.588162 0.134468 0.035603
v 0.615182 0.173759 0.038680
v 0.614553 0.167095 0.064284
v 0.618500 0.173907 0.049557
v 0.600886 0.167466 0.025987
v 0.585485 0.161852 0.025458
v 0.617084 0.172774 0.057082
v 0.608616 0.170641 0.030290
v 0.679440 0.214106 0.776940
v 0.723736 0.233850 0.715020
v 0.750380 0.245725 0.665513
v 0.764421 0.251983 0.610521
v 0.763418 0.251536 0.554951
v 0.556009 0.193088 0.033702
v 0.498455 0.168698 0.059422
v 0.562167 0.200198 0.048416
v 0.488188 0.160289 0.086337
v 0.488188 0.160289 0.086337
v 0.558944 0.197903 0.067047
v 0.549363 0.176388 0.086945
v 0.526924 0.158474 0.142153
v 0.483473 0.151323 0.152958
v 0.527364 0.156574 0.188572
v 0.497402 0.153156 0.202516
v 0.543679 0.166913 0.233715
v 0.522371 0.169380 0.257727
v 0.522371 0.169380 0.257727
v 0.585481 0.198929 0.306533
v 0.558741 0.201309 0.321529
v 0.639197 0.236166 0.376974
v 0.606594 0.239510 0.396338
v 0.673879 0.256162 0.422017
v 0.638170 0.265066 0.452433
v 0.695613 0.270069 0.472196
v 0.652130 0.278834 0.490826
v 0.716762 0.281079 0.528927
v 0.657155 0.289981 0.540617
v 0.722208 0.279256 0.581432
v 0.652049 0.294638 0.579698
v 0.724809 0.279261 0.619364
v 0.638743 0.292019 0.610483
v 0.716148 0.273218 0.661114
v 0.616467 0.282789 0.636412
v 0.685389 0.263149 0.706329
v 0.601995 0.272219 0.659182
v 0.661727 0.253205 0.735386
v 0.602521 0.262151 0.704240
v 0.646174 0.240729 0.776274
v 0.605412 0.238428 0.793598
v 0.654822 0.244745 0.793284
v 0.602867 0.246846 0.843997
v 0.675929 0.248775 0.799468
v 0.603046 0.252431 0.904693
v 0.694409 0.257355 0.808900
v 0.659468 0.242356 0.905564
v 0.703059 0.261371 0.822400
v 0.706421 0.269353 0.845674
v 0.693143 0.263188 0.882510
v 0.555957 0.189651 0.026005
v 0.509642 0.163423 0.039254
v 0.534294 0.188784 0.044580
v 0.533419 0.184315 0.075206
v 0.533419 0.184315 0.075206
v 0.516907 0.172592 0.096816
v 0.504873 0.156798 0.149403
v 0.511550 0.154956 0.194293
v 0.533648 0.167567 0.246856
v 0.575067 0.199427 0.314565
v 0.627724 0.237040 0.387485
v 0.662530 0.258992 0.438657
v 0.679501 0.274203 0.483800
v 0.685884 0.285050 0.534817
v 0.684529 0.289070 0.578105
v 0.676197 0.289027 0.613044
v 0.661576 0.286843 0.645060
v 0.635996 0.279529 0.681391
v 0.626781 0.265601 0.721122
v 0.621640 0.247671 0.783116
v 0.632629 0.250686 0.802180
v 0.627147 0.252257 0.860235
v 0.687412 0.270620 0.857258
v 0.531343 0.178119 0.033072
v 0.574493 0.188539 0.032573
v 0.587027 0.189405 0.046393
v 0.585067 0.188496 0.059227
v 0.575215 0.178825 0.075170
v 0.535875 0.153755 0.137288
v 0.534106 0.153599 0.182867
v 0.552603 0.164445 0.231381
v 0.595124 0.193165 0.300318
v 0.659833 0.223209 0.372811
v 0.696248 0.240116 0.422017
v 0.720547 0.251398 0.472196
v 0.734920 0.258072 0.527149
v 0.738957 0.259946 0.581432
v 0.734696 0.257967 0.619364
v 0.725262 0.253587 0.661114
v 0.699883 0.241804 0.712252
v 0.677760 0.231533 0.738004
v 0.659555 0.223080 0.765016
v 0.670265 0.211484 0.790258
v 0.694572 0.222770 0.796537
v -0.763418 0.251536 0.554951
v -0.764421 0.251983 0.610521
v -0.750380 0.245725 0.665513
v -0.723736 0.233850 0.715020
v -0.679440 0.214106 0.776940
v -0.608616 0.170641 0.030290
v -0.617084 0.172774 0.057082
v -0.585485 0.161852 0.025458
v -0.600886 0.167466 0.025987
v -0.618500 0.173907 0.049557
v -0.614553 0.167095 0.064284
v -0.615182 0.173759 0.038680
v -0.588162 0.134468 0.035603
v -0.593890 0.133212 0.042812
v -0.604490 0.138641 0.047132
v -0.611114 0.152748 0.046989
v -0.608045 0.147151 0.042311
v -0.594692 0.144159 0.030322
v -0.588202 0.144947 0.027132
v -0.604404 0.148440 0.035397
v -0.609327 0.162280 0.035889
v -0.599684 0.147836 0.067127
v -0.602540 0.153303 0.070058
v -0.585868 0.140160 0.079273
v -0.574549 0.133066 0.091837
v -0.567879 0.136643 0.096996
v -0.570290 0.144497 0.099576
v -0.564400 0.145240 0.108507
v -0.563229 0.148333 0.113180
v -0.585776 0.151987 0.087955
v -0.571440 0.151715 0.101434
v -0.573362 0.146549 0.096899
v -0.669587 0.197975 0.355719
v -0.667253 0.208674 0.356709
v -0.715937 0.208049 0.404129
v -0.730270 0.197972 0.444039
v -0.725630 0.207610 0.424560
v -0.761690 0.221199 0.512284
v -0.762124 0.223569 0.524331
v -0.767531 0.229996 0.546001
v -0.738313 0.232996 0.446333
v -0.767530 0.242312 0.536713
v -0.754514 0.238326 0.492423
v -0.763078 0.201125 0.604242
v -0.756504 0.187214 0.618046
v -0.762601 0.206655 0.636354
v -0.752660 0.223995 0.669309
v -0.769511 0.224565 0.600084
v -0.769730 0.228367 0.591542
v -0.768598 0.219950 0.609788
v -0.771510 0.229410 0.572110
v -0.735894 0.226337 0.696689
v -0.732878 0.237924 0.696434
v -0.712639 0.201715 0.726378
v -0.700797 0.223625 0.736671
v -0.711941 0.196718 0.733621
v -0.707533 0.211310 0.738786
v -0.700479 0.203055 0.749894
v -0.712540 0.190777 0.732637
v -0.697344 0.193012 0.755859
v -0.688962 0.201352 0.765988
v -0.688759 0.190302 0.765550
v -0.688741 0.187988 0.774319
v -0.608075 0.162819 0.039561
v -0.607956 0.153842 0.050838
v -0.603055 0.149455 0.058607
v -0.594876 0.145692 0.067127
v -0.597731 0.151160 0.070058
v -0.607934 0.162181 0.043570
v -0.583213 0.131687 0.039613
v -0.588941 0.130431 0.046822
v -0.599540 0.135859 0.051142
v -0.606164 0.149966 0.050999
v -0.603096 0.144370 0.046321
v -0.605096 0.159553 0.066105
v -0.575377 0.135805 0.079731
v -0.563049 0.130197 0.091702
v -0.557218 0.131892 0.096861
v -0.559629 0.139745 0.099441
v -0.543667 0.149817 0.133316
v -0.542406 0.148952 0.145678
v -0.541739 0.148370 0.163303
v -0.543592 0.149007 0.181762
v -0.550375 0.150999 0.203981
v -0.560718 0.154103 0.226116
v -0.574225 0.158805 0.247666
v -0.587299 0.165260 0.269216
v -0.621836 0.179122 0.315940
v -0.698043 0.196480 0.401754
v -0.713390 0.186781 0.432677
v -0.720042 0.188349 0.438790
v -0.553359 0.140319 0.108281
v -0.552188 0.143412 0.112954
v -0.658547 0.193054 0.355493
v -0.704897 0.203128 0.403903
v -0.561530 0.156883 0.120489
v -0.561404 0.150519 0.123233
v -0.730231 0.204415 0.437029
v -0.726081 0.218942 0.447072
v -0.744207 0.222025 0.488342
v -0.753897 0.228915 0.523883
v -0.760159 0.203358 0.589202
v -0.722109 0.194335 0.443873
v -0.753529 0.217561 0.512117
v -0.753963 0.219932 0.524164
v -0.759370 0.226359 0.545834
v -0.758961 0.211659 0.596978
v -0.759158 0.206193 0.603669
v -0.754895 0.221963 0.642287
v -0.735895 0.223656 0.678411
v -0.719696 0.220589 0.710292
v -0.714555 0.209824 0.717709
v -0.703959 0.201724 0.728162
v -0.754776 0.197424 0.604072
v -0.748202 0.183514 0.617877
v -0.754299 0.202954 0.636184
v -0.744358 0.220295 0.669139
v -0.728300 0.221047 0.696520
v -0.706952 0.199180 0.722975
v -0.706279 0.194195 0.728747
v -0.706878 0.188254 0.727762
v -0.680205 0.190504 0.780861
v -0.681898 0.184005 0.786500
v -0.686006 0.194597 0.806435
v -0.707024 0.185366 0.732502
v -0.691116 0.189198 0.755724
v -0.683976 0.194814 0.764505
v -0.682145 0.187354 0.765414
v -0.682128 0.185040 0.774184
v 0.713052 0.231350 0.808900
v 0.721702 0.235366 0.822400
v 0.725170 0.236976 0.845674
v 0.703356 0.267930 0.864092
v 0.677494 0.214841 0.905616
v 0.708834 0.229392 0.882510
v 0.720576 0.234844 0.864092
v 0.569598 0.177547 0.024114
v 0.530835 0.165734 0.120021
v 0.484965 0.155719 0.130108
v 0.484965 0.155719 0.130108
v 0.501872 0.158854 0.133587
v 0.554841 0.165963 0.094660
v 0.554991 0.187024 0.000025
v 0.503578 0.156213 0.000000
v 0.528680 0.183856 0.000025
v 0.569598 0.177547 0.000025
v 0.531129 0.179005 0.022257
v 0.503776 0.160067 0.025068
v 0.547674 0.184169 0.019044
v 0.568492 0.177189 0.016268
v 0.503622 0.130144 0.029137
v 0.503622 0.130144 0.029137
v 0.582480 0.136074 0.033702
v 0.535225 0.093382 0.061005
v 0.591886 0.136191 0.048416
v 0.588052 0.135210 0.067047
v 0.524403 0.090268 0.090956
v 0.524403 0.090268 0.090956
v 0.565433 0.141774 0.086945
v 0.513282 0.092157 0.126648
v 0.513282 0.092157 0.126648
v 0.537269 0.136193 0.142153
v 0.508938 0.094938 0.152123
v 0.536102 0.137755 0.188572
v 0.513269 0.103340 0.207193
v 0.554528 0.143547 0.233715
v 0.605961 0.154820 0.306533
v 0.669071 0.171824 0.376974
v 0.706727 0.185413 0.422017
v 0.731376 0.193042 0.472196
v 0.753435 0.202093 0.528927
v 0.704360 0.153875 0.542095
v 0.704360 0.153875 0.542095
v 0.755556 0.207431 0.581432
v 0.704096 0.147517 0.574071
v 0.704096 0.147517 0.574071
v 0.757239 0.209414 0.619364
v 0.747033 0.206697 0.661114
v 0.681840 0.123261 0.630458
v 0.681840 0.123261 0.630458
v 0.719492 0.189698 0.706329
v 0.696626 0.178039 0.735386
v 0.677059 0.174209 0.776274
v 0.685707 0.178224 0.793284
v 0.653786 0.137179 0.843997
v 0.653786 0.137179 0.843997
v 0.702407 0.191747 0.799468
v 0.720887 0.200327 0.808900
v 0.686880 0.183314 0.905564
v 0.729537 0.204343 0.822400
v 0.737804 0.201761 0.845674
v 0.724526 0.195596 0.882510
v 0.579821 0.138253 0.026005
v 0.534099 0.111109 0.039254
v 0.565179 0.122263 0.044580
v 0.561201 0.124479 0.075206
v 0.561201 0.124479 0.075206
v 0.541590 0.119430 0.096816
v 0.521758 0.120429 0.149403
v 0.524660 0.126719 0.194293
v 0.548554 0.135461 0.246856
v 0.599621 0.146542 0.314565
v 0.662334 0.162495 0.387485
v 0.701565 0.174918 0.438657
v 0.724136 0.178066 0.483800
v 0.736542 0.175943 0.534817
v 0.738739 0.172314 0.578105
v 0.733329 0.165976 0.613044
v 0.722225 0.156217 0.645060
v 0.700130 0.141395 0.681391
v 0.683544 0.143344 0.721122
v 0.666530 0.150987 0.783116
v 0.675925 0.157436 0.802180
v 0.682341 0.150437 0.850615
v 0.726505 0.186422 0.857258
v 0.555128 0.126892 0.033072
v 0.590933 0.153130 0.032573
v 0.599683 0.162146 0.046393
v 0.597724 0.161236 0.059227
v 0.583978 0.159950 0.075170
v 0.539440 0.146076 0.137288
v 0.538180 0.144825 0.182867
v 0.558401 0.151956 0.231381
v 0.607780 0.165905 0.300318
v 0.672489 0.195949 0.372811
v 0.708905 0.212857 0.422017
v 0.733204 0.224138 0.472196
v 0.747577 0.230812 0.527149
v 0.751613 0.232686 0.581432
v 0.747352 0.230708 0.619364
v 0.737918 0.226328 0.661114
v 0.712540 0.214544 0.712252
v 0.690417 0.204273 0.738004
v 0.672212 0.195820 0.765016
v 0.734739 0.200338 0.864092
v 0.540035 0.114791 0.261932
v 0.540035 0.114791 0.261932
v 0.579377 0.156484 0.024114
v 0.545339 0.134495 0.120021
v 0.521391 0.116797 0.133531
v 0.561006 0.152687 0.094660
v 0.577191 0.139210 0.000025
v 0.525692 0.108853 0.000000
v 0.559472 0.117679 0.000025
v 0.579377 0.156484 0.000025
v 0.555666 0.126156 0.022257
v 0.527800 0.108691 0.025068
v 0.570288 0.135463 0.019044
v 0.578391 0.155871 0.016268
v 0.507075 0.135716 0.052179
v 0.507075 0.135716 0.052179
v 0.497853 0.131435 0.073333
v 0.497853 0.131435 0.073333
v 0.486899 0.126348 0.107258
v 0.486899 0.126348 0.107258
v 0.483348 0.124700 0.152958
v 0.483348 0.124700 0.152958
v 0.493656 0.129486 0.212265
v 0.493656 0.129486 0.212265
v 0.518353 0.140953 0.259997
v 0.518353 0.140953 0.259997
v 0.589270 0.126363 0.327504
v 0.589270 0.126363 0.327504
v 0.589270 0.126363 0.327504
v 0.642428 0.143229 0.399371
v 0.642428 0.143229 0.399371
v 0.679329 0.154677 0.457372
v 0.679329 0.154677 0.457372
v 0.695684 0.157928 0.496975
v 0.695684 0.157928 0.496975
v 0.696768 0.135531 0.611133
v 0.696768 0.135531 0.611133
v 0.664535 0.115518 0.661368
v 0.664535 0.115518 0.661368
v 0.655062 0.119325 0.703699
v 0.655062 0.119325 0.703699
v 0.641996 0.132847 0.793184
v 0.641996 0.132847 0.793184
v 0.658167 0.133712 0.904693
v 0.658167 0.133712 0.904693
v 0.507130 0.133368 0.042633
v 0.507130 0.133368 0.042633
v 0.485123 0.125524 0.130108
v 0.485123 0.125524 0.130108
v 0.502824 0.127042 0.001420
v 0.502824 0.127042 0.001420
v 0.574360 0.186811 0.025620
v 0.579875 0.190438 0.025527
v 0.587848 0.195409 0.030702
v 0.598398 0.197463 0.039561
v 0.591642 0.203376 0.050838
v 0.585103 0.202664 0.058607
v 0.568777 0.170363 0.097226
v 0.561058 0.166923 0.107147
v 0.551901 0.161034 0.133542
v 0.550415 0.160674 0.145904
v 0.549537 0.160567 0.163528
v 0.551248 0.161520 0.181988
v 0.557265 0.165232 0.204207
v 0.566487 0.170849 0.226341
v 0.579014 0.177750 0.247892
v 0.592556 0.183158 0.269442
v 0.625953 0.199576 0.316166
v 0.689808 0.244645 0.401979
v 0.692856 0.262543 0.432902
v 0.694925 0.264862 0.438943
v 0.722379 0.249197 0.447239
v 0.736789 0.260616 0.488509
v 0.748392 0.263216 0.524050
v 0.733570 0.284959 0.589369
v 0.739084 0.278582 0.597148
v 0.735151 0.282382 0.603838
v 0.744029 0.268669 0.642457
v 0.733294 0.251818 0.678581
v 0.721254 0.239419 0.710462
v 0.709184 0.244200 0.717878
v 0.695996 0.241917 0.728332
v 0.669013 0.233401 0.780996
v 0.665822 0.237860 0.786635
v 0.676445 0.233834 0.806570
v 0.684318 0.216280 0.800760
v 0.599768 0.190493 0.030290
v 0.607015 0.195365 0.057082
v 0.577768 0.179166 0.025458
v 0.592239 0.186867 0.025987
v 0.608804 0.195660 0.049557
v 0.601100 0.197279 0.064284
v 0.606476 0.193292 0.038680
v 0.559193 0.199464 0.035603
v 0.562088 0.204564 0.042812
v 0.573211 0.208817 0.047132
v 0.588131 0.204312 0.046989
v 0.581917 0.205772 0.042311
v 0.570765 0.197842 0.030322
v 0.567012 0.192489 0.027132
v 0.580442 0.202203 0.035397
v 0.594025 0.196612 0.035889
v 0.576837 0.199097 0.067127
v 0.582812 0.197565 0.070058
v 0.561891 0.193953 0.079273
v 0.549049 0.190277 0.091837
v 0.547250 0.182926 0.096996
v 0.554703 0.179469 0.099576
v 0.551317 0.174591 0.108507
v 0.552835 0.171652 0.113180
v 0.570626 0.185977 0.087955
v 0.560839 0.175498 0.101434
v 0.558282 0.180381 0.096899
v 0.660857 0.217563 0.355719
v 0.699335 0.245298 0.404129
v 0.701423 0.262693 0.444039
v 0.705488 0.252799 0.424560
v 0.739701 0.270532 0.512284
v 0.741754 0.269271 0.524331
v 0.750148 0.268995 0.546001
v 0.732846 0.245261 0.446333
v 0.759307 0.260761 0.536713
v 0.747642 0.253746 0.492423
v 0.725701 0.284985 0.604242
v 0.710960 0.289395 0.618047
v 0.729494 0.280933 0.636354
v 0.735744 0.261947 0.669309
v 0.747434 0.274098 0.600084
v 0.750407 0.271720 0.591542
v 0.743391 0.276505 0.609788
v 0.752373 0.272346 0.572110
v 0.726277 0.247913 0.696689
v 0.692419 0.247079 0.726378
v 0.688237 0.249900 0.733621
v 0.696141 0.236867 0.738786
v 0.685286 0.237140 0.749894
v 0.684219 0.254318 0.732637
v 0.675722 0.241523 0.755859
v 0.676321 0.229714 0.765988
v 0.667967 0.236950 0.765550
v 0.666235 0.238484 0.774319
v 0.593589 0.195320 0.039561
v 0.586834 0.201233 0.050838
v 0.580295 0.200521 0.058607
v 0.572028 0.196954 0.067127
v 0.578003 0.195422 0.070058
v 0.593021 0.195642 0.043570
v 0.553815 0.197643 0.039613
v 0.556710 0.202742 0.046822
v 0.567834 0.206996 0.051142
v 0.582753 0.202491 0.050999
v 0.576540 0.203951 0.046321
v 0.589168 0.195288 0.066105
v 0.551640 0.189063 0.079731
v 0.539227 0.183643 0.091702
v 0.536589 0.178174 0.096861
v 0.544042 0.174717 0.099441
v 0.540861 0.156113 0.133316
v 0.539375 0.155753 0.145678
v 0.538496 0.155646 0.163303
v 0.540208 0.156599 0.181762
v 0.546224 0.160311 0.203981
v 0.555447 0.165928 0.226116
v 0.567974 0.172830 0.247666
v 0.581515 0.178237 0.269216
v 0.614913 0.194655 0.315940
v 0.678768 0.239724 0.401754
v 0.681815 0.257622 0.432677
v 0.687429 0.261520 0.438790
v 0.540277 0.169670 0.108281
v 0.541795 0.166732 0.112954
v 0.649816 0.212642 0.355493
v 0.688295 0.240377 0.403903
v 0.558058 0.164674 0.120489
v 0.553241 0.168834 0.123233
v 0.706188 0.258358 0.437029
v 0.714218 0.245559 0.447072
v 0.728628 0.256978 0.488342
v 0.740231 0.259579 0.523883
v 0.725409 0.281321 0.589202
v 0.693261 0.259056 0.443873
v 0.731540 0.266895 0.512117
v 0.733593 0.265633 0.524164
v 0.741987 0.265357 0.545834
v 0.730782 0.274881 0.596978
v 0.726849 0.278681 0.603669
v 0.735727 0.264969 0.642287
v 0.724284 0.249707 0.678411
v 0.711173 0.239710 0.710292
v 0.699731 0.243083 0.717709
v 0.686623 0.240619 0.728162
v 0.717399 0.281285 0.604072
v 0.702658 0.285695 0.617877
v 0.721192 0.277233 0.636184
v 0.727442 0.258247 0.669139
v 0.717266 0.245802 0.696520
v 0.686733 0.244545 0.722975
v 0.682575 0.247377 0.728747
v 0.678557 0.251795 0.727762
v 0.662399 0.230454 0.780861
v 0.658698 0.236057 0.786500
v 0.669321 0.232031 0.806435
v 0.676507 0.253833 0.732502
v 0.668722 0.239442 0.755724
v 0.668125 0.230377 0.764505
v 0.661353 0.234002 0.765414
v 0.659621 0.235536 0.774184
v 0.588892 0.154207 0.025620
v 0.595276 0.155883 0.025527
v 0.604303 0.158490 0.030702
v 0.612884 0.164962 0.039561
v 0.612765 0.155985 0.050838
v 0.607864 0.151599 0.058607
v 0.572927 0.161051 0.097226
v 0.565208 0.157611 0.107147
v 0.554707 0.154738 0.133542
v 0.553447 0.153873 0.145904
v 0.552780 0.153291 0.163528
v 0.554633 0.153927 0.181988
v 0.561415 0.155920 0.204207
v 0.571758 0.159023 0.226341
v 0.585265 0.163726 0.247892
v 0.598340 0.170181 0.269442
v 0.632876 0.184043 0.316166
v 0.709083 0.201401 0.401979
v 0.724430 0.191702 0.432902
v 0.727538 0.191691 0.438943
v 0.734242 0.222580 0.447239
v 0.752368 0.225663 0.488509
v 0.762059 0.232553 0.524050
v 0.768320 0.206995 0.589369
v 0.767264 0.215359 0.597148
v 0.767460 0.209893 0.603838
v 0.763198 0.225663 0.642457
v 0.743489 0.228945 0.678581
v 0.726219 0.228280 0.710462
v 0.721706 0.216108 0.717878
v 0.711191 0.207826 0.728332
v 0.686819 0.193452 0.780996
v 0.688001 0.188098 0.786635
v 0.692109 0.198690 0.806570
v 0.581626 0.170509 0.025284
v 0.596562 0.177166 0.025791
v 0.604192 0.180567 0.029299
v 0.610829 0.183525 0.037568
v 0.613652 0.184784 0.047926
v 0.612050 0.184069 0.057448
v 0.605489 0.181145 0.068390
v 0.583364 0.171284 0.087936
v 0.570852 0.165707 0.097875
v 0.563299 0.162340 0.107147
v 0.553304 0.157886 0.133542
v 0.551931 0.157274 0.145904
v 0.551473 0.157070 0.163528
v 0.553762 0.158090 0.181988
v 0.560018 0.160878 0.204207
v 0.570470 0.165537 0.226341
v 0.582067 0.170706 0.247892
v 0.595800 0.176826 0.269442
v 0.630940 0.192489 0.315650
v 0.703566 0.224859 0.397769
v 0.715826 0.230324 0.413213
v 0.727691 0.235612 0.431544
v 0.735005 0.238872 0.445612
v 0.753531 0.247129 0.495340
v 0.559936 -0.053372 0.902022
v 0.562964 -0.118261 0.841629
v 0.573289 -0.106263 0.736165
v 0.564292 -0.114159 0.788951
v 0.551269 -0.045105 0.758339
v 0.548428 -0.045712 0.766268
v 0.546670 -0.051154 0.777513
v 0.549649 -0.021188 0.772179
v 0.549649 -0.021188 0.772179
v 0.551419 -0.005723 0.763097
v 0.551285 -0.004661 0.752934
v 0.552011 -0.011626 0.749546
v 0.553310 -0.021931 0.751564
v 0.549930 -0.031596 0.747961
v 0.553171 -0.034972 0.732995
v 0.553171 -0.034972 0.732995
v 0.555250 -0.025932 0.725863
v 0.556996 -0.046133 0.725703
v 0.566067 -0.017996 0.694418
v 0.565863 -0.019495 0.699429
v 0.568285 -0.026038 0.704507
v 0.561354 -0.022824 0.710142
v 0.556683 -0.010715 0.705790
v 0.556683 -0.010715 0.705790
v 0.562631 -0.002267 0.697902
v 0.563507 -0.003828 0.690771
v 0.563121 -0.006950 0.689312
v 0.565839 -0.018488 0.690617
v 0.561528 0.019892 0.720008
v 0.561528 0.019892 0.720008
v 0.560659 0.008929 0.723312
v 0.560228 -0.001111 0.716869
v 0.565376 0.019055 0.698180
v 0.577965 0.016318 0.659184
v 0.569648 0.002305 0.667562
v 0.569287 -0.007552 0.667473
v 0.565870 -0.013643 0.677953
v 0.566026 -0.029743 0.687089
v 0.562669 -0.039760 0.697480
v 0.566058 -0.059613 0.699271
v 0.566058 -0.059613 0.699271
v 0.567556 -0.055361 0.684939
v 0.574031 -0.064214 0.681092
v 0.569325 -0.069208 0.676237
v 0.576218 -0.079257 0.671521
v 0.581419 -0.090537 0.680412
v 0.567721 -0.127832 0.901665
v 0.556135 0.021064 0.902379
v 0.556135 0.021064 0.902379
v 0.555565 0.021188 0.814984
v 0.555565 0.021188 0.814984
v 0.551288 0.011277 0.819803
v 0.550752 0.009630 0.825769
v 0.549208 0.005033 0.829784
v 0.552566 -0.004391 0.836324
v 0.550917 -0.012164 0.843034
v 0.551255 -0.011117 0.849792
v 0.548386 -0.019435 0.852959
v 0.547453 -0.036258 0.848255
v 0.548164 -0.044319 0.835268
v 0.550690 -0.047669 0.818541
v 0.548874 -0.043604 0.806828
v 0.556867 -0.023103 0.801228
v 0.551817 -0.023618 0.788907
v 0.549170 -0.007977 0.783894
v 0.556025 0.021088 0.781308
v 0.552394 0.007261 0.775175
v 0.590503 0.087201 0.902022
v 0.622058 0.151882 0.844379
v 0.640519 0.145296 0.729807
v 0.624382 0.150152 0.787093
v 0.579185 0.083280 0.758339
v 0.576853 0.085012 0.766268
v 0.577513 0.090692 0.777513
v 0.567780 0.062196 0.772179
v 0.567780 0.062196 0.772179
v 0.562968 0.047392 0.763097
v 0.562406 0.046481 0.752934
v 0.565958 0.052515 0.749546
v 0.571419 0.061351 0.751564
v 0.572358 0.071547 0.747961
v 0.576707 0.073272 0.732995
v 0.576707 0.073272 0.732995
v 0.574845 0.064185 0.725863
v 0.584822 0.081837 0.725703
v 0.577247 0.052889 0.693959
v 0.578061 0.054706 0.699577
v 0.582982 0.059653 0.704655
v 0.576412 0.057772 0.709572
v 0.569829 0.049747 0.705790
v 0.569829 0.049747 0.705790
v 0.571733 0.039592 0.697902
v 0.573178 0.040648 0.690771
v 0.574124 0.043649 0.689312
v 0.577603 0.053260 0.690015
v 0.565290 0.030226 0.723312
v 0.569067 0.039538 0.716869
v 0.571773 0.033712 0.661292
v 0.577027 0.039116 0.667920
v 0.582405 0.051134 0.670608
v 0.583060 0.060586 0.685256
v 0.594044 0.076695 0.687436
v 0.600163 0.088324 0.696269
v 0.605921 0.103412 0.694090
v 0.605921 0.103412 0.694090
v 0.607378 0.098405 0.686288
v 0.608305 0.102665 0.680437
v 0.636664 0.129697 0.667014
v 0.655989 0.140707 0.672521
v 0.628504 0.151706 0.901665
v 0.555790 0.031981 0.819803
v 0.555986 0.033702 0.825769
v 0.556491 0.038525 0.829784
v 0.563459 0.045704 0.836324
v 0.565014 0.051827 0.843781
v 0.564856 0.050436 0.850091
v 0.565903 0.061125 0.852959
v 0.572040 0.076816 0.848255
v 0.576332 0.086675 0.835865
v 0.580116 0.089565 0.818541
v 0.576556 0.084543 0.806380
v 0.575737 0.066582 0.801676
v 0.571311 0.068702 0.789056
v 0.561858 0.050376 0.783894
v 0.558464 0.035175 0.775175
v 0.573158 -0.055223 0.904452
v 0.573158 -0.055223 0.904452
v 0.588479 -0.124227 0.844059
v 0.588479 -0.124227 0.844059
v 0.598804 -0.112228 0.738596
v 0.598804 -0.112228 0.738596
v 0.589807 -0.120125 0.791382
v 0.589807 -0.120125 0.791382
v 0.576784 -0.051070 0.760770
v 0.576784 -0.051070 0.760770
v 0.573943 -0.051678 0.768699
v 0.573943 -0.051678 0.768699
v 0.576917 -0.058703 0.779943
v 0.576917 -0.058703 0.779943
v 0.575164 -0.027154 0.774610
v 0.575164 -0.027154 0.774610
v 0.575164 -0.027154 0.774610
v 0.576934 -0.011689 0.765528
v 0.576934 -0.011689 0.765528
v 0.576800 -0.010627 0.755364
v 0.576800 -0.010627 0.755364
v 0.577526 -0.017591 0.751977
v 0.577526 -0.017591 0.751977
v 0.578825 -0.027896 0.753995
v 0.578825 -0.027896 0.753995
v 0.575445 -0.037562 0.750391
v 0.575445 -0.037562 0.750391
v 0.578686 -0.040938 0.735425
v 0.578686 -0.040938 0.735425
v 0.578686 -0.040938 0.735425
v 0.580765 -0.031898 0.728294
v 0.580765 -0.031898 0.728294
v 0.582511 -0.052099 0.728133
v 0.582511 -0.052099 0.728133
v 0.591582 -0.023962 0.696848
v 0.591582 -0.023962 0.696848
v 0.591378 -0.025461 0.701859
v 0.591378 -0.025461 0.701859
v 0.593800 -0.032004 0.706938
v 0.593800 -0.032004 0.706938
v 0.586869 -0.028789 0.712572
v 0.586869 -0.028789 0.712572
v 0.582197 -0.016680 0.708221
v 0.582197 -0.016680 0.708221
v 0.582197 -0.016680 0.708221
v 0.588146 -0.008232 0.700333
v 0.588146 -0.008232 0.700333
v 0.589022 -0.009794 0.693202
v 0.589022 -0.009794 0.693202
v 0.588636 -0.012916 0.691743
v 0.588636 -0.012916 0.691743
v 0.591354 -0.024453 0.693047
v 0.591354 -0.024453 0.693047
v 0.587043 0.013926 0.722438
v 0.587043 0.013926 0.722438
v 0.587043 0.013926 0.722438
v 0.586174 0.002963 0.725743
v 0.586174 0.002963 0.725743
v 0.585743 -0.007076 0.719299
v 0.585743 -0.007076 0.719299
v 0.590891 0.013090 0.700611
v 0.590891 0.013090 0.700611
v 0.603480 0.010352 0.661615
v 0.603480 0.010352 0.661615
v 0.595163 -0.003661 0.669993
v 0.595163 -0.003661 0.669993
v 0.594801 -0.013518 0.669904
v 0.594801 -0.013518 0.669904
v 0.591385 -0.019608 0.680383
v 0.591385 -0.019608 0.680383
v 0.591540 -0.035708 0.689520
v 0.591540 -0.035708 0.689520
v 0.588184 -0.045726 0.699910
v 0.588184 -0.045726 0.699910
v 0.591573 -0.065579 0.701702
v 0.591573 -0.065579 0.701702
v 0.591573 -0.065579 0.701702
v 0.593071 -0.061327 0.687370
v 0.593071 -0.061327 0.687370
v 0.599546 -0.070180 0.683523
v 0.599546 -0.070180 0.683523
v 0.594840 -0.075174 0.678668
v 0.594840 -0.075174 0.678668
v 0.601732 -0.085223 0.673951
v 0.601732 -0.085223 0.673951
v 0.606934 -0.096502 0.682842
v 0.606934 -0.096502 0.682842
v 0.587182 -0.124668 0.904131
v 0.587182 -0.124668 0.904131
v 0.581650 0.015099 0.904809
v 0.581650 0.015099 0.904809
v 0.581650 0.015099 0.904809
v 0.581080 0.015223 0.817415
v 0.581080 0.015223 0.817415
v 0.581080 0.015223 0.817415
v 0.576803 0.005311 0.822233
v 0.576803 0.005311 0.822233
v 0.576267 0.003665 0.828199
v 0.576267 0.003665 0.828199
v 0.574723 -0.000933 0.832215
v 0.574723 -0.000933 0.832215
v 0.578081 -0.010357 0.838754
v 0.578081 -0.010357 0.838754
v 0.576432 -0.018130 0.845465
v 0.576432 -0.018130 0.845465
v 0.576770 -0.017083 0.852223
v 0.576770 -0.017083 0.852223
v 0.573901 -0.025401 0.855390
v 0.573901 -0.025401 0.855390
v 0.569573 -0.041087 0.850686
v 0.569573 -0.041087 0.850686
v 0.569960 -0.049039 0.837698
v 0.569960 -0.049039 0.837698
v 0.572486 -0.052390 0.820971
v 0.572486 -0.052390 0.820971
v 0.570196 -0.048167 0.809259
v 0.570196 -0.048167 0.809259
v 0.574350 -0.026380 0.803659
v 0.574350 -0.026380 0.803659
v 0.577332 -0.029584 0.791338
v 0.577332 -0.029584 0.791338
v 0.574685 -0.013942 0.786324
v 0.574685 -0.013942 0.786324
v 0.581540 0.015123 0.783738
v 0.581540 0.015123 0.783738
v 0.582571 0.014899 0.760057
v 0.577909 0.001295 0.777605
v 0.577909 0.001295 0.777605
v 0.579975 0.002960 0.760057
v 0.610032 0.083239 0.904452
v 0.610032 0.083239 0.904452
v 0.647572 0.145917 0.846810
v 0.647572 0.145917 0.846810
v 0.666034 0.139331 0.732237
v 0.666034 0.139331 0.732237
v 0.649897 0.144186 0.789523
v 0.649897 0.144186 0.789523
v 0.604700 0.077314 0.760770
v 0.604700 0.077314 0.760770
v 0.602368 0.079047 0.768699
v 0.602368 0.079047 0.768699
v 0.603028 0.084727 0.779943
v 0.603028 0.084727 0.779943
v 0.593295 0.056230 0.774610
v 0.593295 0.056230 0.774610
v 0.593295 0.056230 0.774610
v 0.588483 0.041427 0.765528
v 0.588483 0.041427 0.765528
v 0.587921 0.040516 0.755364
v 0.587921 0.040516 0.755364
v 0.591473 0.046550 0.751977
v 0.591473 0.046550 0.751977
v 0.596933 0.055385 0.753995
v 0.596933 0.055385 0.753995
v 0.597872 0.065581 0.750391
v 0.597872 0.065581 0.750391
v 0.602222 0.067307 0.735425
v 0.602222 0.067307 0.735425
v 0.602222 0.067307 0.735425
v 0.600360 0.058220 0.728294
v 0.600360 0.058220 0.728294
v 0.610337 0.075872 0.728133
v 0.610337 0.075872 0.728133
v 0.602762 0.046923 0.696389
v 0.602762 0.046923 0.696389
v 0.603576 0.048741 0.702008
v 0.603576 0.048741 0.702008
v 0.608497 0.053687 0.707086
v 0.608497 0.053687 0.707086
v 0.601926 0.051806 0.712002
v 0.601926 0.051806 0.712002
v 0.595344 0.043781 0.708221
v 0.595344 0.043781 0.708221
v 0.595344 0.043781 0.708221
v 0.597248 0.033626 0.700333
v 0.597248 0.033626 0.700333
v 0.598693 0.034683 0.693202
v 0.598693 0.034683 0.693202
v 0.599638 0.037683 0.691743
v 0.599638 0.037683 0.691743
v 0.603117 0.047295 0.692445
v 0.603117 0.047295 0.692445
v 0.590805 0.024260 0.725743
v 0.590805 0.024260 0.725743
v 0.594582 0.033572 0.719299
v 0.594582 0.033572 0.719299
v 0.597288 0.027747 0.663722
v 0.597288 0.027747 0.663722
v 0.602542 0.033150 0.670351
v 0.602542 0.033150 0.670351
v 0.607920 0.045169 0.673038
v 0.607920 0.045169 0.673038
v 0.608575 0.054621 0.687686
v 0.608575 0.054621 0.687686
v 0.619559 0.070729 0.689866
v 0.619559 0.070729 0.689866
v 0.625678 0.082358 0.698700
v 0.625678 0.082358 0.698700
v 0.631436 0.097446 0.696520
v 0.631436 0.097446 0.696520
v 0.631436 0.097446 0.696520
v 0.632893 0.092440 0.688719
v 0.632893 0.092440 0.688719
v 0.633820 0.096700 0.682868
v 0.633820 0.096700 0.682868
v 0.662179 0.123732 0.669444
v 0.662179 0.123732 0.669444
v 0.681504 0.134741 0.674951
v 0.681504 0.134741 0.674951
v 0.654019 0.145740 0.904096
v 0.654019 0.145740 0.904096
v 0.581305 0.026016 0.822233
v 0.581305 0.026016 0.822233
v 0.581501 0.027736 0.828199
v 0.581501 0.027736 0.828199
v 0.582006 0.032559 0.832215
v 0.582006 0.032559 0.832215
v 0.588974 0.039738 0.838754
v 0.588974 0.039738 0.838754
v 0.590529 0.045861 0.846211
v 0.590529 0.045861 0.846211
v 0.590371 0.044471 0.852521
v 0.590371 0.044471 0.852521
v 0.591418 0.055160 0.855390
v 0.591418 0.055160 0.855390
v 0.597555 0.070850 0.850686
v 0.597555 0.070850 0.850686
v 0.601847 0.080709 0.838295
v 0.601847 0.080709 0.838295
v 0.605631 0.083599 0.820971
v 0.605631 0.083599 0.820971
v 0.602071 0.078577 0.808811
v 0.602071 0.078577 0.808811
v 0.601252 0.060616 0.804107
v 0.601252 0.060616 0.804107
v 0.596826 0.062736 0.791487
v 0.596826 0.062736 0.791487
v 0.587373 0.044410 0.786324
v 0.587373 0.044410 0.786324
v 0.583979 0.029210 0.777605
v 0.583979 0.029210 0.777605
v 0.585167 0.026837 0.760057
v 0.540164 -0.179647 0.774184
v 0.542477 -0.179637 0.765415
v 0.549958 -0.181379 0.764505
v 0.544428 -0.188585 0.755724
v 0.540787 -0.204537 0.732502
v 0.549766 -0.183411 0.806434
v 0.539126 -0.179430 0.786500
v 0.545604 -0.177659 0.780861
v 0.543672 -0.204357 0.727762
v 0.549606 -0.203687 0.728747
v 0.554599 -0.204301 0.722975
v 0.576720 -0.225386 0.696520
v 0.576159 -0.241451 0.669139
v 0.558938 -0.251599 0.636184
v 0.539426 -0.245734 0.617877
v 0.553415 -0.252143 0.604072
v 0.557107 -0.201278 0.728162
v 0.565333 -0.211776 0.717709
v 0.576158 -0.216788 0.710292
v 0.579418 -0.232949 0.678411
v 0.577953 -0.251968 0.642287
v 0.562235 -0.256419 0.603669
v 0.567698 -0.256157 0.596978
v 0.582402 -0.256390 0.545834
v 0.575911 -0.251061 0.524164
v 0.573535 -0.250655 0.512117
v 0.549935 -0.219514 0.443873
v 0.559412 -0.257454 0.589202
v 0.584893 -0.250888 0.523883
v 0.577887 -0.241280 0.488342
v 0.574588 -0.223192 0.447072
v 0.560111 -0.227516 0.437029
v 0.504203 -0.059344 0.123233
v 0.510567 -0.059395 0.120489
v 0.558522 -0.202199 0.403903
v 0.547895 -0.155973 0.355493
v 0.496986 -0.050214 0.112954
v 0.493907 -0.051422 0.108281
v 0.543925 -0.217519 0.438790
v 0.542277 -0.210887 0.432676
v 0.551793 -0.195424 0.401754
v 0.533525 -0.119430 0.315940
v 0.519252 -0.085062 0.269216
v 0.512641 -0.072065 0.247666
v 0.507778 -0.058615 0.226116
v 0.504551 -0.048310 0.203981
v 0.502477 -0.041552 0.181762
v 0.501819 -0.039707 0.163303
v 0.502409 -0.040367 0.145678
v 0.503289 -0.041617 0.133316
v 0.493408 -0.057698 0.099441
v 0.485526 -0.055381 0.096861
v 0.483902 -0.061232 0.091702
v 0.489657 -0.073493 0.079731
v 0.513758 -0.102925 0.066105
v 0.498552 -0.101106 0.046321
v 0.504185 -0.104108 0.050999
v 0.489999 -0.097653 0.051142
v 0.484445 -0.087119 0.046822
v 0.485632 -0.081377 0.039613
v 0.516420 -0.105732 0.043570
v 0.505277 -0.095661 0.070058
v 0.499776 -0.092872 0.067126
v 0.503636 -0.101005 0.058607
v 0.508081 -0.105854 0.050838
v 0.517059 -0.105866 0.039561
v 0.543190 -0.186225 0.774319
v 0.545504 -0.186215 0.765550
v 0.556556 -0.186286 0.765988
v 0.548317 -0.194767 0.755859
v 0.546263 -0.209988 0.732637
v 0.558396 -0.197782 0.749894
v 0.566735 -0.204736 0.738786
v 0.552197 -0.209318 0.733621
v 0.578969 -0.197854 0.736671
v 0.557202 -0.209957 0.726378
v 0.593650 -0.229762 0.696434
v 0.582099 -0.232916 0.696689
v 0.585598 -0.268493 0.572110
v 0.576104 -0.265694 0.609788
v 0.584534 -0.266725 0.591542
v 0.580730 -0.266552 0.600084
v 0.579958 -0.249709 0.669309
v 0.562738 -0.259856 0.636354
v 0.543225 -0.253992 0.618047
v 0.557214 -0.260400 0.604242
v 0.594311 -0.251392 0.492423
v 0.598451 -0.264359 0.536713
v 0.588787 -0.235256 0.446333
v 0.586136 -0.264507 0.546001
v 0.579645 -0.259178 0.524331
v 0.577270 -0.258771 0.512284
v 0.563251 -0.222876 0.424560
v 0.553669 -0.227631 0.444039
v 0.563574 -0.213179 0.404129
v 0.563618 -0.164491 0.356709
v 0.552947 -0.166953 0.355719
v 0.500376 -0.071349 0.096899
v 0.505518 -0.069365 0.101434
v 0.505962 -0.083697 0.087955
v 0.502039 -0.061195 0.113180
v 0.498960 -0.062403 0.108507
v 0.498287 -0.068302 0.099576
v 0.490405 -0.065984 0.096996
v 0.486908 -0.072697 0.091837
v 0.494136 -0.083930 0.079273
v 0.507478 -0.100444 0.070058
v 0.501976 -0.097654 0.067126
v 0.516535 -0.107124 0.035889
v 0.502638 -0.102366 0.035397
v 0.498951 -0.086207 0.027132
v 0.498240 -0.092706 0.030322
v 0.501392 -0.106022 0.042311
v 0.507025 -0.109024 0.046989
v 0.492840 -0.102569 0.047132
v 0.487285 -0.092035 0.042812
v 0.488472 -0.086293 0.035603
v 0.528083 -0.112841 0.038680
v 0.521412 -0.112292 0.064284
v 0.528271 -0.116157 0.049557
v 0.521620 -0.098621 0.025987
v 0.515823 -0.083288 0.025458
v 0.527121 -0.114755 0.057082
v 0.524887 -0.106312 0.030290
v 0.569195 -0.176612 0.776941
v 0.589466 -0.220670 0.715020
v 0.601659 -0.247169 0.665513
v 0.608085 -0.261134 0.610521
v 0.607626 -0.260138 0.554951
v 0.603101 -0.250304 0.495340
v 0.594623 -0.231877 0.445612
v 0.591276 -0.224603 0.431544
v 0.585847 -0.212802 0.413213
v 0.580236 -0.200608 0.397769
v 0.547000 -0.128374 0.315650
v 0.530919 -0.093423 0.269442
v 0.524634 -0.079765 0.247892
v 0.519328 -0.068231 0.226341
v 0.514544 -0.057835 0.204207
v 0.511681 -0.051613 0.181988
v 0.510634 -0.049336 0.163528
v 0.510843 -0.049791 0.145904
v 0.511472 -0.051157 0.133542
v 0.516046 -0.061098 0.107147
v 0.519502 -0.068610 0.097875
v 0.525228 -0.081055 0.087936
v 0.535353 -0.103060 0.068390
v 0.538356 -0.109586 0.057448
v 0.539089 -0.111179 0.047926
v 0.537797 -0.108372 0.037568
v 0.534759 -0.101770 0.029299
v 0.531268 -0.094182 0.025791
v 0.524433 -0.079326 0.025284
v 0.553932 -0.189465 0.806570
v 0.543291 -0.185484 0.786635
v 0.548631 -0.184237 0.780996
v 0.563295 -0.208436 0.728332
v 0.571701 -0.218851 0.717878
v 0.583927 -0.223219 0.710461
v 0.584798 -0.240480 0.678581
v 0.581752 -0.260226 0.642457
v 0.566034 -0.264676 0.603839
v 0.571497 -0.264415 0.597148
v 0.563146 -0.265571 0.589369
v 0.588628 -0.259005 0.524050
v 0.581622 -0.249397 0.488509
v 0.578323 -0.231309 0.447239
v 0.547356 -0.224975 0.438943
v 0.547330 -0.221867 0.432902
v 0.556845 -0.206405 0.401979
v 0.538578 -0.130411 0.316166
v 0.524304 -0.096042 0.269442
v 0.517693 -0.083046 0.247892
v 0.512830 -0.069596 0.226341
v 0.509603 -0.059291 0.204207
v 0.507529 -0.052533 0.181988
v 0.506871 -0.050688 0.163528
v 0.507461 -0.051348 0.145904
v 0.508341 -0.052598 0.133542
v 0.511339 -0.063064 0.107147
v 0.514871 -0.070741 0.097226
v 0.505837 -0.105788 0.058607
v 0.510282 -0.110636 0.050838
v 0.519260 -0.110648 0.039561
v 0.512686 -0.102145 0.030702
v 0.509971 -0.093150 0.025527
v 0.508219 -0.086787 0.025619
v 0.590387 -0.156539 0.774184
v 0.588874 -0.158289 0.765415
v 0.585330 -0.165104 0.764505
v 0.594401 -0.165592 0.755724
v 0.608884 -0.173205 0.732502
v 0.586998 -0.166280 0.806434
v 0.590897 -0.155609 0.786500
v 0.585338 -0.159377 0.780861
v 0.606870 -0.175279 0.727762
v 0.602501 -0.179350 0.728747
v 0.599719 -0.183541 0.722975
v 0.601341 -0.214057 0.696520
v 0.613906 -0.224084 0.669139
v 0.632816 -0.217607 0.636184
v 0.641056 -0.198973 0.617877
v 0.636822 -0.213766 0.604072
v 0.595792 -0.183479 0.728162
v 0.598412 -0.196555 0.717709
v 0.595176 -0.208037 0.710292
v 0.605329 -0.221028 0.678411
v 0.620727 -0.232288 0.642287
v 0.634332 -0.223246 0.603669
v 0.630579 -0.227225 0.596978
v 0.621190 -0.238543 0.545834
v 0.621366 -0.230146 0.524164
v 0.622602 -0.228078 0.512117
v 0.614307 -0.189896 0.443873
v 0.636955 -0.221775 0.589202
v 0.615391 -0.236855 0.523883
v 0.612652 -0.225284 0.488342
v 0.601062 -0.211012 0.447072
v 0.613763 -0.202830 0.437029
v 0.522419 -0.050963 0.123233
v 0.518316 -0.055830 0.120489
v 0.595570 -0.185153 0.403903
v 0.567378 -0.147008 0.355493
v 0.520180 -0.039543 0.112954
v 0.523100 -0.037990 0.108281
v 0.616701 -0.184034 0.438790
v 0.612736 -0.178468 0.432676
v 0.594803 -0.175635 0.401754
v 0.548974 -0.112322 0.315940
v 0.532159 -0.079123 0.269216
v 0.526590 -0.065647 0.247666
v 0.519539 -0.053203 0.226116
v 0.513812 -0.044049 0.203981
v 0.510029 -0.038077 0.181762
v 0.509056 -0.036377 0.163303
v 0.509173 -0.037255 0.145678
v 0.509550 -0.038736 0.133316
v 0.528191 -0.041694 0.099441
v 0.531559 -0.034201 0.096861
v 0.537059 -0.036773 0.091702
v 0.542627 -0.049121 0.079731
v 0.549300 -0.086572 0.066105
v 0.557811 -0.073841 0.046321
v 0.556426 -0.080071 0.050999
v 0.560753 -0.065099 0.051142
v 0.556366 -0.054027 0.046822
v 0.551233 -0.051193 0.039613
v 0.549700 -0.090420 0.043570
v 0.549300 -0.075406 0.070058
v 0.550761 -0.069413 0.067126
v 0.554426 -0.077636 0.058607
v 0.555217 -0.084166 0.050838
v 0.549385 -0.090992 0.039561
v 0.593414 -0.163117 0.774319
v 0.591900 -0.164867 0.765550
v 0.584765 -0.173307 0.765988
v 0.596565 -0.172567 0.755859
v 0.609461 -0.180910 0.732637
v 0.592298 -0.182183 0.749894
v 0.592154 -0.193041 0.738786
v 0.605092 -0.184981 0.733621
v 0.602321 -0.189197 0.726378
v 0.603559 -0.223042 0.696689
v 0.628302 -0.248845 0.572110
v 0.632353 -0.239813 0.609788
v 0.627652 -0.246886 0.591542
v 0.629995 -0.243884 0.600084
v 0.617705 -0.232341 0.669309
v 0.636615 -0.225864 0.636354
v 0.644856 -0.207231 0.618046
v 0.640622 -0.222023 0.604242
v 0.609647 -0.244336 0.492423
v 0.616801 -0.255916 0.536713
v 0.600986 -0.229643 0.446333
v 0.624925 -0.246660 0.546001
v 0.625100 -0.238263 0.524331
v 0.626337 -0.236195 0.512284
v 0.608197 -0.202197 0.424560
v 0.618042 -0.198013 0.444039
v 0.600622 -0.196133 0.404129
v 0.572430 -0.157989 0.355719
v 0.534025 -0.055866 0.096899
v 0.529173 -0.058481 0.101434
v 0.539769 -0.068142 0.087955
v 0.525232 -0.050523 0.113180
v 0.528152 -0.048971 0.108507
v 0.533070 -0.052298 0.099576
v 0.536438 -0.044804 0.096996
v 0.543810 -0.046515 0.091837
v 0.547639 -0.059313 0.079273
v 0.551501 -0.080188 0.070058
v 0.552961 -0.074196 0.067126
v 0.550681 -0.091413 0.035889
v 0.556110 -0.077763 0.035397
v 0.546236 -0.064451 0.027132
v 0.551634 -0.068139 0.030322
v 0.559696 -0.079196 0.042311
v 0.558311 -0.085427 0.046989
v 0.562638 -0.070454 0.047132
v 0.558251 -0.059383 0.042812
v 0.553118 -0.056548 0.035603
v 0.547511 -0.103902 0.038680
v 0.551433 -0.098479 0.064284
v 0.549907 -0.106202 0.049557
v 0.540916 -0.089743 0.025987
v 0.533043 -0.075365 0.025458
v 0.549590 -0.104417 0.057082
v 0.544632 -0.097228 0.030290
v 0.571427 -0.181464 0.800760
v 0.588886 -0.173382 0.806570
v 0.592785 -0.162711 0.786635
v 0.588365 -0.165955 0.780996
v 0.597202 -0.192835 0.728332
v 0.599642 -0.205995 0.717878
v 0.595006 -0.218121 0.710461
v 0.607548 -0.230012 0.678581
v 0.624526 -0.240545 0.642457
v 0.638131 -0.231503 0.603839
v 0.634379 -0.235482 0.597148
v 0.640689 -0.229892 0.589369
v 0.619125 -0.244972 0.524050
v 0.616386 -0.233401 0.488509
v 0.604796 -0.219129 0.447239
v 0.620132 -0.191490 0.438943
v 0.617789 -0.189448 0.432902
v 0.599855 -0.186615 0.401979
v 0.554027 -0.123303 0.316166
v 0.537211 -0.090104 0.269442
v 0.531642 -0.076628 0.247892
v 0.524592 -0.064184 0.226341
v 0.518865 -0.055030 0.204207
v 0.515081 -0.049058 0.181988
v 0.514108 -0.047358 0.163528
v 0.514226 -0.048235 0.145904
v 0.514603 -0.049717 0.133542
v 0.520601 -0.058802 0.107147
v 0.524133 -0.066479 0.097226
v 0.556627 -0.082419 0.058607
v 0.557417 -0.088949 0.050838
v 0.551585 -0.095775 0.039561
v 0.549405 -0.085251 0.030702
v 0.544340 -0.077337 0.025527
v 0.540647 -0.071866 0.025619
v 0.480027 -0.001049 0.001420
v 0.480027 -0.001049 0.001420
v 0.478298 0.016632 0.130108
v 0.478298 0.016632 0.130108
v 0.486404 -0.005279 0.042633
v 0.486404 -0.005279 0.042633
v 0.488552 -0.156301 0.904693
v 0.488552 -0.156301 0.904693
v 0.487494 -0.140141 0.793184
v 0.487494 -0.140141 0.793184
v 0.474130 -0.153369 0.703699
v 0.474130 -0.153369 0.703699
v 0.470436 -0.162886 0.661368
v 0.470436 -0.162886 0.661368
v 0.490833 -0.194877 0.611133
v 0.490833 -0.194877 0.611133
v 0.513215 -0.193526 0.496975
v 0.513215 -0.193526 0.496975
v 0.509769 -0.177211 0.457372
v 0.509769 -0.177211 0.457372
v 0.497881 -0.140450 0.399371
v 0.497881 -0.140450 0.399371
v 0.480381 -0.087497 0.327504
v 0.480381 -0.087497 0.327504
v 0.480381 -0.087497 0.327504
v 0.494122 -0.016411 0.259997
v 0.494122 -0.016411 0.259997
v 0.482361 0.008147 0.212265
v 0.482361 0.008147 0.212265
v 0.477452 0.018397 0.152958
v 0.477452 0.018397 0.152958
v 0.479143 0.014867 0.107258
v 0.479143 0.014867 0.107258
v 0.484360 0.003974 0.073333
v 0.484360 0.003974 0.073333
v 0.488752 -0.005196 0.052179
v 0.488752 -0.005196 0.052179
v 0.509757 -0.076266 0.016268
v 0.489253 -0.068407 0.019044
v 0.461976 -0.026242 0.025068
v 0.479773 -0.053898 0.022257
v 0.510382 -0.077245 0.000025
v 0.471342 -0.057805 0.000025
v 0.462113 -0.024133 0.000000
v 0.493083 -0.075265 0.000025
v 0.506365 -0.058920 0.094660
v 0.470004 -0.019738 0.133531
v 0.487988 -0.043472 0.120021
v 0.510382 -0.077245 0.024114
v 0.468222 -0.038404 0.261932
v 0.468222 -0.038404 0.261932
v 0.556088 -0.232072 0.864092
v 0.550824 -0.169603 0.765016
v 0.559494 -0.187706 0.738004
v 0.570029 -0.209704 0.712252
v 0.582114 -0.234941 0.661114
v 0.586607 -0.244321 0.619364
v 0.588636 -0.248559 0.581432
v 0.586714 -0.244545 0.527149
v 0.579869 -0.230252 0.472196
v 0.568298 -0.206090 0.422017
v 0.550956 -0.169879 0.372811
v 0.520141 -0.105534 0.300318
v 0.505604 -0.056324 0.231381
v 0.498232 -0.036190 0.182867
v 0.499498 -0.037435 0.137288
v 0.513903 -0.081804 0.075170
v 0.515352 -0.095534 0.059227
v 0.516285 -0.097482 0.046393
v 0.507166 -0.088840 0.032573
v 0.480502 -0.053351 0.033072
v 0.542076 -0.224005 0.857258
v 0.505565 -0.180273 0.850615
v 0.512487 -0.173774 0.802180
v 0.505927 -0.164457 0.783116
v 0.498487 -0.181562 0.721122
v 0.496737 -0.198170 0.681391
v 0.511821 -0.220086 0.645060
v 0.521713 -0.231073 0.613044
v 0.528114 -0.236406 0.578105
v 0.531717 -0.234167 0.534817
v 0.533692 -0.221736 0.483800
v 0.530274 -0.199204 0.438657
v 0.517383 -0.160124 0.387485
v 0.500682 -0.097606 0.314565
v 0.488992 -0.046676 0.246856
v 0.479965 -0.022887 0.194293
v 0.473641 -0.020061 0.149403
v 0.472879 -0.039903 0.096816
v 0.478161 -0.059452 0.075206
v 0.478161 -0.059452 0.075206
v 0.475994 -0.063457 0.044580
v 0.464469 -0.032513 0.039254
v 0.492157 -0.077906 0.026005
v 0.551225 -0.221916 0.882510
v 0.557548 -0.235120 0.845674
v 0.560031 -0.226822 0.822400
v 0.538494 -0.184420 0.905564
v 0.555913 -0.218221 0.808899
v 0.547112 -0.199845 0.799468
v 0.491967 -0.151879 0.843997
v 0.491967 -0.151879 0.843997
v 0.533390 -0.183308 0.793284
v 0.529272 -0.174708 0.776274
v 0.533336 -0.194228 0.735386
v 0.545268 -0.216953 0.706330
v 0.478385 -0.180097 0.630458
v 0.478385 -0.180097 0.630458
v 0.562594 -0.244289 0.661114
v 0.565433 -0.254462 0.619364
v 0.502906 -0.202062 0.574071
v 0.502906 -0.202062 0.574071
v 0.563429 -0.252803 0.581432
v 0.509266 -0.202250 0.542095
v 0.509266 -0.202250 0.542095
v 0.558067 -0.250745 0.528927
v 0.548753 -0.228797 0.472196
v 0.540830 -0.204240 0.422017
v 0.526792 -0.166749 0.376974
v 0.509035 -0.103847 0.306533
v 0.497149 -0.052552 0.233715
v 0.456452 -0.011776 0.207193
v 0.491137 -0.034197 0.188572
v 0.447998 -0.007546 0.152123
v 0.489589 -0.035382 0.142153
v 0.445270 -0.011923 0.126648
v 0.445270 -0.011923 0.126648
v 0.495506 -0.063478 0.086945
v 0.443513 -0.023066 0.090956
v 0.443513 -0.023066 0.090956
v 0.489213 -0.086174 0.067047
v 0.490239 -0.089995 0.048416
v 0.446757 -0.033850 0.061005
v 0.490010 -0.080591 0.033702
v 0.483139 -0.001810 0.029137
v 0.483139 -0.001810 0.029137
v 0.530955 -0.066114 0.016268
v 0.537686 -0.045213 0.019044
v 0.513062 -0.001606 0.025068
v 0.532324 -0.028731 0.022257
v 0.531326 -0.067215 0.000025
v 0.537146 -0.026224 0.000025
v 0.509206 -0.001454 0.000000
v 0.540628 -0.052496 0.000025
v 0.519567 -0.052598 0.094660
v 0.511826 0.000283 0.133588
v 0.508489 0.017151 0.130108
v 0.508489 0.017151 0.130108
v 0.519051 -0.028596 0.120021
v 0.531326 -0.067215 0.024114
v 0.590423 -0.217498 0.864092
v 0.584831 -0.205822 0.882510
v 0.569906 -0.174657 0.905616
v 0.623301 -0.199884 0.864092
v 0.592610 -0.222066 0.845674
v 0.590959 -0.218617 0.822400
v 0.586840 -0.210016 0.808899
v 0.578039 -0.191640 0.796537
v 0.566464 -0.167469 0.790258
v 0.577931 -0.156622 0.765016
v 0.586600 -0.174724 0.738004
v 0.597135 -0.196723 0.712252
v 0.609221 -0.221959 0.661114
v 0.613713 -0.231340 0.619364
v 0.615743 -0.235577 0.581432
v 0.613820 -0.231563 0.527149
v 0.606976 -0.217271 0.472196
v 0.595404 -0.193109 0.422017
v 0.578063 -0.156898 0.372811
v 0.547248 -0.092552 0.300318
v 0.518022 -0.050377 0.231381
v 0.506956 -0.032012 0.182867
v 0.507133 -0.033778 0.137288
v 0.532671 -0.072816 0.075170
v 0.542459 -0.082552 0.059227
v 0.543392 -0.084501 0.046393
v 0.542376 -0.071978 0.032573
v 0.531441 -0.028956 0.033072
v 0.625800 -0.183909 0.857258
v 0.606719 -0.123867 0.860235
v 0.605213 -0.129368 0.802180
v 0.602067 -0.118416 0.783116
v 0.620057 -0.123342 0.721122
v 0.634094 -0.132389 0.681391
v 0.641713 -0.157881 0.645060
v 0.644072 -0.172475 0.613044
v 0.644215 -0.180806 0.578105
v 0.640211 -0.182209 0.534817
v 0.629288 -0.175955 0.483800
v 0.613875 -0.159167 0.438657
v 0.591509 -0.124626 0.387485
v 0.553270 -0.072422 0.314565
v 0.520918 -0.031387 0.246856
v 0.508043 -0.009441 0.194293
v 0.509805 -0.002742 0.149403
v 0.525743 -0.014587 0.096816
v 0.537662 -0.030958 0.075206
v 0.537662 -0.030958 0.075206
v 0.542141 -0.031779 0.044580
v 0.516487 -0.007432 0.039254
v 0.543266 -0.053430 0.026005
v 0.618437 -0.189728 0.882510
v 0.624761 -0.202932 0.845674
v 0.616739 -0.199665 0.822400
v 0.597204 -0.156304 0.905564
v 0.612620 -0.191064 0.808899
v 0.606604 -0.099766 0.904693
v 0.603820 -0.172688 0.799468
v 0.601018 -0.099654 0.843997
v 0.599537 -0.151630 0.793284
v 0.592631 -0.102299 0.793598
v 0.595419 -0.143031 0.776274
v 0.616318 -0.099125 0.704240
v 0.608079 -0.158433 0.735386
v 0.626379 -0.098479 0.659182
v 0.618305 -0.181976 0.706330
v 0.637121 -0.112823 0.636412
v 0.628741 -0.212611 0.661114
v 0.646617 -0.134987 0.610483
v 0.634887 -0.221200 0.619364
v 0.649394 -0.148261 0.579699
v 0.634851 -0.218599 0.581432
v 0.644798 -0.153422 0.540617
v 0.636609 -0.213131 0.528927
v 0.633592 -0.148531 0.490826
v 0.625348 -0.192116 0.472196
v 0.619658 -0.134737 0.452433
v 0.611182 -0.170549 0.422017
v 0.593727 -0.103468 0.396338
v 0.590772 -0.136109 0.376974
v 0.554957 -0.056074 0.321529
v 0.552896 -0.082842 0.306533
v 0.522595 -0.020089 0.257727
v 0.522595 -0.020089 0.257727
v 0.520383 -0.041425 0.233715
v 0.506075 0.004684 0.202516
v 0.509851 -0.025235 0.188572
v 0.504075 0.018591 0.152958
v 0.511745 -0.024771 0.142153
v 0.529925 -0.046995 0.086945
v 0.551553 -0.056319 0.067047
v 0.513098 0.013983 0.086337
v 0.513098 0.013983 0.086337
v 0.553887 -0.059514 0.048416
v 0.521628 0.003818 0.059422
v 0.546704 -0.053441 0.033702
v 0.682128 0.185040 0.774184
v -0.497109 -0.216819 0.834134
v -0.484666 -0.203612 0.836160
v -0.497445 -0.215061 0.843736
v -0.483209 -0.202410 0.843197
v -0.483758 -0.199000 0.830504
v -0.482037 -0.195930 0.828536
v -0.493328 -0.202229 0.823382
v -0.492455 -0.202810 0.818347
v -0.506587 -0.215630 0.827377
v -0.509193 -0.217106 0.824934
v -0.508774 -0.218229 0.844931
v -0.510647 -0.221415 0.846719
v -0.503261 -0.207384 0.856125
v -0.503936 -0.208532 0.860956
v -0.493369 -0.190178 0.856777
v -0.492618 -0.188902 0.861348
v -0.486930 -0.177440 0.846326
v -0.484170 -0.172745 0.847797
v -0.486569 -0.172484 0.829386
v -0.483850 -0.167860 0.828592
v -0.496269 -0.178163 0.812406
v -0.495341 -0.176585 0.806172
v -0.512392 -0.192627 0.809275
v -0.512811 -0.193340 0.802682
v -0.527175 -0.208923 0.819495
v -0.530891 -0.215245 0.817291
v -0.531731 -0.215718 0.836032
v -0.535530 -0.222178 0.835539
v -0.528953 -0.213241 0.854095
v -0.534368 -0.222451 0.855640
v -0.521048 -0.204951 0.867519
v -0.523728 -0.209510 0.873922
v -0.511577 -0.191501 0.873531
v -0.512311 -0.192749 0.880866
v -0.501418 -0.176631 0.873232
v -0.501130 -0.176140 0.879458
v -0.497773 -0.217484 0.838662
v -0.488163 -0.208056 0.845941
v -0.492681 -0.210263 0.830941
v -0.500273 -0.193532 0.830103
v -0.500273 -0.193532 0.830103
v -0.519895 -0.196906 0.859925
v -0.519895 -0.196906 0.859925
v -0.518088 -0.156203 0.797422
v -0.537283 -0.178485 0.798682
v -0.556343 -0.200394 0.812833
v -0.562138 -0.209115 0.834509
v -0.561158 -0.210119 0.858386
v -0.550251 -0.197694 0.878859
v -0.536689 -0.177783 0.887392
v -0.523407 -0.158054 0.886680
v -0.503557 -0.201597 0.827441
v -0.503557 -0.201597 0.827441
v -0.486823 -0.170708 0.817382
v -0.489071 -0.174532 0.820896
v -0.510083 -0.221808 0.835206
v -0.508196 -0.218598 0.835935
v -0.500833 -0.209540 0.819438
v -0.500356 -0.208712 0.823076
v -0.485724 -0.198105 0.821989
v -0.489292 -0.197942 0.826314
v -0.481347 -0.197969 0.835899
v -0.483437 -0.200140 0.833748
v -0.494405 -0.198221 0.834891
v -0.494544 -0.194547 0.831144
v -0.494544 -0.194547 0.831144
v -0.508028 -0.207078 0.832288
v -0.508028 -0.207078 0.832288
v -0.510407 -0.209341 0.843914
v -0.510407 -0.209341 0.843914
v -0.506780 -0.203944 0.851418
v -0.506780 -0.203944 0.851418
v -0.503934 -0.185039 0.855266
v -0.503934 -0.185039 0.855266
v -0.498006 -0.173310 0.845643
v -0.498006 -0.173310 0.845643
v -0.497673 -0.168747 0.830046
v -0.497673 -0.168747 0.830046
v -0.506604 -0.173976 0.814413
v -0.506604 -0.173976 0.814413
v -0.518125 -0.195009 0.817234
v -0.518125 -0.195009 0.817234
v -0.527171 -0.201018 0.825215
v -0.527171 -0.201018 0.825215
v -0.529717 -0.203985 0.832697
v -0.529717 -0.203985 0.832697
v -0.527169 -0.204942 0.846587
v -0.527169 -0.204942 0.846587
v -0.515232 -0.187971 0.864959
v -0.515232 -0.187971 0.864959
v -0.508019 -0.176111 0.867841
v -0.508019 -0.176111 0.867841
v -0.499977 -0.170632 0.822229
v -0.499977 -0.170632 0.822229
v -0.509629 -0.208721 0.837638
v -0.509629 -0.208721 0.837638
v -0.494099 -0.195745 0.833018
v -0.498277 -0.198717 0.861152
v -0.498315 -0.198781 0.856451
v -0.469405 -0.187401 0.674714
v -0.463177 -0.177511 0.676558
v -0.479332 -0.191391 0.686070
v -0.462771 -0.169567 0.690964
v -0.482113 -0.183223 0.697366
v -0.468799 -0.165916 0.704595
v -0.487374 -0.188362 0.694197
v -0.492575 -0.190538 0.698828
v -0.480816 -0.176510 0.714063
v -0.495646 -0.185932 0.708821
v -0.506223 -0.196408 0.711713
v -0.508429 -0.193390 0.723636
v -0.494216 -0.173267 0.733073
v -0.499267 -0.179480 0.736348
v -0.499467 -0.178502 0.742681
v -0.486231 -0.163270 0.757891
v -0.481730 -0.157363 0.768777
v -0.489597 -0.161769 0.768264
v -0.491434 -0.163398 0.771962
v -0.485640 -0.154586 0.800441
v -0.484261 -0.149786 0.829892
v -0.485186 -0.150879 0.845180
v -0.490968 -0.159821 0.861576
v -0.474520 -0.155084 0.747880
v -0.478624 -0.150472 0.778004
v -0.481333 -0.146825 0.820266
v -0.482107 -0.146046 0.843078
v -0.484509 -0.149211 0.855216
v -0.489906 -0.157738 0.868816
v -0.484765 -0.186225 0.667267
v -0.475106 -0.170498 0.676558
v -0.493834 -0.188755 0.678707
v -0.474700 -0.162554 0.690964
v -0.488124 -0.179843 0.693610
v -0.480728 -0.158903 0.704595
v -0.501518 -0.185118 0.688273
v -0.506720 -0.187294 0.692904
v -0.494378 -0.172276 0.712179
v -0.507741 -0.179204 0.704862
v -0.519354 -0.191441 0.705744
v -0.521537 -0.188383 0.725117
v -0.509396 -0.171786 0.731733
v -0.513197 -0.175871 0.733739
v -0.512111 -0.172705 0.743174
v -0.499231 -0.158081 0.758878
v -0.495946 -0.154241 0.765533
v -0.502168 -0.155850 0.766289
v -0.504685 -0.158635 0.771891
v -0.497569 -0.147573 0.800441
v -0.497569 -0.147573 0.800441
v -0.490821 -0.153877 0.845419
v -0.490821 -0.153877 0.845419
v -0.495401 -0.159148 0.857393
v -0.495401 -0.159148 0.857393
v -0.486448 -0.148071 0.747880
v -0.490552 -0.143459 0.778004
v -0.493262 -0.139812 0.820266
v -0.494036 -0.139033 0.843078
v -0.496438 -0.142198 0.855216
v -0.501835 -0.150725 0.868816
vt 0.652872 0.655631
vt 0.652872 0.655631
vt 0.678370 0.655631
vt 0.644315 0.655631
vt 0.644315 0.655631
vt 0.618817 0.655631
vt 0.652872 0.239530
vt 0.652872 0.239530
vt 0.678370 0.239530
vt 0.678370 0.239530
vt 0.644315 0.239530
vt 0.618817 0.239530
vt 0.747625 0.512115
vt 0.753341 0.505364
vt 0.744104 0.509851
vt 0.748097 0.502462
vt 0.757164 0.502556
vt 0.757286 0.498180
vt 0.768524 0.502150
vt 0.769275 0.497924
vt 0.784364 0.505729
vt 0.785953 0.502138
vt 0.797542 0.512889
vt 0.799447 0.510781
vt 0.806035 0.523054
vt 0.809454 0.521313
vt 0.813484 0.536984
vt 0.816785 0.535728
vt 0.816248 0.551396
vt 0.820398 0.552827
vt 0.813517 0.566255
vt 0.817605 0.568064
vt 0.802809 0.580444
vt 0.805050 0.585342
vt 0.785469 0.588726
vt 0.787170 0.593796
vt 0.764652 0.591141
vt 0.761220 0.596348
vt 0.748996 0.586641
vt 0.745884 0.592414
vt 0.735428 0.577899
vt 0.732203 0.585655
vt 0.724578 0.567632
vt 0.719730 0.572007
vt 0.717099 0.554860
vt 0.711706 0.557669
vt 0.711140 0.540209
vt 0.706278 0.542411
vt 0.745407 0.511731
vt 0.745298 0.505487
vt 0.750916 0.510558
vt 0.761496 0.518049
vt 0.767234 0.513774
vt 0.731446 0.561236
vt 0.825326 0.511589
vt 0.813552 0.611097
vt 0.788344 0.618297
vt 0.759416 0.620785
vt 0.738496 0.615730
vt 0.719328 0.606149
vt 0.701814 0.589166
vt 0.689127 0.568967
vt 0.681767 0.548552
vt 0.755828 0.522403
vt 0.773261 0.512819
vt 0.812921 0.576061
vt 0.809794 0.572925
vt 0.792731 0.506641
vt 0.791459 0.508889
vt 0.777489 0.500426
vt 0.776432 0.503018
vt 0.762642 0.497469
vt 0.763008 0.502020
vt 0.752659 0.499456
vt 0.755280 0.503379
vt 0.759450 0.511134
vt 0.763416 0.512456
vt 0.763560 0.511043
vt 0.745306 0.524563
vt 0.782443 0.514640
vt 0.735183 0.518702
vt 0.792019 0.519955
vt 0.729626 0.507645
vt 0.798618 0.528222
vt 0.732900 0.492638
vt 0.804934 0.539986
vt 0.741020 0.483031
vt 0.806883 0.551573
vt 0.751976 0.476939
vt 0.804173 0.563526
vt 0.766414 0.474303
vt 0.794833 0.574832
vt 0.777864 0.585129
vt 0.782299 0.482683
vt 0.764502 0.587247
vt 0.794624 0.485683
vt 0.752397 0.584083
vt 0.804152 0.491165
vt 0.740962 0.576179
vt 0.814018 0.499342
vt 0.727595 0.550525
vt 0.830576 0.520076
vt 0.721972 0.539423
vt 0.837042 0.529788
vt 0.758412 0.475981
vt 0.801257 0.569420
vt 0.740016 0.522228
vt 0.787605 0.516871
vt 0.761846 0.511370
vt 0.812750 0.528674
vt 0.809731 0.530078
vt 0.715437 0.352562
vt 0.713236 0.356948
vt 0.723367 0.352715
vt 0.713633 0.364809
vt 0.731720 0.360391
vt 0.716083 0.375121
vt 0.737696 0.358018
vt 0.740690 0.360070
vt 0.733125 0.378595
vt 0.750593 0.381540
vt 0.758572 0.385172
vt 0.757908 0.391698
vt 0.740083 0.402696
vt 0.744903 0.409104
vt 0.742989 0.412725
vt 0.727754 0.423782
vt 0.720985 0.434388
vt 0.727969 0.438155
vt 0.728225 0.441087
vt 0.717447 0.462430
vt 0.709949 0.488558
vt 0.708137 0.502532
vt 0.708464 0.520063
vt 0.717116 0.414812
vt 0.713206 0.441725
vt 0.707614 0.479128
vt 0.703999 0.499104
vt 0.702830 0.509646
vt 0.702924 0.523187
vt 0.714344 0.341711
vt 0.704444 0.355685
vt 0.726573 0.341711
vt 0.705609 0.368548
vt 0.734731 0.353945
vt 0.705516 0.379744
vt 0.744513 0.352163
vt 0.748660 0.355111
vt 0.746175 0.372674
vt 0.758215 0.374280
vt 0.767454 0.382990
vt 0.765441 0.396324
vt 0.753603 0.405903
vt 0.754764 0.410545
vt 0.751367 0.417790
vt 0.737512 0.429692
vt 0.733852 0.434346
vt 0.737903 0.437492
vt 0.738313 0.442932
vt 0.728546 0.466461
vt 0.827061 0.596685
vt 0.719689 0.503266
vt 0.842011 0.564153
vt 0.720213 0.519176
vt 0.843650 0.548130
vt 0.705478 0.416387
vt 0.701243 0.441593
vt 0.695161 0.478005
vt 0.691852 0.498203
vt 0.690875 0.509692
vt 0.691338 0.524699
vt 0.804495 0.881851
vt 0.791062 0.898458
vt 0.800673 0.879963
vt 0.780578 0.898338
vt 0.780717 0.898613
vt 0.796684 0.879262
vt 0.788006 0.878635
vt 0.760818 0.878399
vt 0.754501 0.899915
vt 0.732685 0.878593
vt 0.729596 0.898737
vt 0.702762 0.880190
vt 0.696834 0.901196
vt 0.697146 0.901683
vt 0.651975 0.882177
vt 0.653179 0.902292
vt 0.605989 0.881662
vt 0.607374 0.904725
vt 0.579940 0.879095
vt 0.573751 0.905643
vt 0.556131 0.878487
vt 0.552563 0.906186
vt 0.532120 0.875258
vt 0.528881 0.907797
vt 0.512479 0.873051
vt 0.513626 0.909801
vt 0.498782 0.871746
vt 0.498070 0.911828
vt 0.483435 0.872101
vt 0.487740 0.914491
vt 0.461378 0.877571
vt 0.475923 0.915563
vt 0.443751 0.884038
vt 0.457131 0.915985
vt 0.414752 0.890986
vt 0.405808 0.920837
vt 0.400349 0.889963
vt 0.378551 0.922751
vt 0.391214 0.881846
vt 0.347470 0.923130
vt 0.382814 0.878520
vt 0.345407 0.893460
vt 0.377985 0.878001
vt 0.371749 0.879619
vt 0.361609 0.882964
vt 0.807096 0.882124
vt 0.799623 0.900622
vt 0.800487 0.887935
vt 0.790597 0.885918
vt 0.790761 0.886056
vt 0.780520 0.888214
vt 0.756065 0.889550
vt 0.731833 0.888507
vt 0.698774 0.889120
vt 0.651425 0.888852
vt 0.604815 0.888739
vt 0.575389 0.886672
vt 0.552969 0.886521
vt 0.530732 0.887494
vt 0.513144 0.888220
vt 0.499267 0.890154
vt 0.486000 0.893447
vt 0.469303 0.900965
vt 0.449673 0.903651
vt 0.411695 0.909437
vt 0.399534 0.904308
vt 0.373781 0.908228
vt 0.369804 0.886265
vt 0.804253 0.891341
vt 0.805174 0.877031
vt 0.801629 0.874892
vt 0.799247 0.874726
vt 0.795186 0.874120
vt 0.763845 0.873007
vt 0.735563 0.873571
vt 0.701917 0.874556
vt 0.652895 0.875656
vt 0.604726 0.870687
vt 0.577946 0.867802
vt 0.554942 0.865758
vt 0.532932 0.864196
vt 0.512680 0.863423
vt 0.498560 0.863266
vt 0.482475 0.863975
vt 0.458163 0.866398
vt 0.440734 0.869749
vt 0.420597 0.873995
vt 0.404513 0.865818
vt 0.390378 0.867692
vt 0.381490 0.868912
vt 0.376728 0.869578
vt 0.370555 0.870451
vt 0.367245 0.880941
vt 0.338183 0.875169
vt 0.358498 0.872190
vt 0.365308 0.871203
vt 0.809027 0.876115
vt 0.772561 0.879707
vt 0.763728 0.899364
vt 0.763881 0.899365
vt 0.763421 0.891575
vt 0.785516 0.874190
vt 0.817484 0.883461
vt 0.813687 0.906138
vt 0.816398 0.893071
vt 0.817939 0.877142
vt 0.808037 0.891758
vt 0.804764 0.903780
vt 0.809879 0.885228
vt 0.811841 0.876822
vt 0.801151 0.913312
vt 0.805543 0.827667
vt 0.805606 0.862358
vt 0.793431 0.843306
vt 0.801472 0.863963
vt 0.797202 0.864404
vt 0.783151 0.842604
vt 0.783420 0.842546
vt 0.788589 0.864564
vt 0.763689 0.842165
vt 0.763838 0.842034
vt 0.761165 0.863260
vt 0.755120 0.840835
vt 0.732881 0.862314
vt 0.730043 0.841654
vt 0.702899 0.860812
vt 0.653815 0.854196
vt 0.609350 0.846936
vt 0.583050 0.844541
vt 0.558689 0.841133
vt 0.533733 0.841406
vt 0.535063 0.806067
vt 0.541810 0.972975
vt 0.513048 0.842177
vt 0.517040 0.800978
vt 0.527388 0.977849
vt 0.498545 0.843358
vt 0.482224 0.843695
vt 0.484165 0.790826
vt 0.499756 0.987778
vt 0.458293 0.840746
vt 0.438455 0.838133
vt 0.408466 0.838560
vt 0.394508 0.843242
vt 0.362480 0.817174
vt 0.384281 0.985398
vt 0.387479 0.853668
vt 0.380151 0.859254
vt 0.339786 0.855546
vt 0.375612 0.861105
vt 0.369127 0.861290
vt 0.358400 0.860955
vt 0.808351 0.862325
vt 0.802599 0.841851
vt 0.802016 0.855674
vt 0.791588 0.857567
vt 0.791740 0.857452
vt 0.782334 0.853952
vt 0.756722 0.852056
vt 0.732168 0.852230
vt 0.699034 0.851875
vt 0.654176 0.847698
vt 0.609545 0.839792
vt 0.579914 0.836085
vt 0.556561 0.832395
vt 0.533651 0.828439
vt 0.514553 0.825753
vt 0.498907 0.822769
vt 0.483287 0.819294
vt 0.461787 0.813019
vt 0.439246 0.815934
vt 0.400976 0.821028
vt 0.390102 0.829268
vt 0.362660 0.832849
vt 0.365357 0.855401
vt 0.806427 0.852408
vt 0.805780 0.867413
vt 0.802089 0.869459
vt 0.799601 0.869292
vt 0.795282 0.869515
vt 0.763884 0.868746
vt 0.735698 0.867404
vt 0.701923 0.866323
vt 0.653846 0.860685
vt 0.606032 0.857507
vt 0.578965 0.855444
vt 0.555705 0.853788
vt 0.533499 0.852788
vt 0.512889 0.852158
vt 0.498449 0.852169
vt 0.481956 0.852239
vt 0.457136 0.852873
vt 0.438678 0.853130
vt 0.418400 0.853782
vt 0.364406 0.861289
vt 0.697189 0.840427
vt 0.697323 0.839810
vt 0.809864 0.868479
vt 0.773259 0.862434
vt 0.764894 0.850020
vt 0.785886 0.868837
vt 0.819163 0.862309
vt 0.818508 0.837624
vt 0.819493 0.852155
vt 0.818667 0.868741
vt 0.810473 0.852410
vt 0.808511 0.839020
vt 0.811588 0.859438
vt 0.812657 0.868203
vt 0.792960 0.910387
vt 0.796126 0.830327
vt 0.784274 0.910456
vt 0.785889 0.829723
vt 0.771327 0.910289
vt 0.772898 0.831476
vt 0.754571 0.910541
vt 0.756098 0.829564
vt 0.728678 0.910993
vt 0.728762 0.829194
vt 0.697866 0.915827
vt 0.702478 0.827145
vt 0.657646 0.834004
vt 0.657780 0.833303
vt 0.658548 0.937710
vt 0.614589 0.951276
vt 0.615456 0.824641
vt 0.582235 0.960122
vt 0.582463 0.816353
vt 0.558522 0.811770
vt 0.563296 0.965283
vt 0.499128 0.794936
vt 0.511702 0.984293
vt 0.466662 0.791732
vt 0.484007 0.990573
vt 0.442720 0.800499
vt 0.459903 0.988324
vt 0.392553 0.811589
vt 0.410286 0.978587
vt 0.333051 0.826381
vt 0.352969 0.990573
vt 0.796219 0.911128
vt 0.799884 0.829849
vt 0.763324 0.909982
vt 0.765920 0.831187
vt 0.811315 0.915907
vt 0.817176 0.826494
vt 0.873489 0.013084
vt 0.873769 0.017086
vt 0.873432 0.023148
vt 0.874494 0.031376
vt 0.870915 0.038588
vt 0.868495 0.043148
vt 0.881702 0.072125
vt 0.881476 0.080366
vt 0.882215 0.098975
vt 0.882510 0.107888
vt 0.882405 0.118683
vt 0.882219 0.129986
vt 0.881744 0.144058
vt 0.880947 0.158557
vt 0.880540 0.173211
vt 0.880613 0.188077
vt 0.879519 0.223978
vt 0.870387 0.294399
vt 0.859712 0.313756
vt 0.859096 0.317011
vt 0.871391 0.331537
vt 0.870150 0.366560
vt 0.870745 0.392669
vt 0.857545 0.436669
vt 0.860605 0.442883
vt 0.858152 0.448670
vt 0.870013 0.471739
vt 0.876559 0.495347
vt 0.880538 0.517428
vt 0.875000 0.524703
vt 0.866441 0.535930
vt 0.864172 0.594313
vt 0.860630 0.600750
vt 0.868748 0.617425
vt 0.884787 0.610909
vt 0.879357 0.026668
vt 0.879221 0.040713
vt 0.878843 0.012130
vt 0.879132 0.021779
vt 0.879501 0.037227
vt 0.877095 0.044509
vt 0.879733 0.032080
vt 0.859305 0.013053
vt 0.856848 0.018147
vt 0.859217 0.024633
vt 0.866427 0.030434
vt 0.864517 0.026524
vt 0.866449 0.016111
vt 0.867657 0.011869
vt 0.867275 0.022823
vt 0.873967 0.027771
vt 0.866275 0.049175
vt 0.869559 0.049239
vt 0.866981 0.062666
vt 0.865622 0.071504
vt 0.866852 0.075930
vt 0.871969 0.076067
vt 0.873753 0.082650
vt 0.876120 0.085386
vt 0.874555 0.064507
vt 0.876648 0.075867
vt 0.873082 0.073533
vt 0.878206 0.258308
vt 0.872513 0.299605
vt 0.860765 0.320337
vt 0.869234 0.312366
vt 0.866498 0.381992
vt 0.865329 0.388212
vt 0.869568 0.410841
vt 0.879891 0.334369
vt 0.877420 0.404064
vt 0.878541 0.370615
vt 0.852758 0.451286
vt 0.847168 0.460423
vt 0.859181 0.467394
vt 0.873453 0.487822
vt 0.867496 0.444982
vt 0.869984 0.439849
vt 0.865089 0.451329
vt 0.870233 0.427492
vt 0.878024 0.507142
vt 0.860460 0.537527
vt 0.858911 0.544278
vt 0.873343 0.545229
vt 0.869555 0.557717
vt 0.855093 0.545894
vt 0.861877 0.565033
vt 0.870125 0.577629
vt 0.861749 0.582303
vt 0.860147 0.587263
vt 0.871238 0.030838
vt 0.868026 0.038724
vt 0.865852 0.044170
vt 0.863820 0.050828
vt 0.867909 0.051381
vt 0.870915 0.034009
vt 0.855161 0.011453
vt 0.852783 0.016872
vt 0.855443 0.024398
vt 0.862799 0.032031
vt 0.860413 0.027543
vt 0.873085 0.048782
vt 0.862104 0.066196
vt 0.861429 0.075919
vt 0.862087 0.080427
vt 0.866975 0.081026
vt 0.874878 0.102363
vt 0.875565 0.108798
vt 0.875403 0.118324
vt 0.875426 0.128450
vt 0.875482 0.141227
vt 0.875173 0.154878
vt 0.875132 0.169356
vt 0.875076 0.183711
vt 0.874346 0.218832
vt 0.865740 0.289091
vt 0.854269 0.309425
vt 0.855236 0.314937
vt 0.867966 0.087116
vt 0.870079 0.089690
vt 0.873420 0.252735
vt 0.867560 0.294630
vt 0.882037 0.088967
vt 0.878859 0.090966
vt 0.865084 0.318804
vt 0.864456 0.330697
vt 0.865132 0.364009
vt 0.862929 0.393390
vt 0.852628 0.436141
vt 0.856052 0.319956
vt 0.861601 0.379918
vt 0.860112 0.387644
vt 0.863823 0.409568
vt 0.854303 0.442753
vt 0.852370 0.447599
vt 0.865394 0.475330
vt 0.871702 0.498626
vt 0.874524 0.519748
vt 0.870066 0.525770
vt 0.858604 0.532316
vt 0.847486 0.451077
vt 0.842256 0.461847
vt 0.854979 0.470320
vt 0.869688 0.491066
vt 0.873593 0.510021
vt 0.856197 0.535627
vt 0.854013 0.540629
vt 0.850215 0.543634
vt 0.856894 0.594126
vt 0.854929 0.600699
vt 0.862406 0.617435
vt 0.850207 0.548227
vt 0.857491 0.568801
vt 0.861887 0.577907
vt 0.856944 0.580945
vt 0.855440 0.587389
vt 0.896084 0.013084
vt 0.895804 0.017086
vt 0.896141 0.023148
vt 0.895079 0.031376
vt 0.898658 0.038588
vt 0.901079 0.043147
vt 0.887871 0.072125
vt 0.888097 0.080366
vt 0.887358 0.098975
vt 0.887064 0.107888
vt 0.887169 0.118683
vt 0.887354 0.129986
vt 0.887829 0.144058
vt 0.888626 0.158557
vt 0.889033 0.173211
vt 0.888961 0.188077
vt 0.890054 0.223978
vt 0.899187 0.294399
vt 0.909862 0.313756
vt 0.910478 0.317010
vt 0.898183 0.331537
vt 0.899424 0.366560
vt 0.898829 0.392669
vt 0.912029 0.436669
vt 0.908969 0.442883
vt 0.911422 0.448670
vt 0.899562 0.471739
vt 0.893016 0.495347
vt 0.889037 0.517428
vt 0.894574 0.524703
vt 0.903133 0.535930
vt 0.905402 0.594313
vt 0.908945 0.600750
vt 0.900826 0.617425
vt 0.884787 0.011956
vt 0.884787 0.021469
vt 0.884787 0.026139
vt 0.884787 0.031453
vt 0.884787 0.036425
vt 0.884787 0.040879
vt 0.884787 0.046905
vt 0.884787 0.062617
vt 0.884787 0.072428
vt 0.884787 0.080316
vt 0.884787 0.099024
vt 0.884787 0.107852
vt 0.884787 0.118689
vt 0.884787 0.130089
vt 0.884787 0.144207
vt 0.884787 0.158957
vt 0.884787 0.173199
vt 0.884787 0.188226
vt 0.884787 0.224429
vt 0.884787 0.295024
vt 0.884787 0.307563
vt 0.884787 0.322556
vt 0.884787 0.333775
vt 0.884787 0.373314
vt 0.884787 0.416228
vt 0.884787 0.451023
vt 0.884787 0.484849
vt 0.884787 0.519814
vt 0.884787 0.586718
vt 0.890216 0.026668
vt 0.890352 0.040713
vt 0.890730 0.012130
vt 0.890441 0.021779
vt 0.890073 0.037227
vt 0.892478 0.044509
vt 0.889840 0.032080
vt 0.910268 0.013053
vt 0.912725 0.018148
vt 0.910356 0.024633
vt 0.903146 0.030434
vt 0.905056 0.026524
vt 0.903124 0.016111
vt 0.901917 0.011869
vt 0.902298 0.022823
vt 0.895606 0.027771
vt 0.903298 0.049175
vt 0.900014 0.049239
vt 0.902592 0.062666
vt 0.903951 0.071504
vt 0.902721 0.075930
vt 0.897604 0.076067
vt 0.895820 0.082650
vt 0.893453 0.085386
vt 0.895019 0.064507
vt 0.892926 0.075867
vt 0.896491 0.073533
vt 0.891368 0.258308
vt 0.884787 0.259699
vt 0.897060 0.299605
vt 0.908809 0.320337
vt 0.900340 0.312365
vt 0.903076 0.381992
vt 0.904245 0.388212
vt 0.900007 0.410841
vt 0.889683 0.334369
vt 0.892155 0.404064
vt 0.891033 0.370615
vt 0.916817 0.451286
vt 0.922406 0.460423
vt 0.910393 0.467394
vt 0.896121 0.487822
vt 0.902078 0.444982
vt 0.899590 0.439848
vt 0.904486 0.451329
vt 0.899341 0.427492
vt 0.891550 0.507142
vt 0.884787 0.506506
vt 0.909115 0.537527
vt 0.884787 0.544214
vt 0.910664 0.544278
vt 0.896232 0.545229
vt 0.900019 0.557717
vt 0.914482 0.545894
vt 0.907697 0.565033
vt 0.899450 0.577629
vt 0.907826 0.582303
vt 0.909428 0.587263
vt 0.898335 0.030838
vt 0.901547 0.038724
vt 0.903721 0.044170
vt 0.905753 0.050828
vt 0.901664 0.051381
vt 0.898658 0.034009
vt 0.914413 0.011453
vt 0.916790 0.016872
vt 0.914130 0.024399
vt 0.906775 0.032031
vt 0.909160 0.027543
vt 0.896488 0.048782
vt 0.907469 0.066196
vt 0.908145 0.075919
vt 0.907486 0.080427
vt 0.902599 0.081026
vt 0.894695 0.102363
vt 0.894008 0.108798
vt 0.894171 0.118324
vt 0.894148 0.128450
vt 0.894092 0.141227
vt 0.894400 0.154878
vt 0.894441 0.169356
vt 0.894498 0.183711
vt 0.895227 0.218832
vt 0.903834 0.289091
vt 0.915305 0.309425
vt 0.914338 0.314937
vt 0.901607 0.087116
vt 0.899494 0.089690
vt 0.896154 0.252735
vt 0.902014 0.294630
vt 0.887536 0.088967
vt 0.890714 0.090966
vt 0.904490 0.318804
vt 0.905118 0.330697
vt 0.904442 0.364009
vt 0.906645 0.393390
vt 0.916946 0.436141
vt 0.913522 0.319956
vt 0.907973 0.379918
vt 0.909462 0.387644
vt 0.905752 0.409568
vt 0.915271 0.442753
vt 0.917204 0.447598
vt 0.904181 0.475330
vt 0.897873 0.498626
vt 0.895050 0.519748
vt 0.899509 0.525770
vt 0.910971 0.532316
vt 0.922088 0.451077
vt 0.927319 0.461847
vt 0.914595 0.470320
vt 0.899886 0.491066
vt 0.895982 0.510021
vt 0.913378 0.535627
vt 0.915562 0.540629
vt 0.919359 0.543634
vt 0.912681 0.594126
vt 0.914646 0.600699
vt 0.907168 0.617435
vt 0.919368 0.548227
vt 0.912083 0.568801
vt 0.907687 0.577907
vt 0.912631 0.580945
vt 0.914135 0.587389
vt 0.681901 0.135451
vt 0.695401 0.137374
vt 0.985955 0.727147
vt 0.701796 0.149453
vt 0.985505 0.736379
vt 0.705110 0.164592
vt 0.982533 0.746978
vt 0.714550 0.163722
vt 0.979380 0.753241
vt 0.717993 0.177516
vt 0.980735 0.762769
vt 0.727083 0.181949
vt 0.978872 0.769577
vt 0.740589 0.179558
vt 0.979490 0.778860
vt 0.750388 0.171743
vt 0.979790 0.787350
vt 0.754436 0.159162
vt 0.980694 0.796364
vt 0.752365 0.150882
vt 0.980031 0.802082
vt 0.747511 0.151859
vt 0.980376 0.805411
vt 0.741922 0.146910
vt 0.980733 0.810460
vt 0.737343 0.140509
vt 0.983634 0.815927
vt 0.734325 0.136728
vt 0.983473 0.819183
vt 0.729775 0.135307
vt 0.983616 0.822397
vt 0.787701 0.236297
vt 0.906011 0.840309
vt 0.610624 0.227818
vt 0.913206 0.959741
vt 0.607548 0.217010
vt 0.922607 0.966981
vt 0.619586 0.193230
vt 0.934756 0.984654
vt 0.624150 0.189975
vt 0.934799 0.988433
vt 0.630177 0.193713
vt 0.663689 0.770592
vt 0.936192 0.993088
vt 0.632266 0.181596
vt 0.662725 0.762208
vt 0.625911 0.171889
vt 0.660644 0.754277
vt 0.624954 0.158289
vt 0.656975 0.744804
vt 0.613825 0.150815
vt 0.657111 0.735771
vt 0.612142 0.140998
vt 0.655735 0.728949
vt 0.607389 0.136153
vt 0.653443 0.724284
vt 0.650097 0.141091
vt 0.820277 0.742608
vt 0.655306 0.133664
vt 0.820772 0.748770
vt 0.254012 0.794997
vt 0.628953 0.152135
vt 0.259277 0.795649
vt 0.628670 0.144408
vt 0.261072 0.795702
vt 0.629860 0.142038
vt 0.264871 0.795962
vt 0.635412 0.141169
vt 0.236545 0.797733
vt 0.271365 0.797733
vt 0.641497 0.148758
vt 0.241669 0.795189
vt 0.643978 0.155711
vt 0.244974 0.792346
vt 0.639833 0.157869
vt 0.248901 0.794479
vt 0.636246 0.153435
vt 0.251953 0.794943
vt 0.631997 0.151870
vt 0.289686 0.808689
vt 0.655718 0.175243
vt 0.292489 0.798569
vt 0.656510 0.160632
vt 0.292203 0.792517
vt 0.292489 0.815301
vt 0.661813 0.167862
vt 0.673536 0.166249
vt 0.722360 0.698360
vt 0.676417 0.158456
vt 0.721264 0.692847
vt 0.675230 0.151053
vt 0.722879 0.687611
vt 0.678063 0.146092
vt 0.723652 0.683658
vt 0.685815 0.147007
vt 0.722803 0.678434
vt 0.692413 0.158965
vt 0.721360 0.669214
vt 0.723652 0.733333
vt 0.695775 0.181855
vt 0.721294 0.717672
vt 0.687230 0.177294
vt 0.721264 0.711140
vt 0.681035 0.176145
vt 0.720117 0.706920
vt 0.700129 0.232855
vt 0.918917 0.898265
vt 0.655359 0.230277
vt 0.915881 0.929038
vt 0.744152 0.234760
vt 0.914748 0.868855
vt 0.790503 0.182713
vt 0.913950 0.802361
vt 0.682345 0.116705
vt 0.695920 0.115457
vt 0.985924 0.711081
vt 0.682123 0.126078
vt 0.700329 0.126485
vt 0.985332 0.719115
vt 0.702881 0.103638
vt 0.985451 0.701849
vt 0.706678 0.092178
vt 0.982143 0.693894
vt 0.715837 0.093377
vt 0.979156 0.687674
vt 0.720706 0.076933
vt 0.980638 0.676010
vt 0.729608 0.074253
vt 0.978765 0.669797
vt 0.742547 0.076740
vt 0.979736 0.660920
vt 0.752488 0.082965
vt 0.980515 0.653034
vt 0.755932 0.095910
vt 0.981907 0.644083
vt 0.753291 0.102523
vt 0.981654 0.639247
vt 0.748137 0.101584
vt 0.982068 0.635725
vt 0.742852 0.107579
vt 0.982539 0.630360
vt 0.737965 0.114213
vt 0.985709 0.625044
vt 0.734772 0.117828
vt 0.985706 0.621784
vt 0.730159 0.119051
vt 0.985955 0.618577
vt 0.726164 0.127020
vt 0.982618 0.828437
vt 0.985277 0.612492
vt 0.793115 0.128336
vt 0.919844 0.764216
vt 0.978884 0.611377
vt 0.792893 0.016822
vt 0.957137 0.537157
vt 0.622316 0.043398
vt 0.967604 0.420852
vt 0.615717 0.051177
vt 0.972099 0.414343
vt 0.619649 0.058024
vt 0.976618 0.409307
vt 0.623076 0.062464
vt 0.974688 0.405405
vt 0.626327 0.068442
vt 0.978884 0.401089
vt 0.637422 0.065253
vt 0.663689 0.668811
vt 0.978611 0.393313
vt 0.636108 0.079866
vt 0.659512 0.678412
vt 0.627893 0.087717
vt 0.659477 0.686086
vt 0.620794 0.099768
vt 0.657014 0.695351
vt 0.612533 0.104647
vt 0.657473 0.701856
vt 0.612517 0.112168
vt 0.656471 0.706865
vt 0.605543 0.123689
vt 0.658544 0.716124
vt 0.636112 0.124816
vt 0.820619 0.728127
vt 0.650852 0.109177
vt 0.819943 0.713658
vt 0.655701 0.116942
vt 0.820597 0.707511
vt 0.653049 0.125313
vt 0.821606 0.754658
vt 0.821606 0.701651
vt 0.630533 0.096284
vt 0.789879 0.766067
vt 0.629610 0.104681
vt 0.784365 0.768848
vt 0.630686 0.107118
vt 0.782573 0.768951
vt 0.636190 0.108304
vt 0.778776 0.769233
vt 0.642620 0.101287
vt 0.772242 0.770851
vt 0.807649 0.770851
vt 0.645775 0.092744
vt 0.801780 0.766876
vt 0.641093 0.091071
vt 0.798419 0.763288
vt 0.637292 0.095658
vt 0.794545 0.765515
vt 0.633431 0.096743
vt 0.791853 0.765828
vt 0.272201 0.798861
vt 0.658095 0.074769
vt 0.275225 0.808916
vt 0.658184 0.089878
vt 0.274736 0.814956
vt 0.275225 0.792346
vt 0.663824 0.082875
vt 0.675452 0.085267
vt 0.703993 0.703631
vt 0.677963 0.093068
vt 0.703041 0.709170
vt 0.676421 0.100693
vt 0.704797 0.714361
vt 0.679013 0.105938
vt 0.705664 0.718294
vt 0.686802 0.105305
vt 0.704781 0.723512
vt 0.693961 0.093498
vt 0.703059 0.732685
vt 0.705667 0.668727
vt 0.698157 0.069867
vt 0.700108 0.684362
vt 0.689658 0.074657
vt 0.702713 0.690899
vt 0.683420 0.075346
vt 0.701571 0.695120
vt 0.706608 0.025042
vt 0.967045 0.479151
vt 0.665600 0.031327
vt 0.966553 0.451126
vt 0.747082 0.022576
vt 0.964152 0.506368
vt 0.793115 0.072343
vt 0.969016 0.574062
vt 0.999582 0.727314
vt 0.999132 0.736547
vt 0.996159 0.747145
vt 0.993007 0.753409
vt 0.994362 0.762937
vt 0.992499 0.769745
vt 0.993116 0.779028
vt 0.993416 0.787518
vt 0.994320 0.796531
vt 0.993658 0.802250
vt 0.994003 0.805579
vt 0.994359 0.810628
vt 0.997261 0.816095
vt 0.997100 0.819351
vt 0.997242 0.822565
vt 0.919578 0.839021
vt 0.926773 0.958453
vt 0.936174 0.965692
vt 0.948323 0.983366
vt 0.948365 0.987144
vt 0.650062 0.770508
vt 0.949758 0.991799
vt 0.649098 0.762124
vt 0.647017 0.754193
vt 0.643348 0.744720
vt 0.643484 0.735687
vt 0.642108 0.728865
vt 0.639816 0.724200
vt 0.833904 0.742608
vt 0.834399 0.748770
vt 0.254012 0.808624
vt 0.259277 0.809276
vt 0.261072 0.809329
vt 0.264871 0.809590
vt 0.236545 0.811360
vt 0.271365 0.811360
vt 0.241669 0.808817
vt 0.244974 0.805974
vt 0.248901 0.808106
vt 0.251953 0.808571
vt 0.303312 0.808518
vt 0.306115 0.798399
vt 0.305830 0.792346
vt 0.306115 0.815131
vt 0.735979 0.697873
vt 0.734883 0.692360
vt 0.736498 0.687124
vt 0.737271 0.683171
vt 0.736422 0.677947
vt 0.734979 0.668727
vt 0.737271 0.732846
vt 0.734913 0.717186
vt 0.734882 0.710653
vt 0.733736 0.706433
vt 0.932484 0.896976
vt 0.929447 0.927749
vt 0.928314 0.867567
vt 0.927516 0.801072
vt 0.999550 0.711249
vt 0.998958 0.719283
vt 0.999077 0.702017
vt 0.995769 0.694062
vt 0.992782 0.687842
vt 0.994264 0.676177
vt 0.992391 0.669964
vt 0.993362 0.661087
vt 0.994141 0.653201
vt 0.995533 0.644251
vt 0.995280 0.639414
vt 0.995694 0.635893
vt 0.996165 0.630528
vt 0.999336 0.625212
vt 0.999333 0.621951
vt 0.999582 0.618744
vt 0.996244 0.828605
vt 0.998903 0.612660
vt 0.933410 0.762928
vt 0.992508 0.611656
vt 0.970761 0.537436
vt 0.981228 0.421131
vt 0.985723 0.414622
vt 0.990242 0.409586
vt 0.988313 0.405684
vt 0.992508 0.401368
vt 0.650062 0.668727
vt 0.992235 0.393592
vt 0.645885 0.678328
vt 0.645850 0.686002
vt 0.643387 0.695267
vt 0.643846 0.701772
vt 0.642844 0.706781
vt 0.644917 0.716040
vt 0.834247 0.728127
vt 0.833570 0.713658
vt 0.834224 0.707511
vt 0.835233 0.754658
vt 0.835233 0.701651
vt 0.789879 0.779694
vt 0.784365 0.782476
vt 0.782573 0.782579
vt 0.778776 0.782861
vt 0.772242 0.784478
vt 0.807649 0.784478
vt 0.801780 0.780503
vt 0.798419 0.776915
vt 0.794545 0.779142
vt 0.791853 0.779456
vt 0.285825 0.799156
vt 0.288849 0.809211
vt 0.288360 0.815251
vt 0.288849 0.792641
vt 0.717610 0.704164
vt 0.716658 0.709704
vt 0.718414 0.714894
vt 0.719281 0.718828
vt 0.718398 0.724046
vt 0.716676 0.733218
vt 0.719281 0.669348
vt 0.716291 0.684900
vt 0.716330 0.691433
vt 0.715187 0.695654
vt 0.980669 0.479430
vt 0.980177 0.451405
vt 0.977777 0.506647
vt 0.982641 0.574341
vt 0.014126 0.814314
vt 0.349894 0.429264
vt 0.455668 0.396742
vt 0.682456 0.704660
vt 0.453815 0.420362
vt 0.682184 0.719869
vt 0.418117 0.538075
vt 0.954628 0.586009
vt 0.462082 0.422628
vt 0.683647 0.725187
vt 0.015399 0.831098
vt 0.349690 0.455472
vt 0.016650 0.848202
vt 0.372806 0.468491
vt 0.017086 0.858370
vt 0.387506 0.462854
vt 0.018170 0.879622
vt 0.400847 0.492860
vt 0.018432 0.891463
vt 0.382855 0.495217
vt 0.018110 0.899989
vt 0.372964 0.503764
vt 0.018188 0.908921
vt 0.370560 0.517236
vt 0.017963 0.924319
vt 0.379645 0.539011
vt 0.015155 0.941507
vt 0.401092 0.554885
vt 0.014555 0.947720
vt 0.404439 0.563843
vt 0.012939 0.954748
vt 0.401694 0.574546
vt 0.012360 0.959608
vt 0.405027 0.581262
vt 0.011218 0.963750
vt 0.411610 0.581380
vt 0.014576 0.974768
vt 0.417975 0.564922
vt 0.018432 0.980382
vt 0.421509 0.555104
vt 0.423151 0.551084
vt 0.954877 0.577065
vt 0.977929 0.612578
vt 0.017941 0.983316
vt 0.319619 0.820645
vt 0.423472 0.550991
vt 0.429915 0.579386
vt 0.975499 0.631133
vt 0.429121 0.615772
vt 0.972284 0.655061
vt 0.424131 0.623860
vt 0.971528 0.661204
vt 0.411351 0.624038
vt 0.972774 0.669318
vt 0.406457 0.631386
vt 0.971831 0.674910
vt 0.408062 0.646359
vt 0.970566 0.684499
vt 0.418583 0.655433
vt 0.969753 0.693394
vt 0.410719 0.666888
vt 0.970763 0.702238
vt 0.413030 0.672353
vt 0.969495 0.705821
vt 0.424890 0.677507
vt 0.968288 0.714018
vt 0.430822 0.680022
vt 0.967513 0.718086
vt 0.434835 0.687168
vt 0.968168 0.723331
vt 0.450608 0.700228
vt 0.969082 0.736471
vt 0.458142 0.721585
vt 0.970398 0.751103
vt 0.458301 0.741658
vt 0.972495 0.764162
vt 0.446458 0.741851
vt 0.972666 0.771974
vt 0.437814 0.753034
vt 0.973709 0.781240
vt 0.445283 0.743092
vt 0.970922 0.788956
vt 0.432235 0.738986
vt 0.968259 0.797578
vt 0.424795 0.756114
vt 0.972944 0.808972
vt 0.417848 0.760813
vt 0.973130 0.814502
vt 0.093632 0.792778
vt 0.414566 0.786332
vt 0.977929 0.830783
vt 0.090649 0.819120
vt 0.454713 0.784597
vt 0.089875 0.844453
vt 0.492703 0.778882
vt 0.089026 0.875695
vt 0.539564 0.781161
vt 0.093632 0.913518
vt 0.596479 0.776791
vt 0.144588 0.825772
vt 0.437455 0.428761
vt 0.413072 0.439010
vt 0.952849 0.576397
vt 0.953789 0.609327
vt 0.411947 0.421373
vt 0.952930 0.597950
vt 0.402393 0.423511
vt 0.950987 0.591832
vt 0.407418 0.441181
vt 0.953789 0.580197
vt 0.145003 0.833425
vt 0.427059 0.434350
vt 0.144767 0.837746
vt 0.424878 0.440632
vt 0.144668 0.844302
vt 0.429409 0.449624
vt 0.145325 0.850922
vt 0.427943 0.459728
vt 0.145863 0.855128
vt 0.423356 0.464230
vt 0.145398 0.862998
vt 0.423099 0.476369
vt 0.146087 0.873646
vt 0.430865 0.490961
vt 0.147110 0.882044
vt 0.442061 0.497825
vt 0.148116 0.890360
vt 0.455046 0.497692
vt 0.148834 0.899123
vt 0.464761 0.488151
vt 0.149268 0.910902
vt 0.468050 0.470202
vt 0.149047 0.921160
vt 0.149268 0.792346
vt 0.464683 0.454783
vt 0.147546 0.796468
vt 0.459335 0.450511
vt 0.145964 0.801074
vt 0.453811 0.455616
vt 0.144243 0.804705
vt 0.447690 0.456257
vt 0.143362 0.809027
vt 0.441968 0.452945
vt 0.143301 0.815397
vt 0.437718 0.444583
vt 0.479801 0.442681
vt 0.731119 0.744716
vt 0.482748 0.434814
vt 0.720117 0.744945
vt 0.736492 0.744945
vt 0.475332 0.434118
vt 0.724890 0.744546
vt 0.463712 0.408312
vt 0.687039 0.733812
vt 0.474906 0.419155
vt 0.664568 0.730684
vt 0.477681 0.422164
vt 0.664806 0.733294
vt 0.487565 0.419754
vt 0.666999 0.739446
vt 0.505316 0.405954
vt 0.670703 0.753309
vt 0.480243 0.410764
vt 0.664850 0.724351
vt 0.234060 0.896311
vt 0.537978 0.421591
vt 0.233063 0.888258
vt 0.527025 0.415320
vt 0.232862 0.878338
vt 0.511863 0.418684
vt 0.233503 0.868622
vt 0.503478 0.431420
vt 0.234395 0.859036
vt 0.502145 0.446341
vt 0.234655 0.851860
vt 0.507124 0.456313
vt 0.234795 0.845690
vt 0.504451 0.465530
vt 0.234312 0.841143
vt 0.505182 0.472578
vt 0.234274 0.837021
vt 0.500560 0.476925
vt 0.234573 0.834193
vt 0.501454 0.481226
vt 0.234930 0.829647
vt 0.506889 0.485695
vt 0.235326 0.825041
vt 0.513964 0.484898
vt 0.235411 0.821924
vt 0.518335 0.482926
vt 0.235571 0.819334
vt 0.521619 0.485256
vt 0.235708 0.815975
vt 0.524404 0.480902
vt 0.235020 0.811438
vt 0.531311 0.479338
vt 0.234306 0.801065
vt 0.538715 0.465202
vt 0.234929 0.792346
vt 0.235708 0.920523
vt 0.549084 0.456747
vt 0.235368 0.911898
vt 0.544405 0.444303
vt 0.234442 0.904627
vt 0.543894 0.432961
vt 0.535651 0.510338
vt 0.803850 0.737593
vt 0.523360 0.517930
vt 0.800898 0.728592
vt 0.522772 0.522738
vt 0.800217 0.725482
vt 0.529510 0.530637
vt 0.801400 0.718737
vt 0.537568 0.545431
vt 0.802541 0.707776
vt 0.539530 0.546802
vt 0.803090 0.706308
vt 0.543912 0.541482
vt 0.802716 0.762452
vt 0.804056 0.701880
vt 0.538858 0.530140
vt 0.802146 0.754329
vt 0.543682 0.518809
vt 0.802525 0.746256
vt 0.539461 0.510107
vt 0.804056 0.740099
vt 0.130319 0.824941
vt 0.541267 0.586434
vt 0.130558 0.839072
vt 0.535714 0.606896
vt 0.132088 0.858428
vt 0.525136 0.633992
vt 0.131928 0.873127
vt 0.518985 0.655262
vt 0.131441 0.879552
vt 0.518136 0.664916
vt 0.131464 0.885231
vt 0.520152 0.673176
vt 0.129998 0.891569
vt 0.524135 0.682045
vt 0.129824 0.895825
vt 0.519466 0.686560
vt 0.128313 0.899993
vt 0.522275 0.692298
vt 0.127454 0.904151
vt 0.527208 0.697444
vt 0.127298 0.908308
vt 0.533185 0.695528
vt 0.127585 0.914231
vt 0.535862 0.686739
vt 0.127948 0.921498
vt 0.542672 0.678399
vt 0.128618 0.925496
vt 0.539294 0.673350
vt 0.129307 0.930239
vt 0.537514 0.666338
vt 0.129450 0.934184
vt 0.540313 0.661105
vt 0.129167 0.938416
vt 0.545858 0.658007
vt 0.129709 0.944023
vt 0.545480 0.649596
vt 0.130149 0.951839
vt 0.548791 0.638508
vt 0.128588 0.958795
vt 0.130393 0.792346
vt 0.555881 0.630605
vt 0.130001 0.800172
vt 0.551355 0.619851
vt 0.128774 0.810164
vt 0.550210 0.604835
vt 0.129178 0.815407
vt 0.550163 0.596953
vt 0.129227 0.820054
vt 0.547600 0.590473
vt 0.521641 0.572261
vt 0.753339 0.728187
vt 0.520770 0.554390
vt 0.752139 0.739774
vt 0.754230 0.668727
vt 0.511404 0.539939
vt 0.753572 0.679970
vt 0.506946 0.539164
vt 0.752738 0.682810
vt 0.504373 0.547664
vt 0.752135 0.688619
vt 0.495441 0.553897
vt 0.752856 0.695752
vt 0.499298 0.566355
vt 0.752807 0.704275
vt 0.502171 0.568517
vt 0.753370 0.706586
vt 0.505207 0.576921
vt 0.754149 0.712406
vt 0.512664 0.582570
vt 0.754230 0.718524
vt 0.519903 0.578534
vt 0.753720 0.723942
vt 0.062741 0.840400
vt 0.475878 0.539008
vt 0.063405 0.845619
vt 0.472642 0.531601
vt 0.061857 0.851708
vt 0.463302 0.534124
vt 0.061596 0.853263
vt 0.461041 0.533165
vt 0.061291 0.860676
vt 0.458105 0.522068
vt 0.059658 0.866322
vt 0.449129 0.523007
vt 0.057795 0.878258
vt 0.430721 0.522676
vt 0.057925 0.883527
vt 0.430806 0.530697
vt 0.059642 0.899784
vt 0.438674 0.554539
vt 0.061291 0.916171
vt 0.442905 0.579247
vt 0.062933 0.921155
vt 0.449082 0.584243
vt 0.064230 0.929644
vt 0.458468 0.594407
vt 0.064834 0.933431
vt 0.463759 0.595169
vt 0.064475 0.936786
vt 0.466136 0.597606
vt 0.065773 0.941045
vt 0.472314 0.597968
vt 0.067792 0.945994
vt 0.480036 0.596677
vt 0.066438 0.951621
vt 0.487590 0.601153
vt 0.064195 0.957135
vt 0.065917 0.792346
vt 0.496662 0.598793
vt 0.066429 0.797064
vt 0.495445 0.591525
vt 0.065802 0.807009
vt 0.484622 0.580616
vt 0.064544 0.817595
vt 0.479247 0.565221
vt 0.063891 0.826546
vt 0.480263 0.551461
vt 0.062987 0.835772
vt 0.482434 0.537304
vt 0.062794 0.838047
vt 0.478931 0.537013
vt 0.197218 0.919766
vt 0.507778 0.634213
vt 0.197177 0.906949
vt 0.501853 0.652606
vt 0.195090 0.892526
vt 0.498887 0.674458
vt 0.193597 0.876329
vt 0.501566 0.699130
vt 0.193764 0.872231
vt 0.496423 0.702664
vt 0.194495 0.867481
vt 0.489144 0.702354
vt 0.196820 0.859825
vt 0.480586 0.693857
vt 0.197213 0.849769
vt 0.475434 0.679615
vt 0.196788 0.836819
vt 0.476647 0.660367
vt 0.195874 0.833522
vt 0.481814 0.661067
vt 0.195729 0.829236
vt 0.487922 0.658622
vt 0.195658 0.823944
vt 0.491325 0.651390
vt 0.195537 0.817571
vt 0.489745 0.641972
vt 0.197012 0.814052
vt 0.487707 0.636788
vt 0.195958 0.810187
vt 0.491000 0.631980
vt 0.196273 0.808116
vt 0.493994 0.632695
vt 0.195963 0.804085
vt 0.496794 0.638196
vt 0.195455 0.802323
vt 0.499402 0.637135
vt 0.194958 0.795882
vt 0.504126 0.629020
vt 0.194279 0.792492
vt 0.197043 0.924644
vt 0.508906 0.627017
vt 0.459144 0.673403
vt 0.688778 0.766386
vt 0.447751 0.662125
vt 0.699172 0.765997
vt 0.430593 0.648835
vt 0.713074 0.765035
vt 0.439333 0.631346
vt 0.725658 0.764711
vt 0.444468 0.610373
vt 0.739469 0.763288
vt 0.451230 0.621193
vt 0.747421 0.765398
vt 0.452473 0.626880
vt 0.751026 0.766567
vt 0.449860 0.630944
vt 0.754301 0.766735
vt 0.450558 0.634189
vt 0.756346 0.765962
vt 0.460920 0.633551
vt 0.763018 0.766613
vt 0.472773 0.638971
vt 0.664526 0.767237
vt 0.771405 0.767237
vt 0.465109 0.651067
vt 0.673849 0.766426
vt 0.495788 0.505071
vt 0.664526 0.780288
vt 0.702767 0.780288
vt 0.485330 0.487916
vt 0.689796 0.779655
vt 0.478190 0.505603
vt 0.677505 0.778450
vt 0.493627 0.508940
vt 0.667408 0.780096
vt 0.409985 0.524021
vt 0.954625 0.596650
vt 0.319619 0.792346
vt 0.398577 0.518020
vt 0.954877 0.605060
vt 0.318887 0.798052
vt 0.400128 0.526696
vt 0.319558 0.803553
vt 0.408007 0.529859
vt 0.585876 0.589000
vt 0.938841 0.719676
vt 0.582952 0.493933
vt 0.929888 0.657550
vt 0.089889 0.960298
vt 0.590017 0.669404
vt 0.947836 0.797300
vt 0.003755 0.814644
vt 0.934710 0.593889
vt 0.000462 0.792676
vt 0.037008 0.795551
vt 0.692786 0.704095
vt 0.692445 0.718320
vt 0.964983 0.585341
vt 0.693908 0.723638
vt 0.005028 0.831428
vt 0.006278 0.848532
vt 0.006714 0.858700
vt 0.007798 0.879952
vt 0.008060 0.891794
vt 0.007738 0.900320
vt 0.007817 0.909251
vt 0.007591 0.924649
vt 0.004783 0.941837
vt 0.004184 0.948050
vt 0.002568 0.955078
vt 0.001989 0.959937
vt 0.000847 0.964080
vt 0.000418 0.974899
vt 0.005372 0.982664
vt 0.007632 0.984496
vt 0.965233 0.576397
vt 0.967552 0.612492
vt 0.329975 0.821306
vt 0.965122 0.631048
vt 0.961908 0.654976
vt 0.961152 0.661119
vt 0.962397 0.669233
vt 0.961455 0.674825
vt 0.960189 0.684414
vt 0.959377 0.693308
vt 0.960386 0.702152
vt 0.959118 0.705736
vt 0.957912 0.713932
vt 0.957137 0.718001
vt 0.957792 0.723245
vt 0.958705 0.736385
vt 0.960021 0.751018
vt 0.962118 0.764077
vt 0.963504 0.771867
vt 0.963337 0.780922
vt 0.960549 0.788637
vt 0.957887 0.797260
vt 0.962572 0.808654
vt 0.962758 0.814183
vt 0.083264 0.792346
vt 0.967557 0.830465
vt 0.080281 0.818688
vt 0.077642 0.844194
vt 0.078661 0.875219
vt 0.083266 0.913043
vt 0.154965 0.825807
vt 0.942476 0.576693
vt 0.943417 0.609624
vt 0.942558 0.598246
vt 0.940614 0.592128
vt 0.943416 0.580493
vt 0.155546 0.833450
vt 0.155143 0.837757
vt 0.155045 0.844312
vt 0.155702 0.850931
vt 0.156240 0.855138
vt 0.155775 0.863008
vt 0.156464 0.873656
vt 0.157487 0.882054
vt 0.158493 0.890370
vt 0.159211 0.899133
vt 0.159644 0.910912
vt 0.159424 0.921170
vt 0.159644 0.792381
vt 0.157922 0.796503
vt 0.156340 0.801108
vt 0.154620 0.804739
vt 0.153739 0.809061
vt 0.153678 0.815432
vt 0.731119 0.734339
vt 0.720117 0.734568
vt 0.736492 0.734568
vt 0.724890 0.734169
vt 0.697300 0.732263
vt 0.674829 0.729143
vt 0.675067 0.731753
vt 0.677261 0.737906
vt 0.680965 0.751768
vt 0.681291 0.759969
vt 0.681291 0.670915
vt 0.675112 0.722811
vt 0.223684 0.896374
vt 0.222687 0.888321
vt 0.222485 0.878401
vt 0.223127 0.868686
vt 0.224018 0.859099
vt 0.224279 0.851923
vt 0.224418 0.845754
vt 0.223936 0.841207
vt 0.223897 0.837084
vt 0.224196 0.834256
vt 0.224554 0.829710
vt 0.224949 0.825104
vt 0.225035 0.821987
vt 0.225194 0.819398
vt 0.225332 0.816038
vt 0.224643 0.811501
vt 0.223929 0.801128
vt 0.224553 0.792409
vt 0.225332 0.920587
vt 0.224991 0.911960
vt 0.224066 0.904690
vt 0.793475 0.737363
vt 0.790524 0.728363
vt 0.789843 0.725253
vt 0.791026 0.718507
vt 0.792167 0.707546
vt 0.792715 0.706078
vt 0.792342 0.762222
vt 0.793682 0.701651
vt 0.791772 0.754099
vt 0.792151 0.746027
vt 0.793682 0.739869
vt 0.140696 0.824993
vt 0.140935 0.839124
vt 0.142465 0.858481
vt 0.142304 0.873179
vt 0.141818 0.879604
vt 0.141841 0.885283
vt 0.140375 0.891622
vt 0.140201 0.895877
vt 0.138690 0.900045
vt 0.137718 0.905699
vt 0.140669 0.908055
vt 0.140641 0.913368
vt 0.141144 0.921404
vt 0.141642 0.925430
vt 0.140929 0.930378
vt 0.141150 0.934320
vt 0.142465 0.938668
vt 0.141319 0.944442
vt 0.140515 0.952313
vt 0.138954 0.959268
vt 0.140769 0.792398
vt 0.140378 0.800225
vt 0.139151 0.810216
vt 0.139555 0.815460
vt 0.139604 0.820107
vt 0.763711 0.728492
vt 0.762511 0.740079
vt 0.764602 0.669032
vt 0.763944 0.680276
vt 0.763110 0.683116
vt 0.762507 0.688925
vt 0.763229 0.696057
vt 0.763180 0.704581
vt 0.763742 0.706891
vt 0.764521 0.712712
vt 0.764602 0.718829
vt 0.764092 0.724247
vt 0.073118 0.840484
vt 0.073782 0.845703
vt 0.072234 0.851792
vt 0.071973 0.853347
vt 0.071667 0.860760
vt 0.070035 0.866406
vt 0.068172 0.878343
vt 0.068301 0.883611
vt 0.070018 0.899868
vt 0.071667 0.916255
vt 0.073310 0.921239
vt 0.074606 0.929727
vt 0.075211 0.933516
vt 0.074852 0.936870
vt 0.076150 0.941129
vt 0.075603 0.945817
vt 0.076806 0.952064
vt 0.074562 0.957577
vt 0.076294 0.792430
vt 0.076806 0.797148
vt 0.076178 0.807093
vt 0.074920 0.817680
vt 0.074267 0.826630
vt 0.073364 0.835856
vt 0.073170 0.838131
vt 0.207589 0.919410
vt 0.207547 0.906593
vt 0.205461 0.892170
vt 0.202662 0.876225
vt 0.204141 0.872170
vt 0.206728 0.867701
vt 0.207196 0.859679
vt 0.207589 0.849624
vt 0.207164 0.836673
vt 0.206250 0.833376
vt 0.206105 0.829091
vt 0.206034 0.823798
vt 0.205913 0.817425
vt 0.207388 0.813907
vt 0.206334 0.810041
vt 0.206649 0.807970
vt 0.206339 0.803940
vt 0.205830 0.802178
vt 0.205334 0.795737
vt 0.204655 0.792346
vt 0.207414 0.924288
vt 0.688778 0.776762
vt 0.699172 0.776374
vt 0.713074 0.775412
vt 0.725658 0.775087
vt 0.739469 0.773665
vt 0.747421 0.775775
vt 0.751026 0.776944
vt 0.754301 0.777112
vt 0.756346 0.776339
vt 0.763018 0.776989
vt 0.664526 0.777614
vt 0.771405 0.777614
vt 0.673849 0.776803
vt 0.664526 0.790665
vt 0.702767 0.790665
vt 0.689796 0.790032
vt 0.677505 0.788827
vt 0.667408 0.790473
vt 0.964981 0.595982
vt 0.329975 0.793007
vt 0.965233 0.604392
vt 0.329243 0.798713
vt 0.329914 0.804214
vt 0.949102 0.718132
vt 0.941906 0.656011
vt 0.078279 0.975380
vt 0.956300 0.780253
vt 0.023826 0.814311
vt 0.350139 0.364175
vt 0.582459 0.397735
vt 0.920862 0.595307
vt 0.010833 0.792346
vt 0.027138 0.792346
vt 0.339188 0.396677
vt 0.453996 0.373898
vt 0.682127 0.689956
vt 0.419142 0.255797
vt 0.819943 0.774544
vt 0.419042 0.396989
vt 0.462278 0.371700
vt 0.683570 0.684632
vt 0.022498 0.831091
vt 0.350134 0.337960
vt 0.021191 0.848191
vt 0.373353 0.325115
vt 0.020722 0.858357
vt 0.388013 0.330864
vt 0.019568 0.879606
vt 0.401579 0.300952
vt 0.019268 0.891446
vt 0.383587 0.298484
vt 0.019561 0.899973
vt 0.373741 0.289871
vt 0.019454 0.908904
vt 0.371416 0.276375
vt 0.019629 0.924303
vt 0.380640 0.254638
vt 0.022380 0.941500
vt 0.402368 0.239115
vt 0.022959 0.947715
vt 0.405984 0.230255
vt 0.024553 0.954749
vt 0.404237 0.219335
vt 0.025116 0.959609
vt 0.408180 0.212953
vt 0.026244 0.963756
vt 0.414751 0.213445
vt 0.023413 0.974733
vt 0.419809 0.230075
vt 0.021144 0.982275
vt 0.421342 0.242053
vt 0.020641 0.985389
vt 0.308791 0.794215
vt 0.424858 0.245374
vt 0.424369 0.245081
vt 0.821357 0.782083
vt 0.906181 0.962929
vt 0.431392 0.214523
vt 0.904590 0.942764
vt 0.430814 0.178109
vt 0.901117 0.918872
vt 0.425901 0.169968
vt 0.900294 0.912737
vt 0.413146 0.169661
vt 0.901452 0.904610
vt 0.408335 0.162277
vt 0.900449 0.899029
vt 0.410088 0.147346
vt 0.899080 0.889454
vt 0.420678 0.138395
vt 0.898171 0.880569
vt 0.412957 0.126920
vt 0.899085 0.871715
vt 0.415309 0.121502
vt 0.897779 0.868145
vt 0.427162 0.116483
vt 0.896483 0.859962
vt 0.433089 0.114029
vt 0.895664 0.855902
vt 0.437129 0.106957
vt 0.896263 0.850651
vt 0.452842 0.094128
vt 0.897034 0.837502
vt 0.460340 0.073035
vt 0.898192 0.822856
vt 0.460486 0.053234
vt 0.900148 0.809775
vt 0.448704 0.052723
vt 0.901449 0.801970
vt 0.440266 0.042188
vt 0.901386 0.792914
vt 0.447677 0.051913
vt 0.898688 0.785166
vt 0.434875 0.056038
vt 0.896126 0.776513
vt 0.427444 0.039248
vt 0.900943 0.765175
vt 0.420582 0.034676
vt 0.901194 0.759648
vt 0.110458 0.974948
vt 0.417181 0.009607
vt 0.906181 0.743423
vt 0.107476 0.948606
vt 0.456667 0.011040
vt 0.106701 0.923274
vt 0.494058 0.016401
vt 0.105853 0.892032
vt 0.538032 0.012539
vt 0.110458 0.854208
vt 0.596481 0.014801
vt 0.161804 0.887744
vt 0.437699 0.365368
vt 0.413399 0.354907
vt 0.777673 0.740079
vt 0.778614 0.707149
vt 0.412140 0.372547
vt 0.777755 0.718526
vt 0.402600 0.370332
vt 0.775811 0.724644
vt 0.407760 0.352692
vt 0.778614 0.736279
vt 0.162410 0.880102
vt 0.427378 0.359661
vt 0.162002 0.875797
vt 0.425221 0.353390
vt 0.161891 0.869242
vt 0.429831 0.344427
vt 0.162536 0.862621
vt 0.428445 0.334305
vt 0.163066 0.858413
vt 0.423892 0.329764
vt 0.162586 0.850545
vt 0.423731 0.317616
vt 0.163255 0.839895
vt 0.431619 0.303067
vt 0.164262 0.831495
vt 0.442876 0.296278
vt 0.165253 0.823178
vt 0.455876 0.296514
vt 0.165954 0.814413
vt 0.465527 0.306149
vt 0.166365 0.802633
vt 0.468668 0.324152
vt 0.166125 0.792375
vt 0.166365 0.921187
vt 0.465166 0.339556
vt 0.164658 0.917058
vt 0.459777 0.343784
vt 0.163092 0.912447
vt 0.454295 0.338629
vt 0.161384 0.908810
vt 0.448174 0.337937
vt 0.160519 0.904485
vt 0.442421 0.341204
vt 0.160481 0.898115
vt 0.438101 0.349534
vt 0.480187 0.351799
vt 0.708279 0.744602
vt 0.483065 0.359700
vt 0.702905 0.744831
vt 0.719281 0.744831
vt 0.475637 0.360325
vt 0.714507 0.744432
vt 0.463791 0.386021
vt 0.686929 0.675994
vt 0.467858 0.397180
vt 0.689229 0.668727
vt 0.689368 0.741070
vt 0.475062 0.375283
vt 0.664526 0.700510
vt 0.477868 0.372304
vt 0.664757 0.697899
vt 0.487743 0.374829
vt 0.666932 0.691740
vt 0.505397 0.388775
vt 0.670598 0.677867
vt 0.516882 0.397416
vt 0.671260 0.668727
vt 0.671329 0.762452
vt 0.480292 0.383703
vt 0.664826 0.706841
vt 0.478095 0.397215
vt 0.665302 0.715596
vt 0.220000 0.816622
vt 0.538206 0.373441
vt 0.219004 0.824675
vt 0.527192 0.379610
vt 0.218802 0.834595
vt 0.512057 0.376104
vt 0.219443 0.844310
vt 0.503781 0.363289
vt 0.220335 0.853897
vt 0.502583 0.348343
vt 0.220595 0.861073
vt 0.507658 0.338409
vt 0.220735 0.867242
vt 0.505067 0.329158
vt 0.220253 0.871789
vt 0.505864 0.322109
vt 0.220214 0.875912
vt 0.501276 0.317714
vt 0.220513 0.878739
vt 0.502211 0.313416
vt 0.220870 0.883286
vt 0.507694 0.308989
vt 0.221266 0.887891
vt 0.514774 0.309854
vt 0.221351 0.891008
vt 0.519132 0.311871
vt 0.221511 0.893598
vt 0.522443 0.309569
vt 0.221649 0.896958
vt 0.525190 0.313955
vt 0.220960 0.901495
vt 0.532089 0.315588
vt 0.220246 0.911867
vt 0.539361 0.329813
vt 0.220869 0.920587
vt 0.221649 0.792409
vt 0.549654 0.338376
vt 0.221308 0.801035
vt 0.544850 0.350780
vt 0.220382 0.808305
vt 0.544230 0.362123
vt 0.536737 0.284585
vt 0.818899 0.710315
vt 0.524497 0.276858
vt 0.815948 0.719315
vt 0.523955 0.272035
vt 0.815267 0.722425
vt 0.530787 0.264186
vt 0.816450 0.729170
vt 0.539016 0.249443
vt 0.817591 0.740131
vt 0.540997 0.248089
vt 0.818140 0.741600
vt 0.545333 0.253468
vt 0.819107 0.746027
vt 0.540150 0.264779
vt 0.818536 0.754150
vt 0.544864 0.276182
vt 0.817575 0.701651
vt 0.818915 0.762222
vt 0.540551 0.284855
vt 0.819107 0.707809
vt 0.114315 0.926673
vt 0.543161 0.208375
vt 0.114555 0.912543
vt 0.537778 0.187789
vt 0.116085 0.893186
vt 0.527319 0.160532
vt 0.115924 0.878487
vt 0.521186 0.139136
vt 0.115438 0.872062
vt 0.520355 0.129449
vt 0.115460 0.866383
vt 0.522422 0.121190
vt 0.113994 0.860045
vt 0.526383 0.112455
vt 0.113821 0.855789
vt 0.522504 0.107157
vt 0.112310 0.851621
vt 0.527015 0.103253
vt 0.111450 0.847463
vt 0.529036 0.097445
vt 0.111294 0.843306
vt 0.535367 0.098430
vt 0.111582 0.837383
vt 0.538175 0.107451
vt 0.111945 0.830115
vt 0.545112 0.115855
vt 0.112615 0.826118
vt 0.541677 0.121012
vt 0.113304 0.821375
vt 0.539875 0.128061
vt 0.113447 0.817430
vt 0.542679 0.133333
vt 0.113163 0.813198
vt 0.548260 0.136472
vt 0.113705 0.807591
vt 0.547867 0.144952
vt 0.114145 0.799775
vt 0.551142 0.156124
vt 0.112585 0.792819
vt 0.114389 0.959268
vt 0.558239 0.164119
vt 0.113997 0.951442
vt 0.553598 0.174904
vt 0.112771 0.941450
vt 0.552315 0.189986
vt 0.113174 0.936207
vt 0.552195 0.197904
vt 0.113224 0.931560
vt 0.549559 0.204388
vt 0.523322 0.222380
vt 0.740643 0.735606
vt 0.522263 0.240283
vt 0.739723 0.723993
vt 0.512726 0.254675
vt 0.739335 0.712737
vt 0.508249 0.255409
vt 0.738570 0.709878
vt 0.505751 0.246858
vt 0.738107 0.704056
vt 0.496849 0.240517
vt 0.739000 0.696943
vt 0.500832 0.228056
vt 0.739157 0.688421
vt 0.503751 0.225916
vt 0.739774 0.686125
vt 0.506900 0.217521
vt 0.740693 0.680325
vt 0.514429 0.211951
vt 0.740922 0.674212
vt 0.521646 0.216073
vt 0.740542 0.668782
vt 0.740922 0.739859
vt 0.042839 0.909567
vt 0.477093 0.255271
vt 0.043496 0.904347
vt 0.473786 0.262673
vt 0.041940 0.898260
vt 0.464444 0.260067
vt 0.041677 0.896705
vt 0.462171 0.261010
vt 0.041362 0.889292
vt 0.459137 0.272112
vt 0.039722 0.883648
vt 0.450147 0.271098
vt 0.037844 0.871714
vt 0.431684 0.271294
vt 0.037967 0.866446
vt 0.431818 0.263247
vt 0.039663 0.850186
vt 0.439927 0.239416
vt 0.041291 0.833797
vt 0.444368 0.214759
vt 0.042927 0.828811
vt 0.450580 0.209806
vt 0.044212 0.820321
vt 0.460013 0.199665
vt 0.044812 0.816532
vt 0.465289 0.198929
vt 0.044449 0.813178
vt 0.467667 0.196490
vt 0.045741 0.808917
vt 0.473850 0.196164
vt 0.045172 0.804232
vt 0.481001 0.198033
vt 0.046583 0.798029
vt 0.489603 0.193240
vt 0.044524 0.792444
vt 0.046077 0.957616
vt 0.498588 0.195599
vt 0.046583 0.952898
vt 0.497298 0.202835
vt 0.045943 0.942953
vt 0.486301 0.213498
vt 0.044671 0.932368
vt 0.480715 0.228981
vt 0.044007 0.923419
vt 0.481602 0.242814
vt 0.043090 0.914194
vt 0.483654 0.257038
vt 0.042894 0.911919
vt 0.480138 0.257298
vt 0.191011 0.819825
vt 0.509891 0.160231
vt 0.190874 0.807009
vt 0.503965 0.141675
vt 0.190510 0.924436
vt 0.192760 0.792558
vt 0.500941 0.119483
vt 0.192760 0.908405
vt 0.503630 0.095413
vt 0.192005 0.904332
vt 0.498395 0.091856
vt 0.190557 0.899687
vt 0.491048 0.092146
vt 0.188281 0.892015
vt 0.482478 0.100440
vt 0.187953 0.881958
vt 0.477513 0.114600
vt 0.188460 0.869010
vt 0.478650 0.133799
vt 0.189396 0.865719
vt 0.483812 0.133113
vt 0.189568 0.861435
vt 0.489937 0.135560
vt 0.189673 0.856143
vt 0.493374 0.142857
vt 0.189835 0.849771
vt 0.491738 0.152331
vt 0.188383 0.846243
vt 0.489654 0.157542
vt 0.189461 0.842384
vt 0.492945 0.162410
vt 0.189160 0.840311
vt 0.495977 0.161703
vt 0.189496 0.836283
vt 0.498824 0.156168
vt 0.190015 0.834524
vt 0.501450 0.157247
vt 0.190553 0.828086
vt 0.506215 0.165449
vt 0.191254 0.824700
vt 0.510998 0.167466
vt 0.461236 0.120758
vt 0.764754 0.751223
vt 0.449812 0.131945
vt 0.754360 0.750835
vt 0.432589 0.145083
vt 0.740459 0.749873
vt 0.441160 0.162618
vt 0.727874 0.749549
vt 0.446118 0.183631
vt 0.714063 0.748126
vt 0.452965 0.172864
vt 0.706112 0.750236
vt 0.454253 0.167190
vt 0.702507 0.751405
vt 0.451674 0.163106
vt 0.699231 0.751573
vt 0.452396 0.159870
vt 0.697186 0.750800
vt 0.462749 0.160591
vt 0.690514 0.751450
vt 0.474672 0.155246
vt 0.682127 0.752075
vt 0.789006 0.752075
vt 0.467072 0.143079
vt 0.779683 0.751264
vt 0.496754 0.289477
vt 0.703603 0.780288
vt 0.741844 0.780288
vt 0.486123 0.306569
vt 0.716574 0.779655
vt 0.479126 0.288786
vt 0.728865 0.778450
vt 0.494624 0.285581
vt 0.738962 0.780096
vt 0.410912 0.269822
vt 0.819954 0.763903
vt 0.307697 0.821330
vt 0.399459 0.275760
vt 0.820216 0.755494
vt 0.306951 0.815626
vt 0.401064 0.267086
vt 0.307609 0.810124
vt 0.408968 0.263968
vt 0.588044 0.206261
vt 0.938840 0.470938
vt 0.583932 0.301529
vt 0.929818 0.533064
vt 0.106715 0.807428
vt 0.593072 0.124881
vt 0.947836 0.393313
vt 0.034197 0.814675
vt 0.692394 0.691465
vt 0.830297 0.775225
vt 0.693836 0.686141
vt 0.032868 0.831455
vt 0.031562 0.848555
vt 0.031093 0.858721
vt 0.029939 0.879970
vt 0.029638 0.891810
vt 0.029932 0.900337
vt 0.029824 0.909268
vt 0.029999 0.924667
vt 0.032751 0.941864
vt 0.033330 0.948079
vt 0.034923 0.955113
vt 0.035486 0.959974
vt 0.036615 0.964120
vt 0.037008 0.974940
vt 0.032038 0.982695
vt 0.318051 0.792346
vt 0.896845 0.961490
vt 0.830570 0.784169
vt 0.030072 0.984840
vt 0.894215 0.942962
vt 0.890742 0.919070
vt 0.889919 0.912935
vt 0.891077 0.904808
vt 0.890074 0.899227
vt 0.888705 0.889652
vt 0.887796 0.880767
vt 0.888710 0.871912
vt 0.887404 0.868343
vt 0.886108 0.860160
vt 0.885290 0.856100
vt 0.885888 0.850848
vt 0.886659 0.837700
vt 0.887817 0.823054
vt 0.889773 0.809972
vt 0.891074 0.802168
vt 0.891011 0.793112
vt 0.888313 0.785364
vt 0.885751 0.776711
vt 0.890568 0.765373
vt 0.890819 0.759846
vt 0.100090 0.975380
vt 0.895806 0.743621
vt 0.097108 0.949038
vt 0.094468 0.923533
vt 0.095487 0.892507
vt 0.100092 0.854683
vt 0.172180 0.887747
vt 0.767301 0.739783
vt 0.768241 0.706852
vt 0.767382 0.718229
vt 0.765439 0.724348
vt 0.768241 0.735983
vt 0.172579 0.880093
vt 0.172379 0.875768
vt 0.172268 0.869213
vt 0.172912 0.862592
vt 0.173443 0.858384
vt 0.172963 0.850515
vt 0.173631 0.839865
vt 0.174638 0.831465
vt 0.175629 0.823148
vt 0.176331 0.814384
vt 0.176742 0.802604
vt 0.176502 0.792346
vt 0.176742 0.921189
vt 0.175034 0.917061
vt 0.173469 0.912450
vt 0.171761 0.908812
vt 0.170896 0.904488
vt 0.170858 0.898117
vt 0.708279 0.734225
vt 0.702905 0.734454
vt 0.719281 0.734454
vt 0.714507 0.734055
vt 0.697195 0.677504
vt 0.699272 0.738014
vt 0.699272 0.671291
vt 0.674792 0.702022
vt 0.675022 0.699411
vt 0.677198 0.693252
vt 0.680864 0.679379
vt 0.675092 0.708353
vt 0.675920 0.714433
vt 0.209624 0.816559
vt 0.208627 0.824612
vt 0.208425 0.834532
vt 0.209067 0.844247
vt 0.209958 0.853834
vt 0.210219 0.861010
vt 0.210358 0.867179
vt 0.209876 0.871726
vt 0.209837 0.875848
vt 0.210136 0.878676
vt 0.210494 0.883223
vt 0.210889 0.887828
vt 0.210974 0.890945
vt 0.211134 0.893535
vt 0.211272 0.896895
vt 0.210583 0.901432
vt 0.209869 0.911805
vt 0.210493 0.920523
vt 0.211272 0.792346
vt 0.210931 0.800972
vt 0.210006 0.808242
vt 0.808525 0.710544
vt 0.805574 0.719545
vt 0.804893 0.722655
vt 0.806076 0.729400
vt 0.807217 0.740361
vt 0.807766 0.741829
vt 0.808732 0.746256
vt 0.808162 0.754380
vt 0.807201 0.701880
vt 0.808541 0.762452
vt 0.808732 0.708038
vt 0.124692 0.926621
vt 0.124931 0.912490
vt 0.126462 0.893134
vt 0.126301 0.878434
vt 0.125814 0.872010
vt 0.125837 0.866331
vt 0.124371 0.859993
vt 0.124198 0.855737
vt 0.122686 0.851569
vt 0.121714 0.845915
vt 0.124666 0.843559
vt 0.124637 0.838246
vt 0.125140 0.830210
vt 0.125639 0.826184
vt 0.124926 0.821235
vt 0.125146 0.817293
vt 0.126462 0.812946
vt 0.125316 0.807172
vt 0.124511 0.799301
vt 0.122951 0.792346
vt 0.124766 0.959216
vt 0.124374 0.951390
vt 0.123148 0.941397
vt 0.123551 0.936154
vt 0.123601 0.931508
vt 0.751020 0.735550
vt 0.750099 0.723938
vt 0.749712 0.712682
vt 0.748946 0.709823
vt 0.748484 0.704001
vt 0.749376 0.696888
vt 0.749533 0.688366
vt 0.750151 0.686069
vt 0.751070 0.680269
vt 0.751298 0.674156
vt 0.750918 0.668727
vt 0.751298 0.739803
vt 0.053215 0.909469
vt 0.053872 0.904249
vt 0.052317 0.898162
vt 0.052054 0.896607
vt 0.051739 0.889195
vt 0.050099 0.883551
vt 0.048220 0.871617
vt 0.048343 0.866348
vt 0.050039 0.850089
vt 0.051667 0.833699
vt 0.053303 0.828713
vt 0.054589 0.820223
vt 0.055188 0.816435
vt 0.054825 0.813080
vt 0.056117 0.808820
vt 0.055549 0.804135
vt 0.056959 0.797931
vt 0.054900 0.792346
vt 0.056453 0.957518
vt 0.056959 0.952800
vt 0.056319 0.942856
vt 0.055047 0.932271
vt 0.054383 0.923321
vt 0.053467 0.914096
vt 0.053271 0.911822
vt 0.180636 0.819613
vt 0.180499 0.806797
vt 0.180133 0.924435
vt 0.182386 0.792346
vt 0.182383 0.908404
vt 0.180484 0.904370
vt 0.178322 0.899827
vt 0.177906 0.891803
vt 0.177578 0.881746
vt 0.178086 0.868798
vt 0.179021 0.865507
vt 0.179194 0.861222
vt 0.179299 0.855930
vt 0.179461 0.849559
vt 0.178008 0.846031
vt 0.179087 0.842172
vt 0.178785 0.840099
vt 0.179121 0.836071
vt 0.179641 0.834312
vt 0.180178 0.827874
vt 0.180879 0.824488
vt 0.764754 0.761600
vt 0.754360 0.761212
vt 0.740459 0.760250
vt 0.727874 0.759925
vt 0.714063 0.758503
vt 0.706112 0.760613
vt 0.702507 0.761782
vt 0.699231 0.761950
vt 0.697186 0.761177
vt 0.690514 0.761827
vt 0.682127 0.762452
vt 0.789006 0.762452
vt 0.779683 0.761641
vt 0.703603 0.790665
vt 0.741844 0.790665
vt 0.716574 0.790032
vt 0.728865 0.788827
vt 0.738962 0.790472
vt 0.830308 0.764584
vt 0.318051 0.820644
vt 0.830570 0.756175
vt 0.317306 0.814940
vt 0.317964 0.809438
vt 0.949101 0.472482
vt 0.941905 0.534603
vt 0.095105 0.792346
vt 0.956300 0.410361
vt 0.030820 0.442626
vt -0.363378 0.385345
vt 0.033458 0.584237
vt -0.328422 0.223794
vt -0.038684 0.288449
vt 0.333789 0.526823
vt 0.036268 0.527861
vt -0.337681 0.286430
vt -0.333146 0.167109
vt 0.018675 0.639647
vt 0.342359 0.647169
vt -0.037739 0.145793
vt -0.339051 0.141522
vt 0.010593 0.670190
vt 0.016616 0.711389
vt -0.333849 0.111575
vt 0.134830 0.732087
vt -0.243303 0.107575
vt 0.038778 0.737832
vt -0.318769 0.092470
vt 0.083781 0.749348
vt -0.284446 0.087084
vt 0.059763 0.748154
vt -0.302813 0.084765
vt 0.165710 0.727107
vt -0.211872 0.108323
vt 0.250941 0.752321
vt -0.131499 0.062718
vt 0.204454 0.732486
vt -0.172597 0.096455
vt 0.289410 0.771359
vt -0.104828 0.025944
vt 0.312700 0.772284
vt -0.084089 0.015530
vt 0.347412 0.730174
vt -0.040688 0.048860
vt 0.337295 0.756075
vt -0.055935 0.023462
vt 0.332442 0.752423
vt 0.341608 0.729103
vt 0.311223 0.766348
vt 0.291106 0.765667
vt 0.206183 0.726475
vt 0.253715 0.746874
vt 0.165642 0.720765
vt 0.061923 0.740392
vt 0.082959 0.741268
vt 0.043507 0.731205
vt 0.132846 0.725327
vt 0.024455 0.707674
vt 0.018512 0.670931
vt 0.336887 0.647529
vt 0.025676 0.641524
vt 0.041885 0.527884
vt 0.328672 0.527009
vt 0.039413 0.585068
vt 0.036048 0.442297
vt 0.328849 0.749781
vt 0.337071 0.728282
vt 0.310081 0.762077
vt 0.292268 0.761245
vt 0.207646 0.721419
vt 0.256002 0.742395
vt 0.165625 0.715341
vt 0.063488 0.734691
vt 0.082449 0.735290
vt 0.047276 0.726128
vt 0.131348 0.719651
vt 0.030285 0.704994
vt 0.024645 0.671302
vt 0.332322 0.647844
vt 0.031408 0.642909
vt 0.046530 0.527856
vt 0.324321 0.527144
vt 0.044375 0.585729
vt 0.040322 0.442070
vt 0.325965 0.747561
vt 0.333476 0.727678
vt 0.309150 0.758576
vt 0.293140 0.757726
vt 0.208867 0.717208
vt 0.257844 0.738756
vt 0.165651 0.710874
vt 0.064817 0.730109
vt 0.082034 0.730579
vt 0.050361 0.722273
vt 0.130176 0.714942
vt 0.034972 0.702879
vt 0.029515 0.671460
vt 0.328643 0.648118
vt 0.036016 0.643919
vt 0.050329 0.527792
vt 0.320411 0.527247
vt 0.048465 0.586274
vt 0.043799 0.441933
vt 0.321445 0.743931
vt 0.328069 0.726846
vt 0.307673 0.752900
vt 0.294539 0.752239
vt 0.210823 0.710553
vt 0.260729 0.733123
vt 0.165733 0.703852
vt 0.067015 0.722898
vt 0.081280 0.723429
vt 0.055264 0.716590
vt 0.128401 0.707623
vt 0.042122 0.699618
vt 0.036946 0.671565
vt 0.323124 0.648556
vt 0.042999 0.645318
vt 0.056316 0.527649
vt 0.315045 0.527414
vt 0.054972 0.587100
vt 0.049206 0.441726
vt 0.320734 0.743440
vt 0.326979 0.726729
vt 0.307449 0.752069
vt 0.294847 0.751445
vt 0.211125 0.709567
vt 0.261189 0.732283
vt 0.165755 0.702773
vt 0.067343 0.721769
vt 0.081150 0.722220
vt 0.055939 0.715706
vt 0.128125 0.706527
vt 0.043205 0.699108
vt 0.038134 0.671667
vt 0.321452 0.648665
vt 0.044105 0.645571
vt 0.057270 0.527634
vt 0.312494 0.527480
vt 0.056004 0.587200
vt 0.050057 0.441667
vt 0.314027 0.737798
vt 0.318523 0.725594
vt 0.305133 0.743515
vt 0.296879 0.743099
vt 0.214114 0.699752
vt 0.265622 0.724129
vt 0.165985 0.692402
vt 0.070967 0.711030
vt 0.080444 0.711366
vt 0.063840 0.707058
vt 0.125494 0.695798
vt 0.053671 0.694219
vt 0.048939 0.671402
vt 0.312792 0.649436
vt 0.054599 0.647434
vt 0.066187 0.527267
vt 0.304356 0.527794
vt 0.065841 0.588471
vt 0.058256 0.441326
vt 0.309414 0.733889
vt 0.312517 0.724824
vt 0.303580 0.737554
vt 0.298399 0.737232
vt 0.216221 0.693015
vt 0.268795 0.718597
vt 0.166186 0.685031
vt 0.073768 0.703292
vt 0.080336 0.703734
vt 0.068372 0.700411
vt 0.123685 0.688653
vt 0.059867 0.690317
vt 0.056494 0.671221
vt 0.306739 0.649960
vt 0.061810 0.648729
vt 0.072569 0.526995
vt 0.298622 0.527989
vt 0.072675 0.589213
vt 0.064088 0.441022
vt 0.306422 0.731705
vt 0.287128 0.707503
vt 0.308300 0.724399
vt 0.291439 0.700321
vt 0.302931 0.733831
vt 0.282157 0.708903
vt 0.299485 0.733381
vt 0.278671 0.707152
vt 0.217746 0.688229
vt 0.222866 0.650808
vt 0.271160 0.714722
vt 0.259788 0.681116
vt 0.166347 0.679649
vt 0.185358 0.639474
vt 0.075661 0.698267
vt 0.117137 0.657134
vt 0.080639 0.698495
vt 0.120744 0.656226
vt 0.071658 0.696051
vt 0.114164 0.655856
vt 0.122377 0.683629
vt 0.152855 0.640247
vt 0.064482 0.687775
vt 0.109078 0.649584
vt 0.107606 0.636694
vt 0.061800 0.671208
vt 0.302204 0.650329
vt 0.293428 0.632820
vt 0.111473 0.619936
vt 0.066980 0.649733
vt 0.077171 0.526789
vt 0.107811 0.521105
vt 0.292709 0.523937
vt 0.294273 0.528122
vt 0.077541 0.589658
vt 0.115420 0.572580
vt 0.068267 0.440751
vt 0.088255 0.445831
vt 0.029999 0.416711
vt -0.369180 0.417017
vt 0.035123 0.416744
vt 0.039328 0.416807
vt 0.042848 0.416898
vt 0.048441 0.417037
vt 0.049262 0.417048
vt 0.057861 0.417254
vt 0.063680 0.417358
vt 0.067810 0.417432
vt 0.085458 0.423719
vt 0.034681 0.485651
vt -0.348789 0.334886
vt 0.040064 0.485301
vt 0.044530 0.485071
vt 0.048172 0.484970
vt 0.053816 0.484859
vt 0.054683 0.484787
vt 0.063225 0.484530
vt 0.069254 0.484209
vt 0.073651 0.483853
vt 0.099361 0.484232
vt -0.329519 0.195546
vt 0.027464 0.610475
vt 0.033756 0.612079
vt 0.038985 0.613276
vt 0.043270 0.614156
vt 0.050033 0.615424
vt 0.051071 0.615635
vt 0.061110 0.617415
vt 0.068181 0.618628
vt 0.114412 0.596186
vt 0.073226 0.619519
vt 0.118358 0.738169
vt -0.257968 0.100930
vt 0.115887 0.731366
vt 0.114024 0.725709
vt 0.112664 0.721078
vt 0.110647 0.713880
vt 0.110281 0.712861
vt 0.107413 0.702428
vt 0.105268 0.695424
vt 0.103532 0.690567
vt 0.138635 0.646443
vt 0.151119 0.728305
vt -0.227008 0.109399
vt 0.150158 0.721799
vt 0.149393 0.716259
vt 0.148740 0.711716
vt 0.147712 0.704581
vt 0.147608 0.703504
vt 0.146191 0.693090
vt 0.145242 0.685762
vt 0.144640 0.680486
vt 0.169549 0.638754
vt 0.185090 0.728290
vt -0.191892 0.104313
vt 0.185947 0.722062
vt 0.186708 0.716797
vt 0.187386 0.712478
vt 0.188522 0.705686
vt 0.188681 0.704633
vt 0.190341 0.694622
vt 0.191584 0.687529
vt 0.192461 0.682412
vt 0.204373 0.643672
vt 0.222333 0.738952
vt -0.156188 0.085063
vt 0.224638 0.733230
vt 0.226532 0.728441
vt 0.228039 0.724496
vt 0.230398 0.718286
vt 0.230795 0.717361
vt 0.234385 0.708273
vt 0.237043 0.701895
vt 0.239075 0.697347
vt 0.237507 0.661240
vt 0.236810 0.745334
vt -0.143290 0.074444
vt 0.239412 0.739762
vt 0.241559 0.735139
vt 0.243287 0.731362
vt 0.245979 0.725474
vt 0.246415 0.724583
vt 0.250550 0.715980
vt 0.253543 0.710027
vt 0.255776 0.705805
vt 0.249070 0.670756
vt 0.269903 0.762259
vt -0.117320 0.045069
vt 0.272584 0.756857
vt 0.274575 0.752333
vt 0.275903 0.748600
vt 0.277779 0.742925
vt 0.278218 0.742153
vt 0.281304 0.733777
vt 0.283763 0.728315
vt 0.285865 0.724579
vt 0.269873 0.693571
vt 0.101329 0.744703
vt -0.271717 0.093556
vt 0.099100 0.737385
vt 0.097661 0.731450
vt 0.096827 0.726659
vt 0.095796 0.719375
vt 0.095464 0.718333
vt 0.093960 0.707567
vt 0.092701 0.700384
vt 0.091468 0.695522
vt 0.129370 0.651655
vt 0.010596 0.690679
vt -0.338330 0.126311
vt 0.018930 0.689348
vt 0.025197 0.688206
vt 0.030065 0.687241
vt 0.037477 0.685704
vt 0.038638 0.685481
vt 0.049358 0.682992
vt 0.056789 0.681222
vt 0.061851 0.680105
vt 0.107304 0.643398
vt 0.025977 0.726143
vt -0.327258 0.101390
vt 0.032632 0.720599
vt 0.037760 0.716496
vt 0.041697 0.713436
vt 0.047681 0.708859
vt 0.048629 0.708120
vt 0.057773 0.701173
vt 0.063873 0.696313
vt 0.067817 0.692819
vt 0.111376 0.653509
vt 0.326699 0.765837
vt -0.068980 0.018046
vt 0.323253 0.760655
vt 0.320613 0.756737
vt 0.318643 0.753777
vt 0.315739 0.749346
vt 0.315278 0.748631
vt 0.310640 0.741350
vt 0.307409 0.736267
vt 0.305474 0.733425
vt 0.285431 0.709309
vt 0.301148 0.773379
vt -0.094942 0.019177
vt 0.301380 0.767290
vt 0.301392 0.762757
vt 0.301337 0.759233
vt 0.301288 0.753749
vt 0.301336 0.752888
vt 0.301183 0.744475
vt 0.301227 0.737761
vt 0.301374 0.733987
vt 0.280401 0.708547
vt -0.363378 0.512317
vt 0.040035 0.342224
vt 0.031183 0.391497
vt -0.371345 0.448831
vt -0.328422 0.673868
vt 0.068391 0.215012
vt 0.333838 0.285636
vt -0.038684 0.609212
vt -0.337681 0.611232
vt 0.060217 0.264845
vt 0.068487 0.168644
vt -0.333146 0.730553
vt -0.037739 0.751869
vt 0.340312 0.168131
vt 0.066931 0.146937
vt -0.339050 0.756140
vt -0.333849 0.786087
vt 0.070459 0.121285
vt -0.243303 0.790087
vt 0.141534 0.057639
vt -0.318769 0.805192
vt 0.078853 0.101958
vt -0.284446 0.810578
vt 0.101126 0.078627
vt -0.302813 0.812897
vt 0.087878 0.089356
vt -0.211872 0.789339
vt 0.171697 0.045185
vt -0.131499 0.834944
vt 0.262550 0.036911
vt -0.172597 0.801207
vt 0.212179 0.036884
vt -0.104828 0.871718
vt 0.301463 0.035537
vt -0.084089 0.882132
vt 0.321130 0.041140
vt -0.040688 0.848802
vt 0.345987 0.085157
vt -0.055935 0.874199
vt 0.339496 0.059939
vt 0.334547 0.062504
vt 0.340342 0.085733
vt 0.318455 0.045846
vt 0.301083 0.040824
vt 0.212736 0.043154
vt 0.262611 0.042638
vt 0.173674 0.051284
vt 0.091940 0.093206
vt 0.104414 0.083663
vt 0.083444 0.104728
vt 0.144350 0.063614
vt 0.075602 0.122813
vt 0.072247 0.146965
vt 0.334905 0.167801
vt 0.073849 0.168358
vt 0.065221 0.265854
vt 0.328775 0.285491
vt 0.073584 0.215522
vt 0.036175 0.391955
vt 0.044904 0.343445
vt 0.330811 0.064373
vt 0.335857 0.086161
vt 0.316411 0.049296
vt 0.300675 0.044959
vt 0.213189 0.048151
vt 0.262695 0.047369
vt 0.175257 0.056043
vt 0.095037 0.096236
vt 0.106967 0.087616
vt 0.087158 0.106979
vt 0.146651 0.068433
vt 0.079671 0.123984
vt 0.076495 0.147049
vt 0.330380 0.167517
vt 0.078286 0.168140
vt 0.069347 0.266715
vt 0.324473 0.285389
vt 0.077896 0.215936
vt 0.040318 0.392327
vt 0.048893 0.344392
vt 0.327734 0.065972
vt 0.332262 0.086455
vt 0.314705 0.052169
vt 0.300301 0.048287
vt 0.213530 0.052093
vt 0.262756 0.051220
vt 0.176513 0.059733
vt 0.097628 0.098785
vt 0.108992 0.090889
vt 0.090244 0.108753
vt 0.148526 0.072232
vt 0.083079 0.124943
vt 0.079960 0.147182
vt 0.326728 0.167274
vt 0.081884 0.167991
vt 0.072711 0.267444
vt 0.320625 0.285299
vt 0.081444 0.216254
vt 0.043924 0.392645
vt 0.052147 0.345108
vt 0.322741 0.068625
vt 0.326726 0.086785
vt 0.311882 0.056937
vt 0.299765 0.053610
vt 0.213996 0.057939
vt 0.262868 0.057236
vt 0.178401 0.065108
vt 0.101954 0.103110
vt 0.112066 0.096297
vt 0.095236 0.111544
vt 0.151377 0.077795
vt 0.088564 0.126549
vt 0.085460 0.147402
vt 0.321245 0.166910
vt 0.087405 0.167770
vt 0.078004 0.268609
vt 0.315335 0.285169
vt 0.087052 0.216765
vt 0.049812 0.393155
vt 0.057211 0.346197
vt 0.321956 0.068964
vt 0.325618 0.086820
vt 0.311455 0.057639
vt 0.299773 0.054422
vt 0.214064 0.058778
vt 0.262907 0.058141
vt 0.178674 0.065906
vt 0.102614 0.103820
vt 0.112582 0.097224
vt 0.095976 0.112027
vt 0.151793 0.078614
vt 0.089412 0.126811
vt 0.086353 0.147384
vt 0.319711 0.166812
vt 0.088294 0.167714
vt 0.078849 0.268786
vt 0.312863 0.285120
vt 0.087938 0.216864
vt 0.050603 0.393221
vt 0.058003 0.346392
vt 0.314071 0.073091
vt 0.316452 0.086944
vt 0.306866 0.065063
vt 0.298910 0.062858
vt 0.214488 0.066392
vt 0.263183 0.067106
vt 0.181230 0.072897
vt 0.109990 0.111509
vt 0.117919 0.106720
vt 0.104910 0.117198
vt 0.155892 0.085796
vt 0.098312 0.129689
vt 0.094923 0.147806
vt 0.311159 0.166236
vt 0.096757 0.167328
vt 0.086699 0.270609
vt 0.304840 0.284825
vt 0.096323 0.217570
vt 0.059448 0.393951
vt 0.065677 0.348014
vt 0.308303 0.075942
vt 0.309718 0.087008
vt 0.303511 0.070395
vt 0.298363 0.069005
vt 0.214605 0.071174
vt 0.263395 0.073306
vt 0.182864 0.077380
vt 0.116081 0.118176
vt 0.122421 0.114372
vt 0.110856 0.122571
vt 0.158649 0.090126
vt 0.103933 0.132559
vt 0.101087 0.148109
vt 0.305134 0.165859
vt 0.102691 0.167066
vt 0.092310 0.271883
vt 0.299187 0.284657
vt 0.102155 0.218126
vt 0.065341 0.394418
vt 0.071117 0.349200
vt 0.287127 0.095493
vt 0.304399 0.077351
vt 0.291438 0.102675
vt 0.304781 0.087040
vt 0.282156 0.094093
vt 0.301623 0.073822
vt 0.278670 0.095843
vt 0.298094 0.073194
vt 0.222865 0.152188
vt 0.214604 0.074431
vt 0.259787 0.121880
vt 0.263590 0.077752
vt 0.185357 0.163522
vt 0.183963 0.080421
vt 0.117136 0.145862
vt 0.120523 0.124419
vt 0.120743 0.146770
vt 0.126300 0.120101
vt 0.114164 0.147140
vt 0.114828 0.126876
vt 0.152854 0.162749
vt 0.160656 0.093013
vt 0.109077 0.153412
vt 0.108106 0.134604
vt 0.105492 0.148235
vt 0.107605 0.166302
vt 0.293427 0.170176
vt 0.300864 0.165617
vt 0.107024 0.166845
vt 0.111473 0.183060
vt 0.107810 0.281891
vt 0.096352 0.272789
vt 0.294908 0.284538
vt 0.292708 0.279059
vt 0.115419 0.230416
vt 0.106308 0.218564
vt 0.085437 0.401498
vt 0.069451 0.394735
vt 0.088255 0.357166
vt 0.075004 0.350080
vt -0.369180 0.480645
vt 0.034617 0.366755
vt 0.039555 0.367634
vt 0.043618 0.368305
vt 0.047027 0.368818
vt 0.052444 0.369616
vt 0.053238 0.369740
vt 0.061567 0.370927
vt 0.067205 0.371715
vt 0.085457 0.379277
vt 0.071209 0.372251
vt -0.348789 0.562776
vt 0.051162 0.302846
vt 0.056045 0.304119
vt 0.060106 0.305106
vt 0.063431 0.305823
vt 0.068589 0.306880
vt 0.069372 0.307090
vt 0.077157 0.308741
vt 0.082626 0.310006
vt 0.099361 0.318764
vt 0.086595 0.311025
vt 0.069249 0.192180
vt -0.329519 0.702116
vt 0.074533 0.192199
vt 0.078908 0.192251
vt 0.082484 0.192334
vt 0.088115 0.192500
vt 0.088990 0.192507
vt 0.097323 0.192735
vt 0.103252 0.192893
vt 0.107519 0.192973
vt 0.114412 0.206810
vt -0.257968 0.796732
vt 0.126725 0.064937
vt 0.129568 0.070678
vt 0.131917 0.075358
vt 0.133902 0.079093
vt 0.137040 0.084826
vt 0.137447 0.085672
vt 0.142326 0.093714
vt 0.145936 0.098879
vt 0.138634 0.156553
vt 0.148619 0.102327
vt -0.227008 0.788263
vt 0.157094 0.050556
vt 0.159584 0.056583
vt 0.161567 0.061352
vt 0.163078 0.065057
vt 0.165315 0.070482
vt 0.165675 0.071254
vt 0.168765 0.078234
vt 0.170868 0.082670
vt 0.169548 0.164242
vt 0.172384 0.085679
vt -0.191892 0.793349
vt 0.191401 0.039893
vt 0.192673 0.046119
vt 0.193692 0.051003
vt 0.194515 0.054778
vt 0.195745 0.060317
vt 0.195909 0.061143
vt 0.197416 0.068408
vt 0.198385 0.073100
vt 0.204373 0.159324
vt 0.199043 0.076335
vt -0.156188 0.812599
vt 0.231893 0.036315
vt 0.231946 0.042432
vt 0.231989 0.047359
vt 0.231971 0.051281
vt 0.231899 0.057272
vt 0.231911 0.058150
vt 0.231711 0.066613
vt 0.231420 0.072353
vt 0.237506 0.141756
vt 0.231139 0.076387
vt -0.143290 0.823218
vt 0.247597 0.036684
vt 0.247519 0.042608
vt 0.247485 0.047455
vt 0.247438 0.051362
vt 0.247344 0.057407
vt 0.247345 0.058318
vt 0.247223 0.067201
vt 0.247051 0.073319
vt 0.249069 0.132240
vt 0.246892 0.077677
vt -0.117320 0.852593
vt 0.282191 0.036336
vt 0.282406 0.041844
vt 0.282398 0.046430
vt 0.282126 0.050140
vt 0.281576 0.055820
vt 0.281661 0.056666
vt 0.281098 0.065444
vt 0.281062 0.071464
vt 0.269872 0.109425
vt 0.281381 0.075833
vt -0.271717 0.804106
vt 0.113080 0.071952
vt 0.115976 0.077433
vt 0.118475 0.081872
vt 0.120699 0.085384
vt 0.124308 0.090827
vt 0.124719 0.091716
vt 0.130578 0.100428
vt 0.135075 0.106508
vt 0.129369 0.151341
vt 0.138450 0.110816
vt -0.338330 0.771351
vt 0.067755 0.134102
vt 0.073038 0.134852
vt 0.077218 0.135498
vt 0.080594 0.136054
vt 0.086032 0.136994
vt 0.086890 0.137126
vt 0.095441 0.138792
vt 0.101593 0.140144
vt 0.107303 0.159598
vt 0.105882 0.141121
vt -0.327258 0.796272
vt 0.074041 0.111460
vt 0.079013 0.113635
vt 0.082997 0.115358
vt 0.086184 0.116721
vt 0.091320 0.118972
vt 0.092156 0.119348
vt 0.100912 0.123502
vt 0.106982 0.127136
vt 0.111375 0.149487
vt 0.110891 0.130359
vt -0.068980 0.879615
vt 0.331752 0.049638
vt 0.327729 0.053509
vt 0.324582 0.056473
vt 0.322165 0.058746
vt 0.318472 0.062216
vt 0.317871 0.062779
vt 0.311577 0.068713
vt 0.306925 0.072893
vt 0.285430 0.093686
vt 0.304037 0.075169
vt -0.094942 0.878484
vt 0.311742 0.037311
vt 0.310261 0.042491
vt 0.309005 0.046393
vt 0.307955 0.049461
vt 0.306315 0.054360
vt 0.306101 0.055152
vt 0.303401 0.062963
vt 0.301280 0.069437
vt 0.280400 0.094449
vt 0.300172 0.073166
vt 0.884787 0.373314
vt 0.884787 0.333775
vt 0.884787 0.322556
vt 0.884787 0.307563
vt 0.884787 0.295024
vt 0.884787 0.224429
vt 0.884787 0.188226
vt 0.884787 0.173199
vt 0.884787 0.158957
vt 0.884787 0.144207
vt 0.884787 0.130089
vt 0.884787 0.118689
vt 0.884787 0.107852
vt 0.884787 0.099024
vt 0.884787 0.080316
vt 0.884787 0.072428
vt 0.884787 0.062617
vt 0.884787 0.046905
vt 0.884787 0.040879
vt 0.884787 0.036425
vt 0.884787 0.031453
vt 0.884787 0.026139
vt 0.884787 0.021469
vt 0.884787 0.011956
vt 0.900826 0.617425
vt 0.908945 0.600750
vt 0.905402 0.594313
vt 0.903133 0.535930
vt 0.894574 0.524703
vt 0.889037 0.517428
vt 0.893016 0.495347
vt 0.899562 0.471739
vt 0.911422 0.448670
vt 0.908969 0.442883
vt 0.912029 0.436669
vt 0.898829 0.392669
vt 0.899424 0.366560
vt 0.898183 0.331537
vt 0.910478 0.317010
vt 0.909862 0.313756
vt 0.899187 0.294399
vt 0.890054 0.223978
vt 0.888961 0.188077
vt 0.889033 0.173211
vt 0.888626 0.158557
vt 0.887829 0.144058
vt 0.887354 0.129986
vt 0.887169 0.118683
vt 0.887064 0.107888
vt 0.887358 0.098975
vt 0.888097 0.080366
vt 0.887871 0.072125
vt 0.901079 0.043147
vt 0.898658 0.038588
vt 0.895079 0.031376
vt 0.896141 0.023148
vt 0.895804 0.017086
vt 0.896084 0.013084
vt 0.855440 0.587389
vt 0.856944 0.580945
vt 0.861887 0.577907
vt 0.857491 0.568801
vt 0.850207 0.548227
vt 0.862406 0.617435
vt 0.854929 0.600699
vt 0.856894 0.594126
vt 0.850215 0.543634
vt 0.854013 0.540629
vt 0.856197 0.535627
vt 0.873593 0.510021
vt 0.869688 0.491066
vt 0.854979 0.470320
vt 0.842256 0.461847
vt 0.847486 0.451077
vt 0.858604 0.532316
vt 0.870066 0.525770
vt 0.874524 0.519748
vt 0.871702 0.498626
vt 0.865394 0.475330
vt 0.852370 0.447599
vt 0.854303 0.442753
vt 0.863823 0.409568
vt 0.860112 0.387644
vt 0.861601 0.379918
vt 0.856052 0.319956
vt 0.852628 0.436141
vt 0.862929 0.393390
vt 0.865132 0.364009
vt 0.864456 0.330697
vt 0.865084 0.318804
vt 0.878859 0.090966
vt 0.882037 0.088967
vt 0.867560 0.294630
vt 0.873420 0.252735
vt 0.870079 0.089690
vt 0.867966 0.087116
vt 0.855236 0.314937
vt 0.854269 0.309425
vt 0.865740 0.289091
vt 0.874346 0.218832
vt 0.875076 0.183711
vt 0.875132 0.169356
vt 0.875173 0.154878
vt 0.875482 0.141227
vt 0.875426 0.128450
vt 0.875403 0.118324
vt 0.875565 0.108798
vt 0.874878 0.102363
vt 0.866975 0.081026
vt 0.862087 0.080427
vt 0.861429 0.075919
vt 0.862104 0.066196
vt 0.873085 0.048782
vt 0.860413 0.027543
vt 0.862799 0.032031
vt 0.855443 0.024398
vt 0.852783 0.016872
vt 0.855161 0.011453
vt 0.870915 0.034009
vt 0.867909 0.051381
vt 0.863820 0.050828
vt 0.865852 0.044170
vt 0.868026 0.038724
vt 0.871238 0.030838
vt 0.860147 0.587263
vt 0.861749 0.582303
vt 0.870125 0.577629
vt 0.861877 0.565033
vt 0.855093 0.545894
vt 0.869555 0.557717
vt 0.873343 0.545229
vt 0.858911 0.544278
vt 0.860460 0.537527
vt 0.878024 0.507142
vt 0.870233 0.427492
vt 0.865089 0.451329
vt 0.869984 0.439849
vt 0.867496 0.444982
vt 0.873453 0.487822
vt 0.859181 0.467394
vt 0.847168 0.460423
vt 0.852758 0.451286
vt 0.878541 0.370615
vt 0.877420 0.404064
vt 0.879891 0.334369
vt 0.869568 0.410841
vt 0.865329 0.388212
vt 0.866498 0.381992
vt 0.869234 0.312366
vt 0.860765 0.320337
vt 0.872513 0.299605
vt 0.878206 0.258308
vt 0.873082 0.073533
vt 0.876648 0.075867
vt 0.874555 0.064507
vt 0.876120 0.085386
vt 0.873753 0.082650
vt 0.871969 0.076067
vt 0.866852 0.075930
vt 0.865622 0.071504
vt 0.866981 0.062666
vt 0.869559 0.049239
vt 0.866275 0.049175
vt 0.873967 0.027771
vt 0.867275 0.022823
vt 0.867657 0.011869
vt 0.866449 0.016111
vt 0.864517 0.026524
vt 0.866427 0.030434
vt 0.859217 0.024633
vt 0.856848 0.018147
vt 0.859305 0.013053
vt 0.879733 0.032080
vt 0.877095 0.044509
vt 0.879501 0.037227
vt 0.879132 0.021779
vt 0.878843 0.012130
vt 0.879221 0.040713
vt 0.879357 0.026668
vt 0.884787 0.610909
vt 0.868748 0.617425
vt 0.860630 0.600750
vt 0.864172 0.594313
vt 0.866441 0.535930
vt 0.875000 0.524703
vt 0.880538 0.517428
vt 0.876559 0.495347
vt 0.870013 0.471739
vt 0.858152 0.448670
vt 0.860605 0.442883
vt 0.857545 0.436669
vt 0.870745 0.392669
vt 0.870150 0.366560
vt 0.871391 0.331537
vt 0.859096 0.317011
vt 0.859712 0.313756
vt 0.870387 0.294399
vt 0.879519 0.223978
vt 0.880613 0.188077
vt 0.880540 0.173211
vt 0.880947 0.158557
vt 0.881744 0.144058
vt 0.882219 0.129986
vt 0.882405 0.118683
vt 0.882510 0.107888
vt 0.882215 0.098975
vt 0.881476 0.080366
vt 0.881702 0.072125
vt 0.868495 0.043148
vt 0.870915 0.038588
vt 0.874494 0.031376
vt 0.873432 0.023148
vt 0.873769 0.017086
vt 0.873489 0.013084
vt 0.811315 0.915907
vt 0.817176 0.826494
vt 0.763324 0.909982
vt 0.765920 0.831187
vt 0.796219 0.911128
vt 0.799884 0.829849
vt 0.333051 0.826381
vt 0.352969 0.990573
vt 0.392553 0.811589
vt 0.410286 0.978587
vt 0.442720 0.800499
vt 0.459903 0.988324
vt 0.466662 0.791732
vt 0.484007 0.990573
vt 0.499128 0.794936
vt 0.511702 0.984293
vt 0.558522 0.811770
vt 0.563296 0.965283
vt 0.582235 0.960122
vt 0.582463 0.816353
vt 0.614589 0.951276
vt 0.615456 0.824641
vt 0.657646 0.834004
vt 0.657780 0.833303
vt 0.658548 0.937710
vt 0.697866 0.915827
vt 0.702478 0.827145
vt 0.728678 0.910993
vt 0.728762 0.829194
vt 0.754571 0.910541
vt 0.756098 0.829564
vt 0.771327 0.910289
vt 0.772898 0.831476
vt 0.784274 0.910456
vt 0.785889 0.829723
vt 0.792960 0.910387
vt 0.796126 0.830327
vt 0.812657 0.868203
vt 0.811588 0.859438
vt 0.808511 0.839020
vt 0.810473 0.852410
vt 0.818667 0.868741
vt 0.819493 0.852155
vt 0.818508 0.837624
vt 0.819163 0.862309
vt 0.785886 0.868837
vt 0.764894 0.850020
vt 0.773259 0.862434
vt 0.809864 0.868479
vt 0.697189 0.840427
vt 0.697323 0.839810
vt 0.364406 0.861289
vt 0.418400 0.853782
vt 0.438678 0.853130
vt 0.457136 0.852873
vt 0.481956 0.852239
vt 0.498449 0.852169
vt 0.512889 0.852158
vt 0.533499 0.852788
vt 0.555705 0.853788
vt 0.578965 0.855444
vt 0.606032 0.857507
vt 0.653846 0.860685
vt 0.701923 0.866323
vt 0.735698 0.867404
vt 0.763884 0.868746
vt 0.795282 0.869515
vt 0.799601 0.869292
vt 0.802089 0.869459
vt 0.805780 0.867413
vt 0.806427 0.852408
vt 0.365357 0.855401
vt 0.362660 0.832849
vt 0.390102 0.829268
vt 0.400976 0.821028
vt 0.439246 0.815934
vt 0.461787 0.813019
vt 0.483287 0.819294
vt 0.498907 0.822769
vt 0.514553 0.825753
vt 0.533651 0.828439
vt 0.556561 0.832395
vt 0.579914 0.836085
vt 0.609545 0.839792
vt 0.654176 0.847698
vt 0.699034 0.851875
vt 0.732168 0.852230
vt 0.756722 0.852056
vt 0.782334 0.853952
vt 0.791588 0.857567
vt 0.791740 0.857452
vt 0.802016 0.855674
vt 0.802599 0.841851
vt 0.808351 0.862325
vt 0.358400 0.860955
vt 0.369127 0.861290
vt 0.375612 0.861105
vt 0.339786 0.855546
vt 0.380151 0.859254
vt 0.387479 0.853668
vt 0.362480 0.817174
vt 0.384281 0.985398
vt 0.394508 0.843242
vt 0.408466 0.838560
vt 0.438455 0.838133
vt 0.458293 0.840746
vt 0.484165 0.790826
vt 0.499756 0.987778
vt 0.482224 0.843695
vt 0.498545 0.843358
vt 0.517040 0.800978
vt 0.527388 0.977849
vt 0.513048 0.842177
vt 0.535063 0.806067
vt 0.541810 0.972975
vt 0.533733 0.841406
vt 0.558689 0.841133
vt 0.583050 0.844541
vt 0.609350 0.846936
vt 0.653815 0.854196
vt 0.702899 0.860812
vt 0.730043 0.841654
vt 0.732881 0.862314
vt 0.755120 0.840835
vt 0.761165 0.863260
vt 0.763689 0.842165
vt 0.763838 0.842034
vt 0.788589 0.864564
vt 0.783151 0.842604
vt 0.783420 0.842546
vt 0.797202 0.864404
vt 0.801472 0.863963
vt 0.793431 0.843306
vt 0.805606 0.862358
vt 0.801151 0.913312
vt 0.805543 0.827667
vt 0.811841 0.876822
vt 0.809879 0.885228
vt 0.804764 0.903780
vt 0.808037 0.891758
vt 0.817939 0.877142
vt 0.816398 0.893071
vt 0.813687 0.906138
vt 0.817484 0.883461
vt 0.785516 0.874190
vt 0.763421 0.891575
vt 0.763728 0.899364
vt 0.763881 0.899365
vt 0.772561 0.879707
vt 0.809027 0.876115
vt 0.365308 0.871203
vt 0.358498 0.872190
vt 0.338183 0.875169
vt 0.367245 0.880941
vt 0.370555 0.870451
vt 0.376728 0.869578
vt 0.381490 0.868912
vt 0.390378 0.867692
vt 0.404513 0.865818
vt 0.420597 0.873995
vt 0.440734 0.869749
vt 0.458163 0.866398
vt 0.482475 0.863975
vt 0.498560 0.863266
vt 0.512680 0.863423
vt 0.532932 0.864196
vt 0.554942 0.865758
vt 0.577946 0.867802
vt 0.604726 0.870687
vt 0.652895 0.875656
vt 0.701917 0.874556
vt 0.735563 0.873571
vt 0.763845 0.873007
vt 0.795186 0.874120
vt 0.799247 0.874726
vt 0.801629 0.874892
vt 0.805174 0.877031
vt 0.804253 0.891341
vt 0.369804 0.886265
vt 0.373781 0.908228
vt 0.399534 0.904308
vt 0.411695 0.909437
vt 0.449673 0.903651
vt 0.469303 0.900965
vt 0.486000 0.893447
vt 0.499267 0.890154
vt 0.513144 0.888220
vt 0.530732 0.887494
vt 0.552969 0.886521
vt 0.575389 0.886672
vt 0.604815 0.888739
vt 0.651425 0.888852
vt 0.698774 0.889120
vt 0.731833 0.888507
vt 0.756065 0.889550
vt 0.780520 0.888214
vt 0.790597 0.885918
vt 0.790761 0.886056
vt 0.800487 0.887935
vt 0.799623 0.900622
vt 0.807096 0.882124
vt 0.361609 0.882964
vt 0.371749 0.879619
vt 0.377985 0.878001
vt 0.345407 0.893460
vt 0.382814 0.878520
vt 0.347470 0.923130
vt 0.391214 0.881846
vt 0.378551 0.922751
vt 0.400349 0.889963
vt 0.405808 0.920837
vt 0.414752 0.890986
vt 0.457131 0.915985
vt 0.443751 0.884038
vt 0.475923 0.915563
vt 0.461378 0.877571
vt 0.487740 0.914491
vt 0.483435 0.872101
vt 0.498070 0.911828
vt 0.498782 0.871746
vt 0.513626 0.909801
vt 0.512479 0.873051
vt 0.528881 0.907797
vt 0.532120 0.875258
vt 0.552563 0.906186
vt 0.556131 0.878487
vt 0.573751 0.905643
vt 0.579940 0.879095
vt 0.607374 0.904725
vt 0.605989 0.881662
vt 0.653179 0.902292
vt 0.651975 0.882177
vt 0.696834 0.901196
vt 0.697146 0.901683
vt 0.702762 0.880190
vt 0.729596 0.898737
vt 0.732685 0.878593
vt 0.754501 0.899915
vt 0.760818 0.878399
vt 0.788006 0.878635
vt 0.796684 0.879262
vt 0.780578 0.898338
vt 0.780717 0.898613
vt 0.800673 0.879963
vt 0.791062 0.898458
vt 0.804495 0.881851
vt 0.912631 0.580945
vt 0.907687 0.577907
vt 0.912083 0.568801
vt 0.919368 0.548227
vt 0.907168 0.617435
vt 0.914646 0.600699
vt 0.912681 0.594126
vt 0.919359 0.543634
vt 0.915562 0.540629
vt 0.913378 0.535627
vt 0.895982 0.510021
vt 0.899886 0.491066
vt 0.914595 0.470320
vt 0.927319 0.461847
vt 0.922088 0.451077
vt 0.910971 0.532316
vt 0.899509 0.525770
vt 0.895050 0.519748
vt 0.897873 0.498626
vt 0.904181 0.475330
vt 0.917204 0.447598
vt 0.915271 0.442753
vt 0.905752 0.409568
vt 0.909462 0.387644
vt 0.907973 0.379918
vt 0.913522 0.319956
vt 0.916946 0.436141
vt 0.906645 0.393390
vt 0.904442 0.364009
vt 0.905118 0.330697
vt 0.904490 0.318804
vt 0.890714 0.090966
vt 0.887536 0.088967
vt 0.902014 0.294630
vt 0.896154 0.252735
vt 0.899494 0.089690
vt 0.901607 0.087116
vt 0.914338 0.314937
vt 0.915305 0.309425
vt 0.903834 0.289091
vt 0.895227 0.218832
vt 0.894498 0.183711
vt 0.894441 0.169356
vt 0.894400 0.154878
vt 0.894092 0.141227
vt 0.894148 0.128450
vt 0.894171 0.118324
vt 0.894008 0.108798
vt 0.894695 0.102363
vt 0.902599 0.081026
vt 0.907486 0.080427
vt 0.908145 0.075919
vt 0.907469 0.066196
vt 0.896488 0.048782
vt 0.909160 0.027543
vt 0.906775 0.032031
vt 0.914130 0.024399
vt 0.916790 0.016872
vt 0.914413 0.011453
vt 0.898658 0.034009
vt 0.901664 0.051381
vt 0.905753 0.050828
vt 0.903721 0.044170
vt 0.901547 0.038724
vt 0.898335 0.030838
vt 0.909428 0.587263
vt 0.907826 0.582303
vt 0.899450 0.577629
vt 0.907697 0.565033
vt 0.914482 0.545894
vt 0.900019 0.557717
vt 0.896232 0.545229
vt 0.910664 0.544278
vt 0.884787 0.544214
vt 0.909115 0.537527
vt 0.884787 0.506506
vt 0.891550 0.507142
vt 0.899341 0.427492
vt 0.904486 0.451329
vt 0.899590 0.439848
vt 0.902078 0.444982
vt 0.896121 0.487822
vt 0.910393 0.467394
vt 0.922406 0.460423
vt 0.916817 0.451286
vt 0.891033 0.370615
vt 0.892155 0.404064
vt 0.889683 0.334369
vt 0.900007 0.410841
vt 0.904245 0.388212
vt 0.903076 0.381992
vt 0.900340 0.312365
vt 0.908809 0.320337
vt 0.897060 0.299605
vt 0.884787 0.259699
vt 0.891368 0.258308
vt 0.896491 0.073533
vt 0.892926 0.075867
vt 0.895019 0.064507
vt 0.893453 0.085386
vt 0.895820 0.082650
vt 0.897604 0.076067
vt 0.902721 0.075930
vt 0.903951 0.071504
vt 0.902592 0.062666
vt 0.900014 0.049239
vt 0.903298 0.049175
vt 0.895606 0.027771
vt 0.902298 0.022823
vt 0.901917 0.011869
vt 0.903124 0.016111
vt 0.905056 0.026524
vt 0.903146 0.030434
vt 0.910356 0.024633
vt 0.912725 0.018148
vt 0.910268 0.013053
vt 0.889840 0.032080
vt 0.892478 0.044509
vt 0.890073 0.037227
vt 0.890441 0.021779
vt 0.890730 0.012130
vt 0.890352 0.040713
vt 0.890216 0.026668
vt 0.884787 0.586718
vt 0.884787 0.519814
vt 0.884787 0.484849
vt 0.884787 0.451023
vt 0.884787 0.416228
vt 0.804495 0.881851
vt 0.791062 0.898458
vt 0.800673 0.879963
vt 0.780578 0.898338
vt 0.780717 0.898613
vt 0.796684 0.879262
vt 0.788006 0.878635
vt 0.760818 0.878399
vt 0.754501 0.899915
vt 0.732685 0.878593
vt 0.729596 0.898737
vt 0.702762 0.880190
vt 0.696834 0.901196
vt 0.697146 0.901683
vt 0.651975 0.882177
vt 0.653179 0.902292
vt 0.605989 0.881662
vt 0.607374 0.904725
vt 0.579940 0.879095
vt 0.573751 0.905643
vt 0.556131 0.878487
vt 0.552563 0.906186
vt 0.532120 0.875258
vt 0.528881 0.907797
vt 0.512479 0.873051
vt 0.513626 0.909801
vt 0.498782 0.871746
vt 0.498070 0.911828
vt 0.483435 0.872101
vt 0.487740 0.914491
vt 0.461378 0.877571
vt 0.475923 0.915563
vt 0.443751 0.884038
vt 0.457131 0.915985
vt 0.414752 0.890986
vt 0.405808 0.920837
vt 0.400349 0.889963
vt 0.378551 0.922751
vt 0.391214 0.881846
vt 0.347470 0.923130
vt 0.382814 0.878520
vt 0.345407 0.893460
vt 0.377985 0.878001
vt 0.371749 0.879619
vt 0.361609 0.882964
vt 0.807096 0.882124
vt 0.799623 0.900622
vt 0.800487 0.887935
vt 0.790597 0.885918
vt 0.790761 0.886056
vt 0.780520 0.888214
vt 0.756065 0.889550
vt 0.731833 0.888507
vt 0.698774 0.889120
vt 0.651425 0.888852
vt 0.604815 0.888739
vt 0.575389 0.886672
vt 0.552969 0.886521
vt 0.530732 0.887494
vt 0.513144 0.888220
vt 0.499267 0.890154
vt 0.486000 0.893447
vt 0.469303 0.900965
vt 0.449673 0.903651
vt 0.411695 0.909437
vt 0.399534 0.904308
vt 0.373781 0.908228
vt 0.369804 0.886265
vt 0.804253 0.891341
vt 0.805174 0.877031
vt 0.801629 0.874892
vt 0.799247 0.874726
vt 0.795186 0.874120
vt 0.763845 0.873007
vt 0.735563 0.873571
vt 0.701917 0.874556
vt 0.652895 0.875656
vt 0.604726 0.870687
vt 0.577946 0.867802
vt 0.554942 0.865758
vt 0.532932 0.864196
vt 0.512680 0.863423
vt 0.498560 0.863266
vt 0.482475 0.863975
vt 0.458163 0.866398
vt 0.440734 0.869749
vt 0.420597 0.873995
vt 0.404513 0.865818
vt 0.390378 0.867692
vt 0.884787 0.416228
vt 0.884787 0.451023
vt 0.884787 0.484849
vt 0.884787 0.519814
vt 0.884787 0.586718
vt 0.890216 0.026668
vt 0.890352 0.040713
vt 0.890730 0.012130
vt 0.890441 0.021779
vt 0.890073 0.037227
vt 0.892478 0.044509
vt 0.889840 0.032080
vt 0.910268 0.013053
vt 0.912725 0.018148
vt 0.910356 0.024633
vt 0.903146 0.030434
vt 0.905056 0.026524
vt 0.903124 0.016111
vt 0.901917 0.011869
vt 0.902298 0.022823
vt 0.895606 0.027771
vt 0.903298 0.049175
vt 0.900014 0.049239
vt 0.902592 0.062666
vt 0.903951 0.071504
vt 0.902721 0.075930
vt 0.897604 0.076067
vt 0.895820 0.082650
vt 0.893453 0.085386
vt 0.895019 0.064507
vt 0.892926 0.075867
vt 0.896491 0.073533
vt 0.891368 0.258308
vt 0.884787 0.259699
vt 0.897060 0.299605
vt 0.908809 0.320337
vt 0.900340 0.312365
vt 0.903076 0.381992
vt 0.904245 0.388212
vt 0.900007 0.410841
vt 0.889683 0.334369
vt 0.892155 0.404064
vt 0.891033 0.370615
vt 0.916817 0.451286
vt 0.922406 0.460423
vt 0.910393 0.467394
vt 0.896121 0.487822
vt 0.902078 0.444982
vt 0.899590 0.439848
vt 0.904486 0.451329
vt 0.899341 0.427492
vt 0.891550 0.507142
vt 0.884787 0.506506
vt 0.909115 0.537527
vt 0.884787 0.544214
vt 0.910664 0.544278
vt 0.896232 0.545229
vt 0.900019 0.557717
vt 0.914482 0.545894
vt 0.907697 0.565033
vt 0.899450 0.577629
vt 0.907826 0.582303
vt 0.909428 0.587263
vt 0.898335 0.030838
vt 0.901547 0.038724
vt 0.903721 0.044170
vt 0.905753 0.050828
vt 0.901664 0.051381
vt 0.898658 0.034009
vt 0.914413 0.011453
vt 0.916790 0.016872
vt 0.914130 0.024399
vt 0.906775 0.032031
vt 0.909160 0.027543
vt 0.896488 0.048782
vt 0.907469 0.066196
vt 0.908145 0.075919
vt 0.907486 0.080427
vt 0.902599 0.081026
vt 0.894695 0.102363
vt 0.894008 0.108798
vt 0.894171 0.118324
vt 0.894148 0.128450
vt 0.894092 0.141227
vt 0.894400 0.154878
vt 0.894441 0.169356
vt 0.894498 0.183711
vt 0.895227 0.218832
vt 0.903834 0.289091
vt 0.915305 0.309425
vt 0.914338 0.314937
vt 0.901607 0.087116
vt 0.899494 0.089690
vt 0.896154 0.252735
vt 0.902014 0.294630
vt 0.887536 0.088967
vt 0.890714 0.090966
vt 0.904490 0.318804
vt 0.905118 0.330697
vt 0.904442 0.364009
vt 0.906645 0.393390
vt 0.916946 0.436141
vt 0.913522 0.319956
vt 0.907973 0.379918
vt 0.909462 0.387644
vt 0.905752 0.409568
vt 0.915271 0.442753
vt 0.917204 0.447598
vt 0.904181 0.475330
vt 0.897873 0.498626
vt 0.895050 0.519748
vt 0.899509 0.525770
vt 0.910971 0.532316
vt 0.922088 0.451077
vt 0.927319 0.461847
vt 0.914595 0.470320
vt 0.899886 0.491066
vt 0.895982 0.510021
vt 0.913378 0.535627
vt 0.915562 0.540629
vt 0.919359 0.543634
vt 0.912681 0.594126
vt 0.914646 0.600699
vt 0.907168 0.617435
vt 0.919368 0.548227
vt 0.912083 0.568801
vt 0.907687 0.577907
vt 0.912631 0.580945
vt 0.914135 0.587389
vt 0.381490 0.868912
vt 0.376728 0.869578
vt 0.370555 0.870451
vt 0.367245 0.880941
vt 0.338183 0.875169
vt 0.358498 0.872190
vt 0.365308 0.871203
vt 0.809027 0.876115
vt 0.772561 0.879707
vt 0.763728 0.899364
vt 0.763881 0.899365
vt 0.763421 0.891575
vt 0.785516 0.874190
vt 0.817484 0.883461
vt 0.813687 0.906138
vt 0.816398 0.893071
vt 0.817939 0.877142
vt 0.808037 0.891758
vt 0.804764 0.903780
vt 0.809879 0.885228
vt 0.811841 0.876822
vt 0.801151 0.913312
vt 0.805543 0.827667
vt 0.805606 0.862358
vt 0.793431 0.843306
vt 0.801472 0.863963
vt 0.797202 0.864404
vt 0.783151 0.842604
vt 0.783420 0.842546
vt 0.788589 0.864564
vt 0.763689 0.842165
vt 0.763838 0.842034
vt 0.761165 0.863260
vt 0.755120 0.840835
vt 0.732881 0.862314
vt 0.730043 0.841654
vt 0.702899 0.860812
vt 0.653815 0.854196
vt 0.609350 0.846936
vt 0.583050 0.844541
vt 0.558689 0.841133
vt 0.533733 0.841406
vt 0.535063 0.806067
vt 0.541810 0.972975
vt 0.513048 0.842177
vt 0.517040 0.800978
vt 0.527388 0.977849
vt 0.498545 0.843358
vt 0.482224 0.843695
vt 0.484165 0.790826
vt 0.499756 0.987778
vt 0.458293 0.840746
vt 0.438455 0.838133
vt 0.408466 0.838560
vt 0.394508 0.843242
vt 0.362480 0.817174
vt 0.384281 0.985398
vt 0.387479 0.853668
vt 0.380151 0.859254
vt 0.339786 0.855546
vt 0.375612 0.861105
vt 0.369127 0.861290
vt 0.358400 0.860955
vt 0.808351 0.862325
vt 0.802599 0.841851
vt 0.802016 0.855674
vt 0.791588 0.857567
vt 0.791740 0.857452
vt 0.782334 0.853952
vt 0.756722 0.852056
vt 0.732168 0.852230
vt 0.699034 0.851875
vt 0.654176 0.847698
vt 0.609545 0.839792
vt 0.579914 0.836085
vt 0.556561 0.832395
vt 0.533651 0.828439
vt 0.514553 0.825753
vt 0.498907 0.822769
vt 0.483287 0.819294
vt 0.461787 0.813019
vt 0.439246 0.815934
vt 0.400976 0.821028
vt 0.390102 0.829268
vt 0.362660 0.832849
vt 0.365357 0.855401
vt 0.806427 0.852408
vt 0.805780 0.867413
vt 0.802089 0.869459
vt 0.799601 0.869292
vt 0.795282 0.869515
vt 0.763884 0.868746
vt 0.735698 0.867404
vt 0.701923 0.866323
vt 0.653846 0.860685
vt 0.606032 0.857507
vt 0.578965 0.855444
vt 0.555705 0.853788
vt 0.533499 0.852788
vt 0.512889 0.852158
vt 0.498449 0.852169
vt 0.481956 0.852239
vt 0.457136 0.852873
vt 0.438678 0.853130
vt 0.418400 0.853782
vt 0.364406 0.861289
vt 0.697189 0.840427
vt 0.697323 0.839810
vt 0.809864 0.868479
vt 0.773259 0.862434
vt 0.764894 0.850020
vt 0.785886 0.868837
vt 0.819163 0.862309
vt 0.818508 0.837624
vt 0.819493 0.852155
vt 0.818667 0.868741
vt 0.810473 0.852410
vt 0.808511 0.839020
vt 0.811588 0.859438
vt 0.812657 0.868203
vt 0.792960 0.910387
vt 0.796126 0.830327
vt 0.784274 0.910456
vt 0.785889 0.829723
vt 0.771327 0.910289
vt 0.772898 0.831476
vt 0.754571 0.910541
vt 0.756098 0.829564
vt 0.728678 0.910993
vt 0.728762 0.829194
vt 0.697866 0.915827
vt 0.702478 0.827145
vt 0.657646 0.834004
vt 0.657780 0.833303
vt 0.658548 0.937710
vt 0.614589 0.951276
vt 0.615456 0.824641
vt 0.582235 0.960122
vt 0.582463 0.816353
vt 0.558522 0.811770
vt 0.563296 0.965283
vt 0.499128 0.794936
vt 0.511702 0.984293
vt 0.466662 0.791732
vt 0.484007 0.990573
vt 0.442720 0.800499
vt 0.459903 0.988324
vt 0.392553 0.811589
vt 0.410286 0.978587
vt 0.333051 0.826381
vt 0.352969 0.990573
vt 0.796219 0.911128
vt 0.799884 0.829849
vt 0.763324 0.909982
vt 0.765920 0.831187
vt 0.811315 0.915907
vt 0.817176 0.826494
vt 0.873489 0.013084
vt 0.873769 0.017086
vt 0.873432 0.023148
vt 0.874494 0.031376
vt 0.870915 0.038588
vt 0.868495 0.043148
vt 0.881702 0.072125
vt 0.881476 0.080366
vt 0.882215 0.098975
vt 0.882510 0.107888
vt 0.882405 0.118683
vt 0.882219 0.129986
vt 0.881744 0.144058
vt 0.880947 0.158557
vt 0.880540 0.173211
vt 0.880613 0.188077
vt 0.879519 0.223978
vt 0.870387 0.294399
vt 0.859712 0.313756
vt 0.859096 0.317011
vt 0.871391 0.331537
vt 0.870150 0.366560
vt 0.870745 0.392669
vt 0.857545 0.436669
vt 0.860605 0.442883
vt 0.858152 0.448670
vt 0.870013 0.471739
vt 0.876559 0.495347
vt 0.880538 0.517428
vt 0.875000 0.524703
vt 0.866441 0.535930
vt 0.864172 0.594313
vt 0.860630 0.600750
vt 0.868748 0.617425
vt 0.884787 0.610909
vt 0.879357 0.026668
vt 0.879221 0.040713
vt 0.878843 0.012130
vt 0.879132 0.021779
vt 0.879501 0.037227
vt 0.877095 0.044509
vt 0.879733 0.032080
vt 0.859305 0.013053
vt 0.856848 0.018147
vt 0.859217 0.024633
vt 0.866427 0.030434
vt 0.864517 0.026524
vt 0.866449 0.016111
vt 0.867657 0.011869
vt 0.867275 0.022823
vt 0.873967 0.027771
vt 0.866275 0.049175
vt 0.869559 0.049239
vt 0.866981 0.062666
vt 0.865622 0.071504
vt 0.866852 0.075930
vt 0.871969 0.076067
vt 0.873753 0.082650
vt 0.876120 0.085386
vt 0.874555 0.064507
vt 0.876648 0.075867
vt 0.873082 0.073533
vt 0.878206 0.258308
vt 0.872513 0.299605
vt 0.860765 0.320337
vt 0.869234 0.312366
vt 0.866498 0.381992
vt 0.865329 0.388212
vt 0.869568 0.410841
vt 0.879891 0.334369
vt 0.877420 0.404064
vt 0.878541 0.370615
vt 0.852758 0.451286
vt 0.847168 0.460423
vt 0.859181 0.467394
vt 0.873453 0.487822
vt 0.867496 0.444982
vt 0.869984 0.439849
vt 0.865089 0.451329
vt 0.870233 0.427492
vt 0.878024 0.507142
vt 0.860460 0.537527
vt 0.858911 0.544278
vt 0.873343 0.545229
vt 0.869555 0.557717
vt 0.855093 0.545894
vt 0.861877 0.565033
vt 0.870125 0.577629
vt 0.861749 0.582303
vt 0.860147 0.587263
vt 0.871238 0.030838
vt 0.868026 0.038724
vt 0.865852 0.044170
vt 0.863820 0.050828
vt 0.867909 0.051381
vt 0.870915 0.034009
vt 0.855161 0.011453
vt 0.852783 0.016872
vt 0.855443 0.024398
vt 0.862799 0.032031
vt 0.860413 0.027543
vt 0.873085 0.048782
vt 0.862104 0.066196
vt 0.861429 0.075919
vt 0.862087 0.080427
vt 0.866975 0.081026
vt 0.874878 0.102363
vt 0.875565 0.108798
vt 0.875403 0.118324
vt 0.875426 0.128450
vt 0.875482 0.141227
vt 0.875173 0.154878
vt 0.875132 0.169356
vt 0.875076 0.183711
vt 0.874346 0.218832
vt 0.865740 0.289091
vt 0.854269 0.309425
vt 0.855236 0.314937
vt 0.867966 0.087116
vt 0.870079 0.089690
vt 0.873420 0.252735
vt 0.867560 0.294630
vt 0.882037 0.088967
vt 0.878859 0.090966
vt 0.865084 0.318804
vt 0.864456 0.330697
vt 0.865132 0.364009
vt 0.862929 0.393390
vt 0.852628 0.436141
vt 0.856052 0.319956
vt 0.861601 0.379918
vt 0.860112 0.387644
vt 0.863823 0.409568
vt 0.854303 0.442753
vt 0.852370 0.447599
vt 0.865394 0.475330
vt 0.871702 0.498626
vt 0.874524 0.519748
vt 0.870066 0.525770
vt 0.858604 0.532316
vt 0.847486 0.451077
vt 0.842256 0.461847
vt 0.854979 0.470320
vt 0.869688 0.491066
vt 0.873593 0.510021
vt 0.856197 0.535627
vt 0.854013 0.540629
vt 0.850215 0.543634
vt 0.856894 0.594126
vt 0.854929 0.600699
vt 0.862406 0.617435
vt 0.850207 0.548227
vt 0.857491 0.568801
vt 0.861887 0.577907
vt 0.856944 0.580945
vt 0.855440 0.587389
vt 0.896084 0.013084
vt 0.895804 0.017086
vt 0.896141 0.023148
vt 0.895079 0.031376
vt 0.898658 0.038588
vt 0.901079 0.043147
vt 0.887871 0.072125
vt 0.888097 0.080366
vt 0.887358 0.098975
vt 0.887064 0.107888
vt 0.887169 0.118683
vt 0.887354 0.129986
vt 0.887829 0.144058
vt 0.888626 0.158557
vt 0.889033 0.173211
vt 0.888961 0.188077
vt 0.890054 0.223978
vt 0.899187 0.294399
vt 0.909862 0.313756
vt 0.910478 0.317010
vt 0.898183 0.331537
vt 0.899424 0.366560
vt 0.898829 0.392669
vt 0.912029 0.436669
vt 0.908969 0.442883
vt 0.911422 0.448670
vt 0.899562 0.471739
vt 0.893016 0.495347
vt 0.889037 0.517428
vt 0.894574 0.524703
vt 0.903133 0.535930
vt 0.905402 0.594313
vt 0.908945 0.600750
vt 0.900826 0.617425
vt 0.884787 0.011956
vt 0.884787 0.021469
vt 0.884787 0.026139
vt 0.884787 0.031453
vt 0.884787 0.036425
vt 0.884787 0.040879
vt 0.884787 0.046905
vt 0.884787 0.062617
vt 0.884787 0.072428
vt 0.884787 0.080316
vt 0.884787 0.099024
vt 0.884787 0.107852
vt 0.884787 0.118689
vt 0.884787 0.130089
vt 0.884787 0.144207
vt 0.884787 0.158957
vt 0.884787 0.173199
vt 0.884787 0.188226
vt 0.884787 0.224429
vt 0.884787 0.295024
vt 0.884787 0.307563
vt 0.884787 0.322556
vt 0.884787 0.333775
vt 0.884787 0.373314
vt 0.982641 0.574341
vt 0.977777 0.506647
vt 0.980177 0.451405
vt 0.980669 0.479430
vt 0.715187 0.695654
vt 0.716330 0.691433
vt 0.716291 0.684900
vt 0.716676 0.733218
vt 0.719281 0.669348
vt 0.718398 0.724046
vt 0.719281 0.718828
vt 0.718414 0.714894
vt 0.716658 0.709704
vt 0.717610 0.704164
vt 0.288360 0.815251
vt 0.288849 0.792641
vt 0.288849 0.809211
vt 0.285825 0.799156
vt 0.791853 0.779456
vt 0.794545 0.779142
vt 0.798419 0.776915
vt 0.801780 0.780503
vt 0.772242 0.784478
vt 0.807649 0.784478
vt 0.778776 0.782861
vt 0.782573 0.782579
vt 0.784365 0.782476
vt 0.789879 0.779694
vt 0.835233 0.754658
vt 0.835233 0.701651
vt 0.834224 0.707511
vt 0.833570 0.713658
vt 0.834247 0.728127
vt 0.644917 0.716040
vt 0.642844 0.706781
vt 0.643846 0.701772
vt 0.643387 0.695267
vt 0.645850 0.686002
vt 0.645885 0.678328
vt 0.650062 0.668727
vt 0.992235 0.393592
vt 0.992508 0.401368
vt 0.988313 0.405684
vt 0.990242 0.409586
vt 0.985723 0.414622
vt 0.981228 0.421131
vt 0.970761 0.537436
vt 0.933410 0.762928
vt 0.992508 0.611656
vt 0.996244 0.828605
vt 0.998903 0.612660
vt 0.999582 0.618744
vt 0.999333 0.621951
vt 0.999336 0.625212
vt 0.996165 0.630528
vt 0.995694 0.635893
vt 0.995280 0.639414
vt 0.995533 0.644251
vt 0.994141 0.653201
vt 0.993362 0.661087
vt 0.992391 0.669964
vt 0.994264 0.676177
vt 0.992782 0.687842
vt 0.995769 0.694062
vt 0.999077 0.702017
vt 0.998958 0.719283
vt 0.999550 0.711249
vt 0.927516 0.801072
vt 0.928314 0.867567
vt 0.929447 0.927749
vt 0.932484 0.896976
vt 0.733736 0.706433
vt 0.734882 0.710653
vt 0.734913 0.717186
vt 0.734979 0.668727
vt 0.737271 0.732846
vt 0.736422 0.677947
vt 0.737271 0.683171
vt 0.736498 0.687124
vt 0.734883 0.692360
vt 0.735979 0.697873
vt 0.305830 0.792346
vt 0.306115 0.815131
vt 0.306115 0.798399
vt 0.303312 0.808518
vt 0.251953 0.808571
vt 0.248901 0.808106
vt 0.244974 0.805974
vt 0.241669 0.808817
vt 0.236545 0.811360
vt 0.271365 0.811360
vt 0.264871 0.809590
vt 0.261072 0.809329
vt 0.259277 0.809276
vt 0.254012 0.808624
vt 0.834399 0.748770
vt 0.833904 0.742608
vt 0.639816 0.724200
vt 0.642108 0.728865
vt 0.643484 0.735687
vt 0.643348 0.744720
vt 0.647017 0.754193
vt 0.649098 0.762124
vt 0.650062 0.770508
vt 0.949758 0.991799
vt 0.948365 0.987144
vt 0.948323 0.983366
vt 0.936174 0.965692
vt 0.926773 0.958453
vt 0.919578 0.839021
vt 0.997242 0.822565
vt 0.997100 0.819351
vt 0.997261 0.816095
vt 0.994359 0.810628
vt 0.994003 0.805579
vt 0.993658 0.802250
vt 0.994320 0.796531
vt 0.993416 0.787518
vt 0.993116 0.779028
vt 0.992499 0.769745
vt 0.994362 0.762937
vt 0.993007 0.753409
vt 0.996159 0.747145
vt 0.999132 0.736547
vt 0.999582 0.727314
vt 0.793115 0.072343
vt 0.969016 0.574062
vt 0.747082 0.022576
vt 0.964152 0.506368
vt 0.665600 0.031327
vt 0.966553 0.451126
vt 0.706608 0.025042
vt 0.967045 0.479151
vt 0.683420 0.075346
vt 0.701571 0.695120
vt 0.689658 0.074657
vt 0.702713 0.690899
vt 0.698157 0.069867
vt 0.700108 0.684362
vt 0.693961 0.093498
vt 0.703059 0.732685
vt 0.705667 0.668727
vt 0.686802 0.105305
vt 0.704781 0.723512
vt 0.679013 0.105938
vt 0.705664 0.718294
vt 0.676421 0.100693
vt 0.704797 0.714361
vt 0.677963 0.093068
vt 0.703041 0.709170
vt 0.675452 0.085267
vt 0.703993 0.703631
vt 0.274736 0.814956
vt 0.275225 0.792346
vt 0.663824 0.082875
vt 0.275225 0.808916
vt 0.658184 0.089878
vt 0.272201 0.798861
vt 0.658095 0.074769
vt 0.633431 0.096743
vt 0.791853 0.765828
vt 0.637292 0.095658
vt 0.794545 0.765515
vt 0.641093 0.091071
vt 0.798419 0.763288
vt 0.645775 0.092744
vt 0.801780 0.766876
vt 0.642620 0.101287
vt 0.772242 0.770851
vt 0.807649 0.770851
vt 0.636190 0.108304
vt 0.778776 0.769233
vt 0.630686 0.107118
vt 0.782573 0.768951
vt 0.629610 0.104681
vt 0.784365 0.768848
vt 0.630533 0.096284
vt 0.789879 0.766067
vt 0.653049 0.125313
vt 0.821606 0.754658
vt 0.821606 0.701651
vt 0.655701 0.116942
vt 0.820597 0.707511
vt 0.650852 0.109177
vt 0.819943 0.713658
vt 0.636112 0.124816
vt 0.820619 0.728127
vt 0.605543 0.123689
vt 0.658544 0.716124
vt 0.612517 0.112168
vt 0.656471 0.706865
vt 0.612533 0.104647
vt 0.657473 0.701856
vt 0.620794 0.099768
vt 0.657014 0.695351
vt 0.627893 0.087717
vt 0.659477 0.686086
vt 0.636108 0.079866
vt 0.659512 0.678412
vt 0.637422 0.065253
vt 0.663689 0.668811
vt 0.978611 0.393313
vt 0.626327 0.068442
vt 0.978884 0.401089
vt 0.623076 0.062464
vt 0.974688 0.405405
vt 0.619649 0.058024
vt 0.976618 0.409307
vt 0.615717 0.051177
vt 0.972099 0.414343
vt 0.622316 0.043398
vt 0.967604 0.420852
vt 0.792893 0.016822
vt 0.957137 0.537157
vt 0.793115 0.128336
vt 0.919844 0.764216
vt 0.978884 0.611377
vt 0.726164 0.127020
vt 0.982618 0.828437
vt 0.985277 0.612492
vt 0.730159 0.119051
vt 0.985955 0.618577
vt 0.734772 0.117828
vt 0.985706 0.621784
vt 0.737965 0.114213
vt 0.985709 0.625044
vt 0.742852 0.107579
vt 0.982539 0.630360
vt 0.748137 0.101584
vt 0.982068 0.635725
vt 0.753291 0.102523
vt 0.981654 0.639247
vt 0.755932 0.095910
vt 0.981907 0.644083
vt 0.752488 0.082965
vt 0.980515 0.653034
vt 0.742547 0.076740
vt 0.979736 0.660920
vt 0.729608 0.074253
vt 0.978765 0.669797
vt 0.720706 0.076933
vt 0.980638 0.676010
vt 0.715837 0.093377
vt 0.979156 0.687674
vt 0.706678 0.092178
vt 0.982143 0.693894
vt 0.702881 0.103638
vt 0.985451 0.701849
vt 0.700329 0.126485
vt 0.985332 0.719115
vt 0.682123 0.126078
vt 0.695920 0.115457
vt 0.985924 0.711081
vt 0.682345 0.116705
vt 0.790503 0.182713
vt 0.913950 0.802361
vt 0.744152 0.234760
vt 0.914748 0.868855
vt 0.655359 0.230277
vt 0.915881 0.929038
vt 0.700129 0.232855
vt 0.918917 0.898265
vt 0.681035 0.176145
vt 0.720117 0.706920
vt 0.687230 0.177294
vt 0.721264 0.711140
vt 0.695775 0.181855
vt 0.721294 0.717672
vt 0.692413 0.158965
vt 0.721360 0.669214
vt 0.723652 0.733333
vt 0.685815 0.147007
vt 0.722803 0.678434
vt 0.678063 0.146092
vt 0.723652 0.683658
vt 0.675230 0.151053
vt 0.722879 0.687611
vt 0.676417 0.158456
vt 0.721264 0.692847
vt 0.673536 0.166249
vt 0.722360 0.698360
vt 0.292203 0.792517
vt 0.292489 0.815301
vt 0.661813 0.167862
vt 0.292489 0.798569
vt 0.656510 0.160632
vt 0.289686 0.808689
vt 0.655718 0.175243
vt 0.251953 0.794943
vt 0.631997 0.151870
vt 0.248901 0.794479
vt 0.636246 0.153435
vt 0.244974 0.792346
vt 0.639833 0.157869
vt 0.241669 0.795189
vt 0.643978 0.155711
vt 0.236545 0.797733
vt 0.271365 0.797733
vt 0.641497 0.148758
vt 0.264871 0.795962
vt 0.635412 0.141169
vt 0.261072 0.795702
vt 0.629860 0.142038
vt 0.259277 0.795649
vt 0.628670 0.144408
vt 0.254012 0.794997
vt 0.628953 0.152135
vt 0.655306 0.133664
vt 0.820772 0.748770
vt 0.650097 0.141091
vt 0.820277 0.742608
vt 0.607389 0.136153
vt 0.653443 0.724284
vt 0.612142 0.140998
vt 0.655735 0.728949
vt 0.613825 0.150815
vt 0.657111 0.735771
vt 0.624954 0.158289
vt 0.656975 0.744804
vt 0.625911 0.171889
vt 0.660644 0.754277
vt 0.632266 0.181596
vt 0.662725 0.762208
vt 0.630177 0.193713
vt 0.663689 0.770592
vt 0.936192 0.993088
vt 0.624150 0.189975
vt 0.934799 0.988433
vt 0.619586 0.193230
vt 0.934756 0.984654
vt 0.607548 0.217010
vt 0.922607 0.966981
vt 0.610624 0.227818
vt 0.913206 0.959741
vt 0.787701 0.236297
vt 0.906011 0.840309
vt 0.729775 0.135307
vt 0.983616 0.822397
vt 0.734325 0.136728
vt 0.983473 0.819183
vt 0.737343 0.140509
vt 0.983634 0.815927
vt 0.741922 0.146910
vt 0.980733 0.810460
vt 0.747511 0.151859
vt 0.980376 0.805411
vt 0.752365 0.150882
vt 0.980031 0.802082
vt 0.754436 0.159162
vt 0.980694 0.796364
vt 0.750388 0.171743
vt 0.979790 0.787350
vt 0.740589 0.179558
vt 0.979490 0.778860
vt 0.727083 0.181949
vt 0.978872 0.769577
vt 0.717993 0.177516
vt 0.980735 0.762769
vt 0.714550 0.163722
vt 0.979380 0.753241
vt 0.705110 0.164592
vt 0.982533 0.746978
vt 0.701796 0.149453
vt 0.985505 0.736379
vt 0.695401 0.137374
vt 0.985955 0.727147
vt 0.681901 0.135451
vt 0.914135 0.587389
vt 0.912631 0.580945
vt 0.907687 0.577907
vt 0.912083 0.568801
vt 0.919368 0.548227
vt 0.907168 0.617435
vt 0.914646 0.600699
vt 0.912681 0.594126
vt 0.919359 0.543634
vt 0.915562 0.540629
vt 0.913378 0.535627
vt 0.895982 0.510021
vt 0.899886 0.491066
vt 0.914595 0.470320
vt 0.927319 0.461847
vt 0.922088 0.451077
vt 0.910971 0.532316
vt 0.899509 0.525770
vt 0.895050 0.519748
vt 0.897873 0.498626
vt 0.904181 0.475330
vt 0.917204 0.447598
vt 0.915271 0.442753
vt 0.905752 0.409568
vt 0.909462 0.387644
vt 0.907973 0.379918
vt 0.913522 0.319956
vt 0.916946 0.436141
vt 0.906645 0.393390
vt 0.904442 0.364009
vt 0.905118 0.330697
vt 0.904490 0.318804
vt 0.890714 0.090966
vt 0.887536 0.088967
vt 0.902014 0.294630
vt 0.896154 0.252735
vt 0.899494 0.089690
vt 0.901607 0.087116
vt 0.914338 0.314937
vt 0.915305 0.309425
vt 0.903834 0.289091
vt 0.895227 0.218832
vt 0.894498 0.183711
vt 0.894441 0.169356
vt 0.894400 0.154878
vt 0.894092 0.141227
vt 0.894148 0.128450
vt 0.894171 0.118324
vt 0.894008 0.108798
vt 0.894695 0.102363
vt 0.902599 0.081026
vt 0.907486 0.080427
vt 0.908145 0.075919
vt 0.907469 0.066196
vt 0.896488 0.048782
vt 0.909160 0.027543
vt 0.906775 0.032031
vt 0.914130 0.024399
vt 0.916790 0.016872
vt 0.914413 0.011453
vt 0.898658 0.034009
vt 0.901664 0.051381
vt 0.905753 0.050828
vt 0.903721 0.044170
vt 0.901547 0.038724
vt 0.898335 0.030838
vt 0.909428 0.587263
vt 0.907826 0.582303
vt 0.899450 0.577629
vt 0.907697 0.565033
vt 0.914482 0.545894
vt 0.900019 0.557717
vt 0.896232 0.545229
vt 0.910664 0.544278
vt 0.884787 0.544214
vt 0.909115 0.537527
vt 0.884787 0.506506
vt 0.891550 0.507142
vt 0.899341 0.427492
vt 0.904486 0.451329
vt 0.899590 0.439848
vt 0.902078 0.444982
vt 0.896121 0.487822
vt 0.910393 0.467394
vt 0.922406 0.460423
vt 0.916817 0.451286
vt 0.891033 0.370615
vt 0.892155 0.404064
vt 0.889683 0.334369
vt 0.900007 0.410841
vt 0.904245 0.388212
vt 0.903076 0.381992
vt 0.900340 0.312365
vt 0.908809 0.320337
vt 0.897060 0.299605
vt 0.884787 0.259699
vt 0.891368 0.258308
vt 0.896491 0.073533
vt 0.892926 0.075867
vt 0.895019 0.064507
vt 0.893453 0.085386
vt 0.895820 0.082650
vt 0.897604 0.076067
vt 0.902721 0.075930
vt 0.903951 0.071504
vt 0.902592 0.062666
vt 0.900014 0.049239
vt 0.903298 0.049175
vt 0.895606 0.027771
vt 0.902298 0.022823
vt 0.901917 0.011869
vt 0.903124 0.016111
vt 0.905056 0.026524
vt 0.903146 0.030434
vt 0.910356 0.024633
vt 0.912725 0.018148
vt 0.910268 0.013053
vt 0.889840 0.032080
vt 0.892478 0.044509
vt 0.890073 0.037227
vt 0.890441 0.021779
vt 0.890730 0.012130
vt 0.890352 0.040713
vt 0.890216 0.026668
vt 0.884787 0.586718
vt 0.884787 0.519814
vt 0.884787 0.484849
vt 0.884787 0.451023
vt 0.884787 0.416228
vt 0.884787 0.373314
vt 0.884787 0.333775
vt 0.884787 0.322556
vt 0.884787 0.307563
vt 0.884787 0.295024
vt 0.884787 0.224429
vt 0.884787 0.188226
vt 0.884787 0.173199
vt 0.884787 0.158957
vt 0.884787 0.144207
vt 0.884787 0.130089
vt 0.884787 0.118689
vt 0.884787 0.107852
vt 0.884787 0.099024
vt 0.884787 0.080316
vt 0.884787 0.072428
vt 0.884787 0.062617
vt 0.884787 0.046905
vt 0.884787 0.040879
vt 0.884787 0.036425
vt 0.884787 0.031453
vt 0.884787 0.026139
vt 0.884787 0.021469
vt 0.884787 0.011956
vt 0.900826 0.617425
vt 0.908945 0.600750
vt 0.905402 0.594313
vt 0.903133 0.535930
vt 0.894574 0.524703
vt 0.889037 0.517428
vt 0.893016 0.495347
vt 0.899562 0.471739
vt 0.911422 0.448670
vt 0.908969 0.442883
vt 0.912029 0.436669
vt 0.898829 0.392669
vt 0.899424 0.366560
vt 0.898183 0.331537
vt 0.910478 0.317010
vt 0.909862 0.313756
vt 0.899187 0.294399
vt 0.890054 0.223978
vt 0.888961 0.188077
vt 0.889033 0.173211
vt 0.888626 0.158557
vt 0.887829 0.144058
vt 0.887354 0.129986
vt 0.887169 0.118683
vt 0.887064 0.107888
vt 0.887358 0.098975
vt 0.888097 0.080366
vt 0.887871 0.072125
vt 0.901079 0.043147
vt 0.898658 0.038588
vt 0.895079 0.031376
vt 0.896141 0.023148
vt 0.895804 0.017086
vt 0.896084 0.013084
vt 0.855440 0.587389
vt 0.856944 0.580945
vt 0.861887 0.577907
vt 0.857491 0.568801
vt 0.850207 0.548227
vt 0.862406 0.617435
vt 0.854929 0.600699
vt 0.856894 0.594126
vt 0.850215 0.543634
vt 0.854013 0.540629
vt 0.856197 0.535627
vt 0.873593 0.510021
vt 0.869688 0.491066
vt 0.854979 0.470320
vt 0.842256 0.461847
vt 0.847486 0.451077
vt 0.858604 0.532316
vt 0.870066 0.525770
vt 0.874524 0.519748
vt 0.871702 0.498626
vt 0.865394 0.475330
vt 0.852370 0.447599
vt 0.854303 0.442753
vt 0.863823 0.409568
vt 0.860112 0.387644
vt 0.861601 0.379918
vt 0.856052 0.319956
vt 0.852628 0.436141
vt 0.862929 0.393390
vt 0.865132 0.364009
vt 0.864456 0.330697
vt 0.865084 0.318804
vt 0.878859 0.090966
vt 0.882037 0.088967
vt 0.867560 0.294630
vt 0.873420 0.252735
vt 0.870079 0.089690
vt 0.867966 0.087116
vt 0.855236 0.314937
vt 0.854269 0.309425
vt 0.865740 0.289091
vt 0.874346 0.218832
vt 0.875076 0.183711
vt 0.875132 0.169356
vt 0.875173 0.154878
vt 0.875482 0.141227
vt 0.875426 0.128450
vt 0.875403 0.118324
vt 0.875565 0.108798
vt 0.874878 0.102363
vt 0.866975 0.081026
vt 0.862087 0.080427
vt 0.861429 0.075919
vt 0.862104 0.066196
vt 0.873085 0.048782
vt 0.860413 0.027543
vt 0.862799 0.032031
vt 0.855443 0.024398
vt 0.852783 0.016872
vt 0.855161 0.011453
vt 0.870915 0.034009
vt 0.867909 0.051381
vt 0.863820 0.050828
vt 0.865852 0.044170
vt 0.868026 0.038724
vt 0.871238 0.030838
vt 0.860147 0.587263
vt 0.861749 0.582303
vt 0.870125 0.577629
vt 0.861877 0.565033
vt 0.855093 0.545894
vt 0.869555 0.557717
vt 0.873343 0.545229
vt 0.858911 0.544278
vt 0.860460 0.537527
vt 0.878024 0.507142
vt 0.870233 0.427492
vt 0.865089 0.451329
vt 0.869984 0.439849
vt 0.867496 0.444982
vt 0.873453 0.487822
vt 0.859181 0.467394
vt 0.847168 0.460423
vt 0.852758 0.451286
vt 0.878541 0.370615
vt 0.877420 0.404064
vt 0.879891 0.334369
vt 0.869568 0.410841
vt 0.865329 0.388212
vt 0.866498 0.381992
vt 0.869234 0.312366
vt 0.860765 0.320337
vt 0.872513 0.299605
vt 0.878206 0.258308
vt 0.873082 0.073533
vt 0.876648 0.075867
vt 0.874555 0.064507
vt 0.876120 0.085386
vt 0.873753 0.082650
vt 0.871969 0.076067
vt 0.866852 0.075930
vt 0.865622 0.071504
vt 0.866981 0.062666
vt 0.869559 0.049239
vt 0.866275 0.049175
vt 0.873967 0.027771
vt 0.867275 0.022823
vt 0.867657 0.011869
vt 0.866449 0.016111
vt 0.864517 0.026524
vt 0.866427 0.030434
vt 0.859217 0.024633
vt 0.856848 0.018147
vt 0.859305 0.013053
vt 0.879733 0.032080
vt 0.877095 0.044509
vt 0.879501 0.037227
vt 0.879132 0.021779
vt 0.878843 0.012130
vt 0.879221 0.040713
vt 0.879357 0.026668
vt 0.884787 0.610909
vt 0.868748 0.617425
vt 0.860630 0.600750
vt 0.864172 0.594313
vt 0.866441 0.535930
vt 0.875000 0.524703
vt 0.880538 0.517428
vt 0.876559 0.495347
vt 0.870013 0.471739
vt 0.858152 0.448670
vt 0.860605 0.442883
vt 0.857545 0.436669
vt 0.870745 0.392669
vt 0.870150 0.366560
vt 0.871391 0.331537
vt 0.859096 0.317011
vt 0.859712 0.313756
vt 0.870387 0.294399
vt 0.879519 0.223978
vt 0.880613 0.188077
vt 0.880540 0.173211
vt 0.880947 0.158557
vt 0.881744 0.144058
vt 0.882219 0.129986
vt 0.882405 0.118683
vt 0.882510 0.107888
vt 0.882215 0.098975
vt 0.881476 0.080366
vt 0.881702 0.072125
vt 0.868495 0.043148
vt 0.870915 0.038588
vt 0.874494 0.031376
vt 0.873432 0.023148
vt 0.873769 0.017086
vt 0.873489 0.013084
vt 0.811315 0.915907
vt 0.817176 0.826494
vt 0.763324 0.909982
vt 0.765920 0.831187
vt 0.796219 0.911128
vt 0.799884 0.829849
vt 0.333051 0.826381
vt 0.352969 0.990573
vt 0.392553 0.811589
vt 0.410286 0.978587
vt 0.442720 0.800499
vt 0.459903 0.988324
vt 0.466662 0.791732
vt 0.484007 0.990573
vt 0.499128 0.794936
vt 0.511702 0.984293
vt 0.558522 0.811770
vt 0.563296 0.965283
vt 0.582235 0.960122
vt 0.582463 0.816353
vt 0.614589 0.951276
vt 0.615456 0.824641
vt 0.657646 0.834004
vt 0.657780 0.833303
vt 0.658548 0.937710
vt 0.697866 0.915827
vt 0.702478 0.827145
vt 0.728678 0.910993
vt 0.728762 0.829194
vt 0.754571 0.910541
vt 0.756098 0.829564
vt 0.771327 0.910289
vt 0.772898 0.831476
vt 0.784274 0.910456
vt 0.785889 0.829723
vt 0.792960 0.910387
vt 0.796126 0.830327
vt 0.812657 0.868203
vt 0.811588 0.859438
vt 0.808511 0.839020
vt 0.810473 0.852410
vt 0.818667 0.868741
vt 0.819493 0.852155
vt 0.818508 0.837624
vt 0.819163 0.862309
vt 0.785886 0.868837
vt 0.764894 0.850020
vt 0.773259 0.862434
vt 0.809864 0.868479
vt 0.697189 0.840427
vt 0.697323 0.839810
vt 0.364406 0.861289
vt 0.418400 0.853782
vt 0.438678 0.853130
vt 0.457136 0.852873
vt 0.481956 0.852239
vt 0.498449 0.852169
vt 0.512889 0.852158
vt 0.533499 0.852788
vt 0.555705 0.853788
vt 0.578965 0.855444
vt 0.606032 0.857507
vt 0.653846 0.860685
vt 0.701923 0.866323
vt 0.735698 0.867404
vt 0.763884 0.868746
vt 0.795282 0.869515
vt 0.799601 0.869292
vt 0.802089 0.869459
vt 0.805780 0.867413
vt 0.806427 0.852408
vt 0.365357 0.855401
vt 0.362660 0.832849
vt 0.390102 0.829268
vt 0.400976 0.821028
vt 0.439246 0.815934
vt 0.461787 0.813019
vt 0.483287 0.819294
vt 0.498907 0.822769
vt 0.514553 0.825753
vt 0.533651 0.828439
vt 0.556561 0.832395
vt 0.579914 0.836085
vt 0.609545 0.839792
vt 0.654176 0.847698
vt 0.699034 0.851875
vt 0.732168 0.852230
vt 0.756722 0.852056
vt 0.782334 0.853952
vt 0.791588 0.857567
vt 0.791740 0.857452
vt 0.802016 0.855674
vt 0.802599 0.841851
vt 0.808351 0.862325
vt 0.358400 0.860955
vt 0.369127 0.861290
vt 0.375612 0.861105
vt 0.339786 0.855546
vt 0.380151 0.859254
vt 0.387479 0.853668
vt 0.362480 0.817174
vt 0.384281 0.985398
vt 0.394508 0.843242
vt 0.408466 0.838560
vt 0.438455 0.838133
vt 0.458293 0.840746
vt 0.484165 0.790826
vt 0.499756 0.987778
vt 0.482224 0.843695
vt 0.498545 0.843358
vt 0.517040 0.800978
vt 0.527388 0.977849
vt 0.513048 0.842177
vt 0.535063 0.806067
vt 0.541810 0.972975
vt 0.533733 0.841406
vt 0.558689 0.841133
vt 0.583050 0.844541
vt 0.609350 0.846936
vt 0.653815 0.854196
vt 0.702899 0.860812
vt 0.730043 0.841654
vt 0.732881 0.862314
vt 0.755120 0.840835
vt 0.761165 0.863260
vt 0.763689 0.842165
vt 0.763838 0.842034
vt 0.788589 0.864564
vt 0.783151 0.842604
vt 0.783420 0.842546
vt 0.797202 0.864404
vt 0.801472 0.863963
vt 0.793431 0.843306
vt 0.805606 0.862358
vt 0.801151 0.913312
vt 0.805543 0.827667
vt 0.811841 0.876822
vt 0.809879 0.885228
vt 0.804764 0.903780
vt 0.808037 0.891758
vt 0.817939 0.877142
vt 0.816398 0.893071
vt 0.813687 0.906138
vt 0.817484 0.883461
vt 0.785516 0.874190
vt 0.763421 0.891575
vt 0.763728 0.899364
vt 0.763881 0.899365
vt 0.772561 0.879707
vt 0.809027 0.876115
vt 0.365308 0.871203
vt 0.358498 0.872190
vt 0.338183 0.875169
vt 0.367245 0.880941
vt 0.370555 0.870451
vt 0.376728 0.869578
vt 0.381490 0.868912
vt 0.390378 0.867692
vt 0.404513 0.865818
vt 0.420597 0.873995
vt 0.440734 0.869749
vt 0.458163 0.866398
vt 0.482475 0.863975
vt 0.498560 0.863266
vt 0.512680 0.863423
vt 0.532932 0.864196
vt 0.554942 0.865758
vt 0.577946 0.867802
vt 0.604726 0.870687
vt 0.652895 0.875656
vt 0.701917 0.874556
vt 0.735563 0.873571
vt 0.763845 0.873007
vt 0.795186 0.874120
vt 0.799247 0.874726
vt 0.801629 0.874892
vt 0.805174 0.877031
vt 0.804253 0.891341
vt 0.369804 0.886265
vt 0.373781 0.908228
vt 0.399534 0.904308
vt 0.411695 0.909437
vt 0.449673 0.903651
vt 0.469303 0.900965
vt 0.486000 0.893447
vt 0.499267 0.890154
vt 0.513144 0.888220
vt 0.530732 0.887494
vt 0.552969 0.886521
vt 0.575389 0.886672
vt 0.604815 0.888739
vt 0.651425 0.888852
vt 0.698774 0.889120
vt 0.731833 0.888507
vt 0.756065 0.889550
vt 0.780520 0.888214
vt 0.790597 0.885918
vt 0.790761 0.886056
vt 0.800487 0.887935
vt 0.799623 0.900622
vt 0.807096 0.882124
vt 0.361609 0.882964
vt 0.371749 0.879619
vt 0.377985 0.878001
vt 0.345407 0.893460
vt 0.382814 0.878520
vt 0.347470 0.923130
vt 0.391214 0.881846
vt 0.378551 0.922751
vt 0.400349 0.889963
vt 0.405808 0.920837
vt 0.414752 0.890986
vt 0.457131 0.915985
vt 0.443751 0.884038
vt 0.475923 0.915563
vt 0.461378 0.877571
vt 0.487740 0.914491
vt 0.483435 0.872101
vt 0.498070 0.911828
vt 0.498782 0.871746
vt 0.513626 0.909801
vt 0.512479 0.873051
vt 0.528881 0.907797
vt 0.532120 0.875258
vt 0.552563 0.906186
vt 0.556131 0.878487
vt 0.573751 0.905643
vt 0.579940 0.879095
vt 0.607374 0.904725
vt 0.605989 0.881662
vt 0.653179 0.902292
vt 0.651975 0.882177
vt 0.696834 0.901196
vt 0.697146 0.901683
vt 0.702762 0.880190
vt 0.729596 0.898737
vt 0.732685 0.878593
vt 0.754501 0.899915
vt 0.760818 0.878399
vt 0.788006 0.878635
vt 0.796684 0.879262
vt 0.780578 0.898338
vt 0.780717 0.898613
vt 0.800673 0.879963
vt 0.791062 0.898458
vt 0.804495 0.881851
vt 0.914135 0.587389
vt 0.747625 0.512115
vt 0.753341 0.505364
vt 0.744104 0.509851
vt 0.748097 0.502462
vt 0.757164 0.502556
vt 0.757286 0.498180
vt 0.768524 0.502150
vt 0.769275 0.497924
vt 0.784364 0.505729
vt 0.785953 0.502138
vt 0.797542 0.512889
vt 0.799447 0.510781
vt 0.806035 0.523054
vt 0.809454 0.521313
vt 0.813484 0.536984
vt 0.816785 0.535728
vt 0.816248 0.551396
vt 0.820398 0.552827
vt 0.813517 0.566255
vt 0.817605 0.568064
vt 0.802809 0.580444
vt 0.805050 0.585342
vt 0.785469 0.588726
vt 0.787170 0.593796
vt 0.764652 0.591141
vt 0.761220 0.596348
vt 0.748996 0.586641
vt 0.745884 0.592414
vt 0.735428 0.577899
vt 0.732203 0.585655
vt 0.724578 0.567632
vt 0.719730 0.572007
vt 0.717099 0.554860
vt 0.711706 0.557669
vt 0.711140 0.540209
vt 0.706278 0.542411
vt 0.745407 0.511731
vt 0.745298 0.505487
vt 0.750916 0.510558
vt 0.761496 0.518049
vt 0.767234 0.513774
vt 0.731446 0.561236
vt 0.825326 0.511589
vt 0.813552 0.611097
vt 0.788344 0.618297
vt 0.759416 0.620785
vt 0.738496 0.615730
vt 0.719328 0.606149
vt 0.701814 0.589166
vt 0.689127 0.568967
vt 0.681767 0.548552
vt 0.755828 0.522403
vt 0.773261 0.512819
vt 0.812921 0.576061
vt 0.809794 0.572925
vt 0.792731 0.506641
vt 0.791459 0.508889
vt 0.777489 0.500426
vt 0.776432 0.503018
vt 0.762642 0.497469
vt 0.763008 0.502020
vt 0.752659 0.499456
vt 0.755280 0.503379
vt 0.759450 0.511134
vt 0.763416 0.512456
vt 0.763560 0.511043
vt 0.745306 0.524563
vt 0.782443 0.514640
vt 0.735183 0.518702
vt 0.792019 0.519955
vt 0.729626 0.507645
vt 0.798618 0.528222
vt 0.732900 0.492638
vt 0.804934 0.539986
vt 0.741020 0.483031
vt 0.806883 0.551573
vt 0.751976 0.476939
vt 0.804173 0.563526
vt 0.766414 0.474303
vt 0.794833 0.574832
vt 0.777864 0.585129
vt 0.782299 0.482683
vt 0.764502 0.587247
vt 0.794624 0.485683
vt 0.752397 0.584083
vt 0.804152 0.491165
vt 0.740962 0.576179
vt 0.814018 0.499342
vt 0.727595 0.550525
vt 0.830576 0.520076
vt 0.721972 0.539423
vt 0.837042 0.529788
vt 0.758412 0.475981
vt 0.801257 0.569420
vt 0.740016 0.522228
vt 0.787605 0.516871
vt 0.761846 0.511370
vt 0.812750 0.528674
vt 0.809731 0.530078
vt 0.715437 0.352562
vt 0.713236 0.356948
vt 0.723367 0.352715
vt 0.713633 0.364809
vt 0.731720 0.360391
vt 0.716083 0.375121
vt 0.737696 0.358018
vt 0.740690 0.360070
vt 0.733125 0.378595
vt 0.750593 0.381540
vt 0.758572 0.385172
vt 0.757908 0.391698
vt 0.740083 0.402696
vt 0.744903 0.409104
vt 0.742989 0.412725
vt 0.727754 0.423782
vt 0.720985 0.434388
vt 0.727969 0.438155
vt 0.728225 0.441087
vt 0.717447 0.462430
vt 0.709949 0.488558
vt 0.708137 0.502532
vt 0.708464 0.520063
vt 0.717116 0.414812
vt 0.713206 0.441725
vt 0.707614 0.479128
vt 0.703999 0.499104
vt 0.702830 0.509646
vt 0.702924 0.523187
vt 0.714344 0.341711
vt 0.704444 0.355685
vt 0.726573 0.341711
vt 0.705609 0.368548
vt 0.734731 0.353945
vt 0.705516 0.379744
vt 0.744513 0.352163
vt 0.748660 0.355111
vt 0.746175 0.372674
vt 0.758215 0.374280
vt 0.767454 0.382990
vt 0.765441 0.396324
vt 0.753603 0.405903
vt 0.754764 0.410545
vt 0.751367 0.417790
vt 0.737512 0.429692
vt 0.733852 0.434346
vt 0.737903 0.437492
vt 0.738313 0.442932
vt 0.728546 0.466461
vt 0.827061 0.596685
vt 0.719689 0.503266
vt 0.842011 0.564153
vt 0.720213 0.519176
vt 0.843650 0.548130
vt 0.705478 0.416387
vt 0.701243 0.441593
vt 0.695161 0.478005
vt 0.691852 0.498203
vt 0.690875 0.509692
vt 0.691338 0.524699
f 5/5 12/12 11/11
f 8/8 9/9 1/1
f 4/4 8/8 1/1
f 14/14 51/51 50/50
f 74/74 17/17 75/75
f 20/20 73/73 72/72
f 70/70 21/21 71/71
f 68/68 23/23 69/69
f 24/24 25/25 23/23
f 110/110 27/27 111/111
f 28/28 29/29 27/27
f 30/30 31/31 29/29
f 66/66 33/33 67/67
f 34/34 35/35 33/33
f 36/36 37/37 35/35
f 38/38 39/39 37/37
f 42/42 39/39 40/40
f 44/44 41/41 42/42
f 46/46 43/43 44/44
f 48/48 45/45 46/46
f 98/98 24/24 68/68
f 161/161 34/34 66/66
f 42/42 61/61 44/44
f 13/13 107/107 49/49
f 49/49 81/81 15/15
f 72/72 91/91 20/20
f 104/104 30/30 28/28
f 38/38 59/59 40/40
f 52/52 51/51 14/14
f 50/50 85/85 16/16
f 64/64 13/13 51/51
f 100/100 26/26 24/24
f 56/56 36/36 34/34
f 44/44 62/62 46/46
f 15/15 83/83 50/50
f 94/94 22/22 70/70
f 30/30 163/163 32/32
f 40/40 60/60 42/42
f 87/87 18/18 74/74
f 102/102 28/28 110/110
f 57/57 38/38 36/36
f 62/62 48/48 46/46
f 32/32 161/161 66/66
f 32/32 67/67 31/31
f 96/96 68/68 22/22
f 68/68 21/21 22/22
f 20/20 94/94 70/70
f 70/70 19/19 20/20
f 18/18 105/105 72/72
f 18/18 73/73 17/17
f 85/85 74/74 16/16
f 74/74 14/14 16/16
f 71/71 80/80 65/65
f 67/67 90/90 31/31
f 31/31 88/88 29/29
f 73/73 78/78 17/17
f 39/39 99/99 97/97
f 17/17 109/109 75/75
f 111/111 86/86 84/84
f 37/37 93/93 35/35
f 45/45 103/103 101/101
f 19/19 71/71 65/65
f 23/23 108/108 69/69
f 33/33 106/106 67/67
f 41/41 54/54 99/99
f 19/19 53/53 73/73
f 29/29 86/86 27/27
f 37/37 97/97 95/95
f 69/69 80/80 21/21
f 75/75 76/76 14/14
f 52/52 76/76 77/77
f 25/25 82/82 23/23
f 35/35 92/92 33/33
f 45/45 54/54 43/43
f 25/25 111/111 84/84
f 55/55 110/110 26/26
f 110/110 25/25 26/26
f 109/109 77/77 76/76
f 114/114 113/113 112/112
f 116/116 115/115 114/114
f 47/47 140/140 134/134
f 134/134 139/139 133/133
f 133/133 138/138 132/132
f 132/132 137/137 131/131
f 131/131 136/136 130/130
f 130/130 128/128 129/129
f 126/126 124/124 125/125
f 121/121 123/123 124/124
f 121/121 124/124 120/120
f 124/124 127/127 120/120
f 116/116 119/119 120/120
f 116/116 120/120 117/117
f 135/135 117/117 120/120
f 120/120 127/127 135/135
f 128/128 135/135 127/127
f 48/48 171/171 140/140
f 157/157 129/129 128/128
f 114/114 145/145 116/116
f 158/158 130/130 129/129
f 117/117 144/144 115/115
f 130/130 160/160 131/131
f 145/145 118/118 116/116
f 160/160 132/132 131/131
f 132/132 162/162 133/133
f 119/119 149/149 120/120
f 162/162 134/134 133/133
f 149/149 121/121 120/120
f 164/164 47/47 134/134
f 150/150 122/122 121/121
f 135/135 146/146 117/117
f 151/151 123/123 122/122
f 136/136 166/166 135/135
f 123/123 153/153 124/124
f 141/141 114/114 112/112
f 137/137 167/167 136/136
f 153/153 125/125 124/124
f 142/142 112/112 113/113
f 138/138 168/168 137/137
f 125/125 155/155 126/126
f 115/115 142/142 113/113
f 139/139 169/169 138/138
f 126/126 156/156 127/127
f 140/140 170/170 139/139
f 127/127 157/157 128/128
f 119/119 147/147 148/148
f 217/217 219/219 240/240
f 381/381 218/218 173/173
f 219/219 174/174 221/221
f 272/272 179/179 223/223
f 220/220 178/178 222/222
f 271/271 414/414 385/385
f 223/223 181/181 224/224
f 224/224 183/183 225/225
f 187/187 395/395 391/391
f 225/225 186/186 226/226
f 226/226 188/188 227/227
f 227/227 190/190 228/228
f 398/398 193/193 401/401
f 228/228 192/192 229/229
f 229/229 194/194 230/230
f 395/395 189/189 396/396
f 401/401 195/195 304/304
f 194/194 231/231 230/230
f 307/307 199/199 403/403
f 196/196 232/232 231/231
f 233/233 202/202 234/234
f 232/232 200/200 233/233
f 195/195 307/307 304/304
f 199/199 311/311 403/403
f 203/203 407/407 405/405
f 202/202 235/235 234/234
f 311/311 203/203 405/405
f 204/204 236/236 235/235
f 409/409 209/209 317/317
f 205/205 409/409 407/407
f 206/206 237/237 236/236
f 237/237 210/210 238/238
f 210/210 239/239 238/238
f 209/209 411/411 317/317
f 369/369 241/241 268/268
f 265/265 216/216 266/266
f 365/365 259/259 258/258
f 364/364 258/258 257/257
f 364/364 256/256 363/363
f 362/362 256/256 255/255
f 361/361 255/255 254/254
f 361/361 253/253 360/360
f 360/360 252/252 359/359
f 357/357 251/251 250/250
f 359/359 251/251 358/358
f 356/356 250/250 249/249
f 356/356 248/248 355/355
f 355/355 247/247 354/354
f 353/353 247/247 246/246
f 352/352 246/246 245/245
f 352/352 273/273 372/372
f 351/351 243/243 350/350
f 349/349 243/243 242/242
f 349/349 241/241 348/348
f 241/241 217/217 268/268
f 351/351 273/273 244/244
f 238/238 213/213 211/211
f 209/209 238/238 211/211
f 207/207 237/237 209/209
f 235/235 207/207 205/205
f 234/234 205/205 203/203
f 199/199 233/233 201/201
f 201/201 234/234 203/203
f 197/197 232/232 199/199
f 195/195 231/231 197/197
f 193/193 230/230 195/195
f 191/191 229/229 193/193
f 227/227 191/191 189/189
f 226/226 189/189 187/187
f 184/184 226/226 187/187
f 182/182 225/225 184/184
f 180/180 224/224 182/182
f 175/175 222/222 271/271
f 270/270 223/223 180/180
f 173/173 221/221 176/176
f 219/219 218/218 240/240
f 241/241 174/174 172/172
f 174/174 243/243 177/177
f 177/177 244/244 178/178
f 269/269 245/245 179/179
f 179/179 246/246 181/181
f 181/181 247/247 183/183
f 183/183 248/248 186/186
f 248/248 188/188 186/186
f 249/249 190/190 188/188
f 251/251 194/194 192/192
f 250/250 192/192 190/190
f 252/252 196/196 194/194
f 253/253 198/198 196/196
f 254/254 200/200 198/198
f 255/255 202/202 200/200
f 202/202 257/257 204/204
f 204/204 258/258 206/206
f 258/258 208/208 206/206
f 259/259 210/210 208/208
f 260/260 212/212 210/210
f 214/214 263/263 215/215
f 261/261 214/214 212/212
f 267/267 215/215 263/263
f 266/266 264/264 267/267
f 182/182 185/185 391/391
f 182/182 391/391 389/389
f 415/415 294/294 291/291
f 178/178 273/273 269/269
f 222/222 269/269 272/272
f 278/278 275/275 276/276
f 280/280 276/276 274/274
f 281/281 274/274 277/277
f 279/279 412/412 282/282
f 416/416 279/279 282/282
f 376/376 281/281 277/277
f 217/217 281/281 268/268
f 240/240 280/280 217/217
f 218/218 278/278 240/240
f 239/239 216/216 213/213
f 215/215 264/264 239/239
f 324/324 326/326 284/284
f 325/325 382/382 285/285
f 326/326 286/286 284/284
f 328/328 287/287 286/286
f 371/371 293/293 370/370
f 327/327 290/290 287/287
f 415/415 292/292 386/386
f 330/330 295/295 293/293
f 414/414 180/180 387/387
f 331/331 297/297 295/295
f 367/367 296/296 390/390
f 367/367 390/390 392/392
f 332/332 298/298 297/297
f 333/333 299/299 298/298
f 334/334 300/300 299/299
f 335/335 301/301 300/300
f 336/336 302/302 301/301
f 338/338 302/302 337/337
f 339/339 305/305 338/338
f 340/340 312/312 309/309
f 339/339 309/309 308/308
f 342/342 312/312 341/341
f 343/343 313/313 342/342
f 344/344 314/314 343/343
f 344/344 318/318 315/315
f 346/346 318/318 345/345
f 265/265 323/323 320/320
f 348/348 324/324 284/284
f 320/320 345/345 410/410
f 316/316 345/345 344/344
f 408/408 344/344 343/343
f 408/408 342/342 406/406
f 406/406 341/341 404/404
f 402/402 340/340 339/339
f 310/310 341/341 340/340
f 306/306 339/339 338/338
f 303/303 338/338 337/337
f 400/400 337/337 336/336
f 399/399 336/336 335/335
f 399/399 334/334 397/397
f 397/397 333/333 393/393
f 367/367 333/333 332/332
f 296/296 332/332 331/331
f 294/294 331/331 330/330
f 288/288 329/329 327/327
f 291/291 330/330 371/371
f 285/285 328/328 326/326
f 326/326 325/325 285/285
f 286/286 348/348 284/284
f 286/286 350/350 349/349
f 287/287 351/351 350/350
f 370/370 352/352 372/372
f 293/293 353/353 352/352
f 295/295 354/354 353/353
f 297/297 355/355 354/354
f 299/299 355/355 298/298
f 300/300 356/356 299/299
f 302/302 358/358 301/301
f 301/301 357/357 300/300
f 305/305 359/359 302/302
f 308/308 360/360 305/305
f 309/309 361/361 308/308
f 312/312 362/362 309/309
f 312/312 364/364 363/363
f 313/313 365/365 364/364
f 315/315 365/365 314/314
f 318/318 259/259 315/315
f 319/319 260/260 318/318
f 321/321 263/263 262/262
f 321/321 261/261 319/319
f 322/322 267/267 263/263
f 366/366 266/266 267/267
f 290/290 372/372 351/351
f 292/292 371/371 329/329
f 329/329 370/370 290/290
f 377/377 374/374 378/378
f 379/379 375/375 377/377
f 380/380 373/373 379/379
f 413/413 378/378 283/283
f 417/417 378/378 374/374
f 380/380 324/324 369/369
f 379/379 347/347 324/324
f 377/377 325/325 347/347
f 323/323 346/346 320/320
f 346/346 366/366 322/322
f 384/384 285/285 382/382
f 173/173 383/383 381/381
f 189/189 398/398 396/396
f 281/281 369/369 268/268
f 51/51 13/13 50/50
f 13/13 49/49 15/15
f 50/50 13/13 15/15
f 50/50 16/16 14/14
f 74/74 18/18 17/17
f 20/20 19/19 73/73
f 70/70 22/22 21/21
f 68/68 24/24 23/23
f 24/24 26/26 25/25
f 110/110 28/28 27/27
f 28/28 30/30 29/29
f 30/30 32/32 31/31
f 66/66 34/34 33/33
f 34/34 36/36 35/35
f 36/36 38/38 37/37
f 38/38 40/40 39/39
f 42/42 41/41 39/39
f 44/44 43/43 41/41
f 46/46 45/45 43/43
f 48/48 47/47 45/45
f 98/98 100/100 24/24
f 161/161 56/56 34/34
f 42/42 60/60 61/61
f 13/13 79/79 107/107
f 49/49 107/107 81/81
f 72/72 105/105 91/91
f 104/104 165/165 30/30
f 38/38 58/58 59/59
f 52/52 64/64 51/51
f 50/50 83/83 85/85
f 64/64 79/79 13/13
f 100/100 55/55 26/26
f 56/56 57/57 36/36
f 44/44 61/61 62/62
f 15/15 81/81 83/83
f 94/94 96/96 22/22
f 30/30 165/165 163/163
f 40/40 59/59 60/60
f 87/87 89/89 18/18
f 102/102 104/104 28/28
f 57/57 58/58 38/38
f 62/62 63/63 48/48
f 32/32 163/163 161/161
f 32/32 66/66 67/67
f 96/96 98/98 68/68
f 68/68 69/69 21/21
f 20/20 91/91 94/94
f 70/70 71/71 19/19
f 18/18 89/89 105/105
f 18/18 72/72 73/73
f 85/85 87/87 74/74
f 74/74 75/75 14/14
f 71/71 21/21 80/80
f 67/67 106/106 90/90
f 31/31 90/90 88/88
f 73/73 53/53 78/78
f 39/39 41/41 99/99
f 17/17 78/78 109/109
f 111/111 27/27 86/86
f 37/37 95/95 93/93
f 45/45 47/47 103/103
f 23/23 82/82 108/108
f 33/33 92/92 106/106
f 41/41 43/43 54/54
f 19/19 65/65 53/53
f 29/29 88/88 86/86
f 37/37 39/39 97/97
f 69/69 108/108 80/80
f 75/75 109/109 76/76
f 52/52 14/14 76/76
f 25/25 84/84 82/82
f 35/35 93/93 92/92
f 45/45 101/101 54/54
f 55/55 102/102 110/110
f 110/110 111/111 25/25
f 114/114 115/115 113/113
f 116/116 117/117 115/115
f 47/47 48/48 140/140
f 134/134 140/140 139/139
f 133/133 139/139 138/138
f 132/132 138/138 137/137
f 131/131 137/137 136/136
f 130/130 136/136 128/128
f 126/126 127/127 124/124
f 121/121 122/122 123/123
f 116/116 118/118 119/119
f 128/128 136/136 135/135
f 48/48 63/63 171/171
f 157/157 158/158 129/129
f 114/114 143/143 145/145
f 158/158 159/159 130/130
f 117/117 146/146 144/144
f 130/130 159/159 160/160
f 145/145 147/147 118/118
f 160/160 162/162 132/132
f 119/119 148/148 149/149
f 162/162 164/164 134/134
f 149/149 150/150 121/121
f 164/164 103/103 47/47
f 150/150 151/151 122/122
f 135/135 166/166 146/146
f 151/151 152/152 123/123
f 136/136 167/167 166/166
f 123/123 152/152 153/153
f 141/141 143/143 114/114
f 137/137 168/168 167/167
f 153/153 154/154 125/125
f 142/142 141/141 112/112
f 138/138 169/169 168/168
f 125/125 154/154 155/155
f 115/115 144/144 142/142
f 139/139 170/170 169/169
f 126/126 155/155 156/156
f 140/140 171/171 170/170
f 127/127 156/156 157/157
f 119/119 118/118 147/147
f 217/217 172/172 219/219
f 381/381 412/412 218/218
f 384/384 386/386 288/288
f 386/386 292/292 288/288
f 219/219 172/172 174/174
f 221/221 174/174 177/177
f 272/272 269/269 179/179
f 220/220 177/177 178/178
f 389/389 387/387 182/182
f 387/387 180/180 182/182
f 223/223 179/179 181/181
f 224/224 181/181 183/183
f 184/184 187/187 391/391
f 225/225 183/183 186/186
f 226/226 186/186 188/188
f 227/227 188/188 190/190
f 398/398 191/191 193/193
f 228/228 190/190 192/192
f 229/229 192/192 194/194
f 395/395 187/187 189/189
f 401/401 193/193 195/195
f 194/194 196/196 231/231
f 307/307 197/197 199/199
f 196/196 198/198 232/232
f 233/233 200/200 202/202
f 232/232 198/198 200/200
f 195/195 197/197 307/307
f 199/199 201/201 311/311
f 203/203 205/205 407/407
f 202/202 204/204 235/235
f 311/311 201/201 203/203
f 204/204 206/206 236/236
f 409/409 207/207 209/209
f 205/205 207/207 409/409
f 206/206 208/208 237/237
f 237/237 208/208 210/210
f 210/210 212/212 239/239
f 209/209 211/211 411/411
f 369/369 348/348 241/241
f 265/265 213/213 216/216
f 364/364 365/365 258/258
f 364/364 257/257 256/256
f 362/362 363/363 256/256
f 361/361 362/362 255/255
f 361/361 254/254 253/253
f 360/360 253/253 252/252
f 357/357 358/358 251/251
f 359/359 252/252 251/251
f 356/356 357/357 250/250
f 356/356 249/249 248/248
f 355/355 248/248 247/247
f 353/353 354/354 247/247
f 352/352 353/353 246/246
f 352/352 245/245 273/273
f 351/351 244/244 243/243
f 349/349 350/350 243/243
f 349/349 242/242 241/241
f 241/241 172/172 217/217
f 351/351 372/372 273/273
f 238/238 239/239 213/213
f 209/209 237/237 238/238
f 207/207 236/236 237/237
f 235/235 236/236 207/207
f 234/234 235/235 205/205
f 199/199 232/232 233/233
f 201/201 233/233 234/234
f 197/197 231/231 232/232
f 195/195 230/230 231/231
f 193/193 229/229 230/230
f 191/191 228/228 229/229
f 227/227 228/228 191/191
f 226/226 227/227 189/189
f 184/184 225/225 226/226
f 182/182 224/224 225/225
f 180/180 223/223 224/224
f 175/175 220/220 222/222
f 270/270 272/272 223/223
f 173/173 219/219 221/221
f 219/219 173/173 218/218
f 241/241 242/242 174/174
f 174/174 242/242 243/243
f 177/177 243/243 244/244
f 269/269 273/273 245/245
f 179/179 245/245 246/246
f 181/181 246/246 247/247
f 183/183 247/247 248/248
f 248/248 249/249 188/188
f 249/249 250/250 190/190
f 251/251 252/252 194/194
f 250/250 251/251 192/192
f 252/252 253/253 196/196
f 253/253 254/254 198/198
f 254/254 255/255 200/200
f 255/255 256/256 202/202
f 202/202 256/256 257/257
f 204/204 257/257 258/258
f 258/258 259/259 208/208
f 259/259 260/260 210/210
f 260/260 261/261 212/212
f 214/214 262/262 263/263
f 261/261 262/262 214/214
f 267/267 264/264 215/215
f 266/266 216/216 264/264
f 415/415 388/388 294/294
f 178/178 244/244 273/273
f 271/271 222/222 272/272
f 222/222 178/178 269/269
f 278/278 279/279 275/275
f 280/280 278/278 276/276
f 281/281 280/280 274/274
f 279/279 218/218 412/412
f 416/416 275/275 279/279
f 376/376 380/380 281/281
f 217/217 280/280 281/281
f 240/240 278/278 280/280
f 218/218 279/279 278/278
f 239/239 264/264 216/216
f 212/212 214/214 239/239
f 214/214 215/215 239/239
f 324/324 347/347 326/326
f 325/325 413/413 382/382
f 326/326 328/328 286/286
f 371/371 330/330 293/293
f 327/327 329/329 290/290
f 294/294 388/388 296/296
f 388/388 390/390 296/296
f 330/330 331/331 295/295
f 414/414 270/270 180/180
f 331/331 332/332 297/297
f 368/368 392/392 394/394
f 332/332 333/333 298/298
f 333/333 334/334 299/299
f 334/334 335/335 300/300
f 335/335 336/336 301/301
f 336/336 337/337 302/302
f 338/338 305/305 302/302
f 339/339 308/308 305/305
f 340/340 341/341 312/312
f 339/339 340/340 309/309
f 342/342 313/313 312/312
f 343/343 314/314 313/313
f 344/344 315/315 314/314
f 344/344 345/345 318/318
f 346/346 319/319 318/318
f 265/265 266/266 323/323
f 348/348 369/369 324/324
f 320/320 346/346 345/345
f 316/316 410/410 345/345
f 408/408 316/316 344/344
f 408/408 343/343 342/342
f 406/406 342/342 341/341
f 402/402 310/310 340/340
f 310/310 404/404 341/341
f 306/306 402/402 339/339
f 303/303 306/306 338/338
f 400/400 303/303 337/337
f 399/399 400/400 336/336
f 399/399 335/335 334/334
f 397/397 334/334 333/333
f 367/367 393/393 333/333
f 296/296 367/367 332/332
f 294/294 296/296 331/331
f 288/288 292/292 329/329
f 291/291 294/294 330/330
f 285/285 289/289 328/328
f 326/326 347/347 325/325
f 286/286 349/349 348/348
f 286/286 287/287 350/350
f 287/287 290/290 351/351
f 370/370 293/293 352/352
f 293/293 295/295 353/353
f 295/295 297/297 354/354
f 297/297 298/298 355/355
f 299/299 356/356 355/355
f 300/300 357/357 356/356
f 302/302 359/359 358/358
f 301/301 358/358 357/357
f 305/305 360/360 359/359
f 308/308 361/361 360/360
f 309/309 362/362 361/361
f 312/312 363/363 362/362
f 312/312 313/313 364/364
f 313/313 314/314 365/365
f 315/315 259/259 365/365
f 318/318 260/260 259/259
f 319/319 261/261 260/260
f 321/321 322/322 263/263
f 321/321 262/262 261/261
f 322/322 366/366 267/267
f 366/366 323/323 266/266
f 271/271 385/385 176/176
f 385/385 383/383 176/176
f 290/290 370/370 372/372
f 329/329 371/371 370/370
f 377/377 375/375 374/374
f 379/379 373/373 375/375
f 380/380 376/376 373/373
f 413/413 325/325 378/378
f 417/417 283/283 378/378
f 380/380 379/379 324/324
f 379/379 377/377 347/347
f 377/377 378/378 325/325
f 323/323 366/366 346/346
f 322/322 321/321 346/346
f 321/321 319/319 346/346
f 384/384 289/289 285/285
f 173/173 176/176 383/383
f 189/189 191/191 398/398
f 281/281 380/380 369/369
f 609/609 455/455 608/608
f 610/610 456/456 609/609
f 611/611 453/453 610/610
f 612/612 459/459 611/611
f 613/613 457/457 612/612
f 614/614 454/454 613/613
f 615/615 616/616 424/424
f 616/616 425/425 424/424
f 618/618 426/426 540/540
f 619/619 426/426 618/618
f 620/620 427/427 619/619
f 620/620 429/429 428/428
f 621/621 430/430 429/429
f 622/622 431/431 430/430
f 623/623 432/432 431/431
f 624/624 433/433 432/432
f 625/625 434/434 433/433
f 627/627 480/480 665/665
f 628/628 483/483 481/481
f 629/629 483/483 628/628
f 438/438 629/629 487/487
f 630/630 489/489 487/487
f 631/631 488/488 489/489
f 632/632 495/495 497/497
f 633/633 494/494 495/495
f 633/633 496/496 494/494
f 444/444 492/492 496/496
f 634/634 493/493 444/444
f 684/684 446/446 498/498
f 635/635 447/447 446/446
f 686/686 447/447 635/635
f 502/502 686/686 505/505
f 636/636 449/449 505/505
f 636/636 450/450 449/449
f 452/452 450/450 636/636
f 465/465 460/460 466/466
f 454/454 422/422 457/457
f 420/420 456/456 453/453
f 458/458 423/423 454/454
f 421/421 468/468 453/453
f 457/457 421/421 459/459
f 419/419 455/455 456/456
f 467/467 461/461 465/465
f 463/463 468/468 421/421
f 467/467 419/419 420/420
f 465/465 418/418 419/419
f 467/467 420/420 468/468
f 470/470 423/423 458/458
f 458/458 477/477 471/471
f 479/479 478/478 474/474
f 425/425 478/478 424/424
f 426/426 541/541 540/540
f 476/476 475/475 425/425
f 472/472 477/477 479/479
f 479/479 424/424 478/478
f 475/475 474/474 478/478
f 626/626 480/480 434/434
f 483/483 436/436 481/481
f 439/439 487/487 489/489
f 440/440 484/484 489/489
f 495/495 442/442 441/441
f 496/496 442/442 494/494
f 492/492 490/490 443/443
f 684/684 445/445 634/634
f 441/441 486/486 497/497
f 486/486 488/488 632/632
f 497/497 495/495 441/441
f 686/686 501/501 448/448
f 503/503 502/502 504/504
f 501/501 500/500 499/499
f 448/448 501/501 499/499
f 505/505 504/504 502/502
f 506/506 505/505 449/449
f 506/506 449/449 507/507
f 458/458 615/615 477/477
f 423/423 509/509 422/422
f 469/469 510/510 423/423
f 469/469 512/512 511/511
f 422/422 508/508 421/421
f 470/470 519/519 512/512
f 464/464 517/517 518/518
f 461/461 516/516 515/515
f 461/461 514/514 460/460
f 462/462 518/518 516/516
f 463/463 513/513 517/517
f 473/473 523/523 522/522
f 472/472 520/520 471/471
f 473/473 521/521 472/472
f 471/471 519/519 458/458
f 481/481 534/534 539/539
f 435/435 539/539 533/533
f 428/428 527/527 526/526
f 436/436 535/535 534/534
f 429/429 528/528 527/527
f 430/430 529/529 528/528
f 431/431 530/530 529/529
f 432/432 531/531 530/530
f 475/475 523/523 474/474
f 434/434 538/538 532/532
f 433/433 532/532 531/531
f 475/475 537/537 536/536
f 427/427 524/524 426/426
f 480/480 533/533 538/538
f 541/541 524/524 537/537
f 428/428 525/525 427/427
f 540/540 476/476 425/425
f 441/441 550/550 486/486
f 542/542 436/436 483/483
f 542/542 482/482 437/437
f 484/484 549/549 548/548
f 438/438 544/544 543/543
f 437/437 547/547 535/535
f 440/440 550/550 545/545
f 485/485 545/545 549/549
f 439/439 548/548 544/544
f 482/482 543/543 547/547
f 492/492 553/553 560/560
f 493/493 553/553 444/444
f 503/503 564/564 500/500
f 446/446 562/562 498/498
f 499/499 564/564 563/563
f 447/447 555/555 446/446
f 498/498 554/554 445/445
f 448/448 556/556 447/447
f 490/490 552/552 443/443
f 491/491 558/558 490/490
f 441/441 551/551 546/546
f 491/491 560/560 559/559
f 443/443 551/551 442/442
f 499/499 557/557 448/448
f 445/445 561/561 493/493
f 450/450 568/568 567/567
f 504/504 571/571 570/570
f 506/506 571/571 505/505
f 450/450 566/566 449/449
f 504/504 569/569 503/503
f 507/507 566/566 573/573
f 507/507 572/572 506/506
f 503/503 569/569 565/565
f 639/639 609/609 608/608
f 640/640 610/610 609/609
f 637/637 611/611 610/610
f 643/643 612/612 611/611
f 641/641 613/613 612/612
f 638/638 614/614 613/613
f 661/661 663/663 580/580
f 616/616 581/581 617/617
f 727/727 582/582 618/618
f 582/582 619/619 618/618
f 583/583 620/620 619/619
f 620/620 585/585 621/621
f 621/621 586/586 622/622
f 622/622 587/587 623/623
f 623/623 588/588 624/624
f 624/624 589/589 625/625
f 625/625 590/590 626/626
f 664/664 627/627 665/665
f 666/666 668/668 628/628
f 668/668 629/629 628/628
f 672/672 629/629 594/594
f 630/630 674/674 631/631
f 631/631 673/673 632/632
f 632/632 680/680 633/633
f 633/633 680/680 679/679
f 633/633 679/679 681/681
f 681/681 677/677 600/600
f 634/634 678/678 601/601
f 684/684 602/602 635/635
f 635/635 602/602 603/603
f 603/603 686/686 635/635
f 692/692 686/686 689/689
f 636/636 692/692 605/605
f 636/636 605/605 606/606
f 606/606 452/452 636/636
f 649/649 644/644 645/645
f 638/638 578/578 579/579
f 640/640 576/576 637/637
f 642/642 638/638 579/579
f 637/637 652/652 577/577
f 641/641 577/577 578/578
f 639/639 575/575 640/640
f 651/651 645/645 646/646
f 652/652 647/647 577/577
f 575/575 651/651 576/576
f 574/574 649/649 575/575
f 652/652 576/576 651/651
f 579/579 654/654 642/642
f 642/642 655/655 661/661
f 658/658 662/662 663/663
f 581/581 662/662 659/659
f 582/582 727/727 728/728
f 660/660 581/581 659/659
f 661/661 656/656 663/663
f 663/663 662/662 580/580
f 659/659 662/662 658/658
f 626/626 664/664 665/665
f 668/668 666/666 592/592
f 672/672 595/595 674/674
f 674/674 669/669 596/596
f 680/680 598/598 679/679
f 598/598 681/681 679/679
f 675/675 676/676 677/677
f 601/601 684/684 634/634
f 597/597 682/682 671/671
f 673/673 596/596 671/671
f 682/682 597/597 680/680
f 686/686 604/604 688/688
f 689/689 690/690 691/691
f 688/688 687/687 689/689
f 604/604 685/685 688/688
f 692/692 689/689 691/691
f 693/693 605/605 692/692
f 693/693 694/694 605/605
f 615/615 642/642 661/661
f 696/696 579/579 578/578
f 697/697 653/653 579/579
f 653/653 699/699 654/654
f 695/695 578/578 577/577
f 654/654 706/706 642/642
f 648/648 704/704 647/647
f 645/645 703/703 646/646
f 701/701 645/645 644/644
f 646/646 705/705 648/648
f 647/647 700/700 577/577
f 657/657 710/710 658/658
f 707/707 656/656 655/655
f 708/708 657/657 656/656
f 706/706 655/655 642/642
f 666/666 721/721 592/592
f 591/591 726/726 666/666
f 584/584 714/714 585/585
f 592/592 722/722 593/593
f 585/585 715/715 586/586
f 586/586 716/716 587/587
f 587/587 717/717 588/588
f 588/588 718/718 589/589
f 710/710 659/659 658/658
f 590/590 725/725 664/664
f 589/589 719/719 590/590
f 659/659 724/724 660/660
f 711/711 583/583 582/582
f 664/664 720/720 591/591
f 711/711 582/582 728/728
f 712/712 584/584 583/583
f 727/727 660/660 728/728
f 737/737 597/597 671/671
f 592/592 729/729 668/668
f 729/729 667/667 594/594
f 669/669 736/736 670/670
f 594/594 731/731 595/595
f 593/593 734/734 667/667
f 596/596 737/737 671/671
f 670/670 732/732 596/596
f 595/595 735/735 669/669
f 667/667 730/730 594/594
f 677/677 740/740 600/600
f 740/740 678/678 600/600
f 751/751 690/690 687/687
f 749/749 602/602 683/683
f 685/685 751/751 687/687
f 742/742 603/603 602/602
f 741/741 683/683 601/601
f 743/743 604/604 603/603
f 739/739 675/675 599/599
f 745/745 676/676 675/675
f 597/597 738/738 598/598
f 676/676 747/747 677/677
f 738/738 599/599 598/598
f 744/744 685/685 604/604
f 601/601 748/748 741/741
f 606/606 755/755 607/607
f 691/691 758/758 692/692
f 758/758 693/693 692/692
f 753/753 606/606 605/605
f 756/756 691/691 690/690
f 694/694 753/753 605/605
f 759/759 694/694 693/693
f 690/690 752/752 756/756
f 609/609 456/456 455/455
f 610/610 453/453 456/456
f 611/611 459/459 453/453
f 612/612 457/457 459/459
f 613/613 454/454 457/457
f 614/614 458/458 454/454
f 424/424 479/479 477/477
f 477/477 615/615 424/424
f 616/616 617/617 425/425
f 425/425 617/617 540/540
f 617/617 618/618 540/540
f 619/619 427/427 426/426
f 620/620 428/428 427/427
f 620/620 621/621 429/429
f 621/621 622/622 430/430
f 622/622 623/623 431/431
f 623/623 624/624 432/432
f 624/624 625/625 433/433
f 625/625 626/626 434/434
f 627/627 435/435 480/480
f 435/435 627/627 481/481
f 627/627 628/628 481/481
f 629/629 542/542 483/483
f 542/542 629/629 438/438
f 629/629 630/630 487/487
f 630/630 631/631 489/489
f 631/631 632/632 488/488
f 632/632 633/633 495/495
f 496/496 633/633 444/444
f 633/633 634/634 444/444
f 634/634 445/445 493/493
f 684/684 635/635 446/446
f 686/686 448/448 447/447
f 501/501 686/686 502/502
f 686/686 636/636 505/505
f 452/452 451/451 450/450
f 465/465 461/461 460/460
f 454/454 423/423 422/422
f 420/420 419/419 456/456
f 453/453 459/459 421/421
f 468/468 420/420 453/453
f 457/457 422/422 421/421
f 419/419 418/418 455/455
f 467/467 462/462 461/461
f 463/463 464/464 468/468
f 467/467 465/465 419/419
f 465/465 466/466 418/418
f 468/468 464/464 467/467
f 464/464 462/462 467/467
f 470/470 469/469 423/423
f 474/474 473/473 479/479
f 473/473 472/472 479/479
f 425/425 475/475 478/478
f 472/472 471/471 477/477
f 626/626 665/665 480/480
f 439/439 438/438 487/487
f 489/489 488/488 440/440
f 440/440 485/485 484/484
f 484/484 439/439 489/489
f 495/495 494/494 442/442
f 496/496 443/443 442/442
f 443/443 496/496 492/492
f 492/492 491/491 490/490
f 684/684 498/498 445/445
f 632/632 497/497 486/486
f 486/486 440/440 488/488
f 503/503 500/500 502/502
f 501/501 502/502 500/500
f 458/458 614/614 615/615
f 423/423 510/510 509/509
f 469/469 511/511 510/510
f 469/469 470/470 512/512
f 422/422 509/509 508/508
f 470/470 458/458 519/519
f 464/464 463/463 517/517
f 461/461 462/462 516/516
f 461/461 515/515 514/514
f 462/462 464/464 518/518
f 463/463 421/421 513/513
f 473/473 474/474 523/523
f 472/472 521/521 520/520
f 473/473 522/522 521/521
f 471/471 520/520 519/519
f 481/481 436/436 534/534
f 435/435 481/481 539/539
f 428/428 429/429 527/527
f 436/436 437/437 535/535
f 429/429 430/430 528/528
f 430/430 431/431 529/529
f 431/431 432/432 530/530
f 432/432 433/433 531/531
f 475/475 536/536 523/523
f 434/434 480/480 538/538
f 433/433 434/434 532/532
f 475/475 476/476 537/537
f 427/427 525/525 524/524
f 480/480 435/435 533/533
f 537/537 476/476 541/541
f 541/541 426/426 524/524
f 428/428 526/526 525/525
f 540/540 541/541 476/476
f 441/441 546/546 550/550
f 542/542 437/437 436/436
f 542/542 438/438 482/482
f 484/484 485/485 549/549
f 438/438 439/439 544/544
f 437/437 482/482 547/547
f 440/440 486/486 550/550
f 485/485 440/440 545/545
f 439/439 484/484 548/548
f 482/482 438/438 543/543
f 492/492 444/444 553/553
f 493/493 561/561 553/553
f 503/503 565/565 564/564
f 446/446 555/555 562/562
f 499/499 500/500 564/564
f 447/447 556/556 555/555
f 498/498 562/562 554/554
f 448/448 557/557 556/556
f 490/490 558/558 552/552
f 491/491 559/559 558/558
f 441/441 442/442 551/551
f 491/491 492/492 560/560
f 443/443 552/552 551/551
f 499/499 563/563 557/557
f 445/445 554/554 561/561
f 450/450 451/451 568/568
f 504/504 505/505 571/571
f 506/506 572/572 571/571
f 450/450 567/567 566/566
f 504/504 570/570 569/569
f 507/507 449/449 566/566
f 507/507 573/573 572/572
f 639/639 640/640 609/609
f 640/640 637/637 610/610
f 637/637 643/643 611/611
f 643/643 641/641 612/612
f 641/641 638/638 613/613
f 638/638 642/642 614/614
f 580/580 616/616 615/615
f 615/615 661/661 580/580
f 616/616 580/580 581/581
f 618/618 617/617 727/727
f 617/617 581/581 727/727
f 582/582 583/583 619/619
f 583/583 584/584 620/620
f 620/620 584/584 585/585
f 621/621 585/585 586/586
f 622/622 586/586 587/587
f 623/623 587/587 588/588
f 624/624 588/588 589/589
f 625/625 589/589 590/590
f 664/664 591/591 627/627
f 628/628 627/627 666/666
f 627/627 591/591 666/666
f 668/668 729/729 629/629
f 630/630 629/629 672/672
f 629/629 729/729 594/594
f 630/630 672/672 674/674
f 631/631 674/674 673/673
f 632/632 682/682 680/680
f 634/634 633/633 600/600
f 633/633 681/681 600/600
f 634/634 600/600 678/678
f 684/684 683/683 602/602
f 603/603 604/604 686/686
f 636/636 686/686 692/692
f 686/686 688/688 689/689
f 606/606 607/607 452/452
f 649/649 650/650 644/644
f 638/638 641/641 578/578
f 640/640 575/575 576/576
f 577/577 643/643 637/637
f 637/637 576/576 652/652
f 641/641 643/643 577/577
f 639/639 574/574 575/575
f 651/651 649/649 645/645
f 652/652 648/648 647/647
f 575/575 649/649 651/651
f 574/574 650/650 649/649
f 646/646 648/648 651/651
f 648/648 652/652 651/651
f 579/579 653/653 654/654
f 656/656 657/657 663/663
f 657/657 658/658 663/663
f 581/581 580/580 662/662
f 661/661 655/655 656/656
f 626/626 590/590 664/664
f 672/672 594/594 595/595
f 596/596 673/673 674/674
f 674/674 595/595 669/669
f 669/669 670/670 596/596
f 680/680 597/597 598/598
f 598/598 599/599 681/681
f 677/677 681/681 599/599
f 599/599 675/675 677/677
f 601/601 683/683 684/684
f 671/671 682/682 632/632
f 632/632 673/673 671/671
f 689/689 687/687 690/690
f 688/688 685/685 687/687
f 615/615 614/614 642/642
f 696/696 697/697 579/579
f 697/697 698/698 653/653
f 653/653 698/698 699/699
f 695/695 696/696 578/578
f 654/654 699/699 706/706
f 648/648 705/705 704/704
f 645/645 702/702 703/703
f 701/701 702/702 645/645
f 646/646 703/703 705/705
f 647/647 704/704 700/700
f 657/657 709/709 710/710
f 707/707 708/708 656/656
f 708/708 709/709 657/657
f 706/706 707/707 655/655
f 666/666 726/726 721/721
f 591/591 720/720 726/726
f 584/584 713/713 714/714
f 592/592 721/721 722/722
f 585/585 714/714 715/715
f 586/586 715/715 716/716
f 587/587 716/716 717/717
f 588/588 717/717 718/718
f 710/710 723/723 659/659
f 590/590 719/719 725/725
f 589/589 718/718 719/719
f 659/659 723/723 724/724
f 711/711 712/712 583/583
f 664/664 725/725 720/720
f 728/728 660/660 724/724
f 724/724 711/711 728/728
f 712/712 713/713 584/584
f 727/727 581/581 660/660
f 737/737 733/733 597/597
f 592/592 593/593 729/729
f 729/729 593/593 667/667
f 669/669 735/735 736/736
f 594/594 730/730 731/731
f 593/593 722/722 734/734
f 596/596 732/732 737/737
f 670/670 736/736 732/732
f 595/595 731/731 735/735
f 667/667 734/734 730/730
f 677/677 747/747 740/740
f 740/740 748/748 678/678
f 751/751 752/752 690/690
f 749/749 742/742 602/602
f 685/685 750/750 751/751
f 742/742 743/743 603/603
f 741/741 749/749 683/683
f 743/743 744/744 604/604
f 739/739 745/745 675/675
f 745/745 746/746 676/676
f 597/597 733/733 738/738
f 676/676 746/746 747/747
f 738/738 739/739 599/599
f 744/744 750/750 685/685
f 601/601 678/678 748/748
f 606/606 754/754 755/755
f 691/691 757/757 758/758
f 758/758 759/759 693/693
f 753/753 754/754 606/606
f 756/756 757/757 691/691
f 694/694 760/760 753/753
f 759/759 760/760 694/694
f 877/877 762/762 761/761
f 877/877 819/819 947/947
f 849/849 847/847 846/846
f 766/766 857/857 764/764
f 764/764 855/855 762/762
f 855/855 761/761 762/762
f 817/817 828/828 941/941
f 941/941 815/815 939/939
f 824/824 822/822 811/811
f 811/811 822/822 809/809
f 809/809 835/835 807/807
f 837/837 822/822 839/839
f 815/815 826/826 813/813
f 851/851 761/761 853/853
f 851/851 817/817 819/819
f 833/833 817/817 843/843
f 841/841 835/835 843/843
f 846/846 864/864 841/841
f 802/802 868/868 796/796
f 868/868 802/802 841/841
f 807/807 841/841 805/805
f 860/860 864/864 862/862
f 770/770 860/860 766/766
f 772/772 866/866 770/770
f 774/774 792/792 870/870
f 776/776 872/872 792/792
f 911/911 778/778 780/780
f 786/786 911/911 780/780
f 908/908 788/788 790/790
f 875/875 877/877 874/874
f 877/877 945/945 874/874
f 975/975 976/976 978/978
f 882/882 986/986 989/989
f 984/984 880/880 875/875
f 874/874 984/984 875/875
f 943/943 956/956 958/958
f 937/937 941/941 939/939
f 933/933 950/950 952/952
f 933/933 931/931 950/950
f 931/931 963/963 965/965
f 965/965 950/950 931/931
f 937/937 954/954 956/956
f 980/980 874/874 945/945
f 943/943 980/980 945/945
f 961/961 943/943 958/958
f 970/970 972/972 961/961
f 975/975 993/993 976/976
f 922/922 920/920 916/916
f 970/970 926/926 997/997
f 929/929 926/926 970/970
f 993/993 989/989 991/991
f 989/989 995/995 886/886
f 995/995 888/888 886/886
f 999/999 892/892 890/890
f 892/892 1001/1001 894/894
f 911/911 894/894 1001/1001
f 902/902 900/900 896/896
f 904/904 908/908 906/906
f 873/873 1018/1018 793/793
f 938/938 1092/1092 936/936
f 869/869 1019/1019 795/795
f 938/938 1094/1094 1093/1093
f 1000/1000 1081/1081 915/915
f 797/797 1019/1019 1020/1020
f 942/942 1096/1096 1095/1095
f 799/799 1020/1020 1021/1021
f 946/946 1096/1096 944/944
f 799/799 1022/1022 801/801
f 949/949 1097/1097 946/946
f 913/913 1127/1127 1080/1080
f 804/804 1022/1022 1024/1024
f 953/953 1100/1100 1101/1101
f 806/806 1023/1023 1025/1025
f 955/955 1101/1101 1102/1102
f 808/808 1025/1025 1026/1026
f 957/957 1102/1102 1103/1103
f 867/867 1059/1059 1057/1057
f 810/810 1026/1026 1027/1027
f 959/959 1103/1103 1104/1104
f 867/867 1058/1058 869/869
f 810/810 1028/1028 812/812
f 960/960 1106/1106 962/962
f 814/814 1028/1028 1029/1029
f 962/962 1107/1107 964/964
f 816/816 1029/1029 1030/1030
f 966/966 1107/1107 1108/1108
f 816/816 1094/1094 940/940
f 968/968 1108/1108 1109/1109
f 942/942 1031/1031 818/818
f 971/971 1110/1110 1111/1111
f 820/820 1031/1031 1032/1032
f 951/951 1109/1109 1100/1100
f 871/871 1018/1018 1059/1059
f 948/948 1032/1032 1098/1098
f 971/971 1112/1112 973/973
f 823/823 1033/1033 821/821
f 977/977 1115/1115 979/979
f 825/825 1034/1034 823/823
f 974/974 1110/1110 969/969
f 912/912 1060/1060 873/873
f 827/827 1035/1035 825/825
f 981/981 1115/1115 1116/1116
f 830/830 1036/1036 827/827
f 983/983 1116/1116 1117/1117
f 829/829 1039/1039 1037/1037
f 983/983 1118/1118 985/985
f 832/832 1040/1040 1039/1039
f 985/985 1119/1119 987/987
f 836/836 1040/1040 834/834
f 988/988 1121/1121 990/990
f 838/838 1041/1041 836/836
f 992/992 1121/1121 1122/1122
f 876/876 1062/1062 879/879
f 842/842 1043/1043 840/840
f 992/992 1123/1123 994/994
f 821/821 1042/1042 838/838
f 876/876 1063/1063 1061/1061
f 842/842 1045/1045 1044/1044
f 977/977 1123/1123 1114/1114
f 881/881 1064/1064 1063/1063
f 848/848 1048/1048 1047/1047
f 883/883 1065/1065 1064/1064
f 845/845 1043/1043 1046/1046
f 887/887 1065/1065 885/885
f 852/852 1048/1048 850/850
f 887/887 1067/1067 1066/1066
f 854/854 1049/1049 852/852
f 891/891 1067/1067 889/889
f 854/854 1051/1051 1050/1050
f 893/893 1068/1068 891/891
f 856/856 1052/1052 1051/1051
f 895/895 1069/1069 893/893
f 859/859 1054/1054 1053/1053
f 763/763 1062/1062 1003/1003
f 895/895 1071/1071 1070/1070
f 863/863 1054/1054 861/861
f 899/899 1071/1071 897/897
f 863/863 1056/1056 1055/1055
f 901/901 1072/1072 899/899
f 763/763 1004/1004 765/765
f 903/903 1073/1073 901/901
f 848/848 1056/1056 865/865
f 765/765 1005/1005 767/767
f 903/903 1075/1075 1074/1074
f 767/767 1006/1006 769/769
f 907/907 1075/1075 905/905
f 771/771 1006/1006 1007/1007
f 907/907 1078/1078 1076/1076
f 771/771 1008/1008 773/773
f 1002/1002 1081/1081 1127/1127
f 775/775 1008/1008 1009/1009
f 917/917 1125/1125 998/998
f 777/777 1009/1009 1010/1010
f 919/919 1082/1082 917/917
f 779/779 1010/1010 1011/1011
f 921/921 1083/1083 919/919
f 779/779 1012/1012 781/781
f 921/921 1085/1085 1084/1084
f 783/783 1012/1012 1013/1013
f 925/925 1085/1085 923/923
f 996/996 1126/1126 1000/1000
f 785/785 1013/1013 1014/1014
f 925/925 1088/1088 1086/1086
f 996/996 1125/1125 1124/1124
f 787/787 1014/1014 1015/1015
f 930/930 1087/1087 927/927
f 787/787 1016/1016 789/789
f 930/930 1090/1090 1089/1089
f 791/791 1016/1016 1017/1017
f 934/934 1090/1090 932/932
f 791/791 1077/1077 909/909
f 934/934 1092/1092 1091/1091
f 877/877 878/878 762/762
f 877/877 761/761 819/819
f 846/846 843/843 849/849
f 843/843 851/851 849/849
f 766/766 860/860 857/857
f 764/764 857/857 855/855
f 855/855 853/853 761/761
f 817/817 831/831 828/828
f 941/941 828/828 815/815
f 811/811 813/813 824/824
f 813/813 826/826 824/824
f 809/809 837/837 835/835
f 837/837 809/809 822/822
f 815/815 828/828 826/826
f 851/851 819/819 761/761
f 851/851 843/843 817/817
f 833/833 831/831 817/817
f 807/807 835/835 841/841
f 835/835 833/833 843/843
f 846/846 847/847 864/864
f 868/868 794/794 796/796
f 796/796 798/798 802/802
f 798/798 800/800 802/802
f 802/802 805/805 841/841
f 841/841 864/864 868/868
f 864/864 866/866 868/868
f 860/860 866/866 864/864
f 766/766 768/768 770/770
f 770/770 866/866 860/860
f 772/772 870/870 866/866
f 870/870 772/772 774/774
f 774/774 776/776 792/792
f 776/776 778/778 872/872
f 911/911 872/872 778/778
f 780/780 782/782 784/784
f 786/786 788/788 911/911
f 780/780 784/784 786/786
f 908/908 911/911 788/788
f 875/875 878/878 877/877
f 877/877 947/947 945/945
f 980/980 972/972 978/978
f 972/972 975/975 978/978
f 882/882 880/880 986/986
f 984/984 986/986 880/880
f 874/874 982/982 984/984
f 943/943 941/941 956/956
f 937/937 956/956 941/941
f 954/954 935/935 952/952
f 935/935 933/933 952/952
f 931/931 929/929 963/963
f 965/965 967/967 950/950
f 937/937 935/935 954/954
f 980/980 982/982 874/874
f 943/943 972/972 980/980
f 961/961 972/972 943/943
f 961/961 963/963 929/929
f 929/929 970/970 961/961
f 975/975 970/970 993/993
f 918/918 916/916 920/920
f 916/916 997/997 922/922
f 997/997 924/924 922/922
f 926/926 924/924 997/997
f 997/997 995/995 993/993
f 993/993 970/970 997/997
f 993/993 995/995 989/989
f 886/886 884/884 882/882
f 882/882 989/989 886/886
f 995/995 999/999 888/888
f 890/890 888/888 999/999
f 999/999 914/914 892/892
f 892/892 914/914 1001/1001
f 911/911 896/896 894/894
f 900/900 898/898 896/896
f 896/896 911/911 902/902
f 911/911 904/904 902/902
f 904/904 911/911 908/908
f 873/873 1060/1060 1018/1018
f 938/938 1093/1093 1092/1092
f 869/869 1058/1058 1019/1019
f 938/938 940/940 1094/1094
f 1000/1000 1126/1126 1081/1081
f 797/797 795/795 1019/1019
f 942/942 944/944 1096/1096
f 799/799 797/797 1020/1020
f 946/946 1097/1097 1096/1096
f 799/799 1021/1021 1022/1022
f 949/949 1099/1099 1097/1097
f 913/913 1002/1002 1127/1127
f 804/804 801/801 1022/1022
f 953/953 951/951 1100/1100
f 806/806 803/803 1023/1023
f 955/955 953/953 1101/1101
f 808/808 806/806 1025/1025
f 957/957 955/955 1102/1102
f 867/867 871/871 1059/1059
f 810/810 808/808 1026/1026
f 959/959 957/957 1103/1103
f 867/867 1057/1057 1058/1058
f 810/810 1027/1027 1028/1028
f 960/960 1105/1105 1106/1106
f 814/814 812/812 1028/1028
f 962/962 1106/1106 1107/1107
f 816/816 814/814 1029/1029
f 966/966 964/964 1107/1107
f 816/816 1030/1030 1094/1094
f 968/968 966/966 1108/1108
f 942/942 1095/1095 1031/1031
f 971/971 969/969 1110/1110
f 820/820 818/818 1031/1031
f 951/951 968/968 1109/1109
f 871/871 793/793 1018/1018
f 948/948 820/820 1032/1032
f 971/971 1111/1111 1112/1112
f 823/823 1034/1034 1033/1033
f 977/977 1114/1114 1115/1115
f 825/825 1035/1035 1034/1034
f 974/974 1113/1113 1110/1110
f 912/912 1079/1079 1060/1060
f 827/827 1036/1036 1035/1035
f 981/981 979/979 1115/1115
f 830/830 1038/1038 1036/1036
f 983/983 981/981 1116/1116
f 829/829 832/832 1039/1039
f 983/983 1117/1117 1118/1118
f 832/832 834/834 1040/1040
f 985/985 1118/1118 1119/1119
f 836/836 1041/1041 1040/1040
f 988/988 1120/1120 1121/1121
f 838/838 1042/1042 1041/1041
f 992/992 990/990 1121/1121
f 876/876 1061/1061 1062/1062
f 842/842 1044/1044 1043/1043
f 992/992 1122/1122 1123/1123
f 821/821 1033/1033 1042/1042
f 876/876 881/881 1063/1063
f 842/842 844/844 1045/1045
f 977/977 994/994 1123/1123
f 881/881 883/883 1064/1064
f 848/848 850/850 1048/1048
f 883/883 885/885 1065/1065
f 845/845 840/840 1043/1043
f 887/887 1066/1066 1065/1065
f 852/852 1049/1049 1048/1048
f 887/887 889/889 1067/1067
f 854/854 1050/1050 1049/1049
f 891/891 1068/1068 1067/1067
f 854/854 856/856 1051/1051
f 893/893 1069/1069 1068/1068
f 856/856 858/858 1052/1052
f 895/895 1070/1070 1069/1069
f 859/859 861/861 1054/1054
f 763/763 879/879 1062/1062
f 895/895 897/897 1071/1071
f 863/863 1055/1055 1054/1054
f 899/899 1072/1072 1071/1071
f 863/863 865/865 1056/1056
f 901/901 1073/1073 1072/1072
f 763/763 1003/1003 1004/1004
f 903/903 1074/1074 1073/1073
f 848/848 1047/1047 1056/1056
f 765/765 1004/1004 1005/1005
f 903/903 905/905 1075/1075
f 767/767 1005/1005 1006/1006
f 907/907 1076/1076 1075/1075
f 771/771 769/769 1006/1006
f 907/907 910/910 1078/1078
f 771/771 1007/1007 1008/1008
f 1002/1002 915/915 1081/1081
f 775/775 773/773 1008/1008
f 917/917 1082/1082 1125/1125
f 777/777 775/775 1009/1009
f 919/919 1083/1083 1082/1082
f 779/779 777/777 1010/1010
f 921/921 1084/1084 1083/1083
f 779/779 1011/1011 1012/1012
f 921/921 923/923 1085/1085
f 783/783 781/781 1012/1012
f 925/925 1086/1086 1085/1085
f 996/996 1124/1124 1126/1126
f 785/785 783/783 1013/1013
f 925/925 928/928 1088/1088
f 996/996 998/998 1125/1125
f 787/787 785/785 1014/1014
f 930/930 1089/1089 1087/1087
f 787/787 1015/1015 1016/1016
f 930/930 932/932 1090/1090
f 791/791 789/789 1016/1016
f 934/934 1091/1091 1090/1090
f 791/791 1017/1017 1077/1077
f 934/934 936/936 1092/1092
f 1809/1809 1232/1232 1234/1234
f 1236/1236 1129/1129 1234/1234
f 1143/1143 1139/1139 1236/1236
f 1132/1132 1809/1809 1130/1130
f 1243/1243 1245/1245 1247/1247
f 1241/1241 1229/1229 1239/1239
f 1239/1239 1232/1232 1228/1228
f 1232/1232 1132/1132 1228/1228
f 1145/1145 1249/1249 1251/1251
f 1163/1163 1159/1159 1165/1165
f 1167/1167 1157/1157 1155/1155
f 1173/1173 1155/1155 1153/1153
f 1558/1558 1153/1153 1556/1556
f 1153/1153 1553/1553 1556/1556
f 1147/1147 1151/1151 1149/1149
f 1145/1145 1553/1553 1147/1147
f 1550/1550 1251/1251 1134/1134
f 1253/1253 1439/1439 1251/1251
f 1255/1255 1437/1437 1253/1253
f 1257/1257 1435/1435 1255/1255
f 1134/1134 1439/1439 1441/1441
f 1168/1168 1441/1441 1443/1443
f 1174/1174 1443/1443 1445/1445
f 1266/1266 1270/1270 1272/1272
f 1264/1264 1272/1272 1228/1228
f 1136/1136 1228/1228 1132/1132
f 1280/1280 1972/1972 1290/1290
f 1282/1282 1280/1280 1290/1290
f 1264/1264 1278/1278 1273/1273
f 1278/1278 1282/1282 1284/1284
f 1275/1275 1284/1284 1286/1286
f 1286/1286 1297/1297 1299/1299
f 1297/1297 1967/1967 1295/1295
f 1293/1293 1967/1967 1800/1800
f 1299/1299 1275/1275 1286/1286
f 1305/1305 1301/1301 1303/1303
f 1259/1259 1273/1273 1305/1305
f 1305/1305 1307/1307 1309/1309
f 1546/1546 1257/1257 1544/1544
f 1257/1257 1309/1309 1544/1544
f 1313/1313 1541/1541 1544/1544
f 1546/1546 1429/1429 1433/1433
f 1429/1429 1474/1474 1427/1427
f 1474/1474 1548/1548 1472/1472
f 1335/1335 1548/1548 1541/1541
f 1315/1315 1335/1335 1541/1541
f 1317/1317 1333/1333 1335/1335
f 1323/1323 1352/1352 1333/1333
f 1414/1414 1468/1468 1470/1470
f 1472/1472 1414/1414 1470/1470
f 1410/1410 1472/1472 1548/1548
f 1410/1410 1337/1337 1408/1408
f 1408/1408 1339/1339 1405/1405
f 1405/1405 1341/1341 1403/1403
f 1343/1343 1402/1402 1355/1355
f 1343/1343 1403/1403 1341/1341
f 1357/1357 1422/1422 1424/1424
f 1466/1466 1416/1416 1418/1418
f 1420/1420 1466/1466 1418/1418
f 1422/1422 1464/1464 1420/1420
f 1462/1462 1357/1357 1515/1515
f 1459/1459 1512/1512 1510/1510
f 1506/1506 1510/1510 1508/1508
f 1455/1455 1459/1459 1504/1504
f 1516/1516 1492/1492 1490/1490
f 1494/1494 1539/1539 1536/1536
f 1536/1536 1500/1500 1498/1498
f 1536/1536 1502/1502 1500/1500
f 1534/1534 1504/1504 1502/1502
f 1534/1534 1528/1528 1526/1526
f 1528/1528 1532/1532 1530/1530
f 1453/1453 1449/1449 1451/1451
f 1524/1524 1174/1174 1447/1447
f 1522/1522 1520/1520 1178/1178
f 1178/1178 1184/1184 1182/1182
f 1186/1186 1184/1184 1520/1520
f 1192/1192 1190/1190 1186/1186
f 1194/1194 1518/1518 1516/1516
f 1516/1516 1198/1198 1196/1196
f 1488/1488 1486/1486 1200/1200
f 1206/1206 1210/1210 1208/1208
f 1212/1212 1220/1220 1217/1217
f 1202/1202 1206/1206 1204/1204
f 1515/1515 1357/1357 1359/1359
f 1363/1363 1365/1365 1480/1480
f 1369/1369 1480/1480 1367/1367
f 1394/1394 1564/1564 1389/1389
f 1402/1402 1345/1345 1559/1559
f 1561/1561 1559/1559 1345/1345
f 1323/1323 1325/1325 1561/1561
f 1330/1330 1332/1332 1800/1800
f 1588/1588 1164/1164 1166/1166
f 1702/1702 1384/1384 1382/1382
f 1589/1589 1166/1166 1171/1171
f 1703/1703 1386/1386 1384/1384
f 1175/1175 1591/1591 1170/1170
f 1386/1386 1705/1705 1388/1388
f 1177/1177 1593/1593 1175/1175
f 1705/1705 1390/1390 1388/1388
f 1179/1179 1594/1594 1177/1177
f 1390/1390 1707/1707 1392/1392
f 1596/1596 1179/1179 1181/1181
f 1793/1793 1172/1172 1557/1557
f 1393/1393 1709/1709 1395/1395
f 1183/1183 1596/1596 1181/1181
f 1169/1169 1572/1572 1135/1135
f 1395/1395 1710/1710 1397/1397
f 1185/1185 1597/1597 1183/1183
f 1710/1710 1399/1399 1397/1397
f 1187/1187 1598/1598 1185/1185
f 1711/1711 1401/1401 1399/1399
f 1600/1600 1187/1187 1189/1189
f 1404/1404 1714/1714 1406/1406
f 1191/1191 1600/1600 1189/1189
f 1712/1712 1354/1354 1401/1401
f 1193/1193 1601/1601 1191/1191
f 1407/1407 1716/1716 1409/1409
f 1195/1195 1602/1602 1193/1193
f 1409/1409 1717/1717 1411/1411
f 1604/1604 1195/1195 1197/1197
f 1411/1411 1718/1718 1413/1413
f 1605/1605 1197/1197 1199/1199
f 1718/1718 1415/1415 1413/1413
f 1606/1606 1199/1199 1201/1201
f 1719/1719 1417/1417 1415/1415
f 1607/1607 1201/1201 1203/1203
f 1720/1720 1419/1419 1417/1417
f 1608/1608 1203/1203 1205/1205
f 1721/1721 1421/1421 1419/1419
f 1609/1609 1205/1205 1207/1207
f 1722/1722 1423/1423 1421/1421
f 1209/1209 1609/1609 1207/1207
f 1423/1423 1724/1724 1425/1425
f 1211/1211 1610/1610 1209/1209
f 1725/1725 1428/1428 1426/1426
f 1612/1612 1211/1211 1213/1213
f 1289/1289 1653/1653 1969/1969
f 1425/1425 1713/1713 1404/1404
f 1613/1613 1213/1213 1215/1215
f 1428/1428 1727/1727 1430/1430
f 1615/1615 1215/1215 1218/1218
f 1430/1430 1728/1728 1432/1432
f 1219/1219 1614/1614 1216/1216
f 1432/1432 1729/1729 1434/1434
f 1221/1221 1616/1616 1219/1219
f 1434/1434 1730/1730 1436/1436
f 1618/1618 1221/1221 1223/1223
f 1436/1436 1731/1731 1438/1438
f 1619/1619 1223/1223 1225/1225
f 1731/1731 1440/1440 1438/1438
f 1620/1620 1238/1238 1227/1227
f 1732/1732 1442/1442 1440/1440
f 1567/1567 1562/1562 1801/1801
f 1733/1733 1444/1444 1442/1442
f 1622/1622 1233/1233 1231/1231
f 1734/1734 1446/1446 1444/1444
f 1623/1623 1235/1235 1233/1233
f 1735/1735 1448/1448 1446/1446
f 1235/1235 1625/1625 1237/1237
f 1736/1736 1450/1450 1448/1448
f 1625/1625 1230/1230 1237/1237
f 1450/1450 1738/1738 1452/1452
f 1238/1238 1627/1627 1240/1240
f 1738/1738 1454/1454 1452/1452
f 1240/1240 1628/1628 1242/1242
f 1739/1739 1456/1456 1454/1454
f 1628/1628 1244/1244 1242/1242
f 1740/1740 1458/1458 1456/1456
f 1629/1629 1246/1246 1244/1244
f 1458/1458 1742/1742 1460/1460
f 1246/1246 1631/1631 1248/1248
f 1743/1743 1463/1463 1461/1461
f 1631/1631 1250/1250 1248/1248
f 1463/1463 1745/1745 1465/1465
f 1632/1632 1252/1252 1250/1250
f 1465/1465 1746/1746 1467/1467
f 1633/1633 1254/1254 1252/1252
f 1467/1467 1747/1747 1469/1469
f 1634/1634 1256/1256 1254/1254
f 1469/1469 1748/1748 1471/1471
f 1635/1635 1258/1258 1256/1256
f 1471/1471 1749/1749 1473/1473
f 1258/1258 1637/1637 1260/1260
f 1477/1477 1750/1750 1475/1475
f 1261/1261 1639/1639 1263/1263
f 1473/1473 1725/1725 1426/1426
f 1263/1263 1640/1640 1265/1265
f 1752/1752 1477/1477 1479/1479
f 1265/1265 1641/1641 1267/1267
f 1753/1753 1479/1479 1481/1481
f 1267/1267 1642/1642 1269/1269
f 1483/1483 1753/1753 1481/1481
f 1269/1269 1643/1643 1271/1271
f 1485/1485 1754/1754 1483/1483
f 1274/1274 1646/1646 1277/1277
f 1487/1487 1755/1755 1485/1485
f 1643/1643 1227/1227 1271/1271
f 1489/1489 1756/1756 1487/1487
f 1645/1645 1279/1279 1276/1276
f 1758/1758 1489/1489 1491/1491
f 1279/1279 1644/1644 1274/1274
f 1759/1759 1491/1491 1493/1493
f 1573/1573 1281/1281 1137/1137
f 1760/1760 1493/1493 1495/1495
f 1648/1648 1958/1958 1281/1281
f 1497/1497 1760/1760 1495/1495
f 1283/1283 1650/1650 1285/1285
f 1762/1762 1497/1497 1499/1499
f 1650/1650 1287/1287 1285/1285
f 1501/1501 1762/1762 1499/1499
f 1651/1651 1289/1289 1287/1287
f 1764/1764 1501/1501 1503/1503
f 1291/1291 1649/1649 1283/1283
f 1505/1505 1764/1764 1503/1503
f 1973/1973 1655/1655 1291/1291
f 1766/1766 1505/1505 1507/1507
f 1656/1656 1294/1294 1292/1292
f 1767/1767 1507/1507 1509/1509
f 1657/1657 1296/1296 1294/1294
f 1768/1768 1509/1509 1511/1511
f 1296/1296 1659/1659 1298/1298
f 1769/1769 1511/1511 1513/1513
f 1298/1298 1660/1660 1300/1300
f 1772/1772 1517/1517 1519/1519
f 1300/1300 1661/1661 1302/1302
f 1475/1475 1770/1770 1514/1514
f 1302/1302 1662/1662 1304/1304
f 1773/1773 1519/1519 1521/1521
f 1662/1662 1306/1306 1304/1304
f 1774/1774 1521/1521 1523/1523
f 1663/1663 1308/1308 1306/1306
f 1775/1775 1523/1523 1525/1525
f 1308/1308 1665/1665 1310/1310
f 1527/1527 1775/1775 1525/1525
f 1310/1310 1666/1666 1312/1312
f 1529/1529 1776/1776 1527/1527
f 1312/1312 1667/1667 1314/1314
f 1531/1531 1777/1777 1529/1529
f 1314/1314 1668/1668 1316/1316
f 1779/1779 1531/1531 1533/1533
f 1316/1316 1669/1669 1318/1318
f 1535/1535 1779/1779 1533/1533
f 1318/1318 1670/1670 1320/1320
f 1538/1538 1780/1780 1535/1535
f 1670/1670 1322/1322 1320/1320
f 1783/1783 1537/1537 1540/1540
f 1671/1671 1324/1324 1322/1322
f 1543/1543 1786/1786 1545/1545
f 1324/1324 1673/1673 1326/1326
f 1771/1771 1540/1540 1517/1517
f 1674/1674 1329/1329 1327/1327
f 1545/1545 1787/1787 1547/1547
f 1675/1675 1331/1331 1329/1329
f 1787/1787 1549/1549 1547/1547
f 1677/1677 1336/1336 1334/1334
f 1788/1788 1542/1542 1549/1549
f 1676/1676 1292/1292 1331/1331
f 1678/1678 1338/1338 1336/1336
f 1338/1338 1680/1680 1340/1340
f 1135/1135 1789/1789 1551/1551
f 1340/1340 1681/1681 1342/1342
f 1551/1551 1791/1791 1554/1554
f 1342/1342 1682/1682 1344/1344
f 1566/1566 1802/1802 1128/1128
f 1560/1560 1797/1797 1565/1565
f 1552/1552 1792/1792 1555/1555
f 1344/1344 1684/1684 1347/1347
f 1562/1562 1794/1794 1560/1560
f 1792/1792 1557/1557 1555/1555
f 1683/1683 1349/1349 1346/1346
f 1131/1131 1571/1571 1133/1133
f 1563/1563 1619/1619 1225/1225
f 1349/1349 1686/1686 1351/1351
f 1351/1351 1687/1687 1353/1353
f 1571/1571 1137/1137 1133/1133
f 1688/1688 1356/1356 1354/1354
f 1574/1574 1128/1128 1138/1138
f 1687/1687 1334/1334 1353/1353
f 1575/1575 1138/1138 1140/1140
f 1689/1689 1358/1358 1356/1356
f 1576/1576 1140/1140 1142/1142
f 1358/1358 1691/1691 1360/1360
f 1577/1577 1142/1142 1144/1144
f 1360/1360 1692/1692 1362/1362
f 1146/1146 1577/1577 1144/1144
f 1692/1692 1364/1364 1362/1362
f 1148/1148 1578/1578 1146/1146
f 1364/1364 1694/1694 1366/1366
f 1150/1150 1579/1579 1148/1148
f 1366/1366 1695/1695 1368/1368
f 1152/1152 1580/1580 1150/1150
f 1368/1368 1696/1696 1370/1370
f 1154/1154 1581/1581 1152/1152
f 1370/1370 1697/1697 1372/1372
f 1156/1156 1582/1582 1154/1154
f 1697/1697 1374/1374 1372/1372
f 1158/1158 1583/1583 1156/1156
f 1374/1374 1699/1699 1376/1376
f 1160/1160 1584/1584 1158/1158
f 1699/1699 1378/1378 1376/1376
f 1162/1162 1585/1585 1160/1160
f 1700/1700 1380/1380 1378/1378
f 1587/1587 1162/1162 1164/1164
f 1701/1701 1382/1382 1380/1380
f 1202/1202 1486/1486 1222/1222
f 1220/1220 1202/1202 1222/1222
f 1371/1371 1482/1482 1369/1369
f 1222/1222 1373/1373 1224/1224
f 1226/1226 1375/1375 1564/1564
f 1224/1224 1375/1375 1226/1226
f 1383/1383 1387/1387 1381/1381
f 1389/1389 1564/1564 1387/1387
f 1379/1379 1387/1387 1564/1564
f 1375/1375 1379/1379 1564/1564
f 1908/1908 1809/1809 1804/1804
f 1799/1799 1910/1910 1908/1908
f 1817/1817 1813/1813 1815/1815
f 1809/1809 1805/1805 1130/1130
f 1910/1910 1817/1817 1921/1921
f 1915/1915 1913/1913 1903/1903
f 1913/1913 1902/1902 1906/1906
f 1906/1906 1902/1902 1805/1805
f 1819/1819 1923/1923 1817/1817
f 1839/1839 1833/1833 1837/1837
f 1841/1841 1831/1831 1839/1839
f 1844/1844 1829/1829 1841/1841
f 2240/2240 1827/1827 1844/1844
f 1827/1827 2235/2235 1825/1825
f 1825/1825 1821/1821 1823/1823
f 2235/2235 1819/1819 1821/1821
f 1925/1925 2232/2232 1807/1807
f 2121/2121 1927/1927 1925/1925
f 1929/1929 2119/2119 2117/2117
f 1931/1931 2117/2117 2115/2115
f 2121/2121 1807/1807 2123/2123
f 2123/2123 1845/1845 2125/2125
f 1848/1848 2125/2125 1845/1845
f 1940/1940 1944/1944 1942/1942
f 1938/1938 1946/1946 1940/1940
f 1810/1810 1902/1902 1938/1938
f 1954/1954 1972/1972 1956/1956
f 1959/1959 1954/1954 1810/1810
f 1952/1952 1810/1810 1938/1938
f 1959/1959 1952/1952 1961/1961
f 1961/1961 1949/1949 1963/1963
f 1963/1963 1979/1979 1965/1965
f 1967/1967 1979/1979 1977/1977
f 1975/1975 1967/1967 1977/1977
f 1981/1981 1949/1949 1983/1983
f 1987/1987 1985/1985 1983/1983
f 1933/1933 1947/1947 1936/1936
f 1991/1991 1987/1987 1933/1933
f 1931/1931 2228/2228 2226/2226
f 1931/1931 2226/2226 1991/1991
f 2226/2226 1995/1995 1993/1993
f 2115/2115 2111/2111 2228/2228
f 2111/2111 2156/2156 2230/2230
f 2156/2156 2154/2154 2230/2230
f 2017/2017 2230/2230 2019/2019
f 2017/2017 1999/1999 1997/1997
f 1999/1999 2015/2015 2001/2001
f 2015/2015 2034/2034 2005/2005
f 2095/2095 2150/2150 2097/2097
f 2154/2154 2095/2095 2093/2093
f 2091/2091 2154/2154 2093/2093
f 2091/2091 2019/2019 2230/2230
f 2021/2021 2089/2089 2087/2087
f 2023/2023 2087/2087 2085/2085
f 2025/2025 2084/2084 2027/2027
f 2025/2025 2085/2085 2037/2037
f 2105/2105 2103/2103 2039/2039
f 2097/2097 2148/2148 2099/2099
f 2101/2101 2148/2148 2146/2146
f 2103/2103 2146/2146 2144/2144
f 2039/2039 2103/2103 2144/2144
f 2141/2141 2195/2195 2144/2144
f 2193/2193 2189/2189 2191/2191
f 2137/2137 2187/2187 2141/2141
f 2175/2175 2198/2198 2173/2173
f 2221/2221 2177/2177 2218/2218
f 2181/2181 2218/2218 2177/2177
f 2185/2185 2218/2218 2183/2183
f 2187/2187 2216/2216 2185/2185
f 2135/2135 2206/2206 2208/2208
f 2210/2210 2214/2214 2216/2216
f 2131/2131 2135/2135 2133/2133
f 2206/2206 2129/2129 1848/1848
f 1852/1852 2202/2202 2204/2204
f 1858/1858 2202/2202 1852/1852
f 1860/1860 2202/2202 1858/1858
f 1866/1866 2200/2200 2202/2202
f 1868/1868 2200/2200 1866/1866
f 1872/1872 2173/2173 2198/2198
f 1874/1874 2169/2169 2171/2171
f 1880/1880 1884/1884 1886/1886
f 1894/1894 1880/1880 1886/1886
f 1880/1880 1876/1876 1878/1878
f 2041/2041 2158/2158 2043/2043
f 2047/2047 2045/2045 2163/2163
f 2051/2051 2163/2163 2165/2165
f 2169/2169 1896/1896 2167/2167
f 2246/2246 2241/2241 2076/2076
f 2241/2241 2084/2084 2082/2082
f 2027/2027 2243/2243 2031/2031
f 2005/2005 2034/2034 2243/2243
f 1800/1800 2014/2014 2012/2012
f 1838/1838 2266/2266 1840/1840
f 2066/2066 2381/2381 2064/2064
f 1840/1840 2270/2270 1842/1842
f 2068/2068 2382/2382 2066/2066
f 1849/1849 2268/2268 2271/2271
f 2068/2068 2384/2384 2383/2383
f 1851/1851 2271/2271 2272/2272
f 2072/2072 2384/2384 2070/2070
f 1853/1853 2272/2272 2273/2273
f 2072/2072 2386/2386 2385/2385
f 1853/1853 2274/2274 1855/1855
f 1843/1843 2472/2472 2239/2239
f 2075/2075 2388/2388 2387/2387
f 1857/1857 2274/2274 2275/2275
f 1846/1846 2250/2250 2269/2269
f 2077/2077 2389/2389 2388/2388
f 1859/1859 2275/2275 2276/2276
f 2081/2081 2389/2389 2079/2079
f 1861/1861 2276/2276 2277/2277
f 2083/2083 2390/2390 2081/2081
f 1861/1861 2278/2278 1863/1863
f 2086/2086 2393/2393 2392/2392
f 1865/1865 2278/2278 2279/2279
f 2036/2036 2391/2391 2083/2083
f 1867/1867 2279/2279 2280/2280
f 2088/2088 2394/2394 2393/2393
f 1869/1869 2280/2280 2281/2281
f 2090/2090 2395/2395 2394/2394
f 1869/1869 2282/2282 1871/1871
f 2092/2092 2396/2396 2395/2395
f 1871/1871 2283/2283 1873/1873
f 2096/2096 2396/2396 2094/2094
f 1873/1873 2284/2284 1875/1875
f 2098/2098 2397/2397 2096/2096
f 1875/1875 2285/2285 1877/1877
f 2100/2100 2398/2398 2098/2098
f 1877/1877 2286/2286 1879/1879
f 2102/2102 2399/2399 2100/2100
f 1879/1879 2287/2287 1881/1881
f 2104/2104 2400/2400 2102/2102
f 1883/1883 2287/2287 2288/2288
f 2104/2104 2402/2402 2401/2401
f 1885/1885 2288/2288 2289/2289
f 2110/2110 2404/2404 2108/2108
f 1885/1885 2290/2290 1887/1887
f 1966/1966 1654/1654 2332/2332
f 2107/2107 2392/2392 2403/2403
f 1887/1887 2291/2291 1889/1889
f 2110/2110 2406/2406 2405/2405
f 1889/1889 2293/2293 1892/1892
f 2112/2112 2407/2407 2406/2406
f 1893/1893 2292/2292 2294/2294
f 2114/2114 2408/2408 2407/2407
f 1895/1895 2294/2294 2295/2295
f 2116/2116 2409/2409 2408/2408
f 1895/1895 2296/2296 1897/1897
f 2118/2118 2410/2410 2409/2409
f 1897/1897 2297/2297 1899/1899
f 2122/2122 2410/2410 2120/2120
f 1912/1912 2298/2298 1901/1901
f 2124/2124 2411/2411 2122/2122
f 2244/2244 1567/1567 1801/1801
f 2126/2126 2412/2412 2124/2124
f 1907/1907 2300/2300 1905/1905
f 2128/2128 2413/2413 2126/2126
f 1909/1909 2301/2301 1907/1907
f 2130/2130 2414/2414 2128/2128
f 1909/1909 2303/2303 2302/2302
f 2132/2132 2415/2415 2130/2130
f 1904/1904 2303/2303 1911/1911
f 2132/2132 2417/2417 2416/2416
f 1912/1912 2305/2305 2304/2304
f 2136/2136 2417/2417 2134/2134
f 1914/1914 2306/2306 2305/2305
f 2136/2136 2419/2419 2418/2418
f 1918/1918 2306/2306 1916/1916
f 2140/2140 2419/2419 2138/2138
f 1920/1920 2307/2307 1918/1918
f 2140/2140 2421/2421 2420/2420
f 1920/1920 2309/2309 2308/2308
f 2145/2145 2422/2422 2143/2143
f 1924/1924 2309/2309 1922/1922
f 2145/2145 2424/2424 2423/2423
f 1926/1926 2310/2310 1924/1924
f 2147/2147 2425/2425 2424/2424
f 1928/1928 2311/2311 1926/1926
f 2149/2149 2426/2426 2425/2425
f 1930/1930 2312/2312 1928/1928
f 2151/2151 2427/2427 2426/2426
f 1932/1932 2313/2313 1930/1930
f 2153/2153 2428/2428 2427/2427
f 1932/1932 2315/2315 2314/2314
f 2159/2159 2429/2429 2430/2430
f 1935/1935 2317/2317 2316/2316
f 2155/2155 2404/2404 2428/2428
f 1937/1937 2318/2318 2317/2317
f 2159/2159 2432/2432 2162/2162
f 1939/1939 2319/2319 2318/2318
f 2161/2161 2433/2433 2164/2164
f 1941/1941 2320/2320 2319/2319
f 2166/2166 2433/2433 2434/2434
f 1943/1943 2321/2321 2320/2320
f 2168/2168 2434/2434 2435/2435
f 1948/1948 2323/2323 2322/2322
f 2170/2170 2435/2435 2436/2436
f 1901/1901 2321/2321 1945/1945
f 2172/2172 2436/2436 2437/2437
f 1953/1953 2324/2324 1951/1951
f 2172/2172 2438/2438 2174/2174
f 1953/1953 2322/2322 2325/2325
f 2174/2174 2439/2439 2176/2176
f 1955/1955 2251/2251 1811/1811
f 2176/2176 2440/2440 2178/2178
f 1957/1957 2326/2326 1955/1955
f 2180/2180 2440/2440 2441/2441
f 1960/1960 2330/2330 2329/2329
f 2180/2180 2442/2442 2182/2182
f 1964/1964 2330/2330 1962/1962
f 2184/2184 2442/2442 2443/2443
f 1966/1966 2331/2331 1964/1964
f 2184/2184 2444/2444 2186/2186
f 1971/1971 2329/2329 2333/2333
f 2188/2188 2444/2444 2445/2445
f 1973/1973 2333/2333 2334/2334
f 2188/2188 2446/2446 2190/2190
f 1976/1976 2335/2335 1974/1974
f 2190/2190 2447/2447 2192/2192
f 1978/1978 2336/2336 1976/1976
f 2192/2192 2448/2448 2194/2194
f 1978/1978 2338/2338 2337/2337
f 2194/2194 2449/2449 2196/2196
f 1980/1980 2339/2339 2338/2338
f 2199/2199 2451/2451 2201/2201
f 1982/1982 2340/2340 2339/2339
f 2157/2157 2449/2449 2429/2429
f 1984/1984 2341/2341 2340/2340
f 2201/2201 2452/2452 2203/2203
f 1988/1988 2341/2341 1986/1986
f 2203/2203 2453/2453 2205/2205
f 1990/1990 2342/2342 1988/1988
f 2205/2205 2454/2454 2207/2207
f 1990/1990 2344/2344 2343/2343
f 2209/2209 2454/2454 2455/2455
f 1992/1992 2345/2345 2344/2344
f 2211/2211 2455/2455 2456/2456
f 1994/1994 2346/2346 2345/2345
f 2213/2213 2456/2456 2457/2457
f 1996/1996 2347/2347 2346/2346
f 2213/2213 2458/2458 2215/2215
f 1998/1998 2348/2348 2347/2347
f 2217/2217 2458/2458 2459/2459
f 2000/2000 2349/2349 2348/2348
f 2219/2219 2459/2459 2460/2460
f 2004/2004 2349/2349 2002/2002
f 2220/2220 2462/2462 2222/2222
f 2006/2006 2350/2350 2004/2004
f 2224/2224 2465/2465 2463/2463
f 2006/2006 2352/2352 2351/2351
f 2222/2222 2450/2450 2199/2199
f 2011/2011 2353/2353 2009/2009
f 2227/2227 2466/2466 2465/2465
f 2013/2013 2354/2354 2011/2011
f 2231/2231 2466/2466 2229/2229
f 2018/2018 2356/2356 2016/2016
f 2225/2225 2467/2467 2231/2231
f 1974/1974 2355/2355 2013/2013
f 2020/2020 2357/2357 2018/2018
f 2020/2020 2359/2359 2358/2358
f 1808/1808 2468/2468 2250/2250
f 2022/2022 2360/2360 2359/2359
f 2233/2233 2470/2470 2468/2468
f 2024/2024 2361/2361 2360/2360
f 1798/1798 1569/1569 2248/2248
f 2242/2242 2476/2476 2473/2473
f 2234/2234 2471/2471 2469/2469
f 2026/2026 2362/2362 2361/2361
f 2244/2244 2473/2473 2474/2474
f 2239/2239 2471/2471 2237/2237
f 2030/2030 2362/2362 2028/2028
f 1131/1131 2249/2249 1570/1570
f 2245/2245 2297/2297 2475/2475
f 2030/2030 2365/2365 2363/2363
f 2032/2032 2366/2366 2364/2364
f 1811/1811 2249/2249 1806/1806
f 2038/2038 2367/2367 2036/2036
f 1798/1798 2252/2252 1812/1812
f 2016/2016 2366/2366 2035/2035
f 1812/1812 2253/2253 1814/1814
f 2040/2040 2368/2368 2038/2038
f 1814/1814 2254/2254 1816/1816
f 2040/2040 2370/2370 2369/2369
f 1816/1816 2255/2255 1818/1818
f 2042/2042 2371/2371 2370/2370
f 1820/1820 2255/2255 2256/2256
f 2046/2046 2371/2371 2044/2044
f 1822/1822 2256/2256 2257/2257
f 2046/2046 2373/2373 2372/2372
f 1824/1824 2257/2257 2258/2258
f 2048/2048 2374/2374 2373/2373
f 1826/1826 2258/2258 2259/2259
f 2050/2050 2375/2375 2374/2374
f 1828/1828 2259/2259 2260/2260
f 2052/2052 2376/2376 2375/2375
f 1830/1830 2260/2260 2261/2261
f 2056/2056 2376/2376 2054/2054
f 1832/1832 2261/2261 2262/2262
f 2056/2056 2378/2378 2377/2377
f 1834/1834 2262/2262 2263/2263
f 2060/2060 2378/2378 2058/2058
f 1836/1836 2263/2263 2264/2264
f 2062/2062 2379/2379 2060/2060
f 1836/1836 2265/2265 1838/1838
f 2064/2064 2380/2380 2062/2062
f 1876/1876 2169/2169 1874/1874
f 1894/1894 1896/1896 1876/1876
f 2051/2051 2055/2055 2053/2053
f 1896/1896 2055/2055 2165/2165
f 1900/1900 2246/2246 2057/2057
f 2057/2057 1898/1898 1900/1900
f 2069/2069 2065/2065 2063/2063
f 2071/2071 2069/2069 2246/2246
f 2061/2061 2069/2069 2063/2063
f 2057/2057 2061/2061 2059/2059
f 1373/1373 1482/1482 1371/1371
f 1486/1486 1484/1484 1222/1222
f 1484/1484 1482/1482 1222/1222
f 2167/2167 1896/1896 2165/2165
f 1234/1234 1129/1129 1804/1804
f 1804/1804 1809/1809 1234/1234
f 1236/1236 1139/1139 1129/1129
f 1143/1143 1141/1141 1139/1139
f 1132/1132 1232/1232 1809/1809
f 1247/1247 1249/1249 1143/1143
f 1143/1143 1236/1236 1247/1247
f 1236/1236 1229/1229 1247/1247
f 1229/1229 1243/1243 1247/1247
f 1243/1243 1229/1229 1241/1241
f 1229/1229 1232/1232 1239/1239
f 1145/1145 1143/1143 1249/1249
f 1161/1161 1159/1159 1163/1163
f 1159/1159 1157/1157 1165/1165
f 1167/1167 1165/1165 1157/1157
f 1173/1173 1167/1167 1155/1155
f 1558/1558 1173/1173 1153/1153
f 1153/1153 1151/1151 1553/1553
f 1147/1147 1553/1553 1151/1151
f 1145/1145 1550/1550 1553/1553
f 1550/1550 1145/1145 1251/1251
f 1253/1253 1437/1437 1439/1439
f 1255/1255 1435/1435 1437/1437
f 1257/1257 1433/1433 1435/1435
f 1134/1134 1251/1251 1439/1439
f 1168/1168 1134/1134 1441/1441
f 1174/1174 1168/1168 1443/1443
f 1266/1266 1268/1268 1270/1270
f 1264/1264 1266/1266 1272/1272
f 1136/1136 1264/1264 1228/1228
f 1280/1280 1956/1956 1972/1972
f 1282/1282 1136/1136 1280/1280
f 1273/1273 1262/1262 1264/1264
f 1264/1264 1136/1136 1278/1278
f 1278/1278 1136/1136 1282/1282
f 1275/1275 1278/1278 1284/1284
f 1286/1286 1288/1288 1297/1297
f 1297/1297 1288/1288 1967/1967
f 1293/1293 1295/1295 1967/1967
f 1299/1299 1301/1301 1275/1275
f 1305/1305 1273/1273 1301/1301
f 1273/1273 1275/1275 1301/1301
f 1259/1259 1262/1262 1273/1273
f 1309/1309 1257/1257 1259/1259
f 1259/1259 1305/1305 1309/1309
f 1546/1546 1433/1433 1257/1257
f 1544/1544 1309/1309 1311/1311
f 1311/1311 1313/1313 1544/1544
f 1548/1548 1429/1429 1546/1546
f 1429/1429 1431/1431 1433/1433
f 1429/1429 1548/1548 1474/1474
f 1335/1335 1337/1337 1548/1548
f 1541/1541 1313/1313 1315/1315
f 1315/1315 1317/1317 1335/1335
f 1317/1317 1319/1319 1333/1333
f 1333/1333 1319/1319 1323/1323
f 1319/1319 1321/1321 1323/1323
f 1414/1414 1416/1416 1468/1468
f 1472/1472 1412/1412 1414/1414
f 1410/1410 1412/1412 1472/1472
f 1410/1410 1548/1548 1337/1337
f 1408/1408 1337/1337 1339/1339
f 1405/1405 1339/1339 1341/1341
f 1343/1343 1345/1345 1402/1402
f 1343/1343 1355/1355 1403/1403
f 1403/1403 1355/1355 1424/1424
f 1355/1355 1357/1357 1424/1424
f 1466/1466 1468/1468 1416/1416
f 1420/1420 1464/1464 1466/1466
f 1422/1422 1462/1462 1464/1464
f 1515/1515 1512/1512 1462/1462
f 1462/1462 1422/1422 1357/1357
f 1459/1459 1462/1462 1512/1512
f 1506/1506 1459/1459 1510/1510
f 1455/1455 1457/1457 1459/1459
f 1459/1459 1506/1506 1504/1504
f 1504/1504 1453/1453 1455/1455
f 1516/1516 1539/1539 1492/1492
f 1494/1494 1492/1492 1539/1539
f 1498/1498 1496/1496 1494/1494
f 1494/1494 1536/1536 1498/1498
f 1536/1536 1534/1534 1502/1502
f 1534/1534 1453/1453 1504/1504
f 1526/1526 1524/1524 1453/1453
f 1453/1453 1534/1534 1526/1526
f 1528/1528 1534/1534 1532/1532
f 1453/1453 1524/1524 1449/1449
f 1449/1449 1524/1524 1447/1447
f 1524/1524 1176/1176 1174/1174
f 1447/1447 1174/1174 1445/1445
f 1178/1178 1176/1176 1522/1522
f 1176/1176 1524/1524 1522/1522
f 1182/1182 1180/1180 1178/1178
f 1178/1178 1520/1520 1184/1184
f 1188/1188 1186/1186 1190/1190
f 1186/1186 1520/1520 1192/1192
f 1520/1520 1518/1518 1192/1192
f 1194/1194 1192/1192 1518/1518
f 1196/1196 1194/1194 1516/1516
f 1516/1516 1490/1490 1198/1198
f 1200/1200 1198/1198 1488/1488
f 1198/1198 1490/1490 1488/1488
f 1206/1206 1212/1212 1210/1210
f 1217/1217 1214/1214 1212/1212
f 1212/1212 1206/1206 1220/1220
f 1202/1202 1220/1220 1206/1206
f 1359/1359 1361/1361 1476/1476
f 1361/1361 1478/1478 1476/1476
f 1476/1476 1515/1515 1359/1359
f 1365/1365 1367/1367 1480/1480
f 1480/1480 1478/1478 1363/1363
f 1478/1478 1361/1361 1363/1363
f 1369/1369 1482/1482 1480/1480
f 1389/1389 1391/1391 1394/1394
f 1394/1394 1559/1559 1564/1564
f 1559/1559 1394/1394 1396/1396
f 1396/1396 1398/1398 1559/1559
f 1398/1398 1400/1400 1559/1559
f 1400/1400 1402/1402 1559/1559
f 1345/1345 1348/1348 1350/1350
f 1350/1350 1561/1561 1345/1345
f 1800/1800 1561/1561 1328/1328
f 1561/1561 1350/1350 1352/1352
f 1328/1328 1561/1561 1325/1325
f 1352/1352 1323/1323 1561/1561
f 1800/1800 1328/1328 1330/1330
f 1332/1332 1293/1293 1800/1800
f 1588/1588 1587/1587 1164/1164
f 1702/1702 1703/1703 1384/1384
f 1589/1589 1588/1588 1166/1166
f 1703/1703 1704/1704 1386/1386
f 1175/1175 1593/1593 1591/1591
f 1386/1386 1704/1704 1705/1705
f 1177/1177 1594/1594 1593/1593
f 1705/1705 1706/1706 1390/1390
f 1179/1179 1595/1595 1594/1594
f 1390/1390 1706/1706 1707/1707
f 1596/1596 1595/1595 1179/1179
f 1793/1793 1592/1592 1172/1172
f 1393/1393 1708/1708 1709/1709
f 1183/1183 1597/1597 1596/1596
f 1169/1169 1590/1590 1572/1572
f 1395/1395 1709/1709 1710/1710
f 1185/1185 1598/1598 1597/1597
f 1710/1710 1711/1711 1399/1399
f 1187/1187 1599/1599 1598/1598
f 1711/1711 1712/1712 1401/1401
f 1600/1600 1599/1599 1187/1187
f 1404/1404 1713/1713 1714/1714
f 1191/1191 1601/1601 1600/1600
f 1712/1712 1688/1688 1354/1354
f 1193/1193 1602/1602 1601/1601
f 1407/1407 1715/1715 1716/1716
f 1195/1195 1603/1603 1602/1602
f 1409/1409 1716/1716 1717/1717
f 1604/1604 1603/1603 1195/1195
f 1411/1411 1717/1717 1718/1718
f 1605/1605 1604/1604 1197/1197
f 1718/1718 1719/1719 1415/1415
f 1606/1606 1605/1605 1199/1199
f 1719/1719 1720/1720 1417/1417
f 1607/1607 1606/1606 1201/1201
f 1720/1720 1721/1721 1419/1419
f 1608/1608 1607/1607 1203/1203
f 1721/1721 1722/1722 1421/1421
f 1609/1609 1608/1608 1205/1205
f 1722/1722 1723/1723 1423/1423
f 1209/1209 1610/1610 1609/1609
f 1423/1423 1723/1723 1724/1724
f 1211/1211 1611/1611 1610/1610
f 1725/1725 1726/1726 1428/1428
f 1612/1612 1611/1611 1211/1211
f 1289/1289 1652/1652 1653/1653
f 1425/1425 1724/1724 1713/1713
f 1613/1613 1612/1612 1213/1213
f 1428/1428 1726/1726 1727/1727
f 1615/1615 1613/1613 1215/1215
f 1430/1430 1727/1727 1728/1728
f 1219/1219 1616/1616 1614/1614
f 1432/1432 1728/1728 1729/1729
f 1221/1221 1617/1617 1616/1616
f 1434/1434 1729/1729 1730/1730
f 1618/1618 1617/1617 1221/1221
f 1436/1436 1730/1730 1731/1731
f 1619/1619 1618/1618 1223/1223
f 1731/1731 1732/1732 1440/1440
f 1620/1620 1626/1626 1238/1238
f 1732/1732 1733/1733 1442/1442
f 1567/1567 1795/1795 1562/1562
f 1733/1733 1734/1734 1444/1444
f 1622/1622 1623/1623 1233/1233
f 1734/1734 1735/1735 1446/1446
f 1623/1623 1624/1624 1235/1235
f 1735/1735 1736/1736 1448/1448
f 1235/1235 1624/1624 1625/1625
f 1736/1736 1737/1737 1450/1450
f 1625/1625 1621/1621 1230/1230
f 1450/1450 1737/1737 1738/1738
f 1238/1238 1626/1626 1627/1627
f 1738/1738 1739/1739 1454/1454
f 1240/1240 1627/1627 1628/1628
f 1739/1739 1740/1740 1456/1456
f 1628/1628 1629/1629 1244/1244
f 1740/1740 1741/1741 1458/1458
f 1629/1629 1630/1630 1246/1246
f 1458/1458 1741/1741 1742/1742
f 1246/1246 1630/1630 1631/1631
f 1743/1743 1744/1744 1463/1463
f 1631/1631 1632/1632 1250/1250
f 1463/1463 1744/1744 1745/1745
f 1632/1632 1633/1633 1252/1252
f 1465/1465 1745/1745 1746/1746
f 1633/1633 1634/1634 1254/1254
f 1467/1467 1746/1746 1747/1747
f 1634/1634 1635/1635 1256/1256
f 1469/1469 1747/1747 1748/1748
f 1635/1635 1636/1636 1258/1258
f 1471/1471 1748/1748 1749/1749
f 1258/1258 1636/1636 1637/1637
f 1477/1477 1751/1751 1750/1750
f 1261/1261 1638/1638 1639/1639
f 1473/1473 1749/1749 1725/1725
f 1263/1263 1639/1639 1640/1640
f 1752/1752 1751/1751 1477/1477
f 1265/1265 1640/1640 1641/1641
f 1753/1753 1752/1752 1479/1479
f 1267/1267 1641/1641 1642/1642
f 1483/1483 1754/1754 1753/1753
f 1269/1269 1642/1642 1643/1643
f 1485/1485 1755/1755 1754/1754
f 1274/1274 1644/1644 1646/1646
f 1487/1487 1756/1756 1755/1755
f 1643/1643 1620/1620 1227/1227
f 1489/1489 1757/1757 1756/1756
f 1645/1645 1647/1647 1279/1279
f 1758/1758 1757/1757 1489/1489
f 1279/1279 1647/1647 1644/1644
f 1759/1759 1758/1758 1491/1491
f 1573/1573 1648/1648 1281/1281
f 1760/1760 1759/1759 1493/1493
f 1648/1648 2327/2327 1958/1958
f 1497/1497 1761/1761 1760/1760
f 1283/1283 1649/1649 1650/1650
f 1762/1762 1761/1761 1497/1497
f 1650/1650 1651/1651 1287/1287
f 1501/1501 1763/1763 1762/1762
f 1651/1651 1652/1652 1289/1289
f 1764/1764 1763/1763 1501/1501
f 1291/1291 1655/1655 1649/1649
f 1505/1505 1765/1765 1764/1764
f 1973/1973 2334/2334 1655/1655
f 1766/1766 1765/1765 1505/1505
f 1656/1656 1657/1657 1294/1294
f 1767/1767 1766/1766 1507/1507
f 1657/1657 1658/1658 1296/1296
f 1768/1768 1767/1767 1509/1509
f 1296/1296 1658/1658 1659/1659
f 1769/1769 1768/1768 1511/1511
f 1298/1298 1659/1659 1660/1660
f 1772/1772 1771/1771 1517/1517
f 1300/1300 1660/1660 1661/1661
f 1475/1475 1750/1750 1770/1770
f 1302/1302 1661/1661 1662/1662
f 1773/1773 1772/1772 1519/1519
f 1662/1662 1663/1663 1306/1306
f 1774/1774 1773/1773 1521/1521
f 1663/1663 1664/1664 1308/1308
f 1775/1775 1774/1774 1523/1523
f 1308/1308 1664/1664 1665/1665
f 1527/1527 1776/1776 1775/1775
f 1310/1310 1665/1665 1666/1666
f 1529/1529 1777/1777 1776/1776
f 1312/1312 1666/1666 1667/1667
f 1531/1531 1778/1778 1777/1777
f 1314/1314 1667/1667 1668/1668
f 1779/1779 1778/1778 1531/1531
f 1316/1316 1668/1668 1669/1669
f 1535/1535 1780/1780 1779/1779
f 1318/1318 1669/1669 1670/1670
f 1538/1538 1782/1782 1780/1780
f 1670/1670 1671/1671 1322/1322
f 1783/1783 1781/1781 1537/1537
f 1671/1671 1672/1672 1324/1324
f 1543/1543 1785/1785 1786/1786
f 1324/1324 1672/1672 1673/1673
f 1771/1771 1783/1783 1540/1540
f 1674/1674 1675/1675 1329/1329
f 1545/1545 1786/1786 1787/1787
f 1675/1675 1676/1676 1331/1331
f 1787/1787 1788/1788 1549/1549
f 1677/1677 1678/1678 1336/1336
f 1788/1788 1784/1784 1542/1542
f 1676/1676 1656/1656 1292/1292
f 1678/1678 1679/1679 1338/1338
f 1338/1338 1679/1679 1680/1680
f 1135/1135 1572/1572 1789/1789
f 1340/1340 1680/1680 1681/1681
f 1551/1551 1789/1789 1791/1791
f 1342/1342 1681/1681 1682/1682
f 1566/1566 1568/1568 1802/1802
f 1560/1560 1794/1794 1797/1797
f 1552/1552 1790/1790 1792/1792
f 1344/1344 1682/1682 1684/1684
f 1562/1562 1795/1795 1794/1794
f 1792/1792 1793/1793 1557/1557
f 1683/1683 1685/1685 1349/1349
f 1131/1131 1570/1570 1571/1571
f 1563/1563 1796/1796 1619/1619
f 1349/1349 1685/1685 1686/1686
f 1351/1351 1686/1686 1687/1687
f 1571/1571 1573/1573 1137/1137
f 1688/1688 1689/1689 1356/1356
f 1574/1574 1566/1566 1128/1128
f 1687/1687 1677/1677 1334/1334
f 1575/1575 1574/1574 1138/1138
f 1689/1689 1690/1690 1358/1358
f 1576/1576 1575/1575 1140/1140
f 1358/1358 1690/1690 1691/1691
f 1577/1577 1576/1576 1142/1142
f 1360/1360 1691/1691 1692/1692
f 1146/1146 1578/1578 1577/1577
f 1692/1692 1693/1693 1364/1364
f 1148/1148 1579/1579 1578/1578
f 1364/1364 1693/1693 1694/1694
f 1150/1150 1580/1580 1579/1579
f 1366/1366 1694/1694 1695/1695
f 1152/1152 1581/1581 1580/1580
f 1368/1368 1695/1695 1696/1696
f 1154/1154 1582/1582 1581/1581
f 1370/1370 1696/1696 1697/1697
f 1156/1156 1583/1583 1582/1582
f 1697/1697 1698/1698 1374/1374
f 1158/1158 1584/1584 1583/1583
f 1374/1374 1698/1698 1699/1699
f 1160/1160 1585/1585 1584/1584
f 1699/1699 1700/1700 1378/1378
f 1162/1162 1586/1586 1585/1585
f 1700/1700 1701/1701 1380/1380
f 1587/1587 1586/1586 1162/1162
f 1701/1701 1702/1702 1382/1382
f 1202/1202 1200/1200 1486/1486
f 1222/1222 1482/1482 1373/1373
f 1224/1224 1373/1373 1375/1375
f 1383/1383 1385/1385 1387/1387
f 1379/1379 1381/1381 1387/1387
f 1375/1375 1377/1377 1379/1379
f 1804/1804 1799/1799 1908/1908
f 1908/1908 1906/1906 1809/1809
f 1799/1799 1813/1813 1910/1910
f 1817/1817 1910/1910 1813/1813
f 1809/1809 1906/1906 1805/1805
f 1817/1817 1923/1923 1921/1921
f 1921/1921 1919/1919 1917/1917
f 1917/1917 1903/1903 1921/1921
f 1903/1903 1910/1910 1921/1921
f 1906/1906 1903/1903 1913/1913
f 1903/1903 1917/1917 1915/1915
f 1819/1819 1925/1925 1923/1923
f 1831/1831 1833/1833 1839/1839
f 1833/1833 1835/1835 1837/1837
f 1841/1841 1829/1829 1831/1831
f 1844/1844 1827/1827 1829/1829
f 2240/2240 2238/2238 1827/1827
f 1827/1827 2238/2238 2235/2235
f 1825/1825 2235/2235 1821/1821
f 2235/2235 2232/2232 1819/1819
f 1925/1925 1819/1819 2232/2232
f 2121/2121 2119/2119 1927/1927
f 1929/1929 1927/1927 2119/2119
f 1931/1931 1929/1929 2117/2117
f 2121/2121 1925/1925 1807/1807
f 2123/2123 1807/1807 1845/1845
f 1848/1848 2127/2127 2125/2125
f 1940/1940 1946/1946 1944/1944
f 1938/1938 1902/1902 1946/1946
f 1810/1810 1805/1805 1902/1902
f 1954/1954 1970/1970 1972/1972
f 1959/1959 1970/1970 1954/1954
f 1938/1938 1936/1936 1947/1947
f 1947/1947 1952/1952 1938/1938
f 1959/1959 1810/1810 1952/1952
f 1961/1961 1952/1952 1949/1949
f 1963/1963 1981/1981 1979/1979
f 1967/1967 1965/1965 1979/1979
f 1975/1975 1800/1800 1967/1967
f 1981/1981 1963/1963 1949/1949
f 1949/1949 1947/1947 1983/1983
f 1947/1947 1987/1987 1983/1983
f 1933/1933 1987/1987 1947/1947
f 1933/1933 1931/1931 1991/1991
f 1991/1991 1989/1989 1987/1987
f 1931/1931 2115/2115 2228/2228
f 1993/1993 1991/1991 2226/2226
f 2226/2226 2223/2223 1995/1995
f 2113/2113 2111/2111 2115/2115
f 2111/2111 2230/2230 2228/2228
f 2111/2111 2109/2109 2156/2156
f 2017/2017 2223/2223 2230/2230
f 1997/1997 1995/1995 2223/2223
f 2223/2223 2017/2017 1997/1997
f 1999/1999 2017/2017 2015/2015
f 2003/2003 2001/2001 2005/2005
f 2001/2001 2015/2015 2005/2005
f 2095/2095 2152/2152 2150/2150
f 2154/2154 2152/2152 2095/2095
f 2091/2091 2230/2230 2154/2154
f 2091/2091 2089/2089 2019/2019
f 2021/2021 2019/2019 2089/2089
f 2023/2023 2021/2021 2087/2087
f 2025/2025 2037/2037 2084/2084
f 2025/2025 2023/2023 2085/2085
f 2039/2039 2037/2037 2105/2105
f 2037/2037 2085/2085 2105/2105
f 2097/2097 2150/2150 2148/2148
f 2101/2101 2099/2099 2148/2148
f 2103/2103 2101/2101 2146/2146
f 2144/2144 2195/2195 2197/2197
f 2197/2197 2039/2039 2144/2144
f 2141/2141 2193/2193 2195/2195
f 2193/2193 2141/2141 2189/2189
f 2137/2137 2135/2135 2187/2187
f 2187/2187 2189/2189 2141/2141
f 2141/2141 2139/2139 2137/2137
f 2175/2175 2221/2221 2198/2198
f 2221/2221 2175/2175 2177/2177
f 2177/2177 2179/2179 2181/2181
f 2181/2181 2183/2183 2218/2218
f 2185/2185 2216/2216 2218/2218
f 2187/2187 2135/2135 2216/2216
f 2208/2208 2210/2210 2216/2216
f 2216/2216 2135/2135 2208/2208
f 2210/2210 2212/2212 2214/2214
f 2131/2131 2206/2206 2135/2135
f 1850/1850 2206/2206 1848/1848
f 2206/2206 2131/2131 2129/2129
f 1848/1848 2129/2129 2127/2127
f 2206/2206 1850/1850 2204/2204
f 1850/1850 1852/1852 2204/2204
f 1852/1852 1854/1854 1856/1856
f 1856/1856 1858/1858 1852/1852
f 2202/2202 1860/1860 1866/1866
f 1860/1860 1862/1862 1864/1864
f 1866/1866 1860/1860 1864/1864
f 1868/1868 2198/2198 2200/2200
f 2198/2198 1868/1868 1870/1870
f 1870/1870 1872/1872 2198/2198
f 2173/2173 1872/1872 2171/2171
f 1872/1872 1874/1874 2171/2171
f 1880/1880 1882/1882 1884/1884
f 1886/1886 1888/1888 1891/1891
f 1891/1891 1894/1894 1886/1886
f 1880/1880 1894/1894 1876/1876
f 2041/2041 2039/2039 2197/2197
f 2158/2158 2160/2160 2043/2043
f 2041/2041 2197/2197 2158/2158
f 2045/2045 2043/2043 2160/2160
f 2160/2160 2163/2163 2045/2045
f 2163/2163 2049/2049 2047/2047
f 2051/2051 2049/2049 2163/2163
f 2076/2076 2073/2073 2071/2071
f 2071/2071 2246/2246 2076/2076
f 2078/2078 2076/2076 2241/2241
f 2241/2241 2027/2027 2084/2084
f 2082/2082 2080/2080 2241/2241
f 2080/2080 2078/2078 2241/2241
f 2031/2031 2029/2029 2027/2027
f 2027/2027 2241/2241 2243/2243
f 2031/2031 2243/2243 2034/2034
f 2243/2243 1800/1800 2010/2010
f 2010/2010 2007/2007 2243/2243
f 2007/2007 2005/2005 2243/2243
f 2012/2012 2010/2010 1800/1800
f 1800/1800 1975/1975 2014/2014
f 1838/1838 2265/2265 2266/2266
f 2066/2066 2382/2382 2381/2381
f 1840/1840 2266/2266 2270/2270
f 2068/2068 2383/2383 2382/2382
f 1849/1849 1847/1847 2268/2268
f 2068/2068 2070/2070 2384/2384
f 1851/1851 1849/1849 2271/2271
f 2072/2072 2385/2385 2384/2384
f 1853/1853 1851/1851 2272/2272
f 2072/2072 2074/2074 2386/2386
f 1853/1853 2273/2273 2274/2274
f 1843/1843 2267/2267 2472/2472
f 2075/2075 2077/2077 2388/2388
f 1857/1857 1855/1855 2274/2274
f 1846/1846 1808/1808 2250/2250
f 2077/2077 2079/2079 2389/2389
f 1859/1859 1857/1857 2275/2275
f 2081/2081 2390/2390 2389/2389
f 1861/1861 1859/1859 2276/2276
f 2083/2083 2391/2391 2390/2390
f 1861/1861 2277/2277 2278/2278
f 2086/2086 2088/2088 2393/2393
f 1865/1865 1863/1863 2278/2278
f 2036/2036 2367/2367 2391/2391
f 1867/1867 1865/1865 2279/2279
f 2088/2088 2090/2090 2394/2394
f 1869/1869 1867/1867 2280/2280
f 2090/2090 2092/2092 2395/2395
f 1869/1869 2281/2281 2282/2282
f 2092/2092 2094/2094 2396/2396
f 1871/1871 2282/2282 2283/2283
f 2096/2096 2397/2397 2396/2396
f 1873/1873 2283/2283 2284/2284
f 2098/2098 2398/2398 2397/2397
f 1875/1875 2284/2284 2285/2285
f 2100/2100 2399/2399 2398/2398
f 1877/1877 2285/2285 2286/2286
f 2102/2102 2400/2400 2399/2399
f 1879/1879 2286/2286 2287/2287
f 2104/2104 2401/2401 2400/2400
f 1883/1883 1881/1881 2287/2287
f 2104/2104 2106/2106 2402/2402
f 1885/1885 1883/1883 2288/2288
f 2110/2110 2405/2405 2404/2404
f 1885/1885 2289/2289 2290/2290
f 1966/1966 1968/1968 1654/1654
f 2107/2107 2086/2086 2392/2392
f 1887/1887 2290/2290 2291/2291
f 2110/2110 2112/2112 2406/2406
f 1889/1889 2291/2291 2293/2293
f 2112/2112 2114/2114 2407/2407
f 1893/1893 1890/1890 2292/2292
f 2114/2114 2116/2116 2408/2408
f 1895/1895 1893/1893 2294/2294
f 2116/2116 2118/2118 2409/2409
f 1895/1895 2295/2295 2296/2296
f 2118/2118 2120/2120 2410/2410
f 1897/1897 2296/2296 2297/2297
f 2122/2122 2411/2411 2410/2410
f 1912/1912 2304/2304 2298/2298
f 2124/2124 2412/2412 2411/2411
f 2244/2244 2474/2474 1567/1567
f 2126/2126 2413/2413 2412/2412
f 1907/1907 2301/2301 2300/2300
f 2128/2128 2414/2414 2413/2413
f 1909/1909 2302/2302 2301/2301
f 2130/2130 2415/2415 2414/2414
f 1909/1909 1911/1911 2303/2303
f 2132/2132 2416/2416 2415/2415
f 1904/1904 2299/2299 2303/2303
f 2132/2132 2134/2134 2417/2417
f 1912/1912 1914/1914 2305/2305
f 2136/2136 2418/2418 2417/2417
f 1914/1914 1916/1916 2306/2306
f 2136/2136 2138/2138 2419/2419
f 1918/1918 2307/2307 2306/2306
f 2140/2140 2420/2420 2419/2419
f 1920/1920 2308/2308 2307/2307
f 2140/2140 2142/2142 2421/2421
f 1920/1920 1922/1922 2309/2309
f 2145/2145 2423/2423 2422/2422
f 1924/1924 2310/2310 2309/2309
f 2145/2145 2147/2147 2424/2424
f 1926/1926 2311/2311 2310/2310
f 2147/2147 2149/2149 2425/2425
f 1928/1928 2312/2312 2311/2311
f 2149/2149 2151/2151 2426/2426
f 1930/1930 2313/2313 2312/2312
f 2151/2151 2153/2153 2427/2427
f 1932/1932 2314/2314 2313/2313
f 2153/2153 2155/2155 2428/2428
f 1932/1932 1934/1934 2315/2315
f 2159/2159 2157/2157 2429/2429
f 1935/1935 1937/1937 2317/2317
f 2155/2155 2108/2108 2404/2404
f 1937/1937 1939/1939 2318/2318
f 2159/2159 2430/2430 2432/2432
f 1939/1939 1941/1941 2319/2319
f 2161/2161 2431/2431 2433/2433
f 1941/1941 1943/1943 2320/2320
f 2166/2166 2164/2164 2433/2433
f 1943/1943 1945/1945 2321/2321
f 2168/2168 2166/2166 2434/2434
f 1948/1948 1950/1950 2323/2323
f 2170/2170 2168/2168 2435/2435
f 1901/1901 2298/2298 2321/2321
f 2172/2172 2170/2170 2436/2436
f 1953/1953 2325/2325 2324/2324
f 2172/2172 2437/2437 2438/2438
f 1953/1953 1948/1948 2322/2322
f 2174/2174 2438/2438 2439/2439
f 1955/1955 2326/2326 2251/2251
f 2176/2176 2439/2439 2440/2440
f 1957/1957 2328/2328 2326/2326
f 2180/2180 2178/2178 2440/2440
f 1960/1960 1962/1962 2330/2330
f 2180/2180 2441/2441 2442/2442
f 1964/1964 2331/2331 2330/2330
f 2184/2184 2182/2182 2442/2442
f 1966/1966 2332/2332 2331/2331
f 2184/2184 2443/2443 2444/2444
f 1971/1971 1960/1960 2329/2329
f 2188/2188 2186/2186 2444/2444
f 1973/1973 1971/1971 2333/2333
f 2188/2188 2445/2445 2446/2446
f 1976/1976 2336/2336 2335/2335
f 2190/2190 2446/2446 2447/2447
f 1978/1978 2337/2337 2336/2336
f 2192/2192 2447/2447 2448/2448
f 1978/1978 1980/1980 2338/2338
f 2194/2194 2448/2448 2449/2449
f 1980/1980 1982/1982 2339/2339
f 2199/2199 2450/2450 2451/2451
f 1982/1982 1984/1984 2340/2340
f 2157/2157 2196/2196 2449/2449
f 1984/1984 1986/1986 2341/2341
f 2201/2201 2451/2451 2452/2452
f 1988/1988 2342/2342 2341/2341
f 2203/2203 2452/2452 2453/2453
f 1990/1990 2343/2343 2342/2342
f 2205/2205 2453/2453 2454/2454
f 1990/1990 1992/1992 2344/2344
f 2209/2209 2207/2207 2454/2454
f 1992/1992 1994/1994 2345/2345
f 2211/2211 2209/2209 2455/2455
f 1994/1994 1996/1996 2346/2346
f 2213/2213 2211/2211 2456/2456
f 1996/1996 1998/1998 2347/2347
f 2213/2213 2457/2457 2458/2458
f 1998/1998 2000/2000 2348/2348
f 2217/2217 2215/2215 2458/2458
f 2000/2000 2002/2002 2349/2349
f 2219/2219 2217/2217 2459/2459
f 2004/2004 2350/2350 2349/2349
f 2220/2220 2461/2461 2462/2462
f 2006/2006 2351/2351 2350/2350
f 2224/2224 2227/2227 2465/2465
f 2006/2006 2008/2008 2352/2352
f 2222/2222 2462/2462 2450/2450
f 2011/2011 2354/2354 2353/2353
f 2227/2227 2229/2229 2466/2466
f 2013/2013 2355/2355 2354/2354
f 2231/2231 2467/2467 2466/2466
f 2018/2018 2357/2357 2356/2356
f 2225/2225 2464/2464 2467/2467
f 1974/1974 2335/2335 2355/2355
f 2020/2020 2358/2358 2357/2357
f 2020/2020 2022/2022 2359/2359
f 1808/1808 2233/2233 2468/2468
f 2022/2022 2024/2024 2360/2360
f 2233/2233 2236/2236 2470/2470
f 2024/2024 2026/2026 2361/2361
f 1798/1798 1803/1803 1569/1569
f 2242/2242 2247/2247 2476/2476
f 2234/2234 2237/2237 2471/2471
f 2026/2026 2028/2028 2362/2362
f 2244/2244 2242/2242 2473/2473
f 2239/2239 2472/2472 2471/2471
f 2030/2030 2363/2363 2362/2362
f 1131/1131 1806/1806 2249/2249
f 2245/2245 1899/1899 2297/2297
f 2030/2030 2033/2033 2365/2365
f 2032/2032 2035/2035 2366/2366
f 1811/1811 2251/2251 2249/2249
f 2038/2038 2368/2368 2367/2367
f 1798/1798 2248/2248 2252/2252
f 2016/2016 2356/2356 2366/2366
f 1812/1812 2252/2252 2253/2253
f 2040/2040 2369/2369 2368/2368
f 1814/1814 2253/2253 2254/2254
f 2040/2040 2042/2042 2370/2370
f 1816/1816 2254/2254 2255/2255
f 2042/2042 2044/2044 2371/2371
f 1820/1820 1818/1818 2255/2255
f 2046/2046 2372/2372 2371/2371
f 1822/1822 1820/1820 2256/2256
f 2046/2046 2048/2048 2373/2373
f 1824/1824 1822/1822 2257/2257
f 2048/2048 2050/2050 2374/2374
f 1826/1826 1824/1824 2258/2258
f 2050/2050 2052/2052 2375/2375
f 1828/1828 1826/1826 2259/2259
f 2052/2052 2054/2054 2376/2376
f 1830/1830 1828/1828 2260/2260
f 2056/2056 2377/2377 2376/2376
f 1832/1832 1830/1830 2261/2261
f 2056/2056 2058/2058 2378/2378
f 1834/1834 1832/1832 2262/2262
f 2060/2060 2379/2379 2378/2378
f 1836/1836 1834/1834 2263/2263
f 2062/2062 2380/2380 2379/2379
f 1836/1836 2264/2264 2265/2265
f 2064/2064 2381/2381 2380/2380
f 1876/1876 1896/1896 2169/2169
f 2051/2051 2165/2165 2055/2055
f 1896/1896 1898/1898 2055/2055
f 2057/2057 2055/2055 1898/1898
f 2069/2069 2067/2067 2065/2065
f 2061/2061 2246/2246 2069/2069
f 2057/2057 2246/2246 2061/2061
f 12/12 5/5 6/6
f 7/7 5/5 11/11
f 2/2 10/10 3/3
f 2487/2487 2531/2531 2482/2482
f 2831/2831 2509/2509 2829/2829
f 2524/2524 2499/2499 2495/2495
f 2479/2479 2710/2710 2709/2709
f 2820/2820 2513/2513 2818/2818
f 2497/2497 2787/2787 2785/2785
f 2511/2511 2528/2528 2487/2487
f 2688/2688 2477/2477 2686/2686
f 2491/2491 2809/2809 2807/2807
f 2486/2486 2527/2527 2490/2490
f 2515/2515 2511/2511 2513/2513
f 2522/2522 2497/2497 2499/2499
f 2916/2916 2569/2569 2936/2936
f 2743/2743 2505/2505 2741/2741
f 2490/2490 2798/2798 2796/2796
f 2477/2477 2699/2699 2697/2697
f 2776/2776 2507/2507 2774/2774
f 2483/2483 2532/2532 2479/2479
f 2765/2765 2503/2503 2763/2763
f 2732/2732 2501/2501 2730/2730
f 2820/2820 2534/2534 2515/2515
f 2532/2532 2711/2711 2710/2710
f 2524/2524 2541/2541 2522/2522
f 2831/2831 2536/2536 2517/2517
f 2732/2732 2540/2540 2521/2521
f 2765/2765 2539/2539 2520/2520
f 2532/2532 2549/2549 2551/2551
f 2528/2528 2535/2535 2547/2547
f 2776/2776 2537/2537 2518/2518
f 2699/2699 2552/2552 2700/2700
f 2527/2527 2799/2799 2798/2798
f 2744/2744 2519/2519 2743/2743
f 2541/2541 2523/2523 2522/2522
f 2534/2534 2516/2516 2515/2515
f 2529/2529 2546/2546 2527/2527
f 2809/2809 2545/2545 2810/2810
f 2689/2689 2533/2533 2688/2688
f 2547/2547 2531/2531 2528/2528
f 2787/2787 2542/2542 2788/2788
f 2733/2733 2559/2559 2540/2540
f 2766/2766 2558/2558 2539/2539
f 2551/2551 2568/2568 2570/2570
f 2547/2547 2554/2554 2566/2566
f 2777/2777 2556/2556 2537/2537
f 2700/2700 2571/2571 2701/2701
f 2546/2546 2800/2800 2799/2799
f 2745/2745 2538/2538 2744/2744
f 2566/2566 2550/2550 2547/2547
f 2560/2560 2542/2542 2541/2541
f 2588/2588 2976/2976 2956/2956
f 2553/2553 2535/2535 2534/2534
f 2548/2548 2565/2565 2546/2546
f 2810/2810 2564/2564 2811/2811
f 2690/2690 2552/2552 2689/2689
f 2936/2936 2588/2588 2956/2956
f 2788/2788 2561/2561 2789/2789
f 2821/2821 2553/2553 2534/2534
f 2551/2551 2712/2712 2711/2711
f 2543/2543 2560/2560 2541/2541
f 2832/2832 2555/2555 2536/2536
f 2565/2565 2801/2801 2800/2800
f 2746/2746 2557/2557 2745/2745
f 2585/2585 2569/2569 2566/2566
f 2579/2579 2561/2561 2560/2560
f 2573/2573 2566/2566 2554/2554
f 2572/2572 2554/2554 2553/2553
f 2567/2567 2584/2584 2565/2565
f 2811/2811 2583/2583 2812/2812
f 2691/2691 2571/2571 2690/2690
f 2604/2604 2588/2588 2585/2585
f 2789/2789 2580/2580 2790/2790
f 2822/2822 2572/2572 2553/2553
f 2570/2570 2713/2713 2712/2712
f 2562/2562 2579/2579 2560/2560
f 2833/2833 2574/2574 2555/2555
f 2734/2734 2578/2578 2559/2559
f 2767/2767 2577/2577 2558/2558
f 2570/2570 2587/2587 2589/2589
f 2778/2778 2575/2575 2556/2556
f 2701/2701 2590/2590 2702/2702
f 2591/2591 2573/2573 2572/2572
f 2586/2586 2603/2603 2584/2584
f 2583/2583 2813/2813 2812/2812
f 2692/2692 2590/2590 2691/2691
f 2607/2607 2996/2996 2976/2976
f 2580/2580 2791/2791 2790/2790
f 2824/2824 2572/2572 2823/2823
f 2589/2589 2714/2714 2713/2713
f 2600/2600 2579/2579 2581/2581
f 2835/2835 2574/2574 2834/2834
f 2592/2592 2585/2585 2573/2573
f 2736/2736 2578/2578 2735/2735
f 2769/2769 2577/2577 2768/2768
f 2587/2587 2608/2608 2589/2589
f 2780/2780 2575/2575 2779/2779
f 2590/2590 2703/2703 2702/2702
f 2584/2584 2802/2802 2801/2801
f 2747/2747 2576/2576 2746/2746
f 2996/2996 2645/2645 3016/3016
f 2598/2598 2580/2580 2579/2579
f 2791/2791 2618/2618 2792/2792
f 2825/2825 2591/2591 2824/2824
f 2608/2608 2715/2715 2714/2714
f 2600/2600 2617/2617 2598/2598
f 2836/2836 2593/2593 2835/2835
f 2736/2736 2616/2616 2597/2597
f 2769/2769 2615/2615 2596/2596
f 2608/2608 2625/2625 2627/2627
f 2604/2604 2611/2611 2623/2623
f 2780/2780 2613/2613 2594/2594
f 2703/2703 2628/2628 2704/2704
f 2603/2603 2803/2803 2802/2802
f 2748/2748 2595/2595 2747/2747
f 2617/2617 2599/2599 2598/2598
f 2610/2610 2592/2592 2591/2591
f 2605/2605 2622/2622 2603/2603
f 2602/2602 2814/2814 2813/2813
f 2693/2693 2609/2609 2692/2692
f 2623/2623 2607/2607 2604/2604
f 2737/2737 2635/2635 2616/2616
f 2770/2770 2634/2634 2615/2615
f 2627/2627 2644/2644 2646/2646
f 2623/2623 2630/2630 2642/2642
f 2781/2781 2632/2632 2613/2613
f 2704/2704 2647/2647 2705/2705
f 2622/2622 2804/2804 2803/2803
f 2749/2749 2614/2614 2748/2748
f 2642/2642 2626/2626 2623/2623
f 2636/2636 2618/2618 2617/2617
f 2629/2629 2611/2611 2610/2610
f 2624/2624 2641/2641 2622/2622
f 2621/2621 2815/2815 2814/2814
f 2693/2693 2647/2647 2628/2628
f 3016/3016 2681/2681 3052/3052
f 2792/2792 2637/2637 2793/2793
f 2826/2826 2610/2610 2825/2825
f 2627/2627 2716/2716 2715/2715
f 2619/2619 2636/2636 2617/2617
f 2837/2837 2612/2612 2836/2836
f 2705/2705 2684/2684 2706/2706
f 2641/2641 2805/2805 2804/2804
f 2750/2750 2633/2633 2749/2749
f 2674/2674 2645/2645 2642/2642
f 2662/2662 2637/2637 2636/2636
f 2650/2650 2642/2642 2630/2630
f 2648/2648 2630/2630 2629/2629
f 2643/2643 2673/2673 2641/2641
f 2640/2640 2816/2816 2815/2815
f 2694/2694 2684/2684 2647/2647
f 2531/2531 2916/2916 2896/2896
f 2793/2793 2664/2664 2794/2794
f 2827/2827 2629/2629 2826/2826
f 2646/2646 2718/2718 2716/2716
f 2666/2666 2636/2636 2638/2638
f 2838/2838 2631/2631 2837/2837
f 2738/2738 2660/2660 2635/2635
f 2771/2771 2658/2658 2634/2634
f 2646/2646 2678/2678 2682/2682
f 2782/2782 2654/2654 2632/2632
f 2896/2896 2482/2482 2531/2531
f 3018/3018 2695/2695 2694/2694
f 2998/2998 2694/2694 2693/2693
f 2978/2978 2693/2693 2692/2692
f 2978/2978 2691/2691 2958/2958
f 2958/2958 2690/2690 2938/2938
f 2938/2938 2689/2689 2918/2918
f 2918/2918 2688/2688 2898/2898
f 2898/2898 2686/2686 2842/2842
f 2644/2644 2706/2706 2678/2678
f 2625/2625 2705/2705 2644/2644
f 2606/2606 2704/2704 2625/2625
f 2702/2702 2606/2606 2587/2587
f 2568/2568 2702/2702 2587/2587
f 2549/2549 2701/2701 2568/2568
f 2530/2530 2700/2700 2549/2549
f 2697/2697 2530/2530 2483/2483
f 2716/2716 2677/2677 2643/2643
f 2715/2715 2643/2643 2624/2624
f 2714/2714 2624/2624 2605/2605
f 2713/2713 2605/2605 2586/2586
f 2712/2712 2586/2586 2567/2567
f 2711/2711 2567/2567 2548/2548
f 2710/2710 2548/2548 2529/2529
f 2709/2709 2529/2529 2486/2486
f 2639/2639 2728/2728 2668/2668
f 2620/2620 2727/2727 2639/2639
f 2601/2601 2726/2726 2620/2620
f 2724/2724 2601/2601 2582/2582
f 2563/2563 2724/2724 2582/2582
f 2544/2544 2723/2723 2563/2563
f 2525/2525 2722/2722 2544/2544
f 2719/2719 2525/2525 2493/2493
f 2639/2639 2739/2739 2738/2738
f 2620/2620 2738/2738 2737/2737
f 2601/2601 2737/2737 2736/2736
f 2601/2601 2735/2735 2582/2582
f 2563/2563 2735/2735 2734/2734
f 2544/2544 2734/2734 2733/2733
f 2525/2525 2733/2733 2732/2732
f 2525/2525 2730/2730 2493/2493
f 2660/2660 2749/2749 2635/2635
f 2635/2635 2748/2748 2616/2616
f 2616/2616 2747/2747 2597/2597
f 2597/2597 2746/2746 2578/2578
f 2578/2578 2745/2745 2559/2559
f 2559/2559 2744/2744 2540/2540
f 2540/2540 2743/2743 2521/2521
f 2521/2521 2741/2741 2501/2501
f 2633/2633 2761/2761 2760/2760
f 2614/2614 2760/2760 2759/2759
f 2595/2595 2759/2759 2758/2758
f 2595/2595 2757/2757 2576/2576
f 2557/2557 2757/2757 2756/2756
f 2538/2538 2756/2756 2755/2755
f 2519/2519 2755/2755 2754/2754
f 2519/2519 2752/2752 2505/2505
f 2760/2760 2772/2772 2771/2771
f 2759/2759 2771/2771 2770/2770
f 2758/2758 2770/2770 2769/2769
f 2758/2758 2768/2768 2757/2757
f 2756/2756 2768/2768 2767/2767
f 2755/2755 2767/2767 2766/2766
f 2754/2754 2766/2766 2765/2765
f 2754/2754 2763/2763 2752/2752
f 2634/2634 2783/2783 2782/2782
f 2615/2615 2782/2782 2781/2781
f 2596/2596 2781/2781 2780/2780
f 2596/2596 2779/2779 2577/2577
f 2558/2558 2779/2779 2778/2778
f 2539/2539 2778/2778 2777/2777
f 2520/2520 2777/2777 2776/2776
f 2520/2520 2774/2774 2503/2503
f 2727/2727 2794/2794 2728/2728
f 2726/2726 2793/2793 2727/2727
f 2725/2725 2792/2792 2726/2726
f 2790/2790 2725/2725 2724/2724
f 2723/2723 2790/2790 2724/2724
f 2722/2722 2789/2789 2723/2723
f 2721/2721 2788/2788 2722/2722
f 2785/2785 2721/2721 2719/2719
f 2804/2804 2670/2670 2640/2640
f 2803/2803 2640/2640 2621/2621
f 2602/2602 2803/2803 2621/2621
f 2801/2801 2602/2602 2583/2583
f 2564/2564 2801/2801 2583/2583
f 2799/2799 2564/2564 2545/2545
f 2798/2798 2545/2545 2526/2526
f 2796/2796 2526/2526 2491/2491
f 2638/2638 2816/2816 2666/2666
f 2814/2814 2638/2638 2619/2619
f 2600/2600 2814/2814 2619/2619
f 2812/2812 2600/2600 2581/2581
f 2562/2562 2812/2812 2581/2581
f 2810/2810 2562/2562 2543/2543
f 2809/2809 2543/2543 2524/2524
f 2807/2807 2524/2524 2495/2495
f 2631/2631 2827/2827 2826/2826
f 2612/2612 2826/2826 2825/2825
f 2593/2593 2825/2825 2824/2824
f 2593/2593 2823/2823 2574/2574
f 2574/2574 2822/2822 2555/2555
f 2555/2555 2821/2821 2536/2536
f 2536/2536 2820/2820 2517/2517
f 2517/2517 2818/2818 2509/2509
f 2632/2632 2838/2838 2837/2837
f 2613/2613 2837/2837 2836/2836
f 2594/2594 2836/2836 2835/2835
f 2594/2594 2834/2834 2575/2575
f 2556/2556 2834/2834 2833/2833
f 2537/2537 2833/2833 2832/2832
f 2518/2518 2832/2832 2831/2831
f 2518/2518 2829/2829 2507/2507
f 2896/2896 2853/2853 2846/2846
f 2875/2875 3205/3205 3204/3204
f 2865/2865 2889/2889 2861/2861
f 3084/3084 2845/2845 3082/3082
f 2879/2879 3194/3194 3193/3193
f 3161/3161 2863/2863 3160/3160
f 2877/2877 2893/2893 2881/2881
f 2841/2841 3062/3062 3061/3061
f 3183/3183 2857/2857 3182/3182
f 2892/2892 2850/2850 2854/2854
f 2877/2877 2880/2880 2879/2879
f 2863/2863 2887/2887 2865/2865
f 2871/2871 3117/3117 3116/3116
f 3172/3172 2854/2854 3171/3171
f 3073/3073 2841/2841 3072/3072
f 2873/2873 3150/3150 3149/3149
f 2897/2897 2849/2849 2845/2845
f 2869/2869 3139/3139 3138/3138
f 2867/2867 3106/3106 3105/3105
f 3194/3194 2900/2900 3195/3195
f 3085/3085 2897/2897 3084/3084
f 2889/2889 2907/2907 2909/2909
f 3205/3205 2902/2902 3206/3206
f 3106/3106 2906/2906 3107/3107
f 3139/3139 2905/2905 3140/3140
f 2897/2897 2915/2915 2895/2895
f 2893/2893 2901/2901 2881/2881
f 3150/3150 2903/2903 3151/3151
f 3073/3073 2919/2919 2899/2899
f 3173/3173 2892/2892 3172/3172
f 2884/2884 3118/3118 3117/3117
f 2888/2888 2907/2907 2887/2887
f 2881/2881 2900/2900 2880/2880
f 2912/2912 2894/2894 2892/2892
f 3183/3183 2911/2911 2891/2891
f 2899/2899 3063/3063 3062/3062
f 2913/2913 2896/2896 2916/2916
f 3161/3161 2908/2908 2888/2888
f 3107/3107 2926/2926 3108/3108
f 3140/3140 2925/2925 3141/3141
f 2917/2917 2935/2935 2915/2915
f 2913/2913 2921/2921 2901/2901
f 3151/3151 2923/2923 3152/3152
f 3074/3074 2939/2939 2919/2919
f 3174/3174 2912/2912 3173/3173
f 2904/2904 3119/3119 3118/3118
f 2933/2933 2916/2916 2936/2936
f 2908/2908 2927/2927 2907/2907
f 2901/2901 2920/2920 2900/2900
f 2932/2932 2914/2914 2912/2912
f 3184/3184 2931/2931 2911/2911
f 2919/2919 3064/3064 3063/3063
f 3162/3162 2928/2928 2908/2908
f 3195/3195 2920/2920 3196/3196
f 3086/3086 2917/2917 3085/3085
f 2909/2909 2927/2927 2929/2929
f 3206/3206 2922/2922 3207/3207
f 3175/3175 2932/2932 3174/3174
f 2924/2924 3120/3120 3119/3119
f 2953/2953 2936/2936 2956/2956
f 2928/2928 2947/2947 2927/2927
f 2941/2941 2933/2933 2953/2953
f 2921/2921 2940/2940 2920/2920
f 2952/2952 2934/2934 2932/2932
f 3185/3185 2951/2951 2931/2931
f 2939/2939 3065/3065 3064/3064
f 2953/2953 2976/2976 2973/2973
f 3163/3163 2948/2948 2928/2928
f 3196/3196 2940/2940 3197/3197
f 3087/3087 2937/2937 3086/3086
f 2929/2929 2947/2947 2949/2949
f 3207/3207 2942/2942 3208/3208
f 3108/3108 2946/2946 3109/3109
f 3141/3141 2945/2945 3142/3142
f 2937/2937 2955/2955 2935/2935
f 3152/3152 2943/2943 3153/3153
f 3075/3075 2959/2959 2939/2939
f 2941/2941 2960/2960 2940/2940
f 2972/2972 2954/2954 2952/2952
f 3187/3187 2951/2951 3186/3186
f 2959/2959 3066/3066 3065/3065
f 3165/3165 2948/2948 3164/3164
f 2940/2940 3198/3198 3197/3197
f 3088/3088 2957/2957 3087/3087
f 2947/2947 2969/2969 2949/2949
f 2942/2942 3209/3209 3208/3208
f 2941/2941 2973/2973 2961/2961
f 2946/2946 3110/3110 3109/3109
f 2945/2945 3143/3143 3142/3142
f 2977/2977 2955/2955 2957/2957
f 2943/2943 3154/3154 3153/3153
f 3077/3077 2959/2959 3076/3076
f 3176/3176 2952/2952 3175/3175
f 2944/2944 3121/3121 3120/3120
f 2948/2948 2967/2967 2947/2947
f 3165/3165 2988/2988 2968/2968
f 2960/2960 3199/3199 3198/3198
f 3089/3089 2977/2977 3088/3088
f 2969/2969 2987/2987 2989/2989
f 2962/2962 3210/3210 3209/3209
f 3110/3110 2986/2986 3111/3111
f 3143/3143 2985/2985 3144/3144
f 2977/2977 2995/2995 2975/2975
f 2973/2973 2981/2981 2961/2961
f 3154/3154 2983/2983 3155/3155
f 3077/3077 2999/2999 2979/2979
f 3177/3177 2972/2972 3176/3176
f 2964/2964 3122/3122 3121/3121
f 2968/2968 2987/2987 2967/2967
f 2961/2961 2980/2980 2960/2960
f 2992/2992 2974/2974 2972/2972
f 3188/3188 2971/2971 3187/3187
f 2979/2979 3067/3067 3066/3066
f 2993/2993 2976/2976 2996/2996
f 3111/3111 3006/3006 3112/3112
f 3144/3144 3005/3005 3145/3145
f 2997/2997 3015/3015 2995/2995
f 2993/2993 3001/3001 2981/2981
f 3155/3155 3003/3003 3156/3156
f 3078/3078 3019/3019 2999/2999
f 3178/3178 2992/2992 3177/3177
f 2984/2984 3123/3123 3122/3122
f 3013/3013 2996/2996 3016/3016
f 2988/2988 3007/3007 2987/2987
f 2981/2981 3000/3000 2980/2980
f 3012/3012 2994/2994 2992/2992
f 3189/3189 2991/2991 3188/3188
f 3067/3067 3019/3019 3068/3068
f 3166/3166 3008/3008 2988/2988
f 2980/2980 3200/3200 3199/3199
f 3090/3090 2997/2997 3089/3089
f 2989/2989 3007/3007 3009/3009
f 2982/2982 3211/3211 3210/3210
f 3079/3079 3059/3059 3019/3019
f 3180/3180 3012/3012 3178/3178
f 3004/3004 3125/3125 3123/3123
f 3047/3047 3016/3016 3052/3052
f 3008/3008 3035/3035 3007/3007
f 3023/3023 3013/3013 3047/3047
f 3001/3001 3021/3021 3000/3000
f 3044/3044 3014/3014 3012/3012
f 3191/3191 3011/3011 3189/3189
f 3068/3068 3059/3059 3070/3070
f 3167/3167 3037/3037 3008/3008
f 3000/3000 3202/3202 3200/3200
f 3091/3091 3017/3017 3090/3090
f 3007/3007 3039/3039 3009/3009
f 3002/3002 3213/3213 3211/3211
f 3112/3112 3033/3033 3114/3114
f 3145/3145 3031/3031 3147/3147
f 3017/3017 3051/3051 3015/3015
f 3156/3156 3027/3027 3158/3158
f 3018/3018 3070/3070 3057/3057
f 2998/2998 3068/3068 3018/3018
f 2978/2978 3067/3067 2998/2998
f 3065/3065 2978/2978 2958/2958
f 3064/3064 2958/2958 2938/2938
f 3063/3063 2938/2938 2918/2918
f 3062/3062 2918/2918 2898/2898
f 3061/3061 2898/2898 2842/2842
f 3015/3015 3081/3081 3079/3079
f 2995/2995 3079/3079 3078/3078
f 2975/2975 3078/3078 3077/3077
f 2975/2975 3076/3076 2955/2955
f 2935/2935 3076/3076 3075/3075
f 2915/2915 3075/3075 3074/3074
f 2895/2895 3074/3074 3073/3073
f 2895/2895 3072/3072 2849/2849
f 3048/3048 3090/3090 3014/3014
f 3014/3014 3089/3089 2994/2994
f 2994/2994 3088/3088 2974/2974
f 2974/2974 3087/3087 2954/2954
f 2954/2954 3086/3086 2934/2934
f 2934/2934 3085/3085 2914/2914
f 2914/2914 3084/3084 2894/2894
f 2894/2894 3082/3082 2850/2850
f 3010/3010 3103/3103 3101/3101
f 2990/2990 3101/3101 3100/3100
f 2970/2970 3100/3100 3099/3099
f 2970/2970 3098/3098 2950/2950
f 2930/2930 3098/3098 3097/3097
f 2910/2910 3097/3097 3096/3096
f 2890/2890 3096/3096 3095/3095
f 2890/2890 3094/3094 2859/2859
f 3010/3010 3114/3114 3041/3041
f 2990/2990 3112/3112 3010/3010
f 2970/2970 3111/3111 2990/2990
f 3109/3109 2970/2970 2950/2950
f 2930/2930 3109/3109 2950/2950
f 2910/2910 3108/3108 2930/2930
f 2890/2890 3107/3107 2910/2910
f 3105/3105 2890/2890 2859/2859
f 3123/3123 3033/3033 3006/3006
f 3122/3122 3006/3006 2986/2986
f 3121/3121 2986/2986 2966/2966
f 3120/3120 2966/2966 2946/2946
f 3119/3119 2946/2946 2926/2926
f 3118/3118 2926/2926 2906/2906
f 3117/3117 2906/2906 2886/2886
f 3116/3116 2886/2886 2867/2867
f 3004/3004 3136/3136 3029/3029
f 2984/2984 3134/3134 3004/3004
f 2964/2964 3133/3133 2984/2984
f 3131/3131 2964/2964 2944/2944
f 2924/2924 3131/3131 2944/2944
f 2904/2904 3130/3130 2924/2924
f 2884/2884 3129/3129 2904/2904
f 3127/3127 2884/2884 2871/2871
f 3134/3134 3147/3147 3136/3136
f 3133/3133 3145/3145 3134/3134
f 3132/3132 3144/3144 3133/3133
f 3142/3142 3132/3132 3131/3131
f 3130/3130 3142/3142 3131/3131
f 3129/3129 3141/3141 3130/3130
f 3128/3128 3140/3140 3129/3129
f 3138/3138 3128/3128 3127/3127
f 3005/3005 3158/3158 3031/3031
f 2985/2985 3156/3156 3005/3005
f 2965/2965 3155/3155 2985/2985
f 3153/3153 2965/2965 2945/2945
f 2925/2925 3153/3153 2945/2945
f 2905/2905 3152/3152 2925/2925
f 2885/2885 3151/3151 2905/2905
f 3149/3149 2885/2885 2869/2869
f 3101/3101 3169/3169 3167/3167
f 3100/3100 3167/3167 3166/3166
f 3099/3099 3166/3166 3165/3165
f 3099/3099 3164/3164 3098/3098
f 3097/3097 3164/3164 3163/3163
f 3096/3096 3163/3163 3162/3162
f 3095/3095 3162/3162 3161/3161
f 3095/3095 3160/3160 3094/3094
f 3043/3043 3178/3178 3011/3011
f 3011/3011 3177/3177 2991/2991
f 2971/2971 3177/3177 3176/3176
f 2971/2971 3175/3175 2951/2951
f 2931/2931 3175/3175 3174/3174
f 2931/2931 3173/3173 2911/2911
f 2911/2911 3172/3172 2891/2891
f 2891/2891 3171/3171 2857/2857
f 3009/3009 3191/3191 3189/3189
f 3009/3009 3188/3188 2989/2989
f 2969/2969 3188/3188 3187/3187
f 2969/2969 3186/3186 2949/2949
f 2929/2929 3186/3186 3185/3185
f 2929/2929 3184/3184 2909/2909
f 2909/2909 3183/3183 2889/2889
f 2889/2889 3182/3182 2861/2861
f 3002/3002 3202/3202 3025/3025
f 2982/2982 3200/3200 3002/3002
f 2962/2962 3199/3199 2982/2982
f 3197/3197 2962/2962 2942/2942
f 3196/3196 2942/2942 2922/2922
f 3195/3195 2922/2922 2902/2902
f 3194/3194 2902/2902 2882/2882
f 3193/3193 2882/2882 2875/2875
f 3003/3003 3213/3213 3027/3027
f 2983/2983 3211/3211 3003/3003
f 2963/2963 3210/3210 2983/2983
f 3208/3208 2963/2963 2943/2943
f 2923/2923 3208/3208 2943/2943
f 2903/2903 3207/3207 2923/2923
f 2883/2883 3206/3206 2903/2903
f 3204/3204 2883/2883 2873/2873
f 3028/3028 3135/3135 3046/3046
f 2506/2506 2753/2753 2488/2488
f 2487/2487 2528/2528 2531/2531
f 2831/2831 2517/2517 2509/2509
f 2524/2524 2522/2522 2499/2499
f 2479/2479 2532/2532 2710/2710
f 2820/2820 2515/2515 2513/2513
f 2497/2497 2523/2523 2787/2787
f 2511/2511 2516/2516 2528/2528
f 2688/2688 2533/2533 2477/2477
f 2491/2491 2526/2526 2809/2809
f 2486/2486 2529/2529 2527/2527
f 2515/2515 2516/2516 2511/2511
f 2522/2522 2523/2523 2497/2497
f 2916/2916 2550/2550 2569/2569
f 2743/2743 2519/2519 2505/2505
f 2490/2490 2527/2527 2798/2798
f 2477/2477 2533/2533 2699/2699
f 2776/2776 2518/2518 2507/2507
f 2483/2483 2530/2530 2532/2532
f 2765/2765 2520/2520 2503/2503
f 2732/2732 2521/2521 2501/2501
f 2820/2820 2821/2821 2534/2534
f 2532/2532 2551/2551 2711/2711
f 2524/2524 2543/2543 2541/2541
f 2831/2831 2832/2832 2536/2536
f 2732/2732 2733/2733 2540/2540
f 2765/2765 2766/2766 2539/2539
f 2532/2532 2530/2530 2549/2549
f 2528/2528 2516/2516 2535/2535
f 2776/2776 2777/2777 2537/2537
f 2699/2699 2533/2533 2552/2552
f 2527/2527 2546/2546 2799/2799
f 2744/2744 2538/2538 2519/2519
f 2541/2541 2542/2542 2523/2523
f 2534/2534 2535/2535 2516/2516
f 2529/2529 2548/2548 2546/2546
f 2809/2809 2526/2526 2545/2545
f 2689/2689 2552/2552 2533/2533
f 2547/2547 2550/2550 2531/2531
f 2787/2787 2523/2523 2542/2542
f 2733/2733 2734/2734 2559/2559
f 2766/2766 2767/2767 2558/2558
f 2551/2551 2549/2549 2568/2568
f 2547/2547 2535/2535 2554/2554
f 2777/2777 2778/2778 2556/2556
f 2700/2700 2552/2552 2571/2571
f 2546/2546 2565/2565 2800/2800
f 2745/2745 2557/2557 2538/2538
f 2566/2566 2569/2569 2550/2550
f 2560/2560 2561/2561 2542/2542
f 2588/2588 2607/2607 2976/2976
f 2553/2553 2554/2554 2535/2535
f 2548/2548 2567/2567 2565/2565
f 2810/2810 2545/2545 2564/2564
f 2690/2690 2571/2571 2552/2552
f 2936/2936 2569/2569 2588/2588
f 2788/2788 2542/2542 2561/2561
f 2821/2821 2822/2822 2553/2553
f 2551/2551 2570/2570 2712/2712
f 2543/2543 2562/2562 2560/2560
f 2832/2832 2833/2833 2555/2555
f 2565/2565 2584/2584 2801/2801
f 2746/2746 2576/2576 2557/2557
f 2585/2585 2588/2588 2569/2569
f 2579/2579 2580/2580 2561/2561
f 2573/2573 2585/2585 2566/2566
f 2572/2572 2573/2573 2554/2554
f 2567/2567 2586/2586 2584/2584
f 2811/2811 2564/2564 2583/2583
f 2691/2691 2590/2590 2571/2571
f 2604/2604 2607/2607 2588/2588
f 2789/2789 2561/2561 2580/2580
f 2822/2822 2823/2823 2572/2572
f 2570/2570 2589/2589 2713/2713
f 2562/2562 2581/2581 2579/2579
f 2833/2833 2834/2834 2574/2574
f 2734/2734 2735/2735 2578/2578
f 2767/2767 2768/2768 2577/2577
f 2570/2570 2568/2568 2587/2587
f 2778/2778 2779/2779 2575/2575
f 2701/2701 2571/2571 2590/2590
f 2591/2591 2592/2592 2573/2573
f 2586/2586 2605/2605 2603/2603
f 2583/2583 2602/2602 2813/2813
f 2692/2692 2609/2609 2590/2590
f 2607/2607 2626/2626 2996/2996
f 2580/2580 2599/2599 2791/2791
f 2824/2824 2591/2591 2572/2572
f 2589/2589 2608/2608 2714/2714
f 2600/2600 2598/2598 2579/2579
f 2835/2835 2593/2593 2574/2574
f 2592/2592 2604/2604 2585/2585
f 2736/2736 2597/2597 2578/2578
f 2769/2769 2596/2596 2577/2577
f 2587/2587 2606/2606 2608/2608
f 2780/2780 2594/2594 2575/2575
f 2590/2590 2609/2609 2703/2703
f 2584/2584 2603/2603 2802/2802
f 2747/2747 2595/2595 2576/2576
f 2996/2996 2626/2626 2645/2645
f 2598/2598 2599/2599 2580/2580
f 2791/2791 2599/2599 2618/2618
f 2825/2825 2610/2610 2591/2591
f 2608/2608 2627/2627 2715/2715
f 2600/2600 2619/2619 2617/2617
f 2836/2836 2612/2612 2593/2593
f 2736/2736 2737/2737 2616/2616
f 2769/2769 2770/2770 2615/2615
f 2608/2608 2606/2606 2625/2625
f 2604/2604 2592/2592 2611/2611
f 2780/2780 2781/2781 2613/2613
f 2703/2703 2609/2609 2628/2628
f 2603/2603 2622/2622 2803/2803
f 2748/2748 2614/2614 2595/2595
f 2617/2617 2618/2618 2599/2599
f 2610/2610 2611/2611 2592/2592
f 2605/2605 2624/2624 2622/2622
f 2602/2602 2621/2621 2814/2814
f 2693/2693 2628/2628 2609/2609
f 2623/2623 2626/2626 2607/2607
f 2737/2737 2738/2738 2635/2635
f 2770/2770 2771/2771 2634/2634
f 2627/2627 2625/2625 2644/2644
f 2623/2623 2611/2611 2630/2630
f 2781/2781 2782/2782 2632/2632
f 2704/2704 2628/2628 2647/2647
f 2622/2622 2641/2641 2804/2804
f 2749/2749 2633/2633 2614/2614
f 2642/2642 2645/2645 2626/2626
f 2636/2636 2637/2637 2618/2618
f 2629/2629 2630/2630 2611/2611
f 2624/2624 2643/2643 2641/2641
f 2621/2621 2640/2640 2815/2815
f 2693/2693 2694/2694 2647/2647
f 3016/3016 2645/2645 2681/2681
f 2792/2792 2618/2618 2637/2637
f 2826/2826 2629/2629 2610/2610
f 2627/2627 2646/2646 2716/2716
f 2619/2619 2638/2638 2636/2636
f 2837/2837 2631/2631 2612/2612
f 2705/2705 2647/2647 2684/2684
f 2641/2641 2673/2673 2805/2805
f 2750/2750 2656/2656 2633/2633
f 2674/2674 2681/2681 2645/2645
f 2662/2662 2664/2664 2637/2637
f 2650/2650 2674/2674 2642/2642
f 2648/2648 2650/2650 2630/2630
f 2643/2643 2677/2677 2673/2673
f 2640/2640 2670/2670 2816/2816
f 2694/2694 2695/2695 2684/2684
f 2531/2531 2550/2550 2916/2916
f 2793/2793 2637/2637 2664/2664
f 2827/2827 2648/2648 2629/2629
f 2646/2646 2682/2682 2718/2718
f 2666/2666 2662/2662 2636/2636
f 2838/2838 2652/2652 2631/2631
f 2738/2738 2739/2739 2660/2660
f 2771/2771 2772/2772 2658/2658
f 2646/2646 2644/2644 2678/2678
f 2782/2782 2783/2783 2654/2654
f 2896/2896 2846/2846 2482/2482
f 3018/3018 3057/3057 2695/2695
f 2998/2998 3018/3018 2694/2694
f 2978/2978 2998/2998 2693/2693
f 2978/2978 2692/2692 2691/2691
f 2958/2958 2691/2691 2690/2690
f 2938/2938 2690/2690 2689/2689
f 2918/2918 2689/2689 2688/2688
f 2898/2898 2688/2688 2686/2686
f 2644/2644 2705/2705 2706/2706
f 2625/2625 2704/2704 2705/2705
f 2606/2606 2703/2703 2704/2704
f 2702/2702 2703/2703 2606/2606
f 2568/2568 2701/2701 2702/2702
f 2549/2549 2700/2700 2701/2701
f 2530/2530 2699/2699 2700/2700
f 2697/2697 2699/2699 2530/2530
f 2716/2716 2718/2718 2677/2677
f 2715/2715 2716/2716 2643/2643
f 2714/2714 2715/2715 2624/2624
f 2713/2713 2714/2714 2605/2605
f 2712/2712 2713/2713 2586/2586
f 2711/2711 2712/2712 2567/2567
f 2710/2710 2711/2711 2548/2548
f 2709/2709 2710/2710 2529/2529
f 2639/2639 2727/2727 2728/2728
f 2620/2620 2726/2726 2727/2727
f 2601/2601 2725/2725 2726/2726
f 2724/2724 2725/2725 2601/2601
f 2563/2563 2723/2723 2724/2724
f 2544/2544 2722/2722 2723/2723
f 2525/2525 2721/2721 2722/2722
f 2719/2719 2721/2721 2525/2525
f 2639/2639 2668/2668 2739/2739
f 2620/2620 2639/2639 2738/2738
f 2601/2601 2620/2620 2737/2737
f 2601/2601 2736/2736 2735/2735
f 2563/2563 2582/2582 2735/2735
f 2544/2544 2563/2563 2734/2734
f 2525/2525 2544/2544 2733/2733
f 2525/2525 2732/2732 2730/2730
f 2660/2660 2750/2750 2749/2749
f 2635/2635 2749/2749 2748/2748
f 2616/2616 2748/2748 2747/2747
f 2597/2597 2747/2747 2746/2746
f 2578/2578 2746/2746 2745/2745
f 2559/2559 2745/2745 2744/2744
f 2540/2540 2744/2744 2743/2743
f 2521/2521 2743/2743 2741/2741
f 2633/2633 2656/2656 2761/2761
f 2614/2614 2633/2633 2760/2760
f 2595/2595 2614/2614 2759/2759
f 2595/2595 2758/2758 2757/2757
f 2557/2557 2576/2576 2757/2757
f 2538/2538 2557/2557 2756/2756
f 2519/2519 2538/2538 2755/2755
f 2519/2519 2754/2754 2752/2752
f 2760/2760 2761/2761 2772/2772
f 2759/2759 2760/2760 2771/2771
f 2758/2758 2759/2759 2770/2770
f 2758/2758 2769/2769 2768/2768
f 2756/2756 2757/2757 2768/2768
f 2755/2755 2756/2756 2767/2767
f 2754/2754 2755/2755 2766/2766
f 2754/2754 2765/2765 2763/2763
f 2634/2634 2658/2658 2783/2783
f 2615/2615 2634/2634 2782/2782
f 2596/2596 2615/2615 2781/2781
f 2596/2596 2780/2780 2779/2779
f 2558/2558 2577/2577 2779/2779
f 2539/2539 2558/2558 2778/2778
f 2520/2520 2539/2539 2777/2777
f 2520/2520 2776/2776 2774/2774
f 2727/2727 2793/2793 2794/2794
f 2726/2726 2792/2792 2793/2793
f 2725/2725 2791/2791 2792/2792
f 2790/2790 2791/2791 2725/2725
f 2723/2723 2789/2789 2790/2790
f 2722/2722 2788/2788 2789/2789
f 2721/2721 2787/2787 2788/2788
f 2785/2785 2787/2787 2721/2721
f 2804/2804 2805/2805 2670/2670
f 2803/2803 2804/2804 2640/2640
f 2602/2602 2802/2802 2803/2803
f 2801/2801 2802/2802 2602/2602
f 2564/2564 2800/2800 2801/2801
f 2799/2799 2800/2800 2564/2564
f 2798/2798 2799/2799 2545/2545
f 2796/2796 2798/2798 2526/2526
f 2638/2638 2815/2815 2816/2816
f 2814/2814 2815/2815 2638/2638
f 2600/2600 2813/2813 2814/2814
f 2812/2812 2813/2813 2600/2600
f 2562/2562 2811/2811 2812/2812
f 2810/2810 2811/2811 2562/2562
f 2809/2809 2810/2810 2543/2543
f 2807/2807 2809/2809 2524/2524
f 2631/2631 2652/2652 2827/2827
f 2612/2612 2631/2631 2826/2826
f 2593/2593 2612/2612 2825/2825
f 2593/2593 2824/2824 2823/2823
f 2574/2574 2823/2823 2822/2822
f 2555/2555 2822/2822 2821/2821
f 2536/2536 2821/2821 2820/2820
f 2517/2517 2820/2820 2818/2818
f 2632/2632 2654/2654 2838/2838
f 2613/2613 2632/2632 2837/2837
f 2594/2594 2613/2613 2836/2836
f 2594/2594 2835/2835 2834/2834
f 2556/2556 2575/2575 2834/2834
f 2537/2537 2556/2556 2833/2833
f 2518/2518 2537/2537 2832/2832
f 2518/2518 2831/2831 2829/2829
f 2896/2896 2893/2893 2853/2853
f 2875/2875 2882/2882 3205/3205
f 2865/2865 2887/2887 2889/2889
f 3084/3084 2897/2897 2845/2845
f 2879/2879 2880/2880 3194/3194
f 3161/3161 2888/2888 2863/2863
f 2877/2877 2853/2853 2893/2893
f 2841/2841 2899/2899 3062/3062
f 3183/3183 2891/2891 2857/2857
f 2892/2892 2894/2894 2850/2850
f 2877/2877 2881/2881 2880/2880
f 2863/2863 2888/2888 2887/2887
f 2871/2871 2884/2884 3117/3117
f 3172/3172 2892/2892 2854/2854
f 3073/3073 2899/2899 2841/2841
f 2873/2873 2883/2883 3150/3150
f 2897/2897 2895/2895 2849/2849
f 2869/2869 2885/2885 3139/3139
f 2867/2867 2886/2886 3106/3106
f 3194/3194 2880/2880 2900/2900
f 3085/3085 2917/2917 2897/2897
f 2889/2889 2887/2887 2907/2907
f 3205/3205 2882/2882 2902/2902
f 3106/3106 2886/2886 2906/2906
f 3139/3139 2885/2885 2905/2905
f 2897/2897 2917/2917 2915/2915
f 2893/2893 2913/2913 2901/2901
f 3150/3150 2883/2883 2903/2903
f 3073/3073 3074/3074 2919/2919
f 3173/3173 2912/2912 2892/2892
f 2884/2884 2904/2904 3118/3118
f 2888/2888 2908/2908 2907/2907
f 2881/2881 2901/2901 2900/2900
f 2912/2912 2914/2914 2894/2894
f 3183/3183 3184/3184 2911/2911
f 2899/2899 2919/2919 3063/3063
f 2913/2913 2893/2893 2896/2896
f 3161/3161 3162/3162 2908/2908
f 3107/3107 2906/2906 2926/2926
f 3140/3140 2905/2905 2925/2925
f 2917/2917 2937/2937 2935/2935
f 2913/2913 2933/2933 2921/2921
f 3151/3151 2903/2903 2923/2923
f 3074/3074 3075/3075 2939/2939
f 3174/3174 2932/2932 2912/2912
f 2904/2904 2924/2924 3119/3119
f 2933/2933 2913/2913 2916/2916
f 2908/2908 2928/2928 2927/2927
f 2901/2901 2921/2921 2920/2920
f 2932/2932 2934/2934 2914/2914
f 3184/3184 3185/3185 2931/2931
f 2919/2919 2939/2939 3064/3064
f 3162/3162 3163/3163 2928/2928
f 3195/3195 2900/2900 2920/2920
f 3086/3086 2937/2937 2917/2917
f 2909/2909 2907/2907 2927/2927
f 3206/3206 2902/2902 2922/2922
f 3175/3175 2952/2952 2932/2932
f 2924/2924 2944/2944 3120/3120
f 2953/2953 2933/2933 2936/2936
f 2928/2928 2948/2948 2947/2947
f 2941/2941 2921/2921 2933/2933
f 2921/2921 2941/2941 2940/2940
f 2952/2952 2954/2954 2934/2934
f 3185/3185 3186/3186 2951/2951
f 2939/2939 2959/2959 3065/3065
f 2953/2953 2956/2956 2976/2976
f 3163/3163 3164/3164 2948/2948
f 3196/3196 2920/2920 2940/2940
f 3087/3087 2957/2957 2937/2937
f 2929/2929 2927/2927 2947/2947
f 3207/3207 2922/2922 2942/2942
f 3108/3108 2926/2926 2946/2946
f 3141/3141 2925/2925 2945/2945
f 2937/2937 2957/2957 2955/2955
f 3152/3152 2923/2923 2943/2943
f 3075/3075 3076/3076 2959/2959
f 2941/2941 2961/2961 2960/2960
f 2972/2972 2974/2974 2954/2954
f 3187/3187 2971/2971 2951/2951
f 2959/2959 2979/2979 3066/3066
f 3165/3165 2968/2968 2948/2948
f 2940/2940 2960/2960 3198/3198
f 3088/3088 2977/2977 2957/2957
f 2947/2947 2967/2967 2969/2969
f 2942/2942 2962/2962 3209/3209
f 2941/2941 2953/2953 2973/2973
f 2946/2946 2966/2966 3110/3110
f 2945/2945 2965/2965 3143/3143
f 2977/2977 2975/2975 2955/2955
f 2943/2943 2963/2963 3154/3154
f 3077/3077 2979/2979 2959/2959
f 3176/3176 2972/2972 2952/2952
f 2944/2944 2964/2964 3121/3121
f 2948/2948 2968/2968 2967/2967
f 3165/3165 3166/3166 2988/2988
f 2960/2960 2980/2980 3199/3199
f 3089/3089 2997/2997 2977/2977
f 2969/2969 2967/2967 2987/2987
f 2962/2962 2982/2982 3210/3210
f 3110/3110 2966/2966 2986/2986
f 3143/3143 2965/2965 2985/2985
f 2977/2977 2997/2997 2995/2995
f 2973/2973 2993/2993 2981/2981
f 3154/3154 2963/2963 2983/2983
f 3077/3077 3078/3078 2999/2999
f 3177/3177 2992/2992 2972/2972
f 2964/2964 2984/2984 3122/3122
f 2968/2968 2988/2988 2987/2987
f 2961/2961 2981/2981 2980/2980
f 2992/2992 2994/2994 2974/2974
f 3188/3188 2991/2991 2971/2971
f 2979/2979 2999/2999 3067/3067
f 2993/2993 2973/2973 2976/2976
f 3111/3111 2986/2986 3006/3006
f 3144/3144 2985/2985 3005/3005
f 2997/2997 3017/3017 3015/3015
f 2993/2993 3013/3013 3001/3001
f 3155/3155 2983/2983 3003/3003
f 3078/3078 3079/3079 3019/3019
f 3178/3178 3012/3012 2992/2992
f 2984/2984 3004/3004 3123/3123
f 3013/3013 2993/2993 2996/2996
f 2988/2988 3008/3008 3007/3007
f 2981/2981 3001/3001 3000/3000
f 3012/3012 3014/3014 2994/2994
f 3189/3189 3011/3011 2991/2991
f 3067/3067 2999/2999 3019/3019
f 3166/3166 3167/3167 3008/3008
f 2980/2980 3000/3000 3200/3200
f 3090/3090 3017/3017 2997/2997
f 2989/2989 2987/2987 3007/3007
f 2982/2982 3002/3002 3211/3211
f 3079/3079 3081/3081 3059/3059
f 3180/3180 3044/3044 3012/3012
f 3004/3004 3029/3029 3125/3125
f 3047/3047 3013/3013 3016/3016
f 3008/3008 3037/3037 3035/3035
f 3023/3023 3001/3001 3013/3013
f 3001/3001 3023/3023 3021/3021
f 3044/3044 3048/3048 3014/3014
f 3191/3191 3043/3043 3011/3011
f 3068/3068 3019/3019 3059/3059
f 3167/3167 3169/3169 3037/3037
f 3000/3000 3021/3021 3202/3202
f 3091/3091 3055/3055 3017/3017
f 3007/3007 3035/3035 3039/3039
f 3002/3002 3025/3025 3213/3213
f 3112/3112 3006/3006 3033/3033
f 3145/3145 3005/3005 3031/3031
f 3017/3017 3055/3055 3051/3051
f 3156/3156 3003/3003 3027/3027
f 3018/3018 3068/3068 3070/3070
f 2998/2998 3067/3067 3068/3068
f 2978/2978 3066/3066 3067/3067
f 3065/3065 3066/3066 2978/2978
f 3064/3064 3065/3065 2958/2958
f 3063/3063 3064/3064 2938/2938
f 3062/3062 3063/3063 2918/2918
f 3061/3061 3062/3062 2898/2898
f 3015/3015 3051/3051 3081/3081
f 2995/2995 3015/3015 3079/3079
f 2975/2975 2995/2995 3078/3078
f 2975/2975 3077/3077 3076/3076
f 2935/2935 2955/2955 3076/3076
f 2915/2915 2935/2935 3075/3075
f 2895/2895 2915/2915 3074/3074
f 2895/2895 3073/3073 3072/3072
f 3048/3048 3091/3091 3090/3090
f 3014/3014 3090/3090 3089/3089
f 2994/2994 3089/3089 3088/3088
f 2974/2974 3088/3088 3087/3087
f 2954/2954 3087/3087 3086/3086
f 2934/2934 3086/3086 3085/3085
f 2914/2914 3085/3085 3084/3084
f 2894/2894 3084/3084 3082/3082
f 3010/3010 3041/3041 3103/3103
f 2990/2990 3010/3010 3101/3101
f 2970/2970 2990/2990 3100/3100
f 2970/2970 3099/3099 3098/3098
f 2930/2930 2950/2950 3098/3098
f 2910/2910 2930/2930 3097/3097
f 2890/2890 2910/2910 3096/3096
f 2890/2890 3095/3095 3094/3094
f 3010/3010 3112/3112 3114/3114
f 2990/2990 3111/3111 3112/3112
f 2970/2970 3110/3110 3111/3111
f 3109/3109 3110/3110 2970/2970
f 2930/2930 3108/3108 3109/3109
f 2910/2910 3107/3107 3108/3108
f 2890/2890 3106/3106 3107/3107
f 3105/3105 3106/3106 2890/2890
f 3123/3123 3125/3125 3033/3033
f 3122/3122 3123/3123 3006/3006
f 3121/3121 3122/3122 2986/2986
f 3120/3120 3121/3121 2966/2966
f 3119/3119 3120/3120 2946/2946
f 3118/3118 3119/3119 2926/2926
f 3117/3117 3118/3118 2906/2906
f 3116/3116 3117/3117 2886/2886
f 3004/3004 3134/3134 3136/3136
f 2984/2984 3133/3133 3134/3134
f 2964/2964 3132/3132 3133/3133
f 3131/3131 3132/3132 2964/2964
f 2924/2924 3130/3130 3131/3131
f 2904/2904 3129/3129 3130/3130
f 2884/2884 3128/3128 3129/3129
f 3127/3127 3128/3128 2884/2884
f 3134/3134 3145/3145 3147/3147
f 3133/3133 3144/3144 3145/3145
f 3132/3132 3143/3143 3144/3144
f 3142/3142 3143/3143 3132/3132
f 3130/3130 3141/3141 3142/3142
f 3129/3129 3140/3140 3141/3141
f 3128/3128 3139/3139 3140/3140
f 3138/3138 3139/3139 3128/3128
f 3005/3005 3156/3156 3158/3158
f 2985/2985 3155/3155 3156/3156
f 2965/2965 3154/3154 3155/3155
f 3153/3153 3154/3154 2965/2965
f 2925/2925 3152/3152 3153/3153
f 2905/2905 3151/3151 3152/3152
f 2885/2885 3150/3150 3151/3151
f 3149/3149 3150/3150 2885/2885
f 3101/3101 3103/3103 3169/3169
f 3100/3100 3101/3101 3167/3167
f 3099/3099 3100/3100 3166/3166
f 3099/3099 3165/3165 3164/3164
f 3097/3097 3098/3098 3164/3164
f 3096/3096 3097/3097 3163/3163
f 3095/3095 3096/3096 3162/3162
f 3095/3095 3161/3161 3160/3160
f 3043/3043 3180/3180 3178/3178
f 3011/3011 3178/3178 3177/3177
f 2971/2971 2991/2991 3177/3177
f 2971/2971 3176/3176 3175/3175
f 2931/2931 2951/2951 3175/3175
f 2931/2931 3174/3174 3173/3173
f 2911/2911 3173/3173 3172/3172
f 2891/2891 3172/3172 3171/3171
f 3009/3009 3039/3039 3191/3191
f 3009/3009 3189/3189 3188/3188
f 2969/2969 2989/2989 3188/3188
f 2969/2969 3187/3187 3186/3186
f 2929/2929 2949/2949 3186/3186
f 2929/2929 3185/3185 3184/3184
f 2909/2909 3184/3184 3183/3183
f 2889/2889 3183/3183 3182/3182
f 3002/3002 3200/3200 3202/3202
f 2982/2982 3199/3199 3200/3200
f 2962/2962 3198/3198 3199/3199
f 3197/3197 3198/3198 2962/2962
f 3196/3196 3197/3197 2942/2942
f 3195/3195 3196/3196 2922/2922
f 3194/3194 3195/3195 2902/2902
f 3193/3193 3194/3194 2882/2882
f 3003/3003 3211/3211 3213/3213
f 2983/2983 3210/3210 3211/3211
f 2963/2963 3209/3209 3210/3210
f 3208/3208 3209/3209 2963/2963
f 2923/2923 3207/3207 3208/3208
f 2903/2903 3206/3206 3207/3207
f 2883/2883 3205/3205 3206/3206
f 3204/3204 3205/3205 2883/2883
f 2696/2696 3056/3056 2680/2680
f 3056/3056 3069/3069 3053/3053
f 3069/3069 3058/3058 3053/3053
f 3058/3058 3080/3080 3053/3053
f 3056/3056 3053/3053 2680/2680
f 2707/2707 2685/2685 2680/2680
f 2685/2685 2696/2696 2680/2680
f 3080/3080 3050/3050 3053/3053
f 2679/2679 2707/2707 2680/2680
f 3050/3050 3054/3054 3053/3053
f 2683/2683 2679/2679 2680/2680
f 2683/2683 2661/2661 2740/2740
f 2806/2806 2672/2672 2795/2795
f 2672/2672 2676/2676 2729/2729
f 2817/2817 2671/2671 2665/2665
f 2671/2671 2806/2806 2795/2795
f 2665/2665 2671/2671 2795/2795
f 2663/2663 2667/2667 2665/2665
f 2667/2667 2817/2817 2665/2665
f 2729/2729 2795/2795 2672/2672
f 2729/2729 2676/2676 2669/2669
f 2676/2676 2717/2717 2669/2669
f 2669/2669 2717/2717 2740/2740
f 2717/2717 2683/2683 2740/2740
f 2661/2661 2683/2683 2680/2680
f 3054/3054 3092/3092 3113/3113
f 2751/2751 2661/2661 2680/2680
f 3049/3049 3045/3045 3102/3102
f 3045/3045 3179/3179 3168/3168
f 3102/3102 3045/3045 3168/3168
f 3092/3092 3049/3049 3040/3040
f 2657/2657 2751/2751 2680/2680
f 3053/3053 3054/3054 3032/3032
f 3179/3179 3042/3042 3168/3168
f 3042/3042 3190/3190 3036/3036
f 3190/3190 3038/3038 3036/3036
f 3038/3038 3034/3034 3036/3036
f 3036/3036 3168/3168 3042/3042
f 2762/2762 2657/2657 2675/2675
f 2773/2773 2762/2762 2675/2675
f 2657/2657 2680/2680 2675/2675
f 3049/3049 3102/3102 3040/3040
f 2659/2659 2773/2773 2675/2675
f 2839/2839 2655/2655 2653/2653
f 2655/2655 2784/2784 2651/2651
f 2784/2784 2659/2659 2651/2651
f 3040/3040 3113/3113 3092/3092
f 3113/3113 3032/3032 3054/3054
f 2655/2655 2651/2651 2649/2649
f 2828/2828 2653/2653 2649/2649
f 2649/2649 2653/2653 2655/2655
f 2675/2675 2651/2651 2659/2659
f 3022/3022 3046/3046 3030/3030
f 3046/3046 3053/3053 3028/3028
f 3022/3022 3030/3030 3157/3157
f 3032/3032 3124/3124 3053/3053
f 3020/3020 3022/3022 3026/3026
f 3024/3024 3201/3201 3020/3020
f 3026/3026 3212/3212 3024/3024
f 3157/3157 3026/3026 3022/3022
f 3026/3026 3024/3024 3020/3020
f 3053/3053 3124/3124 3028/3028
f 3030/3030 3046/3046 3146/3146
f 3146/3146 3046/3046 3135/3135
f 3071/3071 2840/2840 2847/2847
f 2840/2840 3060/3060 2847/2847
f 3060/3060 2843/2843 2847/2847
f 2843/2843 2687/2687 2481/2481
f 2687/2687 2478/2478 2481/2481
f 2478/2478 2698/2698 2481/2481
f 2843/2843 2481/2481 2847/2847
f 2698/2698 2484/2484 2481/2481
f 2848/2848 3071/3071 2847/2847
f 2484/2484 2480/2480 2481/2481
f 2844/2844 2848/2848 2847/2847
f 2844/2844 2866/2866 3104/3104
f 3170/3170 2855/2855 3159/3159
f 2855/2855 2851/2851 3093/3093
f 3181/3181 2856/2856 3159/3159
f 2856/2856 3170/3170 3159/3159
f 2864/2864 2860/2860 2862/2862
f 2860/2860 3181/3181 2862/2862
f 3159/3159 2862/2862 3181/3181
f 3093/3093 3159/3159 2855/2855
f 2851/2851 3083/3083 2858/2858
f 2851/2851 2858/2858 3093/3093
f 2858/2858 3083/3083 3104/3104
f 3083/3083 2844/2844 3104/3104
f 2866/2866 2844/2844 2847/2847
f 2480/2480 2708/2708 2731/2731
f 3115/3115 2866/2866 2847/2847
f 2485/2485 2489/2489 2720/2720
f 2489/2489 2797/2797 2786/2786
f 2720/2720 2489/2489 2786/2786
f 2708/2708 2485/2485 2494/2494
f 2480/2480 2502/2502 2481/2481
f 2870/2870 3115/3115 2852/2852
f 2502/2502 2480/2480 2731/2731
f 2797/2797 2492/2492 2786/2786
f 2492/2492 2808/2808 2786/2786
f 2808/2808 2496/2496 2498/2498
f 2786/2786 2808/2808 2498/2498
f 2496/2496 2500/2500 2498/2498
f 3126/3126 2870/2870 2852/2852
f 3115/3115 2847/2847 2852/2852
f 3137/3137 3126/3126 2852/2852
f 2485/2485 2720/2720 2494/2494
f 2868/2868 3137/3137 2852/2852
f 3203/3203 2872/2872 3192/3192
f 2872/2872 3148/3148 2876/2876
f 3148/3148 2868/2868 2876/2876
f 2494/2494 2731/2731 2708/2708
f 2872/2872 2876/2876 3192/3192
f 3192/3192 2874/2874 3203/3203
f 2876/2876 2878/2878 3192/3192
f 2852/2852 2876/2876 2868/2868
f 2512/2512 2488/2488 2504/2504
f 2488/2488 2481/2481 2742/2742
f 2512/2512 2504/2504 2775/2775
f 2502/2502 2742/2742 2481/2481
f 2514/2514 2512/2512 2819/2819
f 2510/2510 2819/2819 2830/2830
f 2508/2508 2512/2512 2775/2775
f 2508/2508 2830/2830 2819/2819
f 2512/2512 2508/2508 2819/2819
f 2742/2742 2506/2506 2488/2488
f 2504/2504 2488/2488 2764/2764
f 2764/2764 2488/2488 2753/2753
f 3970/3970 3262/3262 3263/3263
f 3339/3339 3273/3273 3274/3274
f 3402/3402 3293/3293 3294/3294
f 3408/3408 3363/3363 3298/3298
f 3353/3353 3401/3401 3292/3292
f 3895/3895 3951/3951 3240/3240
f 3418/3418 3320/3320 3321/3321
f 3416/3416 3415/3415 3317/3317
f 3384/3384 3330/3330 3331/3331
f 3373/3373 3324/3324 3325/3325
f 3381/3381 3382/3382 3328/3328
f 3359/3359 3405/3405 3357/3357
f 3373/3373 3374/3374 3368/3368
f 3405/3405 3360/3360 3361/3361
f 3375/3375 3376/3376 3422/3422
f 3376/3376 3334/3334 3335/3335
f 3382/3382 3381/3381 3377/3377
f 3381/3381 3383/3383 3378/3378
f 3892/3892 3893/3893 3401/3401
f 3425/3425 3426/3426 3389/3389
f 3221/3221 3220/3220 3412/3412
f 3216/3216 3215/3215 3358/3358
f 3378/3378 3383/3383 3384/3384
f 3349/3349 3892/3892 3401/3401
f 3228/3228 3227/3227 3305/3305
f 3222/3222 3221/3221 3413/3413
f 3420/3420 3228/3228 3305/3305
f 3421/3421 3366/3366 3368/3368
f 3997/3997 3246/3246 3247/3247
f 3234/3234 3386/3386 3392/3392
f 4018/4018 3953/3953 3952/3952
f 4002/4002 3241/3241 3242/3242
f 4000/4000 3942/3942 3244/3244
f 3935/3935 4006/4006 3936/3936
f 3966/3966 3915/3915 3914/3914
f 3971/3971 3261/3261 3262/3262
f 3263/3263 3986/3986 3987/3987
f 3919/3919 3264/3264 3918/3918
f 3922/3922 3921/3921 3265/3265
f 3927/3927 3925/3925 3253/3253
f 3931/3931 3250/3250 3933/3933
f 3933/3933 3928/3928 3249/3249
f 3247/3247 3940/3940 3938/3938
f 3945/3945 3241/3241 3947/3947
f 3244/3244 3943/3943 3893/3893
f 3948/3948 3949/3949 3950/3950
f 3947/3947 3946/3946 3948/3948
f 3952/3952 3240/3240 3951/3951
f 3955/3955 3266/3266 3267/3267
f 3954/3954 3267/3267 3268/3268
f 3951/3951 3945/3945 3948/3948
f 3904/3904 3962/3962 3905/3905
f 3905/3905 3964/3964 3907/3907
f 3906/3906 3959/3959 3268/3268
f 3256/3256 3978/3978 3255/3255
f 3913/3913 3965/3965 3901/3901
f 4010/4010 3949/3949 3946/3946
f 3998/3998 3934/3934 3246/3246
f 4012/4012 3239/3239 3240/3240
f 3235/3235 3392/3392 3389/3389
f 3229/3229 3228/3228 3420/3420
f 3215/3215 3214/3214 3356/3356
f 3218/3218 3410/3410 3365/3365
f 3945/3945 3895/3895 3340/3340
f 3377/3377 3425/3425 3392/3392
f 3371/3371 3372/3372 3366/3366
f 3349/3349 3402/3402 3403/3403
f 3344/3344 3343/3343 3345/3345
f 3384/3384 3383/3383 3329/3329
f 3374/3374 3325/3325 3326/3326
f 3413/3413 3412/3412 3314/3314
f 3305/3305 3304/3304 3369/3369
f 3347/3347 3283/3283 3291/3291
f 3304/3304 3419/3419 3321/3321
f 3400/3400 3291/3291 3284/3284
f 3258/3258 3976/3976 3257/3257
f 3338/3338 3272/3272 3273/3273
f 3355/3355 3287/3287 3293/3293
f 3342/3342 3280/3280 3281/3281
f 3303/3303 3407/3407 3363/3363
f 3303/3303 3408/3408 3409/3409
f 3411/3411 3365/3365 3307/3307
f 3410/3410 3364/3364 3306/3306
f 3382/3382 3424/3424 3332/3332
f 3376/3376 3375/3375 3333/3333
f 3406/3406 3407/3407 3358/3358
f 3353/3353 3354/3354 3355/3355
f 3378/3378 3380/3380 3426/3426
f 3380/3380 3384/3384 3385/3385
f 3893/3893 3400/3400 3352/3352
f 3218/3218 3217/3217 3364/3364
f 3225/3225 3417/3417 3418/3418
f 3232/3232 3391/3391 3388/3388
f 3953/3953 4012/4012 3240/3240
f 4003/4003 3944/3944 3241/3241
f 4008/4008 3243/3243 3942/3942
f 3251/3251 3990/3990 3250/3250
f 3926/3926 3989/3989 3251/3251
f 3253/3253 3988/3988 3927/3927
f 3896/3896 3911/3911 3268/3268
f 3414/3414 3413/3413 3315/3315
f 3354/3354 3285/3285 3286/3286
f 3360/3360 3405/3405 3300/3300
f 3254/3254 3985/3985 3925/3925
f 3892/3892 3938/3938 3940/3940
f 3894/3894 3243/3243 3242/3242
f 3893/3893 3937/3937 3244/3244
f 3215/3215 3933/3933 3214/3214
f 3931/3931 3216/3216 3251/3251
f 3214/3214 3932/3932 3891/3891
f 3255/3255 3984/3984 3923/3923
f 3918/3918 3983/3983 3919/3919
f 3259/3259 3975/3975 3258/3258
f 3249/3249 3996/3996 3930/3930
f 3986/3986 3919/3919 3987/3987
f 3222/3222 3257/3257 3221/3221
f 3262/3262 3225/3225 3226/3226
f 3221/3221 3256/3256 3220/3220
f 3902/3902 3233/3233 3234/3234
f 3347/3347 3291/3291 3400/3400
f 3898/3898 3236/3236 3237/3237
f 3404/3404 3294/3294 3299/3299
f 3399/3399 3283/3283 3347/3347
f 3365/3365 3410/3410 3312/3312
f 3408/3408 3298/3298 3310/3310
f 3303/3303 3363/3363 3408/3408
f 3304/3304 3321/3321 3308/3308
f 3412/3412 3313/3313 3314/3314
f 3413/3413 3314/3314 3315/3315
f 3409/3409 3310/3310 3311/3311
f 3374/3374 3326/3326 3387/3387
f 3382/3382 3332/3332 3328/3328
f 3376/3376 3333/3333 3334/3334
f 3342/3342 3343/3343 3341/3341
f 3340/3340 3341/3341 3343/3343
f 3350/3350 3403/3403 3404/3404
f 3370/3370 3371/3371 3367/3367
f 3419/3419 3304/3304 3305/3305
f 3366/3366 3367/3367 3371/3371
f 3382/3382 3377/3377 3424/3424
f 3899/3899 3269/3269 3896/3896
f 3223/3223 3258/3258 3222/3222
f 3424/3424 3377/3377 3392/3392
f 3378/3378 3425/3425 3377/3377
f 3225/3225 3418/3418 3226/3226
f 3225/3225 3416/3416 3417/3417
f 3223/3223 3414/3414 3415/3415
f 3221/3221 3412/3412 3413/3413
f 3943/3943 3400/3400 3893/3893
f 3339/3339 3396/3396 3338/3338
f 3375/3375 3326/3326 3333/3333
f 3218/3218 3365/3365 3924/3924
f 3217/3217 3362/3362 3364/3364
f 3216/3216 3362/3362 3217/3217
f 3214/3214 3357/3357 3356/3356
f 3892/3892 3351/3351 3350/3350
f 3404/3404 3295/3295 3359/3359
f 3363/3363 3302/3302 3298/3298
f 3341/3341 3276/3276 3342/3342
f 3354/3354 3287/3287 3355/3355
f 3229/3229 3264/3264 3228/3228
f 3263/3263 3226/3226 3227/3227
f 3224/3224 3259/3259 3223/3223
f 3899/3899 3235/3235 3236/3236
f 3338/3338 3273/3273 3339/3339
f 3227/3227 3419/3419 3305/3305
f 3342/3342 3281/3281 3345/3345
f 3407/3407 3301/3301 3302/3302
f 3365/3365 3312/3312 3307/3307
f 3370/3370 3308/3308 3309/3309
f 3370/3370 3322/3322 3371/3371
f 3364/3364 3311/3311 3306/3306
f 3416/3416 3317/3317 3318/3318
f 3384/3384 3331/3331 3385/3385
f 3422/3422 3336/3336 3423/3423
f 3339/3339 3340/3340 3396/3396
f 3344/3344 3345/3345 3346/3346
f 3362/3362 3409/3409 3364/3364
f 3373/3373 3368/3368 3366/3366
f 3420/3420 3367/3367 3421/3421
f 3266/3266 3913/3913 3901/3901
f 3271/3271 3908/3908 3270/3270
f 3910/3910 3904/3904 3905/3905
f 3911/3911 3906/3906 3268/3268
f 3898/3898 3270/3270 3899/3899
f 3897/3897 3267/3267 3266/3266
f 3400/3400 3284/3284 3352/3352
f 3355/3355 3293/3293 3402/3402
f 3346/3346 3288/3288 3397/3397
f 3234/3234 3392/3392 3235/3235
f 3236/3236 3390/3390 3237/3237
f 3231/3231 3391/3391 3232/3232
f 3923/3923 3218/3218 3924/3924
f 3235/3235 3389/3389 3236/3236
f 3895/3895 3396/3396 3340/3340
f 3343/3343 3945/3945 3340/3340
f 3893/3893 3352/3352 3401/3401
f 3426/3426 3390/3390 3389/3389
f 3425/3425 3389/3389 3392/3392
f 3225/3225 3260/3260 3224/3224
f 3341/3341 3340/3340 3274/3274
f 3422/3422 3335/3335 3336/3336
f 3895/3895 3240/3240 3239/3239
f 3341/3341 3275/3275 3276/3276
f 3257/3257 3977/3977 3256/3256
f 3339/3339 3274/3274 3340/3340
f 3395/3395 3279/3279 3396/3396
f 3898/3898 3899/3899 3236/3236
f 3354/3354 3353/3353 3285/3285
f 3405/3405 3359/3359 3295/3295
f 3352/3352 3284/3284 3292/3292
f 3415/3415 3414/3414 3316/3316
f 3417/3417 3319/3319 3320/3320
f 3407/3407 3406/3406 3301/3301
f 3370/3370 3369/3369 3308/3308
f 3372/3372 3323/3323 3324/3324
f 3409/3409 3408/3408 3310/3310
f 3372/3372 3371/3371 3322/3322
f 3375/3375 3387/3387 3326/3326
f 3350/3350 3351/3351 3403/3403
f 3891/3891 3348/3348 3359/3359
f 3356/3356 3357/3357 3405/3405
f 3383/3383 3381/3381 3327/3327
f 3420/3420 3370/3370 3367/3367
f 3377/3377 3381/3381 3378/3378
f 3344/3344 3945/3945 3343/3343
f 3392/3392 3386/3386 3424/3424
f 3303/3303 3216/3216 3407/3407
f 3943/3943 3894/3894 3399/3399
f 3426/3426 3427/3427 3390/3390
f 3891/3891 3892/3892 3350/3350
f 3226/3226 3418/3418 3419/3419
f 3223/3223 3222/3222 3414/3414
f 3220/3220 3219/3219 3411/3411
f 3368/3368 3230/3230 3421/3421
f 4017/4017 3952/3952 3951/3951
f 3233/3233 3388/3388 3386/3386
f 3949/3949 4011/4011 4015/4015
f 3244/3244 4007/4007 4000/4000
f 4001/4001 3242/3242 3243/3243
f 3248/3248 3997/3997 3247/3247
f 3967/3967 3916/3916 3915/3915
f 3929/3929 3991/3991 3249/3249
f 3264/3264 3921/3921 3918/3918
f 3918/3918 3921/3921 3917/3917
f 3920/3920 3915/3915 3922/3922
f 3219/3219 3923/3923 3924/3924
f 3939/3939 3247/3247 3938/3938
f 3934/3934 3935/3935 3936/3936
f 3932/3932 3249/3249 3930/3930
f 3248/3248 3941/3941 3930/3930
f 3941/3941 3248/3248 3939/3939
f 3241/3241 3944/3944 3947/3947
f 3952/3952 3953/3953 3240/3240
f 3951/3951 3948/3948 3950/3950
f 3230/3230 3901/3901 3920/3920
f 3912/3912 3958/3958 3913/3913
f 3960/3960 3904/3904 3903/3903
f 3907/3907 3963/3963 3906/3906
f 3916/3916 3969/3969 3917/3917
f 3338/3338 3396/3396 3279/3279
f 3242/3242 3945/3945 3894/3894
f 3250/3250 3994/3994 3928/3928
f 4004/4004 3935/3935 3934/3934
f 4015/4015 3950/3950 3949/3949
f 3950/3950 4017/4017 3951/3951
f 3236/3236 3389/3389 3390/3390
f 3214/3214 3891/3891 3357/3357
f 3410/3410 3218/3218 3364/3364
f 3393/3393 3394/3394 3395/3395
f 3388/3388 3423/3423 3424/3424
f 3372/3372 3373/3373 3366/3366
f 3402/3402 3349/3349 3353/3353
f 3361/3361 3406/3406 3356/3356
f 3342/3342 3345/3345 3343/3343
f 3364/3364 3409/3409 3311/3311
f 3370/3370 3309/3309 3322/3322
f 3404/3404 3299/3299 3295/3295
f 3397/3397 3288/3288 3289/3289
f 3925/3925 3980/3980 3253/3253
f 3395/3395 3394/3394 3277/3277
f 3395/3395 3278/3278 3279/3279
f 3404/3404 3403/3403 3294/3294
f 3354/3354 3286/3286 3287/3287
f 3399/3399 3290/3290 3283/3283
f 3956/3956 3912/3912 3266/3266
f 3361/3361 3360/3360 3296/3296
f 3412/3412 3411/3411 3313/3313
f 3417/3417 3416/3416 3318/3318
f 3423/3423 3336/3336 3337/3337
f 3943/3943 3347/3347 3400/3400
f 3380/3380 3379/3379 3427/3427
f 3219/3219 3924/3924 3365/3365
f 3391/3391 3422/3422 3423/3423
f 3945/3945 3397/3397 3398/3398
f 3216/3216 3303/3303 3362/3362
f 3224/3224 3223/3223 3415/3415
f 3225/3225 3224/3224 3416/3416
f 3231/3231 3387/3387 3391/3391
f 3239/3239 4014/4014 3238/3238
f 3944/3944 4010/4010 3946/3946
f 3999/3999 3937/3937 3245/3245
f 3252/3252 3993/3993 3926/3926
f 3988/3988 3926/3926 3251/3251
f 3996/3996 3248/3248 3930/3930
f 3970/3970 3263/3263 3987/3987
f 3352/3352 3292/3292 3401/3401
f 3406/3406 3361/3361 3297/3297
f 3261/3261 3973/3973 3260/3260
f 3363/3363 3407/3407 3302/3302
f 3940/3940 3936/3936 3245/3245
f 3891/3891 3939/3939 3892/3892
f 3943/3943 3243/3243 3894/3894
f 3253/3253 3981/3981 3252/3252
f 3892/3892 3939/3939 3938/3938
f 3927/3927 3216/3216 3217/3217
f 3969/3969 3918/3918 3917/3917
f 3965/3965 3914/3914 3901/3901
f 3260/3260 3974/3974 3259/3259
f 3923/3923 3979/3979 3254/3254
f 3936/3936 3999/3999 3245/3245
f 3928/3928 3995/3995 3929/3929
f 3380/3380 3385/3385 3379/3379
f 3945/3945 3398/3398 3894/3894
f 3897/3897 3231/3231 3232/3232
f 3397/3397 3289/3289 3398/3398
f 3341/3341 3274/3274 3275/3275
f 3406/3406 3297/3297 3301/3301
f 3303/3303 3409/3409 3362/3362
f 3360/3360 3300/3300 3296/3296
f 3308/3308 3369/3369 3304/3304
f 3305/3305 3369/3369 3420/3420
f 3229/3229 3420/3420 3421/3421
f 3418/3418 3321/3321 3419/3419
f 3411/3411 3307/3307 3313/3313
f 3415/3415 3316/3316 3317/3317
f 3410/3410 3306/3306 3312/3312
f 3373/3373 3325/3325 3374/3374
f 3372/3372 3322/3322 3323/3323
f 3423/3423 3337/3337 3424/3424
f 3353/3353 3355/3355 3402/3402
f 3945/3945 3344/3344 3397/3397
f 3349/3349 3403/3403 3351/3351
f 3219/3219 3365/3365 3411/3411
f 3369/3369 3370/3370 3420/3420
f 3380/3380 3427/3427 3426/3426
f 3378/3378 3426/3426 3425/3425
f 3901/3901 3897/3897 3266/3266
f 3393/3393 3395/3395 3895/3895
f 3388/3388 3424/3424 3386/3386
f 3375/3375 3422/3422 3387/3387
f 3387/3387 3368/3368 3374/3374
f 3224/3224 3415/3415 3416/3416
f 3222/3222 3413/3413 3414/3414
f 3359/3359 3357/3357 3891/3891
f 3404/3404 3359/3359 3348/3348
f 3387/3387 3230/3230 3368/3368
f 3381/3381 3328/3328 3327/3327
f 3384/3384 3329/3329 3330/3330
f 3220/3220 3411/3411 3412/3412
f 3407/3407 3216/3216 3358/3358
f 3891/3891 3350/3350 3348/3348
f 3215/3215 3356/3356 3358/3358
f 3361/3361 3296/3296 3297/3297
f 3353/3353 3292/3292 3285/3285
f 3338/3338 3279/3279 3272/3272
f 3402/3402 3294/3294 3403/3403
f 3986/3986 3263/3263 3227/3227
f 3894/3894 3398/3398 3399/3399
f 3896/3896 3234/3234 3235/3235
f 3900/3900 3232/3232 3233/3233
f 3342/3342 3276/3276 3280/3280
f 3398/3398 3290/3290 3399/3399
f 3346/3346 3281/3281 3282/3282
f 3405/3405 3295/3295 3300/3300
f 3417/3417 3320/3320 3418/3418
f 3414/3414 3315/3315 3316/3316
f 3417/3417 3318/3318 3319/3319
f 3383/3383 3327/3327 3329/3329
f 3372/3372 3324/3324 3373/3373
f 3376/3376 3335/3335 3422/3422
f 3397/3397 3344/3344 3346/3346
f 3348/3348 3350/3350 3404/3404
f 3405/3405 3361/3361 3356/3356
f 3406/3406 3358/3358 3356/3356
f 3366/3366 3421/3421 3367/3367
f 3917/3917 3921/3921 3922/3922
f 3901/3901 3914/3914 3920/3920
f 3911/3911 3269/3269 3910/3910
f 3900/3900 3268/3268 3267/3267
f 3270/3270 3910/3910 3269/3269
f 3239/3239 3393/3393 3895/3895
f 3908/3908 3903/3903 3904/3904
f 3398/3398 3289/3289 3290/3290
f 3346/3346 3345/3345 3281/3281
f 3395/3395 3277/3277 3278/3278
f 3892/3892 3349/3349 3351/3351
f 3233/3233 3386/3386 3234/3234
f 3232/3232 3388/3388 3233/3233
f 3230/3230 3229/3229 3421/3421
f 3401/3401 3353/3353 3349/3349
f 3220/3220 3255/3255 3219/3219
f 3895/3895 3395/3395 3396/3396
f 3226/3226 3419/3419 3227/3227
f 3943/3943 3399/3399 3347/3347
f 3391/3391 3423/3423 3388/3388
f 3387/3387 3422/3422 3391/3391
f 3378/3378 3384/3384 3380/3380
f 3920/3920 3922/3922 3265/3265
f 3346/3346 3282/3282 3288/3288
f 3387/3387 3231/3231 3230/3230
f 3925/3925 3927/3927 3217/3217
f 3636/3636 3634/3634 3435/3435
f 3523/3523 3524/3524 3499/3499
f 3429/3429 3563/3563 3467/3467
f 3533/3533 3532/3532 3481/3481
f 3524/3524 3523/3523 3582/3582
f 3543/3543 3487/3487 3544/3544
f 3552/3552 3550/3550 3492/3492
f 3556/3556 3554/3554 3516/3516
f 3442/3442 3534/3534 3505/3505
f 3444/3444 3541/3541 3508/3508
f 3436/3436 3502/3502 3503/3503
f 3502/3502 3531/3531 3532/3532
f 3514/3514 3513/3513 3548/3548
f 3511/3511 3510/3510 3545/3545
f 3551/3551 3458/3458 3549/3549
f 3497/3497 3476/3476 3521/3521
f 3521/3521 3498/3498 3519/3519
f 3517/3517 3516/3516 3555/3555
f 3667/3667 3601/3601 3572/3572
f 3628/3628 3565/3565 3564/3564
f 3591/3591 3590/3590 3645/3645
f 3631/3631 3583/3583 3582/3582
f 3631/3631 3630/3630 3606/3606
f 3431/3431 3458/3458 3551/3551
f 3662/3662 3598/3598 3597/3597
f 3592/3592 3591/3591 3647/3647
f 3664/3664 3599/3599 3598/3598
f 3668/3668 3602/3602 3601/3601
f 3646/3646 3613/3613 3612/3612
f 3672/3672 3626/3626 3625/3625
f 3663/3663 3621/3621 3620/3620
f 3607/3607 3606/3606 3632/3632
f 3494/3494 3473/3473 3572/3572
f 3611/3611 3610/3610 3640/3640
f 3539/3539 3648/3648 3646/3646
f 3481/3481 3480/3480 3587/3587
f 3466/3466 3470/3470 3468/3468
f 3465/3465 3472/3472 3466/3466
f 3429/3429 3467/3467 3471/3471
f 3468/3468 3520/3520 3498/3498
f 3522/3522 3499/3499 3525/3525
f 3499/3499 3479/3479 3523/3523
f 3672/3672 3461/3461 3463/3463
f 3460/3460 3554/3554 3556/3556
f 3564/3564 3476/3476 3577/3577
f 3626/3626 3673/3673 3671/3671
f 3625/3625 3671/3671 3668/3668
f 3455/3455 3457/3457 3663/3663
f 3621/3621 3664/3664 3662/3662
f 3619/3619 3659/3659 3657/3657
f 3545/3545 3489/3489 3546/3546
f 3617/3617 3655/3655 3653/3653
f 3452/3452 3658/3658 3656/3656
f 3445/3445 3652/3652 3650/3650
f 3608/3608 3637/3637 3635/3635
f 3618/3618 3657/3657 3655/3655
f 3494/3494 3601/3601 3602/3602
f 3636/3636 3608/3608 3607/3607
f 3618/3618 3617/3617 3654/3654
f 3574/3574 3573/3573 3622/3622
f 3666/3666 3600/3600 3599/3599
f 3584/3584 3583/3583 3631/3631
f 3643/3643 3589/3589 3588/3588
f 3564/3564 3565/3565 3571/3571
f 3627/3627 3566/3566 3567/3567
f 3458/3458 3456/3456 3549/3549
f 3507/3507 3540/3540 3543/3543
f 3501/3501 3500/3500 3527/3527
f 3438/3438 3503/3503 3504/3504
f 3447/3447 3510/3510 3511/3511
f 3519/3519 3498/3498 3520/3520
f 3543/3543 3486/3486 3487/3487
f 3555/3555 3475/3475 3473/3473
f 3546/3546 3489/3489 3490/3490
f 3466/3466 3468/3468 3498/3498
f 3641/3641 3639/3639 3609/3609
f 3656/3656 3654/3654 3446/3446
f 3468/3468 3470/3470 3471/3471
f 3523/3523 3479/3479 3578/3578
f 3537/3537 3484/3484 3485/3485
f 3540/3540 3485/3485 3486/3486
f 3559/3559 3558/3558 3495/3495
f 3477/3477 3450/3450 3512/3512
f 3538/3538 3442/3442 3506/3506
f 3525/3525 3499/3499 3500/3500
f 3513/3513 3512/3512 3547/3547
f 3505/3505 3504/3504 3533/3533
f 3520/3520 3433/3433 3464/3464
f 3428/3428 3570/3570 3566/3566
f 3575/3575 3623/3623 3573/3573
f 3587/3587 3586/3586 3637/3637
f 3596/3596 3595/3595 3655/3655
f 3604/3604 3603/3603 3671/3671
f 3660/3660 3620/3620 3619/3619
f 3644/3644 3612/3612 3611/3611
f 3496/3496 3495/3495 3602/3602
f 3488/3488 3487/3487 3594/3594
f 3492/3492 3491/3491 3598/3598
f 3484/3484 3483/3483 3590/3590
f 3532/3532 3480/3480 3481/3481
f 3560/3560 3557/3557 3518/3518
f 3512/3512 3546/3546 3547/3547
f 3530/3530 3586/3586 3480/3480
f 3650/3650 3648/3648 3539/3539
f 3558/3558 3494/3494 3495/3495
f 3548/3548 3490/3490 3491/3491
f 3552/3552 3492/3492 3493/3493
f 3560/3560 3518/3518 3519/3519
f 3553/3553 3515/3515 3474/3474
f 3519/3519 3520/3520 3560/3560
f 3639/3639 3637/3637 3608/3608
f 3635/3635 3633/3633 3606/3606
f 3535/3535 3644/3644 3642/3642
f 3489/3489 3488/3488 3595/3595
f 3481/3481 3588/3588 3589/3589
f 3447/3447 3511/3511 3449/3449
f 3538/3538 3506/3506 3507/3507
f 3449/3449 3512/3512 3450/3450
f 3525/3525 3500/3500 3434/3434
f 3515/3515 3550/3550 3552/3552
f 3499/3499 3527/3527 3500/3500
f 3513/3513 3547/3547 3548/3548
f 3474/3474 3552/3552 3475/3475
f 3550/3550 3548/3548 3491/3491
f 3605/3605 3565/3565 3628/3628
f 3428/3428 3566/3566 3562/3562
f 3623/3623 3576/3576 3573/3573
f 3579/3579 3581/3581 3578/3578
f 3631/3631 3582/3582 3630/3630
f 3641/3641 3587/3587 3639/3639
f 3592/3592 3647/3647 3649/3649
f 3596/3596 3655/3655 3657/3657
f 3671/3671 3602/3602 3668/3668
f 3619/3619 3656/3656 3658/3658
f 3665/3665 3621/3621 3663/3663
f 3611/3611 3640/3640 3642/3642
f 3494/3494 3572/3572 3601/3601
f 3494/3494 3602/3602 3495/3495
f 3493/3493 3599/3599 3600/3600
f 3488/3488 3594/3594 3595/3595
f 3533/3533 3483/3483 3536/3536
f 3447/3447 3509/3509 3510/3510
f 3483/3483 3589/3589 3590/3590
f 3489/3489 3597/3597 3490/3490
f 3619/3619 3657/3657 3618/3618
f 3618/3618 3655/3655 3617/3617
f 3617/3617 3653/3653 3616/3616
f 3452/3452 3656/3656 3448/3448
f 3648/3648 3613/3613 3646/3646
f 3574/3574 3622/3622 3665/3665
f 3576/3576 3600/3600 3666/3666
f 3651/3651 3614/3614 3615/3615
f 3539/3539 3646/3646 3443/3443
f 3649/3649 3613/3613 3614/3614
f 3650/3650 3539/3539 3542/3542
f 3642/3642 3439/3439 3441/3441
f 3564/3564 3571/3571 3568/3568
f 3521/3521 3519/3519 3561/3561
f 3503/3503 3533/3533 3504/3504
f 3477/3477 3549/3549 3456/3456
f 3477/3477 3456/3456 3454/3454
f 3438/3438 3504/3504 3440/3440
f 3534/3534 3504/3504 3505/3505
f 3444/3444 3508/3508 3509/3509
f 3580/3580 3522/3522 3525/3525
f 3501/3501 3531/3531 3502/3502
f 3658/3658 3452/3452 3453/3453
f 3518/3518 3558/3558 3559/3559
f 3628/3628 3564/3564 3577/3577
f 3667/3667 3572/3572 3576/3576
f 3663/3663 3661/3661 3453/3453
f 3663/3663 3453/3453 3455/3455
f 3584/3584 3631/3631 3633/3633
f 3591/3591 3645/3645 3647/3647
f 3587/3587 3637/3637 3639/3639
f 3662/3662 3597/3597 3659/3659
f 3626/3626 3627/3627 3605/3605
f 3669/3669 3623/3623 3575/3575
f 3660/3660 3619/3619 3658/3658
f 3636/3636 3607/3607 3634/3634
f 3496/3496 3604/3604 3497/3497
f 3493/3493 3572/3572 3473/3473
f 3555/3555 3473/3473 3494/3494
f 3523/3523 3578/3578 3582/3582
f 3526/3526 3585/3585 3527/3527
f 3524/3524 3582/3582 3583/3583
f 3527/3527 3586/3586 3530/3530
f 3536/3536 3484/3484 3537/3537
f 3509/3509 3543/3543 3544/3544
f 3514/3514 3548/3548 3550/3550
f 3510/3510 3544/3544 3545/3545
f 3626/3626 3671/3671 3625/3625
f 3628/3628 3626/3626 3605/3605
f 3575/3575 3430/3430 3459/3459
f 3549/3549 3513/3513 3514/3514
f 3463/3463 3627/3627 3672/3672
f 3635/3635 3606/3606 3607/3607
f 3608/3608 3635/3635 3607/3607
f 3641/3641 3609/3609 3610/3610
f 3484/3484 3592/3592 3485/3485
f 3481/3481 3587/3587 3588/3588
f 3541/3541 3507/3507 3508/3508
f 3522/3522 3479/3479 3499/3499
f 3580/3580 3579/3579 3522/3522
f 3544/3544 3488/3488 3545/3545
f 3462/3462 3557/3557 3560/3560
f 3437/3437 3638/3638 3636/3636
f 3505/3505 3533/3533 3536/3536
f 3506/3506 3536/3536 3537/3537
f 3564/3564 3465/3465 3476/3476
f 3433/3433 3520/3520 3467/3467
f 3532/3532 3531/3531 3480/3480
f 3524/3524 3583/3583 3584/3584
f 3553/3553 3551/3551 3515/3515
f 3545/3545 3488/3488 3489/3489
f 3533/3533 3482/3482 3483/3483
f 3475/3475 3552/3552 3493/3493
f 3447/3447 3444/3444 3509/3509
f 3551/3551 3549/3549 3514/3514
f 3541/3541 3538/3538 3507/3507
f 3436/3436 3528/3528 3501/3501
f 3509/3509 3508/3508 3543/3543
f 3503/3503 3532/3532 3533/3533
f 3512/3512 3511/3511 3546/3546
f 3534/3534 3440/3440 3504/3504
f 3430/3430 3574/3574 3665/3665
f 3474/3474 3515/3515 3552/3552
f 3565/3565 3567/3567 3569/3569
f 3605/3605 3567/3567 3565/3565
f 3585/3585 3584/3584 3633/3633
f 3623/3623 3667/3667 3576/3576
f 3633/3633 3631/3631 3606/3606
f 3579/3579 3629/3629 3581/3581
f 3597/3597 3596/3596 3657/3657
f 3593/3593 3592/3592 3649/3649
f 3590/3590 3589/3589 3643/3643
f 3576/3576 3572/3572 3600/3600
f 3654/3654 3617/3617 3616/3616
f 3626/3626 3672/3672 3627/3627
f 3665/3665 3622/3622 3621/3621
f 3648/3648 3614/3614 3613/3613
f 3604/3604 3673/3673 3628/3628
f 3610/3610 3609/3609 3638/3638
f 3649/3649 3647/3647 3613/3613
f 3489/3489 3596/3596 3597/3597
f 3468/3468 3471/3471 3467/3467
f 3465/3465 3521/3521 3476/3476
f 3433/3433 3467/3467 3563/3563
f 3466/3466 3498/3498 3521/3521
f 3462/3462 3560/3560 3464/3464
f 3656/3656 3446/3446 3448/3448
f 3463/3463 3432/3432 3627/3627
f 3628/3628 3673/3673 3626/3626
f 3462/3462 3460/3460 3556/3556
f 3573/3573 3576/3576 3666/3666
f 3457/3457 3665/3665 3663/3663
f 3624/3624 3668/3668 3667/3667
f 3622/3622 3666/3666 3664/3664
f 3620/3620 3662/3662 3659/3659
f 3616/3616 3653/3653 3651/3651
f 3446/3446 3654/3654 3652/3652
f 3651/3651 3649/3649 3614/3614
f 3672/3672 3670/3670 3461/3461
f 3546/3546 3490/3490 3547/3547
f 3490/3490 3597/3597 3598/3598
f 3638/3638 3609/3609 3608/3608
f 3619/3619 3618/3618 3656/3656
f 3652/3652 3616/3616 3615/3615
f 3669/3669 3624/3624 3623/3623
f 3578/3578 3581/3581 3630/3630
f 3641/3641 3588/3588 3587/3587
f 3566/3566 3627/3627 3432/3432
f 3606/3606 3581/3581 3629/3629
f 3515/3515 3514/3514 3550/3550
f 3506/3506 3537/3537 3540/3540
f 3510/3510 3509/3509 3544/3544
f 3501/3501 3530/3530 3531/3531
f 3449/3449 3511/3511 3512/3512
f 3559/3559 3496/3496 3497/3497
f 3544/3544 3487/3487 3488/3488
f 3516/3516 3474/3474 3475/3475
f 3613/3613 3647/3647 3645/3645
f 3468/3468 3467/3467 3520/3520
f 3524/3524 3526/3526 3499/3499
f 3465/3465 3469/3469 3472/3472
f 3466/3466 3472/3472 3470/3470
f 3479/3479 3522/3522 3579/3579
f 3660/3660 3658/3658 3453/3453
f 3536/3536 3483/3483 3484/3484
f 3558/3558 3555/3555 3494/3494
f 3549/3549 3477/3477 3513/3513
f 3528/3528 3434/3434 3500/3500
f 3506/3506 3505/3505 3536/3536
f 3519/3519 3518/3518 3559/3559
f 3478/3478 3454/3454 3451/3451
f 3469/3469 3465/3465 3564/3564
f 3567/3567 3566/3566 3570/3570
f 3586/3586 3585/3585 3635/3635
f 3595/3595 3594/3594 3653/3653
f 3594/3594 3593/3593 3651/3651
f 3671/3671 3603/3603 3602/3602
f 3650/3650 3615/3615 3614/3614
f 3496/3496 3603/3603 3604/3604
f 3493/3493 3600/3600 3572/3572
f 3486/3486 3593/3593 3594/3594
f 3484/3484 3591/3591 3592/3592
f 3483/3483 3482/3482 3589/3589
f 3580/3580 3632/3632 3629/3629
f 3519/3519 3559/3559 3561/3561
f 3527/3527 3585/3585 3586/3586
f 3646/3646 3644/3644 3535/3535
f 3526/3526 3584/3584 3585/3585
f 3475/3475 3493/3493 3473/3473
f 3559/3559 3497/3497 3561/3561
f 3550/3550 3491/3491 3492/3492
f 3642/3642 3640/3640 3439/3439
f 3559/3559 3495/3495 3496/3496
f 3556/3556 3516/3516 3517/3517
f 3640/3640 3638/3638 3437/3437
f 3612/3612 3645/3645 3643/3643
f 3643/3643 3641/3641 3610/3610
f 3476/3476 3497/3497 3604/3604
f 3493/3493 3492/3492 3599/3599
f 3485/3485 3592/3592 3593/3593
f 3580/3580 3629/3629 3579/3579
f 3639/3639 3608/3608 3609/3609
f 3436/3436 3501/3501 3502/3502
f 3430/3430 3665/3665 3457/3457
f 3506/3506 3540/3540 3507/3507
f 3630/3630 3581/3581 3606/3606
f 3566/3566 3432/3432 3562/3562
f 3606/3606 3629/3629 3632/3632
f 3548/3548 3547/3547 3490/3490
f 3565/3565 3569/3569 3571/3571
f 3621/3621 3662/3662 3620/3620
f 3431/3431 3551/3551 3553/3553
f 3578/3578 3630/3630 3582/3582
f 3586/3586 3635/3635 3637/3637
f 3590/3590 3643/3643 3645/3645
f 3595/3595 3653/3653 3655/3655
f 3594/3594 3651/3651 3653/3653
f 3668/3668 3601/3601 3667/3667
f 3644/3644 3611/3611 3642/3642
f 3618/3618 3654/3654 3656/3656
f 3646/3646 3612/3612 3644/3644
f 3607/3607 3632/3632 3634/3634
f 3496/3496 3602/3602 3603/3603
f 3489/3489 3595/3595 3596/3596
f 3486/3486 3594/3594 3487/3487
f 3533/3533 3481/3481 3482/3482
f 3476/3476 3604/3604 3577/3577
f 3484/3484 3590/3590 3591/3591
f 3490/3490 3598/3598 3491/3491
f 3492/3492 3598/3598 3599/3599
f 3446/3446 3652/3652 3445/3445
f 3616/3616 3651/3651 3615/3615
f 3652/3652 3615/3615 3650/3650
f 3650/3650 3614/3614 3648/3648
f 3672/3672 3625/3625 3670/3670
f 3666/3666 3599/3599 3664/3664
f 3664/3664 3598/3598 3662/3662
f 3445/3445 3650/3650 3542/3542
f 3612/3612 3643/3643 3611/3611
f 3646/3646 3535/3535 3443/3443
f 3613/3613 3645/3645 3612/3612
f 3469/3469 3564/3564 3568/3568
f 3520/3520 3464/3464 3560/3560
f 3502/3502 3532/3532 3503/3503
f 3511/3511 3545/3545 3546/3546
f 3442/3442 3505/3505 3506/3506
f 3640/3640 3437/3437 3439/3439
f 3497/3497 3521/3521 3561/3561
f 3528/3528 3500/3500 3501/3501
f 3501/3501 3527/3527 3530/3530
f 3431/3431 3554/3554 3460/3460
f 3517/3517 3555/3555 3558/3558
f 3627/3627 3567/3567 3605/3605
f 3567/3567 3570/3570 3569/3569
f 3585/3585 3633/3633 3635/3635
f 3643/3643 3588/3588 3641/3641
f 3597/3597 3657/3657 3659/3659
f 3593/3593 3649/3649 3651/3651
f 3604/3604 3671/3671 3673/3673
f 3663/3663 3620/3620 3660/3660
f 3654/3654 3616/3616 3652/3652
f 3610/3610 3638/3638 3640/3640
f 3638/3638 3608/3608 3636/3636
f 3604/3604 3628/3628 3577/3577
f 3516/3516 3475/3475 3555/3555
f 3554/3554 3474/3474 3516/3516
f 3479/3479 3579/3579 3578/3578
f 3530/3530 3480/3480 3531/3531
f 3524/3524 3584/3584 3526/3526
f 3540/3540 3486/3486 3543/3543
f 3537/3537 3485/3485 3540/3540
f 3459/3459 3461/3461 3670/3670
f 3575/3575 3459/3459 3670/3670
f 3507/3507 3543/3543 3508/3508
f 3643/3643 3610/3610 3611/3611
f 3573/3573 3666/3666 3622/3622
f 3624/3624 3667/3667 3623/3623
f 3622/3622 3664/3664 3621/3621
f 3535/3535 3642/3642 3441/3441
f 3477/3477 3512/3512 3513/3513
f 3636/3636 3435/3435 3529/3529
f 3620/3620 3659/3659 3619/3619
f 3437/3437 3636/3636 3529/3529
f 3480/3480 3586/3586 3587/3587
f 3481/3481 3589/3589 3482/3482
f 3485/3485 3593/3593 3486/3486
f 3436/3436 3503/3503 3438/3438
f 3465/3465 3466/3466 3521/3521
f 3499/3499 3526/3526 3527/3527
f 3551/3551 3514/3514 3515/3515
f 3691/3691 4362/4362 3690/3690
f 3823/3823 3825/3825 3860/3860
f 3677/3677 3742/3742 3676/3676
f 4377/4377 3706/3706 4376/4376
f 3825/3825 3861/3861 3860/3860
f 3853/3853 3854/3854 3811/3811
f 3878/3878 3816/3816 3818/3818
f 3833/3833 4166/4166 3835/3835
f 3722/3722 4342/4342 3721/3721
f 4346/4346 3716/3716 3717/3717
f 4353/4353 3702/3702 3703/3703
f 4071/4071 4122/4122 4123/4123
f 4119/4119 3882/3882 3883/3883
f 3845/3845 3869/3869 4023/4023
f 4374/4374 3791/3791 4373/4373
f 3801/3801 3753/3753 3751/3751
f 3863/3863 3864/3864 3832/3832
f 4045/4045 4043/4043 4107/4107
f 4103/4103 4073/4073 4074/4074
f 4125/4125 4025/4025 4082/4082
f 3827/3827 3862/3862 3861/3861
f 4146/4146 3812/3812 3810/3810
f 4168/4168 3839/3839 3837/3837
f 4360/4360 3685/3685 3755/3755
f 4130/4130 4052/4052 4089/4089
f 3821/3821 3859/3859 3858/3858
f 4092/4092 4058/4058 4093/4093
f 4062/4062 4097/4097 4065/4065
f 4049/4049 4110/4110 4131/4131
f 4110/4110 4109/4109 3873/3873
f 3827/3827 3829/3829 3862/3862
f 4098/4098 4067/4067 4068/4068
f 3794/3794 4334/4334 4333/4333
f 4094/4094 4059/4059 4060/4060
f 4075/4075 4104/4104 4169/4169
f 4383/4383 4348/4348 4347/4347
f 3777/3777 3770/3770 3776/3776
f 4355/4355 3759/3759 3760/3760
f 3680/3680 4365/4365 3679/3679
f 3781/3781 3786/3786 3785/3785
f 3825/3825 3827/3827 3861/3861
f 4387/4387 3767/3767 4386/4386
f 3756/3756 4358/4358 3752/3752
f 3744/3744 3743/3743 3746/3746
f 3799/3799 4359/4359 3800/3800
f 3856/3856 3817/3817 3819/3819
f 4116/4116 3880/3880 3881/3881
f 3780/3780 3734/3734 3735/3735
f 3858/3858 3859/3859 3822/3822
f 3833/3833 4164/4164 4166/4166
f 4074/4074 4073/4073 4124/4124
f 4159/4159 4095/4095 4096/4096
f 3786/3786 3733/3733 3729/3729
f 4348/4348 3714/3714 3715/3715
f 3867/3867 3868/3868 3840/3840
f 4126/4126 4151/4151 4149/4149
f 4126/4126 4149/4149 4055/4055
f 3848/3848 3870/3870 4037/4037
f 4024/4024 4082/4082 4025/4025
f 4165/4165 4163/4163 4100/4100
f 4038/4038 4171/4171 3848/3848
f 4095/4095 4061/4061 4096/4096
f 4143/4143 4047/4047 4145/4145
f 3826/3826 3862/3862 3828/3828
f 4068/4068 4120/4120 4121/4121
f 4088/4088 4129/4129 4130/4130
f 3736/3736 3780/3780 3735/3735
f 3889/3889 3838/3838 3840/3840
f 4157/4157 4160/4160 3823/3823
f 3696/3696 4356/4356 3700/3700
f 4343/4343 3719/3719 3720/3720
f 4160/4160 4063/4063 3825/3825
f 3839/3839 4076/4076 4170/4170
f 4336/4336 3796/3796 3790/3790
f 4080/4080 4078/4078 4020/4020
f 4338/4338 3779/3779 3780/3780
f 4140/4140 3803/3803 3848/3848
f 3727/3727 3778/3778 3726/3726
f 4334/4334 3782/3782 3784/3784
f 3765/3765 4388/4388 3704/3704
f 4105/4105 4077/4077 4078/4078
f 4123/4123 4122/4122 3886/3886
f 3835/3835 4166/4166 4168/4168
f 3788/3788 3730/3730 3731/3731
f 3769/3769 3713/3713 3708/3708
f 3803/3803 3806/3806 3851/3851
f 3836/3836 3866/3866 3867/3867
f 3868/3868 3841/3841 3843/3843
f 3690/3690 4363/4363 3689/3689
f 3674/3674 3739/3739 5347/5347
f 4026/4026 3845/3845 4023/4023
f 4138/4138 4083/4083 4106/4106
f 3852/3852 4028/4028 3808/3808
f 4071/4071 4121/4121 4122/4122
f 3826/3826 3861/3861 3862/3862
f 4068/4068 4067/4067 4120/4120
f 4107/4107 4043/4043 4083/4083
f 4070/4070 4164/4164 3833/3833
f 3865/3865 3835/3835 3837/3837
f 3795/3795 4373/4373 3791/3791
f 4381/4381 4346/4346 4345/4345
f 4077/4077 3889/3889 3890/3890
f 4167/4167 4102/4102 4103/4103
f 3769/3769 4386/4386 4350/4350
f 4055/4055 4091/4091 4126/4126
f 4174/4174 4145/4145 4051/4051
f 4088/4088 4049/4049 4129/4129
f 3832/3832 3834/3834 3887/3887
f 4085/4085 4043/4043 4045/4045
f 3747/3747 3744/3744 3745/3745
f 4120/4120 3883/3883 3884/3884
f 4123/4123 3887/3887 3888/3888
f 4172/4172 4137/4137 4084/4084
f 4098/4098 4068/4068 4099/4099
f 3832/3832 3864/3864 3865/3865
f 4342/4342 4379/4379 4343/4343
f 4350/4350 3707/3707 3713/3713
f 3880/3880 3820/3820 3822/3822
f 3726/3726 3777/3777 3725/3725
f 3682/3682 3743/3743 3681/3681
f 4047/4047 4086/4086 4088/4088
f 3809/3809 3811/3811 3876/3876
f 4024/4024 4025/4025 3846/3846
f 3784/3784 3789/3789 3783/3783
f 3821/3821 3823/3823 3859/3859
f 3862/3862 3830/3830 3828/3828
f 3739/3739 3680/3680 5347/5347
f 3834/3834 3888/3888 3887/3887
f 3824/3824 3861/3861 3826/3826
f 4031/4031 3809/3809 4028/4028
f 4136/4136 4137/4137 4133/4133
f 4028/4028 3875/3875 4032/4032
f 3870/3870 4039/4039 4037/4037
f 4129/4129 4111/4111 4052/4052
f 4066/4066 4162/4162 3829/3829
f 4115/4115 4114/4114 3878/3878
f 4077/4077 4074/4074 3889/3889
f 4103/4103 4074/4074 4077/4077
f 4086/4086 4046/4046 4049/4049
f 3890/3890 3840/3840 3842/3842
f 4031/4031 3853/3853 3809/3809
f 3792/3792 4372/4372 3795/3795
f 4351/4351 3711/3711 3712/3712
f 4339/4339 4374/4374 4375/4375
f 4064/4064 4061/4061 4118/4118
f 4101/4101 4100/4100 4071/4071
f 4069/4069 4099/4099 4100/4100
f 3817/3817 4150/4150 4154/4154
f 3725/3725 3776/3776 3724/3724
f 3849/3849 3870/3870 3848/3848
f 3823/3823 3860/3860 3859/3859
f 3856/3856 3819/3819 3857/3857
f 3888/3888 3836/3836 3838/3838
f 3705/3705 3709/3709 3773/3773
f 3839/3839 3841/3841 3868/3868
f 4046/4046 4110/4110 4049/4049
f 3704/3704 3766/3766 4352/4352
f 3814/3814 4150/4150 3817/3817
f 4024/4024 3846/3846 3843/3843
f 4108/4108 3872/3872 3873/3873
f 3738/3738 4337/4337 3737/3737
f 4351/4351 3704/3704 4352/4352
f 3829/3829 3831/3831 3863/3863
f 4345/4345 3717/3717 3718/3718
f 4111/4111 4032/4032 3875/3875
f 4120/4120 3884/3884 3885/3885
f 3787/3787 3728/3728 3730/3730
f 4078/4078 3890/3890 4020/4020
f 4138/4138 4134/4134 4132/4132
f 4094/4094 4060/4060 4095/4095
f 3779/3779 3727/3727 3734/3734
f 3847/3847 3849/3849 3802/3802
f 3849/3849 3848/3848 3803/3803
f 4115/4115 3878/3878 3879/3879
f 4173/4173 3810/3810 4029/4029
f 4080/4080 4020/4020 4021/4021
f 3805/3805 3852/3852 3850/3850
f 3824/3824 3860/3860 3861/3861
f 4062/4062 4096/4096 4097/4097
f 4084/4084 4044/4044 4141/4141
f 3792/3792 4336/4336 3790/3790
f 3793/3793 4335/4335 4334/4334
f 4108/4108 3871/3871 3872/3872
f 4037/4037 4034/4034 4038/4038
f 3804/3804 3873/3873 3872/3872
f 4135/4135 4040/4040 4139/4139
f 4139/4139 4083/4083 4138/4138
f 4056/4056 4114/4114 4057/4057
f 4128/4128 3871/3871 4107/4107
f 4038/4038 4041/4041 4171/4171
f 4111/4111 3875/3875 3876/3876
f 4072/4072 4124/4124 4073/4073
f 3742/3742 3675/3675 3676/3676
f 4111/4111 3876/3876 4112/4112
f 3753/3753 4357/4357 4356/4356
f 4040/4040 4128/4128 4139/4139
f 4060/4060 4059/4059 4116/4116
f 4055/4055 4090/4090 4091/4091
f 4053/4053 4089/4089 4090/4090
f 4379/4379 4344/4344 4343/4343
f 4174/4174 4050/4050 4053/4053
f 4386/4386 3767/3767 4350/4350
f 4118/4118 3881/3881 3882/3882
f 4097/4097 4096/4096 4061/4061
f 4360/4360 3749/3749 3750/3750
f 3693/3693 3755/3755 3685/3685
f 3857/3857 3819/3819 3821/3821
f 3885/3885 3830/3830 3832/3832
f 3772/3772 3777/3777 3778/3778
f 3694/3694 3758/3758 3688/3688
f 4382/4382 4347/4347 4346/4346
f 3881/3881 3824/3824 3882/3882
f 4045/4045 4108/4108 4109/4109
f 4030/4030 3806/3806 4144/4144
f 4374/4374 4339/4339 3772/3772
f 4362/4362 3747/3747 4363/4363
f 3723/3723 3774/3774 3710/3710
f 3863/3863 3832/3832 3830/3830
f 3854/3854 3855/3855 3813/3813
f 3766/3766 3703/3703 3699/3699
f 4039/4039 4033/4033 4035/4035
f 4115/4115 3879/3879 3880/3880
f 4173/4173 4146/4146 3810/3810
f 3721/3721 4343/4343 3720/3720
f 3675/3675 3740/3740 3674/3674
f 3795/3795 4337/4337 3792/3792
f 4139/4139 4132/4132 4135/4135
f 4136/4136 4084/4084 4137/4137
f 4140/4140 3848/3848 4171/4171
f 3837/3837 3867/3867 3866/3866
f 4143/4143 4044/4044 4048/4048
f 4157/4157 3823/3823 3821/3821
f 4039/4039 4035/4035 4037/4037
f 3885/3885 3832/3832 3886/3886
f 3871/3871 3847/3847 3802/3802
f 4098/4098 4064/4064 4067/4067
f 4103/4103 4102/4102 4073/4073
f 3804/3804 3807/3807 3873/3873
f 3856/3856 3857/3857 3818/3818
f 3814/3814 3817/3817 3856/3856
f 4059/4059 4115/4115 4116/4116
f 4030/4030 4144/4144 4173/4173
f 4108/4108 4107/4107 3871/3871
f 4067/4067 4064/4064 4119/4119
f 3787/3787 3782/3782 3785/3785
f 4385/4385 3769/3769 4349/4349
f 3688/3688 3757/3757 3687/3687
f 3785/3785 3782/3782 3781/3781
f 4358/4358 3756/3756 3758/3758
f 3767/3767 3712/3712 3707/3707
f 3692/3692 3750/3750 3684/3684
f 3810/3810 3812/3812 3854/3854
f 3762/3762 3801/3801 3751/3751
f 4089/4089 4054/4054 4090/4090
f 3737/3737 4338/4338 3736/3736
f 4110/4110 3874/3874 4032/4032
f 4121/4121 3885/3885 3886/3886
f 4028/4028 3809/3809 3875/3875
f 4087/4087 4045/4045 4046/4046
f 4344/4344 3718/3718 3719/3719
f 3813/3813 3816/3816 3878/3878
f 4357/4357 3752/3752 4358/4358
f 3837/3837 3839/3839 3867/3867
f 4125/4125 4026/4026 4025/4025
f 3834/3834 3865/3865 3866/3866
f 4083/4083 4043/4043 4085/4085
f 3808/3808 4028/4028 4032/4032
f 4071/4071 4068/4068 4121/4121
f 4058/4058 4057/4057 4114/4114
f 4139/4139 4128/4128 4083/4083
f 3757/3757 3686/3686 3687/3687
f 3850/3850 3808/3808 3807/3807
f 3832/3832 3865/3865 3834/3834
f 3807/3807 3808/3808 3874/3874
f 3869/3869 3843/3843 3846/3846
f 4114/4114 4113/4113 3877/3877
f 3776/3776 3723/3723 3724/3724
f 4135/4135 4036/4036 4040/4040
f 3850/3850 3852/3852 3808/3808
f 4365/4365 4211/4211 4366/4366
f 3805/3805 4030/4030 3852/3852
f 4333/4333 3784/3784 3783/3783
f 3859/3859 3860/3860 3824/3824
f 3759/3759 3764/3764 4354/4354
f 3776/3776 3770/3770 3775/3775
f 4388/4388 4353/4353 3704/3704
f 3785/3785 3729/3729 3728/3728
f 3790/3790 4371/4371 3792/3792
f 4075/4075 4103/4103 4104/4104
f 4390/4390 3760/3760 3759/3759
f 3684/3684 4361/4361 3691/3691
f 3831/3831 3833/3833 3864/3864
f 3829/3829 4070/4070 3831/3831
f 3732/3732 3788/3788 3731/3731
f 4340/4340 3771/3771 4339/4339
f 4060/4060 4116/4116 4117/4117
f 4143/4143 4141/4141 4044/4044
f 4025/4025 4023/4023 3846/3846
f 3878/3878 3818/3818 3879/3879
f 4158/4158 4095/4095 4159/4159
f 3884/3884 3828/3828 3830/3830
f 4102/4102 4101/4101 4072/4072
f 4037/4037 4035/4035 4034/4034
f 4168/4168 4076/4076 3839/3839
f 3793/3793 4369/4369 3796/3796
f 4375/4375 4340/4340 4339/4339
f 3855/3855 3816/3816 3813/3813
f 4121/4121 3886/3886 4122/4122
f 4127/4127 4153/4153 4151/4151
f 4085/4085 4045/4045 4087/4087
f 3889/3889 3840/3840 3890/3890
f 3796/3796 3781/3781 4335/4335
f 3829/3829 4162/4162 4070/4070
f 3812/3812 3814/3814 3855/3855
f 3764/3764 3697/3697 3698/3698
f 4161/4161 4098/4098 4099/4099
f 4054/4054 4112/4112 4113/4113
f 4354/4354 3698/3698 3702/3702
f 4078/4078 4077/4077 3890/3890
f 3847/3847 3870/3870 3849/3849
f 3799/3799 3755/3755 4359/4359
f 3882/3882 3824/3824 3826/3826
f 4167/4167 4165/4165 4101/4101
f 3859/3859 3824/3824 3822/3822
f 4120/4120 4119/4119 3883/3883
f 4352/4352 3699/3699 3711/3711
f 3695/3695 4358/4358 3694/3694
f 3881/3881 3822/3822 3824/3824
f 3853/3853 3811/3811 3809/3809
f 4356/4356 3695/3695 3700/3700
f 4099/4099 4068/4068 4071/4071
f 3871/3871 4027/4027 3847/3847
f 4080/4080 4105/4105 4078/4078
f 4029/4029 3810/3810 3853/3853
f 3689/3689 3748/3748 3683/3683
f 3803/3803 4142/4142 3806/3806
f 4172/4172 4042/4042 4137/4137
f 3810/3810 3854/3854 3853/3853
f 3890/3890 3842/3842 4020/4020
f 3842/3842 3869/3869 3844/3844
f 4053/4053 4090/4090 4055/4055
f 4080/4080 4021/4021 4022/4022
f 4040/4040 4036/4036 4033/4033
f 4111/4111 4131/4131 4032/4032
f 4082/4082 4105/4105 4125/4125
f 4093/4093 4058/4058 4059/4059
f 4144/4144 3806/3806 4142/4142
f 3855/3855 3856/3856 3816/3816
f 4376/4376 3706/3706 4340/4340
f 3800/3800 4359/4359 3752/3752
f 3796/3796 4370/4370 3790/3790
f 4051/4051 4088/4088 4130/4130
f 3871/3871 3802/3802 3804/3804
f 4349/4349 3708/3708 3714/3714
f 3812/3812 4148/4148 4150/4150
f 3812/3812 4150/4150 3815/3815
f 3847/3847 4027/4027 4040/4040
f 4020/4020 3842/3842 3844/3844
f 3864/3864 3833/3833 3835/3835
f 4167/4167 4103/4103 4075/4075
f 4101/4101 4071/4071 4072/4072
f 4347/4347 3715/3715 3716/3716
f 4095/4095 4060/4060 4061/4061
f 3709/3709 3705/3705 3722/3722
f 4081/4081 4022/4022 4026/4026
f 3782/3782 3788/3788 3784/3784
f 3764/3764 4355/4355 3763/3763
f 4118/4118 4117/4117 3881/3881
f 4098/4098 4097/4097 4064/4064
f 3774/3774 3709/3709 3710/3710
f 3763/3763 3701/3701 3697/3697
f 3862/3862 3863/3863 3830/3830
f 4112/4112 3876/3876 3877/3877
f 4128/4128 4027/4027 3871/3871
f 4365/4365 3678/3678 3679/3679
f 4129/4129 4131/4131 4111/4111
f 4156/4156 4092/4092 4093/4093
f 4045/4045 4107/4107 4108/4108
f 3819/3819 4155/4155 4157/4157
f 3865/3865 3837/3837 3866/3866
f 4069/4069 4100/4100 4163/4163
f 3882/3882 3826/3826 3883/3883
f 4050/4050 4089/4089 4053/4053
f 4154/4154 4155/4155 3819/3819
f 4024/4024 4079/4079 4082/4082
f 4090/4090 4054/4054 4056/4056
f 3840/3840 3868/3868 3869/3869
f 4114/4114 3877/3877 3878/3878
f 3749/3749 4361/4361 3750/3750
f 3797/3797 3741/3741 3747/3747
f 4389/4389 3761/3761 4388/4388
f 4380/4380 4345/4345 4344/4344
f 3880/3880 3822/3822 3881/3881
f 4126/4126 4091/4091 4092/4092
f 4124/4124 3888/3888 3889/3889
f 3801/3801 3762/3762 3760/3760
f 3745/3745 3746/3746 3748/3748
f 4026/4026 4022/4022 3845/3845
f 3849/3849 3851/3851 3804/3804
f 3869/3869 3846/3846 4023/4023
f 4158/4158 4094/4094 4095/4095
f 3857/3857 3858/3858 3820/3820
f 3706/3706 3773/3773 4340/4340
f 4389/4389 3759/3759 3761/3761
f 3748/3748 3682/3682 3683/3683
f 3825/3825 4063/4063 4066/4066
f 3756/3756 3693/3693 3686/3686
f 4384/4384 4349/4349 4348/4348
f 4341/4341 4378/4378 4342/4342
f 4119/4119 4118/4118 3882/3882
f 4355/4355 3696/3696 3701/3701
f 3761/3761 4354/4354 4353/4353
f 3811/3811 3813/3813 3877/3877
f 3835/3835 4168/4168 3837/3837
f 3899/3899 3896/3896 3235/3235
f 3896/3896 3902/3902 3234/3234
f 3902/3902 3900/3900 3233/3233
f 3900/3900 3897/3897 3232/3232
f 3897/3897 3901/3901 3231/3231
f 3265/3265 3229/3229 3230/3230
f 3230/3230 3920/3920 3265/3265
f 3229/3229 3265/3265 3264/3264
f 3227/3227 3228/3228 3986/3986
f 3228/3228 3264/3264 3986/3986
f 3263/3263 3262/3262 3226/3226
f 3262/3262 3261/3261 3225/3225
f 3225/3225 3261/3261 3260/3260
f 3224/3224 3260/3260 3259/3259
f 3223/3223 3259/3259 3258/3258
f 3222/3222 3258/3258 3257/3257
f 3221/3221 3257/3257 3256/3256
f 3220/3220 3256/3256 3255/3255
f 3923/3923 3254/3254 3218/3218
f 3217/3217 3218/3218 3925/3925
f 3218/3218 3254/3254 3925/3925
f 3927/3927 3988/3988 3216/3216
f 3215/3215 3216/3216 3931/3931
f 3216/3216 3988/3988 3251/3251
f 3215/3215 3931/3931 3933/3933
f 3214/3214 3933/3933 3932/3932
f 3891/3891 3941/3941 3939/3939
f 3893/3893 3892/3892 3245/3245
f 3892/3892 3940/3940 3245/3245
f 3893/3893 3245/3245 3937/3937
f 3943/3943 3942/3942 3243/3243
f 3242/3242 3241/3241 3945/3945
f 3895/3895 3945/3945 3951/3951
f 3945/3945 3947/3947 3948/3948
f 3239/3239 3238/3238 3393/3393
f 3908/3908 3909/3909 3903/3903
f 3897/3897 3900/3900 3267/3267
f 3899/3899 3270/3270 3269/3269
f 3268/3268 3902/3902 3896/3896
f 3896/3896 3269/3269 3911/3911
f 3900/3900 3902/3902 3268/3268
f 3898/3898 3271/3271 3270/3270
f 3910/3910 3908/3908 3904/3904
f 3911/3911 3907/3907 3906/3906
f 3270/3270 3908/3908 3910/3910
f 3271/3271 3909/3909 3908/3908
f 3905/3905 3907/3907 3910/3910
f 3907/3907 3911/3911 3910/3910
f 3266/3266 3912/3912 3913/3913
f 3915/3915 3916/3916 3922/3922
f 3916/3916 3917/3917 3922/3922
f 3264/3264 3265/3265 3921/3921
f 3920/3920 3914/3914 3915/3915
f 3219/3219 3255/3255 3923/3923
f 3931/3931 3251/3251 3250/3250
f 3249/3249 3932/3932 3933/3933
f 3933/3933 3250/3250 3928/3928
f 3928/3928 3929/3929 3249/3249
f 3939/3939 3248/3248 3247/3247
f 3247/3247 3246/3246 3940/3940
f 3936/3936 3940/3940 3246/3246
f 3246/3246 3934/3934 3936/3936
f 3244/3244 3942/3942 3943/3943
f 3930/3930 3941/3941 3891/3891
f 3891/3891 3932/3932 3930/3930
f 3948/3948 3946/3946 3949/3949
f 3947/3947 3944/3944 3946/3946
f 3230/3230 3231/3231 3901/3901
f 3955/3955 3956/3956 3266/3266
f 3956/3956 3957/3957 3912/3912
f 3912/3912 3957/3957 3958/3958
f 3954/3954 3955/3955 3267/3267
f 3913/3913 3958/3958 3965/3965
f 3907/3907 3964/3964 3963/3963
f 3904/3904 3961/3961 3962/3962
f 3960/3960 3961/3961 3904/3904
f 3905/3905 3962/3962 3964/3964
f 3906/3906 3963/3963 3959/3959
f 3916/3916 3968/3968 3969/3969
f 3966/3966 3967/3967 3915/3915
f 3967/3967 3968/3968 3916/3916
f 3965/3965 3966/3966 3914/3914
f 3925/3925 3985/3985 3980/3980
f 3254/3254 3979/3979 3985/3985
f 3261/3261 3972/3972 3973/3973
f 3253/3253 3980/3980 3981/3981
f 3260/3260 3973/3973 3974/3974
f 3259/3259 3974/3974 3975/3975
f 3258/3258 3975/3975 3976/3976
f 3257/3257 3976/3976 3977/3977
f 3969/3969 3982/3982 3918/3918
f 3255/3255 3978/3978 3984/3984
f 3256/3256 3977/3977 3978/3978
f 3918/3918 3982/3982 3983/3983
f 3970/3970 3971/3971 3262/3262
f 3923/3923 3984/3984 3979/3979
f 3987/3987 3919/3919 3983/3983
f 3983/3983 3970/3970 3987/3987
f 3971/3971 3972/3972 3261/3261
f 3986/3986 3264/3264 3919/3919
f 3996/3996 3992/3992 3248/3248
f 3253/3253 3252/3252 3988/3988
f 3988/3988 3252/3252 3926/3926
f 3928/3928 3994/3994 3995/3995
f 3251/3251 3989/3989 3990/3990
f 3252/3252 3981/3981 3993/3993
f 3249/3249 3991/3991 3996/3996
f 3929/3929 3995/3995 3991/3991
f 3250/3250 3990/3990 3994/3994
f 3926/3926 3993/3993 3989/3989
f 3936/3936 4006/4006 3999/3999
f 3999/3999 4007/4007 3937/3937
f 4010/4010 4011/4011 3949/3949
f 4008/4008 4001/4001 3243/3243
f 3944/3944 4009/4009 4010/4010
f 4001/4001 4002/4002 3242/3242
f 4000/4000 4008/4008 3942/3942
f 4002/4002 4003/4003 3241/3241
f 3998/3998 4004/4004 3934/3934
f 4004/4004 4005/4005 3935/3935
f 3248/3248 3992/3992 3997/3997
f 3935/3935 4005/4005 4006/4006
f 3997/3997 3998/3998 3246/3246
f 4003/4003 4009/4009 3944/3944
f 3244/3244 3937/3937 4007/4007
f 3239/3239 4013/4013 4014/4014
f 3950/3950 4016/4016 4017/4017
f 4017/4017 4018/4018 3952/3952
f 4012/4012 4013/4013 3239/3239
f 4015/4015 4016/4016 3950/3950
f 3953/3953 4019/4019 4012/4012
f 4018/4018 4019/4019 3953/3953
f 4187/4187 4186/4186 4284/4284
f 4199/4199 4304/4304 4309/4309
f 4207/4207 4258/4258 4260/4260
f 4202/4202 4201/4201 4310/4310
f 4258/4258 4322/4322 4323/4323
f 4221/4221 4275/4275 4277/4277
f 4046/4046 4109/4109 4110/4110
f 4056/4056 4113/4113 4114/4114
f 3814/3814 3856/3856 3855/3855
f 3831/3831 3864/3864 3863/3863
f 4084/4084 4141/4141 4172/4172
f 4065/4065 4098/4098 4161/4161
f 4081/4081 4026/4026 4125/4125
f 4138/4138 4106/4106 4136/4136
f 4085/4085 4084/4084 4106/4106
f 4097/4097 4061/4061 4064/4064
f 3832/3832 3887/3887 3886/3886
f 4263/4263 4329/4329 4330/4330
f 3747/3747 3798/3798 4206/4206
f 3769/3769 4350/4350 3713/3713
f 4105/4105 4081/4081 4125/4125
f 3801/3801 3800/3800 3753/3753
f 4241/4241 4302/4302 4197/4197
f 4380/4380 4189/4189 4381/4381
f 4373/4373 4213/4213 4217/4217
f 4365/4365 4366/4366 3678/3678
f 4161/4161 4099/4099 4069/4069
f 4061/4061 4060/4060 4117/4117
f 3772/3772 4339/4339 3770/3770
f 4213/4213 4216/4216 4181/4181
f 4378/4378 4377/4377 4185/4185
f 4243/4243 4308/4308 4244/4244
f 4258/4258 4323/4323 4259/4259
f 4209/4209 4326/4326 4327/4327
f 3792/3792 4337/4337 4336/4336
f 4251/4251 4319/4319 4312/4312
f 4115/4115 3880/3880 4116/4116
f 3870/3870 3847/3847 4039/4039
f 4085/4085 4044/4044 4084/4084
f 4105/4105 4104/4104 4077/4077
f 4156/4156 4152/4152 4092/4092
f 3844/3844 3845/3845 4022/4022
f 3801/3801 4256/4256 4254/4254
f 4091/4091 4056/4056 4057/4057
f 4175/4175 4041/4041 4038/4038
f 3883/3883 3826/3826 3828/3828
f 4130/4130 4129/4129 4052/4052
f 3836/3836 3867/3867 3838/3838
f 3796/3796 4369/4369 4370/4370
f 4186/4186 4185/4185 4283/4283
f 4074/4074 4124/4124 3889/3889
f 3871/3871 3804/3804 3872/3872
f 4112/4112 3877/3877 4113/4113
f 4255/4255 4253/4253 4201/4201
f 4092/4092 4057/4057 4058/4058
f 4193/4193 4291/4291 4297/4297
f 3857/3857 3821/3821 3858/3858
f 4059/4059 4058/4058 4115/4115
f 4123/4123 3888/3888 4124/4124
f 3812/3812 3855/3855 3854/3854
f 4174/4174 4053/4053 4147/4147
f 4107/4107 4083/4083 4128/4128
f 4090/4090 4056/4056 4091/4091
f 4176/4176 4137/4137 4042/4042
f 3884/3884 3830/3830 3885/3885
f 4351/4351 4352/4352 3711/3711
f 3844/3844 3869/3869 3845/3845
f 4372/4372 4371/4371 4216/4216
f 4205/4205 4321/4321 4314/4314
f 4213/4213 4181/4181 4182/4182
f 4374/4374 4183/4183 4375/4375
f 3736/3736 4338/4338 3780/3780
f 4206/4206 4314/4314 4315/4315
f 4365/4365 3797/3797 4211/4211
f 3792/3792 4371/4371 4372/4372
f 3840/3840 3869/3869 3842/3842
f 4052/4052 4111/4111 4112/4112
f 3791/3791 4338/4338 3795/3795
f 4158/4158 4156/4156 4093/4093
f 4226/4226 4179/4179 4178/4178
f 4217/4217 4230/4230 4236/4236
f 4384/4384 4192/4192 4193/4193
f 4243/4243 4307/4307 4308/4308
f 4217/4217 4236/4236 4374/4374
f 4382/4382 4190/4190 4191/4191
f 4231/4231 4230/4230 4279/4279
f 4385/4385 4193/4193 4239/4239
f 4181/4181 4180/4180 4267/4267
f 3798/3798 4205/4205 4206/4206
f 3764/3764 3763/3763 3697/3697
f 3857/3857 3820/3820 3818/3818
f 4126/4126 4092/4092 4152/4152
f 4148/4148 3812/3812 4146/4146
f 4136/4136 4133/4133 4134/4134
f 4058/4058 4114/4114 4115/4115
f 4158/4158 4093/4093 4094/4094
f 4147/4147 4055/4055 4149/4149
f 4375/4375 4183/4183 4184/4184
f 3839/3839 3868/3868 3867/3867
f 4020/4020 3844/3844 4021/4021
f 4244/4244 4308/4308 4304/4304
f 4030/4030 4031/4031 3852/3852
f 3795/3795 4372/4372 4373/4373
f 4232/4232 4238/4238 4231/4231
f 4091/4091 4057/4057 4092/4092
f 4116/4116 3881/3881 4117/4117
f 3844/3844 4022/4022 4021/4021
f 3858/3858 3822/3822 3820/3820
f 4040/4040 4027/4027 4128/4128
f 3723/3723 3775/3775 3774/3774
f 4176/4176 4133/4133 4137/4137
f 4145/4145 4047/4047 4051/4051
f 3807/3807 3874/3874 3873/3873
f 3765/3765 4387/4387 4388/4388
f 4110/4110 4032/4032 4131/4131
f 3756/3756 4359/4359 3693/3693
f 3693/3693 4359/4359 3755/3755
f 4052/4052 4112/4112 4054/4054
f 4181/4181 4267/4267 4268/4268
f 4226/4226 4224/4224 4220/4220
f 4385/4385 4239/4239 3768/3768
f 4217/4217 4213/4213 4182/4182
f 3767/3767 4387/4387 3765/3765
f 4203/4203 4255/4255 4251/4251
f 4093/4093 4059/4059 4094/4094
f 3722/3722 3705/3705 4341/4341
f 3808/3808 4032/4032 3874/3874
f 4352/4352 3766/3766 3699/3699
f 4053/4053 4055/4055 4147/4147
f 4371/4371 4370/4370 4218/4218
f 4217/4217 4374/4374 4373/4373
f 3775/3775 3770/3770 3771/3771
f 3767/3767 4351/4351 3712/3712
f 4234/4234 4282/4282 4295/4295
f 3784/3784 3788/3788 3789/3789
f 4250/4250 4317/4317 4318/4318
f 4243/4243 4248/4248 4198/4198
f 4240/4240 4293/4293 4195/4195
f 4209/4209 4325/4325 4326/4326
f 4345/4345 4346/4346 3717/3717
f 3774/3774 3773/3773 3709/3709
f 4390/4390 3801/3801 3760/3760
f 4389/4389 4390/4390 3759/3759
f 3798/3798 4362/4362 4361/4361
f 4350/4350 3767/3767 3707/3707
f 3763/3763 4355/4355 3701/3701
f 3743/3743 3677/3677 3681/3681
f 4378/4378 4185/4185 4186/4186
f 3801/3801 4254/4254 3800/3800
f 4260/4260 4261/4261 3747/3747
f 4229/4229 4278/4278 4217/4217
f 4234/4234 4296/4296 4235/4235
f 4252/4252 4312/4312 4320/4320
f 4209/4209 4208/4208 4325/4325
f 3797/3797 4365/4365 4364/4364
f 4179/4179 4212/4212 4215/4215
f 4353/4353 4354/4354 3702/3702
f 3739/3739 4364/4364 3680/3680
f 3689/3689 4363/4363 3748/3748
f 4184/4184 4183/4183 4237/4237
f 3799/3799 4252/4252 4204/4204
f 4226/4226 4178/4178 4224/4224
f 4228/4228 4271/4271 4229/4229
f 4194/4194 4298/4298 4240/4240
f 4193/4193 4297/4297 4239/4239
f 4381/4381 4189/4189 4190/4190
f 3793/3793 3796/3796 4335/4335
f 4264/4264 4261/4261 4263/4263
f 4262/4262 4263/4263 4261/4261
f 4195/4195 4293/4293 4294/4294
f 3800/3800 4203/4203 3799/3799
f 3794/3794 4367/4367 4368/4368
f 4257/4257 4204/4204 4313/4313
f 4198/4198 4248/4248 4246/4246
f 4346/4346 4347/4347 3716/3716
f 3751/3751 3753/3753 4356/4356
f 4354/4354 3764/3764 3698/3698
f 3758/3758 3756/3756 3757/3757
f 3785/3785 3786/3786 3729/3729
f 4374/4374 3772/3772 3791/3791
f 4368/4368 4214/4214 4215/4215
f 4257/4257 4313/4313 4321/4321
f 3776/3776 3775/3775 3723/3723
f 3688/3688 3758/3758 3757/3757
f 4194/4194 4240/4240 4386/4386
f 4266/4266 4325/4325 4208/4208
f 3753/3753 3754/3754 4357/4357
f 4249/4249 4311/4311 4317/4317
f 4360/4360 3799/3799 3749/3749
f 3675/3675 3741/3741 3740/3740
f 4381/4381 4190/4190 4382/4382
f 4236/4236 4183/4183 4374/4374
f 3786/3786 4336/4336 3733/3733
f 4340/4340 3774/3774 3771/3771
f 3744/3744 3742/3742 3743/3743
f 3766/3766 4353/4353 3703/3703
f 4258/4258 4207/4207 4316/4316
f 4220/4220 4219/4219 4273/4273
f 4239/4239 4297/4297 4292/4292
f 3800/3800 4254/4254 4253/4253
f 4390/4390 4248/4248 4247/4247
f 3674/3674 3740/3740 3739/3739
f 4222/4222 4180/4180 4227/4227
f 4341/4341 4377/4377 4378/4378
f 4262/4262 4259/4259 4323/4323
f 4380/4380 4381/4381 4345/4345
f 4301/4301 4196/4196 4241/4241
f 4231/4231 4236/4236 4230/4230
f 4222/4222 4227/4227 4223/4223
f 4196/4196 4294/4294 4306/4306
f 4199/4199 4243/4243 4244/4244
f 4200/4200 4305/4305 4310/4310
f 4383/4383 4384/4384 4348/4348
f 3796/3796 4336/4336 3781/3781
f 4356/4356 3762/3762 3751/3751
f 3774/3774 3775/3775 3771/3771
f 3680/3680 4364/4364 4365/4365
f 3741/3741 3742/3742 3744/3744
f 4301/4301 4241/4241 4197/4197
f 3747/3747 4264/4264 3797/3797
f 4299/4299 4235/4235 4300/4300
f 4204/4204 4320/4320 4313/4313
f 4255/4255 4201/4201 4202/4202
f 3740/3740 4364/4364 3739/3739
f 3737/3737 4337/4337 4338/4338
f 3779/3779 3791/3791 3727/3727
f 3741/3741 3744/3744 3747/3747
f 4262/4262 4323/4323 4324/4324
f 4370/4370 4369/4369 4212/4212
f 4369/4369 4368/4368 4215/4215
f 4248/4248 4199/4199 4247/4247
f 3795/3795 4338/4338 4337/4337
f 4232/4232 4280/4280 4281/4281
f 4189/4189 4288/4288 4190/4190
f 3794/3794 4368/4368 3793/3793
f 4263/4263 4328/4328 4329/4329
f 3747/3747 3745/3745 4363/4363
f 4261/4261 4264/4264 3747/3747
f 4379/4379 4380/4380 4344/4344
f 4357/4357 3754/3754 3752/3752
f 4301/4301 4197/4197 4388/4388
f 4373/4373 4372/4372 4213/4213
f 3749/3749 4205/4205 3798/3798
f 4184/4184 4237/4237 4234/4234
f 3770/3770 4339/4339 3771/3771
f 4375/4375 4376/4376 4340/4340
f 4249/4249 4202/4202 4311/4311
f 4260/4260 4258/4258 4259/4259
f 3757/3757 3756/3756 3686/3686
f 4182/4182 4181/4181 4268/4268
f 3782/3782 3787/3787 3788/3788
f 4377/4377 4299/4299 4185/4185
f 3793/3793 4368/4368 4369/4369
f 4234/4234 4233/4233 4282/4282
f 4242/4242 4240/4240 4195/4195
f 4383/4383 4191/4191 4192/4192
f 4379/4379 4378/4378 4186/4186
f 4229/4229 4182/4182 4228/4228
f 4230/4230 4217/4217 4278/4278
f 4383/4383 4192/4192 4384/4384
f 4228/4228 4270/4270 4271/4271
f 4185/4185 4299/4299 4300/4300
f 4300/4300 4296/4296 4283/4283
f 4229/4229 4271/4271 4278/4278
f 3690/3690 4362/4362 4363/4363
f 4200/4200 4245/4245 4309/4309
f 3695/3695 4357/4357 4358/4358
f 4387/4387 4240/4240 4242/4242
f 4239/4239 4292/4292 4194/4194
f 4234/4234 4237/4237 4233/4233
f 3706/3706 3705/3705 3773/3773
f 4220/4220 4273/4273 4274/4274
f 3797/3797 4364/4364 3741/3741
f 3790/3790 4370/4370 4371/4371
f 4245/4245 4247/4247 4199/4199
f 4342/4342 4378/4378 4379/4379
f 4251/4251 4312/4312 4203/4203
f 4231/4231 4279/4279 4280/4280
f 4190/4190 4288/4288 4289/4289
f 4228/4228 4182/4182 4269/4269
f 4256/4256 4200/4200 4254/4254
f 4206/4206 4205/4205 4314/4314
f 4187/4187 4285/4285 4286/4286
f 4232/4232 4231/4231 4280/4280
f 4044/4044 4087/4087 4048/4048
f 3825/3825 4066/4066 3827/3827
f 4072/4072 4123/4123 4124/4124
f 4108/4108 3873/3873 4109/4109
f 4216/4216 4180/4180 4181/4181
f 3879/3879 3820/3820 3880/3880
f 4175/4175 4038/4038 4034/4034
f 4064/4064 4118/4118 4119/4119
f 3819/3819 4157/4157 3821/3821
f 4049/4049 4131/4131 4129/4129
f 4165/4165 4100/4100 4101/4101
f 3848/3848 4037/4037 4038/4038
f 3809/3809 3876/3876 3875/3875
f 4154/4154 3819/3819 3817/3817
f 4160/4160 3825/3825 3823/3823
f 4224/4224 4225/4225 4219/4219
f 4344/4344 4345/4345 3718/3718
f 3803/3803 4140/4140 4142/4142
f 3749/3749 3798/3798 4361/4361
f 4343/4343 4344/4344 3719/3719
f 3752/3752 4359/4359 3756/3756
f 4379/4379 4188/4188 4380/4380
f 4047/4047 4088/4088 4051/4051
f 4080/4080 4022/4022 4081/4081
f 4081/4081 4105/4105 4080/4080
f 4258/4258 4316/4316 4322/4322
f 3797/3797 4208/4208 4209/4209
f 4192/4192 4291/4291 4193/4193
f 4200/4200 4309/4309 4305/4305
f 3781/3781 3782/3782 4335/4335
f 4266/4266 4332/4332 4325/4325
f 4123/4123 3886/3886 3887/3887
f 4025/4025 4026/4026 4023/4023
f 4089/4089 4052/4052 4054/4054
f 4054/4054 4113/4113 4056/4056
f 4079/4079 4169/4169 4104/4104
f 3834/3834 3836/3836 3888/3888
f 4389/4389 4246/4246 4248/4248
f 4245/4245 3801/3801 4247/4247
f 3852/3852 4031/4031 4028/4028
f 3879/3879 3818/3818 3820/3820
f 4229/4229 4217/4217 4182/4182
f 4200/4200 4256/4256 4245/4245
f 4050/4050 4130/4130 4089/4089
f 4189/4189 4287/4287 4288/4288
f 3747/3747 4207/4207 4260/4260
f 4120/4120 3885/3885 4121/4121
f 4224/4224 4178/4178 4177/4177
f 4207/4207 4206/4206 4315/4315
f 4082/4082 4079/4079 4105/4105
f 3803/3803 3851/3851 3849/3849
f 3868/3868 3843/3843 3869/3869
f 4066/4066 3829/3829 3827/3827
f 4086/4086 4049/4049 4088/4088
f 4083/4083 4085/4085 4106/4106
f 4102/4102 4072/4072 4073/4073
f 4198/4198 4307/4307 4243/4243
f 4071/4071 4123/4123 4072/4072
f 3800/3800 3754/3754 3753/3753
f 3883/3883 3828/3828 3884/3884
f 4187/4187 4286/4286 4188/4188
f 3749/3749 4204/4204 4257/4257
f 3706/3706 4377/4377 4341/4341
f 4044/4044 4085/4085 4087/4087
f 4216/4216 4218/4218 4180/4180
f 4211/4211 3797/3797 4209/4209
f 4070/4070 3833/3833 3831/3831
f 4262/4262 4324/4324 4328/4328
f 4380/4380 4188/4188 4189/4189
f 4197/4197 4246/4246 4388/4388
f 4220/4220 4274/4274 4275/4275
f 4223/4223 4277/4277 4276/4276
f 4065/4065 4097/4097 4098/4098
f 4232/4232 4281/4281 4282/4282
f 4251/4251 4202/4202 4249/4249
f 4194/4194 4292/4292 4298/4298
f 4235/4235 4184/4184 4234/4234
f 3856/3856 3818/3818 3816/3816
f 4110/4110 3873/3873 3874/3874
f 4079/4079 4104/4104 4105/4105
f 3854/3854 3813/3813 3811/3811
f 4067/4067 4119/4119 4120/4120
f 3834/3834 3866/3866 3836/3836
f 4061/4061 4117/4117 4118/4118
f 4103/4103 4077/4077 4104/4104
f 4296/4296 4300/4300 4235/4235
f 4029/4029 3853/3853 4031/4031
f 4040/4040 4033/4033 4039/4039
f 4299/4299 4184/4184 4235/4235
f 4099/4099 4071/4071 4100/4100
f 3867/3867 3840/3840 3838/3838
f 4198/4198 4303/4303 4307/4307
f 3888/3888 3838/3838 3889/3889
f 4045/4045 4109/4109 4046/4046
f 4301/4301 4242/4242 4195/4195
f 3847/3847 4040/4040 4039/4039
f 3851/3851 3807/3807 3804/3804
f 4138/4138 4136/4136 4134/4134
f 3727/3727 3791/3791 3778/3778
f 4136/4136 4106/4106 4084/4084
f 3849/3849 3804/3804 3802/3802
f 3829/3829 3863/3863 3862/3862
f 3811/3811 3877/3877 3876/3876
f 3864/3864 3835/3835 3865/3865
f 4139/4139 4138/4138 4132/4132
f 4159/4159 4096/4096 4062/4062
f 3748/3748 3746/3746 3682/3682
f 4200/4200 4310/4310 4201/4201
f 3749/3749 4257/4257 4205/4205
f 3747/3747 4206/4206 4207/4207
f 4384/4384 4385/4385 4349/4349
f 4388/4388 4242/4242 4301/4301
f 3800/3800 4253/4253 4255/4255
f 4252/4252 4203/4203 4312/4312
f 3696/3696 3762/3762 4356/4356
f 3813/3813 3878/3878 3877/3877
f 3704/3704 4353/4353 3766/3766
f 4167/4167 4101/4101 4102/4102
f 4224/4224 4177/4177 4225/4225
f 3839/3839 4170/4170 3841/3841
f 3791/3791 3772/3772 3778/3778
f 4209/4209 4327/4327 4210/4210
f 4262/4262 4261/4261 4259/4259
f 4238/4238 4237/4237 4183/4183
f 4207/4207 4315/4315 4316/4316
f 4334/4334 4335/4335 3782/3782
f 4202/4202 4251/4251 4255/4255
f 4349/4349 3769/3769 3708/3708
f 3761/3761 4353/4353 4388/4388
f 3799/3799 4360/4360 3755/3755
f 3800/3800 3752/3752 3754/3754
f 4244/4244 4304/4304 4199/4199
f 4250/4250 4318/4318 4319/4319
f 4360/4360 3692/3692 3685/3685
f 3725/3725 3777/3777 3776/3776
f 3691/3691 4361/4361 4362/4362
f 4351/4351 3765/3765 3704/3704
f 4371/4371 4218/4218 4216/4216
f 4178/4178 4214/4214 4177/4177
f 4212/4212 4180/4180 4218/4218
f 3801/3801 4245/4245 4256/4256
f 4232/4232 4282/4282 4233/4233
f 4197/4197 4303/4303 4198/4198
f 4199/4199 4309/4309 4245/4245
f 4265/4265 4264/4264 4330/4330
f 4182/4182 4268/4268 4269/4269
f 4368/4368 4367/4367 4214/4214
f 3684/3684 3750/3750 4361/4361
f 3769/3769 3768/3768 4386/4386
f 4372/4372 4216/4216 4213/4213
f 4379/4379 4186/4186 4187/4187
f 4338/4338 3791/3791 3779/3779
f 4386/4386 4240/4240 4387/4387
f 4224/4224 4219/4219 4220/4220
f 4198/4198 4246/4246 4197/4197
f 4180/4180 4212/4212 4227/4227
f 4379/4379 4187/4187 4188/4188
f 4226/4226 4227/4227 4179/4179
f 4254/4254 4200/4200 4201/4201
f 4191/4191 4289/4289 4290/4290
f 4301/4301 4195/4195 4196/4196
f 4223/4223 4226/4226 4221/4221
f 4199/4199 4248/4248 4243/4243
f 4266/4266 4331/4331 4332/4332
f 4363/4363 3745/3745 3748/3748
f 3742/3742 3741/3741 3675/3675
f 3732/3732 3789/3789 3788/3788
f 4362/4362 3798/3798 3747/3747
f 3780/3780 3779/3779 3734/3734
f 4390/4390 4247/4247 3801/3801
f 4300/4300 4283/4283 4185/4185
f 4233/4233 4238/4238 4232/4232
f 3677/3677 3743/3743 3742/3742
f 4211/4211 4209/4209 4210/4210
f 4220/4220 4275/4275 4221/4221
f 4389/4389 4248/4248 4390/4390
f 4385/4385 3768/3768 3769/3769
f 3787/3787 3785/3785 3728/3728
f 3740/3740 3741/3741 4364/4364
f 4356/4356 4357/4357 3695/3695
f 3682/3682 3746/3746 3743/3743
f 4178/4178 4215/4215 4214/4214
f 4231/4231 4238/4238 4236/4236
f 4197/4197 4302/4302 4303/4303
f 4188/4188 4286/4286 4287/4287
f 4234/4234 4295/4295 4296/4296
f 4250/4250 4249/4249 4317/4317
f 4388/4388 4387/4387 4242/4242
f 3749/3749 3799/3799 4204/4204
f 4386/4386 3768/3768 4239/4239
f 4238/4238 4233/4233 4237/4237
f 4222/4222 4272/4272 4180/4180
f 4251/4251 4249/4249 4250/4250
f 4228/4228 4269/4269 4270/4270
f 4226/4226 4220/4220 4221/4221
f 4190/4190 4289/4289 4191/4191
f 3772/3772 3770/3770 3777/3777
f 4375/4375 4184/4184 4376/4376
f 4369/4369 4215/4215 4212/4212
f 3760/3760 3762/3762 4355/4355
f 3694/3694 4358/4358 3758/3758
f 4386/4386 4239/4239 4194/4194
f 4191/4191 4290/4290 4192/4192
f 4230/4230 4278/4278 4279/4279
f 4260/4260 4259/4259 4261/4261
f 4227/4227 4212/4212 4179/4179
f 3738/3738 4336/4336 4337/4337
f 3788/3788 3787/3787 3730/3730
f 3745/3745 3744/3744 3746/3746
f 4348/4348 4349/4349 3714/3714
f 4341/4341 3705/3705 3706/3706
f 3797/3797 4264/4264 4208/4208
f 4221/4221 4277/4277 4223/4223
f 4204/4204 4252/4252 4320/4320
f 4195/4195 4294/4294 4196/4196
f 4187/4187 4284/4284 4285/4285
f 4250/4250 4319/4319 4251/4251
f 4347/4347 4348/4348 3715/3715
f 3759/3759 4355/4355 3764/3764
f 3799/3799 4203/4203 4252/4252
f 4263/4263 4330/4330 4264/4264
f 3761/3761 3759/3759 4354/4354
f 4227/4227 4226/4226 4223/4223
f 3773/3773 3774/3774 4340/4340
f 3765/3765 4351/4351 3767/3767
f 3722/3722 4341/4341 4342/4342
f 4254/4254 4201/4201 4253/4253
f 4384/4384 4193/4193 4385/4385
f 4263/4263 4262/4262 4328/4328
f 3794/3794 3793/3793 4334/4334
f 4333/4333 4334/4334 3784/3784
f 3726/3726 3778/3778 3777/3777
f 4265/4265 4208/4208 4264/4264
f 3781/3781 4336/4336 3786/3786
f 4266/4266 4265/4265 4331/4331
f 3692/3692 4360/4360 3750/3750
f 4240/4240 4298/4298 4293/4293
f 3721/3721 4342/4342 4343/4343
f 4382/4382 4191/4191 4383/4383
f 4376/4376 4299/4299 4377/4377
f 4223/4223 4276/4276 4222/4222
f 4222/4222 4276/4276 4272/4272
f 4388/4388 4246/4246 4389/4389
f 4192/4192 4290/4290 4291/4291
f 4255/4255 4203/4203 3800/3800
f 4205/4205 4257/4257 4321/4321
f 4370/4370 4212/4212 4218/4218
f 4183/4183 4236/4236 4238/4238
f 4241/4241 4306/4306 4302/4302
f 4184/4184 4299/4299 4376/4376
f 4265/4265 4266/4266 4208/4208
f 4179/4179 4215/4215 4178/4178
f 4381/4381 4382/4382 4346/4346
f 4382/4382 4383/4383 4347/4347
f 4188/4188 4287/4287 4189/4189
f 4196/4196 4306/4306 4241/4241
f 4355/4355 3762/3762 3696/3696
f 4186/4186 4283/4283 4284/4284
f 4202/4202 4310/4310 4311/4311
f 4265/4265 4330/4330 4331/4331
f 4728/4728 4440/4440 4501/4501
f 4646/4646 4500/4500 4458/4458
f 4635/4635 4530/4530 4637/4637
f 4736/4736 4506/4506 4738/4738
f 4732/4732 4504/4504 4734/4734
f 4585/4585 4426/4426 4583/4583
f 4720/4720 4498/4498 4722/4722
f 4566/4566 4418/4418 4568/4568
f 4652/4652 4460/4460 4461/4461
f 4703/4703 4489/4489 4705/4705
f 4577/4577 4487/4487 4423/4423
f 4617/4617 4621/4621 4619/4619
f 4562/4562 4416/4416 4564/4564
f 4732/4732 4502/4502 4503/4503
f 4519/4519 4437/4437 4392/4392
f 4581/4581 4426/4426 4425/4425
f 4545/4545 4524/4524 4549/4549
f 4552/4552 4567/4567 4550/4550
f 4536/4536 4400/4400 4401/4401
f 4542/4542 4403/4403 4404/4404
f 4648/4648 4500/4500 4726/4726
f 4653/4653 4649/4649 4651/4651
f 4740/4740 4508/4508 4742/4742
f 4748/4748 4510/4510 4511/4511
f 4616/4616 4445/4445 4444/4444
f 4620/4620 4447/4447 4446/4446
f 4661/4661 4464/4464 4658/4658
f 4665/4665 4467/4467 4663/4663
f 4696/4696 4476/4476 4485/4485
f 4704/4704 4695/4695 4693/4693
f 4708/4708 4684/4684 4682/4682
f 4608/4608 4727/4727 4729/4729
f 4732/4732 4730/4730 4502/4502
f 4676/4676 4668/4668 4666/4666
f 4706/4706 4695/4695 4704/4704
f 4571/4571 4573/4573 4421/4421
f 4709/4709 4491/4491 4492/4492
f 4703/4703 4579/4579 4424/4424
f 4546/4546 4407/4407 4408/4408
f 4551/4551 4409/4409 4410/4410
f 4577/4577 4701/4701 4487/4487
f 4562/4562 4415/4415 4416/4416
f 4576/4576 4702/4702 4691/4691
f 4720/4720 4497/4497 4498/4498
f 4720/4720 4718/4718 4496/4496
f 4549/4549 4556/4556 4547/4547
f 4642/4642 4644/4644 4641/4641
f 4696/4696 4679/4679 4476/4476
f 4544/4544 4548/4548 4408/4408
f 4606/4606 4646/4646 4458/4458
f 4682/4682 4680/4680 4697/4697
f 4594/4594 4596/4596 4433/4433
f 4523/4523 4519/4519 4392/4392
f 4602/4602 4521/4521 4393/4393
f 4612/4612 4442/4442 4441/4441
f 4752/4752 4750/4750 4512/4512
f 4618/4618 4620/4620 4446/4446
f 4665/4665 4667/4667 4469/4469
f 4532/4532 4397/4397 4399/4399
f 4560/4560 4557/4557 4412/4412
f 4534/4534 4398/4398 4400/4400
f 4564/4564 4416/4416 4417/4417
f 4675/4675 4474/4474 4472/4472
f 4536/4536 4402/4402 4538/4538
f 4566/4566 4417/4417 4418/4418
f 4538/4538 4403/4403 4540/4540
f 4577/4577 4423/4423 4422/4422
f 4606/4606 4458/4458 4438/4438
f 4581/4581 4425/4425 4424/4424
f 4671/4671 4471/4471 4470/4470
f 4546/4546 4405/4405 4407/4407
f 4625/4625 4623/4623 4516/4516
f 4699/4699 4487/4487 4701/4701
f 4528/4528 4631/4631 4522/4522
f 4703/4703 4424/4424 4488/4488
f 4588/4588 4549/4549 4590/4590
f 4684/4684 4676/4676 4686/4686
f 4560/4560 4412/4412 4414/4414
f 4595/4595 4601/4601 4597/4597
f 4686/4686 4700/4700 4689/4689
f 4557/4557 4411/4411 4412/4412
f 4549/4549 4520/4520 4590/4590
f 4564/4564 4417/4417 4566/4566
f 4574/4574 4572/4572 4537/4537
f 4571/4571 4421/4421 4420/4420
f 4580/4580 4561/4561 4563/4563
f 4716/4716 4496/4496 4718/4718
f 4586/4586 4552/4552 4554/4554
f 4577/4577 4422/4422 4575/4575
f 4644/4644 4642/4642 4533/4533
f 4605/4605 4615/4615 4613/4613
f 4605/4605 4516/4516 4623/4623
f 4666/4666 4757/4757 4698/4698
f 4581/4581 4583/4583 4426/4426
f 4635/4635 4528/4528 4530/4530
f 4621/4621 4615/4615 4605/4605
f 4605/4605 4737/4737 4739/4739
f 4627/4627 4518/4518 4629/4629
f 4580/4580 4578/4578 4576/4576
f 4682/4682 4697/4697 4708/4708
f 4635/4635 4631/4631 4528/4528
f 4657/4657 4655/4655 4653/4653
f 4524/4524 4528/4528 4522/4522
f 4649/4649 4678/4678 4714/4714
f 4590/4590 4520/4520 4593/4593
f 4674/4674 4678/4678 4653/4653
f 4599/4599 4597/4597 4601/4601
f 4686/4686 4676/4676 4700/4700
f 4588/4588 4556/4556 4549/4549
f 4666/4666 4698/4698 4700/4700
f 4556/4556 4588/4588 4554/4554
f 4695/4695 4706/4706 4697/4697
f 4641/4641 4698/4698 4757/4757
f 4537/4537 4644/4644 4535/4535
f 4706/4706 4708/4708 4697/4697
f 4605/4605 4623/4623 4621/4621
f 4641/4641 4755/4755 4639/4639
f 4580/4580 4576/4576 4561/4561
f 4745/4745 4747/4747 4651/4651
f 4728/4728 4501/4501 4502/4502
f 4641/4641 4572/4572 4569/4569
f 4523/4523 4394/4394 4393/4393
f 4547/4547 4539/4539 4545/4545
f 4734/4734 4504/4504 4505/4505
f 4737/4737 4731/4731 4733/4733
f 4740/4740 4738/4738 4506/4506
f 4731/4731 4605/4605 4729/4729
f 4740/4740 4507/4507 4508/4508
f 4743/4743 4725/4725 4741/4741
f 4742/4742 4508/4508 4509/4509
f 4745/4745 4651/4651 4647/4647
f 4748/4748 4511/4511 4512/4512
f 4751/4751 4747/4747 4749/4749
f 4734/4734 4505/4505 4736/4736
f 4616/4616 4618/4618 4445/4445
f 4678/4678 4649/4649 4653/4653
f 4620/4620 4622/4622 4447/4447
f 4721/4721 4714/4714 4719/4719
f 4624/4624 4448/4448 4447/4447
f 4523/4523 4393/4393 4521/4521
f 4756/4756 4515/4515 4456/4456
f 4608/4608 4729/4729 4605/4605
f 4598/4598 4433/4433 4596/4596
f 4626/4626 4628/4628 4450/4450
f 4602/4602 4393/4393 4436/4436
f 4632/4632 4452/4452 4451/4451
f 4748/4748 4512/4512 4750/4750
f 4673/4673 4473/4473 4475/4475
f 4612/4612 4441/4441 4610/4610
f 4641/4641 4757/4757 4755/4755
f 4756/4756 4514/4514 4515/4515
f 4643/4643 4640/4640 4456/4456
f 4656/4656 4464/4464 4463/4463
f 4527/4527 4396/4396 4397/4397
f 4663/4663 4465/4465 4660/4660
f 4532/4532 4529/4529 4397/4397
f 4624/4624 4449/4449 4448/4448
f 4685/4685 4479/4479 4478/4478
f 4667/4667 4470/4470 4469/4469
f 4536/4536 4534/4534 4400/4400
f 4753/4753 4755/4755 4662/4662
f 4673/4673 4475/4475 4677/4677
f 4538/4538 4402/4402 4403/4403
f 4668/4668 4674/4674 4670/4670
f 4638/4638 4454/4454 4636/4636
f 4692/4692 4694/4694 4484/4484
f 4675/4675 4472/4472 4672/4672
f 4570/4570 4419/4419 4486/4486
f 4643/4643 4456/4456 4457/4457
f 4699/4699 4486/4486 4487/4487
f 4675/4675 4475/4475 4474/4474
f 4705/4705 4489/4489 4490/4490
f 4589/4589 4430/4430 4429/4429
f 4585/4585 4428/4428 4427/4427
f 4574/4574 4561/4561 4576/4576
f 4644/4644 4533/4533 4535/4535
f 4598/4598 4435/4435 4434/4434
f 4594/4594 4433/4433 4432/4432
f 4728/4728 4502/4502 4730/4730
f 4573/4573 4422/4422 4421/4421
f 4713/4713 4494/4494 4715/4715
f 4559/4559 4415/4415 4562/4562
f 4652/4652 4459/4459 4648/4648
f 4705/4705 4490/4490 4707/4707
f 4553/4553 4411/4411 4555/4555
f 4607/4607 4391/4391 4517/4517
f 4589/4589 4428/4428 4587/4587
f 4722/4722 4499/4499 4724/4724
f 4650/4650 4499/4499 4460/4460
f 4546/4546 4408/4408 4548/4548
f 4520/4520 4595/4595 4593/4593
f 4533/4533 4637/4637 4530/4530
f 4685/4685 4478/4478 4683/4683
f 4687/4687 4479/4479 4685/4685
f 4544/4544 4408/4408 4406/4406
f 4694/4694 4485/4485 4484/4484
f 4580/4580 4563/4563 4582/4582
f 4649/4649 4721/4721 4723/4723
f 4657/4657 4653/4653 4651/4651
f 4600/4600 4436/4436 4435/4435
f 4517/4517 4437/4437 4604/4604
f 4752/4752 4512/4512 4513/4513
f 4754/4754 4513/4513 4514/4514
f 4671/4671 4462/4462 4471/4471
f 4656/4656 4462/4462 4654/4654
f 4756/4756 4456/4456 4640/4640
f 4632/4632 4451/4451 4630/4630
f 4671/4671 4470/4470 4669/4669
f 4628/4628 4451/4451 4450/4450
f 4643/4643 4455/4455 4638/4638
f 4753/4753 4662/4662 4659/4659
f 4585/4585 4427/4427 4426/4426
f 4641/4641 4644/4644 4572/4572
f 4545/4545 4539/4539 4541/4541
f 4589/4589 4429/4429 4428/4428
f 4728/4728 4609/4609 4440/4440
f 4700/4700 4691/4691 4689/4689
f 4607/4607 4439/4439 4391/4391
f 4559/4559 4413/4413 4415/4415
f 4652/4652 4650/4650 4460/4460
f 4553/4553 4410/4410 4411/4411
f 4648/4648 4459/4459 4500/4500
f 4613/4613 4611/4611 4608/4608
f 4709/4709 4707/4707 4490/4490
f 4662/4662 4757/4757 4664/4664
f 4573/4573 4575/4575 4422/4422
f 4722/4722 4498/4498 4499/4499
f 4568/4568 4418/4418 4409/4409
f 4542/4542 4540/4540 4403/4403
f 4574/4574 4558/4558 4561/4561
f 4643/4643 4457/4457 4455/4455
f 4527/4527 4525/4525 4395/4395
f 4687/4687 4480/4480 4479/4479
f 4690/4690 4692/4692 4483/4483
f 4700/4700 4576/4576 4691/4691
f 4584/4584 4565/4565 4567/4567
f 4702/4702 4704/4704 4693/4693
f 4594/4594 4432/4432 4431/4431
f 4589/4589 4591/4591 4430/4430
f 4598/4598 4600/4600 4435/4435
f 4600/4600 4602/4602 4436/4436
f 4517/4517 4391/4391 4437/4437
f 4748/4748 4746/4746 4510/4510
f 4616/4616 4444/4444 4443/4443
f 4756/4756 4754/4754 4514/4514
f 4656/4656 4463/4463 4462/4462
f 4665/4665 4468/4468 4467/4467
f 4628/4628 4630/4630 4451/4451
f 4702/4702 4693/4693 4691/4691
f 4711/4711 4492/4492 4493/4493
f 4666/4666 4700/4700 4676/4676
f 4652/4652 4461/4461 4459/4459
f 4641/4641 4569/4569 4698/4698
f 4681/4681 4478/4478 4477/4477
f 4713/4713 4493/4493 4494/4494
f 4688/4688 4482/4482 4481/4481
f 4519/4519 4604/4604 4437/4437
f 4690/4690 4483/4483 4482/4482
f 4650/4650 4724/4724 4499/4499
f 4636/4636 4454/4454 4453/4453
f 4692/4692 4484/4484 4483/4483
f 4646/4646 4726/4726 4500/4500
f 4570/4570 4486/4486 4699/4699
f 4518/4518 4627/4627 4625/4625
f 4568/4568 4409/4409 4551/4551
f 4522/4522 4631/4631 4629/4629
f 4674/4674 4653/4653 4670/4670
f 4551/4551 4410/4410 4553/4553
f 4524/4524 4526/4526 4528/4528
f 4710/4710 4678/4678 4684/4684
f 4709/4709 4490/4490 4491/4491
f 4545/4545 4541/4541 4524/4524
f 4709/4709 4492/4492 4711/4711
f 4556/4556 4558/4558 4574/4574
f 4711/4711 4493/4493 4713/4713
f 4537/4537 4572/4572 4644/4644
f 4720/4720 4496/4496 4497/4497
f 4552/4552 4586/4586 4567/4567
f 4716/4716 4495/4495 4496/4496
f 4584/4584 4567/4567 4586/4586
f 4581/4581 4424/4424 4579/4579
f 4615/4615 4621/4621 4617/4617
f 4679/4679 4477/4477 4476/4476
f 4613/4613 4608/4608 4605/4605
f 4533/4533 4642/4642 4637/4637
f 4518/4518 4625/4625 4603/4603
f 4743/4743 4647/4647 4725/4725
f 4522/4522 4629/4629 4518/4518
f 4731/4731 4737/4737 4605/4605
f 4638/4638 4455/4455 4454/4454
f 4631/4631 4635/4635 4633/4633
f 4747/4747 4751/4751 4657/4657
f 4524/4524 4520/4520 4549/4549
f 4710/4710 4712/4712 4678/4678
f 4520/4520 4524/4524 4522/4522
f 4714/4714 4721/4721 4649/4649
f 4601/4601 4595/4595 4520/4520
f 4678/4678 4676/4676 4684/4684
f 4556/4556 4574/4574 4547/4547
f 4666/4666 4664/4664 4757/4757
f 4574/4574 4537/4537 4547/4547
f 4708/4708 4710/4710 4684/4684
f 4674/4674 4668/4668 4676/4676
f 4582/4582 4565/4565 4584/4584
f 4576/4576 4578/4578 4702/4702
f 4625/4625 4516/4516 4603/4603
f 4751/4751 4659/4659 4657/4657
f 4563/4563 4565/4565 4582/4582
f 4741/4741 4725/4725 4645/4645
f 4585/4585 4587/4587 4428/4428
f 4537/4537 4539/4539 4547/4547
f 4732/4732 4503/4503 4504/4504
f 4586/4586 4554/4554 4588/4588
f 4598/4598 4434/4434 4433/4433
f 4737/4737 4733/4733 4735/4735
f 4736/4736 4505/4505 4506/4506
f 4605/4605 4739/4739 4645/4645
f 4744/4744 4509/4509 4510/4510
f 4741/4741 4645/4645 4739/4739
f 4612/4612 4614/4614 4443/4443
f 4647/4647 4743/4743 4745/4745
f 4754/4754 4752/4752 4513/4513
f 4747/4747 4657/4657 4651/4651
f 4594/4594 4431/4431 4592/4592
f 4671/4671 4654/4654 4462/4462
f 4719/4719 4714/4714 4717/4717
f 4656/4656 4658/4658 4464/4464
f 4714/4714 4678/4678 4712/4712
f 4661/4661 4466/4466 4464/4464
f 4523/4523 4392/4392 4394/4394
f 4624/4624 4626/4626 4449/4449
f 4642/4642 4641/4641 4639/4639
f 4740/4740 4506/4506 4507/4507
f 4663/4663 4467/4467 4465/4465
f 4742/4742 4509/4509 4744/4744
f 4632/4632 4634/4634 4453/4453
f 4744/4744 4510/4510 4746/4746
f 4667/4667 4669/4669 4470/4470
f 4612/4612 4443/4443 4442/4442
f 4542/4542 4404/4404 4395/4395
f 4616/4616 4443/4443 4614/4614
f 4675/4675 4677/4677 4475/4475
f 4618/4618 4446/4446 4445/4445
f 4679/4679 4681/4681 4477/4477
f 4624/4624 4447/4447 4622/4622
f 4534/4534 4531/4531 4398/4398
f 4626/4626 4450/4450 4449/4449
f 4681/4681 4683/4683 4478/4478
f 4665/4665 4469/4469 4468/4468
f 4536/4536 4401/4401 4402/4402
f 4662/4662 4755/4755 4757/4757
f 4632/4632 4453/4453 4452/4452
f 4688/4688 4690/4690 4482/4482
f 4751/4751 4753/4753 4659/4659
f 4636/4636 4453/4453 4634/4634
f 4694/4694 4696/4696 4485/4485
f 4542/4542 4395/4395 4525/4525
f 4546/4546 4543/4543 4405/4405
f 4527/4527 4395/4395 4396/4396
f 4703/4703 4488/4488 4489/4489
f 4527/4527 4397/4397 4529/4529
f 4557/4557 4555/4555 4411/4411
f 4834/4834 5073/5073 5020/5020
f 4889/4889 5031/5031 4888/4888
f 4773/4773 4843/4843 4842/4842
f 4925/4925 4851/4851 4784/4784
f 4842/4842 4841/4841 4771/4771
f 4895/4895 4930/4930 4931/4931
f 4829/4829 4827/4827 4828/4828
f 4903/4903 4857/4857 4876/4876
f 4876/4876 4857/4857 4863/4863
f 4920/4920 4839/4839 4837/4837
f 4858/4858 4859/4859 4937/4937
f 5015/5015 4953/4953 4949/4949
f 5027/5027 5028/5028 4960/4960
f 5011/5011 4945/4945 4952/4952
f 5071/5071 5072/5072 4963/4963
f 4866/4866 4941/4941 4871/4871
f 5026/5026 4958/4958 4965/4965
f 5080/5080 4975/4975 4974/4974
f 5045/5045 5046/5046 4997/4997
f 5085/5085 4987/4987 4986/4986
f 4854/4854 4798/4798 4793/4793
f 4774/4774 4833/4833 4768/4768
f 5081/5081 4983/4983 4971/4971
f 4895/4895 4894/4894 4930/4930
f 4886/4886 4847/4847 4845/4845
f 4808/4808 4859/4859 4795/4795
f 4841/4841 4919/4919 4837/4837
f 5012/5012 5013/5013 4947/4947
f 5028/5028 4966/4966 4960/4960
f 4869/4869 4874/4874 4868/4868
f 5297/5297 5296/5296 5340/5340
f 4901/4901 4791/4791 4937/4937
f 5014/5014 4949/4949 4948/4948
f 5110/5110 5202/5202 5309/5309
f 5167/5167 5274/5274 5245/5245
f 4886/4886 5032/5032 5021/5021
f 5075/5075 5026/5026 5022/5022
f 5078/5078 5034/5034 5033/5033
f 4892/4892 5038/5038 4853/4853
f 5090/5090 4991/4991 5089/5089
f 5090/5090 4993/4993 4992/4992
f 5081/5081 4971/4971 5036/5036
f 5071/5071 4963/4963 4962/4962
f 4898/4898 4933/4933 4934/4934
f 4879/4879 4909/4909 4878/4878
f 5290/5290 5289/5289 5326/5326
f 5125/5125 5121/5121 5329/5329
f 4894/4894 4929/4929 4930/4930
f 5093/5093 5040/5040 5043/5043
f 5051/5051 5057/5057 5056/5056
f 5212/5212 5116/5116 5319/5319
f 5338/5338 5336/5336 5294/5294
f 5291/5291 5329/5329 5327/5327
f 5061/5061 5097/5097 5096/5096
f 5056/5056 5000/5000 5054/5054
f 5344/5344 5341/5341 5275/5275
f 5289/5289 5288/5288 5324/5324
f 5077/5077 4967/4967 5076/5076
f 4850/4850 4889/4889 4789/4789
f 4834/4834 4916/4916 4835/4835
f 4917/4917 4834/4834 4835/4835
f 4824/4824 4765/4765 4758/4758
f 4922/4922 4781/4781 4786/4786
f 4912/4912 4882/4882 5066/5066
f 5015/5015 5018/5018 4954/4954
f 5019/5019 5070/5070 4961/4961
f 4896/4896 4895/4895 4931/4931
f 4834/4834 4883/4883 4916/4916
f 4937/4937 4859/4859 4856/4856
f 4844/4844 4922/4922 4849/4849
f 4870/4870 4871/4871 4814/4814
f 4808/4808 4860/4860 4859/4859
f 5094/5094 5041/5041 5039/5039
f 4859/4859 4858/4858 4794/4794
f 4907/4907 5065/5065 5059/5059
f 5048/5048 4999/4999 5060/5060
f 4887/4887 5030/5030 4886/4886
f 4762/4762 4828/4828 4827/4827
f 4898/4898 5091/5091 5090/5090
f 4854/4854 4927/4927 4798/4798
f 4806/4806 4935/4935 4934/4934
f 4927/4927 4852/4852 4792/4792
f 4932/4932 4931/4931 4802/4802
f 4866/4866 4867/4867 4942/4942
f 4943/4943 4942/4942 4867/4867
f 5011/5011 5012/5012 4946/4946
f 4880/4880 4905/4905 4904/4904
f 5033/5033 4969/4969 4973/4973
f 5077/5077 5032/5032 4968/4968
f 4791/4791 4900/4900 4936/4936
f 4841/4841 4778/4778 4771/4771
f 4864/4864 4812/4812 4819/4819
f 4866/4866 4871/4871 4870/4870
f 4893/4893 4928/4928 4929/4929
f 4897/4897 4932/4932 4933/4933
f 4881/4881 4907/4907 4875/4875
f 5038/5038 4985/4985 5083/5083
f 5085/5085 4986/4986 5084/5084
f 5083/5083 4979/4979 5037/5037
f 5098/5098 5062/5062 5099/5099
f 4865/4865 4864/4864 4819/4819
f 4908/4908 5062/5062 5065/5065
f 4849/4849 4848/4848 4782/4782
f 5046/5046 4998/4998 4997/4997
f 5335/5335 5332/5332 5270/5270
f 4902/4902 4937/4937 4938/4938
f 4878/4878 4908/4908 4881/4881
f 4759/4759 4824/4824 4758/4758
f 4842/4842 4771/4771 4772/4772
f 4760/4760 4825/4825 4759/4759
f 5045/5045 4995/4995 5044/5044
f 5158/5158 5159/5159 5266/5266
f 5096/5096 5010/5010 5009/5009
f 5034/5034 4969/4969 5033/5033
f 5154/5154 5155/5155 5262/5262
f 4929/4929 4799/4799 4800/4800
f 4872/4872 4813/4813 4815/4815
f 4807/4807 4935/4935 4806/4806
f 4941/4941 4881/4881 4875/4875
f 4774/4774 4914/4914 4833/4833
f 4885/4885 4918/4918 4837/4837
f 4779/4779 4919/4919 4843/4843
f 5041/5041 5094/5094 4903/4903
f 4872/4872 4870/4870 4813/4813
f 4922/4922 4847/4847 4781/4781
f 4807/4807 4790/4790 4936/4936
f 4807/4807 4936/4936 4935/4935
f 4817/4817 4874/4874 4873/4873
f 4864/4864 4876/4876 4812/4812
f 4861/4861 4860/4860 4808/4808
f 4892/4892 4853/4853 4854/4854
f 4936/4936 4790/4790 4791/4791
f 4944/4944 4943/4943 4869/4869
f 4826/4826 4829/4829 4832/4832
f 4882/4882 4912/4912 4913/4913
f 4936/4936 4900/4900 4899/4899
f 5027/5027 4959/4959 4958/4958
f 4928/4928 4854/4854 4793/4793
f 5073/5073 5025/5025 4957/4957
f 5025/5025 5074/5074 4965/4965
f 4832/4832 5013/5013 4882/4882
f 4933/4933 4803/4803 4804/4804
f 5036/5036 4971/4971 4975/4975
f 5072/5072 5020/5020 4956/4956
f 4873/4873 4815/4815 4816/4816
f 4870/4870 4814/4814 4813/4813
f 4852/4852 4797/4797 4792/4792
f 4928/4928 4793/4793 4799/4799
f 5047/5047 5060/5060 4999/4999
f 4878/4878 4881/4881 4942/4942
f 4846/4846 4844/4844 4923/4923
f 4848/4848 4786/4786 4782/4782
f 4778/4778 4840/4840 4770/4770
f 4776/4776 4915/4915 4775/4775
f 4827/4827 4760/4760 4761/4761
f 4935/4935 4899/4899 4898/4898
f 4833/4833 4831/4831 4767/4767
f 4924/4924 4923/4923 4787/4787
f 4893/4893 5084/5084 4892/4892
f 4824/4824 4913/4913 4765/4765
f 4847/4847 4886/4886 4836/4836
f 4865/4865 4819/4819 4820/4820
f 4934/4934 4804/4804 4805/4805
f 4882/4882 4826/4826 4832/4832
f 4888/4888 5029/5029 4887/4887
f 4829/4829 4828/4828 4831/4831
f 4901/4901 4978/4978 4900/4900
f 4926/4926 4850/4850 4789/4789
f 4934/4934 4933/4933 4804/4804
f 4812/4812 4876/4876 4863/4863
f 4845/4845 4847/4847 4922/4922
f 4931/4931 4930/4930 4801/4801
f 4825/4825 4913/4913 4824/4824
f 4939/4939 4876/4876 4864/4864
f 4881/4881 4941/4941 4866/4866
f 4880/4880 4939/4939 4940/4940
f 4837/4837 4918/4918 4841/4841
f 5014/5014 5015/5015 4949/4949
f 5068/5068 5069/5069 4952/4952
f 5077/5077 4972/4972 4967/4967
f 5050/5050 5051/5051 5054/5054
f 4885/4885 5074/5074 4884/4884
f 5336/5336 5333/5333 5293/5293
f 5099/5099 5063/5063 5100/5100
f 4834/4834 5072/5072 4883/4883
f 5046/5046 5041/5041 5047/5047
f 4906/4906 5059/5059 5061/5061
f 4921/4921 4920/4920 4780/4780
f 4760/4760 4826/4826 4825/4825
f 4880/4880 4940/4940 4877/4877
f 4884/4884 4840/4840 4918/4918
f 4870/4870 4867/4867 4866/4866
f 4923/4923 4783/4783 4787/4787
f 4832/4832 4829/4829 4830/4830
f 4882/4882 4913/4913 4826/4826
f 4869/4869 4873/4873 4874/4874
f 4902/4902 4901/4901 4937/4937
f 5043/5043 4982/4982 4981/4981
f 5084/5084 4986/4986 4980/4980
f 4811/4811 4862/4862 4810/4810
f 4889/4889 5035/5035 4976/4976
f 4879/4879 4878/4878 4943/4943
f 4888/4888 4846/4846 4889/4889
f 5083/5083 5037/5037 4891/4891
f 5057/5057 5002/5002 5056/5056
f 4891/4891 5037/5037 4890/4890
f 4898/4898 5089/5089 4897/4897
f 4886/4886 4838/4838 4836/4836
f 4909/4909 5063/5063 5062/5062
f 4767/4767 4831/4831 4828/4828
f 4905/4905 5061/5061 5064/5064
f 4821/4821 4939/4939 4865/4865
f 4914/4914 4830/4830 4833/4833
f 4789/4789 4924/4924 4851/4851
f 4852/4852 4926/4926 4797/4797
f 4917/4917 4884/4884 4834/4834
f 4811/4811 4863/4863 4862/4862
f 4836/4836 4838/4838 4921/4921
f 4850/4850 4926/4926 4852/4852
f 4898/4898 4897/4897 4933/4933
f 4888/4888 4887/4887 4844/4844
f 4878/4878 4909/4909 4908/4908
f 4857/4857 4855/4855 4862/4862
f 5075/5075 5076/5076 4967/4967
f 5019/5019 4955/4955 4954/4954
f 4883/4883 4915/4915 4916/4916
f 5090/5090 5091/5091 4993/4993
f 4775/4775 4914/4914 4774/4774
f 5037/5037 4979/4979 4984/4984
f 5043/5043 5044/5044 4995/4995
f 4897/4897 4896/4896 4932/4932
f 4821/4821 4865/4865 4820/4820
f 4932/4932 4802/4802 4803/4803
f 4806/4806 4934/4934 4805/4805
f 4937/4937 4856/4856 4938/4938
f 5248/5248 5132/5132 5103/5103
f 4877/4877 4941/4941 4875/4875
f 5293/5293 5292/5292 5332/5332
f 5068/5068 4952/4952 4951/4951
f 4903/4903 4938/4938 4857/4857
f 5015/5015 4954/4954 4953/4953
f 5166/5166 5146/5146 5245/5245
f 5077/5077 4968/4968 4972/4972
f 5034/5034 5029/5029 5079/5079
f 5159/5159 5160/5160 5267/5267
f 5169/5169 5276/5276 5275/5275
f 4781/4781 4921/4921 4785/4785
f 5019/5019 4954/4954 5018/5018
f 5312/5312 5282/5282 5281/5281
f 5080/5080 4974/4974 5079/5079
f 5026/5026 4965/4965 5074/5074
f 5036/5036 4975/4975 5080/5080
f 4896/4896 4931/4931 4932/4932
f 4854/4854 4891/4891 4927/4927
f 5119/5119 5118/5118 5325/5325
f 4846/4846 4923/4923 4924/4924
f 5283/5283 5313/5313 5311/5311
f 5277/5277 5346/5346 5344/5344
f 5323/5323 5321/5321 5287/5287
f 5165/5165 5272/5272 5271/5271
f 4897/4897 5088/5088 4896/4896
f 4900/4900 4791/4791 4901/4901
f 5091/5091 4994/4994 4993/4993
f 5281/5281 5280/5280 5308/5308
f 5291/5291 5290/5290 5328/5328
f 5331/5331 5126/5126 5125/5125
f 4884/4884 4918/4918 4885/4885
f 4765/4765 4912/4912 4764/4764
f 4925/4925 4784/4784 4796/4796
f 5088/5088 4990/4990 4989/4989
f 5091/5091 5092/5092 4994/4994
f 5068/5068 4951/4951 4950/4950
f 4854/4854 4853/4853 4891/4891
f 4875/4875 4907/4907 4906/4906
f 4915/4915 4883/4883 4832/4832
f 4871/4871 4941/4941 4818/4818
f 4810/4810 4862/4862 4861/4861
f 4776/4776 4916/4916 4915/4915
f 4765/4765 4913/4913 4912/4912
f 5082/5082 4983/4983 5081/5081
f 4895/4895 5086/5086 4894/4894
f 4896/4896 5087/5087 4895/4895
f 4775/4775 4915/4915 4914/4914
f 4759/4759 4825/4825 4824/4824
f 4904/4904 5064/5064 5060/5060
f 5048/5048 5095/5095 5049/5049
f 4841/4841 4918/4918 4778/4778
f 4873/4873 4872/4872 4815/4815
f 4826/4826 4827/4827 4829/4829
f 4877/4877 4940/4940 4941/4941
f 4885/4885 4839/4839 4838/4838
f 4976/4976 5081/5081 5036/5036
f 4926/4926 4789/4789 4925/4925
f 5086/5086 4988/4988 4987/4987
f 5082/5082 4984/4984 4983/4983
f 4777/4777 4835/4835 4769/4769
f 4927/4927 4792/4792 4798/4798
f 4810/4810 4861/4861 4809/4809
f 4872/4872 4867/4867 4870/4870
f 4887/4887 4845/4845 4844/4844
f 5285/5285 5284/5284 5316/5316
f 5073/5073 4957/4957 4964/4964
f 5088/5088 4989/4989 5087/5087
f 5043/5043 4981/4981 5042/5042
f 5025/5025 4965/4965 4957/4957
f 5022/5022 5076/5076 5075/5075
f 4780/4780 4920/4920 4919/4919
f 4848/4848 4922/4922 4786/4786
f 5060/5060 4903/4903 4904/4904
f 4781/4781 4847/4847 4921/4921
f 5014/5014 4947/4947 5013/5013
f 5267/5267 5326/5326 5324/5324
f 4877/4877 4905/4905 4880/4880
f 5086/5086 4987/4987 5085/5085
f 5337/5337 5335/5335 5271/5271
f 4773/4773 4842/4842 4772/4772
f 5161/5161 5268/5268 5267/5267
f 5341/5341 5340/5340 5274/5274
f 5095/5095 5009/5009 5008/5008
f 5047/5047 4999/4999 4998/4998
f 5068/5068 4950/4950 5067/5067
f 5309/5309 5202/5202 5108/5108
f 5034/5034 4970/4970 4969/4969
f 5083/5083 4985/4985 4979/4979
f 4939/4939 4864/4864 4865/4865
f 4827/4827 4826/4826 4760/4760
f 4976/4976 5080/5080 4889/4889
f 4923/4923 4849/4849 4783/4783
f 4791/4791 4790/4790 4858/4858
f 4851/4851 4924/4924 4788/4788
f 4929/4929 4928/4928 4799/4799
f 4930/4930 4929/4929 4800/4800
f 4849/4849 4922/4922 4848/4848
f 4832/4832 4830/4830 4914/4914
f 4926/4926 4925/4925 4796/4796
f 4822/4822 4940/4940 4939/4939
f 4933/4933 4932/4932 4803/4803
f 4838/4838 4839/4839 4920/4920
f 4921/4921 4847/4847 4836/4836
f 4876/4876 4939/4939 4880/4880
f 4857/4857 4938/4938 4855/4855
f 4885/4885 4837/4837 4839/4839
f 4894/4894 4893/4893 4929/4929
f 4791/4791 4858/4858 4937/4937
f 5070/5070 5071/5071 4962/4962
f 4976/4976 5035/5035 5082/5082
f 5079/5079 4974/4974 4970/4970
f 5045/5045 5039/5039 5046/5046
f 5087/5087 4989/4989 4988/4988
f 4978/4978 5093/5093 5042/5042
f 5020/5020 5073/5073 4964/4964
f 5028/5028 5075/5075 4966/4966
f 4861/4861 4808/4808 4809/4809
f 4930/4930 4800/4800 4801/4801
f 4879/4879 4910/4910 4909/4909
f 4850/4850 4890/4890 4889/4889
f 4857/4857 4862/4862 4863/4863
f 4859/4859 4860/4860 4856/4856
f 4860/4860 4855/4855 4856/4856
f 4790/4790 4794/4794 4858/4858
f 4779/4779 4843/4843 4773/4773
f 4887/4887 4886/4886 4845/4845
f 4917/4917 4770/4770 4840/4840
f 4778/4778 4918/4918 4840/4840
f 4828/4828 4762/4762 4766/4766
f 4886/4886 5023/5023 4885/4885
f 4777/4777 4917/4917 4835/4835
f 4903/4903 4876/4876 4904/4904
f 5090/5090 4992/4992 4991/4991
f 4912/4912 5066/5066 4911/4911
f 4943/4943 4867/4867 4869/4869
f 4891/4891 5038/5038 5083/5083
f 4917/4917 4777/4777 4770/4770
f 5093/5093 4978/4978 4901/4901
f 4769/4769 4835/4835 4916/4916
f 4830/4830 4829/4829 4831/4831
f 4823/4823 4941/4941 4940/4940
f 4825/4825 4826/4826 4913/4913
f 4855/4855 4938/4938 4856/4856
f 4843/4843 4841/4841 4842/4842
f 4867/4867 4872/4872 4873/4873
f 4884/4884 4917/4917 4840/4840
f 4846/4846 4924/4924 4889/4889
f 4877/4877 4906/4906 4905/4905
f 4881/4881 4908/4908 4907/4907
f 5014/5014 4948/4948 4947/4947
f 5162/5162 5269/5269 5268/5268
f 5249/5249 5339/5339 5273/5273
f 5053/5053 5058/5058 5057/5057
f 5055/5055 5050/5050 5054/5054
f 5064/5064 5096/5096 5095/5095
f 4889/4889 4924/4924 4789/4789
f 5345/5345 5343/5343 5298/5298
f 4912/4912 4911/4911 4763/4763
f 4899/4899 5092/5092 5091/5091
f 4894/4894 5085/5085 4893/4893
f 4893/4893 4892/4892 4928/4928
f 4879/4879 4943/4943 4944/4944
f 4867/4867 4873/4873 4869/4869
f 4838/4838 4920/4920 4921/4921
f 4852/4852 4890/4890 4850/4850
f 4789/4789 4851/4851 4925/4925
f 5089/5089 4991/4991 4990/4990
f 4822/4822 4939/4939 4821/4821
f 4886/4886 4885/4885 4838/4838
f 5038/5038 4980/4980 4985/4985
f 4977/4977 4981/4981 4994/4994
f 5078/5078 4973/4973 4968/4968
f 5079/5079 5031/5031 5080/5080
f 4902/4902 5093/5093 4901/4901
f 4861/4861 4855/4855 4860/4860
f 4767/4767 4828/4828 4766/4766
f 5015/5015 5014/5014 5016/5016
f 5296/5296 5249/5249 5340/5340
f 5045/5045 4996/4996 4995/4995
f 5216/5216 5160/5160 5159/5159
f 5165/5165 5271/5271 5164/5164
f 5207/5207 5177/5177 5113/5113
f 5186/5186 5220/5220 5185/5185
f 5284/5284 5313/5313 5283/5283
f 5092/5092 4978/4978 4977/4977
f 5055/5055 5097/5097 5050/5050
f 5032/5032 4886/4886 5030/5030
f 5304/5304 5255/5255 5256/5256
f 5336/5336 5293/5293 5294/5294
f 5277/5277 5344/5344 5276/5276
f 4886/4886 5021/5021 5023/5023
f 5132/5132 5343/5343 5134/5134
f 5142/5142 5237/5237 5138/5138
f 5317/5317 5284/5284 5285/5285
f 5285/5285 5316/5316 5318/5318
f 5309/5309 5108/5108 5307/5307
f 5106/5106 5236/5236 5140/5140
f 5299/5299 5344/5344 5346/5346
f 5192/5192 5233/5233 5193/5193
f 5096/5096 5097/5097 5010/5010
f 5203/5203 5204/5204 5153/5153
f 5139/5139 5141/5141 5143/5143
f 5206/5206 5209/5209 5156/5156
f 5217/5217 5218/5218 5161/5161
f 5176/5176 5177/5177 5206/5206
f 5316/5316 5314/5314 5261/5261
f 5240/5240 5242/5242 5243/5243
f 5232/5232 5234/5234 5170/5170
f 5197/5197 5172/5172 5199/5199
f 5201/5201 5174/5174 5173/5173
f 5154/5154 5262/5262 5261/5261
f 5210/5210 5158/5158 5157/5157
f 4907/4907 4908/4908 5065/5065
f 4898/4898 4899/4899 5091/5091
f 5046/5046 5047/5047 4998/4998
f 5329/5329 5119/5119 5327/5327
f 5248/5248 5246/5246 5296/5296
f 5203/5203 5153/5153 5259/5259
f 4895/4895 5087/5087 5086/5086
f 5080/5080 5031/5031 4889/4889
f 5189/5189 5148/5148 5147/5147
f 5265/5265 5322/5322 5320/5320
f 5260/5260 5312/5312 5310/5310
f 4885/4885 5023/5023 5024/5024
f 5251/5251 5255/5255 5303/5303
f 5301/5301 5250/5250 5237/5237
f 5253/5253 5195/5195 5252/5252
f 5194/5194 5234/5234 5192/5192
f 4832/4832 4883/4883 5071/5071
f 5051/5051 5098/5098 5099/5099
f 5120/5120 5183/5183 5182/5182
f 5303/5303 5279/5279 5254/5254
f 5147/5147 5225/5225 5188/5188
f 5150/5150 5186/5186 5185/5185
f 5193/5193 5233/5233 5137/5137
f 5118/5118 5323/5323 5325/5325
f 5213/5213 5216/5216 5159/5159
f 5133/5133 5229/5229 5227/5227
f 5141/5141 5171/5171 5193/5193
f 5149/5149 5277/5277 5170/5170
f 5208/5208 5315/5315 5317/5317
f 4885/4885 5024/5024 5022/5022
f 5270/5270 5330/5330 5269/5269
f 5340/5340 5245/5245 5274/5274
f 5035/5035 5037/5037 5082/5082
f 5064/5064 5061/5061 5096/5096
f 5101/5101 5239/5239 5243/5243
f 5117/5117 5181/5181 5214/5214
f 5196/5196 5172/5172 5197/5197
f 5170/5170 5194/5194 5149/5149
f 4905/4905 4906/4906 5061/5061
f 5111/5111 5113/5113 5177/5177
f 5097/5097 5065/5065 5050/5050
f 5237/5237 5149/5149 5138/5138
f 5200/5200 5259/5259 5258/5258
f 5233/5233 5191/5191 5230/5230
f 5150/5150 5185/5185 5123/5123
f 5192/5192 5232/5232 5191/5191
f 5016/5016 5013/5013 4832/4832
f 5060/5060 5047/5047 5041/5041
f 5240/5240 5243/5243 5239/5239
f 5342/5342 5296/5296 5297/5297
f 5314/5314 5260/5260 5261/5261
f 5012/5012 5069/5069 5013/5013
f 5056/5056 5002/5002 5000/5000
f 5324/5324 5287/5287 5322/5322
f 5345/5345 5136/5136 5134/5134
f 5197/5197 5199/5199 5257/5257
f 5221/5221 5164/5164 5163/5163
f 5239/5239 5235/5235 5105/5105
f 5172/5172 5173/5173 5200/5200
f 5194/5194 5192/5192 5171/5171
f 5111/5111 5177/5177 5176/5176
f 5183/5183 5217/5217 5182/5182
f 5231/5231 5167/5167 5228/5228
f 5206/5206 5156/5156 5155/5155
f 5309/5309 5280/5280 5281/5281
f 5247/5247 5295/5295 5246/5246
f 5209/5209 5157/5157 5156/5156
f 5154/5154 5260/5260 5153/5153
f 5131/5131 5222/5222 5129/5129
f 5176/5176 5206/5206 5205/5205
f 5185/5185 5219/5219 5184/5184
f 5311/5311 5281/5281 5282/5282
f 5102/5102 5140/5140 5236/5236
f 5169/5169 5275/5275 5168/5168
f 5120/5120 5122/5122 5184/5184
f 5226/5226 5147/5147 5188/5188
f 5156/5156 5262/5262 5155/5155
f 5201/5201 5173/5173 5107/5107
f 5219/5219 5163/5163 5162/5162
f 5061/5061 5059/5059 5097/5097
f 5267/5267 5324/5324 5266/5266
f 4882/4882 5069/5069 5068/5068
f 5017/5017 5019/5019 5018/5018
f 5321/5321 5286/5286 5287/5287
f 5238/5238 5242/5242 5240/5240
f 5338/5338 5294/5294 5295/5295
f 5138/5138 5145/5145 5142/5142
f 5180/5180 5216/5216 5213/5213
f 5314/5314 5282/5282 5312/5312
f 5055/5055 5001/5001 5005/5005
f 5125/5125 5329/5329 5331/5331
f 5294/5294 5335/5335 5337/5337
f 5298/5298 5341/5341 5344/5344
f 5172/5172 5196/5196 5152/5152
f 5189/5189 5228/5228 5148/5148
f 5200/5200 5203/5203 5259/5259
f 5219/5219 5220/5220 5163/5163
f 5142/5142 5241/5241 5237/5237
f 5104/5104 5226/5226 5224/5224
f 5253/5253 5198/5198 5195/5195
f 5190/5190 5228/5228 5189/5189
f 5224/5224 5222/5222 5131/5131
f 5187/5187 5221/5221 5186/5186
f 5198/5198 5173/5173 5172/5172
f 5232/5232 5168/5168 5231/5231
f 5098/5098 5065/5065 5062/5062
f 5232/5232 5170/5170 5169/5169
f 5174/5174 5204/5204 5203/5203
f 5278/5278 5301/5301 5238/5238
f 5192/5192 5234/5234 5232/5232
f 5190/5190 5231/5231 5228/5228
f 5066/5066 4882/4882 5068/5068
f 5182/5182 5217/5217 5216/5216
f 5289/5289 5324/5324 5326/5326
f 5291/5291 5328/5328 5330/5330
f 5150/5150 5127/5127 5129/5129
f 5150/5150 5129/5129 5222/5222
f 5039/5039 5044/5044 5040/5040
f 5183/5183 5218/5218 5217/5217
f 5253/5253 5302/5302 5305/5305
f 4892/4892 5084/5084 5038/5038
f 5308/5308 5279/5279 5306/5306
f 5169/5169 5277/5277 5276/5276
f 5260/5260 5310/5310 5259/5259
f 4834/4834 5020/5020 5072/5072
f 5079/5079 5029/5029 5031/5031
f 5316/5316 5261/5261 5262/5262
f 5051/5051 5053/5053 5057/5057
f 5166/5166 5245/5245 5273/5273
f 5257/5257 5304/5304 5256/5256
f 4883/4883 5072/5072 5071/5071
f 5167/5167 5245/5245 5146/5146
f 5281/5281 5308/5308 5310/5310
f 5286/5286 5318/5318 5320/5320
f 4884/4884 5074/5074 5025/5025
f 5136/5136 5300/5300 5105/5105
f 5138/5138 5139/5139 5145/5145
f 5195/5195 5198/5198 5172/5172
f 5206/5206 5155/5155 5154/5154
f 5231/5231 5168/5168 5167/5167
f 5290/5290 5326/5326 5328/5328
f 5101/5101 5235/5235 5239/5239
f 5222/5222 5187/5187 5186/5186
f 5306/5306 5279/5279 5304/5304
f 5141/5141 5193/5193 5140/5140
f 5135/5135 5233/5233 5230/5230
f 5166/5166 5272/5272 5165/5165
f 5159/5159 5267/5267 5266/5266
f 5163/5163 5271/5271 5270/5270
f 5158/5158 5266/5266 5265/5265
f 5192/5192 5193/5193 5171/5171
f 5341/5341 5274/5274 5275/5275
f 5292/5292 5329/5329 5291/5291
f 5344/5344 5275/5275 5276/5276
f 5314/5314 5312/5312 5260/5260
f 5148/5148 5146/5146 5166/5166
f 5049/5049 5007/5007 5006/5006
f 5333/5333 5292/5292 5293/5293
f 4896/4896 5088/5088 5087/5087
f 5229/5229 5190/5190 5189/5189
f 5122/5122 5123/5123 5185/5185
f 5115/5115 5179/5179 5178/5178
f 5226/5226 5188/5188 5224/5224
f 5221/5221 5163/5163 5220/5220
f 5337/5337 5271/5271 5272/5272
f 5199/5199 5258/5258 5257/5257
f 5167/5167 5275/5275 5274/5274
f 5109/5109 5174/5174 5201/5201
f 4893/4893 5085/5085 5084/5084
f 5026/5026 5075/5075 5028/5028
f 5264/5264 5318/5318 5263/5263
f 5266/5266 5322/5322 5265/5265
f 4902/4902 5094/5094 5093/5093
f 5095/5095 5096/5096 5009/5009
f 5206/5206 5154/5154 5205/5205
f 5162/5162 5268/5268 5161/5161
f 5323/5323 5287/5287 5288/5288
f 5109/5109 5176/5176 5175/5175
f 5225/5225 5165/5165 5223/5223
f 5139/5139 5143/5143 5145/5145
f 5051/5051 5050/5050 5098/5098
f 5325/5325 5288/5288 5289/5289
f 5335/5335 5270/5270 5271/5271
f 5077/5077 5021/5021 5032/5032
f 5339/5339 5272/5272 5273/5273
f 5259/5259 5308/5308 5258/5258
f 5345/5345 5298/5298 5299/5299
f 5039/5039 5040/5040 5094/5094
f 5048/5048 5006/5006 4999/4999
f 5106/5106 5140/5140 5193/5193
f 5110/5110 5309/5309 5311/5311
f 5313/5313 5110/5110 5311/5311
f 5135/5135 5229/5229 5133/5133
f 5119/5119 5325/5325 5327/5327
f 5233/5233 5192/5192 5191/5191
f 5295/5295 5337/5337 5339/5339
f 5199/5199 5200/5200 5258/5258
f 5141/5141 5140/5140 5144/5144
f 5138/5138 5149/5149 5194/5194
f 5323/5323 5212/5212 5321/5321
f 5191/5191 5232/5232 5231/5231
f 5266/5266 5324/5324 5322/5322
f 5336/5336 5128/5128 5126/5126
f 5336/5336 5126/5126 5334/5334
f 5180/5180 5181/5181 5216/5216
f 5225/5225 5166/5166 5165/5165
f 5207/5207 5178/5178 5177/5177
f 5179/5179 5180/5180 5213/5213
f 5174/5174 5200/5200 5173/5173
f 4908/4908 4909/4909 5062/5062
f 4903/4903 5094/5094 4902/4902
f 5049/5049 5095/5095 5008/5008
f 4904/4904 4905/4905 5064/5064
f 4894/4894 5086/5086 5085/5085
f 5099/5099 5062/5062 5063/5063
f 5012/5012 5011/5011 5069/5069
f 5264/5264 5320/5320 5318/5318
f 4888/4888 5031/5031 5029/5029
f 5212/5212 5319/5319 5321/5321
f 4887/4887 5029/5029 5030/5030
f 5259/5259 5310/5310 5308/5308
f 5257/5257 5306/5306 5304/5304
f 5340/5340 5249/5249 5245/5245
f 5104/5104 5133/5133 5227/5227
f 5060/5060 5064/5064 5095/5095
f 5186/5186 5221/5221 5220/5220
f 4891/4891 4853/4853 5038/5038
f 5179/5179 5209/5209 5178/5178
f 5179/5179 5213/5213 5210/5210
f 5214/5214 5181/5181 5180/5180
f 5300/5300 5278/5278 5240/5240
f 5103/5103 5130/5130 5338/5338
f 5304/5304 5303/5303 5255/5255
f 5333/5333 5126/5126 5331/5331
f 5135/5135 5137/5137 5233/5233
f 5060/5060 5041/5041 4903/4903
f 5297/5297 5340/5340 5341/5341
f 5291/5291 5327/5327 5290/5290
f 5265/5265 5320/5320 5264/5264
f 5249/5249 5273/5273 5245/5245
f 5251/5251 5303/5303 5254/5254
f 5053/5053 5052/5052 5058/5058
f 5300/5300 5240/5240 5239/5239
f 5115/5115 5178/5178 5207/5207
f 5138/5138 5194/5194 5139/5139
f 5178/5178 5209/5209 5206/5206
f 4909/4909 4910/4910 5063/5063
f 5237/5237 5244/5244 5238/5238
f 4898/4898 5090/5090 5089/5089
f 4906/4906 4907/4907 5059/5059
f 5197/5197 5255/5255 5196/5196
f 5074/5074 5022/5022 5026/5026
f 5148/5148 5166/5166 5225/5225
f 5188/5188 5223/5223 5187/5187
f 5152/5152 5252/5252 5195/5195
f 5070/5070 5019/5019 5017/5017
f 5263/5263 5316/5316 5262/5262
f 5283/5283 5311/5311 5282/5282
f 4882/4882 5013/5013 5069/5069
f 4900/4900 4978/4978 5092/5092
f 5316/5316 5283/5283 5314/5314
f 5301/5301 5299/5299 5346/5346
f 5196/5196 5255/5255 5251/5251
f 5227/5227 5189/5189 5147/5147
f 5218/5218 5219/5219 5162/5162
f 5185/5185 5220/5220 5219/5219
f 5304/5304 5279/5279 5303/5303
f 5103/5103 5338/5338 5247/5247
f 5211/5211 5179/5179 5115/5115
f 5229/5229 5189/5189 5227/5227
f 5223/5223 5164/5164 5221/5221
f 5128/5128 5336/5336 5130/5130
f 5277/5277 5301/5301 5346/5346
f 5157/5157 5265/5265 5264/5264
f 5157/5157 5263/5263 5156/5156
f 5161/5161 5267/5267 5160/5160
f 5195/5195 5172/5172 5152/5152
f 5301/5301 5237/5237 5238/5238
f 5182/5182 5216/5216 5181/5181
f 5043/5043 5040/5040 5044/5044
f 5193/5193 5137/5137 5106/5106
f 5319/5319 5285/5285 5286/5286
f 4834/4834 4884/4884 5073/5073
f 5174/5174 5175/5175 5204/5204
f 5198/5198 5107/5107 5173/5173
f 5228/5228 5146/5146 5148/5148
f 5184/5184 5218/5218 5183/5183
f 5120/5120 5184/5184 5183/5183
f 5130/5130 5336/5336 5338/5338
f 5117/5117 5182/5182 5181/5181
f 5021/5021 5077/5077 5023/5023
f 5054/5054 5000/5000 5001/5001
f 5268/5268 5326/5326 5267/5267
f 5246/5246 5339/5339 5249/5249
f 5013/5013 5016/5016 5014/5014
f 5232/5232 5169/5169 5168/5168
f 5175/5175 5205/5205 5204/5204
f 5312/5312 5281/5281 5310/5310
f 5296/5296 5246/5246 5249/5249
f 5057/5057 5003/5003 5002/5002
f 5293/5293 5332/5332 5335/5335
f 5329/5329 5121/5121 5119/5119
f 5102/5102 5144/5144 5140/5140
f 5197/5197 5256/5256 5255/5255
f 5152/5152 5251/5251 5252/5252
f 5216/5216 5217/5217 5160/5160
f 5170/5170 5234/5234 5194/5194
f 5279/5279 5305/5305 5302/5302
f 5179/5179 5210/5210 5209/5209
f 5224/5224 5188/5188 5187/5187
f 5279/5279 5302/5302 5254/5254
f 5172/5172 5200/5200 5199/5199
f 5214/5214 5180/5180 5211/5211
f 5217/5217 5161/5161 5160/5160
f 5248/5248 5343/5343 5132/5132
f 5224/5224 5187/5187 5222/5222
f 5178/5178 5206/5206 5177/5177
f 5151/5151 5124/5124 5127/5127
f 5048/5048 5060/5060 5095/5095
f 5187/5187 5223/5223 5221/5221
f 5188/5188 5225/5225 5223/5223
f 5184/5184 5219/5219 5218/5218
f 5263/5263 5318/5318 5316/5316
f 5210/5210 5213/5213 5158/5158
f 5209/5209 5210/5210 5157/5157
f 5053/5053 5099/5099 5100/5100
f 5174/5174 5203/5203 5200/5200
f 5093/5093 5094/5094 5040/5040
f 5175/5175 5176/5176 5205/5205
f 5345/5345 5134/5134 5343/5343
f 4897/4897 5089/5089 5088/5088
f 5258/5258 5306/5306 5257/5257
f 5299/5299 5300/5300 5345/5345
f 5042/5042 5093/5093 5043/5043
f 5078/5078 5029/5029 5034/5034
f 5278/5278 5238/5238 5240/5240
f 5104/5104 5224/5224 5131/5131
f 5252/5252 5254/5254 5302/5302
f 5057/5057 5058/5058 5004/5004
f 5280/5280 5305/5305 5279/5279
f 5319/5319 5208/5208 5317/5317
f 5315/5315 5112/5112 5313/5313
f 5237/5237 5250/5250 5149/5149
f 5139/5139 5194/5194 5171/5171
f 5205/5205 5154/5154 5153/5153
f 5228/5228 5167/5167 5146/5146
f 5223/5223 5165/5165 5164/5164
f 5238/5238 5244/5244 5242/5242
f 5147/5147 5148/5148 5225/5225
f 5109/5109 5111/5111 5176/5176
f 5211/5211 5180/5180 5179/5179
f 5292/5292 5330/5330 5332/5332
f 5141/5141 5144/5144 5143/5143
f 5139/5139 5171/5171 5141/5141
f 5197/5197 5257/5257 5256/5256
f 5205/5205 5153/5153 5204/5204
f 5162/5162 5270/5270 5269/5269
f 5120/5120 5182/5182 5117/5117
f 5222/5222 5186/5186 5150/5150
f 4890/4890 5037/5037 5035/5035
f 4889/4889 4890/4890 5035/5035
f 5269/5269 5328/5328 5268/5268
f 5109/5109 5175/5175 5174/5174
f 5322/5322 5286/5286 5320/5320
f 5258/5258 5308/5308 5306/5306
f 5252/5252 5251/5251 5254/5254
f 5046/5046 5039/5039 5041/5041
f 5196/5196 5251/5251 5152/5152
f 4832/4832 5070/5070 5017/5017
f 5237/5237 5241/5241 5244/5244
f 5023/5023 5077/5077 5076/5076
f 5213/5213 5159/5159 5158/5158
f 5218/5218 5162/5162 5161/5161
f 5122/5122 5185/5185 5184/5184
f 5022/5022 5024/5024 5076/5076
f 4899/4899 4900/4900 5092/5092
f 5239/5239 5105/5105 5300/5300
f 5327/5327 5289/5289 5290/5290
f 4915/4915 4832/4832 4914/4914
f 4878/4878 4942/4942 4943/4943
f 4881/4881 4866/4866 4942/4942
f 4944/4944 4869/4869 4868/4868
f 4862/4862 4855/4855 4861/4861
f 4844/4844 4849/4849 4923/4923
f 4922/4922 4844/4844 4845/4845
f 4920/4920 4837/4837 4919/4919
f 4830/4830 4831/4831 4833/4833
f 4919/4919 4841/4841 4843/4843
f 4823/4823 4940/4940 4822/4822
f 4871/4871 4818/4818 4814/4814
f 4817/4817 4873/4873 4816/4816
f 4812/4812 4863/4863 4811/4811
f 4926/4926 4796/4796 4797/4797
f 4931/4931 4801/4801 4802/4802
f 4859/4859 4794/4794 4795/4795
f 4794/4794 4790/4790 4807/4807
f 4851/4851 4788/4788 4784/4784
f 4769/4769 4916/4916 4776/4776
f 4924/4924 4787/4787 4788/4788
f 4921/4921 4780/4780 4785/4785
f 4780/4780 4919/4919 4779/4779
f 4833/4833 4767/4767 4768/4768
f 4912/4912 4763/4763 4764/4764
f 4762/4762 4827/4827 4761/4761
f 5268/5268 5328/5328 5326/5326
f 5075/5075 4967/4967 4966/4966
f 5012/5012 4947/4947 4946/4946
f 5019/5019 4961/4961 4955/4955
f 4880/4880 4904/4904 4876/4876
f 4935/4935 4898/4898 4934/4934
f 5339/5339 5337/5337 5272/5272
f 5324/5324 5288/5288 5287/5287
f 4888/4888 4844/4844 4846/4846
f 5299/5299 5278/5278 5300/5300
f 5051/5051 5099/5099 5053/5053
f 5017/5017 5016/5016 4832/4832
f 5065/5065 5097/5097 5059/5059
f 5066/5066 5068/5068 5067/5067
f 5050/5050 5065/5065 5098/5098
f 4884/4884 5025/5025 5073/5073
f 5333/5333 5331/5331 5292/5292
f 5325/5325 5323/5323 5288/5288
f 4832/4832 5071/5071 5070/5070
f 5022/5022 5074/5074 4885/4885
f 5327/5327 5325/5325 5289/5289
f 5319/5319 5317/5317 5285/5285
f 5054/5054 5051/5051 5056/5056
f 5169/5169 5170/5170 5277/5277
f 5163/5163 5164/5164 5271/5271
f 5023/5023 5076/5076 5024/5024
f 5277/5277 5250/5250 5301/5301
f 4849/4849 4782/4782 4783/4783
f 4977/4977 4994/4994 5092/5092
f 4976/4976 5036/5036 5080/5080
f 4978/4978 5042/5042 4977/4977
f 5078/5078 4968/4968 5032/5032
f 5072/5072 4956/4956 4963/4963
f 5070/5070 4962/4962 4961/4961
f 5020/5020 4964/4964 4956/4956
f 5027/5027 4958/4958 5026/5026
f 5011/5011 4952/4952 5069/5069
f 5270/5270 5332/5332 5330/5330
f 5269/5269 5330/5330 5328/5328
f 5118/5118 5215/5215 5323/5323
f 5323/5323 5215/5215 5212/5212
f 4892/4892 4854/4854 4928/4928
f 5044/5044 5039/5039 5045/5045
f 5311/5311 5309/5309 5281/5281
f 5284/5284 5315/5315 5313/5313
f 5053/5053 5100/5100 5052/5052
f 5309/5309 5307/5307 5280/5280
f 5317/5317 5315/5315 5284/5284
f 5342/5342 5248/5248 5296/5296
f 5247/5247 5338/5338 5295/5295
f 5292/5292 5331/5331 5329/5329
f 5321/5321 5319/5319 5286/5286
f 5166/5166 5273/5273 5272/5272
f 5167/5167 5168/5168 5275/5275
f 5162/5162 5163/5163 5270/5270
f 5280/5280 5307/5307 5305/5305
f 5153/5153 5260/5260 5259/5259
f 5045/5045 4997/4997 4996/4996
f 5015/5015 5016/5016 5018/5018
f 5037/5037 4984/4984 5082/5082
f 5017/5017 5018/5018 5016/5016
f 5049/5049 5008/5008 5007/5007
f 5049/5049 5006/5006 5048/5048
f 5054/5054 5001/5001 5055/5055
f 5157/5157 5264/5264 5263/5263
f 5055/5055 5005/5005 5097/5097
f 5057/5057 5004/5004 5003/5003
f 5157/5157 5158/5158 5265/5265
f 5026/5026 5028/5028 5027/5027
f 5154/5154 5261/5261 5260/5260
f 5156/5156 5263/5263 5262/5262
f 5301/5301 5278/5278 5299/5299
f 5032/5032 5030/5030 5078/5078
f 5029/5029 5078/5078 5030/5030
f 5079/5079 4970/4970 5034/5034
f 5043/5043 4995/4995 4982/4982
f 5089/5089 4990/4990 5088/5088
f 5149/5149 5250/5250 5277/5277
f 5084/5084 4980/4980 5038/5038
f 5087/5087 4988/4988 5086/5086
f 4976/4976 5082/5082 5081/5081
f 5308/5308 5280/5280 5279/5279
f 4981/4981 4977/4977 5042/5042
f 5253/5253 5252/5252 5302/5302
f 5316/5316 5284/5284 5283/5283
f 5315/5315 5114/5114 5112/5112
f 5292/5292 5291/5291 5330/5330
f 4875/4875 4906/4906 4877/4877
f 5286/5286 5285/5285 5318/5318
f 4938/4938 4903/4903 4902/4902
f 5319/5319 5116/5116 5208/5208
f 4936/4936 4899/4899 4935/4935
f 5313/5313 5112/5112 5110/5110
f 5314/5314 5283/5283 5282/5282
f 5033/5033 4973/4973 5078/5078
f 5208/5208 5114/5114 5315/5315
f 5027/5027 4960/4960 4959/4959
f 5322/5322 5287/5287 5286/5286
f 5011/5011 4946/4946 4945/4945
f 4891/4891 4852/4852 4927/4927
f 5294/5294 5293/5293 5335/5335
f 5246/5246 5295/5295 5339/5339
f 4890/4890 4852/4852 4891/4891
f 5295/5295 5294/5294 5337/5337
f 5299/5299 5298/5298 5344/5344
f 5136/5136 5345/5345 5300/5300
f 5349/5349 5385/5385 5386/5386
f 5409/5409 5410/5410 5352/5352
f 5355/5355 5407/5407 5408/5408
f 5405/5405 5406/5406 5356/5356
f 5403/5403 5404/5404 5358/5358
f 5359/5359 5358/5358 5360/5360
f 5445/5445 5446/5446 5362/5362
f 5363/5363 5362/5362 5364/5364
f 5365/5365 5364/5364 5366/5366
f 5401/5401 5402/5402 5368/5368
f 5369/5369 5368/5368 5370/5370
f 5371/5371 5370/5370 5372/5372
f 5373/5373 5372/5372 5374/5374
f 5377/5377 5375/5375 5374/5374
f 5379/5379 5377/5377 5376/5376
f 5381/5381 5379/5379 5378/5378
f 5383/5383 5381/5381 5380/5380
f 5433/5433 5403/5403 5359/5359
f 5496/5496 5401/5401 5369/5369
f 5377/5377 5379/5379 5396/5396
f 5348/5348 5384/5384 5442/5442
f 5384/5384 5350/5350 5416/5416
f 5407/5407 5355/5355 5426/5426
f 5439/5439 5363/5363 5365/5365
f 5373/5373 5375/5375 5394/5394
f 5387/5387 5349/5349 5386/5386
f 5385/5385 5351/5351 5420/5420
f 5399/5399 5386/5386 5348/5348
f 5435/5435 5359/5359 5361/5361
f 5391/5391 5369/5369 5371/5371
f 5379/5379 5381/5381 5397/5397
f 5350/5350 5385/5385 5418/5418
f 5429/5429 5405/5405 5357/5357
f 5365/5365 5367/5367 5498/5498
f 5375/5375 5377/5377 5395/5395
f 5422/5422 5409/5409 5353/5353
f 5437/5437 5445/5445 5363/5363
f 5392/5392 5371/5371 5373/5373
f 5397/5397 5381/5381 5383/5383
f 5367/5367 5401/5401 5496/5496
f 5367/5367 5366/5366 5402/5402
f 5431/5431 5357/5357 5403/5403
f 5403/5403 5357/5357 5356/5356
f 5355/5355 5405/5405 5429/5429
f 5405/5405 5355/5355 5354/5354
f 5353/5353 5407/5407 5440/5440
f 5353/5353 5352/5352 5408/5408
f 5420/5420 5351/5351 5409/5409
f 5409/5409 5351/5351 5349/5349
f 5406/5406 5400/5400 5415/5415
f 5402/5402 5366/5366 5425/5425
f 5366/5366 5364/5364 5423/5423
f 5408/5408 5352/5352 5413/5413
f 5374/5374 5432/5432 5434/5434
f 5352/5352 5410/5410 5444/5444
f 5446/5446 5419/5419 5421/5421
f 5372/5372 5370/5370 5428/5428
f 5380/5380 5436/5436 5438/5438
f 5354/5354 5400/5400 5406/5406
f 5358/5358 5404/5404 5443/5443
f 5368/5368 5402/5402 5441/5441
f 5376/5376 5434/5434 5389/5389
f 5354/5354 5408/5408 5388/5388
f 5364/5364 5362/5362 5421/5421
f 5372/5372 5430/5430 5432/5432
f 5404/5404 5356/5356 5415/5415
f 5410/5410 5349/5349 5411/5411
f 5387/5387 5412/5412 5411/5411
f 5360/5360 5358/5358 5417/5417
f 5370/5370 5368/5368 5427/5427
f 5380/5380 5378/5378 5389/5389
f 5360/5360 5419/5419 5446/5446
f 5390/5390 5361/5361 5445/5445
f 5445/5445 5361/5361 5360/5360
f 5444/5444 5411/5411 5412/5412
f 5449/5449 5447/5447 5448/5448
f 5451/5451 5449/5449 5450/5450
f 5382/5382 5469/5469 5475/5475
f 5469/5469 5468/5468 5474/5474
f 5468/5468 5467/5467 5473/5473
f 5467/5467 5466/5466 5472/5472
f 5466/5466 5465/5465 5471/5471
f 5465/5465 5464/5464 5463/5463
f 5461/5461 5460/5460 5459/5459
f 5456/5456 5459/5459 5458/5458
f 5456/5456 5455/5455 5459/5459
f 5459/5459 5455/5455 5462/5462
f 5451/5451 5455/5455 5454/5454
f 5451/5451 5452/5452 5455/5455
f 5470/5470 5455/5455 5452/5452
f 5455/5455 5470/5470 5462/5462
f 5463/5463 5462/5462 5470/5470
f 5383/5383 5475/5475 5506/5506
f 5492/5492 5463/5463 5464/5464
f 5449/5449 5451/5451 5480/5480
f 5493/5493 5464/5464 5465/5465
f 5452/5452 5450/5450 5479/5479
f 5465/5465 5466/5466 5495/5495
f 5480/5480 5451/5451 5453/5453
f 5495/5495 5466/5466 5467/5467
f 5467/5467 5468/5468 5497/5497
f 5454/5454 5455/5455 5484/5484
f 5497/5497 5468/5468 5469/5469
f 5484/5484 5455/5455 5456/5456
f 5499/5499 5469/5469 5382/5382
f 5485/5485 5456/5456 5457/5457
f 5470/5470 5452/5452 5481/5481
f 5486/5486 5457/5457 5458/5458
f 5471/5471 5470/5470 5501/5501
f 5458/5458 5459/5459 5488/5488
f 5476/5476 5447/5447 5449/5449
f 5472/5472 5471/5471 5502/5502
f 5488/5488 5459/5459 5460/5460
f 5477/5477 5448/5448 5447/5447
f 5473/5473 5472/5472 5503/5503
f 5460/5460 5461/5461 5490/5490
f 5450/5450 5448/5448 5477/5477
f 5474/5474 5473/5473 5504/5504
f 5461/5461 5462/5462 5491/5491
f 5475/5475 5474/5474 5505/5505
f 5462/5462 5463/5463 5492/5492
f 5454/5454 5483/5483 5482/5482
f 5386/5386 5385/5385 5348/5348
f 5348/5348 5350/5350 5384/5384
f 5385/5385 5350/5350 5348/5348
f 5385/5385 5349/5349 5351/5351
f 5409/5409 5352/5352 5353/5353
f 5355/5355 5408/5408 5354/5354
f 5405/5405 5356/5356 5357/5357
f 5403/5403 5358/5358 5359/5359
f 5359/5359 5360/5360 5361/5361
f 5445/5445 5362/5362 5363/5363
f 5363/5363 5364/5364 5365/5365
f 5365/5365 5366/5366 5367/5367
f 5401/5401 5368/5368 5369/5369
f 5369/5369 5370/5370 5371/5371
f 5371/5371 5372/5372 5373/5373
f 5373/5373 5374/5374 5375/5375
f 5377/5377 5374/5374 5376/5376
f 5379/5379 5376/5376 5378/5378
f 5381/5381 5378/5378 5380/5380
f 5383/5383 5380/5380 5382/5382
f 5433/5433 5359/5359 5435/5435
f 5496/5496 5369/5369 5391/5391
f 5377/5377 5396/5396 5395/5395
f 5348/5348 5442/5442 5414/5414
f 5384/5384 5416/5416 5442/5442
f 5407/5407 5426/5426 5440/5440
f 5439/5439 5365/5365 5500/5500
f 5373/5373 5394/5394 5393/5393
f 5387/5387 5386/5386 5399/5399
f 5385/5385 5420/5420 5418/5418
f 5399/5399 5348/5348 5414/5414
f 5435/5435 5361/5361 5390/5390
f 5391/5391 5371/5371 5392/5392
f 5379/5379 5397/5397 5396/5396
f 5350/5350 5418/5418 5416/5416
f 5429/5429 5357/5357 5431/5431
f 5365/5365 5498/5498 5500/5500
f 5375/5375 5395/5395 5394/5394
f 5422/5422 5353/5353 5424/5424
f 5437/5437 5363/5363 5439/5439
f 5392/5392 5373/5373 5393/5393
f 5397/5397 5383/5383 5398/5398
f 5367/5367 5496/5496 5498/5498
f 5367/5367 5402/5402 5401/5401
f 5431/5431 5403/5403 5433/5433
f 5403/5403 5356/5356 5404/5404
f 5355/5355 5429/5429 5426/5426
f 5405/5405 5354/5354 5406/5406
f 5353/5353 5440/5440 5424/5424
f 5353/5353 5408/5408 5407/5407
f 5420/5420 5409/5409 5422/5422
f 5409/5409 5349/5349 5410/5410
f 5406/5406 5415/5415 5356/5356
f 5402/5402 5425/5425 5441/5441
f 5366/5366 5423/5423 5425/5425
f 5408/5408 5413/5413 5388/5388
f 5374/5374 5434/5434 5376/5376
f 5352/5352 5444/5444 5413/5413
f 5446/5446 5421/5421 5362/5362
f 5372/5372 5428/5428 5430/5430
f 5380/5380 5438/5438 5382/5382
f 5358/5358 5443/5443 5417/5417
f 5368/5368 5441/5441 5427/5427
f 5376/5376 5389/5389 5378/5378
f 5354/5354 5388/5388 5400/5400
f 5364/5364 5421/5421 5423/5423
f 5372/5372 5432/5432 5374/5374
f 5404/5404 5415/5415 5443/5443
f 5410/5410 5411/5411 5444/5444
f 5387/5387 5411/5411 5349/5349
f 5360/5360 5417/5417 5419/5419
f 5370/5370 5427/5427 5428/5428
f 5380/5380 5389/5389 5436/5436
f 5390/5390 5445/5445 5437/5437
f 5445/5445 5360/5360 5446/5446
f 5449/5449 5448/5448 5450/5450
f 5451/5451 5450/5450 5452/5452
f 5382/5382 5475/5475 5383/5383
f 5469/5469 5474/5474 5475/5475
f 5468/5468 5473/5473 5474/5474
f 5467/5467 5472/5472 5473/5473
f 5466/5466 5471/5471 5472/5472
f 5465/5465 5463/5463 5471/5471
f 5461/5461 5459/5459 5462/5462
f 5456/5456 5458/5458 5457/5457
f 5451/5451 5454/5454 5453/5453
f 5463/5463 5470/5470 5471/5471
f 5383/5383 5506/5506 5398/5398
f 5492/5492 5464/5464 5493/5493
f 5449/5449 5480/5480 5478/5478
f 5493/5493 5465/5465 5494/5494
f 5452/5452 5479/5479 5481/5481
f 5465/5465 5495/5495 5494/5494
f 5480/5480 5453/5453 5482/5482
f 5495/5495 5467/5467 5497/5497
f 5454/5454 5484/5484 5483/5483
f 5497/5497 5469/5469 5499/5499
f 5484/5484 5456/5456 5485/5485
f 5499/5499 5382/5382 5438/5438
f 5485/5485 5457/5457 5486/5486
f 5470/5470 5481/5481 5501/5501
f 5486/5486 5458/5458 5487/5487
f 5471/5471 5501/5501 5502/5502
f 5458/5458 5488/5488 5487/5487
f 5476/5476 5449/5449 5478/5478
f 5472/5472 5502/5502 5503/5503
f 5488/5488 5460/5460 5489/5489
f 5477/5477 5447/5447 5476/5476
f 5473/5473 5503/5503 5504/5504
f 5460/5460 5490/5490 5489/5489
f 5450/5450 5477/5477 5479/5479
f 5474/5474 5504/5504 5505/5505
f 5461/5461 5491/5491 5490/5490
f 5475/5475 5505/5505 5506/5506
f 5462/5462 5492/5492 5491/5491
f 5454/5454 5482/5482 5453/5453
