# CC0 Poly Haven, Z-up, floor-centered
v -0.061337 0.113776 0.013883
v -0.061337 0.113776 0.327899
v -0.061394 0.122047 0.327954
v -0.061394 0.122047 0.013828
v -0.000000 0.122047 0.327954
v -0.000000 0.122047 0.013828
v -0.000000 0.113776 0.013883
v -0.000000 0.113776 0.327899
v -0.062580 0.111247 0.012597
v -0.062625 0.121828 0.012552
v -0.072897 0.111247 0.002278
v -0.072897 0.121827 0.002278
v -0.000000 0.107286 0.000552
v -0.000000 0.108127 0.000000
v -0.000000 0.107532 0.000162
v -0.000000 0.107532 0.000162
v -0.000000 0.124948 0.000000
v -0.000000 0.125788 0.000552
v -0.000000 0.125542 0.000162
v -0.000000 0.125542 0.000162
v -0.000000 0.108127 0.014879
v -0.000000 0.107286 0.014327
v -0.000000 0.107533 0.014718
v -0.000000 0.107533 0.014718
v -0.000000 0.125788 0.014274
v -0.000000 0.124948 0.014826
v -0.000000 0.125542 0.014664
v -0.000000 0.125542 0.014664
v -0.061417 0.110091 0.013760
v -0.061956 0.109250 0.013221
v -0.061631 0.109583 0.013546
v -0.073518 0.109250 0.001656
v -0.074058 0.110090 0.001117
v -0.073844 0.109583 0.001331
v -0.062006 0.123824 0.013171
v -0.061466 0.122985 0.013711
v -0.061680 0.123491 0.013497
v -0.074058 0.122984 0.001117
v -0.073518 0.123824 0.001656
v -0.073844 0.123491 0.001331
v -0.059678 0.108127 0.014879
v -0.059678 0.108127 0.014879
v -0.060449 0.108779 0.014509
v -0.060992 0.107959 0.013957
v -0.060178 0.107286 0.014332
v -0.060178 0.107286 0.014332
v -0.059909 0.107620 0.014662
v -0.059909 0.107620 0.014662
v -0.059909 0.107620 0.014662
v -0.060679 0.108282 0.014280
v -0.073915 0.107286 0.000547
v -0.073915 0.107286 0.000547
v -0.073957 0.107982 0.000918
v -0.074421 0.108851 0.000430
v -0.074315 0.108127 0.000000
v -0.074315 0.108127 0.000000
v -0.074159 0.107620 0.000217
v -0.074159 0.107620 0.000217
v -0.074159 0.107620 0.000217
v -0.074243 0.108331 0.000618
v -0.060215 0.125788 0.014279
v -0.060215 0.125788 0.014279
v -0.061030 0.125131 0.013914
v -0.060497 0.124301 0.014459
v -0.059728 0.124948 0.014826
v -0.059728 0.124948 0.014826
v -0.060723 0.124802 0.014233
v -0.059954 0.125455 0.014609
v -0.059954 0.125455 0.014609
v -0.059954 0.125455 0.014609
v -0.074370 0.124948 0.000000
v -0.074370 0.124948 0.000000
v -0.074387 0.124141 0.000470
v -0.073964 0.125119 0.000905
v -0.073887 0.125788 0.000547
v -0.073887 0.125788 0.000547
v -0.074241 0.124748 0.000616
v -0.074146 0.125455 0.000217
v -0.074146 0.125455 0.000217
v -0.074146 0.125455 0.000217
v -0.062670 0.121758 0.329275
v -0.072852 0.121757 0.339459
v -0.000000 0.108289 0.341782
v -0.000000 0.107286 0.341123
v -0.000000 0.107580 0.341589
v -0.000000 0.107580 0.341589
v -0.000000 0.125788 0.341123
v -0.000000 0.124785 0.341782
v -0.000000 0.125494 0.341589
v -0.000000 0.125494 0.341589
v -0.000000 0.107286 0.327561
v -0.000000 0.108290 0.326903
v -0.000000 0.107580 0.327095
v -0.000000 0.107580 0.327095
v -0.000000 0.124786 0.326956
v -0.000000 0.125788 0.327615
v -0.000000 0.125495 0.327149
v -0.000000 0.125495 0.327149
v -0.072852 0.111317 0.339459
v -0.062624 0.111317 0.329229
v -0.073414 0.123824 0.340021
v -0.074058 0.122822 0.340665
v -0.073802 0.123427 0.340410
v -0.074058 0.110253 0.340665
v -0.073414 0.109250 0.340021
v -0.073802 0.109648 0.340410
v -0.062061 0.109250 0.328665
v -0.061417 0.110253 0.328022
v -0.061672 0.109648 0.328277
v -0.061466 0.122822 0.328070
v -0.062110 0.123824 0.328715
v -0.061721 0.123427 0.328326
v -0.073819 0.125788 0.341129
v -0.073819 0.125788 0.341129
v -0.073889 0.124979 0.340673
v -0.074389 0.123941 0.341310
v -0.074326 0.124785 0.341782
v -0.074326 0.124785 0.341782
v -0.074121 0.125390 0.341523
v -0.074121 0.125390 0.341523
v -0.074121 0.125390 0.341523
v -0.074211 0.124562 0.341056
v -0.074380 0.108289 0.341782
v -0.074380 0.108289 0.341782
v -0.074347 0.109228 0.341259
v -0.073900 0.108064 0.340690
v -0.073791 0.107286 0.341129
v -0.073791 0.107286 0.341129
v -0.074209 0.108507 0.341059
v -0.074108 0.107684 0.341523
v -0.074108 0.107684 0.341523
v -0.074108 0.107684 0.341523
v -0.060276 0.107286 0.327555
v -0.060276 0.107286 0.327555
v -0.061214 0.108051 0.327988
v -0.060574 0.109043 0.327332
v -0.059683 0.108290 0.326903
v -0.059683 0.108290 0.326903
v -0.060853 0.108444 0.327593
v -0.059958 0.107684 0.327161
v -0.059958 0.107684 0.327161
v -0.059958 0.107684 0.327161
v -0.059738 0.124786 0.326956
v -0.059738 0.124786 0.326956
v -0.060628 0.124028 0.327386
v -0.061280 0.125006 0.328049
v -0.060345 0.125788 0.327609
v -0.060345 0.125788 0.327609
v -0.060019 0.125391 0.327215
v -0.060019 0.125391 0.327215
v -0.060019 0.125391 0.327215
v -0.060913 0.124620 0.327651
v -0.063240 0.112416 0.329845
v -0.072238 0.112416 0.338845
v -0.072238 0.120659 0.002937
v -0.072238 0.112416 0.002937
v -0.072238 0.120659 0.338845
v -0.063240 0.112416 0.011937
v -0.063283 0.120659 0.329888
v -0.063283 0.120659 0.011894
v -0.073411 0.123853 0.001763
v -0.074074 0.122773 0.001100
v -0.073880 0.123537 0.001294
v -0.074074 0.110301 0.001100
v -0.073411 0.109221 0.001763
v -0.073880 0.109537 0.001294
v -0.073411 0.109221 0.340019
v -0.074074 0.110301 0.340682
v -0.073880 0.109537 0.340487
v -0.074074 0.122773 0.340682
v -0.073411 0.123853 0.340019
v -0.073880 0.123537 0.340487
v -0.061401 0.110302 0.328005
v -0.062063 0.109221 0.328668
v -0.061594 0.109538 0.328199
v -0.062112 0.123853 0.328717
v -0.061449 0.122774 0.328054
v -0.061644 0.123537 0.328248
v -0.061449 0.122774 0.013728
v -0.062112 0.123853 0.013065
v -0.061644 0.123537 0.013533
v -0.062063 0.109221 0.013114
v -0.061401 0.110302 0.013776
v -0.061594 0.109538 0.013583
v -0.074505 0.125788 0.001906
v -0.073900 0.124718 0.001274
v -0.074111 0.125535 0.001409
v -0.074111 0.125535 0.001409
v -0.074532 0.123579 0.000642
v -0.075174 0.124708 0.001328
v -0.074902 0.124118 0.000731
v -0.074902 0.124118 0.000731
v -0.074338 0.124344 0.000872
v -0.074978 0.125472 0.001581
v -0.074978 0.125472 0.001581
v -0.074693 0.125223 0.000919
v -0.074693 0.125223 0.000919
v -0.074693 0.125223 0.000919
v -0.075174 0.108366 0.001328
v -0.074532 0.109495 0.000642
v -0.074902 0.108956 0.000731
v -0.074902 0.108956 0.000731
v -0.073900 0.108356 0.001274
v -0.074505 0.107286 0.001906
v -0.074111 0.107539 0.001409
v -0.074111 0.107539 0.001409
v -0.074338 0.108730 0.000872
v -0.074978 0.107603 0.001581
v -0.074978 0.107603 0.001581
v -0.074693 0.107851 0.000919
v -0.074693 0.107851 0.000919
v -0.074693 0.107851 0.000919
v -0.074505 0.107286 0.339876
v -0.073900 0.108356 0.340508
v -0.074111 0.107539 0.340373
v -0.074111 0.107539 0.340373
v -0.074532 0.109495 0.341140
v -0.075174 0.108366 0.340454
v -0.074919 0.108947 0.341082
v -0.074919 0.108947 0.341082
v -0.074978 0.107603 0.340201
v -0.074978 0.107603 0.340201
v -0.074338 0.108730 0.340910
v -0.074693 0.107851 0.340863
v -0.074693 0.107851 0.340863
v -0.074693 0.107851 0.340863
v -0.075174 0.124708 0.340454
v -0.074532 0.123579 0.341140
v -0.074919 0.124127 0.341082
v -0.074919 0.124127 0.341082
v -0.073900 0.124718 0.340508
v -0.074505 0.125788 0.339876
v -0.074111 0.125535 0.340373
v -0.074111 0.125535 0.340373
v -0.074978 0.125472 0.340201
v -0.074978 0.125472 0.340201
v -0.074338 0.124344 0.340910
v -0.074693 0.125223 0.340863
v -0.074693 0.125223 0.340863
v -0.074693 0.125223 0.340863
v -0.060299 0.108367 0.325845
v -0.060827 0.109295 0.327432
v -0.060433 0.108835 0.326718
v -0.060433 0.108835 0.326718
v -0.061530 0.108280 0.328134
v -0.060967 0.107286 0.326422
v -0.061108 0.107594 0.327380
v -0.061108 0.107594 0.327380
v -0.060494 0.107603 0.326097
v -0.060494 0.107603 0.326097
v -0.061044 0.108570 0.327692
v -0.060608 0.107989 0.326963
v -0.060608 0.107989 0.326963
v -0.060608 0.107989 0.326963
v -0.061020 0.125788 0.326475
v -0.061581 0.124794 0.328186
v -0.061160 0.125480 0.327432
v -0.061160 0.125480 0.327432
v -0.060878 0.123781 0.327482
v -0.060351 0.124709 0.325897
v -0.060485 0.124241 0.326770
v -0.060485 0.124241 0.326770
v -0.060548 0.125472 0.326150
v -0.060548 0.125472 0.326150
v -0.061096 0.124504 0.327744
v -0.060661 0.125086 0.327015
v -0.060661 0.125086 0.327015
v -0.060661 0.125086 0.327015
v -0.060351 0.124709 0.015885
v -0.060878 0.123781 0.014300
v -0.060485 0.124241 0.015012
v -0.060485 0.124241 0.015012
v -0.061581 0.124794 0.013596
v -0.061020 0.125788 0.015307
v -0.061160 0.125480 0.014349
v -0.061160 0.125480 0.014349
v -0.061096 0.124504 0.014038
v -0.060548 0.125472 0.015632
v -0.060548 0.125472 0.015632
v -0.060661 0.125086 0.014767
v -0.060661 0.125086 0.014767
v -0.060661 0.125086 0.014767
v -0.060967 0.107286 0.015360
v -0.061530 0.108280 0.013647
v -0.061108 0.107594 0.014402
v -0.061108 0.107594 0.014402
v -0.060827 0.109295 0.014350
v -0.060299 0.108367 0.015937
v -0.060433 0.108835 0.015064
v -0.060433 0.108835 0.015064
v -0.061044 0.108570 0.014090
v -0.060494 0.107603 0.015685
v -0.060494 0.107603 0.015685
v -0.060608 0.107989 0.014819
v -0.060608 0.107989 0.014819
v -0.060608 0.107989 0.014819
v 0.061337 0.113776 0.013883
v 0.061337 0.113776 0.327899
v 0.061394 0.122047 0.327954
v 0.061394 0.122047 0.013828
v 0.062580 0.111247 0.012597
v 0.062625 0.121828 0.012552
v 0.072897 0.111247 0.002278
v 0.072897 0.121827 0.002278
v 0.061417 0.110091 0.013760
v 0.061956 0.109250 0.013221
v 0.061631 0.109583 0.013546
v 0.073518 0.109250 0.001656
v 0.074058 0.110090 0.001117
v 0.073844 0.109583 0.001331
v 0.062006 0.123824 0.013171
v 0.061466 0.122985 0.013711
v 0.061680 0.123491 0.013497
v 0.074058 0.122984 0.001117
v 0.073518 0.123824 0.001656
v 0.073844 0.123491 0.001331
v 0.059678 0.108127 0.014879
v 0.059678 0.108127 0.014879
v 0.060449 0.108779 0.014509
v 0.060992 0.107959 0.013957
v 0.060178 0.107286 0.014332
v 0.060178 0.107286 0.014332
v 0.059909 0.107620 0.014662
v 0.059909 0.107620 0.014662
v 0.059909 0.107620 0.014662
v 0.060679 0.108282 0.014280
v 0.073915 0.107286 0.000547
v 0.073915 0.107286 0.000547
v 0.073957 0.107982 0.000918
v 0.074421 0.108851 0.000430
v 0.074315 0.108127 0.000000
v 0.074315 0.108127 0.000000
v 0.074159 0.107620 0.000217
v 0.074159 0.107620 0.000217
v 0.074159 0.107620 0.000217
v 0.074243 0.108331 0.000618
v 0.060215 0.125788 0.014279
v 0.060215 0.125788 0.014279
v 0.061030 0.125131 0.013914
v 0.060497 0.124301 0.014459
v 0.059728 0.124948 0.014826
v 0.059728 0.124948 0.014826
v 0.060723 0.124802 0.014233
v 0.059954 0.125455 0.014609
v 0.059954 0.125455 0.014609
v 0.059954 0.125455 0.014609
v 0.074370 0.124948 0.000000
v 0.074370 0.124948 0.000000
v 0.074387 0.124141 0.000470
v 0.073964 0.125119 0.000905
v 0.073887 0.125788 0.000547
v 0.073887 0.125788 0.000547
v 0.074241 0.124748 0.000616
v 0.074146 0.125455 0.000217
v 0.074146 0.125455 0.000217
v 0.074146 0.125455 0.000217
v 0.062670 0.121758 0.329275
v 0.072852 0.121757 0.339459
v 0.072852 0.111317 0.339459
v 0.062624 0.111317 0.329229
v 0.073414 0.123824 0.340021
v 0.074058 0.122822 0.340665
v 0.073802 0.123427 0.340410
v 0.074058 0.110253 0.340665
v 0.073414 0.109250 0.340021
v 0.073802 0.109648 0.340410
v 0.062061 0.109250 0.328665
v 0.061417 0.110253 0.328022
v 0.061672 0.109648 0.328277
v 0.061466 0.122822 0.328070
v 0.062110 0.123824 0.328715
v 0.061721 0.123427 0.328326
v 0.073819 0.125788 0.341129
v 0.073819 0.125788 0.341129
v 0.073889 0.124979 0.340673
v 0.074389 0.123941 0.341310
v 0.074326 0.124785 0.341782
v 0.074326 0.124785 0.341782
v 0.074121 0.125390 0.341523
v 0.074121 0.125390 0.341523
v 0.074121 0.125390 0.341523
v 0.074211 0.124562 0.341056
v 0.074380 0.108289 0.341782
v 0.074380 0.108289 0.341782
v 0.074347 0.109228 0.341259
v 0.073900 0.108064 0.340690
v 0.073791 0.107286 0.341129
v 0.073791 0.107286 0.341129
v 0.074209 0.108507 0.341059
v 0.074108 0.107684 0.341523
v 0.074108 0.107684 0.341523
v 0.074108 0.107684 0.341523
v 0.060276 0.107286 0.327555
v 0.060276 0.107286 0.327555
v 0.061214 0.108051 0.327988
v 0.060574 0.109043 0.327332
v 0.059683 0.108290 0.326903
v 0.059683 0.108290 0.326903
v 0.060853 0.108444 0.327593
v 0.059958 0.107684 0.327161
v 0.059958 0.107684 0.327161
v 0.059958 0.107684 0.327161
v 0.059738 0.124786 0.326956
v 0.059738 0.124786 0.326956
v 0.060628 0.124028 0.327386
v 0.061280 0.125006 0.328049
v 0.060345 0.125788 0.327609
v 0.060345 0.125788 0.327609
v 0.060019 0.125391 0.327215
v 0.060019 0.125391 0.327215
v 0.060019 0.125391 0.327215
v 0.060913 0.124620 0.327651
v 0.063240 0.112416 0.329845
v 0.072238 0.112416 0.338845
v 0.072238 0.120659 0.002937
v 0.072238 0.112416 0.002937
v 0.072238 0.120659 0.338845
v 0.063240 0.112416 0.011937
v 0.063283 0.120659 0.329888
v 0.063283 0.120659 0.011894
v 0.073411 0.123853 0.001763
v 0.074074 0.122773 0.001100
v 0.073880 0.123537 0.001294
v 0.074074 0.110301 0.001100
v 0.073411 0.109221 0.001763
v 0.073880 0.109537 0.001294
v 0.073411 0.109221 0.340019
v 0.074074 0.110301 0.340682
v 0.073880 0.109537 0.340487
v 0.074074 0.122773 0.340682
v 0.073411 0.123853 0.340019
v 0.073880 0.123537 0.340487
v 0.061401 0.110302 0.328005
v 0.062063 0.109221 0.328668
v 0.061594 0.109538 0.328199
v 0.062112 0.123853 0.328717
v 0.061449 0.122774 0.328054
v 0.061644 0.123537 0.328248
v 0.061449 0.122774 0.013728
v 0.062112 0.123853 0.013065
v 0.061644 0.123537 0.013533
v 0.062063 0.109221 0.013114
v 0.061401 0.110302 0.013776
v 0.061594 0.109538 0.013583
v 0.074505 0.125788 0.001906
v 0.073900 0.124718 0.001274
v 0.074111 0.125535 0.001409
v 0.074111 0.125535 0.001409
v 0.074532 0.123579 0.000642
v 0.075174 0.124708 0.001328
v 0.074902 0.124118 0.000731
v 0.074902 0.124118 0.000731
v 0.074338 0.124344 0.000872
v 0.074978 0.125472 0.001581
v 0.074978 0.125472 0.001581
v 0.074693 0.125223 0.000919
v 0.074693 0.125223 0.000919
v 0.074693 0.125223 0.000919
v 0.075174 0.108366 0.001328
v 0.074532 0.109495 0.000642
v 0.074902 0.108956 0.000731
v 0.074902 0.108956 0.000731
v 0.073900 0.108356 0.001274
v 0.074505 0.107286 0.001906
v 0.074111 0.107539 0.001409
v 0.074111 0.107539 0.001409
v 0.074338 0.108730 0.000872
v 0.074978 0.107603 0.001581
v 0.074978 0.107603 0.001581
v 0.074693 0.107851 0.000919
v 0.074693 0.107851 0.000919
v 0.074693 0.107851 0.000919
v 0.074505 0.107286 0.339876
v 0.073900 0.108356 0.340508
v 0.074111 0.107539 0.340373
v 0.074111 0.107539 0.340373
v 0.074532 0.109495 0.341140
v 0.075174 0.108366 0.340454
v 0.074919 0.108947 0.341082
v 0.074919 0.108947 0.341082
v 0.074978 0.107603 0.340201
v 0.074978 0.107603 0.340201
v 0.074338 0.108730 0.340910
v 0.074693 0.107851 0.340863
v 0.074693 0.107851 0.340863
v 0.074693 0.107851 0.340863
v 0.075174 0.124708 0.340454
v 0.074532 0.123579 0.341140
v 0.074919 0.124127 0.341082
v 0.074919 0.124127 0.341082
v 0.073900 0.124718 0.340508
v 0.074505 0.125788 0.339876
v 0.074111 0.125535 0.340373
v 0.074111 0.125535 0.340373
v 0.074978 0.125472 0.340201
v 0.074978 0.125472 0.340201
v 0.074338 0.124344 0.340910
v 0.074693 0.125223 0.340863
v 0.074693 0.125223 0.340863
v 0.074693 0.125223 0.340863
v 0.060299 0.108367 0.325845
v 0.060827 0.109295 0.327432
v 0.060433 0.108835 0.326718
v 0.060433 0.108835 0.326718
v 0.061530 0.108280 0.328134
v 0.060967 0.107286 0.326422
v 0.061108 0.107594 0.327380
v 0.061108 0.107594 0.327380
v 0.060494 0.107603 0.326097
v 0.060494 0.107603 0.326097
v 0.061044 0.108570 0.327692
v 0.060608 0.107989 0.326963
v 0.060608 0.107989 0.326963
v 0.060608 0.107989 0.326963
v 0.061020 0.125788 0.326475
v 0.061581 0.124794 0.328186
v 0.061160 0.125480 0.327432
v 0.061160 0.125480 0.327432
v 0.060878 0.123781 0.327482
v 0.060351 0.124709 0.325897
v 0.060485 0.124241 0.326770
v 0.060485 0.124241 0.326770
v 0.060548 0.125472 0.326150
v 0.060548 0.125472 0.326150
v 0.061096 0.124504 0.327744
v 0.060661 0.125086 0.327015
v 0.060661 0.125086 0.327015
v 0.060661 0.125086 0.327015
v 0.060351 0.124709 0.015885
v 0.060878 0.123781 0.014300
v 0.060485 0.124241 0.015012
v 0.060485 0.124241 0.015012
v 0.061581 0.124794 0.013596
v 0.061020 0.125788 0.015307
v 0.061160 0.125480 0.014349
v 0.061160 0.125480 0.014349
v 0.061096 0.124504 0.014038
v 0.060548 0.125472 0.015632
v 0.060548 0.125472 0.015632
v 0.060661 0.125086 0.014767
v 0.060661 0.125086 0.014767
v 0.060661 0.125086 0.014767
v 0.060967 0.107286 0.015360
v 0.061530 0.108280 0.013647
v 0.061108 0.107594 0.014402
v 0.061108 0.107594 0.014402
v 0.060827 0.109295 0.014350
v 0.060299 0.108367 0.015937
v 0.060433 0.108835 0.015064
v 0.060433 0.108835 0.015064
v 0.061044 0.108570 0.014090
v 0.060494 0.107603 0.015685
v 0.060494 0.107603 0.015685
v 0.060608 0.107989 0.014819
v 0.060608 0.107989 0.014819
v 0.060608 0.107989 0.014819
v -0.064285 0.107287 0.337518
v -0.064570 0.106683 0.337481
v -0.064570 0.106683 0.337481
v -0.065141 0.106683 0.337406
v -0.065426 0.107051 0.337368
v -0.065056 0.107287 0.338854
v -0.065231 0.106683 0.338626
v -0.065231 0.106683 0.338626
v -0.065581 0.106683 0.338169
v -0.065756 0.107051 0.337940
v -0.066545 0.107287 0.339253
v -0.066507 0.106683 0.338968
v -0.066507 0.106683 0.338968
v -0.066432 0.106683 0.338397
v -0.066395 0.107051 0.338111
v -0.067880 0.107287 0.338482
v -0.067652 0.106683 0.338307
v -0.067652 0.106683 0.338307
v -0.067195 0.106683 0.337956
v -0.066967 0.107051 0.337781
v -0.066282 0.107051 0.337255
v -0.068279 0.107287 0.336992
v -0.067994 0.106683 0.337030
v -0.067994 0.106683 0.337030
v -0.067423 0.106683 0.337105
v -0.067138 0.107051 0.337143
v -0.067508 0.107287 0.335657
v -0.067333 0.106683 0.335885
v -0.067333 0.106683 0.335885
v -0.066983 0.106683 0.336342
v -0.066808 0.107051 0.336570
v -0.066019 0.107287 0.335257
v -0.066057 0.106683 0.335543
v -0.066057 0.106683 0.335543
v -0.066132 0.106683 0.336114
v -0.066169 0.107051 0.336399
v -0.064684 0.107287 0.336029
v -0.064912 0.106683 0.336204
v -0.064912 0.106683 0.336204
v -0.065369 0.106683 0.336554
v -0.065597 0.107051 0.336730
v -0.058889 0.107287 0.332557
v -0.059174 0.106683 0.332520
v -0.059174 0.106683 0.332520
v -0.059745 0.106683 0.332444
v -0.060031 0.107051 0.332407
v -0.059660 0.107287 0.333893
v -0.059835 0.106683 0.333664
v -0.059835 0.106683 0.333664
v -0.060186 0.106683 0.333208
v -0.060361 0.107051 0.332979
v -0.061150 0.107287 0.334292
v -0.061112 0.106683 0.334007
v -0.061112 0.106683 0.334007
v -0.061037 0.106683 0.333436
v -0.060999 0.107051 0.333150
v -0.062485 0.107287 0.333521
v -0.062257 0.106683 0.333346
v -0.062257 0.106683 0.333346
v -0.061800 0.106683 0.332995
v -0.061572 0.107051 0.332820
v -0.060887 0.107051 0.332294
v -0.062884 0.107287 0.332031
v -0.062599 0.106683 0.332069
v -0.062599 0.106683 0.332069
v -0.062028 0.106683 0.332144
v -0.061743 0.107051 0.332181
v -0.062113 0.107287 0.330695
v -0.061938 0.106683 0.330924
v -0.061938 0.106683 0.330924
v -0.061587 0.106683 0.331381
v -0.061412 0.107051 0.331609
v -0.060624 0.107287 0.330296
v -0.060661 0.106683 0.330582
v -0.060661 0.106683 0.330582
v -0.060736 0.106683 0.331152
v -0.060774 0.107051 0.331438
v -0.059288 0.107287 0.331067
v -0.059517 0.106683 0.331243
v -0.059517 0.106683 0.331243
v -0.059973 0.106683 0.331593
v -0.060202 0.107051 0.331768
v -0.069276 0.107287 0.333198
v -0.069562 0.106683 0.333160
v -0.069562 0.106683 0.333160
v -0.070132 0.106683 0.333085
v -0.070418 0.107051 0.333048
v -0.070047 0.107287 0.334534
v -0.070222 0.106683 0.334305
v -0.070222 0.106683 0.334305
v -0.070573 0.106683 0.333848
v -0.070748 0.107051 0.333620
v -0.071537 0.107287 0.334933
v -0.071499 0.106683 0.334647
v -0.071499 0.106683 0.334647
v -0.071424 0.106683 0.334076
v -0.071386 0.107051 0.333791
v -0.072872 0.107287 0.334162
v -0.072644 0.106683 0.333986
v -0.072644 0.106683 0.333986
v -0.072187 0.106683 0.333636
v -0.071959 0.107051 0.333461
v -0.071274 0.107051 0.332935
v -0.073271 0.107287 0.332672
v -0.072986 0.106683 0.332709
v -0.072986 0.106683 0.332709
v -0.072415 0.106683 0.332785
v -0.072130 0.107051 0.332822
v -0.072500 0.107287 0.331336
v -0.072325 0.106683 0.331565
v -0.072325 0.106683 0.331565
v -0.071974 0.106683 0.332021
v -0.071799 0.107051 0.332250
v -0.071011 0.107287 0.330937
v -0.071048 0.106683 0.331222
v -0.071048 0.106683 0.331222
v -0.071123 0.106683 0.331793
v -0.071161 0.107051 0.332079
v -0.069675 0.107287 0.331708
v -0.069904 0.106683 0.331883
v -0.069904 0.106683 0.331883
v -0.070360 0.106683 0.332234
v -0.070589 0.107051 0.332409
v -0.065258 0.107287 0.328695
v -0.065543 0.106683 0.328658
v -0.065543 0.106683 0.328658
v -0.066114 0.106683 0.328583
v -0.066399 0.107051 0.328545
v -0.066029 0.107287 0.330031
v -0.066204 0.106683 0.329803
v -0.066204 0.106683 0.329803
v -0.066554 0.106683 0.329346
v -0.066730 0.107051 0.329118
v -0.067518 0.107287 0.330430
v -0.067481 0.106683 0.330145
v -0.067481 0.106683 0.330145
v -0.067405 0.106683 0.329574
v -0.067368 0.107051 0.329289
v -0.068853 0.107287 0.329659
v -0.068625 0.106683 0.329484
v -0.068625 0.106683 0.329484
v -0.068168 0.106683 0.329133
v -0.067940 0.107051 0.328958
v -0.067255 0.107051 0.328432
v -0.069252 0.107287 0.328169
v -0.068967 0.106683 0.328207
v -0.068967 0.106683 0.328207
v -0.068396 0.106683 0.328282
v -0.068111 0.107051 0.328320
v -0.068482 0.107287 0.326834
v -0.068306 0.106683 0.327062
v -0.068306 0.106683 0.327062
v -0.067956 0.106683 0.327519
v -0.067781 0.107051 0.327747
v -0.066992 0.107287 0.326434
v -0.067030 0.106683 0.326720
v -0.067030 0.106683 0.326720
v -0.067105 0.106683 0.327291
v -0.067142 0.107051 0.327576
v -0.065657 0.107287 0.327206
v -0.065885 0.106683 0.327381
v -0.065885 0.106683 0.327381
v -0.066342 0.106683 0.327731
v -0.066570 0.107051 0.327907
v 0.064285 0.107287 0.337518
v 0.064570 0.106683 0.337481
v 0.064570 0.106683 0.337481
v 0.065141 0.106683 0.337406
v 0.065426 0.107051 0.337368
v 0.065056 0.107287 0.338854
v 0.065231 0.106683 0.338626
v 0.065231 0.106683 0.338626
v 0.065581 0.106683 0.338169
v 0.065756 0.107051 0.337940
v 0.066545 0.107287 0.339253
v 0.066507 0.106683 0.338968
v 0.066507 0.106683 0.338968
v 0.066432 0.106683 0.338397
v 0.066395 0.107051 0.338111
v 0.067880 0.107287 0.338482
v 0.067652 0.106683 0.338307
v 0.067652 0.106683 0.338307
v 0.067195 0.106683 0.337956
v 0.066967 0.107051 0.337781
v 0.066282 0.107051 0.337255
v 0.068279 0.107287 0.336992
v 0.067994 0.106683 0.337030
v 0.067994 0.106683 0.337030
v 0.067423 0.106683 0.337105
v 0.067138 0.107051 0.337143
v 0.067508 0.107287 0.335657
v 0.067333 0.106683 0.335885
v 0.067333 0.106683 0.335885
v 0.066983 0.106683 0.336342
v 0.066808 0.107051 0.336570
v 0.066019 0.107287 0.335257
v 0.066057 0.106683 0.335543
v 0.066057 0.106683 0.335543
v 0.066132 0.106683 0.336114
v 0.066169 0.107051 0.336399
v 0.064684 0.107287 0.336029
v 0.064912 0.106683 0.336204
v 0.064912 0.106683 0.336204
v 0.065369 0.106683 0.336554
v 0.065597 0.107051 0.336730
v 0.058889 0.107287 0.332557
v 0.059174 0.106683 0.332520
v 0.059174 0.106683 0.332520
v 0.059745 0.106683 0.332444
v 0.060030 0.107051 0.332407
v 0.059660 0.107287 0.333893
v 0.059835 0.106683 0.333664
v 0.059835 0.106683 0.333664
v 0.060186 0.106683 0.333208
v 0.060361 0.107051 0.332979
v 0.061150 0.107287 0.334292
v 0.061112 0.106683 0.334007
v 0.061112 0.106683 0.334007
v 0.061037 0.106683 0.333436
v 0.060999 0.107051 0.333150
v 0.062485 0.107287 0.333521
v 0.062257 0.106683 0.333346
v 0.062257 0.106683 0.333346
v 0.061800 0.106683 0.332995
v 0.061572 0.107051 0.332820
v 0.060887 0.107051 0.332294
v 0.062884 0.107287 0.332031
v 0.062599 0.106683 0.332069
v 0.062599 0.106683 0.332069
v 0.062028 0.106683 0.332144
v 0.061743 0.107051 0.332181
v 0.062113 0.107287 0.330695
v 0.061938 0.106683 0.330924
v 0.061938 0.106683 0.330924
v 0.061587 0.106683 0.331381
v 0.061412 0.107051 0.331609
v 0.060624 0.107287 0.330296
v 0.060661 0.106683 0.330582
v 0.060661 0.106683 0.330582
v 0.060736 0.106683 0.331152
v 0.060774 0.107051 0.331438
v 0.059288 0.107287 0.331067
v 0.059517 0.106683 0.331243
v 0.059517 0.106683 0.331243
v 0.059973 0.106683 0.331593
v 0.060202 0.107051 0.331768
v 0.069276 0.107287 0.333198
v 0.069562 0.106683 0.333160
v 0.069562 0.106683 0.333160
v 0.070132 0.106683 0.333085
v 0.070418 0.107051 0.333048
v 0.070047 0.107287 0.334534
v 0.070222 0.106683 0.334305
v 0.070222 0.106683 0.334305
v 0.070573 0.106683 0.333848
v 0.070748 0.107051 0.333620
v 0.071537 0.107287 0.334933
v 0.071499 0.106683 0.334647
v 0.071499 0.106683 0.334647
v 0.071424 0.106683 0.334076
v 0.071386 0.107051 0.333791
v 0.072872 0.107287 0.334162
v 0.072644 0.106683 0.333986
v 0.072644 0.106683 0.333986
v 0.072187 0.106683 0.333636
v 0.071959 0.107051 0.333461
v 0.071274 0.107051 0.332935
v 0.073271 0.107287 0.332672
v 0.072986 0.106683 0.332709
v 0.072986 0.106683 0.332709
v 0.072415 0.106683 0.332785
v 0.072130 0.107051 0.332822
v 0.072500 0.107287 0.331336
v 0.072325 0.106683 0.331565
v 0.072325 0.106683 0.331565
v 0.071975 0.106683 0.332021
v 0.071799 0.107051 0.332250
v 0.071011 0.107287 0.330937
v 0.071048 0.106683 0.331222
v 0.071048 0.106683 0.331222
v 0.071123 0.106683 0.331793
v 0.071161 0.107051 0.332079
v 0.069675 0.107287 0.331708
v 0.069904 0.106683 0.331883
v 0.069904 0.106683 0.331883
v 0.070360 0.106683 0.332234
v 0.070589 0.107051 0.332409
v 0.065258 0.107287 0.328695
v 0.065543 0.106683 0.328658
v 0.065543 0.106683 0.328658
v 0.066114 0.106683 0.328583
v 0.066399 0.107051 0.328545
v 0.066029 0.107287 0.330031
v 0.066204 0.106683 0.329803
v 0.066204 0.106683 0.329803
v 0.066554 0.106683 0.329346
v 0.066729 0.107051 0.329118
v 0.067518 0.107287 0.330430
v 0.067481 0.106683 0.330145
v 0.067481 0.106683 0.330145
v 0.067405 0.106683 0.329574
v 0.067368 0.107051 0.329289
v 0.068853 0.107287 0.329659
v 0.068625 0.106683 0.329484
v 0.068625 0.106683 0.329484
v 0.068168 0.106683 0.329133
v 0.067940 0.107051 0.328958
v 0.067255 0.107051 0.328432
v 0.069252 0.107287 0.328169
v 0.068967 0.106683 0.328207
v 0.068967 0.106683 0.328207
v 0.068396 0.106683 0.328282
v 0.068111 0.107051 0.328320
v 0.068482 0.107287 0.326834
v 0.068306 0.106683 0.327062
v 0.068306 0.106683 0.327062
v 0.067956 0.106683 0.327519
v 0.067781 0.107051 0.327747
v 0.066992 0.107287 0.326434
v 0.067030 0.106683 0.326720
v 0.067030 0.106683 0.326720
v 0.067105 0.106683 0.327291
v 0.067142 0.107051 0.327576
v 0.065657 0.107287 0.327206
v 0.065885 0.106683 0.327381
v 0.065885 0.106683 0.327381
v 0.066342 0.106683 0.327731
v 0.066570 0.107051 0.327907
v -0.064285 0.107287 0.004264
v -0.064570 0.106683 0.004301
v -0.064570 0.106683 0.004301
v -0.065141 0.106683 0.004376
v -0.065426 0.107051 0.004414
v -0.065056 0.107287 0.002928
v -0.065231 0.106683 0.003156
v -0.065231 0.106683 0.003156
v -0.065581 0.106683 0.003613
v -0.065756 0.107051 0.003841
v -0.066545 0.107287 0.002529
v -0.066507 0.106683 0.002814
v -0.066507 0.106683 0.002814
v -0.066432 0.106683 0.003385
v -0.066395 0.107051 0.003670
v -0.067880 0.107287 0.003300
v -0.067652 0.106683 0.003475
v -0.067652 0.106683 0.003475
v -0.067195 0.106683 0.003826
v -0.066967 0.107051 0.004001
v -0.066282 0.107051 0.004527
v -0.068279 0.107287 0.004790
v -0.067994 0.106683 0.004752
v -0.067994 0.106683 0.004752
v -0.067423 0.106683 0.004677
v -0.067138 0.107051 0.004639
v -0.067508 0.107287 0.006125
v -0.067333 0.106683 0.005897
v -0.067333 0.106683 0.005897
v -0.066983 0.106683 0.005440
v -0.066808 0.107051 0.005212
v -0.066019 0.107287 0.006524
v -0.066057 0.106683 0.006239
v -0.066057 0.106683 0.006239
v -0.066132 0.106683 0.005668
v -0.066169 0.107051 0.005383
v -0.064684 0.107287 0.005753
v -0.064912 0.106683 0.005578
v -0.064912 0.106683 0.005578
v -0.065369 0.106683 0.005228
v -0.065597 0.107051 0.005052
v -0.058889 0.107287 0.009225
v -0.059174 0.106683 0.009262
v -0.059174 0.106683 0.009262
v -0.059745 0.106683 0.009337
v -0.060031 0.107051 0.009375
v -0.059660 0.107287 0.007889
v -0.059835 0.106683 0.008117
v -0.059835 0.106683 0.008117
v -0.060186 0.106683 0.008574
v -0.060361 0.107051 0.008803
v -0.061150 0.107287 0.007490
v -0.061112 0.106683 0.007775
v -0.061112 0.106683 0.007775
v -0.061037 0.106683 0.008346
v -0.060999 0.107051 0.008632
v -0.062485 0.107287 0.008261
v -0.062257 0.106683 0.008436
v -0.062257 0.106683 0.008436
v -0.061800 0.106683 0.008787
v -0.061572 0.107051 0.008962
v -0.060887 0.107051 0.009488
v -0.062884 0.107287 0.009751
v -0.062599 0.106683 0.009713
v -0.062599 0.106683 0.009713
v -0.062028 0.106683 0.009638
v -0.061743 0.107051 0.009600
v -0.062113 0.107287 0.011086
v -0.061938 0.106683 0.010858
v -0.061938 0.106683 0.010858
v -0.061587 0.106683 0.010401
v -0.061412 0.107051 0.010173
v -0.060624 0.107287 0.011486
v -0.060661 0.106683 0.011200
v -0.060661 0.106683 0.011200
v -0.060736 0.106683 0.010629
v -0.060774 0.107051 0.010344
v -0.059288 0.107287 0.010714
v -0.059517 0.106683 0.010539
v -0.059517 0.106683 0.010539
v -0.059973 0.106683 0.010189
v -0.060202 0.107051 0.010013
v -0.069276 0.107287 0.008584
v -0.069562 0.106683 0.008621
v -0.069562 0.106683 0.008621
v -0.070132 0.106683 0.008697
v -0.070418 0.107051 0.008734
v -0.070047 0.107287 0.007248
v -0.070222 0.106683 0.007477
v -0.070222 0.106683 0.007477
v -0.070573 0.106683 0.007933
v -0.070748 0.107051 0.008162
v -0.071537 0.107287 0.006849
v -0.071499 0.106683 0.007135
v -0.071499 0.106683 0.007135
v -0.071424 0.106683 0.007705
v -0.071386 0.107051 0.007991
v -0.072872 0.107287 0.007620
v -0.072644 0.106683 0.007796
v -0.072644 0.106683 0.007796
v -0.072187 0.106683 0.008146
v -0.071959 0.107051 0.008321
v -0.071274 0.107051 0.008847
v -0.073271 0.107287 0.009110
v -0.072986 0.106683 0.009072
v -0.072986 0.106683 0.009072
v -0.072415 0.106683 0.008997
v -0.072130 0.107051 0.008960
v -0.072500 0.107287 0.010446
v -0.072325 0.106683 0.010217
v -0.072325 0.106683 0.010217
v -0.071974 0.106683 0.009761
v -0.071799 0.107051 0.009532
v -0.071011 0.107287 0.010845
v -0.071048 0.106683 0.010559
v -0.071048 0.106683 0.010559
v -0.071123 0.106683 0.009989
v -0.071161 0.107051 0.009703
v -0.069675 0.107287 0.010074
v -0.069904 0.106683 0.009898
v -0.069904 0.106683 0.009898
v -0.070360 0.106683 0.009548
v -0.070589 0.107051 0.009373
v -0.065258 0.107287 0.013086
v -0.065543 0.106683 0.013124
v -0.065543 0.106683 0.013124
v -0.066114 0.106683 0.013199
v -0.066399 0.107051 0.013237
v -0.066029 0.107287 0.011751
v -0.066204 0.106683 0.011979
v -0.066204 0.106683 0.011979
v -0.066554 0.106683 0.012436
v -0.066730 0.107051 0.012664
v -0.067518 0.107287 0.011352
v -0.067481 0.106683 0.011637
v -0.067481 0.106683 0.011637
v -0.067405 0.106683 0.012208
v -0.067368 0.107051 0.012493
v -0.068853 0.107287 0.012123
v -0.068625 0.106683 0.012298
v -0.068625 0.106683 0.012298
v -0.068168 0.106683 0.012649
v -0.067940 0.107051 0.012824
v -0.067255 0.107051 0.013349
v -0.069252 0.107287 0.013613
v -0.068967 0.106683 0.013575
v -0.068967 0.106683 0.013575
v -0.068396 0.106683 0.013500
v -0.068111 0.107051 0.013462
v -0.068482 0.107287 0.014948
v -0.068306 0.106683 0.014720
v -0.068306 0.106683 0.014720
v -0.067956 0.106683 0.014263
v -0.067781 0.107051 0.014035
v -0.066992 0.107287 0.015347
v -0.067030 0.106683 0.015062
v -0.067030 0.106683 0.015062
v -0.067105 0.106683 0.014491
v -0.067142 0.107051 0.014206
v -0.065657 0.107287 0.014576
v -0.065885 0.106683 0.014401
v -0.065885 0.106683 0.014401
v -0.066342 0.106683 0.014050
v -0.066570 0.107051 0.013875
v 0.064285 0.107287 0.004264
v 0.064570 0.106683 0.004301
v 0.064570 0.106683 0.004301
v 0.065141 0.106683 0.004376
v 0.065426 0.107051 0.004414
v 0.065056 0.107287 0.002928
v 0.065231 0.106683 0.003156
v 0.065231 0.106683 0.003156
v 0.065581 0.106683 0.003613
v 0.065756 0.107051 0.003841
v 0.066545 0.107287 0.002529
v 0.066507 0.106683 0.002814
v 0.066507 0.106683 0.002814
v 0.066432 0.106683 0.003385
v 0.066395 0.107051 0.003670
v 0.067880 0.107287 0.003300
v 0.067652 0.106683 0.003475
v 0.067652 0.106683 0.003475
v 0.067195 0.106683 0.003826
v 0.066967 0.107051 0.004001
v 0.066282 0.107051 0.004527
v 0.068279 0.107287 0.004790
v 0.067994 0.106683 0.004752
v 0.067994 0.106683 0.004752
v 0.067423 0.106683 0.004677
v 0.067138 0.107051 0.004639
v 0.067508 0.107287 0.006125
v 0.067333 0.106683 0.005897
v 0.067333 0.106683 0.005897
v 0.066983 0.106683 0.005440
v 0.066808 0.107051 0.005212
v 0.066019 0.107287 0.006524
v 0.066057 0.106683 0.006239
v 0.066057 0.106683 0.006239
v 0.066132 0.106683 0.005668
v 0.066169 0.107051 0.005383
v 0.064684 0.107287 0.005753
v 0.064912 0.106683 0.005578
v 0.064912 0.106683 0.005578
v 0.065369 0.106683 0.005228
v 0.065597 0.107051 0.005052
v 0.058889 0.107287 0.009225
v 0.059174 0.106683 0.009262
v 0.059174 0.106683 0.009262
v 0.059745 0.106683 0.009337
v 0.060030 0.107051 0.009375
v 0.059660 0.107287 0.007889
v 0.059835 0.106683 0.008117
v 0.059835 0.106683 0.008117
v 0.060186 0.106683 0.008574
v 0.060361 0.107051 0.008803
v 0.061150 0.107287 0.007490
v 0.061112 0.106683 0.007775
v 0.061112 0.106683 0.007775
v 0.061037 0.106683 0.008346
v 0.060999 0.107051 0.008632
v 0.062485 0.107287 0.008261
v 0.062257 0.106683 0.008436
v 0.062257 0.106683 0.008436
v 0.061800 0.106683 0.008787
v 0.061572 0.107051 0.008962
v 0.060887 0.107051 0.009488
v 0.062884 0.107287 0.009751
v 0.062599 0.106683 0.009713
v 0.062599 0.106683 0.009713
v 0.062028 0.106683 0.009638
v 0.061743 0.107051 0.009600
v 0.062113 0.107287 0.011086
v 0.061938 0.106683 0.010858
v 0.061938 0.106683 0.010858
v 0.061587 0.106683 0.010401
v 0.061412 0.107051 0.010173
v 0.060624 0.107287 0.011486
v 0.060661 0.106683 0.011200
v 0.060661 0.106683 0.011200
v 0.060736 0.106683 0.010629
v 0.060774 0.107051 0.010344
v 0.059288 0.107287 0.010714
v 0.059517 0.106683 0.010539
v 0.059517 0.106683 0.010539
v 0.059973 0.106683 0.010189
v 0.060202 0.107051 0.010013
v 0.069276 0.107287 0.008584
v 0.069562 0.106683 0.008621
v 0.069562 0.106683 0.008621
v 0.070132 0.106683 0.008697
v 0.070418 0.107051 0.008734
v 0.070047 0.107287 0.007248
v 0.070222 0.106683 0.007477
v 0.070222 0.106683 0.007477
v 0.070573 0.106683 0.007933
v 0.070748 0.107051 0.008162
v 0.071537 0.107287 0.006849
v 0.071499 0.106683 0.007135
v 0.071499 0.106683 0.007135
v 0.071424 0.106683 0.007705
v 0.071386 0.107051 0.007991
v 0.072872 0.107287 0.007620
v 0.072644 0.106683 0.007796
v 0.072644 0.106683 0.007796
v 0.072187 0.106683 0.008146
v 0.071959 0.107051 0.008321
v 0.071274 0.107051 0.008847
v 0.073271 0.107287 0.009110
v 0.072986 0.106683 0.009072
v 0.072986 0.106683 0.009072
v 0.072415 0.106683 0.008997
v 0.072130 0.107051 0.008960
v 0.072500 0.107287 0.010446
v 0.072325 0.106683 0.010217
v 0.072325 0.106683 0.010217
v 0.071975 0.106683 0.009761
v 0.071799 0.107051 0.009532
v 0.071011 0.107287 0.010845
v 0.071048 0.106683 0.010559
v 0.071048 0.106683 0.010559
v 0.071123 0.106683 0.009989
v 0.071161 0.107051 0.009703
v 0.069675 0.107287 0.010074
v 0.069904 0.106683 0.009898
v 0.069904 0.106683 0.009898
v 0.070360 0.106683 0.009548
v 0.070589 0.107051 0.009373
v 0.065258 0.107287 0.013086
v 0.065543 0.106683 0.013124
v 0.065543 0.106683 0.013124
v 0.066114 0.106683 0.013199
v 0.066399 0.107051 0.013237
v 0.066029 0.107287 0.011751
v 0.066204 0.106683 0.011979
v 0.066204 0.106683 0.011979
v 0.066554 0.106683 0.012436
v 0.066729 0.107051 0.012664
v 0.067518 0.107287 0.011352
v 0.067481 0.106683 0.011637
v 0.067481 0.106683 0.011637
v 0.067405 0.106683 0.012208
v 0.067368 0.107051 0.012493
v 0.068853 0.107287 0.012123
v 0.068625 0.106683 0.012298
v 0.068625 0.106683 0.012298
v 0.068168 0.106683 0.012649
v 0.067940 0.107051 0.012824
v 0.067255 0.107051 0.013349
v 0.069252 0.107287 0.013613
v 0.068967 0.106683 0.013575
v 0.068967 0.106683 0.013575
v 0.068396 0.106683 0.013500
v 0.068111 0.107051 0.013462
v 0.068482 0.107287 0.014948
v 0.068306 0.106683 0.014720
v 0.068306 0.106683 0.014720
v 0.067956 0.106683 0.014263
v 0.067781 0.107051 0.014035
v 0.066992 0.107287 0.015347
v 0.067030 0.106683 0.015062
v 0.067030 0.106683 0.015062
v 0.067105 0.106683 0.014491
v 0.067142 0.107051 0.014206
v 0.065657 0.107287 0.014576
v 0.065885 0.106683 0.014401
v 0.065885 0.106683 0.014401
v 0.066342 0.106683 0.014050
v 0.066570 0.107051 0.013875
v -0.048495 0.105514 0.315053
v -0.048495 0.105514 0.026728
v -0.000000 0.105514 0.315053
v -0.000000 0.105514 0.026728
v 0.048495 0.105514 0.315053
v 0.048495 0.105514 0.026728
v -0.051682 0.105514 0.318241
v -0.052387 0.106391 0.318946
v -0.052387 0.106391 0.318946
v -0.052107 0.105771 0.318667
v -0.052107 0.105771 0.318667
v -0.052107 0.105771 0.318667
v -0.052387 0.106391 0.022836
v -0.052387 0.106391 0.022836
v -0.051682 0.105514 0.023541
v -0.052107 0.105771 0.023115
v -0.052107 0.105771 0.023115
v -0.052107 0.105771 0.023115
v -0.000000 0.105514 0.318241
v -0.000000 0.106391 0.318946
v -0.000000 0.105771 0.318740
v -0.000000 0.105771 0.318740
v -0.000000 0.106391 0.022836
v -0.000000 0.105514 0.023541
v -0.000000 0.105771 0.023042
v -0.000000 0.105771 0.023042
v 0.052387 0.106391 0.318946
v 0.052387 0.106391 0.318946
v 0.051682 0.105514 0.318241
v 0.052107 0.105771 0.318667
v 0.052107 0.105771 0.318667
v 0.052107 0.105771 0.318667
v 0.051682 0.105514 0.023541
v 0.052387 0.106391 0.022836
v 0.052387 0.106391 0.022836
v 0.052107 0.105771 0.023115
v 0.052107 0.105771 0.023115
v 0.052107 0.105771 0.023115
v -0.052387 0.113110 0.318946
v -0.052387 0.113110 0.318946
v -0.052922 0.113776 0.319482
v -0.052599 0.113581 0.319159
v -0.052599 0.113581 0.319159
v -0.052599 0.113581 0.319159
v -0.052922 0.113776 0.022300
v -0.052387 0.113110 0.022836
v -0.052387 0.113110 0.022836
v -0.052599 0.113581 0.022623
v -0.052599 0.113581 0.022623
v -0.052599 0.113581 0.022623
v -0.000000 0.113110 0.318946
v -0.000000 0.113776 0.319482
v -0.000000 0.113581 0.319103
v -0.000000 0.113581 0.319103
v -0.000000 0.113776 0.022300
v -0.000000 0.113110 0.022836
v -0.000000 0.113581 0.022679
v -0.000000 0.113581 0.022679
v 0.052922 0.113776 0.319482
v 0.052387 0.113110 0.318946
v 0.052387 0.113110 0.318946
v 0.052599 0.113581 0.319159
v 0.052599 0.113581 0.319159
v 0.052599 0.113581 0.319159
v 0.052387 0.113110 0.022836
v 0.052387 0.113110 0.022836
v 0.052922 0.113776 0.022300
v 0.052599 0.113581 0.022623
v 0.052599 0.113581 0.022623
v 0.052599 0.113581 0.022623
v -0.057820 0.113776 0.327899
v -0.057820 0.113776 0.013883
v -0.045714 0.105514 0.315053
v -0.045714 0.105514 0.026728
v -0.049382 0.106391 0.318946
v -0.049119 0.105771 0.318671
v -0.049119 0.105771 0.318671
v -0.048718 0.105514 0.318241
v -0.049382 0.106391 0.022836
v -0.049119 0.105771 0.023111
v -0.049119 0.105771 0.023111
v -0.048718 0.105514 0.023541
v -0.049887 0.113776 0.319482
v -0.049582 0.113581 0.319155
v -0.049582 0.113581 0.319155
v -0.049382 0.113110 0.318946
v -0.049887 0.113776 0.022300
v -0.049582 0.113581 0.022626
v -0.049582 0.113581 0.022626
v -0.049382 0.113110 0.022836
v 0.059097 0.113776 0.327899
v 0.059097 0.113776 0.013883
v 0.046724 0.105514 0.315053
v 0.046724 0.105514 0.026728
v 0.049794 0.105514 0.318241
v 0.050204 0.105771 0.318669
v 0.050204 0.105771 0.318669
v 0.050474 0.106391 0.318946
v 0.049794 0.105514 0.023541
v 0.050204 0.105771 0.023112
v 0.050204 0.105771 0.023112
v 0.050474 0.106391 0.022836
v 0.050474 0.113110 0.318946
v 0.050678 0.113581 0.319157
v 0.050678 0.113581 0.319157
v 0.050990 0.113776 0.319482
v 0.050474 0.113110 0.022836
v 0.050678 0.113581 0.022625
v 0.050678 0.113581 0.022625
v 0.050990 0.113776 0.022300
v 0.046724 0.105514 0.312168
v -0.045714 0.105514 0.312168
v 0.052922 0.113776 0.316508
v 0.052599 0.113581 0.316191
v 0.052599 0.113581 0.316191
v 0.052387 0.113110 0.315983
v -0.052387 0.113110 0.315983
v -0.052599 0.113581 0.316191
v -0.052599 0.113581 0.316191
v -0.052922 0.113776 0.316508
v 0.052387 0.106391 0.315983
v 0.052107 0.105771 0.315709
v 0.052107 0.105771 0.315709
v 0.051682 0.105514 0.315292
v -0.051682 0.105514 0.315292
v -0.052107 0.105771 0.315709
v -0.052107 0.105771 0.315709
v -0.052387 0.106391 0.315983
v 0.048495 0.105514 0.312168
v -0.048495 0.105514 0.312168
v -0.000000 0.105514 0.312168
v 0.061337 0.113776 0.324757
v -0.061337 0.113776 0.324757
v -0.011169 0.101293 0.046591
v -0.012924 0.105502 0.046420
v -0.009310 0.101284 0.041627
v -0.010736 0.105491 0.040577
v -0.005275 0.101262 0.038331
v -0.005986 0.105466 0.036697
v -0.005986 0.105466 0.036697
v -0.000005 0.105434 0.035702
v 0.003573 0.105415 0.058489
v -0.002282 0.101246 0.057604
v -0.002463 0.105447 0.059384
v -0.007100 0.101272 0.055708
v -0.008134 0.105477 0.057152
v -0.010357 0.101289 0.051702
v -0.011967 0.105497 0.052436
v -0.000195 0.101235 0.037486
v 0.002845 0.101219 0.056844
v 0.008092 0.101191 0.043650
v 0.009749 0.105382 0.042959
v 0.004666 0.101210 0.039413
v 0.005716 0.105404 0.037970
v 0.006930 0.101198 0.053639
v 0.008380 0.105389 0.054716
v 0.008915 0.101187 0.048835
v 0.010717 0.105377 0.049062
v -0.001136 0.101240 0.047519
v -0.000022 0.102281 0.035702
v -0.000079 0.101487 0.036292
v -0.000079 0.101487 0.036292
v 0.003556 0.102262 0.058489
v 0.003319 0.101469 0.057946
v 0.003319 0.101469 0.057946
v -0.012940 0.102350 0.046420
v -0.012359 0.101552 0.046476
v -0.012359 0.101552 0.046476
v -0.010752 0.102338 0.040577
v -0.010279 0.101541 0.040925
v -0.010279 0.101541 0.040925
v -0.006002 0.102313 0.036697
v -0.006002 0.102313 0.036697
v -0.005765 0.101517 0.037236
v -0.005765 0.101517 0.037236
v -0.005765 0.101517 0.037236
v -0.002480 0.102294 0.059384
v -0.002417 0.101499 0.058797
v -0.002417 0.101499 0.058797
v -0.008151 0.102324 0.057152
v -0.007807 0.101528 0.056676
v -0.007807 0.101528 0.056676
v -0.011984 0.102344 0.052436
v -0.011450 0.101547 0.052194
v -0.011450 0.101547 0.052194
v 0.009732 0.102229 0.042959
v 0.009187 0.101438 0.043184
v 0.009187 0.101438 0.043184
v 0.005699 0.102251 0.037970
v 0.005358 0.101458 0.038448
v 0.005358 0.101458 0.038448
v 0.008363 0.102237 0.054716
v 0.007888 0.101445 0.054361
v 0.007888 0.101445 0.054361
v 0.010700 0.102224 0.049062
v 0.010107 0.101433 0.048985
v 0.010107 0.101433 0.048985
v -0.006844 0.105091 0.286534
v -0.006739 0.105091 0.284190
v -0.005839 0.105086 0.282024
v -0.004253 0.105078 0.280296
v -0.002171 0.105067 0.279214
v 0.000156 0.105054 0.278910
v 0.000156 0.105054 0.278910
v 0.002446 0.105042 0.279420
v 0.004423 0.105032 0.280683
v 0.005849 0.105024 0.282545
v 0.006553 0.105020 0.284783
v 0.006448 0.105021 0.287127
v 0.005548 0.105026 0.289294
v 0.003962 0.105034 0.291022
v 0.001880 0.105045 0.292103
v -0.000447 0.105057 0.292407
v -0.002736 0.105070 0.291897
v -0.004714 0.105080 0.290635
v -0.006140 0.105088 0.288772
v -0.000842 0.006407 0.275164
v -0.000842 0.006407 0.296333
v 0.001091 0.006051 0.275164
v 0.001091 0.006051 0.296333
v 0.002963 0.004890 0.275164
v 0.002963 0.004890 0.296333
v 0.004248 0.003100 0.275164
v 0.004248 0.003100 0.296333
v 0.004753 0.001455 0.275164
v 0.004753 0.001455 0.296333
v -0.000868 0.001485 0.275164
v -0.000868 0.001485 0.296333
v -0.000831 0.008448 0.275164
v -0.000831 0.008448 0.296333
v -0.000824 0.009801 0.293177
v 0.001808 0.007964 0.275164
v 0.001809 0.007964 0.296333
v 0.002710 0.008977 0.292283
v 0.004358 0.006383 0.275164
v 0.004358 0.006382 0.296333
v 0.006108 0.003946 0.275164
v 0.006108 0.003945 0.296333
v 0.006795 0.001444 0.275164
v 0.006795 0.001444 0.296333
v -0.000824 0.009831 0.276521
v -0.000824 0.009831 0.276521
v -0.000824 0.009831 0.294975
v -0.000824 0.009831 0.294975
v 0.002294 0.009260 0.276521
v 0.002294 0.009260 0.276521
v 0.002295 0.009260 0.294975
v 0.002295 0.009260 0.294975
v 0.005302 0.007394 0.276521
v 0.005302 0.007394 0.276521
v 0.005302 0.007394 0.276521
v 0.005303 0.007393 0.294975
v 0.005303 0.007393 0.294975
v 0.005303 0.007393 0.294975
v 0.007368 0.004519 0.276521
v 0.007368 0.004519 0.276521
v 0.007368 0.004518 0.294975
v 0.007368 0.004518 0.294975
v 0.008177 0.001437 0.276521
v 0.008177 0.001437 0.276521
v 0.008177 0.001437 0.294975
v 0.008177 0.001437 0.294975
v 0.002774 0.008954 0.279037
v 0.005303 0.007393 0.291806
v 0.005303 0.007393 0.291806
v 0.004847 0.007603 0.290549
v 0.004847 0.007603 0.290549
v 0.004920 0.007610 0.280831
v 0.004920 0.007610 0.280831
v 0.005302 0.007394 0.279450
v 0.005302 0.007394 0.279450
v 0.005973 0.006465 0.288377
v 0.006391 0.005884 0.286607
v 0.006389 0.005901 0.284705
v 0.008177 0.001437 0.291806
v 0.008177 0.001437 0.290075
v 0.008177 0.001437 0.288345
v 0.008177 0.001437 0.286614
v 0.008177 0.001437 0.284883
v 0.008177 0.001437 0.281421
v 0.008177 0.001437 0.279325
v 0.007368 0.004519 0.279325
v 0.007368 0.004518 0.291806
v 0.007368 0.004518 0.290075
v 0.007368 0.004518 0.288345
v 0.007368 0.004518 0.286614
v 0.007368 0.004518 0.284883
v 0.007368 0.004518 0.281421
v 0.005950 0.006507 0.282677
v -0.000824 0.009741 0.278354
v 0.007368 0.004518 0.282521
v 0.008177 0.001437 0.282521
v -0.002778 0.006072 0.275164
v -0.002778 0.006072 0.296333
v -0.004662 0.004930 0.275164
v -0.004662 0.004930 0.296333
v -0.005966 0.003154 0.275164
v -0.005966 0.003154 0.296333
v -0.006489 0.001514 0.275164
v -0.006489 0.001514 0.296333
v -0.003475 0.007992 0.275164
v -0.003476 0.007992 0.296333
v -0.004366 0.009014 0.292283
v -0.006041 0.006438 0.275164
v -0.006042 0.006437 0.296333
v -0.007817 0.004020 0.275164
v -0.007817 0.004019 0.296333
v -0.008530 0.001525 0.275164
v -0.008530 0.001525 0.296333
v -0.003947 0.009293 0.276521
v -0.003947 0.009293 0.276521
v -0.003948 0.009293 0.294975
v -0.003948 0.009293 0.294975
v -0.006975 0.007459 0.276521
v -0.006975 0.007459 0.276521
v -0.006975 0.007459 0.276521
v -0.006976 0.007458 0.294975
v -0.006976 0.007458 0.294975
v -0.009070 0.004606 0.276521
v -0.009070 0.004606 0.276521
v -0.009071 0.004605 0.294975
v -0.009071 0.004605 0.294975
v -0.009071 0.004605 0.294975
v -0.009913 0.001533 0.276521
v -0.009913 0.001533 0.276521
v -0.009913 0.001533 0.294975
v -0.009913 0.001533 0.294975
v -0.004430 0.008992 0.279037
v -0.006976 0.007458 0.291806
v -0.006518 0.007663 0.290549
v -0.006518 0.007663 0.290549
v -0.006590 0.007671 0.280831
v -0.006590 0.007671 0.280831
v -0.006975 0.007459 0.279450
v -0.006975 0.007459 0.279450
v -0.007655 0.006537 0.288377
v -0.008080 0.005961 0.286607
v -0.008078 0.005977 0.284705
v -0.009913 0.001533 0.291806
v -0.009913 0.001533 0.290075
v -0.009913 0.001533 0.288345
v -0.009913 0.001533 0.286614
v -0.009913 0.001533 0.284883
v -0.009913 0.001533 0.281421
v -0.009913 0.001533 0.279325
v -0.009070 0.004606 0.279325
v -0.009071 0.004605 0.291806
v -0.009071 0.004605 0.291806
v -0.009071 0.004605 0.290075
v -0.009071 0.004605 0.290075
v -0.009071 0.004605 0.288345
v -0.009071 0.004605 0.286614
v -0.009071 0.004605 0.284883
v -0.009071 0.004606 0.281421
v -0.007632 0.006579 0.282677
v -0.009071 0.004606 0.282521
v -0.009913 0.001533 0.282521
v -0.000894 -0.003437 0.275164
v -0.000894 -0.003437 0.296333
v 0.001043 -0.003102 0.275164
v 0.001043 -0.003102 0.296333
v 0.002927 -0.001961 0.275164
v 0.002927 -0.001961 0.296333
v 0.004231 -0.000185 0.275164
v 0.004231 -0.000185 0.296333
v -0.000905 -0.005479 0.275164
v -0.000905 -0.005479 0.296333
v -0.000912 -0.006832 0.293177
v 0.001739 -0.005023 0.275164
v 0.001740 -0.005023 0.296333
v 0.002630 -0.006045 0.292283
v 0.004305 -0.003469 0.275164
v 0.004306 -0.003468 0.296333
v 0.006081 -0.001050 0.275164
v 0.006082 -0.001050 0.296333
v -0.000912 -0.006861 0.276521
v -0.000912 -0.006861 0.276521
v -0.000912 -0.006861 0.294975
v -0.000912 -0.006861 0.294975
v 0.002211 -0.006324 0.276521
v 0.002211 -0.006324 0.276521
v 0.002212 -0.006323 0.294975
v 0.002212 -0.006323 0.294975
v 0.005239 -0.004490 0.276521
v 0.005239 -0.004490 0.276521
v 0.005239 -0.004490 0.276521
v 0.005240 -0.004489 0.294975
v 0.005240 -0.004489 0.294975
v 0.005240 -0.004489 0.294975
v 0.007335 -0.001636 0.276521
v 0.007335 -0.001636 0.276521
v 0.007335 -0.001635 0.294975
v 0.007335 -0.001635 0.294975
v 0.002694 -0.006023 0.279037
v 0.005240 -0.004489 0.291806
v 0.005240 -0.004489 0.291806
v 0.004782 -0.004694 0.290549
v 0.004782 -0.004694 0.290549
v 0.004855 -0.004701 0.280831
v 0.004855 -0.004701 0.280831
v 0.005239 -0.004490 0.279450
v 0.005239 -0.004490 0.279450
v 0.005920 -0.003568 0.288377
v 0.006344 -0.002992 0.286607
v 0.006342 -0.003008 0.284705
v 0.007335 -0.001636 0.279325
v 0.007335 -0.001635 0.291806
v 0.007335 -0.001636 0.290075
v 0.007335 -0.001636 0.288345
v 0.007335 -0.001636 0.286614
v 0.007335 -0.001636 0.284883
v 0.007335 -0.001636 0.281421
v 0.005896 -0.003610 0.282677
v -0.000912 -0.006796 0.278245
v 0.007335 -0.001636 0.282521
v -0.002827 -0.003082 0.275164
v -0.002827 -0.003082 0.296333
v -0.004699 -0.001920 0.275164
v -0.004699 -0.001920 0.296333
v -0.005984 -0.000131 0.275164
v -0.005984 -0.000131 0.296333
v -0.003544 -0.004995 0.275164
v -0.003544 -0.004995 0.296333
v -0.004445 -0.006007 0.292283
v -0.006093 -0.003413 0.275164
v -0.006094 -0.003413 0.296333
v -0.007843 -0.000977 0.275164
v -0.007844 -0.000976 0.296333
v -0.004029 -0.006291 0.276521
v -0.004029 -0.006291 0.276521
v -0.004030 -0.006290 0.294975
v -0.004030 -0.006290 0.294975
v -0.007038 -0.004425 0.276521
v -0.007038 -0.004425 0.276521
v -0.007038 -0.004425 0.276521
v -0.007039 -0.004424 0.294975
v -0.007039 -0.004424 0.294975
v -0.007039 -0.004424 0.294975
v -0.009103 -0.001549 0.276521
v -0.009103 -0.001549 0.276521
v -0.009104 -0.001548 0.294975
v -0.009104 -0.001548 0.294975
v -0.004509 -0.005985 0.279037
v -0.007039 -0.004424 0.291806
v -0.007039 -0.004424 0.291806
v -0.006583 -0.004633 0.290549
v -0.006583 -0.004633 0.290549
v -0.006655 -0.004640 0.280831
v -0.006655 -0.004640 0.280831
v -0.007038 -0.004425 0.279450
v -0.007038 -0.004425 0.279450
v -0.007708 -0.003496 0.288377
v -0.008127 -0.002915 0.286607
v -0.008125 -0.002931 0.284705
v -0.009103 -0.001549 0.279325
v -0.009104 -0.001548 0.291806
v -0.009103 -0.001548 0.290075
v -0.009103 -0.001549 0.288345
v -0.009103 -0.001549 0.286614
v -0.009103 -0.001549 0.284883
v -0.009103 -0.001549 0.281421
v -0.007685 -0.003538 0.282677
v -0.009103 -0.001549 0.282521
v -0.001156 -0.052857 0.275164
v -0.001156 -0.052857 0.296333
v 0.000777 -0.053213 0.275164
v 0.000777 -0.053213 0.296333
v 0.002649 -0.054374 0.275164
v 0.002649 -0.054374 0.296333
v 0.003934 -0.056164 0.275164
v 0.003934 -0.056164 0.296333
v 0.004448 -0.057946 0.275164
v 0.004452 -0.057811 0.296333
v -0.001182 -0.057780 0.275164
v -0.001182 -0.057780 0.296333
v -0.001145 -0.050816 0.275164
v -0.001145 -0.050816 0.296333
v -0.001138 -0.049463 0.293177
v 0.001494 -0.051299 0.275164
v 0.001495 -0.051300 0.296333
v 0.002396 -0.050287 0.292283
v 0.004043 -0.052881 0.275164
v 0.004044 -0.052882 0.296333
v 0.005794 -0.055318 0.275164
v 0.005794 -0.055319 0.296333
v 0.006670 -0.058003 0.275164
v 0.006521 -0.057823 0.296333
v -0.001138 -0.049434 0.276343
v -0.001138 -0.049434 0.276343
v -0.001138 -0.049433 0.295002
v -0.001138 -0.049433 0.295002
v 0.001980 -0.050005 0.276343
v 0.001980 -0.050005 0.276343
v 0.001981 -0.050004 0.295002
v 0.001981 -0.050004 0.295002
v 0.004988 -0.051869 0.276343
v 0.004988 -0.051869 0.276343
v 0.004988 -0.051869 0.276343
v 0.004989 -0.051871 0.295002
v 0.004989 -0.051871 0.295002
v 0.004989 -0.051871 0.295002
v 0.007053 -0.054743 0.276343
v 0.007053 -0.054743 0.276343
v 0.007054 -0.054746 0.295002
v 0.007054 -0.054746 0.295002
v 0.007872 -0.058019 0.276343
v 0.007872 -0.058019 0.276343
v 0.007877 -0.057843 0.295002
v 0.007877 -0.057843 0.295002
v 0.002460 -0.050310 0.279037
v 0.004989 -0.051871 0.291806
v 0.004989 -0.051871 0.291806
v 0.004533 -0.051661 0.290549
v 0.004533 -0.051661 0.290549
v 0.004606 -0.051654 0.280831
v 0.004606 -0.051654 0.280831
v 0.004988 -0.051870 0.279450
v 0.004988 -0.051870 0.279450
v 0.005659 -0.052799 0.288377
v 0.006077 -0.053380 0.286607
v 0.006075 -0.053363 0.284705
v 0.007876 -0.057862 0.291811
v 0.007876 -0.057882 0.290057
v 0.007875 -0.057902 0.288303
v 0.007875 -0.057921 0.286550
v 0.007874 -0.057941 0.284796
v 0.007873 -0.057980 0.281289
v 0.007872 -0.058000 0.279353
v 0.007053 -0.054745 0.279325
v 0.007054 -0.054746 0.291806
v 0.007054 -0.054746 0.290075
v 0.007054 -0.054746 0.288345
v 0.007054 -0.054746 0.286614
v 0.007054 -0.054746 0.284883
v 0.007053 -0.054745 0.281137
v 0.005636 -0.052757 0.282677
v -0.001132 -0.049520 0.278277
v 0.007054 -0.054745 0.282521
v 0.007874 -0.057960 0.282727
v -0.003092 -0.053192 0.275164
v -0.003092 -0.053192 0.296333
v -0.004976 -0.054334 0.275164
v -0.004976 -0.054334 0.296333
v -0.006280 -0.056110 0.275164
v -0.006280 -0.056110 0.296333
v -0.006812 -0.057614 0.275164
v -0.006816 -0.057748 0.296333
v -0.003789 -0.051271 0.275164
v -0.003790 -0.051272 0.296333
v -0.004680 -0.050250 0.292283
v -0.006355 -0.052826 0.275164
v -0.006356 -0.052827 0.296333
v -0.008131 -0.055244 0.275164
v -0.008131 -0.055245 0.296333
v -0.009034 -0.057557 0.275164
v -0.008885 -0.057736 0.296333
v -0.004261 -0.049971 0.276343
v -0.004261 -0.049971 0.276343
v -0.004262 -0.049971 0.295002
v -0.004262 -0.049971 0.295002
v -0.007289 -0.051804 0.276343
v -0.007289 -0.051804 0.276343
v -0.007289 -0.051804 0.276343
v -0.007290 -0.051806 0.295002
v -0.007290 -0.051806 0.295002
v -0.009385 -0.054655 0.276343
v -0.009385 -0.054655 0.276343
v -0.009385 -0.054659 0.295002
v -0.009385 -0.054659 0.295002
v -0.009385 -0.054659 0.295002
v -0.010236 -0.057540 0.276343
v -0.010236 -0.057540 0.276343
v -0.010241 -0.057717 0.295002
v -0.010241 -0.057717 0.295002
v -0.004744 -0.050271 0.279037
v -0.007290 -0.051805 0.291806
v -0.007290 -0.051805 0.291806
v -0.006832 -0.051601 0.290549
v -0.006832 -0.051601 0.290549
v -0.006904 -0.051593 0.280831
v -0.006904 -0.051593 0.280831
v -0.007289 -0.051805 0.279450
v -0.007289 -0.051805 0.279450
v -0.007969 -0.052727 0.288377
v -0.008394 -0.053303 0.286607
v -0.008392 -0.053286 0.284705
v -0.010240 -0.057697 0.291811
v -0.010240 -0.057677 0.290057
v -0.010239 -0.057658 0.288303
v -0.010239 -0.057638 0.286550
v -0.010238 -0.057619 0.284796
v -0.010237 -0.057579 0.281289
v -0.010236 -0.057560 0.279353
v -0.009385 -0.054658 0.279325
v -0.009385 -0.054659 0.291806
v -0.009385 -0.054659 0.291806
v -0.009385 -0.054659 0.290075
v -0.009385 -0.054659 0.288345
v -0.009385 -0.054659 0.286614
v -0.009385 -0.054658 0.284883
v -0.009385 -0.054658 0.281145
v -0.007946 -0.052685 0.282677
v -0.009385 -0.054658 0.282521
v -0.010237 -0.057599 0.282727
v 0.003911 -0.060217 0.275164
v 0.004022 -0.059972 0.296333
v 0.002591 -0.061981 0.275164
v 0.002787 -0.061797 0.296333
v 0.000696 -0.063105 0.275164
v 0.000948 -0.063010 0.296333
v -0.001484 -0.063419 0.275164
v -0.001216 -0.063427 0.296333
v -0.003619 -0.062874 0.275164
v -0.003374 -0.062984 0.296333
v -0.005383 -0.061553 0.275164
v -0.005198 -0.061749 0.296333
v -0.006507 -0.059659 0.275164
v -0.006411 -0.059910 0.296333
v 0.004217 -0.063754 0.275164
v 0.006092 -0.061233 0.275164
v 0.001521 -0.065365 0.275164
v -0.001588 -0.065822 0.275164
v -0.004634 -0.065055 0.275164
v -0.007155 -0.063180 0.275164
v -0.008767 -0.060483 0.275164
v 0.004261 -0.063289 0.296333
v 0.005955 -0.060787 0.296333
v 0.001739 -0.064953 0.296333
v -0.001228 -0.065525 0.296333
v -0.004188 -0.064917 0.296333
v -0.006691 -0.063224 0.296333
v -0.008354 -0.060701 0.296333
v 0.007026 -0.061649 0.276343
v 0.007026 -0.061649 0.276343
v 0.004921 -0.064494 0.276343
v 0.004921 -0.064494 0.276343
v 0.001888 -0.066317 0.276343
v 0.001888 -0.066317 0.276343
v -0.001613 -0.066842 0.276343
v -0.001613 -0.066842 0.276343
v -0.005048 -0.065987 0.276343
v -0.005048 -0.065987 0.276343
v -0.007895 -0.063884 0.276343
v -0.007895 -0.063884 0.276343
v -0.009720 -0.060853 0.276343
v -0.009720 -0.060853 0.276343
v 0.005178 -0.064251 0.295002
v 0.005178 -0.064251 0.295002
v 0.007170 -0.061325 0.295002
v 0.007170 -0.061325 0.295002
v 0.002217 -0.066192 0.295002
v 0.002217 -0.066192 0.295002
v -0.001260 -0.066853 0.295002
v -0.001260 -0.066853 0.295002
v -0.004726 -0.066132 0.295002
v -0.004726 -0.066132 0.295002
v -0.007653 -0.064140 0.295002
v -0.007653 -0.064140 0.295002
v -0.009594 -0.061180 0.295002
v -0.009594 -0.061180 0.295002
v 0.007042 -0.061611 0.279381
v 0.007058 -0.061575 0.281157
v 0.007074 -0.061539 0.282933
v 0.007090 -0.061503 0.284710
v 0.007106 -0.061468 0.286486
v 0.007122 -0.061432 0.288262
v 0.007138 -0.061396 0.290039
v 0.007154 -0.061360 0.291815
v 0.005149 -0.064278 0.291815
v 0.005121 -0.064305 0.290039
v 0.005092 -0.064332 0.288262
v 0.005064 -0.064359 0.286486
v 0.005035 -0.064386 0.284710
v 0.005007 -0.064413 0.282933
v 0.004978 -0.064439 0.281157
v 0.004950 -0.064466 0.279381
v 0.002181 -0.066206 0.291815
v 0.002144 -0.066220 0.290039
v 0.002108 -0.066234 0.288262
v 0.002071 -0.066248 0.286486
v 0.002034 -0.066262 0.284710
v 0.001998 -0.066276 0.282933
v 0.001961 -0.066290 0.281157
v 0.001925 -0.066304 0.279381
v -0.009706 -0.060887 0.279381
v -0.009692 -0.060924 0.281157
v -0.009678 -0.060960 0.282933
v -0.009664 -0.060997 0.284710
v -0.009650 -0.061033 0.286486
v -0.009636 -0.061070 0.288262
v -0.009622 -0.061107 0.290039
v -0.009608 -0.061143 0.291815
v -0.001299 -0.066852 0.291815
v -0.001339 -0.066851 0.290039
v -0.001378 -0.066850 0.288262
v -0.001417 -0.066848 0.286486
v -0.001456 -0.066847 0.284710
v -0.001495 -0.066846 0.282933
v -0.001535 -0.066845 0.281157
v -0.001574 -0.066844 0.279381
v -0.004762 -0.066116 0.291815
v -0.004798 -0.066100 0.290039
v -0.004834 -0.066084 0.288262
v -0.004869 -0.066068 0.286486
v -0.004905 -0.066052 0.284710
v -0.004941 -0.066036 0.282933
v -0.004977 -0.066020 0.281157
v -0.005012 -0.066004 0.279381
v -0.007679 -0.064112 0.291815
v -0.007706 -0.064083 0.290039
v -0.007733 -0.064055 0.288262
v -0.007760 -0.064026 0.286486
v -0.007787 -0.063998 0.284710
v -0.007814 -0.063969 0.282933
v -0.007841 -0.063941 0.281157
v -0.007868 -0.063912 0.279381
v -0.007736 -0.004331 0.284549
v -0.007555 -0.005610 0.284475
v -0.007611 -0.004979 0.284516
v -0.007611 -0.004979 0.284516
v -0.007168 -0.004619 0.282535
v -0.006857 -0.005899 0.282450
v -0.006968 -0.005259 0.282512
v -0.006968 -0.005259 0.282512
v -0.006094 -0.005174 0.280754
v -0.006094 -0.005174 0.280754
v -0.005471 -0.006401 0.280667
v -0.005732 -0.005757 0.280759
v -0.005732 -0.005757 0.280759
v -0.005732 -0.005757 0.280759
v -0.004096 -0.006093 0.279163
v -0.003374 -0.006927 0.279386
v -0.003718 -0.006398 0.279361
v -0.003718 -0.006398 0.279361
v -0.000875 -0.006692 0.278573
v -0.000773 -0.007169 0.278938
v -0.000773 -0.007169 0.278938
v -0.000840 -0.006763 0.278824
v -0.000840 -0.006763 0.278824
v -0.000840 -0.006763 0.278824
v 0.002336 -0.006140 0.279220
v 0.001813 -0.006953 0.279488
v 0.002048 -0.006439 0.279436
v 0.002048 -0.006439 0.279436
v 0.004339 -0.005283 0.280846
v 0.004339 -0.005283 0.280846
v 0.003862 -0.006449 0.280859
v 0.004052 -0.005833 0.280898
v 0.004052 -0.005833 0.280898
v 0.004052 -0.005833 0.280898
v 0.005433 -0.004724 0.282697
v 0.005173 -0.005961 0.282709
v 0.005260 -0.005338 0.282722
v 0.005260 -0.005338 0.282722
v 0.005955 -0.004419 0.284749
v 0.005775 -0.005680 0.284770
v 0.005830 -0.005055 0.284764
v 0.005830 -0.005055 0.284764
v 0.005923 -0.004399 0.286791
v 0.005723 -0.005673 0.286877
v 0.005787 -0.005043 0.286830
v 0.005787 -0.005043 0.286830
v 0.005363 -0.004654 0.288706
v 0.005015 -0.005951 0.288909
v 0.005152 -0.005301 0.288792
v 0.005152 -0.005301 0.288792
v 0.004207 -0.005243 0.290622
v 0.004207 -0.005243 0.290622
v 0.003599 -0.006454 0.290698
v 0.003857 -0.005815 0.290612
v 0.003857 -0.005815 0.290612
v 0.003857 -0.005815 0.290612
v 0.002226 -0.006145 0.292168
v 0.001486 -0.006973 0.291959
v 0.001845 -0.006444 0.291978
v 0.001845 -0.006444 0.291978
v -0.000997 -0.006676 0.292758
v -0.001075 -0.007189 0.292387
v -0.001023 -0.006772 0.292502
v -0.001023 -0.006772 0.292502
v -0.004131 -0.006118 0.292122
v -0.003617 -0.006943 0.291856
v -0.003847 -0.006424 0.291907
v -0.003847 -0.006424 0.291907
v -0.006102 -0.005231 0.290526
v -0.006102 -0.005231 0.290526
v -0.005672 -0.006402 0.290505
v -0.005841 -0.005784 0.290472
v -0.005841 -0.005784 0.290472
v -0.005841 -0.005784 0.290472
v -0.007257 -0.004620 0.288551
v -0.007002 -0.005885 0.288650
v -0.007094 -0.005250 0.288586
v -0.007094 -0.005250 0.288586
v -0.007608 -0.005602 0.286582
v -0.007769 -0.004334 0.286590
v -0.007655 -0.004975 0.286582
v -0.007655 -0.004975 0.286582
v -0.007539 0.008535 0.286569
v -0.007716 0.007288 0.286581
v -0.007716 0.007288 0.286581
v -0.007593 0.007917 0.286571
v -0.007683 0.007286 0.284558
v -0.007683 0.007286 0.284558
v -0.007484 0.008545 0.284484
v -0.007548 0.007922 0.284525
v -0.007125 0.007560 0.282557
v -0.007125 0.007560 0.282557
v -0.006791 0.008816 0.282478
v -0.006912 0.008185 0.282538
v -0.006075 0.008115 0.280775
v -0.006075 0.008115 0.280775
v -0.006075 0.008115 0.280775
v -0.005428 0.009300 0.280704
v -0.005699 0.008670 0.280791
v -0.004028 0.009061 0.279171
v -0.004028 0.009061 0.279171
v -0.003336 0.009825 0.279399
v -0.003669 0.009317 0.279371
v -0.000768 0.009603 0.278590
v -0.000768 0.009603 0.278590
v -0.000768 0.009603 0.278590
v -0.000682 0.010056 0.278932
v -0.000682 0.010056 0.278932
v -0.000741 0.009656 0.278824
v -0.000741 0.009656 0.278824
v 0.002446 0.009032 0.279222
v 0.002446 0.009032 0.279222
v 0.001952 0.009795 0.279503
v 0.002170 0.009295 0.279445
v 0.004459 0.008106 0.280865
v 0.004459 0.008106 0.280865
v 0.004459 0.008106 0.280865
v 0.003986 0.009247 0.280898
v 0.004169 0.008639 0.280930
v 0.005517 0.007529 0.282717
v 0.005517 0.007529 0.282717
v 0.005263 0.008750 0.282740
v 0.005345 0.008134 0.282747
v 0.006025 0.007227 0.284757
v 0.006025 0.007227 0.284757
v 0.005854 0.008474 0.284781
v 0.005904 0.007855 0.284773
v 0.005995 0.007206 0.286780
v 0.005995 0.007206 0.286780
v 0.005804 0.008465 0.286866
v 0.005864 0.007842 0.286819
v 0.005455 0.007456 0.288675
v 0.005455 0.007456 0.288675
v 0.005110 0.008736 0.288876
v 0.005243 0.008093 0.288758
v 0.004324 0.008076 0.290602
v 0.004324 0.008076 0.290602
v 0.004324 0.008076 0.290602
v 0.003717 0.009258 0.290666
v 0.003972 0.008628 0.290583
v 0.002306 0.009049 0.292161
v 0.002306 0.009049 0.292161
v 0.001609 0.009820 0.291951
v 0.001950 0.009307 0.291971
v -0.000915 0.009587 0.292737
v -0.000915 0.009587 0.292737
v -0.000984 0.010073 0.292394
v -0.000937 0.009663 0.292501
v -0.004064 0.009085 0.292119
v -0.004064 0.009085 0.292119
v -0.003561 0.009845 0.291847
v -0.003788 0.009346 0.291901
v -0.006072 0.008170 0.290510
v -0.006072 0.008170 0.290510
v -0.006072 0.008170 0.290510
v -0.005623 0.009304 0.290472
v -0.005800 0.008699 0.290445
v -0.007215 0.007556 0.288523
v -0.007215 0.007556 0.288523
v -0.006941 0.008798 0.288614
v -0.007040 0.008172 0.288553
v -0.007997 -0.051700 0.286579
v -0.007997 -0.051700 0.286579
v -0.007852 -0.050587 0.286569
v -0.007897 -0.051137 0.286570
v -0.007797 -0.050578 0.284485
v -0.007959 -0.051700 0.284544
v -0.007959 -0.051700 0.284544
v -0.007849 -0.051132 0.284518
v -0.007106 -0.050310 0.282480
v -0.007373 -0.051432 0.282542
v -0.007373 -0.051432 0.282542
v -0.007202 -0.050871 0.282527
v -0.005743 -0.049832 0.280705
v -0.006254 -0.050914 0.280761
v -0.006254 -0.050914 0.280761
v -0.006254 -0.050914 0.280761
v -0.005956 -0.050395 0.280773
v -0.003651 -0.049314 0.279400
v -0.004267 -0.050098 0.279196
v -0.004267 -0.050098 0.279196
v -0.003937 -0.049789 0.279373
v -0.000996 -0.049086 0.278932
v -0.000996 -0.049086 0.278932
v -0.001076 -0.049575 0.278555
v -0.001076 -0.049575 0.278555
v -0.001076 -0.049575 0.278555
v -0.001045 -0.049460 0.278815
v -0.001045 -0.049460 0.278815
v 0.001639 -0.049343 0.279503
v 0.002068 -0.050116 0.279259
v 0.002068 -0.050116 0.279259
v 0.001824 -0.049809 0.279452
v 0.003673 -0.049883 0.280899
v 0.004045 -0.050924 0.280872
v 0.004045 -0.050924 0.280872
v 0.004045 -0.050924 0.280872
v 0.003817 -0.050427 0.280923
v 0.004950 -0.050374 0.282740
v 0.005153 -0.051469 0.282721
v 0.005153 -0.051469 0.282721
v 0.005015 -0.050923 0.282746
v 0.005540 -0.050648 0.284781
v 0.005679 -0.051763 0.284761
v 0.005679 -0.051763 0.284761
v 0.005581 -0.051199 0.284775
v 0.005491 -0.050657 0.286865
v 0.005646 -0.051783 0.286796
v 0.005646 -0.051783 0.286796
v 0.005539 -0.051213 0.286827
v 0.004798 -0.050389 0.288874
v 0.005072 -0.051534 0.288714
v 0.005072 -0.051534 0.288714
v 0.004903 -0.050960 0.288781
v 0.003406 -0.049873 0.290665
v 0.003887 -0.050956 0.290615
v 0.003887 -0.050956 0.290615
v 0.003887 -0.050956 0.290615
v 0.003606 -0.050437 0.290600
v 0.001297 -0.049317 0.291950
v 0.001925 -0.050113 0.292140
v 0.001925 -0.050113 0.292140
v 0.001591 -0.049799 0.291972
v -0.001297 -0.049067 0.292394
v -0.001224 -0.049553 0.292761
v -0.001224 -0.049553 0.292761
v -0.001252 -0.049441 0.292507
v -0.003875 -0.049291 0.291847
v -0.004311 -0.050067 0.292082
v -0.004311 -0.050067 0.292082
v -0.004067 -0.049759 0.291895
v -0.005937 -0.049825 0.290471
v -0.006291 -0.050858 0.290501
v -0.006291 -0.050858 0.290501
v -0.006291 -0.050858 0.290501
v -0.006076 -0.050366 0.290451
v -0.007255 -0.050326 0.288613
v -0.007474 -0.051435 0.288541
v -0.007474 -0.051435 0.288541
v -0.007334 -0.050882 0.288565
v -0.012372 0.105620 0.284664
v -0.010097 0.105608 0.278591
v -0.005160 0.105582 0.274558
v -0.005160 0.105582 0.274558
v 0.001056 0.105549 0.273524
v 0.004775 0.105529 0.297209
v -0.001499 0.105563 0.298139
v -0.007393 0.105594 0.295819
v -0.011378 0.105615 0.290918
v 0.011194 0.105495 0.281066
v 0.007002 0.105518 0.275882
v 0.009772 0.105503 0.293287
v 0.012201 0.105490 0.287410
v 0.001038 0.102272 0.273524
v 0.000767 0.101447 0.273882
v 0.000767 0.101447 0.273882
v 0.004758 0.102252 0.297209
v 0.004300 0.101428 0.296390
v 0.004300 0.101428 0.296390
v -0.012389 0.102343 0.284664
v -0.011996 0.101514 0.284468
v -0.011996 0.101514 0.284468
v -0.010115 0.102331 0.278591
v -0.009834 0.101503 0.278698
v -0.009834 0.101503 0.278698
v -0.005178 0.102305 0.274558
v -0.005178 0.102305 0.274558
v -0.005143 0.101478 0.274864
v -0.005143 0.101478 0.274864
v -0.005143 0.101478 0.274864
v -0.001516 0.102285 0.298139
v -0.001663 0.101460 0.297274
v -0.001663 0.101460 0.297274
v -0.007411 0.102317 0.295819
v -0.007265 0.101489 0.295070
v -0.007265 0.101489 0.295070
v -0.011395 0.102338 0.290918
v -0.011051 0.101509 0.290411
v -0.011051 0.101509 0.290411
v 0.011177 0.102218 0.281066
v 0.010399 0.101396 0.281046
v 0.010399 0.101396 0.281046
v 0.006985 0.102240 0.275882
v 0.006419 0.101417 0.276123
v 0.006419 0.101417 0.276123
v 0.009754 0.102226 0.293287
v 0.009049 0.101403 0.292664
v 0.009049 0.101403 0.292664
v 0.012183 0.102213 0.287410
v 0.011356 0.101390 0.287076
v 0.011356 0.101390 0.287076
v -0.009898 0.101241 0.284674
v -0.008123 0.101231 0.279933
v -0.004276 0.101211 0.276791
v 0.000556 0.101185 0.275987
v 0.003465 0.101170 0.294449
v -0.001424 0.101196 0.295174
v -0.006019 0.101220 0.293366
v -0.009124 0.101237 0.289547
v 0.008469 0.101144 0.281883
v 0.005187 0.101161 0.277823
v 0.007363 0.101149 0.291390
v 0.009252 0.101139 0.286818
v -0.000308 0.104353 0.285552
v 0.006303 0.104318 0.282857
v 0.006303 0.104318 0.282857
v 0.005479 0.104322 0.289945
v 0.005479 0.104322 0.289945
v 0.000323 0.104350 0.278375
v 0.000323 0.104350 0.278375
v -0.001129 0.104357 0.292794
v -0.001129 0.104357 0.292794
v -0.006913 0.104388 0.288569
v -0.006913 0.104388 0.288569
v -0.006152 0.104384 0.281330
v -0.006152 0.104384 0.281330
v -0.007494 0.104391 0.284914
v -0.007494 0.104391 0.284914
v -0.003266 0.104369 0.278973
v -0.003266 0.104369 0.278973
v 0.002542 0.104338 0.292250
v 0.002542 0.104338 0.292250
v -0.004584 0.104376 0.291434
v -0.004584 0.104376 0.291434
v 0.003792 0.104331 0.279751
v 0.003792 0.104331 0.279751
v 0.006887 0.104315 0.286537
v 0.006887 0.104315 0.286537
v -0.007515 0.101621 0.284914
v -0.007515 0.101621 0.284914
v -0.007921 0.101230 0.284873
v -0.006505 0.101223 0.281093
v -0.006173 0.101614 0.281330
v -0.006173 0.101614 0.281330
v -0.003456 0.101207 0.278602
v -0.003287 0.101599 0.278973
v -0.003287 0.101599 0.278973
v -0.001198 0.101195 0.293198
v -0.001150 0.101587 0.292794
v -0.001150 0.101587 0.292794
v -0.004847 0.101214 0.291762
v -0.004605 0.101606 0.291434
v -0.004605 0.101606 0.291434
v -0.007307 0.101227 0.288735
v -0.006934 0.101618 0.288569
v -0.006934 0.101618 0.288569
v 0.000344 0.101187 0.277970
v 0.000303 0.101580 0.278375
v 0.000303 0.101580 0.278375
v 0.002521 0.101568 0.292250
v 0.002521 0.101568 0.292250
v 0.002680 0.101174 0.292623
v 0.006652 0.101153 0.282692
v 0.006283 0.101548 0.282857
v 0.006283 0.101548 0.282857
v 0.003771 0.101561 0.279751
v 0.003771 0.101561 0.279751
v 0.004010 0.101167 0.279424
v 0.005458 0.101552 0.289945
v 0.005458 0.101552 0.289945
v 0.005780 0.101158 0.290190
v 0.006867 0.101545 0.286537
v 0.006867 0.101545 0.286537
v 0.007270 0.101150 0.286585
v -0.001890 0.006564 0.294164
v 0.000146 0.006566 0.294164
v 0.002022 0.005786 0.294173
v 0.003448 0.004352 0.294188
v 0.004214 0.002492 0.294202
v 0.004216 0.000486 0.294207
v 0.003454 -0.001373 0.294202
v 0.002032 -0.002809 0.294190
v 0.000156 -0.003594 0.294180
v 0.000156 -0.003594 0.294180
v -0.001883 -0.003596 0.294180
v -0.003760 -0.002814 0.294190
v -0.005185 -0.001380 0.294202
v -0.005950 0.000477 0.294207
v -0.005952 0.002483 0.294202
v -0.005189 0.004344 0.294188
v -0.003765 0.005781 0.294173
v -0.001881 -0.063696 0.296351
v -0.001891 0.001566 0.320508
v 0.000146 0.001567 0.320509
v 0.002025 0.000988 0.319981
v 0.003455 -0.000077 0.319003
v 0.004219 -0.001457 0.317721
v 0.004210 -0.002938 0.316329
v 0.003434 -0.004298 0.315035
v 0.002010 -0.005339 0.314035
v 0.000147 -0.005905 0.313489
v 0.000147 -0.005905 0.313489
v -0.001873 -0.005906 0.313487
v -0.003738 -0.005343 0.314031
v -0.005165 -0.004304 0.315029
v -0.005943 -0.002945 0.316323
v -0.005957 -0.001464 0.317715
v -0.005195 -0.000082 0.318997
v -0.003768 0.000984 0.319977
v -0.001891 -0.013487 0.334546
v 0.000146 -0.013487 0.334548
v 0.002025 -0.013684 0.333787
v 0.003455 -0.014043 0.332381
v 0.004219 -0.014500 0.330549
v 0.004210 -0.014980 0.328570
v 0.003434 -0.015409 0.326740
v 0.002010 -0.015731 0.325333
v 0.000147 -0.015904 0.324566
v 0.000147 -0.015904 0.324566
v -0.001873 -0.015905 0.324564
v -0.003738 -0.015732 0.325328
v -0.005165 -0.015411 0.326733
v -0.005943 -0.014982 0.328561
v -0.005957 -0.014503 0.330541
v -0.005195 -0.014045 0.332374
v -0.003768 -0.013685 0.333782
v -0.001891 -0.033935 0.337380
v 0.000146 -0.033935 0.337382
v 0.002025 -0.033686 0.336640
v 0.003455 -0.033223 0.335273
v 0.004219 -0.032609 0.333498
v 0.004210 -0.031934 0.331590
v 0.003434 -0.031297 0.329836
v 0.002010 -0.030799 0.328493
v 0.000147 -0.030525 0.327763
v 0.000147 -0.030525 0.327763
v -0.001873 -0.030524 0.327762
v -0.003738 -0.030797 0.328488
v -0.005165 -0.031294 0.329829
v -0.005943 -0.031931 0.331582
v -0.005957 -0.032606 0.333490
v -0.005195 -0.033220 0.335265
v -0.003768 -0.033685 0.336635
v -0.001891 -0.052425 0.328221
v 0.000146 -0.052427 0.328222
v 0.002025 -0.051815 0.327736
v 0.003455 -0.050684 0.326845
v 0.004219 -0.049207 0.325697
v 0.004210 -0.047607 0.324473
v 0.003435 -0.046122 0.323357
v 0.002011 -0.044976 0.322510
v 0.000147 -0.044351 0.322052
v 0.000147 -0.044351 0.322052
v -0.001874 -0.044350 0.322051
v -0.003739 -0.044972 0.322507
v -0.005166 -0.046116 0.323353
v -0.005944 -0.047600 0.324467
v -0.005957 -0.049200 0.325691
v -0.005196 -0.050678 0.326841
v -0.003768 -0.051811 0.327733
v 0.000137 -0.063698 0.296351
v 0.002003 -0.062930 0.296342
v 0.003434 -0.061507 0.296325
v 0.004211 -0.059645 0.296306
v 0.004216 -0.057627 0.296286
v 0.003445 -0.055760 0.296270
v 0.002016 -0.054329 0.296259
v 0.000148 -0.053554 0.296253
v 0.000148 -0.053554 0.296253
v -0.001875 -0.053553 0.296253
v -0.003745 -0.054324 0.296259
v -0.005176 -0.055752 0.296270
v -0.005950 -0.057618 0.296286
v -0.005949 -0.059637 0.296306
v -0.005174 -0.061500 0.296325
v -0.003746 -0.062925 0.296342
v -0.000868 0.011136 0.155638
v -0.000868 0.011136 0.155638
v -0.000868 0.006585 0.275250
v -0.000868 0.006585 0.275250
v 0.001084 0.010767 0.155638
v 0.001084 0.006196 0.275250
v 0.002738 0.009747 0.155638
v 0.002738 0.005091 0.275250
v 0.003844 0.008255 0.155638
v 0.003844 0.003436 0.275250
v 0.004232 0.006485 0.155638
v 0.004232 0.001484 0.275250
v 0.003844 0.004699 0.155638
v 0.003844 -0.000467 0.275250
v 0.002738 0.003169 0.155638
v 0.002738 -0.002122 0.275250
v 0.001084 0.002167 0.155638
v 0.001084 -0.003227 0.275250
v -0.000868 0.001827 0.155638
v -0.000868 -0.003615 0.275250
v -0.002819 0.002196 0.155638
v -0.002819 -0.003227 0.275250
v -0.004474 0.003219 0.155638
v -0.004474 -0.002122 0.275250
v -0.005580 0.004738 0.155638
v -0.005580 -0.000467 0.275250
v -0.005968 0.006523 0.155638
v -0.005968 0.001484 0.275250
v -0.005580 0.008301 0.155638
v -0.005580 0.003436 0.275250
v -0.004474 0.009802 0.155638
v -0.004474 0.005091 0.275250
v -0.002819 0.010797 0.155638
v -0.002819 0.006196 0.275250
v -0.000868 0.013459 0.127225
v -0.000868 0.013459 0.127225
v 0.001084 0.013082 0.127189
v 0.002738 0.012044 0.127086
v 0.003844 0.010529 0.126933
v 0.004232 0.008733 0.126751
v 0.003844 0.006919 0.126570
v 0.002738 0.005362 0.126416
v 0.001084 0.004350 0.126314
v -0.000868 0.004007 0.126278
v -0.002819 0.004384 0.126314
v -0.004474 0.005424 0.126416
v -0.005580 0.006967 0.126570
v -0.005968 0.008780 0.126751
v -0.005580 0.010585 0.126933
v -0.004474 0.012108 0.127086
v -0.002819 0.013117 0.127189
v -0.000868 0.015959 0.107311
v -0.000868 0.015959 0.107311
v 0.001084 0.015584 0.107220
v 0.002738 0.014558 0.106959
v 0.003844 0.013063 0.106568
v 0.004232 0.011296 0.106108
v 0.003844 0.009507 0.105647
v 0.002738 0.007972 0.105257
v 0.001084 0.006979 0.104996
v -0.000868 0.006645 0.104904
v -0.002819 0.007019 0.104996
v -0.004474 0.008045 0.105257
v -0.005580 0.009568 0.105647
v -0.005968 0.011354 0.106108
v -0.005580 0.013133 0.106568
v -0.004474 0.014632 0.106959
v -0.002819 0.015625 0.107220
v -0.000868 0.019770 0.091627
v -0.000868 0.019770 0.091627
v 0.001084 0.019416 0.091469
v 0.002738 0.018448 0.091021
v 0.003844 0.017032 0.090350
v 0.004232 0.015369 0.089558
v 0.003844 0.013683 0.088766
v 0.002738 0.012246 0.088095
v 0.001084 0.011312 0.087647
v -0.000868 0.010998 0.087489
v -0.002819 0.011352 0.087647
v -0.004474 0.012320 0.088095
v -0.005580 0.013754 0.088766
v -0.005968 0.015436 0.089558
v -0.005580 0.017111 0.090350
v -0.004474 0.018522 0.091021
v -0.002819 0.019456 0.091469
v -0.000868 0.026109 0.078046
v -0.000868 0.026109 0.078046
v 0.001084 0.025792 0.077818
v 0.002738 0.024936 0.077170
v 0.003844 0.023674 0.076199
v 0.004232 0.022212 0.075055
v 0.003844 0.020725 0.073910
v 0.002738 0.019472 0.072940
v 0.001084 0.018653 0.072291
v -0.000868 0.018381 0.072063
v -0.002819 0.018698 0.072291
v -0.004474 0.019555 0.072940
v -0.005580 0.020822 0.073910
v -0.005968 0.022305 0.075055
v -0.005580 0.023779 0.076199
v -0.004474 0.025020 0.077170
v -0.002819 0.025838 0.077818
v -0.000868 0.033205 0.068589
v -0.000868 0.033205 0.068589
v 0.001084 0.032930 0.068307
v 0.002738 0.032195 0.067504
v 0.003844 0.031111 0.066304
v 0.004232 0.029847 0.064887
v 0.003844 0.028589 0.063471
v 0.002738 0.027537 0.062270
v 0.001084 0.026844 0.061467
v -0.000868 0.026617 0.061186
v -0.002819 0.026890 0.061467
v -0.004474 0.027621 0.062270
v -0.005580 0.028699 0.063471
v -0.005968 0.029963 0.064887
v -0.005580 0.031222 0.066304
v -0.004474 0.032280 0.067504
v -0.002819 0.032977 0.068307
v -0.000868 0.040402 0.061699
v -0.000868 0.040402 0.061699
v 0.001084 0.040172 0.061378
v 0.002738 0.039565 0.060463
v 0.003844 0.038672 0.059094
v 0.004232 0.037631 0.057479
v 0.003844 0.036599 0.055864
v 0.002738 0.035733 0.054495
v 0.001084 0.035166 0.053580
v -0.000868 0.034983 0.053259
v -0.002819 0.035212 0.053580
v -0.004474 0.035820 0.054495
v -0.005580 0.036712 0.055864
v -0.005968 0.037754 0.057479
v -0.005580 0.038786 0.059094
v -0.004474 0.039652 0.060463
v -0.002819 0.040219 0.061378
v -0.000868 0.048051 0.056218
v -0.000868 0.048051 0.056218
v 0.001084 0.047866 0.055865
v 0.002738 0.047386 0.054862
v 0.003844 0.046686 0.053361
v 0.004232 0.045872 0.051590
v 0.003844 0.045067 0.049819
v 0.002738 0.044394 0.048318
v 0.001084 0.043956 0.047314
v -0.000868 0.043820 0.046962
v -0.002819 0.044005 0.047314
v -0.004474 0.044485 0.048318
v -0.005580 0.045186 0.049819
v -0.005968 0.046000 0.051590
v -0.005580 0.046805 0.053361
v -0.004474 0.047477 0.054862
v -0.002819 0.047915 0.055865
v -0.000868 0.057131 0.052056
v -0.000868 0.057131 0.052056
v 0.001083 0.056995 0.051682
v 0.002738 0.056660 0.050614
v 0.003844 0.056175 0.049015
v 0.004232 0.055613 0.047129
v 0.003844 0.055058 0.045242
v 0.002738 0.054593 0.043644
v 0.001084 0.054287 0.042575
v -0.000867 0.054190 0.042200
v -0.002819 0.054340 0.042575
v -0.004473 0.054692 0.043643
v -0.005579 0.055186 0.045242
v -0.005968 0.055751 0.047128
v -0.005580 0.056303 0.049014
v -0.004474 0.056758 0.050613
v -0.002819 0.057048 0.051681
v -0.000872 0.067774 0.050115
v -0.000872 0.067774 0.050115
v 0.001075 0.067681 0.049734
v 0.002730 0.067476 0.048644
v 0.003840 0.067184 0.047007
v 0.004232 0.066846 0.045071
v 0.003844 0.066509 0.043134
v 0.002737 0.066217 0.041495
v 0.001084 0.066006 0.040402
v -0.000863 0.065900 0.040018
v -0.002811 0.066066 0.040398
v -0.004466 0.066328 0.041488
v -0.005576 0.066654 0.043125
v -0.005968 0.067003 0.045061
v -0.005580 0.067329 0.046998
v -0.004473 0.067586 0.048637
v -0.002819 0.067740 0.049730
v -0.000909 0.081239 0.050019
v -0.000909 0.081239 0.050019
v 0.001007 0.081268 0.049681
v 0.002665 0.081354 0.048672
v 0.003810 0.081488 0.047113
v 0.004232 0.081650 0.045230
v 0.003844 0.081812 0.043339
v 0.002726 0.081948 0.041761
v 0.001084 0.082036 0.040725
v -0.000826 0.082068 0.040358
v -0.002742 0.082039 0.040696
v -0.004401 0.081953 0.041704
v -0.005546 0.081819 0.043264
v -0.005968 0.081657 0.045147
v -0.005579 0.081495 0.047037
v -0.004461 0.081360 0.048616
v -0.002819 0.081271 0.049652
v -0.000868 0.101413 0.052436
v -0.000868 0.101413 0.052436
v 0.001084 0.101413 0.052075
v 0.002738 0.101413 0.051048
v 0.003844 0.101413 0.049510
v 0.004232 0.101413 0.047697
v 0.003844 0.101413 0.045883
v 0.002738 0.101413 0.044346
v 0.001084 0.101413 0.043318
v -0.000868 0.101413 0.042958
v -0.002819 0.101413 0.043318
v -0.004474 0.101413 0.044346
v -0.005580 0.101413 0.045883
v -0.005968 0.101413 0.047697
v -0.005580 0.101413 0.049510
v -0.004474 0.101413 0.051048
v -0.002819 0.101413 0.052075
v 0.007010 -0.060227 0.200478
v 0.006240 -0.062828 0.200478
v 0.004812 -0.065049 0.200478
v 0.002858 -0.066699 0.200478
v 0.000507 -0.067668 0.200478
v -0.002101 -0.067848 0.200478
v -0.004729 -0.067121 0.200478
v -0.007014 -0.065515 0.200478
v -0.008654 -0.063305 0.200478
v -0.009576 -0.060791 0.200478
v -0.009784 -0.058097 0.200478
v -0.009225 -0.055384 0.200478
v -0.007921 -0.052969 0.200478
v -0.006060 -0.051142 0.200478
v -0.003925 -0.050037 0.200478
v -0.001752 -0.049603 0.200478
v 0.000360 -0.049744 0.200478
v 0.002319 -0.050412 0.200478
v 0.004027 -0.051562 0.200478
v 0.005439 -0.053162 0.200478
v 0.006487 -0.055181 0.200478
v 0.007061 -0.057577 0.200478
v 0.013103 -0.056480 0.199179
v 0.013103 -0.056480 0.199179
v 0.012009 -0.052250 0.199179
v 0.012009 -0.052250 0.199179
v 0.010188 -0.048894 0.199179
v 0.010188 -0.048894 0.199179
v 0.007866 -0.046292 0.199179
v 0.007866 -0.046292 0.199179
v 0.005101 -0.044354 0.199179
v 0.005101 -0.044354 0.199179
v 0.001954 -0.043133 0.199179
v 0.001954 -0.043133 0.199179
v -0.001625 -0.042745 0.199179
v -0.001625 -0.042745 0.199179
v -0.001625 -0.042745 0.199179
v -0.005635 -0.043472 0.199179
v -0.005635 -0.043472 0.199179
v -0.009563 -0.045543 0.199179
v -0.009563 -0.045543 0.199179
v -0.012747 -0.048758 0.199179
v -0.012747 -0.048758 0.199179
v -0.014915 -0.052845 0.199179
v -0.014915 -0.052845 0.199179
v -0.015902 -0.057497 0.199179
v -0.015902 -0.057497 0.199179
v -0.015610 -0.062196 0.199179
v -0.015610 -0.062196 0.199179
v -0.014050 -0.066640 0.199179
v -0.014050 -0.066640 0.199179
v -0.011149 -0.070577 0.199179
v -0.011149 -0.070577 0.199179
v -0.007096 -0.073410 0.199179
v -0.007096 -0.073410 0.199179
v -0.002565 -0.074654 0.199179
v -0.002565 -0.074654 0.199179
v 0.001840 -0.074332 0.199179
v 0.001840 -0.074332 0.199179
v 0.005909 -0.072601 0.199179
v 0.005909 -0.072601 0.199179
v 0.009354 -0.069602 0.199179
v 0.009354 -0.069602 0.199179
v 0.011792 -0.065699 0.199179
v 0.011792 -0.065699 0.199179
v 0.013073 -0.061199 0.199179
v 0.013073 -0.061199 0.199179
v 0.014637 -0.056240 0.194669
v 0.014637 -0.056240 0.194669
v 0.013426 -0.051562 0.194669
v 0.013426 -0.051562 0.194669
v 0.011412 -0.047849 0.194669
v 0.011412 -0.047849 0.194669
v 0.008843 -0.044972 0.194669
v 0.008843 -0.044972 0.194669
v 0.005785 -0.042828 0.194669
v 0.005785 -0.042828 0.194669
v 0.002305 -0.041478 0.194669
v 0.002305 -0.041478 0.194669
v -0.001655 -0.041048 0.194669
v -0.001655 -0.041048 0.194669
v -0.001655 -0.041048 0.194669
v -0.001655 -0.041048 0.194669
v -0.006090 -0.041852 0.194669
v -0.006090 -0.041852 0.194669
v -0.010435 -0.044143 0.194669
v -0.010435 -0.044143 0.194669
v -0.013956 -0.047699 0.194669
v -0.013956 -0.047699 0.194669
v -0.016355 -0.052220 0.194669
v -0.016355 -0.052220 0.194669
v -0.017446 -0.057365 0.194669
v -0.017446 -0.057365 0.194669
v -0.017123 -0.062563 0.194669
v -0.017123 -0.062563 0.194669
v -0.015398 -0.067479 0.194669
v -0.015398 -0.067479 0.194669
v -0.012189 -0.071834 0.194669
v -0.012189 -0.071834 0.194669
v -0.007706 -0.074967 0.194669
v -0.007706 -0.074967 0.194669
v -0.002694 -0.076342 0.194669
v -0.002694 -0.076342 0.194669
v 0.002178 -0.075986 0.194669
v 0.002178 -0.075986 0.194669
v 0.006679 -0.074072 0.194669
v 0.006679 -0.074072 0.194669
v 0.010489 -0.070755 0.194669
v 0.010489 -0.070755 0.194669
v 0.013187 -0.066438 0.194669
v 0.013187 -0.066438 0.194669
v 0.014603 -0.061460 0.194669
v 0.014603 -0.061460 0.194669
v 0.006817 -0.057146 0.192381
v 0.006817 -0.057146 0.192381
v 0.006181 -0.054281 0.192381
v 0.006181 -0.054281 0.192381
v 0.005178 -0.052096 0.192381
v 0.005178 -0.052096 0.192381
v 0.003890 -0.050375 0.192381
v 0.003890 -0.050375 0.192381
v 0.002326 -0.049064 0.192381
v 0.002326 -0.049064 0.192381
v 0.000566 -0.048246 0.192381
v 0.000566 -0.048246 0.192381
v -0.001412 -0.047977 0.192381
v -0.001412 -0.047977 0.192381
v -0.001412 -0.047977 0.192381
v -0.001412 -0.047977 0.192381
v -0.003733 -0.048462 0.192381
v -0.003733 -0.048462 0.192381
v -0.006045 -0.049908 0.192381
v -0.006045 -0.049908 0.192381
v -0.007818 -0.052051 0.192381
v -0.007818 -0.052051 0.192381
v -0.009020 -0.054775 0.192381
v -0.009020 -0.054775 0.192381
v -0.009575 -0.057959 0.192381
v -0.009575 -0.057959 0.192381
v -0.009419 -0.061056 0.192381
v -0.009419 -0.061056 0.192381
v -0.008595 -0.063966 0.192381
v -0.008595 -0.063966 0.192381
v -0.006966 -0.066659 0.192381
v -0.006966 -0.066659 0.192381
v -0.004608 -0.068609 0.192381
v -0.004608 -0.068609 0.192381
v -0.001993 -0.069435 0.192381
v -0.001993 -0.069435 0.192381
v 0.000458 -0.069222 0.192381
v 0.000458 -0.069222 0.192381
v 0.002758 -0.068065 0.192381
v 0.002758 -0.068065 0.192381
v 0.004754 -0.065984 0.192381
v 0.004754 -0.065984 0.192381
v 0.006096 -0.063390 0.192381
v 0.006096 -0.063390 0.192381
v 0.006804 -0.060410 0.192381
v 0.006804 -0.060410 0.192381
v -0.008858 -0.047006 0.193525
v 0.005209 -0.071110 0.193525
v -0.011729 -0.049828 0.193525
v 0.008423 -0.068389 0.193525
v -0.013695 -0.053429 0.193525
v 0.010629 -0.064958 0.193525
v 0.011794 -0.060989 0.193525
v -0.014620 -0.057678 0.193525
v 0.011814 -0.056626 0.193525
v -0.014353 -0.061827 0.193525
v 0.010771 -0.052815 0.193525
v -0.012963 -0.065706 0.193525
v 0.009133 -0.049924 0.193525
v 0.007038 -0.047655 0.193525
v -0.010295 -0.069262 0.193525
v 0.004517 -0.045936 0.193525
v -0.006525 -0.071827 0.193525
v 0.001700 -0.044861 0.193525
v -0.001459 -0.044500 0.193525
v -0.001459 -0.044500 0.193525
v -0.002358 -0.072918 0.193525
v -0.005154 -0.045118 0.193525
v 0.001551 -0.072627 0.193525
v -0.005566 -0.043605 0.155216
v 0.001860 -0.074163 0.155216
v 0.005934 -0.072511 0.155216
v -0.009697 -0.045664 0.155216
v -0.012931 -0.048772 0.155216
v 0.009547 -0.069521 0.155216
v -0.015170 -0.052783 0.155216
v 0.012052 -0.065712 0.155216
v 0.013386 -0.061267 0.155216
v -0.016232 -0.057549 0.155216
v 0.013409 -0.056366 0.155216
v -0.015925 -0.062208 0.155216
v 0.012212 -0.052094 0.155216
v -0.014334 -0.066542 0.155216
v 0.010345 -0.048875 0.155216
v 0.007977 -0.046372 0.155216
v -0.011312 -0.070482 0.155216
v 0.005154 -0.044493 0.155216
v -0.007092 -0.073293 0.155216
v 0.002024 -0.043327 0.155216
v -0.001471 -0.042936 0.155216
v -0.001471 -0.042936 0.155216
v -0.002469 -0.074478 0.155216
v -0.001068 -0.058261 0.200478
v -0.001463 -0.039669 0.151492
v -0.001482 -0.039426 0.152975
v -0.001482 -0.039426 0.152975
v -0.001462 -0.039143 0.152240
v -0.001462 -0.039143 0.152240
v -0.001462 -0.039143 0.152240
v -0.001462 -0.039143 0.152240
v -0.002668 -0.077780 0.151496
v -0.002702 -0.078010 0.152979
v -0.002699 -0.078260 0.152245
v -0.002699 -0.078260 0.152245
v -0.006512 -0.040249 0.152974
v -0.006431 -0.040480 0.151492
v -0.006566 -0.039977 0.152240
v -0.006566 -0.039977 0.152240
v 0.002631 -0.077621 0.152979
v 0.002598 -0.077394 0.151496
v 0.002714 -0.077865 0.152245
v 0.002714 -0.077865 0.152245
v 0.007640 -0.075591 0.152977
v 0.007541 -0.075386 0.151494
v 0.007795 -0.075805 0.152242
v 0.007795 -0.075805 0.152242
v -0.011574 -0.042769 0.152970
v -0.011431 -0.042970 0.151488
v -0.011698 -0.042534 0.152235
v -0.011698 -0.042534 0.152235
v -0.015541 -0.046581 0.152963
v -0.015349 -0.046736 0.151482
v -0.015722 -0.046400 0.152228
v -0.015722 -0.046400 0.152228
v 0.012063 -0.071932 0.152974
v 0.011906 -0.071770 0.151491
v 0.012279 -0.072094 0.152239
v 0.012279 -0.072094 0.152239
v -0.018283 -0.051487 0.152957
v -0.018057 -0.051583 0.151478
v -0.018501 -0.051375 0.152222
v -0.018501 -0.051375 0.152222
v 0.015130 -0.067269 0.152971
v 0.014931 -0.067166 0.151489
v 0.015387 -0.067367 0.152235
v 0.015387 -0.067367 0.152235
v 0.016761 -0.061837 0.152969
v 0.016538 -0.061804 0.151487
v 0.017040 -0.061861 0.152233
v 0.017040 -0.061861 0.152233
v -0.019579 -0.057299 0.152954
v -0.019336 -0.057324 0.151475
v -0.019813 -0.057263 0.152218
v -0.019813 -0.057263 0.152218
v 0.016789 -0.055869 0.152968
v 0.016566 -0.055913 0.151486
v 0.017069 -0.055816 0.152231
v 0.017069 -0.055816 0.152231
v -0.019203 -0.062990 0.152955
v -0.018965 -0.062945 0.151476
v -0.019432 -0.063030 0.152220
v -0.019432 -0.063030 0.152220
v 0.015330 -0.050658 0.152967
v 0.015128 -0.050769 0.151485
v 0.015591 -0.050536 0.152231
v 0.015591 -0.050536 0.152231
v -0.017254 -0.068294 0.152961
v -0.017040 -0.068184 0.151481
v -0.017457 -0.068408 0.152226
v -0.017457 -0.068408 0.152226
v 0.013044 -0.046716 0.152967
v 0.012874 -0.046877 0.151485
v 0.013274 -0.046539 0.152231
v 0.013274 -0.046539 0.152231
v 0.010141 -0.043648 0.152968
v 0.010011 -0.043846 0.151487
v 0.010331 -0.043427 0.152233
v 0.010331 -0.043427 0.152233
v -0.013553 -0.073112 0.152969
v -0.013385 -0.072943 0.151488
v -0.013705 -0.073292 0.152235
v -0.013705 -0.073292 0.152235
v 0.006678 -0.041342 0.152971
v 0.006593 -0.041567 0.151488
v 0.006819 -0.041088 0.152235
v 0.006819 -0.041088 0.152235
v -0.008381 -0.076555 0.152976
v -0.008277 -0.076344 0.151493
v -0.008461 -0.076784 0.152242
v -0.008461 -0.076784 0.152242
v 0.002827 -0.039907 0.152973
v 0.002792 -0.040147 0.151490
v 0.002911 -0.039632 0.152238
v 0.002911 -0.039632 0.152238
v 0.006817 -0.057146 0.188425
v 0.006817 -0.057146 0.188425
v 0.006181 -0.054281 0.188425
v 0.006181 -0.054281 0.188425
v 0.005178 -0.052096 0.188425
v 0.005178 -0.052096 0.188425
v 0.003890 -0.050375 0.188425
v 0.003890 -0.050375 0.188425
v 0.002326 -0.049064 0.188425
v 0.002326 -0.049064 0.188425
v 0.000566 -0.048246 0.188425
v 0.000566 -0.048246 0.188425
v -0.001412 -0.047977 0.188425
v -0.001412 -0.047977 0.188425
v -0.001412 -0.047977 0.188425
v -0.001412 -0.047977 0.188425
v -0.003733 -0.048462 0.188425
v -0.003733 -0.048462 0.188425
v -0.006045 -0.049908 0.188425
v -0.006045 -0.049908 0.188425
v -0.007818 -0.052051 0.188425
v -0.007818 -0.052051 0.188425
v -0.009020 -0.054775 0.188425
v -0.009020 -0.054775 0.188425
v -0.009575 -0.057959 0.188425
v -0.009575 -0.057959 0.188425
v -0.009419 -0.061056 0.188425
v -0.009419 -0.061056 0.188425
v -0.008595 -0.063966 0.188425
v -0.008595 -0.063966 0.188425
v -0.006966 -0.066659 0.188425
v -0.006966 -0.066659 0.188425
v -0.004608 -0.068609 0.188425
v -0.004608 -0.068609 0.188425
v -0.001993 -0.069435 0.188425
v -0.001993 -0.069435 0.188425
v 0.000458 -0.069222 0.188425
v 0.000458 -0.069222 0.188425
v 0.002758 -0.068065 0.188425
v 0.002758 -0.068065 0.188425
v 0.004754 -0.065984 0.188425
v 0.004754 -0.065984 0.188425
v 0.006096 -0.063390 0.188425
v 0.006096 -0.063390 0.188425
v 0.006804 -0.060410 0.188425
v 0.006804 -0.060410 0.188425
v 0.011726 -0.056628 0.188425
v 0.013335 -0.056397 0.187033
v 0.012787 -0.056498 0.188017
v 0.012787 -0.056498 0.188017
v 0.012149 -0.052126 0.187031
v 0.010651 -0.052687 0.188425
v 0.011644 -0.052325 0.188017
v 0.011644 -0.052325 0.188017
v 0.010295 -0.048900 0.187023
v 0.008972 -0.049713 0.188425
v 0.009854 -0.049165 0.188014
v 0.009854 -0.049165 0.188014
v 0.007937 -0.046383 0.187013
v 0.006843 -0.047403 0.188425
v 0.007572 -0.046693 0.188011
v 0.007572 -0.046693 0.188011
v 0.005115 -0.044487 0.187002
v 0.004305 -0.045673 0.188425
v 0.004833 -0.044827 0.188008
v 0.004833 -0.044827 0.188008
v 0.001976 -0.043308 0.186991
v 0.001497 -0.044607 0.188425
v 0.001781 -0.043668 0.188005
v 0.001781 -0.043668 0.188005
v -0.001533 -0.042914 0.186980
v -0.001533 -0.042914 0.186980
v -0.001630 -0.044257 0.188425
v -0.001630 -0.044257 0.188425
v -0.001636 -0.043282 0.188002
v -0.001636 -0.043282 0.188002
v -0.001636 -0.043282 0.188002
v -0.001636 -0.043282 0.188002
v -0.005643 -0.043593 0.186969
v -0.005297 -0.044879 0.188425
v -0.005637 -0.043955 0.187999
v -0.005637 -0.043955 0.187999
v -0.009778 -0.045670 0.186958
v -0.009002 -0.046777 0.188425
v -0.009655 -0.046003 0.187995
v -0.009655 -0.046003 0.187995
v -0.013003 -0.048794 0.186946
v -0.011906 -0.049645 0.188425
v -0.012777 -0.049073 0.187992
v -0.012777 -0.049073 0.187992
v -0.015227 -0.052811 0.186936
v -0.013911 -0.053346 0.188425
v -0.014920 -0.053007 0.187989
v -0.014920 -0.053007 0.187989
v -0.016278 -0.057575 0.186927
v -0.014851 -0.057731 0.188425
v -0.015925 -0.057657 0.187986
v -0.015925 -0.057657 0.187986
v -0.015974 -0.062227 0.186923
v -0.014577 -0.062006 0.188425
v -0.015634 -0.062190 0.187985
v -0.015634 -0.062190 0.187985
v -0.014398 -0.066563 0.186926
v -0.013167 -0.065992 0.188425
v -0.014128 -0.066425 0.187986
v -0.014128 -0.066425 0.187986
v -0.011390 -0.070516 0.186934
v -0.010461 -0.069623 0.188425
v -0.011225 -0.070302 0.187988
v -0.011225 -0.070302 0.187988
v -0.007168 -0.073347 0.186944
v -0.006663 -0.072205 0.188425
v -0.007122 -0.073084 0.187991
v -0.007122 -0.073084 0.187991
v -0.002530 -0.074544 0.186954
v -0.002521 -0.073289 0.188425
v -0.002607 -0.074262 0.187994
v -0.002607 -0.074262 0.187994
v 0.001816 -0.074229 0.186965
v 0.001349 -0.073015 0.188425
v 0.001623 -0.073957 0.187997
v 0.001623 -0.073957 0.187997
v 0.005900 -0.072564 0.186978
v 0.005009 -0.071509 0.188425
v 0.005598 -0.072320 0.188001
v 0.005598 -0.072320 0.188001
v 0.009508 -0.069555 0.186993
v 0.008260 -0.068752 0.188425
v 0.009096 -0.069359 0.188006
v 0.009096 -0.069359 0.188006
v 0.011995 -0.065735 0.187011
v 0.010507 -0.065239 0.188425
v 0.011495 -0.065616 0.188011
v 0.011495 -0.065616 0.188011
v 0.013314 -0.061292 0.187026
v 0.011704 -0.061143 0.188425
v 0.012766 -0.061275 0.188015
v 0.012766 -0.061275 0.188015
v 0.015101 -0.056168 0.197595
v 0.015400 -0.056121 0.196246
v 0.014131 -0.051219 0.196246
v 0.013855 -0.051353 0.197595
v 0.012021 -0.047329 0.196245
v 0.011783 -0.047532 0.197594
v 0.009330 -0.044315 0.196244
v 0.009141 -0.044570 0.197593
v 0.006125 -0.042069 0.196244
v 0.005994 -0.042363 0.197593
v 0.002479 -0.040654 0.196243
v 0.002411 -0.040972 0.197592
v -0.001669 -0.040204 0.196243
v -0.001669 -0.040204 0.196243
v -0.001664 -0.040530 0.197592
v -0.001664 -0.040530 0.197592
v -0.006316 -0.041046 0.196244
v -0.006229 -0.041358 0.197593
v -0.010869 -0.043446 0.196244
v -0.010700 -0.043717 0.197593
v -0.014558 -0.047172 0.196245
v -0.014323 -0.047378 0.197594
v -0.017072 -0.051908 0.196246
v -0.016791 -0.052030 0.197595
v -0.018215 -0.057300 0.196246
v -0.017914 -0.057325 0.197595
v -0.017877 -0.062746 0.196246
v -0.017582 -0.062674 0.197595
v -0.016069 -0.067896 0.196246
v -0.015806 -0.067733 0.197595
v -0.012707 -0.072459 0.196245
v -0.012505 -0.072215 0.197594
v -0.008010 -0.075742 0.196245
v -0.007892 -0.075441 0.197594
v -0.002758 -0.077183 0.196244
v -0.002733 -0.076857 0.197593
v 0.002347 -0.076810 0.196244
v 0.002281 -0.076490 0.197593
v 0.007062 -0.074803 0.196245
v 0.006913 -0.074519 0.197594
v 0.011054 -0.071329 0.196245
v 0.010834 -0.071105 0.197594
v 0.013881 -0.066806 0.196246
v 0.013609 -0.066662 0.197595
v 0.015365 -0.061590 0.196246
v 0.015067 -0.061539 0.197595
v -0.004948 -0.044355 0.151505
v -0.004948 -0.044355 0.151505
v 0.011703 -0.059873 0.151505
v 0.011703 -0.059873 0.151505
v 0.001720 -0.044111 0.151505
v 0.001720 -0.044111 0.151505
v -0.001350 -0.043767 0.151505
v -0.001350 -0.043767 0.151505
v -0.006288 -0.070439 0.151505
v -0.006288 -0.070439 0.151505
v -0.002226 -0.071481 0.151505
v -0.002226 -0.071481 0.151505
v 0.004471 -0.045136 0.151505
v 0.004471 -0.045136 0.151505
v -0.009996 -0.067969 0.151505
v -0.009996 -0.067969 0.151505
v 0.006951 -0.046787 0.151505
v 0.006951 -0.046787 0.151505
v 0.009031 -0.048986 0.151505
v 0.009031 -0.048986 0.151505
v -0.012651 -0.064508 0.151505
v -0.012651 -0.064508 0.151505
v 0.010672 -0.051814 0.151505
v 0.010672 -0.051814 0.151505
v -0.014049 -0.060699 0.151505
v -0.014049 -0.060699 0.151505
v 0.011723 -0.055567 0.151505
v 0.011723 -0.055567 0.151505
v -0.014319 -0.056607 0.151505
v -0.014319 -0.056607 0.151505
v 0.010531 -0.063778 0.151505
v 0.010531 -0.063778 0.151505
v -0.013386 -0.052419 0.151505
v -0.013386 -0.052419 0.151505
v 0.008331 -0.067125 0.151505
v 0.008331 -0.067125 0.151505
v -0.011419 -0.048895 0.151505
v -0.011419 -0.048895 0.151505
v -0.008578 -0.046164 0.151505
v -0.008578 -0.046164 0.151505
v 0.005156 -0.069752 0.151505
v 0.005156 -0.069752 0.151505
v 0.001577 -0.071204 0.151505
v 0.001577 -0.071204 0.151505
v -0.004300 -0.046362 0.158471
v 0.009619 -0.059562 0.158471
v 0.001233 -0.046154 0.158471
v -0.001297 -0.045871 0.158471
v -0.005427 -0.068508 0.158471
v -0.002038 -0.069376 0.158471
v 0.003516 -0.047005 0.158471
v -0.008552 -0.066425 0.158471
v 0.005599 -0.048392 0.158471
v 0.007350 -0.050242 0.158471
v -0.010803 -0.063491 0.158471
v 0.008735 -0.052631 0.158471
v -0.011988 -0.060263 0.158471
v 0.009637 -0.055848 0.158471
v -0.012219 -0.056768 0.158471
v 0.008621 -0.062887 0.158471
v -0.011417 -0.053170 0.158471
v 0.006760 -0.065718 0.158471
v -0.009750 -0.050183 0.158471
v -0.007362 -0.047888 0.158471
v 0.004074 -0.067941 0.158471
v 0.001098 -0.069148 0.158471
v -0.000788 -0.056883 0.158471
v 0.001720 -0.044111 0.158471
v 0.001720 -0.044111 0.158471
v -0.001350 -0.043767 0.158471
v -0.001350 -0.043767 0.158471
v -0.006288 -0.070439 0.158471
v -0.006288 -0.070439 0.158471
v -0.002226 -0.071481 0.158471
v -0.002226 -0.071481 0.158471
v 0.004471 -0.045136 0.158471
v 0.004471 -0.045136 0.158471
v -0.009996 -0.067969 0.158471
v -0.009996 -0.067969 0.158471
v 0.006951 -0.046787 0.158471
v 0.006951 -0.046787 0.158471
v 0.009031 -0.048986 0.158471
v 0.009031 -0.048986 0.158471
v -0.012651 -0.064508 0.158471
v -0.012651 -0.064508 0.158471
v 0.010672 -0.051814 0.158471
v 0.010672 -0.051814 0.158471
v -0.014049 -0.060699 0.158471
v -0.014049 -0.060699 0.158471
v 0.011723 -0.055567 0.158471
v 0.011723 -0.055567 0.158471
v -0.014319 -0.056607 0.158471
v -0.014319 -0.056607 0.158471
v 0.010531 -0.063778 0.158471
v 0.010531 -0.063778 0.158471
v 0.011703 -0.059873 0.158471
v 0.011703 -0.059873 0.158471
v -0.013386 -0.052419 0.158471
v -0.013386 -0.052419 0.158471
v 0.008331 -0.067125 0.158471
v 0.008331 -0.067125 0.158471
v -0.011419 -0.048895 0.158471
v -0.011419 -0.048895 0.158471
v -0.008578 -0.046164 0.158471
v -0.008578 -0.046164 0.158471
v 0.005156 -0.069752 0.158471
v 0.005156 -0.069752 0.158471
v 0.001577 -0.071204 0.158471
v 0.001577 -0.071204 0.158471
v -0.004948 -0.044355 0.158471
v -0.004948 -0.044355 0.158471
v -0.001482 -0.053936 0.275359
v -0.001482 -0.053936 0.275359
v 0.000022 -0.054055 0.275359
v 0.001395 -0.054682 0.275359
v 0.002470 -0.055740 0.275359
v 0.003119 -0.057103 0.275359
v 0.003262 -0.058605 0.275359
v 0.002883 -0.060065 0.275359
v 0.002028 -0.061308 0.275359
v 0.000799 -0.062183 0.275359
v -0.000655 -0.062586 0.275359
v -0.002159 -0.062466 0.275359
v -0.003532 -0.061839 0.275359
v -0.004607 -0.060781 0.275359
v -0.005256 -0.059419 0.275359
v -0.005399 -0.057917 0.275359
v -0.005020 -0.056456 0.275359
v -0.004165 -0.055213 0.275359
v -0.002936 -0.054338 0.275359
v 0.001850 -0.054021 0.224561
v 0.003125 -0.055275 0.224561
v 0.003893 -0.056889 0.224561
v 0.004063 -0.058668 0.224561
v 0.003614 -0.060399 0.224561
v 0.002600 -0.061871 0.224561
v 0.001144 -0.062909 0.224561
v -0.000579 -0.063385 0.224561
v -0.002361 -0.063243 0.224561
v -0.003987 -0.062501 0.224561
v -0.005262 -0.061247 0.224561
v -0.006030 -0.059633 0.224561
v -0.006200 -0.057853 0.224561
v 0.000224 -0.053278 0.224561
v -0.005751 -0.056122 0.224561
v -0.004737 -0.054650 0.224561
v -0.001558 -0.053136 0.224561
v -0.001558 -0.053136 0.224561
v -0.003281 -0.053613 0.224561
v 0.001324 -0.049037 0.217123
v 0.001379 -0.048826 0.210951
v 0.001614 -0.047920 0.215745
v 0.001726 -0.047488 0.214088
v 0.001644 -0.047806 0.212405
v -0.001995 -0.048558 0.210951
v -0.001995 -0.048558 0.210951
v -0.001975 -0.048775 0.217123
v -0.001975 -0.048775 0.217123
v -0.002096 -0.047509 0.212405
v -0.002096 -0.047509 0.212405
v -0.002127 -0.047182 0.214088
v -0.002127 -0.047182 0.214088
v -0.002084 -0.047626 0.215745
v -0.002084 -0.047626 0.215745
v 0.004335 -0.050412 0.217123
v 0.004458 -0.050232 0.210951
v 0.004989 -0.049461 0.215745
v 0.005242 -0.049094 0.214088
v 0.005056 -0.049364 0.212405
v 0.006693 -0.052733 0.217123
v 0.006871 -0.052606 0.210951
v 0.007633 -0.052064 0.215745
v 0.007997 -0.051805 0.214088
v 0.007729 -0.051995 0.212405
v 0.008116 -0.055721 0.217123
v 0.008326 -0.055663 0.210951
v 0.009228 -0.055414 0.215745
v 0.009658 -0.055295 0.214088
v 0.009342 -0.055382 0.212405
v 0.008431 -0.059016 0.217123
v 0.008648 -0.059033 0.210951
v 0.009581 -0.059107 0.215745
v 0.010026 -0.059142 0.214088
v 0.009698 -0.059116 0.212405
v 0.007600 -0.062219 0.217123
v 0.007798 -0.062309 0.210951
v 0.008649 -0.062698 0.215745
v 0.009055 -0.062884 0.214088
v 0.008756 -0.062747 0.212405
v 0.005723 -0.064945 0.217123
v 0.005879 -0.065098 0.210951
v 0.006545 -0.065754 0.215745
v 0.006864 -0.066067 0.214088
v 0.006629 -0.065837 0.212405
v 0.003027 -0.066864 0.217123
v 0.003121 -0.067061 0.210951
v 0.003523 -0.067906 0.215745
v 0.003715 -0.068309 0.214088
v 0.003574 -0.068013 0.212405
v -0.000162 -0.067746 0.217123
v -0.000142 -0.067964 0.210951
v -0.000053 -0.068895 0.215745
v -0.000010 -0.069339 0.214088
v -0.000041 -0.069012 0.212405
v -0.003461 -0.067484 0.217123
v -0.003516 -0.067696 0.210951
v -0.003751 -0.068601 0.215745
v -0.003863 -0.069033 0.214088
v -0.003781 -0.068715 0.212405
v -0.006472 -0.066110 0.217123
v -0.006595 -0.066289 0.210951
v -0.007126 -0.067060 0.215745
v -0.007379 -0.067428 0.214088
v -0.007193 -0.067157 0.212405
v -0.008830 -0.063788 0.217123
v -0.009008 -0.063915 0.210951
v -0.009770 -0.064458 0.215745
v -0.010134 -0.064717 0.214088
v -0.009866 -0.064526 0.212405
v -0.010253 -0.060800 0.217123
v -0.010463 -0.060858 0.210951
v -0.011365 -0.061108 0.215745
v -0.011795 -0.061227 0.214088
v -0.011479 -0.061139 0.212405
v -0.010568 -0.057506 0.217123
v -0.010785 -0.057489 0.210951
v -0.011718 -0.057414 0.215745
v -0.012163 -0.057379 0.214088
v -0.011835 -0.057405 0.212405
v -0.009736 -0.054303 0.217123
v -0.009935 -0.054212 0.210951
v -0.010786 -0.053823 0.215745
v -0.011192 -0.053638 0.214088
v -0.010893 -0.053774 0.212405
v -0.007860 -0.051577 0.217123
v -0.008015 -0.051424 0.210951
v -0.008682 -0.050767 0.215745
v -0.009000 -0.050454 0.214088
v -0.008766 -0.050685 0.212405
v -0.005164 -0.049657 0.217123
v -0.005258 -0.049460 0.210951
v -0.005660 -0.048615 0.215745
v -0.005852 -0.048212 0.214088
v -0.005711 -0.048509 0.212405
v 0.000757 -0.051224 0.205119
v 0.000757 -0.051224 0.208673
v 0.000757 -0.051224 0.208673
v 0.000556 -0.051999 0.206896
v 0.003053 -0.052273 0.205119
v 0.003053 -0.052273 0.208673
v 0.003053 -0.052273 0.208673
v 0.002599 -0.052932 0.206896
v 0.004853 -0.054044 0.205119
v 0.004853 -0.054044 0.208673
v 0.004853 -0.054044 0.208673
v 0.004201 -0.054508 0.206896
v 0.005938 -0.056323 0.205119
v 0.005938 -0.056323 0.208673
v 0.005938 -0.056323 0.208673
v 0.005166 -0.056537 0.206896
v 0.006178 -0.058836 0.205119
v 0.006178 -0.058836 0.208673
v 0.006178 -0.058836 0.208673
v 0.005380 -0.058773 0.206896
v 0.005544 -0.061280 0.205119
v 0.005544 -0.061280 0.208673
v 0.005544 -0.061280 0.208673
v 0.004816 -0.060948 0.206896
v 0.004112 -0.063360 0.205119
v 0.004112 -0.063360 0.208673
v 0.004112 -0.063360 0.208673
v 0.003542 -0.062798 0.206896
v 0.002056 -0.064824 0.205119
v 0.002056 -0.064824 0.208673
v 0.002056 -0.064824 0.208673
v 0.001712 -0.064101 0.206896
v -0.000377 -0.065497 0.205119
v -0.000377 -0.065497 0.208673
v -0.000377 -0.065497 0.208673
v -0.000453 -0.064700 0.206896
v -0.002894 -0.065297 0.205119
v -0.002894 -0.065297 0.208673
v -0.002894 -0.065297 0.208673
v -0.002693 -0.064522 0.206896
v -0.005190 -0.064248 0.205119
v -0.005190 -0.064248 0.208673
v -0.005190 -0.064248 0.208673
v -0.004736 -0.063589 0.206896
v -0.006990 -0.062477 0.205119
v -0.006990 -0.062477 0.208673
v -0.006990 -0.062477 0.208673
v -0.006338 -0.062013 0.206896
v -0.008075 -0.060198 0.205119
v -0.008075 -0.060198 0.208673
v -0.008075 -0.060198 0.208673
v -0.007303 -0.059985 0.206896
v -0.008315 -0.057685 0.205119
v -0.008315 -0.057685 0.208673
v -0.008315 -0.057685 0.208673
v -0.007517 -0.057748 0.206896
v -0.007681 -0.055241 0.205119
v -0.007681 -0.055241 0.208673
v -0.007681 -0.055241 0.208673
v -0.006953 -0.055574 0.206896
v -0.006249 -0.053162 0.205119
v -0.006249 -0.053162 0.208673
v -0.006249 -0.053162 0.208673
v -0.005679 -0.053723 0.206896
v -0.001760 -0.051024 0.208673
v -0.001760 -0.051024 0.208673
v -0.001760 -0.051024 0.208673
v -0.001760 -0.051024 0.208673
v -0.001760 -0.051024 0.205119
v -0.001760 -0.051024 0.205119
v -0.001684 -0.051821 0.206896
v -0.001684 -0.051821 0.206896
v -0.004193 -0.051697 0.208673
v -0.004193 -0.051697 0.208673
v -0.004193 -0.051697 0.205119
v -0.003849 -0.052420 0.206896
v -0.004313 -0.051445 0.218258
v -0.003507 -0.053139 0.221364
v -0.003754 -0.052620 0.219598
v -0.003754 -0.052620 0.219598
v -0.006448 -0.052966 0.218258
v -0.005111 -0.054282 0.221364
v -0.005521 -0.053878 0.219598
v -0.005521 -0.053878 0.219598
v -0.001608 -0.052614 0.221364
v -0.001608 -0.052614 0.221364
v -0.001786 -0.050746 0.218258
v -0.001786 -0.050746 0.218258
v -0.001663 -0.052042 0.219598
v -0.001663 -0.052042 0.219598
v -0.001663 -0.052042 0.219598
v -0.001663 -0.052042 0.219598
v -0.007935 -0.055125 0.218258
v -0.006228 -0.055904 0.221364
v -0.006751 -0.055666 0.219598
v -0.006751 -0.055666 0.219598
v -0.008593 -0.057663 0.218258
v -0.006723 -0.057811 0.221364
v -0.007296 -0.057766 0.219598
v -0.007296 -0.057766 0.219598
v -0.008344 -0.060272 0.218258
v -0.006536 -0.059772 0.221364
v -0.007090 -0.059926 0.219598
v -0.007090 -0.059926 0.219598
v -0.007217 -0.062639 0.218258
v -0.005689 -0.061551 0.221364
v -0.006157 -0.061885 0.219598
v -0.006157 -0.061885 0.219598
v -0.005349 -0.064478 0.218258
v -0.004285 -0.062933 0.221364
v -0.004611 -0.063407 0.219598
v -0.004611 -0.063407 0.219598
v -0.002964 -0.065567 0.218258
v -0.002493 -0.063751 0.221364
v -0.002637 -0.064308 0.219598
v -0.002637 -0.064308 0.219598
v -0.000351 -0.065775 0.218258
v -0.000529 -0.063907 0.221364
v -0.000474 -0.064480 0.219598
v -0.000474 -0.064480 0.219598
v 0.002176 -0.065076 0.218258
v 0.001370 -0.063382 0.221364
v 0.001617 -0.063902 0.219598
v 0.001617 -0.063902 0.219598
v 0.004311 -0.063556 0.218258
v 0.002974 -0.062240 0.221364
v 0.003384 -0.062643 0.219598
v 0.003384 -0.062643 0.219598
v 0.005798 -0.061396 0.218258
v 0.004091 -0.060617 0.221364
v 0.004614 -0.060856 0.219598
v 0.004614 -0.060856 0.219598
v 0.006456 -0.058859 0.218258
v 0.004586 -0.058710 0.221364
v 0.005159 -0.058756 0.219598
v 0.005159 -0.058756 0.219598
v 0.006207 -0.056249 0.218258
v 0.004399 -0.056749 0.221364
v 0.004953 -0.056596 0.219598
v 0.004953 -0.056596 0.219598
v 0.005080 -0.053882 0.218258
v 0.003552 -0.054970 0.221364
v 0.004020 -0.054637 0.219598
v 0.004020 -0.054637 0.219598
v 0.003212 -0.052043 0.218258
v 0.002148 -0.053588 0.221364
v 0.002474 -0.053115 0.219598
v 0.002474 -0.053115 0.219598
v 0.000827 -0.050954 0.218258
v 0.000356 -0.052770 0.221364
v 0.000500 -0.052213 0.219598
v 0.000500 -0.052213 0.219598
v -0.001068 -0.058261 0.199632
v -0.002031 -0.048180 0.199632
v 0.001474 -0.048459 0.199632
v 0.004673 -0.049920 0.199632
v 0.007180 -0.052387 0.199632
v 0.008691 -0.055562 0.199632
v 0.009026 -0.059063 0.199632
v 0.008143 -0.062467 0.199632
v 0.006149 -0.065364 0.199632
v 0.003284 -0.067404 0.199632
v -0.000106 -0.068341 0.199632
v -0.003611 -0.068062 0.199632
v -0.006810 -0.066601 0.199632
v -0.009317 -0.064135 0.199632
v -0.010828 -0.060959 0.199632
v -0.011163 -0.057459 0.199632
v -0.010280 -0.054054 0.199632
v -0.008286 -0.051158 0.199632
v -0.005421 -0.049118 0.199632
v 0.001784 -0.047266 0.199632
v -0.002149 -0.046953 0.199632
v 0.005372 -0.048904 0.199632
v 0.008184 -0.051671 0.199632
v 0.009880 -0.055233 0.199632
v 0.010255 -0.059160 0.199632
v 0.009264 -0.062979 0.199632
v 0.007027 -0.066228 0.199632
v 0.003814 -0.068517 0.199632
v 0.000012 -0.069568 0.199632
v -0.003921 -0.069256 0.199632
v -0.007509 -0.067617 0.199632
v -0.010321 -0.064850 0.199632
v -0.012017 -0.061288 0.199632
v -0.012392 -0.057361 0.199632
v -0.011401 -0.053542 0.199632
v -0.009164 -0.050293 0.199632
v -0.005951 -0.048004 0.199632
v -0.002231 -0.046087 0.200077
v -0.002231 -0.046087 0.200077
v -0.002231 -0.046087 0.200077
v -0.002218 -0.046227 0.200689
v -0.002218 -0.046227 0.200689
v -0.002233 -0.046073 0.200402
v -0.002233 -0.046073 0.200402
v 0.001967 -0.046560 0.200689
v 0.002002 -0.046424 0.200077
v 0.002002 -0.046424 0.200077
v 0.002006 -0.046410 0.200402
v 0.005786 -0.048304 0.200689
v 0.005866 -0.048188 0.200077
v 0.005866 -0.048188 0.200077
v 0.005874 -0.048176 0.200402
v 0.008778 -0.051248 0.200689
v 0.008892 -0.051167 0.200077
v 0.008892 -0.051167 0.200077
v 0.008904 -0.051158 0.200402
v 0.010583 -0.055039 0.200689
v 0.010718 -0.055002 0.200077
v 0.010718 -0.055002 0.200077
v 0.010732 -0.054998 0.200402
v 0.010982 -0.059218 0.200689
v 0.011122 -0.059229 0.200077
v 0.011122 -0.059229 0.200077
v 0.011136 -0.059231 0.200402
v 0.009928 -0.063282 0.200689
v 0.010055 -0.063340 0.200077
v 0.010055 -0.063340 0.200077
v 0.010069 -0.063346 0.200402
v 0.007547 -0.066740 0.200689
v 0.007647 -0.066838 0.200077
v 0.007647 -0.066838 0.200077
v 0.007658 -0.066849 0.200402
v 0.004127 -0.069175 0.200689
v 0.004188 -0.069302 0.200077
v 0.004188 -0.069302 0.200077
v 0.004194 -0.069315 0.200402
v 0.000081 -0.070294 0.200689
v 0.000094 -0.070434 0.200077
v 0.000094 -0.070434 0.200077
v 0.000096 -0.070449 0.200402
v -0.004104 -0.069962 0.200689
v -0.004139 -0.070097 0.200077
v -0.004139 -0.070097 0.200077
v -0.004143 -0.070112 0.200402
v -0.007923 -0.068218 0.200689
v -0.008002 -0.068333 0.200077
v -0.008002 -0.068333 0.200077
v -0.008011 -0.068346 0.200402
v -0.010915 -0.065273 0.200689
v -0.011029 -0.065354 0.200077
v -0.011029 -0.065354 0.200077
v -0.011041 -0.065363 0.200402
v -0.012720 -0.061482 0.200689
v -0.012855 -0.061520 0.200077
v -0.012855 -0.061520 0.200077
v -0.012869 -0.061524 0.200402
v -0.013119 -0.057303 0.200689
v -0.013259 -0.057292 0.200077
v -0.013259 -0.057292 0.200077
v -0.013273 -0.057291 0.200402
v -0.012065 -0.053239 0.200689
v -0.012192 -0.053181 0.200077
v -0.012192 -0.053181 0.200077
v -0.012206 -0.053175 0.200402
v -0.009684 -0.049781 0.200689
v -0.009784 -0.049683 0.200077
v -0.009784 -0.049683 0.200077
v -0.009795 -0.049673 0.200402
v -0.006264 -0.047346 0.200689
v -0.006325 -0.047219 0.200077
v -0.006325 -0.047219 0.200077
v -0.006331 -0.047206 0.200402
v -0.003790 -0.051034 0.192176
v -0.003790 -0.051034 0.192176
v -0.003790 -0.051034 0.188759
v -0.003790 -0.051034 0.188759
v -0.001698 -0.050683 0.192176
v -0.001698 -0.050683 0.192176
v -0.001698 -0.050683 0.192176
v -0.001698 -0.050683 0.192176
v -0.001698 -0.050683 0.188759
v -0.001698 -0.050683 0.188759
v -0.001698 -0.050683 0.188759
v -0.001698 -0.050683 0.188759
v 0.000432 -0.050809 0.192176
v 0.000432 -0.050809 0.192176
v 0.000432 -0.050809 0.188759
v 0.000432 -0.050809 0.188759
v 0.002472 -0.051400 0.192176
v 0.002472 -0.051400 0.192176
v 0.002472 -0.051400 0.188759
v 0.002472 -0.051400 0.188759
v 0.004323 -0.052431 0.192176
v 0.004323 -0.052431 0.192176
v 0.004323 -0.052431 0.188759
v 0.004323 -0.052431 0.188759
v 0.005900 -0.053847 0.192176
v 0.005900 -0.053847 0.192176
v 0.005900 -0.053847 0.188759
v 0.005900 -0.053847 0.188759
v 0.007123 -0.055579 0.192176
v 0.007123 -0.055579 0.192176
v 0.007123 -0.055579 0.188759
v 0.007123 -0.055579 0.188759
v 0.007931 -0.057538 0.192176
v 0.007931 -0.057538 0.192176
v 0.007931 -0.057538 0.188759
v 0.007931 -0.057538 0.188759
v 0.008282 -0.059630 0.192176
v 0.008282 -0.059630 0.192176
v 0.008282 -0.059630 0.188759
v 0.008282 -0.059630 0.188759
v 0.008157 -0.061760 0.192176
v 0.008157 -0.061760 0.192176
v 0.008157 -0.061760 0.188759
v 0.008157 -0.061760 0.188759
v 0.007565 -0.063800 0.192176
v 0.007565 -0.063800 0.192176
v 0.007565 -0.063800 0.188759
v 0.007565 -0.063800 0.188759
v 0.006534 -0.065651 0.192176
v 0.006534 -0.065651 0.192176
v 0.006534 -0.065651 0.188759
v 0.006534 -0.065651 0.188759
v 0.005118 -0.067229 0.192176
v 0.005118 -0.067229 0.192176
v 0.005118 -0.067229 0.188759
v 0.005118 -0.067229 0.188759
v 0.003386 -0.068452 0.192176
v 0.003386 -0.068452 0.192176
v 0.003386 -0.068452 0.188759
v 0.003386 -0.068452 0.188759
v 0.001427 -0.069259 0.192176
v 0.001427 -0.069259 0.192176
v 0.001427 -0.069259 0.188759
v 0.001427 -0.069259 0.188759
v -0.000677 -0.069609 0.192176
v -0.000677 -0.069609 0.192176
v -0.000677 -0.069609 0.188759
v -0.000677 -0.069609 0.188759
v -0.002800 -0.069486 0.192176
v -0.002800 -0.069486 0.192176
v -0.002800 -0.069486 0.188759
v -0.002800 -0.069486 0.188759
v -0.004833 -0.068893 0.192176
v -0.004833 -0.068893 0.192176
v -0.004833 -0.068893 0.188759
v -0.004833 -0.068893 0.188759
v -0.006686 -0.067862 0.192176
v -0.006686 -0.067862 0.192176
v -0.006686 -0.067862 0.188759
v -0.006686 -0.067862 0.188759
v -0.008264 -0.066446 0.192176
v -0.008264 -0.066446 0.192176
v -0.008264 -0.066446 0.188759
v -0.008264 -0.066446 0.188759
v -0.009486 -0.064715 0.192176
v -0.009486 -0.064715 0.192176
v -0.009486 -0.064715 0.188759
v -0.009486 -0.064715 0.188759
v -0.010293 -0.062755 0.192176
v -0.010293 -0.062755 0.192176
v -0.010293 -0.062755 0.188759
v -0.010293 -0.062755 0.188759
v -0.010644 -0.060651 0.192176
v -0.010644 -0.060651 0.192176
v -0.010644 -0.060651 0.188759
v -0.010644 -0.060651 0.188759
v -0.010521 -0.058528 0.192176
v -0.010521 -0.058528 0.192176
v -0.010521 -0.058528 0.188759
v -0.010521 -0.058528 0.188759
v -0.009928 -0.056495 0.192176
v -0.009928 -0.056495 0.192176
v -0.009928 -0.056495 0.188759
v -0.009928 -0.056495 0.188759
v -0.008897 -0.054642 0.192176
v -0.008897 -0.054642 0.192176
v -0.008897 -0.054642 0.188759
v -0.008897 -0.054642 0.188759
v -0.007481 -0.053065 0.192176
v -0.007481 -0.053065 0.192176
v -0.007481 -0.053065 0.188759
v -0.007481 -0.053065 0.188759
v -0.005749 -0.051842 0.192176
v -0.005749 -0.051842 0.192176
v -0.005749 -0.051842 0.188759
v -0.005749 -0.051842 0.188759
v -0.008302 -0.035267 0.186722
v -0.002589 -0.034309 0.186722
v -0.002589 -0.034309 0.186722
v 0.003221 -0.034650 0.186722
v 0.008791 -0.036266 0.186722
v 0.013848 -0.039080 0.186722
v 0.018154 -0.042948 0.186722
v 0.021493 -0.047675 0.186722
v 0.023698 -0.053026 0.186722
v 0.024656 -0.058739 0.186722
v 0.024315 -0.064549 0.186722
v 0.022699 -0.070120 0.186722
v 0.019885 -0.075176 0.186722
v 0.016018 -0.079482 0.186722
v 0.011290 -0.082821 0.186722
v 0.005936 -0.085026 0.186722
v 0.000197 -0.085983 0.186722
v -0.005598 -0.085646 0.186722
v -0.011152 -0.084026 0.186722
v -0.016211 -0.081213 0.186722
v -0.020517 -0.077346 0.186722
v -0.023856 -0.072618 0.186722
v -0.026061 -0.067264 0.186722
v -0.027018 -0.061525 0.186722
v -0.026681 -0.055730 0.186722
v -0.025061 -0.050176 0.186722
v -0.022248 -0.045117 0.186722
v -0.018381 -0.040811 0.186722
v -0.013653 -0.037472 0.186722
v -0.002661 -0.032994 0.180789
v -0.002661 -0.032994 0.180789
v -0.002661 -0.032994 0.180789
v -0.002661 -0.032994 0.180789
v -0.002858 -0.029372 0.168847
v -0.002858 -0.029372 0.168847
v -0.002858 -0.029372 0.168847
v -0.002858 -0.029372 0.168847
v 0.003445 -0.033353 0.180789
v 0.003445 -0.033353 0.180789
v 0.004062 -0.029778 0.168847
v 0.004062 -0.029778 0.168847
v 0.009299 -0.035051 0.180789
v 0.009299 -0.035051 0.180789
v 0.010697 -0.031704 0.168847
v 0.010697 -0.031704 0.168847
v 0.014612 -0.038008 0.180789
v 0.014612 -0.038008 0.180789
v 0.016719 -0.035055 0.168847
v 0.016719 -0.035055 0.168847
v 0.019138 -0.042072 0.180789
v 0.019138 -0.042072 0.180789
v 0.021849 -0.039661 0.168847
v 0.021849 -0.039661 0.168847
v 0.022647 -0.047041 0.180789
v 0.022647 -0.047041 0.180789
v 0.025826 -0.045292 0.168847
v 0.025826 -0.045292 0.168847
v 0.024964 -0.052664 0.180789
v 0.024964 -0.052664 0.180789
v 0.028452 -0.051666 0.168847
v 0.028452 -0.051666 0.168847
v 0.025971 -0.058667 0.180789
v 0.025971 -0.058667 0.180789
v 0.029593 -0.058470 0.168847
v 0.029593 -0.058470 0.168847
v 0.025612 -0.064773 0.180789
v 0.025612 -0.064773 0.180789
v 0.029187 -0.065390 0.168847
v 0.029187 -0.065390 0.168847
v 0.023914 -0.070627 0.180789
v 0.023914 -0.070627 0.180789
v 0.027261 -0.072025 0.168847
v 0.027261 -0.072025 0.168847
v 0.020957 -0.075940 0.180789
v 0.020957 -0.075940 0.180789
v 0.023910 -0.078047 0.168847
v 0.023910 -0.078047 0.168847
v 0.016893 -0.080466 0.180789
v 0.016893 -0.080466 0.180789
v 0.019304 -0.083177 0.168847
v 0.019304 -0.083177 0.168847
v 0.011924 -0.083975 0.180789
v 0.011924 -0.083975 0.180789
v 0.013673 -0.087154 0.168847
v 0.013673 -0.087154 0.168847
v 0.006298 -0.086292 0.180789
v 0.006298 -0.086292 0.180789
v 0.007296 -0.089779 0.168847
v 0.007296 -0.089779 0.168847
v 0.000267 -0.087298 0.180789
v 0.000267 -0.087298 0.180789
v 0.000460 -0.090920 0.168847
v 0.000460 -0.090920 0.168847
v -0.005823 -0.086944 0.180789
v -0.005823 -0.086944 0.180789
v -0.006442 -0.090518 0.168847
v -0.006442 -0.090518 0.168847
v -0.011660 -0.085241 0.180789
v -0.011660 -0.085241 0.180789
v -0.013058 -0.088589 0.168847
v -0.013058 -0.088589 0.168847
v -0.016976 -0.082285 0.180789
v -0.016976 -0.082285 0.180789
v -0.019083 -0.085238 0.168847
v -0.019083 -0.085238 0.168847
v -0.021501 -0.078221 0.180789
v -0.021501 -0.078221 0.180789
v -0.024212 -0.080632 0.168847
v -0.024212 -0.080632 0.168847
v -0.025010 -0.073253 0.180789
v -0.025010 -0.073253 0.180789
v -0.028189 -0.075001 0.168847
v -0.028189 -0.075001 0.168847
v -0.027326 -0.067627 0.180789
v -0.027326 -0.067627 0.180789
v -0.030814 -0.068624 0.168847
v -0.030814 -0.068624 0.168847
v -0.028333 -0.061595 0.180789
v -0.028333 -0.061595 0.180789
v -0.031955 -0.061789 0.168847
v -0.031955 -0.061789 0.168847
v -0.027978 -0.055506 0.180789
v -0.027978 -0.055506 0.180789
v -0.031553 -0.054887 0.168847
v -0.031553 -0.054887 0.168847
v -0.026276 -0.049668 0.180789
v -0.026276 -0.049668 0.180789
v -0.029624 -0.048271 0.168847
v -0.029624 -0.048271 0.168847
v -0.023320 -0.044352 0.180789
v -0.023320 -0.044352 0.180789
v -0.026273 -0.042245 0.168847
v -0.026273 -0.042245 0.168847
v -0.019256 -0.039827 0.180789
v -0.019256 -0.039827 0.180789
v -0.021667 -0.037116 0.168847
v -0.021667 -0.037116 0.168847
v -0.014288 -0.036318 0.180789
v -0.014288 -0.036318 0.180789
v -0.016036 -0.033139 0.168847
v -0.016036 -0.033139 0.168847
v -0.009663 -0.030513 0.168847
v -0.009663 -0.030513 0.168847
v -0.008664 -0.034001 0.180789
v -0.008664 -0.034001 0.180789
v -0.008890 -0.033212 0.183743
v -0.002705 -0.032175 0.183743
v -0.002705 -0.032175 0.183743
v 0.003585 -0.032544 0.183743
v 0.009615 -0.034294 0.183743
v 0.015089 -0.037340 0.183743
v 0.019751 -0.041527 0.183743
v 0.023366 -0.046645 0.183743
v 0.025753 -0.052438 0.183743
v 0.026790 -0.058623 0.183743
v 0.026421 -0.064913 0.183743
v 0.024671 -0.070943 0.183743
v 0.021625 -0.076417 0.183743
v 0.017438 -0.081079 0.183743
v 0.012320 -0.084694 0.183743
v 0.006524 -0.087080 0.183743
v 0.000311 -0.088117 0.183743
v -0.005963 -0.087752 0.183743
v -0.011976 -0.085999 0.183743
v -0.017452 -0.082953 0.183743
v -0.022114 -0.078766 0.183743
v -0.025729 -0.073648 0.183743
v -0.028115 -0.067852 0.183743
v -0.029152 -0.061639 0.183743
v -0.028787 -0.055366 0.183743
v -0.027033 -0.049352 0.183743
v -0.023988 -0.043876 0.183743
v -0.019801 -0.039214 0.183743
v -0.014683 -0.035599 0.183743
v -0.002892 -0.028754 0.181288
v -0.002892 -0.028754 0.181288
v -0.003041 -0.026018 0.178761
v -0.003041 -0.026018 0.178761
v -0.003000 -0.026771 0.180687
v -0.003000 -0.026771 0.180687
v 0.004167 -0.029169 0.181288
v 0.004634 -0.026469 0.178761
v 0.004505 -0.027211 0.180687
v 0.010935 -0.031133 0.181288
v 0.011991 -0.028604 0.178761
v 0.011701 -0.029300 0.180687
v 0.017078 -0.034551 0.181288
v 0.018670 -0.032321 0.178761
v 0.018232 -0.032934 0.180687
v 0.022311 -0.039250 0.181288
v 0.024358 -0.037429 0.178761
v 0.023795 -0.037930 0.180687
v 0.026368 -0.044994 0.181288
v 0.028769 -0.043673 0.178761
v 0.028108 -0.044037 0.180687
v 0.029047 -0.051496 0.181288
v 0.031681 -0.050742 0.178761
v 0.030956 -0.050949 0.180687
v 0.030211 -0.058436 0.181288
v 0.032947 -0.058287 0.178761
v 0.032194 -0.058328 0.180687
v 0.029796 -0.065496 0.181288
v 0.032496 -0.065962 0.178761
v 0.031754 -0.065834 0.180687
v 0.027832 -0.072264 0.181288
v 0.030361 -0.073320 0.178761
v 0.029665 -0.073029 0.180687
v 0.024414 -0.078407 0.181288
v 0.026644 -0.079998 0.178761
v 0.026031 -0.079560 0.180687
v 0.019715 -0.083639 0.181288
v 0.021536 -0.085687 0.178761
v 0.021035 -0.085123 0.180687
v 0.013971 -0.087696 0.181288
v 0.015292 -0.090097 0.178761
v 0.014928 -0.089437 0.180687
v 0.007466 -0.090374 0.181288
v 0.008220 -0.093009 0.178761
v 0.008013 -0.092284 0.180687
v 0.000493 -0.091537 0.181288
v 0.000639 -0.094273 0.178761
v 0.000599 -0.093521 0.180687
v -0.006547 -0.091128 0.181288
v -0.007015 -0.093828 0.178761
v -0.006886 -0.093085 0.180687
v -0.013296 -0.089160 0.181288
v -0.014352 -0.091689 0.178761
v -0.014061 -0.090993 0.180687
v -0.019442 -0.085742 0.181288
v -0.021034 -0.087973 0.178761
v -0.020596 -0.087359 0.180687
v -0.024674 -0.081043 0.181288
v -0.026722 -0.082865 0.178761
v -0.026158 -0.082364 0.180687
v -0.028731 -0.075299 0.181288
v -0.031132 -0.076620 0.178761
v -0.030471 -0.076257 0.180687
v -0.031409 -0.068795 0.181288
v -0.034044 -0.069548 0.178761
v -0.033319 -0.069341 0.180687
v -0.032572 -0.061821 0.181288
v -0.035308 -0.061967 0.178761
v -0.034556 -0.061927 0.180687
v -0.032163 -0.054781 0.181288
v -0.034863 -0.054313 0.178761
v -0.034120 -0.054442 0.180687
v -0.030195 -0.048032 0.181288
v -0.032724 -0.046976 0.178761
v -0.032028 -0.047267 0.180687
v -0.026777 -0.041886 0.181288
v -0.029008 -0.040295 0.178761
v -0.028394 -0.040732 0.180687
v -0.022078 -0.036654 0.181288
v -0.023899 -0.034607 0.178761
v -0.023398 -0.035170 0.180687
v -0.016334 -0.032597 0.181288
v -0.017655 -0.030196 0.178761
v -0.017291 -0.030857 0.180687
v -0.010587 -0.027284 0.178761
v -0.009833 -0.029918 0.181288
v -0.010379 -0.028009 0.180687
v -0.003028 -0.026258 0.172916
v -0.003028 -0.026258 0.172916
v -0.002974 -0.027242 0.170800
v -0.002974 -0.027242 0.170800
v 0.004593 -0.026705 0.172916
v 0.004425 -0.027677 0.170800
v 0.011899 -0.028826 0.172916
v 0.011519 -0.029735 0.170800
v 0.018530 -0.032516 0.172916
v 0.017958 -0.033319 0.170800
v 0.024179 -0.037589 0.172916
v 0.023442 -0.038244 0.170800
v 0.028558 -0.043789 0.172916
v 0.027695 -0.044264 0.170800
v 0.031450 -0.050808 0.172916
v 0.030503 -0.051079 0.170800
v 0.032707 -0.058300 0.172916
v 0.031723 -0.058354 0.170800
v 0.032260 -0.065921 0.172916
v 0.031289 -0.065753 0.170800
v 0.030139 -0.073227 0.172916
v 0.029230 -0.072847 0.170800
v 0.026449 -0.079859 0.172916
v 0.025646 -0.079286 0.170800
v 0.021377 -0.085507 0.172916
v 0.020722 -0.084771 0.170800
v 0.015176 -0.089886 0.172916
v 0.014701 -0.089023 0.170800
v 0.008154 -0.092778 0.172916
v 0.007883 -0.091830 0.170800
v 0.000626 -0.094033 0.172916
v 0.000574 -0.093049 0.170800
v -0.006974 -0.093591 0.172916
v -0.006806 -0.092620 0.170800
v -0.014259 -0.091467 0.172916
v -0.013879 -0.090557 0.170800
v -0.020894 -0.087777 0.172916
v -0.020322 -0.086975 0.170800
v -0.026542 -0.082705 0.172916
v -0.025806 -0.082050 0.170800
v -0.030921 -0.076504 0.172916
v -0.030058 -0.076029 0.170800
v -0.033813 -0.069482 0.172916
v -0.032865 -0.069211 0.170800
v -0.035068 -0.061955 0.172916
v -0.034084 -0.061902 0.170800
v -0.034626 -0.054354 0.172916
v -0.033655 -0.054523 0.170800
v -0.032502 -0.047069 0.172916
v -0.031592 -0.047449 0.170800
v -0.028812 -0.040434 0.172916
v -0.028010 -0.041007 0.170800
v -0.023740 -0.034786 0.172916
v -0.023085 -0.035523 0.170800
v -0.017539 -0.030407 0.172916
v -0.017064 -0.031270 0.170800
v -0.010249 -0.028462 0.170800
v -0.010521 -0.027515 0.172916
v -0.003337 -0.020585 0.144108
v -0.003337 -0.020585 0.144108
v -0.003163 -0.023818 0.142956
v -0.003163 -0.023818 0.142956
v -0.003816 -0.011795 0.119357
v -0.003816 -0.011795 0.119357
v -0.004120 -0.006238 0.093455
v -0.004120 -0.006238 0.093455
v -0.004294 -0.003005 0.094607
v -0.004294 -0.003005 0.094607
v 0.005010 -0.024298 0.142956
v 0.005559 -0.021108 0.144108
v 0.007057 -0.012434 0.119357
v 0.008005 -0.006950 0.093455
v 0.008555 -0.003759 0.094607
v 0.014088 -0.023583 0.144108
v 0.012842 -0.026571 0.142956
v 0.017481 -0.015459 0.119357
v 0.019628 -0.010323 0.093455
v 0.020874 -0.007335 0.094607
v 0.021830 -0.027891 0.144108
v 0.019950 -0.030527 0.142956
v 0.026943 -0.020724 0.119357
v 0.030176 -0.016193 0.093455
v 0.032056 -0.013557 0.094607
v 0.028424 -0.033813 0.144108
v 0.026005 -0.035964 0.142956
v 0.035002 -0.027961 0.119357
v 0.039161 -0.024262 0.093455
v 0.041580 -0.022110 0.094607
v 0.033536 -0.041051 0.144108
v 0.030700 -0.042612 0.142956
v 0.041250 -0.036808 0.119357
v 0.046128 -0.034126 0.093455
v 0.048965 -0.032565 0.094607
v 0.036912 -0.049244 0.144108
v 0.033800 -0.050135 0.142956
v 0.045377 -0.046822 0.119357
v 0.050728 -0.045290 0.093455
v 0.053841 -0.044400 0.094607
v 0.038380 -0.057991 0.144108
v 0.035147 -0.058165 0.142956
v 0.047170 -0.057513 0.119357
v 0.052727 -0.057208 0.093455
v 0.055960 -0.057034 0.094607
v 0.034667 -0.066338 0.142956
v 0.037857 -0.066888 0.144108
v 0.046531 -0.068385 0.119357
v 0.052015 -0.069334 0.093455
v 0.055206 -0.069883 0.094607
v 0.035382 -0.075417 0.144108
v 0.032394 -0.074170 0.142956
v 0.043506 -0.078809 0.119357
v 0.048642 -0.080956 0.093455
v 0.051630 -0.082202 0.094607
v 0.031074 -0.083158 0.144108
v 0.028438 -0.081278 0.142956
v 0.038241 -0.088271 0.119357
v 0.042772 -0.091504 0.093455
v 0.045407 -0.093384 0.094607
v 0.025153 -0.089752 0.144108
v 0.023001 -0.087333 0.142956
v 0.031004 -0.096330 0.119357
v 0.034704 -0.100490 0.093455
v 0.036855 -0.102908 0.094607
v 0.017914 -0.094865 0.144108
v 0.016354 -0.092028 0.142956
v 0.022157 -0.102579 0.119357
v 0.024840 -0.107456 0.093455
v 0.026400 -0.110293 0.094607
v 0.009717 -0.098240 0.144108
v 0.008828 -0.095126 0.142956
v 0.012138 -0.106704 0.119357
v 0.013671 -0.112054 0.093455
v 0.014560 -0.115168 0.094607
v 0.000756 -0.096473 0.142956
v 0.000929 -0.099706 0.144108
v 0.001398 -0.108496 0.119357
v 0.001694 -0.114052 0.093455
v 0.001867 -0.117285 0.094607
v -0.007943 -0.099190 0.144108
v -0.007393 -0.095999 0.142956
v -0.009446 -0.107865 0.119357
v -0.010398 -0.113349 0.093455
v -0.010948 -0.116540 0.094607
v -0.016448 -0.096710 0.144108
v -0.015201 -0.093722 0.142956
v -0.019840 -0.104834 0.119357
v -0.021985 -0.109970 0.093455
v -0.023233 -0.112958 0.094607
v -0.024194 -0.092402 0.144108
v -0.022314 -0.089767 0.142956
v -0.029307 -0.099569 0.119357
v -0.032540 -0.104100 0.093455
v -0.034420 -0.106736 0.094607
v -0.030787 -0.086481 0.144108
v -0.028368 -0.084329 0.142956
v -0.037365 -0.092332 0.119357
v -0.041524 -0.096032 0.093455
v -0.043943 -0.098183 0.094607
v -0.035900 -0.079242 0.144108
v -0.033063 -0.077682 0.142956
v -0.043614 -0.083485 0.119357
v -0.048491 -0.086168 0.093455
v -0.051328 -0.087728 0.094607
v -0.039275 -0.071045 0.144108
v -0.036161 -0.070157 0.142956
v -0.047739 -0.073467 0.119357
v -0.053089 -0.075000 0.093455
v -0.056203 -0.075888 0.094607
v -0.037508 -0.062084 0.142956
v -0.040741 -0.062257 0.144108
v -0.049530 -0.062726 0.119357
v -0.055087 -0.063022 0.093455
v -0.058320 -0.063195 0.094607
v -0.040225 -0.053385 0.144108
v -0.037034 -0.053935 0.142956
v -0.048900 -0.051882 0.119357
v -0.054384 -0.050931 0.093455
v -0.057575 -0.050380 0.094607
v -0.037745 -0.044880 0.144108
v -0.034757 -0.046128 0.142956
v -0.045869 -0.041488 0.119357
v -0.051005 -0.039343 0.093455
v -0.053993 -0.038096 0.094607
v -0.033437 -0.037135 0.144108
v -0.030802 -0.039015 0.142956
v -0.040604 -0.032021 0.119357
v -0.045135 -0.028788 0.093455
v -0.047771 -0.026908 0.094607
v -0.027516 -0.030541 0.144108
v -0.025364 -0.032960 0.142956
v -0.033367 -0.023963 0.119357
v -0.037066 -0.019804 0.093455
v -0.039218 -0.017385 0.094607
v -0.020277 -0.025429 0.144108
v -0.018717 -0.028265 0.142956
v -0.024520 -0.017715 0.119357
v -0.027202 -0.012837 0.093455
v -0.028763 -0.010001 0.094607
v -0.016039 -0.008237 0.093455
v -0.016929 -0.005124 0.094607
v -0.014506 -0.013588 0.119357
v -0.012084 -0.022053 0.144108
v -0.011194 -0.025165 0.142956
v -0.002169 -0.042028 0.192176
v -0.002169 -0.042028 0.192176
v -0.002252 -0.040519 0.187899
v -0.002252 -0.040519 0.187899
v -0.002252 -0.040519 0.187899
v -0.002252 -0.040519 0.187899
v -0.002353 -0.038651 0.190832
v -0.002353 -0.038651 0.190832
v -0.006591 -0.041247 0.187898
v -0.006591 -0.041247 0.187898
v -0.007105 -0.039448 0.190832
v -0.006175 -0.042700 0.192176
v 0.001906 -0.042267 0.192176
v 0.002481 -0.038934 0.190832
v 0.002164 -0.040778 0.187899
v 0.002164 -0.040778 0.187899
v 0.005812 -0.043400 0.192176
v 0.006395 -0.042006 0.187898
v 0.006395 -0.042006 0.187898
v 0.007116 -0.040279 0.190832
v 0.009358 -0.045374 0.192176
v 0.011322 -0.042620 0.190832
v 0.010235 -0.044143 0.187899
v 0.010235 -0.044143 0.187899
v 0.012378 -0.048086 0.192176
v 0.013507 -0.047081 0.187898
v 0.013507 -0.047081 0.187898
v 0.014905 -0.045838 0.190832
v 0.014719 -0.051401 0.192176
v 0.017683 -0.049771 0.190832
v 0.016044 -0.050673 0.187898
v 0.016044 -0.050673 0.187898
v 0.016265 -0.055153 0.192176
v 0.017719 -0.054737 0.187898
v 0.017719 -0.054737 0.187898
v 0.019517 -0.054223 0.190832
v 0.016937 -0.059160 0.192176
v 0.018446 -0.059076 0.187899
v 0.018446 -0.059076 0.187899
v 0.020314 -0.058976 0.190832
v 0.016698 -0.063234 0.192176
v 0.018187 -0.063492 0.187899
v 0.018187 -0.063492 0.187899
v 0.020031 -0.063809 0.190832
v 0.015565 -0.067140 0.192176
v 0.016959 -0.067724 0.187898
v 0.016959 -0.067724 0.187898
v 0.018686 -0.068444 0.190832
v 0.013591 -0.070686 0.192176
v 0.014822 -0.071564 0.187899
v 0.014822 -0.071564 0.187899
v 0.016345 -0.072650 0.190832
v 0.010880 -0.073706 0.192176
v 0.011884 -0.074835 0.187898
v 0.011884 -0.074835 0.187898
v 0.013127 -0.076233 0.190832
v 0.007564 -0.076047 0.192176
v 0.008293 -0.077372 0.187898
v 0.008293 -0.077372 0.187898
v 0.009194 -0.079011 0.190832
v 0.004227 -0.079046 0.187899
v 0.004227 -0.079046 0.187899
v 0.003810 -0.077593 0.192176
v 0.004740 -0.080845 0.190832
v -0.000215 -0.078265 0.192176
v -0.000135 -0.079773 0.187899
v -0.000135 -0.079773 0.187899
v -0.000035 -0.081642 0.190832
v -0.004279 -0.078028 0.192176
v -0.004538 -0.079518 0.187898
v -0.004538 -0.079518 0.187898
v -0.004856 -0.081361 0.190832
v -0.008174 -0.076893 0.192176
v -0.009477 -0.080014 0.190832
v -0.008756 -0.078287 0.187899
v -0.008756 -0.078287 0.187899
v -0.011721 -0.074920 0.192176
v -0.012599 -0.076150 0.187898
v -0.012599 -0.076150 0.187898
v -0.013685 -0.077673 0.190832
v -0.014741 -0.072208 0.192176
v -0.015870 -0.073212 0.187898
v -0.015870 -0.073212 0.187898
v -0.017268 -0.074456 0.190832
v -0.017082 -0.068892 0.192176
v -0.020046 -0.070522 0.190832
v -0.018407 -0.069621 0.187898
v -0.018407 -0.069621 0.187898
v -0.020081 -0.065555 0.187899
v -0.020081 -0.065555 0.187899
v -0.018628 -0.065138 0.192176
v -0.021880 -0.066068 0.190832
v -0.019300 -0.061113 0.192176
v -0.022676 -0.061293 0.190832
v -0.020808 -0.061193 0.187899
v -0.020808 -0.061193 0.187899
v -0.019063 -0.057050 0.192176
v -0.022396 -0.056473 0.190832
v -0.020553 -0.056791 0.187898
v -0.020553 -0.056791 0.187898
v -0.017927 -0.053154 0.192176
v -0.019322 -0.052572 0.187899
v -0.019322 -0.052572 0.187899
v -0.021048 -0.051851 0.190832
v -0.015955 -0.049607 0.192176
v -0.018708 -0.047643 0.190832
v -0.017185 -0.048729 0.187898
v -0.017185 -0.048729 0.187898
v -0.013243 -0.046587 0.192176
v -0.014247 -0.045458 0.187898
v -0.014247 -0.045458 0.187898
v -0.015490 -0.044060 0.190832
v -0.009927 -0.044246 0.192176
v -0.010656 -0.042921 0.187898
v -0.010656 -0.042921 0.187898
v -0.011557 -0.041282 0.190832
v -0.018983 0.002053 0.068492
v -0.004701 0.004449 0.068492
v -0.004701 0.004449 0.068492
v 0.009826 0.003596 0.068492
v 0.023752 -0.000446 0.068492
v 0.036392 -0.007480 0.068492
v 0.047158 -0.017148 0.068492
v 0.055506 -0.028968 0.068492
v 0.061018 -0.042345 0.068492
v 0.063414 -0.056627 0.068492
v 0.062561 -0.071154 0.068492
v 0.058519 -0.085080 0.068492
v 0.051485 -0.097720 0.068492
v 0.041817 -0.108487 0.068492
v 0.029998 -0.116834 0.068492
v 0.016614 -0.122345 0.068492
v 0.002264 -0.124739 0.068492
v 0.002264 -0.124739 0.068492
v -0.012223 -0.123896 0.068492
v -0.026109 -0.119847 0.068492
v -0.038756 -0.112813 0.068492
v -0.049521 -0.103145 0.068492
v -0.057869 -0.091326 0.068492
v -0.063380 -0.077942 0.068492
v -0.065774 -0.063592 0.068492
v -0.064931 -0.049105 0.068492
v -0.060882 -0.035219 0.068492
v -0.053848 -0.022572 0.068492
v -0.044180 -0.011807 0.068492
v -0.032361 -0.003459 0.068492
v -0.019186 0.002761 0.069242
v -0.019272 0.003064 0.070664
v -0.019272 0.003064 0.070664
v -0.018382 -0.000050 0.069514
v -0.018382 -0.000050 0.069514
v -0.018697 0.001053 0.068608
v -0.004758 0.005498 0.070664
v -0.004758 0.005498 0.070664
v -0.004758 0.005498 0.070664
v -0.004758 0.005498 0.070664
v -0.004741 0.005184 0.069242
v -0.004741 0.005184 0.069242
v -0.004645 0.003410 0.068609
v -0.004645 0.003410 0.068609
v -0.004584 0.002265 0.069514
v -0.004584 0.002265 0.069514
v -0.004584 0.002265 0.069514
v -0.004584 0.002265 0.069514
v 0.010004 0.004631 0.070664
v 0.010004 0.004631 0.070664
v 0.009950 0.004321 0.069242
v 0.009649 0.002571 0.068609
v 0.009454 0.001440 0.069515
v 0.009454 0.001440 0.069515
v 0.024156 0.000524 0.070664
v 0.024156 0.000524 0.070664
v 0.024035 0.000234 0.069242
v 0.023351 -0.001406 0.068608
v 0.022910 -0.002464 0.069514
v 0.022910 -0.002464 0.069514
v 0.037002 -0.006625 0.070664
v 0.037002 -0.006625 0.070664
v 0.036819 -0.006881 0.069242
v 0.035787 -0.008327 0.068609
v 0.035121 -0.009260 0.069514
v 0.035121 -0.009260 0.069514
v 0.047944 -0.016450 0.070664
v 0.047944 -0.016450 0.070664
v 0.047708 -0.016659 0.069242
v 0.046381 -0.017840 0.068608
v 0.045524 -0.018602 0.069514
v 0.045524 -0.018602 0.069514
v 0.056427 -0.028461 0.070664
v 0.056427 -0.028461 0.070664
v 0.056151 -0.028613 0.069242
v 0.054595 -0.029469 0.068608
v 0.053590 -0.030022 0.069514
v 0.053590 -0.030022 0.069514
v 0.062029 -0.042056 0.070664
v 0.062029 -0.042056 0.070664
v 0.061726 -0.042143 0.069242
v 0.060018 -0.042631 0.068608
v 0.058915 -0.042947 0.069514
v 0.058915 -0.042947 0.069514
v 0.064463 -0.056570 0.070664
v 0.064463 -0.056570 0.070664
v 0.064149 -0.056587 0.069242
v 0.062375 -0.056683 0.068609
v 0.061230 -0.056745 0.069514
v 0.061230 -0.056745 0.069514
v 0.063597 -0.071332 0.070664
v 0.063597 -0.071332 0.070664
v 0.063286 -0.071279 0.069242
v 0.061536 -0.070977 0.068609
v 0.060405 -0.070782 0.069515
v 0.060405 -0.070782 0.069515
v 0.059489 -0.085484 0.070664
v 0.059489 -0.085484 0.070664
v 0.059199 -0.085363 0.069242
v 0.057559 -0.084679 0.068608
v 0.056501 -0.084238 0.069514
v 0.056501 -0.084238 0.069514
v 0.052340 -0.098330 0.070664
v 0.052340 -0.098330 0.070664
v 0.052084 -0.098147 0.069242
v 0.050638 -0.097116 0.068609
v 0.049705 -0.096449 0.069514
v 0.049705 -0.096449 0.069514
v 0.042515 -0.109272 0.070664
v 0.042515 -0.109272 0.070664
v 0.042306 -0.109037 0.069242
v 0.041126 -0.107709 0.068608
v 0.040363 -0.106852 0.069514
v 0.040363 -0.106852 0.069514
v 0.030504 -0.117755 0.070664
v 0.030504 -0.117755 0.070664
v 0.030352 -0.117479 0.069242
v 0.029496 -0.115923 0.068608
v 0.028944 -0.114918 0.069514
v 0.028944 -0.114918 0.069514
v 0.016902 -0.123356 0.070664
v 0.016902 -0.123356 0.070664
v 0.016816 -0.123053 0.069242
v 0.016329 -0.121344 0.068608
v 0.016014 -0.120242 0.069514
v 0.016014 -0.120242 0.069514
v 0.002321 -0.125788 0.070664
v 0.002321 -0.125788 0.070664
v 0.002321 -0.125788 0.070664
v 0.002304 -0.125474 0.069242
v 0.002304 -0.125474 0.069242
v 0.002208 -0.123700 0.068609
v 0.002208 -0.123700 0.068609
v 0.002147 -0.122555 0.069515
v 0.002147 -0.122555 0.069515
v 0.002147 -0.122555 0.069515
v -0.012402 -0.124932 0.070664
v -0.012402 -0.124932 0.070664
v -0.012348 -0.124622 0.069242
v -0.012046 -0.122871 0.068608
v -0.011851 -0.121741 0.069514
v -0.011851 -0.121741 0.069514
v -0.026514 -0.120816 0.070664
v -0.026514 -0.120816 0.070664
v -0.026393 -0.120526 0.069242
v -0.025708 -0.118887 0.068609
v -0.025266 -0.117829 0.069514
v -0.025266 -0.117829 0.069514
v -0.039366 -0.113669 0.070664
v -0.039366 -0.113669 0.070664
v -0.039183 -0.113413 0.069242
v -0.038152 -0.111966 0.068609
v -0.037486 -0.111033 0.069514
v -0.037486 -0.111033 0.069514
v -0.050307 -0.103844 0.070664
v -0.050307 -0.103844 0.070664
v -0.050072 -0.103635 0.069242
v -0.048744 -0.102454 0.068609
v -0.047887 -0.101692 0.069514
v -0.047887 -0.101692 0.069514
v -0.058790 -0.091832 0.070664
v -0.058790 -0.091832 0.070664
v -0.058514 -0.091681 0.069242
v -0.056957 -0.090825 0.068608
v -0.055953 -0.090272 0.069514
v -0.055953 -0.090272 0.069514
v -0.064390 -0.078230 0.070664
v -0.064390 -0.078230 0.070664
v -0.064088 -0.078144 0.069242
v -0.062379 -0.077657 0.068608
v -0.061276 -0.077342 0.069514
v -0.061276 -0.077342 0.069514
v -0.066823 -0.063649 0.070664
v -0.066823 -0.063649 0.070664
v -0.066509 -0.063632 0.069242
v -0.064735 -0.063537 0.068609
v -0.063590 -0.063475 0.069515
v -0.063590 -0.063475 0.069515
v -0.065967 -0.048926 0.070664
v -0.065967 -0.048926 0.070664
v -0.065657 -0.048980 0.069242
v -0.063906 -0.049282 0.068608
v -0.062776 -0.049477 0.069514
v -0.062776 -0.049477 0.069514
v -0.061851 -0.034814 0.070664
v -0.061851 -0.034814 0.070664
v -0.061561 -0.034935 0.069242
v -0.059922 -0.035620 0.068609
v -0.058863 -0.036062 0.069514
v -0.058863 -0.036062 0.069514
v -0.054704 -0.021962 0.070664
v -0.054704 -0.021962 0.070664
v -0.054448 -0.022145 0.069242
v -0.053002 -0.023177 0.068609
v -0.052068 -0.023843 0.069514
v -0.052068 -0.023843 0.069514
v -0.044878 -0.011022 0.070664
v -0.044878 -0.011022 0.070664
v -0.044669 -0.011257 0.069242
v -0.043488 -0.012584 0.068609
v -0.042726 -0.013441 0.069514
v -0.042726 -0.013441 0.069514
v -0.032867 -0.002538 0.070664
v -0.032867 -0.002538 0.070664
v -0.032715 -0.002814 0.069242
v -0.031859 -0.004371 0.068609
v -0.031306 -0.005375 0.069514
v -0.031306 -0.005375 0.069514
v -0.004621 -0.048128 0.192176
v -0.001862 -0.047665 0.192176
v -0.001862 -0.047665 0.192176
v -0.007206 -0.049193 0.192176
v 0.000946 -0.047830 0.192176
v 0.003637 -0.048611 0.192176
v 0.006078 -0.049970 0.192176
v 0.008159 -0.051838 0.192176
v 0.009772 -0.054122 0.192176
v 0.010837 -0.056707 0.192176
v 0.011300 -0.059466 0.192176
v 0.011135 -0.062274 0.192176
v 0.010354 -0.064965 0.192176
v 0.008995 -0.067407 0.192176
v 0.007127 -0.069487 0.192176
v 0.004843 -0.071100 0.192176
v 0.002258 -0.072165 0.192176
v -0.000516 -0.072627 0.192176
v -0.003316 -0.072465 0.192176
v -0.005998 -0.071682 0.192176
v -0.008442 -0.070323 0.192176
v -0.010522 -0.068455 0.192176
v -0.012135 -0.066171 0.192176
v -0.013200 -0.063586 0.192176
v -0.013662 -0.060812 0.192176
v -0.013500 -0.058013 0.192176
v -0.012717 -0.055330 0.192176
v -0.011358 -0.052886 0.192176
v -0.009490 -0.050806 0.192176
v -0.063261 0.113675 0.011915
v -0.063261 0.113675 0.329866
v -0.072238 0.113674 0.338845
v -0.072238 0.113674 0.002937
v -0.061425 0.113675 0.328030
v -0.074074 0.113674 0.340682
v -0.074074 0.113674 0.001100
v -0.061425 0.113675 0.013752
v -0.075174 0.113674 0.001328
v -0.074902 0.113674 0.000731
v -0.074902 0.113674 0.000731
v -0.074532 0.113674 0.000642
v -0.074532 0.113674 0.341140
v -0.074919 0.113674 0.341082
v -0.074919 0.113674 0.341082
v -0.075174 0.113674 0.340454
v -0.060853 0.113675 0.014325
v -0.060459 0.113675 0.015038
v -0.060459 0.113675 0.015038
v -0.060325 0.113675 0.015911
v -0.060853 0.113675 0.327457
v -0.060459 0.113675 0.326744
v -0.060459 0.113675 0.326744
v -0.060325 0.113675 0.325871
v -0.062647 0.113675 0.329252
v -0.072852 0.113674 0.339459
v -0.061442 0.113675 0.328046
v -0.074058 0.113674 0.340665
v -0.000000 0.113674 0.341782
v -0.000000 0.113675 0.326929
v -0.074368 0.113721 0.341284
v -0.074353 0.113674 0.341782
v -0.074353 0.113674 0.341782
v -0.060601 0.113673 0.327359
v -0.059711 0.113675 0.326929
v -0.059711 0.113675 0.326929
v 0.062647 0.113675 0.329252
v 0.072852 0.113674 0.339459
v 0.061442 0.113675 0.328046
v 0.074058 0.113674 0.340665
v 0.074368 0.113721 0.341284
v 0.074353 0.113674 0.341782
v 0.074353 0.113674 0.341782
v 0.060601 0.113673 0.327359
v 0.059711 0.113675 0.326929
v 0.059711 0.113675 0.326929
v 0.063261 0.113675 0.011915
v 0.063261 0.113675 0.329866
v 0.072238 0.113674 0.338845
v 0.072238 0.113674 0.002937
v 0.061425 0.113675 0.328030
v 0.074074 0.113674 0.340682
v 0.074074 0.113674 0.001100
v 0.061425 0.113675 0.013752
v 0.075174 0.113674 0.001328
v 0.074902 0.113674 0.000731
v 0.074902 0.113674 0.000731
v 0.074532 0.113674 0.000642
v 0.074532 0.113674 0.341140
v 0.074919 0.113674 0.341082
v 0.074919 0.113674 0.341082
v 0.075174 0.113674 0.340454
v 0.060853 0.113675 0.014325
v 0.060459 0.113675 0.015038
v 0.060459 0.113675 0.015038
v 0.060325 0.113675 0.015911
v 0.060853 0.113675 0.327457
v 0.060459 0.113675 0.326744
v 0.060459 0.113675 0.326744
v 0.060325 0.113675 0.325871
v -0.072897 0.113674 0.002278
v -0.062603 0.113675 0.012575
v -0.061442 0.113675 0.013736
v -0.074058 0.113674 0.001117
v -0.000000 0.113674 0.000000
v -0.000000 0.113675 0.014852
v -0.074404 0.113633 0.000450
v -0.074342 0.113674 0.000000
v -0.074342 0.113674 0.000000
v -0.060473 0.113677 0.014484
v -0.059703 0.113675 0.014852
v -0.059703 0.113675 0.014852
v 0.072897 0.113674 0.002278
v 0.062603 0.113675 0.012575
v 0.061442 0.113675 0.013736
v 0.074058 0.113674 0.001117
v 0.074404 0.113633 0.000450
v 0.074342 0.113674 0.000000
v 0.074342 0.113674 0.000000
v 0.060473 0.113677 0.014484
v 0.059703 0.113675 0.014852
v 0.059703 0.113675 0.014852
v -0.001891 0.006204 0.307418
v -0.001891 0.004450 0.314166
v -0.001891 0.004450 0.314166
v 0.000146 0.004452 0.314167
v 0.000146 0.004452 0.314167
v 0.000146 0.006206 0.307419
v 0.000146 0.006206 0.307419
v 0.002025 0.003781 0.313760
v 0.002025 0.005463 0.307146
v 0.002025 0.005463 0.307146
v 0.003455 0.002547 0.313004
v 0.003454 0.004097 0.306639
v 0.004219 0.000945 0.312013
v 0.004219 0.000945 0.312013
v 0.004219 0.002322 0.305970
v 0.004210 -0.000778 0.310932
v 0.004210 -0.000778 0.310932
v 0.004211 0.000413 0.305238
v 0.003435 -0.002364 0.309924
v 0.003438 -0.001346 0.304551
v 0.002011 -0.003580 0.309144
v 0.002011 -0.003580 0.309144
v 0.002014 -0.002696 0.304018
v 0.002014 -0.002696 0.304018
v 0.000147 -0.004241 0.308717
v 0.000147 -0.004241 0.308717
v 0.000149 -0.003432 0.303725
v 0.000149 -0.003432 0.303725
v -0.001874 -0.004243 0.308716
v -0.001874 -0.004243 0.308716
v -0.001875 -0.003433 0.303725
v -0.003739 -0.003584 0.309141
v -0.003743 -0.002701 0.304016
v -0.005166 -0.002370 0.309920
v -0.005166 -0.002370 0.309920
v -0.005168 -0.001353 0.304548
v -0.005944 -0.000786 0.310927
v -0.005945 0.000405 0.305235
v -0.005945 0.000405 0.305235
v -0.005957 0.000937 0.312008
v -0.005957 0.000937 0.312008
v -0.005956 0.002314 0.305967
v -0.005956 0.002314 0.305967
v -0.005195 0.002540 0.313000
v -0.005195 0.004090 0.306636
v -0.005195 0.004090 0.306636
v -0.003768 0.003777 0.313757
v -0.003768 0.003777 0.313757
v -0.003768 0.005459 0.307144
v -0.001891 -0.002375 0.326265
v -0.001891 -0.002375 0.326265
v -0.001891 -0.007478 0.331008
v 0.000146 -0.007477 0.331010
v 0.000146 -0.002374 0.326266
v 0.000146 -0.002374 0.326266
v 0.002025 -0.007817 0.330298
v 0.002025 -0.002843 0.325633
v 0.002025 -0.002843 0.325633
v 0.003455 -0.008439 0.328984
v 0.003455 -0.008439 0.328984
v 0.003455 -0.003704 0.324463
v 0.004219 -0.009241 0.327268
v 0.004219 -0.004818 0.322933
v 0.004219 -0.004818 0.322933
v 0.004210 -0.010093 0.325411
v 0.004210 -0.006009 0.321274
v 0.003434 -0.010869 0.323691
v 0.003434 -0.007099 0.319735
v 0.003434 -0.007099 0.319735
v 0.002010 -0.011457 0.322367
v 0.002010 -0.007931 0.318548
v 0.002010 -0.007931 0.318548
v 0.000147 -0.011775 0.321645
v 0.000147 -0.011775 0.321645
v 0.000146 -0.008382 0.317900
v 0.000146 -0.008382 0.317900
v -0.001873 -0.011776 0.321643
v -0.001873 -0.008383 0.317899
v -0.001873 -0.008383 0.317899
v -0.003738 -0.011459 0.322362
v -0.003738 -0.007934 0.318544
v -0.003738 -0.007934 0.318544
v -0.005165 -0.010872 0.323684
v -0.005165 -0.010872 0.323684
v -0.005164 -0.007103 0.319729
v -0.005943 -0.010097 0.325403
v -0.005943 -0.010097 0.325403
v -0.005943 -0.006014 0.321267
v -0.005957 -0.009245 0.327260
v -0.005957 -0.009245 0.327260
v -0.005957 -0.004823 0.322926
v -0.005957 -0.004823 0.322926
v -0.005195 -0.008443 0.328977
v -0.005195 -0.008443 0.328977
v -0.005195 -0.003709 0.324457
v -0.005195 -0.003709 0.324457
v -0.003768 -0.007819 0.330294
v -0.003768 -0.002846 0.325629
v -0.003768 -0.002846 0.325629
v -0.001891 -0.020072 0.336835
v -0.001891 -0.026976 0.337800
v 0.000146 -0.026977 0.337801
v 0.000146 -0.020072 0.336837
v 0.000146 -0.020072 0.336837
v 0.002025 -0.026874 0.337024
v 0.002025 -0.026874 0.337024
v 0.002025 -0.020120 0.336053
v 0.003455 -0.026680 0.335592
v 0.003455 -0.020203 0.334608
v 0.003455 -0.020203 0.334608
v 0.004219 -0.026417 0.333730
v 0.004219 -0.020301 0.332728
v 0.004219 -0.020301 0.332728
v 0.004210 -0.026119 0.331725
v 0.004210 -0.026119 0.331725
v 0.004210 -0.020393 0.330699
v 0.004210 -0.020393 0.330699
v 0.003434 -0.025829 0.329878
v 0.003434 -0.020463 0.328826
v 0.002010 -0.025598 0.328461
v 0.002010 -0.020509 0.327388
v 0.002010 -0.020509 0.327388
v 0.000147 -0.025469 0.327690
v 0.000147 -0.025469 0.327690
v 0.000147 -0.020531 0.326605
v 0.000147 -0.020531 0.326605
v -0.001873 -0.025469 0.327688
v -0.001873 -0.020531 0.326603
v -0.003738 -0.025597 0.328456
v -0.003738 -0.020509 0.327383
v -0.005165 -0.025828 0.329870
v -0.005165 -0.020463 0.328819
v -0.005944 -0.026117 0.331716
v -0.005944 -0.026117 0.331716
v -0.005943 -0.020393 0.330690
v -0.005957 -0.026416 0.333722
v -0.005957 -0.026416 0.333722
v -0.005957 -0.020302 0.332719
v -0.005195 -0.026679 0.335585
v -0.005195 -0.026679 0.335585
v -0.005195 -0.020204 0.334601
v -0.003768 -0.026873 0.337019
v -0.003768 -0.020120 0.336048
v -0.003768 -0.020120 0.336048
v -0.001891 -0.040671 0.335587
v -0.001891 -0.046921 0.332497
v -0.001891 -0.046921 0.332497
v 0.000146 -0.046922 0.332498
v 0.000146 -0.046922 0.332498
v 0.000146 -0.040672 0.335588
v 0.000146 -0.040672 0.335588
v 0.002025 -0.046414 0.331905
v 0.002025 -0.046414 0.331905
v 0.002025 -0.040287 0.334908
v 0.003455 -0.045473 0.330813
v 0.003455 -0.039571 0.333657
v 0.003455 -0.039571 0.333657
v 0.004219 -0.044242 0.329402
v 0.004219 -0.038631 0.332034
v 0.004219 -0.038631 0.332034
v 0.004210 -0.042902 0.327892
v 0.004210 -0.037604 0.330294
v 0.003434 -0.041656 0.326510
v 0.003434 -0.041656 0.326510
v 0.003434 -0.036644 0.328697
v 0.003434 -0.036644 0.328697
v 0.002009 -0.040693 0.325458
v 0.002009 -0.040693 0.325458
v 0.002009 -0.035899 0.327477
v 0.000146 -0.040166 0.324887
v 0.000146 -0.040166 0.324887
v 0.000146 -0.035491 0.326815
v 0.000146 -0.035491 0.326815
v -0.001873 -0.040165 0.324886
v -0.001873 -0.040165 0.324886
v -0.001873 -0.035491 0.326814
v -0.001873 -0.035491 0.326814
v -0.003738 -0.040689 0.325454
v -0.003737 -0.035897 0.327473
v -0.003737 -0.035897 0.327473
v -0.005164 -0.041651 0.326504
v -0.005164 -0.036640 0.328690
v -0.005164 -0.036640 0.328690
v -0.005943 -0.042897 0.327885
v -0.005943 -0.042897 0.327885
v -0.005943 -0.037600 0.330286
v -0.005957 -0.044236 0.329395
v -0.005957 -0.038626 0.332026
v -0.005195 -0.045469 0.330808
v -0.005195 -0.045469 0.330808
v -0.005195 -0.039567 0.333650
v -0.003768 -0.046411 0.331901
v -0.003768 -0.046411 0.331901
v -0.003768 -0.040284 0.334904
v -0.001891 -0.056953 0.322916
v -0.001891 -0.056953 0.322916
v -0.001891 -0.060298 0.316807
v -0.001891 -0.060298 0.316807
v 0.000146 -0.060300 0.316808
v 0.000146 -0.060300 0.316808
v 0.000147 -0.056954 0.322917
v 0.000147 -0.056954 0.322917
v 0.002026 -0.059555 0.316588
v 0.002026 -0.059555 0.316588
v 0.002026 -0.056262 0.322557
v 0.002026 -0.056262 0.322557
v 0.003455 -0.058183 0.316191
v 0.003455 -0.054986 0.321901
v 0.003455 -0.054986 0.321901
v 0.004219 -0.056397 0.315686
v 0.004219 -0.056397 0.315686
v 0.004219 -0.053322 0.321059
v 0.004219 -0.053322 0.321059
v 0.004210 -0.054470 0.315160
v 0.004210 -0.054470 0.315160
v 0.004210 -0.051523 0.320168
v 0.004210 -0.051523 0.320168
v 0.003436 -0.052689 0.314691
v 0.003437 -0.049858 0.319361
v 0.002013 -0.051320 0.314341
v 0.002013 -0.051320 0.314341
v 0.002013 -0.048576 0.318752
v 0.002013 -0.048576 0.318752
v 0.000148 -0.050575 0.314154
v 0.000148 -0.050575 0.314154
v 0.000148 -0.047876 0.318423
v 0.000148 -0.047876 0.318423
v -0.001875 -0.050573 0.314154
v -0.001875 -0.050573 0.314154
v -0.001875 -0.047874 0.318422
v -0.001875 -0.047874 0.318422
v -0.003741 -0.051316 0.314340
v -0.003741 -0.051316 0.314340
v -0.003741 -0.048571 0.318749
v -0.003741 -0.048571 0.318749
v -0.005167 -0.052682 0.314689
v -0.005167 -0.049851 0.319358
v -0.005167 -0.049851 0.319358
v -0.005944 -0.054461 0.315157
v -0.005944 -0.054461 0.315157
v -0.005944 -0.051515 0.320164
v -0.005957 -0.056388 0.315684
v -0.005957 -0.056388 0.315684
v -0.005957 -0.053314 0.321055
v -0.005196 -0.058176 0.316189
v -0.005196 -0.054979 0.321897
v -0.003769 -0.059550 0.316587
v -0.003769 -0.056258 0.322555
v -0.001890 -0.062610 0.310224
v -0.001887 -0.063953 0.303393
v -0.001887 -0.063953 0.303393
v 0.000143 -0.063955 0.303393
v 0.000143 -0.063955 0.303393
v 0.000145 -0.062612 0.310224
v 0.000145 -0.062612 0.310224
v 0.002017 -0.063176 0.303471
v 0.002017 -0.063176 0.303471
v 0.002023 -0.061842 0.310153
v 0.003449 -0.061736 0.303620
v 0.003449 -0.061736 0.303620
v 0.003453 -0.060422 0.310028
v 0.003453 -0.060422 0.310028
v 0.004218 -0.059856 0.303824
v 0.004218 -0.059856 0.303824
v 0.004219 -0.058573 0.309877
v 0.004219 -0.058573 0.309877
v 0.004210 -0.057827 0.304060
v 0.004210 -0.057827 0.304060
v 0.004210 -0.056579 0.309733
v 0.003430 -0.055957 0.304294
v 0.003430 -0.055957 0.304294
v 0.003433 -0.054741 0.309616
v 0.002002 -0.054528 0.304486
v 0.002008 -0.053332 0.309539
v 0.000142 -0.053755 0.304595
v 0.000142 -0.053755 0.304595
v 0.000145 -0.052568 0.309501
v 0.000145 -0.052568 0.309501
v -0.001869 -0.053753 0.304595
v -0.001869 -0.053753 0.304595
v -0.001872 -0.052566 0.309501
v -0.003730 -0.054523 0.304487
v -0.003736 -0.053327 0.309539
v -0.003736 -0.053327 0.309539
v -0.005161 -0.055949 0.304295
v -0.005161 -0.055949 0.304295
v -0.005164 -0.054733 0.309616
v -0.005944 -0.057818 0.304061
v -0.005944 -0.057818 0.304061
v -0.005944 -0.056570 0.309732
v -0.005944 -0.056570 0.309732
v -0.005955 -0.059847 0.303825
v -0.005955 -0.059847 0.303825
v -0.005956 -0.058564 0.309877
v -0.005189 -0.061728 0.303621
v -0.005194 -0.060414 0.310027
v -0.005194 -0.060414 0.310027
v -0.003760 -0.063171 0.303472
v -0.003767 -0.061837 0.310153
v -0.003767 -0.061837 0.310153
vt 0.004430 0.005544
vt 0.005108 0.495509
vt 0.205510 0.004430
vt 0.205510 0.494381
vt 0.301268 0.004430
vt 0.301268 0.494381
vt 0.100469 0.004430
vt 0.101156 0.495350
vt 0.175200 0.857901
vt 0.175176 0.883511
vt 0.152487 0.858259
vt 0.152516 0.883361
vt 0.854087 0.225720
vt 0.040557 0.620396
vt 0.041518 0.620397
vt 0.853368 0.225720
vt 0.005390 0.620365
vt 0.357280 0.820671
vt 0.004430 0.620365
vt 0.358000 0.820671
vt 0.808355 0.247837
vt 0.875573 0.225720
vt 0.807394 0.247836
vt 0.876293 0.225720
vt 0.335878 0.820671
vt 0.843522 0.247875
vt 0.335159 0.820671
vt 0.844482 0.247876
vt 0.177773 0.856063
vt 0.176556 0.854748
vt 0.177288 0.855266
vt 0.151090 0.855186
vt 0.149946 0.856512
vt 0.150393 0.855718
vt 0.176545 0.886652
vt 0.177755 0.885332
vt 0.177274 0.886130
vt 0.149974 0.885134
vt 0.151136 0.886449
vt 0.150430 0.885923
vt 0.181039 0.852860
vt 0.808256 0.340919
vt 0.179689 0.853958
vt 0.178438 0.852672
vt 0.179799 0.851484
vt 0.875575 0.319582
vt 0.180497 0.852036
vt 0.807395 0.341279
vt 0.876307 0.319164
vt 0.179162 0.853173
vt 0.149219 0.852028
vt 0.854073 0.341007
vt 0.149703 0.853228
vt 0.148741 0.854646
vt 0.040456 0.736307
vt 0.148059 0.853465
vt 0.041316 0.736066
vt 0.148517 0.852593
vt 0.853341 0.341388
vt 0.149082 0.853818
vt 0.179823 0.889899
vt 0.335877 0.914591
vt 0.178461 0.888739
vt 0.179685 0.887428
vt 0.181039 0.888511
vt 0.843422 0.341035
vt 0.179171 0.888225
vt 0.180509 0.889340
vt 0.335145 0.914184
vt 0.844282 0.341388
vt 0.005290 0.736362
vt 0.148137 0.888219
vt 0.148856 0.886912
vt 0.149761 0.888466
vt 0.149358 0.889635
vt 0.357295 0.935914
vt 0.149150 0.887862
vt 0.004430 0.736013
vt 0.148640 0.889089
vt 0.358026 0.936318
vt 0.605058 0.872995
vt 0.582638 0.873159
vt 0.051523 0.620382
vt 0.907194 0.225640
vt 0.050377 0.620381
vt 0.908053 0.225640
vt 0.367776 0.820631
vt 0.086184 0.620418
vt 0.087330 0.620419
vt 0.366917 0.820631
vt 0.886041 0.225640
vt 0.206657 0.795993
vt 0.205510 0.795992
vt 0.885181 0.225640
vt 0.241317 0.796038
vt 0.388846 0.820631
vt 0.242462 0.796039
vt 0.389704 0.820631
vt 0.582543 0.898114
vt 0.605074 0.898360
vt 0.581390 0.869964
vt 0.580006 0.871530
vt 0.580549 0.870590
vt 0.579892 0.899735
vt 0.581277 0.901306
vt 0.580434 0.900677
vt 0.606296 0.901612
vt 0.607745 0.900047
vt 0.607168 0.900995
vt 0.607733 0.871322
vt 0.606292 0.869750
vt 0.607160 0.870372
vt 0.367759 0.935767
vt 0.579569 0.866770
vt 0.580115 0.868177
vt 0.578895 0.869819
vt 0.086063 0.736346
vt 0.578164 0.868451
vt 0.087090 0.736027
vt 0.366886 0.936238
vt 0.578721 0.867428
vt 0.579347 0.868848
vt 0.051404 0.736395
vt 0.578052 0.902825
vt 0.578867 0.901318
vt 0.579978 0.903139
vt 0.579503 0.904504
vt 0.907211 0.340733
vt 0.579235 0.902440
vt 0.050378 0.735969
vt 0.578646 0.903854
vt 0.908084 0.341227
vt 0.609544 0.904875
vt 0.886039 0.319655
vt 0.607979 0.903531
vt 0.609451 0.901978
vt 0.206775 0.702904
vt 0.611007 0.903237
vt 0.608831 0.902920
vt 0.205749 0.702475
vt 0.610369 0.904217
vt 0.885166 0.319159
vt 0.241436 0.702862
vt 0.611007 0.868154
vt 0.609438 0.869411
vt 0.607953 0.867868
vt 0.388847 0.914754
vt 0.609533 0.866509
vt 0.242462 0.702425
vt 0.389720 0.914246
vt 0.610364 0.867170
vt 0.608814 0.868475
vt 0.798833 0.904841
vt 0.778957 0.905107
vt 0.708198 0.897249
vt 0.708121 0.918735
vt 0.779057 0.926637
vt 0.727991 0.919036
vt 0.798813 0.926737
vt 0.727969 0.897124
vt 0.705615 0.892326
vt 0.704198 0.894013
vt 0.704600 0.892833
vt 0.704077 0.921929
vt 0.705480 0.923649
vt 0.704465 0.923126
vt 0.776327 0.900181
vt 0.774916 0.901895
vt 0.775310 0.900700
vt 0.775048 0.929881
vt 0.776472 0.931566
vt 0.775455 0.931062
vt 0.802896 0.901484
vt 0.801407 0.899798
vt 0.802455 0.900286
vt 0.801410 0.931754
vt 0.802887 0.930061
vt 0.802453 0.931260
vt 0.732047 0.893793
vt 0.730566 0.892099
vt 0.731611 0.892593
vt 0.730564 0.924085
vt 0.732056 0.922398
vt 0.731613 0.923597
vt 0.539037 0.476955
vt 0.704502 0.890992
vt 0.538483 0.476030
vt 0.704358 0.889643
vt 0.703210 0.892816
vt 0.861789 0.378110
vt 0.702639 0.891955
vt 0.862657 0.377067
vt 0.703587 0.891611
vt 0.539904 0.476379
vt 0.860545 0.378430
vt 0.539537 0.475174
vt 0.703126 0.890165
vt 0.860869 0.377248
vt 0.896569 0.378047
vt 0.703061 0.923125
vt 0.702470 0.923991
vt 0.895695 0.376990
vt 0.704343 0.924982
vt 0.975168 0.895569
vt 0.704186 0.926337
vt 0.974613 0.896504
vt 0.703426 0.924348
vt 0.897795 0.378368
vt 0.976063 0.896156
vt 0.702949 0.925803
vt 0.897488 0.377193
vt 0.975683 0.897382
vt 0.975197 0.378770
vt 0.775199 0.898847
vt 0.775048 0.897495
vt 0.974643 0.377845
vt 0.773900 0.900691
vt 0.896549 0.901188
vt 0.773291 0.899812
vt 0.895691 0.902268
vt 0.897795 0.900861
vt 0.976063 0.378194
vt 0.774282 0.899474
vt 0.773814 0.898022
vt 0.897478 0.902046
vt 0.975697 0.376990
vt 0.861708 0.901247
vt 0.774058 0.931088
vt 0.773468 0.931964
vt 0.862569 0.902340
vt 0.775367 0.932902
vt 0.539008 0.993757
vt 0.538453 0.994693
vt 0.775227 0.934248
vt 0.539904 0.994344
vt 0.860481 0.900921
vt 0.774450 0.932289
vt 0.539523 0.995570
vt 0.773998 0.933733
vt 0.860781 0.902097
vt 0.407112 0.958570
vt 0.804165 0.899886
vt 0.407828 0.959961
vt 0.805449 0.899133
vt 0.802578 0.898302
vt 0.953539 0.398865
vt 0.803891 0.897144
vt 0.953663 0.397299
vt 0.405885 0.958979
vt 0.952639 0.399308
vt 0.803616 0.898751
vt 0.406469 0.960368
vt 0.804934 0.897785
vt 0.952533 0.397790
vt 0.517647 0.973835
vt 0.802586 0.933239
vt 0.517760 0.975379
vt 0.803905 0.934386
vt 0.804161 0.931648
vt 0.441675 0.958616
vt 0.440961 0.960004
vt 0.805449 0.932392
vt 0.442904 0.959026
vt 0.516767 0.973398
vt 0.803619 0.932785
vt 0.442319 0.960414
vt 0.516652 0.974887
vt 0.804941 0.933740
vt 0.441681 0.476966
vt 0.733322 0.892204
vt 0.440968 0.475582
vt 0.734611 0.891458
vt 0.731743 0.890611
vt 0.517465 0.496969
vt 0.517587 0.495404
vt 0.733062 0.889460
vt 0.732778 0.891065
vt 0.442904 0.476557
vt 0.516566 0.497412
vt 0.442321 0.475174
vt 0.516458 0.495895
vt 0.734101 0.890107
vt 0.953722 0.875566
vt 0.731735 0.925584
vt 0.733048 0.926746
vt 0.953837 0.877111
vt 0.733325 0.923999
vt 0.407118 0.477056
vt 0.407836 0.475661
vt 0.734611 0.924754
vt 0.732774 0.925136
vt 0.405885 0.476646
vt 0.952841 0.875129
vt 0.406472 0.475252
vt 0.734094 0.926105
vt 0.952727 0.876620
vt 0.196651 0.005611
vt 0.195472 0.495506
vt 0.397025 0.004430
vt 0.397025 0.494381
vt 0.317654 0.894624
vt 0.317630 0.869014
vt 0.294941 0.894267
vt 0.294971 0.869165
vt 0.320228 0.896463
vt 0.319010 0.897778
vt 0.319743 0.897259
vt 0.293545 0.897339
vt 0.292401 0.896013
vt 0.292847 0.896807
vt 0.318999 0.865873
vt 0.320209 0.867194
vt 0.319728 0.866396
vt 0.292428 0.867392
vt 0.293590 0.866077
vt 0.292884 0.866602
vt 0.323494 0.899666
vt 0.808455 0.154756
vt 0.322144 0.898568
vt 0.320893 0.899854
vt 0.322253 0.901041
vt 0.875575 0.131859
vt 0.322951 0.900489
vt 0.807595 0.154394
vt 0.876307 0.132277
vt 0.321616 0.899353
vt 0.291674 0.900497
vt 0.854073 0.110433
vt 0.292158 0.899297
vt 0.291196 0.897879
vt 0.040658 0.504485
vt 0.290514 0.899061
vt 0.041518 0.504728
vt 0.290971 0.899933
vt 0.853341 0.110053
vt 0.291536 0.898708
vt 0.322277 0.862626
vt 0.335877 0.726750
vt 0.320916 0.863786
vt 0.322139 0.865097
vt 0.323494 0.864014
vt 0.843622 0.154715
vt 0.321626 0.864301
vt 0.322963 0.863186
vt 0.335145 0.727157
vt 0.844482 0.154364
vt 0.005492 0.504368
vt 0.290591 0.864306
vt 0.291311 0.865613
vt 0.292216 0.864060
vt 0.291813 0.862891
vt 0.357295 0.705428
vt 0.291605 0.864663
vt 0.004632 0.504716
vt 0.291095 0.863437
vt 0.358026 0.705023
vt 0.095973 0.896754
vt 0.073553 0.896589
vt 0.073458 0.871635
vt 0.095989 0.871389
vt 0.072305 0.899785
vt 0.070921 0.898218
vt 0.071464 0.899158
vt 0.070807 0.870014
vt 0.072192 0.868442
vt 0.071349 0.869071
vt 0.097211 0.868136
vt 0.098660 0.869702
vt 0.098083 0.868754
vt 0.098648 0.898427
vt 0.097207 0.899999
vt 0.098075 0.899377
vt 0.070484 0.902978
vt 0.367759 0.705494
vt 0.071030 0.901571
vt 0.069810 0.899930
vt 0.069079 0.901297
vt 0.086304 0.504490
vt 0.069636 0.902321
vt 0.087330 0.504810
vt 0.366886 0.705023
vt 0.070262 0.900901
vt 0.051645 0.504368
vt 0.068967 0.866924
vt 0.069782 0.868431
vt 0.070893 0.866610
vt 0.070418 0.865245
vt 0.907211 0.110547
vt 0.070150 0.867309
vt 0.050618 0.504792
vt 0.069561 0.865895
vt 0.908084 0.110053
vt 0.100459 0.864873
vt 0.886039 0.131625
vt 0.098894 0.866217
vt 0.100366 0.867770
vt 0.101922 0.866512
vt 0.206538 0.889083
vt 0.099746 0.866829
vt 0.101284 0.865532
vt 0.205511 0.889510
vt 0.885166 0.132121
vt 0.101922 0.901595
vt 0.241198 0.889213
vt 0.100353 0.900338
vt 0.098868 0.901880
vt 0.100448 0.903240
vt 0.388847 0.726507
vt 0.101279 0.902578
vt 0.242224 0.889653
vt 0.389720 0.727016
vt 0.099729 0.901274
vt 0.672726 0.924797
vt 0.652850 0.924532
vt 0.888373 0.075800
vt 0.888297 0.054314
vt 0.652950 0.903001
vt 0.908166 0.054013
vt 0.672706 0.902902
vt 0.908145 0.075925
vt 0.885791 0.080722
vt 0.884374 0.079036
vt 0.884776 0.080216
vt 0.884253 0.051120
vt 0.885655 0.049399
vt 0.884641 0.049923
vt 0.650220 0.929457
vt 0.648809 0.927743
vt 0.649203 0.928938
vt 0.648941 0.899758
vt 0.650365 0.898072
vt 0.649348 0.898576
vt 0.676789 0.928154
vt 0.675300 0.929840
vt 0.676348 0.929352
vt 0.675303 0.897884
vt 0.676780 0.899577
vt 0.676346 0.898379
vt 0.912222 0.079255
vt 0.910742 0.080950
vt 0.911786 0.080455
vt 0.910740 0.048964
vt 0.912231 0.050651
vt 0.911789 0.049451
vt 0.506732 0.993790
vt 0.884678 0.082057
vt 0.506178 0.994715
vt 0.884533 0.083406
vt 0.883386 0.080233
vt 0.815616 0.901220
vt 0.816484 0.902263
vt 0.882815 0.081094
vt 0.883763 0.081437
vt 0.507599 0.994366
vt 0.814372 0.900900
vt 0.507232 0.995570
vt 0.814696 0.902082
vt 0.883301 0.082884
vt 0.850396 0.901283
vt 0.883237 0.049924
vt 0.849522 0.902340
vt 0.882646 0.049058
vt 0.884519 0.048067
vt 0.474399 0.476987
vt 0.473843 0.476052
vt 0.884362 0.046712
vt 0.883602 0.048701
vt 0.475294 0.476401
vt 0.851622 0.900962
vt 0.474913 0.475174
vt 0.851315 0.902137
vt 0.883125 0.047246
vt 0.474427 0.993786
vt 0.649092 0.930791
vt 0.473873 0.994711
vt 0.648941 0.932143
vt 0.647793 0.928947
vt 0.850375 0.378142
vt 0.647184 0.929826
vt 0.849517 0.377062
vt 0.475294 0.994362
vt 0.851622 0.378469
vt 0.648175 0.930165
vt 0.474927 0.995566
vt 0.647707 0.931616
vt 0.851305 0.377284
vt 0.815534 0.378082
vt 0.647951 0.898550
vt 0.647361 0.897675
vt 0.816396 0.376990
vt 0.649260 0.896736
vt 0.506703 0.476987
vt 0.506148 0.476052
vt 0.649120 0.895390
vt 0.507599 0.476401
vt 0.814308 0.378409
vt 0.648343 0.897349
vt 0.507218 0.475174
vt 0.647892 0.895905
vt 0.814607 0.377233
vt 0.942447 0.860385
vt 0.678058 0.929752
vt 0.679342 0.930505
vt 0.941730 0.861777
vt 0.676471 0.931336
vt 0.452770 0.973691
vt 0.452894 0.975257
vt 0.677784 0.932494
vt 0.451870 0.973248
vt 0.943673 0.860794
vt 0.677509 0.930888
vt 0.451763 0.974766
vt 0.678827 0.931853
vt 0.943089 0.862183
vt 0.485341 0.496910
vt 0.676480 0.896399
vt 0.485455 0.495366
vt 0.677798 0.895252
vt 0.678054 0.897991
vt 0.907883 0.860431
vt 0.679342 0.897247
vt 0.908597 0.861819
vt 0.484462 0.497347
vt 0.906654 0.860842
vt 0.677512 0.896854
vt 0.484347 0.495857
vt 0.678834 0.895899
vt 0.907240 0.862229
vt 0.907878 0.378782
vt 0.913498 0.080845
vt 0.908590 0.377398
vt 0.914787 0.081591
vt 0.911919 0.082438
vt 0.485160 0.973776
vt 0.485282 0.975340
vt 0.913238 0.083588
vt 0.912954 0.081984
vt 0.484261 0.973332
vt 0.906655 0.378373
vt 0.484153 0.974850
vt 0.907237 0.376990
vt 0.914277 0.082942
vt 0.452952 0.496991
vt 0.911911 0.047465
vt 0.453067 0.495445
vt 0.913224 0.046303
vt 0.913501 0.049050
vt 0.942441 0.378872
vt 0.914787 0.048294
vt 0.941723 0.377477
vt 0.912950 0.047912
vt 0.452071 0.497427
vt 0.943673 0.378461
vt 0.451957 0.495936
vt 0.914270 0.046944
vt 0.943087 0.377068
vt 0.013486 0.793778
vt 0.014669 0.793269
vt 0.744467 0.746469
vt 0.743602 0.746832
vt 0.742886 0.747133
vt 0.013486 0.790839
vt 0.014566 0.791324
vt 0.744467 0.748683
vt 0.743588 0.748330
vt 0.742915 0.748033
vt 0.015444 0.788930
vt 0.015867 0.789942
vt 0.742922 0.750227
vt 0.742552 0.749348
vt 0.742282 0.748703
vt 0.018182 0.788879
vt 0.017773 0.789993
vt 0.740738 0.750249
vt 0.741101 0.749375
vt 0.741359 0.748686
vt 0.741812 0.747585
vt 0.020312 0.790914
vt 0.019130 0.791423
vt 0.739157 0.748700
vt 0.740021 0.748337
vt 0.740737 0.748036
vt 0.020312 0.793853
vt 0.019233 0.793369
vt 0.739157 0.746486
vt 0.740035 0.746839
vt 0.740708 0.747136
vt 0.018354 0.795763
vt 0.017932 0.794751
vt 0.740702 0.744942
vt 0.741071 0.745821
vt 0.741342 0.746466
vt 0.015617 0.795813
vt 0.016025 0.794699
vt 0.742886 0.744920
vt 0.742522 0.745794
vt 0.742264 0.746483
vt 0.251322 0.707324
vt 0.252505 0.706815
vt 0.744467 0.774847
vt 0.743602 0.775210
vt 0.742886 0.775511
vt 0.251322 0.704385
vt 0.252401 0.704870
vt 0.744467 0.777061
vt 0.743588 0.776708
vt 0.742915 0.776411
vt 0.253280 0.702476
vt 0.253703 0.703488
vt 0.742922 0.778605
vt 0.742552 0.777726
vt 0.742282 0.777081
vt 0.256018 0.702425
vt 0.255609 0.703539
vt 0.740738 0.778627
vt 0.741101 0.777753
vt 0.741359 0.777064
vt 0.741812 0.775963
vt 0.258148 0.704460
vt 0.256965 0.704969
vt 0.739157 0.777078
vt 0.740021 0.776715
vt 0.740737 0.776414
vt 0.258148 0.707399
vt 0.257069 0.706915
vt 0.739157 0.774864
vt 0.740035 0.775217
vt 0.740708 0.775515
vt 0.256190 0.709309
vt 0.255767 0.708297
vt 0.740702 0.773320
vt 0.741071 0.774199
vt 0.741342 0.774844
vt 0.253452 0.709359
vt 0.253861 0.708246
vt 0.742886 0.773298
vt 0.742522 0.774172
vt 0.742264 0.774861
vt 0.111168 0.803246
vt 0.112351 0.802737
vt 0.845462 0.364977
vt 0.846326 0.364614
vt 0.847042 0.364313
vt 0.111168 0.800307
vt 0.112248 0.800792
vt 0.845462 0.362763
vt 0.846340 0.363115
vt 0.847013 0.363413
vt 0.113127 0.798398
vt 0.113549 0.799410
vt 0.847007 0.361219
vt 0.847376 0.362098
vt 0.847647 0.362743
vt 0.115864 0.798347
vt 0.115455 0.799461
vt 0.849191 0.361197
vt 0.848827 0.362071
vt 0.848569 0.362760
vt 0.848117 0.363861
vt 0.117995 0.800382
vt 0.116812 0.800891
vt 0.850772 0.362746
vt 0.849907 0.363109
vt 0.849191 0.363410
vt 0.117995 0.803321
vt 0.116915 0.802837
vt 0.850772 0.364960
vt 0.849893 0.364607
vt 0.849220 0.364309
vt 0.116036 0.805231
vt 0.115614 0.804219
vt 0.849227 0.366503
vt 0.848857 0.365624
vt 0.848587 0.364980
vt 0.113299 0.805281
vt 0.113707 0.804167
vt 0.847043 0.366526
vt 0.847406 0.365652
vt 0.847664 0.364963
vt 0.814090 0.366095
vt 0.015002 0.840040
vt 0.815273 0.365587
vt 0.015867 0.839676
vt 0.016583 0.839376
vt 0.814090 0.363157
vt 0.015002 0.837826
vt 0.815170 0.363641
vt 0.015881 0.838178
vt 0.016554 0.838476
vt 0.816049 0.361247
vt 0.016547 0.836282
vt 0.816471 0.362259
vt 0.016917 0.837161
vt 0.017187 0.837806
vt 0.818786 0.361196
vt 0.018731 0.836259
vt 0.818377 0.362310
vt 0.018368 0.837134
vt 0.018110 0.837823
vt 0.017657 0.838924
vt 0.820917 0.363232
vt 0.020312 0.837809
vt 0.819734 0.363741
vt 0.019448 0.838172
vt 0.018732 0.838473
vt 0.820917 0.366171
vt 0.020312 0.840023
vt 0.819837 0.365686
vt 0.019434 0.839670
vt 0.018761 0.839372
vt 0.818958 0.368080
vt 0.018767 0.841566
vt 0.818536 0.367068
vt 0.018398 0.840687
vt 0.018127 0.840043
vt 0.816221 0.368131
vt 0.016583 0.841589
vt 0.816629 0.367017
vt 0.016947 0.840715
vt 0.017205 0.840026
vt 0.111168 0.816176
vt 0.112351 0.816685
vt 0.112685 0.831483
vt 0.113549 0.831847
vt 0.114265 0.832147
vt 0.111168 0.819115
vt 0.112248 0.818630
vt 0.112685 0.833697
vt 0.113563 0.833345
vt 0.114236 0.833047
vt 0.113127 0.821024
vt 0.113549 0.820012
vt 0.114230 0.835241
vt 0.114599 0.834362
vt 0.114870 0.833717
vt 0.115864 0.821075
vt 0.115456 0.819961
vt 0.116414 0.835264
vt 0.116050 0.834389
vt 0.115792 0.833700
vt 0.115340 0.832599
vt 0.117995 0.819040
vt 0.116812 0.818530
vt 0.117995 0.833714
vt 0.117130 0.833351
vt 0.116414 0.833050
vt 0.117995 0.816101
vt 0.116915 0.816585
vt 0.117995 0.831500
vt 0.117116 0.831853
vt 0.116443 0.832151
vt 0.116036 0.814191
vt 0.115614 0.815203
vt 0.116450 0.829957
vt 0.116080 0.830836
vt 0.115810 0.831480
vt 0.113299 0.814141
vt 0.113707 0.815254
vt 0.114266 0.829934
vt 0.114629 0.830808
vt 0.114887 0.831497
vt 0.686784 0.817746
vt 0.112685 0.845672
vt 0.687967 0.818255
vt 0.113549 0.846036
vt 0.114265 0.846336
vt 0.686784 0.820685
vt 0.112685 0.847886
vt 0.687864 0.820200
vt 0.113563 0.847534
vt 0.114236 0.847236
vt 0.688743 0.822595
vt 0.114230 0.849430
vt 0.689165 0.821582
vt 0.114599 0.848551
vt 0.114870 0.847906
vt 0.691480 0.822645
vt 0.116414 0.849453
vt 0.691071 0.821531
vt 0.116050 0.848578
vt 0.115792 0.847889
vt 0.115340 0.846788
vt 0.693611 0.820610
vt 0.117995 0.847903
vt 0.692428 0.820101
vt 0.117130 0.847540
vt 0.116414 0.847239
vt 0.693611 0.817671
vt 0.117995 0.845689
vt 0.692531 0.818156
vt 0.117116 0.846042
vt 0.116443 0.846340
vt 0.691652 0.815761
vt 0.116450 0.844146
vt 0.691230 0.816773
vt 0.116080 0.845025
vt 0.115810 0.845669
vt 0.688915 0.815711
vt 0.114266 0.844123
vt 0.689323 0.816825
vt 0.114629 0.844997
vt 0.114887 0.845686
vt 0.189824 0.796475
vt 0.191007 0.796984
vt 0.739157 0.760658
vt 0.740021 0.761021
vt 0.740737 0.761322
vt 0.189824 0.799413
vt 0.190904 0.798929
vt 0.739157 0.762872
vt 0.740035 0.762519
vt 0.740708 0.762222
vt 0.191783 0.801323
vt 0.192205 0.800311
vt 0.740702 0.764416
vt 0.741071 0.763537
vt 0.741342 0.762892
vt 0.194520 0.801374
vt 0.194112 0.800260
vt 0.742886 0.764438
vt 0.742522 0.763564
vt 0.742264 0.762875
vt 0.741812 0.761774
vt 0.196651 0.799338
vt 0.195468 0.798829
vt 0.744467 0.762889
vt 0.743602 0.762526
vt 0.742886 0.762225
vt 0.196651 0.796399
vt 0.195571 0.796884
vt 0.744467 0.760675
vt 0.743588 0.761028
vt 0.742915 0.761326
vt 0.194692 0.794490
vt 0.194270 0.795502
vt 0.742922 0.759131
vt 0.742552 0.760010
vt 0.742282 0.760655
vt 0.191955 0.794439
vt 0.192364 0.795553
vt 0.740738 0.759109
vt 0.741101 0.759983
vt 0.741359 0.760672
vt 0.013486 0.806708
vt 0.014669 0.807217
vt 0.688300 0.833054
vt 0.689165 0.833417
vt 0.689881 0.833718
vt 0.013486 0.809647
vt 0.014566 0.809162
vt 0.688300 0.835267
vt 0.689179 0.834915
vt 0.689852 0.834617
vt 0.015444 0.811556
vt 0.015867 0.810544
vt 0.689845 0.836811
vt 0.690215 0.835932
vt 0.690486 0.835288
vt 0.018182 0.811607
vt 0.017773 0.810493
vt 0.692029 0.836834
vt 0.691666 0.835960
vt 0.691408 0.835271
vt 0.690955 0.834169
vt 0.020312 0.809572
vt 0.019130 0.809062
vt 0.693611 0.835284
vt 0.692746 0.834921
vt 0.692030 0.834621
vt 0.020312 0.806633
vt 0.019233 0.807117
vt 0.693611 0.833071
vt 0.692732 0.833423
vt 0.692059 0.833721
vt 0.018354 0.804723
vt 0.017932 0.805735
vt 0.692066 0.831527
vt 0.691696 0.832406
vt 0.691425 0.833051
vt 0.015616 0.804673
vt 0.016025 0.805786
vt 0.689881 0.831504
vt 0.690245 0.832379
vt 0.690503 0.833068
vt 0.798404 0.363232
vt 0.688300 0.847243
vt 0.799587 0.363741
vt 0.689165 0.847606
vt 0.689881 0.847907
vt 0.798404 0.366171
vt 0.688300 0.849456
vt 0.799484 0.365686
vt 0.689179 0.849104
vt 0.689852 0.848806
vt 0.800363 0.368080
vt 0.689845 0.851000
vt 0.800785 0.367068
vt 0.690215 0.850121
vt 0.690486 0.849477
vt 0.803100 0.368131
vt 0.692030 0.851023
vt 0.802692 0.367017
vt 0.691666 0.850149
vt 0.691408 0.849460
vt 0.690955 0.848358
vt 0.805231 0.366095
vt 0.693611 0.849473
vt 0.804048 0.365586
vt 0.692746 0.849110
vt 0.692030 0.848809
vt 0.805231 0.363157
vt 0.693611 0.847260
vt 0.804151 0.363641
vt 0.692732 0.847612
vt 0.692059 0.847910
vt 0.803272 0.361247
vt 0.692065 0.845716
vt 0.802850 0.362259
vt 0.691696 0.846595
vt 0.691425 0.847240
vt 0.800535 0.361196
vt 0.689881 0.845693
vt 0.800943 0.362310
vt 0.690245 0.846568
vt 0.690503 0.847257
vt 0.013486 0.822501
vt 0.014669 0.823010
vt 0.744467 0.791267
vt 0.743602 0.790904
vt 0.742886 0.790603
vt 0.013486 0.825440
vt 0.014566 0.824955
vt 0.744467 0.789053
vt 0.743588 0.789406
vt 0.742915 0.789703
vt 0.015444 0.827350
vt 0.015867 0.826338
vt 0.742922 0.787509
vt 0.742552 0.788388
vt 0.742282 0.789033
vt 0.018182 0.827400
vt 0.017773 0.826286
vt 0.740738 0.787487
vt 0.741101 0.788361
vt 0.741359 0.789050
vt 0.741812 0.790151
vt 0.020312 0.825365
vt 0.019130 0.824856
vt 0.739157 0.789036
vt 0.740021 0.789399
vt 0.740737 0.789700
vt 0.020312 0.822426
vt 0.019233 0.822911
vt 0.739157 0.791250
vt 0.740035 0.790897
vt 0.740708 0.790600
vt 0.018354 0.820516
vt 0.017932 0.821529
vt 0.740702 0.792794
vt 0.741071 0.791915
vt 0.741342 0.791270
vt 0.015616 0.820466
vt 0.016025 0.821580
vt 0.742886 0.792816
vt 0.742522 0.791942
vt 0.742264 0.791253
vt 0.013486 0.775121
vt 0.014669 0.775630
vt 0.739157 0.803225
vt 0.740021 0.803588
vt 0.740737 0.803889
vt 0.013486 0.778060
vt 0.014566 0.777575
vt 0.739157 0.805439
vt 0.740035 0.805086
vt 0.740708 0.804789
vt 0.015444 0.779969
vt 0.015867 0.778957
vt 0.740702 0.806983
vt 0.741071 0.806104
vt 0.741342 0.805459
vt 0.018182 0.780020
vt 0.017773 0.778906
vt 0.742886 0.807005
vt 0.742522 0.806131
vt 0.742264 0.805442
vt 0.741812 0.804340
vt 0.020312 0.777985
vt 0.019130 0.777476
vt 0.744467 0.805456
vt 0.743602 0.805093
vt 0.742886 0.804792
vt 0.020312 0.775046
vt 0.019233 0.775530
vt 0.744467 0.803242
vt 0.743588 0.803595
vt 0.742915 0.803892
vt 0.018354 0.773136
vt 0.017932 0.774148
vt 0.742922 0.801698
vt 0.742552 0.802577
vt 0.742282 0.803222
vt 0.015617 0.773086
vt 0.016025 0.774199
vt 0.740738 0.801676
vt 0.741101 0.802550
vt 0.741359 0.803239
vt 0.196651 0.830925
vt 0.195468 0.830416
vt 0.756541 0.849665
vt 0.755677 0.849302
vt 0.754960 0.849001
vt 0.196651 0.827986
vt 0.195571 0.828471
vt 0.756541 0.847452
vt 0.755662 0.847804
vt 0.754989 0.848102
vt 0.194692 0.826077
vt 0.194270 0.827089
vt 0.754996 0.845908
vt 0.754627 0.846787
vt 0.754356 0.847432
vt 0.191955 0.826026
vt 0.192364 0.827140
vt 0.752812 0.845885
vt 0.753175 0.846760
vt 0.753434 0.847449
vt 0.753886 0.848550
vt 0.189824 0.828061
vt 0.191007 0.828570
vt 0.751231 0.847435
vt 0.752095 0.847798
vt 0.752811 0.848099
vt 0.189824 0.831000
vt 0.190904 0.830516
vt 0.751231 0.849648
vt 0.752110 0.849296
vt 0.752783 0.848998
vt 0.191783 0.832910
vt 0.192205 0.831898
vt 0.752776 0.851192
vt 0.753145 0.850313
vt 0.753416 0.849669
vt 0.194520 0.832960
vt 0.194112 0.831847
vt 0.754960 0.851215
vt 0.754597 0.850341
vt 0.754338 0.849652
vt 0.196651 0.812268
vt 0.191341 0.845600
vt 0.195468 0.812777
vt 0.192205 0.845237
vt 0.192921 0.844936
vt 0.196651 0.815207
vt 0.191341 0.843386
vt 0.195571 0.814722
vt 0.192220 0.843739
vt 0.192892 0.844037
vt 0.194692 0.817116
vt 0.192886 0.841843
vt 0.194270 0.816104
vt 0.193255 0.842721
vt 0.193526 0.843366
vt 0.191955 0.817167
vt 0.192364 0.816053
vt 0.195070 0.841820
vt 0.194706 0.842694
vt 0.194448 0.843383
vt 0.193996 0.844485
vt 0.189824 0.815132
vt 0.191007 0.814623
vt 0.196651 0.843369
vt 0.195787 0.843732
vt 0.195070 0.844033
vt 0.189824 0.812193
vt 0.190904 0.812678
vt 0.196651 0.845583
vt 0.195772 0.845230
vt 0.195099 0.844933
vt 0.191783 0.810283
vt 0.192205 0.811295
vt 0.195106 0.847127
vt 0.194737 0.846248
vt 0.194466 0.845603
vt 0.194520 0.810233
vt 0.192922 0.847149
vt 0.194112 0.811347
vt 0.193285 0.846275
vt 0.193544 0.845586
vt 0.829776 0.366095
vt 0.739157 0.819645
vt 0.830959 0.365586
vt 0.740021 0.819282
vt 0.740737 0.818981
vt 0.829776 0.363156
vt 0.739157 0.817431
vt 0.830855 0.363641
vt 0.740036 0.817784
vt 0.740708 0.818081
vt 0.831734 0.361247
vt 0.740702 0.815887
vt 0.832157 0.362259
vt 0.741071 0.816766
vt 0.741342 0.817411
vt 0.834472 0.361196
vt 0.742886 0.815865
vt 0.834063 0.362310
vt 0.742522 0.816739
vt 0.742264 0.817428
vt 0.741812 0.818529
vt 0.836602 0.363232
vt 0.744467 0.817414
vt 0.835420 0.363741
vt 0.743602 0.817777
vt 0.742886 0.818078
vt 0.836602 0.366171
vt 0.744467 0.819628
vt 0.835523 0.365686
vt 0.743588 0.819275
vt 0.742915 0.818977
vt 0.834644 0.368080
vt 0.742922 0.821172
vt 0.834221 0.367068
vt 0.742553 0.820293
vt 0.742282 0.819648
vt 0.831906 0.368131
vt 0.740738 0.821194
vt 0.832315 0.367017
vt 0.741101 0.820320
vt 0.741359 0.819631
vt 0.117995 0.768795
vt 0.116812 0.769304
vt 0.739157 0.734511
vt 0.740021 0.734148
vt 0.740737 0.733847
vt 0.117995 0.771734
vt 0.116915 0.771250
vt 0.739157 0.732297
vt 0.740036 0.732650
vt 0.740708 0.732947
vt 0.116036 0.773644
vt 0.115614 0.772632
vt 0.740702 0.730753
vt 0.741071 0.731632
vt 0.741342 0.732277
vt 0.113299 0.773694
vt 0.113707 0.772581
vt 0.742886 0.730731
vt 0.742522 0.731605
vt 0.742264 0.732294
vt 0.741812 0.733396
vt 0.111168 0.771659
vt 0.112351 0.771150
vt 0.744467 0.732280
vt 0.743602 0.732643
vt 0.742886 0.732944
vt 0.111168 0.768720
vt 0.112248 0.769205
vt 0.744467 0.734494
vt 0.743588 0.734141
vt 0.742915 0.733844
vt 0.113127 0.766811
vt 0.113549 0.767823
vt 0.742922 0.736038
vt 0.742552 0.735159
vt 0.742282 0.734514
vt 0.115864 0.766760
vt 0.115456 0.767874
vt 0.740738 0.736060
vt 0.741101 0.735186
vt 0.741359 0.734497
vt 0.111168 0.787453
vt 0.112351 0.786944
vt 0.847728 0.096228
vt 0.848592 0.095865
vt 0.849308 0.095564
vt 0.111168 0.784514
vt 0.112248 0.784998
vt 0.847728 0.094014
vt 0.848607 0.094367
vt 0.849280 0.094665
vt 0.113127 0.782604
vt 0.113549 0.783616
vt 0.849273 0.092470
vt 0.849642 0.093349
vt 0.849913 0.093994
vt 0.115864 0.782554
vt 0.115456 0.783668
vt 0.851457 0.092448
vt 0.851094 0.093322
vt 0.850835 0.094011
vt 0.850383 0.095113
vt 0.117995 0.784589
vt 0.116812 0.785098
vt 0.853038 0.093997
vt 0.852174 0.094360
vt 0.851457 0.094661
vt 0.117995 0.787528
vt 0.116915 0.787043
vt 0.853038 0.096211
vt 0.852159 0.095858
vt 0.851486 0.095561
vt 0.116036 0.789437
vt 0.115614 0.788425
vt 0.851493 0.097755
vt 0.851124 0.096876
vt 0.850853 0.096231
vt 0.113299 0.789488
vt 0.113707 0.788374
vt 0.849309 0.097777
vt 0.849672 0.096903
vt 0.849931 0.096214
vt 0.411664 0.460024
vt 0.412585 0.011102
vt 0.487548 0.460445
vt 0.488010 0.010271
vt 0.563400 0.460225
vt 0.563421 0.011263
vt 0.406756 0.464892
vt 0.106709 0.668118
vt 0.557907 0.475506
vt 0.105649 0.667682
vt 0.406026 0.465615
vt 0.556846 0.475942
vt 0.030232 0.745553
vt 0.557907 0.937358
vt 0.407605 0.006350
vt 0.029172 0.745989
vt 0.406839 0.005633
vt 0.556846 0.936922
vt 0.487541 0.465437
vt 0.106708 0.586409
vt 0.105688 0.586409
vt 0.487540 0.466315
vt 0.030231 0.827262
vt 0.488015 0.005303
vt 0.029212 0.827262
vt 0.488016 0.004430
vt 0.106709 0.504699
vt 0.127915 0.966552
vt 0.568319 0.465125
vt 0.105649 0.505135
vt 0.126854 0.966116
vt 0.569050 0.465842
vt 0.568427 0.006475
vt 0.030232 0.908971
vt 0.127915 0.504700
vt 0.029172 0.908535
vt 0.126854 0.505136
vt 0.569193 0.005766
vt 0.117189 0.668118
vt 0.568387 0.475506
vt 0.018327 0.482075
vt 0.018901 0.481479
vt 0.117995 0.668449
vt 0.569192 0.475174
vt 0.017730 0.018628
vt 0.040712 0.745553
vt 0.568387 0.937358
vt 0.018317 0.019192
vt 0.041518 0.745222
vt 0.569192 0.937689
vt 0.117187 0.586409
vt 0.101184 0.482306
vt 0.101185 0.481646
vt 0.117962 0.586409
vt 0.100464 0.017633
vt 0.040710 0.827262
vt 0.041485 0.827262
vt 0.100464 0.018300
vt 0.182471 0.482494
vt 0.117189 0.504699
vt 0.138394 0.966552
vt 0.117995 0.504368
vt 0.139200 0.966883
vt 0.181913 0.481936
vt 0.040712 0.908971
vt 0.138394 0.504700
vt 0.183275 0.018675
vt 0.041518 0.909302
vt 0.139200 0.504368
vt 0.182689 0.019237
vt 0.010531 0.495485
vt 0.009801 0.005481
vt 0.416019 0.460048
vt 0.416919 0.011053
vt 0.106709 0.663432
vt 0.105651 0.663021
vt 0.410640 0.465809
vt 0.411285 0.465033
vt 0.030232 0.750239
vt 0.029174 0.750650
vt 0.411496 0.005354
vt 0.412150 0.006123
vt 0.023293 0.482116
vt 0.023795 0.481502
vt 0.117993 0.663744
vt 0.117189 0.663432
vt 0.022497 0.018454
vt 0.022991 0.019044
vt 0.041516 0.749927
vt 0.040712 0.750239
vt 0.192094 0.495509
vt 0.193230 0.005561
vt 0.560631 0.460226
vt 0.560663 0.011230
vt 0.565438 0.465210
vt 0.105650 0.508103
vt 0.566096 0.465985
vt 0.106709 0.507683
vt 0.565536 0.006329
vt 0.029173 0.905568
vt 0.566207 0.005562
vt 0.030232 0.905988
vt 0.117189 0.507683
vt 0.117993 0.507364
vt 0.179003 0.481969
vt 0.179489 0.482554
vt 0.040712 0.905987
vt 0.041516 0.906307
vt 0.179720 0.019152
vt 0.180225 0.018563
vt 0.560635 0.455708
vt 0.416032 0.455525
vt 0.182567 0.477917
vt 0.139200 0.962255
vt 0.181974 0.477412
vt 0.138394 0.961930
vt 0.568387 0.480127
vt 0.018776 0.476847
vt 0.569192 0.479802
vt 0.018178 0.477362
vt 0.127915 0.961930
vt 0.126854 0.961503
vt 0.569193 0.461264
vt 0.568409 0.460594
vt 0.406668 0.460373
vt 0.405885 0.461040
vt 0.556846 0.480554
vt 0.557907 0.480127
vt 0.563404 0.455707
vt 0.411679 0.455508
vt 0.487554 0.455929
vt 0.195471 0.490754
vt 0.005077 0.490636
vt 0.173488 0.924297
vt 0.822938 0.019574
vt 0.167024 0.928091
vt 0.827932 0.011751
vt 0.159658 0.928117
vt 0.834088 0.004430
vt 0.835075 0.100429
vt 0.829533 0.094656
vt 0.814013 0.055107
vt 0.173547 0.904292
vt 0.814440 0.045775
vt 0.177149 0.910665
vt 0.815993 0.036557
vt 0.177154 0.917965
vt 0.818933 0.027701
vt 0.153334 0.924517
vt 0.167241 0.900561
vt 0.149733 0.910369
vt 0.820429 0.080879
vt 0.149721 0.918072
vt 0.824710 0.088303
vt 0.159901 0.900447
vt 0.815034 0.064197
vt 0.153443 0.903948
vt 0.817147 0.072815
vt 0.163305 0.914343
vt 0.832534 0.092075
vt 0.152117 0.925754
vt 0.833470 0.091232
vt 0.818799 0.054984
vt 0.167717 0.898889
vt 0.820225 0.054950
vt 0.826871 0.021788
vt 0.174724 0.925517
vt 0.828077 0.022466
vt 0.831727 0.014545
vt 0.167473 0.929769
vt 0.832867 0.015455
vt 0.837890 0.007732
vt 0.838102 0.097433
vt 0.159210 0.929797
vt 0.838869 0.008957
vt 0.838869 0.096341
vt 0.819045 0.046268
vt 0.174787 0.903076
vt 0.820531 0.046431
vt 0.820707 0.037731
vt 0.178833 0.910222
vt 0.822072 0.038071
vt 0.823241 0.029483
vt 0.178833 0.918411
vt 0.824614 0.030011
vt 0.824249 0.079023
vt 0.148077 0.909894
vt 0.825438 0.078501
vt 0.828103 0.086033
vt 0.148059 0.918527
vt 0.829121 0.085372
vt 0.819529 0.063388
vt 0.159483 0.898758
vt 0.820866 0.063183
vt 0.821332 0.071442
vt 0.152241 0.902694
vt 0.822669 0.071050
vt 0.222377 0.693531
vt 0.219074 0.693537
vt 0.215779 0.693543
vt 0.212502 0.693550
vt 0.209247 0.693558
vt 0.205934 0.693566
vt 0.265045 0.693566
vt 0.261731 0.693557
vt 0.258473 0.693548
vt 0.255193 0.693541
vt 0.251897 0.693535
vt 0.248593 0.693529
vt 0.245296 0.693525
vt 0.242017 0.693522
vt 0.238756 0.693521
vt 0.235489 0.693521
vt 0.232221 0.693521
vt 0.228959 0.693523
vt 0.225676 0.693527
vt 0.305321 0.918518
vt 0.924814 0.922574
vt 0.307305 0.916625
vt 0.926033 0.920129
vt 0.310151 0.915463
vt 0.926306 0.917076
vt 0.313217 0.915484
vt 0.925380 0.914144
vt 0.315482 0.916264
vt 0.923962 0.912201
vt 0.310859 0.922575
vt 0.919302 0.918490
vt 0.303041 0.916847
vt 0.927074 0.924249
vt 0.099325 0.686880
vt 0.305714 0.914228
vt 0.928777 0.920926
vt 0.100980 0.681966
vt 0.309602 0.912667
vt 0.929138 0.916755
vt 0.313785 0.912720
vt 0.927865 0.912766
vt 0.317166 0.913965
vt 0.925667 0.909900
vt 0.013793 0.754706
vt 0.300745 0.915166
vt 0.096828 0.686773
vt 0.929351 0.925936
vt 0.013908 0.759185
vt 0.304178 0.911908
vt 0.097121 0.682311
vt 0.931443 0.921711
vt 0.014165 0.764226
vt 0.309034 0.909901
vt 0.876322 0.937565
vt 0.097628 0.677308
vt 0.876130 0.911465
vt 0.931950 0.916491
vt 0.314361 0.909901
vt 0.881275 0.937513
vt 0.881084 0.911447
vt 0.930396 0.911384
vt 0.318819 0.911709
vt 0.885732 0.937488
vt 0.885546 0.911398
vt 0.927339 0.907644
vt 0.017535 0.759811
vt 0.102106 0.677774
vt 0.876141 0.915900
vt 0.103804 0.678670
vt 0.875511 0.917690
vt 0.020270 0.763294
vt 0.875677 0.931526
vt 0.018334 0.764016
vt 0.876275 0.933469
vt 0.877731 0.920769
vt 0.878769 0.923283
vt 0.878769 0.925987
vt 0.885606 0.915857
vt 0.885637 0.918306
vt 0.885664 0.920760
vt 0.885687 0.923222
vt 0.885705 0.925685
vt 0.885724 0.930597
vt 0.885729 0.933555
vt 0.881245 0.933578
vt 0.881114 0.915899
vt 0.881124 0.918344
vt 0.881140 0.920796
vt 0.881157 0.923256
vt 0.881176 0.925715
vt 0.881217 0.930620
vt 0.877736 0.928882
vt 0.016345 0.754710
vt 0.881203 0.929067
vt 0.885720 0.929039
vt 0.304114 0.920980
vt 0.922830 0.924452
vt 0.303864 0.924044
vt 0.919988 0.925601
vt 0.304809 0.926961
vt 0.916914 0.925569
vt 0.306236 0.928886
vt 0.914642 0.924778
vt 0.301349 0.920186
vt 0.924391 0.926845
vt 0.100576 0.691948
vt 0.301033 0.924364
vt 0.920505 0.928404
vt 0.302345 0.928337
vt 0.916319 0.928348
vt 0.304552 0.931185
vt 0.912937 0.927079
vt 0.013926 0.750238
vt 0.298674 0.919421
vt 0.096735 0.691251
vt 0.925918 0.929167
vt 0.014251 0.745222
vt 0.298224 0.924657
vt 0.844076 0.911434
vt 0.096759 0.696295
vt 0.921071 0.931171
vt 0.299830 0.929735
vt 0.849036 0.911423
vt 0.096827 0.701329
vt 0.849125 0.937423
vt 0.915733 0.931171
vt 0.302899 0.933441
vt 0.853499 0.911390
vt 0.853582 0.937452
vt 0.911265 0.929335
vt 0.017528 0.749647
vt 0.101250 0.696257
vt 0.103040 0.695570
vt 0.843588 0.931367
vt 0.020312 0.746260
vt 0.843509 0.917490
vt 0.018401 0.745500
vt 0.844082 0.915537
vt 0.845732 0.928230
vt 0.846718 0.925697
vt 0.846684 0.922992
vt 0.853617 0.933003
vt 0.853630 0.930564
vt 0.853634 0.928118
vt 0.853629 0.925662
vt 0.853618 0.923202
vt 0.853577 0.918290
vt 0.853545 0.915329
vt 0.849056 0.915362
vt 0.101333 0.701269
vt 0.849149 0.932988
vt 0.103804 0.701221
vt 0.849154 0.930564
vt 0.849128 0.928136
vt 0.849107 0.925686
vt 0.849092 0.923230
vt 0.849067 0.918323
vt 0.845606 0.920109
vt 0.849074 0.919878
vt 0.853592 0.919848
vt 0.316397 0.926632
vt 0.913790 0.914405
vt 0.317604 0.924170
vt 0.915774 0.912527
vt 0.317854 0.921106
vt 0.918616 0.911378
vt 0.316909 0.918189
vt 0.921690 0.911410
vt 0.318677 0.928303
vt 0.911530 0.912730
vt 0.100752 0.719736
vt 0.320369 0.924964
vt 0.914213 0.910134
vt 0.099472 0.714538
vt 0.320685 0.920786
vt 0.918099 0.908575
vt 0.319373 0.916813
vt 0.922285 0.908632
vt 0.196507 0.748314
vt 0.320973 0.929984
vt 0.103277 0.719742
vt 0.909253 0.911043
vt 0.196499 0.752730
vt 0.323044 0.925729
vt 0.103306 0.715303
vt 0.912686 0.907812
vt 0.196651 0.757650
vt 0.323494 0.920493
vt 0.895141 0.937565
vt 0.103449 0.710359
vt 0.894964 0.911199
vt 0.917533 0.905808
vt 0.321888 0.915415
vt 0.890187 0.937508
vt 0.890010 0.911325
vt 0.922871 0.905808
vt 0.192920 0.753570
vt 0.099028 0.710188
vt 0.895084 0.915633
vt 0.097227 0.710788
vt 0.895771 0.917405
vt 0.190628 0.757342
vt 0.895799 0.931524
vt 0.192590 0.757826
vt 0.895194 0.933468
vt 0.893651 0.920596
vt 0.892653 0.923167
vt 0.892689 0.925910
vt 0.890216 0.933569
vt 0.890104 0.915783
vt 0.890161 0.918238
vt 0.890206 0.920703
vt 0.890236 0.923181
vt 0.890253 0.925661
vt 0.890242 0.930598
vt 0.893751 0.928842
vt 0.194081 0.748309
vt 0.890250 0.929037
vt 0.314413 0.928525
vt 0.912571 0.916850
vt 0.311567 0.929687
vt 0.912299 0.919903
vt 0.308501 0.929666
vt 0.913224 0.922835
vt 0.316004 0.930922
vt 0.909827 0.916053
vt 0.099437 0.724921
vt 0.312116 0.932483
vt 0.909466 0.920224
vt 0.307933 0.932430
vt 0.910739 0.924213
vt 0.196524 0.743869
vt 0.317540 0.933242
vt 0.103278 0.724160
vt 0.907162 0.915268
vt 0.196651 0.738914
vt 0.312684 0.935249
vt 0.862922 0.911199
vt 0.103449 0.729078
vt 0.862993 0.937584
vt 0.906654 0.920488
vt 0.307357 0.935249
vt 0.857960 0.911316
vt 0.858043 0.937496
vt 0.908208 0.925595
vt 0.192940 0.743023
vt 0.099055 0.729290
vt 0.863079 0.933154
vt 0.097253 0.728724
vt 0.863750 0.931378
vt 0.190589 0.739289
vt 0.863653 0.917242
vt 0.192557 0.738772
vt 0.863025 0.915302
vt 0.861610 0.928210
vt 0.860594 0.925645
vt 0.860596 0.922900
vt 0.858037 0.915261
vt 0.858106 0.933044
vt 0.858143 0.930593
vt 0.858167 0.928131
vt 0.858173 0.925655
vt 0.858163 0.923175
vt 0.858098 0.918235
vt 0.861632 0.919954
vt 0.858124 0.919797
vt 0.925536 0.879726
vt 0.259637 0.906121
vt 0.926724 0.882230
vt 0.261501 0.908124
vt 0.926939 0.885323
vt 0.264272 0.909453
vt 0.925943 0.888237
vt 0.267355 0.909610
vt 0.924336 0.890260
vt 0.269692 0.908971
vt 0.919920 0.883756
vt 0.265390 0.902381
vt 0.927869 0.878060
vt 0.257273 0.907650
vt 0.194104 0.720480
vt 0.929511 0.881474
vt 0.259788 0.910418
vt 0.192736 0.725563
vt 0.929795 0.885690
vt 0.263577 0.912228
vt 0.928398 0.889668
vt 0.267781 0.912435
vt 0.926057 0.892827
vt 0.271285 0.911389
vt 0.196651 0.776161
vt 0.930066 0.876501
vt 0.196651 0.720478
vt 0.254917 0.909171
vt 0.196628 0.771721
vt 0.932081 0.880816
vt 0.196615 0.724924
vt 0.258127 0.912617
vt 0.196651 0.766741
vt 0.279586 0.878202
vt 0.932389 0.886039
vt 0.196570 0.729913
vt 0.252948 0.878202
vt 0.262841 0.914937
vt 0.279520 0.873215
vt 0.930712 0.890997
vt 0.253018 0.873211
vt 0.268189 0.915283
vt 0.279476 0.868458
vt 0.927458 0.894774
vt 0.253063 0.868696
vt 0.272838 0.913727
vt 0.192781 0.770952
vt 0.192070 0.729896
vt 0.257454 0.878270
vt 0.190291 0.729205
vt 0.259246 0.878933
vt 0.190327 0.767246
vt 0.273254 0.878868
vt 0.192288 0.766685
vt 0.275210 0.878264
vt 0.262387 0.876747
vt 0.264936 0.875730
vt 0.267663 0.875749
vt 0.257569 0.868703
vt 0.260051 0.868691
vt 0.262538 0.868675
vt 0.265027 0.868654
vt 0.267518 0.868626
vt 0.272491 0.868556
vt 0.275230 0.868514
vt 0.275309 0.873259
vt 0.257536 0.873264
vt 0.259996 0.873295
vt 0.262459 0.873315
vt 0.264931 0.873324
vt 0.267403 0.873325
vt 0.272738 0.873288
vt 0.270583 0.876799
vt 0.193946 0.776138
vt 0.270773 0.873306
vt 0.270454 0.868592
vt 0.923545 0.877788
vt 0.258573 0.903605
vt 0.920673 0.876581
vt 0.258492 0.900542
vt 0.917564 0.876600
vt 0.259587 0.897677
vt 0.915417 0.877264
vt 0.261100 0.895816
vt 0.925182 0.875374
vt 0.255788 0.904226
vt 0.192710 0.715380
vt 0.921249 0.873747
vt 0.255694 0.900050
vt 0.916979 0.873773
vt 0.257201 0.896160
vt 0.913600 0.874737
vt 0.259530 0.893398
vt 0.196579 0.780602
vt 0.926663 0.873188
vt 0.196609 0.716034
vt 0.253111 0.904829
vt 0.196509 0.785580
vt 0.279586 0.819329
vt 0.921806 0.871127
vt 0.196609 0.711043
vt 0.252948 0.899615
vt 0.279523 0.824319
vt 0.916453 0.871089
vt 0.196651 0.706059
vt 0.253051 0.824323
vt 0.254805 0.894664
vt 0.279483 0.828559
vt 0.912155 0.872704
vt 0.253079 0.828795
vt 0.257996 0.891154
vt 0.192737 0.781313
vt 0.192109 0.711005
vt 0.257445 0.819304
vt 0.190318 0.711663
vt 0.259231 0.818634
vt 0.190197 0.784932
vt 0.273250 0.818667
vt 0.192143 0.785544
vt 0.275207 0.819270
vt 0.262379 0.820804
vt 0.264932 0.821810
vt 0.267660 0.821796
vt 0.257581 0.828745
vt 0.260060 0.828703
vt 0.262543 0.828665
vt 0.265030 0.828632
vt 0.267520 0.828604
vt 0.272495 0.828566
vt 0.275235 0.828555
vt 0.275309 0.824278
vt 0.192152 0.706021
vt 0.257553 0.824293
vt 0.260002 0.824258
vt 0.262460 0.824233
vt 0.264930 0.824219
vt 0.267401 0.824217
vt 0.272725 0.824250
vt 0.270579 0.820739
vt 0.270772 0.824233
vt 0.270456 0.828583
vt 0.921344 0.891499
vt 0.271911 0.906827
vt 0.918285 0.891445
vt 0.273123 0.903992
vt 0.915469 0.890247
vt 0.273143 0.900906
vt 0.913326 0.888062
vt 0.271982 0.898053
vt 0.912172 0.885223
vt 0.269822 0.895868
vt 0.912192 0.882156
vt 0.266991 0.894677
vt 0.913377 0.879316
vt 0.263927 0.894653
vt 0.917644 0.894719
vt 0.921971 0.894761
vt 0.913634 0.893032
vt 0.910565 0.889941
vt 0.908901 0.885910
vt 0.908898 0.881542
vt 0.910567 0.877503
vt 0.276008 0.904578
vt 0.274349 0.908478
vt 0.276039 0.900345
vt 0.274423 0.896441
vt 0.271464 0.893436
vt 0.267577 0.891822
vt 0.263379 0.891782
vt 0.279454 0.863207
vt 0.922473 0.896948
vt 0.279442 0.858220
vt 0.917255 0.896948
vt 0.279436 0.853231
vt 0.912425 0.894945
vt 0.279434 0.848241
vt 0.908716 0.891251
vt 0.279436 0.843253
vt 0.906689 0.886417
vt 0.279442 0.838266
vt 0.906654 0.881168
vt 0.279457 0.833281
vt 0.908630 0.876293
vt 0.253106 0.858705
vt 0.278722 0.905064
vt 0.253091 0.863691
vt 0.276670 0.909978
vt 0.253113 0.853717
vt 0.278722 0.899747
vt 0.253114 0.848728
vt 0.276672 0.894863
vt 0.253113 0.843739
vt 0.272930 0.891126
vt 0.253107 0.838749
vt 0.268052 0.889129
vt 0.253097 0.833759
vt 0.262788 0.889129
vt 0.275170 0.863278
vt 0.272660 0.863340
vt 0.270149 0.863399
vt 0.267636 0.863456
vt 0.265122 0.863510
vt 0.262609 0.863562
vt 0.260097 0.863610
vt 0.257587 0.863656
vt 0.257600 0.858660
vt 0.260107 0.858610
vt 0.262615 0.858559
vt 0.265125 0.858506
vt 0.267634 0.858452
vt 0.270144 0.858396
vt 0.272652 0.858339
vt 0.275159 0.858282
vt 0.257606 0.853667
vt 0.260112 0.853614
vt 0.262619 0.853561
vt 0.265126 0.853508
vt 0.267634 0.853454
vt 0.270141 0.853399
vt 0.272648 0.853344
vt 0.275154 0.853288
vt 0.275173 0.833315
vt 0.272664 0.833361
vt 0.270152 0.833409
vt 0.267639 0.833461
vt 0.265125 0.833514
vt 0.262612 0.833572
vt 0.260102 0.833631
vt 0.257593 0.833692
vt 0.257608 0.848674
vt 0.260114 0.848620
vt 0.262620 0.848566
vt 0.265127 0.848512
vt 0.267634 0.848458
vt 0.270141 0.848404
vt 0.272647 0.848350
vt 0.275152 0.848296
vt 0.257607 0.843682
vt 0.260113 0.843626
vt 0.262620 0.843571
vt 0.265127 0.843516
vt 0.267634 0.843462
vt 0.270142 0.843409
vt 0.272649 0.843356
vt 0.275154 0.843304
vt 0.257602 0.838688
vt 0.260109 0.838631
vt 0.262617 0.838574
vt 0.265127 0.838518
vt 0.267636 0.838464
vt 0.270145 0.838412
vt 0.272654 0.838361
vt 0.275161 0.838311
vt 0.862679 0.922681
vt 0.591790 0.795899
vt 0.591868 0.796779
vt 0.863614 0.922652
vt 0.863351 0.919733
vt 0.588786 0.795542
vt 0.588951 0.796432
vt 0.864301 0.919738
vt 0.190605 0.740391
vt 0.864713 0.917026
vt 0.585614 0.794918
vt 0.190366 0.741301
vt 0.585980 0.795819
vt 0.865670 0.916987
vt 0.192750 0.743648
vt 0.582166 0.794215
vt 0.192381 0.744303
vt 0.582579 0.794997
vt 0.193610 0.748358
vt 0.578431 0.793716
vt 0.637653 0.793744
vt 0.193232 0.748406
vt 0.578469 0.794308
vt 0.637804 0.794317
vt 0.192648 0.753025
vt 0.633925 0.794206
vt 0.192243 0.752492
vt 0.633675 0.794959
vt 0.190468 0.756260
vt 0.896877 0.931587
vt 0.630473 0.794907
vt 0.190153 0.755463
vt 0.630244 0.795772
vt 0.897743 0.931528
vt 0.895479 0.928793
vt 0.627292 0.795541
vt 0.627216 0.796411
vt 0.896378 0.928713
vt 0.894781 0.925825
vt 0.624278 0.795901
vt 0.624270 0.796777
vt 0.895694 0.925785
vt 0.894760 0.922915
vt 0.621323 0.795901
vt 0.621401 0.796779
vt 0.895693 0.922882
vt 0.895399 0.920105
vt 0.618315 0.795530
vt 0.618555 0.796430
vt 0.896369 0.920028
vt 0.097226 0.711918
vt 0.896859 0.917195
vt 0.615136 0.794881
vt 0.096977 0.712799
vt 0.615488 0.795770
vt 0.897795 0.917165
vt 0.099298 0.715147
vt 0.611711 0.794204
vt 0.098935 0.715800
vt 0.612153 0.794970
vt 0.100142 0.719855
vt 0.608061 0.793842
vt 0.099745 0.719889
vt 0.608130 0.794436
vt 0.099197 0.724437
vt 0.604399 0.794169
vt 0.098790 0.723902
vt 0.604131 0.794914
vt 0.097063 0.727659
vt 0.864815 0.931428
vt 0.600960 0.794855
vt 0.096735 0.726880
vt 0.600748 0.795714
vt 0.865670 0.931366
vt 0.863349 0.928437
vt 0.597768 0.795520
vt 0.597624 0.796402
vt 0.864271 0.928434
vt 0.594747 0.795896
vt 0.862689 0.925591
vt 0.594739 0.796773
vt 0.863606 0.925557
vt 0.222069 0.504976
vt 0.222021 0.503277
vt 0.844782 0.925650
vt 0.222043 0.504134
vt 0.219344 0.503288
vt 0.844751 0.922818
vt 0.219182 0.505000
vt 0.219264 0.504151
vt 0.216599 0.503562
vt 0.844043 0.919965
vt 0.216231 0.505286
vt 0.216417 0.504425
vt 0.020184 0.747218
vt 0.213826 0.504089
vt 0.842564 0.917362
vt 0.213073 0.505816
vt 0.213453 0.504933
vt 0.017693 0.750231
vt 0.210151 0.505162
vt 0.209492 0.506632
vt 0.209860 0.505802
vt 0.016722 0.754789
vt 0.205510 0.506745
vt 0.266116 0.506765
vt 0.205672 0.507648
vt 0.265741 0.507601
vt 0.205623 0.507062
vt 0.265939 0.507050
vt 0.017777 0.759319
vt 0.261561 0.505279
vt 0.261924 0.506668
vt 0.261722 0.505887
vt 0.020312 0.762330
vt 0.257898 0.504216
vt 0.874731 0.931534
vt 0.258356 0.505875
vt 0.258124 0.505023
vt 0.255024 0.503621
vt 0.876172 0.928807
vt 0.255191 0.505310
vt 0.255106 0.504464
vt 0.252223 0.503286
vt 0.876836 0.925912
vt 0.252227 0.504993
vt 0.252225 0.504147
vt 0.249553 0.503240
vt 0.876818 0.923083
vt 0.249342 0.504933
vt 0.249450 0.504093
vt 0.246994 0.503435
vt 0.876142 0.920380
vt 0.246408 0.505116
vt 0.246706 0.504272
vt 0.103641 0.679659
vt 0.244055 0.503890
vt 0.874529 0.917566
vt 0.243233 0.505491
vt 0.243655 0.504666
vt 0.101106 0.682556
vt 0.240531 0.504640
vt 0.239668 0.505950
vt 0.240152 0.505208
vt 0.099997 0.687033
vt 0.235842 0.505367
vt 0.235743 0.506328
vt 0.235809 0.505707
vt 0.100809 0.691507
vt 0.231232 0.504812
vt 0.231791 0.506096
vt 0.231478 0.505376
vt 0.103149 0.694614
vt 0.227689 0.504067
vt 0.842641 0.931373
vt 0.228212 0.505638
vt 0.227943 0.504825
vt 0.224657 0.503540
vt 0.844161 0.928419
vt 0.225022 0.505204
vt 0.224835 0.504367
vt 0.265002 0.819471
vt 0.594422 0.730731
vt 0.594464 0.732255
vt 0.594442 0.731501
vt 0.591577 0.732284
vt 0.267864 0.819457
vt 0.591701 0.730750
vt 0.591639 0.731526
vt 0.588635 0.732591
vt 0.270750 0.818778
vt 0.588917 0.731049
vt 0.588777 0.731825
vt 0.585504 0.733145
vt 0.190223 0.783602
vt 0.273441 0.817357
vt 0.586091 0.731595
vt 0.585797 0.732362
vt 0.581974 0.733919
vt 0.192519 0.780585
vt 0.582561 0.732539
vt 0.582288 0.733172
vt 0.578208 0.734807
vt 0.637969 0.734841
vt 0.193547 0.776057
vt 0.578052 0.733886
vt 0.638325 0.733979
vt 0.578163 0.734263
vt 0.638136 0.734323
vt 0.634206 0.734017
vt 0.192456 0.771577
vt 0.633889 0.732717
vt 0.634036 0.733312
vt 0.630688 0.733248
vt 0.190124 0.768529
vt 0.273268 0.880161
vt 0.630336 0.731760
vt 0.630511 0.732491
vt 0.627550 0.732659
vt 0.270481 0.878752
vt 0.627427 0.731148
vt 0.627487 0.731906
vt 0.624598 0.732322
vt 0.267566 0.878083
vt 0.624602 0.730793
vt 0.624600 0.731567
vt 0.621714 0.732260
vt 0.264704 0.878085
vt 0.621889 0.730737
vt 0.621803 0.731507
vt 0.618779 0.732463
vt 0.261935 0.878739
vt 0.619249 0.730942
vt 0.619015 0.731705
vt 0.615597 0.732871
vt 0.190303 0.727850
vt 0.259063 0.880270
vt 0.616263 0.731401
vt 0.615935 0.732123
vt 0.612039 0.733320
vt 0.192542 0.724843
vt 0.612827 0.732048
vt 0.612461 0.732632
vt 0.608126 0.733622
vt 0.193505 0.720363
vt 0.608235 0.732666
vt 0.608191 0.733050
vt 0.604186 0.733437
vt 0.192422 0.715973
vt 0.603690 0.732199
vt 0.603919 0.732767
vt 0.600615 0.732965
vt 0.190096 0.712945
vt 0.259231 0.817343
vt 0.600197 0.731533
vt 0.600401 0.732231
vt 0.597419 0.732499
vt 0.262193 0.818831
vt 0.597128 0.731000
vt 0.597271 0.731748
vt 0.714700 0.744887
vt 0.720082 0.737605
vt 0.725970 0.730731
vt 0.726097 0.828645
vt 0.719976 0.822275
vt 0.702470 0.778815
vt 0.703693 0.769588
vt 0.706124 0.760750
vt 0.709995 0.752454
vt 0.709181 0.807197
vt 0.714314 0.815322
vt 0.702849 0.788738
vt 0.705295 0.798423
vt 0.723317 0.819318
vt 0.724436 0.818718
vt 0.910618 0.008715
vt 0.707302 0.779027
vt 0.709087 0.778907
vt 0.894253 0.036850
vt 0.718398 0.747390
vt 0.719601 0.747826
vt 0.886953 0.008888
vt 0.723665 0.740448
vt 0.724654 0.741127
vt 0.894552 0.004430
vt 0.729432 0.825372
vt 0.729527 0.733833
vt 0.730297 0.824520
vt 0.730297 0.734832
vt 0.903210 0.004432
vt 0.708157 0.770483
vt 0.709828 0.770471
vt 0.886864 0.032436
vt 0.710595 0.762391
vt 0.712133 0.762487
vt 0.882651 0.024931
vt 0.714015 0.754644
vt 0.715403 0.754876
vt 0.882646 0.016341
vt 0.713323 0.804974
vt 0.714879 0.804707
vt 0.914804 0.025373
vt 0.718013 0.812644
vt 0.719353 0.812222
vt 0.914804 0.016326
vt 0.707948 0.787992
vt 0.709846 0.787825
vt 0.902883 0.037018
vt 0.709917 0.796823
vt 0.711657 0.796641
vt 0.910464 0.032911
vt 0.889115 0.011025
vt 0.895339 0.007366
vt 0.902416 0.007367
vt 0.908459 0.010857
vt 0.895093 0.033928
vt 0.889044 0.030314
vt 0.885596 0.024160
vt 0.885588 0.017125
vt 0.911891 0.024568
vt 0.911881 0.017100
vt 0.902164 0.034065
vt 0.908354 0.030724
vt 0.754494 0.907126
vt 0.744835 0.904186
vt 0.814537 0.127976
vt 0.752062 0.897144
vt 0.823437 0.136422
vt 0.747400 0.914437
vt 0.816564 0.114489
vt 0.761854 0.899912
vt 0.836308 0.132985
vt 0.764432 0.909707
vt 0.840311 0.119466
vt 0.757140 0.916970
vt 0.829216 0.109288
vt 0.761809 0.914235
vt 0.836568 0.112522
vt 0.751871 0.916983
vt 0.821971 0.110216
vt 0.757340 0.897235
vt 0.830215 0.136422
vt 0.764432 0.904485
vt 0.840049 0.126846
vt 0.744820 0.909834
vt 0.814013 0.120845
vt 0.747477 0.899628
vt 0.818042 0.133228
vt 0.832838 0.116490
vt 0.891694 0.013580
vt 0.891102 0.012994
vt 0.896083 0.010102
vt 0.828516 0.114137
vt 0.896291 0.010865
vt 0.901693 0.010063
vt 0.823848 0.114440
vt 0.901478 0.010866
vt 0.891081 0.028335
vt 0.833178 0.129599
vt 0.891648 0.027785
vt 0.888306 0.023452
vt 0.835523 0.125398
vt 0.889114 0.023241
vt 0.888335 0.017860
vt 0.835464 0.120578
vt 0.889101 0.018065
vt 0.906428 0.012843
vt 0.820220 0.117068
vt 0.905859 0.013396
vt 0.829141 0.132088
vt 0.896087 0.030437
vt 0.895855 0.031215
vt 0.909166 0.023862
vt 0.818518 0.126567
vt 0.908382 0.023649
vt 0.818432 0.121463
vt 0.908348 0.018006
vt 0.909161 0.017797
vt 0.824567 0.132373
vt 0.901317 0.030545
vt 0.901511 0.031355
vt 0.820687 0.130427
vt 0.905828 0.028127
vt 0.906377 0.028692
vt 0.773148 0.154364
vt 0.769927 0.154366
vt 0.766711 0.154515
vt 0.763516 0.154759
vt 0.760344 0.155061
vt 0.757190 0.155387
vt 0.754039 0.155712
vt 0.750875 0.156035
vt 0.747644 0.156382
vt 0.798535 0.156423
vt 0.795353 0.156106
vt 0.792178 0.155814
vt 0.789019 0.155532
vt 0.785872 0.155245
vt 0.782722 0.154956
vt 0.779553 0.154689
vt 0.776360 0.154479
vt 0.773489 0.310108
vt 0.772975 0.190869
vt 0.770462 0.190891
vt 0.767932 0.190769
vt 0.765355 0.190519
vt 0.762696 0.190142
vt 0.759918 0.189662
vt 0.756983 0.189153
vt 0.753878 0.188739
vt 0.750617 0.188553
vt 0.796078 0.188463
vt 0.792786 0.188361
vt 0.789549 0.188567
vt 0.786445 0.189008
vt 0.783513 0.189543
vt 0.780737 0.190049
vt 0.778080 0.190451
vt 0.775504 0.190724
vt 0.773052 0.217540
vt 0.770615 0.217560
vt 0.768161 0.217431
vt 0.765660 0.217166
vt 0.763077 0.216763
vt 0.760374 0.216245
vt 0.757508 0.215684
vt 0.754456 0.215201
vt 0.751224 0.214935
vt 0.795684 0.214770
vt 0.792397 0.214750
vt 0.789193 0.215036
vt 0.786144 0.215545
vt 0.783283 0.216133
vt 0.780583 0.216675
vt 0.778004 0.217101
vt 0.775505 0.217389
vt 0.773154 0.243735
vt 0.770742 0.243754
vt 0.768313 0.243623
vt 0.765839 0.243355
vt 0.763286 0.242948
vt 0.760614 0.242425
vt 0.757782 0.241856
vt 0.754766 0.241363
vt 0.751571 0.241083
vt 0.795542 0.240905
vt 0.792287 0.240903
vt 0.789116 0.241204
vt 0.786102 0.241723
vt 0.783274 0.242317
vt 0.780605 0.242864
vt 0.778054 0.243293
vt 0.775581 0.243583
vt 0.773261 0.269872
vt 0.770824 0.269888
vt 0.768375 0.269737
vt 0.765887 0.269439
vt 0.763331 0.268993
vt 0.760668 0.268425
vt 0.757856 0.267807
vt 0.754870 0.267262
vt 0.751718 0.266928
vt 0.795593 0.266746
vt 0.792374 0.266796
vt 0.789233 0.267145
vt 0.786241 0.267712
vt 0.783426 0.268350
vt 0.780760 0.268935
vt 0.778200 0.269397
vt 0.775711 0.269709
vt 0.770329 0.310052
vt 0.767173 0.309961
vt 0.764024 0.309776
vt 0.760891 0.309501
vt 0.757781 0.309149
vt 0.754693 0.308736
vt 0.751627 0.308280
vt 0.748578 0.307795
vt 0.798535 0.307845
vt 0.795402 0.308284
vt 0.792318 0.308693
vt 0.789222 0.309081
vt 0.786109 0.309431
vt 0.782977 0.309724
vt 0.779825 0.309942
vt 0.776659 0.310072
vt 0.754683 0.640370
vt 0.805449 0.640455
vt 0.753469 0.835968
vt 0.805449 0.836279
vt 0.802267 0.640537
vt 0.802195 0.836294
vt 0.799089 0.640675
vt 0.798943 0.836373
vt 0.795915 0.640855
vt 0.795693 0.836500
vt 0.792743 0.641054
vt 0.792445 0.836653
vt 0.789571 0.641245
vt 0.789197 0.836806
vt 0.786399 0.641403
vt 0.785948 0.836933
vt 0.783225 0.641506
vt 0.782697 0.837011
vt 0.780051 0.641538
vt 0.779446 0.837026
vt 0.776878 0.641495
vt 0.776195 0.836972
vt 0.773706 0.641382
vt 0.772946 0.836855
vt 0.770536 0.641213
vt 0.769700 0.836690
vt 0.767368 0.641012
vt 0.766455 0.836498
vt 0.764201 0.640802
vt 0.763211 0.836306
vt 0.761032 0.640612
vt 0.759965 0.836140
vt 0.757860 0.640462
vt 0.756718 0.836022
vt 0.756178 0.595789
vt 0.803990 0.595761
vt 0.800943 0.595883
vt 0.797922 0.595975
vt 0.794919 0.596044
vt 0.791932 0.596096
vt 0.788959 0.596135
vt 0.785994 0.596165
vt 0.783033 0.596184
vt 0.780073 0.596192
vt 0.777112 0.596190
vt 0.774151 0.596179
vt 0.771187 0.596158
vt 0.768215 0.596124
vt 0.765231 0.596073
vt 0.762232 0.596003
vt 0.759217 0.595908
vt 0.757806 0.565895
vt 0.802260 0.565777
vt 0.799364 0.565930
vt 0.796509 0.565989
vt 0.793690 0.565969
vt 0.790911 0.565906
vt 0.788164 0.565830
vt 0.785438 0.565761
vt 0.782724 0.565706
vt 0.780017 0.565660
vt 0.777310 0.565713
vt 0.774597 0.565775
vt 0.771874 0.565862
vt 0.769131 0.565955
vt 0.766356 0.566031
vt 0.763543 0.566063
vt 0.760693 0.566028
vt 0.759224 0.542989
vt 0.800677 0.542814
vt 0.797928 0.542962
vt 0.795227 0.542991
vt 0.792576 0.542927
vt 0.789981 0.542817
vt 0.787433 0.542702
vt 0.784916 0.542605
vt 0.782419 0.542533
vt 0.779934 0.542471
vt 0.777448 0.542542
vt 0.774953 0.542632
vt 0.772440 0.542759
vt 0.769896 0.542901
vt 0.767306 0.543027
vt 0.764661 0.543106
vt 0.761966 0.543106
vt 0.760279 0.522800
vt 0.799419 0.522575
vt 0.796779 0.522691
vt 0.794186 0.522706
vt 0.791655 0.522641
vt 0.789195 0.522541
vt 0.786798 0.522443
vt 0.784449 0.522364
vt 0.782130 0.522304
vt 0.779830 0.522241
vt 0.777530 0.522318
vt 0.775215 0.522406
vt 0.772870 0.522528
vt 0.770476 0.522661
vt 0.768021 0.522780
vt 0.765497 0.522859
vt 0.762910 0.522877
vt 0.760681 0.506916
vt 0.798807 0.506629
vt 0.796244 0.506722
vt 0.793718 0.506782
vt 0.791249 0.506775
vt 0.788845 0.506741
vt 0.786501 0.506699
vt 0.784208 0.506658
vt 0.781955 0.506606
vt 0.779723 0.506571
vt 0.777490 0.506636
vt 0.775239 0.506712
vt 0.772951 0.506786
vt 0.770613 0.506865
vt 0.768214 0.506934
vt 0.765751 0.506979
vt 0.763235 0.506967
vt 0.760957 0.493277
vt 0.798303 0.492945
vt 0.795801 0.493045
vt 0.793337 0.493121
vt 0.790923 0.493157
vt 0.788570 0.493157
vt 0.786271 0.493144
vt 0.784020 0.493127
vt 0.781806 0.493100
vt 0.779610 0.493080
vt 0.777415 0.493137
vt 0.775201 0.493198
vt 0.772954 0.493249
vt 0.770660 0.493302
vt 0.768311 0.493345
vt 0.765904 0.493358
vt 0.763450 0.493331
vt 0.761298 0.480095
vt 0.797710 0.479708
vt 0.795265 0.479812
vt 0.792856 0.479908
vt 0.790495 0.479972
vt 0.788193 0.480003
vt 0.785947 0.480021
vt 0.783750 0.480042
vt 0.781599 0.480052
vt 0.779477 0.480072
vt 0.777356 0.480095
vt 0.775206 0.480115
vt 0.773015 0.480126
vt 0.770776 0.480162
vt 0.768480 0.480184
vt 0.766128 0.480178
vt 0.763730 0.480141
vt 0.761394 0.465554
vt 0.797219 0.465048
vt 0.794850 0.465115
vt 0.792492 0.465219
vt 0.790176 0.465313
vt 0.787915 0.465387
vt 0.785708 0.465452
vt 0.783551 0.465530
vt 0.781424 0.465601
vt 0.779311 0.465684
vt 0.777199 0.465642
vt 0.775066 0.465615
vt 0.772904 0.465594
vt 0.770694 0.465577
vt 0.768430 0.465563
vt 0.766114 0.465543
vt 0.763759 0.465548
vt 0.761202 0.448533
vt 0.796954 0.448081
vt 0.794624 0.448105
vt 0.792324 0.448162
vt 0.790051 0.448244
vt 0.787809 0.448351
vt 0.785598 0.448476
vt 0.783411 0.448613
vt 0.781241 0.448754
vt 0.779081 0.448891
vt 0.776921 0.448791
vt 0.774752 0.448702
vt 0.772565 0.448625
vt 0.770354 0.448559
vt 0.768112 0.448508
vt 0.765839 0.448483
vt 0.763536 0.448494
vt 0.760380 0.399291
vt 0.796729 0.398896
vt 0.794475 0.399031
vt 0.792218 0.399474
vt 0.789977 0.399490
vt 0.787728 0.399498
vt 0.785463 0.399503
vt 0.783182 0.399512
vt 0.780881 0.399224
vt 0.778561 0.399154
vt 0.776244 0.399314
vt 0.773949 0.399608
vt 0.771667 0.399647
vt 0.769401 0.399691
vt 0.767151 0.399734
vt 0.764908 0.399774
vt 0.762644 0.399455
vt 0.760390 0.377365
vt 0.796166 0.376990
vt 0.793852 0.377053
vt 0.791583 0.377142
vt 0.789379 0.377250
vt 0.787222 0.377370
vt 0.785067 0.377489
vt 0.782867 0.377595
vt 0.780602 0.377674
vt 0.778293 0.377718
vt 0.775982 0.377722
vt 0.773715 0.377690
vt 0.771509 0.377631
vt 0.769350 0.377557
vt 0.767189 0.377482
vt 0.764981 0.377420
vt 0.762708 0.377379
vt 0.711166 0.861850
vt 0.712414 0.865275
vt 0.714511 0.868136
vt 0.717268 0.870187
vt 0.720502 0.871295
vt 0.724016 0.871321
vt 0.727481 0.870127
vt 0.730410 0.867781
vt 0.732423 0.864680
vt 0.733447 0.861230
vt 0.733506 0.857600
vt 0.732532 0.854008
vt 0.730585 0.850878
vt 0.727937 0.848584
vt 0.724982 0.847279
vt 0.722033 0.846879
vt 0.719213 0.847244
vt 0.716643 0.848303
vt 0.714448 0.849986
vt 0.712688 0.852246
vt 0.711449 0.855041
vt 0.710878 0.858300
vt 0.162704 0.737926
vt 0.702470 0.857304
vt 0.164967 0.732650
vt 0.703610 0.851484
vt 0.167266 0.728017
vt 0.705805 0.846792
vt 0.169644 0.723789
vt 0.708738 0.843085
vt 0.172218 0.719727
vt 0.712321 0.840240
vt 0.175093 0.715733
vt 0.716472 0.838332
vt 0.178582 0.837014
vt 0.178582 0.711648
vt 0.721277 0.837505
vt 0.174705 0.832199
vt 0.726763 0.838144
vt 0.171077 0.826772
vt 0.732258 0.840606
vt 0.167865 0.821164
vt 0.736848 0.844682
vt 0.165034 0.815399
vt 0.740140 0.850030
vt 0.162565 0.809483
vt 0.741875 0.856249
vt 0.160646 0.803431
vt 0.741875 0.862646
vt 0.159045 0.797092
vt 0.740127 0.868802
vt 0.157767 0.790237
vt 0.736518 0.874377
vt 0.156944 0.783023
vt 0.731259 0.878546
vt 0.156672 0.775870
vt 0.725229 0.880601
vt 0.156614 0.769132
vt 0.719242 0.880536
vt 0.157035 0.762630
vt 0.713586 0.878541
vt 0.157904 0.756167
vt 0.708661 0.874776
vt 0.159159 0.749904
vt 0.705021 0.869696
vt 0.160769 0.743800
vt 0.702902 0.863701
vt 0.101922 0.831329
vt 0.156071 0.735366
vt 0.101259 0.824831
vt 0.158331 0.729567
vt 0.099383 0.819445
vt 0.160617 0.724457
vt 0.096634 0.815026
vt 0.162998 0.719783
vt 0.093105 0.811431
vt 0.165594 0.715277
vt 0.088853 0.808735
vt 0.168486 0.710808
vt 0.076588 0.806662
vt 0.083749 0.807065
vt 0.171613 0.842625
vt 0.171834 0.706021
vt 0.070689 0.808148
vt 0.167901 0.837027
vt 0.064995 0.811540
vt 0.164271 0.831001
vt 0.060423 0.816513
vt 0.161046 0.824829
vt 0.057327 0.822693
vt 0.158205 0.818500
vt 0.055932 0.829668
vt 0.155721 0.812015
vt 0.056382 0.836697
vt 0.153452 0.805517
vt 0.058648 0.843356
vt 0.151502 0.798726
vt 0.062840 0.849329
vt 0.149874 0.791390
vt 0.068716 0.853786
vt 0.148688 0.783677
vt 0.075360 0.856014
vt 0.148059 0.776027
vt 0.081947 0.856014
vt 0.148315 0.768801
vt 0.088221 0.853984
vt 0.149057 0.761844
vt 0.093800 0.850073
vt 0.150257 0.754929
vt 0.098104 0.844720
vt 0.151848 0.748223
vt 0.100880 0.838307
vt 0.153804 0.741680
vt 0.090845 0.830978
vt 0.117995 0.695459
vt 0.090585 0.827020
vt 0.117995 0.691504
vt 0.089723 0.823890
vt 0.117995 0.688263
vt 0.088404 0.821306
vt 0.117995 0.685366
vt 0.086643 0.819189
vt 0.117995 0.682616
vt 0.084523 0.817654
vt 0.117995 0.679999
vt 0.077663 0.816457
vt 0.081985 0.816753
vt 0.117995 0.757901
vt 0.117995 0.677308
vt 0.074581 0.817314
vt 0.117995 0.754706
vt 0.071558 0.819415
vt 0.117995 0.751031
vt 0.069265 0.822391
vt 0.117995 0.747282
vt 0.067725 0.826111
vt 0.117995 0.743269
vt 0.067029 0.830430
vt 0.117995 0.738913
vt 0.067239 0.834622
vt 0.117995 0.734733
vt 0.068313 0.838566
vt 0.117995 0.730657
vt 0.070434 0.842250
vt 0.117995 0.726414
vt 0.073520 0.844991
vt 0.117995 0.722291
vt 0.076982 0.846294
vt 0.117995 0.718594
vt 0.080299 0.846250
vt 0.117995 0.715278
vt 0.083532 0.844982
vt 0.117995 0.711808
vt 0.086512 0.842480
vt 0.117995 0.707923
vt 0.088730 0.839218
vt 0.117995 0.703986
vt 0.090201 0.835346
vt 0.117995 0.699858
vt 0.067457 0.815507
vt 0.086521 0.849587
vt 0.063740 0.819450
vt 0.091202 0.846395
vt 0.061219 0.824356
vt 0.094686 0.842161
vt 0.096929 0.837077
vt 0.060050 0.830084
vt 0.097779 0.831280
vt 0.060412 0.835660
vt 0.097179 0.826005
vt 0.062223 0.840892
vt 0.095640 0.821811
vt 0.093391 0.818319
vt 0.065693 0.845758
vt 0.090477 0.815424
vt 0.070626 0.849408
vt 0.087034 0.813267
vt 0.077226 0.811535
vt 0.082967 0.811913
vt 0.076148 0.851190
vt 0.072309 0.812704
vt 0.081431 0.851184
vt 0.760767 0.137340
vt 0.754525 0.070398
vt 0.754611 0.063901
vt 0.759363 0.130945
vt 0.758324 0.124631
vt 0.754961 0.057056
vt 0.757450 0.118172
vt 0.755407 0.050495
vt 0.755944 0.043904
vt 0.756538 0.111370
vt 0.756513 0.037027
vt 0.756002 0.104832
vt 0.757352 0.030838
vt 0.755424 0.098279
vt 0.758046 0.025620
vt 0.758767 0.020784
vt 0.754860 0.091156
vt 0.759616 0.016043
vt 0.754486 0.083813
vt 0.760656 0.011459
vt 0.761881 0.006836
vt 0.762360 0.142739
vt 0.754359 0.076821
vt 0.721835 0.858545
vt 0.061820 0.750203
vt 0.757041 0.004765
vt 0.757481 0.145112
vt 0.061026 0.749230
vt 0.061202 0.749081
vt 0.756093 0.004430
vt 0.756552 0.145504
vt 0.088844 0.794057
vt 0.748633 0.076898
vt 0.089451 0.795130
vt 0.747679 0.076887
vt 0.755433 0.138915
vt 0.056927 0.755008
vt 0.055970 0.754218
vt 0.754492 0.139212
vt 0.748606 0.070316
vt 0.094436 0.789711
vt 0.095343 0.790547
vt 0.747644 0.070263
vt 0.748920 0.063668
vt 0.098478 0.783804
vt 0.099594 0.784332
vt 0.747964 0.063580
vt 0.753971 0.132058
vt 0.053224 0.761458
vt 0.052090 0.760959
vt 0.753029 0.132271
vt 0.752997 0.125458
vt 0.051603 0.768535
vt 0.050377 0.768380
vt 0.752071 0.125618
vt 0.749423 0.056713
vt 0.100699 0.776536
vt 0.101922 0.776704
vt 0.748480 0.056607
vt 0.752247 0.118819
vt 0.052110 0.775967
vt 0.050897 0.776173
vt 0.751340 0.118948
vt 0.750011 0.050056
vt 0.100702 0.769147
vt 0.101922 0.768950
vt 0.749080 0.049941
vt 0.750690 0.043375
vt 0.098562 0.761945
vt 0.099676 0.761401
vt 0.749770 0.043255
vt 0.751555 0.111910
vt 0.054881 0.783386
vt 0.053788 0.783941
vt 0.750660 0.112029
vt 0.751460 0.036449
vt 0.094261 0.755303
vt 0.095173 0.754456
vt 0.750546 0.036334
vt 0.750802 0.105337
vt 0.059451 0.789469
vt 0.058569 0.790325
vt 0.749902 0.105449
vt 0.752093 0.030190
vt 0.088857 0.750564
vt 0.089512 0.749498
vt 0.751176 0.030080
vt 0.750091 0.098698
vt 0.065556 0.793961
vt 0.064971 0.795068
vt 0.749164 0.098789
vt 0.752682 0.024865
vt 0.083441 0.747835
vt 0.083826 0.746640
vt 0.751756 0.024751
vt 0.753335 0.019872
vt 0.077971 0.746536
vt 0.078082 0.745284
vt 0.752389 0.019739
vt 0.749416 0.091457
vt 0.073250 0.796585
vt 0.073062 0.797803
vt 0.748486 0.091517
vt 0.754159 0.014884
vt 0.072444 0.746499
vt 0.072283 0.745254
vt 0.753199 0.014710
vt 0.748908 0.084004
vt 0.081501 0.796587
vt 0.081725 0.797796
vt 0.747968 0.084029
vt 0.755293 0.009913
vt 0.067124 0.747681
vt 0.066715 0.746501
vt 0.754332 0.009669
vt 0.112663 0.695459
vt 0.774130 0.863367
vt 0.112663 0.691504
vt 0.775439 0.859638
vt 0.112663 0.688263
vt 0.777116 0.856870
vt 0.112663 0.685366
vt 0.779093 0.854758
vt 0.112663 0.682616
vt 0.781372 0.853225
vt 0.112663 0.680000
vt 0.783839 0.852367
vt 0.112663 0.757901
vt 0.112663 0.677308
vt 0.786526 0.852267
vt 0.789074 0.852371
vt 0.112663 0.754706
vt 0.791972 0.853763
vt 0.112663 0.751031
vt 0.794563 0.856409
vt 0.112663 0.747282
vt 0.796248 0.859790
vt 0.112663 0.743269
vt 0.797029 0.863758
vt 0.112663 0.738913
vt 0.796844 0.868146
vt 0.112663 0.734733
vt 0.795765 0.872225
vt 0.112663 0.730657
vt 0.793880 0.875887
vt 0.112663 0.726414
vt 0.791004 0.879064
vt 0.112663 0.722291
vt 0.787370 0.881093
vt 0.112663 0.718594
vt 0.783673 0.881595
vt 0.112663 0.715278
vt 0.780435 0.880777
vt 0.112663 0.711808
vt 0.777595 0.878757
vt 0.112663 0.707923
vt 0.775338 0.875582
vt 0.112663 0.703986
vt 0.774027 0.871855
vt 0.112663 0.699858
vt 0.773602 0.867737
vt 0.767672 0.861873
vt 0.799807 0.041418
vt 0.766185 0.861500
vt 0.801272 0.041601
vt 0.800407 0.035762
vt 0.769732 0.856815
vt 0.768377 0.856128
vt 0.801899 0.035917
vt 0.800992 0.030989
vt 0.772418 0.853124
vt 0.771248 0.852189
vt 0.802457 0.031106
vt 0.801568 0.026582
vt 0.775587 0.850369
vt 0.774656 0.849228
vt 0.803017 0.026679
vt 0.802181 0.022247
vt 0.779203 0.848431
vt 0.778573 0.847126
vt 0.803618 0.022338
vt 0.802851 0.017977
vt 0.783079 0.847393
vt 0.782804 0.845986
vt 0.804282 0.018085
vt 0.803713 0.013387
vt 0.803804 0.135825
vt 0.787298 0.847311
vt 0.790572 0.847543
vt 0.787423 0.845885
vt 0.790951 0.846150
vt 0.805153 0.135347
vt 0.805153 0.013584
vt 0.802776 0.130561
vt 0.795173 0.849565
vt 0.795984 0.848361
vt 0.804133 0.130181
vt 0.801848 0.124753
vt 0.799424 0.853212
vt 0.800612 0.852320
vt 0.803223 0.124430
vt 0.801070 0.119107
vt 0.802359 0.857850
vt 0.802465 0.118821
vt 0.803784 0.857311
vt 0.800376 0.113316
vt 0.803904 0.863299
vt 0.801789 0.113065
vt 0.805449 0.863131
vt 0.799748 0.107155
vt 0.803896 0.869337
vt 0.801175 0.106952
vt 0.805449 0.869556
vt 0.799256 0.101246
vt 0.802354 0.874899
vt 0.800683 0.101096
vt 0.803813 0.875477
vt 0.798887 0.095407
vt 0.799421 0.879787
vt 0.800288 0.095318
vt 0.800674 0.880691
vt 0.798588 0.089111
vt 0.794904 0.883888
vt 0.795815 0.885085
vt 0.799990 0.089090
vt 0.798373 0.082619
vt 0.789246 0.886371
vt 0.789678 0.887770
vt 0.799773 0.082667
vt 0.798264 0.076485
vt 0.783511 0.886845
vt 0.783394 0.888285
vt 0.799662 0.076600
vt 0.798245 0.070900
vt 0.778444 0.885636
vt 0.777830 0.886941
vt 0.799645 0.071065
vt 0.798311 0.065251
vt 0.773911 0.882885
vt 0.772889 0.883934
vt 0.799717 0.065450
vt 0.798491 0.059267
vt 0.770138 0.878600
vt 0.768815 0.879309
vt 0.799912 0.059488
vt 0.798808 0.053479
vt 0.767803 0.873521
vt 0.766315 0.873873
vt 0.800247 0.053700
vt 0.799248 0.047612
vt 0.766940 0.867869
vt 0.765400 0.867860
vt 0.800700 0.047814
vt 0.159731 0.736719
vt 0.158123 0.736103
vt 0.160433 0.730376
vt 0.162007 0.731105
vt 0.162742 0.725379
vt 0.164304 0.726210
vt 0.165125 0.720839
vt 0.166672 0.721768
vt 0.167706 0.716489
vt 0.169236 0.717515
vt 0.170584 0.712189
vt 0.172102 0.713316
vt 0.173967 0.841268
vt 0.174083 0.707448
vt 0.175629 0.839982
vt 0.175687 0.708735
vt 0.170080 0.835710
vt 0.171652 0.834600
vt 0.166443 0.829872
vt 0.168030 0.828887
vt 0.163216 0.823865
vt 0.164823 0.823005
vt 0.160357 0.817665
vt 0.161981 0.816928
vt 0.157826 0.811257
vt 0.159486 0.810645
vt 0.155641 0.804788
vt 0.157357 0.804293
vt 0.153783 0.798077
vt 0.155568 0.797689
vt 0.152256 0.790861
vt 0.154106 0.790589
vt 0.151186 0.783320
vt 0.153097 0.783170
vt 0.150698 0.775944
vt 0.152632 0.775908
vt 0.150833 0.769009
vt 0.152740 0.769080
vt 0.151468 0.762257
vt 0.153321 0.762439
vt 0.152564 0.755487
vt 0.154360 0.755781
vt 0.154060 0.748880
vt 0.155793 0.749280
vt 0.155929 0.742400
vt 0.157593 0.742903
vt 0.061463 0.758167
vt 0.584116 0.813944
vt 0.091714 0.763315
vt 0.626962 0.821304
vt 0.068793 0.752946
vt 0.594687 0.806841
vt 0.065062 0.754835
vt 0.589433 0.809368
vt 0.079317 0.788513
vt 0.608958 0.857650
vt 0.084667 0.786668
vt 0.616662 0.854861
vt 0.072660 0.752067
vt 0.600040 0.805640
vt 0.073307 0.788485
vt 0.600203 0.857650
vt 0.076681 0.752095
vt 0.605608 0.805638
vt 0.080657 0.753035
vt 0.611137 0.806868
vt 0.067733 0.786555
vt 0.592147 0.854798
vt 0.084600 0.755008
vt 0.616710 0.809515
vt 0.063326 0.783289
vt 0.585861 0.850049
vt 0.088556 0.758458
vt 0.622429 0.814332
vt 0.060000 0.778868
vt 0.581138 0.843666
vt 0.093288 0.768569
vt 0.629126 0.828853
vt 0.057971 0.773458
vt 0.578365 0.835819
vt 0.093297 0.773953
vt 0.629072 0.836565
vt 0.057589 0.768043
vt 0.578052 0.828015
vt 0.058755 0.762882
vt 0.579955 0.820628
vt 0.091684 0.779247
vt 0.626693 0.844166
vt 0.088743 0.783530
vt 0.622454 0.850295
vt 0.320192 0.845841
vt 0.294717 0.841427
vt 0.314138 0.850206
vt 0.317189 0.848634
vt 0.304917 0.820153
vt 0.300466 0.821709
vt 0.310941 0.850957
vt 0.309978 0.820156
vt 0.307570 0.850957
vt 0.304223 0.850188
vt 0.314695 0.821766
vt 0.300884 0.848543
vt 0.318435 0.824504
vt 0.297470 0.845606
vt 0.321304 0.828252
vt 0.293353 0.836951
vt 0.323092 0.832888
vt 0.293327 0.832385
vt 0.323452 0.837484
vt 0.322487 0.841842
vt 0.294680 0.827885
vt 0.297118 0.824308
vt 0.308394 0.836659
vt 0.315118 0.852863
vt 0.598191 0.816530
vt 0.318820 0.850955
vt 0.595165 0.818030
vt 0.304440 0.817343
vt 0.606849 0.847112
vt 0.299106 0.819208
vt 0.611259 0.845717
vt 0.311267 0.853767
vt 0.601334 0.815870
vt 0.310445 0.817345
vt 0.601850 0.846921
vt 0.307251 0.853767
vt 0.604614 0.815974
vt 0.303275 0.852854
vt 0.607896 0.816855
vt 0.316009 0.819245
vt 0.597168 0.845140
vt 0.299322 0.850906
vt 0.611197 0.818626
vt 0.320421 0.822475
vt 0.593428 0.842237
vt 0.295340 0.847481
vt 0.614520 0.821678
vt 0.323781 0.826865
vt 0.590610 0.838351
vt 0.290545 0.837377
vt 0.618482 0.830488
vt 0.292146 0.842634
vt 0.617188 0.825914
vt 0.325862 0.832260
vt 0.588951 0.833645
vt 0.290514 0.831979
vt 0.618450 0.835127
vt 0.326286 0.837682
vt 0.588745 0.828979
vt 0.325138 0.842869
vt 0.589854 0.824606
vt 0.292114 0.826661
vt 0.617075 0.839614
vt 0.295045 0.822359
vt 0.614628 0.843178
vt 0.322417 0.847609
vt 0.592193 0.820719
vt 0.652198 0.806852
vt 0.688580 0.806852
vt 0.686565 0.806748
vt 0.684548 0.806656
vt 0.682529 0.806576
vt 0.680509 0.806508
vt 0.678488 0.806453
vt 0.676466 0.806410
vt 0.674443 0.806379
vt 0.672421 0.806360
vt 0.670398 0.806354
vt 0.668374 0.806360
vt 0.666351 0.806379
vt 0.664329 0.806410
vt 0.662307 0.806453
vt 0.660285 0.806509
vt 0.658265 0.806576
vt 0.656246 0.806656
vt 0.654229 0.806748
vt 0.687567 0.737972
vt 0.685140 0.737767
vt 0.682692 0.737633
vt 0.680239 0.737508
vt 0.677785 0.737418
vt 0.675329 0.737356
vt 0.672871 0.737318
vt 0.670413 0.737303
vt 0.667954 0.737311
vt 0.665495 0.737341
vt 0.663037 0.737396
vt 0.660579 0.737480
vt 0.658127 0.737597
vt 0.689962 0.738221
vt 0.655683 0.737752
vt 0.653258 0.737951
vt 0.648516 0.738479
vt 0.692300 0.738511
vt 0.650864 0.738196
vt 0.866269 0.011919
vt 0.857424 0.009574
vt 0.864068 0.011054
vt 0.861976 0.010419
vt 0.859823 0.009940
vt 0.855914 0.083534
vt 0.857847 0.004430
vt 0.867790 0.080787
vt 0.868458 0.007574
vt 0.859018 0.083588
vt 0.860796 0.004541
vt 0.861989 0.083194
vt 0.863502 0.005111
vt 0.864895 0.082279
vt 0.866029 0.006127
vt 0.864793 0.015973
vt 0.856709 0.014006
vt 0.862724 0.015338
vt 0.860815 0.014847
vt 0.858877 0.014424
vt 0.863680 0.019853
vt 0.855928 0.018159
vt 0.861676 0.019350
vt 0.859849 0.018946
vt 0.858002 0.018571
vt 0.862801 0.023656
vt 0.855173 0.022210
vt 0.860822 0.023248
vt 0.859028 0.022913
vt 0.857215 0.022588
vt 0.862099 0.027433
vt 0.854495 0.026237
vt 0.860125 0.027106
vt 0.858338 0.026835
vt 0.856532 0.026564
vt 0.861559 0.031213
vt 0.853920 0.030276
vt 0.859575 0.030965
vt 0.857781 0.030757
vt 0.855968 0.030545
vt 0.861166 0.035028
vt 0.853463 0.034347
vt 0.859164 0.034851
vt 0.857356 0.034705
vt 0.855529 0.034552
vt 0.860911 0.038882
vt 0.853133 0.038456
vt 0.858888 0.038774
vt 0.857063 0.038689
vt 0.855219 0.038596
vt 0.860787 0.042775
vt 0.852934 0.042607
vt 0.858744 0.042736
vt 0.856902 0.042711
vt 0.855041 0.042679
vt 0.860796 0.046706
vt 0.852868 0.046798
vt 0.858734 0.046736
vt 0.856874 0.046773
vt 0.854996 0.046802
vt 0.860939 0.050674
vt 0.852938 0.051029
vt 0.858857 0.050774
vt 0.856981 0.050873
vt 0.855085 0.050964
vt 0.861220 0.054677
vt 0.853142 0.055299
vt 0.859119 0.054850
vt 0.857224 0.055013
vt 0.855310 0.055166
vt 0.861646 0.058718
vt 0.853477 0.059613
vt 0.859522 0.058969
vt 0.857606 0.059198
vt 0.855669 0.059414
vt 0.862233 0.062808
vt 0.853932 0.063982
vt 0.860077 0.063146
vt 0.858129 0.063445
vt 0.856160 0.063723
vt 0.863011 0.066969
vt 0.854486 0.068439
vt 0.860803 0.067413
vt 0.858800 0.067792
vt 0.856773 0.068132
vt 0.864046 0.071252
vt 0.855096 0.073058
vt 0.861743 0.071849
vt 0.859633 0.072328
vt 0.857494 0.072727
vt 0.865492 0.075768
vt 0.855665 0.077988
vt 0.862997 0.076634
vt 0.860658 0.077261
vt 0.858284 0.077706
vt 0.669761 0.827946
vt 0.673883 0.832710
vt 0.852400 0.009265
vt 0.671765 0.830401
vt 0.666684 0.830722
vt 0.671196 0.835257
vt 0.851838 0.013335
vt 0.668996 0.833059
vt 0.663900 0.833904
vt 0.668804 0.837912
vt 0.851085 0.017396
vt 0.666455 0.835968
vt 0.661535 0.837385
vt 0.666778 0.840725
vt 0.850309 0.021482
vt 0.664280 0.839100
vt 0.659655 0.841079
vt 0.665154 0.843682
vt 0.849590 0.025606
vt 0.662537 0.842408
vt 0.658290 0.844908
vt 0.663948 0.846744
vt 0.848968 0.029776
vt 0.661253 0.845836
vt 0.657450 0.848797
vt 0.663166 0.849860
vt 0.848462 0.033993
vt 0.660441 0.849321
vt 0.657130 0.852676
vt 0.662805 0.852979
vt 0.848083 0.038259
vt 0.660095 0.852803
vt 0.657313 0.856476
vt 0.662853 0.856046
vt 0.847837 0.042571
vt 0.660204 0.856222
vt 0.657976 0.860137
vt 0.663291 0.859014
vt 0.847728 0.046926
vt 0.660746 0.859521
vt 0.659085 0.863600
vt 0.664094 0.861835
vt 0.847758 0.051320
vt 0.661691 0.862651
vt 0.660599 0.866815
vt 0.665231 0.864469
vt 0.847927 0.055749
vt 0.663005 0.865565
vt 0.662473 0.869736
vt 0.666668 0.866881
vt 0.848227 0.060206
vt 0.664646 0.868223
vt 0.664652 0.872327
vt 0.668364 0.869044
vt 0.848642 0.064684
vt 0.666569 0.870592
vt 0.667077 0.874557
vt 0.670274 0.870941
vt 0.849135 0.069177
vt 0.668719 0.872649
vt 0.669676 0.876401
vt 0.672345 0.872571
vt 0.849624 0.073682
vt 0.671030 0.874377
vt 0.676669 0.875213
vt 0.676669 0.830061
vt 0.849782 0.082749
vt 0.852394 0.005141
vt 0.672922 0.825744
vt 0.675056 0.878777
vt 0.674476 0.828061
vt 0.675646 0.876827
vt 0.674512 0.873963
vt 0.849944 0.078202
vt 0.672367 0.877834
vt 0.673409 0.875764
vt 0.868800 0.074295
vt 0.650228 0.734018
vt 0.649841 0.731695
vt 0.871781 0.072885
vt 0.867286 0.070212
vt 0.652756 0.733678
vt 0.652498 0.731343
vt 0.870344 0.069236
vt 0.647774 0.734489
vt 0.693047 0.734465
vt 0.871071 0.078310
vt 0.871448 0.009820
vt 0.647184 0.732243
vt 0.693610 0.732225
vt 0.873786 0.076267
vt 0.873786 0.011753
vt 0.866200 0.066178
vt 0.655301 0.733437
vt 0.655130 0.731111
vt 0.869278 0.065475
vt 0.865388 0.062190
vt 0.657842 0.733267
vt 0.657730 0.730958
vt 0.868463 0.061673
vt 0.864775 0.058237
vt 0.660372 0.733149
vt 0.660302 0.730857
vt 0.867838 0.057864
vt 0.864326 0.054316
vt 0.662891 0.733070
vt 0.662850 0.730792
vt 0.867371 0.054064
vt 0.864023 0.050424
vt 0.665399 0.733020
vt 0.665382 0.730753
vt 0.867046 0.050282
vt 0.863857 0.046563
vt 0.667901 0.732994
vt 0.667902 0.730733
vt 0.866854 0.046526
vt 0.863822 0.042736
vt 0.670399 0.732989
vt 0.670416 0.730731
vt 0.866790 0.042800
vt 0.863918 0.038946
vt 0.672896 0.733002
vt 0.672930 0.730744
vt 0.866852 0.039110
vt 0.864143 0.035198
vt 0.675394 0.733035
vt 0.675446 0.730775
vt 0.867038 0.035462
vt 0.864505 0.031497
vt 0.677897 0.733087
vt 0.677967 0.730827
vt 0.867349 0.031864
vt 0.865023 0.027853
vt 0.680407 0.733155
vt 0.680489 0.730900
vt 0.867788 0.028334
vt 0.865724 0.024215
vt 0.682937 0.733289
vt 0.683050 0.730969
vt 0.868577 0.024846
vt 0.866610 0.020582
vt 0.685479 0.733432
vt 0.685653 0.731124
vt 0.869342 0.021356
vt 0.867756 0.016956
vt 0.688025 0.733681
vt 0.688289 0.731332
vt 0.870509 0.017996
vt 0.869284 0.013331
vt 0.690561 0.734005
vt 0.690958 0.731688
vt 0.871886 0.014720
vt 0.226090 0.915137
vt 0.239516 0.912773
vt 0.239515 0.917507
vt 0.237895 0.921956
vt 0.234850 0.925582
vt 0.230750 0.927948
vt 0.226087 0.928769
vt 0.221425 0.927945
vt 0.217325 0.925577
vt 0.214283 0.921950
vt 0.212665 0.917500
vt 0.212666 0.912766
vt 0.214286 0.908317
vt 0.217330 0.904691
vt 0.221431 0.902325
vt 0.226094 0.901504
vt 0.230756 0.902328
vt 0.234856 0.904696
vt 0.237898 0.908323
vt 0.241154 0.917795
vt 0.241154 0.912483
vt 0.239336 0.922787
vt 0.235920 0.926856
vt 0.231319 0.929511
vt 0.226088 0.930432
vt 0.220856 0.929509
vt 0.216256 0.926852
vt 0.212842 0.922782
vt 0.211026 0.917790
vt 0.211027 0.912478
vt 0.212845 0.907486
vt 0.216261 0.903417
vt 0.220862 0.900762
vt 0.226093 0.899841
vt 0.231325 0.900764
vt 0.235925 0.903421
vt 0.239339 0.907491
vt 0.242462 0.912250
vt 0.668549 0.815711
vt 0.674079 0.886393
vt 0.669042 0.816548
vt 0.674229 0.885735
vt 0.668817 0.816121
vt 0.674168 0.886072
vt 0.663882 0.819824
vt 0.242462 0.918023
vt 0.663322 0.819074
vt 0.663605 0.819452
vt 0.659470 0.823630
vt 0.240488 0.923449
vt 0.658823 0.822989
vt 0.659148 0.823309
vt 0.655777 0.827940
vt 0.236777 0.927872
vt 0.655061 0.827413
vt 0.655420 0.827677
vt 0.652801 0.832631
vt 0.231776 0.930759
vt 0.652036 0.832218
vt 0.652419 0.832424
vt 0.650540 0.837580
vt 0.226090 0.931761
vt 0.649743 0.837280
vt 0.650142 0.837430
vt 0.648990 0.842677
vt 0.220404 0.930759
vt 0.648178 0.842490
vt 0.648584 0.842583
vt 0.648143 0.847822
vt 0.215404 0.927872
vt 0.647331 0.847744
vt 0.647737 0.847782
vt 0.647981 0.852919
vt 0.211693 0.923449
vt 0.647184 0.852947
vt 0.647582 0.852932
vt 0.648476 0.857880
vt 0.209718 0.918023
vt 0.647707 0.858010
vt 0.648091 0.857945
vt 0.649590 0.862627
vt 0.209718 0.912250
vt 0.648861 0.862851
vt 0.649226 0.862738
vt 0.651277 0.867084
vt 0.211693 0.906824
vt 0.650599 0.867394
vt 0.650938 0.867238
vt 0.653481 0.871187
vt 0.215404 0.902401
vt 0.652865 0.871574
vt 0.653173 0.871380
vt 0.656144 0.874878
vt 0.220404 0.899514
vt 0.655597 0.875332
vt 0.655870 0.875105
vt 0.659199 0.878107
vt 0.226090 0.898512
vt 0.658728 0.878619
vt 0.658963 0.878363
vt 0.662582 0.880833
vt 0.231776 0.899514
vt 0.662194 0.881391
vt 0.662388 0.881112
vt 0.666232 0.883017
vt 0.236777 0.902401
vt 0.665932 0.883614
vt 0.666082 0.883315
vt 0.670099 0.884636
vt 0.240488 0.906824
vt 0.669886 0.885262
vt 0.669993 0.884950
vt 0.302670 0.778520
vt 0.392776 0.564449
vt 0.396426 0.564449
vt 0.767333 0.337112
vt 0.304254 0.776581
vt 0.304661 0.758811
vt 0.392776 0.566714
vt 0.392776 0.503240
vt 0.396426 0.566714
vt 0.396426 0.503240
vt 0.769599 0.337085
vt 0.769825 0.337110
vt 0.302952 0.756859
vt 0.392776 0.505519
vt 0.396426 0.505519
vt 0.772042 0.337639
vt 0.300878 0.755329
vt 0.392776 0.507789
vt 0.396426 0.507789
vt 0.774078 0.338640
vt 0.298570 0.754214
vt 0.392776 0.510051
vt 0.396426 0.510051
vt 0.775834 0.340066
vt 0.296081 0.753592
vt 0.392776 0.512316
vt 0.396426 0.512316
vt 0.777233 0.341847
vt 0.293527 0.753382
vt 0.392776 0.514580
vt 0.396426 0.514580
vt 0.778203 0.343893
vt 0.290980 0.753683
vt 0.392776 0.516844
vt 0.396426 0.516844
vt 0.778695 0.346103
vt 0.288507 0.754366
vt 0.392776 0.519109
vt 0.396426 0.519109
vt 0.778685 0.348368
vt 0.286199 0.755471
vt 0.392776 0.521388
vt 0.396426 0.521388
vt 0.778168 0.350588
vt 0.284163 0.757000
vt 0.392776 0.523657
vt 0.396426 0.523657
vt 0.777178 0.352629
vt 0.282388 0.758814
vt 0.392776 0.525920
vt 0.396426 0.525920
vt 0.775762 0.354394
vt 0.281000 0.760940
vt 0.392776 0.528184
vt 0.396426 0.528184
vt 0.773989 0.355803
vt 0.279938 0.763245
vt 0.392776 0.530448
vt 0.396426 0.530448
vt 0.771948 0.356784
vt 0.279292 0.765673
vt 0.392776 0.532712
vt 0.396426 0.532712
vt 0.769741 0.357288
vt 0.279085 0.768169
vt 0.392776 0.534990
vt 0.396426 0.534990
vt 0.767463 0.357288
vt 0.279371 0.770646
vt 0.392776 0.537261
vt 0.396426 0.537261
vt 0.765248 0.356787
vt 0.280032 0.773038
vt 0.392776 0.539524
vt 0.396426 0.539524
vt 0.763208 0.355808
vt 0.281150 0.775253
vt 0.392776 0.541788
vt 0.396426 0.541788
vt 0.761434 0.354401
vt 0.282650 0.777251
vt 0.392776 0.544053
vt 0.396426 0.544053
vt 0.760015 0.352637
vt 0.284483 0.778976
vt 0.392776 0.546317
vt 0.396426 0.546317
vt 0.759023 0.350602
vt 0.286541 0.780418
vt 0.392776 0.548580
vt 0.396426 0.548580
vt 0.758506 0.348398
vt 0.288809 0.781475
vt 0.392776 0.550859
vt 0.396426 0.550859
vt 0.758493 0.346119
vt 0.291229 0.782061
vt 0.392776 0.553130
vt 0.396426 0.553130
vt 0.758982 0.343901
vt 0.293699 0.782260
vt 0.392776 0.555392
vt 0.396426 0.555392
vt 0.759949 0.341856
vt 0.296162 0.781964
vt 0.392776 0.557657
vt 0.396426 0.557657
vt 0.761346 0.340074
vt 0.298544 0.781268
vt 0.392776 0.559921
vt 0.396426 0.559921
vt 0.763103 0.338646
vt 0.300736 0.780100
vt 0.392776 0.562185
vt 0.396426 0.562185
vt 0.765133 0.337642
vt 0.316173 0.794002
vt 0.321335 0.789799
vt 0.321570 0.744481
vt 0.316191 0.740450
vt 0.310660 0.737331
vt 0.304928 0.735128
vt 0.298996 0.733863
vt 0.292966 0.733563
vt 0.286994 0.734323
vt 0.281263 0.736111
vt 0.275963 0.738833
vt 0.271211 0.742390
vt 0.267165 0.746704
vt 0.263922 0.751648
vt 0.261617 0.757085
vt 0.260309 0.762779
vt 0.259982 0.768580
vt 0.260616 0.774347
vt 0.262224 0.779903
vt 0.264741 0.785117
vt 0.268164 0.789866
vt 0.272396 0.793920
vt 0.277233 0.797142
vt 0.282527 0.799492
vt 0.288134 0.800942
vt 0.293906 0.801422
vt 0.299704 0.800947
vt 0.305401 0.799522
vt 0.310884 0.797213
vt 0.326286 0.796139
vt 0.326286 0.737893
vt 0.326286 0.704382
vt 0.326286 0.516468
vt 0.307258 0.503240
vt 0.308066 0.717364
vt 0.738785 0.271533
vt 0.738785 0.101027
vt 0.320161 0.733989
vt 0.321685 0.522089
vt 0.303423 0.510627
vt 0.732503 0.104946
vt 0.313812 0.730452
vt 0.317881 0.528289
vt 0.299356 0.517759
vt 0.726552 0.109309
vt 0.306984 0.728047
vt 0.314243 0.534576
vt 0.295614 0.525047
vt 0.720959 0.114096
vt 0.299911 0.726443
vt 0.311229 0.541165
vt 0.291947 0.532356
vt 0.715739 0.119290
vt 0.292643 0.726223
vt 0.308479 0.548046
vt 0.288494 0.539957
vt 0.710923 0.124860
vt 0.285389 0.727008
vt 0.305976 0.555216
vt 0.285317 0.547889
vt 0.706538 0.130774
vt 0.278449 0.729336
vt 0.303396 0.562361
vt 0.282776 0.556053
vt 0.702606 0.137007
vt 0.272139 0.732708
vt 0.301198 0.569458
vt 0.280637 0.564147
vt 0.699137 0.143548
vt 0.266301 0.736898
vt 0.299658 0.576719
vt 0.278625 0.572259
vt 0.696177 0.150308
vt 0.261477 0.742221
vt 0.298106 0.583961
vt 0.277194 0.580476
vt 0.693740 0.157254
vt 0.257404 0.748168
vt 0.297210 0.591320
vt 0.275903 0.588722
vt 0.691830 0.164365
vt 0.254708 0.754887
vt 0.296253 0.598679
vt 0.275245 0.597055
vt 0.690457 0.171600
vt 0.253246 0.761804
vt 0.295631 0.605889
vt 0.274975 0.605211
vt 0.689631 0.178919
vt 0.252948 0.768757
vt 0.295370 0.612987
vt 0.275032 0.613221
vt 0.689356 0.186316
vt 0.253569 0.775739
vt 0.295760 0.620082
vt 0.275204 0.621224
vt 0.689634 0.193695
vt 0.255633 0.782425
vt 0.296145 0.627156
vt 0.275925 0.629173
vt 0.690465 0.201009
vt 0.258548 0.788755
vt 0.297169 0.634148
vt 0.276764 0.637102
vt 0.691841 0.208243
vt 0.262616 0.794681
vt 0.298526 0.641269
vt 0.277979 0.645172
vt 0.693755 0.215353
vt 0.267912 0.799569
vt 0.299815 0.648396
vt 0.279829 0.653108
vt 0.696196 0.222300
vt 0.273833 0.803374
vt 0.301371 0.655279
vt 0.281990 0.660761
vt 0.699152 0.229047
vt 0.280201 0.806109
vt 0.303229 0.661949
vt 0.284412 0.668182
vt 0.702625 0.235584
vt 0.286921 0.808009
vt 0.305690 0.668425
vt 0.286940 0.675563
vt 0.706567 0.241828
vt 0.293885 0.808483
vt 0.308139 0.674884
vt 0.289964 0.682729
vt 0.710954 0.247739
vt 0.300858 0.808064
vt 0.311165 0.681097
vt 0.293100 0.689851
vt 0.715773 0.253307
vt 0.307611 0.806279
vt 0.314184 0.687312
vt 0.296713 0.696738
vt 0.720996 0.258498
vt 0.314079 0.803767
vt 0.317760 0.693196
vt 0.300369 0.703565
vt 0.726592 0.263283
vt 0.304258 0.710446
vt 0.732531 0.267635
vt 0.320343 0.800349
vt 0.321794 0.698953
vt 0.318421 0.797338
vt 0.324257 0.793084
vt 0.324353 0.741043
vt 0.318371 0.736995
vt 0.312324 0.733727
vt 0.306031 0.731353
vt 0.299455 0.730011
vt 0.292779 0.729654
vt 0.286167 0.730539
vt 0.279819 0.732536
vt 0.273925 0.735571
vt 0.268665 0.739543
vt 0.264143 0.744324
vt 0.260558 0.749849
vt 0.258009 0.755897
vt 0.256595 0.762229
vt 0.256234 0.768677
vt 0.256960 0.775070
vt 0.258714 0.781248
vt 0.261510 0.787059
vt 0.265309 0.792346
vt 0.270019 0.796855
vt 0.275412 0.800406
vt 0.281291 0.803020
vt 0.287507 0.804612
vt 0.293898 0.805181
vt 0.300308 0.804652
vt 0.306591 0.803132
vt 0.312628 0.800668
vt 0.322680 0.512868
vt 0.322846 0.707941
vt 0.318974 0.509699
vt 0.319313 0.711124
vt 0.320886 0.511191
vt 0.321160 0.709599
vt 0.317723 0.519269
vt 0.314017 0.516747
vt 0.315878 0.517991
vt 0.313651 0.525782
vt 0.309865 0.523588
vt 0.311725 0.524658
vt 0.309997 0.532385
vt 0.306173 0.530426
vt 0.308083 0.531402
vt 0.306775 0.539173
vt 0.302830 0.537394
vt 0.304776 0.538276
vt 0.303833 0.546217
vt 0.299735 0.544588
vt 0.301759 0.545395
vt 0.301145 0.553501
vt 0.296946 0.552013
vt 0.298997 0.552739
vt 0.298646 0.560858
vt 0.294446 0.559537
vt 0.296519 0.560191
vt 0.296494 0.568233
vt 0.292282 0.567134
vt 0.294383 0.567682
vt 0.294767 0.575678
vt 0.290484 0.574767
vt 0.292580 0.575212
vt 0.293307 0.583155
vt 0.289027 0.582438
vt 0.291161 0.582795
vt 0.292242 0.590695
vt 0.287912 0.590155
vt 0.290029 0.590417
vt 0.291398 0.598239
vt 0.287117 0.597861
vt 0.289229 0.598048
vt 0.290876 0.605672
vt 0.286655 0.605486
vt 0.288741 0.605579
vt 0.290719 0.613027
vt 0.286548 0.613063
vt 0.288630 0.613045
vt 0.290985 0.620346
vt 0.286797 0.620579
vt 0.288846 0.620465
vt 0.291520 0.627621
vt 0.287380 0.628043
vt 0.289445 0.627832
vt 0.292465 0.634857
vt 0.288314 0.635478
vt 0.290361 0.635169
vt 0.293714 0.642164
vt 0.289527 0.642944
vt 0.291573 0.642563
vt 0.295172 0.649426
vt 0.291083 0.650345
vt 0.293100 0.649893
vt 0.296890 0.656485
vt 0.292915 0.657562
vt 0.294879 0.657031
vt 0.298920 0.663363
vt 0.295057 0.664629
vt 0.296985 0.663997
vt 0.301330 0.670082
vt 0.297509 0.671535
vt 0.299379 0.670824
vt 0.303972 0.676684
vt 0.300249 0.678292
vt 0.302105 0.677491
vt 0.306970 0.683138
vt 0.303292 0.684925
vt 0.305092 0.684051
vt 0.310201 0.689486
vt 0.306625 0.691429
vt 0.308410 0.690462
vt 0.313821 0.695683
vt 0.310267 0.697879
vt 0.312028 0.696796
vt 0.314380 0.704336
vt 0.317947 0.701832
vt 0.316149 0.703121
vt 0.312980 0.505865
vt 0.313476 0.714803
vt 0.310469 0.504615
vt 0.311087 0.716012
vt 0.308610 0.513490
vt 0.306339 0.512218
vt 0.304567 0.520608
vt 0.302321 0.519372
vt 0.300761 0.527665
vt 0.298519 0.526522
vt 0.297274 0.534852
vt 0.294968 0.533773
vt 0.294031 0.542264
vt 0.291640 0.541271
vt 0.291104 0.549944
vt 0.288626 0.549064
vt 0.288521 0.557761
vt 0.286040 0.557019
vt 0.286316 0.565601
vt 0.283844 0.564969
vt 0.284502 0.573500
vt 0.281979 0.572967
vt 0.282975 0.581432
vt 0.280463 0.581016
vt 0.281869 0.589423
vt 0.279312 0.589123
vt 0.281097 0.597436
vt 0.278571 0.597268
vt 0.280712 0.605333
vt 0.278231 0.605277
vt 0.280645 0.613140
vt 0.278201 0.613176
vt 0.280945 0.620905
vt 0.278479 0.621042
vt 0.281510 0.628626
vt 0.279079 0.628863
vt 0.282442 0.636324
vt 0.279990 0.636663
vt 0.283737 0.644074
vt 0.281272 0.644543
vt 0.285376 0.651734
vt 0.282982 0.652324
vt 0.287353 0.659178
vt 0.285032 0.659860
vt 0.289599 0.666446
vt 0.287341 0.667203
vt 0.292176 0.673566
vt 0.289927 0.674424
vt 0.294986 0.680564
vt 0.292802 0.681506
vt 0.298150 0.687417
vt 0.295980 0.688464
vt 0.301551 0.694177
vt 0.299442 0.695293
vt 0.305253 0.700820
vt 0.303135 0.702017
vt 0.307099 0.708845
vt 0.309277 0.707582
vt 0.724851 0.295873
vt 0.724851 0.076687
vt 0.720246 0.648931
vt 0.720257 0.449944
vt 0.710911 0.320224
vt 0.710911 0.052336
vt 0.692898 0.698100
vt 0.692924 0.400768
vt 0.696971 0.344575
vt 0.696971 0.027985
vt 0.712731 0.644429
vt 0.716775 0.081725
vt 0.701041 0.058493
vt 0.681782 0.691348
vt 0.685307 0.035262
vt 0.709125 0.087333
vt 0.705614 0.639403
vt 0.691691 0.065348
vt 0.671247 0.683812
vt 0.674257 0.043362
vt 0.701936 0.093487
vt 0.698939 0.633858
vt 0.682905 0.072869
vt 0.661341 0.675522
vt 0.663873 0.052251
vt 0.695226 0.100164
vt 0.692701 0.627833
vt 0.674703 0.081029
vt 0.652088 0.666509
vt 0.654181 0.061895
vt 0.689035 0.107324
vt 0.686951 0.621351
vt 0.667137 0.089780
vt 0.643545 0.656824
vt 0.645239 0.072237
vt 0.683398 0.114927
vt 0.681711 0.614461
vt 0.660247 0.099073
vt 0.635764 0.646525
vt 0.637097 0.083219
vt 0.678343 0.122939
vt 0.677024 0.607181
vt 0.654070 0.108865
vt 0.628783 0.635658
vt 0.629796 0.094791
vt 0.672886 0.599526
vt 0.673884 0.131348
vt 0.648619 0.119143
vt 0.622619 0.624233
vt 0.623355 0.106937
vt 0.670078 0.140037
vt 0.669346 0.591618
vt 0.643968 0.129762
vt 0.617359 0.612419
vt 0.617859 0.119487
vt 0.666946 0.148967
vt 0.666443 0.583480
vt 0.640140 0.140676
vt 0.613028 0.600269
vt 0.613334 0.132385
vt 0.664490 0.158108
vt 0.664155 0.575146
vt 0.637138 0.151849
vt 0.609631 0.587822
vt 0.609787 0.145589
vt 0.662725 0.167408
vt 0.662522 0.566660
vt 0.634982 0.163215
vt 0.607190 0.575153
vt 0.607238 0.159022
vt 0.661663 0.176817
vt 0.661541 0.558075
vt 0.633683 0.174714
vt 0.605721 0.562333
vt 0.605703 0.172612
vt 0.661220 0.549392
vt 0.661310 0.186326
vt 0.633252 0.186337
vt 0.605233 0.549368
vt 0.605194 0.186347
vt 0.661667 0.195812
vt 0.661544 0.540732
vt 0.633688 0.197930
vt 0.605728 0.536436
vt 0.605709 0.200048
vt 0.662735 0.205214
vt 0.662543 0.532154
vt 0.634994 0.209422
vt 0.607206 0.523625
vt 0.607252 0.213629
vt 0.664504 0.214514
vt 0.664180 0.523668
vt 0.637156 0.220787
vt 0.609655 0.510955
vt 0.609807 0.227060
vt 0.666965 0.223654
vt 0.666459 0.515331
vt 0.640163 0.231958
vt 0.613060 0.498510
vt 0.613361 0.240262
vt 0.670103 0.232584
vt 0.669374 0.507193
vt 0.643999 0.242873
vt 0.617400 0.486358
vt 0.617894 0.253161
vt 0.673903 0.241257
vt 0.672909 0.499302
vt 0.648643 0.253472
vt 0.622654 0.474569
vt 0.623383 0.265687
vt 0.677063 0.491659
vt 0.678368 0.249660
vt 0.654100 0.263743
vt 0.628827 0.463152
vt 0.629831 0.277826
vt 0.683435 0.257688
vt 0.681764 0.484362
vt 0.660292 0.273554
vt 0.635829 0.452260
vt 0.637150 0.289420
vt 0.689075 0.265286
vt 0.687006 0.477478
vt 0.667185 0.282840
vt 0.643616 0.441969
vt 0.645296 0.300395
vt 0.695269 0.272443
vt 0.692756 0.470995
vt 0.674757 0.291588
vt 0.652166 0.432288
vt 0.654244 0.310733
vt 0.701983 0.279116
vt 0.698995 0.464970
vt 0.682962 0.299744
vt 0.661425 0.423281
vt 0.663941 0.320372
vt 0.709177 0.285268
vt 0.705682 0.459433
vt 0.691754 0.307262
vt 0.671342 0.414996
vt 0.674332 0.329256
vt 0.681858 0.407479
vt 0.685359 0.337338
vt 0.701085 0.314100
vt 0.716811 0.290863
vt 0.712775 0.454411
vt 0.312759 0.782269
vt 0.313207 0.752602
vt 0.744610 0.603692
vt 0.744610 0.495182
vt 0.770679 0.326227
vt 0.771148 0.326279
vt 0.316154 0.784920
vt 0.316566 0.749707
vt 0.740549 0.497576
vt 0.765980 0.326284
vt 0.312223 0.788785
vt 0.309593 0.785704
vt 0.309774 0.749186
vt 0.312337 0.745934
vt 0.740524 0.601279
vt 0.775744 0.327375
vt 0.305963 0.746622
vt 0.736651 0.598568
vt 0.779967 0.329453
vt 0.307834 0.743093
vt 0.301883 0.744842
vt 0.303087 0.741158
vt 0.733008 0.595568
vt 0.783611 0.332411
vt 0.297636 0.743822
vt 0.729603 0.592295
vt 0.786513 0.336105
vt 0.298184 0.740029
vt 0.293324 0.743571
vt 0.293208 0.739756
vt 0.726459 0.588768
vt 0.788524 0.340349
vt 0.289056 0.744061
vt 0.723593 0.585009
vt 0.789545 0.344932
vt 0.288280 0.740334
vt 0.284958 0.745287
vt 0.721024 0.581034
vt 0.789523 0.349631
vt 0.283560 0.741789
vt 0.281147 0.747199
vt 0.718755 0.576851
vt 0.788452 0.354232
vt 0.279186 0.744023
vt 0.277744 0.749722
vt 0.716817 0.572526
vt 0.786398 0.358467
vt 0.275253 0.746920
vt 0.274845 0.752783
vt 0.715225 0.568073
vt 0.783460 0.362128
vt 0.271934 0.750473
vt 0.272521 0.756293
vt 0.713972 0.563510
vt 0.779783 0.365050
vt 0.269239 0.754513
vt 0.270845 0.760142
vt 0.713076 0.558864
vt 0.775551 0.367085
vt 0.267332 0.758970
vt 0.712536 0.554163
vt 0.770972 0.368131
vt 0.269865 0.764197
vt 0.266229 0.763651
vt 0.269599 0.768353
vt 0.712359 0.549408
vt 0.766249 0.368131
vt 0.265951 0.768437
vt 0.270046 0.772478
vt 0.712539 0.544666
vt 0.761655 0.367092
vt 0.266445 0.773191
vt 0.271197 0.776447
vt 0.267795 0.777759
vt 0.713085 0.539969
vt 0.757423 0.365061
vt 0.273015 0.780160
vt 0.713985 0.535324
vt 0.753743 0.362143
vt 0.269869 0.782050
vt 0.275461 0.783518
vt 0.715236 0.530762
vt 0.750801 0.358483
vt 0.272672 0.785946
vt 0.278454 0.786412
vt 0.276146 0.789271
vt 0.716833 0.526309
vt 0.748742 0.354262
vt 0.718769 0.521993
vt 0.747671 0.349689
vt 0.281899 0.788731
vt 0.280123 0.791933
vt 0.285694 0.790428
vt 0.284496 0.793871
vt 0.721043 0.517816
vt 0.747644 0.344966
vt 0.289720 0.791452
vt 0.289122 0.795082
vt 0.723618 0.513834
vt 0.748657 0.340366
vt 0.293862 0.791765
vt 0.726484 0.510081
vt 0.750664 0.336123
vt 0.293894 0.795437
vt 0.298026 0.791354
vt 0.298694 0.795022
vt 0.729630 0.506554
vt 0.753561 0.332427
vt 0.302102 0.790217
vt 0.733036 0.503282
vt 0.757205 0.329464
vt 0.303401 0.793745
vt 0.305988 0.788341
vt 0.736683 0.500282
vt 0.761415 0.327382
vt 0.307932 0.791691
vt 0.183837 0.516621
vt 0.195068 0.506412
vt 0.382270 0.694124
vt 0.371006 0.683467
vt 0.361298 0.671636
vt 0.353158 0.658623
vt 0.346548 0.644783
vt 0.341883 0.630139
vt 0.338880 0.615112
vt 0.337820 0.599808
vt 0.338888 0.584399
vt 0.341730 0.569254
vt 0.346452 0.554545
vt 0.352806 0.540494
vt 0.360964 0.527445
vt 0.370775 0.515665
vt 0.194985 0.695038
vt 0.382338 0.505345
vt 0.183380 0.684241
vt 0.173597 0.672035
vt 0.165315 0.658843
vt 0.158943 0.644636
vt 0.154225 0.629876
vt 0.151445 0.614682
vt 0.150749 0.599226
vt 0.151735 0.583918
vt 0.154785 0.568966
vt 0.159447 0.554529
vt 0.166039 0.540896
vt 0.174234 0.528214
vt 0.183037 0.515859
vt 0.181949 0.514792
vt 0.670146 0.359817
vt 0.185739 0.518436
vt 0.666868 0.384767
vt 0.184632 0.517378
vt 0.193373 0.504368
vt 0.380510 0.696164
vt 0.683487 0.368131
vt 0.683487 0.004430
vt 0.194377 0.505524
vt 0.381551 0.695013
vt 0.195722 0.507315
vt 0.382954 0.693217
vt 0.196651 0.508542
vt 0.383917 0.691994
vt 0.679649 0.721871
vt 0.679678 0.376990
vt 0.369093 0.685310
vt 0.670086 0.012789
vt 0.370207 0.684243
vt 0.371812 0.682715
vt 0.372959 0.681657
vt 0.666780 0.714047
vt 0.359135 0.673222
vt 0.657392 0.022095
vt 0.360383 0.672295
vt 0.362208 0.670979
vt 0.363468 0.670073
vt 0.654580 0.705312
vt 0.350814 0.659948
vt 0.645463 0.032306
vt 0.352187 0.659184
vt 0.354124 0.658093
vt 0.355499 0.657346
vt 0.643105 0.695702
vt 0.344053 0.645764
vt 0.634329 0.043385
vt 0.345494 0.645201
vt 0.347595 0.644367
vt 0.349042 0.643793
vt 0.632383 0.685251
vt 0.339285 0.630845
vt 0.624056 0.055266
vt 0.340804 0.630443
vt 0.342948 0.629863
vt 0.344465 0.629478
vt 0.622483 0.674021
vt 0.336213 0.615447
vt 0.614702 0.067882
vt 0.337761 0.615262
vt 0.339983 0.614964
vt 0.341523 0.614758
vt 0.613463 0.662075
vt 0.335145 0.599800
vt 0.606315 0.081177
vt 0.336689 0.599808
vt 0.338944 0.599807
vt 0.340505 0.599813
vt 0.605368 0.649469
vt 0.336222 0.584107
vt 0.598915 0.095130
vt 0.337771 0.584281
vt 0.339983 0.584538
vt 0.341537 0.584745
vt 0.598220 0.636217
vt 0.339107 0.568617
vt 0.592601 0.109548
vt 0.340629 0.568977
vt 0.342826 0.569530
vt 0.344341 0.569913
vt 0.592120 0.622511
vt 0.343912 0.553602
vt 0.587404 0.124365
vt 0.345390 0.554162
vt 0.347486 0.554942
vt 0.348953 0.555515
vt 0.587097 0.608416
vt 0.350434 0.539198
vt 0.583328 0.139534
vt 0.351805 0.539958
vt 0.353793 0.541021
vt 0.355173 0.541760
vt 0.583156 0.593974
vt 0.358797 0.525848
vt 0.580400 0.154966
vt 0.360048 0.526782
vt 0.361867 0.528098
vt 0.363129 0.529011
vt 0.580324 0.579275
vt 0.368859 0.513805
vt 0.578637 0.170578
vt 0.369967 0.514886
vt 0.371579 0.516440
vt 0.372699 0.517520
vt 0.578618 0.564400
vt 0.193178 0.697162
vt 0.380618 0.503240
vt 0.578052 0.186357
vt 0.194258 0.695951
vt 0.381647 0.504442
vt 0.195666 0.694121
vt 0.382982 0.506254
vt 0.196651 0.692855
vt 0.383917 0.507507
vt 0.578052 0.549356
vt 0.181373 0.686092
vt 0.578644 0.202097
vt 0.182539 0.685022
vt 0.184217 0.683462
vt 0.185384 0.682377
vt 0.578626 0.534352
vt 0.171385 0.673648
vt 0.580416 0.217698
vt 0.172682 0.672715
vt 0.174509 0.671385
vt 0.175809 0.670469
vt 0.580341 0.519487
vt 0.162914 0.660120
vt 0.583352 0.233129
vt 0.164302 0.659386
vt 0.166323 0.658303
vt 0.167714 0.657557
vt 0.583182 0.504787
vt 0.156411 0.645641
vt 0.587434 0.248295
vt 0.157892 0.645064
vt 0.159983 0.644236
vt 0.161464 0.643676
vt 0.587132 0.490347
vt 0.151588 0.630511
vt 0.592642 0.263114
vt 0.153120 0.630152
vt 0.155315 0.629602
vt 0.156840 0.629221
vt 0.592166 0.476249
vt 0.148773 0.614978
vt 0.598948 0.277504
vt 0.150316 0.614812
vt 0.152568 0.614553
vt 0.154119 0.614375
vt 0.598259 0.462571
vt 0.148059 0.599232
vt 0.606356 0.291448
vt 0.149629 0.599240
vt 0.151850 0.599236
vt 0.153413 0.599258
vt 0.605417 0.449327
vt 0.149092 0.583558
vt 0.614763 0.304768
vt 0.150617 0.583769
vt 0.152847 0.584065
vt 0.154383 0.584268
vt 0.613535 0.436694
vt 0.152196 0.568319
vt 0.624122 0.317376
vt 0.153704 0.568707
vt 0.155840 0.569243
vt 0.157339 0.569643
vt 0.622562 0.424757
vt 0.156994 0.553537
vt 0.634401 0.329253
vt 0.158408 0.554113
vt 0.160479 0.554942
vt 0.161906 0.555513
vt 0.632472 0.413531
vt 0.163715 0.539644
vt 0.645541 0.340325
vt 0.165062 0.540375
vt 0.166996 0.541431
vt 0.168333 0.542189
vt 0.643201 0.403086
vt 0.172080 0.526674
vt 0.657478 0.350533
vt 0.173331 0.527581
vt 0.175107 0.528853
vt 0.176343 0.529768
vt 0.654690 0.393480
vt 0.305163 0.781027
vt 0.307253 0.778516
vt 0.307678 0.756703
vt 0.302656 0.783025
vt 0.305412 0.754178
vt 0.302736 0.752232
vt 0.299789 0.750845
vt 0.296662 0.750059
vt 0.293464 0.749821
vt 0.290292 0.750180
vt 0.287233 0.751058
vt 0.284370 0.752458
vt 0.281830 0.754345
vt 0.279646 0.756613
vt 0.277913 0.759236
vt 0.276632 0.762094
vt 0.275864 0.765115
vt 0.275635 0.768227
vt 0.275977 0.771310
vt 0.276820 0.774280
vt 0.278197 0.777050
vt 0.280037 0.779543
vt 0.282281 0.781688
vt 0.284839 0.783440
vt 0.287673 0.784729
vt 0.290683 0.785475
vt 0.293767 0.785707
vt 0.296854 0.785359
vt 0.299852 0.784482
vt 0.727980 0.908080
vt 0.798823 0.915789
vt 0.779007 0.915872
vt 0.708159 0.907992
vt 0.802892 0.915773
vt 0.774982 0.915888
vt 0.704138 0.907971
vt 0.732051 0.908096
vt 0.879179 0.378079
vt 0.702554 0.907973
vt 0.879176 0.377028
vt 0.703136 0.907970
vt 0.773979 0.915890
vt 0.773379 0.915888
vt 0.879130 0.902304
vt 0.879128 0.901218
vt 0.733324 0.908101
vt 0.424402 0.475622
vt 0.734611 0.908106
vt 0.424399 0.477011
vt 0.804163 0.915767
vt 0.424395 0.959983
vt 0.805449 0.915762
vt 0.424393 0.958593
vt 0.605066 0.885677
vt 0.582590 0.885637
vt 0.607739 0.885684
vt 0.579949 0.885633
vt 0.068854 0.620400
vt 0.223987 0.796016
vt 0.578881 0.885568
vt 0.068733 0.736370
vt 0.578108 0.885638
vt 0.609444 0.885694
vt 0.224106 0.702883
vt 0.611007 0.885695
vt 0.095981 0.884071
vt 0.073505 0.884112
vt 0.098654 0.884064
vt 0.070864 0.884116
vt 0.069796 0.884180
vt 0.068974 0.504429
vt 0.069023 0.884110
vt 0.100359 0.884054
vt 0.101922 0.884053
vt 0.223868 0.889148
vt 0.908156 0.064969
vt 0.672716 0.913849
vt 0.652900 0.913766
vt 0.888335 0.065057
vt 0.676785 0.913866
vt 0.648875 0.913750
vt 0.884313 0.065078
vt 0.912227 0.064953
vt 0.833006 0.901251
vt 0.833003 0.902301
vt 0.882730 0.065076
vt 0.883312 0.065078
vt 0.647872 0.913749
vt 0.647272 0.913750
vt 0.832957 0.377026
vt 0.832955 0.378112
vt 0.913499 0.064947
vt 0.914787 0.064943
vt 0.925156 0.377437
vt 0.925159 0.378827
vt 0.678056 0.913871
vt 0.679342 0.913876
vt 0.925163 0.861798
vt 0.925165 0.860408
vt 0.152501 0.870810
vt 0.175188 0.870706
vt 0.177764 0.870697
vt 0.149960 0.870823
vt 0.022974 0.620381
vt 0.825939 0.247856
vt 0.148799 0.870779
vt 0.022873 0.736335
vt 0.148098 0.870842
vt 0.179687 0.870693
vt 0.181039 0.870685
vt 0.825839 0.340977
vt 0.294956 0.881716
vt 0.317642 0.881819
vt 0.320218 0.881828
vt 0.292415 0.881703
vt 0.291253 0.881746
vt 0.023075 0.504427
vt 0.290553 0.881683
vt 0.322142 0.881832
vt 0.323494 0.881840
vt 0.826038 0.154736
vt 0.773011 0.173495
vt 0.772984 0.179927
vt 0.772984 0.179927
vt 0.770357 0.179951
vt 0.770357 0.179951
vt 0.770267 0.173517
vt 0.770267 0.173517
vt 0.767719 0.179912
vt 0.767510 0.173386
vt 0.767511 0.173386
vt 0.765042 0.179827
vt 0.764716 0.173122
vt 0.762297 0.179690
vt 0.762297 0.179690
vt 0.761857 0.172738
vt 0.759450 0.179514
vt 0.759451 0.179514
vt 0.758909 0.172282
vt 0.756473 0.179346
vt 0.755852 0.171848
vt 0.753353 0.179253
vt 0.753354 0.179253
vt 0.752690 0.171559
vt 0.752690 0.171559
vt 0.750105 0.179300
vt 0.796488 0.179284
vt 0.749431 0.171528
vt 0.797043 0.171548
vt 0.793233 0.179090
vt 0.793233 0.179090
vt 0.793815 0.171298
vt 0.789999 0.179066
vt 0.790579 0.171360
vt 0.786873 0.179189
vt 0.786874 0.179189
vt 0.787415 0.171682
vt 0.783893 0.179387
vt 0.784359 0.172147
vt 0.784360 0.172147
vt 0.781045 0.179590
vt 0.781045 0.179590
vt 0.781414 0.172633
vt 0.781414 0.172633
vt 0.778299 0.179753
vt 0.778558 0.173046
vt 0.778558 0.173046
vt 0.775622 0.179863
vt 0.775622 0.179863
vt 0.775766 0.173338
vt 0.773000 0.201400
vt 0.773000 0.201400
vt 0.773017 0.207099
vt 0.770560 0.207119
vt 0.770527 0.201421
vt 0.770527 0.201421
vt 0.768087 0.207054
vt 0.768036 0.201223
vt 0.768036 0.201223
vt 0.765567 0.206915
vt 0.765567 0.206915
vt 0.765497 0.200826
vt 0.762966 0.206694
vt 0.762873 0.200234
vt 0.762873 0.200234
vt 0.760245 0.206399
vt 0.760126 0.199491
vt 0.757363 0.206074
vt 0.757217 0.198708
vt 0.757217 0.198708
vt 0.754298 0.205797
vt 0.754129 0.198058
vt 0.754129 0.198058
vt 0.751056 0.205660
vt 0.795778 0.205511
vt 0.750873 0.197720
vt 0.795897 0.197594
vt 0.792484 0.205475
vt 0.792602 0.197533
vt 0.792602 0.197533
vt 0.789269 0.205633
vt 0.789374 0.197890
vt 0.789374 0.197890
vt 0.786206 0.205935
vt 0.786206 0.205935
vt 0.786290 0.198566
vt 0.783326 0.206286
vt 0.783326 0.206286
vt 0.783386 0.199375
vt 0.780607 0.206606
vt 0.780607 0.206606
vt 0.780645 0.200142
vt 0.780645 0.200142
vt 0.778008 0.206850
vt 0.778008 0.206850
vt 0.778026 0.200759
vt 0.778026 0.200759
vt 0.775489 0.207011
vt 0.775489 0.201180
vt 0.775489 0.201180
vt 0.773091 0.227835
vt 0.773113 0.233432
vt 0.770693 0.233451
vt 0.770666 0.227854
vt 0.770666 0.227854
vt 0.768258 0.233383
vt 0.768258 0.233383
vt 0.768224 0.227656
vt 0.765776 0.233238
vt 0.765735 0.227254
vt 0.765735 0.227254
vt 0.763214 0.233009
vt 0.763164 0.226655
vt 0.763164 0.226655
vt 0.760534 0.232702
vt 0.760534 0.232702
vt 0.760471 0.225900
vt 0.760471 0.225900
vt 0.757692 0.232361
vt 0.757616 0.225095
vt 0.754666 0.232064
vt 0.754575 0.224412
vt 0.754575 0.224412
vt 0.751459 0.231901
vt 0.795582 0.231726
vt 0.751354 0.224032
vt 0.795625 0.223860
vt 0.792315 0.231719
vt 0.792348 0.223847
vt 0.789133 0.231902
vt 0.789155 0.224248
vt 0.786108 0.232226
vt 0.786120 0.224957
vt 0.783268 0.232593
vt 0.783268 0.232593
vt 0.783271 0.225787
vt 0.780589 0.232923
vt 0.780589 0.232923
vt 0.780584 0.226566
vt 0.778029 0.233176
vt 0.778029 0.233176
vt 0.778018 0.227189
vt 0.775548 0.233342
vt 0.775532 0.227614
vt 0.775532 0.227614
vt 0.773195 0.253955
vt 0.773218 0.259540
vt 0.773218 0.259540
vt 0.770800 0.259557
vt 0.770800 0.259557
vt 0.770783 0.253974
vt 0.770783 0.253974
vt 0.768369 0.259480
vt 0.768369 0.259480
vt 0.768355 0.253771
vt 0.765894 0.259322
vt 0.765883 0.253362
vt 0.765883 0.253362
vt 0.763344 0.259074
vt 0.763333 0.252755
vt 0.763333 0.252755
vt 0.760681 0.258746
vt 0.760667 0.251990
vt 0.757864 0.258379
vt 0.757864 0.258379
vt 0.757843 0.251175
vt 0.757843 0.251174
vt 0.754868 0.258053
vt 0.754868 0.258053
vt 0.754837 0.250478
vt 0.751699 0.257858
vt 0.795544 0.257676
vt 0.751654 0.250079
vt 0.795529 0.249899
vt 0.792312 0.257701
vt 0.792312 0.257701
vt 0.792286 0.249908
vt 0.792286 0.249908
vt 0.789161 0.257915
vt 0.789127 0.250326
vt 0.789127 0.250326
vt 0.786161 0.258265
vt 0.786123 0.251049
vt 0.786123 0.251049
vt 0.783341 0.258654
vt 0.783341 0.258654
vt 0.783302 0.251888
vt 0.780677 0.259004
vt 0.780640 0.252676
vt 0.778126 0.259270
vt 0.778126 0.259270
vt 0.778093 0.253304
vt 0.775650 0.259446
vt 0.775650 0.259446
vt 0.775622 0.253733
vt 0.773316 0.280465
vt 0.773317 0.280465
vt 0.773333 0.286365
vt 0.773333 0.286365
vt 0.770773 0.286371
vt 0.770773 0.286371
vt 0.770799 0.280475
vt 0.770799 0.280475
vt 0.768207 0.286215
vt 0.768207 0.286215
vt 0.768275 0.280213
vt 0.768275 0.280213
vt 0.765622 0.285915
vt 0.765729 0.279701
vt 0.765729 0.279701
vt 0.762996 0.285473
vt 0.762996 0.285473
vt 0.763137 0.278954
vt 0.763137 0.278954
vt 0.760298 0.284914
vt 0.760299 0.284914
vt 0.760466 0.278030
vt 0.760466 0.278030
vt 0.757485 0.284301
vt 0.757670 0.277054
vt 0.754525 0.283738
vt 0.754525 0.283738
vt 0.754712 0.276212
vt 0.754712 0.276212
vt 0.751419 0.283346
vt 0.795999 0.283167
vt 0.751583 0.275699
vt 0.795773 0.275509
vt 0.792808 0.283325
vt 0.792808 0.283325
vt 0.792571 0.275594
vt 0.792571 0.275594
vt 0.789685 0.283728
vt 0.789685 0.283728
vt 0.789453 0.276128
vt 0.789453 0.276128
vt 0.786694 0.284301
vt 0.786483 0.276993
vt 0.786483 0.276993
vt 0.783856 0.284921
vt 0.783856 0.284921
vt 0.783676 0.277989
vt 0.781139 0.285482
vt 0.781139 0.285482
vt 0.780995 0.278926
vt 0.778499 0.285921
vt 0.778396 0.279683
vt 0.775904 0.286216
vt 0.775843 0.280201
vt 0.773338 0.295176
vt 0.773368 0.300142
vt 0.773368 0.300142
vt 0.770629 0.300132
vt 0.770629 0.300132
vt 0.770716 0.295179
vt 0.770716 0.295179
vt 0.767894 0.299842
vt 0.767894 0.299842
vt 0.768095 0.294842
vt 0.765158 0.299299
vt 0.765158 0.299299
vt 0.765466 0.294212
vt 0.765466 0.294212
vt 0.762411 0.298529
vt 0.762411 0.298529
vt 0.762810 0.293322
vt 0.762810 0.293322
vt 0.759623 0.297592
vt 0.759623 0.297592
vt 0.760094 0.292253
vt 0.756757 0.296597
vt 0.756757 0.296597
vt 0.757273 0.291146
vt 0.753788 0.295696
vt 0.754318 0.290183
vt 0.750738 0.295037
vt 0.796715 0.294926
vt 0.751247 0.289531
vt 0.796239 0.289377
vt 0.793541 0.295243
vt 0.793541 0.295243
vt 0.793055 0.289626
vt 0.790416 0.295877
vt 0.789925 0.290271
vt 0.789925 0.290271
vt 0.787387 0.296755
vt 0.787387 0.296755
vt 0.786915 0.291229
vt 0.784472 0.297728
vt 0.784472 0.297727
vt 0.784049 0.292330
vt 0.784049 0.292330
vt 0.781647 0.298639
vt 0.781647 0.298639
vt 0.781299 0.293387
vt 0.778871 0.299379
vt 0.778617 0.294259
vt 0.778617 0.294259
vt 0.776116 0.299888
vt 0.775970 0.294866
vt 0.775970 0.294866
f 4539/4539 153/153 173/173
f 4539/4539 173/173 4542/4542
f 193/193 163/163 162/162
f 193/193 162/162 189/189
f 36/36 64/64 67/67
f 36/36 67/67 37/37
f 283/283 246/246 213/213
f 283/283 213/213 204/204
f 4562/4562 81/81 110/110
f 4562/4562 110/110 4564/4564
f 255/255 274/274 185/185
f 255/255 185/185 232/232
f 145/145 110/110 112/112
f 145/145 112/112 152/152
f 408/408 411/411 98/98
f 408/408 98/98 96/96
f 160/160 155/155 161/161
f 160/160 161/161 180/180
f 1319/1319 1277/1277 1246/1246
f 1319/1319 1246/1246 1314/1314
f 3/3 5/5 6/6
f 3/3 6/6 4/4
f 122/122 103/103 102/102
f 122/122 102/102 116/116
f 4615/4615 71/71 17/17
f 4615/4615 17/17 4612/4612
f 4609/4609 4608/4608 11/11
f 4609/4609 11/11 9/9
f 34/34 60/60 53/53
f 34/34 53/53 32/32
f 4608/4608 12/12 38/38
f 4608/4608 38/38 4611/4611
f 22/22 46/46 52/52
f 22/22 52/52 13/13
f 82/82 102/102 103/103
f 82/82 103/103 101/101
f 91/91 134/134 142/142
f 91/91 142/142 94/94
f 120/120 90/90 87/87
f 120/120 87/87 113/113
f 62/62 25/25 18/18
f 62/62 18/18 76/76
f 115/115 101/101 103/103
f 115/115 103/103 122/122
f 12/12 39/39 40/40
f 12/12 40/40 38/38
f 43/43 29/29 31/31
f 43/43 31/31 50/50
f 4609/4609 4610/4610 36/36
f 4609/4609 36/36 10/10
f 4563/4563 99/99 104/104
f 4563/4563 104/104 4565/4565
f 4572/4572 4567/4567 92/92
f 4572/4572 92/92 137/137
f 4562/4562 4563/4563 82/82
f 4562/4562 82/82 81/81
f 12/12 10/10 35/35
f 12/12 35/35 39/39
f 4611/4611 38/38 73/73
f 4611/4611 73/73 4614/4614
f 73/73 38/38 40/40
f 73/73 40/40 77/77
f 37/37 67/67 63/63
f 37/37 63/63 35/35
f 48/48 23/23 21/21
f 48/48 21/21 42/42
f 17/17 71/71 78/78
f 17/17 78/78 19/19
f 33/33 54/54 60/60
f 33/33 60/60 34/34
f 30/30 32/32 53/53
f 30/30 53/53 44/44
f 25/25 62/62 69/69
f 25/25 69/69 27/27
f 4610/4610 29/29 43/43
f 4610/4610 43/43 4617/4617
f 4613/4613 4619/4619 42/42
f 4613/4613 42/42 21/21
f 46/46 22/22 24/24
f 46/46 24/24 49/49
f 55/55 14/14 15/15
f 55/55 15/15 57/57
f 77/77 40/40 39/39
f 77/77 39/39 74/74
f 59/59 16/16 13/13
f 59/59 13/13 52/52
f 20/20 80/80 76/76
f 20/20 76/76 18/18
f 39/39 35/35 63/63
f 39/39 63/63 74/74
f 34/34 32/32 11/11
f 34/34 11/11 33/33
f 37/37 35/35 10/10
f 37/37 10/10 36/36
f 9/9 30/30 31/31
f 9/9 31/31 29/29
f 9/9 11/11 32/32
f 9/9 32/32 30/30
f 50/50 31/31 30/30
f 50/50 30/30 44/44
f 73/73 77/77 79/79
f 73/73 79/79 72/72
f 77/77 74/74 75/75
f 77/77 75/75 79/79
f 63/63 67/67 68/68
f 63/63 68/68 61/61
f 67/67 64/64 65/65
f 67/67 65/65 68/68
f 60/60 54/54 56/56
f 60/60 56/56 58/58
f 53/53 60/60 58/58
f 53/53 58/58 51/51
f 50/50 44/44 45/45
f 50/50 45/45 47/47
f 43/43 50/50 47/47
f 43/43 47/47 41/41
f 44/44 53/53 51/51
f 44/44 51/51 45/45
f 74/74 63/63 61/61
f 74/74 61/61 75/75
f 4617/4617 43/43 41/41
f 4617/4617 41/41 4618/4618
f 28/28 70/70 66/66
f 28/28 66/66 26/26
f 99/99 100/100 107/107
f 99/99 107/107 105/105
f 125/125 104/104 106/106
f 125/125 106/106 129/129
f 105/105 107/107 135/135
f 105/105 135/135 126/126
f 109/109 139/139 135/135
f 109/109 135/135 107/107
f 4564/4564 110/110 145/145
f 4564/4564 145/145 4571/4571
f 134/134 91/91 84/84
f 134/134 84/84 128/128
f 4569/4569 123/123 83/83
f 4569/4569 83/83 4566/4566
f 4568/4568 125/125 124/124
f 4568/4568 124/124 4570/4570
f 152/152 112/112 111/111
f 152/152 111/111 146/146
f 111/111 101/101 115/115
f 111/111 115/115 146/146
f 83/83 123/123 130/130
f 83/83 130/130 85/85
f 129/129 106/106 105/105
f 129/129 105/105 126/126
f 96/96 147/147 113/113
f 96/96 113/113 87/87
f 117/117 88/88 89/89
f 117/117 89/89 119/119
f 108/108 136/136 139/139
f 108/108 139/139 109/109
f 86/86 132/132 128/128
f 86/86 128/128 84/84
f 93/93 140/140 137/137
f 93/93 137/137 92/92
f 81/81 111/111 112/112
f 81/81 112/112 110/110
f 109/109 107/107 100/100
f 109/109 100/100 108/108
f 99/99 105/105 106/106
f 99/99 106/106 104/104
f 81/81 82/82 101/101
f 81/81 101/101 111/111
f 125/125 129/129 131/131
f 125/125 131/131 124/124
f 129/129 126/126 127/127
f 129/129 127/127 131/131
f 135/135 139/139 141/141
f 135/135 141/141 133/133
f 139/139 136/136 138/138
f 139/139 138/138 141/141
f 122/122 116/116 118/118
f 122/122 118/118 121/121
f 115/115 122/122 121/121
f 115/115 121/121 114/114
f 152/152 146/146 148/148
f 152/152 148/148 151/151
f 145/145 152/152 151/151
f 145/145 151/151 144/144
f 126/126 135/135 133/133
f 126/126 133/133 127/127
f 146/146 115/115 114/114
f 146/146 114/114 148/148
f 4571/4571 145/145 144/144
f 4571/4571 144/144 4573/4573
f 4565/4565 104/104 125/125
f 4565/4565 125/125 4568/4568
f 4614/4614 73/73 72/72
f 4614/4614 72/72 4616/4616
f 249/249 292/292 288/288
f 249/249 288/288 241/241
f 218/218 199/199 208/208
f 218/218 208/208 221/221
f 223/223 169/169 168/168
f 223/223 168/168 217/217
f 242/242 173/173 175/175
f 242/242 175/175 251/251
f 251/251 175/175 174/174
f 251/251 174/174 245/245
f 214/214 167/167 169/169
f 214/214 169/169 223/223
f 172/172 237/237 228/228
f 172/172 228/228 170/170
f 277/277 181/181 180/180
f 277/277 180/180 273/273
f 154/154 168/168 169/169
f 154/154 169/169 167/167
f 4538/4538 4541/4541 155/155
f 4538/4538 155/155 160/160
f 4541/4541 156/156 164/164
f 4541/4541 164/164 4544/4544
f 4539/4539 4540/4540 154/154
f 4539/4539 154/154 153/153
f 4538/4538 160/160 179/179
f 4538/4538 179/179 4545/4545
f 156/156 158/158 182/182
f 156/156 182/182 165/165
f 157/157 159/159 176/176
f 157/157 176/176 171/171
f 4540/4540 157/157 170/170
f 4540/4540 170/170 4543/4543
f 4546/4546 4553/4553 227/227
f 4546/4546 227/227 190/190
f 166/166 207/207 200/200
f 166/166 200/200 164/164
f 165/165 182/182 284/284
f 165/165 284/284 203/203
f 186/186 161/161 163/163
f 186/186 163/163 193/193
f 4544/4544 164/164 200/200
f 4544/4544 200/200 4549/4549
f 178/178 265/265 256/256
f 178/178 256/256 176/176
f 4557/4557 4561/4561 241/241
f 4557/4557 241/241 288/288
f 270/270 179/179 181/181
f 270/270 181/181 277/277
f 177/177 259/259 265/265
f 177/177 265/265 178/178
f 180/180 161/161 186/186
f 180/180 186/186 273/273
f 236/236 195/195 190/190
f 236/236 190/190 227/227
f 222/222 209/209 204/204
f 222/222 204/204 213/213
f 165/165 203/203 207/207
f 165/165 207/207 166/166
f 174/174 167/167 214/214
f 174/174 214/214 245/245
f 4543/4543 170/170 228/228
f 4543/4543 228/228 4550/4550
f 171/171 176/176 256/256
f 171/171 256/256 231/231
f 171/171 231/231 237/237
f 171/171 237/237 172/172
f 4542/4542 173/173 242/242
f 4542/4542 242/242 4558/4558
f 246/246 283/283 293/293
f 246/246 293/293 250/250
f 260/260 269/269 278/278
f 260/260 278/278 263/263
f 264/264 279/279 274/274
f 264/264 274/274 255/255
f 4545/4545 179/179 270/270
f 4545/4545 270/270 4554/4554
f 184/184 291/291 284/284
f 184/184 284/284 182/182
f 183/183 287/287 291/291
f 183/183 291/291 184/184
f 184/184 182/182 158/158
f 184/184 158/158 183/183
f 153/153 174/174 175/175
f 153/153 175/175 173/173
f 178/178 176/176 159/159
f 178/178 159/159 177/177
f 172/172 170/170 157/157
f 172/172 157/157 171/171
f 155/155 162/162 163/163
f 155/155 163/163 161/161
f 166/166 164/164 156/156
f 166/166 156/156 165/165
f 153/153 154/154 167/167
f 153/153 167/167 174/174
f 160/160 180/180 181/181
f 160/160 181/181 179/179
f 223/223 217/217 219/219
f 223/223 219/219 224/224
f 225/225 220/220 218/218
f 225/225 218/218 221/221
f 200/200 207/207 210/210
f 200/200 210/210 201/201
f 202/202 211/211 208/208
f 202/202 208/208 199/199
f 214/214 223/223 224/224
f 214/214 224/224 215/215
f 216/216 226/226 222/222
f 216/216 222/222 213/213
f 207/207 203/203 205/205
f 207/207 205/205 210/210
f 212/212 206/206 204/204
f 212/212 204/204 209/209
f 237/237 231/231 234/234
f 237/237 234/234 239/239
f 238/238 233/233 232/232
f 238/238 232/232 235/235
f 186/186 193/193 197/197
f 186/186 197/197 188/188
f 187/187 196/196 194/194
f 187/187 194/194 185/185
f 228/228 237/237 239/239
f 228/228 239/239 229/229
f 230/230 240/240 236/236
f 230/230 236/236 227/227
f 193/193 189/189 191/191
f 193/193 191/191 197/197
f 198/198 192/192 190/190
f 198/198 190/190 195/195
f 251/251 245/245 247/247
f 251/251 247/247 253/253
f 254/254 248/248 246/246
f 254/254 246/246 250/250
f 284/284 291/291 295/295
f 284/284 295/295 285/285
f 286/286 296/296 293/293
f 286/286 293/293 283/283
f 242/242 251/251 253/253
f 242/242 253/253 244/244
f 243/243 252/252 249/249
f 243/243 249/249 241/241
f 291/291 287/287 290/290
f 291/291 290/290 295/295
f 294/294 289/289 288/288
f 294/294 288/288 292/292
f 265/265 259/259 262/262
f 265/265 262/262 268/268
f 266/266 261/261 260/260
f 266/266 260/260 263/263
f 270/270 277/277 282/282
f 270/270 282/282 272/272
f 271/271 280/280 278/278
f 271/271 278/278 269/269
f 256/256 265/265 268/268
f 256/256 268/268 258/258
f 257/257 267/267 264/264
f 257/257 264/264 255/255
f 277/277 273/273 276/276
f 277/277 276/276 282/282
f 281/281 275/275 274/274
f 281/281 274/274 279/279
f 4546/4546 190/190 192/192
f 4546/4546 192/192 4548/4548
f 4547/4547 191/191 189/189
f 4547/4547 189/189 4549/4549
f 4550/4550 228/228 229/229
f 4550/4550 229/229 4551/4551
f 4552/4552 230/230 227/227
f 4552/4552 227/227 4553/4553
f 231/231 256/256 258/258
f 231/231 258/258 234/234
f 233/233 257/257 255/255
f 233/233 255/255 232/232
f 273/273 186/186 188/188
f 273/273 188/188 276/276
f 275/275 187/187 185/185
f 275/275 185/185 274/274
f 203/203 284/284 285/285
f 203/203 285/285 205/205
f 206/206 286/286 283/283
f 206/206 283/283 204/204
f 245/245 214/214 215/215
f 245/245 215/215 247/247
f 248/248 216/216 213/213
f 248/248 213/213 246/246
f 4554/4554 270/270 272/272
f 4554/4554 272/272 4556/4556
f 4555/4555 271/271 269/269
f 4555/4555 269/269 4557/4557
f 4558/4558 242/242 244/244
f 4558/4558 244/244 4560/4560
f 4559/4559 243/243 241/241
f 4559/4559 241/241 4561/4561
f 232/232 185/185 194/194
f 232/232 194/194 235/235
f 4585/4585 4588/4588 433/433
f 4585/4585 433/433 413/413
f 453/453 449/449 422/422
f 453/453 422/422 423/423
f 312/312 313/313 343/343
f 312/312 343/343 340/340
f 543/543 464/464 473/473
f 543/543 473/473 506/506
f 4574/4574 4576/4576 370/370
f 4574/4574 370/370 357/357
f 515/515 492/492 445/445
f 515/515 445/445 534/534
f 405/405 412/412 372/372
f 405/405 372/372 370/370
f 420/420 440/440 421/421
f 420/420 421/421 415/415
f 1305/1305 1217/1217 1241/1241
f 1305/1305 1241/1241 1307/1307
f 299/299 300/300 6/6
f 299/299 6/6 5/5
f 382/382 376/376 362/362
f 382/382 362/362 363/363
f 4625/4625 4612/4612 17/17
f 4625/4625 17/17 347/347
f 4621/4621 301/301 303/303
f 4621/4621 303/303 4620/4620
f 310/310 308/308 329/329
f 310/310 329/329 336/336
f 91/91 94/94 402/402
f 91/91 402/402 394/394
f 4620/4620 4623/4623 314/314
f 4620/4620 314/314 304/304
f 22/22 13/13 328/328
f 22/22 328/328 322/322
f 358/358 361/361 363/363
f 358/358 363/363 362/362
f 381/381 374/374 87/87
f 381/381 87/87 90/90
f 4583/4583 398/398 92/92
f 4583/4583 92/92 4567/4567
f 338/338 352/352 18/18
f 338/338 18/18 25/25
f 375/375 382/382 363/363
f 375/375 363/363 361/361
f 304/304 314/314 316/316
f 304/304 316/316 315/315
f 319/319 326/326 307/307
f 319/319 307/307 305/305
f 4621/4621 302/302 312/312
f 4621/4621 312/312 4622/4622
f 4575/4575 4577/4577 364/364
f 4575/4575 364/364 359/359
f 394/394 388/388 84/84
f 394/394 84/84 91/91
f 4574/4574 357/357 358/358
f 4574/4574 358/358 4575/4575
f 304/304 315/315 311/311
f 304/304 311/311 302/302
f 4623/4623 4624/4624 349/349
f 4623/4623 349/349 314/314
f 349/349 353/353 316/316
f 349/349 316/316 314/314
f 313/313 311/311 339/339
f 313/313 339/339 343/343
f 324/324 318/318 21/21
f 324/324 21/21 23/23
f 17/17 19/19 354/354
f 17/17 354/354 347/347
f 309/309 310/310 336/336
f 309/309 336/336 330/330
f 306/306 320/320 329/329
f 306/306 329/329 308/308
f 25/25 27/27 345/345
f 25/25 345/345 338/338
f 4622/4622 4627/4627 319/319
f 4622/4622 319/319 305/305
f 4613/4613 21/21 318/318
f 4613/4613 318/318 4629/4629
f 322/322 325/325 24/24
f 322/322 24/24 22/22
f 331/331 333/333 15/15
f 331/331 15/15 14/14
f 353/353 350/350 315/315
f 353/353 315/315 316/316
f 335/335 328/328 13/13
f 335/335 13/13 16/16
f 20/20 18/18 352/352
f 20/20 352/352 356/356
f 315/315 350/350 339/339
f 315/315 339/339 311/311
f 310/310 309/309 303/303
f 310/310 303/303 308/308
f 313/313 312/312 302/302
f 313/313 302/302 311/311
f 301/301 305/305 307/307
f 301/301 307/307 306/306
f 301/301 306/306 308/308
f 301/301 308/308 303/303
f 326/326 320/320 306/306
f 326/326 306/306 307/307
f 349/349 348/348 355/355
f 349/349 355/355 353/353
f 353/353 355/355 351/351
f 353/353 351/351 350/350
f 339/339 337/337 344/344
f 339/339 344/344 343/343
f 343/343 344/344 341/341
f 343/343 341/341 340/340
f 336/336 334/334 332/332
f 336/336 332/332 330/330
f 329/329 327/327 334/334
f 329/329 334/334 336/336
f 326/326 323/323 321/321
f 326/326 321/321 320/320
f 319/319 317/317 323/323
f 319/319 323/323 326/326
f 320/320 321/321 327/327
f 320/320 327/327 329/329
f 350/350 351/351 337/337
f 350/350 337/337 339/339
f 4627/4627 4628/4628 317/317
f 4627/4627 317/317 319/319
f 28/28 26/26 342/342
f 28/28 342/342 346/346
f 359/359 365/365 367/367
f 359/359 367/367 360/360
f 385/385 389/389 366/366
f 385/385 366/366 364/364
f 365/365 386/386 395/395
f 365/365 395/395 367/367
f 369/369 367/367 395/395
f 369/369 395/395 399/399
f 4576/4576 4581/4581 405/405
f 4576/4576 405/405 370/370
f 4579/4579 4566/4566 83/83
f 4579/4579 83/83 383/383
f 83/83 85/85 390/390
f 83/83 390/390 383/383
f 4578/4578 4580/4580 384/384
f 4578/4578 384/384 385/385
f 412/412 406/406 371/371
f 412/412 371/371 372/372
f 371/371 406/406 375/375
f 371/371 375/375 361/361
f 96/96 87/87 374/374
f 96/96 374/374 408/408
f 389/389 386/386 365/365
f 389/389 365/365 366/366
f 378/378 380/380 89/89
f 378/378 89/89 88/88
f 86/86 84/84 388/388
f 86/86 388/388 392/392
f 368/368 369/369 399/399
f 368/368 399/399 396/396
f 93/93 92/92 398/398
f 93/93 398/398 401/401
f 410/410 404/404 95/95
f 410/410 95/95 97/97
f 357/357 370/370 372/372
f 357/357 372/372 371/371
f 369/369 368/368 360/360
f 369/369 360/360 367/367
f 359/359 364/364 366/366
f 359/359 366/366 365/365
f 357/357 371/371 361/361
f 357/357 361/361 358/358
f 385/385 384/384 391/391
f 385/385 391/391 389/389
f 389/389 391/391 387/387
f 389/389 387/387 386/386
f 395/395 393/393 400/400
f 395/395 400/400 399/399
f 399/399 400/400 397/397
f 399/399 397/397 396/396
f 382/382 379/379 377/377
f 382/382 377/377 376/376
f 375/375 373/373 379/379
f 375/375 379/379 382/382
f 412/412 409/409 407/407
f 412/412 407/407 406/406
f 405/405 403/403 409/409
f 405/405 409/409 412/412
f 386/386 387/387 393/393
f 386/386 393/393 395/395
f 406/406 407/407 373/373
f 406/406 373/373 375/375
f 4581/4581 4582/4582 403/403
f 4581/4581 403/403 405/405
f 4577/4577 4578/4578 385/385
f 4577/4577 385/385 364/364
f 4624/4624 4626/4626 348/348
f 4624/4624 348/348 349/349
f 510/510 501/501 548/548
f 510/510 548/548 553/553
f 478/478 482/482 469/469
f 478/478 469/469 459/459
f 483/483 477/477 428/428
f 483/483 428/428 429/429
f 502/502 511/511 435/435
f 502/502 435/435 433/433
f 511/511 505/505 434/434
f 511/511 434/434 435/435
f 474/474 483/483 429/429
f 474/474 429/429 427/427
f 432/432 430/430 488/488
f 432/432 488/488 497/497
f 537/537 533/533 440/440
f 537/537 440/440 441/441
f 414/414 427/427 429/429
f 414/414 429/429 428/428
f 4584/4584 420/420 415/415
f 4584/4584 415/415 4587/4587
f 4587/4587 4590/4590 424/424
f 4587/4587 424/424 416/416
f 4585/4585 413/413 414/414
f 4585/4585 414/414 4586/4586
f 4584/4584 4591/4591 439/439
f 4584/4584 439/439 420/420
f 416/416 425/425 442/442
f 416/416 442/442 418/418
f 417/417 431/431 436/436
f 417/417 436/436 419/419
f 4586/4586 4589/4589 430/430
f 4586/4586 430/430 417/417
f 4592/4592 450/450 487/487
f 4592/4592 487/487 4599/4599
f 426/426 424/424 460/460
f 426/426 460/460 467/467
f 425/425 463/463 544/544
f 425/425 544/544 442/442
f 446/446 453/453 423/423
f 446/446 423/423 421/421
f 4590/4590 4595/4595 460/460
f 4590/4590 460/460 424/424
f 438/438 436/436 516/516
f 438/438 516/516 525/525
f 4603/4603 548/548 501/501
f 4603/4603 501/501 4607/4607
f 530/530 537/537 441/441
f 530/530 441/441 439/439
f 437/437 438/438 525/525
f 437/437 525/525 519/519
f 440/440 533/533 446/446
f 440/440 446/446 421/421
f 496/496 487/487 450/450
f 496/496 450/450 455/455
f 481/481 473/473 464/464
f 481/481 464/464 468/468
f 425/425 426/426 467/467
f 425/425 467/467 463/463
f 434/434 505/505 474/474
f 434/434 474/474 427/427
f 4589/4589 4596/4596 488/488
f 4589/4589 488/488 430/430
f 431/431 491/491 516/516
f 431/431 516/516 436/436
f 431/431 432/432 497/497
f 431/431 497/497 491/491
f 4588/4588 4604/4604 502/502
f 4588/4588 502/502 433/433
f 506/506 509/509 552/552
f 506/506 552/552 543/543
f 520/520 524/524 539/539
f 520/520 539/539 529/529
f 523/523 515/515 534/534
f 523/523 534/534 538/538
f 4591/4591 4600/4600 530/530
f 4591/4591 530/530 439/439
f 444/444 442/442 544/544
f 444/444 544/544 551/551
f 443/443 444/444 551/551
f 443/443 551/551 547/547
f 444/444 443/443 418/418
f 444/444 418/418 442/442
f 413/413 433/433 435/435
f 413/413 435/435 434/434
f 438/438 437/437 419/419
f 438/438 419/419 436/436
f 432/432 431/431 417/417
f 432/432 417/417 430/430
f 415/415 421/421 423/423
f 415/415 423/423 422/422
f 426/426 425/425 416/416
f 426/426 416/416 424/424
f 413/413 434/434 427/427
f 413/413 427/427 414/414
f 420/420 439/439 441/441
f 420/420 441/441 440/440
f 483/483 485/485 479/479
f 483/483 479/479 477/477
f 486/486 482/482 478/478
f 486/486 478/478 480/480
f 460/460 462/462 472/472
f 460/460 472/472 467/467
f 461/461 459/459 469/469
f 461/461 469/469 471/471
f 474/474 476/476 485/485
f 474/474 485/485 483/483
f 475/475 473/473 481/481
f 475/475 481/481 484/484
f 467/467 472/472 466/466
f 467/467 466/466 463/463
f 470/470 468/468 464/464
f 470/470 464/464 465/465
f 497/497 499/499 494/494
f 497/497 494/494 491/491
f 498/498 495/495 492/492
f 498/498 492/492 493/493
f 446/446 448/448 458/458
f 446/446 458/458 453/453
f 447/447 445/445 454/454
f 447/447 454/454 456/456
f 488/488 489/489 499/499
f 488/488 499/499 497/497
f 490/490 487/487 496/496
f 490/490 496/496 500/500
f 453/453 458/458 452/452
f 453/453 452/452 449/449
f 457/457 455/455 450/450
f 457/457 450/450 451/451
f 511/511 513/513 508/508
f 511/511 508/508 505/505
f 512/512 509/509 506/506
f 512/512 506/506 507/507
f 544/544 546/546 555/555
f 544/544 555/555 551/551
f 545/545 543/543 552/552
f 545/545 552/552 554/554
f 502/502 503/503 513/513
f 502/502 513/513 511/511
f 504/504 501/501 510/510
f 504/504 510/510 514/514
f 551/551 555/555 549/549
f 551/551 549/549 547/547
f 556/556 553/553 548/548
f 556/556 548/548 550/550
f 525/525 527/527 521/521
f 525/525 521/521 519/519
f 528/528 524/524 520/520
f 528/528 520/520 522/522
f 530/530 532/532 542/542
f 530/530 542/542 537/537
f 531/531 529/529 539/539
f 531/531 539/539 541/541
f 516/516 518/518 527/527
f 516/516 527/527 525/525
f 517/517 515/515 523/523
f 517/517 523/523 526/526
f 537/537 542/542 536/536
f 537/537 536/536 533/533
f 540/540 538/538 534/534
f 540/540 534/534 535/535
f 4592/4592 4593/4593 451/451
f 4592/4592 451/451 450/450
f 4594/4594 4595/4595 449/449
f 4594/4594 449/449 452/452
f 4596/4596 4597/4597 489/489
f 4596/4596 489/489 488/488
f 4598/4598 4599/4599 487/487
f 4598/4598 487/487 490/490
f 491/491 494/494 518/518
f 491/491 518/518 516/516
f 493/493 492/492 515/515
f 493/493 515/515 517/517
f 533/533 536/536 448/448
f 533/533 448/448 446/446
f 535/535 534/534 445/445
f 535/535 445/445 447/447
f 463/463 466/466 546/546
f 463/463 546/546 544/544
f 465/465 464/464 543/543
f 465/465 543/543 545/545
f 505/505 508/508 476/476
f 505/505 476/476 474/474
f 507/507 506/506 473/473
f 507/507 473/473 475/475
f 4600/4600 4601/4601 532/532
f 4600/4600 532/532 530/530
f 4602/4602 4603/4603 529/529
f 4602/4602 529/529 531/531
f 4604/4604 4605/4605 503/503
f 4604/4604 503/503 502/502
f 4606/4606 4607/4607 501/501
f 4606/4606 501/501 504/504
f 492/492 495/495 454/454
f 492/492 454/454 445/445
f 149/149 97/97 95/95
f 149/149 95/95 143/143
f 562/562 567/567 568/568
f 562/562 568/568 563/563
f 574/574 580/580 581/581
f 574/574 581/581 575/575
f 565/565 570/570 571/571
f 565/565 571/571 566/566
f 569/569 574/574 575/575
f 569/569 575/575 570/570
f 567/567 572/572 573/573
f 567/567 573/573 568/568
f 580/580 585/585 586/586
f 580/580 586/586 581/581
f 570/570 575/575 576/576
f 570/570 576/576 571/571
f 587/587 592/592 577/577
f 572/572 578/578 579/579
f 572/572 579/579 573/573
f 585/585 590/590 591/591
f 585/585 591/591 586/586
f 575/575 581/581 582/582
f 575/575 582/582 576/576
f 582/582 587/587 577/577
f 578/578 583/583 584/584
f 578/578 584/584 579/579
f 590/590 595/595 596/596
f 590/590 596/596 591/591
f 581/581 586/586 587/587
f 581/581 587/587 582/582
f 566/566 571/571 577/577
f 583/583 588/588 589/589
f 583/583 589/589 584/584
f 595/595 559/559 560/560
f 595/595 560/560 596/596
f 586/586 591/591 592/592
f 586/586 592/592 587/587
f 561/561 566/566 577/577
f 592/592 597/597 577/577
f 588/588 593/593 594/594
f 588/588 594/594 589/589
f 560/560 565/565 566/566
f 560/560 566/566 561/561
f 591/591 596/596 597/597
f 591/591 597/597 592/592
f 571/571 576/576 577/577
f 564/564 569/569 570/570
f 564/564 570/570 565/565
f 593/593 557/557 558/558
f 593/593 558/558 594/594
f 596/596 560/560 561/561
f 596/596 561/561 597/597
f 576/576 582/582 577/577
f 564/564 565/565 560/560
f 564/564 560/560 559/559
f 561/561 577/577 597/597
f 603/603 608/608 609/609
f 603/603 609/609 604/604
f 615/615 621/621 622/622
f 615/615 622/622 616/616
f 606/606 611/611 612/612
f 606/606 612/612 607/607
f 610/610 615/615 616/616
f 610/610 616/616 611/611
f 608/608 613/613 614/614
f 608/608 614/614 609/609
f 621/621 626/626 627/627
f 621/621 627/627 622/622
f 611/611 616/616 617/617
f 611/611 617/617 612/612
f 628/628 633/633 618/618
f 613/613 619/619 620/620
f 613/613 620/620 614/614
f 626/626 631/631 632/632
f 626/626 632/632 627/627
f 616/616 622/622 623/623
f 616/616 623/623 617/617
f 623/623 628/628 618/618
f 619/619 624/624 625/625
f 619/619 625/625 620/620
f 631/631 636/636 637/637
f 631/631 637/637 632/632
f 622/622 627/627 628/628
f 622/622 628/628 623/623
f 607/607 612/612 618/618
f 624/624 629/629 630/630
f 624/624 630/630 625/625
f 636/636 600/600 601/601
f 636/636 601/601 637/637
f 627/627 632/632 633/633
f 627/627 633/633 628/628
f 602/602 607/607 618/618
f 633/633 638/638 618/618
f 629/629 634/634 635/635
f 629/629 635/635 630/630
f 601/601 606/606 607/607
f 601/601 607/607 602/602
f 632/632 637/637 638/638
f 632/632 638/638 633/633
f 612/612 617/617 618/618
f 605/605 610/610 611/611
f 605/605 611/611 606/606
f 634/634 598/598 599/599
f 634/634 599/599 635/635
f 637/637 601/601 602/602
f 637/637 602/602 638/638
f 617/617 623/623 618/618
f 680/680 685/685 687/687
f 680/680 687/687 682/682
f 605/605 606/606 601/601
f 605/605 601/601 600/600
f 602/602 618/618 638/638
f 644/644 649/649 650/650
f 644/644 650/650 645/645
f 656/656 662/662 663/663
f 656/656 663/663 657/657
f 647/647 652/652 653/653
f 647/647 653/653 648/648
f 651/651 656/656 657/657
f 651/651 657/657 652/652
f 649/649 654/654 655/655
f 649/649 655/655 650/650
f 662/662 667/667 668/668
f 662/662 668/668 663/663
f 652/652 657/657 658/658
f 652/652 658/658 653/653
f 669/669 674/674 659/659
f 654/654 660/660 661/661
f 654/654 661/661 655/655
f 667/667 672/672 673/673
f 667/667 673/673 668/668
f 657/657 663/663 664/664
f 657/657 664/664 658/658
f 664/664 669/669 659/659
f 660/660 665/665 666/666
f 660/660 666/666 661/661
f 672/672 677/677 678/678
f 672/672 678/678 673/673
f 663/663 668/668 669/669
f 663/663 669/669 664/664
f 648/648 653/653 659/659
f 665/665 670/670 671/671
f 665/665 671/671 666/666
f 677/677 641/641 642/642
f 677/677 642/642 678/678
f 668/668 673/673 674/674
f 668/668 674/674 669/669
f 643/643 648/648 659/659
f 674/674 679/679 659/659
f 670/670 675/675 676/676
f 670/670 676/676 671/671
f 642/642 647/647 648/648
f 642/642 648/648 643/643
f 673/673 678/678 679/679
f 673/673 679/679 674/674
f 653/653 658/658 659/659
f 646/646 651/651 652/652
f 646/646 652/652 647/647
f 675/675 639/639 640/640
f 675/675 640/640 676/676
f 678/678 642/642 643/643
f 678/678 643/643 679/679
f 658/658 664/664 659/659
f 646/646 647/647 642/642
f 646/646 642/642 641/641
f 643/643 659/659 679/679
f 685/685 690/690 692/692
f 685/685 692/692 687/687
f 696/696 702/702 704/704
f 696/696 704/704 698/698
f 688/688 693/693 694/694
f 688/688 694/694 689/689
f 691/691 696/696 698/698
f 691/691 698/698 693/693
f 690/690 695/695 697/697
f 690/690 697/697 692/692
f 702/702 707/707 709/709
f 702/702 709/709 704/704
f 693/693 698/698 699/699
f 693/693 699/699 694/694
f 710/710 715/715 700/700
f 695/695 701/701 703/703
f 695/695 703/703 697/697
f 707/707 712/712 714/714
f 707/707 714/714 709/709
f 698/698 704/704 705/705
f 698/698 705/705 699/699
f 705/705 710/710 700/700
f 701/701 706/706 708/708
f 701/701 708/708 703/703
f 712/712 717/717 719/719
f 712/712 719/719 714/714
f 704/704 709/709 710/710
f 704/704 710/710 705/705
f 689/689 694/694 700/700
f 706/706 711/711 713/713
f 706/706 713/713 708/708
f 717/717 681/681 683/683
f 717/717 683/683 719/719
f 709/709 714/714 715/715
f 709/709 715/715 710/710
f 684/684 689/689 700/700
f 715/715 720/720 700/700
f 711/711 716/716 718/718
f 711/711 718/718 713/713
f 683/683 688/688 689/689
f 683/683 689/689 684/684
f 714/714 719/719 720/720
f 714/714 720/720 715/715
f 694/694 699/699 700/700
f 686/686 691/691 693/693
f 686/686 693/693 688/688
f 716/716 680/680 682/682
f 716/716 682/682 718/718
f 719/719 683/683 684/684
f 719/719 684/684 720/720
f 699/699 705/705 700/700
f 686/686 688/688 683/683
f 686/686 683/683 681/681
f 684/684 700/700 720/720
f 557/557 562/562 563/563
f 557/557 563/563 558/558
f 639/639 644/644 645/645
f 639/639 645/645 640/640
f 598/598 603/603 604/604
f 598/598 604/604 599/599
f 726/726 727/727 732/732
f 726/726 732/732 731/731
f 738/738 739/739 745/745
f 738/738 745/745 744/744
f 729/729 730/730 735/735
f 729/729 735/735 734/734
f 733/733 734/734 739/739
f 733/733 739/739 738/738
f 731/731 732/732 737/737
f 731/731 737/737 736/736
f 744/744 745/745 750/750
f 744/744 750/750 749/749
f 734/734 735/735 740/740
f 734/734 740/740 739/739
f 751/751 741/741 756/756
f 736/736 737/737 743/743
f 736/736 743/743 742/742
f 749/749 750/750 755/755
f 749/749 755/755 754/754
f 739/739 740/740 746/746
f 739/739 746/746 745/745
f 746/746 741/741 751/751
f 742/742 743/743 748/748
f 742/742 748/748 747/747
f 754/754 755/755 760/760
f 754/754 760/760 759/759
f 745/745 746/746 751/751
f 745/745 751/751 750/750
f 730/730 741/741 735/735
f 747/747 748/748 753/753
f 747/747 753/753 752/752
f 759/759 760/760 724/724
f 759/759 724/724 723/723
f 750/750 751/751 756/756
f 750/750 756/756 755/755
f 725/725 741/741 730/730
f 756/756 741/741 761/761
f 752/752 753/753 758/758
f 752/752 758/758 757/757
f 724/724 725/725 730/730
f 724/724 730/730 729/729
f 755/755 756/756 761/761
f 755/755 761/761 760/760
f 735/735 741/741 740/740
f 728/728 729/729 734/734
f 728/728 734/734 733/733
f 757/757 758/758 722/722
f 757/757 722/722 721/721
f 760/760 761/761 725/725
f 760/760 725/725 724/724
f 740/740 741/741 746/746
f 728/728 723/723 724/724
f 728/728 724/724 729/729
f 725/725 761/761 741/741
f 767/767 769/769 774/774
f 767/767 774/774 772/772
f 778/778 780/780 786/786
f 778/778 786/786 784/784
f 770/770 771/771 776/776
f 770/770 776/776 775/775
f 773/773 775/775 780/780
f 773/773 780/780 778/778
f 772/772 774/774 779/779
f 772/772 779/779 777/777
f 784/784 786/786 791/791
f 784/784 791/791 789/789
f 775/775 776/776 781/781
f 775/775 781/781 780/780
f 792/792 782/782 797/797
f 777/777 779/779 785/785
f 777/777 785/785 783/783
f 789/789 791/791 796/796
f 789/789 796/796 794/794
f 780/780 781/781 787/787
f 780/780 787/787 786/786
f 787/787 782/782 792/792
f 783/783 785/785 790/790
f 783/783 790/790 788/788
f 794/794 796/796 801/801
f 794/794 801/801 799/799
f 786/786 787/787 792/792
f 786/786 792/792 791/791
f 771/771 782/782 776/776
f 788/788 790/790 795/795
f 788/788 795/795 793/793
f 799/799 801/801 765/765
f 799/799 765/765 763/763
f 791/791 792/792 797/797
f 791/791 797/797 796/796
f 766/766 782/782 771/771
f 797/797 782/782 802/802
f 793/793 795/795 800/800
f 793/793 800/800 798/798
f 765/765 766/766 771/771
f 765/765 771/771 770/770
f 796/796 797/797 802/802
f 796/796 802/802 801/801
f 776/776 782/782 781/781
f 768/768 770/770 775/775
f 768/768 775/775 773/773
f 798/798 800/800 764/764
f 798/798 764/764 762/762
f 801/801 802/802 766/766
f 801/801 766/766 765/765
f 781/781 782/782 787/787
f 844/844 845/845 850/850
f 844/844 850/850 849/849
f 768/768 763/763 765/765
f 768/768 765/765 770/770
f 766/766 802/802 782/782
f 808/808 809/809 814/814
f 808/808 814/814 813/813
f 820/820 821/821 827/827
f 820/820 827/827 826/826
f 811/811 812/812 817/817
f 811/811 817/817 816/816
f 815/815 816/816 821/821
f 815/815 821/821 820/820
f 813/813 814/814 819/819
f 813/813 819/819 818/818
f 826/826 827/827 832/832
f 826/826 832/832 831/831
f 816/816 817/817 822/822
f 816/816 822/822 821/821
f 833/833 823/823 838/838
f 818/818 819/819 825/825
f 818/818 825/825 824/824
f 831/831 832/832 837/837
f 831/831 837/837 836/836
f 821/821 822/822 828/828
f 821/821 828/828 827/827
f 828/828 823/823 833/833
f 824/824 825/825 830/830
f 824/824 830/830 829/829
f 836/836 837/837 842/842
f 836/836 842/842 841/841
f 827/827 828/828 833/833
f 827/827 833/833 832/832
f 812/812 823/823 817/817
f 829/829 830/830 835/835
f 829/829 835/835 834/834
f 841/841 842/842 806/806
f 841/841 806/806 805/805
f 832/832 833/833 838/838
f 832/832 838/838 837/837
f 807/807 823/823 812/812
f 838/838 823/823 843/843
f 834/834 835/835 840/840
f 834/834 840/840 839/839
f 806/806 807/807 812/812
f 806/806 812/812 811/811
f 837/837 838/838 843/843
f 837/837 843/843 842/842
f 817/817 823/823 822/822
f 810/810 811/811 816/816
f 810/810 816/816 815/815
f 839/839 840/840 804/804
f 839/839 804/804 803/803
f 842/842 843/843 807/807
f 842/842 807/807 806/806
f 822/822 823/823 828/828
f 810/810 805/805 806/806
f 810/810 806/806 811/811
f 807/807 843/843 823/823
f 849/849 850/850 855/855
f 849/849 855/855 854/854
f 861/861 862/862 868/868
f 861/861 868/868 867/867
f 852/852 853/853 858/858
f 852/852 858/858 857/857
f 856/856 857/857 862/862
f 856/856 862/862 861/861
f 854/854 855/855 860/860
f 854/854 860/860 859/859
f 867/867 868/868 873/873
f 867/867 873/873 872/872
f 857/857 858/858 863/863
f 857/857 863/863 862/862
f 874/874 864/864 879/879
f 859/859 860/860 866/866
f 859/859 866/866 865/865
f 872/872 873/873 878/878
f 872/872 878/878 877/877
f 862/862 863/863 869/869
f 862/862 869/869 868/868
f 869/869 864/864 874/874
f 865/865 866/866 871/871
f 865/865 871/871 870/870
f 877/877 878/878 883/883
f 877/877 883/883 882/882
f 868/868 869/869 874/874
f 868/868 874/874 873/873
f 853/853 864/864 858/858
f 870/870 871/871 876/876
f 870/870 876/876 875/875
f 882/882 883/883 847/847
f 882/882 847/847 846/846
f 873/873 874/874 879/879
f 873/873 879/879 878/878
f 848/848 864/864 853/853
f 879/879 864/864 884/884
f 875/875 876/876 881/881
f 875/875 881/881 880/880
f 847/847 848/848 853/853
f 847/847 853/853 852/852
f 878/878 879/879 884/884
f 878/878 884/884 883/883
f 858/858 864/864 863/863
f 851/851 852/852 857/857
f 851/851 857/857 856/856
f 880/880 881/881 845/845
f 880/880 845/845 844/844
f 883/883 884/884 848/848
f 883/883 848/848 847/847
f 863/863 864/864 869/869
f 851/851 846/846 847/847
f 851/851 847/847 852/852
f 848/848 884/884 864/864
f 721/721 722/722 727/727
f 721/721 727/727 726/726
f 803/803 804/804 809/809
f 803/803 809/809 808/808
f 762/762 764/764 769/769
f 762/762 769/769 767/767
f 890/890 892/892 897/897
f 890/890 897/897 895/895
f 901/901 903/903 909/909
f 901/901 909/909 907/907
f 893/893 894/894 899/899
f 893/893 899/899 898/898
f 896/896 898/898 903/903
f 896/896 903/903 901/901
f 895/895 897/897 902/902
f 895/895 902/902 900/900
f 907/907 909/909 914/914
f 907/907 914/914 912/912
f 898/898 899/899 904/904
f 898/898 904/904 903/903
f 915/915 905/905 920/920
f 900/900 902/902 908/908
f 900/900 908/908 906/906
f 912/912 914/914 919/919
f 912/912 919/919 917/917
f 903/903 904/904 910/910
f 903/903 910/910 909/909
f 910/910 905/905 915/915
f 906/906 908/908 913/913
f 906/906 913/913 911/911
f 917/917 919/919 924/924
f 917/917 924/924 922/922
f 909/909 910/910 915/915
f 909/909 915/915 914/914
f 894/894 905/905 899/899
f 911/911 913/913 918/918
f 911/911 918/918 916/916
f 922/922 924/924 888/888
f 922/922 888/888 886/886
f 914/914 915/915 920/920
f 914/914 920/920 919/919
f 889/889 905/905 894/894
f 920/920 905/905 925/925
f 916/916 918/918 923/923
f 916/916 923/923 921/921
f 888/888 889/889 894/894
f 888/888 894/894 893/893
f 919/919 920/920 925/925
f 919/919 925/925 924/924
f 899/899 905/905 904/904
f 891/891 893/893 898/898
f 891/891 898/898 896/896
f 921/921 923/923 887/887
f 921/921 887/887 885/885
f 924/924 925/925 889/889
f 924/924 889/889 888/888
f 904/904 905/905 910/910
f 891/891 886/886 888/888
f 891/891 888/888 893/893
f 889/889 925/925 905/905
f 931/931 932/932 937/937
f 931/931 937/937 936/936
f 943/943 944/944 950/950
f 943/943 950/950 949/949
f 934/934 935/935 940/940
f 934/934 940/940 939/939
f 938/938 939/939 944/944
f 938/938 944/944 943/943
f 936/936 937/937 942/942
f 936/936 942/942 941/941
f 949/949 950/950 955/955
f 949/949 955/955 954/954
f 939/939 940/940 945/945
f 939/939 945/945 944/944
f 956/956 946/946 961/961
f 941/941 942/942 948/948
f 941/941 948/948 947/947
f 954/954 955/955 960/960
f 954/954 960/960 959/959
f 944/944 945/945 951/951
f 944/944 951/951 950/950
f 951/951 946/946 956/956
f 947/947 948/948 953/953
f 947/947 953/953 952/952
f 959/959 960/960 965/965
f 959/959 965/965 964/964
f 950/950 951/951 956/956
f 950/950 956/956 955/955
f 935/935 946/946 940/940
f 952/952 953/953 958/958
f 952/952 958/958 957/957
f 964/964 965/965 929/929
f 964/964 929/929 928/928
f 955/955 956/956 961/961
f 955/955 961/961 960/960
f 930/930 946/946 935/935
f 961/961 946/946 966/966
f 957/957 958/958 963/963
f 957/957 963/963 962/962
f 929/929 930/930 935/935
f 929/929 935/935 934/934
f 960/960 961/961 966/966
f 960/960 966/966 965/965
f 940/940 946/946 945/945
f 933/933 934/934 939/939
f 933/933 939/939 938/938
f 962/962 963/963 927/927
f 962/962 927/927 926/926
f 965/965 966/966 930/930
f 965/965 930/930 929/929
f 945/945 946/946 951/951
f 1008/1008 1009/1009 1014/1014
f 1008/1008 1014/1014 1013/1013
f 933/933 928/928 929/929
f 933/933 929/929 934/934
f 930/930 966/966 946/946
f 972/972 973/973 978/978
f 972/972 978/978 977/977
f 984/984 985/985 991/991
f 984/984 991/991 990/990
f 975/975 976/976 981/981
f 975/975 981/981 980/980
f 979/979 980/980 985/985
f 979/979 985/985 984/984
f 977/977 978/978 983/983
f 977/977 983/983 982/982
f 990/990 991/991 996/996
f 990/990 996/996 995/995
f 980/980 981/981 986/986
f 980/980 986/986 985/985
f 997/997 987/987 1002/1002
f 982/982 983/983 989/989
f 982/982 989/989 988/988
f 995/995 996/996 1001/1001
f 995/995 1001/1001 1000/1000
f 985/985 986/986 992/992
f 985/985 992/992 991/991
f 992/992 987/987 997/997
f 988/988 989/989 994/994
f 988/988 994/994 993/993
f 1000/1000 1001/1001 1006/1006
f 1000/1000 1006/1006 1005/1005
f 991/991 992/992 997/997
f 991/991 997/997 996/996
f 976/976 987/987 981/981
f 993/993 994/994 999/999
f 993/993 999/999 998/998
f 1005/1005 1006/1006 970/970
f 1005/1005 970/970 969/969
f 996/996 997/997 1002/1002
f 996/996 1002/1002 1001/1001
f 971/971 987/987 976/976
f 1002/1002 987/987 1007/1007
f 998/998 999/999 1004/1004
f 998/998 1004/1004 1003/1003
f 970/970 971/971 976/976
f 970/970 976/976 975/975
f 1001/1001 1002/1002 1007/1007
f 1001/1001 1007/1007 1006/1006
f 981/981 987/987 986/986
f 974/974 975/975 980/980
f 974/974 980/980 979/979
f 1003/1003 1004/1004 968/968
f 1003/1003 968/968 967/967
f 1006/1006 1007/1007 971/971
f 1006/1006 971/971 970/970
f 986/986 987/987 992/992
f 974/974 969/969 970/970
f 974/974 970/970 975/975
f 971/971 1007/1007 987/987
f 1013/1013 1014/1014 1019/1019
f 1013/1013 1019/1019 1018/1018
f 1025/1025 1026/1026 1032/1032
f 1025/1025 1032/1032 1031/1031
f 1016/1016 1017/1017 1022/1022
f 1016/1016 1022/1022 1021/1021
f 1020/1020 1021/1021 1026/1026
f 1020/1020 1026/1026 1025/1025
f 1018/1018 1019/1019 1024/1024
f 1018/1018 1024/1024 1023/1023
f 1031/1031 1032/1032 1037/1037
f 1031/1031 1037/1037 1036/1036
f 1021/1021 1022/1022 1027/1027
f 1021/1021 1027/1027 1026/1026
f 1038/1038 1028/1028 1043/1043
f 1023/1023 1024/1024 1030/1030
f 1023/1023 1030/1030 1029/1029
f 1036/1036 1037/1037 1042/1042
f 1036/1036 1042/1042 1041/1041
f 1026/1026 1027/1027 1033/1033
f 1026/1026 1033/1033 1032/1032
f 1033/1033 1028/1028 1038/1038
f 1029/1029 1030/1030 1035/1035
f 1029/1029 1035/1035 1034/1034
f 1041/1041 1042/1042 1047/1047
f 1041/1041 1047/1047 1046/1046
f 1032/1032 1033/1033 1038/1038
f 1032/1032 1038/1038 1037/1037
f 1017/1017 1028/1028 1022/1022
f 1034/1034 1035/1035 1040/1040
f 1034/1034 1040/1040 1039/1039
f 1046/1046 1047/1047 1011/1011
f 1046/1046 1011/1011 1010/1010
f 1037/1037 1038/1038 1043/1043
f 1037/1037 1043/1043 1042/1042
f 1012/1012 1028/1028 1017/1017
f 1043/1043 1028/1028 1048/1048
f 1039/1039 1040/1040 1045/1045
f 1039/1039 1045/1045 1044/1044
f 1011/1011 1012/1012 1017/1017
f 1011/1011 1017/1017 1016/1016
f 1042/1042 1043/1043 1048/1048
f 1042/1042 1048/1048 1047/1047
f 1022/1022 1028/1028 1027/1027
f 1015/1015 1016/1016 1021/1021
f 1015/1015 1021/1021 1020/1020
f 1044/1044 1045/1045 1009/1009
f 1044/1044 1009/1009 1008/1008
f 1047/1047 1048/1048 1012/1012
f 1047/1047 1012/1012 1011/1011
f 1027/1027 1028/1028 1033/1033
f 1015/1015 1010/1010 1011/1011
f 1015/1015 1011/1011 1016/1016
f 1012/1012 1048/1048 1028/1028
f 885/885 887/887 892/892
f 885/885 892/892 890/890
f 967/967 968/968 973/973
f 967/967 973/973 972/972
f 926/926 927/927 932/932
f 926/926 932/932 931/931
f 1054/1054 1059/1059 1061/1061
f 1054/1054 1061/1061 1056/1056
f 1066/1066 1072/1072 1073/1073
f 1066/1066 1073/1073 1067/1067
f 1057/1057 1062/1062 1063/1063
f 1057/1057 1063/1063 1058/1058
f 1060/1060 1066/1066 1067/1067
f 1060/1060 1067/1067 1062/1062
f 1059/1059 1064/1064 1065/1065
f 1059/1059 1065/1065 1061/1061
f 1072/1072 1077/1077 1078/1078
f 1072/1072 1078/1078 1073/1073
f 1062/1062 1067/1067 1068/1068
f 1062/1062 1068/1068 1063/1063
f 1079/1079 1084/1084 1069/1069
f 1064/1064 1070/1070 1071/1071
f 1064/1064 1071/1071 1065/1065
f 1077/1077 1082/1082 1083/1083
f 1077/1077 1083/1083 1078/1078
f 1067/1067 1073/1073 1074/1074
f 1067/1067 1074/1074 1068/1068
f 1074/1074 1079/1079 1069/1069
f 1070/1070 1075/1075 1076/1076
f 1070/1070 1076/1076 1071/1071
f 1082/1082 1086/1086 1088/1088
f 1082/1082 1088/1088 1083/1083
f 1073/1073 1078/1078 1079/1079
f 1073/1073 1079/1079 1074/1074
f 1058/1058 1063/1063 1069/1069
f 1075/1075 1080/1080 1081/1081
f 1075/1075 1081/1081 1076/1076
f 1086/1086 1050/1050 1052/1052
f 1086/1086 1052/1052 1088/1088
f 1078/1078 1083/1083 1084/1084
f 1078/1078 1084/1084 1079/1079
f 1053/1053 1058/1058 1069/1069
f 1084/1084 1089/1089 1069/1069
f 1080/1080 1085/1085 1087/1087
f 1080/1080 1087/1087 1081/1081
f 1052/1052 1057/1057 1058/1058
f 1052/1052 1058/1058 1053/1053
f 1083/1083 1088/1088 1089/1089
f 1083/1083 1089/1089 1084/1084
f 1063/1063 1068/1068 1069/1069
f 1055/1055 1060/1060 1062/1062
f 1055/1055 1062/1062 1057/1057
f 1085/1085 1049/1049 1051/1051
f 1085/1085 1051/1051 1087/1087
f 1088/1088 1052/1052 1053/1053
f 1088/1088 1053/1053 1089/1089
f 1068/1068 1074/1074 1069/1069
f 1055/1055 1057/1057 1052/1052
f 1055/1055 1052/1052 1050/1050
f 1053/1053 1069/1069 1089/1089
f 1095/1095 1100/1100 1102/1102
f 1095/1095 1102/1102 1097/1097
f 1106/1106 1112/1112 1114/1114
f 1106/1106 1114/1114 1108/1108
f 1098/1098 1103/1103 1104/1104
f 1098/1098 1104/1104 1099/1099
f 1101/1101 1106/1106 1108/1108
f 1101/1101 1108/1108 1103/1103
f 1100/1100 1105/1105 1107/1107
f 1100/1100 1107/1107 1102/1102
f 1112/1112 1117/1117 1119/1119
f 1112/1112 1119/1119 1114/1114
f 1103/1103 1108/1108 1109/1109
f 1103/1103 1109/1109 1104/1104
f 1120/1120 1125/1125 1110/1110
f 1105/1105 1111/1111 1113/1113
f 1105/1105 1113/1113 1107/1107
f 1117/1117 1122/1122 1124/1124
f 1117/1117 1124/1124 1119/1119
f 1108/1108 1114/1114 1115/1115
f 1108/1108 1115/1115 1109/1109
f 1115/1115 1120/1120 1110/1110
f 1111/1111 1116/1116 1118/1118
f 1111/1111 1118/1118 1113/1113
f 1122/1122 1127/1127 1129/1129
f 1122/1122 1129/1129 1124/1124
f 1114/1114 1119/1119 1120/1120
f 1114/1114 1120/1120 1115/1115
f 1099/1099 1104/1104 1110/1110
f 1116/1116 1121/1121 1123/1123
f 1116/1116 1123/1123 1118/1118
f 1127/1127 1091/1091 1093/1093
f 1127/1127 1093/1093 1129/1129
f 1119/1119 1124/1124 1125/1125
f 1119/1119 1125/1125 1120/1120
f 1094/1094 1099/1099 1110/1110
f 1125/1125 1130/1130 1110/1110
f 1121/1121 1126/1126 1128/1128
f 1121/1121 1128/1128 1123/1123
f 1093/1093 1098/1098 1099/1099
f 1093/1093 1099/1099 1094/1094
f 1124/1124 1129/1129 1130/1130
f 1124/1124 1130/1130 1125/1125
f 1104/1104 1109/1109 1110/1110
f 1096/1096 1101/1101 1103/1103
f 1096/1096 1103/1103 1098/1098
f 1126/1126 1090/1090 1092/1092
f 1126/1126 1092/1092 1128/1128
f 1129/1129 1093/1093 1094/1094
f 1129/1129 1094/1094 1130/1130
f 1109/1109 1115/1115 1110/1110
f 1172/1172 1177/1177 1178/1178
f 1172/1172 1178/1178 1173/1173
f 1096/1096 1098/1098 1093/1093
f 1096/1096 1093/1093 1091/1091
f 1094/1094 1110/1110 1130/1130
f 1136/1136 1141/1141 1142/1142
f 1136/1136 1142/1142 1137/1137
f 1148/1148 1154/1154 1155/1155
f 1148/1148 1155/1155 1149/1149
f 1139/1139 1144/1144 1145/1145
f 1139/1139 1145/1145 1140/1140
f 1143/1143 1148/1148 1149/1149
f 1143/1143 1149/1149 1144/1144
f 1141/1141 1146/1146 1147/1147
f 1141/1141 1147/1147 1142/1142
f 1154/1154 1159/1159 1160/1160
f 1154/1154 1160/1160 1155/1155
f 1144/1144 1149/1149 1150/1150
f 1144/1144 1150/1150 1145/1145
f 1161/1161 1166/1166 1151/1151
f 1146/1146 1152/1152 1153/1153
f 1146/1146 1153/1153 1147/1147
f 1159/1159 1164/1164 1165/1165
f 1159/1159 1165/1165 1160/1160
f 1149/1149 1155/1155 1156/1156
f 1149/1149 1156/1156 1150/1150
f 1156/1156 1161/1161 1151/1151
f 1152/1152 1157/1157 1158/1158
f 1152/1152 1158/1158 1153/1153
f 1164/1164 1169/1169 1170/1170
f 1164/1164 1170/1170 1165/1165
f 1155/1155 1160/1160 1161/1161
f 1155/1155 1161/1161 1156/1156
f 1140/1140 1145/1145 1151/1151
f 1157/1157 1162/1162 1163/1163
f 1157/1157 1163/1163 1158/1158
f 1169/1169 1133/1133 1134/1134
f 1169/1169 1134/1134 1170/1170
f 1160/1160 1165/1165 1166/1166
f 1160/1160 1166/1166 1161/1161
f 1135/1135 1140/1140 1151/1151
f 1166/1166 1171/1171 1151/1151
f 1162/1162 1167/1167 1168/1168
f 1162/1162 1168/1168 1163/1163
f 1134/1134 1139/1139 1140/1140
f 1134/1134 1140/1140 1135/1135
f 1165/1165 1170/1170 1171/1171
f 1165/1165 1171/1171 1166/1166
f 1145/1145 1150/1150 1151/1151
f 1138/1138 1143/1143 1144/1144
f 1138/1138 1144/1144 1139/1139
f 1167/1167 1131/1131 1132/1132
f 1167/1167 1132/1132 1168/1168
f 1170/1170 1134/1134 1135/1135
f 1170/1170 1135/1135 1171/1171
f 1150/1150 1156/1156 1151/1151
f 1138/1138 1139/1139 1134/1134
f 1138/1138 1134/1134 1133/1133
f 1135/1135 1151/1151 1171/1171
f 1177/1177 1182/1182 1183/1183
f 1177/1177 1183/1183 1178/1178
f 1189/1189 1195/1195 1196/1196
f 1189/1189 1196/1196 1190/1190
f 1180/1180 1185/1185 1186/1186
f 1180/1180 1186/1186 1181/1181
f 1184/1184 1189/1189 1190/1190
f 1184/1184 1190/1190 1185/1185
f 1182/1182 1187/1187 1188/1188
f 1182/1182 1188/1188 1183/1183
f 1195/1195 1200/1200 1201/1201
f 1195/1195 1201/1201 1196/1196
f 1185/1185 1190/1190 1191/1191
f 1185/1185 1191/1191 1186/1186
f 1202/1202 1207/1207 1192/1192
f 1187/1187 1193/1193 1194/1194
f 1187/1187 1194/1194 1188/1188
f 1200/1200 1205/1205 1206/1206
f 1200/1200 1206/1206 1201/1201
f 1190/1190 1196/1196 1197/1197
f 1190/1190 1197/1197 1191/1191
f 1197/1197 1202/1202 1192/1192
f 1193/1193 1198/1198 1199/1199
f 1193/1193 1199/1199 1194/1194
f 1205/1205 1210/1210 1211/1211
f 1205/1205 1211/1211 1206/1206
f 1196/1196 1201/1201 1202/1202
f 1196/1196 1202/1202 1197/1197
f 1181/1181 1186/1186 1192/1192
f 1198/1198 1203/1203 1204/1204
f 1198/1198 1204/1204 1199/1199
f 1210/1210 1174/1174 1175/1175
f 1210/1210 1175/1175 1211/1211
f 1201/1201 1206/1206 1207/1207
f 1201/1201 1207/1207 1202/1202
f 1176/1176 1181/1181 1192/1192
f 1207/1207 1212/1212 1192/1192
f 1203/1203 1208/1208 1209/1209
f 1203/1203 1209/1209 1204/1204
f 1175/1175 1180/1180 1181/1181
f 1175/1175 1181/1181 1176/1176
f 1206/1206 1211/1211 1212/1212
f 1206/1206 1212/1212 1207/1207
f 1186/1186 1191/1191 1192/1192
f 1179/1179 1184/1184 1185/1185
f 1179/1179 1185/1185 1180/1180
f 1208/1208 1172/1172 1173/1173
f 1208/1208 1173/1173 1209/1209
f 1211/1211 1175/1175 1176/1176
f 1211/1211 1176/1176 1212/1212
f 1191/1191 1197/1197 1192/1192
f 1179/1179 1180/1180 1175/1175
f 1179/1179 1175/1175 1174/1174
f 1176/1176 1192/1192 1212/1212
f 1049/1049 1054/1054 1056/1056
f 1049/1049 1056/1056 1051/1051
f 1131/1131 1136/1136 1137/1137
f 1131/1131 1137/1137 1132/1132
f 1090/1090 1095/1095 1097/1097
f 1090/1090 1097/1097 1092/1092
f 147/147 96/96 98/98
f 147/147 98/98 150/150
f 1298/1298 1251/1251 1220/1220
f 1298/1298 1220/1220 1287/1287
f 1217/1217 1305/1305 1323/1323
f 1217/1217 1323/1323 1341/1341
f 1318/1318 1271/1271 298/298
f 1318/1318 298/298 1303/1303
f 1315/1315 1263/1263 1232/1232
f 1315/1315 1232/1232 1310/1310
f 1332/1332 1253/1253 2/2
f 1332/1332 2/2 1345/1345
f 1328/1328 1273/1273 1240/1240
f 1328/1328 1240/1240 1333/1333
f 1285/1285 1215/1215 1231/1231
f 1285/1285 1231/1231 1290/1290
f 1295/1295 1264/1264 8/8
f 1295/1295 8/8 1283/1283
f 1302/1302 1268/1268 1235/1235
f 1302/1302 1235/1235 1291/1291
f 1286/1286 1214/1214 1227/1227
f 1286/1286 1227/1227 1294/1294
f 1299/1299 1257/1257 1/1
f 1299/1299 1/1 1284/1284
f 1306/1306 1216/1216 1236/1236
f 1306/1306 1236/1236 1311/1311
f 1322/1322 1267/1267 7/7
f 1322/1322 7/7 1304/1304
f 1324/1324 1286/1286 1216/1216
f 1324/1324 1216/1216 1343/1343
f 1323/1323 1343/1343 1216/1216
f 1323/1323 1216/1216 1306/1306
f 1287/1287 1220/1220 1222/1222
f 1287/1287 1222/1222 1288/1288
f 1289/1289 1223/1223 1219/1219
f 1289/1289 1219/1219 1290/1290
f 1291/1291 1235/1235 1237/1237
f 1291/1291 1237/1237 1292/1292
f 1293/1293 1238/1238 1236/1236
f 1293/1293 1236/1236 1294/1294
f 1341/1341 1218/1218 1245/1245
f 1341/1341 1245/1245 1336/1336
f 1325/1325 1279/1279 297/297
f 1325/1325 297/297 1344/1344
f 1307/1307 1241/1241 1244/1244
f 1307/1307 1244/1244 1309/1309
f 1308/1308 1242/1242 1239/1239
f 1308/1308 1239/1239 1310/1310
f 1311/1311 1236/1236 1238/1238
f 1311/1311 1238/1238 1313/1313
f 1312/1312 1237/1237 1235/1235
f 1312/1312 1235/1235 1314/1314
f 1340/1340 1226/1226 1230/1230
f 1340/1340 1230/1230 1339/1339
f 1342/1342 1213/1213 1219/1219
f 1342/1342 1219/1219 1337/1337
f 1338/1338 1229/1229 1227/1227
f 1338/1338 1227/1227 1337/1337
f 1295/1295 1253/1253 1254/1254
f 1295/1295 1254/1254 1296/1296
f 1297/1297 1255/1255 1251/1251
f 1297/1297 1251/1251 1298/1298
f 1299/1299 1267/1267 1270/1270
f 1299/1299 1270/1270 1300/1300
f 1301/1301 1269/1269 1268/1268
f 1301/1301 1268/1268 1302/1302
f 1336/1336 1245/1245 1250/1250
f 1336/1336 1250/1250 1335/1335
f 1334/1334 1249/1249 1247/1247
f 1334/1334 1247/1247 1333/1333
f 1315/1315 1272/1272 1274/1274
f 1315/1315 1274/1274 1316/1316
f 1317/1317 1276/1276 1271/1271
f 1317/1317 1271/1271 1318/1318
f 1319/1319 1268/1268 1269/1269
f 1319/1319 1269/1269 1320/1320
f 1321/1321 1270/1270 1267/1267
f 1321/1321 1267/1267 1322/1322
f 1332/1332 1257/1257 1260/1260
f 1332/1332 1260/1260 1330/1330
f 1261/1261 1301/1301 1302/1302
f 1261/1261 1302/1302 1258/1258
f 1257/1257 1299/1299 1300/1300
f 1257/1257 1300/1300 1260/1260
f 1266/1266 1297/1297 1298/1298
f 1266/1266 1298/1298 1263/1263
f 1264/1264 1295/1295 1296/1296
f 1264/1264 1296/1296 1265/1265
f 1229/1229 1293/1293 1294/1294
f 1229/1229 1294/1294 1227/1227
f 1225/1225 1291/1291 1292/1292
f 1225/1225 1292/1292 1228/1228
f 1234/1234 1289/1289 1290/1290
f 1234/1234 1290/1290 1231/1231
f 1232/1232 1287/1287 1288/1288
f 1232/1232 1288/1288 1233/1233
f 1267/1267 1299/1299 1284/1284
f 1267/1267 1284/1284 7/7
f 1216/1216 1286/1286 1294/1294
f 1216/1216 1294/1294 1236/1236
f 1258/1258 1302/1302 1291/1291
f 1258/1258 1291/1291 1225/1225
f 1253/1253 1295/1295 1283/1283
f 1253/1253 1283/1283 2/2
f 1213/1213 1285/1285 1290/1290
f 1213/1213 1290/1290 1219/1219
f 1331/1331 1262/1262 1259/1259
f 1331/1331 1259/1259 1329/1329
f 1263/1263 1298/1298 1287/1287
f 1263/1263 1287/1287 1232/1232
f 1282/1282 1321/1321 1322/1322
f 1282/1282 1322/1322 1279/1279
f 1277/1277 1319/1319 1320/1320
f 1277/1277 1320/1320 1280/1280
f 1265/1265 1317/1317 1318/1318
f 1265/1265 1318/1318 1264/1264
f 1263/1263 1315/1315 1316/1316
f 1263/1263 1316/1316 1266/1266
f 1248/1248 1312/1312 1314/1314
f 1248/1248 1314/1314 1246/1246
f 1245/1245 1311/1311 1313/1313
f 1245/1245 1313/1313 1250/1250
f 1233/1233 1308/1308 1310/1310
f 1233/1233 1310/1310 1232/1232
f 1231/1231 1307/1307 1309/1309
f 1231/1231 1309/1309 1234/1234
f 1279/1279 1322/1322 1304/1304
f 1279/1279 1304/1304 297/297
f 1218/1218 1306/1306 1311/1311
f 1218/1218 1311/1311 1245/1245
f 1328/1328 1278/1278 1281/1281
f 1328/1328 1281/1281 1326/1326
f 1272/1272 1315/1315 1310/1310
f 1272/1272 1310/1310 1239/1239
f 1264/1264 1318/1318 1303/1303
f 1264/1264 1303/1303 8/8
f 1215/1215 1305/1305 1307/1307
f 1215/1215 1307/1307 1231/1231
f 1268/1268 1319/1319 1314/1314
f 1268/1268 1314/1314 1235/1235
f 1327/1327 1282/1282 1279/1279
f 1327/1327 1279/1279 1325/1325
f 1329/1329 1259/1259 1226/1226
f 1329/1329 1226/1226 1340/1340
f 1285/1285 1324/1324 1343/1343
f 1285/1285 1343/1343 1215/1215
f 1305/1305 1215/1215 1343/1343
f 1305/1305 1343/1343 1323/1323
f 1217/1217 1341/1341 1336/1336
f 1217/1217 1336/1336 1241/1241
f 1271/1271 1325/1325 1344/1344
f 1271/1271 1344/1344 298/298
f 1221/1221 1340/1340 1339/1339
f 1221/1221 1339/1339 1224/1224
f 1223/1223 1338/1338 1337/1337
f 1223/1223 1337/1337 1219/1219
f 1241/1241 1336/1336 1335/1335
f 1241/1241 1335/1335 1244/1244
f 1243/1243 1334/1334 1333/1333
f 1243/1243 1333/1333 1240/1240
f 1342/1342 1214/1214 1286/1286
f 1342/1342 1286/1286 1324/1324
f 1253/1253 1332/1332 1330/1330
f 1253/1253 1330/1330 1254/1254
f 1256/1256 1331/1331 1329/1329
f 1256/1256 1329/1329 1252/1252
f 1273/1273 1328/1328 1326/1326
f 1273/1273 1326/1326 1275/1275
f 1276/1276 1327/1327 1325/1325
f 1276/1276 1325/1325 1271/1271
f 1252/1252 1329/1329 1340/1340
f 1252/1252 1340/1340 1221/1221
f 1213/1213 1342/1342 1324/1324
f 1213/1213 1324/1324 1285/1285
f 1257/1257 1332/1332 1345/1345
f 1257/1257 1345/1345 1/1
f 1278/1278 1328/1328 1333/1333
f 1278/1278 1333/1333 1247/1247
f 1214/1214 1342/1342 1337/1337
f 1214/1214 1337/1337 1227/1227
f 1341/1341 1323/1323 1306/1306
f 1341/1341 1306/1306 1218/1218
f 1382/1382 1386/1386 1350/1350
f 1382/1382 1350/1350 1348/1348
f 1361/1361 1350/1350 1386/1386
f 1361/1361 1386/1386 1373/1373
f 1393/1393 1396/1396 1359/1359
f 1393/1393 1359/1359 1357/1357
f 1401/1401 1372/1372 1353/1353
f 1401/1401 1353/1353 1366/1366
f 1390/1390 1393/1393 1357/1357
f 1390/1390 1357/1357 1355/1355
f 1396/1396 1379/1379 1346/1346
f 1396/1396 1346/1346 1359/1359
f 1402/1402 1399/1399 1363/1363
f 1402/1402 1363/1363 1365/1365
f 1363/1363 1369/1369 1367/1367
f 1363/1363 1367/1367 1371/1371
f 1349/1349 1351/1351 1384/1384
f 1349/1349 1384/1384 1381/1381
f 1356/1356 1358/1358 1392/1392
f 1356/1356 1392/1392 1389/1389
f 1392/1392 1358/1358 1360/1360
f 1392/1392 1360/1360 1395/1395
f 1405/1405 1376/1376 1362/1362
f 1405/1405 1362/1362 1367/1367
f 1408/1408 1405/1405 1367/1367
f 1408/1408 1367/1367 1369/1369
f 1404/1404 1407/1407 1370/1370
f 1404/1404 1370/1370 1368/1368
f 1398/1398 1401/1401 1366/1366
f 1398/1398 1366/1366 1364/1364
f 1347/1347 1349/1349 1381/1381
f 1347/1347 1381/1381 1378/1378
f 1375/1375 1354/1354 1356/1356
f 1375/1375 1356/1356 1389/1389
f 1375/1375 1404/1404 1368/1368
f 1375/1375 1368/1368 1354/1354
f 1399/1399 1408/1408 1369/1369
f 1399/1399 1369/1369 1363/1363
f 1373/1373 1402/1402 1365/1365
f 1373/1373 1365/1365 1361/1361
f 1367/1367 1362/1362 1355/1355
f 1367/1367 1355/1355 1371/1371
f 1407/1407 1398/1398 1364/1364
f 1407/1407 1364/1364 1370/1370
f 1395/1395 1360/1360 1347/1347
f 1395/1395 1347/1347 1378/1378
f 1385/1385 1352/1352 1353/1353
f 1385/1385 1353/1353 1372/1372
f 1361/1361 1365/1365 1363/1363
f 1361/1361 1363/1363 1371/1371
f 1357/1357 1359/1359 1371/1371
f 1357/1357 1371/1371 1355/1355
f 1350/1350 1361/1361 1371/1371
f 1350/1350 1371/1371 1348/1348
f 1359/1359 1346/1346 1348/1348
f 1359/1359 1348/1348 1371/1371
f 1378/1378 1381/1381 1383/1383
f 1378/1378 1383/1383 1380/1380
f 1381/1381 1384/1384 1387/1387
f 1381/1381 1387/1387 1383/1383
f 1385/1385 1372/1372 1374/1374
f 1385/1385 1374/1374 1388/1388
f 1376/1376 1390/1390 1355/1355
f 1376/1376 1355/1355 1362/1362
f 1375/1375 1389/1389 1391/1391
f 1375/1375 1391/1391 1377/1377
f 1389/1389 1392/1392 1394/1394
f 1389/1389 1394/1394 1391/1391
f 1392/1392 1395/1395 1397/1397
f 1392/1392 1397/1397 1394/1394
f 1395/1395 1378/1378 1380/1380
f 1395/1395 1380/1380 1397/1397
f 1400/1400 1403/1403 1401/1401
f 1400/1400 1401/1401 1398/1398
f 1403/1403 1374/1374 1372/1372
f 1403/1403 1372/1372 1401/1401
f 1377/1377 1406/1406 1404/1404
f 1377/1377 1404/1404 1375/1375
f 1406/1406 1409/1409 1407/1407
f 1406/1406 1407/1407 1404/1404
f 1409/1409 1400/1400 1398/1398
f 1409/1409 1398/1398 1407/1407
f 1379/1379 1382/1382 1348/1348
f 1379/1379 1348/1348 1346/1346
f 2017/2017 1411/1411 1412/1412
f 2017/2017 1412/1412 2021/2021
f 1550/1550 2016/2016 2020/2020
f 1550/1550 2020/2020 1567/1567
f 2020/2020 2025/2025 1545/1545
f 2020/2020 1545/1545 1567/1567
f 1544/1544 2023/2023 2028/2028
f 1544/1544 2028/2028 1540/1540
f 2028/2028 2032/2032 1502/1502
f 2028/2028 1502/1502 1540/1540
f 2039/2039 1475/1475 1502/1502
f 2039/2039 1502/1502 2032/2032
f 1480/1480 1475/1475 2039/2039
f 1480/1480 2039/2039 2043/2043
f 2049/2049 1501/1501 1481/1481
f 2049/2049 1481/1481 2045/2045
f 1486/1486 1501/1501 2049/2049
f 1486/1486 2049/2049 2053/2053
f 1485/1485 1486/1486 2053/2053
f 1485/1485 2053/2053 2057/2057
f 2061/2061 1484/1484 1485/1485
f 2061/2061 1485/1485 2057/2057
f 1479/1479 1484/1484 2061/2061
f 1479/1479 2061/2061 2066/2066
f 2069/2069 1446/1446 1478/1478
f 2069/2069 1478/1478 2064/2064
f 1446/1446 2069/2069 2073/2073
f 1446/1446 2073/2073 1443/1443
f 1515/1515 1443/1443 2073/2073
f 1515/1515 2073/2073 2077/2077
f 2077/2077 2081/2081 1542/1542
f 2077/2077 1542/1542 1515/1515
f 1543/1543 2083/2083 2087/2087
f 1543/1543 2087/2087 1548/1548
f 1549/1549 2013/2013 2016/2016
f 1549/1549 2016/2016 1550/1550
f 1665/1665 1666/1666 1929/1929
f 1665/1665 1929/1929 2008/2008
f 1666/1666 1674/1674 1933/1933
f 1666/1666 1933/1933 1929/1929
f 1933/1933 1674/1674 1661/1661
f 1933/1933 1661/1661 1938/1938
f 1660/1660 1655/1655 1943/1943
f 1660/1660 1943/1943 1937/1937
f 1943/1943 1655/1655 1626/1626
f 1943/1943 1626/1626 1947/1947
f 1953/1953 1947/1947 1626/1626
f 1953/1953 1626/1626 1606/1606
f 1611/1611 1957/1957 1953/1953
f 1611/1611 1953/1953 1606/1606
f 1963/1963 1958/1958 1612/1612
f 1963/1963 1612/1612 1625/1625
f 1617/1617 1967/1967 1963/1963
f 1617/1617 1963/1963 1625/1625
f 1616/1616 1971/1971 1967/1967
f 1616/1616 1967/1967 1617/1617
f 1975/1975 1971/1971 1616/1616
f 1975/1975 1616/1616 1615/1615
f 1610/1610 1980/1980 1975/1975
f 1610/1610 1975/1975 1615/1615
f 1985/1985 1979/1979 1609/1609
f 1985/1985 1609/1609 1583/1583
f 1583/1583 1580/1580 1989/1989
f 1583/1583 1989/1989 1985/1985
f 1636/1636 1993/1993 1989/1989
f 1636/1636 1989/1989 1580/1580
f 1993/1993 1636/1636 1658/1658
f 1993/1993 1658/1658 1997/1997
f 1659/1659 1664/1664 2003/2003
f 1659/1659 2003/2003 1998/1998
f 2003/2003 1664/1664 1665/1665
f 2003/2003 1665/1665 2008/2008
f 1431/1431 1429/1429 1441/1441
f 1431/1431 1441/1441 1444/1444
f 1437/1437 1435/1435 1449/1449
f 1437/1437 1449/1449 1451/1451
f 1433/1433 1431/1431 1444/1444
f 1433/1433 1444/1444 1447/1447
f 1435/1435 1433/1433 1447/1447
f 1435/1435 1447/1447 1449/1449
f 1431/1431 1433/1433 1439/1439
f 1431/1431 1439/1439 1429/1429
f 1433/1433 1435/1435 1437/1437
f 1433/1433 1437/1437 1439/1439
f 1432/1432 1430/1430 1440/1440
f 1432/1432 1440/1440 1434/1434
f 1436/1436 1434/1434 1440/1440
f 1436/1436 1440/1440 1438/1438
f 1436/1436 1438/1438 1452/1452
f 1436/1436 1452/1452 1450/1450
f 1430/1430 1432/1432 1445/1445
f 1430/1430 1445/1445 1442/1442
f 1432/1432 1434/1434 1448/1448
f 1432/1432 1448/1448 1445/1445
f 1434/1434 1436/1436 1450/1450
f 1434/1434 1450/1450 1448/1448
f 1454/1454 1458/1458 1444/1444
f 1454/1454 1444/1444 1441/1441
f 1460/1460 1456/1456 1442/1442
f 1460/1460 1442/1442 1445/1445
f 1458/1458 1462/1462 1447/1447
f 1458/1458 1447/1447 1444/1444
f 1466/1466 1460/1460 1445/1445
f 1466/1466 1445/1445 1448/1448
f 1462/1462 1467/1467 1449/1449
f 1462/1462 1449/1449 1447/1447
f 1470/1470 1466/1466 1448/1448
f 1470/1470 1448/1448 1450/1450
f 1467/1467 1471/1471 1451/1451
f 1467/1467 1451/1451 1449/1449
f 1474/1474 1470/1470 1450/1450
f 1474/1474 1450/1450 1452/1452
f 1443/1443 1455/1455 1459/1459
f 1443/1443 1459/1459 1446/1446
f 1493/1493 1472/1472 1468/1468
f 1493/1493 1468/1468 1494/1494
f 1487/1487 1495/1495 1469/1469
f 1487/1487 1469/1469 1473/1473
f 1477/1477 1465/1465 1469/1469
f 1477/1477 1469/1469 1495/1495
f 1502/1502 1475/1475 1457/1457
f 1502/1502 1457/1457 1453/1453
f 1547/1547 1528/1528 1532/1532
f 1547/1547 1532/1532 1558/1558
f 1482/1482 1461/1461 1457/1457
f 1482/1482 1457/1457 1475/1475
f 1446/1446 1459/1459 1464/1464
f 1446/1446 1464/1464 1476/1476
f 2054/2054 1420/1420 1421/1421
f 2054/2054 1421/1421 2058/2058
f 1446/1446 1476/1476 1478/1478
f 1500/1500 1494/1494 1483/1483
f 1500/1500 1483/1483 1481/1481
f 1477/1477 1495/1495 1496/1496
f 1477/1477 1496/1496 1479/1479
f 1487/1487 1488/1488 1496/1496
f 1487/1487 1496/1496 1495/1495
f 1488/1488 1489/1489 1497/1497
f 1488/1488 1497/1497 1496/1496
f 1489/1489 1490/1490 1498/1498
f 1489/1489 1498/1498 1497/1497
f 1490/1490 1491/1491 1499/1499
f 1490/1490 1499/1499 1498/1498
f 1492/1492 1493/1493 1494/1494
f 1492/1492 1494/1494 1500/1500
f 1501/1501 1503/1503 1500/1500
f 1501/1501 1500/1500 1481/1481
f 2062/2062 1422/1422 1423/1423
f 2062/2062 1423/1423 2067/2067
f 1479/1479 1496/1496 1497/1497
f 1479/1479 1497/1497 1484/1484
f 1485/1485 1484/1484 1497/1497
f 1485/1485 1497/1497 1498/1498
f 1486/1486 1485/1485 1498/1498
f 1486/1486 1498/1498 1499/1499
f 1504/1504 1492/1492 1500/1500
f 1504/1504 1500/1500 1503/1503
f 1480/1480 1482/1482 1475/1475
f 2067/2067 1423/1423 1424/1424
f 2067/2067 1424/1424 2071/2071
f 2046/2046 1418/1418 1419/1419
f 2046/2046 1419/1419 2050/2050
f 2071/2071 1424/1424 1425/1425
f 2071/2071 1425/1425 2075/2075
f 2050/2050 1419/1419 1420/1420
f 2050/2050 1420/1420 2054/2054
f 2041/2041 1417/1417 1418/1418
f 2041/2041 1418/1418 2046/2046
f 2058/2058 1421/1421 1422/1422
f 2058/2058 1422/1422 2062/2062
f 2075/2075 1425/1425 1426/1426
f 2075/2075 1426/1426 2079/2079
f 1491/1491 1504/1504 1503/1503
f 1491/1491 1503/1503 1499/1499
f 1486/1486 1499/1499 1503/1503
f 1486/1486 1503/1503 1501/1501
f 1505/1505 1513/1513 1441/1441
f 1505/1505 1441/1441 1429/1429
f 1511/1511 1520/1520 1518/1518
f 1511/1511 1518/1518 1509/1509
f 1507/1507 1516/1516 1513/1513
f 1507/1507 1513/1513 1505/1505
f 1509/1509 1518/1518 1516/1516
f 1509/1509 1516/1516 1507/1507
f 1505/1505 1429/1429 1439/1439
f 1505/1505 1439/1439 1507/1507
f 1507/1507 1439/1439 1511/1511
f 1507/1507 1511/1511 1509/1509
f 1506/1506 1508/1508 1440/1440
f 1506/1506 1440/1440 1430/1430
f 1510/1510 1512/1512 1440/1440
f 1510/1510 1440/1440 1508/1508
f 1510/1510 1519/1519 1521/1521
f 1510/1510 1521/1521 1512/1512
f 1430/1430 1442/1442 1514/1514
f 1430/1430 1514/1514 1506/1506
f 1506/1506 1514/1514 1517/1517
f 1506/1506 1517/1517 1508/1508
f 1508/1508 1517/1517 1519/1519
f 1508/1508 1519/1519 1510/1510
f 1454/1454 1441/1441 1513/1513
f 1454/1454 1513/1513 1523/1523
f 1525/1525 1514/1514 1442/1442
f 1525/1525 1442/1442 1456/1456
f 1523/1523 1513/1513 1516/1516
f 1523/1523 1516/1516 1527/1527
f 1530/1530 1517/1517 1514/1514
f 1530/1530 1514/1514 1525/1525
f 1527/1527 1516/1516 1518/1518
f 1527/1527 1518/1518 1531/1531
f 1535/1535 1519/1519 1517/1517
f 1535/1535 1517/1517 1530/1530
f 1531/1531 1518/1518 1520/1520
f 1531/1531 1520/1520 1536/1536
f 1539/1539 1521/1521 1519/1519
f 1539/1539 1519/1519 1535/1535
f 1443/1443 1515/1515 1524/1524
f 1443/1443 1524/1524 1455/1455
f 1557/1557 1558/1558 1532/1532
f 1557/1557 1532/1532 1537/1537
f 1534/1534 1560/1560 1551/1551
f 1534/1534 1551/1551 1538/1538
f 1541/1541 1559/1559 1533/1533
f 1541/1541 1533/1533 1529/1529
f 1502/1502 1453/1453 1522/1522
f 1502/1502 1522/1522 1540/1540
f 1614/1614 1598/1598 1603/1603
f 1614/1614 1603/1603 1618/1618
f 1546/1546 1540/1540 1522/1522
f 1546/1546 1522/1522 1526/1526
f 1515/1515 1541/1541 1529/1529
f 1515/1515 1529/1529 1524/1524
f 2021/2021 1412/1412 1413/1413
f 2021/2021 1413/1413 2026/2026
f 1515/1515 1542/1542 1541/1541
f 1566/1566 1545/1545 1547/1547
f 1566/1566 1547/1547 1558/1558
f 1541/1541 1542/1542 1561/1561
f 1541/1541 1561/1561 1559/1559
f 1551/1551 1560/1560 1562/1562
f 1551/1551 1562/1562 1552/1552
f 1552/1552 1562/1562 1563/1563
f 1552/1552 1563/1563 1553/1553
f 1553/1553 1563/1563 1564/1564
f 1553/1553 1564/1564 1554/1554
f 1554/1554 1564/1564 1565/1565
f 1554/1554 1565/1565 1555/1555
f 1556/1556 1566/1566 1558/1558
f 1556/1556 1558/1558 1557/1557
f 1567/1567 1545/1545 1566/1566
f 1567/1567 1566/1566 1568/1568
f 2011/2011 1410/1410 1411/1411
f 2011/2011 1411/1411 2017/2017
f 1543/1543 1548/1548 1563/1563
f 1543/1543 1563/1563 1562/1562
f 1549/1549 1564/1564 1563/1563
f 1549/1549 1563/1563 1548/1548
f 1550/1550 1565/1565 1564/1564
f 1550/1550 1564/1564 1549/1549
f 1569/1569 1568/1568 1566/1566
f 1569/1569 1566/1566 1556/1556
f 1544/1544 1540/1540 1546/1546
f 2030/2030 1414/1414 1415/1415
f 2030/2030 1415/1415 2035/2035
f 2084/2084 1427/1427 1428/1428
f 2084/2084 1428/1428 2088/2088
f 2026/2026 1413/1413 1414/1414
f 2026/2026 1414/1414 2030/2030
f 2036/2036 1416/1416 1417/1417
f 2036/2036 1417/1417 2041/2041
f 2087/2087 2013/2013 1549/1549
f 2087/2087 1549/1549 1548/1548
f 2079/2079 1426/1426 1427/1427
f 2079/2079 1427/1427 2084/2084
f 1555/1555 1565/1565 1568/1568
f 1555/1555 1568/1568 1569/1569
f 1550/1550 1567/1567 1568/1568
f 1550/1550 1568/1568 1565/1565
f 1572/1572 1581/1581 1578/1578
f 1572/1572 1578/1578 1570/1570
f 1437/1437 1451/1451 1586/1586
f 1437/1437 1586/1586 1576/1576
f 1574/1574 1584/1584 1581/1581
f 1574/1574 1581/1581 1572/1572
f 1576/1576 1586/1586 1584/1584
f 1576/1576 1584/1584 1574/1574
f 1572/1572 1570/1570 1439/1439
f 1572/1572 1439/1439 1574/1574
f 1574/1574 1439/1439 1437/1437
f 1574/1574 1437/1437 1576/1576
f 1573/1573 1575/1575 1440/1440
f 1573/1573 1440/1440 1571/1571
f 1577/1577 1438/1438 1440/1440
f 1577/1577 1440/1440 1575/1575
f 1577/1577 1587/1587 1452/1452
f 1577/1577 1452/1452 1438/1438
f 1571/1571 1579/1579 1582/1582
f 1571/1571 1582/1582 1573/1573
f 1573/1573 1582/1582 1585/1585
f 1573/1573 1585/1585 1575/1575
f 1575/1575 1585/1585 1587/1587
f 1575/1575 1587/1587 1577/1577
f 1589/1589 1578/1578 1581/1581
f 1589/1589 1581/1581 1593/1593
f 1595/1595 1582/1582 1579/1579
f 1595/1595 1579/1579 1591/1591
f 1593/1593 1581/1581 1584/1584
f 1593/1593 1584/1584 1597/1597
f 1601/1601 1585/1585 1582/1582
f 1601/1601 1582/1582 1595/1595
f 1597/1597 1584/1584 1586/1586
f 1597/1597 1586/1586 1602/1602
f 1605/1605 1587/1587 1585/1585
f 1605/1605 1585/1585 1601/1601
f 1602/1602 1586/1586 1451/1451
f 1602/1602 1451/1451 1471/1471
f 1474/1474 1452/1452 1587/1587
f 1474/1474 1587/1587 1605/1605
f 1580/1580 1583/1583 1594/1594
f 1580/1580 1594/1594 1590/1590
f 1493/1493 1618/1618 1603/1603
f 1493/1493 1603/1603 1472/1472
f 1604/1604 1619/1619 1487/1487
f 1604/1604 1487/1487 1473/1473
f 1608/1608 1619/1619 1604/1604
f 1608/1608 1604/1604 1600/1600
f 1626/1626 1588/1588 1592/1592
f 1626/1626 1592/1592 1606/1606
f 1663/1663 1667/1667 1652/1652
f 1663/1663 1652/1652 1647/1647
f 1613/1613 1606/1606 1592/1592
f 1613/1613 1592/1592 1596/1596
f 1583/1583 1607/1607 1599/1599
f 1583/1583 1599/1599 1594/1594
f 2140/2140 1731/1731 1732/1732
f 2140/2140 1732/1732 2136/2136
f 1583/1583 1609/1609 1607/1607
f 1624/1624 1612/1612 1614/1614
f 1624/1624 1614/1614 1618/1618
f 1608/1608 1610/1610 1620/1620
f 1608/1608 1620/1620 1619/1619
f 1487/1487 1619/1619 1620/1620
f 1487/1487 1620/1620 1488/1488
f 1488/1488 1620/1620 1621/1621
f 1488/1488 1621/1621 1489/1489
f 1489/1489 1621/1621 1622/1622
f 1489/1489 1622/1622 1490/1490
f 1490/1490 1622/1622 1623/1623
f 1490/1490 1623/1623 1491/1491
f 1492/1492 1624/1624 1618/1618
f 1492/1492 1618/1618 1493/1493
f 1625/1625 1612/1612 1624/1624
f 1625/1625 1624/1624 1627/1627
f 2149/2149 1693/1693 1725/1725
f 2149/2149 1725/1725 2144/2144
f 1610/1610 1615/1615 1621/1621
f 1610/1610 1621/1621 1620/1620
f 1616/1616 1622/1622 1621/1621
f 1616/1616 1621/1621 1615/1615
f 1617/1617 1623/1623 1622/1622
f 1617/1617 1622/1622 1616/1616
f 1504/1504 1627/1627 1624/1624
f 1504/1504 1624/1624 1492/1492
f 1611/1611 1606/1606 1613/1613
f 1693/1693 2149/2149 2153/2153
f 1693/1693 2153/2153 1690/1690
f 1733/1733 1748/1748 2128/2128
f 1733/1733 2128/2128 2132/2132
f 1762/1762 1690/1690 2153/2153
f 1762/1762 2153/2153 2157/2157
f 1732/1732 1733/1733 2132/2132
f 1732/1732 2132/2132 2136/2136
f 2128/2128 1748/1748 1728/1728
f 2128/2128 1728/1728 2124/2124
f 1726/1726 1731/1731 2140/2140
f 1726/1726 2140/2140 2145/2145
f 2157/2157 2161/2161 1790/1790
f 2157/2157 1790/1790 1762/1762
f 1491/1491 1623/1623 1627/1627
f 1491/1491 1627/1627 1504/1504
f 1617/1617 1625/1625 1627/1627
f 1617/1617 1627/1627 1623/1623
f 1628/1628 1570/1570 1578/1578
f 1628/1628 1578/1578 1634/1634
f 1511/1511 1632/1632 1639/1639
f 1511/1511 1639/1639 1520/1520
f 1630/1630 1628/1628 1634/1634
f 1630/1630 1634/1634 1637/1637
f 1632/1632 1630/1630 1637/1637
f 1632/1632 1637/1637 1639/1639
f 1628/1628 1630/1630 1439/1439
f 1628/1628 1439/1439 1570/1570
f 1630/1630 1632/1632 1511/1511
f 1630/1630 1511/1511 1439/1439
f 1629/1629 1571/1571 1440/1440
f 1629/1629 1440/1440 1631/1631
f 1633/1633 1631/1631 1440/1440
f 1633/1633 1440/1440 1512/1512
f 1633/1633 1512/1512 1521/1521
f 1633/1633 1521/1521 1640/1640
f 1571/1571 1629/1629 1635/1635
f 1571/1571 1635/1635 1579/1579
f 1629/1629 1631/1631 1638/1638
f 1629/1629 1638/1638 1635/1635
f 1631/1631 1633/1633 1640/1640
f 1631/1631 1640/1640 1638/1638
f 1589/1589 1642/1642 1634/1634
f 1589/1589 1634/1634 1578/1578
f 1644/1644 1591/1591 1579/1579
f 1644/1644 1579/1579 1635/1635
f 1642/1642 1646/1646 1637/1637
f 1642/1642 1637/1637 1634/1634
f 1650/1650 1644/1644 1635/1635
f 1650/1650 1635/1635 1638/1638
f 1646/1646 1651/1651 1639/1639
f 1646/1646 1639/1639 1637/1637
f 1654/1654 1650/1650 1638/1638
f 1654/1654 1638/1638 1640/1640
f 1651/1651 1536/1536 1520/1520
f 1651/1651 1520/1520 1639/1639
f 1539/1539 1654/1654 1640/1640
f 1539/1539 1640/1640 1521/1521
f 1580/1580 1590/1590 1643/1643
f 1580/1580 1643/1643 1636/1636
f 1557/1557 1537/1537 1652/1652
f 1557/1557 1652/1652 1667/1667
f 1551/1551 1668/1668 1653/1653
f 1551/1551 1653/1653 1538/1538
f 1657/1657 1649/1649 1653/1653
f 1657/1657 1653/1653 1668/1668
f 1626/1626 1655/1655 1641/1641
f 1626/1626 1641/1641 1588/1588
f 1662/1662 1645/1645 1641/1641
f 1662/1662 1641/1641 1655/1655
f 1636/1636 1643/1643 1648/1648
f 1636/1636 1648/1648 1656/1656
f 2094/2094 1930/1930 1934/1934
f 2094/2094 1934/1934 2098/2098
f 1636/1636 1656/1656 1658/1658
f 1673/1673 1667/1667 1663/1663
f 1673/1673 1663/1663 1661/1661
f 1657/1657 1668/1668 1669/1669
f 1657/1657 1669/1669 1659/1659
f 1551/1551 1552/1552 1669/1669
f 1551/1551 1669/1669 1668/1668
f 1552/1552 1553/1553 1670/1670
f 1552/1552 1670/1670 1669/1669
f 1553/1553 1554/1554 1671/1671
f 1553/1553 1671/1671 1670/1670
f 1554/1554 1555/1555 1672/1672
f 1554/1554 1672/1672 1671/1671
f 1556/1556 1557/1557 1667/1667
f 1556/1556 1667/1667 1673/1673
f 1674/1674 1675/1675 1673/1673
f 1674/1674 1673/1673 1661/1661
f 1659/1659 1669/1669 1670/1670
f 1659/1659 1670/1670 1664/1664
f 1665/1665 1664/1664 1670/1670
f 1665/1665 1670/1670 1671/1671
f 1666/1666 1665/1665 1671/1671
f 1666/1666 1671/1671 1672/1672
f 1569/1569 1556/1556 1673/1673
f 1569/1569 1673/1673 1675/1675
f 1660/1660 1662/1662 1655/1655
f 2166/2166 2090/2090 1797/1797
f 2166/2166 1797/1797 1796/1796
f 2119/2119 1722/1722 1749/1749
f 2119/2119 1749/1749 2113/2113
f 2108/2108 2113/2113 1749/1749
f 2108/2108 1749/1749 1787/1787
f 1727/1727 1722/1722 2119/2119
f 1727/1727 2119/2119 2123/2123
f 1792/1792 2103/2103 2108/2108
f 1792/1792 2108/2108 1787/1787
f 1791/1791 2162/2162 2166/2166
f 1791/1791 2166/2166 1796/1796
f 1555/1555 1569/1569 1675/1675
f 1555/1555 1675/1675 1672/1672
f 1666/1666 1672/1672 1675/1675
f 1666/1666 1675/1675 1674/1674
f 1678/1678 1676/1676 1688/1688
f 1678/1678 1688/1688 1691/1691
f 1684/1684 1682/1682 1696/1696
f 1684/1684 1696/1696 1698/1698
f 1680/1680 1678/1678 1691/1691
f 1680/1680 1691/1691 1694/1694
f 1682/1682 1680/1680 1694/1694
f 1682/1682 1694/1694 1696/1696
f 1678/1678 1680/1680 1686/1686
f 1678/1678 1686/1686 1676/1676
f 1680/1680 1682/1682 1684/1684
f 1680/1680 1684/1684 1686/1686
f 1679/1679 1677/1677 1687/1687
f 1679/1679 1687/1687 1681/1681
f 1683/1683 1681/1681 1687/1687
f 1683/1683 1687/1687 1685/1685
f 1683/1683 1685/1685 1699/1699
f 1683/1683 1699/1699 1697/1697
f 1677/1677 1679/1679 1692/1692
f 1677/1677 1692/1692 1689/1689
f 1679/1679 1681/1681 1695/1695
f 1679/1679 1695/1695 1692/1692
f 1681/1681 1683/1683 1697/1697
f 1681/1681 1697/1697 1695/1695
f 1701/1701 1705/1705 1691/1691
f 1701/1701 1691/1691 1688/1688
f 1707/1707 1703/1703 1689/1689
f 1707/1707 1689/1689 1692/1692
f 1705/1705 1710/1710 1694/1694
f 1705/1705 1694/1694 1691/1691
f 1713/1713 1707/1707 1692/1692
f 1713/1713 1692/1692 1695/1695
f 1710/1710 1715/1715 1696/1696
f 1710/1710 1696/1696 1694/1694
f 1717/1717 1713/1713 1695/1695
f 1717/1717 1695/1695 1697/1697
f 1715/1715 1719/1719 1698/1698
f 1715/1715 1698/1698 1696/1696
f 1721/1721 1717/1717 1697/1697
f 1721/1721 1697/1697 1699/1699
f 1690/1690 1702/1702 1706/1706
f 1690/1690 1706/1706 1693/1693
f 1740/1740 1718/1718 1714/1714
f 1740/1740 1714/1714 1741/1741
f 1734/1734 1742/1742 1716/1716
f 1734/1734 1716/1716 1720/1720
f 1724/1724 1712/1712 1716/1716
f 1724/1724 1716/1716 1742/1742
f 1749/1749 1722/1722 1704/1704
f 1749/1749 1704/1704 1700/1700
f 1795/1795 1774/1774 1778/1778
f 1795/1795 1778/1778 1806/1806
f 1729/1729 1708/1708 1704/1704
f 1729/1729 1704/1704 1722/1722
f 1693/1693 1706/1706 1711/1711
f 1693/1693 1711/1711 1723/1723
f 2127/2127 1964/1964 1968/1968
f 2127/2127 1968/1968 2131/2131
f 1693/1693 1723/1723 1725/1725
f 1747/1747 1741/1741 1730/1730
f 1747/1747 1730/1730 1728/1728
f 1724/1724 1742/1742 1743/1743
f 1724/1724 1743/1743 1726/1726
f 1734/1734 1735/1735 1743/1743
f 1734/1734 1743/1743 1742/1742
f 1735/1735 1736/1736 1744/1744
f 1735/1735 1744/1744 1743/1743
f 1736/1736 1737/1737 1745/1745
f 1736/1736 1745/1745 1744/1744
f 1737/1737 1738/1738 1746/1746
f 1737/1737 1746/1746 1745/1745
f 1739/1739 1740/1740 1741/1741
f 1739/1739 1741/1741 1747/1747
f 1748/1748 1750/1750 1747/1747
f 1748/1748 1747/1747 1728/1728
f 2135/2135 1972/1972 1976/1976
f 2135/2135 1976/1976 2139/2139
f 1726/1726 1743/1743 1744/1744
f 1726/1726 1744/1744 1731/1731
f 1732/1732 1731/1731 1744/1744
f 1732/1732 1744/1744 1745/1745
f 1733/1733 1732/1732 1745/1745
f 1733/1733 1745/1745 1746/1746
f 1751/1751 1739/1739 1747/1747
f 1751/1751 1747/1747 1750/1750
f 1727/1727 1729/1729 1722/1722
f 2139/2139 1976/1976 1981/1981
f 2139/2139 1981/1981 2143/2143
f 2118/2118 1954/1954 1959/1959
f 2118/2118 1959/1959 2122/2122
f 2143/2143 1981/1981 1986/1986
f 2143/2143 1986/1986 2148/2148
f 2122/2122 1959/1959 1964/1964
f 2122/2122 1964/1964 2127/2127
f 2112/2112 1949/1949 1954/1954
f 2112/2112 1954/1954 2118/2118
f 2131/2131 1968/1968 1972/1972
f 2131/2131 1972/1972 2135/2135
f 2148/2148 1986/1986 1990/1990
f 2148/2148 1990/1990 2152/2152
f 1738/1738 1751/1751 1750/1750
f 1738/1738 1750/1750 1746/1746
f 1733/1733 1746/1746 1750/1750
f 1733/1733 1750/1750 1748/1748
f 1752/1752 1760/1760 1688/1688
f 1752/1752 1688/1688 1676/1676
f 1758/1758 1767/1767 1765/1765
f 1758/1758 1765/1765 1756/1756
f 1754/1754 1763/1763 1760/1760
f 1754/1754 1760/1760 1752/1752
f 1756/1756 1765/1765 1763/1763
f 1756/1756 1763/1763 1754/1754
f 1752/1752 1676/1676 1686/1686
f 1752/1752 1686/1686 1754/1754
f 1754/1754 1686/1686 1758/1758
f 1754/1754 1758/1758 1756/1756
f 1753/1753 1755/1755 1687/1687
f 1753/1753 1687/1687 1677/1677
f 1757/1757 1759/1759 1687/1687
f 1757/1757 1687/1687 1755/1755
f 1757/1757 1766/1766 1768/1768
f 1757/1757 1768/1768 1759/1759
f 1677/1677 1689/1689 1761/1761
f 1677/1677 1761/1761 1753/1753
f 1753/1753 1761/1761 1764/1764
f 1753/1753 1764/1764 1755/1755
f 1755/1755 1764/1764 1766/1766
f 1755/1755 1766/1766 1757/1757
f 1701/1701 1688/1688 1760/1760
f 1701/1701 1760/1760 1770/1770
f 1772/1772 1761/1761 1689/1689
f 1772/1772 1689/1689 1703/1703
f 1770/1770 1760/1760 1763/1763
f 1770/1770 1763/1763 1775/1775
f 1777/1777 1764/1764 1761/1761
f 1777/1777 1761/1761 1772/1772
f 1775/1775 1763/1763 1765/1765
f 1775/1775 1765/1765 1779/1779
f 1782/1782 1766/1766 1764/1764
f 1782/1782 1764/1764 1777/1777
f 1779/1779 1765/1765 1767/1767
f 1779/1779 1767/1767 1784/1784
f 1786/1786 1768/1768 1766/1766
f 1786/1786 1766/1766 1782/1782
f 1690/1690 1762/1762 1771/1771
f 1690/1690 1771/1771 1702/1702
f 1805/1805 1806/1806 1778/1778
f 1805/1805 1778/1778 1783/1783
f 1781/1781 1808/1808 1799/1799
f 1781/1781 1799/1799 1785/1785
f 1788/1788 1807/1807 1780/1780
f 1788/1788 1780/1780 1776/1776
f 1749/1749 1700/1700 1769/1769
f 1749/1749 1769/1769 1787/1787
f 1855/1855 1928/1928 1897/1897
f 1855/1855 1897/1897 1857/1857
f 1794/1794 1787/1787 1769/1769
f 1794/1794 1769/1769 1773/1773
f 1762/1762 1788/1788 1776/1776
f 1762/1762 1776/1776 1771/1771
f 2099/2099 2104/2104 1793/1793
f 2099/2099 1793/1793 1814/1814
f 1762/1762 1790/1790 1788/1788
f 1813/1813 1793/1793 1795/1795
f 1813/1813 1795/1795 1806/1806
f 1789/1789 1791/1791 1809/1809
f 1789/1789 1809/1809 1808/1808
f 1799/1799 1808/1808 1809/1809
f 1799/1799 1809/1809 1800/1800
f 1800/1800 1809/1809 1810/1810
f 1800/1800 1810/1810 1801/1801
f 1801/1801 1810/1810 1811/1811
f 1801/1801 1811/1811 1802/1802
f 1802/1802 1811/1811 1812/1812
f 1802/1802 1812/1812 1803/1803
f 1804/1804 1813/1813 1806/1806
f 1804/1804 1806/1806 1805/1805
f 1814/1814 1793/1793 1813/1813
f 1814/1814 1813/1813 1815/1815
f 2092/2092 2007/2007 1930/1930
f 2092/2092 1930/1930 2094/2094
f 1791/1791 1796/1796 1810/1810
f 1791/1791 1810/1810 1809/1809
f 1797/1797 1811/1811 1810/1810
f 1797/1797 1810/1810 1796/1796
f 1798/1798 1812/1812 1811/1811
f 1798/1798 1811/1811 1797/1797
f 1816/1816 1815/1815 1813/1813
f 1816/1816 1813/1813 1804/1804
f 1792/1792 1787/1787 1794/1794
f 2160/2160 1999/1999 2004/2004
f 2160/2160 2004/2004 2165/2165
f 2102/2102 1939/1939 1944/1944
f 2102/2102 1944/1944 2107/2107
f 2156/2156 1994/1994 1999/1999
f 2156/2156 1999/1999 2160/2160
f 2098/2098 1934/1934 1939/1939
f 2098/2098 1939/1939 2102/2102
f 2107/2107 1944/1944 1948/1948
f 2107/2107 1948/1948 2111/2111
f 2165/2165 2004/2004 2007/2007
f 2165/2165 2007/2007 2092/2092
f 2152/2152 1990/1990 1994/1994
f 2152/2152 1994/1994 2156/2156
f 1803/1803 1812/1812 1815/1815
f 1803/1803 1815/1815 1816/1816
f 1798/1798 1814/1814 1815/1815
f 1798/1798 1815/1815 1812/1812
f 1827/1827 1825/1825 1835/1835
f 1827/1827 1835/1835 1836/1836
f 1825/1825 1823/1823 1834/1834
f 1825/1825 1834/1834 1835/1835
f 1823/1823 1821/1821 1833/1833
f 1823/1823 1833/1833 1834/1834
f 1821/1821 1819/1819 1831/1831
f 1821/1821 1831/1831 1833/1833
f 1817/1817 1684/1684 1698/1698
f 1817/1817 1698/1698 1832/1832
f 1685/1685 1818/1818 1839/1839
f 1685/1685 1839/1839 1699/1699
f 1758/1758 1829/1829 1837/1837
f 1758/1758 1837/1837 1767/1767
f 1829/1829 1827/1827 1836/1836
f 1829/1829 1836/1836 1837/1837
f 1825/1825 1827/1827 1686/1686
f 1825/1825 1686/1686 1823/1823
f 1821/1821 1823/1823 1686/1686
f 1821/1821 1686/1686 1819/1819
f 1827/1827 1829/1829 1758/1758
f 1827/1827 1758/1758 1686/1686
f 1817/1817 1819/1819 1686/1686
f 1817/1817 1686/1686 1684/1684
f 1824/1824 1822/1822 1820/1820
f 1824/1824 1820/1820 1687/1687
f 1828/1828 1826/1826 1824/1824
f 1828/1828 1824/1824 1687/1687
f 1759/1759 1830/1830 1828/1828
f 1759/1759 1828/1828 1687/1687
f 1818/1818 1685/1685 1687/1687
f 1818/1818 1687/1687 1820/1820
f 1830/1830 1759/1759 1768/1768
f 1830/1830 1768/1768 1844/1844
f 1819/1819 1817/1817 1832/1832
f 1819/1819 1832/1832 1831/1831
f 1826/1826 1828/1828 1843/1843
f 1826/1826 1843/1843 1842/1842
f 1824/1824 1826/1826 1842/1842
f 1824/1824 1842/1842 1841/1841
f 1828/1828 1830/1830 1844/1844
f 1828/1828 1844/1844 1843/1843
f 1822/1822 1824/1824 1841/1841
f 1822/1822 1841/1841 1840/1840
f 1820/1820 1822/1822 1840/1840
f 1820/1820 1840/1840 1838/1838
f 1846/1846 1848/1848 1831/1831
f 1846/1846 1831/1831 1832/1832
f 1719/1719 1846/1846 1832/1832
f 1719/1719 1832/1832 1698/1698
f 1848/1848 1850/1850 1833/1833
f 1848/1848 1833/1833 1831/1831
f 1850/1850 1852/1852 1834/1834
f 1850/1850 1834/1834 1833/1833
f 1852/1852 1854/1854 1835/1835
f 1852/1852 1835/1835 1834/1834
f 1854/1854 1856/1856 1836/1836
f 1854/1854 1836/1836 1835/1835
f 1856/1856 1858/1858 1837/1837
f 1856/1856 1837/1837 1836/1836
f 1858/1858 1784/1784 1767/1767
f 1858/1858 1767/1767 1837/1837
f 1818/1818 1820/1820 1838/1838
f 1818/1818 1838/1838 1839/1839
f 1860/1860 1862/1862 1839/1839
f 1860/1860 1839/1839 1838/1838
f 1862/1862 1721/1721 1699/1699
f 1862/1862 1699/1699 1839/1839
f 1864/1864 1860/1860 1838/1838
f 1864/1864 1838/1838 1840/1840
f 1866/1866 1864/1864 1840/1840
f 1866/1866 1840/1840 1841/1841
f 1868/1868 1866/1866 1841/1841
f 1868/1868 1841/1841 1842/1842
f 1870/1870 1868/1868 1842/1842
f 1870/1870 1842/1842 1843/1843
f 1872/1872 1870/1870 1843/1843
f 1872/1872 1843/1843 1844/1844
f 1786/1786 1872/1872 1844/1844
f 1786/1786 1844/1844 1768/1768
f 1847/1847 1888/1888 1896/1896
f 1847/1847 1896/1896 1849/1849
f 1880/1880 1861/1861 1859/1859
f 1880/1880 1859/1859 1881/1881
f 1889/1889 1863/1863 1865/1865
f 1889/1889 1865/1865 1905/1905
f 1905/1905 1865/1865 1867/1867
f 1905/1905 1867/1867 1913/1913
f 1904/1904 1871/1871 1785/1785
f 1904/1904 1785/1785 1799/1799
f 1921/1921 1869/1869 1871/1871
f 1921/1921 1871/1871 1904/1904
f 1851/1851 1912/1912 1920/1920
f 1851/1851 1920/1920 1853/1853
f 1881/1881 1859/1859 1863/1863
f 1881/1881 1863/1863 1889/1889
f 1913/1913 1867/1867 1869/1869
f 1913/1913 1869/1869 1921/1921
f 1849/1849 1896/1896 1912/1912
f 1849/1849 1912/1912 1851/1851
f 1857/1857 1897/1897 1805/1805
f 1857/1857 1805/1805 1783/1783
f 1853/1853 1920/1920 1928/1928
f 1853/1853 1928/1928 1855/1855
f 1718/1718 1740/1740 1873/1873
f 1718/1718 1873/1873 1845/1845
f 1873/1873 1888/1888 1847/1847
f 1873/1873 1847/1847 1845/1845
f 1734/1734 1720/1720 1861/1861
f 1734/1734 1861/1861 1880/1880
f 1888/1888 1887/1887 1895/1895
f 1888/1888 1895/1895 1896/1896
f 1887/1887 1886/1886 1894/1894
f 1887/1887 1894/1894 1895/1895
f 1886/1886 1885/1885 1893/1893
f 1886/1886 1893/1893 1894/1894
f 1885/1885 1884/1884 1892/1892
f 1885/1885 1892/1892 1893/1893
f 1884/1884 1883/1883 1891/1891
f 1884/1884 1891/1891 1892/1892
f 1883/1883 1882/1882 1890/1890
f 1883/1883 1890/1890 1891/1891
f 1882/1882 1881/1881 1889/1889
f 1882/1882 1889/1889 1890/1890
f 1740/1740 1739/1739 1874/1874
f 1740/1740 1874/1874 1873/1873
f 1739/1739 1751/1751 1875/1875
f 1739/1739 1875/1875 1874/1874
f 1751/1751 1738/1738 1876/1876
f 1751/1751 1876/1876 1875/1875
f 1738/1738 1737/1737 1877/1877
f 1738/1738 1877/1877 1876/1876
f 1737/1737 1736/1736 1878/1878
f 1737/1737 1878/1878 1877/1877
f 1736/1736 1735/1735 1879/1879
f 1736/1736 1879/1879 1878/1878
f 1735/1735 1734/1734 1880/1880
f 1735/1735 1880/1880 1879/1879
f 1896/1896 1895/1895 1911/1911
f 1896/1896 1911/1911 1912/1912
f 1895/1895 1894/1894 1910/1910
f 1895/1895 1910/1910 1911/1911
f 1894/1894 1893/1893 1909/1909
f 1894/1894 1909/1909 1910/1910
f 1893/1893 1892/1892 1908/1908
f 1893/1893 1908/1908 1909/1909
f 1892/1892 1891/1891 1907/1907
f 1892/1892 1907/1907 1908/1908
f 1891/1891 1890/1890 1906/1906
f 1891/1891 1906/1906 1907/1907
f 1890/1890 1889/1889 1905/1905
f 1890/1890 1905/1905 1906/1906
f 1912/1912 1911/1911 1919/1919
f 1912/1912 1919/1919 1920/1920
f 1911/1911 1910/1910 1918/1918
f 1911/1911 1918/1918 1919/1919
f 1910/1910 1909/1909 1917/1917
f 1910/1910 1917/1917 1918/1918
f 1909/1909 1908/1908 1916/1916
f 1909/1909 1916/1916 1917/1917
f 1908/1908 1907/1907 1915/1915
f 1908/1908 1915/1915 1916/1916
f 1907/1907 1906/1906 1914/1914
f 1907/1907 1914/1914 1915/1915
f 1906/1906 1905/1905 1913/1913
f 1906/1906 1913/1913 1914/1914
f 1920/1920 1919/1919 1927/1927
f 1920/1920 1927/1927 1928/1928
f 1919/1919 1918/1918 1926/1926
f 1919/1919 1926/1926 1927/1927
f 1918/1918 1917/1917 1925/1925
f 1918/1918 1925/1925 1926/1926
f 1917/1917 1916/1916 1924/1924
f 1917/1917 1924/1924 1925/1925
f 1916/1916 1915/1915 1923/1923
f 1916/1916 1923/1923 1924/1924
f 1915/1915 1914/1914 1922/1922
f 1915/1915 1922/1922 1923/1923
f 1914/1914 1913/1913 1921/1921
f 1914/1914 1921/1921 1922/1922
f 1928/1928 1927/1927 1898/1898
f 1928/1928 1898/1898 1897/1897
f 1927/1927 1926/1926 1899/1899
f 1927/1927 1899/1899 1898/1898
f 1926/1926 1925/1925 1900/1900
f 1926/1926 1900/1900 1899/1899
f 1925/1925 1924/1924 1901/1901
f 1925/1925 1901/1901 1900/1900
f 1924/1924 1923/1923 1902/1902
f 1924/1924 1902/1902 1901/1901
f 1923/1923 1922/1922 1903/1903
f 1923/1923 1903/1903 1902/1902
f 1922/1922 1921/1921 1904/1904
f 1922/1922 1904/1904 1903/1903
f 1897/1897 1898/1898 1804/1804
f 1897/1897 1804/1804 1805/1805
f 1898/1898 1899/1899 1816/1816
f 1898/1898 1816/1816 1804/1804
f 1899/1899 1900/1900 1803/1803
f 1899/1899 1803/1803 1816/1816
f 1900/1900 1901/1901 1802/1802
f 1900/1900 1802/1802 1803/1803
f 1901/1901 1902/1902 1801/1801
f 1901/1901 1801/1801 1802/1802
f 1902/1902 1903/1903 1800/1800
f 1902/1902 1800/1800 1801/1801
f 1903/1903 1904/1904 1799/1799
f 1903/1903 1799/1799 1800/1800
f 1873/1873 1874/1874 1887/1887
f 1873/1873 1887/1887 1888/1888
f 1874/1874 1875/1875 1886/1886
f 1874/1874 1886/1886 1887/1887
f 1875/1875 1876/1876 1885/1885
f 1875/1875 1885/1885 1886/1886
f 1876/1876 1877/1877 1884/1884
f 1876/1876 1884/1884 1885/1885
f 1877/1877 1878/1878 1883/1883
f 1877/1877 1883/1883 1884/1884
f 1878/1878 1879/1879 1882/1882
f 1878/1878 1882/1882 1883/1883
f 1879/1879 1880/1880 1881/1881
f 1879/1879 1881/1881 1882/1882
f 2008/2008 1929/1929 1932/1932
f 2008/2008 1932/1932 2010/2010
f 2009/2009 1931/1931 1930/1930
f 2009/2009 1930/1930 2007/2007
f 1929/1929 1933/1933 1936/1936
f 1929/1929 1936/1936 1932/1932
f 1931/1931 1935/1935 1934/1934
f 1931/1931 1934/1934 1930/1930
f 1933/1933 1938/1938 1942/1942
f 1933/1933 1942/1942 1936/1936
f 1935/1935 1941/1941 1939/1939
f 1935/1935 1939/1939 1934/1934
f 1937/1937 1943/1943 1945/1945
f 1937/1937 1945/1945 1940/1940
f 1941/1941 1946/1946 1944/1944
f 1941/1941 1944/1944 1939/1939
f 1943/1943 1947/1947 1950/1950
f 1943/1943 1950/1950 1945/1945
f 1946/1946 1951/1951 1948/1948
f 1946/1946 1948/1948 1944/1944
f 1947/1947 1953/1953 1955/1955
f 1947/1947 1955/1955 1950/1950
f 1952/1952 1956/1956 1954/1954
f 1952/1952 1954/1954 1949/1949
f 1953/1953 1957/1957 1960/1960
f 1953/1953 1960/1960 1955/1955
f 1956/1956 1961/1961 1959/1959
f 1956/1956 1959/1959 1954/1954
f 1958/1958 1963/1963 1966/1966
f 1958/1958 1966/1966 1962/1962
f 1961/1961 1965/1965 1964/1964
f 1961/1961 1964/1964 1959/1959
f 1963/1963 1967/1967 1970/1970
f 1963/1963 1970/1970 1966/1966
f 1965/1965 1969/1969 1968/1968
f 1965/1965 1968/1968 1964/1964
f 1967/1967 1971/1971 1974/1974
f 1967/1967 1974/1974 1970/1970
f 1969/1969 1973/1973 1972/1972
f 1969/1969 1972/1972 1968/1968
f 1971/1971 1975/1975 1978/1978
f 1971/1971 1978/1978 1974/1974
f 1973/1973 1977/1977 1976/1976
f 1973/1973 1976/1976 1972/1972
f 1975/1975 1980/1980 1984/1984
f 1975/1975 1984/1984 1978/1978
f 1977/1977 1983/1983 1981/1981
f 1977/1977 1981/1981 1976/1976
f 1979/1979 1985/1985 1987/1987
f 1979/1979 1987/1987 1982/1982
f 1983/1983 1988/1988 1986/1986
f 1983/1983 1986/1986 1981/1981
f 1985/1985 1989/1989 1991/1991
f 1985/1985 1991/1991 1987/1987
f 1988/1988 1992/1992 1990/1990
f 1988/1988 1990/1990 1986/1986
f 1989/1989 1993/1993 1995/1995
f 1989/1989 1995/1995 1991/1991
f 1992/1992 1996/1996 1994/1994
f 1992/1992 1994/1994 1990/1990
f 1993/1993 1997/1997 2000/2000
f 1993/1993 2000/2000 1995/1995
f 1996/1996 2001/2001 1999/1999
f 1996/1996 1999/1999 1994/1994
f 1998/1998 2003/2003 2006/2006
f 1998/1998 2006/2006 2002/2002
f 2001/2001 2005/2005 2004/2004
f 2001/2001 2004/2004 1999/1999
f 2003/2003 2008/2008 2010/2010
f 2003/2003 2010/2010 2006/2006
f 2005/2005 2009/2009 2007/2007
f 2005/2005 2007/2007 2004/2004
f 1798/1798 2095/2095 2099/2099
f 1798/1798 2099/2099 1814/1814
f 2088/2088 2011/2011 2014/2014
f 2088/2088 2014/2014 2089/2089
f 2089/2089 2014/2014 2012/2012
f 2089/2089 2012/2012 2086/2086
f 2084/2084 2088/2088 2089/2089
f 2084/2084 2089/2089 2085/2085
f 2085/2085 2089/2089 2086/2086
f 2085/2085 2086/2086 2082/2082
f 2079/2079 2084/2084 2085/2085
f 2079/2079 2085/2085 2080/2080
f 2080/2080 2085/2085 2082/2082
f 2080/2080 2082/2082 2078/2078
f 2075/2075 2079/2079 2080/2080
f 2075/2075 2080/2080 2076/2076
f 2076/2076 2080/2080 2078/2078
f 2076/2076 2078/2078 2074/2074
f 2071/2071 2075/2075 2076/2076
f 2071/2071 2076/2076 2072/2072
f 2072/2072 2076/2076 2074/2074
f 2072/2072 2074/2074 2070/2070
f 2067/2067 2071/2071 2072/2072
f 2067/2067 2072/2072 2068/2068
f 2068/2068 2072/2072 2070/2070
f 2068/2068 2070/2070 2065/2065
f 2062/2062 2067/2067 2068/2068
f 2062/2062 2068/2068 2063/2063
f 2063/2063 2068/2068 2065/2065
f 2063/2063 2065/2065 2060/2060
f 2058/2058 2062/2062 2063/2063
f 2058/2058 2063/2063 2059/2059
f 2059/2059 2063/2063 2060/2060
f 2059/2059 2060/2060 2056/2056
f 2054/2054 2058/2058 2059/2059
f 2054/2054 2059/2059 2055/2055
f 2055/2055 2059/2059 2056/2056
f 2055/2055 2056/2056 2052/2052
f 2050/2050 2054/2054 2055/2055
f 2050/2050 2055/2055 2051/2051
f 2051/2051 2055/2055 2052/2052
f 2051/2051 2052/2052 2048/2048
f 2046/2046 2050/2050 2051/2051
f 2046/2046 2051/2051 2047/2047
f 2047/2047 2051/2051 2048/2048
f 2047/2047 2048/2048 2044/2044
f 2041/2041 2046/2046 2047/2047
f 2041/2041 2047/2047 2042/2042
f 2042/2042 2047/2047 2044/2044
f 2042/2042 2044/2044 2040/2040
f 2036/2036 2041/2041 2042/2042
f 2036/2036 2042/2042 2038/2038
f 2038/2038 2042/2042 2040/2040
f 2038/2038 2040/2040 2034/2034
f 2030/2030 2035/2035 2037/2037
f 2030/2030 2037/2037 2031/2031
f 2031/2031 2037/2037 2033/2033
f 2031/2031 2033/2033 2029/2029
f 2026/2026 2030/2030 2031/2031
f 2026/2026 2031/2031 2027/2027
f 2027/2027 2031/2031 2029/2029
f 2027/2027 2029/2029 2024/2024
f 2021/2021 2026/2026 2027/2027
f 2021/2021 2027/2027 2022/2022
f 2022/2022 2027/2027 2024/2024
f 2022/2022 2024/2024 2019/2019
f 2017/2017 2021/2021 2022/2022
f 2017/2017 2022/2022 2018/2018
f 2018/2018 2022/2022 2019/2019
f 2018/2018 2019/2019 2015/2015
f 2011/2011 2017/2017 2018/2018
f 2011/2011 2018/2018 2014/2014
f 2014/2014 2018/2018 2015/2015
f 2014/2014 2015/2015 2012/2012
f 2088/2088 1428/1428 1410/1410
f 2088/2088 1410/1410 2011/2011
f 2092/2092 2094/2094 2097/2097
f 2092/2092 2097/2097 2093/2093
f 2093/2093 2097/2097 2096/2096
f 2093/2093 2096/2096 2091/2091
f 2094/2094 2098/2098 2101/2101
f 2094/2094 2101/2101 2097/2097
f 2097/2097 2101/2101 2100/2100
f 2097/2097 2100/2100 2096/2096
f 2098/2098 2102/2102 2106/2106
f 2098/2098 2106/2106 2101/2101
f 2101/2101 2106/2106 2105/2105
f 2101/2101 2105/2105 2100/2100
f 2102/2102 2107/2107 2110/2110
f 2102/2102 2110/2110 2106/2106
f 2106/2106 2110/2110 2109/2109
f 2106/2106 2109/2109 2105/2105
f 2107/2107 2111/2111 2116/2116
f 2107/2107 2116/2116 2110/2110
f 2110/2110 2116/2116 2114/2114
f 2110/2110 2114/2114 2109/2109
f 2112/2112 2118/2118 2121/2121
f 2112/2112 2121/2121 2117/2117
f 2117/2117 2121/2121 2120/2120
f 2117/2117 2120/2120 2115/2115
f 2118/2118 2122/2122 2126/2126
f 2118/2118 2126/2126 2121/2121
f 2121/2121 2126/2126 2125/2125
f 2121/2121 2125/2125 2120/2120
f 2122/2122 2127/2127 2130/2130
f 2122/2122 2130/2130 2126/2126
f 2126/2126 2130/2130 2129/2129
f 2126/2126 2129/2129 2125/2125
f 2127/2127 2131/2131 2134/2134
f 2127/2127 2134/2134 2130/2130
f 2130/2130 2134/2134 2133/2133
f 2130/2130 2133/2133 2129/2129
f 2131/2131 2135/2135 2138/2138
f 2131/2131 2138/2138 2134/2134
f 2134/2134 2138/2138 2137/2137
f 2134/2134 2137/2137 2133/2133
f 2135/2135 2139/2139 2142/2142
f 2135/2135 2142/2142 2138/2138
f 2138/2138 2142/2142 2141/2141
f 2138/2138 2141/2141 2137/2137
f 2139/2139 2143/2143 2147/2147
f 2139/2139 2147/2147 2142/2142
f 2142/2142 2147/2147 2146/2146
f 2142/2142 2146/2146 2141/2141
f 2143/2143 2148/2148 2151/2151
f 2143/2143 2151/2151 2147/2147
f 2147/2147 2151/2151 2150/2150
f 2147/2147 2150/2150 2146/2146
f 2148/2148 2152/2152 2155/2155
f 2148/2148 2155/2155 2151/2151
f 2151/2151 2155/2155 2154/2154
f 2151/2151 2154/2154 2150/2150
f 2152/2152 2156/2156 2159/2159
f 2152/2152 2159/2159 2155/2155
f 2155/2155 2159/2159 2158/2158
f 2155/2155 2158/2158 2154/2154
f 2156/2156 2160/2160 2164/2164
f 2156/2156 2164/2164 2159/2159
f 2159/2159 2164/2164 2163/2163
f 2159/2159 2163/2163 2158/2158
f 2160/2160 2165/2165 2168/2168
f 2160/2160 2168/2168 2164/2164
f 2164/2164 2168/2168 2167/2167
f 2164/2164 2167/2167 2163/2163
f 2165/2165 2092/2092 2093/2093
f 2165/2165 2093/2093 2168/2168
f 2168/2168 2093/2093 2091/2091
f 2168/2168 2091/2091 2167/2167
f 1797/1797 2090/2090 2095/2095
f 1797/1797 2095/2095 1798/1798
f 1730/1730 1741/1741 1714/1714
f 1730/1730 1714/1714 1709/1709
f 1483/1483 1494/1494 1468/1468
f 1483/1483 1468/1468 1463/1463
f 2193/2193 2198/2198 2222/2222
f 2193/2193 2222/2222 2221/2221
f 2223/2223 2222/2222 2198/2198
f 2223/2223 2198/2198 2184/2184
f 2204/2204 2207/2207 2227/2227
f 2204/2204 2227/2227 2226/2226
f 2211/2211 2182/2182 2173/2173
f 2211/2211 2173/2173 2179/2179
f 2201/2201 2204/2204 2226/2226
f 2201/2201 2226/2226 2225/2225
f 2207/2207 2190/2190 2220/2220
f 2207/2207 2220/2220 2227/2227
f 2213/2213 2210/2210 2228/2228
f 2213/2213 2228/2228 2229/2229
f 2270/2270 2273/2273 2242/2242
f 2270/2270 2242/2242 2252/2252
f 2170/2170 2171/2171 2195/2195
f 2170/2170 2195/2195 2191/2191
f 2175/2175 2176/2176 2202/2202
f 2175/2175 2202/2202 2199/2199
f 2202/2202 2176/2176 2177/2177
f 2202/2202 2177/2177 2205/2205
f 2216/2216 2187/2187 2224/2224
f 2216/2216 2224/2224 2230/2230
f 2219/2219 2216/2216 2230/2230
f 2219/2219 2230/2230 2231/2231
f 2214/2214 2217/2217 2181/2181
f 2214/2214 2181/2181 2180/2180
f 2208/2208 2211/2211 2179/2179
f 2208/2208 2179/2179 2178/2178
f 2169/2169 2170/2170 2191/2191
f 2169/2169 2191/2191 2188/2188
f 2185/2185 2174/2174 2175/2175
f 2185/2185 2175/2175 2199/2199
f 2185/2185 2214/2214 2180/2180
f 2185/2185 2180/2180 2174/2174
f 2210/2210 2219/2219 2231/2231
f 2210/2210 2231/2231 2228/2228
f 2184/2184 2213/2213 2229/2229
f 2184/2184 2229/2229 2223/2223
f 2261/2261 2264/2264 2248/2248
f 2261/2261 2248/2248 2244/2244
f 2217/2217 2208/2208 2178/2178
f 2217/2217 2178/2178 2181/2181
f 2205/2205 2177/2177 2169/2169
f 2205/2205 2169/2169 2188/2188
f 2194/2194 2172/2172 2173/2173
f 2194/2194 2173/2173 2182/2182
f 2280/2280 2289/2289 2230/2230
f 2280/2280 2230/2230 2224/2224
f 2275/2275 2263/2263 2222/2222
f 2275/2275 2222/2222 2223/2223
f 2272/2272 2269/2269 2226/2226
f 2272/2272 2226/2226 2227/2227
f 2286/2286 2275/2275 2223/2223
f 2286/2286 2223/2223 2229/2229
f 2188/2188 2191/2191 2192/2192
f 2188/2188 2192/2192 2189/2189
f 2191/2191 2195/2195 2197/2197
f 2191/2191 2197/2197 2192/2192
f 2194/2194 2182/2182 2183/2183
f 2194/2194 2183/2183 2196/2196
f 2187/2187 2201/2201 2225/2225
f 2187/2187 2225/2225 2224/2224
f 2185/2185 2199/2199 2200/2200
f 2185/2185 2200/2200 2186/2186
f 2199/2199 2202/2202 2203/2203
f 2199/2199 2203/2203 2200/2200
f 2202/2202 2205/2205 2206/2206
f 2202/2202 2206/2206 2203/2203
f 2205/2205 2188/2188 2189/2189
f 2205/2205 2189/2189 2206/2206
f 2209/2209 2212/2212 2211/2211
f 2209/2209 2211/2211 2208/2208
f 2212/2212 2183/2183 2182/2182
f 2212/2212 2182/2182 2211/2211
f 2186/2186 2215/2215 2214/2214
f 2186/2186 2214/2214 2185/2185
f 2215/2215 2218/2218 2217/2217
f 2215/2215 2217/2217 2214/2214
f 2218/2218 2209/2209 2208/2208
f 2218/2218 2208/2208 2217/2217
f 2190/2190 2193/2193 2221/2221
f 2190/2190 2221/2221 2220/2220
f 2273/2273 2257/2257 2246/2246
f 2273/2273 2246/2246 2242/2242
f 2264/2264 2276/2276 2238/2238
f 2264/2264 2238/2238 2248/2248
f 2266/2266 2280/2280 2224/2224
f 2266/2266 2224/2224 2225/2225
f 2267/2267 2270/2270 2252/2252
f 2267/2267 2252/2252 2240/2240
f 2278/2278 2267/2267 2240/2240
f 2278/2278 2240/2240 2250/2250
f 2276/2276 2284/2284 2254/2254
f 2276/2276 2254/2254 2238/2238
f 2260/2260 2259/2259 2220/2220
f 2260/2260 2220/2220 2221/2221
f 2282/2282 2290/2290 2256/2256
f 2282/2282 2256/2256 2234/2234
f 2287/2287 2278/2278 2250/2250
f 2287/2287 2250/2250 2236/2236
f 2284/2284 2282/2282 2234/2234
f 2284/2284 2234/2234 2254/2254
f 2290/2290 2287/2287 2236/2236
f 2290/2290 2236/2236 2256/2256
f 2233/2233 2255/2255 2235/2235
f 2233/2233 2235/2235 2232/2232
f 2235/2235 2249/2249 2239/2239
f 2235/2235 2239/2239 2232/2232
f 2237/2237 2253/2253 2233/2233
f 2237/2237 2233/2233 2232/2232
f 2251/2251 2241/2241 2232/2232
f 2251/2251 2232/2232 2239/2239
f 2247/2247 2237/2237 2232/2232
f 2247/2247 2232/2232 2243/2243
f 2241/2241 2245/2245 2243/2243
f 2241/2241 2243/2243 2232/2232
f 2289/2289 2292/2292 2231/2231
f 2289/2289 2231/2231 2230/2230
f 2259/2259 2272/2272 2227/2227
f 2259/2259 2227/2227 2220/2220
f 2281/2281 2286/2286 2229/2229
f 2281/2281 2229/2229 2228/2228
f 2269/2269 2266/2266 2225/2225
f 2269/2269 2225/2225 2226/2226
f 2292/2292 2281/2281 2228/2228
f 2292/2292 2228/2228 2231/2231
f 2263/2263 2260/2260 2221/2221
f 2263/2263 2221/2221 2222/2222
f 2259/2259 2260/2260 2262/2262
f 2259/2259 2262/2262 2258/2258
f 2260/2260 2263/2263 2265/2265
f 2260/2260 2265/2265 2262/2262
f 2263/2263 2275/2275 2277/2277
f 2263/2263 2277/2277 2265/2265
f 2280/2280 2266/2266 2268/2268
f 2280/2280 2268/2268 2279/2279
f 2266/2266 2269/2269 2271/2271
f 2266/2266 2271/2271 2268/2268
f 2269/2269 2272/2272 2274/2274
f 2269/2269 2274/2274 2271/2271
f 2272/2272 2259/2259 2258/2258
f 2272/2272 2258/2258 2274/2274
f 2283/2283 2285/2285 2286/2286
f 2283/2283 2286/2286 2281/2281
f 2285/2285 2277/2277 2275/2275
f 2285/2285 2275/2275 2286/2286
f 2279/2279 2288/2288 2289/2289
f 2279/2279 2289/2289 2280/2280
f 2288/2288 2291/2291 2292/2292
f 2288/2288 2292/2292 2289/2289
f 2291/2291 2283/2283 2281/2281
f 2291/2291 2281/2281 2292/2292
f 2257/2257 2261/2261 2244/2244
f 2257/2257 2244/2244 2246/2246
f 4663/4663 4661/4661 2322/2322
f 4663/4663 2322/2322 2323/2323
f 2295/2295 4639/4639 4641/4641
f 2295/2295 4641/4641 2296/2296
f 4640/4640 4637/4637 2313/2313
f 4640/4640 2313/2313 2314/2314
f 2293/2293 4630/4630 4636/4636
f 2293/2293 4636/4636 2294/2294
f 4642/4642 4640/4640 2314/2314
f 4642/4642 2314/2314 2315/2315
f 2298/2298 4647/4647 4649/4649
f 2298/2298 4649/4649 2299/2299
f 4648/4648 4645/4645 2316/2316
f 4648/4648 2316/2316 2317/2317
f 4650/4650 4648/4648 2317/2317
f 4650/4650 2317/2317 2318/2318
f 4661/4661 4658/4658 2321/2321
f 4661/4661 2321/2321 2322/2322
f 4659/4659 4655/4655 2320/2320
f 4659/4659 2320/2320 2321/2321
f 4673/4673 4669/4669 2325/2325
f 4673/4673 2325/2325 2326/2326
f 2304/2304 4662/4662 4665/4665
f 2304/2304 4665/4665 2305/2305
f 4666/4666 4664/4664 2323/2323
f 4666/4666 2323/2323 2324/2324
f 4670/4670 4666/4666 2324/2324
f 4670/4670 2324/2324 2325/2325
f 4682/4682 4681/4681 2328/2328
f 4682/4682 2328/2328 2329/2329
f 4637/4637 4633/4633 2312/2312
f 4637/4637 2312/2312 2313/2313
f 4654/4654 4651/4651 2318/2318
f 4654/4654 2318/2318 2319/2319
f 2299/2299 4649/4649 4653/4653
f 2299/2299 4653/4653 2300/2300
f 2305/2305 4665/4665 4667/4667
f 2305/2305 4667/4667 2306/2306
f 4631/4631 4677/4677 2327/2327
f 4631/4631 2327/2327 2311/2311
f 2309/2309 4678/4678 4630/4630
f 2309/2309 4630/4630 2293/2293
f 2303/2303 4660/4660 4662/4662
f 2303/2303 4662/4662 2304/2304
f 2308/2308 4675/4675 4678/4678
f 2308/2308 4678/4678 2309/2309
f 2297/2297 4644/4644 4647/4647
f 2297/2297 4647/4647 2298/2298
f 2313/2313 2312/2312 4683/4683
f 2313/2313 4683/4683 4686/4686
f 4709/4709 4706/4706 2338/2338
f 4709/4709 2338/2338 2339/2339
f 4726/4726 4722/4722 2343/2343
f 4726/4726 2343/2343 2344/2344
f 4694/4694 4691/4691 2332/2332
f 4694/4694 2332/2332 2333/2333
f 4723/4723 4718/4718 2342/2342
f 4723/4723 2342/2342 2343/2343
f 4691/4691 4688/4688 2331/2331
f 4691/4691 2331/2331 2332/2332
f 4706/4706 4703/4703 2337/2337
f 4706/4706 2337/2337 2338/2338
f 4702/4702 4699/4699 2335/2335
f 4702/4702 2335/2335 2336/2336
f 2294/2294 4635/4635 4638/4638
f 2294/2294 4638/4638 2295/2295
f 2306/2306 4668/4668 4672/4672
f 2306/2306 4672/4672 2307/2307
f 2296/2296 4641/4641 4644/4644
f 2296/2296 4644/4644 2297/2297
f 4671/4671 4674/4674 2308/2308
f 4671/4671 2308/2308 2307/2307
f 2300/2300 4652/4652 4656/4656
f 2300/2300 4656/4656 2301/2301
f 2302/2302 4657/4657 4660/4660
f 2302/2302 4660/4660 2303/2303
f 4646/4646 4643/4643 2315/2315
f 4646/4646 2315/2315 2316/2316
f 4676/4676 4673/4673 2326/2326
f 4676/4676 2326/2326 2327/2327
f 2316/2316 2315/2315 4692/4692
f 2316/2316 4692/4692 4695/4695
f 2322/2322 2321/2321 4707/4707
f 2322/2322 4707/4707 4711/4711
f 2321/2321 2320/2320 4705/4705
f 2321/2321 4705/4705 4708/4708
f 2325/2325 2324/2324 4717/4717
f 2325/2325 4717/4717 4721/4721
f 2315/2315 2314/2314 4690/4690
f 2315/2315 4690/4690 4693/4693
f 2324/2324 2323/2323 4714/4714
f 2324/2324 4714/4714 4717/4717
f 2314/2314 2313/2313 4687/4687
f 2314/2314 4687/4687 4690/4690
f 2319/2319 2318/2318 4700/4700
f 2319/2319 4700/4700 4704/4704
f 4681/4681 4726/4726 2344/2344
f 4681/4681 2344/2344 2328/2328
f 4716/4716 4713/4713 2340/2340
f 4716/4716 2340/2340 2341/2341
f 4696/4696 4694/4694 2333/2333
f 4696/4696 2333/2333 2334/2334
f 4699/4699 4696/4696 2334/2334
f 4699/4699 2334/2334 2335/2335
f 4685/4685 4682/4682 2329/2329
f 4685/4685 2329/2329 2330/2330
f 4719/4719 4715/4715 2341/2341
f 4719/4719 2341/2341 2342/2342
f 4689/4689 4685/4685 2330/2330
f 4689/4689 2330/2330 2331/2331
f 2326/2326 2325/2325 4720/4720
f 2326/2326 4720/4720 4724/4724
f 4734/4734 4731/4731 2346/2346
f 4734/4734 2346/2346 2347/2347
f 4752/4752 4749/4749 2352/2352
f 4752/4752 2352/2352 2353/2353
f 4747/4747 4743/4743 2350/2350
f 4747/4747 2350/2350 2351/2351
f 4760/4760 4758/4758 2356/2356
f 4760/4760 2356/2356 2357/2357
f 4730/4730 4771/4771 2361/2361
f 4730/4730 2361/2361 2345/2345
f 2329/2329 2328/2328 4729/4729
f 2329/2329 4729/4729 4733/4733
f 4758/4758 4756/4756 2355/2355
f 4758/4758 2355/2355 2356/2356
f 4771/4771 4769/4769 2360/2360
f 4771/4771 2360/2360 2361/2361
f 2327/2327 2326/2326 4725/4725
f 2327/2327 4725/4725 4727/4727
f 2317/2317 2316/2316 4695/4695
f 2317/2317 4695/4695 4698/4698
f 2328/2328 2344/2344 4773/4773
f 2328/2328 4773/4773 4729/4729
f 4712/4712 4709/4709 2339/2339
f 4712/4712 2339/2339 2340/2340
f 2311/2311 2327/2327 4728/4728
f 2311/2311 4728/4728 4679/4679
f 2312/2312 2311/2311 4680/4680
f 2312/2312 4680/4680 4684/4684
f 2323/2323 2322/2322 4710/4710
f 2323/2323 4710/4710 4714/4714
f 2318/2318 2317/2317 4697/4697
f 2318/2318 4697/4697 4701/4701
f 2330/2330 2329/2329 4732/4732
f 2330/2330 4732/4732 4736/4736
f 4731/4731 4730/4730 2345/2345
f 4731/4731 2345/2345 2346/2346
f 2340/2340 2339/2339 4759/4759
f 2340/2340 4759/4759 4761/4761
f 2346/2346 2345/2345 4774/4774
f 2346/2346 4774/4774 4779/4779
f 2334/2334 2333/2333 4745/4745
f 2334/2334 4745/4745 4748/4748
f 2343/2343 2342/2342 4767/4767
f 2343/2343 4767/4767 4770/4770
f 2333/2333 2332/2332 4741/4741
f 2333/2333 4741/4741 4746/4746
f 2339/2339 2338/2338 4757/4757
f 2339/2339 4757/4757 4759/4759
f 4762/4762 4760/4760 2357/2357
f 4762/4762 2357/2357 2358/2358
f 2332/2332 2331/2331 4738/4738
f 2332/2332 4738/4738 4742/4742
f 4768/4768 4765/4765 2359/2359
f 4768/4768 2359/2359 2360/2360
f 2338/2338 2337/2337 4755/4755
f 2338/2338 4755/4755 4757/4757
f 4756/4756 4753/4753 2354/2354
f 4756/4756 2354/2354 2355/2355
f 4740/4740 4737/4737 2348/2348
f 4740/4740 2348/2348 2349/2349
f 2344/2344 2343/2343 4770/4770
f 2344/2344 4770/4770 4772/4772
f 4744/4744 4740/4740 2349/2349
f 4744/4744 2349/2349 2350/2350
f 4787/4787 4784/4784 2365/2365
f 4787/4787 2365/2365 2366/2366
f 2356/2356 2355/2355 4805/4805
f 2356/2356 4805/4805 4808/4808
f 4799/4799 4796/4796 2369/2369
f 4799/4799 2369/2369 2370/2370
f 4816/4816 4814/4814 2375/2375
f 4816/4816 2375/2375 2376/2376
f 4784/4784 4782/4782 2364/2364
f 4784/4784 2364/2364 2365/2365
f 4813/4813 4810/4810 2374/2374
f 4813/4813 2374/2374 2375/2375
f 4781/4781 4777/4777 2363/2363
f 4781/4781 2363/2363 2364/2364
f 4797/4797 4792/4792 2368/2368
f 4797/4797 2368/2368 2369/2369
f 2341/2341 2340/2340 4761/4761
f 2341/2341 4761/4761 4764/4764
f 4749/4749 4747/4747 2351/2351
f 4749/4749 2351/2351 2352/2352
f 2335/2335 2334/2334 4748/4748
f 2335/2335 4748/4748 4750/4750
f 4737/4737 4735/4735 2347/2347
f 4737/4737 2347/2347 2348/2348
f 4766/4766 4763/4763 2358/2358
f 4766/4766 2358/2358 2359/2359
f 2331/2331 2330/2330 4736/4736
f 2331/2331 4736/4736 4739/4739
f 2342/2342 2341/2341 4764/4764
f 2342/2342 4764/4764 4767/4767
f 2336/2336 2335/2335 4751/4751
f 2336/2336 4751/4751 4754/4754
f 2359/2359 2358/2358 4815/4815
f 2359/2359 4815/4815 4817/4817
f 2348/2348 2347/2347 4783/4783
f 2348/2348 4783/4783 4786/4786
f 2353/2353 2352/2352 4798/4798
f 2353/2353 4798/4798 4801/4801
f 2351/2351 2350/2350 4791/4791
f 2351/2351 4791/4791 4794/4794
f 2358/2358 2357/2357 4812/4812
f 2358/2358 4812/4812 4815/4815
f 4775/4775 4822/4822 2378/2378
f 4775/4775 2378/2378 2362/2362
f 2345/2345 2361/2361 4823/4823
f 2345/2345 4823/4823 4774/4774
f 2357/2357 2356/2356 4809/4809
f 2357/2357 4809/4809 4811/4811
f 4818/4818 4816/4816 2376/2376
f 4818/4818 2376/2376 2377/2377
f 4793/4793 4790/4790 2367/2367
f 4793/4793 2367/2367 2368/2368
f 4885/4885 4881/4881 2379/2379
f 4885/4885 2379/2379 2380/2380
f 4807/4807 4803/4803 2372/2372
f 4807/4807 2372/2372 2373/2373
f 2347/2347 2346/2346 4780/4780
f 2347/2347 4780/4780 4783/4783
f 4778/4778 4776/4776 2362/2362
f 4778/4778 2362/2362 2363/2363
f 4810/4810 4807/4807 2373/2373
f 4810/4810 2373/2373 2374/2374
f 2352/2352 2351/2351 4795/4795
f 2352/2352 4795/4795 4798/4798
f 4828/4828 4826/4826 4878/4878
f 4828/4828 4878/4878 4883/4883
f 2364/2364 2363/2363 4830/4830
f 2364/2364 4830/4830 4834/4834
f 4865/4865 4862/4862 4913/4913
f 4865/4865 4913/4913 4916/4916
f 4899/4899 4896/4896 2383/2383
f 4899/4899 2383/2383 2384/2384
f 4927/4927 4924/4924 2393/2393
f 4927/4927 2393/2393 2394/2394
f 4897/4897 4893/4893 2382/2382
f 4897/4897 2382/2382 2383/2383
f 4911/4911 4909/4909 2388/2388
f 4911/4911 2388/2388 2389/2389
f 2349/2349 2348/2348 4785/4785
f 2349/2349 4785/4785 4789/4789
f 2360/2360 2359/2359 4817/4817
f 2360/2360 4817/4817 4820/4820
f 4804/4804 4800/4800 2371/2371
f 4804/4804 2371/2371 2372/2372
f 2355/2355 2354/2354 4802/4802
f 2355/2355 4802/4802 4806/4806
f 4790/4790 4787/4787 2366/2366
f 4790/4790 2366/2366 2367/2367
f 4821/4821 4819/4819 2377/2377
f 4821/4821 2377/2377 2378/2378
f 2350/2350 2349/2349 4788/4788
f 2350/2350 4788/4788 4791/4791
f 2361/2361 2360/2360 4820/4820
f 2361/2361 4820/4820 4823/4823
f 2367/2367 2366/2366 4841/4841
f 2367/2367 4841/4841 4846/4846
f 2373/2373 2372/2372 4859/4859
f 2373/2373 4859/4859 4863/4863
f 2372/2372 2371/2371 4856/4856
f 2372/2372 4856/4856 4860/4860
f 2376/2376 2375/2375 4870/4870
f 2376/2376 4870/4870 4873/4873
f 2366/2366 2365/2365 4837/4837
f 2366/2366 4837/4837 4842/4842
f 2375/2375 2374/2374 4866/4866
f 2375/2375 4866/4866 4870/4870
f 2365/2365 2364/2364 4835/4835
f 2365/2365 4835/4835 4838/4838
f 2370/2370 2369/2369 4851/4851
f 2370/2370 4851/4851 4855/4855
f 4921/4921 4917/4917 2391/2391
f 4921/4921 2391/2391 2392/2392
f 4902/4902 4900/4900 2384/2384
f 4902/4902 2384/2384 2385/2385
f 4904/4904 4902/4902 2385/2385
f 4904/4904 2385/2385 2386/2386
f 4889/4889 4886/4886 2380/2380
f 4889/4889 2380/2380 2381/2381
f 4924/4924 4922/4922 2392/2392
f 4924/4924 2392/2392 2393/2393
f 4892/4892 4888/4888 2381/2381
f 4892/4892 2381/2381 2382/2382
f 2377/2377 2376/2376 4873/4873
f 2377/2377 4873/4873 4875/4875
f 4908/4908 4905/4905 2387/2387
f 4908/4908 2387/2387 2388/2388
f 4868/4868 4865/4865 4916/4916
f 4868/4868 4916/4916 4919/4919
f 4833/4833 4829/4829 4884/4884
f 4833/4833 4884/4884 4887/4887
f 4850/4850 4847/4847 4901/4901
f 4850/4850 4901/4901 4903/4903
f 4847/4847 4843/4843 4898/4898
f 4847/4847 4898/4898 4901/4901
f 4918/4918 4914/4914 2390/2390
f 4918/4918 2390/2390 2391/2391
f 4880/4880 4927/4927 2394/2394
f 4880/4880 2394/2394 2310/2310
f 4827/4827 4876/4876 4928/4928
f 4827/4827 4928/4928 4878/4878
f 4861/4861 4857/4857 4910/4910
f 4861/4861 4910/4910 4912/4912
f 2378/2378 2377/2377 4875/4875
f 2378/2378 4875/4875 4877/4877
f 2368/2368 2367/2367 4845/4845
f 2368/2368 4845/4845 4848/4848
f 4915/4915 4911/4911 2389/2389
f 4915/4915 2389/2389 2390/2390
f 2362/2362 2378/2378 4877/4877
f 2362/2362 4877/4877 4825/4825
f 2363/2363 2362/2362 4824/4824
f 2363/2363 4824/4824 4831/4831
f 2374/2374 2373/2373 4864/4864
f 2374/2374 4864/4864 4867/4867
f 2369/2369 2368/2368 4848/4848
f 2369/2369 4848/4848 4852/4852
f 4836/4836 4832/4832 4887/4887
f 4836/4836 4887/4887 4890/4890
f 4871/4871 4869/4869 4920/4920
f 4871/4871 4920/4920 4923/4923
f 4853/4853 4849/4849 4903/4903
f 4853/4853 4903/4903 4906/4906
f 4858/4858 4854/4854 4907/4907
f 4858/4858 4907/4907 4910/4910
f 4839/4839 4836/4836 4891/4891
f 4839/4839 4891/4891 4894/4894
f 4874/4874 4872/4872 4923/4923
f 4874/4874 4923/4923 4926/4926
f 4844/4844 4840/4840 4895/4895
f 4844/4844 4895/4895 4898/4898
f 4876/4876 4874/4874 4925/4925
f 4876/4876 4925/4925 4929/4929
f 2396/2396 2398/2398 2400/2400
f 2396/2396 2400/2400 2399/2399
f 2399/2399 2400/2400 2402/2402
f 2399/2399 2402/2402 2401/2401
f 2401/2401 2402/2402 2404/2404
f 2401/2401 2404/2404 2403/2403
f 2403/2403 2404/2404 2406/2406
f 2403/2403 2406/2406 2405/2405
f 2405/2405 2406/2406 2408/2408
f 2405/2405 2408/2408 2407/2407
f 2407/2407 2408/2408 2410/2410
f 2407/2407 2410/2410 2409/2409
f 2409/2409 2410/2410 2412/2412
f 2409/2409 2412/2412 2411/2411
f 2411/2411 2412/2412 2414/2414
f 2411/2411 2414/2414 2413/2413
f 2413/2413 2414/2414 2416/2416
f 2413/2413 2416/2416 2415/2415
f 2415/2415 2416/2416 2418/2418
f 2415/2415 2418/2418 2417/2417
f 2417/2417 2418/2418 2420/2420
f 2417/2417 2420/2420 2419/2419
f 2419/2419 2420/2420 2422/2422
f 2419/2419 2422/2422 2421/2421
f 2421/2421 2422/2422 2424/2424
f 2421/2421 2424/2424 2423/2423
f 2423/2423 2424/2424 2426/2426
f 2423/2423 2426/2426 2425/2425
f 2425/2425 2426/2426 2428/2428
f 2425/2425 2428/2428 2427/2427
f 2427/2427 2428/2428 2397/2397
f 2427/2427 2397/2397 2395/2395
f 2407/2407 2409/2409 2436/2436
f 2407/2407 2436/2436 2435/2435
f 2442/2442 2443/2443 2460/2460
f 2442/2442 2460/2460 2459/2459
f 2417/2417 2419/2419 2441/2441
f 2417/2417 2441/2441 2440/2440
f 2427/2427 2395/2395 2429/2429
f 2427/2427 2429/2429 2445/2445
f 2403/2403 2405/2405 2434/2434
f 2403/2403 2434/2434 2433/2433
f 2413/2413 2415/2415 2439/2439
f 2413/2413 2439/2439 2438/2438
f 2423/2423 2425/2425 2444/2444
f 2423/2423 2444/2444 2443/2443
f 2399/2399 2401/2401 2432/2432
f 2399/2399 2432/2432 2431/2431
f 2409/2409 2411/2411 2437/2437
f 2409/2409 2437/2437 2436/2436
f 2419/2419 2421/2421 2442/2442
f 2419/2419 2442/2442 2441/2441
f 2405/2405 2407/2407 2435/2435
f 2405/2405 2435/2435 2434/2434
f 2415/2415 2417/2417 2440/2440
f 2415/2415 2440/2440 2439/2439
f 2425/2425 2427/2427 2445/2445
f 2425/2425 2445/2445 2444/2444
f 2401/2401 2403/2403 2433/2433
f 2401/2401 2433/2433 2432/2432
f 2411/2411 2413/2413 2438/2438
f 2411/2411 2438/2438 2437/2437
f 2396/2396 2399/2399 2431/2431
f 2396/2396 2431/2431 2430/2430
f 2421/2421 2423/2423 2443/2443
f 2421/2421 2443/2443 2442/2442
f 2457/2457 2458/2458 2475/2475
f 2457/2457 2475/2475 2474/2474
f 2435/2435 2436/2436 2453/2453
f 2435/2435 2453/2453 2452/2452
f 2443/2443 2444/2444 2461/2461
f 2443/2443 2461/2461 2460/2460
f 2436/2436 2437/2437 2454/2454
f 2436/2436 2454/2454 2453/2453
f 2444/2444 2445/2445 2462/2462
f 2444/2444 2462/2462 2461/2461
f 2437/2437 2438/2438 2455/2455
f 2437/2437 2455/2455 2454/2454
f 2430/2430 2431/2431 2448/2448
f 2430/2430 2448/2448 2447/2447
f 2445/2445 2429/2429 2446/2446
f 2445/2445 2446/2446 2462/2462
f 2438/2438 2439/2439 2456/2456
f 2438/2438 2456/2456 2455/2455
f 2431/2431 2432/2432 2449/2449
f 2431/2431 2449/2449 2448/2448
f 2439/2439 2440/2440 2457/2457
f 2439/2439 2457/2457 2456/2456
f 2432/2432 2433/2433 2450/2450
f 2432/2432 2450/2450 2449/2449
f 2440/2440 2441/2441 2458/2458
f 2440/2440 2458/2458 2457/2457
f 2433/2433 2434/2434 2451/2451
f 2433/2433 2451/2451 2450/2450
f 2441/2441 2442/2442 2459/2459
f 2441/2441 2459/2459 2458/2458
f 2434/2434 2435/2435 2452/2452
f 2434/2434 2452/2452 2451/2451
f 2464/2464 2465/2465 2482/2482
f 2464/2464 2482/2482 2481/2481
f 2450/2450 2451/2451 2468/2468
f 2450/2450 2468/2468 2467/2467
f 2458/2458 2459/2459 2476/2476
f 2458/2458 2476/2476 2475/2475
f 2451/2451 2452/2452 2469/2469
f 2451/2451 2469/2469 2468/2468
f 2459/2459 2460/2460 2477/2477
f 2459/2459 2477/2477 2476/2476
f 2452/2452 2453/2453 2470/2470
f 2452/2452 2470/2470 2469/2469
f 2460/2460 2461/2461 2478/2478
f 2460/2460 2478/2478 2477/2477
f 2453/2453 2454/2454 2471/2471
f 2453/2453 2471/2471 2470/2470
f 2461/2461 2462/2462 2479/2479
f 2461/2461 2479/2479 2478/2478
f 2454/2454 2455/2455 2472/2472
f 2454/2454 2472/2472 2471/2471
f 2447/2447 2448/2448 2465/2465
f 2447/2447 2465/2465 2464/2464
f 2462/2462 2446/2446 2463/2463
f 2462/2462 2463/2463 2479/2479
f 2455/2455 2456/2456 2473/2473
f 2455/2455 2473/2473 2472/2472
f 2448/2448 2449/2449 2466/2466
f 2448/2448 2466/2466 2465/2465
f 2456/2456 2457/2457 2474/2474
f 2456/2456 2474/2474 2473/2473
f 2449/2449 2450/2450 2467/2467
f 2449/2449 2467/2467 2466/2466
f 2486/2486 2487/2487 2504/2504
f 2486/2486 2504/2504 2503/2503
f 2479/2479 2463/2463 2480/2480
f 2479/2479 2480/2480 2496/2496
f 2472/2472 2473/2473 2490/2490
f 2472/2472 2490/2490 2489/2489
f 2465/2465 2466/2466 2483/2483
f 2465/2465 2483/2483 2482/2482
f 2473/2473 2474/2474 2491/2491
f 2473/2473 2491/2491 2490/2490
f 2466/2466 2467/2467 2484/2484
f 2466/2466 2484/2484 2483/2483
f 2474/2474 2475/2475 2492/2492
f 2474/2474 2492/2492 2491/2491
f 2467/2467 2468/2468 2485/2485
f 2467/2467 2485/2485 2484/2484
f 2475/2475 2476/2476 2493/2493
f 2475/2475 2493/2493 2492/2492
f 2468/2468 2469/2469 2486/2486
f 2468/2468 2486/2486 2485/2485
f 2476/2476 2477/2477 2494/2494
f 2476/2476 2494/2494 2493/2493
f 2469/2469 2470/2470 2487/2487
f 2469/2469 2487/2487 2486/2486
f 2477/2477 2478/2478 2495/2495
f 2477/2477 2495/2495 2494/2494
f 2470/2470 2471/2471 2488/2488
f 2470/2470 2488/2488 2487/2487
f 2478/2478 2479/2479 2496/2496
f 2478/2478 2496/2496 2495/2495
f 2471/2471 2472/2472 2489/2489
f 2471/2471 2489/2489 2488/2488
f 2508/2508 2509/2509 2526/2526
f 2508/2508 2526/2526 2525/2525
f 2494/2494 2495/2495 2512/2512
f 2494/2494 2512/2512 2511/2511
f 2487/2487 2488/2488 2505/2505
f 2487/2487 2505/2505 2504/2504
f 2495/2495 2496/2496 2513/2513
f 2495/2495 2513/2513 2512/2512
f 2488/2488 2489/2489 2506/2506
f 2488/2488 2506/2506 2505/2505
f 2481/2481 2482/2482 2499/2499
f 2481/2481 2499/2499 2498/2498
f 2496/2496 2480/2480 2497/2497
f 2496/2496 2497/2497 2513/2513
f 2489/2489 2490/2490 2507/2507
f 2489/2489 2507/2507 2506/2506
f 2482/2482 2483/2483 2500/2500
f 2482/2482 2500/2500 2499/2499
f 2490/2490 2491/2491 2508/2508
f 2490/2490 2508/2508 2507/2507
f 2483/2483 2484/2484 2501/2501
f 2483/2483 2501/2501 2500/2500
f 2491/2491 2492/2492 2509/2509
f 2491/2491 2509/2509 2508/2508
f 2484/2484 2485/2485 2502/2502
f 2484/2484 2502/2502 2501/2501
f 2492/2492 2493/2493 2510/2510
f 2492/2492 2510/2510 2509/2509
f 2485/2485 2486/2486 2503/2503
f 2485/2485 2503/2503 2502/2502
f 2493/2493 2494/2494 2511/2511
f 2493/2493 2511/2511 2510/2510
f 2515/2515 2516/2516 2533/2533
f 2515/2515 2533/2533 2532/2532
f 2501/2501 2502/2502 2519/2519
f 2501/2501 2519/2519 2518/2518
f 2509/2509 2510/2510 2527/2527
f 2509/2509 2527/2527 2526/2526
f 2502/2502 2503/2503 2520/2520
f 2502/2502 2520/2520 2519/2519
f 2510/2510 2511/2511 2528/2528
f 2510/2510 2528/2528 2527/2527
f 2503/2503 2504/2504 2521/2521
f 2503/2503 2521/2521 2520/2520
f 2511/2511 2512/2512 2529/2529
f 2511/2511 2529/2529 2528/2528
f 2504/2504 2505/2505 2522/2522
f 2504/2504 2522/2522 2521/2521
f 2512/2512 2513/2513 2530/2530
f 2512/2512 2530/2530 2529/2529
f 2505/2505 2506/2506 2523/2523
f 2505/2505 2523/2523 2522/2522
f 2498/2498 2499/2499 2516/2516
f 2498/2498 2516/2516 2515/2515
f 2513/2513 2497/2497 2514/2514
f 2513/2513 2514/2514 2530/2530
f 2506/2506 2507/2507 2524/2524
f 2506/2506 2524/2524 2523/2523
f 2499/2499 2500/2500 2517/2517
f 2499/2499 2517/2517 2516/2516
f 2507/2507 2508/2508 2525/2525
f 2507/2507 2525/2525 2524/2524
f 2500/2500 2501/2501 2518/2518
f 2500/2500 2518/2518 2517/2517
f 2537/2537 2538/2538 2555/2555
f 2537/2537 2555/2555 2554/2554
f 2530/2530 2514/2514 2531/2531
f 2530/2530 2531/2531 2547/2547
f 2523/2523 2524/2524 2541/2541
f 2523/2523 2541/2541 2540/2540
f 2516/2516 2517/2517 2534/2534
f 2516/2516 2534/2534 2533/2533
f 2524/2524 2525/2525 2542/2542
f 2524/2524 2542/2542 2541/2541
f 2517/2517 2518/2518 2535/2535
f 2517/2517 2535/2535 2534/2534
f 2525/2525 2526/2526 2543/2543
f 2525/2525 2543/2543 2542/2542
f 2518/2518 2519/2519 2536/2536
f 2518/2518 2536/2536 2535/2535
f 2526/2526 2527/2527 2544/2544
f 2526/2526 2544/2544 2543/2543
f 2519/2519 2520/2520 2537/2537
f 2519/2519 2537/2537 2536/2536
f 2527/2527 2528/2528 2545/2545
f 2527/2527 2545/2545 2544/2544
f 2520/2520 2521/2521 2538/2538
f 2520/2520 2538/2538 2537/2537
f 2528/2528 2529/2529 2546/2546
f 2528/2528 2546/2546 2545/2545
f 2521/2521 2522/2522 2539/2539
f 2521/2521 2539/2539 2538/2538
f 2529/2529 2530/2530 2547/2547
f 2529/2529 2547/2547 2546/2546
f 2522/2522 2523/2523 2540/2540
f 2522/2522 2540/2540 2539/2539
f 2559/2559 2560/2560 2577/2577
f 2559/2559 2577/2577 2576/2576
f 2545/2545 2546/2546 2563/2563
f 2545/2545 2563/2563 2562/2562
f 2538/2538 2539/2539 2556/2556
f 2538/2538 2556/2556 2555/2555
f 2546/2546 2547/2547 2564/2564
f 2546/2546 2564/2564 2563/2563
f 2539/2539 2540/2540 2557/2557
f 2539/2539 2557/2557 2556/2556
f 2532/2532 2533/2533 2550/2550
f 2532/2532 2550/2550 2549/2549
f 2547/2547 2531/2531 2548/2548
f 2547/2547 2548/2548 2564/2564
f 2540/2540 2541/2541 2558/2558
f 2540/2540 2558/2558 2557/2557
f 2533/2533 2534/2534 2551/2551
f 2533/2533 2551/2551 2550/2550
f 2541/2541 2542/2542 2559/2559
f 2541/2541 2559/2559 2558/2558
f 2534/2534 2535/2535 2552/2552
f 2534/2534 2552/2552 2551/2551
f 2542/2542 2543/2543 2560/2560
f 2542/2542 2560/2560 2559/2559
f 2535/2535 2536/2536 2553/2553
f 2535/2535 2553/2553 2552/2552
f 2543/2543 2544/2544 2561/2561
f 2543/2543 2561/2561 2560/2560
f 2536/2536 2537/2537 2554/2554
f 2536/2536 2554/2554 2553/2553
f 2544/2544 2545/2545 2562/2562
f 2544/2544 2562/2562 2561/2561
f 2552/2552 2553/2553 2570/2570
f 2552/2552 2570/2570 2569/2569
f 2560/2560 2561/2561 2578/2578
f 2560/2560 2578/2578 2577/2577
f 2553/2553 2554/2554 2571/2571
f 2553/2553 2571/2571 2570/2570
f 2561/2561 2562/2562 2579/2579
f 2561/2561 2579/2579 2578/2578
f 2554/2554 2555/2555 2572/2572
f 2554/2554 2572/2572 2571/2571
f 2562/2562 2563/2563 2580/2580
f 2562/2562 2580/2580 2579/2579
f 2555/2555 2556/2556 2573/2573
f 2555/2555 2573/2573 2572/2572
f 2563/2563 2564/2564 2581/2581
f 2563/2563 2581/2581 2580/2580
f 2556/2556 2557/2557 2574/2574
f 2556/2556 2574/2574 2573/2573
f 2549/2549 2550/2550 2567/2567
f 2549/2549 2567/2567 2566/2566
f 2564/2564 2548/2548 2565/2565
f 2564/2564 2565/2565 2581/2581
f 2557/2557 2558/2558 2575/2575
f 2557/2557 2575/2575 2574/2574
f 2550/2550 2551/2551 2568/2568
f 2550/2550 2568/2568 2567/2567
f 2558/2558 2559/2559 2576/2576
f 2558/2558 2576/2576 2575/2575
f 2551/2551 2552/2552 2569/2569
f 2551/2551 2569/2569 2568/2568
f 2581/2581 2598/2598 2597/2597
f 2581/2581 2597/2597 2580/2580
f 2576/2576 2593/2593 2592/2592
f 2576/2576 2592/2592 2575/2575
f 2569/2569 2586/2586 2585/2585
f 2569/2569 2585/2585 2568/2568
f 2577/2577 2594/2594 2593/2593
f 2577/2577 2593/2593 2576/2576
f 2570/2570 2587/2587 2586/2586
f 2570/2570 2586/2586 2569/2569
f 2578/2578 2595/2595 2594/2594
f 2578/2578 2594/2594 2577/2577
f 2571/2571 2588/2588 2587/2587
f 2571/2571 2587/2587 2570/2570
f 2579/2579 2596/2596 2595/2595
f 2579/2579 2595/2595 2578/2578
f 2572/2572 2589/2589 2588/2588
f 2572/2572 2588/2588 2571/2571
f 2579/2579 2580/2580 2597/2597
f 2579/2579 2597/2597 2596/2596
f 2573/2573 2590/2590 2589/2589
f 2573/2573 2589/2589 2572/2572
f 2574/2574 2591/2591 2590/2590
f 2574/2574 2590/2590 2573/2573
f 2565/2565 2582/2582 2598/2598
f 2565/2565 2598/2598 2581/2581
f 2575/2575 2592/2592 2591/2591
f 2575/2575 2591/2591 2574/2574
f 2568/2568 2585/2585 2584/2584
f 2568/2568 2584/2584 2567/2567
f 2588/2588 2605/2605 2604/2604
f 2588/2588 2604/2604 2587/2587
f 2596/2596 2613/2613 2612/2612
f 2596/2596 2612/2612 2595/2595
f 2589/2589 2606/2606 2605/2605
f 2589/2589 2605/2605 2588/2588
f 2597/2597 2614/2614 2613/2613
f 2597/2597 2613/2613 2596/2596
f 2590/2590 2607/2607 2606/2606
f 2590/2590 2606/2606 2589/2589
f 2598/2598 2615/2615 2614/2614
f 2598/2598 2614/2614 2597/2597
f 2591/2591 2608/2608 2607/2607
f 2591/2591 2607/2607 2590/2590
f 2582/2582 2599/2599 2615/2615
f 2582/2582 2615/2615 2598/2598
f 2592/2592 2609/2609 2608/2608
f 2592/2592 2608/2608 2591/2591
f 2585/2585 2602/2602 2601/2601
f 2585/2585 2601/2601 2584/2584
f 2593/2593 2610/2610 2609/2609
f 2593/2593 2609/2609 2592/2592
f 2586/2586 2603/2603 2602/2602
f 2586/2586 2602/2602 2585/2585
f 2594/2594 2611/2611 2610/2610
f 2594/2594 2610/2610 2593/2593
f 2587/2587 2604/2604 2603/2603
f 2587/2587 2603/2603 2586/2586
f 2595/2595 2612/2612 2611/2611
f 2595/2595 2611/2611 2594/2594
f 2584/2584 2601/2601 2600/2600
f 2584/2584 2600/2600 2583/2583
f 2627/2627 2660/2660 2662/2662
f 2627/2627 2662/2662 2626/2626
f 2616/2616 2617/2617 2680/2680
f 2616/2616 2680/2680 2682/2682
f 2637/2637 2616/2616 2682/2682
f 2637/2637 2682/2682 2639/2639
f 2623/2623 2624/2624 2666/2666
f 2623/2623 2666/2666 2668/2668
f 2625/2625 2626/2626 2662/2662
f 2625/2625 2662/2662 2664/2664
f 2636/2636 2637/2637 2639/2639
f 2636/2636 2639/2639 2641/2641
f 2624/2624 2625/2625 2664/2664
f 2624/2624 2664/2664 2666/2666
f 2635/2635 2636/2636 2641/2641
f 2635/2635 2641/2641 2643/2643
f 2621/2621 2622/2622 2670/2670
f 2621/2621 2670/2670 2672/2672
f 2634/2634 2635/2635 2643/2643
f 2634/2634 2643/2643 2645/2645
f 2633/2633 2634/2634 2645/2645
f 2633/2633 2645/2645 2647/2647
f 2622/2622 2623/2623 2668/2668
f 2622/2622 2668/2668 2670/2670
f 2632/2632 2633/2633 2647/2647
f 2632/2632 2647/2647 2649/2649
f 2629/2629 2630/2630 2654/2654
f 2629/2629 2654/2654 2656/2656
f 2631/2631 2632/2632 2649/2649
f 2631/2631 2649/2649 2652/2652
f 2630/2630 2631/2631 2652/2652
f 2630/2630 2652/2652 2654/2654
f 2620/2620 2621/2621 2672/2672
f 2620/2620 2672/2672 2674/2674
f 2618/2618 2619/2619 2676/2676
f 2618/2618 2676/2676 2678/2678
f 2619/2619 2620/2620 2674/2674
f 2619/2619 2674/2674 2676/2676
f 3083/3083 3081/3081 2714/2714
f 3083/3083 2714/2714 2716/2716
f 2628/2628 2629/2629 2656/2656
f 2628/2628 2656/2656 2658/2658
f 2627/2627 2628/2628 2658/2658
f 2627/2627 2658/2658 2660/2660
f 2617/2617 2618/2618 2678/2678
f 2617/2617 2678/2678 2680/2680
f 3079/3079 3077/3077 2710/2710
f 3079/3079 2710/2710 2712/2712
f 3052/3052 3095/3095 2728/2728
f 3052/3052 2728/2728 2684/2684
f 3081/3081 3079/3079 2712/2712
f 3081/3081 2712/2712 2714/2714
f 3057/3057 3055/3055 2688/2688
f 3057/3057 2688/2688 2690/2690
f 3087/3087 3085/3085 2718/2718
f 3087/3087 2718/2718 2720/2720
f 3059/3059 3057/3057 2690/2690
f 3059/3059 2690/2690 2692/2692
f 3061/3061 3059/3059 2692/2692
f 3061/3061 2692/2692 2694/2694
f 3085/3085 3083/3083 2716/2716
f 3085/3085 2716/2716 2718/2718
f 3064/3064 3061/3061 2694/2694
f 3064/3064 2694/2694 2698/2698
f 3071/3071 3069/3069 2702/2702
f 3071/3071 2702/2702 2704/2704
f 3067/3067 3063/3063 2697/2697
f 3067/3067 2697/2697 2700/2700
f 3069/3069 3067/3067 2700/2700
f 3069/3069 2700/2700 2702/2702
f 3089/3089 3087/3087 2720/2720
f 3089/3089 2720/2720 2722/2722
f 3093/3093 3091/3091 2724/2724
f 3093/3093 2724/2724 2726/2726
f 3091/3091 3089/3089 2722/2722
f 3091/3091 2722/2722 2724/2724
f 3077/3077 3075/3075 2708/2708
f 3077/3077 2708/2708 2710/2710
f 3073/3073 3071/3071 2704/2704
f 3073/3073 2704/2704 2706/2706
f 3075/3075 3073/3073 2706/2706
f 3075/3075 2706/2706 2708/2708
f 3095/3095 3093/3093 2726/2726
f 3095/3095 2726/2726 2728/2728
f 3055/3055 3053/3053 2686/2686
f 3055/3055 2686/2686 2688/2688
f 2661/2661 2659/2659 3074/3074
f 2661/2661 3074/3074 3076/3076
f 2679/2679 2677/2677 3092/3092
f 2679/2679 3092/3092 3094/3094
f 2638/2638 2681/2681 3096/3096
f 2638/2638 3096/3096 3051/3051
f 2681/2681 2679/2679 3094/3094
f 2681/2681 3094/3094 3096/3096
f 2667/2667 2665/2665 3080/3080
f 2667/2667 3080/3080 3082/3082
f 2663/2663 2661/2661 3076/3076
f 2663/2663 3076/3076 3078/3078
f 2640/2640 2638/2638 3051/3051
f 2640/2640 3051/3051 3054/3054
f 2665/2665 2663/2663 3078/3078
f 2665/2665 3078/3078 3080/3080
f 2642/2642 2640/2640 3054/3054
f 2642/2642 3054/3054 3056/3056
f 2671/2671 2669/2669 3084/3084
f 2671/2671 3084/3084 3086/3086
f 2644/2644 2642/2642 3056/3056
f 2644/2644 3056/3056 3058/3058
f 2646/2646 2644/2644 3058/3058
f 2646/2646 3058/3058 3060/3060
f 2669/2669 2667/2667 3082/3082
f 2669/2669 3082/3082 3084/3084
f 2648/2648 2646/2646 3060/3060
f 2648/2648 3060/3060 3062/3062
f 2655/2655 2653/2653 3068/3068
f 2655/2655 3068/3068 3070/3070
f 2651/2651 2648/2648 3062/3062
f 2651/2651 3062/3062 3066/3066
f 2653/2653 2650/2650 3065/3065
f 2653/2653 3065/3065 3068/3068
f 2673/2673 2671/2671 3086/3086
f 2673/2673 3086/3086 3088/3088
f 2677/2677 2675/2675 3090/3090
f 2677/2677 3090/3090 3092/3092
f 2675/2675 2673/2673 3088/3088
f 2675/2675 3088/3088 3090/3090
f 2796/2796 2745/2745 2747/2747
f 2796/2796 2747/2747 2775/2775
f 2657/2657 2655/2655 3070/3070
f 2657/2657 3070/3070 3072/3072
f 2659/2659 2657/2657 3072/3072
f 2659/2659 3072/3072 3074/3074
f 2721/2721 2776/2776 2778/2778
f 2721/2721 2778/2778 2723/2723
f 2782/2782 2779/2779 2751/2751
f 2782/2782 2751/2751 2753/2753
f 2777/2777 2775/2775 2747/2747
f 2777/2777 2747/2747 2749/2749
f 2779/2779 2777/2777 2749/2749
f 2779/2779 2749/2749 2751/2751
f 2780/2780 2778/2778 2769/2769
f 2780/2780 2769/2769 2771/2771
f 2683/2683 2727/2727 2781/2781
f 2683/2683 2781/2781 2783/2783
f 2781/2781 2780/2780 2771/2771
f 2781/2781 2771/2771 2773/2773
f 2711/2711 2786/2786 2789/2789
f 2711/2711 2789/2789 2713/2713
f 2784/2784 2782/2782 2753/2753
f 2784/2784 2753/2753 2755/2755
f 2785/2785 2783/2783 2729/2729
f 2785/2785 2729/2729 2731/2731
f 2786/2786 2784/2784 2755/2755
f 2786/2786 2755/2755 2757/2757
f 2787/2787 2785/2785 2731/2731
f 2787/2787 2731/2731 2733/2733
f 2795/2795 2791/2791 2761/2761
f 2795/2795 2761/2761 2763/2763
f 2788/2788 2787/2787 2733/2733
f 2788/2788 2733/2733 2735/2735
f 2790/2790 2788/2788 2735/2735
f 2790/2790 2735/2735 2737/2737
f 2791/2791 2789/2789 2759/2759
f 2791/2791 2759/2759 2761/2761
f 2792/2792 2790/2790 2737/2737
f 2792/2792 2737/2737 2739/2739
f 2794/2794 2792/2792 2739/2739
f 2794/2794 2739/2739 2742/2742
f 2796/2796 2793/2793 2741/2741
f 2796/2796 2741/2741 2745/2745
f 2797/2797 2795/2795 2763/2763
f 2797/2797 2763/2763 2765/2765
f 2776/2776 2797/2797 2765/2765
f 2776/2776 2765/2765 2767/2767
f 3031/3031 3027/3027 2820/2820
f 3031/3031 2820/2820 2799/2799
f 2967/2967 2963/2963 2810/2810
f 2967/2967 2810/2810 2812/2812
f 3047/3047 3043/3043 2805/2805
f 3047/3047 2805/2805 2806/2806
f 2906/2906 3105/3105 3107/3107
f 2906/2906 3107/3107 2829/2829
f 2898/2898 3111/3111 3105/3105
f 2898/2898 3105/3105 2906/2906
f 2894/2894 3113/3113 3109/3109
f 2894/2894 3109/3109 2902/2902
f 2902/2902 3109/3109 3101/3101
f 2902/2902 3101/3101 2910/2910
f 2890/2890 3115/3115 3113/3113
f 2890/2890 3113/3113 2894/2894
f 2882/2882 3119/3119 3115/3115
f 2882/2882 3115/3115 2890/2890
f 2878/2878 3121/3121 3117/3117
f 2878/2878 3117/3117 2886/2886
f 2874/2874 3123/3123 3119/3119
f 2874/2874 3119/3119 2882/2882
f 2870/2870 3125/3125 3121/3121
f 2870/2870 3121/3121 2878/2878
f 2701/2701 2699/2699 2796/2796
f 2701/2701 2796/2796 2775/2775
f 2886/2886 3117/3117 3111/3111
f 2886/2886 3111/3111 2898/2898
f 2808/2808 2806/2806 2865/2865
f 2808/2808 2865/2865 2873/2873
f 2854/2854 3131/3131 3127/3127
f 2854/2854 3127/3127 2862/2862
f 2850/2850 3133/3133 3129/3129
f 2850/2850 3129/3129 2858/2858
f 2858/2858 3129/3129 3125/3125
f 2858/2858 3125/3125 2870/2870
f 2846/2846 3135/3135 3133/3133
f 2846/2846 3133/3133 2850/2850
f 2842/2842 3137/3137 3131/3131
f 2842/2842 3131/3131 2854/2854
f 2838/2838 3139/3139 3137/3137
f 2838/2838 3137/3137 2842/2842
f 2822/2822 3103/3103 3097/3097
f 2822/2822 3097/3097 2834/2834
f 2866/2866 3099/3099 3123/3123
f 2866/2866 3123/3123 2874/2874
f 2721/2721 2719/2719 2797/2797
f 2721/2721 2797/2797 2776/2776
f 2778/2778 2776/2776 2767/2767
f 2778/2778 2767/2767 2769/2769
f 2719/2719 2717/2717 2795/2795
f 2719/2719 2795/2795 2797/2797
f 2699/2699 2695/2695 2793/2793
f 2699/2699 2793/2793 2796/2796
f 2696/2696 2693/2693 2792/2792
f 2696/2696 2792/2792 2794/2794
f 2693/2693 2691/2691 2790/2790
f 2693/2693 2790/2790 2792/2792
f 2715/2715 2713/2713 2789/2789
f 2715/2715 2789/2789 2791/2791
f 2691/2691 2689/2689 2788/2788
f 2691/2691 2788/2788 2790/2790
f 2715/2715 2791/2791 2795/2795
f 2715/2715 2795/2795 2717/2717
f 2689/2689 2687/2687 2787/2787
f 2689/2689 2787/2787 2788/2788
f 2687/2687 2685/2685 2785/2785
f 2687/2687 2785/2785 2787/2787
f 2711/2711 2709/2709 2784/2784
f 2711/2711 2784/2784 2786/2786
f 2685/2685 2683/2683 2783/2783
f 2685/2685 2783/2783 2785/2785
f 2709/2709 2707/2707 2782/2782
f 2709/2709 2782/2782 2784/2784
f 2789/2789 2786/2786 2757/2757
f 2789/2789 2757/2757 2759/2759
f 2781/2781 2773/2773 2729/2729
f 2781/2781 2729/2729 2783/2783
f 2727/2727 2725/2725 2780/2780
f 2727/2727 2780/2780 2781/2781
f 2725/2725 2723/2723 2778/2778
f 2725/2725 2778/2778 2780/2780
f 2705/2705 2703/2703 2777/2777
f 2705/2705 2777/2777 2779/2779
f 2705/2705 2779/2779 2782/2782
f 2705/2705 2782/2782 2707/2707
f 2703/2703 2701/2701 2775/2775
f 2703/2703 2775/2775 2777/2777
f 2811/2811 2885/2885 2897/2897
f 2811/2811 2897/2897 2814/2814
f 2805/2805 2803/2803 2853/2853
f 2805/2805 2853/2853 2861/2861
f 2815/2815 2813/2813 2893/2893
f 2815/2815 2893/2893 2901/2901
f 2804/2804 2802/2802 2849/2849
f 2804/2804 2849/2849 2857/2857
f 2800/2800 2841/2841 2853/2853
f 2800/2800 2853/2853 2803/2803
f 2829/2829 3107/3107 3139/3139
f 2829/2829 3139/3139 2838/2838
f 2813/2813 2812/2812 2889/2889
f 2813/2813 2889/2889 2893/2893
f 2802/2802 2801/2801 2845/2845
f 2802/2802 2845/2845 2849/2849
f 2812/2812 2810/2810 2881/2881
f 2812/2812 2881/2881 2889/2889
f 2862/2862 3127/3127 3099/3099
f 2862/2862 3099/3099 2866/2866
f 2811/2811 2809/2809 2877/2877
f 2811/2811 2877/2877 2885/2885
f 2800/2800 2799/2799 2837/2837
f 2800/2800 2837/2837 2841/2841
f 2810/2810 2808/2808 2873/2873
f 2810/2810 2873/2873 2881/2881
f 2809/2809 2807/2807 2869/2869
f 2809/2809 2869/2869 2877/2877
f 2816/2816 2905/2905 2830/2830
f 2816/2816 2830/2830 2820/2820
f 2798/2798 2833/2833 2845/2845
f 2798/2798 2845/2845 2801/2801
f 2804/2804 2857/2857 2869/2869
f 2804/2804 2869/2869 2807/2807
f 2818/2818 2817/2817 2909/2909
f 2818/2818 2909/2909 2823/2823
f 2799/2799 2820/2820 2830/2830
f 2799/2799 2830/2830 2837/2837
f 2806/2806 2805/2805 2861/2861
f 2806/2806 2861/2861 2865/2865
f 2817/2817 2815/2815 2901/2901
f 2817/2817 2901/2901 2909/2909
f 2816/2816 2814/2814 2897/2897
f 2816/2816 2897/2897 2905/2905
f 2991/2991 2984/2984 2819/2819
f 2991/2991 2819/2819 2798/2798
f 3035/3035 3031/3031 2799/2799
f 3035/3035 2799/2799 2800/2800
f 2995/2995 2991/2991 2798/2798
f 2995/2995 2798/2798 2801/2801
f 3043/3043 3039/3039 2803/2803
f 3043/3043 2803/2803 2805/2805
f 3039/3039 3035/3035 2800/2800
f 3039/3039 2800/2800 2803/2803
f 2999/2999 2995/2995 2801/2801
f 2999/2999 2801/2801 2802/2802
f 3003/3003 2999/2999 2802/2802
f 3003/3003 2802/2802 2804/2804
f 3007/3007 3003/3003 2804/2804
f 3007/3007 2804/2804 2807/2807
f 2960/2960 3047/3047 2806/2806
f 2960/2960 2806/2806 2808/2808
f 3011/3011 3007/3007 2807/2807
f 3011/3011 2807/2807 2809/2809
f 2963/2963 2960/2960 2808/2808
f 2963/2963 2808/2808 2810/2810
f 3015/3015 3011/3011 2809/2809
f 3015/3015 2809/2809 2811/2811
f 2979/2979 2975/2975 2815/2815
f 2979/2979 2815/2815 2817/2817
f 3019/3019 3015/3015 2811/2811
f 3019/3019 2811/2811 2814/2814
f 2971/2971 2967/2967 2812/2812
f 2971/2971 2812/2812 2813/2813
f 2975/2975 2971/2971 2813/2813
f 2975/2975 2813/2813 2815/2815
f 3023/3023 3019/3019 2814/2814
f 3023/3023 2814/2814 2816/2816
f 2834/2834 3097/3097 3135/3135
f 2834/2834 3135/3135 2846/2846
f 3027/3027 3023/3023 2816/2816
f 3027/3027 2816/2816 2820/2820
f 2635/2635 2634/2634 2633/2633
f 2635/2635 2633/2633 2821/2821
f 2618/2618 2617/2617 2821/2821
f 2618/2618 2821/2821 2619/2619
f 2632/2632 2631/2631 2821/2821
f 2632/2632 2821/2821 2633/2633
f 2624/2624 2623/2623 2821/2821
f 2624/2624 2821/2821 2625/2625
f 2630/2630 2629/2629 2821/2821
f 2630/2630 2821/2821 2631/2631
f 2626/2626 2625/2625 2821/2821
f 2626/2626 2821/2821 2627/2627
f 2622/2622 2621/2621 2821/2821
f 2622/2622 2821/2821 2623/2623
f 2636/2636 2635/2635 2821/2821
f 2636/2636 2821/2821 2637/2637
f 2628/2628 2627/2627 2821/2821
f 2628/2628 2821/2821 2629/2629
f 2620/2620 2619/2619 2821/2821
f 2620/2620 2821/2821 2621/2621
f 2616/2616 2637/2637 2821/2821
f 2616/2616 2821/2821 2617/2617
f 2910/2910 2822/2822 2826/2826
f 2910/2910 2826/2826 2911/2911
f 2912/2912 2827/2827 2823/2823
f 2912/2912 2823/2823 2909/2909
f 2906/2906 2829/2829 2831/2831
f 2906/2906 2831/2831 2907/2907
f 2908/2908 2832/2832 2830/2830
f 2908/2908 2830/2830 2905/2905
f 2902/2902 2910/2910 2911/2911
f 2902/2902 2911/2911 2903/2903
f 2904/2904 2912/2912 2909/2909
f 2904/2904 2909/2909 2901/2901
f 2898/2898 2906/2906 2907/2907
f 2898/2898 2907/2907 2899/2899
f 2900/2900 2908/2908 2905/2905
f 2900/2900 2905/2905 2897/2897
f 2894/2894 2902/2902 2903/2903
f 2894/2894 2903/2903 2895/2895
f 2896/2896 2904/2904 2901/2901
f 2896/2896 2901/2901 2893/2893
f 2890/2890 2894/2894 2895/2895
f 2890/2890 2895/2895 2891/2891
f 2892/2892 2896/2896 2893/2893
f 2892/2892 2893/2893 2889/2889
f 2886/2886 2898/2898 2899/2899
f 2886/2886 2899/2899 2887/2887
f 2888/2888 2900/2900 2897/2897
f 2888/2888 2897/2897 2885/2885
f 2882/2882 2890/2890 2891/2891
f 2882/2882 2891/2891 2883/2883
f 2884/2884 2892/2892 2889/2889
f 2884/2884 2889/2889 2881/2881
f 2878/2878 2886/2886 2887/2887
f 2878/2878 2887/2887 2879/2879
f 2880/2880 2888/2888 2885/2885
f 2880/2880 2885/2885 2877/2877
f 2874/2874 2882/2882 2883/2883
f 2874/2874 2883/2883 2875/2875
f 2876/2876 2884/2884 2881/2881
f 2876/2876 2881/2881 2873/2873
f 2870/2870 2878/2878 2879/2879
f 2870/2870 2879/2879 2871/2871
f 2872/2872 2880/2880 2877/2877
f 2872/2872 2877/2877 2869/2869
f 2866/2866 2874/2874 2875/2875
f 2866/2866 2875/2875 2867/2867
f 2868/2868 2876/2876 2873/2873
f 2868/2868 2873/2873 2865/2865
f 2862/2862 2866/2866 2867/2867
f 2862/2862 2867/2867 2863/2863
f 2864/2864 2868/2868 2865/2865
f 2864/2864 2865/2865 2861/2861
f 2858/2858 2870/2870 2871/2871
f 2858/2858 2871/2871 2859/2859
f 2860/2860 2872/2872 2869/2869
f 2860/2860 2869/2869 2857/2857
f 2854/2854 2862/2862 2863/2863
f 2854/2854 2863/2863 2855/2855
f 2856/2856 2864/2864 2861/2861
f 2856/2856 2861/2861 2853/2853
f 2850/2850 2858/2858 2859/2859
f 2850/2850 2859/2859 2851/2851
f 2852/2852 2860/2860 2857/2857
f 2852/2852 2857/2857 2849/2849
f 2846/2846 2850/2850 2851/2851
f 2846/2846 2851/2851 2847/2847
f 2848/2848 2852/2852 2849/2849
f 2848/2848 2849/2849 2845/2845
f 2842/2842 2854/2854 2855/2855
f 2842/2842 2855/2855 2843/2843
f 2844/2844 2856/2856 2853/2853
f 2844/2844 2853/2853 2841/2841
f 2838/2838 2842/2842 2843/2843
f 2838/2838 2843/2843 2839/2839
f 2840/2840 2844/2844 2841/2841
f 2840/2840 2841/2841 2837/2837
f 2834/2834 2846/2846 2847/2847
f 2834/2834 2847/2847 2835/2835
f 2836/2836 2848/2848 2845/2845
f 2836/2836 2845/2845 2833/2833
f 2829/2829 2838/2838 2839/2839
f 2829/2829 2839/2839 2831/2831
f 2832/2832 2840/2840 2837/2837
f 2832/2832 2837/2837 2830/2830
f 2822/2822 2834/2834 2835/2835
f 2822/2822 2835/2835 2825/2825
f 2828/2828 2836/2836 2833/2833
f 2828/2828 2833/2833 2824/2824
f 2798/2798 2819/2819 2824/2824
f 2798/2798 2824/2824 2833/2833
f 2736/2736 2734/2734 2917/2917
f 2736/2736 2917/2917 2919/2919
f 2768/2768 2766/2766 2949/2949
f 2768/2768 2949/2949 2951/2951
f 2754/2754 2752/2752 2935/2935
f 2754/2754 2935/2935 2937/2937
f 2738/2738 2736/2736 2919/2919
f 2738/2738 2919/2919 2921/2921
f 2770/2770 2768/2768 2951/2951
f 2770/2770 2951/2951 2953/2953
f 2756/2756 2754/2754 2937/2937
f 2756/2756 2937/2937 2939/2939
f 2740/2740 2738/2738 2921/2921
f 2740/2740 2921/2921 2923/2923
f 2772/2772 2770/2770 2953/2953
f 2772/2772 2953/2953 2955/2955
f 2758/2758 2756/2756 2939/2939
f 2758/2758 2939/2939 2941/2941
f 2744/2744 2740/2740 2923/2923
f 2744/2744 2923/2923 2926/2926
f 2774/2774 2772/2772 2955/2955
f 2774/2774 2955/2955 2957/2957
f 2760/2760 2758/2758 2941/2941
f 2760/2760 2941/2941 2943/2943
f 2746/2746 2743/2743 2925/2925
f 2746/2746 2925/2925 2929/2929
f 2730/2730 2774/2774 2957/2957
f 2730/2730 2957/2957 2913/2913
f 2762/2762 2760/2760 2943/2943
f 2762/2762 2943/2943 2945/2945
f 2748/2748 2746/2746 2929/2929
f 2748/2748 2929/2929 2931/2931
f 2732/2732 2730/2730 2913/2913
f 2732/2732 2913/2913 2915/2915
f 2764/2764 2762/2762 2945/2945
f 2764/2764 2945/2945 2947/2947
f 2750/2750 2748/2748 2931/2931
f 2750/2750 2931/2931 2933/2933
f 2734/2734 2732/2732 2915/2915
f 2734/2734 2915/2915 2917/2917
f 2766/2766 2764/2764 2947/2947
f 2766/2766 2947/2947 2949/2949
f 2752/2752 2750/2750 2933/2933
f 2752/2752 2933/2933 2935/2935
f 2983/2983 2979/2979 2817/2817
f 2983/2983 2817/2817 2818/2818
f 2924/2924 2922/2922 2976/2976
f 2924/2924 2976/2976 2980/2980
f 2922/2922 2920/2920 2972/2972
f 2922/2922 2972/2972 2976/2976
f 2920/2920 2918/2918 2968/2968
f 2920/2920 2968/2968 2972/2972
f 2918/2918 2916/2916 2964/2964
f 2918/2918 2964/2964 2968/2968
f 2916/2916 2914/2914 2959/2959
f 2916/2916 2959/2959 2964/2964
f 2914/2914 2958/2958 3048/3048
f 2914/2914 3048/3048 2959/2959
f 2958/2958 2956/2956 3044/3044
f 2958/2958 3044/3044 3048/3048
f 2956/2956 2954/2954 3040/3040
f 2956/2956 3040/3040 3044/3044
f 2954/2954 2952/2952 3036/3036
f 2954/2954 3036/3036 3040/3040
f 2952/2952 2950/2950 3032/3032
f 2952/2952 3032/3032 3036/3036
f 2950/2950 2948/2948 3028/3028
f 2950/2950 3028/3028 3032/3032
f 2948/2948 2946/2946 3024/3024
f 2948/2948 3024/3024 3028/3028
f 2946/2946 2944/2944 3020/3020
f 2946/2946 3020/3020 3024/3024
f 2944/2944 2942/2942 3016/3016
f 2944/2944 3016/3016 3020/3020
f 2942/2942 2940/2940 3012/3012
f 2942/2942 3012/3012 3016/3016
f 2940/2940 2938/2938 3008/3008
f 2940/2940 3008/3008 3012/3012
f 2938/2938 2936/2936 3004/3004
f 2938/2938 3004/3004 3008/3008
f 2936/2936 2934/2934 3000/3000
f 2936/2936 3000/3000 3004/3004
f 2934/2934 2932/2932 2996/2996
f 2934/2934 2996/2996 3000/3000
f 2932/2932 2930/2930 2992/2992
f 2932/2932 2992/2992 2996/2996
f 2930/2930 2928/2928 2986/2986
f 2930/2930 2986/2986 2992/2992
f 2927/2927 2924/2924 2980/2980
f 2927/2927 2980/2980 2985/2985
f 2960/2960 2963/2963 2966/2966
f 2960/2960 2966/2966 2962/2962
f 2961/2961 2965/2965 2964/2964
f 2961/2961 2964/2964 2959/2959
f 2963/2963 2967/2967 2970/2970
f 2963/2963 2970/2970 2966/2966
f 2965/2965 2969/2969 2968/2968
f 2965/2965 2968/2968 2964/2964
f 2967/2967 2971/2971 2974/2974
f 2967/2967 2974/2974 2970/2970
f 2969/2969 2973/2973 2972/2972
f 2969/2969 2972/2972 2968/2968
f 2971/2971 2975/2975 2978/2978
f 2971/2971 2978/2978 2974/2974
f 2973/2973 2977/2977 2976/2976
f 2973/2973 2976/2976 2972/2972
f 2975/2975 2979/2979 2982/2982
f 2975/2975 2982/2982 2978/2978
f 2977/2977 2981/2981 2980/2980
f 2977/2977 2980/2980 2976/2976
f 2979/2979 2983/2983 2990/2990
f 2979/2979 2990/2990 2982/2982
f 2981/2981 2987/2987 2985/2985
f 2981/2981 2985/2985 2980/2980
f 2984/2984 2991/2991 2994/2994
f 2984/2984 2994/2994 2989/2989
f 2988/2988 2993/2993 2992/2992
f 2988/2988 2992/2992 2986/2986
f 2991/2991 2995/2995 2998/2998
f 2991/2991 2998/2998 2994/2994
f 2993/2993 2997/2997 2996/2996
f 2993/2993 2996/2996 2992/2992
f 2995/2995 2999/2999 3001/3001
f 2995/2995 3001/3001 2998/2998
f 2997/2997 3002/3002 3000/3000
f 2997/2997 3000/3000 2996/2996
f 2999/2999 3003/3003 3005/3005
f 2999/2999 3005/3005 3001/3001
f 3002/3002 3006/3006 3004/3004
f 3002/3002 3004/3004 3000/3000
f 3003/3003 3007/3007 3009/3009
f 3003/3003 3009/3009 3005/3005
f 3006/3006 3010/3010 3008/3008
f 3006/3006 3008/3008 3004/3004
f 3007/3007 3011/3011 3013/3013
f 3007/3007 3013/3013 3009/3009
f 3010/3010 3014/3014 3012/3012
f 3010/3010 3012/3012 3008/3008
f 3011/3011 3015/3015 3017/3017
f 3011/3011 3017/3017 3013/3013
f 3014/3014 3018/3018 3016/3016
f 3014/3014 3016/3016 3012/3012
f 3015/3015 3019/3019 3022/3022
f 3015/3015 3022/3022 3017/3017
f 3018/3018 3021/3021 3020/3020
f 3018/3018 3020/3020 3016/3016
f 3019/3019 3023/3023 3026/3026
f 3019/3019 3026/3026 3022/3022
f 3021/3021 3025/3025 3024/3024
f 3021/3021 3024/3024 3020/3020
f 3023/3023 3027/3027 3030/3030
f 3023/3023 3030/3030 3026/3026
f 3025/3025 3029/3029 3028/3028
f 3025/3025 3028/3028 3024/3024
f 3027/3027 3031/3031 3034/3034
f 3027/3027 3034/3034 3030/3030
f 3029/3029 3033/3033 3032/3032
f 3029/3029 3032/3032 3028/3028
f 3031/3031 3035/3035 3038/3038
f 3031/3031 3038/3038 3034/3034
f 3033/3033 3037/3037 3036/3036
f 3033/3033 3036/3036 3032/3032
f 3035/3035 3039/3039 3042/3042
f 3035/3035 3042/3042 3038/3038
f 3037/3037 3041/3041 3040/3040
f 3037/3037 3040/3040 3036/3036
f 3039/3039 3043/3043 3046/3046
f 3039/3039 3046/3046 3042/3042
f 3041/3041 3045/3045 3044/3044
f 3041/3041 3044/3044 3040/3040
f 3043/3043 3047/3047 3050/3050
f 3043/3043 3050/3050 3046/3046
f 3045/3045 3049/3049 3048/3048
f 3045/3045 3048/3048 3044/3044
f 3047/3047 2960/2960 2962/2962
f 3047/3047 2962/2962 3050/3050
f 3049/3049 2961/2961 2959/2959
f 3049/3049 2959/2959 3048/3048
f 3052/3052 3053/3053 3054/3054
f 3052/3052 3054/3054 3051/3051
f 3053/3053 3055/3055 3056/3056
f 3053/3053 3056/3056 3054/3054
f 3055/3055 3057/3057 3058/3058
f 3055/3055 3058/3058 3056/3056
f 3057/3057 3059/3059 3060/3060
f 3057/3057 3060/3060 3058/3058
f 3059/3059 3061/3061 3062/3062
f 3059/3059 3062/3062 3060/3060
f 3061/3061 3064/3064 3066/3066
f 3061/3061 3066/3066 3062/3062
f 3063/3063 3067/3067 3068/3068
f 3063/3063 3068/3068 3065/3065
f 3067/3067 3069/3069 3070/3070
f 3067/3067 3070/3070 3068/3068
f 3069/3069 3071/3071 3072/3072
f 3069/3069 3072/3072 3070/3070
f 3071/3071 3073/3073 3074/3074
f 3071/3071 3074/3074 3072/3072
f 3073/3073 3075/3075 3076/3076
f 3073/3073 3076/3076 3074/3074
f 3075/3075 3077/3077 3078/3078
f 3075/3075 3078/3078 3076/3076
f 3077/3077 3079/3079 3080/3080
f 3077/3077 3080/3080 3078/3078
f 3079/3079 3081/3081 3082/3082
f 3079/3079 3082/3082 3080/3080
f 3081/3081 3083/3083 3084/3084
f 3081/3081 3084/3084 3082/3082
f 3083/3083 3085/3085 3086/3086
f 3083/3083 3086/3086 3084/3084
f 3085/3085 3087/3087 3088/3088
f 3085/3085 3088/3088 3086/3086
f 3087/3087 3089/3089 3090/3090
f 3087/3087 3090/3090 3088/3088
f 3089/3089 3091/3091 3092/3092
f 3089/3089 3092/3092 3090/3090
f 3091/3091 3093/3093 3094/3094
f 3091/3091 3094/3094 3092/3092
f 3093/3093 3095/3095 3096/3096
f 3093/3093 3096/3096 3094/3094
f 3095/3095 3052/3052 3051/3051
f 3095/3095 3051/3051 3096/3096
f 3053/3053 3052/3052 2684/2684
f 3053/3053 2684/2684 2686/2686
f 3138/3138 3140/3140 3205/3205
f 3138/3138 3205/3205 3203/3203
f 3122/3122 3126/3126 3189/3189
f 3122/3122 3189/3189 3185/3185
f 3106/3106 3112/3112 3175/3175
f 3106/3106 3175/3175 3169/3169
f 3140/3140 3108/3108 3171/3171
f 3140/3140 3171/3171 3205/3205
f 3100/3100 3128/3128 3191/3191
f 3100/3100 3191/3191 3193/3193
f 3110/3110 3114/3114 3177/3177
f 3110/3110 3177/3177 3173/3173
f 3098/3098 3104/3104 3167/3167
f 3098/3098 3167/3167 3207/3207
f 3126/3126 3130/3130 3195/3195
f 3126/3126 3195/3195 3189/3189
f 3114/3114 3116/3116 3179/3179
f 3114/3114 3179/3179 3177/3177
f 3124/3124 3100/3100 3193/3193
f 3124/3124 3193/3193 3187/3187
f 3128/3128 3132/3132 3197/3197
f 3128/3128 3197/3197 3191/3191
f 3112/3112 3118/3118 3181/3181
f 3112/3112 3181/3181 3175/3175
f 3136/3136 3098/3098 3207/3207
f 3136/3136 3207/3207 3201/3201
f 3130/3130 3134/3134 3199/3199
f 3130/3130 3199/3199 3195/3195
f 3116/3116 3120/3120 3183/3183
f 3116/3116 3183/3183 3179/3179
f 3104/3104 3102/3102 3165/3165
f 3104/3104 3165/3165 3167/3167
f 3134/3134 3136/3136 3201/3201
f 3134/3134 3201/3201 3199/3199
f 3118/3118 3122/3122 3185/3185
f 3118/3118 3185/3185 3181/3181
f 3108/3108 3106/3106 3169/3169
f 3108/3108 3169/3169 3171/3171
f 3132/3132 3138/3138 3203/3203
f 3132/3132 3203/3203 3197/3197
f 3120/3120 3124/3124 3187/3187
f 3120/3120 3187/3187 3183/3183
f 3102/3102 3110/3110 3173/3173
f 3102/3102 3173/3173 3165/3165
f 3146/3146 3145/3145 3148/3148
f 3146/3146 3148/3148 3163/3163
f 3161/3161 3162/3162 3146/3146
f 3161/3161 3146/3146 3163/3163
f 3154/3154 3142/3142 3156/3156
f 3154/3154 3156/3156 3163/3163
f 3149/3149 3150/3150 3163/3163
f 3149/3149 3163/3163 3147/3147
f 3158/3158 3161/3161 3163/3163
f 3158/3158 3163/3163 3156/3156
f 3155/3155 3157/3157 3163/3163
f 3155/3155 3163/3163 3153/3153
f 3151/3151 3153/3153 3163/3163
f 3151/3151 3163/3163 3148/3148
f 3159/3159 3160/3160 3163/3163
f 3159/3159 3163/3163 3157/3157
f 3152/3152 3154/3154 3163/3163
f 3152/3152 3163/3163 3150/3150
f 3143/3143 3147/3147 3163/3163
f 3143/3143 3163/3163 3144/3144
f 2910/2910 3101/3101 3103/3103
f 2910/2910 3103/3103 2822/2822
f 3160/3160 3141/3141 3144/3144
f 3160/3160 3144/3144 3163/3163
f 3143/3143 3144/3144 3166/3166
f 3143/3143 3166/3166 3164/3164
f 3145/3145 3146/3146 3170/3170
f 3145/3145 3170/3170 3168/3168
f 3147/3147 3143/3143 3164/3164
f 3147/3147 3164/3164 3172/3172
f 3148/3148 3145/3145 3168/3168
f 3148/3148 3168/3168 3174/3174
f 3149/3149 3147/3147 3172/3172
f 3149/3149 3172/3172 3176/3176
f 3150/3150 3149/3149 3176/3176
f 3150/3150 3176/3176 3178/3178
f 3151/3151 3148/3148 3174/3174
f 3151/3151 3174/3174 3180/3180
f 3152/3152 3150/3150 3178/3178
f 3152/3152 3178/3178 3182/3182
f 3153/3153 3151/3151 3180/3180
f 3153/3153 3180/3180 3184/3184
f 3154/3154 3152/3152 3182/3182
f 3154/3154 3182/3182 3186/3186
f 3155/3155 3153/3153 3184/3184
f 3155/3155 3184/3184 3188/3188
f 3156/3156 3142/3142 3192/3192
f 3156/3156 3192/3192 3190/3190
f 3157/3157 3155/3155 3188/3188
f 3157/3157 3188/3188 3194/3194
f 3158/3158 3156/3156 3190/3190
f 3158/3158 3190/3190 3196/3196
f 3159/3159 3157/3157 3194/3194
f 3159/3159 3194/3194 3198/3198
f 3160/3160 3159/3159 3198/3198
f 3160/3160 3198/3198 3200/3200
f 3161/3161 3158/3158 3196/3196
f 3161/3161 3196/3196 3202/3202
f 3162/3162 3161/3161 3202/3202
f 3162/3162 3202/3202 3204/3204
f 3146/3146 3162/3162 3204/3204
f 3146/3146 3204/3204 3170/3170
f 3144/3144 3141/3141 3206/3206
f 3144/3144 3206/3206 3166/3166
f 3142/3142 3154/3154 3186/3186
f 3142/3142 3186/3186 3192/3192
f 3141/3141 3160/3160 3200/3200
f 3141/3141 3200/3200 3206/3206
f 3343/3343 3247/3247 3262/3262
f 3343/3343 3262/3262 3347/3347
f 3242/3242 3225/3225 3226/3226
f 3242/3242 3226/3226 3245/3245
f 3254/3254 3428/3428 3489/3489
f 3254/3254 3489/3489 3246/3246
f 3498/3498 3499/3499 3500/3500
f 3498/3498 3500/3500 3493/3493
f 3418/3418 3245/3245 3243/3243
f 3418/3418 3243/3243 3425/3425
f 3246/3246 3489/3489 3485/3485
f 3246/3246 3485/3485 3261/3261
f 3503/3503 3504/3504 3493/3493
f 3503/3503 3493/3493 3502/3502
f 3501/3501 3502/3502 3493/3493
f 3501/3501 3493/3493 3500/3500
f 3261/3261 3485/3485 3481/3481
f 3261/3261 3481/3481 3266/3266
f 3227/3227 3211/3211 3212/3212
f 3227/3227 3212/3212 3228/3228
f 3266/3266 3481/3481 3477/3477
f 3266/3266 3477/3477 3271/3271
f 3505/3505 3506/3506 3493/3493
f 3505/3505 3493/3493 3504/3504
f 3228/3228 3212/3212 3213/3213
f 3228/3228 3213/3213 3229/3229
f 3271/3271 3477/3477 3473/3473
f 3271/3271 3473/3473 3276/3276
f 3229/3229 3213/3213 3214/3214
f 3229/3229 3214/3214 3230/3230
f 3276/3276 3473/3473 3469/3469
f 3276/3276 3469/3469 3281/3281
f 3507/3507 3508/3508 3493/3493
f 3507/3507 3493/3493 3506/3506
f 3230/3230 3214/3214 3215/3215
f 3230/3230 3215/3215 3231/3231
f 3281/3281 3469/3469 3465/3465
f 3281/3281 3465/3465 3286/3286
f 3233/3233 3217/3217 3218/3218
f 3233/3233 3218/3218 3234/3234
f 3231/3231 3215/3215 3216/3216
f 3231/3231 3216/3216 3232/3232
f 3286/3286 3465/3465 3461/3461
f 3286/3286 3461/3461 3291/3291
f 3232/3232 3216/3216 3217/3217
f 3232/3232 3217/3217 3233/3233
f 3291/3291 3461/3461 3457/3457
f 3291/3291 3457/3457 3296/3296
f 3509/3509 3510/3510 3493/3493
f 3509/3509 3493/3493 3508/3508
f 3234/3234 3218/3218 3219/3219
f 3234/3234 3219/3219 3235/3235
f 3296/3296 3457/3457 3453/3453
f 3296/3296 3453/3453 3301/3301
f 3235/3235 3219/3219 3220/3220
f 3235/3235 3220/3220 3236/3236
f 3301/3301 3453/3453 3449/3449
f 3301/3301 3449/3449 3306/3306
f 3236/3236 3220/3220 3221/3221
f 3236/3236 3221/3221 3237/3237
f 3306/3306 3449/3449 3445/3445
f 3306/3306 3445/3445 3311/3311
f 3237/3237 3221/3221 3222/3222
f 3237/3237 3222/3222 3238/3238
f 3311/3311 3445/3445 3441/3441
f 3311/3311 3441/3441 3316/3316
f 3496/3496 3497/3497 3498/3498
f 3496/3496 3498/3498 3493/3493
f 3238/3238 3222/3222 3223/3223
f 3238/3238 3223/3223 3239/3239
f 3316/3316 3441/3441 3437/3437
f 3316/3316 3437/3437 3321/3321
f 3244/3244 3209/3209 3210/3210
f 3244/3244 3210/3210 3240/3240
f 3321/3321 3437/3437 3433/3433
f 3321/3321 3433/3433 3326/3326
f 3538/3538 3542/3542 3514/3514
f 3538/3538 3514/3514 3512/3512
f 3241/3241 3224/3224 3225/3225
f 3241/3241 3225/3225 3242/3242
f 3326/3326 3433/3433 3421/3421
f 3326/3326 3421/3421 3331/3331
f 3240/3240 3210/3210 3211/3211
f 3240/3240 3211/3211 3227/3227
f 3331/3331 3421/3421 3417/3417
f 3331/3331 3417/3417 3336/3336
f 3336/3336 3417/3417 3427/3427
f 3336/3336 3427/3427 3253/3253
f 3586/3586 3590/3590 3526/3526
f 3586/3586 3526/3526 3525/3525
f 3403/3403 3332/3332 3337/3337
f 3403/3403 3337/3337 3414/3414
f 3414/3414 3337/3337 3251/3251
f 3414/3414 3251/3251 3407/3407
f 3399/3399 3327/3327 3332/3332
f 3399/3399 3332/3332 3403/3403
f 3395/3395 3322/3322 3327/3327
f 3395/3395 3327/3327 3399/3399
f 3391/3391 3317/3317 3322/3322
f 3391/3391 3322/3322 3395/3395
f 3387/3387 3312/3312 3317/3317
f 3387/3387 3317/3317 3391/3391
f 3383/3383 3307/3307 3312/3312
f 3383/3383 3312/3312 3387/3387
f 3379/3379 3302/3302 3307/3307
f 3379/3379 3307/3307 3383/3383
f 3375/3375 3297/3297 3302/3302
f 3375/3375 3302/3302 3379/3379
f 3371/3371 3292/3292 3297/3297
f 3371/3371 3297/3297 3375/3375
f 3367/3367 3287/3287 3292/3292
f 3367/3367 3292/3292 3371/3371
f 3363/3363 3282/3282 3287/3287
f 3363/3363 3287/3287 3367/3367
f 3359/3359 3277/3277 3282/3282
f 3359/3359 3282/3282 3363/3363
f 3355/3355 3272/3272 3277/3277
f 3355/3355 3277/3277 3359/3359
f 3351/3351 3267/3267 3272/3272
f 3351/3351 3272/3272 3355/3355
f 3347/3347 3262/3262 3267/3267
f 3347/3347 3267/3267 3351/3351
f 3408/3408 3252/3252 3247/3247
f 3408/3408 3247/3247 3343/3343
f 3254/3254 3246/3246 3248/3248
f 3254/3254 3248/3248 3260/3260
f 3260/3260 3248/3248 3249/3249
f 3260/3260 3249/3249 3258/3258
f 3258/3258 3249/3249 3250/3250
f 3258/3258 3250/3250 3256/3256
f 3256/3256 3250/3250 3247/3247
f 3256/3256 3247/3247 3252/3252
f 3246/3246 3261/3261 3263/3263
f 3246/3246 3263/3263 3248/3248
f 3248/3248 3263/3263 3264/3264
f 3248/3248 3264/3264 3249/3249
f 3249/3249 3264/3264 3265/3265
f 3249/3249 3265/3265 3250/3250
f 3250/3250 3265/3265 3262/3262
f 3250/3250 3262/3262 3247/3247
f 3261/3261 3266/3266 3268/3268
f 3261/3261 3268/3268 3263/3263
f 3263/3263 3268/3268 3269/3269
f 3263/3263 3269/3269 3264/3264
f 3264/3264 3269/3269 3270/3270
f 3264/3264 3270/3270 3265/3265
f 3265/3265 3270/3270 3267/3267
f 3265/3265 3267/3267 3262/3262
f 3266/3266 3271/3271 3273/3273
f 3266/3266 3273/3273 3268/3268
f 3268/3268 3273/3273 3274/3274
f 3268/3268 3274/3274 3269/3269
f 3269/3269 3274/3274 3275/3275
f 3269/3269 3275/3275 3270/3270
f 3270/3270 3275/3275 3272/3272
f 3270/3270 3272/3272 3267/3267
f 3271/3271 3276/3276 3278/3278
f 3271/3271 3278/3278 3273/3273
f 3273/3273 3278/3278 3279/3279
f 3273/3273 3279/3279 3274/3274
f 3274/3274 3279/3279 3280/3280
f 3274/3274 3280/3280 3275/3275
f 3275/3275 3280/3280 3277/3277
f 3275/3275 3277/3277 3272/3272
f 3276/3276 3281/3281 3283/3283
f 3276/3276 3283/3283 3278/3278
f 3278/3278 3283/3283 3284/3284
f 3278/3278 3284/3284 3279/3279
f 3279/3279 3284/3284 3285/3285
f 3279/3279 3285/3285 3280/3280
f 3280/3280 3285/3285 3282/3282
f 3280/3280 3282/3282 3277/3277
f 3281/3281 3286/3286 3288/3288
f 3281/3281 3288/3288 3283/3283
f 3283/3283 3288/3288 3289/3289
f 3283/3283 3289/3289 3284/3284
f 3284/3284 3289/3289 3290/3290
f 3284/3284 3290/3290 3285/3285
f 3285/3285 3290/3290 3287/3287
f 3285/3285 3287/3287 3282/3282
f 3286/3286 3291/3291 3293/3293
f 3286/3286 3293/3293 3288/3288
f 3288/3288 3293/3293 3294/3294
f 3288/3288 3294/3294 3289/3289
f 3289/3289 3294/3294 3295/3295
f 3289/3289 3295/3295 3290/3290
f 3290/3290 3295/3295 3292/3292
f 3290/3290 3292/3292 3287/3287
f 3291/3291 3296/3296 3298/3298
f 3291/3291 3298/3298 3293/3293
f 3293/3293 3298/3298 3299/3299
f 3293/3293 3299/3299 3294/3294
f 3294/3294 3299/3299 3300/3300
f 3294/3294 3300/3300 3295/3295
f 3295/3295 3300/3300 3297/3297
f 3295/3295 3297/3297 3292/3292
f 3296/3296 3301/3301 3303/3303
f 3296/3296 3303/3303 3298/3298
f 3298/3298 3303/3303 3304/3304
f 3298/3298 3304/3304 3299/3299
f 3299/3299 3304/3304 3305/3305
f 3299/3299 3305/3305 3300/3300
f 3300/3300 3305/3305 3302/3302
f 3300/3300 3302/3302 3297/3297
f 3301/3301 3306/3306 3308/3308
f 3301/3301 3308/3308 3303/3303
f 3303/3303 3308/3308 3309/3309
f 3303/3303 3309/3309 3304/3304
f 3304/3304 3309/3309 3310/3310
f 3304/3304 3310/3310 3305/3305
f 3305/3305 3310/3310 3307/3307
f 3305/3305 3307/3307 3302/3302
f 3306/3306 3311/3311 3313/3313
f 3306/3306 3313/3313 3308/3308
f 3308/3308 3313/3313 3314/3314
f 3308/3308 3314/3314 3309/3309
f 3309/3309 3314/3314 3315/3315
f 3309/3309 3315/3315 3310/3310
f 3310/3310 3315/3315 3312/3312
f 3310/3310 3312/3312 3307/3307
f 3311/3311 3316/3316 3318/3318
f 3311/3311 3318/3318 3313/3313
f 3313/3313 3318/3318 3319/3319
f 3313/3313 3319/3319 3314/3314
f 3314/3314 3319/3319 3320/3320
f 3314/3314 3320/3320 3315/3315
f 3315/3315 3320/3320 3317/3317
f 3315/3315 3317/3317 3312/3312
f 3316/3316 3321/3321 3323/3323
f 3316/3316 3323/3323 3318/3318
f 3318/3318 3323/3323 3324/3324
f 3318/3318 3324/3324 3319/3319
f 3319/3319 3324/3324 3325/3325
f 3319/3319 3325/3325 3320/3320
f 3320/3320 3325/3325 3322/3322
f 3320/3320 3322/3322 3317/3317
f 3321/3321 3326/3326 3328/3328
f 3321/3321 3328/3328 3323/3323
f 3323/3323 3328/3328 3329/3329
f 3323/3323 3329/3329 3324/3324
f 3324/3324 3329/3329 3330/3330
f 3324/3324 3330/3330 3325/3325
f 3325/3325 3330/3330 3327/3327
f 3325/3325 3327/3327 3322/3322
f 3326/3326 3331/3331 3333/3333
f 3326/3326 3333/3333 3328/3328
f 3328/3328 3333/3333 3334/3334
f 3328/3328 3334/3334 3329/3329
f 3329/3329 3334/3334 3335/3335
f 3329/3329 3335/3335 3330/3330
f 3330/3330 3335/3335 3332/3332
f 3330/3330 3332/3332 3327/3327
f 3331/3331 3336/3336 3338/3338
f 3331/3331 3338/3338 3333/3333
f 3333/3333 3338/3338 3339/3339
f 3333/3333 3339/3339 3334/3334
f 3334/3334 3339/3339 3340/3340
f 3334/3334 3340/3340 3335/3335
f 3335/3335 3340/3340 3337/3337
f 3335/3335 3337/3337 3332/3332
f 3336/3336 3253/3253 3259/3259
f 3336/3336 3259/3259 3338/3338
f 3338/3338 3259/3259 3257/3257
f 3338/3338 3257/3257 3339/3339
f 3339/3339 3257/3257 3255/3255
f 3339/3339 3255/3255 3340/3340
f 3340/3340 3255/3255 3251/3251
f 3340/3340 3251/3251 3337/3337
f 3239/3239 3223/3223 3224/3224
f 3239/3239 3224/3224 3241/3241
f 3402/3402 3413/3413 3416/3416
f 3402/3402 3416/3416 3404/3404
f 3404/3404 3416/3416 3415/3415
f 3404/3404 3415/3415 3401/3401
f 3413/3413 3405/3405 3412/3412
f 3413/3413 3412/3412 3416/3416
f 3416/3416 3412/3412 3410/3410
f 3416/3416 3410/3410 3415/3415
f 3398/3398 3402/3402 3404/3404
f 3398/3398 3404/3404 3400/3400
f 3400/3400 3404/3404 3401/3401
f 3400/3400 3401/3401 3397/3397
f 3394/3394 3398/3398 3400/3400
f 3394/3394 3400/3400 3396/3396
f 3396/3396 3400/3400 3397/3397
f 3396/3396 3397/3397 3393/3393
f 3390/3390 3394/3394 3396/3396
f 3390/3390 3396/3396 3392/3392
f 3392/3392 3396/3396 3393/3393
f 3392/3392 3393/3393 3389/3389
f 3386/3386 3390/3390 3392/3392
f 3386/3386 3392/3392 3388/3388
f 3388/3388 3392/3392 3389/3389
f 3388/3388 3389/3389 3385/3385
f 3382/3382 3386/3386 3388/3388
f 3382/3382 3388/3388 3384/3384
f 3384/3384 3388/3388 3385/3385
f 3384/3384 3385/3385 3381/3381
f 3378/3378 3382/3382 3384/3384
f 3378/3378 3384/3384 3380/3380
f 3380/3380 3384/3384 3381/3381
f 3380/3380 3381/3381 3377/3377
f 3374/3374 3378/3378 3380/3380
f 3374/3374 3380/3380 3376/3376
f 3376/3376 3380/3380 3377/3377
f 3376/3376 3377/3377 3373/3373
f 3370/3370 3374/3374 3376/3376
f 3370/3370 3376/3376 3372/3372
f 3372/3372 3376/3376 3373/3373
f 3372/3372 3373/3373 3369/3369
f 3366/3366 3370/3370 3372/3372
f 3366/3366 3372/3372 3368/3368
f 3368/3368 3372/3372 3369/3369
f 3368/3368 3369/3369 3365/3365
f 3362/3362 3366/3366 3368/3368
f 3362/3362 3368/3368 3364/3364
f 3364/3364 3368/3368 3365/3365
f 3364/3364 3365/3365 3361/3361
f 3358/3358 3362/3362 3364/3364
f 3358/3358 3364/3364 3360/3360
f 3360/3360 3364/3364 3361/3361
f 3360/3360 3361/3361 3357/3357
f 3354/3354 3358/3358 3360/3360
f 3354/3354 3360/3360 3356/3356
f 3356/3356 3360/3360 3357/3357
f 3356/3356 3357/3357 3353/3353
f 3350/3350 3354/3354 3356/3356
f 3350/3350 3356/3356 3352/3352
f 3352/3352 3356/3356 3353/3353
f 3352/3352 3353/3353 3349/3349
f 3346/3346 3350/3350 3352/3352
f 3346/3346 3352/3352 3348/3348
f 3348/3348 3352/3352 3349/3349
f 3348/3348 3349/3349 3345/3345
f 3342/3342 3346/3346 3348/3348
f 3342/3342 3348/3348 3344/3344
f 3344/3344 3348/3348 3345/3345
f 3344/3344 3345/3345 3341/3341
f 3406/3406 3342/3342 3344/3344
f 3406/3406 3344/3344 3411/3411
f 3411/3411 3344/3344 3341/3341
f 3411/3411 3341/3341 3409/3409
f 3418/3418 3425/3425 3429/3429
f 3418/3418 3429/3429 3419/3419
f 3420/3420 3431/3431 3427/3427
f 3420/3420 3427/3427 3417/3417
f 3422/3422 3418/3418 3419/3419
f 3422/3422 3419/3419 3423/3423
f 3424/3424 3420/3420 3417/3417
f 3424/3424 3417/3417 3421/3421
f 3434/3434 3422/3422 3423/3423
f 3434/3434 3423/3423 3435/3435
f 3436/3436 3424/3424 3421/3421
f 3436/3436 3421/3421 3433/3433
f 3438/3438 3434/3434 3435/3435
f 3438/3438 3435/3435 3439/3439
f 3440/3440 3436/3436 3433/3433
f 3440/3440 3433/3433 3437/3437
f 3442/3442 3438/3438 3439/3439
f 3442/3442 3439/3439 3443/3443
f 3444/3444 3440/3440 3437/3437
f 3444/3444 3437/3437 3441/3441
f 3446/3446 3442/3442 3443/3443
f 3446/3446 3443/3443 3447/3447
f 3448/3448 3444/3444 3441/3441
f 3448/3448 3441/3441 3445/3445
f 3450/3450 3446/3446 3447/3447
f 3450/3450 3447/3447 3451/3451
f 3452/3452 3448/3448 3445/3445
f 3452/3452 3445/3445 3449/3449
f 3454/3454 3450/3450 3451/3451
f 3454/3454 3451/3451 3455/3455
f 3456/3456 3452/3452 3449/3449
f 3456/3456 3449/3449 3453/3453
f 3458/3458 3454/3454 3455/3455
f 3458/3458 3455/3455 3459/3459
f 3460/3460 3456/3456 3453/3453
f 3460/3460 3453/3453 3457/3457
f 3462/3462 3458/3458 3459/3459
f 3462/3462 3459/3459 3463/3463
f 3464/3464 3460/3460 3457/3457
f 3464/3464 3457/3457 3461/3461
f 3466/3466 3462/3462 3463/3463
f 3466/3466 3463/3463 3467/3467
f 3468/3468 3464/3464 3461/3461
f 3468/3468 3461/3461 3465/3465
f 3470/3470 3466/3466 3467/3467
f 3470/3470 3467/3467 3471/3471
f 3472/3472 3468/3468 3465/3465
f 3472/3472 3465/3465 3469/3469
f 3474/3474 3470/3470 3471/3471
f 3474/3474 3471/3471 3475/3475
f 3476/3476 3472/3472 3469/3469
f 3476/3476 3469/3469 3473/3473
f 3478/3478 3474/3474 3475/3475
f 3478/3478 3475/3475 3479/3479
f 3480/3480 3476/3476 3473/3473
f 3480/3480 3473/3473 3477/3477
f 3482/3482 3478/3478 3479/3479
f 3482/3482 3479/3479 3483/3483
f 3484/3484 3480/3480 3477/3477
f 3484/3484 3477/3477 3481/3481
f 3486/3486 3482/3482 3483/3483
f 3486/3486 3483/3483 3487/3487
f 3488/3488 3484/3484 3481/3481
f 3488/3488 3481/3481 3485/3485
f 3490/3490 3486/3486 3487/3487
f 3490/3490 3487/3487 3491/3491
f 3492/3492 3488/3488 3485/3485
f 3492/3492 3485/3485 3489/3489
f 3426/3426 3490/3490 3491/3491
f 3426/3426 3491/3491 3430/3430
f 3432/3432 3492/3492 3489/3489
f 3432/3432 3489/3489 3428/3428
f 3245/3245 3226/3226 3208/3208
f 3245/3245 3208/3208 3243/3243
f 3438/3438 3239/3239 3241/3241
f 3438/3438 3241/3241 3434/3434
f 3490/3490 3240/3240 3227/3227
f 3490/3490 3227/3227 3486/3486
f 3434/3434 3241/3241 3242/3242
f 3434/3434 3242/3242 3422/3422
f 3426/3426 3244/3244 3240/3240
f 3426/3426 3240/3240 3490/3490
f 3442/3442 3238/3238 3239/3239
f 3442/3442 3239/3239 3438/3438
f 3446/3446 3237/3237 3238/3238
f 3446/3446 3238/3238 3442/3442
f 3450/3450 3236/3236 3237/3237
f 3450/3450 3237/3237 3446/3446
f 3454/3454 3235/3235 3236/3236
f 3454/3454 3236/3236 3450/3450
f 3458/3458 3234/3234 3235/3235
f 3458/3458 3235/3235 3454/3454
f 3466/3466 3232/3232 3233/3233
f 3466/3466 3233/3233 3462/3462
f 3470/3470 3231/3231 3232/3232
f 3470/3470 3232/3232 3466/3466
f 3462/3462 3233/3233 3234/3234
f 3462/3462 3234/3234 3458/3458
f 3474/3474 3230/3230 3231/3231
f 3474/3474 3231/3231 3470/3470
f 3478/3478 3229/3229 3230/3230
f 3478/3478 3230/3230 3474/3474
f 3482/3482 3228/3228 3229/3229
f 3482/3482 3229/3229 3478/3478
f 3486/3486 3227/3227 3228/3228
f 3486/3486 3228/3228 3482/3482
f 3422/3422 3242/3242 3245/3245
f 3422/3422 3245/3245 3418/3418
f 3542/3542 3546/3546 3515/3515
f 3542/3542 3515/3515 3514/3514
f 3558/3558 3562/3562 3519/3519
f 3558/3558 3519/3519 3518/3518
f 3574/3574 3578/3578 3523/3523
f 3574/3574 3523/3523 3522/3522
f 3590/3590 3594/3594 3527/3527
f 3590/3590 3527/3527 3526/3526
f 3546/3546 3550/3550 3516/3516
f 3546/3546 3516/3516 3515/3515
f 3511/3511 3494/3494 3493/3493
f 3511/3511 3493/3493 3510/3510
f 3562/3562 3566/3566 3520/3520
f 3562/3562 3520/3520 3519/3519
f 3578/3578 3582/3582 3524/3524
f 3578/3578 3524/3524 3523/3523
f 3594/3594 3598/3598 3528/3528
f 3594/3594 3528/3528 3527/3527
f 3550/3550 3554/3554 3517/3517
f 3550/3550 3517/3517 3516/3516
f 3533/3533 3409/3409 3341/3341
f 3533/3533 3341/3341 3537/3537
f 3566/3566 3570/3570 3521/3521
f 3566/3566 3521/3521 3520/3520
f 3582/3582 3586/3586 3525/3525
f 3582/3582 3525/3525 3524/3524
f 3598/3598 3602/3602 3529/3529
f 3598/3598 3529/3529 3528/3528
f 3554/3554 3558/3558 3518/3518
f 3554/3554 3518/3518 3517/3517
f 3570/3570 3574/3574 3522/3522
f 3570/3570 3522/3522 3521/3521
f 3601/3601 3415/3415 3410/3410
f 3601/3601 3410/3410 3534/3534
f 3537/3537 3341/3341 3345/3345
f 3537/3537 3345/3345 3541/3541
f 3541/3541 3345/3345 3349/3349
f 3541/3541 3349/3349 3545/3545
f 3545/3545 3349/3349 3353/3353
f 3545/3545 3353/3353 3549/3549
f 3549/3549 3353/3353 3357/3357
f 3549/3549 3357/3357 3553/3553
f 3553/3553 3357/3357 3361/3361
f 3553/3553 3361/3361 3557/3557
f 3557/3557 3361/3361 3365/3365
f 3557/3557 3365/3365 3561/3561
f 3561/3561 3365/3365 3369/3369
f 3561/3561 3369/3369 3565/3565
f 3565/3565 3369/3369 3373/3373
f 3565/3565 3373/3373 3569/3569
f 3569/3569 3373/3373 3377/3377
f 3569/3569 3377/3377 3573/3573
f 3573/3573 3377/3377 3381/3381
f 3573/3573 3381/3381 3577/3577
f 3577/3577 3381/3381 3385/3385
f 3577/3577 3385/3385 3581/3581
f 3581/3581 3385/3385 3389/3389
f 3581/3581 3389/3389 3585/3585
f 3585/3585 3389/3389 3393/3393
f 3585/3585 3393/3393 3589/3589
f 3589/3589 3393/3393 3397/3397
f 3589/3589 3397/3397 3593/3593
f 3593/3593 3397/3397 3401/3401
f 3593/3593 3401/3401 3597/3597
f 3597/3597 3401/3401 3415/3415
f 3597/3597 3415/3415 3601/3601
f 3530/3530 3538/3538 3512/3512
f 3530/3530 3512/3512 3513/3513
f 3495/3495 3494/3494 3513/3513
f 3495/3495 3513/3513 3512/3512
f 3496/3496 3495/3495 3512/3512
f 3496/3496 3512/3512 3514/3514
f 3497/3497 3496/3496 3514/3514
f 3497/3497 3514/3514 3515/3515
f 3498/3498 3497/3497 3515/3515
f 3498/3498 3515/3515 3516/3516
f 3499/3499 3498/3498 3516/3516
f 3499/3499 3516/3516 3517/3517
f 3500/3500 3499/3499 3517/3517
f 3500/3500 3517/3517 3518/3518
f 3501/3501 3500/3500 3518/3518
f 3501/3501 3518/3518 3519/3519
f 3502/3502 3501/3501 3519/3519
f 3502/3502 3519/3519 3520/3520
f 3503/3503 3502/3502 3520/3520
f 3503/3503 3520/3520 3521/3521
f 3504/3504 3503/3503 3521/3521
f 3504/3504 3521/3521 3522/3522
f 3505/3505 3504/3504 3522/3522
f 3505/3505 3522/3522 3523/3523
f 3506/3506 3505/3505 3523/3523
f 3506/3506 3523/3523 3524/3524
f 3507/3507 3506/3506 3524/3524
f 3507/3507 3524/3524 3525/3525
f 3508/3508 3507/3507 3525/3525
f 3508/3508 3525/3525 3526/3526
f 3509/3509 3508/3508 3526/3526
f 3509/3509 3526/3526 3527/3527
f 3510/3510 3509/3509 3527/3527
f 3510/3510 3527/3527 3528/3528
f 3511/3511 3510/3510 3528/3528
f 3511/3511 3528/3528 3529/3529
f 3494/3494 3511/3511 3529/3529
f 3494/3494 3529/3529 3513/3513
f 3494/3494 3495/3495 3496/3496
f 3494/3494 3496/3496 3493/3493
f 3533/3533 3537/3537 3540/3540
f 3533/3533 3540/3540 3535/3535
f 3535/3535 3540/3540 3539/3539
f 3535/3535 3539/3539 3531/3531
f 3537/3537 3541/3541 3544/3544
f 3537/3537 3544/3544 3540/3540
f 3540/3540 3544/3544 3543/3543
f 3540/3540 3543/3543 3539/3539
f 3541/3541 3545/3545 3548/3548
f 3541/3541 3548/3548 3544/3544
f 3544/3544 3548/3548 3547/3547
f 3544/3544 3547/3547 3543/3543
f 3545/3545 3549/3549 3552/3552
f 3545/3545 3552/3552 3548/3548
f 3548/3548 3552/3552 3551/3551
f 3548/3548 3551/3551 3547/3547
f 3549/3549 3553/3553 3556/3556
f 3549/3549 3556/3556 3552/3552
f 3552/3552 3556/3556 3555/3555
f 3552/3552 3555/3555 3551/3551
f 3553/3553 3557/3557 3560/3560
f 3553/3553 3560/3560 3556/3556
f 3556/3556 3560/3560 3559/3559
f 3556/3556 3559/3559 3555/3555
f 3557/3557 3561/3561 3564/3564
f 3557/3557 3564/3564 3560/3560
f 3560/3560 3564/3564 3563/3563
f 3560/3560 3563/3563 3559/3559
f 3561/3561 3565/3565 3568/3568
f 3561/3561 3568/3568 3564/3564
f 3564/3564 3568/3568 3567/3567
f 3564/3564 3567/3567 3563/3563
f 3565/3565 3569/3569 3572/3572
f 3565/3565 3572/3572 3568/3568
f 3568/3568 3572/3572 3571/3571
f 3568/3568 3571/3571 3567/3567
f 3569/3569 3573/3573 3576/3576
f 3569/3569 3576/3576 3572/3572
f 3572/3572 3576/3576 3575/3575
f 3572/3572 3575/3575 3571/3571
f 3573/3573 3577/3577 3580/3580
f 3573/3573 3580/3580 3576/3576
f 3576/3576 3580/3580 3579/3579
f 3576/3576 3579/3579 3575/3575
f 3577/3577 3581/3581 3584/3584
f 3577/3577 3584/3584 3580/3580
f 3580/3580 3584/3584 3583/3583
f 3580/3580 3583/3583 3579/3579
f 3581/3581 3585/3585 3588/3588
f 3581/3581 3588/3588 3584/3584
f 3584/3584 3588/3588 3587/3587
f 3584/3584 3587/3587 3583/3583
f 3585/3585 3589/3589 3592/3592
f 3585/3585 3592/3592 3588/3588
f 3588/3588 3592/3592 3591/3591
f 3588/3588 3591/3591 3587/3587
f 3589/3589 3593/3593 3596/3596
f 3589/3589 3596/3596 3592/3592
f 3592/3592 3596/3596 3595/3595
f 3592/3592 3595/3595 3591/3591
f 3593/3593 3597/3597 3600/3600
f 3593/3593 3600/3600 3596/3596
f 3596/3596 3600/3600 3599/3599
f 3596/3596 3599/3599 3595/3595
f 3597/3597 3601/3601 3604/3604
f 3597/3597 3604/3604 3600/3600
f 3600/3600 3604/3604 3603/3603
f 3600/3600 3603/3603 3599/3599
f 3601/3601 3534/3534 3536/3536
f 3601/3601 3536/3536 3604/3604
f 3604/3604 3536/3536 3532/3532
f 3604/3604 3532/3532 3603/3603
f 3602/3602 3530/3530 3513/3513
f 3602/3602 3513/3513 3529/3529
f 4342/4342 4351/4351 4304/4304
f 4342/4342 4304/4304 4303/4303
f 4351/4351 4357/4357 4305/4305
f 4351/4351 4305/4305 4304/4304
f 4357/4357 4363/4363 4306/4306
f 4357/4357 4306/4306 4305/4305
f 4363/4363 4369/4369 4307/4307
f 4363/4363 4307/4307 4306/4306
f 4369/4369 4375/4375 4308/4308
f 4369/4369 4308/4308 4307/4307
f 4375/4375 4381/4381 4309/4309
f 4375/4375 4309/4309 4308/4308
f 4381/4381 4387/4387 4310/4310
f 4381/4381 4310/4310 4309/4309
f 4387/4387 4393/4393 4311/4311
f 4387/4387 4311/4311 4310/4310
f 4393/4393 4399/4399 4312/4312
f 4393/4393 4312/4312 4311/4311
f 4399/4399 4405/4405 4313/4313
f 4399/4399 4313/4313 4312/4312
f 4405/4405 4411/4411 4314/4314
f 4405/4405 4314/4314 4313/4313
f 4411/4411 4417/4417 4315/4315
f 4411/4411 4315/4315 4314/4314
f 4417/4417 4423/4423 4316/4316
f 4417/4417 4316/4316 4315/4315
f 4423/4423 4431/4431 4318/4318
f 4423/4423 4318/4318 4316/4316
f 4430/4430 4439/4439 4319/4319
f 4430/4430 4319/4319 4317/4317
f 4439/4439 4445/4445 4320/4320
f 4439/4439 4320/4320 4319/4319
f 4445/4445 4451/4451 4321/4321
f 4445/4445 4321/4321 4320/4320
f 4451/4451 4457/4457 4322/4322
f 4451/4451 4322/4322 4321/4321
f 4457/4457 4463/4463 4323/4323
f 4457/4457 4323/4323 4322/4322
f 4463/4463 4469/4469 4324/4324
f 4463/4463 4324/4324 4323/4323
f 4469/4469 4475/4475 4325/4325
f 4469/4469 4325/4325 4324/4324
f 4475/4475 4481/4481 4326/4326
f 4475/4475 4326/4326 4325/4325
f 4481/4481 4487/4487 4327/4327
f 4481/4481 4327/4327 4326/4326
f 4487/4487 4493/4493 4328/4328
f 4487/4487 4328/4328 4327/4327
f 4493/4493 4499/4499 4329/4329
f 4493/4493 4329/4329 4328/4328
f 4499/4499 4505/4505 4330/4330
f 4499/4499 4330/4330 4329/4329
f 4335/4335 4180/4180 4178/4178
f 4335/4335 4178/4178 4508/4508
f 3611/3611 3606/3606 3607/3607
f 3611/3611 3607/3607 3613/3613
f 3618/3618 3612/3612 3614/3614
f 3618/3618 3614/3614 3619/3619
f 3622/3622 3618/3618 3619/3619
f 3622/3622 3619/3619 3623/3623
f 3626/3626 3622/3622 3623/3623
f 3626/3626 3623/3623 3627/3627
f 3630/3630 3626/3626 3627/3627
f 3630/3630 3627/3627 3631/3631
f 3634/3634 3630/3630 3631/3631
f 3634/3634 3631/3631 3635/3635
f 3638/3638 3634/3634 3635/3635
f 3638/3638 3635/3635 3639/3639
f 3642/3642 3638/3638 3639/3639
f 3642/3642 3639/3639 3643/3643
f 3646/3646 3642/3642 3643/3643
f 3646/3646 3643/3643 3647/3647
f 3650/3650 3646/3646 3647/3647
f 3650/3650 3647/3647 3651/3651
f 3654/3654 3650/3650 3651/3651
f 3654/3654 3651/3651 3655/3655
f 3658/3658 3654/3654 3655/3655
f 3658/3658 3655/3655 3659/3659
f 3662/3662 3658/3658 3659/3659
f 3662/3662 3659/3659 3663/3663
f 3666/3666 3662/3662 3663/3663
f 3666/3666 3663/3663 3667/3667
f 3670/3670 3666/3666 3667/3667
f 3670/3670 3667/3667 3671/3671
f 3674/3674 3670/3670 3671/3671
f 3674/3674 3671/3671 3675/3675
f 3678/3678 3674/3674 3675/3675
f 3678/3678 3675/3675 3679/3679
f 3682/3682 3678/3678 3679/3679
f 3682/3682 3679/3679 3683/3683
f 3686/3686 3682/3682 3683/3683
f 3686/3686 3683/3683 3687/3687
f 3690/3690 3686/3686 3687/3687
f 3690/3690 3687/3687 3691/3691
f 3694/3694 3690/3690 3691/3691
f 3694/3694 3691/3691 3695/3695
f 3698/3698 3694/3694 3695/3695
f 3698/3698 3695/3695 3699/3699
f 3702/3702 3698/3698 3699/3699
f 3702/3702 3699/3699 3703/3703
f 3706/3706 3702/3702 3703/3703
f 3706/3706 3703/3703 3707/3707
f 3710/3710 3706/3706 3707/3707
f 3710/3710 3707/3707 3711/3711
f 3714/3714 3710/3710 3711/3711
f 3714/3714 3711/3711 3715/3715
f 3718/3718 3714/3714 3715/3715
f 3718/3718 3715/3715 3719/3719
f 3606/3606 3718/3718 3719/3719
f 3606/3606 3719/3719 3607/3607
f 3721/3721 3749/3749 4300/4300
f 3721/3721 4300/4300 4195/4195
f 4519/4519 3641/3641 3645/3645
f 4519/4519 3645/3645 4520/4520
f 4223/4223 4227/4227 3648/3648
f 4223/4223 3648/3648 3644/3644
f 4513/4513 3617/3617 3621/3621
f 4513/4513 3621/3621 4514/4514
f 4200/4200 4203/4203 3624/3624
f 4200/4200 3624/3624 3620/3620
f 4514/4514 3621/3621 3625/3625
f 4514/4514 3625/3625 4515/4515
f 4203/4203 4208/4208 3628/3628
f 4203/4203 3628/3628 3624/3624
f 4515/4515 3625/3625 3629/3629
f 4515/4515 3629/3629 4516/4516
f 4208/4208 4211/4211 3632/3632
f 4208/4208 3632/3632 3628/3628
f 4516/4516 3629/3629 3633/3633
f 4516/4516 3633/3633 4517/4517
f 4211/4211 4216/4216 3636/3636
f 4211/4211 3636/3636 3632/3632
f 4517/4517 3633/3633 3637/3637
f 4517/4517 3637/3637 4518/4518
f 4216/4216 4219/4219 3640/3640
f 4216/4216 3640/3640 3636/3636
f 4518/4518 3637/3637 3641/3641
f 4518/4518 3641/3641 4519/4519
f 4219/4219 4223/4223 3644/3644
f 4219/4219 3644/3644 3640/3640
f 3730/3730 4224/4224 4228/4228
f 3730/3730 4228/4228 3731/3731
f 4520/4520 3645/3645 3649/3649
f 4520/4520 3649/3649 4521/4521
f 4227/4227 4231/4231 3652/3652
f 4227/4227 3652/3652 3648/3648
f 4521/4521 3649/3649 3653/3653
f 4521/4521 3653/3653 4522/4522
f 4231/4231 4235/4235 3656/3656
f 4231/4231 3656/3656 3652/3652
f 4522/4522 3653/3653 3657/3657
f 4522/4522 3657/3657 4523/4523
f 4235/4235 4239/4239 3660/3660
f 4235/4235 3660/3660 3656/3656
f 4523/4523 3657/3657 3661/3661
f 4523/4523 3661/3661 4524/4524
f 4239/4239 4243/4243 3664/3664
f 4239/4239 3664/3664 3660/3660
f 4524/4524 3661/3661 3665/3665
f 4524/4524 3665/3665 4525/4525
f 4243/4243 4246/4246 3668/3668
f 4243/4243 3668/3668 3664/3664
f 3736/3736 4248/4248 4252/4252
f 3736/3736 4252/4252 3737/3737
f 4526/4526 3669/3669 3673/3673
f 4526/4526 3673/3673 4527/4527
f 4251/4251 4255/4255 3676/3676
f 4251/4251 3676/3676 3672/3672
f 4527/4527 3673/3673 3677/3677
f 4527/4527 3677/3677 4528/4528
f 4255/4255 4260/4260 3680/3680
f 4255/4255 3680/3680 3676/3676
f 4528/4528 3677/3677 3681/3681
f 4528/4528 3681/3681 4529/4529
f 4260/4260 4263/4263 3684/3684
f 4260/4260 3684/3684 3680/3680
f 4529/4529 3681/3681 3685/3685
f 4529/4529 3685/3685 4530/4530
f 4263/4263 4267/4267 3688/3688
f 4263/4263 3688/3688 3684/3684
f 4530/4530 3685/3685 3689/3689
f 4530/4530 3689/3689 4531/4531
f 4267/4267 4272/4272 3692/3692
f 4267/4267 3692/3692 3688/3688
f 4531/4531 3689/3689 3693/3693
f 4531/4531 3693/3693 4532/4532
f 4272/4272 4274/4274 3696/3696
f 4272/4272 3696/3696 3692/3692
f 3743/3743 4276/4276 4278/4278
f 3743/3743 4278/4278 3744/3744
f 4533/4533 3697/3697 3701/3701
f 4533/4533 3701/3701 4534/4534
f 4280/4280 4284/4284 3704/3704
f 4280/4280 3704/3704 3700/3700
f 4534/4534 3701/3701 3705/3705
f 4534/4534 3705/3705 4535/4535
f 4284/4284 4287/4287 3708/3708
f 4284/4284 3708/3708 3704/3704
f 4535/4535 3705/3705 3709/3709
f 4535/4535 3709/3709 4536/4536
f 4287/4287 4292/4292 3712/3712
f 4287/4287 3712/3712 3708/3708
f 4536/4536 3709/3709 3713/3713
f 4536/4536 3713/3713 4537/4537
f 4292/4292 4295/4295 3716/3716
f 4292/4292 3716/3716 3712/3712
f 4537/4537 3713/3713 3717/3717
f 4537/4537 3717/3717 4512/4512
f 4295/4295 4299/4299 3720/3720
f 4295/4295 3720/3720 3716/3716
f 4512/4512 3717/3717 3605/3605
f 4512/4512 3605/3605 4509/4509
f 4299/4299 4194/4194 3608/3608
f 4299/4299 3608/3608 3720/3720
f 4511/4511 3610/3610 3617/3617
f 4511/4511 3617/3617 4513/4513
f 4190/4190 4200/4200 3620/3620
f 4190/4190 3620/3620 3616/3616
f 3722/3722 3721/3721 4195/4195
f 3722/3722 4195/4195 4191/4191
f 3725/3725 3724/3724 4198/4198
f 3725/3725 4198/4198 4204/4204
f 3726/3726 3725/3725 4204/4204
f 3726/3726 4204/4204 4206/4206
f 3727/3727 3726/3726 4206/4206
f 3727/3727 4206/4206 4212/4212
f 3728/3728 3727/3727 4212/4212
f 3728/3728 4212/4212 4214/4214
f 3729/3729 3728/3728 4214/4214
f 3729/3729 4214/4214 4220/4220
f 3730/3730 3729/3729 4220/4220
f 3730/3730 4220/4220 4224/4224
f 4525/4525 3665/3665 3669/3669
f 4525/4525 3669/3669 4526/4526
f 4246/4246 4251/4251 3672/3672
f 4246/4246 3672/3672 3668/3668
f 3732/3732 3731/3731 4228/4228
f 3732/3732 4228/4228 4232/4232
f 3733/3733 3732/3732 4232/4232
f 3733/3733 4232/4232 4236/4236
f 3734/3734 3733/3733 4236/4236
f 3734/3734 4236/4236 4240/4240
f 3735/3735 3734/3734 4240/4240
f 3735/3735 4240/4240 4244/4244
f 3736/3736 3735/3735 4244/4244
f 3736/3736 4244/4244 4248/4248
f 4532/4532 3693/3693 3697/3697
f 4532/4532 3697/3697 4533/4533
f 4274/4274 4280/4280 3700/3700
f 4274/4274 3700/3700 3696/3696
f 3738/3738 3737/3737 4252/4252
f 3738/3738 4252/4252 4256/4256
f 3739/3739 3738/3738 4256/4256
f 3739/3739 4256/4256 4258/4258
f 3740/3740 3739/3739 4258/4258
f 3740/3740 4258/4258 4264/4264
f 3741/3741 3740/3740 4264/4264
f 3741/3741 4264/4264 4268/4268
f 3742/3742 3741/3741 4268/4268
f 3742/3742 4268/4268 4270/4270
f 3743/3743 3742/3742 4270/4270
f 3743/3743 4270/4270 4276/4276
f 3745/3745 3744/3744 4278/4278
f 3745/3745 4278/4278 4282/4282
f 3746/3746 3745/3745 4282/4282
f 3746/3746 4282/4282 4288/4288
f 3747/3747 3746/3746 4288/4288
f 3747/3747 4288/4288 4290/4290
f 3748/3748 3747/3747 4290/4290
f 3748/3748 4290/4290 4296/4296
f 3749/3749 3748/3748 4296/4296
f 3749/3749 4296/4296 4300/4300
f 4043/4043 4188/4188 4193/4193
f 4043/4043 4193/4193 4184/4184
f 3866/3866 3894/3894 3749/3749
f 3866/3866 3749/3749 3721/3721
f 3894/3894 3893/3893 3748/3748
f 3894/3894 3748/3748 3749/3749
f 3893/3893 3892/3892 3747/3747
f 3893/3893 3747/3747 3748/3748
f 3892/3892 3891/3891 3746/3746
f 3892/3892 3746/3746 3747/3747
f 3891/3891 3890/3890 3745/3745
f 3891/3891 3745/3745 3746/3746
f 3890/3890 3889/3889 3744/3744
f 3890/3890 3744/3744 3745/3745
f 3899/3899 3895/3895 3901/3901
f 3899/3899 3901/3901 3903/3903
f 3888/3888 3887/3887 3742/3742
f 3888/3888 3742/3742 3743/3743
f 3887/3887 3886/3886 3741/3741
f 3887/3887 3741/3741 3742/3742
f 3886/3886 3885/3885 3740/3740
f 3886/3886 3740/3740 3741/3741
f 3885/3885 3884/3884 3739/3739
f 3885/3885 3739/3739 3740/3740
f 3884/3884 3883/3883 3738/3738
f 3884/3884 3738/3738 3739/3739
f 3883/3883 3882/3882 3737/3737
f 3883/3883 3737/3737 3738/3738
f 3889/3889 3888/3888 3743/3743
f 3889/3889 3743/3743 3744/3744
f 3881/3881 3880/3880 3735/3735
f 3881/3881 3735/3735 3736/3736
f 3880/3880 3879/3879 3734/3734
f 3880/3880 3734/3734 3735/3735
f 3879/3879 3878/3878 3733/3733
f 3879/3879 3733/3733 3734/3734
f 3878/3878 3877/3877 3732/3732
f 3878/3878 3732/3732 3733/3733
f 3877/3877 3876/3876 3731/3731
f 3877/3877 3731/3731 3732/3732
f 3882/3882 3881/3881 3736/3736
f 3882/3882 3736/3736 3737/3737
f 3875/3875 3874/3874 3729/3729
f 3875/3875 3729/3729 3730/3730
f 3874/3874 3873/3873 3728/3728
f 3874/3874 3728/3728 3729/3729
f 3873/3873 3872/3872 3727/3727
f 3873/3873 3727/3727 3728/3728
f 3872/3872 3871/3871 3726/3726
f 3872/3872 3726/3726 3727/3727
f 3871/3871 3870/3870 3725/3725
f 3871/3871 3725/3725 3726/3726
f 3870/3870 3869/3869 3724/3724
f 3870/3870 3724/3724 3725/3725
f 3876/3876 3875/3875 3730/3730
f 3876/3876 3730/3730 3731/3731
f 3867/3867 3866/3866 3721/3721
f 3867/3867 3721/3721 3722/3722
f 4040/4040 4183/4183 3863/3863
f 4040/4040 3863/3863 3756/3756
f 4050/4050 4199/4199 4187/4187
f 4050/4050 4187/4187 4042/4042
f 4010/4010 4008/4008 3935/3935
f 4010/4010 3935/3935 3938/3938
f 4052/4052 4045/4045 4041/4041
f 4052/4052 4041/4041 4051/4051
f 4043/4043 4184/4184 4180/4180
f 4043/4043 4180/4180 4047/4047
f 4032/4032 4030/4030 3968/3968
f 4032/4032 3968/3968 3971/3971
f 3982/3982 3897/3897 3902/3902
f 3982/3982 3902/3902 3986/3986
f 4055/4055 4051/4051 3761/3761
f 4055/4055 3761/3761 3765/3765
f 4061/4061 4207/4207 4202/4202
f 4061/4061 4202/4202 4056/4056
f 4011/4011 3808/3808 3804/3804
f 4011/4011 3804/3804 4009/4009
f 4060/4060 4055/4055 3765/3765
f 4060/4060 3765/3765 3769/3769
f 4066/4066 4210/4210 4207/4207
f 4066/4066 4207/4207 4061/4061
f 4033/4033 3852/3852 3848/3848
f 4033/4033 3848/3848 4031/4031
f 4065/4065 4060/4060 3769/3769
f 4065/4065 3769/3769 3773/3773
f 4071/4071 4215/4215 4210/4210
f 4071/4071 4210/4210 4066/4066
f 3788/3788 3784/3784 3999/3999
f 3788/3788 3999/3999 4001/4001
f 4070/4070 4065/4065 3773/3773
f 4070/4070 3773/3773 3777/3777
f 4076/4076 4218/4218 4215/4215
f 4076/4076 4215/4215 4071/4071
f 4008/4008 4006/4006 3932/3932
f 4008/4008 3932/3932 3935/3935
f 4075/4075 4070/4070 3777/3777
f 4075/4075 3777/3777 3781/3781
f 4081/4081 4222/4222 4218/4218
f 4081/4081 4218/4218 4076/4076
f 4030/4030 4028/4028 3965/3965
f 4030/4030 3965/3965 3968/3968
f 4080/4080 4075/4075 3781/3781
f 4080/4080 3781/3781 3785/3785
f 4085/4085 4226/4226 4222/4222
f 4085/4085 4222/4222 4081/4081
f 4087/4087 4082/4082 4080/4080
f 4087/4087 4080/4080 4086/4086
f 4081/4081 4076/4076 4078/4078
f 4081/4081 4078/4078 4083/4083
f 4009/4009 3804/3804 3800/3800
f 4009/4009 3800/3800 4007/4007
f 4031/4031 3848/3848 3844/3844
f 4031/4031 3844/3844 4029/4029
f 4090/4090 4086/4086 3789/3789
f 4090/4090 3789/3789 3793/3793
f 4096/4096 4234/4234 4230/4230
f 4096/4096 4230/4230 4091/4091
f 3983/3983 4039/4039 3979/3979
f 3983/3983 3979/3979 3898/3898
f 4095/4095 4090/4090 3793/3793
f 4095/4095 3793/3793 3797/3797
f 4101/4101 4238/4238 4234/4234
f 4101/4101 4234/4234 4096/4096
f 4006/4006 4004/4004 3929/3929
f 4006/4006 3929/3929 3932/3932
f 4100/4100 4095/4095 3797/3797
f 4100/4100 3797/3797 3801/3801
f 4106/4106 4242/4242 4238/4238
f 4106/4106 4238/4238 4101/4101
f 4028/4028 4026/4026 3962/3962
f 4028/4028 3962/3962 3965/3965
f 4105/4105 4100/4100 3801/3801
f 4105/4105 3801/3801 3805/3805
f 4111/4111 4245/4245 4242/4242
f 4111/4111 4242/4242 4106/4106
f 4007/4007 3800/3800 3796/3796
f 4007/4007 3796/3796 4005/4005
f 4110/4110 4105/4105 3805/3805
f 4110/4110 3805/3805 3809/3809
f 4115/4115 4250/4250 4245/4245
f 4115/4115 4245/4245 4111/4111
f 4029/4029 3844/3844 3840/3840
f 4029/4029 3840/3840 4027/4027
f 4117/4117 4112/4112 4110/4110
f 4117/4117 4110/4110 4116/4116
f 4111/4111 4106/4106 4108/4108
f 4111/4111 4108/4108 4113/4113
f 4004/4004 4002/4002 3926/3926
f 4004/4004 3926/3926 3929/3929
f 4041/4041 3757/3757 3761/3761
f 4041/4041 3761/3761 4051/4051
f 4202/4202 4199/4199 4050/4050
f 4202/4202 4050/4050 4056/4056
f 4120/4120 4116/4116 3813/3813
f 4120/4120 3813/3813 3817/3817
f 4126/4126 4259/4259 4254/4254
f 4126/4126 4254/4254 4121/4121
f 4005/4005 3796/3796 3792/3792
f 4005/4005 3792/3792 4003/4003
f 4125/4125 4120/4120 3817/3817
f 4125/4125 3817/3817 3821/3821
f 4131/4131 4262/4262 4259/4259
f 4131/4131 4259/4259 4126/4126
f 4026/4026 4024/4024 3959/3959
f 4026/4026 3959/3959 3962/3962
f 4130/4130 4125/4125 3821/3821
f 4130/4130 3821/3821 3825/3825
f 4136/4136 4266/4266 4262/4262
f 4136/4136 4262/4262 4131/4131
f 4002/4002 4000/4000 3923/3923
f 4002/4002 3923/3923 3926/3926
f 4135/4135 4130/4130 3825/3825
f 4135/4135 3825/3825 3829/3829
f 4141/4141 4271/4271 4266/4266
f 4141/4141 4266/4266 4136/4136
f 4140/4140 4135/4135 3829/3829
f 4140/4140 3829/3829 3833/3833
f 4146/4146 4273/4273 4271/4271
f 4146/4146 4271/4271 4141/4141
f 4003/4003 3792/3792 3788/3788
f 4003/4003 3788/3788 4001/4001
f 4145/4145 4140/4140 3833/3833
f 4145/4145 3833/3833 3837/3837
f 4150/4150 4279/4279 4273/4273
f 4150/4150 4273/4273 4146/4146
f 4152/4152 4147/4147 4145/4145
f 4152/4152 4145/4145 4151/4151
f 4146/4146 4141/4141 4143/4143
f 4146/4146 4143/4143 4148/4148
f 4013/4013 3812/3812 3808/3808
f 4013/4013 3808/3808 4011/4011
f 4024/4024 4022/4022 3956/3956
f 4024/4024 3956/3956 3959/3959
f 4155/4155 4151/4151 3841/3841
f 4155/4155 3841/3841 3845/3845
f 4161/4161 4286/4286 4283/4283
f 4161/4161 4283/4283 4156/4156
f 4000/4000 3998/3998 3920/3920
f 4000/4000 3920/3920 3923/3923
f 4160/4160 4155/4155 3845/3845
f 4160/4160 3845/3845 3849/3849
f 4166/4166 4291/4291 4286/4286
f 4166/4166 4286/4286 4161/4161
f 4025/4025 3836/3836 3832/3832
f 4025/4025 3832/3832 4023/4023
f 4165/4165 4160/4160 3849/3849
f 4165/4165 3849/3849 3853/3853
f 4171/4171 4294/4294 4291/4291
f 4171/4171 4291/4291 4166/4166
f 4170/4170 4165/4165 3853/3853
f 4170/4170 3853/3853 3857/3857
f 4176/4176 4298/4298 4294/4294
f 4176/4176 4294/4294 4171/4171
f 4022/4022 4020/4020 3953/3953
f 4022/4022 3953/3953 3956/3956
f 4175/4175 4170/4170 3857/3857
f 4175/4175 3857/3857 3861/3861
f 4184/4184 4193/4193 4298/4298
f 4184/4184 4298/4298 4176/4176
f 4183/4183 4175/4175 3861/3861
f 4183/4183 3861/3861 3863/3863
f 4023/4023 3832/3832 3828/3828
f 4023/4023 3828/3828 4021/4021
f 3989/3989 3764/3764 3760/3760
f 3989/3989 3760/3760 3987/3987
f 3919/3919 3783/3783 3787/3787
f 3919/3919 3787/3787 3922/3922
f 3901/3901 3759/3759 3763/3763
f 3901/3901 3763/3763 3904/3904
f 3904/3904 3763/3763 3767/3767
f 3904/3904 3767/3767 3907/3907
f 3907/3907 3767/3767 3771/3771
f 3907/3907 3771/3771 3910/3910
f 3910/3910 3771/3771 3775/3775
f 3910/3910 3775/3775 3913/3913
f 3913/3913 3775/3775 3779/3779
f 3913/3913 3779/3779 3916/3916
f 3937/3937 3807/3807 3811/3811
f 3937/3937 3811/3811 3940/3940
f 3922/3922 3787/3787 3791/3791
f 3922/3922 3791/3791 3925/3925
f 3925/3925 3791/3791 3795/3795
f 3925/3925 3795/3795 3928/3928
f 3928/3928 3795/3795 3799/3799
f 3928/3928 3799/3799 3931/3931
f 3931/3931 3799/3799 3803/3803
f 3931/3931 3803/3803 3934/3934
f 4010/4010 3938/3938 3941/3941
f 4010/4010 3941/3941 4012/4012
f 3934/3934 3803/3803 3807/3807
f 3934/3934 3807/3807 3937/3937
f 3958/3958 3835/3835 3839/3839
f 3958/3958 3839/3839 3961/3961
f 3940/3940 3811/3811 3815/3815
f 3940/3940 3815/3815 3943/3943
f 3943/3943 3815/3815 3819/3819
f 3943/3943 3819/3819 3946/3946
f 3946/3946 3819/3819 3823/3823
f 3946/3946 3823/3823 3949/3949
f 3952/3952 3827/3827 3831/3831
f 3952/3952 3831/3831 3955/3955
f 3955/3955 3831/3831 3835/3835
f 3955/3955 3835/3835 3958/3958
f 3984/3984 3982/3982 3986/3986
f 3984/3984 3986/3986 3987/3987
f 3961/3961 3839/3839 3843/3843
f 3961/3961 3843/3843 3964/3964
f 3964/3964 3843/3843 3847/3847
f 3964/3964 3847/3847 3967/3967
f 4035/4035 3856/3856 3852/3852
f 4035/4035 3852/3852 4033/4033
f 3967/3967 3847/3847 3851/3851
f 3967/3967 3851/3851 3970/3970
f 3970/3970 3851/3851 3855/3855
f 3970/3970 3855/3855 3973/3973
f 3973/3973 3855/3855 3859/3859
f 3973/3973 3859/3859 3976/3976
f 3976/3976 3859/3859 3865/3865
f 3976/3976 3865/3865 3980/3980
f 4037/4037 3860/3860 3856/3856
f 4037/4037 3856/3856 4035/4035
f 3991/3991 3768/3768 3764/3764
f 3991/3991 3764/3764 3989/3989
f 4034/4034 4032/4032 3971/3971
f 4034/4034 3971/3971 3974/3974
f 3840/3840 3836/3836 4025/4025
f 3840/3840 4025/4025 4027/4027
f 3988/3988 3986/3986 3902/3902
f 3988/3988 3902/3902 3905/3905
f 4038/4038 3862/3862 3860/3860
f 4038/4038 3860/3860 4037/4037
f 4015/4015 3816/3816 3812/3812
f 4015/4015 3812/3812 4013/4013
f 3993/3993 3772/3772 3768/3768
f 3993/3993 3768/3768 3991/3991
f 4036/4036 4034/4034 3974/3974
f 4036/4036 3974/3974 3977/3977
f 3990/3990 3988/3988 3905/3905
f 3990/3990 3905/3905 3908/3908
f 4017/4017 3820/3820 3816/3816
f 4017/4017 3816/3816 4015/4015
f 3995/3995 3776/3776 3772/3772
f 3995/3995 3772/3772 3993/3993
f 4039/4039 4036/4036 3977/3977
f 4039/4039 3977/3977 3979/3979
f 4014/4014 4012/4012 3941/3941
f 4014/4014 3941/3941 3944/3944
f 3992/3992 3990/3990 3908/3908
f 3992/3992 3908/3908 3911/3911
f 4019/4019 3824/3824 3820/3820
f 4019/4019 3820/3820 4017/4017
f 3997/3997 3780/3780 3776/3776
f 3997/3997 3776/3776 3995/3995
f 4016/4016 4014/4014 3944/3944
f 4016/4016 3944/3944 3947/3947
f 3994/3994 3992/3992 3911/3911
f 3994/3994 3911/3911 3914/3914
f 4021/4021 3828/3828 3824/3824
f 4021/4021 3824/3824 4019/4019
f 3999/3999 3784/3784 3780/3780
f 3999/3999 3780/3780 3997/3997
f 4018/4018 4016/4016 3947/3947
f 4018/4018 3947/3947 3950/3950
f 3996/3996 3994/3994 3914/3914
f 3996/3996 3914/3914 3917/3917
f 3949/3949 3823/3823 3827/3827
f 3949/3949 3827/3827 3952/3952
f 3916/3916 3779/3779 3783/3783
f 3916/3916 3783/3783 3919/3919
f 4020/4020 4018/4018 3950/3950
f 4020/4020 3950/3950 3953/3953
f 3998/3998 3996/3996 3917/3917
f 3998/3998 3917/3917 3920/3920
f 3750/3750 3864/3864 3866/3866
f 3750/3750 3866/3866 3867/3867
f 3782/3782 3875/3875 3876/3876
f 3782/3782 3876/3876 3786/3786
f 3762/3762 3758/3758 3869/3869
f 3762/3762 3869/3869 3870/3870
f 3766/3766 3762/3762 3870/3870
f 3766/3766 3870/3870 3871/3871
f 3770/3770 3766/3766 3871/3871
f 3770/3770 3871/3871 3872/3872
f 3774/3774 3770/3770 3872/3872
f 3774/3774 3872/3872 3873/3873
f 3778/3778 3774/3774 3873/3873
f 3778/3778 3873/3873 3874/3874
f 3782/3782 3778/3778 3874/3874
f 3782/3782 3874/3874 3875/3875
f 3806/3806 3881/3881 3882/3882
f 3806/3806 3882/3882 3810/3810
f 3790/3790 3786/3786 3876/3876
f 3790/3790 3876/3876 3877/3877
f 3794/3794 3790/3790 3877/3877
f 3794/3794 3877/3877 3878/3878
f 3798/3798 3794/3794 3878/3878
f 3798/3798 3878/3878 3879/3879
f 3802/3802 3798/3798 3879/3879
f 3802/3802 3879/3879 3880/3880
f 3806/3806 3802/3802 3880/3880
f 3806/3806 3880/3880 3881/3881
f 3834/3834 3888/3888 3889/3889
f 3834/3834 3889/3889 3838/3838
f 3814/3814 3810/3810 3882/3882
f 3814/3814 3882/3882 3883/3883
f 3818/3818 3814/3814 3883/3883
f 3818/3818 3883/3883 3884/3884
f 3822/3822 3818/3818 3884/3884
f 3822/3822 3884/3884 3885/3885
f 3826/3826 3822/3822 3885/3885
f 3826/3826 3885/3885 3886/3886
f 3830/3830 3826/3826 3886/3886
f 3830/3830 3886/3886 3887/3887
f 3834/3834 3830/3830 3887/3887
f 3834/3834 3887/3887 3888/3888
f 3869/3869 3868/3868 3723/3723
f 3869/3869 3723/3723 3724/3724
f 3842/3842 3838/3838 3889/3889
f 3842/3842 3889/3889 3890/3890
f 3846/3846 3842/3842 3890/3890
f 3846/3846 3890/3890 3891/3891
f 3850/3850 3846/3846 3891/3891
f 3850/3850 3891/3891 3892/3892
f 3854/3854 3850/3850 3892/3892
f 3854/3854 3892/3892 3893/3893
f 3858/3858 3854/3854 3893/3893
f 3858/3858 3893/3893 3894/3894
f 3864/3864 3858/3858 3894/3894
f 3864/3864 3894/3894 3866/3866
f 3981/3981 3980/3980 3896/3896
f 3981/3981 3896/3896 3900/3900
f 3979/3979 3981/3981 3900/3900
f 3979/3979 3900/3900 3898/3898
f 3897/3897 3899/3899 3903/3903
f 3897/3897 3903/3903 3902/3902
f 3921/3921 3919/3919 3922/3922
f 3921/3921 3922/3922 3924/3924
f 3903/3903 3901/3901 3904/3904
f 3903/3903 3904/3904 3906/3906
f 3902/3902 3903/3903 3906/3906
f 3902/3902 3906/3906 3905/3905
f 3906/3906 3904/3904 3907/3907
f 3906/3906 3907/3907 3909/3909
f 3905/3905 3906/3906 3909/3909
f 3905/3905 3909/3909 3908/3908
f 3909/3909 3907/3907 3910/3910
f 3909/3909 3910/3910 3912/3912
f 3908/3908 3909/3909 3912/3912
f 3908/3908 3912/3912 3911/3911
f 3912/3912 3910/3910 3913/3913
f 3912/3912 3913/3913 3915/3915
f 3911/3911 3912/3912 3915/3915
f 3911/3911 3915/3915 3914/3914
f 3915/3915 3913/3913 3916/3916
f 3915/3915 3916/3916 3918/3918
f 3914/3914 3915/3915 3918/3918
f 3914/3914 3918/3918 3917/3917
f 3918/3918 3916/3916 3919/3919
f 3918/3918 3919/3919 3921/3921
f 3917/3917 3918/3918 3921/3921
f 3917/3917 3921/3921 3920/3920
f 3920/3920 3921/3921 3924/3924
f 3920/3920 3924/3924 3923/3923
f 3939/3939 3937/3937 3940/3940
f 3939/3939 3940/3940 3942/3942
f 3924/3924 3922/3922 3925/3925
f 3924/3924 3925/3925 3927/3927
f 3923/3923 3924/3924 3927/3927
f 3923/3923 3927/3927 3926/3926
f 3927/3927 3925/3925 3928/3928
f 3927/3927 3928/3928 3930/3930
f 3926/3926 3927/3927 3930/3930
f 3926/3926 3930/3930 3929/3929
f 3930/3930 3928/3928 3931/3931
f 3930/3930 3931/3931 3933/3933
f 3929/3929 3930/3930 3933/3933
f 3929/3929 3933/3933 3932/3932
f 3933/3933 3931/3931 3934/3934
f 3933/3933 3934/3934 3936/3936
f 3932/3932 3933/3933 3936/3936
f 3932/3932 3936/3936 3935/3935
f 3936/3936 3934/3934 3937/3937
f 3936/3936 3937/3937 3939/3939
f 3935/3935 3936/3936 3939/3939
f 3935/3935 3939/3939 3938/3938
f 3938/3938 3939/3939 3942/3942
f 3938/3938 3942/3942 3941/3941
f 3960/3960 3958/3958 3961/3961
f 3960/3960 3961/3961 3963/3963
f 3942/3942 3940/3940 3943/3943
f 3942/3942 3943/3943 3945/3945
f 3941/3941 3942/3942 3945/3945
f 3941/3941 3945/3945 3944/3944
f 3945/3945 3943/3943 3946/3946
f 3945/3945 3946/3946 3948/3948
f 3944/3944 3945/3945 3948/3948
f 3944/3944 3948/3948 3947/3947
f 3948/3948 3946/3946 3949/3949
f 3948/3948 3949/3949 3951/3951
f 3947/3947 3948/3948 3951/3951
f 3947/3947 3951/3951 3950/3950
f 3951/3951 3949/3949 3952/3952
f 3951/3951 3952/3952 3954/3954
f 3950/3950 3951/3951 3954/3954
f 3950/3950 3954/3954 3953/3953
f 3954/3954 3952/3952 3955/3955
f 3954/3954 3955/3955 3957/3957
f 3953/3953 3954/3954 3957/3957
f 3953/3953 3957/3957 3956/3956
f 3957/3957 3955/3955 3958/3958
f 3957/3957 3958/3958 3960/3960
f 3956/3956 3957/3957 3960/3960
f 3956/3956 3960/3960 3959/3959
f 3959/3959 3960/3960 3963/3963
f 3959/3959 3963/3963 3962/3962
f 3895/3895 3753/3753 3759/3759
f 3895/3895 3759/3759 3901/3901
f 3963/3963 3961/3961 3964/3964
f 3963/3963 3964/3964 3966/3966
f 3962/3962 3963/3963 3966/3966
f 3962/3962 3966/3966 3965/3965
f 3966/3966 3964/3964 3967/3967
f 3966/3966 3967/3967 3969/3969
f 3965/3965 3966/3966 3969/3969
f 3965/3965 3969/3969 3968/3968
f 3969/3969 3967/3967 3970/3970
f 3969/3969 3970/3970 3972/3972
f 3968/3968 3969/3969 3972/3972
f 3968/3968 3972/3972 3971/3971
f 3972/3972 3970/3970 3973/3973
f 3972/3972 3973/3973 3975/3975
f 3971/3971 3972/3972 3975/3975
f 3971/3971 3975/3975 3974/3974
f 3975/3975 3973/3973 3976/3976
f 3975/3975 3976/3976 3978/3978
f 3974/3974 3975/3975 3978/3978
f 3974/3974 3978/3978 3977/3977
f 3978/3978 3976/3976 3980/3980
f 3978/3978 3980/3980 3981/3981
f 3977/3977 3978/3978 3981/3981
f 3977/3977 3981/3981 3979/3979
f 3980/3980 3865/3865 3752/3752
f 3980/3980 3752/3752 3896/3896
f 4038/4038 4039/4039 3983/3983
f 4038/4038 3983/3983 3985/3985
f 3999/3999 3998/3998 4000/4000
f 3999/3999 4000/4000 4001/4001
f 3987/3987 3986/3986 3988/3988
f 3987/3987 3988/3988 3989/3989
f 3989/3989 3988/3988 3990/3990
f 3989/3989 3990/3990 3991/3991
f 3991/3991 3990/3990 3992/3992
f 3991/3991 3992/3992 3993/3993
f 3993/3993 3992/3992 3994/3994
f 3993/3993 3994/3994 3995/3995
f 3995/3995 3994/3994 3996/3996
f 3995/3995 3996/3996 3997/3997
f 3997/3997 3996/3996 3998/3998
f 3997/3997 3998/3998 3999/3999
f 4011/4011 4010/4010 4012/4012
f 4011/4011 4012/4012 4013/4013
f 4001/4001 4000/4000 4002/4002
f 4001/4001 4002/4002 4003/4003
f 4003/4003 4002/4002 4004/4004
f 4003/4003 4004/4004 4005/4005
f 4005/4005 4004/4004 4006/4006
f 4005/4005 4006/4006 4007/4007
f 4007/4007 4006/4006 4008/4008
f 4007/4007 4008/4008 4009/4009
f 4009/4009 4008/4008 4010/4010
f 4009/4009 4010/4010 4011/4011
f 4025/4025 4024/4024 4026/4026
f 4025/4025 4026/4026 4027/4027
f 4013/4013 4012/4012 4014/4014
f 4013/4013 4014/4014 4015/4015
f 4015/4015 4014/4014 4016/4016
f 4015/4015 4016/4016 4017/4017
f 4017/4017 4016/4016 4018/4018
f 4017/4017 4018/4018 4019/4019
f 4019/4019 4018/4018 4020/4020
f 4019/4019 4020/4020 4021/4021
f 4021/4021 4020/4020 4022/4022
f 4021/4021 4022/4022 4023/4023
f 4023/4023 4022/4022 4024/4024
f 4023/4023 4024/4024 4025/4025
f 3987/3987 3760/3760 3754/3754
f 3987/3987 3754/3754 3984/3984
f 4027/4027 4026/4026 4028/4028
f 4027/4027 4028/4028 4029/4029
f 4029/4029 4028/4028 4030/4030
f 4029/4029 4030/4030 4031/4031
f 4031/4031 4030/4030 4032/4032
f 4031/4031 4032/4032 4033/4033
f 4033/4033 4032/4032 4034/4034
f 4033/4033 4034/4034 4035/4035
f 4035/4035 4034/4034 4036/4036
f 4035/4035 4036/4036 4037/4037
f 4037/4037 4036/4036 4039/4039
f 4037/4037 4039/4039 4038/4038
f 3985/3985 3755/3755 3862/3862
f 3985/3985 3862/3862 4038/4038
f 4339/4339 4333/4333 4181/4181
f 4339/4339 4181/4181 4048/4048
f 4181/4181 4179/4179 4177/4177
f 4181/4181 4177/4177 4182/4182
f 4176/4176 4171/4171 4173/4173
f 4176/4176 4173/4173 4178/4178
f 4182/4182 4177/4177 4175/4175
f 4182/4182 4175/4175 4183/4183
f 4301/4301 4302/4302 4343/4343
f 4301/4301 4343/4343 4336/4336
f 4508/4508 4178/4178 4173/4173
f 4508/4508 4173/4173 4502/4502
f 4179/4179 4174/4174 4172/4172
f 4179/4179 4172/4172 4177/4177
f 4171/4171 4166/4166 4168/4168
f 4171/4171 4168/4168 4173/4173
f 4177/4177 4172/4172 4170/4170
f 4177/4177 4170/4170 4175/4175
f 4329/4329 4330/4330 4506/4506
f 4329/4329 4506/4506 4500/4500
f 4502/4502 4173/4173 4168/4168
f 4502/4502 4168/4168 4496/4496
f 4174/4174 4169/4169 4167/4167
f 4174/4174 4167/4167 4172/4172
f 4166/4166 4161/4161 4163/4163
f 4166/4166 4163/4163 4168/4168
f 4172/4172 4167/4167 4165/4165
f 4172/4172 4165/4165 4170/4170
f 4328/4328 4329/4329 4500/4500
f 4328/4328 4500/4500 4494/4494
f 4496/4496 4168/4168 4163/4163
f 4496/4496 4163/4163 4490/4490
f 4169/4169 4164/4164 4162/4162
f 4169/4169 4162/4162 4167/4167
f 4161/4161 4156/4156 4158/4158
f 4161/4161 4158/4158 4163/4163
f 4167/4167 4162/4162 4160/4160
f 4167/4167 4160/4160 4165/4165
f 4327/4327 4328/4328 4494/4494
f 4327/4327 4494/4494 4488/4488
f 4490/4490 4163/4163 4158/4158
f 4490/4490 4158/4158 4484/4484
f 4164/4164 4159/4159 4157/4157
f 4164/4164 4157/4157 4162/4162
f 4156/4156 4150/4150 4153/4153
f 4156/4156 4153/4153 4158/4158
f 4162/4162 4157/4157 4155/4155
f 4162/4162 4155/4155 4160/4160
f 4326/4326 4327/4327 4488/4488
f 4326/4326 4488/4488 4482/4482
f 4484/4484 4158/4158 4153/4153
f 4484/4484 4153/4153 4478/4478
f 4159/4159 4154/4154 4152/4152
f 4159/4159 4152/4152 4157/4157
f 4153/4153 4150/4150 4146/4146
f 4153/4153 4146/4146 4148/4148
f 4157/4157 4152/4152 4151/4151
f 4157/4157 4151/4151 4155/4155
f 3751/3751 3868/3868 3869/3869
f 3751/3751 3869/3869 3758/3758
f 4197/4197 4198/4198 4192/4192
f 4197/4197 4192/4192 4186/4186
f 4154/4154 4149/4149 4147/4147
f 4154/4154 4147/4147 4152/4152
f 4325/4325 4326/4326 4482/4482
f 4325/4325 4482/4482 4476/4476
f 4472/4472 4148/4148 4143/4143
f 4472/4472 4143/4143 4466/4466
f 4149/4149 4144/4144 4142/4142
f 4149/4149 4142/4142 4147/4147
f 4141/4141 4136/4136 4138/4138
f 4141/4141 4138/4138 4143/4143
f 4147/4147 4142/4142 4140/4140
f 4147/4147 4140/4140 4145/4145
f 4323/4323 4324/4324 4470/4470
f 4323/4323 4470/4470 4464/4464
f 4466/4466 4143/4143 4138/4138
f 4466/4466 4138/4138 4460/4460
f 4144/4144 4139/4139 4137/4137
f 4144/4144 4137/4137 4142/4142
f 4136/4136 4131/4131 4133/4133
f 4136/4136 4133/4133 4138/4138
f 4142/4142 4137/4137 4135/4135
f 4142/4142 4135/4135 4140/4140
f 4322/4322 4323/4323 4464/4464
f 4322/4322 4464/4464 4458/4458
f 4460/4460 4138/4138 4133/4133
f 4460/4460 4133/4133 4454/4454
f 4139/4139 4134/4134 4132/4132
f 4139/4139 4132/4132 4137/4137
f 4131/4131 4126/4126 4128/4128
f 4131/4131 4128/4128 4133/4133
f 4137/4137 4132/4132 4130/4130
f 4137/4137 4130/4130 4135/4135
f 4321/4321 4322/4322 4458/4458
f 4321/4321 4458/4458 4452/4452
f 4454/4454 4133/4133 4128/4128
f 4454/4454 4128/4128 4448/4448
f 4134/4134 4129/4129 4127/4127
f 4134/4134 4127/4127 4132/4132
f 4126/4126 4121/4121 4123/4123
f 4126/4126 4123/4123 4128/4128
f 4132/4132 4127/4127 4125/4125
f 4132/4132 4125/4125 4130/4130
f 4320/4320 4321/4321 4452/4452
f 4320/4320 4452/4452 4446/4446
f 4448/4448 4128/4128 4123/4123
f 4448/4448 4123/4123 4442/4442
f 4129/4129 4124/4124 4122/4122
f 4129/4129 4122/4122 4127/4127
f 4121/4121 4115/4115 4118/4118
f 4121/4121 4118/4118 4123/4123
f 4127/4127 4122/4122 4120/4120
f 4127/4127 4120/4120 4125/4125
f 4319/4319 4320/4320 4446/4446
f 4319/4319 4446/4446 4440/4440
f 4442/4442 4123/4123 4118/4118
f 4442/4442 4118/4118 4436/4436
f 4124/4124 4119/4119 4117/4117
f 4124/4124 4117/4117 4122/4122
f 4118/4118 4115/4115 4111/4111
f 4118/4118 4111/4111 4113/4113
f 4122/4122 4117/4117 4116/4116
f 4122/4122 4116/4116 4120/4120
f 4317/4317 4319/4319 4440/4440
f 4317/4317 4440/4440 4432/4432
f 4478/4478 4153/4153 4148/4148
f 4478/4478 4148/4148 4472/4472
f 4145/4145 3837/3837 3841/3841
f 4145/4145 3841/3841 4151/4151
f 4156/4156 4283/4283 4279/4279
f 4156/4156 4279/4279 4150/4150
f 4119/4119 4114/4114 4112/4112
f 4119/4119 4112/4112 4117/4117
f 4324/4324 4325/4325 4476/4476
f 4324/4324 4476/4476 4470/4470
f 4426/4426 4113/4113 4108/4108
f 4426/4426 4108/4108 4420/4420
f 4114/4114 4109/4109 4107/4107
f 4114/4114 4107/4107 4112/4112
f 4106/4106 4101/4101 4103/4103
f 4106/4106 4103/4103 4108/4108
f 4112/4112 4107/4107 4105/4105
f 4112/4112 4105/4105 4110/4110
f 4315/4315 4316/4316 4424/4424
f 4315/4315 4424/4424 4418/4418
f 4420/4420 4108/4108 4103/4103
f 4420/4420 4103/4103 4414/4414
f 4109/4109 4104/4104 4102/4102
f 4109/4109 4102/4102 4107/4107
f 4101/4101 4096/4096 4098/4098
f 4101/4101 4098/4098 4103/4103
f 4107/4107 4102/4102 4100/4100
f 4107/4107 4100/4100 4105/4105
f 4314/4314 4315/4315 4418/4418
f 4314/4314 4418/4418 4412/4412
f 4414/4414 4103/4103 4098/4098
f 4414/4414 4098/4098 4408/4408
f 4104/4104 4099/4099 4097/4097
f 4104/4104 4097/4097 4102/4102
f 4096/4096 4091/4091 4093/4093
f 4096/4096 4093/4093 4098/4098
f 4102/4102 4097/4097 4095/4095
f 4102/4102 4095/4095 4100/4100
f 4313/4313 4314/4314 4412/4412
f 4313/4313 4412/4412 4406/4406
f 4408/4408 4098/4098 4093/4093
f 4408/4408 4093/4093 4402/4402
f 4099/4099 4094/4094 4092/4092
f 4099/4099 4092/4092 4097/4097
f 4091/4091 4085/4085 4088/4088
f 4091/4091 4088/4088 4093/4093
f 4097/4097 4092/4092 4090/4090
f 4097/4097 4090/4090 4095/4095
f 4312/4312 4313/4313 4406/4406
f 4312/4312 4406/4406 4400/4400
f 4402/4402 4093/4093 4088/4088
f 4402/4402 4088/4088 4396/4396
f 4094/4094 4089/4089 4087/4087
f 4094/4094 4087/4087 4092/4092
f 4088/4088 4085/4085 4081/4081
f 4088/4088 4081/4081 4083/4083
f 4092/4092 4087/4087 4086/4086
f 4092/4092 4086/4086 4090/4090
f 4311/4311 4312/4312 4400/4400
f 4311/4311 4400/4400 4394/4394
f 4436/4436 4118/4118 4113/4113
f 4436/4436 4113/4113 4426/4426
f 4110/4110 3809/3809 3813/3813
f 4110/4110 3813/3813 4116/4116
f 4254/4254 4250/4250 4115/4115
f 4254/4254 4115/4115 4121/4121
f 4089/4089 4084/4084 4082/4082
f 4089/4089 4082/4082 4087/4087
f 4316/4316 4318/4318 4433/4433
f 4316/4316 4433/4433 4424/4424
f 4390/4390 4083/4083 4078/4078
f 4390/4390 4078/4078 4384/4384
f 4084/4084 4079/4079 4077/4077
f 4084/4084 4077/4077 4082/4082
f 4076/4076 4071/4071 4073/4073
f 4076/4076 4073/4073 4078/4078
f 4082/4082 4077/4077 4075/4075
f 4082/4082 4075/4075 4080/4080
f 4309/4309 4310/4310 4388/4388
f 4309/4309 4388/4388 4382/4382
f 4384/4384 4078/4078 4073/4073
f 4384/4384 4073/4073 4378/4378
f 4079/4079 4074/4074 4072/4072
f 4079/4079 4072/4072 4077/4077
f 4071/4071 4066/4066 4068/4068
f 4071/4071 4068/4068 4073/4073
f 4077/4077 4072/4072 4070/4070
f 4077/4077 4070/4070 4075/4075
f 4308/4308 4309/4309 4382/4382
f 4308/4308 4382/4382 4376/4376
f 4378/4378 4073/4073 4068/4068
f 4378/4378 4068/4068 4372/4372
f 4074/4074 4069/4069 4067/4067
f 4074/4074 4067/4067 4072/4072
f 4066/4066 4061/4061 4063/4063
f 4066/4066 4063/4063 4068/4068
f 4072/4072 4067/4067 4065/4065
f 4072/4072 4065/4065 4070/4070
f 4307/4307 4308/4308 4376/4376
f 4307/4307 4376/4376 4370/4370
f 4372/4372 4068/4068 4063/4063
f 4372/4372 4063/4063 4366/4366
f 4069/4069 4064/4064 4062/4062
f 4069/4069 4062/4062 4067/4067
f 4061/4061 4056/4056 4058/4058
f 4061/4061 4058/4058 4063/4063
f 4067/4067 4062/4062 4060/4060
f 4067/4067 4060/4060 4065/4065
f 4306/4306 4307/4307 4370/4370
f 4306/4306 4370/4370 4364/4364
f 4366/4366 4063/4063 4058/4058
f 4366/4366 4058/4058 4360/4360
f 4064/4064 4059/4059 4057/4057
f 4064/4064 4057/4057 4062/4062
f 4056/4056 4050/4050 4053/4053
f 4056/4056 4053/4053 4058/4058
f 4062/4062 4057/4057 4055/4055
f 4062/4062 4055/4055 4060/4060
f 4305/4305 4306/4306 4364/4364
f 4305/4305 4364/4364 4358/4358
f 4360/4360 4058/4058 4053/4053
f 4360/4360 4053/4053 4354/4354
f 4059/4059 4054/4054 4052/4052
f 4059/4059 4052/4052 4057/4057
f 4053/4053 4050/4050 4042/4042
f 4053/4053 4042/4042 4046/4046
f 4057/4057 4052/4052 4051/4051
f 4057/4057 4051/4051 4055/4055
f 4304/4304 4305/4305 4358/4358
f 4304/4304 4358/4358 4352/4352
f 4396/4396 4088/4088 4083/4083
f 4396/4396 4083/4083 4390/4390
f 4080/4080 3785/3785 3789/3789
f 4080/4080 3789/3789 4086/4086
f 4091/4091 4230/4230 4226/4226
f 4091/4091 4226/4226 4085/4085
f 4054/4054 4049/4049 4045/4045
f 4054/4054 4045/4045 4052/4052
f 4310/4310 4311/4311 4394/4394
f 4310/4310 4394/4394 4388/4388
f 4505/4505 4331/4331 4301/4301
f 4505/4505 4301/4301 4330/4330
f 4048/4048 4181/4181 4182/4182
f 4048/4048 4182/4182 4044/4044
f 4044/4044 4182/4182 4183/4183
f 4044/4044 4183/4183 4040/4040
f 4185/4185 4191/4191 4195/4195
f 4185/4185 4195/4195 4196/4196
f 4225/4225 4228/4228 4224/4224
f 4225/4225 4224/4224 4221/4221
f 4201/4201 4204/4204 4198/4198
f 4201/4201 4198/4198 4197/4197
f 4205/4205 4206/4206 4204/4204
f 4205/4205 4204/4204 4201/4201
f 4209/4209 4212/4212 4206/4206
f 4209/4209 4206/4206 4205/4205
f 4213/4213 4214/4214 4212/4212
f 4213/4213 4212/4212 4209/4209
f 4217/4217 4220/4220 4214/4214
f 4217/4217 4214/4214 4213/4213
f 4221/4221 4224/4224 4220/4220
f 4221/4221 4220/4220 4217/4217
f 4249/4249 4252/4252 4248/4248
f 4249/4249 4248/4248 4247/4247
f 4229/4229 4232/4232 4228/4228
f 4229/4229 4228/4228 4225/4225
f 4233/4233 4236/4236 4232/4232
f 4233/4233 4232/4232 4229/4229
f 4237/4237 4240/4240 4236/4236
f 4237/4237 4236/4236 4233/4233
f 4241/4241 4244/4244 4240/4240
f 4241/4241 4240/4240 4237/4237
f 4247/4247 4248/4248 4244/4244
f 4247/4247 4244/4244 4241/4241
f 4277/4277 4278/4278 4276/4276
f 4277/4277 4276/4276 4275/4275
f 4253/4253 4256/4256 4252/4252
f 4253/4253 4252/4252 4249/4249
f 4257/4257 4258/4258 4256/4256
f 4257/4257 4256/4256 4253/4253
f 4261/4261 4264/4264 4258/4258
f 4261/4261 4258/4258 4257/4257
f 4265/4265 4268/4268 4264/4264
f 4265/4265 4264/4264 4261/4261
f 4269/4269 4270/4270 4268/4268
f 4269/4269 4268/4268 4265/4265
f 4275/4275 4276/4276 4270/4270
f 4275/4275 4270/4270 4269/4269
f 3723/3723 4192/4192 4198/4198
f 3723/3723 4198/4198 3724/3724
f 4281/4281 4282/4282 4278/4278
f 4281/4281 4278/4278 4277/4277
f 4285/4285 4288/4288 4282/4282
f 4285/4285 4282/4282 4281/4281
f 4289/4289 4290/4290 4288/4288
f 4289/4289 4288/4288 4285/4285
f 4293/4293 4296/4296 4290/4290
f 4293/4293 4290/4290 4289/4289
f 4297/4297 4300/4300 4296/4296
f 4297/4297 4296/4296 4293/4293
f 4196/4196 4195/4195 4300/4300
f 4196/4196 4300/4300 4297/4297
f 4509/4509 3605/3605 3609/3609
f 4509/4509 3609/3609 4510/4510
f 4194/4194 4189/4189 3615/3615
f 4194/4194 3615/3615 3608/3608
f 4330/4330 4301/4301 4336/4336
f 4330/4330 4336/4336 4506/4506
f 4354/4354 4053/4053 4046/4046
f 4354/4354 4046/4046 4347/4347
f 4348/4348 4047/4047 4180/4180
f 4348/4348 4180/4180 4335/4335
f 4504/4504 4498/4498 4174/4174
f 4504/4504 4174/4174 4179/4179
f 4498/4498 4492/4492 4169/4169
f 4498/4498 4169/4169 4174/4174
f 4492/4492 4486/4486 4164/4164
f 4492/4492 4164/4164 4169/4169
f 4486/4486 4480/4480 4159/4159
f 4486/4486 4159/4159 4164/4164
f 4480/4480 4474/4474 4154/4154
f 4480/4480 4154/4154 4159/4159
f 4474/4474 4468/4468 4149/4149
f 4474/4474 4149/4149 4154/4154
f 4468/4468 4462/4462 4144/4144
f 4468/4468 4144/4144 4149/4149
f 4462/4462 4456/4456 4139/4139
f 4462/4462 4139/4139 4144/4144
f 4456/4456 4450/4450 4134/4134
f 4456/4456 4134/4134 4139/4139
f 4450/4450 4444/4444 4129/4129
f 4450/4450 4129/4129 4134/4134
f 4444/4444 4438/4438 4124/4124
f 4444/4444 4124/4124 4129/4129
f 4438/4438 4429/4429 4119/4119
f 4438/4438 4119/4119 4124/4124
f 4429/4429 4422/4422 4114/4114
f 4429/4429 4114/4114 4119/4119
f 4422/4422 4416/4416 4109/4109
f 4422/4422 4109/4109 4114/4114
f 4416/4416 4410/4410 4104/4104
f 4416/4416 4104/4104 4109/4109
f 4410/4410 4404/4404 4099/4099
f 4410/4410 4099/4099 4104/4104
f 4404/4404 4398/4398 4094/4094
f 4404/4404 4094/4094 4099/4099
f 4398/4398 4392/4392 4089/4089
f 4398/4398 4089/4089 4094/4094
f 4392/4392 4386/4386 4084/4084
f 4392/4392 4084/4084 4089/4089
f 4386/4386 4380/4380 4079/4079
f 4386/4386 4079/4079 4084/4084
f 4380/4380 4374/4374 4074/4074
f 4380/4380 4074/4074 4079/4079
f 4374/4374 4368/4368 4069/4069
f 4374/4374 4069/4069 4074/4074
f 4368/4368 4362/4362 4064/4064
f 4368/4368 4064/4064 4069/4069
f 4362/4362 4356/4356 4059/4059
f 4362/4362 4059/4059 4064/4064
f 4356/4356 4350/4350 4054/4054
f 4356/4356 4054/4054 4059/4059
f 4350/4350 4340/4340 4049/4049
f 4350/4350 4049/4049 4054/4054
f 4333/4333 4504/4504 4179/4179
f 4333/4333 4179/4179 4181/4181
f 4303/4303 4304/4304 4352/4352
f 4303/4303 4352/4352 4344/4344
f 4332/4332 4337/4337 4341/4341
f 4332/4332 4341/4341 4331/4331
f 4336/4336 4343/4343 4345/4345
f 4336/4336 4345/4345 4334/4334
f 4338/4338 4349/4349 4351/4351
f 4338/4338 4351/4351 4342/4342
f 4344/4344 4352/4352 4353/4353
f 4344/4344 4353/4353 4346/4346
f 4349/4349 4355/4355 4357/4357
f 4349/4349 4357/4357 4351/4351
f 4352/4352 4358/4358 4359/4359
f 4352/4352 4359/4359 4353/4353
f 4355/4355 4361/4361 4363/4363
f 4355/4355 4363/4363 4357/4357
f 4358/4358 4364/4364 4365/4365
f 4358/4358 4365/4365 4359/4359
f 4361/4361 4367/4367 4369/4369
f 4361/4361 4369/4369 4363/4363
f 4364/4364 4370/4370 4371/4371
f 4364/4364 4371/4371 4365/4365
f 4367/4367 4373/4373 4375/4375
f 4367/4367 4375/4375 4369/4369
f 4370/4370 4376/4376 4377/4377
f 4370/4370 4377/4377 4371/4371
f 4373/4373 4379/4379 4381/4381
f 4373/4373 4381/4381 4375/4375
f 4376/4376 4382/4382 4383/4383
f 4376/4376 4383/4383 4377/4377
f 4379/4379 4385/4385 4387/4387
f 4379/4379 4387/4387 4381/4381
f 4382/4382 4388/4388 4389/4389
f 4382/4382 4389/4389 4383/4383
f 4385/4385 4391/4391 4393/4393
f 4385/4385 4393/4393 4387/4387
f 4388/4388 4394/4394 4395/4395
f 4388/4388 4395/4395 4389/4389
f 4391/4391 4397/4397 4399/4399
f 4391/4391 4399/4399 4393/4393
f 4394/4394 4400/4400 4401/4401
f 4394/4394 4401/4401 4395/4395
f 4397/4397 4403/4403 4405/4405
f 4397/4397 4405/4405 4399/4399
f 4400/4400 4406/4406 4407/4407
f 4400/4400 4407/4407 4401/4401
f 4403/4403 4409/4409 4411/4411
f 4403/4403 4411/4411 4405/4405
f 4406/4406 4412/4412 4413/4413
f 4406/4406 4413/4413 4407/4407
f 4409/4409 4415/4415 4417/4417
f 4409/4409 4417/4417 4411/4411
f 4412/4412 4418/4418 4419/4419
f 4412/4412 4419/4419 4413/4413
f 4415/4415 4421/4421 4423/4423
f 4415/4415 4423/4423 4417/4417
f 4418/4418 4424/4424 4425/4425
f 4418/4418 4425/4425 4419/4419
f 4421/4421 4428/4428 4431/4431
f 4421/4421 4431/4431 4423/4423
f 4424/4424 4433/4433 4435/4435
f 4424/4424 4435/4435 4425/4425
f 4427/4427 4437/4437 4439/4439
f 4427/4427 4439/4439 4430/4430
f 4432/4432 4440/4440 4441/4441
f 4432/4432 4441/4441 4434/4434
f 4437/4437 4443/4443 4445/4445
f 4437/4437 4445/4445 4439/4439
f 4440/4440 4446/4446 4447/4447
f 4440/4440 4447/4447 4441/4441
f 4443/4443 4449/4449 4451/4451
f 4443/4443 4451/4451 4445/4445
f 4446/4446 4452/4452 4453/4453
f 4446/4446 4453/4453 4447/4447
f 4449/4449 4455/4455 4457/4457
f 4449/4449 4457/4457 4451/4451
f 4452/4452 4458/4458 4459/4459
f 4452/4452 4459/4459 4453/4453
f 4455/4455 4461/4461 4463/4463
f 4455/4455 4463/4463 4457/4457
f 4458/4458 4464/4464 4465/4465
f 4458/4458 4465/4465 4459/4459
f 4461/4461 4467/4467 4469/4469
f 4461/4461 4469/4469 4463/4463
f 4464/4464 4470/4470 4471/4471
f 4464/4464 4471/4471 4465/4465
f 4467/4467 4473/4473 4475/4475
f 4467/4467 4475/4475 4469/4469
f 4470/4470 4476/4476 4477/4477
f 4470/4470 4477/4477 4471/4471
f 4473/4473 4479/4479 4481/4481
f 4473/4473 4481/4481 4475/4475
f 4476/4476 4482/4482 4483/4483
f 4476/4476 4483/4483 4477/4477
f 4479/4479 4485/4485 4487/4487
f 4479/4479 4487/4487 4481/4481
f 4482/4482 4488/4488 4489/4489
f 4482/4482 4489/4489 4483/4483
f 4485/4485 4491/4491 4493/4493
f 4485/4485 4493/4493 4487/4487
f 4488/4488 4494/4494 4495/4495
f 4488/4488 4495/4495 4489/4489
f 4491/4491 4497/4497 4499/4499
f 4491/4491 4499/4499 4493/4493
f 4494/4494 4500/4500 4501/4501
f 4494/4494 4501/4501 4495/4495
f 4497/4497 4503/4503 4505/4505
f 4497/4497 4505/4505 4499/4499
f 4500/4500 4506/4506 4507/4507
f 4500/4500 4507/4507 4501/4501
f 4503/4503 4332/4332 4331/4331
f 4503/4503 4331/4331 4505/4505
f 4506/4506 4336/4336 4334/4334
f 4506/4506 4334/4334 4507/4507
f 4331/4331 4341/4341 4302/4302
f 4331/4331 4302/4302 4301/4301
f 4196/4196 4509/4509 4510/4510
f 4196/4196 4510/4510 4185/4185
f 4275/4275 4532/4532 4533/4533
f 4275/4275 4533/4533 4277/4277
f 4247/4247 4525/4525 4526/4526
f 4247/4247 4526/4526 4249/4249
f 4186/4186 4511/4511 4513/4513
f 4186/4186 4513/4513 4197/4197
f 4297/4297 4512/4512 4509/4509
f 4297/4297 4509/4509 4196/4196
f 4293/4293 4537/4537 4512/4512
f 4293/4293 4512/4512 4297/4297
f 4289/4289 4536/4536 4537/4537
f 4289/4289 4537/4537 4293/4293
f 4285/4285 4535/4535 4536/4536
f 4285/4285 4536/4536 4289/4289
f 4281/4281 4534/4534 4535/4535
f 4281/4281 4535/4535 4285/4285
f 4277/4277 4533/4533 4534/4534
f 4277/4277 4534/4534 4281/4281
f 4269/4269 4531/4531 4532/4532
f 4269/4269 4532/4532 4275/4275
f 4265/4265 4530/4530 4531/4531
f 4265/4265 4531/4531 4269/4269
f 4261/4261 4529/4529 4530/4530
f 4261/4261 4530/4530 4265/4265
f 4257/4257 4528/4528 4529/4529
f 4257/4257 4529/4529 4261/4261
f 4253/4253 4527/4527 4528/4528
f 4253/4253 4528/4528 4257/4257
f 4249/4249 4526/4526 4527/4527
f 4249/4249 4527/4527 4253/4253
f 4241/4241 4524/4524 4525/4525
f 4241/4241 4525/4525 4247/4247
f 4237/4237 4523/4523 4524/4524
f 4237/4237 4524/4524 4241/4241
f 4233/4233 4522/4522 4523/4523
f 4233/4233 4523/4523 4237/4237
f 4229/4229 4521/4521 4522/4522
f 4229/4229 4522/4522 4233/4233
f 4225/4225 4520/4520 4521/4521
f 4225/4225 4521/4521 4229/4229
f 4217/4217 4518/4518 4519/4519
f 4217/4217 4519/4519 4221/4221
f 4213/4213 4517/4517 4518/4518
f 4213/4213 4518/4518 4217/4217
f 4209/4209 4516/4516 4517/4517
f 4209/4209 4517/4517 4213/4213
f 4205/4205 4515/4515 4516/4516
f 4205/4205 4516/4516 4209/4209
f 4201/4201 4514/4514 4515/4515
f 4201/4201 4515/4515 4205/4205
f 4197/4197 4513/4513 4514/4514
f 4197/4197 4514/4514 4201/4201
f 4221/4221 4519/4519 4520/4520
f 4221/4221 4520/4520 4225/4225
f 4180/4180 4184/4184 4176/4176
f 4180/4180 4176/4176 4178/4178
f 2567/2567 2584/2584 2583/2583
f 2567/2567 2583/2583 2566/2566
f 261/261 4559/4559 4561/4561
f 261/261 4561/4561 260/260
f 259/259 4558/4558 4560/4560
f 259/259 4560/4560 262/262
f 289/289 4555/4555 4557/4557
f 289/289 4557/4557 288/288
f 287/287 4554/4554 4556/4556
f 287/287 4556/4556 290/290
f 220/220 4552/4552 4553/4553
f 220/220 4553/4553 218/218
f 217/217 4550/4550 4551/4551
f 217/217 4551/4551 219/219
f 201/201 4547/4547 4549/4549
f 201/201 4549/4549 200/200
f 199/199 4546/4546 4548/4548
f 199/199 4548/4548 202/202
f 183/183 4545/4545 4554/4554
f 183/183 4554/4554 287/287
f 177/177 4542/4542 4558/4558
f 177/177 4558/4558 259/259
f 168/168 4543/4543 4550/4550
f 168/168 4550/4550 217/217
f 269/269 260/260 4561/4561
f 269/269 4561/4561 4557/4557
f 162/162 4544/4544 4549/4549
f 162/162 4549/4549 189/189
f 199/199 218/218 4553/4553
f 199/199 4553/4553 4546/4546
f 154/154 4540/4540 4543/4543
f 154/154 4543/4543 168/168
f 158/158 4538/4538 4545/4545
f 158/158 4545/4545 183/183
f 159/159 157/157 4540/4540
f 159/159 4540/4540 4539/4539
f 155/155 4541/4541 4544/4544
f 155/155 4544/4544 162/162
f 158/158 156/156 4541/4541
f 158/158 4541/4541 4538/4538
f 159/159 4539/4539 4542/4542
f 159/159 4542/4542 177/177
f 362/362 376/376 4578/4578
f 362/362 4578/4578 4577/4577
f 396/396 397/397 4582/4582
f 396/396 4582/4582 4581/4581
f 376/376 377/377 4580/4580
f 376/376 4580/4580 4578/4578
f 378/378 88/88 4566/4566
f 378/378 4566/4566 4579/4579
f 368/368 396/396 4581/4581
f 368/368 4581/4581 4576/4576
f 360/360 4574/4574 4575/4575
f 360/360 4575/4575 359/359
f 358/358 362/362 4577/4577
f 358/358 4577/4577 4575/4575
f 404/404 4583/4583 4567/4567
f 404/404 4567/4567 95/95
f 360/360 368/368 4576/4576
f 360/360 4576/4576 4574/4574
f 102/102 4565/4565 4568/4568
f 102/102 4568/4568 116/116
f 136/136 4571/4571 4573/4573
f 136/136 4573/4573 138/138
f 116/116 4568/4568 4570/4570
f 116/116 4570/4570 118/118
f 117/117 4569/4569 4566/4566
f 117/117 4566/4566 88/88
f 108/108 4564/4564 4571/4571
f 108/108 4571/4571 136/136
f 100/100 99/99 4563/4563
f 100/100 4563/4563 4562/4562
f 143/143 95/95 4567/4567
f 143/143 4567/4567 4572/4572
f 82/82 4563/4563 4565/4565
f 82/82 4565/4565 102/102
f 100/100 4562/4562 4564/4564
f 100/100 4564/4564 108/108
f 522/522 520/520 4607/4607
f 522/522 4607/4607 4606/4606
f 519/519 521/521 4605/4605
f 519/519 4605/4605 4604/4604
f 550/550 548/548 4603/4603
f 550/550 4603/4603 4602/4602
f 547/547 549/549 4601/4601
f 547/547 4601/4601 4600/4600
f 480/480 478/478 4599/4599
f 480/480 4599/4599 4598/4598
f 477/477 479/479 4597/4597
f 477/477 4597/4597 4596/4596
f 462/462 460/460 4595/4595
f 462/462 4595/4595 4594/4594
f 459/459 461/461 4593/4593
f 459/459 4593/4593 4592/4592
f 443/443 547/547 4600/4600
f 443/443 4600/4600 4591/4591
f 437/437 519/519 4604/4604
f 437/437 4604/4604 4588/4588
f 428/428 477/477 4596/4596
f 428/428 4596/4596 4589/4589
f 529/529 4603/4603 4607/4607
f 529/529 4607/4607 520/520
f 422/422 449/449 4595/4595
f 422/422 4595/4595 4590/4590
f 459/459 4592/4592 4599/4599
f 459/459 4599/4599 478/478
f 414/414 428/428 4589/4589
f 414/414 4589/4589 4586/4586
f 418/418 443/443 4591/4591
f 418/418 4591/4591 4584/4584
f 419/419 4585/4585 4586/4586
f 419/419 4586/4586 417/417
f 415/415 422/422 4590/4590
f 415/415 4590/4590 4587/4587
f 418/418 4584/4584 4587/4587
f 418/418 4587/4587 416/416
f 419/419 437/437 4588/4588
f 419/419 4588/4588 4585/4585
f 330/330 332/332 4626/4626
f 330/330 4626/4626 4624/4624
f 340/340 341/341 4628/4628
f 340/340 4628/4628 4627/4627
f 26/26 4613/4613 4629/4629
f 26/26 4629/4629 342/342
f 312/312 340/340 4627/4627
f 312/312 4627/4627 4622/4622
f 309/309 330/330 4624/4624
f 309/309 4624/4624 4623/4623
f 301/301 4621/4621 4622/4622
f 301/301 4622/4622 305/305
f 303/303 309/309 4623/4623
f 303/303 4623/4623 4620/4620
f 302/302 4621/4621 4620/4620
f 302/302 4620/4620 304/304
f 331/331 14/14 4612/4612
f 331/331 4612/4612 4625/4625
f 54/54 4614/4614 4616/4616
f 54/54 4616/4616 56/56
f 64/64 4617/4617 4618/4618
f 64/64 4618/4618 65/65
f 26/26 66/66 4619/4619
f 26/26 4619/4619 4613/4613
f 36/36 4610/4610 4617/4617
f 36/36 4617/4617 64/64
f 33/33 4611/4611 4614/4614
f 33/33 4614/4614 54/54
f 9/9 29/29 4610/4610
f 9/9 4610/4610 4609/4609
f 11/11 4608/4608 4611/4611
f 11/11 4611/4611 33/33
f 10/10 12/12 4608/4608
f 10/10 4608/4608 4609/4609
f 55/55 4615/4615 4612/4612
f 55/55 4612/4612 14/14
f 4636/4636 4630/4630 4632/4632
f 4636/4636 4632/4632 4634/4634
f 4638/4638 4635/4635 4633/4633
f 4638/4638 4633/4633 4637/4637
f 4641/4641 4639/4639 4637/4637
f 4641/4641 4637/4637 4640/4640
f 4644/4644 4641/4641 4640/4640
f 4644/4644 4640/4640 4642/4642
f 4647/4647 4644/4644 4643/4643
f 4647/4647 4643/4643 4646/4646
f 4649/4649 4647/4647 4645/4645
f 4649/4649 4645/4645 4648/4648
f 4653/4653 4649/4649 4648/4648
f 4653/4653 4648/4648 4650/4650
f 4656/4656 4652/4652 4651/4651
f 4656/4656 4651/4651 4654/4654
f 4660/4660 4657/4657 4655/4655
f 4660/4660 4655/4655 4659/4659
f 4662/4662 4660/4660 4658/4658
f 4662/4662 4658/4658 4661/4661
f 4665/4665 4662/4662 4661/4661
f 4665/4665 4661/4661 4663/4663
f 4667/4667 4665/4665 4664/4664
f 4667/4667 4664/4664 4666/4666
f 4672/4672 4668/4668 4666/4666
f 4672/4672 4666/4666 4670/4670
f 4674/4674 4671/4671 4669/4669
f 4674/4674 4669/4669 4673/4673
f 4678/4678 4675/4675 4673/4673
f 4678/4678 4673/4673 4676/4676
f 4630/4630 4678/4678 4677/4677
f 4630/4630 4677/4677 4631/4631
f 4684/4684 4680/4680 4681/4681
f 4684/4684 4681/4681 4682/4682
f 4686/4686 4683/4683 4682/4682
f 4686/4686 4682/4682 4685/4685
f 4690/4690 4687/4687 4685/4685
f 4690/4690 4685/4685 4689/4689
f 4693/4693 4690/4690 4688/4688
f 4693/4693 4688/4688 4691/4691
f 4695/4695 4692/4692 4691/4691
f 4695/4695 4691/4691 4694/4694
f 4698/4698 4695/4695 4694/4694
f 4698/4698 4694/4694 4696/4696
f 4701/4701 4697/4697 4696/4696
f 4701/4701 4696/4696 4699/4699
f 4704/4704 4700/4700 4699/4699
f 4704/4704 4699/4699 4702/4702
f 4708/4708 4705/4705 4703/4703
f 4708/4708 4703/4703 4706/4706
f 4711/4711 4707/4707 4706/4706
f 4711/4711 4706/4706 4709/4709
f 4714/4714 4710/4710 4709/4709
f 4714/4714 4709/4709 4712/4712
f 4717/4717 4714/4714 4713/4713
f 4717/4717 4713/4713 4716/4716
f 4721/4721 4717/4717 4715/4715
f 4721/4721 4715/4715 4719/4719
f 4724/4724 4720/4720 4718/4718
f 4724/4724 4718/4718 4723/4723
f 4727/4727 4725/4725 4722/4722
f 4727/4727 4722/4722 4726/4726
f 4679/4679 4728/4728 4726/4726
f 4679/4679 4726/4726 4681/4681
f 4733/4733 4729/4729 4730/4730
f 4733/4733 4730/4730 4731/4731
f 4736/4736 4732/4732 4731/4731
f 4736/4736 4731/4731 4734/4734
f 4739/4739 4736/4736 4735/4735
f 4739/4739 4735/4735 4737/4737
f 4742/4742 4738/4738 4737/4737
f 4742/4742 4737/4737 4740/4740
f 4746/4746 4741/4741 4740/4740
f 4746/4746 4740/4740 4744/4744
f 4748/4748 4745/4745 4743/4743
f 4748/4748 4743/4743 4747/4747
f 4750/4750 4748/4748 4747/4747
f 4750/4750 4747/4747 4749/4749
f 4754/4754 4751/4751 4749/4749
f 4754/4754 4749/4749 4752/4752
f 4757/4757 4755/4755 4753/4753
f 4757/4757 4753/4753 4756/4756
f 4759/4759 4757/4757 4756/4756
f 4759/4759 4756/4756 4758/4758
f 4761/4761 4759/4759 4758/4758
f 4761/4761 4758/4758 4760/4760
f 4764/4764 4761/4761 4760/4760
f 4764/4764 4760/4760 4762/4762
f 4767/4767 4764/4764 4763/4763
f 4767/4767 4763/4763 4766/4766
f 4770/4770 4767/4767 4765/4765
f 4770/4770 4765/4765 4768/4768
f 4772/4772 4770/4770 4769/4769
f 4772/4772 4769/4769 4771/4771
f 4729/4729 4773/4773 4771/4771
f 4729/4729 4771/4771 4730/4730
f 4779/4779 4774/4774 4776/4776
f 4779/4779 4776/4776 4778/4778
f 4783/4783 4780/4780 4777/4777
f 4783/4783 4777/4777 4781/4781
f 4786/4786 4783/4783 4782/4782
f 4786/4786 4782/4782 4784/4784
f 4789/4789 4785/4785 4784/4784
f 4789/4789 4784/4784 4787/4787
f 4791/4791 4788/4788 4787/4787
f 4791/4791 4787/4787 4790/4790
f 4794/4794 4791/4791 4790/4790
f 4794/4794 4790/4790 4793/4793
f 4798/4798 4795/4795 4792/4792
f 4798/4798 4792/4792 4797/4797
f 4801/4801 4798/4798 4796/4796
f 4801/4801 4796/4796 4799/4799
f 4806/4806 4802/4802 4800/4800
f 4806/4806 4800/4800 4804/4804
f 4808/4808 4805/4805 4803/4803
f 4808/4808 4803/4803 4807/4807
f 4811/4811 4809/4809 4807/4807
f 4811/4811 4807/4807 4810/4810
f 4815/4815 4812/4812 4810/4810
f 4815/4815 4810/4810 4813/4813
f 4817/4817 4815/4815 4814/4814
f 4817/4817 4814/4814 4816/4816
f 4820/4820 4817/4817 4816/4816
f 4820/4820 4816/4816 4818/4818
f 4823/4823 4820/4820 4819/4819
f 4823/4823 4819/4819 4821/4821
f 4774/4774 4823/4823 4822/4822
f 4774/4774 4822/4822 4775/4775
f 4831/4831 4824/4824 4826/4826
f 4831/4831 4826/4826 4828/4828
f 4834/4834 4830/4830 4829/4829
f 4834/4834 4829/4829 4833/4833
f 4838/4838 4835/4835 4832/4832
f 4838/4838 4832/4832 4836/4836
f 4842/4842 4837/4837 4836/4836
f 4842/4842 4836/4836 4839/4839
f 4846/4846 4841/4841 4840/4840
f 4846/4846 4840/4840 4844/4844
f 4848/4848 4845/4845 4843/4843
f 4848/4848 4843/4843 4847/4847
f 4852/4852 4848/4848 4847/4847
f 4852/4852 4847/4847 4850/4850
f 4855/4855 4851/4851 4849/4849
f 4855/4855 4849/4849 4853/4853
f 4860/4860 4856/4856 4854/4854
f 4860/4860 4854/4854 4858/4858
f 4863/4863 4859/4859 4857/4857
f 4863/4863 4857/4857 4861/4861
f 4867/4867 4864/4864 4862/4862
f 4867/4867 4862/4862 4865/4865
f 4870/4870 4866/4866 4865/4865
f 4870/4870 4865/4865 4868/4868
f 4873/4873 4870/4870 4869/4869
f 4873/4873 4869/4869 4871/4871
f 4875/4875 4873/4873 4872/4872
f 4875/4875 4872/4872 4874/4874
f 4877/4877 4875/4875 4874/4874
f 4877/4877 4874/4874 4876/4876
f 4825/4825 4877/4877 4876/4876
f 4825/4825 4876/4876 4827/4827
f 4634/4634 4632/4632 2311/2311
f 4634/4634 2311/2311 2312/2312
f 4883/4883 4878/4878 4879/4879
f 4883/4883 4879/4879 4882/4882
f 4887/4887 4884/4884 4881/4881
f 4887/4887 4881/4881 4885/4885
f 4890/4890 4887/4887 4886/4886
f 4890/4890 4886/4886 4889/4889
f 4894/4894 4891/4891 4888/4888
f 4894/4894 4888/4888 4892/4892
f 4898/4898 4895/4895 4893/4893
f 4898/4898 4893/4893 4897/4897
f 4901/4901 4898/4898 4896/4896
f 4901/4901 4896/4896 4899/4899
f 4903/4903 4901/4901 4900/4900
f 4903/4903 4900/4900 4902/4902
f 4906/4906 4903/4903 4902/4902
f 4906/4906 4902/4902 4904/4904
f 4910/4910 4907/4907 4905/4905
f 4910/4910 4905/4905 4908/4908
f 4912/4912 4910/4910 4909/4909
f 4912/4912 4909/4909 4911/4911
f 4916/4916 4913/4913 4911/4911
f 4916/4916 4911/4911 4915/4915
f 4919/4919 4916/4916 4914/4914
f 4919/4919 4914/4914 4918/4918
f 4923/4923 4920/4920 4917/4917
f 4923/4923 4917/4917 4921/4921
f 4926/4926 4923/4923 4922/4922
f 4926/4926 4922/4922 4924/4924
f 4929/4929 4925/4925 4924/4924
f 4929/4929 4924/4924 4927/4927
f 4878/4878 4928/4928 4927/4927
f 4878/4878 4927/4927 4880/4880
f 4882/4882 4879/4879 2310/2310
f 4882/4882 2310/2310 2379/2379
