# CC0 albedo mesh for MuJoCo kit_cam rooms
v -0.253208 -0.176497 0.587347
v -0.253294 -0.141661 0.676593
v -0.266995 -0.166609 0.656359
v -0.252915 -0.139845 0.665574
v -0.250909 -0.144709 0.636301
v -0.255350 -0.175502 0.592972
v -0.256380 -0.157531 0.676593
v -0.247169 -0.139118 0.628188
v -0.260964 -0.161884 0.636301
v -0.255481 -0.167959 0.621838
v -0.258344 -0.149367 0.676593
v -0.256965 -0.154094 0.624378
v -0.260684 -0.154283 0.636301
v -0.266080 -0.153445 0.656359
v -0.253682 -0.175038 0.601628
v -0.259268 -0.170987 0.609542
v -0.243441 -0.167220 0.587347
v -0.245582 -0.166225 0.592972
v -0.245582 -0.166225 0.592972
v -0.245714 -0.158682 0.621838
v -0.246060 -0.146015 0.622949
v -0.243915 -0.165761 0.601628
v -0.247573 -0.159879 0.609542
v -0.253874 -0.174914 0.622413
v -0.263326 -0.179583 0.656359
v -0.260239 -0.177573 0.633363
v -0.256385 -0.171367 0.676593
v -0.247531 -0.182473 0.587347
v -0.213052 -0.184029 0.676593
v -0.238366 -0.196751 0.656359
v -0.210913 -0.184065 0.665574
v -0.215667 -0.181812 0.636301
v -0.252181 -0.181205 0.592786
v -0.246649 -0.184663 0.592972
v -0.228754 -0.186617 0.676593
v -0.252103 -0.181131 0.676593
v -0.209892 -0.178365 0.628188
v -0.233337 -0.190971 0.636301
v -0.239122 -0.185183 0.621838
v -0.260408 -0.189019 0.656359
v -0.258286 -0.187004 0.636301
v -0.252377 -0.181392 0.622949
v -0.250555 -0.179661 0.585088
v -0.220702 -0.188997 0.676593
v -0.225351 -0.187378 0.624378
v -0.225732 -0.191082 0.636301
v -0.225172 -0.196513 0.656359
v -0.246099 -0.183022 0.601628
v -0.242341 -0.188808 0.609542
v -0.237764 -0.173196 0.587347
v -0.236881 -0.175386 0.592972
v -0.236881 -0.175386 0.592972
v -0.229355 -0.175906 0.621838
v -0.240788 -0.170384 0.585088
v -0.240788 -0.170384 0.585088
v -0.216722 -0.176903 0.622949
v -0.236332 -0.173745 0.601628
v -0.230646 -0.177700 0.609542
v -0.245985 -0.183220 0.622413
v -0.251134 -0.192419 0.656359
v -0.252296 -0.181315 0.610491
v -0.248968 -0.189440 0.633363
v -0.242572 -0.185910 0.676593
v -0.251276 -0.136676 0.676137
v -0.251276 -0.136676 0.215921
v -0.209766 -0.179768 0.676137
v -0.209766 -0.179768 0.676137
v -0.209766 -0.179768 0.215921
v -0.209766 -0.179768 0.215921
v -0.244189 -0.173643 0.676137
v -0.244189 -0.173643 0.215921
v -0.248467 -0.166360 0.676137
v -0.248466 -0.166360 0.215921
v -0.237562 -0.177000 0.215921
v -0.237562 -0.177000 0.676137
v -0.255260 -0.141450 0.676137
v -0.255260 -0.141450 0.215921
v -0.213915 -0.184355 0.215921
v -0.213915 -0.184355 0.676137
v -0.247225 -0.153073 0.215921
v -0.247225 -0.153073 0.676137
v -0.224917 -0.175031 0.676137
v -0.224917 -0.175031 0.215921
v -0.252653 0.184368 0.214234
v -0.252653 0.184368 0.214234
v -0.252653 0.184368 0.214234
v -0.252653 -0.139363 0.214234
v -0.252653 -0.139363 0.214234
v -0.252653 -0.139363 0.214234
v -0.252653 0.184368 0.677288
v -0.252653 0.184368 0.677288
v -0.252653 0.184368 0.677288
v -0.252653 0.184368 0.677288
v -0.252653 -0.139363 0.677288
v -0.252653 -0.139363 0.677288
v -0.252653 -0.139363 0.677288
v -0.244203 0.143072 0.644777
v -0.244203 0.143072 0.644777
v -0.244203 0.143072 0.644777
v -0.244203 0.143072 0.257257
v -0.244203 0.143072 0.257257
v -0.244203 0.143072 0.257257
v -0.244203 -0.096033 0.257257
v -0.244203 -0.096033 0.257257
v -0.244203 -0.096033 0.257257
v -0.244203 -0.096033 0.644777
v -0.244203 -0.096033 0.644777
v -0.244203 -0.096033 0.644777
v -0.252653 0.153978 0.655683
v -0.252653 0.153978 0.655683
v -0.252653 0.153978 0.655683
v -0.252653 0.153978 0.655683
v -0.252653 0.153978 0.246351
v -0.252653 0.153978 0.246351
v -0.252653 0.153978 0.246351
v -0.252653 0.153978 0.246351
v -0.252653 -0.106939 0.246351
v -0.252653 -0.106939 0.246351
v -0.252653 -0.106939 0.246351
v -0.252653 -0.106939 0.246351
v -0.252653 -0.106939 0.655683
v -0.252653 -0.106939 0.655683
v -0.252653 -0.106939 0.655683
v -0.252653 -0.106939 0.655683
v -0.252653 -0.106939 0.655683
v -0.240103 0.184368 0.214234
v -0.240103 0.184368 0.214234
v -0.242069 -0.139363 0.214234
v -0.240103 0.184368 0.677288
v -0.240103 0.184368 0.677288
v -0.242069 -0.139363 0.677288
v -0.253208 -0.176497 0.305078
v -0.251447 -0.143612 0.215369
v -0.266995 -0.166609 0.236065
v -0.252915 -0.139845 0.226850
v -0.250909 -0.144709 0.256123
v -0.255350 -0.175502 0.299452
v -0.256380 -0.157531 0.215831
v -0.247169 -0.139118 0.264236
v -0.260964 -0.161884 0.256123
v -0.255481 -0.167959 0.270586
v -0.256072 -0.151318 0.213905
v -0.256965 -0.154094 0.268046
v -0.260684 -0.154283 0.256123
v -0.266080 -0.153445 0.236065
v -0.253682 -0.175038 0.290796
v -0.259268 -0.170987 0.282882
v -0.243440 -0.167220 0.305078
v -0.245582 -0.166225 0.299452
v -0.245582 -0.166225 0.299452
v -0.245714 -0.158682 0.270586
v -0.246060 -0.146015 0.269475
v -0.243915 -0.165761 0.290796
v -0.247573 -0.159879 0.282882
v -0.253874 -0.174914 0.270011
v -0.263326 -0.179583 0.236065
v -0.260239 -0.177573 0.259061
v -0.256385 -0.171367 0.215831
v -0.247531 -0.182473 0.305078
v -0.215413 -0.177919 0.215571
v -0.238366 -0.196751 0.236065
v -0.213682 -0.182504 0.226850
v -0.215667 -0.181812 0.256123
v -0.252181 -0.181205 0.299638
v -0.246649 -0.184663 0.299452
v -0.228754 -0.184702 0.216119
v -0.252102 -0.181131 0.215831
v -0.209892 -0.178365 0.264236
v -0.233337 -0.190971 0.256123
v -0.239122 -0.185183 0.270586
v -0.260408 -0.189019 0.236065
v -0.258286 -0.187004 0.256123
v -0.252377 -0.181392 0.269475
v -0.250555 -0.179661 0.307336
v -0.220702 -0.181301 0.215571
v -0.225351 -0.187378 0.268046
v -0.225732 -0.191082 0.256123
v -0.225172 -0.196513 0.236065
v -0.246099 -0.183022 0.290796
v -0.242341 -0.188808 0.282882
v -0.237764 -0.173196 0.305078
v -0.236881 -0.175386 0.299452
v -0.236881 -0.175386 0.299452
v -0.229355 -0.175906 0.270586
v -0.240788 -0.170384 0.307336
v -0.240788 -0.170384 0.307336
v -0.216722 -0.176903 0.269475
v -0.236332 -0.173745 0.290796
v -0.230646 -0.177700 0.282882
v -0.245985 -0.183220 0.270011
v -0.251134 -0.192419 0.236065
v -0.252296 -0.181315 0.281934
v -0.248968 -0.189440 0.259061
v -0.242572 -0.185910 0.215831
v -0.212159 -0.169344 0.663672
v 0.211487 -0.169344 0.663672
v -0.212159 -0.181000 0.663672
v -0.212159 -0.181000 0.679271
v 0.211487 -0.181000 0.663672
v 0.211487 -0.181000 0.679271
v -0.253091 -0.171747 0.000000
v -0.256836 -0.164013 0.021014
v -0.265763 -0.181461 0.000000
v -0.265763 -0.181461 0.000000
v -0.279889 -0.183305 0.021014
v -0.274187 -0.177976 0.040331
v -0.274187 -0.177976 0.040331
v -0.255635 -0.159918 0.059375
v -0.260403 -0.174044 0.059375
v -0.255304 -0.159713 0.039515
v -0.266941 -0.170752 0.039515
v -0.266941 -0.170752 0.039515
v -0.266941 -0.170752 0.039515
v -0.271489 -0.167134 0.111005
v -0.276533 -0.187728 0.107454
v -0.265347 -0.178414 0.075196
v -0.259779 -0.161565 0.076793
v -0.274692 -0.167257 0.125290
v -0.283876 -0.193537 0.134891
v -0.272787 -0.154792 0.190798
v -0.275513 -0.182964 0.190504
v -0.281072 -0.185415 0.165468
v -0.274336 -0.163281 0.133103
v -0.269174 -0.178665 0.010507
v -0.269174 -0.178665 0.010507
v -0.257474 -0.170634 0.010507
v -0.281771 -0.183536 0.029165
v -0.281771 -0.183536 0.029165
v -0.276559 -0.194270 0.021982
v -0.269626 -0.186034 0.046419
v -0.277660 -0.181248 0.037356
v -0.277660 -0.181248 0.037356
v -0.259534 -0.178504 0.048447
v -0.259534 -0.178504 0.048447
v -0.272246 -0.192566 0.015970
v -0.275008 -0.189399 0.042495
v -0.277984 -0.193713 0.033692
v -0.270113 -0.170448 0.027492
v -0.270113 -0.170448 0.027492
v -0.283867 -0.191885 0.152036
v -0.279748 -0.176717 0.130423
v -0.274656 -0.175642 0.109308
v -0.277425 -0.169889 0.147588
v -0.273041 -0.154429 0.135932
v -0.272473 -0.154702 0.171109
v -0.274276 -0.167183 0.181722
v -0.243471 -0.181412 0.000000
v -0.235754 -0.185193 0.021014
v -0.253243 -0.194039 0.000000
v -0.253243 -0.194039 0.000000
v -0.255152 -0.208157 0.021014
v -0.264214 -0.192439 0.000000
v -0.272060 -0.200249 0.021014
v -0.247428 -0.175731 0.000000
v -0.247428 -0.175731 0.000000
v -0.244085 -0.172403 0.021014
v -0.244085 -0.172403 0.021014
v -0.247005 -0.199565 0.040141
v -0.247005 -0.199565 0.040141
v -0.265163 -0.193384 0.048390
v -0.231653 -0.184011 0.059375
v -0.245801 -0.188714 0.059375
v -0.256297 -0.184559 0.059375
v -0.235357 -0.163716 0.059375
v -0.235357 -0.163716 0.059375
v -0.231446 -0.183681 0.039515
v -0.237406 -0.165755 0.039515
v -0.237406 -0.165755 0.039515
v -0.255027 -0.183295 0.049051
v -0.255027 -0.183295 0.049051
v -0.242539 -0.189972 0.039515
v -0.242539 -0.189972 0.039515
v -0.242539 -0.189972 0.039515
v -0.238942 -0.199831 0.111005
v -0.259559 -0.204780 0.107454
v -0.268510 -0.196716 0.104095
v -0.240571 -0.168905 0.112978
v -0.240571 -0.168905 0.112978
v -0.260232 -0.188476 0.074713
v -0.250194 -0.193638 0.075196
v -0.233319 -0.188148 0.076793
v -0.237202 -0.165552 0.077387
v -0.237202 -0.165552 0.077387
v -0.239080 -0.203033 0.125290
v -0.265402 -0.212096 0.134891
v -0.277038 -0.205204 0.137214
v -0.240278 -0.168614 0.125869
v -0.240278 -0.168614 0.125869
v -0.226607 -0.201186 0.190798
v -0.254791 -0.203783 0.190504
v -0.270467 -0.198664 0.190504
v -0.226709 -0.155107 0.190245
v -0.226709 -0.155107 0.190245
v -0.272461 -0.200649 0.165840
v -0.257268 -0.209329 0.165468
v -0.235102 -0.202696 0.133103
v -0.238718 -0.167061 0.132847
v -0.238718 -0.167061 0.132847
v -0.238718 -0.167061 0.132847
v -0.238718 -0.167061 0.132847
v -0.250463 -0.197463 0.010507
v -0.250463 -0.197463 0.010507
v -0.242378 -0.185800 0.010507
v -0.245499 -0.173811 0.010507
v -0.245499 -0.173811 0.010507
v -0.265121 -0.193343 0.010507
v -0.273302 -0.201486 0.033276
v -0.255392 -0.210038 0.029165
v -0.255392 -0.210038 0.029165
v -0.266101 -0.204776 0.021982
v -0.257834 -0.197881 0.046419
v -0.253085 -0.205937 0.037356
v -0.253085 -0.205937 0.037356
v -0.270734 -0.198929 0.043050
v -0.250257 -0.187824 0.048447
v -0.250257 -0.187824 0.048447
v -0.264377 -0.200470 0.015970
v -0.261224 -0.203247 0.042495
v -0.265551 -0.206203 0.033692
v -0.242250 -0.198440 0.027492
v -0.242250 -0.198440 0.027492
v -0.275840 -0.204011 0.152079
v -0.263750 -0.212095 0.152036
v -0.248564 -0.208046 0.130423
v -0.247465 -0.202959 0.109308
v -0.241725 -0.205754 0.147588
v -0.226245 -0.201442 0.135932
v -0.227135 -0.155532 0.139523
v -0.227135 -0.155532 0.139523
v -0.226515 -0.200873 0.171109
v -0.239004 -0.202619 0.181722
v -0.227078 -0.197898 0.190404
v -0.226533 -0.197898 0.141009
v -0.204556 -0.197898 0.131730
v -0.029790 -0.197898 0.169992
v -0.014919 -0.197898 0.173374
v -0.008597 -0.197898 0.153298
v -0.059123 -0.197898 0.149580
v -0.059123 -0.197898 0.149580
v 0.226271 -0.197898 0.190404
v 0.226542 -0.197898 0.141009
v -0.000404 -0.197898 0.190404
v 0.203748 -0.197898 0.131730
v -0.000404 -0.197898 0.128270
v 0.028982 -0.197898 0.169992
v 0.014111 -0.197898 0.173374
v 0.007790 -0.197898 0.153298
v 0.058316 -0.197898 0.149580
v 0.058316 -0.197898 0.149580
v -0.277555 0.190963 0.190199
v -0.277555 0.190963 0.190199
v -0.257053 0.206577 0.190199
v -0.257053 0.206577 0.190199
v -0.257053 0.206577 0.190199
v -0.274808 0.198770 0.190199
v -0.274808 0.198770 0.190199
v -0.267304 0.204485 0.190199
v -0.267304 0.204485 0.190199
v -0.267304 0.204485 0.190199
v -0.257053 -0.206369 0.190199
v -0.257053 -0.206369 0.190199
v -0.257053 -0.206369 0.190199
v -0.277555 -0.190756 0.190199
v -0.277555 -0.190756 0.190199
v -0.267304 -0.204278 0.190199
v -0.267304 -0.204278 0.190199
v -0.274808 -0.198563 0.190199
v -0.274808 -0.198563 0.190199
v 0.258699 0.206577 0.190200
v 0.258699 0.206577 0.190200
v 0.258699 0.206577 0.190200
v 0.279201 0.190963 0.190200
v 0.279201 0.190963 0.190200
v 0.268950 0.204485 0.190200
v 0.268950 0.204485 0.190200
v 0.276454 0.198770 0.190200
v 0.276454 0.198770 0.190200
v 0.279201 -0.190756 0.190200
v 0.279201 -0.190756 0.190200
v 0.258699 -0.206369 0.190200
v 0.258699 -0.206369 0.190200
v 0.258699 -0.206369 0.190200
v 0.276454 -0.198563 0.190200
v 0.276454 -0.198563 0.190200
v 0.276454 -0.198563 0.190200
v 0.268950 -0.204278 0.190200
v 0.268950 -0.204278 0.190200
v 0.279201 0.190963 0.203876
v 0.279201 0.190963 0.203876
v 0.258699 0.206577 0.203876
v 0.258699 0.206577 0.203876
v 0.276454 0.198770 0.203876
v 0.276454 0.198770 0.203876
v 0.268950 0.204485 0.203876
v 0.268950 0.204485 0.203876
v -0.257053 0.206577 0.203876
v -0.257053 0.206577 0.203876
v -0.277555 0.190963 0.203876
v -0.277555 0.190963 0.203876
v -0.267304 0.204485 0.203876
v -0.267304 0.204485 0.203876
v -0.267304 0.204485 0.203876
v -0.274808 0.198770 0.203876
v -0.274808 0.198770 0.203876
v -0.277555 -0.190756 0.203876
v -0.277555 -0.190756 0.203876
v -0.257053 -0.206369 0.203876
v -0.257053 -0.206369 0.203876
v -0.274808 -0.198563 0.203876
v -0.274808 -0.198563 0.203876
v -0.267304 -0.204278 0.203876
v -0.267304 -0.204278 0.203876
v 0.258699 -0.206369 0.203876
v 0.258699 -0.206369 0.203876
v 0.279201 -0.190756 0.203876
v 0.279201 -0.190756 0.203876
v 0.268950 -0.204278 0.203876
v 0.268950 -0.204278 0.203876
v 0.276454 -0.198563 0.203876
v 0.276454 -0.198563 0.203876
v 0.276454 -0.198563 0.203876
v 0.253948 0.199039 0.201238
v 0.269304 0.187345 0.201238
v 0.261626 0.197473 0.201238
v 0.267247 0.193192 0.201238
v -0.267658 0.187345 0.201237
v -0.252303 0.199039 0.201237
v -0.265601 0.193192 0.201237
v -0.259980 0.197473 0.201237
v -0.259980 0.197473 0.201237
v -0.252303 -0.198832 0.201237
v -0.267658 -0.187138 0.201237
v -0.259980 -0.197266 0.201237
v -0.265601 -0.192985 0.201237
v 0.269304 -0.187138 0.201238
v 0.253948 -0.198832 0.201238
v 0.267247 -0.192985 0.201238
v 0.267247 -0.192985 0.201238
v 0.261626 -0.197266 0.201238
v 0.269304 0.187345 0.216338
v 0.269304 0.187345 0.216338
v 0.253948 0.199039 0.216338
v 0.253948 0.199039 0.216338
v 0.253948 0.199039 0.216338
v 0.267247 0.193192 0.216338
v 0.267247 0.193192 0.216338
v 0.261626 0.197473 0.216338
v 0.261626 0.197473 0.216338
v -0.252303 0.199039 0.216338
v -0.252303 0.199039 0.216338
v -0.252303 0.199039 0.216338
v -0.267658 0.187345 0.216338
v -0.267658 0.187345 0.216338
v -0.259980 0.197473 0.216338
v -0.259980 0.197473 0.216338
v -0.259980 0.197473 0.216338
v -0.265601 0.193192 0.216338
v -0.265601 0.193192 0.216338
v -0.267658 -0.187138 0.216338
v -0.267658 -0.187138 0.216338
v -0.252303 -0.198832 0.216338
v -0.252303 -0.198832 0.216338
v -0.252303 -0.198832 0.216338
v -0.265601 -0.192985 0.216338
v -0.265601 -0.192985 0.216338
v -0.259980 -0.197266 0.216338
v -0.259980 -0.197266 0.216338
v 0.253948 -0.198832 0.216338
v 0.253948 -0.198832 0.216338
v 0.253948 -0.198832 0.216338
v 0.269304 -0.187138 0.216338
v 0.269304 -0.187138 0.216338
v 0.261626 -0.197266 0.216338
v 0.261626 -0.197266 0.216338
v 0.267247 -0.192985 0.216338
v 0.267247 -0.192985 0.216338
v 0.267247 -0.192985 0.216338
v -0.267724 0.156842 0.135681
v -0.267724 -0.155068 0.135681
v -0.267724 0.154967 0.191726
v -0.267724 -0.155068 0.191726
v -0.267724 0.156842 0.146555
v -0.267724 -0.155068 0.146555
v -0.272820 0.155789 0.142744
v -0.272820 0.155789 0.138749
v -0.272820 -0.154736 0.138749
v -0.272820 -0.154736 0.142744
v -0.273184 0.190963 0.675813
v -0.273184 0.190963 0.675813
v -0.253004 0.206577 0.675813
v -0.253004 0.206577 0.675813
v -0.253004 0.206577 0.675813
v -0.270480 0.198770 0.675813
v -0.270480 0.198770 0.675813
v -0.263094 0.204485 0.675813
v -0.263094 0.204485 0.675813
v -0.263094 0.204485 0.675813
v -0.253004 -0.206369 0.675813
v -0.253004 -0.206369 0.675813
v -0.253004 -0.206369 0.675813
v -0.273184 -0.190756 0.675813
v -0.273184 -0.190756 0.675813
v -0.263094 -0.204278 0.675813
v -0.263094 -0.204278 0.675813
v -0.270480 -0.198563 0.675813
v -0.270480 -0.198563 0.675813
v 0.254650 0.206577 0.675813
v 0.254650 0.206577 0.675813
v 0.254650 0.206577 0.675813
v 0.274830 0.190963 0.675813
v 0.274830 0.190963 0.675813
v 0.264740 0.204485 0.675813
v 0.264740 0.204485 0.675813
v 0.272126 0.198770 0.675813
v 0.272126 0.198770 0.675813
v 0.274830 -0.190756 0.675813
v 0.274830 -0.190756 0.675813
v 0.254650 -0.206369 0.675813
v 0.254650 -0.206369 0.675813
v 0.254650 -0.206369 0.675813
v 0.272126 -0.198563 0.675813
v 0.272126 -0.198563 0.675813
v 0.272126 -0.198563 0.675813
v 0.264740 -0.204278 0.675813
v 0.264740 -0.204278 0.675813
v 0.260058 0.188400 0.693660
v 0.253158 0.191570 0.693660
v 0.259659 0.189552 0.693660
v 0.258477 0.190467 0.693660
v -0.251512 0.191570 0.693659
v -0.258413 0.188400 0.693659
v -0.256831 0.190467 0.693659
v -0.258014 0.189552 0.693659
v -0.258413 -0.188193 0.693659
v -0.251512 -0.191363 0.693659
v -0.258014 -0.189345 0.693659
v -0.256831 -0.190260 0.693659
v 0.253158 -0.191363 0.693660
v 0.260058 -0.188193 0.693660
v 0.258477 -0.190260 0.693660
v 0.259659 -0.189345 0.693660
v 0.249974 0.193749 0.684002
v 0.265088 0.182297 0.684002
v 0.257531 0.192732 0.684002
v 0.263063 0.188541 0.684002
v -0.263442 0.182297 0.684002
v -0.248328 0.193749 0.684002
v -0.261779 0.189174 0.684002
v -0.256246 0.193365 0.684002
v -0.256246 0.193365 0.684002
v -0.248328 -0.195853 0.684002
v -0.263442 -0.184401 0.684002
v -0.256693 -0.195524 0.684002
v -0.262225 -0.191332 0.684002
v 0.265088 -0.184401 0.684002
v 0.249974 -0.195853 0.684002
v 0.263063 -0.190127 0.684002
v 0.263063 -0.190127 0.684002
v 0.257531 -0.194827 0.684002
v 0.265088 0.180086 0.697377
v 0.265088 0.180086 0.697377
v 0.249974 0.191916 0.697377
v 0.249974 0.191916 0.697377
v 0.263063 0.186260 0.697377
v 0.263063 0.186260 0.697377
v 0.257531 0.190401 0.697377
v 0.257531 0.190401 0.697377
v -0.248328 0.191399 0.697376
v -0.248328 0.191399 0.697376
v -0.263442 0.180086 0.697376
v -0.263442 0.180086 0.697376
v -0.256246 0.191034 0.697376
v -0.256246 0.191034 0.697376
v -0.256246 0.191034 0.697376
v -0.261779 0.186893 0.697376
v -0.261779 0.186893 0.697376
v -0.263442 -0.182190 0.697376
v -0.263442 -0.182190 0.697376
v -0.248328 -0.193503 0.697376
v -0.248328 -0.193503 0.697376
v -0.262225 -0.189051 0.697376
v -0.262225 -0.189051 0.697376
v -0.256693 -0.193192 0.697376
v -0.256693 -0.193192 0.697376
v 0.249974 -0.193503 0.697377
v 0.249974 -0.193503 0.697377
v 0.265088 -0.182190 0.697377
v 0.265088 -0.182190 0.697377
v 0.257531 -0.192496 0.697377
v 0.257531 -0.192496 0.697377
v 0.263063 -0.187846 0.697377
v 0.263063 -0.187846 0.697377
v 0.263063 -0.187846 0.697377
v 0.274830 0.190963 0.688763
v 0.274830 0.190963 0.688763
v 0.272126 0.198770 0.688763
v 0.272126 0.198770 0.688763
v 0.264740 0.204485 0.688763
v 0.264740 0.204485 0.688763
v 0.254650 0.206577 0.688763
v 0.254650 0.206577 0.688763
v -0.253004 0.206577 0.688763
v -0.253004 0.206577 0.688763
v -0.263094 0.204485 0.688763
v -0.263094 0.204485 0.688763
v -0.263094 0.204485 0.688763
v -0.270480 0.198770 0.688763
v -0.270480 0.198770 0.688763
v -0.273184 0.190963 0.688763
v -0.273184 0.190963 0.688763
v -0.273184 -0.190756 0.688763
v -0.273184 -0.190756 0.688763
v -0.270480 -0.198563 0.688763
v -0.270480 -0.198563 0.688763
v -0.263094 -0.204278 0.688763
v -0.263094 -0.204278 0.688763
v -0.253004 -0.206369 0.688763
v -0.253004 -0.206369 0.688763
v 0.254650 -0.206369 0.688763
v 0.254650 -0.206369 0.688763
v 0.264740 -0.204278 0.688763
v 0.264740 -0.204278 0.688763
v 0.272126 -0.198563 0.688763
v 0.272126 -0.198563 0.688763
v 0.272126 -0.198563 0.688763
v 0.274830 -0.190756 0.688763
v 0.274830 -0.190756 0.688763
v 0.247082 0.188122 0.692725
v 0.259504 0.177001 0.692725
v 0.253091 0.188030 0.692725
v 0.258448 0.184713 0.692725
v -0.260375 0.177001 0.692724
v -0.245436 0.188122 0.692724
v -0.259280 0.184346 0.692724
v -0.253812 0.188416 0.692724
v -0.253812 0.188416 0.692724
v -0.245436 -0.190226 0.692724
v -0.260375 -0.179105 0.692724
v -0.253713 -0.189941 0.692724
v -0.259181 -0.185871 0.692724
v 0.259504 -0.179105 0.692725
v 0.247082 -0.190226 0.692725
v 0.259341 -0.184665 0.692725
v 0.259341 -0.184665 0.692725
v 0.254551 -0.189556 0.692725
v -0.257114 -0.188936 0.692724
v 0.257543 -0.187878 0.692725
v 0.258494 0.176932 0.699965
v 0.258494 0.176932 0.699965
v 0.259504 0.177001 0.698955
v 0.247545 0.188668 0.698963
v 0.247482 0.187747 0.699965
v 0.247482 0.187747 0.699965
v 0.257512 0.184105 0.699965
v 0.257512 0.184105 0.699965
v 0.258448 0.184713 0.698955
v 0.253846 0.186731 0.699965
v 0.253846 0.186731 0.699965
v 0.253091 0.188030 0.698957
v -0.245453 0.187112 0.699965
v -0.245453 0.187112 0.699965
v -0.245436 0.188122 0.698959
v -0.260375 0.177001 0.698959
v -0.259365 0.176926 0.699965
v -0.259365 0.176926 0.699965
v -0.253812 0.188416 0.698959
v -0.253812 0.188416 0.698959
v -0.254381 0.187426 0.699965
v -0.254381 0.187426 0.699965
v -0.254381 0.187426 0.699965
v -0.259280 0.184346 0.698959
v -0.258227 0.184564 0.699965
v -0.258227 0.184564 0.699965
v -0.259365 -0.179017 0.699965
v -0.259365 -0.179017 0.699965
v -0.260375 -0.179105 0.698959
v -0.245436 -0.190226 0.698959
v -0.245436 -0.188961 0.699965
v -0.245436 -0.188961 0.699965
v -0.258224 -0.185486 0.699965
v -0.258224 -0.185486 0.699965
v -0.259181 -0.185871 0.698959
v -0.254508 -0.188648 0.699965
v -0.254508 -0.188648 0.699965
v -0.253713 -0.189941 0.698959
v 0.249884 -0.188961 0.699965
v 0.249884 -0.188961 0.699965
v 0.247082 -0.190226 0.698959
v 0.259504 -0.179105 0.698955
v 0.258494 -0.179105 0.699965
v 0.258494 -0.179105 0.699965
v 0.254551 -0.189556 0.698959
v 0.255053 -0.188498 0.699965
v 0.255053 -0.188498 0.699965
v 0.258339 -0.184388 0.699965
v 0.258339 -0.184388 0.699965
v 0.258339 -0.184388 0.699965
v 0.259341 -0.184665 0.698957
v 0.259341 -0.184665 0.698957
v -0.257145 -0.188913 0.698959
v -0.256512 -0.188046 0.699965
v -0.256512 -0.188046 0.699965
v 0.257538 -0.187884 0.698959
v 0.256485 -0.187696 0.699965
v 0.256485 -0.187696 0.699965
v -0.209766 0.180945 0.676137
v -0.209766 0.180945 0.215921
v -0.240103 0.181648 0.214234
v -0.240103 0.181648 0.677288
v -0.031727 -0.171476 0.166786
v -0.214173 -0.205504 0.141228
v -0.214173 -0.205504 0.141228
v -0.213197 -0.205504 0.148854
v -0.213197 -0.205504 0.148854
v -0.211711 -0.205504 0.145178
v -0.211711 -0.205504 0.145178
v -0.219424 -0.205504 0.140116
v -0.219424 -0.205504 0.140116
v -0.213953 -0.205504 0.134136
v -0.213953 -0.205504 0.134136
v -0.199857 -0.205504 0.131117
v -0.199857 -0.205504 0.131117
v -0.181162 -0.205005 0.135523
v -0.181162 -0.205005 0.135523
v -0.168971 -0.204486 0.142316
v -0.168971 -0.204486 0.142316
v -0.167373 -0.205504 0.150847
v -0.167373 -0.205504 0.150847
v -0.165143 -0.205504 0.153491
v -0.165143 -0.205504 0.153491
v -0.161795 -0.205504 0.154195
v -0.161795 -0.205504 0.154195
v -0.165258 -0.205504 0.158539
v -0.165258 -0.205504 0.158539
v -0.173425 -0.202822 0.167942
v -0.173425 -0.202822 0.167942
v -0.170253 -0.203071 0.169727
v -0.170253 -0.203071 0.169727
v -0.151135 -0.202939 0.165825
v -0.151135 -0.202939 0.165825
v -0.143381 -0.203565 0.158865
v -0.143381 -0.203565 0.158865
v -0.142941 -0.202619 0.163006
v -0.142941 -0.202619 0.163006
v -0.136597 -0.202792 0.163358
v -0.136597 -0.202792 0.163358
v -0.123029 -0.203266 0.153403
v -0.123029 -0.203266 0.153403
v -0.112721 -0.203266 0.148645
v -0.112721 -0.203266 0.148645
v -0.100386 -0.203266 0.147764
v -0.100386 -0.203266 0.147764
v -0.089285 -0.203266 0.151112
v -0.089285 -0.203266 0.151112
v -0.081179 -0.203692 0.156310
v -0.081179 -0.203692 0.156310
v -0.074043 -0.205504 0.161068
v -0.074043 -0.205504 0.161068
v -0.078008 -0.205504 0.162830
v -0.078008 -0.205504 0.162830
v -0.081620 -0.205504 0.167587
v -0.081620 -0.205504 0.167587
v -0.081532 -0.205504 0.172874
v -0.081532 -0.205504 0.172874
v -0.077126 -0.205504 0.177367
v -0.077126 -0.205504 0.177367
v -0.069638 -0.205504 0.179482
v -0.069638 -0.205504 0.179482
v -0.061972 -0.205504 0.177191
v -0.061972 -0.205504 0.177191
v -0.057655 -0.205504 0.170583
v -0.057655 -0.205504 0.170583
v -0.056334 -0.205504 0.164416
v -0.056334 -0.205504 0.164416
v -0.046114 -0.205504 0.171552
v -0.046114 -0.205504 0.171552
v -0.036422 -0.205504 0.178689
v -0.036422 -0.205504 0.178689
v -0.022590 -0.205504 0.183975
v -0.022590 -0.205504 0.183975
v -0.011488 -0.205504 0.183446
v -0.011488 -0.205504 0.183446
v -0.003471 -0.205504 0.178689
v -0.003471 -0.205504 0.178689
v -0.007099 -0.208004 0.124468
v -0.007099 -0.208004 0.124468
v -0.014359 -0.205504 0.129822
v -0.014359 -0.205504 0.129822
v -0.019278 -0.205504 0.130997
v -0.019278 -0.205504 0.130997
v -0.024573 -0.205504 0.130341
v -0.024573 -0.205504 0.130341
v -0.031401 -0.206592 0.129460
v -0.031401 -0.206592 0.129460
v -0.037495 -0.206283 0.133645
v -0.037495 -0.206283 0.133645
v -0.043296 -0.205504 0.135187
v -0.043296 -0.205504 0.135187
v -0.050858 -0.205504 0.134012
v -0.050858 -0.205504 0.134012
v -0.058347 -0.205504 0.135554
v -0.058347 -0.205504 0.135554
v -0.061651 -0.205504 0.142749
v -0.061651 -0.205504 0.142749
v -0.076335 -0.205504 0.133352
v -0.076335 -0.205504 0.133352
v -0.100310 -0.205504 0.125627
v -0.100310 -0.205504 0.125627
v -0.126301 -0.205504 0.123865
v -0.126301 -0.205504 0.123865
v -0.152732 -0.205504 0.128005
v -0.152732 -0.205504 0.128005
v -0.168739 -0.205504 0.133585
v -0.168739 -0.205504 0.133585
v -0.179904 -0.205504 0.128763
v -0.179904 -0.205504 0.128763
v -0.188912 -0.205504 0.125972
v -0.188912 -0.205504 0.125972
v -0.201965 -0.205504 0.125253
v -0.201965 -0.205504 0.125253
v -0.217031 -0.205504 0.129424
v -0.217031 -0.205504 0.129424
v -0.222814 -0.205504 0.133888
v -0.222814 -0.205504 0.133888
v -0.224753 -0.205504 0.139468
v -0.224753 -0.205504 0.139468
v -0.223901 -0.205504 0.146320
v -0.223901 -0.205504 0.146320
v -0.221798 -0.205504 0.148596
v -0.221798 -0.205504 0.148596
v -0.221798 -0.205504 0.148596
v -0.218314 -0.205504 0.150377
v -0.218314 -0.205504 0.150377
v -0.024767 -0.205504 0.170751
v -0.024767 -0.205504 0.170751
v -0.031727 -0.205504 0.166786
v -0.031727 -0.205504 0.166786
v -0.034018 -0.205504 0.161060
v -0.034018 -0.205504 0.161060
v -0.029613 -0.205504 0.154452
v -0.029613 -0.205504 0.154452
v -0.021243 -0.205504 0.153130
v -0.021243 -0.205504 0.153130
v -0.021243 -0.205504 0.153130
v -0.013754 -0.205504 0.157712
v -0.013754 -0.205504 0.157712
v -0.013754 -0.205504 0.165729
v -0.013754 -0.205504 0.165729
v -0.024767 -0.171476 0.170751
v -0.036959 -0.205504 0.156167
v -0.214173 -0.171476 0.140684
v -0.211261 -0.171476 0.145178
v -0.212935 -0.171476 0.150557
v -0.218094 -0.171476 0.140275
v -0.213953 -0.171476 0.136310
v -0.199857 -0.171476 0.133579
v -0.181619 -0.171476 0.137015
v -0.169020 -0.171476 0.144151
v -0.167874 -0.171476 0.150847
v -0.165143 -0.171476 0.153491
v -0.161795 -0.171476 0.154195
v -0.165258 -0.171476 0.158539
v -0.173425 -0.171476 0.168909
v -0.170253 -0.171476 0.170407
v -0.151135 -0.171476 0.165825
v -0.143381 -0.171476 0.158865
v -0.142941 -0.171476 0.163006
v -0.136597 -0.171476 0.163358
v -0.123029 -0.171476 0.153403
v -0.112721 -0.171476 0.148645
v -0.100386 -0.171476 0.147764
v -0.089285 -0.171476 0.151112
v -0.081179 -0.171476 0.156310
v -0.074043 -0.171476 0.161068
v -0.078008 -0.171476 0.162830
v -0.081620 -0.171476 0.167587
v -0.081532 -0.171476 0.172874
v -0.077126 -0.171476 0.177367
v -0.069638 -0.171476 0.179482
v -0.061972 -0.171476 0.177191
v -0.057655 -0.171476 0.170583
v -0.056334 -0.171476 0.164416
v -0.046114 -0.171476 0.171552
v -0.036422 -0.171476 0.178689
v -0.022590 -0.171476 0.183975
v -0.011488 -0.171476 0.183446
v -0.003471 -0.171476 0.178689
v -0.007099 -0.171476 0.124468
v -0.014359 -0.171476 0.129822
v -0.019278 -0.171476 0.130997
v -0.024573 -0.171476 0.130341
v -0.031401 -0.171476 0.129460
v -0.037495 -0.171476 0.133645
v -0.043296 -0.171476 0.135187
v -0.050858 -0.171476 0.134012
v -0.058347 -0.171476 0.135554
v -0.061651 -0.171476 0.142749
v -0.076335 -0.171476 0.133352
v -0.100310 -0.171476 0.125627
v -0.126301 -0.171476 0.123865
v -0.152732 -0.171476 0.128005
v -0.168739 -0.171476 0.133585
v -0.179904 -0.171476 0.128763
v -0.188912 -0.171476 0.125972
v -0.201965 -0.171476 0.125253
v -0.217031 -0.171476 0.129042
v -0.223463 -0.171476 0.133888
v -0.226184 -0.171476 0.139468
v -0.225144 -0.171476 0.146320
v -0.222208 -0.171476 0.149991
v -0.222208 -0.171476 0.149991
v -0.218314 -0.171476 0.152143
v -0.034018 -0.171476 0.161060
v -0.029613 -0.171476 0.154452
v -0.021243 -0.171476 0.153130
v -0.021243 -0.171476 0.153130
v -0.013754 -0.171476 0.157712
v -0.013754 -0.171476 0.165729
v 0.030920 -0.171476 0.166786
v 0.213566 -0.205504 0.142124
v 0.213566 -0.205504 0.142124
v 0.214113 -0.205504 0.149673
v 0.214113 -0.205504 0.149673
v 0.212223 -0.205504 0.145178
v 0.212223 -0.205504 0.145178
v 0.218830 -0.205504 0.140275
v 0.218830 -0.205504 0.140275
v 0.213146 -0.205504 0.134497
v 0.213146 -0.205504 0.134497
v 0.199049 -0.205504 0.131723
v 0.199049 -0.205504 0.131723
v 0.180811 -0.205504 0.135601
v 0.180811 -0.205504 0.135601
v 0.168212 -0.205504 0.142261
v 0.168212 -0.205504 0.142261
v 0.167067 -0.204331 0.150847
v 0.167067 -0.204331 0.150847
v 0.164336 -0.204121 0.153491
v 0.164336 -0.204121 0.153491
v 0.162350 -0.204121 0.154195
v 0.162350 -0.204121 0.154195
v 0.166319 -0.204271 0.158539
v 0.166319 -0.204271 0.158539
v 0.173875 -0.202879 0.167987
v 0.173875 -0.202879 0.167987
v 0.169446 -0.202798 0.170407
v 0.169446 -0.202798 0.170407
v 0.150327 -0.202753 0.164699
v 0.150327 -0.202753 0.164699
v 0.142574 -0.203188 0.158865
v 0.142574 -0.203188 0.158865
v 0.144238 -0.201710 0.163006
v 0.144238 -0.201710 0.163006
v 0.135790 -0.202509 0.163358
v 0.135790 -0.202509 0.163358
v 0.122222 -0.203334 0.153403
v 0.122222 -0.203334 0.153403
v 0.111914 -0.203334 0.148645
v 0.111914 -0.203334 0.148645
v 0.099579 -0.203334 0.147764
v 0.099579 -0.203334 0.147764
v 0.088478 -0.203417 0.151112
v 0.088478 -0.203417 0.151112
v 0.080372 -0.203130 0.156310
v 0.080372 -0.203130 0.156310
v 0.073235 -0.205504 0.161068
v 0.073235 -0.205504 0.161068
v 0.077200 -0.205504 0.162830
v 0.077200 -0.205504 0.162830
v 0.080812 -0.205504 0.167587
v 0.080812 -0.205504 0.167587
v 0.080724 -0.205504 0.172874
v 0.080724 -0.205504 0.172874
v 0.076319 -0.205504 0.177367
v 0.076319 -0.205504 0.177367
v 0.068830 -0.205504 0.179482
v 0.068830 -0.205504 0.179482
v 0.061165 -0.205504 0.177191
v 0.061165 -0.205504 0.177191
v 0.056848 -0.205504 0.170583
v 0.056848 -0.205504 0.170583
v 0.055526 -0.205504 0.164416
v 0.055526 -0.205504 0.164416
v 0.045306 -0.205504 0.171552
v 0.045306 -0.205504 0.171552
v 0.035615 -0.205504 0.178689
v 0.035615 -0.205504 0.178689
v 0.021782 -0.205504 0.183975
v 0.021782 -0.205504 0.183975
v 0.010681 -0.205504 0.183446
v 0.010681 -0.205504 0.183446
v 0.002663 -0.205504 0.178689
v 0.002663 -0.205504 0.178689
v -0.000404 -0.205504 0.174228
v -0.000404 -0.205504 0.174228
v -0.000404 -0.208004 0.122904
v -0.000404 -0.208004 0.122904
v 0.006292 -0.208004 0.124468
v 0.006292 -0.208004 0.124468
v 0.013552 -0.205504 0.129822
v 0.013552 -0.205504 0.129822
v 0.018471 -0.205504 0.130997
v 0.018471 -0.205504 0.130997
v 0.023766 -0.205504 0.130341
v 0.023766 -0.205504 0.130341
v 0.030594 -0.206592 0.129460
v 0.030594 -0.206592 0.129460
v 0.036688 -0.206283 0.133645
v 0.036688 -0.206283 0.133645
v 0.042488 -0.205504 0.135187
v 0.042488 -0.205504 0.135187
v 0.050051 -0.205504 0.134012
v 0.050051 -0.205504 0.134012
v 0.057540 -0.205504 0.135554
v 0.057540 -0.205504 0.135554
v 0.060843 -0.205504 0.142750
v 0.060843 -0.205504 0.142750
v 0.075528 -0.205504 0.133352
v 0.075528 -0.205504 0.133352
v 0.099503 -0.205504 0.125627
v 0.099503 -0.205504 0.125627
v 0.125494 -0.205504 0.123865
v 0.125494 -0.205504 0.123865
v 0.151925 -0.205504 0.128005
v 0.151925 -0.205504 0.128005
v 0.167932 -0.205504 0.133585
v 0.167932 -0.205504 0.133585
v 0.179097 -0.205504 0.128764
v 0.179097 -0.205504 0.128764
v 0.188104 -0.205504 0.125972
v 0.188104 -0.205504 0.125972
v 0.201158 -0.205504 0.125253
v 0.201158 -0.205504 0.125253
v 0.216224 -0.205504 0.129042
v 0.216224 -0.205504 0.129042
v 0.222656 -0.205504 0.133888
v 0.222656 -0.205504 0.133888
v 0.225377 -0.205504 0.139468
v 0.225377 -0.205504 0.139468
v 0.224337 -0.205504 0.146320
v 0.224337 -0.205504 0.146320
v 0.221400 -0.205504 0.149160
v 0.221400 -0.205504 0.149160
v 0.221400 -0.205504 0.149160
v 0.217506 -0.205504 0.150335
v 0.217506 -0.205504 0.150335
v 0.023960 -0.205504 0.170751
v 0.023960 -0.205504 0.170751
v 0.030920 -0.205504 0.166786
v 0.030920 -0.205504 0.166786
v 0.033211 -0.205504 0.161060
v 0.033211 -0.205504 0.161060
v 0.028805 -0.205504 0.154452
v 0.028805 -0.205504 0.154452
v 0.020435 -0.205504 0.153130
v 0.020435 -0.205504 0.153130
v 0.020435 -0.205504 0.153130
v 0.012946 -0.205504 0.157712
v 0.012946 -0.205504 0.157712
v 0.012946 -0.205504 0.165729
v 0.012946 -0.205504 0.165729
v 0.023960 -0.171476 0.170751
v 0.036151 -0.205504 0.156167
v 0.213365 -0.171476 0.140685
v 0.210453 -0.171476 0.145178
v 0.212127 -0.171476 0.150557
v 0.217287 -0.171476 0.140275
v 0.213146 -0.171476 0.136310
v 0.199049 -0.171476 0.133579
v 0.180811 -0.171476 0.137015
v 0.168212 -0.171476 0.144152
v 0.167067 -0.171476 0.150847
v 0.164336 -0.171476 0.153491
v 0.160988 -0.171476 0.154195
v 0.164450 -0.171476 0.158539
v 0.172618 -0.171476 0.168909
v 0.169446 -0.171476 0.170407
v 0.150327 -0.171476 0.165825
v 0.142574 -0.171476 0.158865
v 0.144238 -0.171476 0.163006
v 0.135790 -0.171476 0.163358
v 0.122222 -0.171476 0.153403
v 0.111914 -0.171476 0.148645
v 0.099579 -0.171476 0.147764
v 0.088478 -0.171476 0.151112
v 0.080372 -0.171476 0.156310
v 0.073235 -0.171476 0.161068
v 0.077200 -0.171476 0.162830
v 0.080812 -0.171476 0.167587
v 0.080724 -0.171476 0.172874
v 0.076319 -0.171476 0.177367
v 0.068830 -0.171476 0.179482
v 0.061165 -0.171476 0.177191
v 0.056848 -0.171476 0.170583
v 0.055526 -0.171476 0.164416
v 0.045306 -0.171476 0.171552
v 0.035615 -0.171476 0.178689
v 0.021782 -0.171476 0.183975
v 0.010681 -0.171476 0.183446
v 0.002663 -0.171476 0.178689
v -0.000404 -0.171476 0.174228
v -0.000404 -0.171476 0.122904
v 0.006292 -0.171476 0.124468
v 0.013552 -0.171476 0.129822
v 0.018471 -0.171476 0.130997
v 0.023766 -0.171476 0.130341
v 0.030594 -0.171476 0.129460
v 0.036688 -0.171476 0.133645
v 0.042488 -0.171476 0.135187
v 0.050051 -0.171476 0.134012
v 0.057540 -0.171476 0.135554
v 0.060843 -0.171476 0.142750
v 0.075528 -0.171476 0.133352
v 0.099503 -0.171476 0.125627
v 0.125494 -0.171476 0.123865
v 0.151925 -0.171476 0.128005
v 0.167932 -0.171476 0.133585
v 0.179097 -0.171476 0.128764
v 0.188104 -0.171476 0.125972
v 0.201158 -0.171476 0.125253
v 0.216224 -0.171476 0.129042
v 0.222656 -0.171476 0.133888
v 0.225377 -0.171476 0.139468
v 0.224337 -0.171476 0.146320
v 0.221400 -0.171476 0.149991
v 0.221400 -0.171476 0.149991
v 0.217506 -0.171476 0.152143
v 0.033211 -0.171476 0.161060
v 0.028805 -0.171476 0.154452
v 0.020435 -0.171476 0.153130
v 0.020435 -0.171476 0.153130
v 0.012946 -0.171476 0.157712
v 0.012946 -0.171476 0.165729
v -0.000404 -0.201619 0.154072
v -0.217953 -0.205504 0.136425
v -0.217953 -0.205504 0.136425
v -0.206905 -0.205504 0.131806
v -0.206905 -0.205504 0.131806
v -0.190509 -0.204953 0.132806
v -0.190509 -0.204953 0.132806
v 0.217448 -0.205504 0.137386
v 0.217448 -0.205504 0.137386
v 0.206098 -0.205504 0.131586
v 0.206098 -0.205504 0.131586
v 0.189930 -0.205504 0.132431
v 0.189930 -0.205504 0.132431
v -0.253091 0.171747 0.000000
v -0.256836 0.164013 0.021014
v -0.265763 0.181461 0.000000
v -0.265763 0.181461 0.000000
v -0.279889 0.183305 0.021014
v -0.274187 0.177976 0.040331
v -0.274187 0.177976 0.040331
v -0.255635 0.159918 0.059375
v -0.260403 0.174044 0.059375
v -0.255304 0.159713 0.039515
v -0.266941 0.170752 0.039515
v -0.266941 0.170752 0.039515
v -0.266941 0.170752 0.039515
v -0.271489 0.167134 0.111005
v -0.276533 0.187728 0.107454
v -0.265347 0.178415 0.075196
v -0.259779 0.161565 0.076793
v -0.274691 0.167257 0.125290
v -0.283876 0.193537 0.134891
v -0.272787 0.154792 0.190798
v -0.275513 0.182964 0.190504
v -0.281072 0.185415 0.165468
v -0.274336 0.163281 0.133103
v -0.269174 0.178666 0.010507
v -0.269174 0.178666 0.010507
v -0.257474 0.170634 0.010507
v -0.281771 0.183536 0.029165
v -0.281771 0.183536 0.029165
v -0.276559 0.194270 0.021982
v -0.269626 0.186034 0.046419
v -0.277660 0.181248 0.037356
v -0.277660 0.181248 0.037356
v -0.259534 0.178504 0.048447
v -0.259534 0.178504 0.048447
v -0.272246 0.192566 0.015970
v -0.275008 0.189399 0.042495
v -0.277984 0.193713 0.033692
v -0.270113 0.170448 0.027492
v -0.270113 0.170448 0.027492
v -0.283867 0.191885 0.152036
v -0.279748 0.176717 0.130423
v -0.274656 0.175642 0.109308
v -0.277425 0.169889 0.147588
v -0.273041 0.154430 0.135932
v -0.272473 0.154702 0.171109
v -0.274276 0.167183 0.181722
v -0.243471 0.181412 0.000000
v -0.235754 0.185193 0.021014
v -0.253243 0.194039 0.000000
v -0.253243 0.194039 0.000000
v -0.255152 0.208157 0.021014
v -0.264214 0.192439 0.000000
v -0.272060 0.200249 0.021014
v -0.247428 0.175731 0.000000
v -0.247428 0.175731 0.000000
v -0.244085 0.172404 0.021014
v -0.244085 0.172404 0.021014
v -0.247005 0.199565 0.040141
v -0.247005 0.199565 0.040141
v -0.265163 0.193384 0.048390
v -0.231653 0.184011 0.059375
v -0.245801 0.188714 0.059375
v -0.256297 0.184559 0.059375
v -0.235357 0.163716 0.059375
v -0.235357 0.163716 0.059375
v -0.231446 0.183681 0.039515
v -0.237406 0.165755 0.039515
v -0.237406 0.165755 0.039515
v -0.255027 0.183295 0.049051
v -0.255027 0.183295 0.049051
v -0.242539 0.189972 0.039515
v -0.242539 0.189972 0.039515
v -0.242539 0.189972 0.039515
v -0.238942 0.199831 0.111005
v -0.259559 0.204780 0.107454
v -0.268510 0.196716 0.104095
v -0.240571 0.168906 0.112978
v -0.240571 0.168906 0.112978
v -0.260232 0.188476 0.074713
v -0.250194 0.193638 0.075196
v -0.233319 0.188148 0.076793
v -0.237202 0.165552 0.077387
v -0.237202 0.165552 0.077387
v -0.239080 0.203033 0.125290
v -0.265402 0.212096 0.134891
v -0.277037 0.205204 0.137214
v -0.240278 0.168614 0.125869
v -0.240278 0.168614 0.125869
v -0.226607 0.201186 0.190798
v -0.254791 0.203783 0.190504
v -0.270467 0.198664 0.190504
v -0.226709 0.155107 0.190245
v -0.226709 0.155107 0.190245
v -0.272461 0.200649 0.165840
v -0.257268 0.209329 0.165468
v -0.235102 0.202696 0.133103
v -0.238718 0.167061 0.132847
v -0.238718 0.167061 0.132847
v -0.238718 0.167061 0.132847
v -0.238718 0.167061 0.132847
v -0.250463 0.197463 0.010507
v -0.250463 0.197463 0.010507
v -0.242378 0.185800 0.010507
v -0.245499 0.173811 0.010507
v -0.245499 0.173811 0.010507
v -0.265121 0.193343 0.010507
v -0.273302 0.201486 0.033276
v -0.255392 0.210038 0.029165
v -0.255392 0.210038 0.029165
v -0.266101 0.204776 0.021982
v -0.257834 0.197881 0.046419
v -0.253085 0.205937 0.037356
v -0.253085 0.205937 0.037356
v -0.270734 0.198929 0.043050
v -0.250257 0.187824 0.048447
v -0.250257 0.187824 0.048447
v -0.264377 0.200470 0.015970
v -0.261224 0.203247 0.042495
v -0.265551 0.206203 0.033692
v -0.242250 0.198440 0.027492
v -0.242250 0.198440 0.027492
v -0.275840 0.204011 0.152079
v -0.263750 0.212095 0.152036
v -0.248564 0.208046 0.130423
v -0.247465 0.202959 0.109308
v -0.241725 0.205754 0.147588
v -0.226245 0.201442 0.135932
v -0.227135 0.155532 0.139523
v -0.227135 0.155532 0.139523
v -0.226515 0.200873 0.171109
v -0.239004 0.202619 0.181722
v 0.265551 0.206203 0.033692
v 0.261224 0.203247 0.042495
v 0.264377 0.200470 0.015970
v 0.250257 0.187824 0.048448
v 0.250257 0.187824 0.048448
v 0.270734 0.198929 0.043050
v 0.253085 0.205937 0.037356
v 0.253085 0.205937 0.037356
v 0.257834 0.197881 0.046419
v 0.266101 0.204776 0.021982
v 0.255392 0.210038 0.029165
v 0.255392 0.210038 0.029165
v 0.273302 0.201486 0.033276
v 0.265121 0.193343 0.010507
v 0.245499 0.173811 0.010507
v 0.245499 0.173811 0.010507
v 0.242378 0.185800 0.010507
v 0.250463 0.197463 0.010507
v 0.250463 0.197463 0.010507
v 0.238718 0.167061 0.132847
v 0.238718 0.167061 0.132847
v 0.238718 0.167061 0.132847
v 0.238718 0.167061 0.132847
v 0.235102 0.202696 0.133103
v 0.257268 0.209329 0.165468
v 0.272461 0.200649 0.165840
v 0.226709 0.155107 0.190245
v 0.226709 0.155107 0.190245
v 0.270467 0.198664 0.190504
v 0.254791 0.203783 0.190504
v 0.226607 0.201186 0.190798
v 0.240278 0.168614 0.125869
v 0.240278 0.168614 0.125869
v 0.277038 0.205204 0.137214
v 0.265402 0.212096 0.134891
v 0.239080 0.203033 0.125290
v 0.237202 0.165552 0.077387
v 0.237202 0.165552 0.077387
v 0.233319 0.188148 0.076793
v 0.250194 0.193638 0.075196
v 0.260232 0.188476 0.074713
v 0.240571 0.168905 0.112978
v 0.240571 0.168905 0.112978
v 0.268510 0.196716 0.104095
v 0.259559 0.204780 0.107454
v 0.238942 0.199831 0.111005
v 0.242539 0.189972 0.039515
v 0.242539 0.189972 0.039515
v 0.242539 0.189972 0.039515
v 0.255027 0.183295 0.049051
v 0.255027 0.183295 0.049051
v 0.237406 0.165755 0.039515
v 0.237406 0.165755 0.039515
v 0.231446 0.183681 0.039515
v 0.235357 0.163716 0.059375
v 0.235357 0.163716 0.059375
v 0.256297 0.184559 0.059375
v 0.245801 0.188714 0.059375
v 0.231653 0.184011 0.059375
v 0.265163 0.193384 0.048390
v 0.247005 0.199565 0.040141
v 0.247005 0.199565 0.040141
v 0.244085 0.172403 0.021014
v 0.244085 0.172403 0.021014
v 0.247428 0.175731 0.000000
v 0.247428 0.175731 0.000000
v 0.272060 0.200249 0.021014
v 0.264214 0.192439 0.000000
v 0.255152 0.208157 0.021014
v 0.253243 0.194039 0.000000
v 0.253243 0.194039 0.000000
v 0.235754 0.185193 0.021014
v 0.243471 0.181412 0.000000
v 0.274276 0.167183 0.181722
v 0.272473 0.154702 0.171109
v 0.273041 0.154429 0.135932
v 0.277425 0.169889 0.147588
v 0.274656 0.175642 0.109308
v 0.279748 0.176717 0.130423
v 0.283867 0.191885 0.152036
v 0.270113 0.170448 0.027492
v 0.270113 0.170448 0.027492
v 0.277984 0.193713 0.033692
v 0.275008 0.189399 0.042495
v 0.272246 0.192566 0.015970
v 0.259534 0.178504 0.048448
v 0.259534 0.178504 0.048448
v 0.277660 0.181248 0.037356
v 0.277660 0.181248 0.037356
v 0.269626 0.186034 0.046419
v 0.276559 0.194270 0.021982
v 0.281772 0.183536 0.029165
v 0.281772 0.183536 0.029165
v 0.257474 0.170634 0.010507
v 0.269174 0.178665 0.010507
v 0.269174 0.178665 0.010507
v 0.274336 0.163281 0.133103
v 0.281072 0.185415 0.165468
v 0.275513 0.182964 0.190504
v 0.272787 0.154792 0.190798
v 0.283876 0.193537 0.134891
v 0.274692 0.167257 0.125290
v 0.259779 0.161565 0.076793
v 0.265347 0.178414 0.075196
v 0.276533 0.187728 0.107454
v 0.271489 0.167134 0.111005
v 0.266941 0.170752 0.039515
v 0.266941 0.170752 0.039515
v 0.266941 0.170752 0.039515
v 0.255304 0.159713 0.039515
v 0.260403 0.174044 0.059375
v 0.255635 0.159918 0.059375
v 0.274187 0.177976 0.040331
v 0.274187 0.177976 0.040331
v 0.279889 0.183305 0.021014
v 0.265763 0.181461 0.000000
v 0.265763 0.181461 0.000000
v 0.256836 0.164013 0.021014
v 0.253091 0.171747 0.000000
v 0.272819 -0.154736 0.142744
v 0.272819 -0.154736 0.138749
v 0.272819 0.155789 0.138749
v 0.272819 0.155789 0.142744
v 0.267724 -0.155068 0.146555
v 0.267724 0.156842 0.146555
v 0.267724 -0.155068 0.191726
v 0.267724 0.154967 0.191726
v 0.267724 -0.155068 0.135681
v 0.267724 0.156842 0.135681
v 0.239004 -0.202619 0.181722
v 0.226515 -0.200873 0.171109
v 0.227135 -0.155532 0.139523
v 0.227135 -0.155532 0.139523
v 0.226245 -0.201442 0.135932
v 0.241725 -0.205754 0.147588
v 0.247465 -0.202959 0.109308
v 0.248564 -0.208046 0.130423
v 0.263750 -0.212095 0.152036
v 0.275839 -0.204011 0.152079
v 0.242250 -0.198440 0.027492
v 0.242250 -0.198440 0.027492
v 0.265551 -0.206203 0.033692
v 0.261224 -0.203247 0.042495
v 0.264377 -0.200470 0.015970
v 0.250257 -0.187824 0.048448
v 0.250257 -0.187824 0.048448
v 0.270734 -0.198929 0.043050
v 0.253085 -0.205937 0.037356
v 0.253085 -0.205937 0.037356
v 0.257834 -0.197881 0.046419
v 0.266101 -0.204776 0.021982
v 0.255392 -0.210038 0.029165
v 0.255392 -0.210038 0.029165
v 0.273302 -0.201486 0.033276
v 0.265121 -0.193343 0.010507
v 0.245499 -0.173811 0.010507
v 0.245499 -0.173811 0.010507
v 0.242378 -0.185800 0.010507
v 0.250463 -0.197463 0.010507
v 0.250463 -0.197463 0.010507
v 0.238718 -0.167061 0.132847
v 0.238718 -0.167061 0.132847
v 0.238718 -0.167061 0.132847
v 0.238718 -0.167061 0.132847
v 0.235102 -0.202696 0.133103
v 0.257268 -0.209329 0.165468
v 0.272461 -0.200649 0.165840
v 0.226709 -0.155107 0.190245
v 0.226709 -0.155107 0.190245
v 0.270467 -0.198664 0.190504
v 0.254791 -0.203783 0.190504
v 0.226607 -0.201186 0.190798
v 0.240278 -0.168614 0.125869
v 0.240278 -0.168614 0.125869
v 0.277037 -0.205204 0.137214
v 0.265402 -0.212096 0.134891
v 0.239080 -0.203033 0.125290
v 0.237202 -0.165552 0.077387
v 0.237202 -0.165552 0.077387
v 0.233319 -0.188148 0.076793
v 0.250194 -0.193638 0.075196
v 0.260232 -0.188476 0.074713
v 0.240571 -0.168906 0.112978
v 0.240571 -0.168906 0.112978
v 0.268510 -0.196716 0.104095
v 0.259559 -0.204780 0.107454
v 0.238942 -0.199831 0.111005
v 0.242539 -0.189972 0.039515
v 0.242539 -0.189972 0.039515
v 0.242539 -0.189972 0.039515
v 0.255027 -0.183295 0.049051
v 0.255027 -0.183295 0.049051
v 0.237406 -0.165755 0.039515
v 0.237406 -0.165755 0.039515
v 0.231446 -0.183681 0.039515
v 0.235357 -0.163716 0.059375
v 0.235357 -0.163716 0.059375
v 0.256297 -0.184559 0.059375
v 0.245801 -0.188714 0.059375
v 0.231653 -0.184011 0.059375
v 0.265163 -0.193384 0.048390
v 0.247005 -0.199565 0.040141
v 0.247005 -0.199565 0.040141
v 0.244085 -0.172404 0.021014
v 0.244085 -0.172404 0.021014
v 0.247428 -0.175731 0.000000
v 0.247428 -0.175731 0.000000
v 0.272060 -0.200249 0.021014
v 0.264214 -0.192439 0.000000
v 0.255152 -0.208157 0.021014
v 0.253243 -0.194039 0.000000
v 0.253243 -0.194039 0.000000
v 0.235754 -0.185193 0.021014
v 0.243471 -0.181412 0.000000
v 0.274276 -0.167183 0.181722
v 0.272473 -0.154702 0.171109
v 0.273041 -0.154430 0.135932
v 0.277425 -0.169889 0.147588
v 0.274656 -0.175642 0.109308
v 0.279748 -0.176717 0.130423
v 0.283867 -0.191885 0.152036
v 0.270113 -0.170448 0.027492
v 0.270113 -0.170448 0.027492
v 0.277984 -0.193713 0.033692
v 0.275008 -0.189399 0.042495
v 0.272246 -0.192566 0.015970
v 0.259534 -0.178504 0.048448
v 0.259534 -0.178504 0.048448
v 0.277660 -0.181248 0.037356
v 0.277660 -0.181248 0.037356
v 0.269626 -0.186034 0.046419
v 0.276559 -0.194270 0.021982
v 0.281772 -0.183536 0.029165
v 0.281772 -0.183536 0.029165
v 0.257474 -0.170634 0.010507
v 0.269174 -0.178666 0.010507
v 0.269174 -0.178666 0.010507
v 0.274336 -0.163281 0.133103
v 0.281072 -0.185415 0.165468
v 0.275513 -0.182964 0.190504
v 0.272787 -0.154792 0.190798
v 0.283876 -0.193537 0.134891
v 0.274691 -0.167257 0.125290
v 0.259779 -0.161565 0.076793
v 0.265347 -0.178415 0.075196
v 0.276533 -0.187728 0.107454
v 0.271489 -0.167134 0.111005
v 0.266941 -0.170752 0.039515
v 0.266941 -0.170752 0.039515
v 0.266941 -0.170752 0.039515
v 0.255304 -0.159713 0.039515
v 0.260403 -0.174044 0.059375
v 0.255635 -0.159918 0.059375
v 0.274187 -0.177976 0.040331
v 0.274187 -0.177976 0.040331
v 0.279889 -0.183305 0.021014
v 0.265763 -0.181461 0.000000
v 0.265763 -0.181461 0.000000
v 0.256836 -0.164013 0.021014
v 0.253091 -0.171747 0.000000
v 0.242250 0.198440 0.027492
v 0.242250 0.198440 0.027492
v 0.275839 0.204011 0.152079
v 0.263750 0.212095 0.152036
v 0.248564 0.208046 0.130423
v 0.247465 0.202959 0.109308
v 0.241725 0.205754 0.147588
v 0.226245 0.201442 0.135932
v 0.227135 0.155532 0.139523
v 0.227135 0.155532 0.139523
v 0.226515 0.200873 0.171109
v 0.239004 0.202619 0.181722
v 0.230959 0.197939 0.135681
v -0.228024 0.197939 0.135681
v 0.228200 0.197939 0.191726
v -0.228024 0.197939 0.191726
v 0.230959 0.197939 0.146555
v -0.228024 0.197939 0.146555
v 0.229410 0.201011 0.142744
v 0.229410 0.201011 0.138749
v -0.227535 0.201011 0.138749
v -0.227535 0.201011 0.142744
v 0.254970 -0.176497 0.587347
v 0.255057 -0.141661 0.676593
v 0.268758 -0.166609 0.656359
v 0.254677 -0.139845 0.665574
v 0.252672 -0.144709 0.636301
v 0.257112 -0.175502 0.592972
v 0.258143 -0.157531 0.676593
v 0.248932 -0.139118 0.628188
v 0.262727 -0.161884 0.636301
v 0.257244 -0.167959 0.621838
v 0.260107 -0.149367 0.676593
v 0.258728 -0.154094 0.624378
v 0.262447 -0.154284 0.636301
v 0.267843 -0.153445 0.656359
v 0.255445 -0.175038 0.601628
v 0.261030 -0.170987 0.609542
v 0.245203 -0.167220 0.587347
v 0.247345 -0.166225 0.592972
v 0.247345 -0.166225 0.592972
v 0.247477 -0.158682 0.621838
v 0.247823 -0.146015 0.622950
v 0.245678 -0.165761 0.601628
v 0.249336 -0.159879 0.609542
v 0.255637 -0.174914 0.622414
v 0.265089 -0.179583 0.656359
v 0.262002 -0.177573 0.633363
v 0.258148 -0.171367 0.676593
v 0.249294 -0.182473 0.587347
v 0.214815 -0.184029 0.676593
v 0.240129 -0.196751 0.656359
v 0.212676 -0.184065 0.665574
v 0.217430 -0.181812 0.636301
v 0.253944 -0.181206 0.592786
v 0.248411 -0.184663 0.592972
v 0.230516 -0.186617 0.676593
v 0.253865 -0.181131 0.676593
v 0.211655 -0.178365 0.628188
v 0.235100 -0.190971 0.636301
v 0.240885 -0.185183 0.621838
v 0.262171 -0.189019 0.656359
v 0.260049 -0.187004 0.636301
v 0.254140 -0.181392 0.622950
v 0.252318 -0.179661 0.585088
v 0.222465 -0.188997 0.676593
v 0.227114 -0.187378 0.624378
v 0.227495 -0.191082 0.636301
v 0.226935 -0.196514 0.656359
v 0.247862 -0.183022 0.601628
v 0.244104 -0.188808 0.609542
v 0.239527 -0.173196 0.587347
v 0.238644 -0.175386 0.592972
v 0.238644 -0.175386 0.592972
v 0.231118 -0.175906 0.621838
v 0.242551 -0.170384 0.585088
v 0.242551 -0.170384 0.585088
v 0.218485 -0.176903 0.622950
v 0.238094 -0.173745 0.601628
v 0.232409 -0.177700 0.609542
v 0.247748 -0.183220 0.622414
v 0.252897 -0.192419 0.656359
v 0.254059 -0.181315 0.610491
v 0.250731 -0.189440 0.633363
v 0.244335 -0.185910 0.676593
v 0.253039 -0.136676 0.675349
v 0.253039 -0.136676 0.215921
v 0.211528 -0.179768 0.675349
v 0.211528 -0.179768 0.675349
v 0.211528 -0.179768 0.215921
v 0.211528 -0.179768 0.215921
v 0.245952 -0.173643 0.675349
v 0.245952 -0.173643 0.215921
v 0.250229 -0.166360 0.675349
v 0.250229 -0.166360 0.215921
v 0.239325 -0.177000 0.215921
v 0.239325 -0.177000 0.675349
v 0.257023 -0.141450 0.675349
v 0.257023 -0.141450 0.215921
v 0.215677 -0.184355 0.215921
v 0.215677 -0.184355 0.675349
v 0.248988 -0.153073 0.215921
v 0.248988 -0.153073 0.675349
v 0.226680 -0.175031 0.675349
v 0.226680 -0.175031 0.215921
v 0.254416 0.184368 0.214234
v 0.254416 0.184368 0.214234
v 0.254416 0.184368 0.214234
v 0.254416 0.184368 0.214234
v 0.254416 -0.139363 0.214234
v 0.254416 -0.139363 0.214234
v 0.254416 -0.139363 0.214234
v 0.254416 -0.139363 0.214234
v 0.254416 0.184368 0.677289
v 0.254416 0.184368 0.677289
v 0.254416 0.184368 0.677289
v 0.254416 -0.139363 0.677289
v 0.254416 -0.139363 0.677289
v 0.254416 -0.139363 0.677289
v 0.245966 0.143072 0.644777
v 0.245966 0.143072 0.644777
v 0.245966 0.143072 0.644777
v 0.245966 0.143072 0.257257
v 0.245966 0.143072 0.257257
v 0.245966 0.143072 0.257257
v 0.245966 -0.096033 0.257257
v 0.245966 -0.096033 0.257257
v 0.245966 -0.096033 0.257257
v 0.245966 -0.096033 0.644777
v 0.245966 -0.096033 0.644777
v 0.245966 -0.096033 0.644777
v 0.254416 0.153978 0.655683
v 0.254416 0.153978 0.655683
v 0.254416 0.153978 0.655683
v 0.254416 0.153978 0.655683
v 0.254416 0.153978 0.246351
v 0.254416 0.153978 0.246351
v 0.254416 0.153978 0.246351
v 0.254416 0.153978 0.246351
v 0.254416 -0.106939 0.246351
v 0.254416 -0.106939 0.246351
v 0.254416 -0.106939 0.246351
v 0.254416 -0.106939 0.246351
v 0.254416 -0.106939 0.246351
v 0.254416 -0.106939 0.655683
v 0.254416 -0.106939 0.655683
v 0.254416 -0.106939 0.655683
v 0.254416 -0.106939 0.655683
v 0.241866 0.184368 0.214234
v 0.241866 0.184368 0.214234
v 0.243832 -0.139363 0.214234
v 0.241866 0.184368 0.677289
v 0.241866 0.184368 0.677289
v 0.241866 0.184368 0.677289
v 0.243832 -0.139363 0.677289
v 0.243832 -0.139363 0.677289
v 0.254970 -0.176497 0.305078
v 0.253210 -0.143612 0.215369
v 0.268758 -0.166609 0.236065
v 0.254678 -0.139845 0.226850
v 0.252672 -0.144709 0.256123
v 0.257112 -0.175502 0.299452
v 0.258143 -0.157531 0.215831
v 0.248932 -0.139118 0.264236
v 0.262727 -0.161884 0.256123
v 0.257244 -0.167959 0.270586
v 0.257835 -0.151318 0.213905
v 0.258728 -0.154094 0.268046
v 0.262447 -0.154284 0.256123
v 0.267843 -0.153445 0.236065
v 0.255445 -0.175038 0.290796
v 0.261030 -0.170987 0.282882
v 0.245203 -0.167220 0.305078
v 0.247345 -0.166225 0.299452
v 0.247345 -0.166225 0.299452
v 0.247477 -0.158682 0.270586
v 0.247823 -0.146015 0.269475
v 0.245678 -0.165761 0.290796
v 0.249336 -0.159879 0.282882
v 0.255637 -0.174914 0.270011
v 0.265089 -0.179583 0.236065
v 0.262002 -0.177573 0.259062
v 0.258148 -0.171367 0.215831
v 0.249294 -0.182473 0.305078
v 0.217176 -0.177919 0.215571
v 0.240129 -0.196751 0.236065
v 0.215445 -0.182504 0.226850
v 0.217430 -0.181812 0.256123
v 0.253944 -0.181206 0.299639
v 0.248411 -0.184663 0.299452
v 0.230516 -0.184702 0.216162
v 0.253865 -0.181131 0.215831
v 0.211655 -0.178365 0.264236
v 0.235100 -0.190971 0.256123
v 0.240885 -0.185183 0.270586
v 0.262171 -0.189019 0.236065
v 0.260049 -0.187004 0.256123
v 0.254140 -0.181392 0.269475
v 0.252318 -0.179661 0.307336
v 0.222465 -0.181301 0.215571
v 0.227114 -0.187378 0.268046
v 0.227495 -0.191082 0.256123
v 0.226935 -0.196514 0.236065
v 0.247862 -0.183022 0.290796
v 0.244104 -0.188808 0.282882
v 0.239527 -0.173196 0.305078
v 0.238644 -0.175386 0.299452
v 0.238644 -0.175386 0.299452
v 0.231118 -0.175906 0.270586
v 0.242551 -0.170384 0.307336
v 0.242551 -0.170384 0.307336
v 0.218485 -0.176903 0.269475
v 0.238095 -0.173745 0.290796
v 0.232409 -0.177700 0.282882
v 0.247748 -0.183220 0.270011
v 0.252897 -0.192419 0.236065
v 0.254059 -0.181315 0.281934
v 0.250731 -0.189440 0.259062
v 0.244335 -0.185910 0.215831
v 0.211528 0.180945 0.675349
v 0.211529 0.180945 0.215921
v 0.241866 0.181648 0.214234
v 0.241866 0.181648 0.214234
v 0.241866 0.181648 0.677289
v -0.242069 0.183145 0.677288
v -0.242069 0.183145 0.214234
v 0.247544 0.182956 0.207218
v 0.247544 0.182956 0.207218
v 0.248193 0.182956 0.679292
v 0.247869 0.178903 0.677289
v 0.247869 0.178903 0.214234
v -0.241745 0.179092 0.207218
v -0.241745 0.179092 0.207218
v -0.242394 0.179092 0.679292
vt 0.082201 0.976298
vt 0.138256 0.838562
vt 0.103401 0.870163
vt 0.142837 0.854555
vt 0.139891 0.897118
vt 0.085995 0.969530
vt 0.112363 0.839318
vt 0.148072 0.910533
vt 0.110139 0.896121
vt 0.101662 0.921878
vt 0.124645 0.840256
vt 0.122421 0.911816
vt 0.120599 0.895215
vt 0.118971 0.869071
vt 0.088314 0.954997
vt 0.094523 0.940653
vt 0.093944 0.988842
vt 0.099134 0.981967
vt 0.105190 0.972041
vt 0.123191 0.928986
vt 0.139398 0.920129
vt 0.109604 0.960864
vt 0.116114 0.945233
vt 0.088713 0.919665
vt 0.087968 0.870941
vt 0.088700 0.899389
vt 0.092198 0.841772
vt 0.071866 0.976301
vt 0.015869 0.838562
vt 0.050601 0.870179
vt 0.011155 0.854595
vt 0.014128 0.897156
vt 0.077031 0.968667
vt 0.068068 0.969535
vt 0.041620 0.839339
vt 0.076993 0.843109
vt 0.005955 0.910576
vt 0.043879 0.896142
vt 0.052372 0.921893
vt 0.077002 0.871652
vt 0.077008 0.894179
vt 0.077016 0.918085
vt 0.077034 0.979399
vt 0.029339 0.840285
vt 0.031607 0.911844
vt 0.033419 0.895242
vt 0.035031 0.869097
vt 0.065740 0.955004
vt 0.059522 0.940663
vt 0.060131 0.988852
vt 0.048874 0.972058
vt 0.054936 0.981981
vt 0.030847 0.929014
vt 0.065307 0.993016
vt 0.088770 0.993009
vt 0.014634 0.920167
vt 0.044453 0.960884
vt 0.037934 0.945257
vt 0.065319 0.919672
vt 0.066034 0.870948
vt 0.077022 0.939802
vt 0.065320 0.899396
vt 0.061787 0.841781
vt 0.924656 0.293997
vt 0.924656 0.529541
vt 0.536533 0.961935
vt 0.879950 0.294030
vt 0.536533 0.776025
vt 0.879950 0.529575
vt 0.902128 0.294011
vt 0.902128 0.529555
vt 0.906459 0.294011
vt 0.906459 0.529555
vt 0.898017 0.529560
vt 0.898017 0.294016
vt 0.920545 0.294011
vt 0.920545 0.529555
vt 0.884062 0.529560
vt 0.884061 0.294016
vt 0.913300 0.529555
vt 0.913300 0.294011
vt 0.891455 0.294016
vt 0.891456 0.529560
vt 0.596360 0.261824
vt 0.905429 0.052046
vt 0.997000 0.004682
vt 0.596360 0.082657
vt 0.905249 0.052046
vt 0.985104 0.004682
vt 0.624244 0.261824
vt 0.905429 0.291629
vt 0.624244 0.261824
vt 0.997000 0.244260
vt 0.624244 0.082657
vt 0.905249 0.291629
vt 0.985104 0.244263
vt 0.685505 0.270231
vt 0.932157 0.238173
vt 0.935047 0.464615
vt 0.685505 0.069729
vt 0.932069 0.238173
vt 0.935116 0.277374
vt 0.817837 0.069729
vt 0.932069 0.105842
vt 0.935353 0.277369
vt 0.817837 0.270231
vt 0.932157 0.105842
vt 0.935284 0.464609
vt 0.613065 0.245005
vt 0.922248 0.280451
vt 0.939295 0.244209
vt 0.927915 0.469882
vt 0.612977 0.245005
vt 0.922248 0.068664
vt 0.924931 0.244209
vt 0.927988 0.272102
vt 0.612977 0.100602
vt 0.887304 0.068664
vt 0.924931 0.099806
vt 0.942486 0.272102
vt 0.613065 0.100602
vt 0.613065 0.100602
vt 0.887304 0.280451
vt 0.939295 0.099806
vt 0.942413 0.469881
vt 0.991142 0.004682
vt 0.949013 0.100375
vt 0.990962 0.004682
vt 0.991142 0.244260
vt 0.949013 0.239358
vt 0.990962 0.244263
vt 0.607118 0.722278
vt 0.551064 0.584542
vt 0.585918 0.616142
vt 0.546482 0.600534
vt 0.549429 0.643097
vt 0.603324 0.715509
vt 0.576956 0.585297
vt 0.541247 0.656513
vt 0.579180 0.642101
vt 0.587657 0.667857
vt 0.564674 0.586236
vt 0.566899 0.657796
vt 0.568721 0.641195
vt 0.570349 0.615050
vt 0.601005 0.700976
vt 0.594797 0.686632
vt 0.595376 0.734821
vt 0.584129 0.718021
vt 0.590185 0.727947
vt 0.566128 0.674966
vt 0.549921 0.666108
vt 0.579715 0.706844
vt 0.573206 0.691212
vt 0.600607 0.665644
vt 0.601351 0.616921
vt 0.600619 0.645368
vt 0.597122 0.587751
vt 0.617454 0.722281
vt 0.673451 0.584542
vt 0.638718 0.616158
vt 0.678164 0.600574
vt 0.675191 0.643136
vt 0.612288 0.714646
vt 0.621252 0.715515
vt 0.647700 0.585319
vt 0.612327 0.589088
vt 0.683365 0.656556
vt 0.645441 0.642121
vt 0.636948 0.667872
vt 0.612318 0.617632
vt 0.612311 0.640159
vt 0.612304 0.664065
vt 0.612285 0.725379
vt 0.659981 0.586265
vt 0.657713 0.657823
vt 0.655901 0.641222
vt 0.654289 0.615076
vt 0.623580 0.700983
vt 0.629797 0.686643
vt 0.629189 0.734832
vt 0.634384 0.727960
vt 0.640446 0.718038
vt 0.658473 0.674994
vt 0.600549 0.738989
vt 0.624013 0.738996
vt 0.674685 0.666146
vt 0.644866 0.706864
vt 0.651385 0.691236
vt 0.624000 0.665651
vt 0.623285 0.616927
vt 0.612297 0.685781
vt 0.624000 0.645375
vt 0.627533 0.587760
vt 0.985016 0.587033
vt 0.985017 0.319538
vt 0.990795 0.587033
vt 0.997794 0.587033
vt 0.990795 0.319538
vt 0.997794 0.319538
vt 0.340782 0.307076
vt 0.343149 0.334721
vt 0.359339 0.305582
vt 0.369971 0.717882
vt 0.378863 0.667162
vt 0.376883 0.620948
vt 0.416427 0.649593
vt 0.338169 0.379854
vt 0.358850 0.382574
vt 0.340123 0.355605
vt 0.358606 0.354588
vt 0.381568 0.601889
vt 0.430156 0.664414
vt 0.335991 0.449226
vt 0.361860 0.450903
vt 0.360326 0.406927
vt 0.337467 0.403049
vt 0.333482 0.467959
vt 0.362958 0.481007
vt 0.319517 0.543810
vt 0.354879 0.540831
vt 0.356041 0.512022
vt 0.328586 0.477882
vt 0.361802 0.318438
vt 0.378660 0.698075
vt 0.344890 0.320289
vt 0.378925 0.650691
vt 0.387949 0.653424
vt 0.358206 0.665142
vt 0.356951 0.619497
vt 0.376347 0.632028
vt 0.405565 0.647484
vt 0.355290 0.597276
vt 0.367568 0.368880
vt 0.357054 0.678445
vt 0.358877 0.630838
vt 0.358604 0.646412
vt 0.360260 0.340159
vt 0.410834 0.679443
vt 0.361455 0.497348
vt 0.345625 0.475175
vt 0.347330 0.449943
vt 0.338411 0.493552
vt 0.321407 0.484283
vt 0.319874 0.520253
vt 0.334847 0.532442
vt 0.410376 0.307076
vt 0.408009 0.334721
vt 0.327601 0.719994
vt 0.391819 0.305582
vt 0.313709 0.670409
vt 0.348653 0.716272
vt 0.346204 0.667129
vt 0.332743 0.305642
vt 0.418415 0.305642
vt 0.326651 0.330181
vt 0.424507 0.330181
vt 0.274585 0.656662
vt 0.311085 0.624227
vt 0.343924 0.621378
vt 0.412990 0.379854
vt 0.392308 0.382574
vt 0.375579 0.384252
vt 0.313094 0.375142
vt 0.438064 0.375142
vt 0.411036 0.355605
vt 0.318539 0.352658
vt 0.432619 0.352658
vt 0.342714 0.597085
vt 0.375579 0.369976
vt 0.262397 0.672774
vt 0.304529 0.605728
vt 0.392552 0.354588
vt 0.415167 0.449226
vt 0.389298 0.450903
vt 0.375579 0.447142
vt 0.299447 0.437914
vt 0.451711 0.437914
vt 0.375579 0.407645
vt 0.390832 0.406927
vt 0.413691 0.403049
vt 0.309977 0.396309
vt 0.441181 0.396309
vt 0.417676 0.467959
vt 0.388200 0.481007
vt 0.375579 0.483298
vt 0.293317 0.452357
vt 0.457841 0.452357
vt 0.431641 0.543810
vt 0.396279 0.540831
vt 0.375579 0.541241
vt 0.263266 0.536894
vt 0.487892 0.536894
vt 0.375579 0.512809
vt 0.395117 0.512022
vt 0.422572 0.477882
vt 0.288176 0.459798
vt 0.292601 0.461010
vt 0.458557 0.461010
vt 0.462982 0.459798
vt 0.316985 0.701149
vt 0.389356 0.318438
vt 0.406269 0.320290
vt 0.329948 0.318135
vt 0.421210 0.318135
vt 0.347552 0.694177
vt 0.345285 0.648679
vt 0.303303 0.657642
vt 0.312011 0.654025
vt 0.334063 0.666345
vt 0.330775 0.620801
vt 0.285184 0.653483
vt 0.312720 0.635199
vt 0.344579 0.634522
vt 0.330218 0.598525
vt 0.383591 0.368880
vt 0.336533 0.679468
vt 0.329986 0.632278
vt 0.331805 0.647747
vt 0.283118 0.685808
vt 0.390898 0.340159
vt 0.375579 0.497339
vt 0.389703 0.497348
vt 0.405534 0.475175
vt 0.403828 0.449943
vt 0.412747 0.493552
vt 0.429751 0.484284
vt 0.273564 0.474433
vt 0.477594 0.474433
vt 0.431284 0.520253
vt 0.416311 0.532442
vt 0.248405 0.743943
vt 0.223504 0.743421
vt 0.218827 0.732590
vt 0.238115 0.644490
vt 0.239820 0.636994
vt 0.229699 0.633807
vt 0.227825 0.659277
vt 0.227825 0.659277
vt 0.248405 0.515410
vt 0.223505 0.515932
vt 0.248405 0.629677
vt 0.218827 0.526764
vt 0.217083 0.629677
vt 0.238115 0.614863
vt 0.239820 0.622360
vt 0.229699 0.625547
vt 0.227825 0.600076
vt 0.227825 0.600076
vt 0.513519 0.300668
vt 0.542186 0.502827
vt 0.982962 0.493829
vt 0.531411 0.511033
vt 0.621973 0.073544
vt 0.513519 0.296318
vt 0.540742 0.506930
vt 0.513519 0.291360
vt 0.982962 0.499328
vt 0.536798 0.509934
vt 0.513519 0.516099
vt 0.531411 0.293997
vt 0.621973 0.012937
vt 0.513519 0.501293
vt 0.542186 0.302203
vt 0.513519 0.510600
vt 0.536798 0.295096
vt 0.513519 0.505643
vt 0.540742 0.298100
vt 0.260341 0.511033
vt 0.546279 0.073544
vt 0.982962 0.222762
vt 0.249566 0.502827
vt 0.982962 0.207956
vt 0.254954 0.509934
vt 0.982962 0.217264
vt 0.251010 0.506930
vt 0.982962 0.212306
vt 0.249566 0.302203
vt 0.982962 0.007331
vt 0.260341 0.293997
vt 0.546279 0.012937
vt 0.513519 0.787165
vt 0.251009 0.298100
vt 0.513519 0.797621
vt 0.982962 0.002981
vt 0.254954 0.295096
vt 0.513519 0.792664
vt 0.458396 0.000459
vt 0.975774 0.207956
vt 0.466602 0.011234
vt 0.975774 0.222762
vt 0.462499 0.001903
vt 0.975774 0.212306
vt 0.465503 0.005847
vt 0.975774 0.217264
vt 0.975774 0.493829
vt 0.466602 0.282303
vt 0.506331 0.300668
vt 0.458396 0.293079
vt 0.506331 0.291360
vt 0.975774 0.499328
vt 0.465503 0.287691
vt 0.506331 0.296318
vt 0.462499 0.291635
vt 0.506330 0.501293
vt 0.257772 0.293079
vt 0.506330 0.516099
vt 0.249566 0.282304
vt 0.506330 0.505643
vt 0.253669 0.291635
vt 0.506330 0.510600
vt 0.250665 0.287691
vt 0.249566 0.011234
vt 0.506331 0.787165
vt 0.257772 0.000459
vt 0.975774 0.007331
vt 0.250665 0.005847
vt 0.506331 0.792664
vt 0.253669 0.001903
vt 0.506331 0.797621
vt 0.975774 0.002981
vt 0.966423 0.214141
vt 0.966423 0.203052
vt 0.966423 0.210022
vt 0.966423 0.206309
vt 0.495439 0.921550
vt 0.966423 0.480229
vt 0.495439 0.924807
vt 0.495439 0.928521
vt 0.966423 0.484348
vt 0.495439 0.713648
vt 0.495439 0.724737
vt 0.495439 0.717766
vt 0.495439 0.721479
vt 0.966423 0.006239
vt 0.495439 0.447560
vt 0.495439 0.439728
vt 0.966423 0.002981
vt 0.495439 0.443441
vt 0.670487 0.000459
vt 0.958487 0.203052
vt 0.540985 0.015719
vt 0.676634 0.008530
vt 0.958487 0.214141
vt 0.673561 0.001540
vt 0.958487 0.206309
vt 0.675810 0.004494
vt 0.958487 0.210022
vt 0.958486 0.480229
vt 0.540985 0.102544
vt 0.676634 0.274605
vt 0.503375 0.921550
vt 0.670488 0.282676
vt 0.503375 0.928521
vt 0.958486 0.484348
vt 0.675810 0.278641
vt 0.503375 0.924807
vt 0.673561 0.281595
vt 0.503375 0.724737
vt 0.473667 0.282676
vt 0.503375 0.713648
vt 0.467520 0.274605
vt 0.472748 0.102544
vt 0.503375 0.721479
vt 0.470594 0.281595
vt 0.503375 0.717766
vt 0.468344 0.278641
vt 0.467520 0.008530
vt 0.472748 0.015719
vt 0.503375 0.447560
vt 0.473667 0.000459
vt 0.958487 0.006239
vt 0.468344 0.004494
vt 0.503375 0.443441
vt 0.470593 0.001540
vt 0.503375 0.439728
vt 0.958487 0.002981
vt 0.475193 0.729905
vt 0.475193 0.891976
vt 0.442510 0.730890
vt 0.442509 0.891987
vt 0.465981 0.729916
vt 0.465980 0.891987
vt 0.469287 0.730463
vt 0.472103 0.730452
vt 0.472102 0.891804
vt 0.469286 0.891815
vt 0.250428 0.522313
vt 0.523713 0.299873
vt 0.261034 0.514107
vt 0.469776 0.108894
vt 0.718152 0.581581
vt 0.251849 0.518210
vt 0.523713 0.295531
vt 0.255731 0.515206
vt 0.523713 0.290622
vt 0.718152 0.576971
vt 0.261034 0.731143
vt 0.469775 0.187103
vt 0.523713 0.515164
vt 0.250428 0.722937
vt 0.523713 0.500498
vt 0.255731 0.730044
vt 0.523713 0.509749
vt 0.251849 0.727040
vt 0.523713 0.504840
vt 0.526985 0.511951
vt 0.565921 0.108895
vt 0.718152 0.808727
vt 0.537591 0.520157
vt 0.718152 0.821213
vt 0.532288 0.513050
vt 0.718152 0.813338
vt 0.536170 0.516054
vt 0.718152 0.817517
vt 0.537591 0.720781
vt 0.718151 0.992013
vt 0.523713 0.781974
vt 0.526985 0.728987
vt 0.565921 0.187103
vt 0.523713 0.792298
vt 0.536170 0.724884
vt 0.718151 0.995710
vt 0.523713 0.787390
vt 0.532288 0.727888
vt 0.207915 0.273756
vt 0.209586 0.277378
vt 0.208521 0.273965
vt 0.209002 0.274586
vt 0.209587 0.543111
vt 0.207916 0.546729
vt 0.209002 0.545900
vt 0.208522 0.546520
vt 0.010471 0.546636
vt 0.008799 0.543014
vt 0.009864 0.546427
vt 0.009383 0.545806
vt 0.008798 0.277281
vt 0.010470 0.273663
vt 0.009383 0.274492
vt 0.009864 0.273872
vt 0.705304 0.764004
vt 0.705304 0.754510
vt 0.705304 0.760498
vt 0.705304 0.757321
vt 0.967341 0.480413
vt 0.705304 0.990350
vt 0.967341 0.483666
vt 0.705304 0.993855
vt 0.967341 0.487342
vt 0.967342 0.272608
vt 0.967342 0.283593
vt 0.967342 0.276665
vt 0.967342 0.280341
vt 0.705304 0.584406
vt 0.967341 0.010713
vt 0.705304 0.581595
vt 0.967341 0.002981
vt 0.967341 0.006657
vt 0.549250 0.571782
vt 0.697789 0.754510
vt 0.543104 0.563838
vt 0.697789 0.764004
vt 0.546177 0.570718
vt 0.697789 0.757321
vt 0.543927 0.567810
vt 0.697789 0.760498
vt 0.543104 0.301941
vt 0.697789 0.990350
vt 0.549250 0.293997
vt 0.974856 0.480413
vt 0.543927 0.297969
vt 0.697789 0.993855
vt 0.974856 0.487342
vt 0.546177 0.295061
vt 0.974856 0.483666
vt 0.746071 0.293997
vt 0.974856 0.283593
vt 0.752217 0.301941
vt 0.974856 0.272608
vt 0.749144 0.295061
vt 0.974856 0.280341
vt 0.751394 0.297969
vt 0.974856 0.276665
vt 0.752217 0.563838
vt 0.974856 0.010713
vt 0.697789 0.584406
vt 0.746071 0.571782
vt 0.751394 0.567810
vt 0.974856 0.006657
vt 0.697789 0.581595
vt 0.749144 0.570718
vt 0.974856 0.002981
vt 0.209467 0.265574
vt 0.723946 0.821213
vt 0.213632 0.267077
vt 0.723946 0.817517
vt 0.216718 0.271022
vt 0.723946 0.813338
vt 0.217927 0.276415
vt 0.723946 0.808727
vt 0.217927 0.544077
vt 0.723946 0.581581
vt 0.216710 0.549466
vt 0.516906 0.290622
vt 0.723946 0.576971
vt 0.213623 0.553402
vt 0.516906 0.295531
vt 0.209462 0.554899
vt 0.516906 0.299873
vt 0.008919 0.554818
vt 0.516906 0.500498
vt 0.004754 0.553315
vt 0.516906 0.504840
vt 0.001668 0.549370
vt 0.516906 0.509749
vt 0.000459 0.543977
vt 0.516906 0.515165
vt 0.000459 0.276315
vt 0.516907 0.781974
vt 0.001675 0.270926
vt 0.516907 0.787390
vt 0.004763 0.266989
vt 0.516907 0.792298
vt 0.723946 0.995710
vt 0.008924 0.265493
vt 0.723946 0.992013
vt 0.727551 0.717548
vt 0.726083 0.735340
vt 0.725999 0.722621
vt 0.725298 0.728339
vt 0.763261 0.953553
vt 0.765524 0.512004
vt 0.763282 0.960905
vt 0.764824 0.967846
vt 0.765399 0.503691
vt 0.744281 0.717250
vt 0.742549 0.739340
vt 0.742013 0.725276
vt 0.741460 0.732502
vt 0.751592 0.961724
vt 0.776183 0.505497
vt 0.751375 0.967162
vt 0.779970 0.492462
vt 0.777667 0.498546
vt 0.741569 0.728758
vt 0.778729 0.495504
vt 0.198370 0.559395
vt 0.732374 0.734988
vt 0.730869 0.735143
vt 0.731808 0.718650
vt 0.204113 0.565261
vt 0.733332 0.718890
vt 0.202184 0.559923
vt 0.731624 0.728544
vt 0.730399 0.728542
vt 0.203578 0.561875
vt 0.731994 0.724657
vt 0.730949 0.723462
vt 0.203359 0.827446
vt 0.771797 0.513007
vt 0.769935 0.512626
vt 0.767778 0.953043
vt 0.197929 0.834837
vt 0.769527 0.952819
vt 0.771129 0.966178
vt 0.771583 0.503599
vt 0.203518 0.832195
vt 0.771835 0.964771
vt 0.773226 0.503243
vt 0.768852 0.960011
vt 0.201993 0.834238
vt 0.770170 0.960397
vt 0.008609 0.834536
vt 0.748870 0.739022
vt 0.747158 0.739128
vt 0.748747 0.717965
vt 0.003331 0.827119
vt 0.750750 0.718236
vt 0.005168 0.833924
vt 0.748580 0.732446
vt 0.747207 0.732492
vt 0.003490 0.831945
vt 0.749017 0.727324
vt 0.747667 0.726082
vt 0.003749 0.563666
vt 0.782972 0.504193
vt 0.780559 0.506785
vt 0.756385 0.961263
vt 0.008999 0.559094
vt 0.758315 0.961025
vt 0.782848 0.500107
vt 0.004000 0.560917
vt 0.784153 0.499772
vt 0.006189 0.559172
vt 0.759044 0.966955
vt 0.786191 0.495372
vt 0.757468 0.967405
vt 0.785121 0.494563
vt 0.747189 0.729308
vt 0.003808 0.833011
vt 0.748561 0.729422
vt 0.783737 0.497404
vt 0.004428 0.560155
vt 0.784574 0.498330
vt 0.682498 0.961935
vt 0.682498 0.776025
vt 0.946418 0.100394
vt 0.946418 0.239377
vt 0.176388 0.962780
vt 0.943644 0.887906
vt 0.251656 0.973487
vt 0.952430 0.886781
vt 0.244371 0.973487
vt 0.947649 0.885210
vt 0.248106 0.973487
vt 0.943270 0.891551
vt 0.254270 0.973487
vt 0.939753 0.887690
vt 0.258071 0.973487
vt 0.267591 0.973487
vt 0.937359 0.874577
vt 0.279896 0.973487
vt 0.940461 0.857629
vt 0.289496 0.973487
vt 0.946842 0.845934
vt 0.294000 0.973487
vt 0.952802 0.844886
vt 0.296520 0.973487
vt 0.955160 0.842354
vt 0.298788 0.973487
vt 0.955795 0.839243
vt 0.302471 0.973487
vt 0.959651 0.842474
vt 0.311223 0.973487
vt 0.968856 0.850095
vt 0.970196 0.847149
vt 0.313548 0.973487
vt 0.966168 0.829362
vt 0.326583 0.973487
vt 0.333491 0.973487
vt 0.959996 0.822135
vt 0.336252 0.973487
vt 0.963681 0.821736
vt 0.964010 0.815839
vt 0.340464 0.973487
vt 0.955187 0.803198
vt 0.351622 0.973487
vt 0.950981 0.793601
vt 0.359149 0.973487
vt 0.367348 0.973487
vt 0.950228 0.782131
vt 0.375036 0.973487
vt 0.953234 0.771818
vt 0.381420 0.973487
vt 0.957879 0.764295
vt 0.387106 0.973487
vt 0.962130 0.757673
vt 0.389983 0.973487
vt 0.963687 0.761363
vt 0.393944 0.973487
vt 0.967911 0.764735
vt 0.397449 0.973487
vt 0.972614 0.764666
vt 0.401621 0.973487
vt 0.976622 0.760582
vt 0.978522 0.753625
vt 0.406780 0.973487
vt 0.976504 0.746492
vt 0.412084 0.973487
vt 0.970636 0.742461
vt 0.417318 0.973487
vt 0.421499 0.973487
vt 0.965153 0.741216
vt 0.429764 0.973487
vt 0.971529 0.731724
vt 0.437744 0.973487
vt 0.977911 0.722709
vt 0.447562 0.973487
vt 0.982643 0.709801
vt 0.982162 0.699428
vt 0.454930 0.973487
vt 0.977882 0.691940
vt 0.461111 0.973487
vt 0.816991 0.012403
vt 0.929607 0.695288
vt 0.821974 0.013847
vt 0.934577 0.702097
vt 0.935586 0.706652
vt 0.824767 0.013847
vt 0.934973 0.711552
vt 0.827715 0.013847
vt 0.831518 0.013218
vt 0.934068 0.717948
vt 0.835601 0.013397
vt 0.937817 0.723584
vt 0.939185 0.729017
vt 0.838916 0.013847
vt 0.843144 0.013847
vt 0.938120 0.736045
vt 0.847367 0.013847
vt 0.939472 0.743012
vt 0.945864 0.746103
vt 0.851740 0.013847
vt 0.937467 0.759731
vt 0.861371 0.013847
vt 0.930534 0.782002
vt 0.875284 0.013847
vt 0.889674 0.013846
vt 0.928901 0.806162
vt 0.904452 0.013846
vt 0.932519 0.830748
vt 0.937442 0.845645
vt 0.913816 0.013846
vt 0.933125 0.856013
vt 0.920533 0.013846
vt 0.930619 0.864381
vt 0.925742 0.013846
vt 0.932964 0.013846
vt 0.929947 0.876516
vt 0.941545 0.013846
vt 0.933279 0.890533
vt 0.945993 0.013846
vt 0.937574 0.896526
vt 0.949422 0.013846
vt 0.942531 0.899071
vt 0.953251 0.013846
vt 0.948630 0.898122
vt 0.237703 0.973487
vt 0.955848 0.013846
vt 0.951904 0.895401
vt 0.953827 0.891786
vt 0.240653 0.973487
vt 0.970843 0.711841
vt 0.170528 0.936766
vt 0.967305 0.718320
vt 0.176388 0.936766
vt 0.962201 0.720448
vt 0.180900 0.936766
vt 0.956324 0.716346
vt 0.186709 0.936766
vt 0.149387 0.936766
vt 0.192908 0.936766
vt 0.955154 0.708580
vt 0.155809 0.936766
vt 0.959201 0.701674
vt 0.161674 0.936766
vt 0.966338 0.701627
vt 0.170528 0.962780
vt 0.957839 0.723178
vt 0.251656 0.997065
vt 0.248106 0.997065
vt 0.244371 0.997065
vt 0.254270 0.997065
vt 0.258071 0.997065
vt 0.267591 0.997065
vt 0.279896 0.997065
vt 0.289496 0.997065
vt 0.294000 0.997065
vt 0.296520 0.997065
vt 0.298788 0.997065
vt 0.302471 0.997065
vt 0.311223 0.997065
vt 0.313548 0.997065
vt 0.326583 0.997065
vt 0.333491 0.997065
vt 0.336252 0.997065
vt 0.340464 0.997065
vt 0.351622 0.997065
vt 0.359149 0.997065
vt 0.367348 0.997065
vt 0.375036 0.997065
vt 0.381420 0.997065
vt 0.387106 0.997065
vt 0.389983 0.997065
vt 0.393944 0.997065
vt 0.397449 0.997065
vt 0.401621 0.997065
vt 0.406780 0.997065
vt 0.412084 0.997065
vt 0.417318 0.997065
vt 0.421499 0.997065
vt 0.429764 0.997065
vt 0.437744 0.997065
vt 0.447561 0.997065
vt 0.454930 0.997065
vt 0.461111 0.997065
vt 0.816991 0.033490
vt 0.821974 0.033490
vt 0.824767 0.033490
vt 0.827715 0.033490
vt 0.831518 0.033490
vt 0.835601 0.033490
vt 0.838916 0.033490
vt 0.843144 0.033490
vt 0.847367 0.033490
vt 0.851740 0.033490
vt 0.861371 0.033490
vt 0.875284 0.033490
vt 0.889674 0.033490
vt 0.904452 0.033490
vt 0.913816 0.033490
vt 0.920533 0.033490
vt 0.925742 0.033490
vt 0.932964 0.033490
vt 0.941545 0.033490
vt 0.945993 0.033490
vt 0.949422 0.033490
vt 0.953251 0.033490
vt 0.237703 0.997065
vt 0.955848 0.033490
vt 0.240653 0.997065
vt 0.180900 0.962780
vt 0.186709 0.962780
vt 0.149387 0.962780
vt 0.192908 0.962780
vt 0.155809 0.962780
vt 0.161674 0.962780
vt 0.165907 0.988910
vt 0.677745 0.973487
vt 0.943644 0.490267
vt 0.685030 0.973487
vt 0.952430 0.491392
vt 0.681295 0.973487
vt 0.947649 0.492962
vt 0.675131 0.973487
vt 0.943270 0.486622
vt 0.671330 0.973487
vt 0.939753 0.490482
vt 0.937359 0.503596
vt 0.661810 0.973487
vt 0.940461 0.520543
vt 0.649505 0.973487
vt 0.946842 0.532239
vt 0.639905 0.973487
vt 0.952802 0.533286
vt 0.635401 0.973487
vt 0.955160 0.535818
vt 0.632881 0.973487
vt 0.955795 0.538929
vt 0.630613 0.973487
vt 0.959651 0.535699
vt 0.626930 0.973487
vt 0.968856 0.528078
vt 0.618178 0.973487
vt 0.615853 0.973487
vt 0.970196 0.531023
vt 0.602818 0.973487
vt 0.966168 0.548811
vt 0.959996 0.556038
vt 0.595910 0.973487
vt 0.963681 0.556436
vt 0.593149 0.973487
vt 0.588937 0.973487
vt 0.964010 0.562333
vt 0.577779 0.973487
vt 0.955187 0.574974
vt 0.570252 0.973487
vt 0.950981 0.584571
vt 0.950228 0.596042
vt 0.562053 0.973487
vt 0.953234 0.606354
vt 0.554365 0.973487
vt 0.957879 0.613877
vt 0.547981 0.973487
vt 0.962130 0.620500
vt 0.542294 0.973487
vt 0.963687 0.616809
vt 0.539418 0.973487
vt 0.967911 0.613438
vt 0.535457 0.973487
vt 0.972614 0.613506
vt 0.531952 0.973487
vt 0.976622 0.617590
vt 0.527780 0.973487
vt 0.522621 0.973487
vt 0.978522 0.624547
vt 0.517316 0.973487
vt 0.976504 0.631680
vt 0.512083 0.973487
vt 0.970636 0.635711
vt 0.965153 0.636956
vt 0.507901 0.973487
vt 0.971529 0.646448
vt 0.499637 0.973487
vt 0.977911 0.655463
vt 0.491657 0.973487
vt 0.982643 0.668371
vt 0.481839 0.973487
vt 0.474471 0.973487
vt 0.982162 0.678744
vt 0.468290 0.973487
vt 0.977882 0.686232
vt 0.464700 0.973487
vt 0.973876 0.689086
vt 0.928602 0.689086
vt 0.813193 0.012403
vt 0.929607 0.682884
vt 0.809395 0.012403
vt 0.934577 0.676075
vt 0.804412 0.013847
vt 0.801619 0.013847
vt 0.935586 0.671521
vt 0.798671 0.013847
vt 0.934973 0.666621
vt 0.934068 0.660224
vt 0.794868 0.013218
vt 0.937817 0.654589
vt 0.790785 0.013397
vt 0.787470 0.013847
vt 0.939185 0.649155
vt 0.938120 0.642128
vt 0.783243 0.013847
vt 0.939472 0.635161
vt 0.779019 0.013847
vt 0.774646 0.013847
vt 0.945864 0.632069
vt 0.765015 0.013847
vt 0.937467 0.618441
vt 0.751102 0.013847
vt 0.930534 0.596171
vt 0.928901 0.572010
vt 0.736712 0.013847
vt 0.932519 0.547424
vt 0.721934 0.013847
vt 0.712571 0.013847
vt 0.937442 0.532527
vt 0.705853 0.013847
vt 0.933125 0.522160
vt 0.700644 0.013847
vt 0.930619 0.513792
vt 0.929947 0.501657
vt 0.693423 0.013847
vt 0.933279 0.487639
vt 0.684841 0.013847
vt 0.937574 0.481647
vt 0.680393 0.013847
vt 0.942531 0.479102
vt 0.676964 0.013847
vt 0.948630 0.480051
vt 0.673135 0.013847
vt 0.951903 0.482772
vt 0.670539 0.013847
vt 0.691698 0.973487
vt 0.688748 0.973487
vt 0.953827 0.486386
vt 0.171767 0.962896
vt 0.970843 0.666332
vt 0.165907 0.962896
vt 0.967305 0.659852
vt 0.161395 0.962896
vt 0.962201 0.657725
vt 0.155586 0.962896
vt 0.956324 0.661826
vt 0.955154 0.669592
vt 0.149387 0.962896
vt 0.192908 0.962896
vt 0.959201 0.676498
vt 0.186486 0.962896
vt 0.966338 0.676546
vt 0.180621 0.962896
vt 0.171767 0.988910
vt 0.957839 0.654994
vt 0.677745 0.997065
vt 0.681295 0.997065
vt 0.685030 0.997065
vt 0.675131 0.997065
vt 0.671330 0.997065
vt 0.661810 0.997065
vt 0.649505 0.997065
vt 0.639905 0.997065
vt 0.635401 0.997065
vt 0.632881 0.997065
vt 0.630613 0.997065
vt 0.626930 0.997065
vt 0.618178 0.997065
vt 0.615853 0.997065
vt 0.602818 0.997065
vt 0.595910 0.997065
vt 0.593149 0.997065
vt 0.588937 0.997065
vt 0.577779 0.997065
vt 0.570252 0.997065
vt 0.562053 0.997065
vt 0.554365 0.997065
vt 0.547981 0.997065
vt 0.542294 0.997065
vt 0.539418 0.997065
vt 0.535457 0.997065
vt 0.531952 0.997065
vt 0.527780 0.997065
vt 0.522621 0.997065
vt 0.517316 0.997065
vt 0.512083 0.997065
vt 0.507901 0.997065
vt 0.499637 0.997065
vt 0.491657 0.997065
vt 0.481839 0.997065
vt 0.474471 0.997065
vt 0.468290 0.997065
vt 0.464700 0.997065
vt 0.813193 0.033490
vt 0.809395 0.033490
vt 0.804412 0.033490
vt 0.801619 0.033490
vt 0.798671 0.033490
vt 0.794868 0.033490
vt 0.790785 0.033490
vt 0.787470 0.033490
vt 0.783243 0.033490
vt 0.779019 0.033490
vt 0.774646 0.033490
vt 0.765015 0.033490
vt 0.751102 0.033490
vt 0.736712 0.033490
vt 0.721934 0.033490
vt 0.712571 0.033491
vt 0.705853 0.033491
vt 0.700644 0.033490
vt 0.693423 0.033490
vt 0.684841 0.033490
vt 0.680393 0.033490
vt 0.676964 0.033490
vt 0.673135 0.033490
vt 0.670539 0.033490
vt 0.691698 0.997065
vt 0.688748 0.997065
vt 0.161395 0.988910
vt 0.155586 0.988910
vt 0.149387 0.988910
vt 0.192908 0.988910
vt 0.186486 0.988910
vt 0.180621 0.988910
vt 0.956148 0.689086
vt 0.941512 0.889621
vt 0.256171 0.973487
vt 0.938556 0.881133
vt 0.262831 0.973487
vt 0.273743 0.973487
vt 0.938910 0.866103
vt 0.673230 0.973487
vt 0.941511 0.488552
vt 0.666570 0.973487
vt 0.938556 0.497039
vt 0.938910 0.512070
vt 0.655657 0.973487
vt 0.340782 0.307076
vt 0.343149 0.334721
vt 0.359339 0.305582
vt 0.369971 0.717882
vt 0.378863 0.667162
vt 0.376883 0.620948
vt 0.416427 0.649593
vt 0.338169 0.379854
vt 0.358850 0.382574
vt 0.340123 0.355605
vt 0.358606 0.354588
vt 0.381568 0.601889
vt 0.430156 0.664414
vt 0.335991 0.449226
vt 0.361860 0.450903
vt 0.360326 0.406927
vt 0.337467 0.403049
vt 0.333482 0.467959
vt 0.362958 0.481007
vt 0.319517 0.543810
vt 0.354879 0.540831
vt 0.356041 0.512022
vt 0.328586 0.477882
vt 0.361802 0.318438
vt 0.378660 0.698075
vt 0.344890 0.320289
vt 0.378925 0.650691
vt 0.387949 0.653424
vt 0.358206 0.665142
vt 0.356951 0.619497
vt 0.376347 0.632028
vt 0.405565 0.647484
vt 0.355290 0.597276
vt 0.367568 0.368880
vt 0.357054 0.678445
vt 0.358877 0.630838
vt 0.358604 0.646412
vt 0.360260 0.340159
vt 0.410834 0.679443
vt 0.361455 0.497348
vt 0.345625 0.475175
vt 0.347330 0.449943
vt 0.338411 0.493552
vt 0.321407 0.484283
vt 0.319874 0.520253
vt 0.334847 0.532442
vt 0.410376 0.307076
vt 0.408009 0.334721
vt 0.327601 0.719994
vt 0.391819 0.305582
vt 0.313709 0.670409
vt 0.348653 0.716272
vt 0.346204 0.667129
vt 0.332743 0.305642
vt 0.418415 0.305642
vt 0.326651 0.330181
vt 0.424507 0.330181
vt 0.274585 0.656662
vt 0.311085 0.624227
vt 0.343924 0.621378
vt 0.412990 0.379854
vt 0.392308 0.382574
vt 0.375579 0.384252
vt 0.313094 0.375142
vt 0.438064 0.375142
vt 0.411036 0.355605
vt 0.318539 0.352658
vt 0.432619 0.352658
vt 0.342714 0.597085
vt 0.375579 0.369976
vt 0.262397 0.672774
vt 0.304529 0.605728
vt 0.392552 0.354588
vt 0.415167 0.449226
vt 0.389298 0.450903
vt 0.375579 0.447142
vt 0.299447 0.437914
vt 0.451711 0.437914
vt 0.375579 0.407645
vt 0.390832 0.406927
vt 0.413691 0.403049
vt 0.309977 0.396309
vt 0.441181 0.396309
vt 0.417676 0.467959
vt 0.388200 0.481007
vt 0.375579 0.483298
vt 0.293317 0.452357
vt 0.457841 0.452357
vt 0.431641 0.543810
vt 0.396279 0.540831
vt 0.375579 0.541241
vt 0.263266 0.536894
vt 0.487892 0.536894
vt 0.375579 0.512809
vt 0.395117 0.512022
vt 0.422572 0.477882
vt 0.288176 0.459798
vt 0.292601 0.461010
vt 0.458557 0.461010
vt 0.462982 0.459798
vt 0.316985 0.701149
vt 0.389356 0.318438
vt 0.406269 0.320290
vt 0.329948 0.318135
vt 0.421210 0.318135
vt 0.347552 0.694177
vt 0.345285 0.648679
vt 0.303303 0.657642
vt 0.312011 0.654025
vt 0.334063 0.666345
vt 0.330775 0.620801
vt 0.285184 0.653483
vt 0.312720 0.635199
vt 0.344579 0.634522
vt 0.330218 0.598525
vt 0.383591 0.368880
vt 0.336533 0.679468
vt 0.329986 0.632278
vt 0.331805 0.647747
vt 0.283118 0.685808
vt 0.390898 0.340159
vt 0.375579 0.497339
vt 0.389703 0.497348
vt 0.405534 0.475175
vt 0.403828 0.449943
vt 0.412747 0.493552
vt 0.429751 0.484284
vt 0.273564 0.474433
vt 0.477594 0.474433
vt 0.431284 0.520253
vt 0.416311 0.532442
vt 0.331805 0.647747
vt 0.329986 0.632278
vt 0.336533 0.679468
vt 0.330218 0.598525
vt 0.383591 0.368880
vt 0.344579 0.634522
vt 0.285184 0.653483
vt 0.312720 0.635199
vt 0.330775 0.620801
vt 0.334063 0.666345
vt 0.303303 0.657642
vt 0.312011 0.654025
vt 0.345285 0.648679
vt 0.347552 0.694177
vt 0.329948 0.318135
vt 0.421210 0.318135
vt 0.406269 0.320290
vt 0.316985 0.701149
vt 0.389356 0.318438
vt 0.288176 0.459798
vt 0.292601 0.461010
vt 0.458557 0.461010
vt 0.462982 0.459798
vt 0.422572 0.477882
vt 0.395117 0.512022
vt 0.375579 0.512809
vt 0.263266 0.536894
vt 0.487892 0.536894
vt 0.375579 0.541241
vt 0.396279 0.540831
vt 0.431641 0.543810
vt 0.293317 0.452357
vt 0.457841 0.452357
vt 0.375579 0.483298
vt 0.388200 0.481007
vt 0.417676 0.467959
vt 0.309977 0.396309
vt 0.441181 0.396309
vt 0.413691 0.403049
vt 0.390832 0.406927
vt 0.375579 0.407645
vt 0.299447 0.437914
vt 0.451711 0.437914
vt 0.375579 0.447142
vt 0.389298 0.450903
vt 0.415167 0.449226
vt 0.262397 0.672774
vt 0.304529 0.605728
vt 0.392552 0.354588
vt 0.342714 0.597085
vt 0.375579 0.369976
vt 0.318539 0.352658
vt 0.432619 0.352658
vt 0.411036 0.355605
vt 0.313094 0.375142
vt 0.438064 0.375142
vt 0.375579 0.384252
vt 0.392308 0.382574
vt 0.412990 0.379854
vt 0.343924 0.621378
vt 0.274585 0.656662
vt 0.311085 0.624227
vt 0.326651 0.330181
vt 0.424507 0.330181
vt 0.332743 0.305642
vt 0.418415 0.305642
vt 0.346204 0.667129
vt 0.348653 0.716272
vt 0.313709 0.670409
vt 0.327601 0.719994
vt 0.391819 0.305582
vt 0.408009 0.334721
vt 0.410376 0.307076
vt 0.334847 0.532442
vt 0.319874 0.520253
vt 0.321407 0.484283
vt 0.338411 0.493552
vt 0.347330 0.449943
vt 0.345625 0.475175
vt 0.361455 0.497348
vt 0.360260 0.340159
vt 0.410834 0.679443
vt 0.358604 0.646412
vt 0.358877 0.630838
vt 0.357054 0.678445
vt 0.355290 0.597276
vt 0.367568 0.368880
vt 0.376347 0.632028
vt 0.405565 0.647484
vt 0.356951 0.619497
vt 0.358206 0.665142
vt 0.378925 0.650691
vt 0.387949 0.653424
vt 0.344890 0.320289
vt 0.361802 0.318438
vt 0.378660 0.698075
vt 0.328586 0.477882
vt 0.356041 0.512022
vt 0.354879 0.540831
vt 0.319517 0.543810
vt 0.362958 0.481007
vt 0.333482 0.467959
vt 0.337467 0.403049
vt 0.360326 0.406927
vt 0.361860 0.450903
vt 0.335991 0.449226
vt 0.358606 0.354588
vt 0.381568 0.601889
vt 0.430156 0.664414
vt 0.340123 0.355605
vt 0.358850 0.382574
vt 0.338169 0.379854
vt 0.376883 0.620948
vt 0.416427 0.649593
vt 0.378863 0.667162
vt 0.359339 0.305582
vt 0.369971 0.717882
vt 0.343149 0.334721
vt 0.340782 0.307076
vt 0.469286 0.891815
vt 0.472102 0.891804
vt 0.472103 0.730452
vt 0.469287 0.730463
vt 0.465980 0.891987
vt 0.465981 0.729916
vt 0.442509 0.891987
vt 0.442510 0.730890
vt 0.475193 0.891976
vt 0.475193 0.729905
vt 0.416311 0.532442
vt 0.431284 0.520253
vt 0.273564 0.474433
vt 0.477594 0.474433
vt 0.429751 0.484284
vt 0.412747 0.493552
vt 0.403828 0.449943
vt 0.405534 0.475175
vt 0.389703 0.497348
vt 0.375579 0.497339
vt 0.283118 0.685808
vt 0.390898 0.340159
vt 0.331805 0.647747
vt 0.329986 0.632278
vt 0.336533 0.679468
vt 0.330218 0.598525
vt 0.383591 0.368880
vt 0.344579 0.634522
vt 0.285184 0.653483
vt 0.312720 0.635199
vt 0.330775 0.620801
vt 0.334063 0.666345
vt 0.303303 0.657642
vt 0.312011 0.654025
vt 0.345285 0.648679
vt 0.347552 0.694177
vt 0.329948 0.318135
vt 0.421210 0.318135
vt 0.406269 0.320290
vt 0.316985 0.701149
vt 0.389356 0.318438
vt 0.288176 0.459798
vt 0.292601 0.461010
vt 0.458557 0.461010
vt 0.462982 0.459798
vt 0.422572 0.477882
vt 0.395117 0.512022
vt 0.375579 0.512809
vt 0.263266 0.536894
vt 0.487892 0.536894
vt 0.375579 0.541241
vt 0.396279 0.540831
vt 0.431641 0.543810
vt 0.293317 0.452357
vt 0.457841 0.452357
vt 0.375579 0.483298
vt 0.388200 0.481007
vt 0.417676 0.467959
vt 0.309977 0.396309
vt 0.441181 0.396309
vt 0.413691 0.403049
vt 0.390832 0.406927
vt 0.375579 0.407645
vt 0.299447 0.437914
vt 0.451711 0.437914
vt 0.375579 0.447142
vt 0.389298 0.450903
vt 0.415167 0.449226
vt 0.262397 0.672774
vt 0.304529 0.605728
vt 0.392552 0.354588
vt 0.342714 0.597085
vt 0.375579 0.369976
vt 0.318539 0.352658
vt 0.432619 0.352658
vt 0.411036 0.355605
vt 0.313094 0.375142
vt 0.438064 0.375142
vt 0.375579 0.384252
vt 0.392308 0.382574
vt 0.412990 0.379854
vt 0.343924 0.621378
vt 0.274585 0.656662
vt 0.311085 0.624227
vt 0.326651 0.330181
vt 0.424507 0.330181
vt 0.332743 0.305642
vt 0.418415 0.305642
vt 0.346204 0.667129
vt 0.348653 0.716272
vt 0.313709 0.670409
vt 0.327601 0.719994
vt 0.391819 0.305582
vt 0.408009 0.334721
vt 0.410376 0.307076
vt 0.334847 0.532442
vt 0.319874 0.520253
vt 0.321407 0.484283
vt 0.338411 0.493552
vt 0.347330 0.449943
vt 0.345625 0.475175
vt 0.361455 0.497348
vt 0.360260 0.340159
vt 0.410834 0.679443
vt 0.358604 0.646412
vt 0.358877 0.630838
vt 0.357054 0.678445
vt 0.355290 0.597276
vt 0.367568 0.368880
vt 0.376347 0.632028
vt 0.405565 0.647484
vt 0.356951 0.619497
vt 0.358206 0.665142
vt 0.378925 0.650691
vt 0.387949 0.653424
vt 0.344890 0.320289
vt 0.361802 0.318438
vt 0.378660 0.698075
vt 0.328586 0.477882
vt 0.356041 0.512022
vt 0.354879 0.540831
vt 0.319517 0.543810
vt 0.362958 0.481007
vt 0.333482 0.467959
vt 0.337467 0.403049
vt 0.360326 0.406927
vt 0.361860 0.450903
vt 0.335991 0.449226
vt 0.358606 0.354588
vt 0.381568 0.601889
vt 0.430156 0.664414
vt 0.340123 0.355605
vt 0.358850 0.382574
vt 0.338169 0.379854
vt 0.376883 0.620948
vt 0.416427 0.649593
vt 0.378863 0.667162
vt 0.359339 0.305582
vt 0.369971 0.717882
vt 0.343149 0.334721
vt 0.340782 0.307076
vt 0.283118 0.685808
vt 0.390898 0.340159
vt 0.375579 0.497339
vt 0.389703 0.497348
vt 0.405534 0.475175
vt 0.403828 0.449943
vt 0.412747 0.493552
vt 0.429751 0.484284
vt 0.273564 0.474433
vt 0.477594 0.474433
vt 0.431284 0.520253
vt 0.416311 0.532442
vt 0.475193 0.729905
vt 0.475193 0.891976
vt 0.442510 0.730890
vt 0.442509 0.891987
vt 0.465981 0.729916
vt 0.465980 0.891987
vt 0.469287 0.730463
vt 0.472103 0.730452
vt 0.472102 0.891804
vt 0.469286 0.891815
vt 0.082201 0.976298
vt 0.138256 0.838562
vt 0.103401 0.870163
vt 0.142837 0.854555
vt 0.139891 0.897118
vt 0.085995 0.969530
vt 0.112363 0.839318
vt 0.148072 0.910533
vt 0.110139 0.896121
vt 0.101662 0.921878
vt 0.124645 0.840256
vt 0.122421 0.911816
vt 0.120599 0.895215
vt 0.118971 0.869071
vt 0.088314 0.954997
vt 0.094523 0.940653
vt 0.093944 0.988842
vt 0.099134 0.981967
vt 0.105190 0.972041
vt 0.123191 0.928986
vt 0.139398 0.920129
vt 0.109604 0.960864
vt 0.116114 0.945233
vt 0.088713 0.919665
vt 0.087968 0.870941
vt 0.088700 0.899389
vt 0.092198 0.841772
vt 0.071866 0.976301
vt 0.015869 0.838562
vt 0.050601 0.870179
vt 0.011155 0.854595
vt 0.014128 0.897156
vt 0.077031 0.968667
vt 0.068068 0.969535
vt 0.041620 0.839339
vt 0.076993 0.843109
vt 0.005955 0.910576
vt 0.043879 0.896142
vt 0.052372 0.921893
vt 0.077002 0.871652
vt 0.077008 0.894179
vt 0.077016 0.918085
vt 0.077034 0.979399
vt 0.029339 0.840285
vt 0.031607 0.911844
vt 0.033419 0.895242
vt 0.035031 0.869097
vt 0.065740 0.955004
vt 0.059522 0.940663
vt 0.060131 0.988852
vt 0.048874 0.972058
vt 0.054936 0.981981
vt 0.030847 0.929014
vt 0.065307 0.993016
vt 0.088770 0.993009
vt 0.014634 0.920167
vt 0.044453 0.960884
vt 0.037934 0.945257
vt 0.065319 0.919672
vt 0.066034 0.870948
vt 0.077022 0.939802
vt 0.065320 0.899396
vt 0.061787 0.841781
vt 0.924656 0.293997
vt 0.924656 0.529541
vt 0.536533 0.961935
vt 0.879950 0.294030
vt 0.536533 0.776025
vt 0.879950 0.529575
vt 0.902128 0.294011
vt 0.902128 0.529555
vt 0.906459 0.294011
vt 0.906459 0.529555
vt 0.898017 0.529560
vt 0.898017 0.294016
vt 0.920545 0.294011
vt 0.920545 0.529555
vt 0.884062 0.529560
vt 0.884061 0.294016
vt 0.913300 0.529555
vt 0.913300 0.294011
vt 0.891455 0.294016
vt 0.891456 0.529560
vt 0.997000 0.004682
vt 0.596360 0.261824
vt 0.905429 0.052046
vt 0.596360 0.261824
vt 0.985104 0.004682
vt 0.985104 0.004682
vt 0.596360 0.082657
vt 0.905249 0.052046
vt 0.997000 0.244260
vt 0.624244 0.261824
vt 0.905429 0.291629
vt 0.985104 0.244263
vt 0.624244 0.082657
vt 0.905249 0.291629
vt 0.935047 0.464615
vt 0.932157 0.238173
vt 0.685505 0.270231
vt 0.935116 0.277374
vt 0.932069 0.238173
vt 0.685505 0.069729
vt 0.932069 0.105842
vt 0.935353 0.277369
vt 0.817837 0.069729
vt 0.935284 0.464609
vt 0.932157 0.105842
vt 0.817837 0.270231
vt 0.927915 0.469882
vt 0.939295 0.244209
vt 0.613065 0.245005
vt 0.922248 0.280451
vt 0.927988 0.272102
vt 0.924931 0.244209
vt 0.612977 0.245005
vt 0.922248 0.068664
vt 0.924931 0.099806
vt 0.942486 0.272102
vt 0.612977 0.100602
vt 0.612977 0.100602
vt 0.887304 0.068664
vt 0.942413 0.469881
vt 0.939295 0.099806
vt 0.613065 0.100602
vt 0.887304 0.280451
vt 0.949013 0.100375
vt 0.991142 0.004682
vt 0.990962 0.004682
vt 0.949013 0.239358
vt 0.949013 0.239358
vt 0.991142 0.244260
vt 0.990962 0.244263
vt 0.990962 0.244263
vt 0.607118 0.722278
vt 0.551064 0.584542
vt 0.585918 0.616142
vt 0.546482 0.600534
vt 0.549429 0.643097
vt 0.603324 0.715509
vt 0.576956 0.585297
vt 0.541247 0.656513
vt 0.579180 0.642101
vt 0.587657 0.667857
vt 0.564674 0.586236
vt 0.566899 0.657796
vt 0.568721 0.641195
vt 0.570349 0.615050
vt 0.601005 0.700976
vt 0.594797 0.686632
vt 0.595376 0.734821
vt 0.584129 0.718021
vt 0.590185 0.727947
vt 0.566128 0.674966
vt 0.549921 0.666108
vt 0.579715 0.706844
vt 0.573206 0.691212
vt 0.600607 0.665644
vt 0.601351 0.616921
vt 0.600619 0.645368
vt 0.597122 0.587751
vt 0.617454 0.722281
vt 0.673451 0.584542
vt 0.638718 0.616158
vt 0.678164 0.600574
vt 0.675191 0.643136
vt 0.612288 0.714646
vt 0.621252 0.715515
vt 0.647700 0.585319
vt 0.612327 0.589088
vt 0.683365 0.656556
vt 0.645441 0.642121
vt 0.636948 0.667872
vt 0.612318 0.617632
vt 0.612311 0.640159
vt 0.612304 0.664065
vt 0.612285 0.725379
vt 0.659981 0.586265
vt 0.657713 0.657823
vt 0.655901 0.641222
vt 0.654289 0.615076
vt 0.623580 0.700983
vt 0.629797 0.686643
vt 0.629189 0.734832
vt 0.634384 0.727960
vt 0.640446 0.718038
vt 0.658473 0.674994
vt 0.600549 0.738989
vt 0.624013 0.738996
vt 0.674685 0.666146
vt 0.644866 0.706864
vt 0.651385 0.691236
vt 0.624000 0.665651
vt 0.623285 0.616927
vt 0.612297 0.685781
vt 0.624000 0.645375
vt 0.627533 0.587760
vt 0.682498 0.961935
vt 0.682498 0.776025
vt 0.946418 0.100394
vt 0.946418 0.100394
vt 0.946418 0.239377
vt 0.000459 0.264575
vt 0.248648 0.264575
vt 0.244637 0.004727
vt 0.248648 0.004732
vt 0.000459 0.004388
vt 0.000459 0.264575
vt 0.248648 0.264575
vt 0.244637 0.004727
vt 0.248648 0.004732
vt 0.000459 0.004388
f 26/26 24/24 42/42
f 14/14 3/3 7/7
f 36/36 25/25 40/40
f 25/25 26/26 41/41
f 3/3 9/9 26/26
f 1/1 6/6 18/18
f 12/12 10/10 9/9
f 14/14 13/13 9/9
f 5/5 13/13 14/14
f 5/5 8/8 12/12
f 33/33 6/6 1/1
f 4/4 14/14 11/11
f 15/15 22/22 19/19
f 12/12 21/21 20/20
f 16/16 23/23 22/22
f 10/10 20/20 23/23
f 1/1 17/17 55/55
f 12/12 8/8 21/21
f 61/61 24/24 16/16
f 42/42 62/62 41/41
f 47/47 44/44 35/35
f 60/60 63/63 36/36
f 41/41 62/62 60/60
f 62/62 38/38 30/30
f 52/52 34/34 28/28
f 45/45 46/46 38/38
f 38/38 46/46 47/47
f 32/32 31/31 47/47
f 45/45 37/37 32/32
f 28/28 34/34 33/33
f 31/31 29/29 44/44
f 48/48 34/34 51/51
f 45/45 39/39 53/53
f 49/49 48/48 57/57
f 39/39 49/49 58/58
f 28/28 43/43 54/54
f 45/45 56/56 37/37
f 48/48 61/61 33/33
f 24/24 26/26 10/10
f 10/10 26/26 9/9
f 26/26 42/42 41/41
f 14/14 7/7 11/11
f 25/25 27/27 3/3
f 3/3 27/27 7/7
f 27/27 25/25 36/36
f 25/25 41/41 40/40
f 3/3 26/26 25/25
f 1/1 18/18 17/17
f 12/12 9/9 13/13
f 14/14 9/9 3/3
f 5/5 14/14 4/4
f 5/5 12/12 13/13
f 33/33 1/1 43/43
f 4/4 11/11 2/2
f 15/15 19/19 6/6
f 12/12 20/20 10/10
f 16/16 22/22 15/15
f 10/10 23/23 16/16
f 1/1 55/55 43/43
f 24/24 61/61 42/42
f 61/61 15/15 33/33
f 33/33 15/15 6/6
f 15/15 61/61 16/16
f 16/16 24/24 10/10
f 38/38 62/62 39/39
f 39/39 62/62 59/59
f 59/59 62/62 42/42
f 47/47 35/35 30/30
f 35/35 63/63 30/30
f 30/30 63/63 60/60
f 60/60 36/36 40/40
f 41/41 60/60 40/40
f 62/62 30/30 60/60
f 52/52 28/28 50/50
f 45/45 38/38 39/39
f 38/38 47/47 30/30
f 32/32 47/47 46/46
f 45/45 32/32 46/46
f 28/28 33/33 43/43
f 31/31 44/44 47/47
f 48/48 51/51 57/57
f 45/45 53/53 56/56
f 49/49 57/57 58/58
f 39/39 58/58 53/53
f 28/28 54/54 50/50
f 59/59 49/49 39/39
f 48/48 33/33 34/34
f 59/59 61/61 49/49
f 49/49 61/61 48/48
f 61/61 59/59 42/42
f 78/78 67/67 79/79
f 73/73 70/70 72/72
f 80/80 72/72 81/81
f 71/71 75/75 70/70
f 65/65 76/76 64/64
f 83/83 79/79 82/82
f 77/77 81/81 76/76
f 74/74 82/82 75/75
f 78/78 69/69 67/67
f 73/73 71/71 70/70
f 80/80 73/73 72/72
f 71/71 74/74 75/75
f 65/65 77/77 76/76
f 83/83 78/78 79/79
f 77/77 80/80 81/81
f 74/74 83/83 82/82
f 103/103 97/97 100/100
f 114/114 91/91 85/85
f 117/117 84/84 87/87
f 118/118 95/95 123/123
f 121/121 90/90 109/109
f 99/99 116/116 102/102
f 101/101 119/119 104/104
f 105/105 125/125 108/108
f 107/107 111/111 98/98
f 89/89 131/131 96/96
f 707/707 66/66 68/68
f 103/103 106/106 97/97
f 114/114 110/110 91/91
f 117/117 113/113 84/84
f 118/118 88/88 95/95
f 122/122 94/94 92/92
f 99/99 112/112 116/116
f 101/101 115/115 119/119
f 105/105 120/120 125/125
f 107/107 124/124 111/111
f 89/89 128/128 131/131
f 86/86 93/93 126/126
f 126/126 93/93 129/129
f 157/157 173/173 155/155
f 145/145 138/138 134/134
f 167/167 171/171 156/156
f 156/156 172/172 157/157
f 134/134 157/157 140/140
f 132/132 150/150 137/137
f 143/143 140/140 141/141
f 145/145 140/140 144/144
f 136/136 145/145 144/144
f 136/136 143/143 139/139
f 164/164 132/132 137/137
f 135/135 142/142 145/145
f 146/146 149/149 153/153
f 143/143 151/151 152/152
f 147/147 153/153 154/154
f 141/141 154/154 151/151
f 132/132 185/185 148/148
f 143/143 152/152 139/139
f 192/192 147/147 155/155
f 173/173 172/172 193/193
f 178/178 166/166 175/175
f 191/191 167/167 194/194
f 172/172 191/191 193/193
f 193/193 161/161 169/169
f 182/182 159/159 165/165
f 176/176 169/169 177/177
f 169/169 178/178 177/177
f 163/163 178/178 162/162
f 176/176 163/163 168/168
f 159/159 164/164 165/165
f 162/162 175/175 160/160
f 179/179 183/183 165/165
f 176/176 184/184 170/170
f 180/180 188/188 179/179
f 170/170 189/189 180/180
f 159/159 186/186 174/174
f 176/176 168/168 187/187
f 179/179 164/164 192/192
f 155/155 141/141 157/157
f 141/141 140/140 157/157
f 157/157 172/172 173/173
f 145/145 142/142 138/138
f 156/156 134/134 158/158
f 134/134 138/138 158/158
f 158/158 167/167 156/156
f 156/156 171/171 172/172
f 134/134 156/156 157/157
f 132/132 148/148 150/150
f 143/143 144/144 140/140
f 145/145 134/134 140/140
f 136/136 135/135 145/145
f 136/136 144/144 143/143
f 164/164 174/174 132/132
f 135/135 133/133 142/142
f 146/146 137/137 149/149
f 143/143 141/141 151/151
f 147/147 146/146 153/153
f 141/141 147/147 154/154
f 132/132 174/174 185/185
f 155/155 173/173 192/192
f 192/192 164/164 146/146
f 164/164 137/137 146/146
f 146/146 147/147 192/192
f 147/147 141/141 155/155
f 169/169 170/170 193/193
f 170/170 190/190 193/193
f 190/190 173/173 193/193
f 178/178 161/161 166/166
f 166/166 161/161 194/194
f 161/161 191/191 194/194
f 191/191 171/171 167/167
f 172/172 171/171 191/191
f 193/193 191/191 161/161
f 182/182 181/181 159/159
f 176/176 170/170 169/169
f 169/169 161/161 178/178
f 163/163 177/177 178/178
f 176/176 177/177 163/163
f 159/159 174/174 164/164
f 162/162 178/178 175/175
f 179/179 188/188 183/183
f 176/176 187/187 184/184
f 180/180 189/189 188/188
f 170/170 184/184 189/189
f 159/159 181/181 186/186
f 190/190 170/170 180/180
f 179/179 165/165 164/164
f 190/190 180/180 192/192
f 180/180 179/179 192/192
f 192/192 173/173 190/190
f 200/200 197/197 199/199
f 199/199 195/195 196/196
f 253/253 235/235 306/306
f 229/229 307/307 237/237
f 205/205 239/239 225/225
f 237/237 231/231 227/227
f 226/226 256/256 304/304
f 267/267 208/208 264/264
f 216/216 242/242 214/214
f 234/234 263/263 209/209
f 210/210 209/209 208/208
f 206/206 233/233 212/212
f 242/242 218/218 214/214
f 217/217 277/277 282/282
f 216/216 276/276 215/215
f 263/263 216/216 209/209
f 208/208 282/282 264/264
f 209/209 217/217 208/208
f 243/243 245/245 244/244
f 214/214 287/287 277/277
f 215/215 286/286 219/219
f 292/292 328/328 245/245
f 294/294 221/221 222/222
f 286/286 240/240 219/219
f 287/287 223/223 297/297
f 241/241 223/223 218/218
f 201/201 304/304 254/254
f 203/203 226/226 201/201
f 306/306 225/225 204/204
f 230/230 269/269 233/233
f 229/229 227/227 205/205
f 237/237 314/314 236/236
f 236/236 206/206 231/231
f 235/235 205/205 225/225
f 236/236 260/260 230/230
f 238/238 226/226 224/224
f 207/207 239/239 232/232
f 238/238 210/210 202/202
f 210/210 256/256 202/202
f 240/240 294/294 222/222
f 241/241 215/215 219/219
f 241/241 219/219 240/240
f 245/245 222/222 246/246
f 221/221 220/220 246/246
f 246/246 222/222 221/221
f 246/246 220/220 245/245
f 317/317 253/253 306/306
f 307/307 310/310 319/319
f 251/251 320/320 308/308
f 313/313 319/319 309/309
f 303/303 257/257 248/248
f 268/268 261/261 266/266
f 325/325 275/275 280/280
f 263/263 270/270 316/316
f 266/266 262/262 273/273
f 259/259 315/315 311/311
f 284/284 325/325 274/274
f 278/278 281/281 283/283
f 280/280 276/276 279/279
f 280/280 263/263 262/262
f 283/283 261/261 265/265
f 281/281 262/262 261/261
f 330/330 295/295 326/326
f 288/288 274/274 278/278
f 275/275 286/286 276/276
f 293/293 289/289 330/330
f 290/290 294/294 295/295
f 323/323 286/286 285/285
f 288/288 296/296 284/284
f 296/296 324/324 284/284
f 247/247 305/305 303/303
f 250/250 303/303 302/302
f 301/301 317/317 306/306
f 269/269 311/311 315/315
f 309/309 310/310 251/251
f 314/314 319/319 318/318
f 259/259 318/318 313/313
f 317/317 251/251 310/310
f 260/260 318/318 311/311
f 303/303 321/321 302/302
f 312/312 320/320 258/258
f 266/266 321/321 248/248
f 266/266 257/257 268/268
f 323/323 294/294 322/322
f 324/324 275/275 325/325
f 323/323 285/285 324/324
f 330/330 331/331 295/295
f 290/290 331/331 289/289
f 331/331 290/290 295/295
f 331/331 330/330 289/289
f 253/253 229/229 235/235
f 229/229 253/253 307/307
f 205/205 228/228 239/239
f 237/237 236/236 231/231
f 226/226 202/202 256/256
f 267/267 210/210 208/208
f 214/214 217/217 216/216
f 216/216 215/215 242/242
f 209/209 211/211 234/234
f 234/234 270/270 263/263
f 210/210 211/211 209/209
f 206/206 230/230 233/233
f 242/242 241/241 218/218
f 217/217 214/214 277/277
f 216/216 279/279 276/276
f 263/263 279/279 216/216
f 208/208 217/217 282/282
f 209/209 216/216 217/217
f 244/244 223/223 243/243
f 243/243 222/222 245/245
f 214/214 218/218 287/287
f 215/215 276/276 286/286
f 244/244 245/245 328/328
f 298/298 223/223 244/244
f 328/328 298/298 244/244
f 220/220 292/292 245/245
f 294/294 291/291 221/221
f 286/286 322/322 240/240
f 287/287 218/218 223/223
f 241/241 243/243 223/223
f 201/201 226/226 304/304
f 203/203 224/224 226/226
f 204/204 252/252 306/306
f 306/306 235/235 225/225
f 230/230 260/260 269/269
f 229/229 237/237 227/227
f 237/237 307/307 314/314
f 236/236 230/230 206/206
f 235/235 229/229 205/205
f 236/236 314/314 260/260
f 238/238 202/202 226/226
f 213/213 239/239 207/207
f 239/239 228/228 232/232
f 238/238 211/211 210/210
f 210/210 267/267 256/256
f 240/240 322/322 294/294
f 241/241 242/242 215/215
f 222/222 243/243 240/240
f 243/243 241/241 240/240
f 317/317 310/310 253/253
f 307/307 253/253 310/310
f 251/251 301/301 320/320
f 313/313 318/318 319/319
f 303/303 305/305 257/257
f 268/268 265/265 261/261
f 280/280 281/281 274/274
f 274/274 325/325 280/280
f 316/316 273/273 262/262
f 262/262 263/263 316/316
f 266/266 261/261 262/262
f 259/259 272/272 315/315
f 284/284 324/324 325/325
f 278/278 274/274 281/281
f 280/280 275/275 276/276
f 280/280 279/279 263/263
f 283/283 281/281 261/261
f 281/281 280/280 262/262
f 326/326 296/296 327/327
f 327/327 330/330 326/326
f 288/288 284/284 274/274
f 275/275 285/285 286/286
f 296/296 299/299 327/327
f 330/330 327/327 329/329
f 329/329 327/327 299/299
f 329/329 293/293 330/330
f 290/290 291/291 294/294
f 323/323 322/322 286/286
f 288/288 300/300 296/296
f 296/296 326/326 324/324
f 247/247 255/255 305/305
f 250/250 247/247 303/303
f 306/306 252/252 249/249
f 249/249 301/301 306/306
f 269/269 260/260 311/311
f 309/309 319/319 310/310
f 314/314 307/307 319/319
f 259/259 311/311 318/318
f 317/317 301/301 251/251
f 260/260 314/314 318/318
f 303/303 248/248 321/321
f 308/308 320/320 312/312
f 320/320 271/271 258/258
f 266/266 273/273 321/321
f 266/266 248/248 257/257
f 323/323 295/295 294/294
f 324/324 285/285 275/275
f 324/324 326/326 323/323
f 326/326 295/295 323/323
f 334/334 338/338 332/332
f 337/337 339/339 344/344
f 342/342 332/332 335/335
f 332/332 333/333 334/334
f 335/335 332/332 338/338
f 342/342 335/335 336/336
f 342/342 336/336 337/337
f 343/343 340/340 348/348
f 347/347 344/344 349/349
f 342/342 345/345 340/340
f 340/340 343/343 341/341
f 345/345 348/348 340/340
f 342/342 346/346 345/345
f 342/342 347/347 346/346
f 347/347 337/337 344/344
f 363/363 398/398 350/350
f 373/373 416/416 379/379
f 361/361 364/364 353/353
f 432/432 452/452 426/426
f 382/382 407/407 360/360
f 423/423 472/472 435/435
f 468/468 471/471 443/443
f 436/436 461/461 431/431
f 416/416 385/385 379/379
f 420/420 387/387 384/384
f 418/418 382/382 387/387
f 363/363 409/409 405/405
f 367/367 411/411 409/409
f 365/365 407/407 411/411
f 398/398 355/355 350/350
f 403/403 357/357 355/355
f 401/401 352/352 358/358
f 373/373 393/393 389/389
f 377/377 395/395 393/393
f 375/375 391/391 395/395
f 352/352 391/391 371/371
f 413/413 415/415 390/390
f 444/444 424/424 422/422
f 448/448 425/425 424/424
f 446/446 423/423 425/425
f 436/436 474/474 470/470
f 474/474 437/437 476/476
f 477/477 435/435 472/472
f 461/461 433/433 431/431
f 433/433 464/464 434/434
f 434/434 459/459 432/432
f 427/427 455/455 449/449
f 429/429 457/457 454/454
f 428/428 452/452 457/457
f 427/427 444/444 422/422
f 363/363 405/405 398/398
f 373/373 389/389 416/416
f 364/364 351/351 353/353
f 351/351 356/356 359/359
f 353/353 351/351 359/359
f 354/354 370/370 381/381
f 369/369 374/374 372/372
f 374/374 376/376 372/372
f 372/372 378/378 380/380
f 378/378 383/383 386/386
f 380/380 378/378 386/386
f 381/381 362/362 354/354
f 361/361 366/366 364/364
f 366/366 368/368 364/364
f 369/369 372/372 380/380
f 432/432 459/459 452/452
f 382/382 414/414 407/407
f 423/423 441/441 472/472
f 442/442 450/450 463/463
f 451/451 456/456 453/453
f 456/456 458/458 453/453
f 453/453 460/460 462/462
f 460/460 465/465 467/467
f 462/462 460/460 467/467
f 463/463 469/469 442/442
f 468/468 473/473 471/471
f 473/473 475/475 471/471
f 471/471 440/440 443/443
f 440/440 445/445 447/447
f 443/443 440/440 447/447
f 451/451 453/453 462/462
f 436/436 470/470 461/461
f 416/416 421/421 385/385
f 420/420 418/418 387/387
f 418/418 414/414 382/382
f 363/363 367/367 409/409
f 367/367 365/365 411/411
f 365/365 360/360 407/407
f 398/398 403/403 355/355
f 403/403 400/400 357/357
f 401/401 396/396 352/352
f 373/373 377/377 393/393
f 377/377 375/375 395/395
f 375/375 371/371 391/391
f 352/352 396/396 391/391
f 415/415 388/388 390/390
f 388/388 392/392 394/394
f 390/390 388/388 394/394
f 390/390 397/397 408/408
f 397/397 402/402 399/399
f 402/402 404/404 399/399
f 399/399 406/406 408/408
f 406/406 410/410 412/412
f 408/408 406/406 412/412
f 408/408 413/413 390/390
f 413/413 417/417 415/415
f 417/417 419/419 415/415
f 397/397 399/399 408/408
f 444/444 448/448 424/424
f 448/448 446/446 425/425
f 446/446 441/441 423/423
f 436/436 439/439 474/474
f 474/474 439/439 437/437
f 477/477 438/438 435/435
f 461/461 466/466 433/433
f 433/433 466/466 464/464
f 434/434 464/464 459/459
f 427/427 430/430 455/455
f 429/429 428/428 457/457
f 428/428 426/426 452/452
f 427/427 449/449 444/444
f 483/483 480/480 482/482
f 479/479 485/485 478/478
f 486/486 484/484 485/485
f 483/483 484/484 487/487
f 483/483 481/481 480/480
f 479/479 486/486 485/485
f 486/486 487/487 484/484
f 483/483 482/482 484/484
f 502/502 610/610 489/489
f 511/511 627/627 517/517
f 498/498 501/501 490/490
f 552/552 571/571 546/546
f 518/518 618/618 500/500
f 543/543 587/587 555/555
f 585/585 588/588 562/562
f 556/556 580/580 551/551
f 627/627 523/523 517/517
f 624/624 524/524 521/521
f 622/622 518/518 524/524
f 502/502 614/614 612/612
f 506/506 616/616 614/614
f 504/504 618/618 616/616
f 610/610 494/494 489/489
f 608/608 496/496 494/494
f 606/606 492/492 497/497
f 511/511 597/597 595/595
f 515/515 599/599 597/597
f 513/513 601/601 599/599
f 492/492 601/601 509/509
f 538/538 539/539 527/527
f 563/563 544/544 542/542
f 567/567 545/545 544/544
f 565/565 543/543 545/545
f 556/556 590/590 586/586
f 590/590 558/558 593/593
f 591/591 555/555 587/587
f 580/580 553/553 551/551
f 553/553 582/582 554/554
f 554/554 578/578 552/552
f 547/547 573/573 569/569
f 550/550 576/576 574/574
f 548/548 571/571 576/576
f 547/547 563/563 542/542
f 528/528 594/594 596/596
f 528/528 598/598 529/529
f 529/529 600/600 527/527
f 532/532 602/602 604/604
f 533/533 604/604 607/607
f 533/533 609/609 531/531
f 536/536 611/611 613/613
f 536/536 615/615 537/537
f 537/537 617/617 535/535
f 540/540 619/619 621/621
f 541/541 621/621 623/623
f 541/541 626/626 539/539
f 527/527 602/602 530/530
f 531/531 611/611 534/534
f 535/535 619/619 538/538
f 539/539 594/594 526/526
f 664/664 674/674 678/678
f 645/645 703/703 692/692
f 651/651 630/630 628/628
f 677/677 685/685 639/639
f 633/633 662/662 651/651
f 660/660 668/668 664/664
f 659/659 631/631 630/630
f 693/693 695/695 690/690
f 629/629 689/689 641/641
f 642/642 677/677 637/637
f 678/678 674/674 683/683
f 660/660 664/664 678/678
f 635/635 634/634 671/671
f 638/638 663/663 632/632
f 651/651 659/659 630/630
f 502/502 612/612 610/610
f 511/511 595/595 627/627
f 501/501 488/488 490/490
f 488/488 493/493 495/495
f 490/490 488/488 495/495
f 491/491 508/508 520/520
f 507/507 512/512 510/510
f 512/512 514/514 510/510
f 510/510 516/516 519/519
f 516/516 522/522 525/525
f 519/519 516/516 525/525
f 520/520 499/499 491/491
f 498/498 503/503 501/501
f 503/503 505/505 501/501
f 507/507 510/510 519/519
f 552/552 578/578 571/571
f 518/518 620/620 618/618
f 543/543 561/561 587/587
f 562/562 568/568 579/579
f 568/568 572/572 570/570
f 572/572 575/575 570/570
f 570/570 577/577 579/579
f 577/577 581/581 583/583
f 579/579 577/577 583/583
f 579/579 585/585 562/562
f 585/585 589/589 588/588
f 589/589 592/592 588/588
f 588/588 560/560 562/562
f 560/560 564/564 566/566
f 562/562 560/560 566/566
f 568/568 570/570 579/579
f 556/556 586/586 580/580
f 627/627 625/625 523/523
f 624/624 622/622 524/524
f 622/622 620/620 518/518
f 502/502 506/506 614/614
f 506/506 504/504 616/616
f 504/504 500/500 618/618
f 610/610 608/608 494/494
f 608/608 605/605 496/496
f 606/606 603/603 492/492
f 511/511 515/515 597/597
f 515/515 513/513 599/599
f 513/513 509/509 601/601
f 492/492 603/603 601/601
f 539/539 526/526 527/527
f 526/526 528/528 529/529
f 527/527 526/526 529/529
f 527/527 530/530 535/535
f 530/530 532/532 531/531
f 532/532 533/533 531/531
f 531/531 534/534 535/535
f 534/534 536/536 537/537
f 535/535 534/534 537/537
f 535/535 538/538 527/527
f 538/538 540/540 539/539
f 540/540 541/541 539/539
f 530/530 531/531 535/535
f 563/563 567/567 544/544
f 567/567 565/565 545/545
f 565/565 561/561 543/543
f 556/556 559/559 590/590
f 590/590 559/559 558/558
f 591/591 557/557 555/555
f 580/580 584/584 553/553
f 553/553 584/584 582/582
f 554/554 582/582 578/578
f 547/547 549/549 573/573
f 550/550 548/548 576/576
f 548/548 546/546 571/571
f 547/547 569/569 563/563
f 528/528 526/526 594/594
f 528/528 596/596 598/598
f 529/529 598/598 600/600
f 532/532 530/530 602/602
f 533/533 532/532 604/604
f 533/533 607/607 609/609
f 536/536 534/534 611/611
f 536/536 613/613 615/615
f 537/537 615/615 617/617
f 540/540 538/538 619/619
f 541/541 540/540 621/621
f 541/541 623/623 626/626
f 527/527 600/600 602/602
f 531/531 609/609 611/611
f 535/535 617/617 619/619
f 539/539 626/626 594/594
f 633/633 636/636 667/667
f 690/690 648/648 652/652
f 678/678 686/686 652/652
f 633/633 667/667 662/662
f 634/634 632/632 663/663
f 638/638 676/676 663/663
f 640/640 676/676 638/638
f 677/677 639/639 637/637
f 686/686 690/690 652/652
f 642/642 692/692 688/688
f 698/698 641/641 689/689
f 652/652 648/648 657/657
f 633/633 651/651 628/628
f 648/648 654/654 657/657
f 668/668 672/672 664/664
f 700/700 640/640 646/646
f 652/652 660/660 678/678
f 656/656 629/629 631/631
f 629/629 650/650 689/689
f 698/698 643/643 641/641
f 647/647 699/699 703/703
f 642/642 688/688 677/677
f 685/685 646/646 639/639
f 680/680 683/683 674/674
f 635/635 671/671 666/666
f 640/640 682/682 676/676
f 634/634 663/663 671/671
f 659/659 656/656 631/631
f 686/686 693/693 690/690
f 642/642 645/645 692/692
f 653/653 659/659 651/651
f 658/658 656/656 659/659
f 655/655 650/650 656/656
f 687/687 692/692 694/694
f 694/694 703/703 705/705
f 696/696 689/689 691/691
f 679/679 685/685 677/677
f 702/702 682/682 700/700
f 681/681 676/676 682/682
f 661/661 667/667 670/670
f 669/669 671/671 673/673
f 665/665 671/671 663/663
f 653/653 662/662 661/661
f 649/649 689/689 650/650
f 675/675 663/663 676/676
f 679/679 688/688 687/687
f 684/684 700/700 685/685
f 697/697 703/703 699/699
f 656/656 650/650 629/629
f 66/66 707/707 706/706
f 130/130 708/708 127/127
f 832/832 715/715 713/713
f 831/831 828/828 717/717
f 1135/1135 824/824 719/719
f 1140/1140 817/817 724/724
f 739/739 737/737 734/734
f 726/726 812/812 732/732
f 810/810 749/749 747/747
f 754/754 752/752 807/807
f 766/766 764/764 762/762
f 776/776 774/774 850/850
f 840/840 796/796 791/791
f 836/836 778/778 838/838
f 788/788 996/996 846/846
f 781/781 780/780 834/834
f 918/918 845/845 847/847
f 892/892 792/792 793/793
f 868/868 743/743 746/746
f 795/795 892/892 793/793
f 748/748 868/868 746/746
f 894/894 795/795 798/798
f 750/750 869/869 748/748
f 895/895 798/798 799/799
f 871/871 750/750 751/751
f 896/896 799/799 801/801
f 872/872 751/751 753/753
f 804/804 896/896 801/801
f 873/873 753/753 755/755
f 898/898 804/804 806/806
f 757/757 873/873 755/755
f 899/899 806/806 808/808
f 875/875 757/757 759/759
f 809/809 899/899 808/808
f 876/876 759/759 761/761
f 710/710 835/835 837/837
f 901/901 809/809 811/811
f 763/763 876/876 761/761
f 902/902 811/811 814/814
f 765/765 877/877 763/763
f 851/851 716/716 712/712
f 903/903 814/814 816/816
f 879/879 765/765 768/768
f 852/852 714/714 716/716
f 904/904 816/816 818/818
f 880/880 768/768 770/770
f 854/854 712/712 718/718
f 905/905 818/818 819/819
f 881/881 770/770 772/772
f 855/855 718/718 1136/1136
f 821/821 905/905 819/819
f 882/882 772/772 773/773
f 856/856 720/720 1138/1138
f 823/823 906/906 821/821
f 775/775 882/882 773/773
f 723/723 856/856 1139/1139
f 825/825 907/907 823/823
f 777/777 883/883 775/775
f 725/725 857/857 723/723
f 827/827 908/908 825/825
f 885/885 777/777 779/779
f 727/727 858/858 725/725
f 849/849 847/847 835/835
f 830/830 909/909 827/827
f 886/886 779/779 782/782
f 860/860 727/727 729/729
f 912/912 829/829 833/833
f 784/784 886/886 782/782
f 861/861 729/729 731/731
f 853/853 833/833 714/714
f 1101/1101 784/784 994/994
f 862/862 731/731 733/733
f 863/863 733/733 735/735
f 839/839 710/710 837/837
f 888/888 997/997 785/785
f 864/864 735/735 738/738
f 914/914 839/839 841/841
f 889/889 785/785 787/787
f 865/865 738/738 740/740
f 916/916 841/841 843/843
f 890/890 787/787 790/790
f 866/866 740/740 741/741
f 917/917 842/842 845/845
f 891/891 790/790 792/792
f 867/867 741/741 743/743
f 832/832 711/711 715/715
f 717/717 711/711 832/832
f 832/832 831/831 717/717
f 717/717 828/828 826/826
f 826/826 824/824 717/717
f 824/824 822/822 719/719
f 822/822 820/820 719/719
f 820/820 1137/1137 719/719
f 722/722 820/820 817/817
f 817/817 815/815 724/724
f 815/815 813/813 724/724
f 813/813 726/726 724/724
f 736/736 734/734 737/737
f 734/734 732/732 739/739
f 732/732 742/742 739/739
f 728/728 726/726 732/732
f 726/726 813/813 812/812
f 812/812 810/810 742/742
f 742/742 732/732 812/812
f 732/732 730/730 728/728
f 744/744 742/742 745/745
f 742/742 810/810 747/747
f 810/810 807/807 749/749
f 747/747 745/745 742/742
f 752/752 749/749 807/807
f 807/807 805/805 754/754
f 805/805 803/803 756/756
f 754/754 805/805 756/756
f 803/803 758/758 756/756
f 762/762 760/760 766/766
f 760/760 758/758 766/766
f 758/758 803/803 774/774
f 774/774 771/771 758/758
f 771/771 769/769 758/758
f 769/769 767/767 758/758
f 767/767 766/766 758/758
f 774/774 803/803 850/850
f 803/803 802/802 800/800
f 850/850 803/803 797/797
f 800/800 797/797 803/803
f 797/797 796/796 850/850
f 850/850 778/778 776/776
f 791/791 844/844 840/840
f 840/840 838/838 850/850
f 850/850 796/796 840/840
f 796/796 794/794 791/791
f 836/836 834/834 778/778
f 834/834 780/780 778/778
f 778/778 850/850 838/838
f 995/995 848/848 846/846
f 846/846 844/844 788/788
f 844/844 791/791 789/789
f 788/788 786/786 996/996
f 844/844 789/789 788/788
f 834/834 848/848 781/781
f 848/848 995/995 783/783
f 781/781 848/848 783/783
f 918/918 917/917 845/845
f 892/892 891/891 792/792
f 868/868 867/867 743/743
f 795/795 893/893 892/892
f 748/748 869/869 868/868
f 894/894 893/893 795/795
f 750/750 870/870 869/869
f 895/895 894/894 798/798
f 871/871 870/870 750/750
f 896/896 895/895 799/799
f 872/872 871/871 751/751
f 804/804 897/897 896/896
f 873/873 872/872 753/753
f 898/898 897/897 804/804
f 757/757 874/874 873/873
f 899/899 898/898 806/806
f 875/875 874/874 757/757
f 809/809 900/900 899/899
f 876/876 875/875 759/759
f 710/710 849/849 835/835
f 901/901 900/900 809/809
f 763/763 877/877 876/876
f 902/902 901/901 811/811
f 765/765 878/878 877/877
f 851/851 852/852 716/716
f 903/903 902/902 814/814
f 879/879 878/878 765/765
f 852/852 853/853 714/714
f 904/904 903/903 816/816
f 880/880 879/879 768/768
f 854/854 851/851 712/712
f 905/905 904/904 818/818
f 881/881 880/880 770/770
f 855/855 854/854 718/718
f 821/821 906/906 905/905
f 882/882 881/881 772/772
f 856/856 855/855 720/720
f 823/823 907/907 906/906
f 775/775 883/883 882/882
f 723/723 857/857 856/856
f 825/825 908/908 907/907
f 777/777 884/884 883/883
f 725/725 858/858 857/857
f 827/827 909/909 908/908
f 885/885 884/884 777/777
f 727/727 859/859 858/858
f 849/849 918/918 847/847
f 830/830 911/911 909/909
f 886/886 885/885 779/779
f 860/860 859/859 727/727
f 912/912 910/910 829/829
f 784/784 887/887 886/886
f 861/861 860/860 729/729
f 853/853 912/912 833/833
f 1101/1101 887/887 784/784
f 862/862 861/861 731/731
f 863/863 862/862 733/733
f 839/839 913/913 710/710
f 888/888 1102/1102 997/997
f 864/864 863/863 735/735
f 914/914 913/913 839/839
f 889/889 888/888 785/785
f 865/865 864/864 738/738
f 916/916 914/914 841/841
f 890/890 889/889 787/787
f 866/866 865/865 740/740
f 917/917 915/915 842/842
f 891/891 890/890 790/790
f 867/867 866/866 741/741
f 1046/1046 923/923 925/925
f 1042/1042 927/927 1040/1040
f 1036/1036 1142/1142 929/929
f 1031/1031 1145/1145 932/932
f 949/949 942/942 947/947
f 934/934 940/940 1024/1024
f 1022/1022 957/957 959/959
f 962/962 1021/1021 960/960
f 974/974 970/970 972/972
f 984/984 1063/1063 982/982
f 1054/1054 1005/1005 1008/1008
f 1050/1050 1052/1052 986/986
f 1000/1000 1058/1058 996/996
f 991/991 1048/1048 988/988
f 1133/1133 1061/1061 1059/1059
f 1107/1107 1007/1007 1004/1004
f 1081/1081 954/954 953/953
f 1009/1009 1007/1007 1107/1107
f 956/956 954/954 1081/1081
f 1109/1109 1010/1010 1009/1009
f 958/958 956/956 1082/1082
f 1110/1110 1013/1013 1010/1010
f 1084/1084 961/961 958/958
f 1111/1111 1015/1015 1013/1013
f 1085/1085 963/963 961/961
f 1016/1016 1015/1015 1111/1111
f 1086/1086 965/965 963/963
f 1113/1113 1018/1018 1016/1016
f 967/967 965/965 1086/1086
f 1114/1114 1020/1020 1018/1018
f 1088/1088 969/969 967/967
f 1023/1023 1020/1020 1114/1114
f 1089/1089 971/971 969/969
f 919/919 1049/1049 1047/1047
f 1116/1116 1025/1025 1023/1023
f 973/973 971/971 1089/1089
f 1117/1117 1026/1026 1025/1025
f 975/975 973/973 1090/1090
f 1064/1064 920/920 924/924
f 1118/1118 1028/1028 1026/1026
f 1092/1092 976/976 975/975
f 1065/1065 924/924 922/922
f 1119/1119 1030/1030 1028/1028
f 1093/1093 978/978 976/976
f 1067/1067 926/926 920/920
f 1120/1120 1033/1033 1030/1030
f 1094/1094 980/980 978/978
f 1068/1068 1141/1141 926/926
f 1035/1035 1033/1033 1120/1120
f 1095/1095 983/983 980/980
f 1069/1069 1143/1143 928/928
f 1037/1037 1035/1035 1121/1121
f 985/985 983/983 1095/1095
f 933/933 1146/1146 1069/1069
f 1039/1039 1037/1037 1122/1122
f 987/987 985/985 1096/1096
f 935/935 933/933 1070/1070
f 1041/1041 1039/1039 1123/1123
f 1098/1098 989/989 987/987
f 937/937 935/935 1071/1071
f 1062/1062 1047/1047 1061/1061
f 1043/1043 1041/1041 1124/1124
f 1099/1099 990/990 989/989
f 1073/1073 939/939 937/937
f 1127/1127 1045/1045 1044/1044
f 992/992 990/990 1099/1099
f 1074/1074 941/941 939/939
f 1066/1066 922/922 1045/1045
f 1101/1101 994/994 992/992
f 1075/1075 943/943 941/941
f 1076/1076 945/945 943/943
f 1051/1051 1049/1049 919/919
f 1103/1103 999/999 997/997
f 1077/1077 946/946 945/945
f 1129/1129 1053/1053 1051/1051
f 1104/1104 1001/1001 999/999
f 1078/1078 948/948 946/946
f 1130/1130 1056/1056 1053/1053
f 1105/1105 1002/1002 1001/1001
f 1079/1079 951/951 948/948
f 1132/1132 1059/1059 1057/1057
f 1106/1106 1004/1004 1002/1002
f 1080/1080 953/953 951/951
f 1046/1046 925/925 921/921
f 927/927 1046/1046 921/921
f 1046/1046 927/927 1042/1042
f 927/927 1038/1038 1040/1040
f 1038/1038 927/927 1036/1036
f 1036/1036 929/929 1034/1034
f 1034/1034 929/929 1032/1032
f 1032/1032 1144/1144 930/930
f 930/930 1031/1031 1032/1032
f 1031/1031 932/932 1029/1029
f 1029/1029 932/932 1027/1027
f 1027/1027 932/932 934/934
f 944/944 947/947 942/942
f 942/942 949/949 940/940
f 940/940 949/949 950/950
f 936/936 940/940 934/934
f 934/934 1024/1024 1027/1027
f 1024/1024 950/950 1022/1022
f 950/950 1024/1024 940/940
f 940/940 936/936 938/938
f 952/952 955/955 950/950
f 950/950 957/957 1022/1022
f 1022/1022 959/959 1021/1021
f 957/957 950/950 955/955
f 960/960 1021/1021 959/959
f 1021/1021 962/962 1019/1019
f 1019/1019 964/964 1017/1017
f 962/962 964/964 1019/1019
f 1017/1017 964/964 966/966
f 970/970 974/974 968/968
f 968/968 974/974 966/966
f 966/966 982/982 1017/1017
f 982/982 966/966 981/981
f 981/981 966/966 979/979
f 979/979 966/966 977/977
f 977/977 966/966 974/974
f 982/982 1063/1063 1017/1017
f 1017/1017 1012/1012 1014/1014
f 1063/1063 1011/1011 1017/1017
f 1012/1012 1017/1017 1011/1011
f 1011/1011 1063/1063 1008/1008
f 1063/1063 984/984 986/986
f 1005/1005 1054/1054 1055/1055
f 1054/1054 1063/1063 1052/1052
f 1063/1063 1054/1054 1008/1008
f 1008/1008 1005/1005 1006/1006
f 1050/1050 986/986 1048/1048
f 1048/1048 986/986 988/988
f 986/986 1052/1052 1063/1063
f 995/995 846/846 1134/1134
f 995/995 1058/1058 1060/1060
f 1058/1058 1000/1000 1055/1055
f 1055/1055 1003/1003 1005/1005
f 1000/1000 996/996 998/998
f 1055/1055 1000/1000 1003/1003
f 1048/1048 991/991 1060/1060
f 1060/1060 993/993 995/995
f 991/991 993/993 1060/1060
f 1133/1133 1059/1059 1132/1132
f 1107/1107 1004/1004 1106/1106
f 1081/1081 953/953 1080/1080
f 1009/1009 1107/1107 1108/1108
f 956/956 1081/1081 1082/1082
f 1109/1109 1009/1009 1108/1108
f 958/958 1082/1082 1083/1083
f 1110/1110 1010/1010 1109/1109
f 1084/1084 958/958 1083/1083
f 1111/1111 1013/1013 1110/1110
f 1085/1085 961/961 1084/1084
f 1016/1016 1111/1111 1112/1112
f 1086/1086 963/963 1085/1085
f 1113/1113 1016/1016 1112/1112
f 967/967 1086/1086 1087/1087
f 1114/1114 1018/1018 1113/1113
f 1088/1088 967/967 1087/1087
f 1023/1023 1114/1114 1115/1115
f 1089/1089 969/969 1088/1088
f 919/919 1047/1047 1062/1062
f 1116/1116 1023/1023 1115/1115
f 973/973 1089/1089 1090/1090
f 1117/1117 1025/1025 1116/1116
f 975/975 1090/1090 1091/1091
f 1064/1064 924/924 1065/1065
f 1118/1118 1026/1026 1117/1117
f 1092/1092 975/975 1091/1091
f 1065/1065 922/922 1066/1066
f 1119/1119 1028/1028 1118/1118
f 1093/1093 976/976 1092/1092
f 1067/1067 920/920 1064/1064
f 1120/1120 1030/1030 1119/1119
f 1094/1094 978/978 1093/1093
f 1068/1068 926/926 1067/1067
f 1035/1035 1120/1120 1121/1121
f 1095/1095 980/980 1094/1094
f 1069/1069 928/928 1068/1068
f 1037/1037 1121/1121 1122/1122
f 985/985 1095/1095 1096/1096
f 933/933 1069/1069 1070/1070
f 1039/1039 1122/1122 1123/1123
f 987/987 1096/1096 1097/1097
f 935/935 1070/1070 1071/1071
f 1041/1041 1123/1123 1124/1124
f 1098/1098 987/987 1097/1097
f 937/937 1071/1071 1072/1072
f 1062/1062 1061/1061 1133/1133
f 1043/1043 1124/1124 1125/1125
f 1099/1099 989/989 1098/1098
f 1073/1073 937/937 1072/1072
f 1127/1127 1044/1044 1126/1126
f 992/992 1099/1099 1100/1100
f 1074/1074 939/939 1073/1073
f 1066/1066 1045/1045 1127/1127
f 1101/1101 992/992 1100/1100
f 1075/1075 941/941 1074/1074
f 1076/1076 943/943 1075/1075
f 1051/1051 919/919 1128/1128
f 1103/1103 997/997 1102/1102
f 1077/1077 945/945 1076/1076
f 1129/1129 1051/1051 1128/1128
f 1104/1104 999/999 1103/1103
f 1078/1078 946/946 1077/1077
f 1130/1130 1053/1053 1129/1129
f 1105/1105 1001/1001 1104/1104
f 1079/1079 948/948 1078/1078
f 1132/1132 1057/1057 1131/1131
f 1106/1106 1002/1002 1105/1105
f 1080/1080 951/951 1079/1079
f 996/996 1058/1058 1134/1134
f 1134/1134 846/846 996/996
f 1134/1134 1058/1058 995/995
f 1143/1143 1069/1069 931/931
f 1141/1141 1068/1068 928/928
f 1069/1069 1146/1146 931/931
f 1136/1136 720/720 855/855
f 1139/1139 856/856 721/721
f 1138/1138 721/721 856/856
f 200/200 198/198 197/197
f 199/199 197/197 195/195
f 347/347 342/342 337/337
f 645/645 647/647 703/703
f 693/693 704/704 695/695
f 700/700 682/682 640/640
f 647/647 644/644 699/699
f 685/685 700/700 646/646
f 680/680 701/701 683/683
f 653/653 658/658 659/659
f 658/658 655/655 656/656
f 655/655 649/649 650/650
f 687/687 688/688 692/692
f 694/694 692/692 703/703
f 696/696 698/698 689/689
f 679/679 684/684 685/685
f 702/702 681/681 682/682
f 681/681 675/675 676/676
f 661/661 662/662 667/667
f 669/669 666/666 671/671
f 665/665 673/673 671/671
f 653/653 651/651 662/662
f 649/649 691/691 689/689
f 675/675 665/665 663/663
f 679/679 677/677 688/688
f 684/684 702/702 700/700
f 697/697 705/705 703/703
f 130/130 709/709 708/708
f 1135/1135 717/717 824/824
f 1140/1140 722/722 817/817
f 820/820 722/722 1137/1137
f 1036/1036 927/927 1142/1142
f 1031/1031 930/930 1145/1145
f 1032/1032 929/929 1144/1144
f 1199/1199 1252/1252 1181/1181
f 1175/1175 1183/1183 1253/1253
f 1151/1151 1171/1171 1185/1185
f 1183/1183 1173/1173 1177/1177
f 1172/1172 1250/1250 1202/1202
f 1213/1213 1210/1210 1154/1154
f 1162/1162 1160/1160 1188/1188
f 1180/1180 1155/1155 1209/1209
f 1156/1156 1154/1154 1155/1155
f 1152/1152 1158/1158 1179/1179
f 1188/1188 1160/1160 1164/1164
f 1163/1163 1228/1228 1223/1223
f 1162/1162 1161/1161 1222/1222
f 1209/1209 1155/1155 1162/1162
f 1154/1154 1210/1210 1228/1228
f 1155/1155 1154/1154 1163/1163
f 1189/1189 1190/1190 1191/1191
f 1160/1160 1223/1223 1233/1233
f 1161/1161 1165/1165 1232/1232
f 1238/1238 1191/1191 1274/1274
f 1240/1240 1168/1168 1167/1167
f 1232/1232 1165/1165 1186/1186
f 1233/1233 1243/1243 1169/1169
f 1187/1187 1164/1164 1169/1169
f 1147/1147 1200/1200 1250/1250
f 1149/1149 1147/1147 1172/1172
f 1252/1252 1150/1150 1171/1171
f 1176/1176 1179/1179 1215/1215
f 1175/1175 1151/1151 1173/1173
f 1183/1183 1182/1182 1260/1260
f 1182/1182 1177/1177 1152/1152
f 1181/1181 1171/1171 1151/1151
f 1182/1182 1176/1176 1206/1206
f 1184/1184 1170/1170 1172/1172
f 1153/1153 1178/1178 1185/1185
f 1184/1184 1148/1148 1156/1156
f 1156/1156 1148/1148 1202/1202
f 1186/1186 1168/1168 1240/1240
f 1187/1187 1165/1165 1161/1161
f 1187/1187 1186/1186 1165/1165
f 1191/1191 1192/1192 1168/1168
f 1167/1167 1192/1192 1166/1166
f 1192/1192 1167/1167 1168/1168
f 1192/1192 1191/1191 1166/1166
f 1263/1263 1252/1252 1199/1199
f 1253/1253 1265/1265 1256/1256
f 1197/1197 1254/1254 1266/1266
f 1259/1259 1255/1255 1265/1265
f 1249/1249 1194/1194 1203/1203
f 1214/1214 1212/1212 1207/1207
f 1271/1271 1226/1226 1221/1221
f 1209/1209 1262/1262 1216/1216
f 1212/1212 1219/1219 1208/1208
f 1205/1205 1257/1257 1261/1261
f 1230/1230 1220/1220 1271/1271
f 1224/1224 1229/1229 1227/1227
f 1226/1226 1225/1225 1222/1222
f 1226/1226 1208/1208 1209/1209
f 1229/1229 1211/1211 1207/1207
f 1227/1227 1207/1207 1208/1208
f 1276/1276 1272/1272 1241/1241
f 1234/1234 1224/1224 1220/1220
f 1221/1221 1222/1222 1232/1232
f 1239/1239 1276/1276 1235/1235
f 1236/1236 1241/1241 1240/1240
f 1269/1269 1231/1231 1232/1232
f 1234/1234 1230/1230 1242/1242
f 1242/1242 1230/1230 1270/1270
f 1193/1193 1249/1249 1251/1251
f 1196/1196 1248/1248 1249/1249
f 1247/1247 1252/1252 1263/1263
f 1215/1215 1261/1261 1257/1257
f 1255/1255 1197/1197 1256/1256
f 1260/1260 1264/1264 1265/1265
f 1205/1205 1259/1259 1264/1264
f 1263/1263 1256/1256 1197/1197
f 1206/1206 1257/1257 1264/1264
f 1249/1249 1248/1248 1267/1267
f 1258/1258 1204/1204 1266/1266
f 1212/1212 1194/1194 1267/1267
f 1212/1212 1214/1214 1203/1203
f 1269/1269 1268/1268 1240/1240
f 1270/1270 1271/1271 1221/1221
f 1269/1269 1270/1270 1231/1231
f 1276/1276 1241/1241 1277/1277
f 1236/1236 1235/1235 1277/1277
f 1277/1277 1241/1241 1236/1236
f 1277/1277 1235/1235 1276/1276
f 1199/1199 1181/1181 1175/1175
f 1175/1175 1253/1253 1199/1199
f 1151/1151 1185/1185 1174/1174
f 1183/1183 1177/1177 1182/1182
f 1172/1172 1202/1202 1148/1148
f 1213/1213 1154/1154 1156/1156
f 1160/1160 1162/1162 1163/1163
f 1162/1162 1188/1188 1161/1161
f 1155/1155 1180/1180 1157/1157
f 1180/1180 1209/1209 1216/1216
f 1156/1156 1155/1155 1157/1157
f 1152/1152 1179/1179 1176/1176
f 1188/1188 1164/1164 1187/1187
f 1163/1163 1223/1223 1160/1160
f 1162/1162 1222/1222 1225/1225
f 1209/1209 1162/1162 1225/1225
f 1154/1154 1228/1228 1163/1163
f 1155/1155 1163/1163 1162/1162
f 1190/1190 1189/1189 1169/1169
f 1189/1189 1191/1191 1168/1168
f 1160/1160 1233/1233 1164/1164
f 1161/1161 1232/1232 1222/1222
f 1190/1190 1274/1274 1191/1191
f 1244/1244 1190/1190 1169/1169
f 1274/1274 1190/1190 1244/1244
f 1166/1166 1191/1191 1238/1238
f 1240/1240 1167/1167 1237/1237
f 1232/1232 1186/1186 1268/1268
f 1233/1233 1169/1169 1164/1164
f 1187/1187 1169/1169 1189/1189
f 1147/1147 1250/1250 1172/1172
f 1149/1149 1172/1172 1170/1170
f 1150/1150 1252/1252 1198/1198
f 1252/1252 1171/1171 1181/1181
f 1176/1176 1215/1215 1206/1206
f 1175/1175 1173/1173 1183/1183
f 1183/1183 1260/1260 1253/1253
f 1182/1182 1152/1152 1176/1176
f 1181/1181 1151/1151 1175/1175
f 1182/1182 1206/1206 1260/1260
f 1184/1184 1172/1172 1148/1148
f 1159/1159 1153/1153 1185/1185
f 1185/1185 1178/1178 1174/1174
f 1184/1184 1156/1156 1157/1157
f 1156/1156 1202/1202 1213/1213
f 1186/1186 1240/1240 1268/1268
f 1187/1187 1161/1161 1188/1188
f 1168/1168 1186/1186 1189/1189
f 1189/1189 1186/1186 1187/1187
f 1263/1263 1199/1199 1256/1256
f 1253/1253 1256/1256 1199/1199
f 1197/1197 1266/1266 1247/1247
f 1259/1259 1265/1265 1264/1264
f 1249/1249 1203/1203 1251/1251
f 1214/1214 1207/1207 1211/1211
f 1226/1226 1220/1220 1227/1227
f 1220/1220 1226/1226 1271/1271
f 1262/1262 1208/1208 1219/1219
f 1208/1208 1262/1262 1209/1209
f 1212/1212 1208/1208 1207/1207
f 1205/1205 1261/1261 1218/1218
f 1230/1230 1271/1271 1270/1270
f 1224/1224 1227/1227 1220/1220
f 1226/1226 1222/1222 1221/1221
f 1226/1226 1209/1209 1225/1225
f 1229/1229 1207/1207 1227/1227
f 1227/1227 1208/1208 1226/1226
f 1272/1272 1273/1273 1242/1242
f 1273/1273 1272/1272 1276/1276
f 1234/1234 1220/1220 1230/1230
f 1221/1221 1232/1232 1231/1231
f 1242/1242 1273/1273 1245/1245
f 1276/1276 1275/1275 1273/1273
f 1275/1275 1245/1245 1273/1273
f 1275/1275 1276/1276 1239/1239
f 1236/1236 1240/1240 1237/1237
f 1269/1269 1232/1232 1268/1268
f 1234/1234 1242/1242 1246/1246
f 1242/1242 1270/1270 1272/1272
f 1193/1193 1251/1251 1201/1201
f 1196/1196 1249/1249 1193/1193
f 1252/1252 1195/1195 1198/1198
f 1195/1195 1252/1252 1247/1247
f 1215/1215 1257/1257 1206/1206
f 1255/1255 1256/1256 1265/1265
f 1260/1260 1265/1265 1253/1253
f 1205/1205 1264/1264 1257/1257
f 1263/1263 1197/1197 1247/1247
f 1206/1206 1264/1264 1260/1260
f 1249/1249 1267/1267 1194/1194
f 1254/1254 1258/1258 1266/1266
f 1266/1266 1204/1204 1217/1217
f 1212/1212 1267/1267 1219/1219
f 1212/1212 1203/1203 1194/1194
f 1269/1269 1240/1240 1241/1241
f 1270/1270 1221/1221 1231/1231
f 1270/1270 1269/1269 1272/1272
f 1272/1272 1269/1269 1241/1241
f 1294/1294 1349/1349 1539/1539
f 1337/1337 1283/1283 1279/1279
f 1280/1280 1295/1295 1346/1346
f 1339/1339 1286/1286 1279/1279
f 1283/1283 1290/1290 1278/1278
f 1289/1289 1278/1278 1287/1287
f 1327/1327 1337/1337 1286/1286
f 1347/1347 1295/1295 1291/1291
f 1291/1291 1345/1345 1347/1347
f 1348/1348 1350/1350 1294/1294
f 1350/1350 1343/1343 1293/1293
f 1301/1301 1544/1544 1542/1542
f 1310/1310 1300/1300 1301/1301
f 1541/1541 1540/1540 1311/1311
f 1307/1307 1306/1306 1303/1303
f 1547/1547 1305/1305 1548/1548
f 1547/1547 1545/1545 1299/1299
f 1548/1548 1545/1545 1547/1547
f 1301/1301 1299/1299 1545/1545
f 1322/1322 1312/1312 1311/1311
f 1310/1310 1313/1313 1323/1323
f 1545/1545 1548/1548 1544/1544
f 1544/1544 1301/1301 1545/1545
f 1316/1316 1317/1317 1335/1335
f 1315/1315 1316/1316 1336/1336
f 1317/1317 1318/1318 1334/1334
f 1317/1317 1322/1322 1321/1321
f 1320/1320 1323/1323 1316/1316
f 1313/1313 1542/1542 1543/1543
f 1339/1339 1325/1325 1281/1281
f 1331/1331 1336/1336 1335/1335
f 1335/1335 1334/1334 1282/1282
f 1282/1282 1326/1326 1335/1335
f 1323/1323 1543/1543 1317/1317
f 1317/1317 1316/1316 1323/1323
f 1330/1330 1333/1333 1336/1336
f 1294/1294 1293/1293 1341/1341
f 1285/1285 1279/1279 1278/1278
f 1346/1346 1295/1295 1538/1538
f 1290/1290 1344/1344 1287/1287
f 1280/1280 1287/1287 1344/1344
f 1354/1354 1356/1356 1357/1357
f 1375/1375 1354/1354 1357/1357
f 1356/1356 1355/1355 1382/1382
f 1357/1357 1540/1540 1303/1303
f 1387/1387 1329/1329 1340/1340
f 1358/1358 1384/1384 1387/1387
f 1359/1359 1370/1370 1366/1366
f 1386/1386 1359/1359 1391/1391
f 1358/1358 1395/1395 1371/1371
f 1361/1361 1283/1283 1337/1337
f 1362/1362 1368/1368 1392/1392
f 1361/1361 1367/1367 1390/1390
f 1360/1360 1290/1290 1283/1283
f 1368/1368 1360/1360 1369/1369
f 1367/1367 1337/1337 1327/1327
f 1291/1291 1362/1362 1373/1373
f 1394/1394 1345/1345 1291/1291
f 1393/1393 1372/1372 1371/1371
f 1396/1396 1371/1371 1292/1292
f 1356/1356 1354/1354 1374/1374
f 1309/1309 1379/1379 1374/1374
f 1311/1311 1540/1540 1357/1357
f 1303/1303 1306/1306 1376/1376
f 1377/1377 1304/1304 1352/1352
f 1546/1546 1298/1298 1353/1353
f 1298/1298 1374/1374 1353/1353
f 1353/1353 1352/1352 1546/1546
f 1382/1382 1321/1321 1311/1311
f 1383/1383 1379/1379 1309/1309
f 1354/1354 1375/1375 1352/1352
f 1353/1353 1374/1374 1354/1354
f 1388/1388 1381/1381 1380/1380
f 1389/1389 1380/1380 1314/1314
f 1334/1334 1318/1318 1381/1381
f 1381/1381 1318/1318 1321/1321
f 1380/1380 1383/1383 1319/1319
f 1355/1355 1356/1356 1379/1379
f 1390/1390 1367/1367 1363/1363
f 1387/1387 1384/1384 1388/1388
f 1364/1364 1328/1328 1334/1334
f 1388/1388 1384/1384 1364/1364
f 1381/1381 1382/1382 1355/1355
f 1383/1383 1380/1380 1381/1381
f 1329/1329 1387/1387 1389/1389
f 1371/1371 1395/1395 1340/1340
f 1360/1360 1361/1361 1365/1365
f 1392/1392 1370/1370 1359/1359
f 1368/1368 1344/1344 1290/1290
f 1344/1344 1368/1368 1362/1362
f 1549/1549 1548/1548 1308/1308
f 1549/1549 1307/1307 1302/1302
f 1307/1307 1549/1549 1308/1308
f 1548/1548 1549/1549 1302/1302
f 1541/1541 1312/1312 1542/1542
f 1542/1542 1322/1322 1543/1543
f 1541/1541 1303/1303 1540/1540
f 1331/1331 1341/1341 1330/1330
f 1331/1331 1539/1539 1349/1349
f 1284/1284 1538/1538 1338/1338
f 1294/1294 1539/1539 1296/1296
f 1337/1337 1279/1279 1286/1286
f 1280/1280 1346/1346 1287/1287
f 1339/1339 1279/1279 1285/1285
f 1283/1283 1278/1278 1279/1279
f 1289/1289 1287/1287 1346/1346
f 1327/1327 1286/1286 1281/1281
f 1295/1295 1280/1280 1291/1291
f 1348/1348 1294/1294 1296/1296
f 1350/1350 1293/1293 1294/1294
f 1301/1301 1542/1542 1313/1313
f 1310/1310 1301/1301 1313/1313
f 1541/1541 1311/1311 1312/1312
f 1307/1307 1303/1303 1302/1302
f 1305/1305 1308/1308 1548/1548
f 1322/1322 1311/1311 1321/1321
f 1310/1310 1323/1323 1320/1320
f 1548/1548 1302/1302 1544/1544
f 1316/1316 1335/1335 1336/1336
f 1315/1315 1336/1336 1333/1333
f 1317/1317 1334/1334 1335/1335
f 1317/1317 1321/1321 1318/1318
f 1320/1320 1316/1316 1315/1315
f 1313/1313 1543/1543 1323/1323
f 1339/1339 1281/1281 1286/1286
f 1331/1331 1335/1335 1326/1326
f 1334/1334 1328/1328 1282/1282
f 1543/1543 1322/1322 1317/1317
f 1330/1330 1336/1336 1331/1331
f 1294/1294 1341/1341 1349/1349
f 1285/1285 1278/1278 1289/1289
f 1346/1346 1538/1538 1288/1288
f 1290/1290 1287/1287 1278/1278
f 1280/1280 1344/1344 1291/1291
f 1351/1351 1377/1377 1352/1352
f 1351/1351 1375/1375 1376/1376
f 1376/1376 1377/1377 1351/1351
f 1352/1352 1375/1375 1351/1351
f 1356/1356 1378/1378 1357/1357
f 1356/1356 1382/1382 1378/1378
f 1357/1357 1303/1303 1375/1375
f 1387/1387 1340/1340 1395/1395
f 1358/1358 1387/1387 1395/1395
f 1391/1391 1359/1359 1366/1366
f 1358/1358 1371/1371 1372/1372
f 1361/1361 1337/1337 1367/1367
f 1362/1362 1392/1392 1373/1373
f 1361/1361 1390/1390 1365/1365
f 1360/1360 1283/1283 1361/1361
f 1368/1368 1369/1369 1392/1392
f 1367/1367 1327/1327 1363/1363
f 1291/1291 1373/1373 1394/1394
f 1393/1393 1371/1371 1396/1396
f 1396/1396 1292/1292 1342/1342
f 1356/1356 1374/1374 1379/1379
f 1309/1309 1374/1374 1297/1297
f 1311/1311 1357/1357 1378/1378
f 1303/1303 1376/1376 1375/1375
f 1304/1304 1546/1546 1352/1352
f 1382/1382 1311/1311 1378/1378
f 1383/1383 1309/1309 1319/1319
f 1354/1354 1352/1352 1353/1353
f 1388/1388 1380/1380 1389/1389
f 1389/1389 1314/1314 1332/1332
f 1334/1334 1381/1381 1388/1388
f 1381/1381 1321/1321 1382/1382
f 1380/1380 1319/1319 1314/1314
f 1355/1355 1379/1379 1383/1383
f 1390/1390 1363/1363 1385/1385
f 1387/1387 1388/1388 1389/1389
f 1364/1364 1334/1334 1388/1388
f 1381/1381 1355/1355 1383/1383
f 1329/1329 1389/1389 1332/1332
f 1371/1371 1340/1340 1292/1292
f 1360/1360 1365/1365 1369/1369
f 1392/1392 1359/1359 1373/1373
f 1368/1368 1290/1290 1360/1360
f 1344/1344 1362/1362 1291/1291
f 1401/1401 1400/1400 1402/1402
f 1398/1398 1400/1400 1397/1397
f 1405/1405 1399/1399 1398/1398
f 1401/1401 1404/1404 1403/1403
f 1401/1401 1397/1397 1400/1400
f 1398/1398 1399/1399 1400/1400
f 1405/1405 1406/1406 1399/1399
f 1401/1401 1402/1402 1404/1404
f 1412/1412 1415/1415 1443/1443
f 1414/1414 1415/1415 1412/1412
f 1414/1414 1463/1463 1453/1453
f 1415/1415 1444/1444 1443/1443
f 1472/1472 1482/1482 1490/1490
f 1472/1472 1418/1418 1467/1467
f 1417/1417 1479/1479 1465/1465
f 1429/1429 1425/1425 1417/1417
f 1435/1435 1418/1418 1490/1490
f 1478/1478 1420/1420 1424/1424
f 1421/1421 1487/1487 1436/1436
f 1480/1480 1420/1420 1427/1427
f 1424/1424 1419/1419 1431/1431
f 1430/1430 1428/1428 1419/1419
f 1468/1468 1427/1427 1478/1478
f 1488/1488 1432/1432 1436/1436
f 1432/1432 1488/1488 1486/1486
f 1489/1489 1435/1435 1491/1491
f 1491/1491 1434/1434 1484/1484
f 1442/1442 1414/1414 1412/1412
f 1451/1451 1442/1442 1441/1441
f 1415/1415 1452/1452 1416/1416
f 1448/1448 1444/1444 1447/1447
f 1410/1410 1408/1408 1446/1446
f 1410/1410 1440/1440 1411/1411
f 1408/1408 1410/1410 1411/1411
f 1442/1442 1411/1411 1440/1440
f 1463/1463 1452/1452 1453/1453
f 1451/1451 1464/1464 1454/1454
f 1411/1411 1412/1412 1408/1408
f 1412/1412 1411/1411 1442/1442
f 1457/1457 1476/1476 1458/1458
f 1456/1456 1477/1477 1457/1457
f 1458/1458 1475/1475 1459/1459
f 1458/1458 1462/1462 1463/1463
f 1461/1461 1457/1457 1464/1464
f 1454/1454 1413/1413 1414/1414
f 1480/1480 1422/1422 1466/1466
f 1472/1472 1476/1476 1477/1477
f 1476/1476 1423/1423 1475/1475
f 1423/1423 1476/1476 1467/1467
f 1464/1464 1458/1458 1413/1413
f 1458/1458 1464/1464 1457/1457
f 1471/1471 1477/1477 1474/1474
f 1435/1435 1482/1482 1434/1434
f 1426/1426 1419/1419 1420/1420
f 1487/1487 1417/1417 1436/1436
f 1431/1431 1428/1428 1485/1485
f 1421/1421 1485/1485 1428/1428
f 1495/1495 1498/1498 1497/1497
f 1516/1516 1498/1498 1495/1495
f 1497/1497 1523/1523 1496/1496
f 1498/1498 1444/1444 1416/1416
f 1528/1528 1481/1481 1470/1470
f 1499/1499 1528/1528 1525/1525
f 1500/1500 1507/1507 1511/1511
f 1527/1527 1532/1532 1500/1500
f 1499/1499 1512/1512 1536/1536
f 1502/1502 1478/1478 1424/1424
f 1503/1503 1533/1533 1509/1509
f 1502/1502 1531/1531 1508/1508
f 1501/1501 1424/1424 1431/1431
f 1509/1509 1510/1510 1501/1501
f 1508/1508 1468/1468 1478/1478
f 1432/1432 1514/1514 1503/1503
f 1535/1535 1432/1432 1486/1486
f 1534/1534 1512/1512 1513/1513
f 1537/1537 1433/1433 1512/1512
f 1497/1497 1515/1515 1495/1495
f 1450/1450 1515/1515 1520/1520
f 1452/1452 1498/1498 1416/1416
f 1444/1444 1517/1517 1447/1447
f 1518/1518 1493/1493 1445/1445
f 1409/1409 1494/1494 1439/1439
f 1439/1439 1494/1494 1515/1515
f 1494/1494 1409/1409 1493/1493
f 1523/1523 1452/1452 1462/1462
f 1524/1524 1450/1450 1520/1520
f 1495/1495 1493/1493 1516/1516
f 1494/1494 1495/1495 1515/1515
f 1529/1529 1521/1521 1522/1522
f 1530/1530 1455/1455 1521/1521
f 1475/1475 1522/1522 1459/1459
f 1522/1522 1462/1462 1459/1459
f 1521/1521 1460/1460 1524/1524
f 1496/1496 1520/1520 1497/1497
f 1531/1531 1504/1504 1508/1508
f 1528/1528 1529/1529 1525/1525
f 1505/1505 1475/1475 1469/1469
f 1529/1529 1505/1505 1525/1525
f 1522/1522 1496/1496 1523/1523
f 1524/1524 1522/1522 1521/1521
f 1470/1470 1530/1530 1528/1528
f 1512/1512 1481/1481 1536/1536
f 1501/1501 1506/1506 1502/1502
f 1533/1533 1500/1500 1511/1511
f 1509/1509 1431/1431 1485/1485
f 1485/1485 1503/1503 1509/1509
f 1407/1407 1449/1449 1408/1408
f 1407/1407 1443/1443 1448/1448
f 1448/1448 1449/1449 1407/1407
f 1408/1408 1443/1443 1407/1407
f 1415/1415 1414/1414 1453/1453
f 1414/1414 1413/1413 1463/1463
f 1415/1415 1416/1416 1444/1444
f 1472/1472 1471/1471 1482/1482
f 1472/1472 1490/1490 1418/1418
f 1425/1425 1479/1479 1417/1417
f 1435/1435 1437/1437 1418/1418
f 1478/1478 1427/1427 1420/1420
f 1421/1421 1428/1428 1487/1487
f 1480/1480 1426/1426 1420/1420
f 1424/1424 1420/1420 1419/1419
f 1430/1430 1487/1487 1428/1428
f 1468/1468 1422/1422 1427/1427
f 1436/1436 1432/1432 1421/1421
f 1489/1489 1437/1437 1435/1435
f 1491/1491 1435/1435 1434/1434
f 1442/1442 1454/1454 1414/1414
f 1451/1451 1454/1454 1442/1442
f 1415/1415 1453/1453 1452/1452
f 1448/1448 1443/1443 1444/1444
f 1446/1446 1408/1408 1449/1449
f 1463/1463 1462/1462 1452/1452
f 1451/1451 1461/1461 1464/1464
f 1408/1408 1412/1412 1443/1443
f 1457/1457 1477/1477 1476/1476
f 1456/1456 1474/1474 1477/1477
f 1458/1458 1476/1476 1475/1475
f 1458/1458 1459/1459 1462/1462
f 1461/1461 1456/1456 1457/1457
f 1454/1454 1464/1464 1413/1413
f 1480/1480 1427/1427 1422/1422
f 1472/1472 1467/1467 1476/1476
f 1475/1475 1423/1423 1469/1469
f 1413/1413 1458/1458 1463/1463
f 1471/1471 1472/1472 1477/1477
f 1435/1435 1490/1490 1482/1482
f 1426/1426 1430/1430 1419/1419
f 1487/1487 1429/1429 1417/1417
f 1431/1431 1419/1419 1428/1428
f 1421/1421 1432/1432 1485/1485
f 1492/1492 1493/1493 1518/1518
f 1492/1492 1517/1517 1516/1516
f 1517/1517 1492/1492 1518/1518
f 1493/1493 1492/1492 1516/1516
f 1497/1497 1498/1498 1519/1519
f 1497/1497 1519/1519 1523/1523
f 1498/1498 1516/1516 1444/1444
f 1528/1528 1536/1536 1481/1481
f 1499/1499 1536/1536 1528/1528
f 1532/1532 1507/1507 1500/1500
f 1499/1499 1513/1513 1512/1512
f 1502/1502 1508/1508 1478/1478
f 1503/1503 1514/1514 1533/1533
f 1502/1502 1506/1506 1531/1531
f 1501/1501 1502/1502 1424/1424
f 1509/1509 1533/1533 1510/1510
f 1508/1508 1504/1504 1468/1468
f 1432/1432 1535/1535 1514/1514
f 1534/1534 1537/1537 1512/1512
f 1537/1537 1483/1483 1433/1433
f 1497/1497 1520/1520 1515/1515
f 1450/1450 1438/1438 1515/1515
f 1452/1452 1519/1519 1498/1498
f 1444/1444 1516/1516 1517/1517
f 1445/1445 1493/1493 1409/1409
f 1523/1523 1519/1519 1452/1452
f 1524/1524 1460/1460 1450/1450
f 1495/1495 1494/1494 1493/1493
f 1529/1529 1530/1530 1521/1521
f 1530/1530 1473/1473 1455/1455
f 1475/1475 1529/1529 1522/1522
f 1522/1522 1523/1523 1462/1462
f 1521/1521 1455/1455 1460/1460
f 1496/1496 1524/1524 1520/1520
f 1531/1531 1526/1526 1504/1504
f 1528/1528 1530/1530 1529/1529
f 1505/1505 1529/1529 1475/1475
f 1522/1522 1524/1524 1496/1496
f 1470/1470 1473/1473 1530/1530
f 1512/1512 1433/1433 1481/1481
f 1501/1501 1510/1510 1506/1506
f 1533/1533 1514/1514 1500/1500
f 1509/1509 1501/1501 1431/1431
f 1485/1485 1432/1432 1503/1503
f 1288/1288 1538/1538 1284/1284
f 1538/1538 1324/1324 1338/1338
f 1331/1331 1326/1326 1539/1539
f 1331/1331 1349/1349 1341/1341
f 1541/1541 1302/1302 1303/1303
f 1542/1542 1312/1312 1322/1322
f 1542/1542 1544/1544 1541/1541
f 1544/1544 1302/1302 1541/1541
f 1555/1555 1552/1552 1554/1554
f 1551/1551 1557/1557 1550/1550
f 1558/1558 1556/1556 1557/1557
f 1555/1555 1556/1556 1559/1559
f 1555/1555 1553/1553 1552/1552
f 1551/1551 1558/1558 1557/1557
f 1558/1558 1559/1559 1556/1556
f 1555/1555 1554/1554 1556/1556
f 1585/1585 1601/1601 1583/1583
f 1573/1573 1566/1566 1562/1562
f 1595/1595 1599/1599 1584/1584
f 1584/1584 1600/1600 1585/1585
f 1562/1562 1585/1585 1568/1568
f 1560/1560 1577/1577 1565/1565
f 1571/1571 1568/1568 1569/1569
f 1573/1573 1568/1568 1572/1572
f 1564/1564 1573/1573 1572/1572
f 1564/1564 1571/1571 1567/1567
f 1592/1592 1560/1560 1565/1565
f 1563/1563 1570/1570 1573/1573
f 1574/1574 1578/1578 1581/1581
f 1571/1571 1579/1579 1580/1580
f 1575/1575 1581/1581 1582/1582
f 1569/1569 1582/1582 1579/1579
f 1560/1560 1614/1614 1576/1576
f 1571/1571 1580/1580 1567/1567
f 1620/1620 1575/1575 1583/1583
f 1601/1601 1600/1600 1621/1621
f 1606/1606 1594/1594 1603/1603
f 1619/1619 1595/1595 1622/1622
f 1600/1600 1619/1619 1621/1621
f 1621/1621 1589/1589 1597/1597
f 1611/1611 1587/1587 1593/1593
f 1604/1604 1597/1597 1605/1605
f 1597/1597 1606/1606 1605/1605
f 1591/1591 1606/1606 1590/1590
f 1604/1604 1591/1591 1596/1596
f 1587/1587 1592/1592 1593/1593
f 1590/1590 1603/1603 1588/1588
f 1607/1607 1610/1610 1593/1593
f 1604/1604 1612/1612 1598/1598
f 1608/1608 1616/1616 1607/1607
f 1598/1598 1617/1617 1608/1608
f 1587/1587 1613/1613 1602/1602
f 1604/1604 1596/1596 1615/1615
f 1607/1607 1592/1592 1620/1620
f 1583/1583 1569/1569 1585/1585
f 1569/1569 1568/1568 1585/1585
f 1585/1585 1600/1600 1601/1601
f 1573/1573 1570/1570 1566/1566
f 1584/1584 1562/1562 1586/1586
f 1562/1562 1566/1566 1586/1586
f 1586/1586 1595/1595 1584/1584
f 1584/1584 1599/1599 1600/1600
f 1562/1562 1584/1584 1585/1585
f 1560/1560 1576/1576 1577/1577
f 1571/1571 1572/1572 1568/1568
f 1573/1573 1562/1562 1568/1568
f 1564/1564 1563/1563 1573/1573
f 1564/1564 1572/1572 1571/1571
f 1592/1592 1602/1602 1560/1560
f 1563/1563 1561/1561 1570/1570
f 1574/1574 1565/1565 1578/1578
f 1571/1571 1569/1569 1579/1579
f 1575/1575 1574/1574 1581/1581
f 1569/1569 1575/1575 1582/1582
f 1560/1560 1602/1602 1614/1614
f 1583/1583 1601/1601 1620/1620
f 1620/1620 1592/1592 1574/1574
f 1592/1592 1565/1565 1574/1574
f 1574/1574 1575/1575 1620/1620
f 1575/1575 1569/1569 1583/1583
f 1597/1597 1598/1598 1621/1621
f 1598/1598 1618/1618 1621/1621
f 1618/1618 1601/1601 1621/1621
f 1606/1606 1589/1589 1594/1594
f 1594/1594 1589/1589 1622/1622
f 1589/1589 1619/1619 1622/1622
f 1619/1619 1599/1599 1595/1595
f 1600/1600 1599/1599 1619/1619
f 1621/1621 1619/1619 1589/1589
f 1611/1611 1609/1609 1587/1587
f 1604/1604 1598/1598 1597/1597
f 1597/1597 1589/1589 1606/1606
f 1591/1591 1605/1605 1606/1606
f 1604/1604 1605/1605 1591/1591
f 1587/1587 1602/1602 1592/1592
f 1590/1590 1606/1606 1603/1603
f 1607/1607 1616/1616 1610/1610
f 1604/1604 1615/1615 1612/1612
f 1608/1608 1617/1617 1616/1616
f 1598/1598 1612/1612 1617/1617
f 1587/1587 1609/1609 1613/1613
f 1618/1618 1598/1598 1608/1608
f 1607/1607 1593/1593 1592/1592
f 1618/1618 1608/1608 1620/1620
f 1608/1608 1607/1607 1620/1620
f 1620/1620 1601/1601 1618/1618
f 1637/1637 1638/1638 1626/1626
f 1632/1632 1631/1631 1629/1629
f 1639/1639 1640/1640 1631/1631
f 1630/1630 1629/1629 1634/1634
f 1624/1624 1623/1623 1635/1635
f 1642/1642 1641/1641 1638/1638
f 1636/1636 1635/1635 1640/1640
f 1633/1633 1634/1634 1641/1641
f 1637/1637 1626/1626 1628/1628
f 1632/1632 1629/1629 1630/1630
f 1639/1639 1631/1631 1632/1632
f 1630/1630 1634/1634 1633/1633
f 1624/1624 1635/1635 1636/1636
f 1642/1642 1638/1638 1637/1637
f 1636/1636 1640/1640 1639/1639
f 1633/1633 1641/1641 1642/1642
f 1665/1665 1662/1662 1659/1659
f 1676/1676 1645/1645 1653/1653
f 1680/1680 1649/1649 1646/1646
f 1681/1681 1685/1685 1656/1656
f 1684/1684 1671/1671 1652/1652
f 1657/1657 1660/1660 1673/1673
f 1661/1661 1663/1663 1677/1677
f 1664/1664 1666/1666 1682/1682
f 1667/1667 1658/1658 1670/1670
f 1647/1647 1654/1654 1692/1692
f 1758/1758 1627/1627 1625/1625
f 1665/1665 1659/1659 1668/1668
f 1676/1676 1653/1653 1672/1672
f 1679/1679 1644/1644 1675/1675
f 1681/1681 1656/1656 1650/1650
f 1684/1684 1652/1652 1655/1655
f 1657/1657 1673/1673 1669/1669
f 1661/1661 1677/1677 1674/1674
f 1664/1664 1682/1682 1678/1678
f 1667/1667 1670/1670 1683/1683
f 1648/1648 1693/1693 1688/1688
f 1643/1643 1687/1687 1651/1651
f 1687/1687 1691/1691 1651/1651
f 1719/1719 1717/1717 1735/1735
f 1707/1707 1696/1696 1700/1700
f 1729/1729 1718/1718 1733/1733
f 1718/1718 1719/1719 1734/1734
f 1696/1696 1702/1702 1719/1719
f 1694/1694 1699/1699 1712/1712
f 1705/1705 1703/1703 1702/1702
f 1707/1707 1706/1706 1702/1702
f 1698/1698 1706/1706 1707/1707
f 1698/1698 1701/1701 1705/1705
f 1726/1726 1699/1699 1694/1694
f 1697/1697 1707/1707 1704/1704
f 1708/1708 1715/1715 1711/1711
f 1705/1705 1714/1714 1713/1713
f 1709/1709 1716/1716 1715/1715
f 1703/1703 1713/1713 1716/1716
f 1694/1694 1710/1710 1747/1747
f 1705/1705 1701/1701 1714/1714
f 1754/1754 1717/1717 1709/1709
f 1735/1735 1755/1755 1734/1734
f 1740/1740 1737/1737 1728/1728
f 1753/1753 1756/1756 1729/1729
f 1734/1734 1755/1755 1753/1753
f 1755/1755 1731/1731 1723/1723
f 1744/1744 1727/1727 1721/1721
f 1738/1738 1739/1739 1731/1731
f 1731/1731 1739/1739 1740/1740
f 1725/1725 1724/1724 1740/1740
f 1738/1738 1730/1730 1725/1725
f 1721/1721 1727/1727 1726/1726
f 1724/1724 1722/1722 1737/1737
f 1741/1741 1727/1727 1745/1745
f 1738/1738 1732/1732 1746/1746
f 1742/1742 1741/1741 1750/1750
f 1732/1732 1742/1742 1751/1751
f 1721/1721 1736/1736 1748/1748
f 1738/1738 1749/1749 1730/1730
f 1741/1741 1754/1754 1726/1726
f 1717/1717 1719/1719 1703/1703
f 1703/1703 1719/1719 1702/1702
f 1719/1719 1735/1735 1734/1734
f 1707/1707 1700/1700 1704/1704
f 1718/1718 1720/1720 1696/1696
f 1696/1696 1720/1720 1700/1700
f 1720/1720 1718/1718 1729/1729
f 1718/1718 1734/1734 1733/1733
f 1696/1696 1719/1719 1718/1718
f 1694/1694 1712/1712 1710/1710
f 1705/1705 1702/1702 1706/1706
f 1707/1707 1702/1702 1696/1696
f 1698/1698 1707/1707 1697/1697
f 1698/1698 1705/1705 1706/1706
f 1726/1726 1694/1694 1736/1736
f 1697/1697 1704/1704 1695/1695
f 1708/1708 1711/1711 1699/1699
f 1705/1705 1713/1713 1703/1703
f 1709/1709 1715/1715 1708/1708
f 1703/1703 1716/1716 1709/1709
f 1694/1694 1747/1747 1736/1736
f 1717/1717 1754/1754 1735/1735
f 1754/1754 1708/1708 1726/1726
f 1726/1726 1708/1708 1699/1699
f 1708/1708 1754/1754 1709/1709
f 1709/1709 1717/1717 1703/1703
f 1731/1731 1755/1755 1732/1732
f 1732/1732 1755/1755 1752/1752
f 1752/1752 1755/1755 1735/1735
f 1740/1740 1728/1728 1723/1723
f 1728/1728 1756/1756 1723/1723
f 1723/1723 1756/1756 1753/1753
f 1753/1753 1729/1729 1733/1733
f 1734/1734 1753/1753 1733/1733
f 1755/1755 1723/1723 1753/1753
f 1744/1744 1721/1721 1743/1743
f 1738/1738 1731/1731 1732/1732
f 1731/1731 1740/1740 1723/1723
f 1725/1725 1740/1740 1739/1739
f 1738/1738 1725/1725 1739/1739
f 1721/1721 1726/1726 1736/1736
f 1724/1724 1737/1737 1740/1740
f 1741/1741 1745/1745 1750/1750
f 1738/1738 1746/1746 1749/1749
f 1742/1742 1750/1750 1751/1751
f 1732/1732 1751/1751 1746/1746
f 1721/1721 1748/1748 1743/1743
f 1752/1752 1742/1742 1732/1732
f 1741/1741 1726/1726 1727/1727
f 1752/1752 1754/1754 1742/1742
f 1742/1742 1754/1754 1741/1741
f 1754/1754 1752/1752 1735/1735
f 1625/1625 1757/1757 1758/1758
f 1690/1690 1686/1686 1760/1760
f 1689/1689 1759/1759 1761/1761
f 1762/1762 1765/1765 1763/1763
f 1766/1766 1764/1764 1762/1762
f 1767/1767 1770/1770 1768/1768
f 1771/1771 1769/1769 1767/1767
