# CC0 albedo mesh for MuJoCo kit_cam rooms
v 0.111481 -0.024417 0.070582
v 0.103366 -0.047609 0.070582
v 0.090293 -0.068414 0.070582
v 0.072919 -0.085788 0.070582
v 0.052114 -0.098861 0.070582
v 0.028921 -0.106976 0.070582
v 0.004505 -0.109728 0.070582
v -0.019912 -0.106976 0.070582
v -0.043104 -0.098861 0.070582
v -0.063909 -0.085788 0.070582
v -0.081284 -0.068414 0.070582
v -0.094357 -0.047609 0.070582
v -0.102472 -0.024417 0.070582
v -0.105223 0.000000 0.070582
v -0.102472 0.024417 0.070582
v -0.094357 0.047609 0.070582
v -0.081284 0.068414 0.070582
v -0.063909 0.085788 0.070582
v -0.043104 0.098861 0.070582
v -0.019912 0.106976 0.070582
v 0.004505 0.109728 0.070582
v 0.028921 0.106976 0.070582
v 0.052114 0.098861 0.070582
v 0.072919 0.085788 0.070582
v 0.090293 0.068414 0.070582
v 0.103366 0.047609 0.070582
v 0.111481 0.024417 0.070582
v 0.114232 -0.000000 0.070582
v 0.114232 -0.000000 0.070582
v 0.128781 -0.000000 0.041022
v 0.128781 -0.000000 0.041022
v 0.127457 -0.000000 0.042048
v 0.127457 -0.000000 0.042048
v 0.128393 -0.000000 0.041884
v 0.128393 -0.000000 0.041884
v 0.124374 0.027359 0.042048
v 0.125665 0.027654 0.041022
v 0.125287 0.027568 0.041884
v 0.115280 0.053347 0.042048
v 0.116474 0.053922 0.041022
v 0.116125 0.053753 0.041884
v 0.100632 0.076659 0.042048
v 0.101668 0.077485 0.041022
v 0.101365 0.077243 0.041884
v 0.081164 0.096128 0.042048
v 0.081990 0.097163 0.041022
v 0.081748 0.096860 0.041884
v 0.057851 0.110776 0.042048
v 0.058426 0.111969 0.041022
v 0.058258 0.111620 0.041884
v 0.031864 0.119869 0.042048
v 0.032159 0.121161 0.041022
v 0.032072 0.120783 0.041884
v 0.004505 0.122952 0.042048
v 0.004505 0.124277 0.041022
v 0.004505 0.123889 0.041884
v -0.022855 0.119869 0.042048
v -0.023150 0.121161 0.041022
v -0.023063 0.120783 0.041884
v -0.048842 0.110776 0.042048
v -0.049417 0.111969 0.041022
v -0.049249 0.111620 0.041884
v -0.072155 0.096128 0.042048
v -0.072981 0.097163 0.041022
v -0.072739 0.096860 0.041884
v -0.091623 0.076659 0.042048
v -0.092659 0.077485 0.041022
v -0.092356 0.077243 0.041884
v -0.106271 0.053347 0.042048
v -0.107465 0.053922 0.041022
v -0.107115 0.053753 0.041884
v -0.115365 0.027359 0.042048
v -0.116656 0.027654 0.041022
v -0.116278 0.027568 0.041884
v -0.118447 0.000000 0.042048
v -0.119772 0.000000 0.041022
v -0.119384 0.000000 0.041884
v -0.115365 -0.027359 0.042048
v -0.116656 -0.027654 0.041022
v -0.116278 -0.027568 0.041884
v -0.106271 -0.053347 0.042048
v -0.107465 -0.053922 0.041022
v -0.107115 -0.053753 0.041884
v -0.091623 -0.076659 0.042048
v -0.092659 -0.077485 0.041022
v -0.092356 -0.077243 0.041884
v -0.072155 -0.096128 0.042048
v -0.072981 -0.097163 0.041022
v -0.072739 -0.096860 0.041884
v -0.048842 -0.110776 0.042048
v -0.049417 -0.111969 0.041022
v -0.049249 -0.111620 0.041884
v -0.022855 -0.119869 0.042048
v -0.023150 -0.121161 0.041022
v -0.023063 -0.120783 0.041884
v 0.004505 -0.122952 0.042048
v 0.004505 -0.124277 0.041022
v 0.004505 -0.123889 0.041884
v 0.031864 -0.119869 0.042048
v 0.032159 -0.121161 0.041022
v 0.032072 -0.120783 0.041884
v 0.057851 -0.110776 0.042048
v 0.058426 -0.111969 0.041022
v 0.058258 -0.111620 0.041884
v 0.081164 -0.096128 0.042048
v 0.081990 -0.097163 0.041022
v 0.081748 -0.096860 0.041884
v 0.100632 -0.076659 0.042048
v 0.101668 -0.077485 0.041022
v 0.101365 -0.077243 0.041884
v 0.115280 -0.053347 0.042048
v 0.116474 -0.053922 0.041022
v 0.116125 -0.053753 0.041884
v 0.124374 -0.027359 0.042048
v 0.125665 -0.027654 0.041022
v 0.125287 -0.027568 0.041884
v 0.116474 -0.053922 0.021132
v 0.101668 -0.077485 0.021132
v 0.081990 -0.097163 0.021132
v 0.058426 -0.111969 0.021132
v 0.032159 -0.121161 0.021132
v 0.004505 -0.124277 0.021132
v -0.023150 -0.121161 0.021132
v -0.049417 -0.111969 0.021132
v -0.072981 -0.097163 0.021132
v -0.092659 -0.077485 0.021132
v -0.107465 -0.053922 0.021132
v -0.116656 -0.027654 0.021132
v -0.119772 0.000000 0.021132
v -0.116656 0.027654 0.021132
v -0.107465 0.053922 0.021132
v -0.092659 0.077485 0.021132
v -0.072981 0.097163 0.021132
v -0.049417 0.111969 0.021132
v -0.023150 0.121161 0.021132
v 0.004505 0.124277 0.021132
v 0.032159 0.121161 0.021132
v 0.058426 0.111969 0.021132
v 0.081990 0.097163 0.021132
v 0.101668 0.077485 0.021132
v 0.116474 0.053922 0.021132
v 0.125665 0.027654 0.021132
v 0.125665 -0.027654 0.021132
v 0.128781 -0.000000 0.021132
v 0.128781 -0.000000 0.021132
v 0.127530 -0.000000 0.000000
v 0.127530 -0.000000 0.000000
v 0.127530 -0.000000 0.000000
v 0.128781 -0.000000 0.001243
v 0.128781 -0.000000 0.001243
v 0.128415 -0.000000 0.000364
v 0.128415 -0.000000 0.000364
v 0.125665 0.027654 0.001243
v 0.124446 0.027376 0.000000
v 0.124446 0.027376 0.000000
v 0.125308 0.027573 0.000364
v 0.116474 0.053922 0.001243
v 0.115347 0.053379 0.000000
v 0.115347 0.053379 0.000000
v 0.116144 0.053763 0.000364
v 0.101668 0.077485 0.001243
v 0.100690 0.076705 0.000000
v 0.100690 0.076705 0.000000
v 0.101381 0.077257 0.000364
v 0.081990 0.097163 0.001243
v 0.081210 0.096186 0.000000
v 0.081210 0.096186 0.000000
v 0.081761 0.096877 0.000364
v 0.058426 0.111969 0.001243
v 0.057884 0.110842 0.000000
v 0.057884 0.110842 0.000000
v 0.058267 0.111639 0.000364
v 0.032159 0.121161 0.001243
v 0.031880 0.119941 0.000000
v 0.031880 0.119941 0.000000
v 0.032077 0.120804 0.000364
v 0.004505 0.124277 0.001243
v 0.004505 0.123026 0.000000
v 0.004505 0.123026 0.000000
v 0.004505 0.123910 0.000364
v -0.023150 0.121161 0.001243
v -0.022871 0.119941 0.000000
v -0.022871 0.119941 0.000000
v -0.023068 0.120804 0.000364
v -0.049417 0.111969 0.001243
v -0.048874 0.110842 0.000000
v -0.048874 0.110842 0.000000
v -0.049258 0.111639 0.000364
v -0.072981 0.097163 0.001243
v -0.072201 0.096186 0.000000
v -0.072201 0.096186 0.000000
v -0.072752 0.096877 0.000364
v -0.092659 0.077485 0.001243
v -0.091681 0.076705 0.000000
v -0.091681 0.076705 0.000000
v -0.092372 0.077257 0.000364
v -0.107465 0.053922 0.001243
v -0.106338 0.053379 0.000000
v -0.106338 0.053379 0.000000
v -0.107135 0.053763 0.000364
v -0.116656 0.027654 0.001243
v -0.115437 0.027376 0.000000
v -0.115437 0.027376 0.000000
v -0.116299 0.027573 0.000364
v -0.119772 0.000000 0.001243
v -0.118521 0.000000 0.000000
v -0.118521 0.000000 0.000000
v -0.119406 0.000000 0.000364
v -0.116656 -0.027654 0.001243
v -0.115437 -0.027376 0.000000
v -0.115437 -0.027376 0.000000
v -0.116299 -0.027573 0.000364
v -0.107465 -0.053922 0.001243
v -0.106338 -0.053379 0.000000
v -0.106338 -0.053379 0.000000
v -0.107135 -0.053763 0.000364
v -0.092659 -0.077485 0.001243
v -0.091681 -0.076705 0.000000
v -0.091681 -0.076705 0.000000
v -0.092372 -0.077257 0.000364
v -0.072981 -0.097163 0.001243
v -0.072201 -0.096186 0.000000
v -0.072201 -0.096186 0.000000
v -0.072752 -0.096877 0.000364
v -0.049417 -0.111969 0.001243
v -0.048874 -0.110842 0.000000
v -0.048874 -0.110842 0.000000
v -0.049258 -0.111639 0.000364
v -0.023150 -0.121161 0.001243
v -0.022871 -0.119941 0.000000
v -0.022871 -0.119941 0.000000
v -0.023068 -0.120804 0.000364
v 0.004505 -0.124277 0.001243
v 0.004505 -0.123026 0.000000
v 0.004505 -0.123026 0.000000
v 0.004505 -0.123910 0.000364
v 0.032159 -0.121161 0.001243
v 0.031880 -0.119941 0.000000
v 0.031880 -0.119941 0.000000
v 0.032077 -0.120804 0.000364
v 0.058426 -0.111969 0.001243
v 0.057883 -0.110842 0.000000
v 0.057883 -0.110842 0.000000
v 0.058267 -0.111639 0.000364
v 0.081990 -0.097163 0.001243
v 0.081210 -0.096186 0.000000
v 0.081210 -0.096186 0.000000
v 0.081761 -0.096877 0.000364
v 0.101668 -0.077485 0.001243
v 0.100690 -0.076705 0.000000
v 0.100690 -0.076705 0.000000
v 0.101381 -0.077257 0.000364
v 0.116474 -0.053922 0.001243
v 0.115347 -0.053379 0.000000
v 0.115347 -0.053379 0.000000
v 0.116144 -0.053763 0.000364
v 0.125665 -0.027654 0.001243
v 0.124446 -0.027376 0.000000
v 0.124446 -0.027376 0.000000
v 0.125308 -0.027573 0.000364
v 0.106267 -0.023227 0.078536
v 0.098548 -0.045289 0.078536
v 0.086112 -0.065080 0.078536
v 0.069584 -0.081607 0.078536
v 0.049793 -0.094043 0.078536
v 0.027731 -0.101763 0.078536
v 0.004505 -0.104380 0.078536
v -0.018722 -0.101763 0.078536
v -0.040784 -0.094043 0.078536
v -0.060575 -0.081607 0.078536
v -0.077103 -0.065080 0.078536
v -0.089538 -0.045289 0.078536
v -0.097258 -0.023227 0.078536
v -0.097258 0.023227 0.078536
v -0.089538 0.045289 0.078536
v -0.077103 0.065080 0.078536
v -0.060575 0.081607 0.078536
v -0.040784 0.094043 0.078536
v -0.018722 0.101763 0.078536
v 0.004505 0.104380 0.078536
v 0.027731 0.101763 0.078536
v 0.049793 0.094043 0.078536
v 0.069584 0.081607 0.078536
v 0.086112 0.065080 0.078536
v 0.098548 0.045289 0.078536
v 0.106267 0.023227 0.078536
v 0.108884 -0.000000 0.078536
v 0.108884 -0.000000 0.078536
v 0.106541 -0.023289 0.071984
v 0.105836 -0.023128 0.074062
v 0.105919 -0.023147 0.073032
v 0.098149 -0.045097 0.074062
v 0.098800 -0.045410 0.071984
v 0.098225 -0.045133 0.073032
v 0.086331 -0.065255 0.071984
v 0.085766 -0.064804 0.074062
v 0.085832 -0.064857 0.073032
v 0.069759 -0.081827 0.071984
v 0.069309 -0.081262 0.074062
v 0.069361 -0.081328 0.073032
v 0.049601 -0.093645 0.074062
v 0.049915 -0.094296 0.071984
v 0.049638 -0.093721 0.073032
v 0.027794 -0.102036 0.071984
v 0.027633 -0.101332 0.074062
v 0.027652 -0.101414 0.073032
v 0.004505 -0.104660 0.071984
v 0.004505 -0.103938 0.074062
v 0.004505 -0.104022 0.073032
v -0.018624 -0.101332 0.074062
v -0.018785 -0.102036 0.071984
v -0.018643 -0.101414 0.073032
v -0.040906 -0.094296 0.071984
v -0.040592 -0.093645 0.074062
v -0.040629 -0.093721 0.073032
v -0.060750 -0.081827 0.071984
v -0.060300 -0.081262 0.074062
v -0.060352 -0.081328 0.073032
v -0.076757 -0.064804 0.074062
v -0.077322 -0.065255 0.071984
v -0.076823 -0.064857 0.073032
v -0.089791 -0.045410 0.071984
v -0.089140 -0.045097 0.074062
v -0.089216 -0.045133 0.073032
v -0.097532 -0.023289 0.071984
v -0.096827 -0.023128 0.074062
v -0.096909 -0.023147 0.073032
v -0.100156 0.000000 0.071984
v -0.100156 0.000000 0.071984
v -0.100156 0.000000 0.071984
v -0.097532 0.023289 0.071984
v -0.096827 0.023128 0.074062
v -0.096909 0.023147 0.073032
v -0.089791 0.045410 0.071984
v -0.089140 0.045097 0.074062
v -0.089216 0.045133 0.073032
v -0.076757 0.064804 0.074062
v -0.077322 0.065255 0.071984
v -0.076823 0.064857 0.073032
v -0.060750 0.081827 0.071984
v -0.060300 0.081262 0.074062
v -0.060352 0.081328 0.073032
v -0.040906 0.094296 0.071984
v -0.040592 0.093645 0.074062
v -0.040629 0.093721 0.073032
v -0.018624 0.101332 0.074062
v -0.018785 0.102036 0.071984
v -0.018643 0.101414 0.073032
v 0.004505 0.104660 0.071984
v 0.004505 0.103938 0.074062
v 0.004505 0.104022 0.073032
v 0.027794 0.102036 0.071984
v 0.027633 0.101332 0.074062
v 0.027652 0.101414 0.073032
v 0.049601 0.093645 0.074062
v 0.049915 0.094296 0.071984
v 0.049638 0.093721 0.073032
v 0.069759 0.081827 0.071984
v 0.069309 0.081262 0.074062
v 0.069361 0.081328 0.073032
v 0.086331 0.065255 0.071984
v 0.085766 0.064804 0.074062
v 0.085832 0.064857 0.073032
v 0.098149 0.045097 0.074062
v 0.098800 0.045410 0.071984
v 0.098225 0.045133 0.073032
v 0.106541 0.023289 0.071984
v 0.105836 0.023128 0.074062
v 0.105919 0.023147 0.073032
v 0.108442 -0.000000 0.074062
v 0.108442 -0.000000 0.074062
v 0.109165 -0.000000 0.071984
v 0.109165 -0.000000 0.071984
v 0.108527 -0.000000 0.073032
v 0.108527 -0.000000 0.073032
v 0.122173 -0.000000 0.042970
v 0.122173 -0.000000 0.042970
v 0.121400 -0.000000 0.046063
v 0.121400 -0.000000 0.046063
v 0.118469 0.026012 0.046063
v 0.119223 0.026184 0.042970
v 0.109824 0.050719 0.046063
v 0.110520 0.051054 0.042970
v 0.095897 0.072883 0.046063
v 0.096501 0.073365 0.042970
v 0.077388 0.091393 0.046063
v 0.077870 0.091997 0.042970
v 0.055224 0.105319 0.046063
v 0.055559 0.106015 0.042970
v 0.030516 0.113965 0.046063
v 0.030688 0.114718 0.042970
v 0.004505 0.116895 0.046063
v 0.004505 0.117668 0.042970
v -0.021507 0.113965 0.046063
v -0.021679 0.114718 0.042970
v -0.046214 0.105319 0.046063
v -0.046550 0.106015 0.042970
v -0.068379 0.091393 0.046063
v -0.068860 0.091997 0.042970
v -0.086888 0.072883 0.046063
v -0.087492 0.073365 0.042970
v -0.100815 0.050719 0.046063
v -0.101511 0.051054 0.042970
v -0.109460 0.026012 0.046063
v -0.110214 0.026184 0.042970
v -0.112391 0.000000 0.046063
v -0.113164 0.000000 0.042970
v -0.109460 -0.026012 0.046063
v -0.110214 -0.026184 0.042970
v -0.100815 -0.050719 0.046063
v -0.101511 -0.051054 0.042970
v -0.086888 -0.072883 0.046063
v -0.087492 -0.073365 0.042970
v -0.068379 -0.091393 0.046063
v -0.068860 -0.091997 0.042970
v -0.046214 -0.105319 0.046063
v -0.046550 -0.106015 0.042970
v -0.021507 -0.113965 0.046063
v -0.021679 -0.114718 0.042970
v 0.004505 -0.116895 0.046063
v 0.004505 -0.117668 0.042970
v 0.030516 -0.113965 0.046063
v 0.030688 -0.114718 0.042970
v 0.055224 -0.105319 0.046063
v 0.055559 -0.106015 0.042970
v 0.077388 -0.091393 0.046063
v 0.077870 -0.091997 0.042970
v 0.095897 -0.072883 0.046063
v 0.096501 -0.073365 0.042970
v 0.109824 -0.050719 0.046063
v 0.110520 -0.051054 0.042970
v 0.118469 -0.026012 0.046063
v 0.119223 -0.026184 0.042970
v 0.097112 -0.021137 0.087477
v 0.090619 -0.019655 0.102889
v 0.092930 -0.020183 0.094774
v 0.084086 -0.038325 0.102889
v 0.090087 -0.041214 0.087477
v 0.086222 -0.039353 0.094774
v 0.078770 -0.059225 0.087477
v 0.073563 -0.055072 0.102889
v 0.075417 -0.056551 0.094774
v 0.063729 -0.074266 0.087477
v 0.059577 -0.069059 0.102889
v 0.061055 -0.070912 0.094774
v 0.042829 -0.079582 0.102889
v 0.045719 -0.085582 0.087477
v 0.043858 -0.081718 0.094774
v 0.025642 -0.092608 0.087477
v 0.024160 -0.086115 0.102889
v 0.024687 -0.088426 0.094774
v 0.004505 -0.094989 0.087477
v 0.004505 -0.088329 0.102889
v 0.004505 -0.090700 0.094774
v -0.015151 -0.086115 0.102889
v -0.016633 -0.092608 0.087477
v -0.015678 -0.088426 0.094774
v -0.036710 -0.085582 0.087477
v -0.033820 -0.079582 0.102889
v -0.034849 -0.081718 0.094774
v -0.054720 -0.074266 0.087477
v -0.050568 -0.069059 0.102889
v -0.052046 -0.070912 0.094774
v -0.064554 -0.055072 0.102889
v -0.069761 -0.059225 0.087477
v -0.066408 -0.056550 0.094774
v -0.081078 -0.041214 0.087477
v -0.075077 -0.038325 0.102889
v -0.077213 -0.039353 0.094774
v -0.088103 -0.021137 0.087477
v -0.088103 -0.021137 0.087477
v -0.081610 -0.019655 0.102889
v -0.083921 -0.020183 0.094774
v -0.083921 -0.020183 0.094774
v -0.088103 0.021137 0.087477
v -0.088103 0.021137 0.087477
v -0.081610 0.019655 0.102889
v -0.083921 0.020183 0.094774
v -0.083921 0.020183 0.094774
v -0.081078 0.041214 0.087477
v -0.075077 0.038325 0.102889
v -0.077213 0.039353 0.094774
v -0.064554 0.055072 0.102889
v -0.069761 0.059225 0.087477
v -0.066408 0.056551 0.094774
v -0.054720 0.074266 0.087477
v -0.050568 0.069059 0.102889
v -0.052046 0.070912 0.094774
v -0.036710 0.085582 0.087477
v -0.033820 0.079582 0.102889
v -0.034849 0.081718 0.094774
v -0.015151 0.086115 0.102889
v -0.016633 0.092608 0.087477
v -0.015678 0.088426 0.094774
v 0.004505 0.094989 0.087477
v 0.004505 0.088329 0.102889
v 0.004505 0.090700 0.094774
v 0.025642 0.092608 0.087477
v 0.024160 0.086115 0.102889
v 0.024687 0.088426 0.094774
v 0.042829 0.079582 0.102889
v 0.045719 0.085582 0.087477
v 0.043858 0.081718 0.094774
v 0.063729 0.074266 0.087477
v 0.059577 0.069059 0.102889
v 0.061055 0.070912 0.094774
v 0.078770 0.059225 0.087477
v 0.073563 0.055072 0.102889
v 0.075417 0.056550 0.094774
v 0.084086 0.038325 0.102889
v 0.090087 0.041214 0.087477
v 0.086222 0.039353 0.094774
v 0.097112 0.021137 0.087477
v 0.090619 0.019655 0.102889
v 0.092930 0.020183 0.094774
v 0.092834 -0.000000 0.102889
v 0.092834 -0.000000 0.102889
v 0.099494 -0.000000 0.087477
v 0.099494 -0.000000 0.087477
v 0.095205 -0.000000 0.094774
v 0.095205 -0.000000 0.094774
v 0.118009 0.025907 0.044528
v 0.120928 -0.000000 0.044528
v 0.120928 -0.000000 0.044528
v 0.109398 0.050514 0.044528
v 0.095528 0.072589 0.044528
v 0.077093 0.091023 0.044528
v 0.055019 0.104893 0.044528
v 0.030411 0.113504 0.044528
v 0.004505 0.116423 0.044528
v -0.021402 0.113504 0.044528
v -0.046009 0.104893 0.044528
v -0.068084 0.091023 0.044528
v -0.086519 0.072589 0.044528
v -0.100389 0.050514 0.044528
v -0.108999 0.025907 0.044528
v -0.111918 0.000000 0.044528
v -0.108999 -0.025907 0.044528
v -0.100389 -0.050514 0.044528
v -0.086519 -0.072589 0.044528
v -0.068084 -0.091023 0.044528
v -0.046009 -0.104893 0.044528
v -0.021402 -0.113504 0.044528
v 0.004505 -0.116423 0.044528
v 0.030411 -0.113504 0.044528
v 0.055019 -0.104893 0.044528
v 0.077093 -0.091023 0.044528
v 0.095528 -0.072589 0.044528
v 0.109398 -0.050514 0.044528
v 0.118009 -0.025907 0.044528
v 0.065328 -0.048505 0.172489
v 0.074596 -0.033754 0.172489
v 0.080350 -0.017311 0.172489
v -0.029250 0.070092 0.172489
v -0.044001 0.060823 0.172489
v 0.021816 -0.075846 0.172489
v 0.038259 -0.070092 0.172489
v 0.021816 0.075846 0.172489
v 0.004504 0.077796 0.172489
v -0.029250 -0.070092 0.172489
v -0.012807 -0.075846 0.172489
v 0.065328 0.048505 0.172489
v 0.053010 0.060823 0.172489
v -0.065587 -0.033754 0.172489
v -0.056319 -0.048505 0.172489
v 0.080350 0.017311 0.172489
v 0.074596 0.033754 0.172489
v -0.071341 0.017311 0.172489
v -0.073292 0.000000 0.172489
v 0.053010 -0.060823 0.172489
v -0.056319 0.048505 0.172489
v 0.004504 -0.077796 0.172489
v -0.012807 0.075846 0.172489
v -0.044001 -0.060823 0.172489
v 0.038259 0.070092 0.172489
v -0.071341 -0.017311 0.172489
v 0.082301 -0.000000 0.172489
v 0.082301 -0.000000 0.172489
v -0.065587 0.033754 0.172489
v 0.055358 -0.011607 0.191294
v 0.051500 -0.022632 0.191294
v 0.045286 -0.032522 0.191294
v 0.037027 -0.040781 0.191294
v 0.027136 -0.046996 0.191294
v 0.016112 -0.050853 0.191294
v 0.004505 -0.052161 0.191294
v -0.007102 -0.050853 0.191294
v -0.018127 -0.046996 0.191294
v -0.028017 -0.040781 0.191294
v -0.036277 -0.032522 0.191294
v -0.042491 -0.022632 0.191294
v -0.046349 -0.011607 0.191294
v -0.047657 0.000000 0.191294
v -0.046349 0.011607 0.191294
v -0.042491 0.022632 0.191294
v -0.036277 0.032522 0.191294
v -0.028017 0.040781 0.191294
v -0.018127 0.046996 0.191294
v -0.007102 0.050853 0.191294
v 0.004505 0.052161 0.191294
v 0.016112 0.050853 0.191294
v 0.027136 0.046996 0.191294
v 0.037027 0.040781 0.191294
v 0.045286 0.032522 0.191294
v 0.051500 0.022632 0.191294
v 0.055358 0.011607 0.191294
v 0.056666 -0.000000 0.191294
v 0.056666 -0.000000 0.191294
v 0.054101 -0.011320 0.195164
v 0.050339 -0.022073 0.195164
v 0.044278 -0.031718 0.195164
v 0.036223 -0.039773 0.195164
v 0.026577 -0.045834 0.195164
v 0.015825 -0.049596 0.195164
v 0.004505 -0.050872 0.195164
v -0.006816 -0.049596 0.195164
v -0.017568 -0.045834 0.195164
v -0.027214 -0.039773 0.195164
v -0.035269 -0.031718 0.195164
v -0.041329 -0.022073 0.195164
v -0.045092 -0.011320 0.195164
v -0.046367 0.000000 0.195164
v -0.045092 0.011320 0.195164
v -0.041329 0.022073 0.195164
v -0.035269 0.031718 0.195164
v -0.027214 0.039773 0.195164
v -0.017568 0.045834 0.195164
v -0.006816 0.049596 0.195164
v 0.004505 0.050872 0.195164
v 0.015825 0.049596 0.195164
v 0.026577 0.045834 0.195164
v 0.036223 0.039773 0.195164
v 0.044278 0.031718 0.195164
v 0.050339 0.022073 0.195164
v 0.054101 0.011320 0.195164
v 0.055377 -0.000000 0.195164
v 0.055377 -0.000000 0.195164
v 0.056343 -0.011832 0.195078
v 0.052410 -0.023070 0.195078
v 0.046076 -0.033152 0.195078
v 0.037656 -0.041571 0.195078
v 0.027575 -0.047906 0.195078
v 0.016336 -0.051838 0.195078
v 0.004505 -0.053171 0.195078
v -0.007327 -0.051838 0.195078
v -0.018566 -0.047906 0.195078
v -0.028647 -0.041571 0.195078
v -0.037066 -0.033152 0.195078
v -0.043401 -0.023070 0.195078
v -0.047334 -0.011832 0.195078
v -0.048667 0.000000 0.195078
v -0.047334 0.011832 0.195078
v -0.043401 0.023070 0.195078
v -0.037066 0.033152 0.195078
v -0.028647 0.041571 0.195078
v -0.018566 0.047906 0.195078
v -0.007327 0.051838 0.195078
v 0.004505 0.053171 0.195078
v 0.016336 0.051838 0.195078
v 0.027575 0.047906 0.195078
v 0.037656 0.041571 0.195078
v 0.046076 0.033152 0.195078
v 0.052410 0.023070 0.195078
v 0.056343 0.011832 0.195078
v 0.057676 -0.000000 0.195078
v 0.057676 -0.000000 0.195078
v -0.044764 -0.011245 0.192204
v -0.043980 -0.011066 0.193110
v -0.044137 -0.011102 0.194027
v -0.040447 -0.021648 0.194027
v -0.040302 -0.021578 0.193110
v -0.041027 -0.021927 0.192204
v 0.055041 -0.000000 0.192204
v 0.055041 -0.000000 0.192204
v 0.054236 -0.000000 0.193110
v 0.054236 -0.000000 0.193110
v 0.054397 -0.000000 0.194027
v 0.054397 -0.000000 0.194027
v 0.053146 0.011102 0.194027
v 0.052989 0.011066 0.193110
v 0.053773 0.011245 0.192204
v -0.041027 0.021927 0.192204
v -0.040302 0.021578 0.193110
v -0.040447 0.021648 0.194027
v -0.044137 0.011102 0.194027
v -0.043980 0.011066 0.193110
v -0.044764 0.011245 0.192204
v 0.044015 -0.031509 0.192204
v 0.043386 -0.031007 0.193110
v 0.043512 -0.031107 0.194027
v 0.049456 -0.021648 0.194027
v 0.049311 -0.021578 0.193110
v 0.050036 -0.021927 0.192204
v 0.053146 -0.011102 0.194027
v 0.052989 -0.011066 0.193110
v 0.053773 -0.011245 0.192204
v -0.017422 0.045531 0.192204
v -0.017073 0.044806 0.193110
v -0.017143 0.044952 0.194027
v -0.026603 0.039008 0.194027
v -0.026502 0.038882 0.193110
v -0.027004 0.039511 0.192204
v 0.015750 -0.049269 0.192204
v 0.015571 -0.048485 0.193110
v 0.015607 -0.048642 0.194027
v 0.026152 -0.044952 0.194027
v 0.026082 -0.044806 0.193110
v 0.026431 -0.045531 0.192204
v 0.015750 0.049269 0.192204
v 0.015571 0.048485 0.193110
v 0.015607 0.048642 0.194027
v 0.004505 0.049893 0.194027
v 0.004505 0.049731 0.193110
v 0.004505 0.050536 0.192204
v -0.017422 -0.045531 0.192204
v -0.017073 -0.044806 0.193110
v -0.017143 -0.044952 0.194027
v -0.006598 -0.048642 0.194027
v -0.006562 -0.048485 0.193110
v -0.006741 -0.049269 0.192204
v 0.044015 0.031509 0.192204
v 0.043386 0.031007 0.193110
v 0.043512 0.031107 0.194027
v 0.035612 0.039008 0.194027
v 0.035512 0.038882 0.193110
v 0.036013 0.039511 0.192204
v -0.034503 -0.031107 0.194027
v -0.034377 -0.031007 0.193110
v -0.035006 -0.031509 0.192204
v 0.049456 0.021648 0.194027
v 0.049311 0.021578 0.193110
v 0.050036 0.021927 0.192204
v -0.045388 0.000000 0.194027
v -0.045227 0.000000 0.193110
v -0.046031 0.000000 0.192204
v 0.035612 -0.039008 0.194027
v 0.035512 -0.038882 0.193110
v 0.036013 -0.039511 0.192204
v -0.034503 0.031107 0.194027
v -0.034377 0.031007 0.193110
v -0.035006 0.031509 0.192204
v 0.004505 -0.049893 0.194027
v 0.004505 -0.049731 0.193110
v 0.004505 -0.050536 0.192204
v -0.006598 0.048642 0.194027
v -0.006562 0.048485 0.193110
v -0.006741 0.049269 0.192204
v -0.026603 -0.039008 0.194027
v -0.026502 -0.038882 0.193110
v -0.027004 -0.039511 0.192204
v 0.026152 0.044952 0.194027
v 0.026082 0.044806 0.193110
v 0.026431 0.045531 0.192204
v 0.056343 -0.011832 0.197706
v 0.052410 -0.023070 0.197706
v 0.046076 -0.033152 0.197706
v 0.037656 -0.041571 0.197706
v 0.027575 -0.047906 0.197706
v 0.016336 -0.051838 0.197706
v 0.004505 -0.053171 0.197706
v -0.007327 -0.051838 0.197706
v -0.018566 -0.047906 0.197706
v -0.028647 -0.041571 0.197706
v -0.037066 -0.033152 0.197706
v -0.043401 -0.023070 0.197706
v -0.047334 -0.011832 0.197706
v -0.048667 0.000000 0.197706
v -0.047334 0.011832 0.197706
v -0.043401 0.023070 0.197706
v -0.037066 0.033152 0.197706
v -0.028647 0.041571 0.197706
v -0.018566 0.047906 0.197706
v -0.007327 0.051838 0.197706
v 0.004505 0.053171 0.197706
v 0.016336 0.051838 0.197706
v 0.027575 0.047906 0.197706
v 0.037656 0.041571 0.197706
v 0.046076 0.033152 0.197706
v 0.052410 0.023070 0.197706
v 0.056343 0.011832 0.197706
v 0.057676 -0.000000 0.197706
v 0.057676 -0.000000 0.197706
v 0.054101 -0.011320 0.197706
v 0.050339 -0.022072 0.197706
v 0.044278 -0.031718 0.197706
v 0.036223 -0.039773 0.197706
v 0.026577 -0.045834 0.197706
v 0.015825 -0.049596 0.197706
v 0.004505 -0.050872 0.197706
v -0.006815 -0.049596 0.197706
v -0.017568 -0.045834 0.197706
v -0.027214 -0.039773 0.197706
v -0.035269 -0.031718 0.197706
v -0.041329 -0.022072 0.197706
v -0.045092 -0.011320 0.197706
v -0.046367 0.000000 0.197706
v -0.045092 0.011320 0.197706
v -0.041329 0.022072 0.197706
v -0.035269 0.031718 0.197706
v -0.027214 0.039773 0.197706
v -0.017568 0.045834 0.197706
v -0.006815 0.049596 0.197706
v 0.004505 0.050872 0.197706
v 0.015825 0.049596 0.197706
v 0.026577 0.045834 0.197706
v 0.036223 0.039773 0.197706
v 0.044278 0.031718 0.197706
v 0.050339 0.022072 0.197706
v 0.054101 0.011320 0.197706
v 0.055376 -0.000000 0.197706
v 0.055376 -0.000000 0.197706
v 0.038080 0.042102 0.196392
v 0.027869 0.048517 0.196392
v -0.049346 0.000000 0.196392
v -0.047995 -0.011983 0.196392
v 0.057005 -0.011983 0.196392
v 0.058355 -0.000000 0.196392
v 0.058355 -0.000000 0.196392
v -0.037597 0.033575 0.196392
v -0.044013 0.023365 0.196392
v 0.038080 -0.042102 0.196392
v 0.046606 -0.033575 0.196392
v -0.007478 0.052500 0.196392
v -0.018860 0.048517 0.196392
v 0.004505 -0.053850 0.196392
v 0.016487 -0.052500 0.196392
v 0.016487 0.052500 0.196392
v -0.029070 -0.042102 0.196392
v -0.018860 -0.048517 0.196392
v 0.053022 0.023365 0.196392
v 0.046606 0.033575 0.196392
v -0.044013 -0.023365 0.196392
v 0.057005 0.011983 0.196392
v -0.047995 0.011983 0.196392
v 0.053022 -0.023365 0.196392
v -0.029070 0.042102 0.196392
v 0.027869 -0.048517 0.196392
v 0.004505 0.053850 0.196392
v -0.007478 -0.052500 0.196392
v -0.037597 -0.033575 0.196392
v 0.109001 -0.000000 0.076179
v 0.109001 -0.000000 0.076179
v 0.106381 -0.023253 0.076179
v 0.098653 -0.045339 0.076179
v 0.086203 -0.065153 0.076179
v 0.069657 -0.081699 0.076179
v 0.049844 -0.094148 0.076179
v 0.027757 -0.101877 0.076179
v 0.004505 -0.104497 0.076179
v -0.018748 -0.101877 0.076179
v -0.040835 -0.094148 0.076179
v -0.060648 -0.081699 0.076179
v -0.077194 -0.065153 0.076179
v -0.089644 -0.045339 0.076179
v -0.097372 -0.023253 0.076179
v -0.097372 0.023253 0.076179
v -0.089644 0.045339 0.076179
v -0.077194 0.065153 0.076179
v -0.060648 0.081699 0.076179
v -0.040835 0.094148 0.076179
v -0.018748 0.101877 0.076179
v 0.004505 0.104497 0.076179
v 0.027757 0.101877 0.076179
v 0.049844 0.094148 0.076179
v 0.069657 0.081699 0.076179
v 0.086203 0.065153 0.076179
v 0.098653 0.045339 0.076179
v 0.106381 0.023253 0.076179
v 0.062776 -0.013300 0.189459
v 0.058355 -0.025933 0.189459
v 0.051234 -0.037266 0.189459
v 0.041770 -0.046730 0.189459
v 0.030438 -0.053850 0.189459
v 0.017805 -0.058271 0.189459
v 0.004505 -0.059770 0.189459
v -0.008795 -0.058271 0.189459
v -0.021428 -0.053850 0.189459
v -0.032761 -0.046730 0.189459
v -0.042225 -0.037266 0.189459
v -0.049346 -0.025933 0.189459
v -0.053766 -0.013300 0.189459
v -0.055265 0.000000 0.189459
v -0.053766 0.013300 0.189459
v -0.049346 0.025933 0.189459
v -0.042225 0.037266 0.189459
v -0.032761 0.046730 0.189459
v -0.021428 0.053850 0.189459
v -0.008795 0.058271 0.189459
v 0.004505 0.059770 0.189459
v 0.017805 0.058271 0.189459
v 0.030438 0.053850 0.189459
v 0.041770 0.046730 0.189459
v 0.051234 0.037266 0.189459
v 0.058355 0.025933 0.189459
v 0.062776 0.013300 0.189459
v 0.064274 -0.000000 0.189459
v 0.064274 -0.000000 0.189459
v 0.071210 -0.032123 0.179671
v 0.076685 -0.016475 0.179671
v -0.041657 0.057885 0.179671
v 0.036628 -0.066705 0.179671
v 0.004505 0.074037 0.179671
v -0.011970 -0.072181 0.179671
v 0.050666 0.057885 0.179671
v -0.053380 -0.046161 0.179671
v 0.071210 0.032123 0.179671
v -0.069533 0.000000 0.179671
v 0.050666 -0.057885 0.179671
v -0.053380 0.046161 0.179671
v 0.004505 -0.074037 0.179671
v -0.011970 0.072181 0.179671
v -0.041657 -0.057885 0.179671
v 0.036628 0.066705 0.179671
v -0.067676 -0.016475 0.179671
v 0.078542 -0.000000 0.179671
v 0.078542 -0.000000 0.179671
v -0.062201 0.032123 0.179671
v 0.062389 -0.046161 0.179671
v -0.027619 0.066705 0.179671
v 0.020979 -0.072181 0.179671
v 0.020979 0.072181 0.179671
v -0.027619 -0.066705 0.179671
v 0.062389 0.046161 0.179671
v -0.062201 -0.032123 0.179671
v 0.076685 0.016475 0.179671
v -0.067676 0.016475 0.179671
v 0.055743 -0.024675 0.189756
v 0.048967 -0.035458 0.189756
v 0.029179 -0.051238 0.189756
v 0.017159 -0.055444 0.189756
v -0.008150 -0.055444 0.189756
v -0.020170 -0.051238 0.189756
v -0.039958 -0.035458 0.189756
v -0.046733 -0.024675 0.189756
v -0.052365 0.000000 0.189756
v -0.050940 0.012655 0.189756
v -0.039958 0.035458 0.189756
v -0.030953 0.044463 0.189756
v -0.008150 0.055444 0.189756
v 0.004505 0.056870 0.189756
v 0.029180 0.051238 0.189756
v 0.039962 0.044463 0.189756
v 0.061375 -0.000000 0.189756
v 0.061375 -0.000000 0.189756
v 0.059949 -0.012655 0.189756
v 0.039962 -0.044463 0.189756
v 0.004505 -0.056870 0.189756
v -0.030953 -0.044463 0.189756
v -0.050940 -0.012655 0.189756
v -0.046733 0.024675 0.189756
v -0.020170 0.051238 0.189756
v 0.017159 0.055444 0.189756
v 0.048967 0.035458 0.189756
v 0.055743 0.024675 0.189756
v 0.059949 0.012655 0.189756
v 0.091563 -0.000000 0.112024
v 0.091563 -0.000000 0.112024
v 0.089380 -0.019372 0.112024
v 0.082941 -0.037773 0.112024
v 0.072569 -0.054280 0.112024
v 0.058785 -0.068065 0.112024
v 0.042278 -0.078437 0.112024
v 0.023877 -0.084876 0.112024
v 0.004505 -0.087058 0.112024
v -0.014868 -0.084876 0.112024
v -0.033269 -0.078437 0.112024
v -0.049775 -0.068065 0.112024
v -0.063560 -0.054280 0.112024
v -0.073932 -0.037773 0.112024
v -0.080371 -0.019372 0.112024
v -0.082554 0.000000 0.112024
v -0.082554 0.000000 0.112024
v -0.082554 0.000000 0.112024
v -0.080371 0.019372 0.112024
v -0.073932 0.037773 0.112024
v -0.063560 0.054280 0.112024
v -0.049775 0.068065 0.112024
v -0.033269 0.078437 0.112024
v -0.014868 0.084876 0.112024
v 0.004505 0.087058 0.112024
v 0.023877 0.084876 0.112024
v 0.042278 0.078437 0.112024
v 0.058785 0.068065 0.112024
v 0.072569 0.054280 0.112024
v 0.082941 0.037773 0.112024
v 0.089380 0.019372 0.112024
v -0.097856 0.015153 0.078536
v -0.097856 0.015153 0.078536
v -0.098809 0.005159 0.073032
v -0.098809 0.005159 0.073032
v -0.098725 0.007806 0.074062
v -0.098725 0.007806 0.074062
v -0.098569 0.012634 0.076179
v -0.098569 0.012634 0.076179
v -0.082621 0.010679 0.106166
v -0.082621 0.010679 0.106166
v -0.097856 -0.015153 0.078536
v -0.097856 -0.015153 0.078536
v -0.098809 -0.005159 0.073032
v -0.098809 -0.005159 0.073032
v -0.098725 -0.007806 0.074062
v -0.098725 -0.007806 0.074062
v -0.098569 -0.012634 0.076179
v -0.098569 -0.012634 0.076179
v -0.082621 -0.010679 0.106166
v -0.082621 -0.010679 0.106166
v 0.004505 0.000000 0.000000
v 0.004505 -0.060895 0.000000
v 0.004505 -0.030448 0.000000
v 0.004505 -0.091343 0.000000
v 0.004505 0.060895 0.000000
v 0.004505 0.030448 0.000000
v 0.004505 0.091343 0.000000
v 0.095848 -0.000000 0.000000
v 0.093558 -0.027938 0.000000
v 0.086802 -0.054856 0.000000
v 0.075920 -0.079787 0.000000
v 0.093558 0.027938 0.000000
v 0.086802 0.054856 0.000000
v 0.075920 0.079787 0.000000
v -0.086839 0.000000 0.000000
v -0.084549 -0.027938 0.000000
v -0.077793 -0.054856 0.000000
v -0.066910 -0.079787 0.000000
v -0.084549 0.027938 0.000000
v -0.077793 0.054856 0.000000
v -0.066910 0.079787 0.000000
v 0.059067 -0.043512 0.185504
v 0.055108 -0.040355 0.188629
v -0.025775 0.062877 0.185504
v -0.023578 0.058314 0.188629
v 0.020034 -0.068038 0.185504
v 0.018907 -0.063101 0.188629
v 0.020034 0.068038 0.185504
v 0.018907 0.063101 0.188629
v -0.025775 -0.062877 0.185504
v -0.023578 -0.058314 0.188629
v 0.059067 0.043512 0.185504
v 0.055108 0.040355 0.188629
v -0.058372 -0.030280 0.185504
v -0.053810 -0.028083 0.188629
v 0.072543 0.015529 0.185504
v 0.067606 0.014402 0.188629
v -0.063534 0.015529 0.185504
v -0.058596 0.014402 0.188629
v 0.062819 -0.028083 0.188629
v 0.067381 -0.030280 0.185504
v 0.072543 -0.015529 0.185504
v 0.067606 -0.014402 0.188629
v -0.035850 0.050603 0.188629
v -0.039007 0.054562 0.185504
v 0.032587 -0.058314 0.188629
v 0.034784 -0.062877 0.185504
v 0.004505 0.064724 0.188629
v 0.004505 0.069788 0.185504
v -0.009898 -0.063101 0.188629
v -0.011025 -0.068038 0.185504
v 0.044859 0.050603 0.188629
v 0.048017 0.054562 0.185504
v -0.046098 -0.040355 0.188629
v -0.050058 -0.043512 0.185504
v 0.062819 0.028083 0.188629
v 0.067381 0.030280 0.185504
v -0.065283 0.000000 0.185504
v -0.060219 0.000000 0.188629
v 0.044859 -0.050603 0.188629
v 0.048017 -0.054562 0.185504
v -0.046098 0.040355 0.188629
v -0.050058 0.043512 0.185504
v 0.004505 -0.064724 0.188629
v 0.004505 -0.069788 0.185504
v -0.009898 0.063101 0.188629
v -0.011025 0.068038 0.185504
v -0.035850 -0.050603 0.188629
v -0.039007 -0.054562 0.185504
v 0.032587 0.058314 0.188629
v 0.034784 0.062877 0.185504
v -0.058596 -0.014402 0.188629
v -0.063534 -0.015529 0.185504
v 0.074292 -0.000000 0.185504
v 0.074292 -0.000000 0.185504
v 0.069228 -0.000000 0.188629
v 0.069228 -0.000000 0.188629
v -0.053810 0.028083 0.188629
v -0.058372 0.030280 0.185504
v -0.022061 -0.116390 0.059248
v -0.022303 -0.117453 0.054673
v 0.056303 0.107560 0.059248
v 0.056776 0.108543 0.054673
v -0.088833 -0.074434 0.059248
v -0.089686 -0.075114 0.054673
v 0.112065 0.051798 0.059248
v 0.113048 0.052272 0.054673
v 0.124978 -0.000000 0.054673
v 0.124978 -0.000000 0.054673
v 0.123887 -0.000000 0.059248
v 0.123887 -0.000000 0.059248
v -0.112949 0.026808 0.054673
v -0.111885 0.026565 0.059248
v 0.097842 -0.074434 0.059248
v 0.098695 -0.075114 0.054673
v -0.069929 0.093337 0.059248
v -0.070610 0.094190 0.054673
v 0.031070 -0.116390 0.059248
v 0.031312 -0.117453 0.054673
v 0.004505 0.120474 0.054673
v 0.004505 0.119383 0.059248
v 0.031070 0.116390 0.059248
v 0.031312 0.117453 0.054673
v -0.069929 -0.093337 0.059248
v -0.070610 -0.094190 0.054673
v 0.097842 0.074434 0.059248
v 0.098695 0.075114 0.054673
v -0.111885 -0.026565 0.059248
v -0.112949 -0.026808 0.054673
v -0.115969 0.000000 0.054673
v -0.114878 0.000000 0.059248
v 0.112065 -0.051798 0.059248
v 0.113048 -0.052272 0.054673
v -0.088833 0.074434 0.059248
v -0.089686 0.075114 0.054673
v 0.056303 -0.107560 0.059248
v 0.056776 -0.108543 0.054673
v 0.004505 -0.120474 0.054673
v 0.004505 -0.119383 0.059248
v -0.047294 -0.107560 0.059248
v -0.047767 -0.108543 0.054673
v 0.078938 0.093337 0.059248
v 0.079619 0.094190 0.054673
v -0.103056 -0.051798 0.059248
v -0.104038 -0.052272 0.054673
v 0.120894 0.026565 0.059248
v 0.121958 0.026808 0.054673
v 0.121958 -0.026808 0.054673
v 0.120894 -0.026565 0.059248
v -0.103056 0.051798 0.059248
v -0.104038 0.052272 0.054673
v 0.078938 -0.093337 0.059248
v 0.079619 -0.094190 0.054673
v -0.047294 0.107560 0.059248
v -0.047767 0.108543 0.054673
v -0.022061 0.116390 0.059248
v -0.022303 0.117453 0.054673
v -0.022232 -0.117139 0.050602
v -0.022006 -0.116151 0.048368
v 0.056636 0.108253 0.050602
v 0.056197 0.107340 0.048368
v -0.089434 -0.074913 0.050602
v -0.088642 -0.074282 0.048368
v 0.112758 0.052132 0.050602
v 0.111845 0.051692 0.048368
v 0.123643 -0.000000 0.048368
v 0.123643 -0.000000 0.048368
v 0.124656 -0.000000 0.050602
v 0.124656 -0.000000 0.050602
v -0.111647 0.026511 0.048368
v -0.112635 0.026736 0.050602
v 0.098443 -0.074913 0.050602
v 0.097651 -0.074282 0.048368
v -0.070409 0.093938 0.050602
v -0.069777 0.093146 0.048368
v 0.031241 -0.117139 0.050602
v 0.031015 -0.116151 0.048368
v 0.004505 0.119138 0.048368
v 0.004505 0.120152 0.050602
v 0.031241 0.117139 0.050602
v 0.031015 0.116151 0.048368
v -0.070409 -0.093938 0.050602
v -0.069777 -0.093146 0.048368
v 0.098443 0.074913 0.050602
v 0.097651 0.074282 0.048368
v -0.112635 -0.026736 0.050602
v -0.111647 -0.026511 0.048368
v -0.114634 0.000000 0.048368
v -0.115647 0.000000 0.050602
v 0.112758 -0.052132 0.050602
v 0.111845 -0.051692 0.048368
v -0.089434 0.074913 0.050602
v -0.088642 0.074282 0.048368
v 0.056636 -0.108253 0.050602
v 0.056197 -0.107340 0.048368
v 0.004505 -0.119138 0.048368
v 0.004505 -0.120152 0.050602
v -0.047627 -0.108253 0.050602
v -0.047188 -0.107340 0.048368
v 0.079418 0.093938 0.050602
v 0.078786 0.093146 0.048368
v -0.103748 -0.052132 0.050602
v -0.102835 -0.051692 0.048368
v 0.121644 0.026736 0.050602
v 0.120656 0.026511 0.048368
v 0.120656 -0.026511 0.048368
v 0.121644 -0.026736 0.050602
v -0.103748 0.052132 0.050602
v -0.102835 0.051692 0.048368
v 0.079418 -0.093938 0.050602
v 0.078786 -0.093146 0.048368
v -0.047627 0.108253 0.050602
v -0.047188 0.107340 0.048368
v -0.022232 0.117139 0.050602
v -0.022006 0.116151 0.048368
v -0.020847 -0.111074 0.067146
v -0.021326 -0.113171 0.064675
v 0.053937 0.102648 0.067146
v 0.054870 0.104585 0.064675
v -0.084570 -0.071034 0.067146
v -0.086251 -0.072375 0.064675
v 0.107152 0.049433 0.067146
v 0.109090 0.050366 0.064675
v 0.120586 -0.000000 0.064675
v 0.120586 -0.000000 0.064675
v 0.118435 -0.000000 0.067146
v 0.118435 -0.000000 0.067146
v -0.108666 0.025830 0.064675
v -0.106569 0.025352 0.067146
v 0.093579 -0.071034 0.067146
v 0.095260 -0.072375 0.064675
v -0.066530 0.089074 0.067146
v -0.067871 0.090756 0.064675
v 0.029856 -0.111074 0.067146
v 0.030335 -0.113171 0.064675
v 0.004505 0.116081 0.064675
v 0.004505 0.113930 0.067146
v 0.029856 0.111074 0.067146
v 0.030335 0.113171 0.064675
v -0.066530 -0.089074 0.067146
v -0.067871 -0.090756 0.064675
v 0.093579 0.071034 0.067146
v 0.095260 0.072375 0.064675
v -0.106569 -0.025352 0.067146
v -0.108666 -0.025830 0.064675
v -0.111576 0.000000 0.064675
v -0.109426 0.000000 0.067146
v 0.107152 -0.049433 0.067146
v 0.109090 -0.050366 0.064675
v -0.084570 0.071034 0.067146
v -0.086251 0.072375 0.064675
v 0.053937 -0.102648 0.067146
v 0.054870 -0.104585 0.064675
v 0.004505 -0.116081 0.064675
v 0.004505 -0.113930 0.067146
v -0.044928 -0.102648 0.067146
v -0.045861 -0.104585 0.064675
v 0.075539 0.089074 0.067146
v 0.076880 0.090756 0.064675
v -0.098143 -0.049433 0.067146
v -0.100081 -0.050366 0.064675
v 0.115578 0.025352 0.067146
v 0.117675 0.025830 0.064675
v 0.117675 -0.025830 0.064675
v 0.115578 -0.025352 0.067146
v -0.098143 0.049433 0.067146
v -0.100081 0.050366 0.064675
v 0.075539 -0.089074 0.067146
v 0.076880 -0.090756 0.064675
v -0.044928 0.102648 0.067146
v -0.045861 0.104585 0.064675
v -0.020847 0.111074 0.067146
v -0.021326 0.113171 0.064675
v 0.054101 -0.011320 0.196464
v 0.050339 -0.022072 0.196464
v 0.044278 -0.031718 0.196464
v 0.036223 -0.039773 0.196464
v 0.026577 -0.045834 0.196464
v 0.015825 -0.049596 0.196464
v 0.004505 -0.050872 0.196464
v -0.006815 -0.049596 0.196464
v -0.017568 -0.045834 0.196464
v -0.027214 -0.039773 0.196464
v -0.035269 -0.031718 0.196464
v -0.041329 -0.022072 0.196464
v -0.045092 -0.011320 0.196464
v -0.046367 0.000000 0.196464
v -0.045092 0.011320 0.196464
v -0.041329 0.022072 0.196464
v -0.035269 0.031718 0.196464
v -0.027214 0.039773 0.196464
v -0.017568 0.045834 0.196464
v -0.006815 0.049596 0.196464
v 0.004505 0.050872 0.196464
v 0.015825 0.049596 0.196464
v 0.026577 0.045834 0.196464
v 0.036223 0.039773 0.196464
v 0.044278 0.031718 0.196464
v 0.050339 0.022072 0.196464
v 0.054101 0.011320 0.196464
v 0.055376 -0.000000 0.196464
v 0.055376 -0.000000 0.196464
v 0.082776 -0.017865 0.160712
v 0.076838 -0.034834 0.160712
v 0.067274 -0.050057 0.160712
v 0.054561 -0.062769 0.160712
v 0.039339 -0.072334 0.160712
v 0.022370 -0.078272 0.160712
v 0.004505 -0.080285 0.160712
v -0.013360 -0.078272 0.160712
v -0.030330 -0.072334 0.160712
v -0.045552 -0.062769 0.160712
v -0.058264 -0.050057 0.160712
v -0.067829 -0.034834 0.160712
v -0.073767 -0.017865 0.160712
v -0.075780 0.000000 0.160712
v -0.073767 0.017865 0.160712
v -0.067829 0.034834 0.160712
v -0.058264 0.050057 0.160712
v -0.045552 0.062769 0.160712
v -0.030330 0.072334 0.160712
v -0.013360 0.078272 0.160712
v 0.004505 0.080285 0.160712
v 0.022370 0.078272 0.160712
v 0.039339 0.072334 0.160712
v 0.054561 0.062769 0.160712
v 0.067274 0.050057 0.160712
v 0.076838 0.034834 0.160712
v 0.082776 0.017865 0.160712
v 0.084789 -0.000000 0.160712
v 0.084789 -0.000000 0.160712
v -0.055652 -0.000026 0.298194
v -0.055652 0.001715 0.297998
v -0.055652 0.004851 0.296487
v -0.055652 0.007022 0.293765
v -0.055652 0.007797 0.290371
v -0.051664 0.007469 0.299769
v -0.053721 0.007469 0.299770
v -0.053721 0.011995 0.290371
v -0.051664 0.011995 0.290371
v -0.053721 -0.000026 0.302392
v -0.051664 -0.000026 0.302392
v -0.051664 0.010805 0.295587
v -0.053721 0.010805 0.295587
v -0.051664 0.002649 0.302091
v -0.053721 0.002649 0.302091
v -0.049733 -0.000026 0.300311
v -0.049733 0.002186 0.300062
v -0.049733 0.006171 0.298142
v -0.049733 0.008930 0.294684
v -0.049733 0.009914 0.290371
v -0.055652 -0.001767 0.297998
v -0.055652 -0.004904 0.296487
v -0.055652 -0.007075 0.293765
v -0.055652 -0.007849 0.290371
v -0.051664 -0.007521 0.299769
v -0.053721 -0.007522 0.299770
v -0.053721 -0.012048 0.290371
v -0.051664 -0.012048 0.290371
v -0.051664 -0.010857 0.295587
v -0.053721 -0.010857 0.295587
v -0.051664 -0.002701 0.302091
v -0.053721 -0.002701 0.302091
v -0.049733 -0.002238 0.300062
v -0.049733 -0.006224 0.298142
v -0.049733 -0.008982 0.294684
v -0.049733 -0.009966 0.290371
v -0.055652 -0.000026 0.282548
v -0.055652 -0.000026 0.282548
v -0.055652 0.001715 0.282744
v -0.055652 0.004851 0.284254
v -0.055652 0.007022 0.286976
v -0.051664 0.007469 0.280972
v -0.053721 0.007469 0.280972
v -0.053721 -0.000026 0.278349
v -0.053721 -0.000026 0.278349
v -0.051664 -0.000026 0.278349
v -0.051664 -0.000026 0.278349
v -0.051664 0.010805 0.285155
v -0.053721 0.010805 0.285155
v -0.051664 0.002649 0.278651
v -0.053721 0.002649 0.278651
v -0.049733 -0.000026 0.280431
v -0.049733 -0.000026 0.280431
v -0.049733 0.002186 0.280680
v -0.049733 0.006171 0.282599
v -0.049733 0.008930 0.286058
v -0.055652 -0.001767 0.282744
v -0.055652 -0.004904 0.284254
v -0.055652 -0.007075 0.286976
v -0.051664 -0.007521 0.280972
v -0.053721 -0.007522 0.280972
v -0.051664 -0.010857 0.285155
v -0.053721 -0.010857 0.285155
v -0.051664 -0.002701 0.278651
v -0.053721 -0.002701 0.278651
v -0.049733 -0.002238 0.280680
v -0.049733 -0.006224 0.282599
v -0.049733 -0.008982 0.286058
v -0.045700 -0.000026 0.297351
v -0.045700 0.001527 0.297175
v -0.045700 0.004326 0.295828
v -0.045700 0.006262 0.293399
v -0.045700 0.006954 0.290371
v -0.045700 -0.001579 0.297175
v -0.045700 -0.004378 0.295828
v -0.045700 -0.006315 0.293399
v -0.045700 -0.007006 0.290371
v -0.045700 -0.000026 0.283391
v -0.045700 -0.000026 0.283391
v -0.045700 0.001527 0.283566
v -0.045700 0.004326 0.284914
v -0.045700 0.006262 0.287342
v -0.045700 -0.001579 0.283566
v -0.045700 -0.004378 0.284914
v -0.045700 -0.006315 0.287342
v -0.047564 -0.001736 0.282878
v -0.047564 -0.006950 0.293705
v -0.047564 0.004765 0.296379
v -0.047564 -0.006950 0.287036
v -0.047564 0.006898 0.293705
v -0.047564 -0.004818 0.284362
v -0.047564 0.001684 0.282878
v -0.047564 -0.000026 0.282686
v -0.047564 -0.000026 0.282686
v -0.047564 0.004765 0.284362
v -0.047564 0.007659 0.290371
v -0.047564 -0.001736 0.297863
v -0.047564 -0.000026 0.298056
v -0.047564 -0.004818 0.296379
v -0.047564 0.001684 0.297863
v -0.047564 0.006898 0.287036
v -0.047564 -0.007711 0.290371
v -0.039830 -0.000026 0.296367
v -0.039830 0.001308 0.296217
v -0.039830 0.003713 0.295059
v -0.039830 0.005377 0.292973
v -0.039830 0.005970 0.290371
v -0.039830 -0.001361 0.296217
v -0.039830 -0.003765 0.295059
v -0.039830 -0.005429 0.292973
v -0.039830 -0.006023 0.290371
v -0.039830 -0.000026 0.284374
v -0.039830 -0.000026 0.284374
v -0.039830 0.001308 0.284524
v -0.039830 0.003713 0.285682
v -0.039830 0.005377 0.287769
v -0.039830 -0.001361 0.284524
v -0.039830 -0.003765 0.285682
v -0.039830 -0.005429 0.287769
v 0.004505 0.008933 0.301605
v 0.003238 0.008933 0.301605
v 0.003238 0.014343 0.290371
v 0.004505 0.014343 0.290371
v 0.003238 -0.000026 0.304740
v 0.004505 -0.000026 0.304740
v 0.004505 0.012920 0.296605
v 0.003238 0.012920 0.296605
v 0.004505 0.003171 0.304379
v 0.003238 0.003171 0.304380
v 0.004505 -0.008985 0.301605
v 0.003238 -0.008985 0.301605
v 0.003238 -0.014395 0.290371
v 0.004505 -0.014395 0.290371
v 0.004505 -0.012972 0.296605
v 0.003238 -0.012972 0.296605
v 0.004505 -0.003224 0.304379
v 0.003238 -0.003224 0.304380
v 0.004505 0.008933 0.279137
v 0.003238 0.008933 0.279136
v 0.003238 -0.000026 0.276001
v 0.003238 -0.000026 0.276001
v 0.004505 -0.000026 0.276002
v 0.004505 -0.000026 0.276002
v 0.004505 0.012920 0.284136
v 0.003238 0.012920 0.284136
v 0.004505 0.003171 0.276362
v 0.003238 0.003171 0.276362
v 0.004505 -0.008985 0.279137
v 0.003238 -0.008985 0.279136
v 0.004505 -0.012972 0.284136
v 0.003238 -0.012972 0.284136
v 0.004505 -0.003224 0.276362
v 0.003238 -0.003224 0.276362
v 0.001636 0.008163 0.300640
v 0.001636 0.008163 0.300640
v 0.001636 0.011808 0.296070
v 0.001636 0.011808 0.296070
v 0.001636 0.002897 0.303176
v 0.001636 0.002897 0.303176
v 0.001636 0.013109 0.290371
v 0.001636 0.013109 0.290371
v 0.001636 -0.008216 0.300640
v 0.001636 -0.008216 0.300640
v 0.001636 -0.011860 0.296070
v 0.001636 -0.011860 0.296070
v 0.001636 -0.002949 0.303176
v 0.001636 -0.002949 0.303176
v 0.001636 -0.013161 0.290371
v 0.001636 -0.013161 0.290371
v 0.001636 0.008163 0.280102
v 0.001636 0.008163 0.280102
v 0.001636 -0.008216 0.280102
v 0.001636 -0.008216 0.280102
v -0.010121 -0.000026 0.302858
v -0.010121 0.002752 0.302545
v -0.010121 0.007759 0.300134
v -0.010121 0.011224 0.295789
v -0.010121 0.012461 0.290371
v -0.010121 -0.002805 0.302545
v -0.010121 -0.007812 0.300134
v -0.010121 -0.011277 0.295789
v -0.010121 -0.012513 0.290371
v -0.010121 -0.000026 0.277883
v -0.010121 -0.000026 0.277883
v -0.010121 0.002752 0.278197
v -0.010121 0.007759 0.280608
v -0.010121 0.011224 0.284953
v -0.010121 -0.002805 0.278197
v -0.010121 -0.007812 0.280608
v -0.010121 -0.011277 0.284953
v -0.022239 -0.000026 0.302725
v -0.022239 0.002723 0.302415
v -0.022239 0.007677 0.300030
v -0.022239 0.011105 0.295731
v -0.022239 0.012328 0.290371
v -0.022239 -0.002775 0.302415
v -0.022239 -0.007729 0.300030
v -0.022239 -0.011157 0.295731
v -0.022239 -0.012381 0.290371
v -0.022239 -0.000026 0.278016
v -0.022239 -0.000026 0.278016
v -0.022239 0.002723 0.278326
v -0.022239 0.007677 0.280712
v -0.022239 0.011105 0.285010
v -0.022239 -0.002775 0.278326
v -0.022239 -0.007729 0.280712
v -0.022239 -0.011157 0.285010
v -0.033850 -0.000026 0.297958
v -0.033850 0.001662 0.297767
v -0.033850 0.004704 0.296302
v -0.033850 0.006809 0.293663
v -0.033850 0.007561 0.290371
v -0.033850 -0.001714 0.297767
v -0.033850 -0.004757 0.296302
v -0.033850 -0.006862 0.293663
v -0.033850 -0.007613 0.290371
v -0.033850 -0.000026 0.282784
v -0.033850 -0.000026 0.282784
v -0.033850 0.001662 0.282974
v -0.033850 0.004704 0.284439
v -0.033850 0.006809 0.287079
v -0.033850 -0.001714 0.282974
v -0.033850 -0.004757 0.284439
v -0.033850 -0.006862 0.287079
v -0.015353 -0.012163 0.284526
v -0.015353 -0.012163 0.296216
v -0.015353 -0.013497 0.290371
v -0.015353 -0.008425 0.279839
v -0.015353 -0.008425 0.300903
v -0.015353 -0.000026 0.276900
v -0.015353 -0.000026 0.276900
v -0.015353 -0.003024 0.277238
v -0.015353 -0.003024 0.303504
v -0.015353 -0.000026 0.303842
v -0.015353 0.008373 0.279839
v -0.015353 0.008373 0.300903
v -0.015353 0.012111 0.284526
v -0.015353 0.012111 0.296216
v -0.015353 0.002971 0.277238
v -0.015353 0.002971 0.303504
v -0.015353 0.013445 0.290371
v -0.007108 -0.002209 0.280807
v -0.007108 -0.008865 0.294627
v -0.007108 -0.006143 0.298040
v -0.007108 -0.000026 0.300181
v -0.007108 0.002157 0.280807
v -0.007108 0.006090 0.298040
v -0.007108 0.008812 0.286114
v -0.007108 -0.009836 0.290371
v -0.007108 -0.002209 0.299935
v -0.007108 -0.008865 0.286114
v -0.007108 -0.006143 0.282701
v -0.007108 0.002157 0.299935
v -0.007108 -0.000026 0.280561
v -0.007108 -0.000026 0.280561
v -0.007108 0.006090 0.282701
v -0.007108 0.009784 0.290371
v -0.007108 0.008812 0.294627
v -0.055741 -0.000026 0.299926
v -0.055435 -0.000026 0.300632
v -0.055435 0.002257 0.300375
v -0.055741 0.002100 0.299686
v -0.055741 0.005931 0.297841
v -0.055435 0.006372 0.298393
v -0.055435 0.009219 0.294823
v -0.055741 0.008582 0.294517
v -0.055435 0.010235 0.290371
v -0.055741 0.009529 0.290371
v -0.054653 -0.000026 0.301792
v -0.054653 0.002515 0.301505
v -0.054653 0.007095 0.299300
v -0.054653 0.010264 0.295326
v -0.054653 0.011395 0.290371
v -0.050884 -0.000026 0.301791
v -0.050362 -0.000026 0.301236
v -0.050362 0.002392 0.300964
v -0.050884 0.002515 0.301505
v -0.050884 0.007094 0.299299
v -0.050362 0.006748 0.298866
v -0.050362 0.009763 0.295085
v -0.050884 0.010263 0.295326
v -0.050362 0.010839 0.290371
v -0.050884 0.011394 0.290371
v -0.049494 -0.000026 0.299621
v -0.049494 0.002032 0.299389
v -0.049494 0.005741 0.297603
v -0.049494 0.008308 0.294384
v -0.049494 0.009224 0.290371
v -0.055741 -0.002152 0.299686
v -0.055435 -0.002310 0.300375
v -0.055435 -0.006424 0.298393
v -0.055741 -0.005984 0.297841
v -0.055741 -0.008635 0.294517
v -0.055435 -0.009271 0.294823
v -0.055741 -0.009581 0.290371
v -0.055435 -0.010287 0.290371
v -0.054653 -0.002568 0.301505
v -0.054653 -0.007147 0.299300
v -0.054653 -0.010316 0.295326
v -0.054653 -0.011447 0.290371
v -0.050884 -0.002567 0.301505
v -0.050362 -0.002444 0.300964
v -0.050362 -0.006801 0.298866
v -0.050884 -0.007147 0.299299
v -0.050884 -0.010315 0.295326
v -0.050362 -0.009816 0.295085
v -0.050884 -0.011446 0.290371
v -0.050362 -0.010892 0.290371
v -0.049494 -0.002085 0.299389
v -0.049494 -0.005794 0.297603
v -0.049494 -0.008360 0.294384
v -0.049494 -0.009276 0.290371
v -0.055435 -0.000026 0.280110
v -0.055435 -0.000026 0.280110
v -0.055741 -0.000026 0.280816
v -0.055741 -0.000026 0.280816
v -0.055741 0.002100 0.281055
v -0.055435 0.002257 0.280367
v -0.055435 0.006372 0.282348
v -0.055741 0.005931 0.282900
v -0.055741 0.008582 0.286225
v -0.055435 0.009219 0.285919
v -0.054653 -0.000026 0.278950
v -0.054653 -0.000026 0.278950
v -0.054653 0.002515 0.279236
v -0.054653 0.007095 0.281442
v -0.054653 0.010264 0.285415
v -0.050362 -0.000026 0.279505
v -0.050362 -0.000026 0.279505
v -0.050884 -0.000026 0.278951
v -0.050884 -0.000026 0.278951
v -0.050884 0.002515 0.279237
v -0.050362 0.002392 0.279778
v -0.050362 0.006748 0.281876
v -0.050884 0.007094 0.281442
v -0.050884 0.010263 0.285416
v -0.050362 0.009763 0.285656
v -0.049494 -0.000026 0.281120
v -0.049494 -0.000026 0.281120
v -0.049494 0.002032 0.281352
v -0.049494 0.005741 0.283139
v -0.049494 0.008308 0.286357
v -0.055435 -0.002310 0.280367
v -0.055741 -0.002152 0.281055
v -0.055741 -0.005984 0.282900
v -0.055435 -0.006424 0.282348
v -0.055435 -0.009271 0.285919
v -0.055741 -0.008635 0.286225
v -0.054653 -0.002568 0.279236
v -0.054653 -0.007147 0.281442
v -0.054653 -0.010316 0.285415
v -0.050362 -0.002444 0.279778
v -0.050884 -0.002567 0.279237
v -0.050884 -0.007147 0.281442
v -0.050362 -0.006801 0.281876
v -0.050362 -0.009816 0.285656
v -0.050884 -0.010315 0.285416
v -0.049494 -0.002085 0.281352
v -0.049494 -0.005794 0.283139
v -0.049494 -0.008360 0.286357
v 0.000682 -0.000026 0.302987
v 0.000977 -0.000026 0.303416
v 0.000733 -0.000026 0.303269
v 0.000977 0.002877 0.303089
v 0.000682 0.002781 0.302671
v 0.000733 0.002844 0.302945
v 0.000682 0.007840 0.300234
v 0.000977 0.008107 0.300570
v 0.000733 0.008016 0.300455
v 0.000977 0.011727 0.296031
v 0.000682 0.011341 0.295845
v 0.000733 0.011594 0.295967
v 0.000977 0.013019 0.290371
v 0.000682 0.012590 0.290371
v 0.000733 0.012872 0.290371
v 0.001636 -0.000026 0.303506
v 0.001636 -0.000026 0.303506
v 0.002246 -0.000026 0.303976
v 0.002246 0.003001 0.303635
v 0.002246 0.008456 0.301008
v 0.002246 0.012232 0.296274
v 0.002246 0.013579 0.290371
v 0.000682 -0.002834 0.302671
v 0.000977 -0.002929 0.303089
v 0.000733 -0.002896 0.302945
v 0.000977 -0.008160 0.300570
v 0.000682 -0.007892 0.300234
v 0.000733 -0.008068 0.300455
v 0.000682 -0.011393 0.295845
v 0.000977 -0.011779 0.296031
v 0.000733 -0.011647 0.295967
v 0.000682 -0.012642 0.290371
v 0.000977 -0.013071 0.290371
v 0.000733 -0.012924 0.290371
v 0.002246 -0.003054 0.303635
v 0.002246 -0.008509 0.301008
v 0.002246 -0.012284 0.296274
v 0.002246 -0.013631 0.290371
v 0.000977 -0.000026 0.277326
v 0.000977 -0.000026 0.277326
v 0.000682 -0.000026 0.277755
v 0.000682 -0.000026 0.277755
v 0.000733 -0.000026 0.277473
v 0.000733 -0.000026 0.277473
v 0.000682 0.002781 0.278071
v 0.000977 0.002877 0.277653
v 0.000733 0.002844 0.277796
v 0.000977 0.008107 0.280172
v 0.000682 0.007840 0.280507
v 0.000733 0.008016 0.280287
v 0.000682 0.011341 0.284897
v 0.000977 0.011727 0.284711
v 0.000733 0.011594 0.284775
v 0.002246 -0.000026 0.276766
v 0.002246 -0.000026 0.276766
v 0.001636 -0.000026 0.277236
v 0.001636 -0.000026 0.277236
v 0.001636 -0.000026 0.277236
v 0.001636 -0.000026 0.277236
v 0.001636 0.002897 0.277565
v 0.001636 0.002897 0.277565
v 0.002246 0.003001 0.277107
v 0.002246 0.008456 0.279734
v 0.001636 0.011808 0.284672
v 0.001636 0.011808 0.284672
v 0.002246 0.012232 0.284468
v 0.000977 -0.002929 0.277653
v 0.000682 -0.002834 0.278071
v 0.000733 -0.002896 0.277796
v 0.000682 -0.007892 0.280507
v 0.000977 -0.008160 0.280172
v 0.000733 -0.008068 0.280287
v 0.000977 -0.011779 0.284711
v 0.000682 -0.011393 0.284897
v 0.000733 -0.011647 0.284775
v 0.002246 -0.003054 0.277107
v 0.001636 -0.002949 0.277565
v 0.001636 -0.002949 0.277565
v 0.002246 -0.008509 0.279734
v 0.002246 -0.012284 0.284468
v 0.001636 -0.011860 0.284672
v 0.001636 -0.011860 0.284672
v -0.007793 -0.011310 0.290371
v -0.007361 -0.010685 0.290371
v -0.007793 -0.002537 0.301372
v -0.007361 -0.002398 0.300763
v -0.007361 -0.002398 0.279979
v -0.007793 -0.002537 0.279370
v -0.007361 -0.009630 0.294996
v -0.007793 -0.010193 0.295267
v -0.007793 -0.010193 0.285475
v -0.007361 -0.009630 0.285746
v -0.007361 -0.006672 0.298704
v -0.007793 -0.007062 0.299193
v -0.007793 -0.007062 0.281548
v -0.007361 -0.006672 0.282037
v -0.007793 0.002485 0.301372
v -0.007361 0.002346 0.300763
v -0.007361 -0.000026 0.301030
v -0.007793 -0.000026 0.301655
v -0.007793 -0.000026 0.279087
v -0.007793 -0.000026 0.279087
v -0.007361 -0.000026 0.279712
v -0.007361 -0.000026 0.279712
v -0.007361 0.002346 0.279979
v -0.007793 0.002485 0.279370
v -0.007361 0.006620 0.298704
v -0.007793 0.007009 0.299193
v -0.007793 0.007009 0.281548
v -0.007361 0.006620 0.282037
v -0.007793 0.011258 0.290371
v -0.007361 0.010633 0.290371
v -0.007793 0.010140 0.295267
v -0.007361 0.009577 0.294996
v -0.007361 0.009577 0.285746
v -0.007793 0.010140 0.285475
v -0.005713 -0.000026 0.298867
v -0.004560 -0.000026 0.298535
v -0.004560 0.001791 0.298331
v -0.005713 0.001864 0.298654
v -0.005713 0.005271 0.297014
v -0.004560 0.005064 0.296754
v -0.004560 0.007330 0.293913
v -0.005713 0.007629 0.294057
v -0.004560 0.008139 0.290371
v -0.005713 0.008470 0.290371
v -0.005713 -0.001917 0.298654
v -0.004560 -0.001843 0.298331
v -0.004560 -0.005117 0.296754
v -0.005713 -0.005324 0.297014
v -0.005713 -0.007681 0.294057
v -0.004560 -0.007382 0.293913
v -0.005713 -0.008523 0.290371
v -0.004560 -0.008191 0.290371
v -0.004560 -0.000026 0.282206
v -0.004560 -0.000026 0.282206
v -0.005713 -0.000026 0.281874
v -0.005713 -0.000026 0.281874
v -0.005713 0.001864 0.282087
v -0.004560 0.001791 0.282411
v -0.004560 0.005064 0.283987
v -0.005713 0.005271 0.283728
v -0.005713 0.007629 0.286684
v -0.004560 0.007330 0.286828
v -0.004560 -0.001843 0.282411
v -0.005713 -0.001917 0.282087
v -0.005713 -0.005324 0.283728
v -0.004560 -0.005117 0.283987
v -0.004560 -0.007382 0.286828
v -0.005713 -0.007681 0.286684
v 0.000075 -0.000026 0.299454
v 0.001119 -0.000026 0.301073
v 0.001119 0.002355 0.300805
v 0.000075 0.001995 0.299226
v 0.000075 0.005637 0.297472
v 0.001119 0.006647 0.298738
v 0.001119 0.009616 0.295014
v 0.000075 0.008157 0.294312
v 0.001119 0.010676 0.290371
v 0.000075 0.009057 0.290371
v 0.000075 -0.002047 0.299226
v 0.001119 -0.002408 0.300805
v 0.001119 -0.006699 0.298738
v 0.000075 -0.005689 0.297472
v 0.000075 -0.008210 0.294312
v 0.001119 -0.009669 0.295014
v 0.000075 -0.009109 0.290371
v 0.001119 -0.010729 0.290371
v 0.001119 -0.000026 0.279668
v 0.001119 -0.000026 0.279668
v 0.000075 -0.000026 0.281288
v 0.000075 -0.000026 0.281288
v 0.000075 0.001995 0.281515
v 0.001119 0.002355 0.279937
v 0.001119 0.006647 0.282003
v 0.000075 0.005637 0.283269
v 0.000075 0.008157 0.286430
v 0.001119 0.009616 0.285727
v 0.001119 -0.002408 0.279937
v 0.000075 -0.002047 0.281515
v 0.000075 -0.005689 0.283269
v 0.001119 -0.006699 0.282003
v 0.001119 -0.009669 0.285727
v 0.000075 -0.008210 0.286430
v 0.064661 -0.000026 0.298194
v 0.064661 0.001715 0.297998
v 0.064661 0.004851 0.296487
v 0.064661 0.007022 0.293765
v 0.064661 0.007797 0.290371
v 0.060673 0.007469 0.299769
v 0.062730 0.007469 0.299770
v 0.062730 0.011995 0.290371
v 0.060673 0.011995 0.290371
v 0.062730 -0.000026 0.302392
v 0.060673 -0.000026 0.302392
v 0.060673 0.010805 0.295587
v 0.062730 0.010805 0.295587
v 0.060673 0.002649 0.302091
v 0.062730 0.002649 0.302091
v 0.058742 -0.000026 0.300311
v 0.058742 0.002186 0.300062
v 0.058742 0.006171 0.298142
v 0.058742 0.008930 0.294684
v 0.058742 0.009914 0.290371
v 0.064661 -0.001767 0.297998
v 0.064661 -0.004904 0.296487
v 0.064661 -0.007075 0.293765
v 0.064661 -0.007849 0.290371
v 0.060673 -0.007521 0.299769
v 0.062730 -0.007522 0.299770
v 0.062730 -0.012048 0.290371
v 0.060673 -0.012048 0.290371
v 0.060673 -0.010857 0.295587
v 0.062730 -0.010857 0.295587
v 0.060673 -0.002701 0.302091
v 0.062730 -0.002701 0.302091
v 0.058742 -0.002238 0.300062
v 0.058742 -0.006224 0.298142
v 0.058742 -0.008982 0.294684
v 0.058742 -0.009966 0.290371
v 0.064661 -0.000026 0.282548
v 0.064661 -0.000026 0.282548
v 0.064661 0.001715 0.282744
v 0.064661 0.004851 0.284254
v 0.064661 0.007022 0.286976
v 0.060673 0.007469 0.280972
v 0.062730 0.007469 0.280972
v 0.062730 -0.000026 0.278349
v 0.062730 -0.000026 0.278349
v 0.060673 -0.000026 0.278349
v 0.060673 -0.000026 0.278349
v 0.060673 0.010805 0.285155
v 0.062730 0.010805 0.285155
v 0.060673 0.002649 0.278651
v 0.062730 0.002649 0.278651
v 0.058742 -0.000026 0.280431
v 0.058742 -0.000026 0.280431
v 0.058742 0.002186 0.280680
v 0.058742 0.006171 0.282599
v 0.058742 0.008930 0.286058
v 0.064661 -0.001767 0.282744
v 0.064661 -0.004904 0.284254
v 0.064661 -0.007075 0.286976
v 0.060673 -0.007521 0.280972
v 0.062730 -0.007522 0.280972
v 0.060673 -0.010857 0.285155
v 0.062730 -0.010857 0.285155
v 0.060673 -0.002701 0.278651
v 0.062730 -0.002701 0.278651
v 0.058742 -0.002238 0.280680
v 0.058742 -0.006224 0.282599
v 0.058742 -0.008982 0.286058
v 0.054709 -0.000026 0.297351
v 0.054709 0.001527 0.297175
v 0.054709 0.004326 0.295828
v 0.054709 0.006262 0.293399
v 0.054709 0.006954 0.290371
v 0.054709 -0.001579 0.297175
v 0.054709 -0.004378 0.295828
v 0.054709 -0.006315 0.293399
v 0.054709 -0.007006 0.290371
v 0.054709 -0.000026 0.283391
v 0.054709 -0.000026 0.283391
v 0.054709 0.001527 0.283566
v 0.054709 0.004326 0.284914
v 0.054709 0.006262 0.287342
v 0.054709 -0.001579 0.283566
v 0.054709 -0.004378 0.284914
v 0.054709 -0.006315 0.287342
v 0.056574 -0.001736 0.282878
v 0.056574 -0.006950 0.293705
v 0.056574 0.004765 0.296379
v 0.056574 -0.006950 0.287036
v 0.056574 0.006898 0.293705
v 0.056574 -0.004818 0.284362
v 0.056574 0.001684 0.282878
v 0.056574 -0.000026 0.282686
v 0.056574 -0.000026 0.282686
v 0.056574 0.004765 0.284362
v 0.056574 0.007659 0.290371
v 0.056574 -0.001736 0.297863
v 0.056574 -0.000026 0.298056
v 0.056574 -0.004818 0.296379
v 0.056574 0.001684 0.297863
v 0.056574 0.006898 0.287036
v 0.056574 -0.007711 0.290371
v 0.048839 -0.000026 0.296367
v 0.048839 0.001308 0.296217
v 0.048839 0.003713 0.295059
v 0.048839 0.005377 0.292973
v 0.048839 0.005970 0.290371
v 0.048839 -0.001361 0.296217
v 0.048839 -0.003765 0.295059
v 0.048839 -0.005429 0.292973
v 0.048839 -0.006023 0.290371
v 0.048839 -0.000026 0.284374
v 0.048839 -0.000026 0.284374
v 0.048839 0.001308 0.284524
v 0.048839 0.003713 0.285682
v 0.048839 0.005377 0.287769
v 0.048839 -0.001361 0.284524
v 0.048839 -0.003765 0.285682
v 0.048839 -0.005429 0.287769
v 0.005771 0.008933 0.301605
v 0.005771 0.014343 0.290371
v 0.005771 -0.000026 0.304740
v 0.005771 0.012920 0.296605
v 0.005771 0.003171 0.304380
v 0.005771 -0.008985 0.301605
v 0.005771 -0.014395 0.290371
v 0.005771 -0.012972 0.296605
v 0.005771 -0.003224 0.304380
v 0.005771 0.008933 0.279136
v 0.005771 -0.000026 0.276001
v 0.005771 -0.000026 0.276001
v 0.005771 0.012920 0.284136
v 0.005771 0.003171 0.276362
v 0.005771 -0.008985 0.279136
v 0.005771 -0.012972 0.284136
v 0.005771 -0.003224 0.276362
v 0.007373 -0.008216 0.300640
v 0.007373 -0.008216 0.300640
v 0.007373 -0.011860 0.296070
v 0.007373 -0.011860 0.296070
v 0.007373 -0.013161 0.290371
v 0.007373 -0.013161 0.290371
v 0.007373 -0.000026 0.277236
v 0.007373 -0.000026 0.277236
v 0.007373 -0.000026 0.277236
v 0.007373 -0.000026 0.277236
v 0.007373 -0.008216 0.280102
v 0.007373 -0.008216 0.280102
v 0.007373 -0.011860 0.284672
v 0.007373 -0.011860 0.284672
v 0.007373 -0.002949 0.277565
v 0.007373 -0.002949 0.277565
v 0.019130 -0.000026 0.302858
v 0.019130 0.002752 0.302545
v 0.019130 0.007759 0.300134
v 0.019130 0.011224 0.295789
v 0.019130 0.012461 0.290371
v 0.019130 -0.002805 0.302545
v 0.019130 -0.007812 0.300134
v 0.019130 -0.011277 0.295789
v 0.019130 -0.012513 0.290371
v 0.019130 -0.000026 0.277883
v 0.019130 -0.000026 0.277883
v 0.019130 0.002752 0.278197
v 0.019130 0.007759 0.280608
v 0.019130 0.011224 0.284953
v 0.019130 -0.002805 0.278197
v 0.019130 -0.007812 0.280608
v 0.019130 -0.011277 0.284953
v 0.031248 -0.000026 0.302725
v 0.031248 0.002723 0.302415
v 0.031248 0.007677 0.300030
v 0.031248 0.011105 0.295731
v 0.031248 0.012328 0.290371
v 0.031248 -0.002775 0.302415
v 0.031248 -0.007729 0.300030
v 0.031248 -0.011157 0.295731
v 0.031248 -0.012381 0.290371
v 0.031248 -0.000026 0.278016
v 0.031248 -0.000026 0.278016
v 0.031248 0.002723 0.278326
v 0.031248 0.007677 0.280712
v 0.031248 0.011105 0.285010
v 0.031248 -0.002775 0.278326
v 0.031248 -0.007729 0.280712
v 0.031248 -0.011157 0.285010
v 0.042859 -0.000026 0.297958
v 0.042859 0.001662 0.297767
v 0.042859 0.004704 0.296302
v 0.042859 0.006809 0.293663
v 0.042859 0.007561 0.290371
v 0.042859 -0.001714 0.297767
v 0.042859 -0.004757 0.296302
v 0.042859 -0.006862 0.293663
v 0.042859 -0.007613 0.290371
v 0.042859 -0.000026 0.282784
v 0.042859 -0.000026 0.282784
v 0.042859 0.001662 0.282974
v 0.042859 0.004704 0.284439
v 0.042859 0.006809 0.287079
v 0.042859 -0.001714 0.282974
v 0.042859 -0.004757 0.284439
v 0.042859 -0.006862 0.287079
v 0.024362 -0.012163 0.284526
v 0.024362 -0.012163 0.296216
v 0.024362 -0.013497 0.290371
v 0.024362 -0.008425 0.279839
v 0.024362 -0.008425 0.300903
v 0.024362 -0.000026 0.276900
v 0.024362 -0.000026 0.276900
v 0.024362 -0.003024 0.277238
v 0.024362 -0.003024 0.303504
v 0.024362 -0.000026 0.303842
v 0.024362 0.008373 0.279839
v 0.024362 0.008373 0.300903
v 0.024362 0.012111 0.284526
v 0.024362 0.012111 0.296216
v 0.024362 0.002971 0.277238
v 0.024362 0.002971 0.303504
v 0.024362 0.013445 0.290371
v 0.016117 -0.002209 0.280807
v 0.016117 -0.008865 0.294627
v 0.016117 -0.006143 0.298040
v 0.016117 -0.000026 0.300181
v 0.016117 0.002157 0.280807
v 0.016117 0.006090 0.298040
v 0.016117 0.008812 0.286114
v 0.016117 -0.009836 0.290371
v 0.016117 -0.002209 0.299935
v 0.016117 -0.008865 0.286114
v 0.016117 -0.006143 0.282701
v 0.016117 0.002157 0.299935
v 0.016117 -0.000026 0.280561
v 0.016117 -0.000026 0.280561
v 0.016117 0.006090 0.282701
v 0.016117 0.009784 0.290371
v 0.016117 0.008812 0.294627
v 0.064750 -0.000026 0.299926
v 0.064444 -0.000026 0.300632
v 0.064444 0.002257 0.300375
v 0.064750 0.002100 0.299686
v 0.064750 0.005931 0.297841
v 0.064444 0.006372 0.298393
v 0.064444 0.009219 0.294823
v 0.064750 0.008582 0.294517
v 0.064444 0.010235 0.290371
v 0.064750 0.009529 0.290371
v 0.063662 -0.000026 0.301792
v 0.063662 0.002515 0.301505
v 0.063662 0.007095 0.299300
v 0.063662 0.010264 0.295326
v 0.063662 0.011395 0.290371
v 0.059893 -0.000026 0.301791
v 0.059371 -0.000026 0.301236
v 0.059371 0.002392 0.300964
v 0.059893 0.002515 0.301505
v 0.059893 0.007094 0.299299
v 0.059371 0.006748 0.298866
v 0.059371 0.009763 0.295085
v 0.059893 0.010263 0.295326
v 0.059371 0.010839 0.290371
v 0.059893 0.011394 0.290371
v 0.058504 -0.000026 0.299621
v 0.058504 0.002032 0.299389
v 0.058504 0.005741 0.297603
v 0.058504 0.008308 0.294384
v 0.058504 0.009224 0.290371
v 0.064750 -0.002152 0.299686
v 0.064444 -0.002310 0.300375
v 0.064444 -0.006424 0.298393
v 0.064750 -0.005984 0.297841
v 0.064750 -0.008635 0.294517
v 0.064444 -0.009271 0.294823
v 0.064750 -0.009581 0.290371
v 0.064444 -0.010287 0.290371
v 0.063662 -0.002568 0.301505
v 0.063662 -0.007147 0.299300
v 0.063662 -0.010316 0.295326
v 0.063662 -0.011447 0.290371
v 0.059893 -0.002567 0.301505
v 0.059371 -0.002444 0.300964
v 0.059371 -0.006801 0.298866
v 0.059893 -0.007147 0.299299
v 0.059893 -0.010315 0.295326
v 0.059371 -0.009816 0.295085
v 0.059893 -0.011446 0.290371
v 0.059371 -0.010892 0.290371
v 0.058504 -0.002085 0.299389
v 0.058504 -0.005794 0.297603
v 0.058504 -0.008360 0.294384
v 0.058504 -0.009276 0.290371
v 0.064444 -0.000026 0.280110
v 0.064444 -0.000026 0.280110
v 0.064750 -0.000026 0.280816
v 0.064750 -0.000026 0.280816
v 0.064750 0.002100 0.281055
v 0.064444 0.002257 0.280367
v 0.064444 0.006372 0.282348
v 0.064750 0.005931 0.282900
v 0.064750 0.008582 0.286225
v 0.064444 0.009219 0.285919
v 0.063662 -0.000026 0.278950
v 0.063662 -0.000026 0.278950
v 0.063662 0.002515 0.279236
v 0.063662 0.007095 0.281442
v 0.063662 0.010264 0.285415
v 0.059371 -0.000026 0.279505
v 0.059371 -0.000026 0.279505
v 0.059893 -0.000026 0.278951
v 0.059893 -0.000026 0.278951
v 0.059893 0.002515 0.279237
v 0.059371 0.002392 0.279778
v 0.059371 0.006748 0.281876
v 0.059893 0.007094 0.281442
v 0.059893 0.010263 0.285416
v 0.059371 0.009763 0.285656
v 0.058504 -0.000026 0.281120
v 0.058504 -0.000026 0.281120
v 0.058504 0.002032 0.281352
v 0.058504 0.005741 0.283139
v 0.058504 0.008308 0.286357
v 0.064444 -0.002310 0.280367
v 0.064750 -0.002152 0.281055
v 0.064750 -0.005984 0.282900
v 0.064444 -0.006424 0.282348
v 0.064444 -0.009271 0.285919
v 0.064750 -0.008635 0.286225
v 0.063662 -0.002568 0.279236
v 0.063662 -0.007147 0.281442
v 0.063662 -0.010316 0.285415
v 0.059371 -0.002444 0.279778
v 0.059893 -0.002567 0.279237
v 0.059893 -0.007147 0.281442
v 0.059371 -0.006801 0.281876
v 0.059371 -0.009816 0.285656
v 0.059893 -0.010315 0.285416
v 0.058504 -0.002085 0.281352
v 0.058504 -0.005794 0.283139
v 0.058504 -0.008360 0.286357
v 0.008327 -0.000026 0.302987
v 0.008032 -0.000026 0.303416
v 0.008276 -0.000026 0.303269
v 0.008032 0.002877 0.303089
v 0.008327 0.002781 0.302671
v 0.008276 0.002844 0.302945
v 0.008327 0.007840 0.300234
v 0.008032 0.008107 0.300570
v 0.008276 0.008016 0.300455
v 0.008032 0.011727 0.296031
v 0.008327 0.011341 0.295845
v 0.008276 0.011594 0.295967
v 0.008032 0.013019 0.290371
v 0.008327 0.012590 0.290371
v 0.008276 0.012872 0.290371
v 0.007373 -0.000026 0.303506
v 0.007373 -0.000026 0.303506
v 0.006763 -0.000026 0.303976
v 0.006763 0.003001 0.303635
v 0.007373 0.002897 0.303176
v 0.007373 0.002897 0.303176
v 0.007373 0.008163 0.300640
v 0.007373 0.008163 0.300640
v 0.006763 0.008456 0.301008
v 0.006763 0.012232 0.296274
v 0.007373 0.011808 0.296070
v 0.007373 0.011808 0.296070
v 0.006763 0.013579 0.290371
v 0.007373 0.013109 0.290371
v 0.007373 0.013109 0.290371
v 0.008327 -0.002834 0.302671
v 0.008032 -0.002929 0.303089
v 0.008276 -0.002896 0.302945
v 0.008032 -0.008160 0.300570
v 0.008327 -0.007892 0.300234
v 0.008276 -0.008068 0.300455
v 0.008327 -0.011393 0.295845
v 0.008032 -0.011779 0.296031
v 0.008276 -0.011647 0.295967
v 0.008327 -0.012642 0.290371
v 0.008032 -0.013071 0.290371
v 0.008276 -0.012924 0.290371
v 0.007373 -0.002949 0.303176
v 0.007373 -0.002949 0.303176
v 0.006763 -0.003054 0.303635
v 0.006763 -0.008509 0.301008
v 0.006763 -0.012284 0.296274
v 0.006763 -0.013631 0.290371
v 0.008032 -0.000026 0.277326
v 0.008032 -0.000026 0.277326
v 0.008327 -0.000026 0.277755
v 0.008327 -0.000026 0.277755
v 0.008276 -0.000026 0.277473
v 0.008276 -0.000026 0.277473
v 0.008327 0.002781 0.278071
v 0.008032 0.002877 0.277653
v 0.008276 0.002844 0.277796
v 0.008032 0.008107 0.280172
v 0.008327 0.007840 0.280507
v 0.008276 0.008016 0.280287
v 0.008327 0.011341 0.284897
v 0.008032 0.011727 0.284711
v 0.008276 0.011594 0.284775
v 0.006763 -0.000026 0.276766
v 0.006763 -0.000026 0.276766
v 0.007373 0.002897 0.277565
v 0.007373 0.002897 0.277565
v 0.006763 0.003001 0.277107
v 0.006763 0.008456 0.279734
v 0.007373 0.008163 0.280102
v 0.007373 0.008163 0.280102
v 0.007373 0.011808 0.284672
v 0.007373 0.011808 0.284672
v 0.006763 0.012232 0.284468
v 0.008032 -0.002929 0.277653
v 0.008327 -0.002834 0.278071
v 0.008276 -0.002896 0.277796
v 0.008327 -0.007892 0.280507
v 0.008032 -0.008160 0.280172
v 0.008276 -0.008068 0.280287
v 0.008032 -0.011779 0.284711
v 0.008327 -0.011393 0.284897
v 0.008276 -0.011647 0.284775
v 0.006763 -0.003054 0.277107
v 0.006763 -0.008509 0.279734
v 0.006763 -0.012284 0.284468
v 0.016802 -0.011310 0.290371
v 0.016370 -0.010685 0.290371
v 0.016802 -0.002537 0.301372
v 0.016370 -0.002398 0.300763
v 0.016370 -0.002398 0.279979
v 0.016802 -0.002537 0.279370
v 0.016370 -0.009630 0.294996
v 0.016802 -0.010193 0.295267
v 0.016802 -0.010193 0.285475
v 0.016370 -0.009630 0.285746
v 0.016370 -0.006672 0.298704
v 0.016802 -0.007062 0.299193
v 0.016802 -0.007062 0.281548
v 0.016370 -0.006672 0.282037
v 0.016802 0.002485 0.301372
v 0.016370 0.002346 0.300763
v 0.016370 -0.000026 0.301030
v 0.016802 -0.000026 0.301655
v 0.016802 -0.000026 0.279087
v 0.016802 -0.000026 0.279087
v 0.016370 -0.000026 0.279712
v 0.016370 -0.000026 0.279712
v 0.016370 0.002346 0.279979
v 0.016802 0.002485 0.279370
v 0.016370 0.006620 0.298704
v 0.016802 0.007009 0.299193
v 0.016802 0.007009 0.281548
v 0.016370 0.006620 0.282037
v 0.016802 0.011258 0.290371
v 0.016370 0.010633 0.290371
v 0.016802 0.010140 0.295267
v 0.016370 0.009577 0.294996
v 0.016370 0.009577 0.285746
v 0.016802 0.010140 0.285475
v 0.014722 -0.000026 0.298867
v 0.013569 -0.000026 0.298535
v 0.013569 0.001791 0.298331
v 0.014722 0.001864 0.298654
v 0.014722 0.005271 0.297014
v 0.013569 0.005064 0.296754
v 0.013569 0.007330 0.293913
v 0.014722 0.007629 0.294057
v 0.013569 0.008139 0.290371
v 0.014722 0.008470 0.290371
v 0.014722 -0.001917 0.298654
v 0.013569 -0.001843 0.298331
v 0.013569 -0.005117 0.296754
v 0.014722 -0.005324 0.297014
v 0.014722 -0.007681 0.294057
v 0.013569 -0.007382 0.293913
v 0.014722 -0.008523 0.290371
v 0.013569 -0.008191 0.290371
v 0.013569 -0.000026 0.282206
v 0.013569 -0.000026 0.282206
v 0.014722 -0.000026 0.281874
v 0.014722 -0.000026 0.281874
v 0.014722 0.001864 0.282087
v 0.013569 0.001791 0.282411
v 0.013569 0.005064 0.283987
v 0.014722 0.005271 0.283728
v 0.014722 0.007629 0.286684
v 0.013569 0.007330 0.286828
v 0.013569 -0.001843 0.282411
v 0.014722 -0.001917 0.282087
v 0.014722 -0.005324 0.283728
v 0.013569 -0.005117 0.283987
v 0.013569 -0.007382 0.286828
v 0.014722 -0.007681 0.286684
v 0.008934 -0.000026 0.299454
v 0.007890 -0.000026 0.301073
v 0.007890 0.002355 0.300805
v 0.008934 0.001995 0.299226
v 0.008934 0.005637 0.297472
v 0.007890 0.006647 0.298738
v 0.007890 0.009616 0.295014
v 0.008934 0.008157 0.294312
v 0.007890 0.010676 0.290371
v 0.008934 0.009057 0.290371
v 0.008934 -0.002047 0.299226
v 0.007890 -0.002408 0.300805
v 0.007890 -0.006699 0.298738
v 0.008934 -0.005689 0.297472
v 0.008934 -0.008210 0.294312
v 0.007890 -0.009669 0.295014
v 0.008934 -0.009109 0.290371
v 0.007890 -0.010729 0.290371
v 0.007890 -0.000026 0.279668
v 0.007890 -0.000026 0.279668
v 0.008934 -0.000026 0.281288
v 0.008934 -0.000026 0.281288
v 0.008934 0.001995 0.281515
v 0.007890 0.002355 0.279937
v 0.007890 0.006647 0.282003
v 0.008934 0.005637 0.283269
v 0.008934 0.008157 0.286430
v 0.007890 0.009616 0.285727
v 0.007890 -0.002408 0.279937
v 0.008934 -0.002047 0.281515
v 0.008934 -0.005689 0.283269
v 0.007890 -0.006699 0.282003
v 0.007890 -0.009669 0.285727
v 0.008934 -0.008210 0.286430
v -0.075999 0.000000 0.164046
v -0.073032 0.000000 0.175597
v -0.072760 0.000000 0.179467
v -0.072596 0.000000 0.183259
v -0.075845 0.003325 0.164050
v -0.075962 0.001427 0.164060
v -0.075794 0.004962 0.164057
v -0.070330 0.000000 0.175727
v -0.070330 0.000000 0.175727
v -0.070022 0.000000 0.179455
v -0.070022 0.000000 0.179455
v -0.070061 0.000000 0.183184
v -0.070061 0.000000 0.183184
v -0.078414 0.000000 0.149132
v -0.078414 0.000000 0.149132
v -0.078414 0.000000 0.149132
v -0.078739 0.000000 0.149617
v -0.078739 0.000000 0.149617
v -0.078367 0.000870 0.149505
v -0.078367 0.000870 0.149505
v -0.078690 0.000856 0.149988
v -0.078690 0.000856 0.149988
v -0.078035 0.002070 0.152227
v -0.078343 0.002051 0.152716
v -0.078343 0.002051 0.152716
v -0.075887 0.008399 0.161559
v -0.076238 0.008026 0.161599
v -0.076238 0.008026 0.161599
v -0.077086 0.006907 0.156644
v -0.077086 0.006907 0.156644
v -0.077404 0.006592 0.156861
v -0.077404 0.006592 0.156861
v -0.075109 0.008399 0.164045
v -0.075109 0.008399 0.164045
v -0.075644 0.008026 0.164415
v -0.075644 0.008026 0.164415
v -0.075644 0.008026 0.164415
v -0.075137 0.009642 0.164045
v -0.075550 0.009563 0.164415
v -0.075550 0.009563 0.164415
v -0.072206 0.009642 0.174484
v -0.072881 0.009511 0.174134
v -0.072881 0.009511 0.174134
v -0.072501 0.005292 0.175727
v -0.072501 0.005292 0.175727
v -0.072501 0.005292 0.175727
v -0.072946 0.004963 0.175433
v -0.072946 0.004963 0.175433
v -0.072946 0.004963 0.175433
v -0.072161 0.004671 0.179455
v -0.072161 0.004671 0.179455
v -0.072545 0.004293 0.179455
v -0.072545 0.004293 0.179455
v -0.072163 0.005292 0.183184
v -0.072163 0.005292 0.183184
v -0.072544 0.004945 0.183367
v -0.072544 0.004945 0.183367
v -0.072174 0.006535 0.184426
v -0.072174 0.006535 0.184426
v -0.072547 0.006269 0.184692
v -0.072547 0.006269 0.184692
v -0.072547 0.000000 0.199827
v -0.072547 0.000000 0.199827
v -0.072174 0.000000 0.200203
v -0.072174 0.000000 0.200203
v -0.072547 0.002295 0.199525
v -0.072547 0.002295 0.199525
v -0.072174 0.002392 0.199888
v -0.072174 0.002392 0.199888
v -0.072547 0.004433 0.198639
v -0.072547 0.004433 0.198639
v -0.072174 0.004621 0.198965
v -0.072174 0.004621 0.198965
v -0.072547 0.006269 0.197230
v -0.072547 0.006269 0.197230
v -0.072174 0.006535 0.197496
v -0.072174 0.006535 0.197496
v -0.072547 0.007678 0.195394
v -0.072547 0.007678 0.195394
v -0.072174 0.008003 0.195582
v -0.072174 0.008003 0.195582
v -0.072547 0.008564 0.193256
v -0.072547 0.008564 0.193256
v -0.072174 0.008927 0.193353
v -0.072174 0.008927 0.193353
v -0.072547 0.008866 0.190961
v -0.072547 0.008866 0.190961
v -0.072174 0.009242 0.190961
v -0.072174 0.009242 0.190961
v -0.072547 0.008564 0.188667
v -0.072547 0.008564 0.188667
v -0.072174 0.008927 0.188569
v -0.072174 0.008927 0.188569
v -0.072547 0.007678 0.186528
v -0.072547 0.007678 0.186528
v -0.072174 0.008003 0.186340
v -0.072174 0.008003 0.186340
v -0.072174 0.004072 0.186889
v -0.072547 0.004347 0.186614
v -0.072547 0.004347 0.186614
v -0.072174 0.000000 0.196720
v -0.072547 0.000000 0.197098
v -0.072547 0.000000 0.197098
v -0.072174 0.001490 0.196523
v -0.072547 0.001588 0.196889
v -0.072547 0.001588 0.196889
v -0.072174 0.002879 0.195948
v -0.072547 0.003068 0.196276
v -0.072547 0.003068 0.196276
v -0.072174 0.004072 0.195033
v -0.072547 0.004340 0.195301
v -0.072547 0.004340 0.195301
v -0.072174 0.004987 0.193840
v -0.072547 0.005316 0.194030
v -0.072547 0.005316 0.194030
v -0.072174 0.005562 0.192452
v -0.072547 0.005930 0.192550
v -0.072547 0.005930 0.192550
v -0.072174 0.005758 0.190961
v -0.072547 0.006140 0.190961
v -0.072547 0.006140 0.190961
v -0.072174 0.005562 0.189471
v -0.072547 0.005933 0.189372
v -0.072547 0.005933 0.189372
v -0.072174 0.004987 0.188082
v -0.072547 0.005321 0.187889
v -0.072547 0.005321 0.187889
v -0.072547 0.003135 0.185679
v -0.072547 0.003135 0.185679
v -0.072174 0.002879 0.185974
v -0.072174 0.001490 0.185399
v -0.072547 0.001898 0.185161
v -0.072547 0.001898 0.185161
v -0.072547 0.000000 0.184908
v -0.072547 0.000000 0.184908
v -0.072174 0.000000 0.185203
v -0.077038 0.001753 0.158016
v -0.077511 0.001795 0.157670
v -0.077511 0.001795 0.157670
v -0.076365 0.000000 0.162181
v -0.076541 0.000000 0.162588
v -0.076541 0.000000 0.162588
v -0.076298 0.000655 0.162095
v -0.076536 0.000655 0.162503
v -0.076536 0.000655 0.162503
v -0.076271 0.001266 0.161842
v -0.076550 0.001266 0.162253
v -0.076550 0.001266 0.162253
v -0.076288 0.001791 0.161439
v -0.076566 0.001895 0.161773
v -0.076566 0.001895 0.161773
v -0.076348 0.002193 0.160915
v -0.076713 0.002511 0.160950
v -0.076713 0.002511 0.160950
v -0.076449 0.002446 0.160304
v -0.076833 0.002819 0.160218
v -0.076833 0.002819 0.160218
v -0.076584 0.002504 0.159649
v -0.076970 0.002827 0.159622
v -0.076970 0.002827 0.159622
v -0.076740 0.002364 0.158993
v -0.077125 0.002657 0.158825
v -0.077125 0.002657 0.158825
v -0.076897 0.002109 0.158417
v -0.077252 0.002428 0.158289
v -0.077252 0.002428 0.158289
v -0.077586 0.001335 0.157375
v -0.077586 0.001335 0.157375
v -0.077158 0.001261 0.157724
v -0.077251 0.000655 0.157542
v -0.077707 0.000668 0.157218
v -0.077707 0.000668 0.157218
v -0.077725 0.000000 0.157110
v -0.077725 0.000000 0.157110
v -0.077312 0.000000 0.157455
v -0.074056 0.010027 0.167240
v -0.074819 0.010190 0.167069
v -0.074819 0.010190 0.167069
v -0.073426 0.008599 0.171922
v -0.073426 0.008599 0.171922
v -0.072929 0.008448 0.171548
v -0.073033 0.009103 0.171462
v -0.073436 0.009155 0.171803
v -0.073436 0.009155 0.171803
v -0.073033 0.009714 0.171209
v -0.073660 0.010129 0.171405
v -0.073660 0.010129 0.171405
v -0.073176 0.010240 0.170807
v -0.073706 0.010558 0.171067
v -0.073706 0.010558 0.171067
v -0.073331 0.010648 0.170282
v -0.073847 0.010894 0.170618
v -0.073847 0.010894 0.170618
v -0.073478 0.010902 0.169671
v -0.073967 0.011112 0.170084
v -0.073967 0.011112 0.170084
v -0.073639 0.010967 0.169016
v -0.074241 0.011282 0.169016
v -0.074241 0.011282 0.169016
v -0.073805 0.010824 0.168361
v -0.074504 0.011030 0.168006
v -0.074504 0.011030 0.168006
v -0.073949 0.010516 0.167752
v -0.074659 0.010676 0.167495
v -0.074659 0.010676 0.167495
v -0.074888 0.009697 0.166792
v -0.074888 0.009697 0.166792
v -0.074126 0.009515 0.166923
v -0.074182 0.009046 0.166768
v -0.074932 0.009049 0.166659
v -0.074932 0.009049 0.166659
v -0.074243 0.008448 0.166764
v -0.074942 0.008445 0.166622
v -0.074942 0.008445 0.166622
v -0.074801 0.006598 0.167290
v -0.074801 0.006598 0.167290
v -0.074230 0.006898 0.167273
v -0.073429 0.008070 0.171868
v -0.073429 0.008070 0.171868
v -0.073081 0.007792 0.171462
v -0.073649 0.007059 0.171514
v -0.073649 0.007059 0.171514
v -0.073127 0.007182 0.171209
v -0.073739 0.006576 0.171172
v -0.073739 0.006576 0.171172
v -0.073302 0.006657 0.170807
v -0.073860 0.006077 0.170739
v -0.073860 0.006077 0.170739
v -0.073491 0.006255 0.170282
v -0.074122 0.005808 0.169899
v -0.074122 0.005808 0.169899
v -0.073691 0.006003 0.169671
v -0.074344 0.005732 0.168926
v -0.074344 0.005732 0.168926
v -0.073875 0.005981 0.169016
v -0.074531 0.005908 0.168298
v -0.074531 0.005908 0.168298
v -0.074029 0.006165 0.168361
v -0.074679 0.006228 0.167726
v -0.074679 0.006228 0.167726
v -0.074149 0.006517 0.167758
v -0.074270 0.007309 0.166957
v -0.074903 0.007118 0.166876
v -0.074903 0.007118 0.166876
v -0.074936 0.007852 0.166682
v -0.074936 0.007852 0.166682
v -0.074271 0.007811 0.166794
v -0.076801 0.007511 0.159210
v -0.076801 0.007511 0.159210
v -0.076468 0.007869 0.159102
v -0.076468 0.007869 0.159102
v -0.076239 0.000000 0.149617
v -0.076666 0.000000 0.149132
v -0.076666 0.000000 0.149132
v -0.076666 0.000000 0.149132
v -0.076189 0.000856 0.149988
v -0.076618 0.000870 0.149505
v -0.076618 0.000870 0.149505
v -0.075833 0.002051 0.152716
v -0.076278 0.002070 0.152227
v -0.073722 0.008026 0.161599
v -0.074116 0.008399 0.161559
v -0.074116 0.008399 0.161559
v -0.074888 0.006592 0.156861
v -0.075335 0.006907 0.156644
v -0.075335 0.006907 0.156644
v -0.072899 0.008026 0.164415
v -0.072899 0.008026 0.164415
v -0.073356 0.008399 0.164045
v -0.073356 0.008399 0.164045
v -0.073356 0.008399 0.164045
v -0.072843 0.009563 0.164415
v -0.073360 0.009642 0.164045
v -0.070205 0.009511 0.174134
v -0.070519 0.009642 0.174484
v -0.070519 0.009642 0.174484
v -0.070437 0.004963 0.175433
v -0.070437 0.004963 0.175433
v -0.070437 0.004963 0.175433
v -0.070755 0.005292 0.175727
v -0.070755 0.005292 0.175727
v -0.070755 0.005292 0.175727
v -0.070755 0.005292 0.175727
v -0.070055 0.004293 0.179455
v -0.070055 0.004293 0.179455
v -0.070431 0.004671 0.179455
v -0.070431 0.004671 0.179455
v -0.070060 0.004945 0.183367
v -0.070060 0.004945 0.183367
v -0.070425 0.005292 0.183184
v -0.070425 0.005292 0.183184
v -0.070061 0.006269 0.184692
v -0.070061 0.006269 0.184692
v -0.070434 0.006535 0.184426
v -0.070434 0.006535 0.184426
v -0.070434 0.000000 0.200203
v -0.070434 0.000000 0.200203
v -0.070061 0.000000 0.199827
v -0.070061 0.000000 0.199827
v -0.070434 0.002392 0.199888
v -0.070434 0.002392 0.199888
v -0.070061 0.002295 0.199525
v -0.070061 0.002295 0.199525
v -0.070434 0.004621 0.198965
v -0.070434 0.004621 0.198965
v -0.070061 0.004433 0.198639
v -0.070061 0.004433 0.198639
v -0.070434 0.006535 0.197496
v -0.070434 0.006535 0.197496
v -0.070061 0.006269 0.197230
v -0.070061 0.006269 0.197230
v -0.070434 0.008003 0.195582
v -0.070434 0.008003 0.195582
v -0.070061 0.007678 0.195394
v -0.070061 0.007678 0.195394
v -0.070434 0.008927 0.193353
v -0.070434 0.008927 0.193353
v -0.070061 0.008564 0.193256
v -0.070061 0.008564 0.193256
v -0.070434 0.009242 0.190961
v -0.070434 0.009242 0.190961
v -0.070061 0.008866 0.190961
v -0.070061 0.008866 0.190961
v -0.070434 0.008927 0.188569
v -0.070434 0.008927 0.188569
v -0.070061 0.008564 0.188667
v -0.070061 0.008564 0.188667
v -0.070434 0.008003 0.186340
v -0.070434 0.008003 0.186340
v -0.070061 0.007678 0.186528
v -0.070061 0.007678 0.186528
v -0.070061 0.004347 0.186614
v -0.070061 0.004347 0.186614
v -0.070434 0.004072 0.186889
v -0.070061 0.000000 0.197098
v -0.070061 0.000000 0.197098
v -0.070434 0.000000 0.196720
v -0.070061 0.001588 0.196889
v -0.070061 0.001588 0.196889
v -0.070434 0.001490 0.196523
v -0.070061 0.003068 0.196276
v -0.070061 0.003068 0.196276
v -0.070434 0.002879 0.195948
v -0.070061 0.004340 0.195301
v -0.070061 0.004340 0.195301
v -0.070434 0.004072 0.195033
v -0.070061 0.005316 0.194030
v -0.070061 0.005316 0.194030
v -0.070434 0.004987 0.193840
v -0.070061 0.005930 0.192550
v -0.070061 0.005930 0.192550
v -0.070434 0.005562 0.192452
v -0.070061 0.006140 0.190961
v -0.070061 0.006140 0.190961
v -0.070434 0.005758 0.190961
v -0.070061 0.005933 0.189372
v -0.070061 0.005933 0.189372
v -0.070434 0.005562 0.189471
v -0.070061 0.005321 0.187889
v -0.070061 0.005321 0.187889
v -0.070434 0.004987 0.188082
v -0.070434 0.002879 0.185974
v -0.070061 0.003135 0.185679
v -0.070061 0.003135 0.185679
v -0.070061 0.001898 0.185161
v -0.070061 0.001898 0.185161
v -0.070434 0.001490 0.185399
v -0.070434 0.000000 0.185203
v -0.070434 0.000000 0.185203
v -0.070061 0.000000 0.184908
v -0.070061 0.000000 0.184908
v -0.070061 0.000000 0.184908
v -0.070061 0.000000 0.184908
v -0.074706 0.007869 0.159102
v -0.074706 0.007869 0.159102
v -0.074280 0.007511 0.159210
v -0.075845 -0.003325 0.164050
v -0.075962 -0.001427 0.164060
v -0.075794 -0.004962 0.164057
v -0.078367 -0.000870 0.149505
v -0.078367 -0.000870 0.149505
v -0.078690 -0.000856 0.149988
v -0.078690 -0.000856 0.149988
v -0.078035 -0.002070 0.152227
v -0.078343 -0.002051 0.152716
v -0.078343 -0.002051 0.152716
v -0.075887 -0.008399 0.161559
v -0.076238 -0.008026 0.161599
v -0.076238 -0.008026 0.161599
v -0.077086 -0.006907 0.156644
v -0.077086 -0.006907 0.156644
v -0.077404 -0.006592 0.156861
v -0.077404 -0.006592 0.156861
v -0.075109 -0.008399 0.164045
v -0.075109 -0.008399 0.164045
v -0.075644 -0.008026 0.164415
v -0.075644 -0.008026 0.164415
v -0.075644 -0.008026 0.164415
v -0.075137 -0.009642 0.164045
v -0.075550 -0.009563 0.164415
v -0.075550 -0.009563 0.164415
v -0.072206 -0.009642 0.174484
v -0.072881 -0.009511 0.174134
v -0.072881 -0.009511 0.174134
v -0.072501 -0.005292 0.175727
v -0.072501 -0.005292 0.175727
v -0.072501 -0.005292 0.175727
v -0.072946 -0.004963 0.175433
v -0.072946 -0.004963 0.175433
v -0.072946 -0.004963 0.175433
v -0.072161 -0.004671 0.179455
v -0.072161 -0.004671 0.179455
v -0.072545 -0.004293 0.179455
v -0.072545 -0.004293 0.179455
v -0.072163 -0.005292 0.183184
v -0.072163 -0.005292 0.183184
v -0.072544 -0.004945 0.183367
v -0.072544 -0.004945 0.183367
v -0.072174 -0.006535 0.184426
v -0.072174 -0.006535 0.184426
v -0.072547 -0.006269 0.184692
v -0.072547 -0.006269 0.184692
v -0.072547 -0.002295 0.199525
v -0.072547 -0.002295 0.199525
v -0.072174 -0.002392 0.199888
v -0.072174 -0.002392 0.199888
v -0.072547 -0.004433 0.198639
v -0.072547 -0.004433 0.198639
v -0.072174 -0.004621 0.198965
v -0.072174 -0.004621 0.198965
v -0.072547 -0.006269 0.197230
v -0.072547 -0.006269 0.197230
v -0.072174 -0.006535 0.197496
v -0.072174 -0.006535 0.197496
v -0.072547 -0.007678 0.195394
v -0.072547 -0.007678 0.195394
v -0.072174 -0.008003 0.195582
v -0.072174 -0.008003 0.195582
v -0.072547 -0.008564 0.193256
v -0.072547 -0.008564 0.193256
v -0.072174 -0.008927 0.193353
v -0.072174 -0.008927 0.193353
v -0.072547 -0.008866 0.190961
v -0.072547 -0.008866 0.190961
v -0.072174 -0.009242 0.190961
v -0.072174 -0.009242 0.190961
v -0.072547 -0.008564 0.188667
v -0.072547 -0.008564 0.188667
v -0.072174 -0.008927 0.188569
v -0.072174 -0.008927 0.188569
v -0.072547 -0.007678 0.186528
v -0.072547 -0.007678 0.186528
v -0.072174 -0.008003 0.186340
v -0.072174 -0.008003 0.186340
v -0.072174 -0.004072 0.186889
v -0.072547 -0.004347 0.186614
v -0.072547 -0.004347 0.186614
v -0.072174 -0.001490 0.196523
v -0.072547 -0.001588 0.196889
v -0.072547 -0.001588 0.196889
v -0.072174 -0.002879 0.195948
v -0.072547 -0.003068 0.196276
v -0.072547 -0.003068 0.196276
v -0.072174 -0.004072 0.195033
v -0.072547 -0.004340 0.195301
v -0.072547 -0.004340 0.195301
v -0.072174 -0.004987 0.193840
v -0.072547 -0.005316 0.194030
v -0.072547 -0.005316 0.194030
v -0.072174 -0.005562 0.192452
v -0.072547 -0.005930 0.192550
v -0.072547 -0.005930 0.192550
v -0.072174 -0.005758 0.190961
v -0.072547 -0.006140 0.190961
v -0.072547 -0.006140 0.190961
v -0.072174 -0.005562 0.189471
v -0.072547 -0.005933 0.189372
v -0.072547 -0.005933 0.189372
v -0.072174 -0.004987 0.188082
v -0.072547 -0.005321 0.187889
v -0.072547 -0.005321 0.187889
v -0.072547 -0.003135 0.185679
v -0.072547 -0.003135 0.185679
v -0.072174 -0.002879 0.185974
v -0.072174 -0.001490 0.185399
v -0.072547 -0.001898 0.185161
v -0.072547 -0.001898 0.185161
v -0.077038 -0.001753 0.158016
v -0.077511 -0.001795 0.157670
v -0.077511 -0.001795 0.157670
v -0.076298 -0.000655 0.162095
v -0.076536 -0.000655 0.162503
v -0.076536 -0.000655 0.162503
v -0.076271 -0.001266 0.161842
v -0.076550 -0.001266 0.162253
v -0.076550 -0.001266 0.162253
v -0.076288 -0.001791 0.161439
v -0.076566 -0.001895 0.161773
v -0.076566 -0.001895 0.161773
v -0.076348 -0.002193 0.160915
v -0.076713 -0.002511 0.160950
v -0.076713 -0.002511 0.160950
v -0.076449 -0.002446 0.160304
v -0.076833 -0.002819 0.160218
v -0.076833 -0.002819 0.160218
v -0.076584 -0.002504 0.159649
v -0.076970 -0.002827 0.159622
v -0.076970 -0.002827 0.159622
v -0.076740 -0.002364 0.158993
v -0.077125 -0.002657 0.158825
v -0.077125 -0.002657 0.158825
v -0.076897 -0.002109 0.158417
v -0.077252 -0.002428 0.158289
v -0.077252 -0.002428 0.158289
v -0.077586 -0.001335 0.157375
v -0.077586 -0.001335 0.157375
v -0.077158 -0.001261 0.157724
v -0.077251 -0.000655 0.157542
v -0.077707 -0.000668 0.157218
v -0.077707 -0.000668 0.157218
v -0.074056 -0.010027 0.167240
v -0.074819 -0.010190 0.167069
v -0.074819 -0.010190 0.167069
v -0.073426 -0.008599 0.171922
v -0.073426 -0.008599 0.171922
v -0.072929 -0.008448 0.171548
v -0.073033 -0.009103 0.171462
v -0.073436 -0.009155 0.171803
v -0.073436 -0.009155 0.171803
v -0.073033 -0.009714 0.171209
v -0.073660 -0.010129 0.171405
v -0.073660 -0.010129 0.171405
v -0.073176 -0.010240 0.170807
v -0.073706 -0.010558 0.171067
v -0.073706 -0.010558 0.171067
v -0.073331 -0.010648 0.170282
v -0.073847 -0.010894 0.170618
v -0.073847 -0.010894 0.170618
v -0.073478 -0.010902 0.169671
v -0.073967 -0.011112 0.170084
v -0.073967 -0.011112 0.170084
v -0.073639 -0.010967 0.169016
v -0.074241 -0.011282 0.169016
v -0.074241 -0.011282 0.169016
v -0.073805 -0.010824 0.168361
v -0.074504 -0.011030 0.168006
v -0.074504 -0.011030 0.168006
v -0.073949 -0.010516 0.167752
v -0.074659 -0.010676 0.167495
v -0.074659 -0.010676 0.167495
v -0.074888 -0.009697 0.166792
v -0.074888 -0.009697 0.166792
v -0.074126 -0.009515 0.166923
v -0.074182 -0.009046 0.166768
v -0.074932 -0.009049 0.166659
v -0.074932 -0.009049 0.166659
v -0.074243 -0.008448 0.166764
v -0.074942 -0.008445 0.166622
v -0.074942 -0.008445 0.166622
v -0.074801 -0.006598 0.167290
v -0.074801 -0.006598 0.167290
v -0.074230 -0.006898 0.167273
v -0.073429 -0.008070 0.171868
v -0.073429 -0.008070 0.171868
v -0.073081 -0.007792 0.171462
v -0.073649 -0.007059 0.171514
v -0.073649 -0.007059 0.171514
v -0.073127 -0.007182 0.171209
v -0.073739 -0.006576 0.171172
v -0.073739 -0.006576 0.171172
v -0.073302 -0.006657 0.170807
v -0.073860 -0.006077 0.170739
v -0.073860 -0.006077 0.170739
v -0.073491 -0.006255 0.170282
v -0.074122 -0.005808 0.169899
v -0.074122 -0.005808 0.169899
v -0.073691 -0.006003 0.169671
v -0.074344 -0.005732 0.168926
v -0.074344 -0.005732 0.168926
v -0.073875 -0.005981 0.169016
v -0.074531 -0.005908 0.168298
v -0.074531 -0.005908 0.168298
v -0.074029 -0.006165 0.168361
v -0.074679 -0.006228 0.167726
v -0.074679 -0.006228 0.167726
v -0.074149 -0.006517 0.167758
v -0.074270 -0.007309 0.166957
v -0.074903 -0.007118 0.166876
v -0.074903 -0.007118 0.166876
v -0.074936 -0.007852 0.166682
v -0.074936 -0.007852 0.166682
v -0.074271 -0.007811 0.166794
v -0.076801 -0.007511 0.159210
v -0.076801 -0.007511 0.159210
v -0.076468 -0.007869 0.159102
v -0.076468 -0.007869 0.159102
v -0.076189 -0.000856 0.149988
v -0.076618 -0.000870 0.149505
v -0.076618 -0.000870 0.149505
v -0.075833 -0.002051 0.152716
v -0.076278 -0.002070 0.152227
v -0.073722 -0.008026 0.161599
v -0.074116 -0.008399 0.161559
v -0.074116 -0.008399 0.161559
v -0.074888 -0.006592 0.156861
v -0.075335 -0.006907 0.156644
v -0.075335 -0.006907 0.156644
v -0.072899 -0.008026 0.164415
v -0.072899 -0.008026 0.164415
v -0.073356 -0.008399 0.164045
v -0.073356 -0.008399 0.164045
v -0.073356 -0.008399 0.164045
v -0.072843 -0.009563 0.164415
v -0.073360 -0.009642 0.164045
v -0.070205 -0.009511 0.174134
v -0.070519 -0.009642 0.174484
v -0.070519 -0.009642 0.174484
v -0.070437 -0.004963 0.175433
v -0.070437 -0.004963 0.175433
v -0.070437 -0.004963 0.175433
v -0.070755 -0.005292 0.175727
v -0.070755 -0.005292 0.175727
v -0.070755 -0.005292 0.175727
v -0.070755 -0.005292 0.175727
v -0.070055 -0.004293 0.179455
v -0.070055 -0.004293 0.179455
v -0.070431 -0.004671 0.179455
v -0.070431 -0.004671 0.179455
v -0.070060 -0.004945 0.183367
v -0.070060 -0.004945 0.183367
v -0.070425 -0.005292 0.183184
v -0.070425 -0.005292 0.183184
v -0.070061 -0.006269 0.184692
v -0.070061 -0.006269 0.184692
v -0.070434 -0.006535 0.184426
v -0.070434 -0.006535 0.184426
v -0.070434 -0.002392 0.199888
v -0.070434 -0.002392 0.199888
v -0.070061 -0.002295 0.199525
v -0.070061 -0.002295 0.199525
v -0.070434 -0.004621 0.198965
v -0.070434 -0.004621 0.198965
v -0.070061 -0.004433 0.198639
v -0.070061 -0.004433 0.198639
v -0.070434 -0.006535 0.197496
v -0.070434 -0.006535 0.197496
v -0.070061 -0.006269 0.197230
v -0.070061 -0.006269 0.197230
v -0.070434 -0.008003 0.195582
v -0.070434 -0.008003 0.195582
v -0.070061 -0.007678 0.195394
v -0.070061 -0.007678 0.195394
v -0.070434 -0.008927 0.193353
v -0.070434 -0.008927 0.193353
v -0.070061 -0.008564 0.193256
v -0.070061 -0.008564 0.193256
v -0.070434 -0.009242 0.190961
v -0.070434 -0.009242 0.190961
v -0.070061 -0.008866 0.190961
v -0.070061 -0.008866 0.190961
v -0.070434 -0.008927 0.188569
v -0.070434 -0.008927 0.188569
v -0.070061 -0.008564 0.188667
v -0.070061 -0.008564 0.188667
v -0.070434 -0.008003 0.186340
v -0.070434 -0.008003 0.186340
v -0.070061 -0.007678 0.186528
v -0.070061 -0.007678 0.186528
v -0.070061 -0.004347 0.186614
v -0.070061 -0.004347 0.186614
v -0.070434 -0.004072 0.186889
v -0.070061 -0.001588 0.196889
v -0.070061 -0.001588 0.196889
v -0.070434 -0.001490 0.196523
v -0.070061 -0.003068 0.196276
v -0.070061 -0.003068 0.196276
v -0.070434 -0.002879 0.195948
v -0.070061 -0.004340 0.195301
v -0.070061 -0.004340 0.195301
v -0.070434 -0.004072 0.195033
v -0.070061 -0.005316 0.194030
v -0.070061 -0.005316 0.194030
v -0.070434 -0.004987 0.193840
v -0.070061 -0.005930 0.192550
v -0.070061 -0.005930 0.192550
v -0.070434 -0.005562 0.192452
v -0.070061 -0.006140 0.190961
v -0.070061 -0.006140 0.190961
v -0.070434 -0.005758 0.190961
v -0.070061 -0.005933 0.189372
v -0.070061 -0.005933 0.189372
v -0.070434 -0.005562 0.189471
v -0.070061 -0.005321 0.187889
v -0.070061 -0.005321 0.187889
v -0.070434 -0.004987 0.188082
v -0.070434 -0.002879 0.185974
v -0.070061 -0.003135 0.185679
v -0.070061 -0.003135 0.185679
v -0.070061 -0.001898 0.185161
v -0.070061 -0.001898 0.185161
v -0.070434 -0.001490 0.185399
v -0.074706 -0.007869 0.159102
v -0.074706 -0.007869 0.159102
v -0.074280 -0.007511 0.159210
v -0.073034 0.014253 0.170095
v -0.073642 0.014260 0.167959
v -0.073737 0.013917 0.170123
v -0.073737 0.013917 0.170123
v -0.074240 0.013867 0.167957
v -0.074240 0.013867 0.167957
v -0.071501 0.013869 0.167963
v -0.070799 0.013859 0.170099
v -0.071940 0.014262 0.167965
v -0.071228 0.014252 0.170097
v -0.071228 0.014252 0.170097
v -0.073642 -0.014260 0.167959
v -0.073034 -0.014253 0.170095
v -0.074240 -0.013867 0.167957
v -0.074240 -0.013867 0.167957
v -0.073737 -0.013917 0.170123
v -0.073737 -0.013917 0.170123
v -0.070799 -0.013859 0.170099
v -0.071501 -0.013869 0.167963
v -0.071228 -0.014252 0.170097
v -0.071228 -0.014252 0.170097
v -0.071940 -0.014262 0.167965
v -0.074284 0.013671 0.166192
v -0.074743 0.012444 0.164979
v -0.074743 0.012444 0.164979
v -0.074755 0.013378 0.166491
v -0.074755 0.013378 0.166491
v -0.075199 0.012150 0.165277
v -0.075199 0.012150 0.165277
v -0.072645 0.012159 0.165280
v -0.072163 0.013380 0.166497
v -0.073227 0.012446 0.164980
v -0.072761 0.013673 0.166197
v -0.074743 -0.012444 0.164979
v -0.074743 -0.012444 0.164979
v -0.074284 -0.013671 0.166192
v -0.075199 -0.012150 0.165277
v -0.075199 -0.012150 0.165277
v -0.074755 -0.013378 0.166491
v -0.074755 -0.013378 0.166491
v -0.072163 -0.013380 0.166497
v -0.072645 -0.012159 0.165280
v -0.072761 -0.013673 0.166197
v -0.073227 -0.012446 0.164980
v -0.072409 0.012376 0.173208
v -0.072698 0.013716 0.171708
v -0.073150 0.012100 0.172968
v -0.073150 0.012100 0.172968
v -0.073439 0.013437 0.171468
v -0.073439 0.013437 0.171468
v -0.070518 0.013411 0.171441
v -0.070275 0.012073 0.172938
v -0.070893 0.013715 0.171710
v -0.070893 0.013715 0.171710
v -0.070636 0.012375 0.173209
v -0.070636 0.012375 0.173209
v -0.072698 -0.013716 0.171708
v -0.072409 -0.012376 0.173208
v -0.073439 -0.013437 0.171468
v -0.073439 -0.013437 0.171468
v -0.073150 -0.012100 0.172968
v -0.073150 -0.012100 0.172968
v -0.070275 -0.012073 0.172938
v -0.070518 -0.013411 0.171441
v -0.070636 -0.012375 0.173209
v -0.070636 -0.012375 0.173209
v -0.070893 -0.013715 0.171710
v -0.070893 -0.013715 0.171710
v -0.074735 0.003073 0.167756
v -0.073032 0.002545 0.175597
v -0.072596 0.002027 0.183259
v -0.072760 0.002283 0.179467
v -0.074193 0.002924 0.169973
v -0.074735 -0.003073 0.167756
v -0.073032 -0.002545 0.175597
v -0.072760 -0.002283 0.179467
v -0.074193 -0.002924 0.169973
v -0.072596 -0.002027 0.183259
v -0.074803 0.000000 0.167775
v -0.074193 0.000000 0.169973
v -0.070039 -0.002283 0.179455
v -0.070061 -0.002027 0.183259
v -0.070385 -0.002545 0.175576
v -0.070061 0.002027 0.183259
v -0.070385 0.002545 0.175576
v -0.070039 0.002283 0.179455
v 0.085008 -0.000000 0.164046
v 0.082041 -0.000000 0.175597
v 0.081769 -0.000000 0.179467
v 0.081605 -0.000000 0.183259
v 0.084854 0.003325 0.164050
v 0.084971 0.001427 0.164060
v 0.084803 0.004962 0.164057
v 0.079339 -0.000000 0.175727
v 0.079339 -0.000000 0.175727
v 0.079031 -0.000000 0.179455
v 0.079031 -0.000000 0.179455
v 0.079071 -0.000000 0.183184
v 0.079071 -0.000000 0.183184
v 0.087423 -0.000000 0.149132
v 0.087423 -0.000000 0.149132
v 0.087423 -0.000000 0.149132
v 0.087748 -0.000000 0.149617
v 0.087748 -0.000000 0.149617
v 0.087376 0.000870 0.149505
v 0.087376 0.000870 0.149505
v 0.087699 0.000856 0.149988
v 0.087699 0.000856 0.149988
v 0.087044 0.002070 0.152227
v 0.087352 0.002051 0.152716
v 0.087352 0.002051 0.152716
v 0.084896 0.008399 0.161559
v 0.085247 0.008026 0.161599
v 0.085247 0.008026 0.161599
v 0.086095 0.006907 0.156644
v 0.086095 0.006907 0.156644
v 0.086413 0.006592 0.156861
v 0.086413 0.006592 0.156861
v 0.084118 0.008399 0.164045
v 0.084118 0.008399 0.164045
v 0.084653 0.008026 0.164415
v 0.084653 0.008026 0.164415
v 0.084653 0.008026 0.164415
v 0.084147 0.009642 0.164045
v 0.084559 0.009563 0.164415
v 0.084559 0.009563 0.164415
v 0.081215 0.009642 0.174484
v 0.081890 0.009511 0.174134
v 0.081890 0.009511 0.174134
v 0.081510 0.005292 0.175727
v 0.081510 0.005292 0.175727
v 0.081510 0.005292 0.175727
v 0.081955 0.004963 0.175433
v 0.081955 0.004963 0.175433
v 0.081955 0.004963 0.175433
v 0.081170 0.004671 0.179455
v 0.081170 0.004671 0.179455
v 0.081554 0.004293 0.179455
v 0.081554 0.004293 0.179455
v 0.081172 0.005292 0.183184
v 0.081172 0.005292 0.183184
v 0.081553 0.004945 0.183367
v 0.081553 0.004945 0.183367
v 0.081183 0.006535 0.184426
v 0.081183 0.006535 0.184426
v 0.081556 0.006269 0.184692
v 0.081556 0.006269 0.184692
v 0.081556 -0.000000 0.199827
v 0.081556 -0.000000 0.199827
v 0.081183 -0.000000 0.200203
v 0.081183 -0.000000 0.200203
v 0.081556 0.002295 0.199525
v 0.081556 0.002295 0.199525
v 0.081183 0.002392 0.199888
v 0.081183 0.002392 0.199888
v 0.081556 0.004433 0.198639
v 0.081556 0.004433 0.198639
v 0.081183 0.004621 0.198965
v 0.081183 0.004621 0.198965
v 0.081556 0.006269 0.197230
v 0.081556 0.006269 0.197230
v 0.081183 0.006535 0.197496
v 0.081183 0.006535 0.197496
v 0.081556 0.007678 0.195394
v 0.081556 0.007678 0.195394
v 0.081183 0.008003 0.195582
v 0.081183 0.008003 0.195582
v 0.081556 0.008564 0.193256
v 0.081556 0.008564 0.193256
v 0.081183 0.008927 0.193353
v 0.081183 0.008927 0.193353
v 0.081556 0.008866 0.190961
v 0.081556 0.008866 0.190961
v 0.081183 0.009242 0.190961
v 0.081183 0.009242 0.190961
v 0.081556 0.008564 0.188667
v 0.081556 0.008564 0.188667
v 0.081183 0.008927 0.188569
v 0.081183 0.008927 0.188569
v 0.081556 0.007678 0.186528
v 0.081556 0.007678 0.186528
v 0.081183 0.008003 0.186340
v 0.081183 0.008003 0.186340
v 0.081183 0.004072 0.186889
v 0.081556 0.004347 0.186614
v 0.081556 0.004347 0.186614
v 0.081183 -0.000000 0.196720
v 0.081556 -0.000000 0.197098
v 0.081556 -0.000000 0.197098
v 0.081183 0.001490 0.196523
v 0.081556 0.001588 0.196889
v 0.081556 0.001588 0.196889
v 0.081183 0.002879 0.195948
v 0.081556 0.003068 0.196276
v 0.081556 0.003068 0.196276
v 0.081183 0.004072 0.195033
v 0.081556 0.004340 0.195301
v 0.081556 0.004340 0.195301
v 0.081183 0.004987 0.193840
v 0.081556 0.005316 0.194030
v 0.081556 0.005316 0.194030
v 0.081183 0.005562 0.192452
v 0.081556 0.005930 0.192550
v 0.081556 0.005930 0.192550
v 0.081183 0.005758 0.190961
v 0.081556 0.006140 0.190961
v 0.081556 0.006140 0.190961
v 0.081183 0.005562 0.189471
v 0.081556 0.005933 0.189372
v 0.081556 0.005933 0.189372
v 0.081183 0.004987 0.188082
v 0.081556 0.005321 0.187889
v 0.081556 0.005321 0.187889
v 0.081556 0.003135 0.185679
v 0.081556 0.003135 0.185679
v 0.081183 0.002879 0.185974
v 0.081183 0.001490 0.185399
v 0.081556 0.001898 0.185161
v 0.081556 0.001898 0.185161
v 0.081556 -0.000000 0.184908
v 0.081556 -0.000000 0.184908
v 0.081183 -0.000000 0.185203
v 0.086048 0.001753 0.158016
v 0.086520 0.001795 0.157670
v 0.086520 0.001795 0.157670
v 0.085374 -0.000000 0.162181
v 0.085550 -0.000000 0.162588
v 0.085550 -0.000000 0.162588
v 0.085307 0.000655 0.162095
v 0.085545 0.000655 0.162503
v 0.085545 0.000655 0.162503
v 0.085280 0.001266 0.161842
v 0.085559 0.001266 0.162253
v 0.085559 0.001266 0.162253
v 0.085297 0.001791 0.161439
v 0.085575 0.001895 0.161773
v 0.085575 0.001895 0.161773
v 0.085357 0.002193 0.160915
v 0.085722 0.002511 0.160950
v 0.085722 0.002511 0.160950
v 0.085458 0.002446 0.160304
v 0.085842 0.002819 0.160218
v 0.085842 0.002819 0.160218
v 0.085593 0.002504 0.159649
v 0.085980 0.002827 0.159622
v 0.085980 0.002827 0.159622
v 0.085749 0.002364 0.158993
v 0.086134 0.002657 0.158825
v 0.086134 0.002657 0.158825
v 0.085906 0.002109 0.158417
v 0.086261 0.002428 0.158289
v 0.086261 0.002428 0.158289
v 0.086595 0.001335 0.157375
v 0.086595 0.001335 0.157375
v 0.086167 0.001261 0.157724
v 0.086260 0.000655 0.157542
v 0.086716 0.000668 0.157218
v 0.086716 0.000668 0.157218
v 0.086734 -0.000000 0.157110
v 0.086734 -0.000000 0.157110
v 0.086321 -0.000000 0.157455
v 0.083065 0.010027 0.167240
v 0.083828 0.010190 0.167069
v 0.083828 0.010190 0.167069
v 0.082435 0.008599 0.171922
v 0.082435 0.008599 0.171922
v 0.081938 0.008448 0.171548
v 0.082042 0.009103 0.171462
v 0.082445 0.009155 0.171803
v 0.082445 0.009155 0.171803
v 0.082042 0.009714 0.171209
v 0.082669 0.010129 0.171405
v 0.082669 0.010129 0.171405
v 0.082185 0.010240 0.170807
v 0.082715 0.010558 0.171067
v 0.082715 0.010558 0.171067
v 0.082340 0.010648 0.170282
v 0.082856 0.010894 0.170618
v 0.082856 0.010894 0.170618
v 0.082487 0.010902 0.169671
v 0.082977 0.011112 0.170084
v 0.082977 0.011112 0.170084
v 0.082648 0.010967 0.169016
v 0.083250 0.011282 0.169016
v 0.083250 0.011282 0.169016
v 0.082814 0.010824 0.168361
v 0.083514 0.011030 0.168006
v 0.083514 0.011030 0.168006
v 0.082958 0.010516 0.167752
v 0.083668 0.010676 0.167495
v 0.083668 0.010676 0.167495
v 0.083898 0.009697 0.166792
v 0.083898 0.009697 0.166792
v 0.083135 0.009515 0.166923
v 0.083192 0.009046 0.166768
v 0.083941 0.009049 0.166659
v 0.083941 0.009049 0.166659
v 0.083252 0.008448 0.166764
v 0.083951 0.008445 0.166622
v 0.083951 0.008445 0.166622
v 0.083810 0.006598 0.167290
v 0.083810 0.006598 0.167290
v 0.083239 0.006898 0.167273
v 0.082438 0.008070 0.171868
v 0.082438 0.008070 0.171868
v 0.082090 0.007792 0.171462
v 0.082658 0.007059 0.171514
v 0.082658 0.007059 0.171514
v 0.082136 0.007182 0.171209
v 0.082748 0.006576 0.171172
v 0.082748 0.006576 0.171172
v 0.082311 0.006657 0.170807
v 0.082869 0.006077 0.170739
v 0.082869 0.006077 0.170739
v 0.082500 0.006255 0.170282
v 0.083131 0.005808 0.169899
v 0.083131 0.005808 0.169899
v 0.082701 0.006003 0.169671
v 0.083353 0.005732 0.168926
v 0.083353 0.005732 0.168926
v 0.082884 0.005981 0.169016
v 0.083540 0.005908 0.168298
v 0.083540 0.005908 0.168298
v 0.083038 0.006165 0.168361
v 0.083688 0.006228 0.167726
v 0.083688 0.006228 0.167726
v 0.083158 0.006517 0.167758
v 0.083279 0.007309 0.166957
v 0.083912 0.007118 0.166876
v 0.083912 0.007118 0.166876
v 0.083945 0.007852 0.166682
v 0.083945 0.007852 0.166682
v 0.083281 0.007811 0.166794
v 0.085810 0.007511 0.159210
v 0.085810 0.007511 0.159210
v 0.085477 0.007869 0.159102
v 0.085477 0.007869 0.159102
v 0.085248 -0.000000 0.149617
v 0.085675 -0.000000 0.149132
v 0.085675 -0.000000 0.149132
v 0.085675 -0.000000 0.149132
v 0.085198 0.000856 0.149988
v 0.085627 0.000870 0.149505
v 0.085627 0.000870 0.149505
v 0.084843 0.002051 0.152716
v 0.085287 0.002070 0.152227
v 0.082731 0.008026 0.161599
v 0.083125 0.008399 0.161559
v 0.083125 0.008399 0.161559
v 0.083898 0.006592 0.156861
v 0.084344 0.006907 0.156644
v 0.084344 0.006907 0.156644
v 0.081908 0.008026 0.164415
v 0.081908 0.008026 0.164415
v 0.082365 0.008399 0.164045
v 0.082365 0.008399 0.164045
v 0.082365 0.008399 0.164045
v 0.081853 0.009563 0.164415
v 0.082369 0.009642 0.164045
v 0.079215 0.009511 0.174134
v 0.079528 0.009642 0.174484
v 0.079528 0.009642 0.174484
v 0.079446 0.004963 0.175433
v 0.079446 0.004963 0.175433
v 0.079446 0.004963 0.175433
v 0.079764 0.005292 0.175727
v 0.079764 0.005292 0.175727
v 0.079764 0.005292 0.175727
v 0.079764 0.005292 0.175727
v 0.079064 0.004293 0.179455
v 0.079064 0.004293 0.179455
v 0.079440 0.004671 0.179455
v 0.079440 0.004671 0.179455
v 0.079069 0.004945 0.183367
v 0.079069 0.004945 0.183367
v 0.079434 0.005292 0.183184
v 0.079434 0.005292 0.183184
v 0.079070 0.006269 0.184692
v 0.079070 0.006269 0.184692
v 0.079443 0.006535 0.184426
v 0.079443 0.006535 0.184426
v 0.079443 -0.000000 0.200203
v 0.079443 -0.000000 0.200203
v 0.079071 -0.000000 0.199827
v 0.079071 -0.000000 0.199827
v 0.079443 0.002392 0.199888
v 0.079443 0.002392 0.199888
v 0.079071 0.002295 0.199525
v 0.079071 0.002295 0.199525
v 0.079443 0.004621 0.198965
v 0.079443 0.004621 0.198965
v 0.079071 0.004433 0.198639
v 0.079071 0.004433 0.198639
v 0.079443 0.006535 0.197496
v 0.079443 0.006535 0.197496
v 0.079071 0.006269 0.197230
v 0.079071 0.006269 0.197230
v 0.079443 0.008003 0.195582
v 0.079443 0.008003 0.195582
v 0.079071 0.007678 0.195394
v 0.079071 0.007678 0.195394
v 0.079443 0.008927 0.193353
v 0.079443 0.008927 0.193353
v 0.079071 0.008564 0.193256
v 0.079071 0.008564 0.193256
v 0.079443 0.009242 0.190961
v 0.079443 0.009242 0.190961
v 0.079071 0.008866 0.190961
v 0.079071 0.008866 0.190961
v 0.079443 0.008927 0.188569
v 0.079443 0.008927 0.188569
v 0.079071 0.008564 0.188667
v 0.079071 0.008564 0.188667
v 0.079443 0.008003 0.186340
v 0.079443 0.008003 0.186340
v 0.079071 0.007678 0.186528
v 0.079071 0.007678 0.186528
v 0.079070 0.004347 0.186614
v 0.079070 0.004347 0.186614
v 0.079443 0.004072 0.186889
v 0.079071 -0.000000 0.197098
v 0.079071 -0.000000 0.197098
v 0.079443 -0.000000 0.196720
v 0.079071 0.001588 0.196889
v 0.079071 0.001588 0.196889
v 0.079443 0.001490 0.196523
v 0.079071 0.003068 0.196276
v 0.079071 0.003068 0.196276
v 0.079443 0.002879 0.195948
v 0.079071 0.004340 0.195301
v 0.079071 0.004340 0.195301
v 0.079443 0.004072 0.195033
v 0.079071 0.005316 0.194030
v 0.079071 0.005316 0.194030
v 0.079443 0.004987 0.193840
v 0.079071 0.005930 0.192550
v 0.079071 0.005930 0.192550
v 0.079443 0.005562 0.192452
v 0.079071 0.006140 0.190961
v 0.079071 0.006140 0.190961
v 0.079443 0.005758 0.190961
v 0.079071 0.005933 0.189372
v 0.079071 0.005933 0.189372
v 0.079443 0.005562 0.189471
v 0.079071 0.005321 0.187889
v 0.079071 0.005321 0.187889
v 0.079443 0.004987 0.188082
v 0.079443 0.002879 0.185974
v 0.079071 0.003135 0.185679
v 0.079071 0.003135 0.185679
v 0.079071 0.001898 0.185161
v 0.079071 0.001898 0.185161
v 0.079443 0.001490 0.185399
v 0.079443 -0.000000 0.185203
v 0.079443 -0.000000 0.185203
v 0.079071 -0.000000 0.184908
v 0.079071 -0.000000 0.184908
v 0.079071 -0.000000 0.184908
v 0.079071 -0.000000 0.184908
v 0.083715 0.007869 0.159102
v 0.083715 0.007869 0.159102
v 0.083289 0.007511 0.159210
v 0.084854 -0.003325 0.164050
v 0.084971 -0.001427 0.164060
v 0.084803 -0.004962 0.164057
v 0.087376 -0.000870 0.149505
v 0.087376 -0.000870 0.149505
v 0.087699 -0.000856 0.149988
v 0.087699 -0.000856 0.149988
v 0.087044 -0.002070 0.152227
v 0.087352 -0.002051 0.152716
v 0.087352 -0.002051 0.152716
v 0.084896 -0.008399 0.161559
v 0.085247 -0.008026 0.161599
v 0.085247 -0.008026 0.161599
v 0.086095 -0.006907 0.156644
v 0.086095 -0.006907 0.156644
v 0.086413 -0.006592 0.156861
v 0.086413 -0.006592 0.156861
v 0.084118 -0.008399 0.164045
v 0.084118 -0.008399 0.164045
v 0.084653 -0.008026 0.164415
v 0.084653 -0.008026 0.164415
v 0.084653 -0.008026 0.164415
v 0.084147 -0.009642 0.164045
v 0.084559 -0.009563 0.164415
v 0.084559 -0.009563 0.164415
v 0.081215 -0.009642 0.174484
v 0.081890 -0.009511 0.174134
v 0.081890 -0.009511 0.174134
v 0.081510 -0.005292 0.175727
v 0.081510 -0.005292 0.175727
v 0.081510 -0.005292 0.175727
v 0.081955 -0.004963 0.175433
v 0.081955 -0.004963 0.175433
v 0.081955 -0.004963 0.175433
v 0.081170 -0.004671 0.179455
v 0.081170 -0.004671 0.179455
v 0.081554 -0.004293 0.179455
v 0.081554 -0.004293 0.179455
v 0.081172 -0.005292 0.183184
v 0.081172 -0.005292 0.183184
v 0.081553 -0.004945 0.183367
v 0.081553 -0.004945 0.183367
v 0.081183 -0.006535 0.184426
v 0.081183 -0.006535 0.184426
v 0.081556 -0.006269 0.184692
v 0.081556 -0.006269 0.184692
v 0.081556 -0.002295 0.199525
v 0.081556 -0.002295 0.199525
v 0.081183 -0.002392 0.199888
v 0.081183 -0.002392 0.199888
v 0.081556 -0.004433 0.198639
v 0.081556 -0.004433 0.198639
v 0.081183 -0.004621 0.198965
v 0.081183 -0.004621 0.198965
v 0.081556 -0.006269 0.197230
v 0.081556 -0.006269 0.197230
v 0.081183 -0.006535 0.197496
v 0.081183 -0.006535 0.197496
v 0.081556 -0.007678 0.195394
v 0.081556 -0.007678 0.195394
v 0.081183 -0.008003 0.195582
v 0.081183 -0.008003 0.195582
v 0.081556 -0.008564 0.193256
v 0.081556 -0.008564 0.193256
v 0.081183 -0.008927 0.193353
v 0.081183 -0.008927 0.193353
v 0.081556 -0.008866 0.190961
v 0.081556 -0.008866 0.190961
v 0.081183 -0.009242 0.190961
v 0.081183 -0.009242 0.190961
v 0.081556 -0.008564 0.188667
v 0.081556 -0.008564 0.188667
v 0.081183 -0.008927 0.188569
v 0.081183 -0.008927 0.188569
v 0.081556 -0.007678 0.186528
v 0.081556 -0.007678 0.186528
v 0.081183 -0.008003 0.186340
v 0.081183 -0.008003 0.186340
v 0.081183 -0.004072 0.186889
v 0.081556 -0.004347 0.186614
v 0.081556 -0.004347 0.186614
v 0.081183 -0.001490 0.196523
v 0.081556 -0.001588 0.196889
v 0.081556 -0.001588 0.196889
v 0.081183 -0.002879 0.195948
v 0.081556 -0.003068 0.196276
v 0.081556 -0.003068 0.196276
v 0.081183 -0.004072 0.195033
v 0.081556 -0.004340 0.195301
v 0.081556 -0.004340 0.195301
v 0.081183 -0.004987 0.193840
v 0.081556 -0.005316 0.194030
v 0.081556 -0.005316 0.194030
v 0.081183 -0.005562 0.192452
v 0.081556 -0.005930 0.192550
v 0.081556 -0.005930 0.192550
v 0.081183 -0.005758 0.190961
v 0.081556 -0.006140 0.190961
v 0.081556 -0.006140 0.190961
v 0.081183 -0.005562 0.189471
v 0.081556 -0.005933 0.189372
v 0.081556 -0.005933 0.189372
v 0.081183 -0.004987 0.188082
v 0.081556 -0.005321 0.187889
v 0.081556 -0.005321 0.187889
v 0.081556 -0.003135 0.185679
v 0.081556 -0.003135 0.185679
v 0.081183 -0.002879 0.185974
v 0.081183 -0.001490 0.185399
v 0.081556 -0.001898 0.185161
v 0.081556 -0.001898 0.185161
v 0.086048 -0.001753 0.158016
v 0.086520 -0.001795 0.157670
v 0.086520 -0.001795 0.157670
v 0.085307 -0.000655 0.162095
v 0.085545 -0.000655 0.162503
v 0.085545 -0.000655 0.162503
v 0.085280 -0.001266 0.161842
v 0.085559 -0.001266 0.162253
v 0.085559 -0.001266 0.162253
v 0.085297 -0.001791 0.161439
v 0.085575 -0.001895 0.161773
v 0.085575 -0.001895 0.161773
v 0.085357 -0.002193 0.160915
v 0.085722 -0.002511 0.160950
v 0.085722 -0.002511 0.160950
v 0.085458 -0.002446 0.160304
v 0.085842 -0.002819 0.160218
v 0.085842 -0.002819 0.160218
v 0.085593 -0.002504 0.159649
v 0.085980 -0.002827 0.159622
v 0.085980 -0.002827 0.159622
v 0.085749 -0.002364 0.158993
v 0.086134 -0.002657 0.158825
v 0.086134 -0.002657 0.158825
v 0.085906 -0.002109 0.158417
v 0.086261 -0.002428 0.158289
v 0.086261 -0.002428 0.158289
v 0.086595 -0.001335 0.157375
v 0.086595 -0.001335 0.157375
v 0.086167 -0.001261 0.157724
v 0.086260 -0.000655 0.157542
v 0.086716 -0.000668 0.157218
v 0.086716 -0.000668 0.157218
v 0.083065 -0.010027 0.167240
v 0.083828 -0.010190 0.167069
v 0.083828 -0.010190 0.167069
v 0.082435 -0.008599 0.171922
v 0.082435 -0.008599 0.171922
v 0.081938 -0.008448 0.171548
v 0.082042 -0.009103 0.171462
v 0.082445 -0.009155 0.171803
v 0.082445 -0.009155 0.171803
v 0.082042 -0.009714 0.171209
v 0.082669 -0.010129 0.171405
v 0.082669 -0.010129 0.171405
v 0.082185 -0.010240 0.170807
v 0.082715 -0.010558 0.171067
v 0.082715 -0.010558 0.171067
v 0.082340 -0.010648 0.170282
v 0.082856 -0.010894 0.170618
v 0.082856 -0.010894 0.170618
v 0.082487 -0.010902 0.169671
v 0.082977 -0.011112 0.170084
v 0.082977 -0.011112 0.170084
v 0.082648 -0.010967 0.169016
v 0.083250 -0.011282 0.169016
v 0.083250 -0.011282 0.169016
v 0.082814 -0.010824 0.168361
v 0.083514 -0.011030 0.168006
v 0.083514 -0.011030 0.168006
v 0.082958 -0.010516 0.167752
v 0.083668 -0.010676 0.167495
v 0.083668 -0.010676 0.167495
v 0.083898 -0.009697 0.166792
v 0.083898 -0.009697 0.166792
v 0.083135 -0.009515 0.166923
v 0.083192 -0.009046 0.166768
v 0.083941 -0.009049 0.166659
v 0.083941 -0.009049 0.166659
v 0.083252 -0.008448 0.166764
v 0.083951 -0.008445 0.166622
v 0.083951 -0.008445 0.166622
v 0.083810 -0.006598 0.167290
v 0.083810 -0.006598 0.167290
v 0.083239 -0.006898 0.167273
v 0.082438 -0.008070 0.171868
v 0.082438 -0.008070 0.171868
v 0.082090 -0.007792 0.171462
v 0.082658 -0.007059 0.171514
v 0.082658 -0.007059 0.171514
v 0.082136 -0.007182 0.171209
v 0.082748 -0.006576 0.171172
v 0.082748 -0.006576 0.171172
v 0.082311 -0.006657 0.170807
v 0.082869 -0.006077 0.170739
v 0.082869 -0.006077 0.170739
v 0.082500 -0.006255 0.170282
v 0.083131 -0.005808 0.169899
v 0.083131 -0.005808 0.169899
v 0.082701 -0.006003 0.169671
v 0.083353 -0.005732 0.168926
v 0.083353 -0.005732 0.168926
v 0.082884 -0.005981 0.169016
v 0.083540 -0.005908 0.168298
v 0.083540 -0.005908 0.168298
v 0.083038 -0.006165 0.168361
v 0.083688 -0.006228 0.167726
v 0.083688 -0.006228 0.167726
v 0.083158 -0.006517 0.167758
v 0.083279 -0.007309 0.166957
v 0.083912 -0.007118 0.166876
v 0.083912 -0.007118 0.166876
v 0.083945 -0.007852 0.166682
v 0.083945 -0.007852 0.166682
v 0.083281 -0.007811 0.166794
v 0.085810 -0.007511 0.159210
v 0.085810 -0.007511 0.159210
v 0.085477 -0.007869 0.159102
v 0.085477 -0.007869 0.159102
v 0.085198 -0.000856 0.149988
v 0.085627 -0.000870 0.149505
v 0.085627 -0.000870 0.149505
v 0.084843 -0.002051 0.152716
v 0.085287 -0.002070 0.152227
v 0.082731 -0.008026 0.161599
v 0.083125 -0.008399 0.161559
v 0.083125 -0.008399 0.161559
v 0.083898 -0.006592 0.156861
v 0.084344 -0.006907 0.156644
v 0.084344 -0.006907 0.156644
v 0.081908 -0.008026 0.164415
v 0.081908 -0.008026 0.164415
v 0.082365 -0.008399 0.164045
v 0.082365 -0.008399 0.164045
v 0.082365 -0.008399 0.164045
v 0.081853 -0.009563 0.164415
v 0.082369 -0.009642 0.164045
v 0.079215 -0.009511 0.174134
v 0.079528 -0.009642 0.174484
v 0.079528 -0.009642 0.174484
v 0.079446 -0.004963 0.175433
v 0.079446 -0.004963 0.175433
v 0.079446 -0.004963 0.175433
v 0.079764 -0.005292 0.175727
v 0.079764 -0.005292 0.175727
v 0.079764 -0.005292 0.175727
v 0.079764 -0.005292 0.175727
v 0.079064 -0.004293 0.179455
v 0.079064 -0.004293 0.179455
v 0.079440 -0.004671 0.179455
v 0.079440 -0.004671 0.179455
v 0.079069 -0.004945 0.183367
v 0.079069 -0.004945 0.183367
v 0.079434 -0.005292 0.183184
v 0.079434 -0.005292 0.183184
v 0.079070 -0.006269 0.184692
v 0.079070 -0.006269 0.184692
v 0.079443 -0.006535 0.184426
v 0.079443 -0.006535 0.184426
v 0.079443 -0.002392 0.199888
v 0.079443 -0.002392 0.199888
v 0.079071 -0.002295 0.199525
v 0.079071 -0.002295 0.199525
v 0.079443 -0.004621 0.198965
v 0.079443 -0.004621 0.198965
v 0.079071 -0.004433 0.198639
v 0.079071 -0.004433 0.198639
v 0.079443 -0.006535 0.197496
v 0.079443 -0.006535 0.197496
v 0.079071 -0.006269 0.197230
v 0.079071 -0.006269 0.197230
v 0.079443 -0.008003 0.195582
v 0.079443 -0.008003 0.195582
v 0.079071 -0.007678 0.195394
v 0.079071 -0.007678 0.195394
v 0.079443 -0.008927 0.193353
v 0.079443 -0.008927 0.193353
v 0.079071 -0.008564 0.193256
v 0.079071 -0.008564 0.193256
v 0.079443 -0.009242 0.190961
v 0.079443 -0.009242 0.190961
v 0.079071 -0.008866 0.190961
v 0.079071 -0.008866 0.190961
v 0.079443 -0.008927 0.188569
v 0.079443 -0.008927 0.188569
v 0.079071 -0.008564 0.188667
v 0.079071 -0.008564 0.188667
v 0.079443 -0.008003 0.186340
v 0.079443 -0.008003 0.186340
v 0.079071 -0.007678 0.186528
v 0.079071 -0.007678 0.186528
v 0.079070 -0.004347 0.186614
v 0.079070 -0.004347 0.186614
v 0.079443 -0.004072 0.186889
v 0.079071 -0.001588 0.196889
v 0.079071 -0.001588 0.196889
v 0.079443 -0.001490 0.196523
v 0.079071 -0.003068 0.196276
v 0.079071 -0.003068 0.196276
v 0.079443 -0.002879 0.195948
v 0.079071 -0.004340 0.195301
v 0.079071 -0.004340 0.195301
v 0.079443 -0.004072 0.195033
v 0.079071 -0.005316 0.194030
v 0.079071 -0.005316 0.194030
v 0.079443 -0.004987 0.193840
v 0.079071 -0.005930 0.192550
v 0.079071 -0.005930 0.192550
v 0.079443 -0.005562 0.192452
v 0.079071 -0.006140 0.190961
v 0.079071 -0.006140 0.190961
v 0.079443 -0.005758 0.190961
v 0.079071 -0.005933 0.189372
v 0.079071 -0.005933 0.189372
v 0.079443 -0.005562 0.189471
v 0.079071 -0.005321 0.187889
v 0.079071 -0.005321 0.187889
v 0.079443 -0.004987 0.188082
v 0.079443 -0.002879 0.185974
v 0.079071 -0.003135 0.185679
v 0.079071 -0.003135 0.185679
v 0.079071 -0.001898 0.185161
v 0.079071 -0.001898 0.185161
v 0.079443 -0.001490 0.185399
v 0.083715 -0.007869 0.159102
v 0.083715 -0.007869 0.159102
v 0.083289 -0.007511 0.159210
v 0.082043 0.014253 0.170095
v 0.082651 0.014260 0.167959
v 0.082746 0.013917 0.170123
v 0.082746 0.013917 0.170123
v 0.083250 0.013867 0.167957
v 0.083250 0.013867 0.167957
v 0.080510 0.013869 0.167963
v 0.079808 0.013859 0.170099
v 0.080949 0.014262 0.167965
v 0.080237 0.014252 0.170097
v 0.080237 0.014252 0.170097
v 0.082651 -0.014260 0.167959
v 0.082043 -0.014253 0.170095
v 0.083250 -0.013867 0.167957
v 0.083250 -0.013867 0.167957
v 0.082746 -0.013917 0.170123
v 0.082746 -0.013917 0.170123
v 0.079808 -0.013859 0.170099
v 0.080510 -0.013869 0.167963
v 0.080237 -0.014252 0.170097
v 0.080237 -0.014252 0.170097
v 0.080949 -0.014262 0.167965
v 0.083293 0.013671 0.166192
v 0.083752 0.012444 0.164979
v 0.083752 0.012444 0.164979
v 0.083764 0.013378 0.166491
v 0.083764 0.013378 0.166491
v 0.084208 0.012150 0.165277
v 0.084208 0.012150 0.165277
v 0.081655 0.012159 0.165280
v 0.081173 0.013380 0.166497
v 0.082236 0.012446 0.164980
v 0.081770 0.013673 0.166197
v 0.083752 -0.012444 0.164979
v 0.083752 -0.012444 0.164979
v 0.083293 -0.013671 0.166192
v 0.084208 -0.012150 0.165277
v 0.084208 -0.012150 0.165277
v 0.083764 -0.013378 0.166491
v 0.083764 -0.013378 0.166491
v 0.081173 -0.013380 0.166497
v 0.081655 -0.012159 0.165280
v 0.081770 -0.013673 0.166197
v 0.082236 -0.012446 0.164980
v 0.081418 0.012376 0.173208
v 0.081707 0.013716 0.171708
v 0.082159 0.012100 0.172968
v 0.082159 0.012100 0.172968
v 0.082448 0.013437 0.171468
v 0.082448 0.013437 0.171468
v 0.079527 0.013411 0.171441
v 0.079284 0.012073 0.172938
v 0.079902 0.013715 0.171710
v 0.079902 0.013715 0.171710
v 0.079645 0.012375 0.173209
v 0.079645 0.012375 0.173209
v 0.081707 -0.013716 0.171708
v 0.081418 -0.012376 0.173208
v 0.082448 -0.013437 0.171468
v 0.082448 -0.013437 0.171468
v 0.082159 -0.012100 0.172968
v 0.082159 -0.012100 0.172968
v 0.079284 -0.012073 0.172938
v 0.079527 -0.013411 0.171441
v 0.079645 -0.012375 0.173209
v 0.079645 -0.012375 0.173209
v 0.079902 -0.013715 0.171710
v 0.079902 -0.013715 0.171710
v 0.083744 0.003073 0.167756
v 0.082041 0.002545 0.175597
v 0.081605 0.002027 0.183259
v 0.081769 0.002283 0.179467
v 0.083202 0.002924 0.169973
v 0.083744 -0.003073 0.167756
v 0.082041 -0.002545 0.175597
v 0.081769 -0.002283 0.179467
v 0.083202 -0.002924 0.169973
v 0.081605 -0.002027 0.183259
v 0.083812 -0.000000 0.167775
v 0.083202 -0.000000 0.169973
v 0.079049 -0.002283 0.179455
v 0.079070 -0.002027 0.183259
v 0.079394 -0.002545 0.175576
v 0.079070 0.002027 0.183259
v 0.079394 0.002545 0.175576
v 0.079049 0.002283 0.179455
v -0.091430 0.010477 0.103129
v -0.116058 0.000000 0.076657
v -0.116058 0.000000 0.076657
v -0.104563 0.017187 0.089153
v -0.100980 0.013087 0.097011
v -0.109630 0.014119 0.083450
v -0.116241 0.003740 0.077347
v -0.115534 0.007479 0.078760
v -0.113312 0.011374 0.080562
v -0.107341 0.011993 0.077187
v -0.109562 0.007893 0.075384
v -0.109793 0.003947 0.074180
v -0.103658 0.014857 0.080075
v -0.093765 0.014976 0.094879
v -0.097349 0.018139 0.087021
v -0.109133 0.000000 0.073699
v -0.109133 0.000000 0.073699
v -0.125801 0.008120 0.122523
v -0.128027 0.005302 0.122523
v -0.129413 0.002651 0.122523
v -0.122158 0.010242 0.122523
v -0.112186 0.007377 0.122670
v -0.116578 0.012183 0.122523
v -0.108719 0.000000 0.122523
v -0.108719 0.000000 0.122523
v -0.129909 0.000000 0.122523
v -0.129909 0.000000 0.122523
v -0.126941 0.005228 0.174006
v -0.128379 0.003441 0.173742
v -0.129309 0.001758 0.173638
v -0.124207 0.006660 0.174652
v -0.118220 0.005549 0.177465
v -0.121186 0.007784 0.176077
v -0.116420 0.000000 0.178735
v -0.116420 0.000000 0.178735
v -0.129599 0.000000 0.173538
v -0.129599 0.000000 0.173538
v -0.130764 0.004825 0.182097
v -0.131726 0.003216 0.181176
v -0.132216 0.001713 0.180771
v -0.129331 0.006081 0.183454
v -0.125069 0.004661 0.189635
v -0.127009 0.006986 0.186726
v -0.124742 0.000000 0.191792
v -0.124742 0.000000 0.191792
v -0.132351 -0.000186 0.180752
v -0.132351 -0.000186 0.180752
v -0.142619 0.006784 0.190459
v -0.143444 0.004398 0.189545
v -0.143915 0.002178 0.189067
v -0.141507 0.009187 0.193118
v -0.140045 0.008076 0.200287
v -0.140045 0.008076 0.200287
v -0.137702 0.000000 0.204188
v -0.137702 0.000000 0.204188
v -0.143903 0.000087 0.189079
v -0.143903 0.000087 0.189079
v -0.155482 0.007294 0.193060
v -0.155482 0.007294 0.193060
v -0.157539 0.005532 0.191325
v -0.157539 0.005532 0.191325
v -0.159208 0.003690 0.189891
v -0.159208 0.003690 0.189891
v -0.152591 0.008470 0.194899
v -0.152591 0.008470 0.194899
v -0.098308 0.009273 0.104186
v -0.110321 0.003760 0.122620
v -0.117048 0.002627 0.178212
v -0.124617 0.002661 0.190939
v -0.138074 0.004441 0.202610
v -0.141181 0.002729 0.210340
v -0.141181 0.002729 0.210340
v -0.095636 0.000000 0.111360
v -0.095636 0.000000 0.111360
v -0.089095 0.000000 0.111380
v -0.089095 0.000000 0.111380
v -0.091430 -0.010477 0.103129
v -0.104563 -0.017187 0.089153
v -0.100980 -0.013087 0.097011
v -0.109630 -0.014119 0.083450
v -0.116241 -0.003740 0.077347
v -0.115534 -0.007479 0.078760
v -0.113312 -0.011374 0.080562
v -0.107341 -0.011993 0.077187
v -0.109562 -0.007893 0.075384
v -0.109793 -0.003947 0.074180
v -0.103658 -0.014857 0.080075
v -0.093765 -0.014976 0.094879
v -0.097349 -0.018139 0.087021
v -0.125801 -0.008120 0.122523
v -0.128027 -0.005302 0.122523
v -0.129413 -0.002651 0.122523
v -0.122158 -0.010242 0.122523
v -0.112186 -0.007377 0.122670
v -0.116578 -0.012183 0.122523
v -0.126941 -0.005228 0.174006
v -0.128379 -0.003441 0.173742
v -0.129309 -0.001758 0.173638
v -0.124207 -0.006660 0.174652
v -0.118220 -0.005549 0.177465
v -0.121186 -0.007784 0.176077
v -0.130764 -0.004825 0.182097
v -0.131726 -0.003216 0.181176
v -0.132216 -0.001713 0.180771
v -0.129331 -0.006081 0.183454
v -0.125069 -0.004661 0.189635
v -0.127009 -0.006986 0.186726
v -0.142619 -0.006784 0.190459
v -0.143444 -0.004398 0.189545
v -0.143915 -0.002178 0.189067
v -0.141507 -0.009187 0.193118
v -0.140045 -0.008076 0.200287
v -0.140045 -0.008076 0.200287
v -0.155482 -0.007294 0.193060
v -0.155482 -0.007294 0.193060
v -0.157539 -0.005532 0.191325
v -0.157539 -0.005532 0.191325
v -0.159208 -0.003690 0.189891
v -0.159208 -0.003690 0.189891
v -0.152591 -0.008470 0.194899
v -0.152591 -0.008470 0.194899
v -0.098308 -0.009273 0.104186
v -0.110321 -0.003760 0.122620
v -0.117048 -0.002627 0.178212
v -0.124617 -0.002661 0.190939
v -0.138074 -0.004441 0.202610
v -0.141181 -0.002729 0.210340
v -0.141181 -0.002729 0.210340
v -0.124758 0.009573 0.097678
v -0.125521 0.009325 0.101403
v -0.127646 0.006125 0.100981
v -0.127217 0.006282 0.097158
v -0.129026 0.003133 0.096957
v -0.129222 0.003057 0.100844
v -0.121310 0.011929 0.098789
v -0.122158 0.011609 0.102515
v -0.111455 0.009394 0.111440
v -0.110454 0.010402 0.107908
v -0.114801 0.014660 0.103834
v -0.115740 0.014155 0.107502
v -0.107756 0.000000 0.115490
v -0.107756 0.000000 0.115490
v -0.105800 0.000000 0.113154
v -0.105800 0.000000 0.113154
v -0.129787 0.000000 0.097150
v -0.129787 0.000000 0.097150
v -0.129916 0.000000 0.101043
v -0.129916 0.000000 0.101043
v -0.107225 0.006557 0.111419
v -0.108882 0.004885 0.114187
v -0.125521 -0.009325 0.101403
v -0.124758 -0.009573 0.097678
v -0.127217 -0.006282 0.097158
v -0.127646 -0.006125 0.100981
v -0.129222 -0.003057 0.100844
v -0.129026 -0.003133 0.096957
v -0.122158 -0.011609 0.102515
v -0.121310 -0.011929 0.098789
v -0.110454 -0.010402 0.107908
v -0.111455 -0.009394 0.111440
v -0.115740 -0.014155 0.107502
v -0.114801 -0.014660 0.103834
v -0.108882 -0.004885 0.114187
v -0.107225 -0.006557 0.111419
v -0.125174 0.005836 0.165116
v -0.125599 0.005558 0.169414
v -0.127223 0.003614 0.169475
v -0.127036 0.003797 0.165137
v -0.128139 0.001899 0.165153
v -0.128184 0.001807 0.169511
v -0.122393 0.007420 0.165112
v -0.122643 0.007103 0.169365
v -0.116217 0.005323 0.170561
v -0.115242 0.005249 0.165235
v -0.118415 0.008726 0.165112
v -0.118958 0.008303 0.169776
v -0.113841 0.000000 0.171418
v -0.113841 0.000000 0.171418
v -0.112220 0.000000 0.165109
v -0.112220 0.000000 0.165109
v -0.128510 0.000000 0.165158
v -0.128510 0.000000 0.165158
v -0.128517 0.000000 0.169519
v -0.128517 0.000000 0.169519
v -0.114697 0.002861 0.171150
v -0.113353 0.002731 0.165279
v -0.125599 -0.005558 0.169414
v -0.125174 -0.005836 0.165116
v -0.127036 -0.003797 0.165137
v -0.127223 -0.003614 0.169475
v -0.128184 -0.001807 0.169511
v -0.128139 -0.001899 0.165153
v -0.122643 -0.007103 0.169365
v -0.122393 -0.007420 0.165112
v -0.115242 -0.005249 0.165235
v -0.116217 -0.005323 0.170561
v -0.118958 -0.008303 0.169776
v -0.118415 -0.008726 0.165112
v -0.113353 -0.002731 0.165279
v -0.114697 -0.002861 0.171150
v -0.134144 -0.005443 0.185442
v -0.139001 0.001970 0.187887
v -0.139063 0.000044 0.187863
v -0.139063 0.000044 0.187863
v -0.132925 -0.006846 0.186703
v -0.134884 0.008271 0.193519
v -0.130965 -0.007631 0.190140
v -0.129115 -0.005470 0.193072
v -0.133364 0.006271 0.196288
v -0.138407 0.003952 0.188301
v -0.134853 -0.003586 0.185029
v -0.128424 -0.002985 0.194681
v -0.137636 0.006054 0.188534
v -0.136502 0.007603 0.189891
v -0.128438 0.000000 0.195716
v -0.128438 0.000000 0.195716
v -0.134144 0.005443 0.185442
v -0.132525 0.000000 0.199268
v -0.132525 0.000000 0.199268
v -0.128424 0.002985 0.194681
v -0.132583 0.003306 0.198084
v -0.139001 -0.001970 0.187887
v -0.132925 0.006846 0.186703
v -0.130965 0.007631 0.190140
v -0.134884 -0.008271 0.193519
v -0.133364 -0.006271 0.196288
v -0.129115 0.005470 0.193072
v -0.135443 -0.001842 0.184629
v -0.138407 -0.003952 0.188301
v -0.137636 -0.006054 0.188534
v -0.134853 0.003586 0.185029
v -0.135563 -0.000070 0.184562
v -0.135563 -0.000070 0.184562
v -0.136502 -0.007603 0.189891
v -0.132583 -0.003306 0.198084
v -0.135443 0.001842 0.184629
v -0.124976 0.007191 0.122473
v -0.126986 0.004624 0.122496
v -0.128243 0.002233 0.122507
v -0.121617 0.009125 0.122447
v -0.113166 0.006628 0.122517
v -0.116850 0.010979 0.122382
v -0.109951 0.000000 0.122359
v -0.109951 0.000000 0.122359
v -0.128666 0.000000 0.122510
v -0.128666 0.000000 0.122510
v -0.125683 0.004255 0.173993
v -0.127036 0.002707 0.174088
v -0.127829 0.001308 0.174012
v -0.123310 0.005513 0.174859
v -0.118635 0.004671 0.177242
v -0.120966 0.006566 0.176048
v -0.117205 0.000000 0.178216
v -0.117205 0.000000 0.178216
v -0.128051 0.000000 0.173926
v -0.128051 0.000000 0.173926
v -0.130158 0.003899 0.182599
v -0.130717 0.002544 0.181895
v -0.131240 0.001289 0.181476
v -0.129012 0.004941 0.183744
v -0.125767 0.003774 0.189073
v -0.127300 0.005789 0.186550
v -0.125627 0.000000 0.190977
v -0.125627 0.000000 0.190977
v -0.131364 -0.000184 0.181391
v -0.131364 -0.000184 0.181391
v -0.142412 0.005997 0.190812
v -0.142855 0.004286 0.189846
v -0.143800 0.001892 0.190020
v -0.141494 0.008034 0.193583
v -0.140816 0.007326 0.199664
v -0.140816 0.007326 0.199664
v -0.138585 0.000000 0.203578
v -0.138585 0.000000 0.203578
v -0.143828 0.000085 0.189663
v -0.143828 0.000085 0.189663
v -0.155325 0.006512 0.194013
v -0.155325 0.006512 0.194013
v -0.157449 0.004950 0.192420
v -0.157449 0.004950 0.192420
v -0.159225 0.003147 0.191009
v -0.159225 0.003147 0.191009
v -0.152450 0.007379 0.195477
v -0.152450 0.007379 0.195477
v -0.111429 0.003219 0.122465
v -0.117691 0.002346 0.177773
v -0.125314 0.002260 0.190337
v -0.138729 0.004161 0.202113
v -0.142262 0.002286 0.209916
v -0.142262 0.002286 0.209916
v -0.124976 -0.007191 0.122473
v -0.126986 -0.004624 0.122496
v -0.128243 -0.002233 0.122507
v -0.121617 -0.009125 0.122447
v -0.113166 -0.006628 0.122517
v -0.116850 -0.010979 0.122382
v -0.125683 -0.004255 0.173993
v -0.127036 -0.002707 0.174088
v -0.127829 -0.001308 0.174012
v -0.123310 -0.005513 0.174859
v -0.118635 -0.004671 0.177242
v -0.120966 -0.006566 0.176048
v -0.130158 -0.003899 0.182599
v -0.130717 -0.002544 0.181895
v -0.131240 -0.001289 0.181476
v -0.129012 -0.004941 0.183744
v -0.125767 -0.003774 0.189073
v -0.127300 -0.005789 0.186550
v -0.142412 -0.005997 0.190812
v -0.142855 -0.004286 0.189846
v -0.143800 -0.001892 0.190020
v -0.141494 -0.008034 0.193583
v -0.140816 -0.007326 0.199664
v -0.140816 -0.007326 0.199664
v -0.155325 -0.006512 0.194013
v -0.155325 -0.006512 0.194013
v -0.157449 -0.004950 0.192420
v -0.157449 -0.004950 0.192420
v -0.159227 -0.003156 0.191013
v -0.159227 -0.003156 0.191013
v -0.152450 -0.007379 0.195477
v -0.152450 -0.007379 0.195477
v -0.111429 -0.003219 0.122465
v -0.117691 -0.002346 0.177773
v -0.125314 -0.002260 0.190337
v -0.138729 -0.004161 0.202113
v -0.142262 -0.002286 0.209916
v -0.142262 -0.002286 0.209916
v -0.124409 0.004855 0.165101
v -0.124851 0.004552 0.169480
v -0.126269 0.002844 0.169610
v -0.126046 0.003054 0.165162
v -0.126998 0.001448 0.165200
v -0.127086 0.001341 0.169687
v -0.121897 0.006282 0.165055
v -0.122159 0.005950 0.169359
v -0.116845 0.004486 0.169386
v -0.116215 0.004491 0.165104
v -0.118730 0.007528 0.164996
v -0.119111 0.007136 0.169225
v -0.114386 0.000000 0.169093
v -0.114386 0.000000 0.169093
v -0.113450 0.000000 0.164931
v -0.113450 0.000000 0.164931
v -0.127290 0.000000 0.165216
v -0.127290 0.000000 0.165216
v -0.127341 0.000000 0.169717
v -0.127341 0.000000 0.169717
v -0.115287 0.002313 0.169363
v -0.114450 0.002168 0.165122
v -0.124851 -0.004552 0.169480
v -0.124409 -0.004855 0.165101
v -0.126046 -0.003054 0.165162
v -0.126269 -0.002844 0.169610
v -0.127086 -0.001341 0.169687
v -0.126998 -0.001448 0.165200
v -0.122159 -0.005950 0.169359
v -0.121897 -0.006282 0.165055
v -0.116215 -0.004491 0.165104
v -0.116845 -0.004486 0.169386
v -0.119111 -0.007136 0.169225
v -0.118730 -0.007527 0.164996
v -0.114450 -0.002168 0.165122
v -0.115287 -0.002313 0.169363
v -0.134833 0.001276 0.185772
v -0.138611 0.001834 0.188597
v -0.138742 0.000045 0.188376
v -0.138742 0.000045 0.188376
v -0.134788 0.000014 0.185861
v -0.134788 0.000014 0.185861
v -0.135260 0.007091 0.193442
v -0.131691 0.006369 0.190640
v -0.130728 0.004647 0.193367
v -0.134008 0.005421 0.195648
v -0.137985 0.003854 0.188521
v -0.134117 0.002803 0.186205
v -0.133886 0.004424 0.186495
v -0.137245 0.005304 0.189456
v -0.136430 0.006477 0.190434
v -0.133015 0.005625 0.187823
v -0.130715 0.000000 0.196205
v -0.130715 0.000000 0.196205
v -0.133275 0.000000 0.198298
v -0.133275 0.000000 0.198298
v -0.130621 0.002552 0.195336
v -0.133286 0.002774 0.197211
v -0.138611 -0.001834 0.188597
v -0.134642 -0.001325 0.185986
v -0.131691 -0.006369 0.190640
v -0.135260 -0.007091 0.193442
v -0.134008 -0.005421 0.195648
v -0.130728 -0.004647 0.193367
v -0.134117 -0.002803 0.186205
v -0.137985 -0.003854 0.188521
v -0.137245 -0.005304 0.189456
v -0.133886 -0.004424 0.186495
v -0.133015 -0.005625 0.187823
v -0.136430 -0.006477 0.190434
v -0.133286 -0.002774 0.197211
v -0.130621 -0.002552 0.195336
v -0.140620 0.001074 0.211144
v -0.140620 0.001074 0.211144
v -0.140620 -0.001074 0.211144
v -0.140620 -0.001074 0.211144
v -0.140220 0.000000 0.210600
v -0.140220 0.000000 0.210600
v -0.141785 -0.001052 0.210678
v -0.141785 -0.001052 0.210678
v -0.141785 0.001052 0.210678
v -0.141785 0.001052 0.210678
v -0.141489 0.000000 0.210289
v -0.141489 0.000000 0.210289
v -0.141828 0.005588 0.206953
v -0.141828 0.005588 0.206953
v -0.141670 0.004343 0.208817
v -0.141670 0.004343 0.208817
v -0.141670 -0.004343 0.208817
v -0.141670 -0.004343 0.208817
v -0.141828 -0.005588 0.206953
v -0.141828 -0.005588 0.206953
v -0.142730 0.003886 0.208357
v -0.142730 0.003886 0.208357
v -0.142855 0.005090 0.206478
v -0.142855 0.005090 0.206478
v -0.142855 -0.005090 0.206478
v -0.142855 -0.005090 0.206478
v -0.142730 -0.003886 0.208357
v -0.142730 -0.003886 0.208357
v -0.148791 0.009720 0.197261
v -0.148791 0.009720 0.197261
v -0.146032 0.010104 0.197928
v -0.146032 0.010104 0.197928
v -0.146381 0.009946 0.197082
v -0.146032 -0.010104 0.197928
v -0.146032 -0.010104 0.197928
v -0.148791 -0.009720 0.197261
v -0.148791 -0.009720 0.197261
v -0.146381 -0.009946 0.197082
v -0.145939 0.008912 0.198194
v -0.145939 0.008912 0.198194
v -0.148712 0.008546 0.197650
v -0.148712 0.008546 0.197650
v -0.146274 0.008763 0.197441
v -0.148712 -0.008546 0.197650
v -0.148712 -0.008546 0.197650
v -0.145939 -0.008912 0.198194
v -0.145939 -0.008912 0.198194
v -0.146274 -0.008763 0.197441
v -0.160311 -0.000868 0.187723
v -0.160311 -0.000868 0.187723
v -0.160313 0.000864 0.187719
v -0.160313 0.000864 0.187719
v -0.159713 0.000005 0.187680
v -0.159713 0.000005 0.187680
v -0.160322 0.000829 0.189147
v -0.160322 0.000829 0.189147
v -0.160320 -0.000845 0.189153
v -0.160320 -0.000845 0.189153
v -0.159657 0.000000 0.189151
v -0.159657 0.000000 0.189151
v -0.141603 0.010032 0.197623
v -0.141603 0.010032 0.197623
v -0.139960 0.009254 0.198614
v -0.139960 0.009254 0.198614
v -0.139392 0.009334 0.196835
v -0.140653 0.009695 0.196372
v -0.139960 -0.009254 0.198614
v -0.139960 -0.009254 0.198614
v -0.141603 -0.010032 0.197623
v -0.141603 -0.010032 0.197623
v -0.140653 -0.009695 0.196372
v -0.139392 -0.009334 0.196835
v -0.140381 0.008032 0.198643
v -0.140381 0.008032 0.198643
v -0.141906 0.008834 0.197679
v -0.141906 0.008834 0.197679
v -0.140909 0.008578 0.196344
v -0.139714 0.008508 0.196803
v -0.141906 -0.008834 0.197679
v -0.141906 -0.008834 0.197679
v -0.140381 -0.008032 0.198643
v -0.140381 -0.008032 0.198643
v -0.139714 -0.008508 0.196803
v -0.140909 -0.008578 0.196344
v -0.140659 0.000000 0.211242
v -0.140659 0.000000 0.211242
v -0.140659 0.000000 0.211242
v -0.140659 0.000000 0.211242
v -0.141824 0.000000 0.210776
v -0.141824 0.000000 0.210776
v -0.141824 0.000000 0.210776
v -0.141824 0.000000 0.210776
v -0.160436 0.000000 0.187720
v -0.160436 0.000000 0.187720
v -0.160436 0.000000 0.187720
v -0.160436 0.000000 0.187720
v -0.160445 -0.000007 0.189017
v -0.160445 -0.000007 0.189017
v -0.160445 -0.000007 0.189017
v -0.160445 -0.000007 0.189017
v -0.104253 0.008094 0.107895
v -0.102207 0.008869 0.105969
v -0.117024 0.010863 0.083456
v -0.120531 0.010329 0.088030
v -0.119282 0.007134 0.081744
v -0.122884 0.006794 0.086280
v -0.124482 0.003400 0.085038
v -0.120605 0.003558 0.080653
v -0.113211 0.013538 0.085828
v -0.117064 0.012841 0.090231
v -0.107193 0.011826 0.102899
v -0.105154 0.012468 0.100392
v -0.108493 0.016363 0.093074
v -0.111034 0.015740 0.096666
v -0.121166 0.000000 0.080452
v -0.121166 0.000000 0.080452
v -0.125178 0.000000 0.084759
v -0.125178 0.000000 0.084759
v -0.102030 0.000000 0.111493
v -0.102030 0.000000 0.111493
v -0.099409 0.000000 0.111220
v -0.099409 0.000000 0.111220
v -0.102207 -0.008869 0.105969
v -0.104253 -0.008094 0.107895
v -0.120531 -0.010329 0.088030
v -0.117024 -0.010863 0.083456
v -0.122884 -0.006794 0.086280
v -0.119282 -0.007134 0.081744
v -0.120605 -0.003558 0.080653
v -0.124482 -0.003400 0.085038
v -0.117064 -0.012841 0.090231
v -0.113211 -0.013538 0.085828
v -0.105154 -0.012468 0.100392
v -0.107193 -0.011826 0.102899
v -0.111034 -0.015740 0.096666
v -0.108493 -0.016363 0.093074
v -0.104036 0.000000 0.112002
v -0.104036 0.000000 0.112002
v -0.105905 0.007334 0.109688
v -0.108913 0.011147 0.105360
v -0.123423 0.009913 0.092542
v -0.125441 0.006442 0.091572
v -0.119567 0.012123 0.094329
v -0.127364 0.003266 0.090772
v -0.128239 0.000000 0.090674
v -0.128239 0.000000 0.090674
v -0.113052 0.015179 0.100308
v -0.127364 -0.003266 0.090772
v -0.105905 -0.007334 0.109688
v -0.108913 -0.011147 0.105360
v -0.123423 -0.009913 0.092542
v -0.125441 -0.006442 0.091572
v -0.119567 -0.012123 0.094329
v -0.113052 -0.015179 0.100308
v -0.130405 0.001735 0.177258
v -0.121270 0.005105 0.183608
v -0.120206 0.000000 0.185321
v -0.120206 0.000000 0.185321
v -0.130620 -0.000093 0.177199
v -0.130620 -0.000093 0.177199
v -0.129697 0.003329 0.177513
v -0.128440 0.005034 0.177959
v -0.126395 0.006371 0.179111
v -0.123723 0.007385 0.181459
v -0.120458 0.002644 0.184633
v -0.130405 -0.001735 0.177258
v -0.121270 -0.005105 0.183608
v -0.129697 -0.003329 0.177513
v -0.128440 -0.005034 0.177959
v -0.126395 -0.006371 0.179111
v -0.123723 -0.007385 0.181459
v -0.120458 -0.002644 0.184633
v -0.070116 0.000000 0.200203
v -0.070061 0.002392 0.199888
v -0.058095 0.000000 0.281244
v -0.058097 0.002392 0.281559
v -0.073120 0.003747 0.217650
v -0.064712 0.003747 0.263797
v -0.073249 -0.000004 0.217828
v -0.064794 0.000000 0.263619
v -0.060901 0.002674 0.270743
v -0.058430 0.002222 0.278066
v -0.061056 0.000000 0.270511
v -0.058527 0.000000 0.277778
v -0.070226 0.002222 0.203381
v -0.071408 0.002674 0.210705
v -0.070255 0.000000 0.203669
v -0.071505 0.000000 0.210936
v -0.067576 0.002392 0.199888
v -0.067450 0.000000 0.200203
v -0.055612 0.002392 0.281559
v -0.055746 0.000000 0.281244
v -0.055944 0.002222 0.278066
v -0.055916 0.000000 0.277778
v -0.068923 0.002674 0.210705
v -0.070635 0.003747 0.217650
v -0.062238 0.003747 0.263797
v -0.068840 0.000000 0.210936
v -0.070868 0.000000 0.217828
v -0.062320 0.000000 0.263619
v -0.058420 0.002674 0.270743
v -0.058532 0.000000 0.270511
v -0.067740 0.002222 0.203381
v -0.067933 0.000000 0.203669
v -0.069564 0.004072 0.186889
v -0.070061 0.004427 0.186535
v -0.070061 0.004427 0.186535
v -0.069760 0.000000 0.196720
v -0.070257 0.000000 0.197222
v -0.070257 0.000000 0.197222
v -0.069564 0.001490 0.196523
v -0.070061 0.001620 0.197008
v -0.070061 0.001620 0.197008
v -0.069564 0.002879 0.195948
v -0.070061 0.003130 0.196383
v -0.070061 0.003130 0.196383
v -0.069564 0.004072 0.195033
v -0.070061 0.004427 0.195388
v -0.070061 0.004427 0.195388
v -0.069564 0.004987 0.193840
v -0.070061 0.005422 0.194092
v -0.070061 0.005422 0.194092
v -0.069564 0.005562 0.192452
v -0.070061 0.006048 0.192582
v -0.070061 0.006048 0.192582
v -0.069564 0.005758 0.190961
v -0.070061 0.006260 0.190969
v -0.070061 0.006260 0.190969
v -0.069564 0.005562 0.189471
v -0.070061 0.006046 0.189341
v -0.070061 0.006046 0.189341
v -0.069564 0.004987 0.188082
v -0.070061 0.005421 0.187831
v -0.070061 0.005421 0.187831
v -0.070061 0.003136 0.185544
v -0.070061 0.003136 0.185544
v -0.069564 0.002879 0.185974
v -0.069564 0.001490 0.185399
v -0.070061 0.001624 0.184917
v -0.070061 0.001624 0.184917
v -0.070061 0.000000 0.184704
v -0.070061 0.000000 0.184704
v -0.069564 0.000000 0.185203
v -0.069564 0.004621 0.198965
v -0.069564 0.004621 0.198965
v -0.069564 0.004621 0.198965
v -0.069564 0.004621 0.198965
v -0.070061 0.004238 0.198631
v -0.070061 0.004238 0.198631
v -0.070061 0.004238 0.198631
v -0.070061 0.006180 0.197141
v -0.070061 0.006180 0.197141
v -0.069564 0.006535 0.197496
v -0.069564 0.006535 0.197496
v -0.070061 0.007568 0.195331
v -0.070061 0.007568 0.195331
v -0.069564 0.008003 0.195582
v -0.069564 0.008003 0.195582
v -0.070061 0.008441 0.193223
v -0.070061 0.008441 0.193223
v -0.069564 0.008927 0.193353
v -0.069564 0.008927 0.193353
v -0.070061 0.008739 0.191006
v -0.070061 0.008739 0.191006
v -0.069564 0.009242 0.191013
v -0.069564 0.009242 0.191013
v -0.069564 0.000000 0.181823
v -0.069564 0.000000 0.181823
v -0.069564 0.000000 0.181823
v -0.070061 0.000000 0.182320
v -0.070061 0.000000 0.182320
v -0.069564 0.002392 0.182138
v -0.069564 0.002392 0.182138
v -0.070061 0.002259 0.182618
v -0.070061 0.002259 0.182618
v -0.069562 0.004621 0.183061
v -0.069562 0.004621 0.183061
v -0.070061 0.004365 0.183489
v -0.070061 0.004365 0.183489
v -0.069564 0.006535 0.184426
v -0.069564 0.006535 0.184426
v -0.070061 0.006179 0.184782
v -0.070061 0.006179 0.184782
v -0.069564 0.008003 0.186340
v -0.069564 0.008003 0.186340
v -0.070061 0.007568 0.186592
v -0.070061 0.007568 0.186592
v -0.069564 0.008927 0.188569
v -0.069564 0.008927 0.188569
v -0.070061 0.008442 0.188699
v -0.070061 0.008442 0.188699
v -0.057600 0.004072 0.286311
v -0.058097 0.004427 0.285956
v -0.058097 0.004427 0.285956
v -0.057600 0.000000 0.296141
v -0.058097 0.000000 0.296643
v -0.058097 0.000000 0.296643
v -0.057600 0.001490 0.295945
v -0.058097 0.001620 0.296429
v -0.058097 0.001620 0.296429
v -0.057600 0.002879 0.295369
v -0.058097 0.003130 0.295804
v -0.058097 0.003130 0.295804
v -0.057600 0.004072 0.294454
v -0.058097 0.004427 0.294809
v -0.058097 0.004427 0.294809
v -0.057600 0.004987 0.293262
v -0.058097 0.005422 0.293513
v -0.058097 0.005422 0.293513
v -0.057600 0.005562 0.291873
v -0.058097 0.006048 0.292003
v -0.058097 0.006048 0.292003
v -0.057600 0.005758 0.290382
v -0.058097 0.006260 0.290390
v -0.058097 0.006260 0.290390
v -0.057600 0.005562 0.288892
v -0.058097 0.006046 0.288762
v -0.058097 0.006046 0.288762
v -0.057600 0.004987 0.287503
v -0.058097 0.005421 0.287253
v -0.058097 0.005421 0.287253
v -0.058097 0.003136 0.284966
v -0.058097 0.003136 0.284966
v -0.057600 0.002879 0.285395
v -0.057600 0.001490 0.284820
v -0.058097 0.001624 0.284339
v -0.058097 0.001624 0.284339
v -0.058059 0.000000 0.284125
v -0.058059 0.000000 0.284125
v -0.057796 0.000000 0.284624
v -0.058097 0.000000 0.299122
v -0.058097 0.000000 0.299122
v -0.057600 0.000000 0.299624
v -0.057600 0.000000 0.299624
v -0.057600 0.000000 0.299624
v -0.058097 0.002262 0.298825
v -0.058097 0.002262 0.298825
v -0.057600 0.002392 0.299309
v -0.057600 0.002392 0.299309
v -0.058097 0.004370 0.297951
v -0.058097 0.004370 0.297951
v -0.057600 0.004621 0.298386
v -0.057600 0.004621 0.298386
v -0.058097 0.006180 0.296562
v -0.058097 0.006180 0.296562
v -0.057600 0.006535 0.296917
v -0.057600 0.006535 0.296917
v -0.058097 0.007569 0.294752
v -0.058097 0.007569 0.294752
v -0.057600 0.008003 0.295003
v -0.057600 0.008003 0.295003
v -0.058097 0.008442 0.292644
v -0.058097 0.008442 0.292644
v -0.057600 0.008927 0.292774
v -0.057600 0.008927 0.292774
v -0.058097 0.008740 0.290427
v -0.058097 0.008740 0.290427
v -0.057600 0.009242 0.290434
v -0.057600 0.009242 0.290434
v -0.058097 0.004238 0.282817
v -0.058097 0.004238 0.282817
v -0.058097 0.004238 0.282817
v -0.057600 0.004621 0.282483
v -0.057600 0.004621 0.282483
v -0.057600 0.004621 0.282483
v -0.057600 0.004621 0.282483
v -0.057600 0.006535 0.283848
v -0.057600 0.006535 0.283848
v -0.058097 0.006180 0.284202
v -0.058097 0.006180 0.284202
v -0.057600 0.008003 0.285762
v -0.057600 0.008003 0.285762
v -0.058097 0.007569 0.286012
v -0.058097 0.007569 0.286012
v -0.057600 0.008927 0.287991
v -0.057600 0.008927 0.287991
v -0.058097 0.008443 0.288120
v -0.058097 0.008443 0.288120
v -0.072618 0.006771 0.217129
v -0.072618 0.006771 0.217129
v -0.073105 0.006267 0.217216
v -0.073105 0.006267 0.217216
v -0.064206 0.006771 0.264319
v -0.064206 0.006771 0.264319
v -0.064677 0.006267 0.264232
v -0.064677 0.006267 0.264232
v -0.060227 0.004812 0.271421
v -0.060227 0.004812 0.271421
v -0.060740 0.004323 0.271266
v -0.060740 0.004323 0.271266
v -0.058358 0.003487 0.278677
v -0.058358 0.003487 0.278677
v -0.057867 0.003971 0.278910
v -0.057867 0.003971 0.278910
v -0.069697 0.003971 0.202537
v -0.069697 0.003971 0.202537
v -0.070190 0.003487 0.202771
v -0.070190 0.003487 0.202771
v -0.071333 0.004323 0.210181
v -0.071333 0.004323 0.210181
v -0.070828 0.004812 0.210026
v -0.070828 0.004812 0.210026
v -0.067576 0.001620 0.197008
v -0.067576 0.001620 0.197008
v -0.068073 0.001490 0.196523
v -0.067530 0.000000 0.197222
v -0.067530 0.000000 0.197222
v -0.068269 0.000000 0.196720
v -0.067576 0.003130 0.196383
v -0.067576 0.003130 0.196383
v -0.068073 0.002879 0.195948
v -0.067576 0.004427 0.195388
v -0.067576 0.004427 0.195388
v -0.068073 0.004072 0.195033
v -0.067576 0.005422 0.194092
v -0.067576 0.005422 0.194092
v -0.068073 0.004987 0.193840
v -0.067576 0.006048 0.192582
v -0.067576 0.006048 0.192582
v -0.068073 0.005562 0.192452
v -0.067576 0.006260 0.190969
v -0.067576 0.006260 0.190969
v -0.068073 0.005758 0.190961
v -0.067576 0.006046 0.189341
v -0.067576 0.006046 0.189341
v -0.068073 0.005562 0.189471
v -0.067576 0.005421 0.187831
v -0.067576 0.005421 0.187831
v -0.068073 0.004987 0.188082
v -0.067576 0.001624 0.184917
v -0.067576 0.001624 0.184917
v -0.068073 0.001490 0.185399
v -0.068073 0.002879 0.185974
v -0.067576 0.003136 0.185544
v -0.067576 0.003136 0.185544
v -0.068073 0.000000 0.185203
v -0.067576 0.000000 0.184704
v -0.067576 0.000000 0.184704
v -0.067576 0.004427 0.186535
v -0.067576 0.004427 0.186535
v -0.068073 0.004072 0.186889
v -0.067576 0.004238 0.198631
v -0.067576 0.004238 0.198631
v -0.068073 0.004621 0.198965
v -0.068073 0.004621 0.198965
v -0.068073 0.004621 0.198965
v -0.068073 0.006535 0.197496
v -0.068073 0.006535 0.197496
v -0.067576 0.006180 0.197141
v -0.067576 0.006180 0.197141
v -0.068073 0.008003 0.195582
v -0.068073 0.008003 0.195582
v -0.067576 0.007568 0.195331
v -0.067576 0.007568 0.195331
v -0.068073 0.008927 0.193353
v -0.068073 0.008927 0.193353
v -0.067576 0.008441 0.193223
v -0.067576 0.008441 0.193223
v -0.068073 0.009242 0.191013
v -0.068073 0.009242 0.191013
v -0.067576 0.008739 0.191006
v -0.067576 0.008739 0.191006
v -0.067576 0.002259 0.182618
v -0.067576 0.002259 0.182618
v -0.068073 0.002392 0.182138
v -0.068073 0.002392 0.182138
v -0.067576 0.000000 0.182320
v -0.067576 0.000000 0.182320
v -0.068073 0.000000 0.181823
v -0.068073 0.000000 0.181823
v -0.068073 0.000000 0.181823
v -0.067576 0.004365 0.183489
v -0.067576 0.004365 0.183489
v -0.068073 0.004621 0.183061
v -0.068073 0.004621 0.183061
v -0.067576 0.006179 0.184782
v -0.067576 0.006179 0.184782
v -0.068073 0.006535 0.184426
v -0.068073 0.006535 0.184426
v -0.067576 0.007568 0.186592
v -0.067576 0.007568 0.186592
v -0.068073 0.008003 0.186340
v -0.068073 0.008003 0.186340
v -0.067576 0.008442 0.188699
v -0.067576 0.008442 0.188699
v -0.068073 0.008927 0.188569
v -0.068073 0.008927 0.188569
v -0.056109 0.002392 0.299309
v -0.056109 0.002392 0.299309
v -0.055612 0.002262 0.298825
v -0.055612 0.002262 0.298825
v -0.056109 0.000000 0.299624
v -0.056109 0.000000 0.299624
v -0.056109 0.000000 0.299624
v -0.055612 0.000000 0.299122
v -0.055612 0.000000 0.299122
v -0.056109 0.004621 0.298386
v -0.056109 0.004621 0.298386
v -0.055612 0.004370 0.297951
v -0.055612 0.004370 0.297951
v -0.056109 0.006535 0.296917
v -0.056109 0.006535 0.296917
v -0.055612 0.006180 0.296562
v -0.055612 0.006180 0.296562
v -0.056109 0.008003 0.295003
v -0.056109 0.008003 0.295003
v -0.055612 0.007569 0.294752
v -0.055612 0.007569 0.294752
v -0.056109 0.008927 0.292774
v -0.056109 0.008927 0.292774
v -0.055612 0.008442 0.292644
v -0.055612 0.008442 0.292644
v -0.056109 0.009242 0.290434
v -0.056109 0.009242 0.290434
v -0.055612 0.008740 0.290427
v -0.055612 0.008740 0.290427
v -0.056109 0.004621 0.282483
v -0.056109 0.004621 0.282483
v -0.056109 0.004621 0.282483
v -0.055612 0.004238 0.282817
v -0.055612 0.004238 0.282817
v -0.055612 0.006180 0.284202
v -0.055612 0.006180 0.284202
v -0.056109 0.006535 0.283848
v -0.056109 0.006535 0.283848
v -0.055612 0.007569 0.286012
v -0.055612 0.007569 0.286012
v -0.056109 0.008003 0.285762
v -0.056109 0.008003 0.285762
v -0.055612 0.008443 0.288120
v -0.055612 0.008443 0.288120
v -0.056109 0.008927 0.287991
v -0.056109 0.008927 0.287991
v -0.056376 0.003971 0.278910
v -0.056376 0.003971 0.278910
v -0.055872 0.003487 0.278677
v -0.055872 0.003487 0.278677
v -0.069337 0.004812 0.210026
v -0.069337 0.004812 0.210026
v -0.068848 0.004323 0.210181
v -0.068848 0.004323 0.210181
v -0.070620 0.006267 0.217216
v -0.070620 0.006267 0.217216
v -0.071127 0.006771 0.217129
v -0.071127 0.006771 0.217129
v -0.062203 0.006267 0.264232
v -0.062203 0.006267 0.264232
v -0.062722 0.006771 0.264319
v -0.062722 0.006771 0.264319
v -0.058259 0.004323 0.271266
v -0.058259 0.004323 0.271266
v -0.058739 0.004812 0.271421
v -0.058739 0.004812 0.271421
v -0.067705 0.003487 0.202771
v -0.067705 0.003487 0.202771
v -0.068205 0.003971 0.202537
v -0.068205 0.003971 0.202537
v -0.070061 -0.002392 0.199888
v -0.058097 -0.002392 0.281559
v -0.073120 -0.003747 0.217650
v -0.064712 -0.003747 0.263797
v -0.060901 -0.002674 0.270743
v -0.058430 -0.002222 0.278066
v -0.070226 -0.002222 0.203381
v -0.071408 -0.002674 0.210705
v -0.067576 -0.002392 0.199888
v -0.055612 -0.002392 0.281559
v -0.055944 -0.002222 0.278066
v -0.068923 -0.002674 0.210705
v -0.070635 -0.003747 0.217650
v -0.062238 -0.003747 0.263797
v -0.058420 -0.002674 0.270743
v -0.067740 -0.002222 0.203381
v -0.069564 -0.004072 0.186889
v -0.070061 -0.004427 0.186535
v -0.070061 -0.004427 0.186535
v -0.069564 -0.001490 0.196523
v -0.070061 -0.001620 0.197008
v -0.070061 -0.001620 0.197008
v -0.069564 -0.002879 0.195948
v -0.070061 -0.003130 0.196383
v -0.070061 -0.003130 0.196383
v -0.069564 -0.004072 0.195033
v -0.070061 -0.004427 0.195388
v -0.070061 -0.004427 0.195388
v -0.069564 -0.004987 0.193840
v -0.070061 -0.005422 0.194092
v -0.070061 -0.005422 0.194092
v -0.069564 -0.005562 0.192452
v -0.070061 -0.006048 0.192582
v -0.070061 -0.006048 0.192582
v -0.069564 -0.005758 0.190961
v -0.070061 -0.006260 0.190969
v -0.070061 -0.006260 0.190969
v -0.069564 -0.005562 0.189471
v -0.070061 -0.006046 0.189341
v -0.070061 -0.006046 0.189341
v -0.069564 -0.004987 0.188082
v -0.070061 -0.005421 0.187831
v -0.070061 -0.005421 0.187831
v -0.070061 -0.003136 0.185544
v -0.070061 -0.003136 0.185544
v -0.069564 -0.002879 0.185974
v -0.069564 -0.001490 0.185399
v -0.070061 -0.001624 0.184917
v -0.070061 -0.001624 0.184917
v -0.069564 -0.004621 0.198965
v -0.069564 -0.004621 0.198965
v -0.069564 -0.004621 0.198965
v -0.069564 -0.004621 0.198965
v -0.070061 -0.004238 0.198631
v -0.070061 -0.004238 0.198631
v -0.070061 -0.004238 0.198631
v -0.070061 -0.006180 0.197141
v -0.070061 -0.006180 0.197141
v -0.069564 -0.006535 0.197496
v -0.069564 -0.006535 0.197496
v -0.070061 -0.007568 0.195331
v -0.070061 -0.007568 0.195331
v -0.069564 -0.008003 0.195582
v -0.069564 -0.008003 0.195582
v -0.070061 -0.008441 0.193223
v -0.070061 -0.008441 0.193223
v -0.069564 -0.008927 0.193353
v -0.069564 -0.008927 0.193353
v -0.070061 -0.008739 0.191006
v -0.070061 -0.008739 0.191006
v -0.069564 -0.009242 0.191013
v -0.069564 -0.009242 0.191013
v -0.069564 -0.002392 0.182138
v -0.069564 -0.002392 0.182138
v -0.070061 -0.002259 0.182618
v -0.070061 -0.002259 0.182618
v -0.069562 -0.004621 0.183061
v -0.069562 -0.004621 0.183061
v -0.070061 -0.004365 0.183489
v -0.070061 -0.004365 0.183489
v -0.069564 -0.006535 0.184426
v -0.069564 -0.006535 0.184426
v -0.070061 -0.006179 0.184782
v -0.070061 -0.006179 0.184782
v -0.069564 -0.008003 0.186340
v -0.069564 -0.008003 0.186340
v -0.070061 -0.007568 0.186592
v -0.070061 -0.007568 0.186592
v -0.069564 -0.008927 0.188569
v -0.069564 -0.008927 0.188569
v -0.070061 -0.008442 0.188699
v -0.070061 -0.008442 0.188699
v -0.057600 -0.004072 0.286311
v -0.058097 -0.004427 0.285956
v -0.058097 -0.004427 0.285956
v -0.057600 -0.001490 0.295945
v -0.058097 -0.001620 0.296429
v -0.058097 -0.001620 0.296429
v -0.057600 -0.002879 0.295369
v -0.058097 -0.003130 0.295804
v -0.058097 -0.003130 0.295804
v -0.057600 -0.004072 0.294454
v -0.058097 -0.004427 0.294809
v -0.058097 -0.004427 0.294809
v -0.057600 -0.004987 0.293262
v -0.058097 -0.005422 0.293513
v -0.058097 -0.005422 0.293513
v -0.057600 -0.005562 0.291873
v -0.058097 -0.006048 0.292003
v -0.058097 -0.006048 0.292003
v -0.057600 -0.005758 0.290382
v -0.058097 -0.006260 0.290390
v -0.058097 -0.006260 0.290390
v -0.057600 -0.005562 0.288892
v -0.058097 -0.006046 0.288762
v -0.058097 -0.006046 0.288762
v -0.057600 -0.004987 0.287503
v -0.058097 -0.005421 0.287253
v -0.058097 -0.005421 0.287253
v -0.058097 -0.003136 0.284966
v -0.058097 -0.003136 0.284966
v -0.057600 -0.002879 0.285395
v -0.057600 -0.001490 0.284820
v -0.058097 -0.001624 0.284339
v -0.058097 -0.001624 0.284339
v -0.058097 -0.002262 0.298825
v -0.058097 -0.002262 0.298825
v -0.057600 -0.002392 0.299309
v -0.057600 -0.002392 0.299309
v -0.058097 -0.004370 0.297951
v -0.058097 -0.004370 0.297951
v -0.057600 -0.004621 0.298386
v -0.057600 -0.004621 0.298386
v -0.058097 -0.006180 0.296562
v -0.058097 -0.006180 0.296562
v -0.057600 -0.006535 0.296917
v -0.057600 -0.006535 0.296917
v -0.058097 -0.007569 0.294752
v -0.058097 -0.007569 0.294752
v -0.057600 -0.008003 0.295003
v -0.057600 -0.008003 0.295003
v -0.058097 -0.008442 0.292644
v -0.058097 -0.008442 0.292644
v -0.057600 -0.008927 0.292774
v -0.057600 -0.008927 0.292774
v -0.058097 -0.008740 0.290427
v -0.058097 -0.008740 0.290427
v -0.057600 -0.009242 0.290434
v -0.057600 -0.009242 0.290434
v -0.058097 -0.004238 0.282817
v -0.058097 -0.004238 0.282817
v -0.058097 -0.004238 0.282817
v -0.057600 -0.004621 0.282483
v -0.057600 -0.004621 0.282483
v -0.057600 -0.004621 0.282483
v -0.057600 -0.004621 0.282483
v -0.057600 -0.006535 0.283848
v -0.057600 -0.006535 0.283848
v -0.058097 -0.006180 0.284202
v -0.058097 -0.006180 0.284202
v -0.057600 -0.008003 0.285762
v -0.057600 -0.008003 0.285762
v -0.058097 -0.007569 0.286012
v -0.058097 -0.007569 0.286012
v -0.057600 -0.008927 0.287991
v -0.057600 -0.008927 0.287991
v -0.058097 -0.008443 0.288120
v -0.058097 -0.008443 0.288120
v -0.072618 -0.006771 0.217129
v -0.072618 -0.006771 0.217129
v -0.073105 -0.006267 0.217216
v -0.073105 -0.006267 0.217216
v -0.064206 -0.006771 0.264319
v -0.064206 -0.006771 0.264319
v -0.064677 -0.006267 0.264232
v -0.064677 -0.006267 0.264232
v -0.060227 -0.004812 0.271421
v -0.060227 -0.004812 0.271421
v -0.060740 -0.004323 0.271266
v -0.060740 -0.004323 0.271266
v -0.058358 -0.003487 0.278677
v -0.058358 -0.003487 0.278677
v -0.057867 -0.003971 0.278910
v -0.057867 -0.003971 0.278910
v -0.069697 -0.003971 0.202537
v -0.069697 -0.003971 0.202537
v -0.070190 -0.003487 0.202771
v -0.070190 -0.003487 0.202771
v -0.071333 -0.004323 0.210181
v -0.071333 -0.004323 0.210181
v -0.070828 -0.004812 0.210026
v -0.070828 -0.004812 0.210026
v -0.067576 -0.001620 0.197008
v -0.067576 -0.001620 0.197008
v -0.068073 -0.001490 0.196523
v -0.067576 -0.003130 0.196383
v -0.067576 -0.003130 0.196383
v -0.068073 -0.002879 0.195948
v -0.067576 -0.004427 0.195388
v -0.067576 -0.004427 0.195388
v -0.068073 -0.004072 0.195033
v -0.067576 -0.005422 0.194092
v -0.067576 -0.005422 0.194092
v -0.068073 -0.004987 0.193840
v -0.067576 -0.006048 0.192582
v -0.067576 -0.006048 0.192582
v -0.068073 -0.005562 0.192452
v -0.067576 -0.006260 0.190969
v -0.067576 -0.006260 0.190969
v -0.068073 -0.005758 0.190961
v -0.067576 -0.006046 0.189341
v -0.067576 -0.006046 0.189341
v -0.068073 -0.005562 0.189471
v -0.067576 -0.005421 0.187831
v -0.067576 -0.005421 0.187831
v -0.068073 -0.004987 0.188082
v -0.067576 -0.001624 0.184917
v -0.067576 -0.001624 0.184917
v -0.068073 -0.001490 0.185399
v -0.068073 -0.002879 0.185974
v -0.067576 -0.003136 0.185544
v -0.067576 -0.003136 0.185544
v -0.067576 -0.004427 0.186535
v -0.067576 -0.004427 0.186535
v -0.068073 -0.004072 0.186889
v -0.067576 -0.004238 0.198631
v -0.067576 -0.004238 0.198631
v -0.068073 -0.004621 0.198965
v -0.068073 -0.004621 0.198965
v -0.068073 -0.004621 0.198965
v -0.068073 -0.006535 0.197496
v -0.068073 -0.006535 0.197496
v -0.067576 -0.006180 0.197141
v -0.067576 -0.006180 0.197141
v -0.068073 -0.008003 0.195582
v -0.068073 -0.008003 0.195582
v -0.067576 -0.007568 0.195331
v -0.067576 -0.007568 0.195331
v -0.068073 -0.008927 0.193353
v -0.068073 -0.008927 0.193353
v -0.067576 -0.008441 0.193223
v -0.067576 -0.008441 0.193223
v -0.068073 -0.009242 0.191013
v -0.068073 -0.009242 0.191013
v -0.067576 -0.008739 0.191006
v -0.067576 -0.008739 0.191006
v -0.067576 -0.002259 0.182618
v -0.067576 -0.002259 0.182618
v -0.068073 -0.002392 0.182138
v -0.068073 -0.002392 0.182138
v -0.067576 -0.004365 0.183489
v -0.067576 -0.004365 0.183489
v -0.068073 -0.004621 0.183061
v -0.068073 -0.004621 0.183061
v -0.067576 -0.006179 0.184782
v -0.067576 -0.006179 0.184782
v -0.068073 -0.006535 0.184426
v -0.068073 -0.006535 0.184426
v -0.067576 -0.007568 0.186592
v -0.067576 -0.007568 0.186592
v -0.068073 -0.008003 0.186340
v -0.068073 -0.008003 0.186340
v -0.067576 -0.008442 0.188699
v -0.067576 -0.008442 0.188699
v -0.068073 -0.008927 0.188569
v -0.068073 -0.008927 0.188569
v -0.056109 -0.002392 0.299309
v -0.056109 -0.002392 0.299309
v -0.055612 -0.002262 0.298825
v -0.055612 -0.002262 0.298825
v -0.056109 -0.004621 0.298386
v -0.056109 -0.004621 0.298386
v -0.055612 -0.004370 0.297951
v -0.055612 -0.004370 0.297951
v -0.056109 -0.006535 0.296917
v -0.056109 -0.006535 0.296917
v -0.055612 -0.006180 0.296562
v -0.055612 -0.006180 0.296562
v -0.056109 -0.008003 0.295003
v -0.056109 -0.008003 0.295003
v -0.055612 -0.007569 0.294752
v -0.055612 -0.007569 0.294752
v -0.056109 -0.008927 0.292774
v -0.056109 -0.008927 0.292774
v -0.055612 -0.008442 0.292644
v -0.055612 -0.008442 0.292644
v -0.056109 -0.009242 0.290434
v -0.056109 -0.009242 0.290434
v -0.055612 -0.008740 0.290427
v -0.055612 -0.008740 0.290427
v -0.056109 -0.004621 0.282483
v -0.056109 -0.004621 0.282483
v -0.056109 -0.004621 0.282483
v -0.055612 -0.004238 0.282817
v -0.055612 -0.004238 0.282817
v -0.055612 -0.006180 0.284202
v -0.055612 -0.006180 0.284202
v -0.056109 -0.006535 0.283848
v -0.056109 -0.006535 0.283848
v -0.055612 -0.007569 0.286012
v -0.055612 -0.007569 0.286012
v -0.056109 -0.008003 0.285762
v -0.056109 -0.008003 0.285762
v -0.055612 -0.008443 0.288120
v -0.055612 -0.008443 0.288120
v -0.056109 -0.008927 0.287991
v -0.056109 -0.008927 0.287991
v -0.056376 -0.003971 0.278910
v -0.056376 -0.003971 0.278910
v -0.055872 -0.003487 0.278677
v -0.055872 -0.003487 0.278677
v -0.069337 -0.004812 0.210026
v -0.069337 -0.004812 0.210026
v -0.068848 -0.004323 0.210181
v -0.068848 -0.004323 0.210181
v -0.070620 -0.006267 0.217216
v -0.070620 -0.006267 0.217216
v -0.071127 -0.006771 0.217129
v -0.071127 -0.006771 0.217129
v -0.062203 -0.006267 0.264232
v -0.062203 -0.006267 0.264232
v -0.062722 -0.006771 0.264319
v -0.062722 -0.006771 0.264319
v -0.058259 -0.004323 0.271266
v -0.058259 -0.004323 0.271266
v -0.058739 -0.004812 0.271421
v -0.058739 -0.004812 0.271421
v -0.067705 -0.003487 0.202771
v -0.067705 -0.003487 0.202771
v -0.068205 -0.003971 0.202537
v -0.068205 -0.003971 0.202537
v -0.074486 0.006045 0.242285
v -0.075030 0.006041 0.239067
v -0.075124 0.000000 0.239069
v -0.074591 0.000000 0.242276
v -0.072545 0.006041 0.239067
v -0.072000 0.006045 0.242290
v -0.072105 0.000000 0.242282
v -0.072631 0.000000 0.239069
v -0.074135 0.011835 0.242304
v -0.074135 0.011835 0.242304
v -0.074649 0.011823 0.239068
v -0.074649 0.011823 0.239068
v -0.075134 0.011299 0.239068
v -0.075134 0.011299 0.239068
v -0.074616 0.011312 0.242298
v -0.074616 0.011312 0.242298
v -0.072129 0.011311 0.242304
v -0.072129 0.011311 0.242304
v -0.072648 0.011299 0.239067
v -0.072648 0.011299 0.239067
v -0.073158 0.011823 0.239068
v -0.073158 0.011823 0.239068
v -0.072644 0.011834 0.242307
v -0.072644 0.011834 0.242307
v -0.075030 -0.006041 0.239067
v -0.074486 -0.006045 0.242285
v -0.072000 -0.006045 0.242290
v -0.072545 -0.006041 0.239067
v -0.074649 -0.011823 0.239068
v -0.074649 -0.011823 0.239068
v -0.074135 -0.011835 0.242304
v -0.074135 -0.011835 0.242304
v -0.074616 -0.011312 0.242298
v -0.074616 -0.011312 0.242298
v -0.075134 -0.011299 0.239068
v -0.075134 -0.011299 0.239068
v -0.072648 -0.011299 0.239067
v -0.072648 -0.011299 0.239067
v -0.072129 -0.011311 0.242304
v -0.072129 -0.011311 0.242304
v -0.072644 -0.011834 0.242307
v -0.072644 -0.011834 0.242307
v -0.073158 -0.011823 0.239068
v -0.073158 -0.011823 0.239068
v -0.056233 0.001490 0.295945
v -0.055612 0.001653 0.296550
v -0.055612 0.001653 0.296550
v -0.055612 0.000000 0.296768
v -0.055612 0.000000 0.296768
v -0.056233 0.000000 0.296141
v -0.056233 0.002879 0.295369
v -0.055612 0.003193 0.295912
v -0.055612 0.003193 0.295912
v -0.056233 0.004072 0.294454
v -0.055612 0.004515 0.294898
v -0.055612 0.004515 0.294898
v -0.056233 0.004987 0.293262
v -0.055612 0.005530 0.293575
v -0.055612 0.005530 0.293575
v -0.056233 0.005562 0.291873
v -0.055612 0.006168 0.292035
v -0.055612 0.006168 0.292035
v -0.056233 0.005758 0.290382
v -0.055612 0.006385 0.290392
v -0.055612 0.006385 0.290392
v -0.056234 0.005562 0.288892
v -0.055612 0.006166 0.288730
v -0.055612 0.006166 0.288730
v -0.056234 0.004987 0.287503
v -0.055612 0.005528 0.287191
v -0.055612 0.005528 0.287191
v -0.056234 0.001490 0.284820
v -0.055612 0.001658 0.284213
v -0.055612 0.001658 0.284213
v -0.055612 0.003172 0.284840
v -0.055612 0.003172 0.284840
v -0.056234 0.002879 0.285395
v -0.056430 0.000000 0.284624
v -0.055796 0.000000 0.283995
v -0.055796 0.000000 0.283995
v -0.056234 0.004072 0.286311
v -0.055612 0.004514 0.285869
v -0.055612 0.004514 0.285869
v -0.055612 -0.001653 0.296550
v -0.055612 -0.001653 0.296550
v -0.056233 -0.001490 0.295945
v -0.055612 -0.003193 0.295912
v -0.055612 -0.003193 0.295912
v -0.056233 -0.002879 0.295369
v -0.055612 -0.004515 0.294898
v -0.055612 -0.004515 0.294898
v -0.056233 -0.004072 0.294454
v -0.055612 -0.005530 0.293575
v -0.055612 -0.005530 0.293575
v -0.056233 -0.004987 0.293262
v -0.055612 -0.006168 0.292035
v -0.055612 -0.006168 0.292035
v -0.056233 -0.005562 0.291873
v -0.055612 -0.006385 0.290392
v -0.055612 -0.006385 0.290392
v -0.056233 -0.005758 0.290382
v -0.055612 -0.006166 0.288730
v -0.055612 -0.006166 0.288730
v -0.056234 -0.005562 0.288892
v -0.055612 -0.005528 0.287191
v -0.055612 -0.005528 0.287191
v -0.056234 -0.004987 0.287503
v -0.055612 -0.001658 0.284213
v -0.055612 -0.001658 0.284213
v -0.056234 -0.001490 0.284820
v -0.056234 -0.002879 0.285395
v -0.055612 -0.003172 0.284840
v -0.055612 -0.003172 0.284840
v -0.055612 -0.004514 0.285869
v -0.055612 -0.004514 0.285869
v -0.056234 -0.004072 0.286311
v 0.079125 -0.000000 0.200203
v 0.079071 0.002392 0.199888
v 0.067104 -0.000000 0.281244
v 0.067106 0.002392 0.281559
v 0.082129 0.003747 0.217650
v 0.073721 0.003747 0.263797
v 0.082258 -0.000004 0.217828
v 0.073804 -0.000000 0.263619
v 0.069910 0.002674 0.270743
v 0.067439 0.002222 0.278066
v 0.070065 -0.000000 0.270511
v 0.067536 -0.000000 0.277778
v 0.079235 0.002222 0.203381
v 0.080417 0.002674 0.210705
v 0.079264 -0.000000 0.203669
v 0.080515 -0.000000 0.210936
v 0.076585 0.002392 0.199888
v 0.076459 -0.000000 0.200203
v 0.064621 0.002392 0.281559
v 0.064755 -0.000000 0.281244
v 0.064954 0.002222 0.278066
v 0.064925 -0.000000 0.277778
v 0.077932 0.002674 0.210705
v 0.079644 0.003747 0.217650
v 0.071247 0.003747 0.263797
v 0.077849 -0.000000 0.210936
v 0.079877 -0.000000 0.217828
v 0.071329 -0.000000 0.263619
v 0.067429 0.002674 0.270743
v 0.067541 -0.000000 0.270511
v 0.076750 0.002222 0.203381
v 0.076943 -0.000000 0.203669
v 0.078573 0.004072 0.186889
v 0.079070 0.004427 0.186535
v 0.079070 0.004427 0.186535
v 0.078769 -0.000000 0.196720
v 0.079266 -0.000000 0.197222
v 0.079266 -0.000000 0.197222
v 0.078573 0.001490 0.196523
v 0.079071 0.001620 0.197008
v 0.079071 0.001620 0.197008
v 0.078573 0.002879 0.195948
v 0.079071 0.003130 0.196383
v 0.079071 0.003130 0.196383
v 0.078573 0.004072 0.195033
v 0.079071 0.004427 0.195388
v 0.079071 0.004427 0.195388
v 0.078573 0.004987 0.193840
v 0.079071 0.005422 0.194092
v 0.079071 0.005422 0.194092
v 0.078573 0.005562 0.192452
v 0.079071 0.006048 0.192582
v 0.079071 0.006048 0.192582
v 0.078573 0.005758 0.190961
v 0.079071 0.006260 0.190969
v 0.079071 0.006260 0.190969
v 0.078573 0.005562 0.189471
v 0.079071 0.006046 0.189341
v 0.079071 0.006046 0.189341
v 0.078573 0.004987 0.188082
v 0.079071 0.005421 0.187831
v 0.079071 0.005421 0.187831
v 0.079071 0.003136 0.185544
v 0.079071 0.003136 0.185544
v 0.078573 0.002879 0.185974
v 0.078573 0.001490 0.185399
v 0.079071 0.001624 0.184917
v 0.079071 0.001624 0.184917
v 0.079071 -0.000000 0.184704
v 0.079071 -0.000000 0.184704
v 0.078573 -0.000000 0.185203
v 0.078573 0.004621 0.198965
v 0.078573 0.004621 0.198965
v 0.078573 0.004621 0.198965
v 0.078573 0.004621 0.198965
v 0.079071 0.004238 0.198631
v 0.079071 0.004238 0.198631
v 0.079071 0.004238 0.198631
v 0.079071 0.006180 0.197141
v 0.079071 0.006180 0.197141
v 0.078573 0.006535 0.197496
v 0.078573 0.006535 0.197496
v 0.079071 0.007568 0.195331
v 0.079071 0.007568 0.195331
v 0.078573 0.008003 0.195582
v 0.078573 0.008003 0.195582
v 0.079071 0.008441 0.193223
v 0.079071 0.008441 0.193223
v 0.078573 0.008927 0.193353
v 0.078573 0.008927 0.193353
v 0.079071 0.008739 0.191006
v 0.079071 0.008739 0.191006
v 0.078573 0.009242 0.191013
v 0.078573 0.009242 0.191013
v 0.078573 -0.000000 0.181823
v 0.078573 -0.000000 0.181823
v 0.078573 -0.000000 0.181823
v 0.079071 -0.000000 0.182320
v 0.079071 -0.000000 0.182320
v 0.078573 0.002392 0.182138
v 0.078573 0.002392 0.182138
v 0.079071 0.002259 0.182618
v 0.079071 0.002259 0.182618
v 0.078572 0.004621 0.183061
v 0.078572 0.004621 0.183061
v 0.079071 0.004365 0.183489
v 0.079071 0.004365 0.183489
v 0.078573 0.006535 0.184426
v 0.078573 0.006535 0.184426
v 0.079071 0.006179 0.184782
v 0.079071 0.006179 0.184782
v 0.078573 0.008003 0.186340
v 0.078573 0.008003 0.186340
v 0.079071 0.007568 0.186592
v 0.079071 0.007568 0.186592
v 0.078573 0.008927 0.188569
v 0.078573 0.008927 0.188569
v 0.079071 0.008442 0.188699
v 0.079071 0.008442 0.188699
v 0.066609 0.004072 0.286311
v 0.067106 0.004427 0.285956
v 0.067106 0.004427 0.285956
v 0.066609 -0.000000 0.296141
v 0.067106 -0.000000 0.296643
v 0.067106 -0.000000 0.296643
v 0.066609 0.001490 0.295945
v 0.067106 0.001620 0.296429
v 0.067106 0.001620 0.296429
v 0.066609 0.002879 0.295369
v 0.067106 0.003130 0.295804
v 0.067106 0.003130 0.295804
v 0.066609 0.004072 0.294454
v 0.067106 0.004427 0.294809
v 0.067106 0.004427 0.294809
v 0.066609 0.004987 0.293262
v 0.067106 0.005422 0.293513
v 0.067106 0.005422 0.293513
v 0.066609 0.005562 0.291873
v 0.067106 0.006048 0.292003
v 0.067106 0.006048 0.292003
v 0.066609 0.005758 0.290382
v 0.067106 0.006260 0.290390
v 0.067106 0.006260 0.290390
v 0.066609 0.005562 0.288892
v 0.067106 0.006046 0.288762
v 0.067106 0.006046 0.288762
v 0.066609 0.004987 0.287503
v 0.067106 0.005421 0.287253
v 0.067106 0.005421 0.287253
v 0.067106 0.003136 0.284966
v 0.067106 0.003136 0.284966
v 0.066609 0.002879 0.285395
v 0.066609 0.001490 0.284820
v 0.067106 0.001624 0.284339
v 0.067106 0.001624 0.284339
v 0.067069 -0.000000 0.284125
v 0.067069 -0.000000 0.284125
v 0.066805 -0.000000 0.284624
v 0.067106 -0.000000 0.299122
v 0.067106 -0.000000 0.299122
v 0.066609 -0.000000 0.299624
v 0.066609 -0.000000 0.299624
v 0.066609 -0.000000 0.299624
v 0.067106 0.002262 0.298825
v 0.067106 0.002262 0.298825
v 0.066609 0.002392 0.299309
v 0.066609 0.002392 0.299309
v 0.067106 0.004370 0.297951
v 0.067106 0.004370 0.297951
v 0.066609 0.004621 0.298386
v 0.066609 0.004621 0.298386
v 0.067106 0.006180 0.296562
v 0.067106 0.006180 0.296562
v 0.066609 0.006535 0.296917
v 0.066609 0.006535 0.296917
v 0.067106 0.007569 0.294752
v 0.067106 0.007569 0.294752
v 0.066609 0.008003 0.295003
v 0.066609 0.008003 0.295003
v 0.067106 0.008442 0.292644
v 0.067106 0.008442 0.292644
v 0.066609 0.008927 0.292774
v 0.066609 0.008927 0.292774
v 0.067106 0.008740 0.290427
v 0.067106 0.008740 0.290427
v 0.066609 0.009242 0.290434
v 0.066609 0.009242 0.290434
v 0.067106 0.004238 0.282817
v 0.067106 0.004238 0.282817
v 0.067106 0.004238 0.282817
v 0.066609 0.004621 0.282483
v 0.066609 0.004621 0.282483
v 0.066609 0.004621 0.282483
v 0.066609 0.004621 0.282483
v 0.066609 0.006535 0.283848
v 0.066609 0.006535 0.283848
v 0.067106 0.006180 0.284202
v 0.067106 0.006180 0.284202
v 0.066609 0.008003 0.285762
v 0.066609 0.008003 0.285762
v 0.067106 0.007569 0.286012
v 0.067106 0.007569 0.286012
v 0.066609 0.008927 0.287991
v 0.066609 0.008927 0.287991
v 0.067106 0.008443 0.288120
v 0.067106 0.008443 0.288120
v 0.081628 0.006771 0.217129
v 0.081628 0.006771 0.217129
v 0.082114 0.006267 0.217216
v 0.082114 0.006267 0.217216
v 0.073215 0.006771 0.264319
v 0.073215 0.006771 0.264319
v 0.073686 0.006267 0.264232
v 0.073686 0.006267 0.264232
v 0.069237 0.004812 0.271421
v 0.069237 0.004812 0.271421
v 0.069750 0.004323 0.271266
v 0.069750 0.004323 0.271266
v 0.067367 0.003487 0.278677
v 0.067367 0.003487 0.278677
v 0.066876 0.003971 0.278910
v 0.066876 0.003971 0.278910
v 0.078706 0.003971 0.202537
v 0.078706 0.003971 0.202537
v 0.079199 0.003487 0.202771
v 0.079199 0.003487 0.202771
v 0.080342 0.004323 0.210181
v 0.080342 0.004323 0.210181
v 0.079837 0.004812 0.210026
v 0.079837 0.004812 0.210026
v 0.076585 0.001620 0.197008
v 0.076585 0.001620 0.197008
v 0.077082 0.001490 0.196523
v 0.076539 -0.000000 0.197222
v 0.076539 -0.000000 0.197222
v 0.077278 -0.000000 0.196720
v 0.076585 0.003130 0.196383
v 0.076585 0.003130 0.196383
v 0.077082 0.002879 0.195948
v 0.076585 0.004427 0.195388
v 0.076585 0.004427 0.195388
v 0.077082 0.004072 0.195033
v 0.076585 0.005422 0.194092
v 0.076585 0.005422 0.194092
v 0.077082 0.004987 0.193840
v 0.076585 0.006048 0.192582
v 0.076585 0.006048 0.192582
v 0.077082 0.005562 0.192452
v 0.076585 0.006260 0.190969
v 0.076585 0.006260 0.190969
v 0.077082 0.005758 0.190961
v 0.076585 0.006046 0.189341
v 0.076585 0.006046 0.189341
v 0.077082 0.005562 0.189471
v 0.076585 0.005421 0.187831
v 0.076585 0.005421 0.187831
v 0.077082 0.004987 0.188082
v 0.076585 0.001624 0.184917
v 0.076585 0.001624 0.184917
v 0.077082 0.001490 0.185399
v 0.077082 0.002879 0.185974
v 0.076585 0.003136 0.185544
v 0.076585 0.003136 0.185544
v 0.077082 -0.000000 0.185203
v 0.076585 -0.000000 0.184704
v 0.076585 -0.000000 0.184704
v 0.076585 0.004427 0.186535
v 0.076585 0.004427 0.186535
v 0.077082 0.004072 0.186889
v 0.076585 0.004238 0.198631
v 0.076585 0.004238 0.198631
v 0.077082 0.004621 0.198965
v 0.077082 0.004621 0.198965
v 0.077082 0.004621 0.198965
v 0.077082 0.006535 0.197496
v 0.077082 0.006535 0.197496
v 0.076585 0.006180 0.197141
v 0.076585 0.006180 0.197141
v 0.077082 0.008003 0.195582
v 0.077082 0.008003 0.195582
v 0.076585 0.007568 0.195331
v 0.076585 0.007568 0.195331
v 0.077082 0.008927 0.193353
v 0.077082 0.008927 0.193353
v 0.076585 0.008441 0.193223
v 0.076585 0.008441 0.193223
v 0.077082 0.009242 0.191013
v 0.077082 0.009242 0.191013
v 0.076585 0.008739 0.191006
v 0.076585 0.008739 0.191006
v 0.076585 0.002259 0.182618
v 0.076585 0.002259 0.182618
v 0.077082 0.002392 0.182138
v 0.077082 0.002392 0.182138
v 0.076585 -0.000000 0.182320
v 0.076585 -0.000000 0.182320
v 0.077082 -0.000000 0.181823
v 0.077082 -0.000000 0.181823
v 0.077082 -0.000000 0.181823
v 0.076585 0.004365 0.183489
v 0.076585 0.004365 0.183489
v 0.077082 0.004621 0.183061
v 0.077082 0.004621 0.183061
v 0.076585 0.006179 0.184782
v 0.076585 0.006179 0.184782
v 0.077082 0.006535 0.184426
v 0.077082 0.006535 0.184426
v 0.076585 0.007568 0.186592
v 0.076585 0.007568 0.186592
v 0.077082 0.008003 0.186340
v 0.077082 0.008003 0.186340
v 0.076585 0.008442 0.188699
v 0.076585 0.008442 0.188699
v 0.077082 0.008927 0.188569
v 0.077082 0.008927 0.188569
v 0.065118 0.002392 0.299309
v 0.065118 0.002392 0.299309
v 0.064621 0.002262 0.298825
v 0.064621 0.002262 0.298825
v 0.065118 -0.000000 0.299624
v 0.065118 -0.000000 0.299624
v 0.065118 -0.000000 0.299624
v 0.064621 -0.000000 0.299122
v 0.064621 -0.000000 0.299122
v 0.065118 0.004621 0.298386
v 0.065118 0.004621 0.298386
v 0.064621 0.004370 0.297951
v 0.064621 0.004370 0.297951
v 0.065118 0.006535 0.296917
v 0.065118 0.006535 0.296917
v 0.064621 0.006180 0.296562
v 0.064621 0.006180 0.296562
v 0.065118 0.008003 0.295003
v 0.065118 0.008003 0.295003
v 0.064621 0.007569 0.294752
v 0.064621 0.007569 0.294752
v 0.065118 0.008927 0.292774
v 0.065118 0.008927 0.292774
v 0.064621 0.008442 0.292644
v 0.064621 0.008442 0.292644
v 0.065118 0.009242 0.290434
v 0.065118 0.009242 0.290434
v 0.064621 0.008740 0.290427
v 0.064621 0.008740 0.290427
v 0.065118 0.004621 0.282483
v 0.065118 0.004621 0.282483
v 0.065118 0.004621 0.282483
v 0.064621 0.004238 0.282817
v 0.064621 0.004238 0.282817
v 0.064621 0.006180 0.284202
v 0.064621 0.006180 0.284202
v 0.065118 0.006535 0.283848
v 0.065118 0.006535 0.283848
v 0.064621 0.007569 0.286012
v 0.064621 0.007569 0.286012
v 0.065118 0.008003 0.285762
v 0.065118 0.008003 0.285762
v 0.064621 0.008443 0.288120
v 0.064621 0.008443 0.288120
v 0.065118 0.008927 0.287991
v 0.065118 0.008927 0.287991
v 0.065385 0.003971 0.278910
v 0.065385 0.003971 0.278910
v 0.064881 0.003487 0.278677
v 0.064881 0.003487 0.278677
v 0.078346 0.004812 0.210026
v 0.078346 0.004812 0.210026
v 0.077857 0.004323 0.210181
v 0.077857 0.004323 0.210181
v 0.079629 0.006267 0.217216
v 0.079629 0.006267 0.217216
v 0.080136 0.006771 0.217129
v 0.080136 0.006771 0.217129
v 0.071212 0.006267 0.264232
v 0.071212 0.006267 0.264232
v 0.071731 0.006771 0.264319
v 0.071731 0.006771 0.264319
v 0.067268 0.004323 0.271266
v 0.067268 0.004323 0.271266
v 0.067748 0.004812 0.271421
v 0.067748 0.004812 0.271421
v 0.076714 0.003487 0.202771
v 0.076714 0.003487 0.202771
v 0.077214 0.003971 0.202537
v 0.077214 0.003971 0.202537
v 0.079071 -0.002392 0.199888
v 0.067106 -0.002392 0.281559
v 0.082129 -0.003747 0.217650
v 0.073721 -0.003747 0.263797
v 0.069910 -0.002674 0.270743
v 0.067439 -0.002222 0.278066
v 0.079235 -0.002222 0.203381
v 0.080417 -0.002674 0.210705
v 0.076585 -0.002392 0.199888
v 0.064621 -0.002392 0.281559
v 0.064954 -0.002222 0.278066
v 0.077932 -0.002674 0.210705
v 0.079644 -0.003747 0.217650
v 0.071247 -0.003747 0.263797
v 0.067429 -0.002674 0.270743
v 0.076750 -0.002222 0.203381
v 0.078573 -0.004072 0.186889
v 0.079070 -0.004427 0.186535
v 0.079070 -0.004427 0.186535
v 0.078573 -0.001490 0.196523
v 0.079071 -0.001620 0.197008
v 0.079071 -0.001620 0.197008
v 0.078573 -0.002879 0.195948
v 0.079071 -0.003130 0.196383
v 0.079071 -0.003130 0.196383
v 0.078573 -0.004072 0.195033
v 0.079071 -0.004427 0.195388
v 0.079071 -0.004427 0.195388
v 0.078573 -0.004987 0.193840
v 0.079071 -0.005422 0.194092
v 0.079071 -0.005422 0.194092
v 0.078573 -0.005562 0.192452
v 0.079071 -0.006048 0.192582
v 0.079071 -0.006048 0.192582
v 0.078573 -0.005758 0.190961
v 0.079071 -0.006260 0.190969
v 0.079071 -0.006260 0.190969
v 0.078573 -0.005562 0.189471
v 0.079071 -0.006046 0.189341
v 0.079071 -0.006046 0.189341
v 0.078573 -0.004987 0.188082
v 0.079071 -0.005421 0.187831
v 0.079071 -0.005421 0.187831
v 0.079071 -0.003136 0.185544
v 0.079071 -0.003136 0.185544
v 0.078573 -0.002879 0.185974
v 0.078573 -0.001490 0.185399
v 0.079071 -0.001624 0.184917
v 0.079071 -0.001624 0.184917
v 0.078573 -0.004621 0.198965
v 0.078573 -0.004621 0.198965
v 0.078573 -0.004621 0.198965
v 0.078573 -0.004621 0.198965
v 0.079071 -0.004238 0.198631
v 0.079071 -0.004238 0.198631
v 0.079071 -0.004238 0.198631
v 0.079071 -0.006180 0.197141
v 0.079071 -0.006180 0.197141
v 0.078573 -0.006535 0.197496
v 0.078573 -0.006535 0.197496
v 0.079071 -0.007568 0.195331
v 0.079071 -0.007568 0.195331
v 0.078573 -0.008003 0.195582
v 0.078573 -0.008003 0.195582
v 0.079071 -0.008441 0.193223
v 0.079071 -0.008441 0.193223
v 0.078573 -0.008927 0.193353
v 0.078573 -0.008927 0.193353
v 0.079071 -0.008739 0.191006
v 0.079071 -0.008739 0.191006
v 0.078573 -0.009242 0.191013
v 0.078573 -0.009242 0.191013
v 0.078573 -0.002392 0.182138
v 0.078573 -0.002392 0.182138
v 0.079071 -0.002259 0.182618
v 0.079071 -0.002259 0.182618
v 0.078572 -0.004621 0.183061
v 0.078572 -0.004621 0.183061
v 0.079071 -0.004365 0.183489
v 0.079071 -0.004365 0.183489
v 0.078573 -0.006535 0.184426
v 0.078573 -0.006535 0.184426
v 0.079071 -0.006179 0.184782
v 0.079071 -0.006179 0.184782
v 0.078573 -0.008003 0.186340
v 0.078573 -0.008003 0.186340
v 0.079071 -0.007568 0.186592
v 0.079071 -0.007568 0.186592
v 0.078573 -0.008927 0.188569
v 0.078573 -0.008927 0.188569
v 0.079071 -0.008442 0.188699
v 0.079071 -0.008442 0.188699
v 0.066609 -0.004072 0.286311
v 0.067106 -0.004427 0.285956
v 0.067106 -0.004427 0.285956
v 0.066609 -0.001490 0.295945
v 0.067106 -0.001620 0.296429
v 0.067106 -0.001620 0.296429
v 0.066609 -0.002879 0.295369
v 0.067106 -0.003130 0.295804
v 0.067106 -0.003130 0.295804
v 0.066609 -0.004072 0.294454
v 0.067106 -0.004427 0.294809
v 0.067106 -0.004427 0.294809
v 0.066609 -0.004987 0.293262
v 0.067106 -0.005422 0.293513
v 0.067106 -0.005422 0.293513
v 0.066609 -0.005562 0.291873
v 0.067106 -0.006048 0.292003
v 0.067106 -0.006048 0.292003
v 0.066609 -0.005758 0.290382
v 0.067106 -0.006260 0.290390
v 0.067106 -0.006260 0.290390
v 0.066609 -0.005562 0.288892
v 0.067106 -0.006046 0.288762
v 0.067106 -0.006046 0.288762
v 0.066609 -0.004987 0.287503
v 0.067106 -0.005421 0.287253
v 0.067106 -0.005421 0.287253
v 0.067106 -0.003136 0.284966
v 0.067106 -0.003136 0.284966
v 0.066609 -0.002879 0.285395
v 0.066609 -0.001490 0.284820
v 0.067106 -0.001624 0.284339
v 0.067106 -0.001624 0.284339
v 0.067106 -0.002262 0.298825
v 0.067106 -0.002262 0.298825
v 0.066609 -0.002392 0.299309
v 0.066609 -0.002392 0.299309
v 0.067106 -0.004370 0.297951
v 0.067106 -0.004370 0.297951
v 0.066609 -0.004621 0.298386
v 0.066609 -0.004621 0.298386
v 0.067106 -0.006180 0.296562
v 0.067106 -0.006180 0.296562
v 0.066609 -0.006535 0.296917
v 0.066609 -0.006535 0.296917
v 0.067106 -0.007569 0.294752
v 0.067106 -0.007569 0.294752
v 0.066609 -0.008003 0.295003
v 0.066609 -0.008003 0.295003
v 0.067106 -0.008442 0.292644
v 0.067106 -0.008442 0.292644
v 0.066609 -0.008927 0.292774
v 0.066609 -0.008927 0.292774
v 0.067106 -0.008740 0.290427
v 0.067106 -0.008740 0.290427
v 0.066609 -0.009242 0.290434
v 0.066609 -0.009242 0.290434
v 0.067106 -0.004238 0.282817
v 0.067106 -0.004238 0.282817
v 0.067106 -0.004238 0.282817
v 0.066609 -0.004621 0.282483
v 0.066609 -0.004621 0.282483
v 0.066609 -0.004621 0.282483
v 0.066609 -0.004621 0.282483
v 0.066609 -0.006535 0.283848
v 0.066609 -0.006535 0.283848
v 0.067106 -0.006180 0.284202
v 0.067106 -0.006180 0.284202
v 0.066609 -0.008003 0.285762
v 0.066609 -0.008003 0.285762
v 0.067106 -0.007569 0.286012
v 0.067106 -0.007569 0.286012
v 0.066609 -0.008927 0.287991
v 0.066609 -0.008927 0.287991
v 0.067106 -0.008443 0.288120
v 0.067106 -0.008443 0.288120
v 0.081628 -0.006771 0.217129
v 0.081628 -0.006771 0.217129
v 0.082114 -0.006267 0.217216
v 0.082114 -0.006267 0.217216
v 0.073215 -0.006771 0.264319
v 0.073215 -0.006771 0.264319
v 0.073686 -0.006267 0.264232
v 0.073686 -0.006267 0.264232
v 0.069237 -0.004812 0.271421
v 0.069237 -0.004812 0.271421
v 0.069750 -0.004323 0.271266
v 0.069750 -0.004323 0.271266
v 0.067367 -0.003487 0.278677
v 0.067367 -0.003487 0.278677
v 0.066876 -0.003971 0.278910
v 0.066876 -0.003971 0.278910
v 0.078706 -0.003971 0.202537
v 0.078706 -0.003971 0.202537
v 0.079199 -0.003487 0.202771
v 0.079199 -0.003487 0.202771
v 0.080342 -0.004323 0.210181
v 0.080342 -0.004323 0.210181
v 0.079837 -0.004812 0.210026
v 0.079837 -0.004812 0.210026
v 0.076585 -0.001620 0.197008
v 0.076585 -0.001620 0.197008
v 0.077082 -0.001490 0.196523
v 0.076585 -0.003130 0.196383
v 0.076585 -0.003130 0.196383
v 0.077082 -0.002879 0.195948
v 0.076585 -0.004427 0.195388
v 0.076585 -0.004427 0.195388
v 0.077082 -0.004072 0.195033
v 0.076585 -0.005422 0.194092
v 0.076585 -0.005422 0.194092
v 0.077082 -0.004987 0.193840
v 0.076585 -0.006048 0.192582
v 0.076585 -0.006048 0.192582
v 0.077082 -0.005562 0.192452
v 0.076585 -0.006260 0.190969
v 0.076585 -0.006260 0.190969
v 0.077082 -0.005758 0.190961
v 0.076585 -0.006046 0.189341
v 0.076585 -0.006046 0.189341
v 0.077082 -0.005562 0.189471
v 0.076585 -0.005421 0.187831
v 0.076585 -0.005421 0.187831
v 0.077082 -0.004987 0.188082
v 0.076585 -0.001624 0.184917
v 0.076585 -0.001624 0.184917
v 0.077082 -0.001490 0.185399
v 0.077082 -0.002879 0.185974
v 0.076585 -0.003136 0.185544
v 0.076585 -0.003136 0.185544
v 0.076585 -0.004427 0.186535
v 0.076585 -0.004427 0.186535
v 0.077082 -0.004072 0.186889
v 0.076585 -0.004238 0.198631
v 0.076585 -0.004238 0.198631
v 0.077082 -0.004621 0.198965
v 0.077082 -0.004621 0.198965
v 0.077082 -0.004621 0.198965
v 0.077082 -0.006535 0.197496
v 0.077082 -0.006535 0.197496
v 0.076585 -0.006180 0.197141
v 0.076585 -0.006180 0.197141
v 0.077082 -0.008003 0.195582
v 0.077082 -0.008003 0.195582
v 0.076585 -0.007568 0.195331
v 0.076585 -0.007568 0.195331
v 0.077082 -0.008927 0.193353
v 0.077082 -0.008927 0.193353
v 0.076585 -0.008441 0.193223
v 0.076585 -0.008441 0.193223
v 0.077082 -0.009242 0.191013
v 0.077082 -0.009242 0.191013
v 0.076585 -0.008739 0.191006
v 0.076585 -0.008739 0.191006
v 0.076585 -0.002259 0.182618
v 0.076585 -0.002259 0.182618
v 0.077082 -0.002392 0.182138
v 0.077082 -0.002392 0.182138
v 0.076585 -0.004365 0.183489
v 0.076585 -0.004365 0.183489
v 0.077082 -0.004621 0.183061
v 0.077082 -0.004621 0.183061
v 0.076585 -0.006179 0.184782
v 0.076585 -0.006179 0.184782
v 0.077082 -0.006535 0.184426
v 0.077082 -0.006535 0.184426
v 0.076585 -0.007568 0.186592
v 0.076585 -0.007568 0.186592
v 0.077082 -0.008003 0.186340
v 0.077082 -0.008003 0.186340
v 0.076585 -0.008442 0.188699
v 0.076585 -0.008442 0.188699
v 0.077082 -0.008927 0.188569
v 0.077082 -0.008927 0.188569
v 0.065118 -0.002392 0.299309
v 0.065118 -0.002392 0.299309
v 0.064621 -0.002262 0.298825
v 0.064621 -0.002262 0.298825
v 0.065118 -0.004621 0.298386
v 0.065118 -0.004621 0.298386
v 0.064621 -0.004370 0.297951
v 0.064621 -0.004370 0.297951
v 0.065118 -0.006535 0.296917
v 0.065118 -0.006535 0.296917
v 0.064621 -0.006180 0.296562
v 0.064621 -0.006180 0.296562
v 0.065118 -0.008003 0.295003
v 0.065118 -0.008003 0.295003
v 0.064621 -0.007569 0.294752
v 0.064621 -0.007569 0.294752
v 0.065118 -0.008927 0.292774
v 0.065118 -0.008927 0.292774
v 0.064621 -0.008442 0.292644
v 0.064621 -0.008442 0.292644
v 0.065118 -0.009242 0.290434
v 0.065118 -0.009242 0.290434
v 0.064621 -0.008740 0.290427
v 0.064621 -0.008740 0.290427
v 0.065118 -0.004621 0.282483
v 0.065118 -0.004621 0.282483
v 0.065118 -0.004621 0.282483
v 0.064621 -0.004238 0.282817
v 0.064621 -0.004238 0.282817
v 0.064621 -0.006180 0.284202
v 0.064621 -0.006180 0.284202
v 0.065118 -0.006535 0.283848
v 0.065118 -0.006535 0.283848
v 0.064621 -0.007569 0.286012
v 0.064621 -0.007569 0.286012
v 0.065118 -0.008003 0.285762
v 0.065118 -0.008003 0.285762
v 0.064621 -0.008443 0.288120
v 0.064621 -0.008443 0.288120
v 0.065118 -0.008927 0.287991
v 0.065118 -0.008927 0.287991
v 0.065385 -0.003971 0.278910
v 0.065385 -0.003971 0.278910
v 0.064881 -0.003487 0.278677
v 0.064881 -0.003487 0.278677
v 0.078346 -0.004812 0.210026
v 0.078346 -0.004812 0.210026
v 0.077857 -0.004323 0.210181
v 0.077857 -0.004323 0.210181
v 0.079629 -0.006267 0.217216
v 0.079629 -0.006267 0.217216
v 0.080136 -0.006771 0.217129
v 0.080136 -0.006771 0.217129
v 0.071212 -0.006267 0.264232
v 0.071212 -0.006267 0.264232
v 0.071731 -0.006771 0.264319
v 0.071731 -0.006771 0.264319
v 0.067268 -0.004323 0.271266
v 0.067268 -0.004323 0.271266
v 0.067748 -0.004812 0.271421
v 0.067748 -0.004812 0.271421
v 0.076714 -0.003487 0.202771
v 0.076714 -0.003487 0.202771
v 0.077214 -0.003971 0.202537
v 0.077214 -0.003971 0.202537
v 0.083495 0.006045 0.242285
v 0.084039 0.006041 0.239067
v 0.084133 -0.000000 0.239069
v 0.083600 -0.000000 0.242276
v 0.081554 0.006041 0.239067
v 0.081009 0.006045 0.242290
v 0.081114 -0.000000 0.242282
v 0.081640 -0.000000 0.239069
v 0.083144 0.011835 0.242304
v 0.083144 0.011835 0.242304
v 0.083658 0.011823 0.239068
v 0.083658 0.011823 0.239068
v 0.084143 0.011299 0.239068
v 0.084143 0.011299 0.239068
v 0.083625 0.011312 0.242298
v 0.083625 0.011312 0.242298
v 0.081138 0.011311 0.242304
v 0.081138 0.011311 0.242304
v 0.081657 0.011299 0.239067
v 0.081657 0.011299 0.239067
v 0.082167 0.011823 0.239068
v 0.082167 0.011823 0.239068
v 0.081653 0.011834 0.242307
v 0.081653 0.011834 0.242307
v 0.084039 -0.006041 0.239067
v 0.083495 -0.006045 0.242285
v 0.081009 -0.006045 0.242290
v 0.081554 -0.006041 0.239067
v 0.083658 -0.011823 0.239068
v 0.083658 -0.011823 0.239068
v 0.083144 -0.011835 0.242304
v 0.083144 -0.011835 0.242304
v 0.083625 -0.011312 0.242298
v 0.083625 -0.011312 0.242298
v 0.084143 -0.011299 0.239068
v 0.084143 -0.011299 0.239068
v 0.081657 -0.011299 0.239067
v 0.081657 -0.011299 0.239067
v 0.081138 -0.011311 0.242304
v 0.081138 -0.011311 0.242304
v 0.081653 -0.011834 0.242307
v 0.081653 -0.011834 0.242307
v 0.082167 -0.011823 0.239068
v 0.082167 -0.011823 0.239068
v 0.065242 0.001490 0.295945
v 0.064621 0.001653 0.296550
v 0.064621 0.001653 0.296550
v 0.064621 -0.000000 0.296768
v 0.064621 -0.000000 0.296768
v 0.065242 -0.000000 0.296141
v 0.065242 0.002879 0.295369
v 0.064621 0.003193 0.295912
v 0.064621 0.003193 0.295912
v 0.065242 0.004072 0.294454
v 0.064621 0.004515 0.294898
v 0.064621 0.004515 0.294898
v 0.065242 0.004987 0.293262
v 0.064621 0.005530 0.293575
v 0.064621 0.005530 0.293575
v 0.065242 0.005562 0.291873
v 0.064621 0.006168 0.292035
v 0.064621 0.006168 0.292035
v 0.065243 0.005758 0.290382
v 0.064621 0.006385 0.290392
v 0.064621 0.006385 0.290392
v 0.065243 0.005562 0.288892
v 0.064621 0.006166 0.288730
v 0.064621 0.006166 0.288730
v 0.065243 0.004987 0.287503
v 0.064621 0.005528 0.287191
v 0.064621 0.005528 0.287191
v 0.065243 0.001490 0.284820
v 0.064621 0.001658 0.284213
v 0.064621 0.001658 0.284213
v 0.064621 0.003172 0.284840
v 0.064621 0.003172 0.284840
v 0.065243 0.002879 0.285395
v 0.065439 -0.000000 0.284624
v 0.064805 -0.000000 0.283995
v 0.064805 -0.000000 0.283995
v 0.065243 0.004072 0.286311
v 0.064621 0.004514 0.285869
v 0.064621 0.004514 0.285869
v 0.064621 -0.001653 0.296550
v 0.064621 -0.001653 0.296550
v 0.065242 -0.001490 0.295945
v 0.064621 -0.003193 0.295912
v 0.064621 -0.003193 0.295912
v 0.065242 -0.002879 0.295369
v 0.064621 -0.004515 0.294898
v 0.064621 -0.004515 0.294898
v 0.065242 -0.004072 0.294454
v 0.064621 -0.005530 0.293575
v 0.064621 -0.005530 0.293575
v 0.065242 -0.004987 0.293262
v 0.064621 -0.006168 0.292035
v 0.064621 -0.006168 0.292035
v 0.065242 -0.005562 0.291873
v 0.064621 -0.006385 0.290392
v 0.064621 -0.006385 0.290392
v 0.065243 -0.005758 0.290382
v 0.064621 -0.006166 0.288730
v 0.064621 -0.006166 0.288730
v 0.065243 -0.005562 0.288892
v 0.064621 -0.005528 0.287191
v 0.064621 -0.005528 0.287191
v 0.065243 -0.004987 0.287503
v 0.064621 -0.001658 0.284213
v 0.064621 -0.001658 0.284213
v 0.065243 -0.001490 0.284820
v 0.065243 -0.002879 0.285395
v 0.064621 -0.003172 0.284840
v 0.064621 -0.003172 0.284840
v 0.064621 -0.004514 0.285869
v 0.064621 -0.004514 0.285869
v 0.065243 -0.004072 0.286311
v -0.068465 0.004833 0.257743
v -0.071949 0.005665 0.250210
v -0.071971 0.000000 0.250121
v -0.068451 0.000000 0.257655
v -0.069475 0.005665 0.250202
v -0.065976 0.004828 0.257769
v -0.065963 0.000000 0.257680
v -0.069497 0.000000 0.250113
v -0.072146 0.010055 0.250473
v -0.072146 0.010055 0.250473
v -0.068679 0.008296 0.257980
v -0.068679 0.008296 0.257980
v -0.068232 0.008810 0.258033
v -0.068232 0.008810 0.258033
v -0.071697 0.010576 0.250498
v -0.071697 0.010576 0.250498
v -0.070212 0.010576 0.250495
v -0.070212 0.010576 0.250495
v -0.066736 0.008804 0.258052
v -0.066736 0.008804 0.258052
v -0.066187 0.008286 0.258009
v -0.066187 0.008286 0.258009
v -0.069672 0.010056 0.250464
v -0.069672 0.010056 0.250464
v -0.071949 -0.005665 0.250210
v -0.068465 -0.004833 0.257743
v -0.065976 -0.004828 0.257769
v -0.069475 -0.005665 0.250202
v -0.068679 -0.008296 0.257980
v -0.068679 -0.008296 0.257980
v -0.072146 -0.010055 0.250473
v -0.072146 -0.010055 0.250473
v -0.071697 -0.010576 0.250498
v -0.071697 -0.010576 0.250498
v -0.068232 -0.008810 0.258033
v -0.068232 -0.008810 0.258033
v -0.066736 -0.008804 0.258052
v -0.066736 -0.008804 0.258052
v -0.070212 -0.010576 0.250495
v -0.070212 -0.010576 0.250495
v -0.069672 -0.010056 0.250464
v -0.069672 -0.010056 0.250464
v -0.066187 -0.008286 0.258009
v -0.066187 -0.008286 0.258009
v 0.080958 0.005665 0.250210
v 0.077474 0.004833 0.257743
v 0.077461 -0.000000 0.257655
v 0.080980 -0.000000 0.250121
v 0.074985 0.004828 0.257769
v 0.078484 0.005665 0.250202
v 0.078506 -0.000000 0.250113
v 0.074972 -0.000000 0.257680
v 0.077688 0.008296 0.257980
v 0.077688 0.008296 0.257980
v 0.081155 0.010055 0.250473
v 0.081155 0.010055 0.250473
v 0.080706 0.010576 0.250498
v 0.080706 0.010576 0.250498
v 0.077241 0.008810 0.258033
v 0.077241 0.008810 0.258033
v 0.075745 0.008804 0.258052
v 0.075745 0.008804 0.258052
v 0.079221 0.010576 0.250495
v 0.079221 0.010576 0.250495
v 0.078681 0.010056 0.250464
v 0.078681 0.010056 0.250464
v 0.075197 0.008286 0.258009
v 0.075197 0.008286 0.258009
v 0.077474 -0.004833 0.257743
v 0.080958 -0.005665 0.250210
v 0.078484 -0.005665 0.250202
v 0.074985 -0.004828 0.257769
v 0.081155 -0.010055 0.250473
v 0.081155 -0.010055 0.250473
v 0.077688 -0.008296 0.257980
v 0.077688 -0.008296 0.257980
v 0.077241 -0.008810 0.258033
v 0.077241 -0.008810 0.258033
v 0.080706 -0.010576 0.250498
v 0.080706 -0.010576 0.250498
v 0.079221 -0.010576 0.250495
v 0.079221 -0.010576 0.250495
v 0.075745 -0.008804 0.258052
v 0.075745 -0.008804 0.258052
v 0.075197 -0.008286 0.258009
v 0.075197 -0.008286 0.258009
v 0.078681 -0.010056 0.250464
v 0.078681 -0.010056 0.250464
v -0.075291 0.005654 0.231023
v -0.074553 0.004827 0.223669
v -0.074515 -0.000001 0.223745
v -0.075239 0.000000 0.231132
v -0.072064 0.004825 0.223657
v -0.072805 0.005654 0.231023
v -0.072708 0.000000 0.231132
v -0.072025 0.000000 0.223722
v -0.074624 0.008286 0.223438
v -0.074624 0.008286 0.223438
v -0.075385 0.010017 0.230728
v -0.075385 0.010017 0.230728
v -0.074905 0.010536 0.230692
v -0.074905 0.010536 0.230692
v -0.074146 0.008805 0.223400
v -0.074146 0.008805 0.223400
v -0.072653 0.008803 0.223394
v -0.072653 0.008803 0.223394
v -0.073413 0.010536 0.230692
v -0.073413 0.010536 0.230692
v -0.072899 0.010017 0.230727
v -0.072899 0.010017 0.230727
v -0.072135 0.008282 0.223425
v -0.072135 0.008282 0.223425
v -0.074553 -0.004827 0.223669
v -0.075291 -0.005654 0.231023
v -0.072805 -0.005654 0.231023
v -0.072064 -0.004825 0.223657
v -0.075385 -0.010017 0.230728
v -0.075385 -0.010017 0.230728
v -0.074624 -0.008286 0.223438
v -0.074624 -0.008286 0.223438
v -0.074146 -0.008805 0.223400
v -0.074146 -0.008805 0.223400
v -0.074905 -0.010536 0.230692
v -0.074905 -0.010536 0.230692
v -0.073413 -0.010536 0.230692
v -0.073413 -0.010536 0.230692
v -0.072653 -0.008803 0.223394
v -0.072653 -0.008803 0.223394
v -0.072135 -0.008282 0.223425
v -0.072135 -0.008282 0.223425
v -0.072899 -0.010017 0.230727
v -0.072899 -0.010017 0.230727
v 0.083562 0.004827 0.223669
v 0.084300 0.005654 0.231023
v 0.084248 -0.000000 0.231132
v 0.083524 -0.000001 0.223745
v 0.081815 0.005654 0.231023
v 0.081073 0.004825 0.223657
v 0.081034 -0.000000 0.223722
v 0.081717 -0.000000 0.231132
v 0.084394 0.010017 0.230728
v 0.084394 0.010017 0.230728
v 0.083633 0.008286 0.223438
v 0.083633 0.008286 0.223438
v 0.083155 0.008805 0.223400
v 0.083155 0.008805 0.223400
v 0.083914 0.010536 0.230692
v 0.083914 0.010536 0.230692
v 0.082422 0.010536 0.230692
v 0.082422 0.010536 0.230692
v 0.081662 0.008803 0.223394
v 0.081662 0.008803 0.223394
v 0.081144 0.008282 0.223425
v 0.081144 0.008282 0.223425
v 0.081908 0.010017 0.230727
v 0.081908 0.010017 0.230727
v 0.084300 -0.005654 0.231023
v 0.083562 -0.004827 0.223669
v 0.081073 -0.004825 0.223657
v 0.081815 -0.005654 0.231023
v 0.083633 -0.008286 0.223438
v 0.083633 -0.008286 0.223438
v 0.084394 -0.010017 0.230728
v 0.084394 -0.010017 0.230728
v 0.083914 -0.010536 0.230692
v 0.083914 -0.010536 0.230692
v 0.083155 -0.008805 0.223400
v 0.083155 -0.008805 0.223400
v 0.081662 -0.008803 0.223394
v 0.081662 -0.008803 0.223394
v 0.082422 -0.010536 0.230692
v 0.082422 -0.010536 0.230692
v 0.081908 -0.010017 0.230727
v 0.081908 -0.010017 0.230727
v 0.081144 -0.008282 0.223425
v 0.081144 -0.008282 0.223425
v 0.127985 -0.000000 0.004748
v 0.127985 -0.000000 0.004748
v 0.127912 0.007107 0.006370
v 0.127423 0.012806 0.010915
v 0.126849 0.015969 0.017482
v 0.126742 0.016379 0.021127
v 0.126849 0.015969 0.024772
v 0.127423 0.012806 0.031339
v 0.127912 0.007107 0.035884
v 0.127985 -0.000000 0.037506
v 0.127912 -0.007107 0.035884
v 0.127423 -0.012806 0.031339
v 0.126849 -0.015969 0.024772
v 0.126742 -0.016379 0.021127
v 0.126849 -0.015969 0.017482
v 0.127423 -0.012806 0.010915
v 0.127912 -0.007107 0.006370
v 0.128979 -0.000000 0.005853
v 0.128979 -0.000000 0.005853
v 0.128979 -0.000000 0.005853
v 0.128979 -0.000000 0.005853
v 0.128876 0.006627 0.007366
v 0.128876 0.006627 0.007366
v 0.128380 0.011942 0.011604
v 0.128380 0.011942 0.011604
v 0.127841 0.014891 0.017728
v 0.127841 0.014891 0.017728
v 0.127743 0.015274 0.021127
v 0.127743 0.015274 0.021127
v 0.127841 0.014891 0.024526
v 0.127841 0.014891 0.024526
v 0.128380 0.011942 0.030650
v 0.128380 0.011942 0.030650
v 0.128876 0.006627 0.034888
v 0.128876 0.006627 0.034888
v 0.128979 -0.000000 0.036401
v 0.128979 -0.000000 0.036401
v 0.128876 -0.006627 0.034888
v 0.128876 -0.006627 0.034888
v 0.128380 -0.011942 0.030650
v 0.128380 -0.011942 0.030650
v 0.127841 -0.014891 0.024526
v 0.127841 -0.014891 0.024526
v 0.127743 -0.015274 0.021127
v 0.127743 -0.015274 0.021127
v 0.127841 -0.014891 0.017728
v 0.127841 -0.014891 0.017728
v 0.128380 -0.011942 0.011604
v 0.128380 -0.011942 0.011604
v 0.128876 -0.006627 0.007366
v 0.128876 -0.006627 0.007366
v 0.128719 -0.000000 0.004347
v 0.128719 -0.000000 0.004347
v 0.129181 -0.000000 0.005010
v 0.129181 -0.000000 0.005010
v 0.129100 0.006993 0.006606
v 0.128654 0.007281 0.006009
v 0.128604 0.012601 0.011078
v 0.128165 0.013119 0.010665
v 0.128042 0.015713 0.017541
v 0.127588 0.016359 0.017393
v 0.127938 0.016117 0.021127
v 0.127476 0.016780 0.021127
v 0.128042 0.015713 0.024713
v 0.127588 0.016359 0.024861
v 0.128604 0.012601 0.031176
v 0.128165 0.013119 0.031589
v 0.129100 0.006993 0.035648
v 0.128654 0.007281 0.036245
v 0.129181 -0.000000 0.037244
v 0.128719 -0.000000 0.037907
v 0.129100 -0.006993 0.035648
v 0.128654 -0.007281 0.036245
v 0.128604 -0.012601 0.031176
v 0.128165 -0.013119 0.031589
v 0.128042 -0.015713 0.024713
v 0.127588 -0.016359 0.024861
v 0.127938 -0.016117 0.021127
v 0.127476 -0.016780 0.021127
v 0.128042 -0.015713 0.017541
v 0.127588 -0.016359 0.017393
v 0.128604 -0.012601 0.011078
v 0.128165 -0.013119 0.010665
v 0.129100 -0.006993 0.006606
v 0.128654 -0.007281 0.006009
v 0.133205 -0.000000 0.008059
v 0.133205 -0.000000 0.008059
v 0.133205 -0.000000 0.008059
v 0.133205 -0.000000 0.008059
v 0.133075 0.005670 0.009353
v 0.133075 0.005670 0.009353
v 0.132645 0.010217 0.012979
v 0.132645 0.010217 0.012979
v 0.132223 0.012740 0.018219
v 0.132223 0.012740 0.018219
v 0.132154 0.013068 0.021127
v 0.132154 0.013068 0.021127
v 0.132223 0.012740 0.024035
v 0.132223 0.012740 0.024035
v 0.132645 0.010217 0.029275
v 0.132645 0.010217 0.029275
v 0.133075 0.005670 0.032901
v 0.133075 0.005670 0.032901
v 0.133205 -0.000000 0.034195
v 0.133205 -0.000000 0.034195
v 0.133075 -0.005670 0.032901
v 0.133075 -0.005670 0.032901
v 0.132645 -0.010217 0.029275
v 0.132645 -0.010217 0.029275
v 0.132223 -0.012740 0.024035
v 0.132223 -0.012740 0.024035
v 0.132154 -0.013068 0.021127
v 0.132154 -0.013068 0.021127
v 0.132223 -0.012740 0.018219
v 0.132223 -0.012740 0.018219
v 0.132645 -0.010217 0.012979
v 0.132645 -0.010217 0.012979
v 0.133075 -0.005670 0.009353
v 0.133075 -0.005670 0.009353
v 0.132708 -0.000000 0.006448
v 0.132708 -0.000000 0.006448
v 0.130873 -0.000000 0.005853
v 0.130873 -0.000000 0.005853
v 0.130774 0.006627 0.007366
v 0.132609 0.006369 0.007902
v 0.130286 0.011942 0.011604
v 0.132150 0.011476 0.011975
v 0.129755 0.014891 0.017728
v 0.131663 0.014311 0.017861
v 0.129661 0.015274 0.021127
v 0.131580 0.014679 0.021127
v 0.129755 0.014891 0.024526
v 0.131663 0.014311 0.024393
v 0.130286 0.011942 0.030650
v 0.132150 0.011476 0.030279
v 0.130774 0.006627 0.034888
v 0.132609 0.006369 0.034352
v 0.130873 -0.000000 0.036401
v 0.132708 -0.000000 0.035806
v 0.130774 -0.006627 0.034888
v 0.132609 -0.006369 0.034352
v 0.130286 -0.011942 0.030650
v 0.132150 -0.011476 0.030279
v 0.129755 -0.014891 0.024526
v 0.131663 -0.014311 0.024393
v 0.129661 -0.015274 0.021127
v 0.131580 -0.014679 0.021127
v 0.129755 -0.014891 0.017728
v 0.131663 -0.014311 0.017861
v 0.130286 -0.011942 0.011604
v 0.132150 -0.011476 0.011975
v 0.130774 -0.006627 0.007366
v 0.132609 -0.006369 0.007902
v 0.135193 -0.004162 0.012484
v 0.134899 -0.007501 0.015146
v 0.134647 -0.009353 0.018992
v 0.134609 -0.009594 0.021127
v 0.134647 -0.009353 0.023262
v 0.134899 -0.007501 0.027109
v 0.135193 -0.004162 0.029771
v 0.135336 -0.000000 0.030721
v 0.135193 0.004162 0.029771
v 0.134899 0.007501 0.027109
v 0.134647 0.009353 0.023262
v 0.134609 0.009594 0.021127
v 0.134647 0.009353 0.018992
v 0.134899 0.007501 0.015146
v 0.135193 0.004162 0.012484
v 0.135336 -0.000000 0.011533
v 0.135336 -0.000000 0.011533
v 0.135199 -0.000000 0.009817
v 0.135199 -0.000000 0.009817
v 0.135073 0.004907 0.010937
v 0.134726 0.008842 0.014075
v 0.134407 0.011026 0.018610
v 0.134357 0.011310 0.021127
v 0.134407 0.011026 0.023644
v 0.134726 0.008842 0.028179
v 0.135073 0.004907 0.031317
v 0.135199 -0.000000 0.032437
v 0.135073 -0.004907 0.031317
v 0.134726 -0.008842 0.028179
v 0.134407 -0.011026 0.023644
v 0.134357 -0.011310 0.021127
v 0.134407 -0.011026 0.018610
v 0.134726 -0.008842 0.014075
v 0.135073 -0.004907 0.010937
v 0.134650 -0.000000 0.008581
v 0.134650 -0.000000 0.008581
v 0.134072 -0.000000 0.008008
v 0.134072 -0.000000 0.008008
v 0.133957 0.005692 0.009307
v 0.134534 0.005443 0.009824
v 0.133544 0.010257 0.012947
v 0.134146 0.009809 0.013305
v 0.133137 0.012790 0.018208
v 0.133771 0.012231 0.018335
v 0.133070 0.013119 0.021127
v 0.133710 0.012546 0.021127
v 0.133137 0.012790 0.024046
v 0.133771 0.012231 0.023919
v 0.133544 0.010257 0.029307
v 0.134146 0.009809 0.028949
v 0.133957 0.005692 0.032947
v 0.134534 0.005443 0.032430
v 0.134072 -0.000000 0.034246
v 0.134650 -0.000000 0.033673
v 0.133957 -0.005692 0.032947
v 0.134534 -0.005443 0.032430
v 0.133544 -0.010257 0.029307
v 0.134146 -0.009809 0.028949
v 0.133137 -0.012790 0.024046
v 0.133771 -0.012231 0.023919
v 0.133070 -0.013119 0.021127
v 0.133710 -0.012546 0.021127
v 0.133137 -0.012790 0.018208
v 0.133771 -0.012231 0.018335
v 0.133544 -0.010257 0.012947
v 0.134146 -0.009809 0.013305
v 0.133957 -0.005692 0.009307
v 0.134534 -0.005443 0.009824
v 0.134721 -0.003575 0.013704
v 0.134721 -0.003575 0.013704
v 0.134464 -0.006441 0.015990
v 0.134464 -0.006441 0.015990
v 0.134257 -0.008032 0.019294
v 0.134257 -0.008032 0.019294
v 0.134226 -0.008239 0.021127
v 0.134226 -0.008239 0.021127
v 0.134226 -0.008239 0.021127
v 0.134257 -0.008032 0.022960
v 0.134257 -0.008032 0.022960
v 0.134464 -0.006441 0.026264
v 0.134464 -0.006441 0.026264
v 0.134721 -0.003575 0.028550
v 0.134721 -0.003575 0.028550
v 0.134872 -0.000000 0.029366
v 0.134872 -0.000000 0.029366
v 0.134721 0.003575 0.028550
v 0.134721 0.003575 0.028550
v 0.134464 0.006441 0.026264
v 0.134464 0.006441 0.026264
v 0.134257 0.008032 0.022960
v 0.134257 0.008032 0.022960
v 0.134226 0.008239 0.021127
v 0.134226 0.008239 0.021127
v 0.134226 0.008239 0.021127
v 0.134257 0.008032 0.019294
v 0.134257 0.008032 0.019294
v 0.134464 0.006441 0.015990
v 0.134464 0.006441 0.015990
v 0.134721 0.003575 0.013704
v 0.134721 0.003575 0.013704
v 0.134872 -0.000000 0.012888
v 0.134872 -0.000000 0.012888
v 0.134872 -0.000000 0.012888
v 0.135392 -0.002723 0.015473
v 0.135216 -0.004906 0.017214
v 0.135084 -0.006118 0.019731
v 0.135065 -0.006275 0.021127
v 0.135065 -0.006275 0.021127
v 0.135084 -0.006118 0.022523
v 0.135216 -0.004906 0.025040
v 0.135392 -0.002723 0.026781
v 0.135514 -0.000000 0.027402
v 0.135392 0.002723 0.026781
v 0.135216 0.004906 0.025040
v 0.135084 0.006118 0.022523
v 0.135065 0.006275 0.021127
v 0.135065 0.006275 0.021127
v 0.135084 0.006118 0.019731
v 0.135216 0.004906 0.017214
v 0.135392 0.002723 0.015473
v 0.135514 -0.000000 0.014852
v 0.137800 -0.002399 0.016145
v 0.137682 -0.004323 0.017680
v 0.137593 -0.005390 0.019897
v 0.137580 -0.005529 0.021127
v 0.137580 -0.005529 0.021127
v 0.137593 -0.005390 0.022357
v 0.137682 -0.004323 0.024574
v 0.137800 -0.002399 0.026109
v 0.137877 -0.000000 0.026656
v 0.137800 0.002399 0.026109
v 0.137682 0.004323 0.024574
v 0.137593 0.005390 0.022357
v 0.137580 0.005529 0.021127
v 0.137580 0.005529 0.021127
v 0.137593 0.005390 0.019897
v 0.137682 0.004323 0.017680
v 0.137800 0.002399 0.016145
v 0.137877 -0.000000 0.015598
v 0.140443 -0.002201 0.016556
v 0.140377 -0.003967 0.017964
v 0.140320 -0.004946 0.020717
v 0.140320 -0.004946 0.020717
v 0.140320 -0.004946 0.020717
v 0.140320 -0.004946 0.021127
v 0.140320 -0.004946 0.021127
v 0.140320 -0.004946 0.021127
v 0.140320 -0.004946 0.021537
v 0.140320 -0.004946 0.021537
v 0.140320 -0.004946 0.021537
v 0.140377 -0.003967 0.024290
v 0.140443 -0.002201 0.025698
v 0.140472 -0.000000 0.026201
v 0.140443 0.002201 0.025698
v 0.140377 0.003967 0.024290
v 0.140320 0.004946 0.021537
v 0.140320 0.004946 0.021537
v 0.140320 0.004946 0.021537
v 0.140320 0.004946 0.021127
v 0.140320 0.004946 0.021127
v 0.140320 0.004946 0.021127
v 0.140320 0.004946 0.020717
v 0.140320 0.004946 0.020717
v 0.140320 0.004946 0.020717
v 0.140377 0.003967 0.017964
v 0.140443 0.002201 0.016556
v 0.140472 -0.000000 0.016054
v 0.160430 -0.001285 0.018458
v 0.160388 -0.002316 0.019280
v 0.160344 -0.002888 0.020717
v 0.160344 -0.002888 0.020717
v 0.160344 -0.002888 0.021537
v 0.160344 -0.002888 0.021537
v 0.160388 -0.002316 0.022974
v 0.160430 -0.001285 0.023796
v 0.160445 -0.000000 0.024090
v 0.160430 0.001285 0.023796
v 0.160388 0.002316 0.022974
v 0.160344 0.002888 0.021537
v 0.160344 0.002888 0.021537
v 0.160344 0.002888 0.020717
v 0.160344 0.002888 0.020717
v 0.160388 0.002316 0.019280
v 0.160430 0.001285 0.018458
v 0.160445 -0.000000 0.018164
v 0.158537 -0.002079 0.016809
v 0.159652 -0.001921 0.017137
v 0.159619 -0.003462 0.018366
v 0.158511 -0.003747 0.018139
v 0.159601 -0.004317 0.020717
v 0.159601 -0.004317 0.020717
v 0.158500 -0.004672 0.020717
v 0.158500 -0.004672 0.020717
v 0.158500 -0.004672 0.021537
v 0.158500 -0.004672 0.021537
v 0.159601 -0.004317 0.021537
v 0.159601 -0.004317 0.021537
v 0.159619 -0.003462 0.023888
v 0.158511 -0.003747 0.024115
v 0.159652 -0.001921 0.025117
v 0.158537 -0.002079 0.025445
v 0.158550 -0.000000 0.025919
v 0.159669 -0.000000 0.025555
v 0.159652 0.001921 0.025117
v 0.158537 0.002079 0.025445
v 0.159619 0.003462 0.023888
v 0.158511 0.003747 0.024115
v 0.158500 0.004672 0.021537
v 0.158500 0.004672 0.021537
v 0.159601 0.004317 0.021537
v 0.159601 0.004317 0.021537
v 0.159601 0.004317 0.020717
v 0.159601 0.004317 0.020717
v 0.158500 0.004672 0.020717
v 0.158500 0.004672 0.020717
v 0.159619 0.003462 0.018366
v 0.158511 0.003747 0.018139
v 0.158537 0.002079 0.016809
v 0.159652 0.001921 0.017137
v 0.158550 -0.000000 0.016335
v 0.159669 -0.000000 0.016699
v 0.160445 -0.000000 0.021537
v 0.160445 -0.000000 0.021537
v 0.160395 -0.002316 0.021537
v 0.160395 -0.002316 0.021537
v 0.160431 -0.001285 0.021537
v 0.160431 -0.001285 0.021537
v 0.160431 0.001285 0.021537
v 0.160431 0.001285 0.021537
v 0.160395 0.002316 0.021537
v 0.160395 0.002316 0.021537
v 0.160431 -0.001285 0.020717
v 0.160431 -0.001285 0.020717
v 0.160431 0.001285 0.020717
v 0.160431 0.001285 0.020717
v 0.160395 0.002316 0.020717
v 0.160395 0.002316 0.020717
v 0.160445 -0.000000 0.020717
v 0.160445 -0.000000 0.020717
v 0.160395 -0.002316 0.020717
v 0.160395 -0.002316 0.020717
v 0.140468 -0.000000 0.021127
v 0.140468 -0.000000 0.021537
v 0.140468 -0.000000 0.021537
v 0.140468 -0.000000 0.020717
v 0.140468 -0.000000 0.020717
v 0.158571 -0.000000 0.021537
v 0.159686 -0.000000 0.021537
v 0.158571 -0.000000 0.020717
v 0.159686 -0.000000 0.020717
v 0.159673 -0.001285 0.021537
v 0.159673 -0.001285 0.020717
v 0.158528 -0.002888 0.021537
v 0.159649 -0.002316 0.021537
v 0.158528 -0.002888 0.020717
v 0.159649 -0.002316 0.020717
v 0.159673 0.001285 0.021537
v 0.159673 0.001285 0.020717
v 0.158528 0.002888 0.021537
v 0.159649 0.002316 0.021537
v 0.158528 0.002888 0.020717
v 0.159649 0.002316 0.020717
v 0.140402 0.002888 0.020717
v 0.140402 0.002888 0.020717
v 0.159633 0.002888 0.021537
v 0.159633 0.002888 0.020717
v 0.140402 0.002888 0.021127
v 0.140402 0.002888 0.021537
v 0.140402 0.002888 0.021537
v 0.140402 -0.002888 0.021127
v 0.140402 -0.002888 0.021537
v 0.140402 -0.002888 0.021537
v 0.140402 -0.002888 0.020717
v 0.140402 -0.002888 0.020717
v 0.159633 -0.002888 0.021537
v 0.159633 -0.002888 0.020717
v 0.120995 -0.040664 0.004748
v 0.120995 -0.040664 0.004748
v 0.123268 -0.033931 0.006370
v 0.124684 -0.028388 0.010915
v 0.125185 -0.025213 0.017482
v 0.125220 -0.024790 0.021127
v 0.125185 -0.025213 0.024772
v 0.124684 -0.028388 0.031339
v 0.123268 -0.033931 0.035884
v 0.120995 -0.040664 0.037506
v 0.118584 -0.047350 0.035884
v 0.116243 -0.052569 0.031339
v 0.114659 -0.055366 0.024772
v 0.114423 -0.055719 0.021127
v 0.114659 -0.055366 0.017482
v 0.116243 -0.052569 0.010915
v 0.118584 -0.047350 0.006370
v 0.121933 -0.040992 0.005853
v 0.121933 -0.040992 0.005853
v 0.121933 -0.040992 0.005853
v 0.121933 -0.040992 0.005853
v 0.124020 -0.034701 0.007366
v 0.124020 -0.034701 0.007366
v 0.125303 -0.029520 0.011604
v 0.125303 -0.029520 0.011604
v 0.125766 -0.026558 0.017728
v 0.125766 -0.026558 0.017728
v 0.125800 -0.026164 0.021127
v 0.125800 -0.026164 0.021127
v 0.125766 -0.026558 0.024526
v 0.125766 -0.026558 0.024526
v 0.125303 -0.029520 0.030650
v 0.125303 -0.029520 0.030650
v 0.124020 -0.034701 0.034888
v 0.124020 -0.034701 0.034888
v 0.121933 -0.040992 0.036401
v 0.121933 -0.040992 0.036401
v 0.119652 -0.047215 0.034888
v 0.119652 -0.047215 0.034888
v 0.117432 -0.052069 0.030650
v 0.117432 -0.052069 0.030650
v 0.115951 -0.054676 0.024526
v 0.115951 -0.054676 0.024526
v 0.115732 -0.055005 0.021127
v 0.115732 -0.055005 0.021127
v 0.115951 -0.054676 0.017728
v 0.115951 -0.054676 0.017728
v 0.117432 -0.052069 0.011604
v 0.117432 -0.052069 0.011604
v 0.119652 -0.047215 0.007366
v 0.119652 -0.047215 0.007366
v 0.121687 -0.040906 0.004347
v 0.121687 -0.040906 0.004347
v 0.122124 -0.041058 0.005010
v 0.122124 -0.041058 0.005010
v 0.124352 -0.034429 0.006606
v 0.124026 -0.034011 0.006009
v 0.125732 -0.028972 0.011078
v 0.125488 -0.028337 0.010665
v 0.126227 -0.025848 0.017541
v 0.126011 -0.025088 0.017393
v 0.126262 -0.025432 0.021127
v 0.126044 -0.024654 0.021127
v 0.126227 -0.025848 0.024713
v 0.126011 -0.025088 0.024861
v 0.125732 -0.028972 0.031176
v 0.125488 -0.028337 0.031589
v 0.124352 -0.034429 0.035648
v 0.124026 -0.034011 0.036245
v 0.122124 -0.041058 0.037244
v 0.121687 -0.040906 0.037907
v 0.119742 -0.047634 0.035648
v 0.119227 -0.047759 0.036245
v 0.117426 -0.052765 0.031176
v 0.116840 -0.053110 0.031589
v 0.115870 -0.055518 0.024713
v 0.115228 -0.055979 0.024861
v 0.115639 -0.055866 0.021127
v 0.114984 -0.056339 0.021127
v 0.115870 -0.055518 0.017541
v 0.115228 -0.055979 0.017393
v 0.117426 -0.052765 0.011078
v 0.116840 -0.053110 0.010665
v 0.119742 -0.047634 0.006606
v 0.119227 -0.047759 0.006009
v 0.125923 -0.042385 0.008059
v 0.125923 -0.042385 0.008059
v 0.125923 -0.042385 0.008059
v 0.125923 -0.042385 0.008059
v 0.127669 -0.036989 0.009353
v 0.127669 -0.036989 0.009353
v 0.128762 -0.032554 0.012979
v 0.128762 -0.032554 0.012979
v 0.129195 -0.030033 0.018219
v 0.129195 -0.030033 0.018219
v 0.129238 -0.029701 0.021127
v 0.129238 -0.029701 0.021127
v 0.129195 -0.030033 0.024035
v 0.129195 -0.030033 0.024035
v 0.128762 -0.032554 0.029275
v 0.128762 -0.032554 0.029275
v 0.127669 -0.036989 0.032901
v 0.127669 -0.036989 0.032901
v 0.125923 -0.042385 0.034195
v 0.125923 -0.042385 0.034195
v 0.123932 -0.047695 0.032901
v 0.123932 -0.047695 0.032901
v 0.122027 -0.051846 0.029275
v 0.122027 -0.051846 0.029275
v 0.120797 -0.054089 0.024035
v 0.120797 -0.054089 0.024035
v 0.120624 -0.054376 0.021127
v 0.120624 -0.054376 0.021127
v 0.120797 -0.054089 0.018219
v 0.120797 -0.054089 0.018219
v 0.122027 -0.051846 0.012979
v 0.122027 -0.051846 0.012979
v 0.123932 -0.047695 0.009353
v 0.123932 -0.047695 0.009353
v 0.125453 -0.042221 0.006448
v 0.125453 -0.042221 0.006448
v 0.123721 -0.041616 0.005853
v 0.123721 -0.041616 0.005853
v 0.125812 -0.035327 0.007366
v 0.127459 -0.036175 0.007902
v 0.127103 -0.030148 0.011604
v 0.128709 -0.031202 0.011975
v 0.127574 -0.027189 0.017728
v 0.129183 -0.028365 0.017861
v 0.127611 -0.026796 0.021127
v 0.129226 -0.027990 0.021127
v 0.127574 -0.027189 0.024526
v 0.129183 -0.028365 0.024393
v 0.127103 -0.030148 0.030650
v 0.128709 -0.031202 0.030279
v 0.125812 -0.035327 0.034888
v 0.127459 -0.036175 0.034352
v 0.123721 -0.041616 0.036401
v 0.125453 -0.042221 0.035806
v 0.121444 -0.047840 0.034888
v 0.123261 -0.048201 0.034352
v 0.119231 -0.052697 0.030650
v 0.121144 -0.052872 0.030279
v 0.117758 -0.055307 0.024526
v 0.119751 -0.055387 0.024393
v 0.117543 -0.055637 0.021127
v 0.119551 -0.055707 0.021127
v 0.117758 -0.055307 0.017728
v 0.119751 -0.055387 0.017861
v 0.119231 -0.052697 0.011604
v 0.121144 -0.052872 0.011975
v 0.121444 -0.047840 0.007366
v 0.123261 -0.048201 0.007902
v 0.126428 -0.046970 0.012484
v 0.125050 -0.050024 0.015146
v 0.124202 -0.051690 0.018992
v 0.124087 -0.051905 0.021127
v 0.124202 -0.051690 0.023262
v 0.125050 -0.050024 0.027109
v 0.126428 -0.046970 0.029771
v 0.127935 -0.043087 0.030721
v 0.129172 -0.039110 0.029771
v 0.129994 -0.035861 0.027109
v 0.130367 -0.034029 0.023262
v 0.130410 -0.033790 0.021127
v 0.130367 -0.034029 0.018992
v 0.129994 -0.035861 0.015146
v 0.129172 -0.039110 0.012484
v 0.127935 -0.043087 0.011533
v 0.127935 -0.043087 0.011533
v 0.127806 -0.043042 0.009817
v 0.127806 -0.043042 0.009817
v 0.129304 -0.038367 0.010937
v 0.130273 -0.034537 0.014075
v 0.130692 -0.032371 0.018610
v 0.130738 -0.032086 0.021127
v 0.130692 -0.032371 0.023644
v 0.130273 -0.034537 0.028179
v 0.129304 -0.038367 0.031317
v 0.127806 -0.043042 0.032437
v 0.126069 -0.047633 0.031317
v 0.124445 -0.051234 0.028179
v 0.123424 -0.053191 0.023644
v 0.123283 -0.053442 0.021127
v 0.123424 -0.053191 0.018610
v 0.124445 -0.051234 0.014075
v 0.126069 -0.047633 0.010937
v 0.127287 -0.042861 0.008581
v 0.127287 -0.042861 0.008581
v 0.126741 -0.042670 0.008008
v 0.126741 -0.042670 0.008008
v 0.128509 -0.037258 0.009307
v 0.128972 -0.037683 0.009824
v 0.129624 -0.032813 0.012947
v 0.130044 -0.033434 0.013305
v 0.130074 -0.030287 0.018208
v 0.130488 -0.031023 0.018335
v 0.130120 -0.029954 0.021127
v 0.130535 -0.030706 0.021127
v 0.130074 -0.030287 0.024046
v 0.130488 -0.031023 0.023919
v 0.129624 -0.032813 0.029307
v 0.130044 -0.033434 0.028949
v 0.128509 -0.037258 0.032947
v 0.128972 -0.037683 0.032430
v 0.126741 -0.042670 0.034246
v 0.127287 -0.042861 0.033673
v 0.124757 -0.048007 0.032947
v 0.125384 -0.047962 0.032430
v 0.122863 -0.052180 0.029307
v 0.123578 -0.051955 0.028949
v 0.121643 -0.054438 0.024046
v 0.122426 -0.054119 0.023919
v 0.121472 -0.054726 0.021127
v 0.122265 -0.054396 0.021127
v 0.121643 -0.054438 0.018208
v 0.122426 -0.054119 0.018335
v 0.122863 -0.052180 0.012947
v 0.123578 -0.051955 0.013305
v 0.124757 -0.048007 0.009307
v 0.125384 -0.047962 0.009824
v 0.126176 -0.046259 0.013704
v 0.126176 -0.046259 0.013704
v 0.124989 -0.048881 0.015990
v 0.124989 -0.048881 0.015990
v 0.124269 -0.050315 0.019294
v 0.124269 -0.050315 0.019294
v 0.124172 -0.050500 0.021127
v 0.124172 -0.050500 0.021127
v 0.124172 -0.050500 0.021127
v 0.124269 -0.050315 0.022960
v 0.124269 -0.050315 0.022960
v 0.124989 -0.048881 0.026264
v 0.124989 -0.048881 0.026264
v 0.126176 -0.046259 0.028550
v 0.126176 -0.046259 0.028550
v 0.127497 -0.042934 0.029366
v 0.127497 -0.042934 0.029366
v 0.128532 -0.039509 0.028550
v 0.128532 -0.039509 0.028550
v 0.129234 -0.036718 0.026264
v 0.129234 -0.036718 0.026264
v 0.129564 -0.035148 0.022960
v 0.129564 -0.035148 0.022960
v 0.129603 -0.034943 0.021127
v 0.129603 -0.034943 0.021127
v 0.129603 -0.034943 0.021127
v 0.129564 -0.035148 0.019294
v 0.129564 -0.035148 0.019294
v 0.129234 -0.036718 0.015990
v 0.129234 -0.036718 0.015990
v 0.128532 -0.039509 0.013704
v 0.128532 -0.039509 0.013704
v 0.127497 -0.042934 0.012888
v 0.127497 -0.042934 0.012888
v 0.127497 -0.042934 0.012888
v 0.127090 -0.045676 0.015473
v 0.126205 -0.047680 0.017214
v 0.125681 -0.048780 0.019731
v 0.125611 -0.048922 0.021127
v 0.125611 -0.048922 0.021127
v 0.125681 -0.048780 0.022523
v 0.126205 -0.047680 0.025040
v 0.127090 -0.045676 0.026781
v 0.128103 -0.043146 0.027402
v 0.128885 -0.040535 0.026781
v 0.129439 -0.038415 0.025040
v 0.129714 -0.037228 0.022523
v 0.129747 -0.037073 0.021127
v 0.129747 -0.037073 0.021127
v 0.129714 -0.037228 0.019731
v 0.129439 -0.038415 0.017214
v 0.128885 -0.040535 0.015473
v 0.128103 -0.043146 0.014852
v 0.129471 -0.046164 0.016145
v 0.128725 -0.047942 0.017680
v 0.128289 -0.048920 0.019897
v 0.128231 -0.049047 0.021127
v 0.128231 -0.049047 0.021127
v 0.128289 -0.048920 0.022357
v 0.128725 -0.047942 0.024574
v 0.129471 -0.046164 0.026109
v 0.130334 -0.043924 0.026656
v 0.131052 -0.041634 0.026109
v 0.131575 -0.039779 0.024574
v 0.131842 -0.038742 0.022357
v 0.131876 -0.038606 0.021127
v 0.131876 -0.038606 0.021127
v 0.131842 -0.038742 0.019897
v 0.131575 -0.039779 0.017680
v 0.131052 -0.041634 0.016145
v 0.130334 -0.043924 0.015598
v 0.132031 -0.046849 0.016556
v 0.131387 -0.048493 0.017964
v 0.131010 -0.049400 0.020717
v 0.131010 -0.049400 0.020717
v 0.131010 -0.049400 0.020717
v 0.131010 -0.049399 0.021127
v 0.131010 -0.049399 0.021127
v 0.131010 -0.049399 0.021127
v 0.131010 -0.049400 0.021537
v 0.131010 -0.049400 0.021537
v 0.131010 -0.049400 0.021537
v 0.131387 -0.048493 0.024290
v 0.132031 -0.046849 0.025698
v 0.132784 -0.044780 0.026201
v 0.133482 -0.042692 0.025698
v 0.134002 -0.041003 0.024290
v 0.134271 -0.040060 0.021537
v 0.134271 -0.040060 0.021537
v 0.134271 -0.040060 0.021537
v 0.134270 -0.040060 0.021127
v 0.134270 -0.040060 0.021127
v 0.134270 -0.040060 0.021127
v 0.134271 -0.040060 0.020717
v 0.134271 -0.040060 0.020717
v 0.134271 -0.040060 0.020717
v 0.134002 -0.041003 0.017964
v 0.133482 -0.042692 0.016556
v 0.132784 -0.044780 0.016054
v 0.151204 -0.052571 0.018458
v 0.150824 -0.053530 0.019280
v 0.150594 -0.054056 0.020717
v 0.150594 -0.054056 0.020717
v 0.150594 -0.054056 0.021537
v 0.150594 -0.054056 0.021537
v 0.150824 -0.053530 0.022974
v 0.151204 -0.052571 0.023796
v 0.151641 -0.051362 0.024090
v 0.152051 -0.050144 0.023796
v 0.152351 -0.049157 0.022974
v 0.152498 -0.048602 0.021537
v 0.152498 -0.048602 0.021537
v 0.152498 -0.048602 0.020717
v 0.152498 -0.048602 0.020717
v 0.152351 -0.049157 0.019280
v 0.152051 -0.050144 0.018458
v 0.151641 -0.051362 0.018164
v 0.149154 -0.052697 0.016809
v 0.150259 -0.052915 0.017137
v 0.149720 -0.054358 0.018366
v 0.148580 -0.054262 0.018139
v 0.149421 -0.055160 0.020717
v 0.149421 -0.055160 0.020717
v 0.148265 -0.055132 0.020717
v 0.148265 -0.055132 0.020717
v 0.148265 -0.055132 0.021537
v 0.148265 -0.055132 0.021537
v 0.149421 -0.055160 0.021537
v 0.149421 -0.055160 0.021537
v 0.149720 -0.054358 0.023888
v 0.148580 -0.054262 0.024115
v 0.150259 -0.052915 0.025117
v 0.149154 -0.052697 0.025445
v 0.149852 -0.050738 0.025919
v 0.150908 -0.051107 0.025555
v 0.151526 -0.049287 0.025117
v 0.150525 -0.048770 0.025445
v 0.152002 -0.047821 0.023888
v 0.151050 -0.047187 0.024115
v 0.151345 -0.046310 0.021537
v 0.151345 -0.046310 0.021537
v 0.152267 -0.047008 0.021537
v 0.152267 -0.047008 0.021537
v 0.152267 -0.047008 0.020717
v 0.152267 -0.047008 0.020717
v 0.151345 -0.046310 0.020717
v 0.151345 -0.046310 0.020717
v 0.152002 -0.047821 0.018366
v 0.151050 -0.047187 0.018139
v 0.150525 -0.048770 0.016809
v 0.151526 -0.049287 0.017137
v 0.149852 -0.050738 0.016335
v 0.150908 -0.051107 0.016699
v 0.151641 -0.051362 0.021537
v 0.151641 -0.051362 0.021537
v 0.150830 -0.053533 0.021537
v 0.150830 -0.053533 0.021537
v 0.151204 -0.052571 0.021537
v 0.151204 -0.052571 0.021537
v 0.152051 -0.050144 0.021537
v 0.152051 -0.050144 0.021537
v 0.152357 -0.049159 0.021537
v 0.152357 -0.049159 0.021537
v 0.151204 -0.052571 0.020717
v 0.151204 -0.052571 0.020717
v 0.152051 -0.050144 0.020717
v 0.152051 -0.050144 0.020717
v 0.152357 -0.049159 0.020717
v 0.152357 -0.049159 0.020717
v 0.151641 -0.051362 0.020717
v 0.151641 -0.051362 0.020717
v 0.150830 -0.053533 0.020717
v 0.150830 -0.053533 0.020717
v 0.132780 -0.044778 0.021127
v 0.132780 -0.044778 0.021537
v 0.132780 -0.044778 0.021537
v 0.132780 -0.044778 0.020717
v 0.132780 -0.044778 0.020717
v 0.149871 -0.050744 0.021537
v 0.150924 -0.051112 0.021537
v 0.149871 -0.050744 0.020717
v 0.150924 -0.051112 0.020717
v 0.150488 -0.052321 0.021537
v 0.150488 -0.052321 0.020717
v 0.148879 -0.053457 0.021537
v 0.150126 -0.053287 0.021537
v 0.148879 -0.053457 0.020717
v 0.150126 -0.053287 0.020717
v 0.151335 -0.049894 0.021537
v 0.151335 -0.049894 0.020717
v 0.150783 -0.048003 0.021537
v 0.151653 -0.048913 0.021537
v 0.150783 -0.048003 0.020717
v 0.151653 -0.048913 0.020717
v 0.133670 -0.042030 0.020717
v 0.133670 -0.042030 0.020717
v 0.151827 -0.048368 0.021537
v 0.151827 -0.048368 0.020717
v 0.133669 -0.042029 0.021127
v 0.133670 -0.042030 0.021537
v 0.133670 -0.042030 0.021537
v 0.131766 -0.047483 0.021127
v 0.131766 -0.047484 0.021537
v 0.131766 -0.047484 0.021537
v 0.131766 -0.047484 0.020717
v 0.131766 -0.047484 0.020717
v 0.149923 -0.053822 0.021537
v 0.149923 -0.053822 0.020717
v 0.120897 0.040847 0.004748
v 0.120897 0.040847 0.004748
v 0.118475 0.047529 0.006370
v 0.116126 0.052744 0.010915
v 0.114538 0.055539 0.017482
v 0.114301 0.055891 0.021127
v 0.114538 0.055539 0.024772
v 0.116126 0.052744 0.031339
v 0.118475 0.047529 0.035884
v 0.120897 0.040847 0.037506
v 0.123182 0.034117 0.035884
v 0.124607 0.028577 0.031339
v 0.125113 0.025403 0.024772
v 0.125149 0.024980 0.021127
v 0.125113 0.025403 0.017482
v 0.124607 0.028577 0.010915
v 0.123182 0.034117 0.006370
v 0.121835 0.041176 0.005853
v 0.121835 0.041176 0.005853
v 0.121835 0.041176 0.005853
v 0.121835 0.041176 0.005853
v 0.119543 0.047395 0.007366
v 0.119543 0.047395 0.007366
v 0.117316 0.052246 0.011604
v 0.117316 0.052246 0.011604
v 0.115830 0.054850 0.017728
v 0.115830 0.054850 0.017728
v 0.115611 0.055179 0.021127
v 0.115611 0.055179 0.021127
v 0.115830 0.054850 0.024526
v 0.115830 0.054850 0.024526
v 0.117316 0.052246 0.030650
v 0.117316 0.052246 0.030650
v 0.119543 0.047395 0.034888
v 0.119543 0.047395 0.034888
v 0.121835 0.041176 0.036401
v 0.121835 0.041176 0.036401
v 0.123932 0.034889 0.034888
v 0.123932 0.034889 0.034888
v 0.125224 0.029710 0.030650
v 0.125224 0.029710 0.030650
v 0.125692 0.026748 0.024526
v 0.125692 0.026748 0.024526
v 0.125727 0.026355 0.021127
v 0.125727 0.026355 0.021127
v 0.125692 0.026748 0.017728
v 0.125692 0.026748 0.017728
v 0.125224 0.029710 0.011604
v 0.125224 0.029710 0.011604
v 0.123932 0.034889 0.007366
v 0.123932 0.034889 0.007366
v 0.121590 0.041090 0.004347
v 0.121590 0.041090 0.004347
v 0.122026 0.041243 0.005010
v 0.122026 0.041243 0.005010
v 0.119633 0.047815 0.006606
v 0.119118 0.047939 0.006009
v 0.117309 0.052942 0.011078
v 0.116722 0.053286 0.010665
v 0.115748 0.055693 0.017541
v 0.115105 0.056152 0.017393
v 0.115516 0.056039 0.021127
v 0.114860 0.056512 0.021127
v 0.115748 0.055693 0.024713
v 0.115105 0.056152 0.024861
v 0.117309 0.052942 0.031176
v 0.116722 0.053286 0.031589
v 0.119633 0.047815 0.035648
v 0.119118 0.047939 0.036245
v 0.122026 0.041243 0.037244
v 0.121590 0.041090 0.037907
v 0.124265 0.034618 0.035648
v 0.123940 0.034199 0.036245
v 0.125654 0.029162 0.031176
v 0.125411 0.028528 0.031589
v 0.126154 0.026039 0.024713
v 0.125940 0.025279 0.024861
v 0.126190 0.025624 0.021127
v 0.125974 0.024845 0.021127
v 0.126154 0.026039 0.017541
v 0.125940 0.025279 0.017393
v 0.125654 0.029162 0.011078
v 0.125411 0.028528 0.010665
v 0.124265 0.034618 0.006606
v 0.123940 0.034199 0.006009
v 0.125822 0.042576 0.008059
v 0.125822 0.042576 0.008059
v 0.125822 0.042576 0.008059
v 0.125822 0.042576 0.008059
v 0.123822 0.047883 0.009353
v 0.123822 0.047883 0.009353
v 0.121911 0.052031 0.012979
v 0.121911 0.052031 0.012979
v 0.120678 0.054272 0.018219
v 0.120678 0.054272 0.018219
v 0.120504 0.054558 0.021127
v 0.120504 0.054558 0.021127
v 0.120678 0.054272 0.024035
v 0.120678 0.054272 0.024035
v 0.121911 0.052031 0.029275
v 0.121911 0.052031 0.029275
v 0.123822 0.047883 0.032901
v 0.123822 0.047883 0.032901
v 0.125822 0.042576 0.034195
v 0.125822 0.042576 0.034195
v 0.127577 0.037183 0.032901
v 0.127577 0.037183 0.032901
v 0.128678 0.032750 0.029275
v 0.128678 0.032750 0.029275
v 0.129115 0.030229 0.024035
v 0.129115 0.030229 0.024035
v 0.129158 0.029897 0.021127
v 0.129158 0.029897 0.021127
v 0.129115 0.030229 0.018219
v 0.129115 0.030229 0.018219
v 0.128678 0.032750 0.012979
v 0.128678 0.032750 0.012979
v 0.127577 0.037183 0.009353
v 0.127577 0.037183 0.009353
v 0.125353 0.042411 0.006448
v 0.125353 0.042411 0.006448
v 0.123622 0.041803 0.005853
v 0.123622 0.041803 0.005853
v 0.121334 0.048024 0.007366
v 0.123151 0.048388 0.007902
v 0.119114 0.052877 0.011604
v 0.121027 0.053055 0.011975
v 0.117636 0.055484 0.017728
v 0.119629 0.055568 0.017861
v 0.117420 0.055814 0.021127
v 0.119428 0.055888 0.021127
v 0.117636 0.055484 0.024526
v 0.119629 0.055568 0.024393
v 0.119114 0.052877 0.030650
v 0.121027 0.053055 0.030279
v 0.121334 0.048024 0.034888
v 0.123151 0.048388 0.034352
v 0.123622 0.041803 0.036401
v 0.125353 0.042411 0.035806
v 0.125724 0.035517 0.034888
v 0.127369 0.036369 0.034352
v 0.127023 0.030341 0.030650
v 0.128627 0.031397 0.030279
v 0.127499 0.027382 0.024526
v 0.129106 0.028562 0.024393
v 0.127536 0.026990 0.021127
v 0.129150 0.028187 0.021127
v 0.127499 0.027382 0.017728
v 0.129106 0.028562 0.017861
v 0.127023 0.030341 0.011604
v 0.128627 0.031397 0.011975
v 0.125724 0.035517 0.007366
v 0.127369 0.036369 0.007902
v 0.129077 0.039306 0.012484
v 0.129905 0.036059 0.015146
v 0.130281 0.034228 0.018992
v 0.130324 0.033988 0.021127
v 0.130281 0.034228 0.023262
v 0.129905 0.036059 0.027109
v 0.129077 0.039306 0.029771
v 0.127833 0.043281 0.030721
v 0.126320 0.047162 0.029771
v 0.124937 0.050214 0.027109
v 0.124086 0.051879 0.023262
v 0.123971 0.052093 0.021127
v 0.124086 0.051879 0.018992
v 0.124937 0.050214 0.015146
v 0.126320 0.047162 0.012484
v 0.127833 0.043281 0.011533
v 0.127833 0.043281 0.011533
v 0.127705 0.043236 0.009817
v 0.127705 0.043236 0.009817
v 0.125960 0.047824 0.010937
v 0.124330 0.051423 0.014075
v 0.123306 0.053378 0.018610
v 0.123165 0.053629 0.021127
v 0.123306 0.053378 0.023644
v 0.124330 0.051423 0.028179
v 0.125960 0.047824 0.031317
v 0.127705 0.043236 0.032437
v 0.129210 0.038564 0.031317
v 0.130186 0.034736 0.028179
v 0.130608 0.032569 0.023644
v 0.130655 0.032285 0.021127
v 0.130608 0.032569 0.018610
v 0.130186 0.034736 0.014075
v 0.129210 0.038564 0.010937
v 0.127186 0.043054 0.008581
v 0.127186 0.043054 0.008581
v 0.126641 0.042863 0.008008
v 0.126641 0.042863 0.008008
v 0.124647 0.048196 0.009307
v 0.125274 0.048152 0.009824
v 0.122746 0.052366 0.012947
v 0.123462 0.052142 0.013305
v 0.121523 0.054622 0.018208
v 0.122306 0.054304 0.018335
v 0.121351 0.054910 0.021127
v 0.122145 0.054581 0.021127
v 0.121523 0.054622 0.024046
v 0.122306 0.054304 0.023919
v 0.122746 0.052366 0.029307
v 0.123462 0.052142 0.028949
v 0.124647 0.048196 0.032947
v 0.125274 0.048152 0.032430
v 0.126641 0.042863 0.034246
v 0.127186 0.043054 0.033673
v 0.128417 0.037454 0.032947
v 0.128879 0.037879 0.032430
v 0.129540 0.033010 0.029307
v 0.129958 0.033632 0.028949
v 0.129994 0.030484 0.024046
v 0.130407 0.031222 0.023919
v 0.130040 0.030152 0.021127
v 0.130454 0.030905 0.021127
v 0.129994 0.030484 0.018208
v 0.130407 0.031222 0.018335
v 0.129540 0.033010 0.012947
v 0.129958 0.033632 0.013305
v 0.128417 0.037454 0.009307
v 0.128879 0.037879 0.009824
v 0.128437 0.039705 0.013704
v 0.128437 0.039705 0.013704
v 0.129144 0.036915 0.015990
v 0.129144 0.036915 0.015990
v 0.129475 0.035345 0.019294
v 0.129475 0.035345 0.019294
v 0.129515 0.035140 0.021127
v 0.129515 0.035140 0.021127
v 0.129515 0.035140 0.021127
v 0.129475 0.035345 0.022960
v 0.129475 0.035345 0.022960
v 0.129144 0.036915 0.026264
v 0.129144 0.036915 0.026264
v 0.128437 0.039705 0.028550
v 0.128437 0.039705 0.028550
v 0.127395 0.043128 0.029366
v 0.127395 0.043128 0.029366
v 0.126069 0.046451 0.028550
v 0.126069 0.046451 0.028550
v 0.124878 0.049070 0.026264
v 0.124878 0.049070 0.026264
v 0.124156 0.050503 0.022960
v 0.124156 0.050503 0.022960
v 0.124058 0.050688 0.021127
v 0.124058 0.050688 0.021127
v 0.124058 0.050688 0.021127
v 0.124156 0.050503 0.019294
v 0.124156 0.050503 0.019294
v 0.124878 0.049070 0.015990
v 0.124878 0.049070 0.015990
v 0.126069 0.046451 0.013704
v 0.126069 0.046451 0.013704
v 0.127395 0.043128 0.012888
v 0.127395 0.043128 0.012888
v 0.127395 0.043128 0.012888
v 0.128788 0.040731 0.015473
v 0.129345 0.038612 0.017214
v 0.129622 0.037425 0.019731
v 0.129656 0.037270 0.021127
v 0.129656 0.037270 0.021127
v 0.129622 0.037425 0.022523
v 0.129345 0.038612 0.025040
v 0.128788 0.040731 0.026781
v 0.128002 0.043340 0.027402
v 0.126985 0.045869 0.026781
v 0.126096 0.047871 0.025040
v 0.125570 0.048971 0.022523
v 0.125500 0.049113 0.021127
v 0.125500 0.049113 0.021127
v 0.125570 0.048971 0.019731
v 0.126096 0.047871 0.017214
v 0.126985 0.045869 0.015473
v 0.128002 0.043340 0.014852
v 0.130953 0.041834 0.016145
v 0.131479 0.039979 0.017680
v 0.131748 0.038942 0.019897
v 0.131782 0.038807 0.021127
v 0.131782 0.038807 0.021127
v 0.131748 0.038942 0.022357
v 0.131479 0.039979 0.024574
v 0.130953 0.041834 0.026109
v 0.130231 0.044123 0.026656
v 0.129364 0.046361 0.026109
v 0.128616 0.048137 0.024574
v 0.128178 0.049115 0.022357
v 0.128120 0.049242 0.021127
v 0.128120 0.049242 0.021127
v 0.128178 0.049115 0.019897
v 0.128616 0.048137 0.017680
v 0.129364 0.046361 0.016145
v 0.130231 0.044123 0.015598
v 0.133382 0.042895 0.016556
v 0.133904 0.041208 0.017964
v 0.134174 0.040265 0.020717
v 0.134174 0.040265 0.020717
v 0.134174 0.040265 0.020717
v 0.134174 0.040264 0.021127
v 0.134174 0.040264 0.021127
v 0.134174 0.040264 0.021127
v 0.134174 0.040265 0.021537
v 0.134174 0.040265 0.021537
v 0.134174 0.040265 0.021537
v 0.133904 0.041208 0.024290
v 0.133382 0.042895 0.025698
v 0.132679 0.044982 0.026201
v 0.131924 0.047050 0.025698
v 0.131277 0.048693 0.024290
v 0.130898 0.049599 0.021537
v 0.130898 0.049599 0.021537
v 0.130898 0.049599 0.021537
v 0.130898 0.049599 0.021127
v 0.130898 0.049599 0.021127
v 0.130898 0.049599 0.021127
v 0.130898 0.049599 0.020717
v 0.130898 0.049599 0.020717
v 0.130898 0.049599 0.020717
v 0.131277 0.048693 0.017964
v 0.131924 0.047050 0.016556
v 0.132679 0.044982 0.016054
v 0.151938 0.050378 0.018458
v 0.152239 0.049391 0.019280
v 0.152387 0.048837 0.020717
v 0.152387 0.048837 0.020717
v 0.152387 0.048837 0.021537
v 0.152387 0.048837 0.021537
v 0.152239 0.049391 0.022974
v 0.151938 0.050378 0.023796
v 0.151526 0.051596 0.024090
v 0.151086 0.052804 0.023796
v 0.150705 0.053763 0.022974
v 0.150474 0.054288 0.021537
v 0.150474 0.054288 0.021537
v 0.150474 0.054288 0.020717
v 0.150474 0.054288 0.020717
v 0.150705 0.053763 0.019280
v 0.151086 0.052804 0.018458
v 0.151526 0.051596 0.018164
v 0.150414 0.049002 0.016809
v 0.151414 0.049521 0.017137
v 0.151892 0.048056 0.018366
v 0.150942 0.047420 0.018139
v 0.152159 0.047243 0.020717
v 0.152159 0.047243 0.020717
v 0.151238 0.046543 0.020717
v 0.151238 0.046543 0.020717
v 0.151238 0.046543 0.021537
v 0.151238 0.046543 0.021537
v 0.152159 0.047243 0.021537
v 0.152159 0.047243 0.021537
v 0.151892 0.048056 0.023888
v 0.150942 0.047420 0.024115
v 0.151414 0.049521 0.025117
v 0.150414 0.049002 0.025445
v 0.149738 0.050969 0.025919
v 0.150794 0.051339 0.025555
v 0.150141 0.053146 0.025117
v 0.149037 0.052926 0.025445
v 0.149600 0.054589 0.023888
v 0.148460 0.054491 0.024115
v 0.148143 0.055361 0.021537
v 0.148143 0.055361 0.021537
v 0.149300 0.055390 0.021537
v 0.149300 0.055390 0.021537
v 0.149300 0.055390 0.020717
v 0.149300 0.055390 0.020717
v 0.148143 0.055361 0.020717
v 0.148143 0.055361 0.020717
v 0.149600 0.054589 0.018366
v 0.148460 0.054491 0.018139
v 0.149037 0.052926 0.016809
v 0.150141 0.053146 0.017137
v 0.149738 0.050969 0.016335
v 0.150794 0.051339 0.016699
v 0.151526 0.051596 0.021537
v 0.151526 0.051596 0.021537
v 0.152246 0.049394 0.021537
v 0.152246 0.049394 0.021537
v 0.151938 0.050378 0.021537
v 0.151938 0.050378 0.021537
v 0.151087 0.052804 0.021537
v 0.151087 0.052804 0.021537
v 0.150711 0.053765 0.021537
v 0.150711 0.053765 0.021537
v 0.151938 0.050378 0.020717
v 0.151938 0.050378 0.020717
v 0.151087 0.052804 0.020717
v 0.151087 0.052804 0.020717
v 0.150711 0.053765 0.020717
v 0.150711 0.053765 0.020717
v 0.151526 0.051596 0.020717
v 0.151526 0.051596 0.020717
v 0.152246 0.049394 0.020717
v 0.152246 0.049394 0.020717
v 0.132676 0.044981 0.021127
v 0.132676 0.044981 0.021537
v 0.132676 0.044981 0.021537
v 0.132676 0.044981 0.020717
v 0.132676 0.044981 0.020717
v 0.149757 0.050975 0.021537
v 0.150810 0.051345 0.021537
v 0.149757 0.050975 0.020717
v 0.150810 0.051345 0.020717
v 0.151223 0.050127 0.021537
v 0.151223 0.050127 0.020717
v 0.150673 0.048236 0.021537
v 0.151541 0.049147 0.021537
v 0.150673 0.048236 0.020717
v 0.151541 0.049147 0.020717
v 0.150371 0.052553 0.021537
v 0.150371 0.052553 0.020717
v 0.148760 0.053687 0.021537
v 0.150007 0.053518 0.021537
v 0.148760 0.053687 0.020717
v 0.150007 0.053518 0.020717
v 0.131657 0.047684 0.020717
v 0.131657 0.047684 0.020717
v 0.149804 0.054053 0.021537
v 0.149804 0.054053 0.020717
v 0.131657 0.047684 0.021127
v 0.131657 0.047684 0.021537
v 0.131657 0.047684 0.021537
v 0.133570 0.042233 0.021127
v 0.133570 0.042233 0.021537
v 0.133570 0.042233 0.021537
v 0.133570 0.042233 0.020717
v 0.133570 0.042233 0.020717
v 0.151716 0.048602 0.021537
v 0.151716 0.048602 0.020717
v -0.072612 0.000000 0.185203
v -0.076669 0.000000 0.162357
v -0.077324 0.002193 0.158616
v -0.077542 0.000000 0.157369
v -0.073430 0.008492 0.171790
v -0.073411 0.009762 0.171463
v -0.073579 0.010707 0.170571
v -0.073890 0.011074 0.169351
v -0.074260 0.010766 0.168132
v -0.074589 0.009864 0.167240
v -0.074791 0.008611 0.166913
v -0.073631 0.007239 0.171463
v -0.073961 0.006337 0.170571
v -0.074330 0.006029 0.169351
v -0.074641 0.006397 0.168132
v -0.074809 0.007342 0.167240
v -0.077615 0.000947 0.161617
v -0.077572 0.000000 0.161867
v -0.077133 0.000000 0.162212
v -0.073904 0.008534 0.171692
v -0.073887 0.009691 0.171394
v -0.074040 0.010553 0.170580
v -0.074324 0.010888 0.169468
v -0.074661 0.010607 0.168356
v -0.074962 0.009785 0.167542
v -0.075145 0.008642 0.167244
v -0.074088 0.007391 0.171394
v -0.074388 0.006568 0.170580
v -0.074725 0.006287 0.169468
v -0.075009 0.006623 0.168356
v -0.075162 0.007484 0.167542
v -0.077929 0.000000 0.157663
v -0.077876 0.001155 0.157967
v -0.077730 0.002000 0.158800
v -0.077531 0.002309 0.159937
v -0.077332 0.002000 0.161075
v -0.077186 0.001155 0.161907
v -0.077484 0.001266 0.157703
v -0.077105 0.002532 0.159863
v -0.076887 0.002193 0.161110
v -0.076727 0.001266 0.162023
v -0.074374 0.008575 0.171391
v -0.074359 0.009524 0.171147
v -0.074485 0.010230 0.170480
v -0.074718 0.010505 0.169568
v -0.074994 0.010275 0.168657
v -0.075241 0.009601 0.167990
v -0.075391 0.008663 0.167745
v -0.074524 0.007638 0.171147
v -0.074770 0.006963 0.170480
v -0.075047 0.006733 0.169568
v -0.075279 0.007008 0.168657
v -0.075405 0.007714 0.167990
v -0.075085 0.008637 0.169625
v -0.074938 0.009654 0.169609
v -0.074848 0.010035 0.169593
v -0.075116 0.007609 0.169609
v -0.075094 0.007218 0.169593
v -0.074613 0.008596 0.170877
v -0.074587 0.009543 0.170644
v -0.074738 0.009950 0.170024
v -0.074751 0.007657 0.170644
v -0.074971 0.007283 0.170024
v -0.075329 0.008658 0.168310
v -0.075174 0.009595 0.168539
v -0.074978 0.009971 0.169165
v -0.075339 0.007709 0.168539
v -0.075211 0.007304 0.169165
v -0.077735 0.001640 0.160934
v -0.077898 0.001893 0.160002
v -0.078061 0.001640 0.159069
v -0.078181 0.000947 0.158387
v -0.078225 0.000000 0.158137
v -0.078120 0.000000 0.160041
v -0.078060 0.001026 0.160030
v -0.078003 0.001414 0.160020
v -0.077773 0.000000 0.161333
v -0.077806 0.000947 0.161095
v -0.077929 0.001339 0.160460
v -0.078233 0.000000 0.158707
v -0.078183 0.000947 0.158942
v -0.078083 0.001339 0.159581
v -0.074442 0.002153 0.194690
v -0.074442 0.000000 0.195266
v -0.073594 0.000000 0.196213
v -0.073594 0.000000 0.185710
v -0.073594 0.002626 0.186413
v -0.073594 0.004548 0.188335
v -0.073594 0.005251 0.190961
v -0.073594 0.004548 0.193587
v -0.073594 0.002626 0.195509
v -0.072612 0.002879 0.185974
v -0.072612 0.004987 0.188082
v -0.072612 0.005758 0.190961
v -0.072612 0.004987 0.193840
v -0.072612 0.002879 0.195948
v -0.072612 0.000000 0.196720
v -0.074442 0.003728 0.193114
v -0.074442 0.004305 0.190961
v -0.074442 0.003728 0.188809
v -0.074442 0.002153 0.187233
v -0.074442 0.000000 0.186656
v -0.074812 0.000000 0.190961
v -0.074804 0.002334 0.190961
v -0.074672 0.003215 0.190961
v -0.074672 0.000000 0.193992
v -0.074652 0.002153 0.193447
v -0.074680 0.003044 0.191976
v -0.074672 0.000000 0.187930
v -0.074652 0.002153 0.188476
v -0.074680 0.003044 0.189946
v -0.076318 0.000000 0.157154
v -0.072238 0.008388 0.171455
v -0.072219 0.009658 0.171128
v -0.072387 0.010603 0.170235
v -0.072698 0.010970 0.169016
v -0.073068 0.010662 0.167797
v -0.073397 0.009760 0.166904
v -0.073598 0.008507 0.166578
v -0.072439 0.007135 0.171128
v -0.072768 0.006233 0.170235
v -0.073138 0.005925 0.169016
v -0.073449 0.006293 0.167797
v -0.073617 0.007238 0.166904
v -0.076259 0.001266 0.157488
v -0.075881 0.002532 0.159649
v -0.075663 0.002193 0.160896
v -0.075503 0.001266 0.161809
v -0.067641 0.000000 0.196720
v -0.065811 0.002153 0.187233
v -0.065811 0.000000 0.186656
v -0.066658 0.000000 0.185710
v -0.066658 0.000000 0.196213
v -0.066658 0.002626 0.195509
v -0.066658 0.004548 0.193587
v -0.066658 0.005251 0.190961
v -0.066658 0.004548 0.188335
v -0.066658 0.002626 0.186413
v -0.067641 0.002879 0.195948
v -0.067641 0.004987 0.193840
v -0.067641 0.005758 0.190961
v -0.067641 0.004987 0.188082
v -0.067641 0.002879 0.185974
v -0.067641 0.000000 0.185203
v -0.065811 0.003728 0.188809
v -0.065811 0.004305 0.190961
v -0.065811 0.003728 0.193114
v -0.065811 0.002153 0.194690
v -0.065811 0.000000 0.195266
v -0.065418 0.000000 0.190961
v -0.065476 0.002334 0.190961
v -0.065608 0.003215 0.190961
v -0.065608 0.000000 0.187930
v -0.065422 0.000000 0.189407
v -0.065629 0.002153 0.188476
v -0.065488 0.002153 0.189718
v -0.065600 0.003044 0.189946
v -0.065418 0.000000 0.192477
v -0.065608 0.000000 0.193992
v -0.065500 0.002256 0.192204
v -0.065629 0.002153 0.193447
v -0.065600 0.003044 0.191976
v -0.075444 0.000000 0.162143
v -0.076100 0.002193 0.158401
v -0.077324 -0.002193 0.158616
v -0.073430 -0.008492 0.171790
v -0.073411 -0.009762 0.171463
v -0.073579 -0.010707 0.170571
v -0.073890 -0.011074 0.169351
v -0.074260 -0.010766 0.168132
v -0.074589 -0.009864 0.167240
v -0.074791 -0.008611 0.166913
v -0.073631 -0.007239 0.171463
v -0.073961 -0.006337 0.170571
v -0.074330 -0.006029 0.169351
v -0.074641 -0.006397 0.168132
v -0.074809 -0.007342 0.167240
v -0.077615 -0.000947 0.161617
v -0.073904 -0.008534 0.171692
v -0.073887 -0.009691 0.171394
v -0.074040 -0.010553 0.170580
v -0.074324 -0.010888 0.169468
v -0.074661 -0.010607 0.168356
v -0.074962 -0.009785 0.167542
v -0.075145 -0.008642 0.167244
v -0.074088 -0.007391 0.171394
v -0.074388 -0.006568 0.170580
v -0.074725 -0.006287 0.169468
v -0.075009 -0.006622 0.168356
v -0.075162 -0.007484 0.167542
v -0.077876 -0.001155 0.157967
v -0.077730 -0.002000 0.158800
v -0.077531 -0.002309 0.159937
v -0.077332 -0.002000 0.161075
v -0.077186 -0.001155 0.161907
v -0.077484 -0.001266 0.157703
v -0.077105 -0.002532 0.159863
v -0.076887 -0.002193 0.161110
v -0.076727 -0.001266 0.162023
v -0.074374 -0.008575 0.171391
v -0.074359 -0.009524 0.171147
v -0.074485 -0.010230 0.170480
v -0.074718 -0.010505 0.169568
v -0.074994 -0.010275 0.168657
v -0.075241 -0.009601 0.167990
v -0.075391 -0.008663 0.167745
v -0.074524 -0.007638 0.171147
v -0.074770 -0.006963 0.170480
v -0.075047 -0.006733 0.169568
v -0.075279 -0.007008 0.168657
v -0.075405 -0.007714 0.167990
v -0.075085 -0.008637 0.169625
v -0.074938 -0.009654 0.169609
v -0.074848 -0.010035 0.169593
v -0.075116 -0.007609 0.169609
v -0.075094 -0.007218 0.169593
v -0.074613 -0.008596 0.170877
v -0.074587 -0.009543 0.170644
v -0.074738 -0.009950 0.170024
v -0.074751 -0.007657 0.170644
v -0.074971 -0.007283 0.170024
v -0.075329 -0.008658 0.168310
v -0.075174 -0.009595 0.168539
v -0.074978 -0.009971 0.169165
v -0.075339 -0.007709 0.168539
v -0.075211 -0.007304 0.169165
v -0.077735 -0.001640 0.160934
v -0.077898 -0.001893 0.160002
v -0.078061 -0.001640 0.159069
v -0.078181 -0.000947 0.158387
v -0.078060 -0.001026 0.160030
v -0.078003 -0.001414 0.160020
v -0.077806 -0.000947 0.161095
v -0.077929 -0.001339 0.160460
v -0.078183 -0.000947 0.158942
v -0.078083 -0.001339 0.159581
v -0.074442 -0.002153 0.194690
v -0.073594 -0.002626 0.186413
v -0.073594 -0.004548 0.188335
v -0.073594 -0.005251 0.190961
v -0.073594 -0.004548 0.193587
v -0.073594 -0.002626 0.195509
v -0.072612 -0.002879 0.185974
v -0.072612 -0.004987 0.188082
v -0.072612 -0.005758 0.190961
v -0.072612 -0.004987 0.193840
v -0.072612 -0.002879 0.195948
v -0.074442 -0.003728 0.193114
v -0.074442 -0.004305 0.190961
v -0.074442 -0.003728 0.188809
v -0.074442 -0.002153 0.187233
v -0.074804 -0.002333 0.190961
v -0.074672 -0.003215 0.190961
v -0.074652 -0.002153 0.193447
v -0.074680 -0.003044 0.191976
v -0.074652 -0.002153 0.188476
v -0.074680 -0.003044 0.189946
v -0.072238 -0.008388 0.171455
v -0.072219 -0.009658 0.171128
v -0.072387 -0.010603 0.170235
v -0.072698 -0.010970 0.169016
v -0.073068 -0.010662 0.167797
v -0.073397 -0.009760 0.166904
v -0.073598 -0.008507 0.166578
v -0.072439 -0.007135 0.171128
v -0.072768 -0.006233 0.170235
v -0.073138 -0.005925 0.169016
v -0.073449 -0.006293 0.167797
v -0.073617 -0.007238 0.166904
v -0.076259 -0.001266 0.157488
v -0.075881 -0.002532 0.159649
v -0.075663 -0.002193 0.160896
v -0.075503 -0.001266 0.161809
v -0.065811 -0.002153 0.187233
v -0.066658 -0.002626 0.195509
v -0.066658 -0.004548 0.193587
v -0.066658 -0.005251 0.190961
v -0.066658 -0.004548 0.188335
v -0.066658 -0.002626 0.186413
v -0.067641 -0.002879 0.195948
v -0.067641 -0.004987 0.193840
v -0.067641 -0.005758 0.190961
v -0.067641 -0.004987 0.188082
v -0.067641 -0.002879 0.185974
v -0.065811 -0.003728 0.188809
v -0.065811 -0.004305 0.190961
v -0.065811 -0.003728 0.193114
v -0.065811 -0.002153 0.194690
v -0.065476 -0.002333 0.190961
v -0.065608 -0.003215 0.190961
v -0.065629 -0.002153 0.188476
v -0.065488 -0.002153 0.189718
v -0.065600 -0.003044 0.189946
v -0.065500 -0.002256 0.192204
v -0.065629 -0.002153 0.193447
v -0.065600 -0.003044 0.191976
v -0.076100 -0.002193 0.158401
v -0.058114 0.000000 0.284624
v -0.059944 0.002153 0.294111
v -0.059944 0.000000 0.294688
v -0.059096 0.000000 0.295634
v -0.059096 0.000000 0.285131
v -0.059096 0.002626 0.285834
v -0.059096 0.004548 0.287757
v -0.059096 0.005251 0.290382
v -0.059096 0.004548 0.293008
v -0.059096 0.002626 0.294930
v -0.058114 0.002879 0.285396
v -0.058114 0.004987 0.287503
v -0.058114 0.005758 0.290382
v -0.058114 0.004987 0.293262
v -0.058114 0.002879 0.295369
v -0.058114 0.000000 0.296141
v -0.059944 0.003728 0.292535
v -0.059944 0.004305 0.290382
v -0.059944 0.003728 0.288230
v -0.059944 0.002153 0.286654
v -0.059944 0.000000 0.286077
v -0.060333 0.000000 0.290382
v -0.060306 0.002334 0.290382
v -0.060174 0.003215 0.290382
v -0.060174 0.000000 0.293413
v -0.060154 0.002153 0.292868
v -0.060182 0.003044 0.291397
v -0.060174 0.000000 0.287352
v -0.060154 0.002153 0.287897
v -0.060182 0.003044 0.289368
v -0.056871 0.000000 0.284624
v -0.056871 0.002879 0.285396
v -0.056871 0.004987 0.287503
v -0.056871 0.005758 0.290382
v -0.056871 0.002879 0.295369
v -0.056871 0.000000 0.296141
v -0.056871 0.004987 0.293262
v -0.059944 -0.002153 0.294111
v -0.059096 -0.002626 0.285834
v -0.059096 -0.004548 0.287757
v -0.059096 -0.005251 0.290382
v -0.059096 -0.004548 0.293008
v -0.059096 -0.002626 0.294930
v -0.058114 -0.002879 0.285396
v -0.058114 -0.004987 0.287503
v -0.058114 -0.005758 0.290382
v -0.058114 -0.004987 0.293262
v -0.058114 -0.002879 0.295369
v -0.059944 -0.003728 0.292535
v -0.059944 -0.004305 0.290382
v -0.059944 -0.003728 0.288230
v -0.059944 -0.002153 0.286654
v -0.060306 -0.002334 0.290382
v -0.060174 -0.003215 0.290382
v -0.060154 -0.002153 0.292868
v -0.060182 -0.003044 0.291397
v -0.060154 -0.002153 0.287897
v -0.060182 -0.003044 0.289368
v -0.056871 -0.002879 0.285396
v -0.056871 -0.004987 0.287503
v -0.056871 -0.005758 0.290382
v -0.056871 -0.002879 0.295369
v -0.056871 -0.004987 0.293262
v -0.070126 0.002879 0.185974
v -0.070126 0.002879 0.185974
v -0.070126 0.004987 0.188082
v -0.070126 0.004987 0.188082
v -0.070126 0.000000 0.185203
v -0.070126 0.000000 0.185203
v -0.070126 0.005758 0.190961
v -0.070126 0.005758 0.190961
v -0.070126 0.002879 0.195948
v -0.070126 0.002879 0.195948
v -0.070126 0.004987 0.193840
v -0.070126 0.004987 0.193840
v -0.070126 0.000000 0.196720
v -0.070126 0.000000 0.196720
v -0.070126 -0.002879 0.185974
v -0.070126 -0.002879 0.185974
v -0.070126 -0.004987 0.188082
v -0.070126 -0.004987 0.188082
v -0.070126 -0.005758 0.190961
v -0.070126 -0.005758 0.190961
v -0.070126 -0.002879 0.195948
v -0.070126 -0.002879 0.195948
v -0.070126 -0.004987 0.193840
v -0.070126 -0.004987 0.193840
v 0.081621 -0.000000 0.185203
v 0.085678 -0.000000 0.162357
v 0.086333 0.002193 0.158616
v 0.086551 -0.000000 0.157369
v 0.082439 0.008492 0.171790
v 0.082420 0.009762 0.171463
v 0.082588 0.010707 0.170571
v 0.082899 0.011074 0.169351
v 0.083269 0.010766 0.168132
v 0.083598 0.009864 0.167240
v 0.083800 0.008611 0.166913
v 0.082640 0.007239 0.171463
v 0.082970 0.006337 0.170571
v 0.083339 0.006029 0.169351
v 0.083650 0.006397 0.168132
v 0.083819 0.007342 0.167240
v 0.086624 0.000947 0.161617
v 0.086581 -0.000000 0.161867
v 0.086142 -0.000000 0.162212
v 0.082913 0.008534 0.171692
v 0.082896 0.009691 0.171394
v 0.083050 0.010553 0.170580
v 0.083333 0.010888 0.169468
v 0.083670 0.010607 0.168356
v 0.083971 0.009785 0.167542
v 0.084154 0.008642 0.167244
v 0.083097 0.007391 0.171394
v 0.083397 0.006568 0.170580
v 0.083734 0.006287 0.169468
v 0.084018 0.006622 0.168356
v 0.084171 0.007484 0.167542
v 0.086938 -0.000000 0.157663
v 0.086885 0.001155 0.157967
v 0.086739 0.002000 0.158800
v 0.086540 0.002309 0.159937
v 0.086341 0.002000 0.161075
v 0.086195 0.001155 0.161907
v 0.086493 0.001266 0.157703
v 0.086114 0.002532 0.159863
v 0.085896 0.002193 0.161110
v 0.085736 0.001266 0.162023
v 0.083383 0.008575 0.171391
v 0.083369 0.009524 0.171147
v 0.083494 0.010230 0.170480
v 0.083727 0.010505 0.169568
v 0.084003 0.010275 0.168657
v 0.084250 0.009601 0.167990
v 0.084400 0.008663 0.167745
v 0.083533 0.007638 0.171147
v 0.083780 0.006963 0.170480
v 0.084056 0.006733 0.169568
v 0.084288 0.007008 0.168657
v 0.084414 0.007714 0.167990
v 0.084094 0.008637 0.169625
v 0.083947 0.009654 0.169609
v 0.083858 0.010035 0.169593
v 0.084125 0.007609 0.169609
v 0.084103 0.007218 0.169593
v 0.083622 0.008596 0.170877
v 0.083596 0.009543 0.170644
v 0.083748 0.009950 0.170024
v 0.083760 0.007657 0.170644
v 0.083980 0.007283 0.170024
v 0.084339 0.008658 0.168310
v 0.084183 0.009595 0.168539
v 0.083987 0.009971 0.169165
v 0.084348 0.007709 0.168539
v 0.084220 0.007304 0.169165
v 0.086744 0.001640 0.160934
v 0.086907 0.001893 0.160002
v 0.087070 0.001640 0.159069
v 0.087190 0.000947 0.158387
v 0.087234 -0.000000 0.158137
v 0.087129 -0.000000 0.160041
v 0.087069 0.001026 0.160030
v 0.087012 0.001414 0.160020
v 0.086782 -0.000000 0.161333
v 0.086815 0.000947 0.161095
v 0.086939 0.001339 0.160460
v 0.087242 -0.000000 0.158707
v 0.087192 0.000947 0.158942
v 0.087092 0.001339 0.159581
v 0.083451 0.002153 0.194690
v 0.083451 -0.000000 0.195266
v 0.082603 -0.000000 0.196213
v 0.082603 -0.000000 0.185710
v 0.082603 0.002626 0.186413
v 0.082603 0.004548 0.188335
v 0.082603 0.005251 0.190961
v 0.082603 0.004548 0.193587
v 0.082603 0.002626 0.195509
v 0.081621 0.002879 0.185974
v 0.081621 0.004987 0.188082
v 0.081621 0.005758 0.190961
v 0.081621 0.004987 0.193840
v 0.081621 0.002879 0.195948
v 0.081621 -0.000000 0.196720
v 0.083451 0.003728 0.193114
v 0.083451 0.004305 0.190961
v 0.083451 0.003728 0.188809
v 0.083451 0.002153 0.187233
v 0.083451 -0.000000 0.186656
v 0.083821 -0.000000 0.190961
v 0.083813 0.002333 0.190961
v 0.083681 0.003215 0.190961
v 0.083681 -0.000000 0.193992
v 0.083661 0.002153 0.193447
v 0.083689 0.003044 0.191976
v 0.083681 -0.000000 0.187930
v 0.083661 0.002153 0.188476
v 0.083689 0.003044 0.189946
v 0.085327 -0.000000 0.157154
v 0.081247 0.008388 0.171455
v 0.081228 0.009658 0.171128
v 0.081396 0.010603 0.170235
v 0.081707 0.010970 0.169016
v 0.082077 0.010662 0.167797
v 0.082406 0.009760 0.166904
v 0.082608 0.008507 0.166578
v 0.081448 0.007135 0.171128
v 0.081777 0.006233 0.170235
v 0.082147 0.005925 0.169016
v 0.082458 0.006293 0.167797
v 0.082626 0.007238 0.166904
v 0.085269 0.001266 0.157488
v 0.084890 0.002532 0.159649
v 0.084672 0.002193 0.160896
v 0.084512 0.001266 0.161809
v 0.076650 -0.000000 0.196720
v 0.074820 0.002153 0.187233
v 0.074820 -0.000000 0.186656
v 0.075667 -0.000000 0.185710
v 0.075667 -0.000000 0.196213
v 0.075667 0.002626 0.195509
v 0.075667 0.004548 0.193587
v 0.075667 0.005251 0.190961
v 0.075667 0.004548 0.188335
v 0.075667 0.002626 0.186413
v 0.076650 0.002879 0.195948
v 0.076650 0.004987 0.193840
v 0.076650 0.005758 0.190961
v 0.076650 0.004987 0.188082
v 0.076650 0.002879 0.185974
v 0.076650 -0.000000 0.185203
v 0.074820 0.003728 0.188809
v 0.074820 0.004305 0.190961
v 0.074820 0.003728 0.193114
v 0.074820 0.002153 0.194690
v 0.074820 -0.000000 0.195266
v 0.074427 -0.000000 0.190961
v 0.074486 0.002333 0.190961
v 0.074617 0.003215 0.190961
v 0.074617 -0.000000 0.187930
v 0.074431 -0.000000 0.189407
v 0.074638 0.002153 0.188476
v 0.074497 0.002153 0.189718
v 0.074609 0.003044 0.189946
v 0.074427 -0.000000 0.192477
v 0.074617 -0.000000 0.193992
v 0.074509 0.002256 0.192204
v 0.074638 0.002153 0.193447
v 0.074609 0.003044 0.191976
v 0.084453 -0.000000 0.162143
v 0.085109 0.002193 0.158401
v 0.086333 -0.002193 0.158616
v 0.082439 -0.008492 0.171790
v 0.082420 -0.009762 0.171463
v 0.082588 -0.010707 0.170571
v 0.082899 -0.011074 0.169351
v 0.083269 -0.010766 0.168132
v 0.083598 -0.009864 0.167240
v 0.083800 -0.008611 0.166913
v 0.082640 -0.007239 0.171463
v 0.082970 -0.006337 0.170571
v 0.083339 -0.006029 0.169351
v 0.083650 -0.006397 0.168132
v 0.083819 -0.007342 0.167240
v 0.086624 -0.000947 0.161617
v 0.082913 -0.008534 0.171692
v 0.082896 -0.009691 0.171394
v 0.083050 -0.010553 0.170580
v 0.083333 -0.010888 0.169468
v 0.083670 -0.010607 0.168356
v 0.083971 -0.009785 0.167542
v 0.084154 -0.008642 0.167244
v 0.083097 -0.007391 0.171394
v 0.083397 -0.006568 0.170580
v 0.083734 -0.006287 0.169468
v 0.084018 -0.006623 0.168356
v 0.084171 -0.007484 0.167542
v 0.086885 -0.001155 0.157967
v 0.086739 -0.002000 0.158800
v 0.086540 -0.002309 0.159937
v 0.086341 -0.002000 0.161075
v 0.086195 -0.001155 0.161907
v 0.086493 -0.001266 0.157703
v 0.086114 -0.002532 0.159863
v 0.085896 -0.002193 0.161110
v 0.085736 -0.001266 0.162023
v 0.083383 -0.008575 0.171391
v 0.083369 -0.009524 0.171147
v 0.083494 -0.010230 0.170480
v 0.083727 -0.010505 0.169568
v 0.084003 -0.010275 0.168657
v 0.084250 -0.009601 0.167990
v 0.084400 -0.008663 0.167745
v 0.083533 -0.007638 0.171147
v 0.083780 -0.006963 0.170480
v 0.084056 -0.006733 0.169568
v 0.084288 -0.007008 0.168657
v 0.084414 -0.007714 0.167990
v 0.084094 -0.008637 0.169625
v 0.083947 -0.009654 0.169609
v 0.083858 -0.010035 0.169593
v 0.084125 -0.007609 0.169609
v 0.084103 -0.007218 0.169593
v 0.083622 -0.008596 0.170877
v 0.083596 -0.009543 0.170644
v 0.083748 -0.009950 0.170024
v 0.083760 -0.007657 0.170644
v 0.083980 -0.007283 0.170024
v 0.084339 -0.008658 0.168310
v 0.084183 -0.009595 0.168539
v 0.083987 -0.009971 0.169165
v 0.084348 -0.007709 0.168539
v 0.084220 -0.007304 0.169165
v 0.086744 -0.001640 0.160934
v 0.086907 -0.001893 0.160002
v 0.087070 -0.001640 0.159069
v 0.087190 -0.000947 0.158387
v 0.087069 -0.001026 0.160030
v 0.087012 -0.001414 0.160020
v 0.086815 -0.000947 0.161095
v 0.086939 -0.001339 0.160460
v 0.087192 -0.000947 0.158942
v 0.087092 -0.001339 0.159581
v 0.083451 -0.002153 0.194690
v 0.082603 -0.002626 0.186413
v 0.082603 -0.004548 0.188335
v 0.082603 -0.005251 0.190961
v 0.082603 -0.004548 0.193587
v 0.082603 -0.002626 0.195509
v 0.081621 -0.002879 0.185974
v 0.081621 -0.004987 0.188082
v 0.081621 -0.005758 0.190961
v 0.081621 -0.004987 0.193840
v 0.081621 -0.002879 0.195948
v 0.083451 -0.003728 0.193114
v 0.083451 -0.004305 0.190961
v 0.083451 -0.003728 0.188809
v 0.083451 -0.002153 0.187233
v 0.083813 -0.002334 0.190961
v 0.083681 -0.003215 0.190961
v 0.083661 -0.002153 0.193447
v 0.083689 -0.003044 0.191976
v 0.083661 -0.002153 0.188476
v 0.083689 -0.003044 0.189946
v 0.081247 -0.008388 0.171455
v 0.081228 -0.009658 0.171128
v 0.081396 -0.010603 0.170235
v 0.081707 -0.010970 0.169016
v 0.082077 -0.010662 0.167797
v 0.082406 -0.009760 0.166904
v 0.082608 -0.008507 0.166578
v 0.081448 -0.007135 0.171128
v 0.081777 -0.006233 0.170235
v 0.082147 -0.005925 0.169016
v 0.082458 -0.006293 0.167797
v 0.082626 -0.007238 0.166904
v 0.085269 -0.001266 0.157488
v 0.084890 -0.002532 0.159649
v 0.084672 -0.002193 0.160896
v 0.084512 -0.001266 0.161809
v 0.074820 -0.002153 0.187233
v 0.075667 -0.002626 0.195509
v 0.075667 -0.004548 0.193587
v 0.075667 -0.005251 0.190961
v 0.075667 -0.004548 0.188335
v 0.075667 -0.002626 0.186413
v 0.076650 -0.002879 0.195948
v 0.076650 -0.004987 0.193840
v 0.076650 -0.005758 0.190961
v 0.076650 -0.004987 0.188082
v 0.076650 -0.002879 0.185974
v 0.074820 -0.003728 0.188809
v 0.074820 -0.004305 0.190961
v 0.074820 -0.003728 0.193114
v 0.074820 -0.002153 0.194690
v 0.074486 -0.002334 0.190961
v 0.074617 -0.003215 0.190961
v 0.074638 -0.002153 0.188476
v 0.074497 -0.002153 0.189718
v 0.074609 -0.003044 0.189946
v 0.074509 -0.002256 0.192204
v 0.074638 -0.002153 0.193447
v 0.074609 -0.003044 0.191976
v 0.085109 -0.002193 0.158401
v 0.067123 -0.000000 0.284624
v 0.068953 0.002153 0.294111
v 0.068953 -0.000000 0.294688
v 0.068105 -0.000000 0.295634
v 0.068105 -0.000000 0.285131
v 0.068105 0.002626 0.285834
v 0.068105 0.004548 0.287757
v 0.068105 0.005251 0.290382
v 0.068105 0.004548 0.293008
v 0.068105 0.002626 0.294930
v 0.067123 0.002879 0.285396
v 0.067123 0.004987 0.287503
v 0.067123 0.005758 0.290382
v 0.067123 0.004987 0.293262
v 0.067123 0.002879 0.295369
v 0.067123 -0.000000 0.296141
v 0.068953 0.003728 0.292535
v 0.068953 0.004305 0.290382
v 0.068953 0.003728 0.288230
v 0.068953 0.002153 0.286654
v 0.068953 -0.000000 0.286077
v 0.069342 -0.000000 0.290382
v 0.069315 0.002334 0.290382
v 0.069183 0.003215 0.290382
v 0.069183 -0.000000 0.293413
v 0.069163 0.002153 0.292868
v 0.069191 0.003044 0.291397
v 0.069183 -0.000000 0.287352
v 0.069163 0.002153 0.287897
v 0.069191 0.003044 0.289368
v 0.065880 -0.000000 0.284624
v 0.065880 0.002879 0.285396
v 0.065880 0.004987 0.287503
v 0.065880 0.005758 0.290382
v 0.065880 0.002879 0.295369
v 0.065880 -0.000000 0.296141
v 0.065880 0.004987 0.293262
v 0.068953 -0.002153 0.294111
v 0.068105 -0.002626 0.285834
v 0.068105 -0.004548 0.287757
v 0.068105 -0.005251 0.290382
v 0.068105 -0.004548 0.293008
v 0.068105 -0.002626 0.294930
v 0.067123 -0.002879 0.285396
v 0.067123 -0.004987 0.287503
v 0.067123 -0.005758 0.290382
v 0.067123 -0.004987 0.293262
v 0.067123 -0.002879 0.295369
v 0.068953 -0.003728 0.292535
v 0.068953 -0.004305 0.290382
v 0.068953 -0.003728 0.288230
v 0.068953 -0.002153 0.286654
v 0.069315 -0.002334 0.290382
v 0.069183 -0.003215 0.290382
v 0.069163 -0.002153 0.292868
v 0.069191 -0.003044 0.291397
v 0.069163 -0.002153 0.287897
v 0.069191 -0.003044 0.289368
v 0.065880 -0.002879 0.285396
v 0.065880 -0.004987 0.287503
v 0.065880 -0.005758 0.290382
v 0.065880 -0.002879 0.295369
v 0.065880 -0.004987 0.293262
v 0.079135 0.002879 0.185974
v 0.079135 0.002879 0.185974
v 0.079135 0.004987 0.188082
v 0.079135 0.004987 0.188082
v 0.079135 -0.000000 0.185203
v 0.079135 -0.000000 0.185203
v 0.079135 0.005758 0.190961
v 0.079135 0.005758 0.190961
v 0.079135 0.002879 0.195948
v 0.079135 0.002879 0.195948
v 0.079135 0.004987 0.193840
v 0.079135 0.004987 0.193840
v 0.079135 -0.000000 0.196720
v 0.079135 -0.000000 0.196720
v 0.079135 -0.002879 0.185974
v 0.079135 -0.002879 0.185974
v 0.079135 -0.004987 0.188082
v 0.079135 -0.004987 0.188082
v 0.079135 -0.005758 0.190961
v 0.079135 -0.005758 0.190961
v 0.079135 -0.002879 0.195948
v 0.079135 -0.002879 0.195948
v 0.079135 -0.004987 0.193840
v 0.079135 -0.004987 0.193840
v 0.029602 -0.074555 0.131012
v 0.026464 -0.073236 0.144622
v 0.016940 -0.073714 0.154742
v 0.004505 -0.074172 0.158315
v -0.007931 -0.073714 0.154742
v -0.017455 -0.073236 0.144622
v -0.020592 -0.074555 0.131012
v -0.017698 -0.076999 0.116761
v -0.008747 -0.080195 0.106535
v 0.004505 -0.081856 0.103056
v 0.004505 -0.081856 0.103056
v 0.017756 -0.080195 0.106535
v 0.026708 -0.076999 0.116761
v 0.031594 -0.084141 0.132576
v 0.028054 -0.082892 0.146193
v 0.017784 -0.083432 0.156306
v 0.004505 -0.083962 0.159879
v -0.008774 -0.083432 0.156306
v -0.019045 -0.082892 0.146193
v -0.022584 -0.084141 0.132576
v -0.019296 -0.086658 0.118333
v -0.009607 -0.089912 0.108099
v 0.004505 -0.091646 0.104620
v 0.004505 -0.091646 0.104620
v 0.018616 -0.089912 0.108099
v 0.028305 -0.086658 0.118333
v 0.029930 -0.084476 0.132576
v 0.026602 -0.083257 0.145364
v 0.016933 -0.083648 0.154850
v 0.004505 -0.084187 0.158198
v -0.007924 -0.083648 0.154850
v -0.017593 -0.083257 0.145364
v -0.020921 -0.084476 0.132576
v -0.017818 -0.086801 0.119186
v -0.008747 -0.089737 0.109556
v 0.004505 -0.091420 0.106302
v 0.004505 -0.091420 0.106302
v 0.017756 -0.089737 0.109556
v 0.026827 -0.086801 0.119186
v 0.028024 -0.084859 0.132576
v 0.024938 -0.083674 0.144415
v 0.015956 -0.083902 0.153182
v 0.004505 -0.084446 0.156271
v -0.006947 -0.083902 0.153182
v -0.015929 -0.083674 0.144415
v -0.019015 -0.084859 0.132576
v -0.016123 -0.086966 0.120164
v -0.007760 -0.089538 0.111225
v 0.004505 -0.091162 0.108229
v 0.004505 -0.091162 0.108229
v 0.016769 -0.089538 0.111225
v 0.025132 -0.086966 0.120164
v -0.022217 -0.082315 0.132327
v -0.022217 -0.082315 0.132327
v -0.019001 -0.084830 0.118083
v -0.019001 -0.084830 0.118083
v 0.004505 -0.082099 0.159630
v 0.004505 -0.082099 0.159630
v -0.008623 -0.081584 0.156057
v -0.008623 -0.081584 0.156057
v 0.018461 -0.088064 0.107850
v 0.018461 -0.088064 0.107850
v 0.028010 -0.084830 0.118083
v 0.028010 -0.084830 0.118083
v 0.031226 -0.082315 0.132327
v 0.031226 -0.082315 0.132327
v 0.027761 -0.081064 0.145943
v 0.027761 -0.081064 0.145943
v -0.009452 -0.088064 0.107850
v -0.009452 -0.088064 0.107850
v -0.018752 -0.081064 0.145943
v -0.018752 -0.081064 0.145943
v 0.017632 -0.081584 0.156057
v 0.017632 -0.081584 0.156057
v 0.004505 -0.089783 0.104370
v 0.004505 -0.089783 0.104370
v 0.004505 -0.089783 0.104370
v 0.004505 -0.089783 0.104370
v -0.014589 -0.082950 0.151929
v -0.013438 -0.083241 0.150787
v -0.012118 -0.083576 0.149478
v -0.002498 -0.083621 0.159044
v -0.002073 -0.083841 0.157475
v -0.001584 -0.084097 0.155677
v 0.011507 -0.083621 0.159044
v 0.011082 -0.083841 0.157475
v 0.010594 -0.084097 0.155677
v 0.023598 -0.082950 0.151929
v 0.022447 -0.083241 0.150787
v 0.021127 -0.083576 0.149478
v 0.030658 -0.083301 0.139535
v 0.029098 -0.083651 0.139128
v 0.027311 -0.084050 0.138661
v 0.030937 -0.085168 0.125345
v 0.029365 -0.085407 0.125770
v 0.027565 -0.085682 0.126257
v 0.024124 -0.088170 0.112702
v 0.022959 -0.088152 0.113861
v 0.021622 -0.088133 0.115189
v 0.011786 -0.090779 0.105546
v 0.011356 -0.090579 0.107115
v 0.010863 -0.090350 0.108913
v -0.002777 -0.090779 0.105546
v -0.002347 -0.090579 0.107115
v -0.001854 -0.090350 0.108913
v -0.015174 -0.088149 0.112764
v -0.014005 -0.088133 0.113919
v -0.012665 -0.088116 0.115243
v -0.021927 -0.085168 0.125345
v -0.020356 -0.085407 0.125770
v -0.018556 -0.085682 0.126257
v -0.021616 -0.083290 0.139656
v -0.020058 -0.083639 0.139241
v -0.018273 -0.084040 0.138767
v -0.013372 -0.073263 0.150362
v -0.002076 -0.073867 0.157479
v 0.011085 -0.073867 0.157479
v 0.022381 -0.073263 0.150362
v 0.028834 -0.073668 0.138088
v 0.029136 -0.075550 0.123751
v 0.022955 -0.078461 0.111196
v 0.011356 -0.081026 0.103982
v -0.002347 -0.081026 0.103982
v -0.013946 -0.078461 0.111196
v -0.020127 -0.075550 0.123751
v -0.019824 -0.073668 0.138088
v -0.021286 -0.081462 0.139406
v -0.021286 -0.081462 0.139406
v -0.021591 -0.083345 0.125069
v -0.021591 -0.083345 0.125069
v -0.014950 -0.086311 0.112514
v -0.014950 -0.086311 0.112514
v -0.002699 -0.088924 0.105296
v -0.002699 -0.088924 0.105296
v 0.011709 -0.088924 0.105296
v 0.011709 -0.088924 0.105296
v 0.023959 -0.086311 0.112514
v 0.023959 -0.086311 0.112514
v 0.030600 -0.083345 0.125069
v 0.030600 -0.083345 0.125069
v 0.030295 -0.081462 0.139406
v 0.030295 -0.081462 0.139406
v 0.023376 -0.081112 0.151679
v 0.023376 -0.081112 0.151679
v 0.011431 -0.081765 0.158794
v 0.011431 -0.081765 0.158794
v -0.002422 -0.081765 0.158794
v -0.002422 -0.081765 0.158794
v -0.014367 -0.081112 0.151679
v -0.014367 -0.081112 0.151679
v 0.004084 -0.088116 0.131563
v 0.005286 -0.087956 0.132754
v 0.005404 -0.088014 0.132318
v 0.005286 -0.088073 0.131882
v 0.004964 -0.088116 0.131563
v 0.004084 -0.087913 0.133073
v 0.004524 -0.087897 0.133190
v 0.003761 -0.088073 0.131882
v 0.003644 -0.088014 0.132318
v 0.003761 -0.087956 0.132754
v 0.004964 -0.087913 0.133073
v 0.004524 -0.088131 0.131446
v 0.002760 -0.088420 0.129290
v 0.002760 -0.088420 0.129290
v 0.002760 -0.088420 0.129290
v 0.007579 -0.087780 0.134066
v 0.007579 -0.087780 0.134066
v 0.008052 -0.088014 0.132318
v 0.008052 -0.088014 0.132318
v 0.008052 -0.088014 0.132318
v 0.007579 -0.088249 0.130570
v 0.007579 -0.088249 0.130570
v 0.007579 -0.088249 0.130570
v 0.006288 -0.088420 0.129290
v 0.006288 -0.088420 0.129290
v 0.006288 -0.088420 0.129290
v 0.002760 -0.087608 0.135346
v 0.002760 -0.087608 0.135346
v 0.002760 -0.087608 0.135346
v 0.004524 -0.087546 0.135815
v 0.004524 -0.087546 0.135815
v 0.001468 -0.088249 0.130570
v 0.001468 -0.088249 0.130570
v 0.000995 -0.088014 0.132318
v 0.000995 -0.088014 0.132318
v 0.000995 -0.088014 0.132318
v 0.001468 -0.087780 0.134066
v 0.001468 -0.087780 0.134066
v 0.001468 -0.087780 0.134066
v 0.006288 -0.087608 0.135346
v 0.006288 -0.087608 0.135346
v 0.006288 -0.087608 0.135346
v 0.004524 -0.088483 0.128821
v 0.004524 -0.088483 0.128821
v 0.002760 -0.088174 0.129257
v 0.002760 -0.088174 0.129257
v 0.007579 -0.087534 0.134033
v 0.008052 -0.087768 0.132285
v 0.008052 -0.087768 0.132285
v 0.007579 -0.088002 0.130537
v 0.007579 -0.088002 0.130537
v 0.006288 -0.088174 0.129257
v 0.006288 -0.088174 0.129257
v 0.002760 -0.087362 0.135313
v 0.002760 -0.087362 0.135313
v 0.004524 -0.087299 0.135782
v 0.001468 -0.088002 0.130537
v 0.000995 -0.087768 0.132285
v 0.000995 -0.087768 0.132285
v 0.001468 -0.087534 0.134033
v 0.001468 -0.087534 0.134033
v 0.006288 -0.087362 0.135313
v 0.006288 -0.087362 0.135313
v 0.004524 -0.088237 0.128788
v 0.012068 -0.088157 0.131251
v 0.012068 -0.088157 0.131251
v 0.011595 -0.088392 0.129503
v 0.011595 -0.088392 0.129503
v 0.012068 -0.087911 0.131218
v 0.011595 -0.088145 0.129470
v 0.013065 -0.088131 0.131447
v 0.013065 -0.088131 0.131447
v 0.013065 -0.088131 0.131447
v 0.012360 -0.088481 0.128840
v 0.012360 -0.088481 0.128840
v 0.012360 -0.088481 0.128840
v 0.013065 -0.087885 0.131414
v 0.013065 -0.087885 0.131414
v 0.012360 -0.088234 0.128807
v 0.012360 -0.088234 0.128807
v 0.015445 -0.088192 0.129733
v 0.015445 -0.088192 0.129733
v 0.015445 -0.088192 0.129733
v 0.015285 -0.088275 0.129136
v 0.015285 -0.088275 0.129136
v 0.015285 -0.088275 0.129136
v 0.015441 -0.087946 0.129700
v 0.015441 -0.087946 0.129700
v 0.015281 -0.088028 0.129103
v 0.015281 -0.088028 0.129103
v -0.015828 -0.085789 0.137535
v -0.015828 -0.085789 0.137535
v -0.015828 -0.085789 0.137535
v -0.015733 -0.085749 0.137878
v -0.015733 -0.085749 0.137878
v -0.015733 -0.085749 0.137878
v -0.015814 -0.085543 0.137502
v -0.015814 -0.085543 0.137502
v -0.015719 -0.085503 0.137845
v -0.015719 -0.085503 0.137845
v -0.021286 -0.081462 0.139406
v -0.021591 -0.083345 0.125069
v -0.014950 -0.086311 0.112514
v -0.002699 -0.088924 0.105296
v 0.011709 -0.088924 0.105296
v 0.023959 -0.086311 0.112514
v 0.030600 -0.083345 0.125069
v 0.030295 -0.081462 0.139406
v 0.023376 -0.081112 0.151679
v 0.011431 -0.081765 0.158794
v -0.002422 -0.081765 0.158794
v -0.014367 -0.081112 0.151679
v -0.009723 -0.082336 0.147103
v 0.004012 -0.085951 0.132657
v 0.004012 -0.085951 0.132657
v 0.003969 -0.087998 0.132926
v 0.003969 -0.087998 0.132926
v 0.003375 -0.087923 0.133530
v 0.003375 -0.087923 0.133530
v 0.003349 -0.088616 0.133622
v 0.003349 -0.088616 0.133622
v 0.003678 -0.088686 0.133292
v -0.000955 -0.088149 0.111593
v -0.000697 -0.082689 0.152506
v 0.004338 -0.085916 0.132873
v 0.004338 -0.085916 0.132873
v 0.004335 -0.086132 0.131245
v 0.004335 -0.086132 0.131245
v 0.004317 -0.087966 0.133142
v 0.004317 -0.087966 0.133142
v 0.004314 -0.088182 0.131514
v 0.004314 -0.088182 0.131514
v 0.004101 -0.087857 0.133961
v 0.004101 -0.087857 0.133961
v 0.004093 -0.088290 0.130698
v 0.004093 -0.088290 0.130698
v 0.004088 -0.088552 0.134054
v 0.004088 -0.088552 0.134054
v 0.004081 -0.088986 0.130791
v 0.004081 -0.088986 0.130791
v 0.004208 -0.088640 0.133604
v 0.004203 -0.088954 0.131247
v 0.009964 -0.088149 0.111593
v 0.009706 -0.082689 0.152506
v 0.004671 -0.085916 0.132873
v 0.004671 -0.085916 0.132873
v 0.004675 -0.086132 0.131245
v 0.004675 -0.086132 0.131245
v 0.004692 -0.087966 0.133142
v 0.004692 -0.087966 0.133142
v 0.004695 -0.088182 0.131514
v 0.004695 -0.088182 0.131514
v 0.004909 -0.087857 0.133961
v 0.004909 -0.087857 0.133961
v 0.004916 -0.088290 0.130698
v 0.004916 -0.088290 0.130698
v 0.004921 -0.088552 0.134054
v 0.004921 -0.088552 0.134054
v 0.004929 -0.088986 0.130791
v 0.004929 -0.088986 0.130791
v 0.004801 -0.088640 0.133604
v 0.004806 -0.088954 0.131247
v 0.018732 -0.082336 0.147103
v 0.004997 -0.085951 0.132657
v 0.004997 -0.085951 0.132657
v 0.005040 -0.087998 0.132926
v 0.005040 -0.087998 0.132926
v 0.005634 -0.087923 0.133530
v 0.005634 -0.087923 0.133530
v 0.005660 -0.088616 0.133622
v 0.005660 -0.088616 0.133622
v 0.005331 -0.088686 0.133292
v -0.015030 -0.082886 0.137745
v 0.024039 -0.082886 0.137745
v 0.005214 -0.086006 0.132282
v 0.005214 -0.086006 0.132282
v 0.003795 -0.086006 0.132282
v 0.003795 -0.086006 0.132282
v 0.005260 -0.088051 0.132550
v 0.005260 -0.088051 0.132550
v 0.003749 -0.088051 0.132550
v 0.003749 -0.088051 0.132550
v 0.006075 -0.088029 0.132776
v 0.006075 -0.088029 0.132776
v 0.002934 -0.088029 0.132776
v 0.002934 -0.088029 0.132776
v 0.006103 -0.088721 0.132869
v 0.006103 -0.088721 0.132869
v 0.002906 -0.088721 0.132869
v 0.002906 -0.088721 0.132869
v 0.005651 -0.088762 0.132748
v 0.003358 -0.088762 0.132748
v 0.004193 -0.088759 0.132719
v 0.004817 -0.088759 0.132719
v 0.024290 -0.084325 0.126782
v -0.015280 -0.084325 0.126782
v 0.005216 -0.086064 0.131845
v 0.005216 -0.086064 0.131845
v 0.003793 -0.086064 0.131845
v 0.003793 -0.086064 0.131845
v 0.005262 -0.088109 0.132114
v 0.005262 -0.088109 0.132114
v 0.003747 -0.088109 0.132114
v 0.003747 -0.088109 0.132114
v 0.006079 -0.088145 0.131902
v 0.006079 -0.088145 0.131902
v 0.002930 -0.088145 0.131902
v 0.002930 -0.088145 0.131902
v 0.006108 -0.088837 0.131995
v 0.006108 -0.088837 0.131995
v 0.002901 -0.088837 0.131995
v 0.002901 -0.088837 0.131995
v 0.005654 -0.088846 0.132116
v 0.003355 -0.088846 0.132116
v 0.004192 -0.088837 0.132132
v 0.004817 -0.088837 0.132132
v 0.019240 -0.086298 0.117151
v 0.005002 -0.086109 0.131466
v 0.005002 -0.086109 0.131466
v 0.005045 -0.088156 0.131735
v 0.005045 -0.088156 0.131735
v 0.005646 -0.088240 0.131141
v 0.005646 -0.088240 0.131141
v 0.005673 -0.088933 0.131234
v 0.005673 -0.088933 0.131234
v 0.005339 -0.088916 0.131566
v -0.010231 -0.086298 0.117151
v 0.004007 -0.086109 0.131466
v 0.004007 -0.086109 0.131466
v 0.003964 -0.088156 0.131735
v 0.003964 -0.088156 0.131735
v 0.003363 -0.088240 0.131141
v 0.003363 -0.088240 0.131141
v 0.003337 -0.088933 0.131234
v 0.003337 -0.088933 0.131234
v 0.003670 -0.088916 0.131566
v -0.046367 0.000000 0.197649
v -0.045092 0.011320 0.197649
v -0.041329 0.022073 0.197649
v -0.035269 0.031718 0.197649
v -0.027214 0.039773 0.197649
v -0.017568 0.045834 0.197649
v -0.006816 0.049596 0.197649
v 0.004505 0.050872 0.197649
v -0.048667 0.000000 0.197564
v -0.048667 0.000000 0.197564
v -0.047334 0.011832 0.197564
v -0.047334 0.011832 0.197564
v -0.043401 0.023070 0.197564
v -0.043401 0.023070 0.197564
v -0.037066 0.033152 0.197564
v -0.037066 0.033152 0.197564
v -0.028647 0.041571 0.197564
v -0.028647 0.041571 0.197564
v -0.018566 0.047906 0.197564
v -0.018566 0.047906 0.197564
v -0.007327 0.051838 0.197564
v -0.007327 0.051838 0.197564
v 0.004505 0.053171 0.197564
v 0.004505 0.053171 0.197564
v -0.048667 0.000000 0.200192
v -0.047334 0.011832 0.200192
v -0.043401 0.023070 0.200192
v -0.037066 0.033152 0.200192
v -0.028647 0.041571 0.200192
v -0.018566 0.047906 0.200192
v -0.007327 0.051838 0.200192
v 0.004505 0.053171 0.200192
v -0.015823 0.000000 0.224240
v -0.015314 0.004523 0.224240
v -0.013810 0.008820 0.224240
v -0.011388 0.012674 0.224240
v -0.008170 0.015893 0.224240
v -0.004315 0.018315 0.224240
v -0.000019 0.019818 0.224240
v 0.004505 0.020328 0.224240
v -0.049346 0.000000 0.198878
v -0.037597 0.033575 0.198878
v -0.044013 0.023365 0.198878
v -0.007478 0.052500 0.198878
v -0.018860 0.048517 0.198878
v -0.047995 0.011983 0.198878
v -0.029070 0.042102 0.198878
v 0.004505 0.053850 0.198878
v 0.004505 0.044028 0.204705
v -0.038419 0.009797 0.204705
v -0.039523 0.000000 0.204705
v -0.022946 0.034422 0.204705
v -0.029918 0.027451 0.204705
v -0.005293 0.042924 0.204705
v -0.035163 0.019103 0.204705
v -0.014598 0.039668 0.204705
v -0.027326 0.007265 0.214229
v -0.020393 0.005683 0.221424
v -0.015852 0.025526 0.214229
v -0.011418 0.019966 0.221424
v 0.004505 0.025537 0.221424
v 0.004505 0.032649 0.214229
v -0.021033 0.000000 0.221424
v -0.028144 0.000000 0.214229
v -0.015461 0.015922 0.221424
v -0.021021 0.020356 0.214229
v -0.001178 0.024897 0.221424
v -0.002761 0.031830 0.214229
v -0.018504 0.011080 0.221424
v -0.024911 0.014166 0.214229
v -0.006576 0.023008 0.221424
v -0.009661 0.029416 0.214229
v -0.023859 0.006474 0.218448
v -0.013635 0.022746 0.218448
v 0.004505 0.029093 0.218448
v -0.024589 0.000000 0.218448
v -0.018241 0.018139 0.218448
v -0.001969 0.028364 0.218448
v -0.021707 0.012623 0.218448
v -0.008118 0.026212 0.218448
v -0.005579 0.000000 0.226166
v -0.005579 0.000000 0.226166
v -0.005326 0.002244 0.226166
v -0.005326 0.002244 0.226166
v -0.004580 0.004375 0.226166
v -0.004580 0.004375 0.226166
v -0.003379 0.006287 0.226166
v -0.003379 0.006287 0.226166
v -0.001782 0.007883 0.226166
v -0.001782 0.007883 0.226166
v 0.000130 0.009085 0.226166
v 0.000130 0.009085 0.226166
v 0.002261 0.009830 0.226166
v 0.002261 0.009830 0.226166
v 0.004505 0.010083 0.226166
v 0.004505 0.010083 0.226166
v -0.002068 0.003165 0.234057
v -0.002607 0.001623 0.234057
v 0.001339 0.006573 0.234057
v -0.000044 0.005703 0.234057
v 0.004505 0.007295 0.234057
v -0.002790 0.000000 0.234057
v -0.001199 0.004548 0.234057
v 0.002881 0.007112 0.234057
v -0.002991 0.009399 0.241431
v -0.002991 0.009399 0.244455
v -0.004894 0.007495 0.244455
v -0.004894 0.007495 0.241431
v 0.004505 0.012022 0.241431
v 0.004505 0.012021 0.244455
v 0.001830 0.011720 0.244455
v 0.001829 0.011720 0.241431
v -0.007517 0.000000 0.241431
v -0.007517 0.000000 0.244455
v -0.006326 0.005216 0.244455
v -0.006327 0.005216 0.241431
v -0.000711 0.010831 0.244455
v -0.000711 0.010831 0.241431
v -0.007215 0.002675 0.244455
v -0.007216 0.002675 0.241431
v -0.005436 0.000000 0.247293
v -0.005186 0.002212 0.247293
v -0.004451 0.004313 0.247293
v -0.003267 0.006198 0.247293
v -0.001693 0.007772 0.247293
v 0.000192 0.008956 0.247293
v 0.002293 0.009691 0.247293
v 0.004505 0.009940 0.247293
v 0.004505 0.005607 0.249765
v 0.003257 0.005466 0.249765
v 0.002072 0.005051 0.249765
v 0.001009 0.004383 0.249765
v 0.000121 0.003496 0.249765
v -0.000547 0.002433 0.249765
v -0.000962 0.001248 0.249765
v -0.001102 0.000000 0.249765
v -0.004257 0.002000 0.248910
v -0.004257 0.002000 0.248910
v -0.003592 0.003899 0.248910
v -0.003592 0.003899 0.248910
v -0.002522 0.005603 0.248910
v -0.002522 0.005603 0.248910
v -0.001099 0.007026 0.248910
v -0.001099 0.007026 0.248910
v 0.000605 0.008097 0.248910
v 0.000605 0.008097 0.248910
v 0.002505 0.008762 0.248910
v 0.002505 0.008762 0.248910
v 0.004505 0.008987 0.248910
v 0.004505 0.008987 0.248910
v 0.004505 0.004639 0.251025
v 0.003472 0.004523 0.251025
v 0.002492 0.004180 0.251025
v 0.001612 0.003627 0.251025
v 0.000877 0.002893 0.251025
v 0.000325 0.002013 0.251025
v -0.000018 0.001032 0.251025
v -0.000135 0.000000 0.251025
v 0.004505 0.003106 0.251734
v 0.003813 0.003028 0.251734
v 0.003157 0.002798 0.251734
v 0.002568 0.002428 0.251734
v 0.002076 0.001937 0.251734
v 0.001706 0.001348 0.251734
v 0.001476 0.000691 0.251734
v 0.001399 0.000000 0.251734
v 0.004505 0.001517 0.251990
v 0.004167 0.001479 0.251990
v 0.003846 0.001367 0.251990
v 0.003504 0.001241 0.251990
v 0.003263 0.000946 0.251990
v 0.003138 0.000658 0.251990
v 0.003025 0.000338 0.251990
v 0.002987 0.000000 0.251990
v 0.004505 -0.000000 0.252088
v 0.003746 0.000000 0.252068
v 0.003821 0.001025 0.252037
v 0.004505 0.001138 0.252037
v -0.045092 -0.011320 0.197649
v -0.041329 -0.022073 0.197649
v -0.035269 -0.031718 0.197649
v -0.027214 -0.039773 0.197649
v -0.017568 -0.045834 0.197649
v -0.006816 -0.049596 0.197649
v 0.004505 -0.050872 0.197649
v -0.047334 -0.011832 0.197564
v -0.047334 -0.011832 0.197564
v -0.043401 -0.023070 0.197564
v -0.043401 -0.023070 0.197564
v -0.037066 -0.033152 0.197564
v -0.037066 -0.033152 0.197564
v -0.028647 -0.041571 0.197564
v -0.028647 -0.041571 0.197564
v -0.018566 -0.047906 0.197564
v -0.018566 -0.047906 0.197564
v -0.007327 -0.051838 0.197564
v -0.007327 -0.051838 0.197564
v 0.004505 -0.053171 0.197564
v 0.004505 -0.053171 0.197564
v -0.047334 -0.011832 0.200192
v -0.043401 -0.023070 0.200192
v -0.037066 -0.033152 0.200192
v -0.028647 -0.041571 0.200192
v -0.018566 -0.047906 0.200192
v -0.007327 -0.051838 0.200192
v 0.004505 -0.053171 0.200192
v -0.015314 -0.004523 0.224240
v -0.013810 -0.008820 0.224240
v -0.011388 -0.012674 0.224240
v -0.008170 -0.015893 0.224240
v -0.004315 -0.018315 0.224240
v -0.000019 -0.019818 0.224240
v 0.004505 -0.020328 0.224240
v -0.037597 -0.033575 0.198878
v -0.044013 -0.023365 0.198878
v -0.007478 -0.052500 0.198878
v -0.018860 -0.048517 0.198878
v -0.047995 -0.011983 0.198878
v -0.029070 -0.042102 0.198878
v 0.004505 -0.053850 0.198878
v 0.004505 -0.044028 0.204705
v -0.038419 -0.009797 0.204705
v -0.022946 -0.034422 0.204705
v -0.029918 -0.027451 0.204705
v -0.005293 -0.042924 0.204705
v -0.035163 -0.019103 0.204705
v -0.014598 -0.039668 0.204705
v -0.027326 -0.007265 0.214229
v -0.020393 -0.005683 0.221424
v -0.015852 -0.025526 0.214229
v -0.011418 -0.019966 0.221424
v 0.004505 -0.025537 0.221424
v 0.004505 -0.032649 0.214229
v -0.015461 -0.015922 0.221424
v -0.021021 -0.020356 0.214229
v -0.001178 -0.024897 0.221424
v -0.002761 -0.031830 0.214229
v -0.018504 -0.011080 0.221424
v -0.024911 -0.014166 0.214229
v -0.006576 -0.023008 0.221424
v -0.009661 -0.029416 0.214229
v -0.023859 -0.006474 0.218448
v -0.013635 -0.022746 0.218448
v 0.004505 -0.029093 0.218448
v -0.018241 -0.018139 0.218448
v -0.001969 -0.028364 0.218448
v -0.021707 -0.012623 0.218448
v -0.008119 -0.026212 0.218448
v -0.005326 -0.002244 0.226166
v -0.005326 -0.002244 0.226166
v -0.004580 -0.004375 0.226166
v -0.004580 -0.004375 0.226166
v -0.003379 -0.006287 0.226166
v -0.003379 -0.006287 0.226166
v -0.001782 -0.007883 0.226166
v -0.001782 -0.007883 0.226166
v 0.000130 -0.009085 0.226166
v 0.000130 -0.009085 0.226166
v 0.002261 -0.009830 0.226166
v 0.002261 -0.009830 0.226166
v 0.004505 -0.010083 0.226166
v 0.004505 -0.010083 0.226166
v -0.002068 -0.003165 0.234057
v -0.002607 -0.001623 0.234057
v 0.001339 -0.006573 0.234057
v -0.000044 -0.005703 0.234057
v 0.004505 -0.007295 0.234057
v -0.001199 -0.004548 0.234057
v 0.002881 -0.007112 0.234057
v -0.002991 -0.009399 0.241431
v -0.002991 -0.009399 0.244455
v -0.004894 -0.007495 0.244455
v -0.004894 -0.007495 0.241431
v 0.004505 -0.012022 0.241431
v 0.004505 -0.012021 0.244455
v 0.001830 -0.011720 0.244455
v 0.001829 -0.011720 0.241431
v -0.006326 -0.005216 0.244455
v -0.006327 -0.005216 0.241431
v -0.000711 -0.010831 0.244455
v -0.000711 -0.010831 0.241431
v -0.007215 -0.002675 0.244455
v -0.007216 -0.002675 0.241431
v -0.005186 -0.002212 0.247293
v -0.004451 -0.004313 0.247293
v -0.003267 -0.006198 0.247293
v -0.001693 -0.007772 0.247293
v 0.000192 -0.008956 0.247293
v 0.002293 -0.009691 0.247293
v 0.004505 -0.009940 0.247293
v 0.004505 -0.005607 0.249765
v 0.003257 -0.005466 0.249765
v 0.002072 -0.005051 0.249765
v 0.001009 -0.004383 0.249765
v 0.000121 -0.003496 0.249765
v -0.000547 -0.002433 0.249765
v -0.000962 -0.001248 0.249765
v -0.004257 -0.002000 0.248910
v -0.004257 -0.002000 0.248910
v -0.003592 -0.003899 0.248910
v -0.003592 -0.003899 0.248910
v -0.002522 -0.005603 0.248910
v -0.002522 -0.005603 0.248910
v -0.001099 -0.007026 0.248910
v -0.001099 -0.007026 0.248910
v 0.000605 -0.008097 0.248910
v 0.000605 -0.008097 0.248910
v 0.002505 -0.008762 0.248910
v 0.002505 -0.008762 0.248910
v 0.004505 -0.008987 0.248910
v 0.004505 -0.008987 0.248910
v 0.004505 -0.004639 0.251025
v 0.003472 -0.004523 0.251025
v 0.002492 -0.004180 0.251025
v 0.001612 -0.003627 0.251025
v 0.000877 -0.002893 0.251025
v 0.000325 -0.002013 0.251025
v -0.000018 -0.001032 0.251025
v 0.004505 -0.003106 0.251734
v 0.003813 -0.003028 0.251734
v 0.003157 -0.002798 0.251734
v 0.002568 -0.002428 0.251734
v 0.002076 -0.001937 0.251734
v 0.001706 -0.001348 0.251734
v 0.001476 -0.000691 0.251734
v 0.004505 -0.001517 0.251990
v 0.004167 -0.001479 0.251990
v 0.003846 -0.001367 0.251990
v 0.003504 -0.001241 0.251990
v 0.003263 -0.000946 0.251990
v 0.003138 -0.000658 0.251990
v 0.003025 -0.000338 0.251990
v 0.003821 -0.001025 0.252037
v 0.003821 -0.001025 0.252037
v 0.004505 -0.001138 0.252037
v 0.055377 -0.000000 0.197649
v 0.055377 -0.000000 0.197649
v 0.054101 0.011320 0.197649
v 0.050339 0.022073 0.197649
v 0.044278 0.031718 0.197649
v 0.036223 0.039773 0.197649
v 0.026577 0.045834 0.197649
v 0.015825 0.049596 0.197649
v 0.057676 -0.000000 0.197564
v 0.057676 -0.000000 0.197564
v 0.057676 -0.000000 0.197564
v 0.057676 -0.000000 0.197564
v 0.056343 0.011832 0.197564
v 0.056343 0.011832 0.197564
v 0.052410 0.023070 0.197564
v 0.052410 0.023070 0.197564
v 0.046076 0.033152 0.197564
v 0.046076 0.033152 0.197564
v 0.037656 0.041571 0.197564
v 0.037656 0.041571 0.197564
v 0.027575 0.047906 0.197564
v 0.027575 0.047906 0.197564
v 0.016336 0.051838 0.197564
v 0.016336 0.051838 0.197564
v 0.057676 -0.000000 0.200192
v 0.057676 -0.000000 0.200192
v 0.056343 0.011832 0.200192
v 0.052410 0.023070 0.200192
v 0.046076 0.033152 0.200192
v 0.037656 0.041571 0.200192
v 0.027575 0.047906 0.200192
v 0.016336 0.051838 0.200192
v 0.024832 -0.000000 0.224240
v 0.024832 -0.000000 0.224240
v 0.024323 0.004523 0.224240
v 0.022819 0.008820 0.224240
v 0.020397 0.012674 0.224240
v 0.017179 0.015893 0.224240
v 0.013324 0.018315 0.224240
v 0.009028 0.019818 0.224240
v 0.058355 -0.000000 0.198878
v 0.058355 -0.000000 0.198878
v 0.046606 0.033575 0.198878
v 0.053022 0.023365 0.198878
v 0.016487 0.052500 0.198878
v 0.027869 0.048517 0.198878
v 0.057005 0.011983 0.198878
v 0.038080 0.042102 0.198878
v 0.047428 0.009797 0.204705
v 0.048532 -0.000000 0.204705
v 0.048532 -0.000000 0.204705
v 0.031955 0.034422 0.204705
v 0.038927 0.027451 0.204705
v 0.014302 0.042924 0.204705
v 0.044172 0.019103 0.204705
v 0.023607 0.039668 0.204705
v 0.036335 0.007265 0.214229
v 0.029402 0.005683 0.221424
v 0.024861 0.025526 0.214229
v 0.020427 0.019966 0.221424
v 0.030042 -0.000000 0.221424
v 0.030042 -0.000000 0.221424
v 0.037154 -0.000000 0.214229
v 0.037154 -0.000000 0.214229
v 0.024470 0.015922 0.221424
v 0.030031 0.020356 0.214229
v 0.010187 0.024897 0.221424
v 0.011770 0.031830 0.214229
v 0.027513 0.011080 0.221424
v 0.033920 0.014166 0.214229
v 0.015585 0.023008 0.221424
v 0.018670 0.029416 0.214229
v 0.032868 0.006474 0.218448
v 0.022644 0.022746 0.218448
v 0.033598 -0.000000 0.218448
v 0.033598 -0.000000 0.218448
v 0.027251 0.018139 0.218448
v 0.010978 0.028364 0.218448
v 0.030717 0.012623 0.218448
v 0.017128 0.026212 0.218448
v 0.014588 -0.000000 0.226166
v 0.014588 -0.000000 0.226166
v 0.014588 -0.000000 0.226166
v 0.014588 -0.000000 0.226166
v 0.014335 0.002244 0.226166
v 0.014335 0.002244 0.226166
v 0.013589 0.004375 0.226166
v 0.013589 0.004375 0.226166
v 0.012388 0.006287 0.226166
v 0.012388 0.006287 0.226166
v 0.010791 0.007883 0.226166
v 0.010791 0.007883 0.226166
v 0.008879 0.009085 0.226166
v 0.008879 0.009085 0.226166
v 0.006748 0.009830 0.226166
v 0.006748 0.009830 0.226166
v 0.011077 0.003165 0.234057
v 0.011617 0.001623 0.234057
v 0.007670 0.006573 0.234057
v 0.009053 0.005703 0.234057
v 0.011800 -0.000000 0.234057
v 0.011800 -0.000000 0.234057
v 0.010208 0.004548 0.234057
v 0.006128 0.007112 0.234057
v 0.012000 0.009399 0.241431
v 0.012000 0.009399 0.244455
v 0.013903 0.007495 0.244455
v 0.013903 0.007495 0.241431
v 0.007180 0.011720 0.244455
v 0.007180 0.011720 0.241431
v 0.016526 -0.000000 0.241431
v 0.016526 -0.000000 0.241431
v 0.016526 -0.000000 0.244455
v 0.016526 -0.000000 0.244455
v 0.015335 0.005216 0.244455
v 0.015336 0.005216 0.241431
v 0.009720 0.010831 0.244455
v 0.009721 0.010831 0.241431
v 0.016225 0.002675 0.244455
v 0.016225 0.002675 0.241431
v 0.014445 -0.000000 0.247293
v 0.014445 -0.000000 0.247293
v 0.014196 0.002212 0.247293
v 0.013460 0.004313 0.247293
v 0.012276 0.006198 0.247293
v 0.010702 0.007772 0.247293
v 0.008817 0.008956 0.247293
v 0.006716 0.009691 0.247293
v 0.005752 0.005466 0.249765
v 0.006937 0.005051 0.249765
v 0.008000 0.004383 0.249765
v 0.008888 0.003496 0.249765
v 0.009556 0.002433 0.249765
v 0.009971 0.001248 0.249765
v 0.010111 -0.000000 0.249765
v 0.013492 -0.000000 0.248910
v 0.013492 -0.000000 0.248910
v 0.013492 -0.000000 0.248910
v 0.013492 -0.000000 0.248910
v 0.013266 0.002000 0.248910
v 0.013266 0.002000 0.248910
v 0.012602 0.003899 0.248910
v 0.012602 0.003899 0.248910
v 0.010108 0.007026 0.248910
v 0.010108 0.007026 0.248910
v 0.008404 0.008097 0.248910
v 0.008404 0.008097 0.248910
v 0.005537 0.004523 0.251025
v 0.006517 0.004180 0.251025
v 0.007397 0.003627 0.251025
v 0.008132 0.002893 0.251025
v 0.008684 0.002013 0.251025
v 0.009027 0.001032 0.251025
v 0.009144 -0.000000 0.251025
v 0.005196 0.003028 0.251734
v 0.005852 0.002798 0.251734
v 0.006441 0.002428 0.251734
v 0.006933 0.001937 0.251734
v 0.007303 0.001348 0.251734
v 0.007533 0.000691 0.251734
v 0.007610 -0.000000 0.251734
v 0.004842 0.001479 0.251990
v 0.005163 0.001367 0.251990
v 0.005505 0.001241 0.251990
v 0.005746 0.000946 0.251990
v 0.005871 0.000658 0.251990
v 0.005984 0.000338 0.251990
v 0.006022 -0.000000 0.251990
v 0.005263 -0.000000 0.252068
v 0.005188 0.001025 0.252037
v 0.054101 -0.011320 0.197649
v 0.050339 -0.022073 0.197649
v 0.044278 -0.031718 0.197649
v 0.036223 -0.039773 0.197649
v 0.026577 -0.045834 0.197649
v 0.015825 -0.049596 0.197649
v 0.056343 -0.011832 0.197564
v 0.056343 -0.011832 0.197564
v 0.052410 -0.023070 0.197564
v 0.052410 -0.023070 0.197564
v 0.046076 -0.033152 0.197564
v 0.046076 -0.033152 0.197564
v 0.037656 -0.041571 0.197564
v 0.037656 -0.041571 0.197564
v 0.027575 -0.047906 0.197564
v 0.027575 -0.047906 0.197564
v 0.016336 -0.051838 0.197564
v 0.016336 -0.051838 0.197564
v 0.056343 -0.011832 0.200192
v 0.052410 -0.023070 0.200192
v 0.046076 -0.033152 0.200192
v 0.037656 -0.041571 0.200192
v 0.027575 -0.047906 0.200192
v 0.016336 -0.051838 0.200192
v 0.024323 -0.004523 0.224240
v 0.022819 -0.008820 0.224240
v 0.020397 -0.012674 0.224240
v 0.017179 -0.015893 0.224240
v 0.013324 -0.018315 0.224240
v 0.009028 -0.019818 0.224240
v 0.046606 -0.033575 0.198878
v 0.053022 -0.023365 0.198878
v 0.016487 -0.052500 0.198878
v 0.027869 -0.048517 0.198878
v 0.057005 -0.011983 0.198878
v 0.038080 -0.042102 0.198878
v 0.047428 -0.009797 0.204705
v 0.031955 -0.034422 0.204705
v 0.038927 -0.027451 0.204705
v 0.014302 -0.042924 0.204705
v 0.044172 -0.019103 0.204705
v 0.023607 -0.039668 0.204705
v 0.036335 -0.007265 0.214229
v 0.029402 -0.005683 0.221424
v 0.024861 -0.025526 0.214229
v 0.020427 -0.019966 0.221424
v 0.024470 -0.015922 0.221424
v 0.030031 -0.020356 0.214229
v 0.010187 -0.024897 0.221424
v 0.011770 -0.031830 0.214229
v 0.027513 -0.011080 0.221424
v 0.033920 -0.014166 0.214229
v 0.015585 -0.023008 0.221424
v 0.018670 -0.029416 0.214229
v 0.032868 -0.006474 0.218448
v 0.022644 -0.022746 0.218448
v 0.027251 -0.018139 0.218448
v 0.010978 -0.028364 0.218448
v 0.030717 -0.012623 0.218448
v 0.017128 -0.026212 0.218448
v 0.014335 -0.002244 0.226166
v 0.014335 -0.002244 0.226166
v 0.013589 -0.004375 0.226166
v 0.013589 -0.004375 0.226166
v 0.012388 -0.006287 0.226166
v 0.012388 -0.006287 0.226166
v 0.010791 -0.007883 0.226166
v 0.010791 -0.007883 0.226166
v 0.008879 -0.009085 0.226166
v 0.008879 -0.009085 0.226166
v 0.006748 -0.009830 0.226166
v 0.006748 -0.009830 0.226166
v 0.011077 -0.003165 0.234057
v 0.011617 -0.001623 0.234057
v 0.007670 -0.006573 0.234057
v 0.009053 -0.005703 0.234057
v 0.010208 -0.004548 0.234057
v 0.006128 -0.007112 0.234057
v 0.012000 -0.009399 0.241431
v 0.012000 -0.009399 0.244455
v 0.013903 -0.007495 0.244455
v 0.013903 -0.007495 0.241431
v 0.007180 -0.011720 0.244455
v 0.007180 -0.011720 0.241431
v 0.015335 -0.005216 0.244455
v 0.015336 -0.005216 0.241431
v 0.009720 -0.010831 0.244455
v 0.009721 -0.010831 0.241431
v 0.016225 -0.002675 0.244455
v 0.016225 -0.002675 0.241431
v 0.014196 -0.002212 0.247293
v 0.013460 -0.004313 0.247293
v 0.012276 -0.006198 0.247293
v 0.010702 -0.007772 0.247293
v 0.008817 -0.008956 0.247293
v 0.006716 -0.009691 0.247293
v 0.005752 -0.005466 0.249765
v 0.006937 -0.005051 0.249765
v 0.008000 -0.004383 0.249765
v 0.008888 -0.003496 0.249765
v 0.009556 -0.002433 0.249765
v 0.009971 -0.001248 0.249765
v 0.013266 -0.002000 0.248910
v 0.013266 -0.002000 0.248910
v 0.011531 -0.005603 0.248910
v 0.011531 -0.005603 0.248910
v 0.010108 -0.007026 0.248910
v 0.010108 -0.007026 0.248910
v 0.006504 -0.008762 0.248910
v 0.006504 -0.008762 0.248910
v 0.005537 -0.004523 0.251025
v 0.006517 -0.004180 0.251025
v 0.007397 -0.003627 0.251025
v 0.008132 -0.002893 0.251025
v 0.008684 -0.002013 0.251025
v 0.009027 -0.001032 0.251025
v 0.005196 -0.003028 0.251734
v 0.005852 -0.002798 0.251734
v 0.006441 -0.002428 0.251734
v 0.006933 -0.001937 0.251734
v 0.007303 -0.001348 0.251734
v 0.007533 -0.000691 0.251734
v 0.004842 -0.001479 0.251990
v 0.005163 -0.001367 0.251990
v 0.005505 -0.001241 0.251990
v 0.005746 -0.000946 0.251990
v 0.005871 -0.000658 0.251990
v 0.005984 -0.000338 0.251990
v 0.005188 -0.001025 0.252037
v -0.005579 0.000000 0.228950
v -0.005256 0.000000 0.229308
v -0.005484 0.000000 0.229189
v -0.005484 0.000000 0.229189
v -0.005011 0.002172 0.229308
v -0.005326 0.002244 0.228950
v -0.005234 0.002223 0.229189
v -0.005234 0.002223 0.229189
v -0.004289 0.004235 0.229308
v -0.004580 0.004375 0.228950
v -0.004495 0.004334 0.229189
v -0.004495 0.004334 0.229189
v -0.003379 0.006287 0.228950
v -0.003127 0.006086 0.229308
v -0.003305 0.006228 0.229189
v -0.003305 0.006228 0.229189
v -0.001581 0.007631 0.229308
v -0.001782 0.007883 0.228950
v -0.001723 0.007809 0.229189
v -0.001723 0.007809 0.229189
v 0.000270 0.008794 0.229308
v 0.000130 0.009085 0.228950
v 0.000171 0.008999 0.229189
v 0.000171 0.008999 0.229189
v 0.002261 0.009830 0.228950
v 0.002333 0.009516 0.229308
v 0.002282 0.009738 0.229189
v 0.002282 0.009738 0.229189
v 0.004505 0.009761 0.229308
v 0.004505 0.010083 0.228950
v 0.004505 0.009989 0.229189
v 0.004505 0.009989 0.229189
v -0.005113 0.000000 0.238593
v -0.005113 0.000000 0.238593
v -0.005666 0.000000 0.238822
v -0.005411 0.002263 0.238822
v -0.004872 0.002140 0.238593
v -0.004872 0.002140 0.238593
v -0.004659 0.004413 0.238822
v -0.004160 0.004173 0.238593
v -0.004160 0.004173 0.238593
v -0.003015 0.005996 0.238593
v -0.003015 0.005996 0.238593
v -0.003447 0.006341 0.238822
v -0.001837 0.007952 0.238822
v -0.001492 0.007519 0.238593
v -0.001492 0.007519 0.238593
v 0.000092 0.009163 0.238822
v 0.000332 0.008665 0.238593
v 0.000332 0.008665 0.238593
v 0.002364 0.009376 0.238593
v 0.002364 0.009376 0.238593
v 0.002241 0.009916 0.238822
v 0.004505 0.010171 0.238822
v 0.004505 0.009617 0.238593
v 0.004505 0.009617 0.238593
v -0.006452 0.000000 0.239608
v -0.006831 0.000000 0.240122
v -0.006547 0.002522 0.240122
v -0.006178 0.002438 0.239608
v -0.005708 0.004918 0.240122
v -0.005367 0.004754 0.239608
v -0.004062 0.006831 0.239608
v -0.004358 0.007068 0.240122
v -0.002563 0.008862 0.240122
v -0.002327 0.008566 0.239608
v -0.000414 0.010213 0.240122
v -0.000249 0.009872 0.239608
v 0.002066 0.010682 0.239608
v 0.001982 0.011051 0.240122
v 0.004505 0.011335 0.240122
v 0.004505 0.010957 0.239608
v -0.006830 0.000000 0.245764
v -0.006451 0.000000 0.246279
v -0.006177 0.002438 0.246279
v -0.006546 0.002522 0.245764
v -0.005367 0.004754 0.246279
v -0.005708 0.004918 0.245764
v -0.004357 0.007067 0.245764
v -0.004061 0.006831 0.246279
v -0.002326 0.008566 0.246279
v -0.002563 0.008862 0.245764
v -0.000249 0.009871 0.246279
v -0.000413 0.010212 0.245764
v 0.001982 0.011051 0.245764
v 0.002067 0.010681 0.246279
v 0.004505 0.010956 0.246279
v 0.004505 0.011335 0.245764
v -0.004706 0.000000 0.247664
v -0.004556 0.000000 0.247908
v -0.004556 0.000000 0.247908
v -0.004329 0.002016 0.247908
v -0.004329 0.002016 0.247908
v -0.004475 0.002050 0.247664
v -0.003658 0.003931 0.247908
v -0.003658 0.003931 0.247908
v -0.003794 0.003996 0.247664
v -0.002696 0.005743 0.247664
v -0.002579 0.005649 0.247908
v -0.002579 0.005649 0.247908
v -0.001144 0.007084 0.247908
v -0.001144 0.007084 0.247908
v -0.001238 0.007201 0.247664
v 0.000573 0.008163 0.247908
v 0.000573 0.008163 0.247908
v 0.000508 0.008298 0.247664
v 0.002455 0.008980 0.247664
v 0.002488 0.008833 0.247908
v 0.002488 0.008833 0.247908
v 0.004505 0.009060 0.247908
v 0.004505 0.009060 0.247908
v 0.004505 0.009210 0.247664
v -0.001102 0.000000 0.249306
v -0.001197 0.000000 0.249078
v -0.001197 0.000000 0.249078
v -0.000962 0.001248 0.249306
v -0.001054 0.001269 0.249078
v -0.001054 0.001269 0.249078
v -0.000547 0.002433 0.249306
v -0.000633 0.002474 0.249078
v -0.000633 0.002474 0.249078
v 0.000121 0.003496 0.249306
v 0.000047 0.003555 0.249078
v 0.000047 0.003555 0.249078
v 0.001009 0.004383 0.249306
v 0.000950 0.004458 0.249078
v 0.000950 0.004458 0.249078
v 0.002072 0.005051 0.249306
v 0.002031 0.005137 0.249078
v 0.002031 0.005137 0.249078
v 0.003257 0.005466 0.249306
v 0.003236 0.005559 0.249078
v 0.003236 0.005559 0.249078
v 0.004505 0.005607 0.249306
v 0.004505 0.005702 0.249078
v 0.004505 0.005702 0.249078
v -0.004482 0.000000 0.248910
v -0.004482 0.000000 0.248910
v -0.004114 0.000000 0.248983
v -0.004556 0.000000 0.248545
v -0.004329 0.002016 0.248545
v -0.003898 0.001918 0.248983
v -0.003658 0.003931 0.248545
v -0.003261 0.003740 0.248983
v -0.002234 0.005374 0.248983
v -0.002579 0.005649 0.248545
v -0.001144 0.007084 0.248545
v -0.000869 0.006738 0.248983
v 0.000573 0.008163 0.248545
v 0.000765 0.007765 0.248983
v 0.002587 0.008403 0.248983
v 0.002488 0.008833 0.248545
v 0.004505 0.009060 0.248545
v 0.004505 0.008619 0.248983
v -0.005326 -0.002244 0.228950
v -0.005011 -0.002172 0.229308
v -0.005234 -0.002223 0.229189
v -0.005234 -0.002223 0.229189
v -0.004580 -0.004375 0.228950
v -0.004289 -0.004235 0.229308
v -0.004495 -0.004334 0.229189
v -0.004495 -0.004334 0.229189
v -0.003127 -0.006086 0.229308
v -0.003379 -0.006287 0.228950
v -0.003305 -0.006228 0.229189
v -0.003305 -0.006228 0.229189
v -0.001782 -0.007883 0.228950
v -0.001581 -0.007631 0.229308
v -0.001723 -0.007809 0.229189
v -0.001723 -0.007809 0.229189
v 0.000130 -0.009085 0.228950
v 0.000270 -0.008794 0.229308
v 0.000171 -0.008999 0.229189
v 0.000171 -0.008999 0.229189
v 0.002333 -0.009516 0.229308
v 0.002261 -0.009830 0.228950
v 0.002282 -0.009738 0.229189
v 0.002282 -0.009738 0.229189
v 0.004505 -0.010083 0.228950
v 0.004505 -0.009761 0.229308
v 0.004505 -0.009989 0.229189
v 0.004505 -0.009989 0.229189
v -0.004872 -0.002140 0.238593
v -0.004872 -0.002140 0.238593
v -0.005411 -0.002263 0.238822
v -0.004160 -0.004173 0.238593
v -0.004160 -0.004173 0.238593
v -0.004659 -0.004413 0.238822
v -0.003447 -0.006341 0.238822
v -0.003015 -0.005996 0.238593
v -0.003015 -0.005996 0.238593
v -0.001492 -0.007519 0.238593
v -0.001492 -0.007519 0.238593
v -0.001837 -0.007952 0.238822
v 0.000332 -0.008665 0.238593
v 0.000332 -0.008665 0.238593
v 0.000092 -0.009163 0.238822
v 0.002241 -0.009916 0.238822
v 0.002364 -0.009376 0.238593
v 0.002364 -0.009376 0.238593
v 0.004505 -0.009617 0.238593
v 0.004505 -0.009617 0.238593
v 0.004505 -0.010171 0.238822
v -0.006178 -0.002438 0.239608
v -0.006547 -0.002522 0.240122
v -0.005367 -0.004754 0.239608
v -0.005708 -0.004918 0.240122
v -0.004358 -0.007068 0.240122
v -0.004062 -0.006831 0.239608
v -0.002327 -0.008566 0.239608
v -0.002563 -0.008862 0.240122
v -0.000249 -0.009872 0.239608
v -0.000414 -0.010213 0.240122
v 0.001982 -0.011051 0.240122
v 0.002066 -0.010682 0.239608
v 0.004505 -0.010957 0.239608
v 0.004505 -0.011335 0.240122
v -0.006546 -0.002522 0.245764
v -0.006177 -0.002438 0.246279
v -0.005708 -0.004918 0.245764
v -0.005367 -0.004754 0.246279
v -0.004061 -0.006831 0.246279
v -0.004357 -0.007067 0.245764
v -0.002563 -0.008862 0.245764
v -0.002326 -0.008566 0.246279
v -0.000413 -0.010212 0.245764
v -0.000249 -0.009871 0.246279
v 0.002067 -0.010681 0.246279
v 0.001982 -0.011051 0.245764
v 0.004505 -0.011335 0.245764
v 0.004505 -0.010956 0.246279
v -0.004475 -0.002050 0.247664
v -0.004329 -0.002016 0.247908
v -0.004329 -0.002016 0.247908
v -0.003794 -0.003996 0.247664
v -0.003658 -0.003931 0.247908
v -0.003658 -0.003931 0.247908
v -0.002579 -0.005649 0.247908
v -0.002579 -0.005649 0.247908
v -0.002696 -0.005743 0.247664
v -0.001238 -0.007201 0.247664
v -0.001144 -0.007084 0.247908
v -0.001144 -0.007084 0.247908
v 0.000508 -0.008298 0.247664
v 0.000573 -0.008163 0.247908
v 0.000573 -0.008163 0.247908
v 0.002488 -0.008833 0.247908
v 0.002488 -0.008833 0.247908
v 0.002455 -0.008980 0.247664
v 0.004505 -0.009210 0.247664
v 0.004505 -0.009060 0.247908
v 0.004505 -0.009060 0.247908
v -0.000962 -0.001248 0.249306
v -0.001054 -0.001269 0.249078
v -0.001054 -0.001269 0.249078
v -0.000547 -0.002433 0.249306
v -0.000633 -0.002474 0.249078
v -0.000633 -0.002474 0.249078
v 0.000121 -0.003496 0.249306
v 0.000047 -0.003555 0.249078
v 0.000047 -0.003555 0.249078
v 0.001009 -0.004383 0.249306
v 0.000950 -0.004458 0.249078
v 0.000950 -0.004458 0.249078
v 0.002072 -0.005051 0.249306
v 0.002031 -0.005137 0.249078
v 0.002031 -0.005137 0.249078
v 0.003257 -0.005466 0.249306
v 0.003236 -0.005559 0.249078
v 0.003236 -0.005559 0.249078
v 0.004505 -0.005607 0.249306
v 0.004505 -0.005702 0.249078
v 0.004505 -0.005702 0.249078
v -0.004329 -0.002016 0.248545
v -0.003898 -0.001918 0.248983
v -0.003658 -0.003931 0.248545
v -0.003261 -0.003740 0.248983
v -0.002234 -0.005374 0.248983
v -0.002579 -0.005649 0.248545
v -0.001144 -0.007084 0.248545
v -0.000869 -0.006738 0.248983
v 0.000573 -0.008163 0.248545
v 0.000765 -0.007765 0.248983
v 0.002587 -0.008403 0.248983
v 0.002488 -0.008833 0.248545
v 0.004505 -0.009060 0.248545
v 0.004505 -0.008619 0.248983
v 0.014265 -0.000000 0.229308
v 0.014265 -0.000000 0.229308
v 0.014588 -0.000000 0.228950
v 0.014588 -0.000000 0.228950
v 0.014493 -0.000000 0.229189
v 0.014493 -0.000000 0.229189
v 0.014493 -0.000000 0.229189
v 0.014493 -0.000000 0.229189
v 0.014335 0.002244 0.228950
v 0.014020 0.002172 0.229308
v 0.014243 0.002223 0.229189
v 0.014243 0.002223 0.229189
v 0.013589 0.004375 0.228950
v 0.013299 0.004235 0.229308
v 0.013504 0.004334 0.229189
v 0.013504 0.004334 0.229189
v 0.012136 0.006086 0.229308
v 0.012388 0.006287 0.228950
v 0.012314 0.006228 0.229189
v 0.012314 0.006228 0.229189
v 0.010791 0.007883 0.228950
v 0.010590 0.007631 0.229308
v 0.010732 0.007809 0.229189
v 0.010732 0.007809 0.229189
v 0.008879 0.009085 0.228950
v 0.008740 0.008794 0.229308
v 0.008838 0.008999 0.229189
v 0.008838 0.008999 0.229189
v 0.006677 0.009516 0.229308
v 0.006748 0.009830 0.228950
v 0.006727 0.009738 0.229189
v 0.006727 0.009738 0.229189
v 0.014675 -0.000000 0.238822
v 0.014675 -0.000000 0.238822
v 0.014122 -0.000000 0.238593
v 0.014122 -0.000000 0.238593
v 0.014122 -0.000000 0.238593
v 0.014122 -0.000000 0.238593
v 0.013881 0.002140 0.238593
v 0.013881 0.002140 0.238593
v 0.014420 0.002263 0.238822
v 0.013170 0.004173 0.238593
v 0.013170 0.004173 0.238593
v 0.013668 0.004413 0.238822
v 0.012456 0.006341 0.238822
v 0.012024 0.005996 0.238593
v 0.012024 0.005996 0.238593
v 0.010501 0.007519 0.238593
v 0.010501 0.007519 0.238593
v 0.010846 0.007952 0.238822
v 0.008677 0.008665 0.238593
v 0.008677 0.008665 0.238593
v 0.008917 0.009163 0.238822
v 0.006768 0.009916 0.238822
v 0.006645 0.009376 0.238593
v 0.006645 0.009376 0.238593
v 0.015840 -0.000000 0.240122
v 0.015840 -0.000000 0.240122
v 0.015461 -0.000000 0.239608
v 0.015461 -0.000000 0.239608
v 0.015187 0.002438 0.239608
v 0.015556 0.002522 0.240122
v 0.014376 0.004754 0.239608
v 0.014717 0.004918 0.240122
v 0.013367 0.007068 0.240122
v 0.013071 0.006831 0.239608
v 0.011336 0.008566 0.239608
v 0.011572 0.008862 0.240122
v 0.009259 0.009872 0.239608
v 0.009423 0.010213 0.240122
v 0.007027 0.011051 0.240122
v 0.006943 0.010682 0.239608
v 0.015461 -0.000000 0.246279
v 0.015461 -0.000000 0.246279
v 0.015839 -0.000000 0.245764
v 0.015839 -0.000000 0.245764
v 0.015555 0.002522 0.245764
v 0.015186 0.002438 0.246279
v 0.014717 0.004918 0.245764
v 0.014376 0.004754 0.246279
v 0.013070 0.006831 0.246279
v 0.013367 0.007067 0.245764
v 0.011572 0.008862 0.245764
v 0.011336 0.008566 0.246279
v 0.009423 0.010212 0.245764
v 0.009258 0.009871 0.246279
v 0.006943 0.010681 0.246279
v 0.007027 0.011051 0.245764
v 0.013565 -0.000000 0.247908
v 0.013565 -0.000000 0.247908
v 0.013565 -0.000000 0.247908
v 0.013565 -0.000000 0.247908
v 0.013715 -0.000000 0.247664
v 0.013715 -0.000000 0.247664
v 0.013484 0.002050 0.247664
v 0.013338 0.002016 0.247908
v 0.013338 0.002016 0.247908
v 0.012803 0.003996 0.247664
v 0.012668 0.003931 0.247908
v 0.012668 0.003931 0.247908
v 0.011588 0.005649 0.247908
v 0.011588 0.005649 0.247908
v 0.011706 0.005743 0.247664
v 0.010247 0.007201 0.247664
v 0.010154 0.007084 0.247908
v 0.010154 0.007084 0.247908
v 0.008501 0.008298 0.247664
v 0.008436 0.008163 0.247908
v 0.008436 0.008163 0.247908
v 0.006521 0.008833 0.247908
v 0.006521 0.008833 0.247908
v 0.006554 0.008980 0.247664
v 0.010111 -0.000000 0.249306
v 0.010206 -0.000000 0.249078
v 0.010206 -0.000000 0.249078
v 0.010206 -0.000000 0.249078
v 0.009971 0.001248 0.249306
v 0.010063 0.001269 0.249078
v 0.010063 0.001269 0.249078
v 0.009556 0.002433 0.249306
v 0.009642 0.002474 0.249078
v 0.009642 0.002474 0.249078
v 0.008888 0.003496 0.249306
v 0.008962 0.003555 0.249078
v 0.008962 0.003555 0.249078
v 0.008000 0.004383 0.249306
v 0.008060 0.004458 0.249078
v 0.008060 0.004458 0.249078
v 0.006937 0.005051 0.249306
v 0.006978 0.005137 0.249078
v 0.006978 0.005137 0.249078
v 0.005752 0.005466 0.249306
v 0.005773 0.005559 0.249078
v 0.005773 0.005559 0.249078
v 0.013123 -0.000000 0.248983
v 0.013123 -0.000000 0.248983
v 0.013565 -0.000000 0.248545
v 0.013565 -0.000000 0.248545
v 0.013338 0.002016 0.248545
v 0.012907 0.001918 0.248983
v 0.012668 0.003931 0.248545
v 0.012270 0.003740 0.248983
v 0.011243 0.005374 0.248983
v 0.011531 0.005603 0.248910
v 0.011531 0.005603 0.248910
v 0.011588 0.005649 0.248545
v 0.010154 0.007084 0.248545
v 0.009878 0.006738 0.248983
v 0.008436 0.008163 0.248545
v 0.008244 0.007765 0.248983
v 0.006422 0.008403 0.248983
v 0.006504 0.008762 0.248910
v 0.006504 0.008762 0.248910
v 0.006521 0.008833 0.248545
v 0.014020 -0.002172 0.229308
v 0.014335 -0.002244 0.228950
v 0.014243 -0.002223 0.229189
v 0.014243 -0.002223 0.229189
v 0.013299 -0.004235 0.229308
v 0.013589 -0.004375 0.228950
v 0.013504 -0.004334 0.229189
v 0.013504 -0.004334 0.229189
v 0.012388 -0.006287 0.228950
v 0.012136 -0.006086 0.229308
v 0.012314 -0.006228 0.229189
v 0.012314 -0.006228 0.229189
v 0.010590 -0.007631 0.229308
v 0.010791 -0.007883 0.228950
v 0.010732 -0.007809 0.229189
v 0.010732 -0.007809 0.229189
v 0.008740 -0.008794 0.229308
v 0.008879 -0.009085 0.228950
v 0.008838 -0.008999 0.229189
v 0.008838 -0.008999 0.229189
v 0.006748 -0.009830 0.228950
v 0.006677 -0.009516 0.229308
v 0.006727 -0.009738 0.229189
v 0.006727 -0.009738 0.229189
v 0.014420 -0.002263 0.238822
v 0.013881 -0.002140 0.238593
v 0.013881 -0.002140 0.238593
v 0.013668 -0.004413 0.238822
v 0.013170 -0.004173 0.238593
v 0.013170 -0.004173 0.238593
v 0.012024 -0.005996 0.238593
v 0.012024 -0.005996 0.238593
v 0.012456 -0.006341 0.238822
v 0.010846 -0.007952 0.238822
v 0.010501 -0.007519 0.238593
v 0.010501 -0.007519 0.238593
v 0.008917 -0.009163 0.238822
v 0.008677 -0.008665 0.238593
v 0.008677 -0.008665 0.238593
v 0.006645 -0.009376 0.238593
v 0.006645 -0.009376 0.238593
v 0.006768 -0.009916 0.238822
v 0.015556 -0.002522 0.240122
v 0.015187 -0.002438 0.239608
v 0.014717 -0.004918 0.240122
v 0.014376 -0.004754 0.239608
v 0.013071 -0.006831 0.239608
v 0.013367 -0.007068 0.240122
v 0.011572 -0.008862 0.240122
v 0.011336 -0.008566 0.239608
v 0.009423 -0.010213 0.240122
v 0.009259 -0.009872 0.239608
v 0.006943 -0.010682 0.239608
v 0.007027 -0.011051 0.240122
v 0.015186 -0.002438 0.246279
v 0.015555 -0.002522 0.245764
v 0.014376 -0.004754 0.246279
v 0.014717 -0.004918 0.245764
v 0.013367 -0.007067 0.245764
v 0.013070 -0.006831 0.246279
v 0.011336 -0.008566 0.246279
v 0.011572 -0.008862 0.245764
v 0.009258 -0.009871 0.246279
v 0.009423 -0.010212 0.245764
v 0.007027 -0.011051 0.245764
v 0.006943 -0.010681 0.246279
v 0.013338 -0.002016 0.247908
v 0.013338 -0.002016 0.247908
v 0.013484 -0.002050 0.247664
v 0.012668 -0.003931 0.247908
v 0.012668 -0.003931 0.247908
v 0.012803 -0.003996 0.247664
v 0.011706 -0.005743 0.247664
v 0.011588 -0.005649 0.247908
v 0.011588 -0.005649 0.247908
v 0.010154 -0.007084 0.247908
v 0.010154 -0.007084 0.247908
v 0.010247 -0.007201 0.247664
v 0.008436 -0.008163 0.247908
v 0.008436 -0.008163 0.247908
v 0.008501 -0.008298 0.247664
v 0.006554 -0.008980 0.247664
v 0.006521 -0.008833 0.247908
v 0.006521 -0.008833 0.247908
v 0.009971 -0.001248 0.249306
v 0.010063 -0.001269 0.249078
v 0.010063 -0.001269 0.249078
v 0.009556 -0.002433 0.249306
v 0.009642 -0.002474 0.249078
v 0.009642 -0.002474 0.249078
v 0.008888 -0.003496 0.249306
v 0.008962 -0.003555 0.249078
v 0.008962 -0.003555 0.249078
v 0.008000 -0.004383 0.249306
v 0.008060 -0.004458 0.249078
v 0.008060 -0.004458 0.249078
v 0.006937 -0.005051 0.249306
v 0.006978 -0.005137 0.249078
v 0.006978 -0.005137 0.249078
v 0.005752 -0.005466 0.249306
v 0.005773 -0.005559 0.249078
v 0.005773 -0.005559 0.249078
v 0.013338 -0.002016 0.248545
v 0.012907 -0.001918 0.248983
v 0.012668 -0.003931 0.248545
v 0.012270 -0.003740 0.248983
v 0.012602 -0.003899 0.248910
v 0.012602 -0.003899 0.248910
v 0.011243 -0.005374 0.248983
v 0.011588 -0.005649 0.248545
v 0.010154 -0.007084 0.248545
v 0.009878 -0.006738 0.248983
v 0.008436 -0.008163 0.248545
v 0.008244 -0.007765 0.248983
v 0.008404 -0.008097 0.248910
v 0.008404 -0.008097 0.248910
v 0.006422 -0.008403 0.248983
v 0.006521 -0.008833 0.248545
v -0.003964 0.000000 0.229450
v -0.003097 0.000000 0.230148
v -0.002906 0.001691 0.230148
v -0.003752 0.001885 0.229450
v -0.002344 0.003298 0.230148
v -0.003126 0.003675 0.229450
v -0.002117 0.005280 0.229450
v -0.001438 0.004739 0.230148
v -0.000235 0.005943 0.230148
v -0.000776 0.006621 0.229450
v 0.001207 0.006848 0.230148
v 0.000830 0.007630 0.229450
v 0.002620 0.008257 0.229450
v 0.002813 0.007411 0.230148
v 0.004505 0.007601 0.230148
v 0.004505 0.008469 0.229450
v -0.003097 0.000000 0.237967
v -0.003968 0.000000 0.238593
v -0.003756 0.001885 0.238593
v -0.002906 0.001691 0.237967
v -0.003129 0.003676 0.238593
v -0.002344 0.003298 0.237967
v -0.001438 0.004739 0.237967
v -0.002120 0.005283 0.238593
v -0.000778 0.006624 0.238593
v -0.000235 0.005943 0.237967
v 0.000828 0.007634 0.238593
v 0.001207 0.006848 0.237967
v 0.002813 0.007411 0.237967
v 0.002619 0.008260 0.238593
v 0.004505 0.008473 0.238593
v 0.004505 0.007601 0.237967
v -0.003752 -0.001885 0.229450
v -0.002906 -0.001691 0.230148
v -0.003126 -0.003675 0.229450
v -0.002344 -0.003298 0.230148
v -0.001438 -0.004739 0.230148
v -0.002117 -0.005280 0.229450
v -0.000776 -0.006621 0.229450
v -0.000235 -0.005943 0.230148
v 0.000830 -0.007630 0.229450
v 0.001207 -0.006848 0.230148
v 0.002813 -0.007411 0.230148
v 0.002620 -0.008257 0.229450
v 0.004505 -0.008469 0.229450
v 0.004505 -0.007601 0.230148
v -0.002906 -0.001691 0.237967
v -0.003756 -0.001885 0.238593
v -0.002344 -0.003298 0.237967
v -0.003129 -0.003676 0.238593
v -0.002120 -0.005283 0.238593
v -0.001438 -0.004739 0.237967
v -0.000235 -0.005943 0.237967
v -0.000778 -0.006624 0.238593
v 0.001207 -0.006848 0.237967
v 0.000828 -0.007634 0.238593
v 0.002619 -0.008260 0.238593
v 0.002813 -0.007411 0.237967
v 0.004505 -0.007601 0.237967
v 0.004505 -0.008473 0.238593
v 0.012106 -0.000000 0.230148
v 0.012106 -0.000000 0.230148
v 0.012974 -0.000000 0.229450
v 0.012974 -0.000000 0.229450
v 0.012761 0.001885 0.229450
v 0.011915 0.001691 0.230148
v 0.012135 0.003675 0.229450
v 0.011353 0.003298 0.230148
v 0.010447 0.004739 0.230148
v 0.011126 0.005280 0.229450
v 0.009785 0.006621 0.229450
v 0.009244 0.005943 0.230148
v 0.008179 0.007630 0.229450
v 0.007803 0.006848 0.230148
v 0.006196 0.007411 0.230148
v 0.006389 0.008257 0.229450
v 0.012977 -0.000000 0.238593
v 0.012977 -0.000000 0.238593
v 0.012106 -0.000000 0.237967
v 0.012106 -0.000000 0.237967
v 0.011915 0.001691 0.237967
v 0.012765 0.001885 0.238593
v 0.011353 0.003298 0.237967
v 0.012138 0.003676 0.238593
v 0.011129 0.005283 0.238593
v 0.010447 0.004739 0.237967
v 0.009244 0.005943 0.237967
v 0.009787 0.006624 0.238593
v 0.007803 0.006848 0.237967
v 0.008181 0.007634 0.238593
v 0.006390 0.008260 0.238593
v 0.006196 0.007411 0.237967
v 0.011915 -0.001691 0.230148
v 0.012761 -0.001885 0.229450
v 0.011353 -0.003298 0.230148
v 0.012135 -0.003675 0.229450
v 0.011126 -0.005280 0.229450
v 0.010447 -0.004739 0.230148
v 0.009244 -0.005943 0.230148
v 0.009785 -0.006621 0.229450
v 0.007803 -0.006848 0.230148
v 0.008179 -0.007630 0.229450
v 0.006389 -0.008257 0.229450
v 0.006196 -0.007411 0.230148
v 0.012765 -0.001885 0.238593
v 0.011915 -0.001691 0.237967
v 0.012138 -0.003676 0.238593
v 0.011353 -0.003298 0.237967
v 0.010447 -0.004739 0.237967
v 0.011129 -0.005283 0.238593
v 0.009787 -0.006624 0.238593
v 0.009244 -0.005943 0.237967
v 0.008181 -0.007634 0.238593
v 0.007803 -0.006848 0.237967
v 0.006196 -0.007411 0.237967
v 0.006390 -0.008260 0.238593
v 0.028054 -0.084676 0.132576
v 0.024968 -0.083537 0.144488
v 0.016342 -0.083847 0.153120
v 0.004505 -0.084446 0.156484
v -0.007333 -0.083847 0.153120
v -0.015959 -0.083537 0.144488
v -0.019045 -0.084676 0.132576
v -0.016313 -0.086695 0.120430
v -0.007609 -0.089538 0.111396
v 0.004505 -0.091162 0.108240
v 0.016618 -0.089538 0.111396
v 0.025322 -0.086695 0.120430
v 0.028540 -0.087091 0.132906
v 0.025377 -0.085990 0.144820
v 0.016572 -0.086306 0.153450
v 0.004505 -0.086909 0.156814
v -0.007563 -0.086306 0.153450
v -0.016368 -0.085990 0.144820
v -0.019531 -0.087091 0.132906
v -0.016721 -0.089147 0.120762
v -0.007835 -0.091998 0.111727
v 0.004505 -0.093625 0.108570
v 0.016844 -0.091998 0.111727
v 0.025730 -0.089147 0.120762
v 0.026408 -0.089943 0.133225
v 0.023525 -0.088912 0.143841
v 0.015495 -0.089047 0.151495
v 0.004505 -0.089636 0.154503
v -0.006486 -0.089047 0.151495
v -0.014516 -0.088912 0.143841
v -0.017399 -0.089943 0.133225
v -0.014824 -0.091723 0.122413
v -0.006738 -0.094118 0.114325
v 0.004505 -0.095646 0.111518
v 0.015747 -0.094118 0.114325
v 0.023833 -0.091723 0.122413
v 0.004505 -0.093309 0.132946
v -0.007640 -0.092690 0.133105
v 0.016649 -0.092690 0.133105
v 0.004505 -0.094986 0.119451
v 0.004505 -0.091191 0.147040
v 0.016064 -0.090507 0.145328
v 0.016475 -0.093763 0.120988
v -0.007055 -0.090507 0.145328
v -0.007465 -0.093763 0.120988
v -0.001584 -0.084097 0.155677
v -0.001854 -0.090350 0.108913
v -0.001699 -0.086558 0.156007
v -0.001967 -0.092811 0.109243
v -0.001161 -0.089292 0.153875
v -0.001418 -0.094882 0.112016
v -0.001567 -0.092999 0.133025
v -0.001505 -0.094373 0.119978
v -0.001286 -0.090802 0.146519
v 0.010594 -0.084097 0.155677
v 0.010863 -0.090350 0.108913
v 0.010709 -0.086558 0.156007
v 0.010976 -0.092811 0.109243
v 0.010170 -0.089292 0.153875
v 0.010427 -0.094882 0.112016
v 0.010577 -0.092999 0.133025
v 0.010515 -0.094373 0.119978
v 0.010295 -0.090802 0.146519
v 0.027282 -0.084040 0.138767
v -0.018273 -0.084040 0.138767
v 0.027730 -0.086474 0.139098
v -0.018720 -0.086474 0.139098
v 0.025738 -0.089361 0.138768
v -0.016729 -0.089361 0.138768
v 0.004505 -0.092550 0.138552
v 0.016406 -0.091727 0.138672
v -0.007397 -0.091727 0.138672
v -0.001446 -0.092139 0.138612
v 0.010455 -0.092139 0.138612
v -0.018551 -0.085686 0.126235
v 0.027560 -0.085686 0.126235
v -0.018998 -0.088119 0.126566
v 0.028007 -0.088119 0.126566
v -0.016983 -0.090833 0.127551
v 0.025992 -0.090833 0.127551
v -0.007597 -0.093205 0.127455
v 0.016606 -0.093205 0.127455
v 0.004505 -0.094053 0.127337
v -0.001546 -0.093629 0.127396
v 0.010555 -0.093629 0.127396
v 0.021674 -0.088116 0.115243
v 0.021991 -0.090572 0.115574
v 0.020494 -0.092921 0.117698
v -0.012665 -0.088116 0.115243
v -0.012982 -0.090572 0.115574
v -0.011485 -0.092921 0.117698
v -0.012163 -0.083574 0.149432
v -0.012484 -0.086030 0.149763
v -0.011015 -0.088862 0.148301
v 0.021127 -0.083576 0.149478
v 0.021446 -0.086032 0.149809
v 0.019982 -0.088863 0.148343
v 0.021998 -0.091317 0.133165
v 0.020601 -0.092721 0.121840
v 0.020146 -0.089771 0.144275
v 0.021072 -0.090544 0.138720
v 0.021299 -0.092019 0.127503
v -0.012988 -0.091317 0.133165
v -0.011592 -0.092721 0.121840
v -0.011137 -0.089771 0.144275
v -0.012063 -0.090544 0.138720
v -0.012290 -0.092019 0.127503
vt 0.664666 0.091575
vt 0.640303 0.091575
vt 0.615941 0.091575
vt 0.591578 0.091575
vt 0.567216 0.091575
vt 0.542854 0.091575
vt 0.518491 0.091575
vt 0.494129 0.091575
vt 0.469767 0.091575
vt 0.445404 0.091575
vt 0.421042 0.091575
vt 0.396679 0.091575
vt 0.372317 0.091575
vt 0.344319 0.091575
vt 0.318869 0.091575
vt 0.294506 0.091575
vt 0.270144 0.091575
vt 0.245782 0.091575
vt 0.221419 0.091575
vt 0.197057 0.091575
vt 0.172695 0.091575
vt 0.148332 0.091575
vt 0.123970 0.091575
vt 0.099607 0.091575
vt 0.075245 0.091575
vt 0.050883 0.091575
vt 0.026520 0.091575
vt 0.002806 0.091575
vt 0.688513 0.091575
vt 0.002806 0.043182
vt 0.688513 0.043182
vt 0.002806 0.046138
vt 0.688513 0.046138
vt 0.002806 0.045005
vt 0.688513 0.045005
vt 0.026520 0.046138
vt 0.026520 0.043182
vt 0.026520 0.045005
vt 0.050883 0.046138
vt 0.050883 0.043182
vt 0.050883 0.045005
vt 0.075245 0.046138
vt 0.075245 0.043182
vt 0.075245 0.045005
vt 0.099607 0.046138
vt 0.099607 0.043182
vt 0.099607 0.045005
vt 0.123970 0.046138
vt 0.123970 0.043182
vt 0.123970 0.045005
vt 0.148332 0.046138
vt 0.148332 0.043182
vt 0.148332 0.045005
vt 0.172695 0.046138
vt 0.172695 0.043182
vt 0.172695 0.045005
vt 0.197057 0.046138
vt 0.197057 0.043182
vt 0.197057 0.045005
vt 0.221419 0.046138
vt 0.221419 0.043182
vt 0.221419 0.045005
vt 0.245782 0.046138
vt 0.245782 0.043182
vt 0.245782 0.045005
vt 0.270144 0.046138
vt 0.270144 0.043182
vt 0.270144 0.045005
vt 0.294506 0.046138
vt 0.294506 0.043182
vt 0.294506 0.045005
vt 0.318869 0.046138
vt 0.318869 0.043182
vt 0.318869 0.045005
vt 0.344319 0.046138
vt 0.344319 0.043182
vt 0.344319 0.045005
vt 0.372317 0.046138
vt 0.372317 0.043182
vt 0.372317 0.045005
vt 0.396679 0.046138
vt 0.396679 0.043182
vt 0.396679 0.045005
vt 0.421042 0.046138
vt 0.421042 0.043182
vt 0.421042 0.045005
vt 0.445404 0.046138
vt 0.445404 0.043182
vt 0.445404 0.045005
vt 0.469767 0.046138
vt 0.469767 0.043182
vt 0.469767 0.045005
vt 0.494129 0.046138
vt 0.494129 0.043182
vt 0.494129 0.045005
vt 0.518491 0.046138
vt 0.518491 0.043182
vt 0.518491 0.045005
vt 0.542854 0.046138
vt 0.542854 0.043182
vt 0.542854 0.045005
vt 0.567216 0.046138
vt 0.567216 0.043182
vt 0.567216 0.045005
vt 0.591578 0.046138
vt 0.591578 0.043182
vt 0.591578 0.045005
vt 0.615941 0.046138
vt 0.615941 0.043182
vt 0.615941 0.045005
vt 0.640303 0.046138
vt 0.640303 0.043182
vt 0.640303 0.045005
vt 0.664666 0.046138
vt 0.664666 0.043182
vt 0.664666 0.045005
vt 0.640303 0.024852
vt 0.615941 0.024852
vt 0.591578 0.024852
vt 0.567216 0.024852
vt 0.542854 0.024852
vt 0.518491 0.024852
vt 0.494129 0.024852
vt 0.469767 0.024852
vt 0.445404 0.024852
vt 0.421042 0.024852
vt 0.396679 0.024852
vt 0.372317 0.024852
vt 0.344319 0.024852
vt 0.318869 0.024852
vt 0.294506 0.024852
vt 0.270144 0.024852
vt 0.245782 0.024852
vt 0.221419 0.024852
vt 0.197057 0.024852
vt 0.172695 0.024852
vt 0.148332 0.024852
vt 0.123970 0.024852
vt 0.099607 0.024852
vt 0.075245 0.024852
vt 0.050883 0.024852
vt 0.026520 0.024852
vt 0.664666 0.024852
vt 0.002806 0.024852
vt 0.688513 0.024852
vt 0.002806 0.002729
vt 0.688513 0.002729
vt 0.845630 0.000246
vt 0.002806 0.005434
vt 0.688513 0.005434
vt 0.002806 0.004157
vt 0.688513 0.004157
vt 0.026520 0.005434
vt 0.026520 0.002729
vt 0.811353 0.004126
vt 0.026520 0.004157
vt 0.050883 0.005434
vt 0.050883 0.002729
vt 0.778799 0.015536
vt 0.050883 0.004157
vt 0.075245 0.005434
vt 0.075245 0.002729
vt 0.749600 0.033904
vt 0.075245 0.004157
vt 0.099607 0.005434
vt 0.099607 0.002729
vt 0.725221 0.058308
vt 0.099607 0.004157
vt 0.123970 0.005434
vt 0.123970 0.002729
vt 0.706883 0.087526
vt 0.123970 0.004157
vt 0.148332 0.005434
vt 0.148332 0.002729
vt 0.695506 0.120091
vt 0.148332 0.004157
vt 0.172695 0.005434
vt 0.172695 0.002729
vt 0.691662 0.154372
vt 0.172695 0.004157
vt 0.197057 0.005434
vt 0.197057 0.002729
vt 0.695542 0.188649
vt 0.197057 0.004157
vt 0.221419 0.005434
vt 0.221419 0.002729
vt 0.706952 0.221203
vt 0.221419 0.004157
vt 0.245782 0.005434
vt 0.245782 0.002729
vt 0.725319 0.250402
vt 0.245782 0.004157
vt 0.270144 0.005434
vt 0.270144 0.002729
vt 0.749724 0.274781
vt 0.270144 0.004157
vt 0.294506 0.005434
vt 0.294506 0.002729
vt 0.778942 0.293119
vt 0.294506 0.004157
vt 0.318869 0.005434
vt 0.318869 0.002729
vt 0.811507 0.304495
vt 0.318869 0.004157
vt 0.344319 0.005434
vt 0.344319 0.002729
vt 0.845788 0.308340
vt 0.344319 0.004157
vt 0.372317 0.005434
vt 0.372317 0.002729
vt 0.880065 0.304460
vt 0.372317 0.004157
vt 0.396679 0.005434
vt 0.396679 0.002729
vt 0.912619 0.293050
vt 0.396679 0.004157
vt 0.421042 0.005434
vt 0.421042 0.002729
vt 0.941817 0.274683
vt 0.421042 0.004157
vt 0.445404 0.005434
vt 0.445404 0.002729
vt 0.966197 0.250278
vt 0.445404 0.004157
vt 0.469767 0.005434
vt 0.469767 0.002729
vt 0.984535 0.221060
vt 0.469767 0.004157
vt 0.494129 0.005434
vt 0.494129 0.002729
vt 0.995911 0.188495
vt 0.494129 0.004157
vt 0.518491 0.005434
vt 0.518491 0.002729
vt 0.999756 0.154214
vt 0.518491 0.004157
vt 0.542854 0.005434
vt 0.542854 0.002729
vt 0.995876 0.119937
vt 0.542854 0.004157
vt 0.567216 0.005434
vt 0.567216 0.002729
vt 0.984466 0.087383
vt 0.567216 0.004157
vt 0.591578 0.005434
vt 0.591578 0.002729
vt 0.966098 0.058184
vt 0.591578 0.004157
vt 0.615941 0.005434
vt 0.615941 0.002729
vt 0.941694 0.033805
vt 0.615941 0.004157
vt 0.640303 0.005434
vt 0.640303 0.002729
vt 0.912476 0.015467
vt 0.640303 0.004157
vt 0.664666 0.005434
vt 0.664666 0.002729
vt 0.879910 0.004091
vt 0.664666 0.004157
vt 0.664666 0.106029
vt 0.640303 0.106029
vt 0.615941 0.106029
vt 0.591578 0.106029
vt 0.567216 0.106029
vt 0.542854 0.106029
vt 0.518491 0.106029
vt 0.494129 0.106029
vt 0.469767 0.106029
vt 0.445404 0.106029
vt 0.421042 0.106029
vt 0.396679 0.106029
vt 0.372317 0.106029
vt 0.318869 0.106029
vt 0.294506 0.106029
vt 0.270144 0.106029
vt 0.245782 0.106029
vt 0.221419 0.106029
vt 0.197057 0.106029
vt 0.172695 0.106029
vt 0.148332 0.106029
vt 0.123970 0.106029
vt 0.099607 0.106029
vt 0.075245 0.106029
vt 0.050883 0.106029
vt 0.026520 0.106029
vt 0.002806 0.106029
vt 0.688513 0.106029
vt 0.664666 0.098426
vt 0.664666 0.102260
vt 0.664666 0.100772
vt 0.640303 0.102260
vt 0.640303 0.098426
vt 0.640303 0.100772
vt 0.615941 0.098426
vt 0.615941 0.102260
vt 0.615941 0.100772
vt 0.591578 0.098426
vt 0.591578 0.102260
vt 0.591578 0.100772
vt 0.567216 0.102260
vt 0.567216 0.098426
vt 0.567216 0.100772
vt 0.542854 0.098426
vt 0.542854 0.102260
vt 0.542854 0.100772
vt 0.518491 0.098426
vt 0.518491 0.102260
vt 0.518491 0.100772
vt 0.494129 0.102260
vt 0.494129 0.098426
vt 0.494129 0.100772
vt 0.469767 0.098426
vt 0.469767 0.102260
vt 0.469767 0.100772
vt 0.445404 0.098426
vt 0.445404 0.102260
vt 0.445404 0.100772
vt 0.421042 0.102260
vt 0.421042 0.098426
vt 0.421042 0.100772
vt 0.396679 0.098426
vt 0.396679 0.102260
vt 0.396679 0.100772
vt 0.372317 0.098426
vt 0.372317 0.102260
vt 0.372317 0.100772
vt 0.709463 0.281228
vt 0.978640 0.278785
vt 0.344319 0.098426
vt 0.318869 0.098426
vt 0.318869 0.102260
vt 0.318869 0.100772
vt 0.294506 0.098426
vt 0.294506 0.102260
vt 0.294506 0.100772
vt 0.270144 0.102260
vt 0.270144 0.098426
vt 0.270144 0.100772
vt 0.245782 0.098426
vt 0.245782 0.102260
vt 0.245782 0.100772
vt 0.221419 0.098426
vt 0.221419 0.102260
vt 0.221419 0.100772
vt 0.197057 0.102260
vt 0.197057 0.098426
vt 0.197057 0.100772
vt 0.172695 0.098426
vt 0.172695 0.102260
vt 0.172695 0.100772
vt 0.148332 0.098426
vt 0.148332 0.102260
vt 0.148332 0.100772
vt 0.123970 0.102260
vt 0.123970 0.098426
vt 0.123970 0.100772
vt 0.099607 0.098426
vt 0.099607 0.102260
vt 0.099607 0.100772
vt 0.075245 0.098426
vt 0.075245 0.102260
vt 0.075245 0.100772
vt 0.050883 0.102260
vt 0.050883 0.098426
vt 0.050883 0.100772
vt 0.026520 0.098426
vt 0.026520 0.102260
vt 0.026520 0.100772
vt 0.002806 0.102260
vt 0.688513 0.102260
vt 0.002806 0.098426
vt 0.688513 0.098426
vt 0.002806 0.100772
vt 0.688513 0.100772
vt 0.002806 0.051380
vt 0.688513 0.051380
vt 0.002806 0.055442
vt 0.688513 0.055442
vt 0.026520 0.055442
vt 0.026520 0.051380
vt 0.050883 0.055442
vt 0.050883 0.051380
vt 0.075245 0.055442
vt 0.075245 0.051380
vt 0.099607 0.055442
vt 0.099607 0.051380
vt 0.123970 0.055442
vt 0.123970 0.051380
vt 0.148332 0.055442
vt 0.148332 0.051380
vt 0.172695 0.055442
vt 0.172695 0.051380
vt 0.197057 0.055442
vt 0.197057 0.051380
vt 0.221419 0.055442
vt 0.221419 0.051380
vt 0.245782 0.055442
vt 0.245782 0.051380
vt 0.270144 0.055442
vt 0.270144 0.051380
vt 0.294506 0.055442
vt 0.294506 0.051380
vt 0.318869 0.055442
vt 0.318869 0.051380
vt 0.344319 0.055442
vt 0.344319 0.051380
vt 0.372317 0.055442
vt 0.372317 0.051380
vt 0.396679 0.055442
vt 0.396679 0.051380
vt 0.421042 0.055442
vt 0.421042 0.051380
vt 0.445404 0.055442
vt 0.445404 0.051380
vt 0.469767 0.055442
vt 0.469767 0.051380
vt 0.494129 0.055442
vt 0.494129 0.051380
vt 0.518491 0.055442
vt 0.518491 0.051380
vt 0.542854 0.055442
vt 0.542854 0.051380
vt 0.567216 0.055442
vt 0.567216 0.051380
vt 0.591578 0.055442
vt 0.591578 0.051380
vt 0.615941 0.055442
vt 0.615941 0.051380
vt 0.640303 0.055442
vt 0.640303 0.051380
vt 0.664666 0.055442
vt 0.664666 0.051380
vt 0.664666 0.120177
vt 0.664666 0.143531
vt 0.664666 0.132819
vt 0.640303 0.143531
vt 0.640303 0.120177
vt 0.640303 0.132819
vt 0.615941 0.120177
vt 0.615941 0.143531
vt 0.615941 0.132819
vt 0.591578 0.120177
vt 0.591578 0.143531
vt 0.591578 0.132819
vt 0.567216 0.143531
vt 0.567216 0.120177
vt 0.567216 0.132819
vt 0.542854 0.120177
vt 0.542854 0.143531
vt 0.542854 0.132819
vt 0.518491 0.120177
vt 0.518491 0.143531
vt 0.518491 0.132819
vt 0.494129 0.143531
vt 0.494129 0.120177
vt 0.494129 0.132819
vt 0.469767 0.120177
vt 0.469767 0.143531
vt 0.469767 0.132819
vt 0.445404 0.120177
vt 0.445404 0.143531
vt 0.445404 0.132819
vt 0.421042 0.143531
vt 0.421042 0.120177
vt 0.421042 0.132819
vt 0.396679 0.120177
vt 0.396679 0.143531
vt 0.396679 0.132819
vt 0.776454 0.303902
vt 0.372317 0.120177
vt 0.372317 0.143531
vt 0.796154 0.308023
vt 0.372317 0.132819
vt 0.912711 0.304381
vt 0.318869 0.120177
vt 0.318869 0.143531
vt 0.893212 0.309363
vt 0.318869 0.132819
vt 0.294506 0.120177
vt 0.294506 0.143531
vt 0.294506 0.132819
vt 0.270144 0.143531
vt 0.270144 0.120177
vt 0.270144 0.132819
vt 0.245782 0.120177
vt 0.245782 0.143531
vt 0.245782 0.132819
vt 0.221419 0.120177
vt 0.221419 0.143531
vt 0.221419 0.132819
vt 0.197057 0.143531
vt 0.197057 0.120177
vt 0.197057 0.132819
vt 0.172695 0.120177
vt 0.172695 0.143531
vt 0.172695 0.132819
vt 0.148332 0.120177
vt 0.148332 0.143531
vt 0.148332 0.132819
vt 0.123970 0.143531
vt 0.123970 0.120177
vt 0.123970 0.132819
vt 0.099607 0.120177
vt 0.099607 0.143531
vt 0.099607 0.132819
vt 0.075245 0.120177
vt 0.075245 0.143531
vt 0.075245 0.132819
vt 0.050883 0.143531
vt 0.050883 0.120177
vt 0.050883 0.132819
vt 0.026520 0.120177
vt 0.026520 0.143531
vt 0.026520 0.132819
vt 0.002806 0.143531
vt 0.688513 0.143531
vt 0.002806 0.120177
vt 0.688513 0.120177
vt 0.002806 0.132819
vt 0.688513 0.132819
vt 0.026520 0.054705
vt 0.002806 0.054705
vt 0.688513 0.054705
vt 0.050883 0.054705
vt 0.075245 0.054705
vt 0.099607 0.054705
vt 0.123970 0.054705
vt 0.148332 0.054705
vt 0.172695 0.054705
vt 0.197057 0.054705
vt 0.221419 0.054705
vt 0.245782 0.054705
vt 0.270144 0.054705
vt 0.294506 0.054705
vt 0.318869 0.054705
vt 0.344319 0.054705
vt 0.372317 0.054705
vt 0.396679 0.054705
vt 0.421042 0.054705
vt 0.445404 0.054705
vt 0.469767 0.054705
vt 0.494129 0.054705
vt 0.518491 0.054705
vt 0.542854 0.054705
vt 0.567216 0.054705
vt 0.591578 0.054705
vt 0.615941 0.054705
vt 0.640303 0.054705
vt 0.664666 0.054705
vt 0.615941 0.241390
vt 0.640303 0.241390
vt 0.664666 0.241390
vt 0.221419 0.241390
vt 0.245782 0.241390
vt 0.542854 0.241390
vt 0.567216 0.241390
vt 0.148332 0.241390
vt 0.172695 0.241390
vt 0.469767 0.241390
vt 0.494129 0.241390
vt 0.075245 0.241390
vt 0.099607 0.241390
vt 0.396679 0.241390
vt 0.421042 0.241390
vt 0.026520 0.241390
vt 0.050883 0.241390
vt 0.318869 0.241390
vt 0.344319 0.241390
vt 0.591578 0.241390
vt 0.270144 0.241390
vt 0.518491 0.241390
vt 0.197057 0.241390
vt 0.445404 0.241390
vt 0.123970 0.241390
vt 0.372317 0.241390
vt 0.002806 0.241390
vt 0.688513 0.241390
vt 0.294506 0.241390
vt 0.664666 0.297711
vt 0.640303 0.297711
vt 0.615941 0.297711
vt 0.591578 0.297711
vt 0.567216 0.297711
vt 0.542854 0.297711
vt 0.518491 0.297711
vt 0.494129 0.297711
vt 0.469767 0.297711
vt 0.445404 0.297711
vt 0.421042 0.297711
vt 0.396679 0.297711
vt 0.372317 0.297711
vt 0.344319 0.297711
vt 0.318869 0.297711
vt 0.294506 0.297711
vt 0.270144 0.297711
vt 0.245782 0.297711
vt 0.221419 0.297711
vt 0.197057 0.297711
vt 0.172695 0.297711
vt 0.148332 0.297711
vt 0.123970 0.297711
vt 0.099607 0.297711
vt 0.075245 0.297711
vt 0.050883 0.297711
vt 0.026520 0.297711
vt 0.002806 0.297711
vt 0.688513 0.297711
vt 0.664666 0.313029
vt 0.640303 0.313029
vt 0.615941 0.313029
vt 0.591578 0.313029
vt 0.567216 0.313029
vt 0.542854 0.313029
vt 0.518491 0.313029
vt 0.494129 0.313029
vt 0.469767 0.313029
vt 0.445404 0.313029
vt 0.421042 0.313029
vt 0.396679 0.313029
vt 0.372317 0.313029
vt 0.344319 0.313029
vt 0.318869 0.313029
vt 0.294506 0.313029
vt 0.270144 0.313029
vt 0.245782 0.313029
vt 0.221419 0.313029
vt 0.197057 0.313029
vt 0.172695 0.313029
vt 0.148332 0.313029
vt 0.123970 0.313029
vt 0.099607 0.313029
vt 0.075245 0.313029
vt 0.050883 0.313029
vt 0.026520 0.313029
vt 0.002806 0.313029
vt 0.688513 0.313029
vt 0.664666 0.317305
vt 0.640303 0.317305
vt 0.615941 0.317305
vt 0.591578 0.317305
vt 0.567216 0.317305
vt 0.542854 0.317305
vt 0.518491 0.317305
vt 0.494129 0.317305
vt 0.469767 0.317305
vt 0.445404 0.317305
vt 0.421042 0.317305
vt 0.396679 0.317305
vt 0.372317 0.317305
vt 0.344319 0.317305
vt 0.318869 0.317305
vt 0.294506 0.317305
vt 0.270144 0.317305
vt 0.245782 0.317305
vt 0.221419 0.317305
vt 0.197057 0.317305
vt 0.172695 0.317305
vt 0.148332 0.317305
vt 0.123970 0.317305
vt 0.099607 0.317305
vt 0.075245 0.317305
vt 0.050883 0.317305
vt 0.026520 0.317305
vt 0.002806 0.317305
vt 0.688513 0.317305
vt 0.372317 0.302129
vt 0.372317 0.305119
vt 0.372317 0.308108
vt 0.396679 0.308108
vt 0.396679 0.305119
vt 0.396679 0.302129
vt 0.002806 0.302129
vt 0.688513 0.302129
vt 0.002806 0.305119
vt 0.688513 0.305119
vt 0.002806 0.308108
vt 0.688513 0.308108
vt 0.026520 0.308108
vt 0.026520 0.305119
vt 0.026520 0.302129
vt 0.294506 0.302129
vt 0.294506 0.305119
vt 0.294506 0.308108
vt 0.318869 0.308108
vt 0.318869 0.305119
vt 0.318869 0.302129
vt 0.615941 0.302129
vt 0.615941 0.305119
vt 0.615941 0.308108
vt 0.640303 0.308108
vt 0.640303 0.305119
vt 0.640303 0.302129
vt 0.664666 0.308108
vt 0.664666 0.305119
vt 0.664666 0.302129
vt 0.221419 0.302129
vt 0.221419 0.305119
vt 0.221419 0.308108
vt 0.245782 0.308108
vt 0.245782 0.305119
vt 0.245782 0.302129
vt 0.542854 0.302129
vt 0.542854 0.305119
vt 0.542854 0.308108
vt 0.567216 0.308108
vt 0.567216 0.305119
vt 0.567216 0.302129
vt 0.148332 0.302129
vt 0.148332 0.305119
vt 0.148332 0.308108
vt 0.172695 0.308108
vt 0.172695 0.305119
vt 0.172695 0.302129
vt 0.469767 0.302129
vt 0.469767 0.305119
vt 0.469767 0.308108
vt 0.494129 0.308108
vt 0.494129 0.305119
vt 0.494129 0.302129
vt 0.075245 0.302129
vt 0.075245 0.305119
vt 0.075245 0.308108
vt 0.099607 0.308108
vt 0.099607 0.305119
vt 0.099607 0.302129
vt 0.421042 0.308108
vt 0.421042 0.305119
vt 0.421042 0.302129
vt 0.050883 0.308108
vt 0.050883 0.305119
vt 0.050883 0.302129
vt 0.344319 0.308108
vt 0.344319 0.305119
vt 0.344319 0.302129
vt 0.591578 0.308108
vt 0.591578 0.305119
vt 0.591578 0.302129
vt 0.270144 0.308108
vt 0.270144 0.305119
vt 0.270144 0.302129
vt 0.518491 0.308108
vt 0.518491 0.305119
vt 0.518491 0.302129
vt 0.197057 0.308108
vt 0.197057 0.305119
vt 0.197057 0.302129
vt 0.445404 0.308108
vt 0.445404 0.305119
vt 0.445404 0.302129
vt 0.123970 0.308108
vt 0.123970 0.305119
vt 0.123970 0.302129
vt 0.664666 0.323928
vt 0.640303 0.323928
vt 0.615941 0.323928
vt 0.591578 0.323928
vt 0.567216 0.323928
vt 0.542854 0.323928
vt 0.518491 0.323928
vt 0.494129 0.323928
vt 0.469767 0.323928
vt 0.445404 0.323928
vt 0.421042 0.323928
vt 0.396679 0.323928
vt 0.372317 0.323928
vt 0.344319 0.323928
vt 0.318869 0.323928
vt 0.294506 0.323928
vt 0.270144 0.323928
vt 0.245782 0.323928
vt 0.221419 0.323928
vt 0.197057 0.323928
vt 0.172695 0.323928
vt 0.148332 0.323928
vt 0.123970 0.323928
vt 0.099607 0.323928
vt 0.075245 0.323928
vt 0.050883 0.323928
vt 0.026520 0.323928
vt 0.002806 0.323928
vt 0.688513 0.323928
vt 0.664666 0.330135
vt 0.640303 0.330135
vt 0.615941 0.330135
vt 0.591578 0.330135
vt 0.567216 0.330135
vt 0.542854 0.330135
vt 0.518491 0.330135
vt 0.494129 0.330135
vt 0.469767 0.330135
vt 0.445404 0.330135
vt 0.421042 0.330135
vt 0.396679 0.330135
vt 0.372317 0.330135
vt 0.344319 0.330135
vt 0.318869 0.330135
vt 0.294506 0.330135
vt 0.270144 0.330135
vt 0.245782 0.330135
vt 0.221419 0.330135
vt 0.197057 0.330135
vt 0.172695 0.330135
vt 0.148332 0.330135
vt 0.123970 0.330135
vt 0.099607 0.330135
vt 0.075245 0.330135
vt 0.050883 0.330135
vt 0.026520 0.330135
vt 0.002806 0.330135
vt 0.688513 0.330135
vt 0.099607 0.320295
vt 0.123970 0.320295
vt 0.344319 0.320295
vt 0.372317 0.320295
vt 0.664666 0.320295
vt 0.002806 0.320295
vt 0.688513 0.320295
vt 0.270144 0.320295
vt 0.294506 0.320295
vt 0.591578 0.320295
vt 0.615941 0.320295
vt 0.197057 0.320295
vt 0.221419 0.320295
vt 0.518491 0.320295
vt 0.542854 0.320295
vt 0.148332 0.320295
vt 0.445404 0.320295
vt 0.469767 0.320295
vt 0.050883 0.320295
vt 0.075245 0.320295
vt 0.396679 0.320295
vt 0.026520 0.320295
vt 0.318869 0.320295
vt 0.640303 0.320295
vt 0.245782 0.320295
vt 0.567216 0.320295
vt 0.172695 0.320295
vt 0.494129 0.320295
vt 0.421042 0.320295
vt 0.002806 0.103232
vt 0.688513 0.103232
vt 0.664666 0.103232
vt 0.640303 0.103232
vt 0.615941 0.103232
vt 0.591578 0.103232
vt 0.567216 0.103232
vt 0.542854 0.103232
vt 0.518491 0.103232
vt 0.494129 0.103232
vt 0.469767 0.103232
vt 0.445404 0.103232
vt 0.421042 0.103232
vt 0.396679 0.103232
vt 0.372317 0.103232
vt 0.318869 0.103232
vt 0.294506 0.103232
vt 0.270144 0.103232
vt 0.245782 0.103232
vt 0.221419 0.103232
vt 0.197057 0.103232
vt 0.172695 0.103232
vt 0.148332 0.103232
vt 0.123970 0.103232
vt 0.099607 0.103232
vt 0.075245 0.103232
vt 0.050883 0.103232
vt 0.026520 0.103232
vt 0.664666 0.281020
vt 0.640303 0.281020
vt 0.615941 0.281020
vt 0.591578 0.281020
vt 0.567216 0.281020
vt 0.542854 0.281020
vt 0.518491 0.281020
vt 0.494129 0.281020
vt 0.469767 0.281019
vt 0.445404 0.281019
vt 0.421042 0.281019
vt 0.396679 0.281019
vt 0.372317 0.281019
vt 0.344319 0.281019
vt 0.318869 0.281019
vt 0.294506 0.281019
vt 0.270144 0.281019
vt 0.245782 0.281019
vt 0.221419 0.281019
vt 0.197057 0.281019
vt 0.172695 0.281019
vt 0.148332 0.281019
vt 0.123970 0.281019
vt 0.099607 0.281019
vt 0.075245 0.281019
vt 0.050883 0.281019
vt 0.026520 0.281019
vt 0.002806 0.281019
vt 0.688513 0.281020
vt 0.640303 0.252745
vt 0.664666 0.252745
vt 0.245782 0.252745
vt 0.567216 0.252745
vt 0.172695 0.252745
vt 0.494129 0.252745
vt 0.099607 0.252745
vt 0.421042 0.252745
vt 0.050883 0.252745
vt 0.344319 0.252745
vt 0.591578 0.252745
vt 0.270144 0.252745
vt 0.518491 0.252745
vt 0.197057 0.252745
vt 0.445404 0.252745
vt 0.123970 0.252745
vt 0.372317 0.252745
vt 0.002806 0.252745
vt 0.688513 0.252745
vt 0.294506 0.252745
vt 0.615941 0.252745
vt 0.221419 0.252745
vt 0.542854 0.252745
vt 0.148332 0.252745
vt 0.469767 0.252745
vt 0.075245 0.252745
vt 0.396679 0.252745
vt 0.026520 0.252745
vt 0.318869 0.252745
vt 0.640303 0.286583
vt 0.615941 0.286583
vt 0.567216 0.286583
vt 0.542854 0.286583
vt 0.494129 0.286583
vt 0.469767 0.286583
vt 0.421042 0.286583
vt 0.396679 0.286583
vt 0.344319 0.286583
vt 0.318869 0.286583
vt 0.270144 0.286583
vt 0.245782 0.286583
vt 0.197057 0.286583
vt 0.172695 0.286583
vt 0.123970 0.286583
vt 0.099607 0.286583
vt 0.002806 0.286583
vt 0.688513 0.286583
vt 0.664666 0.286583
vt 0.591578 0.286583
vt 0.518491 0.286583
vt 0.445404 0.286583
vt 0.372317 0.286583
vt 0.294506 0.286583
vt 0.221419 0.286583
vt 0.148332 0.286583
vt 0.075245 0.286583
vt 0.050883 0.286583
vt 0.026520 0.286583
vt 0.002806 0.163548
vt 0.688513 0.163548
vt 0.664666 0.157679
vt 0.640303 0.157679
vt 0.615941 0.157679
vt 0.591578 0.157679
vt 0.567216 0.157679
vt 0.542854 0.157679
vt 0.518491 0.157679
vt 0.494129 0.157679
vt 0.469767 0.157679
vt 0.445404 0.157679
vt 0.421042 0.157679
vt 0.396679 0.157679
vt 0.372317 0.157679
vt 0.842867 0.337254
vt 0.847832 0.340621
vt 0.344319 0.157679
vt 0.318869 0.157679
vt 0.294506 0.157679
vt 0.270144 0.157679
vt 0.245782 0.157679
vt 0.221419 0.157679
vt 0.197057 0.157679
vt 0.172695 0.157679
vt 0.148332 0.157679
vt 0.123970 0.157679
vt 0.099607 0.157679
vt 0.075245 0.157679
vt 0.050883 0.157679
vt 0.026520 0.157679
vt 0.940435 0.298645
vt 0.327904 0.106029
vt 0.967050 0.280873
vt 0.338640 0.100772
vt 0.957717 0.284341
vt 0.336098 0.102260
vt 0.946936 0.291430
vt 0.330683 0.103232
vt 0.859683 0.327824
vt 0.330683 0.148244
vt 0.748505 0.299392
vt 0.364324 0.106029
vt 0.721136 0.282806
vt 0.351470 0.100772
vt 0.730613 0.285860
vt 0.355099 0.102260
vt 0.741694 0.292469
vt 0.361790 0.103232
vt 0.830463 0.324989
vt 0.361790 0.148006
vt 0.845709 0.154293
vt 0.921959 0.154254
vt 0.883834 0.154273
vt 0.960084 0.154234
vt 0.769458 0.154332
vt 0.807584 0.154313
vt 0.731333 0.154352
vt 0.845650 0.039918
vt 0.880634 0.042767
vt 0.914344 0.051209
vt 0.945569 0.064819
vt 0.810669 0.042803
vt 0.776968 0.051279
vt 0.745757 0.064922
vt 0.845768 0.268669
vt 0.880748 0.265783
vt 0.914450 0.257307
vt 0.945661 0.243664
vt 0.810784 0.265819
vt 0.777073 0.257377
vt 0.745849 0.243767
vt 0.615941 0.262170
vt 0.615941 0.271595
vt 0.221419 0.262170
vt 0.221419 0.271595
vt 0.542854 0.262170
vt 0.542854 0.271595
vt 0.148332 0.262170
vt 0.148332 0.271595
vt 0.469767 0.262170
vt 0.469767 0.271595
vt 0.075245 0.262170
vt 0.075245 0.271595
vt 0.396679 0.262170
vt 0.396679 0.271595
vt 0.026520 0.262170
vt 0.026520 0.271595
vt 0.318869 0.262170
vt 0.318869 0.271595
vt 0.640303 0.271595
vt 0.640303 0.262170
vt 0.664666 0.262170
vt 0.664666 0.271595
vt 0.245782 0.271595
vt 0.245782 0.262170
vt 0.567216 0.271595
vt 0.567216 0.262170
vt 0.172695 0.271595
vt 0.172695 0.262170
vt 0.494129 0.271595
vt 0.494129 0.262170
vt 0.099607 0.271595
vt 0.099607 0.262170
vt 0.421042 0.271595
vt 0.421042 0.262170
vt 0.050883 0.271595
vt 0.050883 0.262170
vt 0.344319 0.262170
vt 0.344319 0.271595
vt 0.591578 0.271595
vt 0.591578 0.262170
vt 0.270144 0.271595
vt 0.270144 0.262170
vt 0.518491 0.271595
vt 0.518491 0.262170
vt 0.197057 0.271595
vt 0.197057 0.262170
vt 0.445404 0.271595
vt 0.445404 0.262170
vt 0.123970 0.271595
vt 0.123970 0.262170
vt 0.372317 0.271595
vt 0.372317 0.262170
vt 0.002806 0.262170
vt 0.688513 0.262170
vt 0.002806 0.271595
vt 0.688513 0.271595
vt 0.294506 0.271595
vt 0.294506 0.262170
vt 0.494129 0.074266
vt 0.494129 0.068437
vt 0.123970 0.074266
vt 0.123970 0.068437
vt 0.421042 0.074266
vt 0.421042 0.068437
vt 0.050883 0.074266
vt 0.050883 0.068437
vt 0.002806 0.068437
vt 0.688513 0.068437
vt 0.002806 0.074266
vt 0.688513 0.074266
vt 0.318869 0.068437
vt 0.318869 0.074266
vt 0.615941 0.074266
vt 0.615941 0.068437
vt 0.245782 0.074266
vt 0.245782 0.068437
vt 0.542854 0.074266
vt 0.542854 0.068437
vt 0.172695 0.068437
vt 0.172695 0.074266
vt 0.148332 0.074266
vt 0.148332 0.068437
vt 0.445404 0.074266
vt 0.445404 0.068437
vt 0.075245 0.074266
vt 0.075245 0.068437
vt 0.372317 0.074266
vt 0.372317 0.068437
vt 0.344319 0.068437
vt 0.344319 0.074266
vt 0.640303 0.074266
vt 0.640303 0.068437
vt 0.270144 0.074266
vt 0.270144 0.068437
vt 0.567216 0.074266
vt 0.567216 0.068437
vt 0.518491 0.068437
vt 0.518491 0.074266
vt 0.469767 0.074266
vt 0.469767 0.068437
vt 0.099607 0.074266
vt 0.099607 0.068437
vt 0.396679 0.074266
vt 0.396679 0.068437
vt 0.026520 0.074266
vt 0.026520 0.068437
vt 0.664666 0.068437
vt 0.664666 0.074266
vt 0.294506 0.074266
vt 0.294506 0.068437
vt 0.591578 0.074266
vt 0.591578 0.068437
vt 0.221419 0.074266
vt 0.221419 0.068437
vt 0.197057 0.074266
vt 0.197057 0.068437
vt 0.494129 0.064482
vt 0.494129 0.062293
vt 0.123970 0.064482
vt 0.123970 0.062293
vt 0.421042 0.064482
vt 0.421042 0.062293
vt 0.050883 0.064482
vt 0.050883 0.062293
vt 0.002806 0.062293
vt 0.688513 0.062293
vt 0.002806 0.064482
vt 0.688513 0.064482
vt 0.318869 0.062293
vt 0.318869 0.064482
vt 0.615941 0.064482
vt 0.615941 0.062293
vt 0.245782 0.064482
vt 0.245782 0.062293
vt 0.542854 0.064482
vt 0.542854 0.062293
vt 0.172695 0.062293
vt 0.172695 0.064482
vt 0.148332 0.064482
vt 0.148332 0.062293
vt 0.445404 0.064482
vt 0.445404 0.062293
vt 0.075245 0.064482
vt 0.075245 0.062293
vt 0.372317 0.064482
vt 0.372317 0.062293
vt 0.344319 0.062293
vt 0.344319 0.064482
vt 0.640303 0.064482
vt 0.640303 0.062293
vt 0.270144 0.064482
vt 0.270144 0.062293
vt 0.567216 0.064482
vt 0.567216 0.062293
vt 0.518491 0.062293
vt 0.518491 0.064482
vt 0.469767 0.064482
vt 0.469767 0.062293
vt 0.099607 0.064482
vt 0.099607 0.062293
vt 0.396679 0.064482
vt 0.396679 0.062293
vt 0.026520 0.064482
vt 0.026520 0.062293
vt 0.664666 0.062293
vt 0.664666 0.064482
vt 0.294506 0.064482
vt 0.294506 0.062293
vt 0.591578 0.064482
vt 0.591578 0.062293
vt 0.221419 0.064482
vt 0.221419 0.062293
vt 0.197057 0.064482
vt 0.197057 0.062293
vt 0.494129 0.084724
vt 0.494129 0.081117
vt 0.123970 0.084724
vt 0.123970 0.081116
vt 0.421042 0.084724
vt 0.421042 0.081117
vt 0.050883 0.084724
vt 0.050883 0.081116
vt 0.002806 0.081116
vt 0.688513 0.081117
vt 0.002806 0.084724
vt 0.688513 0.084724
vt 0.318869 0.081117
vt 0.318869 0.084724
vt 0.615941 0.084724
vt 0.615941 0.081117
vt 0.245782 0.084724
vt 0.245782 0.081116
vt 0.542854 0.084724
vt 0.542854 0.081117
vt 0.172695 0.081116
vt 0.172695 0.084724
vt 0.148332 0.084724
vt 0.148332 0.081116
vt 0.445404 0.084724
vt 0.445404 0.081117
vt 0.075245 0.084724
vt 0.075245 0.081116
vt 0.372317 0.084724
vt 0.372317 0.081117
vt 0.344319 0.081117
vt 0.344319 0.084724
vt 0.640303 0.084724
vt 0.640303 0.081117
vt 0.270144 0.084724
vt 0.270144 0.081116
vt 0.567216 0.084724
vt 0.567216 0.081117
vt 0.518491 0.081117
vt 0.518491 0.084724
vt 0.469767 0.084724
vt 0.469767 0.081117
vt 0.099607 0.084724
vt 0.099607 0.081116
vt 0.396679 0.084724
vt 0.396679 0.081117
vt 0.026520 0.084724
vt 0.026520 0.081116
vt 0.664666 0.081117
vt 0.664666 0.084724
vt 0.294506 0.084724
vt 0.294506 0.081117
vt 0.591578 0.084724
vt 0.591578 0.081117
vt 0.221419 0.084724
vt 0.221419 0.081116
vt 0.197057 0.084724
vt 0.197057 0.081116
vt 0.664666 0.333125
vt 0.640303 0.333125
vt 0.615941 0.333125
vt 0.591578 0.333125
vt 0.567216 0.333125
vt 0.542854 0.333125
vt 0.518491 0.333125
vt 0.494129 0.333125
vt 0.469767 0.333125
vt 0.445404 0.333125
vt 0.421042 0.333125
vt 0.396679 0.333125
vt 0.372317 0.333125
vt 0.344319 0.333125
vt 0.318869 0.333125
vt 0.294506 0.333125
vt 0.270144 0.333125
vt 0.245782 0.333125
vt 0.221419 0.333125
vt 0.197057 0.333125
vt 0.172695 0.333125
vt 0.148332 0.333125
vt 0.123970 0.333125
vt 0.099607 0.333125
vt 0.075245 0.333125
vt 0.050883 0.333125
vt 0.026520 0.333125
vt 0.002806 0.333125
vt 0.688513 0.333125
vt 0.664666 0.225127
vt 0.640303 0.225127
vt 0.615941 0.225127
vt 0.591578 0.225127
vt 0.567216 0.225127
vt 0.542854 0.225127
vt 0.518491 0.225127
vt 0.494129 0.225127
vt 0.469767 0.225127
vt 0.445404 0.225127
vt 0.421042 0.225127
vt 0.396679 0.225127
vt 0.372317 0.225127
vt 0.344319 0.225127
vt 0.318869 0.225127
vt 0.294506 0.225127
vt 0.270144 0.225127
vt 0.245782 0.225127
vt 0.221419 0.225127
vt 0.197057 0.225127
vt 0.172695 0.225127
vt 0.148332 0.225127
vt 0.123970 0.225127
vt 0.099607 0.225127
vt 0.075245 0.225127
vt 0.050883 0.225127
vt 0.026520 0.225127
vt 0.002806 0.219259
vt 0.688513 0.219259
vt 0.076277 0.683666
vt 0.076277 0.689250
vt 0.076277 0.700249
vt 0.076277 0.711020
vt 0.076277 0.721720
vt 0.094565 0.700486
vt 0.089434 0.700465
vt 0.089434 0.723785
vt 0.094565 0.724293
vt 0.089434 0.683195
vt 0.094565 0.683045
vt 0.094565 0.712212
vt 0.089434 0.712030
vt 0.094565 0.688861
vt 0.089434 0.688968
vt 0.101900 0.682941
vt 0.101900 0.688821
vt 0.101900 0.700644
vt 0.101900 0.712678
vt 0.101900 0.725020
vt 0.076277 0.678035
vt 0.076277 0.666852
vt 0.076277 0.655715
vt 0.076277 0.644588
vt 0.094565 0.665599
vt 0.089434 0.665858
vt 0.089434 0.642317
vt 0.094565 0.641820
vt 0.094565 0.653883
vt 0.089434 0.654180
vt 0.094565 0.677236
vt 0.089434 0.677418
vt 0.101900 0.677074
vt 0.101900 0.665285
vt 0.101900 0.653292
vt 0.101900 0.641212
vt 0.076277 0.757854
vt 0.076277 0.607571
vt 0.076277 0.753496
vt 0.076277 0.742980
vt 0.076277 0.732316
vt 0.094565 0.750116
vt 0.089434 0.748573
vt 0.089434 0.768275
vt 0.089434 0.597324
vt 0.094565 0.769466
vt 0.094565 0.596343
vt 0.094565 0.736875
vt 0.089434 0.735907
vt 0.094565 0.763621
vt 0.089434 0.761336
vt 0.101900 0.773477
vt 0.101900 0.593145
vt 0.101900 0.766432
vt 0.101900 0.751710
vt 0.101900 0.737900
vt 0.076277 0.612050
vt 0.076277 0.622599
vt 0.076277 0.633585
vt 0.094565 0.616155
vt 0.089434 0.617458
vt 0.094565 0.629276
vt 0.089434 0.630129
vt 0.094565 0.602788
vt 0.089434 0.604482
vt 0.101900 0.600381
vt 0.101900 0.614970
vt 0.101900 0.628618
vt 0.114800 0.682822
vt 0.114800 0.688828
vt 0.114800 0.701018
vt 0.114800 0.713279
vt 0.114800 0.725967
vt 0.114800 0.676877
vt 0.114800 0.664954
vt 0.114800 0.652811
vt 0.114800 0.640313
vt 0.114800 0.770457
vt 0.114800 0.596268
vt 0.114800 0.764728
vt 0.114800 0.752067
vt 0.114800 0.738993
vt 0.114800 0.601978
vt 0.114800 0.614483
vt 0.114800 0.627321
vt 0.109900 0.600736
vt 0.109900 0.652992
vt 0.109900 0.700788
vt 0.109900 0.627656
vt 0.109900 0.713019
vt 0.109900 0.614264
vt 0.109900 0.766001
vt 0.109900 0.772378
vt 0.109900 0.594368
vt 0.109900 0.752394
vt 0.109900 0.725758
vt 0.109900 0.676933
vt 0.109900 0.682809
vt 0.109900 0.665130
vt 0.109900 0.688714
vt 0.109900 0.738941
vt 0.109900 0.640463
vt 0.129767 0.683049
vt 0.129767 0.689126
vt 0.129767 0.701334
vt 0.129767 0.713428
vt 0.129767 0.725728
vt 0.129767 0.676966
vt 0.129767 0.664853
vt 0.129767 0.652651
vt 0.129767 0.640418
vt 0.129767 0.764681
vt 0.129767 0.600970
vt 0.129767 0.759914
vt 0.129767 0.749312
vt 0.129767 0.737785
vt 0.129767 0.605870
vt 0.129767 0.616610
vt 0.129767 0.628174
vt 0.269795 0.709821
vt 0.266305 0.709866
vt 0.266305 0.742833
vt 0.269795 0.742823
vt 0.266305 0.685387
vt 0.269795 0.685351
vt 0.269795 0.726232
vt 0.266305 0.726226
vt 0.269795 0.693526
vt 0.266305 0.693576
vt 0.269795 0.660846
vt 0.266305 0.660924
vt 0.266305 0.627818
vt 0.269795 0.627800
vt 0.269795 0.644434
vt 0.266305 0.644491
vt 0.269795 0.677173
vt 0.266305 0.677208
vt 0.269795 0.776439
vt 0.266305 0.776355
vt 0.266305 0.802405
vt 0.266305 0.568075
vt 0.269795 0.802583
vt 0.269795 0.567944
vt 0.269795 0.759585
vt 0.266305 0.759557
vt 0.269795 0.793581
vt 0.266305 0.793476
vt 0.269795 0.594132
vt 0.266305 0.594191
vt 0.269795 0.610999
vt 0.266305 0.611022
vt 0.269795 0.576975
vt 0.266305 0.577033
vt 0.260363 0.709877
vt 0.260611 0.709879
vt 0.260363 0.726241
vt 0.260611 0.726239
vt 0.260363 0.693526
vt 0.260611 0.693565
vt 0.260363 0.742562
vt 0.260611 0.742664
vt 0.260363 0.661030
vt 0.260611 0.661026
vt 0.260363 0.644600
vt 0.260611 0.644607
vt 0.260363 0.677297
vt 0.260611 0.677300
vt 0.260363 0.627985
vt 0.260611 0.628023
vt 0.260363 0.775909
vt 0.260611 0.775954
vt 0.260363 0.594573
vt 0.260611 0.594558
vt 0.211596 0.685082
vt 0.211596 0.692387
vt 0.211596 0.707071
vt 0.211596 0.721810
vt 0.211596 0.736571
vt 0.211596 0.677740
vt 0.211596 0.662983
vt 0.211596 0.648232
vt 0.211596 0.633423
vt 0.211596 0.788603
vt 0.211596 0.582028
vt 0.211596 0.781786
vt 0.211596 0.766570
vt 0.211596 0.751463
vt 0.211596 0.588886
vt 0.211596 0.603704
vt 0.211596 0.618576
vt 0.180293 0.684297
vt 0.180293 0.691056
vt 0.180293 0.704598
vt 0.180293 0.718140
vt 0.180293 0.731665
vt 0.180293 0.677543
vt 0.180293 0.664040
vt 0.180293 0.650581
vt 0.180293 0.637182
vt 0.180293 0.779189
vt 0.180293 0.594672
vt 0.180293 0.771836
vt 0.180293 0.758549
vt 0.180293 0.745138
vt 0.180293 0.599494
vt 0.180293 0.611233
vt 0.180293 0.623976
vt 0.146434 0.683398
vt 0.146434 0.689549
vt 0.146434 0.702005
vt 0.146434 0.714283
vt 0.146434 0.726513
vt 0.146434 0.677237
vt 0.146434 0.664806
vt 0.146434 0.652367
vt 0.146434 0.639857
vt 0.146434 0.765908
vt 0.146434 0.598350
vt 0.146434 0.760863
vt 0.146434 0.750091
vt 0.146434 0.738561
vt 0.146434 0.604033
vt 0.146434 0.615664
vt 0.146434 0.627645
vt 0.198065 0.621025
vt 0.198065 0.649237
vt 0.198065 0.635128
vt 0.198065 0.606885
vt 0.198065 0.663434
vt 0.198065 0.785656
vt 0.198065 0.585390
vt 0.198065 0.592822
vt 0.198065 0.677629
vt 0.198065 0.684723
vt 0.198065 0.763352
vt 0.198065 0.706026
vt 0.198065 0.748789
vt 0.198065 0.720252
vt 0.198065 0.778090
vt 0.198065 0.691823
vt 0.198065 0.734487
vt 0.222868 0.586850
vt 0.222868 0.647268
vt 0.222868 0.662366
vt 0.222868 0.685169
vt 0.222868 0.783333
vt 0.222868 0.707967
vt 0.222868 0.753296
vt 0.222868 0.632028
vt 0.222868 0.677594
vt 0.222868 0.616802
vt 0.222868 0.601699
vt 0.222868 0.692742
vt 0.222868 0.790694
vt 0.222868 0.579723
vt 0.222868 0.768458
vt 0.222868 0.738209
vt 0.222868 0.723155
vt 0.081060 0.683469
vt 0.083076 0.683388
vt 0.083076 0.689051
vt 0.081060 0.689112
vt 0.081060 0.700378
vt 0.083076 0.700399
vt 0.083076 0.711723
vt 0.081060 0.711540
vt 0.083076 0.722967
vt 0.081060 0.722624
vt 0.086640 0.683267
vt 0.086640 0.688995
vt 0.086640 0.700433
vt 0.086640 0.711929
vt 0.086640 0.723462
vt 0.097062 0.682982
vt 0.099033 0.682968
vt 0.099033 0.688809
vt 0.097062 0.688810
vt 0.097062 0.700501
vt 0.099033 0.700538
vt 0.099033 0.712480
vt 0.097062 0.712328
vt 0.099033 0.724746
vt 0.097062 0.724534
vt 0.103812 0.682916
vt 0.103812 0.688788
vt 0.103812 0.700665
vt 0.103812 0.712728
vt 0.103812 0.725203
vt 0.081060 0.677827
vt 0.083076 0.677702
vt 0.083076 0.666188
vt 0.081060 0.666354
vt 0.081060 0.654954
vt 0.083076 0.654682
vt 0.081060 0.643586
vt 0.083076 0.643207
vt 0.086640 0.677520
vt 0.086640 0.665994
vt 0.086640 0.654356
vt 0.086640 0.642647
vt 0.097062 0.677158
vt 0.099033 0.677128
vt 0.099033 0.665438
vt 0.097062 0.665505
vt 0.097062 0.653741
vt 0.099033 0.653563
vt 0.097062 0.641613
vt 0.099033 0.641452
vt 0.103812 0.677038
vt 0.103812 0.665241
vt 0.103812 0.653193
vt 0.103812 0.641016
vt 0.083076 0.763327
vt 0.083076 0.602169
vt 0.081060 0.761053
vt 0.081060 0.604471
vt 0.081060 0.756306
vt 0.083076 0.757693
vt 0.083076 0.746191
vt 0.081060 0.745303
vt 0.081060 0.733872
vt 0.083076 0.734445
vt 0.086640 0.765911
vt 0.086640 0.599629
vt 0.086640 0.759878
vt 0.086640 0.747604
vt 0.086640 0.735314
vt 0.099033 0.772785
vt 0.099033 0.593671
vt 0.097062 0.771240
vt 0.097062 0.595096
vt 0.097062 0.764663
vt 0.099033 0.765531
vt 0.099033 0.751268
vt 0.097062 0.750810
vt 0.097062 0.737268
vt 0.099033 0.737505
vt 0.103812 0.774387
vt 0.103812 0.592399
vt 0.103812 0.766651
vt 0.103812 0.751903
vt 0.103812 0.738206
vt 0.083076 0.607908
vt 0.081060 0.609266
vt 0.081060 0.620439
vt 0.083076 0.619616
vt 0.083076 0.631547
vt 0.081060 0.632123
vt 0.086640 0.605819
vt 0.086640 0.618321
vt 0.086640 0.630687
vt 0.099033 0.600968
vt 0.097062 0.601739
vt 0.097062 0.615623
vt 0.099033 0.615262
vt 0.099033 0.628820
vt 0.097062 0.628970
vt 0.103812 0.600128
vt 0.103812 0.614775
vt 0.103812 0.628425
vt 0.256842 0.685431
vt 0.258524 0.685428
vt 0.257685 0.685431
vt 0.258524 0.693548
vt 0.256842 0.693508
vt 0.257685 0.693536
vt 0.256842 0.709799
vt 0.258524 0.709848
vt 0.257685 0.709827
vt 0.258524 0.726191
vt 0.256842 0.726122
vt 0.257685 0.726161
vt 0.258524 0.742573
vt 0.256842 0.742512
vt 0.257685 0.742544
vt 0.260363 0.685423
vt 0.260611 0.685411
vt 0.262822 0.685415
vt 0.262822 0.693595
vt 0.262822 0.709895
vt 0.262822 0.726219
vt 0.262822 0.742739
vt 0.256842 0.677362
vt 0.258524 0.677323
vt 0.257685 0.677339
vt 0.258524 0.661059
vt 0.256842 0.661099
vt 0.257685 0.661078
vt 0.256842 0.644731
vt 0.258524 0.644649
vt 0.257685 0.644686
vt 0.256842 0.628290
vt 0.258524 0.628165
vt 0.257685 0.628226
vt 0.262822 0.677263
vt 0.262822 0.660988
vt 0.262822 0.644564
vt 0.262822 0.627936
vt 0.258524 0.800201
vt 0.258524 0.570089
vt 0.256842 0.798851
vt 0.256842 0.571359
vt 0.257685 0.799587
vt 0.257685 0.570649
vt 0.256842 0.791776
vt 0.258524 0.792344
vt 0.257685 0.792092
vt 0.258524 0.775652
vt 0.256842 0.775350
vt 0.257685 0.775512
vt 0.256842 0.758870
vt 0.258524 0.759052
vt 0.257685 0.758965
vt 0.262822 0.801862
vt 0.262822 0.568576
vt 0.260363 0.801135
vt 0.260363 0.569262
vt 0.260611 0.801304
vt 0.260611 0.569106
vt 0.260363 0.792803
vt 0.260611 0.792854
vt 0.262822 0.793150
vt 0.262822 0.776157
vt 0.260363 0.759214
vt 0.260611 0.759249
vt 0.262822 0.759401
vt 0.258524 0.578083
vt 0.256842 0.578627
vt 0.257685 0.578345
vt 0.256842 0.595134
vt 0.258524 0.594846
vt 0.257685 0.594980
vt 0.258524 0.611575
vt 0.256842 0.611781
vt 0.257685 0.611671
vt 0.262822 0.577316
vt 0.260363 0.577661
vt 0.260611 0.577629
vt 0.262822 0.594361
vt 0.262822 0.611185
vt 0.260363 0.611402
vt 0.260611 0.611387
vt 0.218370 0.632545
vt 0.220413 0.632303
vt 0.218370 0.677688
vt 0.220413 0.677638
vt 0.220413 0.586960
vt 0.218370 0.587267
vt 0.220413 0.647486
vt 0.218370 0.647670
vt 0.218370 0.617382
vt 0.220413 0.617093
vt 0.220413 0.662588
vt 0.218370 0.662715
vt 0.218370 0.602279
vt 0.220413 0.601980
vt 0.218370 0.692628
vt 0.220413 0.692682
vt 0.220413 0.685164
vt 0.218370 0.685174
vt 0.218370 0.789994
vt 0.218370 0.580588
vt 0.220413 0.790549
vt 0.220413 0.579969
vt 0.220413 0.783371
vt 0.218370 0.783245
vt 0.220413 0.707751
vt 0.218370 0.707569
vt 0.218370 0.767879
vt 0.220413 0.768162
vt 0.218370 0.737586
vt 0.220413 0.737871
vt 0.218370 0.722602
vt 0.220413 0.722849
vt 0.220413 0.752952
vt 0.218370 0.752660
vt 0.228318 0.685200
vt 0.231842 0.685231
vt 0.231842 0.692940
vt 0.228318 0.692863
vt 0.228318 0.708334
vt 0.231842 0.708552
vt 0.231842 0.724053
vt 0.228318 0.723749
vt 0.231842 0.739419
vt 0.228318 0.738955
vt 0.228318 0.677534
vt 0.231842 0.677516
vt 0.231842 0.661861
vt 0.228318 0.661995
vt 0.228318 0.646693
vt 0.231842 0.646397
vt 0.228318 0.631434
vt 0.231842 0.631035
vt 0.231842 0.788976
vt 0.231842 0.581259
vt 0.228318 0.789606
vt 0.228318 0.580605
vt 0.228318 0.783207
vt 0.231842 0.783217
vt 0.231842 0.769437
vt 0.228318 0.769048
vt 0.228318 0.754082
vt 0.231842 0.754580
vt 0.231842 0.587006
vt 0.228318 0.586979
vt 0.228318 0.601185
vt 0.231842 0.600829
vt 0.231842 0.615758
vt 0.228318 0.616189
vt 0.245736 0.685353
vt 0.251281 0.685394
vt 0.251281 0.693308
vt 0.245736 0.693215
vt 0.245736 0.709290
vt 0.251281 0.709565
vt 0.251281 0.725741
vt 0.245736 0.725282
vt 0.251281 0.742039
vt 0.245736 0.741288
vt 0.245736 0.677492
vt 0.251281 0.677488
vt 0.251281 0.661238
vt 0.245736 0.661395
vt 0.245736 0.645419
vt 0.251281 0.645066
vt 0.245736 0.629407
vt 0.251281 0.628807
vt 0.251281 0.795777
vt 0.251281 0.574348
vt 0.245736 0.792898
vt 0.245736 0.577262
vt 0.245736 0.787103
vt 0.251281 0.789222
vt 0.251281 0.774055
vt 0.245736 0.772591
vt 0.245736 0.757134
vt 0.251281 0.758121
vt 0.251281 0.580967
vt 0.245736 0.583070
vt 0.245736 0.597790
vt 0.251281 0.596370
vt 0.251281 0.612563
vt 0.245736 0.613424
vt 0.463356 0.685539
vt 0.463356 0.691155
vt 0.463356 0.702274
vt 0.463356 0.713140
vt 0.463356 0.723878
vt 0.445059 0.702696
vt 0.450184 0.702676
vt 0.450184 0.725883
vt 0.445059 0.726341
vt 0.450184 0.685446
vt 0.445059 0.685390
vt 0.445059 0.714340
vt 0.450184 0.714184
vt 0.445059 0.691157
vt 0.450184 0.691188
vt 0.437740 0.685309
vt 0.437740 0.691132
vt 0.437740 0.702829
vt 0.437740 0.714748
vt 0.437740 0.726876
vt 0.463356 0.679929
vt 0.463356 0.668828
vt 0.463356 0.657834
vt 0.463356 0.646949
vt 0.445059 0.668065
vt 0.450184 0.668205
vt 0.450184 0.644896
vt 0.445059 0.644394
vt 0.445059 0.656407
vt 0.450184 0.656621
vt 0.445059 0.679620
vt 0.450184 0.679708
vt 0.437740 0.679512
vt 0.437740 0.667871
vt 0.437740 0.655979
vt 0.437740 0.643820
vt 0.463356 0.760155
vt 0.463356 0.610449
vt 0.463356 0.755786
vt 0.463356 0.745250
vt 0.463356 0.734539
vt 0.445059 0.751858
vt 0.450184 0.750470
vt 0.450184 0.770410
vt 0.450184 0.599980
vt 0.445059 0.771485
vt 0.445059 0.598927
vt 0.445059 0.738835
vt 0.450184 0.737908
vt 0.445059 0.765126
vt 0.450184 0.763394
vt 0.437740 0.774941
vt 0.437740 0.595748
vt 0.437740 0.767977
vt 0.437740 0.753538
vt 0.437740 0.739744
vt 0.463356 0.614896
vt 0.463356 0.625321
vt 0.463356 0.636159
vt 0.445059 0.618928
vt 0.450184 0.620191
vt 0.445059 0.631955
vt 0.450184 0.632796
vt 0.445059 0.605419
vt 0.450184 0.607179
vt 0.437740 0.603153
vt 0.437740 0.617630
vt 0.437740 0.631210
vt 0.424845 0.685430
vt 0.424845 0.691294
vt 0.424845 0.703263
vt 0.424845 0.715344
vt 0.424845 0.727908
vt 0.424845 0.679604
vt 0.424845 0.667713
vt 0.424845 0.655704
vt 0.424845 0.643284
vt 0.424845 0.771896
vt 0.424845 0.599076
vt 0.424845 0.766272
vt 0.424845 0.753838
vt 0.424845 0.740923
vt 0.424845 0.604746
vt 0.424845 0.617218
vt 0.424845 0.630180
vt 0.429744 0.603417
vt 0.429744 0.655903
vt 0.429744 0.703022
vt 0.429744 0.630369
vt 0.429744 0.715066
vt 0.429744 0.616804
vt 0.429744 0.767659
vt 0.429744 0.773910
vt 0.429744 0.597377
vt 0.429744 0.754268
vt 0.429744 0.727580
vt 0.429744 0.679561
vt 0.429744 0.685311
vt 0.429744 0.667790
vt 0.429744 0.691122
vt 0.429744 0.740717
vt 0.429744 0.643540
vt 0.409876 0.685558
vt 0.409876 0.691554
vt 0.409876 0.703540
vt 0.409876 0.715477
vt 0.409876 0.727699
vt 0.409876 0.679582
vt 0.409876 0.667565
vt 0.409876 0.655473
vt 0.409876 0.643370
vt 0.409876 0.766458
vt 0.409876 0.604028
vt 0.409876 0.761658
vt 0.409876 0.751102
vt 0.409876 0.739703
vt 0.409876 0.609061
vt 0.409876 0.619781
vt 0.409876 0.631250
vt 0.273284 0.709756
vt 0.273284 0.742791
vt 0.273284 0.685320
vt 0.273284 0.726157
vt 0.273284 0.693513
vt 0.273284 0.660799
vt 0.273284 0.627813
vt 0.273284 0.644452
vt 0.273284 0.677115
vt 0.273284 0.776381
vt 0.273284 0.802430
vt 0.273284 0.568126
vt 0.273284 0.759557
vt 0.273284 0.793497
vt 0.273284 0.594215
vt 0.273284 0.611043
vt 0.273284 0.577084
vt 0.278950 0.660776
vt 0.279192 0.660765
vt 0.278950 0.644493
vt 0.279192 0.644478
vt 0.278950 0.628024
vt 0.279192 0.628022
vt 0.278950 0.801351
vt 0.278950 0.569248
vt 0.279192 0.801189
vt 0.279192 0.569414
vt 0.278950 0.594649
vt 0.279192 0.594670
vt 0.278950 0.611392
vt 0.279192 0.611406
vt 0.278950 0.577754
vt 0.279192 0.577788
vt 0.328284 0.685590
vt 0.328284 0.692899
vt 0.328284 0.707605
vt 0.328284 0.722395
vt 0.328284 0.737227
vt 0.328284 0.678250
vt 0.328284 0.663506
vt 0.328284 0.648774
vt 0.328284 0.633931
vt 0.328284 0.788891
vt 0.328284 0.581725
vt 0.328284 0.782073
vt 0.328284 0.767160
vt 0.328284 0.752153
vt 0.328284 0.588706
vt 0.328284 0.603883
vt 0.328284 0.618971
vt 0.359708 0.685581
vt 0.359708 0.692320
vt 0.359708 0.705815
vt 0.359708 0.719299
vt 0.359708 0.732720
vt 0.359708 0.678844
vt 0.359708 0.665360
vt 0.359708 0.651868
vt 0.359708 0.638361
vt 0.359708 0.780054
vt 0.359708 0.590785
vt 0.359708 0.772658
vt 0.359708 0.759283
vt 0.359708 0.746086
vt 0.359708 0.598165
vt 0.359708 0.611570
vt 0.359708 0.624903
vt 0.393231 0.685550
vt 0.393231 0.691653
vt 0.393231 0.703948
vt 0.393231 0.716116
vt 0.393231 0.728324
vt 0.393231 0.679447
vt 0.393231 0.667145
vt 0.393231 0.654863
vt 0.393231 0.642581
vt 0.393231 0.767335
vt 0.393231 0.603780
vt 0.393231 0.762314
vt 0.393231 0.751599
vt 0.393231 0.740182
vt 0.393231 0.608687
vt 0.393231 0.619338
vt 0.393231 0.630721
vt 0.341862 0.621571
vt 0.341862 0.650122
vt 0.341862 0.635923
vt 0.341862 0.606981
vt 0.341862 0.664308
vt 0.341862 0.786049
vt 0.341862 0.584550
vt 0.341862 0.592203
vt 0.341862 0.678493
vt 0.341862 0.685583
vt 0.341862 0.763949
vt 0.341862 0.706871
vt 0.341862 0.749519
vt 0.341862 0.721077
vt 0.341862 0.778362
vt 0.341862 0.692678
vt 0.341862 0.735296
vt 0.316986 0.587043
vt 0.316986 0.647454
vt 0.316986 0.662611
vt 0.316986 0.685311
vt 0.316986 0.783879
vt 0.316986 0.708159
vt 0.316986 0.753931
vt 0.316986 0.632246
vt 0.316986 0.677797
vt 0.316986 0.617066
vt 0.316986 0.601936
vt 0.316986 0.692870
vt 0.316986 0.791025
vt 0.316986 0.579823
vt 0.316986 0.769121
vt 0.316986 0.738737
vt 0.316986 0.723529
vt 0.458569 0.685515
vt 0.456552 0.685511
vt 0.456552 0.691165
vt 0.458569 0.691160
vt 0.458569 0.702475
vt 0.456552 0.702528
vt 0.456552 0.713849
vt 0.458569 0.713660
vt 0.456552 0.725099
vt 0.458569 0.724757
vt 0.452985 0.685484
vt 0.452985 0.691190
vt 0.452985 0.702617
vt 0.452985 0.714079
vt 0.452985 0.725588
vt 0.442568 0.685358
vt 0.440604 0.685338
vt 0.440604 0.691139
vt 0.442568 0.691144
vt 0.442568 0.702700
vt 0.440604 0.702728
vt 0.440604 0.714544
vt 0.442568 0.714416
vt 0.440604 0.726651
vt 0.442568 0.726525
vt 0.435832 0.685282
vt 0.435832 0.691107
vt 0.435832 0.702876
vt 0.435832 0.714805
vt 0.435832 0.727065
vt 0.458569 0.679890
vt 0.456552 0.679831
vt 0.456552 0.668392
vt 0.458569 0.668500
vt 0.458569 0.657233
vt 0.456552 0.657028
vt 0.458569 0.646035
vt 0.456552 0.645699
vt 0.452985 0.679752
vt 0.452985 0.668278
vt 0.452985 0.656749
vt 0.452985 0.645196
vt 0.442568 0.679571
vt 0.440604 0.679543
vt 0.440604 0.667966
vt 0.442568 0.668003
vt 0.442568 0.656294
vt 0.440604 0.656158
vt 0.442568 0.644174
vt 0.440604 0.644019
vt 0.435832 0.679506
vt 0.435832 0.667810
vt 0.435832 0.655959
vt 0.435832 0.643768
vt 0.456552 0.765511
vt 0.456552 0.605072
vt 0.458569 0.763286
vt 0.458569 0.607349
vt 0.458569 0.758530
vt 0.456552 0.759894
vt 0.456552 0.748292
vt 0.458569 0.747458
vt 0.458569 0.736019
vt 0.456552 0.736537
vt 0.452985 0.767965
vt 0.452985 0.602566
vt 0.452985 0.762065
vt 0.452985 0.749594
vt 0.452985 0.737350
vt 0.440604 0.774270
vt 0.440604 0.596312
vt 0.442568 0.772788
vt 0.442568 0.597719
vt 0.442568 0.766233
vt 0.440604 0.767090
vt 0.440604 0.753018
vt 0.442568 0.752522
vt 0.442568 0.739216
vt 0.440604 0.739428
vt 0.435832 0.775837
vt 0.435832 0.594909
vt 0.435832 0.768219
vt 0.435832 0.753794
vt 0.435832 0.740002
vt 0.456552 0.610686
vt 0.458569 0.612069
vt 0.458569 0.623148
vt 0.456552 0.622324
vt 0.456552 0.634124
vt 0.458569 0.634666
vt 0.452985 0.608493
vt 0.452985 0.621038
vt 0.452985 0.633319
vt 0.440604 0.603825
vt 0.442568 0.604469
vt 0.442568 0.618398
vt 0.440604 0.618009
vt 0.440604 0.631435
vt 0.442568 0.631606
vt 0.435832 0.602887
vt 0.435832 0.617337
vt 0.435832 0.630993
vt 0.282786 0.685260
vt 0.281100 0.685273
vt 0.281940 0.685266
vt 0.281100 0.693406
vt 0.282786 0.693348
vt 0.281940 0.693383
vt 0.282786 0.709616
vt 0.281100 0.709662
vt 0.281940 0.709642
vt 0.281100 0.726009
vt 0.282786 0.725945
vt 0.281940 0.725982
vt 0.281100 0.742494
vt 0.282786 0.742428
vt 0.281940 0.742460
vt 0.278950 0.685289
vt 0.279192 0.685290
vt 0.276765 0.685305
vt 0.276765 0.693500
vt 0.278950 0.693469
vt 0.279192 0.693483
vt 0.278950 0.709693
vt 0.279192 0.709706
vt 0.276765 0.709708
vt 0.276765 0.726081
vt 0.278950 0.726057
vt 0.279192 0.726070
vt 0.276765 0.742662
vt 0.278950 0.742573
vt 0.279192 0.742582
vt 0.282786 0.677162
vt 0.281100 0.677121
vt 0.281940 0.677136
vt 0.281100 0.660821
vt 0.282786 0.660874
vt 0.281940 0.660846
vt 0.282786 0.644549
vt 0.281100 0.644513
vt 0.281940 0.644529
vt 0.282786 0.628209
vt 0.281100 0.628105
vt 0.281940 0.628151
vt 0.278950 0.677081
vt 0.279192 0.677067
vt 0.276765 0.677085
vt 0.276765 0.660766
vt 0.276765 0.644487
vt 0.276765 0.627931
vt 0.281100 0.800278
vt 0.281100 0.570318
vt 0.282786 0.798980
vt 0.282786 0.571616
vt 0.281940 0.799703
vt 0.281940 0.570893
vt 0.282786 0.791854
vt 0.281100 0.792448
vt 0.281940 0.792162
vt 0.281100 0.775677
vt 0.282786 0.775373
vt 0.281940 0.775531
vt 0.282786 0.758844
vt 0.281100 0.759025
vt 0.281940 0.758936
vt 0.276765 0.801923
vt 0.276765 0.568678
vt 0.278950 0.792929
vt 0.279192 0.792919
vt 0.276765 0.793188
vt 0.276765 0.776216
vt 0.278950 0.775977
vt 0.279192 0.775955
vt 0.278950 0.759245
vt 0.279192 0.759212
vt 0.276765 0.759409
vt 0.281100 0.578234
vt 0.282786 0.578795
vt 0.281940 0.578505
vt 0.282786 0.595255
vt 0.281100 0.594948
vt 0.281940 0.595095
vt 0.281100 0.611582
vt 0.282786 0.611776
vt 0.281940 0.611676
vt 0.276765 0.577423
vt 0.276765 0.594402
vt 0.276765 0.611219
vt 0.321495 0.632883
vt 0.319449 0.632585
vt 0.321495 0.678016
vt 0.319449 0.677911
vt 0.319449 0.587140
vt 0.321495 0.587344
vt 0.319449 0.647766
vt 0.321495 0.648014
vt 0.321495 0.617751
vt 0.319449 0.617426
vt 0.319449 0.662886
vt 0.321495 0.663062
vt 0.321495 0.602584
vt 0.319449 0.602263
vt 0.321495 0.692940
vt 0.319449 0.692921
vt 0.319449 0.685413
vt 0.321495 0.685489
vt 0.321495 0.790252
vt 0.321495 0.580499
vt 0.319449 0.790830
vt 0.319449 0.579974
vt 0.319449 0.783856
vt 0.321495 0.783598
vt 0.319449 0.708015
vt 0.321495 0.707912
vt 0.321495 0.768576
vt 0.319449 0.768858
vt 0.321495 0.738177
vt 0.319449 0.738437
vt 0.321495 0.723059
vt 0.319449 0.723266
vt 0.319449 0.753678
vt 0.321495 0.753396
vt 0.311508 0.685193
vt 0.307962 0.685192
vt 0.307962 0.692910
vt 0.311508 0.692850
vt 0.311508 0.708427
vt 0.307962 0.708582
vt 0.307962 0.724274
vt 0.311508 0.724052
vt 0.307962 0.739805
vt 0.311508 0.739411
vt 0.311508 0.677601
vt 0.307962 0.677511
vt 0.307962 0.661941
vt 0.311508 0.662135
vt 0.311508 0.646803
vt 0.307962 0.646490
vt 0.311508 0.631527
vt 0.307962 0.631092
vt 0.307962 0.789177
vt 0.307962 0.581589
vt 0.311508 0.789907
vt 0.311508 0.580846
vt 0.311508 0.783621
vt 0.307962 0.783555
vt 0.307962 0.769925
vt 0.311508 0.769611
vt 0.311508 0.754541
vt 0.307962 0.755024
vt 0.307962 0.587269
vt 0.311508 0.587209
vt 0.311508 0.601372
vt 0.307962 0.601018
vt 0.307962 0.615879
vt 0.311508 0.616349
vt 0.293952 0.685188
vt 0.288373 0.685223
vt 0.288373 0.693143
vt 0.293952 0.693070
vt 0.293952 0.709168
vt 0.288373 0.709404
vt 0.288373 0.725623
vt 0.293952 0.725224
vt 0.288373 0.742007
vt 0.293952 0.741353
vt 0.293952 0.677329
vt 0.288373 0.677305
vt 0.288373 0.661060
vt 0.293952 0.661278
vt 0.293952 0.645313
vt 0.288373 0.644867
vt 0.293952 0.629363
vt 0.288373 0.628724
vt 0.288373 0.795920
vt 0.288373 0.574649
vt 0.293952 0.793066
vt 0.293952 0.577579
vt 0.293952 0.787300
vt 0.288373 0.789359
vt 0.288373 0.774151
vt 0.293952 0.772808
vt 0.293952 0.757280
vt 0.288373 0.758150
vt 0.288373 0.581181
vt 0.293952 0.583287
vt 0.293952 0.597946
vt 0.288373 0.596511
vt 0.288373 0.612529
vt 0.293952 0.613461
vt 0.522223 0.554497
vt 0.522277 0.595160
vt 0.522242 0.607812
vt 0.522237 0.619940
vt 0.511316 0.553905
vt 0.517531 0.554452
vt 0.505982 0.553108
vt 0.475464 0.601706
vt 0.569120 0.601949
vt 0.477730 0.611519
vt 0.566812 0.611808
vt 0.474634 0.620783
vt 0.569874 0.621183
vt 0.521684 0.506400
vt 0.521684 0.506400
vt 0.521684 0.506400
vt 0.521710 0.507734
vt 0.521710 0.507734
vt 0.519424 0.506831
vt 0.519424 0.506831
vt 0.519415 0.508667
vt 0.519415 0.508667
vt 0.514611 0.514202
vt 0.515396 0.516091
vt 0.515396 0.516091
vt 0.496105 0.542366
vt 0.497491 0.543082
vt 0.497491 0.543082
vt 0.502322 0.528653
vt 0.502322 0.528653
vt 0.503527 0.529441
vt 0.503527 0.529441
vt 0.492481 0.549154
vt 0.492481 0.549154
vt 0.495264 0.551753
vt 0.495264 0.551753
vt 0.495264 0.551753
vt 0.489396 0.551039
vt 0.490523 0.552510
vt 0.490523 0.552510
vt 0.484651 0.585861
vt 0.486429 0.584326
vt 0.486429 0.584326
vt 0.498889 0.595445
vt 0.498889 0.595445
vt 0.498889 0.595445
vt 0.501275 0.594287
vt 0.501275 0.594287
vt 0.501275 0.594287
vt 0.501278 0.608989
vt 0.501278 0.608989
vt 0.503550 0.608709
vt 0.503550 0.608709
vt 0.499433 0.622723
vt 0.499433 0.622723
vt 0.501828 0.622887
vt 0.501828 0.622887
vt 0.497382 0.628865
vt 0.497382 0.628865
vt 0.499125 0.629052
vt 0.499125 0.629052
vt 0.521732 0.671374
vt 0.521732 0.671374
vt 0.521701 0.672919
vt 0.521701 0.672919
vt 0.515979 0.670615
vt 0.515979 0.670615
vt 0.515659 0.672120
vt 0.515659 0.672120
vt 0.510543 0.668458
vt 0.510543 0.668458
vt 0.509923 0.669862
vt 0.509923 0.669862
vt 0.505715 0.665094
vt 0.505715 0.665094
vt 0.504835 0.666351
vt 0.504835 0.666351
vt 0.501735 0.660679
vt 0.501735 0.660679
vt 0.500634 0.661748
vt 0.500634 0.661748
vt 0.498787 0.655391
vt 0.498787 0.655391
vt 0.497520 0.656254
vt 0.497520 0.656254
vt 0.497024 0.649435
vt 0.497024 0.649435
vt 0.495621 0.650064
vt 0.495621 0.650064
vt 0.496504 0.642984
vt 0.496504 0.642984
vt 0.495009 0.643389
vt 0.495009 0.643389
vt 0.497216 0.636184
vt 0.497216 0.636184
vt 0.495627 0.636349
vt 0.495627 0.636349
vt 0.509273 0.633132
vt 0.507607 0.632185
vt 0.507607 0.632185
vt 0.521923 0.661988
vt 0.521891 0.663526
vt 0.521891 0.663526
vt 0.517999 0.661379
vt 0.517668 0.662865
vt 0.517668 0.662865
vt 0.514320 0.659796
vt 0.513714 0.661196
vt 0.513714 0.661196
vt 0.511096 0.657323
vt 0.510233 0.658587
vt 0.510233 0.658587
vt 0.508513 0.654088
vt 0.507419 0.655165
vt 0.507419 0.655165
vt 0.506722 0.650253
vt 0.505428 0.651092
vt 0.505428 0.651092
vt 0.505835 0.646010
vt 0.504383 0.646551
vt 0.504383 0.646551
vt 0.505924 0.641575
vt 0.504358 0.641740
vt 0.504358 0.641740
vt 0.507044 0.637185
vt 0.505412 0.636869
vt 0.505412 0.636869
vt 0.511164 0.628603
vt 0.511164 0.628603
vt 0.512733 0.629854
vt 0.517202 0.627623
vt 0.515390 0.626466
vt 0.515390 0.626466
vt 0.522176 0.624988
vt 0.522176 0.624988
vt 0.522241 0.626600
vt 0.517168 0.534260
vt 0.516889 0.532446
vt 0.516889 0.532446
vt 0.522200 0.548007
vt 0.522204 0.549441
vt 0.522204 0.549441
vt 0.520210 0.547648
vt 0.520127 0.549185
vt 0.520127 0.549185
vt 0.518389 0.546815
vt 0.518177 0.548391
vt 0.518177 0.548391
vt 0.516883 0.545506
vt 0.516133 0.546800
vt 0.516133 0.546800
vt 0.515800 0.543763
vt 0.514378 0.543777
vt 0.514378 0.543777
vt 0.515131 0.541773
vt 0.513598 0.541232
vt 0.513598 0.541232
vt 0.515018 0.539654
vt 0.513667 0.539199
vt 0.513667 0.539199
vt 0.515438 0.537514
vt 0.514289 0.536493
vt 0.514289 0.536493
vt 0.516163 0.535614
vt 0.515026 0.534650
vt 0.515026 0.534650
vt 0.518166 0.531413
vt 0.518166 0.531413
vt 0.518541 0.533225
vt 0.520239 0.532546
vt 0.520055 0.530733
vt 0.520055 0.530733
vt 0.522083 0.530440
vt 0.522083 0.530440
vt 0.522105 0.532192
vt 0.490256 0.563280
vt 0.489307 0.561215
vt 0.489307 0.561215
vt 0.491726 0.578890
vt 0.491726 0.578890
vt 0.492811 0.577369
vt 0.490868 0.576620
vt 0.489918 0.577982
vt 0.489918 0.577982
vt 0.489316 0.575355
vt 0.487056 0.575693
vt 0.487056 0.575693
vt 0.487996 0.573767
vt 0.485985 0.574163
vt 0.485985 0.574163
vt 0.487098 0.571924
vt 0.485279 0.572399
vt 0.485279 0.572399
vt 0.486698 0.569954
vt 0.484925 0.570552
vt 0.484925 0.570552
vt 0.486837 0.567985
vt 0.485045 0.567078
vt 0.485045 0.567078
vt 0.487524 0.566147
vt 0.486362 0.564075
vt 0.486362 0.564075
vt 0.488654 0.564533
vt 0.487671 0.562571
vt 0.487671 0.562571
vt 0.490932 0.560399
vt 0.490932 0.560399
vt 0.491839 0.562584
vt 0.493249 0.562331
vt 0.492985 0.560041
vt 0.492985 0.560041
vt 0.494974 0.562455
vt 0.494932 0.560084
vt 0.494932 0.560084
vt 0.500855 0.563712
vt 0.500855 0.563712
vt 0.499362 0.564693
vt 0.493638 0.579270
vt 0.493638 0.579270
vt 0.494775 0.577588
vt 0.497351 0.578920
vt 0.497351 0.578920
vt 0.496731 0.577141
vt 0.499188 0.578001
vt 0.499188 0.578001
vt 0.498544 0.576218
vt 0.501131 0.576680
vt 0.501131 0.576680
vt 0.500047 0.574782
vt 0.502581 0.573753
vt 0.502581 0.573753
vt 0.501111 0.572908
vt 0.503161 0.570275
vt 0.503161 0.570275
vt 0.501503 0.570759
vt 0.502840 0.567821
vt 0.502840 0.567821
vt 0.501224 0.568523
vt 0.501971 0.565534
vt 0.501971 0.565534
vt 0.500384 0.566394
vt 0.498228 0.563530
vt 0.499214 0.561761
vt 0.499214 0.561761
vt 0.496823 0.560568
vt 0.496823 0.560568
vt 0.496797 0.562825
vt 0.500049 0.535955
vt 0.500049 0.535955
vt 0.498705 0.535280
vt 0.498705 0.535280
vt 0.521561 0.499541
vt 0.521593 0.501652
vt 0.521593 0.501652
vt 0.521593 0.501652
vt 0.514660 0.502558
vt 0.516630 0.502946
vt 0.516630 0.502946
vt 0.508192 0.510415
vt 0.510258 0.510491
vt 0.490197 0.539221
vt 0.491497 0.540156
vt 0.491497 0.540156
vt 0.496497 0.524743
vt 0.497884 0.525924
vt 0.497884 0.525924
vt 0.485382 0.542838
vt 0.485382 0.542838
vt 0.486833 0.544281
vt 0.486833 0.544281
vt 0.486833 0.544281
vt 0.483548 0.545462
vt 0.485083 0.546760
vt 0.479204 0.589653
vt 0.480386 0.588756
vt 0.480386 0.588756
vt 0.491095 0.598658
vt 0.491095 0.598658
vt 0.491095 0.598658
vt 0.492726 0.598072
vt 0.492726 0.598072
vt 0.492726 0.598072
vt 0.492726 0.598072
vt 0.492378 0.610376
vt 0.492378 0.610376
vt 0.494352 0.610101
vt 0.494352 0.610101
vt 0.489966 0.624161
vt 0.489966 0.624161
vt 0.492151 0.623630
vt 0.492151 0.623630
vt 0.489766 0.630316
vt 0.489766 0.630316
vt 0.491522 0.629655
vt 0.491522 0.629655
vt 0.521596 0.678203
vt 0.521596 0.678203
vt 0.521568 0.679735
vt 0.521568 0.679735
vt 0.514451 0.676983
vt 0.514451 0.676983
vt 0.514111 0.678464
vt 0.514111 0.678464
vt 0.507786 0.674383
vt 0.507786 0.674383
vt 0.507176 0.675781
vt 0.507176 0.675781
vt 0.501881 0.670396
vt 0.501881 0.670396
vt 0.501023 0.671665
vt 0.501023 0.671665
vt 0.496992 0.665200
vt 0.496992 0.665200
vt 0.495919 0.666302
vt 0.495919 0.666302
vt 0.493334 0.659041
vt 0.493334 0.659041
vt 0.492087 0.659955
vt 0.492087 0.659955
vt 0.491036 0.652194
vt 0.491036 0.652194
vt 0.489659 0.652926
vt 0.489659 0.652926
vt 0.490124 0.644929
vt 0.490124 0.644929
vt 0.488652 0.645520
vt 0.488652 0.645520
vt 0.490428 0.637423
vt 0.490428 0.637423
vt 0.488864 0.637966
vt 0.488864 0.637966
vt 0.480845 0.635136
vt 0.480845 0.635136
vt 0.479208 0.635716
vt 0.521433 0.687070
vt 0.521433 0.687070
vt 0.521400 0.688706
vt 0.512825 0.686147
vt 0.512825 0.686147
vt 0.512511 0.687767
vt 0.504590 0.683228
vt 0.504590 0.683228
vt 0.503955 0.684757
vt 0.497137 0.678568
vt 0.497137 0.678568
vt 0.496219 0.679946
vt 0.490849 0.672444
vt 0.490849 0.672444
vt 0.489686 0.673627
vt 0.486009 0.665209
vt 0.486009 0.665209
vt 0.484649 0.666167
vt 0.482775 0.657302
vt 0.482775 0.657302
vt 0.481270 0.658027
vt 0.481122 0.649250
vt 0.481122 0.649250
vt 0.479522 0.649774
vt 0.480742 0.641654
vt 0.480742 0.641654
vt 0.479088 0.642083
vt 0.478700 0.631241
vt 0.480257 0.630428
vt 0.480257 0.630428
vt 0.477841 0.627873
vt 0.477841 0.627873
vt 0.476171 0.628681
vt 0.472193 0.627084
vt 0.572292 0.627526
vt 0.472579 0.625575
vt 0.571903 0.626017
vt 0.472579 0.625575
vt 0.571903 0.626017
vt 0.493963 0.533030
vt 0.493963 0.533030
vt 0.492426 0.532270
vt 0.533146 0.553803
vt 0.526919 0.554419
vt 0.538483 0.552930
vt 0.523956 0.506750
vt 0.523956 0.506750
vt 0.524035 0.508590
vt 0.524035 0.508590
vt 0.529026 0.513973
vt 0.528304 0.515894
vt 0.528304 0.515894
vt 0.548283 0.541965
vt 0.546905 0.542699
vt 0.546905 0.542699
vt 0.541792 0.528219
vt 0.541792 0.528219
vt 0.540610 0.529040
vt 0.540610 0.529040
vt 0.551942 0.548822
vt 0.551942 0.548822
vt 0.549175 0.551455
vt 0.549175 0.551455
vt 0.549175 0.551455
vt 0.555029 0.550737
vt 0.553908 0.552219
vt 0.553908 0.552219
vt 0.559914 0.585741
vt 0.558132 0.584201
vt 0.558132 0.584201
vt 0.545709 0.595431
vt 0.545709 0.595431
vt 0.545709 0.595431
vt 0.543317 0.594260
vt 0.543317 0.594260
vt 0.543317 0.594260
vt 0.543306 0.609050
vt 0.543306 0.609050
vt 0.541038 0.608737
vt 0.541038 0.608737
vt 0.545146 0.622942
vt 0.545146 0.622942
vt 0.542757 0.623035
vt 0.542757 0.623035
vt 0.547157 0.629245
vt 0.547157 0.629245
vt 0.545416 0.629393
vt 0.545416 0.629393
vt 0.527518 0.670851
vt 0.527518 0.670851
vt 0.527776 0.672363
vt 0.527776 0.672363
vt 0.533055 0.668920
vt 0.533055 0.668920
vt 0.533625 0.670345
vt 0.533625 0.670345
vt 0.538032 0.665721
vt 0.538032 0.665721
vt 0.538866 0.667001
vt 0.538866 0.667001
vt 0.542187 0.661405
vt 0.542187 0.661405
vt 0.543249 0.662503
vt 0.543249 0.662503
vt 0.545306 0.656151
vt 0.545306 0.656151
vt 0.546550 0.657038
vt 0.546550 0.657038
vt 0.547230 0.650159
vt 0.547230 0.650159
vt 0.548612 0.650822
vt 0.548612 0.650822
vt 0.547875 0.643626
vt 0.547875 0.643626
vt 0.549361 0.644062
vt 0.549361 0.644062
vt 0.547258 0.636700
vt 0.547258 0.636700
vt 0.548843 0.636897
vt 0.548843 0.636897
vt 0.535227 0.633155
vt 0.536903 0.632283
vt 0.536903 0.632283
vt 0.525870 0.661567
vt 0.526138 0.663062
vt 0.526138 0.663062
vt 0.529611 0.660158
vt 0.530164 0.661572
vt 0.530164 0.661572
vt 0.532931 0.657827
vt 0.533753 0.659105
vt 0.533753 0.659105
vt 0.535633 0.654686
vt 0.536696 0.655773
vt 0.536696 0.655773
vt 0.537551 0.650882
vt 0.538817 0.651725
vt 0.538817 0.651725
vt 0.538551 0.646597
vt 0.539978 0.647141
vt 0.539978 0.647141
vt 0.538539 0.642043
vt 0.540083 0.642222
vt 0.540083 0.642222
vt 0.537463 0.637475
vt 0.539078 0.637189
vt 0.539078 0.637189
vt 0.533393 0.628414
vt 0.533393 0.628414
vt 0.531772 0.629525
vt 0.527332 0.626894
vt 0.529167 0.625865
vt 0.529167 0.625865
vt 0.527109 0.534147
vt 0.527336 0.532329
vt 0.527336 0.532329
vt 0.524189 0.547646
vt 0.524279 0.549178
vt 0.524279 0.549178
vt 0.526004 0.546805
vt 0.526231 0.548373
vt 0.526231 0.548373
vt 0.527499 0.545481
vt 0.528275 0.546761
vt 0.528275 0.546761
vt 0.528572 0.543751
vt 0.530009 0.543692
vt 0.530009 0.543692
vt 0.529246 0.541688
vt 0.530778 0.541114
vt 0.530778 0.541114
vt 0.529351 0.539537
vt 0.530692 0.539062
vt 0.530692 0.539062
vt 0.528908 0.537381
vt 0.530027 0.536342
vt 0.530027 0.536342
vt 0.528146 0.535479
vt 0.529256 0.534499
vt 0.529256 0.534499
vt 0.526028 0.531324
vt 0.526028 0.531324
vt 0.525702 0.533146
vt 0.523982 0.532510
vt 0.524120 0.530687
vt 0.524120 0.530687
vt 0.554226 0.563060
vt 0.555163 0.560981
vt 0.555163 0.560981
vt 0.552818 0.578750
vt 0.552818 0.578750
vt 0.551728 0.577226
vt 0.553668 0.576466
vt 0.554622 0.577832
vt 0.554622 0.577832
vt 0.555214 0.575190
vt 0.557473 0.575522
vt 0.557473 0.575522
vt 0.556527 0.573590
vt 0.558539 0.573981
vt 0.558539 0.573981
vt 0.557418 0.571734
vt 0.559238 0.572207
vt 0.559238 0.572207
vt 0.557810 0.569754
vt 0.559584 0.570350
vt 0.559584 0.570350
vt 0.557663 0.567776
vt 0.559451 0.566860
vt 0.559451 0.566860
vt 0.556968 0.565932
vt 0.558121 0.563847
vt 0.558121 0.563847
vt 0.555833 0.564314
vt 0.556805 0.562338
vt 0.556805 0.562338
vt 0.553534 0.560165
vt 0.553534 0.560165
vt 0.552640 0.562367
vt 0.551231 0.562118
vt 0.551483 0.559813
vt 0.551483 0.559813
vt 0.549509 0.562251
vt 0.549540 0.559864
vt 0.549540 0.559864
vt 0.543641 0.563547
vt 0.543641 0.563547
vt 0.545135 0.564525
vt 0.550910 0.579139
vt 0.550910 0.579139
vt 0.549766 0.577454
vt 0.547194 0.578803
vt 0.547194 0.578803
vt 0.547809 0.577014
vt 0.545355 0.577889
vt 0.545355 0.577889
vt 0.545993 0.576095
vt 0.543407 0.576572
vt 0.543407 0.576572
vt 0.544486 0.574660
vt 0.541949 0.573641
vt 0.541949 0.573641
vt 0.543415 0.572785
vt 0.541358 0.570153
vt 0.541358 0.570153
vt 0.543016 0.570629
vt 0.541669 0.567687
vt 0.541669 0.567687
vt 0.543287 0.568381
vt 0.542530 0.565385
vt 0.542530 0.565385
vt 0.544120 0.566239
vt 0.546263 0.563349
vt 0.545274 0.561576
vt 0.545274 0.561576
vt 0.547654 0.560360
vt 0.547654 0.560360
vt 0.547689 0.562632
vt 0.544238 0.535540
vt 0.544238 0.535540
vt 0.545572 0.534834
vt 0.545572 0.534834
vt 0.528563 0.502313
vt 0.526606 0.502769
vt 0.526606 0.502769
vt 0.535321 0.510007
vt 0.533256 0.510138
vt 0.554170 0.538775
vt 0.552875 0.539714
vt 0.552875 0.539714
vt 0.547504 0.524148
vt 0.546154 0.525370
vt 0.546154 0.525370
vt 0.559008 0.542493
vt 0.559008 0.542493
vt 0.557554 0.543928
vt 0.557554 0.543928
vt 0.557554 0.543928
vt 0.560850 0.545139
vt 0.559317 0.546439
vt 0.565377 0.589526
vt 0.564190 0.588631
vt 0.564190 0.588631
vt 0.553522 0.598692
vt 0.553522 0.598692
vt 0.553522 0.598692
vt 0.551890 0.598100
vt 0.551890 0.598100
vt 0.551890 0.598100
vt 0.551890 0.598100
vt 0.552182 0.610549
vt 0.552182 0.610549
vt 0.550216 0.610249
vt 0.550216 0.610249
vt 0.554562 0.624560
vt 0.554562 0.624560
vt 0.552389 0.623997
vt 0.552389 0.623997
vt 0.554744 0.630836
vt 0.554744 0.630836
vt 0.552996 0.630147
vt 0.552996 0.630147
vt 0.528783 0.677255
vt 0.528783 0.677255
vt 0.529091 0.678768
vt 0.529091 0.678768
vt 0.535585 0.674940
vt 0.535585 0.674940
vt 0.536144 0.676327
vt 0.536144 0.676327
vt 0.541675 0.671127
vt 0.541675 0.671127
vt 0.542488 0.672418
vt 0.542488 0.672418
vt 0.546775 0.666046
vt 0.546775 0.666046
vt 0.547811 0.667176
vt 0.547811 0.667176
vt 0.550651 0.659923
vt 0.550651 0.659923
vt 0.551869 0.660868
vt 0.551869 0.660868
vt 0.553141 0.653045
vt 0.553141 0.653045
vt 0.554499 0.653806
vt 0.554499 0.653806
vt 0.554213 0.645693
vt 0.554213 0.645693
vt 0.555675 0.646312
vt 0.555675 0.646312
vt 0.554026 0.638065
vt 0.554026 0.638065
vt 0.555584 0.638631
vt 0.555584 0.638631
vt 0.563628 0.635756
vt 0.563628 0.635756
vt 0.565264 0.636345
vt 0.530080 0.686484
vt 0.530080 0.686484
vt 0.530330 0.688114
vt 0.538454 0.683858
vt 0.538454 0.683858
vt 0.539031 0.685409
vt 0.546113 0.679440
vt 0.546113 0.679440
vt 0.546983 0.680849
vt 0.552665 0.673468
vt 0.552665 0.673468
vt 0.553788 0.674687
vt 0.557778 0.666288
vt 0.557778 0.666288
vt 0.559110 0.667283
vt 0.561265 0.658345
vt 0.561265 0.658345
vt 0.562751 0.659106
vt 0.563124 0.650185
vt 0.563124 0.650185
vt 0.564713 0.650741
vt 0.563652 0.642436
vt 0.563652 0.642436
vt 0.565299 0.642887
vt 0.565778 0.631748
vt 0.564222 0.630936
vt 0.564222 0.630936
vt 0.566634 0.628334
vt 0.566634 0.628334
vt 0.568308 0.629138
vt 0.550283 0.532499
vt 0.550283 0.532499
vt 0.551810 0.531717
vt 0.474193 0.568143
vt 0.475635 0.562056
vt 0.476550 0.568289
vt 0.476550 0.568289
vt 0.477790 0.562396
vt 0.477790 0.562396
vt 0.468680 0.560964
vt 0.467020 0.569214
vt 0.470480 0.561364
vt 0.468805 0.568873
vt 0.468805 0.568873
vt 0.568839 0.561798
vt 0.570303 0.567904
vt 0.566684 0.562142
vt 0.566684 0.562142
vt 0.567948 0.568055
vt 0.567948 0.568055
vt 0.577481 0.568961
vt 0.575793 0.560695
vt 0.575695 0.568623
vt 0.575695 0.568623
vt 0.573993 0.561098
vt 0.478434 0.557584
vt 0.482084 0.554656
vt 0.482084 0.554656
vt 0.479928 0.558692
vt 0.479928 0.558692
vt 0.483577 0.555749
vt 0.483577 0.555749
vt 0.476918 0.550112
vt 0.472003 0.555246
vt 0.478371 0.551830
vt 0.474209 0.555802
vt 0.562357 0.554377
vt 0.562357 0.554377
vt 0.566021 0.557313
vt 0.560867 0.555475
vt 0.560867 0.555475
vt 0.564530 0.558426
vt 0.564530 0.558426
vt 0.572449 0.554966
vt 0.567510 0.549819
vt 0.570243 0.555524
vt 0.566060 0.551540
vt 0.477330 0.578742
vt 0.474710 0.573161
vt 0.479585 0.577746
vt 0.479585 0.577746
vt 0.476962 0.572340
vt 0.476962 0.572340
vt 0.467857 0.575203
vt 0.471557 0.582529
vt 0.469569 0.574873
vt 0.469569 0.574873
vt 0.472759 0.581411
vt 0.472759 0.581411
vt 0.569805 0.572941
vt 0.567206 0.578553
vt 0.567551 0.572123
vt 0.567551 0.572123
vt 0.564949 0.577561
vt 0.564949 0.577561
vt 0.572991 0.582330
vt 0.576665 0.574969
vt 0.571785 0.581215
vt 0.571785 0.581215
vt 0.574952 0.574644
vt 0.574952 0.574644
vt 0.512027 0.567255
vt 0.511563 0.594976
vt 0.513884 0.620369
vt 0.512362 0.608117
vt 0.512076 0.575381
vt 0.532480 0.567187
vt 0.533008 0.594947
vt 0.532177 0.608050
vt 0.532461 0.575327
vt 0.530639 0.620098
vt 0.522252 0.567704
vt 0.522266 0.575463
vt 0.559403 0.611129
vt 0.563516 0.622833
vt 0.561435 0.599862
vt 0.480992 0.622439
vt 0.483159 0.599682
vt 0.485144 0.610885
vt 0.522223 0.554497
vt 0.522277 0.595160
vt 0.522242 0.607812
vt 0.522237 0.619940
vt 0.511316 0.553905
vt 0.517531 0.554452
vt 0.505982 0.553108
vt 0.475464 0.601706
vt 0.569120 0.601949
vt 0.477730 0.611519
vt 0.566812 0.611808
vt 0.474634 0.620783
vt 0.569874 0.621183
vt 0.521684 0.506400
vt 0.521684 0.506400
vt 0.521684 0.506400
vt 0.521710 0.507734
vt 0.521710 0.507734
vt 0.519424 0.506831
vt 0.519424 0.506831
vt 0.519415 0.508667
vt 0.519415 0.508667
vt 0.514611 0.514202
vt 0.515396 0.516091
vt 0.515396 0.516091
vt 0.496105 0.542366
vt 0.497491 0.543082
vt 0.497491 0.543082
vt 0.502322 0.528653
vt 0.502322 0.528653
vt 0.503527 0.529441
vt 0.503527 0.529441
vt 0.492481 0.549154
vt 0.492481 0.549154
vt 0.495264 0.551753
vt 0.495264 0.551753
vt 0.495264 0.551753
vt 0.489396 0.551039
vt 0.490523 0.552510
vt 0.490523 0.552510
vt 0.484651 0.585861
vt 0.486429 0.584326
vt 0.486429 0.584326
vt 0.498889 0.595445
vt 0.498889 0.595445
vt 0.498889 0.595445
vt 0.501275 0.594287
vt 0.501275 0.594287
vt 0.501275 0.594287
vt 0.501278 0.608989
vt 0.501278 0.608989
vt 0.503550 0.608709
vt 0.503550 0.608709
vt 0.499433 0.622723
vt 0.499433 0.622723
vt 0.501828 0.622887
vt 0.501828 0.622887
vt 0.497382 0.628865
vt 0.497382 0.628865
vt 0.499125 0.629052
vt 0.499125 0.629052
vt 0.521732 0.671374
vt 0.521732 0.671374
vt 0.521701 0.672919
vt 0.521701 0.672919
vt 0.515979 0.670615
vt 0.515979 0.670615
vt 0.515659 0.672120
vt 0.515659 0.672120
vt 0.510543 0.668458
vt 0.510543 0.668458
vt 0.509923 0.669862
vt 0.509923 0.669862
vt 0.505715 0.665094
vt 0.505715 0.665094
vt 0.504835 0.666351
vt 0.504835 0.666351
vt 0.501735 0.660679
vt 0.501735 0.660679
vt 0.500634 0.661748
vt 0.500634 0.661748
vt 0.498787 0.655391
vt 0.498787 0.655391
vt 0.497520 0.656254
vt 0.497520 0.656254
vt 0.497024 0.649435
vt 0.497024 0.649435
vt 0.495621 0.650064
vt 0.495621 0.650064
vt 0.496504 0.642984
vt 0.496504 0.642984
vt 0.495009 0.643389
vt 0.495009 0.643389
vt 0.497216 0.636184
vt 0.497216 0.636184
vt 0.495627 0.636349
vt 0.495627 0.636349
vt 0.509273 0.633132
vt 0.507607 0.632185
vt 0.507607 0.632185
vt 0.521923 0.661988
vt 0.521891 0.663526
vt 0.521891 0.663526
vt 0.517999 0.661379
vt 0.517668 0.662865
vt 0.517668 0.662865
vt 0.514320 0.659796
vt 0.513714 0.661196
vt 0.513714 0.661196
vt 0.511096 0.657323
vt 0.510233 0.658587
vt 0.510233 0.658587
vt 0.508513 0.654088
vt 0.507419 0.655165
vt 0.507419 0.655165
vt 0.506722 0.650253
vt 0.505428 0.651092
vt 0.505428 0.651092
vt 0.505835 0.646010
vt 0.504383 0.646551
vt 0.504383 0.646551
vt 0.505924 0.641575
vt 0.504358 0.641740
vt 0.504358 0.641740
vt 0.507044 0.637185
vt 0.505412 0.636869
vt 0.505412 0.636869
vt 0.511164 0.628603
vt 0.511164 0.628603
vt 0.512733 0.629854
vt 0.517202 0.627623
vt 0.515390 0.626466
vt 0.515390 0.626466
vt 0.522176 0.624988
vt 0.522176 0.624988
vt 0.522241 0.626600
vt 0.517168 0.534260
vt 0.516889 0.532446
vt 0.516889 0.532446
vt 0.522200 0.548007
vt 0.522204 0.549441
vt 0.522204 0.549441
vt 0.520210 0.547648
vt 0.520127 0.549185
vt 0.520127 0.549185
vt 0.518389 0.546815
vt 0.518177 0.548391
vt 0.518177 0.548391
vt 0.516883 0.545506
vt 0.516133 0.546800
vt 0.516133 0.546800
vt 0.515800 0.543763
vt 0.514378 0.543777
vt 0.514378 0.543777
vt 0.515131 0.541773
vt 0.513598 0.541232
vt 0.513598 0.541232
vt 0.515018 0.539654
vt 0.513667 0.539199
vt 0.513667 0.539199
vt 0.515438 0.537514
vt 0.514289 0.536493
vt 0.514289 0.536493
vt 0.516163 0.535614
vt 0.515026 0.534650
vt 0.515026 0.534650
vt 0.518166 0.531413
vt 0.518166 0.531413
vt 0.518541 0.533225
vt 0.520239 0.532546
vt 0.520055 0.530733
vt 0.520055 0.530733
vt 0.522083 0.530440
vt 0.522083 0.530440
vt 0.522105 0.532192
vt 0.490256 0.563280
vt 0.489307 0.561215
vt 0.489307 0.561215
vt 0.491726 0.578890
vt 0.491726 0.578890
vt 0.492811 0.577369
vt 0.490868 0.576620
vt 0.489918 0.577982
vt 0.489918 0.577982
vt 0.489316 0.575355
vt 0.487056 0.575693
vt 0.487056 0.575693
vt 0.487996 0.573767
vt 0.485985 0.574163
vt 0.485985 0.574163
vt 0.487098 0.571924
vt 0.485279 0.572399
vt 0.485279 0.572399
vt 0.486698 0.569954
vt 0.484925 0.570552
vt 0.484925 0.570552
vt 0.486837 0.567985
vt 0.485045 0.567078
vt 0.485045 0.567078
vt 0.487524 0.566147
vt 0.486362 0.564075
vt 0.486362 0.564075
vt 0.488654 0.564533
vt 0.487671 0.562571
vt 0.487671 0.562571
vt 0.490932 0.560399
vt 0.490932 0.560399
vt 0.491839 0.562584
vt 0.493249 0.562331
vt 0.492985 0.560041
vt 0.492985 0.560041
vt 0.494974 0.562455
vt 0.494932 0.560084
vt 0.494932 0.560084
vt 0.500855 0.563712
vt 0.500855 0.563712
vt 0.499362 0.564693
vt 0.493638 0.579270
vt 0.493638 0.579270
vt 0.494775 0.577588
vt 0.497351 0.578920
vt 0.497351 0.578920
vt 0.496731 0.577141
vt 0.499188 0.578001
vt 0.499188 0.578001
vt 0.498544 0.576218
vt 0.501131 0.576680
vt 0.501131 0.576680
vt 0.500047 0.574782
vt 0.502581 0.573753
vt 0.502581 0.573753
vt 0.501111 0.572908
vt 0.503161 0.570275
vt 0.503161 0.570275
vt 0.501503 0.570759
vt 0.502840 0.567821
vt 0.502840 0.567821
vt 0.501224 0.568523
vt 0.501971 0.565534
vt 0.501971 0.565534
vt 0.500384 0.566394
vt 0.498228 0.563530
vt 0.499214 0.561761
vt 0.499214 0.561761
vt 0.496823 0.560568
vt 0.496823 0.560568
vt 0.496797 0.562825
vt 0.500049 0.535955
vt 0.500049 0.535955
vt 0.498705 0.535280
vt 0.498705 0.535280
vt 0.521561 0.499541
vt 0.521593 0.501652
vt 0.521593 0.501652
vt 0.521593 0.501652
vt 0.514660 0.502558
vt 0.516630 0.502946
vt 0.516630 0.502946
vt 0.508192 0.510415
vt 0.510258 0.510491
vt 0.490197 0.539221
vt 0.491497 0.540156
vt 0.491497 0.540156
vt 0.496497 0.524743
vt 0.497884 0.525924
vt 0.497884 0.525924
vt 0.485382 0.542838
vt 0.485382 0.542838
vt 0.486833 0.544281
vt 0.486833 0.544281
vt 0.486833 0.544281
vt 0.483548 0.545462
vt 0.485083 0.546760
vt 0.479204 0.589653
vt 0.480386 0.588756
vt 0.480386 0.588756
vt 0.491095 0.598658
vt 0.491095 0.598658
vt 0.491095 0.598658
vt 0.492726 0.598072
vt 0.492726 0.598072
vt 0.492726 0.598072
vt 0.492726 0.598072
vt 0.492378 0.610376
vt 0.492378 0.610376
vt 0.494352 0.610101
vt 0.494352 0.610101
vt 0.489966 0.624161
vt 0.489966 0.624161
vt 0.492151 0.623630
vt 0.492151 0.623630
vt 0.489766 0.630316
vt 0.489766 0.630316
vt 0.491522 0.629655
vt 0.491522 0.629655
vt 0.521596 0.678203
vt 0.521596 0.678203
vt 0.521568 0.679735
vt 0.521568 0.679735
vt 0.514451 0.676983
vt 0.514451 0.676983
vt 0.514111 0.678464
vt 0.514111 0.678464
vt 0.507786 0.674383
vt 0.507786 0.674383
vt 0.507176 0.675781
vt 0.507176 0.675781
vt 0.501881 0.670396
vt 0.501881 0.670396
vt 0.501023 0.671665
vt 0.501023 0.671665
vt 0.496992 0.665200
vt 0.496992 0.665200
vt 0.495919 0.666302
vt 0.495919 0.666302
vt 0.493334 0.659041
vt 0.493334 0.659041
vt 0.492087 0.659955
vt 0.492087 0.659955
vt 0.491036 0.652194
vt 0.491036 0.652194
vt 0.489659 0.652926
vt 0.489659 0.652926
vt 0.490124 0.644929
vt 0.490124 0.644929
vt 0.488652 0.645520
vt 0.488652 0.645520
vt 0.490428 0.637423
vt 0.490428 0.637423
vt 0.488864 0.637966
vt 0.488864 0.637966
vt 0.480845 0.635136
vt 0.480845 0.635136
vt 0.479208 0.635716
vt 0.521433 0.687070
vt 0.521433 0.687070
vt 0.521400 0.688706
vt 0.512825 0.686147
vt 0.512825 0.686147
vt 0.512511 0.687767
vt 0.504590 0.683228
vt 0.504590 0.683228
vt 0.503955 0.684757
vt 0.497137 0.678568
vt 0.497137 0.678568
vt 0.496219 0.679946
vt 0.490849 0.672444
vt 0.490849 0.672444
vt 0.489686 0.673627
vt 0.486009 0.665209
vt 0.486009 0.665209
vt 0.484649 0.666167
vt 0.482775 0.657302
vt 0.482775 0.657302
vt 0.481270 0.658027
vt 0.481122 0.649250
vt 0.481122 0.649250
vt 0.479522 0.649774
vt 0.480742 0.641654
vt 0.480742 0.641654
vt 0.479088 0.642083
vt 0.478700 0.631241
vt 0.480257 0.630428
vt 0.480257 0.630428
vt 0.477841 0.627873
vt 0.477841 0.627873
vt 0.476171 0.628681
vt 0.472193 0.627084
vt 0.572292 0.627526
vt 0.472579 0.625575
vt 0.571903 0.626017
vt 0.472579 0.625575
vt 0.571903 0.626017
vt 0.493963 0.533030
vt 0.493963 0.533030
vt 0.492426 0.532270
vt 0.533146 0.553803
vt 0.526919 0.554419
vt 0.538483 0.552930
vt 0.523956 0.506750
vt 0.523956 0.506750
vt 0.524035 0.508590
vt 0.524035 0.508590
vt 0.529026 0.513973
vt 0.528304 0.515894
vt 0.528304 0.515894
vt 0.548283 0.541965
vt 0.546905 0.542699
vt 0.546905 0.542699
vt 0.541792 0.528219
vt 0.541792 0.528219
vt 0.540610 0.529040
vt 0.540610 0.529040
vt 0.551942 0.548822
vt 0.551942 0.548822
vt 0.549175 0.551455
vt 0.549175 0.551455
vt 0.549175 0.551455
vt 0.555029 0.550737
vt 0.553908 0.552219
vt 0.553908 0.552219
vt 0.559914 0.585741
vt 0.558132 0.584201
vt 0.558132 0.584201
vt 0.545709 0.595431
vt 0.545709 0.595431
vt 0.545709 0.595431
vt 0.543317 0.594260
vt 0.543317 0.594260
vt 0.543317 0.594260
vt 0.543306 0.609050
vt 0.543306 0.609050
vt 0.541038 0.608737
vt 0.541038 0.608737
vt 0.545146 0.622942
vt 0.545146 0.622942
vt 0.542757 0.623035
vt 0.542757 0.623035
vt 0.547157 0.629245
vt 0.547157 0.629245
vt 0.545416 0.629393
vt 0.545416 0.629393
vt 0.527518 0.670851
vt 0.527518 0.670851
vt 0.527776 0.672363
vt 0.527776 0.672363
vt 0.533055 0.668920
vt 0.533055 0.668920
vt 0.533625 0.670345
vt 0.533625 0.670345
vt 0.538032 0.665721
vt 0.538032 0.665721
vt 0.538866 0.667001
vt 0.538866 0.667001
vt 0.542187 0.661405
vt 0.542187 0.661405
vt 0.543249 0.662503
vt 0.543249 0.662503
vt 0.545306 0.656151
vt 0.545306 0.656151
vt 0.546550 0.657038
vt 0.546550 0.657038
vt 0.547230 0.650159
vt 0.547230 0.650159
vt 0.548612 0.650822
vt 0.548612 0.650822
vt 0.547875 0.643626
vt 0.547875 0.643626
vt 0.549361 0.644062
vt 0.549361 0.644062
vt 0.547258 0.636700
vt 0.547258 0.636700
vt 0.548843 0.636897
vt 0.548843 0.636897
vt 0.535227 0.633155
vt 0.536903 0.632283
vt 0.536903 0.632283
vt 0.525870 0.661567
vt 0.526138 0.663062
vt 0.526138 0.663062
vt 0.529611 0.660158
vt 0.530164 0.661572
vt 0.530164 0.661572
vt 0.532931 0.657827
vt 0.533753 0.659105
vt 0.533753 0.659105
vt 0.535633 0.654686
vt 0.536696 0.655773
vt 0.536696 0.655773
vt 0.537551 0.650882
vt 0.538817 0.651725
vt 0.538817 0.651725
vt 0.538551 0.646597
vt 0.539978 0.647141
vt 0.539978 0.647141
vt 0.538539 0.642043
vt 0.540083 0.642222
vt 0.540083 0.642222
vt 0.537463 0.637475
vt 0.539078 0.637189
vt 0.539078 0.637189
vt 0.533393 0.628414
vt 0.533393 0.628414
vt 0.531772 0.629525
vt 0.527332 0.626894
vt 0.529167 0.625865
vt 0.529167 0.625865
vt 0.527109 0.534147
vt 0.527336 0.532329
vt 0.527336 0.532329
vt 0.524189 0.547646
vt 0.524279 0.549178
vt 0.524279 0.549178
vt 0.526004 0.546805
vt 0.526231 0.548373
vt 0.526231 0.548373
vt 0.527499 0.545481
vt 0.528275 0.546761
vt 0.528275 0.546761
vt 0.528572 0.543751
vt 0.530009 0.543692
vt 0.530009 0.543692
vt 0.529246 0.541688
vt 0.530778 0.541114
vt 0.530778 0.541114
vt 0.529351 0.539537
vt 0.530692 0.539062
vt 0.530692 0.539062
vt 0.528908 0.537381
vt 0.530027 0.536342
vt 0.530027 0.536342
vt 0.528146 0.535479
vt 0.529256 0.534499
vt 0.529256 0.534499
vt 0.526028 0.531324
vt 0.526028 0.531324
vt 0.525702 0.533146
vt 0.523982 0.532510
vt 0.524120 0.530687
vt 0.524120 0.530687
vt 0.554226 0.563060
vt 0.555163 0.560981
vt 0.555163 0.560981
vt 0.552818 0.578750
vt 0.552818 0.578750
vt 0.551728 0.577226
vt 0.553668 0.576466
vt 0.554622 0.577832
vt 0.554622 0.577832
vt 0.555214 0.575190
vt 0.557473 0.575522
vt 0.557473 0.575522
vt 0.556527 0.573590
vt 0.558539 0.573981
vt 0.558539 0.573981
vt 0.557418 0.571734
vt 0.559238 0.572207
vt 0.559238 0.572207
vt 0.557810 0.569754
vt 0.559584 0.570350
vt 0.559584 0.570350
vt 0.557663 0.567776
vt 0.559451 0.566860
vt 0.559451 0.566860
vt 0.556968 0.565932
vt 0.558121 0.563847
vt 0.558121 0.563847
vt 0.555833 0.564314
vt 0.556805 0.562338
vt 0.556805 0.562338
vt 0.553534 0.560165
vt 0.553534 0.560165
vt 0.552640 0.562367
vt 0.551231 0.562118
vt 0.551483 0.559813
vt 0.551483 0.559813
vt 0.549509 0.562251
vt 0.549540 0.559864
vt 0.549540 0.559864
vt 0.543641 0.563547
vt 0.543641 0.563547
vt 0.545135 0.564525
vt 0.550910 0.579139
vt 0.550910 0.579139
vt 0.549766 0.577454
vt 0.547194 0.578803
vt 0.547194 0.578803
vt 0.547809 0.577014
vt 0.545355 0.577889
vt 0.545355 0.577889
vt 0.545993 0.576095
vt 0.543407 0.576572
vt 0.543407 0.576572
vt 0.544486 0.574660
vt 0.541949 0.573641
vt 0.541949 0.573641
vt 0.543415 0.572785
vt 0.541358 0.570153
vt 0.541358 0.570153
vt 0.543016 0.570629
vt 0.541669 0.567687
vt 0.541669 0.567687
vt 0.543287 0.568381
vt 0.542530 0.565385
vt 0.542530 0.565385
vt 0.544120 0.566239
vt 0.546263 0.563349
vt 0.545274 0.561576
vt 0.545274 0.561576
vt 0.547654 0.560360
vt 0.547654 0.560360
vt 0.547689 0.562632
vt 0.544238 0.535540
vt 0.544238 0.535540
vt 0.545572 0.534834
vt 0.545572 0.534834
vt 0.528563 0.502313
vt 0.526606 0.502769
vt 0.526606 0.502769
vt 0.535321 0.510007
vt 0.533256 0.510138
vt 0.554170 0.538775
vt 0.552875 0.539714
vt 0.552875 0.539714
vt 0.547504 0.524148
vt 0.546154 0.525370
vt 0.546154 0.525370
vt 0.559008 0.542493
vt 0.559008 0.542493
vt 0.557554 0.543928
vt 0.557554 0.543928
vt 0.557554 0.543928
vt 0.560850 0.545139
vt 0.559317 0.546439
vt 0.565377 0.589526
vt 0.564190 0.588631
vt 0.564190 0.588631
vt 0.553522 0.598692
vt 0.553522 0.598692
vt 0.553522 0.598692
vt 0.551890 0.598100
vt 0.551890 0.598100
vt 0.551890 0.598100
vt 0.551890 0.598100
vt 0.552182 0.610549
vt 0.552182 0.610549
vt 0.550216 0.610249
vt 0.550216 0.610249
vt 0.554562 0.624560
vt 0.554562 0.624560
vt 0.552389 0.623997
vt 0.552389 0.623997
vt 0.554744 0.630836
vt 0.554744 0.630836
vt 0.552996 0.630147
vt 0.552996 0.630147
vt 0.528783 0.677255
vt 0.528783 0.677255
vt 0.529091 0.678768
vt 0.529091 0.678768
vt 0.535585 0.674940
vt 0.535585 0.674940
vt 0.536144 0.676327
vt 0.536144 0.676327
vt 0.541675 0.671127
vt 0.541675 0.671127
vt 0.542488 0.672418
vt 0.542488 0.672418
vt 0.546775 0.666046
vt 0.546775 0.666046
vt 0.547811 0.667176
vt 0.547811 0.667176
vt 0.550651 0.659923
vt 0.550651 0.659923
vt 0.551869 0.660868
vt 0.551869 0.660868
vt 0.553141 0.653045
vt 0.553141 0.653045
vt 0.554499 0.653806
vt 0.554499 0.653806
vt 0.554213 0.645693
vt 0.554213 0.645693
vt 0.555675 0.646312
vt 0.555675 0.646312
vt 0.554026 0.638065
vt 0.554026 0.638065
vt 0.555584 0.638631
vt 0.555584 0.638631
vt 0.563628 0.635756
vt 0.563628 0.635756
vt 0.565264 0.636345
vt 0.530080 0.686484
vt 0.530080 0.686484
vt 0.530330 0.688114
vt 0.538454 0.683858
vt 0.538454 0.683858
vt 0.539031 0.685409
vt 0.546113 0.679440
vt 0.546113 0.679440
vt 0.546983 0.680849
vt 0.552665 0.673468
vt 0.552665 0.673468
vt 0.553788 0.674687
vt 0.557778 0.666288
vt 0.557778 0.666288
vt 0.559110 0.667283
vt 0.561265 0.658345
vt 0.561265 0.658345
vt 0.562751 0.659106
vt 0.563124 0.650185
vt 0.563124 0.650185
vt 0.564713 0.650741
vt 0.563652 0.642436
vt 0.563652 0.642436
vt 0.565299 0.642887
vt 0.565778 0.631748
vt 0.564222 0.630936
vt 0.564222 0.630936
vt 0.566634 0.628334
vt 0.566634 0.628334
vt 0.568308 0.629138
vt 0.550283 0.532499
vt 0.550283 0.532499
vt 0.551810 0.531717
vt 0.474193 0.568143
vt 0.475635 0.562056
vt 0.476550 0.568289
vt 0.476550 0.568289
vt 0.477790 0.562396
vt 0.477790 0.562396
vt 0.468680 0.560964
vt 0.467020 0.569214
vt 0.470480 0.561364
vt 0.468805 0.568873
vt 0.468805 0.568873
vt 0.568839 0.561798
vt 0.570303 0.567904
vt 0.566684 0.562142
vt 0.566684 0.562142
vt 0.567948 0.568055
vt 0.567948 0.568055
vt 0.577481 0.568961
vt 0.575793 0.560695
vt 0.575695 0.568623
vt 0.575695 0.568623
vt 0.573993 0.561098
vt 0.478434 0.557584
vt 0.482084 0.554656
vt 0.482084 0.554656
vt 0.479928 0.558692
vt 0.479928 0.558692
vt 0.483577 0.555749
vt 0.483577 0.555749
vt 0.476918 0.550112
vt 0.472003 0.555246
vt 0.478371 0.551830
vt 0.474209 0.555802
vt 0.562357 0.554377
vt 0.562357 0.554377
vt 0.566021 0.557313
vt 0.560867 0.555475
vt 0.560867 0.555475
vt 0.564530 0.558426
vt 0.564530 0.558426
vt 0.572449 0.554966
vt 0.567510 0.549819
vt 0.570243 0.555524
vt 0.566060 0.551540
vt 0.477330 0.578742
vt 0.474710 0.573161
vt 0.479585 0.577746
vt 0.479585 0.577746
vt 0.476962 0.572340
vt 0.476962 0.572340
vt 0.467857 0.575203
vt 0.471557 0.582529
vt 0.469569 0.574873
vt 0.469569 0.574873
vt 0.472759 0.581411
vt 0.472759 0.581411
vt 0.569805 0.572941
vt 0.567206 0.578553
vt 0.567551 0.572123
vt 0.567551 0.572123
vt 0.564949 0.577561
vt 0.564949 0.577561
vt 0.572991 0.582330
vt 0.576665 0.574969
vt 0.571785 0.581215
vt 0.571785 0.581215
vt 0.574952 0.574644
vt 0.574952 0.574644
vt 0.512027 0.567255
vt 0.511563 0.594976
vt 0.513884 0.620369
vt 0.512362 0.608117
vt 0.512076 0.575381
vt 0.532480 0.567187
vt 0.533008 0.594947
vt 0.532177 0.608050
vt 0.532461 0.575327
vt 0.530639 0.620098
vt 0.522252 0.567704
vt 0.522266 0.575463
vt 0.559403 0.611129
vt 0.563516 0.622833
vt 0.561435 0.599862
vt 0.480992 0.622439
vt 0.483159 0.599682
vt 0.485144 0.610885
vt 0.885029 0.337720
vt 0.697127 0.317818
vt 0.992573 0.314797
vt 0.936868 0.332183
vt 0.918175 0.343781
vt 0.953153 0.325157
vt 0.984286 0.318078
vt 0.975415 0.321033
vt 0.965232 0.322891
vt 0.958564 0.307684
vt 0.968643 0.305318
vt 0.977226 0.301854
vt 0.946541 0.310337
vt 0.910891 0.327683
vt 0.928870 0.317610
vt 0.703162 0.300344
vt 0.985777 0.297605
vt 0.952954 0.429867
vt 0.961172 0.430716
vt 0.968164 0.431256
vt 0.942829 0.428964
vt 0.917437 0.429787
vt 0.930333 0.428798
vt 0.797031 0.431443
vt 0.897759 0.432703
vt 0.720396 0.433708
vt 0.974421 0.431596
vt 0.954582 0.547550
vt 0.960555 0.547058
vt 0.965333 0.546927
vt 0.946943 0.547350
vt 0.930268 0.549451
vt 0.938738 0.548380
vt 0.783654 0.550049
vt 0.916310 0.550613
vt 0.730401 0.548335
vt 0.969430 0.546536
vt 0.955381 0.565984
vt 0.960528 0.564825
vt 0.964922 0.564009
vt 0.948888 0.568026
vt 0.931966 0.574237
vt 0.940623 0.571451
vt 0.782273 0.575304
vt 0.918863 0.575783
vt 0.731870 0.565034
vt 0.968722 0.563289
vt 0.950040 0.602690
vt 0.956961 0.600974
vt 0.962954 0.598886
vt 0.942674 0.611509
vt 0.920464 0.618497
vt 0.920464 0.618497
vt 0.802191 0.612254
vt 0.900732 0.613558
vt 0.734775 0.598616
vt 0.967308 0.597075
vt 0.965630 0.626601
vt 0.965630 0.626601
vt 0.974227 0.627034
vt 0.974227 0.627034
vt 0.981197 0.626587
vt 0.981197 0.626587
vt 0.957872 0.626726
vt 0.957872 0.626726
vt 0.896238 0.352733
vt 0.906931 0.431145
vt 0.922928 0.550142
vt 0.925240 0.575719
vt 0.910262 0.615895
vt 0.898669 0.631053
vt 0.898669 0.631053
vt 0.820258 0.359057
vt 0.871374 0.361406
vt 0.828374 0.347609
vt 0.862764 0.350326
vt 0.805575 0.335991
vt 0.753542 0.332740
vt 0.772727 0.343505
vt 0.736964 0.326437
vt 0.705551 0.320732
vt 0.714543 0.323294
vt 0.724798 0.324703
vt 0.730791 0.309218
vt 0.720618 0.307296
vt 0.711891 0.304214
vt 0.742919 0.311340
vt 0.779297 0.327102
vt 0.760893 0.317829
vt 0.741767 0.431037
vt 0.733593 0.432246
vt 0.726632 0.433093
vt 0.751842 0.429690
vt 0.777245 0.429395
vt 0.764318 0.428974
vt 0.745284 0.548687
vt 0.739293 0.548461
vt 0.734513 0.548544
vt 0.752906 0.548148
vt 0.769658 0.549507
vt 0.761147 0.548812
vt 0.745352 0.567134
vt 0.740158 0.566206
vt 0.735723 0.565589
vt 0.751932 0.568886
vt 0.769115 0.574341
vt 0.760341 0.571942
vt 0.752466 0.603565
vt 0.745481 0.602152
vt 0.740085 0.600241
vt 0.759950 0.609157
vt 0.782162 0.618730
vt 0.782162 0.618730
vt 0.737263 0.628196
vt 0.737263 0.628196
vt 0.729334 0.628939
vt 0.729334 0.628939
vt 0.722352 0.628779
vt 0.722352 0.628779
vt 0.745548 0.626560
vt 0.745548 0.626560
vt 0.795036 0.351484
vt 0.787801 0.430290
vt 0.777021 0.549872
vt 0.775900 0.575523
vt 0.792772 0.615008
vt 0.805018 0.629642
vt 0.805018 0.629642
vt 0.963503 0.371264
vt 0.964664 0.379998
vt 0.973922 0.381911
vt 0.976379 0.374060
vt 0.987511 0.374293
vt 0.981999 0.384016
vt 0.951840 0.371601
vt 0.952770 0.378597
vt 0.917910 0.389556
vt 0.919687 0.380225
vt 0.936006 0.372915
vt 0.935236 0.383091
vt 0.802423 0.393497
vt 0.890706 0.395030
vt 0.805308 0.384126
vt 0.887414 0.385795
vt 0.697102 0.377947
vt 0.995242 0.374867
vt 0.703598 0.387906
vt 0.989189 0.385101
vt 0.904140 0.383780
vt 0.903120 0.393720
vt 0.727876 0.381730
vt 0.728575 0.373922
vt 0.715989 0.375346
vt 0.718710 0.384048
vt 0.710733 0.386506
vt 0.704800 0.377034
vt 0.739697 0.379808
vt 0.740318 0.372779
vt 0.772819 0.379980
vt 0.775004 0.389224
vt 0.757411 0.383527
vt 0.756196 0.373395
vt 0.789963 0.392734
vt 0.788508 0.382849
vt 0.953157 0.527085
vt 0.954094 0.535258
vt 0.960532 0.535622
vt 0.960026 0.527005
vt 0.965602 0.526458
vt 0.965632 0.535454
vt 0.944836 0.526621
vt 0.946063 0.534454
vt 0.928820 0.535015
vt 0.925347 0.525418
vt 0.935335 0.525802
vt 0.937502 0.534365
vt 0.784631 0.535493
vt 0.914690 0.536113
vt 0.788858 0.523424
vt 0.909978 0.524239
vt 0.728575 0.527349
vt 0.970376 0.525501
vt 0.729396 0.536649
vt 0.969922 0.534822
vt 0.921331 0.535681
vt 0.917113 0.524923
vt 0.745228 0.536384
vt 0.745846 0.528173
vt 0.738980 0.528396
vt 0.738813 0.537033
vt 0.733710 0.537091
vt 0.733386 0.528095
vt 0.753216 0.535224
vt 0.754139 0.527342
vt 0.773555 0.525280
vt 0.770467 0.535021
vt 0.761764 0.534757
vt 0.763594 0.526104
vt 0.781760 0.524422
vt 0.777978 0.535355
vt 0.747597 0.579059
vt 0.963230 0.586881
vt 0.733814 0.587278
vt 0.967810 0.585670
vt 0.754366 0.581404
vt 0.936792 0.597745
vt 0.763045 0.585052
vt 0.771562 0.587221
vt 0.928184 0.600068
vt 0.957867 0.588533
vt 0.742127 0.578036
vt 0.779453 0.588039
vt 0.952184 0.589899
vt 0.945360 0.593132
vt 0.786744 0.587483
vt 0.915036 0.588145
vt 0.953775 0.578001
vt 0.791170 0.599542
vt 0.911247 0.600383
vt 0.922344 0.588378
vt 0.919476 0.600910
vt 0.738596 0.588315
vt 0.947116 0.580641
vt 0.938698 0.584663
vt 0.765721 0.598032
vt 0.773987 0.599974
vt 0.930066 0.587216
vt 0.737167 0.577008
vt 0.744076 0.589748
vt 0.749817 0.590866
vt 0.959191 0.576738
vt 0.732846 0.576212
vt 0.968263 0.574535
vt 0.756775 0.593798
vt 0.782970 0.600430
vt 0.964072 0.575502
vt 0.932324 0.641503
vt 0.924953 0.642745
vt 0.918759 0.643666
vt 0.941353 0.640158
vt 0.963197 0.640107
vt 0.952035 0.639566
vt 0.813274 0.386496
vt 0.980817 0.641799
vt 0.880572 0.389954
vt 0.913478 0.644351
vt 0.940837 0.757926
vt 0.935755 0.758552
vt 0.931846 0.758830
vt 0.947434 0.757869
vt 0.961153 0.759206
vt 0.954141 0.758447
vt 0.819388 0.504695
vt 0.973089 0.759914
vt 0.863739 0.504223
vt 0.928752 0.758824
vt 0.941573 0.778657
vt 0.937311 0.777969
vt 0.933697 0.777572
vt 0.946922 0.780016
vt 0.960951 0.784753
vt 0.953681 0.782630
vt 0.820150 0.530678
vt 0.971956 0.785885
vt 0.861451 0.522658
vt 0.930804 0.777288
vt 0.937260 0.818463
vt 0.931770 0.816975
vt 0.925561 0.817355
vt 0.945549 0.821368
vt 0.958379 0.830966
vt 0.921414 0.620270
vt 0.811559 0.571278
vt 0.980025 0.826523
vt 0.870871 0.561771
vt 0.921112 0.816186
vt 0.923860 0.845735
vt 0.964927 0.629348
vt 0.915927 0.847098
vt 0.973668 0.629881
vt 0.908879 0.848783
vt 0.980703 0.629437
vt 0.931448 0.843085
vt 0.957443 0.629544
vt 0.972768 0.640925
vt 0.967479 0.759664
vt 0.966612 0.785896
vt 0.971705 0.828891
vt 0.898305 0.633804
vt 0.987412 0.847045
vt 0.861766 0.386853
vt 0.869120 0.388194
vt 0.875300 0.389198
vt 0.852756 0.385386
vt 0.830914 0.385041
vt 0.842083 0.384650
vt 0.851666 0.503156
vt 0.856738 0.503853
vt 0.860642 0.504185
vt 0.845069 0.503008
vt 0.831333 0.504153
vt 0.838355 0.503492
vt 0.850637 0.523875
vt 0.854909 0.523249
vt 0.858533 0.522902
vt 0.845267 0.525159
vt 0.831171 0.529700
vt 0.838471 0.527678
vt 0.854509 0.563908
vt 0.860026 0.562512
vt 0.866270 0.562966
vt 0.846172 0.566671
vt 0.827653 0.578460
vt 0.781376 0.621528
vt 0.867429 0.591415
vt 0.738080 0.630910
vt 0.875537 0.592758
vt 0.730013 0.631759
vt 0.882763 0.594406
vt 0.722975 0.631605
vt 0.859796 0.588604
vt 0.746096 0.629357
vt 0.821333 0.385731
vt 0.825001 0.504524
vt 0.825494 0.530765
vt 0.820125 0.575710
vt 0.805234 0.634397
vt 0.805889 0.593043
vt 0.938646 0.717632
vt 0.940476 0.744001
vt 0.934726 0.744827
vt 0.932574 0.717980
vt 0.927798 0.717887
vt 0.930379 0.745110
vt 0.945997 0.716780
vt 0.947752 0.742762
vt 0.962497 0.740760
vt 0.962216 0.715027
vt 0.953814 0.715667
vt 0.955001 0.741443
vt 0.817695 0.484172
vt 0.975067 0.739412
vt 0.817622 0.458122
vt 0.975499 0.713363
vt 0.869095 0.462925
vt 0.923964 0.717466
vt 0.865684 0.490375
vt 0.926997 0.744956
vt 0.969347 0.740062
vt 0.969559 0.714248
vt 0.852221 0.489236
vt 0.854412 0.462891
vt 0.860479 0.463323
vt 0.857958 0.490141
vt 0.862301 0.490483
vt 0.865255 0.463294
vt 0.844963 0.487896
vt 0.847074 0.461940
vt 0.830878 0.459966
vt 0.830246 0.485692
vt 0.837731 0.486478
vt 0.839272 0.460721
vt 0.823549 0.459087
vt 0.823406 0.484900
vt 0.933060 0.792263
vt 0.931044 0.804243
vt 0.864961 0.548850
vt 0.927084 0.803481
vt 0.862334 0.537154
vt 0.929789 0.791786
vt 0.953256 0.811713
vt 0.953529 0.798889
vt 0.960938 0.801431
vt 0.960318 0.812952
vt 0.935831 0.804799
vt 0.937001 0.792745
vt 0.941304 0.793860
vt 0.940636 0.806015
vt 0.946156 0.808306
vt 0.946565 0.795786
vt 0.818227 0.547261
vt 0.973642 0.802487
vt 0.816828 0.557299
vt 0.974902 0.812535
vt 0.967528 0.802745
vt 0.967894 0.813199
vt 0.860842 0.549580
vt 0.858980 0.537591
vt 0.838390 0.543939
vt 0.838483 0.556770
vt 0.831406 0.557913
vt 0.830945 0.546380
vt 0.855008 0.538022
vt 0.856000 0.550085
vt 0.851179 0.551238
vt 0.850687 0.539077
vt 0.845398 0.540931
vt 0.845627 0.553457
vt 0.823828 0.558057
vt 0.824339 0.547605
vt 0.894601 0.630391
vt 0.894601 0.630391
vt 0.809240 0.630935
vt 0.809240 0.630935
vt 0.809689 0.625059
vt 0.893802 0.626673
vt 0.809937 0.633830
vt 0.801113 0.591209
vt 0.895288 0.634011
vt 0.990857 0.846588
vt 0.799168 0.587219
vt 0.993153 0.843475
vt 0.908547 0.631490
vt 0.908547 0.631490
vt 0.903859 0.631621
vt 0.903859 0.631621
vt 0.799978 0.629301
vt 0.799978 0.629301
vt 0.793503 0.626668
vt 0.793503 0.626668
vt 0.903538 0.634701
vt 0.981396 0.845743
vt 0.909722 0.633789
vt 0.975300 0.843050
vt 0.793126 0.628956
vt 0.815043 0.588621
vt 0.800049 0.633885
vt 0.810347 0.591017
vt 0.944967 0.625990
vt 0.944967 0.625990
vt 0.939482 0.623206
vt 0.939482 0.623206
vt 0.942471 0.622872
vt 0.763115 0.622137
vt 0.763115 0.622137
vt 0.758342 0.624458
vt 0.758342 0.624458
vt 0.760684 0.620991
vt 0.948002 0.836688
vt 0.939473 0.626687
vt 0.941250 0.840120
vt 0.944888 0.628879
vt 0.945588 0.835664
vt 0.848964 0.586406
vt 0.758543 0.627341
vt 0.842249 0.582876
vt 0.763861 0.624914
vt 0.845173 0.582544
vt 0.713423 0.627609
vt 0.713423 0.627609
vt 0.990075 0.625051
vt 0.990075 0.625051
vt 0.712269 0.620965
vt 0.990926 0.618387
vt 0.901141 0.847042
vt 0.989333 0.628174
vt 0.890819 0.593645
vt 0.714315 0.630698
vt 0.892727 0.591199
vt 0.898930 0.845374
vt 0.932293 0.617653
vt 0.932293 0.617653
vt 0.924531 0.616911
vt 0.924531 0.616911
vt 0.932422 0.612700
vt 0.934103 0.614934
vt 0.778252 0.617735
vt 0.778252 0.617735
vt 0.769966 0.617827
vt 0.769966 0.617827
vt 0.768628 0.612598
vt 0.769988 0.611215
vt 0.954816 0.830872
vt 0.923967 0.619294
vt 0.952552 0.828713
vt 0.932442 0.620720
vt 0.951525 0.824346
vt 0.952711 0.824237
vt 0.838979 0.573946
vt 0.770515 0.620848
vt 0.834222 0.574076
vt 0.778980 0.620090
vt 0.837676 0.570407
vt 0.840513 0.571305
vt 0.811926 0.630727
vt 0.891815 0.632440
vt 0.811926 0.630727
vt 0.891815 0.632440
vt 0.813357 0.634814
vt 0.892214 0.636483
vt 0.796736 0.591446
vt 0.995093 0.847411
vt 0.709554 0.627168
vt 0.993916 0.624463
vt 0.709554 0.627168
vt 0.993916 0.624463
vt 0.894617 0.850981
vt 0.896769 0.597012
vt 0.709910 0.630388
vt 0.993743 0.627666
vt 0.901670 0.370466
vt 0.899896 0.362633
vt 0.967635 0.335871
vt 0.967861 0.350020
vt 0.977582 0.335432
vt 0.978374 0.350280
vt 0.987554 0.348980
vt 0.986432 0.334381
vt 0.955504 0.336428
vt 0.955849 0.350912
vt 0.920276 0.365109
vt 0.920093 0.356934
vt 0.938495 0.347901
vt 0.938340 0.358013
vt 0.695898 0.337466
vt 0.994663 0.334372
vt 0.695669 0.352231
vt 0.995541 0.349112
vt 0.812150 0.372089
vt 0.880046 0.374070
vt 0.815428 0.366260
vt 0.876516 0.368391
vt 0.791817 0.361536
vt 0.790390 0.369439
vt 0.723345 0.352139
vt 0.722966 0.337776
vt 0.712888 0.352445
vt 0.713010 0.337775
vt 0.704122 0.337113
vt 0.703643 0.351747
vt 0.735403 0.352286
vt 0.735111 0.337799
vt 0.771388 0.356729
vt 0.771566 0.364904
vt 0.753207 0.358609
vt 0.752607 0.348514
vt 0.808861 0.377503
vt 0.883572 0.379334
vt 0.903067 0.377424
vt 0.920125 0.372710
vt 0.967234 0.360845
vt 0.977676 0.362155
vt 0.955121 0.361190
vt 0.987533 0.361636
vt 0.696385 0.365089
vt 0.995392 0.361989
vt 0.937316 0.366007
vt 0.704221 0.364391
vt 0.789300 0.376451
vt 0.772051 0.372491
vt 0.724430 0.363145
vt 0.714138 0.363910
vt 0.736577 0.362586
vt 0.754583 0.366552
vt 0.965127 0.555468
vt 0.931117 0.561844
vt 0.782964 0.562677
vt 0.917587 0.563198
vt 0.731136 0.556685
vt 0.969076 0.554912
vt 0.960542 0.555941
vt 0.954967 0.556436
vt 0.947916 0.557688
vt 0.939681 0.559916
vt 0.924084 0.562930
vt 0.735118 0.557066
vt 0.769386 0.561924
vt 0.739725 0.557334
vt 0.745318 0.557580
vt 0.752419 0.558517
vt 0.760745 0.560377
vt 0.776460 0.562698
vt 0.159987 0.940779
vt 0.158973 0.948185
vt 0.418229 0.939701
vt 0.419325 0.946993
vt 0.214957 0.951904
vt 0.359790 0.951359
vt 0.215477 0.940536
vt 0.359184 0.939947
vt 0.384290 0.948163
vt 0.408512 0.946696
vt 0.383434 0.939846
vt 0.407510 0.939745
vt 0.169810 0.947677
vt 0.192974 0.948909
vt 0.170698 0.940735
vt 0.193688 0.940639
vt 0.158282 0.838873
vt 0.159148 0.846039
vt 0.418760 0.840557
vt 0.417826 0.847693
vt 0.408350 0.841196
vt 0.407349 0.847626
vt 0.192812 0.838419
vt 0.214795 0.835278
vt 0.359629 0.836295
vt 0.193526 0.846246
vt 0.215315 0.846384
vt 0.359022 0.847331
vt 0.384128 0.839758
vt 0.383272 0.847480
vt 0.169649 0.839560
vt 0.170536 0.846106
vt 0.121292 0.951721
vt 0.119954 0.953059
vt 0.119954 0.953059
vt 0.149037 0.940825
vt 0.151046 0.940816
vt 0.151046 0.940816
vt 0.148166 0.945092
vt 0.150191 0.945623
vt 0.150191 0.945623
vt 0.146510 0.949027
vt 0.148248 0.950090
vt 0.148248 0.950090
vt 0.143813 0.952269
vt 0.145159 0.953762
vt 0.145159 0.953762
vt 0.140363 0.954611
vt 0.141256 0.956381
vt 0.141256 0.956381
vt 0.136454 0.955992
vt 0.136872 0.957900
vt 0.136872 0.957900
vt 0.132337 0.956379
vt 0.132295 0.958343
vt 0.132295 0.958343
vt 0.128254 0.955747
vt 0.127715 0.957636
vt 0.127715 0.957636
vt 0.124486 0.954159
vt 0.123516 0.955826
vt 0.123516 0.955826
vt 0.117234 0.949534
vt 0.117234 0.949534
vt 0.118863 0.948567
vt 0.117322 0.944900
vt 0.115499 0.945409
vt 0.115499 0.945409
vt 0.114863 0.940968
vt 0.114863 0.940968
vt 0.116774 0.940960
vt 0.152798 0.891358
vt 0.152798 0.891358
vt 0.156202 0.955687
vt 0.156202 0.955687
vt 0.154976 0.953841
vt 0.154976 0.953841
vt 0.154976 0.953841
vt 0.149861 0.959146
vt 0.149861 0.959146
vt 0.131214 0.891358
vt 0.151162 0.960740
vt 0.144420 0.962706
vt 0.144420 0.962706
vt 0.112765 0.891358
vt 0.145317 0.964527
vt 0.138349 0.964816
vt 0.138349 0.964816
vt 0.094512 0.891358
vt 0.138770 0.966791
vt 0.132092 0.965348
vt 0.132092 0.965348
vt 0.077977 0.891358
vt 0.132032 0.967356
vt 0.008859 0.991660
vt 0.008859 0.891358
vt 0.106445 0.941003
vt 0.108403 0.940995
vt 0.108403 0.940995
vt 0.015942 0.891358
vt 0.107342 0.947642
vt 0.109215 0.947126
vt 0.109215 0.947126
vt 0.023025 0.891358
vt 0.109879 0.953842
vt 0.111567 0.952859
vt 0.111567 0.952859
vt 0.029926 0.891358
vt 0.113656 0.959184
vt 0.115065 0.957815
vt 0.115065 0.957815
vt 0.044456 0.891358
vt 0.118920 0.963400
vt 0.119945 0.961709
vt 0.119945 0.961709
vt 0.060945 0.891358
vt 0.125128 0.966188
vt 0.125702 0.964280
vt 0.125702 0.964280
vt 0.433917 0.950573
vt 0.432662 0.952044
vt 0.432662 0.952044
vt 0.459733 0.939505
vt 0.461502 0.939497
vt 0.461502 0.939497
vt 0.459226 0.943192
vt 0.460962 0.943659
vt 0.460962 0.943659
vt 0.457786 0.946676
vt 0.459354 0.947565
vt 0.459354 0.947565
vt 0.455497 0.949710
vt 0.456802 0.950974
vt 0.456802 0.950974
vt 0.452492 0.952096
vt 0.453450 0.953660
vt 0.453450 0.953660
vt 0.448959 0.953678
vt 0.449505 0.955431
vt 0.449505 0.955431
vt 0.445108 0.954366
vt 0.445230 0.956238
vt 0.445230 0.956238
vt 0.441143 0.954082
vt 0.440768 0.955967
vt 0.440768 0.955967
vt 0.437326 0.952788
vt 0.436491 0.954522
vt 0.436491 0.954522
vt 0.429541 0.948609
vt 0.429541 0.948609
vt 0.431185 0.947496
vt 0.429430 0.943746
vt 0.427509 0.944358
vt 0.427509 0.944358
vt 0.426777 0.939665
vt 0.426777 0.939665
vt 0.428366 0.939659
vt 0.467823 0.939467
vt 0.467823 0.939467
vt 0.552246 0.991660
vt 0.552246 0.891358
vt 0.469663 0.939456
vt 0.467136 0.945227
vt 0.467136 0.945227
vt 0.545163 0.891358
vt 0.468899 0.945673
vt 0.464992 0.950649
vt 0.464992 0.950649
vt 0.538081 0.891358
vt 0.466613 0.951530
vt 0.461523 0.955413
vt 0.461523 0.955413
vt 0.530998 0.891358
vt 0.462890 0.956695
vt 0.456954 0.959206
vt 0.456954 0.959206
vt 0.523915 0.891358
vt 0.457954 0.960777
vt 0.451540 0.961752
vt 0.451540 0.961752
vt 0.516349 0.891358
vt 0.452135 0.963546
vt 0.445728 0.962888
vt 0.445728 0.962888
vt 0.509901 0.891358
vt 0.445884 0.964787
vt 0.423383 0.952434
vt 0.423383 0.952434
vt 0.423383 0.952434
vt 0.481600 0.891358
vt 0.481600 0.891358
vt 0.422249 0.954297
vt 0.422249 0.954297
vt 0.488501 0.891358
vt 0.427065 0.959057
vt 0.428278 0.957461
vt 0.428278 0.957461
vt 0.495584 0.891358
vt 0.432862 0.962507
vt 0.433653 0.960722
vt 0.433653 0.960722
vt 0.502667 0.891358
vt 0.439202 0.964443
vt 0.439536 0.962549
vt 0.439536 0.962549
vt 0.220726 0.891358
vt 0.215259 0.964751
vt 0.213804 0.959574
vt 0.213804 0.959574
vt 0.365785 0.891358
vt 0.359778 0.963987
vt 0.360925 0.959077
vt 0.360925 0.959077
vt 0.403767 0.891358
vt 0.386635 0.957911
vt 0.385956 0.953304
vt 0.385956 0.953304
vt 0.410490 0.950605
vt 0.410490 0.950605
vt 0.442953 0.891358
vt 0.411484 0.952602
vt 0.175957 0.891358
vt 0.167077 0.953701
vt 0.167900 0.951612
vt 0.167900 0.951612
vt 0.191415 0.954035
vt 0.191415 0.954035
vt 0.199087 0.891358
vt 0.191018 0.958916
vt 0.149698 0.841195
vt 0.149698 0.841195
vt 0.147731 0.841686
vt 0.150884 0.845982
vt 0.150884 0.845982
vt 0.148875 0.845965
vt 0.147885 0.836803
vt 0.147885 0.836803
vt 0.146163 0.837817
vt 0.144926 0.833140
vt 0.144926 0.833140
vt 0.143575 0.834583
vt 0.141125 0.830494
vt 0.141125 0.830494
vt 0.140219 0.832225
vt 0.136814 0.828935
vt 0.136814 0.828935
vt 0.136379 0.830816
vt 0.132285 0.828449
vt 0.132285 0.828449
vt 0.132310 0.830397
vt 0.127730 0.829117
vt 0.127730 0.829117
vt 0.128255 0.830999
vt 0.123537 0.830897
vt 0.123537 0.830897
vt 0.124497 0.832564
vt 0.115485 0.841297
vt 0.115485 0.841297
vt 0.117311 0.841812
vt 0.118864 0.838139
vt 0.117235 0.837166
vt 0.117235 0.837166
vt 0.116752 0.845763
vt 0.114835 0.845751
vt 0.114835 0.845751
vt 0.119967 0.833646
vt 0.119967 0.833646
vt 0.121301 0.834988
vt 0.154523 0.833253
vt 0.154523 0.833253
vt 0.152798 0.896257
vt 0.152798 0.896257
vt 0.155810 0.831529
vt 0.131214 0.896257
vt 0.151004 0.826384
vt 0.149679 0.827923
vt 0.149679 0.827923
vt 0.112765 0.896257
vt 0.145293 0.822501
vt 0.144368 0.824290
vt 0.144368 0.824290
vt 0.094512 0.896257
vt 0.138825 0.820138
vt 0.138375 0.822095
vt 0.138375 0.822095
vt 0.077977 0.896257
vt 0.132123 0.819481
vt 0.132159 0.821482
vt 0.132159 0.821482
vt 0.109186 0.839555
vt 0.109186 0.839555
vt 0.015942 0.896257
vt 0.107308 0.839030
vt 0.108352 0.845708
vt 0.108352 0.845708
vt 0.008859 0.986761
vt 0.008859 0.896257
vt 0.106386 0.845696
vt 0.111568 0.833812
vt 0.111568 0.833812
vt 0.023025 0.896257
vt 0.109883 0.832821
vt 0.115099 0.828864
vt 0.115099 0.828864
vt 0.029926 0.896257
vt 0.113697 0.827484
vt 0.120007 0.824999
vt 0.120007 0.824999
vt 0.044456 0.896257
vt 0.118996 0.823301
vt 0.125778 0.822479
vt 0.125778 0.822479
vt 0.060945 0.896257
vt 0.125224 0.820569
vt 0.545163 0.896257
vt 0.470062 0.841246
vt 0.468141 0.841749
vt 0.468141 0.841749
vt 0.552246 0.986761
vt 0.552246 0.896257
vt 0.470916 0.848029
vt 0.468912 0.848019
vt 0.468912 0.848019
vt 0.538081 0.896257
vt 0.467514 0.834943
vt 0.465798 0.835904
vt 0.465798 0.835904
vt 0.530998 0.896257
vt 0.463480 0.829491
vt 0.462046 0.830858
vt 0.462046 0.830858
vt 0.523915 0.896257
vt 0.458191 0.825198
vt 0.457142 0.826890
vt 0.457142 0.826890
vt 0.516832 0.896257
vt 0.451953 0.822378
vt 0.451364 0.824288
vt 0.451364 0.824288
vt 0.509901 0.896257
vt 0.445327 0.821221
vt 0.445215 0.823226
vt 0.445215 0.823226
vt 0.481600 0.896257
vt 0.481600 0.896257
vt 0.421240 0.833184
vt 0.422568 0.834902
vt 0.422568 0.834902
vt 0.427212 0.829541
vt 0.427212 0.829541
vt 0.488501 0.896257
vt 0.425869 0.827962
vt 0.432634 0.825906
vt 0.432634 0.825906
vt 0.495584 0.896257
vt 0.431729 0.824079
vt 0.438717 0.823765
vt 0.438717 0.823765
vt 0.502667 0.896257
vt 0.438300 0.821789
vt 0.442953 0.896257
vt 0.411323 0.835349
vt 0.410329 0.837488
vt 0.410329 0.837488
vt 0.199087 0.896257
vt 0.190862 0.829084
vt 0.191253 0.833588
vt 0.191253 0.833588
vt 0.213642 0.827816
vt 0.213642 0.827816
vt 0.220726 0.896257
vt 0.214344 0.821871
vt 0.360763 0.828874
vt 0.360763 0.828874
vt 0.365785 0.896257
vt 0.360371 0.823128
vt 0.385794 0.834997
vt 0.385794 0.834997
vt 0.403767 0.896257
vt 0.386468 0.830740
vt 0.167738 0.835817
vt 0.167738 0.835817
vt 0.175957 0.896257
vt 0.166916 0.833730
vt 0.158911 0.933382
vt 0.419264 0.932399
vt 0.214862 0.929196
vt 0.359695 0.928530
vt 0.384220 0.931522
vt 0.408454 0.932786
vt 0.169752 0.933799
vt 0.192905 0.932374
vt 0.158188 0.853193
vt 0.418665 0.854840
vt 0.408292 0.854066
vt 0.192743 0.854066
vt 0.214700 0.857481
vt 0.359533 0.858374
vt 0.384059 0.855212
vt 0.169591 0.852641
vt 0.121202 0.930161
vt 0.119852 0.928834
vt 0.119852 0.928834
vt 0.148130 0.936565
vt 0.150151 0.936017
vt 0.150151 0.936017
vt 0.146441 0.932644
vt 0.148171 0.931566
vt 0.148171 0.931566
vt 0.143717 0.929425
vt 0.145051 0.927921
vt 0.145051 0.927921
vt 0.140248 0.927111
vt 0.141126 0.925335
vt 0.141126 0.925335
vt 0.136327 0.925763
vt 0.136730 0.923852
vt 0.136730 0.923852
vt 0.132207 0.925411
vt 0.132149 0.923447
vt 0.132149 0.923447
vt 0.128130 0.926077
vt 0.127575 0.924193
vt 0.127575 0.924193
vt 0.124376 0.927697
vt 0.123392 0.926038
vt 0.123392 0.926038
vt 0.117163 0.932381
vt 0.117163 0.932381
vt 0.118800 0.933335
vt 0.117290 0.937015
vt 0.115462 0.936522
vt 0.115462 0.936522
vt 0.152798 0.991660
vt 0.152798 0.991660
vt 0.156078 0.925903
vt 0.156078 0.925903
vt 0.154868 0.927759
vt 0.154868 0.927759
vt 0.154868 0.927759
vt 0.149708 0.922497
vt 0.149708 0.922497
vt 0.131214 0.991660
vt 0.150995 0.920892
vt 0.144237 0.918983
vt 0.144237 0.918983
vt 0.112765 0.991660
vt 0.145119 0.917155
vt 0.138148 0.916924
vt 0.138148 0.916924
vt 0.094512 0.991660
vt 0.138554 0.914945
vt 0.131888 0.916444
vt 0.131888 0.916444
vt 0.077977 0.991660
vt 0.131811 0.914437
vt 0.015942 0.991660
vt 0.107286 0.934356
vt 0.109164 0.934857
vt 0.109164 0.934857
vt 0.023025 0.991660
vt 0.109771 0.928136
vt 0.111468 0.929104
vt 0.111468 0.929104
vt 0.029926 0.991660
vt 0.113504 0.922762
vt 0.114924 0.924119
vt 0.114924 0.924119
vt 0.044456 0.991660
vt 0.118733 0.918502
vt 0.119771 0.920184
vt 0.119771 0.920184
vt 0.060945 0.991660
vt 0.124917 0.915662
vt 0.125506 0.917565
vt 0.125506 0.917565
vt 0.433828 0.928698
vt 0.432561 0.927236
vt 0.432561 0.927236
vt 0.459195 0.935824
vt 0.460923 0.935343
vt 0.460923 0.935343
vt 0.457729 0.932363
vt 0.459284 0.931462
vt 0.459284 0.931462
vt 0.455420 0.929363
vt 0.456710 0.928090
vt 0.456710 0.928090
vt 0.452398 0.927012
vt 0.453340 0.925442
vt 0.453340 0.925442
vt 0.448852 0.925462
vt 0.449381 0.923705
vt 0.449381 0.923705
vt 0.444992 0.924808
vt 0.445099 0.922935
vt 0.445099 0.922935
vt 0.441029 0.925127
vt 0.440637 0.923245
vt 0.440637 0.923245
vt 0.437220 0.926454
vt 0.436371 0.924726
vt 0.436371 0.924726
vt 0.429468 0.930699
vt 0.429468 0.930699
vt 0.431121 0.931798
vt 0.429397 0.935563
vt 0.427471 0.934967
vt 0.427471 0.934967
vt 0.467062 0.933714
vt 0.467062 0.933714
vt 0.545163 0.991660
vt 0.468827 0.933240
vt 0.464877 0.928325
vt 0.464877 0.928325
vt 0.538081 0.991660
vt 0.466467 0.927434
vt 0.461386 0.923623
vt 0.461386 0.923623
vt 0.530998 0.991660
vt 0.462730 0.922350
vt 0.456795 0.919883
vt 0.456795 0.919883
vt 0.523915 0.991660
vt 0.457794 0.918299
vt 0.451363 0.917368
vt 0.451363 0.917368
vt 0.516591 0.991660
vt 0.451945 0.915567
vt 0.445540 0.916279
vt 0.445540 0.916279
vt 0.509901 0.991660
vt 0.445680 0.914377
vt 0.423277 0.926925
vt 0.423277 0.926925
vt 0.423277 0.926925
vt 0.481600 0.991660
vt 0.481600 0.991660
vt 0.422127 0.925071
vt 0.422127 0.925071
vt 0.488501 0.991660
vt 0.426904 0.920269
vt 0.428130 0.921856
vt 0.428130 0.921856
vt 0.495584 0.991660
vt 0.432673 0.916770
vt 0.433480 0.918549
vt 0.433480 0.918549
vt 0.502667 0.991660
vt 0.438998 0.914779
vt 0.439348 0.916671
vt 0.439348 0.916671
vt 0.220726 0.991660
vt 0.215088 0.916456
vt 0.213645 0.921536
vt 0.213645 0.921536
vt 0.365785 0.991660
vt 0.359607 0.915792
vt 0.360765 0.920803
vt 0.360765 0.920803
vt 0.403767 0.991660
vt 0.386507 0.921603
vt 0.385843 0.926367
vt 0.385843 0.926367
vt 0.410400 0.928861
vt 0.410400 0.928861
vt 0.442953 0.991660
vt 0.411377 0.926855
vt 0.175957 0.991660
vt 0.166969 0.927799
vt 0.167809 0.929881
vt 0.167809 0.929881
vt 0.191303 0.927261
vt 0.191303 0.927261
vt 0.199087 0.991660
vt 0.190890 0.922535
vt 0.149635 0.850760
vt 0.149635 0.850760
vt 0.147675 0.850243
vt 0.147766 0.855128
vt 0.147766 0.855128
vt 0.146057 0.854092
vt 0.144759 0.858752
vt 0.144759 0.858752
vt 0.143427 0.857292
vt 0.140924 0.861348
vt 0.140924 0.861348
vt 0.140040 0.859605
vt 0.136593 0.862851
vt 0.136593 0.862851
vt 0.136183 0.860964
vt 0.132058 0.863278
vt 0.132058 0.863278
vt 0.132109 0.861331
vt 0.127512 0.862550
vt 0.127512 0.862550
vt 0.128061 0.860676
vt 0.123342 0.860716
vt 0.123342 0.860716
vt 0.124325 0.859062
vt 0.115427 0.850212
vt 0.115427 0.850212
vt 0.117260 0.849721
vt 0.118764 0.853414
vt 0.117123 0.854366
vt 0.117123 0.854366
vt 0.119809 0.857920
vt 0.119809 0.857920
vt 0.121160 0.856596
vt 0.154357 0.858764
vt 0.154357 0.858764
vt 0.152798 0.986761
vt 0.152798 0.986761
vt 0.155621 0.860505
vt 0.131214 0.986761
vt 0.150749 0.865586
vt 0.149443 0.864030
vt 0.149443 0.864030
vt 0.112765 0.986761
vt 0.144987 0.869395
vt 0.144086 0.867595
vt 0.144086 0.867595
vt 0.094512 0.986761
vt 0.138489 0.871674
vt 0.138065 0.869711
vt 0.138065 0.869711
vt 0.077977 0.986761
vt 0.131780 0.872243
vt 0.131841 0.870243
vt 0.131841 0.870243
vt 0.109106 0.851872
vt 0.109106 0.851872
vt 0.015942 0.986761
vt 0.107221 0.852372
vt 0.111413 0.857646
vt 0.111413 0.857646
vt 0.023025 0.986761
vt 0.109715 0.858615
vt 0.114879 0.862639
vt 0.114879 0.862639
vt 0.029926 0.986761
vt 0.113458 0.864001
vt 0.119736 0.866568
vt 0.119736 0.866568
vt 0.044456 0.986761
vt 0.118703 0.868253
vt 0.125474 0.869163
vt 0.125474 0.869163
vt 0.060945 0.986761
vt 0.124895 0.871065
vt 0.545163 0.986761
vt 0.469990 0.854793
vt 0.468086 0.854278
vt 0.468086 0.854278
vt 0.538081 0.986761
vt 0.467385 0.861078
vt 0.465663 0.860096
vt 0.465663 0.860096
vt 0.530998 0.986761
vt 0.463279 0.866501
vt 0.461857 0.865114
vt 0.461857 0.865114
vt 0.523915 0.986761
vt 0.457929 0.870736
vt 0.456899 0.869028
vt 0.456899 0.869028
vt 0.517074 0.986761
vt 0.451646 0.873482
vt 0.451079 0.871561
vt 0.451079 0.871561
vt 0.509901 0.986761
vt 0.444992 0.874557
vt 0.444905 0.872546
vt 0.444905 0.872546
vt 0.481600 0.986761
vt 0.481600 0.986761
vt 0.421048 0.862243
vt 0.422397 0.860544
vt 0.422397 0.860544
vt 0.426954 0.865969
vt 0.426954 0.865969
vt 0.488501 0.986761
vt 0.425593 0.867515
vt 0.432329 0.869675
vt 0.432329 0.869675
vt 0.495584 0.986761
vt 0.431383 0.871504
vt 0.438399 0.871919
vt 0.438399 0.871919
vt 0.502667 0.986761
vt 0.437953 0.873897
vt 0.442953 0.986761
vt 0.411215 0.859940
vt 0.410238 0.857796
vt 0.410238 0.857796
vt 0.199087 0.986761
vt 0.190733 0.863175
vt 0.191142 0.858877
vt 0.191142 0.858877
vt 0.213483 0.864926
vt 0.213483 0.864926
vt 0.220726 0.986761
vt 0.214171 0.870694
vt 0.360603 0.865812
vt 0.360603 0.865812
vt 0.365785 0.986761
vt 0.360199 0.871729
vt 0.385682 0.859994
vt 0.385682 0.859994
vt 0.403767 0.986761
vt 0.386340 0.864453
vt 0.167648 0.856360
vt 0.167648 0.856360
vt 0.175957 0.986761
vt 0.166807 0.858442
vt 0.288939 0.958000
vt 0.279264 0.958023
vt 0.279191 0.940281
vt 0.288757 0.940241
vt 0.279103 0.828681
vt 0.288777 0.828718
vt 0.288595 0.846867
vt 0.279029 0.846803
vt 0.299753 0.891358
vt 0.294920 0.975769
vt 0.271303 0.891358
vt 0.274188 0.975769
vt 0.279347 0.973630
vt 0.279347 0.973630
vt 0.288958 0.973673
vt 0.288958 0.973673
vt 0.288796 0.813065
vt 0.288796 0.813065
vt 0.279185 0.813079
vt 0.279185 0.813079
vt 0.271303 0.896257
vt 0.275012 0.810913
vt 0.299753 0.896257
vt 0.293712 0.810913
vt 0.279116 0.922540
vt 0.288790 0.922481
vt 0.288629 0.865016
vt 0.278954 0.864926
vt 0.271303 0.991660
vt 0.273566 0.904792
vt 0.299753 0.991660
vt 0.294298 0.904710
vt 0.288678 0.906809
vt 0.288678 0.906809
vt 0.279068 0.906933
vt 0.279068 0.906933
vt 0.278907 0.880527
vt 0.278907 0.880527
vt 0.288517 0.880668
vt 0.288517 0.880668
vt 0.299753 0.986761
vt 0.293150 0.882817
vt 0.271303 0.986761
vt 0.274452 0.882691
vt 0.459471 0.844014
vt 0.461781 0.843409
vt 0.461781 0.843409
vt 0.462379 0.847983
vt 0.462379 0.847983
vt 0.459995 0.847970
vt 0.457982 0.840283
vt 0.460095 0.839112
vt 0.460095 0.839112
vt 0.455608 0.837048
vt 0.457347 0.835378
vt 0.457347 0.835378
vt 0.452458 0.834563
vt 0.453703 0.832517
vt 0.453703 0.832517
vt 0.448786 0.832921
vt 0.449474 0.830625
vt 0.449474 0.830625
vt 0.444795 0.832287
vt 0.444897 0.829860
vt 0.444897 0.829860
vt 0.440727 0.832684
vt 0.440183 0.830292
vt 0.440183 0.830292
vt 0.436851 0.834106
vt 0.435708 0.831902
vt 0.435708 0.831902
vt 0.428990 0.843520
vt 0.426621 0.842779
vt 0.426621 0.842779
vt 0.428538 0.838435
vt 0.428538 0.838435
vt 0.430711 0.839720
vt 0.428710 0.847766
vt 0.426070 0.847748
vt 0.426070 0.847748
vt 0.433424 0.836495
vt 0.431720 0.834618
vt 0.431720 0.834618
vt 0.461739 0.852554
vt 0.461739 0.852554
vt 0.459422 0.851926
vt 0.459991 0.856828
vt 0.459991 0.856828
vt 0.457901 0.855646
vt 0.457208 0.860533
vt 0.457208 0.860533
vt 0.455492 0.858843
vt 0.453528 0.863349
vt 0.453528 0.863349
vt 0.452309 0.861287
vt 0.449269 0.865188
vt 0.449269 0.865188
vt 0.448611 0.862880
vt 0.444674 0.865894
vt 0.444674 0.865894
vt 0.444605 0.863461
vt 0.439955 0.865397
vt 0.439955 0.865397
vt 0.440533 0.863008
vt 0.435493 0.863721
vt 0.435493 0.863721
vt 0.436667 0.861530
vt 0.426554 0.852723
vt 0.426554 0.852723
vt 0.428932 0.852014
vt 0.430600 0.855836
vt 0.428410 0.857092
vt 0.428410 0.857092
vt 0.431539 0.860950
vt 0.431539 0.860950
vt 0.433268 0.859096
vt 0.159987 0.940779
vt 0.158973 0.948185
vt 0.418229 0.939701
vt 0.419325 0.946993
vt 0.214957 0.951904
vt 0.359790 0.951359
vt 0.215477 0.940536
vt 0.359184 0.939947
vt 0.384290 0.948163
vt 0.408512 0.946696
vt 0.383434 0.939846
vt 0.407510 0.939745
vt 0.169810 0.947677
vt 0.192974 0.948909
vt 0.170698 0.940735
vt 0.193688 0.940639
vt 0.158282 0.838873
vt 0.159148 0.846039
vt 0.418760 0.840557
vt 0.417826 0.847693
vt 0.408350 0.841196
vt 0.407349 0.847626
vt 0.192812 0.838419
vt 0.214795 0.835278
vt 0.359629 0.836295
vt 0.193526 0.846246
vt 0.215315 0.846384
vt 0.359022 0.847331
vt 0.384128 0.839758
vt 0.383272 0.847480
vt 0.169649 0.839560
vt 0.170536 0.846106
vt 0.121292 0.951721
vt 0.119954 0.953059
vt 0.119954 0.953059
vt 0.149037 0.940825
vt 0.151046 0.940816
vt 0.151046 0.940816
vt 0.148166 0.945092
vt 0.150191 0.945623
vt 0.150191 0.945623
vt 0.146510 0.949027
vt 0.148248 0.950090
vt 0.148248 0.950090
vt 0.143813 0.952269
vt 0.145159 0.953762
vt 0.145159 0.953762
vt 0.140363 0.954611
vt 0.141256 0.956381
vt 0.141256 0.956381
vt 0.136454 0.955992
vt 0.136872 0.957900
vt 0.136872 0.957900
vt 0.132337 0.956379
vt 0.132295 0.958343
vt 0.132295 0.958343
vt 0.128254 0.955747
vt 0.127715 0.957636
vt 0.127715 0.957636
vt 0.124486 0.954159
vt 0.123516 0.955826
vt 0.123516 0.955826
vt 0.117234 0.949534
vt 0.117234 0.949534
vt 0.118863 0.948567
vt 0.117322 0.944900
vt 0.115499 0.945409
vt 0.115499 0.945409
vt 0.114863 0.940968
vt 0.114863 0.940968
vt 0.116774 0.940960
vt 0.152798 0.891358
vt 0.152798 0.891358
vt 0.156202 0.955687
vt 0.156202 0.955687
vt 0.154976 0.953841
vt 0.154976 0.953841
vt 0.154976 0.953841
vt 0.149861 0.959146
vt 0.149861 0.959146
vt 0.131214 0.891358
vt 0.151162 0.960740
vt 0.144420 0.962706
vt 0.144420 0.962706
vt 0.112765 0.891358
vt 0.145317 0.964527
vt 0.138349 0.964816
vt 0.138349 0.964816
vt 0.094512 0.891358
vt 0.138770 0.966791
vt 0.132092 0.965348
vt 0.132092 0.965348
vt 0.077977 0.891358
vt 0.132032 0.967356
vt 0.008859 0.991660
vt 0.008859 0.891358
vt 0.106445 0.941003
vt 0.108403 0.940995
vt 0.108403 0.940995
vt 0.015942 0.891358
vt 0.107342 0.947642
vt 0.109215 0.947126
vt 0.109215 0.947126
vt 0.023025 0.891358
vt 0.109879 0.953842
vt 0.111567 0.952859
vt 0.111567 0.952859
vt 0.029926 0.891358
vt 0.113656 0.959184
vt 0.115065 0.957815
vt 0.115065 0.957815
vt 0.044456 0.891358
vt 0.118920 0.963400
vt 0.119945 0.961709
vt 0.119945 0.961709
vt 0.060945 0.891358
vt 0.125128 0.966188
vt 0.125702 0.964280
vt 0.125702 0.964280
vt 0.433917 0.950573
vt 0.432662 0.952044
vt 0.432662 0.952044
vt 0.459733 0.939505
vt 0.461502 0.939497
vt 0.461502 0.939497
vt 0.459226 0.943192
vt 0.460962 0.943659
vt 0.460962 0.943659
vt 0.457786 0.946676
vt 0.459354 0.947565
vt 0.459354 0.947565
vt 0.455497 0.949710
vt 0.456802 0.950974
vt 0.456802 0.950974
vt 0.452492 0.952096
vt 0.453450 0.953660
vt 0.453450 0.953660
vt 0.448959 0.953678
vt 0.449505 0.955431
vt 0.449505 0.955431
vt 0.445108 0.954366
vt 0.445230 0.956238
vt 0.445230 0.956238
vt 0.441143 0.954082
vt 0.440768 0.955967
vt 0.440768 0.955967
vt 0.437326 0.952788
vt 0.436491 0.954522
vt 0.436491 0.954522
vt 0.429541 0.948609
vt 0.429541 0.948609
vt 0.431185 0.947496
vt 0.429430 0.943746
vt 0.427509 0.944358
vt 0.427509 0.944358
vt 0.426777 0.939665
vt 0.426777 0.939665
vt 0.428366 0.939659
vt 0.467823 0.939467
vt 0.467823 0.939467
vt 0.552246 0.991660
vt 0.552246 0.891358
vt 0.469663 0.939456
vt 0.467136 0.945227
vt 0.467136 0.945227
vt 0.545163 0.891358
vt 0.468899 0.945673
vt 0.464992 0.950649
vt 0.464992 0.950649
vt 0.538081 0.891358
vt 0.466613 0.951530
vt 0.461523 0.955413
vt 0.461523 0.955413
vt 0.530998 0.891358
vt 0.462890 0.956695
vt 0.456954 0.959206
vt 0.456954 0.959206
vt 0.523915 0.891358
vt 0.457954 0.960777
vt 0.451540 0.961752
vt 0.451540 0.961752
vt 0.516349 0.891358
vt 0.452135 0.963546
vt 0.445728 0.962888
vt 0.445728 0.962888
vt 0.509901 0.891358
vt 0.445884 0.964787
vt 0.423383 0.952434
vt 0.423383 0.952434
vt 0.423383 0.952434
vt 0.481600 0.891358
vt 0.481600 0.891358
vt 0.422249 0.954297
vt 0.422249 0.954297
vt 0.488501 0.891358
vt 0.427065 0.959057
vt 0.428278 0.957461
vt 0.428278 0.957461
vt 0.495584 0.891358
vt 0.432862 0.962507
vt 0.433653 0.960722
vt 0.433653 0.960722
vt 0.502667 0.891358
vt 0.439202 0.964443
vt 0.439536 0.962549
vt 0.439536 0.962549
vt 0.220726 0.891358
vt 0.215259 0.964751
vt 0.213804 0.959574
vt 0.213804 0.959574
vt 0.365785 0.891358
vt 0.359778 0.963987
vt 0.360925 0.959077
vt 0.360925 0.959077
vt 0.403767 0.891358
vt 0.386635 0.957911
vt 0.385956 0.953304
vt 0.385956 0.953304
vt 0.410490 0.950605
vt 0.410490 0.950605
vt 0.442953 0.891358
vt 0.411484 0.952602
vt 0.175957 0.891358
vt 0.167077 0.953701
vt 0.167900 0.951612
vt 0.167900 0.951612
vt 0.191415 0.954035
vt 0.191415 0.954035
vt 0.199087 0.891358
vt 0.191018 0.958916
vt 0.149698 0.841195
vt 0.149698 0.841195
vt 0.147731 0.841686
vt 0.150884 0.845982
vt 0.150884 0.845982
vt 0.148875 0.845965
vt 0.147885 0.836803
vt 0.147885 0.836803
vt 0.146163 0.837817
vt 0.144926 0.833140
vt 0.144926 0.833140
vt 0.143575 0.834583
vt 0.141125 0.830494
vt 0.141125 0.830494
vt 0.140219 0.832225
vt 0.136814 0.828935
vt 0.136814 0.828935
vt 0.136379 0.830816
vt 0.132285 0.828449
vt 0.132285 0.828449
vt 0.132310 0.830397
vt 0.127730 0.829117
vt 0.127730 0.829117
vt 0.128255 0.830999
vt 0.123537 0.830897
vt 0.123537 0.830897
vt 0.124497 0.832564
vt 0.115485 0.841297
vt 0.115485 0.841297
vt 0.117311 0.841812
vt 0.118864 0.838139
vt 0.117235 0.837166
vt 0.117235 0.837166
vt 0.116752 0.845763
vt 0.114835 0.845751
vt 0.114835 0.845751
vt 0.119967 0.833646
vt 0.119967 0.833646
vt 0.121301 0.834988
vt 0.154523 0.833253
vt 0.154523 0.833253
vt 0.152798 0.896257
vt 0.152798 0.896257
vt 0.155810 0.831529
vt 0.131214 0.896257
vt 0.151004 0.826384
vt 0.149679 0.827923
vt 0.149679 0.827923
vt 0.112765 0.896257
vt 0.145293 0.822501
vt 0.144368 0.824290
vt 0.144368 0.824290
vt 0.094512 0.896257
vt 0.138825 0.820138
vt 0.138375 0.822095
vt 0.138375 0.822095
vt 0.077977 0.896257
vt 0.132123 0.819481
vt 0.132159 0.821482
vt 0.132159 0.821482
vt 0.109186 0.839555
vt 0.109186 0.839555
vt 0.015942 0.896257
vt 0.107308 0.839030
vt 0.108352 0.845708
vt 0.108352 0.845708
vt 0.008859 0.986761
vt 0.008859 0.896257
vt 0.106386 0.845696
vt 0.111568 0.833812
vt 0.111568 0.833812
vt 0.023025 0.896257
vt 0.109883 0.832821
vt 0.115099 0.828864
vt 0.115099 0.828864
vt 0.029926 0.896257
vt 0.113697 0.827484
vt 0.120007 0.824999
vt 0.120007 0.824999
vt 0.044456 0.896257
vt 0.118996 0.823301
vt 0.125778 0.822479
vt 0.125778 0.822479
vt 0.060945 0.896257
vt 0.125224 0.820569
vt 0.545163 0.896257
vt 0.470062 0.841246
vt 0.468141 0.841749
vt 0.468141 0.841749
vt 0.552246 0.986761
vt 0.552246 0.896257
vt 0.470916 0.848029
vt 0.468912 0.848019
vt 0.468912 0.848019
vt 0.538081 0.896257
vt 0.467514 0.834943
vt 0.465798 0.835904
vt 0.465798 0.835904
vt 0.530998 0.896257
vt 0.463480 0.829491
vt 0.462046 0.830858
vt 0.462046 0.830858
vt 0.523915 0.896257
vt 0.458191 0.825198
vt 0.457142 0.826890
vt 0.457142 0.826890
vt 0.516832 0.896257
vt 0.451953 0.822378
vt 0.451364 0.824288
vt 0.451364 0.824288
vt 0.509901 0.896257
vt 0.445327 0.821221
vt 0.445215 0.823226
vt 0.445215 0.823226
vt 0.481600 0.896257
vt 0.481600 0.896257
vt 0.421240 0.833184
vt 0.422568 0.834902
vt 0.422568 0.834902
vt 0.427212 0.829541
vt 0.427212 0.829541
vt 0.488501 0.896257
vt 0.425869 0.827962
vt 0.432634 0.825906
vt 0.432634 0.825906
vt 0.495584 0.896257
vt 0.431729 0.824079
vt 0.438717 0.823765
vt 0.438717 0.823765
vt 0.502667 0.896257
vt 0.438300 0.821789
vt 0.442953 0.896257
vt 0.411323 0.835349
vt 0.410329 0.837488
vt 0.410329 0.837488
vt 0.199087 0.896257
vt 0.190862 0.829084
vt 0.191253 0.833588
vt 0.191253 0.833588
vt 0.213642 0.827816
vt 0.213642 0.827816
vt 0.220726 0.896257
vt 0.214344 0.821871
vt 0.360763 0.828874
vt 0.360763 0.828874
vt 0.365785 0.896257
vt 0.360371 0.823128
vt 0.385794 0.834997
vt 0.385794 0.834997
vt 0.403767 0.896257
vt 0.386468 0.830740
vt 0.167738 0.835817
vt 0.167738 0.835817
vt 0.175957 0.896257
vt 0.166916 0.833730
vt 0.158911 0.933382
vt 0.419264 0.932399
vt 0.214862 0.929196
vt 0.359695 0.928530
vt 0.384220 0.931522
vt 0.408454 0.932786
vt 0.169752 0.933799
vt 0.192905 0.932374
vt 0.158188 0.853193
vt 0.418665 0.854840
vt 0.408292 0.854066
vt 0.192743 0.854066
vt 0.214700 0.857481
vt 0.359533 0.858374
vt 0.384059 0.855212
vt 0.169591 0.852641
vt 0.121202 0.930161
vt 0.119852 0.928834
vt 0.119852 0.928834
vt 0.148130 0.936565
vt 0.150151 0.936017
vt 0.150151 0.936017
vt 0.146441 0.932644
vt 0.148171 0.931566
vt 0.148171 0.931566
vt 0.143717 0.929425
vt 0.145051 0.927921
vt 0.145051 0.927921
vt 0.140248 0.927111
vt 0.141126 0.925335
vt 0.141126 0.925335
vt 0.136327 0.925763
vt 0.136730 0.923852
vt 0.136730 0.923852
vt 0.132207 0.925411
vt 0.132149 0.923447
vt 0.132149 0.923447
vt 0.128130 0.926077
vt 0.127575 0.924193
vt 0.127575 0.924193
vt 0.124376 0.927697
vt 0.123392 0.926038
vt 0.123392 0.926038
vt 0.117163 0.932381
vt 0.117163 0.932381
vt 0.118800 0.933335
vt 0.117290 0.937015
vt 0.115462 0.936522
vt 0.115462 0.936522
vt 0.152798 0.991660
vt 0.152798 0.991660
vt 0.156078 0.925903
vt 0.156078 0.925903
vt 0.154868 0.927759
vt 0.154868 0.927759
vt 0.154868 0.927759
vt 0.149708 0.922497
vt 0.149708 0.922497
vt 0.131214 0.991660
vt 0.150995 0.920892
vt 0.144237 0.918983
vt 0.144237 0.918983
vt 0.112765 0.991660
vt 0.145119 0.917155
vt 0.138148 0.916924
vt 0.138148 0.916924
vt 0.094512 0.991660
vt 0.138554 0.914945
vt 0.131888 0.916444
vt 0.131888 0.916444
vt 0.077977 0.991660
vt 0.131811 0.914437
vt 0.015942 0.991660
vt 0.107286 0.934356
vt 0.109164 0.934857
vt 0.109164 0.934857
vt 0.023025 0.991660
vt 0.109771 0.928136
vt 0.111468 0.929104
vt 0.111468 0.929104
vt 0.029926 0.991660
vt 0.113504 0.922762
vt 0.114924 0.924119
vt 0.114924 0.924119
vt 0.044456 0.991660
vt 0.118733 0.918502
vt 0.119771 0.920184
vt 0.119771 0.920184
vt 0.060945 0.991660
vt 0.124917 0.915662
vt 0.125506 0.917565
vt 0.125506 0.917565
vt 0.433828 0.928698
vt 0.432561 0.927236
vt 0.432561 0.927236
vt 0.459195 0.935824
vt 0.460923 0.935343
vt 0.460923 0.935343
vt 0.457729 0.932363
vt 0.459284 0.931462
vt 0.459284 0.931462
vt 0.455420 0.929363
vt 0.456710 0.928090
vt 0.456710 0.928090
vt 0.452398 0.927012
vt 0.453340 0.925442
vt 0.453340 0.925442
vt 0.448852 0.925462
vt 0.449381 0.923705
vt 0.449381 0.923705
vt 0.444992 0.924808
vt 0.445099 0.922935
vt 0.445099 0.922935
vt 0.441029 0.925127
vt 0.440637 0.923245
vt 0.440637 0.923245
vt 0.437220 0.926454
vt 0.436371 0.924726
vt 0.436371 0.924726
vt 0.429468 0.930699
vt 0.429468 0.930699
vt 0.431121 0.931798
vt 0.429397 0.935563
vt 0.427471 0.934967
vt 0.427471 0.934967
vt 0.467062 0.933714
vt 0.467062 0.933714
vt 0.545163 0.991660
vt 0.468827 0.933240
vt 0.464877 0.928325
vt 0.464877 0.928325
vt 0.538081 0.991660
vt 0.466467 0.927434
vt 0.461386 0.923623
vt 0.461386 0.923623
vt 0.530998 0.991660
vt 0.462730 0.922350
vt 0.456795 0.919883
vt 0.456795 0.919883
vt 0.523915 0.991660
vt 0.457794 0.918299
vt 0.451363 0.917368
vt 0.451363 0.917368
vt 0.516591 0.991660
vt 0.451945 0.915567
vt 0.445540 0.916279
vt 0.445540 0.916279
vt 0.509901 0.991660
vt 0.445680 0.914377
vt 0.423277 0.926925
vt 0.423277 0.926925
vt 0.423277 0.926925
vt 0.481600 0.991660
vt 0.481600 0.991660
vt 0.422127 0.925071
vt 0.422127 0.925071
vt 0.488501 0.991660
vt 0.426904 0.920269
vt 0.428130 0.921856
vt 0.428130 0.921856
vt 0.495584 0.991660
vt 0.432673 0.916770
vt 0.433480 0.918549
vt 0.433480 0.918549
vt 0.502667 0.991660
vt 0.438998 0.914779
vt 0.439348 0.916671
vt 0.439348 0.916671
vt 0.220726 0.991660
vt 0.215088 0.916456
vt 0.213645 0.921536
vt 0.213645 0.921536
vt 0.365785 0.991660
vt 0.359607 0.915792
vt 0.360765 0.920803
vt 0.360765 0.920803
vt 0.403767 0.991660
vt 0.386507 0.921603
vt 0.385843 0.926367
vt 0.385843 0.926367
vt 0.410400 0.928861
vt 0.410400 0.928861
vt 0.442953 0.991660
vt 0.411377 0.926855
vt 0.175957 0.991660
vt 0.166969 0.927799
vt 0.167809 0.929881
vt 0.167809 0.929881
vt 0.191303 0.927261
vt 0.191303 0.927261
vt 0.199087 0.991660
vt 0.190890 0.922535
vt 0.149635 0.850760
vt 0.149635 0.850760
vt 0.147675 0.850243
vt 0.147766 0.855128
vt 0.147766 0.855128
vt 0.146057 0.854092
vt 0.144759 0.858752
vt 0.144759 0.858752
vt 0.143427 0.857292
vt 0.140924 0.861348
vt 0.140924 0.861348
vt 0.140040 0.859605
vt 0.136593 0.862851
vt 0.136593 0.862851
vt 0.136183 0.860964
vt 0.132058 0.863278
vt 0.132058 0.863278
vt 0.132109 0.861331
vt 0.127512 0.862550
vt 0.127512 0.862550
vt 0.128061 0.860676
vt 0.123342 0.860716
vt 0.123342 0.860716
vt 0.124325 0.859062
vt 0.115427 0.850212
vt 0.115427 0.850212
vt 0.117260 0.849721
vt 0.118764 0.853414
vt 0.117123 0.854366
vt 0.117123 0.854366
vt 0.119809 0.857920
vt 0.119809 0.857920
vt 0.121160 0.856596
vt 0.154357 0.858764
vt 0.154357 0.858764
vt 0.152798 0.986761
vt 0.152798 0.986761
vt 0.155621 0.860505
vt 0.131214 0.986761
vt 0.150749 0.865586
vt 0.149443 0.864030
vt 0.149443 0.864030
vt 0.112765 0.986761
vt 0.144987 0.869395
vt 0.144086 0.867595
vt 0.144086 0.867595
vt 0.094512 0.986761
vt 0.138489 0.871674
vt 0.138065 0.869711
vt 0.138065 0.869711
vt 0.077977 0.986761
vt 0.131780 0.872243
vt 0.131841 0.870243
vt 0.131841 0.870243
vt 0.109106 0.851872
vt 0.109106 0.851872
vt 0.015942 0.986761
vt 0.107221 0.852372
vt 0.111413 0.857646
vt 0.111413 0.857646
vt 0.023025 0.986761
vt 0.109715 0.858615
vt 0.114879 0.862639
vt 0.114879 0.862639
vt 0.029926 0.986761
vt 0.113458 0.864001
vt 0.119736 0.866568
vt 0.119736 0.866568
vt 0.044456 0.986761
vt 0.118703 0.868253
vt 0.125474 0.869163
vt 0.125474 0.869163
vt 0.060945 0.986761
vt 0.124895 0.871065
vt 0.545163 0.986761
vt 0.469990 0.854793
vt 0.468086 0.854278
vt 0.468086 0.854278
vt 0.538081 0.986761
vt 0.467385 0.861078
vt 0.465663 0.860096
vt 0.465663 0.860096
vt 0.530998 0.986761
vt 0.463279 0.866501
vt 0.461857 0.865114
vt 0.461857 0.865114
vt 0.523915 0.986761
vt 0.457929 0.870736
vt 0.456899 0.869028
vt 0.456899 0.869028
vt 0.517074 0.986761
vt 0.451646 0.873482
vt 0.451079 0.871561
vt 0.451079 0.871561
vt 0.509901 0.986761
vt 0.444992 0.874557
vt 0.444905 0.872546
vt 0.444905 0.872546
vt 0.481600 0.986761
vt 0.481600 0.986761
vt 0.421048 0.862243
vt 0.422397 0.860544
vt 0.422397 0.860544
vt 0.426954 0.865969
vt 0.426954 0.865969
vt 0.488501 0.986761
vt 0.425593 0.867515
vt 0.432329 0.869675
vt 0.432329 0.869675
vt 0.495584 0.986761
vt 0.431383 0.871504
vt 0.438399 0.871919
vt 0.438399 0.871919
vt 0.502667 0.986761
vt 0.437953 0.873897
vt 0.442953 0.986761
vt 0.411215 0.859940
vt 0.410238 0.857796
vt 0.410238 0.857796
vt 0.199087 0.986761
vt 0.190733 0.863175
vt 0.191142 0.858877
vt 0.191142 0.858877
vt 0.213483 0.864926
vt 0.213483 0.864926
vt 0.220726 0.986761
vt 0.214171 0.870694
vt 0.360603 0.865812
vt 0.360603 0.865812
vt 0.365785 0.986761
vt 0.360199 0.871729
vt 0.385682 0.859994
vt 0.385682 0.859994
vt 0.403767 0.986761
vt 0.386340 0.864453
vt 0.167648 0.856360
vt 0.167648 0.856360
vt 0.175957 0.986761
vt 0.166807 0.858442
vt 0.288939 0.958000
vt 0.279264 0.958023
vt 0.279191 0.940281
vt 0.288757 0.940241
vt 0.279103 0.828681
vt 0.288777 0.828718
vt 0.288595 0.846867
vt 0.279029 0.846803
vt 0.294920 0.975769
vt 0.299753 0.891358
vt 0.274188 0.975769
vt 0.271303 0.891358
vt 0.279347 0.973630
vt 0.279347 0.973630
vt 0.288958 0.973673
vt 0.288958 0.973673
vt 0.288796 0.813065
vt 0.288796 0.813065
vt 0.279185 0.813079
vt 0.279185 0.813079
vt 0.271303 0.896257
vt 0.275012 0.810913
vt 0.299753 0.896257
vt 0.293712 0.810913
vt 0.279116 0.922540
vt 0.288790 0.922481
vt 0.288629 0.865016
vt 0.278954 0.864926
vt 0.273566 0.904792
vt 0.271303 0.991660
vt 0.294298 0.904710
vt 0.299753 0.991660
vt 0.288678 0.906809
vt 0.288678 0.906809
vt 0.279068 0.906933
vt 0.279068 0.906933
vt 0.278907 0.880527
vt 0.278907 0.880527
vt 0.288517 0.880668
vt 0.288517 0.880668
vt 0.299753 0.986761
vt 0.293150 0.882817
vt 0.271303 0.986761
vt 0.274452 0.882691
vt 0.459471 0.844014
vt 0.461781 0.843409
vt 0.461781 0.843409
vt 0.462379 0.847983
vt 0.462379 0.847983
vt 0.459995 0.847970
vt 0.457982 0.840283
vt 0.460095 0.839112
vt 0.460095 0.839112
vt 0.455608 0.837048
vt 0.457347 0.835378
vt 0.457347 0.835378
vt 0.452458 0.834563
vt 0.453703 0.832517
vt 0.453703 0.832517
vt 0.448786 0.832921
vt 0.449474 0.830625
vt 0.449474 0.830625
vt 0.444795 0.832287
vt 0.444897 0.829860
vt 0.444897 0.829860
vt 0.440727 0.832684
vt 0.440183 0.830292
vt 0.440183 0.830292
vt 0.436851 0.834106
vt 0.435708 0.831902
vt 0.435708 0.831902
vt 0.428990 0.843520
vt 0.426621 0.842779
vt 0.426621 0.842779
vt 0.428538 0.838435
vt 0.428538 0.838435
vt 0.430711 0.839720
vt 0.428710 0.847766
vt 0.426070 0.847748
vt 0.426070 0.847748
vt 0.433424 0.836495
vt 0.431720 0.834618
vt 0.431720 0.834618
vt 0.461739 0.852554
vt 0.461739 0.852554
vt 0.459422 0.851926
vt 0.459991 0.856828
vt 0.459991 0.856828
vt 0.457901 0.855646
vt 0.457208 0.860533
vt 0.457208 0.860533
vt 0.455492 0.858843
vt 0.453528 0.863349
vt 0.453528 0.863349
vt 0.452309 0.861287
vt 0.449269 0.865188
vt 0.449269 0.865188
vt 0.448611 0.862880
vt 0.444674 0.865894
vt 0.444674 0.865894
vt 0.444605 0.863461
vt 0.439955 0.865397
vt 0.439955 0.865397
vt 0.440533 0.863008
vt 0.435493 0.863721
vt 0.435493 0.863721
vt 0.436667 0.861530
vt 0.426554 0.852723
vt 0.426554 0.852723
vt 0.428932 0.852014
vt 0.430600 0.855836
vt 0.428410 0.857092
vt 0.428410 0.857092
vt 0.431539 0.860950
vt 0.431539 0.860950
vt 0.433268 0.859096
vt 0.338287 0.954445
vt 0.313380 0.956845
vt 0.313113 0.940140
vt 0.338069 0.940035
vt 0.313188 0.829796
vt 0.338218 0.832565
vt 0.337997 0.847194
vt 0.312922 0.847029
vt 0.313817 0.969802
vt 0.313817 0.969802
vt 0.338551 0.964724
vt 0.338551 0.964724
vt 0.341458 0.891358
vt 0.339543 0.968783
vt 0.318554 0.891358
vt 0.317250 0.972895
vt 0.318543 0.896257
vt 0.315633 0.809856
vt 0.341532 0.896257
vt 0.338678 0.814358
vt 0.338494 0.822032
vt 0.338494 0.822032
vt 0.313623 0.816454
vt 0.313623 0.816454
vt 0.313240 0.923433
vt 0.338166 0.925625
vt 0.338098 0.861827
vt 0.313048 0.864267
vt 0.338345 0.915344
vt 0.338345 0.915344
vt 0.313569 0.910472
vt 0.313569 0.910472
vt 0.318554 0.991660
vt 0.316873 0.907361
vt 0.341458 0.991660
vt 0.339317 0.911232
vt 0.341532 0.986761
vt 0.338458 0.880171
vt 0.318543 0.986761
vt 0.315283 0.884285
vt 0.313375 0.877615
vt 0.313375 0.877615
vt 0.338288 0.872366
vt 0.338288 0.872366
vt 0.313380 0.956845
vt 0.338287 0.954445
vt 0.338069 0.940035
vt 0.313113 0.940140
vt 0.338218 0.832566
vt 0.313188 0.829796
vt 0.312922 0.847029
vt 0.337997 0.847194
vt 0.338551 0.964724
vt 0.338551 0.964724
vt 0.313817 0.969802
vt 0.313817 0.969802
vt 0.317250 0.972895
vt 0.318554 0.891358
vt 0.339543 0.968783
vt 0.341458 0.891358
vt 0.341532 0.896257
vt 0.338678 0.814358
vt 0.318543 0.896257
vt 0.315633 0.809856
vt 0.313623 0.816454
vt 0.313623 0.816454
vt 0.338494 0.822032
vt 0.338494 0.822032
vt 0.338166 0.925625
vt 0.313240 0.923433
vt 0.313048 0.864267
vt 0.338098 0.861827
vt 0.313569 0.910472
vt 0.313569 0.910472
vt 0.338345 0.915344
vt 0.338345 0.915344
vt 0.339317 0.911232
vt 0.341458 0.991660
vt 0.316873 0.907361
vt 0.318554 0.991660
vt 0.318543 0.986761
vt 0.315283 0.884285
vt 0.341532 0.986761
vt 0.338458 0.880171
vt 0.338288 0.872366
vt 0.338288 0.872366
vt 0.313375 0.877616
vt 0.313375 0.877616
vt 0.255655 0.956971
vt 0.233528 0.954765
vt 0.233625 0.940467
vt 0.255824 0.940379
vt 0.233330 0.831978
vt 0.255493 0.829572
vt 0.255662 0.846648
vt 0.233394 0.846501
vt 0.233060 0.964956
vt 0.233060 0.964956
vt 0.254977 0.969768
vt 0.254977 0.969768
vt 0.252847 0.891358
vt 0.252070 0.973055
vt 0.235968 0.891358
vt 0.232454 0.969272
vt 0.235952 0.896257
vt 0.233033 0.813838
vt 0.252846 0.896257
vt 0.253335 0.809755
vt 0.254815 0.816454
vt 0.254815 0.816454
vt 0.232858 0.821568
vt 0.232858 0.821568
vt 0.233409 0.926180
vt 0.255517 0.923789
vt 0.255354 0.863719
vt 0.233210 0.861021
vt 0.254732 0.910998
vt 0.254732 0.910998
vt 0.232855 0.915993
vt 0.232855 0.915993
vt 0.235968 0.991660
vt 0.232229 0.911726
vt 0.252847 0.991660
vt 0.251701 0.907727
vt 0.252846 0.986761
vt 0.252992 0.883442
vt 0.235952 0.986761
vt 0.232813 0.879014
vt 0.232653 0.871422
vt 0.232653 0.871422
vt 0.254570 0.876824
vt 0.254570 0.876824
vt 0.233528 0.954765
vt 0.255655 0.956971
vt 0.255824 0.940379
vt 0.233625 0.940467
vt 0.255493 0.829572
vt 0.233330 0.831978
vt 0.233394 0.846501
vt 0.255662 0.846648
vt 0.254977 0.969768
vt 0.254977 0.969768
vt 0.233060 0.964956
vt 0.233060 0.964956
vt 0.232454 0.969272
vt 0.235968 0.891358
vt 0.252070 0.973055
vt 0.252847 0.891358
vt 0.252846 0.896257
vt 0.253335 0.809755
vt 0.235952 0.896257
vt 0.233033 0.813838
vt 0.232858 0.821568
vt 0.232858 0.821568
vt 0.254815 0.816454
vt 0.254815 0.816454
vt 0.255517 0.923789
vt 0.233409 0.926180
vt 0.233210 0.861021
vt 0.255354 0.863719
vt 0.232855 0.915993
vt 0.232855 0.915993
vt 0.254732 0.910998
vt 0.254732 0.910998
vt 0.251701 0.907727
vt 0.252847 0.991660
vt 0.232229 0.911726
vt 0.235968 0.991660
vt 0.235952 0.986761
vt 0.232813 0.879014
vt 0.252846 0.986761
vt 0.252992 0.883442
vt 0.254570 0.876824
vt 0.254570 0.876824
vt 0.232653 0.871422
vt 0.232653 0.871422
vt 0.210289 0.472340
vt 0.487564 0.472340
vt 0.230090 0.472340
vt 0.249917 0.472340
vt 0.269747 0.472340
vt 0.279638 0.472340
vt 0.289529 0.472340
vt 0.309355 0.472340
vt 0.329163 0.472340
vt 0.348927 0.472340
vt 0.368690 0.472340
vt 0.388498 0.472340
vt 0.408324 0.472340
vt 0.418215 0.472340
vt 0.428106 0.472340
vt 0.447937 0.472340
vt 0.467764 0.472340
vt 0.210185 0.485152
vt 0.462886 0.485152
vt 0.210289 0.479188
vt 0.487564 0.479188
vt 0.228193 0.485152
vt 0.230090 0.479188
vt 0.246288 0.485152
vt 0.249917 0.479188
vt 0.264372 0.485152
vt 0.269747 0.479188
vt 0.273405 0.485152
vt 0.279638 0.479188
vt 0.282423 0.485152
vt 0.289529 0.479188
vt 0.300492 0.485152
vt 0.309355 0.479188
vt 0.318537 0.485152
vt 0.329163 0.479188
vt 0.336535 0.485152
vt 0.348927 0.479188
vt 0.354534 0.485152
vt 0.368690 0.479188
vt 0.372579 0.485152
vt 0.388498 0.479188
vt 0.390648 0.485152
vt 0.408324 0.479188
vt 0.399666 0.485152
vt 0.418215 0.479188
vt 0.408699 0.485152
vt 0.428106 0.479188
vt 0.426783 0.485152
vt 0.447937 0.479188
vt 0.444878 0.485152
vt 0.467764 0.479188
vt 0.210289 0.474632
vt 0.487564 0.474632
vt 0.210289 0.476816
vt 0.487564 0.476816
vt 0.230090 0.476816
vt 0.230090 0.474632
vt 0.249917 0.476816
vt 0.249917 0.474632
vt 0.269747 0.476816
vt 0.269747 0.474632
vt 0.279638 0.476816
vt 0.279638 0.474632
vt 0.289529 0.476816
vt 0.289529 0.474632
vt 0.309355 0.476816
vt 0.309355 0.474632
vt 0.329163 0.476816
vt 0.329163 0.474632
vt 0.348927 0.476816
vt 0.348927 0.474632
vt 0.368690 0.476816
vt 0.368690 0.474632
vt 0.388498 0.476816
vt 0.388498 0.474632
vt 0.408324 0.476816
vt 0.408324 0.474632
vt 0.418215 0.476816
vt 0.418215 0.474632
vt 0.428106 0.476816
vt 0.428106 0.474632
vt 0.447937 0.476816
vt 0.447937 0.474632
vt 0.467764 0.476816
vt 0.467764 0.474632
vt 0.210185 0.500251
vt 0.462886 0.500251
vt 0.210104 0.505160
vt 0.401198 0.505160
vt 0.228193 0.500251
vt 0.223688 0.505160
vt 0.246288 0.500251
vt 0.237352 0.505160
vt 0.264372 0.500251
vt 0.251028 0.505160
vt 0.273405 0.500251
vt 0.257860 0.505160
vt 0.282423 0.500251
vt 0.264692 0.505160
vt 0.300492 0.500251
vt 0.278369 0.505160
vt 0.318537 0.500251
vt 0.292029 0.505160
vt 0.336535 0.500251
vt 0.305651 0.505160
vt 0.354534 0.500251
vt 0.319273 0.505160
vt 0.372579 0.500251
vt 0.332933 0.505160
vt 0.390648 0.500251
vt 0.346610 0.505160
vt 0.399666 0.500251
vt 0.353442 0.505160
vt 0.408699 0.500251
vt 0.360274 0.505160
vt 0.426783 0.500251
vt 0.373950 0.505160
vt 0.444878 0.500251
vt 0.387615 0.505160
vt 0.210185 0.495668
vt 0.462886 0.495668
vt 0.210185 0.490338
vt 0.462886 0.490338
vt 0.228193 0.490338
vt 0.228193 0.495668
vt 0.246288 0.490338
vt 0.246288 0.495668
vt 0.264372 0.490338
vt 0.264372 0.495668
vt 0.273405 0.490338
vt 0.273405 0.495668
vt 0.282423 0.490338
vt 0.282423 0.495668
vt 0.300492 0.490338
vt 0.300492 0.495668
vt 0.318537 0.490338
vt 0.318537 0.495668
vt 0.336535 0.490338
vt 0.336535 0.495668
vt 0.354534 0.490338
vt 0.354534 0.495668
vt 0.372579 0.490338
vt 0.372579 0.495668
vt 0.390648 0.490338
vt 0.390648 0.495668
vt 0.399666 0.490338
vt 0.399666 0.495668
vt 0.408699 0.490338
vt 0.408699 0.495668
vt 0.426783 0.490338
vt 0.426783 0.495668
vt 0.444878 0.490338
vt 0.444878 0.495668
vt 0.387615 0.518192
vt 0.373950 0.518192
vt 0.360274 0.518192
vt 0.353442 0.518192
vt 0.346610 0.518192
vt 0.332933 0.518192
vt 0.319273 0.518192
vt 0.305651 0.518192
vt 0.292029 0.518192
vt 0.278369 0.518192
vt 0.264692 0.518192
vt 0.257860 0.518192
vt 0.251028 0.518192
vt 0.237352 0.518192
vt 0.223688 0.518192
vt 0.210104 0.518192
vt 0.401198 0.518192
vt 0.210104 0.513519
vt 0.401198 0.513519
vt 0.223688 0.513519
vt 0.237352 0.513519
vt 0.251028 0.513519
vt 0.257860 0.513519
vt 0.264692 0.513519
vt 0.278369 0.513519
vt 0.292029 0.513519
vt 0.305651 0.513519
vt 0.319273 0.513519
vt 0.332933 0.513519
vt 0.346610 0.513519
vt 0.353442 0.513519
vt 0.360274 0.513519
vt 0.373950 0.513519
vt 0.387615 0.513519
vt 0.210104 0.509827
vt 0.401198 0.509827
vt 0.210104 0.507582
vt 0.401198 0.507582
vt 0.223688 0.507582
vt 0.223688 0.509827
vt 0.237352 0.507582
vt 0.237352 0.509827
vt 0.251028 0.507582
vt 0.251028 0.509827
vt 0.257860 0.507582
vt 0.257860 0.509827
vt 0.264692 0.507582
vt 0.264692 0.509827
vt 0.278369 0.507582
vt 0.278369 0.509827
vt 0.292029 0.507582
vt 0.292029 0.509827
vt 0.305651 0.507582
vt 0.305651 0.509827
vt 0.319273 0.507582
vt 0.319273 0.509827
vt 0.332933 0.507582
vt 0.332933 0.509827
vt 0.346610 0.507582
vt 0.346610 0.509827
vt 0.353442 0.507582
vt 0.353442 0.509827
vt 0.360274 0.507582
vt 0.360274 0.509827
vt 0.373950 0.507582
vt 0.373950 0.509827
vt 0.387615 0.507582
vt 0.387615 0.509827
vt 0.664303 0.508754
vt 0.387615 0.522047
vt 0.655855 0.509537
vt 0.373950 0.522047
vt 0.647326 0.511917
vt 0.360274 0.522047
vt 0.637139 0.515185
vt 0.643291 0.514131
vt 0.353442 0.522047
vt 0.633099 0.512981
vt 0.346610 0.522047
vt 0.624564 0.510623
vt 0.332933 0.522047
vt 0.616113 0.509861
vt 0.319273 0.522047
vt 0.305651 0.522047
vt 0.608064 0.509826
vt 0.600014 0.509831
vt 0.292029 0.522047
vt 0.591561 0.510561
vt 0.278369 0.522047
vt 0.583017 0.512888
vt 0.264692 0.522047
vt 0.578969 0.515077
vt 0.701461 0.513876
vt 0.257860 0.522047
vt 0.697407 0.511697
vt 0.251028 0.522047
vt 0.688857 0.509392
vt 0.237352 0.522047
vt 0.680402 0.508683
vt 0.223688 0.522047
vt 0.210104 0.522047
vt 0.401198 0.522047
vt 0.672353 0.508699
vt 0.664585 0.514026
vt 0.656865 0.514877
vt 0.649562 0.516914
vt 0.634092 0.519552
vt 0.646349 0.518491
vt 0.630875 0.517983
vt 0.623567 0.515964
vt 0.615845 0.515133
vt 0.608054 0.514901
vt 0.600263 0.515104
vt 0.592538 0.515907
vt 0.585222 0.517899
vt 0.581999 0.519456
vt 0.698441 0.518262
vt 0.695214 0.516714
vt 0.687894 0.514740
vt 0.680167 0.513957
vt 0.672375 0.513774
vt 0.665333 0.521138
vt 0.658416 0.521844
vt 0.651952 0.523249
vt 0.631407 0.525308
vt 0.649049 0.524240
vt 0.628501 0.524324
vt 0.622034 0.522936
vt 0.615115 0.522248
vt 0.608041 0.522087
vt 0.600966 0.522221
vt 0.594045 0.522884
vt 0.587573 0.524248
vt 0.584664 0.525222
vt 0.695791 0.524035
vt 0.692880 0.523069
vt 0.686404 0.521721
vt 0.679481 0.521076
vt 0.672406 0.520959
vt 0.666023 0.528769
vt 0.659743 0.529250
vt 0.027020 0.748405
vt 0.651947 0.530416
vt 0.026821 0.752714
vt 0.629472 0.531774
vt 0.651000 0.530701
vt 0.026822 0.753813
vt 0.026529 0.761609
vt 0.628525 0.531492
vt 0.026822 0.754912
vt 0.620726 0.530345
vt 0.614444 0.529880
vt 0.608027 0.529718
vt 0.601609 0.529856
vt 0.595326 0.530298
vt 0.053015 0.761609
vt 0.587523 0.531416
vt 0.053321 0.754912
vt 0.586574 0.531695
vt 0.693898 0.530513
vt 0.053321 0.753813
vt 0.053506 0.748405
vt 0.692948 0.530236
vt 0.053322 0.752714
vt 0.685143 0.529138
vt 0.678858 0.528713
vt 0.672440 0.528591
vt 0.669266 0.581550
vt 0.665910 0.582981
vt 0.032530 0.694793
vt 0.662256 0.586712
vt 0.032039 0.815221
vt 0.618358 0.587812
vt 0.614695 0.584092
vt 0.611336 0.582670
vt 0.607930 0.582199
vt 0.604522 0.582657
vt 0.601158 0.584067
vt 0.047506 0.815221
vt 0.597481 0.587773
vt 0.047996 0.694793
vt 0.683134 0.586620
vt 0.679447 0.582922
vt 0.676080 0.581520
vt 0.672670 0.581071
vt 0.667873 0.575056
vt 0.668352 0.577625
vt 0.663830 0.578933
vt 0.662808 0.576125
vt 0.028704 0.696782
vt 0.657168 0.582927
vt 0.027753 0.699730
vt 0.654947 0.579180
vt 0.027263 0.810284
vt 0.625649 0.580264
vt 0.028214 0.813232
vt 0.623437 0.584017
vt 0.616765 0.580038
vt 0.617779 0.577228
vt 0.612239 0.578742
vt 0.612712 0.576172
vt 0.607942 0.575845
vt 0.607937 0.578371
vt 0.603633 0.578726
vt 0.603170 0.576154
vt 0.599103 0.580006
vt 0.598099 0.577192
vt 0.052282 0.810284
vt 0.590218 0.580198
vt 0.051331 0.813232
vt 0.592416 0.583959
vt 0.051821 0.696782
vt 0.688188 0.582791
vt 0.052772 0.699730
vt 0.690377 0.579025
vt 0.681492 0.578855
vt 0.682489 0.576038
vt 0.677415 0.575014
vt 0.676958 0.577587
vt 0.672643 0.574717
vt 0.672654 0.577243
vt 0.039772 0.815492
vt 0.607915 0.590096
vt 0.033571 0.815357
vt 0.616209 0.588740
vt 0.036331 0.815454
vt 0.612490 0.589669
vt 0.043214 0.815454
vt 0.603342 0.589652
vt 0.045974 0.815357
vt 0.599627 0.588709
vt 0.036821 0.694560
vt 0.668129 0.588552
vt 0.043705 0.694560
vt 0.677277 0.588512
vt 0.046465 0.694656
vt 0.680991 0.587560
vt 0.040263 0.694521
vt 0.672705 0.588968
vt 0.034061 0.694656
vt 0.664407 0.587633
vt 0.040072 0.753811
vt 0.039772 0.762005
vt 0.040071 0.754910
vt 0.040263 0.748009
vt 0.040072 0.752712
vt 0.039772 0.810472
vt 0.039772 0.813459
vt 0.040263 0.699541
vt 0.040263 0.696555
vt 0.036331 0.813423
vt 0.036821 0.696590
vt 0.032039 0.810359
vt 0.033571 0.813359
vt 0.032530 0.699655
vt 0.034061 0.696655
vt 0.043214 0.813423
vt 0.043705 0.696590
vt 0.047506 0.810359
vt 0.045974 0.813359
vt 0.047996 0.699655
vt 0.046465 0.696655
vt 0.047996 0.748186
vt 0.047807 0.752714
vt 0.047506 0.813318
vt 0.047996 0.696695
vt 0.047807 0.753812
vt 0.047506 0.761828
vt 0.047807 0.754912
vt 0.032336 0.753812
vt 0.032039 0.761828
vt 0.032336 0.754911
vt 0.032530 0.748186
vt 0.032335 0.752713
vt 0.032039 0.813318
vt 0.032530 0.696695
vt 0.210289 0.472340
vt 0.487564 0.472340
vt 0.230090 0.472340
vt 0.249917 0.472340
vt 0.269747 0.472340
vt 0.279638 0.472340
vt 0.289529 0.472340
vt 0.309355 0.472340
vt 0.329163 0.472340
vt 0.348927 0.472340
vt 0.368690 0.472340
vt 0.388498 0.472340
vt 0.408324 0.472340
vt 0.418215 0.472340
vt 0.428106 0.472340
vt 0.447937 0.472340
vt 0.467764 0.472340
vt 0.210185 0.485152
vt 0.462886 0.485152
vt 0.210289 0.479188
vt 0.487564 0.479188
vt 0.228193 0.485152
vt 0.230090 0.479188
vt 0.246288 0.485152
vt 0.249917 0.479188
vt 0.264372 0.485152
vt 0.269747 0.479188
vt 0.273405 0.485152
vt 0.279638 0.479188
vt 0.282423 0.485152
vt 0.289529 0.479188
vt 0.300492 0.485152
vt 0.309355 0.479188
vt 0.318537 0.485152
vt 0.329163 0.479188
vt 0.336535 0.485152
vt 0.348927 0.479188
vt 0.368690 0.479188
vt 0.354534 0.485152
vt 0.388498 0.479188
vt 0.372579 0.485152
vt 0.408324 0.479188
vt 0.390648 0.485152
vt 0.418215 0.479188
vt 0.399666 0.485152
vt 0.428106 0.479188
vt 0.408699 0.485152
vt 0.447937 0.479188
vt 0.426783 0.485152
vt 0.467764 0.479188
vt 0.444878 0.485152
vt 0.210289 0.474632
vt 0.487564 0.474632
vt 0.210289 0.476816
vt 0.487564 0.476816
vt 0.230090 0.476816
vt 0.230090 0.474632
vt 0.249917 0.476816
vt 0.249917 0.474632
vt 0.269747 0.476816
vt 0.269747 0.474632
vt 0.279638 0.476816
vt 0.279638 0.474632
vt 0.289529 0.476816
vt 0.289529 0.474632
vt 0.309355 0.476816
vt 0.309355 0.474632
vt 0.329163 0.476816
vt 0.329163 0.474632
vt 0.348927 0.476816
vt 0.348927 0.474632
vt 0.368690 0.476816
vt 0.368690 0.474632
vt 0.388498 0.476816
vt 0.388498 0.474632
vt 0.408324 0.476816
vt 0.408324 0.474632
vt 0.418215 0.476816
vt 0.418215 0.474632
vt 0.428106 0.476816
vt 0.428106 0.474632
vt 0.447937 0.476816
vt 0.447937 0.474632
vt 0.467764 0.476816
vt 0.467764 0.474632
vt 0.210185 0.500251
vt 0.462886 0.500251
vt 0.210104 0.505160
vt 0.401198 0.505160
vt 0.223688 0.505160
vt 0.228193 0.500251
vt 0.237352 0.505160
vt 0.246288 0.500251
vt 0.251028 0.505160
vt 0.264372 0.500251
vt 0.257860 0.505160
vt 0.273405 0.500251
vt 0.264692 0.505160
vt 0.282423 0.500251
vt 0.278369 0.505160
vt 0.300492 0.500251
vt 0.292029 0.505160
vt 0.318537 0.500251
vt 0.336535 0.500251
vt 0.305651 0.505160
vt 0.354534 0.500251
vt 0.319273 0.505160
vt 0.372579 0.500251
vt 0.332933 0.505160
vt 0.390648 0.500251
vt 0.346610 0.505160
vt 0.399666 0.500251
vt 0.353442 0.505160
vt 0.408699 0.500251
vt 0.360274 0.505160
vt 0.426783 0.500251
vt 0.373950 0.505160
vt 0.444878 0.500251
vt 0.387615 0.505160
vt 0.210185 0.495668
vt 0.462886 0.495668
vt 0.210185 0.490338
vt 0.462886 0.490338
vt 0.228193 0.490338
vt 0.228193 0.495668
vt 0.246288 0.490338
vt 0.246288 0.495668
vt 0.264372 0.490338
vt 0.264372 0.495668
vt 0.273405 0.490338
vt 0.273405 0.495668
vt 0.282423 0.490338
vt 0.282423 0.495668
vt 0.300492 0.490338
vt 0.300492 0.495668
vt 0.318537 0.490338
vt 0.318537 0.495668
vt 0.336535 0.490338
vt 0.336535 0.495668
vt 0.354534 0.490338
vt 0.354534 0.495668
vt 0.372579 0.490338
vt 0.372579 0.495668
vt 0.390648 0.490338
vt 0.390648 0.495668
vt 0.399666 0.490338
vt 0.399666 0.495668
vt 0.408699 0.490338
vt 0.408699 0.495668
vt 0.426783 0.490338
vt 0.426783 0.495668
vt 0.444878 0.490338
vt 0.444878 0.495668
vt 0.387615 0.518192
vt 0.373950 0.518192
vt 0.360274 0.518192
vt 0.353442 0.518192
vt 0.346610 0.518192
vt 0.332933 0.518192
vt 0.319273 0.518192
vt 0.305651 0.518192
vt 0.292029 0.518192
vt 0.278369 0.518192
vt 0.264692 0.518192
vt 0.257860 0.518192
vt 0.251028 0.518192
vt 0.237352 0.518192
vt 0.223688 0.518192
vt 0.210104 0.518192
vt 0.401198 0.518192
vt 0.210104 0.513519
vt 0.401198 0.513519
vt 0.223688 0.513519
vt 0.237352 0.513519
vt 0.251028 0.513519
vt 0.257860 0.513519
vt 0.264692 0.513519
vt 0.278369 0.513519
vt 0.292029 0.513519
vt 0.305651 0.513519
vt 0.319273 0.513519
vt 0.332933 0.513519
vt 0.346610 0.513519
vt 0.353442 0.513519
vt 0.360274 0.513519
vt 0.373950 0.513519
vt 0.387615 0.513519
vt 0.210104 0.509827
vt 0.401198 0.509827
vt 0.210104 0.507582
vt 0.401198 0.507582
vt 0.223688 0.507582
vt 0.223688 0.509827
vt 0.237352 0.507582
vt 0.237352 0.509827
vt 0.251028 0.507582
vt 0.251028 0.509827
vt 0.257860 0.507582
vt 0.257860 0.509827
vt 0.264692 0.507582
vt 0.264692 0.509827
vt 0.278369 0.507582
vt 0.278369 0.509827
vt 0.292029 0.507582
vt 0.292029 0.509827
vt 0.305651 0.507582
vt 0.305651 0.509827
vt 0.319273 0.507582
vt 0.319273 0.509827
vt 0.332933 0.507582
vt 0.332933 0.509827
vt 0.346610 0.507582
vt 0.346610 0.509827
vt 0.353442 0.507582
vt 0.353442 0.509827
vt 0.360274 0.507582
vt 0.360274 0.509827
vt 0.373950 0.507582
vt 0.373950 0.509827
vt 0.387615 0.507582
vt 0.387615 0.509827
vt 0.664303 0.508754
vt 0.387615 0.522047
vt 0.655855 0.509537
vt 0.373950 0.522047
vt 0.647326 0.511917
vt 0.360274 0.522047
vt 0.637139 0.515185
vt 0.643291 0.514131
vt 0.353442 0.522047
vt 0.633099 0.512981
vt 0.346610 0.522047
vt 0.624564 0.510623
vt 0.332933 0.522047
vt 0.616113 0.509861
vt 0.319273 0.522047
vt 0.305651 0.522047
vt 0.608064 0.509826
vt 0.292029 0.522047
vt 0.600014 0.509831
vt 0.278369 0.522047
vt 0.591561 0.510561
vt 0.264692 0.522047
vt 0.583017 0.512888
vt 0.257860 0.522047
vt 0.578969 0.515077
vt 0.701461 0.513876
vt 0.251028 0.522047
vt 0.697407 0.511697
vt 0.237352 0.522047
vt 0.688857 0.509392
vt 0.223688 0.522047
vt 0.680402 0.508683
vt 0.210104 0.522047
vt 0.401198 0.522047
vt 0.672353 0.508699
vt 0.664585 0.514026
vt 0.656865 0.514877
vt 0.649562 0.516914
vt 0.634092 0.519552
vt 0.646349 0.518491
vt 0.630875 0.517983
vt 0.623567 0.515964
vt 0.615845 0.515133
vt 0.608054 0.514901
vt 0.600263 0.515104
vt 0.592538 0.515907
vt 0.585222 0.517899
vt 0.581999 0.519456
vt 0.698441 0.518262
vt 0.695214 0.516714
vt 0.687894 0.514740
vt 0.680167 0.513957
vt 0.672375 0.513774
vt 0.665333 0.521138
vt 0.658416 0.521844
vt 0.651952 0.523249
vt 0.631407 0.525308
vt 0.649049 0.524240
vt 0.628501 0.524324
vt 0.622034 0.522936
vt 0.615115 0.522248
vt 0.608041 0.522087
vt 0.600966 0.522221
vt 0.594045 0.522884
vt 0.587573 0.524248
vt 0.584664 0.525222
vt 0.695791 0.524035
vt 0.692880 0.523069
vt 0.686404 0.521721
vt 0.679481 0.521076
vt 0.672406 0.520959
vt 0.666023 0.528769
vt 0.659743 0.529250
vt 0.027020 0.748405
vt 0.026821 0.752714
vt 0.651947 0.530416
vt 0.026822 0.753813
vt 0.629472 0.531774
vt 0.651000 0.530701
vt 0.026529 0.761609
vt 0.026822 0.754912
vt 0.628525 0.531492
vt 0.620726 0.530345
vt 0.614444 0.529880
vt 0.608027 0.529718
vt 0.601609 0.529856
vt 0.595326 0.530298
vt 0.053015 0.761609
vt 0.053321 0.754912
vt 0.587523 0.531416
vt 0.053321 0.753813
vt 0.586574 0.531695
vt 0.693898 0.530513
vt 0.053506 0.748405
vt 0.053322 0.752714
vt 0.692948 0.530236
vt 0.685143 0.529138
vt 0.678858 0.528713
vt 0.672440 0.528591
vt 0.669266 0.581550
vt 0.665910 0.582981
vt 0.032530 0.694793
vt 0.662256 0.586712
vt 0.032039 0.815221
vt 0.618358 0.587812
vt 0.614695 0.584092
vt 0.611336 0.582670
vt 0.607930 0.582199
vt 0.604522 0.582657
vt 0.601158 0.584067
vt 0.047506 0.815221
vt 0.597481 0.587773
vt 0.047996 0.694793
vt 0.683134 0.586620
vt 0.679447 0.582922
vt 0.676080 0.581520
vt 0.672670 0.581071
vt 0.667873 0.575056
vt 0.668352 0.577625
vt 0.663830 0.578933
vt 0.662808 0.576125
vt 0.028704 0.696782
vt 0.657168 0.582927
vt 0.027753 0.699730
vt 0.654947 0.579180
vt 0.027263 0.810284
vt 0.625649 0.580264
vt 0.028214 0.813232
vt 0.623437 0.584017
vt 0.616765 0.580038
vt 0.617779 0.577228
vt 0.612239 0.578742
vt 0.612712 0.576172
vt 0.607942 0.575845
vt 0.607937 0.578371
vt 0.603633 0.578726
vt 0.603170 0.576154
vt 0.599103 0.580006
vt 0.598099 0.577192
vt 0.052282 0.810284
vt 0.590218 0.580198
vt 0.051331 0.813232
vt 0.592416 0.583959
vt 0.051821 0.696782
vt 0.688188 0.582791
vt 0.052772 0.699730
vt 0.690377 0.579025
vt 0.681492 0.578855
vt 0.682489 0.576038
vt 0.677415 0.575014
vt 0.676958 0.577587
vt 0.672643 0.574717
vt 0.672654 0.577243
vt 0.039772 0.815492
vt 0.607915 0.590096
vt 0.033571 0.815357
vt 0.616209 0.588740
vt 0.036331 0.815454
vt 0.612490 0.589669
vt 0.043214 0.815454
vt 0.603342 0.589652
vt 0.045974 0.815357
vt 0.599627 0.588709
vt 0.036821 0.694560
vt 0.668129 0.588552
vt 0.043705 0.694560
vt 0.677277 0.588512
vt 0.046465 0.694656
vt 0.680991 0.587560
vt 0.040263 0.694521
vt 0.672705 0.588968
vt 0.034061 0.694656
vt 0.664407 0.587633
vt 0.040072 0.753811
vt 0.039772 0.762005
vt 0.040071 0.754910
vt 0.040263 0.748009
vt 0.040072 0.752712
vt 0.039772 0.810472
vt 0.039772 0.813459
vt 0.040263 0.699541
vt 0.040263 0.696555
vt 0.036331 0.813423
vt 0.036821 0.696590
vt 0.032039 0.810359
vt 0.033571 0.813359
vt 0.032530 0.699655
vt 0.034061 0.696655
vt 0.043214 0.813423
vt 0.043705 0.696590
vt 0.047506 0.810359
vt 0.045974 0.813359
vt 0.047996 0.699655
vt 0.046465 0.696655
vt 0.047996 0.748186
vt 0.047807 0.752714
vt 0.047506 0.813318
vt 0.047996 0.696695
vt 0.047807 0.753812
vt 0.047506 0.761828
vt 0.047807 0.754912
vt 0.032336 0.753812
vt 0.032039 0.761828
vt 0.032336 0.754911
vt 0.032530 0.748186
vt 0.032335 0.752713
vt 0.032039 0.813318
vt 0.032530 0.696695
vt 0.210289 0.472340
vt 0.487564 0.472340
vt 0.230090 0.472340
vt 0.249917 0.472340
vt 0.269747 0.472340
vt 0.279638 0.472340
vt 0.289529 0.472340
vt 0.309355 0.472340
vt 0.329163 0.472340
vt 0.348927 0.472340
vt 0.368690 0.472340
vt 0.388498 0.472340
vt 0.408324 0.472340
vt 0.418215 0.472340
vt 0.428106 0.472340
vt 0.447937 0.472340
vt 0.467764 0.472340
vt 0.210185 0.485152
vt 0.462886 0.485152
vt 0.210289 0.479188
vt 0.487564 0.479188
vt 0.230090 0.479188
vt 0.228193 0.485152
vt 0.249917 0.479188
vt 0.246288 0.485152
vt 0.269747 0.479188
vt 0.264372 0.485152
vt 0.279638 0.479188
vt 0.273405 0.485152
vt 0.289529 0.479188
vt 0.282423 0.485152
vt 0.309355 0.479188
vt 0.300492 0.485152
vt 0.329163 0.479188
vt 0.318537 0.485152
vt 0.336535 0.485152
vt 0.348927 0.479188
vt 0.354534 0.485152
vt 0.368690 0.479188
vt 0.372579 0.485152
vt 0.388498 0.479188
vt 0.390648 0.485152
vt 0.408324 0.479188
vt 0.399666 0.485152
vt 0.418215 0.479188
vt 0.408699 0.485152
vt 0.428106 0.479188
vt 0.426783 0.485152
vt 0.447937 0.479188
vt 0.444878 0.485152
vt 0.467764 0.479188
vt 0.210289 0.474632
vt 0.487564 0.474632
vt 0.210289 0.476816
vt 0.487564 0.476816
vt 0.230090 0.476816
vt 0.230090 0.474632
vt 0.249917 0.476816
vt 0.249917 0.474632
vt 0.269747 0.476816
vt 0.269747 0.474632
vt 0.279638 0.476816
vt 0.279638 0.474632
vt 0.289529 0.476816
vt 0.289529 0.474632
vt 0.309355 0.476816
vt 0.309355 0.474632
vt 0.329163 0.476816
vt 0.329163 0.474632
vt 0.348927 0.476816
vt 0.348927 0.474632
vt 0.368690 0.476816
vt 0.368690 0.474632
vt 0.388498 0.476816
vt 0.388498 0.474632
vt 0.408324 0.476816
vt 0.408324 0.474632
vt 0.418215 0.476816
vt 0.418215 0.474632
vt 0.428106 0.476816
vt 0.428106 0.474632
vt 0.447937 0.476816
vt 0.447937 0.474632
vt 0.467764 0.476816
vt 0.467764 0.474632
vt 0.210185 0.500251
vt 0.462886 0.500251
vt 0.210104 0.505160
vt 0.401198 0.505160
vt 0.228193 0.500251
vt 0.223688 0.505160
vt 0.246288 0.500251
vt 0.237352 0.505160
vt 0.264372 0.500251
vt 0.251028 0.505160
vt 0.273405 0.500251
vt 0.257860 0.505160
vt 0.282423 0.500251
vt 0.264692 0.505160
vt 0.300492 0.500251
vt 0.278369 0.505160
vt 0.318537 0.500251
vt 0.292029 0.505160
vt 0.336535 0.500251
vt 0.305651 0.505160
vt 0.319273 0.505160
vt 0.354534 0.500251
vt 0.332933 0.505160
vt 0.372579 0.500251
vt 0.346610 0.505160
vt 0.390648 0.500251
vt 0.353442 0.505160
vt 0.399666 0.500251
vt 0.360274 0.505160
vt 0.408699 0.500251
vt 0.373950 0.505160
vt 0.426783 0.500251
vt 0.387615 0.505160
vt 0.444878 0.500251
vt 0.210185 0.495668
vt 0.462886 0.495668
vt 0.210185 0.490338
vt 0.462886 0.490338
vt 0.228193 0.490338
vt 0.228193 0.495668
vt 0.246288 0.490338
vt 0.246288 0.495668
vt 0.264372 0.490338
vt 0.264372 0.495668
vt 0.273405 0.490338
vt 0.273405 0.495668
vt 0.282423 0.490338
vt 0.282423 0.495668
vt 0.300492 0.490338
vt 0.300492 0.495668
vt 0.318537 0.490338
vt 0.318537 0.495668
vt 0.336535 0.490338
vt 0.336535 0.495668
vt 0.354534 0.490338
vt 0.354534 0.495668
vt 0.372579 0.490338
vt 0.372579 0.495668
vt 0.390648 0.490338
vt 0.390648 0.495668
vt 0.399666 0.490338
vt 0.399666 0.495668
vt 0.408699 0.490338
vt 0.408699 0.495668
vt 0.426783 0.490338
vt 0.426783 0.495668
vt 0.444878 0.490338
vt 0.444878 0.495668
vt 0.387615 0.518192
vt 0.373950 0.518192
vt 0.360274 0.518192
vt 0.353442 0.518192
vt 0.346610 0.518192
vt 0.332933 0.518192
vt 0.319273 0.518192
vt 0.305651 0.518192
vt 0.292029 0.518192
vt 0.278369 0.518192
vt 0.264692 0.518192
vt 0.257860 0.518192
vt 0.251028 0.518192
vt 0.237352 0.518192
vt 0.223688 0.518192
vt 0.210104 0.518192
vt 0.401198 0.518192
vt 0.210104 0.513519
vt 0.401198 0.513519
vt 0.223688 0.513519
vt 0.237352 0.513519
vt 0.251028 0.513519
vt 0.257860 0.513519
vt 0.264692 0.513519
vt 0.278369 0.513519
vt 0.292029 0.513519
vt 0.305651 0.513519
vt 0.319273 0.513519
vt 0.332933 0.513519
vt 0.346610 0.513519
vt 0.353442 0.513519
vt 0.360274 0.513519
vt 0.373950 0.513519
vt 0.387615 0.513519
vt 0.210104 0.509827
vt 0.401198 0.509827
vt 0.210104 0.507582
vt 0.401198 0.507582
vt 0.223688 0.507582
vt 0.223688 0.509827
vt 0.237352 0.507582
vt 0.237352 0.509827
vt 0.251028 0.507582
vt 0.251028 0.509827
vt 0.257860 0.507582
vt 0.257860 0.509827
vt 0.264692 0.507582
vt 0.264692 0.509827
vt 0.278369 0.507582
vt 0.278369 0.509827
vt 0.292029 0.507582
vt 0.292029 0.509827
vt 0.305651 0.507582
vt 0.305651 0.509827
vt 0.319273 0.507582
vt 0.319273 0.509827
vt 0.332933 0.507582
vt 0.332933 0.509827
vt 0.346610 0.507582
vt 0.346610 0.509827
vt 0.353442 0.507582
vt 0.353442 0.509827
vt 0.360274 0.507582
vt 0.360274 0.509827
vt 0.373950 0.507582
vt 0.373950 0.509827
vt 0.387615 0.507582
vt 0.387615 0.509827
vt 0.387615 0.522047
vt 0.664303 0.508754
vt 0.373950 0.522047
vt 0.655855 0.509537
vt 0.360274 0.522047
vt 0.647326 0.511917
vt 0.353442 0.522047
vt 0.637139 0.515185
vt 0.643291 0.514131
vt 0.346610 0.522047
vt 0.633099 0.512981
vt 0.332933 0.522047
vt 0.624564 0.510623
vt 0.319273 0.522047
vt 0.616113 0.509861
vt 0.305651 0.522047
vt 0.608064 0.509826
vt 0.600014 0.509831
vt 0.292029 0.522047
vt 0.591561 0.510561
vt 0.278369 0.522047
vt 0.583017 0.512888
vt 0.264692 0.522047
vt 0.578969 0.515077
vt 0.701461 0.513876
vt 0.257860 0.522047
vt 0.697407 0.511697
vt 0.251028 0.522047
vt 0.688857 0.509392
vt 0.237352 0.522047
vt 0.680402 0.508683
vt 0.223688 0.522047
vt 0.210104 0.522047
vt 0.401198 0.522047
vt 0.672353 0.508699
vt 0.664585 0.514026
vt 0.656865 0.514877
vt 0.649562 0.516914
vt 0.634092 0.519552
vt 0.646349 0.518491
vt 0.630875 0.517983
vt 0.623567 0.515964
vt 0.615845 0.515133
vt 0.608054 0.514901
vt 0.600263 0.515104
vt 0.592538 0.515907
vt 0.585222 0.517899
vt 0.581999 0.519456
vt 0.698441 0.518262
vt 0.695214 0.516714
vt 0.687894 0.514740
vt 0.680167 0.513957
vt 0.672375 0.513774
vt 0.665333 0.521138
vt 0.658416 0.521844
vt 0.651952 0.523249
vt 0.631407 0.525308
vt 0.649049 0.524240
vt 0.628501 0.524324
vt 0.622034 0.522936
vt 0.615115 0.522248
vt 0.608041 0.522087
vt 0.600966 0.522221
vt 0.594045 0.522884
vt 0.587573 0.524248
vt 0.584664 0.525222
vt 0.695791 0.524035
vt 0.692880 0.523069
vt 0.686404 0.521721
vt 0.679481 0.521076
vt 0.672406 0.520959
vt 0.666023 0.528769
vt 0.659743 0.529250
vt 0.027020 0.748405
vt 0.651947 0.530416
vt 0.026821 0.752714
vt 0.629472 0.531774
vt 0.651000 0.530701
vt 0.026822 0.753813
vt 0.026529 0.761609
vt 0.628525 0.531492
vt 0.026822 0.754912
vt 0.620726 0.530345
vt 0.614444 0.529880
vt 0.608027 0.529718
vt 0.601609 0.529856
vt 0.595326 0.530298
vt 0.053015 0.761609
vt 0.053321 0.754912
vt 0.587523 0.531416
vt 0.053321 0.753813
vt 0.586574 0.531695
vt 0.693898 0.530513
vt 0.053506 0.748405
vt 0.053322 0.752714
vt 0.692948 0.530236
vt 0.685143 0.529138
vt 0.678858 0.528713
vt 0.672440 0.528591
vt 0.669266 0.581550
vt 0.665910 0.582981
vt 0.032530 0.694793
vt 0.662256 0.586712
vt 0.032039 0.815221
vt 0.618358 0.587812
vt 0.614695 0.584092
vt 0.611336 0.582670
vt 0.607930 0.582199
vt 0.604522 0.582657
vt 0.601158 0.584067
vt 0.047506 0.815221
vt 0.597481 0.587773
vt 0.047996 0.694793
vt 0.683134 0.586620
vt 0.679447 0.582922
vt 0.676080 0.581520
vt 0.672670 0.581071
vt 0.667873 0.575056
vt 0.668352 0.577625
vt 0.663830 0.578933
vt 0.662808 0.576125
vt 0.028704 0.696782
vt 0.657168 0.582927
vt 0.027753 0.699730
vt 0.654947 0.579180
vt 0.027263 0.810284
vt 0.625649 0.580264
vt 0.028214 0.813232
vt 0.623437 0.584017
vt 0.616765 0.580038
vt 0.617779 0.577228
vt 0.612239 0.578742
vt 0.612712 0.576172
vt 0.607942 0.575845
vt 0.607937 0.578371
vt 0.603633 0.578726
vt 0.603170 0.576154
vt 0.599103 0.580006
vt 0.598099 0.577192
vt 0.052282 0.810284
vt 0.590218 0.580198
vt 0.051331 0.813232
vt 0.592416 0.583959
vt 0.051821 0.696782
vt 0.688188 0.582791
vt 0.052772 0.699730
vt 0.690377 0.579025
vt 0.681492 0.578855
vt 0.682489 0.576038
vt 0.677415 0.575014
vt 0.676958 0.577587
vt 0.672643 0.574717
vt 0.672654 0.577243
vt 0.039772 0.815492
vt 0.607915 0.590096
vt 0.033571 0.815357
vt 0.616209 0.588740
vt 0.036331 0.815454
vt 0.612490 0.589669
vt 0.043214 0.815454
vt 0.603342 0.589652
vt 0.045974 0.815357
vt 0.599627 0.588709
vt 0.036821 0.694560
vt 0.668129 0.588552
vt 0.043705 0.694560
vt 0.677277 0.588512
vt 0.046465 0.694656
vt 0.680991 0.587560
vt 0.040263 0.694521
vt 0.672705 0.588968
vt 0.034061 0.694656
vt 0.664407 0.587633
vt 0.040072 0.753811
vt 0.039772 0.762005
vt 0.040071 0.754910
vt 0.040263 0.748009
vt 0.040072 0.752712
vt 0.039772 0.810472
vt 0.039772 0.813459
vt 0.040263 0.699541
vt 0.040263 0.696555
vt 0.036331 0.813423
vt 0.036821 0.696590
vt 0.032039 0.810359
vt 0.033571 0.813359
vt 0.032530 0.699655
vt 0.034061 0.696655
vt 0.043214 0.813423
vt 0.043705 0.696590
vt 0.047506 0.810359
vt 0.045974 0.813359
vt 0.047996 0.699655
vt 0.046465 0.696655
vt 0.047996 0.748186
vt 0.047807 0.752714
vt 0.047506 0.813318
vt 0.047996 0.696695
vt 0.047807 0.753812
vt 0.047506 0.761828
vt 0.047807 0.754912
vt 0.032336 0.753812
vt 0.032039 0.761828
vt 0.032336 0.754911
vt 0.032530 0.748186
vt 0.032335 0.752713
vt 0.032039 0.813318
vt 0.032530 0.696695
vt 0.650571 0.355311
vt 0.555825 0.448401
vt 0.547184 0.433666
vt 0.555677 0.428763
vt 0.587170 0.446931
vt 0.582272 0.445659
vt 0.578667 0.442089
vt 0.577344 0.437195
vt 0.578625 0.432279
vt 0.582243 0.428729
vt 0.587096 0.427443
vt 0.592011 0.445622
vt 0.595680 0.442070
vt 0.596900 0.437114
vt 0.595595 0.432255
vt 0.591994 0.428650
vt 0.552640 0.444035
vt 0.555794 0.444876
vt 0.555798 0.446735
vt 0.587150 0.445286
vt 0.583081 0.444225
vt 0.580089 0.441260
vt 0.578942 0.437186
vt 0.580029 0.433090
vt 0.583037 0.430124
vt 0.587105 0.429034
vt 0.591212 0.444182
vt 0.594249 0.441239
vt 0.595271 0.437131
vt 0.594177 0.433050
vt 0.591193 0.430062
vt 0.555711 0.430392
vt 0.551632 0.431517
vt 0.548653 0.434498
vt 0.547593 0.438596
vt 0.548696 0.442673
vt 0.551715 0.445647
vt 0.550833 0.430106
vt 0.545990 0.438588
vt 0.547244 0.443533
vt 0.550911 0.447033
vt 0.587145 0.443429
vt 0.583998 0.442625
vt 0.581678 0.440332
vt 0.580817 0.437180
vt 0.581637 0.434011
vt 0.583955 0.431703
vt 0.587102 0.430854
vt 0.590304 0.442597
vt 0.592619 0.440309
vt 0.593425 0.437148
vt 0.592575 0.433975
vt 0.590272 0.431675
vt 0.587124 0.437148
vt 0.583724 0.437162
vt 0.582430 0.437170
vt 0.590522 0.437144
vt 0.591814 0.437147
vt 0.587140 0.441561
vt 0.583995 0.440792
vt 0.582684 0.438650
vt 0.590288 0.440769
vt 0.591577 0.438629
vt 0.587108 0.432731
vt 0.583956 0.433527
vt 0.582672 0.435684
vt 0.590267 0.433504
vt 0.591554 0.435659
vt 0.550305 0.441738
vt 0.549432 0.438590
vt 0.550270 0.435422
vt 0.552568 0.433110
vt 0.555722 0.432235
vt 0.555764 0.438550
vt 0.552362 0.438572
vt 0.551064 0.438581
vt 0.555789 0.442976
vt 0.552643 0.442193
vt 0.551326 0.440057
vt 0.555734 0.434129
vt 0.552591 0.434943
vt 0.551315 0.437097
vt 0.643317 0.390173
vt 0.650565 0.392099
vt 0.650564 0.396252
vt 0.650571 0.358929
vt 0.641239 0.361485
vt 0.634419 0.368309
vt 0.631806 0.377658
vt 0.634382 0.387001
vt 0.641193 0.393884
vt 0.639386 0.358268
vt 0.631227 0.366449
vt 0.628077 0.377605
vt 0.631164 0.388842
vt 0.639336 0.397171
vt 0.650562 0.399955
vt 0.638013 0.384885
vt 0.636034 0.377659
vt 0.638072 0.370431
vt 0.643354 0.365119
vt 0.650570 0.363146
vt 0.650567 0.377657
vt 0.642763 0.377657
vt 0.639780 0.377657
vt 0.650567 0.387790
vt 0.643333 0.385981
vt 0.640365 0.381050
vt 0.650569 0.367496
vt 0.643362 0.369325
vt 0.640379 0.374266
vt 0.555674 0.424526
vt 0.587056 0.451185
vt 0.580009 0.449234
vt 0.574915 0.444047
vt 0.573107 0.437030
vt 0.575036 0.430080
vt 0.580104 0.424957
vt 0.587157 0.423067
vt 0.594188 0.449274
vt 0.599204 0.444111
vt 0.601156 0.437184
vt 0.599249 0.430126
vt 0.594162 0.425044
vt 0.548607 0.426476
vt 0.541732 0.438726
vt 0.543749 0.445660
vt 0.548907 0.450792
vt 0.572904 0.400097
vt 0.580157 0.365227
vt 0.572926 0.363338
vt 0.572927 0.359124
vt 0.572906 0.396497
vt 0.582270 0.393960
vt 0.589167 0.387127
vt 0.591692 0.377747
vt 0.589068 0.368402
vt 0.582291 0.361520
vt 0.584172 0.397218
vt 0.592497 0.389067
vt 0.595369 0.377716
vt 0.592280 0.366566
vt 0.584155 0.358233
vt 0.572927 0.355432
vt 0.585407 0.370521
vt 0.587419 0.377746
vt 0.585481 0.384990
vt 0.580140 0.390273
vt 0.572909 0.392227
vt 0.572917 0.377761
vt 0.580720 0.377759
vt 0.583702 0.377756
vt 0.572923 0.367610
vt 0.572920 0.372571
vt 0.580139 0.369413
vt 0.580108 0.373604
vt 0.583109 0.374358
vt 0.572915 0.382824
vt 0.572912 0.387925
vt 0.580465 0.381911
vt 0.580138 0.386088
vt 0.583131 0.381155
vt 0.555931 0.452499
vt 0.543598 0.431697
vt 0.564258 0.433545
vt 0.555756 0.480685
vt 0.560671 0.479433
vt 0.564193 0.475819
vt 0.565570 0.470957
vt 0.564272 0.466092
vt 0.560684 0.462525
vt 0.555832 0.461231
vt 0.550837 0.479411
vt 0.547291 0.475771
vt 0.545957 0.470900
vt 0.547324 0.466026
vt 0.550931 0.462421
vt 0.558959 0.444003
vt 0.555749 0.479105
vt 0.559856 0.478033
vt 0.562828 0.475011
vt 0.563942 0.470978
vt 0.562872 0.466871
vt 0.559876 0.463924
vt 0.555832 0.462818
vt 0.551673 0.477993
vt 0.548708 0.474981
vt 0.547605 0.470905
vt 0.548736 0.466826
vt 0.551733 0.463855
vt 0.559765 0.431463
vt 0.562811 0.434399
vt 0.563944 0.438494
vt 0.562868 0.442585
vt 0.559884 0.445590
vt 0.560550 0.430086
vt 0.565557 0.438453
vt 0.564293 0.443406
vt 0.560682 0.446981
vt 0.555762 0.477252
vt 0.558921 0.476436
vt 0.561217 0.474103
vt 0.562086 0.470972
vt 0.561261 0.467803
vt 0.558962 0.465494
vt 0.555815 0.464638
vt 0.552612 0.476406
vt 0.550333 0.474070
vt 0.549483 0.470914
vt 0.550337 0.467754
vt 0.552651 0.465457
vt 0.555785 0.470945
vt 0.559176 0.470957
vt 0.560469 0.470962
vt 0.552397 0.470926
vt 0.551104 0.470920
vt 0.555771 0.475380
vt 0.558912 0.474596
vt 0.560212 0.472439
vt 0.552633 0.474572
vt 0.551356 0.472404
vt 0.555803 0.466517
vt 0.558945 0.467323
vt 0.560225 0.469478
vt 0.552649 0.467286
vt 0.551360 0.469437
vt 0.561253 0.441663
vt 0.562078 0.438509
vt 0.561215 0.435346
vt 0.558870 0.433064
vt 0.559164 0.438527
vt 0.560459 0.438519
vt 0.558932 0.442158
vt 0.560224 0.439999
vt 0.558885 0.434898
vt 0.560196 0.437037
vt 0.657814 0.390175
vt 0.659901 0.361488
vt 0.666703 0.368316
vt 0.669373 0.377657
vt 0.666748 0.387006
vt 0.659935 0.393887
vt 0.661757 0.358272
vt 0.669914 0.366462
vt 0.673048 0.377622
vt 0.669960 0.388852
vt 0.661789 0.397176
vt 0.663126 0.384889
vt 0.665087 0.377654
vt 0.663080 0.370430
vt 0.657785 0.365121
vt 0.658369 0.377662
vt 0.661347 0.377664
vt 0.657802 0.385983
vt 0.660778 0.381055
vt 0.657777 0.369326
vt 0.660745 0.374267
vt 0.555748 0.485017
vt 0.562698 0.483125
vt 0.567934 0.478080
vt 0.569806 0.471010
vt 0.567931 0.463951
vt 0.562847 0.458762
vt 0.555780 0.456855
vt 0.548797 0.483087
vt 0.543655 0.477986
vt 0.541832 0.470901
vt 0.543687 0.463872
vt 0.548779 0.458811
vt 0.562750 0.426315
vt 0.569783 0.438451
vt 0.567988 0.445404
vt 0.562948 0.450593
vt 0.565695 0.365223
vt 0.563545 0.393948
vt 0.556648 0.387104
vt 0.554173 0.377712
vt 0.556763 0.368348
vt 0.563567 0.361512
vt 0.561640 0.397204
vt 0.553327 0.389047
vt 0.550448 0.377691
vt 0.553580 0.366563
vt 0.561692 0.358224
vt 0.560422 0.370501
vt 0.558424 0.377740
vt 0.560344 0.384973
vt 0.565679 0.390264
vt 0.565114 0.377748
vt 0.562135 0.377742
vt 0.565706 0.369410
vt 0.565726 0.373596
vt 0.562719 0.374345
vt 0.565368 0.381902
vt 0.565687 0.386079
vt 0.562708 0.381143
vt 0.567804 0.431496
vt 0.647352 0.428832
vt 0.639837 0.465081
vt 0.647363 0.467047
vt 0.647375 0.471471
vt 0.647351 0.432634
vt 0.637649 0.435265
vt 0.630550 0.442372
vt 0.627922 0.452070
vt 0.630546 0.461777
vt 0.637652 0.468905
vt 0.635681 0.431863
vt 0.627230 0.440427
vt 0.624039 0.452026
vt 0.627128 0.463718
vt 0.635715 0.472255
vt 0.647346 0.475326
vt 0.634353 0.459573
vt 0.632340 0.452081
vt 0.634349 0.444569
vt 0.639854 0.439064
vt 0.647351 0.437022
vt 0.647356 0.452066
vt 0.639284 0.452069
vt 0.636202 0.452071
vt 0.647359 0.462587
vt 0.639876 0.460710
vt 0.636805 0.455592
vt 0.647352 0.441530
vt 0.639872 0.443430
vt 0.636793 0.448549
vt 0.647351 0.424268
vt 0.633521 0.427992
vt 0.623265 0.438125
vt 0.619589 0.452104
vt 0.633440 0.476063
vt 0.647340 0.479912
vt 0.623328 0.465997
vt 0.654885 0.465070
vt 0.657050 0.435263
vt 0.664176 0.442348
vt 0.666793 0.452039
vt 0.664174 0.461768
vt 0.657066 0.468899
vt 0.659026 0.431859
vt 0.667522 0.440379
vt 0.670673 0.452039
vt 0.667576 0.463721
vt 0.658997 0.472259
vt 0.660372 0.459562
vt 0.662376 0.452068
vt 0.660360 0.444555
vt 0.654847 0.439062
vt 0.655430 0.452064
vt 0.658513 0.452064
vt 0.654845 0.460701
vt 0.657917 0.455584
vt 0.654831 0.443427
vt 0.657914 0.448541
vt 0.661192 0.427985
vt 0.671419 0.438214
vt 0.675121 0.452136
vt 0.661273 0.476068
vt 0.671375 0.465999
vt 0.588562 0.350954
vt 0.634971 0.350668
vt 0.600010 0.362295
vt 0.623520 0.362126
vt 0.572930 0.346538
vt 0.650573 0.346505
vt 0.603941 0.377970
vt 0.619550 0.377739
vt 0.588325 0.404691
vt 0.634959 0.404469
vt 0.599615 0.393301
vt 0.623572 0.393232
vt 0.572899 0.408881
vt 0.650561 0.408854
vt 0.557292 0.350937
vt 0.666174 0.350674
vt 0.545842 0.362286
vt 0.677626 0.362138
vt 0.541887 0.377946
vt 0.681580 0.377770
vt 0.557479 0.404673
vt 0.666162 0.404475
vt 0.546204 0.393272
vt 0.677549 0.393247
vt 0.650571 0.355311
vt 0.555825 0.448401
vt 0.547184 0.433666
vt 0.555677 0.428763
vt 0.587170 0.446931
vt 0.582272 0.445659
vt 0.578667 0.442089
vt 0.577344 0.437195
vt 0.578625 0.432279
vt 0.582243 0.428729
vt 0.587096 0.427443
vt 0.592011 0.445622
vt 0.595680 0.442070
vt 0.596900 0.437114
vt 0.595595 0.432255
vt 0.591994 0.428650
vt 0.552640 0.444035
vt 0.555794 0.444876
vt 0.555798 0.446735
vt 0.587150 0.445286
vt 0.583081 0.444225
vt 0.580089 0.441260
vt 0.578942 0.437186
vt 0.580029 0.433090
vt 0.583037 0.430124
vt 0.587105 0.429034
vt 0.591212 0.444182
vt 0.594249 0.441239
vt 0.595271 0.437131
vt 0.594177 0.433050
vt 0.591193 0.430062
vt 0.555711 0.430392
vt 0.551632 0.431517
vt 0.548653 0.434498
vt 0.547593 0.438596
vt 0.548696 0.442673
vt 0.551715 0.445647
vt 0.550833 0.430106
vt 0.545990 0.438588
vt 0.547244 0.443533
vt 0.550911 0.447033
vt 0.587145 0.443429
vt 0.583998 0.442625
vt 0.581678 0.440332
vt 0.580817 0.437180
vt 0.581637 0.434011
vt 0.583955 0.431703
vt 0.587102 0.430854
vt 0.590304 0.442597
vt 0.592619 0.440309
vt 0.593425 0.437148
vt 0.592575 0.433975
vt 0.590272 0.431675
vt 0.587124 0.437148
vt 0.583724 0.437162
vt 0.582430 0.437170
vt 0.590522 0.437144
vt 0.591814 0.437147
vt 0.587140 0.441561
vt 0.583995 0.440792
vt 0.582684 0.438650
vt 0.590288 0.440769
vt 0.591577 0.438629
vt 0.587108 0.432731
vt 0.583956 0.433527
vt 0.582672 0.435684
vt 0.590267 0.433504
vt 0.591554 0.435659
vt 0.550305 0.441738
vt 0.549432 0.438590
vt 0.550270 0.435422
vt 0.552568 0.433110
vt 0.555722 0.432235
vt 0.555764 0.438550
vt 0.552362 0.438572
vt 0.551064 0.438581
vt 0.555789 0.442976
vt 0.552643 0.442193
vt 0.551326 0.440057
vt 0.555734 0.434129
vt 0.552591 0.434943
vt 0.551315 0.437097
vt 0.643317 0.390173
vt 0.650565 0.392099
vt 0.650564 0.396252
vt 0.650571 0.358929
vt 0.641239 0.361485
vt 0.634419 0.368309
vt 0.631806 0.377658
vt 0.634382 0.387001
vt 0.641193 0.393884
vt 0.639386 0.358268
vt 0.631227 0.366449
vt 0.628077 0.377605
vt 0.631164 0.388842
vt 0.639336 0.397171
vt 0.650562 0.399955
vt 0.638013 0.384885
vt 0.636034 0.377659
vt 0.638072 0.370431
vt 0.643354 0.365119
vt 0.650570 0.363146
vt 0.650567 0.377657
vt 0.642763 0.377657
vt 0.639780 0.377657
vt 0.650567 0.387790
vt 0.643333 0.385981
vt 0.640365 0.381050
vt 0.650569 0.367496
vt 0.643362 0.369325
vt 0.640379 0.374266
vt 0.555674 0.424526
vt 0.587056 0.451185
vt 0.580009 0.449234
vt 0.574915 0.444047
vt 0.573107 0.437030
vt 0.575036 0.430080
vt 0.580104 0.424957
vt 0.587157 0.423067
vt 0.594188 0.449274
vt 0.599204 0.444111
vt 0.601156 0.437184
vt 0.599249 0.430126
vt 0.594162 0.425044
vt 0.548607 0.426476
vt 0.541732 0.438726
vt 0.543749 0.445660
vt 0.548907 0.450792
vt 0.572904 0.400097
vt 0.580157 0.365227
vt 0.572926 0.363338
vt 0.572927 0.359124
vt 0.572906 0.396497
vt 0.582270 0.393960
vt 0.589167 0.387127
vt 0.591692 0.377747
vt 0.589068 0.368402
vt 0.582291 0.361520
vt 0.584172 0.397218
vt 0.592497 0.389067
vt 0.595369 0.377716
vt 0.592280 0.366566
vt 0.584155 0.358233
vt 0.572927 0.355432
vt 0.585407 0.370521
vt 0.587419 0.377746
vt 0.585481 0.384990
vt 0.580140 0.390273
vt 0.572909 0.392227
vt 0.572917 0.377761
vt 0.580720 0.377759
vt 0.583702 0.377756
vt 0.572923 0.367610
vt 0.572920 0.372571
vt 0.580139 0.369413
vt 0.580108 0.373604
vt 0.583109 0.374358
vt 0.572915 0.382824
vt 0.572912 0.387925
vt 0.580465 0.381911
vt 0.580138 0.386088
vt 0.583131 0.381155
vt 0.555931 0.452499
vt 0.543598 0.431697
vt 0.564258 0.433545
vt 0.555756 0.480685
vt 0.560671 0.479433
vt 0.564193 0.475819
vt 0.565570 0.470957
vt 0.564272 0.466092
vt 0.560684 0.462525
vt 0.555832 0.461231
vt 0.550837 0.479411
vt 0.547291 0.475771
vt 0.545957 0.470900
vt 0.547324 0.466026
vt 0.550931 0.462421
vt 0.558959 0.444003
vt 0.555749 0.479105
vt 0.559856 0.478033
vt 0.562828 0.475011
vt 0.563942 0.470978
vt 0.562872 0.466871
vt 0.559876 0.463924
vt 0.555832 0.462818
vt 0.551673 0.477993
vt 0.548708 0.474981
vt 0.547605 0.470905
vt 0.548736 0.466826
vt 0.551733 0.463855
vt 0.559765 0.431463
vt 0.562811 0.434399
vt 0.563944 0.438494
vt 0.562868 0.442585
vt 0.559884 0.445590
vt 0.560550 0.430086
vt 0.565557 0.438453
vt 0.564293 0.443406
vt 0.560682 0.446981
vt 0.555762 0.477252
vt 0.558921 0.476436
vt 0.561217 0.474103
vt 0.562086 0.470972
vt 0.561261 0.467803
vt 0.558962 0.465494
vt 0.555815 0.464638
vt 0.552612 0.476406
vt 0.550333 0.474070
vt 0.549483 0.470914
vt 0.550337 0.467754
vt 0.552651 0.465457
vt 0.555785 0.470945
vt 0.559176 0.470957
vt 0.560469 0.470962
vt 0.552397 0.470926
vt 0.551104 0.470920
vt 0.555771 0.475380
vt 0.558912 0.474596
vt 0.560212 0.472439
vt 0.552633 0.474572
vt 0.551356 0.472404
vt 0.555803 0.466517
vt 0.558945 0.467323
vt 0.560225 0.469478
vt 0.552649 0.467286
vt 0.551360 0.469437
vt 0.561253 0.441663
vt 0.562078 0.438509
vt 0.561215 0.435346
vt 0.558870 0.433064
vt 0.559164 0.438527
vt 0.560459 0.438519
vt 0.558932 0.442158
vt 0.560224 0.439999
vt 0.558885 0.434898
vt 0.560196 0.437037
vt 0.657814 0.390175
vt 0.659901 0.361488
vt 0.666703 0.368316
vt 0.669373 0.377657
vt 0.666748 0.387006
vt 0.659935 0.393887
vt 0.661757 0.358272
vt 0.669914 0.366462
vt 0.673048 0.377622
vt 0.669960 0.388852
vt 0.661789 0.397176
vt 0.663126 0.384889
vt 0.665087 0.377654
vt 0.663080 0.370430
vt 0.657785 0.365121
vt 0.658369 0.377662
vt 0.661347 0.377664
vt 0.657802 0.385983
vt 0.660778 0.381055
vt 0.657777 0.369326
vt 0.660745 0.374267
vt 0.555748 0.485017
vt 0.562698 0.483125
vt 0.567934 0.478080
vt 0.569806 0.471010
vt 0.567931 0.463951
vt 0.562847 0.458762
vt 0.555780 0.456855
vt 0.548797 0.483087
vt 0.543655 0.477986
vt 0.541832 0.470901
vt 0.543687 0.463872
vt 0.548779 0.458811
vt 0.562750 0.426315
vt 0.569783 0.438451
vt 0.567988 0.445404
vt 0.562948 0.450593
vt 0.565695 0.365223
vt 0.563545 0.393948
vt 0.556648 0.387104
vt 0.554173 0.377712
vt 0.556763 0.368348
vt 0.563567 0.361512
vt 0.561640 0.397204
vt 0.553327 0.389047
vt 0.550448 0.377691
vt 0.553580 0.366563
vt 0.561692 0.358224
vt 0.560422 0.370501
vt 0.558424 0.377740
vt 0.560344 0.384973
vt 0.565679 0.390264
vt 0.565114 0.377748
vt 0.562135 0.377742
vt 0.565706 0.369410
vt 0.565726 0.373596
vt 0.562719 0.374345
vt 0.565368 0.381902
vt 0.565687 0.386079
vt 0.562708 0.381143
vt 0.567804 0.431496
vt 0.647352 0.428832
vt 0.639837 0.465081
vt 0.647363 0.467047
vt 0.647375 0.471471
vt 0.647351 0.432634
vt 0.637649 0.435265
vt 0.630550 0.442372
vt 0.627922 0.452070
vt 0.630546 0.461777
vt 0.637652 0.468905
vt 0.635681 0.431863
vt 0.627230 0.440427
vt 0.624039 0.452026
vt 0.627128 0.463718
vt 0.635715 0.472255
vt 0.647346 0.475326
vt 0.634353 0.459573
vt 0.632340 0.452081
vt 0.634349 0.444569
vt 0.639854 0.439064
vt 0.647351 0.437022
vt 0.647356 0.452066
vt 0.639284 0.452069
vt 0.636202 0.452071
vt 0.647359 0.462587
vt 0.639876 0.460710
vt 0.636805 0.455592
vt 0.647352 0.441530
vt 0.639872 0.443430
vt 0.636793 0.448549
vt 0.647351 0.424268
vt 0.633521 0.427992
vt 0.623265 0.438125
vt 0.619589 0.452104
vt 0.633440 0.476063
vt 0.647340 0.479912
vt 0.623328 0.465997
vt 0.654885 0.465070
vt 0.657050 0.435263
vt 0.664176 0.442348
vt 0.666793 0.452039
vt 0.664174 0.461768
vt 0.657066 0.468899
vt 0.659026 0.431859
vt 0.667522 0.440379
vt 0.670673 0.452039
vt 0.667576 0.463721
vt 0.658997 0.472259
vt 0.660372 0.459562
vt 0.662376 0.452068
vt 0.660360 0.444555
vt 0.654847 0.439062
vt 0.655430 0.452064
vt 0.658513 0.452064
vt 0.654845 0.460701
vt 0.657917 0.455584
vt 0.654831 0.443427
vt 0.657914 0.448541
vt 0.661192 0.427985
vt 0.671419 0.438214
vt 0.675121 0.452136
vt 0.661273 0.476068
vt 0.671375 0.465999
vt 0.588562 0.350954
vt 0.634971 0.350668
vt 0.600010 0.362295
vt 0.623520 0.362126
vt 0.572930 0.346538
vt 0.650573 0.346505
vt 0.603941 0.377970
vt 0.619550 0.377739
vt 0.588325 0.404691
vt 0.634959 0.404469
vt 0.599615 0.393301
vt 0.623572 0.393232
vt 0.572899 0.408881
vt 0.650561 0.408854
vt 0.557292 0.350937
vt 0.666174 0.350674
vt 0.545842 0.362286
vt 0.677626 0.362138
vt 0.541887 0.377946
vt 0.681580 0.377770
vt 0.557479 0.404673
vt 0.666162 0.404475
vt 0.546204 0.393272
vt 0.677549 0.393247
vt 0.703062 0.954837
vt 0.735753 0.954837
vt 0.767434 0.954837
vt 0.798730 0.954837
vt 0.830026 0.954837
vt 0.861707 0.954837
vt 0.894398 0.954837
vt 0.927829 0.954837
vt 0.961013 0.954837
vt 0.607276 0.954837
vt 0.990184 0.954837
vt 0.636447 0.954837
vt 0.669631 0.954837
vt 0.703062 0.982345
vt 0.735753 0.982345
vt 0.767434 0.982345
vt 0.798730 0.982345
vt 0.830026 0.982345
vt 0.861707 0.982345
vt 0.894398 0.982345
vt 0.927829 0.982345
vt 0.961013 0.982345
vt 0.607276 0.982345
vt 0.990184 0.982345
vt 0.636447 0.982345
vt 0.669631 0.982345
vt 0.703062 0.986063
vt 0.735753 0.986063
vt 0.767434 0.986063
vt 0.798730 0.986063
vt 0.830026 0.986063
vt 0.861707 0.986063
vt 0.894398 0.986063
vt 0.927829 0.986063
vt 0.961013 0.986063
vt 0.607276 0.986063
vt 0.990184 0.986063
vt 0.636447 0.986063
vt 0.669631 0.986063
vt 0.703062 0.990324
vt 0.735753 0.990324
vt 0.767434 0.990324
vt 0.798730 0.990324
vt 0.830026 0.990324
vt 0.861707 0.990324
vt 0.894398 0.990324
vt 0.927829 0.990324
vt 0.961013 0.990324
vt 0.607276 0.990324
vt 0.990184 0.990324
vt 0.636447 0.990324
vt 0.669631 0.990324
vt 0.894398 0.978176
vt 0.894398 0.972318
vt 0.927829 0.978176
vt 0.927829 0.972318
vt 0.798730 0.978176
vt 0.798730 0.972318
vt 0.830026 0.978176
vt 0.830026 0.972318
vt 0.636447 0.978176
vt 0.636447 0.972318
vt 0.669631 0.972318
vt 0.669631 0.978176
vt 0.703062 0.978176
vt 0.703062 0.972318
vt 0.735753 0.972318
vt 0.735753 0.978176
vt 0.961013 0.978176
vt 0.961013 0.972318
vt 0.861707 0.978176
vt 0.861707 0.972318
vt 0.767434 0.978176
vt 0.767434 0.972318
vt 0.607276 0.978176
vt 0.607276 0.972318
vt 0.990184 0.978176
vt 0.990184 0.972318
vt 0.845866 0.982345
vt 0.845866 0.986064
vt 0.845866 0.990324
vt 0.814378 0.982345
vt 0.814378 0.986064
vt 0.814378 0.990324
vt 0.783082 0.982345
vt 0.783082 0.986063
vt 0.783082 0.990324
vt 0.751593 0.982345
vt 0.751594 0.986063
vt 0.751593 0.990324
vt 0.719129 0.982345
vt 0.719129 0.986063
vt 0.719129 0.990324
vt 0.686405 0.982345
vt 0.686405 0.986063
vt 0.686405 0.990324
vt 0.652846 0.982345
vt 0.652846 0.986063
vt 0.652846 0.990324
vt 0.621862 0.982345
vt 0.621862 0.986063
vt 0.621862 0.990324
vt 0.975598 0.982345
vt 0.975598 0.986063
vt 0.975598 0.990324
vt 0.944421 0.982345
vt 0.944421 0.986063
vt 0.944421 0.990324
vt 0.911055 0.982345
vt 0.911054 0.986063
vt 0.911054 0.990324
vt 0.878052 0.982345
vt 0.878052 0.986063
vt 0.878052 0.990324
vt 0.845866 0.954837
vt 0.814378 0.954837
vt 0.783082 0.954837
vt 0.751593 0.954837
vt 0.719407 0.954837
vt 0.686346 0.954837
vt 0.653039 0.954837
vt 0.621862 0.954837
vt 0.975598 0.954837
vt 0.944421 0.954837
vt 0.911114 0.954837
vt 0.878052 0.954837
vt 0.878052 0.978176
vt 0.878052 0.972318
vt 0.911114 0.978176
vt 0.911114 0.972318
vt 0.944421 0.978176
vt 0.944421 0.972318
vt 0.975598 0.978176
vt 0.975598 0.972318
vt 0.621862 0.978176
vt 0.621862 0.972318
vt 0.653039 0.972318
vt 0.653039 0.978176
vt 0.686346 0.972318
vt 0.686346 0.978176
vt 0.719407 0.972318
vt 0.719407 0.978176
vt 0.751593 0.972318
vt 0.751593 0.978176
vt 0.783082 0.978176
vt 0.783082 0.972318
vt 0.814378 0.978176
vt 0.814378 0.972318
vt 0.845866 0.978176
vt 0.845866 0.972318
vt 0.662562 0.916072
vt 0.667161 0.923266
vt 0.668570 0.921299
vt 0.668659 0.918988
vt 0.667235 0.917019
vt 0.660335 0.923234
vt 0.662478 0.924357
vt 0.660393 0.917181
vt 0.659024 0.919073
vt 0.659062 0.921307
vt 0.664952 0.924358
vt 0.665003 0.915984
vt 0.658203 0.903026
vt 0.658203 0.903026
vt 0.658203 0.903026
vt 0.675959 0.933499
vt 0.675959 0.933499
vt 0.682277 0.925075
vt 0.682277 0.925075
vt 0.682277 0.925075
vt 0.682105 0.914748
vt 0.682105 0.914748
vt 0.682105 0.914748
vt 0.675710 0.906573
vt 0.675710 0.906573
vt 0.675710 0.906573
vt 0.650350 0.932517
vt 0.650350 0.932517
vt 0.650350 0.932517
vt 0.658126 0.937300
vt 0.658126 0.937300
vt 0.650694 0.907788
vt 0.650694 0.907788
vt 0.645182 0.915144
vt 0.645182 0.915144
vt 0.645182 0.915144
vt 0.644982 0.924936
vt 0.644982 0.924936
vt 0.644982 0.924936
vt 0.667345 0.937779
vt 0.667345 0.937779
vt 0.667345 0.937779
vt 0.667218 0.902556
vt 0.667218 0.902556
vt 0.657768 0.901786
vt 0.657768 0.901786
vt 0.676633 0.934594
vt 0.682710 0.926398
vt 0.682710 0.926398
vt 0.682520 0.913440
vt 0.682520 0.913440
vt 0.676349 0.905422
vt 0.676349 0.905422
vt 0.649509 0.933523
vt 0.649509 0.933523
vt 0.657726 0.938551
vt 0.649871 0.906887
vt 0.644457 0.913176
vt 0.644457 0.913176
vt 0.644171 0.926821
vt 0.644171 0.926821
vt 0.667518 0.939080
vt 0.667518 0.939080
vt 0.667330 0.901248
vt 0.704059 0.924848
vt 0.704059 0.924848
vt 0.704028 0.914824
vt 0.704028 0.914824
vt 0.704046 0.926151
vt 0.703948 0.913506
vt 0.709289 0.926293
vt 0.709289 0.926293
vt 0.709289 0.926293
vt 0.708800 0.912766
vt 0.708800 0.912766
vt 0.708800 0.912766
vt 0.709747 0.927540
vt 0.709747 0.927540
vt 0.709077 0.911453
vt 0.709077 0.911453
vt 0.723307 0.920663
vt 0.723307 0.920663
vt 0.723307 0.920663
vt 0.723326 0.917429
vt 0.723326 0.917429
vt 0.723326 0.917429
vt 0.724331 0.921632
vt 0.724331 0.921632
vt 0.724149 0.916366
vt 0.724149 0.916366
vt 0.547116 0.914541
vt 0.547116 0.914541
vt 0.547116 0.914541
vt 0.548933 0.919743
vt 0.548933 0.919743
vt 0.548933 0.919743
vt 0.546219 0.912741
vt 0.546219 0.912741
vt 0.546131 0.921266
vt 0.546131 0.921266
vt 0.661115 0.806702
vt 0.659864 0.739465
vt 0.691359 0.679862
vt 0.748778 0.645014
vt 0.815882 0.644999
vt 0.873304 0.679815
vt 0.904822 0.739383
vt 0.903624 0.806595
vt 0.871060 0.863612
vt 0.814887 0.896303
vt 0.749967 0.896339
vt 0.693747 0.863705
vt 0.715595 0.841987
vt 0.779683 0.773698
vt 0.934573 0.895401
vt 0.932707 0.890385
vt 0.934573 0.909458
vt 0.932706 0.884704
vt 0.939983 0.878791
vt 0.921679 0.917460
vt 0.939983 0.874056
vt 0.923987 0.919682
vt 0.756836 0.674483
vt 0.757995 0.866863
vt 0.781525 0.775231
vt 0.931779 0.895401
vt 0.781512 0.765627
vt 0.946604 0.895401
vt 0.937197 0.890385
vt 0.931779 0.909458
vt 0.914705 0.890385
vt 0.946604 0.909458
vt 0.937197 0.884704
vt 0.945958 0.878790
vt 0.914706 0.884704
vt 0.915401 0.878790
vt 0.918761 0.922516
vt 0.945958 0.874056
vt 0.941121 0.922212
vt 0.915401 0.874056
vt 0.921879 0.923302
vt 0.938030 0.923082
vt 0.807829 0.674469
vt 0.806818 0.866838
vt 0.783161 0.775160
vt 0.929251 0.895401
vt 0.783168 0.765699
vt 0.914426 0.895401
vt 0.941492 0.890385
vt 0.929251 0.909458
vt 0.963984 0.890385
vt 0.914426 0.909458
vt 0.941492 0.884704
vt 0.951743 0.878790
vt 0.963984 0.884704
vt 0.982299 0.878790
vt 0.918828 0.928190
vt 0.951743 0.874056
vt 0.941188 0.927970
vt 0.982299 0.874056
vt 0.921926 0.927331
vt 0.938078 0.927173
vt 0.849182 0.841922
vt 0.785015 0.773622
vt 0.926457 0.895401
vt 0.945983 0.890385
vt 0.926457 0.909458
vt 0.945983 0.884704
vt 0.957717 0.878791
vt 0.921863 0.933177
vt 0.957717 0.874056
vt 0.924118 0.930901
vt 0.690706 0.798347
vt 0.874024 0.798269
vt 0.786315 0.771464
vt 0.923386 0.895401
vt 0.778398 0.771469
vt 0.937644 0.895401
vt 0.950643 0.890385
vt 0.923386 0.909458
vt 0.928046 0.890385
vt 0.937644 0.909458
vt 0.950643 0.884704
vt 0.963894 0.878790
vt 0.928046 0.884704
vt 0.933806 0.878790
vt 0.927069 0.936110
vt 0.963894 0.874056
vt 0.926815 0.914405
vt 0.933806 0.874056
vt 0.927880 0.933023
vt 0.927698 0.917472
vt 0.927941 0.923130
vt 0.927991 0.927361
vt 0.875055 0.746821
vt 0.689634 0.746885
vt 0.786315 0.769432
vt 0.920309 0.895401
vt 0.778397 0.769428
vt 0.940721 0.895401
vt 0.955245 0.890385
vt 0.920309 0.909458
vt 0.923444 0.890385
vt 0.940721 0.909458
vt 0.955245 0.884704
vt 0.970089 0.878790
vt 0.923444 0.884704
vt 0.927611 0.878790
vt 0.933051 0.936066
vt 0.970089 0.874056
vt 0.932797 0.914310
vt 0.927611 0.874056
vt 0.932203 0.932991
vt 0.932021 0.917404
vt 0.931965 0.923077
vt 0.932015 0.927320
vt 0.851264 0.701245
vt 0.785023 0.767257
vt 0.917242 0.895401
vt 0.959810 0.890385
vt 0.917242 0.909458
vt 0.959810 0.884704
vt 0.976290 0.878791
vt 0.938220 0.933053
vt 0.976290 0.874056
vt 0.935935 0.930812
vt 0.713404 0.701284
vt 0.779671 0.767180
vt 0.943788 0.895401
vt 0.918880 0.890385
vt 0.943788 0.909458
vt 0.918879 0.884704
vt 0.921410 0.878791
vt 0.938034 0.917201
vt 0.921410 0.874056
vt 0.935803 0.919495
vt 0.264456 0.339263
vt 0.244702 0.339263
vt 0.225112 0.339263
vt 0.205485 0.339263
vt 0.185755 0.339263
vt 0.166363 0.339263
vt 0.147022 0.339263
vt 0.127870 0.339263
vt 0.264456 0.345225
vt 0.264456 0.345225
vt 0.244702 0.345225
vt 0.244702 0.345225
vt 0.225112 0.345225
vt 0.225112 0.345225
vt 0.205485 0.345225
vt 0.205485 0.345225
vt 0.185755 0.345225
vt 0.185755 0.345225
vt 0.166363 0.345225
vt 0.166363 0.345225
vt 0.147022 0.345225
vt 0.147022 0.345225
vt 0.127870 0.345225
vt 0.127870 0.345225
vt 0.264456 0.353556
vt 0.244702 0.353556
vt 0.225112 0.353556
vt 0.205485 0.353556
vt 0.185755 0.353556
vt 0.166363 0.353556
vt 0.147022 0.353556
vt 0.127870 0.353556
vt 0.264456 0.443252
vt 0.244702 0.443252
vt 0.225112 0.443252
vt 0.205485 0.443252
vt 0.185755 0.443252
vt 0.166363 0.443252
vt 0.147022 0.443252
vt 0.127870 0.443252
vt 0.264456 0.349311
vt 0.205485 0.349311
vt 0.225112 0.349311
vt 0.147022 0.349311
vt 0.166363 0.349311
vt 0.244702 0.349311
vt 0.185755 0.349311
vt 0.127870 0.349311
vt 0.127870 0.377000
vt 0.244702 0.377000
vt 0.264456 0.377000
vt 0.185755 0.377000
vt 0.205485 0.377000
vt 0.147022 0.377000
vt 0.225112 0.377000
vt 0.166363 0.377000
vt 0.244702 0.408860
vt 0.244702 0.431155
vt 0.185755 0.408860
vt 0.185755 0.431155
vt 0.127870 0.431155
vt 0.127870 0.408860
vt 0.264456 0.431155
vt 0.264456 0.408860
vt 0.205485 0.431155
vt 0.205485 0.408860
vt 0.147022 0.431155
vt 0.147022 0.408860
vt 0.225112 0.431155
vt 0.225112 0.408860
vt 0.166363 0.431155
vt 0.166363 0.408860
vt 0.244702 0.421011
vt 0.185755 0.421011
vt 0.127870 0.421011
vt 0.264456 0.421011
vt 0.205485 0.421011
vt 0.147022 0.421011
vt 0.225112 0.421011
vt 0.166363 0.421011
vt 0.264456 0.466075
vt 0.102467 0.471354
vt 0.244702 0.466075
vt 0.095328 0.471354
vt 0.225112 0.466075
vt 0.088181 0.471354
vt 0.205485 0.466075
vt 0.081045 0.471354
vt 0.185755 0.466075
vt 0.073912 0.471354
vt 0.166363 0.466075
vt 0.066694 0.471354
vt 0.147022 0.466075
vt 0.059632 0.471354
vt 0.052491 0.471354
vt 0.127870 0.466075
vt 0.088181 0.508335
vt 0.095328 0.508335
vt 0.066694 0.508335
vt 0.073912 0.508335
vt 0.052491 0.508335
vt 0.102467 0.508335
vt 0.081045 0.508335
vt 0.059632 0.508335
vt 0.073912 0.544986
vt 0.073912 0.553229
vt 0.081045 0.553229
vt 0.081045 0.544986
vt 0.052491 0.544986
vt 0.052491 0.553229
vt 0.059632 0.553229
vt 0.059632 0.544986
vt 0.102467 0.544986
vt 0.102467 0.553229
vt 0.088181 0.553229
vt 0.088181 0.544986
vt 0.066912 0.553229
vt 0.066871 0.544986
vt 0.095328 0.553229
vt 0.095328 0.544986
vt 0.102467 0.563164
vt 0.095328 0.563164
vt 0.088181 0.563164
vt 0.081045 0.563164
vt 0.073912 0.563164
vt 0.066770 0.563164
vt 0.059632 0.563164
vt 0.052491 0.563164
vt 0.008619 0.619812
vt 0.009217 0.614044
vt 0.011100 0.608543
vt 0.014228 0.603638
vt 0.018343 0.599542
vt 0.023257 0.596456
vt 0.028730 0.594548
vt 0.034488 0.593894
vt 0.076163 0.576343
vt 0.076163 0.575987
vt 0.070497 0.576343
vt 0.070497 0.575987
vt 0.064818 0.576343
vt 0.064818 0.575987
vt 0.059142 0.576343
vt 0.059142 0.575987
vt 0.053452 0.576343
vt 0.053452 0.575987
vt 0.047765 0.576343
vt 0.047765 0.575987
vt 0.042100 0.576343
vt 0.042100 0.575987
vt 0.015021 0.619810
vt 0.015536 0.615485
vt 0.017014 0.611403
vt 0.019292 0.607714
vt 0.022362 0.604636
vt 0.026036 0.602308
vt 0.030146 0.600874
vt 0.034473 0.600368
vt 0.021880 0.619808
vt 0.022211 0.617010
vt 0.023139 0.614350
vt 0.024634 0.611954
vt 0.026620 0.609948
vt 0.029014 0.608454
vt 0.031674 0.607506
vt 0.034480 0.607193
vt 0.028367 0.619807
vt 0.028520 0.618446
vt 0.028973 0.617152
vt 0.029482 0.615769
vt 0.030670 0.614798
vt 0.031829 0.614288
vt 0.033122 0.613832
vt 0.034483 0.613680
vt 0.034484 0.619804
vt 0.034484 0.616749
vt 0.030358 0.617054
vt 0.029903 0.619807
vt 0.284267 0.339263
vt 0.303689 0.339263
vt 0.323184 0.339263
vt 0.342873 0.339263
vt 0.362374 0.339263
vt 0.381768 0.339263
vt 0.400954 0.339263
vt 0.284267 0.345225
vt 0.284267 0.345225
vt 0.303689 0.345225
vt 0.303689 0.345225
vt 0.323184 0.345225
vt 0.323184 0.345225
vt 0.342873 0.345225
vt 0.342873 0.345225
vt 0.362374 0.345225
vt 0.362374 0.345225
vt 0.381768 0.345225
vt 0.381768 0.345225
vt 0.400954 0.345225
vt 0.400954 0.345225
vt 0.284267 0.353556
vt 0.303689 0.353556
vt 0.323184 0.353556
vt 0.342873 0.353556
vt 0.362374 0.353556
vt 0.381768 0.353556
vt 0.400954 0.353556
vt 0.284267 0.443252
vt 0.303689 0.443252
vt 0.323184 0.443252
vt 0.342873 0.443252
vt 0.362374 0.443252
vt 0.381768 0.443252
vt 0.400954 0.443252
vt 0.323184 0.349311
vt 0.303689 0.349311
vt 0.381768 0.349311
vt 0.362374 0.349311
vt 0.284267 0.349311
vt 0.342873 0.349311
vt 0.400954 0.349311
vt 0.400954 0.377000
vt 0.284267 0.377000
vt 0.342873 0.377000
vt 0.323184 0.377000
vt 0.381768 0.377000
vt 0.303689 0.377000
vt 0.362374 0.377000
vt 0.284267 0.408860
vt 0.284267 0.431155
vt 0.342873 0.408860
vt 0.342873 0.431155
vt 0.400954 0.431155
vt 0.400954 0.408860
vt 0.323184 0.431155
vt 0.323184 0.408860
vt 0.381768 0.431155
vt 0.381768 0.408860
vt 0.303689 0.431155
vt 0.303689 0.408860
vt 0.362374 0.431155
vt 0.362374 0.408860
vt 0.284267 0.421011
vt 0.342873 0.421011
vt 0.400954 0.421011
vt 0.323184 0.421011
vt 0.381768 0.421011
vt 0.303689 0.421011
vt 0.362374 0.421011
vt 0.284267 0.466075
vt 0.109599 0.471354
vt 0.303689 0.466075
vt 0.116739 0.471354
vt 0.323184 0.466075
vt 0.123877 0.471354
vt 0.342873 0.466075
vt 0.131016 0.471354
vt 0.362374 0.466075
vt 0.138155 0.471354
vt 0.381768 0.466075
vt 0.145291 0.471354
vt 0.152434 0.471354
vt 0.400954 0.466075
vt 0.116739 0.508335
vt 0.109599 0.508335
vt 0.138155 0.508335
vt 0.131016 0.508335
vt 0.152434 0.508335
vt 0.123877 0.508335
vt 0.145291 0.508335
vt 0.131016 0.544986
vt 0.131016 0.553229
vt 0.123877 0.553229
vt 0.123877 0.544986
vt 0.152434 0.544986
vt 0.152434 0.553229
vt 0.145291 0.553229
vt 0.145291 0.544986
vt 0.116739 0.553229
vt 0.116739 0.544986
vt 0.138155 0.553229
vt 0.138155 0.544986
vt 0.109599 0.553229
vt 0.109599 0.544986
vt 0.109599 0.563164
vt 0.116739 0.563164
vt 0.123877 0.563164
vt 0.131016 0.563164
vt 0.138155 0.563164
vt 0.145291 0.563164
vt 0.152434 0.563164
vt 0.060345 0.619795
vt 0.059740 0.614032
vt 0.057858 0.608539
vt 0.054734 0.603646
vt 0.050609 0.599575
vt 0.045737 0.596438
vt 0.040244 0.594576
vt 0.087545 0.576343
vt 0.087545 0.575987
vt 0.093196 0.576343
vt 0.093196 0.575987
vt 0.098871 0.576343
vt 0.098871 0.575987
vt 0.104545 0.576343
vt 0.104545 0.575987
vt 0.110214 0.576343
vt 0.110214 0.575987
vt 0.115904 0.576343
vt 0.115904 0.575987
vt 0.121582 0.576343
vt 0.121582 0.575987
vt 0.053943 0.619798
vt 0.053417 0.615472
vt 0.051944 0.611387
vt 0.049666 0.607693
vt 0.046605 0.604594
vt 0.042897 0.602321
vt 0.038809 0.600823
vt 0.047086 0.619800
vt 0.046768 0.617000
vt 0.045831 0.614338
vt 0.044333 0.611940
vt 0.042346 0.609933
vt 0.039945 0.608442
vt 0.037282 0.607516
vt 0.040601 0.619800
vt 0.040449 0.618438
vt 0.039996 0.617144
vt 0.039487 0.615761
vt 0.038298 0.614792
vt 0.037137 0.614285
vt 0.035844 0.613832
vt 0.037231 0.616952
vt 0.038610 0.617049
vt 0.039065 0.619801
vt 0.002697 0.339263
vt 0.525574 0.339263
vt 0.017906 0.339263
vt 0.034596 0.339263
vt 0.052117 0.339263
vt 0.070771 0.339263
vt 0.089654 0.339263
vt 0.108701 0.339263
vt 0.002697 0.345225
vt 0.525574 0.345225
vt 0.002697 0.345225
vt 0.525574 0.345225
vt 0.017906 0.345225
vt 0.017906 0.345225
vt 0.034596 0.345225
vt 0.034596 0.345225
vt 0.052117 0.345225
vt 0.052117 0.345225
vt 0.070771 0.345225
vt 0.070771 0.345225
vt 0.089654 0.345225
vt 0.089654 0.345225
vt 0.108701 0.345225
vt 0.108701 0.345225
vt 0.002697 0.353556
vt 0.525574 0.353556
vt 0.017906 0.353556
vt 0.034596 0.353556
vt 0.052117 0.353556
vt 0.070771 0.353556
vt 0.089654 0.353556
vt 0.108701 0.353556
vt 0.002697 0.443252
vt 0.525574 0.443252
vt 0.017906 0.443252
vt 0.034596 0.443252
vt 0.052117 0.443252
vt 0.070771 0.443252
vt 0.089654 0.443252
vt 0.108701 0.443252
vt 0.002697 0.349311
vt 0.525574 0.349311
vt 0.052117 0.349311
vt 0.034596 0.349311
vt 0.108701 0.349311
vt 0.089654 0.349311
vt 0.017906 0.349311
vt 0.070771 0.349311
vt 0.017906 0.377000
vt 0.002697 0.377000
vt 0.525574 0.377000
vt 0.070771 0.377000
vt 0.052117 0.377000
vt 0.108701 0.377000
vt 0.034596 0.377000
vt 0.089654 0.377000
vt 0.017906 0.408860
vt 0.017906 0.431155
vt 0.070771 0.408860
vt 0.070771 0.431155
vt 0.002697 0.431155
vt 0.525574 0.431155
vt 0.002697 0.408860
vt 0.525574 0.408860
vt 0.052117 0.431155
vt 0.052117 0.408860
vt 0.108701 0.431155
vt 0.108701 0.408860
vt 0.034596 0.431155
vt 0.034596 0.408860
vt 0.089654 0.431155
vt 0.089654 0.408860
vt 0.017906 0.421011
vt 0.070771 0.421011
vt 0.002697 0.421011
vt 0.525574 0.421011
vt 0.052117 0.421011
vt 0.108701 0.421011
vt 0.034596 0.421011
vt 0.089654 0.421011
vt 0.002697 0.466075
vt 0.525574 0.466075
vt 0.002862 0.471354
vt 0.201993 0.471354
vt 0.017906 0.466075
vt 0.009709 0.471354
vt 0.034596 0.466075
vt 0.016785 0.471354
vt 0.052117 0.466075
vt 0.023892 0.471354
vt 0.070771 0.466075
vt 0.031033 0.471354
vt 0.089654 0.466075
vt 0.038180 0.471354
vt 0.108701 0.466075
vt 0.045327 0.471354
vt 0.016785 0.508335
vt 0.009709 0.508335
vt 0.038180 0.508335
vt 0.031033 0.508335
vt 0.002862 0.508335
vt 0.201993 0.508335
vt 0.023892 0.508335
vt 0.045327 0.508335
vt 0.031033 0.544986
vt 0.031033 0.553229
vt 0.023892 0.553229
vt 0.023892 0.544986
vt 0.045327 0.553229
vt 0.045327 0.544986
vt 0.002862 0.544986
vt 0.201993 0.544986
vt 0.002862 0.553229
vt 0.201993 0.553229
vt 0.016785 0.553229
vt 0.016785 0.544986
vt 0.038180 0.553229
vt 0.038180 0.544986
vt 0.009709 0.553229
vt 0.009709 0.544986
vt 0.002862 0.563164
vt 0.201993 0.563164
vt 0.009709 0.563164
vt 0.016785 0.563164
vt 0.023892 0.563164
vt 0.031033 0.563164
vt 0.038180 0.563164
vt 0.045327 0.563164
vt 0.009225 0.625579
vt 0.011109 0.631077
vt 0.014236 0.635978
vt 0.018349 0.640068
vt 0.023256 0.643144
vt 0.028734 0.645027
vt 0.034489 0.645714
vt 0.003563 0.576343
vt 0.003563 0.575987
vt 0.160121 0.576343
vt 0.160121 0.575987
vt 0.008395 0.576343
vt 0.008395 0.575987
vt 0.013761 0.576343
vt 0.013761 0.575987
vt 0.025046 0.576343
vt 0.025046 0.575987
vt 0.030703 0.576343
vt 0.030703 0.575987
vt 0.015548 0.624134
vt 0.017022 0.628217
vt 0.019301 0.631905
vt 0.022374 0.634983
vt 0.026053 0.637314
vt 0.030157 0.638791
vt 0.034495 0.639239
vt 0.022199 0.622606
vt 0.023137 0.625268
vt 0.024636 0.627664
vt 0.026624 0.629671
vt 0.029018 0.631170
vt 0.031681 0.632094
vt 0.034482 0.632414
vt 0.028519 0.621169
vt 0.028972 0.622463
vt 0.029481 0.623845
vt 0.030670 0.624815
vt 0.031829 0.625323
vt 0.033122 0.625776
vt 0.034483 0.625928
vt 0.034484 0.622859
vt 0.030358 0.622558
vt 0.509967 0.339263
vt 0.494072 0.339263
vt 0.476477 0.339263
vt 0.457863 0.339263
vt 0.439080 0.339263
vt 0.420103 0.339263
vt 0.509967 0.345225
vt 0.509967 0.345225
vt 0.494072 0.345225
vt 0.494072 0.345225
vt 0.476477 0.345225
vt 0.476477 0.345225
vt 0.457863 0.345225
vt 0.457863 0.345225
vt 0.439080 0.345225
vt 0.439080 0.345225
vt 0.420103 0.345225
vt 0.420103 0.345225
vt 0.509967 0.353556
vt 0.494072 0.353556
vt 0.476477 0.353556
vt 0.457863 0.353556
vt 0.439080 0.353556
vt 0.420103 0.353556
vt 0.509967 0.443252
vt 0.494072 0.443252
vt 0.476477 0.443252
vt 0.457863 0.443252
vt 0.439080 0.443252
vt 0.420103 0.443252
vt 0.476477 0.349311
vt 0.494072 0.349311
vt 0.420103 0.349311
vt 0.439080 0.349311
vt 0.509967 0.349311
vt 0.457863 0.349311
vt 0.509967 0.377000
vt 0.457863 0.377000
vt 0.476477 0.377000
vt 0.420103 0.377000
vt 0.494072 0.377000
vt 0.439080 0.377000
vt 0.509967 0.408860
vt 0.509967 0.431155
vt 0.457863 0.408860
vt 0.457863 0.431155
vt 0.476477 0.431155
vt 0.476477 0.408860
vt 0.420103 0.431155
vt 0.420103 0.408860
vt 0.494072 0.431155
vt 0.494072 0.408860
vt 0.439080 0.431155
vt 0.439080 0.408860
vt 0.509967 0.421011
vt 0.457863 0.421011
vt 0.476477 0.421011
vt 0.420103 0.421011
vt 0.494072 0.421011
vt 0.439080 0.421011
vt 0.509967 0.466075
vt 0.195283 0.471354
vt 0.494072 0.466075
vt 0.188253 0.471354
vt 0.476477 0.466075
vt 0.181097 0.471354
vt 0.457863 0.466075
vt 0.173927 0.471354
vt 0.439080 0.466075
vt 0.166748 0.471354
vt 0.420103 0.466075
vt 0.159593 0.471354
vt 0.188253 0.508335
vt 0.195283 0.508335
vt 0.166748 0.508335
vt 0.173927 0.508335
vt 0.181097 0.508335
vt 0.159593 0.508335
vt 0.173927 0.544986
vt 0.173927 0.553229
vt 0.181097 0.553229
vt 0.181097 0.544986
vt 0.159593 0.553229
vt 0.159593 0.544986
vt 0.188253 0.553229
vt 0.188253 0.544986
vt 0.166748 0.553229
vt 0.166748 0.544986
vt 0.195283 0.553229
vt 0.195283 0.544986
vt 0.195283 0.563164
vt 0.188253 0.563164
vt 0.181097 0.563164
vt 0.173927 0.563164
vt 0.166748 0.563164
vt 0.159593 0.563164
vt 0.059749 0.625560
vt 0.057867 0.631056
vt 0.054742 0.635953
vt 0.050614 0.640029
vt 0.045737 0.643179
vt 0.040249 0.645064
vt 0.155301 0.576343
vt 0.155301 0.575987
vt 0.144270 0.576343
vt 0.144270 0.575987
vt 0.138636 0.576343
vt 0.138636 0.575987
vt 0.127259 0.576343
vt 0.127259 0.575987
vt 0.053428 0.624123
vt 0.051952 0.628208
vt 0.049675 0.631903
vt 0.046616 0.635003
vt 0.042911 0.637271
vt 0.038819 0.638727
vt 0.046756 0.622598
vt 0.045829 0.625260
vt 0.044336 0.627657
vt 0.042350 0.629663
vt 0.039950 0.631149
vt 0.037288 0.632098
vt 0.040447 0.621162
vt 0.039994 0.622457
vt 0.039486 0.623840
vt 0.038298 0.624810
vt 0.037138 0.625320
vt 0.035845 0.625775
vt 0.038609 0.622554
vt 0.102467 0.479544
vt 0.102467 0.486149
vt 0.102467 0.485162
vt 0.102467 0.480345
vt 0.095328 0.486149
vt 0.095328 0.479544
vt 0.095328 0.485162
vt 0.095328 0.480345
vt 0.088181 0.486149
vt 0.088181 0.479544
vt 0.088181 0.485162
vt 0.088181 0.480345
vt 0.081045 0.479544
vt 0.081045 0.486149
vt 0.081045 0.485162
vt 0.081045 0.480345
vt 0.073912 0.486149
vt 0.073912 0.479544
vt 0.073912 0.485162
vt 0.073912 0.480345
vt 0.066694 0.486149
vt 0.066694 0.479544
vt 0.066694 0.485162
vt 0.066694 0.480345
vt 0.059632 0.479544
vt 0.059632 0.486149
vt 0.059632 0.485162
vt 0.059632 0.480345
vt 0.052491 0.486149
vt 0.052491 0.479544
vt 0.052491 0.485162
vt 0.052491 0.480345
vt 0.102467 0.534037
vt 0.102467 0.529353
vt 0.102467 0.535743
vt 0.095328 0.535743
vt 0.095328 0.534037
vt 0.095328 0.529353
vt 0.088181 0.535743
vt 0.088181 0.534037
vt 0.088181 0.529353
vt 0.081045 0.534037
vt 0.081045 0.529353
vt 0.081045 0.535743
vt 0.073912 0.535743
vt 0.073912 0.534037
vt 0.073912 0.529353
vt 0.066694 0.535743
vt 0.066638 0.534037
vt 0.066694 0.529353
vt 0.059632 0.534037
vt 0.059632 0.529353
vt 0.059632 0.535743
vt 0.052491 0.535743
vt 0.052491 0.534037
vt 0.052491 0.529353
vt 0.102467 0.538932
vt 0.102467 0.540794
vt 0.095328 0.540794
vt 0.095328 0.538932
vt 0.088181 0.540794
vt 0.088181 0.538932
vt 0.081045 0.538932
vt 0.081045 0.540794
vt 0.073912 0.540794
vt 0.073912 0.538932
vt 0.066797 0.540794
vt 0.066762 0.538932
vt 0.059632 0.538932
vt 0.059632 0.540794
vt 0.052491 0.540794
vt 0.052491 0.538932
vt 0.102467 0.557337
vt 0.102467 0.559124
vt 0.095328 0.559124
vt 0.095328 0.557337
vt 0.088181 0.559124
vt 0.088181 0.557337
vt 0.081045 0.557337
vt 0.081045 0.559124
vt 0.073912 0.559124
vt 0.073912 0.557337
vt 0.066844 0.559124
vt 0.066871 0.557337
vt 0.059632 0.557337
vt 0.059632 0.559124
vt 0.052491 0.559124
vt 0.052491 0.557337
vt 0.102467 0.565484
vt 0.081846 0.572615
vt 0.102467 0.566303
vt 0.076163 0.572615
vt 0.095328 0.566303
vt 0.095328 0.565484
vt 0.070497 0.572615
vt 0.088181 0.566303
vt 0.088181 0.565484
vt 0.081045 0.565484
vt 0.064818 0.572615
vt 0.081045 0.566303
vt 0.059142 0.572615
vt 0.073912 0.566303
vt 0.073912 0.565484
vt 0.053452 0.572615
vt 0.066675 0.566303
vt 0.066700 0.565484
vt 0.059632 0.565484
vt 0.047765 0.572615
vt 0.059632 0.566303
vt 0.042100 0.572615
vt 0.052491 0.566303
vt 0.052491 0.565484
vt 0.034492 0.592013
vt 0.081846 0.585919
vt 0.034494 0.590982
vt 0.028319 0.592687
vt 0.076163 0.585919
vt 0.028090 0.591673
vt 0.022443 0.594731
vt 0.070497 0.585919
vt 0.021997 0.593801
vt 0.017167 0.598040
vt 0.064818 0.585919
vt 0.016521 0.597226
vt 0.012748 0.602433
vt 0.059142 0.585919
vt 0.011944 0.601787
vt 0.009392 0.607702
vt 0.053452 0.585919
vt 0.008455 0.607251
vt 0.007358 0.613613
vt 0.047765 0.585919
vt 0.006347 0.613388
vt 0.006681 0.619814
vt 0.005650 0.619814
vt 0.042100 0.585919
vt 0.081846 0.576343
vt 0.081846 0.575987
vt 0.081846 0.577559
vt 0.081846 0.574696
vt 0.076163 0.574696
vt 0.076163 0.577559
vt 0.070497 0.574696
vt 0.070497 0.577559
vt 0.064818 0.577559
vt 0.064818 0.574696
vt 0.059142 0.574696
vt 0.059142 0.577559
vt 0.053452 0.574696
vt 0.053452 0.577559
vt 0.047765 0.577559
vt 0.047765 0.574696
vt 0.042100 0.574696
vt 0.042100 0.577559
vt 0.109599 0.479544
vt 0.109599 0.486149
vt 0.109599 0.485162
vt 0.109599 0.480345
vt 0.116739 0.479544
vt 0.116739 0.486149
vt 0.116739 0.485162
vt 0.116739 0.480345
vt 0.123877 0.486149
vt 0.123877 0.479544
vt 0.123877 0.485162
vt 0.123877 0.480345
vt 0.131016 0.479544
vt 0.131016 0.486149
vt 0.131016 0.485162
vt 0.131016 0.480345
vt 0.138155 0.479544
vt 0.138155 0.486149
vt 0.138155 0.485162
vt 0.138155 0.480345
vt 0.145291 0.486149
vt 0.145291 0.479544
vt 0.145291 0.485162
vt 0.145291 0.480345
vt 0.152434 0.479544
vt 0.152434 0.486149
vt 0.152434 0.485162
vt 0.152434 0.480345
vt 0.109599 0.534037
vt 0.109599 0.529353
vt 0.109599 0.535743
vt 0.116739 0.534037
vt 0.116739 0.529353
vt 0.116739 0.535743
vt 0.123877 0.535743
vt 0.123877 0.534037
vt 0.123877 0.529353
vt 0.131016 0.534037
vt 0.131016 0.529353
vt 0.131016 0.535743
vt 0.138155 0.534037
vt 0.138155 0.529353
vt 0.138155 0.535743
vt 0.145291 0.535743
vt 0.145291 0.534037
vt 0.145291 0.529353
vt 0.152434 0.534037
vt 0.152434 0.529353
vt 0.152434 0.535743
vt 0.109599 0.538932
vt 0.109599 0.540794
vt 0.116739 0.538932
vt 0.116739 0.540794
vt 0.123877 0.540794
vt 0.123877 0.538932
vt 0.131016 0.538932
vt 0.131016 0.540794
vt 0.138155 0.538932
vt 0.138155 0.540794
vt 0.145291 0.540794
vt 0.145291 0.538932
vt 0.152434 0.538932
vt 0.152434 0.540794
vt 0.109599 0.557337
vt 0.109599 0.559124
vt 0.116739 0.557337
vt 0.116739 0.559124
vt 0.123877 0.559124
vt 0.123877 0.557337
vt 0.131016 0.557337
vt 0.131016 0.559124
vt 0.138155 0.557337
vt 0.138155 0.559124
vt 0.145291 0.559124
vt 0.145291 0.557337
vt 0.152434 0.557337
vt 0.152434 0.559124
vt 0.109599 0.565484
vt 0.087545 0.572615
vt 0.109599 0.566303
vt 0.116739 0.565484
vt 0.093196 0.572615
vt 0.116739 0.566303
vt 0.098871 0.572615
vt 0.123877 0.566303
vt 0.123877 0.565484
vt 0.131016 0.565484
vt 0.104545 0.572615
vt 0.131016 0.566303
vt 0.138155 0.565484
vt 0.110214 0.572615
vt 0.138155 0.566303
vt 0.115904 0.572615
vt 0.145291 0.566303
vt 0.145291 0.565484
vt 0.152434 0.565484
vt 0.121582 0.572615
vt 0.152434 0.566303
vt 0.040658 0.592713
vt 0.087545 0.585919
vt 0.040885 0.591698
vt 0.046548 0.594716
vt 0.093196 0.585919
vt 0.046995 0.593787
vt 0.051792 0.598073
vt 0.098871 0.585919
vt 0.052441 0.597261
vt 0.056211 0.602440
vt 0.104545 0.585919
vt 0.057014 0.601792
vt 0.059566 0.607698
vt 0.110214 0.585919
vt 0.060502 0.607246
vt 0.061599 0.613599
vt 0.115904 0.585919
vt 0.062610 0.613374
vt 0.062284 0.619794
vt 0.063315 0.619793
vt 0.121582 0.585919
vt 0.087545 0.574696
vt 0.087545 0.577559
vt 0.093196 0.574696
vt 0.093196 0.577559
vt 0.098871 0.577559
vt 0.098871 0.574696
vt 0.104545 0.574696
vt 0.104545 0.577559
vt 0.110214 0.574696
vt 0.110214 0.577559
vt 0.115904 0.577559
vt 0.115904 0.574696
vt 0.121582 0.574696
vt 0.121582 0.577559
vt 0.002862 0.486149
vt 0.201993 0.486149
vt 0.002862 0.479544
vt 0.201993 0.479544
vt 0.002862 0.485162
vt 0.002862 0.480345
vt 0.201993 0.485162
vt 0.201993 0.480345
vt 0.009709 0.479544
vt 0.009709 0.486149
vt 0.009709 0.485162
vt 0.009709 0.480345
vt 0.016785 0.479544
vt 0.016785 0.486149
vt 0.016785 0.485162
vt 0.016785 0.480345
vt 0.023892 0.486149
vt 0.023892 0.479544
vt 0.023892 0.485162
vt 0.023892 0.480345
vt 0.031033 0.479544
vt 0.031033 0.486149
vt 0.031033 0.485162
vt 0.031033 0.480345
vt 0.038180 0.479544
vt 0.038180 0.486149
vt 0.038180 0.485162
vt 0.038180 0.480345
vt 0.045327 0.486149
vt 0.045327 0.479544
vt 0.045327 0.485162
vt 0.045327 0.480345
vt 0.002862 0.535743
vt 0.201993 0.535743
vt 0.002862 0.534037
vt 0.002862 0.529353
vt 0.201993 0.534037
vt 0.201993 0.529353
vt 0.009709 0.534037
vt 0.009709 0.529353
vt 0.009709 0.535743
vt 0.016785 0.534037
vt 0.016785 0.529353
vt 0.016785 0.535743
vt 0.023892 0.535743
vt 0.023892 0.534037
vt 0.023892 0.529353
vt 0.031033 0.534037
vt 0.031033 0.529353
vt 0.031033 0.535743
vt 0.038180 0.534037
vt 0.038180 0.529353
vt 0.038180 0.535743
vt 0.045327 0.535743
vt 0.045327 0.534037
vt 0.045327 0.529353
vt 0.002862 0.540794
vt 0.201993 0.540794
vt 0.002862 0.538932
vt 0.201993 0.538932
vt 0.009709 0.538932
vt 0.009709 0.540794
vt 0.016785 0.538932
vt 0.016785 0.540794
vt 0.023892 0.540794
vt 0.023892 0.538932
vt 0.031033 0.538932
vt 0.031033 0.540794
vt 0.038180 0.538932
vt 0.038180 0.540794
vt 0.045327 0.540794
vt 0.045327 0.538932
vt 0.002862 0.559124
vt 0.201993 0.559124
vt 0.002862 0.557337
vt 0.201993 0.557337
vt 0.009709 0.557337
vt 0.009709 0.559124
vt 0.016785 0.557337
vt 0.016785 0.559124
vt 0.023892 0.559124
vt 0.023892 0.557337
vt 0.031033 0.557337
vt 0.031033 0.559124
vt 0.038180 0.557337
vt 0.038180 0.559124
vt 0.045327 0.559124
vt 0.045327 0.557337
vt 0.002862 0.566303
vt 0.003563 0.572615
vt 0.160121 0.572615
vt 0.201993 0.566303
vt 0.002862 0.565484
vt 0.201993 0.565484
vt 0.009709 0.565484
vt 0.008395 0.572615
vt 0.009709 0.566303
vt 0.016785 0.565484
vt 0.013761 0.572615
vt 0.016785 0.566303
vt 0.019428 0.572615
vt 0.023892 0.566303
vt 0.023892 0.565484
vt 0.031033 0.565484
vt 0.025046 0.572615
vt 0.031033 0.566303
vt 0.038180 0.565484
vt 0.030703 0.572615
vt 0.038180 0.566303
vt 0.036420 0.572615
vt 0.045327 0.566303
vt 0.045327 0.565484
vt 0.034484 0.647594
vt 0.003563 0.585919
vt 0.160121 0.585919
vt 0.034481 0.648625
vt 0.028320 0.646889
vt 0.008395 0.585919
vt 0.028090 0.647903
vt 0.022447 0.644870
vt 0.013761 0.585919
vt 0.022003 0.645800
vt 0.017173 0.641570
vt 0.019428 0.585919
vt 0.016527 0.642385
vt 0.012756 0.637183
vt 0.025046 0.585919
vt 0.011952 0.637829
vt 0.009401 0.631918
vt 0.030703 0.585919
vt 0.008464 0.632369
vt 0.007366 0.626012
vt 0.036420 0.585919
vt 0.006356 0.626238
vt 0.003563 0.577559
vt 0.160121 0.577559
vt 0.003563 0.574696
vt 0.160121 0.574696
vt 0.008395 0.574696
vt 0.008395 0.577559
vt 0.013761 0.574696
vt 0.013761 0.577559
vt 0.019428 0.577559
vt 0.019428 0.576343
vt 0.019428 0.575987
vt 0.019428 0.574696
vt 0.025046 0.574696
vt 0.025046 0.577559
vt 0.030703 0.574696
vt 0.030703 0.577559
vt 0.036420 0.577559
vt 0.036420 0.576343
vt 0.036420 0.575987
vt 0.036420 0.574696
vt 0.195283 0.486149
vt 0.195283 0.479544
vt 0.195283 0.485162
vt 0.195283 0.480345
vt 0.188253 0.486149
vt 0.188253 0.479544
vt 0.188253 0.485162
vt 0.188253 0.480345
vt 0.181097 0.479544
vt 0.181097 0.486149
vt 0.181097 0.485162
vt 0.181097 0.480345
vt 0.173927 0.486149
vt 0.173927 0.479544
vt 0.173927 0.485162
vt 0.173927 0.480345
vt 0.166748 0.486149
vt 0.166748 0.479544
vt 0.166748 0.485162
vt 0.166748 0.480345
vt 0.159593 0.479544
vt 0.159593 0.486149
vt 0.159593 0.485162
vt 0.159593 0.480345
vt 0.195283 0.535743
vt 0.195283 0.534037
vt 0.195283 0.529353
vt 0.188253 0.535743
vt 0.188253 0.534037
vt 0.188253 0.529353
vt 0.181097 0.534037
vt 0.181097 0.529353
vt 0.181097 0.535743
vt 0.173927 0.535743
vt 0.173927 0.534037
vt 0.173927 0.529353
vt 0.166748 0.535743
vt 0.166748 0.534037
vt 0.166748 0.529353
vt 0.159593 0.534037
vt 0.159593 0.529353
vt 0.159593 0.535743
vt 0.195283 0.540794
vt 0.195283 0.538932
vt 0.188253 0.540794
vt 0.188253 0.538932
vt 0.181097 0.538932
vt 0.181097 0.540794
vt 0.173927 0.540794
vt 0.173927 0.538932
vt 0.166748 0.540794
vt 0.166748 0.538932
vt 0.159593 0.538932
vt 0.159593 0.540794
vt 0.195283 0.559124
vt 0.195283 0.557337
vt 0.188253 0.559124
vt 0.188253 0.557337
vt 0.181097 0.557337
vt 0.181097 0.559124
vt 0.173927 0.559124
vt 0.173927 0.557337
vt 0.166748 0.559124
vt 0.166748 0.557337
vt 0.159593 0.557337
vt 0.159593 0.559124
vt 0.155301 0.572615
vt 0.195283 0.566303
vt 0.195283 0.565484
vt 0.149915 0.572615
vt 0.188253 0.566303
vt 0.188253 0.565484
vt 0.181097 0.565484
vt 0.144270 0.572615
vt 0.181097 0.566303
vt 0.138636 0.572615
vt 0.173927 0.566303
vt 0.173927 0.565484
vt 0.132975 0.572615
vt 0.166748 0.566303
vt 0.166748 0.565484
vt 0.159593 0.565484
vt 0.127259 0.572615
vt 0.159593 0.566303
vt 0.040660 0.646926
vt 0.155301 0.585919
vt 0.040886 0.647941
vt 0.046552 0.644899
vt 0.149915 0.585919
vt 0.047002 0.645827
vt 0.051798 0.641530
vt 0.144270 0.585919
vt 0.052448 0.642342
vt 0.056219 0.637159
vt 0.138636 0.585919
vt 0.057022 0.637806
vt 0.059575 0.631897
vt 0.132975 0.585919
vt 0.060512 0.632349
vt 0.061608 0.625991
vt 0.127259 0.585919
vt 0.062618 0.626216
vt 0.155301 0.574696
vt 0.155301 0.577559
vt 0.149915 0.574696
vt 0.149915 0.577559
vt 0.149915 0.576343
vt 0.149915 0.575987
vt 0.144270 0.577559
vt 0.144270 0.574696
vt 0.138636 0.574696
vt 0.138636 0.577559
vt 0.132975 0.574696
vt 0.132975 0.577559
vt 0.132975 0.576343
vt 0.132975 0.575987
vt 0.127259 0.577559
vt 0.127259 0.574696
vt 0.102467 0.490923
vt 0.102467 0.494856
vt 0.095328 0.494856
vt 0.095328 0.490923
vt 0.088181 0.494856
vt 0.088181 0.490923
vt 0.081045 0.490923
vt 0.081045 0.494856
vt 0.073912 0.494856
vt 0.073912 0.490923
vt 0.066694 0.494856
vt 0.066694 0.490923
vt 0.059632 0.490923
vt 0.059632 0.494856
vt 0.052491 0.494856
vt 0.052491 0.490923
vt 0.102467 0.521016
vt 0.102467 0.524991
vt 0.095328 0.524991
vt 0.095328 0.521016
vt 0.088181 0.524991
vt 0.088181 0.521016
vt 0.081045 0.521016
vt 0.081045 0.524991
vt 0.073912 0.524991
vt 0.073912 0.521016
vt 0.066694 0.524991
vt 0.066694 0.521016
vt 0.059632 0.521016
vt 0.059632 0.524991
vt 0.052491 0.524991
vt 0.052491 0.521016
vt 0.109599 0.490923
vt 0.109599 0.494856
vt 0.116739 0.490923
vt 0.116739 0.494856
vt 0.123877 0.494856
vt 0.123877 0.490923
vt 0.131016 0.490923
vt 0.131016 0.494856
vt 0.138155 0.490923
vt 0.138155 0.494856
vt 0.145291 0.494856
vt 0.145291 0.490923
vt 0.152434 0.490923
vt 0.152434 0.494856
vt 0.109599 0.521016
vt 0.109599 0.524991
vt 0.116739 0.521016
vt 0.116739 0.524991
vt 0.123877 0.524991
vt 0.123877 0.521016
vt 0.131016 0.521016
vt 0.131016 0.524991
vt 0.138155 0.521016
vt 0.138155 0.524991
vt 0.145291 0.524991
vt 0.145291 0.521016
vt 0.152434 0.521016
vt 0.152434 0.524991
vt 0.002862 0.494856
vt 0.201993 0.494856
vt 0.002862 0.490923
vt 0.201993 0.490923
vt 0.009709 0.490923
vt 0.009709 0.494856
vt 0.016785 0.490923
vt 0.016785 0.494856
vt 0.023892 0.494856
vt 0.023892 0.490923
vt 0.031033 0.490923
vt 0.031033 0.494856
vt 0.038180 0.490923
vt 0.038180 0.494856
vt 0.045327 0.494856
vt 0.045327 0.490923
vt 0.002862 0.524991
vt 0.201993 0.524991
vt 0.002862 0.521016
vt 0.201993 0.521016
vt 0.009709 0.521016
vt 0.009709 0.524991
vt 0.016785 0.521016
vt 0.016785 0.524991
vt 0.023892 0.524991
vt 0.023892 0.521016
vt 0.031033 0.521016
vt 0.031033 0.524991
vt 0.038180 0.521016
vt 0.038180 0.524991
vt 0.045327 0.524991
vt 0.045327 0.521016
vt 0.195283 0.494856
vt 0.195283 0.490923
vt 0.188253 0.494856
vt 0.188253 0.490923
vt 0.181097 0.490923
vt 0.181097 0.494856
vt 0.173927 0.494856
vt 0.173927 0.490923
vt 0.166748 0.494856
vt 0.166748 0.490923
vt 0.159593 0.490923
vt 0.159593 0.494856
vt 0.195283 0.524991
vt 0.195283 0.521016
vt 0.188253 0.524991
vt 0.188253 0.521016
vt 0.181097 0.521016
vt 0.181097 0.524991
vt 0.173927 0.524991
vt 0.173927 0.521016
vt 0.166748 0.524991
vt 0.166748 0.521016
vt 0.159593 0.521016
vt 0.159593 0.524991
vt 0.647957 0.793139
vt 0.636343 0.835571
vt 0.604726 0.866383
vt 0.560801 0.877319
vt 0.517263 0.865625
vt 0.486063 0.834886
vt 0.473095 0.793198
vt 0.483290 0.749166
vt 0.515984 0.717220
vt 0.560744 0.705947
vt 0.605708 0.717044
vt 0.637833 0.748720
vt 0.639970 0.793040
vt 0.629696 0.831573
vt 0.600629 0.859700
vt 0.560799 0.869344
vt 0.521356 0.858939
vt 0.492707 0.830883
vt 0.481082 0.793094
vt 0.490030 0.753015
vt 0.520186 0.723846
vt 0.560746 0.713932
vt 0.601511 0.723673
vt 0.631096 0.752574
vt 0.628781 0.792855
vt 0.620168 0.825801
vt 0.595174 0.850122
vt 0.560795 0.858160
vt 0.526804 0.849357
vt 0.502232 0.825105
vt 0.492271 0.792902
vt 0.499678 0.758616
vt 0.525672 0.733383
vt 0.560750 0.725121
vt 0.596030 0.733213
vt 0.621451 0.758181
vt 0.560772 0.790958
vt 0.523301 0.791606
vt 0.598244 0.791582
vt 0.560759 0.748504
vt 0.560787 0.835433
vt 0.596889 0.830354
vt 0.598018 0.753748
vt 0.524681 0.830377
vt 0.523503 0.753772
vt 0.538343 0.874181
vt 0.537551 0.708678
vt 0.540388 0.866850
vt 0.539653 0.715983
vt 0.543111 0.856467
vt 0.542398 0.726346
vt 0.542037 0.791282
vt 0.542154 0.750868
vt 0.542773 0.833385
vt 0.583256 0.874166
vt 0.583941 0.708663
vt 0.581206 0.866837
vt 0.581843 0.715969
vt 0.578477 0.856456
vt 0.579105 0.726334
vt 0.579508 0.791270
vt 0.579365 0.750856
vt 0.578799 0.833374
vt 0.644983 0.815267
vt 0.476578 0.815321
vt 0.637666 0.813218
vt 0.483893 0.813268
vt 0.627308 0.810239
vt 0.494250 0.810283
vt 0.560778 0.808333
vt 0.597631 0.809032
vt 0.523925 0.809056
vt 0.542352 0.808694
vt 0.579205 0.808682
vt 0.475782 0.770493
vt 0.645749 0.770437
vt 0.483145 0.772365
vt 0.638388 0.772315
vt 0.493564 0.775070
vt 0.627971 0.775026
vt 0.523369 0.774089
vt 0.598165 0.774065
vt 0.560767 0.773568
vt 0.542068 0.773829
vt 0.579466 0.773816
vt 0.623666 0.731230
vt 0.618199 0.736471
vt 0.610637 0.744046
vt 0.497840 0.731271
vt 0.503311 0.736509
vt 0.510878 0.744078
vt 0.499727 0.852108
vt 0.505109 0.846777
vt 0.512616 0.839117
vt 0.622186 0.852971
vt 0.616814 0.847630
vt 0.609323 0.839955
vt 0.615186 0.792218
vt 0.610950 0.756873
vt 0.609753 0.827053
vt 0.612469 0.809636
vt 0.613068 0.774546
vt 0.506360 0.792254
vt 0.510573 0.756905
vt 0.511816 0.827085
vt 0.509088 0.809669
vt 0.508466 0.774580
f 173/173 137/137 138/138
f 173/173 138/138 169/169
f 123/123 94/94 91/91
f 123/123 91/91 124/124
f 136/136 55/55 52/52
f 136/136 52/52 137/137
f 122/122 97/97 94/94
f 122/122 94/94 123/123
f 135/135 58/58 55/55
f 135/135 55/55 136/136
f 121/121 100/100 97/97
f 121/121 97/97 122/122
f 134/134 61/61 58/58
f 134/134 58/58 135/135
f 120/120 103/103 100/100
f 120/120 100/100 121/121
f 133/133 64/64 61/61
f 133/133 61/61 134/134
f 119/119 106/106 103/103
f 119/119 103/103 120/120
f 132/132 67/67 64/64
f 132/132 64/64 133/133
f 118/118 109/109 106/106
f 118/118 106/106 119/119
f 131/131 70/70 67/67
f 131/131 67/67 132/132
f 117/117 112/112 109/109
f 117/117 109/109 118/118
f 130/130 73/73 70/70
f 130/130 70/70 131/131
f 143/143 115/115 112/112
f 143/143 112/112 117/117
f 973/973 974/974 996/996
f 259/259 1015/1015 1014/1014
f 259/259 1014/1014 148/148
f 514/514 986/986 956/956
f 514/514 956/956 516/516
f 472/472 970/970 1006/1006
f 141/141 40/40 37/37
f 141/141 37/37 142/142
f 127/127 82/82 79/79
f 127/127 79/79 128/128
f 140/140 43/43 40/40
f 140/140 40/40 141/141
f 126/126 85/85 82/82
f 126/126 82/82 127/127
f 139/139 46/46 43/43
f 139/139 43/43 140/140
f 125/125 88/88 85/85
f 125/125 85/85 126/126
f 138/138 49/49 46/46
f 138/138 46/46 139/139
f 124/124 91/91 88/88
f 124/124 88/88 125/125
f 142/142 37/37 30/30
f 142/142 30/30 144/144
f 40/40 41/41 38/38
f 40/40 38/38 37/37
f 43/43 44/44 41/41
f 43/43 41/41 40/40
f 46/46 47/47 44/44
f 46/46 44/44 43/43
f 49/49 50/50 47/47
f 49/49 47/47 46/46
f 52/52 53/53 50/50
f 52/52 50/50 49/49
f 55/55 56/56 53/53
f 55/55 53/53 52/52
f 58/58 59/59 56/56
f 58/58 56/56 55/55
f 61/61 62/62 59/59
f 61/61 59/59 58/58
f 64/64 65/65 62/62
f 64/64 62/62 61/61
f 67/67 68/68 65/65
f 67/67 65/65 64/64
f 70/70 71/71 68/68
f 70/70 68/68 67/67
f 73/73 74/74 71/71
f 73/73 71/71 70/70
f 129/129 76/76 73/73
f 129/129 73/73 130/130
f 128/128 79/79 76/76
f 128/128 76/76 129/129
f 82/82 83/83 80/80
f 82/82 80/80 79/79
f 85/85 86/86 83/83
f 85/85 83/83 82/82
f 88/88 89/89 86/86
f 88/88 86/86 85/85
f 91/91 92/92 89/89
f 91/91 89/89 88/88
f 94/94 95/95 92/92
f 94/94 92/92 91/91
f 97/97 98/98 95/95
f 97/97 95/95 94/94
f 100/100 101/101 98/98
f 100/100 98/98 97/97
f 103/103 104/104 101/101
f 103/103 101/101 100/100
f 106/106 107/107 104/104
f 106/106 104/104 103/103
f 109/109 110/110 107/107
f 109/109 107/107 106/106
f 112/112 113/113 110/110
f 112/112 110/110 109/109
f 115/115 116/116 113/113
f 115/115 113/113 112/112
f 145/145 31/31 115/115
f 145/145 115/115 143/143
f 96/96 421/421 419/419
f 96/96 419/419 93/93
f 54/54 393/393 391/391
f 54/54 391/391 51/51
f 93/93 419/419 417/417
f 93/93 417/417 90/90
f 51/51 391/391 389/389
f 51/51 389/389 48/48
f 90/90 417/417 415/415
f 90/90 415/415 87/87
f 48/48 389/389 387/387
f 48/48 387/387 45/45
f 87/87 415/415 413/413
f 87/87 413/413 84/84
f 45/45 387/387 385/385
f 45/45 385/385 42/42
f 84/84 413/413 411/411
f 84/84 411/411 81/81
f 42/42 385/385 383/383
f 42/42 383/383 39/39
f 81/81 411/411 409/409
f 81/81 409/409 78/78
f 39/39 383/383 381/381
f 39/39 381/381 36/36
f 79/79 80/80 77/77
f 79/79 77/77 76/76
f 31/31 35/35 116/116
f 31/31 116/116 115/115
f 37/37 38/38 34/34
f 37/37 34/34 30/30
f 76/76 77/77 74/74
f 76/76 74/74 73/73
f 114/114 433/433 431/431
f 114/114 431/431 111/111
f 72/72 405/405 403/403
f 72/72 403/403 69/69
f 111/111 431/431 429/429
f 111/111 429/429 108/108
f 69/69 403/403 401/401
f 69/69 401/401 66/66
f 108/108 429/429 427/427
f 108/108 427/427 105/105
f 66/66 401/401 399/399
f 66/66 399/399 63/63
f 105/105 427/427 425/425
f 105/105 425/425 102/102
f 63/63 399/399 397/397
f 63/63 397/397 60/60
f 102/102 425/425 423/423
f 102/102 423/423 99/99
f 60/60 397/397 395/395
f 60/60 395/395 57/57
f 99/99 423/423 421/421
f 99/99 421/421 96/96
f 57/57 395/395 393/393
f 57/57 393/393 54/54
f 853/853 271/271 272/272
f 853/853 272/272 854/854
f 856/856 274/274 275/275
f 856/856 275/275 857/857
f 863/863 281/281 282/282
f 863/863 282/282 864/864
f 859/859 277/277 278/278
f 859/859 278/278 860/860
f 844/844 262/262 263/263
f 844/844 263/263 845/845
f 862/862 280/280 281/281
f 862/862 281/281 863/863
f 858/858 276/276 277/277
f 858/858 277/277 859/859
f 866/866 284/284 285/285
f 866/866 285/285 867/867
f 865/865 283/283 284/284
f 865/865 284/284 866/866
f 843/843 261/261 262/262
f 843/843 262/262 844/844
f 861/861 279/279 280/280
f 861/861 280/280 862/862
f 36/36 381/381 376/376
f 36/36 376/376 32/32
f 846/846 264/264 265/265
f 846/846 265/265 847/847
f 849/849 267/267 268/268
f 849/849 268/268 850/850
f 864/864 282/282 283/283
f 864/864 283/283 865/865
f 852/852 270/270 271/271
f 852/852 271/271 853/853
f 867/867 285/285 286/286
f 867/867 286/286 868/868
f 845/845 263/263 264/264
f 845/845 264/264 846/846
f 857/857 275/275 276/276
f 857/857 276/276 858/858
f 848/848 266/266 267/267
f 848/848 267/267 849/849
f 847/847 265/265 266/266
f 847/847 266/266 848/848
f 851/851 269/269 270/270
f 851/851 270/270 852/852
f 850/850 268/268 269/269
f 850/850 269/269 851/851
f 860/860 278/278 279/279
f 860/860 279/279 861/861
f 854/854 272/272 273/273
f 854/854 273/273 855/855
f 179/179 1013/1013 183/183
f 1027/1027 1013/1013 1011/1011
f 1027/1027 1011/1011 1026/1026
f 1010/1010 1017/1017 243/243
f 1010/1010 243/243 239/239
f 167/167 1020/1020 171/171
f 219/219 1024/1024 223/223
f 163/163 1020/1020 167/167
f 215/215 1023/1023 1024/1024
f 215/215 1024/1024 219/219
f 249/249 118/118 119/119
f 249/249 119/119 245/245
f 1021/1021 1007/1007 1009/1009
f 1021/1021 1009/1009 1022/1022
f 1007/1007 1012/1012 1018/1018
f 1007/1007 1018/1018 1014/1014
f 1021/1021 207/207 203/203
f 1021/1021 203/203 1025/1025
f 1080/1080 1042/1042 1043/1043
f 1080/1080 1043/1043 1082/1082
f 255/255 1016/1016 1015/1015
f 255/255 1015/1015 259/259
f 199/199 1026/1026 1025/1025
f 199/199 1025/1025 203/203
f 251/251 1017/1017 1016/1016
f 251/251 1016/1016 255/255
f 195/195 1027/1027 1026/1026
f 195/195 1026/1026 199/199
f 247/247 1017/1017 251/251
f 191/191 1027/1027 195/195
f 1019/1019 1011/1011 1013/1013
f 1019/1019 1013/1013 1020/1020
f 1024/1024 1010/1010 231/231
f 1024/1024 231/231 227/227
f 227/227 223/223 1024/1024
f 233/233 122/122 123/123
f 233/233 123/123 229/229
f 177/177 136/136 137/137
f 177/177 137/137 173/173
f 229/229 123/123 124/124
f 229/229 124/124 225/225
f 225/225 124/124 125/125
f 225/225 125/125 221/221
f 169/169 138/138 139/139
f 169/169 139/139 165/165
f 221/221 125/125 126/126
f 221/221 126/126 217/217
f 165/165 139/139 140/140
f 165/165 140/140 161/161
f 217/217 126/126 127/127
f 217/217 127/127 213/213
f 161/161 140/140 141/141
f 161/161 141/141 157/157
f 213/213 127/127 128/128
f 213/213 128/128 209/209
f 157/157 141/141 142/142
f 157/157 142/142 153/153
f 78/78 409/409 407/407
f 78/78 407/407 75/75
f 33/33 377/377 433/433
f 33/33 433/433 114/114
f 868/868 286/286 287/287
f 868/868 287/287 841/841
f 75/75 407/407 405/405
f 75/75 405/405 72/72
f 257/257 143/143 117/117
f 257/257 117/117 253/253
f 201/201 130/130 131/131
f 201/201 131/131 197/197
f 253/253 117/117 118/118
f 253/253 118/118 249/249
f 197/197 131/131 132/132
f 197/197 132/132 193/193
f 193/193 132/132 133/133
f 193/193 133/133 189/189
f 159/159 1019/1019 1020/1020
f 159/159 1020/1020 163/163
f 245/245 119/119 120/120
f 245/245 120/120 241/241
f 189/189 133/133 134/134
f 189/189 134/134 185/185
f 241/241 120/120 121/121
f 241/241 121/121 237/237
f 185/185 134/134 135/135
f 185/185 135/135 181/181
f 237/237 121/121 122/122
f 237/237 122/122 233/233
f 181/181 135/135 136/136
f 181/181 136/136 177/177
f 153/153 142/142 144/144
f 153/153 144/144 149/149
f 154/154 156/156 151/151
f 154/154 151/151 146/146
f 158/158 160/160 156/156
f 158/158 156/156 154/154
f 160/160 157/157 153/153
f 160/160 153/153 156/156
f 162/162 164/164 160/160
f 162/162 160/160 158/158
f 164/164 161/161 157/157
f 164/164 157/157 160/160
f 166/166 168/168 164/164
f 166/166 164/164 162/162
f 168/168 165/165 161/161
f 168/168 161/161 164/164
f 170/170 172/172 168/168
f 170/170 168/168 166/166
f 172/172 169/169 165/165
f 172/172 165/165 168/168
f 174/174 176/176 172/172
f 174/174 172/172 170/170
f 176/176 173/173 169/169
f 176/176 169/169 172/172
f 178/178 180/180 176/176
f 178/178 176/176 174/174
f 180/180 177/177 173/173
f 180/180 173/173 176/176
f 182/182 184/184 180/180
f 182/182 180/180 178/178
f 184/184 181/181 177/177
f 184/184 177/177 180/180
f 186/186 188/188 184/184
f 186/186 184/184 182/182
f 188/188 185/185 181/181
f 188/188 181/181 184/184
f 190/190 192/192 188/188
f 190/190 188/188 186/186
f 192/192 189/189 185/185
f 192/192 185/185 188/188
f 194/194 196/196 192/192
f 194/194 192/192 190/190
f 196/196 193/193 189/189
f 196/196 189/189 192/192
f 198/198 200/200 196/196
f 198/198 196/196 194/194
f 200/200 197/197 193/193
f 200/200 193/193 196/196
f 202/202 204/204 200/200
f 202/202 200/200 198/198
f 204/204 201/201 197/197
f 204/204 197/197 200/200
f 205/205 129/129 130/130
f 205/205 130/130 201/201
f 206/206 208/208 204/204
f 206/206 204/204 202/202
f 209/209 128/128 129/129
f 209/209 129/129 205/205
f 210/210 212/212 208/208
f 210/210 208/208 206/206
f 214/214 216/216 212/212
f 214/214 212/212 210/210
f 216/216 213/213 209/209
f 216/216 209/209 212/212
f 218/218 220/220 216/216
f 218/218 216/216 214/214
f 220/220 217/217 213/213
f 220/220 213/213 216/216
f 222/222 224/224 220/220
f 222/222 220/220 218/218
f 224/224 221/221 217/217
f 224/224 217/217 220/220
f 226/226 228/228 224/224
f 226/226 224/224 222/222
f 228/228 225/225 221/221
f 228/228 221/221 224/224
f 230/230 232/232 228/228
f 230/230 228/228 226/226
f 232/232 229/229 225/225
f 232/232 225/225 228/228
f 234/234 236/236 232/232
f 234/234 232/232 230/230
f 236/236 233/233 229/229
f 236/236 229/229 232/232
f 238/238 240/240 236/236
f 238/238 236/236 234/234
f 240/240 237/237 233/233
f 240/240 233/233 236/236
f 242/242 244/244 240/240
f 242/242 240/240 238/238
f 244/244 241/241 237/237
f 244/244 237/237 240/240
f 246/246 248/248 244/244
f 246/246 244/244 242/242
f 248/248 245/245 241/241
f 248/248 241/241 244/244
f 250/250 252/252 248/248
f 250/250 248/248 246/246
f 252/252 249/249 245/245
f 252/252 245/245 248/248
f 254/254 256/256 252/252
f 254/254 252/252 250/250
f 256/256 253/253 249/249
f 256/256 249/249 252/252
f 258/258 260/260 256/256
f 258/258 256/256 254/254
f 260/260 257/257 253/253
f 260/260 253/253 256/256
f 150/150 145/145 143/143
f 150/150 143/143 257/257
f 147/147 152/152 260/260
f 147/147 260/260 258/258
f 7/7 307/307 311/311
f 7/7 311/311 8/8
f 20/20 347/347 349/349
f 20/20 349/349 21/21
f 10/10 316/316 320/320
f 10/10 320/320 11/11
f 23/23 356/356 358/358
f 23/23 358/358 24/24
f 212/212 209/209 205/205
f 212/212 205/205 208/208
f 152/152 150/150 257/257
f 152/152 257/257 260/260
f 16/16 334/334 338/338
f 16/16 338/338 17/17
f 3/3 295/295 298/298
f 3/3 298/298 4/4
f 19/19 343/343 347/347
f 19/19 347/347 20/20
f 6/6 304/304 307/307
f 6/6 307/307 7/7
f 22/22 352/352 356/356
f 22/22 356/356 23/23
f 9/9 313/313 316/316
f 9/9 316/316 10/10
f 25/25 361/361 365/365
f 25/25 365/365 26/26
f 12/12 322/322 325/325
f 12/12 325/325 13/13
f 156/156 153/153 149/149
f 156/156 149/149 151/151
f 15/15 331/331 334/334
f 15/15 334/334 16/16
f 2/2 293/293 295/295
f 2/2 295/295 3/3
f 1/1 289/289 293/293
f 1/1 293/293 2/2
f 18/18 340/340 343/343
f 18/18 343/343 19/19
f 5/5 302/302 304/304
f 5/5 304/304 6/6
f 21/21 349/349 352/352
f 21/21 352/352 22/22
f 8/8 311/311 313/313
f 8/8 313/313 9/9
f 24/24 358/358 361/361
f 24/24 361/361 25/25
f 11/11 320/320 322/322
f 11/11 322/322 12/12
f 26/26 365/365 367/367
f 26/26 367/367 27/27
f 208/208 205/205 201/201
f 208/208 201/201 204/204
f 4/4 298/298 302/302
f 4/4 302/302 5/5
f 17/17 338/338 340/340
f 17/17 340/340 18/18
f 293/293 294/294 297/297
f 293/293 297/297 295/295
f 294/294 292/292 296/296
f 294/294 296/296 297/297
f 302/302 303/303 306/306
f 302/302 306/306 304/304
f 303/303 301/301 305/305
f 303/303 305/305 306/306
f 311/311 312/312 315/315
f 311/311 315/315 313/313
f 312/312 310/310 314/314
f 312/312 314/314 315/315
f 320/320 321/321 324/324
f 320/320 324/324 322/322
f 321/321 319/319 323/323
f 321/321 323/323 324/324
f 14/14 330/330 331/331
f 14/14 331/331 15/15
f 330/330 990/990 333/333
f 330/330 333/333 331/331
f 338/338 339/339 342/342
f 338/338 342/342 340/340
f 339/339 337/337 341/341
f 339/339 341/341 342/342
f 347/347 348/348 351/351
f 347/347 351/351 349/349
f 348/348 346/346 350/350
f 348/348 350/350 351/351
f 356/356 357/357 360/360
f 356/356 360/360 358/358
f 357/357 355/355 359/359
f 357/357 359/359 360/360
f 29/29 373/373 289/289
f 29/29 289/289 1/1
f 373/373 375/375 291/291
f 373/373 291/291 289/289
f 295/295 297/297 300/300
f 295/295 300/300 298/298
f 297/297 296/296 299/299
f 297/297 299/299 300/300
f 304/304 306/306 309/309
f 304/304 309/309 307/307
f 306/306 305/305 308/308
f 306/306 308/308 309/309
f 313/313 315/315 318/318
f 313/313 318/318 316/316
f 315/315 314/314 317/317
f 315/315 317/317 318/318
f 322/322 324/324 327/327
f 322/322 327/327 325/325
f 324/324 323/323 326/326
f 324/324 326/326 327/327
f 331/331 333/333 336/336
f 331/331 336/336 334/334
f 333/333 332/332 335/335
f 333/333 335/335 336/336
f 340/340 342/342 345/345
f 340/340 345/345 343/343
f 342/342 341/341 344/344
f 342/342 344/344 345/345
f 349/349 351/351 354/354
f 349/349 354/354 352/352
f 351/351 350/350 353/353
f 351/351 353/353 354/354
f 358/358 360/360 363/363
f 358/358 363/363 361/361
f 360/360 359/359 362/362
f 360/360 362/362 363/363
f 365/365 366/366 369/369
f 365/365 369/369 367/367
f 366/366 364/364 368/368
f 366/366 368/368 369/369
f 298/298 300/300 303/303
f 298/298 303/303 302/302
f 300/300 299/299 301/301
f 300/300 301/301 303/303
f 307/307 309/309 312/312
f 307/307 312/312 311/311
f 309/309 308/308 310/310
f 309/309 310/310 312/312
f 316/316 318/318 321/321
f 316/316 321/321 320/320
f 318/318 317/317 319/319
f 318/318 319/319 321/321
f 334/334 336/336 339/339
f 334/334 339/339 338/338
f 336/336 335/335 337/337
f 336/336 337/337 339/339
f 343/343 345/345 348/348
f 343/343 348/348 347/347
f 345/345 344/344 346/346
f 345/345 346/346 348/348
f 352/352 354/354 357/357
f 352/352 357/357 356/356
f 354/354 353/353 355/355
f 354/354 355/355 357/357
f 361/361 363/363 366/366
f 361/361 366/366 365/365
f 363/363 362/362 364/364
f 363/363 364/364 366/366
f 27/27 367/367 372/372
f 27/27 372/372 28/28
f 367/367 369/369 374/374
f 367/367 374/374 372/372
f 289/289 291/291 294/294
f 289/289 294/294 293/293
f 291/291 290/290 292/292
f 291/291 292/292 294/294
f 375/375 371/371 290/290
f 375/375 290/290 291/291
f 381/381 522/522 523/523
f 381/381 523/523 376/376
f 385/385 526/526 525/525
f 385/385 525/525 383/383
f 525/525 382/382 380/380
f 525/525 380/380 522/522
f 387/387 527/527 526/526
f 387/387 526/526 385/385
f 526/526 384/384 382/382
f 526/526 382/382 525/525
f 389/389 528/528 527/527
f 389/389 527/527 387/387
f 527/527 386/386 384/384
f 527/527 384/384 526/526
f 391/391 529/529 528/528
f 391/391 528/528 389/389
f 528/528 388/388 386/386
f 528/528 386/386 527/527
f 393/393 530/530 529/529
f 393/393 529/529 391/391
f 529/529 390/390 388/388
f 529/529 388/388 528/528
f 395/395 531/531 530/530
f 395/395 530/530 393/393
f 530/530 392/392 390/390
f 530/530 390/390 529/529
f 397/397 532/532 531/531
f 397/397 531/531 395/395
f 531/531 394/394 392/392
f 531/531 392/392 530/530
f 399/399 533/533 532/532
f 399/399 532/532 397/397
f 532/532 396/396 394/394
f 532/532 394/394 531/531
f 401/401 534/534 533/533
f 401/401 533/533 399/399
f 533/533 398/398 396/396
f 533/533 396/396 532/532
f 403/403 535/535 534/534
f 403/403 534/534 401/401
f 534/534 400/400 398/398
f 534/534 398/398 533/533
f 405/405 536/536 535/535
f 405/405 535/535 403/403
f 535/535 402/402 400/400
f 535/535 400/400 534/534
f 992/992 332/332 333/333
f 992/992 333/333 990/990
f 536/536 404/404 402/402
f 536/536 402/402 535/535
f 1000/1000 327/327 326/326
f 1000/1000 326/326 1002/1002
f 537/537 536/536 405/405
f 537/537 405/405 407/407
f 842/842 288/288 261/261
f 842/842 261/261 843/843
f 409/409 538/538 537/537
f 409/409 537/537 407/407
f 413/413 540/540 539/539
f 413/413 539/539 411/411
f 539/539 410/410 408/408
f 539/539 408/408 538/538
f 415/415 541/541 540/540
f 415/415 540/540 413/413
f 540/540 412/412 410/410
f 540/540 410/410 539/539
f 417/417 542/542 541/541
f 417/417 541/541 415/415
f 541/541 414/414 412/412
f 541/541 412/412 540/540
f 419/419 543/543 542/542
f 419/419 542/542 417/417
f 542/542 416/416 414/414
f 542/542 414/414 541/541
f 421/421 544/544 543/543
f 421/421 543/543 419/419
f 543/543 418/418 416/416
f 543/543 416/416 542/542
f 423/423 545/545 544/544
f 423/423 544/544 421/421
f 544/544 420/420 418/418
f 544/544 418/418 543/543
f 425/425 546/546 545/545
f 425/425 545/545 423/423
f 545/545 422/422 420/420
f 545/545 420/420 544/544
f 427/427 547/547 546/546
f 427/427 546/546 425/425
f 546/546 424/424 422/422
f 546/546 422/422 545/545
f 429/429 548/548 547/547
f 429/429 547/547 427/427
f 547/547 426/426 424/424
f 547/547 424/424 546/546
f 431/431 549/549 548/548
f 431/431 548/548 429/429
f 548/548 428/428 426/426
f 548/548 426/426 547/547
f 433/433 550/550 549/549
f 433/433 549/549 431/431
f 549/549 430/430 428/428
f 549/549 428/428 548/548
f 550/550 432/432 430/430
f 550/550 430/430 549/549
f 369/369 368/368 370/370
f 369/369 370/370 374/374
f 377/377 524/524 550/550
f 377/377 550/550 433/433
f 267/267 452/452 456/456
f 267/267 456/456 268/268
f 279/279 493/493 495/495
f 279/279 495/495 280/280
f 270/270 461/461 465/465
f 270/270 465/465 271/271
f 282/282 502/502 504/504
f 282/282 504/504 283/283
f 524/524 379/379 432/432
f 524/524 432/432 550/550
f 275/275 480/480 484/484
f 275/275 484/484 276/276
f 263/263 440/440 443/443
f 263/263 443/443 264/264
f 278/278 489/489 493/493
f 278/278 493/493 279/279
f 266/266 449/449 452/452
f 266/266 452/452 267/267
f 281/281 498/498 502/502
f 281/281 502/502 282/282
f 269/269 458/458 461/461
f 269/269 461/461 270/270
f 284/284 507/507 511/511
f 284/284 511/511 285/285
f 272/272 467/467 471/471
f 272/272 471/471 273/273
f 522/522 380/380 378/378
f 522/522 378/378 523/523
f 274/274 476/476 480/480
f 274/274 480/480 275/275
f 262/262 438/438 440/440
f 262/262 440/440 263/263
f 261/261 434/434 438/438
f 261/261 438/438 262/262
f 277/277 486/486 489/489
f 277/277 489/489 278/278
f 265/265 447/447 449/449
f 265/265 449/449 266/266
f 280/280 495/495 498/498
f 280/280 498/498 281/281
f 268/268 456/456 458/458
f 268/268 458/458 269/269
f 283/283 504/504 507/507
f 283/283 507/507 284/284
f 271/271 465/465 467/467
f 271/271 467/467 272/272
f 285/285 511/511 513/513
f 285/285 513/513 286/286
f 264/264 443/443 447/447
f 264/264 447/447 265/265
f 276/276 484/484 486/486
f 276/276 486/486 277/277
f 946/946 928/928 582/582
f 946/946 582/582 583/583
f 939/939 951/951 598/598
f 939/939 598/598 599/599
f 947/947 930/930 585/585
f 947/947 585/585 586/586
f 941/941 952/952 601/601
f 941/941 601/601 602/602
f 948/948 932/932 588/588
f 948/948 588/588 589/589
f 1004/1004 1002/1002 326/326
f 1004/1004 326/326 855/855
f 949/949 934/934 591/591
f 949/949 591/591 592/592
f 286/286 513/513 518/518
f 286/286 518/518 287/287
f 950/950 936/936 594/594
f 950/950 594/594 595/595
f 930/930 929/929 584/584
f 930/930 584/584 585/585
f 951/951 938/938 597/597
f 951/951 597/597 598/598
f 932/932 931/931 587/587
f 932/932 587/587 588/588
f 952/952 940/940 600/600
f 952/952 600/600 601/601
f 953/953 942/942 603/603
f 953/953 603/603 604/604
f 537/537 406/406 404/404
f 537/537 404/404 536/536
f 938/938 937/937 596/596
f 938/938 596/596 597/597
f 929/929 946/946 583/583
f 929/929 583/583 584/584
f 940/940 939/939 599/599
f 940/940 599/599 600/600
f 931/931 947/947 586/586
f 931/931 586/586 587/587
f 955/955 954/954 605/605
f 955/955 605/605 606/606
f 538/538 408/408 406/406
f 538/538 406/406 537/537
f 937/937 950/950 595/595
f 937/937 595/595 596/596
f 438/438 439/439 442/442
f 438/438 442/442 440/440
f 439/439 437/437 441/441
f 439/439 441/441 442/442
f 447/447 448/448 451/451
f 447/447 451/451 449/449
f 448/448 446/446 450/450
f 448/448 450/450 451/451
f 456/456 457/457 460/460
f 456/456 460/460 458/458
f 457/457 455/455 459/459
f 457/457 459/459 460/460
f 465/465 466/466 469/469
f 465/465 469/469 467/467
f 466/466 464/464 468/468
f 466/466 468/468 469/469
f 735/735 593/593 592/592
f 735/735 592/592 667/667
f 484/484 485/485 488/488
f 484/484 488/488 486/486
f 485/485 483/483 487/487
f 485/485 487/487 488/488
f 493/493 494/494 497/497
f 493/493 497/497 495/495
f 494/494 492/492 496/496
f 494/494 496/496 497/497
f 502/502 503/503 506/506
f 502/502 506/506 504/504
f 503/503 501/501 505/505
f 503/503 505/505 506/506
f 945/945 944/944 608/608
f 945/945 608/608 580/580
f 519/519 521/521 436/436
f 519/519 436/436 434/434
f 440/440 442/442 445/445
f 440/440 445/445 443/443
f 442/442 441/441 444/444
f 442/442 444/444 445/445
f 449/449 451/451 454/454
f 449/449 454/454 452/452
f 451/451 450/450 453/453
f 451/451 453/453 454/454
f 458/458 460/460 463/463
f 458/458 463/463 461/461
f 460/460 459/459 462/462
f 460/460 462/462 463/463
f 467/467 469/469 474/474
f 467/467 474/474 471/471
f 469/469 468/468 472/472
f 469/469 472/472 474/474
f 476/476 479/479 482/482
f 476/476 482/482 480/480
f 479/479 477/477 481/481
f 479/479 481/481 482/482
f 486/486 488/488 491/491
f 486/486 491/491 489/489
f 488/488 487/487 490/490
f 488/488 490/490 491/491
f 495/495 497/497 500/500
f 495/495 500/500 498/498
f 497/497 496/496 499/499
f 497/497 499/499 500/500
f 504/504 506/506 509/509
f 504/504 509/509 507/507
f 506/506 505/505 508/508
f 506/506 508/508 509/509
f 511/511 512/512 515/515
f 511/511 515/515 513/513
f 512/512 510/510 514/514
f 512/512 514/514 515/515
f 443/443 445/445 448/448
f 443/443 448/448 447/447
f 445/445 444/444 446/446
f 445/445 446/446 448/448
f 452/452 454/454 457/457
f 452/452 457/457 456/456
f 454/454 453/453 455/455
f 454/454 455/455 457/457
f 461/461 463/463 466/466
f 461/461 466/466 465/465
f 463/463 462/462 464/464
f 463/463 464/464 466/466
f 480/480 482/482 485/485
f 480/480 485/485 484/484
f 482/482 481/481 483/483
f 482/482 483/483 485/485
f 489/489 491/491 494/494
f 489/489 494/494 493/493
f 491/491 490/490 492/492
f 491/491 492/492 494/494
f 498/498 500/500 503/503
f 498/498 503/503 502/502
f 500/500 499/499 501/501
f 500/500 501/501 503/503
f 507/507 509/509 512/512
f 507/507 512/512 511/511
f 509/509 508/508 510/510
f 509/509 510/510 512/512
f 943/943 955/955 606/606
f 943/943 606/606 607/607
f 513/513 515/515 520/520
f 513/513 520/520 518/518
f 434/434 436/436 439/439
f 434/434 439/439 438/438
f 436/436 435/435 437/437
f 436/436 437/437 439/439
f 927/927 581/581 582/582
f 927/927 582/582 928/928
f 750/750 589/589 588/588
f 750/750 588/588 715/715
f 670/670 620/620 621/621
f 670/670 621/621 669/669
f 515/515 514/514 516/516
f 515/515 516/516 520/520
f 685/685 623/623 624/624
f 685/685 624/624 684/684
f 691/691 610/610 611/611
f 691/691 611/611 690/690
f 694/694 609/609 610/610
f 694/694 610/610 691/691
f 700/700 626/626 627/627
f 700/700 627/627 699/699
f 706/706 613/613 614/614
f 706/706 614/614 705/705
f 712/712 629/629 630/630
f 712/712 630/630 711/711
f 718/718 616/616 617/617
f 718/718 617/617 717/717
f 724/724 632/632 633/633
f 724/724 633/633 723/723
f 727/727 619/619 620/620
f 727/727 620/620 670/670
f 730/730 634/634 635/635
f 730/730 635/635 679/679
f 936/936 935/935 593/593
f 936/936 593/593 594/594
f 736/736 612/612 613/613
f 736/736 613/613 706/706
f 739/739 625/625 626/626
f 739/739 626/626 700/700
f 742/742 615/615 616/616
f 742/742 616/616 718/718
f 745/745 628/628 629/629
f 745/745 629/629 712/712
f 748/748 618/618 619/619
f 748/748 619/619 727/727
f 751/751 631/631 632/632
f 751/751 632/632 724/724
f 935/935 949/949 592/592
f 935/935 592/592 593/593
f 521/521 517/517 435/435
f 521/521 435/435 436/436
f 684/684 624/624 625/625
f 684/684 625/625 739/739
f 690/690 611/611 612/612
f 690/690 612/612 736/736
f 699/699 627/627 628/628
f 699/699 628/628 745/745
f 705/705 614/614 615/615
f 705/705 615/615 742/742
f 711/711 630/630 631/631
f 711/711 631/631 751/751
f 717/717 617/617 618/618
f 717/717 618/618 748/748
f 723/723 633/633 634/634
f 723/723 634/634 730/730
f 614/614 643/643 644/644
f 614/614 644/644 615/615
f 630/630 659/659 660/660
f 630/630 660/660 631/631
f 617/617 646/646 647/647
f 617/617 647/647 618/618
f 633/633 662/662 663/663
f 633/633 663/663 634/634
f 620/620 649/649 650/650
f 620/620 650/650 621/621
f 679/679 635/635 636/636
f 679/679 636/636 677/677
f 623/623 652/652 653/653
f 623/623 653/653 624/624
f 610/610 639/639 640/640
f 610/610 640/640 611/611
f 609/609 638/638 639/639
f 609/609 639/639 610/610
f 626/626 655/655 656/656
f 626/626 656/656 627/627
f 613/613 642/642 643/643
f 613/613 643/643 614/614
f 629/629 658/658 659/659
f 629/629 659/659 630/630
f 616/616 645/645 646/646
f 616/616 646/646 617/617
f 632/632 661/661 662/662
f 632/632 662/662 633/633
f 619/619 648/648 649/649
f 619/619 649/649 620/620
f 634/634 663/663 664/664
f 634/634 664/664 635/635
f 733/733 622/622 623/623
f 733/733 623/623 685/685
f 612/612 641/641 642/642
f 612/612 642/642 613/613
f 625/625 654/654 655/655
f 625/625 655/655 626/626
f 615/615 644/644 645/645
f 615/615 645/645 616/616
f 628/628 657/657 658/658
f 628/628 658/658 629/629
f 618/618 647/647 648/648
f 618/618 648/648 619/619
f 631/631 660/660 661/661
f 631/631 661/661 632/632
f 669/669 621/621 622/622
f 669/669 622/622 733/733
f 678/678 637/637 609/609
f 678/678 609/609 694/694
f 624/624 653/653 654/654
f 624/624 654/654 625/625
f 611/611 640/640 641/641
f 611/611 641/641 612/612
f 627/627 656/656 657/657
f 627/627 657/657 628/628
f 721/721 722/722 731/731
f 721/721 731/731 732/732
f 722/722 723/723 730/730
f 722/722 730/730 731/731
f 715/715 716/716 749/749
f 715/715 749/749 750/750
f 716/716 717/717 748/748
f 716/716 748/748 749/749
f 709/709 710/710 752/752
f 709/709 752/752 753/753
f 710/710 711/711 751/751
f 710/710 751/751 752/752
f 703/703 704/704 743/743
f 703/703 743/743 744/744
f 704/704 705/705 742/742
f 704/704 742/742 743/743
f 697/697 698/698 746/746
f 697/697 746/746 747/747
f 698/698 699/699 745/745
f 698/698 745/745 746/746
f 688/688 689/689 737/737
f 688/688 737/737 738/738
f 689/689 690/690 736/736
f 689/689 736/736 737/737
f 682/682 683/683 740/740
f 682/682 740/740 741/741
f 683/683 684/684 739/739
f 683/683 739/739 740/740
f 637/637 666/666 638/638
f 637/637 638/638 609/609
f 674/674 676/676 695/695
f 674/674 695/695 696/696
f 621/621 650/650 651/651
f 621/621 651/651 622/622
f 667/667 668/668 734/734
f 667/667 734/734 735/735
f 753/753 752/752 725/725
f 753/753 725/725 726/726
f 752/752 751/751 724/724
f 752/752 724/724 725/725
f 750/750 749/749 728/728
f 750/750 728/728 729/729
f 749/749 748/748 727/727
f 749/749 727/727 728/728
f 747/747 746/746 713/713
f 747/747 713/713 714/714
f 746/746 745/745 712/712
f 746/746 712/712 713/713
f 744/744 743/743 719/719
f 744/744 719/719 720/720
f 743/743 742/742 718/718
f 743/743 718/718 719/719
f 741/741 740/740 701/701
f 741/741 701/701 702/702
f 740/740 739/739 700/700
f 740/740 700/700 701/701
f 738/738 737/737 707/707
f 738/738 707/707 708/708
f 737/737 736/736 706/706
f 737/737 706/706 707/707
f 622/622 651/651 652/652
f 622/622 652/652 623/623
f 735/735 734/734 686/686
f 735/735 686/686 687/687
f 732/732 731/731 680/680
f 732/732 680/680 681/681
f 731/731 730/730 679/679
f 731/731 679/679 680/680
f 729/729 728/728 671/671
f 729/729 671/671 672/672
f 728/728 727/727 670/670
f 728/728 670/670 671/671
f 726/726 725/725 722/722
f 726/726 722/722 721/721
f 725/725 724/724 723/723
f 725/725 723/723 722/722
f 720/720 719/719 716/716
f 720/720 716/716 715/715
f 719/719 718/718 717/717
f 719/719 717/717 716/716
f 714/714 713/713 710/710
f 714/714 710/710 709/709
f 713/713 712/712 711/711
f 713/713 711/711 710/710
f 708/708 707/707 704/704
f 708/708 704/704 703/703
f 707/707 706/706 705/705
f 707/707 705/705 704/704
f 702/702 701/701 698/698
f 702/702 698/698 697/697
f 701/701 700/700 699/699
f 701/701 699/699 698/698
f 696/696 695/695 692/692
f 696/696 692/692 693/693
f 695/695 694/694 691/691
f 695/695 691/691 692/692
f 693/693 692/692 689/689
f 693/693 689/689 688/688
f 692/692 691/691 690/690
f 692/692 690/690 689/689
f 687/687 686/686 683/683
f 687/687 683/683 682/682
f 686/686 685/685 684/684
f 686/686 684/684 683/683
f 635/635 664/664 665/665
f 635/635 665/665 636/636
f 681/681 680/680 675/675
f 681/681 675/675 673/673
f 672/672 671/671 668/668
f 672/672 668/668 667/667
f 671/671 670/670 669/669
f 671/671 669/669 668/668
f 813/813 776/776 777/777
f 813/813 777/777 812/812
f 668/668 669/669 733/733
f 668/668 733/733 734/734
f 676/676 678/678 694/694
f 676/676 694/694 695/695
f 820/820 769/769 770/770
f 820/820 770/770 819/819
f 822/822 756/756 757/757
f 822/822 757/757 821/821
f 824/824 772/772 773/773
f 824/824 773/773 823/823
f 826/826 759/759 760/760
f 826/826 760/760 825/825
f 827/827 775/775 776/776
f 827/827 776/776 813/813
f 829/829 762/762 763/763
f 829/829 763/763 828/828
f 831/831 778/778 779/779
f 831/831 779/779 830/830
f 832/832 765/765 766/766
f 832/832 766/766 815/815
f 680/680 679/679 677/677
f 680/680 677/677 675/675
f 834/834 768/768 769/769
f 834/834 769/769 820/820
f 835/835 755/755 756/756
f 835/835 756/756 822/822
f 816/816 754/754 755/755
f 816/816 755/755 835/835
f 836/836 771/771 772/772
f 836/836 772/772 824/824
f 837/837 758/758 759/759
f 837/837 759/759 826/826
f 838/838 774/774 775/775
f 838/838 775/775 827/827
f 839/839 761/761 762/762
f 839/839 762/762 829/829
f 812/812 777/777 778/778
f 812/812 778/778 831/831
f 840/840 764/764 765/765
f 840/840 765/765 832/832
f 830/830 779/779 780/780
f 830/830 780/780 833/833
f 734/734 733/733 685/685
f 734/734 685/685 686/686
f 821/821 757/757 758/758
f 821/821 758/758 837/837
f 819/819 770/770 771/771
f 819/819 771/771 836/836
f 825/825 760/760 761/761
f 825/825 761/761 839/839
f 823/823 773/773 774/774
f 823/823 774/774 838/838
f 828/828 763/763 764/764
f 828/828 764/764 840/840
f 758/758 787/787 788/788
f 758/758 788/788 759/759
f 774/774 803/803 804/804
f 774/774 804/804 775/775
f 761/761 790/790 791/791
f 761/761 791/791 762/762
f 777/777 806/806 807/807
f 777/777 807/807 778/778
f 764/764 793/793 794/794
f 764/764 794/794 765/765
f 779/779 808/808 809/809
f 779/779 809/809 780/780
f 814/814 767/767 768/768
f 814/814 768/768 834/834
f 757/757 786/786 787/787
f 757/757 787/787 758/758
f 770/770 799/799 800/800
f 770/770 800/800 771/771
f 760/760 789/789 790/790
f 760/760 790/790 761/761
f 773/773 802/802 803/803
f 773/773 803/803 774/774
f 763/763 792/792 793/793
f 763/763 793/793 764/764
f 776/776 805/805 806/806
f 776/776 806/806 777/777
f 815/815 766/766 767/767
f 815/815 767/767 814/814
f 818/818 782/782 754/754
f 818/818 754/754 816/816
f 769/769 798/798 799/799
f 769/769 799/799 770/770
f 756/756 785/785 786/786
f 756/756 786/786 757/757
f 772/772 801/801 802/802
f 772/772 802/802 773/773
f 759/759 788/788 789/789
f 759/759 789/789 760/760
f 775/775 804/804 805/805
f 775/775 805/805 776/776
f 762/762 791/791 792/792
f 762/762 792/792 763/763
f 778/778 807/807 808/808
f 778/778 808/808 779/779
f 765/765 794/794 795/795
f 765/765 795/795 766/766
f 833/833 780/780 781/781
f 833/833 781/781 817/817
f 768/768 797/797 798/798
f 768/768 798/798 769/769
f 755/755 784/784 785/785
f 755/755 785/785 756/756
f 754/754 783/783 784/784
f 754/754 784/784 755/755
f 771/771 800/800 801/801
f 771/771 801/801 772/772
f 647/647 828/828 840/840
f 647/647 840/840 648/648
f 657/657 823/823 838/838
f 657/657 838/838 658/658
f 644/644 825/825 839/839
f 644/644 839/839 645/645
f 654/654 819/819 836/836
f 654/654 836/836 655/655
f 641/641 821/821 837/837
f 641/641 837/837 642/642
f 767/767 796/796 797/797
f 767/767 797/797 768/768
f 663/663 830/830 833/833
f 663/663 833/833 664/664
f 648/648 840/840 832/832
f 648/648 832/832 649/649
f 661/661 812/812 831/831
f 661/661 831/831 662/662
f 645/645 839/839 829/829
f 645/645 829/829 646/646
f 658/658 838/838 827/827
f 658/658 827/827 659/659
f 642/642 837/837 826/826
f 642/642 826/826 643/643
f 655/655 836/836 824/824
f 655/655 824/824 656/656
f 638/638 816/816 835/835
f 638/638 835/835 639/639
f 639/639 835/835 822/822
f 639/639 822/822 640/640
f 652/652 834/834 820/820
f 652/652 820/820 653/653
f 780/780 809/809 810/810
f 780/780 810/810 781/781
f 649/649 832/832 815/815
f 649/649 815/815 650/650
f 662/662 831/831 830/830
f 662/662 830/830 663/663
f 646/646 829/829 828/828
f 646/646 828/828 647/647
f 659/659 827/827 813/813
f 659/659 813/813 660/660
f 643/643 826/826 825/825
f 643/643 825/825 644/644
f 656/656 824/824 823/823
f 656/656 823/823 657/657
f 640/640 822/822 821/821
f 640/640 821/821 641/641
f 653/653 820/820 819/819
f 653/653 819/819 654/654
f 782/782 811/811 783/783
f 782/782 783/783 754/754
f 766/766 795/795 796/796
f 766/766 796/796 767/767
f 660/660 813/813 812/812
f 660/660 812/812 661/661
f 666/666 818/818 816/816
f 666/666 816/816 638/638
f 323/323 854/854 855/855
f 323/323 855/855 326/326
f 344/344 860/860 861/861
f 344/344 861/861 346/346
f 310/310 850/850 851/851
f 310/310 851/851 314/314
f 314/314 851/851 852/852
f 314/314 852/852 317/317
f 301/301 847/847 848/848
f 301/301 848/848 305/305
f 305/305 848/848 849/849
f 305/305 849/849 308/308
f 335/335 857/857 858/858
f 335/335 858/858 337/337
f 296/296 845/845 846/846
f 296/296 846/846 299/299
f 364/364 867/867 868/868
f 364/364 868/868 368/368
f 317/317 852/852 853/853
f 317/317 853/853 319/319
f 355/355 864/864 865/865
f 355/355 865/865 359/359
f 308/308 849/849 850/850
f 308/308 850/850 310/310
f 299/299 846/846 847/847
f 299/299 847/847 301/301
f 664/664 833/833 817/817
f 664/664 817/817 665/665
f 346/346 861/861 862/862
f 346/346 862/862 350/350
f 290/290 843/843 844/844
f 290/290 844/844 292/292
f 359/359 865/865 866/866
f 359/359 866/866 362/362
f 362/362 866/866 867/867
f 362/362 867/867 364/364
f 337/337 858/858 859/859
f 337/337 859/859 341/341
f 350/350 862/862 863/863
f 350/350 863/863 353/353
f 292/292 844/844 845/845
f 292/292 845/845 296/296
f 341/341 859/859 860/860
f 341/341 860/860 344/344
f 353/353 863/863 864/864
f 353/353 864/864 355/355
f 332/332 856/856 857/857
f 332/332 857/857 335/335
f 319/319 853/853 854/854
f 319/319 854/854 323/323
f 137/137 52/52 49/49
f 137/137 49/49 138/138
f 871/871 928/928 946/946
f 871/871 946/946 872/872
f 874/874 930/930 947/947
f 874/874 947/947 875/875
f 877/877 932/932 948/948
f 877/877 948/948 878/878
f 880/880 934/934 949/949
f 880/880 949/949 881/881
f 883/883 936/936 950/950
f 883/883 950/950 884/884
f 886/886 938/938 951/951
f 886/886 951/951 887/887
f 889/889 940/940 952/952
f 889/889 952/952 890/890
f 892/892 942/942 953/953
f 892/892 953/953 893/893
f 872/872 946/946 929/929
f 872/872 929/929 873/873
f 875/875 947/947 931/931
f 875/875 931/931 876/876
f 878/878 948/948 933/933
f 878/878 933/933 879/879
f 650/650 815/815 814/814
f 650/650 814/814 651/651
f 884/884 950/950 937/937
f 884/884 937/937 885/885
f 887/887 951/951 939/939
f 887/887 939/939 888/888
f 890/890 952/952 941/941
f 890/890 941/941 891/891
f 893/893 953/953 954/954
f 893/893 954/954 894/894
f 368/368 868/868 841/841
f 368/368 841/841 370/370
f 869/869 945/945 927/927
f 869/869 927/927 870/870
f 288/288 519/519 434/434
f 288/288 434/434 261/261
f 552/552 898/898 918/918
f 552/552 918/918 551/551
f 553/553 899/899 898/898
f 553/553 898/898 552/552
f 555/555 900/900 919/919
f 555/555 919/919 554/554
f 557/557 901/901 920/920
f 557/557 920/920 556/556
f 559/559 902/902 921/921
f 559/559 921/921 558/558
f 561/561 903/903 922/922
f 561/561 922/922 560/560
f 563/563 904/904 923/923
f 563/563 923/923 562/562
f 565/565 905/905 924/924
f 565/565 924/924 564/564
f 567/567 906/906 925/925
f 567/567 925/925 566/566
f 651/651 814/814 834/834
f 651/651 834/834 652/652
f 570/570 908/908 901/901
f 570/570 901/901 557/557
f 571/571 909/909 900/900
f 571/571 900/900 555/555
f 572/572 910/910 903/903
f 572/572 903/903 561/561
f 573/573 911/911 902/902
f 573/573 902/902 559/559
f 574/574 912/912 905/905
f 574/574 905/905 565/565
f 575/575 913/913 904/904
f 575/575 904/904 563/563
f 881/881 949/949 935/935
f 881/881 935/935 882/882
f 371/371 842/842 843/843
f 371/371 843/843 290/290
f 579/579 917/917 909/909
f 579/579 909/909 571/571
f 551/551 918/918 908/908
f 551/551 908/908 570/570
f 554/554 919/919 911/911
f 554/554 911/911 573/573
f 556/556 920/920 910/910
f 556/556 910/910 572/572
f 558/558 921/921 913/913
f 558/558 913/913 575/575
f 560/560 922/922 912/912
f 560/560 912/912 574/574
f 562/562 923/923 906/906
f 562/562 906/906 567/567
f 564/564 924/924 914/914
f 564/564 914/914 576/576
f 895/895 955/955 943/943
f 895/895 943/943 896/896
f 568/568 926/926 917/917
f 568/568 917/917 579/579
f 894/894 954/954 955/955
f 894/894 955/955 895/895
f 578/578 916/916 899/899
f 578/578 899/899 553/553
f 891/891 941/941 942/942
f 891/891 942/942 892/892
f 888/888 939/939 940/940
f 888/888 940/940 889/889
f 885/885 937/937 938/938
f 885/885 938/938 886/886
f 569/569 907/907 926/926
f 569/569 926/926 568/568
f 879/879 933/933 934/934
f 879/879 934/934 880/880
f 876/876 931/931 932/932
f 876/876 932/932 877/877
f 873/873 929/929 930/930
f 873/873 930/930 874/874
f 954/954 953/953 604/604
f 954/954 604/604 605/605
f 933/933 948/948 589/589
f 933/933 589/589 590/590
f 942/942 941/941 602/602
f 942/942 602/602 603/603
f 934/934 933/933 590/590
f 934/934 590/590 591/591
f 870/870 927/927 928/928
f 870/870 928/928 871/871
f 753/753 602/602 601/601
f 753/753 601/601 709/709
f 744/744 586/586 585/585
f 744/744 585/585 703/703
f 747/747 599/599 598/598
f 747/747 598/598 697/697
f 738/738 583/583 582/582
f 738/738 582/582 688/688
f 741/741 596/596 595/595
f 741/741 595/595 682/682
f 897/897 944/944 945/945
f 897/897 945/945 869/869
f 576/576 914/914 907/907
f 576/576 907/907 569/569
f 726/726 603/603 602/602
f 726/726 602/602 753/753
f 729/729 590/590 589/589
f 729/729 589/589 750/750
f 714/714 600/600 599/599
f 714/714 599/599 747/747
f 720/720 587/587 586/586
f 720/720 586/586 744/744
f 702/702 597/597 596/596
f 702/702 596/596 741/741
f 708/708 584/584 583/583
f 708/708 583/583 738/738
f 882/882 935/935 936/936
f 882/882 936/936 883/883
f 681/681 606/606 605/605
f 681/681 605/605 732/732
f 672/672 591/591 590/590
f 672/672 590/590 729/729
f 721/721 604/604 603/603
f 721/721 603/603 726/726
f 588/588 587/587 720/720
f 588/588 720/720 715/715
f 601/601 600/600 714/714
f 601/601 714/714 709/709
f 585/585 584/584 708/708
f 585/585 708/708 703/703
f 598/598 597/597 702/702
f 598/598 702/702 697/697
f 693/693 581/581 580/580
f 693/693 580/580 696/696
f 582/582 581/581 693/693
f 582/582 693/693 688/688
f 595/595 594/594 687/687
f 595/595 687/687 682/682
f 566/566 925/925 915/915
f 566/566 915/915 577/577
f 592/592 591/591 672/672
f 592/592 672/672 667/667
f 605/605 604/604 721/721
f 605/605 721/721 732/732
f 696/696 580/580 608/608
f 696/696 608/608 674/674
f 477/477 974/974 975/975
f 477/477 975/975 481/481
f 607/607 606/606 681/681
f 607/607 681/681 673/673
f 468/468 969/969 970/970
f 468/468 970/970 472/472
f 508/508 984/984 985/985
f 508/508 985/985 510/510
f 459/459 966/966 967/967
f 459/459 967/967 462/462
f 499/499 981/981 982/982
f 499/499 982/982 501/501
f 450/450 963/963 964/964
f 450/450 964/964 453/453
f 490/490 978/978 979/979
f 490/490 979/979 492/492
f 437/437 959/959 960/960
f 437/437 960/960 441/441
f 441/441 960/960 961/961
f 441/441 961/961 444/444
f 481/481 975/975 976/976
f 481/481 976/976 483/483
f 510/510 985/985 986/986
f 510/510 986/986 514/514
f 462/462 967/967 968/968
f 462/462 968/968 464/464
f 501/501 982/982 983/983
f 501/501 983/983 505/505
f 453/453 964/964 965/965
f 453/453 965/965 455/455
f 492/492 979/979 980/980
f 492/492 980/980 496/496
f 444/444 961/961 962/962
f 444/444 962/962 446/446
f 483/483 976/976 977/977
f 483/483 977/977 487/487
f 435/435 958/958 959/959
f 435/435 959/959 437/437
f 505/505 983/983 984/984
f 505/505 984/984 508/508
f 464/464 968/968 969/969
f 464/464 969/969 468/468
f 496/496 980/980 981/981
f 496/496 981/981 499/499
f 455/455 965/965 966/966
f 455/455 966/966 459/459
f 487/487 977/977 978/978
f 487/487 978/978 490/490
f 446/446 962/962 963/963
f 446/446 963/963 450/450
f 517/517 957/957 958/958
f 517/517 958/958 435/435
f 992/992 994/994 856/856
f 992/992 856/856 332/332
f 687/687 594/594 593/593
f 687/687 593/593 735/735
f 411/411 539/539 538/538
f 411/411 538/538 409/409
f 471/471 998/998 273/273
f 474/474 472/472 1006/1006
f 327/327 1000/1000 330/330
f 327/327 330/330 325/325
f 13/13 325/325 330/330
f 13/13 330/330 14/14
f 211/211 1022/1022 1023/1023
f 211/211 1023/1023 215/215
f 479/479 996/996 477/477
f 274/274 988/988 476/476
f 274/274 856/856 994/994
f 274/274 994/994 988/988
f 273/273 998/998 1004/1004
f 273/273 1004/1004 855/855
f 243/243 1017/1017 247/247
f 239/239 235/235 1010/1010
f 231/231 1010/1010 235/235
f 383/383 525/525 522/522
f 383/383 522/522 381/381
f 155/155 1018/1018 1019/1019
f 155/155 1019/1019 159/159
f 171/171 1020/1020 1013/1013
f 171/171 1013/1013 175/175
f 148/148 1014/1014 1018/1018
f 148/148 1018/1018 155/155
f 1016/1016 1008/1008 1009/1009
f 1016/1016 1009/1009 1015/1015
f 1017/1017 1010/1010 1008/1008
f 1017/1017 1008/1008 1016/1016
f 1015/1015 1009/1009 1007/1007
f 1015/1015 1007/1007 1014/1014
f 1018/1018 1012/1012 1011/1011
f 1018/1018 1011/1011 1019/1019
f 1026/1026 1011/1011 1012/1012
f 1026/1026 1012/1012 1025/1025
f 207/207 1021/1021 1022/1022
f 207/207 1022/1022 211/211
f 1023/1023 1008/1008 1010/1010
f 1023/1023 1010/1010 1024/1024
f 1022/1022 1009/1009 1008/1008
f 1022/1022 1008/1008 1023/1023
f 1007/1007 1021/1021 1025/1025
f 1007/1007 1025/1025 1012/1012
f 183/183 1013/1013 1027/1027
f 183/183 1027/1027 187/187
f 1085/1085 1044/1044 1045/1045
f 1085/1085 1045/1045 1084/1084
f 1048/1048 1081/1081 1083/1083
f 1048/1048 1083/1083 1049/1049
f 1079/1079 1040/1040 1041/1041
f 1079/1079 1041/1041 1078/1078
f 1063/1063 1038/1038 1039/1039
f 1063/1063 1039/1039 1062/1062
f 1075/1075 1036/1036 1037/1037
f 1075/1075 1037/1037 1074/1074
f 1077/1077 1034/1034 1035/1035
f 1077/1077 1035/1035 1076/1076
f 1071/1071 1032/1032 1033/1033
f 1071/1071 1033/1033 1070/1070
f 1073/1073 1030/1030 1031/1031
f 1073/1073 1031/1031 1072/1072
f 1067/1067 1028/1028 1029/1029
f 1067/1067 1029/1029 1066/1066
f 1069/1069 1085/1085 1084/1084
f 1069/1069 1084/1084 1068/1068
f 1064/1064 1079/1079 1078/1078
f 1064/1064 1078/1078 1065/1065
f 1044/1044 1064/1064 1065/1065
f 1044/1044 1065/1065 1045/1045
f 1059/1059 1077/1077 1076/1076
f 1059/1059 1076/1076 1058/1058
f 1061/1061 1075/1075 1074/1074
f 1061/1061 1074/1074 1060/1060
f 1055/1055 1073/1073 1072/1072
f 1055/1055 1072/1072 1054/1054
f 1057/1057 1071/1071 1070/1070
f 1057/1057 1070/1070 1056/1056
f 1051/1051 1069/1069 1068/1068
f 1051/1051 1068/1068 1050/1050
f 1053/1053 1067/1067 1066/1066
f 1053/1053 1066/1066 1052/1052
f 1042/1042 1080/1080 915/915
f 1042/1042 915/915 925/925
f 1042/1042 1063/1063 1062/1062
f 1042/1042 1062/1062 1043/1043
f 1040/1040 1061/1061 1060/1060
f 1040/1040 1060/1060 1041/1041
f 1038/1038 1059/1059 1058/1058
f 1038/1038 1058/1058 1039/1039
f 1036/1036 1057/1057 1056/1056
f 1036/1036 1056/1056 1037/1037
f 1034/1034 1055/1055 1054/1054
f 1034/1034 1054/1054 1035/1035
f 1032/1032 1053/1053 1052/1052
f 1032/1032 1052/1052 1033/1033
f 1030/1030 1051/1051 1050/1050
f 1030/1030 1050/1050 1031/1031
f 1047/1047 1048/1048 1049/1049
f 1047/1047 1049/1049 1046/1046
f 1028/1028 1047/1047 1046/1046
f 1028/1028 1046/1046 1029/1029
f 898/898 1047/1047 1028/1028
f 898/898 1028/1028 918/918
f 918/918 1028/1028 1067/1067
f 918/918 1067/1067 908/908
f 1046/1046 870/870 871/871
f 1046/1046 871/871 1029/1029
f 1029/1029 871/871 872/872
f 1029/1029 872/872 1066/1066
f 900/900 1051/1051 1030/1030
f 900/900 1030/1030 919/919
f 919/919 1030/1030 1073/1073
f 919/919 1073/1073 911/911
f 1050/1050 886/886 887/887
f 1050/1050 887/887 1031/1031
f 1031/1031 887/887 888/888
f 1031/1031 888/888 1072/1072
f 901/901 1053/1053 1032/1032
f 901/901 1032/1032 920/920
f 920/920 1032/1032 1071/1071
f 920/920 1071/1071 910/910
f 1052/1052 873/873 874/874
f 1052/1052 874/874 1033/1033
f 1033/1033 874/874 875/875
f 1033/1033 875/875 1070/1070
f 902/902 1055/1055 1034/1034
f 902/902 1034/1034 921/921
f 921/921 1034/1034 1077/1077
f 921/921 1077/1077 913/913
f 1054/1054 889/889 890/890
f 1054/1054 890/890 1035/1035
f 1035/1035 890/890 891/891
f 1035/1035 891/891 1076/1076
f 903/903 1057/1057 1036/1036
f 903/903 1036/1036 922/922
f 922/922 1036/1036 1075/1075
f 922/922 1075/1075 912/912
f 1056/1056 876/876 877/877
f 1056/1056 877/877 1037/1037
f 1037/1037 877/877 878/878
f 1037/1037 878/878 1074/1074
f 904/904 1059/1059 1038/1038
f 904/904 1038/1038 923/923
f 923/923 1038/1038 1063/1063
f 923/923 1063/1063 906/906
f 1058/1058 892/892 893/893
f 1058/1058 893/893 1039/1039
f 1039/1039 893/893 894/894
f 1039/1039 894/894 1062/1062
f 905/905 1061/1061 1040/1040
f 905/905 1040/1040 924/924
f 924/924 1040/1040 1079/1079
f 924/924 1079/1079 914/914
f 1060/1060 879/879 880/880
f 1060/1060 880/880 1041/1041
f 1041/1041 880/880 881/881
f 1041/1041 881/881 1078/1078
f 896/896 1082/1082 1043/1043
f 896/896 1043/1043 895/895
f 1062/1062 894/894 895/895
f 1062/1062 895/895 1043/1043
f 907/907 1064/1064 1044/1044
f 907/907 1044/1044 926/926
f 906/906 1063/1063 1042/1042
f 906/906 1042/1042 925/925
f 1065/1065 882/882 883/883
f 1065/1065 883/883 1045/1045
f 926/926 1044/1044 1085/1085
f 926/926 1085/1085 917/917
f 1045/1045 883/883 884/884
f 1045/1045 884/884 1084/1084
f 916/916 1081/1081 1048/1048
f 916/916 1048/1048 899/899
f 899/899 1048/1048 1047/1047
f 899/899 1047/1047 898/898
f 1049/1049 869/869 870/870
f 1049/1049 870/870 1046/1046
f 1083/1083 897/897 869/869
f 1083/1083 869/869 1049/1049
f 914/914 1079/1079 1064/1064
f 914/914 1064/1064 907/907
f 909/909 1069/1069 1051/1051
f 909/909 1051/1051 900/900
f 1068/1068 885/885 886/886
f 1068/1068 886/886 1050/1050
f 908/908 1067/1067 1053/1053
f 908/908 1053/1053 901/901
f 1066/1066 872/872 873/873
f 1066/1066 873/873 1052/1052
f 911/911 1073/1073 1055/1055
f 911/911 1055/1055 902/902
f 1072/1072 888/888 889/889
f 1072/1072 889/889 1054/1054
f 910/910 1071/1071 1057/1057
f 910/910 1057/1057 903/903
f 1070/1070 875/875 876/876
f 1070/1070 876/876 1056/1056
f 913/913 1077/1077 1059/1059
f 913/913 1059/1059 904/904
f 1076/1076 891/891 892/892
f 1076/1076 892/892 1058/1058
f 912/912 1075/1075 1061/1061
f 912/912 1061/1061 905/905
f 1074/1074 878/878 879/879
f 1074/1074 879/879 1060/1060
f 1078/1078 881/881 882/882
f 1078/1078 882/882 1065/1065
f 1116/1116 1115/1115 1114/1114
f 1116/1116 1114/1114 1117/1117
f 917/917 1085/1085 1069/1069
f 917/917 1069/1069 909/909
f 1084/1084 884/884 885/885
f 1084/1084 885/885 1068/1068
f 1087/1087 1124/1124 1125/1125
f 1087/1087 1125/1125 1086/1086
f 1109/1109 1106/1106 1107/1107
f 1109/1109 1107/1107 1108/1108
f 1127/1127 1087/1087 1086/1086
f 1127/1127 1086/1086 1126/1126
f 1089/1089 1109/1109 1108/1108
f 1089/1089 1108/1108 1088/1088
f 1111/1111 1127/1127 1126/1126
f 1111/1111 1126/1126 1110/1110
f 1129/1129 1089/1089 1088/1088
f 1129/1129 1088/1088 1128/1128
f 1091/1091 1111/1111 1110/1110
f 1091/1091 1110/1110 1090/1090
f 1113/1113 1129/1129 1128/1128
f 1113/1113 1128/1128 1112/1112
f 1131/1131 1091/1091 1090/1090
f 1131/1131 1090/1090 1130/1130
f 1093/1093 1113/1113 1112/1112
f 1093/1093 1112/1112 1092/1092
f 1115/1115 1131/1131 1130/1130
f 1115/1115 1130/1130 1114/1114
f 1133/1133 1093/1093 1092/1092
f 1133/1133 1092/1092 1132/1132
f 1134/1134 1095/1095 1097/1097
f 1134/1134 1097/1097 1135/1135
f 1094/1094 1133/1133 1132/1132
f 1094/1094 1132/1132 1096/1096
f 1098/1098 1116/1116 1117/1117
f 1098/1098 1117/1117 1099/1099
f 1174/1174 1173/1173 1172/1172
f 1174/1174 1172/1172 1175/1175
f 1119/1119 1134/1134 1135/1135
f 1119/1119 1135/1135 1118/1118
f 1137/1137 1098/1098 1099/1099
f 1137/1137 1099/1099 1136/1136
f 1101/1101 1119/1119 1118/1118
f 1101/1101 1118/1118 1100/1100
f 1121/1121 1137/1137 1136/1136
f 1121/1121 1136/1136 1120/1120
f 1139/1139 1101/1101 1100/1100
f 1139/1139 1100/1100 1138/1138
f 1103/1103 1121/1121 1120/1120
f 1103/1103 1120/1120 1102/1102
f 1123/1123 1139/1139 1138/1138
f 1123/1123 1138/1138 1122/1122
f 1141/1141 1103/1103 1102/1102
f 1141/1141 1102/1102 1140/1140
f 1105/1105 1123/1123 1122/1122
f 1105/1105 1122/1122 1104/1104
f 1143/1143 1141/1141 1140/1140
f 1143/1143 1140/1140 1142/1142
f 1124/1124 1105/1105 1104/1104
f 1124/1124 1104/1104 1125/1125
f 1106/1106 1143/1143 1142/1142
f 1106/1106 1142/1142 1107/1107
f 1145/1145 1182/1182 1183/1183
f 1145/1145 1183/1183 1144/1144
f 1167/1167 1164/1164 1165/1165
f 1167/1167 1165/1165 1166/1166
f 1185/1185 1145/1145 1144/1144
f 1185/1185 1144/1144 1184/1184
f 1147/1147 1167/1167 1166/1166
f 1147/1147 1166/1166 1146/1146
f 1169/1169 1185/1185 1184/1184
f 1169/1169 1184/1184 1168/1168
f 1187/1187 1147/1147 1146/1146
f 1187/1187 1146/1146 1186/1186
f 1149/1149 1169/1169 1168/1168
f 1149/1149 1168/1168 1148/1148
f 1171/1171 1187/1187 1186/1186
f 1171/1171 1186/1186 1170/1170
f 1189/1189 1149/1149 1148/1148
f 1189/1189 1148/1148 1188/1188
f 1151/1151 1171/1171 1170/1170
f 1151/1151 1170/1170 1150/1150
f 1173/1173 1189/1189 1188/1188
f 1173/1173 1188/1188 1172/1172
f 1191/1191 1151/1151 1150/1150
f 1191/1191 1150/1150 1190/1190
f 1192/1192 1153/1153 1155/1155
f 1192/1192 1155/1155 1193/1193
f 1152/1152 1191/1191 1190/1190
f 1152/1152 1190/1190 1154/1154
f 1156/1156 1174/1174 1175/1175
f 1156/1156 1175/1175 1157/1157
f 1095/1095 1134/1134 1193/1193
f 1095/1095 1193/1193 1155/1155
f 1177/1177 1192/1192 1193/1193
f 1177/1177 1193/1193 1176/1176
f 1195/1195 1156/1156 1157/1157
f 1195/1195 1157/1157 1194/1194
f 1159/1159 1177/1177 1176/1176
f 1159/1159 1176/1176 1158/1158
f 1179/1179 1195/1195 1194/1194
f 1179/1179 1194/1194 1178/1178
f 1197/1197 1159/1159 1158/1158
f 1197/1197 1158/1158 1196/1196
f 1161/1161 1179/1179 1178/1178
f 1161/1161 1178/1178 1160/1160
f 1181/1181 1197/1197 1196/1196
f 1181/1181 1196/1196 1180/1180
f 1199/1199 1161/1161 1160/1160
f 1199/1199 1160/1160 1198/1198
f 1163/1163 1181/1181 1180/1180
f 1163/1163 1180/1180 1162/1162
f 1201/1201 1199/1199 1198/1198
f 1201/1201 1198/1198 1200/1200
f 1182/1182 1163/1163 1162/1162
f 1182/1182 1162/1162 1183/1183
f 1164/1164 1201/1201 1200/1200
f 1164/1164 1200/1200 1165/1165
f 1183/1183 1124/1124 1087/1087
f 1183/1183 1087/1087 1144/1144
f 418/418 1145/1145 1185/1185
f 418/418 1185/1185 416/416
f 420/420 1182/1182 1145/1145
f 420/420 1145/1145 418/418
f 1144/1144 1087/1087 1127/1127
f 1144/1144 1127/1127 1184/1184
f 1166/1166 1109/1109 1089/1089
f 1166/1166 1089/1089 1146/1146
f 388/388 1147/1147 1187/1187
f 388/388 1187/1187 386/386
f 390/390 1167/1167 1147/1147
f 390/390 1147/1147 388/388
f 1146/1146 1089/1089 1129/1129
f 1146/1146 1129/1129 1186/1186
f 1168/1168 1111/1111 1091/1091
f 1168/1168 1091/1091 1148/1148
f 412/412 1149/1149 1189/1189
f 412/412 1189/1189 410/410
f 414/414 1169/1169 1149/1149
f 414/414 1149/1149 412/412
f 1148/1148 1091/1091 1131/1131
f 1148/1148 1131/1131 1188/1188
f 1170/1170 1113/1113 1093/1093
f 1170/1170 1093/1093 1150/1150
f 382/382 1151/1151 1191/1191
f 382/382 1191/1191 380/380
f 384/384 1171/1171 1151/1151
f 384/384 1151/1151 382/382
f 1150/1150 1093/1093 1133/1133
f 1150/1150 1133/1133 1190/1190
f 1153/1153 1192/1192 432/432
f 1153/1153 432/432 379/379
f 380/380 1191/1191 1152/1152
f 380/380 1152/1152 378/378
f 1190/1190 1133/1133 1094/1094
f 1190/1190 1094/1094 1154/1154
f 406/406 1174/1174 1156/1156
f 406/406 1156/1156 404/404
f 1157/1157 1098/1098 1137/1137
f 1157/1157 1137/1137 1194/1194
f 404/404 1156/1156 1195/1195
f 404/404 1195/1195 402/402
f 1175/1175 1116/1116 1098/1098
f 1175/1175 1098/1098 1157/1157
f 1173/1173 1174/1174 406/406
f 1173/1173 406/406 408/408
f 1176/1176 1119/1119 1101/1101
f 1176/1176 1101/1101 1158/1158
f 428/428 1159/1159 1197/1197
f 428/428 1197/1197 426/426
f 430/430 1177/1177 1159/1159
f 430/430 1159/1159 428/428
f 1158/1158 1101/1101 1139/1139
f 1158/1158 1139/1139 1196/1196
f 1178/1178 1121/1121 1103/1103
f 1178/1178 1103/1103 1160/1160
f 398/398 1161/1161 1199/1199
f 398/398 1199/1199 396/396
f 400/400 1179/1179 1161/1161
f 400/400 1161/1161 398/398
f 1160/1160 1103/1103 1141/1141
f 1160/1160 1141/1141 1198/1198
f 1180/1180 1123/1123 1105/1105
f 1180/1180 1105/1105 1162/1162
f 422/422 1163/1163 1182/1182
f 422/422 1182/1182 420/420
f 424/424 1181/1181 1163/1163
f 424/424 1163/1163 422/422
f 1162/1162 1105/1105 1124/1124
f 1162/1162 1124/1124 1183/1183
f 1165/1165 1106/1106 1109/1109
f 1165/1165 1109/1109 1166/1166
f 392/392 1164/1164 1167/1167
f 392/392 1167/1167 390/390
f 1200/1200 1143/1143 1106/1106
f 1200/1200 1106/1106 1165/1165
f 394/394 1201/1201 1164/1164
f 394/394 1164/1164 392/392
f 1184/1184 1127/1127 1111/1111
f 1184/1184 1111/1111 1168/1168
f 416/416 1185/1185 1169/1169
f 416/416 1169/1169 414/414
f 1186/1186 1129/1129 1113/1113
f 1186/1186 1113/1113 1170/1170
f 386/386 1187/1187 1171/1171
f 386/386 1171/1171 384/384
f 1188/1188 1131/1131 1115/1115
f 1188/1188 1115/1115 1172/1172
f 1115/1115 1116/1116 1175/1175
f 1115/1115 1175/1175 1172/1172
f 410/410 1189/1189 1173/1173
f 410/410 1173/1173 408/408
f 1232/1232 1231/1231 1230/1230
f 1232/1232 1230/1230 1233/1233
f 1193/1193 1134/1134 1119/1119
f 1193/1193 1119/1119 1176/1176
f 432/432 1192/1192 1177/1177
f 432/432 1177/1177 430/430
f 1194/1194 1137/1137 1121/1121
f 1194/1194 1121/1121 1178/1178
f 402/402 1195/1195 1179/1179
f 402/402 1179/1179 400/400
f 1196/1196 1139/1139 1123/1123
f 1196/1196 1123/1123 1180/1180
f 426/426 1197/1197 1181/1181
f 426/426 1181/1181 424/424
f 396/396 1199/1199 1201/1201
f 396/396 1201/1201 394/394
f 1198/1198 1141/1141 1143/1143
f 1198/1198 1143/1143 1200/1200
f 1203/1203 1240/1240 1241/1241
f 1203/1203 1241/1241 1202/1202
f 1225/1225 1222/1222 1223/1223
f 1225/1225 1223/1223 1224/1224
f 1243/1243 1203/1203 1202/1202
f 1243/1243 1202/1202 1242/1242
f 1205/1205 1225/1225 1224/1224
f 1205/1205 1224/1224 1204/1204
f 1227/1227 1243/1243 1242/1242
f 1227/1227 1242/1242 1226/1226
f 1245/1245 1205/1205 1204/1204
f 1245/1245 1204/1204 1244/1244
f 1207/1207 1227/1227 1226/1226
f 1207/1207 1226/1226 1206/1206
f 1229/1229 1245/1245 1244/1244
f 1229/1229 1244/1244 1228/1228
f 1247/1247 1207/1207 1206/1206
f 1247/1247 1206/1206 1246/1246
f 1209/1209 1229/1229 1228/1228
f 1209/1209 1228/1228 1208/1208
f 1231/1231 1247/1247 1246/1246
f 1231/1231 1246/1246 1230/1230
f 1249/1249 1209/1209 1208/1208
f 1249/1249 1208/1208 1248/1248
f 1250/1250 1211/1211 1213/1213
f 1250/1250 1213/1213 1251/1251
f 1210/1210 1249/1249 1248/1248
f 1210/1210 1248/1248 1212/1212
f 1214/1214 1232/1232 1233/1233
f 1214/1214 1233/1233 1215/1215
f 1/1 1251/1251 1213/1213
f 1/1 1213/1213 29/29
f 1235/1235 1250/1250 1251/1251
f 1235/1235 1251/1251 1234/1234
f 1253/1253 1214/1214 1215/1215
f 1253/1253 1215/1215 1252/1252
f 1217/1217 1235/1235 1234/1234
f 1217/1217 1234/1234 1216/1216
f 1237/1237 1253/1253 1252/1252
f 1237/1237 1252/1252 1236/1236
f 1255/1255 1217/1217 1216/1216
f 1255/1255 1216/1216 1254/1254
f 1219/1219 1237/1237 1236/1236
f 1219/1219 1236/1236 1218/1218
f 1239/1239 1255/1255 1254/1254
f 1239/1239 1254/1254 1238/1238
f 1257/1257 1219/1219 1218/1218
f 1257/1257 1218/1218 1256/1256
f 1221/1221 1239/1239 1238/1238
f 1221/1221 1238/1238 1220/1220
f 1259/1259 1257/1257 1256/1256
f 1259/1259 1256/1256 1258/1258
f 1240/1240 1221/1221 1220/1220
f 1240/1240 1220/1220 1241/1241
f 1222/1222 1259/1259 1258/1258
f 1222/1222 1258/1258 1223/1223
f 1241/1241 7/7 8/8
f 1241/1241 8/8 1202/1202
f 1086/1086 1203/1203 1243/1243
f 1086/1086 1243/1243 1126/1126
f 1125/1125 1240/1240 1203/1203
f 1125/1125 1203/1203 1086/1086
f 1202/1202 8/8 9/9
f 1202/1202 9/9 1242/1242
f 1224/1224 22/22 23/23
f 1224/1224 23/23 1204/1204
f 1088/1088 1205/1205 1245/1245
f 1088/1088 1245/1245 1128/1128
f 1108/1108 1225/1225 1205/1205
f 1108/1108 1205/1205 1088/1088
f 1204/1204 23/23 24/24
f 1204/1204 24/24 1244/1244
f 1226/1226 10/10 11/11
f 1226/1226 11/11 1206/1206
f 1090/1090 1207/1207 1247/1247
f 1090/1090 1247/1247 1130/1130
f 1110/1110 1227/1227 1207/1207
f 1110/1110 1207/1207 1090/1090
f 1206/1206 11/11 12/12
f 1206/1206 12/12 1246/1246
f 1228/1228 25/25 26/26
f 1228/1228 26/26 1208/1208
f 1092/1092 1209/1209 1249/1249
f 1092/1092 1249/1249 1132/1132
f 1112/1112 1229/1229 1209/1209
f 1112/1112 1209/1209 1092/1092
f 1208/1208 26/26 27/27
f 1208/1208 27/27 1248/1248
f 1211/1211 1250/1250 1135/1135
f 1211/1211 1135/1135 1097/1097
f 1248/1248 27/27 28/28
f 1248/1248 28/28 1212/1212
f 1132/1132 1249/1249 1210/1210
f 1132/1132 1210/1210 1096/1096
f 1233/1233 14/14 15/15
f 1233/1233 15/15 1215/1215
f 1117/1117 1232/1232 1214/1214
f 1117/1117 1214/1214 1099/1099
f 14/14 1233/1233 1230/1230
f 14/14 1230/1230 13/13
f 1215/1215 15/15 16/16
f 1215/1215 16/16 1252/1252
f 1099/1099 1214/1214 1253/1253
f 1099/1099 1253/1253 1136/1136
f 1234/1234 2/2 3/3
f 1234/1234 3/3 1216/1216
f 1100/1100 1217/1217 1255/1255
f 1100/1100 1255/1255 1138/1138
f 1118/1118 1235/1235 1217/1217
f 1118/1118 1217/1217 1100/1100
f 1216/1216 3/3 4/4
f 1216/1216 4/4 1254/1254
f 1236/1236 17/17 18/18
f 1236/1236 18/18 1218/1218
f 1102/1102 1219/1219 1257/1257
f 1102/1102 1257/1257 1140/1140
f 1120/1120 1237/1237 1219/1219
f 1120/1120 1219/1219 1102/1102
f 1218/1218 18/18 19/19
f 1218/1218 19/19 1256/1256
f 1238/1238 5/5 6/6
f 1238/1238 6/6 1220/1220
f 1104/1104 1221/1221 1240/1240
f 1104/1104 1240/1240 1125/1125
f 1122/1122 1239/1239 1221/1221
f 1122/1122 1221/1221 1104/1104
f 1220/1220 6/6 7/7
f 1220/1220 7/7 1241/1241
f 1223/1223 21/21 22/22
f 1223/1223 22/22 1224/1224
f 1107/1107 1222/1222 1225/1225
f 1107/1107 1225/1225 1108/1108
f 1258/1258 20/20 21/21
f 1258/1258 21/21 1223/1223
f 1142/1142 1259/1259 1222/1222
f 1142/1142 1222/1222 1107/1107
f 1242/1242 9/9 10/10
f 1242/1242 10/10 1226/1226
f 1126/1126 1243/1243 1227/1227
f 1126/1126 1227/1227 1110/1110
f 1244/1244 24/24 25/25
f 1244/1244 25/25 1228/1228
f 1128/1128 1245/1245 1229/1229
f 1128/1128 1229/1229 1112/1112
f 1231/1231 1232/1232 1117/1117
f 1231/1231 1117/1117 1114/1114
f 1246/1246 12/12 13/13
f 1246/1246 13/13 1230/1230
f 797/797 796/796 1273/1273
f 797/797 1273/1273 1274/1274
f 1130/1130 1247/1247 1231/1231
f 1130/1130 1231/1231 1114/1114
f 1251/1251 1/1 2/2
f 1251/1251 2/2 1234/1234
f 1135/1135 1250/1250 1235/1235
f 1135/1135 1235/1235 1118/1118
f 1252/1252 16/16 17/17
f 1252/1252 17/17 1236/1236
f 1136/1136 1253/1253 1237/1237
f 1136/1136 1237/1237 1120/1120
f 1254/1254 4/4 5/5
f 1254/1254 5/5 1238/1238
f 1138/1138 1255/1255 1239/1239
f 1138/1138 1239/1239 1122/1122
f 1140/1140 1257/1257 1259/1259
f 1140/1140 1259/1259 1142/1142
f 1256/1256 19/19 20/20
f 1256/1256 20/20 1258/1258
f 785/785 784/784 1261/1261
f 785/785 1261/1261 1262/1262
f 788/788 787/787 1264/1264
f 788/788 1264/1264 1265/1265
f 791/791 790/790 1267/1267
f 791/791 1267/1267 1268/1268
f 794/794 793/793 1270/1270
f 794/794 1270/1270 1271/1271
f 796/796 795/795 1272/1272
f 796/796 1272/1272 1273/1273
f 800/800 799/799 1276/1276
f 800/800 1276/1276 1277/1277
f 803/803 802/802 1279/1279
f 803/803 1279/1279 1280/1280
f 806/806 805/805 1282/1282
f 806/806 1282/1282 1283/1283
f 810/810 809/809 1286/1286
f 810/810 1286/1286 1287/1287
f 786/786 785/785 1262/1262
f 786/786 1262/1262 1263/1263
f 789/789 788/788 1265/1265
f 789/789 1265/1265 1266/1266
f 792/792 791/791 1268/1268
f 792/792 1268/1268 1269/1269
f 795/795 794/794 1271/1271
f 795/795 1271/1271 1272/1272
f 798/798 797/797 1274/1274
f 798/798 1274/1274 1275/1275
f 801/801 800/800 1277/1277
f 801/801 1277/1277 1278/1278
f 804/804 803/803 1280/1280
f 804/804 1280/1280 1281/1281
f 807/807 806/806 1283/1283
f 807/807 1283/1283 1284/1284
f 809/809 808/808 1285/1285
f 809/809 1285/1285 1286/1286
f 787/787 786/786 1263/1263
f 787/787 1263/1263 1264/1264
f 790/790 789/789 1266/1266
f 790/790 1266/1266 1267/1267
f 793/793 792/792 1269/1269
f 793/793 1269/1269 1270/1270
f 783/783 811/811 1288/1288
f 783/783 1288/1288 1260/1260
f 799/799 798/798 1275/1275
f 799/799 1275/1275 1276/1276
f 802/802 801/801 1278/1278
f 802/802 1278/1278 1279/1279
f 805/805 804/804 1281/1281
f 805/805 1281/1281 1282/1282
f 808/808 807/807 1284/1284
f 808/808 1284/1284 1285/1285
f 77/77 75/75 72/72
f 77/77 72/72 74/74
f 784/784 783/783 1260/1260
f 784/784 1260/1260 1261/1261
f 71/71 69/69 66/66
f 71/71 66/66 68/68
f 74/74 72/72 69/69
f 74/74 69/69 71/71
f 80/80 78/78 75/75
f 80/80 75/75 77/77
f 35/35 33/33 114/114
f 35/35 114/114 116/116
f 83/83 81/81 78/78
f 83/83 78/78 80/80
f 86/86 84/84 81/81
f 86/86 81/81 83/83
f 89/89 87/87 84/84
f 89/89 84/84 86/86
f 92/92 90/90 87/87
f 92/92 87/87 89/89
f 95/95 93/93 90/90
f 95/95 90/90 92/92
f 98/98 96/96 93/93
f 98/98 93/93 95/95
f 101/101 99/99 96/96
f 101/101 96/96 98/98
f 104/104 102/102 99/99
f 104/104 99/99 101/101
f 107/107 105/105 102/102
f 107/107 102/102 104/104
f 110/110 108/108 105/105
f 110/110 105/105 107/107
f 113/113 111/111 108/108
f 113/113 108/108 110/110
f 116/116 114/114 111/111
f 116/116 111/111 113/113
f 38/38 36/36 32/32
f 38/38 32/32 34/34
f 1317/1317 578/578 553/553
f 1317/1317 553/553 1289/1289
f 41/41 39/39 36/36
f 41/41 36/36 38/38
f 44/44 42/42 39/39
f 44/44 39/39 41/41
f 47/47 45/45 42/42
f 47/47 42/42 44/44
f 50/50 48/48 45/45
f 50/50 45/45 47/47
f 53/53 51/51 48/48
f 53/53 48/48 50/50
f 56/56 54/54 51/51
f 56/56 51/51 53/53
f 59/59 57/57 54/54
f 59/59 54/54 56/56
f 62/62 60/60 57/57
f 62/62 57/57 59/59
f 65/65 63/63 60/60
f 65/65 60/60 62/62
f 68/68 66/66 63/63
f 68/68 63/63 65/65
f 1293/1293 557/557 556/556
f 1293/1293 556/556 1294/1294
f 1296/1296 561/561 560/560
f 1296/1296 560/560 1297/1297
f 1299/1299 565/565 564/564
f 1299/1299 564/564 1300/1300
f 1303/1303 974/974 973/973
f 1303/1303 973/973 1302/1302
f 1305/1305 571/571 555/555
f 1305/1305 555/555 1306/1306
f 1308/1308 573/573 559/559
f 1308/1308 559/559 1309/1309
f 1311/1311 575/575 563/563
f 1311/1311 563/563 1312/1312
f 957/957 1317/1317 1289/1289
f 957/957 1289/1289 958/958
f 1291/1291 551/551 570/570
f 1291/1291 570/570 1292/1292
f 1294/1294 556/556 572/572
f 1294/1294 572/572 1295/1295
f 1297/1297 560/560 574/574
f 1297/1297 574/574 1298/1298
f 1300/1300 564/564 576/576
f 1300/1300 576/576 1301/1301
f 1303/1303 568/568 579/579
f 1303/1303 579/579 1304/1304
f 1306/1306 555/555 554/554
f 1306/1306 554/554 1307/1307
f 1309/1309 559/559 558/558
f 1309/1309 558/558 1310/1310
f 1312/1312 563/563 562/562
f 1312/1312 562/562 1313/1313
f 1314/1314 567/567 566/566
f 1314/1314 566/566 1315/1315
f 1292/1292 570/570 557/557
f 1292/1292 557/557 1293/1293
f 1295/1295 572/572 561/561
f 1295/1295 561/561 1296/1296
f 1298/1298 574/574 565/565
f 1298/1298 565/565 1299/1299
f 1302/1302 973/973 970/970
f 1302/1302 970/970 1301/1301
f 1304/1304 579/579 571/571
f 1304/1304 571/571 1305/1305
f 1307/1307 554/554 573/573
f 1307/1307 573/573 1308/1308
f 1310/1310 558/558 575/575
f 1310/1310 575/575 1311/1311
f 1313/1313 562/562 567/567
f 1313/1313 567/567 1314/1314
f 1316/1316 956/956 986/986
f 1316/1316 986/986 1315/1315
f 1289/1289 553/553 552/552
f 1289/1289 552/552 1290/1290
f 996/996 974/974 477/477
f 958/958 1289/1289 1290/1290
f 958/958 1290/1290 959/959
f 1301/1301 576/576 569/569
f 1301/1301 569/569 1302/1302
f 959/959 1290/1290 1291/1291
f 959/959 1291/1291 960/960
f 960/960 1291/1291 1292/1292
f 960/960 1292/1292 961/961
f 961/961 1292/1292 1293/1293
f 961/961 1293/1293 962/962
f 962/962 1293/1293 1294/1294
f 962/962 1294/1294 963/963
f 963/963 1294/1294 1295/1295
f 963/963 1295/1295 964/964
f 964/964 1295/1295 1296/1296
f 964/964 1296/1296 965/965
f 965/965 1296/1296 1297/1297
f 965/965 1297/1297 966/966
f 966/966 1297/1297 1298/1298
f 966/966 1298/1298 967/967
f 967/967 1298/1298 1299/1299
f 967/967 1299/1299 968/968
f 968/968 1299/1299 1300/1300
f 968/968 1300/1300 969/969
f 969/969 1300/1300 1301/1301
f 969/969 1301/1301 970/970
f 1302/1302 569/569 568/568
f 1302/1302 568/568 1303/1303
f 1315/1315 566/566 577/577
f 1315/1315 577/577 1316/1316
f 974/974 1303/1303 1304/1304
f 974/974 1304/1304 975/975
f 975/975 1304/1304 1305/1305
f 975/975 1305/1305 976/976
f 976/976 1305/1305 1306/1306
f 976/976 1306/1306 977/977
f 977/977 1306/1306 1307/1307
f 977/977 1307/1307 978/978
f 978/978 1307/1307 1308/1308
f 978/978 1308/1308 979/979
f 979/979 1308/1308 1309/1309
f 979/979 1309/1309 980/980
f 980/980 1309/1309 1310/1310
f 980/980 1310/1310 981/981
f 981/981 1310/1310 1311/1311
f 981/981 1311/1311 982/982
f 982/982 1311/1311 1312/1312
f 982/982 1312/1312 983/983
f 983/983 1312/1312 1313/1313
f 983/983 1313/1313 984/984
f 984/984 1313/1313 1314/1314
f 984/984 1314/1314 985/985
f 985/985 1314/1314 1315/1315
f 985/985 1315/1315 986/986
f 1006/1006 970/970 973/973
f 1013/1013 179/179 175/175
f 1027/1027 191/191 187/187
f 1290/1290 552/552 551/551
f 1290/1290 551/551 1291/1291
f 927/927 945/945 580/580
f 927/927 580/580 581/581
f 1327/1327 1328/1328 1331/1331
f 1327/1327 1331/1331 1332/1332
f 1329/1329 1326/1326 1325/1325
f 1329/1329 1325/1325 1330/1330
f 1343/1343 1347/1347 1346/1346
f 1343/1343 1346/1346 1342/1342
f 1331/1331 1323/1323 1324/1324
f 1331/1331 1324/1324 1332/1332
f 1327/1327 1349/1349 1348/1348
f 1327/1327 1348/1348 1328/1328
f 1347/1347 1344/1344 1345/1345
f 1347/1347 1345/1345 1346/1346
f 1360/1360 1366/1366 1365/1365
f 1360/1360 1365/1365 1359/1359
f 1349/1349 1343/1343 1342/1342
f 1349/1349 1342/1342 1348/1348
f 1361/1361 1368/1368 1367/1367
f 1361/1361 1367/1367 1363/1363
f 1366/1366 1325/1325 1326/1326
f 1366/1366 1326/1326 1365/1365
f 1378/1378 1377/1377 1379/1379
f 1378/1378 1379/1379 1380/1380
f 1368/1368 1360/1360 1359/1359
f 1368/1368 1359/1359 1367/1367
f 1362/1362 1364/1364 1381/1381
f 1362/1362 1381/1381 1382/1382
f 1379/1379 1345/1345 1344/1344
f 1379/1379 1344/1344 1380/1380
f 1419/1419 1394/1394 1393/1393
f 1419/1419 1393/1393 1404/1404
f 1381/1381 1377/1377 1378/1378
f 1381/1381 1378/1378 1382/1382
f 1413/1413 1407/1407 1389/1389
f 1413/1413 1389/1389 1390/1390
f 1417/1417 1387/1387 1388/1388
f 1417/1417 1388/1388 1405/1405
f 1408/1408 1401/1401 1402/1402
f 1408/1408 1402/1402 1406/1406
f 1418/1418 1399/1399 1398/1398
f 1418/1418 1398/1398 1412/1412
f 1419/1419 1406/1406 1402/1402
f 1419/1419 1402/1402 1394/1394
f 1418/1418 1413/1413 1390/1390
f 1418/1418 1390/1390 1399/1399
f 1410/1410 1409/1409 1397/1397
f 1410/1410 1397/1397 1395/1395
f 1412/1412 1398/1398 1397/1397
f 1412/1412 1397/1397 1409/1409
f 1407/1407 1405/1405 1388/1388
f 1407/1407 1388/1388 1389/1389
f 1415/1415 1414/1414 1391/1391
f 1415/1415 1391/1391 1386/1386
f 1404/1404 1393/1393 1392/1392
f 1404/1404 1392/1392 1416/1416
f 1416/1416 1392/1392 1391/1391
f 1416/1416 1391/1391 1414/1414
f 1417/1417 1415/1415 1386/1386
f 1417/1417 1386/1386 1387/1387
f 1398/1398 1399/1399 1433/1433
f 1398/1398 1433/1433 1432/1432
f 1403/1403 1411/1411 1396/1396
f 1403/1403 1396/1396 1400/1400
f 1408/1408 1403/1403 1400/1400
f 1408/1408 1400/1400 1401/1401
f 1387/1387 1421/1421 1422/1422
f 1387/1387 1422/1422 1388/1388
f 1397/1397 1398/1398 1432/1432
f 1397/1397 1432/1432 1431/1431
f 1390/1390 1389/1389 1423/1423
f 1390/1390 1423/1423 1424/1424
f 1390/1390 1424/1424 1433/1433
f 1390/1390 1433/1433 1399/1399
f 1392/1392 1393/1393 1427/1427
f 1392/1392 1427/1427 1426/1426
f 1386/1386 1391/1391 1425/1425
f 1386/1386 1425/1425 1420/1420
f 1400/1400 1396/1396 1430/1430
f 1400/1400 1430/1430 1434/1434
f 1402/1402 1401/1401 1435/1435
f 1402/1402 1435/1435 1436/1436
f 1393/1393 1394/1394 1428/1428
f 1393/1393 1428/1428 1427/1427
f 1394/1394 1402/1402 1436/1436
f 1394/1394 1436/1436 1428/1428
f 1391/1391 1392/1392 1426/1426
f 1391/1391 1426/1426 1425/1425
f 1401/1401 1400/1400 1434/1434
f 1401/1401 1434/1434 1435/1435
f 1389/1389 1388/1388 1422/1422
f 1389/1389 1422/1422 1423/1423
f 1387/1387 1386/1386 1420/1420
f 1387/1387 1420/1420 1421/1421
f 1395/1395 1397/1397 1431/1431
f 1395/1395 1431/1431 1429/1429
f 1438/1438 1437/1437 1443/1443
f 1438/1438 1443/1443 1444/1444
f 1441/1441 1442/1442 1445/1445
f 1441/1441 1445/1445 1446/1446
f 1443/1443 1440/1440 1439/1439
f 1443/1443 1439/1439 1444/1444
f 1448/1448 1452/1452 1451/1451
f 1448/1448 1451/1451 1447/1447
f 1445/1445 1437/1437 1438/1438
f 1445/1445 1438/1438 1446/1446
f 1441/1441 1454/1454 1453/1453
f 1441/1441 1453/1453 1442/1442
f 1452/1452 1449/1449 1450/1450
f 1452/1452 1450/1450 1451/1451
f 1456/1456 1462/1462 1461/1461
f 1456/1456 1461/1461 1455/1455
f 1454/1454 1448/1448 1447/1447
f 1454/1454 1447/1447 1453/1453
f 1457/1457 1464/1464 1463/1463
f 1457/1457 1463/1463 1459/1459
f 1462/1462 1439/1439 1440/1440
f 1462/1462 1440/1440 1461/1461
f 1466/1466 1465/1465 1467/1467
f 1466/1466 1467/1467 1468/1468
f 1464/1464 1456/1456 1455/1455
f 1464/1464 1455/1455 1463/1463
f 1458/1458 1460/1460 1469/1469
f 1458/1458 1469/1469 1470/1470
f 1467/1467 1450/1450 1449/1449
f 1467/1467 1449/1449 1468/1468
f 1495/1495 1558/1558 1555/1555
f 1495/1495 1555/1555 1494/1494
f 1469/1469 1465/1465 1466/1466
f 1469/1469 1466/1466 1470/1470
f 1573/1573 1563/1563 1782/1782
f 1573/1573 1782/1782 1787/1787
f 1574/1574 1565/1565 1792/1792
f 1574/1574 1792/1792 1789/1789
f 1575/1575 1574/1574 1789/1789
f 1575/1575 1789/1789 1791/1791
f 1762/1762 1777/1777 1491/1491
f 1762/1762 1491/1491 1496/1496
f 1779/1779 1765/1765 1505/1505
f 1779/1779 1505/1505 1501/1501
f 1560/1560 1561/1561 1770/1770
f 1560/1560 1770/1770 1766/1766
f 1785/1785 1493/1493 1492/1492
f 1785/1785 1492/1492 1774/1774
f 1568/1568 1566/1566 1761/1761
f 1568/1568 1761/1761 1769/1769
f 1560/1560 1766/1766 1761/1761
f 1560/1560 1761/1761 1566/1566
f 1772/1772 1506/1506 1505/1505
f 1772/1772 1505/1505 1765/1765
f 1559/1559 1569/1569 1773/1773
f 1559/1559 1773/1773 1764/1764
f 1783/1783 1778/1778 1500/1500
f 1783/1783 1500/1500 1502/1502
f 1564/1564 1575/1575 1791/1791
f 1564/1564 1791/1791 1784/1784
f 1788/1788 1793/1793 1504/1504
f 1788/1788 1504/1504 1495/1495
f 1570/1570 1564/1564 1784/1784
f 1570/1570 1784/1784 1775/1775
f 1421/1421 1526/1526 1527/1527
f 1421/1421 1527/1527 1422/1422
f 1557/1557 1553/1553 1510/1510
f 1557/1557 1510/1510 1509/1509
f 1502/1502 1556/1556 1552/1552
f 1502/1502 1552/1552 1503/1503
f 1492/1492 1493/1493 1553/1553
f 1492/1492 1553/1553 1557/1557
f 1552/1552 1556/1556 1519/1519
f 1552/1552 1519/1519 1520/1520
f 1497/1497 1546/1546 1543/1543
f 1497/1497 1543/1543 1498/1498
f 1550/1550 1551/1551 1508/1508
f 1550/1550 1508/1508 1513/1513
f 1548/1548 1549/1549 1522/1522
f 1548/1548 1522/1522 1518/1518
f 1504/1504 1503/1503 1552/1552
f 1504/1504 1552/1552 1554/1554
f 1544/1544 1543/1543 1515/1515
f 1544/1544 1515/1515 1516/1516
f 1499/1499 1544/1544 1542/1542
f 1499/1499 1542/1542 1507/1507
f 1499/1499 1498/1498 1543/1543
f 1499/1499 1543/1543 1544/1544
f 1542/1542 1544/1544 1516/1516
f 1542/1542 1516/1516 1524/1524
f 1516/1516 1515/1515 1532/1532
f 1516/1516 1532/1532 1533/1533
f 1551/1551 1557/1557 1509/1509
f 1551/1551 1509/1509 1508/1508
f 1556/1556 1547/1547 1517/1517
f 1556/1556 1517/1517 1519/1519
f 1516/1516 1533/1533 1541/1541
f 1516/1516 1541/1541 1524/1524
f 1508/1508 1509/1509 1526/1526
f 1508/1508 1526/1526 1525/1525
f 1510/1510 1511/1511 1528/1528
f 1510/1510 1528/1528 1527/1527
f 1519/1519 1517/1517 1534/1534
f 1519/1519 1534/1534 1536/1536
f 1521/1521 1520/1520 1537/1537
f 1521/1521 1537/1537 1538/1538
f 1511/1511 1512/1512 1529/1529
f 1511/1511 1529/1529 1528/1528
f 1512/1512 1521/1521 1538/1538
f 1512/1512 1538/1538 1529/1529
f 1509/1509 1510/1510 1527/1527
f 1509/1509 1527/1527 1526/1526
f 1520/1520 1519/1519 1536/1536
f 1520/1520 1536/1536 1537/1537
f 1515/1515 1514/1514 1531/1531
f 1515/1515 1531/1531 1532/1532
f 1513/1513 1508/1508 1525/1525
f 1513/1513 1525/1525 1530/1530
f 1518/1518 1522/1522 1539/1539
f 1518/1518 1539/1539 1535/1535
f 1523/1523 1524/1524 1541/1541
f 1523/1523 1541/1541 1540/1540
f 1514/1514 1513/1513 1530/1530
f 1514/1514 1530/1530 1531/1531
f 1522/1522 1523/1523 1540/1540
f 1522/1522 1540/1540 1539/1539
f 1505/1505 1506/1506 1545/1545
f 1505/1505 1545/1545 1549/1549
f 1431/1431 1432/1432 1537/1537
f 1431/1431 1537/1537 1536/1536
f 1424/1424 1423/1423 1528/1528
f 1424/1424 1528/1528 1529/1529
f 1424/1424 1529/1529 1538/1538
f 1424/1424 1538/1538 1433/1433
f 1426/1426 1427/1427 1532/1532
f 1426/1426 1532/1532 1531/1531
f 1420/1420 1425/1425 1530/1530
f 1420/1420 1530/1530 1525/1525
f 1434/1434 1430/1430 1535/1535
f 1434/1434 1535/1535 1539/1539
f 1436/1436 1435/1435 1540/1540
f 1436/1436 1540/1540 1541/1541
f 1427/1427 1428/1428 1533/1533
f 1427/1427 1533/1533 1532/1532
f 1428/1428 1436/1436 1541/1541
f 1428/1428 1541/1541 1533/1533
f 1425/1425 1426/1426 1531/1531
f 1425/1425 1531/1531 1530/1530
f 1435/1435 1434/1434 1539/1539
f 1435/1435 1539/1539 1540/1540
f 1423/1423 1422/1422 1527/1527
f 1423/1423 1527/1527 1528/1528
f 1421/1421 1420/1420 1525/1525
f 1421/1421 1525/1525 1526/1526
f 1429/1429 1431/1431 1536/1536
f 1429/1429 1536/1536 1534/1534
f 1432/1432 1433/1433 1538/1538
f 1432/1432 1538/1538 1537/1537
f 1597/1597 1598/1598 1595/1595
f 1597/1597 1595/1595 1596/1596
f 1553/1553 1555/1555 1511/1511
f 1553/1553 1511/1511 1510/1510
f 1554/1554 1552/1552 1520/1520
f 1554/1554 1520/1520 1521/1521
f 1502/1502 1500/1500 1547/1547
f 1502/1502 1547/1547 1556/1556
f 1496/1496 1550/1550 1546/1546
f 1496/1496 1546/1546 1497/1497
f 1491/1491 1492/1492 1557/1557
f 1491/1491 1557/1557 1551/1551
f 1506/1506 1507/1507 1542/1542
f 1506/1506 1542/1542 1545/1545
f 1546/1546 1550/1550 1513/1513
f 1546/1546 1513/1513 1514/1514
f 1549/1549 1545/1545 1523/1523
f 1549/1549 1523/1523 1522/1522
f 1543/1543 1546/1546 1514/1514
f 1543/1543 1514/1514 1515/1515
f 1545/1545 1542/1542 1524/1524
f 1545/1545 1524/1524 1523/1523
f 1501/1501 1505/1505 1549/1549
f 1501/1501 1549/1549 1548/1548
f 1496/1496 1491/1491 1551/1551
f 1496/1496 1551/1551 1550/1550
f 1555/1555 1558/1558 1512/1512
f 1555/1555 1512/1512 1511/1511
f 1558/1558 1554/1554 1521/1521
f 1558/1558 1521/1521 1512/1512
f 1493/1493 1494/1494 1555/1555
f 1493/1493 1555/1555 1553/1553
f 1495/1495 1504/1504 1554/1554
f 1495/1495 1554/1554 1558/1558
f 1578/1578 1579/1579 1576/1576
f 1578/1578 1576/1576 1577/1577
f 1585/1585 1583/1583 1582/1582
f 1585/1585 1582/1582 1584/1584
f 1581/1581 1580/1580 1579/1579
f 1581/1581 1579/1579 1578/1578
f 1612/1612 1613/1613 1611/1611
f 1612/1612 1611/1611 1610/1610
f 1639/1639 1584/1584 1590/1590
f 1639/1639 1590/1590 1644/1644
f 1581/1581 1588/1588 1589/1589
f 1581/1581 1589/1589 1582/1582
f 1580/1580 1583/1583 1321/1321
f 1580/1580 1321/1321 1320/1320
f 1577/1577 1607/1607 1614/1614
f 1577/1577 1614/1614 1586/1586
f 1339/1339 1340/1340 1610/1610
f 1339/1339 1610/1610 1609/1609
f 1600/1600 1598/1598 1597/1597
f 1600/1600 1597/1597 1599/1599
f 1596/1596 1595/1595 1594/1594
f 1596/1596 1594/1594 1593/1593
f 1608/1608 1609/1609 1610/1610
f 1608/1608 1610/1610 1611/1611
f 1618/1618 1619/1619 1592/1592
f 1618/1618 1592/1592 1591/1591
f 1373/1373 1337/1337 1605/1605
f 1373/1373 1605/1605 1659/1659
f 1603/1603 1405/1405 1407/1407
f 1603/1603 1407/1407 1604/1604
f 1603/1603 1604/1604 1336/1336
f 1603/1603 1336/1336 1335/1335
f 1626/1626 1414/1414 1415/1415
f 1626/1626 1415/1415 1601/1601
f 1351/1351 1352/1352 1628/1628
f 1351/1351 1628/1628 1627/1627
f 1341/1341 1612/1612 1610/1610
f 1341/1341 1610/1610 1340/1340
f 1338/1338 1339/1339 1609/1609
f 1338/1338 1609/1609 1606/1606
f 1630/1630 1635/1635 1642/1642
f 1630/1630 1642/1642 1640/1640
f 1357/1357 1358/1358 1638/1638
f 1357/1357 1638/1638 1637/1637
f 1625/1625 1623/1623 1622/1622
f 1625/1625 1622/1622 1624/1624
f 1621/1621 1620/1620 1619/1619
f 1621/1621 1619/1619 1618/1618
f 1636/1636 1637/1637 1638/1638
f 1636/1636 1638/1638 1639/1639
f 1649/1649 1650/1650 1645/1645
f 1649/1649 1645/1645 1647/1647
f 1353/1353 1629/1629 1628/1628
f 1353/1353 1628/1628 1352/1352
f 1350/1350 1351/1351 1627/1627
f 1350/1350 1627/1627 1626/1626
f 1657/1657 1409/1409 1410/1410
f 1657/1657 1410/1410 1655/1655
f 1372/1372 1373/1373 1659/1659
f 1372/1372 1659/1659 1658/1658
f 1358/1358 1322/1322 1585/1585
f 1358/1358 1585/1585 1638/1638
f 1356/1356 1357/1357 1637/1637
f 1356/1356 1637/1637 1634/1634
f 1631/1631 1641/1641 1666/1666
f 1631/1631 1666/1666 1660/1660
f 1662/1662 1665/1665 1376/1376
f 1662/1662 1376/1376 1375/1375
f 1599/1599 1654/1654 1653/1653
f 1599/1599 1653/1653 1600/1600
f 1652/1652 1651/1651 1650/1650
f 1652/1652 1650/1650 1649/1649
f 1673/1673 1674/1674 1671/1671
f 1673/1673 1671/1671 1672/1672
f 1669/1669 1670/1670 1648/1648
f 1669/1669 1648/1648 1646/1646
f 1607/1607 1608/1608 1615/1615
f 1607/1607 1615/1615 1614/1614
f 1371/1371 1372/1372 1658/1658
f 1371/1371 1658/1658 1657/1657
f 1656/1656 1411/1411 1403/1403
f 1656/1656 1403/1403 1675/1675
f 1676/1676 1677/1677 1385/1385
f 1676/1676 1385/1385 1384/1384
f 1664/1664 1665/1665 1662/1662
f 1664/1664 1662/1662 1663/1663
f 1660/1660 1661/1661 1633/1633
f 1660/1660 1633/1633 1631/1631
f 1612/1612 1665/1665 1664/1664
f 1612/1612 1664/1664 1613/1613
f 1663/1663 1662/1662 1661/1661
f 1663/1663 1661/1661 1660/1660
f 1833/1833 1834/1834 1835/1835
f 1833/1833 1835/1835 1832/1832
f 1376/1376 1665/1665 1612/1612
f 1376/1376 1612/1612 1341/1341
f 1667/1667 1668/1668 1664/1664
f 1667/1667 1664/1664 1663/1663
f 1624/1624 1674/1674 1673/1673
f 1624/1624 1673/1673 1625/1625
f 1672/1672 1671/1671 1670/1670
f 1672/1672 1670/1670 1669/1669
f 1685/1685 1687/1687 1689/1689
f 1685/1685 1689/1689 1686/1686
f 1635/1635 1636/1636 1643/1643
f 1635/1635 1643/1643 1642/1642
f 1408/1408 1406/1406 1677/1677
f 1408/1408 1677/1677 1676/1676
f 1593/1593 1594/1594 1591/1591
f 1593/1593 1591/1591 1592/1592
f 1679/1679 1681/1681 1683/1683
f 1679/1679 1683/1683 1680/1680
f 1680/1680 1683/1683 1682/1682
f 1680/1680 1682/1682 1678/1678
f 1686/1686 1689/1689 1688/1688
f 1686/1686 1688/1688 1684/1684
f 1687/1687 1690/1690 1692/1692
f 1687/1687 1692/1692 1689/1689
f 1689/1689 1692/1692 1691/1691
f 1689/1689 1691/1691 1688/1688
f 1681/1681 1685/1685 1686/1686
f 1681/1681 1686/1686 1683/1683
f 1683/1683 1686/1686 1684/1684
f 1683/1683 1684/1684 1682/1682
f 1698/1698 1474/1474 1472/1472
f 1698/1698 1472/1472 1697/1697
f 1478/1478 1474/1474 1698/1698
f 1478/1478 1698/1698 1699/1699
f 1697/1697 1472/1472 1476/1476
f 1697/1697 1476/1476 1696/1696
f 1704/1704 1706/1706 1708/1708
f 1704/1704 1708/1708 1705/1705
f 1484/1484 1712/1712 1695/1695
f 1484/1484 1695/1695 1694/1694
f 1678/1678 1700/1700 1702/1702
f 1678/1678 1702/1702 1680/1680
f 1680/1680 1702/1702 1701/1701
f 1680/1680 1701/1701 1679/1679
f 1705/1705 1708/1708 1707/1707
f 1705/1705 1707/1707 1703/1703
f 1706/1706 1709/1709 1711/1711
f 1706/1706 1711/1711 1708/1708
f 1708/1708 1711/1711 1710/1710
f 1708/1708 1710/1710 1707/1707
f 1700/1700 1704/1704 1705/1705
f 1700/1700 1705/1705 1702/1702
f 1702/1702 1705/1705 1703/1703
f 1702/1702 1703/1703 1701/1701
f 1482/1482 1714/1714 1713/1713
f 1482/1482 1713/1713 1480/1480
f 1715/1715 1714/1714 1482/1482
f 1715/1715 1482/1482 1486/1486
f 1480/1480 1713/1713 1712/1712
f 1480/1480 1712/1712 1484/1484
f 1726/1726 1728/1728 1730/1730
f 1726/1726 1730/1730 1727/1727
f 1738/1738 1739/1739 1731/1731
f 1738/1738 1731/1731 1735/1735
f 1718/1718 1722/1722 1724/1724
f 1718/1718 1724/1724 1720/1720
f 1720/1720 1724/1724 1723/1723
f 1720/1720 1723/1723 1716/1716
f 1727/1727 1730/1730 1729/1729
f 1727/1727 1729/1729 1725/1725
f 1728/1728 1691/1691 1692/1692
f 1728/1728 1692/1692 1730/1730
f 1730/1730 1692/1692 1690/1690
f 1730/1730 1690/1690 1729/1729
f 1722/1722 1726/1726 1727/1727
f 1722/1722 1727/1727 1724/1724
f 1724/1724 1727/1727 1725/1725
f 1724/1724 1725/1725 1723/1723
f 1742/1742 1743/1743 1740/1740
f 1742/1742 1740/1740 1488/1488
f 1699/1699 1743/1743 1742/1742
f 1699/1699 1742/1742 1478/1478
f 1488/1488 1740/1740 1739/1739
f 1488/1488 1739/1739 1738/1738
f 1748/1748 1750/1750 1752/1752
f 1748/1748 1752/1752 1749/1749
f 1753/1753 1755/1755 1736/1736
f 1753/1753 1736/1736 1732/1732
f 1717/1717 1744/1744 1746/1746
f 1717/1717 1746/1746 1721/1721
f 1721/1721 1746/1746 1745/1745
f 1721/1721 1745/1745 1719/1719
f 1749/1749 1752/1752 1751/1751
f 1749/1749 1751/1751 1747/1747
f 1750/1750 1710/1710 1711/1711
f 1750/1750 1711/1711 1752/1752
f 1752/1752 1711/1711 1709/1709
f 1752/1752 1709/1709 1751/1751
f 1744/1744 1748/1748 1749/1749
f 1744/1744 1749/1749 1746/1746
f 1746/1746 1749/1749 1747/1747
f 1746/1746 1747/1747 1745/1745
f 1757/1757 1759/1759 1490/1490
f 1757/1757 1490/1490 1756/1756
f 1486/1486 1759/1759 1757/1757
f 1486/1486 1757/1757 1715/1715
f 1756/1756 1490/1490 1755/1755
f 1756/1756 1755/1755 1753/1753
f 1760/1760 1761/1761 1766/1766
f 1760/1760 1766/1766 1767/1767
f 1602/1602 1601/1601 1415/1415
f 1602/1602 1415/1415 1417/1417
f 1767/1767 1766/1766 1770/1770
f 1767/1767 1770/1770 1771/1771
f 1788/1788 1789/1789 1792/1792
f 1788/1788 1792/1792 1793/1793
f 1779/1779 1781/1781 1764/1764
f 1779/1779 1764/1764 1765/1765
f 1762/1762 1763/1763 1776/1776
f 1762/1762 1776/1776 1777/1777
f 1791/1791 1789/1789 1788/1788
f 1791/1791 1788/1788 1790/1790
f 1787/1787 1782/1782 1783/1783
f 1787/1787 1783/1783 1786/1786
f 1774/1774 1775/1775 1784/1784
f 1774/1774 1784/1784 1785/1785
f 1792/1792 1787/1787 1786/1786
f 1792/1792 1786/1786 1793/1793
f 1785/1785 1784/1784 1791/1791
f 1785/1785 1791/1791 1790/1790
f 1769/1769 1761/1761 1760/1760
f 1769/1769 1760/1760 1768/1768
f 1783/1783 1782/1782 1780/1780
f 1783/1783 1780/1780 1778/1778
f 1765/1765 1764/1764 1773/1773
f 1765/1765 1773/1773 1772/1772
f 1777/1777 1776/1776 1775/1775
f 1777/1777 1775/1775 1774/1774
f 1773/1773 1769/1769 1768/1768
f 1773/1773 1768/1768 1772/1772
f 1770/1770 1763/1763 1762/1762
f 1770/1770 1762/1762 1771/1771
f 1579/1579 1580/1580 1320/1320
f 1579/1579 1320/1320 1319/1319
f 1696/1696 1476/1476 1694/1694
f 1696/1696 1694/1694 1695/1695
f 1318/1318 1576/1576 1579/1579
f 1318/1318 1579/1579 1319/1319
f 1318/1318 1338/1338 1606/1606
f 1318/1318 1606/1606 1576/1576
f 1587/1587 1588/1588 1581/1581
f 1587/1587 1581/1581 1578/1578
f 1585/1585 1322/1322 1321/1321
f 1585/1585 1321/1321 1583/1583
f 1582/1582 1589/1589 1590/1590
f 1582/1582 1590/1590 1584/1584
f 1332/1332 1324/1324 1588/1588
f 1332/1332 1588/1588 1587/1587
f 1586/1586 1327/1327 1332/1332
f 1586/1586 1332/1332 1587/1587
f 1586/1586 1614/1614 1349/1349
f 1586/1586 1349/1349 1327/1327
f 1330/1330 1589/1589 1588/1588
f 1330/1330 1588/1588 1324/1324
f 1330/1330 1325/1325 1590/1590
f 1330/1330 1590/1590 1589/1589
f 1644/1644 1590/1590 1325/1325
f 1644/1644 1325/1325 1366/1366
f 1594/1594 1595/1595 1323/1323
f 1594/1594 1323/1323 1331/1331
f 1592/1592 1333/1333 1334/1334
f 1592/1592 1334/1334 1593/1593
f 1592/1592 1619/1619 1350/1350
f 1592/1592 1350/1350 1333/1333
f 1328/1328 1591/1591 1594/1594
f 1328/1328 1594/1594 1331/1331
f 1328/1328 1348/1348 1618/1618
f 1328/1328 1618/1618 1591/1591
f 1334/1334 1335/1335 1596/1596
f 1334/1334 1596/1596 1593/1593
f 1335/1335 1336/1336 1597/1597
f 1335/1335 1597/1597 1596/1596
f 1595/1595 1598/1598 1329/1329
f 1595/1595 1329/1329 1323/1323
f 1600/1600 1326/1326 1329/1329
f 1600/1600 1329/1329 1598/1598
f 1337/1337 1599/1599 1597/1597
f 1337/1337 1597/1597 1336/1336
f 1654/1654 1599/1599 1337/1337
f 1654/1654 1337/1337 1373/1373
f 1365/1365 1326/1326 1600/1600
f 1365/1365 1600/1600 1653/1653
f 1602/1602 1603/1603 1335/1335
f 1602/1602 1335/1335 1334/1334
f 1333/1333 1601/1601 1602/1602
f 1333/1333 1602/1602 1334/1334
f 1333/1333 1350/1350 1626/1626
f 1333/1333 1626/1626 1601/1601
f 1417/1417 1405/1405 1603/1603
f 1417/1417 1603/1603 1602/1602
f 1605/1605 1337/1337 1336/1336
f 1605/1605 1336/1336 1604/1604
f 1604/1604 1407/1407 1413/1413
f 1604/1604 1413/1413 1605/1605
f 1418/1418 1659/1659 1605/1605
f 1418/1418 1605/1605 1413/1413
f 1608/1608 1611/1611 1616/1616
f 1608/1608 1616/1616 1615/1615
f 1611/1611 1613/1613 1617/1617
f 1611/1611 1617/1617 1616/1616
f 1664/1664 1668/1668 1617/1617
f 1664/1664 1617/1617 1613/1613
f 1614/1614 1615/1615 1343/1343
f 1614/1614 1343/1343 1349/1349
f 1615/1615 1616/1616 1347/1347
f 1615/1615 1347/1347 1343/1343
f 1617/1617 1344/1344 1347/1347
f 1617/1617 1347/1347 1616/1616
f 1668/1668 1380/1380 1344/1344
f 1668/1668 1344/1344 1617/1617
f 1619/1619 1620/1620 1351/1351
f 1619/1619 1351/1351 1350/1350
f 1348/1348 1342/1342 1621/1621
f 1348/1348 1621/1621 1618/1618
f 1620/1620 1623/1623 1352/1352
f 1620/1620 1352/1352 1351/1351
f 1346/1346 1622/1622 1621/1621
f 1346/1346 1621/1621 1342/1342
f 1625/1625 1353/1353 1352/1352
f 1625/1625 1352/1352 1623/1623
f 1346/1346 1345/1345 1624/1624
f 1346/1346 1624/1624 1622/1622
f 1673/1673 1385/1385 1353/1353
f 1673/1673 1353/1353 1625/1625
f 1379/1379 1674/1674 1624/1624
f 1379/1379 1624/1624 1345/1345
f 1627/1627 1416/1416 1414/1414
f 1627/1627 1414/1414 1626/1626
f 1628/1628 1404/1404 1416/1416
f 1628/1628 1416/1416 1627/1627
f 1419/1419 1404/1404 1628/1628
f 1419/1419 1628/1628 1629/1629
f 1385/1385 1677/1677 1629/1629
f 1385/1385 1629/1629 1353/1353
f 1677/1677 1406/1406 1419/1419
f 1677/1677 1419/1419 1629/1629
f 1354/1354 1356/1356 1634/1634
f 1354/1354 1634/1634 1632/1632
f 1355/1355 1633/1633 1661/1661
f 1355/1355 1661/1661 1374/1374
f 1636/1636 1639/1639 1644/1644
f 1636/1636 1644/1644 1643/1643
f 1642/1642 1643/1643 1360/1360
f 1642/1642 1360/1360 1368/1368
f 1640/1640 1642/1642 1368/1368
f 1640/1640 1368/1368 1361/1361
f 1641/1641 1362/1362 1382/1382
f 1641/1641 1382/1382 1666/1666
f 1643/1643 1644/1644 1366/1366
f 1643/1643 1366/1366 1360/1360
f 1650/1650 1651/1651 1372/1372
f 1650/1650 1372/1372 1371/1371
f 1645/1645 1650/1650 1371/1371
f 1645/1645 1371/1371 1369/1369
f 1363/1363 1367/1367 1649/1649
f 1363/1363 1649/1649 1647/1647
f 1646/1646 1370/1370 1383/1383
f 1646/1646 1383/1383 1669/1669
f 1364/1364 1648/1648 1670/1670
f 1364/1364 1670/1670 1381/1381
f 1367/1367 1359/1359 1652/1652
f 1367/1367 1652/1652 1649/1649
f 1651/1651 1654/1654 1373/1373
f 1651/1651 1373/1373 1372/1372
f 1365/1365 1653/1653 1652/1652
f 1365/1365 1652/1652 1359/1359
f 1658/1658 1412/1412 1409/1409
f 1658/1658 1409/1409 1657/1657
f 1369/1369 1371/1371 1657/1657
f 1369/1369 1657/1657 1655/1655
f 1370/1370 1656/1656 1675/1675
f 1370/1370 1675/1675 1383/1383
f 1659/1659 1418/1418 1412/1412
f 1659/1659 1412/1412 1658/1658
f 1661/1661 1662/1662 1375/1375
f 1661/1661 1375/1375 1374/1374
f 1666/1666 1667/1667 1663/1663
f 1666/1666 1663/1663 1660/1660
f 1382/1382 1378/1378 1667/1667
f 1382/1382 1667/1667 1666/1666
f 1380/1380 1668/1668 1667/1667
f 1380/1380 1667/1667 1378/1378
f 1670/1670 1671/1671 1377/1377
f 1670/1670 1377/1377 1381/1381
f 1383/1383 1384/1384 1672/1672
f 1383/1383 1672/1672 1669/1669
f 1384/1384 1385/1385 1673/1673
f 1384/1384 1673/1673 1672/1672
f 1671/1671 1674/1674 1379/1379
f 1671/1671 1379/1379 1377/1377
f 1675/1675 1676/1676 1384/1384
f 1675/1675 1384/1384 1383/1383
f 1408/1408 1676/1676 1675/1675
f 1408/1408 1675/1675 1403/1403
f 1475/1475 1471/1471 1685/1685
f 1475/1475 1685/1685 1681/1681
f 1679/1679 1693/1693 1475/1475
f 1679/1679 1475/1475 1681/1681
f 1679/1679 1701/1701 1483/1483
f 1679/1679 1483/1483 1693/1693
f 1471/1471 1473/1473 1687/1687
f 1471/1471 1687/1687 1685/1685
f 1477/1477 1690/1690 1687/1687
f 1477/1477 1687/1687 1473/1473
f 1729/1729 1690/1690 1477/1477
f 1729/1729 1477/1477 1741/1741
f 1695/1695 1441/1441 1446/1446
f 1695/1695 1446/1446 1696/1696
f 1695/1695 1712/1712 1454/1454
f 1695/1695 1454/1454 1441/1441
f 1446/1446 1438/1438 1697/1697
f 1446/1446 1697/1697 1696/1696
f 1444/1444 1698/1698 1697/1697
f 1444/1444 1697/1697 1438/1438
f 1444/1444 1439/1439 1699/1699
f 1444/1444 1699/1699 1698/1698
f 1743/1743 1699/1699 1439/1439
f 1743/1743 1439/1439 1462/1462
f 1701/1701 1703/1703 1479/1479
f 1701/1701 1479/1479 1483/1483
f 1703/1703 1707/1707 1481/1481
f 1703/1703 1481/1481 1479/1479
f 1710/1710 1485/1485 1481/1481
f 1710/1710 1481/1481 1707/1707
f 1750/1750 1758/1758 1485/1485
f 1750/1750 1485/1485 1710/1710
f 1712/1712 1713/1713 1448/1448
f 1712/1712 1448/1448 1454/1454
f 1713/1713 1714/1714 1452/1452
f 1713/1713 1452/1452 1448/1448
f 1715/1715 1449/1449 1452/1452
f 1715/1715 1452/1452 1714/1714
f 1757/1757 1468/1468 1449/1449
f 1757/1757 1449/1449 1715/1715
f 1723/1723 1725/1725 1487/1487
f 1723/1723 1487/1487 1737/1737
f 1716/1716 1723/1723 1737/1737
f 1716/1716 1737/1737 1733/1733
f 1717/1717 1734/1734 1754/1754
f 1717/1717 1754/1754 1744/1744
f 1725/1725 1729/1729 1741/1741
f 1725/1725 1741/1741 1487/1487
f 1731/1731 1739/1739 1464/1464
f 1731/1731 1464/1464 1457/1457
f 1732/1732 1458/1458 1470/1470
f 1732/1732 1470/1470 1753/1753
f 1739/1739 1740/1740 1456/1456
f 1739/1739 1456/1456 1464/1464
f 1740/1740 1743/1743 1462/1462
f 1740/1740 1462/1462 1456/1456
f 1754/1754 1489/1489 1748/1748
f 1754/1754 1748/1748 1744/1744
f 1489/1489 1758/1758 1750/1750
f 1489/1489 1750/1750 1748/1748
f 1470/1470 1466/1466 1756/1756
f 1470/1470 1756/1756 1753/1753
f 1468/1468 1757/1757 1756/1756
f 1468/1468 1756/1756 1466/1466
f 1760/1760 1767/1767 1498/1498
f 1760/1760 1498/1498 1499/1499
f 1768/1768 1760/1760 1499/1499
f 1768/1768 1499/1499 1507/1507
f 1561/1561 1567/1567 1763/1763
f 1561/1561 1763/1763 1770/1770
f 1771/1771 1762/1762 1496/1496
f 1771/1771 1496/1496 1497/1497
f 1567/1567 1562/1562 1776/1776
f 1567/1567 1776/1776 1763/1763
f 1767/1767 1771/1771 1497/1497
f 1767/1767 1497/1497 1498/1498
f 1572/1572 1559/1559 1764/1764
f 1572/1572 1764/1764 1781/1781
f 1569/1569 1568/1568 1769/1769
f 1569/1569 1769/1769 1773/1773
f 1772/1772 1768/1768 1507/1507
f 1772/1772 1507/1507 1506/1506
f 1562/1562 1570/1570 1775/1775
f 1562/1562 1775/1775 1776/1776
f 1786/1786 1783/1783 1502/1502
f 1786/1786 1502/1502 1503/1503
f 1563/1563 1571/1571 1780/1780
f 1563/1563 1780/1780 1782/1782
f 1790/1790 1494/1494 1493/1493
f 1790/1790 1493/1493 1785/1785
f 1565/1565 1573/1573 1787/1787
f 1565/1565 1787/1787 1792/1792
f 1793/1793 1786/1786 1503/1503
f 1793/1793 1503/1503 1504/1504
f 1790/1790 1788/1788 1495/1495
f 1790/1790 1495/1495 1494/1494
f 1799/1799 1800/1800 1801/1801
f 1799/1799 1801/1801 1798/1798
f 1795/1795 1796/1796 1797/1797
f 1795/1795 1797/1797 1794/1794
f 1800/1800 1802/1802 1803/1803
f 1800/1800 1803/1803 1801/1801
f 1796/1796 1799/1799 1798/1798
f 1796/1796 1798/1798 1797/1797
f 1809/1809 1806/1806 1807/1807
f 1809/1809 1807/1807 1808/1808
f 1805/1805 1795/1795 1794/1794
f 1805/1805 1794/1794 1804/1804
f 1811/1811 1809/1809 1808/1808
f 1811/1811 1808/1808 1810/1810
f 1806/1806 1805/1805 1804/1804
f 1806/1806 1804/1804 1807/1807
f 1821/1821 1818/1818 1819/1819
f 1821/1821 1819/1819 1820/1820
f 1817/1817 1812/1812 1814/1814
f 1817/1817 1814/1814 1816/1816
f 1802/1802 1821/1821 1820/1820
f 1802/1802 1820/1820 1803/1803
f 1818/1818 1817/1817 1816/1816
f 1818/1818 1816/1816 1819/1819
f 1825/1825 1826/1826 1827/1827
f 1825/1825 1827/1827 1824/1824
f 1813/1813 1822/1822 1823/1823
f 1813/1813 1823/1823 1815/1815
f 1826/1826 1811/1811 1810/1810
f 1826/1826 1810/1810 1827/1827
f 1822/1822 1825/1825 1824/1824
f 1822/1822 1824/1824 1823/1823
f 1797/1797 1798/1798 1564/1564
f 1797/1797 1564/1564 1570/1570
f 1794/1794 1797/1797 1570/1570
f 1794/1794 1570/1570 1562/1562
f 1804/1804 1794/1794 1562/1562
f 1804/1804 1562/1562 1567/1567
f 1798/1798 1801/1801 1575/1575
f 1798/1798 1575/1575 1564/1564
f 1803/1803 1574/1574 1575/1575
f 1803/1803 1575/1575 1801/1801
f 1803/1803 1820/1820 1565/1565
f 1803/1803 1565/1565 1574/1574
f 1807/1807 1804/1804 1567/1567
f 1807/1807 1567/1567 1561/1561
f 1808/1808 1807/1807 1561/1561
f 1808/1808 1561/1561 1560/1560
f 1810/1810 1808/1808 1560/1560
f 1810/1810 1560/1560 1566/1566
f 1827/1827 1810/1810 1566/1566
f 1827/1827 1566/1566 1568/1568
f 1819/1819 1816/1816 1563/1563
f 1819/1819 1563/1563 1573/1573
f 1816/1816 1814/1814 1571/1571
f 1816/1816 1571/1571 1563/1563
f 1815/1815 1823/1823 1559/1559
f 1815/1815 1559/1559 1572/1572
f 1820/1820 1819/1819 1573/1573
f 1820/1820 1573/1573 1565/1565
f 1823/1823 1824/1824 1569/1569
f 1823/1823 1569/1569 1559/1559
f 1824/1824 1827/1827 1568/1568
f 1824/1824 1568/1568 1569/1569
f 1582/1582 1583/1583 1580/1580
f 1582/1582 1580/1580 1581/1581
f 1653/1653 1654/1654 1651/1651
f 1653/1653 1651/1651 1652/1652
f 1635/1635 1634/1634 1637/1637
f 1635/1635 1637/1637 1636/1636
f 1634/1634 1635/1635 1630/1630
f 1634/1634 1630/1630 1632/1632
f 1584/1584 1639/1639 1638/1638
f 1584/1584 1638/1638 1585/1585
f 1622/1622 1623/1623 1620/1620
f 1622/1622 1620/1620 1621/1621
f 1607/1607 1606/1606 1609/1609
f 1607/1607 1609/1609 1608/1608
f 1606/1606 1607/1607 1577/1577
f 1606/1606 1577/1577 1576/1576
f 1829/1829 1830/1830 1831/1831
f 1829/1829 1831/1831 1828/1828
f 1834/1834 1836/1836 1837/1837
f 1834/1834 1837/1837 1835/1835
f 1830/1830 1833/1833 1832/1832
f 1830/1830 1832/1832 1831/1831
f 1843/1843 1840/1840 1841/1841
f 1843/1843 1841/1841 1842/1842
f 1839/1839 1829/1829 1828/1828
f 1839/1839 1828/1828 1838/1838
f 1845/1845 1843/1843 1842/1842
f 1845/1845 1842/1842 1844/1844
f 1840/1840 1839/1839 1838/1838
f 1840/1840 1838/1838 1841/1841
f 1855/1855 1852/1852 1853/1853
f 1855/1855 1853/1853 1854/1854
f 1851/1851 1846/1846 1848/1848
f 1851/1851 1848/1848 1850/1850
f 1836/1836 1855/1855 1854/1854
f 1836/1836 1854/1854 1837/1837
f 1852/1852 1851/1851 1850/1850
f 1852/1852 1850/1850 1853/1853
f 1859/1859 1860/1860 1861/1861
f 1859/1859 1861/1861 1858/1858
f 1847/1847 1856/1856 1857/1857
f 1847/1847 1857/1857 1849/1849
f 1860/1860 1845/1845 1844/1844
f 1860/1860 1844/1844 1861/1861
f 1856/1856 1859/1859 1858/1858
f 1856/1856 1858/1858 1857/1857
f 1831/1831 1832/1832 1799/1799
f 1831/1831 1799/1799 1796/1796
f 1828/1828 1831/1831 1796/1796
f 1828/1828 1796/1796 1795/1795
f 1829/1829 1839/1839 1700/1700
f 1829/1829 1700/1700 1678/1678
f 1829/1829 1678/1678 1682/1682
f 1829/1829 1682/1682 1830/1830
f 1838/1838 1828/1828 1795/1795
f 1838/1838 1795/1795 1805/1805
f 1682/1682 1684/1684 1833/1833
f 1682/1682 1833/1833 1830/1830
f 1832/1832 1835/1835 1800/1800
f 1832/1832 1800/1800 1799/1799
f 1684/1684 1688/1688 1834/1834
f 1684/1684 1834/1834 1833/1833
f 1837/1837 1802/1802 1800/1800
f 1837/1837 1800/1800 1835/1835
f 1691/1691 1836/1836 1834/1834
f 1691/1691 1834/1834 1688/1688
f 1837/1837 1854/1854 1821/1821
f 1837/1837 1821/1821 1802/1802
f 1855/1855 1836/1836 1691/1691
f 1855/1855 1691/1691 1728/1728
f 1839/1839 1840/1840 1704/1704
f 1839/1839 1704/1704 1700/1700
f 1841/1841 1838/1838 1805/1805
f 1841/1841 1805/1805 1806/1806
f 1842/1842 1841/1841 1806/1806
f 1842/1842 1806/1806 1809/1809
f 1840/1840 1843/1843 1706/1706
f 1840/1840 1706/1706 1704/1704
f 1845/1845 1709/1709 1706/1706
f 1845/1845 1706/1706 1843/1843
f 1844/1844 1842/1842 1809/1809
f 1844/1844 1809/1809 1811/1811
f 1860/1860 1751/1751 1709/1709
f 1860/1860 1709/1709 1845/1845
f 1861/1861 1844/1844 1811/1811
f 1861/1861 1811/1811 1826/1826
f 1851/1851 1852/1852 1726/1726
f 1851/1851 1726/1726 1722/1722
f 1850/1850 1848/1848 1812/1812
f 1850/1850 1812/1812 1817/1817
f 1846/1846 1851/1851 1722/1722
f 1846/1846 1722/1722 1718/1718
f 1849/1849 1857/1857 1822/1822
f 1849/1849 1822/1822 1813/1813
f 1847/1847 1719/1719 1745/1745
f 1847/1847 1745/1745 1856/1856
f 1853/1853 1850/1850 1817/1817
f 1853/1853 1817/1817 1818/1818
f 1854/1854 1853/1853 1818/1818
f 1854/1854 1818/1818 1821/1821
f 1852/1852 1855/1855 1728/1728
f 1852/1852 1728/1728 1726/1726
f 1857/1857 1858/1858 1825/1825
f 1857/1857 1825/1825 1822/1822
f 1745/1745 1747/1747 1859/1859
f 1745/1745 1859/1859 1856/1856
f 1858/1858 1861/1861 1826/1826
f 1858/1858 1826/1826 1825/1825
f 1747/1747 1751/1751 1860/1860
f 1747/1747 1860/1860 1859/1859
f 1868/1868 1874/1874 1873/1873
f 1868/1868 1873/1873 1867/1867
f 1777/1777 1774/1774 1492/1492
f 1777/1777 1492/1492 1491/1491
f 1577/1577 1586/1586 1587/1587
f 1577/1577 1587/1587 1578/1578
f 1871/1871 1876/1876 1875/1875
f 1871/1871 1875/1875 1872/1872
f 1874/1874 1869/1869 1870/1870
f 1874/1874 1870/1870 1873/1873
f 1887/1887 1886/1886 1890/1890
f 1887/1887 1890/1890 1891/1891
f 1876/1876 1868/1868 1867/1867
f 1876/1876 1867/1867 1875/1875
f 1871/1871 1872/1872 1892/1892
f 1871/1871 1892/1892 1893/1893
f 1890/1890 1889/1889 1888/1888
f 1890/1890 1888/1888 1891/1891
f 1904/1904 1903/1903 1909/1909
f 1904/1904 1909/1909 1910/1910
f 1892/1892 1886/1886 1887/1887
f 1892/1892 1887/1887 1893/1893
f 1905/1905 1907/1907 1911/1911
f 1905/1905 1911/1911 1912/1912
f 1909/1909 1870/1870 1869/1869
f 1909/1909 1869/1869 1910/1910
f 1922/1922 1924/1924 1923/1923
f 1922/1922 1923/1923 1921/1921
f 1911/1911 1903/1903 1904/1904
f 1911/1911 1904/1904 1912/1912
f 1906/1906 1926/1926 1925/1925
f 1906/1906 1925/1925 1908/1908
f 1924/1924 1888/1888 1889/1889
f 1924/1924 1889/1889 1923/1923
f 1938/1938 1963/1963 1948/1948
f 1938/1938 1948/1948 1937/1937
f 1926/1926 1922/1922 1921/1921
f 1926/1926 1921/1921 1925/1925
f 1957/1957 1934/1934 1933/1933
f 1957/1957 1933/1933 1951/1951
f 1931/1931 1961/1961 1949/1949
f 1931/1931 1949/1949 1932/1932
f 1945/1945 1952/1952 1950/1950
f 1945/1945 1950/1950 1946/1946
f 1942/1942 1943/1943 1962/1962
f 1942/1942 1962/1962 1956/1956
f 1963/1963 1938/1938 1946/1946
f 1963/1963 1946/1946 1950/1950
f 1962/1962 1943/1943 1934/1934
f 1962/1962 1934/1934 1957/1957
f 1954/1954 1939/1939 1941/1941
f 1954/1954 1941/1941 1953/1953
f 1941/1941 1942/1942 1956/1956
f 1941/1941 1956/1956 1953/1953
f 1951/1951 1933/1933 1932/1932
f 1951/1951 1932/1932 1949/1949
f 1959/1959 1930/1930 1935/1935
f 1959/1959 1935/1935 1958/1958
f 1936/1936 1937/1937 1948/1948
f 1936/1936 1948/1948 1960/1960
f 1935/1935 1936/1936 1960/1960
f 1935/1935 1960/1960 1958/1958
f 1961/1961 1931/1931 1930/1930
f 1961/1961 1930/1930 1959/1959
f 1942/1942 1976/1976 1977/1977
f 1942/1942 1977/1977 1943/1943
f 1947/1947 1944/1944 1940/1940
f 1947/1947 1940/1940 1955/1955
f 1952/1952 1945/1945 1944/1944
f 1952/1952 1944/1944 1947/1947
f 1965/1965 1931/1931 1932/1932
f 1965/1965 1932/1932 1966/1966
f 1941/1941 1975/1975 1976/1976
f 1941/1941 1976/1976 1942/1942
f 1934/1934 1968/1968 1967/1967
f 1934/1934 1967/1967 1933/1933
f 1968/1968 1934/1934 1943/1943
f 1968/1968 1943/1943 1977/1977
f 1970/1970 1971/1971 1937/1937
f 1970/1970 1937/1937 1936/1936
f 1930/1930 1964/1964 1969/1969
f 1930/1930 1969/1969 1935/1935
f 1944/1944 1978/1978 1974/1974
f 1944/1944 1974/1974 1940/1940
f 1946/1946 1980/1980 1979/1979
f 1946/1946 1979/1979 1945/1945
f 1937/1937 1971/1971 1972/1972
f 1937/1937 1972/1972 1938/1938
f 1972/1972 1980/1980 1946/1946
f 1972/1972 1946/1946 1938/1938
f 1969/1969 1970/1970 1936/1936
f 1969/1969 1936/1936 1935/1935
f 1945/1945 1979/1979 1978/1978
f 1945/1945 1978/1978 1944/1944
f 1933/1933 1967/1967 1966/1966
f 1933/1933 1966/1966 1932/1932
f 1931/1931 1965/1965 1964/1964
f 1931/1931 1964/1964 1930/1930
f 1939/1939 1973/1973 1975/1975
f 1939/1939 1975/1975 1941/1941
f 1981/1981 1984/1984 1443/1443
f 1981/1981 1443/1443 1437/1437
f 1983/1983 1985/1985 1445/1445
f 1983/1983 1445/1445 1442/1442
f 1984/1984 1982/1982 1440/1440
f 1984/1984 1440/1440 1443/1443
f 1986/1986 1447/1447 1451/1451
f 1986/1986 1451/1451 1988/1988
f 1985/1985 1981/1981 1437/1437
f 1985/1985 1437/1437 1445/1445
f 1983/1983 1442/1442 1453/1453
f 1983/1983 1453/1453 1989/1989
f 1451/1451 1450/1450 1987/1987
f 1451/1451 1987/1987 1988/1988
f 1990/1990 1455/1455 1461/1461
f 1990/1990 1461/1461 1993/1993
f 1453/1453 1447/1447 1986/1986
f 1453/1453 1986/1986 1989/1989
f 1991/1991 1459/1459 1463/1463
f 1991/1991 1463/1463 1994/1994
f 1461/1461 1440/1440 1982/1982
f 1461/1461 1982/1982 1993/1993
f 1995/1995 1996/1996 1467/1467
f 1995/1995 1467/1467 1465/1465
f 1463/1463 1455/1455 1990/1990
f 1463/1463 1990/1990 1994/1994
f 1992/1992 1997/1997 1469/1469
f 1992/1992 1469/1469 1460/1460
f 1996/1996 1987/1987 1450/1450
f 1996/1996 1450/1450 1467/1467
f 2081/2081 2018/2018 2017/2017
f 2081/2081 2017/2017 2078/2078
f 1997/1997 1995/1995 1465/1465
f 1997/1997 1465/1465 1469/1469
f 2096/2096 2314/2314 2309/2309
f 2096/2096 2309/2309 2086/2086
f 2319/2319 2088/2088 2097/2097
f 2319/2319 2097/2097 2316/2316
f 2098/2098 2318/2318 2316/2316
f 2098/2098 2316/2316 2097/2097
f 2289/2289 2019/2019 2014/2014
f 2289/2289 2014/2014 2304/2304
f 2306/2306 2024/2024 2028/2028
f 2306/2306 2028/2028 2292/2292
f 2297/2297 2084/2084 2083/2083
f 2297/2297 2083/2083 2293/2293
f 2015/2015 2016/2016 2312/2312
f 2015/2015 2312/2312 2301/2301
f 2091/2091 2296/2296 2288/2288
f 2091/2091 2288/2288 2089/2089
f 2288/2288 2293/2293 2083/2083
f 2288/2288 2083/2083 2089/2089
f 2028/2028 2029/2029 2299/2299
f 2028/2028 2299/2299 2292/2292
f 2300/2300 2092/2092 2082/2082
f 2300/2300 2082/2082 2291/2291
f 2310/2310 2025/2025 2023/2023
f 2310/2310 2023/2023 2305/2305
f 2318/2318 2098/2098 2087/2087
f 2318/2318 2087/2087 2311/2311
f 2315/2315 2018/2018 2027/2027
f 2315/2315 2027/2027 2320/2320
f 2311/2311 2087/2087 2093/2093
f 2311/2311 2093/2093 2302/2302
f 2049/2049 1965/1965 1966/1966
f 2049/2049 1966/1966 2050/2050
f 2032/2032 2033/2033 2076/2076
f 2032/2032 2076/2076 2080/2080
f 2079/2079 2025/2025 2026/2026
f 2079/2079 2026/2026 2075/2075
f 2015/2015 2080/2080 2076/2076
f 2015/2015 2076/2076 2016/2016
f 2075/2075 2043/2043 2042/2042
f 2075/2075 2042/2042 2079/2079
f 2069/2069 2020/2020 2021/2021
f 2069/2069 2021/2021 2066/2066
f 2073/2073 2036/2036 2031/2031
f 2073/2073 2031/2031 2074/2074
f 2071/2071 2041/2041 2045/2045
f 2071/2071 2045/2045 2072/2072
f 2027/2027 2077/2077 2075/2075
f 2027/2027 2075/2075 2026/2026
f 2039/2039 2038/2038 2066/2066
f 2039/2039 2066/2066 2067/2067
f 2067/2067 2022/2022 2030/2030
f 2067/2067 2030/2030 2065/2065
f 2022/2022 2067/2067 2066/2066
f 2022/2022 2066/2066 2021/2021
f 2065/2065 2047/2047 2039/2039
f 2065/2065 2039/2039 2067/2067
f 2039/2039 2056/2056 2055/2055
f 2039/2039 2055/2055 2038/2038
f 2074/2074 2031/2031 2032/2032
f 2074/2074 2032/2032 2080/2080
f 2079/2079 2042/2042 2040/2040
f 2079/2079 2040/2040 2070/2070
f 2056/2056 2039/2039 2047/2047
f 2056/2056 2047/2047 2064/2064
f 2031/2031 2048/2048 2049/2049
f 2031/2031 2049/2049 2032/2032
f 2050/2050 2051/2051 2034/2034
f 2050/2050 2034/2034 2033/2033
f 2042/2042 2059/2059 2057/2057
f 2042/2042 2057/2057 2040/2040
f 2044/2044 2061/2061 2060/2060
f 2044/2044 2060/2060 2043/2043
f 2034/2034 2051/2051 2052/2052
f 2034/2034 2052/2052 2035/2035
f 2052/2052 2061/2061 2044/2044
f 2052/2052 2044/2044 2035/2035
f 2049/2049 2050/2050 2033/2033
f 2049/2049 2033/2033 2032/2032
f 2043/2043 2060/2060 2059/2059
f 2043/2043 2059/2059 2042/2042
f 2038/2038 2055/2055 2054/2054
f 2038/2038 2054/2054 2037/2037
f 2036/2036 2053/2053 2048/2048
f 2036/2036 2048/2048 2031/2031
f 2041/2041 2058/2058 2062/2062
f 2041/2041 2062/2062 2045/2045
f 2063/2063 2064/2064 2047/2047
f 2063/2063 2047/2047 2046/2046
f 2037/2037 2054/2054 2053/2053
f 2037/2037 2053/2053 2036/2036
f 2062/2062 2063/2063 2046/2046
f 2062/2062 2046/2046 2045/2045
f 2028/2028 2072/2072 2068/2068
f 2028/2028 2068/2068 2029/2029
f 1975/1975 2059/2059 2060/2060
f 1975/1975 2060/2060 1976/1976
f 1968/1968 2052/2052 2051/2051
f 1968/1968 2051/2051 1967/1967
f 2052/2052 1968/1968 1977/1977
f 2052/2052 1977/1977 2061/2061
f 2054/2054 2055/2055 1971/1971
f 2054/2054 1971/1971 1970/1970
f 1964/1964 2048/2048 2053/2053
f 1964/1964 2053/2053 1969/1969
f 1978/1978 2062/2062 2058/2058
f 1978/1978 2058/2058 1974/1974
f 1980/1980 2064/2064 2063/2063
f 1980/1980 2063/2063 1979/1979
f 1971/1971 2055/2055 2056/2056
f 1971/1971 2056/2056 1972/1972
f 2056/2056 2064/2064 1980/1980
f 2056/2056 1980/1980 1972/1972
f 2053/2053 2054/2054 1970/1970
f 2053/2053 1970/1970 1969/1969
f 1979/1979 2063/2063 2062/2062
f 1979/1979 2062/2062 1978/1978
f 1967/1967 2051/2051 2050/2050
f 1967/1967 2050/2050 1966/1966
f 1965/1965 2049/2049 2048/2048
f 1965/1965 2048/2048 1964/1964
f 1973/1973 2057/2057 2059/2059
f 1973/1973 2059/2059 1975/1975
f 2060/2060 2061/2061 1977/1977
f 2060/2060 1977/1977 1976/1976
f 2120/2120 2119/2119 2118/2118
f 2120/2120 2118/2118 2121/2121
f 2076/2076 2033/2033 2034/2034
f 2076/2076 2034/2034 2078/2078
f 2043/2043 2075/2075 2077/2077
f 2043/2043 2077/2077 2044/2044
f 2025/2025 2079/2079 2070/2070
f 2025/2025 2070/2070 2023/2023
f 2073/2073 2019/2019 2020/2020
f 2073/2073 2020/2020 2069/2069
f 2014/2014 2074/2074 2080/2080
f 2014/2014 2080/2080 2015/2015
f 2029/2029 2068/2068 2065/2065
f 2029/2029 2065/2065 2030/2030
f 2069/2069 2037/2037 2036/2036
f 2069/2069 2036/2036 2073/2073
f 2045/2045 2046/2046 2068/2068
f 2045/2045 2068/2068 2072/2072
f 2066/2066 2038/2038 2037/2037
f 2066/2066 2037/2037 2069/2069
f 2046/2046 2047/2047 2065/2065
f 2046/2046 2065/2065 2068/2068
f 2024/2024 2071/2071 2072/2072
f 2024/2024 2072/2072 2028/2028
f 2019/2019 2073/2073 2074/2074
f 2019/2019 2074/2074 2014/2014
f 2078/2078 2034/2034 2035/2035
f 2078/2078 2035/2035 2081/2081
f 2035/2035 2044/2044 2077/2077
f 2035/2035 2077/2077 2081/2081
f 2078/2078 2017/2017 2016/2016
f 2078/2078 2016/2016 2076/2076
f 2018/2018 2081/2081 2077/2077
f 2018/2018 2077/2077 2027/2027
f 2101/2101 2100/2100 2099/2099
f 2101/2101 2099/2099 2102/2102
f 2107/2107 2105/2105 2106/2106
f 2107/2107 2106/2106 2108/2108
f 2104/2104 2101/2101 2102/2102
f 2104/2104 2102/2102 2103/2103
f 2135/2135 2133/2133 2134/2134
f 2135/2135 2134/2134 2136/2136
f 2162/2162 2167/2167 2113/2113
f 2162/2162 2113/2113 2107/2107
f 2104/2104 2105/2105 2112/2112
f 2104/2104 2112/2112 2111/2111
f 1864/1864 1865/1865 2106/2106
f 1864/1864 2106/2106 2103/2103
f 2100/2100 2109/2109 2137/2137
f 2100/2100 2137/2137 2130/2130
f 2132/2132 2133/2133 1884/1884
f 2132/2132 1884/1884 1883/1883
f 2122/2122 2120/2120 2121/2121
f 2122/2122 2121/2121 2123/2123
f 2119/2119 2116/2116 2117/2117
f 2119/2119 2117/2117 2118/2118
f 2132/2132 2131/2131 2134/2134
f 2132/2132 2134/2134 2133/2133
f 2141/2141 2114/2114 2115/2115
f 2141/2141 2115/2115 2142/2142
f 1917/1917 2182/2182 2128/2128
f 1917/1917 2128/2128 1881/1881
f 2126/2126 2127/2127 1951/1951
f 2126/2126 1951/1951 1949/1949
f 1879/1879 1880/1880 2127/2127
f 1879/1879 2127/2127 2126/2126
f 2149/2149 2124/2124 1959/1959
f 2149/2149 1959/1959 1958/1958
f 2150/2150 2151/2151 1896/1896
f 2150/2150 1896/1896 1895/1895
f 2135/2135 1885/1885 1884/1884
f 2135/2135 1884/1884 2133/2133
f 2129/2129 2132/2132 1883/1883
f 2129/2129 1883/1883 1882/1882
f 2153/2153 2163/2163 2165/2165
f 2153/2153 2165/2165 2158/2158
f 2160/2160 2161/2161 1902/1902
f 2160/2160 1902/1902 1901/1901
f 2147/2147 2145/2145 2146/2146
f 2147/2147 2146/2146 2148/2148
f 2144/2144 2141/2141 2142/2142
f 2144/2144 2142/2142 2143/2143
f 2160/2160 2159/2159 2162/2162
f 2160/2160 2162/2162 2161/2161
f 2172/2172 2170/2170 2168/2168
f 2172/2172 2168/2168 2173/2173
f 2152/2152 1897/1897 1896/1896
f 2152/2152 1896/1896 2151/2151
f 2149/2149 2150/2150 1895/1895
f 2149/2149 1895/1895 1894/1894
f 2180/2180 2178/2178 1954/1954
f 2180/2180 1954/1954 1953/1953
f 2181/2181 2182/2182 1917/1917
f 2181/2181 1917/1917 1916/1916
f 1902/1902 2161/2161 2108/2108
f 1902/1902 2108/2108 1866/1866
f 2157/2157 2160/2160 1901/1901
f 2157/2157 1901/1901 1900/1900
f 2154/2154 2183/2183 2189/2189
f 2154/2154 2189/2189 2164/2164
f 1919/1919 1920/1920 2188/2188
f 1919/1919 2188/2188 2185/2185
f 2123/2123 2176/2176 2177/2177
f 2123/2123 2177/2177 2122/2122
f 2175/2175 2172/2172 2173/2173
f 2175/2175 2173/2173 2174/2174
f 2196/2196 2195/2195 2194/2194
f 2196/2196 2194/2194 2197/2197
f 2192/2192 2169/2169 2171/2171
f 2192/2192 2171/2171 2193/2193
f 2137/2137 2138/2138 2131/2131
f 2137/2137 2131/2131 2130/2130
f 2180/2180 2181/2181 1916/1916
f 2180/2180 1916/1916 1915/1915
f 2179/2179 2198/2198 1947/1947
f 2179/2179 1947/1947 1955/1955
f 1928/1928 1929/1929 2200/2200
f 1928/1928 2200/2200 2199/2199
f 2187/2187 2186/2186 2185/2185
f 2187/2187 2185/2185 2188/2188
f 2183/2183 2154/2154 2156/2156
f 2183/2183 2156/2156 2184/2184
f 2136/2136 2187/2187 2188/2188
f 2136/2136 2188/2188 2135/2135
f 2186/2186 2183/2183 2184/2184
f 2186/2186 2184/2184 2185/2185
f 2359/2359 2362/2362 2361/2361
f 2359/2359 2361/2361 2360/2360
f 1920/1920 1885/1885 2135/2135
f 1920/1920 2135/2135 2188/2188
f 2186/2186 2187/2187 2191/2191
f 2186/2186 2191/2191 2190/2190
f 2148/2148 2196/2196 2197/2197
f 2148/2148 2197/2197 2147/2147
f 2195/2195 2192/2192 2193/2193
f 2195/2195 2193/2193 2194/2194
f 2209/2209 2212/2212 2210/2210
f 2209/2209 2210/2210 2208/2208
f 2165/2165 2166/2166 2159/2159
f 2165/2165 2159/2159 2158/2158
f 2199/2199 2200/2200 1950/1950
f 2199/2199 1950/1950 1952/1952
f 2116/2116 2115/2115 2114/2114
f 2116/2116 2114/2114 2117/2117
f 2202/2202 2203/2203 2206/2206
f 2202/2202 2206/2206 2204/2204
f 2203/2203 2201/2201 2205/2205
f 2203/2203 2205/2205 2206/2206
f 2207/2207 2211/2211 2212/2212
f 2207/2207 2212/2212 2209/2209
f 2210/2210 2212/2212 2215/2215
f 2210/2210 2215/2215 2213/2213
f 2212/2212 2211/2211 2214/2214
f 2212/2212 2214/2214 2215/2215
f 2206/2206 2209/2209 2208/2208
f 2206/2206 2208/2208 2204/2204
f 2205/2205 2207/2207 2209/2209
f 2205/2205 2209/2209 2206/2206
f 2225/2225 2224/2224 2222/2222
f 2225/2225 2222/2222 2226/2226
f 2228/2228 2225/2225 2226/2226
f 2228/2228 2226/2226 2229/2229
f 2224/2224 2219/2219 2220/2220
f 2224/2224 2220/2220 2222/2222
f 2236/2236 2239/2239 2237/2237
f 2236/2236 2237/2237 2235/2235
f 2243/2243 2216/2216 2218/2218
f 2243/2243 2218/2218 2245/2245
f 2201/2201 2203/2203 2233/2233
f 2201/2201 2233/2233 2231/2231
f 2203/2203 2202/2202 2232/2232
f 2203/2203 2232/2232 2233/2233
f 2234/2234 2238/2238 2239/2239
f 2234/2234 2239/2239 2236/2236
f 2237/2237 2239/2239 2242/2242
f 2237/2237 2242/2242 2240/2240
f 2239/2239 2238/2238 2241/2241
f 2239/2239 2241/2241 2242/2242
f 2233/2233 2236/2236 2235/2235
f 2233/2233 2235/2235 2231/2231
f 2232/2232 2234/2234 2236/2236
f 2232/2232 2236/2236 2233/2233
f 2000/2000 1998/1998 2246/2246
f 2000/2000 2246/2246 2247/2247
f 2002/2002 2000/2000 2247/2247
f 2002/2002 2247/2247 2248/2248
f 1998/1998 2243/2243 2245/2245
f 1998/1998 2245/2245 2246/2246
f 2260/2260 2263/2263 2261/2261
f 2260/2260 2261/2261 2259/2259
f 2266/2266 2004/2004 2264/2264
f 2266/2266 2264/2264 2268/2268
f 2251/2251 2253/2253 2257/2257
f 2251/2251 2257/2257 2255/2255
f 2253/2253 2249/2249 2256/2256
f 2253/2253 2256/2256 2257/2257
f 2258/2258 2262/2262 2263/2263
f 2258/2258 2263/2263 2260/2260
f 2261/2261 2263/2263 2215/2215
f 2261/2261 2215/2215 2214/2214
f 2263/2263 2262/2262 2213/2213
f 2263/2263 2213/2213 2215/2215
f 2257/2257 2260/2260 2259/2259
f 2257/2257 2259/2259 2255/2255
f 2256/2256 2258/2258 2260/2260
f 2256/2256 2260/2260 2257/2257
f 2272/2272 2270/2270 2269/2269
f 2272/2272 2269/2269 2274/2274
f 2229/2229 2272/2272 2274/2274
f 2229/2229 2274/2274 2228/2228
f 2270/2270 2266/2266 2268/2268
f 2270/2270 2268/2268 2269/2269
f 2280/2280 2283/2283 2281/2281
f 2280/2280 2281/2281 2279/2279
f 2284/2284 2265/2265 2005/2005
f 2284/2284 2005/2005 2012/2012
f 2250/2250 2254/2254 2277/2277
f 2250/2250 2277/2277 2275/2275
f 2254/2254 2252/2252 2276/2276
f 2254/2254 2276/2276 2277/2277
f 2278/2278 2282/2282 2283/2283
f 2278/2278 2283/2283 2280/2280
f 2281/2281 2283/2283 2242/2242
f 2281/2281 2242/2242 2241/2241
f 2283/2283 2282/2282 2240/2240
f 2283/2283 2240/2240 2242/2242
f 2277/2277 2280/2280 2279/2279
f 2277/2277 2279/2279 2275/2275
f 2276/2276 2278/2278 2280/2280
f 2276/2276 2280/2280 2277/2277
f 2286/2286 2285/2285 2008/2008
f 2286/2286 2008/2008 2010/2010
f 2248/2248 2286/2286 2010/2010
f 2248/2248 2010/2010 2002/2002
f 2285/2285 2284/2284 2012/2012
f 2285/2285 2012/2012 2008/2008
f 2287/2287 2294/2294 2293/2293
f 2287/2287 2293/2293 2288/2288
f 2125/2125 1961/1961 1959/1959
f 2125/2125 1959/1959 2124/2124
f 2294/2294 2298/2298 2297/2297
f 2294/2294 2297/2297 2293/2293
f 2315/2315 2320/2320 2319/2319
f 2315/2315 2319/2319 2316/2316
f 2306/2306 2292/2292 2291/2291
f 2306/2306 2291/2291 2308/2308
f 2289/2289 2304/2304 2303/2303
f 2289/2289 2303/2303 2290/2290
f 2317/2317 2315/2315 2316/2316
f 2317/2317 2316/2316 2318/2318
f 2313/2313 2310/2310 2309/2309
f 2313/2313 2309/2309 2314/2314
f 2301/2301 2312/2312 2311/2311
f 2301/2301 2311/2311 2302/2302
f 2320/2320 2313/2313 2314/2314
f 2320/2320 2314/2314 2319/2319
f 2312/2312 2317/2317 2318/2318
f 2312/2312 2318/2318 2311/2311
f 2295/2295 2287/2287 2288/2288
f 2295/2295 2288/2288 2296/2296
f 2310/2310 2305/2305 2307/2307
f 2310/2310 2307/2307 2309/2309
f 2292/2292 2299/2299 2300/2300
f 2292/2292 2300/2300 2291/2291
f 2304/2304 2301/2301 2302/2302
f 2304/2304 2302/2302 2303/2303
f 2299/2299 2295/2295 2296/2296
f 2299/2299 2296/2296 2300/2300
f 2298/2298 2289/2289 2290/2290
f 2298/2298 2290/2290 2297/2297
f 1863/1863 1864/1864 2103/2103
f 1863/1863 2103/2103 2102/2102
f 2219/2219 2218/2218 2216/2216
f 2219/2219 2216/2216 2220/2220
f 1862/1862 1863/1863 2102/2102
f 1862/1862 2102/2102 2099/2099
f 1862/1862 2099/2099 2129/2129
f 1862/1862 2129/2129 1882/1882
f 2101/2101 2104/2104 2111/2111
f 2101/2101 2111/2111 2110/2110
f 1866/1866 2108/2108 2106/2106
f 1866/1866 2106/2106 1865/1865
f 2105/2105 2107/2107 2113/2113
f 2105/2105 2113/2113 2112/2112
f 2110/2110 2111/2111 1868/1868
f 2110/2110 1868/1868 1876/1876
f 2109/2109 2110/2110 1876/1876
f 2109/2109 1876/1876 1871/1871
f 2109/2109 1871/1871 1893/1893
f 2109/2109 1893/1893 2137/2137
f 2111/2111 2112/2112 1874/1874
f 2111/2111 1874/1874 1868/1868
f 2113/2113 1869/1869 1874/1874
f 2113/2113 1874/1874 2112/2112
f 2167/2167 1910/1910 1869/1869
f 2167/2167 1869/1869 2113/2113
f 1875/1875 1867/1867 2118/2118
f 1875/1875 2118/2118 2117/2117
f 2115/2115 2116/2116 1878/1878
f 2115/2115 1878/1878 1877/1877
f 2115/2115 1877/1877 1894/1894
f 2115/2115 1894/1894 2142/2142
f 1872/1872 1875/1875 2117/2117
f 1872/1872 2117/2117 2114/2114
f 1872/1872 2114/2114 2141/2141
f 1872/1872 2141/2141 1892/1892
f 2116/2116 2119/2119 1879/1879
f 2116/2116 1879/1879 1878/1878
f 2119/2119 2120/2120 1880/1880
f 2119/2119 1880/1880 1879/1879
f 1873/1873 2121/2121 2118/2118
f 1873/1873 2118/2118 1867/1867
f 1873/1873 1870/1870 2123/2123
f 1873/1873 2123/2123 2121/2121
f 2122/2122 1881/1881 1880/1880
f 2122/2122 1880/1880 2120/2120
f 2177/2177 1917/1917 1881/1881
f 2177/2177 1881/1881 2122/2122
f 1909/1909 2176/2176 2123/2123
f 1909/1909 2123/2123 1870/1870
f 1878/1878 1879/1879 2126/2126
f 1878/1878 2126/2126 2125/2125
f 1877/1877 1878/1878 2125/2125
f 1877/1877 2125/2125 2124/2124
f 1877/1877 2124/2124 2149/2149
f 1877/1877 2149/2149 1894/1894
f 2125/2125 2126/2126 1949/1949
f 2125/2125 1949/1949 1961/1961
f 1881/1881 2128/2128 2127/2127
f 1881/1881 2127/2127 1880/1880
f 2127/2127 2128/2128 1957/1957
f 2127/2127 1957/1957 1951/1951
f 2128/2128 2182/2182 1962/1962
f 2128/2128 1962/1962 1957/1957
f 2138/2138 2139/2139 2134/2134
f 2138/2138 2134/2134 2131/2131
f 2134/2134 2139/2139 2140/2140
f 2134/2134 2140/2140 2136/2136
f 2187/2187 2136/2136 2140/2140
f 2187/2187 2140/2140 2191/2191
f 1893/1893 1887/1887 2138/2138
f 1893/1893 2138/2138 2137/2137
f 1891/1891 2139/2139 2138/2138
f 1891/1891 2138/2138 1887/1887
f 1891/1891 1888/1888 2140/2140
f 1891/1891 2140/2140 2139/2139
f 2191/2191 2140/2140 1888/1888
f 2191/2191 1888/1888 1924/1924
f 1894/1894 1895/1895 2143/2143
f 1894/1894 2143/2143 2142/2142
f 2141/2141 2144/2144 1886/1886
f 2141/2141 1886/1886 1892/1892
f 1895/1895 1896/1896 2146/2146
f 1895/1895 2146/2146 2143/2143
f 2144/2144 2145/2145 1890/1890
f 2144/2144 1890/1890 1886/1886
f 1897/1897 2148/2148 2146/2146
f 1897/1897 2146/2146 1896/1896
f 2147/2147 1889/1889 1890/1890
f 2147/2147 1890/1890 2145/2145
f 2196/2196 2148/2148 1897/1897
f 2196/2196 1897/1897 1929/1929
f 1923/1923 1889/1889 2147/2147
f 1923/1923 2147/2147 2197/2197
f 2150/2150 2149/2149 1958/1958
f 2150/2150 1958/1958 1960/1960
f 2151/2151 2150/2150 1960/1960
f 2151/2151 1960/1960 1948/1948
f 2152/2152 2151/2151 1948/1948
f 2152/2152 1948/1948 1963/1963
f 1929/1929 1897/1897 2152/2152
f 1929/1929 2152/2152 2200/2200
f 2200/2200 2152/2152 1963/1963
f 2200/2200 1963/1963 1950/1950
f 1898/1898 2155/2155 2157/2157
f 1898/1898 2157/2157 1900/1900
f 1899/1899 1918/1918 2184/2184
f 1899/1899 2184/2184 2156/2156
f 2166/2166 2167/2167 2162/2162
f 2166/2166 2162/2162 2159/2159
f 1912/1912 1904/1904 2166/2166
f 1912/1912 2166/2166 2165/2165
f 2163/2163 1905/1905 1912/1912
f 2163/2163 1912/1912 2165/2165
f 2164/2164 2189/2189 1926/1926
f 2164/2164 1926/1926 1906/1906
f 1910/1910 2167/2167 2166/2166
f 1910/1910 2166/2166 1904/1904
f 1915/1915 1916/1916 2174/2174
f 1915/1915 2174/2174 2173/2173
f 2168/2168 1913/1913 1915/1915
f 2168/2168 1915/1915 2173/2173
f 1907/1907 2170/2170 2172/2172
f 1907/1907 2172/2172 1911/1911
f 2169/2169 2192/2192 1927/1927
f 2169/2169 1927/1927 1914/1914
f 1908/1908 1925/1925 2193/2193
f 1908/1908 2193/2193 2171/2171
f 2172/2172 2175/2175 1903/1903
f 2172/2172 1903/1903 1911/1911
f 1916/1916 1917/1917 2177/2177
f 1916/1916 2177/2177 2174/2174
f 2175/2175 2176/2176 1909/1909
f 2175/2175 1909/1909 1903/1903
f 2181/2181 2180/2180 1953/1953
f 2181/2181 1953/1953 1956/1956
f 1913/1913 2178/2178 2180/2180
f 1913/1913 2180/2180 1915/1915
f 1914/1914 1927/1927 2198/2198
f 1914/1914 2198/2198 2179/2179
f 2182/2182 2181/2181 1956/1956
f 2182/2182 1956/1956 1962/1962
f 1918/1918 1919/1919 2185/2185
f 1918/1918 2185/2185 2184/2184
f 2183/2183 2186/2186 2190/2190
f 2183/2183 2190/2190 2189/2189
f 2189/2189 2190/2190 1922/1922
f 2189/2189 1922/1922 1926/1926
f 2190/2190 2191/2191 1924/1924
f 2190/2190 1924/1924 1922/1922
f 1925/1925 1921/1921 2194/2194
f 1925/1925 2194/2194 2193/2193
f 2192/2192 2195/2195 1928/1928
f 2192/2192 1928/1928 1927/1927
f 2195/2195 2196/2196 1929/1929
f 2195/2195 1929/1929 1928/1928
f 1923/1923 2197/2197 2194/2194
f 1923/1923 2194/2194 1921/1921
f 1927/1927 1928/1928 2199/2199
f 1927/1927 2199/2199 2198/2198
f 2198/2198 2199/2199 1952/1952
f 2198/2198 1952/1952 1947/1947
f 2204/2204 2208/2208 2223/2223
f 2204/2204 2223/2223 2221/2221
f 2202/2202 2204/2204 2221/2221
f 2202/2202 2221/2221 2217/2217
f 2202/2202 2217/2217 2244/2244
f 2202/2202 2244/2244 2232/2232
f 2208/2208 2210/2210 2227/2227
f 2208/2208 2227/2227 2223/2223
f 2213/2213 2230/2230 2227/2227
f 2213/2213 2227/2227 2210/2210
f 2262/2262 2273/2273 2230/2230
f 2262/2262 2230/2230 2213/2213
f 2218/2218 2219/2219 1985/1985
f 2218/2218 1985/1985 1983/1983
f 2218/2218 1983/1983 1989/1989
f 2218/2218 1989/1989 2245/2245
f 2219/2219 2224/2224 1981/1981
f 2219/2219 1981/1981 1985/1985
f 2224/2224 2225/2225 1984/1984
f 2224/2224 1984/1984 1981/1981
f 2228/2228 1982/1982 1984/1984
f 2228/2228 1984/1984 2225/2225
f 2274/2274 1993/1993 1982/1982
f 2274/2274 1982/1982 2228/2228
f 2244/2244 1999/1999 2234/2234
f 2244/2244 2234/2234 2232/2232
f 1999/1999 2001/2001 2238/2238
f 1999/1999 2238/2238 2234/2234
f 2003/2003 2241/2241 2238/2238
f 2003/2003 2238/2238 2001/2001
f 2281/2281 2241/2241 2003/2003
f 2281/2281 2003/2003 2011/2011
f 1989/1989 1986/1986 2246/2246
f 1989/1989 2246/2246 2245/2245
f 1988/1988 2247/2247 2246/2246
f 1988/1988 2246/2246 1986/1986
f 1988/1988 1987/1987 2248/2248
f 1988/1988 2248/2248 2247/2247
f 2286/2286 2248/2248 1987/1987
f 2286/2286 1987/1987 1996/1996
f 2267/2267 2271/2271 2258/2258
f 2267/2267 2258/2258 2256/2256
f 2249/2249 2006/2006 2267/2267
f 2249/2249 2267/2267 2256/2256
f 2250/2250 2275/2275 2013/2013
f 2250/2250 2013/2013 2007/2007
f 2271/2271 2273/2273 2262/2262
f 2271/2271 2262/2262 2258/2258
f 2264/2264 1991/1991 1994/1994
f 2264/2264 1994/1994 2268/2268
f 2265/2265 2284/2284 1997/1997
f 2265/2265 1997/1997 1992/1992
f 1994/1994 1990/1990 2269/2269
f 1994/1994 2269/2269 2268/2268
f 1993/1993 2274/2274 2269/2269
f 1993/1993 2269/2269 1990/1990
f 2275/2275 2279/2279 2009/2009
f 2275/2275 2009/2009 2013/2013
f 2279/2279 2281/2281 2011/2011
f 2279/2279 2011/2011 2009/2009
f 2284/2284 2285/2285 1995/1995
f 2284/2284 1995/1995 1997/1997
f 2285/2285 2286/2286 1996/1996
f 2285/2285 1996/1996 1995/1995
f 2022/2022 2021/2021 2294/2294
f 2022/2022 2294/2294 2287/2287
f 2295/2295 2030/2030 2022/2022
f 2295/2295 2022/2022 2287/2287
f 2084/2084 2297/2297 2290/2290
f 2084/2084 2290/2290 2090/2090
f 2298/2298 2020/2020 2019/2019
f 2298/2298 2019/2019 2289/2289
f 2090/2090 2290/2290 2303/2303
f 2090/2090 2303/2303 2085/2085
f 2294/2294 2021/2021 2020/2020
f 2294/2294 2020/2020 2298/2298
f 2095/2095 2308/2308 2291/2291
f 2095/2095 2291/2291 2082/2082
f 2092/2092 2300/2300 2296/2296
f 2092/2092 2296/2296 2091/2091
f 2029/2029 2030/2030 2295/2295
f 2029/2029 2295/2295 2299/2299
f 2085/2085 2303/2303 2302/2302
f 2085/2085 2302/2302 2093/2093
f 2025/2025 2310/2310 2313/2313
f 2025/2025 2313/2313 2026/2026
f 2086/2086 2309/2309 2307/2307
f 2086/2086 2307/2307 2094/2094
f 2016/2016 2017/2017 2317/2317
f 2016/2016 2317/2317 2312/2312
f 2088/2088 2319/2319 2314/2314
f 2088/2088 2314/2314 2096/2096
f 2320/2320 2027/2027 2026/2026
f 2320/2320 2026/2026 2313/2313
f 2018/2018 2315/2315 2317/2317
f 2018/2018 2317/2317 2017/2017
f 2325/2325 2328/2328 2327/2327
f 2325/2325 2327/2327 2326/2326
f 2322/2322 2321/2321 2324/2324
f 2322/2322 2324/2324 2323/2323
f 2327/2327 2328/2328 2330/2330
f 2327/2327 2330/2330 2329/2329
f 2324/2324 2325/2325 2326/2326
f 2324/2324 2326/2326 2323/2323
f 2336/2336 2335/2335 2334/2334
f 2336/2336 2334/2334 2333/2333
f 2332/2332 2331/2331 2321/2321
f 2332/2332 2321/2321 2322/2322
f 2337/2337 2335/2335 2336/2336
f 2337/2337 2336/2336 2338/2338
f 2333/2333 2334/2334 2331/2331
f 2333/2333 2331/2331 2332/2332
f 2348/2348 2347/2347 2346/2346
f 2348/2348 2346/2346 2345/2345
f 2344/2344 2343/2343 2341/2341
f 2344/2344 2341/2341 2339/2339
f 2330/2330 2347/2347 2348/2348
f 2330/2330 2348/2348 2329/2329
f 2345/2345 2346/2346 2343/2343
f 2345/2345 2343/2343 2344/2344
f 2351/2351 2354/2354 2353/2353
f 2351/2351 2353/2353 2352/2352
f 2340/2340 2342/2342 2350/2350
f 2340/2340 2350/2350 2349/2349
f 2353/2353 2354/2354 2337/2337
f 2353/2353 2337/2337 2338/2338
f 2350/2350 2351/2351 2352/2352
f 2350/2350 2352/2352 2349/2349
f 2093/2093 2087/2087 2325/2325
f 2093/2093 2325/2325 2324/2324
f 2321/2321 2085/2085 2093/2093
f 2321/2321 2093/2093 2324/2324
f 2331/2331 2090/2090 2085/2085
f 2331/2331 2085/2085 2321/2321
f 2087/2087 2098/2098 2328/2328
f 2087/2087 2328/2328 2325/2325
f 2097/2097 2330/2330 2328/2328
f 2097/2097 2328/2328 2098/2098
f 2097/2097 2088/2088 2347/2347
f 2097/2097 2347/2347 2330/2330
f 2334/2334 2084/2084 2090/2090
f 2334/2334 2090/2090 2331/2331
f 2335/2335 2083/2083 2084/2084
f 2335/2335 2084/2084 2334/2334
f 2337/2337 2089/2089 2083/2083
f 2337/2337 2083/2083 2335/2335
f 2354/2354 2091/2091 2089/2089
f 2354/2354 2089/2089 2337/2337
f 2346/2346 2096/2096 2086/2086
f 2346/2346 2086/2086 2343/2343
f 2343/2343 2086/2086 2094/2094
f 2343/2343 2094/2094 2341/2341
f 2342/2342 2095/2095 2082/2082
f 2342/2342 2082/2082 2350/2350
f 2347/2347 2088/2088 2096/2096
f 2347/2347 2096/2096 2346/2346
f 2082/2082 2092/2092 2351/2351
f 2082/2082 2351/2351 2350/2350
f 2091/2091 2354/2354 2351/2351
f 2091/2091 2351/2351 2092/2092
f 2105/2105 2104/2104 2103/2103
f 2105/2105 2103/2103 2106/2106
f 2176/2176 2175/2175 2174/2174
f 2176/2176 2174/2174 2177/2177
f 2157/2157 2158/2158 2159/2159
f 2157/2157 2159/2159 2160/2160
f 2157/2157 2155/2155 2153/2153
f 2157/2157 2153/2153 2158/2158
f 2107/2107 2108/2108 2161/2161
f 2107/2107 2161/2161 2162/2162
f 2145/2145 2144/2144 2143/2143
f 2145/2145 2143/2143 2146/2146
f 2129/2129 2130/2130 2131/2131
f 2129/2129 2131/2131 2132/2132
f 2129/2129 2099/2099 2100/2100
f 2129/2129 2100/2100 2130/2130
f 2356/2356 2355/2355 2358/2358
f 2356/2356 2358/2358 2357/2357
f 2361/2361 2362/2362 2364/2364
f 2361/2361 2364/2364 2363/2363
f 2358/2358 2359/2359 2360/2360
f 2358/2358 2360/2360 2357/2357
f 2370/2370 2369/2369 2368/2368
f 2370/2370 2368/2368 2367/2367
f 2366/2366 2365/2365 2355/2355
f 2366/2366 2355/2355 2356/2356
f 2371/2371 2369/2369 2370/2370
f 2371/2371 2370/2370 2372/2372
f 2367/2367 2368/2368 2365/2365
f 2367/2367 2365/2365 2366/2366
f 2382/2382 2381/2381 2380/2380
f 2382/2382 2380/2380 2379/2379
f 2378/2378 2377/2377 2375/2375
f 2378/2378 2375/2375 2373/2373
f 2364/2364 2381/2381 2382/2382
f 2364/2364 2382/2382 2363/2363
f 2379/2379 2380/2380 2377/2377
f 2379/2379 2377/2377 2378/2378
f 2385/2385 2388/2388 2387/2387
f 2385/2385 2387/2387 2386/2386
f 2374/2374 2376/2376 2384/2384
f 2374/2374 2384/2384 2383/2383
f 2387/2387 2388/2388 2371/2371
f 2387/2387 2371/2371 2372/2372
f 2384/2384 2385/2385 2386/2386
f 2384/2384 2386/2386 2383/2383
f 2323/2323 2326/2326 2359/2359
f 2323/2323 2359/2359 2358/2358
f 2355/2355 2322/2322 2323/2323
f 2355/2355 2323/2323 2358/2358
f 2356/2356 2201/2201 2231/2231
f 2356/2356 2231/2231 2366/2366
f 2356/2356 2357/2357 2205/2205
f 2356/2356 2205/2205 2201/2201
f 2365/2365 2332/2332 2322/2322
f 2365/2365 2322/2322 2355/2355
f 2357/2357 2360/2360 2207/2207
f 2357/2357 2207/2207 2205/2205
f 2326/2326 2327/2327 2362/2362
f 2326/2326 2362/2362 2359/2359
f 2360/2360 2361/2361 2211/2211
f 2360/2360 2211/2211 2207/2207
f 2329/2329 2364/2364 2362/2362
f 2329/2329 2362/2362 2327/2327
f 2363/2363 2214/2214 2211/2211
f 2363/2363 2211/2211 2361/2361
f 2329/2329 2348/2348 2381/2381
f 2329/2329 2381/2381 2364/2364
f 2382/2382 2261/2261 2214/2214
f 2382/2382 2214/2214 2363/2363
f 2231/2231 2235/2235 2367/2367
f 2231/2231 2367/2367 2366/2366
f 2368/2368 2333/2333 2332/2332
f 2368/2368 2332/2332 2365/2365
f 2369/2369 2336/2336 2333/2333
f 2369/2369 2333/2333 2368/2368
f 2235/2235 2237/2237 2370/2370
f 2235/2235 2370/2370 2367/2367
f 2240/2240 2372/2372 2370/2370
f 2240/2240 2370/2370 2237/2237
f 2371/2371 2338/2338 2336/2336
f 2371/2371 2336/2336 2369/2369
f 2387/2387 2372/2372 2240/2240
f 2387/2387 2240/2240 2282/2282
f 2388/2388 2353/2353 2338/2338
f 2388/2388 2338/2338 2371/2371
f 2255/2255 2259/2259 2379/2379
f 2255/2255 2379/2379 2378/2378
f 2377/2377 2344/2344 2339/2339
f 2377/2377 2339/2339 2375/2375
f 2373/2373 2251/2251 2255/2255
f 2373/2373 2255/2255 2378/2378
f 2376/2376 2340/2340 2349/2349
f 2376/2376 2349/2349 2384/2384
f 2374/2374 2383/2383 2276/2276
f 2374/2374 2276/2276 2252/2252
f 2380/2380 2345/2345 2344/2344
f 2380/2380 2344/2344 2377/2377
f 2381/2381 2348/2348 2345/2345
f 2381/2381 2345/2345 2380/2380
f 2259/2259 2261/2261 2382/2382
f 2259/2259 2382/2382 2379/2379
f 2349/2349 2352/2352 2385/2385
f 2349/2349 2385/2385 2384/2384
f 2383/2383 2386/2386 2278/2278
f 2383/2383 2278/2278 2276/2276
f 2352/2352 2353/2353 2388/2388
f 2352/2352 2388/2388 2385/2385
f 2386/2386 2387/2387 2282/2282
f 2386/2386 2282/2282 2278/2278
f 2304/2304 2014/2014 2015/2015
f 2304/2304 2015/2015 2301/2301
f 2100/2100 2101/2101 2110/2110
f 2100/2100 2110/2110 2109/2109
f 2417/2417 2653/2653 2648/2648
f 2417/2417 2648/2648 2411/2411
f 2414/2414 2650/2650 2762/2762
f 2414/2414 2762/2762 2638/2638
f 2556/2556 2527/2527 2413/2413
f 2548/2548 2637/2637 2420/2420
f 2548/2548 2420/2420 2551/2551
f 2421/2421 2657/2657 2650/2650
f 2421/2421 2650/2650 2414/2414
f 2638/2638 2762/2762 2653/2653
f 2638/2638 2653/2653 2417/2417
f 2542/2542 2539/2539 2416/2416
f 2602/2602 2425/2425 2634/2634
f 2433/2433 2669/2669 2663/2663
f 2433/2433 2663/2663 2429/2429
f 2632/2632 2634/2634 2425/2425
f 2632/2632 2425/2425 2395/2395
f 2389/2389 3171/3171 2394/2394
f 2619/2619 3165/3165 2437/2437
f 2619/2619 2437/2437 2616/2616
f 3172/3172 2390/2390 3165/3165
f 2568/2568 2607/2607 2431/2431
f 2438/2438 2674/2674 2668/2668
f 2438/2438 2668/2668 2432/2432
f 2613/2613 2616/2616 2437/2437
f 2572/2572 2568/2568 2431/2431
f 2416/2416 2637/2637 2545/2545
f 2416/2416 2545/2545 2542/2542
f 2442/2442 2678/2678 2674/2674
f 2442/2442 2674/2674 2438/2438
f 2613/2613 2437/2437 2610/2610
f 2446/2446 2682/2682 2678/2678
f 2446/2446 2678/2678 2442/2442
f 2480/2480 2712/2712 2716/2716
f 2480/2480 2716/2716 2484/2484
f 2452/2452 2684/2684 2688/2688
f 2452/2452 2688/2688 2456/2456
f 2875/2875 3170/3170 2806/2806
f 2875/2875 2806/2806 2871/2871
f 2391/2391 3168/3168 3170/3170
f 2391/2391 3170/3170 2392/2392
f 2484/2484 2716/2716 2682/2682
f 2484/2484 2682/2682 2446/2446
f 2476/2476 2708/2708 2712/2712
f 2476/2476 2712/2712 2480/2480
f 2472/2472 2704/2704 2708/2708
f 2472/2472 2708/2708 2476/2476
f 2468/2468 2700/2700 2704/2704
f 2468/2468 2704/2704 2472/2472
f 2464/2464 2696/2696 2700/2700
f 2464/2464 2700/2700 2468/2468
f 2460/2460 2692/2692 2696/2696
f 2460/2460 2696/2696 2464/2464
f 3173/3173 3014/3014 3008/3008
f 3173/3173 3008/3008 3175/3175
f 3176/3176 2400/2400 2398/2398
f 3176/3176 2398/2398 3178/3178
f 3163/3163 2521/2521 2517/2517
f 3163/3163 2517/2517 2445/2445
f 2681/2681 2721/2721 2752/2752
f 2681/2681 2752/2752 2677/2677
f 3176/3176 3178/3178 2673/2673
f 3176/3176 2673/2673 2677/2677
f 2715/2715 2745/2745 2748/2748
f 2715/2715 2748/2748 2719/2719
f 2687/2687 2724/2724 2727/2727
f 2687/2687 2727/2727 2691/2691
f 2752/2752 2754/2754 2677/2677
f 2760/2760 2400/2400 3176/3176
f 2760/2760 3176/3176 2754/2754
f 2719/2719 2748/2748 2721/2721
f 2719/2719 2721/2721 2681/2681
f 2711/2711 2742/2742 2745/2745
f 2711/2711 2745/2745 2715/2715
f 2707/2707 2739/2739 2742/2742
f 2707/2707 2742/2742 2711/2711
f 2703/2703 2736/2736 2739/2739
f 2703/2703 2739/2739 2707/2707
f 2699/2699 2733/2733 2736/2736
f 2699/2699 2736/2736 2703/2703
f 2695/2695 2730/2730 2733/2733
f 2695/2695 2733/2733 2699/2699
f 2691/2691 2727/2727 2730/2730
f 2691/2691 2730/2730 2695/2695
f 2390/2390 2391/2391 3164/3164
f 2390/2390 3164/3164 3162/3162
f 2765/2765 2949/2949 2973/2973
f 2765/2765 2973/2973 3166/3166
f 2449/2449 2445/2445 2517/2517
f 2449/2449 2517/2517 2488/2488
f 2625/2625 2628/2628 3161/3161
f 2545/2545 2637/2637 2548/2548
f 2451/2451 2455/2455 2494/2494
f 2451/2451 2494/2494 2491/2491
f 2455/2455 2459/2459 2497/2497
f 2455/2455 2497/2497 2494/2494
f 2459/2459 2463/2463 2500/2500
f 2459/2459 2500/2500 2497/2497
f 3165/3165 2622/2622 2625/2625
f 3165/3165 2625/2625 3161/3161
f 2463/2463 2467/2467 2503/2503
f 2463/2463 2503/2503 2500/2500
f 3172/3172 3169/3169 2390/2390
f 2467/2467 2471/2471 2506/2506
f 2467/2467 2506/2506 2503/2503
f 2390/2390 3167/3167 3168/3168
f 2390/2390 3168/3168 2391/2391
f 2411/2411 2648/2648 2646/2646
f 2411/2411 2646/2646 2408/2408
f 2471/2471 2475/2475 2509/2509
f 2471/2471 2509/2509 2506/2506
f 2475/2475 2479/2479 2512/2512
f 2475/2475 2512/2512 2509/2509
f 2479/2479 2483/2483 2515/2515
f 2479/2479 2515/2515 2512/2512
f 2483/2483 2449/2449 2488/2488
f 2483/2483 2488/2488 2515/2515
f 2410/2410 2406/2406 2562/2562
f 2410/2410 2562/2562 2560/2560
f 2426/2426 2661/2661 2658/2658
f 2426/2426 2658/2658 2422/2422
f 2413/2413 2410/2410 2560/2560
f 2413/2413 2560/2560 2556/2556
f 2425/2425 2416/2416 2539/2539
f 2425/2425 2539/2539 2395/2395
f 2420/2420 2413/2413 2527/2527
f 2420/2420 2527/2527 2554/2554
f 2554/2554 2551/2551 2420/2420
f 2428/2428 2425/2425 2602/2602
f 2428/2428 2602/2602 2599/2599
f 2456/2456 2688/2688 2692/2692
f 2456/2456 2692/2692 2460/2460
f 2530/2530 2389/2389 2394/2394
f 2530/2530 2394/2394 2533/2533
f 2533/2533 2394/2394 2393/2393
f 2533/2533 2393/2393 2536/2536
f 2431/2431 2607/2607 2610/2610
f 2431/2431 2610/2610 2437/2437
f 2536/2536 2393/2393 2395/2395
f 2536/2536 2395/2395 2539/2539
f 3168/3168 3167/3167 2798/2798
f 3168/3168 2798/2798 2802/2802
f 2404/2404 2405/2405 2409/2409
f 2404/2404 2409/2409 2408/2408
f 2408/2408 2409/2409 2412/2412
f 2408/2408 2412/2412 2411/2411
f 2639/2639 2636/2636 2415/2415
f 2639/2639 2415/2415 2414/2414
f 2411/2411 2412/2412 2419/2419
f 2411/2411 2419/2419 2418/2418
f 2414/2414 2415/2415 2423/2423
f 2414/2414 2423/2423 2421/2421
f 2422/2422 2424/2424 2427/2427
f 2422/2422 2427/2427 2426/2426
f 2429/2429 2430/2430 2435/2435
f 2429/2429 2435/2435 2433/2433
f 2434/2434 2436/2436 2440/2440
f 2434/2434 2440/2440 2439/2439
f 2439/2439 2440/2440 2444/2444
f 2439/2439 2444/2444 2443/2443
f 2443/2443 2444/2444 2448/2448
f 2443/2443 2448/2448 2447/2447
f 2457/2457 2454/2454 2450/2450
f 2457/2457 2450/2450 2453/2453
f 2461/2461 2458/2458 2454/2454
f 2461/2461 2454/2454 2457/2457
f 2465/2465 2462/2462 2458/2458
f 2465/2465 2458/2458 2461/2461
f 2469/2469 2466/2466 2462/2462
f 2469/2469 2462/2462 2465/2465
f 2473/2473 2470/2470 2466/2466
f 2473/2473 2466/2466 2469/2469
f 2477/2477 2474/2474 2470/2470
f 2477/2477 2470/2470 2473/2473
f 2481/2481 2478/2478 2474/2474
f 2481/2481 2474/2474 2477/2477
f 2485/2485 2482/2482 2478/2478
f 2485/2485 2478/2478 2481/2481
f 2447/2447 2448/2448 2482/2482
f 2447/2447 2482/2482 2485/2485
f 2493/2493 2492/2492 2489/2489
f 2493/2493 2489/2489 2490/2490
f 2496/2496 2495/2495 2492/2492
f 2496/2496 2492/2492 2493/2493
f 2499/2499 2498/2498 2495/2495
f 2499/2499 2495/2495 2496/2496
f 2502/2502 2501/2501 2498/2498
f 2502/2502 2498/2498 2499/2499
f 2505/2505 2504/2504 2501/2501
f 2505/2505 2501/2501 2502/2502
f 2508/2508 2507/2507 2504/2504
f 2508/2508 2504/2504 2505/2505
f 2511/2511 2510/2510 2507/2507
f 2511/2511 2507/2507 2508/2508
f 2514/2514 2513/2513 2510/2510
f 2514/2514 2510/2510 2511/2511
f 2520/2520 2519/2519 2518/2518
f 2520/2520 2518/2518 2516/2516
f 2522/2522 2524/2524 2519/2519
f 2522/2522 2519/2519 2520/2520
f 2487/2487 2486/2486 2513/2513
f 2487/2487 2513/2513 2514/2514
f 2516/2516 2518/2518 2486/2486
f 2516/2516 2486/2486 2487/2487
f 2532/2532 2531/2531 2528/2528
f 2532/2532 2528/2528 2529/2529
f 2535/2535 2534/2534 2531/2531
f 2535/2535 2531/2531 2532/2532
f 2538/2538 2537/2537 2534/2534
f 2538/2538 2534/2534 2535/2535
f 2541/2541 2540/2540 2537/2537
f 2541/2541 2537/2537 2538/2538
f 2544/2544 2543/2543 2540/2540
f 2544/2544 2540/2540 2541/2541
f 2547/2547 2546/2546 2543/2543
f 2547/2547 2543/2543 2544/2544
f 2550/2550 2549/2549 2546/2546
f 2550/2550 2546/2546 2547/2547
f 2559/2559 2558/2558 2557/2557
f 2559/2559 2557/2557 2555/2555
f 2561/2561 2563/2563 2558/2558
f 2561/2561 2558/2558 2559/2559
f 2526/2526 2525/2525 2552/2552
f 2526/2526 2552/2552 2553/2553
f 2555/2555 2557/2557 2525/2525
f 2555/2555 2525/2525 2526/2526
f 2571/2571 2570/2570 2569/2569
f 2571/2571 2569/2569 2567/2567
f 2574/2574 2573/2573 2570/2570
f 2574/2574 2570/2570 2571/2571
f 2580/2580 2579/2579 2576/2576
f 2580/2580 2576/2576 2577/2577
f 2583/2583 2582/2582 2579/2579
f 2583/2583 2579/2579 2580/2580
f 2586/2586 2585/2585 2582/2582
f 2586/2586 2582/2582 2583/2583
f 2589/2589 2588/2588 2585/2585
f 2589/2589 2585/2585 2586/2586
f 2592/2592 2591/2591 2588/2588
f 2592/2592 2588/2588 2589/2589
f 2598/2598 2597/2597 2596/2596
f 2598/2598 2596/2596 2594/2594
f 2601/2601 2600/2600 2597/2597
f 2601/2601 2597/2597 2598/2598
f 2565/2565 2564/2564 2591/2591
f 2565/2565 2591/2591 2592/2592
f 2594/2594 2596/2596 2564/2564
f 2594/2594 2564/2564 2565/2565
f 2608/2608 2606/2606 2567/2567
f 2608/2608 2567/2567 2569/2569
f 2611/2611 2609/2609 2606/2606
f 2611/2611 2606/2606 2608/2608
f 2614/2614 2612/2612 2609/2609
f 2614/2614 2609/2609 2611/2611
f 2617/2617 2615/2615 2612/2612
f 2617/2617 2612/2612 2614/2614
f 2620/2620 2618/2618 2615/2615
f 2620/2620 2615/2615 2617/2617
f 2623/2623 2621/2621 2618/2618
f 2623/2623 2618/2618 2620/2620
f 2626/2626 2624/2624 2621/2621
f 2626/2626 2621/2621 2623/2623
f 2629/2629 2627/2627 2624/2624
f 2629/2629 2624/2624 2626/2626
f 2635/2635 2633/2633 2631/2631
f 2635/2635 2631/2631 2630/2630
f 2600/2600 2601/2601 2633/2633
f 2600/2600 2633/2633 2635/2635
f 2605/2605 2603/2603 2627/2627
f 2605/2605 2627/2627 2629/2629
f 2630/2630 2631/2631 2603/2603
f 2630/2630 2603/2603 2605/2605
f 2418/2418 2419/2419 2636/2636
f 2418/2418 2636/2636 2639/2639
f 2640/2640 2643/2643 2646/2646
f 2640/2640 2646/2646 2644/2644
f 2644/2644 2646/2646 2648/2648
f 2644/2644 2648/2648 2647/2647
f 2764/2764 2763/2763 2651/2651
f 2764/2764 2651/2651 2649/2649
f 2647/2647 2648/2648 2654/2654
f 2647/2647 2654/2654 2652/2652
f 2649/2649 2651/2651 2659/2659
f 2649/2649 2659/2659 2656/2656
f 2655/2655 2658/2658 2661/2661
f 2655/2655 2661/2661 2660/2660
f 2662/2662 2664/2664 2671/2671
f 2662/2662 2671/2671 2666/2666
f 2665/2665 2670/2670 2675/2675
f 2665/2665 2675/2675 2672/2672
f 2672/2672 2675/2675 2679/2679
f 2672/2672 2679/2679 2676/2676
f 2676/2676 2679/2679 2683/2683
f 2676/2676 2683/2683 2680/2680
f 2690/2690 2689/2689 2685/2685
f 2690/2690 2685/2685 2686/2686
f 2694/2694 2693/2693 2689/2689
f 2694/2694 2689/2689 2690/2690
f 2698/2698 2697/2697 2693/2693
f 2698/2698 2693/2693 2694/2694
f 2702/2702 2701/2701 2697/2697
f 2702/2702 2697/2697 2698/2698
f 2706/2706 2705/2705 2701/2701
f 2706/2706 2701/2701 2702/2702
f 2710/2710 2709/2709 2705/2705
f 2710/2710 2705/2705 2706/2706
f 2714/2714 2713/2713 2709/2709
f 2714/2714 2709/2709 2710/2710
f 2718/2718 2717/2717 2713/2713
f 2718/2718 2713/2713 2714/2714
f 2680/2680 2683/2683 2717/2717
f 2680/2680 2717/2717 2718/2718
f 2728/2728 2726/2726 2723/2723
f 2728/2728 2723/2723 2725/2725
f 2731/2731 2729/2729 2726/2726
f 2731/2731 2726/2726 2728/2728
f 2734/2734 2732/2732 2729/2729
f 2734/2734 2729/2729 2731/2731
f 2737/2737 2735/2735 2732/2732
f 2737/2737 2732/2732 2734/2734
f 2740/2740 2738/2738 2735/2735
f 2740/2740 2735/2735 2737/2737
f 2743/2743 2741/2741 2738/2738
f 2743/2743 2738/2738 2740/2740
f 2746/2746 2744/2744 2741/2741
f 2746/2746 2741/2741 2743/2743
f 2749/2749 2747/2747 2744/2744
f 2749/2749 2744/2744 2746/2746
f 2755/2755 2753/2753 2751/2751
f 2755/2755 2751/2751 2750/2750
f 2756/2756 2758/2758 2753/2753
f 2756/2756 2753/2753 2755/2755
f 2722/2722 2720/2720 2747/2747
f 2722/2722 2747/2747 2749/2749
f 2750/2750 2751/2751 2720/2720
f 2750/2750 2720/2720 2722/2722
f 2652/2652 2654/2654 2763/2763
f 2652/2652 2763/2763 2764/2764
f 2407/2407 2645/2645 2642/2642
f 2407/2407 2642/2642 2403/2403
f 2778/2778 2772/2772 2989/2989
f 2778/2778 2989/2989 2994/2994
f 2775/2775 2983/2983 3090/3090
f 2775/2775 3090/3090 2991/2991
f 2904/2904 2774/2774 2878/2878
f 2896/2896 2899/2899 2781/2781
f 2896/2896 2781/2781 2982/2982
f 2782/2782 2775/2775 2991/2991
f 2782/2782 2991/2991 2998/2998
f 2983/2983 2778/2778 2994/2994
f 2983/2983 2994/2994 3090/3090
f 2890/2890 2777/2777 2887/2887
f 2947/2947 2979/2979 2786/2786
f 2794/2794 2790/2790 3004/3004
f 2794/2794 3004/3004 3010/3010
f 2977/2977 2767/2767 2786/2786
f 2977/2977 2786/2786 2979/2979
f 2964/2964 2961/2961 2798/2798
f 2964/2964 2798/2798 3169/3169
f 3162/3162 3164/3164 2441/2441
f 3162/3162 2441/2441 2437/2437
f 2913/2913 2792/2792 2952/2952
f 2799/2799 2793/2793 3009/3009
f 2799/2799 3009/3009 3015/3015
f 2958/2958 2798/2798 2961/2961
f 2917/2917 2792/2792 2913/2913
f 2777/2777 2890/2890 2893/2893
f 2777/2777 2893/2893 2982/2982
f 2395/2395 2393/2393 2604/2604
f 2395/2395 2604/2604 2632/2632
f 2803/2803 2799/2799 3015/3015
f 2803/2803 3015/3015 3019/3019
f 2958/2958 2955/2955 2798/2798
f 3164/3164 3163/3163 2445/2445
f 3164/3164 2445/2445 2441/2441
f 2807/2807 2803/2803 3019/3019
f 2807/2807 3019/3019 3023/3023
f 2837/2837 2841/2841 3053/3053
f 2837/2837 3053/3053 3049/3049
f 2452/2452 2813/2813 3025/3025
f 2452/2452 3025/3025 2684/2684
f 2523/2523 2521/2521 3163/3163
f 2523/2523 3163/3163 2392/2392
f 2841/2841 2807/2807 3023/3023
f 2841/2841 3023/3023 3053/3053
f 2833/2833 2837/2837 3049/3049
f 2833/2833 3049/3049 3045/3045
f 2829/2829 2833/2833 3045/3045
f 2829/2829 3045/3045 3041/3041
f 2825/2825 2829/2829 3041/3041
f 2825/2825 3041/3041 3037/3037
f 2821/2821 2825/2825 3037/3037
f 2821/2821 3037/3037 3033/3033
f 2817/2817 2821/2821 3033/3033
f 2817/2817 3033/3033 3029/3029
f 3173/3173 3175/3175 2397/2397
f 3173/3173 2397/2397 2399/2399
f 3174/3174 3173/3173 2399/2399
f 3174/3174 2399/2399 2401/2401
f 3177/3177 3178/3178 2398/2398
f 3177/3177 2398/2398 2396/2396
f 3022/3022 3018/3018 3086/3086
f 3022/3022 3086/3086 3058/3058
f 3173/3173 3174/3174 3018/3018
f 3173/3173 3018/3018 3014/3014
f 3052/3052 3056/3056 3082/3082
f 3052/3052 3082/3082 3079/3079
f 2687/2687 3028/3028 3061/3061
f 2687/2687 3061/3061 2724/2724
f 3086/3086 3018/3018 3088/3088
f 2761/2761 3088/3088 3174/3174
f 2761/2761 3174/3174 2401/2401
f 3056/3056 3022/3022 3058/3058
f 3056/3056 3058/3058 3082/3082
f 3048/3048 3052/3052 3079/3079
f 3048/3048 3079/3079 3076/3076
f 3044/3044 3048/3048 3076/3076
f 3044/3044 3076/3076 3073/3073
f 3040/3040 3044/3044 3073/3073
f 3040/3040 3073/3073 3070/3070
f 3036/3036 3040/3040 3070/3070
f 3036/3036 3070/3070 3067/3067
f 3032/3032 3036/3036 3067/3067
f 3032/3032 3067/3067 3064/3064
f 3028/3028 3032/3032 3064/3064
f 3028/3028 3064/3064 3061/3061
f 2765/2765 3166/3166 3171/3171
f 2765/2765 3171/3171 2766/2766
f 2810/2810 2845/2845 2871/2871
f 2810/2810 2871/2871 2806/2806
f 2970/2970 3166/3166 2973/2973
f 2893/2893 2896/2896 2982/2982
f 2451/2451 2491/2491 2848/2848
f 2451/2451 2848/2848 2812/2812
f 2812/2812 2848/2848 2851/2851
f 2812/2812 2851/2851 2816/2816
f 2816/2816 2851/2851 2854/2854
f 2816/2816 2854/2854 2820/2820
f 2967/2967 3169/3169 3166/3166
f 2967/2967 3166/3166 2970/2970
f 2820/2820 2854/2854 2857/2857
f 2820/2820 2857/2857 2824/2824
f 2767/2767 2977/2977 2949/2949
f 2767/2767 2949/2949 2765/2765
f 2824/2824 2857/2857 2860/2860
f 2824/2824 2860/2860 2828/2828
f 2772/2772 2769/2769 2987/2987
f 2772/2772 2987/2987 2989/2989
f 2828/2828 2860/2860 2863/2863
f 2828/2828 2863/2863 2832/2832
f 2832/2832 2863/2863 2866/2866
f 2832/2832 2866/2866 2836/2836
f 2836/2836 2866/2866 2869/2869
f 2836/2836 2869/2869 2840/2840
f 2840/2840 2869/2869 2845/2845
f 2840/2840 2845/2845 2810/2810
f 2771/2771 2908/2908 2562/2562
f 2771/2771 2562/2562 2406/2406
f 2787/2787 2783/2783 2999/2999
f 2787/2787 2999/2999 3002/3002
f 2774/2774 2904/2904 2908/2908
f 2774/2774 2908/2908 2771/2771
f 2786/2786 2767/2767 2887/2887
f 2786/2786 2887/2887 2777/2777
f 2781/2781 2902/2902 2878/2878
f 2781/2781 2878/2878 2774/2774
f 2902/2902 2781/2781 2899/2899
f 2789/2789 2944/2944 2947/2947
f 2789/2789 2947/2947 2786/2786
f 2813/2813 2817/2817 3029/3029
f 2813/2813 3029/3029 3025/3025
f 2530/2530 2881/2881 2766/2766
f 2530/2530 2766/2766 2389/2389
f 2881/2881 2884/2884 2765/2765
f 2881/2881 2765/2765 2766/2766
f 2792/2792 2798/2798 2955/2955
f 2792/2792 2955/2955 2952/2952
f 2884/2884 2887/2887 2767/2767
f 2884/2884 2767/2767 2765/2765
f 3170/3170 3168/3168 2802/2802
f 3170/3170 2802/2802 2806/2806
f 2404/2404 2769/2769 2770/2770
f 2404/2404 2770/2770 2405/2405
f 2769/2769 2772/2772 2773/2773
f 2769/2769 2773/2773 2770/2770
f 2984/2984 2775/2775 2776/2776
f 2984/2984 2776/2776 2981/2981
f 2772/2772 2779/2779 2780/2780
f 2772/2772 2780/2780 2773/2773
f 2775/2775 2782/2782 2784/2784
f 2775/2775 2784/2784 2776/2776
f 2783/2783 2787/2787 2788/2788
f 2783/2783 2788/2788 2785/2785
f 2790/2790 2794/2794 2796/2796
f 2790/2790 2796/2796 2791/2791
f 2795/2795 2800/2800 2801/2801
f 2795/2795 2801/2801 2797/2797
f 2800/2800 2804/2804 2805/2805
f 2800/2800 2805/2805 2801/2801
f 2804/2804 2808/2808 2809/2809
f 2804/2804 2809/2809 2805/2805
f 2814/2814 2453/2453 2450/2450
f 2814/2814 2450/2450 2811/2811
f 2818/2818 2814/2814 2811/2811
f 2818/2818 2811/2811 2815/2815
f 2822/2822 2818/2818 2815/2815
f 2822/2822 2815/2815 2819/2819
f 2826/2826 2822/2822 2819/2819
f 2826/2826 2819/2819 2823/2823
f 2830/2830 2826/2826 2823/2823
f 2830/2830 2823/2823 2827/2827
f 2834/2834 2830/2830 2827/2827
f 2834/2834 2827/2827 2831/2831
f 2838/2838 2834/2834 2831/2831
f 2838/2838 2831/2831 2835/2835
f 2842/2842 2838/2838 2835/2835
f 2842/2842 2835/2835 2839/2839
f 2808/2808 2842/2842 2839/2839
f 2808/2808 2839/2839 2809/2809
f 2847/2847 2490/2490 2489/2489
f 2847/2847 2489/2489 2846/2846
f 2850/2850 2847/2847 2846/2846
f 2850/2850 2846/2846 2849/2849
f 2853/2853 2850/2850 2849/2849
f 2853/2853 2849/2849 2852/2852
f 2856/2856 2853/2853 2852/2852
f 2856/2856 2852/2852 2855/2855
f 2859/2859 2856/2856 2855/2855
f 2859/2859 2855/2855 2858/2858
f 2862/2862 2859/2859 2858/2858
f 2862/2862 2858/2858 2861/2861
f 2865/2865 2862/2862 2861/2861
f 2865/2865 2861/2861 2864/2864
f 2868/2868 2865/2865 2864/2864
f 2868/2868 2864/2864 2867/2867
f 2874/2874 2870/2870 2872/2872
f 2874/2874 2872/2872 2873/2873
f 2522/2522 2874/2874 2873/2873
f 2522/2522 2873/2873 2524/2524
f 2844/2844 2868/2868 2867/2867
f 2844/2844 2867/2867 2843/2843
f 2870/2870 2844/2844 2843/2843
f 2870/2870 2843/2843 2872/2872
f 2880/2880 2529/2529 2528/2528
f 2880/2880 2528/2528 2879/2879
f 2883/2883 2880/2880 2879/2879
f 2883/2883 2879/2879 2882/2882
f 2886/2886 2883/2883 2882/2882
f 2886/2886 2882/2882 2885/2885
f 2889/2889 2886/2886 2885/2885
f 2889/2889 2885/2885 2888/2888
f 2892/2892 2889/2889 2888/2888
f 2892/2892 2888/2888 2891/2891
f 2895/2895 2892/2892 2891/2891
f 2895/2895 2891/2891 2894/2894
f 2898/2898 2895/2895 2894/2894
f 2898/2898 2894/2894 2897/2897
f 2901/2901 2898/2898 2897/2897
f 2901/2901 2897/2897 2900/2900
f 2907/2907 2903/2903 2905/2905
f 2907/2907 2905/2905 2906/2906
f 2561/2561 2907/2907 2906/2906
f 2561/2561 2906/2906 2563/2563
f 2877/2877 2901/2901 2900/2900
f 2877/2877 2900/2900 2876/2876
f 2903/2903 2877/2877 2876/2876
f 2903/2903 2876/2876 2905/2905
f 2916/2916 2912/2912 2914/2914
f 2916/2916 2914/2914 2915/2915
f 2919/2919 2916/2916 2915/2915
f 2919/2919 2915/2915 2918/2918
f 2922/2922 2919/2919 2918/2918
f 2922/2922 2918/2918 2921/2921
f 2925/2925 2922/2922 2921/2921
f 2925/2925 2921/2921 2924/2924
f 2928/2928 2925/2925 2924/2924
f 2928/2928 2924/2924 2927/2927
f 2931/2931 2928/2928 2927/2927
f 2931/2931 2927/2927 2930/2930
f 2934/2934 2931/2931 2930/2930
f 2934/2934 2930/2930 2933/2933
f 2937/2937 2934/2934 2933/2933
f 2937/2937 2933/2933 2936/2936
f 2943/2943 2939/2939 2941/2941
f 2943/2943 2941/2941 2942/2942
f 2946/2946 2943/2943 2942/2942
f 2946/2946 2942/2942 2945/2945
f 2910/2910 2937/2937 2936/2936
f 2910/2910 2936/2936 2909/2909
f 2939/2939 2910/2910 2909/2909
f 2939/2939 2909/2909 2941/2941
f 2953/2953 2914/2914 2912/2912
f 2953/2953 2912/2912 2951/2951
f 2956/2956 2953/2953 2951/2951
f 2956/2956 2951/2951 2954/2954
f 2959/2959 2956/2956 2954/2954
f 2959/2959 2954/2954 2957/2957
f 2962/2962 2959/2959 2957/2957
f 2962/2962 2957/2957 2960/2960
f 2965/2965 2962/2962 2960/2960
f 2965/2965 2960/2960 2963/2963
f 2968/2968 2965/2965 2963/2963
f 2968/2968 2963/2963 2966/2966
f 2971/2971 2968/2968 2966/2966
f 2971/2971 2966/2966 2969/2969
f 2974/2974 2971/2971 2969/2969
f 2974/2974 2969/2969 2972/2972
f 2980/2980 2975/2975 2976/2976
f 2980/2980 2976/2976 2978/2978
f 2945/2945 2980/2980 2978/2978
f 2945/2945 2978/2978 2946/2946
f 2950/2950 2974/2974 2972/2972
f 2950/2950 2972/2972 2948/2948
f 2975/2975 2950/2950 2948/2948
f 2975/2975 2948/2948 2976/2976
f 2779/2779 2984/2984 2981/2981
f 2779/2779 2981/2981 2780/2780
f 2640/2640 2985/2985 2987/2987
f 2640/2640 2987/2987 2643/2643
f 2985/2985 2988/2988 2989/2989
f 2985/2985 2989/2989 2987/2987
f 3092/3092 2990/2990 2992/2992
f 3092/3092 2992/2992 3091/3091
f 2988/2988 2993/2993 2995/2995
f 2988/2988 2995/2995 2989/2989
f 2990/2990 2997/2997 3000/3000
f 2990/2990 3000/3000 2992/2992
f 2996/2996 3001/3001 3002/3002
f 2996/2996 3002/3002 2999/2999
f 3003/3003 3007/3007 3012/3012
f 3003/3003 3012/3012 3005/3005
f 3006/3006 3013/3013 3016/3016
f 3006/3006 3016/3016 3011/3011
f 3013/3013 3017/3017 3020/3020
f 3013/3013 3020/3020 3016/3016
f 3017/3017 3021/3021 3024/3024
f 3017/3017 3024/3024 3020/3020
f 3027/3027 2686/2686 2685/2685
f 3027/3027 2685/2685 3026/3026
f 3031/3031 3027/3027 3026/3026
f 3031/3031 3026/3026 3030/3030
f 3035/3035 3031/3031 3030/3030
f 3035/3035 3030/3030 3034/3034
f 3039/3039 3035/3035 3034/3034
f 3039/3039 3034/3034 3038/3038
f 3043/3043 3039/3039 3038/3038
f 3043/3043 3038/3038 3042/3042
f 3047/3047 3043/3043 3042/3042
f 3047/3047 3042/3042 3046/3046
f 3051/3051 3047/3047 3046/3046
f 3051/3051 3046/3046 3050/3050
f 3055/3055 3051/3051 3050/3050
f 3055/3055 3050/3050 3054/3054
f 3021/3021 3055/3055 3054/3054
f 3021/3021 3054/3054 3024/3024
f 3062/3062 2725/2725 2723/2723
f 3062/3062 2723/2723 3060/3060
f 3065/3065 3062/3062 3060/3060
f 3065/3065 3060/3060 3063/3063
f 3068/3068 3065/3065 3063/3063
f 3068/3068 3063/3063 3066/3066
f 3071/3071 3068/3068 3066/3066
f 3071/3071 3066/3066 3069/3069
f 3074/3074 3071/3071 3069/3069
f 3074/3074 3069/3069 3072/3072
f 3077/3077 3074/3074 3072/3072
f 3077/3077 3072/3072 3075/3075
f 3080/3080 3077/3077 3075/3075
f 3080/3080 3075/3075 3078/3078
f 3083/3083 3080/3080 3078/3078
f 3083/3083 3078/3078 3081/3081
f 3089/3089 3084/3084 3085/3085
f 3089/3089 3085/3085 3087/3087
f 2757/2757 3089/3089 3087/3087
f 2757/2757 3087/3087 2759/2759
f 3059/3059 3083/3083 3081/3081
f 3059/3059 3081/3081 3057/3057
f 3084/3084 3059/3059 3057/3057
f 3084/3084 3057/3057 3085/3085
f 2993/2993 3092/3092 3091/3091
f 2993/2993 3091/3091 2995/2995
f 2768/2768 2402/2402 2641/2641
f 2768/2768 2641/2641 2986/2986
f 3142/3142 3096/3096 2587/2587
f 3142/3142 2587/2587 2584/2584
f 2932/2932 2935/2935 3132/3132
f 2932/2932 3132/3132 3107/3107
f 3094/3094 3097/3097 3095/3095
f 3094/3094 3095/3095 3093/3093
f 3099/3099 3101/3101 3102/3102
f 3099/3099 3102/3102 3100/3100
f 3101/3101 3094/3094 3093/3093
f 3101/3101 3093/3093 3103/3103
f 3105/3105 3108/3108 3106/3106
f 3105/3105 3106/3106 3104/3104
f 3110/3110 3112/3112 3114/3114
f 3110/3110 3114/3114 3111/3111
f 3113/3113 3105/3105 3104/3104
f 3113/3113 3104/3104 3114/3114
f 3132/3132 2935/2935 2938/2938
f 2587/2587 3096/3096 3098/3098
f 3117/3117 3120/3120 3118/3118
f 3117/3117 3118/3118 3115/3115
f 3122/3122 3124/3124 3125/3125
f 3122/3122 3125/3125 3123/3123
f 3124/3124 3116/3116 3115/3115
f 3124/3124 3115/3115 3125/3125
f 3128/3128 3131/3131 3129/3129
f 3128/3128 3129/3129 3127/3127
f 3133/3133 3135/3135 3136/3136
f 3133/3133 3136/3136 3134/3134
f 3135/3135 3128/3128 3126/3126
f 3135/3135 3126/3126 3136/3136
f 2426/2426 2427/2427 3120/3120
f 2426/2426 3120/3120 3117/3117
f 3115/3115 3118/3118 3097/3097
f 3115/3115 3097/3097 3094/3094
f 3116/3116 3124/3124 2661/2661
f 3116/3116 2661/2661 2426/2426
f 3094/3094 3101/3101 3125/3125
f 3094/3094 3125/3125 3115/3115
f 3121/3121 2428/2428 2599/2599
f 3121/3121 2599/2599 2595/2595
f 3119/3119 3121/3121 2566/2566
f 3119/3119 2566/2566 2593/2593
f 2566/2566 3121/3121 2595/2595
f 3154/3154 2920/2920 2923/2923
f 2660/2660 2661/2661 3124/3124
f 2660/2660 3124/3124 3122/3122
f 3123/3123 3125/3125 3101/3101
f 3123/3123 3101/3101 3099/3099
f 2787/2787 3127/3127 3129/3129
f 2787/2787 3129/3129 2788/2788
f 3104/3104 3128/3128 3135/3135
f 3104/3104 3135/3135 3114/3114
f 3128/3128 3104/3104 3106/3106
f 3128/3128 3106/3106 3131/3131
f 3126/3126 2787/2787 3002/3002
f 3126/3126 3002/3002 3136/3136
f 3130/3130 2940/2940 2944/2944
f 3130/3130 2944/2944 2789/2789
f 2938/2938 2911/2911 3130/3130
f 2938/2938 3130/3130 3132/3132
f 3152/3152 2926/2926 2929/2929
f 3130/3130 2911/2911 2940/2940
f 3098/3098 3119/3119 2590/2590
f 3098/3098 2590/2590 2587/2587
f 3001/3001 3134/3134 3136/3136
f 3001/3001 3136/3136 3002/3002
f 3133/3133 3111/3111 3114/3114
f 3133/3133 3114/3114 3135/3135
f 3138/3138 3141/3141 3139/3139
f 3138/3138 3139/3139 3137/3137
f 3143/3143 3146/3146 3148/3148
f 3143/3143 3148/3148 3144/3144
f 3145/3145 3138/3138 3137/3137
f 3145/3145 3137/3137 3147/3147
f 3150/3150 3153/3153 3151/3151
f 3150/3150 3151/3151 3149/3149
f 3155/3155 3158/3158 3160/3160
f 3155/3155 3160/3160 3156/3156
f 3157/3157 3150/3150 3149/3149
f 3157/3157 3149/3149 3159/3159
f 3093/3093 3095/3095 3141/3141
f 3093/3093 3141/3141 3138/3138
f 3137/3137 3139/3139 2430/2430
f 3137/3137 2430/2430 2429/2429
f 2429/2429 2663/2663 3147/3147
f 2429/2429 3147/3147 3137/3137
f 3138/3138 3145/3145 3103/3103
f 3138/3138 3103/3103 3093/3093
f 3140/3140 3142/3142 2581/2581
f 3140/3140 2581/2581 2578/2578
f 2431/2431 3140/3140 2575/2575
f 2431/2431 2575/2575 2572/2572
f 3107/3107 3109/3109 2932/2932
f 3100/3100 3102/3102 3146/3146
f 3100/3100 3146/3146 3143/3143
f 3144/3144 3148/3148 2664/2664
f 3144/3144 2664/2664 2662/2662
f 3105/3105 3149/3149 3151/3151
f 3105/3105 3151/3151 3108/3108
f 3150/3150 2790/2790 2791/2791
f 3150/3150 2791/2791 3153/3153
f 2790/2790 3150/3150 3157/3157
f 2790/2790 3157/3157 3004/3004
f 3149/3149 3105/3105 3113/3113
f 3149/3149 3113/3113 3159/3159
f 2792/2792 2917/2917 2920/2920
f 2792/2792 2920/2920 3154/3154
f 3109/3109 3152/3152 2929/2929
f 3109/3109 2929/2929 2932/2932
f 2923/2923 2926/2926 3152/3152
f 2923/2923 3152/3152 3154/3154
f 3110/3110 3156/3156 3160/3160
f 3110/3110 3160/3160 3112/3112
f 3155/3155 3003/3003 3005/3005
f 3155/3155 3005/3005 3158/3158
f 3172/3172 3165/3165 3161/3161
f 3172/3172 3161/3161 3171/3171
f 2392/2392 3170/3170 2875/2875
f 2392/2392 2875/2875 2523/2523
f 2390/2390 3169/3169 3167/3167
f 3171/3171 3161/3161 2393/2393
f 3171/3171 2393/2393 2394/2394
f 3165/3165 2390/2390 3162/3162
f 2389/2389 2766/2766 3171/3171
f 2391/2391 2392/2392 3163/3163
f 2391/2391 3163/3163 3164/3164
f 3174/3174 3088/3088 3018/3018
f 3178/3178 3177/3177 2667/2667
f 3178/3178 2667/2667 2673/2673
f 3169/3169 2798/2798 3167/3167
f 2754/2754 3176/3176 2677/2677
f 2437/2437 3165/3165 3162/3162
f 2593/2593 2590/2590 3119/3119
f 2578/2578 2575/2575 3140/3140
f 2581/2581 3142/3142 2584/2584
f 2574/2574 2577/2577 2576/2576
f 2574/2574 2576/2576 2573/2573
f 2550/2550 2553/2553 2552/2552
f 2550/2550 2552/2552 2549/2549
f 2604/2604 2393/2393 3161/3161
f 2604/2604 3161/3161 2628/2628
f 3165/3165 2619/2619 2622/2622
f 3169/3169 2967/2967 2964/2964
f 3171/3171 3166/3166 3169/3169
f 3171/3171 3169/3169 3172/3172
f 3207/3207 3201/3201 3438/3438
f 3207/3207 3438/3438 3443/3443
f 3204/3204 3428/3428 3552/3552
f 3204/3204 3552/3552 3440/3440
f 3346/3346 3203/3203 3317/3317
f 3338/3338 3341/3341 3210/3210
f 3338/3338 3210/3210 3427/3427
f 3211/3211 3204/3204 3440/3440
f 3211/3211 3440/3440 3447/3447
f 3428/3428 3207/3207 3443/3443
f 3428/3428 3443/3443 3552/3552
f 3332/3332 3206/3206 3329/3329
f 3392/3392 3424/3424 3215/3215
f 3223/3223 3219/3219 3453/3453
f 3223/3223 3453/3453 3459/3459
f 3422/3422 3185/3185 3215/3215
f 3422/3422 3215/3215 3424/3424
f 3179/3179 3184/3184 3961/3961
f 3409/3409 3406/3406 3227/3227
f 3409/3409 3227/3227 3955/3955
f 3962/3962 3955/3955 3180/3180
f 3358/3358 3221/3221 3397/3397
f 3228/3228 3222/3222 3458/3458
f 3228/3228 3458/3458 3464/3464
f 3403/3403 3227/3227 3406/3406
f 3362/3362 3221/3221 3358/3358
f 3206/3206 3332/3332 3335/3335
f 3206/3206 3335/3335 3427/3427
f 3232/3232 3228/3228 3464/3464
f 3232/3232 3464/3464 3468/3468
f 3403/3403 3400/3400 3227/3227
f 3236/3236 3232/3232 3468/3468
f 3236/3236 3468/3468 3472/3472
f 3270/3270 3274/3274 3506/3506
f 3270/3270 3506/3506 3502/3502
f 3242/3242 3246/3246 3478/3478
f 3242/3242 3478/3478 3474/3474
f 3665/3665 3661/3661 3596/3596
f 3665/3665 3596/3596 3960/3960
f 3181/3181 3182/3182 3960/3960
f 3181/3181 3960/3960 3958/3958
f 3274/3274 3236/3236 3472/3472
f 3274/3274 3472/3472 3506/3506
f 3266/3266 3270/3270 3502/3502
f 3266/3266 3502/3502 3498/3498
f 3262/3262 3266/3266 3498/3498
f 3262/3262 3498/3498 3494/3494
f 3258/3258 3262/3262 3494/3494
f 3258/3258 3494/3494 3490/3490
f 3254/3254 3258/3258 3490/3490
f 3254/3254 3490/3490 3486/3486
f 3250/3250 3254/3254 3486/3486
f 3250/3250 3486/3486 3482/3482
f 3963/3963 3965/3965 3798/3798
f 3963/3963 3798/3798 3804/3804
f 3966/3966 3968/3968 3188/3188
f 3966/3966 3188/3188 3190/3190
f 3953/3953 3235/3235 3307/3307
f 3953/3953 3307/3307 3311/3311
f 3471/3471 3467/3467 3542/3542
f 3471/3471 3542/3542 3511/3511
f 3966/3966 3467/3467 3463/3463
f 3966/3966 3463/3463 3968/3968
f 3505/3505 3509/3509 3538/3538
f 3505/3505 3538/3538 3535/3535
f 3477/3477 3481/3481 3517/3517
f 3477/3477 3517/3517 3514/3514
f 3542/3542 3467/3467 3544/3544
f 3550/3550 3544/3544 3966/3966
f 3550/3550 3966/3966 3190/3190
f 3509/3509 3471/3471 3511/3511
f 3509/3509 3511/3511 3538/3538
f 3501/3501 3505/3505 3535/3535
f 3501/3501 3535/3535 3532/3532
f 3497/3497 3501/3501 3532/3532
f 3497/3497 3532/3532 3529/3529
f 3493/3493 3497/3497 3529/3529
f 3493/3493 3529/3529 3526/3526
f 3489/3489 3493/3493 3526/3526
f 3489/3489 3526/3526 3523/3523
f 3485/3485 3489/3489 3523/3523
f 3485/3485 3523/3523 3520/3520
f 3481/3481 3485/3485 3520/3520
f 3481/3481 3520/3520 3517/3517
f 3180/3180 3952/3952 3954/3954
f 3180/3180 3954/3954 3181/3181
f 3555/3555 3956/3956 3763/3763
f 3555/3555 3763/3763 3739/3739
f 3239/3239 3278/3278 3307/3307
f 3239/3239 3307/3307 3235/3235
f 3415/3415 3951/3951 3418/3418
f 3335/3335 3338/3338 3427/3427
f 3241/3241 3281/3281 3284/3284
f 3241/3241 3284/3284 3245/3245
f 3245/3245 3284/3284 3287/3287
f 3245/3245 3287/3287 3249/3249
f 3249/3249 3287/3287 3290/3290
f 3249/3249 3290/3290 3253/3253
f 3955/3955 3951/3951 3415/3415
f 3955/3955 3415/3415 3412/3412
f 3253/3253 3290/3290 3293/3293
f 3253/3253 3293/3293 3257/3257
f 3962/3962 3180/3180 3959/3959
f 3257/3257 3293/3293 3296/3296
f 3257/3257 3296/3296 3261/3261
f 3180/3180 3181/3181 3958/3958
f 3180/3180 3958/3958 3957/3957
f 3201/3201 3198/3198 3436/3436
f 3201/3201 3436/3436 3438/3438
f 3261/3261 3296/3296 3299/3299
f 3261/3261 3299/3299 3265/3265
f 3265/3265 3299/3299 3302/3302
f 3265/3265 3302/3302 3269/3269
f 3269/3269 3302/3302 3305/3305
f 3269/3269 3305/3305 3273/3273
f 3273/3273 3305/3305 3278/3278
f 3273/3273 3278/3278 3239/3239
f 3200/3200 3350/3350 3352/3352
f 3200/3200 3352/3352 3196/3196
f 3216/3216 3212/3212 3448/3448
f 3216/3216 3448/3448 3451/3451
f 3203/3203 3346/3346 3350/3350
f 3203/3203 3350/3350 3200/3200
f 3215/3215 3185/3185 3329/3329
f 3215/3215 3329/3329 3206/3206
f 3210/3210 3344/3344 3317/3317
f 3210/3210 3317/3317 3203/3203
f 3344/3344 3210/3210 3341/3341
f 3218/3218 3389/3389 3392/3392
f 3218/3218 3392/3392 3215/3215
f 3246/3246 3250/3250 3482/3482
f 3246/3246 3482/3482 3478/3478
f 3320/3320 3323/3323 3184/3184
f 3320/3320 3184/3184 3179/3179
f 3323/3323 3326/3326 3183/3183
f 3323/3323 3183/3183 3184/3184
f 3221/3221 3227/3227 3400/3400
f 3221/3221 3400/3400 3397/3397
f 3326/3326 3329/3329 3185/3185
f 3326/3326 3185/3185 3183/3183
f 3958/3958 3592/3592 3588/3588
f 3958/3958 3588/3588 3957/3957
f 3194/3194 3198/3198 3199/3199
f 3194/3194 3199/3199 3195/3195
f 3198/3198 3201/3201 3202/3202
f 3198/3198 3202/3202 3199/3199
f 3429/3429 3204/3204 3205/3205
f 3429/3429 3205/3205 3426/3426
f 3201/3201 3208/3208 3209/3209
f 3201/3201 3209/3209 3202/3202
f 3204/3204 3211/3211 3213/3213
f 3204/3204 3213/3213 3205/3205
f 3212/3212 3216/3216 3217/3217
f 3212/3212 3217/3217 3214/3214
f 3219/3219 3223/3223 3225/3225
f 3219/3219 3225/3225 3220/3220
f 3224/3224 3229/3229 3230/3230
f 3224/3224 3230/3230 3226/3226
f 3229/3229 3233/3233 3234/3234
f 3229/3229 3234/3234 3230/3230
f 3233/3233 3237/3237 3238/3238
f 3233/3233 3238/3238 3234/3234
f 3247/3247 3243/3243 3240/3240
f 3247/3247 3240/3240 3244/3244
f 3251/3251 3247/3247 3244/3244
f 3251/3251 3244/3244 3248/3248
f 3255/3255 3251/3251 3248/3248
f 3255/3255 3248/3248 3252/3252
f 3259/3259 3255/3255 3252/3252
f 3259/3259 3252/3252 3256/3256
f 3263/3263 3259/3259 3256/3256
f 3263/3263 3256/3256 3260/3260
f 3267/3267 3263/3263 3260/3260
f 3267/3267 3260/3260 3264/3264
f 3271/3271 3267/3267 3264/3264
f 3271/3271 3264/3264 3268/3268
f 3275/3275 3271/3271 3268/3268
f 3275/3275 3268/3268 3272/3272
f 3237/3237 3275/3275 3272/3272
f 3237/3237 3272/3272 3238/3238
f 3283/3283 3280/3280 3279/3279
f 3283/3283 3279/3279 3282/3282
f 3286/3286 3283/3283 3282/3282
f 3286/3286 3282/3282 3285/3285
f 3289/3289 3286/3286 3285/3285
f 3289/3289 3285/3285 3288/3288
f 3292/3292 3289/3289 3288/3288
f 3292/3292 3288/3288 3291/3291
f 3295/3295 3292/3292 3291/3291
f 3295/3295 3291/3291 3294/3294
f 3298/3298 3295/3295 3294/3294
f 3298/3298 3294/3294 3297/3297
f 3301/3301 3298/3298 3297/3297
f 3301/3301 3297/3297 3300/3300
f 3304/3304 3301/3301 3300/3300
f 3304/3304 3300/3300 3303/3303
f 3310/3310 3306/3306 3308/3308
f 3310/3310 3308/3308 3309/3309
f 3312/3312 3310/3310 3309/3309
f 3312/3312 3309/3309 3314/3314
f 3277/3277 3304/3304 3303/3303
f 3277/3277 3303/3303 3276/3276
f 3306/3306 3277/3277 3276/3276
f 3306/3306 3276/3276 3308/3308
f 3322/3322 3319/3319 3318/3318
f 3322/3322 3318/3318 3321/3321
f 3325/3325 3322/3322 3321/3321
f 3325/3325 3321/3321 3324/3324
f 3328/3328 3325/3325 3324/3324
f 3328/3328 3324/3324 3327/3327
f 3331/3331 3328/3328 3327/3327
f 3331/3331 3327/3327 3330/3330
f 3334/3334 3331/3331 3330/3330
f 3334/3334 3330/3330 3333/3333
f 3337/3337 3334/3334 3333/3333
f 3337/3337 3333/3333 3336/3336
f 3340/3340 3337/3337 3336/3336
f 3340/3340 3336/3336 3339/3339
f 3349/3349 3345/3345 3347/3347
f 3349/3349 3347/3347 3348/3348
f 3351/3351 3349/3349 3348/3348
f 3351/3351 3348/3348 3353/3353
f 3316/3316 3343/3343 3342/3342
f 3316/3316 3342/3342 3315/3315
f 3345/3345 3316/3316 3315/3315
f 3345/3345 3315/3315 3347/3347
f 3361/3361 3357/3357 3359/3359
f 3361/3361 3359/3359 3360/3360
f 3364/3364 3361/3361 3360/3360
f 3364/3364 3360/3360 3363/3363
f 3370/3370 3367/3367 3366/3366
f 3370/3370 3366/3366 3369/3369
f 3373/3373 3370/3370 3369/3369
f 3373/3373 3369/3369 3372/3372
f 3376/3376 3373/3373 3372/3372
f 3376/3376 3372/3372 3375/3375
f 3379/3379 3376/3376 3375/3375
f 3379/3379 3375/3375 3378/3378
f 3382/3382 3379/3379 3378/3378
f 3382/3382 3378/3378 3381/3381
f 3388/3388 3384/3384 3386/3386
f 3388/3388 3386/3386 3387/3387
f 3391/3391 3388/3388 3387/3387
f 3391/3391 3387/3387 3390/3390
f 3355/3355 3382/3382 3381/3381
f 3355/3355 3381/3381 3354/3354
f 3384/3384 3355/3355 3354/3354
f 3384/3384 3354/3354 3386/3386
f 3398/3398 3359/3359 3357/3357
f 3398/3398 3357/3357 3396/3396
f 3401/3401 3398/3398 3396/3396
f 3401/3401 3396/3396 3399/3399
f 3404/3404 3401/3401 3399/3399
f 3404/3404 3399/3399 3402/3402
f 3407/3407 3404/3404 3402/3402
f 3407/3407 3402/3402 3405/3405
f 3410/3410 3407/3407 3405/3405
f 3410/3410 3405/3405 3408/3408
f 3413/3413 3410/3410 3408/3408
f 3413/3413 3408/3408 3411/3411
f 3416/3416 3413/3413 3411/3411
f 3416/3416 3411/3411 3414/3414
f 3419/3419 3416/3416 3414/3414
f 3419/3419 3414/3414 3417/3417
f 3425/3425 3420/3420 3421/3421
f 3425/3425 3421/3421 3423/3423
f 3390/3390 3425/3425 3423/3423
f 3390/3390 3423/3423 3391/3391
f 3395/3395 3419/3419 3417/3417
f 3395/3395 3417/3417 3393/3393
f 3420/3420 3395/3395 3393/3393
f 3420/3420 3393/3393 3421/3421
f 3208/3208 3429/3429 3426/3426
f 3208/3208 3426/3426 3209/3209
f 3430/3430 3434/3434 3436/3436
f 3430/3430 3436/3436 3433/3433
f 3434/3434 3437/3437 3438/3438
f 3434/3434 3438/3438 3436/3436
f 3554/3554 3439/3439 3441/3441
f 3554/3554 3441/3441 3553/3553
f 3437/3437 3442/3442 3444/3444
f 3437/3437 3444/3444 3438/3438
f 3439/3439 3446/3446 3449/3449
f 3439/3439 3449/3449 3441/3441
f 3445/3445 3450/3450 3451/3451
f 3445/3445 3451/3451 3448/3448
f 3452/3452 3456/3456 3461/3461
f 3452/3452 3461/3461 3454/3454
f 3455/3455 3462/3462 3465/3465
f 3455/3455 3465/3465 3460/3460
f 3462/3462 3466/3466 3469/3469
f 3462/3462 3469/3469 3465/3465
f 3466/3466 3470/3470 3473/3473
f 3466/3466 3473/3473 3469/3469
f 3480/3480 3476/3476 3475/3475
f 3480/3480 3475/3475 3479/3479
f 3484/3484 3480/3480 3479/3479
f 3484/3484 3479/3479 3483/3483
f 3488/3488 3484/3484 3483/3483
f 3488/3488 3483/3483 3487/3487
f 3492/3492 3488/3488 3487/3487
f 3492/3492 3487/3487 3491/3491
f 3496/3496 3492/3492 3491/3491
f 3496/3496 3491/3491 3495/3495
f 3500/3500 3496/3496 3495/3495
f 3500/3500 3495/3495 3499/3499
f 3504/3504 3500/3500 3499/3499
f 3504/3504 3499/3499 3503/3503
f 3508/3508 3504/3504 3503/3503
f 3508/3508 3503/3503 3507/3507
f 3470/3470 3508/3508 3507/3507
f 3470/3470 3507/3507 3473/3473
f 3518/3518 3515/3515 3513/3513
f 3518/3518 3513/3513 3516/3516
f 3521/3521 3518/3518 3516/3516
f 3521/3521 3516/3516 3519/3519
f 3524/3524 3521/3521 3519/3519
f 3524/3524 3519/3519 3522/3522
f 3527/3527 3524/3524 3522/3522
f 3527/3527 3522/3522 3525/3525
f 3530/3530 3527/3527 3525/3525
f 3530/3530 3525/3525 3528/3528
f 3533/3533 3530/3530 3528/3528
f 3533/3533 3528/3528 3531/3531
f 3536/3536 3533/3533 3531/3531
f 3536/3536 3531/3531 3534/3534
f 3539/3539 3536/3536 3534/3534
f 3539/3539 3534/3534 3537/3537
f 3545/3545 3540/3540 3541/3541
f 3545/3545 3541/3541 3543/3543
f 3546/3546 3545/3545 3543/3543
f 3546/3546 3543/3543 3548/3548
f 3512/3512 3539/3539 3537/3537
f 3512/3512 3537/3537 3510/3510
f 3540/3540 3512/3512 3510/3510
f 3540/3540 3510/3510 3541/3541
f 3442/3442 3554/3554 3553/3553
f 3442/3442 3553/3553 3444/3444
f 3197/3197 3193/3193 3432/3432
f 3197/3197 3432/3432 3435/3435
f 3568/3568 3784/3784 3779/3779
f 3568/3568 3779/3779 3562/3562
f 3565/3565 3781/3781 3880/3880
f 3565/3565 3880/3880 3773/3773
f 3694/3694 3668/3668 3564/3564
f 3686/3686 3772/3772 3571/3571
f 3686/3686 3571/3571 3689/3689
f 3572/3572 3788/3788 3781/3781
f 3572/3572 3781/3781 3565/3565
f 3773/3773 3880/3880 3784/3784
f 3773/3773 3784/3784 3568/3568
f 3680/3680 3677/3677 3567/3567
f 3737/3737 3576/3576 3769/3769
f 3584/3584 3800/3800 3794/3794
f 3584/3584 3794/3794 3580/3580
f 3767/3767 3769/3769 3576/3576
f 3767/3767 3576/3576 3557/3557
f 3754/3754 3959/3959 3588/3588
f 3754/3754 3588/3588 3751/3751
f 3952/3952 3227/3227 3231/3231
f 3952/3952 3231/3231 3954/3954
f 3703/3703 3742/3742 3582/3582
f 3589/3589 3805/3805 3799/3799
f 3589/3589 3799/3799 3583/3583
f 3748/3748 3751/3751 3588/3588
f 3707/3707 3703/3703 3582/3582
f 3567/3567 3772/3772 3683/3683
f 3567/3567 3683/3683 3680/3680
f 3185/3185 3422/3422 3394/3394
f 3185/3185 3394/3394 3183/3183
f 3593/3593 3809/3809 3805/3805
f 3593/3593 3805/3805 3589/3589
f 3748/3748 3588/3588 3745/3745
f 3954/3954 3231/3231 3235/3235
f 3954/3954 3235/3235 3953/3953
f 3597/3597 3813/3813 3809/3809
f 3597/3597 3809/3809 3593/3593
f 3627/3627 3839/3839 3843/3843
f 3627/3627 3843/3843 3631/3631
f 3242/3242 3474/3474 3815/3815
f 3242/3242 3815/3815 3603/3603
f 3313/3313 3182/3182 3953/3953
f 3313/3313 3953/3953 3311/3311
f 3631/3631 3843/3843 3813/3813
f 3631/3631 3813/3813 3597/3597
f 3623/3623 3835/3835 3839/3839
f 3623/3623 3839/3839 3627/3627
f 3619/3619 3831/3831 3835/3835
f 3619/3619 3835/3835 3623/3623
f 3615/3615 3827/3827 3831/3831
f 3615/3615 3831/3831 3619/3619
f 3611/3611 3823/3823 3827/3827
f 3611/3611 3827/3827 3615/3615
f 3607/3607 3819/3819 3823/3823
f 3607/3607 3823/3823 3611/3611
f 3963/3963 3189/3189 3187/3187
f 3963/3963 3187/3187 3965/3965
f 3964/3964 3191/3191 3189/3189
f 3964/3964 3189/3189 3963/3963
f 3967/3967 3186/3186 3188/3188
f 3967/3967 3188/3188 3968/3968
f 3812/3812 3848/3848 3876/3876
f 3812/3812 3876/3876 3808/3808
f 3963/3963 3804/3804 3808/3808
f 3963/3963 3808/3808 3964/3964
f 3842/3842 3869/3869 3872/3872
f 3842/3842 3872/3872 3846/3846
f 3477/3477 3514/3514 3851/3851
f 3477/3477 3851/3851 3818/3818
f 3876/3876 3878/3878 3808/3808
f 3551/3551 3191/3191 3964/3964
f 3551/3551 3964/3964 3878/3878
f 3846/3846 3872/3872 3848/3848
f 3846/3846 3848/3848 3812/3812
f 3838/3838 3866/3866 3869/3869
f 3838/3838 3869/3869 3842/3842
f 3834/3834 3863/3863 3866/3866
f 3834/3834 3866/3866 3838/3838
f 3830/3830 3860/3860 3863/3863
f 3830/3830 3863/3863 3834/3834
f 3826/3826 3857/3857 3860/3860
f 3826/3826 3860/3860 3830/3830
f 3822/3822 3854/3854 3857/3857
f 3822/3822 3857/3857 3826/3826
f 3818/3818 3851/3851 3854/3854
f 3818/3818 3854/3854 3822/3822
f 3555/3555 3556/3556 3961/3961
f 3555/3555 3961/3961 3956/3956
f 3600/3600 3596/3596 3661/3661
f 3600/3600 3661/3661 3635/3635
f 3760/3760 3763/3763 3956/3956
f 3683/3683 3772/3772 3686/3686
f 3241/3241 3602/3602 3638/3638
f 3241/3241 3638/3638 3281/3281
f 3602/3602 3606/3606 3641/3641
f 3602/3602 3641/3641 3638/3638
f 3606/3606 3610/3610 3644/3644
f 3606/3606 3644/3644 3641/3641
f 3757/3757 3760/3760 3956/3956
f 3757/3757 3956/3956 3959/3959
f 3610/3610 3614/3614 3647/3647
f 3610/3610 3647/3647 3644/3644
f 3557/3557 3555/3555 3739/3739
f 3557/3557 3739/3739 3767/3767
f 3614/3614 3618/3618 3650/3650
f 3614/3614 3650/3650 3647/3647
f 3562/3562 3779/3779 3777/3777
f 3562/3562 3777/3777 3559/3559
f 3618/3618 3622/3622 3653/3653
f 3618/3618 3653/3653 3650/3650
f 3622/3622 3626/3626 3656/3656
f 3622/3622 3656/3656 3653/3653
f 3626/3626 3630/3630 3659/3659
f 3626/3626 3659/3659 3656/3656
f 3630/3630 3600/3600 3635/3635
f 3630/3630 3635/3635 3659/3659
f 3561/3561 3196/3196 3352/3352
f 3561/3561 3352/3352 3698/3698
f 3577/3577 3792/3792 3789/3789
f 3577/3577 3789/3789 3573/3573
f 3564/3564 3561/3561 3698/3698
f 3564/3564 3698/3698 3694/3694
f 3576/3576 3567/3567 3677/3677
f 3576/3576 3677/3677 3557/3557
f 3571/3571 3564/3564 3668/3668
f 3571/3571 3668/3668 3692/3692
f 3692/3692 3689/3689 3571/3571
f 3579/3579 3576/3576 3737/3737
f 3579/3579 3737/3737 3734/3734
f 3603/3603 3815/3815 3819/3819
f 3603/3603 3819/3819 3607/3607
f 3320/3320 3179/3179 3556/3556
f 3320/3320 3556/3556 3671/3671
f 3671/3671 3556/3556 3555/3555
f 3671/3671 3555/3555 3674/3674
f 3582/3582 3742/3742 3745/3745
f 3582/3582 3745/3745 3588/3588
f 3674/3674 3555/3555 3557/3557
f 3674/3674 3557/3557 3677/3677
f 3960/3960 3596/3596 3592/3592
f 3960/3960 3592/3592 3958/3958
f 3194/3194 3195/3195 3560/3560
f 3194/3194 3560/3560 3559/3559
f 3559/3559 3560/3560 3563/3563
f 3559/3559 3563/3563 3562/3562
f 3774/3774 3771/3771 3566/3566
f 3774/3774 3566/3566 3565/3565
f 3562/3562 3563/3563 3570/3570
f 3562/3562 3570/3570 3569/3569
f 3565/3565 3566/3566 3574/3574
f 3565/3565 3574/3574 3572/3572
f 3573/3573 3575/3575 3578/3578
f 3573/3573 3578/3578 3577/3577
f 3580/3580 3581/3581 3586/3586
f 3580/3580 3586/3586 3584/3584
f 3585/3585 3587/3587 3591/3591
f 3585/3585 3591/3591 3590/3590
f 3590/3590 3591/3591 3595/3595
f 3590/3590 3595/3595 3594/3594
f 3594/3594 3595/3595 3599/3599
f 3594/3594 3599/3599 3598/3598
f 3604/3604 3601/3601 3240/3240
f 3604/3604 3240/3240 3243/3243
f 3608/3608 3605/3605 3601/3601
f 3608/3608 3601/3601 3604/3604
f 3612/3612 3609/3609 3605/3605
f 3612/3612 3605/3605 3608/3608
f 3616/3616 3613/3613 3609/3609
f 3616/3616 3609/3609 3612/3612
f 3620/3620 3617/3617 3613/3613
f 3620/3620 3613/3613 3616/3616
f 3624/3624 3621/3621 3617/3617
f 3624/3624 3617/3617 3620/3620
f 3628/3628 3625/3625 3621/3621
f 3628/3628 3621/3621 3624/3624
f 3632/3632 3629/3629 3625/3625
f 3632/3632 3625/3625 3628/3628
f 3598/3598 3599/3599 3629/3629
f 3598/3598 3629/3629 3632/3632
f 3637/3637 3636/3636 3279/3279
f 3637/3637 3279/3279 3280/3280
f 3640/3640 3639/3639 3636/3636
f 3640/3640 3636/3636 3637/3637
f 3643/3643 3642/3642 3639/3639
f 3643/3643 3639/3639 3640/3640
f 3646/3646 3645/3645 3642/3642
f 3646/3646 3642/3642 3643/3643
f 3649/3649 3648/3648 3645/3645
f 3649/3649 3645/3645 3646/3646
f 3652/3652 3651/3651 3648/3648
f 3652/3652 3648/3648 3649/3649
f 3655/3655 3654/3654 3651/3651
f 3655/3655 3651/3651 3652/3652
f 3658/3658 3657/3657 3654/3654
f 3658/3658 3654/3654 3655/3655
f 3664/3664 3663/3663 3662/3662
f 3664/3664 3662/3662 3660/3660
f 3312/3312 3314/3314 3663/3663
f 3312/3312 3663/3663 3664/3664
f 3634/3634 3633/3633 3657/3657
f 3634/3634 3657/3657 3658/3658
f 3660/3660 3662/3662 3633/3633
f 3660/3660 3633/3633 3634/3634
f 3670/3670 3669/3669 3318/3318
f 3670/3670 3318/3318 3319/3319
f 3673/3673 3672/3672 3669/3669
f 3673/3673 3669/3669 3670/3670
f 3676/3676 3675/3675 3672/3672
f 3676/3676 3672/3672 3673/3673
f 3679/3679 3678/3678 3675/3675
f 3679/3679 3675/3675 3676/3676
f 3682/3682 3681/3681 3678/3678
f 3682/3682 3678/3678 3679/3679
f 3685/3685 3684/3684 3681/3681
f 3685/3685 3681/3681 3682/3682
f 3688/3688 3687/3687 3684/3684
f 3688/3688 3684/3684 3685/3685
f 3691/3691 3690/3690 3687/3687
f 3691/3691 3687/3687 3688/3688
f 3697/3697 3696/3696 3695/3695
f 3697/3697 3695/3695 3693/3693
f 3351/3351 3353/3353 3696/3696
f 3351/3351 3696/3696 3697/3697
f 3667/3667 3666/3666 3690/3690
f 3667/3667 3690/3690 3691/3691
f 3693/3693 3695/3695 3666/3666
f 3693/3693 3666/3666 3667/3667
f 3706/3706 3705/3705 3704/3704
f 3706/3706 3704/3704 3702/3702
f 3709/3709 3708/3708 3705/3705
f 3709/3709 3705/3705 3706/3706
f 3712/3712 3711/3711 3708/3708
f 3712/3712 3708/3708 3709/3709
f 3715/3715 3714/3714 3711/3711
f 3715/3715 3711/3711 3712/3712
f 3718/3718 3717/3717 3714/3714
f 3718/3718 3714/3714 3715/3715
f 3721/3721 3720/3720 3717/3717
f 3721/3721 3717/3717 3718/3718
f 3724/3724 3723/3723 3720/3720
f 3724/3724 3720/3720 3721/3721
f 3727/3727 3726/3726 3723/3723
f 3727/3727 3723/3723 3724/3724
f 3733/3733 3732/3732 3731/3731
f 3733/3733 3731/3731 3729/3729
f 3736/3736 3735/3735 3732/3732
f 3736/3736 3732/3732 3733/3733
f 3700/3700 3699/3699 3726/3726
f 3700/3700 3726/3726 3727/3727
f 3729/3729 3731/3731 3699/3699
f 3729/3729 3699/3699 3700/3700
f 3743/3743 3741/3741 3702/3702
f 3743/3743 3702/3702 3704/3704
f 3746/3746 3744/3744 3741/3741
f 3746/3746 3741/3741 3743/3743
f 3749/3749 3747/3747 3744/3744
f 3749/3749 3744/3744 3746/3746
f 3752/3752 3750/3750 3747/3747
f 3752/3752 3747/3747 3749/3749
f 3755/3755 3753/3753 3750/3750
f 3755/3755 3750/3750 3752/3752
f 3758/3758 3756/3756 3753/3753
f 3758/3758 3753/3753 3755/3755
f 3761/3761 3759/3759 3756/3756
f 3761/3761 3756/3756 3758/3758
f 3764/3764 3762/3762 3759/3759
f 3764/3764 3759/3759 3761/3761
f 3770/3770 3768/3768 3766/3766
f 3770/3770 3766/3766 3765/3765
f 3735/3735 3736/3736 3768/3768
f 3735/3735 3768/3768 3770/3770
f 3740/3740 3738/3738 3762/3762
f 3740/3740 3762/3762 3764/3764
f 3765/3765 3766/3766 3738/3738
f 3765/3765 3738/3738 3740/3740
f 3569/3569 3570/3570 3771/3771
f 3569/3569 3771/3771 3774/3774
f 3430/3430 3433/3433 3777/3777
f 3430/3430 3777/3777 3775/3775
f 3775/3775 3777/3777 3779/3779
f 3775/3775 3779/3779 3778/3778
f 3882/3882 3881/3881 3782/3782
f 3882/3882 3782/3782 3780/3780
f 3778/3778 3779/3779 3785/3785
f 3778/3778 3785/3785 3783/3783
f 3780/3780 3782/3782 3790/3790
f 3780/3780 3790/3790 3787/3787
f 3786/3786 3789/3789 3792/3792
f 3786/3786 3792/3792 3791/3791
f 3793/3793 3795/3795 3802/3802
f 3793/3793 3802/3802 3797/3797
f 3796/3796 3801/3801 3806/3806
f 3796/3796 3806/3806 3803/3803
f 3803/3803 3806/3806 3810/3810
f 3803/3803 3810/3810 3807/3807
f 3807/3807 3810/3810 3814/3814
f 3807/3807 3814/3814 3811/3811
f 3817/3817 3816/3816 3475/3475
f 3817/3817 3475/3475 3476/3476
f 3821/3821 3820/3820 3816/3816
f 3821/3821 3816/3816 3817/3817
f 3825/3825 3824/3824 3820/3820
f 3825/3825 3820/3820 3821/3821
f 3829/3829 3828/3828 3824/3824
f 3829/3829 3824/3824 3825/3825
f 3833/3833 3832/3832 3828/3828
f 3833/3833 3828/3828 3829/3829
f 3837/3837 3836/3836 3832/3832
f 3837/3837 3832/3832 3833/3833
f 3841/3841 3840/3840 3836/3836
f 3841/3841 3836/3836 3837/3837
f 3845/3845 3844/3844 3840/3840
f 3845/3845 3840/3840 3841/3841
f 3811/3811 3814/3814 3844/3844
f 3811/3811 3844/3844 3845/3845
f 3852/3852 3850/3850 3513/3513
f 3852/3852 3513/3513 3515/3515
f 3855/3855 3853/3853 3850/3850
f 3855/3855 3850/3850 3852/3852
f 3858/3858 3856/3856 3853/3853
f 3858/3858 3853/3853 3855/3855
f 3861/3861 3859/3859 3856/3856
f 3861/3861 3856/3856 3858/3858
f 3864/3864 3862/3862 3859/3859
f 3864/3864 3859/3859 3861/3861
f 3867/3867 3865/3865 3862/3862
f 3867/3867 3862/3862 3864/3864
f 3870/3870 3868/3868 3865/3865
f 3870/3870 3865/3865 3867/3867
f 3873/3873 3871/3871 3868/3868
f 3873/3873 3868/3868 3870/3870
f 3879/3879 3877/3877 3875/3875
f 3879/3879 3875/3875 3874/3874
f 3547/3547 3549/3549 3877/3877
f 3547/3547 3877/3877 3879/3879
f 3849/3849 3847/3847 3871/3871
f 3849/3849 3871/3871 3873/3873
f 3874/3874 3875/3875 3847/3847
f 3874/3874 3847/3847 3849/3849
f 3783/3783 3785/3785 3881/3881
f 3783/3783 3881/3881 3882/3882
f 3558/3558 3776/3776 3431/3431
f 3558/3558 3431/3431 3192/3192
f 3932/3932 3374/3374 3377/3377
f 3932/3932 3377/3377 3886/3886
f 3722/3722 3897/3897 3922/3922
f 3722/3722 3922/3922 3725/3725
f 3884/3884 3883/3883 3885/3885
f 3884/3884 3885/3885 3887/3887
f 3889/3889 3890/3890 3893/3893
f 3889/3889 3893/3893 3891/3891
f 3891/3891 3892/3892 3883/3883
f 3891/3891 3883/3883 3884/3884
f 3895/3895 3894/3894 3896/3896
f 3895/3895 3896/3896 3898/3898
f 3900/3900 3901/3901 3904/3904
f 3900/3900 3904/3904 3903/3903
f 3902/3902 3904/3904 3894/3894
f 3902/3902 3894/3894 3895/3895
f 3922/3922 3728/3728 3725/3725
f 3377/3377 3888/3888 3886/3886
f 3906/3906 3905/3905 3908/3908
f 3906/3906 3908/3908 3910/3910
f 3912/3912 3913/3913 3915/3915
f 3912/3912 3915/3915 3914/3914
f 3914/3914 3915/3915 3905/3905
f 3914/3914 3905/3905 3907/3907
f 3918/3918 3916/3916 3919/3919
f 3918/3918 3919/3919 3921/3921
f 3923/3923 3924/3924 3926/3926
f 3923/3923 3926/3926 3925/3925
f 3925/3925 3926/3926 3917/3917
f 3925/3925 3917/3917 3918/3918
f 3216/3216 3906/3906 3910/3910
f 3216/3216 3910/3910 3217/3217
f 3905/3905 3884/3884 3887/3887
f 3905/3905 3887/3887 3908/3908
f 3907/3907 3216/3216 3451/3451
f 3907/3907 3451/3451 3914/3914
f 3884/3884 3905/3905 3915/3915
f 3884/3884 3915/3915 3891/3891
f 3911/3911 3385/3385 3389/3389
f 3911/3911 3389/3389 3218/3218
f 3909/3909 3383/3383 3356/3356
f 3909/3909 3356/3356 3911/3911
f 3356/3356 3385/3385 3911/3911
f 3944/3944 3713/3713 3710/3710
f 3450/3450 3912/3912 3914/3914
f 3450/3450 3914/3914 3451/3451
f 3913/3913 3889/3889 3891/3891
f 3913/3913 3891/3891 3915/3915
f 3577/3577 3578/3578 3919/3919
f 3577/3577 3919/3919 3916/3916
f 3894/3894 3904/3904 3925/3925
f 3894/3894 3925/3925 3918/3918
f 3918/3918 3921/3921 3896/3896
f 3918/3918 3896/3896 3894/3894
f 3917/3917 3926/3926 3792/3792
f 3917/3917 3792/3792 3577/3577
f 3920/3920 3579/3579 3734/3734
f 3920/3920 3734/3734 3730/3730
f 3728/3728 3922/3922 3920/3920
f 3728/3728 3920/3920 3701/3701
f 3942/3942 3719/3719 3716/3716
f 3920/3920 3730/3730 3701/3701
f 3888/3888 3377/3377 3380/3380
f 3888/3888 3380/3380 3909/3909
f 3791/3791 3792/3792 3926/3926
f 3791/3791 3926/3926 3924/3924
f 3923/3923 3925/3925 3904/3904
f 3923/3923 3904/3904 3901/3901
f 3928/3928 3927/3927 3929/3929
f 3928/3928 3929/3929 3931/3931
f 3933/3933 3934/3934 3938/3938
f 3933/3933 3938/3938 3936/3936
f 3935/3935 3937/3937 3927/3927
f 3935/3935 3927/3927 3928/3928
f 3940/3940 3939/3939 3941/3941
f 3940/3940 3941/3941 3943/3943
f 3945/3945 3946/3946 3950/3950
f 3945/3945 3950/3950 3948/3948
f 3947/3947 3949/3949 3939/3939
f 3947/3947 3939/3939 3940/3940
f 3883/3883 3928/3928 3931/3931
f 3883/3883 3931/3931 3885/3885
f 3927/3927 3219/3219 3220/3220
f 3927/3927 3220/3220 3929/3929
f 3219/3219 3927/3927 3937/3937
f 3219/3219 3937/3937 3453/3453
f 3928/3928 3883/3883 3892/3892
f 3928/3928 3892/3892 3935/3935
f 3930/3930 3368/3368 3371/3371
f 3930/3930 3371/3371 3932/3932
f 3221/3221 3362/3362 3365/3365
f 3221/3221 3365/3365 3930/3930
f 3897/3897 3722/3722 3899/3899
f 3890/3890 3933/3933 3936/3936
f 3890/3890 3936/3936 3893/3893
f 3934/3934 3452/3452 3454/3454
f 3934/3934 3454/3454 3938/3938
f 3895/3895 3898/3898 3941/3941
f 3895/3895 3941/3941 3939/3939
f 3940/3940 3943/3943 3581/3581
f 3940/3940 3581/3581 3580/3580
f 3580/3580 3794/3794 3947/3947
f 3580/3580 3947/3947 3940/3940
f 3939/3939 3949/3949 3902/3902
f 3939/3939 3902/3902 3895/3895
f 3582/3582 3944/3944 3710/3710
f 3582/3582 3710/3710 3707/3707
f 3899/3899 3722/3722 3719/3719
f 3899/3899 3719/3719 3942/3942
f 3713/3713 3944/3944 3942/3942
f 3713/3713 3942/3942 3716/3716
f 3900/3900 3903/3903 3950/3950
f 3900/3900 3950/3950 3946/3946
f 3945/3945 3948/3948 3795/3795
f 3945/3945 3795/3795 3793/3793
f 3962/3962 3961/3961 3951/3951
f 3962/3962 3951/3951 3955/3955
f 3182/3182 3313/3313 3665/3665
f 3182/3182 3665/3665 3960/3960
f 3180/3180 3957/3957 3959/3959
f 3961/3961 3184/3184 3183/3183
f 3961/3961 3183/3183 3951/3951
f 3955/3955 3952/3952 3180/3180
f 3179/3179 3961/3961 3556/3556
f 3181/3181 3954/3954 3953/3953
f 3181/3181 3953/3953 3182/3182
f 3964/3964 3808/3808 3878/3878
f 3968/3968 3463/3463 3457/3457
f 3968/3968 3457/3457 3967/3967
f 3959/3959 3957/3957 3588/3588
f 3544/3544 3467/3467 3966/3966
f 3227/3227 3952/3952 3955/3955
f 3383/3383 3909/3909 3380/3380
f 3368/3368 3930/3930 3365/3365
f 3371/3371 3374/3374 3932/3932
f 3364/3364 3363/3363 3366/3366
f 3364/3364 3366/3366 3367/3367
f 3340/3340 3339/3339 3342/3342
f 3340/3340 3342/3342 3343/3343
f 3394/3394 3418/3418 3951/3951
f 3394/3394 3951/3951 3183/3183
f 3955/3955 3412/3412 3409/3409
f 3959/3959 3754/3754 3757/3757
f 3961/3961 3962/3962 3959/3959
f 3961/3961 3959/3959 3956/3956
f 1324/1324 1323/1323 1329/1329
f 1324/1324 1329/1329 1330/1330
f 3981/3981 3978/3978 3977/3977
f 3981/3981 3977/3977 3974/3974
f 3983/3983 3981/3981 3974/3974
f 3983/3983 3974/3974 3972/3972
f 3982/3982 3983/3983 3972/3972
f 3982/3982 3972/3972 3973/3973
f 3976/3976 3979/3979 3980/3980
f 3976/3976 3980/3980 3975/3975
f 3971/3971 3975/3975 3980/3980
f 3971/3971 3980/3980 3985/3985
f 3978/3978 3979/3979 3976/3976
f 3978/3978 3976/3976 3977/3977
f 475/475 987/987 3981/3981
f 475/475 3981/3981 3983/3983
f 987/987 993/993 3978/3978
f 987/987 3978/3978 3981/3981
f 329/329 3985/3985 3980/3980
f 329/329 3980/3980 989/989
f 993/993 991/991 3979/3979
f 993/993 3979/3979 3978/3978
f 478/478 475/475 3983/3983
f 478/478 3983/3983 3982/3982
f 989/989 3980/3980 3979/3979
f 989/989 3979/3979 991/991
f 4533/4533 4524/4524 4010/4010
f 4533/4533 4010/4010 4037/4037
f 4530/4530 4529/4529 4007/4007
f 4530/4530 4007/4007 4006/4006
f 4532/4532 4531/4531 4009/4009
f 4532/4532 4009/4009 4011/4011
f 4531/4531 4530/4530 4006/4006
f 4531/4531 4006/4006 4009/4009
f 4524/4524 4532/4532 4011/4011
f 4524/4524 4011/4011 4010/4010
f 4523/4523 4008/4008 4007/4007
f 4523/4523 4007/4007 4529/4529
f 4523/4523 4528/4528 4015/4015
f 4523/4523 4015/4015 4008/4008
f 4016/4016 4017/4017 4028/4028
f 4016/4016 4028/4028 4026/4026
f 4019/4019 4016/4016 4026/4026
f 4019/4019 4026/4026 4032/4032
f 4017/4017 4018/4018 4030/4030
f 4017/4017 4030/4030 4028/4028
f 4526/4526 4533/4533 4037/4037
f 4526/4526 4037/4037 4013/4013
f 3969/3969 4044/4044 972/972
f 3969/3969 972/972 995/995
f 995/995 478/478 3982/3982
f 995/995 3982/3982 3969/3969
f 3969/3969 4034/4034 4042/4042
f 3969/3969 4042/4042 4044/4044
f 3973/3973 4034/4034 3969/3969
f 3973/3973 3969/3969 3982/3982
f 4055/4055 4048/4048 4051/4051
f 4055/4055 4051/4051 4052/4052
f 4057/4057 4046/4046 4048/4048
f 4057/4057 4048/4048 4055/4055
f 4056/4056 4047/4047 4046/4046
f 4056/4056 4046/4046 4057/4057
f 4050/4050 4049/4049 4054/4054
f 4050/4050 4054/4054 4053/4053
f 3970/3970 3984/3984 4054/4054
f 3970/3970 4054/4054 4049/4049
f 4052/4052 4051/4051 4050/4050
f 4052/4052 4050/4050 4053/4053
f 470/470 4057/4057 4055/4055
f 470/470 4055/4055 997/997
f 997/997 4055/4055 4052/4052
f 997/997 4052/4052 1003/1003
f 328/328 999/999 4054/4054
f 328/328 4054/4054 3984/3984
f 1003/1003 4052/4052 4053/4053
f 1003/1003 4053/4053 1001/1001
f 473/473 4056/4056 4057/4057
f 473/473 4057/4057 470/470
f 999/999 1001/1001 4053/4053
f 999/999 4053/4053 4054/4054
f 4540/4540 4093/4093 4074/4074
f 4540/4540 4074/4074 4535/4535
f 4537/4537 4070/4070 4071/4071
f 4537/4537 4071/4071 4536/4536
f 4539/4539 4075/4075 4073/4073
f 4539/4539 4073/4073 4538/4538
f 4538/4538 4073/4073 4070/4070
f 4538/4538 4070/4070 4537/4537
f 4535/4535 4074/4074 4075/4075
f 4535/4535 4075/4075 4539/4539
f 4534/4534 4536/4536 4071/4071
f 4534/4534 4071/4071 4072/4072
f 4534/4534 4072/4072 4014/4014
f 4534/4534 4014/4014 4527/4527
f 4076/4076 4082/4082 4084/4084
f 4076/4076 4084/4084 4077/4077
f 4079/4079 4088/4088 4082/4082
f 4079/4079 4082/4082 4076/4076
f 4077/4077 4084/4084 4086/4086
f 4077/4077 4086/4086 4078/4078
f 4525/4525 4012/4012 4093/4093
f 4525/4525 4093/4093 4540/4540
f 4045/4045 1005/1005 971/971
f 4045/4045 971/971 4043/4043
f 1005/1005 4045/4045 4056/4056
f 1005/1005 4056/4056 473/473
f 4045/4045 4043/4043 4041/4041
f 4045/4045 4041/4041 4090/4090
f 4047/4047 4056/4056 4045/4045
f 4047/4047 4045/4045 4090/4090
f 4112/4112 4117/4117 4118/4118
f 4112/4112 4118/4118 4110/4110
f 4106/4106 4107/4107 4108/4108
f 4106/4106 4108/4108 4105/4105
f 4117/4117 4106/4106 4105/4105
f 4117/4117 4105/4105 4118/4118
f 4100/4100 4101/4101 4102/4102
f 4100/4100 4102/4102 4099/4099
f 4104/4104 4108/4108 4107/4107
f 4104/4104 4107/4107 4103/4103
f 4098/4098 4104/4104 4103/4103
f 4098/4098 4103/4103 4097/4097
f 4099/4099 4098/4098 4097/4097
f 4099/4099 4097/4097 4100/4100
f 4101/4101 4114/4114 4116/4116
f 4101/4101 4116/4116 4102/4102
f 4109/4109 4131/4131 4132/4132
f 4109/4109 4132/4132 4111/4111
f 4128/4128 4129/4129 4130/4130
f 4128/4128 4130/4130 4127/4127
f 4131/4131 4128/4128 4127/4127
f 4131/4131 4127/4127 4132/4132
f 4122/4122 4123/4123 4124/4124
f 4122/4122 4124/4124 4121/4121
f 4126/4126 4130/4130 4129/4129
f 4126/4126 4129/4129 4125/4125
f 4120/4120 4126/4126 4125/4125
f 4120/4120 4125/4125 4119/4119
f 4121/4121 4120/4120 4119/4119
f 4121/4121 4119/4119 4122/4122
f 4123/4123 4115/4115 4113/4113
f 4123/4123 4113/4113 4124/4124
f 4104/4104 4098/4098 3986/3986
f 4104/4104 3986/3986 3989/3989
f 4098/4098 4099/4099 3987/3987
f 4098/4098 3987/3987 3986/3986
f 4102/4102 3988/3988 3987/3987
f 4102/4102 3987/3987 4099/4099
f 4102/4102 4116/4116 3995/3995
f 4102/4102 3995/3995 3988/3988
f 4108/4108 4104/4104 3989/3989
f 4108/4108 3989/3989 3991/3991
f 4105/4105 4108/4108 3991/3991
f 4105/4105 3991/3991 3990/3990
f 4118/4118 4105/4105 3990/3990
f 4118/4118 3990/3990 4035/4035
f 4110/4110 4118/4118 4035/4035
f 4110/4110 4035/4035 3993/3993
f 4109/4109 3992/3992 4091/4091
f 4109/4109 4091/4091 4131/4131
f 4123/4123 4060/4060 3994/3994
f 4123/4123 3994/3994 4115/4115
f 4125/4125 4061/4061 4058/4058
f 4125/4125 4058/4058 4119/4119
f 4119/4119 4058/4058 4059/4059
f 4119/4119 4059/4059 4122/4122
f 4123/4123 4122/4122 4059/4059
f 4123/4123 4059/4059 4060/4060
f 4129/4129 4063/4063 4061/4061
f 4129/4129 4061/4061 4125/4125
f 4128/4128 4062/4062 4063/4063
f 4128/4128 4063/4063 4129/4129
f 4131/4131 4091/4091 4062/4062
f 4131/4131 4062/4062 4128/4128
f 4142/4142 4143/4143 4144/4144
f 4142/4142 4144/4144 4141/4141
f 4154/4154 4142/4142 4141/4141
f 4154/4154 4141/4141 4153/4153
f 4136/4136 4137/4137 4138/4138
f 4136/4136 4138/4138 4135/4135
f 4140/4140 4144/4144 4143/4143
f 4140/4140 4143/4143 4139/4139
f 4134/4134 4140/4140 4139/4139
f 4134/4134 4139/4139 4133/4133
f 4135/4135 4134/4134 4133/4133
f 4135/4135 4133/4133 4136/4136
f 4137/4137 4150/4150 4152/4152
f 4137/4137 4152/4152 4138/4138
f 4148/4148 4154/4154 4153/4153
f 4148/4148 4153/4153 4146/4146
f 4164/4164 4165/4165 4166/4166
f 4164/4164 4166/4166 4163/4163
f 4168/4168 4164/4164 4163/4163
f 4168/4168 4163/4163 4167/4167
f 4158/4158 4159/4159 4160/4160
f 4158/4158 4160/4160 4157/4157
f 4162/4162 4166/4166 4165/4165
f 4162/4162 4165/4165 4161/4161
f 4156/4156 4162/4162 4161/4161
f 4156/4156 4161/4161 4155/4155
f 4157/4157 4156/4156 4155/4155
f 4157/4157 4155/4155 4158/4158
f 4159/4159 4151/4151 4149/4149
f 4159/4159 4149/4149 4160/4160
f 4145/4145 4168/4168 4167/4167
f 4145/4145 4167/4167 4147/4147
f 4140/4140 4134/4134 3996/3996
f 4140/4140 3996/3996 3999/3999
f 3989/3989 3986/3986 4133/4133
f 3989/3989 4133/4133 4139/4139
f 4134/4134 4135/4135 3997/3997
f 4134/4134 3997/3997 3996/3996
f 3986/3986 3987/3987 4136/4136
f 3986/3986 4136/4136 4133/4133
f 4138/4138 3998/3998 3997/3997
f 4138/4138 3997/3997 4135/4135
f 3988/3988 4137/4137 4136/4136
f 3988/3988 4136/4136 3987/3987
f 3988/3988 3995/3995 4150/4150
f 3988/3988 4150/4150 4137/4137
f 4138/4138 4152/4152 4005/4005
f 4138/4138 4005/4005 3998/3998
f 4144/4144 4140/4140 3999/3999
f 4144/4144 3999/3999 4001/4001
f 3991/3991 3989/3989 4139/4139
f 3991/3991 4139/4139 4143/4143
f 4141/4141 4144/4144 4001/4001
f 4141/4141 4001/4001 4000/4000
f 4035/4035 3990/3990 4142/4142
f 4035/4035 4142/4142 4154/4154
f 3990/3990 3991/3991 4143/4143
f 3990/3990 4143/4143 4142/4142
f 4153/4153 4141/4141 4000/4000
f 4153/4153 4000/4000 4036/4036
f 3992/3992 4147/4147 4167/4167
f 3992/3992 4167/4167 4091/4091
f 3993/3993 4035/4035 4154/4154
f 3993/3993 4154/4154 4148/4148
f 4145/4145 4002/4002 4092/4092
f 4145/4145 4092/4092 4168/4168
f 4146/4146 4153/4153 4036/4036
f 4146/4146 4036/4036 4003/4003
f 4060/4060 4160/4160 4149/4149
f 4060/4060 4149/4149 3994/3994
f 4159/4159 4066/4066 4004/4004
f 4159/4159 4004/4004 4151/4151
f 4161/4161 4067/4067 4064/4064
f 4161/4161 4064/4064 4155/4155
f 4058/4058 4156/4156 4157/4157
f 4058/4058 4157/4157 4059/4059
f 4061/4061 4162/4162 4156/4156
f 4061/4061 4156/4156 4058/4058
f 4155/4155 4064/4064 4065/4065
f 4155/4155 4065/4065 4158/4158
f 4159/4159 4158/4158 4065/4065
f 4159/4159 4065/4065 4066/4066
f 4060/4060 4059/4059 4157/4157
f 4060/4060 4157/4157 4160/4160
f 4165/4165 4069/4069 4067/4067
f 4165/4165 4067/4067 4161/4161
f 4063/4063 4166/4166 4162/4162
f 4063/4063 4162/4162 4061/4061
f 4164/4164 4068/4068 4069/4069
f 4164/4164 4069/4069 4165/4165
f 4062/4062 4163/4163 4166/4166
f 4062/4062 4166/4166 4063/4063
f 4168/4168 4092/4092 4068/4068
f 4168/4168 4068/4068 4164/4164
f 4091/4091 4167/4167 4163/4163
f 4091/4091 4163/4163 4062/4062
f 4196/4196 4179/4179 4197/4197
f 4196/4196 4197/4197 4190/4190
f 4196/4196 4190/4190 4171/4171
f 4196/4196 4171/4171 4200/4200
f 4173/4173 4202/4202 4198/4198
f 4173/4173 4198/4198 4169/4169
f 4180/4180 4203/4203 4194/4194
f 4180/4180 4194/4194 4176/4176
f 4175/4175 4193/4193 4202/4202
f 4175/4175 4202/4202 4173/4173
f 4169/4169 4198/4198 4197/4197
f 4169/4169 4197/4197 4179/4179
f 4176/4176 4194/4194 4193/4193
f 4176/4176 4193/4193 4175/4175
f 4184/4184 4188/4188 4189/4189
f 4184/4184 4189/4189 4187/4187
f 4204/4204 4170/4170 4178/4178
f 4204/4204 4178/4178 4199/4199
f 4204/4204 4201/4201 4172/4172
f 4204/4204 4172/4172 4170/4170
f 4191/4191 4185/4185 4181/4181
f 4191/4191 4181/4181 4182/4182
f 4188/4188 4195/4195 4177/4177
f 4188/4188 4177/4177 4189/4189
f 4192/4192 4191/4191 4182/4182
f 4192/4192 4182/4182 4174/4174
f 4185/4185 4199/4199 4178/4178
f 4185/4185 4178/4178 4181/4181
f 4195/4195 4192/4192 4174/4174
f 4195/4195 4174/4174 4177/4177
f 4012/4012 4183/4183 4180/4180
f 4012/4012 4180/4180 4093/4093
f 4170/4170 4018/4018 4017/4017
f 4170/4170 4017/4017 4178/4178
f 4008/4008 4015/4015 4201/4201
f 4008/4008 4201/4201 4204/4204
f 4008/4008 4204/4204 4199/4199
f 4008/4008 4199/4199 4007/4007
f 4170/4170 4172/4172 4025/4025
f 4170/4170 4025/4025 4018/4018
f 4072/4072 4196/4196 4200/4200
f 4072/4072 4200/4200 4014/4014
f 4190/4190 4078/4078 4024/4024
f 4190/4190 4024/4024 4171/4171
f 4010/4010 4011/4011 4192/4192
f 4010/4010 4192/4192 4195/4195
f 4011/4011 4009/4009 4191/4191
f 4011/4011 4191/4191 4192/4192
f 4189/4189 4177/4177 4020/4020
f 4189/4189 4020/4020 4038/4038
f 4037/4037 4010/4010 4195/4195
f 4037/4037 4195/4195 4188/4188
f 4006/4006 4007/4007 4199/4199
f 4006/4006 4199/4199 4185/4185
f 4181/4181 4178/4178 4017/4017
f 4181/4181 4017/4017 4016/4016
f 4182/4182 4181/4181 4016/4016
f 4182/4182 4016/4016 4019/4019
f 4009/4009 4006/4006 4185/4185
f 4009/4009 4185/4185 4191/4191
f 4013/4013 4037/4037 4188/4188
f 4013/4013 4188/4188 4184/4184
f 4186/4186 4022/4022 4094/4094
f 4186/4186 4094/4094 4203/4203
f 4187/4187 4189/4189 4038/4038
f 4187/4187 4038/4038 4023/4023
f 4190/4190 4197/4197 4077/4077
f 4190/4190 4077/4077 4078/4078
f 4072/4072 4071/4071 4179/4179
f 4072/4072 4179/4179 4196/4196
f 4074/4074 4176/4176 4175/4175
f 4074/4074 4175/4175 4075/4075
f 4075/4075 4175/4175 4173/4173
f 4075/4075 4173/4173 4073/4073
f 4093/4093 4180/4180 4176/4176
f 4093/4093 4176/4176 4074/4074
f 4203/4203 4094/4094 4080/4080
f 4203/4203 4080/4080 4194/4194
f 4070/4070 4169/4169 4179/4179
f 4070/4070 4179/4179 4071/4071
f 4198/4198 4076/4076 4077/4077
f 4198/4198 4077/4077 4197/4197
f 4073/4073 4173/4173 4169/4169
f 4073/4073 4169/4169 4070/4070
f 4202/4202 4079/4079 4076/4076
f 4202/4202 4076/4076 4198/4198
f 4254/4254 4255/4255 4229/4229
f 4254/4254 4229/4229 4219/4219
f 4215/4215 4225/4225 4226/4226
f 4215/4215 4226/4226 4216/4216
f 4220/4220 4230/4230 4228/4228
f 4220/4220 4228/4228 4218/4218
f 4218/4218 4228/4228 4225/4225
f 4218/4218 4225/4225 4215/4215
f 4219/4219 4229/4229 4230/4230
f 4219/4219 4230/4230 4220/4220
f 4217/4217 4216/4216 4226/4226
f 4217/4217 4226/4226 4227/4227
f 4217/4217 4227/4227 4234/4234
f 4217/4217 4234/4234 4224/4224
f 4235/4235 4245/4245 4247/4247
f 4235/4235 4247/4247 4236/4236
f 4238/4238 4251/4251 4245/4245
f 4238/4238 4245/4245 4235/4235
f 4236/4236 4247/4247 4249/4249
f 4236/4236 4249/4249 4237/4237
f 4222/4222 4232/4232 4255/4255
f 4222/4222 4255/4255 4254/4254
f 4292/4292 4269/4269 4275/4275
f 4292/4292 4275/4275 4293/4293
f 4265/4265 4266/4266 4272/4272
f 4265/4265 4272/4272 4271/4271
f 4270/4270 4268/4268 4274/4274
f 4270/4270 4274/4274 4276/4276
f 4268/4268 4265/4265 4271/4271
f 4268/4268 4271/4271 4274/4274
f 4269/4269 4270/4270 4276/4276
f 4269/4269 4276/4276 4275/4275
f 4267/4267 4273/4273 4272/4272
f 4267/4267 4272/4272 4266/4266
f 4267/4267 4223/4223 4233/4233
f 4267/4267 4233/4233 4273/4273
f 4277/4277 4278/4278 4285/4285
f 4277/4277 4285/4285 4283/4283
f 4280/4280 4277/4277 4283/4283
f 4280/4280 4283/4283 4289/4289
f 4278/4278 4279/4279 4287/4287
f 4278/4278 4287/4287 4285/4285
f 4221/4221 4292/4292 4293/4293
f 4221/4221 4293/4293 4231/4231
f 4306/4306 4305/4305 4308/4308
f 4306/4306 4308/4308 4307/4307
f 4318/4318 4317/4317 4305/4305
f 4318/4318 4305/4305 4306/4306
f 4300/4300 4299/4299 4302/4302
f 4300/4300 4302/4302 4301/4301
f 4304/4304 4303/4303 4307/4307
f 4304/4304 4307/4307 4308/4308
f 4298/4298 4297/4297 4303/4303
f 4298/4298 4303/4303 4304/4304
f 4299/4299 4300/4300 4297/4297
f 4299/4299 4297/4297 4298/4298
f 4301/4301 4302/4302 4316/4316
f 4301/4301 4316/4316 4314/4314
f 4312/4312 4310/4310 4317/4317
f 4312/4312 4317/4317 4318/4318
f 4328/4328 4327/4327 4330/4330
f 4328/4328 4330/4330 4329/4329
f 4332/4332 4331/4331 4327/4327
f 4332/4332 4327/4327 4328/4328
f 4322/4322 4321/4321 4324/4324
f 4322/4322 4324/4324 4323/4323
f 4326/4326 4325/4325 4329/4329
f 4326/4326 4329/4329 4330/4330
f 4320/4320 4319/4319 4325/4325
f 4320/4320 4325/4325 4326/4326
f 4321/4321 4322/4322 4319/4319
f 4321/4321 4319/4319 4320/4320
f 4323/4323 4324/4324 4313/4313
f 4323/4323 4313/4313 4315/4315
f 4309/4309 4311/4311 4331/4331
f 4309/4309 4331/4331 4332/4332
f 4304/4304 4218/4218 4215/4215
f 4304/4304 4215/4215 4298/4298
f 4208/4208 4303/4303 4297/4297
f 4208/4208 4297/4297 4205/4205
f 4298/4298 4215/4215 4216/4216
f 4298/4298 4216/4216 4299/4299
f 4205/4205 4297/4297 4300/4300
f 4205/4205 4300/4300 4206/4206
f 4302/4302 4299/4299 4216/4216
f 4302/4302 4216/4216 4217/4217
f 4207/4207 4206/4206 4300/4300
f 4207/4207 4300/4300 4301/4301
f 4207/4207 4301/4301 4314/4314
f 4207/4207 4314/4314 4214/4214
f 4302/4302 4217/4217 4224/4224
f 4302/4302 4224/4224 4316/4316
f 4308/4308 4220/4220 4218/4218
f 4308/4308 4218/4218 4304/4304
f 4210/4210 4307/4307 4303/4303
f 4210/4210 4303/4303 4208/4208
f 4305/4305 4219/4219 4220/4220
f 4305/4305 4220/4220 4308/4308
f 4253/4253 4318/4318 4306/4306
f 4253/4253 4306/4306 4209/4209
f 4209/4209 4306/4306 4307/4307
f 4209/4209 4307/4307 4210/4210
f 4317/4317 4254/4254 4219/4219
f 4317/4317 4219/4219 4305/4305
f 4211/4211 4291/4291 4331/4331
f 4211/4211 4331/4331 4311/4311
f 4212/4212 4312/4312 4318/4318
f 4212/4212 4318/4318 4253/4253
f 4309/4309 4332/4332 4292/4292
f 4309/4309 4292/4292 4221/4221
f 4310/4310 4222/4222 4254/4254
f 4310/4310 4254/4254 4317/4317
f 4261/4261 4213/4213 4313/4313
f 4261/4261 4313/4313 4324/4324
f 4323/4323 4315/4315 4223/4223
f 4323/4323 4223/4223 4267/4267
f 4325/4325 4319/4319 4265/4265
f 4325/4325 4265/4265 4268/4268
f 4259/4259 4260/4260 4321/4321
f 4259/4259 4321/4321 4320/4320
f 4262/4262 4259/4259 4320/4320
f 4262/4262 4320/4320 4326/4326
f 4319/4319 4322/4322 4266/4266
f 4319/4319 4266/4266 4265/4265
f 4323/4323 4267/4267 4266/4266
f 4323/4323 4266/4266 4322/4322
f 4261/4261 4324/4324 4321/4321
f 4261/4261 4321/4321 4260/4260
f 4329/4329 4325/4325 4268/4268
f 4329/4329 4268/4268 4270/4270
f 4264/4264 4262/4262 4326/4326
f 4264/4264 4326/4326 4330/4330
f 4328/4328 4329/4329 4270/4270
f 4328/4328 4270/4270 4269/4269
f 4263/4263 4264/4264 4330/4330
f 4263/4263 4330/4330 4327/4327
f 4332/4332 4328/4328 4269/4269
f 4332/4332 4269/4269 4292/4292
f 4291/4291 4263/4263 4327/4327
f 4291/4291 4327/4327 4331/4331
f 4351/4351 4349/4349 4368/4368
f 4351/4351 4368/4368 4367/4367
f 4362/4362 4361/4361 4356/4356
f 4362/4362 4356/4356 4355/4355
f 4355/4355 4356/4356 4337/4337
f 4355/4355 4337/4337 4335/4335
f 4366/4366 4365/4365 4364/4364
f 4366/4366 4364/4364 4363/4363
f 4367/4367 4368/4368 4360/4360
f 4367/4367 4360/4360 4359/4359
f 4358/4358 4357/4357 4365/4365
f 4358/4358 4365/4365 4366/4366
f 4363/4363 4364/4364 4361/4361
f 4363/4363 4361/4361 4362/4362
f 4359/4359 4360/4360 4357/4357
f 4359/4359 4357/4357 4358/4358
f 4354/4354 4353/4353 4350/4350
f 4354/4354 4350/4350 4352/4352
f 4334/4334 4333/4333 4344/4344
f 4334/4334 4344/4344 4343/4343
f 4336/4336 4338/4338 4333/4333
f 4336/4336 4333/4333 4334/4334
f 4346/4346 4345/4345 4348/4348
f 4346/4346 4348/4348 4347/4347
f 4342/4342 4341/4341 4353/4353
f 4342/4342 4353/4353 4354/4354
f 4347/4347 4348/4348 4340/4340
f 4347/4347 4340/4340 4339/4339
f 4343/4343 4344/4344 4345/4345
f 4343/4343 4345/4345 4346/4346
f 4339/4339 4340/4340 4341/4341
f 4339/4339 4341/4341 4342/4342
f 4334/4334 4343/4343 4236/4236
f 4334/4334 4236/4236 4237/4237
f 4227/4227 4333/4333 4338/4338
f 4227/4227 4338/4338 4234/4234
f 4227/4227 4226/4226 4344/4344
f 4227/4227 4344/4344 4333/4333
f 4334/4334 4237/4237 4244/4244
f 4334/4334 4244/4244 4336/4336
f 4273/4273 4233/4233 4337/4337
f 4273/4273 4337/4337 4356/4356
f 4355/4355 4335/4335 4243/4243
f 4355/4355 4243/4243 4279/4279
f 4229/4229 4341/4341 4340/4340
f 4229/4229 4340/4340 4230/4230
f 4230/4230 4340/4340 4348/4348
f 4230/4230 4348/4348 4228/4228
f 4354/4354 4256/4256 4239/4239
f 4354/4354 4239/4239 4342/4342
f 4255/4255 4353/4353 4341/4341
f 4255/4255 4341/4341 4229/4229
f 4225/4225 4345/4345 4344/4344
f 4225/4225 4344/4344 4226/4226
f 4346/4346 4235/4235 4236/4236
f 4346/4346 4236/4236 4343/4343
f 4347/4347 4238/4238 4235/4235
f 4347/4347 4235/4235 4346/4346
f 4228/4228 4348/4348 4345/4345
f 4228/4228 4345/4345 4225/4225
f 4232/4232 4350/4350 4353/4353
f 4232/4232 4353/4353 4255/4255
f 4351/4351 4367/4367 4294/4294
f 4351/4351 4294/4294 4241/4241
f 4231/4231 4293/4293 4368/4368
f 4231/4231 4368/4368 4349/4349
f 4352/4352 4242/4242 4256/4256
f 4352/4352 4256/4256 4354/4354
f 4355/4355 4279/4279 4278/4278
f 4355/4355 4278/4278 4362/4362
f 4273/4273 4356/4356 4361/4361
f 4273/4273 4361/4361 4272/4272
f 4275/4275 4276/4276 4357/4357
f 4275/4275 4357/4357 4360/4360
f 4276/4276 4274/4274 4365/4365
f 4276/4276 4365/4365 4357/4357
f 4293/4293 4275/4275 4360/4360
f 4293/4293 4360/4360 4368/4368
f 4367/4367 4359/4359 4281/4281
f 4367/4367 4281/4281 4294/4294
f 4271/4271 4272/4272 4361/4361
f 4271/4271 4361/4361 4364/4364
f 4363/4363 4362/4362 4278/4278
f 4363/4363 4278/4278 4277/4277
f 4274/4274 4271/4271 4364/4364
f 4274/4274 4364/4364 4365/4365
f 4366/4366 4363/4363 4277/4277
f 4366/4366 4277/4277 4280/4280
f 4029/4029 4031/4031 4250/4250
f 4029/4029 4250/4250 4248/4248
f 4033/4033 4027/4027 4246/4246
f 4033/4033 4246/4246 4252/4252
f 4027/4027 4029/4029 4248/4248
f 4027/4027 4248/4248 4246/4246
f 4087/4087 4085/4085 4286/4286
f 4087/4087 4286/4286 4288/4288
f 4083/4083 4089/4089 4290/4290
f 4083/4083 4290/4290 4284/4284
f 4085/4085 4083/4083 4284/4284
f 4085/4085 4284/4284 4286/4286
f 4369/4369 4454/4454 4374/4374
f 4376/4376 4459/4459 4379/4379
f 4455/4455 4457/4457 4375/4375
f 4455/4455 4375/4375 4372/4372
f 4094/4094 4022/4022 4373/4373
f 4373/4373 4371/4371 4095/4095
f 4373/4373 4095/4095 4094/4094
f 4096/4096 4372/4372 4375/4375
f 4096/4096 4375/4375 4295/4295
f 4374/4374 4023/4023 4038/4038
f 4038/4038 4039/4039 4369/4369
f 4038/4038 4369/4369 4374/4374
f 4370/4370 4040/4040 4257/4257
f 4370/4370 4257/4257 4377/4377
f 4241/4241 4376/4376 4379/4379
f 4242/4242 4380/4380 4378/4378
f 4382/4382 4391/4391 4389/4389
f 4382/4382 4389/4389 4384/4384
f 4386/4386 4395/4395 4393/4393
f 4386/4386 4393/4393 4388/4388
f 4040/4040 4384/4384 4389/4389
f 4040/4040 4389/4389 4257/4257
f 4039/4039 4038/4038 4020/4020
f 4020/4020 4381/4381 4383/4383
f 4020/4020 4383/4383 4039/4039
f 4382/4382 4021/4021 4240/4240
f 4382/4382 4240/4240 4391/4391
f 4386/4386 4096/4096 4295/4295
f 4386/4386 4295/4295 4395/4395
f 4080/4080 4094/4094 4095/4095
f 4095/4095 4385/4385 4387/4387
f 4095/4095 4387/4387 4080/4080
f 4081/4081 4388/4388 4393/4393
f 4081/4081 4393/4393 4282/4282
f 4239/4239 4256/4256 4258/4258
f 4258/4258 4390/4390 4392/4392
f 4258/4258 4392/4392 4239/4239
f 4296/4296 4294/4294 4281/4281
f 4281/4281 4394/4394 4396/4396
f 4281/4281 4396/4396 4296/4296
f 4397/4397 4399/4399 4401/4401
f 4402/4402 4404/4404 4406/4406
f 4407/4407 4409/4409 4411/4411
f 4412/4412 4414/4414 4416/4416
f 4398/4398 4410/4410 4408/4408
f 4398/4398 4408/4408 4400/4400
f 4403/4403 4415/4415 4413/4413
f 4403/4403 4413/4413 4405/4405
f 4398/4398 4033/4033 4252/4252
f 4398/4398 4252/4252 4410/4410
f 4019/4019 4032/4032 4397/4397
f 4019/4019 4397/4397 4401/4401
f 4089/4089 4405/4405 4413/4413
f 4089/4089 4413/4413 4290/4290
f 4079/4079 4406/4406 4404/4404
f 4079/4079 4404/4404 4088/4088
f 4238/4238 4411/4411 4409/4409
f 4238/4238 4409/4409 4251/4251
f 4280/4280 4289/4289 4412/4412
f 4280/4280 4412/4412 4416/4416
f 4417/4417 4461/4461 4421/4421
f 4423/4423 4465/4465 4428/4428
f 4464/4464 4468/4468 4424/4424
f 4464/4464 4424/4424 4420/4420
f 4031/4031 4420/4420 4424/4424
f 4031/4031 4424/4424 4250/4250
f 4025/4025 4422/4422 4419/4419
f 4419/4419 4030/4030 4018/4018
f 4419/4419 4018/4018 4025/4025
f 4086/4086 4417/4417 4421/4421
f 4421/4421 4024/4024 4078/4078
f 4421/4421 4078/4078 4086/4086
f 4418/4418 4087/4087 4288/4288
f 4418/4418 4288/4288 4426/4426
f 4423/4423 4237/4237 4249/4249
f 4427/4427 4425/4425 4279/4279
f 4427/4427 4279/4279 4243/4243
f 4429/4429 4431/4431 4433/4433
f 4429/4429 4433/4433 4434/4434
f 4435/4435 4437/4437 4439/4439
f 4435/4435 4439/4439 4440/4440
f 4441/4441 4443/4443 4445/4445
f 4441/4441 4445/4445 4446/4446
f 4447/4447 4449/4449 4451/4451
f 4447/4447 4451/4451 4452/4452
f 4430/4430 4444/4444 4442/4442
f 4430/4430 4442/4442 4432/4432
f 4436/4436 4450/4450 4448/4448
f 4436/4436 4448/4448 4438/4438
f 4021/4021 4432/4432 4442/4442
f 4021/4021 4442/4442 4240/4240
f 4430/4430 4400/4400 4408/4408
f 4430/4430 4408/4408 4444/4444
f 4177/4177 4174/4174 4431/4431
f 4177/4177 4431/4431 4020/4020
f 4401/4401 4429/4429 4434/4434
f 4401/4401 4434/4434 4019/4019
f 4174/4174 4434/4434 4433/4433
f 4436/4436 4081/4081 4282/4282
f 4436/4436 4282/4282 4450/4450
f 4193/4193 4440/4440 4439/4439
f 4194/4194 4080/4080 4435/4435
f 4194/4194 4435/4435 4193/4193
f 4403/4403 4438/4438 4448/4448
f 4403/4403 4448/4448 4415/4415
f 4402/4402 4406/4406 4437/4437
f 4339/4339 4446/4446 4445/4445
f 4342/4342 4239/4239 4441/4441
f 4342/4342 4441/4441 4339/4339
f 4407/4407 4411/4411 4443/4443
f 4359/4359 4358/4358 4449/4449
f 4359/4359 4449/4449 4281/4281
f 4416/4416 4447/4447 4452/4452
f 4416/4416 4452/4452 4280/4280
f 4358/4358 4452/4452 4451/4451
f 4370/4370 4377/4377 4458/4458
f 4370/4370 4458/4458 4456/4456
f 4418/4418 4426/4426 4467/4467
f 4418/4418 4467/4467 4463/4463
f 4427/4427 4466/4466 4425/4425
f 4422/4422 4462/4462 4419/4419
f 4380/4380 4460/4460 4378/4378
f 4373/4373 4453/4453 4371/4371
f 4476/4476 4484/4484 4486/4486
f 4476/4476 4486/4486 4475/4475
f 4480/4480 4481/4481 4482/4482
f 4480/4480 4482/4482 4479/4479
f 4478/4478 4482/4482 4481/4481
f 4478/4478 4481/4481 4477/4477
f 4472/4472 4478/4478 4477/4477
f 4472/4472 4477/4477 4471/4471
f 4474/4474 4472/4472 4471/4471
f 4474/4474 4471/4471 4473/4473
f 4473/4473 4476/4476 4475/4475
f 4473/4473 4475/4475 4474/4474
f 4479/4479 4469/4469 4470/4470
f 4479/4479 4470/4470 4480/4480
f 4469/4469 4488/4488 4490/4490
f 4469/4469 4490/4490 4470/4470
f 4498/4498 4485/4485 4483/4483
f 4498/4498 4483/4483 4497/4497
f 4502/4502 4503/4503 4504/4504
f 4502/4502 4504/4504 4501/4501
f 4500/4500 4504/4504 4503/4503
f 4500/4500 4503/4503 4499/4499
f 4494/4494 4500/4500 4499/4499
f 4494/4494 4499/4499 4493/4493
f 4496/4496 4494/4494 4493/4493
f 4496/4496 4493/4493 4495/4495
f 4495/4495 4498/4498 4497/4497
f 4495/4495 4497/4497 4496/4496
f 4501/4501 4491/4491 4492/4492
f 4501/4501 4492/4492 4502/4502
f 4491/4491 4489/4489 4487/4487
f 4491/4491 4487/4487 4492/4492
f 4034/4034 4470/4470 4490/4490
f 4034/4034 4490/4490 4042/4042
f 4506/4506 4488/4488 4469/4469
f 4506/4506 4469/4469 4507/4507
f 4480/4480 4470/4470 4034/4034
f 4480/4480 4034/4034 3973/3973
f 4507/4507 4469/4469 4479/4479
f 4507/4507 4479/4479 4508/4508
f 3977/3977 3976/3976 4473/4473
f 3977/3977 4473/4473 4471/4471
f 3974/3974 3977/3977 4471/4471
f 3974/3974 4471/4471 4477/4477
f 4509/4509 4510/4510 4100/4100
f 4509/4509 4100/4100 4097/4097
f 4511/4511 4509/4509 4097/4097
f 4511/4511 4097/4097 4103/4103
f 3975/3975 4476/4476 4473/4473
f 3975/3975 4473/4473 3976/3976
f 4512/4512 4101/4101 4100/4100
f 4512/4512 4100/4100 4510/4510
f 4514/4514 4114/4114 4101/4101
f 4514/4514 4101/4101 4512/4512
f 4476/4476 3975/3975 3971/3971
f 4476/4476 3971/3971 4484/4484
f 4515/4515 4511/4511 4103/4103
f 4515/4515 4103/4103 4107/4107
f 3972/3972 3974/3974 4477/4477
f 3972/3972 4477/4477 4481/4481
f 3973/3973 3972/3972 4481/4481
f 3973/3973 4481/4481 4480/4480
f 4508/4508 4515/4515 4107/4107
f 4508/4508 4107/4107 4106/4106
f 4497/4497 4483/4483 3970/3970
f 4497/4497 3970/3970 4049/4049
f 4513/4513 4516/4516 4124/4124
f 4513/4513 4124/4124 4113/4113
f 4090/4090 4041/4041 4489/4489
f 4090/4090 4489/4489 4491/4491
f 4505/4505 4517/4517 4492/4492
f 4505/4505 4492/4492 4487/4487
f 4501/4501 4047/4047 4090/4090
f 4501/4501 4090/4090 4491/4491
f 4517/4517 4518/4518 4502/4502
f 4517/4517 4502/4502 4492/4492
f 4051/4051 4494/4494 4496/4496
f 4051/4051 4496/4496 4050/4050
f 4519/4519 4120/4120 4121/4121
f 4519/4519 4121/4121 4520/4520
f 4048/4048 4500/4500 4494/4494
f 4048/4048 4494/4494 4051/4051
f 4521/4521 4126/4126 4120/4120
f 4521/4521 4120/4120 4519/4519
f 4049/4049 4050/4050 4496/4496
f 4049/4049 4496/4496 4497/4497
f 4516/4516 4520/4520 4121/4121
f 4516/4516 4121/4121 4124/4124
f 4522/4522 4130/4130 4126/4126
f 4522/4522 4126/4126 4521/4521
f 4046/4046 4504/4504 4500/4500
f 4046/4046 4500/4500 4048/4048
f 4047/4047 4501/4501 4504/4504
f 4047/4047 4504/4504 4046/4046
f 4518/4518 4127/4127 4130/4130
f 4518/4518 4130/4130 4522/4522
f 4502/4502 4518/4518 4522/4522
f 4502/4502 4522/4522 4503/4503
f 4503/4503 4522/4522 4521/4521
f 4503/4503 4521/4521 4499/4499
f 4498/4498 4495/4495 4520/4520
f 4498/4498 4520/4520 4516/4516
f 4499/4499 4521/4521 4519/4519
f 4499/4499 4519/4519 4493/4493
f 4493/4493 4519/4519 4520/4520
f 4493/4493 4520/4520 4495/4495
f 4132/4132 4127/4127 4518/4518
f 4132/4132 4518/4518 4517/4517
f 4111/4111 4132/4132 4517/4517
f 4111/4111 4517/4517 4505/4505
f 4485/4485 4498/4498 4516/4516
f 4485/4485 4516/4516 4513/4513
f 4479/4479 4482/4482 4515/4515
f 4479/4479 4515/4515 4508/4508
f 4482/4482 4478/4478 4511/4511
f 4482/4482 4511/4511 4515/4515
f 4486/4486 4514/4514 4512/4512
f 4486/4486 4512/4512 4475/4475
f 4475/4475 4512/4512 4510/4510
f 4475/4475 4510/4510 4474/4474
f 4478/4478 4472/4472 4509/4509
f 4478/4478 4509/4509 4511/4511
f 4472/4472 4474/4474 4510/4510
f 4472/4472 4510/4510 4509/4509
f 4117/4117 4507/4507 4508/4508
f 4117/4117 4508/4508 4106/4106
f 4112/4112 4506/4506 4507/4507
f 4112/4112 4507/4507 4117/4117
f 4437/4437 4406/4406 4079/4079
f 4437/4437 4079/4079 4439/4439
f 4429/4429 4401/4401 4399/4399
f 4447/4447 4416/4416 4414/4414
f 4443/4443 4411/4411 4238/4238
f 4443/4443 4238/4238 4445/4445
f 4439/4439 4079/4079 4202/4202
f 4439/4439 4202/4202 4193/4193
f 4434/4434 4174/4174 4182/4182
f 4434/4434 4182/4182 4019/4019
f 4193/4193 4435/4435 4440/4440
f 4431/4431 4174/4174 4433/4433
f 4452/4452 4358/4358 4366/4366
f 4452/4452 4366/4366 4280/4280
f 4449/4449 4358/4358 4451/4451
f 4445/4445 4238/4238 4347/4347
f 4445/4445 4347/4347 4339/4339
f 4339/4339 4441/4441 4446/4446
f 4237/4237 4423/4423 4428/4428
f 4237/4237 4428/4428 4244/4244
f 4279/4279 4425/4425 4287/4287
f 4183/4183 4186/4186 4203/4203
f 4183/4183 4203/4203 4180/4180
f 4002/4002 4525/4525 4540/4540
f 4002/4002 4540/4540 4092/4092
f 4066/4066 4534/4534 4527/4527
f 4066/4066 4527/4527 4004/4004
f 4066/4066 4065/4065 4536/4536
f 4066/4066 4536/4536 4534/4534
f 4068/4068 4535/4535 4539/4539
f 4068/4068 4539/4539 4069/4069
f 4067/4067 4538/4538 4537/4537
f 4067/4067 4537/4537 4064/4064
f 4069/4069 4539/4539 4538/4538
f 4069/4069 4538/4538 4067/4067
f 4064/4064 4537/4537 4536/4536
f 4064/4064 4536/4536 4065/4065
f 4092/4092 4540/4540 4535/4535
f 4092/4092 4535/4535 4068/4068
f 4003/4003 4036/4036 4533/4533
f 4003/4003 4533/4533 4526/4526
f 3998/3998 4005/4005 4528/4528
f 3998/3998 4528/4528 4523/4523
f 3998/3998 4523/4523 4529/4529
f 3998/3998 4529/4529 3997/3997
f 4000/4000 4001/4001 4532/4532
f 4000/4000 4532/4532 4524/4524
f 3999/3999 3996/3996 4530/4530
f 3999/3999 4530/4530 4531/4531
f 4001/4001 3999/3999 4531/4531
f 4001/4001 4531/4531 4532/4532
f 3996/3996 3997/3997 4529/4529
f 3996/3996 4529/4529 4530/4530
f 4036/4036 4000/4000 4524/4524
f 4036/4036 4524/4524 4533/4533
f 4378/4378 4258/4258 4256/4256
f 4378/4378 4256/4256 4242/4242
f 4376/4376 4241/4241 4294/4294
f 4376/4376 4294/4294 4296/4296
f 4552/4552 4543/4543 4544/4544
f 4552/4552 4544/4544 4550/4550
f 4731/4731 4885/4885 4902/4902
f 4731/4731 4902/4902 4761/4761
f 4546/4546 4549/4549 4758/4758
f 4546/4546 4758/4758 4754/4754
f 4556/4556 4547/4547 4545/4545
f 4556/4556 4545/4545 4554/4554
f 4662/4662 4689/4689 4742/4742
f 4662/4662 4742/4742 4738/4738
f 4575/4575 4602/4602 4655/4655
f 4575/4575 4655/4655 4651/4651
f 4755/4755 4920/4920 4916/4916
f 4755/4755 4916/4916 4751/4751
f 4769/4769 4906/4906 4924/4924
f 4769/4769 4924/4924 4763/4763
f 4548/4548 4551/4551 4549/4549
f 4548/4548 4549/4549 4546/4546
f 4551/4551 4552/4552 4550/4550
f 4551/4551 4550/4550 4549/4549
f 4541/4541 4555/4555 4553/4553
f 4541/4541 4553/4553 4542/4542
f 4555/4555 4556/4556 4554/4554
f 4555/4555 4554/4554 4553/4553
f 4763/4763 4924/4924 4812/4812
f 4763/4763 4812/4812 4612/4612
f 4775/4775 4772/4772 4557/4557
f 4775/4775 4557/4557 4558/4558
f 4562/4562 4561/4561 4559/4559
f 4562/4562 4559/4559 4560/4560
f 4571/4571 4923/4923 4909/4909
f 4571/4571 4909/4909 4563/4563
f 4565/4565 4915/4915 4919/4919
f 4565/4565 4919/4919 4569/4569
f 4566/4566 4563/4563 4564/4564
f 4566/4566 4564/4564 4567/4567
f 4561/4561 4905/4905 4889/4889
f 4561/4561 4889/4889 4559/4559
f 4569/4569 4919/4919 4905/4905
f 4569/4569 4905/4905 4561/4561
f 4772/4772 4778/4778 4811/4811
f 4772/4772 4811/4811 4557/4557
f 4778/4778 4781/4781 4818/4818
f 4778/4778 4818/4818 4811/4811
f 4781/4781 4784/4784 4822/4822
f 4781/4781 4822/4822 4818/4818
f 4784/4784 4787/4787 4826/4826
f 4784/4784 4826/4826 4822/4822
f 4787/4787 4790/4790 4830/4830
f 4787/4787 4830/4830 4826/4826
f 4793/4793 4853/4853 4830/4830
f 4793/4793 4830/4830 4790/4790
f 4796/4796 4849/4849 4853/4853
f 4796/4796 4853/4853 4793/4793
f 4808/4808 4845/4845 4849/4849
f 4808/4808 4849/4849 4796/4796
f 4799/4799 4832/4832 4841/4841
f 4799/4799 4841/4841 4803/4803
f 4557/4557 4811/4811 4923/4923
f 4557/4557 4923/4923 4571/4571
f 4806/4806 4836/4836 4832/4832
f 4806/4806 4832/4832 4799/4799
f 4803/4803 4841/4841 4845/4845
f 4803/4803 4845/4845 4808/4808
f 4563/4563 4909/4909 4911/4911
f 4563/4563 4911/4911 4564/4564
f 4568/4568 4565/4565 4569/4569
f 4568/4568 4569/4569 4570/4570
f 4570/4570 4569/4569 4561/4561
f 4570/4570 4561/4561 4562/4562
f 4558/4558 4557/4557 4571/4571
f 4558/4558 4571/4571 4572/4572
f 4572/4572 4571/4571 4563/4563
f 4572/4572 4563/4563 4566/4566
f 4702/4702 4861/4861 4856/4856
f 4702/4702 4856/4856 4706/4706
f 4722/4722 4877/4877 4881/4881
f 4722/4722 4881/4881 4726/4726
f 4621/4621 4815/4815 4819/4819
f 4621/4621 4819/4819 4625/4625
f 4726/4726 4881/4881 4900/4900
f 4726/4726 4900/4900 4743/4743
f 4625/4625 4819/4819 4823/4823
f 4625/4625 4823/4823 4629/4629
f 4629/4629 4823/4823 4827/4827
f 4629/4629 4827/4827 4633/4633
f 4633/4633 4827/4827 4854/4854
f 4633/4633 4854/4854 4656/4656
f 4739/4739 4896/4896 4892/4892
f 4739/4739 4892/4892 4735/4735
f 4644/4644 4842/4842 4833/4833
f 4644/4644 4833/4833 4640/4640
f 4743/4743 4900/4900 4896/4896
f 4743/4743 4896/4896 4739/4739
f 4648/4648 4846/4846 4842/4842
f 4648/4648 4842/4842 4644/4644
f 4747/4747 4912/4912 4906/4906
f 4747/4747 4906/4906 4769/4769
f 4652/4652 4850/4850 4846/4846
f 4652/4652 4846/4846 4648/4648
f 4550/4550 4544/4544 4730/4730
f 4550/4550 4730/4730 4760/4760
f 4656/4656 4854/4854 4850/4850
f 4656/4656 4850/4850 4652/4652
f 4640/4640 4833/4833 4838/4838
f 4640/4640 4838/4838 4636/4636
f 4735/4735 4892/4892 4886/4886
f 4735/4735 4886/4886 4732/4732
f 4665/4665 4700/4700 4705/4705
f 4665/4665 4705/4705 4668/4668
f 4668/4668 4705/4705 4709/4709
f 4668/4668 4709/4709 4671/4671
f 4671/4671 4709/4709 4713/4713
f 4671/4671 4713/4713 4674/4674
f 4578/4578 4541/4541 4542/4542
f 4578/4578 4542/4542 4581/4581
f 4674/4674 4713/4713 4717/4717
f 4674/4674 4717/4717 4677/4677
f 4581/4581 4542/4542 4618/4618
f 4581/4581 4618/4618 4584/4584
f 4761/4761 4902/4902 4920/4920
f 4761/4761 4920/4920 4755/4755
f 4677/4677 4717/4717 4721/4721
f 4677/4677 4721/4721 4680/4680
f 4584/4584 4618/4618 4620/4620
f 4584/4584 4620/4620 4587/4587
f 4549/4549 4550/4550 4760/4760
f 4549/4549 4760/4760 4758/4758
f 4680/4680 4721/4721 4725/4725
f 4680/4680 4725/4725 4683/4683
f 4587/4587 4620/4620 4624/4624
f 4587/4587 4624/4624 4590/4590
f 4686/4686 4683/4683 4725/4725
f 4686/4686 4725/4725 4746/4746
f 4590/4590 4624/4624 4628/4628
f 4590/4590 4628/4628 4593/4593
f 4554/4554 4545/4545 4750/4750
f 4554/4554 4750/4750 4768/4768
f 4689/4689 4686/4686 4746/4746
f 4689/4689 4746/4746 4742/4742
f 4593/4593 4628/4628 4632/4632
f 4593/4593 4632/4632 4596/4596
f 4695/4695 4691/4691 4730/4730
f 4695/4695 4730/4730 4544/4544
f 4599/4599 4596/4596 4632/4632
f 4599/4599 4632/4632 4659/4659
f 4697/4697 4695/4695 4544/4544
f 4697/4697 4544/4544 4543/4543
f 4602/4602 4599/4599 4659/4659
f 4602/4602 4659/4659 4655/4655
f 4691/4691 4662/4662 4738/4738
f 4691/4691 4738/4738 4730/4730
f 4608/4608 4604/4604 4647/4647
f 4608/4608 4647/4647 4643/4643
f 4610/4610 4608/4608 4643/4643
f 4610/4610 4643/4643 4639/4639
f 4706/4706 4856/4856 4865/4865
f 4706/4706 4865/4865 4710/4710
f 4604/4604 4575/4575 4651/4651
f 4604/4604 4651/4651 4647/4647
f 4710/4710 4865/4865 4869/4869
f 4710/4710 4869/4869 4714/4714
f 4613/4613 4813/4813 4815/4815
f 4613/4613 4815/4815 4621/4621
f 4714/4714 4869/4869 4873/4873
f 4714/4714 4873/4873 4718/4718
f 4553/4553 4554/4554 4768/4768
f 4553/4553 4768/4768 4766/4766
f 4542/4542 4553/4553 4766/4766
f 4542/4542 4766/4766 4618/4618
f 4718/4718 4873/4873 4877/4877
f 4718/4718 4877/4877 4722/4722
f 4580/4580 4579/4579 4576/4576
f 4580/4580 4576/4576 4577/4577
f 4583/4583 4582/4582 4579/4579
f 4583/4583 4579/4579 4580/4580
f 4586/4586 4585/4585 4582/4582
f 4586/4586 4582/4582 4583/4583
f 4589/4589 4588/4588 4585/4585
f 4589/4589 4585/4585 4586/4586
f 4592/4592 4591/4591 4588/4588
f 4592/4592 4588/4588 4589/4589
f 4595/4595 4594/4594 4591/4591
f 4595/4595 4591/4591 4592/4592
f 4598/4598 4597/4597 4594/4594
f 4598/4598 4594/4594 4595/4595
f 4601/4601 4600/4600 4597/4597
f 4601/4601 4597/4597 4598/4598
f 4607/4607 4606/4606 4605/4605
f 4607/4607 4605/4605 4603/4603
f 4609/4609 4611/4611 4606/4606
f 4609/4609 4606/4606 4607/4607
f 4574/4574 4573/4573 4600/4600
f 4574/4574 4600/4600 4601/4601
f 4603/4603 4605/4605 4573/4573
f 4603/4603 4573/4573 4574/4574
f 4622/4622 4619/4619 4617/4617
f 4622/4622 4617/4617 4615/4615
f 4626/4626 4623/4623 4619/4619
f 4626/4626 4619/4619 4622/4622
f 4630/4630 4627/4627 4623/4623
f 4630/4630 4623/4623 4626/4626
f 4634/4634 4631/4631 4627/4627
f 4634/4634 4627/4627 4630/4630
f 4642/4642 4641/4641 4637/4637
f 4642/4642 4637/4637 4638/4638
f 4646/4646 4645/4645 4641/4641
f 4646/4646 4641/4641 4642/4642
f 4650/4650 4649/4649 4645/4645
f 4650/4650 4645/4645 4646/4646
f 4654/4654 4653/4653 4649/4649
f 4654/4654 4649/4649 4650/4650
f 4658/4658 4657/4657 4653/4653
f 4658/4658 4653/4653 4654/4654
f 4631/4631 4634/4634 4657/4657
f 4631/4631 4657/4657 4658/4658
f 4667/4667 4666/4666 4663/4663
f 4667/4667 4663/4663 4664/4664
f 4670/4670 4669/4669 4666/4666
f 4670/4670 4666/4666 4667/4667
f 4673/4673 4672/4672 4669/4669
f 4673/4673 4669/4669 4670/4670
f 4676/4676 4675/4675 4672/4672
f 4676/4676 4672/4672 4673/4673
f 4679/4679 4678/4678 4675/4675
f 4679/4679 4675/4675 4676/4676
f 4682/4682 4681/4681 4678/4678
f 4682/4682 4678/4678 4679/4679
f 4685/4685 4684/4684 4681/4681
f 4685/4685 4681/4681 4682/4682
f 4688/4688 4687/4687 4684/4684
f 4688/4688 4684/4684 4685/4685
f 4694/4694 4693/4693 4692/4692
f 4694/4694 4692/4692 4690/4690
f 4696/4696 4698/4698 4693/4693
f 4696/4696 4693/4693 4694/4694
f 4661/4661 4660/4660 4687/4687
f 4661/4661 4687/4687 4688/4688
f 4690/4690 4692/4692 4660/4660
f 4690/4690 4660/4660 4661/4661
f 4707/4707 4704/4704 4699/4699
f 4707/4707 4699/4699 4703/4703
f 4711/4711 4708/4708 4704/4704
f 4711/4711 4704/4704 4707/4707
f 4715/4715 4712/4712 4708/4708
f 4715/4715 4708/4708 4711/4711
f 4719/4719 4716/4716 4712/4712
f 4719/4719 4712/4712 4715/4715
f 4723/4723 4720/4720 4716/4716
f 4723/4723 4716/4716 4719/4719
f 4727/4727 4724/4724 4720/4720
f 4727/4727 4720/4720 4723/4723
f 4737/4737 4736/4736 4734/4734
f 4737/4737 4734/4734 4729/4729
f 4741/4741 4740/4740 4736/4736
f 4741/4741 4736/4736 4737/4737
f 4745/4745 4744/4744 4740/4740
f 4745/4745 4740/4740 4741/4741
f 4724/4724 4727/4727 4744/4744
f 4724/4724 4744/4744 4745/4745
f 4762/4762 4759/4759 4728/4728
f 4762/4762 4728/4728 4733/4733
f 4770/4770 4767/4767 4749/4749
f 4770/4770 4749/4749 4748/4748
f 4752/4752 4753/4753 4757/4757
f 4752/4752 4757/4757 4756/4756
f 4756/4756 4757/4757 4759/4759
f 4756/4756 4759/4759 4762/4762
f 4614/4614 4616/4616 4765/4765
f 4614/4614 4765/4765 4764/4764
f 4764/4764 4765/4765 4767/4767
f 4764/4764 4767/4767 4770/4770
f 4773/4773 4771/4771 4774/4774
f 4773/4773 4774/4774 4776/4776
f 4779/4779 4777/4777 4771/4771
f 4779/4779 4771/4771 4773/4773
f 4782/4782 4780/4780 4777/4777
f 4782/4782 4777/4777 4779/4779
f 4785/4785 4783/4783 4780/4780
f 4785/4785 4780/4780 4782/4782
f 4788/4788 4786/4786 4783/4783
f 4788/4788 4783/4783 4785/4785
f 4791/4791 4789/4789 4786/4786
f 4791/4791 4786/4786 4788/4788
f 4794/4794 4792/4792 4789/4789
f 4794/4794 4789/4789 4791/4791
f 4797/4797 4795/4795 4792/4792
f 4797/4797 4792/4792 4794/4794
f 4800/4800 4798/4798 4802/4802
f 4800/4800 4802/4802 4801/4801
f 4804/4804 4805/4805 4798/4798
f 4804/4804 4798/4798 4800/4800
f 4809/4809 4807/4807 4795/4795
f 4809/4809 4795/4795 4797/4797
f 4801/4801 4802/4802 4807/4807
f 4801/4801 4807/4807 4809/4809
f 4817/4817 4816/4816 4814/4814
f 4817/4817 4814/4814 4810/4810
f 4821/4821 4820/4820 4816/4816
f 4821/4821 4816/4816 4817/4817
f 4825/4825 4824/4824 4820/4820
f 4825/4825 4820/4820 4821/4821
f 4829/4829 4828/4828 4824/4824
f 4829/4829 4824/4824 4825/4825
f 4834/4834 4831/4831 4835/4835
f 4834/4834 4835/4835 4839/4839
f 4843/4843 4840/4840 4831/4831
f 4843/4843 4831/4831 4834/4834
f 4847/4847 4844/4844 4840/4840
f 4847/4847 4840/4840 4843/4843
f 4851/4851 4848/4848 4844/4844
f 4851/4851 4844/4844 4847/4847
f 4855/4855 4852/4852 4848/4848
f 4855/4855 4848/4848 4851/4851
f 4828/4828 4829/4829 4852/4852
f 4828/4828 4852/4852 4855/4855
f 4858/4858 4857/4857 4862/4862
f 4858/4858 4862/4862 4863/4863
f 4867/4867 4866/4866 4857/4857
f 4867/4867 4857/4857 4858/4858
f 4871/4871 4870/4870 4866/4866
f 4871/4871 4866/4866 4867/4867
f 4875/4875 4874/4874 4870/4870
f 4875/4875 4870/4870 4871/4871
f 4879/4879 4878/4878 4874/4874
f 4879/4879 4874/4874 4875/4875
f 4883/4883 4882/4882 4878/4878
f 4883/4883 4878/4878 4879/4879
f 4893/4893 4890/4890 4888/4888
f 4893/4893 4888/4888 4887/4887
f 4897/4897 4894/4894 4890/4890
f 4897/4897 4890/4890 4893/4893
f 4901/4901 4898/4898 4894/4894
f 4901/4901 4894/4894 4897/4897
f 4882/4882 4883/4883 4898/4898
f 4882/4882 4898/4898 4901/4901
f 4904/4904 4903/4903 4887/4887
f 4904/4904 4887/4887 4888/4888
f 4908/4908 4907/4907 4913/4913
f 4908/4908 4913/4913 4910/4910
f 4914/4914 4917/4917 4921/4921
f 4914/4914 4921/4921 4918/4918
f 4918/4918 4921/4921 4903/4903
f 4918/4918 4903/4903 4904/4904
f 4810/4810 4814/4814 4925/4925
f 4810/4810 4925/4925 4922/4922
f 4922/4922 4925/4925 4907/4907
f 4922/4922 4907/4907 4908/4908
f 4552/4552 4931/4931 4927/4927
f 4552/4552 4927/4927 4543/4543
f 5078/5078 5108/5108 5233/5233
f 5078/5078 5233/5233 5216/5216
f 4929/4929 5101/5101 5105/5105
f 4929/4929 5105/5105 4930/4930
f 4556/4556 4933/4933 4928/4928
f 4556/4556 4928/4928 4547/4547
f 5020/5020 5085/5085 5089/5089
f 5020/5020 5089/5089 5044/5044
f 4944/4944 5009/5009 5013/5013
f 4944/4944 5013/5013 4968/4968
f 5102/5102 5098/5098 5247/5247
f 5102/5102 5247/5247 5251/5251
f 5116/5116 5110/5110 5255/5255
f 5116/5116 5255/5255 5237/5237
f 4548/4548 4929/4929 4930/4930
f 4548/4548 4930/4930 4551/4551
f 4551/4551 4930/4930 4931/4931
f 4551/4551 4931/4931 4552/4552
f 4541/4541 4926/4926 4932/4932
f 4541/4541 4932/4932 4555/4555
f 4555/4555 4932/4932 4933/4933
f 4555/4555 4933/4933 4556/4556
f 5110/5110 4975/4975 5153/5153
f 5110/5110 5153/5153 5255/5255
f 4775/4775 4558/4558 4934/4934
f 4775/4775 4934/4934 5119/5119
f 4562/4562 4560/4560 4935/4935
f 4562/4562 4935/4935 4936/4936
f 4941/4941 4937/4937 5240/5240
f 4941/4941 5240/5240 5254/5254
f 4939/4939 4940/4940 5250/5250
f 4939/4939 5250/5250 5246/5246
f 4566/4566 4567/4567 4938/4938
f 4566/4566 4938/4938 4937/4937
f 4936/4936 4935/4935 5220/5220
f 4936/4936 5220/5220 5236/5236
f 4940/4940 4936/4936 5236/5236
f 4940/4940 5236/5236 5250/5250
f 5119/5119 4934/4934 5152/5152
f 5119/5119 5152/5152 5122/5122
f 5122/5122 5152/5152 5159/5159
f 5122/5122 5159/5159 5125/5125
f 5125/5125 5159/5159 5163/5163
f 5125/5125 5163/5163 5128/5128
f 5128/5128 5163/5163 5167/5167
f 5128/5128 5167/5167 5131/5131
f 5131/5131 5167/5167 5171/5171
f 5131/5131 5171/5171 5134/5134
f 5137/5137 5134/5134 5171/5171
f 5137/5137 5171/5171 5189/5189
f 5140/5140 5137/5137 5189/5189
f 5140/5140 5189/5189 5185/5185
f 5149/5149 5140/5140 5185/5185
f 5149/5149 5185/5185 5181/5181
f 5143/5143 5147/5147 5177/5177
f 5143/5143 5177/5177 5173/5173
f 4934/4934 4941/4941 5254/5254
f 4934/4934 5254/5254 5152/5152
f 4806/4806 5143/5143 5173/5173
f 4806/4806 5173/5173 4836/4836
f 5147/5147 5149/5149 5181/5181
f 5147/5147 5181/5181 5177/5177
f 4937/4937 4938/4938 5242/5242
f 4937/4937 5242/5242 5240/5240
f 4568/4568 4570/4570 4940/4940
f 4568/4568 4940/4940 4939/4939
f 4570/4570 4562/4562 4936/4936
f 4570/4570 4936/4936 4940/4940
f 4558/4558 4572/4572 4941/4941
f 4558/4558 4941/4941 4934/4934
f 4572/4572 4566/4566 4937/4937
f 4572/4572 4937/4937 4941/4941
f 4701/4701 5053/5053 5192/5192
f 4701/4701 5192/5192 4860/4860
f 5069/5069 5073/5073 5212/5212
f 5069/5069 5212/5212 5208/5208
f 4984/4984 4988/4988 5160/5160
f 4984/4984 5160/5160 5156/5156
f 5073/5073 5090/5090 5231/5231
f 5073/5073 5231/5231 5212/5212
f 4988/4988 4992/4992 5164/5164
f 4988/4988 5164/5164 5160/5160
f 4992/4992 4996/4996 5168/5168
f 4992/4992 5168/5168 5164/5164
f 4996/4996 5014/5014 5190/5190
f 4996/4996 5190/5190 5168/5168
f 5086/5086 5082/5082 5223/5223
f 5086/5086 5223/5223 5227/5227
f 5002/5002 4998/4998 5174/5174
f 5002/5002 5174/5174 5178/5178
f 5090/5090 5086/5086 5227/5227
f 5090/5090 5227/5227 5231/5231
f 5006/5006 5002/5002 5178/5178
f 5006/5006 5178/5178 5182/5182
f 5094/5094 5116/5116 5237/5237
f 5094/5094 5237/5237 5243/5243
f 5010/5010 5006/5006 5182/5182
f 5010/5010 5182/5182 5186/5186
f 4931/4931 5107/5107 5077/5077
f 4931/4931 5077/5077 4927/4927
f 5014/5014 5010/5010 5186/5186
f 5014/5014 5186/5186 5190/5190
f 4998/4998 4635/4635 4837/4837
f 4998/4998 4837/4837 5174/5174
f 5082/5082 5079/5079 5217/5217
f 5082/5082 5217/5217 5223/5223
f 4665/4665 5023/5023 5052/5052
f 4665/4665 5052/5052 4700/4700
f 5023/5023 5026/5026 5056/5056
f 5023/5023 5056/5056 5052/5052
f 5026/5026 5029/5029 5060/5060
f 5026/5026 5060/5060 5056/5056
f 4578/4578 4947/4947 4926/4926
f 4578/4578 4926/4926 4541/4541
f 5029/5029 5032/5032 5064/5064
f 5029/5029 5064/5064 5060/5060
f 4947/4947 4950/4950 4981/4981
f 4947/4947 4981/4981 4926/4926
f 5108/5108 5102/5102 5251/5251
f 5108/5108 5251/5251 5233/5233
f 5032/5032 5035/5035 5068/5068
f 5032/5032 5068/5068 5064/5064
f 4950/4950 4953/4953 4983/4983
f 4950/4950 4983/4983 4981/4981
f 4930/4930 5105/5105 5107/5107
f 4930/4930 5107/5107 4931/4931
f 5035/5035 5038/5038 5072/5072
f 5035/5035 5072/5072 5068/5068
f 4953/4953 4956/4956 4987/4987
f 4953/4953 4987/4987 4983/4983
f 5041/5041 5093/5093 5072/5072
f 5041/5041 5072/5072 5038/5038
f 4956/4956 4959/4959 4991/4991
f 4956/4956 4991/4991 4987/4987
f 4933/4933 5115/5115 5097/5097
f 4933/4933 5097/5097 4928/4928
f 5044/5044 5089/5089 5093/5093
f 5044/5044 5093/5093 5041/5041
f 4959/4959 4962/4962 4995/4995
f 4959/4959 4995/4995 4991/4991
f 5050/5050 4927/4927 5077/5077
f 5050/5050 5077/5077 5046/5046
f 4965/4965 5017/5017 4995/4995
f 4965/4965 4995/4995 4962/4962
f 4697/4697 4543/4543 4927/4927
f 4697/4697 4927/4927 5050/5050
f 4968/4968 5013/5013 5017/5017
f 4968/4968 5017/5017 4965/4965
f 5046/5046 5077/5077 5085/5085
f 5046/5046 5085/5085 5020/5020
f 4974/4974 5001/5001 5005/5005
f 4974/4974 5005/5005 4970/4970
f 4610/4610 4639/4639 5001/5001
f 4610/4610 5001/5001 4974/4974
f 5053/5053 5057/5057 5196/5196
f 5053/5053 5196/5196 5192/5192
f 4970/4970 5005/5005 5009/5009
f 4970/4970 5009/5009 4944/4944
f 5057/5057 5061/5061 5200/5200
f 5057/5057 5200/5200 5196/5196
f 4976/4976 4984/4984 5156/5156
f 4976/4976 5156/5156 5154/5154
f 5061/5061 5065/5065 5204/5204
f 5061/5061 5204/5204 5200/5200
f 4932/4932 5113/5113 5115/5115
f 4932/4932 5115/5115 4933/4933
f 4926/4926 4981/4981 5113/5113
f 4926/4926 5113/5113 4932/4932
f 5065/5065 5069/5069 5208/5208
f 5065/5065 5208/5208 5204/5204
f 4946/4946 4577/4577 4576/4576
f 4946/4946 4576/4576 4945/4945
f 4949/4949 4946/4946 4945/4945
f 4949/4949 4945/4945 4948/4948
f 4952/4952 4949/4949 4948/4948
f 4952/4952 4948/4948 4951/4951
f 4955/4955 4952/4952 4951/4951
f 4955/4955 4951/4951 4954/4954
f 4958/4958 4955/4955 4954/4954
f 4958/4958 4954/4954 4957/4957
f 4961/4961 4958/4958 4957/4957
f 4961/4961 4957/4957 4960/4960
f 4964/4964 4961/4961 4960/4960
f 4964/4964 4960/4960 4963/4963
f 4967/4967 4964/4964 4963/4963
f 4967/4967 4963/4963 4966/4966
f 4973/4973 4969/4969 4971/4971
f 4973/4973 4971/4971 4972/4972
f 4609/4609 4973/4973 4972/4972
f 4609/4609 4972/4972 4611/4611
f 4943/4943 4967/4967 4966/4966
f 4943/4943 4966/4966 4942/4942
f 4969/4969 4943/4943 4942/4942
f 4969/4969 4942/4942 4971/4971
f 4985/4985 4978/4978 4980/4980
f 4985/4985 4980/4980 4982/4982
f 4989/4989 4985/4985 4982/4982
f 4989/4989 4982/4982 4986/4986
f 4993/4993 4989/4989 4986/4986
f 4993/4993 4986/4986 4990/4990
f 4997/4997 4993/4993 4990/4990
f 4997/4997 4990/4990 4994/4994
f 5000/5000 4638/4638 4637/4637
f 5000/5000 4637/4637 4999/4999
f 5004/5004 5000/5000 4999/4999
f 5004/5004 4999/4999 5003/5003
f 5008/5008 5004/5004 5003/5003
f 5008/5008 5003/5003 5007/5007
f 5012/5012 5008/5008 5007/5007
f 5012/5012 5007/5007 5011/5011
f 5016/5016 5012/5012 5011/5011
f 5016/5016 5011/5011 5015/5015
f 4994/4994 5016/5016 5015/5015
f 4994/4994 5015/5015 4997/4997
f 5022/5022 4664/4664 4663/4663
f 5022/5022 4663/4663 5021/5021
f 5025/5025 5022/5022 5021/5021
f 5025/5025 5021/5021 5024/5024
f 5028/5028 5025/5025 5024/5024
f 5028/5028 5024/5024 5027/5027
f 5031/5031 5028/5028 5027/5027
f 5031/5031 5027/5027 5030/5030
f 5034/5034 5031/5031 5030/5030
f 5034/5034 5030/5030 5033/5033
f 5037/5037 5034/5034 5033/5033
f 5037/5037 5033/5033 5036/5036
f 5040/5040 5037/5037 5036/5036
f 5040/5040 5036/5036 5039/5039
f 5043/5043 5040/5040 5039/5039
f 5043/5043 5039/5039 5042/5042
f 5049/5049 5045/5045 5047/5047
f 5049/5049 5047/5047 5048/5048
f 4696/4696 5049/5049 5048/5048
f 4696/4696 5048/5048 4698/4698
f 5019/5019 5043/5043 5042/5042
f 5019/5019 5042/5042 5018/5018
f 5045/5045 5019/5019 5018/5018
f 5045/5045 5018/5018 5047/5047
f 5054/5054 4703/4703 4699/4699
f 5054/5054 4699/4699 5051/5051
f 5058/5058 5054/5054 5051/5051
f 5058/5058 5051/5051 5055/5055
f 5062/5062 5058/5058 5055/5055
f 5062/5062 5055/5055 5059/5059
f 5066/5066 5062/5062 5059/5059
f 5066/5066 5059/5059 5063/5063
f 5070/5070 5066/5066 5063/5063
f 5070/5070 5063/5063 5067/5067
f 5074/5074 5070/5070 5067/5067
f 5074/5074 5067/5067 5071/5071
f 5084/5084 5076/5076 5081/5081
f 5084/5084 5081/5081 5083/5083
f 5088/5088 5084/5084 5083/5083
f 5088/5088 5083/5083 5087/5087
f 5092/5092 5088/5088 5087/5087
f 5092/5092 5087/5087 5091/5091
f 5071/5071 5092/5092 5091/5091
f 5071/5071 5091/5091 5074/5074
f 5109/5109 5080/5080 5075/5075
f 5109/5109 5075/5075 5106/5106
f 5117/5117 5095/5095 5096/5096
f 5117/5117 5096/5096 5114/5114
f 5099/5099 5103/5103 5104/5104
f 5099/5099 5104/5104 5100/5100
f 5103/5103 5109/5109 5106/5106
f 5103/5103 5106/5106 5104/5104
f 4977/4977 5111/5111 5112/5112
f 4977/4977 5112/5112 4979/4979
f 5111/5111 5117/5117 5114/5114
f 5111/5111 5114/5114 5112/5112
f 5120/5120 4776/4776 4774/4774
f 5120/5120 4774/4774 5118/5118
f 5123/5123 5120/5120 5118/5118
f 5123/5123 5118/5118 5121/5121
f 5126/5126 5123/5123 5121/5121
f 5126/5126 5121/5121 5124/5124
f 5129/5129 5126/5126 5124/5124
f 5129/5129 5124/5124 5127/5127
f 5132/5132 5129/5129 5127/5127
f 5132/5132 5127/5127 5130/5130
f 5135/5135 5132/5132 5130/5130
f 5135/5135 5130/5130 5133/5133
f 5138/5138 5135/5135 5133/5133
f 5138/5138 5133/5133 5136/5136
f 5141/5141 5138/5138 5136/5136
f 5141/5141 5136/5136 5139/5139
f 5144/5144 5145/5145 5146/5146
f 5144/5144 5146/5146 5142/5142
f 4804/4804 5144/5144 5142/5142
f 4804/4804 5142/5142 4805/4805
f 5150/5150 5141/5141 5139/5139
f 5150/5150 5139/5139 5148/5148
f 5145/5145 5150/5150 5148/5148
f 5145/5145 5148/5148 5146/5146
f 5158/5158 5151/5151 5155/5155
f 5158/5158 5155/5155 5157/5157
f 5162/5162 5158/5158 5157/5157
f 5162/5162 5157/5157 5161/5161
f 5166/5166 5162/5162 5161/5161
f 5166/5166 5161/5161 5165/5165
f 5170/5170 5166/5166 5165/5165
f 5170/5170 5165/5165 5169/5169
f 5175/5175 4839/4839 4835/4835
f 5175/5175 4835/4835 5172/5172
f 5179/5179 5175/5175 5172/5172
f 5179/5179 5172/5172 5176/5176
f 5183/5183 5179/5179 5176/5176
f 5183/5183 5176/5176 5180/5180
f 5187/5187 5183/5183 5180/5180
f 5187/5187 5180/5180 5184/5184
f 5191/5191 5187/5187 5184/5184
f 5191/5191 5184/5184 5188/5188
f 5169/5169 5191/5191 5188/5188
f 5169/5169 5188/5188 5170/5170
f 5194/5194 4863/4863 4862/4862
f 5194/5194 4862/4862 5193/5193
f 5198/5198 5194/5194 5193/5193
f 5198/5198 5193/5193 5197/5197
f 5202/5202 5198/5198 5197/5197
f 5202/5202 5197/5197 5201/5201
f 5206/5206 5202/5202 5201/5201
f 5206/5206 5201/5201 5205/5205
f 5210/5210 5206/5206 5205/5205
f 5210/5210 5205/5205 5209/5209
f 5214/5214 5210/5210 5209/5209
f 5214/5214 5209/5209 5213/5213
f 5224/5224 5218/5218 5219/5219
f 5224/5224 5219/5219 5221/5221
f 5228/5228 5224/5224 5221/5221
f 5228/5228 5221/5221 5225/5225
f 5232/5232 5228/5228 5225/5225
f 5232/5232 5225/5225 5229/5229
f 5213/5213 5232/5232 5229/5229
f 5213/5213 5229/5229 5214/5214
f 5235/5235 5219/5219 5218/5218
f 5235/5235 5218/5218 5234/5234
f 5239/5239 5241/5241 5244/5244
f 5239/5239 5244/5244 5238/5238
f 5245/5245 5249/5249 5252/5252
f 5245/5245 5252/5252 5248/5248
f 5249/5249 5235/5235 5234/5234
f 5249/5249 5234/5234 5252/5252
f 5151/5151 5253/5253 5256/5256
f 5151/5151 5256/5256 5155/5155
f 5253/5253 5239/5239 5238/5238
f 5253/5253 5238/5238 5256/5256
f 5260/5260 5257/5257 5258/5258
f 5260/5260 5258/5258 5259/5259
f 5264/5264 5261/5261 5262/5262
f 5264/5264 5262/5262 5263/5263
f 5268/5268 5269/5269 5271/5271
f 5268/5268 5271/5271 5266/5266
f 5275/5275 5278/5278 5280/5280
f 5275/5275 5280/5280 5273/5273
f 5277/5277 5267/5267 5265/5265
f 5277/5277 5265/5265 5279/5279
f 5270/5270 5258/5258 5257/5257
f 5270/5270 5257/5257 5272/5272
f 5261/5261 5276/5276 5274/5274
f 5261/5261 5274/5274 5262/5262
f 5259/5259 5281/5281 5282/5282
f 5259/5259 5282/5282 5260/5260
f 5263/5263 5283/5283 5284/5284
f 5263/5263 5284/5284 5264/5264
f 5288/5288 5289/5289 5291/5291
f 5288/5288 5291/5291 5286/5286
f 5295/5295 5298/5298 5300/5300
f 5295/5295 5300/5300 5293/5293
f 5297/5297 5287/5287 5285/5285
f 5297/5297 5285/5285 5299/5299
f 5290/5290 5282/5282 5281/5281
f 5290/5290 5281/5281 5292/5292
f 5283/5283 5296/5296 5294/5294
f 5283/5283 5294/5294 5284/5284
f 5302/5302 5304/5304 5306/5306
f 5302/5302 5306/5306 5301/5301
f 5308/5308 5302/5302 5301/5301
f 5308/5308 5301/5301 5307/5307
f 5311/5311 5308/5308 5307/5307
f 5311/5311 5307/5307 5310/5310
f 5314/5314 5311/5311 5310/5310
f 5314/5314 5310/5310 5313/5313
f 5317/5317 5314/5314 5313/5313
f 5317/5317 5313/5313 5316/5316
f 5320/5320 5317/5317 5316/5316
f 5320/5320 5316/5316 5319/5319
f 5323/5323 5320/5320 5319/5319
f 5323/5323 5319/5319 5322/5322
f 5326/5326 5323/5323 5322/5322
f 5326/5326 5322/5322 5325/5325
f 5329/5329 5331/5331 5333/5333
f 5329/5329 5333/5333 5328/5328
f 5335/5335 5329/5329 5328/5328
f 5335/5335 5328/5328 5334/5334
f 5338/5338 5326/5326 5325/5325
f 5338/5338 5325/5325 5337/5337
f 5331/5331 5338/5338 5337/5337
f 5331/5331 5337/5337 5333/5333
f 5342/5342 5306/5306 5304/5304
f 5342/5342 5304/5304 5340/5340
f 5345/5345 5342/5342 5340/5340
f 5345/5345 5340/5340 5343/5343
f 5348/5348 5345/5345 5343/5343
f 5348/5348 5343/5343 5346/5346
f 5351/5351 5348/5348 5346/5346
f 5351/5351 5346/5346 5349/5349
f 5354/5354 5351/5351 5349/5349
f 5354/5354 5349/5349 5352/5352
f 5357/5357 5354/5354 5352/5352
f 5357/5357 5352/5352 5355/5355
f 5360/5360 5357/5357 5355/5355
f 5360/5360 5355/5355 5358/5358
f 5363/5363 5360/5360 5358/5358
f 5363/5363 5358/5358 5361/5361
f 5366/5366 5367/5367 5368/5368
f 5366/5366 5368/5368 5364/5364
f 5334/5334 5366/5366 5364/5364
f 5334/5334 5364/5364 5335/5335
f 5372/5372 5363/5363 5361/5361
f 5372/5372 5361/5361 5370/5370
f 5367/5367 5372/5372 5370/5370
f 5367/5367 5370/5370 5368/5368
f 5303/5303 5309/5309 4868/4868
f 5303/5303 4868/4868 4859/4859
f 5305/5305 5303/5303 4859/4859
f 5305/5305 4859/4859 4864/4864
f 5305/5305 4864/4864 5195/5195
f 5305/5305 5195/5195 5341/5341
f 5309/5309 5312/5312 4872/4872
f 5309/5309 4872/4872 4868/4868
f 5312/5312 5315/5315 4876/4876
f 5312/5312 4876/4876 4872/4872
f 5315/5315 5318/5318 4880/4880
f 5315/5315 4880/4880 4876/4876
f 5318/5318 5321/5321 4884/4884
f 5318/5318 4884/4884 4880/4880
f 5324/5324 4899/4899 4884/4884
f 5324/5324 4884/4884 5321/5321
f 5327/5327 4895/4895 4899/4899
f 5327/5327 4899/4899 5324/5324
f 5339/5339 4891/4891 4895/4895
f 5339/5339 4895/4895 5327/5327
f 5330/5330 4559/4559 4889/4889
f 5330/5330 4889/4889 5332/5332
f 5336/5336 4560/4560 4559/4559
f 5336/5336 4559/4559 5330/5330
f 5332/5332 4889/4889 4891/4891
f 5332/5332 4891/4891 5339/5339
f 5336/5336 5365/5365 4935/4935
f 5336/5336 4935/4935 4560/4560
f 5341/5341 5195/5195 5199/5199
f 5341/5341 5199/5199 5344/5344
f 5344/5344 5199/5199 5203/5203
f 5344/5344 5203/5203 5347/5347
f 5347/5347 5203/5203 5207/5207
f 5347/5347 5207/5207 5350/5350
f 5350/5350 5207/5207 5211/5211
f 5350/5350 5211/5211 5353/5353
f 5353/5353 5211/5211 5215/5215
f 5353/5353 5215/5215 5356/5356
f 5359/5359 5356/5356 5215/5215
f 5359/5359 5215/5215 5230/5230
f 5362/5362 5359/5359 5230/5230
f 5362/5362 5230/5230 5226/5226
f 5371/5371 5362/5362 5226/5226
f 5371/5371 5226/5226 5222/5222
f 5365/5365 5369/5369 5220/5220
f 5365/5365 5220/5220 4935/4935
f 5369/5369 5371/5371 5222/5222
f 5369/5369 5222/5222 5220/5220
f 5384/5384 5382/5382 5376/5376
f 5384/5384 5376/5376 5375/5375
f 5563/5563 5593/5593 5734/5734
f 5563/5563 5734/5734 5717/5717
f 5378/5378 5586/5586 5590/5590
f 5378/5378 5590/5590 5381/5381
f 5388/5388 5386/5386 5377/5377
f 5388/5388 5377/5377 5379/5379
f 5494/5494 5570/5570 5574/5574
f 5494/5494 5574/5574 5521/5521
f 5407/5407 5483/5483 5487/5487
f 5407/5407 5487/5487 5434/5434
f 5587/5587 5583/5583 5748/5748
f 5587/5587 5748/5748 5752/5752
f 5601/5601 5595/5595 5756/5756
f 5601/5601 5756/5756 5738/5738
f 5380/5380 5378/5378 5381/5381
f 5380/5380 5381/5381 5383/5383
f 5383/5383 5381/5381 5382/5382
f 5383/5383 5382/5382 5384/5384
f 5373/5373 5374/5374 5385/5385
f 5373/5373 5385/5385 5387/5387
f 5387/5387 5385/5385 5386/5386
f 5387/5387 5386/5386 5388/5388
f 5595/5595 5444/5444 5644/5644
f 5595/5595 5644/5644 5756/5756
f 5607/5607 5390/5390 5389/5389
f 5607/5607 5389/5389 5604/5604
f 5394/5394 5392/5392 5391/5391
f 5394/5394 5391/5391 5393/5393
f 5403/5403 5395/5395 5741/5741
f 5403/5403 5741/5741 5755/5755
f 5397/5397 5401/5401 5751/5751
f 5397/5397 5751/5751 5747/5747
f 5398/5398 5399/5399 5396/5396
f 5398/5398 5396/5396 5395/5395
f 5393/5393 5391/5391 5721/5721
f 5393/5393 5721/5721 5737/5737
f 5401/5401 5393/5393 5737/5737
f 5401/5401 5737/5737 5751/5751
f 5604/5604 5389/5389 5643/5643
f 5604/5604 5643/5643 5610/5610
f 5610/5610 5643/5643 5650/5650
f 5610/5610 5650/5650 5613/5613
f 5613/5613 5650/5650 5654/5654
f 5613/5613 5654/5654 5616/5616
f 5616/5616 5654/5654 5658/5658
f 5616/5616 5658/5658 5619/5619
f 5619/5619 5658/5658 5662/5662
f 5619/5619 5662/5662 5622/5622
f 5625/5625 5622/5622 5662/5662
f 5625/5625 5662/5662 5685/5685
f 5628/5628 5625/5625 5685/5685
f 5628/5628 5685/5685 5681/5681
f 5640/5640 5628/5628 5681/5681
f 5640/5640 5681/5681 5677/5677
f 5631/5631 5635/5635 5673/5673
f 5631/5631 5673/5673 5664/5664
f 5389/5389 5403/5403 5755/5755
f 5389/5389 5755/5755 5643/5643
f 5638/5638 5631/5631 5664/5664
f 5638/5638 5664/5664 5668/5668
f 5635/5635 5640/5640 5677/5677
f 5635/5635 5677/5677 5673/5673
f 5395/5395 5396/5396 5743/5743
f 5395/5395 5743/5743 5741/5741
f 5400/5400 5402/5402 5401/5401
f 5400/5400 5401/5401 5397/5397
f 5402/5402 5394/5394 5393/5393
f 5402/5402 5393/5393 5401/5401
f 5390/5390 5404/5404 5403/5403
f 5390/5390 5403/5403 5389/5389
f 5404/5404 5398/5398 5395/5395
f 5404/5404 5395/5395 5403/5403
f 5534/5534 5538/5538 5688/5688
f 5534/5534 5688/5688 5693/5693
f 5554/5554 5558/5558 5713/5713
f 5554/5554 5713/5713 5709/5709
f 5453/5453 5457/5457 5651/5651
f 5453/5453 5651/5651 5647/5647
f 5558/5558 5575/5575 5732/5732
f 5558/5558 5732/5732 5713/5713
f 5457/5457 5461/5461 5655/5655
f 5457/5457 5655/5655 5651/5651
f 5461/5461 5465/5465 5659/5659
f 5461/5461 5659/5659 5655/5655
f 5465/5465 5488/5488 5686/5686
f 5465/5465 5686/5686 5659/5659
f 5571/5571 5567/5567 5724/5724
f 5571/5571 5724/5724 5728/5728
f 5476/5476 5472/5472 5665/5665
f 5476/5476 5665/5665 5674/5674
f 5575/5575 5571/5571 5728/5728
f 5575/5575 5728/5728 5732/5732
f 5480/5480 5476/5476 5674/5674
f 5480/5480 5674/5674 5678/5678
f 5579/5579 5601/5601 5738/5738
f 5579/5579 5738/5738 5744/5744
f 5484/5484 5480/5480 5678/5678
f 5484/5484 5678/5678 5682/5682
f 5382/5382 5592/5592 5562/5562
f 5382/5382 5562/5562 5376/5376
f 5488/5488 5484/5484 5682/5682
f 5488/5488 5682/5682 5686/5686
f 5472/5472 5468/5468 5670/5670
f 5472/5472 5670/5670 5665/5665
f 5567/5567 5564/5564 5718/5718
f 5567/5567 5718/5718 5724/5724
f 5497/5497 5500/5500 5537/5537
f 5497/5497 5537/5537 5532/5532
f 5500/5500 5503/5503 5541/5541
f 5500/5500 5541/5541 5537/5537
f 5503/5503 5506/5506 5545/5545
f 5503/5503 5545/5545 5541/5541
f 5410/5410 5413/5413 5374/5374
f 5410/5410 5374/5374 5373/5373
f 5506/5506 5509/5509 5549/5549
f 5506/5506 5549/5549 5545/5545
f 5413/5413 5416/5416 5450/5450
f 5413/5413 5450/5450 5374/5374
f 5593/5593 5587/5587 5752/5752
f 5593/5593 5752/5752 5734/5734
f 5509/5509 5512/5512 5553/5553
f 5509/5509 5553/5553 5549/5549
f 5416/5416 5419/5419 5452/5452
f 5416/5416 5452/5452 5450/5450
f 5381/5381 5590/5590 5592/5592
f 5381/5381 5592/5592 5382/5382
f 5512/5512 5515/5515 5557/5557
f 5512/5512 5557/5557 5553/5553
f 5419/5419 5422/5422 5456/5456
f 5419/5419 5456/5456 5452/5452
f 5518/5518 5578/5578 5557/5557
f 5518/5518 5557/5557 5515/5515
f 5422/5422 5425/5425 5460/5460
f 5422/5422 5460/5460 5456/5456
f 5386/5386 5600/5600 5582/5582
f 5386/5386 5582/5582 5377/5377
f 5521/5521 5574/5574 5578/5578
f 5521/5521 5578/5578 5518/5518
f 5425/5425 5428/5428 5464/5464
f 5425/5425 5464/5464 5460/5460
f 5527/5527 5376/5376 5562/5562
f 5527/5527 5562/5562 5523/5523
f 5431/5431 5491/5491 5464/5464
f 5431/5431 5464/5464 5428/5428
f 5529/5529 5375/5375 5376/5376
f 5529/5529 5376/5376 5527/5527
f 5434/5434 5487/5487 5491/5491
f 5434/5434 5491/5491 5431/5431
f 5523/5523 5562/5562 5570/5570
f 5523/5523 5570/5570 5494/5494
f 5440/5440 5475/5475 5479/5479
f 5440/5440 5479/5479 5436/5436
f 5442/5442 5471/5471 5475/5475
f 5442/5442 5475/5475 5440/5440
f 5538/5538 5542/5542 5697/5697
f 5538/5538 5697/5697 5688/5688
f 5436/5436 5479/5479 5483/5483
f 5436/5436 5483/5483 5407/5407
f 5542/5542 5546/5546 5701/5701
f 5542/5542 5701/5701 5697/5697
f 5445/5445 5453/5453 5647/5647
f 5445/5445 5647/5647 5645/5645
f 5546/5546 5550/5550 5705/5705
f 5546/5546 5705/5705 5701/5701
f 5385/5385 5598/5598 5600/5600
f 5385/5385 5600/5600 5386/5386
f 5374/5374 5450/5450 5598/5598
f 5374/5374 5598/5598 5385/5385
f 5550/5550 5554/5554 5709/5709
f 5550/5550 5709/5709 5705/5705
f 5412/5412 5409/5409 5408/5408
f 5412/5412 5408/5408 5411/5411
f 5415/5415 5412/5412 5411/5411
f 5415/5415 5411/5411 5414/5414
f 5418/5418 5415/5415 5414/5414
f 5418/5418 5414/5414 5417/5417
f 5421/5421 5418/5418 5417/5417
f 5421/5421 5417/5417 5420/5420
f 5424/5424 5421/5421 5420/5420
f 5424/5424 5420/5420 5423/5423
f 5427/5427 5424/5424 5423/5423
f 5427/5427 5423/5423 5426/5426
f 5430/5430 5427/5427 5426/5426
f 5430/5430 5426/5426 5429/5429
f 5433/5433 5430/5430 5429/5429
f 5433/5433 5429/5429 5432/5432
f 5439/5439 5435/5435 5437/5437
f 5439/5439 5437/5437 5438/5438
f 5441/5441 5439/5439 5438/5438
f 5441/5441 5438/5438 5443/5443
f 5406/5406 5433/5433 5432/5432
f 5406/5406 5432/5432 5405/5405
f 5435/5435 5406/5406 5405/5405
f 5435/5435 5405/5405 5437/5437
f 5454/5454 5447/5447 5449/5449
f 5454/5454 5449/5449 5451/5451
f 5458/5458 5454/5454 5451/5451
f 5458/5458 5451/5451 5455/5455
f 5462/5462 5458/5458 5455/5455
f 5462/5462 5455/5455 5459/5459
f 5466/5466 5462/5462 5459/5459
f 5466/5466 5459/5459 5463/5463
f 5474/5474 5470/5470 5469/5469
f 5474/5474 5469/5469 5473/5473
f 5478/5478 5474/5474 5473/5473
f 5478/5478 5473/5473 5477/5477
f 5482/5482 5478/5478 5477/5477
f 5482/5482 5477/5477 5481/5481
f 5486/5486 5482/5482 5481/5481
f 5486/5486 5481/5481 5485/5485
f 5490/5490 5486/5486 5485/5485
f 5490/5490 5485/5485 5489/5489
f 5463/5463 5490/5490 5489/5489
f 5463/5463 5489/5489 5466/5466
f 5499/5499 5496/5496 5495/5495
f 5499/5499 5495/5495 5498/5498
f 5502/5502 5499/5499 5498/5498
f 5502/5502 5498/5498 5501/5501
f 5505/5505 5502/5502 5501/5501
f 5505/5505 5501/5501 5504/5504
f 5508/5508 5505/5505 5504/5504
f 5508/5508 5504/5504 5507/5507
f 5511/5511 5508/5508 5507/5507
f 5511/5511 5507/5507 5510/5510
f 5514/5514 5511/5511 5510/5510
f 5514/5514 5510/5510 5513/5513
f 5517/5517 5514/5514 5513/5513
f 5517/5517 5513/5513 5516/5516
f 5520/5520 5517/5517 5516/5516
f 5520/5520 5516/5516 5519/5519
f 5526/5526 5522/5522 5524/5524
f 5526/5526 5524/5524 5525/5525
f 5528/5528 5526/5526 5525/5525
f 5528/5528 5525/5525 5530/5530
f 5493/5493 5520/5520 5519/5519
f 5493/5493 5519/5519 5492/5492
f 5522/5522 5493/5493 5492/5492
f 5522/5522 5492/5492 5524/5524
f 5539/5539 5535/5535 5531/5531
f 5539/5539 5531/5531 5536/5536
f 5543/5543 5539/5539 5536/5536
f 5543/5543 5536/5536 5540/5540
f 5547/5547 5543/5543 5540/5540
f 5547/5547 5540/5540 5544/5544
f 5551/5551 5547/5547 5544/5544
f 5551/5551 5544/5544 5548/5548
f 5555/5555 5551/5551 5548/5548
f 5555/5555 5548/5548 5552/5552
f 5559/5559 5555/5555 5552/5552
f 5559/5559 5552/5552 5556/5556
f 5569/5569 5561/5561 5566/5566
f 5569/5569 5566/5566 5568/5568
f 5573/5573 5569/5569 5568/5568
f 5573/5573 5568/5568 5572/5572
f 5577/5577 5573/5573 5572/5572
f 5577/5577 5572/5572 5576/5576
f 5556/5556 5577/5577 5576/5576
f 5556/5556 5576/5576 5559/5559
f 5594/5594 5565/5565 5560/5560
f 5594/5594 5560/5560 5591/5591
f 5602/5602 5580/5580 5581/5581
f 5602/5602 5581/5581 5599/5599
f 5584/5584 5588/5588 5589/5589
f 5584/5584 5589/5589 5585/5585
f 5588/5588 5594/5594 5591/5591
f 5588/5588 5591/5591 5589/5589
f 5446/5446 5596/5596 5597/5597
f 5446/5446 5597/5597 5448/5448
f 5596/5596 5602/5602 5599/5599
f 5596/5596 5599/5599 5597/5597
f 5605/5605 5608/5608 5606/5606
f 5605/5605 5606/5606 5603/5603
f 5611/5611 5605/5605 5603/5603
f 5611/5611 5603/5603 5609/5609
f 5614/5614 5611/5611 5609/5609
f 5614/5614 5609/5609 5612/5612
f 5617/5617 5614/5614 5612/5612
f 5617/5617 5612/5612 5615/5615
f 5620/5620 5617/5617 5615/5615
f 5620/5620 5615/5615 5618/5618
f 5623/5623 5620/5620 5618/5618
f 5623/5623 5618/5618 5621/5621
f 5626/5626 5623/5623 5621/5621
f 5626/5626 5621/5621 5624/5624
f 5629/5629 5626/5626 5624/5624
f 5629/5629 5624/5624 5627/5627
f 5632/5632 5633/5633 5634/5634
f 5632/5632 5634/5634 5630/5630
f 5636/5636 5632/5632 5630/5630
f 5636/5636 5630/5630 5637/5637
f 5641/5641 5629/5629 5627/5627
f 5641/5641 5627/5627 5639/5639
f 5633/5633 5641/5641 5639/5639
f 5633/5633 5639/5639 5634/5634
f 5649/5649 5642/5642 5646/5646
f 5649/5649 5646/5646 5648/5648
f 5653/5653 5649/5649 5648/5648
f 5653/5653 5648/5648 5652/5652
f 5657/5657 5653/5653 5652/5652
f 5657/5657 5652/5652 5656/5656
f 5661/5661 5657/5657 5656/5656
f 5661/5661 5656/5656 5660/5660
f 5666/5666 5671/5671 5667/5667
f 5666/5666 5667/5667 5663/5663
f 5675/5675 5666/5666 5663/5663
f 5675/5675 5663/5663 5672/5672
f 5679/5679 5675/5675 5672/5672
f 5679/5679 5672/5672 5676/5676
f 5683/5683 5679/5679 5676/5676
f 5683/5683 5676/5676 5680/5680
f 5687/5687 5683/5683 5680/5680
f 5687/5687 5680/5680 5684/5684
f 5660/5660 5687/5687 5684/5684
f 5660/5660 5684/5684 5661/5661
f 5690/5690 5695/5695 5694/5694
f 5690/5690 5694/5694 5689/5689
f 5699/5699 5690/5690 5689/5689
f 5699/5699 5689/5689 5698/5698
f 5703/5703 5699/5699 5698/5698
f 5703/5703 5698/5698 5702/5702
f 5707/5707 5703/5703 5702/5702
f 5707/5707 5702/5702 5706/5706
f 5711/5711 5707/5707 5706/5706
f 5711/5711 5706/5706 5710/5710
f 5715/5715 5711/5711 5710/5710
f 5715/5715 5710/5710 5714/5714
f 5725/5725 5719/5719 5720/5720
f 5725/5725 5720/5720 5722/5722
f 5729/5729 5725/5725 5722/5722
f 5729/5729 5722/5722 5726/5726
f 5733/5733 5729/5729 5726/5726
f 5733/5733 5726/5726 5730/5730
f 5714/5714 5733/5733 5730/5730
f 5714/5714 5730/5730 5715/5715
f 5736/5736 5720/5720 5719/5719
f 5736/5736 5719/5719 5735/5735
f 5740/5740 5742/5742 5745/5745
f 5740/5740 5745/5745 5739/5739
f 5746/5746 5750/5750 5753/5753
f 5746/5746 5753/5753 5749/5749
f 5750/5750 5736/5736 5735/5735
f 5750/5750 5735/5735 5753/5753
f 5642/5642 5754/5754 5757/5757
f 5642/5642 5757/5757 5646/5646
f 5754/5754 5740/5740 5739/5739
f 5754/5754 5739/5739 5757/5757
f 5384/5384 5375/5375 5759/5759
f 5384/5384 5759/5759 5763/5763
f 5910/5910 6048/6048 6065/6065
f 5910/5910 6065/6065 5940/5940
f 5761/5761 5762/5762 5937/5937
f 5761/5761 5937/5937 5933/5933
f 5388/5388 5379/5379 5760/5760
f 5388/5388 5760/5760 5765/5765
f 5852/5852 5876/5876 5921/5921
f 5852/5852 5921/5921 5917/5917
f 5776/5776 5800/5800 5845/5845
f 5776/5776 5845/5845 5841/5841
f 5934/5934 6083/6083 6079/6079
f 5934/5934 6079/6079 5930/5930
f 5948/5948 6069/6069 6087/6087
f 5948/5948 6087/6087 5942/5942
f 5380/5380 5383/5383 5762/5762
f 5380/5380 5762/5762 5761/5761
f 5383/5383 5384/5384 5763/5763
f 5383/5383 5763/5763 5762/5762
f 5373/5373 5387/5387 5764/5764
f 5373/5373 5764/5764 5758/5758
f 5387/5387 5388/5388 5765/5765
f 5387/5387 5765/5765 5764/5764
f 5942/5942 6087/6087 5985/5985
f 5942/5942 5985/5985 5807/5807
f 5607/5607 5951/5951 5766/5766
f 5607/5607 5766/5766 5390/5390
f 5394/5394 5768/5768 5767/5767
f 5394/5394 5767/5767 5392/5392
f 5773/5773 6086/6086 6072/6072
f 5773/5773 6072/6072 5769/5769
f 5771/5771 6078/6078 6082/6082
f 5771/5771 6082/6082 5772/5772
f 5398/5398 5769/5769 5770/5770
f 5398/5398 5770/5770 5399/5399
f 5768/5768 6068/6068 6052/6052
f 5768/5768 6052/6052 5767/5767
f 5772/5772 6082/6082 6068/6068
f 5772/5772 6068/6068 5768/5768
f 5951/5951 5954/5954 5984/5984
f 5951/5951 5984/5984 5766/5766
f 5954/5954 5957/5957 5991/5991
f 5954/5954 5991/5991 5984/5984
f 5957/5957 5960/5960 5995/5995
f 5957/5957 5995/5995 5991/5991
f 5960/5960 5963/5963 5999/5999
f 5960/5960 5999/5999 5995/5995
f 5963/5963 5966/5966 6003/6003
f 5963/5963 6003/6003 5999/5999
f 5969/5969 6021/6021 6003/6003
f 5969/5969 6003/6003 5966/5966
f 5972/5972 6017/6017 6021/6021
f 5972/5972 6021/6021 5969/5969
f 5981/5981 6013/6013 6017/6017
f 5981/5981 6017/6017 5972/5972
f 5975/5975 6005/6005 6009/6009
f 5975/5975 6009/6009 5979/5979
f 5766/5766 5984/5984 6086/6086
f 5766/5766 6086/6086 5773/5773
f 5638/5638 5668/5668 6005/6005
f 5638/5638 6005/6005 5975/5975
f 5979/5979 6009/6009 6013/6013
f 5979/5979 6013/6013 5981/5981
f 5769/5769 6072/6072 6074/6074
f 5769/5769 6074/6074 5770/5770
f 5400/5400 5771/5771 5772/5772
f 5400/5400 5772/5772 5402/5402
f 5402/5402 5772/5772 5768/5768
f 5402/5402 5768/5768 5394/5394
f 5390/5390 5766/5766 5773/5773
f 5390/5390 5773/5773 5404/5404
f 5404/5404 5773/5773 5769/5769
f 5404/5404 5769/5769 5398/5398
f 5533/5533 5692/5692 6024/6024
f 5533/5533 6024/6024 5885/5885
f 5901/5901 6040/6040 6044/6044
f 5901/5901 6044/6044 5905/5905
f 5816/5816 5988/5988 5992/5992
f 5816/5816 5992/5992 5820/5820
f 5905/5905 6044/6044 6063/6063
f 5905/5905 6063/6063 5922/5922
f 5820/5820 5992/5992 5996/5996
f 5820/5820 5996/5996 5824/5824
f 5824/5824 5996/5996 6000/6000
f 5824/5824 6000/6000 5828/5828
f 5828/5828 6000/6000 6022/6022
f 5828/5828 6022/6022 5846/5846
f 5918/5918 6059/6059 6055/6055
f 5918/5918 6055/6055 5914/5914
f 5834/5834 6010/6010 6006/6006
f 5834/5834 6006/6006 5830/5830
f 5922/5922 6063/6063 6059/6059
f 5922/5922 6059/6059 5918/5918
f 5838/5838 6014/6014 6010/6010
f 5838/5838 6010/6010 5834/5834
f 5926/5926 6075/6075 6069/6069
f 5926/5926 6069/6069 5948/5948
f 5842/5842 6018/6018 6014/6014
f 5842/5842 6014/6014 5838/5838
f 5763/5763 5759/5759 5909/5909
f 5763/5763 5909/5909 5939/5939
f 5846/5846 6022/6022 6018/6018
f 5846/5846 6018/6018 5842/5842
f 5830/5830 6006/6006 5669/5669
f 5830/5830 5669/5669 5467/5467
f 5914/5914 6055/6055 6049/6049
f 5914/5914 6049/6049 5911/5911
f 5497/5497 5532/5532 5884/5884
f 5497/5497 5884/5884 5855/5855
f 5855/5855 5884/5884 5888/5888
f 5855/5855 5888/5888 5858/5858
f 5858/5858 5888/5888 5892/5892
f 5858/5858 5892/5892 5861/5861
f 5410/5410 5373/5373 5758/5758
f 5410/5410 5758/5758 5779/5779
f 5861/5861 5892/5892 5896/5896
f 5861/5861 5896/5896 5864/5864
f 5779/5779 5758/5758 5813/5813
f 5779/5779 5813/5813 5782/5782
f 5940/5940 6065/6065 6083/6083
f 5940/5940 6083/6083 5934/5934
f 5864/5864 5896/5896 5900/5900
f 5864/5864 5900/5900 5867/5867
f 5782/5782 5813/5813 5815/5815
f 5782/5782 5815/5815 5785/5785
f 5762/5762 5763/5763 5939/5939
f 5762/5762 5939/5939 5937/5937
f 5867/5867 5900/5900 5904/5904
f 5867/5867 5904/5904 5870/5870
f 5785/5785 5815/5815 5819/5819
f 5785/5785 5819/5819 5788/5788
f 5873/5873 5870/5870 5904/5904
f 5873/5873 5904/5904 5925/5925
f 5788/5788 5819/5819 5823/5823
f 5788/5788 5823/5823 5791/5791
f 5765/5765 5760/5760 5929/5929
f 5765/5765 5929/5929 5947/5947
f 5876/5876 5873/5873 5925/5925
f 5876/5876 5925/5925 5921/5921
f 5791/5791 5823/5823 5827/5827
f 5791/5791 5827/5827 5794/5794
f 5882/5882 5878/5878 5909/5909
f 5882/5882 5909/5909 5759/5759
f 5797/5797 5794/5794 5827/5827
f 5797/5797 5827/5827 5849/5849
f 5529/5529 5882/5882 5759/5759
f 5529/5529 5759/5759 5375/5375
f 5800/5800 5797/5797 5849/5849
f 5800/5800 5849/5849 5845/5845
f 5878/5878 5852/5852 5917/5917
f 5878/5878 5917/5917 5909/5909
f 5806/5806 5802/5802 5837/5837
f 5806/5806 5837/5837 5833/5833
f 5442/5442 5806/5806 5833/5833
f 5442/5442 5833/5833 5471/5471
f 5885/5885 6024/6024 6028/6028
f 5885/5885 6028/6028 5889/5889
f 5802/5802 5776/5776 5841/5841
f 5802/5802 5841/5841 5837/5837
f 5889/5889 6028/6028 6032/6032
f 5889/5889 6032/6032 5893/5893
f 5808/5808 5986/5986 5988/5988
f 5808/5808 5988/5988 5816/5816
f 5893/5893 6032/6032 6036/6036
f 5893/5893 6036/6036 5897/5897
f 5764/5764 5765/5765 5947/5947
f 5764/5764 5947/5947 5945/5945
f 5758/5758 5764/5764 5945/5945
f 5758/5758 5945/5945 5813/5813
f 5897/5897 6036/6036 6040/6040
f 5897/5897 6040/6040 5901/5901
f 5778/5778 5777/5777 5408/5408
f 5778/5778 5408/5408 5409/5409
f 5781/5781 5780/5780 5777/5777
f 5781/5781 5777/5777 5778/5778
f 5784/5784 5783/5783 5780/5780
f 5784/5784 5780/5780 5781/5781
f 5787/5787 5786/5786 5783/5783
f 5787/5787 5783/5783 5784/5784
f 5790/5790 5789/5789 5786/5786
f 5790/5790 5786/5786 5787/5787
f 5793/5793 5792/5792 5789/5789
f 5793/5793 5789/5789 5790/5790
f 5796/5796 5795/5795 5792/5792
f 5796/5796 5792/5792 5793/5793
f 5799/5799 5798/5798 5795/5795
f 5799/5799 5795/5795 5796/5796
f 5805/5805 5804/5804 5803/5803
f 5805/5805 5803/5803 5801/5801
f 5441/5441 5443/5443 5804/5804
f 5441/5441 5804/5804 5805/5805
f 5775/5775 5774/5774 5798/5798
f 5775/5775 5798/5798 5799/5799
f 5801/5801 5803/5803 5774/5774
f 5801/5801 5774/5774 5775/5775
f 5817/5817 5814/5814 5812/5812
f 5817/5817 5812/5812 5810/5810
f 5821/5821 5818/5818 5814/5814
f 5821/5821 5814/5814 5817/5817
f 5825/5825 5822/5822 5818/5818
f 5825/5825 5818/5818 5821/5821
f 5829/5829 5826/5826 5822/5822
f 5829/5829 5822/5822 5825/5825
f 5832/5832 5831/5831 5469/5469
f 5832/5832 5469/5469 5470/5470
f 5836/5836 5835/5835 5831/5831
f 5836/5836 5831/5831 5832/5832
f 5840/5840 5839/5839 5835/5835
f 5840/5840 5835/5835 5836/5836
f 5844/5844 5843/5843 5839/5839
f 5844/5844 5839/5839 5840/5840
f 5848/5848 5847/5847 5843/5843
f 5848/5848 5843/5843 5844/5844
f 5826/5826 5829/5829 5847/5847
f 5826/5826 5847/5847 5848/5848
f 5854/5854 5853/5853 5495/5495
f 5854/5854 5495/5495 5496/5496
f 5857/5857 5856/5856 5853/5853
f 5857/5857 5853/5853 5854/5854
f 5860/5860 5859/5859 5856/5856
f 5860/5860 5856/5856 5857/5857
f 5863/5863 5862/5862 5859/5859
f 5863/5863 5859/5859 5860/5860
f 5866/5866 5865/5865 5862/5862
f 5866/5866 5862/5862 5863/5863
f 5869/5869 5868/5868 5865/5865
f 5869/5869 5865/5865 5866/5866
f 5872/5872 5871/5871 5868/5868
f 5872/5872 5868/5868 5869/5869
f 5875/5875 5874/5874 5871/5871
f 5875/5875 5871/5871 5872/5872
f 5881/5881 5880/5880 5879/5879
f 5881/5881 5879/5879 5877/5877
f 5528/5528 5530/5530 5880/5880
f 5528/5528 5880/5880 5881/5881
f 5851/5851 5850/5850 5874/5874
f 5851/5851 5874/5874 5875/5875
f 5877/5877 5879/5879 5850/5850
f 5877/5877 5850/5850 5851/5851
f 5886/5886 5883/5883 5531/5531
f 5886/5886 5531/5531 5535/5535
f 5890/5890 5887/5887 5883/5883
f 5890/5890 5883/5883 5886/5886
f 5894/5894 5891/5891 5887/5887
f 5894/5894 5887/5887 5890/5890
f 5898/5898 5895/5895 5891/5891
f 5898/5898 5891/5891 5894/5894
f 5902/5902 5899/5899 5895/5895
f 5902/5902 5895/5895 5898/5898
f 5906/5906 5903/5903 5899/5899
f 5906/5906 5899/5899 5902/5902
f 5916/5916 5915/5915 5913/5913
f 5916/5916 5913/5913 5908/5908
f 5920/5920 5919/5919 5915/5915
f 5920/5920 5915/5915 5916/5916
f 5924/5924 5923/5923 5919/5919
f 5924/5924 5919/5919 5920/5920
f 5903/5903 5906/5906 5923/5923
f 5903/5903 5923/5923 5924/5924
f 5941/5941 5938/5938 5907/5907
f 5941/5941 5907/5907 5912/5912
f 5949/5949 5946/5946 5928/5928
f 5949/5949 5928/5928 5927/5927
f 5931/5931 5932/5932 5936/5936
f 5931/5931 5936/5936 5935/5935
f 5935/5935 5936/5936 5938/5938
f 5935/5935 5938/5938 5941/5941
f 5809/5809 5811/5811 5944/5944
f 5809/5809 5944/5944 5943/5943
f 5943/5943 5944/5944 5946/5946
f 5943/5943 5946/5946 5949/5949
f 5952/5952 5950/5950 5606/5606
f 5952/5952 5606/5606 5608/5608
f 5955/5955 5953/5953 5950/5950
f 5955/5955 5950/5950 5952/5952
f 5958/5958 5956/5956 5953/5953
f 5958/5958 5953/5953 5955/5955
f 5961/5961 5959/5959 5956/5956
f 5961/5961 5956/5956 5958/5958
f 5964/5964 5962/5962 5959/5959
f 5964/5964 5959/5959 5961/5961
f 5967/5967 5965/5965 5962/5962
f 5967/5967 5962/5962 5964/5964
f 5970/5970 5968/5968 5965/5965
f 5970/5970 5965/5965 5967/5967
f 5973/5973 5971/5971 5968/5968
f 5973/5973 5968/5968 5970/5970
f 5976/5976 5974/5974 5978/5978
f 5976/5976 5978/5978 5977/5977
f 5636/5636 5637/5637 5974/5974
f 5636/5636 5974/5974 5976/5976
f 5982/5982 5980/5980 5971/5971
f 5982/5982 5971/5971 5973/5973
f 5977/5977 5978/5978 5980/5980
f 5977/5977 5980/5980 5982/5982
f 5990/5990 5989/5989 5987/5987
f 5990/5990 5987/5987 5983/5983
f 5994/5994 5993/5993 5989/5989
f 5994/5994 5989/5989 5990/5990
f 5998/5998 5997/5997 5993/5993
f 5998/5998 5993/5993 5994/5994
f 6002/6002 6001/6001 5997/5997
f 6002/6002 5997/5997 5998/5998
f 6007/6007 6004/6004 5667/5667
f 6007/6007 5667/5667 5671/5671
f 6011/6011 6008/6008 6004/6004
f 6011/6011 6004/6004 6007/6007
f 6015/6015 6012/6012 6008/6008
f 6015/6015 6008/6008 6011/6011
f 6019/6019 6016/6016 6012/6012
f 6019/6019 6012/6012 6015/6015
f 6023/6023 6020/6020 6016/6016
f 6023/6023 6016/6016 6019/6019
f 6001/6001 6002/6002 6020/6020
f 6001/6001 6020/6020 6023/6023
f 6026/6026 6025/6025 5694/5694
f 6026/6026 5694/5694 5695/5695
f 6030/6030 6029/6029 6025/6025
f 6030/6030 6025/6025 6026/6026
f 6034/6034 6033/6033 6029/6029
f 6034/6034 6029/6029 6030/6030
f 6038/6038 6037/6037 6033/6033
f 6038/6038 6033/6033 6034/6034
f 6042/6042 6041/6041 6037/6037
f 6042/6042 6037/6037 6038/6038
f 6046/6046 6045/6045 6041/6041
f 6046/6046 6041/6041 6042/6042
f 6056/6056 6053/6053 6051/6051
f 6056/6056 6051/6051 6050/6050
f 6060/6060 6057/6057 6053/6053
f 6060/6060 6053/6053 6056/6056
f 6064/6064 6061/6061 6057/6057
f 6064/6064 6057/6057 6060/6060
f 6045/6045 6046/6046 6061/6061
f 6045/6045 6061/6061 6064/6064
f 6067/6067 6066/6066 6050/6050
f 6067/6067 6050/6050 6051/6051
f 6071/6071 6070/6070 6076/6076
f 6071/6071 6076/6076 6073/6073
f 6077/6077 6080/6080 6084/6084
f 6077/6077 6084/6084 6081/6081
f 6081/6081 6084/6084 6066/6066
f 6081/6081 6066/6066 6067/6067
f 5983/5983 5987/5987 6088/6088
f 5983/5983 6088/6088 6085/6085
f 6085/6085 6088/6088 6070/6070
f 6085/6085 6070/6070 6071/6071
f 6092/6092 6091/6091 6090/6090
f 6092/6092 6090/6090 6089/6089
f 6096/6096 6095/6095 6094/6094
f 6096/6096 6094/6094 6093/6093
f 6099/6099 6097/6097 6103/6103
f 6099/6099 6103/6103 6101/6101
f 6107/6107 6105/6105 6112/6112
f 6107/6107 6112/6112 6110/6110
f 6109/6109 6111/6111 6098/6098
f 6109/6109 6098/6098 6100/6100
f 6102/6102 6104/6104 6089/6089
f 6102/6102 6089/6089 6090/6090
f 6093/6093 6094/6094 6106/6106
f 6093/6093 6106/6106 6108/6108
f 6091/6091 6092/6092 6114/6114
f 6091/6091 6114/6114 6113/6113
f 6095/6095 6096/6096 6116/6116
f 6095/6095 6116/6116 6115/6115
f 6119/6119 6117/6117 6123/6123
f 6119/6119 6123/6123 6121/6121
f 6127/6127 6125/6125 6132/6132
f 6127/6127 6132/6132 6130/6130
f 6129/6129 6131/6131 6118/6118
f 6129/6129 6118/6118 6120/6120
f 6122/6122 6124/6124 6113/6113
f 6122/6122 6113/6113 6114/6114
f 6115/6115 6116/6116 6126/6126
f 6115/6115 6126/6126 6128/6128
f 6134/6134 6133/6133 6138/6138
f 6134/6134 6138/6138 6136/6136
f 6140/6140 6139/6139 6133/6133
f 6140/6140 6133/6133 6134/6134
f 6143/6143 6142/6142 6139/6139
f 6143/6143 6139/6139 6140/6140
f 6146/6146 6145/6145 6142/6142
f 6146/6146 6142/6142 6143/6143
f 6149/6149 6148/6148 6145/6145
f 6149/6149 6145/6145 6146/6146
f 6152/6152 6151/6151 6148/6148
f 6152/6152 6148/6148 6149/6149
f 6155/6155 6154/6154 6151/6151
f 6155/6155 6151/6151 6152/6152
f 6158/6158 6157/6157 6154/6154
f 6158/6158 6154/6154 6155/6155
f 6161/6161 6160/6160 6165/6165
f 6161/6161 6165/6165 6163/6163
f 6167/6167 6166/6166 6160/6160
f 6167/6167 6160/6160 6161/6161
f 6170/6170 6169/6169 6157/6157
f 6170/6170 6157/6157 6158/6158
f 6163/6163 6165/6165 6169/6169
f 6163/6163 6169/6169 6170/6170
f 6174/6174 6172/6172 6136/6136
f 6174/6174 6136/6136 6138/6138
f 6177/6177 6175/6175 6172/6172
f 6177/6177 6172/6172 6174/6174
f 6180/6180 6178/6178 6175/6175
f 6180/6180 6175/6175 6177/6177
f 6183/6183 6181/6181 6178/6178
f 6183/6183 6178/6178 6180/6180
f 6186/6186 6184/6184 6181/6181
f 6186/6186 6181/6181 6183/6183
f 6189/6189 6187/6187 6184/6184
f 6189/6189 6184/6184 6186/6186
f 6192/6192 6190/6190 6187/6187
f 6192/6192 6187/6187 6189/6189
f 6195/6195 6193/6193 6190/6190
f 6195/6195 6190/6190 6192/6192
f 6198/6198 6196/6196 6200/6200
f 6198/6198 6200/6200 6199/6199
f 6166/6166 6167/6167 6196/6196
f 6166/6166 6196/6196 6198/6198
f 6204/6204 6202/6202 6193/6193
f 6204/6204 6193/6193 6195/6195
f 6199/6199 6200/6200 6202/6202
f 6199/6199 6202/6202 6204/6204
f 6135/6135 5691/5691 5700/5700
f 6135/6135 5700/5700 6141/6141
f 6137/6137 5696/5696 5691/5691
f 6137/6137 5691/5691 6135/6135
f 6137/6137 6173/6173 6027/6027
f 6137/6137 6027/6027 5696/5696
f 6141/6141 5700/5700 5704/5704
f 6141/6141 5704/5704 6144/6144
f 6144/6144 5704/5704 5708/5708
f 6144/6144 5708/5708 6147/6147
f 6147/6147 5708/5708 5712/5712
f 6147/6147 5712/5712 6150/6150
f 6150/6150 5712/5712 5716/5716
f 6150/6150 5716/5716 6153/6153
f 6156/6156 6153/6153 5716/5716
f 6156/6156 5716/5716 5731/5731
f 6159/6159 6156/6156 5731/5731
f 6159/6159 5731/5731 5727/5727
f 6171/6171 6159/6159 5727/5727
f 6171/6171 5727/5727 5723/5723
f 6162/6162 6164/6164 5721/5721
f 6162/6162 5721/5721 5391/5391
f 6168/6168 6162/6162 5391/5391
f 6168/6168 5391/5391 5392/5392
f 6164/6164 6171/6171 5723/5723
f 6164/6164 5723/5723 5721/5721
f 6168/6168 5392/5392 5767/5767
f 6168/6168 5767/5767 6197/6197
f 6173/6173 6176/6176 6031/6031
f 6173/6173 6031/6031 6027/6027
f 6176/6176 6179/6179 6035/6035
f 6176/6176 6035/6035 6031/6031
f 6179/6179 6182/6182 6039/6039
f 6179/6179 6039/6039 6035/6035
f 6182/6182 6185/6185 6043/6043
f 6182/6182 6043/6043 6039/6039
f 6185/6185 6188/6188 6047/6047
f 6185/6185 6047/6047 6043/6043
f 6191/6191 6062/6062 6047/6047
f 6191/6191 6047/6047 6188/6188
f 6194/6194 6058/6058 6062/6062
f 6194/6194 6062/6062 6191/6191
f 6203/6203 6054/6054 6058/6058
f 6203/6203 6058/6058 6194/6194
f 6197/6197 5767/5767 6052/6052
f 6197/6197 6052/6052 6201/6201
f 6201/6201 6052/6052 6054/6054
f 6201/6201 6054/6054 6203/6203
f 6208/6208 6205/6205 6206/6206
f 6208/6208 6206/6206 6207/6207
f 6212/6212 6209/6209 6210/6210
f 6212/6212 6210/6210 6211/6211
f 6215/6215 6218/6218 6220/6220
f 6215/6215 6220/6220 6213/6213
f 6224/6224 6225/6225 6227/6227
f 6224/6224 6227/6227 6222/6222
f 6214/6214 6206/6206 6205/6205
f 6214/6214 6205/6205 6216/6216
f 6221/6221 6219/6219 6217/6217
f 6221/6221 6217/6217 6223/6223
f 6209/6209 6228/6228 6226/6226
f 6209/6209 6226/6226 6210/6210
f 6207/6207 6229/6229 6230/6230
f 6207/6207 6230/6230 6208/6208
f 6211/6211 6231/6231 6232/6232
f 6211/6211 6232/6232 6212/6212
f 6235/6235 6238/6238 6240/6240
f 6235/6235 6240/6240 6233/6233
f 6244/6244 6245/6245 6247/6247
f 6244/6244 6247/6247 6242/6242
f 6234/6234 6230/6230 6229/6229
f 6234/6234 6229/6229 6236/6236
f 6241/6241 6239/6239 6237/6237
f 6241/6241 6237/6237 6243/6243
f 6231/6231 6248/6248 6246/6246
f 6231/6231 6246/6246 6232/6232
f 6252/6252 6249/6249 6250/6250
f 6252/6252 6250/6250 6251/6251
f 6256/6256 6253/6253 6254/6254
f 6256/6256 6254/6254 6255/6255
f 6259/6259 6261/6261 6263/6263
f 6259/6259 6263/6263 6257/6257
f 6268/6268 6269/6269 6271/6271
f 6268/6268 6271/6271 6266/6266
f 6258/6258 6250/6250 6249/6249
f 6258/6258 6249/6249 6260/6260
f 6265/6265 6264/6264 6262/6262
f 6265/6265 6262/6262 6267/6267
f 6253/6253 6272/6272 6270/6270
f 6253/6253 6270/6270 6254/6254
f 6251/6251 6273/6273 6274/6274
f 6251/6251 6274/6274 6252/6252
f 6255/6255 6275/6275 6276/6276
f 6255/6255 6276/6276 6256/6256
f 6279/6279 6281/6281 6283/6283
f 6279/6279 6283/6283 6277/6277
f 6288/6288 6289/6289 6291/6291
f 6288/6288 6291/6291 6286/6286
f 6278/6278 6274/6274 6273/6273
f 6278/6278 6273/6273 6280/6280
f 6285/6285 6284/6284 6282/6282
f 6285/6285 6282/6282 6287/6287
f 6275/6275 6292/6292 6290/6290
f 6275/6275 6290/6290 6276/6276
f 6205/6205 4546/4546 4754/4754
f 6205/6205 4754/4754 6216/6216
f 6208/6208 4548/4548 4546/4546
f 6208/6208 4546/4546 6205/6205
f 5257/5257 6206/6206 6214/6214
f 5257/5257 6214/6214 5272/5272
f 5260/5260 6207/6207 6206/6206
f 5260/5260 6206/6206 5257/5257
f 6208/6208 6230/6230 4929/4929
f 6208/6208 4929/4929 4548/4548
f 5260/5260 5282/5282 6229/6229
f 5260/5260 6229/6229 6207/6207
f 6210/6210 6226/6226 4915/4915
f 6210/6210 4915/4915 4565/4565
f 5262/5262 5274/5274 6228/6228
f 5262/5262 6228/6228 6209/6209
f 6211/6211 6210/6210 4565/4565
f 6211/6211 4565/4565 4568/4568
f 5263/5263 5262/5262 6209/6209
f 5263/5263 6209/6209 6212/6212
f 6211/6211 4568/4568 4939/4939
f 6211/6211 4939/4939 6231/6231
f 5263/5263 6212/6212 6232/6232
f 5263/5263 6232/6232 5283/5283
f 5266/5266 5271/5271 6213/6213
f 5266/5266 6213/6213 6220/6220
f 6218/6218 6215/6215 4753/4753
f 6218/6218 4753/4753 4752/4752
f 4751/4751 4916/4916 6223/6223
f 4751/4751 6223/6223 6217/6217
f 6219/6219 6221/6221 5279/5279
f 6219/6219 5279/5279 5265/5265
f 5273/5273 5280/5280 6222/6222
f 5273/5273 6222/6222 6227/6227
f 6225/6225 6224/6224 4917/4917
f 6225/6225 4917/4917 4914/4914
f 6230/6230 6234/6234 5101/5101
f 6230/6230 5101/5101 4929/4929
f 5282/5282 5290/5290 6236/6236
f 5282/5282 6236/6236 6229/6229
f 6231/6231 4939/4939 5246/5246
f 6231/6231 5246/5246 6248/6248
f 5283/5283 6232/6232 6246/6246
f 5283/5283 6246/6246 5296/5296
f 5288/5288 6238/6238 6235/6235
f 5288/5288 6235/6235 5289/5289
f 6240/6240 5099/5099 5100/5100
f 6240/6240 5100/5100 6233/6233
f 5098/5098 6239/6239 6241/6241
f 5098/5098 6241/6241 5247/5247
f 6237/6237 5287/5287 5297/5297
f 6237/6237 5297/5297 6243/6243
f 5295/5295 6245/6245 6244/6244
f 5295/5295 6244/6244 5298/5298
f 6247/6247 5245/5245 5248/5248
f 6247/6247 5248/5248 6242/6242
f 6250/6250 6258/6258 5586/5586
f 6250/6250 5586/5586 5378/5378
f 6089/6089 6104/6104 6260/6260
f 6089/6089 6260/6260 6249/6249
f 6251/6251 6250/6250 5378/5378
f 6251/6251 5378/5378 5380/5380
f 6092/6092 6089/6089 6249/6249
f 6092/6092 6249/6249 6252/6252
f 6251/6251 5380/5380 5761/5761
f 6251/6251 5761/5761 6273/6273
f 6092/6092 6252/6252 6274/6274
f 6092/6092 6274/6274 6114/6114
f 6253/6253 5397/5397 5747/5747
f 6253/6253 5747/5747 6272/6272
f 6256/6256 5400/5400 5397/5397
f 6256/6256 5397/5397 6253/6253
f 6094/6094 6254/6254 6270/6270
f 6094/6094 6270/6270 6106/6106
f 6095/6095 6255/6255 6254/6254
f 6095/6095 6254/6254 6094/6094
f 6256/6256 6276/6276 5771/5771
f 6256/6256 5771/5771 5400/5400
f 6095/6095 6115/6115 6275/6275
f 6095/6095 6275/6275 6255/6255
f 6097/6097 6261/6261 6259/6259
f 6097/6097 6259/6259 6103/6103
f 6263/6263 5584/5584 5585/5585
f 6263/6263 5585/5585 6257/6257
f 5583/5583 6264/6264 6265/6265
f 5583/5583 6265/6265 5748/5748
f 6262/6262 6098/6098 6111/6111
f 6262/6262 6111/6111 6267/6267
f 6105/6105 6269/6269 6268/6268
f 6105/6105 6268/6268 6112/6112
f 6271/6271 5746/5746 5749/5749
f 6271/6271 5749/5749 6266/6266
f 6273/6273 5761/5761 5933/5933
f 6273/6273 5933/5933 6280/6280
f 6114/6114 6274/6274 6278/6278
f 6114/6114 6278/6278 6122/6122
f 6276/6276 6290/6290 6078/6078
f 6276/6276 6078/6078 5771/5771
f 6115/6115 6128/6128 6292/6292
f 6115/6115 6292/6292 6275/6275
f 6119/6119 6121/6121 6277/6277
f 6119/6119 6277/6277 6283/6283
f 6281/6281 6279/6279 5932/5932
f 6281/6281 5932/5932 5931/5931
f 5930/5930 6079/6079 6287/6287
f 5930/5930 6287/6287 6282/6282
f 6284/6284 6285/6285 6129/6129
f 6284/6284 6129/6129 6120/6120
f 6127/6127 6130/6130 6286/6286
f 6127/6127 6286/6286 6291/6291
f 6289/6289 6288/6288 6080/6080
f 6289/6289 6080/6080 6077/6077
f 6296/6296 6293/6293 6294/6294
f 6296/6296 6294/6294 6295/6295
f 6300/6300 6297/6297 6298/6298
f 6300/6300 6298/6298 6299/6299
f 6303/6303 6306/6306 6308/6308
f 6303/6303 6308/6308 6301/6301
f 6312/6312 6313/6313 6315/6315
f 6312/6312 6315/6315 6310/6310
f 6302/6302 6294/6294 6293/6293
f 6302/6302 6293/6293 6304/6304
f 6309/6309 6307/6307 6305/6305
f 6309/6309 6305/6305 6311/6311
f 6297/6297 6316/6316 6314/6314
f 6297/6297 6314/6314 6298/6298
f 6295/6295 6317/6317 6318/6318
f 6295/6295 6318/6318 6296/6296
f 6299/6299 6319/6319 6320/6320
f 6299/6299 6320/6320 6300/6300
f 6323/6323 6326/6326 6328/6328
f 6323/6323 6328/6328 6321/6321
f 6332/6332 6333/6333 6335/6335
f 6332/6332 6335/6335 6330/6330
f 6322/6322 6318/6318 6317/6317
f 6322/6322 6317/6317 6324/6324
f 6329/6329 6327/6327 6325/6325
f 6329/6329 6325/6325 6331/6331
f 6319/6319 6336/6336 6334/6334
f 6319/6319 6334/6334 6320/6320
f 6340/6340 6337/6337 6338/6338
f 6340/6340 6338/6338 6339/6339
f 6344/6344 6341/6341 6342/6342
f 6344/6344 6342/6342 6343/6343
f 6347/6347 6349/6349 6351/6351
f 6347/6347 6351/6351 6345/6345
f 6356/6356 6357/6357 6359/6359
f 6356/6356 6359/6359 6354/6354
f 6346/6346 6338/6338 6337/6337
f 6346/6346 6337/6337 6348/6348
f 6353/6353 6352/6352 6350/6350
f 6353/6353 6350/6350 6355/6355
f 6341/6341 6360/6360 6358/6358
f 6341/6341 6358/6358 6342/6342
f 6339/6339 6361/6361 6362/6362
f 6339/6339 6362/6362 6340/6340
f 6343/6343 6363/6363 6364/6364
f 6343/6343 6364/6364 6344/6344
f 6367/6367 6369/6369 6371/6371
f 6367/6367 6371/6371 6365/6365
f 6376/6376 6377/6377 6379/6379
f 6376/6376 6379/6379 6374/6374
f 6366/6366 6362/6362 6361/6361
f 6366/6366 6361/6361 6368/6368
f 6373/6373 6372/6372 6370/6370
f 6373/6373 6370/6370 6375/6375
f 6363/6363 6380/6380 6378/6378
f 6363/6363 6378/6378 6364/6364
f 4547/4547 6295/6295 6294/6294
f 4547/4547 6294/6294 4545/4545
f 6296/6296 5259/5259 5258/5258
f 6296/6296 5258/5258 6293/6293
f 4545/4545 6294/6294 6302/6302
f 4545/4545 6302/6302 4750/4750
f 6293/6293 5258/5258 5270/5270
f 6293/6293 5270/5270 6304/6304
f 4547/4547 4928/4928 6317/6317
f 4547/4547 6317/6317 6295/6295
f 6296/6296 6318/6318 5281/5281
f 6296/6296 5281/5281 5259/5259
f 4564/4564 4911/4911 6316/6316
f 4564/4564 6316/6316 6297/6297
f 4567/4567 4564/4564 6297/6297
f 4567/4567 6297/6297 6300/6300
f 6298/6298 6314/6314 5276/5276
f 6298/6298 5276/5276 5261/5261
f 6299/6299 6298/6298 5261/5261
f 6299/6299 5261/5261 5264/5264
f 4567/4567 6300/6300 6320/6320
f 4567/4567 6320/6320 4938/4938
f 6299/6299 5264/5264 5284/5284
f 6299/6299 5284/5284 6319/6319
f 6306/6306 6303/6303 5269/5269
f 6306/6306 5269/5269 5268/5268
f 4748/4748 4749/4749 6301/6301
f 4748/4748 6301/6301 6308/6308
f 6307/6307 6309/6309 4912/4912
f 6307/6307 4912/4912 4747/4747
f 5267/5267 5277/5277 6311/6311
f 5267/5267 6311/6311 6305/6305
f 6313/6313 6312/6312 5278/5278
f 6313/6313 5278/5278 5275/5275
f 4910/4910 4913/4913 6310/6310
f 4910/4910 6310/6310 6315/6315
f 6318/6318 6322/6322 5292/5292
f 6318/6318 5292/5292 5281/5281
f 4928/4928 5097/5097 6324/6324
f 4928/4928 6324/6324 6317/6317
f 4938/4938 6320/6320 6334/6334
f 4938/4938 6334/6334 5242/5242
f 6319/6319 5284/5284 5294/5294
f 6319/6319 5294/5294 6336/6336
f 6328/6328 5286/5286 5291/5291
f 6328/6328 5291/5291 6321/6321
f 5095/5095 6326/6326 6323/6323
f 5095/5095 6323/6323 5096/5096
f 6325/6325 5094/5094 5243/5243
f 6325/6325 5243/5243 6331/6331
f 5285/5285 6327/6327 6329/6329
f 5285/5285 6329/6329 5299/5299
f 6335/6335 5293/5293 5300/5300
f 6335/6335 5300/5300 6330/6330
f 5241/5241 6333/6333 6332/6332
f 5241/5241 6332/6332 5244/5244
f 5379/5379 5377/5377 6337/6337
f 5379/5379 6337/6337 6340/6340
f 6338/6338 6346/6346 6102/6102
f 6338/6338 6102/6102 6090/6090
f 6339/6339 6338/6338 6090/6090
f 6339/6339 6090/6090 6091/6091
f 5377/5377 5582/5582 6348/6348
f 5377/5377 6348/6348 6337/6337
f 5379/5379 6340/6340 6362/6362
f 5379/5379 6362/6362 5760/5760
f 6339/6339 6091/6091 6113/6113
f 6339/6339 6113/6113 6361/6361
f 5396/5396 6342/6342 6358/6358
f 5396/5396 6358/6358 5743/5743
f 6341/6341 6093/6093 6108/6108
f 6341/6341 6108/6108 6360/6360
f 5399/5399 6343/6343 6342/6342
f 5399/5399 6342/6342 5396/5396
f 6344/6344 6096/6096 6093/6093
f 6344/6344 6093/6093 6341/6341
f 5399/5399 5770/5770 6363/6363
f 5399/5399 6363/6363 6343/6343
f 6344/6344 6364/6364 6116/6116
f 6344/6344 6116/6116 6096/6096
f 6351/6351 6099/6099 6101/6101
f 6351/6351 6101/6101 6345/6345
f 5580/5580 6349/6349 6347/6347
f 5580/5580 6347/6347 5581/5581
f 6350/6350 5579/5579 5744/5744
f 6350/6350 5744/5744 6355/6355
f 6100/6100 6352/6352 6353/6353
f 6100/6100 6353/6353 6109/6109
f 6359/6359 6107/6107 6110/6110
f 6359/6359 6110/6110 6354/6354
f 5742/5742 6357/6357 6356/6356
f 5742/5742 6356/6356 5745/5745
f 5760/5760 6362/6362 6366/6366
f 5760/5760 6366/6366 5929/5929
f 6361/6361 6113/6113 6124/6124
f 6361/6361 6124/6124 6368/6368
f 5770/5770 6074/6074 6380/6380
f 5770/5770 6380/6380 6363/6363
f 6364/6364 6378/6378 6126/6126
f 6364/6364 6126/6126 6116/6116
f 6369/6369 6367/6367 6123/6123
f 6369/6369 6123/6123 6117/6117
f 5927/5927 5928/5928 6365/6365
f 5927/5927 6365/6365 6371/6371
f 6372/6372 6373/6373 6075/6075
f 6372/6372 6075/6075 5926/5926
f 6118/6118 6131/6131 6375/6375
f 6118/6118 6375/6375 6370/6370
f 6377/6377 6376/6376 6132/6132
f 6377/6377 6132/6132 6125/6125
f 6073/6073 6076/6076 6374/6374
f 6073/6073 6374/6374 6379/6379
f 6388/6388 6447/6447 6445/6445
f 6388/6388 6445/6445 6387/6387
f 6396/6396 6463/6463 6461/6461
f 6396/6396 6461/6461 6395/6395
f 6389/6389 6449/6449 6447/6447
f 6389/6389 6447/6447 6388/6388
f 6397/6397 6465/6465 6463/6463
f 6397/6397 6463/6463 6396/6396
f 6390/6390 6451/6451 6449/6449
f 6390/6390 6449/6449 6389/6389
f 6382/6382 6433/6433 6465/6465
f 6382/6382 6465/6465 6397/6397
f 6391/6391 6453/6453 6451/6451
f 6391/6391 6451/6451 6390/6390
f 6383/6383 6437/6437 6432/6432
f 6383/6383 6432/6432 6381/6381
f 6384/6384 6439/6439 6437/6437
f 6384/6384 6437/6437 6383/6383
f 6392/6392 6455/6455 6453/6453
f 6392/6392 6453/6453 6391/6391
f 6385/6385 6441/6441 6439/6439
f 6385/6385 6439/6439 6384/6384
f 6455/6455 6392/6392 6393/6393
f 6455/6455 6393/6393 6457/6457
f 6442/6442 6409/6409 6407/6407
f 6442/6442 6407/6407 6440/6440
f 6458/6458 6425/6425 6423/6423
f 6458/6458 6423/6423 6456/6456
f 6444/6444 6411/6411 6409/6409
f 6444/6444 6409/6409 6442/6442
f 6460/6460 6427/6427 6425/6425
f 6460/6460 6425/6425 6458/6458
f 6462/6462 6429/6429 6427/6427
f 6462/6462 6427/6427 6460/6460
f 6386/6386 6443/6443 6441/6441
f 6386/6386 6441/6441 6385/6385
f 6394/6394 6459/6459 6457/6457
f 6394/6394 6457/6457 6393/6393
f 6387/6387 6445/6445 6443/6443
f 6387/6387 6443/6443 6386/6386
f 6395/6395 6461/6461 6459/6459
f 6395/6395 6459/6459 6394/6394
f 6448/6448 6415/6415 6413/6413
f 6448/6448 6413/6413 6446/6446
f 6464/6464 6431/6431 6429/6429
f 6464/6464 6429/6429 6462/6462
f 6450/6450 6417/6417 6415/6415
f 6450/6450 6415/6415 6448/6448
f 6505/6505 6500/6500 6502/6502
f 6505/6505 6502/6502 6504/6504
f 6452/6452 6419/6419 6417/6417
f 6452/6452 6417/6417 6450/6450
f 6438/6438 6405/6405 6403/6403
f 6438/6438 6403/6403 6436/6436
f 6435/6435 6401/6401 6431/6431
f 6435/6435 6431/6431 6464/6464
f 6454/6454 6421/6421 6419/6419
f 6454/6454 6419/6419 6452/6452
f 6440/6440 6407/6407 6405/6405
f 6440/6440 6405/6405 6438/6438
f 6456/6456 6423/6423 6421/6421
f 6456/6456 6421/6421 6454/6454
f 6446/6446 6413/6413 6411/6411
f 6446/6446 6411/6411 6444/6444
f 6439/6439 6438/6438 6436/6436
f 6439/6439 6436/6436 6437/6437
f 6441/6441 6440/6440 6438/6438
f 6441/6441 6438/6438 6439/6439
f 6447/6447 6446/6446 6444/6444
f 6447/6447 6444/6444 6445/6445
f 6443/6443 6442/6442 6440/6440
f 6443/6443 6440/6440 6441/6441
f 6445/6445 6444/6444 6442/6442
f 6445/6445 6442/6442 6443/6443
f 6449/6449 6448/6448 6446/6446
f 6449/6449 6446/6446 6447/6447
f 6451/6451 6450/6450 6448/6448
f 6451/6451 6448/6448 6449/6449
f 6453/6453 6452/6452 6450/6450
f 6453/6453 6450/6450 6451/6451
f 6455/6455 6454/6454 6452/6452
f 6455/6455 6452/6452 6453/6453
f 6457/6457 6456/6456 6454/6454
f 6457/6457 6454/6454 6455/6455
f 6463/6463 6462/6462 6460/6460
f 6463/6463 6460/6460 6461/6461
f 6459/6459 6458/6458 6456/6456
f 6459/6459 6456/6456 6457/6457
f 6461/6461 6460/6460 6458/6458
f 6461/6461 6458/6458 6459/6459
f 6465/6465 6464/6464 6462/6462
f 6465/6465 6462/6462 6463/6463
f 6433/6433 6435/6435 6464/6464
f 6433/6433 6464/6464 6465/6465
f 6400/6400 6434/6434 6436/6436
f 6400/6400 6436/6436 6403/6403
f 6420/6420 6422/6422 6524/6524
f 6420/6420 6524/6524 6522/6522
f 6509/6509 6511/6511 6476/6476
f 6509/6509 6476/6476 6474/6474
f 6525/6525 6527/6527 6492/6492
f 6525/6525 6492/6492 6490/6490
f 6511/6511 6513/6513 6478/6478
f 6511/6511 6478/6478 6476/6476
f 6527/6527 6529/6529 6494/6494
f 6527/6527 6494/6494 6492/6492
f 6410/6410 6412/6412 6514/6514
f 6410/6410 6514/6514 6512/6512
f 6426/6426 6428/6428 6530/6530
f 6426/6426 6530/6530 6528/6528
f 6412/6412 6414/6414 6516/6516
f 6412/6412 6516/6516 6514/6514
f 6428/6428 6430/6430 6532/6532
f 6428/6428 6532/6532 6530/6530
f 6414/6414 6416/6416 6518/6518
f 6414/6414 6518/6518 6516/6516
f 6505/6505 6507/6507 6472/6472
f 6505/6505 6472/6472 6470/6470
f 6416/6416 6418/6418 6520/6520
f 6416/6416 6520/6520 6518/6518
f 6533/6533 6501/6501 6467/6467
f 6533/6533 6467/6467 6498/6498
f 6402/6402 6404/6404 6506/6506
f 6402/6402 6506/6506 6504/6504
f 6418/6418 6420/6420 6522/6522
f 6418/6418 6522/6522 6520/6520
f 6404/6404 6406/6406 6508/6508
f 6404/6404 6508/6508 6506/6506
f 6529/6529 6531/6531 6496/6496
f 6529/6529 6496/6496 6494/6494
f 6513/6513 6515/6515 6480/6480
f 6513/6513 6480/6480 6478/6478
f 6406/6406 6408/6408 6510/6510
f 6406/6406 6510/6510 6508/6508
f 6422/6422 6424/6424 6526/6526
f 6422/6422 6526/6526 6524/6524
f 6408/6408 6410/6410 6512/6512
f 6408/6408 6512/6512 6510/6510
f 6424/6424 6426/6426 6528/6528
f 6424/6424 6528/6528 6526/6526
f 6515/6515 6517/6517 6482/6482
f 6515/6515 6482/6482 6480/6480
f 6531/6531 6533/6533 6498/6498
f 6531/6531 6498/6498 6496/6496
f 6517/6517 6519/6519 6484/6484
f 6517/6517 6484/6484 6482/6482
f 6553/6553 6554/6554 6547/6547
f 6553/6553 6547/6547 6548/6548
f 6519/6519 6521/6521 6486/6486
f 6519/6519 6486/6486 6484/6484
f 6398/6398 6402/6402 6504/6504
f 6398/6398 6504/6504 6502/6502
f 6430/6430 6399/6399 6503/6503
f 6430/6430 6503/6503 6532/6532
f 6521/6521 6523/6523 6488/6488
f 6521/6521 6488/6488 6486/6486
f 6507/6507 6509/6509 6474/6474
f 6507/6507 6474/6474 6472/6472
f 6523/6523 6525/6525 6490/6490
f 6523/6523 6490/6490 6488/6488
f 6507/6507 6505/6505 6504/6504
f 6507/6507 6504/6504 6506/6506
f 6509/6509 6507/6507 6506/6506
f 6509/6509 6506/6506 6508/6508
f 6515/6515 6513/6513 6512/6512
f 6515/6515 6512/6512 6514/6514
f 6511/6511 6509/6509 6508/6508
f 6511/6511 6508/6508 6510/6510
f 6513/6513 6511/6511 6510/6510
f 6513/6513 6510/6510 6512/6512
f 6517/6517 6515/6515 6514/6514
f 6517/6517 6514/6514 6516/6516
f 6519/6519 6517/6517 6516/6516
f 6519/6519 6516/6516 6518/6518
f 6521/6521 6519/6519 6518/6518
f 6521/6521 6518/6518 6520/6520
f 6523/6523 6521/6521 6520/6520
f 6523/6523 6520/6520 6522/6522
f 6525/6525 6523/6523 6522/6522
f 6525/6525 6522/6522 6524/6524
f 6531/6531 6529/6529 6528/6528
f 6531/6531 6528/6528 6530/6530
f 6527/6527 6525/6525 6524/6524
f 6527/6527 6524/6524 6526/6526
f 6529/6529 6527/6527 6526/6526
f 6529/6529 6526/6526 6528/6528
f 6533/6533 6531/6531 6530/6530
f 6533/6533 6530/6530 6532/6532
f 6501/6501 6533/6533 6532/6532
f 6501/6501 6532/6532 6503/6503
f 6500/6500 6505/6505 6470/6470
f 6500/6500 6470/6470 6466/6466
f 6593/6593 6595/6595 6564/6564
f 6593/6593 6564/6564 6563/6563
f 6579/6579 6581/6581 6557/6557
f 6579/6579 6557/6557 6556/6556
f 6595/6595 6597/6597 6565/6565
f 6595/6595 6565/6565 6564/6564
f 6479/6479 6481/6481 6582/6582
f 6479/6479 6582/6582 6580/6580
f 6495/6495 6497/6497 6598/6598
f 6495/6495 6598/6598 6596/6596
f 6481/6481 6483/6483 6584/6584
f 6481/6481 6584/6584 6582/6582
f 6497/6497 6499/6499 6600/6600
f 6497/6497 6600/6600 6598/6598
f 6483/6483 6485/6485 6586/6586
f 6483/6483 6586/6586 6584/6584
f 6573/6573 6575/6575 6554/6554
f 6573/6573 6554/6554 6553/6553
f 6551/6551 6553/6553 6548/6548
f 6551/6551 6548/6548 6549/6549
f 6485/6485 6487/6487 6588/6588
f 6485/6485 6588/6588 6586/6586
f 6601/6601 6569/6569 6552/6552
f 6601/6601 6552/6552 6567/6567
f 6471/6471 6473/6473 6574/6574
f 6471/6471 6574/6574 6572/6572
f 6487/6487 6489/6489 6590/6590
f 6487/6487 6590/6590 6588/6588
f 6473/6473 6475/6475 6576/6576
f 6473/6473 6576/6576 6574/6574
f 6489/6489 6491/6491 6592/6592
f 6489/6489 6592/6592 6590/6590
f 6577/6577 6579/6579 6556/6556
f 6577/6577 6556/6556 6555/6555
f 6589/6589 6591/6591 6562/6562
f 6589/6589 6562/6562 6561/6561
f 6575/6575 6577/6577 6555/6555
f 6575/6575 6555/6555 6554/6554
f 6591/6591 6593/6593 6563/6563
f 6591/6591 6563/6563 6562/6562
f 6581/6581 6583/6583 6558/6558
f 6581/6581 6558/6558 6557/6557
f 6597/6597 6599/6599 6566/6566
f 6597/6597 6566/6566 6565/6565
f 6475/6475 6477/6477 6578/6578
f 6475/6475 6578/6578 6576/6576
f 6491/6491 6493/6493 6594/6594
f 6491/6491 6594/6594 6592/6592
f 6477/6477 6479/6479 6580/6580
f 6477/6477 6580/6580 6578/6578
f 6493/6493 6495/6495 6596/6596
f 6493/6493 6596/6596 6594/6594
f 6583/6583 6585/6585 6559/6559
f 6583/6583 6559/6559 6558/6558
f 6599/6599 6601/6601 6567/6567
f 6599/6599 6567/6567 6566/6566
f 6585/6585 6587/6587 6560/6560
f 6585/6585 6560/6560 6559/6559
f 6547/6547 6546/6546 6629/6629
f 6547/6547 6629/6629 6631/6631
f 6587/6587 6589/6589 6561/6561
f 6587/6587 6561/6561 6560/6560
f 6468/6468 6471/6471 6572/6572
f 6468/6468 6572/6572 6570/6570
f 6499/6499 6469/6469 6571/6571
f 6499/6499 6571/6571 6600/6600
f 6575/6575 6573/6573 6572/6572
f 6575/6575 6572/6572 6574/6574
f 6577/6577 6575/6575 6574/6574
f 6577/6577 6574/6574 6576/6576
f 6583/6583 6581/6581 6580/6580
f 6583/6583 6580/6580 6582/6582
f 6579/6579 6577/6577 6576/6576
f 6579/6579 6576/6576 6578/6578
f 6581/6581 6579/6579 6578/6578
f 6581/6581 6578/6578 6580/6580
f 6585/6585 6583/6583 6582/6582
f 6585/6585 6582/6582 6584/6584
f 6587/6587 6585/6585 6584/6584
f 6587/6587 6584/6584 6586/6586
f 6589/6589 6587/6587 6586/6586
f 6589/6589 6586/6586 6588/6588
f 6591/6591 6589/6589 6588/6588
f 6591/6591 6588/6588 6590/6590
f 6593/6593 6591/6591 6590/6590
f 6593/6593 6590/6590 6592/6592
f 6599/6599 6597/6597 6596/6596
f 6599/6599 6596/6596 6598/6598
f 6595/6595 6593/6593 6592/6592
f 6595/6595 6592/6592 6594/6594
f 6597/6597 6595/6595 6594/6594
f 6597/6597 6594/6594 6596/6596
f 6601/6601 6599/6599 6598/6598
f 6601/6601 6598/6598 6600/6600
f 6569/6569 6601/6601 6600/6600
f 6569/6569 6600/6600 6571/6571
f 6568/6568 6573/6573 6553/6553
f 6568/6568 6553/6553 6551/6551
f 6562/6562 6563/6563 6538/6538
f 6562/6562 6538/6538 6539/6539
f 6561/6561 6562/6562 6539/6539
f 6561/6561 6539/6539 6540/6540
f 6555/6555 6556/6556 6545/6545
f 6555/6555 6545/6545 6546/6546
f 6563/6563 6564/6564 6537/6537
f 6563/6563 6537/6537 6538/6538
f 6556/6556 6557/6557 6544/6544
f 6556/6556 6544/6544 6545/6545
f 6564/6564 6565/6565 6536/6536
f 6564/6564 6536/6536 6537/6537
f 6554/6554 6555/6555 6546/6546
f 6554/6554 6546/6546 6547/6547
f 6567/6567 6552/6552 6550/6550
f 6567/6567 6550/6550 6534/6534
f 6565/6565 6566/6566 6535/6535
f 6565/6565 6535/6535 6536/6536
f 6573/6573 6568/6568 6570/6570
f 6573/6573 6570/6570 6572/6572
f 6566/6566 6567/6567 6534/6534
f 6566/6566 6534/6534 6535/6535
f 6557/6557 6558/6558 6543/6543
f 6557/6557 6543/6543 6544/6544
f 6559/6559 6560/6560 6541/6541
f 6559/6559 6541/6541 6542/6542
f 6558/6558 6559/6559 6542/6542
f 6558/6558 6542/6542 6543/6543
f 6560/6560 6561/6561 6540/6540
f 6560/6560 6540/6540 6541/6541
f 6545/6545 6544/6544 6624/6624
f 6545/6545 6624/6624 6627/6627
f 6538/6538 6537/6537 6610/6610
f 6538/6538 6610/6610 6612/6612
f 6540/6540 6539/6539 6614/6614
f 6540/6540 6614/6614 6616/6616
f 6549/6549 6548/6548 6633/6633
f 6549/6549 6633/6633 6634/6634
f 6540/6540 6616/6616 6617/6617
f 6540/6540 6617/6617 6541/6541
f 6537/6537 6536/6536 6607/6607
f 6537/6537 6607/6607 6610/6610
f 6534/6534 6603/6603 6605/6605
f 6534/6534 6605/6605 6535/6535
f 6538/6538 6612/6612 6614/6614
f 6538/6538 6614/6614 6539/6539
f 6543/6543 6542/6542 6620/6620
f 6543/6543 6620/6620 6622/6622
f 6543/6543 6622/6622 6624/6624
f 6543/6543 6624/6624 6544/6544
f 6534/6534 6550/6550 6635/6635
f 6534/6534 6635/6635 6603/6603
f 6541/6541 6617/6617 6620/6620
f 6541/6541 6620/6620 6542/6542
f 6536/6536 6535/6535 6605/6605
f 6536/6536 6605/6605 6607/6607
f 6547/6547 6631/6631 6633/6633
f 6547/6547 6633/6633 6548/6548
f 6636/6636 6654/6654 6637/6637
f 6636/6636 6637/6637 6602/6602
f 6546/6546 6545/6545 6627/6627
f 6546/6546 6627/6627 6629/6629
f 6621/6621 6619/6619 6646/6646
f 6621/6621 6646/6646 6647/6647
f 6606/6606 6604/6604 6638/6638
f 6606/6606 6638/6638 6639/6639
f 6630/6630 6628/6628 6651/6651
f 6630/6630 6651/6651 6652/6652
f 6625/6625 6623/6623 6648/6648
f 6625/6625 6648/6648 6649/6649
f 6611/6611 6608/6608 6640/6640
f 6611/6611 6640/6640 6642/6642
f 6615/6615 6613/6613 6643/6643
f 6615/6615 6643/6643 6644/6644
f 6615/6615 6644/6644 6645/6645
f 6615/6615 6645/6645 6618/6618
f 6609/6609 6606/6606 6639/6639
f 6609/6609 6639/6639 6641/6641
f 6602/6602 6637/6637 6638/6638
f 6602/6602 6638/6638 6604/6604
f 6611/6611 6642/6642 6643/6643
f 6611/6611 6643/6643 6613/6613
f 6621/6621 6647/6647 6648/6648
f 6621/6621 6648/6648 6623/6623
f 6618/6618 6645/6645 6646/6646
f 6618/6618 6646/6646 6619/6619
f 6630/6630 6652/6652 6653/6653
f 6630/6630 6653/6653 6632/6632
f 6632/6632 6653/6653 6654/6654
f 6632/6632 6654/6654 6636/6636
f 6653/6653 6652/6652 6670/6670
f 6653/6653 6670/6670 6671/6671
f 6628/6628 6626/6626 6650/6650
f 6628/6628 6650/6650 6651/6651
f 6643/6643 6642/6642 6660/6660
f 6643/6643 6660/6660 6661/6661
f 6654/6654 6653/6653 6671/6671
f 6654/6654 6671/6671 6672/6672
f 6644/6644 6643/6643 6661/6661
f 6644/6644 6661/6661 6662/6662
f 6637/6637 6654/6654 6672/6672
f 6637/6637 6672/6672 6655/6655
f 6646/6646 6645/6645 6663/6663
f 6646/6646 6663/6663 6664/6664
f 6647/6647 6646/6646 6664/6664
f 6647/6647 6664/6664 6665/6665
f 6639/6639 6638/6638 6656/6656
f 6639/6639 6656/6656 6657/6657
f 6652/6652 6651/6651 6669/6669
f 6652/6652 6669/6669 6670/6670
f 6649/6649 6648/6648 6666/6666
f 6649/6649 6666/6666 6667/6667
f 6642/6642 6640/6640 6658/6658
f 6642/6642 6658/6658 6660/6660
f 6644/6644 6662/6662 6663/6663
f 6644/6644 6663/6663 6645/6645
f 6641/6641 6639/6639 6657/6657
f 6641/6641 6657/6657 6659/6659
f 6637/6637 6655/6655 6656/6656
f 6637/6637 6656/6656 6638/6638
f 6647/6647 6665/6665 6666/6666
f 6647/6647 6666/6666 6648/6648
f 6720/6720 6721/6721 6722/6722
f 6720/6720 6722/6722 6719/6719
f 6651/6651 6650/6650 6668/6668
f 6651/6651 6668/6668 6669/6669
f 6666/6666 6665/6665 6688/6688
f 6666/6666 6688/6688 6690/6690
f 6656/6656 6655/6655 6673/6673
f 6656/6656 6673/6673 6674/6674
f 6671/6671 6699/6699 6700/6700
f 6671/6671 6700/6700 6672/6672
f 6657/6657 6656/6656 6674/6674
f 6657/6657 6674/6674 6676/6676
f 6669/6669 6668/6668 6693/6693
f 6669/6669 6693/6693 6696/6696
f 6661/6661 6660/6660 6682/6682
f 6661/6661 6682/6682 6684/6684
f 6662/6662 6661/6661 6684/6684
f 6662/6662 6684/6684 6685/6685
f 6655/6655 6672/6672 6700/6700
f 6655/6655 6700/6700 6673/6673
f 6664/6664 6663/6663 6686/6686
f 6664/6664 6686/6686 6687/6687
f 6665/6665 6664/6664 6687/6687
f 6665/6665 6687/6687 6688/6688
f 6670/6670 6669/6669 6696/6696
f 6670/6670 6696/6696 6698/6698
f 6667/6667 6666/6666 6690/6690
f 6667/6667 6690/6690 6692/6692
f 6660/6660 6658/6658 6678/6678
f 6660/6660 6678/6678 6682/6682
f 6662/6662 6685/6685 6686/6686
f 6662/6662 6686/6686 6663/6663
f 6659/6659 6657/6657 6676/6676
f 6659/6659 6676/6676 6679/6679
f 6866/6866 6865/6865 6863/6863
f 6866/6866 6863/6863 6861/6861
f 6736/6736 6709/6709 6710/6710
f 6736/6736 6710/6710 6737/6737
f 6749/6749 6716/6716 6717/6717
f 6749/6749 6717/6717 6752/6752
f 6739/6739 6737/6737 6710/6710
f 6739/6739 6710/6710 6711/6711
f 6752/6752 6717/6717 6718/6718
f 6752/6752 6718/6718 6754/6754
f 6749/6749 6746/6746 6715/6715
f 6749/6749 6715/6715 6716/6716
f 6708/6708 6760/6760 6756/6756
f 6708/6708 6756/6756 6709/6709
f 6730/6730 6706/6706 6707/6707
f 6730/6730 6707/6707 6731/6731
f 6786/6786 6727/6727 6681/6681
f 6786/6786 6681/6681 6804/6804
f 6733/6733 6731/6731 6707/6707
f 6733/6733 6707/6707 6708/6708
f 6736/6736 6733/6733 6708/6708
f 6736/6736 6708/6708 6709/6709
f 6720/6720 6701/6701 6702/6702
f 6720/6720 6702/6702 6721/6721
f 6744/6744 6739/6739 6711/6711
f 6744/6744 6711/6711 6713/6713
f 6724/6724 6721/6721 6702/6702
f 6724/6724 6702/6702 6704/6704
f 6750/6750 6698/6698 6696/6696
f 6750/6750 6696/6696 6748/6748
f 6698/6698 6750/6750 6751/6751
f 6698/6698 6751/6751 6699/6699
f 6728/6728 6732/6732 6684/6684
f 6728/6728 6684/6684 6682/6682
f 6699/6699 6751/6751 6753/6753
f 6699/6699 6753/6753 6700/6700
f 6734/6734 6735/6735 6686/6686
f 6734/6734 6686/6686 6685/6685
f 6753/6753 6719/6719 6673/6673
f 6753/6753 6673/6673 6700/6700
f 6686/6686 6735/6735 6738/6738
f 6686/6686 6738/6738 6687/6687
f 6740/6740 6742/6742 6690/6690
f 6740/6740 6690/6690 6688/6688
f 6674/6674 6722/6722 6726/6726
f 6674/6674 6726/6726 6676/6676
f 6684/6684 6732/6732 6734/6734
f 6684/6684 6734/6734 6685/6685
f 6687/6687 6738/6738 6740/6740
f 6687/6687 6740/6740 6688/6688
f 6673/6673 6719/6719 6722/6722
f 6673/6673 6722/6722 6674/6674
f 6721/6721 6724/6724 6726/6726
f 6721/6721 6726/6726 6722/6722
f 6730/6730 6731/6731 6732/6732
f 6730/6730 6732/6732 6728/6728
f 6731/6731 6733/6733 6734/6734
f 6731/6731 6734/6734 6732/6732
f 6736/6736 6737/6737 6738/6738
f 6736/6736 6738/6738 6735/6735
f 6737/6737 6739/6739 6740/6740
f 6737/6737 6740/6740 6738/6738
f 6746/6746 6749/6749 6750/6750
f 6746/6746 6750/6750 6748/6748
f 6733/6733 6736/6736 6735/6735
f 6733/6733 6735/6735 6734/6734
f 6739/6739 6744/6744 6742/6742
f 6739/6739 6742/6742 6740/6740
f 6749/6749 6752/6752 6751/6751
f 6749/6749 6751/6751 6750/6750
f 6752/6752 6754/6754 6753/6753
f 6752/6752 6753/6753 6751/6751
f 6754/6754 6720/6720 6719/6719
f 6754/6754 6719/6719 6753/6753
f 6754/6754 6718/6718 6701/6701
f 6754/6754 6701/6701 6720/6720
f 6709/6709 6756/6756 6762/6762
f 6709/6709 6762/6762 6710/6710
f 6716/6716 6770/6770 6768/6768
f 6716/6716 6768/6768 6717/6717
f 6718/6718 6772/6772 6766/6766
f 6718/6718 6766/6766 6701/6701
f 6760/6760 6708/6708 6707/6707
f 6760/6760 6707/6707 6758/6758
f 6701/6701 6766/6766 6774/6774
f 6701/6701 6774/6774 6702/6702
f 6711/6711 6710/6710 6762/6762
f 6711/6711 6762/6762 6764/6764
f 6717/6717 6768/6768 6772/6772
f 6717/6717 6772/6772 6718/6718
f 6711/6711 6764/6764 6713/6713
f 6706/6706 6758/6758 6707/6707
f 6805/6805 6683/6683 6680/6680
f 6805/6805 6680/6680 6803/6803
f 6704/6704 6702/6702 6774/6774
f 6716/6716 6715/6715 6770/6770
f 6797/6797 6697/6697 6694/6694
f 6797/6797 6694/6694 6800/6800
f 6675/6675 6725/6725 6788/6788
f 6675/6675 6788/6788 6806/6806
f 6695/6695 6796/6796 6794/6794
f 6695/6695 6794/6794 6747/6747
f 6798/6798 6792/6792 6741/6741
f 6798/6798 6741/6741 6743/6743
f 6777/6777 6775/6775 6800/6800
f 6777/6777 6800/6800 6802/6802
f 6777/6777 6805/6805 6803/6803
f 6777/6777 6803/6803 6775/6775
f 6794/6794 6799/6799 6745/6745
f 6794/6794 6745/6745 6747/6747
f 6779/6779 6775/6775 6803/6803
f 6779/6779 6803/6803 6807/6807
f 6782/6782 6785/6785 6783/6783
f 6780/6780 6790/6790 6781/6781
f 6784/6784 6780/6780 6781/6781
f 6783/6783 6791/6791 6782/6782
f 6788/6788 6789/6789 6785/6785
f 6788/6788 6785/6785 6782/6782
f 6787/6787 6786/6786 6780/6780
f 6787/6787 6780/6780 6784/6784
f 6778/6778 6806/6806 6788/6788
f 6778/6778 6788/6788 6782/6782
f 6788/6788 6809/6809 6789/6789
f 6808/6808 6786/6786 6787/6787
f 6776/6776 6780/6780 6786/6786
f 6776/6776 6786/6786 6804/6804
f 6780/6780 6792/6792 6793/6793
f 6780/6780 6793/6793 6790/6790
f 6791/6791 6795/6795 6794/6794
f 6791/6791 6794/6794 6782/6782
f 6779/6779 6797/6797 6800/6800
f 6779/6779 6800/6800 6775/6775
f 6783/6783 6785/6785 6765/6765
f 6783/6783 6765/6765 6771/6771
f 6801/6801 6689/6689 6741/6741
f 6801/6801 6741/6741 6792/6792
f 6792/6792 6780/6780 6776/6776
f 6792/6792 6776/6776 6801/6801
f 6691/6691 6802/6802 6800/6800
f 6691/6691 6800/6800 6694/6694
f 6794/6794 6795/6795 6799/6799
f 6793/6793 6792/6792 6798/6798
f 6782/6782 6794/6794 6796/6796
f 6782/6782 6796/6796 6778/6778
f 6677/6677 6807/6807 6803/6803
f 6677/6677 6803/6803 6680/6680
f 6729/6729 6727/6727 6786/6786
f 6729/6729 6786/6786 6808/6808
f 6725/6725 6723/6723 6809/6809
f 6725/6725 6809/6809 6788/6788
f 6759/6759 6784/6784 6781/6781
f 6759/6759 6781/6781 6755/6755
f 6785/6785 6789/6789 6773/6773
f 6785/6785 6773/6773 6765/6765
f 6757/6757 6787/6787 6784/6784
f 6757/6757 6784/6784 6759/6759
f 6767/6767 6791/6791 6783/6783
f 6767/6767 6783/6783 6771/6771
f 6757/6757 6705/6705 6808/6808
f 6757/6757 6808/6808 6787/6787
f 6729/6729 6808/6808 6705/6705
f 6773/6773 6789/6789 6809/6809
f 6773/6773 6809/6809 6703/6703
f 6723/6723 6703/6703 6809/6809
f 6769/6769 6795/6795 6791/6791
f 6769/6769 6791/6791 6767/6767
f 6761/6761 6755/6755 6781/6781
f 6761/6761 6781/6781 6790/6790
f 6714/6714 6799/6799 6795/6795
f 6714/6714 6795/6795 6769/6769
f 6745/6745 6799/6799 6714/6714
f 6763/6763 6761/6761 6790/6790
f 6763/6763 6790/6790 6793/6793
f 6670/6670 6698/6698 6699/6699
f 6670/6670 6699/6699 6671/6671
f 6712/6712 6763/6763 6793/6793
f 6712/6712 6793/6793 6798/6798
f 6743/6743 6712/6712 6798/6798
f 6817/6817 6876/6876 6874/6874
f 6817/6817 6874/6874 6816/6816
f 6825/6825 6892/6892 6890/6890
f 6825/6825 6890/6890 6824/6824
f 6818/6818 6878/6878 6876/6876
f 6818/6818 6876/6876 6817/6817
f 6826/6826 6894/6894 6892/6892
f 6826/6826 6892/6892 6825/6825
f 6819/6819 6880/6880 6878/6878
f 6819/6819 6878/6878 6818/6818
f 6811/6811 6862/6862 6894/6894
f 6811/6811 6894/6894 6826/6826
f 6820/6820 6882/6882 6880/6880
f 6820/6820 6880/6880 6819/6819
f 6812/6812 6866/6866 6861/6861
f 6812/6812 6861/6861 6810/6810
f 6813/6813 6868/6868 6866/6866
f 6813/6813 6866/6866 6812/6812
f 6821/6821 6884/6884 6882/6882
f 6821/6821 6882/6882 6820/6820
f 6814/6814 6870/6870 6868/6868
f 6814/6814 6868/6868 6813/6813
f 6884/6884 6821/6821 6822/6822
f 6884/6884 6822/6822 6886/6886
f 6871/6871 6838/6838 6836/6836
f 6871/6871 6836/6836 6869/6869
f 6887/6887 6853/6853 6851/6851
f 6887/6887 6851/6851 6885/6885
f 6873/6873 6840/6840 6838/6838
f 6873/6873 6838/6838 6871/6871
f 6889/6889 6855/6855 6853/6853
f 6889/6889 6853/6853 6887/6887
f 6891/6891 6857/6857 6855/6855
f 6891/6891 6855/6855 6889/6889
f 6815/6815 6872/6872 6870/6870
f 6815/6815 6870/6870 6814/6814
f 6823/6823 6888/6888 6886/6886
f 6823/6823 6886/6886 6822/6822
f 6816/6816 6874/6874 6872/6872
f 6816/6816 6872/6872 6815/6815
f 6824/6824 6890/6890 6888/6888
f 6824/6824 6888/6888 6823/6823
f 6877/6877 6844/6844 6842/6842
f 6877/6877 6842/6842 6875/6875
f 6893/6893 6859/6859 6857/6857
f 6893/6893 6857/6857 6891/6891
f 6879/6879 6846/6846 6844/6844
f 6879/6879 6844/6844 6877/6877
f 6934/6934 6929/6929 6931/6931
f 6934/6934 6931/6931 6933/6933
f 6881/6881 6847/6847 6846/6846
f 6881/6881 6846/6846 6879/6879
f 6867/6867 6834/6834 6832/6832
f 6867/6867 6832/6832 6865/6865
f 6864/6864 6830/6830 6859/6859
f 6864/6864 6859/6859 6893/6893
f 6883/6883 6849/6849 6847/6847
f 6883/6883 6847/6847 6881/6881
f 6869/6869 6836/6836 6834/6834
f 6869/6869 6834/6834 6867/6867
f 6885/6885 6851/6851 6849/6849
f 6885/6885 6849/6849 6883/6883
f 6875/6875 6842/6842 6840/6840
f 6875/6875 6840/6840 6873/6873
f 6868/6868 6867/6867 6865/6865
f 6868/6868 6865/6865 6866/6866
f 6870/6870 6869/6869 6867/6867
f 6870/6870 6867/6867 6868/6868
f 6876/6876 6875/6875 6873/6873
f 6876/6876 6873/6873 6874/6874
f 6872/6872 6871/6871 6869/6869
f 6872/6872 6869/6869 6870/6870
f 6874/6874 6873/6873 6871/6871
f 6874/6874 6871/6871 6872/6872
f 6878/6878 6877/6877 6875/6875
f 6878/6878 6875/6875 6876/6876
f 6880/6880 6879/6879 6877/6877
f 6880/6880 6877/6877 6878/6878
f 6882/6882 6881/6881 6879/6879
f 6882/6882 6879/6879 6880/6880
f 6884/6884 6883/6883 6881/6881
f 6884/6884 6881/6881 6882/6882
f 6886/6886 6885/6885 6883/6883
f 6886/6886 6883/6883 6884/6884
f 6892/6892 6891/6891 6889/6889
f 6892/6892 6889/6889 6890/6890
f 6888/6888 6887/6887 6885/6885
f 6888/6888 6885/6885 6886/6886
f 6890/6890 6889/6889 6887/6887
f 6890/6890 6887/6887 6888/6888
f 6894/6894 6893/6893 6891/6891
f 6894/6894 6891/6891 6892/6892
f 6862/6862 6864/6864 6893/6893
f 6862/6862 6893/6893 6894/6894
f 6829/6829 6863/6863 6865/6865
f 6829/6829 6865/6865 6832/6832
f 6850/6850 6852/6852 6953/6953
f 6850/6850 6953/6953 6951/6951
f 6938/6938 6940/6940 6906/6906
f 6938/6938 6906/6906 6904/6904
f 6954/6954 6956/6956 6921/6921
f 6954/6954 6921/6921 6919/6919
f 6940/6940 6942/6942 6908/6908
f 6940/6940 6908/6908 6906/6906
f 6956/6956 6958/6958 6923/6923
f 6956/6956 6923/6923 6921/6921
f 6839/6839 6841/6841 6943/6943
f 6839/6839 6943/6943 6941/6941
f 6856/6856 6858/6858 6959/6959
f 6856/6856 6959/6959 6957/6957
f 6841/6841 6843/6843 6945/6945
f 6841/6841 6945/6945 6943/6943
f 6858/6858 6860/6860 6961/6961
f 6858/6858 6961/6961 6959/6959
f 6843/6843 6845/6845 6947/6947
f 6843/6843 6947/6947 6945/6945
f 6934/6934 6936/6936 6902/6902
f 6934/6934 6902/6902 6900/6900
f 6845/6845 6848/6848 6949/6949
f 6845/6845 6949/6949 6947/6947
f 6962/6962 6930/6930 6896/6896
f 6962/6962 6896/6896 6927/6927
f 6831/6831 6833/6833 6935/6935
f 6831/6831 6935/6935 6933/6933
f 6848/6848 6850/6850 6951/6951
f 6848/6848 6951/6951 6949/6949
f 6833/6833 6835/6835 6937/6937
f 6833/6833 6937/6937 6935/6935
f 6958/6958 6960/6960 6925/6925
f 6958/6958 6925/6925 6923/6923
f 6942/6942 6944/6944 6910/6910
f 6942/6942 6910/6910 6908/6908
f 6835/6835 6837/6837 6939/6939
f 6835/6835 6939/6939 6937/6937
f 6852/6852 6854/6854 6955/6955
f 6852/6852 6955/6955 6953/6953
f 6837/6837 6839/6839 6941/6941
f 6837/6837 6941/6941 6939/6939
f 6854/6854 6856/6856 6957/6957
f 6854/6854 6957/6957 6955/6955
f 6944/6944 6946/6946 6912/6912
f 6944/6944 6912/6912 6910/6910
f 6960/6960 6962/6962 6927/6927
f 6960/6960 6927/6927 6925/6925
f 6946/6946 6948/6948 6913/6913
f 6946/6946 6913/6913 6912/6912
f 6982/6982 6983/6983 6976/6976
f 6982/6982 6976/6976 6977/6977
f 6948/6948 6950/6950 6915/6915
f 6948/6948 6915/6915 6913/6913
f 6827/6827 6831/6831 6933/6933
f 6827/6827 6933/6933 6931/6931
f 6860/6860 6828/6828 6932/6932
f 6860/6860 6932/6932 6961/6961
f 6950/6950 6952/6952 6917/6917
f 6950/6950 6917/6917 6915/6915
f 6936/6936 6938/6938 6904/6904
f 6936/6936 6904/6904 6902/6902
f 6952/6952 6954/6954 6919/6919
f 6952/6952 6919/6919 6917/6917
f 6936/6936 6934/6934 6933/6933
f 6936/6936 6933/6933 6935/6935
f 6938/6938 6936/6936 6935/6935
f 6938/6938 6935/6935 6937/6937
f 6944/6944 6942/6942 6941/6941
f 6944/6944 6941/6941 6943/6943
f 6940/6940 6938/6938 6937/6937
f 6940/6940 6937/6937 6939/6939
f 6942/6942 6940/6940 6939/6939
f 6942/6942 6939/6939 6941/6941
f 6946/6946 6944/6944 6943/6943
f 6946/6946 6943/6943 6945/6945
f 6948/6948 6946/6946 6945/6945
f 6948/6948 6945/6945 6947/6947
f 6950/6950 6948/6948 6947/6947
f 6950/6950 6947/6947 6949/6949
f 6952/6952 6950/6950 6949/6949
f 6952/6952 6949/6949 6951/6951
f 6954/6954 6952/6952 6951/6951
f 6954/6954 6951/6951 6953/6953
f 6960/6960 6958/6958 6957/6957
f 6960/6960 6957/6957 6959/6959
f 6956/6956 6954/6954 6953/6953
f 6956/6956 6953/6953 6955/6955
f 6958/6958 6956/6956 6955/6955
f 6958/6958 6955/6955 6957/6957
f 6962/6962 6960/6960 6959/6959
f 6962/6962 6959/6959 6961/6961
f 6930/6930 6962/6962 6961/6961
f 6930/6930 6961/6961 6932/6932
f 6929/6929 6934/6934 6900/6900
f 6929/6929 6900/6900 6895/6895
f 7022/7022 7024/7024 6993/6993
f 7022/7022 6993/6993 6992/6992
f 7008/7008 7010/7010 6986/6986
f 7008/7008 6986/6986 6985/6985
f 7024/7024 7026/7026 6994/6994
f 7024/7024 6994/6994 6993/6993
f 6907/6907 6909/6909 7011/7011
f 6907/6907 7011/7011 7009/7009
f 6924/6924 6926/6926 7027/7027
f 6924/6924 7027/7027 7025/7025
f 6909/6909 6911/6911 7013/7013
f 6909/6909 7013/7013 7011/7011
f 6926/6926 6928/6928 7029/7029
f 6926/6926 7029/7029 7027/7027
f 6911/6911 6914/6914 7015/7015
f 6911/6911 7015/7015 7013/7013
f 7002/7002 7004/7004 6983/6983
f 7002/7002 6983/6983 6982/6982
f 6980/6980 6982/6982 6977/6977
f 6980/6980 6977/6977 6978/6978
f 6914/6914 6916/6916 7017/7017
f 6914/6914 7017/7017 7015/7015
f 7030/7030 6998/6998 6981/6981
f 7030/7030 6981/6981 6996/6996
f 6899/6899 6901/6901 7003/7003
f 6899/6899 7003/7003 7001/7001
f 6916/6916 6918/6918 7019/7019
f 6916/6916 7019/7019 7017/7017
f 6901/6901 6903/6903 7005/7005
f 6901/6901 7005/7005 7003/7003
f 6918/6918 6920/6920 7021/7021
f 6918/6918 7021/7021 7019/7019
f 7006/7006 7008/7008 6985/6985
f 7006/7006 6985/6985 6984/6984
f 7018/7018 7020/7020 6991/6991
f 7018/7018 6991/6991 6990/6990
f 7004/7004 7006/7006 6984/6984
f 7004/7004 6984/6984 6983/6983
f 7020/7020 7022/7022 6992/6992
f 7020/7020 6992/6992 6991/6991
f 7010/7010 7012/7012 6987/6987
f 7010/7010 6987/6987 6986/6986
f 7026/7026 7028/7028 6995/6995
f 7026/7026 6995/6995 6994/6994
f 6903/6903 6905/6905 7007/7007
f 6903/6903 7007/7007 7005/7005
f 6920/6920 6922/6922 7023/7023
f 6920/6920 7023/7023 7021/7021
f 6905/6905 6907/6907 7009/7009
f 6905/6905 7009/7009 7007/7007
f 6922/6922 6924/6924 7025/7025
f 6922/6922 7025/7025 7023/7023
f 7012/7012 7014/7014 6988/6988
f 7012/7012 6988/6988 6987/6987
f 7028/7028 7030/7030 6996/6996
f 7028/7028 6996/6996 6995/6995
f 7014/7014 7016/7016 6989/6989
f 7014/7014 6989/6989 6988/6988
f 6976/6976 6975/6975 7057/7057
f 6976/6976 7057/7057 7059/7059
f 7016/7016 7018/7018 6990/6990
f 7016/7016 6990/6990 6989/6989
f 6897/6897 6899/6899 7001/7001
f 6897/6897 7001/7001 6999/6999
f 6928/6928 6898/6898 7000/7000
f 6928/6928 7000/7000 7029/7029
f 7004/7004 7002/7002 7001/7001
f 7004/7004 7001/7001 7003/7003
f 7006/7006 7004/7004 7003/7003
f 7006/7006 7003/7003 7005/7005
f 7012/7012 7010/7010 7009/7009
f 7012/7012 7009/7009 7011/7011
f 7008/7008 7006/7006 7005/7005
f 7008/7008 7005/7005 7007/7007
f 7010/7010 7008/7008 7007/7007
f 7010/7010 7007/7007 7009/7009
f 7014/7014 7012/7012 7011/7011
f 7014/7014 7011/7011 7013/7013
f 7016/7016 7014/7014 7013/7013
f 7016/7016 7013/7013 7015/7015
f 7018/7018 7016/7016 7015/7015
f 7018/7018 7015/7015 7017/7017
f 7020/7020 7018/7018 7017/7017
f 7020/7020 7017/7017 7019/7019
f 7022/7022 7020/7020 7019/7019
f 7022/7022 7019/7019 7021/7021
f 7028/7028 7026/7026 7025/7025
f 7028/7028 7025/7025 7027/7027
f 7024/7024 7022/7022 7021/7021
f 7024/7024 7021/7021 7023/7023
f 7026/7026 7024/7024 7023/7023
f 7026/7026 7023/7023 7025/7025
f 7030/7030 7028/7028 7027/7027
f 7030/7030 7027/7027 7029/7029
f 6998/6998 7030/7030 7029/7029
f 6998/6998 7029/7029 7000/7000
f 6997/6997 7002/7002 6982/6982
f 6997/6997 6982/6982 6980/6980
f 6991/6991 6992/6992 6967/6967
f 6991/6991 6967/6967 6968/6968
f 6990/6990 6991/6991 6968/6968
f 6990/6990 6968/6968 6969/6969
f 6984/6984 6985/6985 6974/6974
f 6984/6984 6974/6974 6975/6975
f 6992/6992 6993/6993 6966/6966
f 6992/6992 6966/6966 6967/6967
f 6985/6985 6986/6986 6973/6973
f 6985/6985 6973/6973 6974/6974
f 6993/6993 6994/6994 6965/6965
f 6993/6993 6965/6965 6966/6966
f 6983/6983 6984/6984 6975/6975
f 6983/6983 6975/6975 6976/6976
f 6996/6996 6981/6981 6979/6979
f 6996/6996 6979/6979 6963/6963
f 6994/6994 6995/6995 6964/6964
f 6994/6994 6964/6964 6965/6965
f 7002/7002 6997/6997 6999/6999
f 7002/7002 6999/6999 7001/7001
f 6995/6995 6996/6996 6963/6963
f 6995/6995 6963/6963 6964/6964
f 6986/6986 6987/6987 6972/6972
f 6986/6986 6972/6972 6973/6973
f 6988/6988 6989/6989 6970/6970
f 6988/6988 6970/6970 6971/6971
f 6987/6987 6988/6988 6971/6971
f 6987/6987 6971/6971 6972/6972
f 6989/6989 6990/6990 6969/6969
f 6989/6989 6969/6969 6970/6970
f 6974/6974 6973/6973 7052/7052
f 6974/6974 7052/7052 7054/7054
f 6967/6967 6966/6966 7039/7039
f 6967/6967 7039/7039 7041/7041
f 6969/6969 6968/6968 7043/7043
f 6969/6969 7043/7043 7045/7045
f 6978/6978 6977/6977 7061/7061
f 6978/6978 7061/7061 7063/7063
f 6969/6969 7045/7045 7046/7046
f 6969/6969 7046/7046 6970/6970
f 6966/6966 6965/6965 7036/7036
f 6966/6966 7036/7036 7039/7039
f 6963/6963 7032/7032 7034/7034
f 6963/6963 7034/7034 6964/6964
f 6967/6967 7041/7041 7043/7043
f 6967/6967 7043/7043 6968/6968
f 6972/6972 6971/6971 7048/7048
f 6972/6972 7048/7048 7050/7050
f 6972/6972 7050/7050 7052/7052
f 6972/6972 7052/7052 6973/6973
f 6963/6963 6979/6979 7064/7064
f 6963/6963 7064/7064 7032/7032
f 6970/6970 7046/7046 7048/7048
f 6970/6970 7048/7048 6971/6971
f 6965/6965 6964/6964 7034/7034
f 6965/6965 7034/7034 7036/7036
f 6976/6976 7059/7059 7061/7061
f 6976/6976 7061/7061 6977/6977
f 7065/7065 7083/7083 7066/7066
f 7065/7065 7066/7066 7031/7031
f 6975/6975 6974/6974 7054/7054
f 6975/6975 7054/7054 7057/7057
f 7051/7051 7049/7049 7075/7075
f 7051/7051 7075/7075 7076/7076
f 7035/7035 7033/7033 7067/7067
f 7035/7035 7067/7067 7068/7068
f 7060/7060 7058/7058 7080/7080
f 7060/7060 7080/7080 7081/7081
f 7055/7055 7053/7053 7077/7077
f 7055/7055 7077/7077 7078/7078
f 7040/7040 7037/7037 7069/7069
f 7040/7040 7069/7069 7071/7071
f 7044/7044 7042/7042 7072/7072
f 7044/7044 7072/7072 7073/7073
f 7044/7044 7073/7073 7074/7074
f 7044/7044 7074/7074 7047/7047
f 7038/7038 7035/7035 7068/7068
f 7038/7038 7068/7068 7070/7070
f 7031/7031 7066/7066 7067/7067
f 7031/7031 7067/7067 7033/7033
f 7040/7040 7071/7071 7072/7072
f 7040/7040 7072/7072 7042/7042
f 7051/7051 7076/7076 7077/7077
f 7051/7051 7077/7077 7053/7053
f 7047/7047 7074/7074 7075/7075
f 7047/7047 7075/7075 7049/7049
f 7060/7060 7081/7081 7082/7082
f 7060/7060 7082/7082 7062/7062
f 7062/7062 7082/7082 7083/7083
f 7062/7062 7083/7083 7065/7065
f 7082/7082 7081/7081 7099/7099
f 7082/7082 7099/7099 7100/7100
f 7058/7058 7056/7056 7079/7079
f 7058/7058 7079/7079 7080/7080
f 7072/7072 7071/7071 7089/7089
f 7072/7072 7089/7089 7090/7090
f 7083/7083 7082/7082 7100/7100
f 7083/7083 7100/7100 7101/7101
f 7073/7073 7072/7072 7090/7090
f 7073/7073 7090/7090 7091/7091
f 7066/7066 7083/7083 7101/7101
f 7066/7066 7101/7101 7084/7084
f 7075/7075 7074/7074 7092/7092
f 7075/7075 7092/7092 7093/7093
f 7076/7076 7075/7075 7093/7093
f 7076/7076 7093/7093 7094/7094
f 7068/7068 7067/7067 7085/7085
f 7068/7068 7085/7085 7086/7086
f 7081/7081 7080/7080 7098/7098
f 7081/7081 7098/7098 7099/7099
f 7078/7078 7077/7077 7095/7095
f 7078/7078 7095/7095 7096/7096
f 7071/7071 7069/7069 7087/7087
f 7071/7071 7087/7087 7089/7089
f 7073/7073 7091/7091 7092/7092
f 7073/7073 7092/7092 7074/7074
f 7070/7070 7068/7068 7086/7086
f 7070/7070 7086/7086 7088/7088
f 7066/7066 7084/7084 7085/7085
f 7066/7066 7085/7085 7067/7067
f 7076/7076 7094/7094 7095/7095
f 7076/7076 7095/7095 7077/7077
f 7149/7149 7150/7150 7151/7151
f 7149/7149 7151/7151 7148/7148
f 7080/7080 7079/7079 7097/7097
f 7080/7080 7097/7097 7098/7098
f 7095/7095 7094/7094 7117/7117
f 7095/7095 7117/7117 7120/7120
f 7085/7085 7084/7084 7102/7102
f 7085/7085 7102/7102 7103/7103
f 7100/7100 7128/7128 7129/7129
f 7100/7100 7129/7129 7101/7101
f 7086/7086 7085/7085 7103/7103
f 7086/7086 7103/7103 7106/7106
f 7098/7098 7097/7097 7123/7123
f 7098/7098 7123/7123 7126/7126
f 7090/7090 7089/7089 7112/7112
f 7090/7090 7112/7112 7113/7113
f 7091/7091 7090/7090 7113/7113
f 7091/7091 7113/7113 7114/7114
f 7084/7084 7101/7101 7129/7129
f 7084/7084 7129/7129 7102/7102
f 7093/7093 7092/7092 7115/7115
f 7093/7093 7115/7115 7116/7116
f 7094/7094 7093/7093 7116/7116
f 7094/7094 7116/7116 7117/7117
f 7099/7099 7098/7098 7126/7126
f 7099/7099 7126/7126 7127/7127
f 7096/7096 7095/7095 7120/7120
f 7096/7096 7120/7120 7122/7122
f 7089/7089 7087/7087 7108/7108
f 7089/7089 7108/7108 7112/7112
f 7091/7091 7114/7114 7115/7115
f 7091/7091 7115/7115 7092/7092
f 7088/7088 7086/7086 7106/7106
f 7088/7088 7106/7106 7109/7109
f 7295/7295 7294/7294 7292/7292
f 7295/7295 7292/7292 7290/7290
f 7165/7165 7138/7138 7139/7139
f 7165/7165 7139/7139 7166/7166
f 7178/7178 7145/7145 7146/7146
f 7178/7178 7146/7146 7181/7181
f 7168/7168 7166/7166 7139/7139
f 7168/7168 7139/7139 7140/7140
f 7181/7181 7146/7146 7147/7147
f 7181/7181 7147/7147 7183/7183
f 7178/7178 7175/7175 7144/7144
f 7178/7178 7144/7144 7145/7145
f 7137/7137 7189/7189 7185/7185
f 7137/7137 7185/7185 7138/7138
f 7159/7159 7135/7135 7136/7136
f 7159/7159 7136/7136 7160/7160
f 7215/7215 7156/7156 7110/7110
f 7215/7215 7110/7110 7233/7233
f 7162/7162 7160/7160 7136/7136
f 7162/7162 7136/7136 7137/7137
f 7165/7165 7162/7162 7137/7137
f 7165/7165 7137/7137 7138/7138
f 7149/7149 7130/7130 7131/7131
f 7149/7149 7131/7131 7150/7150
f 7173/7173 7168/7168 7140/7140
f 7173/7173 7140/7140 7142/7142
f 7153/7153 7150/7150 7131/7131
f 7153/7153 7131/7131 7133/7133
f 7179/7179 7127/7127 7126/7126
f 7179/7179 7126/7126 7177/7177
f 7127/7127 7179/7179 7180/7180
f 7127/7127 7180/7180 7128/7128
f 7157/7157 7161/7161 7113/7113
f 7157/7157 7113/7113 7112/7112
f 7128/7128 7180/7180 7182/7182
f 7128/7128 7182/7182 7129/7129
f 7163/7163 7164/7164 7115/7115
f 7163/7163 7115/7115 7114/7114
f 7182/7182 7148/7148 7102/7102
f 7182/7182 7102/7102 7129/7129
f 7115/7115 7164/7164 7167/7167
f 7115/7115 7167/7167 7116/7116
f 7169/7169 7171/7171 7120/7120
f 7169/7169 7120/7120 7117/7117
f 7103/7103 7151/7151 7155/7155
f 7103/7103 7155/7155 7106/7106
f 7113/7113 7161/7161 7163/7163
f 7113/7113 7163/7163 7114/7114
f 7116/7116 7167/7167 7169/7169
f 7116/7116 7169/7169 7117/7117
f 7102/7102 7148/7148 7151/7151
f 7102/7102 7151/7151 7103/7103
f 7150/7150 7153/7153 7155/7155
f 7150/7150 7155/7155 7151/7151
f 7159/7159 7160/7160 7161/7161
f 7159/7159 7161/7161 7157/7157
f 7160/7160 7162/7162 7163/7163
f 7160/7160 7163/7163 7161/7161
f 7165/7165 7166/7166 7167/7167
f 7165/7165 7167/7167 7164/7164
f 7166/7166 7168/7168 7169/7169
f 7166/7166 7169/7169 7167/7167
f 7175/7175 7178/7178 7179/7179
f 7175/7175 7179/7179 7177/7177
f 7162/7162 7165/7165 7164/7164
f 7162/7162 7164/7164 7163/7163
f 7168/7168 7173/7173 7171/7171
f 7168/7168 7171/7171 7169/7169
f 7178/7178 7181/7181 7180/7180
f 7178/7178 7180/7180 7179/7179
f 7181/7181 7183/7183 7182/7182
f 7181/7181 7182/7182 7180/7180
f 7183/7183 7149/7149 7148/7148
f 7183/7183 7148/7148 7182/7182
f 7183/7183 7147/7147 7130/7130
f 7183/7183 7130/7130 7149/7149
f 7138/7138 7185/7185 7191/7191
f 7138/7138 7191/7191 7139/7139
f 7145/7145 7199/7199 7197/7197
f 7145/7145 7197/7197 7146/7146
f 7147/7147 7201/7201 7195/7195
f 7147/7147 7195/7195 7130/7130
f 7189/7189 7137/7137 7136/7136
f 7189/7189 7136/7136 7187/7187
f 7130/7130 7195/7195 7203/7203
f 7130/7130 7203/7203 7131/7131
f 7140/7140 7139/7139 7191/7191
f 7140/7140 7191/7191 7193/7193
f 7146/7146 7197/7197 7201/7201
f 7146/7146 7201/7201 7147/7147
f 7140/7140 7193/7193 7142/7142
f 7135/7135 7187/7187 7136/7136
f 7234/7234 7111/7111 7107/7107
f 7234/7234 7107/7107 7232/7232
f 7133/7133 7131/7131 7203/7203
f 7145/7145 7144/7144 7199/7199
f 7226/7226 7125/7125 7121/7121
f 7226/7226 7121/7121 7229/7229
f 7104/7104 7154/7154 7217/7217
f 7104/7104 7217/7217 7235/7235
f 7124/7124 7225/7225 7223/7223
f 7124/7124 7223/7223 7176/7176
f 7227/7227 7221/7221 7170/7170
f 7227/7227 7170/7170 7172/7172
f 7206/7206 7204/7204 7229/7229
f 7206/7206 7229/7229 7231/7231
f 7221/7221 7209/7209 7205/7205
f 7221/7221 7205/7205 7230/7230
f 7223/7223 7228/7228 7174/7174
f 7223/7223 7174/7174 7176/7176
f 7208/7208 7204/7204 7232/7232
f 7208/7208 7232/7232 7236/7236
f 7211/7211 7214/7214 7212/7212
f 7209/7209 7219/7219 7210/7210
f 7213/7213 7209/7209 7210/7210
f 7212/7212 7220/7220 7211/7211
f 7217/7217 7218/7218 7214/7214
f 7217/7217 7214/7214 7211/7211
f 7216/7216 7215/7215 7209/7209
f 7216/7216 7209/7209 7213/7213
f 7217/7217 7238/7238 7218/7218
f 7237/7237 7215/7215 7216/7216
f 7211/7211 7223/7223 7225/7225
f 7211/7211 7225/7225 7207/7207
f 7206/7206 7234/7234 7232/7232
f 7206/7206 7232/7232 7204/7204
f 7209/7209 7221/7221 7222/7222
f 7209/7209 7222/7222 7219/7219
f 7220/7220 7224/7224 7223/7223
f 7220/7220 7223/7223 7211/7211
f 7205/7205 7209/7209 7215/7215
f 7205/7205 7215/7215 7233/7233
f 7212/7212 7214/7214 7194/7194
f 7212/7212 7194/7194 7200/7200
f 7230/7230 7118/7118 7170/7170
f 7230/7230 7170/7170 7221/7221
f 7207/7207 7235/7235 7217/7217
f 7207/7207 7217/7217 7211/7211
f 7208/7208 7226/7226 7229/7229
f 7208/7208 7229/7229 7204/7204
f 7119/7119 7231/7231 7229/7229
f 7119/7119 7229/7229 7121/7121
f 7223/7223 7224/7224 7228/7228
f 7222/7222 7221/7221 7227/7227
f 7105/7105 7236/7236 7232/7232
f 7105/7105 7232/7232 7107/7107
f 7158/7158 7156/7156 7215/7215
f 7158/7158 7215/7215 7237/7237
f 7154/7154 7152/7152 7238/7238
f 7154/7154 7238/7238 7217/7217
f 7188/7188 7213/7213 7210/7210
f 7188/7188 7210/7210 7184/7184
f 7214/7214 7218/7218 7202/7202
f 7214/7214 7202/7202 7194/7194
f 7186/7186 7216/7216 7213/7213
f 7186/7186 7213/7213 7188/7188
f 7196/7196 7220/7220 7212/7212
f 7196/7196 7212/7212 7200/7200
f 7186/7186 7134/7134 7237/7237
f 7186/7186 7237/7237 7216/7216
f 7158/7158 7237/7237 7134/7134
f 7202/7202 7218/7218 7238/7238
f 7202/7202 7238/7238 7132/7132
f 7152/7152 7132/7132 7238/7238
f 7198/7198 7224/7224 7220/7220
f 7198/7198 7220/7220 7196/7196
f 7190/7190 7184/7184 7210/7210
f 7190/7190 7210/7210 7219/7219
f 7143/7143 7228/7228 7224/7224
f 7143/7143 7224/7224 7198/7198
f 7174/7174 7228/7228 7143/7143
f 7192/7192 7190/7190 7219/7219
f 7192/7192 7219/7219 7222/7222
f 7099/7099 7127/7127 7128/7128
f 7099/7099 7128/7128 7100/7100
f 7141/7141 7192/7192 7222/7222
f 7141/7141 7222/7222 7227/7227
f 7172/7172 7141/7141 7227/7227
f 7246/7246 7305/7305 7303/7303
f 7246/7246 7303/7303 7245/7245
f 7254/7254 7321/7321 7319/7319
f 7254/7254 7319/7319 7253/7253
f 7247/7247 7307/7307 7305/7305
f 7247/7247 7305/7305 7246/7246
f 7255/7255 7323/7323 7321/7321
f 7255/7255 7321/7321 7254/7254
f 7248/7248 7309/7309 7307/7307
f 7248/7248 7307/7307 7247/7247
f 7240/7240 7291/7291 7323/7323
f 7240/7240 7323/7323 7255/7255
f 7249/7249 7311/7311 7309/7309
f 7249/7249 7309/7309 7248/7248
f 7241/7241 7295/7295 7290/7290
f 7241/7241 7290/7290 7239/7239
f 7242/7242 7297/7297 7295/7295
f 7242/7242 7295/7295 7241/7241
f 7250/7250 7313/7313 7311/7311
f 7250/7250 7311/7311 7249/7249
f 7243/7243 7299/7299 7297/7297
f 7243/7243 7297/7297 7242/7242
f 7313/7313 7250/7250 7251/7251
f 7313/7313 7251/7251 7315/7315
f 7300/7300 7266/7266 7264/7264
f 7300/7300 7264/7264 7298/7298
f 7316/7316 7283/7283 7281/7281
f 7316/7316 7281/7281 7314/7314
f 7302/7302 7268/7268 7266/7266
f 7302/7302 7266/7266 7300/7300
f 7318/7318 7285/7285 7283/7283
f 7318/7318 7283/7283 7316/7316
f 7320/7320 7287/7287 7285/7285
f 7320/7320 7285/7285 7318/7318
f 7244/7244 7301/7301 7299/7299
f 7244/7244 7299/7299 7243/7243
f 7252/7252 7317/7317 7315/7315
f 7252/7252 7315/7315 7251/7251
f 7245/7245 7303/7303 7301/7301
f 7245/7245 7301/7301 7244/7244
f 7253/7253 7319/7319 7317/7317
f 7253/7253 7317/7317 7252/7252
f 7306/7306 7272/7272 7270/7270
f 7306/7306 7270/7270 7304/7304
f 7322/7322 7289/7289 7287/7287
f 7322/7322 7287/7287 7320/7320
f 7308/7308 7275/7275 7272/7272
f 7308/7308 7272/7272 7306/7306
f 7363/7363 7358/7358 7360/7360
f 7363/7363 7360/7360 7362/7362
f 7310/7310 7277/7277 7275/7275
f 7310/7310 7275/7275 7308/7308
f 7296/7296 7262/7262 7260/7260
f 7296/7296 7260/7260 7294/7294
f 7293/7293 7259/7259 7289/7289
f 7293/7293 7289/7289 7322/7322
f 7312/7312 7279/7279 7277/7277
f 7312/7312 7277/7277 7310/7310
f 7298/7298 7264/7264 7262/7262
f 7298/7298 7262/7262 7296/7296
f 7314/7314 7281/7281 7279/7279
f 7314/7314 7279/7279 7312/7312
f 7304/7304 7270/7270 7268/7268
f 7304/7304 7268/7268 7302/7302
f 7297/7297 7296/7296 7294/7294
f 7297/7297 7294/7294 7295/7295
f 7299/7299 7298/7298 7296/7296
f 7299/7299 7296/7296 7297/7297
f 7305/7305 7304/7304 7302/7302
f 7305/7305 7302/7302 7303/7303
f 7301/7301 7300/7300 7298/7298
f 7301/7301 7298/7298 7299/7299
f 7303/7303 7302/7302 7300/7300
f 7303/7303 7300/7300 7301/7301
f 7307/7307 7306/7306 7304/7304
f 7307/7307 7304/7304 7305/7305
f 7309/7309 7308/7308 7306/7306
f 7309/7309 7306/7306 7307/7307
f 7311/7311 7310/7310 7308/7308
f 7311/7311 7308/7308 7309/7309
f 7313/7313 7312/7312 7310/7310
f 7313/7313 7310/7310 7311/7311
f 7315/7315 7314/7314 7312/7312
f 7315/7315 7312/7312 7313/7313
f 7321/7321 7320/7320 7318/7318
f 7321/7321 7318/7318 7319/7319
f 7317/7317 7316/7316 7314/7314
f 7317/7317 7314/7314 7315/7315
f 7319/7319 7318/7318 7316/7316
f 7319/7319 7316/7316 7317/7317
f 7323/7323 7322/7322 7320/7320
f 7323/7323 7320/7320 7321/7321
f 7291/7291 7293/7293 7322/7322
f 7291/7291 7322/7322 7323/7323
f 7258/7258 7292/7292 7294/7294
f 7258/7258 7294/7294 7260/7260
f 7278/7278 7280/7280 7382/7382
f 7278/7278 7382/7382 7380/7380
f 7367/7367 7369/7369 7334/7334
f 7367/7367 7334/7334 7332/7332
f 7383/7383 7385/7385 7351/7351
f 7383/7383 7351/7351 7349/7349
f 7369/7369 7371/7371 7336/7336
f 7369/7369 7336/7336 7334/7334
f 7385/7385 7387/7387 7353/7353
f 7385/7385 7353/7353 7351/7351
f 7269/7269 7271/7271 7372/7372
f 7269/7269 7372/7372 7370/7370
f 7284/7284 7286/7286 7388/7388
f 7284/7284 7388/7388 7386/7386
f 7271/7271 7273/7273 7374/7374
f 7271/7271 7374/7374 7372/7372
f 7286/7286 7288/7288 7390/7390
f 7286/7286 7390/7390 7388/7388
f 7273/7273 7274/7274 7376/7376
f 7273/7273 7376/7376 7374/7374
f 7363/7363 7365/7365 7330/7330
f 7363/7363 7330/7330 7328/7328
f 7274/7274 7276/7276 7378/7378
f 7274/7274 7378/7378 7376/7376
f 7391/7391 7359/7359 7325/7325
f 7391/7391 7325/7325 7357/7357
f 7261/7261 7263/7263 7364/7364
f 7261/7261 7364/7364 7362/7362
f 7276/7276 7278/7278 7380/7380
f 7276/7276 7380/7380 7378/7378
f 7263/7263 7265/7265 7366/7366
f 7263/7263 7366/7366 7364/7364
f 7387/7387 7389/7389 7355/7355
f 7387/7387 7355/7355 7353/7353
f 7371/7371 7373/7373 7338/7338
f 7371/7371 7338/7338 7336/7336
f 7265/7265 7267/7267 7368/7368
f 7265/7265 7368/7368 7366/7366
f 7280/7280 7282/7282 7384/7384
f 7280/7280 7384/7384 7382/7382
f 7267/7267 7269/7269 7370/7370
f 7267/7267 7370/7370 7368/7368
f 7282/7282 7284/7284 7386/7386
f 7282/7282 7386/7386 7384/7384
f 7373/7373 7375/7375 7340/7340
f 7373/7373 7340/7340 7338/7338
f 7389/7389 7391/7391 7357/7357
f 7389/7389 7357/7357 7355/7355
f 7375/7375 7377/7377 7342/7342
f 7375/7375 7342/7342 7340/7340
f 7411/7411 7412/7412 7405/7405
f 7411/7411 7405/7405 7406/7406
f 7377/7377 7379/7379 7345/7345
f 7377/7377 7345/7345 7342/7342
f 7256/7256 7261/7261 7362/7362
f 7256/7256 7362/7362 7360/7360
f 7288/7288 7257/7257 7361/7361
f 7288/7288 7361/7361 7390/7390
f 7379/7379 7381/7381 7347/7347
f 7379/7379 7347/7347 7345/7345
f 7365/7365 7367/7367 7332/7332
f 7365/7365 7332/7332 7330/7330
f 7381/7381 7383/7383 7349/7349
f 7381/7381 7349/7349 7347/7347
f 7365/7365 7363/7363 7362/7362
f 7365/7365 7362/7362 7364/7364
f 7367/7367 7365/7365 7364/7364
f 7367/7367 7364/7364 7366/7366
f 7373/7373 7371/7371 7370/7370
f 7373/7373 7370/7370 7372/7372
f 7369/7369 7367/7367 7366/7366
f 7369/7369 7366/7366 7368/7368
f 7371/7371 7369/7369 7368/7368
f 7371/7371 7368/7368 7370/7370
f 7375/7375 7373/7373 7372/7372
f 7375/7375 7372/7372 7374/7374
f 7377/7377 7375/7375 7374/7374
f 7377/7377 7374/7374 7376/7376
f 7379/7379 7377/7377 7376/7376
f 7379/7379 7376/7376 7378/7378
f 7381/7381 7379/7379 7378/7378
f 7381/7381 7378/7378 7380/7380
f 7383/7383 7381/7381 7380/7380
f 7383/7383 7380/7380 7382/7382
f 7389/7389 7387/7387 7386/7386
f 7389/7389 7386/7386 7388/7388
f 7385/7385 7383/7383 7382/7382
f 7385/7385 7382/7382 7384/7384
f 7387/7387 7385/7385 7384/7384
f 7387/7387 7384/7384 7386/7386
f 7391/7391 7389/7389 7388/7388
f 7391/7391 7388/7388 7390/7390
f 7359/7359 7391/7391 7390/7390
f 7359/7359 7390/7390 7361/7361
f 7358/7358 7363/7363 7328/7328
f 7358/7358 7328/7328 7324/7324
f 7451/7451 7453/7453 7422/7422
f 7451/7451 7422/7422 7421/7421
f 7437/7437 7439/7439 7415/7415
f 7437/7437 7415/7415 7414/7414
f 7453/7453 7455/7455 7423/7423
f 7453/7453 7423/7423 7422/7422
f 7337/7337 7339/7339 7440/7440
f 7337/7337 7440/7440 7438/7438
f 7352/7352 7354/7354 7456/7456
f 7352/7352 7456/7456 7454/7454
f 7339/7339 7341/7341 7442/7442
f 7339/7339 7442/7442 7440/7440
f 7354/7354 7356/7356 7458/7458
f 7354/7354 7458/7458 7456/7456
f 7341/7341 7343/7343 7444/7444
f 7341/7341 7444/7444 7442/7442
f 7431/7431 7433/7433 7412/7412
f 7431/7431 7412/7412 7411/7411
f 7409/7409 7411/7411 7406/7406
f 7409/7409 7406/7406 7407/7407
f 7343/7343 7344/7344 7446/7446
f 7343/7343 7446/7446 7444/7444
f 7459/7459 7427/7427 7410/7410
f 7459/7459 7410/7410 7425/7425
f 7329/7329 7331/7331 7432/7432
f 7329/7329 7432/7432 7430/7430
f 7344/7344 7346/7346 7448/7448
f 7344/7344 7448/7448 7446/7446
f 7331/7331 7333/7333 7434/7434
f 7331/7331 7434/7434 7432/7432
f 7346/7346 7348/7348 7450/7450
f 7346/7346 7450/7450 7448/7448
f 7435/7435 7437/7437 7414/7414
f 7435/7435 7414/7414 7413/7413
f 7447/7447 7449/7449 7420/7420
f 7447/7447 7420/7420 7419/7419
f 7433/7433 7435/7435 7413/7413
f 7433/7433 7413/7413 7412/7412
f 7449/7449 7451/7451 7421/7421
f 7449/7449 7421/7421 7420/7420
f 7439/7439 7441/7441 7416/7416
f 7439/7439 7416/7416 7415/7415
f 7455/7455 7457/7457 7424/7424
f 7455/7455 7424/7424 7423/7423
f 7333/7333 7335/7335 7436/7436
f 7333/7333 7436/7436 7434/7434
f 7348/7348 7350/7350 7452/7452
f 7348/7348 7452/7452 7450/7450
f 7335/7335 7337/7337 7438/7438
f 7335/7335 7438/7438 7436/7436
f 7350/7350 7352/7352 7454/7454
f 7350/7350 7454/7454 7452/7452
f 7441/7441 7443/7443 7417/7417
f 7441/7441 7417/7417 7416/7416
f 7457/7457 7459/7459 7425/7425
f 7457/7457 7425/7425 7424/7424
f 7443/7443 7445/7445 7418/7418
f 7443/7443 7418/7418 7417/7417
f 7405/7405 7404/7404 7487/7487
f 7405/7405 7487/7487 7489/7489
f 7445/7445 7447/7447 7419/7419
f 7445/7445 7419/7419 7418/7418
f 7326/7326 7329/7329 7430/7430
f 7326/7326 7430/7430 7428/7428
f 7356/7356 7327/7327 7429/7429
f 7356/7356 7429/7429 7458/7458
f 7433/7433 7431/7431 7430/7430
f 7433/7433 7430/7430 7432/7432
f 7435/7435 7433/7433 7432/7432
f 7435/7435 7432/7432 7434/7434
f 7441/7441 7439/7439 7438/7438
f 7441/7441 7438/7438 7440/7440
f 7437/7437 7435/7435 7434/7434
f 7437/7437 7434/7434 7436/7436
f 7439/7439 7437/7437 7436/7436
f 7439/7439 7436/7436 7438/7438
f 7443/7443 7441/7441 7440/7440
f 7443/7443 7440/7440 7442/7442
f 7445/7445 7443/7443 7442/7442
f 7445/7445 7442/7442 7444/7444
f 7447/7447 7445/7445 7444/7444
f 7447/7447 7444/7444 7446/7446
f 7449/7449 7447/7447 7446/7446
f 7449/7449 7446/7446 7448/7448
f 7451/7451 7449/7449 7448/7448
f 7451/7451 7448/7448 7450/7450
f 7457/7457 7455/7455 7454/7454
f 7457/7457 7454/7454 7456/7456
f 7453/7453 7451/7451 7450/7450
f 7453/7453 7450/7450 7452/7452
f 7455/7455 7453/7453 7452/7452
f 7455/7455 7452/7452 7454/7454
f 7459/7459 7457/7457 7456/7456
f 7459/7459 7456/7456 7458/7458
f 7427/7427 7459/7459 7458/7458
f 7427/7427 7458/7458 7429/7429
f 7426/7426 7431/7431 7411/7411
f 7426/7426 7411/7411 7409/7409
f 7420/7420 7421/7421 7396/7396
f 7420/7420 7396/7396 7397/7397
f 7419/7419 7420/7420 7397/7397
f 7419/7419 7397/7397 7398/7398
f 7413/7413 7414/7414 7403/7403
f 7413/7413 7403/7403 7404/7404
f 7421/7421 7422/7422 7395/7395
f 7421/7421 7395/7395 7396/7396
f 7414/7414 7415/7415 7402/7402
f 7414/7414 7402/7402 7403/7403
f 7422/7422 7423/7423 7394/7394
f 7422/7422 7394/7394 7395/7395
f 7412/7412 7413/7413 7404/7404
f 7412/7412 7404/7404 7405/7405
f 7425/7425 7410/7410 7408/7408
f 7425/7425 7408/7408 7392/7392
f 7423/7423 7424/7424 7393/7393
f 7423/7423 7393/7393 7394/7394
f 7431/7431 7426/7426 7428/7428
f 7431/7431 7428/7428 7430/7430
f 7424/7424 7425/7425 7392/7392
f 7424/7424 7392/7392 7393/7393
f 7415/7415 7416/7416 7401/7401
f 7415/7415 7401/7401 7402/7402
f 7417/7417 7418/7418 7399/7399
f 7417/7417 7399/7399 7400/7400
f 7416/7416 7417/7417 7400/7400
f 7416/7416 7400/7400 7401/7401
f 7418/7418 7419/7419 7398/7398
f 7418/7418 7398/7398 7399/7399
f 7403/7403 7402/7402 7482/7482
f 7403/7403 7482/7482 7485/7485
f 7396/7396 7395/7395 7466/7466
f 7396/7396 7466/7466 7469/7469
f 7398/7398 7397/7397 7471/7471
f 7398/7398 7471/7471 7473/7473
f 7407/7407 7406/7406 7491/7491
f 7407/7407 7491/7491 7492/7492
f 7398/7398 7473/7473 7475/7475
f 7398/7398 7475/7475 7399/7399
f 7395/7395 7394/7394 7464/7464
f 7395/7395 7464/7464 7466/7466
f 7392/7392 7460/7460 7462/7462
f 7392/7392 7462/7462 7393/7393
f 7396/7396 7469/7469 7471/7471
f 7396/7396 7471/7471 7397/7397
f 7401/7401 7400/7400 7478/7478
f 7401/7401 7478/7478 7480/7480
f 7401/7401 7480/7480 7482/7482
f 7401/7401 7482/7482 7402/7402
f 7392/7392 7408/7408 7493/7493
f 7392/7392 7493/7493 7460/7460
f 7399/7399 7475/7475 7478/7478
f 7399/7399 7478/7478 7400/7400
f 7394/7394 7393/7393 7462/7462
f 7394/7394 7462/7462 7464/7464
f 7405/7405 7489/7489 7491/7491
f 7405/7405 7491/7491 7406/7406
f 7494/7494 7512/7512 7495/7495
f 7494/7494 7495/7495 7461/7461
f 7404/7404 7403/7403 7485/7485
f 7404/7404 7485/7485 7487/7487
f 7479/7479 7477/7477 7504/7504
f 7479/7479 7504/7504 7505/7505
f 7465/7465 7463/7463 7496/7496
f 7465/7465 7496/7496 7497/7497
f 7488/7488 7486/7486 7509/7509
f 7488/7488 7509/7509 7510/7510
f 7483/7483 7481/7481 7506/7506
f 7483/7483 7506/7506 7507/7507
f 7470/7470 7467/7467 7498/7498
f 7470/7470 7498/7498 7500/7500
f 7474/7474 7472/7472 7501/7501
f 7474/7474 7501/7501 7502/7502
f 7474/7474 7502/7502 7503/7503
f 7474/7474 7503/7503 7476/7476
f 7468/7468 7465/7465 7497/7497
f 7468/7468 7497/7497 7499/7499
f 7461/7461 7495/7495 7496/7496
f 7461/7461 7496/7496 7463/7463
f 7470/7470 7500/7500 7501/7501
f 7470/7470 7501/7501 7472/7472
f 7479/7479 7505/7505 7506/7506
f 7479/7479 7506/7506 7481/7481
f 7476/7476 7503/7503 7504/7504
f 7476/7476 7504/7504 7477/7477
f 7488/7488 7510/7510 7511/7511
f 7488/7488 7511/7511 7490/7490
f 7490/7490 7511/7511 7512/7512
f 7490/7490 7512/7512 7494/7494
f 7511/7511 7510/7510 7528/7528
f 7511/7511 7528/7528 7529/7529
f 7486/7486 7484/7484 7508/7508
f 7486/7486 7508/7508 7509/7509
f 7501/7501 7500/7500 7518/7518
f 7501/7501 7518/7518 7519/7519
f 7512/7512 7511/7511 7529/7529
f 7512/7512 7529/7529 7530/7530
f 7502/7502 7501/7501 7519/7519
f 7502/7502 7519/7519 7520/7520
f 7495/7495 7512/7512 7530/7530
f 7495/7495 7530/7530 7513/7513
f 7504/7504 7503/7503 7521/7521
f 7504/7504 7521/7521 7522/7522
f 7505/7505 7504/7504 7522/7522
f 7505/7505 7522/7522 7523/7523
f 7497/7497 7496/7496 7514/7514
f 7497/7497 7514/7514 7515/7515
f 7510/7510 7509/7509 7527/7527
f 7510/7510 7527/7527 7528/7528
f 7507/7507 7506/7506 7524/7524
f 7507/7507 7524/7524 7525/7525
f 7500/7500 7498/7498 7516/7516
f 7500/7500 7516/7516 7518/7518
f 7502/7502 7520/7520 7521/7521
f 7502/7502 7521/7521 7503/7503
f 7499/7499 7497/7497 7515/7515
f 7499/7499 7515/7515 7517/7517
f 7495/7495 7513/7513 7514/7514
f 7495/7495 7514/7514 7496/7496
f 7505/7505 7523/7523 7524/7524
f 7505/7505 7524/7524 7506/7506
f 7578/7578 7579/7579 7580/7580
f 7578/7578 7580/7580 7577/7577
f 7509/7509 7508/7508 7526/7526
f 7509/7509 7526/7526 7527/7527
f 7524/7524 7523/7523 7546/7546
f 7524/7524 7546/7546 7549/7549
f 7514/7514 7513/7513 7531/7531
f 7514/7514 7531/7531 7532/7532
f 7529/7529 7557/7557 7558/7558
f 7529/7529 7558/7558 7530/7530
f 7515/7515 7514/7514 7532/7532
f 7515/7515 7532/7532 7534/7534
f 7527/7527 7526/7526 7552/7552
f 7527/7527 7552/7552 7555/7555
f 7519/7519 7518/7518 7540/7540
f 7519/7519 7540/7540 7542/7542
f 7520/7520 7519/7519 7542/7542
f 7520/7520 7542/7542 7543/7543
f 7513/7513 7530/7530 7558/7558
f 7513/7513 7558/7558 7531/7531
f 7522/7522 7521/7521 7544/7544
f 7522/7522 7544/7544 7545/7545
f 7523/7523 7522/7522 7545/7545
f 7523/7523 7545/7545 7546/7546
f 7528/7528 7527/7527 7555/7555
f 7528/7528 7555/7555 7556/7556
f 7525/7525 7524/7524 7549/7549
f 7525/7525 7549/7549 7551/7551
f 7518/7518 7516/7516 7536/7536
f 7518/7518 7536/7536 7540/7540
f 7520/7520 7543/7543 7544/7544
f 7520/7520 7544/7544 7521/7521
f 7517/7517 7515/7515 7534/7534
f 7517/7517 7534/7534 7537/7537
f 7594/7594 7567/7567 7568/7568
f 7594/7594 7568/7568 7595/7595
f 7607/7607 7574/7574 7575/7575
f 7607/7607 7575/7575 7610/7610
f 7597/7597 7595/7595 7568/7568
f 7597/7597 7568/7568 7569/7569
f 7610/7610 7575/7575 7576/7576
f 7610/7610 7576/7576 7612/7612
f 7607/7607 7604/7604 7573/7573
f 7607/7607 7573/7573 7574/7574
f 7566/7566 7618/7618 7614/7614
f 7566/7566 7614/7614 7567/7567
f 7588/7588 7564/7564 7565/7565
f 7588/7588 7565/7565 7589/7589
f 7644/7644 7585/7585 7539/7539
f 7644/7644 7539/7539 7662/7662
f 7591/7591 7589/7589 7565/7565
f 7591/7591 7565/7565 7566/7566
f 7594/7594 7591/7591 7566/7566
f 7594/7594 7566/7566 7567/7567
f 7578/7578 7559/7559 7560/7560
f 7578/7578 7560/7560 7579/7579
f 7602/7602 7597/7597 7569/7569
f 7602/7602 7569/7569 7571/7571
f 7582/7582 7579/7579 7560/7560
f 7582/7582 7560/7560 7562/7562
f 7608/7608 7556/7556 7555/7555
f 7608/7608 7555/7555 7606/7606
f 7556/7556 7608/7608 7609/7609
f 7556/7556 7609/7609 7557/7557
f 7586/7586 7590/7590 7542/7542
f 7586/7586 7542/7542 7540/7540
f 7557/7557 7609/7609 7611/7611
f 7557/7557 7611/7611 7558/7558
f 7592/7592 7593/7593 7544/7544
f 7592/7592 7544/7544 7543/7543
f 7611/7611 7577/7577 7531/7531
f 7611/7611 7531/7531 7558/7558
f 7544/7544 7593/7593 7596/7596
f 7544/7544 7596/7596 7545/7545
f 7598/7598 7600/7600 7549/7549
f 7598/7598 7549/7549 7546/7546
f 7532/7532 7580/7580 7584/7584
f 7532/7532 7584/7584 7534/7534
f 7542/7542 7590/7590 7592/7592
f 7542/7542 7592/7592 7543/7543
f 7545/7545 7596/7596 7598/7598
f 7545/7545 7598/7598 7546/7546
f 7531/7531 7577/7577 7580/7580
f 7531/7531 7580/7580 7532/7532
f 7579/7579 7582/7582 7584/7584
f 7579/7579 7584/7584 7580/7580
f 7588/7588 7589/7589 7590/7590
f 7588/7588 7590/7590 7586/7586
f 7589/7589 7591/7591 7592/7592
f 7589/7589 7592/7592 7590/7590
f 7594/7594 7595/7595 7596/7596
f 7594/7594 7596/7596 7593/7593
f 7595/7595 7597/7597 7598/7598
f 7595/7595 7598/7598 7596/7596
f 7604/7604 7607/7607 7608/7608
f 7604/7604 7608/7608 7606/7606
f 7591/7591 7594/7594 7593/7593
f 7591/7591 7593/7593 7592/7592
f 7597/7597 7602/7602 7600/7600
f 7597/7597 7600/7600 7598/7598
f 7607/7607 7610/7610 7609/7609
f 7607/7607 7609/7609 7608/7608
f 7610/7610 7612/7612 7611/7611
f 7610/7610 7611/7611 7609/7609
f 7612/7612 7578/7578 7577/7577
f 7612/7612 7577/7577 7611/7611
f 7612/7612 7576/7576 7559/7559
f 7612/7612 7559/7559 7578/7578
f 7567/7567 7614/7614 7620/7620
f 7567/7567 7620/7620 7568/7568
f 7574/7574 7628/7628 7626/7626
f 7574/7574 7626/7626 7575/7575
f 7576/7576 7630/7630 7624/7624
f 7576/7576 7624/7624 7559/7559
f 7618/7618 7566/7566 7565/7565
f 7618/7618 7565/7565 7616/7616
f 7559/7559 7624/7624 7632/7632
f 7559/7559 7632/7632 7560/7560
f 7569/7569 7568/7568 7620/7620
f 7569/7569 7620/7620 7622/7622
f 7575/7575 7626/7626 7630/7630
f 7575/7575 7630/7630 7576/7576
f 7569/7569 7622/7622 7571/7571
f 7564/7564 7616/7616 7565/7565
f 7663/7663 7541/7541 7538/7538
f 7663/7663 7538/7538 7661/7661
f 7562/7562 7560/7560 7632/7632
f 7574/7574 7573/7573 7628/7628
f 7655/7655 7554/7554 7550/7550
f 7655/7655 7550/7550 7658/7658
f 7533/7533 7583/7583 7646/7646
f 7533/7533 7646/7646 7664/7664
f 7553/7553 7654/7654 7652/7652
f 7553/7553 7652/7652 7605/7605
f 7656/7656 7650/7650 7599/7599
f 7656/7656 7599/7599 7601/7601
f 7635/7635 7633/7633 7658/7658
f 7635/7635 7658/7658 7660/7660
f 7635/7635 7663/7663 7661/7661
f 7635/7635 7661/7661 7633/7633
f 7652/7652 7657/7657 7603/7603
f 7652/7652 7603/7603 7605/7605
f 7637/7637 7633/7633 7661/7661
f 7637/7637 7661/7661 7665/7665
f 7640/7640 7643/7643 7641/7641
f 7638/7638 7648/7648 7639/7639
f 7642/7642 7638/7638 7639/7639
f 7641/7641 7649/7649 7640/7640
f 7646/7646 7647/7647 7643/7643
f 7646/7646 7643/7643 7640/7640
f 7645/7645 7644/7644 7638/7638
f 7645/7645 7638/7638 7642/7642
f 7634/7634 7638/7638 7644/7644
f 7634/7634 7644/7644 7662/7662
f 7646/7646 7667/7667 7647/7647
f 7666/7666 7644/7644 7645/7645
f 7636/7636 7664/7664 7646/7646
f 7636/7636 7646/7646 7640/7640
f 7638/7638 7650/7650 7651/7651
f 7638/7638 7651/7651 7648/7648
f 7649/7649 7653/7653 7652/7652
f 7649/7649 7652/7652 7640/7640
f 7637/7637 7655/7655 7658/7658
f 7637/7637 7658/7658 7633/7633
f 7641/7641 7643/7643 7623/7623
f 7641/7641 7623/7623 7629/7629
f 7659/7659 7547/7547 7599/7599
f 7659/7659 7599/7599 7650/7650
f 7640/7640 7652/7652 7654/7654
f 7640/7640 7654/7654 7636/7636
f 7548/7548 7660/7660 7658/7658
f 7548/7548 7658/7658 7550/7550
f 7652/7652 7653/7653 7657/7657
f 7651/7651 7650/7650 7656/7656
f 7650/7650 7638/7638 7634/7634
f 7650/7650 7634/7634 7659/7659
f 7535/7535 7665/7665 7661/7661
f 7535/7535 7661/7661 7538/7538
f 7587/7587 7585/7585 7644/7644
f 7587/7587 7644/7644 7666/7666
f 7583/7583 7581/7581 7667/7667
f 7583/7583 7667/7667 7646/7646
f 7617/7617 7642/7642 7639/7639
f 7617/7617 7639/7639 7613/7613
f 7643/7643 7647/7647 7631/7631
f 7643/7643 7631/7631 7623/7623
f 7615/7615 7645/7645 7642/7642
f 7615/7615 7642/7642 7617/7617
f 7625/7625 7649/7649 7641/7641
f 7625/7625 7641/7641 7629/7629
f 7615/7615 7563/7563 7666/7666
f 7615/7615 7666/7666 7645/7645
f 7587/7587 7666/7666 7563/7563
f 7631/7631 7647/7647 7667/7667
f 7631/7631 7667/7667 7561/7561
f 7581/7581 7561/7561 7667/7667
f 7627/7627 7653/7653 7649/7649
f 7627/7627 7649/7649 7625/7625
f 7619/7619 7613/7613 7639/7639
f 7619/7619 7639/7639 7648/7648
f 7572/7572 7657/7657 7653/7653
f 7572/7572 7653/7653 7627/7627
f 7603/7603 7657/7657 7572/7572
f 7621/7621 7619/7619 7648/7648
f 7621/7621 7648/7648 7651/7651
f 7528/7528 7556/7556 7557/7557
f 7528/7528 7557/7557 7529/7529
f 7570/7570 7621/7621 7651/7651
f 7570/7570 7651/7651 7656/7656
f 7601/7601 7570/7570 7656/7656
f 6437/6437 6436/6436 6434/6434
f 6437/6437 6434/6434 6432/6432
f 7702/7702 7701/7701 7738/7738
f 7702/7702 7738/7738 7737/7737
f 7679/7679 7672/7672 7687/7687
f 7679/7679 7687/7687 7694/7694
f 7672/7672 7673/7673 7688/7688
f 7672/7672 7688/7688 7687/7687
f 7704/7704 7703/7703 7736/7736
f 7704/7704 7736/7736 7684/7684
f 7680/7680 7679/7679 7694/7694
f 7680/7680 7694/7694 7695/7695
f 7748/7748 7739/7739 7740/7740
f 7748/7748 7740/7740 7747/7747
f 7673/7673 7674/7674 7689/7689
f 7673/7673 7689/7689 7688/7688
f 7681/7681 7680/7680 7695/7695
f 7681/7681 7695/7695 7696/7696
f 7674/7674 7675/7675 7690/7690
f 7674/7674 7690/7690 7689/7689
f 7682/7682 7681/7681 7696/7696
f 7682/7682 7696/7696 7697/7697
f 7675/7675 7676/7676 7691/7691
f 7675/7675 7691/7691 7690/7690
f 7686/7686 7704/7704 7684/7684
f 7686/7686 7684/7684 7685/7685
f 7700/7700 7739/7739 7738/7738
f 7700/7700 7738/7738 7701/7701
f 7678/7678 7683/7683 7698/7698
f 7678/7678 7698/7698 7693/7693
f 7677/7677 7678/7678 7693/7693
f 7677/7677 7693/7693 7692/7692
f 7700/7700 7699/7699 7740/7740
f 7700/7700 7740/7740 7739/7739
f 7683/7683 7682/7682 7697/7697
f 7683/7683 7697/7697 7698/7698
f 7708/7708 7707/7707 7703/7703
f 7708/7708 7703/7703 7704/7704
f 7670/7670 7701/7701 7702/7702
f 7670/7670 7702/7702 7706/7706
f 7695/7695 7717/7717 7718/7718
f 7695/7695 7718/7718 7696/7696
f 7669/7669 7708/7708 7704/7704
f 7669/7669 7704/7704 7686/7686
f 7689/7689 7690/7690 7712/7712
f 7689/7689 7712/7712 7711/7711
f 7697/7697 7696/7696 7718/7718
f 7697/7697 7718/7718 7719/7719
f 7688/7688 7689/7689 7711/7711
f 7688/7688 7711/7711 7710/7710
f 7690/7690 7691/7691 7713/7713
f 7690/7690 7713/7713 7712/7712
f 7693/7693 7698/7698 7720/7720
f 7693/7693 7720/7720 7715/7715
f 7707/7707 7706/7706 7702/7702
f 7707/7707 7702/7702 7703/7703
f 7692/7692 7693/7693 7715/7715
f 7692/7692 7715/7715 7714/7714
f 7698/7698 7697/7697 7719/7719
f 7698/7698 7719/7719 7720/7720
f 7705/7705 7671/7671 7699/7699
f 7705/7705 7699/7699 7700/7700
f 7691/7691 7692/7692 7714/7714
f 7691/7691 7714/7714 7713/7713
f 7694/7694 7687/7687 7709/7709
f 7694/7694 7709/7709 7716/7716
f 7687/7687 7688/7688 7710/7710
f 7687/7687 7710/7710 7709/7709
f 7680/7680 7681/7681 7789/7789
f 7680/7680 7789/7789 7788/7788
f 7695/7695 7694/7694 7716/7716
f 7695/7695 7716/7716 7717/7717
f 7732/7732 7714/7714 7715/7715
f 7732/7732 7715/7715 7731/7731
f 7734/7734 7731/7731 7715/7715
f 7734/7734 7715/7715 7720/7720
f 7709/7709 7710/7710 7727/7727
f 7709/7709 7727/7727 7726/7726
f 7735/7735 7725/7725 7724/7724
f 7735/7735 7724/7724 7734/7734
f 7734/7734 7724/7724 7721/7721
f 7734/7734 7721/7721 7731/7731
f 7716/7716 7709/7709 7726/7726
f 7716/7716 7726/7726 7729/7729
f 7729/7729 7726/7726 7721/7721
f 7729/7729 7721/7721 7724/7724
f 7717/7717 7730/7730 7725/7725
f 7717/7717 7725/7725 7718/7718
f 7712/7712 7713/7713 7733/7733
f 7712/7712 7733/7733 7723/7723
f 7718/7718 7725/7725 7735/7735
f 7718/7718 7735/7735 7719/7719
f 7730/7730 7729/7729 7724/7724
f 7730/7730 7724/7724 7725/7725
f 7728/7728 7723/7723 7722/7722
f 7728/7728 7722/7722 7727/7727
f 7716/7716 7729/7729 7730/7730
f 7716/7716 7730/7730 7717/7717
f 7712/7712 7723/7723 7728/7728
f 7712/7712 7728/7728 7711/7711
f 7710/7710 7711/7711 7728/7728
f 7710/7710 7728/7728 7727/7727
f 7870/7870 7869/7869 7886/7886
f 7870/7870 7886/7886 7881/7881
f 7720/7720 7719/7719 7735/7735
f 7720/7720 7735/7735 7734/7734
f 7893/7893 7883/7883 7876/7876
f 7893/7893 7876/7876 7877/7877
f 7714/7714 7732/7732 7733/7733
f 7714/7714 7733/7733 7713/7713
f 7876/7876 7883/7883 7888/7888
f 7876/7876 7888/7888 7875/7875
f 7702/7702 7737/7737 7736/7736
f 7702/7702 7736/7736 7703/7703
f 7868/7868 7885/7885 7886/7886
f 7868/7868 7886/7886 7869/7869
f 7874/7874 7875/7875 7888/7888
f 7874/7874 7888/7888 7887/7887
f 7745/7745 7746/7746 7743/7743
f 7745/7745 7743/7743 7742/7742
f 7738/7738 7749/7749 7743/7743
f 7738/7738 7743/7743 7737/7737
f 7684/7684 7745/7745 7744/7744
f 7684/7684 7744/7744 7685/7685
f 7744/7744 7745/7745 7742/7742
f 7744/7744 7742/7742 7741/7741
f 7742/7742 7748/7748 7747/7747
f 7742/7742 7747/7747 7741/7741
f 7748/7748 7742/7742 7743/7743
f 7748/7748 7743/7743 7749/7749
f 7746/7746 7736/7736 7737/7737
f 7746/7746 7737/7737 7743/7743
f 7684/7684 7736/7736 7746/7746
f 7684/7684 7746/7746 7745/7745
f 7897/7897 7896/7896 7903/7903
f 7897/7897 7903/7903 7902/7902
f 7748/7748 7749/7749 7738/7738
f 7748/7748 7738/7738 7739/7739
f 7670/7670 7705/7705 7700/7700
f 7670/7670 7700/7700 7701/7701
f 7756/7756 7755/7755 7767/7767
f 7756/7756 7767/7767 7766/7766
f 7764/7764 7763/7763 7758/7758
f 7764/7764 7758/7758 7752/7752
f 7777/7777 7768/7768 7769/7769
f 7777/7777 7769/7769 7776/7776
f 7752/7752 7758/7758 7750/7750
f 7752/7752 7750/7750 7751/7751
f 7754/7754 7768/7768 7767/7767
f 7754/7754 7767/7767 7755/7755
f 7754/7754 7753/7753 7769/7769
f 7754/7754 7769/7769 7768/7768
f 7760/7760 7755/7755 7756/7756
f 7760/7760 7756/7756 7761/7761
f 7758/7758 7757/7757 7765/7765
f 7758/7758 7765/7765 7750/7750
f 7756/7756 7766/7766 7765/7765
f 7756/7756 7765/7765 7757/7757
f 7759/7759 7668/7668 7753/7753
f 7759/7759 7753/7753 7754/7754
f 7762/7762 7761/7761 7756/7756
f 7762/7762 7756/7756 7757/7757
f 7807/7807 7806/7806 7801/7801
f 7807/7807 7801/7801 7802/7802
f 7750/7750 7774/7774 7773/7773
f 7750/7750 7773/7773 7751/7751
f 7771/7771 7777/7777 7776/7776
f 7771/7771 7776/7776 7770/7770
f 7775/7775 7772/7772 7771/7771
f 7775/7775 7771/7771 7774/7774
f 7773/7773 7770/7770 7919/7919
f 7773/7773 7919/7919 7921/7921
f 7778/7778 7772/7772 7766/7766
f 7778/7778 7766/7766 7767/7767
f 7775/7775 7765/7765 7766/7766
f 7775/7775 7766/7766 7772/7772
f 7924/7924 7920/7920 7919/7919
f 7924/7924 7919/7919 7923/7923
f 7777/7777 7771/7771 7772/7772
f 7777/7777 7772/7772 7778/7778
f 7765/7765 7775/7775 7774/7774
f 7765/7765 7774/7774 7750/7750
f 7918/7918 7917/7917 7924/7924
f 7918/7918 7924/7924 7923/7923
f 7777/7777 7778/7778 7767/7767
f 7777/7777 7767/7767 7768/7768
f 7916/7916 7915/7915 7922/7922
f 7916/7916 7922/7922 7920/7920
f 7763/7763 7762/7762 7757/7757
f 7763/7763 7757/7757 7758/7758
f 7675/7675 7674/7674 7782/7782
f 7675/7675 7782/7782 7783/7783
f 7707/7707 7708/7708 7795/7795
f 7707/7707 7795/7795 7794/7794
f 7670/7670 7706/7706 7793/7793
f 7670/7670 7793/7793 7831/7831
f 7681/7681 7682/7682 7790/7790
f 7681/7681 7790/7790 7789/7789
f 7796/7796 7806/7806 8036/8036
f 7796/7796 8036/8036 8040/8040
f 7671/7671 7705/7705 7792/7792
f 7671/7671 7792/7792 7779/7779
f 7676/7676 7675/7675 7783/7783
f 7676/7676 7783/7783 7784/7784
f 7763/7763 8037/8037 8039/8039
f 7763/7763 8039/8039 7762/7762
f 7670/7670 7831/7831 7792/7792
f 7670/7670 7792/7792 7705/7705
f 7683/7683 7678/7678 7786/7786
f 7683/7683 7786/7786 7791/7791
f 7678/7678 7677/7677 7785/7785
f 7678/7678 7785/7785 7786/7786
f 7682/7682 7683/7683 7791/7791
f 7682/7682 7791/7791 7790/7790
f 7810/7810 7811/7811 8032/8032
f 7810/7810 8032/8032 8028/8028
f 7708/7708 7669/7669 7830/7830
f 7708/7708 7830/7830 7795/7795
f 7677/7677 7676/7676 7784/7784
f 7677/7677 7784/7784 7785/7785
f 7672/7672 7679/7679 7787/7787
f 7672/7672 7787/7787 7780/7780
f 7673/7673 7672/7672 7780/7780
f 7673/7673 7780/7780 7781/7781
f 7808/7808 7809/7809 8030/8030
f 7808/7808 8030/8030 8034/8034
f 7679/7679 7680/7680 7788/7788
f 7679/7679 7788/7788 7787/7787
f 7706/7706 7707/7707 7794/7794
f 7706/7706 7794/7794 7793/7793
f 7911/7911 7906/7906 7905/7905
f 7911/7911 7905/7905 7910/7910
f 7674/7674 7673/7673 7781/7781
f 7674/7674 7781/7781 7782/7782
f 7807/7807 7808/7808 8034/8034
f 7807/7807 8034/8034 8038/8038
f 7976/7976 7975/7975 7970/7970
f 7976/7976 7970/7970 7971/7971
f 7862/7862 7845/7845 7894/7894
f 7862/7862 7894/7894 7861/7861
f 7803/7803 7802/7802 7814/7814
f 7803/7803 7814/7814 7813/7813
f 7811/7811 7810/7810 7805/7805
f 7811/7811 7805/7805 7799/7799
f 7828/7828 7815/7815 7816/7816
f 7828/7828 7816/7816 7826/7826
f 7799/7799 7805/7805 7797/7797
f 7799/7799 7797/7797 7798/7798
f 7801/7801 7815/7815 7814/7814
f 7801/7801 7814/7814 7802/7802
f 7801/7801 7800/7800 7816/7816
f 7801/7801 7816/7816 7815/7815
f 7807/7807 7802/7802 7803/7803
f 7807/7807 7803/7803 7808/7808
f 7805/7805 7804/7804 7812/7812
f 7805/7805 7812/7812 7797/7797
f 7803/7803 7813/7813 7812/7812
f 7803/7803 7812/7812 7804/7804
f 7806/7806 7796/7796 7800/7800
f 7806/7806 7800/7800 7801/7801
f 7809/7809 7808/7808 7803/7803
f 7809/7809 7803/7803 7804/7804
f 7810/7810 8028/8028 8030/8030
f 7810/7810 8030/8030 7809/7809
f 7821/7821 7823/7823 7818/7818
f 7821/7821 7818/7818 7817/7817
f 7823/7823 7824/7824 7819/7819
f 7823/7823 7819/7819 7818/7818
f 7797/7797 7822/7822 7820/7820
f 7797/7797 7820/7820 7798/7798
f 7820/7820 7822/7822 7823/7823
f 7820/7820 7823/7823 7821/7821
f 7817/7817 7818/7818 7827/7827
f 7817/7817 7827/7827 7825/7825
f 7818/7818 7819/7819 7829/7829
f 7818/7818 7829/7829 7827/7827
f 7825/7825 7827/7827 7828/7828
f 7825/7825 7828/7828 7826/7826
f 7814/7814 7829/7829 7819/7819
f 7814/7814 7819/7819 7813/7813
f 7824/7824 7812/7812 7813/7813
f 7824/7824 7813/7813 7819/7819
f 7812/7812 7824/7824 7822/7822
f 7812/7812 7822/7822 7797/7797
f 7822/7822 7824/7824 7823/7823
f 7810/7810 7809/7809 7804/7804
f 7810/7810 7804/7804 7805/7805
f 7815/7815 7828/7828 7829/7829
f 7815/7815 7829/7829 7814/7814
f 7828/7828 7827/7827 7829/7829
f 7955/7955 7954/7954 7963/7963
f 7955/7955 7963/7963 7962/7962
f 7860/7860 7895/7895 7896/7896
f 7860/7860 7896/7896 7859/7859
f 7840/7840 7853/7853 7846/7846
f 7840/7840 7846/7846 7833/7833
f 7866/7866 7862/7862 7861/7861
f 7866/7866 7861/7861 7865/7865
f 7846/7846 7847/7847 7834/7834
f 7846/7846 7834/7834 7833/7833
f 7841/7841 7854/7854 7853/7853
f 7841/7841 7853/7853 7840/7840
f 7897/7897 7902/7902 7747/7747
f 7897/7897 7747/7747 7740/7740
f 7847/7847 7848/7848 7835/7835
f 7847/7847 7835/7835 7834/7834
f 7842/7842 7855/7855 7854/7854
f 7842/7842 7854/7854 7841/7841
f 7848/7848 7849/7849 7836/7836
f 7848/7848 7836/7836 7835/7835
f 7843/7843 7856/7856 7855/7855
f 7843/7843 7855/7855 7842/7842
f 7849/7849 7850/7850 7837/7837
f 7849/7849 7837/7837 7836/7836
f 7686/7686 7685/7685 7845/7845
f 7686/7686 7845/7845 7862/7862
f 7897/7897 7858/7858 7859/7859
f 7897/7897 7859/7859 7896/7896
f 7839/7839 7852/7852 7857/7857
f 7839/7839 7857/7857 7844/7844
f 7851/7851 7852/7852 7839/7839
f 7851/7851 7839/7839 7838/7838
f 7858/7858 7897/7897 7740/7740
f 7858/7858 7740/7740 7699/7699
f 7844/7844 7857/7857 7856/7856
f 7844/7844 7856/7856 7843/7843
f 7847/7847 7868/7868 7869/7869
f 7847/7847 7869/7869 7848/7848
f 7860/7860 7859/7859 7832/7832
f 7860/7860 7832/7832 7864/7864
f 7875/7875 7854/7854 7855/7855
f 7875/7875 7855/7855 7876/7876
f 7669/7669 7686/7686 7862/7862
f 7669/7669 7862/7862 7866/7866
f 7869/7869 7870/7870 7849/7849
f 7869/7869 7849/7849 7848/7848
f 7856/7856 7877/7877 7876/7876
f 7856/7856 7876/7876 7855/7855
f 7870/7870 7871/7871 7850/7850
f 7870/7870 7850/7850 7849/7849
f 7852/7852 7873/7873 7878/7878
f 7852/7852 7878/7878 7857/7857
f 7865/7865 7861/7861 7860/7860
f 7865/7865 7860/7860 7864/7864
f 7872/7872 7873/7873 7852/7852
f 7872/7872 7852/7852 7851/7851
f 7857/7857 7878/7878 7877/7877
f 7857/7857 7877/7877 7856/7856
f 7863/7863 7858/7858 7699/7699
f 7863/7863 7699/7699 7671/7671
f 7871/7871 7872/7872 7851/7851
f 7871/7871 7851/7851 7850/7850
f 7853/7853 7874/7874 7867/7867
f 7853/7853 7867/7867 7846/7846
f 7867/7867 7868/7868 7847/7847
f 7867/7867 7847/7847 7846/7846
f 7865/7865 7939/7939 7940/7940
f 7865/7865 7940/7940 7866/7866
f 7854/7854 7875/7875 7874/7874
f 7854/7854 7874/7874 7853/7853
f 7872/7872 7890/7890 7889/7889
f 7872/7872 7889/7889 7873/7873
f 7892/7892 7878/7878 7873/7873
f 7892/7892 7873/7873 7889/7889
f 7884/7884 7885/7885 7868/7868
f 7884/7884 7868/7868 7867/7867
f 7893/7893 7892/7892 7882/7882
f 7893/7893 7882/7882 7883/7883
f 7895/7895 7860/7860 7861/7861
f 7895/7895 7861/7861 7894/7894
f 7882/7882 7892/7892 7889/7889
f 7882/7882 7889/7889 7879/7879
f 7886/7886 7885/7885 7880/7880
f 7886/7886 7880/7880 7881/7881
f 7874/7874 7887/7887 7884/7884
f 7874/7874 7884/7884 7867/7867
f 7887/7887 7882/7882 7879/7879
f 7887/7887 7879/7879 7884/7884
f 7870/7870 7881/7881 7891/7891
f 7870/7870 7891/7891 7871/7871
f 7891/7891 7881/7881 7880/7880
f 7891/7891 7880/7880 7890/7890
f 7888/7888 7883/7883 7882/7882
f 7888/7888 7882/7882 7887/7887
f 7892/7892 7893/7893 7877/7877
f 7892/7892 7877/7877 7878/7878
f 7841/7841 7933/7933 7934/7934
f 7841/7841 7934/7934 7842/7842
f 7872/7872 7871/7871 7891/7891
f 7872/7872 7891/7891 7890/7890
f 8144/8144 8139/8139 8138/8138
f 8144/8144 8138/8138 8143/8143
f 7900/7900 7898/7898 7899/7899
f 7900/7900 7899/7899 7901/7901
f 7903/7903 7896/7896 7895/7895
f 7903/7903 7895/7895 7899/7899
f 7744/7744 7900/7900 7845/7845
f 7744/7744 7845/7845 7685/7685
f 7898/7898 7900/7900 7744/7744
f 7898/7898 7744/7744 7741/7741
f 7741/7741 7747/7747 7902/7902
f 7741/7741 7902/7902 7898/7898
f 7902/7902 7903/7903 7899/7899
f 7902/7902 7899/7899 7898/7898
f 7895/7895 7894/7894 7901/7901
f 7895/7895 7901/7901 7899/7899
f 7845/7845 7900/7900 7901/7901
f 7845/7845 7901/7901 7894/7894
f 7832/7832 7859/7859 7858/7858
f 7832/7832 7858/7858 7863/7863
f 7907/7907 7916/7916 7917/7917
f 7907/7907 7917/7917 7906/7906
f 7764/7764 7752/7752 7909/7909
f 7764/7764 7909/7909 7914/7914
f 7918/7918 7923/7923 7776/7776
f 7918/7918 7776/7776 7769/7769
f 7752/7752 7751/7751 7904/7904
f 7752/7752 7904/7904 7909/7909
f 7918/7918 7905/7905 7906/7906
f 7918/7918 7906/7906 7917/7917
f 7905/7905 7918/7918 7769/7769
f 7905/7905 7769/7769 7753/7753
f 7907/7907 7906/7906 7911/7911
f 7907/7907 7911/7911 7912/7912
f 7909/7909 7904/7904 7915/7915
f 7909/7909 7915/7915 7908/7908
f 7916/7916 7907/7907 7908/7908
f 7916/7916 7908/7908 7915/7915
f 7910/7910 7905/7905 7753/7753
f 7910/7910 7753/7753 7668/7668
f 7913/7913 7908/7908 7907/7907
f 7913/7913 7907/7907 7912/7912
f 7948/7948 7943/7943 7942/7942
f 7948/7948 7942/7942 7947/7947
f 7773/7773 7921/7921 7904/7904
f 7773/7773 7904/7904 7751/7751
f 7922/7922 7921/7921 7919/7919
f 7922/7922 7919/7919 7920/7920
f 7917/7917 7916/7916 7920/7920
f 7917/7917 7920/7920 7924/7924
f 7904/7904 7921/7921 7922/7922
f 7904/7904 7922/7922 7915/7915
f 7914/7914 7909/7909 7908/7908
f 7914/7914 7908/7908 7913/7913
f 7836/7836 7928/7928 7927/7927
f 7836/7836 7927/7927 7835/7835
f 7934/7934 7935/7935 7843/7843
f 7934/7934 7843/7843 7842/7842
f 7832/7832 7964/7964 7938/7938
f 7832/7832 7938/7938 7864/7864
f 7671/7671 7779/7779 7937/7937
f 7671/7671 7937/7937 7863/7863
f 7796/7796 8040/8040 8048/8048
f 7796/7796 8048/8048 7947/7947
f 7837/7837 7929/7929 7928/7928
f 7837/7837 7928/7928 7836/7836
f 7937/7937 7964/7964 7832/7832
f 7937/7937 7832/7832 7863/7863
f 8051/8051 8049/8049 7914/7914
f 8051/8051 7914/7914 7913/7913
f 7936/7936 7931/7931 7839/7839
f 7936/7936 7839/7839 7844/7844
f 7866/7866 7940/7940 7830/7830
f 7866/7866 7830/7830 7669/7669
f 7839/7839 7931/7931 7930/7930
f 7839/7839 7930/7930 7838/7838
f 7935/7935 7936/7936 7844/7844
f 7935/7935 7844/7844 7843/7843
f 7951/7951 8042/8042 8032/8032
f 7951/7951 8032/8032 7811/7811
f 7838/7838 7930/7930 7929/7929
f 7838/7838 7929/7929 7837/7837
f 7938/7938 7939/7939 7865/7865
f 7938/7938 7865/7865 7864/7864
f 7925/7925 7932/7932 7840/7840
f 7925/7925 7840/7840 7833/7833
f 7834/7834 7926/7926 7925/7925
f 7834/7834 7925/7925 7833/7833
f 7949/7949 8046/8046 8044/8044
f 7949/7949 8044/8044 7950/7950
f 7932/7932 7933/7933 7841/7841
f 7932/7932 7841/7841 7840/7840
f 7835/7835 7927/7927 7926/7926
f 7835/7835 7926/7926 7834/7834
f 7726/7726 7727/7727 7722/7722
f 7726/7726 7722/7722 7721/7721
f 7948/7948 8050/8050 8046/8046
f 7948/7948 8046/8046 7949/7949
f 7944/7944 7953/7953 7954/7954
f 7944/7944 7954/7954 7943/7943
f 7811/7811 7799/7799 7946/7946
f 7811/7811 7946/7946 7951/7951
f 7955/7955 7962/7962 7826/7826
f 7955/7955 7826/7826 7816/7816
f 7799/7799 7798/7798 7941/7941
f 7799/7799 7941/7941 7946/7946
f 7955/7955 7942/7942 7943/7943
f 7955/7955 7943/7943 7954/7954
f 7942/7942 7955/7955 7816/7816
f 7942/7942 7816/7816 7800/7800
f 7944/7944 7943/7943 7948/7948
f 7944/7944 7948/7948 7949/7949
f 7946/7946 7941/7941 7952/7952
f 7946/7946 7952/7952 7945/7945
f 7953/7953 7944/7944 7945/7945
f 7953/7953 7945/7945 7952/7952
f 7947/7947 7942/7942 7800/7800
f 7947/7947 7800/7800 7796/7796
f 7950/7950 7945/7945 7944/7944
f 7950/7950 7944/7944 7949/7949
f 8044/8044 8042/8042 7951/7951
f 8044/8044 7951/7951 7950/7950
f 7821/7821 7817/7817 7956/7956
f 7821/7821 7956/7956 7959/7959
f 7959/7959 7956/7956 7957/7957
f 7959/7959 7957/7957 7960/7960
f 7820/7820 7958/7958 7941/7941
f 7820/7820 7941/7941 7798/7798
f 7821/7821 7959/7959 7958/7958
f 7821/7821 7958/7958 7820/7820
f 7817/7817 7825/7825 7961/7961
f 7817/7817 7961/7961 7956/7956
f 7956/7956 7961/7961 7963/7963
f 7956/7956 7963/7963 7957/7957
f 7825/7825 7826/7826 7962/7962
f 7825/7825 7962/7962 7961/7961
f 7963/7963 7954/7954 7953/7953
f 7963/7963 7953/7953 7957/7957
f 7953/7953 7952/7952 7960/7960
f 7953/7953 7960/7960 7957/7957
f 7941/7941 7958/7958 7960/7960
f 7941/7941 7960/7960 7952/7952
f 7958/7958 7959/7959 7960/7960
f 7951/7951 7946/7946 7945/7945
f 7951/7951 7945/7945 7950/7950
f 7962/7962 7963/7963 7961/7961
f 7972/7972 7971/7971 7983/7983
f 7972/7972 7983/7983 7982/7982
f 7980/7980 7979/7979 7974/7974
f 7980/7980 7974/7974 7968/7968
f 7993/7993 7984/7984 7985/7985
f 7993/7993 7985/7985 7992/7992
f 7968/7968 7974/7974 7966/7966
f 7968/7968 7966/7966 7967/7967
f 7970/7970 7984/7984 7983/7983
f 7970/7970 7983/7983 7971/7971
f 7970/7970 7969/7969 7985/7985
f 7970/7970 7985/7985 7984/7984
f 7976/7976 7971/7971 7972/7972
f 7976/7976 7972/7972 7977/7977
f 7974/7974 7973/7973 7981/7981
f 7974/7974 7981/7981 7966/7966
f 7972/7972 7982/7982 7981/7981
f 7972/7972 7981/7981 7973/7973
f 7975/7975 7965/7965 7969/7969
f 7975/7975 7969/7969 7970/7970
f 7978/7978 7977/7977 7972/7972
f 7978/7978 7972/7972 7973/7973
f 7965/7965 7975/7975 7996/7996
f 7965/7965 7996/7996 7995/7995
f 7990/7990 7991/7991 7988/7988
f 7990/7990 7988/7988 7987/7987
f 7983/7983 7994/7994 7988/7988
f 7983/7983 7988/7988 7982/7982
f 7966/7966 7990/7990 7989/7989
f 7966/7966 7989/7989 7967/7967
f 7989/7989 7990/7990 7987/7987
f 7989/7989 7987/7987 7986/7986
f 7987/7987 7993/7993 7992/7992
f 7987/7987 7992/7992 7986/7986
f 7993/7993 7987/7987 7988/7988
f 7993/7993 7988/7988 7994/7994
f 7991/7991 7981/7981 7982/7982
f 7991/7991 7982/7982 7988/7988
f 7981/7981 7991/7991 7990/7990
f 7981/7981 7990/7990 7966/7966
f 7994/7994 7983/7983 7984/7984
f 7994/7994 7984/7984 7993/7993
f 8013/8013 8020/8020 8018/8018
f 8013/8013 8018/8018 8014/8014
f 7979/7979 7978/7978 7973/7973
f 7979/7979 7973/7973 7974/7974
f 7979/7979 7980/7980 8000/8000
f 7979/7979 8000/8000 7999/7999
f 7976/7976 7977/7977 7998/7998
f 7976/7976 7998/7998 7997/7997
f 7977/7977 7978/7978 8001/8001
f 7977/7977 8001/8001 7998/7998
f 7978/7978 7979/7979 7999/7999
f 7978/7978 7999/7999 8001/8001
f 7975/7975 7976/7976 7997/7997
f 7975/7975 7997/7997 7996/7996
f 8009/8009 8004/8004 8003/8003
f 8009/8009 8003/8003 8008/8008
f 8005/8005 8014/8014 8015/8015
f 8005/8005 8015/8015 8004/8004
f 7980/7980 7968/7968 8007/8007
f 7980/7980 8007/8007 8012/8012
f 8016/8016 8021/8021 7992/7992
f 8016/8016 7992/7992 7985/7985
f 7968/7968 7967/7967 8002/8002
f 7968/7968 8002/8002 8007/8007
f 8016/8016 8003/8003 8004/8004
f 8016/8016 8004/8004 8015/8015
f 8003/8003 8016/8016 7985/7985
f 8003/8003 7985/7985 7969/7969
f 8005/8005 8004/8004 8009/8009
f 8005/8005 8009/8009 8010/8010
f 8007/8007 8002/8002 8013/8013
f 8007/8007 8013/8013 8006/8006
f 8014/8014 8005/8005 8006/8006
f 8014/8014 8006/8006 8013/8013
f 8008/8008 8003/8003 7969/7969
f 8008/8008 7969/7969 7965/7965
f 8011/8011 8006/8006 8005/8005
f 8011/8011 8005/8005 8010/8010
f 7995/7995 8023/8023 8008/8008
f 7995/7995 8008/8008 7965/7965
f 8019/8019 8017/8017 8018/8018
f 8019/8019 8018/8018 8020/8020
f 8015/8015 8014/8014 8018/8018
f 8015/8015 8018/8018 8022/8022
f 7989/7989 8019/8019 8002/8002
f 7989/7989 8002/8002 7967/7967
f 8017/8017 8019/8019 7989/7989
f 8017/8017 7989/7989 7986/7986
f 7986/7986 7992/7992 8021/8021
f 7986/7986 8021/8021 8017/8017
f 8021/8021 8022/8022 8018/8018
f 8021/8021 8018/8018 8017/8017
f 8020/8020 8013/8013 8002/8002
f 8020/8020 8002/8002 8019/8019
f 8022/8022 8021/8021 8016/8016
f 8022/8022 8016/8016 8015/8015
f 8012/8012 8007/8007 8006/8006
f 8012/8012 8006/8006 8011/8011
f 8000/8000 7980/7980 8012/8012
f 8000/8000 8012/8012 8026/8026
f 8024/8024 8025/8025 8010/8010
f 8024/8024 8010/8010 8009/8009
f 8025/8025 8027/8027 8011/8011
f 8025/8025 8011/8011 8010/8010
f 8011/8011 8027/8027 8026/8026
f 8011/8011 8026/8026 8012/8012
f 8023/8023 8024/8024 8009/8009
f 8023/8023 8009/8009 8008/8008
f 7668/7668 7759/7759 8029/8029
f 7668/7668 8029/8029 8033/8033
f 7911/7911 8045/8045 8047/8047
f 7911/7911 8047/8047 7912/7912
f 7910/7910 8043/8043 8045/8045
f 7910/7910 8045/8045 7911/7911
f 7947/7947 8048/8048 8050/8050
f 7947/7947 8050/8050 7948/7948
f 7912/7912 8047/8047 8051/8051
f 7912/7912 8051/8051 7913/7913
f 7914/7914 8049/8049 8041/8041
f 7914/7914 8041/8041 7764/7764
f 7668/7668 8033/8033 8043/8043
f 7668/7668 8043/8043 7910/7910
f 7760/7760 7761/7761 8035/8035
f 7760/7760 8035/8035 8031/8031
f 7759/7759 7760/7760 8031/8031
f 7759/7759 8031/8031 8029/8029
f 7806/7806 7807/7807 8038/8038
f 7806/7806 8038/8038 8036/8036
f 7761/7761 7762/7762 8039/8039
f 7761/7761 8039/8039 8035/8035
f 7763/7763 7764/7764 8041/8041
f 7763/7763 8041/8041 8037/8037
f 7773/7773 7774/7774 7771/7771
f 7773/7773 7771/7771 7770/7770
f 7923/7923 7919/7919 7770/7770
f 7923/7923 7770/7770 7776/7776
f 7733/7733 7732/7732 7722/7722
f 7733/7733 7722/7722 7723/7723
f 7722/7722 7732/7732 7731/7731
f 7722/7722 7731/7731 7721/7721
f 7880/7880 7885/7885 7884/7884
f 7880/7880 7884/7884 7879/7879
f 7890/7890 7880/7880 7879/7879
f 7890/7890 7879/7879 7889/7889
f 8086/8086 8121/8121 8122/8122
f 8086/8086 8122/8122 8085/8085
f 8063/8063 8078/8078 8071/8071
f 8063/8063 8071/8071 8056/8056
f 8071/8071 8072/8072 8057/8057
f 8071/8071 8057/8057 8056/8056
f 8088/8088 8068/8068 8120/8120
f 8088/8088 8120/8120 8087/8087
f 8064/8064 8079/8079 8078/8078
f 8064/8064 8078/8078 8063/8063
f 8123/8123 8132/8132 8131/8131
f 8123/8123 8131/8131 8124/8124
f 8072/8072 8073/8073 8058/8058
f 8072/8072 8058/8058 8057/8057
f 8065/8065 8080/8080 8079/8079
f 8065/8065 8079/8079 8064/8064
f 8073/8073 8074/8074 8059/8059
f 8073/8073 8059/8059 8058/8058
f 8066/8066 8081/8081 8080/8080
f 8066/8066 8080/8080 8065/8065
f 8074/8074 8075/8075 8060/8060
f 8074/8074 8060/8060 8059/8059
f 8070/8070 8069/8069 8068/8068
f 8070/8070 8068/8068 8088/8088
f 8123/8123 8084/8084 8085/8085
f 8123/8123 8085/8085 8122/8122
f 8062/8062 8077/8077 8082/8082
f 8062/8062 8082/8082 8067/8067
f 8076/8076 8077/8077 8062/8062
f 8076/8076 8062/8062 8061/8061
f 8084/8084 8123/8123 8124/8124
f 8084/8084 8124/8124 8083/8083
f 8067/8067 8082/8082 8081/8081
f 8067/8067 8081/8081 8066/8066
f 8092/8092 8088/8088 8087/8087
f 8092/8092 8087/8087 8091/8091
f 8086/8086 8085/8085 8054/8054
f 8086/8086 8054/8054 8090/8090
f 8101/8101 8079/8079 8080/8080
f 8101/8101 8080/8080 8102/8102
f 8053/8053 8070/8070 8088/8088
f 8053/8053 8088/8088 8092/8092
f 8095/8095 8096/8096 8074/8074
f 8095/8095 8074/8074 8073/8073
f 8081/8081 8103/8103 8102/8102
f 8081/8081 8102/8102 8080/8080
f 8072/8072 8094/8094 8095/8095
f 8072/8072 8095/8095 8073/8073
f 8096/8096 8097/8097 8075/8075
f 8096/8096 8075/8075 8074/8074
f 8077/8077 8099/8099 8104/8104
f 8077/8077 8104/8104 8082/8082
f 8091/8091 8087/8087 8086/8086
f 8091/8091 8086/8086 8090/8090
f 8098/8098 8099/8099 8077/8077
f 8098/8098 8077/8077 8076/8076
f 8082/8082 8104/8104 8103/8103
f 8082/8082 8103/8103 8081/8081
f 8089/8089 8084/8084 8083/8083
f 8089/8089 8083/8083 8055/8055
f 8097/8097 8098/8098 8076/8076
f 8097/8097 8076/8076 8075/8075
f 8078/8078 8100/8100 8093/8093
f 8078/8078 8093/8093 8071/8071
f 8093/8093 8094/8094 8072/8072
f 8093/8093 8072/8072 8071/8071
f 8064/8064 8172/8172 8173/8173
f 8064/8064 8173/8173 8065/8065
f 8079/8079 8101/8101 8100/8100
f 8079/8079 8100/8100 8078/8078
f 8098/8098 8116/8116 8115/8115
f 8098/8098 8115/8115 8099/8099
f 8118/8118 8104/8104 8099/8099
f 8118/8118 8099/8099 8115/8115
f 8110/8110 8111/8111 8094/8094
f 8110/8110 8094/8094 8093/8093
f 8118/8118 8108/8108 8109/8109
f 8118/8118 8109/8109 8119/8119
f 8266/8266 8267/8267 8272/8272
f 8266/8266 8272/8272 8271/8271
f 8108/8108 8118/8118 8115/8115
f 8108/8108 8115/8115 8105/8105
f 8100/8100 8113/8113 8110/8110
f 8100/8100 8110/8110 8093/8093
f 8113/8113 8108/8108 8105/8105
f 8113/8113 8105/8105 8110/8110
f 8114/8114 8101/8101 8102/8102
f 8114/8114 8102/8102 8109/8109
f 8117/8117 8097/8097 8096/8096
f 8117/8117 8096/8096 8107/8107
f 8119/8119 8109/8109 8102/8102
f 8119/8119 8102/8102 8103/8103
f 8108/8108 8113/8113 8114/8114
f 8108/8108 8114/8114 8109/8109
f 8100/8100 8101/8101 8114/8114
f 8100/8100 8114/8114 8113/8113
f 8096/8096 8095/8095 8112/8112
f 8096/8096 8112/8112 8107/8107
f 8094/8094 8111/8111 8112/8112
f 8094/8094 8112/8112 8095/8095
f 8254/8254 8265/8265 8270/8270
f 8254/8254 8270/8270 8253/8253
f 8104/8104 8118/8118 8119/8119
f 8104/8104 8119/8119 8103/8103
f 8260/8260 8267/8267 8277/8277
f 8260/8260 8277/8277 8261/8261
f 8098/8098 8097/8097 8117/8117
f 8098/8098 8117/8117 8116/8116
f 8260/8260 8259/8259 8272/8272
f 8260/8260 8272/8272 8267/8267
f 8121/8121 8086/8086 8087/8087
f 8121/8121 8087/8087 8120/8120
f 8252/8252 8253/8253 8270/8270
f 8252/8252 8270/8270 8269/8269
f 8258/8258 8271/8271 8272/8272
f 8258/8258 8272/8272 8259/8259
f 8129/8129 8126/8126 8127/8127
f 8129/8129 8127/8127 8130/8130
f 8133/8133 8122/8122 8121/8121
f 8133/8133 8121/8121 8127/8127
f 8128/8128 8129/8129 8068/8068
f 8128/8128 8068/8068 8069/8069
f 8126/8126 8129/8129 8128/8128
f 8126/8126 8128/8128 8125/8125
f 8125/8125 8131/8131 8132/8132
f 8125/8125 8132/8132 8126/8126
f 8132/8132 8133/8133 8127/8127
f 8132/8132 8127/8127 8126/8126
f 8121/8121 8120/8120 8130/8130
f 8121/8121 8130/8130 8127/8127
f 8129/8129 8130/8130 8120/8120
f 8129/8129 8120/8120 8068/8068
f 8281/8281 8286/8286 8287/8287
f 8281/8281 8287/8287 8280/8280
f 8123/8123 8122/8122 8133/8133
f 8123/8123 8133/8133 8132/8132
f 8054/8054 8085/8085 8084/8084
f 8054/8054 8084/8084 8089/8089
f 8140/8140 8150/8150 8151/8151
f 8140/8140 8151/8151 8139/8139
f 8148/8148 8136/8136 8142/8142
f 8148/8148 8142/8142 8147/8147
f 8152/8152 8161/8161 8160/8160
f 8152/8152 8160/8160 8153/8153
f 8136/8136 8135/8135 8134/8134
f 8136/8136 8134/8134 8142/8142
f 8152/8152 8138/8138 8139/8139
f 8152/8152 8139/8139 8151/8151
f 8138/8138 8152/8152 8153/8153
f 8138/8138 8153/8153 8137/8137
f 8140/8140 8139/8139 8144/8144
f 8140/8140 8144/8144 8145/8145
f 8142/8142 8134/8134 8149/8149
f 8142/8142 8149/8149 8141/8141
f 8150/8150 8140/8140 8141/8141
f 8150/8150 8141/8141 8149/8149
f 8143/8143 8138/8138 8137/8137
f 8143/8143 8137/8137 8052/8052
f 8146/8146 8141/8141 8140/8140
f 8146/8146 8140/8140 8145/8145
f 8191/8191 8186/8186 8185/8185
f 8191/8191 8185/8185 8190/8190
f 8157/8157 8158/8158 8134/8134
f 8157/8157 8134/8134 8135/8135
f 8155/8155 8154/8154 8160/8160
f 8155/8155 8160/8160 8161/8161
f 8155/8155 8156/8156 8159/8159
f 8155/8155 8159/8159 8158/8158
f 8157/8157 8305/8305 8303/8303
f 8157/8157 8303/8303 8154/8154
f 8151/8151 8150/8150 8156/8156
f 8151/8151 8156/8156 8162/8162
f 8150/8150 8149/8149 8159/8159
f 8150/8150 8159/8159 8156/8156
f 8307/8307 8303/8303 8304/8304
f 8307/8307 8304/8304 8308/8308
f 8162/8162 8156/8156 8155/8155
f 8162/8162 8155/8155 8161/8161
f 8149/8149 8134/8134 8158/8158
f 8149/8149 8158/8158 8159/8159
f 8307/8307 8308/8308 8301/8301
f 8307/8307 8301/8301 8302/8302
f 8152/8152 8151/8151 8162/8162
f 8152/8152 8162/8162 8161/8161
f 8306/8306 8299/8299 8300/8300
f 8306/8306 8300/8300 8304/8304
f 8147/8147 8142/8142 8141/8141
f 8147/8147 8141/8141 8146/8146
f 8059/8059 8167/8167 8166/8166
f 8059/8059 8166/8166 8058/8058
f 8091/8091 8178/8178 8179/8179
f 8091/8091 8179/8179 8092/8092
f 8054/8054 8215/8215 8177/8177
f 8054/8054 8177/8177 8090/8090
f 8173/8173 8174/8174 8066/8066
f 8173/8173 8066/8066 8065/8065
f 8180/8180 8424/8424 8420/8420
f 8180/8180 8420/8420 8190/8190
f 8055/8055 8163/8163 8176/8176
f 8055/8055 8176/8176 8089/8089
f 8060/8060 8168/8168 8167/8167
f 8060/8060 8167/8167 8059/8059
f 8423/8423 8421/8421 8147/8147
f 8423/8423 8147/8147 8146/8146
f 8176/8176 8215/8215 8054/8054
f 8176/8176 8054/8054 8089/8089
f 8175/8175 8170/8170 8062/8062
f 8175/8175 8062/8062 8067/8067
f 8062/8062 8170/8170 8169/8169
f 8062/8062 8169/8169 8061/8061
f 8174/8174 8175/8175 8067/8067
f 8174/8174 8067/8067 8066/8066
f 8412/8412 8416/8416 8195/8195
f 8412/8412 8195/8195 8194/8194
f 8092/8092 8179/8179 8214/8214
f 8092/8092 8214/8214 8053/8053
f 8061/8061 8169/8169 8168/8168
f 8061/8061 8168/8168 8060/8060
f 8164/8164 8171/8171 8063/8063
f 8164/8164 8063/8063 8056/8056
f 8057/8057 8165/8165 8164/8164
f 8057/8057 8164/8164 8056/8056
f 8192/8192 8418/8418 8414/8414
f 8192/8192 8414/8414 8193/8193
f 8171/8171 8172/8172 8064/8064
f 8171/8171 8064/8064 8063/8063
f 8177/8177 8178/8178 8091/8091
f 8177/8177 8091/8091 8090/8090
f 8295/8295 8294/8294 8289/8289
f 8295/8295 8289/8289 8290/8290
f 8058/8058 8166/8166 8165/8165
f 8058/8058 8165/8165 8057/8057
f 8191/8191 8422/8422 8418/8418
f 8191/8191 8418/8418 8192/8192
f 8360/8360 8355/8355 8354/8354
f 8360/8360 8354/8354 8359/8359
f 8221/8221 8222/8222 8235/8235
f 8221/8221 8235/8235 8234/8234
f 8187/8187 8197/8197 8198/8198
f 8187/8187 8198/8198 8186/8186
f 8195/8195 8183/8183 8189/8189
f 8195/8195 8189/8189 8194/8194
f 8199/8199 8212/8212 8210/8210
f 8199/8199 8210/8210 8200/8200
f 8183/8183 8182/8182 8181/8181
f 8183/8183 8181/8181 8189/8189
f 8199/8199 8185/8185 8186/8186
f 8199/8199 8186/8186 8198/8198
f 8185/8185 8199/8199 8200/8200
f 8185/8185 8200/8200 8184/8184
f 8187/8187 8186/8186 8191/8191
f 8187/8187 8191/8191 8192/8192
f 8189/8189 8181/8181 8196/8196
f 8189/8189 8196/8196 8188/8188
f 8197/8197 8187/8187 8188/8188
f 8197/8197 8188/8188 8196/8196
f 8190/8190 8185/8185 8184/8184
f 8190/8190 8184/8184 8180/8180
f 8193/8193 8188/8188 8187/8187
f 8193/8193 8187/8187 8192/8192
f 8414/8414 8412/8412 8194/8194
f 8414/8414 8194/8194 8193/8193
f 8205/8205 8201/8201 8202/8202
f 8205/8205 8202/8202 8207/8207
f 8207/8207 8202/8202 8203/8203
f 8207/8207 8203/8203 8208/8208
f 8204/8204 8206/8206 8181/8181
f 8204/8204 8181/8181 8182/8182
f 8205/8205 8207/8207 8206/8206
f 8205/8205 8206/8206 8204/8204
f 8201/8201 8209/8209 8211/8211
f 8201/8201 8211/8211 8202/8202
f 8202/8202 8211/8211 8213/8213
f 8202/8202 8213/8213 8203/8203
f 8209/8209 8210/8210 8212/8212
f 8209/8209 8212/8212 8211/8211
f 8213/8213 8198/8198 8197/8197
f 8213/8213 8197/8197 8203/8203
f 8197/8197 8196/8196 8208/8208
f 8197/8197 8208/8208 8203/8203
f 8196/8196 8181/8181 8206/8206
f 8196/8196 8206/8206 8208/8208
f 8206/8206 8207/8207 8208/8208
f 8194/8194 8189/8189 8188/8188
f 8194/8194 8188/8188 8193/8193
f 8199/8199 8198/8198 8213/8213
f 8199/8199 8213/8213 8212/8212
f 8212/8212 8213/8213 8211/8211
f 8339/8339 8346/8346 8347/8347
f 8339/8339 8347/8347 8338/8338
f 8244/8244 8243/8243 8280/8280
f 8244/8244 8280/8280 8279/8279
f 8224/8224 8217/8217 8230/8230
f 8224/8224 8230/8230 8237/8237
f 8217/8217 8218/8218 8231/8231
f 8217/8217 8231/8231 8230/8230
f 8246/8246 8245/8245 8278/8278
f 8246/8246 8278/8278 8229/8229
f 8225/8225 8224/8224 8237/8237
f 8225/8225 8237/8237 8238/8238
f 8286/8286 8281/8281 8124/8124
f 8286/8286 8124/8124 8131/8131
f 8218/8218 8219/8219 8232/8232
f 8218/8218 8232/8232 8231/8231
f 8226/8226 8225/8225 8238/8238
f 8226/8226 8238/8238 8239/8239
f 8219/8219 8220/8220 8233/8233
f 8219/8219 8233/8233 8232/8232
f 8227/8227 8226/8226 8239/8239
f 8227/8227 8239/8239 8240/8240
f 8220/8220 8221/8221 8234/8234
f 8220/8220 8234/8234 8233/8233
f 8070/8070 8246/8246 8229/8229
f 8070/8070 8229/8229 8069/8069
f 8242/8242 8281/8281 8280/8280
f 8242/8242 8280/8280 8243/8243
f 8223/8223 8228/8228 8241/8241
f 8223/8223 8241/8241 8236/8236
f 8222/8222 8223/8223 8236/8236
f 8222/8222 8236/8236 8235/8235
f 8242/8242 8083/8083 8124/8124
f 8242/8242 8124/8124 8281/8281
f 8228/8228 8227/8227 8240/8240
f 8228/8228 8240/8240 8241/8241
f 8250/8250 8249/8249 8245/8245
f 8250/8250 8245/8245 8246/8246
f 8216/8216 8243/8243 8244/8244
f 8216/8216 8244/8244 8248/8248
f 8238/8238 8259/8259 8260/8260
f 8238/8238 8260/8260 8239/8239
f 8053/8053 8250/8250 8246/8246
f 8053/8053 8246/8246 8070/8070
f 8232/8232 8233/8233 8254/8254
f 8232/8232 8254/8254 8253/8253
f 8240/8240 8239/8239 8260/8260
f 8240/8240 8260/8260 8261/8261
f 8231/8231 8232/8232 8253/8253
f 8231/8231 8253/8253 8252/8252
f 8233/8233 8234/8234 8255/8255
f 8233/8233 8255/8255 8254/8254
f 8236/8236 8241/8241 8262/8262
f 8236/8236 8262/8262 8257/8257
f 8249/8249 8248/8248 8244/8244
f 8249/8249 8244/8244 8245/8245
f 8235/8235 8236/8236 8257/8257
f 8235/8235 8257/8257 8256/8256
f 8241/8241 8240/8240 8261/8261
f 8241/8241 8261/8261 8262/8262
f 8247/8247 8055/8055 8083/8083
f 8247/8247 8083/8083 8242/8242
f 8234/8234 8235/8235 8256/8256
f 8234/8234 8256/8256 8255/8255
f 8237/8237 8230/8230 8251/8251
f 8237/8237 8251/8251 8258/8258
f 8230/8230 8231/8231 8252/8252
f 8230/8230 8252/8252 8251/8251
f 8225/8225 8226/8226 8318/8318
f 8225/8225 8318/8318 8317/8317
f 8238/8238 8237/8237 8258/8258
f 8238/8238 8258/8258 8259/8259
f 8274/8274 8256/8256 8257/8257
f 8274/8274 8257/8257 8273/8273
f 8276/8276 8273/8273 8257/8257
f 8276/8276 8257/8257 8262/8262
f 8251/8251 8252/8252 8269/8269
f 8251/8251 8269/8269 8268/8268
f 8276/8276 8277/8277 8267/8267
f 8276/8276 8267/8267 8266/8266
f 8106/8106 8107/8107 8112/8112
f 8106/8106 8112/8112 8111/8111
f 8264/8264 8269/8269 8270/8270
f 8264/8264 8270/8270 8265/8265
f 8258/8258 8251/8251 8268/8268
f 8258/8258 8268/8268 8271/8271
f 8271/8271 8268/8268 8263/8263
f 8271/8271 8263/8263 8266/8266
f 8275/8275 8265/8265 8254/8254
f 8275/8275 8254/8254 8255/8255
f 8274/8274 8264/8264 8265/8265
f 8274/8274 8265/8265 8275/8275
f 8266/8266 8263/8263 8273/8273
f 8266/8266 8273/8273 8276/8276
f 8261/8261 8277/8277 8276/8276
f 8261/8261 8276/8276 8262/8262
f 8244/8244 8279/8279 8278/8278
f 8244/8244 8278/8278 8245/8245
f 8256/8256 8274/8274 8275/8275
f 8256/8256 8275/8275 8255/8255
f 8284/8284 8285/8285 8283/8283
f 8284/8284 8283/8283 8282/8282
f 8280/8280 8287/8287 8283/8283
f 8280/8280 8283/8283 8279/8279
f 8229/8229 8284/8284 8128/8128
f 8229/8229 8128/8128 8069/8069
f 8128/8128 8284/8284 8282/8282
f 8128/8128 8282/8282 8125/8125
f 8282/8282 8286/8286 8131/8131
f 8282/8282 8131/8131 8125/8125
f 8286/8286 8282/8282 8283/8283
f 8286/8286 8283/8283 8287/8287
f 8285/8285 8278/8278 8279/8279
f 8285/8285 8279/8279 8283/8283
f 8229/8229 8278/8278 8285/8285
f 8229/8229 8285/8285 8284/8284
f 8216/8216 8247/8247 8242/8242
f 8216/8216 8242/8242 8243/8243
f 8291/8291 8290/8290 8301/8301
f 8291/8291 8301/8301 8300/8300
f 8148/8148 8298/8298 8293/8293
f 8148/8148 8293/8293 8136/8136
f 8307/8307 8302/8302 8153/8153
f 8307/8307 8153/8153 8160/8160
f 8136/8136 8293/8293 8288/8288
f 8136/8136 8288/8288 8135/8135
f 8289/8289 8302/8302 8301/8301
f 8289/8289 8301/8301 8290/8290
f 8289/8289 8137/8137 8153/8153
f 8289/8289 8153/8153 8302/8302
f 8295/8295 8290/8290 8291/8291
f 8295/8295 8291/8291 8296/8296
f 8293/8293 8292/8292 8299/8299
f 8293/8293 8299/8299 8288/8288
f 8291/8291 8300/8300 8299/8299
f 8291/8291 8299/8299 8292/8292
f 8294/8294 8052/8052 8137/8137
f 8294/8294 8137/8137 8289/8289
f 8297/8297 8296/8296 8291/8291
f 8297/8297 8291/8291 8292/8292
f 8332/8332 8331/8331 8326/8326
f 8332/8332 8326/8326 8327/8327
f 8288/8288 8305/8305 8157/8157
f 8288/8288 8157/8157 8135/8135
f 8303/8303 8305/8305 8306/8306
f 8303/8303 8306/8306 8304/8304
f 8308/8308 8304/8304 8300/8300
f 8308/8308 8300/8300 8301/8301
f 8288/8288 8299/8299 8306/8306
f 8288/8288 8306/8306 8305/8305
f 8298/8298 8297/8297 8292/8292
f 8298/8298 8292/8292 8293/8293
f 8220/8220 8219/8219 8311/8311
f 8220/8220 8311/8311 8312/8312
f 8249/8249 8250/8250 8324/8324
f 8249/8249 8324/8324 8323/8323
f 8216/8216 8248/8248 8322/8322
f 8216/8216 8322/8322 8348/8348
f 8226/8226 8227/8227 8319/8319
f 8226/8226 8319/8319 8318/8318
f 8180/8180 8331/8331 8432/8432
f 8180/8180 8432/8432 8424/8424
f 8055/8055 8247/8247 8321/8321
f 8055/8055 8321/8321 8163/8163
f 8221/8221 8220/8220 8312/8312
f 8221/8221 8312/8312 8313/8313
f 8298/8298 8433/8433 8435/8435
f 8298/8298 8435/8435 8297/8297
f 8216/8216 8348/8348 8321/8321
f 8216/8216 8321/8321 8247/8247
f 8228/8228 8223/8223 8315/8315
f 8228/8228 8315/8315 8320/8320
f 8223/8223 8222/8222 8314/8314
f 8223/8223 8314/8314 8315/8315
f 8227/8227 8228/8228 8320/8320
f 8227/8227 8320/8320 8319/8319
f 8335/8335 8195/8195 8416/8416
f 8335/8335 8416/8416 8426/8426
f 8250/8250 8053/8053 8214/8214
f 8250/8250 8214/8214 8324/8324
f 8222/8222 8221/8221 8313/8313
f 8222/8222 8313/8313 8314/8314
f 8217/8217 8224/8224 8316/8316
f 8217/8217 8316/8316 8309/8309
f 8218/8218 8217/8217 8309/8309
f 8218/8218 8309/8309 8310/8310
f 8333/8333 8334/8334 8428/8428
f 8333/8333 8428/8428 8430/8430
f 8224/8224 8225/8225 8317/8317
f 8224/8224 8317/8317 8316/8316
f 8248/8248 8249/8249 8323/8323
f 8248/8248 8323/8323 8322/8322
f 8219/8219 8218/8218 8310/8310
f 8219/8219 8310/8310 8311/8311
f 8332/8332 8333/8333 8430/8430
f 8332/8332 8430/8430 8434/8434
f 8106/8106 8111/8111 8110/8110
f 8106/8106 8110/8110 8105/8105
f 8328/8328 8327/8327 8338/8338
f 8328/8328 8338/8338 8337/8337
f 8195/8195 8335/8335 8330/8330
f 8195/8195 8330/8330 8183/8183
f 8346/8346 8339/8339 8200/8200
f 8346/8346 8200/8200 8210/8210
f 8183/8183 8330/8330 8325/8325
f 8183/8183 8325/8325 8182/8182
f 8326/8326 8339/8339 8338/8338
f 8326/8326 8338/8338 8327/8327
f 8326/8326 8184/8184 8200/8200
f 8326/8326 8200/8200 8339/8339
f 8332/8332 8327/8327 8328/8328
f 8332/8332 8328/8328 8333/8333
f 8330/8330 8329/8329 8336/8336
f 8330/8330 8336/8336 8325/8325
f 8328/8328 8337/8337 8336/8336
f 8328/8328 8336/8336 8329/8329
f 8331/8331 8180/8180 8184/8184
f 8331/8331 8184/8184 8326/8326
f 8334/8334 8333/8333 8328/8328
f 8334/8334 8328/8328 8329/8329
f 8335/8335 8426/8426 8428/8428
f 8335/8335 8428/8428 8334/8334
f 8205/8205 8343/8343 8340/8340
f 8205/8205 8340/8340 8201/8201
f 8343/8343 8344/8344 8341/8341
f 8343/8343 8341/8341 8340/8340
f 8325/8325 8342/8342 8204/8204
f 8325/8325 8204/8204 8182/8182
f 8204/8204 8342/8342 8343/8343
f 8204/8204 8343/8343 8205/8205
f 8201/8201 8340/8340 8345/8345
f 8201/8201 8345/8345 8209/8209
f 8340/8340 8341/8341 8347/8347
f 8340/8340 8347/8347 8345/8345
f 8209/8209 8345/8345 8346/8346
f 8209/8209 8346/8346 8210/8210
f 8338/8338 8347/8347 8341/8341
f 8338/8338 8341/8341 8337/8337
f 8344/8344 8336/8336 8337/8337
f 8344/8344 8337/8337 8341/8341
f 8325/8325 8336/8336 8344/8344
f 8325/8325 8344/8344 8342/8342
f 8342/8342 8344/8344 8343/8343
f 8335/8335 8334/8334 8329/8329
f 8335/8335 8329/8329 8330/8330
f 8346/8346 8345/8345 8347/8347
f 8356/8356 8366/8366 8367/8367
f 8356/8356 8367/8367 8355/8355
f 8364/8364 8352/8352 8358/8358
f 8364/8364 8358/8358 8363/8363
f 8368/8368 8377/8377 8376/8376
f 8368/8368 8376/8376 8369/8369
f 8352/8352 8351/8351 8350/8350
f 8352/8352 8350/8350 8358/8358
f 8368/8368 8354/8354 8355/8355
f 8368/8368 8355/8355 8367/8367
f 8354/8354 8368/8368 8369/8369
f 8354/8354 8369/8369 8353/8353
f 8356/8356 8355/8355 8360/8360
f 8356/8356 8360/8360 8361/8361
f 8358/8358 8350/8350 8365/8365
f 8358/8358 8365/8365 8357/8357
f 8366/8366 8356/8356 8357/8357
f 8366/8366 8357/8357 8365/8365
f 8359/8359 8354/8354 8353/8353
f 8359/8359 8353/8353 8349/8349
f 8362/8362 8357/8357 8356/8356
f 8362/8362 8356/8356 8361/8361
f 8379/8379 8380/8380 8359/8359
f 8379/8379 8359/8359 8349/8349
f 8374/8374 8371/8371 8372/8372
f 8374/8374 8372/8372 8375/8375
f 8367/8367 8366/8366 8372/8372
f 8367/8367 8372/8372 8378/8378
f 8373/8373 8374/8374 8350/8350
f 8373/8373 8350/8350 8351/8351
f 8371/8371 8374/8374 8373/8373
f 8371/8371 8373/8373 8370/8370
f 8370/8370 8376/8376 8377/8377
f 8370/8370 8377/8377 8371/8371
f 8377/8377 8378/8378 8372/8372
f 8377/8377 8372/8372 8371/8371
f 8366/8366 8365/8365 8375/8375
f 8366/8366 8375/8375 8372/8372
f 8365/8365 8350/8350 8374/8374
f 8365/8365 8374/8374 8375/8375
f 8378/8378 8377/8377 8368/8368
f 8378/8378 8368/8368 8367/8367
f 8397/8397 8398/8398 8402/8402
f 8397/8397 8402/8402 8404/8404
f 8363/8363 8358/8358 8357/8357
f 8363/8363 8357/8357 8362/8362
f 8384/8384 8364/8364 8363/8363
f 8384/8384 8363/8363 8383/8383
f 8381/8381 8382/8382 8361/8361
f 8381/8381 8361/8361 8360/8360
f 8382/8382 8385/8385 8362/8362
f 8382/8382 8362/8362 8361/8361
f 8362/8362 8385/8385 8383/8383
f 8362/8362 8383/8383 8363/8363
f 8380/8380 8381/8381 8360/8360
f 8380/8380 8360/8360 8359/8359
f 8393/8393 8392/8392 8387/8387
f 8393/8393 8387/8387 8388/8388
f 8389/8389 8388/8388 8399/8399
f 8389/8389 8399/8399 8398/8398
f 8364/8364 8396/8396 8391/8391
f 8364/8364 8391/8391 8352/8352
f 8405/8405 8400/8400 8369/8369
f 8405/8405 8369/8369 8376/8376
f 8352/8352 8391/8391 8386/8386
f 8352/8352 8386/8386 8351/8351
f 8387/8387 8400/8400 8399/8399
f 8387/8387 8399/8399 8388/8388
f 8387/8387 8353/8353 8369/8369
f 8387/8387 8369/8369 8400/8400
f 8393/8393 8388/8388 8389/8389
f 8393/8393 8389/8389 8394/8394
f 8391/8391 8390/8390 8397/8397
f 8391/8391 8397/8397 8386/8386
f 8389/8389 8398/8398 8397/8397
f 8389/8389 8397/8397 8390/8390
f 8392/8392 8349/8349 8353/8353
f 8392/8392 8353/8353 8387/8387
f 8395/8395 8394/8394 8389/8389
f 8395/8395 8389/8389 8390/8390
f 8349/8349 8392/8392 8407/8407
f 8349/8349 8407/8407 8379/8379
f 8403/8403 8404/8404 8402/8402
f 8403/8403 8402/8402 8401/8401
f 8406/8406 8402/8402 8398/8398
f 8406/8406 8398/8398 8399/8399
f 8386/8386 8403/8403 8373/8373
f 8386/8386 8373/8373 8351/8351
f 8373/8373 8403/8403 8401/8401
f 8373/8373 8401/8401 8370/8370
f 8401/8401 8405/8405 8376/8376
f 8401/8401 8376/8376 8370/8370
f 8405/8405 8401/8401 8402/8402
f 8405/8405 8402/8402 8406/8406
f 8404/8404 8403/8403 8386/8386
f 8404/8404 8386/8386 8397/8397
f 8406/8406 8399/8399 8400/8400
f 8406/8406 8400/8400 8405/8405
f 8396/8396 8395/8395 8390/8390
f 8396/8396 8390/8390 8391/8391
f 8396/8396 8364/8364 8384/8384
f 8396/8396 8384/8384 8410/8410
f 8393/8393 8394/8394 8409/8409
f 8393/8393 8409/8409 8408/8408
f 8394/8394 8395/8395 8411/8411
f 8394/8394 8411/8411 8409/8409
f 8395/8395 8396/8396 8410/8410
f 8395/8395 8410/8410 8411/8411
f 8392/8392 8393/8393 8408/8408
f 8392/8392 8408/8408 8407/8407
f 8052/8052 8417/8417 8413/8413
f 8052/8052 8413/8413 8143/8143
f 8295/8295 8296/8296 8431/8431
f 8295/8295 8431/8431 8429/8429
f 8294/8294 8295/8295 8429/8429
f 8294/8294 8429/8429 8427/8427
f 8331/8331 8332/8332 8434/8434
f 8331/8331 8434/8434 8432/8432
f 8296/8296 8297/8297 8435/8435
f 8296/8296 8435/8435 8431/8431
f 8298/8298 8148/8148 8425/8425
f 8298/8298 8425/8425 8433/8433
f 8052/8052 8294/8294 8427/8427
f 8052/8052 8427/8427 8417/8417
f 8144/8144 8415/8415 8419/8419
f 8144/8144 8419/8419 8145/8145
f 8143/8143 8413/8413 8415/8415
f 8143/8143 8415/8415 8144/8144
f 8190/8190 8420/8420 8422/8422
f 8190/8190 8422/8422 8191/8191
f 8145/8145 8419/8419 8423/8423
f 8145/8145 8423/8423 8146/8146
f 8147/8147 8421/8421 8425/8425
f 8147/8147 8425/8425 8148/8148
f 8155/8155 8158/8158 8157/8157
f 8155/8155 8157/8157 8154/8154
f 8303/8303 8307/8307 8160/8160
f 8303/8303 8160/8160 8154/8154
f 8116/8116 8117/8117 8107/8107
f 8116/8116 8107/8107 8106/8106
f 8106/8106 8105/8105 8115/8115
f 8106/8106 8115/8115 8116/8116
f 8268/8268 8269/8269 8264/8264
f 8268/8268 8264/8264 8263/8263
f 8264/8264 8274/8274 8273/8273
f 8264/8264 8273/8273 8263/8263
f 7837/7837 7850/7850 7851/7851
f 7837/7837 7851/7851 7838/7838
f 7676/7676 7677/7677 7692/7692
f 7676/7676 7692/7692 7691/7691
f 8060/8060 8075/8075 8076/8076
f 8060/8060 8076/8076 8061/8061
f 7760/7760 7759/7759 7754/7754
f 7760/7760 7754/7754 7755/7755
f 8488/8488 8564/8564 8544/8544
f 8488/8488 8544/8544 8455/8455
f 8492/8492 8582/8582 8517/8517
f 8492/8492 8517/8517 8452/8452
f 8496/8496 8573/8573 8532/8532
f 8496/8496 8532/8532 8460/8460
f 8500/8500 8577/8577 8526/8526
f 8500/8500 8526/8526 8449/8449
f 8490/8490 8566/8566 8541/8541
f 8490/8490 8541/8541 8456/8456
f 8494/8494 8584/8584 8514/8514
f 8494/8494 8514/8514 8453/8453
f 8499/8499 8575/8575 8529/8529
f 8499/8499 8529/8529 8461/8461
f 8503/8503 8579/8579 8523/8523
f 8503/8503 8523/8523 8450/8450
f 8504/8504 8568/8568 8538/8538
f 8504/8504 8538/8538 8457/8457
f 8506/8506 8562/8562 8547/8547
f 8506/8506 8547/8547 8454/8454
f 8508/8508 8580/8580 8520/8520
f 8508/8508 8520/8520 8451/8451
f 8510/8510 8570/8570 8535/8535
f 8510/8510 8535/8535 8458/8458
f 8538/8538 8459/8459 8472/8472
f 8538/8538 8472/8472 8539/8539
f 8547/8547 8455/8455 8468/8468
f 8547/8547 8468/8468 8548/8548
f 8520/8520 8452/8452 8465/8465
f 8520/8520 8465/8465 8521/8521
f 8535/8535 8460/8460 8473/8473
f 8535/8535 8473/8473 8536/8536
f 8544/8544 8456/8456 8469/8469
f 8544/8544 8469/8469 8545/8545
f 8517/8517 8453/8453 8466/8466
f 8517/8517 8466/8466 8518/8518
f 8532/8532 8461/8461 8474/8474
f 8532/8532 8474/8474 8533/8533
f 8526/8526 8450/8450 8463/8463
f 8526/8526 8463/8463 8527/8527
f 8541/8541 8457/8457 8470/8470
f 8541/8541 8470/8470 8542/8542
f 8514/8514 8454/8454 8467/8467
f 8514/8514 8467/8467 8515/8515
f 8529/8529 8449/8449 8462/8462
f 8529/8529 8462/8462 8530/8530
f 8523/8523 8451/8451 8464/8464
f 8523/8523 8464/8464 8524/8524
f 8524/8524 8464/8464 8477/8477
f 8524/8524 8477/8477 8525/8525
f 8539/8539 8472/8472 8485/8485
f 8539/8539 8485/8485 8540/8540
f 8548/8548 8468/8468 8481/8481
f 8548/8548 8481/8481 8549/8549
f 8521/8521 8465/8465 8478/8478
f 8521/8521 8478/8478 8522/8522
f 8536/8536 8473/8473 8486/8486
f 8536/8536 8486/8486 8537/8537
f 8545/8545 8469/8469 8482/8482
f 8545/8545 8482/8482 8546/8546
f 8518/8518 8466/8466 8479/8479
f 8518/8518 8479/8479 8519/8519
f 8533/8533 8474/8474 8487/8487
f 8533/8533 8487/8487 8534/8534
f 8527/8527 8463/8463 8476/8476
f 8527/8527 8476/8476 8528/8528
f 8542/8542 8470/8470 8483/8483
f 8542/8542 8483/8483 8543/8543
f 8515/8515 8467/8467 8480/8480
f 8515/8515 8480/8480 8516/8516
f 8530/8530 8462/8462 8475/8475
f 8530/8530 8475/8475 8531/8531
f 8445/8445 8557/8557 8571/8571
f 8445/8445 8571/8571 8511/8511
f 8438/8438 8552/8552 8581/8581
f 8438/8438 8581/8581 8509/8509
f 8441/8441 8561/8561 8563/8563
f 8441/8441 8563/8563 8507/8507
f 8444/8444 8558/8558 8569/8569
f 8444/8444 8569/8569 8505/8505
f 8437/8437 8553/8553 8578/8578
f 8437/8437 8578/8578 8502/8502
f 8448/8448 8555/8555 8574/8574
f 8448/8448 8574/8574 8498/8498
f 8440/8440 8550/8550 8585/8585
f 8440/8440 8585/8585 8495/8495
f 8443/8443 8559/8559 8567/8567
f 8443/8443 8567/8567 8491/8491
f 8436/8436 8554/8554 8576/8576
f 8436/8436 8576/8576 8501/8501
f 8447/8447 8556/8556 8572/8572
f 8447/8447 8572/8572 8497/8497
f 8439/8439 8551/8551 8583/8583
f 8439/8439 8583/8583 8493/8493
f 8442/8442 8560/8560 8565/8565
f 8442/8442 8565/8565 8489/8489
f 8466/8466 8515/8515 8516/8516
f 8466/8466 8516/8516 8479/8479
f 8453/8453 8514/8514 8515/8515
f 8453/8453 8515/8515 8466/8466
f 8465/8465 8518/8518 8519/8519
f 8465/8465 8519/8519 8478/8478
f 8452/8452 8517/8517 8518/8518
f 8452/8452 8518/8518 8465/8465
f 8464/8464 8521/8521 8522/8522
f 8464/8464 8522/8522 8477/8477
f 8451/8451 8520/8520 8521/8521
f 8451/8451 8521/8521 8464/8464
f 8463/8463 8524/8524 8525/8525
f 8463/8463 8525/8525 8476/8476
f 8450/8450 8523/8523 8524/8524
f 8450/8450 8524/8524 8463/8463
f 8462/8462 8527/8527 8528/8528
f 8462/8462 8528/8528 8475/8475
f 8449/8449 8526/8526 8527/8527
f 8449/8449 8527/8527 8462/8462
f 8474/8474 8530/8530 8531/8531
f 8474/8474 8531/8531 8487/8487
f 8461/8461 8529/8529 8530/8530
f 8461/8461 8530/8530 8474/8474
f 8473/8473 8533/8533 8534/8534
f 8473/8473 8534/8534 8486/8486
f 8460/8460 8532/8532 8533/8533
f 8460/8460 8533/8533 8473/8473
f 8471/8471 8536/8536 8537/8537
f 8471/8471 8537/8537 8484/8484
f 8458/8458 8535/8535 8536/8536
f 8458/8458 8536/8536 8471/8471
f 8470/8470 8539/8539 8540/8540
f 8470/8470 8540/8540 8483/8483
f 8457/8457 8538/8538 8539/8539
f 8457/8457 8539/8539 8470/8470
f 8469/8469 8542/8542 8543/8543
f 8469/8469 8543/8543 8482/8482
f 8456/8456 8541/8541 8542/8542
f 8456/8456 8542/8542 8469/8469
f 8468/8468 8545/8545 8546/8546
f 8468/8468 8546/8546 8481/8481
f 8455/8455 8544/8544 8545/8545
f 8455/8455 8545/8545 8468/8468
f 8467/8467 8548/8548 8549/8549
f 8467/8467 8549/8549 8480/8480
f 8454/8454 8547/8547 8548/8548
f 8454/8454 8548/8548 8467/8467
f 8514/8514 8584/8584 8506/8506
f 8514/8514 8506/8506 8454/8454
f 8585/8585 8550/8550 8441/8441
f 8585/8585 8441/8441 8507/8507
f 8583/8583 8551/8551 8440/8440
f 8583/8583 8440/8440 8495/8495
f 8517/8517 8582/8582 8494/8494
f 8517/8517 8494/8494 8453/8453
f 8581/8581 8552/8552 8439/8439
f 8581/8581 8439/8439 8493/8493
f 8520/8520 8580/8580 8492/8492
f 8520/8520 8492/8492 8452/8452
f 8523/8523 8579/8579 8508/8508
f 8523/8523 8508/8508 8451/8451
f 8578/8578 8553/8553 8438/8438
f 8578/8578 8438/8438 8509/8509
f 8576/8576 8554/8554 8437/8437
f 8576/8576 8437/8437 8502/8502
f 8526/8526 8577/8577 8503/8503
f 8526/8526 8503/8503 8450/8450
f 8547/8547 8562/8562 8488/8488
f 8547/8547 8488/8488 8455/8455
f 8563/8563 8561/8561 8442/8442
f 8563/8563 8442/8442 8489/8489
f 8544/8544 8564/8564 8490/8490
f 8544/8544 8490/8490 8456/8456
f 8565/8565 8560/8560 8443/8443
f 8565/8565 8443/8443 8491/8491
f 8567/8567 8559/8559 8444/8444
f 8567/8567 8444/8444 8505/8505
f 8541/8541 8566/8566 8504/8504
f 8541/8541 8504/8504 8457/8457
f 8569/8569 8558/8558 8446/8446
f 8569/8569 8446/8446 8513/8513
f 8538/8538 8568/8568 8512/8512
f 8538/8538 8512/8512 8459/8459
f 8574/8574 8555/8555 8436/8436
f 8574/8574 8436/8436 8501/8501
f 8529/8529 8575/8575 8500/8500
f 8529/8529 8500/8500 8449/8449
f 8532/8532 8573/8573 8499/8499
f 8532/8532 8499/8499 8461/8461
f 8572/8572 8556/8556 8448/8448
f 8572/8572 8448/8448 8498/8498
f 8571/8571 8557/8557 8447/8447
f 8571/8571 8447/8447 8497/8497
f 8535/8535 8570/8570 8496/8496
f 8535/8535 8496/8496 8460/8460
f 8596/8596 8587/8587 8601/8601
f 8596/8596 8601/8601 8625/8625
f 8593/8593 8594/8594 8619/8619
f 8593/8593 8619/8619 8617/8617
f 8590/8590 8597/8597 8628/8628
f 8590/8590 8628/8628 8609/8609
f 8597/8597 8586/8586 8598/8598
f 8597/8597 8598/8598 8628/8628
f 8587/8587 8588/8588 8603/8603
f 8587/8587 8603/8603 8601/8601
f 8595/8595 8591/8591 8612/8612
f 8595/8595 8612/8612 8623/8623
f 8588/8588 8589/8589 8606/8606
f 8588/8588 8606/8606 8603/8603
f 8594/8594 8595/8595 8623/8623
f 8594/8594 8623/8623 8619/8619
f 8589/8589 8590/8590 8609/8609
f 8589/8589 8609/8609 8606/8606
f 8586/8586 8593/8593 8617/8617
f 8586/8586 8617/8617 8598/8598
f 8592/8592 8596/8596 8625/8625
f 8592/8592 8625/8625 8615/8615
f 8591/8591 8592/8592 8615/8615
f 8591/8591 8615/8615 8612/8612
f 8624/8624 8614/8614 8640/8640
f 8624/8624 8640/8640 8646/8646
f 8622/8622 8645/8645 8684/8684
f 8622/8622 8684/8684 8679/8679
f 8607/8607 8611/8611 8638/8638
f 8607/8607 8638/8638 8635/8635
f 8600/8600 8618/8618 8642/8642
f 8600/8600 8642/8642 8631/8631
f 8616/8616 8626/8626 8647/8647
f 8616/8616 8647/8647 8641/8641
f 8613/8613 8616/8616 8641/8641
f 8613/8613 8641/8641 8639/8639
f 8627/8627 8602/8602 8632/8632
f 8627/8627 8632/8632 8648/8648
f 8618/8618 8621/8621 8644/8644
f 8618/8618 8644/8644 8642/8642
f 8610/8610 8629/8629 8649/8649
f 8610/8610 8649/8649 8637/8637
f 8629/8629 8599/8599 8630/8630
f 8629/8629 8630/8630 8649/8649
f 8602/8602 8605/8605 8634/8634
f 8602/8602 8634/8634 8632/8632
f 8633/8633 8604/8604 8651/8651
f 8633/8633 8651/8651 8654/8654
f 8653/8653 8655/8655 8665/8665
f 8653/8653 8665/8665 8661/8661
f 8603/8603 8606/8606 8652/8652
f 8603/8603 8652/8652 8650/8650
f 8608/8608 8636/8636 8655/8655
f 8608/8608 8655/8655 8653/8653
f 8662/8662 8657/8657 8667/8667
f 8662/8662 8667/8667 8672/8672
f 8650/8650 8652/8652 8659/8659
f 8650/8650 8659/8659 8656/8656
f 8654/8654 8651/8651 8658/8658
f 8654/8654 8658/8658 8663/8663
f 8671/8671 8675/8675 8673/8673
f 8671/8671 8673/8673 8668/8668
f 8660/8660 8664/8664 8674/8674
f 8660/8660 8674/8674 8670/8670
f 8656/8656 8659/8659 8669/8669
f 8656/8656 8669/8669 8666/8666
f 8678/8678 8681/8681 8685/8685
f 8678/8678 8685/8685 8683/8683
f 8619/8619 8623/8623 8680/8680
f 8619/8619 8680/8680 8676/8676
f 8643/8643 8620/8620 8677/8677
f 8643/8643 8677/8677 8682/8682
f 8758/8758 8686/8686 8687/8687
f 8758/8758 8687/8687 8781/8781
f 8802/8802 8691/8691 8692/8692
f 8802/8802 8692/8692 8780/8780
f 8812/8812 8688/8688 8689/8689
f 8812/8812 8689/8689 8708/8708
f 8708/8708 8689/8689 8690/8690
f 8708/8708 8690/8690 8728/8728
f 8781/8781 8687/8687 8688/8688
f 8781/8781 8688/8688 8812/8812
f 8729/8729 8695/8695 8696/8696
f 8729/8729 8696/8696 8709/8709
f 8759/8759 8693/8693 8694/8694
f 8759/8759 8694/8694 8748/8748
f 8748/8748 8694/8694 8695/8695
f 8748/8748 8695/8695 8729/8729
f 8728/8728 8690/8690 8691/8691
f 8728/8728 8691/8691 8802/8802
f 8780/8780 8692/8692 8693/8693
f 8780/8780 8693/8693 8759/8759
f 8709/8709 8710/8710 8730/8730
f 8709/8709 8730/8730 8729/8729
f 8709/8709 8696/8696 8697/8697
f 8709/8709 8697/8697 8698/8698
f 8728/8728 8732/8732 8712/8712
f 8728/8728 8712/8712 8708/8708
f 8729/8729 8730/8730 8749/8749
f 8729/8729 8749/8749 8748/8748
f 8698/8698 8699/8699 8710/8710
f 8698/8698 8710/8710 8709/8709
f 8781/8781 8784/8784 8762/8762
f 8781/8781 8762/8762 8758/8758
f 8759/8759 8760/8760 8782/8782
f 8759/8759 8782/8782 8780/8780
f 8758/8758 8762/8762 8699/8699
f 8758/8758 8699/8699 8698/8698
f 8708/8708 8712/8712 8813/8813
f 8708/8708 8813/8813 8812/8812
f 8802/8802 8803/8803 8732/8732
f 8802/8802 8732/8732 8728/8728
f 8761/8761 8765/8765 8787/8787
f 8761/8761 8787/8787 8783/8783
f 8783/8783 8787/8787 8806/8806
f 8783/8783 8806/8806 8804/8804
f 8733/8733 8737/8737 8717/8717
f 8733/8733 8717/8717 8713/8713
f 8748/8748 8749/8749 8760/8760
f 8748/8748 8760/8760 8759/8759
f 8700/8700 8702/8702 8715/8715
f 8700/8700 8715/8715 8711/8711
f 8812/8812 8813/8813 8784/8784
f 8812/8812 8784/8784 8781/8781
f 8731/8731 8735/8735 8752/8752
f 8731/8731 8752/8752 8750/8750
f 8780/8780 8782/8782 8803/8803
f 8780/8780 8803/8803 8802/8802
f 8750/8750 8752/8752 8765/8765
f 8750/8750 8765/8765 8761/8761
f 8785/8785 8789/8789 8767/8767
f 8785/8785 8767/8767 8763/8763
f 8713/8713 8717/8717 8816/8816
f 8713/8713 8816/8816 8814/8814
f 8814/8814 8816/8816 8789/8789
f 8814/8814 8789/8789 8785/8785
f 8711/8711 8715/8715 8735/8735
f 8711/8711 8735/8735 8731/8731
f 8763/8763 8767/8767 8702/8702
f 8763/8763 8702/8702 8700/8700
f 8804/8804 8806/8806 8737/8737
f 8804/8804 8737/8737 8733/8733
f 8786/8786 8790/8790 8807/8807
f 8786/8786 8807/8807 8805/8805
f 8766/8766 8770/8770 8703/8703
f 8766/8766 8703/8703 8701/8701
f 8805/8805 8807/8807 8740/8740
f 8805/8805 8740/8740 8736/8736
f 8764/8764 8768/8768 8790/8790
f 8764/8764 8790/8790 8786/8786
f 8734/8734 8738/8738 8753/8753
f 8734/8734 8753/8753 8751/8751
f 8701/8701 8703/8703 8718/8718
f 8701/8701 8718/8718 8714/8714
f 8751/8751 8753/8753 8768/8768
f 8751/8751 8768/8768 8764/8764
f 8714/8714 8718/8718 8738/8738
f 8714/8714 8738/8738 8734/8734
f 8716/8716 8720/8720 8817/8817
f 8716/8716 8817/8817 8815/8815
f 8815/8815 8817/8817 8792/8792
f 8815/8815 8792/8792 8788/8788
f 8791/8791 8795/8795 8810/8810
f 8791/8791 8810/8810 8808/8808
f 8736/8736 8740/8740 8720/8720
f 8736/8736 8720/8720 8716/8716
f 8788/8788 8792/8792 8770/8770
f 8788/8788 8770/8770 8766/8766
f 8771/8771 8775/8775 8706/8706
f 8771/8771 8706/8706 8704/8704
f 8808/8808 8810/8810 8745/8745
f 8808/8808 8745/8745 8741/8741
f 8769/8769 8773/8773 8795/8795
f 8769/8769 8795/8795 8791/8791
f 8739/8739 8743/8743 8756/8756
f 8739/8739 8756/8756 8754/8754
f 8704/8704 8706/8706 8723/8723
f 8704/8704 8723/8723 8719/8719
f 8754/8754 8756/8756 8773/8773
f 8754/8754 8773/8773 8769/8769
f 8719/8719 8723/8723 8743/8743
f 8719/8719 8743/8743 8739/8739
f 8721/8721 8725/8725 8820/8820
f 8721/8721 8820/8820 8818/8818
f 8818/8818 8820/8820 8797/8797
f 8818/8818 8797/8797 8793/8793
f 8705/8705 8707/8707 8726/8726
f 8705/8705 8726/8726 8722/8722
f 8741/8741 8745/8745 8725/8725
f 8741/8741 8725/8725 8721/8721
f 8793/8793 8797/8797 8775/8775
f 8793/8793 8775/8775 8771/8771
f 8794/8794 8798/8798 8811/8811
f 8794/8794 8811/8811 8809/8809
f 8796/8796 8799/8799 8777/8777
f 8796/8796 8777/8777 8774/8774
f 8809/8809 8811/8811 8747/8747
f 8809/8809 8747/8747 8744/8744
f 8772/8772 8776/8776 8798/8798
f 8772/8772 8798/8798 8794/8794
f 8742/8742 8746/8746 8757/8757
f 8742/8742 8757/8757 8755/8755
f 8755/8755 8757/8757 8776/8776
f 8755/8755 8776/8776 8772/8772
f 8774/8774 8777/8777 8707/8707
f 8774/8774 8707/8707 8705/8705
f 8722/8722 8726/8726 8746/8746
f 8722/8722 8746/8746 8742/8742
f 8724/8724 8727/8727 8821/8821
f 8724/8724 8821/8821 8819/8819
f 8819/8819 8821/8821 8799/8799
f 8819/8819 8799/8799 8796/8796
f 8744/8744 8747/8747 8727/8727
f 8744/8744 8727/8727 8724/8724
f 8777/8777 8799/8799 8800/8800
f 8777/8777 8800/8800 8778/8778
f 8801/8801 8800/8800 8727/8727
f 8801/8801 8727/8727 8747/8747
f 8800/8800 8799/8799 8821/8821
f 8800/8800 8821/8821 8727/8727
f 8746/8746 8779/8779 8776/8776
f 8746/8746 8776/8776 8757/8757
f 8801/8801 8747/8747 8811/8811
f 8801/8801 8811/8811 8798/8798
f 8726/8726 8778/8778 8779/8779
f 8726/8726 8779/8779 8746/8746
f 8801/8801 8798/8798 8776/8776
f 8801/8801 8776/8776 8779/8779
f 8726/8726 8707/8707 8777/8777
f 8726/8726 8777/8777 8778/8778
f 8779/8779 8778/8778 8800/8800
f 8779/8779 8800/8800 8801/8801
f 8698/8698 8697/8697 8686/8686
f 8698/8698 8686/8686 8758/8758
f 8823/8823 8832/8832 8834/8834
f 8823/8823 8834/8834 8824/8824
f 8826/8826 8838/8838 8840/8840
f 8826/8826 8840/8840 8827/8827
f 8822/8822 8830/8830 8832/8832
f 8822/8822 8832/8832 8823/8823
f 8825/8825 8836/8836 8838/8838
f 8825/8825 8838/8838 8826/8826
f 8828/8828 8842/8842 8845/8845
f 8828/8828 8845/8845 8829/8829
f 8824/8824 8834/8834 8836/8836
f 8824/8824 8836/8836 8825/8825
f 8827/8827 8840/8840 8842/8842
f 8827/8827 8842/8842 8828/8828
f 8864/8864 8848/8848 8849/8849
f 8864/8864 8849/8849 8863/8863
f 8866/8866 8851/8851 8852/8852
f 8866/8866 8852/8852 8865/8865
f 8867/8867 8847/8847 8848/8848
f 8867/8867 8848/8848 8864/8864
f 8868/8868 8850/8850 8851/8851
f 8868/8868 8851/8851 8866/8866
f 8862/8862 8846/8846 8847/8847
f 8862/8862 8847/8847 8867/8867
f 8863/8863 8849/8849 8850/8850
f 8863/8863 8850/8850 8868/8868
f 8865/8865 8852/8852 8853/8853
f 8865/8865 8853/8853 8869/8869
f 8884/8884 8854/8854 8855/8855
f 8884/8884 8855/8855 8879/8879
f 8886/8886 8857/8857 8858/8858
f 8886/8886 8858/8858 8881/8881
f 8888/8888 8860/8860 8861/8861
f 8888/8888 8861/8861 8882/8882
f 8890/8890 8856/8856 8857/8857
f 8890/8890 8857/8857 8886/8886
f 8892/8892 8859/8859 8860/8860
f 8892/8892 8860/8860 8888/8888
f 8879/8879 8855/8855 8856/8856
f 8879/8879 8856/8856 8890/8890
f 8881/8881 8858/8858 8859/8859
f 8881/8881 8859/8859 8892/8892
f 8843/8843 8865/8865 8869/8869
f 8843/8843 8869/8869 8844/8844
f 8837/8837 8863/8863 8868/8868
f 8837/8837 8868/8868 8839/8839
f 8831/8831 8862/8862 8867/8867
f 8831/8831 8867/8867 8833/8833
f 8839/8839 8868/8868 8866/8866
f 8839/8839 8866/8866 8841/8841
f 8833/8833 8867/8867 8864/8864
f 8833/8833 8864/8864 8835/8835
f 8841/8841 8866/8866 8865/8865
f 8841/8841 8865/8865 8843/8843
f 8835/8835 8864/8864 8863/8863
f 8835/8835 8863/8863 8837/8837
f 8850/8850 8873/8873 8877/8877
f 8850/8850 8877/8877 8851/8851
f 8847/8847 8871/8871 8876/8876
f 8847/8847 8876/8876 8848/8848
f 8851/8851 8877/8877 8875/8875
f 8851/8851 8875/8875 8852/8852
f 8848/8848 8876/8876 8874/8874
f 8848/8848 8874/8874 8849/8849
f 8852/8852 8875/8875 8870/8870
f 8852/8852 8870/8870 8853/8853
f 8849/8849 8874/8874 8873/8873
f 8849/8849 8873/8873 8850/8850
f 8846/8846 8872/8872 8871/8871
f 8846/8846 8871/8871 8847/8847
f 8873/8873 8880/8880 8893/8893
f 8873/8873 8893/8893 8877/8877
f 8895/8895 8881/8881 8892/8892
f 8895/8895 8892/8892 8901/8901
f 8871/8871 8878/8878 8891/8891
f 8871/8871 8891/8891 8876/8876
f 8894/8894 8879/8879 8890/8890
f 8894/8894 8890/8890 8900/8900
f 8877/8877 8893/8893 8889/8889
f 8877/8877 8889/8889 8875/8875
f 8901/8901 8892/8892 8888/8888
f 8901/8901 8888/8888 8899/8899
f 8876/8876 8891/8891 8887/8887
f 8876/8876 8887/8887 8874/8874
f 8900/8900 8890/8890 8886/8886
f 8900/8900 8886/8886 8898/8898
f 8875/8875 8889/8889 8883/8883
f 8875/8875 8883/8883 8870/8870
f 8899/8899 8888/8888 8882/8882
f 8899/8899 8882/8882 8896/8896
f 8874/8874 8887/8887 8880/8880
f 8874/8874 8880/8880 8873/8873
f 8898/8898 8886/8886 8881/8881
f 8898/8898 8881/8881 8895/8895
f 8872/8872 8885/8885 8878/8878
f 8872/8872 8878/8878 8871/8871
f 8897/8897 8884/8884 8879/8879
f 8897/8897 8879/8879 8894/8894
f 8885/8885 8897/8897 8894/8894
f 8885/8885 8894/8894 8878/8878
f 8887/8887 8898/8898 8895/8895
f 8887/8887 8895/8895 8880/8880
f 8889/8889 8899/8899 8896/8896
f 8889/8889 8896/8896 8883/8883
f 8891/8891 8900/8900 8898/8898
f 8891/8891 8898/8898 8887/8887
f 8893/8893 8901/8901 8899/8899
f 8893/8893 8899/8899 8889/8889
f 8878/8878 8894/8894 8900/8900
f 8878/8878 8900/8900 8891/8891
f 8880/8880 8895/8895 8901/8901
f 8880/8880 8901/8901 8893/8893
f 8860/8860 8914/8914 8917/8917
f 8860/8860 8917/8917 8861/8861
f 8856/8856 8906/8906 8908/8908
f 8856/8856 8908/8908 8857/8857
f 8859/8859 8912/8912 8914/8914
f 8859/8859 8914/8914 8860/8860
f 8855/8855 8904/8904 8906/8906
f 8855/8855 8906/8906 8856/8856
f 8858/8858 8910/8910 8912/8912
f 8858/8858 8912/8912 8859/8859
f 8854/8854 8902/8902 8904/8904
f 8854/8854 8904/8904 8855/8855
f 8857/8857 8908/8908 8910/8910
f 8857/8857 8910/8910 8858/8858
f 10019/10019 8918/8918 8924/8924
f 10019/10019 8924/8924 10022/10022
f 10028/10028 8925/8925 8922/8922
f 10028/10028 8922/8922 10029/10029
f 10022/10022 8924/8924 8921/8921
f 10022/10022 8921/8921 10023/10023
f 10016/10016 8923/8923 8919/8919
f 10016/10016 8919/8919 10017/10017
f 10023/10023 8921/8921 8920/8920
f 10023/10023 8920/8920 10025/10025
f 10017/10017 8919/8919 8918/8918
f 10017/10017 8918/8918 10019/10019
f 10056/10056 10057/10057 9090/9090
f 10056/10056 9090/9090 9086/9086
f 8919/8919 10034/10034 10036/10036
f 8919/8919 10036/10036 8918/8918
f 8921/8921 10040/10040 10042/10042
f 8921/8921 10042/10042 8920/8920
f 8923/8923 10031/10031 10034/10034
f 8923/8923 10034/10034 8919/8919
f 8924/8924 10037/10037 10040/10040
f 8924/8924 10040/10040 8921/8921
f 8925/8925 10043/10043 10046/10046
f 8925/8925 10046/10046 8922/8922
f 8918/8918 10036/10036 10037/10037
f 8918/8918 10037/10037 8924/8924
f 8920/8920 10042/10042 10043/10043
f 8920/8920 10043/10043 8925/8925
f 8934/8934 8935/8935 8940/8940
f 8934/8934 8940/8940 8941/8941
f 8926/8926 8927/8927 8938/8938
f 8926/8926 8938/8938 8939/8939
f 8941/8941 8940/8940 8936/8936
f 8941/8941 8936/8936 8937/8937
f 8939/8939 8938/8938 8932/8932
f 8939/8939 8932/8932 8933/8933
f 8937/8937 8936/8936 8928/8928
f 8937/8937 8928/8928 8929/8929
f 8933/8933 8932/8932 8931/8931
f 8933/8933 8931/8931 8930/8930
f 8929/8929 8928/8928 8927/8927
f 8929/8929 8927/8927 8926/8926
f 8957/8957 9118/9118 9139/9139
f 8957/8957 9139/9139 8979/8979
f 8955/8955 8977/8977 8976/8976
f 8955/8955 8976/8976 8954/8954
f 8956/8956 8978/8978 8977/8977
f 8956/8956 8977/8977 8955/8955
f 8951/8951 8973/8973 8972/8972
f 8951/8951 8972/8972 8950/8950
f 8952/8952 8974/8974 8973/8973
f 8952/8952 8973/8973 8951/8951
f 8954/8954 8976/8976 8975/8975
f 8954/8954 8975/8975 8953/8953
f 8953/8953 8975/8975 8974/8974
f 8953/8953 8974/8974 8952/8952
f 8976/8976 8984/8984 8983/8983
f 8976/8976 8983/8983 8975/8975
f 8973/8973 8981/8981 8980/8980
f 8973/8973 8980/8980 8972/8972
f 8974/8974 8982/8982 8981/8981
f 8974/8974 8981/8981 8973/8973
f 8977/8977 8985/8985 8984/8984
f 8977/8977 8984/8984 8976/8976
f 8979/8979 8987/8987 8986/8986
f 8979/8979 8986/8986 8978/8978
f 8975/8975 8983/8983 8982/8982
f 8975/8975 8982/8982 8974/8974
f 8978/8978 8986/8986 8985/8985
f 8978/8978 8985/8985 8977/8977
f 8985/8985 8993/8993 8992/8992
f 8985/8985 8992/8992 8984/8984
f 8981/8981 8989/8989 8988/8988
f 8981/8981 8988/8988 8980/8980
f 8983/8983 8991/8991 8990/8990
f 8983/8983 8990/8990 8982/8982
f 8987/8987 8995/8995 8994/8994
f 8987/8987 8994/8994 8986/8986
f 8984/8984 8992/8992 8991/8991
f 8984/8984 8991/8991 8983/8983
f 8982/8982 8990/8990 8989/8989
f 8982/8982 8989/8989 8981/8981
f 8986/8986 8994/8994 8993/8993
f 8986/8986 8993/8993 8985/8985
f 8993/8993 8998/8998 8992/8992
f 8991/8991 8998/8998 8990/8990
f 8989/8989 8999/8999 8988/8988
f 9156/9156 9455/9455 9325/9325
f 9156/9156 9325/9325 8996/8996
f 8994/8994 8997/8997 8998/8998
f 8994/8994 8998/8998 8993/8993
f 8995/8995 9153/9153 8997/8997
f 9156/9156 8996/8996 8997/8997
f 9156/9156 8997/8997 9155/9155
f 9000/9000 9001/9001 9009/9009
f 9000/9000 9009/9009 9007/9007
f 9003/9003 9004/9004 9015/9015
f 9003/9003 9015/9015 9013/9013
f 8822/8822 9000/9000 9007/9007
f 8822/8822 9007/9007 8830/8830
f 9002/9002 9003/9003 9013/9013
f 9002/9002 9013/9013 9011/9011
f 9005/9005 9006/9006 9020/9020
f 9005/9005 9020/9020 9017/9017
f 9001/9001 9002/9002 9011/9011
f 9001/9001 9011/9011 9009/9009
f 9004/9004 9005/9005 9017/9017
f 9004/9004 9017/9017 9015/9015
f 9036/9036 9035/9035 9023/9023
f 9036/9036 9023/9023 9022/9022
f 9038/9038 9037/9037 9026/9026
f 9038/9038 9026/9026 9025/9025
f 9039/9039 9036/9036 9022/9022
f 9039/9039 9022/9022 9021/9021
f 9040/9040 9038/9038 9025/9025
f 9040/9040 9025/9025 9024/9024
f 8862/8862 9039/9039 9021/9021
f 8862/8862 9021/9021 8846/8846
f 9035/9035 9040/9040 9024/9024
f 9035/9035 9024/9024 9023/9023
f 9037/9037 9041/9041 9027/9027
f 9037/9037 9027/9027 9026/9026
f 8884/8884 9050/9050 9028/9028
f 8884/8884 9028/9028 8854/8854
f 9055/9055 9052/9052 9031/9031
f 9055/9055 9031/9031 9030/9030
f 9057/9057 9053/9053 9034/9034
f 9057/9057 9034/9034 9033/9033
f 9059/9059 9055/9055 9030/9030
f 9059/9059 9030/9030 9029/9029
f 9061/9061 9057/9057 9033/9033
f 9061/9061 9033/9033 9032/9032
f 9050/9050 9059/9059 9029/9029
f 9050/9050 9029/9029 9028/9028
f 9052/9052 9061/9061 9032/9032
f 9052/9052 9032/9032 9031/9031
f 9018/9018 9019/9019 9041/9041
f 9018/9018 9041/9041 9037/9037
f 9012/9012 9014/9014 9040/9040
f 9012/9012 9040/9040 9035/9035
f 8831/8831 9008/9008 9039/9039
f 8831/8831 9039/9039 8862/8862
f 9014/9014 9016/9016 9038/9038
f 9014/9014 9038/9038 9040/9040
f 9008/9008 9010/9010 9036/9036
f 9008/9008 9036/9036 9039/9039
f 9016/9016 9018/9018 9037/9037
f 9016/9016 9037/9037 9038/9038
f 9010/9010 9012/9012 9035/9035
f 9010/9010 9035/9035 9036/9036
f 9024/9024 9025/9025 9048/9048
f 9024/9024 9048/9048 9044/9044
f 9021/9021 9022/9022 9047/9047
f 9021/9021 9047/9047 9043/9043
f 9025/9025 9026/9026 9046/9046
f 9025/9025 9046/9046 9048/9048
f 9022/9022 9023/9023 9045/9045
f 9022/9022 9045/9045 9047/9047
f 9026/9026 9027/9027 9042/9042
f 9026/9026 9042/9042 9046/9046
f 9023/9023 9024/9024 9044/9044
f 9023/9023 9044/9044 9045/9045
f 8846/8846 9021/9021 9043/9043
f 8846/8846 9043/9043 8872/8872
f 9044/9044 9048/9048 9062/9062
f 9044/9044 9062/9062 9051/9051
f 9064/9064 9069/9069 9061/9061
f 9064/9064 9061/9061 9052/9052
f 9043/9043 9047/9047 9060/9060
f 9043/9043 9060/9060 9049/9049
f 9063/9063 9068/9068 9059/9059
f 9063/9063 9059/9059 9050/9050
f 9048/9048 9046/9046 9058/9058
f 9048/9048 9058/9058 9062/9062
f 9069/9069 9067/9067 9057/9057
f 9069/9069 9057/9057 9061/9061
f 9047/9047 9045/9045 9056/9056
f 9047/9047 9056/9056 9060/9060
f 9068/9068 9066/9066 9055/9055
f 9068/9068 9055/9055 9059/9059
f 9046/9046 9042/9042 9054/9054
f 9046/9046 9054/9054 9058/9058
f 9067/9067 9065/9065 9053/9053
f 9067/9067 9053/9053 9057/9057
f 9045/9045 9044/9044 9051/9051
f 9045/9045 9051/9051 9056/9056
f 9066/9066 9064/9064 9052/9052
f 9066/9066 9052/9052 9055/9055
f 8872/8872 9043/9043 9049/9049
f 8872/8872 9049/9049 8885/8885
f 8897/8897 9063/9063 9050/9050
f 8897/8897 9050/9050 8884/8884
f 8885/8885 9049/9049 9063/9063
f 8885/8885 9063/9063 8897/8897
f 9056/9056 9051/9051 9064/9064
f 9056/9056 9064/9064 9066/9066
f 9058/9058 9054/9054 9065/9065
f 9058/9058 9065/9065 9067/9067
f 9060/9060 9056/9056 9066/9066
f 9060/9060 9066/9066 9068/9068
f 9062/9062 9058/9058 9067/9067
f 9062/9062 9067/9067 9069/9069
f 9049/9049 9060/9060 9068/9068
f 9049/9049 9068/9068 9063/9063
f 9051/9051 9062/9062 9069/9069
f 9051/9051 9069/9069 9064/9064
f 9033/9033 9034/9034 9083/9083
f 9033/9033 9083/9083 9080/9080
f 9029/9029 9030/9030 9074/9074
f 9029/9029 9074/9074 9072/9072
f 9032/9032 9033/9033 9080/9080
f 9032/9032 9080/9080 9078/9078
f 9028/9028 9029/9029 9072/9072
f 9028/9028 9072/9072 9070/9070
f 9031/9031 9032/9032 9078/9078
f 9031/9031 9078/9078 9076/9076
f 8854/8854 9028/9028 9070/9070
f 8854/8854 9070/9070 8902/8902
f 9030/9030 9031/9031 9076/9076
f 9030/9030 9076/9076 9074/9074
f 10050/10050 10051/10051 9089/9089
f 10050/10050 9089/9089 9084/9084
f 10057/10057 10060/10060 9088/9088
f 10057/10057 9088/9088 9090/9090
f 10051/10051 10054/10054 9087/9087
f 10051/10051 9087/9087 9089/9089
f 10016/10016 10048/10048 9085/9085
f 10016/10016 9085/9085 8923/8923
f 10054/10054 10056/10056 9086/9086
f 10054/10054 9086/9086 9087/9087
f 10048/10048 10050/10050 9084/9084
f 10048/10048 9084/9084 9085/9085
f 10088/10088 10089/10089 9260/9260
f 10088/10088 9260/9260 9255/9255
f 9084/9084 10063/10063 10061/10061
f 9084/9084 10061/10061 9085/9085
f 9086/9086 10069/10069 10067/10067
f 9086/9086 10067/10067 9087/9087
f 9085/9085 10061/10061 10031/10031
f 9085/9085 10031/10031 8923/8923
f 9087/9087 10067/10067 10066/10066
f 9087/9087 10066/10066 9089/9089
f 9088/9088 10073/10073 10072/10072
f 9088/9088 10072/10072 9090/9090
f 9089/9089 10066/10066 10063/10063
f 9089/9089 10063/10063 9084/9084
f 9090/9090 10072/10072 10069/10069
f 9090/9090 10069/10069 9086/9086
f 8934/8934 9104/9104 9103/9103
f 8934/8934 9103/9103 8935/8935
f 9091/9091 9102/9102 9101/9101
f 9091/9091 9101/9101 9092/9092
f 9104/9104 9100/9100 9099/9099
f 9104/9104 9099/9099 9103/9103
f 9102/9102 9098/9098 9097/9097
f 9102/9102 9097/9097 9101/9101
f 9100/9100 9094/9094 9093/9093
f 9100/9100 9093/9093 9099/9099
f 9098/9098 9095/9095 9096/9096
f 9098/9098 9096/9096 9097/9097
f 9094/9094 9091/9091 9092/9092
f 9094/9094 9092/9092 9093/9093
f 9291/9291 9290/9290 9309/9309
f 9291/9291 9309/9309 9310/9310
f 9117/9117 9116/9116 9137/9137
f 9117/9117 9137/9137 9138/9138
f 9118/9118 9117/9117 9138/9138
f 9118/9118 9138/9138 9139/9139
f 9113/9113 9112/9112 9133/9133
f 9113/9113 9133/9133 9134/9134
f 9114/9114 9113/9113 9134/9134
f 9114/9114 9134/9134 9135/9135
f 9116/9116 9115/9115 9136/9136
f 9116/9116 9136/9136 9137/9137
f 9115/9115 9114/9114 9135/9135
f 9115/9115 9135/9135 9136/9136
f 9137/9137 9136/9136 9143/9143
f 9137/9137 9143/9143 9144/9144
f 9134/9134 9133/9133 9140/9140
f 9134/9134 9140/9140 9141/9141
f 9135/9135 9134/9134 9141/9141
f 9135/9135 9141/9141 9142/9142
f 9138/9138 9137/9137 9144/9144
f 9138/9138 9144/9144 9145/9145
f 8979/8979 9139/9139 9146/9146
f 8979/8979 9146/9146 8987/8987
f 9136/9136 9135/9135 9142/9142
f 9136/9136 9142/9142 9143/9143
f 9139/9139 9138/9138 9145/9145
f 9139/9139 9145/9145 9146/9146
f 9145/9145 9144/9144 9151/9151
f 9145/9145 9151/9151 9152/9152
f 9141/9141 9140/9140 9147/9147
f 9141/9141 9147/9147 9148/9148
f 9143/9143 9142/9142 9149/9149
f 9143/9143 9149/9149 9150/9150
f 8987/8987 9146/9146 9153/9153
f 8987/8987 9153/9153 8995/8995
f 9144/9144 9143/9143 9150/9150
f 9144/9144 9150/9150 9151/9151
f 9142/9142 9141/9141 9148/9148
f 9142/9142 9148/9148 9149/9149
f 9146/9146 9145/9145 9152/9152
f 9146/9146 9152/9152 9153/9153
f 9152/9152 9151/9151 9154/9154
f 9155/9155 9151/9151 9150/9150
f 9156/9156 9155/9155 9149/9149
f 9156/9156 9149/9149 9148/9148
f 9153/9153 9152/9152 9154/9154
f 9153/9153 9154/9154 8997/8997
f 9324/9324 9323/9323 9325/9325
f 9159/9159 9160/9160 9172/9172
f 9159/9159 9172/9172 9170/9170
f 9162/9162 9163/9163 9178/9178
f 9162/9162 9178/9178 9176/9176
f 9157/9157 9159/9159 9170/9170
f 9157/9157 9170/9170 9167/9167
f 9161/9161 9162/9162 9176/9176
f 9161/9161 9176/9176 9174/9174
f 9164/9164 8829/8829 8845/8845
f 9164/9164 8845/8845 9180/9180
f 9160/9160 9161/9161 9174/9174
f 9160/9160 9174/9174 9172/9172
f 9163/9163 9164/9164 9180/9180
f 9163/9163 9180/9180 9178/9178
f 9200/9200 9199/9199 9185/9185
f 9200/9200 9185/9185 9184/9184
f 9202/9202 9201/9201 9188/9188
f 9202/9202 9188/9188 9187/9187
f 9203/9203 9200/9200 9184/9184
f 9203/9203 9184/9184 9183/9183
f 9204/9204 9202/9202 9187/9187
f 9204/9204 9187/9187 9186/9186
f 9197/9197 9203/9203 9183/9183
f 9197/9197 9183/9183 9181/9181
f 9199/9199 9204/9204 9186/9186
f 9199/9199 9186/9186 9185/9185
f 9201/9201 8869/8869 8853/8853
f 9201/9201 8853/8853 9188/9188
f 9217/9217 9214/9214 9191/9191
f 9217/9217 9191/9191 9189/9189
f 9221/9221 9216/9216 9194/9194
f 9221/9221 9194/9194 9193/9193
f 9223/9223 8882/8882 8861/8861
f 9223/9223 8861/8861 9196/9196
f 9225/9225 9221/9221 9193/9193
f 9225/9225 9193/9193 9192/9192
f 9227/9227 9223/9223 9196/9196
f 9227/9227 9196/9196 9195/9195
f 9214/9214 9225/9225 9192/9192
f 9214/9214 9192/9192 9191/9191
f 9216/9216 9227/9227 9195/9195
f 9216/9216 9195/9195 9194/9194
f 9179/9179 8844/8844 8869/8869
f 9179/9179 8869/8869 9201/9201
f 9173/9173 9175/9175 9204/9204
f 9173/9173 9204/9204 9199/9199
f 9165/9165 9169/9169 9203/9203
f 9165/9165 9203/9203 9197/9197
f 9175/9175 9177/9177 9202/9202
f 9175/9175 9202/9202 9204/9204
f 9169/9169 9171/9171 9200/9200
f 9169/9169 9200/9200 9203/9203
f 9177/9177 9179/9179 9201/9201
f 9177/9177 9201/9201 9202/9202
f 9171/9171 9173/9173 9199/9199
f 9171/9171 9199/9199 9200/9200
f 9186/9186 9187/9187 9212/9212
f 9186/9186 9212/9212 9208/9208
f 9183/9183 9184/9184 9211/9211
f 9183/9183 9211/9211 9205/9205
f 9187/9187 9188/9188 9210/9210
f 9187/9187 9210/9210 9212/9212
f 9184/9184 9185/9185 9209/9209
f 9184/9184 9209/9209 9211/9211
f 9188/9188 8853/8853 8870/8870
f 9188/9188 8870/8870 9210/9210
f 9185/9185 9186/9186 9208/9208
f 9185/9185 9208/9208 9209/9209
f 9181/9181 9183/9183 9205/9205
f 9181/9181 9205/9205 9206/9206
f 9208/9208 9212/9212 9228/9228
f 9208/9208 9228/9228 9215/9215
f 9230/9230 9236/9236 9227/9227
f 9230/9230 9227/9227 9216/9216
f 9205/9205 9211/9211 9226/9226
f 9205/9205 9226/9226 9213/9213
f 9229/9229 9235/9235 9225/9225
f 9229/9229 9225/9225 9214/9214
f 9212/9212 9210/9210 9224/9224
f 9212/9212 9224/9224 9228/9228
f 9236/9236 9234/9234 9223/9223
f 9236/9236 9223/9223 9227/9227
f 9211/9211 9209/9209 9222/9222
f 9211/9211 9222/9222 9226/9226
f 9235/9235 9233/9233 9221/9221
f 9235/9235 9221/9221 9225/9225
f 9210/9210 8870/8870 8883/8883
f 9210/9210 8883/8883 9224/9224
f 9234/9234 8896/8896 8882/8882
f 9234/9234 8882/8882 9223/9223
f 9209/9209 9208/9208 9215/9215
f 9209/9209 9215/9215 9222/9222
f 9233/9233 9230/9230 9216/9216
f 9233/9233 9216/9216 9221/9221
f 9206/9206 9205/9205 9213/9213
f 9206/9206 9213/9213 9219/9219
f 9231/9231 9229/9229 9214/9214
f 9231/9231 9214/9214 9217/9217
f 9219/9219 9213/9213 9229/9229
f 9219/9219 9229/9229 9231/9231
f 9222/9222 9215/9215 9230/9230
f 9222/9222 9230/9230 9233/9233
f 9224/9224 8883/8883 8896/8896
f 9224/9224 8896/8896 9234/9234
f 9226/9226 9222/9222 9233/9233
f 9226/9226 9233/9233 9235/9235
f 9228/9228 9224/9224 9234/9234
f 9228/9228 9234/9234 9236/9236
f 9213/9213 9226/9226 9235/9235
f 9213/9213 9235/9235 9229/9229
f 9215/9215 9228/9228 9236/9236
f 9215/9215 9236/9236 9230/9230
f 9196/9196 8861/8861 8917/8917
f 9196/9196 8917/8917 9251/9251
f 9192/9192 9193/9193 9245/9245
f 9192/9192 9245/9245 9243/9243
f 9195/9195 9196/9196 9251/9251
f 9195/9195 9251/9251 9249/9249
f 9191/9191 9192/9192 9243/9243
f 9191/9191 9243/9243 9241/9241
f 9194/9194 9195/9195 9249/9249
f 9194/9194 9249/9249 9247/9247
f 9189/9189 9191/9191 9241/9241
f 9189/9189 9241/9241 9237/9237
f 9193/9193 9194/9194 9247/9247
f 9193/9193 9247/9247 9245/9245
f 10082/10082 10083/10083 9259/9259
f 10082/10082 9259/9259 9253/9253
f 10089/10089 10029/10029 8922/8922
f 10089/10089 8922/8922 9260/9260
f 10083/10083 10086/10086 9256/9256
f 10083/10083 9256/9256 9259/9259
f 10075/10075 10080/10080 9254/9254
f 10075/10075 9254/9254 9257/9257
f 10086/10086 10088/10088 9255/9255
f 10086/10086 9255/9255 9256/9256
f 10080/10080 10082/10082 9253/9253
f 10080/10080 9253/9253 9254/9254
f 10115/10115 9401/9401 9404/9404
f 10115/10115 9404/9404 10118/10118
f 9253/9253 10097/10097 10095/10095
f 9253/9253 10095/10095 9254/9254
f 9255/9255 10103/10103 10101/10101
f 9255/9255 10101/10101 9256/9256
f 9254/9254 10095/10095 10093/10093
f 9254/9254 10093/10093 9257/9257
f 9256/9256 10101/10101 10100/10100
f 9256/9256 10100/10100 9259/9259
f 8922/8922 10046/10046 10106/10106
f 8922/8922 10106/10106 9260/9260
f 9259/9259 10100/10100 10097/10097
f 9259/9259 10097/10097 9253/9253
f 9260/9260 10106/10106 10103/10103
f 9260/9260 10103/10103 9255/9255
f 9267/9267 9276/9276 9275/9275
f 9267/9267 9275/9275 9269/9269
f 9261/9261 9274/9274 9273/9273
f 9261/9261 9273/9273 9262/9262
f 9276/9276 9272/9272 9271/9271
f 9276/9276 9271/9271 9275/9275
f 9274/9274 9266/9266 9265/9265
f 9274/9274 9265/9265 9273/9273
f 9272/9272 9264/9264 9263/9263
f 9272/9272 9263/9263 9271/9271
f 9266/9266 8930/8930 8931/8931
f 9266/9266 8931/8931 9265/9265
f 9264/9264 9261/9261 9262/9262
f 9264/9264 9262/9262 9263/9263
f 9291/9291 9310/9310 9442/9442
f 9291/9291 9442/9442 9428/9428
f 9289/9289 9288/9288 9307/9307
f 9289/9289 9307/9307 9308/9308
f 9290/9290 9289/9289 9308/9308
f 9290/9290 9308/9308 9309/9309
f 9285/9285 8950/8950 8972/8972
f 9285/9285 8972/8972 9304/9304
f 9286/9286 9285/9285 9304/9304
f 9286/9286 9304/9304 9305/9305
f 9288/9288 9287/9287 9306/9306
f 9288/9288 9306/9306 9307/9307
f 9287/9287 9286/9286 9305/9305
f 9287/9287 9305/9305 9306/9306
f 9307/9307 9306/9306 9313/9313
f 9307/9307 9313/9313 9314/9314
f 9304/9304 8972/8972 8980/8980
f 9304/9304 8980/8980 9311/9311
f 9305/9305 9304/9304 9311/9311
f 9305/9305 9311/9311 9312/9312
f 9308/9308 9307/9307 9314/9314
f 9308/9308 9314/9314 9315/9315
f 9310/9310 9309/9309 9316/9316
f 9310/9310 9316/9316 9317/9317
f 9306/9306 9305/9305 9312/9312
f 9306/9306 9312/9312 9313/9313
f 9309/9309 9308/9308 9315/9315
f 9309/9309 9315/9315 9316/9316
f 9315/9315 9314/9314 9321/9321
f 9315/9315 9321/9321 9322/9322
f 9311/9311 8980/8980 8988/8988
f 9311/9311 8988/8988 9318/9318
f 9313/9313 9312/9312 9319/9319
f 9313/9313 9319/9319 9320/9320
f 9317/9317 9316/9316 9323/9323
f 9317/9317 9323/9323 9324/9324
f 9314/9314 9313/9313 9320/9320
f 9314/9314 9320/9320 9321/9321
f 9312/9312 9311/9311 9318/9318
f 9312/9312 9318/9318 9319/9319
f 9316/9316 9315/9315 9322/9322
f 9316/9316 9322/9322 9323/9323
f 9322/9322 9321/9321 9326/9326
f 9326/9326 9321/9321 9320/9320
f 8999/8999 9326/9326 9319/9319
f 8999/8999 9319/9319 9318/9318
f 9323/9323 9322/9322 9326/9326
f 9323/9323 9326/9326 9325/9325
f 9324/9324 9325/9325 9454/9454
f 8999/8999 8998/8998 8997/8997
f 8999/8999 8997/8997 8996/8996
f 9327/9327 9334/9334 9336/9336
f 9327/9327 9336/9336 9328/9328
f 9330/9330 9340/9340 9342/9342
f 9330/9330 9342/9342 9331/9331
f 9158/9158 9168/9168 9334/9334
f 9158/9158 9334/9334 9327/9327
f 9329/9329 9338/9338 9340/9340
f 9329/9329 9340/9340 9330/9330
f 9332/9332 9344/9344 9020/9020
f 9332/9332 9020/9020 9006/9006
f 9328/9328 9336/9336 9338/9338
f 9328/9328 9338/9338 9329/9329
f 9331/9331 9342/9342 9344/9344
f 9331/9331 9344/9344 9332/9332
f 9358/9358 9346/9346 9347/9347
f 9358/9358 9347/9347 9357/9357
f 9360/9360 9349/9349 9350/9350
f 9360/9360 9350/9350 9359/9359
f 9361/9361 9345/9345 9346/9346
f 9361/9361 9346/9346 9358/9358
f 9362/9362 9348/9348 9349/9349
f 9362/9362 9349/9349 9360/9360
f 9198/9198 9182/9182 9345/9345
f 9198/9198 9345/9345 9361/9361
f 9357/9357 9347/9347 9348/9348
f 9357/9357 9348/9348 9362/9362
f 9359/9359 9350/9350 9027/9027
f 9359/9359 9027/9027 9041/9041
f 9218/9218 9190/9190 9351/9351
f 9218/9218 9351/9351 9370/9370
f 9373/9373 9353/9353 9354/9354
f 9373/9373 9354/9354 9372/9372
f 9375/9375 9356/9356 9034/9034
f 9375/9375 9034/9034 9053/9053
f 9377/9377 9352/9352 9353/9353
f 9377/9377 9353/9353 9373/9373
f 9379/9379 9355/9355 9356/9356
f 9379/9379 9356/9356 9375/9375
f 9370/9370 9351/9351 9352/9352
f 9370/9370 9352/9352 9377/9377
f 9372/9372 9354/9354 9355/9355
f 9372/9372 9355/9355 9379/9379
f 9343/9343 9359/9359 9041/9041
f 9343/9343 9041/9041 9019/9019
f 9337/9337 9357/9357 9362/9362
f 9337/9337 9362/9362 9339/9339
f 9166/9166 9198/9198 9361/9361
f 9166/9166 9361/9361 9333/9333
f 9339/9339 9362/9362 9360/9360
f 9339/9339 9360/9360 9341/9341
f 9333/9333 9361/9361 9358/9358
f 9333/9333 9358/9358 9335/9335
f 9341/9341 9360/9360 9359/9359
f 9341/9341 9359/9359 9343/9343
f 9335/9335 9358/9358 9357/9357
f 9335/9335 9357/9357 9337/9337
f 9348/9348 9364/9364 9368/9368
f 9348/9348 9368/9368 9349/9349
f 9345/9345 9363/9363 9367/9367
f 9345/9345 9367/9367 9346/9346
f 9349/9349 9368/9368 9366/9366
f 9349/9349 9366/9366 9350/9350
f 9346/9346 9367/9367 9365/9365
f 9346/9346 9365/9365 9347/9347
f 9350/9350 9366/9366 9042/9042
f 9350/9350 9042/9042 9027/9027
f 9347/9347 9365/9365 9364/9364
f 9347/9347 9364/9364 9348/9348
f 9182/9182 9207/9207 9363/9363
f 9182/9182 9363/9363 9345/9345
f 9364/9364 9371/9371 9380/9380
f 9364/9364 9380/9380 9368/9368
f 9382/9382 9372/9372 9379/9379
f 9382/9382 9379/9379 9386/9386
f 9363/9363 9369/9369 9378/9378
f 9363/9363 9378/9378 9367/9367
f 9381/9381 9370/9370 9377/9377
f 9381/9381 9377/9377 9385/9385
f 9368/9368 9380/9380 9376/9376
f 9368/9368 9376/9376 9366/9366
f 9386/9386 9379/9379 9375/9375
f 9386/9386 9375/9375 9384/9384
f 9367/9367 9378/9378 9374/9374
f 9367/9367 9374/9374 9365/9365
f 9385/9385 9377/9377 9373/9373
f 9385/9385 9373/9373 9383/9383
f 9366/9366 9376/9376 9054/9054
f 9366/9366 9054/9054 9042/9042
f 9384/9384 9375/9375 9053/9053
f 9384/9384 9053/9053 9065/9065
f 9365/9365 9374/9374 9371/9371
f 9365/9365 9371/9371 9364/9364
f 9383/9383 9373/9373 9372/9372
f 9383/9383 9372/9372 9382/9382
f 9207/9207 9220/9220 9369/9369
f 9207/9207 9369/9369 9363/9363
f 9232/9232 9218/9218 9370/9370
f 9232/9232 9370/9370 9381/9381
f 9220/9220 9232/9232 9381/9381
f 9220/9220 9381/9381 9369/9369
f 9374/9374 9383/9383 9382/9382
f 9374/9374 9382/9382 9371/9371
f 9376/9376 9384/9384 9065/9065
f 9376/9376 9065/9065 9054/9054
f 9378/9378 9385/9385 9383/9383
f 9378/9378 9383/9383 9374/9374
f 9380/9380 9386/9386 9384/9384
f 9380/9380 9384/9384 9376/9376
f 9369/9369 9381/9381 9385/9385
f 9369/9369 9385/9385 9378/9378
f 9371/9371 9382/9382 9386/9386
f 9371/9371 9386/9386 9380/9380
f 9356/9356 9397/9397 9083/9083
f 9356/9356 9083/9083 9034/9034
f 9352/9352 9389/9389 9391/9391
f 9352/9352 9391/9391 9353/9353
f 9355/9355 9395/9395 9397/9397
f 9355/9355 9397/9397 9356/9356
f 9351/9351 9387/9387 9389/9389
f 9351/9351 9389/9389 9352/9352
f 9354/9354 9393/9393 9395/9395
f 9354/9354 9395/9395 9355/9355
f 9190/9190 9238/9238 9387/9387
f 9190/9190 9387/9387 9351/9351
f 9353/9353 9391/9391 9393/9393
f 9353/9353 9393/9393 9354/9354
f 10109/10109 9399/9399 9403/9403
f 10109/10109 9403/9403 10112/10112
f 10118/10118 9404/9404 9088/9088
f 10118/10118 9088/9088 10060/10060
f 10112/10112 9403/9403 9402/9402
f 10112/10112 9402/9402 10113/10113
f 10076/10076 9258/9258 9400/9400
f 10076/10076 9400/9400 10107/10107
f 10113/10113 9402/9402 9401/9401
f 10113/10113 9401/9401 10115/10115
f 10107/10107 9400/9400 9399/9399
f 10107/10107 9399/9399 10109/10109
f 9400/9400 10120/10120 10122/10122
f 9400/9400 10122/10122 9399/9399
f 9402/9402 10126/10126 10128/10128
f 9402/9402 10128/10128 9401/9401
f 9258/9258 10094/10094 10120/10120
f 9258/9258 10120/10120 9400/9400
f 9403/9403 10123/10123 10126/10126
f 9403/9403 10126/10126 9402/9402
f 9404/9404 10129/10129 10073/10073
f 9404/9404 10073/10073 9088/9088
f 9399/9399 10122/10122 10123/10123
f 9399/9399 10123/10123 9403/9403
f 9401/9401 10128/10128 10129/10129
f 9401/9401 10129/10129 9404/9404
f 9268/9268 9270/9270 9415/9415
f 9268/9268 9415/9415 9416/9416
f 9405/9405 9406/9406 9413/9413
f 9405/9405 9413/9413 9414/9414
f 9416/9416 9415/9415 9411/9411
f 9416/9416 9411/9411 9412/9412
f 9414/9414 9413/9413 9409/9409
f 9414/9414 9409/9409 9410/9410
f 9412/9412 9411/9411 9407/9407
f 9412/9412 9407/9407 9408/9408
f 9410/9410 9409/9409 9096/9096
f 9410/9410 9096/9096 9095/9095
f 9408/9408 9407/9407 9406/9406
f 9408/9408 9406/9406 9405/9405
f 9427/9427 9441/9441 9440/9440
f 9427/9427 9440/9440 9426/9426
f 9428/9428 9442/9442 9441/9441
f 9428/9428 9441/9441 9427/9427
f 9423/9423 9437/9437 9133/9133
f 9423/9423 9133/9133 9112/9112
f 9424/9424 9438/9438 9437/9437
f 9424/9424 9437/9437 9423/9423
f 9426/9426 9440/9440 9439/9439
f 9426/9426 9439/9439 9425/9425
f 9425/9425 9439/9439 9438/9438
f 9425/9425 9438/9438 9424/9424
f 9440/9440 9446/9446 9445/9445
f 9440/9440 9445/9445 9439/9439
f 9437/9437 9443/9443 9140/9140
f 9437/9437 9140/9140 9133/9133
f 9438/9438 9444/9444 9443/9443
f 9438/9438 9443/9443 9437/9437
f 9441/9441 9447/9447 9446/9446
f 9441/9441 9446/9446 9440/9440
f 9310/9310 9317/9317 9448/9448
f 9310/9310 9448/9448 9442/9442
f 9439/9439 9445/9445 9444/9444
f 9439/9439 9444/9444 9438/9438
f 9442/9442 9448/9448 9447/9447
f 9442/9442 9447/9447 9441/9441
f 9447/9447 9453/9453 9452/9452
f 9447/9447 9452/9452 9446/9446
f 9443/9443 9449/9449 9147/9147
f 9443/9443 9147/9147 9140/9140
f 9445/9445 9451/9451 9450/9450
f 9445/9445 9450/9450 9444/9444
f 9317/9317 9324/9324 9454/9454
f 9317/9317 9454/9454 9448/9448
f 9446/9446 9452/9452 9451/9451
f 9446/9446 9451/9451 9445/9445
f 9444/9444 9450/9450 9449/9449
f 9444/9444 9449/9449 9443/9443
f 9448/9448 9454/9454 9453/9453
f 9448/9448 9453/9453 9447/9447
f 9148/9148 9147/9147 9156/9156
f 9453/9453 9455/9455 9452/9452
f 9451/9451 9455/9455 9450/9450
f 9449/9449 9156/9156 9147/9147
f 9156/9156 9449/9449 9450/9450
f 9156/9156 9450/9450 9455/9455
f 8999/8999 8989/8989 8990/8990
f 8999/8999 8990/8990 8998/8998
f 9454/9454 9325/9325 9455/9455
f 9454/9454 9455/9455 9453/9453
f 9318/9318 8988/8988 8999/8999
f 8957/8957 8979/8979 8978/8978
f 8957/8957 8978/8978 8956/8956
f 9457/9457 9460/9460 9462/9462
f 9457/9457 9462/9462 9458/9458
f 9459/9459 9463/9463 9461/9461
f 9459/9459 9461/9461 9456/9456
f 9469/9469 9472/9472 9474/9474
f 9469/9469 9474/9474 9470/9470
f 9471/9471 9475/9475 9473/9473
f 9471/9471 9473/9473 9468/9468
f 9481/9481 9484/9484 9486/9486
f 9481/9481 9486/9486 9482/9482
f 9483/9483 9487/9487 9485/9485
f 9483/9483 9485/9485 9480/9480
f 9460/9460 9464/9464 9466/9466
f 9460/9460 9466/9466 9462/9462
f 9463/9463 9467/9467 9465/9465
f 9463/9463 9465/9465 9461/9461
f 9472/9472 9476/9476 9478/9478
f 9472/9472 9478/9478 9474/9474
f 9475/9475 9479/9479 9477/9477
f 9475/9475 9477/9477 9473/9473
f 9464/9464 9469/9469 9470/9470
f 9464/9464 9470/9470 9466/9466
f 9467/9467 9471/9471 9468/9468
f 9467/9467 9468/9468 9465/9465
f 9476/9476 9481/9481 9482/9482
f 9476/9476 9482/9482 9478/9478
f 9479/9479 9483/9483 9480/9480
f 9479/9479 9480/9480 9477/9477
f 9500/9500 9501/9501 9497/9497
f 9500/9500 9497/9497 9499/9499
f 9509/9509 9510/9510 9506/9506
f 9509/9509 9506/9506 9508/9508
f 9494/9494 9495/9495 9492/9492
f 9494/9494 9492/9492 9491/9491
f 9503/9503 9504/9504 9501/9501
f 9503/9503 9501/9501 9500/9500
f 9499/9499 9497/9497 9495/9495
f 9499/9499 9495/9495 9494/9494
f 9508/9508 9506/9506 9504/9504
f 9508/9508 9504/9504 9503/9503
f 9638/9638 9640/9640 9490/9490
f 9638/9638 9490/9490 9488/9488
f 9520/9520 9521/9521 9518/9518
f 9520/9520 9518/9518 9519/9519
f 9526/9526 9527/9527 9524/9524
f 9526/9526 9524/9524 9525/9525
f 9516/9516 9517/9517 9515/9515
f 9516/9516 9515/9515 9514/9514
f 9522/9522 9523/9523 9521/9521
f 9522/9522 9521/9521 9520/9520
f 9519/9519 9518/9518 9517/9517
f 9519/9519 9517/9517 9516/9516
f 9525/9525 9524/9524 9523/9523
f 9525/9525 9523/9523 9522/9522
f 9659/9659 9660/9660 9513/9513
f 9659/9659 9513/9513 9512/9512
f 9536/9536 9537/9537 9534/9534
f 9536/9536 9534/9534 9535/9535
f 9542/9542 9543/9543 9540/9540
f 9542/9542 9540/9540 9541/9541
f 9532/9532 9533/9533 9531/9531
f 9532/9532 9531/9531 9530/9530
f 9538/9538 9539/9539 9537/9537
f 9538/9538 9537/9537 9536/9536
f 9535/9535 9534/9534 9533/9533
f 9535/9535 9533/9533 9532/9532
f 9541/9541 9540/9540 9539/9539
f 9541/9541 9539/9539 9538/9538
f 9673/9673 9674/9674 9529/9529
f 9673/9673 9529/9529 9528/9528
f 9557/9557 9558/9558 9553/9553
f 9557/9557 9553/9553 9555/9555
f 9566/9566 9567/9567 9562/9562
f 9566/9566 9562/9562 9564/9564
f 9551/9551 9552/9552 9549/9549
f 9551/9551 9549/9549 9548/9548
f 9560/9560 9561/9561 9558/9558
f 9560/9560 9558/9558 9557/9557
f 9555/9555 9553/9553 9552/9552
f 9555/9555 9552/9552 9551/9551
f 9564/9564 9562/9562 9561/9561
f 9564/9564 9561/9561 9560/9560
f 9687/9687 9689/9689 9546/9546
f 9687/9687 9546/9546 9544/9544
f 9568/9568 9571/9571 9573/9573
f 9568/9568 9573/9573 9570/9570
f 9600/9600 9578/9578 9581/9581
f 9600/9600 9581/9581 9603/9603
f 9577/9577 9580/9580 9582/9582
f 9577/9577 9582/9582 9579/9579
f 9606/9606 9587/9587 9591/9591
f 9606/9606 9591/9591 9609/9609
f 9586/9586 9589/9589 9590/9590
f 9586/9586 9590/9590 9588/9588
f 9597/9597 9572/9572 9575/9575
f 9597/9597 9575/9575 9599/9599
f 9571/9571 9574/9574 9576/9576
f 9571/9571 9576/9576 9573/9573
f 9603/9603 9581/9581 9584/9584
f 9603/9603 9584/9584 9605/9605
f 9580/9580 9583/9583 9585/9585
f 9580/9580 9585/9585 9582/9582
f 9599/9599 9575/9575 9578/9578
f 9599/9599 9578/9578 9600/9600
f 9574/9574 9577/9577 9579/9579
f 9574/9574 9579/9579 9576/9576
f 9605/9605 9584/9584 9587/9587
f 9605/9605 9587/9587 9606/9606
f 9583/9583 9586/9586 9588/9588
f 9583/9583 9588/9588 9585/9585
f 9594/9594 9730/9730 9709/9709
f 9594/9594 9709/9709 9569/9569
f 8965/8965 9602/9602 9601/9601
f 8965/8965 9601/9601 8963/8963
f 8962/8962 9600/9600 9603/9603
f 8962/8962 9603/9603 8964/8964
f 8971/8971 9608/9608 9607/9607
f 8971/8971 9607/9607 8969/8969
f 8968/8968 9606/9606 9609/9609
f 8968/8968 9609/9609 8970/8970
f 8961/8961 9598/9598 9596/9596
f 8961/8961 9596/9596 8959/8959
f 8958/8958 9597/9597 9599/9599
f 8958/8958 9599/9599 8960/8960
f 8967/8967 9604/9604 9602/9602
f 8967/8967 9602/9602 8965/8965
f 8964/8964 9603/9603 9605/9605
f 8964/8964 9605/9605 8966/8966
f 8963/8963 9601/9601 9598/9598
f 8963/8963 9598/9598 8961/8961
f 8960/8960 9599/9599 9600/9600
f 8960/8960 9600/9600 8962/8962
f 8969/8969 9607/9607 9604/9604
f 8969/8969 9604/9604 8967/8967
f 8966/8966 9605/9605 9606/9606
f 8966/8966 9606/9606 8968/8968
f 9729/9729 9120/9120 9593/9593
f 9729/9729 9593/9593 9595/9595
f 9592/9592 9119/9119 9730/9730
f 9592/9592 9730/9730 9594/9594
f 9456/9456 9610/9610 9613/9613
f 9456/9456 9613/9613 9459/9459
f 9458/9458 9612/9612 9611/9611
f 9458/9458 9611/9611 9457/9457
f 9619/9619 9622/9622 9625/9625
f 9619/9619 9625/9625 9621/9621
f 9620/9620 9624/9624 9623/9623
f 9620/9620 9623/9623 9618/9618
f 9631/9631 9634/9634 9637/9637
f 9631/9631 9637/9637 9633/9633
f 9632/9632 9636/9636 9635/9635
f 9632/9632 9635/9635 9630/9630
f 9610/9610 9614/9614 9617/9617
f 9610/9610 9617/9617 9613/9613
f 9612/9612 9616/9616 9615/9615
f 9612/9612 9615/9615 9611/9611
f 9622/9622 9626/9626 9629/9629
f 9622/9622 9629/9629 9625/9625
f 9624/9624 9628/9628 9627/9627
f 9624/9624 9627/9627 9623/9623
f 9614/9614 9619/9619 9621/9621
f 9614/9614 9621/9621 9617/9617
f 9616/9616 9620/9620 9618/9618
f 9616/9616 9618/9618 9615/9615
f 9626/9626 9631/9631 9633/9633
f 9626/9626 9633/9633 9629/9629
f 9628/9628 9632/9632 9630/9630
f 9628/9628 9630/9630 9627/9627
f 9647/9647 9649/9649 9644/9644
f 9647/9647 9644/9644 9645/9645
f 9656/9656 9658/9658 9653/9653
f 9656/9656 9653/9653 9654/9654
f 9641/9641 9643/9643 9640/9640
f 9641/9641 9640/9640 9638/9638
f 9650/9650 9652/9652 9649/9649
f 9650/9650 9649/9649 9647/9647
f 9645/9645 9644/9644 9643/9643
f 9645/9645 9643/9643 9641/9641
f 9654/9654 9653/9653 9652/9652
f 9654/9654 9652/9652 9650/9650
f 9781/9781 9783/9783 9775/9775
f 9781/9781 9775/9775 9777/9777
f 9665/9665 9666/9666 9663/9663
f 9665/9665 9663/9663 9664/9664
f 9671/9671 9672/9672 9669/9669
f 9671/9671 9669/9669 9670/9670
f 9661/9661 9662/9662 9660/9660
f 9661/9661 9660/9660 9659/9659
f 9667/9667 9668/9668 9666/9666
f 9667/9667 9666/9666 9665/9665
f 9664/9664 9663/9663 9662/9662
f 9664/9664 9662/9662 9661/9661
f 9670/9670 9669/9669 9668/9668
f 9670/9670 9668/9668 9667/9667
f 9803/9803 9804/9804 9799/9799
f 9803/9803 9799/9799 9801/9801
f 9679/9679 9680/9680 9677/9677
f 9679/9679 9677/9677 9678/9678
f 9685/9685 9686/9686 9683/9683
f 9685/9685 9683/9683 9684/9684
f 9675/9675 9676/9676 9674/9674
f 9675/9675 9674/9674 9673/9673
f 9681/9681 9682/9682 9680/9680
f 9681/9681 9680/9680 9679/9679
f 9678/9678 9677/9677 9676/9676
f 9678/9678 9676/9676 9675/9675
f 9684/9684 9683/9683 9682/9682
f 9684/9684 9682/9682 9681/9681
f 9819/9819 9820/9820 9815/9815
f 9819/9819 9815/9815 9817/9817
f 9696/9696 9698/9698 9694/9694
f 9696/9696 9694/9694 9695/9695
f 9705/9705 9707/9707 9703/9703
f 9705/9705 9703/9703 9704/9704
f 9690/9690 9692/9692 9689/9689
f 9690/9690 9689/9689 9687/9687
f 9699/9699 9701/9701 9698/9698
f 9699/9699 9698/9698 9696/9696
f 9695/9695 9694/9694 9692/9692
f 9695/9695 9692/9692 9690/9690
f 9704/9704 9703/9703 9701/9701
f 9704/9704 9701/9701 9699/9699
f 9837/9837 9839/9839 9831/9831
f 9837/9837 9831/9831 9835/9835
f 9733/9733 9736/9736 9718/9718
f 9733/9733 9718/9718 9715/9715
f 9570/9570 9710/9710 9708/9708
f 9570/9570 9708/9708 9568/9568
f 9739/9739 9742/9742 9728/9728
f 9739/9739 9728/9728 9724/9724
f 9716/9716 9719/9719 9717/9717
f 9716/9716 9717/9717 9714/9714
f 9730/9730 9732/9732 9712/9712
f 9730/9730 9712/9712 9709/9709
f 9725/9725 9727/9727 9726/9726
f 9725/9725 9726/9726 9723/9723
f 9736/9736 9738/9738 9721/9721
f 9736/9736 9721/9721 9718/9718
f 9710/9710 9713/9713 9711/9711
f 9710/9710 9711/9711 9708/9708
f 9732/9732 9733/9733 9715/9715
f 9732/9732 9715/9715 9712/9712
f 9719/9719 9722/9722 9720/9720
f 9719/9719 9720/9720 9717/9717
f 9738/9738 9739/9739 9724/9724
f 9738/9738 9724/9724 9721/9721
f 9713/9713 9716/9716 9714/9714
f 9713/9713 9714/9714 9711/9711
f 9877/9877 9882/9882 9860/9860
f 9877/9877 9860/9860 9856/9856
f 9722/9722 9725/9725 9723/9723
f 9722/9722 9723/9723 9720/9720
f 9735/9735 9126/9126 9124/9124
f 9735/9735 9124/9124 9734/9734
f 9733/9733 9123/9123 9125/9125
f 9733/9733 9125/9125 9736/9736
f 9741/9741 9132/9132 9130/9130
f 9741/9741 9130/9130 9740/9740
f 9739/9739 9129/9129 9131/9131
f 9739/9739 9131/9131 9742/9742
f 9731/9731 9122/9122 9120/9120
f 9731/9731 9120/9120 9729/9729
f 9730/9730 9119/9119 9121/9121
f 9730/9730 9121/9121 9732/9732
f 9737/9737 9128/9128 9126/9126
f 9737/9737 9126/9126 9735/9735
f 9736/9736 9125/9125 9127/9127
f 9736/9736 9127/9127 9738/9738
f 9734/9734 9124/9124 9122/9122
f 9734/9734 9122/9122 9731/9731
f 9732/9732 9121/9121 9123/9123
f 9732/9732 9123/9123 9733/9733
f 9740/9740 9130/9130 9128/9128
f 9740/9740 9128/9128 9737/9737
f 9738/9738 9127/9127 9129/9129
f 9738/9738 9129/9129 9739/9739
f 9881/9881 9297/9297 9293/9293
f 9881/9881 9293/9293 9879/9879
f 9877/9877 9292/9292 9296/9296
f 9877/9877 9296/9296 9882/9882
f 9745/9745 9751/9751 9754/9754
f 9745/9745 9754/9754 9748/9748
f 9747/9747 9753/9753 9752/9752
f 9747/9747 9752/9752 9743/9743
f 9760/9760 9763/9763 9766/9766
f 9760/9760 9766/9766 9762/9762
f 9761/9761 9765/9765 9764/9764
f 9761/9761 9764/9764 9759/9759
f 9772/9772 9485/9485 9487/9487
f 9772/9772 9487/9487 9774/9774
f 9773/9773 9486/9486 9484/9484
f 9773/9773 9484/9484 9771/9771
f 9751/9751 9755/9755 9758/9758
f 9751/9751 9758/9758 9754/9754
f 9753/9753 9757/9757 9756/9756
f 9753/9753 9756/9756 9752/9752
f 9763/9763 9767/9767 9770/9770
f 9763/9763 9770/9770 9766/9766
f 9765/9765 9769/9769 9768/9768
f 9765/9765 9768/9768 9764/9764
f 9755/9755 9760/9760 9762/9762
f 9755/9755 9762/9762 9758/9758
f 9757/9757 9761/9761 9759/9759
f 9757/9757 9759/9759 9756/9756
f 9767/9767 9772/9772 9774/9774
f 9767/9767 9774/9774 9770/9770
f 9769/9769 9773/9773 9771/9771
f 9769/9769 9771/9771 9768/9768
f 9790/9790 9792/9792 9787/9787
f 9790/9790 9787/9787 9788/9788
f 9509/9509 9796/9796 9797/9797
f 9509/9509 9797/9797 9510/9510
f 9784/9784 9786/9786 9783/9783
f 9784/9784 9783/9783 9781/9781
f 9793/9793 9795/9795 9792/9792
f 9793/9793 9792/9792 9790/9790
f 9788/9788 9787/9787 9786/9786
f 9788/9788 9786/9786 9784/9784
f 9797/9797 9796/9796 9795/9795
f 9797/9797 9795/9795 9793/9793
f 9921/9921 9922/9922 9779/9779
f 9921/9921 9779/9779 9776/9776
f 9809/9809 9810/9810 9807/9807
f 9809/9809 9807/9807 9808/9808
f 9526/9526 9813/9813 9814/9814
f 9526/9526 9814/9814 9527/9527
f 9805/9805 9806/9806 9804/9804
f 9805/9805 9804/9804 9803/9803
f 9811/9811 9812/9812 9810/9810
f 9811/9811 9810/9810 9809/9809
f 9808/9808 9807/9807 9806/9806
f 9808/9808 9806/9806 9805/9805
f 9814/9814 9813/9813 9812/9812
f 9814/9814 9812/9812 9811/9811
f 9939/9939 9940/9940 9802/9802
f 9939/9939 9802/9802 9800/9800
f 9825/9825 9826/9826 9823/9823
f 9825/9825 9823/9823 9824/9824
f 9542/9542 9829/9829 9830/9830
f 9542/9542 9830/9830 9543/9543
f 9821/9821 9822/9822 9820/9820
f 9821/9821 9820/9820 9819/9819
f 9827/9827 9828/9828 9826/9826
f 9827/9827 9826/9826 9825/9825
f 9824/9824 9823/9823 9822/9822
f 9824/9824 9822/9822 9821/9821
f 9830/9830 9829/9829 9828/9828
f 9830/9830 9828/9828 9827/9827
f 9951/9951 9952/9952 9818/9818
f 9951/9951 9818/9818 9816/9816
f 9846/9846 9848/9848 9844/9844
f 9846/9846 9844/9844 9845/9845
f 9566/9566 9853/9853 9854/9854
f 9566/9566 9854/9854 9567/9567
f 9840/9840 9842/9842 9839/9839
f 9840/9840 9839/9839 9837/9837
f 9849/9849 9851/9851 9848/9848
f 9849/9849 9848/9848 9846/9846
f 9845/9845 9844/9844 9842/9842
f 9845/9845 9842/9842 9840/9840
f 9854/9854 9853/9853 9851/9851
f 9854/9854 9851/9851 9849/9849
f 9964/9964 9965/9965 9836/9836
f 9964/9964 9836/9836 9834/9834
f 9885/9885 9890/9890 9869/9869
f 9885/9885 9869/9869 9866/9866
f 9858/9858 9861/9861 9859/9859
f 9858/9858 9859/9859 9855/9855
f 9893/9893 9609/9609 9591/9591
f 9893/9893 9591/9591 9875/9875
f 9867/9867 9870/9870 9868/9868
f 9867/9867 9868/9868 9865/9865
f 9882/9882 9884/9884 9863/9863
f 9882/9882 9863/9863 9860/9860
f 9876/9876 9590/9590 9589/9589
f 9876/9876 9589/9589 9874/9874
f 9890/9890 9892/9892 9872/9872
f 9890/9890 9872/9872 9869/9869
f 9861/9861 9864/9864 9862/9862
f 9861/9861 9862/9862 9859/9859
f 9884/9884 9885/9885 9866/9866
f 9884/9884 9866/9866 9863/9863
f 9870/9870 9873/9873 9871/9871
f 9870/9870 9871/9871 9868/9868
f 9892/9892 9893/9893 9875/9875
f 9892/9892 9875/9875 9872/9872
f 9864/9864 9867/9867 9865/9865
f 9864/9864 9865/9865 9862/9862
f 9878/9878 9857/9857 9982/9982
f 9878/9878 9982/9982 10000/10000
f 9873/9873 9876/9876 9874/9874
f 9873/9873 9874/9874 9871/9871
f 9889/9889 9301/9301 9887/9887
f 9889/9889 9887/9887 9888/9888
f 9885/9885 9886/9886 9300/9300
f 9885/9885 9300/9300 9890/9890
f 8971/8971 9895/9895 9896/9896
f 8971/8971 9896/9896 9608/9608
f 9893/9893 9894/9894 8970/8970
f 9893/9893 8970/8970 9609/9609
f 9883/9883 9299/9299 9297/9297
f 9883/9883 9297/9297 9881/9881
f 9882/9882 9296/9296 9298/9298
f 9882/9882 9298/9298 9884/9884
f 9891/9891 9303/9303 9301/9301
f 9891/9891 9301/9301 9889/9889
f 9890/9890 9300/9300 9302/9302
f 9890/9890 9302/9302 9892/9892
f 9888/9888 9887/9887 9299/9299
f 9888/9888 9299/9299 9883/9883
f 9884/9884 9298/9298 9886/9886
f 9884/9884 9886/9886 9885/9885
f 9896/9896 9895/9895 9303/9303
f 9896/9896 9303/9303 9891/9891
f 9892/9892 9302/9302 9894/9894
f 9892/9892 9894/9894 9893/9893
f 9430/9430 9999/9999 9880/9880
f 9430/9430 9880/9880 9295/9295
f 9878/9878 10000/10000 9429/9429
f 9878/9878 9429/9429 9294/9294
f 9744/9744 9897/9897 9899/9899
f 9744/9744 9899/9899 9749/9749
f 9750/9750 9900/9900 9898/9898
f 9750/9750 9898/9898 9746/9746
f 9906/9906 9909/9909 9911/9911
f 9906/9906 9911/9911 9907/9907
f 9908/9908 9912/9912 9910/9910
f 9908/9908 9910/9910 9905/9905
f 9918/9918 9635/9635 9636/9636
f 9918/9918 9636/9636 9919/9919
f 9920/9920 9637/9637 9634/9634
f 9920/9920 9634/9634 9917/9917
f 9897/9897 9901/9901 9903/9903
f 9897/9897 9903/9903 9899/9899
f 9900/9900 9904/9904 9902/9902
f 9900/9900 9902/9902 9898/9898
f 9909/9909 9913/9913 9915/9915
f 9909/9909 9915/9915 9911/9911
f 9912/9912 9916/9916 9914/9914
f 9912/9912 9914/9914 9910/9910
f 9901/9901 9906/9906 9907/9907
f 9901/9901 9907/9907 9903/9903
f 9904/9904 9908/9908 9905/9905
f 9904/9904 9905/9905 9902/9902
f 9913/9913 9918/9918 9919/9919
f 9913/9913 9919/9919 9915/9915
f 9916/9916 9920/9920 9917/9917
f 9916/9916 9917/9917 9914/9914
f 9930/9930 9931/9931 9927/9927
f 9930/9930 9927/9927 9929/9929
f 9656/9656 9936/9936 9938/9938
f 9656/9656 9938/9938 9658/9658
f 9924/9924 9925/9925 9922/9922
f 9924/9924 9922/9922 9921/9921
f 9933/9933 9934/9934 9931/9931
f 9933/9933 9931/9931 9930/9930
f 9929/9929 9927/9927 9925/9925
f 9929/9929 9925/9925 9924/9924
f 9938/9938 9936/9936 9934/9934
f 9938/9938 9934/9934 9933/9933
f 9945/9945 9946/9946 9943/9943
f 9945/9945 9943/9943 9944/9944
f 9671/9671 9949/9949 9950/9950
f 9671/9671 9950/9950 9672/9672
f 9941/9941 9942/9942 9940/9940
f 9941/9941 9940/9940 9939/9939
f 9947/9947 9948/9948 9946/9946
f 9947/9947 9946/9946 9945/9945
f 9944/9944 9943/9943 9942/9942
f 9944/9944 9942/9942 9941/9941
f 9950/9950 9949/9949 9948/9948
f 9950/9950 9948/9948 9947/9947
f 9530/9530 9531/9531 9528/9528
f 9530/9530 9528/9528 9529/9529
f 9957/9957 9958/9958 9955/9955
f 9957/9957 9955/9955 9956/9956
f 9685/9685 9961/9961 9962/9962
f 9685/9685 9962/9962 9686/9686
f 9953/9953 9954/9954 9952/9952
f 9953/9953 9952/9952 9951/9951
f 9959/9959 9960/9960 9958/9958
f 9959/9959 9958/9958 9957/9957
f 9956/9956 9955/9955 9954/9954
f 9956/9956 9954/9954 9953/9953
f 9962/9962 9961/9961 9960/9960
f 9962/9962 9960/9960 9959/9959
f 9973/9973 9974/9974 9969/9969
f 9973/9973 9969/9969 9971/9971
f 9705/9705 9978/9978 9980/9980
f 9705/9705 9980/9980 9707/9707
f 9967/9967 9968/9968 9965/9965
f 9967/9967 9965/9965 9964/9964
f 9976/9976 9977/9977 9974/9974
f 9976/9976 9974/9974 9973/9973
f 9971/9971 9969/9969 9968/9968
f 9971/9971 9968/9968 9967/9967
f 9980/9980 9978/9978 9977/9977
f 9980/9980 9977/9977 9976/9976
f 9855/9855 9981/9981 9983/9983
f 9855/9855 9983/9983 9858/9858
f 10005/10005 9988/9988 9991/9991
f 10005/10005 9991/9991 10008/10008
f 9987/9987 9990/9990 9992/9992
f 9987/9987 9992/9992 9989/9989
f 10013/10013 9997/9997 9728/9728
f 10013/10013 9728/9728 9742/9742
f 9996/9996 9726/9726 9727/9727
f 9996/9996 9727/9727 9998/9998
f 10000/10000 9982/9982 9985/9985
f 10000/10000 9985/9985 10002/10002
f 9981/9981 9984/9984 9986/9986
f 9981/9981 9986/9986 9983/9983
f 10008/10008 9991/9991 9994/9994
f 10008/10008 9994/9994 10010/10010
f 9990/9990 9993/9993 9995/9995
f 9990/9990 9995/9995 9992/9992
f 10002/10002 9985/9985 9988/9988
f 10002/10002 9988/9988 10005/10005
f 9984/9984 9987/9987 9989/9989
f 9984/9984 9989/9989 9986/9986
f 10010/10010 9994/9994 9997/9997
f 10010/10010 9997/9997 10013/10013
f 9993/9993 9996/9996 9998/9998
f 9993/9993 9998/9998 9995/9995
f 9434/9434 10007/10007 10006/10006
f 9434/9434 10006/10006 9432/9432
f 9431/9431 10005/10005 10008/10008
f 9431/9431 10008/10008 9433/9433
f 9741/9741 10014/10014 9436/9436
f 9741/9741 9436/9436 9132/9132
f 9435/9435 10013/10013 9742/9742
f 9435/9435 9742/9742 9131/9131
f 10004/10004 10001/10001 9999/9999
f 10004/10004 9999/9999 9430/9430
f 9429/9429 10000/10000 10002/10002
f 9429/9429 10002/10002 10003/10003
f 10012/10012 10009/10009 10007/10007
f 10012/10012 10007/10007 9434/9434
f 9433/9433 10008/10008 10010/10010
f 9433/9433 10010/10010 10011/10011
f 9432/9432 10006/10006 10001/10001
f 9432/9432 10001/10001 10004/10004
f 10003/10003 10002/10002 10005/10005
f 10003/10003 10005/10005 9431/9431
f 9436/9436 10014/10014 10009/10009
f 9436/9436 10009/10009 10012/10012
f 10011/10011 10010/10010 10013/10013
f 10011/10011 10013/10013 9435/9435
f 8903/8903 9456/9456 9461/9461
f 8903/8903 9461/9461 8905/8905
f 8903/8903 9071/9071 9610/9610
f 8903/8903 9610/9610 9456/9456
f 8905/8905 9461/9461 9465/9465
f 8905/8905 9465/9465 8907/8907
f 8907/8907 9465/9465 9468/9468
f 8907/8907 9468/9468 8909/8909
f 8909/8909 9468/9468 9473/9473
f 8909/8909 9473/9473 8911/8911
f 8911/8911 9473/9473 9477/9477
f 8911/8911 9477/9477 8913/8913
f 8913/8913 9477/9477 9480/9480
f 8913/8913 9480/9480 8915/8915
f 8915/8915 9480/9480 9485/9485
f 8915/8915 9485/9485 8916/8916
f 9252/9252 8916/8916 9485/9485
f 9252/9252 9485/9485 9772/9772
f 9490/9490 9512/9512 9515/9515
f 9490/9490 9515/9515 9491/9491
f 9490/9490 9640/9640 9659/9659
f 9490/9490 9659/9659 9512/9512
f 9491/9491 9515/9515 9517/9517
f 9491/9491 9517/9517 9494/9494
f 9494/9494 9517/9517 9518/9518
f 9494/9494 9518/9518 9499/9499
f 9499/9499 9518/9518 9521/9521
f 9499/9499 9521/9521 9500/9500
f 9500/9500 9521/9521 9523/9523
f 9500/9500 9523/9523 9503/9503
f 9503/9503 9523/9523 9524/9524
f 9503/9503 9524/9524 9508/9508
f 9508/9508 9524/9524 9527/9527
f 9508/9508 9527/9527 9509/9509
f 9796/9796 9509/9509 9527/9527
f 9796/9796 9527/9527 9814/9814
f 9513/9513 8934/8934 8941/8941
f 9513/9513 8941/8941 9514/9514
f 9513/9513 9660/9660 9104/9104
f 9513/9513 9104/9104 8934/8934
f 9514/9514 8941/8941 8937/8937
f 9514/9514 8937/8937 9516/9516
f 9516/9516 8937/8937 8929/8929
f 9516/9516 8929/8929 9519/9519
f 9519/9519 8929/8929 8926/8926
f 9519/9519 8926/8926 9520/9520
f 9520/9520 8926/8926 8939/8939
f 9520/9520 8939/8939 9522/9522
f 9522/9522 8939/8939 8933/8933
f 9522/9522 8933/8933 9525/9525
f 9525/9525 8933/8933 8930/8930
f 9525/9525 8930/8930 9526/9526
f 9813/9813 9526/9526 8930/8930
f 9813/9813 8930/8930 9266/9266
f 9529/9529 8942/8942 8943/8943
f 9529/9529 8943/8943 9530/9530
f 9529/9529 9674/9674 9105/9105
f 9529/9529 9105/9105 8942/8942
f 8935/8935 9528/9528 9531/9531
f 8935/8935 9531/9531 8940/8940
f 8935/8935 9103/9103 9673/9673
f 8935/8935 9673/9673 9528/9528
f 8940/8940 9531/9531 9533/9533
f 8940/8940 9533/9533 8936/8936
f 9530/9530 8943/8943 8944/8944
f 9530/9530 8944/8944 9532/9532
f 8936/8936 9533/9533 9534/9534
f 8936/8936 9534/9534 8928/8928
f 9532/9532 8944/8944 8945/8945
f 9532/9532 8945/8945 9535/9535
f 9535/9535 8945/8945 8946/8946
f 9535/9535 8946/8946 9536/9536
f 8928/8928 9534/9534 9537/9537
f 8928/8928 9537/9537 8927/8927
f 8927/8927 9537/9537 9539/9539
f 8927/8927 9539/9539 8938/8938
f 9536/9536 8946/8946 8947/8947
f 9536/9536 8947/8947 9538/9538
f 8938/8938 9539/9539 9540/9540
f 8938/8938 9540/9540 8932/8932
f 9538/9538 8947/8947 8948/8948
f 9538/9538 8948/8948 9541/9541
f 9541/9541 8948/8948 8949/8949
f 9541/9541 8949/8949 9542/9542
f 8932/8932 9540/9540 9543/9543
f 8932/8932 9543/9543 8931/8931
f 9829/9829 9542/9542 8949/8949
f 9829/9829 8949/8949 9284/9284
f 9265/9265 8931/8931 9543/9543
f 9265/9265 9543/9543 9830/9830
f 9545/9545 9595/9595 9596/9596
f 9545/9545 9596/9596 9547/9547
f 9545/9545 9688/9688 9729/9729
f 9545/9545 9729/9729 9595/9595
f 8942/8942 9544/9544 9549/9549
f 8942/8942 9549/9549 8943/8943
f 8942/8942 9105/9105 9687/9687
f 8942/8942 9687/9687 9544/9544
f 8943/8943 9549/9549 9552/9552
f 8943/8943 9552/9552 8944/8944
f 9547/9547 9596/9596 9598/9598
f 9547/9547 9598/9598 9550/9550
f 8944/8944 9552/9552 9553/9553
f 8944/8944 9553/9553 8945/8945
f 9550/9550 9598/9598 9601/9601
f 9550/9550 9601/9601 9554/9554
f 9554/9554 9601/9601 9602/9602
f 9554/9554 9602/9602 9556/9556
f 8945/8945 9553/9553 9558/9558
f 8945/8945 9558/9558 8946/8946
f 8946/8946 9558/9558 9561/9561
f 8946/8946 9561/9561 8947/8947
f 9556/9556 9602/9602 9604/9604
f 9556/9556 9604/9604 9559/9559
f 8947/8947 9561/9561 9562/9562
f 8947/8947 9562/9562 8948/8948
f 9559/9559 9604/9604 9607/9607
f 9559/9559 9607/9607 9563/9563
f 9563/9563 9607/9607 9608/9608
f 9563/9563 9608/9608 9565/9565
f 8948/8948 9562/9562 9567/9567
f 8948/8948 9567/9567 8949/8949
f 9852/9852 9565/9565 9608/9608
f 9852/9852 9608/9608 9896/9896
f 9284/9284 8949/8949 9567/9567
f 9284/9284 9567/9567 9854/9854
f 9568/9568 9708/9708 9118/9118
f 9568/9568 9118/9118 8957/8957
f 9568/9568 8957/8957 8956/8956
f 9568/9568 8956/8956 9571/9571
f 9571/9571 8956/8956 8955/8955
f 9571/9571 8955/8955 9574/9574
f 9574/9574 8955/8955 8954/8954
f 9574/9574 8954/8954 9577/9577
f 9577/9577 8954/8954 8953/8953
f 9577/9577 8953/8953 9580/9580
f 9580/9580 8953/8953 8952/8952
f 9580/9580 8952/8952 9583/9583
f 9583/9583 8952/8952 8951/8951
f 9583/9583 8951/8951 9586/9586
f 9586/9586 8951/8951 8950/8950
f 9586/9586 8950/8950 9589/9589
f 9874/9874 9589/9589 8950/8950
f 9874/9874 8950/8950 9285/9285
f 9071/9071 9073/9073 9614/9614
f 9071/9071 9614/9614 9610/9610
f 9073/9073 9075/9075 9619/9619
f 9073/9073 9619/9619 9614/9614
f 9075/9075 9077/9077 9622/9622
f 9075/9075 9622/9622 9619/9619
f 9077/9077 9079/9079 9626/9626
f 9077/9077 9626/9626 9622/9622
f 9079/9079 9081/9081 9631/9631
f 9079/9079 9631/9631 9626/9626
f 9081/9081 9082/9082 9634/9634
f 9081/9081 9634/9634 9631/9631
f 9398/9398 9917/9917 9634/9634
f 9398/9398 9634/9634 9082/9082
f 9640/9640 9643/9643 9661/9661
f 9640/9640 9661/9661 9659/9659
f 9643/9643 9644/9644 9664/9664
f 9643/9643 9664/9664 9661/9661
f 9644/9644 9649/9649 9665/9665
f 9644/9644 9665/9665 9664/9664
f 9649/9649 9652/9652 9667/9667
f 9649/9649 9667/9667 9665/9665
f 9652/9652 9653/9653 9670/9670
f 9652/9652 9670/9670 9667/9667
f 9653/9653 9658/9658 9671/9671
f 9653/9653 9671/9671 9670/9670
f 9938/9938 9949/9949 9671/9671
f 9938/9938 9671/9671 9658/9658
f 9660/9660 9662/9662 9100/9100
f 9660/9660 9100/9100 9104/9104
f 9662/9662 9663/9663 9094/9094
f 9662/9662 9094/9094 9100/9100
f 9663/9663 9666/9666 9091/9091
f 9663/9663 9091/9091 9094/9094
f 9666/9666 9668/9668 9102/9102
f 9666/9666 9102/9102 9091/9091
f 9668/9668 9669/9669 9098/9098
f 9668/9668 9098/9098 9102/9102
f 9669/9669 9672/9672 9095/9095
f 9669/9669 9095/9095 9098/9098
f 9950/9950 9410/9410 9095/9095
f 9950/9950 9095/9095 9672/9672
f 9674/9674 9676/9676 9106/9106
f 9674/9674 9106/9106 9105/9105
f 9103/9103 9099/9099 9675/9675
f 9103/9103 9675/9675 9673/9673
f 9676/9676 9677/9677 9107/9107
f 9676/9676 9107/9107 9106/9106
f 9099/9099 9093/9093 9678/9678
f 9099/9099 9678/9678 9675/9675
f 9677/9677 9680/9680 9108/9108
f 9677/9677 9108/9108 9107/9107
f 9093/9093 9092/9092 9679/9679
f 9093/9093 9679/9679 9678/9678
f 9680/9680 9682/9682 9109/9109
f 9680/9680 9109/9109 9108/9108
f 9092/9092 9101/9101 9681/9681
f 9092/9092 9681/9681 9679/9679
f 9682/9682 9683/9683 9110/9110
f 9682/9682 9110/9110 9109/9109
f 9101/9101 9097/9097 9684/9684
f 9101/9101 9684/9684 9681/9681
f 9683/9683 9686/9686 9111/9111
f 9683/9683 9111/9111 9110/9110
f 9097/9097 9096/9096 9685/9685
f 9097/9097 9685/9685 9684/9684
f 9962/9962 9422/9422 9111/9111
f 9962/9962 9111/9111 9686/9686
f 9409/9409 9961/9961 9685/9685
f 9409/9409 9685/9685 9096/9096
f 9688/9688 9691/9691 9731/9731
f 9688/9688 9731/9731 9729/9729
f 9105/9105 9106/9106 9690/9690
f 9105/9105 9690/9690 9687/9687
f 9691/9691 9693/9693 9734/9734
f 9691/9691 9734/9734 9731/9731
f 9106/9106 9107/9107 9695/9695
f 9106/9106 9695/9695 9690/9690
f 9693/9693 9697/9697 9735/9735
f 9693/9693 9735/9735 9734/9734
f 9107/9107 9108/9108 9696/9696
f 9107/9107 9696/9696 9695/9695
f 9697/9697 9700/9700 9737/9737
f 9697/9697 9737/9737 9735/9735
f 9108/9108 9109/9109 9699/9699
f 9108/9108 9699/9699 9696/9696
f 9700/9700 9702/9702 9740/9740
f 9700/9700 9740/9740 9737/9737
f 9109/9109 9110/9110 9704/9704
f 9109/9109 9704/9704 9699/9699
f 9702/9702 9706/9706 9741/9741
f 9702/9702 9741/9741 9740/9740
f 9110/9110 9111/9111 9705/9705
f 9110/9110 9705/9705 9704/9704
f 9979/9979 10014/10014 9741/9741
f 9979/9979 9741/9741 9706/9706
f 9422/9422 9978/9978 9705/9705
f 9422/9422 9705/9705 9111/9111
f 9708/9708 9711/9711 9117/9117
f 9708/9708 9117/9117 9118/9118
f 9711/9711 9714/9714 9116/9116
f 9711/9711 9116/9116 9117/9117
f 9714/9714 9717/9717 9115/9115
f 9714/9714 9115/9115 9116/9116
f 9717/9717 9720/9720 9114/9114
f 9717/9717 9114/9114 9115/9115
f 9720/9720 9723/9723 9113/9113
f 9720/9720 9113/9113 9114/9114
f 9723/9723 9726/9726 9112/9112
f 9723/9723 9112/9112 9113/9113
f 9996/9996 9423/9423 9112/9112
f 9996/9996 9112/9112 9726/9726
f 9239/9239 9242/9242 9751/9751
f 9239/9239 9751/9751 9745/9745
f 9240/9240 9746/9746 9898/9898
f 9240/9240 9898/9898 9388/9388
f 9242/9242 9244/9244 9755/9755
f 9242/9242 9755/9755 9751/9751
f 9244/9244 9246/9246 9760/9760
f 9244/9244 9760/9760 9755/9755
f 9246/9246 9248/9248 9763/9763
f 9246/9246 9763/9763 9760/9760
f 9248/9248 9250/9250 9767/9767
f 9248/9248 9767/9767 9763/9763
f 9250/9250 9252/9252 9772/9772
f 9250/9250 9772/9772 9767/9767
f 9775/9775 9783/9783 9803/9803
f 9775/9775 9803/9803 9801/9801
f 9776/9776 9802/9802 9940/9940
f 9776/9776 9940/9940 9921/9921
f 9783/9783 9786/9786 9805/9805
f 9783/9783 9805/9805 9803/9803
f 9786/9786 9787/9787 9808/9808
f 9786/9786 9808/9808 9805/9805
f 9787/9787 9792/9792 9809/9809
f 9787/9787 9809/9809 9808/9808
f 9792/9792 9795/9795 9811/9811
f 9792/9792 9811/9811 9809/9809
f 9795/9795 9796/9796 9814/9814
f 9795/9795 9814/9814 9811/9811
f 9799/9799 9804/9804 9276/9276
f 9799/9799 9276/9276 9267/9267
f 9800/9800 9268/9268 9416/9416
f 9800/9800 9416/9416 9939/9939
f 9804/9804 9806/9806 9272/9272
f 9804/9804 9272/9272 9276/9276
f 9806/9806 9807/9807 9264/9264
f 9806/9806 9264/9264 9272/9272
f 9807/9807 9810/9810 9261/9261
f 9807/9807 9261/9261 9264/9264
f 9810/9810 9812/9812 9274/9274
f 9810/9810 9274/9274 9261/9261
f 9812/9812 9813/9813 9266/9266
f 9812/9812 9266/9266 9274/9274
f 9815/9815 9820/9820 9279/9279
f 9815/9815 9279/9279 9277/9277
f 9269/9269 9275/9275 9819/9819
f 9269/9269 9819/9819 9817/9817
f 9816/9816 9278/9278 9417/9417
f 9816/9816 9417/9417 9951/9951
f 9270/9270 9818/9818 9952/9952
f 9270/9270 9952/9952 9415/9415
f 9820/9820 9822/9822 9280/9280
f 9820/9820 9280/9280 9279/9279
f 9275/9275 9271/9271 9821/9821
f 9275/9275 9821/9821 9819/9819
f 9822/9822 9823/9823 9281/9281
f 9822/9822 9281/9281 9280/9280
f 9271/9271 9263/9263 9824/9824
f 9271/9271 9824/9824 9821/9821
f 9823/9823 9826/9826 9282/9282
f 9823/9823 9282/9282 9281/9281
f 9263/9263 9262/9262 9825/9825
f 9263/9263 9825/9825 9824/9824
f 9826/9826 9828/9828 9283/9283
f 9826/9826 9283/9283 9282/9282
f 9262/9262 9273/9273 9827/9827
f 9262/9262 9827/9827 9825/9825
f 9828/9828 9829/9829 9284/9284
f 9828/9828 9284/9284 9283/9283
f 9273/9273 9265/9265 9830/9830
f 9273/9273 9830/9830 9827/9827
f 9832/9832 9838/9838 9881/9881
f 9832/9832 9881/9881 9879/9879
f 9277/9277 9279/9279 9837/9837
f 9277/9277 9837/9837 9835/9835
f 9833/9833 9880/9880 9999/9999
f 9833/9833 9999/9999 9963/9963
f 9278/9278 9836/9836 9965/9965
f 9278/9278 9965/9965 9417/9417
f 9838/9838 9841/9841 9883/9883
f 9838/9838 9883/9883 9881/9881
f 9279/9279 9280/9280 9840/9840
f 9279/9279 9840/9840 9837/9837
f 9841/9841 9843/9843 9888/9888
f 9841/9841 9888/9888 9883/9883
f 9280/9280 9281/9281 9845/9845
f 9280/9280 9845/9845 9840/9840
f 9843/9843 9847/9847 9889/9889
f 9843/9843 9889/9889 9888/9888
f 9281/9281 9282/9282 9846/9846
f 9281/9281 9846/9846 9845/9845
f 9847/9847 9850/9850 9891/9891
f 9847/9847 9891/9891 9889/9889
f 9282/9282 9283/9283 9849/9849
f 9282/9282 9849/9849 9846/9846
f 9850/9850 9852/9852 9896/9896
f 9850/9850 9896/9896 9891/9891
f 9283/9283 9284/9284 9854/9854
f 9283/9283 9854/9854 9849/9849
f 9855/9855 9291/9291 9428/9428
f 9855/9855 9428/9428 9981/9981
f 9855/9855 9859/9859 9290/9290
f 9855/9855 9290/9290 9291/9291
f 9859/9859 9862/9862 9289/9289
f 9859/9859 9289/9289 9290/9290
f 9862/9862 9865/9865 9288/9288
f 9862/9862 9288/9288 9289/9289
f 9865/9865 9868/9868 9287/9287
f 9865/9865 9287/9287 9288/9288
f 9868/9868 9871/9871 9286/9286
f 9868/9868 9286/9286 9287/9287
f 9871/9871 9874/9874 9285/9285
f 9871/9871 9285/9285 9286/9286
f 9388/9388 9898/9898 9902/9902
f 9388/9388 9902/9902 9390/9390
f 9390/9390 9902/9902 9905/9905
f 9390/9390 9905/9905 9392/9392
f 9392/9392 9905/9905 9910/9910
f 9392/9392 9910/9910 9394/9394
f 9394/9394 9910/9910 9914/9914
f 9394/9394 9914/9914 9396/9396
f 9396/9396 9914/9914 9917/9917
f 9396/9396 9917/9917 9398/9398
f 9921/9921 9940/9940 9942/9942
f 9921/9921 9942/9942 9924/9924
f 9924/9924 9942/9942 9943/9943
f 9924/9924 9943/9943 9929/9929
f 9929/9929 9943/9943 9946/9946
f 9929/9929 9946/9946 9930/9930
f 9930/9930 9946/9946 9948/9948
f 9930/9930 9948/9948 9933/9933
f 9933/9933 9948/9948 9949/9949
f 9933/9933 9949/9949 9938/9938
f 9939/9939 9416/9416 9412/9412
f 9939/9939 9412/9412 9941/9941
f 9941/9941 9412/9412 9408/9408
f 9941/9941 9408/9408 9944/9944
f 9944/9944 9408/9408 9405/9405
f 9944/9944 9405/9405 9945/9945
f 9945/9945 9405/9405 9414/9414
f 9945/9945 9414/9414 9947/9947
f 9947/9947 9414/9414 9410/9410
f 9947/9947 9410/9410 9950/9950
f 9415/9415 9952/9952 9954/9954
f 9415/9415 9954/9954 9411/9411
f 9951/9951 9417/9417 9418/9418
f 9951/9951 9418/9418 9953/9953
f 9411/9411 9954/9954 9955/9955
f 9411/9411 9955/9955 9407/9407
f 9953/9953 9418/9418 9419/9419
f 9953/9953 9419/9419 9956/9956
f 9956/9956 9419/9419 9420/9420
f 9956/9956 9420/9420 9957/9957
f 9407/9407 9955/9955 9958/9958
f 9407/9407 9958/9958 9406/9406
f 9406/9406 9958/9958 9960/9960
f 9406/9406 9960/9960 9413/9413
f 9957/9957 9420/9420 9421/9421
f 9957/9957 9421/9421 9959/9959
f 9413/9413 9960/9960 9961/9961
f 9413/9413 9961/9961 9409/9409
f 9959/9959 9421/9421 9422/9422
f 9959/9959 9422/9422 9962/9962
f 9417/9417 9965/9965 9968/9968
f 9417/9417 9968/9968 9418/9418
f 9963/9963 9999/9999 10001/10001
f 9963/9963 10001/10001 9966/9966
f 9418/9418 9968/9968 9969/9969
f 9418/9418 9969/9969 9419/9419
f 9966/9966 10001/10001 10006/10006
f 9966/9966 10006/10006 9970/9970
f 9970/9970 10006/10006 10007/10007
f 9970/9970 10007/10007 9972/9972
f 9419/9419 9969/9969 9974/9974
f 9419/9419 9974/9974 9420/9420
f 9420/9420 9974/9974 9977/9977
f 9420/9420 9977/9977 9421/9421
f 9972/9972 10007/10007 10009/10009
f 9972/9972 10009/10009 9975/9975
f 9421/9421 9977/9977 9978/9978
f 9421/9421 9978/9978 9422/9422
f 9975/9975 10009/10009 10014/10014
f 9975/9975 10014/10014 9979/9979
f 9981/9981 9428/9428 9427/9427
f 9981/9981 9427/9427 9984/9984
f 9984/9984 9427/9427 9426/9426
f 9984/9984 9426/9426 9987/9987
f 9987/9987 9426/9426 9425/9425
f 9987/9987 9425/9425 9990/9990
f 9990/9990 9425/9425 9424/9424
f 9990/9990 9424/9424 9993/9993
f 9993/9993 9424/9424 9423/9423
f 9993/9993 9423/9423 9996/9996
f 9514/9514 9515/9515 9512/9512
f 9514/9514 9512/9512 9513/9513
f 9592/9592 9594/9594 9597/9597
f 9592/9592 9597/9597 8958/8958
f 8959/8959 9596/9596 9595/9595
f 8959/8959 9595/9595 9593/9593
f 8995/8995 8997/8997 8994/8994
f 9320/9320 9319/9319 9326/9326
f 9455/9455 9451/9451 9452/9452
f 9150/9150 9149/9149 9155/9155
f 8998/8998 8991/8991 8992/8992
f 10016/10016 10017/10017 10018/10018
f 10016/10016 10018/10018 10015/10015
f 10022/10022 10023/10023 10024/10024
f 10022/10022 10024/10024 10021/10021
f 10028/10028 10029/10029 10030/10030
f 10028/10028 10030/10030 10027/10027
f 10017/10017 10019/10019 10020/10020
f 10017/10017 10020/10020 10018/10018
f 10023/10023 10025/10025 10026/10026
f 10023/10023 10026/10026 10024/10024
f 10019/10019 10022/10022 10021/10021
f 10019/10019 10021/10021 10020/10020
f 10025/10025 10028/10028 10027/10027
f 10025/10025 10027/10027 10026/10026
f 10032/10032 10033/10033 10034/10034
f 10032/10032 10034/10034 10031/10031
f 10038/10038 10039/10039 10040/10040
f 10038/10038 10040/10040 10037/10037
f 10044/10044 10045/10045 10046/10046
f 10044/10044 10046/10046 10043/10043
f 10033/10033 10035/10035 10036/10036
f 10033/10033 10036/10036 10034/10034
f 10039/10039 10041/10041 10042/10042
f 10039/10039 10042/10042 10040/10040
f 10035/10035 10038/10038 10037/10037
f 10035/10035 10037/10037 10036/10036
f 10041/10041 10044/10044 10043/10043
f 10041/10041 10043/10043 10042/10042
f 10015/10015 10047/10047 10048/10048
f 10015/10015 10048/10048 10016/10016
f 10052/10052 10053/10053 10054/10054
f 10052/10052 10054/10054 10051/10051
f 10058/10058 10059/10059 10060/10060
f 10058/10058 10060/10060 10057/10057
f 10047/10047 10049/10049 10050/10050
f 10047/10047 10050/10050 10048/10048
f 10053/10053 10055/10055 10056/10056
f 10053/10053 10056/10056 10054/10054
f 10049/10049 10052/10052 10051/10051
f 10049/10049 10051/10051 10050/10050
f 10055/10055 10058/10058 10057/10057
f 10055/10055 10057/10057 10056/10056
f 10031/10031 10061/10061 10062/10062
f 10031/10031 10062/10062 10032/10032
f 10066/10066 10067/10067 10068/10068
f 10066/10066 10068/10068 10065/10065
f 10072/10072 10073/10073 10074/10074
f 10072/10072 10074/10074 10071/10071
f 10061/10061 10063/10063 10064/10064
f 10061/10061 10064/10064 10062/10062
f 10067/10067 10069/10069 10070/10070
f 10067/10067 10070/10070 10068/10068
f 10063/10063 10066/10066 10065/10065
f 10063/10063 10065/10065 10064/10064
f 10069/10069 10072/10072 10071/10071
f 10069/10069 10071/10071 10070/10070
f 10077/10077 10079/10079 10080/10080
f 10077/10077 10080/10080 10075/10075
f 10084/10084 10085/10085 10086/10086
f 10084/10084 10086/10086 10083/10083
f 10090/10090 10030/10030 10029/10029
f 10090/10090 10029/10029 10089/10089
f 10079/10079 10081/10081 10082/10082
f 10079/10079 10082/10082 10080/10080
f 10085/10085 10087/10087 10088/10088
f 10085/10085 10088/10088 10086/10086
f 10081/10081 10084/10084 10083/10083
f 10081/10081 10083/10083 10082/10082
f 10087/10087 10090/10090 10089/10089
f 10087/10087 10089/10089 10088/10088
f 10093/10093 10095/10095 10096/10096
f 10093/10093 10096/10096 10091/10091
f 10100/10100 10101/10101 10102/10102
f 10100/10100 10102/10102 10099/10099
f 10106/10106 10046/10046 10045/10045
f 10106/10106 10045/10045 10105/10105
f 10095/10095 10097/10097 10098/10098
f 10095/10095 10098/10098 10096/10096
f 10101/10101 10103/10103 10104/10104
f 10101/10101 10104/10104 10102/10102
f 10097/10097 10100/10100 10099/10099
f 10097/10097 10099/10099 10098/10098
f 10103/10103 10106/10106 10105/10105
f 10103/10103 10105/10105 10104/10104
f 10076/10076 10107/10107 10108/10108
f 10076/10076 10108/10108 10078/10078
f 10112/10112 10113/10113 10114/10114
f 10112/10112 10114/10114 10111/10111
f 10118/10118 10060/10060 10059/10059
f 10118/10118 10059/10059 10117/10117
f 10107/10107 10109/10109 10110/10110
f 10107/10107 10110/10110 10108/10108
f 10113/10113 10115/10115 10116/10116
f 10113/10113 10116/10116 10114/10114
f 10109/10109 10112/10112 10111/10111
f 10109/10109 10111/10111 10110/10110
f 10115/10115 10118/10118 10117/10117
f 10115/10115 10117/10117 10116/10116
f 10092/10092 10119/10119 10120/10120
f 10092/10092 10120/10120 10094/10094
f 10124/10124 10125/10125 10126/10126
f 10124/10124 10126/10126 10123/10123
f 10130/10130 10074/10074 10073/10073
f 10130/10130 10073/10073 10129/10129
f 10119/10119 10121/10121 10122/10122
f 10119/10119 10122/10122 10120/10120
f 10125/10125 10127/10127 10128/10128
f 10125/10125 10128/10128 10126/10126
f 10121/10121 10124/10124 10123/10123
f 10121/10121 10123/10123 10122/10122
f 10127/10127 10130/10130 10129/10129
f 10127/10127 10129/10129 10128/10128
f 9457/9457 10015/10015 10018/10018
f 9457/9457 10018/10018 9460/9460
f 9457/9457 9611/9611 10047/10047
f 9457/9457 10047/10047 10015/10015
f 9460/9460 10018/10018 10020/10020
f 9460/9460 10020/10020 9464/9464
f 9464/9464 10020/10020 10021/10021
f 9464/9464 10021/10021 9469/9469
f 9469/9469 10021/10021 10024/10024
f 9469/9469 10024/10024 9472/9472
f 9472/9472 10024/10024 10026/10026
f 9472/9472 10026/10026 9476/9476
f 9476/9476 10026/10026 10027/10027
f 9476/9476 10027/10027 9481/9481
f 9481/9481 10027/10027 10030/10030
f 9481/9481 10030/10030 9484/9484
f 9771/9771 9484/9484 10030/10030
f 9771/9771 10030/10030 10090/10090
f 10032/10032 9489/9489 9493/9493
f 10032/10032 9493/9493 10033/10033
f 10032/10032 10062/10062 9639/9639
f 10032/10032 9639/9639 9489/9489
f 10033/10033 9493/9493 9496/9496
f 10033/10033 9496/9496 10035/10035
f 10035/10035 9496/9496 9498/9498
f 10035/10035 9498/9498 10038/10038
f 10038/10038 9498/9498 9502/9502
f 10038/10038 9502/9502 10039/10039
f 10039/10039 9502/9502 9505/9505
f 10039/10039 9505/9505 10041/10041
f 10041/10041 9505/9505 9507/9507
f 10041/10041 9507/9507 10044/10044
f 10044/10044 9507/9507 9511/9511
f 10044/10044 9511/9511 10045/10045
f 10105/10105 10045/10045 9511/9511
f 10105/10105 9511/9511 9798/9798
f 9611/9611 9615/9615 10049/10049
f 9611/9611 10049/10049 10047/10047
f 9615/9615 9618/9618 10052/10052
f 9615/9615 10052/10052 10049/10049
f 9618/9618 9623/9623 10053/10053
f 9618/9618 10053/10053 10052/10052
f 9623/9623 9627/9627 10055/10055
f 9623/9623 10055/10055 10053/10053
f 9627/9627 9630/9630 10058/10058
f 9627/9627 10058/10058 10055/10055
f 9630/9630 9635/9635 10059/10059
f 9630/9630 10059/10059 10058/10058
f 9918/9918 10117/10117 10059/10059
f 9918/9918 10059/10059 9635/9635
f 10062/10062 10064/10064 9642/9642
f 10062/10062 9642/9642 9639/9639
f 10064/10064 10065/10065 9646/9646
f 10064/10064 9646/9646 9642/9642
f 10065/10065 10068/10068 9648/9648
f 10065/10065 9648/9648 9646/9646
f 10068/10068 10070/10070 9651/9651
f 10068/10068 9651/9651 9648/9648
f 10070/10070 10071/10071 9655/9655
f 10070/10070 9655/9655 9651/9651
f 10071/10071 10074/10074 9657/9657
f 10071/10071 9657/9657 9655/9655
f 10130/10130 9937/9937 9657/9657
f 10130/10130 9657/9657 10074/10074
f 9743/9743 9752/9752 10079/10079
f 9743/9743 10079/10079 10077/10077
f 9744/9744 10078/10078 10108/10108
f 9744/9744 10108/10108 9897/9897
f 9752/9752 9756/9756 10081/10081
f 9752/9752 10081/10081 10079/10079
f 9756/9756 9759/9759 10084/10084
f 9756/9756 10084/10084 10081/10081
f 9759/9759 9764/9764 10085/10085
f 9759/9759 10085/10085 10084/10084
f 9764/9764 9768/9768 10087/10087
f 9764/9764 10087/10087 10085/10085
f 9768/9768 9771/9771 10090/10090
f 9768/9768 10090/10090 10087/10087
f 10091/10091 10096/10096 9782/9782
f 10091/10091 9782/9782 9778/9778
f 10092/10092 9780/9780 9923/9923
f 10092/10092 9923/9923 10119/10119
f 10096/10096 10098/10098 9785/9785
f 10096/10096 9785/9785 9782/9782
f 10098/10098 10099/10099 9789/9789
f 10098/10098 9789/9789 9785/9785
f 10099/10099 10102/10102 9791/9791
f 10099/10099 9791/9791 9789/9789
f 10102/10102 10104/10104 9794/9794
f 10102/10102 9794/9794 9791/9791
f 10104/10104 10105/10105 9798/9798
f 10104/10104 9798/9798 9794/9794
f 9897/9897 10108/10108 10110/10110
f 9897/9897 10110/10110 9901/9901
f 9901/9901 10110/10110 10111/10111
f 9901/9901 10111/10111 9906/9906
f 9906/9906 10111/10111 10114/10114
f 9906/9906 10114/10114 9909/9909
f 9909/9909 10114/10114 10116/10116
f 9909/9909 10116/10116 9913/9913
f 9913/9913 10116/10116 10117/10117
f 9913/9913 10117/10117 9918/9918
f 10119/10119 9923/9923 9926/9926
f 10119/10119 9926/9926 10121/10121
f 10121/10121 9926/9926 9928/9928
f 10121/10121 9928/9928 10124/10124
f 10124/10124 9928/9928 9932/9932
f 10124/10124 9932/9932 10125/10125
f 10125/10125 9932/9932 9935/9935
f 10125/10125 9935/9935 10127/10127
f 10127/10127 9935/9935 9937/9937
f 10127/10127 9937/9937 10130/10130
f 10025/10025 8920/8920 8925/8925
f 10025/10025 8925/8925 10028/10028
f 9548/9548 9549/9549 9544/9544
f 9548/9548 9544/9544 9546/9546
f 9491/9491 9492/9492 9488/9488
f 9491/9491 9488/9488 9490/9490
f 9594/9594 9569/9569 9572/9572
f 9594/9594 9572/9572 9597/9597
f 8999/8999 8996/8996 9325/9325
f 8999/8999 9325/9325 9326/9326
f 10205/10205 10138/10138 10150/10150
f 10205/10205 10150/10150 10207/10207
f 10176/10176 10135/10135 10147/10147
f 10176/10176 10147/10147 10178/10178
f 10216/10216 10142/10142 10154/10154
f 10216/10216 10154/10154 10217/10217
f 10194/10194 10132/10132 10144/10144
f 10194/10194 10144/10144 10196/10196
f 10166/10166 10229/10229 10218/10218
f 10222/10222 10136/10136 10148/10148
f 10222/10222 10148/10148 10223/10223
f 10206/10206 10131/10131 10143/10143
f 10206/10206 10143/10143 10208/10208
f 10220/10220 10151/10151 10163/10163
f 10220/10220 10163/10163 10221/10221
f 10177/10177 10140/10140 10152/10152
f 10177/10177 10152/10152 10179/10179
f 10195/10195 10137/10137 10149/10149
f 10195/10195 10149/10149 10197/10197
f 10185/10185 10134/10134 10146/10146
f 10185/10185 10146/10146 10187/10187
f 10186/10186 10141/10141 10153/10153
f 10186/10186 10153/10153 10188/10188
f 10217/10217 10154/10154 10166/10166
f 10217/10217 10166/10166 10218/10218
f 10196/10196 10144/10144 10156/10156
f 10196/10196 10156/10156 10198/10198
f 10219/10219 10139/10139 10151/10151
f 10219/10219 10151/10151 10220/10220
f 10223/10223 10148/10148 10160/10160
f 10223/10223 10160/10160 10224/10224
f 10208/10208 10143/10143 10155/10155
f 10208/10208 10155/10155 10210/10210
f 10225/10225 10133/10133 10145/10145
f 10225/10225 10145/10145 10226/10226
f 10179/10179 10152/10152 10164/10164
f 10179/10179 10164/10164 10181/10181
f 10197/10197 10149/10149 10161/10161
f 10197/10197 10161/10161 10199/10199
f 10187/10187 10146/10146 10158/10158
f 10187/10187 10158/10158 10189/10189
f 10188/10188 10153/10153 10165/10165
f 10188/10188 10165/10165 10190/10190
f 10207/10207 10150/10150 10162/10162
f 10207/10207 10162/10162 10209/10209
f 10178/10178 10147/10147 10159/10159
f 10178/10178 10159/10159 10180/10180
f 10236/10236 10199/10199 10161/10161
f 10236/10236 10161/10161 10233/10233
f 10203/10203 10200/10200 10171/10171
f 10203/10203 10171/10171 10184/10184
f 10181/10181 10183/10183 10175/10175
f 10181/10181 10175/10175 10163/10163
f 10160/10160 10235/10235 10224/10224
f 10190/10190 10192/10192 10170/10170
f 10190/10190 10170/10170 10164/10164
f 10232/10232 10210/10210 10155/10155
f 10232/10232 10155/10155 10228/10228
f 10157/10157 10172/10172 10230/10230
f 10157/10157 10230/10230 10227/10227
f 10237/10237 10211/10211 10168/10168
f 10237/10237 10168/10168 10233/10233
f 10163/10163 10175/10175 10234/10234
f 10163/10163 10234/10234 10221/10221
f 10214/10214 10183/10183 10170/10170
f 10214/10214 10170/10170 10213/10213
f 10189/10189 10193/10193 10172/10172
f 10189/10189 10172/10172 10157/10157
f 10231/10231 10201/10201 10169/10169
f 10231/10231 10169/10169 10228/10228
f 10215/10215 10213/10213 10170/10170
f 10215/10215 10170/10170 10192/10192
f 10180/10180 10184/10184 10171/10171
f 10180/10180 10171/10171 10158/10158
f 10204/10204 10193/10193 10171/10171
f 10204/10204 10171/10171 10200/10200
f 10159/10159 10174/10174 10184/10184
f 10159/10159 10184/10184 10180/10180
f 10211/10211 10175/10175 10183/10183
f 10211/10211 10183/10183 10214/10214
f 10164/10164 10170/10170 10183/10183
f 10164/10164 10183/10183 10181/10181
f 10202/10202 10203/10203 10184/10184
f 10202/10202 10184/10184 10174/10174
f 10146/10146 10178/10178 10180/10180
f 10146/10146 10180/10180 10158/10158
f 10151/10151 10179/10179 10181/10181
f 10151/10151 10181/10181 10163/10163
f 10139/10139 10177/10177 10179/10179
f 10139/10139 10179/10179 10151/10151
f 10134/10134 10176/10176 10178/10178
f 10134/10134 10178/10178 10146/10146
f 10201/10201 10172/10172 10193/10193
f 10201/10201 10193/10193 10204/10204
f 10212/10212 10215/10215 10192/10192
f 10212/10212 10192/10192 10173/10173
f 10158/10158 10171/10171 10193/10193
f 10158/10158 10193/10193 10189/10189
f 10165/10165 10173/10173 10192/10192
f 10165/10165 10192/10192 10190/10190
f 10152/10152 10188/10188 10190/10190
f 10152/10152 10190/10190 10164/10164
f 10145/10145 10187/10187 10189/10189
f 10145/10145 10189/10189 10157/10157
f 10140/10140 10186/10186 10188/10188
f 10140/10140 10188/10188 10152/10152
f 10133/10133 10185/10185 10187/10187
f 10133/10133 10187/10187 10145/10145
f 10169/10169 10201/10201 10204/10204
f 10169/10169 10204/10204 10191/10191
f 10168/10168 10182/10182 10203/10203
f 10168/10168 10203/10203 10202/10202
f 10191/10191 10204/10204 10200/10200
f 10191/10191 10200/10200 10167/10167
f 10230/10230 10172/10172 10201/10201
f 10230/10230 10201/10201 10231/10231
f 10182/10182 10167/10167 10200/10200
f 10182/10182 10200/10200 10203/10203
f 10235/10235 10160/10160 10199/10199
f 10235/10235 10199/10199 10236/10236
f 10148/10148 10197/10197 10199/10199
f 10148/10148 10199/10199 10160/10160
f 10143/10143 10196/10196 10198/10198
f 10143/10143 10198/10198 10155/10155
f 10136/10136 10195/10195 10197/10197
f 10136/10136 10197/10197 10148/10148
f 10131/10131 10194/10194 10196/10196
f 10131/10131 10196/10196 10143/10143
f 10169/10169 10191/10191 10215/10215
f 10169/10169 10215/10215 10212/10212
f 10168/10168 10211/10211 10214/10214
f 10168/10168 10214/10214 10182/10182
f 10191/10191 10167/10167 10213/10213
f 10191/10191 10213/10213 10215/10215
f 10182/10182 10214/10214 10213/10213
f 10182/10182 10213/10213 10167/10167
f 10234/10234 10175/10175 10211/10211
f 10234/10234 10211/10211 10237/10237
f 10229/10229 10166/10166 10210/10210
f 10229/10229 10210/10210 10232/10232
f 10149/10149 10207/10207 10209/10209
f 10149/10149 10209/10209 10161/10161
f 10154/10154 10208/10208 10210/10210
f 10154/10154 10210/10210 10166/10166
f 10142/10142 10206/10206 10208/10208
f 10142/10142 10208/10208 10154/10154
f 10137/10137 10205/10205 10207/10207
f 10137/10137 10207/10207 10149/10149
f 10226/10226 10145/10145 10157/10157
f 10226/10226 10157/10157 10227/10227
f 10153/10153 10217/10217 10218/10218
f 10153/10153 10218/10218 10165/10165
f 10150/10150 10220/10220 10221/10221
f 10150/10150 10221/10221 10162/10162
f 10138/10138 10219/10219 10220/10220
f 10138/10138 10220/10220 10150/10150
f 10141/10141 10216/10216 10217/10217
f 10141/10141 10217/10217 10153/10153
f 10147/10147 10223/10223 10224/10224
f 10147/10147 10224/10224 10159/10159
f 10144/10144 10226/10226 10227/10227
f 10144/10144 10227/10227 10156/10156
f 10132/10132 10225/10225 10226/10226
f 10132/10132 10226/10226 10144/10144
f 10173/10173 10229/10229 10232/10232
f 10173/10173 10232/10232 10212/10212
f 10156/10156 10230/10230 10231/10231
f 10156/10156 10231/10231 10198/10198
f 10198/10198 10231/10231 10228/10228
f 10198/10198 10228/10228 10155/10155
f 10221/10221 10234/10234 10162/10162
f 10212/10212 10232/10232 10228/10228
f 10212/10212 10228/10228 10169/10169
f 10218/10218 10229/10229 10173/10173
f 10218/10218 10173/10173 10165/10165
f 10162/10162 10234/10234 10237/10237
f 10162/10162 10237/10237 10209/10209
f 10174/10174 10235/10235 10236/10236
f 10174/10174 10236/10236 10202/10202
f 10227/10227 10230/10230 10156/10156
f 10224/10224 10235/10235 10174/10174
f 10224/10224 10174/10174 10159/10159
f 10209/10209 10237/10237 10233/10233
f 10209/10209 10233/10233 10161/10161
f 10202/10202 10236/10236 10233/10233
f 10202/10202 10233/10233 10168/10168
f 10135/10135 10222/10222 10223/10223
f 10135/10135 10223/10223 10147/10147
