# CC0 Poly Haven, Z-up, floor-centered
v -0.194986 0.092824 0.150082
v -0.128687 0.084477 0.302785
v -0.144124 0.094611 0.281547
v -0.156344 0.102632 0.258059
v -0.166789 0.109489 0.232724
v -0.174379 0.114472 0.205975
v -0.178986 0.117496 0.178270
v -0.180531 0.118510 0.150082
v -0.178986 0.117496 0.121895
v -0.174379 0.114472 0.094189
v -0.166789 0.109489 0.067441
v -0.156344 0.102633 0.042106
v -0.143225 0.094020 0.018618
v -0.115985 0.101213 0.302785
v -0.129899 0.113354 0.281547
v -0.140913 0.122965 0.258059
v -0.150326 0.131180 0.232724
v -0.157168 0.137150 0.205975
v -0.161320 0.140774 0.178270
v -0.162712 0.141988 0.150082
v -0.161320 0.140774 0.121895
v -0.157168 0.137150 0.094189
v -0.150326 0.131180 0.067441
v -0.140913 0.122965 0.042106
v -0.129088 0.112647 0.018618
v -0.101123 0.116063 0.302785
v -0.113254 0.129986 0.281547
v -0.122857 0.141008 0.258059
v -0.131064 0.150428 0.232724
v -0.137029 0.157274 0.205975
v -0.140649 0.161429 0.178270
v -0.141863 0.162822 0.150082
v -0.140649 0.161429 0.121895
v -0.137029 0.157274 0.094189
v -0.131064 0.150428 0.067441
v -0.122857 0.141008 0.042106
v -0.112547 0.129175 0.018618
v -0.084377 0.128752 0.302785
v -0.094499 0.144197 0.281547
v -0.102512 0.156423 0.258059
v -0.109360 0.166873 0.232724
v -0.114337 0.174468 0.205975
v -0.117358 0.179077 0.178270
v -0.118370 0.180622 0.150082
v -0.117358 0.179077 0.121895
v -0.114337 0.174468 0.094189
v -0.109360 0.166873 0.067441
v -0.102512 0.156423 0.042106
v -0.093910 0.143297 0.018618
v -0.066060 0.139042 0.302785
v -0.073984 0.155722 0.281547
v -0.080257 0.168925 0.258059
v -0.085619 0.180210 0.232724
v -0.089515 0.188411 0.205975
v -0.091880 0.193389 0.178270
v -0.092673 0.195058 0.150082
v -0.091880 0.193389 0.121895
v -0.089515 0.188411 0.094189
v -0.085619 0.180210 0.067441
v -0.080257 0.168925 0.042106
v -0.073523 0.154750 0.018618
v -0.046512 0.146742 0.302785
v -0.052091 0.164345 0.281547
v -0.056508 0.178280 0.258059
v -0.060283 0.190190 0.232724
v -0.063026 0.198846 0.205975
v -0.064691 0.204099 0.178270
v -0.065250 0.205860 0.150082
v -0.064691 0.204099 0.121895
v -0.063026 0.198846 0.094189
v -0.060283 0.190190 0.067441
v -0.056508 0.178280 0.042106
v -0.051766 0.163320 0.018618
v -0.026097 0.151709 0.302785
v -0.029227 0.169908 0.281547
v -0.031706 0.184314 0.258059
v -0.033824 0.196627 0.232724
v -0.035363 0.205576 0.205975
v -0.036297 0.211007 0.178270
v -0.036611 0.212828 0.150082
v -0.036297 0.211007 0.121895
v -0.035363 0.205576 0.094189
v -0.033824 0.196627 0.067441
v -0.031706 0.184314 0.042106
v -0.029045 0.168847 0.018618
v -0.005196 0.153849 0.302785
v -0.005820 0.172305 0.281547
v -0.006313 0.186915 0.258059
v -0.006735 0.199401 0.232724
v -0.007041 0.208476 0.205975
v -0.007227 0.213984 0.178270
v -0.007290 0.215830 0.150082
v -0.007227 0.213984 0.121895
v -0.007041 0.208476 0.094189
v -0.006735 0.199401 0.067441
v -0.006313 0.186915 0.042106
v -0.005783 0.171230 0.018618
v 0.015801 0.153124 0.302785
v 0.017697 0.171493 0.281547
v 0.019197 0.186033 0.258059
v 0.020480 0.198461 0.232724
v 0.021412 0.207493 0.205975
v 0.021978 0.212975 0.178270
v 0.022167 0.214813 0.150082
v 0.021978 0.212975 0.121895
v 0.021412 0.207493 0.094189
v 0.020480 0.198461 0.067441
v 0.019197 0.186033 0.042106
v 0.017586 0.170422 0.018618
v 0.036505 0.149546 0.302785
v 0.040884 0.167486 0.281547
v 0.044350 0.181686 0.258059
v 0.047313 0.193824 0.232724
v 0.049466 0.202645 0.205975
v 0.050773 0.207999 0.178270
v 0.051211 0.209794 0.150082
v 0.050773 0.207999 0.121895
v 0.049466 0.202645 0.094189
v 0.047313 0.193824 0.067441
v 0.044350 0.181687 0.042106
v 0.040629 0.166440 0.018618
v 0.056528 0.143183 0.302785
v 0.063309 0.160359 0.281547
v 0.068677 0.173955 0.258059
v 0.073265 0.185576 0.232724
v 0.076599 0.194022 0.205975
v 0.078623 0.199148 0.178270
v 0.079301 0.200866 0.150082
v 0.078623 0.199148 0.121895
v 0.076599 0.194022 0.094189
v 0.073265 0.185576 0.067441
v 0.068677 0.173955 0.042106
v 0.062914 0.159358 0.018618
v 0.075498 0.134152 0.302785
v 0.084555 0.150244 0.281547
v 0.091724 0.162984 0.258059
v 0.097851 0.173872 0.232724
v 0.102305 0.181785 0.205975
v 0.105008 0.186587 0.178270
v 0.105914 0.188197 0.150082
v 0.105008 0.186587 0.121895
v 0.102305 0.181785 0.094189
v 0.097851 0.173872 0.067441
v 0.091724 0.162984 0.042106
v 0.084027 0.149307 0.018618
v 0.093062 0.122622 0.302785
v 0.104225 0.137332 0.281547
v 0.113063 0.148976 0.258059
v 0.120616 0.158928 0.232724
v 0.126105 0.166161 0.205975
v 0.129436 0.170551 0.178270
v 0.130553 0.172022 0.150082
v 0.129436 0.170551 0.121895
v 0.126105 0.166161 0.094189
v 0.120616 0.158928 0.067441
v 0.113063 0.148976 0.042106
v 0.103575 0.136475 0.018618
v 0.108892 0.108808 0.302785
v 0.121955 0.121860 0.281547
v 0.132295 0.132193 0.258059
v 0.141133 0.141024 0.232724
v 0.147556 0.147442 0.205975
v 0.151454 0.151337 0.178270
v 0.152761 0.152643 0.150082
v 0.151454 0.151337 0.121895
v 0.147556 0.147442 0.094189
v 0.141133 0.141024 0.067441
v 0.132295 0.132193 0.042106
v 0.121194 0.121100 0.018618
v 0.122694 0.092967 0.302785
v 0.137412 0.104119 0.281547
v 0.149063 0.112947 0.258059
v 0.159021 0.120493 0.232724
v 0.166258 0.125977 0.205975
v 0.170651 0.129305 0.178270
v 0.172123 0.130420 0.150082
v 0.170651 0.129305 0.121895
v 0.166258 0.125977 0.094189
v 0.159021 0.120493 0.067441
v 0.149063 0.112947 0.042106
v 0.136555 0.103470 0.018618
v 0.134210 0.075394 0.302785
v 0.150310 0.084439 0.281547
v 0.163054 0.091598 0.258059
v 0.173947 0.097717 0.232724
v 0.181863 0.102164 0.205975
v 0.186668 0.104863 0.178270
v 0.188279 0.105768 0.150082
v 0.186668 0.104863 0.121895
v 0.181864 0.102164 0.094189
v 0.173947 0.097717 0.067441
v 0.163054 0.091598 0.042106
v 0.149372 0.083912 0.018618
v 0.143226 0.056417 0.302785
v 0.160407 0.063185 0.281547
v 0.174008 0.068542 0.258059
v 0.185633 0.073121 0.232724
v 0.194081 0.076449 0.205975
v 0.199208 0.078469 0.178270
v 0.200927 0.079146 0.150082
v 0.199208 0.078469 0.121895
v 0.194081 0.076449 0.094189
v 0.185633 0.073121 0.067441
v 0.174008 0.068542 0.042106
v 0.159406 0.062791 0.018618
v 0.149574 0.036389 0.302785
v 0.167517 0.040754 0.281547
v 0.181721 0.044210 0.258059
v 0.193860 0.047163 0.232724
v 0.202683 0.049310 0.205975
v 0.208038 0.050612 0.178270
v 0.209833 0.051049 0.150082
v 0.208038 0.050612 0.121895
v 0.202683 0.049310 0.094189
v 0.193860 0.047163 0.067441
v 0.181721 0.044210 0.042106
v 0.166472 0.040500 0.018618
v 0.153136 0.015683 0.302785
v 0.171506 0.017564 0.281547
v 0.186048 0.019054 0.258059
v 0.198477 0.020327 0.232724
v 0.207510 0.021252 0.205975
v 0.212992 0.021813 0.178270
v 0.214830 0.022001 0.150082
v 0.212992 0.021813 0.121895
v 0.207510 0.021252 0.094189
v 0.198477 0.020327 0.067441
v 0.186048 0.019054 0.042106
v 0.170436 0.017455 0.018618
v 0.153845 -0.005315 0.302785
v 0.172300 -0.005953 0.281547
v 0.186910 -0.006457 0.258059
v 0.199396 -0.006889 0.232724
v 0.208471 -0.007202 0.205975
v 0.213978 -0.007392 0.178270
v 0.215825 -0.007456 0.150082
v 0.213978 -0.007392 0.121895
v 0.208471 -0.007202 0.094189
v 0.199396 -0.006889 0.067441
v 0.186910 -0.006457 0.042106
v 0.171225 -0.005915 0.018618
v 0.151689 -0.026214 0.302785
v 0.169885 -0.029359 0.281547
v 0.184290 -0.031848 0.258059
v 0.196601 -0.033976 0.232724
v 0.205548 -0.035522 0.205975
v 0.210979 -0.036460 0.178270
v 0.212799 -0.036775 0.150082
v 0.210979 -0.036460 0.121895
v 0.205548 -0.035522 0.094189
v 0.196601 -0.033976 0.067441
v 0.184290 -0.031848 0.042106
v 0.168825 -0.029176 0.018618
v 0.146706 -0.046625 0.302785
v 0.164305 -0.052218 0.281547
v 0.178236 -0.056645 0.258059
v 0.190143 -0.060430 0.232724
v 0.198797 -0.063180 0.205975
v 0.204049 -0.064849 0.178270
v 0.205810 -0.065409 0.150082
v 0.204049 -0.064849 0.121895
v 0.198797 -0.063180 0.094189
v 0.190143 -0.060430 0.067441
v 0.178236 -0.056645 0.042106
v 0.163280 -0.051892 0.018618
v 0.138991 -0.066167 0.302785
v 0.155664 -0.074104 0.281547
v 0.168863 -0.080388 0.258059
v 0.180144 -0.085758 0.232724
v 0.188342 -0.089661 0.205975
v 0.193318 -0.092030 0.178270
v 0.194986 -0.092824 0.150082
v 0.193318 -0.092030 0.121895
v 0.188342 -0.089661 0.094189
v 0.180144 -0.085758 0.067441
v 0.168863 -0.080388 0.042106
v 0.154693 -0.073642 0.018618
v 0.128687 -0.084477 0.302785
v 0.144124 -0.094611 0.281547
v 0.156344 -0.102633 0.258059
v 0.166789 -0.109489 0.232724
v 0.174379 -0.114472 0.205975
v 0.178986 -0.117496 0.178270
v 0.180531 -0.118510 0.150082
v 0.178986 -0.117496 0.121895
v 0.174379 -0.114472 0.094189
v 0.166789 -0.109489 0.067441
v 0.156344 -0.102633 0.042106
v 0.143225 -0.094020 0.018618
v 0.115985 -0.101213 0.302785
v 0.129899 -0.113354 0.281547
v 0.140913 -0.122965 0.258059
v 0.150326 -0.131180 0.232724
v 0.157168 -0.137150 0.205975
v 0.161320 -0.140773 0.178270
v 0.162712 -0.141988 0.150082
v 0.161320 -0.140773 0.121895
v 0.157168 -0.137150 0.094189
v 0.150326 -0.131180 0.067441
v 0.140913 -0.122965 0.042106
v 0.129088 -0.112647 0.018618
v 0.101123 -0.116063 0.302785
v 0.113254 -0.129986 0.281547
v 0.122857 -0.141008 0.258059
v 0.131064 -0.150428 0.232724
v 0.137029 -0.157274 0.205975
v 0.140649 -0.161429 0.178270
v 0.141863 -0.162822 0.150082
v 0.140649 -0.161429 0.121895
v 0.137029 -0.157274 0.094189
v 0.131064 -0.150428 0.067441
v 0.122857 -0.141008 0.042106
v 0.112547 -0.129175 0.018618
v 0.084377 -0.128752 0.302785
v 0.094499 -0.144197 0.281547
v 0.102512 -0.156423 0.258059
v 0.109360 -0.166873 0.232724
v 0.114337 -0.174468 0.205975
v 0.117358 -0.179077 0.178270
v 0.118370 -0.180622 0.150082
v 0.117358 -0.179077 0.121895
v 0.114337 -0.174468 0.094189
v 0.109360 -0.166873 0.067441
v 0.102512 -0.156423 0.042106
v 0.093909 -0.143297 0.018618
v 0.066060 -0.139042 0.302785
v 0.073984 -0.155722 0.281547
v 0.080257 -0.168925 0.258059
v 0.085619 -0.180210 0.232724
v 0.089515 -0.188411 0.205975
v 0.091880 -0.193389 0.178270
v 0.092673 -0.195058 0.150082
v 0.091880 -0.193389 0.121895
v 0.089515 -0.188411 0.094189
v 0.085619 -0.180210 0.067441
v 0.080257 -0.168925 0.042106
v 0.073523 -0.154750 0.018618
v 0.046512 -0.146742 0.302785
v 0.052091 -0.164345 0.281547
v 0.056508 -0.178280 0.258059
v 0.060283 -0.190190 0.232724
v 0.063026 -0.198846 0.205975
v 0.064691 -0.204099 0.178270
v 0.065250 -0.205860 0.150082
v 0.064691 -0.204099 0.121895
v 0.063026 -0.198846 0.094189
v 0.060283 -0.190190 0.067441
v 0.056508 -0.178280 0.042106
v 0.051766 -0.163320 0.018618
v 0.026097 -0.151709 0.302785
v 0.029227 -0.169908 0.281547
v 0.031706 -0.184314 0.258059
v 0.033824 -0.196627 0.232724
v 0.035363 -0.205576 0.205975
v 0.036297 -0.211007 0.178270
v 0.036611 -0.212828 0.150082
v 0.036297 -0.211007 0.121895
v 0.035363 -0.205576 0.094189
v 0.033824 -0.196627 0.067441
v 0.031706 -0.184314 0.042106
v 0.029045 -0.168847 0.018618
v 0.005196 -0.153849 0.302785
v 0.005196 -0.153849 0.302785
v 0.005820 -0.172305 0.281547
v 0.005820 -0.172305 0.281547
v 0.006313 -0.186915 0.258059
v 0.006313 -0.186915 0.258059
v 0.006735 -0.199401 0.232724
v 0.006735 -0.199401 0.232724
v 0.007041 -0.208476 0.205975
v 0.007041 -0.208476 0.205975
v 0.007227 -0.213984 0.178270
v 0.007227 -0.213984 0.178270
v 0.007290 -0.215830 0.150082
v 0.007290 -0.215830 0.150082
v 0.007227 -0.213984 0.121895
v 0.007227 -0.213984 0.121895
v 0.007041 -0.208476 0.094189
v 0.007041 -0.208476 0.094189
v 0.006735 -0.199401 0.067441
v 0.006735 -0.199401 0.067441
v 0.006313 -0.186915 0.042106
v 0.006313 -0.186915 0.042106
v 0.005783 -0.171230 0.018618
v 0.005783 -0.171230 0.018618
v -0.015801 -0.153124 0.302785
v -0.017697 -0.171493 0.281547
v -0.019197 -0.186033 0.258059
v -0.020480 -0.198461 0.232724
v -0.021412 -0.207493 0.205975
v -0.021978 -0.212975 0.178270
v -0.022167 -0.214813 0.150082
v -0.021978 -0.212975 0.121895
v -0.021412 -0.207493 0.094189
v -0.020480 -0.198461 0.067441
v -0.019197 -0.186033 0.042106
v -0.017586 -0.170422 0.018618
v -0.036505 -0.149546 0.302785
v -0.040884 -0.167486 0.281547
v -0.044350 -0.181687 0.258059
v -0.047313 -0.193824 0.232724
v -0.049466 -0.202645 0.205975
v -0.050773 -0.207999 0.178270
v -0.051211 -0.209793 0.150082
v -0.050773 -0.207999 0.121895
v -0.049466 -0.202645 0.094189
v -0.047313 -0.193824 0.067441
v -0.044350 -0.181687 0.042106
v -0.040629 -0.166440 0.018618
v -0.056528 -0.143183 0.302785
v -0.063309 -0.160359 0.281547
v -0.068677 -0.173955 0.258059
v -0.073265 -0.185576 0.232724
v -0.076599 -0.194022 0.205975
v -0.078623 -0.199148 0.178270
v -0.079301 -0.200866 0.150082
v -0.078623 -0.199148 0.121895
v -0.076599 -0.194022 0.094189
v -0.073265 -0.185576 0.067441
v -0.068677 -0.173955 0.042106
v -0.062914 -0.159358 0.018618
v -0.075498 -0.134152 0.302785
v -0.084555 -0.150244 0.281547
v -0.091724 -0.162984 0.258059
v -0.097851 -0.173872 0.232724
v -0.102305 -0.181785 0.205975
v -0.105007 -0.186587 0.178270
v -0.105914 -0.188197 0.150082
v -0.105007 -0.186587 0.121895
v -0.102305 -0.181785 0.094189
v -0.097851 -0.173872 0.067441
v -0.091724 -0.162984 0.042106
v -0.084027 -0.149307 0.018618
v -0.093062 -0.122622 0.302785
v -0.104225 -0.137332 0.281547
v -0.113063 -0.148976 0.258059
v -0.120616 -0.158928 0.232724
v -0.126105 -0.166161 0.205975
v -0.129436 -0.170551 0.178270
v -0.130553 -0.172022 0.150082
v -0.129436 -0.170551 0.121895
v -0.126105 -0.166161 0.094189
v -0.120616 -0.158928 0.067441
v -0.113063 -0.148976 0.042106
v -0.103575 -0.136475 0.018618
v -0.108892 -0.108808 0.302785
v -0.121955 -0.121860 0.281547
v -0.132295 -0.132193 0.258059
v -0.141133 -0.141024 0.232724
v -0.147556 -0.147442 0.205975
v -0.151454 -0.151337 0.178270
v -0.152761 -0.152643 0.150082
v -0.151454 -0.151337 0.121895
v -0.147556 -0.147442 0.094189
v -0.141133 -0.141024 0.067441
v -0.132295 -0.132193 0.042106
v -0.121194 -0.121100 0.018618
v -0.122694 -0.092967 0.302785
v -0.137412 -0.104119 0.281547
v -0.149063 -0.112947 0.258059
v -0.159021 -0.120493 0.232724
v -0.166258 -0.125977 0.205975
v -0.170651 -0.129305 0.178270
v -0.172123 -0.130420 0.150082
v -0.170651 -0.129305 0.121895
v -0.166258 -0.125977 0.094189
v -0.159021 -0.120493 0.067441
v -0.149063 -0.112947 0.042106
v -0.136554 -0.103470 0.018618
v -0.134210 -0.075394 0.302785
v -0.150310 -0.084439 0.281547
v -0.163054 -0.091598 0.258059
v -0.173947 -0.097717 0.232724
v -0.181864 -0.102164 0.205975
v -0.186668 -0.104863 0.178270
v -0.188279 -0.105768 0.150082
v -0.186668 -0.104863 0.121895
v -0.181864 -0.102164 0.094189
v -0.173947 -0.097717 0.067441
v -0.163054 -0.091598 0.042106
v -0.149372 -0.083912 0.018618
v -0.143226 -0.056417 0.302785
v -0.160407 -0.063185 0.281547
v -0.174008 -0.068542 0.258059
v -0.185633 -0.073121 0.232724
v -0.194081 -0.076449 0.205975
v -0.199208 -0.078469 0.178270
v -0.200927 -0.079146 0.150082
v -0.199208 -0.078469 0.121895
v -0.194081 -0.076449 0.094189
v -0.185633 -0.073121 0.067441
v -0.174008 -0.068542 0.042106
v -0.159406 -0.062791 0.018618
v -0.149574 -0.036389 0.302785
v -0.167517 -0.040754 0.281547
v -0.181721 -0.044210 0.258059
v -0.193860 -0.047163 0.232724
v -0.202683 -0.049310 0.205975
v -0.208038 -0.050612 0.178270
v -0.209833 -0.051049 0.150082
v -0.208038 -0.050612 0.121895
v -0.202683 -0.049310 0.094189
v -0.193860 -0.047163 0.067441
v -0.181721 -0.044210 0.042106
v -0.166472 -0.040500 0.018618
v -0.153136 -0.015683 0.302785
v -0.171506 -0.017564 0.281547
v -0.186048 -0.019054 0.258059
v -0.198477 -0.020327 0.232724
v -0.207510 -0.021252 0.205975
v -0.212992 -0.021813 0.178270
v -0.214830 -0.022001 0.150082
v -0.212992 -0.021813 0.121895
v -0.207510 -0.021252 0.094189
v -0.198477 -0.020327 0.067441
v -0.186048 -0.019054 0.042106
v -0.170436 -0.017455 0.018618
v -0.153845 0.005315 0.302785
v -0.172300 0.005953 0.281547
v -0.186910 0.006457 0.258059
v -0.199396 0.006889 0.232724
v -0.208471 0.007202 0.205975
v -0.213978 0.007392 0.178270
v -0.215825 0.007456 0.150082
v -0.213978 0.007392 0.121895
v -0.208471 0.007202 0.094189
v -0.199396 0.006889 0.067441
v -0.186910 0.006457 0.042106
v -0.171225 0.005915 0.018618
v -0.151689 0.026214 0.302785
v -0.169885 0.029359 0.281547
v -0.184289 0.031848 0.258059
v -0.196601 0.033976 0.232724
v -0.205548 0.035522 0.205975
v -0.210979 0.036460 0.178270
v -0.212799 0.036775 0.150082
v -0.210979 0.036460 0.121895
v -0.205548 0.035522 0.094189
v -0.196601 0.033976 0.067441
v -0.184290 0.031848 0.042106
v -0.168825 0.029175 0.018618
v -0.146706 0.046625 0.302785
v -0.164305 0.052218 0.281547
v -0.178236 0.056645 0.258059
v -0.190143 0.060430 0.232724
v -0.198797 0.063180 0.205975
v -0.204049 0.064849 0.178270
v -0.205810 0.065409 0.150082
v -0.204049 0.064849 0.121895
v -0.198797 0.063180 0.094189
v -0.190143 0.060430 0.067441
v -0.178236 0.056645 0.042106
v -0.163280 0.051892 0.018618
v -0.138991 0.066167 0.302785
v -0.155664 0.074104 0.281547
v -0.168863 0.080388 0.258059
v -0.180144 0.085758 0.232724
v -0.188342 0.089661 0.205975
v -0.193318 0.092030 0.178270
v -0.193318 0.092030 0.121895
v -0.188342 0.089661 0.094189
v -0.180144 0.085758 0.067441
v -0.168863 0.080388 0.042106
v -0.154693 0.073642 0.018618
v -0.122441 0.080377 0.307188
v -0.110356 0.096301 0.307188
v -0.096215 0.110430 0.307188
v -0.080282 0.122503 0.307188
v -0.062854 0.132294 0.307188
v -0.044254 0.139620 0.307188
v -0.024830 0.144346 0.307188
v -0.004944 0.146382 0.307188
v 0.015034 0.145692 0.307188
v 0.034733 0.142288 0.307188
v 0.053784 0.136233 0.307188
v 0.071834 0.127641 0.307188
v 0.088545 0.116671 0.307188
v 0.103607 0.103527 0.307188
v 0.116739 0.088455 0.307188
v 0.127696 0.071735 0.307188
v 0.136275 0.053679 0.307188
v 0.142315 0.034623 0.307188
v 0.145704 0.014922 0.307188
v 0.146379 -0.005057 0.307188
v 0.144327 -0.024942 0.307188
v 0.139586 -0.044362 0.307188
v 0.132245 -0.062956 0.307188
v 0.122441 -0.080377 0.307188
v 0.110356 -0.096301 0.307188
v 0.096215 -0.110430 0.307188
v 0.080282 -0.122503 0.307188
v 0.062854 -0.132294 0.307188
v 0.044254 -0.139620 0.307188
v 0.024830 -0.144346 0.307188
v 0.004944 -0.146382 0.307188
v 0.004944 -0.146382 0.307188
v -0.015034 -0.145692 0.307188
v -0.034733 -0.142288 0.307188
v -0.053784 -0.136233 0.307188
v -0.071834 -0.127641 0.307188
v -0.088545 -0.116671 0.307188
v -0.103607 -0.103527 0.307188
v -0.116739 -0.088455 0.307188
v -0.127696 -0.071735 0.307188
v -0.136275 -0.053679 0.307188
v -0.142315 -0.034623 0.307188
v -0.145704 -0.014922 0.307188
v -0.146379 0.005057 0.307188
v -0.144327 0.024942 0.307188
v -0.139586 0.044362 0.307188
v -0.132245 0.062956 0.307188
v -0.115194 0.075619 0.307188
v -0.103824 0.090600 0.307188
v -0.090520 0.103894 0.307188
v -0.075530 0.115252 0.307188
v -0.059133 0.124463 0.307188
v -0.041635 0.131356 0.307188
v -0.023361 0.135802 0.307188
v -0.004651 0.137718 0.307188
v 0.014145 0.137069 0.307188
v 0.032677 0.133866 0.307188
v 0.050601 0.128170 0.307188
v 0.067582 0.120086 0.307188
v 0.083304 0.109765 0.307188
v 0.097474 0.097399 0.307188
v 0.109829 0.083219 0.307188
v 0.120138 0.067489 0.307188
v 0.128209 0.050502 0.307188
v 0.133891 0.032574 0.307188
v 0.137080 0.014039 0.307188
v 0.137714 -0.004758 0.307188
v 0.135784 -0.023465 0.307188
v 0.131324 -0.041736 0.307188
v 0.124418 -0.059229 0.307188
v 0.115194 -0.075619 0.307188
v 0.103824 -0.090600 0.307188
v 0.090520 -0.103894 0.307188
v 0.075530 -0.115252 0.307188
v 0.059133 -0.124463 0.307188
v 0.041635 -0.131356 0.307188
v 0.023361 -0.135802 0.307188
v 0.004651 -0.137718 0.307188
v 0.004651 -0.137718 0.307188
v -0.014145 -0.137069 0.307188
v -0.032677 -0.133866 0.307188
v -0.050601 -0.128170 0.307188
v -0.067582 -0.120086 0.307188
v -0.083304 -0.109765 0.307188
v -0.097474 -0.097399 0.307188
v -0.109829 -0.083219 0.307188
v -0.120138 -0.067489 0.307188
v -0.128209 -0.050502 0.307188
v -0.133891 -0.032574 0.307188
v -0.137080 -0.014039 0.307188
v -0.137714 0.004758 0.307188
v -0.135784 0.023465 0.307188
v -0.131324 0.041736 0.307188
v -0.124418 0.059229 0.307188
v -0.190112 0.090503 0.150082
v -0.123695 0.081200 0.298653
v -0.123695 0.081200 0.298653
v -0.140488 0.092224 0.278348
v -0.152397 0.100042 0.255441
v -0.162617 0.106750 0.230664
v -0.170019 0.111609 0.204582
v -0.174511 0.114559 0.177567
v -0.176017 0.115547 0.150082
v -0.174511 0.114559 0.122597
v -0.170019 0.111609 0.095583
v -0.162617 0.106751 0.069501
v -0.152432 0.100065 0.044798
v -0.139639 0.091667 0.021897
v -0.111486 0.097286 0.298653
v -0.111486 0.097286 0.298653
v -0.126622 0.110495 0.278348
v -0.137355 0.119861 0.255441
v -0.146567 0.127899 0.230664
v -0.153238 0.133721 0.204582
v -0.157287 0.137254 0.177567
v -0.158644 0.138439 0.150082
v -0.157287 0.137254 0.122597
v -0.153238 0.133721 0.095583
v -0.146567 0.127899 0.069501
v -0.137387 0.119889 0.044798
v -0.125857 0.109827 0.021897
v -0.097200 0.111561 0.298653
v -0.097200 0.111561 0.298653
v -0.110397 0.126707 0.278348
v -0.119755 0.137448 0.255441
v -0.127786 0.146665 0.230664
v -0.133602 0.153341 0.204582
v -0.137133 0.157393 0.177567
v -0.138316 0.158751 0.150082
v -0.137133 0.157393 0.122597
v -0.133602 0.153341 0.095583
v -0.127786 0.146665 0.069501
v -0.119783 0.137480 0.044798
v -0.109730 0.125942 0.021897
v -0.081104 0.123757 0.298653
v -0.081104 0.123757 0.298653
v -0.092115 0.140560 0.278348
v -0.099924 0.152475 0.255441
v -0.106625 0.162699 0.230664
v -0.111478 0.170105 0.204582
v -0.114424 0.174600 0.177567
v -0.115411 0.176107 0.150082
v -0.114424 0.174600 0.122597
v -0.111478 0.170105 0.095583
v -0.106625 0.162699 0.069501
v -0.099947 0.152510 0.044798
v -0.091559 0.139710 0.021897
v -0.063497 0.133648 0.298653
v -0.063497 0.133648 0.298653
v -0.072118 0.151793 0.278348
v -0.078231 0.164661 0.255441
v -0.083477 0.175703 0.230664
v -0.087277 0.183700 0.204582
v -0.089583 0.188554 0.177567
v -0.090356 0.190182 0.150082
v -0.089583 0.188554 0.122597
v -0.087277 0.183700 0.095583
v -0.083477 0.175703 0.069501
v -0.078249 0.164699 0.044798
v -0.071682 0.150876 0.021897
v -0.044707 0.141050 0.298653
v -0.044707 0.141050 0.298653
v -0.050777 0.160200 0.278348
v -0.055081 0.173780 0.255441
v -0.058775 0.185433 0.230664
v -0.061450 0.193874 0.204582
v -0.063074 0.198996 0.177567
v -0.063618 0.200714 0.150082
v -0.063074 0.198996 0.122597
v -0.061450 0.193874 0.095583
v -0.058775 0.185433 0.069501
v -0.055094 0.173820 0.044798
v -0.050470 0.159232 0.021897
v -0.025085 0.145824 0.298653
v -0.025085 0.145824 0.298653
v -0.028490 0.165622 0.278348
v -0.030905 0.179661 0.255441
v -0.032978 0.191709 0.230664
v -0.034479 0.200435 0.204582
v -0.035390 0.205731 0.177567
v -0.035695 0.207507 0.150082
v -0.035390 0.205732 0.122597
v -0.034479 0.200435 0.095583
v -0.032978 0.191709 0.069501
v -0.030912 0.179703 0.044798
v -0.028318 0.164621 0.021897
v -0.004995 0.147881 0.298653
v -0.004995 0.147881 0.298653
v -0.005673 0.167958 0.278348
v -0.006154 0.182196 0.255441
v -0.006566 0.194414 0.230664
v -0.006865 0.203263 0.204582
v -0.007047 0.208634 0.177567
v -0.007107 0.210435 0.150082
v -0.007047 0.208634 0.122597
v -0.006865 0.203263 0.095583
v -0.006566 0.194414 0.069501
v -0.006155 0.182238 0.044798
v -0.005638 0.166943 0.021897
v 0.015188 0.147184 0.298653
v 0.015188 0.147184 0.298653
v 0.017250 0.167166 0.278348
v 0.018713 0.181337 0.255441
v 0.019968 0.193497 0.230664
v 0.020877 0.202305 0.204582
v 0.021428 0.207650 0.177567
v 0.021613 0.209442 0.150082
v 0.021428 0.207650 0.122597
v 0.020877 0.202305 0.095583
v 0.019968 0.193497 0.069501
v 0.018717 0.181379 0.044798
v 0.017146 0.166156 0.021897
v 0.035088 0.143745 0.298652
v 0.035088 0.143745 0.298652
v 0.039852 0.163261 0.278348
v 0.043230 0.177100 0.255441
v 0.046129 0.188976 0.230664
v 0.048229 0.197578 0.204582
v 0.049504 0.202799 0.177567
v 0.049931 0.204549 0.150082
v 0.049504 0.202799 0.122597
v 0.048229 0.197578 0.095583
v 0.046129 0.188976 0.069501
v 0.043240 0.177141 0.044798
v 0.039611 0.162274 0.021897
v 0.054335 0.137628 0.298652
v 0.054335 0.137628 0.298652
v 0.061712 0.156313 0.278348
v 0.066943 0.169564 0.255441
v 0.071432 0.180935 0.230664
v 0.074684 0.189170 0.204582
v 0.076657 0.194169 0.177567
v 0.077319 0.195845 0.150082
v 0.076657 0.194169 0.122597
v 0.074684 0.189171 0.095583
v 0.071432 0.180935 0.069501
v 0.066958 0.169603 0.044798
v 0.061339 0.155369 0.021897
v 0.072569 0.128947 0.298653
v 0.072569 0.128947 0.298653
v 0.082422 0.146454 0.278348
v 0.089409 0.158869 0.255441
v 0.095404 0.169523 0.230664
v 0.099747 0.177239 0.204582
v 0.102382 0.181922 0.177567
v 0.103266 0.183492 0.150082
v 0.102382 0.181922 0.122597
v 0.099747 0.177239 0.095583
v 0.095404 0.169523 0.069501
v 0.089429 0.158906 0.044798
v 0.081924 0.145569 0.021897
v 0.089452 0.117865 0.298653
v 0.089452 0.117865 0.298653
v 0.101596 0.133867 0.278348
v 0.110209 0.145215 0.255441
v 0.117599 0.154953 0.230664
v 0.122952 0.162006 0.204582
v 0.126201 0.166287 0.177567
v 0.127290 0.167722 0.150082
v 0.126201 0.166287 0.122597
v 0.122952 0.162006 0.095583
v 0.117599 0.154953 0.069501
v 0.110234 0.145248 0.044798
v 0.100982 0.133058 0.021897
v 0.104668 0.104587 0.298653
v 0.104668 0.104587 0.298653
v 0.118878 0.118786 0.278348
v 0.128955 0.128856 0.255441
v 0.137603 0.137497 0.230664
v 0.143866 0.143755 0.204582
v 0.147668 0.147554 0.177567
v 0.148942 0.148827 0.150082
v 0.147668 0.147554 0.122597
v 0.143866 0.143755 0.095583
v 0.137603 0.137497 0.069501
v 0.128985 0.128885 0.044798
v 0.118160 0.118068 0.021897
v 0.117934 0.089360 0.298652
v 0.117934 0.089360 0.298652
v 0.133946 0.101493 0.278348
v 0.145300 0.110096 0.255441
v 0.155044 0.117479 0.230664
v 0.162101 0.122827 0.204582
v 0.166384 0.126072 0.177567
v 0.167820 0.127160 0.150082
v 0.166384 0.126072 0.122597
v 0.162101 0.122827 0.095583
v 0.155044 0.117479 0.069501
v 0.145334 0.110121 0.044798
v 0.133136 0.100879 0.021897
v 0.129004 0.072470 0.298652
v 0.129004 0.072470 0.298652
v 0.146518 0.082309 0.278348
v 0.158938 0.089286 0.255441
v 0.169597 0.095273 0.230664
v 0.177316 0.099610 0.204582
v 0.182001 0.102242 0.177567
v 0.183572 0.103124 0.150082
v 0.182001 0.102242 0.122597
v 0.177316 0.099610 0.095583
v 0.169597 0.095273 0.069501
v 0.158975 0.089306 0.044798
v 0.145633 0.081811 0.021897
v 0.137670 0.054228 0.298652
v 0.137670 0.054228 0.298652
v 0.156361 0.061591 0.278348
v 0.169616 0.066812 0.255441
v 0.180990 0.071292 0.230664
v 0.189228 0.074538 0.204582
v 0.194228 0.076507 0.177567
v 0.195904 0.077167 0.150082
v 0.194228 0.076507 0.122597
v 0.189228 0.074538 0.095583
v 0.180990 0.071292 0.069501
v 0.169655 0.066827 0.044798
v 0.155416 0.061219 0.021897
v 0.143772 0.034977 0.298653
v 0.143772 0.034977 0.298653
v 0.163291 0.039726 0.278348
v 0.177133 0.043094 0.255441
v 0.189012 0.045984 0.230664
v 0.197615 0.048077 0.204582
v 0.202837 0.049347 0.177567
v 0.204587 0.049773 0.150082
v 0.202837 0.049347 0.122597
v 0.197615 0.048077 0.095583
v 0.189012 0.045984 0.069501
v 0.177174 0.043104 0.044798
v 0.162305 0.039486 0.021897
v 0.147195 0.015075 0.298653
v 0.147195 0.015075 0.298653
v 0.167180 0.017121 0.278348
v 0.181351 0.018573 0.255441
v 0.193513 0.019818 0.230664
v 0.202321 0.020720 0.204582
v 0.207667 0.021268 0.177567
v 0.209459 0.021451 0.150082
v 0.207667 0.021268 0.122597
v 0.202321 0.020720 0.095583
v 0.193513 0.019818 0.069501
v 0.181393 0.018577 0.044798
v 0.166170 0.017018 0.021897
v 0.147877 -0.005109 0.298653
v 0.147877 -0.005109 0.298653
v 0.167954 -0.005802 0.278348
v 0.182191 -0.006294 0.255441
v 0.194409 -0.006716 0.230664
v 0.203258 -0.007022 0.204582
v 0.208629 -0.007208 0.177567
v 0.210429 -0.007270 0.150082
v 0.208629 -0.007208 0.122597
v 0.203258 -0.007022 0.095583
v 0.194409 -0.006716 0.069501
v 0.182233 -0.006296 0.044798
v 0.166939 -0.005767 0.021897
v 0.145804 -0.025197 0.298652
v 0.145804 -0.025197 0.298652
v 0.165600 -0.028618 0.278348
v 0.179637 -0.031044 0.255441
v 0.191684 -0.033126 0.230664
v 0.200409 -0.034634 0.204582
v 0.205704 -0.035549 0.177567
v 0.207479 -0.035856 0.150082
v 0.205704 -0.035549 0.122597
v 0.200409 -0.034634 0.095583
v 0.191684 -0.033126 0.069501
v 0.179679 -0.031051 0.044798
v 0.164599 -0.028445 0.021897
v 0.141015 -0.044816 0.298653
v 0.141015 -0.044816 0.298653
v 0.160160 -0.050901 0.278348
v 0.173737 -0.055215 0.255441
v 0.185388 -0.058918 0.230664
v 0.193826 -0.061600 0.204582
v 0.198948 -0.063228 0.177567
v 0.200665 -0.063773 0.150082
v 0.198948 -0.063228 0.122597
v 0.193826 -0.061600 0.095583
v 0.185388 -0.058918 0.069501
v 0.173777 -0.055228 0.044798
v 0.159192 -0.050593 0.021897
v 0.133599 -0.063600 0.298652
v 0.133599 -0.063600 0.298652
v 0.151738 -0.072235 0.278348
v 0.164600 -0.078358 0.255441
v 0.175638 -0.083613 0.230664
v 0.183633 -0.087419 0.204582
v 0.188485 -0.089729 0.177567
v 0.190112 -0.090503 0.150082
v 0.188485 -0.089729 0.122597
v 0.183633 -0.087419 0.095583
v 0.175638 -0.083613 0.069501
v 0.164638 -0.078376 0.044798
v 0.150821 -0.071799 0.021897
v 0.123695 -0.081200 0.298652
v 0.123695 -0.081200 0.298652
v 0.140488 -0.092224 0.278348
v 0.152397 -0.100042 0.255441
v 0.162617 -0.106751 0.230664
v 0.170019 -0.111609 0.204582
v 0.174511 -0.114559 0.177567
v 0.176017 -0.115547 0.150082
v 0.174511 -0.114559 0.122597
v 0.170019 -0.111609 0.095583
v 0.162617 -0.106751 0.069501
v 0.152432 -0.100065 0.044798
v 0.139639 -0.091667 0.021897
v 0.111486 -0.097286 0.298653
v 0.111486 -0.097286 0.298653
v 0.126622 -0.110495 0.278348
v 0.137355 -0.119861 0.255441
v 0.146567 -0.127899 0.230664
v 0.153238 -0.133721 0.204582
v 0.157287 -0.137254 0.177567
v 0.158644 -0.138439 0.150082
v 0.157287 -0.137254 0.122597
v 0.153238 -0.133721 0.095583
v 0.146567 -0.127899 0.069501
v 0.137387 -0.119889 0.044798
v 0.125857 -0.109827 0.021897
v 0.097200 -0.111561 0.298653
v 0.097200 -0.111561 0.298653
v 0.110397 -0.126707 0.278348
v 0.119755 -0.137448 0.255441
v 0.127786 -0.146665 0.230664
v 0.133602 -0.153341 0.204582
v 0.137132 -0.157393 0.177567
v 0.138316 -0.158751 0.150082
v 0.137133 -0.157393 0.122597
v 0.133602 -0.153341 0.095583
v 0.127786 -0.146665 0.069501
v 0.119783 -0.137480 0.044798
v 0.109730 -0.125942 0.021897
v 0.081104 -0.123757 0.298653
v 0.081104 -0.123757 0.298653
v 0.092115 -0.140560 0.278348
v 0.099924 -0.152475 0.255441
v 0.106625 -0.162699 0.230664
v 0.111478 -0.170105 0.204582
v 0.114424 -0.174600 0.177567
v 0.115411 -0.176107 0.150082
v 0.114424 -0.174600 0.122597
v 0.111478 -0.170105 0.095583
v 0.106625 -0.162699 0.069501
v 0.099947 -0.152510 0.044798
v 0.091559 -0.139710 0.021897
v 0.063497 -0.133648 0.298653
v 0.063497 -0.133648 0.298653
v 0.072118 -0.151793 0.278348
v 0.078231 -0.164661 0.255441
v 0.083477 -0.175703 0.230664
v 0.087277 -0.183700 0.204582
v 0.089583 -0.188554 0.177567
v 0.090356 -0.190182 0.150082
v 0.089583 -0.188554 0.122597
v 0.087277 -0.183700 0.095583
v 0.083477 -0.175703 0.069501
v 0.078249 -0.164699 0.044798
v 0.071682 -0.150876 0.021897
v 0.044707 -0.141050 0.298653
v 0.044707 -0.141050 0.298653
v 0.050777 -0.160200 0.278348
v 0.055081 -0.173780 0.255441
v 0.058775 -0.185433 0.230664
v 0.061450 -0.193874 0.204582
v 0.063074 -0.198996 0.177567
v 0.063618 -0.200714 0.150082
v 0.063074 -0.198996 0.122597
v 0.061450 -0.193874 0.095583
v 0.058775 -0.185433 0.069501
v 0.055094 -0.173820 0.044798
v 0.050470 -0.159232 0.021897
v 0.025085 -0.145824 0.298653
v 0.025085 -0.145824 0.298653
v 0.028490 -0.165622 0.278348
v 0.030905 -0.179661 0.255441
v 0.032978 -0.191709 0.230664
v 0.034479 -0.200435 0.204582
v 0.035390 -0.205731 0.177567
v 0.035695 -0.207507 0.150082
v 0.035390 -0.205731 0.122597
v 0.034479 -0.200435 0.095583
v 0.032978 -0.191709 0.069501
v 0.030912 -0.179703 0.044798
v 0.028318 -0.164621 0.021897
v 0.004995 -0.147881 0.298653
v 0.004995 -0.147881 0.298653
v 0.004995 -0.147881 0.298653
v 0.005673 -0.167958 0.278348
v 0.005673 -0.167958 0.278348
v 0.006154 -0.182196 0.255441
v 0.006154 -0.182196 0.255441
v 0.006566 -0.194414 0.230664
v 0.006566 -0.194414 0.230664
v 0.006865 -0.203263 0.204582
v 0.006865 -0.203263 0.204582
v 0.007047 -0.208634 0.177567
v 0.007047 -0.208634 0.177567
v 0.007107 -0.210435 0.150082
v 0.007107 -0.210435 0.150082
v 0.007047 -0.208634 0.122597
v 0.007047 -0.208634 0.122597
v 0.006865 -0.203263 0.095583
v 0.006865 -0.203263 0.095583
v 0.006566 -0.194414 0.069501
v 0.006566 -0.194414 0.069501
v 0.006155 -0.182238 0.044798
v 0.006155 -0.182238 0.044798
v 0.005638 -0.166943 0.021897
v 0.005638 -0.166943 0.021897
v -0.015188 -0.147184 0.298653
v -0.015188 -0.147184 0.298653
v -0.017250 -0.167166 0.278348
v -0.018713 -0.181337 0.255441
v -0.019968 -0.193497 0.230664
v -0.020877 -0.202305 0.204582
v -0.021428 -0.207650 0.177567
v -0.021613 -0.209442 0.150082
v -0.021428 -0.207650 0.122597
v -0.020877 -0.202305 0.095583
v -0.019968 -0.193497 0.069501
v -0.018717 -0.181379 0.044798
v -0.017146 -0.166156 0.021897
v -0.035088 -0.143745 0.298653
v -0.035088 -0.143745 0.298653
v -0.039852 -0.163261 0.278348
v -0.043230 -0.177100 0.255441
v -0.046130 -0.188976 0.230664
v -0.048229 -0.197578 0.204582
v -0.049503 -0.202799 0.177567
v -0.049931 -0.204549 0.150082
v -0.049503 -0.202799 0.122597
v -0.048229 -0.197578 0.095583
v -0.046129 -0.188976 0.069501
v -0.043240 -0.177141 0.044798
v -0.039612 -0.162274 0.021897
v -0.054335 -0.137628 0.298652
v -0.054335 -0.137628 0.298652
v -0.061712 -0.156313 0.278348
v -0.066943 -0.169564 0.255441
v -0.071432 -0.180935 0.230664
v -0.074684 -0.189171 0.204582
v -0.076657 -0.194169 0.177567
v -0.077319 -0.195845 0.150082
v -0.076657 -0.194169 0.122597
v -0.074684 -0.189171 0.095583
v -0.071432 -0.180935 0.069501
v -0.066958 -0.169603 0.044798
v -0.061339 -0.155369 0.021897
v -0.072569 -0.128947 0.298652
v -0.072569 -0.128947 0.298652
v -0.082422 -0.146454 0.278348
v -0.089409 -0.158869 0.255441
v -0.095404 -0.169523 0.230664
v -0.099747 -0.177239 0.204582
v -0.102382 -0.181922 0.177567
v -0.103266 -0.183492 0.150082
v -0.102382 -0.181922 0.122597
v -0.099747 -0.177239 0.095583
v -0.095404 -0.169523 0.069501
v -0.089429 -0.158906 0.044798
v -0.081924 -0.145569 0.021897
v -0.089452 -0.117865 0.298652
v -0.089452 -0.117865 0.298652
v -0.101596 -0.133867 0.278348
v -0.110208 -0.145215 0.255441
v -0.117599 -0.154953 0.230664
v -0.122952 -0.162006 0.204582
v -0.126200 -0.166287 0.177567
v -0.127290 -0.167722 0.150082
v -0.126200 -0.166287 0.122597
v -0.122952 -0.162006 0.095583
v -0.117599 -0.154953 0.069501
v -0.110234 -0.145248 0.044798
v -0.100982 -0.133058 0.021897
v -0.104668 -0.104587 0.298653
v -0.104668 -0.104587 0.298653
v -0.118878 -0.118786 0.278348
v -0.128955 -0.128856 0.255441
v -0.137603 -0.137497 0.230664
v -0.143866 -0.143755 0.204582
v -0.147668 -0.147554 0.177567
v -0.148942 -0.148827 0.150082
v -0.147668 -0.147554 0.122597
v -0.143866 -0.143755 0.095583
v -0.137603 -0.137497 0.069501
v -0.128985 -0.128885 0.044798
v -0.118160 -0.118068 0.021897
v -0.117934 -0.089360 0.298653
v -0.117934 -0.089360 0.298653
v -0.133946 -0.101493 0.278348
v -0.145300 -0.110096 0.255441
v -0.155044 -0.117479 0.230664
v -0.162101 -0.122827 0.204582
v -0.166384 -0.126072 0.177567
v -0.167820 -0.127160 0.150082
v -0.166384 -0.126072 0.122597
v -0.162101 -0.122827 0.095583
v -0.155044 -0.117479 0.069501
v -0.145334 -0.110121 0.044798
v -0.133136 -0.100879 0.021897
v -0.129004 -0.072470 0.298653
v -0.129004 -0.072470 0.298653
v -0.146518 -0.082309 0.278348
v -0.158938 -0.089286 0.255441
v -0.169597 -0.095273 0.230664
v -0.177316 -0.099610 0.204582
v -0.182001 -0.102242 0.177567
v -0.183572 -0.103124 0.150082
v -0.182001 -0.102242 0.122597
v -0.177316 -0.099610 0.095583
v -0.169597 -0.095273 0.069501
v -0.158975 -0.089306 0.044798
v -0.145633 -0.081811 0.021897
v -0.137670 -0.054229 0.298652
v -0.137670 -0.054229 0.298652
v -0.156361 -0.061591 0.278348
v -0.169616 -0.066812 0.255441
v -0.180990 -0.071292 0.230664
v -0.189228 -0.074538 0.204582
v -0.194228 -0.076507 0.177567
v -0.195904 -0.077167 0.150082
v -0.194228 -0.076507 0.122597
v -0.189228 -0.074538 0.095583
v -0.180990 -0.071292 0.069501
v -0.169655 -0.066827 0.044798
v -0.155416 -0.061219 0.021897
v -0.143772 -0.034977 0.298652
v -0.143772 -0.034977 0.298652
v -0.163291 -0.039726 0.278348
v -0.177133 -0.043094 0.255441
v -0.189012 -0.045984 0.230664
v -0.197615 -0.048077 0.204582
v -0.202837 -0.049347 0.177567
v -0.204587 -0.049773 0.150082
v -0.202837 -0.049347 0.122597
v -0.197615 -0.048077 0.095583
v -0.189012 -0.045984 0.069501
v -0.177174 -0.043104 0.044798
v -0.162305 -0.039486 0.021897
v -0.147195 -0.015075 0.298653
v -0.147195 -0.015075 0.298653
v -0.167180 -0.017121 0.278348
v -0.181351 -0.018573 0.255441
v -0.193513 -0.019818 0.230664
v -0.202321 -0.020720 0.204582
v -0.207667 -0.021268 0.177567
v -0.209459 -0.021451 0.150082
v -0.207667 -0.021268 0.122597
v -0.202321 -0.020720 0.095583
v -0.193513 -0.019818 0.069501
v -0.181393 -0.018577 0.044798
v -0.166170 -0.017018 0.021897
v -0.147877 0.005109 0.298653
v -0.147877 0.005109 0.298653
v -0.167954 0.005802 0.278348
v -0.182191 0.006294 0.255441
v -0.194409 0.006716 0.230664
v -0.203258 0.007022 0.204582
v -0.208629 0.007208 0.177567
v -0.210429 0.007270 0.150082
v -0.208629 0.007208 0.122597
v -0.203258 0.007022 0.095583
v -0.194409 0.006716 0.069501
v -0.182233 0.006296 0.044798
v -0.166939 0.005767 0.021897
v -0.145804 0.025197 0.298653
v -0.145804 0.025197 0.298653
v -0.165600 0.028618 0.278348
v -0.179637 0.031044 0.255441
v -0.191684 0.033126 0.230664
v -0.200409 0.034633 0.204582
v -0.205704 0.035549 0.177567
v -0.207479 0.035856 0.150082
v -0.205704 0.035549 0.122597
v -0.200409 0.034633 0.095583
v -0.191684 0.033126 0.069501
v -0.179679 0.031051 0.044798
v -0.164599 0.028445 0.021897
v -0.141015 0.044816 0.298653
v -0.141015 0.044816 0.298653
v -0.160160 0.050901 0.278348
v -0.173737 0.055215 0.255441
v -0.185388 0.058918 0.230664
v -0.193826 0.061600 0.204582
v -0.198947 0.063228 0.177567
v -0.200665 0.063773 0.150082
v -0.198947 0.063227 0.122597
v -0.193826 0.061600 0.095583
v -0.185388 0.058918 0.069501
v -0.173777 0.055228 0.044798
v -0.159193 0.050593 0.021897
v -0.133599 0.063600 0.298653
v -0.133599 0.063600 0.298653
v -0.151738 0.072235 0.278348
v -0.164600 0.078358 0.255441
v -0.175638 0.083613 0.230664
v -0.183633 0.087419 0.204582
v -0.188485 0.089729 0.177567
v -0.188485 0.089729 0.122597
v -0.183633 0.087419 0.095583
v -0.175638 0.083613 0.069501
v -0.164638 0.078376 0.044798
v -0.150821 0.071799 0.021897
v -0.105141 0.069020 0.301789
v -0.094764 0.082694 0.301789
v -0.082621 0.094827 0.301789
v -0.068939 0.105194 0.301789
v -0.053973 0.113602 0.301789
v -0.038001 0.119893 0.301789
v -0.021322 0.123951 0.301789
v -0.004245 0.125700 0.301789
v 0.012910 0.125107 0.301789
v 0.029825 0.122184 0.301789
v 0.046185 0.116985 0.301789
v 0.061684 0.109606 0.301789
v 0.076034 0.100186 0.301789
v 0.088968 0.088899 0.301789
v 0.100245 0.075957 0.301789
v 0.109654 0.061600 0.301789
v 0.117020 0.046095 0.301789
v 0.122207 0.029731 0.301789
v 0.125117 0.012814 0.301789
v 0.125696 -0.004343 0.301789
v 0.123934 -0.021418 0.301789
v 0.119864 -0.038094 0.301789
v 0.113560 -0.054061 0.301789
v 0.105141 -0.069020 0.301789
v 0.094764 -0.082694 0.301789
v 0.082621 -0.094827 0.301789
v 0.068939 -0.105194 0.301789
v 0.053973 -0.113602 0.301789
v 0.038001 -0.119893 0.301789
v 0.021322 -0.123951 0.301789
v 0.004245 -0.125700 0.301789
v -0.012910 -0.125107 0.301789
v -0.029825 -0.122184 0.301789
v -0.046185 -0.116985 0.301789
v -0.061684 -0.109606 0.301789
v -0.076034 -0.100186 0.301789
v -0.088968 -0.088900 0.301789
v -0.100245 -0.075957 0.301789
v -0.109654 -0.061600 0.301789
v -0.117020 -0.046095 0.301789
v -0.122207 -0.029731 0.301789
v -0.125117 -0.012814 0.301789
v -0.125696 0.004342 0.301789
v -0.123934 0.021418 0.301789
v -0.119864 0.038094 0.301789
v -0.113560 0.054061 0.301789
v -0.062671 0.041141 0.301789
v -0.056486 0.049291 0.301789
v -0.049248 0.056524 0.301789
v -0.041092 0.062703 0.301789
v -0.032171 0.067714 0.301789
v -0.022651 0.071464 0.301789
v -0.012709 0.073883 0.301789
v -0.002531 0.074926 0.301789
v 0.007695 0.074572 0.301789
v 0.017778 0.072830 0.301789
v 0.027529 0.069731 0.301789
v 0.036768 0.065333 0.301789
v 0.045322 0.059718 0.301789
v 0.053031 0.052990 0.301789
v 0.059753 0.045275 0.301789
v 0.065361 0.036717 0.301789
v 0.069752 0.027475 0.301789
v 0.072844 0.017722 0.301789
v 0.074578 0.007638 0.301789
v 0.074924 -0.002588 0.301789
v 0.073873 -0.012766 0.301789
v 0.071447 -0.022707 0.301789
v 0.067689 -0.032224 0.301789
v 0.062671 -0.041141 0.301789
v 0.056486 -0.049291 0.301789
v 0.049248 -0.056524 0.301789
v 0.041092 -0.062703 0.301789
v 0.032171 -0.067714 0.301789
v 0.022651 -0.071464 0.301789
v 0.012709 -0.073883 0.301789
v 0.002531 -0.074925 0.301789
v -0.007695 -0.074572 0.301789
v -0.017778 -0.072830 0.301789
v -0.027529 -0.069731 0.301789
v -0.036768 -0.065333 0.301789
v -0.045322 -0.059718 0.301789
v -0.053031 -0.052990 0.301789
v -0.059753 -0.045275 0.301789
v -0.065361 -0.036717 0.301789
v -0.069752 -0.027475 0.301789
v -0.072844 -0.017722 0.301789
v -0.074578 -0.007638 0.301789
v -0.074924 0.002588 0.301789
v -0.073873 0.012766 0.301789
v -0.071447 0.022707 0.301789
v -0.067689 0.032224 0.301789
v -0.129817 0.085218 0.000329
v -0.117004 0.102101 0.000329
v -0.102011 0.117082 0.000329
v -0.085118 0.129882 0.000329
v -0.066640 0.140263 0.000329
v -0.046920 0.148031 0.000329
v -0.026326 0.153041 0.000329
v -0.005242 0.155200 0.000329
v 0.015940 0.154468 0.000329
v 0.036825 0.150859 0.000329
v 0.057024 0.144440 0.000329
v 0.076161 0.135329 0.000329
v 0.093879 0.123698 0.000329
v 0.109848 0.109763 0.000329
v 0.123771 0.093783 0.000329
v 0.135388 0.076056 0.000329
v 0.144484 0.056912 0.000329
v 0.150887 0.036709 0.000329
v 0.154480 0.015821 0.000329
v 0.155196 -0.005362 0.000329
v 0.153020 -0.026444 0.000329
v 0.147994 -0.047034 0.000329
v 0.140211 -0.066748 0.000329
v 0.129817 -0.085218 0.000329
v 0.117004 -0.102101 0.000329
v 0.102011 -0.117082 0.000329
v 0.085118 -0.129882 0.000329
v 0.066640 -0.140263 0.000329
v 0.046920 -0.148031 0.000329
v 0.026326 -0.153041 0.000329
v 0.005242 -0.155200 0.000329
v 0.005242 -0.155200 0.000329
v -0.015940 -0.154468 0.000329
v -0.036825 -0.150859 0.000329
v -0.057024 -0.144440 0.000329
v -0.076161 -0.135329 0.000329
v -0.093879 -0.123698 0.000329
v -0.109848 -0.109763 0.000329
v -0.123771 -0.093783 0.000329
v -0.135388 -0.076056 0.000329
v -0.144484 -0.056912 0.000329
v -0.150887 -0.036709 0.000329
v -0.154481 -0.015821 0.000329
v -0.155196 0.005362 0.000329
v -0.153020 0.026444 0.000329
v -0.147994 0.047034 0.000329
v -0.140211 0.066748 0.000329
v -0.126327 0.082928 0.003755
v -0.126327 0.082928 0.003755
v -0.113858 0.099357 0.003755
v -0.113858 0.099357 0.003755
v -0.099269 0.113935 0.003755
v -0.099269 0.113935 0.003755
v -0.082830 0.126391 0.003755
v -0.082830 0.126391 0.003755
v -0.064848 0.136492 0.003755
v -0.064848 0.136492 0.003755
v -0.045659 0.144051 0.003755
v -0.045659 0.144051 0.003755
v -0.025618 0.148927 0.003755
v -0.025618 0.148927 0.003755
v -0.005101 0.151028 0.003755
v -0.005101 0.151028 0.003755
v 0.015511 0.150316 0.003755
v 0.015511 0.150316 0.003755
v 0.035835 0.146804 0.003755
v 0.035835 0.146804 0.003755
v 0.055491 0.140557 0.003755
v 0.055491 0.140557 0.003755
v 0.074113 0.131691 0.003755
v 0.074113 0.131691 0.003755
v 0.091355 0.120373 0.003755
v 0.091355 0.120373 0.003755
v 0.106895 0.106812 0.003755
v 0.106895 0.106812 0.003755
v 0.120444 0.091262 0.003755
v 0.120444 0.091262 0.003755
v 0.131749 0.074012 0.003755
v 0.131749 0.074012 0.003755
v 0.140600 0.055383 0.003755
v 0.140600 0.055383 0.003755
v 0.146831 0.035722 0.003755
v 0.146831 0.035722 0.003755
v 0.150328 0.015396 0.003755
v 0.150328 0.015396 0.003755
v 0.151024 -0.005217 0.003755
v 0.151024 -0.005217 0.003755
v 0.148907 -0.025733 0.003755
v 0.148907 -0.025733 0.003755
v 0.144016 -0.045770 0.003755
v 0.144016 -0.045770 0.003755
v 0.136442 -0.064954 0.003755
v 0.136442 -0.064954 0.003755
v 0.126327 -0.082928 0.003755
v 0.126327 -0.082928 0.003755
v 0.113858 -0.099357 0.003755
v 0.113858 -0.099357 0.003755
v 0.099269 -0.113935 0.003755
v 0.099269 -0.113935 0.003755
v 0.082830 -0.126391 0.003755
v 0.082830 -0.126391 0.003755
v 0.064848 -0.136492 0.003755
v 0.064848 -0.136492 0.003755
v 0.045659 -0.144051 0.003755
v 0.045659 -0.144051 0.003755
v 0.025618 -0.148927 0.003755
v 0.025618 -0.148927 0.003755
v 0.005101 -0.151028 0.003755
v 0.005101 -0.151028 0.003755
v 0.005101 -0.151028 0.003755
v 0.005101 -0.151028 0.003755
v -0.015511 -0.150316 0.003755
v -0.015511 -0.150316 0.003755
v -0.035835 -0.146804 0.003755
v -0.035835 -0.146804 0.003755
v -0.055491 -0.140557 0.003755
v -0.055491 -0.140557 0.003755
v -0.074113 -0.131692 0.003755
v -0.074113 -0.131692 0.003755
v -0.091355 -0.120373 0.003755
v -0.091355 -0.120373 0.003755
v -0.106895 -0.106812 0.003755
v -0.106895 -0.106812 0.003755
v -0.120444 -0.091262 0.003755
v -0.120444 -0.091262 0.003755
v -0.131749 -0.074012 0.003755
v -0.131749 -0.074012 0.003755
v -0.140600 -0.055383 0.003755
v -0.140600 -0.055383 0.003755
v -0.146831 -0.035722 0.003755
v -0.146831 -0.035722 0.003755
v -0.150328 -0.015396 0.003755
v -0.150328 -0.015396 0.003755
v -0.151024 0.005217 0.003755
v -0.151024 0.005217 0.003755
v -0.148907 0.025733 0.003755
v -0.148907 0.025733 0.003755
v -0.144016 0.045770 0.003755
v -0.144016 0.045770 0.003755
v -0.136442 0.064954 0.003755
v -0.136442 0.064954 0.003755
v -0.128730 0.084505 0.000000
v -0.126231 0.082865 0.002558
v -0.126850 0.083271 0.000401
v -0.113772 0.099281 0.002558
v -0.116024 0.101247 0.000000
v -0.114330 0.099768 0.000401
v -0.099193 0.113848 0.002558
v -0.101157 0.116102 0.000000
v -0.099680 0.114407 0.000401
v -0.082767 0.126295 0.002558
v -0.084406 0.128795 0.000000
v -0.083173 0.126914 0.000401
v -0.064799 0.136388 0.002558
v -0.066082 0.139089 0.000000
v -0.065117 0.137057 0.000401
v -0.045624 0.143942 0.002558
v -0.046527 0.146792 0.000000
v -0.045848 0.144648 0.000401
v -0.025599 0.148813 0.002558
v -0.026106 0.151760 0.000000
v -0.025724 0.149543 0.000401
v -0.005097 0.150913 0.002558
v -0.005198 0.153901 0.000000
v -0.005122 0.151653 0.000401
v 0.015500 0.150201 0.002558
v 0.015807 0.153175 0.000000
v 0.015576 0.150938 0.000401
v 0.035808 0.146692 0.002558
v 0.036517 0.149596 0.000000
v 0.035983 0.147411 0.000401
v 0.055449 0.140450 0.002558
v 0.056547 0.143231 0.000000
v 0.055721 0.141139 0.000401
v 0.074057 0.131591 0.002558
v 0.075523 0.134197 0.000000
v 0.074420 0.132237 0.000401
v 0.091286 0.120282 0.002558
v 0.093093 0.122663 0.000000
v 0.091733 0.120871 0.000401
v 0.106814 0.106731 0.002558
v 0.108929 0.108844 0.000000
v 0.107338 0.107255 0.000401
v 0.120352 0.091193 0.002558
v 0.122735 0.092998 0.000000
v 0.120942 0.091640 0.000401
v 0.131649 0.073955 0.002558
v 0.134255 0.075420 0.000000
v 0.132294 0.074318 0.000401
v 0.140493 0.055340 0.002558
v 0.143274 0.056436 0.000000
v 0.141182 0.055612 0.000401
v 0.146720 0.035695 0.002558
v 0.149625 0.036401 0.000000
v 0.147439 0.035870 0.000401
v 0.150213 0.015384 0.002558
v 0.153188 0.015688 0.000000
v 0.150950 0.015459 0.000401
v 0.150909 -0.005213 0.002558
v 0.153897 -0.005317 0.000000
v 0.151649 -0.005239 0.000401
v 0.148794 -0.025714 0.002558
v 0.151740 -0.026223 0.000000
v 0.149523 -0.025840 0.000401
v 0.143906 -0.045735 0.002558
v 0.146756 -0.046641 0.000000
v 0.144612 -0.045959 0.000401
v 0.136338 -0.064904 0.002558
v 0.139038 -0.066189 0.000000
v 0.137007 -0.065223 0.000401
v 0.126231 -0.082865 0.002558
v 0.128730 -0.084505 0.000000
v 0.126850 -0.083271 0.000401
v 0.113772 -0.099281 0.002558
v 0.116024 -0.101247 0.000000
v 0.114330 -0.099768 0.000401
v 0.099193 -0.113848 0.002558
v 0.101157 -0.116103 0.000000
v 0.099680 -0.114407 0.000401
v 0.082767 -0.126295 0.002558
v 0.084406 -0.128795 0.000000
v 0.083173 -0.126914 0.000401
v 0.064799 -0.136388 0.002558
v 0.066082 -0.139089 0.000000
v 0.065117 -0.137057 0.000401
v 0.045624 -0.143942 0.002558
v 0.046527 -0.146792 0.000000
v 0.045848 -0.144648 0.000401
v 0.025599 -0.148813 0.002558
v 0.026106 -0.151760 0.000000
v 0.025724 -0.149543 0.000401
v 0.005097 -0.150913 0.002558
v 0.005097 -0.150913 0.002558
v 0.005198 -0.153901 0.000000
v 0.005198 -0.153901 0.000000
v 0.005122 -0.151653 0.000401
v 0.005122 -0.151653 0.000401
v -0.015500 -0.150201 0.002558
v -0.015807 -0.153175 0.000000
v -0.015576 -0.150938 0.000401
v -0.035808 -0.146692 0.002558
v -0.036517 -0.149596 0.000000
v -0.035983 -0.147411 0.000401
v -0.055449 -0.140450 0.002558
v -0.056547 -0.143231 0.000000
v -0.055721 -0.141139 0.000401
v -0.074057 -0.131591 0.002558
v -0.075523 -0.134197 0.000000
v -0.074420 -0.132237 0.000401
v -0.091286 -0.120282 0.002558
v -0.093093 -0.122663 0.000000
v -0.091733 -0.120871 0.000401
v -0.106814 -0.106731 0.002558
v -0.108929 -0.108845 0.000000
v -0.107338 -0.107255 0.000401
v -0.120352 -0.091193 0.002558
v -0.122735 -0.092998 0.000000
v -0.120942 -0.091640 0.000401
v -0.131649 -0.073955 0.002558
v -0.134255 -0.075420 0.000000
v -0.132294 -0.074318 0.000401
v -0.140493 -0.055340 0.002558
v -0.143274 -0.056436 0.000000
v -0.141182 -0.055612 0.000401
v -0.146720 -0.035695 0.002558
v -0.149625 -0.036401 0.000000
v -0.147439 -0.035870 0.000401
v -0.150213 -0.015384 0.002558
v -0.153188 -0.015688 0.000000
v -0.150950 -0.015459 0.000401
v -0.150909 0.005213 0.002558
v -0.153897 0.005317 0.000000
v -0.151649 0.005239 0.000401
v -0.148794 0.025714 0.002558
v -0.151740 0.026223 0.000000
v -0.149523 0.025840 0.000401
v -0.143906 0.045735 0.002558
v -0.146756 0.046641 0.000000
v -0.144612 0.045959 0.000401
v -0.136338 0.064904 0.002558
v -0.139038 0.066189 0.000000
v -0.137007 0.065223 0.000401
v -0.008933 0.004253 0.426426
v -0.000513 0.006452 0.440227
v -0.009862 -0.000784 0.426426
v 0.002782 0.005844 0.440227
v -0.008149 -0.005610 0.426426
v 0.005331 0.003670 0.440227
v -0.004252 -0.008933 0.426426
v 0.006452 0.000513 0.440227
v 0.000784 -0.009863 0.426426
v 0.000784 -0.009863 0.426426
v 0.005844 -0.002782 0.440227
v 0.005610 -0.008149 0.426426
v 0.003670 -0.005331 0.440227
v 0.008933 -0.004253 0.426426
v 0.000513 -0.006452 0.440227
v 0.009863 0.000784 0.426426
v -0.002782 -0.005844 0.440227
v 0.008149 0.005610 0.426426
v -0.005331 -0.003670 0.440227
v 0.004253 0.008933 0.426426
v -0.003670 0.005331 0.440227
v -0.000784 0.009862 0.426426
v -0.005844 0.002782 0.440227
v -0.005610 0.008149 0.426426
v -0.006452 -0.000513 0.440227
v 0.000000 -0.000000 0.440803
v -0.008933 0.004253 0.437411
v -0.008933 0.004253 0.437411
v -0.008021 0.003819 0.439290
v -0.008856 -0.000704 0.439290
v -0.009862 -0.000784 0.437411
v -0.009862 -0.000784 0.437411
v -0.007318 -0.005037 0.439290
v -0.008149 -0.005610 0.437411
v -0.008149 -0.005610 0.437411
v -0.003818 -0.008021 0.439290
v -0.004252 -0.008933 0.437411
v -0.004252 -0.008933 0.437411
v 0.000704 -0.008856 0.439290
v 0.000784 -0.009863 0.437411
v 0.000784 -0.009863 0.437411
v 0.000784 -0.009863 0.437411
v 0.005037 -0.007318 0.439290
v 0.005610 -0.008149 0.437411
v 0.005610 -0.008149 0.437411
v 0.008021 -0.003819 0.439290
v 0.008933 -0.004253 0.437411
v 0.008933 -0.004253 0.437411
v 0.008856 0.000704 0.439290
v 0.009863 0.000784 0.437411
v 0.009863 0.000784 0.437411
v 0.007318 0.005037 0.439290
v 0.008149 0.005610 0.437411
v 0.008149 0.005610 0.437411
v 0.003819 0.008021 0.439290
v 0.004253 0.008933 0.437411
v 0.004253 0.008933 0.437411
v -0.000704 0.008856 0.439290
v -0.000784 0.009862 0.437411
v -0.000784 0.009862 0.437411
v -0.005037 0.007318 0.439290
v -0.005610 0.008149 0.437411
v -0.005610 0.008149 0.437411
v 0.021699 -0.010330 0.423160
v 0.021699 -0.010330 0.423160
v 0.023923 -0.002285 0.423160
v 0.023923 -0.002285 0.423160
v 0.023262 0.006035 0.423160
v 0.023262 0.006035 0.423160
v 0.019795 0.013627 0.423160
v 0.019795 0.013627 0.423160
v 0.013941 0.019575 0.423160
v 0.013941 0.019575 0.423160
v 0.006405 0.023163 0.423160
v 0.006405 0.023163 0.423160
v -0.001903 0.023956 0.423160
v -0.001903 0.023956 0.423160
v -0.009982 0.021861 0.423160
v -0.009982 0.021861 0.423160
v -0.016857 0.017128 0.423160
v -0.016857 0.017128 0.423160
v -0.021699 0.010330 0.423160
v -0.021699 0.010330 0.423160
v -0.023923 0.002285 0.423160
v -0.023923 0.002285 0.423160
v -0.023262 -0.006035 0.423160
v -0.023262 -0.006035 0.423160
v -0.019795 -0.013627 0.423160
v -0.019795 -0.013627 0.423160
v -0.013941 -0.019575 0.423160
v -0.013941 -0.019575 0.423160
v -0.006405 -0.023163 0.423160
v -0.006405 -0.023163 0.423160
v 0.001904 -0.023957 0.423160
v 0.001904 -0.023957 0.423160
v 0.001904 -0.023957 0.423160
v 0.009982 -0.021861 0.423160
v 0.009982 -0.021861 0.423160
v 0.016857 -0.017128 0.423160
v 0.016857 -0.017128 0.423160
v 0.008843 -0.019366 0.426627
v 0.001686 -0.021223 0.426627
v -0.005674 -0.020520 0.426627
v -0.012350 -0.017342 0.426627
v -0.017536 -0.012072 0.426627
v -0.020608 -0.005346 0.426627
v -0.021193 0.002025 0.426627
v -0.019223 0.009151 0.426627
v -0.014934 0.015174 0.426627
v -0.008843 0.019366 0.426627
v -0.001686 0.021223 0.426627
v 0.005674 0.020520 0.426627
v 0.012350 0.017342 0.426627
v 0.017537 0.012072 0.426627
v 0.020608 0.005346 0.426627
v 0.014934 -0.015174 0.426627
v 0.021193 -0.002025 0.426627
v 0.019223 -0.009151 0.426627
v 0.014124 -0.006724 0.428459
v 0.015572 -0.001488 0.428459
v 0.015141 0.003928 0.428459
v 0.012885 0.008870 0.428459
v 0.009074 0.012741 0.428459
v 0.004169 0.015077 0.428459
v -0.001239 0.015593 0.428459
v -0.006497 0.014229 0.428459
v -0.010972 0.011149 0.428459
v -0.014124 0.006724 0.428459
v -0.015571 0.001488 0.428459
v -0.015141 -0.003928 0.428459
v -0.012885 -0.008870 0.428459
v -0.009074 -0.012742 0.428459
v -0.004169 -0.015077 0.428459
v 0.001239 -0.015593 0.428459
v 0.006498 -0.014229 0.428459
v 0.010972 -0.011149 0.428459
v 0.016857 -0.017128 0.366872
v 0.009982 -0.021861 0.366872
v 0.001904 -0.023957 0.366872
v 0.001904 -0.023957 0.366872
v -0.006405 -0.023163 0.366872
v -0.013941 -0.019575 0.366872
v -0.019795 -0.013627 0.366872
v -0.023262 -0.006035 0.366872
v -0.023923 0.002285 0.366872
v -0.021699 0.010330 0.366872
v -0.016857 0.017128 0.366872
v -0.009982 0.021861 0.366872
v -0.001903 0.023956 0.366872
v 0.006405 0.023163 0.366872
v 0.013941 0.019575 0.366872
v 0.019795 0.013627 0.366872
v 0.023262 0.006035 0.366872
v 0.023923 -0.002285 0.366872
v 0.021699 -0.010330 0.366872
v -0.021699 0.010330 0.236893
v -0.021699 0.010330 0.236893
v -0.016857 0.017128 0.236893
v -0.016857 0.017128 0.236893
v -0.009982 0.021861 0.236893
v -0.009982 0.021861 0.236893
v -0.001904 0.023956 0.236893
v -0.001904 0.023956 0.236893
v 0.006405 0.023163 0.236893
v 0.006405 0.023163 0.236893
v 0.013941 0.019575 0.236893
v 0.013941 0.019575 0.236893
v 0.019795 0.013627 0.236893
v 0.019795 0.013627 0.236893
v 0.023262 0.006035 0.236893
v 0.023262 0.006035 0.236893
v 0.023923 -0.002285 0.236893
v 0.023923 -0.002285 0.236893
v 0.021699 -0.010330 0.236893
v 0.021699 -0.010330 0.236893
v 0.016857 -0.017128 0.236893
v 0.016857 -0.017128 0.236893
v 0.009982 -0.021861 0.236893
v 0.009982 -0.021861 0.236893
v 0.001904 -0.023956 0.236893
v 0.001904 -0.023956 0.236893
v 0.001904 -0.023956 0.236893
v -0.006405 -0.023163 0.236893
v -0.006405 -0.023163 0.236893
v -0.013941 -0.019575 0.236893
v -0.013941 -0.019575 0.236893
v -0.019795 -0.013627 0.236893
v -0.019795 -0.013627 0.236893
v -0.023262 -0.006035 0.236893
v -0.023262 -0.006035 0.236893
v -0.023923 0.002285 0.236893
v -0.023923 0.002285 0.236893
v -0.031898 0.015185 0.291842
v -0.031898 0.015185 0.291842
v -0.024781 0.025179 0.291842
v -0.024781 0.025179 0.291842
v -0.014675 0.032136 0.291842
v -0.014675 0.032136 0.291842
v -0.002798 0.035217 0.291842
v -0.002798 0.035217 0.291842
v 0.009415 0.034051 0.291842
v 0.009415 0.034051 0.291842
v 0.020494 0.028777 0.291842
v 0.020494 0.028777 0.291842
v 0.029100 0.020032 0.291842
v 0.029100 0.020032 0.291842
v 0.034196 0.008871 0.291842
v 0.034196 0.008871 0.291842
v 0.035168 -0.003360 0.291842
v 0.035168 -0.003360 0.291842
v 0.031898 -0.015185 0.291842
v 0.031898 -0.015185 0.291842
v 0.024781 -0.025179 0.291842
v 0.024781 -0.025179 0.291842
v 0.014675 -0.032136 0.291842
v 0.014675 -0.032136 0.291842
v 0.002798 -0.035217 0.291842
v 0.002798 -0.035217 0.291842
v 0.002798 -0.035217 0.291842
v -0.009415 -0.034051 0.291842
v -0.009415 -0.034051 0.291842
v -0.020494 -0.028777 0.291842
v -0.020494 -0.028777 0.291842
v -0.029100 -0.020032 0.291842
v -0.029100 -0.020032 0.291842
v -0.034196 -0.008871 0.291842
v -0.034196 -0.008871 0.291842
v -0.035168 0.003360 0.291842
v -0.035168 0.003360 0.291842
v -0.023923 0.002285 0.291842
v -0.023923 0.002285 0.291842
v -0.023262 -0.006035 0.291842
v -0.023262 -0.006035 0.291842
v -0.019795 -0.013627 0.291842
v -0.019795 -0.013627 0.291842
v -0.013941 -0.019575 0.291842
v -0.013941 -0.019575 0.291842
v -0.006405 -0.023163 0.291842
v -0.006405 -0.023163 0.291842
v 0.001904 -0.023956 0.291842
v 0.001904 -0.023956 0.291842
v 0.001904 -0.023956 0.291842
v 0.009982 -0.021861 0.291842
v 0.009982 -0.021861 0.291842
v 0.016857 -0.017128 0.291842
v 0.016857 -0.017128 0.291842
v 0.021699 -0.010330 0.291842
v 0.021699 -0.010330 0.291842
v 0.023923 -0.002285 0.291842
v 0.023923 -0.002285 0.291842
v 0.023262 0.006035 0.291842
v 0.023262 0.006035 0.291842
v 0.019795 0.013627 0.291842
v 0.019795 0.013627 0.291842
v 0.013941 0.019575 0.291842
v 0.013941 0.019575 0.291842
v 0.006405 0.023163 0.291842
v 0.006405 0.023163 0.291842
v -0.001904 0.023956 0.291842
v -0.001904 0.023956 0.291842
v -0.009982 0.021861 0.291842
v -0.009982 0.021861 0.291842
v -0.016857 0.017128 0.291842
v -0.016857 0.017128 0.291842
v -0.021699 0.010330 0.291842
v -0.021699 0.010330 0.291842
v -0.031898 0.015185 0.297292
v -0.031898 0.015185 0.297292
v -0.024781 0.025179 0.297292
v -0.024781 0.025179 0.297292
v -0.014675 0.032136 0.297292
v -0.014675 0.032136 0.297292
v -0.002798 0.035217 0.297292
v -0.002798 0.035217 0.297292
v 0.009415 0.034051 0.297292
v 0.009415 0.034051 0.297292
v 0.020494 0.028777 0.297292
v 0.020494 0.028777 0.297292
v 0.029100 0.020032 0.297292
v 0.029100 0.020032 0.297292
v 0.034196 0.008871 0.297292
v 0.034196 0.008871 0.297292
v 0.035168 -0.003360 0.297292
v 0.035168 -0.003360 0.297292
v 0.031898 -0.015185 0.297292
v 0.031898 -0.015185 0.297292
v 0.024781 -0.025179 0.297292
v 0.024781 -0.025179 0.297292
v 0.014675 -0.032136 0.297292
v 0.014675 -0.032136 0.297292
v 0.002798 -0.035217 0.297292
v 0.002798 -0.035217 0.297292
v 0.002798 -0.035217 0.297292
v -0.009415 -0.034051 0.297292
v -0.009415 -0.034051 0.297292
v -0.020494 -0.028777 0.297292
v -0.020494 -0.028777 0.297292
v -0.029100 -0.020032 0.297292
v -0.029100 -0.020032 0.297292
v -0.034196 -0.008871 0.297292
v -0.034196 -0.008871 0.297292
v -0.035168 0.003360 0.297292
v -0.035168 0.003360 0.297292
v -0.075741 0.036057 0.297292
v -0.075741 0.036057 0.297292
v -0.058841 0.059787 0.297292
v -0.058841 0.059787 0.297292
v -0.034844 0.076306 0.297292
v -0.034844 0.076306 0.297292
v -0.006644 0.083622 0.297292
v -0.006644 0.083622 0.297292
v 0.022357 0.080851 0.297292
v 0.022357 0.080851 0.297292
v 0.048661 0.068329 0.297292
v 0.048661 0.068329 0.297292
v 0.069096 0.047565 0.297292
v 0.069096 0.047565 0.297292
v 0.081197 0.021064 0.297292
v 0.081197 0.021064 0.297292
v 0.083505 -0.007977 0.297292
v 0.083505 -0.007977 0.297292
v 0.075741 -0.036057 0.297292
v 0.075741 -0.036057 0.297292
v 0.058841 -0.059787 0.297292
v 0.058841 -0.059787 0.297292
v 0.034844 -0.076306 0.297292
v 0.034844 -0.076306 0.297292
v 0.006644 -0.083622 0.297292
v 0.006644 -0.083622 0.297292
v 0.006644 -0.083622 0.297292
v -0.022357 -0.080851 0.297292
v -0.022357 -0.080851 0.297292
v -0.048661 -0.068329 0.297292
v -0.048661 -0.068329 0.297292
v -0.069096 -0.047565 0.297292
v -0.069096 -0.047565 0.297292
v -0.081197 -0.021064 0.297292
v -0.081197 -0.021064 0.297292
v -0.083505 0.007977 0.297292
v -0.083505 0.007977 0.297292
v -0.075741 0.036057 0.302129
v -0.058841 0.059787 0.302129
v -0.034844 0.076306 0.302129
v -0.006644 0.083622 0.302129
v 0.022357 0.080851 0.302129
v 0.048661 0.068329 0.302129
v 0.069096 0.047565 0.302129
v 0.081197 0.021064 0.302129
v 0.083505 -0.007977 0.302129
v 0.075741 -0.036057 0.302129
v 0.058841 -0.059787 0.302129
v 0.034844 -0.076306 0.302129
v 0.006644 -0.083622 0.302129
v 0.006644 -0.083622 0.302129
v -0.022357 -0.080851 0.302129
v -0.048661 -0.068329 0.302129
v -0.069096 -0.047565 0.302129
v -0.081197 -0.021064 0.302129
v -0.083505 0.007977 0.302129
v -0.015596 0.007425 0.236893
v -0.012116 0.012311 0.236893
v -0.007175 0.015712 0.236893
v -0.001368 0.017219 0.236893
v 0.004604 0.016648 0.236893
v 0.010020 0.014070 0.236893
v 0.014228 0.009794 0.236893
v 0.016720 0.004337 0.236893
v 0.017195 -0.001643 0.236893
v 0.015596 -0.007425 0.236893
v 0.012116 -0.012311 0.236893
v 0.007175 -0.015712 0.236893
v 0.001368 -0.017219 0.236893
v -0.004604 -0.016648 0.236893
v -0.010020 -0.014070 0.236893
v -0.014228 -0.009794 0.236893
v -0.016720 -0.004337 0.236893
v -0.017195 0.001643 0.236893
v -0.022754 0.014937 0.367713
v -0.045118 0.029618 0.362392
v -0.066711 0.043792 0.353624
v -0.087162 0.057218 0.341560
v -0.106122 0.069664 0.326405
v -0.123266 0.080918 0.308420
v -0.123266 0.080918 0.308420
v -0.020508 0.017896 0.367713
v -0.040665 0.035486 0.362392
v -0.060126 0.052468 0.353624
v -0.078559 0.068553 0.341560
v -0.095647 0.083465 0.326405
v -0.111099 0.096949 0.308420
v -0.111099 0.096949 0.308420
v -0.017880 0.020522 0.367713
v -0.035454 0.040692 0.362392
v -0.052422 0.060167 0.353624
v -0.068493 0.078612 0.341560
v -0.083391 0.095712 0.326405
v -0.096863 0.111174 0.308420
v -0.096863 0.111174 0.308420
v -0.014919 0.022765 0.367713
v -0.029583 0.045141 0.362392
v -0.043741 0.066745 0.353624
v -0.057150 0.087206 0.341560
v -0.069582 0.106175 0.326405
v -0.080823 0.123328 0.308420
v -0.080823 0.123328 0.308420
v -0.011680 0.024585 0.367713
v -0.023161 0.048749 0.362392
v -0.034245 0.072079 0.353624
v -0.044743 0.094176 0.341560
v -0.054476 0.114661 0.326405
v -0.063277 0.133185 0.308420
v -0.063277 0.133185 0.308420
v -0.008224 0.025946 0.367713
v -0.016307 0.051449 0.362392
v -0.024111 0.076071 0.353624
v -0.031503 0.099391 0.341560
v -0.038356 0.121011 0.326405
v -0.044552 0.140560 0.308420
v -0.044552 0.140560 0.308420
v -0.004614 0.026824 0.367713
v -0.009150 0.053190 0.362392
v -0.013529 0.078645 0.353624
v -0.017676 0.102755 0.341560
v -0.021521 0.125107 0.326405
v -0.024998 0.145318 0.308420
v -0.024998 0.145318 0.308420
v -0.000919 0.027203 0.367713
v -0.001822 0.053940 0.362392
v -0.002694 0.079755 0.353624
v -0.003519 0.104205 0.341560
v -0.004285 0.126872 0.326405
v -0.004977 0.147368 0.308420
v -0.004977 0.147368 0.308420
v 0.002794 0.027075 0.367713
v 0.005540 0.053686 0.362392
v 0.008191 0.079379 0.353624
v 0.010703 0.103714 0.341560
v 0.013031 0.126274 0.326405
v 0.015136 0.146673 0.308420
v 0.015136 0.146673 0.308420
v -0.000000 -0.000000 0.369497
v 0.006455 0.026442 0.367713
v 0.012799 0.052432 0.362392
v 0.018924 0.077524 0.353624
v 0.024725 0.101290 0.341560
v 0.030104 0.123323 0.326405
v 0.034967 0.143246 0.308420
v 0.034967 0.143246 0.308420
v 0.009995 0.025317 0.367713
v 0.019819 0.050201 0.362392
v 0.029304 0.074225 0.353624
v 0.038287 0.096980 0.341560
v 0.046616 0.118075 0.326405
v 0.054146 0.137151 0.308420
v 0.054146 0.137151 0.308420
v 0.013349 0.023720 0.367713
v 0.026470 0.047034 0.362392
v 0.039138 0.069544 0.353624
v 0.051136 0.090863 0.341560
v 0.062259 0.110628 0.326405
v 0.072317 0.128500 0.308420
v 0.072317 0.128500 0.308420
v 0.016455 0.021681 0.367713
v 0.032628 0.042992 0.362392
v 0.048243 0.063567 0.353624
v 0.063032 0.083054 0.341560
v 0.076743 0.101120 0.326405
v 0.089141 0.117456 0.308420
v 0.089141 0.117456 0.308420
v 0.019254 0.019239 0.367713
v 0.038178 0.038149 0.362392
v 0.056449 0.056406 0.353624
v 0.073754 0.073698 0.341560
v 0.089798 0.089728 0.326405
v 0.104305 0.104224 0.308420
v 0.104305 0.104224 0.308420
v 0.021694 0.016438 0.367713
v 0.043017 0.032595 0.362392
v 0.063604 0.048194 0.353624
v 0.083103 0.062968 0.341560
v 0.101179 0.076665 0.326405
v 0.117525 0.089051 0.308420
v 0.117525 0.089051 0.308420
v 0.023730 0.013331 0.367713
v 0.047055 0.026434 0.362392
v 0.069574 0.039084 0.353624
v 0.090903 0.051066 0.341560
v 0.110676 0.062174 0.326405
v 0.128556 0.072218 0.308420
v 0.128556 0.072218 0.308420
v 0.025325 0.009975 0.367713
v 0.050216 0.019780 0.362392
v 0.074248 0.029246 0.353624
v 0.097010 0.038212 0.341560
v 0.118111 0.046524 0.326405
v 0.137192 0.054040 0.308420
v 0.137192 0.054040 0.308420
v 0.026447 0.006434 0.367713
v 0.052442 0.012758 0.362392
v 0.077539 0.018864 0.353624
v 0.101309 0.024647 0.341560
v 0.123346 0.030008 0.326405
v 0.143273 0.034856 0.308420
v 0.143273 0.034856 0.308420
v 0.027077 0.002773 0.367713
v 0.053690 0.005499 0.362392
v 0.079385 0.008130 0.353624
v 0.103722 0.010622 0.341560
v 0.126284 0.012933 0.326405
v 0.146685 0.015022 0.308420
v 0.146685 0.015022 0.308420
v 0.027202 -0.000940 0.367713
v 0.053939 -0.001863 0.362392
v 0.079753 -0.002755 0.353624
v 0.104202 -0.003600 0.341560
v 0.126869 -0.004383 0.326405
v 0.147364 -0.005091 0.308420
v 0.147364 -0.005091 0.308420
v 0.026821 -0.004635 0.367713
v 0.053183 -0.009191 0.362392
v 0.078635 -0.013589 0.353624
v 0.102741 -0.017755 0.341560
v 0.125090 -0.021617 0.326405
v 0.145298 -0.025110 0.308420
v 0.145298 -0.025110 0.308420
v 0.025940 -0.008244 0.367713
v 0.051436 -0.016347 0.362392
v 0.076052 -0.024170 0.353624
v 0.099367 -0.031580 0.341560
v 0.120981 -0.038449 0.326405
v 0.140526 -0.044661 0.308420
v 0.140526 -0.044661 0.308420
v 0.024576 -0.011699 0.367713
v 0.048731 -0.023199 0.362392
v 0.072053 -0.034301 0.353624
v 0.094141 -0.044816 0.341560
v 0.114619 -0.054565 0.326405
v 0.133136 -0.063380 0.308420
v 0.133136 -0.063380 0.308420
v 0.022754 -0.014937 0.367713
v 0.045118 -0.029618 0.362392
v 0.066711 -0.043792 0.353624
v 0.087162 -0.057218 0.341560
v 0.106122 -0.069664 0.326405
v 0.123266 -0.080918 0.308420
v 0.123266 -0.080918 0.308420
v 0.020508 -0.017896 0.367713
v 0.040665 -0.035486 0.362392
v 0.060126 -0.052468 0.353624
v 0.078559 -0.068553 0.341560
v 0.095647 -0.083465 0.326405
v 0.111099 -0.096949 0.308420
v 0.111099 -0.096949 0.308420
v 0.017880 -0.020522 0.367713
v 0.035454 -0.040692 0.362392
v 0.052422 -0.060167 0.353624
v 0.068493 -0.078612 0.341560
v 0.083391 -0.095712 0.326405
v 0.096863 -0.111174 0.308420
v 0.096863 -0.111174 0.308420
v 0.014919 -0.022765 0.367713
v 0.029583 -0.045141 0.362392
v 0.043741 -0.066745 0.353624
v 0.057150 -0.087206 0.341560
v 0.069582 -0.106175 0.326405
v 0.080823 -0.123328 0.308420
v 0.080823 -0.123328 0.308420
v 0.011680 -0.024585 0.367713
v 0.023161 -0.048749 0.362392
v 0.034245 -0.072079 0.353624
v 0.044743 -0.094176 0.341560
v 0.054476 -0.114661 0.326405
v 0.063277 -0.133185 0.308420
v 0.063277 -0.133185 0.308420
v 0.008224 -0.025946 0.367713
v 0.016307 -0.051449 0.362392
v 0.024111 -0.076071 0.353624
v 0.031503 -0.099391 0.341560
v 0.038356 -0.121011 0.326405
v 0.044552 -0.140560 0.308420
v 0.044552 -0.140560 0.308420
v 0.004614 -0.026824 0.367713
v 0.009150 -0.053190 0.362392
v 0.013529 -0.078645 0.353624
v 0.017676 -0.102755 0.341560
v 0.021521 -0.125107 0.326405
v 0.024998 -0.145318 0.308420
v 0.024998 -0.145318 0.308420
v 0.000919 -0.027203 0.367713
v 0.001822 -0.053940 0.362392
v 0.002694 -0.079755 0.353624
v 0.003519 -0.104205 0.341560
v 0.004285 -0.126872 0.326405
v 0.004977 -0.147368 0.308420
v 0.004977 -0.147368 0.308420
v 0.004977 -0.147368 0.308420
v -0.002794 -0.027075 0.367713
v -0.005540 -0.053686 0.362392
v -0.008191 -0.079379 0.353624
v -0.010703 -0.103714 0.341560
v -0.013031 -0.126274 0.326405
v -0.015136 -0.146673 0.308420
v -0.015136 -0.146673 0.308420
v -0.006455 -0.026442 0.367713
v -0.012799 -0.052432 0.362392
v -0.018924 -0.077524 0.353624
v -0.024725 -0.101290 0.341560
v -0.030104 -0.123323 0.326405
v -0.034967 -0.143246 0.308420
v -0.034967 -0.143246 0.308420
v -0.009995 -0.025317 0.367713
v -0.019819 -0.050201 0.362392
v -0.029304 -0.074225 0.353624
v -0.038287 -0.096980 0.341560
v -0.046616 -0.118075 0.326405
v -0.054146 -0.137151 0.308420
v -0.054146 -0.137151 0.308420
v -0.013349 -0.023720 0.367713
v -0.026470 -0.047034 0.362392
v -0.039138 -0.069544 0.353624
v -0.051136 -0.090863 0.341560
v -0.062259 -0.110628 0.326405
v -0.072317 -0.128500 0.308420
v -0.072317 -0.128500 0.308420
v -0.016455 -0.021681 0.367713
v -0.032628 -0.042992 0.362392
v -0.048243 -0.063567 0.353624
v -0.063032 -0.083054 0.341560
v -0.076743 -0.101120 0.326405
v -0.089141 -0.117456 0.308420
v -0.089141 -0.117456 0.308420
v -0.019254 -0.019239 0.367713
v -0.038178 -0.038149 0.362392
v -0.056449 -0.056406 0.353624
v -0.073754 -0.073698 0.341560
v -0.089798 -0.089728 0.326405
v -0.104305 -0.104224 0.308420
v -0.104305 -0.104224 0.308420
v -0.021694 -0.016438 0.367713
v -0.043017 -0.032595 0.362392
v -0.063604 -0.048194 0.353624
v -0.083103 -0.062968 0.341560
v -0.101179 -0.076665 0.326405
v -0.117525 -0.089051 0.308420
v -0.117525 -0.089051 0.308420
v -0.023730 -0.013331 0.367713
v -0.047055 -0.026434 0.362392
v -0.069574 -0.039084 0.353624
v -0.090903 -0.051066 0.341560
v -0.110676 -0.062174 0.326405
v -0.128556 -0.072218 0.308420
v -0.128556 -0.072218 0.308420
v -0.025325 -0.009975 0.367713
v -0.050216 -0.019780 0.362392
v -0.074248 -0.029246 0.353624
v -0.097010 -0.038212 0.341560
v -0.118111 -0.046524 0.326405
v -0.137192 -0.054040 0.308420
v -0.137192 -0.054040 0.308420
v -0.026447 -0.006434 0.367713
v -0.052442 -0.012758 0.362392
v -0.077539 -0.018864 0.353624
v -0.101309 -0.024647 0.341560
v -0.123346 -0.030008 0.326405
v -0.143273 -0.034856 0.308420
v -0.143273 -0.034856 0.308420
v -0.027077 -0.002773 0.367713
v -0.053690 -0.005499 0.362392
v -0.079385 -0.008130 0.353624
v -0.103722 -0.010622 0.341560
v -0.126284 -0.012933 0.326405
v -0.146685 -0.015022 0.308420
v -0.146685 -0.015022 0.308420
v -0.027202 0.000940 0.367713
v -0.053939 0.001863 0.362392
v -0.079753 0.002755 0.353624
v -0.104202 0.003600 0.341560
v -0.126869 0.004383 0.326405
v -0.147364 0.005091 0.308420
v -0.147364 0.005091 0.308420
v -0.026821 0.004635 0.367713
v -0.053183 0.009191 0.362392
v -0.078635 0.013589 0.353624
v -0.102741 0.017755 0.341560
v -0.125090 0.021617 0.326405
v -0.145298 0.025110 0.308420
v -0.145298 0.025110 0.308420
v -0.025940 0.008244 0.367713
v -0.051436 0.016347 0.362392
v -0.076052 0.024170 0.353624
v -0.099367 0.031580 0.341560
v -0.120981 0.038449 0.326405
v -0.140526 0.044661 0.308420
v -0.140526 0.044661 0.308420
v -0.024576 0.011699 0.367713
v -0.048731 0.023199 0.362392
v -0.072053 0.034301 0.353624
v -0.094141 0.044816 0.341560
v -0.114619 0.054565 0.326405
v -0.133136 0.063380 0.308420
v -0.133136 0.063380 0.308420
v -0.122116 0.080164 0.306853
v -0.110063 0.096045 0.306853
v -0.095960 0.110137 0.306853
v -0.080069 0.122178 0.306853
v -0.062687 0.131943 0.306853
v -0.044137 0.139250 0.306853
v -0.024764 0.143963 0.306853
v -0.004931 0.145994 0.306853
v 0.014995 0.145306 0.306853
v 0.034641 0.141910 0.306853
v 0.053641 0.135872 0.306853
v 0.071643 0.127302 0.306853
v 0.088310 0.116361 0.306853
v 0.103332 0.103252 0.306853
v 0.116429 0.088220 0.306853
v 0.127357 0.071545 0.306853
v 0.135913 0.053537 0.306853
v 0.141937 0.034531 0.306853
v 0.145317 0.014882 0.306853
v 0.145990 -0.005044 0.306853
v 0.143944 -0.024876 0.306853
v 0.139216 -0.044244 0.306853
v 0.131894 -0.062789 0.306853
v 0.122116 -0.080163 0.306853
v 0.110063 -0.096045 0.306853
v 0.095960 -0.110137 0.306853
v 0.080069 -0.122178 0.306853
v 0.062687 -0.131943 0.306853
v 0.044137 -0.139250 0.306853
v 0.024764 -0.143963 0.306853
v 0.004931 -0.145994 0.306853
v 0.004931 -0.145994 0.306853
v -0.014995 -0.145306 0.306853
v -0.034641 -0.141910 0.306853
v -0.053641 -0.135872 0.306853
v -0.071643 -0.127302 0.306853
v -0.088310 -0.116361 0.306853
v -0.103332 -0.103252 0.306853
v -0.116429 -0.088220 0.306853
v -0.127357 -0.071545 0.306853
v -0.135913 -0.053537 0.306853
v -0.141937 -0.034531 0.306853
v -0.145317 -0.014882 0.306853
v -0.145990 0.005044 0.306853
v -0.143944 0.024876 0.306853
v -0.139216 0.044244 0.306853
v -0.131894 0.062789 0.306853
v -0.121702 0.079892 0.310061
v -0.109690 0.095719 0.310061
v -0.095635 0.109764 0.310061
v -0.079798 0.121764 0.310061
v -0.062474 0.131495 0.310061
v -0.043987 0.138778 0.310061
v -0.024680 0.143475 0.310061
v -0.004914 0.145499 0.310061
v 0.014944 0.144813 0.310061
v 0.034523 0.141429 0.310061
v 0.053460 0.135411 0.310061
v 0.071400 0.126870 0.310061
v 0.088011 0.115966 0.310061
v 0.104025 0.102771 0.310200
v 0.117078 0.087790 0.310200
v 0.126925 0.071302 0.310061
v 0.135452 0.053355 0.310061
v 0.141456 0.034414 0.310061
v 0.144824 0.014832 0.310061
v 0.145495 -0.005027 0.310061
v 0.143455 -0.024791 0.310061
v 0.138744 -0.044094 0.310061
v 0.131447 -0.062576 0.310061
v 0.121702 -0.079892 0.310061
v 0.109690 -0.095719 0.310061
v 0.095635 -0.109764 0.310061
v 0.079798 -0.121764 0.310061
v 0.062474 -0.131495 0.310061
v 0.043987 -0.138778 0.310061
v 0.024680 -0.143475 0.310061
v 0.004914 -0.145499 0.310061
v -0.014944 -0.144813 0.310061
v -0.034523 -0.141429 0.310061
v -0.053460 -0.135411 0.310061
v -0.071400 -0.126870 0.310061
v -0.088011 -0.115966 0.310061
v -0.102982 -0.102902 0.310061
v -0.116034 -0.087921 0.310061
v -0.126925 -0.071302 0.310061
v -0.135452 -0.053355 0.310061
v -0.141456 -0.034414 0.310061
v -0.144824 -0.014832 0.310061
v -0.145495 0.005026 0.310061
v -0.143455 0.024791 0.310061
v -0.138744 0.044094 0.310061
v -0.131447 0.062576 0.310061
v -0.121250 0.079595 0.307761
v -0.109283 0.095364 0.307761
v -0.095279 0.109356 0.307761
v -0.079501 0.121312 0.307761
v -0.062242 0.131007 0.307761
v -0.043824 0.138262 0.307761
v -0.024589 0.142942 0.307761
v -0.004896 0.144959 0.307761
v 0.014888 0.144275 0.307761
v 0.034395 0.140904 0.307761
v 0.053261 0.134908 0.307761
v 0.071135 0.126399 0.307761
v 0.087684 0.115536 0.307761
v 0.102599 0.102520 0.307761
v 0.115603 0.087595 0.307761
v 0.126454 0.071037 0.307761
v 0.134949 0.053157 0.307761
v 0.140931 0.034286 0.307761
v 0.144287 0.014777 0.307761
v 0.144955 -0.005008 0.307761
v 0.142923 -0.024699 0.307761
v 0.138228 -0.043930 0.307761
v 0.130959 -0.062343 0.307761
v 0.121250 -0.079595 0.307761
v 0.109283 -0.095364 0.307761
v 0.095279 -0.109356 0.307761
v 0.079501 -0.121312 0.307761
v 0.062242 -0.131007 0.307761
v 0.043824 -0.138262 0.307761
v 0.024589 -0.142942 0.307761
v 0.004896 -0.144959 0.307761
v 0.004896 -0.144959 0.307761
v -0.014888 -0.144275 0.307761
v -0.034395 -0.140904 0.307761
v -0.053261 -0.134908 0.307761
v -0.071135 -0.126399 0.307761
v -0.087684 -0.115536 0.307761
v -0.102599 -0.102520 0.307761
v -0.115603 -0.087595 0.307761
v -0.126454 -0.071037 0.307761
v -0.134949 -0.053157 0.307761
v -0.140931 -0.034286 0.307761
v -0.144287 -0.014777 0.307761
v -0.144955 0.005008 0.307761
v -0.142923 0.024699 0.307761
v -0.138228 0.043930 0.307761
v -0.130959 0.062343 0.307761
v 0.007188 -0.001932 0.909417
v 0.004523 0.003929 0.904127
v 0.004729 -0.004816 0.909417
v 0.002636 0.005538 0.904127
v 0.001158 -0.006083 0.909417
v 0.000199 0.005988 0.904127
v -0.002568 -0.005396 0.909417
v -0.002137 0.005159 0.904127
v -0.005452 -0.002937 0.909417
v -0.003746 0.003272 0.904127
v -0.006719 0.000634 0.909417
v -0.004196 0.000835 0.904127
v -0.006032 0.004361 0.909417
v -0.003366 -0.001501 0.904127
v -0.003573 0.007244 0.909417
v -0.001480 -0.003110 0.904127
v -0.000002 0.008512 0.909417
v -0.000002 0.008512 0.909417
v 0.000957 -0.003560 0.904127
v 0.003725 0.007824 0.909417
v 0.005352 0.001593 0.904127
v 0.006608 0.005365 0.909417
v 0.004902 -0.000844 0.904127
v 0.007876 0.001794 0.909417
v 0.003293 -0.002730 0.904127
v 0.001491 -0.000112 0.903756
v 0.002032 0.000522 0.903756
v 0.000706 -0.000391 0.903756
v -0.000114 -0.000240 0.903756
v -0.000749 0.000301 0.903756
v -0.001027 0.001087 0.903756
v -0.000876 0.001906 0.903756
v -0.000335 0.002541 0.903756
v 0.000451 0.002820 0.903756
v 0.001270 0.002668 0.903756
v 0.001905 0.002127 0.903756
v 0.002184 0.001342 0.903756
v 0.007188 -0.001932 0.905940
v 0.007188 -0.001932 0.905940
v 0.006513 -0.001611 0.904730
v 0.004305 -0.004200 0.904730
v 0.004729 -0.004816 0.905940
v 0.004729 -0.004816 0.905940
v 0.001099 -0.005339 0.904730
v 0.001158 -0.006083 0.905940
v 0.001158 -0.006083 0.905940
v -0.002247 -0.004721 0.904730
v -0.002568 -0.005396 0.905940
v -0.002568 -0.005396 0.905940
v -0.004836 -0.002513 0.904730
v -0.005452 -0.002937 0.905940
v -0.005452 -0.002937 0.905940
v -0.005975 0.000693 0.904730
v -0.006719 0.000634 0.905940
v -0.006719 0.000634 0.905940
v -0.005357 0.004040 0.904730
v -0.006032 0.004361 0.905940
v -0.006032 0.004361 0.905940
v -0.003149 0.006629 0.904730
v -0.003573 0.007244 0.905940
v -0.003573 0.007244 0.905940
v 0.000057 0.007767 0.904730
v -0.000002 0.008512 0.905940
v -0.000002 0.008512 0.905940
v -0.000002 0.008512 0.905940
v 0.003404 0.007149 0.904730
v 0.003725 0.007824 0.905940
v 0.003725 0.007824 0.905940
v 0.005993 0.004941 0.904730
v 0.006608 0.005365 0.905940
v 0.006608 0.005365 0.905940
v 0.007131 0.001735 0.904730
v 0.007876 0.001794 0.905940
v 0.007876 0.001794 0.905940
v -0.051918 0.006229 0.933222
v -0.051918 0.006229 0.933222
v -0.016643 0.009412 0.925011
v -0.016643 0.009412 0.925011
v -0.016643 0.009412 0.925011
v -0.050467 -0.012028 0.933222
v -0.050467 -0.012028 0.933222
v -0.012800 0.014808 0.925011
v -0.012800 0.014808 0.925011
v -0.042859 -0.028688 0.933222
v -0.042859 -0.028688 0.933222
v -0.007344 0.018564 0.925011
v -0.007344 0.018564 0.925011
v -0.030013 -0.041741 0.933222
v -0.030013 -0.041741 0.933222
v -0.000933 0.020227 0.925011
v -0.000933 0.020227 0.925011
v -0.013476 -0.049613 0.933222
v -0.013476 -0.049613 0.933222
v 0.005661 0.019597 0.925011
v 0.005661 0.019597 0.925011
v 0.004755 -0.051355 0.933222
v 0.004755 -0.051355 0.933222
v 0.011642 0.016750 0.925011
v 0.011642 0.016750 0.925011
v 0.022483 -0.046756 0.933222
v 0.022483 -0.046756 0.933222
v 0.016288 0.012029 0.925011
v 0.016288 0.012029 0.925011
v 0.037569 -0.036371 0.933222
v 0.037569 -0.036371 0.933222
v 0.019040 0.006003 0.925011
v 0.019040 0.006003 0.925011
v 0.048193 -0.021453 0.933222
v 0.048193 -0.021453 0.933222
v 0.019564 -0.000600 0.925011
v 0.019564 -0.000600 0.925011
v 0.053074 -0.003801 0.933222
v 0.053074 -0.003801 0.933222
v 0.017799 -0.006984 0.925011
v 0.017799 -0.006984 0.925011
v 0.051623 0.014456 0.933222
v 0.051623 0.014456 0.933222
v 0.013956 -0.012379 0.925011
v 0.013956 -0.012379 0.925011
v 0.044016 0.031116 0.933222
v 0.044016 0.031116 0.933222
v 0.008500 -0.016135 0.925011
v 0.008500 -0.016135 0.925011
v 0.031169 0.044169 0.933222
v 0.031169 0.044169 0.933222
v 0.002089 -0.017799 0.925011
v 0.002089 -0.017799 0.925011
v 0.014633 0.052041 0.933222
v 0.014633 0.052041 0.933222
v -0.004505 -0.017169 0.925011
v -0.004505 -0.017169 0.925011
v -0.003599 0.053783 0.933222
v -0.003599 0.053783 0.933222
v -0.010486 -0.014322 0.925011
v -0.010486 -0.014322 0.925011
v -0.021327 0.049184 0.933222
v -0.021327 0.049184 0.933222
v -0.015132 -0.009601 0.925011
v -0.015132 -0.009601 0.925011
v -0.047037 0.023881 0.933222
v -0.047037 0.023881 0.933222
v -0.047037 0.023881 0.933222
v -0.017883 -0.003575 0.925011
v -0.017883 -0.003575 0.925011
v -0.036412 0.038799 0.933222
v -0.036412 0.038799 0.933222
v -0.018408 0.003028 0.925011
v -0.018408 0.003028 0.925011
v -0.013328 0.007834 0.910050
v -0.010225 0.012191 0.910050
v -0.005819 0.015224 0.910050
v -0.000642 0.016567 0.910050
v 0.004683 0.016059 0.910050
v 0.009512 0.013760 0.910050
v 0.013264 0.009947 0.910050
v 0.015486 0.005082 0.910050
v 0.015910 -0.000251 0.910050
v 0.014484 -0.005406 0.910050
v 0.011382 -0.009763 0.910050
v 0.006976 -0.012796 0.910050
v 0.001798 -0.014139 0.910050
v -0.003527 -0.013631 0.910050
v -0.008356 -0.011331 0.910050
v -0.012108 -0.007519 0.910050
v -0.014330 -0.002653 0.910050
v -0.014754 0.002679 0.910050
v -0.015163 0.008708 0.913356
v -0.015163 0.008708 0.913356
v -0.015163 0.008708 0.913356
v -0.011651 0.013639 0.913356
v -0.011651 0.013639 0.913356
v -0.006663 0.017072 0.913356
v -0.006663 0.017072 0.913356
v -0.000803 0.018593 0.913356
v -0.000803 0.018593 0.913356
v 0.005224 0.018017 0.913356
v 0.005224 0.018017 0.913356
v 0.010691 0.015415 0.913356
v 0.010691 0.015415 0.913356
v 0.014938 0.011099 0.913356
v 0.014938 0.011099 0.913356
v 0.017453 0.005592 0.913356
v 0.017453 0.005592 0.913356
v 0.017933 -0.000444 0.913356
v 0.017933 -0.000444 0.913356
v 0.016319 -0.006279 0.913356
v 0.016319 -0.006279 0.913356
v 0.012807 -0.011211 0.913356
v 0.012807 -0.011211 0.913356
v 0.007820 -0.014644 0.913356
v 0.007820 -0.014644 0.913356
v 0.001959 -0.016165 0.913356
v 0.001959 -0.016165 0.913356
v -0.004068 -0.015589 0.913356
v -0.004068 -0.015589 0.913356
v -0.009535 -0.012986 0.913356
v -0.009535 -0.012986 0.913356
v -0.013782 -0.008671 0.913356
v -0.013782 -0.008671 0.913356
v -0.016297 -0.003164 0.913356
v -0.016297 -0.003164 0.913356
v -0.016776 0.002872 0.913356
v -0.016776 0.002872 0.913356
v -0.010631 0.006550 0.907947
v -0.008130 0.010062 0.907947
v -0.004579 0.012507 0.907947
v -0.000405 0.013589 0.907947
v 0.003887 0.013179 0.907947
v 0.007780 0.011326 0.907947
v 0.010804 0.008253 0.907947
v 0.012595 0.004331 0.907947
v 0.012936 0.000034 0.907947
v 0.011787 -0.004122 0.907947
v 0.009286 -0.007634 0.907947
v 0.005735 -0.010079 0.907947
v 0.001561 -0.011161 0.907947
v -0.002730 -0.010751 0.907947
v -0.006623 -0.008898 0.907947
v -0.009648 -0.005825 0.907947
v -0.011438 -0.001903 0.907947
v -0.011780 0.002395 0.907947
v -0.022934 0.012407 0.927226
v 0.025784 0.007753 0.927226
v -0.010239 0.024902 0.927226
v -0.017688 0.019774 0.927226
v -0.014528 -0.019997 0.927226
v -0.006362 -0.023885 0.927226
v 0.024091 -0.009979 0.927226
v 0.026501 -0.001262 0.927226
v 0.007518 0.026313 0.927226
v -0.001485 0.027173 0.927226
v -0.024628 -0.005325 0.927226
v -0.020872 -0.013552 0.927226
v 0.011395 -0.022474 0.927226
v 0.018844 -0.017346 0.927226
v 0.022028 0.015980 0.927226
v 0.015684 0.022426 0.927226
v -0.025345 0.003691 0.927226
v 0.002641 -0.024745 0.927226
v -0.023636 0.012741 0.929337
v -0.018233 0.020328 0.929337
v -0.006569 -0.024633 0.929337
v 0.027274 -0.001336 0.929337
v -0.001546 0.027947 0.929337
v -0.021511 -0.013992 0.929337
v 0.019389 -0.017899 0.929337
v 0.016135 0.023058 0.929337
v 0.026536 0.007948 0.929337
v -0.010561 0.025609 0.929337
v -0.014978 -0.020630 0.929337
v 0.024792 -0.010313 0.929337
v 0.007725 0.027062 0.929337
v -0.025380 -0.005520 0.929337
v 0.011717 -0.023180 0.929337
v 0.022668 0.016420 0.929337
v -0.026118 0.003764 0.929337
v 0.002702 -0.025519 0.929337
v -0.029536 0.015550 0.931146
v -0.022817 0.024985 0.931146
v -0.008311 -0.030932 0.931146
v 0.033780 -0.001958 0.931146
v -0.002064 0.034462 0.931146
v -0.026895 -0.017698 0.931146
v 0.023973 -0.022557 0.931146
v 0.019926 0.028382 0.931146
v 0.032862 0.009589 0.931146
v -0.013276 0.031553 0.931146
v -0.018770 -0.025953 0.931146
v 0.030693 -0.013122 0.931146
v 0.009467 0.033361 0.931146
v -0.031706 -0.007161 0.931146
v 0.014432 -0.029125 0.931146
v 0.028051 0.020126 0.931146
v -0.032624 0.004386 0.931146
v 0.003220 -0.032034 0.931146
v -0.031657 0.016560 0.932625
v -0.024465 0.026660 0.932625
v -0.008937 -0.033197 0.932625
v 0.036118 -0.002181 0.932625
v -0.002250 0.036804 0.932625
v -0.028830 -0.019030 0.932625
v 0.025621 -0.024231 0.932625
v 0.021288 0.030295 0.932625
v 0.035136 0.010179 0.932625
v -0.014252 0.033690 0.932625
v -0.020132 -0.027867 0.932625
v 0.032814 -0.014132 0.932625
v 0.010093 0.035625 0.932625
v -0.033980 -0.007751 0.932625
v 0.015408 -0.031262 0.932625
v 0.029986 0.021458 0.932625
v -0.034962 0.004609 0.932625
v 0.003406 -0.034376 0.932625
v 0.024235 -0.050592 0.936013
v 0.015757 0.056106 0.936013
v 0.004875 -0.055756 0.936534
v 0.033615 0.047604 0.936013
v -0.014654 -0.053856 0.936534
v 0.047489 0.033507 0.936013
v -0.032459 -0.045176 0.936013
v 0.055705 0.015515 0.936013
v -0.046333 -0.031079 0.936013
v 0.057272 -0.004202 0.936013
v -0.039371 0.041805 0.936013
v -0.054549 -0.013087 0.936013
v 0.052000 -0.023266 0.936013
v 0.040527 -0.039377 0.936013
v -0.023078 0.053020 0.936013
v -0.003933 0.057987 0.936013
v -0.056116 0.006630 0.936013
v -0.050844 0.025694 0.936013
v -0.050844 0.025694 0.936013
v -0.059131 0.006918 0.942249
v -0.057481 -0.013848 0.942249
v -0.048829 -0.032797 0.942249
v -0.034217 -0.047644 0.942249
v -0.015408 -0.056598 0.942249
v 0.005329 -0.058579 0.942249
v 0.025493 -0.053348 0.942249
v 0.042652 -0.041536 0.942249
v 0.054736 -0.024568 0.942249
v 0.060288 -0.004490 0.942249
v 0.058638 0.016276 0.942249
v 0.049985 0.035225 0.942249
v 0.035373 0.050072 0.942249
v 0.016564 0.059026 0.942249
v -0.004173 0.061007 0.942249
v -0.024337 0.055776 0.942249
v -0.053580 0.026996 0.942249
v -0.053580 0.026996 0.942249
v -0.041496 0.043964 0.942249
v -0.059131 0.006918 0.951551
v -0.059131 0.006918 0.951551
v -0.057481 -0.013848 0.951551
v -0.057481 -0.013848 0.951551
v -0.048829 -0.032797 0.951551
v -0.048829 -0.032797 0.951551
v -0.034217 -0.047644 0.951551
v -0.034217 -0.047644 0.951551
v -0.015408 -0.056598 0.951551
v -0.015408 -0.056598 0.951551
v 0.005329 -0.058579 0.951551
v 0.005329 -0.058579 0.951551
v 0.025493 -0.053348 0.951551
v 0.025493 -0.053348 0.951551
v 0.042652 -0.041536 0.951551
v 0.042652 -0.041536 0.951551
v 0.054736 -0.024568 0.951551
v 0.054736 -0.024568 0.951551
v 0.060288 -0.004490 0.951551
v 0.060288 -0.004490 0.951551
v 0.058638 0.016276 0.951551
v 0.058638 0.016276 0.951551
v 0.049985 0.035225 0.951551
v 0.049985 0.035225 0.951551
v 0.035373 0.050072 0.951551
v 0.035373 0.050072 0.951551
v 0.016564 0.059026 0.951551
v 0.016564 0.059026 0.951551
v -0.004173 0.061007 0.951551
v -0.004173 0.061007 0.951551
v -0.024337 0.055776 0.951551
v -0.024337 0.055776 0.951551
v -0.053580 0.026996 0.951551
v -0.053580 0.026996 0.951551
v -0.053580 0.026996 0.951551
v -0.041496 0.043964 0.951551
v -0.041496 0.043964 0.951551
v 0.000578 0.001214 0.951551
v 0.000000 -0.000000 0.428459
v 0.000046 -0.002590 0.462586
v 0.000046 -0.002590 0.462586
v 0.000043 -0.002599 0.458792
v 0.000043 -0.002599 0.458792
v -0.002157 -0.001181 0.462609
v -0.002157 -0.001181 0.462609
v -0.002161 -0.001190 0.458816
v -0.002161 -0.001190 0.458816
v -0.002418 0.001394 0.462689
v -0.002418 0.001394 0.462689
v -0.002422 0.001385 0.458895
v -0.002422 0.001385 0.458895
v -0.001923 0.004492 0.462571
v -0.001923 0.004492 0.462571
v -0.001926 0.004483 0.458777
v -0.001926 0.004483 0.458777
v 0.000338 0.005748 0.462548
v 0.000338 0.005748 0.462548
v 0.000338 0.005748 0.462548
v 0.000335 0.005739 0.458754
v 0.000335 0.005739 0.458754
v 0.000335 0.005739 0.458754
v 0.001857 0.003850 0.462564
v 0.001857 0.003850 0.462564
v 0.001853 0.003841 0.458770
v 0.001853 0.003841 0.458770
v 0.002401 0.001418 0.462574
v 0.002401 0.001418 0.462574
v 0.002397 0.001409 0.458780
v 0.002397 0.001409 0.458780
v 0.002171 -0.001252 0.462630
v 0.002171 -0.001252 0.462630
v 0.002167 -0.001262 0.458836
v 0.002167 -0.001262 0.458836
v 0.000044 -0.003157 0.462587
v 0.000044 -0.003157 0.462587
v -0.002585 -0.001409 0.462610
v -0.002585 -0.001409 0.462610
v -0.002589 -0.001418 0.458817
v -0.002589 -0.001418 0.458817
v 0.000041 -0.003166 0.458794
v 0.000041 -0.003166 0.458794
v -0.002804 0.001395 0.462689
v -0.002804 0.001395 0.462689
v -0.002808 0.001386 0.458896
v -0.002808 0.001386 0.458896
v -0.002194 0.004893 0.462570
v -0.002194 0.004893 0.462570
v -0.002197 0.004884 0.458777
v -0.002197 0.004884 0.458777
v 0.000340 0.006315 0.462547
v 0.000340 0.006315 0.462547
v 0.000337 0.006306 0.458753
v 0.000337 0.006306 0.458753
v 0.002131 0.004250 0.462563
v 0.002131 0.004250 0.462563
v 0.002127 0.004241 0.458769
v 0.002127 0.004241 0.458769
v 0.002786 0.001416 0.462574
v 0.002786 0.001416 0.462574
v 0.002782 0.001407 0.458780
v 0.002782 0.001407 0.458780
v 0.002549 -0.001555 0.462630
v 0.002549 -0.001555 0.462630
v 0.002545 -0.001564 0.458837
v 0.002545 -0.001564 0.458837
v -0.001543 0.004721 0.462570
v -0.001543 0.004721 0.462570
v -0.001547 0.004712 0.458777
v -0.001547 0.004712 0.458777
v -0.001572 0.005118 0.462544
v -0.001572 0.005118 0.462544
v -0.001572 0.005118 0.462544
v -0.001575 0.005109 0.458751
v -0.001575 0.005109 0.458751
v -0.001575 0.005109 0.458751
v -0.001494 0.006723 0.458773
v -0.001494 0.006723 0.458773
v -0.001087 0.007787 0.459340
v -0.001087 0.007787 0.459340
v -0.001085 0.007793 0.461995
v -0.001085 0.007793 0.461995
v -0.001490 0.006732 0.462566
v -0.001490 0.006732 0.462566
v -0.000602 0.007527 0.459248
v -0.000602 0.007527 0.459248
v -0.001027 0.006471 0.458710
v -0.001027 0.006471 0.458710
v -0.001023 0.006480 0.462504
v -0.001023 0.006480 0.462504
v -0.000600 0.007533 0.461903
v -0.000600 0.007533 0.461903
v -0.003408 -0.001297 0.459113
v -0.003408 -0.001297 0.459113
v -0.003404 -0.001289 0.462328
v -0.003404 -0.001289 0.462328
v -0.003590 0.001087 0.462395
v -0.003590 0.001087 0.462395
v -0.003593 0.001080 0.459180
v -0.003593 0.001080 0.459180
v -0.002034 0.000993 0.436222
v -0.001549 0.002135 0.916200
v -0.000711 0.002178 0.436218
v -0.000226 0.003319 0.916196
v 0.001062 0.002080 0.436217
v 0.001548 0.003221 0.916194
v 0.002247 0.000757 0.436219
v 0.002732 0.001898 0.916196
v 0.002149 -0.001016 0.436223
v 0.002634 0.000125 0.916201
v 0.000826 -0.002201 0.436227
v 0.001311 -0.001060 0.916205
v -0.000947 -0.002103 0.436229
v -0.000462 -0.000962 0.916206
v -0.002132 -0.000780 0.436227
v -0.002132 -0.000780 0.436227
v -0.001647 0.000361 0.916204
v -0.001647 0.000361 0.916204
v -0.003967 0.002041 0.477690
v -0.003967 0.002041 0.477690
v -0.004399 -0.000254 0.477696
v -0.004399 -0.000254 0.477696
v -0.003626 -0.002458 0.477701
v -0.003626 -0.002458 0.477701
v -0.001854 -0.003979 0.477703
v -0.001854 -0.003979 0.477703
v 0.000441 -0.004411 0.477701
v 0.000441 -0.004411 0.477701
v 0.002644 -0.003638 0.477697
v 0.002644 -0.003638 0.477697
v 0.004166 -0.001866 0.477691
v 0.004166 -0.001866 0.477691
v 0.004598 0.000429 0.477686
v 0.004598 0.000429 0.477686
v 0.003824 0.002632 0.477681
v 0.003824 0.002632 0.477681
v 0.002053 0.004154 0.477679
v 0.002053 0.004154 0.477679
v -0.000242 0.004586 0.477681
v -0.000242 0.004586 0.477681
v -0.000242 0.004586 0.477681
v -0.002445 0.003812 0.477685
v -0.002445 0.003812 0.477685
v -0.003961 0.002054 0.483329
v -0.003961 0.002054 0.483329
v -0.004393 -0.000241 0.483335
v -0.004393 -0.000241 0.483335
v -0.003620 -0.002444 0.483339
v -0.003620 -0.002444 0.483339
v -0.001848 -0.003966 0.483341
v -0.001848 -0.003966 0.483341
v 0.000447 -0.004398 0.483340
v 0.000447 -0.004398 0.483340
v 0.002650 -0.003624 0.483336
v 0.002650 -0.003624 0.483336
v 0.004172 -0.001853 0.483330
v 0.004172 -0.001853 0.483330
v 0.004604 0.000442 0.483324
v 0.004604 0.000442 0.483324
v 0.003830 0.002646 0.483320
v 0.003830 0.002646 0.483320
v 0.002059 0.004167 0.483318
v 0.002059 0.004167 0.483318
v -0.000236 0.004599 0.483319
v -0.000236 0.004599 0.483319
v -0.000236 0.004599 0.483319
v -0.002440 0.003826 0.483323
v -0.002440 0.003826 0.483323
v -0.003564 0.002988 0.876067
v -0.003564 0.002988 0.876067
v -0.003996 0.000693 0.876073
v -0.003996 0.000693 0.876073
v -0.003223 -0.001511 0.876078
v -0.003223 -0.001511 0.876078
v -0.001451 -0.003032 0.876079
v -0.001451 -0.003032 0.876079
v 0.000844 -0.003464 0.876078
v 0.000844 -0.003464 0.876078
v 0.003047 -0.002691 0.876074
v 0.003047 -0.002691 0.876074
v 0.004569 -0.000919 0.876068
v 0.004569 -0.000919 0.876068
v 0.005001 0.001376 0.876062
v 0.005001 0.001376 0.876062
v 0.004227 0.003579 0.876058
v 0.004227 0.003579 0.876058
v 0.002456 0.005101 0.876056
v 0.002456 0.005101 0.876056
v 0.000161 0.005533 0.876057
v 0.000161 0.005533 0.876057
v 0.000161 0.005533 0.876057
v -0.002043 0.004759 0.876061
v -0.002043 0.004759 0.876061
v -0.003559 0.003001 0.881706
v -0.003559 0.003001 0.881706
v -0.003991 0.000706 0.881712
v -0.003991 0.000706 0.881712
v -0.003217 -0.001497 0.881716
v -0.003217 -0.001497 0.881716
v -0.001446 -0.003019 0.881718
v -0.001446 -0.003019 0.881718
v 0.000849 -0.003451 0.881717
v 0.000849 -0.003451 0.881717
v 0.003053 -0.002677 0.881713
v 0.003053 -0.002677 0.881713
v 0.004574 -0.000906 0.881707
v 0.004574 -0.000906 0.881707
v 0.005006 0.001389 0.881701
v 0.005006 0.001389 0.881701
v 0.004233 0.003593 0.881697
v 0.004233 0.003593 0.881697
v 0.002461 0.005114 0.881695
v 0.002461 0.005114 0.881695
v 0.000166 0.005546 0.881696
v 0.000166 0.005546 0.881696
v 0.000166 0.005546 0.881696
v -0.002037 0.004773 0.881700
v -0.002037 0.004773 0.881700
v 0.000844 0.004236 0.438602
v 0.000683 0.005506 0.907736
v 0.001212 0.003217 0.438604
v 0.001568 0.004882 0.907737
v 0.000752 0.002237 0.438606
v 0.001753 0.003814 0.907740
v -0.000267 0.001869 0.438608
v 0.001131 0.002929 0.907742
v -0.001247 0.002329 0.438608
v -0.001247 0.002329 0.438608
v 0.000065 0.002744 0.907744
v 0.000065 0.002744 0.907744
v -0.001615 0.003348 0.438606
v -0.000820 0.003368 0.907742
v -0.001155 0.004328 0.438603
v -0.001005 0.004436 0.907740
v -0.000136 0.004696 0.438601
v -0.000383 0.005321 0.907737
v -0.003736 -0.001881 0.658606
v -0.003938 0.001247 0.614337
v -0.004596 -0.000993 0.644842
v -0.004623 0.000140 0.628656
v -0.003100 0.001531 0.614333
v -0.003399 -0.001198 0.658619
v -0.003855 0.000626 0.628656
v -0.004011 -0.000361 0.644848
v -0.002308 0.001139 0.614322
v -0.002682 -0.000951 0.658626
v -0.002970 0.000426 0.628654
v -0.003154 -0.000327 0.644853
v -0.002025 0.000302 0.614314
v -0.002003 -0.001285 0.658624
v -0.002487 -0.000343 0.628650
v -0.002527 -0.000912 0.644853
v -0.002417 -0.000490 0.614313
v -0.002417 -0.000490 0.614313
v -0.001762 -0.002005 0.658616
v -0.001762 -0.002005 0.658616
v -0.002689 -0.001230 0.628652
v -0.002689 -0.001230 0.628652
v -0.002497 -0.001773 0.644851
v -0.002497 -0.001773 0.644851
v -0.003255 -0.000773 0.614320
v -0.002098 -0.002689 0.658606
v -0.003457 -0.001716 0.628654
v -0.003082 -0.002405 0.644846
v -0.004047 -0.000382 0.614331
v -0.002816 -0.002936 0.658600
v -0.004342 -0.001516 0.628654
v -0.003939 -0.002439 0.644841
v -0.004330 0.000455 0.614337
v -0.003494 -0.002600 0.658599
v -0.004825 -0.000747 0.628654
v -0.004566 -0.001854 0.644840
v -0.000953 0.004613 0.571854
v 0.000260 0.005542 0.535667
v -0.000152 0.005392 0.554426
v 0.001015 0.004799 0.535667
v -0.000111 0.004190 0.571862
v 0.000665 0.004769 0.554428
v 0.001022 0.003740 0.535670
v 0.000185 0.003296 0.571867
v 0.000802 0.003751 0.554431
v 0.000279 0.002986 0.535669
v -0.000238 0.002454 0.571865
v 0.000179 0.002934 0.554431
v -0.000779 0.002978 0.535670
v -0.000779 0.002978 0.535670
v -0.001132 0.002157 0.571862
v -0.001132 0.002157 0.571862
v -0.000839 0.002797 0.554430
v -0.000839 0.002797 0.554430
v -0.001534 0.003721 0.535672
v -0.001974 0.002581 0.571858
v -0.001656 0.003420 0.554431
v -0.001541 0.004780 0.535669
v -0.002270 0.003475 0.571854
v -0.001793 0.004439 0.554428
v -0.000798 0.005534 0.535667
v -0.001847 0.004317 0.571851
v -0.001170 0.005255 0.554424
v 0.003284 -0.003665 0.718006
v 0.001471 -0.004583 0.700369
v 0.002523 -0.004568 0.709175
v 0.000828 -0.003910 0.700368
v 0.002481 -0.003197 0.718016
v 0.001748 -0.003955 0.709180
v 0.000849 -0.002979 0.700363
v 0.002244 -0.002298 0.718020
v 0.001632 -0.002974 0.709179
v 0.001521 -0.002336 0.700354
v 0.002711 -0.001496 0.718014
v 0.002243 -0.002199 0.709174
v 0.002451 -0.002357 0.700350
v 0.002451 -0.002357 0.700350
v 0.003610 -0.001259 0.718005
v 0.003610 -0.001259 0.718005
v 0.003224 -0.002083 0.709168
v 0.003224 -0.002083 0.709168
v 0.003094 -0.003030 0.700350
v 0.004413 -0.001728 0.717996
v 0.004000 -0.002695 0.709165
v 0.003074 -0.003961 0.700356
v 0.004649 -0.002626 0.717994
v 0.004116 -0.003676 0.709164
v 0.002401 -0.004604 0.700364
v 0.004181 -0.003429 0.717998
v 0.003505 -0.004452 0.709168
v 0.003841 0.003828 0.816200
v 0.005709 0.002061 0.764430
v 0.005119 0.003691 0.798304
v 0.005835 0.003069 0.779402
v 0.005138 0.001530 0.764429
v 0.003741 0.002947 0.816220
v 0.005365 0.002327 0.779405
v 0.004823 0.002821 0.798314
v 0.004359 0.001555 0.764416
v 0.003048 0.002392 0.816231
v 0.004509 0.002132 0.779401
v 0.003998 0.002414 0.798318
v 0.003829 0.002121 0.764398
v 0.002167 0.002489 0.816225
v 0.003768 0.002598 0.779391
v 0.003128 0.002708 0.798312
v 0.003859 0.002897 0.764386
v 0.003859 0.002897 0.764386
v 0.001613 0.003182 0.816208
v 0.001613 0.003182 0.816208
v 0.003576 0.003452 0.779381
v 0.003576 0.003452 0.779381
v 0.002723 0.003532 0.798302
v 0.002723 0.003532 0.798302
v 0.004430 0.003428 0.764390
v 0.001713 0.004064 0.816191
v 0.004046 0.004193 0.779379
v 0.003019 0.004401 0.798294
v 0.005208 0.003403 0.764405
v 0.002406 0.004619 0.816182
v 0.004902 0.004388 0.779385
v 0.003843 0.004808 0.798291
v 0.005738 0.002837 0.764421
v 0.003288 0.004521 0.816185
v 0.005643 0.003923 0.779394
v 0.004713 0.004514 0.798295
v 0.000744 0.004464 0.456300
v 0.001179 0.003493 0.456302
v -0.000250 0.004843 0.456300
v 0.000800 0.002499 0.456305
v -0.000171 0.002064 0.456307
v -0.001165 0.002444 0.456307
v -0.001165 0.002444 0.456307
v -0.001600 0.003415 0.456305
v -0.001221 0.004409 0.456302
v 0.000994 0.006958 0.480715
v -0.000019 0.007224 0.480715
v 0.001522 0.006053 0.480717
v 0.001256 0.005040 0.480719
v 0.000351 0.004512 0.480721
v -0.000662 0.004778 0.480721
v -0.000662 0.004778 0.480721
v -0.001190 0.005683 0.480720
v -0.000923 0.006696 0.480717
v -0.000267 0.007120 0.894515
v 0.000725 0.007174 0.894528
v 0.001464 0.006512 0.894470
v 0.001518 0.005524 0.894375
v 0.000855 0.004788 0.894298
v -0.000136 0.004734 0.894284
v -0.000136 0.004734 0.894284
v -0.000876 0.005395 0.894343
v -0.000930 0.006384 0.894438
v 0.000726 0.007905 0.880405
v 0.001314 0.007204 0.880412
v 0.001235 0.006290 0.880418
v 0.000535 0.005701 0.880418
v -0.000377 0.005780 0.880413
v -0.000377 0.005780 0.880413
v -0.000965 0.006482 0.880406
v -0.000886 0.007395 0.880401
v -0.000185 0.007985 0.880400
v -0.001411 -0.001303 0.810809
v -0.001411 -0.001303 0.810809
v -0.001395 -0.001310 0.807619
v -0.001395 -0.001310 0.807619
v -0.002174 0.001199 0.810821
v -0.002174 0.001199 0.810821
v -0.002158 0.001192 0.807632
v -0.002158 0.001192 0.807632
v -0.000703 0.003328 0.810894
v -0.000703 0.003328 0.810894
v -0.000687 0.003322 0.807703
v -0.000687 0.003322 0.807703
v 0.001685 0.005364 0.810805
v 0.001685 0.005364 0.810805
v 0.001701 0.005358 0.807615
v 0.001701 0.005358 0.807615
v 0.004221 0.004854 0.810799
v 0.004221 0.004854 0.810799
v 0.004221 0.004854 0.810799
v 0.004237 0.004847 0.807610
v 0.004237 0.004847 0.807610
v 0.004237 0.004847 0.807610
v 0.004145 0.002424 0.810816
v 0.004145 0.002424 0.810816
v 0.004161 0.002417 0.807626
v 0.004161 0.002417 0.807626
v 0.002981 0.000220 0.810820
v 0.002981 0.000220 0.810820
v 0.002997 0.000213 0.807630
v 0.002997 0.000213 0.807630
v 0.001073 -0.001663 0.810860
v 0.001073 -0.001663 0.810860
v 0.001090 -0.001670 0.807670
v 0.001090 -0.001670 0.807670
v -0.001780 -0.001733 0.810809
v -0.001780 -0.001733 0.810809
v -0.002647 0.001303 0.810820
v -0.002647 0.001303 0.810820
v -0.002631 0.001297 0.807630
v -0.002631 0.001297 0.807630
v -0.001764 -0.001739 0.807619
v -0.001764 -0.001739 0.807619
v -0.000995 0.003579 0.810893
v -0.000995 0.003579 0.810893
v -0.000979 0.003572 0.807702
v -0.000979 0.003572 0.807702
v 0.001739 0.005846 0.810804
v 0.001739 0.005846 0.810804
v 0.001755 0.005839 0.807614
v 0.001755 0.005839 0.807614
v 0.004589 0.005284 0.810799
v 0.004589 0.005284 0.810799
v 0.004606 0.005277 0.807609
v 0.004606 0.005277 0.807609
v 0.004612 0.002551 0.810817
v 0.004612 0.002551 0.810817
v 0.004629 0.002544 0.807627
v 0.004629 0.002544 0.807627
v 0.003273 -0.000031 0.810822
v 0.003273 -0.000031 0.810822
v 0.003290 -0.000038 0.807632
v 0.003290 -0.000038 0.807632
v 0.001164 -0.002138 0.810862
v 0.001164 -0.002138 0.810862
v 0.001181 -0.002145 0.807671
v 0.001181 -0.002145 0.807671
v 0.002122 0.005293 0.810807
v 0.002122 0.005293 0.810807
v 0.002138 0.005286 0.807617
v 0.002138 0.005286 0.807617
v 0.002358 0.005613 0.810786
v 0.002358 0.005613 0.810786
v 0.002358 0.005613 0.810786
v 0.002374 0.005606 0.807596
v 0.002374 0.005606 0.807596
v 0.002374 0.005606 0.807596
v 0.003483 0.006782 0.807618
v 0.003483 0.006782 0.807618
v 0.004479 0.007328 0.808096
v 0.004479 0.007328 0.808096
v 0.004467 0.007333 0.810329
v 0.004467 0.007333 0.810329
v 0.003467 0.006789 0.810808
v 0.003467 0.006789 0.810808
v 0.004680 0.006815 0.808021
v 0.004680 0.006815 0.808021
v 0.003676 0.006287 0.807568
v 0.003676 0.006287 0.807568
v 0.003659 0.006294 0.810757
v 0.003659 0.006294 0.810757
v 0.004668 0.006820 0.810253
v 0.004668 0.006820 0.810253
v -0.003177 0.001920 0.807874
v -0.003177 0.001920 0.807874
v -0.003191 0.001926 0.810578
v -0.003191 0.001926 0.810578
v -0.001792 0.003855 0.810639
v -0.001792 0.003855 0.810639
v -0.001778 0.003849 0.807935
v -0.001778 0.003849 0.807935
v 0.000099 0.000087 0.477691
v 0.000105 0.000101 0.483330
v 0.000508 0.001048 0.881707
v 0.000502 0.001034 0.876068
v 0.000578 0.001214 0.907947
v -0.015978 0.007606 0.229031
v -0.025287 0.012038 0.214019
v -0.030576 0.014556 0.202426
v -0.032149 0.015305 0.191423
v -0.030576 0.014556 0.180421
v -0.018897 0.008996 0.162617
v -0.009935 0.004729 0.157560
v 0.000000 -0.000000 0.155817
v 0.000000 -0.000000 0.155817
v -0.011851 0.013142 0.229031
v -0.013984 0.015508 0.221486
v -0.018756 0.020799 0.214019
v -0.022678 0.025148 0.202426
v -0.023845 0.026443 0.191423
v -0.022678 0.025148 0.180421
v -0.019291 0.021393 0.170495
v -0.014016 0.015543 0.162617
v -0.007368 0.008171 0.157560
v -0.005920 0.016677 0.229031
v -0.006985 0.019679 0.221486
v -0.009369 0.026393 0.214019
v -0.011328 0.031913 0.202426
v -0.011911 0.033555 0.191423
v -0.011328 0.031913 0.180421
v -0.009636 0.027146 0.170495
v -0.007001 0.019723 0.162617
v -0.003681 0.010369 0.157560
v 0.000913 0.017672 0.229031
v 0.000913 0.017672 0.229031
v 0.001077 0.020854 0.221486
v 0.001077 0.020854 0.221486
v 0.001445 0.027969 0.214019
v 0.001445 0.027969 0.214019
v 0.001747 0.033818 0.202426
v 0.001747 0.033818 0.202426
v 0.001837 0.035559 0.191423
v 0.001837 0.035559 0.191423
v 0.001747 0.033818 0.180421
v 0.001747 0.033818 0.180421
v 0.001486 0.028768 0.170495
v 0.001486 0.028768 0.170495
v 0.001080 0.020901 0.162617
v 0.001080 0.020901 0.162617
v 0.000568 0.010988 0.157560
v 0.000568 0.010988 0.157560
v 0.007606 0.015978 0.229031
v 0.008976 0.018854 0.221486
v 0.012038 0.025287 0.214019
v 0.014556 0.030576 0.202426
v 0.015305 0.032149 0.191423
v 0.014556 0.030576 0.180421
v 0.012382 0.026009 0.170495
v 0.008996 0.018897 0.162617
v 0.004730 0.009935 0.157560
v 0.013142 0.011851 0.229031
v 0.015508 0.013984 0.221486
v 0.020799 0.018756 0.214019
v 0.025149 0.022678 0.202426
v 0.026443 0.023845 0.191423
v 0.025149 0.022678 0.180421
v 0.021393 0.019291 0.170495
v 0.015543 0.014016 0.162617
v 0.008171 0.007368 0.157560
v 0.016677 0.005920 0.229031
v 0.019679 0.006985 0.221486
v 0.026393 0.009369 0.214019
v 0.031913 0.011328 0.202426
v 0.033555 0.011911 0.191423
v 0.031913 0.011328 0.180421
v 0.027147 0.009636 0.170495
v 0.019723 0.007001 0.162617
v 0.010369 0.003681 0.157560
v 0.017673 -0.000913 0.229031
v 0.020854 -0.001077 0.221486
v 0.027969 -0.001445 0.214019
v 0.033819 -0.001747 0.202426
v 0.035559 -0.001837 0.191423
v 0.033819 -0.001747 0.180421
v 0.028768 -0.001486 0.170495
v 0.020901 -0.001080 0.162617
v 0.010988 -0.000568 0.157560
v 0.015978 -0.007606 0.229031
v 0.018855 -0.008976 0.221486
v 0.025288 -0.012038 0.214019
v 0.030576 -0.014556 0.202426
v 0.032149 -0.015305 0.191423
v 0.030576 -0.014556 0.180421
v 0.026009 -0.012382 0.170495
v 0.018897 -0.008996 0.162617
v 0.009935 -0.004729 0.157560
v 0.011851 -0.013142 0.229031
v 0.013985 -0.015508 0.221486
v 0.018756 -0.020799 0.214019
v 0.022678 -0.025149 0.202426
v 0.023845 -0.026443 0.191423
v 0.022678 -0.025149 0.180421
v 0.019291 -0.021393 0.170495
v 0.014016 -0.015543 0.162617
v 0.007369 -0.008171 0.157560
v 0.005920 -0.016677 0.229031
v 0.005920 -0.016677 0.229031
v 0.006985 -0.019679 0.221486
v 0.006985 -0.019679 0.221486
v 0.009369 -0.026393 0.214019
v 0.009369 -0.026393 0.214019
v 0.011328 -0.031913 0.202426
v 0.011328 -0.031913 0.202426
v 0.011911 -0.033555 0.191423
v 0.011911 -0.033555 0.191423
v 0.011328 -0.031913 0.180421
v 0.011328 -0.031913 0.180421
v 0.009636 -0.027147 0.170495
v 0.009636 -0.027147 0.170495
v 0.007001 -0.019723 0.162617
v 0.007001 -0.019723 0.162617
v 0.003681 -0.010369 0.157560
v 0.003681 -0.010369 0.157560
v -0.000913 -0.017673 0.229031
v -0.001077 -0.020854 0.221486
v -0.001445 -0.027969 0.214019
v -0.001747 -0.033818 0.202426
v -0.001837 -0.035559 0.191423
v -0.001747 -0.033818 0.180421
v -0.001486 -0.028768 0.170495
v -0.001080 -0.020901 0.162617
v -0.000567 -0.010988 0.157560
v -0.007606 -0.015978 0.229031
v -0.008976 -0.018855 0.221486
v -0.012038 -0.025287 0.214019
v -0.014556 -0.030576 0.202426
v -0.015305 -0.032149 0.191423
v -0.014556 -0.030576 0.180421
v -0.012382 -0.026009 0.170495
v -0.008996 -0.018897 0.162617
v -0.004729 -0.009935 0.157560
v -0.013142 -0.011851 0.229031
v -0.015508 -0.013984 0.221486
v -0.020799 -0.018756 0.214019
v -0.025148 -0.022678 0.202426
v -0.026443 -0.023845 0.191423
v -0.025148 -0.022678 0.180421
v -0.021392 -0.019291 0.170495
v -0.015543 -0.014016 0.162617
v -0.008171 -0.007369 0.157560
v -0.016677 -0.005920 0.229031
v -0.019679 -0.006985 0.221486
v -0.026393 -0.009369 0.214019
v -0.031913 -0.011328 0.202426
v -0.033555 -0.011911 0.191423
v -0.031913 -0.011328 0.180421
v -0.027146 -0.009636 0.170495
v -0.019723 -0.007001 0.162617
v -0.010369 -0.003681 0.157560
v -0.017672 0.000913 0.229031
v -0.020854 0.001077 0.221486
v -0.027969 0.001445 0.214019
v -0.033818 0.001747 0.202426
v -0.035559 0.001837 0.191423
v -0.033818 0.001747 0.180421
v -0.028768 0.001486 0.170495
v -0.020901 0.001080 0.162617
v -0.010988 0.000568 0.157560
v -0.018854 0.008976 0.221486
v -0.026009 0.012382 0.170495
v -0.015978 0.007606 0.241463
v -0.011851 0.013142 0.241463
v -0.005920 0.016677 0.241463
v 0.000913 0.017672 0.241463
v 0.000913 0.017672 0.241463
v 0.007606 0.015978 0.241463
v 0.013142 0.011851 0.241463
v 0.016677 0.005920 0.241463
v 0.017673 -0.000913 0.241463
v 0.015978 -0.007606 0.241463
v 0.011851 -0.013142 0.241463
v 0.005920 -0.016677 0.241463
v 0.005920 -0.016677 0.241463
v -0.000913 -0.017673 0.241463
v -0.007606 -0.015978 0.241463
v -0.013142 -0.011851 0.241463
v -0.016677 -0.005920 0.241463
v -0.017672 0.000913 0.241463
vt 0.539801 0.329453
vt 0.509979 0.319024
vt 0.514951 0.319031
vt 0.519838 0.319038
vt 0.524829 0.319045
vt 0.529819 0.319053
vt 0.534810 0.319060
vt 0.539801 0.319067
vt 0.544791 0.319074
vt 0.549782 0.319082
vt 0.554772 0.319089
vt 0.559763 0.319096
vt 0.564754 0.319103
vt 0.509972 0.308643
vt 0.514945 0.308650
vt 0.519834 0.308656
vt 0.524825 0.308662
vt 0.529817 0.308668
vt 0.534809 0.308675
vt 0.539800 0.308681
vt 0.544792 0.308687
vt 0.549783 0.308694
vt 0.554775 0.308700
vt 0.559767 0.308706
vt 0.564758 0.308712
vt 0.509966 0.298263
vt 0.514940 0.298268
vt 0.519829 0.298273
vt 0.524822 0.298279
vt 0.529815 0.298284
vt 0.534807 0.298289
vt 0.539800 0.298295
vt 0.544792 0.298300
vt 0.549785 0.298305
vt 0.554778 0.298311
vt 0.559770 0.298316
vt 0.564763 0.298321
vt 0.509959 0.287882
vt 0.514934 0.287887
vt 0.519825 0.287891
vt 0.524818 0.287895
vt 0.529812 0.287900
vt 0.534806 0.287904
vt 0.539799 0.287909
vt 0.544793 0.287913
vt 0.549787 0.287917
vt 0.554780 0.287922
vt 0.559774 0.287926
vt 0.564768 0.287931
vt 0.509952 0.277502
vt 0.514929 0.277505
vt 0.519820 0.277509
vt 0.524815 0.277512
vt 0.529810 0.277516
vt 0.534804 0.277519
vt 0.539799 0.277522
vt 0.544794 0.277526
vt 0.549788 0.277529
vt 0.554783 0.277533
vt 0.559778 0.277536
vt 0.564772 0.277540
vt 0.509946 0.267121
vt 0.514923 0.267124
vt 0.519816 0.267126
vt 0.524811 0.267129
vt 0.529807 0.267131
vt 0.534803 0.267134
vt 0.539799 0.267136
vt 0.544794 0.267139
vt 0.549790 0.267141
vt 0.554786 0.267144
vt 0.559781 0.267146
vt 0.564777 0.267149
vt 0.509939 0.256741
vt 0.514918 0.256742
vt 0.519811 0.256744
vt 0.524808 0.256745
vt 0.529805 0.256747
vt 0.534801 0.256748
vt 0.539798 0.256750
vt 0.544795 0.256752
vt 0.549792 0.256753
vt 0.554788 0.256755
vt 0.559785 0.256756
vt 0.564782 0.256758
vt 0.509933 0.246360
vt 0.514912 0.246361
vt 0.519807 0.246361
vt 0.524804 0.246362
vt 0.529802 0.246363
vt 0.534800 0.246363
vt 0.539798 0.246364
vt 0.544796 0.246364
vt 0.549793 0.246365
vt 0.554791 0.246366
vt 0.559789 0.246366
vt 0.564787 0.246367
vt 0.509926 0.235980
vt 0.514907 0.235979
vt 0.519802 0.235979
vt 0.524801 0.235979
vt 0.529800 0.235978
vt 0.534799 0.235978
vt 0.539797 0.235978
vt 0.544796 0.235977
vt 0.549795 0.235977
vt 0.554794 0.235977
vt 0.559793 0.235976
vt 0.564791 0.235976
vt 0.509920 0.225599
vt 0.514901 0.225598
vt 0.519798 0.225597
vt 0.524797 0.225595
vt 0.529797 0.225594
vt 0.534797 0.225593
vt 0.539797 0.225591
vt 0.544797 0.225590
vt 0.549797 0.225589
vt 0.554796 0.225588
vt 0.559796 0.225586
vt 0.564796 0.225585
vt 0.509913 0.215219
vt 0.514896 0.215216
vt 0.519793 0.215214
vt 0.524794 0.215212
vt 0.529795 0.215210
vt 0.534796 0.215207
vt 0.539797 0.215205
vt 0.544797 0.215203
vt 0.549798 0.215201
vt 0.554799 0.215199
vt 0.559800 0.215196
vt 0.564801 0.215194
vt 0.509907 0.204838
vt 0.514890 0.204835
vt 0.519789 0.204832
vt 0.524790 0.204829
vt 0.529792 0.204825
vt 0.534794 0.204822
vt 0.539796 0.204819
vt 0.544798 0.204816
vt 0.549800 0.204813
vt 0.554802 0.204810
vt 0.559804 0.204806
vt 0.564805 0.204803
vt 0.509900 0.194457
vt 0.514885 0.194453
vt 0.519784 0.194449
vt 0.524787 0.194445
vt 0.529790 0.194441
vt 0.534793 0.194437
vt 0.539796 0.194433
vt 0.544799 0.194429
vt 0.549802 0.194425
vt 0.554804 0.194421
vt 0.559807 0.194416
vt 0.564810 0.194412
vt 0.509894 0.184077
vt 0.514879 0.184072
vt 0.519780 0.184067
vt 0.524784 0.184062
vt 0.529787 0.184057
vt 0.534791 0.184052
vt 0.539795 0.184047
vt 0.544799 0.184042
vt 0.549803 0.184037
vt 0.554807 0.184031
vt 0.559811 0.184026
vt 0.564815 0.184021
vt 0.509887 0.173696
vt 0.514873 0.173690
vt 0.519775 0.173684
vt 0.524780 0.173678
vt 0.529785 0.173672
vt 0.534790 0.173666
vt 0.539795 0.173660
vt 0.544800 0.173654
vt 0.549805 0.173648
vt 0.554810 0.173642
vt 0.559815 0.173636
vt 0.564820 0.173630
vt 0.509881 0.163316
vt 0.514868 0.163309
vt 0.519771 0.163302
vt 0.524777 0.163295
vt 0.529783 0.163288
vt 0.534789 0.163281
vt 0.539794 0.163274
vt 0.544800 0.163267
vt 0.549806 0.163260
vt 0.554812 0.163253
vt 0.559818 0.163246
vt 0.564824 0.163240
vt 0.509874 0.152935
vt 0.514862 0.152927
vt 0.519766 0.152920
vt 0.524773 0.152912
vt 0.529780 0.152904
vt 0.534787 0.152896
vt 0.539794 0.152888
vt 0.544801 0.152880
vt 0.549808 0.152872
vt 0.554815 0.152864
vt 0.559822 0.152856
vt 0.564829 0.152849
vt 0.509867 0.142555
vt 0.514857 0.142546
vt 0.519762 0.142537
vt 0.524770 0.142528
vt 0.529778 0.142519
vt 0.534786 0.142511
vt 0.539794 0.142502
vt 0.544802 0.142493
vt 0.549810 0.142484
vt 0.554818 0.142475
vt 0.559826 0.142467
vt 0.564834 0.142458
vt 0.509861 0.132174
vt 0.514851 0.132164
vt 0.519757 0.132155
vt 0.524766 0.132145
vt 0.529775 0.132135
vt 0.534784 0.132125
vt 0.539793 0.132116
vt 0.544802 0.132106
vt 0.549811 0.132096
vt 0.554820 0.132086
vt 0.559829 0.132077
vt 0.564839 0.132067
vt 0.509854 0.121793
vt 0.514846 0.121783
vt 0.519753 0.121772
vt 0.524763 0.121762
vt 0.529773 0.121751
vt 0.534783 0.121740
vt 0.539793 0.121729
vt 0.544803 0.121719
vt 0.549813 0.121708
vt 0.554823 0.121697
vt 0.559833 0.121687
vt 0.564843 0.121676
vt 0.509848 0.111413
vt 0.514840 0.111401
vt 0.519748 0.111390
vt 0.524759 0.111378
vt 0.529770 0.111366
vt 0.534781 0.111355
vt 0.539792 0.111343
vt 0.544804 0.111332
vt 0.549815 0.111320
vt 0.554826 0.111308
vt 0.559837 0.111297
vt 0.564848 0.111285
vt 0.509841 0.101032
vt 0.514835 0.101020
vt 0.519744 0.101007
vt 0.524756 0.100995
vt 0.529768 0.100982
vt 0.534780 0.100970
vt 0.539792 0.100957
vt 0.544804 0.100944
vt 0.549816 0.100932
vt 0.554828 0.100919
vt 0.559841 0.100907
vt 0.564853 0.100894
vt 0.509835 0.090652
vt 0.514829 0.090638
vt 0.519739 0.090625
vt 0.524752 0.090611
vt 0.529765 0.090598
vt 0.534778 0.090584
vt 0.539792 0.090571
vt 0.544805 0.090557
vt 0.549818 0.090544
vt 0.554831 0.090530
vt 0.559844 0.090517
vt 0.564857 0.090503
vt 0.509828 0.080271
vt 0.514824 0.080257
vt 0.519735 0.080243
vt 0.524749 0.080228
vt 0.529763 0.080214
vt 0.534777 0.080199
vt 0.539791 0.080185
vt 0.544805 0.080170
vt 0.549820 0.080156
vt 0.554834 0.080141
vt 0.559848 0.080127
vt 0.564862 0.080112
vt 0.509822 0.069891
vt 0.514818 0.069875
vt 0.519730 0.069860
vt 0.524745 0.069845
vt 0.529760 0.069829
vt 0.534776 0.069814
vt 0.539791 0.069798
vt 0.544806 0.069783
vt 0.549821 0.069767
vt 0.554836 0.069752
vt 0.559852 0.069737
vt 0.564867 0.069721
vt 0.509815 0.059510
vt 0.514813 0.059494
vt 0.519725 0.059478
vt 0.524742 0.059461
vt 0.529758 0.059445
vt 0.534774 0.059429
vt 0.539790 0.059412
vt 0.544807 0.059396
vt 0.549823 0.059379
vt 0.554839 0.059363
vt 0.559855 0.059347
vt 0.564872 0.059330
vt 0.509809 0.049130
vt 0.514807 0.049112
vt 0.519721 0.049095
vt 0.524738 0.049078
vt 0.529755 0.049061
vt 0.534773 0.049043
vt 0.539790 0.049026
vt 0.544807 0.049009
vt 0.549825 0.048991
vt 0.554842 0.048974
vt 0.559859 0.048957
vt 0.564876 0.048939
vt 0.509802 0.038749
vt 0.514802 0.038731
vt 0.519716 0.038713
vt 0.524735 0.038695
vt 0.529753 0.038676
vt 0.534771 0.038658
vt 0.539790 0.038640
vt 0.544808 0.038622
vt 0.549826 0.038603
vt 0.554844 0.038585
vt 0.559863 0.038567
vt 0.564881 0.038548
vt 0.509796 0.028369
vt 0.514796 0.028349
vt 0.519712 0.028330
vt 0.524731 0.028311
vt 0.529751 0.028292
vt 0.534770 0.028273
vt 0.539789 0.028254
vt 0.544809 0.028234
vt 0.549828 0.028215
vt 0.554847 0.028196
vt 0.559866 0.028177
vt 0.564886 0.028158
vt 0.509789 0.017988
vt 0.514791 0.017968
vt 0.519707 0.017948
vt 0.524728 0.017928
vt 0.529748 0.017908
vt 0.534768 0.017888
vt 0.539789 0.017867
vt 0.544809 0.017847
vt 0.549829 0.017827
vt 0.554850 0.017807
vt 0.559870 0.017787
vt 0.564890 0.017767
vt 0.509782 0.007607
vt 0.510083 0.485113
vt 0.514785 0.007586
vt 0.515039 0.485135
vt 0.519703 0.007566
vt 0.519910 0.485157
vt 0.524724 0.007545
vt 0.524885 0.485179
vt 0.529746 0.007523
vt 0.529859 0.485202
vt 0.534767 0.007502
vt 0.534833 0.485224
vt 0.539788 0.007481
vt 0.539807 0.485246
vt 0.544781 0.485269
vt 0.544810 0.007460
vt 0.549755 0.485291
vt 0.549831 0.007439
vt 0.554730 0.485313
vt 0.554852 0.007418
vt 0.559704 0.485336
vt 0.559874 0.007397
vt 0.564678 0.485358
vt 0.564895 0.007376
vt 0.510077 0.474732
vt 0.515033 0.474754
vt 0.519906 0.474775
vt 0.524881 0.474796
vt 0.529856 0.474817
vt 0.534831 0.474839
vt 0.539807 0.474860
vt 0.544782 0.474881
vt 0.549757 0.474903
vt 0.554732 0.474924
vt 0.559708 0.474946
vt 0.564683 0.474967
vt 0.510070 0.464352
vt 0.515028 0.464372
vt 0.519901 0.464392
vt 0.524878 0.464413
vt 0.529854 0.464433
vt 0.534830 0.464453
vt 0.539806 0.464474
vt 0.544783 0.464494
vt 0.549759 0.464515
vt 0.554735 0.464535
vt 0.559711 0.464556
vt 0.564687 0.464576
vt 0.510064 0.453971
vt 0.515022 0.453991
vt 0.519897 0.454010
vt 0.524874 0.454029
vt 0.529851 0.454049
vt 0.534829 0.454068
vt 0.539806 0.454088
vt 0.544783 0.454107
vt 0.549760 0.454127
vt 0.554738 0.454146
vt 0.559715 0.454166
vt 0.564692 0.454185
vt 0.510057 0.443591
vt 0.515017 0.443609
vt 0.519892 0.443627
vt 0.524871 0.443646
vt 0.529849 0.443664
vt 0.534827 0.443683
vt 0.539805 0.443702
vt 0.544784 0.443720
vt 0.549762 0.443739
vt 0.554740 0.443757
vt 0.559719 0.443776
vt 0.564697 0.443794
vt 0.510050 0.433210
vt 0.515011 0.433228
vt 0.519888 0.433245
vt 0.524867 0.433262
vt 0.529846 0.433280
vt 0.534826 0.433298
vt 0.539805 0.433315
vt 0.544784 0.433333
vt 0.549764 0.433351
vt 0.554743 0.433368
vt 0.559722 0.433386
vt 0.564702 0.433403
vt 0.510044 0.422830
vt 0.515006 0.422846
vt 0.519883 0.422862
vt 0.524864 0.422879
vt 0.529844 0.422896
vt 0.534824 0.422912
vt 0.539805 0.422929
vt 0.544785 0.422946
vt 0.549765 0.422962
vt 0.554746 0.422979
vt 0.559726 0.422996
vt 0.564706 0.423013
vt 0.510037 0.412449
vt 0.515000 0.412465
vt 0.519879 0.412480
vt 0.524860 0.412496
vt 0.529842 0.412511
vt 0.534823 0.412527
vt 0.539804 0.412543
vt 0.544786 0.412559
vt 0.549767 0.412574
vt 0.554748 0.412590
vt 0.559730 0.412606
vt 0.564711 0.412622
vt 0.510031 0.402068
vt 0.514995 0.402083
vt 0.519874 0.402098
vt 0.524857 0.402112
vt 0.529839 0.402127
vt 0.534821 0.402142
vt 0.539804 0.402157
vt 0.544786 0.402172
vt 0.549769 0.402186
vt 0.554751 0.402201
vt 0.559733 0.402216
vt 0.564716 0.402231
vt 0.510024 0.391688
vt 0.514989 0.391702
vt 0.519870 0.391715
vt 0.524853 0.391729
vt 0.529837 0.391743
vt 0.534820 0.391757
vt 0.539803 0.391771
vt 0.544787 0.391784
vt 0.549770 0.391798
vt 0.554754 0.391812
vt 0.559737 0.391826
vt 0.564721 0.391840
vt 0.510018 0.381307
vt 0.514984 0.381320
vt 0.519865 0.381333
vt 0.524850 0.381346
vt 0.529834 0.381359
vt 0.534819 0.381371
vt 0.539803 0.381384
vt 0.544787 0.381397
vt 0.549772 0.381410
vt 0.554756 0.381423
vt 0.559741 0.381436
vt 0.564725 0.381449
vt 0.510011 0.370927
vt 0.514978 0.370939
vt 0.519861 0.370950
vt 0.524846 0.370962
vt 0.529832 0.370974
vt 0.534817 0.370986
vt 0.539803 0.370998
vt 0.544788 0.371010
vt 0.549774 0.371022
vt 0.554759 0.371034
vt 0.559744 0.371046
vt 0.564730 0.371058
vt 0.510005 0.360546
vt 0.514973 0.360557
vt 0.519856 0.360568
vt 0.524843 0.360579
vt 0.529829 0.360590
vt 0.534816 0.360601
vt 0.539802 0.360612
vt 0.544789 0.360623
vt 0.549775 0.360634
vt 0.554762 0.360645
vt 0.559748 0.360656
vt 0.564735 0.360667
vt 0.509998 0.350166
vt 0.514967 0.350176
vt 0.519852 0.350186
vt 0.524839 0.350196
vt 0.529827 0.350206
vt 0.534814 0.350216
vt 0.539802 0.350226
vt 0.544789 0.350236
vt 0.549777 0.350246
vt 0.554764 0.350256
vt 0.559752 0.350266
vt 0.564739 0.350276
vt 0.509992 0.339785
vt 0.514962 0.339794
vt 0.519847 0.339803
vt 0.524836 0.339812
vt 0.529824 0.339821
vt 0.534813 0.339830
vt 0.539801 0.339840
vt 0.544790 0.339849
vt 0.549778 0.339858
vt 0.554767 0.339867
vt 0.559756 0.339876
vt 0.564744 0.339885
vt 0.509985 0.329405
vt 0.514956 0.329413
vt 0.519843 0.329421
vt 0.524832 0.329429
vt 0.529822 0.329437
vt 0.534811 0.329445
vt 0.544791 0.329462
vt 0.549780 0.329470
vt 0.554770 0.329478
vt 0.559759 0.329486
vt 0.564749 0.329494
vt 0.508446 0.319022
vt 0.508440 0.308642
vt 0.508433 0.298261
vt 0.508426 0.287881
vt 0.508419 0.277501
vt 0.508412 0.267121
vt 0.508405 0.256740
vt 0.508398 0.246360
vt 0.508392 0.235980
vt 0.508385 0.225599
vt 0.508378 0.215219
vt 0.508371 0.204839
vt 0.508364 0.194459
vt 0.508357 0.184078
vt 0.508351 0.173698
vt 0.508344 0.163318
vt 0.508337 0.152938
vt 0.508330 0.142557
vt 0.508323 0.132177
vt 0.508316 0.121797
vt 0.508309 0.111417
vt 0.508303 0.101036
vt 0.508296 0.090656
vt 0.508289 0.080276
vt 0.508282 0.069895
vt 0.508275 0.059515
vt 0.508268 0.049135
vt 0.508261 0.038755
vt 0.508255 0.028374
vt 0.508248 0.017994
vt 0.508241 0.007614
vt 0.508556 0.485106
vt 0.508549 0.474726
vt 0.508542 0.464345
vt 0.508535 0.453965
vt 0.508529 0.443585
vt 0.508522 0.433205
vt 0.508515 0.422824
vt 0.508508 0.412444
vt 0.508501 0.402064
vt 0.508494 0.391684
vt 0.508488 0.381303
vt 0.508481 0.370923
vt 0.508474 0.360543
vt 0.508467 0.350163
vt 0.508460 0.339782
vt 0.508453 0.329402
vt 0.506915 0.319020
vt 0.506908 0.308640
vt 0.506900 0.298260
vt 0.506893 0.287880
vt 0.506886 0.277500
vt 0.506879 0.267120
vt 0.506872 0.256740
vt 0.506865 0.246360
vt 0.506857 0.235980
vt 0.506850 0.225600
vt 0.506843 0.215220
vt 0.506836 0.204840
vt 0.506829 0.194460
vt 0.506822 0.184080
vt 0.506814 0.173700
vt 0.506807 0.163320
vt 0.506800 0.152940
vt 0.506793 0.142560
vt 0.506786 0.132180
vt 0.506779 0.121800
vt 0.506771 0.111420
vt 0.506764 0.101040
vt 0.506757 0.090660
vt 0.506750 0.080280
vt 0.506743 0.069900
vt 0.506736 0.059520
vt 0.506728 0.049140
vt 0.506721 0.038760
vt 0.506714 0.028380
vt 0.506707 0.018001
vt 0.506700 0.007621
vt 0.507029 0.485099
vt 0.507022 0.474719
vt 0.507015 0.464339
vt 0.507008 0.453959
vt 0.507001 0.443579
vt 0.506994 0.433199
vt 0.506986 0.422819
vt 0.506979 0.412439
vt 0.506972 0.402059
vt 0.506965 0.391679
vt 0.506958 0.381299
vt 0.506951 0.370920
vt 0.506943 0.360539
vt 0.506936 0.350159
vt 0.506929 0.339780
vt 0.506922 0.329400
vt 0.604966 0.165884
vt 0.574277 0.176152
vt 0.662256 0.255018
vt 0.579564 0.176208
vt 0.584558 0.176261
vt 0.589672 0.176315
vt 0.594770 0.176369
vt 0.599868 0.176422
vt 0.604967 0.176476
vt 0.610065 0.176530
vt 0.615164 0.176584
vt 0.620262 0.176638
vt 0.625360 0.176692
vt 0.630459 0.176746
vt 0.574280 0.186791
vt 0.667166 0.249930
vt 0.579567 0.186839
vt 0.584560 0.186884
vt 0.589673 0.186930
vt 0.594771 0.186976
vt 0.599869 0.187022
vt 0.604967 0.187068
vt 0.610065 0.187114
vt 0.615163 0.187160
vt 0.620261 0.187206
vt 0.625359 0.187252
vt 0.630457 0.187298
vt 0.574283 0.197431
vt 0.672377 0.246226
vt 0.579569 0.197471
vt 0.584562 0.197508
vt 0.589675 0.197546
vt 0.594772 0.197584
vt 0.599870 0.197622
vt 0.604968 0.197660
vt 0.610065 0.197699
vt 0.615163 0.197737
vt 0.620260 0.197775
vt 0.625358 0.197813
vt 0.630455 0.197851
vt 0.574286 0.208071
vt 0.677790 0.243977
vt 0.579571 0.208102
vt 0.584564 0.208132
vt 0.589676 0.208162
vt 0.594774 0.208192
vt 0.599871 0.208222
vt 0.604968 0.208252
vt 0.610065 0.208283
vt 0.615162 0.208313
vt 0.620260 0.208343
vt 0.625357 0.208373
vt 0.630454 0.208403
vt 0.574288 0.218710
vt 0.683305 0.243222
vt 0.579574 0.218734
vt 0.584566 0.218755
vt 0.589678 0.218778
vt 0.594775 0.218800
vt 0.599872 0.218822
vt 0.604968 0.218845
vt 0.610065 0.218867
vt 0.615162 0.218889
vt 0.620259 0.218911
vt 0.625356 0.218934
vt 0.630452 0.218956
vt 0.574291 0.229350
vt 0.688820 0.243973
vt 0.579576 0.229365
vt 0.584567 0.229379
vt 0.589680 0.229393
vt 0.594776 0.229408
vt 0.599872 0.229422
vt 0.604969 0.229437
vt 0.610065 0.229451
vt 0.615162 0.229465
vt 0.620258 0.229480
vt 0.625355 0.229494
vt 0.630451 0.229508
vt 0.574294 0.239990
vt 0.694234 0.246219
vt 0.579579 0.239996
vt 0.584569 0.240003
vt 0.589681 0.240009
vt 0.594777 0.240016
vt 0.599873 0.240022
vt 0.604969 0.240029
vt 0.610065 0.240035
vt 0.615161 0.240041
vt 0.620257 0.240048
vt 0.625353 0.240054
vt 0.630449 0.240061
vt 0.574297 0.250629
vt 0.699446 0.249919
vt 0.579581 0.250628
vt 0.584571 0.250626
vt 0.589683 0.250625
vt 0.594778 0.250624
vt 0.599874 0.250622
vt 0.604970 0.250621
vt 0.610065 0.250619
vt 0.615161 0.250618
vt 0.620257 0.250616
vt 0.625352 0.250615
vt 0.630448 0.250613
vt 0.574300 0.261269
vt 0.704357 0.255006
vt 0.579583 0.261259
vt 0.584573 0.261250
vt 0.589684 0.261241
vt 0.594780 0.261231
vt 0.599875 0.261222
vt 0.604970 0.261213
vt 0.610065 0.261203
vt 0.615161 0.261194
vt 0.620256 0.261184
vt 0.625351 0.261175
vt 0.630446 0.261166
vt 0.574302 0.271909
vt 0.708875 0.261381
vt 0.579586 0.271891
vt 0.584575 0.271874
vt 0.589686 0.271856
vt 0.594781 0.271839
vt 0.599876 0.271822
vt 0.604971 0.271805
vt 0.610065 0.271787
vt 0.615160 0.271770
vt 0.620255 0.271753
vt 0.625350 0.271735
vt 0.630445 0.271718
vt 0.574305 0.282548
vt 0.712919 0.268929
vt 0.579588 0.282522
vt 0.584577 0.282498
vt 0.589688 0.282472
vt 0.594782 0.282447
vt 0.599877 0.282422
vt 0.604971 0.282397
vt 0.610066 0.282371
vt 0.615160 0.282346
vt 0.620254 0.282321
vt 0.625349 0.282296
vt 0.630443 0.282271
vt 0.574308 0.293188
vt 0.716410 0.277511
vt 0.579590 0.293154
vt 0.584579 0.293121
vt 0.589689 0.293088
vt 0.594783 0.293055
vt 0.599877 0.293022
vt 0.604971 0.292989
vt 0.610066 0.292956
vt 0.615160 0.292922
vt 0.620254 0.292889
vt 0.625348 0.292856
vt 0.630442 0.292823
vt 0.574311 0.303828
vt 0.719283 0.286961
vt 0.579593 0.303785
vt 0.584581 0.303745
vt 0.589691 0.303704
vt 0.594784 0.303663
vt 0.599878 0.303622
vt 0.604972 0.303581
vt 0.610066 0.303540
vt 0.615159 0.303499
vt 0.620253 0.303458
vt 0.625347 0.303417
vt 0.630440 0.303376
vt 0.574313 0.314467
vt 0.721486 0.297104
vt 0.579595 0.314416
vt 0.584583 0.314368
vt 0.589692 0.314319
vt 0.594786 0.314270
vt 0.599879 0.314222
vt 0.604972 0.314173
vt 0.610066 0.314124
vt 0.615159 0.314075
vt 0.620252 0.314026
vt 0.625345 0.313977
vt 0.630439 0.313928
vt 0.574316 0.325106
vt 0.722980 0.307753
vt 0.579598 0.325048
vt 0.584585 0.324992
vt 0.589694 0.324935
vt 0.594787 0.324878
vt 0.599880 0.324821
vt 0.604973 0.324765
vt 0.610066 0.324708
vt 0.615159 0.324651
vt 0.620251 0.324594
vt 0.625344 0.324537
vt 0.630437 0.324480
vt 0.574319 0.335746
vt 0.723733 0.318711
vt 0.579600 0.335679
vt 0.584587 0.335615
vt 0.589696 0.335551
vt 0.594788 0.335486
vt 0.599881 0.335421
vt 0.604973 0.335357
vt 0.610066 0.335292
vt 0.615158 0.335227
vt 0.620251 0.335162
vt 0.625343 0.335098
vt 0.630436 0.335033
vt 0.574322 0.346385
vt 0.723733 0.329771
vt 0.579602 0.346310
vt 0.584589 0.346239
vt 0.589697 0.346166
vt 0.594789 0.346094
vt 0.599881 0.346021
vt 0.604974 0.345949
vt 0.610066 0.345876
vt 0.615158 0.345803
vt 0.620250 0.345731
vt 0.625342 0.345658
vt 0.630434 0.345585
vt 0.574325 0.357025
vt 0.722980 0.340726
vt 0.579605 0.356941
vt 0.584591 0.356863
vt 0.589699 0.356782
vt 0.594790 0.356701
vt 0.599882 0.356621
vt 0.604974 0.356541
vt 0.610066 0.356460
vt 0.615157 0.356379
vt 0.620249 0.356299
vt 0.625341 0.356218
vt 0.630433 0.356138
vt 0.574327 0.367664
vt 0.721490 0.351375
vt 0.579607 0.367573
vt 0.584593 0.367486
vt 0.589700 0.367397
vt 0.594792 0.367309
vt 0.599883 0.367221
vt 0.604974 0.367133
vt 0.610066 0.367044
vt 0.615157 0.366956
vt 0.620248 0.366867
vt 0.625340 0.366779
vt 0.630431 0.366690
vt 0.574330 0.378304
vt 0.719287 0.361519
vt 0.579609 0.378204
vt 0.584595 0.378110
vt 0.589702 0.378013
vt 0.594793 0.377917
vt 0.599884 0.377821
vt 0.604975 0.377725
vt 0.610066 0.377628
vt 0.615157 0.377532
vt 0.620248 0.377436
vt 0.625339 0.377339
vt 0.630429 0.377243
vt 0.574333 0.388943
vt 0.716415 0.370971
vt 0.579612 0.388835
vt 0.584597 0.388733
vt 0.589704 0.388629
vt 0.594794 0.388525
vt 0.599885 0.388421
vt 0.604975 0.388317
vt 0.610066 0.388212
vt 0.615156 0.388108
vt 0.620247 0.388004
vt 0.625337 0.387899
vt 0.630428 0.387795
vt 0.574336 0.399582
vt 0.712926 0.379551
vt 0.579614 0.399466
vt 0.584599 0.399357
vt 0.589705 0.399244
vt 0.594795 0.399132
vt 0.599885 0.399020
vt 0.604976 0.398909
vt 0.610066 0.398797
vt 0.615156 0.398684
vt 0.620246 0.398572
vt 0.625336 0.398460
vt 0.630426 0.398348
vt 0.574338 0.410222
vt 0.708885 0.387103
vt 0.579617 0.410098
vt 0.584601 0.409980
vt 0.589707 0.409860
vt 0.594797 0.409740
vt 0.599886 0.409620
vt 0.604976 0.409501
vt 0.610066 0.409381
vt 0.615156 0.409260
vt 0.620245 0.409140
vt 0.625335 0.409020
vt 0.630425 0.408900
vt 0.574341 0.420861
vt 0.704366 0.393482
vt 0.579619 0.420729
vt 0.584603 0.420604
vt 0.589708 0.420476
vt 0.594798 0.420348
vt 0.599887 0.420220
vt 0.604977 0.420093
vt 0.610066 0.419965
vt 0.615155 0.419836
vt 0.620245 0.419709
vt 0.625334 0.419580
vt 0.630423 0.419453
vt 0.574344 0.431501
vt 0.699456 0.398570
vt 0.579621 0.431360
vt 0.584605 0.431227
vt 0.589710 0.431091
vt 0.594799 0.430956
vt 0.599888 0.430820
vt 0.604977 0.430685
vt 0.610066 0.430549
vt 0.615155 0.430413
vt 0.620244 0.430277
vt 0.625333 0.430141
vt 0.630422 0.430005
vt 0.574347 0.442140
vt 0.694246 0.402273
vt 0.579624 0.441991
vt 0.584607 0.441851
vt 0.589712 0.441707
vt 0.594800 0.441564
vt 0.599889 0.441420
vt 0.604977 0.441277
vt 0.610066 0.441133
vt 0.615155 0.440989
vt 0.620243 0.440845
vt 0.625332 0.440701
vt 0.630420 0.440558
vt 0.574350 0.452780
vt 0.688832 0.404522
vt 0.579626 0.452623
vt 0.584609 0.452474
vt 0.589713 0.452323
vt 0.594801 0.452171
vt 0.599890 0.452020
vt 0.604978 0.451868
vt 0.610066 0.451717
vt 0.615154 0.451565
vt 0.620242 0.451414
vt 0.625331 0.451261
vt 0.630419 0.451110
vt 0.574352 0.463419
vt 0.683317 0.405278
vt 0.579628 0.463254
vt 0.584611 0.463098
vt 0.589715 0.462938
vt 0.594803 0.462779
vt 0.599890 0.462620
vt 0.604978 0.462461
vt 0.610066 0.462301
vt 0.615154 0.462141
vt 0.620242 0.461982
vt 0.625329 0.461822
vt 0.630417 0.461662
vt 0.574355 0.474058
vt 0.677802 0.404527
vt 0.579631 0.473885
vt 0.584613 0.473721
vt 0.589716 0.473554
vt 0.594804 0.473387
vt 0.599891 0.473220
vt 0.604979 0.473052
vt 0.610066 0.472885
vt 0.615154 0.472717
vt 0.620241 0.472550
vt 0.625328 0.472382
vt 0.630416 0.472215
vt 0.574358 0.484698
vt 0.672388 0.402281
vt 0.579633 0.484516
vt 0.584615 0.484345
vt 0.589718 0.484169
vt 0.594805 0.483994
vt 0.599892 0.483819
vt 0.604979 0.483645
vt 0.610066 0.483469
vt 0.615153 0.483293
vt 0.620240 0.483118
vt 0.625327 0.482942
vt 0.630414 0.482767
vt 0.574232 0.005917
vt 0.574361 0.495337
vt 0.667176 0.398580
vt 0.579526 0.006104
vt 0.579636 0.495148
vt 0.584526 0.006281
vt 0.584617 0.494969
vt 0.589646 0.006462
vt 0.589720 0.494785
vt 0.594751 0.006643
vt 0.594806 0.494602
vt 0.599855 0.006823
vt 0.599893 0.494419
vt 0.604960 0.007004
vt 0.604979 0.494236
vt 0.610065 0.007184
vt 0.610066 0.494054
vt 0.615153 0.493870
vt 0.615169 0.007365
vt 0.620239 0.493687
vt 0.620274 0.007545
vt 0.625326 0.493503
vt 0.625378 0.007726
vt 0.630413 0.493320
vt 0.630483 0.007906
vt 0.574235 0.016557
vt 0.662266 0.393493
vt 0.579529 0.016736
vt 0.584528 0.016905
vt 0.589648 0.017078
vt 0.594752 0.017250
vt 0.599856 0.017423
vt 0.604960 0.017596
vt 0.610065 0.017768
vt 0.615169 0.017941
vt 0.620273 0.018113
vt 0.625377 0.018286
vt 0.630482 0.018459
vt 0.574238 0.027196
vt 0.657747 0.387118
vt 0.579531 0.027367
vt 0.584530 0.027529
vt 0.589649 0.027694
vt 0.594753 0.027858
vt 0.599857 0.028023
vt 0.604961 0.028188
vt 0.610065 0.028352
vt 0.615169 0.028517
vt 0.620272 0.028682
vt 0.625376 0.028846
vt 0.630480 0.029011
vt 0.574241 0.037836
vt 0.653703 0.379570
vt 0.579533 0.037999
vt 0.584532 0.038152
vt 0.589651 0.038309
vt 0.594754 0.038466
vt 0.599858 0.038623
vt 0.604961 0.038780
vt 0.610065 0.038937
vt 0.615168 0.039093
vt 0.620272 0.039250
vt 0.625375 0.039407
vt 0.630478 0.039564
vt 0.574244 0.048476
vt 0.650212 0.370988
vt 0.579536 0.048630
vt 0.584534 0.048776
vt 0.589653 0.048925
vt 0.594756 0.049074
vt 0.599859 0.049223
vt 0.604962 0.049372
vt 0.610065 0.049521
vt 0.615168 0.049670
vt 0.620271 0.049818
vt 0.625374 0.049967
vt 0.630477 0.050116
vt 0.574246 0.059116
vt 0.647339 0.361538
vt 0.579538 0.059262
vt 0.584536 0.059400
vt 0.589654 0.059541
vt 0.594757 0.059682
vt 0.599859 0.059823
vt 0.604962 0.059964
vt 0.610065 0.060105
vt 0.615167 0.060246
vt 0.620270 0.060387
vt 0.625373 0.060528
vt 0.630475 0.060669
vt 0.574249 0.069755
vt 0.645136 0.351395
vt 0.579540 0.069893
vt 0.584538 0.070023
vt 0.589656 0.070157
vt 0.594758 0.070290
vt 0.599860 0.070423
vt 0.604963 0.070556
vt 0.610065 0.070689
vt 0.615167 0.070822
vt 0.620269 0.070955
vt 0.625372 0.071088
vt 0.630474 0.071221
vt 0.574252 0.080395
vt 0.643643 0.340746
vt 0.579543 0.080525
vt 0.584540 0.080647
vt 0.589657 0.080773
vt 0.594759 0.080898
vt 0.599861 0.081023
vt 0.604963 0.081148
vt 0.610065 0.081273
vt 0.615167 0.081398
vt 0.620269 0.081523
vt 0.625371 0.081649
vt 0.630472 0.081774
vt 0.574255 0.091034
vt 0.642890 0.329788
vt 0.579545 0.091156
vt 0.584542 0.091271
vt 0.589659 0.091388
vt 0.594760 0.091506
vt 0.599862 0.091623
vt 0.604963 0.091740
vt 0.610065 0.091857
vt 0.615166 0.091974
vt 0.620268 0.092092
vt 0.625369 0.092209
vt 0.630471 0.092326
vt 0.574258 0.101674
vt 0.642890 0.318729
vt 0.579548 0.101788
vt 0.584544 0.101895
vt 0.589660 0.102004
vt 0.594762 0.102113
vt 0.599863 0.102223
vt 0.604964 0.102332
vt 0.610065 0.102441
vt 0.615166 0.102551
vt 0.620267 0.102660
vt 0.625368 0.102769
vt 0.630469 0.102879
vt 0.574260 0.112314
vt 0.643642 0.307774
vt 0.579550 0.112419
vt 0.584546 0.112518
vt 0.589662 0.112620
vt 0.594763 0.112721
vt 0.599863 0.112823
vt 0.604964 0.112924
vt 0.610065 0.113026
vt 0.615166 0.113127
vt 0.620266 0.113228
vt 0.625367 0.113330
vt 0.630468 0.113431
vt 0.574263 0.122954
vt 0.645133 0.297124
vt 0.579552 0.123050
vt 0.584548 0.123142
vt 0.589664 0.123236
vt 0.594764 0.123329
vt 0.599864 0.123423
vt 0.604965 0.123516
vt 0.610065 0.123610
vt 0.615165 0.123703
vt 0.620266 0.123797
vt 0.625366 0.123890
vt 0.630466 0.123984
vt 0.574266 0.133593
vt 0.647335 0.286980
vt 0.579555 0.133682
vt 0.584550 0.133766
vt 0.589665 0.133851
vt 0.594765 0.133937
vt 0.599865 0.134023
vt 0.604965 0.134108
vt 0.610065 0.134194
vt 0.615165 0.134279
vt 0.620265 0.134365
vt 0.625365 0.134450
vt 0.630465 0.134536
vt 0.574269 0.144233
vt 0.650207 0.277529
vt 0.579557 0.144313
vt 0.584552 0.144389
vt 0.589667 0.144467
vt 0.594766 0.144545
vt 0.599866 0.144623
vt 0.604966 0.144700
vt 0.610065 0.144778
vt 0.615165 0.144856
vt 0.620264 0.144933
vt 0.625364 0.145011
vt 0.630463 0.145089
vt 0.574272 0.154872
vt 0.653697 0.268949
vt 0.579560 0.154945
vt 0.584554 0.155013
vt 0.589668 0.155083
vt 0.594768 0.155153
vt 0.599867 0.155222
vt 0.604966 0.155292
vt 0.610065 0.155362
vt 0.615164 0.155432
vt 0.620263 0.155502
vt 0.625363 0.155571
vt 0.630462 0.155641
vt 0.574274 0.165512
vt 0.657738 0.261397
vt 0.579562 0.165576
vt 0.584556 0.165637
vt 0.589670 0.165699
vt 0.594769 0.165761
vt 0.599868 0.165822
vt 0.610065 0.165946
vt 0.615164 0.166008
vt 0.620263 0.166070
vt 0.625361 0.166132
vt 0.630460 0.166193
vt 0.665442 0.265498
vt 0.669609 0.261179
vt 0.674030 0.258035
vt 0.678625 0.256125
vt 0.683306 0.255482
vt 0.687988 0.256121
vt 0.692582 0.258030
vt 0.697004 0.261172
vt 0.701172 0.265486
vt 0.705006 0.270898
vt 0.708436 0.277305
vt 0.711399 0.284584
vt 0.713838 0.292603
vt 0.715709 0.301211
vt 0.716975 0.310250
vt 0.717614 0.319548
vt 0.717615 0.328934
vt 0.716977 0.338232
vt 0.715711 0.347269
vt 0.713843 0.355879
vt 0.711404 0.363899
vt 0.708444 0.371181
vt 0.705013 0.377587
vt 0.701180 0.383001
vt 0.697013 0.387320
vt 0.692592 0.390464
vt 0.687998 0.392375
vt 0.683316 0.393017
vt 0.678635 0.392378
vt 0.674040 0.390470
vt 0.669618 0.387327
vt 0.665450 0.383013
vt 0.661616 0.377601
vt 0.658186 0.371194
vt 0.655223 0.363915
vt 0.652784 0.355896
vt 0.650913 0.347288
vt 0.649648 0.338249
vt 0.649008 0.328951
vt 0.649007 0.319566
vt 0.649645 0.310267
vt 0.650911 0.301230
vt 0.652780 0.292620
vt 0.655218 0.284601
vt 0.658179 0.277318
vt 0.661609 0.270912
vt 0.672659 0.289228
vt 0.675143 0.286653
vt 0.677778 0.284779
vt 0.680517 0.283640
vt 0.683308 0.283257
vt 0.686099 0.283638
vt 0.688838 0.284775
vt 0.691474 0.286648
vt 0.693958 0.289221
vt 0.696243 0.292447
vt 0.698288 0.296265
vt 0.700054 0.300605
vt 0.701508 0.305385
vt 0.702623 0.310516
vt 0.703378 0.315904
vt 0.703759 0.321446
vt 0.703760 0.327041
vt 0.703379 0.332584
vt 0.702625 0.337972
vt 0.701511 0.343103
vt 0.700058 0.347884
vt 0.698293 0.352225
vt 0.696248 0.356044
vt 0.693963 0.359271
vt 0.691480 0.361846
vt 0.688844 0.363720
vt 0.686105 0.364859
vt 0.683314 0.365242
vt 0.680524 0.364861
vt 0.677785 0.363724
vt 0.675149 0.361851
vt 0.672665 0.359278
vt 0.670379 0.356052
vt 0.668334 0.352234
vt 0.666568 0.347894
vt 0.665114 0.343114
vt 0.663999 0.337983
vt 0.663244 0.332596
vt 0.662863 0.327053
vt 0.662863 0.321458
vt 0.663243 0.315915
vt 0.663997 0.310528
vt 0.665111 0.305396
vt 0.666565 0.300615
vt 0.668330 0.296275
vt 0.670374 0.292455
vt 0.569051 0.319110
vt 0.569057 0.308718
vt 0.569062 0.298326
vt 0.569068 0.287934
vt 0.569074 0.277543
vt 0.569079 0.267151
vt 0.569085 0.256759
vt 0.569090 0.246367
vt 0.569096 0.235976
vt 0.569102 0.225584
vt 0.569107 0.215192
vt 0.569113 0.204801
vt 0.569118 0.194409
vt 0.569124 0.184017
vt 0.569130 0.173625
vt 0.569135 0.163234
vt 0.569141 0.152842
vt 0.569146 0.142450
vt 0.569152 0.132058
vt 0.569158 0.121667
vt 0.569163 0.111275
vt 0.569169 0.100883
vt 0.569174 0.090491
vt 0.569180 0.080100
vt 0.569186 0.069708
vt 0.569191 0.059316
vt 0.569197 0.048924
vt 0.569202 0.038533
vt 0.569208 0.028141
vt 0.569214 0.017749
vt 0.568961 0.485377
vt 0.569219 0.007358
vt 0.568967 0.474985
vt 0.568973 0.464594
vt 0.568978 0.454202
vt 0.568984 0.443810
vt 0.568989 0.433419
vt 0.568995 0.423027
vt 0.569001 0.412635
vt 0.569006 0.402243
vt 0.569012 0.391852
vt 0.569018 0.381460
vt 0.569023 0.371068
vt 0.569029 0.360676
vt 0.569034 0.350285
vt 0.569040 0.339893
vt 0.569046 0.329501
vt 0.570307 0.319111
vt 0.634927 0.176793
vt 0.570313 0.308719
vt 0.634925 0.187339
vt 0.570319 0.298327
vt 0.634923 0.197884
vt 0.570324 0.287935
vt 0.634921 0.208430
vt 0.570330 0.277544
vt 0.634919 0.218975
vt 0.570336 0.267152
vt 0.634918 0.229521
vt 0.570342 0.256760
vt 0.634916 0.240066
vt 0.570348 0.246368
vt 0.634914 0.250612
vt 0.570354 0.235976
vt 0.634912 0.261158
vt 0.570360 0.225584
vt 0.634910 0.271703
vt 0.570366 0.215192
vt 0.634908 0.282249
vt 0.570371 0.204800
vt 0.634906 0.292794
vt 0.570377 0.194408
vt 0.634904 0.303340
vt 0.570383 0.184016
vt 0.634903 0.313885
vt 0.570389 0.173624
vt 0.634901 0.324431
vt 0.570395 0.163232
vt 0.634899 0.334976
vt 0.570401 0.152840
vt 0.634897 0.345522
vt 0.570407 0.142448
vt 0.634895 0.356067
vt 0.570412 0.132056
vt 0.634893 0.366613
vt 0.570418 0.121664
vt 0.634891 0.377158
vt 0.570424 0.111272
vt 0.634889 0.387704
vt 0.570430 0.100880
vt 0.634888 0.398249
vt 0.570436 0.090488
vt 0.634886 0.408795
vt 0.570442 0.080096
vt 0.634884 0.419340
vt 0.570448 0.069704
vt 0.634882 0.429886
vt 0.570453 0.059312
vt 0.634880 0.440431
vt 0.570459 0.048920
vt 0.634878 0.450977
vt 0.570465 0.038528
vt 0.634876 0.461523
vt 0.570471 0.028136
vt 0.634874 0.472068
vt 0.570477 0.017744
vt 0.634873 0.482614
vt 0.570213 0.485383
vt 0.570483 0.007352
vt 0.634871 0.493159
vt 0.634957 0.008064
vt 0.570219 0.474991
vt 0.634955 0.018610
vt 0.570225 0.464599
vt 0.634953 0.029156
vt 0.570231 0.454207
vt 0.634951 0.039701
vt 0.570237 0.443815
vt 0.634949 0.050247
vt 0.570242 0.433423
vt 0.634948 0.060792
vt 0.570248 0.423031
vt 0.634946 0.071338
vt 0.570254 0.412639
vt 0.634944 0.081883
vt 0.570260 0.402247
vt 0.634942 0.092429
vt 0.570266 0.391855
vt 0.634940 0.102974
vt 0.570272 0.381463
vt 0.634938 0.113520
vt 0.570278 0.371071
vt 0.634936 0.124066
vt 0.570283 0.360679
vt 0.634934 0.134611
vt 0.570289 0.350287
vt 0.634933 0.145157
vt 0.570295 0.339895
vt 0.634931 0.155702
vt 0.570301 0.329503
vt 0.634929 0.166248
vt 0.569288 0.319110
vt 0.570095 0.319111
vt 0.569692 0.319110
vt 0.570100 0.308719
vt 0.569294 0.308718
vt 0.569697 0.308719
vt 0.570106 0.298327
vt 0.569299 0.298326
vt 0.569703 0.298327
vt 0.570112 0.287935
vt 0.569305 0.287935
vt 0.569709 0.287935
vt 0.570118 0.277543
vt 0.569311 0.277543
vt 0.569715 0.277543
vt 0.570124 0.267151
vt 0.569316 0.267151
vt 0.569720 0.267151
vt 0.570129 0.256759
vt 0.569322 0.256759
vt 0.569726 0.256759
vt 0.570135 0.246368
vt 0.569328 0.246367
vt 0.569732 0.246368
vt 0.570141 0.235976
vt 0.569333 0.235976
vt 0.569738 0.235976
vt 0.570147 0.225584
vt 0.569339 0.225584
vt 0.569743 0.225584
vt 0.570153 0.215192
vt 0.569345 0.215192
vt 0.569749 0.215192
vt 0.570158 0.204800
vt 0.569350 0.204800
vt 0.569755 0.204800
vt 0.570164 0.194408
vt 0.569356 0.194409
vt 0.569760 0.194408
vt 0.570170 0.184016
vt 0.569361 0.184017
vt 0.569766 0.184016
vt 0.570176 0.173624
vt 0.569367 0.173625
vt 0.569772 0.173625
vt 0.570182 0.163232
vt 0.569373 0.163233
vt 0.569778 0.163233
vt 0.570188 0.152840
vt 0.569378 0.152841
vt 0.569783 0.152841
vt 0.570193 0.142448
vt 0.569384 0.142450
vt 0.569789 0.142449
vt 0.570199 0.132056
vt 0.569390 0.132058
vt 0.569795 0.132057
vt 0.570205 0.121664
vt 0.569395 0.121666
vt 0.569801 0.121665
vt 0.570211 0.111272
vt 0.569401 0.111274
vt 0.569806 0.111273
vt 0.570217 0.100881
vt 0.569407 0.100883
vt 0.569812 0.100881
vt 0.570223 0.090488
vt 0.569412 0.090491
vt 0.569818 0.090490
vt 0.570228 0.080097
vt 0.569418 0.080099
vt 0.569824 0.080098
vt 0.570234 0.069705
vt 0.569424 0.069707
vt 0.569829 0.069706
vt 0.570240 0.059313
vt 0.569429 0.059315
vt 0.569835 0.059314
vt 0.570246 0.048921
vt 0.569435 0.048924
vt 0.569841 0.048922
vt 0.570252 0.038529
vt 0.569441 0.038532
vt 0.569847 0.038530
vt 0.570257 0.028137
vt 0.569446 0.028140
vt 0.569852 0.028138
vt 0.570263 0.017745
vt 0.569452 0.017748
vt 0.569858 0.017747
vt 0.570001 0.485382
vt 0.570269 0.007353
vt 0.569198 0.485378
vt 0.569458 0.007357
vt 0.569600 0.485380
vt 0.569864 0.007355
vt 0.570007 0.474990
vt 0.569203 0.474987
vt 0.569606 0.474988
vt 0.570013 0.464598
vt 0.569209 0.464595
vt 0.569611 0.464596
vt 0.570019 0.454206
vt 0.569215 0.454203
vt 0.569617 0.454205
vt 0.570025 0.443814
vt 0.569220 0.443811
vt 0.569623 0.443813
vt 0.570030 0.433422
vt 0.569226 0.433419
vt 0.569629 0.433421
vt 0.570036 0.423030
vt 0.569231 0.423028
vt 0.569634 0.423029
vt 0.570042 0.412638
vt 0.569237 0.412636
vt 0.569640 0.412637
vt 0.570048 0.402247
vt 0.569243 0.402244
vt 0.569646 0.402245
vt 0.570054 0.391855
vt 0.569248 0.391852
vt 0.569652 0.391853
vt 0.570060 0.381463
vt 0.569254 0.381461
vt 0.569657 0.381462
vt 0.570065 0.371071
vt 0.569260 0.371069
vt 0.569663 0.371070
vt 0.570071 0.360679
vt 0.569265 0.360677
vt 0.569669 0.360678
vt 0.570077 0.350287
vt 0.569271 0.350285
vt 0.569674 0.350286
vt 0.570083 0.339895
vt 0.569277 0.339893
vt 0.569680 0.339894
vt 0.570089 0.329503
vt 0.569282 0.329502
vt 0.569686 0.329502
vt 0.457815 0.420570
vt 0.442365 0.418769
vt 0.459215 0.420570
vt 0.441916 0.420288
vt 0.460616 0.420570
vt 0.441147 0.421154
vt 0.462016 0.420570
vt 0.440264 0.421136
vt 0.446612 0.420570
vt 0.463417 0.420570
vt 0.439505 0.420237
vt 0.448012 0.420570
vt 0.439072 0.418700
vt 0.449413 0.420570
vt 0.439081 0.416935
vt 0.450813 0.420570
vt 0.439530 0.415416
vt 0.452214 0.420570
vt 0.440299 0.414549
vt 0.453614 0.420570
vt 0.442374 0.417004
vt 0.455014 0.420570
vt 0.441941 0.415466
vt 0.456415 0.420570
vt 0.441181 0.414568
vt 0.440723 0.417852
vt 0.442868 0.413561
vt 0.457815 0.414563
vt 0.442430 0.414478
vt 0.441358 0.413223
vt 0.441508 0.411990
vt 0.459215 0.414563
vt 0.440116 0.413209
vt 0.439938 0.411990
vt 0.460616 0.414563
vt 0.439036 0.414438
vt 0.438577 0.413561
vt 0.462016 0.414563
vt 0.438409 0.416582
vt 0.437792 0.416281
vt 0.446612 0.414563
vt 0.463417 0.414563
vt 0.438401 0.419066
vt 0.437792 0.419422
vt 0.448012 0.414563
vt 0.439016 0.421225
vt 0.438577 0.422143
vt 0.449413 0.414563
vt 0.440088 0.422480
vt 0.439938 0.423713
vt 0.450813 0.414563
vt 0.441330 0.422495
vt 0.441508 0.423713
vt 0.452214 0.414563
vt 0.442410 0.421265
vt 0.442868 0.422143
vt 0.453614 0.414563
vt 0.443037 0.419121
vt 0.443654 0.419422
vt 0.455014 0.414563
vt 0.443045 0.416637
vt 0.443654 0.416281
vt 0.456415 0.414563
vt 0.444760 0.427878
vt 0.477006 0.397531
vt 0.447043 0.427878
vt 0.474859 0.395138
vt 0.449325 0.427878
vt 0.472467 0.394333
vt 0.451607 0.427878
vt 0.470069 0.395195
vt 0.453889 0.427878
vt 0.467951 0.397623
vt 0.456171 0.427878
vt 0.466378 0.401373
vt 0.458454 0.427878
vt 0.465542 0.405976
vt 0.460736 0.427878
vt 0.465542 0.410875
vt 0.463018 0.427878
vt 0.466380 0.415480
vt 0.465300 0.427878
vt 0.467955 0.419236
vt 0.467582 0.427878
vt 0.470077 0.421689
vt 0.469865 0.427878
vt 0.472492 0.422543
vt 0.472147 0.427878
vt 0.474908 0.421693
vt 0.474429 0.427878
vt 0.477033 0.419241
vt 0.476711 0.427878
vt 0.478611 0.415482
vt 0.437914 0.427878
vt 0.478994 0.427878
vt 0.479452 0.410867
vt 0.440196 0.427878
vt 0.479452 0.405949
vt 0.442478 0.427878
vt 0.478607 0.401319
vt 0.478201 0.406367
vt 0.478208 0.410402
vt 0.477523 0.414194
vt 0.476231 0.417287
vt 0.474488 0.419309
vt 0.472505 0.420016
vt 0.470522 0.419325
vt 0.468776 0.417319
vt 0.467480 0.414241
vt 0.466787 0.410462
vt 0.466782 0.406439
vt 0.467464 0.402655
vt 0.468749 0.399569
vt 0.470488 0.397568
vt 0.472463 0.396839
vt 0.477501 0.402578
vt 0.474445 0.397478
vt 0.476182 0.399517
vt 0.475163 0.401970
vt 0.473902 0.400513
vt 0.472467 0.400034
vt 0.471039 0.400564
vt 0.469780 0.402020
vt 0.468850 0.404263
vt 0.468359 0.407005
vt 0.468366 0.409917
vt 0.468870 0.412649
vt 0.469811 0.414872
vt 0.471076 0.416317
vt 0.472512 0.416810
vt 0.473946 0.416291
vt 0.475204 0.414822
vt 0.476136 0.412580
vt 0.476628 0.409834
vt 0.476619 0.406918
vt 0.476110 0.404184
vt 0.442478 0.458661
vt 0.440196 0.458661
vt 0.437914 0.458661
vt 0.478994 0.458661
vt 0.476711 0.458661
vt 0.474429 0.458661
vt 0.472147 0.458661
vt 0.469865 0.458661
vt 0.467582 0.458661
vt 0.465300 0.458661
vt 0.463018 0.458661
vt 0.460736 0.458661
vt 0.458454 0.458661
vt 0.456171 0.458661
vt 0.453889 0.458661
vt 0.451607 0.458661
vt 0.449325 0.458661
vt 0.447043 0.458661
vt 0.444760 0.458661
vt 0.405403 0.447141
vt 0.450557 0.462869
vt 0.405403 0.451705
vt 0.452839 0.462869
vt 0.406184 0.455994
vt 0.455121 0.462869
vt 0.407651 0.459491
vt 0.457403 0.462869
vt 0.409627 0.461773
vt 0.459686 0.462869
vt 0.411875 0.462566
vt 0.461968 0.462869
vt 0.414122 0.461773
vt 0.464250 0.462869
vt 0.416099 0.459491
vt 0.466532 0.462869
vt 0.417566 0.455994
vt 0.468814 0.462869
vt 0.418346 0.451705
vt 0.471097 0.462869
vt 0.418346 0.447141
vt 0.473379 0.462869
vt 0.417566 0.442852
vt 0.475661 0.462869
vt 0.416099 0.439355
vt 0.436863 0.462869
vt 0.477943 0.462869
vt 0.414122 0.437073
vt 0.439146 0.462869
vt 0.411875 0.436280
vt 0.441428 0.462869
vt 0.409627 0.437073
vt 0.443710 0.462869
vt 0.407651 0.439355
vt 0.445992 0.462869
vt 0.406184 0.442852
vt 0.448274 0.462869
vt 0.479234 0.308042
vt 0.465047 0.085616
vt 0.479234 0.314752
vt 0.467204 0.090756
vt 0.479234 0.321462
vt 0.470109 0.094111
vt 0.479234 0.328172
vt 0.473413 0.095276
vt 0.476717 0.094111
vt 0.479234 0.334882
vt 0.479623 0.090756
vt 0.479234 0.341592
vt 0.481779 0.085616
vt 0.479234 0.348302
vt 0.482927 0.079311
vt 0.479234 0.355012
vt 0.482927 0.072601
vt 0.479234 0.361722
vt 0.481779 0.066295
vt 0.479234 0.368432
vt 0.479623 0.061155
vt 0.479234 0.375142
vt 0.476717 0.057800
vt 0.479234 0.381852
vt 0.473413 0.056635
vt 0.479234 0.388562
vt 0.479234 0.267782
vt 0.479234 0.274492
vt 0.470109 0.057800
vt 0.479234 0.281202
vt 0.467204 0.061155
vt 0.479234 0.287912
vt 0.465047 0.066295
vt 0.479234 0.294622
vt 0.463900 0.072601
vt 0.479234 0.301332
vt 0.463900 0.079311
vt 0.448274 0.492920
vt 0.466942 0.078238
vt 0.445992 0.492920
vt 0.466942 0.073673
vt 0.443710 0.492920
vt 0.467722 0.069384
vt 0.441428 0.492920
vt 0.469189 0.065888
vt 0.439146 0.492920
vt 0.471166 0.063606
vt 0.473413 0.062813
vt 0.436863 0.492920
vt 0.477943 0.492920
vt 0.475661 0.063606
vt 0.475661 0.492920
vt 0.477637 0.065888
vt 0.473379 0.492920
vt 0.479104 0.069384
vt 0.471097 0.492920
vt 0.479885 0.073673
vt 0.468814 0.492920
vt 0.479885 0.078238
vt 0.466532 0.492920
vt 0.479104 0.082527
vt 0.464250 0.492920
vt 0.477637 0.086024
vt 0.461968 0.492920
vt 0.475661 0.088306
vt 0.459686 0.492920
vt 0.457403 0.492920
vt 0.473413 0.089099
vt 0.455121 0.492920
vt 0.471166 0.088306
vt 0.452839 0.492920
vt 0.469189 0.086024
vt 0.450557 0.492920
vt 0.467722 0.082527
vt 0.477743 0.308042
vt 0.402380 0.445460
vt 0.477743 0.314752
vt 0.402380 0.452170
vt 0.477743 0.321462
vt 0.403528 0.458476
vt 0.477743 0.328172
vt 0.405684 0.463616
vt 0.408590 0.466970
vt 0.477743 0.334882
vt 0.411894 0.468136
vt 0.477743 0.341592
vt 0.415198 0.466970
vt 0.477743 0.348302
vt 0.418103 0.463616
vt 0.477743 0.355012
vt 0.420260 0.458475
vt 0.477743 0.361722
vt 0.421407 0.452170
vt 0.477743 0.368432
vt 0.421407 0.445460
vt 0.477743 0.375142
vt 0.420260 0.439155
vt 0.477743 0.381852
vt 0.418103 0.434015
vt 0.477743 0.267782
vt 0.477743 0.388562
vt 0.477743 0.274492
vt 0.415198 0.430660
vt 0.477743 0.281202
vt 0.411894 0.429495
vt 0.477743 0.287912
vt 0.408590 0.430660
vt 0.477743 0.294622
vt 0.405684 0.434015
vt 0.477743 0.301332
vt 0.403528 0.439155
vt 0.482309 0.305537
vt 0.389305 0.440849
vt 0.482309 0.321469
vt 0.389305 0.456781
vt 0.482309 0.337402
vt 0.392029 0.471753
vt 0.482309 0.353334
vt 0.397150 0.483958
vt 0.404049 0.491924
vt 0.482309 0.369267
vt 0.411894 0.494691
vt 0.482309 0.385199
vt 0.419739 0.491924
vt 0.482309 0.401132
vt 0.426638 0.483958
vt 0.482309 0.417064
vt 0.431759 0.471753
vt 0.482309 0.432997
vt 0.434483 0.456781
vt 0.482309 0.448929
vt 0.434483 0.440849
vt 0.482309 0.464861
vt 0.431759 0.425877
vt 0.482309 0.480794
vt 0.426638 0.413672
vt 0.482309 0.496726
vt 0.482309 0.209942
vt 0.482309 0.225874
vt 0.419739 0.405706
vt 0.482309 0.241807
vt 0.411894 0.402939
vt 0.482309 0.257739
vt 0.404049 0.405706
vt 0.482309 0.273672
vt 0.397150 0.413672
vt 0.482309 0.289604
vt 0.392029 0.425877
vt 0.480987 0.305537
vt 0.480987 0.321469
vt 0.480987 0.337402
vt 0.480987 0.353334
vt 0.480987 0.369267
vt 0.480987 0.385199
vt 0.480987 0.401132
vt 0.480987 0.417064
vt 0.480987 0.432997
vt 0.480987 0.448929
vt 0.480987 0.464861
vt 0.480987 0.480794
vt 0.480987 0.496726
vt 0.480987 0.209942
vt 0.480987 0.225874
vt 0.480987 0.241807
vt 0.480987 0.257739
vt 0.480987 0.273672
vt 0.480987 0.289604
vt 0.407223 0.447783
vt 0.407223 0.451064
vt 0.407784 0.454146
vt 0.408839 0.456660
vt 0.410259 0.458300
vt 0.411875 0.458870
vt 0.413490 0.458300
vt 0.414911 0.456660
vt 0.415965 0.454146
vt 0.416526 0.451064
vt 0.416526 0.447783
vt 0.415965 0.444700
vt 0.414911 0.442187
vt 0.413490 0.440546
vt 0.411875 0.439977
vt 0.410259 0.440546
vt 0.408839 0.442187
vt 0.407784 0.444700
vt 0.433230 0.150914
vt 0.427036 0.146550
vt 0.420744 0.142101
vt 0.414288 0.137517
vt 0.407619 0.132787
vt 0.386392 0.324944
vt 0.400627 0.127810
vt 0.432992 0.152632
vt 0.426559 0.149996
vt 0.420023 0.147303
vt 0.413318 0.144525
vt 0.406384 0.141647
vt 0.386403 0.314316
vt 0.399122 0.138622
vt 0.432874 0.154399
vt 0.426321 0.153540
vt 0.419663 0.152653
vt 0.412833 0.151729
vt 0.405765 0.150762
vt 0.386413 0.303689
vt 0.398366 0.149741
vt 0.432877 0.156182
vt 0.426327 0.157116
vt 0.419671 0.158052
vt 0.412843 0.158997
vt 0.405773 0.159961
vt 0.386423 0.293061
vt 0.398373 0.160964
vt 0.433002 0.157947
vt 0.426577 0.160657
vt 0.420047 0.163397
vt 0.413346 0.166194
vt 0.406407 0.169075
vt 0.386433 0.282434
vt 0.399143 0.172083
vt 0.433246 0.159661
vt 0.427065 0.164096
vt 0.420783 0.168591
vt 0.414336 0.173187
vt 0.407656 0.177932
vt 0.386443 0.271806
vt 0.400662 0.182892
vt 0.433604 0.161294
vt 0.427783 0.167371
vt 0.421866 0.173535
vt 0.415792 0.179846
vt 0.409497 0.186368
vt 0.386453 0.261178
vt 0.402905 0.193190
vt 0.434070 0.162813
vt 0.428717 0.170419
vt 0.423276 0.178137
vt 0.417689 0.186046
vt 0.411897 0.194224
vt 0.386463 0.250551
vt 0.405829 0.202783
vt 0.434635 0.164192
vt 0.429851 0.173184
vt 0.424986 0.182313
vt 0.419991 0.191670
vt 0.414811 0.201354
vt 0.386474 0.239923
vt 0.409381 0.211494
vt 0.439391 0.155243
vt 0.435289 0.165403
vt 0.431162 0.175614
vt 0.426965 0.185982
vt 0.422655 0.196613
vt 0.418185 0.207622
vt 0.386484 0.229295
vt 0.413497 0.219157
vt 0.436019 0.166425
vt 0.432626 0.177664
vt 0.429175 0.189077
vt 0.425631 0.200781
vt 0.421956 0.212907
vt 0.386494 0.218668
vt 0.418102 0.225627
vt 0.436811 0.167239
vt 0.434215 0.179296
vt 0.431574 0.191541
vt 0.428863 0.204096
vt 0.426054 0.217102
vt 0.386504 0.208040
vt 0.423113 0.230777
vt 0.437652 0.167829
vt 0.435901 0.180480
vt 0.434119 0.193328
vt 0.432289 0.206497
vt 0.430397 0.220114
vt 0.386514 0.197413
vt 0.428435 0.234488
vt 0.438525 0.168185
vt 0.437652 0.181195
vt 0.436760 0.194405
vt 0.435843 0.207947
vt 0.434894 0.221959
vt 0.386524 0.186715
vt 0.433965 0.236601
vt 0.439414 0.168300
vt 0.439434 0.181425
vt 0.439449 0.194754
vt 0.439461 0.208417
vt 0.439472 0.222561
vt 0.386535 0.176087
vt 0.439508 0.237255
vt 0.440303 0.168172
vt 0.441216 0.181169
vt 0.442137 0.194369
vt 0.443075 0.207900
vt 0.444038 0.221899
vt 0.386545 0.165512
vt 0.445033 0.236502
vt 0.441175 0.167803
vt 0.442963 0.180430
vt 0.444773 0.193256
vt 0.446621 0.206407
vt 0.448523 0.220017
vt 0.386555 0.154885
vt 0.450503 0.234247
vt 0.442013 0.167200
vt 0.444644 0.179223
vt 0.447309 0.191438
vt 0.450033 0.203966
vt 0.452842 0.216937
vt 0.386565 0.144257
vt 0.455774 0.230512
vt 0.442802 0.166375
vt 0.446227 0.177570
vt 0.449699 0.188946
vt 0.453249 0.200619
vt 0.456915 0.212710
vt 0.386575 0.133630
vt 0.460746 0.225370
vt 0.443528 0.165342
vt 0.447683 0.175501
vt 0.451896 0.185828
vt 0.456208 0.196427
vt 0.460664 0.207412
vt 0.386585 0.123002
vt 0.465323 0.218916
vt 0.444177 0.164122
vt 0.448985 0.173055
vt 0.453862 0.182140
vt 0.458856 0.191468
vt 0.464018 0.201141
vt 0.386595 0.112374
vt 0.469420 0.211272
vt 0.444737 0.162735
vt 0.450108 0.170277
vt 0.455558 0.177951
vt 0.461141 0.185834
vt 0.466916 0.194013
vt 0.386605 0.101747
vt 0.472958 0.202580
vt 0.445198 0.161210
vt 0.451032 0.167219
vt 0.456954 0.173338
vt 0.463023 0.179629
vt 0.469301 0.186160
vt 0.386616 0.091119
vt 0.475872 0.193003
vt 0.445550 0.159573
vt 0.451739 0.163938
vt 0.458023 0.168388
vt 0.464464 0.172969
vt 0.471130 0.177730
vt 0.386626 0.080492
vt 0.478107 0.182720
vt 0.445787 0.157856
vt 0.452217 0.160495
vt 0.458745 0.163193
vt 0.465439 0.165977
vt 0.472367 0.168879
vt 0.386636 0.069864
vt 0.479620 0.171921
vt 0.445906 0.156089
vt 0.452455 0.156954
vt 0.459107 0.157849
vt 0.465928 0.158785
vt 0.472991 0.159772
vt 0.386646 0.059236
vt 0.480384 0.160810
vt 0.445903 0.154307
vt 0.452450 0.153380
vt 0.459102 0.152455
vt 0.465924 0.151525
vt 0.472988 0.150579
vt 0.386656 0.048609
vt 0.480384 0.149594
vt 0.445778 0.152543
vt 0.452202 0.149841
vt 0.458729 0.147113
vt 0.465425 0.144333
vt 0.472360 0.141471
vt 0.386666 0.037981
vt 0.479620 0.138480
vt 0.445535 0.150828
vt 0.451715 0.146402
vt 0.457996 0.141922
vt 0.464441 0.137344
vt 0.471117 0.132620
vt 0.386677 0.027353
vt 0.478106 0.127678
vt 0.445177 0.149196
vt 0.450999 0.143128
vt 0.456916 0.136978
vt 0.462990 0.130687
vt 0.469282 0.124188
vt 0.386687 0.016726
vt 0.475871 0.117388
vt 0.444712 0.147676
vt 0.450066 0.140079
vt 0.455510 0.132375
vt 0.461099 0.124487
vt 0.466891 0.116334
vt 0.386230 0.494986
vt 0.386697 0.006098
vt 0.472955 0.107803
vt 0.444147 0.146297
vt 0.448935 0.137312
vt 0.453804 0.128197
vt 0.458803 0.118860
vt 0.463986 0.109205
vt 0.386240 0.484358
vt 0.469413 0.099100
vt 0.443494 0.145085
vt 0.447625 0.134880
vt 0.451828 0.124522
vt 0.456146 0.113910
vt 0.460623 0.102932
vt 0.386250 0.473730
vt 0.465312 0.091443
vt 0.442764 0.144062
vt 0.446162 0.132826
vt 0.449621 0.121420
vt 0.453176 0.109730
vt 0.456864 0.097634
vt 0.386260 0.463103
vt 0.460727 0.084974
vt 0.441971 0.143247
vt 0.444573 0.131190
vt 0.447223 0.118947
vt 0.449949 0.106397
vt 0.452779 0.093409
vt 0.386271 0.452475
vt 0.455744 0.079814
vt 0.441131 0.142656
vt 0.442887 0.130002
vt 0.444679 0.117151
vt 0.446524 0.103975
vt 0.448444 0.090336
vt 0.386281 0.441848
vt 0.450456 0.076058
vt 0.440257 0.142299
vt 0.441136 0.129285
vt 0.442036 0.116065
vt 0.442967 0.102508
vt 0.443940 0.088472
vt 0.386291 0.431220
vt 0.444961 0.073779
vt 0.439368 0.142183
vt 0.439352 0.129051
vt 0.439343 0.115708
vt 0.439343 0.102023
vt 0.439351 0.087852
vt 0.386301 0.420592
vt 0.439361 0.073017
vt 0.438479 0.142311
vt 0.437569 0.129305
vt 0.436651 0.116089
vt 0.435719 0.102531
vt 0.434761 0.088489
vt 0.386311 0.409965
vt 0.433762 0.073787
vt 0.437607 0.142680
vt 0.435819 0.130043
vt 0.434010 0.117199
vt 0.432163 0.104021
vt 0.430258 0.090369
vt 0.386321 0.399337
vt 0.428266 0.076076
vt 0.436768 0.143282
vt 0.434136 0.131250
vt 0.431470 0.119019
vt 0.428742 0.106466
vt 0.425924 0.093460
vt 0.386332 0.388710
vt 0.422977 0.079842
vt 0.435978 0.144108
vt 0.432552 0.132904
vt 0.429077 0.121514
vt 0.425519 0.109821
vt 0.421841 0.097703
vt 0.386342 0.378082
vt 0.417993 0.085014
vt 0.435252 0.145141
vt 0.431094 0.134975
vt 0.426876 0.124637
vt 0.422555 0.114023
vt 0.418085 0.103020
vt 0.386352 0.367454
vt 0.413407 0.091498
vt 0.434602 0.146363
vt 0.429791 0.137424
vt 0.424908 0.128331
vt 0.419905 0.118994
vt 0.414726 0.109312
vt 0.386362 0.356827
vt 0.409306 0.099172
vt 0.434042 0.147749
vt 0.428667 0.140204
vt 0.423211 0.132527
vt 0.417620 0.124641
vt 0.411827 0.116461
vt 0.386372 0.346199
vt 0.405766 0.107895
vt 0.433582 0.149276
vt 0.427743 0.143265
vt 0.421814 0.137145
vt 0.415744 0.130858
vt 0.409440 0.124335
vt 0.386382 0.335572
vt 0.402855 0.117502
vt 0.386987 0.324910
vt 0.386991 0.314287
vt 0.386995 0.303664
vt 0.386999 0.293041
vt 0.387003 0.282419
vt 0.387007 0.271796
vt 0.387011 0.261173
vt 0.387015 0.250551
vt 0.387019 0.239928
vt 0.387023 0.229305
vt 0.387027 0.218682
vt 0.387031 0.208060
vt 0.387035 0.197437
vt 0.387039 0.186744
vt 0.387043 0.176121
vt 0.387047 0.165551
vt 0.387051 0.154929
vt 0.387055 0.144306
vt 0.387059 0.133683
vt 0.387063 0.123061
vt 0.387067 0.112438
vt 0.387071 0.101815
vt 0.387075 0.091192
vt 0.387079 0.080570
vt 0.387083 0.069947
vt 0.387087 0.059324
vt 0.387091 0.048701
vt 0.387095 0.038079
vt 0.387099 0.027456
vt 0.387103 0.016833
vt 0.386923 0.494873
vt 0.387107 0.006211
vt 0.386927 0.484251
vt 0.386931 0.473628
vt 0.386935 0.463005
vt 0.386939 0.452382
vt 0.386943 0.441760
vt 0.386947 0.431137
vt 0.386951 0.420514
vt 0.386955 0.409891
vt 0.386959 0.399269
vt 0.386963 0.388646
vt 0.386967 0.378023
vt 0.386971 0.367401
vt 0.386975 0.356778
vt 0.386979 0.346155
vt 0.386983 0.335532
vt 0.401281 0.128273
vt 0.399801 0.138902
vt 0.399057 0.149834
vt 0.399064 0.160868
vt 0.399821 0.171800
vt 0.401315 0.182427
vt 0.403520 0.192550
vt 0.406395 0.201982
vt 0.409888 0.210545
vt 0.413935 0.218078
vt 0.418462 0.224438
vt 0.423387 0.229498
vt 0.428615 0.233145
vt 0.434266 0.235469
vt 0.439706 0.236093
vt 0.444942 0.235137
vt 0.450317 0.232918
vt 0.455499 0.229244
vt 0.460387 0.224188
vt 0.464887 0.217842
vt 0.468914 0.210327
vt 0.472393 0.201782
vt 0.475258 0.192366
vt 0.477454 0.182256
vt 0.478942 0.171639
vt 0.479693 0.160716
vt 0.479693 0.149688
vt 0.478942 0.138762
vt 0.477454 0.128142
vt 0.475256 0.118026
vt 0.472389 0.108602
vt 0.468907 0.100046
vt 0.464875 0.092518
vt 0.460367 0.086158
vt 0.455468 0.081085
vt 0.450269 0.077393
vt 0.444867 0.075151
vt 0.439361 0.074403
vt 0.433856 0.075160
vt 0.428453 0.077411
vt 0.423253 0.081113
vt 0.418353 0.086198
vt 0.413845 0.092573
vt 0.409813 0.100118
vt 0.406333 0.108694
vt 0.403471 0.118139
vt 0.387380 0.324887
vt 0.387380 0.314267
vt 0.387380 0.303648
vt 0.387380 0.293028
vt 0.387379 0.282409
vt 0.387379 0.271789
vt 0.387379 0.261170
vt 0.387379 0.250550
vt 0.387379 0.239931
vt 0.387379 0.229311
vt 0.387379 0.218692
vt 0.387379 0.208072
vt 0.387379 0.197453
vt 0.387379 0.186763
vt 0.387379 0.176144
vt 0.387379 0.165577
vt 0.387379 0.154958
vt 0.387378 0.144338
vt 0.387378 0.133719
vt 0.387378 0.123099
vt 0.387378 0.112480
vt 0.387378 0.101860
vt 0.387378 0.091241
vt 0.387378 0.080621
vt 0.387378 0.070002
vt 0.387378 0.059382
vt 0.387378 0.048763
vt 0.387378 0.038143
vt 0.387378 0.027524
vt 0.387377 0.016904
vt 0.387377 0.006285
vt 0.387381 0.494799
vt 0.387381 0.484179
vt 0.387381 0.473560
vt 0.387381 0.462940
vt 0.387381 0.452321
vt 0.387381 0.441701
vt 0.387381 0.431082
vt 0.387381 0.420462
vt 0.387380 0.409843
vt 0.387380 0.399223
vt 0.387380 0.388604
vt 0.387380 0.377984
vt 0.387380 0.367365
vt 0.387380 0.356745
vt 0.387380 0.346126
vt 0.387380 0.335506
vt 0.454502 0.066411
vt 0.474308 0.074450
vt 0.452981 0.066411
vt 0.474633 0.075598
vt 0.451460 0.066411
vt 0.474627 0.076916
vt 0.449939 0.066411
vt 0.474293 0.078052
vt 0.448418 0.066411
vt 0.473719 0.078702
vt 0.446897 0.066411
vt 0.473060 0.078690
vt 0.445376 0.066411
vt 0.472492 0.078022
vt 0.443854 0.066411
vt 0.472167 0.076874
vt 0.442333 0.066411
vt 0.460586 0.066411
vt 0.472173 0.075556
vt 0.459065 0.066411
vt 0.473740 0.073781
vt 0.457544 0.066411
vt 0.473081 0.073770
vt 0.456023 0.066411
vt 0.472507 0.074420
vt 0.473101 0.075626
vt 0.473294 0.075409
vt 0.472989 0.076007
vt 0.472987 0.076449
vt 0.473095 0.076833
vt 0.473285 0.077058
vt 0.473506 0.077062
vt 0.473699 0.076845
vt 0.473811 0.076465
vt 0.473813 0.076023
vt 0.473705 0.075639
vt 0.473515 0.075414
vt 0.454502 0.069203
vt 0.472830 0.071983
vt 0.472947 0.072788
vt 0.472146 0.073703
vt 0.452981 0.069203
vt 0.471843 0.073122
vt 0.471680 0.075297
vt 0.451460 0.069203
vt 0.471273 0.075096
vt 0.471676 0.077142
vt 0.449939 0.069203
vt 0.471273 0.077376
vt 0.472134 0.078745
vt 0.448418 0.069203
vt 0.471843 0.079349
vt 0.472931 0.079675
vt 0.446897 0.069203
vt 0.472830 0.080489
vt 0.473853 0.079684
vt 0.445376 0.069203
vt 0.473970 0.080489
vt 0.474654 0.078768
vt 0.443854 0.069203
vt 0.474957 0.079349
vt 0.475120 0.077175
vt 0.442333 0.069203
vt 0.460586 0.069203
vt 0.475527 0.077375
vt 0.475124 0.075329
vt 0.459065 0.069203
vt 0.475527 0.075096
vt 0.474666 0.073727
vt 0.457544 0.069203
vt 0.474957 0.073122
vt 0.473869 0.072797
vt 0.456023 0.069203
vt 0.473970 0.071983
vt 0.395703 0.204493
vt 0.473455 0.010121
vt 0.274357 0.490967
vt 0.299702 0.490967
vt 0.466671 0.021767
vt 0.395703 0.192996
vt 0.476310 0.016923
vt 0.298293 0.490967
vt 0.465226 0.021258
vt 0.395702 0.181499
vt 0.477831 0.025271
vt 0.296885 0.490967
vt 0.463783 0.021768
vt 0.395702 0.170002
vt 0.477831 0.034162
vt 0.295477 0.490967
vt 0.462514 0.023234
vt 0.395702 0.158567
vt 0.476306 0.042519
vt 0.461574 0.025481
vt 0.294069 0.490967
vt 0.395702 0.147070
vt 0.473436 0.049323
vt 0.461076 0.028235
vt 0.292660 0.490967
vt 0.395701 0.135540
vt 0.469583 0.053731
vt 0.461079 0.031164
vt 0.291252 0.490967
vt 0.395701 0.124043
vt 0.465217 0.055248
vt 0.461583 0.033919
vt 0.289844 0.490967
vt 0.395701 0.112547
vt 0.460853 0.053695
vt 0.462527 0.036165
vt 0.288436 0.490967
vt 0.395700 0.101050
vt 0.457015 0.049254
vt 0.463798 0.037631
vt 0.287027 0.490967
vt 0.395700 0.089553
vt 0.454166 0.042454
vt 0.465242 0.038140
vt 0.285619 0.490967
vt 0.395700 0.078056
vt 0.452651 0.034114
vt 0.466686 0.037630
vt 0.284211 0.490967
vt 0.395699 0.066559
vt 0.452653 0.025241
vt 0.467955 0.036159
vt 0.282799 0.490967
vt 0.395699 0.055063
vt 0.454172 0.016904
vt 0.281390 0.490967
vt 0.468896 0.033913
vt 0.395699 0.043566
vt 0.457026 0.010110
vt 0.279990 0.490967
vt 0.469396 0.031158
vt 0.395698 0.032069
vt 0.460870 0.005677
vt 0.278581 0.490967
vt 0.469394 0.028227
vt 0.395698 0.009076
vt 0.395703 0.215990
vt 0.469610 0.005682
vt 0.277173 0.490967
vt 0.468889 0.025474
vt 0.395698 0.020572
vt 0.465240 0.004139
vt 0.275765 0.490967
vt 0.467943 0.023233
vt 0.395613 0.384606
vt 0.394165 0.385099
vt 0.392897 0.386561
vt 0.391952 0.388805
vt 0.391446 0.391560
vt 0.391442 0.394496
vt 0.391939 0.397258
vt 0.392879 0.399513
vt 0.394148 0.400990
vt 0.395592 0.401511
vt 0.397039 0.401011
vt 0.398314 0.399552
vt 0.399262 0.397308
vt 0.399769 0.394552
vt 0.399774 0.391614
vt 0.399276 0.388851
vt 0.398334 0.386595
vt 0.397063 0.385120
vt 0.274358 0.496161
vt 0.299700 0.496225
vt 0.395598 0.382325
vt 0.298292 0.496221
vt 0.393762 0.382974
vt 0.296884 0.496218
vt 0.392153 0.384842
vt 0.295476 0.496214
vt 0.390960 0.387696
vt 0.294068 0.496211
vt 0.390324 0.391195
vt 0.292660 0.496207
vt 0.390324 0.394920
vt 0.291252 0.496203
vt 0.390961 0.398421
vt 0.289844 0.496200
vt 0.392158 0.401275
vt 0.288435 0.496196
vt 0.393772 0.403139
vt 0.287027 0.496193
vt 0.395607 0.403787
vt 0.285619 0.496189
vt 0.397442 0.403140
vt 0.284211 0.496186
vt 0.399056 0.401277
vt 0.282799 0.496182
vt 0.400255 0.398422
vt 0.281391 0.496178
vt 0.400893 0.394918
vt 0.279990 0.496175
vt 0.400893 0.391190
vt 0.278582 0.496171
vt 0.400254 0.387685
vt 0.277174 0.496168
vt 0.399055 0.384829
vt 0.275766 0.496164
vt 0.397437 0.382967
vt 0.395608 0.386579
vt 0.394496 0.386943
vt 0.393520 0.388079
vt 0.392796 0.389809
vt 0.392411 0.391927
vt 0.392411 0.394181
vt 0.392796 0.396300
vt 0.393521 0.398027
vt 0.394496 0.399154
vt 0.395606 0.399546
vt 0.396716 0.399156
vt 0.397693 0.398029
vt 0.398418 0.396302
vt 0.398804 0.394184
vt 0.398804 0.391929
vt 0.398418 0.389810
vt 0.397693 0.388084
vt 0.396717 0.386960
vt 0.467246 0.018719
vt 0.460164 0.035515
vt 0.463245 0.018698
vt 0.465246 0.018003
vt 0.470995 0.031760
vt 0.470295 0.035572
vt 0.463222 0.040676
vt 0.461466 0.038634
vt 0.460176 0.023823
vt 0.461484 0.020719
vt 0.470307 0.023877
vt 0.470999 0.027697
vt 0.467226 0.040708
vt 0.465222 0.041396
vt 0.459474 0.031695
vt 0.459478 0.027635
vt 0.469003 0.020759
vt 0.468984 0.038670
vt 0.467430 0.017732
vt 0.465250 0.016950
vt 0.470748 0.036108
vt 0.461124 0.039434
vt 0.461149 0.019907
vt 0.471519 0.027523
vt 0.465216 0.042450
vt 0.458960 0.027443
vt 0.459706 0.036034
vt 0.463069 0.017705
vt 0.471513 0.031952
vt 0.463037 0.041662
vt 0.459723 0.023289
vt 0.470766 0.023357
vt 0.467403 0.041704
vt 0.458955 0.031869
vt 0.469345 0.019958
vt 0.469319 0.039479
vt 0.467973 0.014706
vt 0.465244 0.013736
vt 0.472145 0.037711
vt 0.460096 0.041904
vt 0.460112 0.017454
vt 0.473101 0.026950
vt 0.465220 0.045659
vt 0.457377 0.026899
vt 0.458318 0.037652
vt 0.462513 0.014690
vt 0.473098 0.032498
vt 0.462493 0.044684
vt 0.458328 0.021695
vt 0.472154 0.021735
vt 0.467947 0.044708
vt 0.457374 0.032441
vt 0.470373 0.017484
vt 0.470356 0.041960
vt 0.468205 0.013447
vt 0.465246 0.012395
vt 0.472725 0.038387
vt 0.459663 0.042927
vt 0.459683 0.016425
vt 0.473762 0.026721
vt 0.465217 0.046998
vt 0.456718 0.026662
vt 0.457736 0.038318
vt 0.462287 0.013429
vt 0.473759 0.032736
vt 0.462261 0.045941
vt 0.457749 0.021020
vt 0.472736 0.021068
vt 0.468173 0.045970
vt 0.456713 0.032669
vt 0.470806 0.016459
vt 0.470784 0.042993
vt 0.394299 0.135536
vt 0.394298 0.055071
vt 0.394299 0.147065
vt 0.394298 0.066566
vt 0.394299 0.158560
vt 0.394298 0.078061
vt 0.394300 0.169993
vt 0.394298 0.089556
vt 0.394300 0.181488
vt 0.394298 0.101051
vt 0.394297 0.020586
vt 0.394300 0.192983
vt 0.394299 0.112546
vt 0.394299 0.124041
vt 0.394297 0.032081
vt 0.394297 0.043576
vt 0.394300 0.204478
vt 0.394297 0.009091
vt 0.394300 0.215973
vt 0.392378 0.204458
vt 0.392378 0.192966
vt 0.392378 0.181473
vt 0.392378 0.169981
vt 0.392378 0.158549
vt 0.392378 0.147057
vt 0.392378 0.135531
vt 0.392378 0.124038
vt 0.392378 0.112546
vt 0.392378 0.101053
vt 0.392378 0.089560
vt 0.392378 0.078068
vt 0.392378 0.066575
vt 0.392378 0.055083
vt 0.392378 0.043590
vt 0.392378 0.032097
vt 0.392378 0.215951
vt 0.392378 0.009112
vt 0.392378 0.020605
vt 0.389793 0.204432
vt 0.418668 0.339996
vt 0.389793 0.192942
vt 0.422329 0.348723
vt 0.389794 0.181453
vt 0.427262 0.354419
vt 0.389794 0.169964
vt 0.432872 0.356397
vt 0.389794 0.158536
vt 0.438482 0.354419
vt 0.443415 0.348723
vt 0.389794 0.147046
vt 0.447076 0.339996
vt 0.389795 0.135524
vt 0.449024 0.329291
vt 0.389795 0.124034
vt 0.449024 0.317898
vt 0.389795 0.112545
vt 0.447076 0.307193
vt 0.389795 0.101056
vt 0.443415 0.298466
vt 0.389796 0.089566
vt 0.438482 0.292769
vt 0.389796 0.078077
vt 0.432872 0.290791
vt 0.389796 0.066587
vt 0.427262 0.292770
vt 0.389796 0.055098
vt 0.389797 0.043609
vt 0.422329 0.298466
vt 0.389797 0.032119
vt 0.418668 0.307193
vt 0.389793 0.215921
vt 0.389797 0.009140
vt 0.416720 0.329291
vt 0.389797 0.020630
vt 0.416720 0.317898
vt 0.432872 0.323594
vt 0.472491 0.408420
vt 0.408406 0.076896
vt 0.445302 0.028892
vt 0.408174 0.007243
vt 0.449269 0.028846
vt 0.403901 0.076453
vt 0.445260 0.023421
vt 0.403692 0.008267
vt 0.449227 0.023376
vt 0.401302 0.069190
vt 0.445156 0.018009
vt 0.401333 0.015851
vt 0.449123 0.017964
vt 0.399390 0.059062
vt 0.445252 0.011445
vt 0.399752 0.026204
vt 0.449219 0.011400
vt 0.401700 0.051427
vt 0.445255 0.006034
vt 0.445380 0.050045
vt 0.402303 0.033525
vt 0.449222 0.005989
vt 0.449348 0.050000
vt 0.405599 0.054511
vt 0.445352 0.044961
vt 0.406095 0.029945
vt 0.449319 0.044916
vt 0.408496 0.060862
vt 0.445332 0.039748
vt 0.408781 0.023233
vt 0.449300 0.039703
vt 0.410439 0.069252
vt 0.445265 0.034143
vt 0.410450 0.014610
vt 0.449232 0.034098
vt 0.408888 0.078595
vt 0.426439 0.034922
vt 0.403456 0.077865
vt 0.426416 0.041526
vt 0.403202 0.006915
vt 0.430384 0.041518
vt 0.408600 0.005486
vt 0.430406 0.034914
vt 0.400724 0.069846
vt 0.426332 0.050008
vt 0.400735 0.015271
vt 0.430299 0.050000
vt 0.398641 0.058326
vt 0.426450 0.057434
vt 0.399028 0.027036
vt 0.430417 0.057427
vt 0.401219 0.049728
vt 0.426446 0.010671
vt 0.401877 0.035283
vt 0.430413 0.010663
vt 0.405667 0.052846
vt 0.426435 0.016387
vt 0.406216 0.031597
vt 0.430402 0.016380
vt 0.409074 0.060206
vt 0.426433 0.022470
vt 0.409379 0.023813
vt 0.430400 0.022462
vt 0.411264 0.069511
vt 0.426384 0.028705
vt 0.411264 0.014245
vt 0.430351 0.028698
vt 0.399762 0.057727
vt 0.445249 0.010519
vt 0.400166 0.027488
vt 0.449216 0.010474
vt 0.399379 0.056585
vt 0.426451 0.005953
vt 0.449386 0.053441
vt 0.399821 0.028678
vt 0.430418 0.005945
vt 0.445419 0.053539
vt 0.398717 0.033798
vt 0.430418 0.061544
vt 0.398426 0.038148
vt 0.429823 0.063924
vt 0.397913 0.047249
vt 0.427047 0.063929
vt 0.398112 0.051617
vt 0.426451 0.061552
vt 0.399387 0.038045
vt 0.445980 0.058974
vt 0.399638 0.033734
vt 0.445400 0.056612
vt 0.399033 0.051563
vt 0.449366 0.056514
vt 0.398874 0.047146
vt 0.448756 0.058905
vt 0.401759 0.005983
vt 0.430075 0.043250
vt 0.402064 0.079031
vt 0.426713 0.043257
vt 0.399749 0.072234
vt 0.426640 0.048242
vt 0.399669 0.013064
vt 0.430002 0.048235
vt 0.492488 0.496240
vt 0.492488 0.004094
vt 0.491285 0.496239
vt 0.491285 0.004091
vt 0.490083 0.496239
vt 0.490083 0.004088
vt 0.488880 0.496238
vt 0.488880 0.004085
vt 0.487677 0.496237
vt 0.487677 0.004082
vt 0.486475 0.496236
vt 0.486475 0.004079
vt 0.485272 0.496235
vt 0.485272 0.004076
vt 0.484069 0.496234
vt 0.493690 0.496241
vt 0.484069 0.004073
vt 0.493690 0.004097
vt 0.450440 0.404636
vt 0.461447 0.405325
vt 0.450759 0.403530
vt 0.460808 0.405325
vt 0.451312 0.402891
vt 0.460170 0.405325
vt 0.451950 0.402891
vt 0.459531 0.405325
vt 0.452503 0.403530
vt 0.458893 0.405325
vt 0.452823 0.404636
vt 0.458254 0.405325
vt 0.452823 0.405913
vt 0.457616 0.405325
vt 0.452503 0.407019
vt 0.456977 0.405325
vt 0.451950 0.407658
vt 0.456338 0.405325
vt 0.451312 0.407658
vt 0.455700 0.405325
vt 0.450759 0.407019
vt 0.455061 0.405325
vt 0.462724 0.405325
vt 0.450440 0.405913
vt 0.462086 0.405325
vt 0.449674 0.403530
vt 0.461447 0.408409
vt 0.449121 0.402891
vt 0.460808 0.408409
vt 0.448482 0.402891
vt 0.460170 0.408409
vt 0.447929 0.403530
vt 0.459531 0.408409
vt 0.447610 0.404636
vt 0.458893 0.408409
vt 0.447610 0.405913
vt 0.458254 0.408409
vt 0.447929 0.407019
vt 0.457616 0.408409
vt 0.448482 0.407658
vt 0.456977 0.408409
vt 0.449121 0.407658
vt 0.456338 0.408409
vt 0.449674 0.407019
vt 0.455700 0.408409
vt 0.449993 0.405913
vt 0.455061 0.408409
vt 0.462724 0.408409
vt 0.449993 0.404636
vt 0.462086 0.408409
vt 0.472454 0.375650
vt 0.472544 0.361419
vt 0.472225 0.360313
vt 0.472454 0.376927
vt 0.472225 0.359035
vt 0.472454 0.378205
vt 0.472454 0.379482
vt 0.472544 0.357929
vt 0.472454 0.380759
vt 0.473097 0.357291
vt 0.472454 0.382036
vt 0.473736 0.357291
vt 0.472454 0.383313
vt 0.474289 0.357929
vt 0.472454 0.384590
vt 0.474608 0.359035
vt 0.472454 0.385867
vt 0.474608 0.360313
vt 0.472454 0.387145
vt 0.474289 0.361419
vt 0.472454 0.388422
vt 0.472454 0.373096
vt 0.473736 0.362057
vt 0.472454 0.374373
vt 0.473097 0.362057
vt 0.473996 0.375650
vt 0.474431 0.366389
vt 0.473996 0.376927
vt 0.474431 0.365112
vt 0.473996 0.378205
vt 0.474111 0.364006
vt 0.473558 0.363367
vt 0.473996 0.379482
vt 0.472920 0.363367
vt 0.473996 0.380759
vt 0.472367 0.364006
vt 0.473996 0.382036
vt 0.472048 0.365112
vt 0.473996 0.383313
vt 0.472048 0.366389
vt 0.473996 0.384590
vt 0.472367 0.367495
vt 0.473996 0.385867
vt 0.472920 0.368134
vt 0.473996 0.387145
vt 0.473558 0.368134
vt 0.473996 0.388422
vt 0.473996 0.373096
vt 0.473996 0.374373
vt 0.474111 0.367495
vt 0.497538 0.006105
vt 0.497516 0.495783
vt 0.498082 0.006100
vt 0.498086 0.495800
vt 0.498625 0.006095
vt 0.498657 0.495819
vt 0.499167 0.006090
vt 0.499226 0.495837
vt 0.495366 0.006125
vt 0.499710 0.006085
vt 0.495238 0.495711
vt 0.499795 0.495855
vt 0.495910 0.006120
vt 0.495808 0.495729
vt 0.496453 0.006115
vt 0.496377 0.495747
vt 0.496996 0.006110
vt 0.496947 0.495765
vt 0.497528 0.235452
vt 0.497530 0.189273
vt 0.497529 0.221092
vt 0.497529 0.204220
vt 0.498083 0.189276
vt 0.498084 0.235458
vt 0.498084 0.204225
vt 0.498084 0.221097
vt 0.498637 0.189280
vt 0.498640 0.235464
vt 0.498638 0.204229
vt 0.498639 0.221102
vt 0.499189 0.189284
vt 0.499195 0.235469
vt 0.499191 0.204233
vt 0.499193 0.221107
vt 0.495318 0.189259
vt 0.499742 0.189287
vt 0.495306 0.235429
vt 0.499750 0.235475
vt 0.495314 0.204203
vt 0.499745 0.204237
vt 0.495310 0.221072
vt 0.499748 0.221112
vt 0.495871 0.189262
vt 0.495862 0.235435
vt 0.495868 0.204208
vt 0.495865 0.221077
vt 0.496425 0.189266
vt 0.496417 0.235441
vt 0.496422 0.204212
vt 0.496420 0.221082
vt 0.496977 0.189269
vt 0.496973 0.235446
vt 0.496976 0.204216
vt 0.496974 0.221087
vt 0.497532 0.144917
vt 0.497534 0.107239
vt 0.497533 0.126758
vt 0.498083 0.107239
vt 0.498083 0.144919
vt 0.498083 0.126759
vt 0.498631 0.107238
vt 0.498634 0.144920
vt 0.498633 0.126759
vt 0.499180 0.107238
vt 0.499184 0.144922
vt 0.499182 0.126760
vt 0.495340 0.107240
vt 0.499728 0.107238
vt 0.495330 0.144911
vt 0.499735 0.144923
vt 0.495335 0.126755
vt 0.499731 0.126761
vt 0.495889 0.107240
vt 0.495881 0.144913
vt 0.495884 0.126756
vt 0.496437 0.107239
vt 0.496431 0.144914
vt 0.496434 0.126757
vt 0.496985 0.107239
vt 0.496982 0.144916
vt 0.496983 0.126757
vt 0.497525 0.297683
vt 0.497526 0.279207
vt 0.497526 0.288427
vt 0.498084 0.279215
vt 0.498084 0.297692
vt 0.498084 0.288435
vt 0.498642 0.279223
vt 0.498644 0.297701
vt 0.498643 0.288444
vt 0.499200 0.279231
vt 0.499202 0.297709
vt 0.499201 0.288452
vt 0.495295 0.279176
vt 0.499758 0.279239
vt 0.495290 0.297649
vt 0.499761 0.297718
vt 0.495292 0.288394
vt 0.499760 0.288460
vt 0.495853 0.279184
vt 0.495849 0.297657
vt 0.495851 0.288403
vt 0.496411 0.279192
vt 0.496408 0.297666
vt 0.496409 0.288411
vt 0.496968 0.279200
vt 0.496966 0.297675
vt 0.496967 0.288419
vt 0.497521 0.400245
vt 0.497523 0.346270
vt 0.497522 0.381578
vt 0.497522 0.361882
vt 0.498085 0.346281
vt 0.498085 0.400258
vt 0.498085 0.361893
vt 0.498085 0.381591
vt 0.498647 0.346292
vt 0.498650 0.400272
vt 0.498648 0.361905
vt 0.498649 0.381603
vt 0.499208 0.346303
vt 0.499215 0.400285
vt 0.499210 0.361917
vt 0.499212 0.381616
vt 0.495277 0.346226
vt 0.499770 0.346314
vt 0.495263 0.400191
vt 0.499779 0.400299
vt 0.495273 0.361835
vt 0.499772 0.361929
vt 0.495268 0.381528
vt 0.499776 0.381629
vt 0.495839 0.346237
vt 0.495828 0.400205
vt 0.495836 0.361847
vt 0.495832 0.381541
vt 0.496400 0.346248
vt 0.496392 0.400218
vt 0.496398 0.361858
vt 0.496395 0.381553
vt 0.496962 0.346259
vt 0.496956 0.400231
vt 0.496960 0.361870
vt 0.496958 0.381566
vt 0.497538 0.024519
vt 0.498082 0.024515
vt 0.496994 0.024523
vt 0.498626 0.024511
vt 0.499170 0.024507
vt 0.495362 0.024536
vt 0.499713 0.024503
vt 0.495906 0.024531
vt 0.496450 0.024527
vt 0.497536 0.050045
vt 0.496991 0.050048
vt 0.498082 0.050042
vt 0.498628 0.050039
vt 0.499173 0.050036
vt 0.495355 0.050057
vt 0.499718 0.050033
vt 0.495901 0.050054
vt 0.496446 0.050051
vt 0.496948 0.481763
vt 0.497517 0.481780
vt 0.498086 0.481797
vt 0.498656 0.481815
vt 0.499224 0.481832
vt 0.495241 0.481711
vt 0.499793 0.481850
vt 0.495811 0.481729
vt 0.496379 0.481746
vt 0.497518 0.467187
vt 0.498086 0.467203
vt 0.498655 0.467220
vt 0.499223 0.467237
vt 0.495245 0.467121
vt 0.499790 0.467254
vt 0.495814 0.467137
vt 0.496382 0.467154
vt 0.496950 0.467170
vt 0.421707 0.075136
vt 0.439319 0.028802
vt 0.421534 0.007235
vt 0.442655 0.028802
vt 0.417203 0.074631
vt 0.439296 0.023332
vt 0.417048 0.008171
vt 0.442632 0.023332
vt 0.414630 0.067335
vt 0.439224 0.017918
vt 0.414652 0.015707
vt 0.442561 0.017918
vt 0.412753 0.057181
vt 0.439325 0.011356
vt 0.413021 0.026028
vt 0.442661 0.011356
vt 0.415088 0.049578
vt 0.439346 0.049957
vt 0.439346 0.005945
vt 0.415536 0.033399
vt 0.442681 0.049957
vt 0.442681 0.005945
vt 0.418976 0.052714
vt 0.439334 0.044873
vt 0.419344 0.029894
vt 0.442669 0.044873
vt 0.421852 0.059104
vt 0.439327 0.039659
vt 0.422063 0.023235
vt 0.442663 0.039659
vt 0.423766 0.067520
vt 0.439280 0.034053
vt 0.423774 0.014645
vt 0.442616 0.034054
vt 0.422183 0.076841
vt 0.433320 0.034919
vt 0.416753 0.076038
vt 0.433299 0.041522
vt 0.416564 0.006810
vt 0.436635 0.041518
vt 0.421969 0.005486
vt 0.436655 0.034914
vt 0.414050 0.067982
vt 0.433230 0.050005
vt 0.414057 0.015115
vt 0.436567 0.050000
vt 0.412006 0.056434
vt 0.433335 0.057431
vt 0.412293 0.026846
vt 0.436670 0.057427
vt 0.414612 0.047873
vt 0.433339 0.010668
vt 0.415101 0.035148
vt 0.436675 0.010663
vt 0.419050 0.051050
vt 0.433329 0.016384
vt 0.419458 0.031548
vt 0.436665 0.016379
vt 0.422432 0.058457
vt 0.433325 0.022467
vt 0.422658 0.023826
vt 0.436660 0.022462
vt 0.424590 0.067791
vt 0.433279 0.028702
vt 0.424590 0.014296
vt 0.436615 0.028697
vt 0.413129 0.055852
vt 0.439326 0.010429
vt 0.413428 0.027320
vt 0.442662 0.010430
vt 0.412750 0.054705
vt 0.433339 0.005950
vt 0.442689 0.053290
vt 0.413078 0.028502
vt 0.436674 0.005945
vt 0.439353 0.053290
vt 0.411951 0.033602
vt 0.436675 0.061544
vt 0.411674 0.037816
vt 0.436180 0.063923
vt 0.411288 0.045478
vt 0.433845 0.063927
vt 0.411502 0.049719
vt 0.433339 0.061549
vt 0.412632 0.037741
vt 0.439788 0.058739
vt 0.412870 0.033554
vt 0.439318 0.056363
vt 0.412422 0.049679
vt 0.442653 0.056363
vt 0.412246 0.045401
vt 0.442122 0.058738
vt 0.415150 0.005866
vt 0.436376 0.043250
vt 0.415375 0.077149
vt 0.433548 0.043254
vt 0.413084 0.070322
vt 0.433489 0.048239
vt 0.413025 0.012905
vt 0.436317 0.048235
vt 0.451631 0.405274
vt 0.448801 0.405274
vt 0.473239 0.365750
vt 0.473417 0.359674
vt 0.395607 0.393055
vt 0.153046 0.235955
vt 0.149565 0.235028
vt 0.147772 0.234685
vt 0.146427 0.234572
vt 0.145148 0.234605
vt 0.142488 0.235196
vt 0.140952 0.235962
vt 0.139169 0.237353
vt 0.207434 0.244494
vt 0.153226 0.232980
vt 0.151563 0.232376
vt 0.149768 0.231698
vt 0.147888 0.231257
vt 0.146426 0.231203
vt 0.145016 0.231447
vt 0.143604 0.232031
vt 0.142153 0.233066
vt 0.140657 0.234766
vt 0.153486 0.230102
vt 0.151876 0.229254
vt 0.150084 0.228222
vt 0.148044 0.227461
vt 0.146354 0.227363
vt 0.144688 0.227834
vt 0.143052 0.228962
vt 0.141495 0.230881
vt 0.140147 0.233716
vt 0.153828 0.227388
vt 0.223140 0.258717
vt 0.152363 0.226289
vt 0.221389 0.259739
vt 0.150654 0.224561
vt 0.219126 0.261241
vt 0.148364 0.222981
vt 0.216221 0.261880
vt 0.146237 0.222578
vt 0.213830 0.261112
vt 0.144063 0.223331
vt 0.211693 0.259191
vt 0.142024 0.225386
vt 0.209937 0.256305
vt 0.140374 0.228724
vt 0.208648 0.252711
vt 0.139399 0.232973
vt 0.207848 0.248706
vt 0.222873 0.255632
vt 0.221011 0.256132
vt 0.218833 0.256619
vt 0.216424 0.256629
vt 0.214552 0.256018
vt 0.212830 0.254858
vt 0.211251 0.253148
vt 0.209821 0.250866
vt 0.208555 0.247978
vt 0.222719 0.252406
vt 0.220862 0.252554
vt 0.218802 0.252566
vt 0.216661 0.252336
vt 0.215040 0.251869
vt 0.213523 0.251144
vt 0.212052 0.250123
vt 0.210580 0.248740
vt 0.209059 0.246890
vt 0.222673 0.249183
vt 0.220854 0.249074
vt 0.218883 0.248823
vt 0.216878 0.248493
vt 0.215368 0.248146
vt 0.213937 0.247717
vt 0.212509 0.247178
vt 0.211010 0.246487
vt 0.209348 0.245600
vt 0.222724 0.246018
vt 0.220948 0.245685
vt 0.219032 0.245228
vt 0.217071 0.244819
vt 0.215578 0.244559
vt 0.214147 0.244363
vt 0.212698 0.244223
vt 0.211154 0.244153
vt 0.209424 0.244213
vt 0.222870 0.242937
vt 0.221142 0.242369
vt 0.219258 0.241665
vt 0.217265 0.241104
vt 0.215701 0.240878
vt 0.214180 0.240884
vt 0.212636 0.241146
vt 0.211016 0.241741
vt 0.209279 0.242816
vt 0.223114 0.239978
vt 0.221461 0.239134
vt 0.219617 0.238044
vt 0.217515 0.237132
vt 0.215768 0.236833
vt 0.214028 0.237030
vt 0.212283 0.237798
vt 0.210549 0.239249
vt 0.208900 0.241505
vt 0.153338 0.255238
vt 0.223449 0.237208
vt 0.151462 0.256243
vt 0.221960 0.236107
vt 0.149019 0.257587
vt 0.220235 0.234326
vt 0.145933 0.257718
vt 0.217943 0.232596
vt 0.143495 0.256298
vt 0.215818 0.231964
vt 0.141456 0.253627
vt 0.213622 0.232370
vt 0.139963 0.250013
vt 0.211495 0.233953
vt 0.139107 0.245845
vt 0.209636 0.236720
vt 0.138891 0.241553
vt 0.208263 0.240425
vt 0.153076 0.251984
vt 0.151131 0.252432
vt 0.148871 0.252731
vt 0.146422 0.252353
vt 0.144583 0.251313
vt 0.142969 0.249667
vt 0.141586 0.247441
vt 0.140468 0.244644
vt 0.139662 0.241280
vt 0.152926 0.248636
vt 0.151025 0.248758
vt 0.148951 0.248639
vt 0.146851 0.248142
vt 0.145312 0.247381
vt 0.143921 0.246307
vt 0.142632 0.244879
vt 0.141420 0.243015
vt 0.140277 0.240567
vt 0.152865 0.245337
vt 0.151033 0.245269
vt 0.149096 0.244982
vt 0.147192 0.244509
vt 0.145808 0.243965
vt 0.144535 0.243268
vt 0.143303 0.242370
vt 0.142053 0.241189
vt 0.140713 0.239581
vt 0.152870 0.242127
vt 0.151101 0.241933
vt 0.149251 0.241575
vt 0.147449 0.241167
vt 0.146137 0.240800
vt 0.144916 0.240385
vt 0.143705 0.239887
vt 0.142426 0.239260
vt 0.140972 0.238436
vt 0.152930 0.239003
vt 0.151207 0.238702
vt 0.149403 0.238291
vt 0.147636 0.237939
vt 0.146337 0.237716
vt 0.145114 0.237536
vt 0.143886 0.237383
vt 0.142570 0.237260
vt 0.141053 0.237208
vt 0.151354 0.235527
vt 0.143859 0.234794
vt 0.155683 0.236362
vt 0.155799 0.233610
vt 0.155978 0.230930
vt 0.156213 0.228306
vt 0.225867 0.257999
vt 0.225668 0.254971
vt 0.225511 0.252005
vt 0.225426 0.249088
vt 0.225421 0.246232
vt 0.225497 0.243446
vt 0.225650 0.240728
vt 0.156213 0.254462
vt 0.225867 0.238066
vt 0.155997 0.251269
vt 0.155819 0.248149
vt 0.155698 0.245088
vt 0.155635 0.242100
vt 0.155630 0.239191
f 562/562 561/561 10/10
f 562/562 10/10 11/11
f 556/556 555/555 3/3
f 556/556 3/3 4/4
f 563/563 562/562 11/11
f 563/563 11/11 12/12
f 557/557 556/556 4/4
f 557/557 4/4 5/5
f 564/564 563/563 12/12
f 564/564 12/12 13/13
f 558/558 557/557 5/5
f 558/558 5/5 6/6
f 1407/1407 564/564 13/13
f 1407/1407 13/13 1361/1361
f 559/559 558/558 6/6
f 559/559 6/6 7/7
f 1/1 559/559 7/7
f 1/1 7/7 8/8
f 560/560 1/1 8/8
f 560/560 8/8 9/9
f 561/561 560/560 9/9
f 561/561 9/9 10/10
f 555/555 554/554 2/2
f 555/555 2/2 3/3
f 9/9 8/8 20/20
f 9/9 20/20 21/21
f 10/10 9/9 21/21
f 10/10 21/21 22/22
f 3/3 2/2 14/14
f 3/3 14/14 15/15
f 11/11 10/10 22/22
f 11/11 22/22 23/23
f 4/4 3/3 15/15
f 4/4 15/15 16/16
f 12/12 11/11 23/23
f 12/12 23/23 24/24
f 5/5 4/4 16/16
f 5/5 16/16 17/17
f 13/13 12/12 24/24
f 13/13 24/24 25/25
f 6/6 5/5 17/17
f 6/6 17/17 18/18
f 1361/1361 13/13 25/25
f 1361/1361 25/25 1362/1362
f 7/7 6/6 18/18
f 7/7 18/18 19/19
f 8/8 7/7 19/19
f 8/8 19/19 20/20
f 24/24 23/23 35/35
f 24/24 35/35 36/36
f 17/17 16/16 28/28
f 17/17 28/28 29/29
f 25/25 24/24 36/36
f 25/25 36/36 37/37
f 18/18 17/17 29/29
f 18/18 29/29 30/30
f 1362/1362 25/25 37/37
f 1362/1362 37/37 1363/1363
f 19/19 18/18 30/30
f 19/19 30/30 31/31
f 20/20 19/19 31/31
f 20/20 31/31 32/32
f 21/21 20/20 32/32
f 21/21 32/32 33/33
f 22/22 21/21 33/33
f 22/22 33/33 34/34
f 15/15 14/14 26/26
f 15/15 26/26 27/27
f 23/23 22/22 34/34
f 23/23 34/34 35/35
f 16/16 15/15 27/27
f 16/16 27/27 28/28
f 31/31 30/30 42/42
f 31/31 42/42 43/43
f 32/32 31/31 43/43
f 32/32 43/43 44/44
f 33/33 32/32 44/44
f 33/33 44/44 45/45
f 34/34 33/33 45/45
f 34/34 45/45 46/46
f 27/27 26/26 38/38
f 27/27 38/38 39/39
f 35/35 34/34 46/46
f 35/35 46/46 47/47
f 28/28 27/27 39/39
f 28/28 39/39 40/40
f 36/36 35/35 47/47
f 36/36 47/47 48/48
f 29/29 28/28 40/40
f 29/29 40/40 41/41
f 37/37 36/36 48/48
f 37/37 48/48 49/49
f 30/30 29/29 41/41
f 30/30 41/41 42/42
f 1363/1363 37/37 49/49
f 1363/1363 49/49 1364/1364
f 46/46 45/45 57/57
f 46/46 57/57 58/58
f 39/39 38/38 50/50
f 39/39 50/50 51/51
f 47/47 46/46 58/58
f 47/47 58/58 59/59
f 40/40 39/39 51/51
f 40/40 51/51 52/52
f 48/48 47/47 59/59
f 48/48 59/59 60/60
f 41/41 40/40 52/52
f 41/41 52/52 53/53
f 49/49 48/48 60/60
f 49/49 60/60 61/61
f 42/42 41/41 53/53
f 42/42 53/53 54/54
f 1364/1364 49/49 61/61
f 1364/1364 61/61 1365/1365
f 43/43 42/42 54/54
f 43/43 54/54 55/55
f 44/44 43/43 55/55
f 44/44 55/55 56/56
f 45/45 44/44 56/56
f 45/45 56/56 57/57
f 61/61 60/60 72/72
f 61/61 72/72 73/73
f 54/54 53/53 65/65
f 54/54 65/65 66/66
f 1365/1365 61/61 73/73
f 1365/1365 73/73 1366/1366
f 55/55 54/54 66/66
f 55/55 66/66 67/67
f 56/56 55/55 67/67
f 56/56 67/67 68/68
f 57/57 56/56 68/68
f 57/57 68/68 69/69
f 58/58 57/57 69/69
f 58/58 69/69 70/70
f 51/51 50/50 62/62
f 51/51 62/62 63/63
f 59/59 58/58 70/70
f 59/59 70/70 71/71
f 52/52 51/51 63/63
f 52/52 63/63 64/64
f 60/60 59/59 71/71
f 60/60 71/71 72/72
f 53/53 52/52 64/64
f 53/53 64/64 65/65
f 68/68 67/67 79/79
f 68/68 79/79 80/80
f 69/69 68/68 80/80
f 69/69 80/80 81/81
f 70/70 69/69 81/81
f 70/70 81/81 82/82
f 63/63 62/62 74/74
f 63/63 74/74 75/75
f 71/71 70/70 82/82
f 71/71 82/82 83/83
f 64/64 63/63 75/75
f 64/64 75/75 76/76
f 72/72 71/71 83/83
f 72/72 83/83 84/84
f 65/65 64/64 76/76
f 65/65 76/76 77/77
f 73/73 72/72 84/84
f 73/73 84/84 85/85
f 66/66 65/65 77/77
f 66/66 77/77 78/78
f 1366/1366 73/73 85/85
f 1366/1366 85/85 1367/1367
f 67/67 66/66 78/78
f 67/67 78/78 79/79
f 83/83 82/82 94/94
f 83/83 94/94 95/95
f 76/76 75/75 87/87
f 76/76 87/87 88/88
f 84/84 83/83 95/95
f 84/84 95/95 96/96
f 77/77 76/76 88/88
f 77/77 88/88 89/89
f 85/85 84/84 96/96
f 85/85 96/96 97/97
f 78/78 77/77 89/89
f 78/78 89/89 90/90
f 1367/1367 85/85 97/97
f 1367/1367 97/97 1368/1368
f 79/79 78/78 90/90
f 79/79 90/90 91/91
f 80/80 79/79 91/91
f 80/80 91/91 92/92
f 81/81 80/80 92/92
f 81/81 92/92 93/93
f 82/82 81/81 93/93
f 82/82 93/93 94/94
f 75/75 74/74 86/86
f 75/75 86/86 87/87
f 1368/1368 97/97 109/109
f 1368/1368 109/109 1369/1369
f 91/91 90/90 102/102
f 91/91 102/102 103/103
f 92/92 91/91 103/103
f 92/92 103/103 104/104
f 93/93 92/92 104/104
f 93/93 104/104 105/105
f 94/94 93/93 105/105
f 94/94 105/105 106/106
f 87/87 86/86 98/98
f 87/87 98/98 99/99
f 95/95 94/94 106/106
f 95/95 106/106 107/107
f 88/88 87/87 99/99
f 88/88 99/99 100/100
f 96/96 95/95 107/107
f 96/96 107/107 108/108
f 89/89 88/88 100/100
f 89/89 100/100 101/101
f 97/97 96/96 108/108
f 97/97 108/108 109/109
f 90/90 89/89 101/101
f 90/90 101/101 102/102
f 105/105 104/104 116/116
f 105/105 116/116 117/117
f 106/106 105/105 117/117
f 106/106 117/117 118/118
f 99/99 98/98 110/110
f 99/99 110/110 111/111
f 107/107 106/106 118/118
f 107/107 118/118 119/119
f 100/100 99/99 111/111
f 100/100 111/111 112/112
f 108/108 107/107 119/119
f 108/108 119/119 120/120
f 101/101 100/100 112/112
f 101/101 112/112 113/113
f 109/109 108/108 120/120
f 109/109 120/120 121/121
f 102/102 101/101 113/113
f 102/102 113/113 114/114
f 1369/1369 109/109 121/121
f 1369/1369 121/121 1370/1370
f 103/103 102/102 114/114
f 103/103 114/114 115/115
f 104/104 103/103 115/115
f 104/104 115/115 116/116
f 120/120 119/119 131/131
f 120/120 131/131 132/132
f 113/113 112/112 124/124
f 113/113 124/124 125/125
f 121/121 120/120 132/132
f 121/121 132/132 133/133
f 114/114 113/113 125/125
f 114/114 125/125 126/126
f 1370/1370 121/121 133/133
f 1370/1370 133/133 1371/1371
f 115/115 114/114 126/126
f 115/115 126/126 127/127
f 116/116 115/115 127/127
f 116/116 127/127 128/128
f 117/117 116/116 128/128
f 117/117 128/128 129/129
f 118/118 117/117 129/129
f 118/118 129/129 130/130
f 111/111 110/110 122/122
f 111/111 122/122 123/123
f 119/119 118/118 130/130
f 119/119 130/130 131/131
f 112/112 111/111 123/123
f 112/112 123/123 124/124
f 128/128 127/127 139/139
f 128/128 139/139 140/140
f 129/129 128/128 140/140
f 129/129 140/140 141/141
f 130/130 129/129 141/141
f 130/130 141/141 142/142
f 123/123 122/122 134/134
f 123/123 134/134 135/135
f 131/131 130/130 142/142
f 131/131 142/142 143/143
f 124/124 123/123 135/135
f 124/124 135/135 136/136
f 132/132 131/131 143/143
f 132/132 143/143 144/144
f 125/125 124/124 136/136
f 125/125 136/136 137/137
f 133/133 132/132 144/144
f 133/133 144/144 145/145
f 126/126 125/125 137/137
f 126/126 137/137 138/138
f 1371/1371 133/133 145/145
f 1371/1371 145/145 1372/1372
f 127/127 126/126 138/138
f 127/127 138/138 139/139
f 142/142 141/141 153/153
f 142/142 153/153 154/154
f 135/135 134/134 146/146
f 135/135 146/146 147/147
f 143/143 142/142 154/154
f 143/143 154/154 155/155
f 136/136 135/135 147/147
f 136/136 147/147 148/148
f 144/144 143/143 155/155
f 144/144 155/155 156/156
f 137/137 136/136 148/148
f 137/137 148/148 149/149
f 145/145 144/144 156/156
f 145/145 156/156 157/157
f 138/138 137/137 149/149
f 138/138 149/149 150/150
f 1372/1372 145/145 157/157
f 1372/1372 157/157 1373/1373
f 139/139 138/138 150/150
f 139/139 150/150 151/151
f 140/140 139/139 151/151
f 140/140 151/151 152/152
f 141/141 140/140 152/152
f 141/141 152/152 153/153
f 157/157 156/156 168/168
f 157/157 168/168 169/169
f 150/150 149/149 161/161
f 150/150 161/161 162/162
f 1373/1373 157/157 169/169
f 1373/1373 169/169 1374/1374
f 151/151 150/150 162/162
f 151/151 162/162 163/163
f 152/152 151/151 163/163
f 152/152 163/163 164/164
f 153/153 152/152 164/164
f 153/153 164/164 165/165
f 154/154 153/153 165/165
f 154/154 165/165 166/166
f 147/147 146/146 158/158
f 147/147 158/158 159/159
f 155/155 154/154 166/166
f 155/155 166/166 167/167
f 148/148 147/147 159/159
f 148/148 159/159 160/160
f 156/156 155/155 167/167
f 156/156 167/167 168/168
f 149/149 148/148 160/160
f 149/149 160/160 161/161
f 165/165 164/164 176/176
f 165/165 176/176 177/177
f 166/166 165/165 177/177
f 166/166 177/177 178/178
f 159/159 158/158 170/170
f 159/159 170/170 171/171
f 167/167 166/166 178/178
f 167/167 178/178 179/179
f 160/160 159/159 171/171
f 160/160 171/171 172/172
f 168/168 167/167 179/179
f 168/168 179/179 180/180
f 161/161 160/160 172/172
f 161/161 172/172 173/173
f 169/169 168/168 180/180
f 169/169 180/180 181/181
f 162/162 161/161 173/173
f 162/162 173/173 174/174
f 1374/1374 169/169 181/181
f 1374/1374 181/181 1375/1375
f 163/163 162/162 174/174
f 163/163 174/174 175/175
f 164/164 163/163 175/175
f 164/164 175/175 176/176
f 179/179 178/178 190/190
f 179/179 190/190 191/191
f 172/172 171/171 183/183
f 172/172 183/183 184/184
f 180/180 179/179 191/191
f 180/180 191/191 192/192
f 173/173 172/172 184/184
f 173/173 184/184 185/185
f 181/181 180/180 192/192
f 181/181 192/192 193/193
f 174/174 173/173 185/185
f 174/174 185/185 186/186
f 1375/1375 181/181 193/193
f 1375/1375 193/193 1376/1376
f 175/175 174/174 186/186
f 175/175 186/186 187/187
f 176/176 175/175 187/187
f 176/176 187/187 188/188
f 177/177 176/176 188/188
f 177/177 188/188 189/189
f 178/178 177/177 189/189
f 178/178 189/189 190/190
f 171/171 170/170 182/182
f 171/171 182/182 183/183
f 1376/1376 193/193 205/205
f 1376/1376 205/205 1377/1377
f 187/187 186/186 198/198
f 187/187 198/198 199/199
f 188/188 187/187 199/199
f 188/188 199/199 200/200
f 189/189 188/188 200/200
f 189/189 200/200 201/201
f 190/190 189/189 201/201
f 190/190 201/201 202/202
f 183/183 182/182 194/194
f 183/183 194/194 195/195
f 191/191 190/190 202/202
f 191/191 202/202 203/203
f 184/184 183/183 195/195
f 184/184 195/195 196/196
f 192/192 191/191 203/203
f 192/192 203/203 204/204
f 185/185 184/184 196/196
f 185/185 196/196 197/197
f 193/193 192/192 204/204
f 193/193 204/204 205/205
f 186/186 185/185 197/197
f 186/186 197/197 198/198
f 202/202 201/201 213/213
f 202/202 213/213 214/214
f 195/195 194/194 206/206
f 195/195 206/206 207/207
f 203/203 202/202 214/214
f 203/203 214/214 215/215
f 196/196 195/195 207/207
f 196/196 207/207 208/208
f 204/204 203/203 215/215
f 204/204 215/215 216/216
f 197/197 196/196 208/208
f 197/197 208/208 209/209
f 205/205 204/204 216/216
f 205/205 216/216 217/217
f 198/198 197/197 209/209
f 198/198 209/209 210/210
f 1377/1377 205/205 217/217
f 1377/1377 217/217 1378/1378
f 199/199 198/198 210/210
f 199/199 210/210 211/211
f 200/200 199/199 211/211
f 200/200 211/211 212/212
f 201/201 200/200 212/212
f 201/201 212/212 213/213
f 216/216 215/215 227/227
f 216/216 227/227 228/228
f 209/209 208/208 220/220
f 209/209 220/220 221/221
f 217/217 216/216 228/228
f 217/217 228/228 229/229
f 210/210 209/209 221/221
f 210/210 221/221 222/222
f 1378/1378 217/217 229/229
f 1378/1378 229/229 1379/1379
f 211/211 210/210 222/222
f 211/211 222/222 223/223
f 212/212 211/211 223/223
f 212/212 223/223 224/224
f 213/213 212/212 224/224
f 213/213 224/224 225/225
f 214/214 213/213 225/225
f 214/214 225/225 226/226
f 207/207 206/206 218/218
f 207/207 218/218 219/219
f 215/215 214/214 226/226
f 215/215 226/226 227/227
f 208/208 207/207 219/219
f 208/208 219/219 220/220
f 224/224 223/223 235/235
f 224/224 235/235 236/236
f 225/225 224/224 236/236
f 225/225 236/236 237/237
f 226/226 225/225 237/237
f 226/226 237/237 238/238
f 219/219 218/218 230/230
f 219/219 230/230 231/231
f 227/227 226/226 238/238
f 227/227 238/238 239/239
f 220/220 219/219 231/231
f 220/220 231/231 232/232
f 228/228 227/227 239/239
f 228/228 239/239 240/240
f 221/221 220/220 232/232
f 221/221 232/232 233/233
f 229/229 228/228 240/240
f 229/229 240/240 241/241
f 222/222 221/221 233/233
f 222/222 233/233 234/234
f 1379/1379 229/229 241/241
f 1379/1379 241/241 1380/1380
f 223/223 222/222 234/234
f 223/223 234/234 235/235
f 231/231 230/230 242/242
f 231/231 242/242 243/243
f 239/239 238/238 250/250
f 239/239 250/250 251/251
f 232/232 231/231 243/243
f 232/232 243/243 244/244
f 240/240 239/239 251/251
f 240/240 251/251 252/252
f 233/233 232/232 244/244
f 233/233 244/244 245/245
f 241/241 240/240 252/252
f 241/241 252/252 253/253
f 234/234 233/233 245/245
f 234/234 245/245 246/246
f 1380/1380 241/241 253/253
f 1380/1380 253/253 1381/1381
f 235/235 234/234 246/246
f 235/235 246/246 247/247
f 236/236 235/235 247/247
f 236/236 247/247 248/248
f 237/237 236/236 248/248
f 237/237 248/248 249/249
f 238/238 237/237 249/249
f 238/238 249/249 250/250
f 253/253 252/252 264/264
f 253/253 264/264 265/265
f 246/246 245/245 257/257
f 246/246 257/257 258/258
f 1381/1381 253/253 265/265
f 1381/1381 265/265 1382/1382
f 247/247 246/246 258/258
f 247/247 258/258 259/259
f 248/248 247/247 259/259
f 248/248 259/259 260/260
f 249/249 248/248 260/260
f 249/249 260/260 261/261
f 250/250 249/249 261/261
f 250/250 261/261 262/262
f 243/243 242/242 254/254
f 243/243 254/254 255/255
f 251/251 250/250 262/262
f 251/251 262/262 263/263
f 244/244 243/243 255/255
f 244/244 255/255 256/256
f 252/252 251/251 263/263
f 252/252 263/263 264/264
f 245/245 244/244 256/256
f 245/245 256/256 257/257
f 261/261 260/260 272/272
f 261/261 272/272 273/273
f 262/262 261/261 273/273
f 262/262 273/273 274/274
f 255/255 254/254 266/266
f 255/255 266/266 267/267
f 263/263 262/262 274/274
f 263/263 274/274 275/275
f 256/256 255/255 267/267
f 256/256 267/267 268/268
f 264/264 263/263 275/275
f 264/264 275/275 276/276
f 257/257 256/256 268/268
f 257/257 268/268 269/269
f 265/265 264/264 276/276
f 265/265 276/276 277/277
f 258/258 257/257 269/269
f 258/258 269/269 270/270
f 1382/1382 265/265 277/277
f 1382/1382 277/277 1383/1383
f 259/259 258/258 270/270
f 259/259 270/270 271/271
f 260/260 259/259 271/271
f 260/260 271/271 272/272
f 268/268 267/267 279/279
f 268/268 279/279 280/280
f 276/276 275/275 287/287
f 276/276 287/287 288/288
f 269/269 268/268 280/280
f 269/269 280/280 281/281
f 277/277 276/276 288/288
f 277/277 288/288 289/289
f 270/270 269/269 281/281
f 270/270 281/281 282/282
f 1383/1383 277/277 289/289
f 1383/1383 289/289 1384/1384
f 271/271 270/270 282/282
f 271/271 282/282 283/283
f 272/272 271/271 283/283
f 272/272 283/283 284/284
f 273/273 272/272 284/284
f 273/273 284/284 285/285
f 274/274 273/273 285/285
f 274/274 285/285 286/286
f 267/267 266/266 278/278
f 267/267 278/278 279/279
f 275/275 274/274 286/286
f 275/275 286/286 287/287
f 1384/1384 289/289 301/301
f 1384/1384 301/301 1385/1385
f 283/283 282/282 294/294
f 283/283 294/294 295/295
f 284/284 283/283 295/295
f 284/284 295/295 296/296
f 285/285 284/284 296/296
f 285/285 296/296 297/297
f 286/286 285/285 297/297
f 286/286 297/297 298/298
f 279/279 278/278 290/290
f 279/279 290/290 291/291
f 287/287 286/286 298/298
f 287/287 298/298 299/299
f 280/280 279/279 291/291
f 280/280 291/291 292/292
f 288/288 287/287 299/299
f 288/288 299/299 300/300
f 281/281 280/280 292/292
f 281/281 292/292 293/293
f 289/289 288/288 300/300
f 289/289 300/300 301/301
f 282/282 281/281 293/293
f 282/282 293/293 294/294
f 298/298 297/297 309/309
f 298/298 309/309 310/310
f 291/291 290/290 302/302
f 291/291 302/302 303/303
f 299/299 298/298 310/310
f 299/299 310/310 311/311
f 292/292 291/291 303/303
f 292/292 303/303 304/304
f 300/300 299/299 311/311
f 300/300 311/311 312/312
f 293/293 292/292 304/304
f 293/293 304/304 305/305
f 301/301 300/300 312/312
f 301/301 312/312 313/313
f 294/294 293/293 305/305
f 294/294 305/305 306/306
f 1385/1385 301/301 313/313
f 1385/1385 313/313 1386/1386
f 295/295 294/294 306/306
f 295/295 306/306 307/307
f 296/296 295/295 307/307
f 296/296 307/307 308/308
f 297/297 296/296 308/308
f 297/297 308/308 309/309
f 305/305 304/304 316/316
f 305/305 316/316 317/317
f 313/313 312/312 324/324
f 313/313 324/324 325/325
f 306/306 305/305 317/317
f 306/306 317/317 318/318
f 1386/1386 313/313 325/325
f 1386/1386 325/325 1387/1387
f 307/307 306/306 318/318
f 307/307 318/318 319/319
f 308/308 307/307 319/319
f 308/308 319/319 320/320
f 309/309 308/308 320/320
f 309/309 320/320 321/321
f 310/310 309/309 321/321
f 310/310 321/321 322/322
f 303/303 302/302 314/314
f 303/303 314/314 315/315
f 311/311 310/310 322/322
f 311/311 322/322 323/323
f 304/304 303/303 315/315
f 304/304 315/315 316/316
f 312/312 311/311 323/323
f 312/312 323/323 324/324
f 320/320 319/319 331/331
f 320/320 331/331 332/332
f 321/321 320/320 332/332
f 321/321 332/332 333/333
f 322/322 321/321 333/333
f 322/322 333/333 334/334
f 315/315 314/314 326/326
f 315/315 326/326 327/327
f 323/323 322/322 334/334
f 323/323 334/334 335/335
f 316/316 315/315 327/327
f 316/316 327/327 328/328
f 324/324 323/323 335/335
f 324/324 335/335 336/336
f 317/317 316/316 328/328
f 317/317 328/328 329/329
f 325/325 324/324 336/336
f 325/325 336/336 337/337
f 318/318 317/317 329/329
f 318/318 329/329 330/330
f 1387/1387 325/325 337/337
f 1387/1387 337/337 1388/1388
f 319/319 318/318 330/330
f 319/319 330/330 331/331
f 327/327 326/326 338/338
f 327/327 338/338 339/339
f 335/335 334/334 346/346
f 335/335 346/346 347/347
f 328/328 327/327 339/339
f 328/328 339/339 340/340
f 336/336 335/335 347/347
f 336/336 347/347 348/348
f 329/329 328/328 340/340
f 329/329 340/340 341/341
f 337/337 336/336 348/348
f 337/337 348/348 349/349
f 330/330 329/329 341/341
f 330/330 341/341 342/342
f 1388/1388 337/337 349/349
f 1388/1388 349/349 1389/1389
f 331/331 330/330 342/342
f 331/331 342/342 343/343
f 332/332 331/331 343/343
f 332/332 343/343 344/344
f 333/333 332/332 344/344
f 333/333 344/344 345/345
f 334/334 333/333 345/345
f 334/334 345/345 346/346
f 342/342 341/341 353/353
f 342/342 353/353 354/354
f 1389/1389 349/349 361/361
f 1389/1389 361/361 1390/1390
f 343/343 342/342 354/354
f 343/343 354/354 355/355
f 344/344 343/343 355/355
f 344/344 355/355 356/356
f 345/345 344/344 356/356
f 345/345 356/356 357/357
f 346/346 345/345 357/357
f 346/346 357/357 358/358
f 339/339 338/338 350/350
f 339/339 350/350 351/351
f 347/347 346/346 358/358
f 347/347 358/358 359/359
f 340/340 339/339 351/351
f 340/340 351/351 352/352
f 348/348 347/347 359/359
f 348/348 359/359 360/360
f 341/341 340/340 352/352
f 341/341 352/352 353/353
f 349/349 348/348 360/360
f 349/349 360/360 361/361
f 357/357 356/356 374/374
f 357/357 374/374 377/377
f 358/358 357/357 377/377
f 358/358 377/377 379/379
f 351/351 350/350 362/362
f 351/351 362/362 364/364
f 359/359 358/358 379/379
f 359/359 379/379 381/381
f 352/352 351/351 364/364
f 352/352 364/364 366/366
f 360/360 359/359 381/381
f 360/360 381/381 383/383
f 353/353 352/352 366/366
f 353/353 366/366 368/368
f 361/361 360/360 383/383
f 361/361 383/383 385/385
f 354/354 353/353 368/368
f 354/354 368/368 370/370
f 1390/1390 361/361 385/385
f 1390/1390 385/385 1392/1392
f 355/355 354/354 370/370
f 355/355 370/370 372/372
f 356/356 355/355 372/372
f 356/356 372/372 374/374
f 367/367 365/365 387/387
f 367/367 387/387 388/388
f 382/382 380/380 395/395
f 382/382 395/395 396/396
f 369/369 367/367 388/388
f 369/369 388/388 389/389
f 384/384 382/382 396/396
f 384/384 396/396 397/397
f 371/371 369/369 389/389
f 371/371 389/389 390/390
f 1391/1391 384/384 397/397
f 1391/1391 397/397 1393/1393
f 373/373 371/371 390/390
f 373/373 390/390 391/391
f 375/375 373/373 391/391
f 375/375 391/391 392/392
f 376/376 375/375 392/392
f 376/376 392/392 393/393
f 378/378 376/376 393/393
f 378/378 393/393 394/394
f 365/365 363/363 386/386
f 365/365 386/386 387/387
f 380/380 378/378 394/394
f 380/380 394/394 395/395
f 391/391 390/390 402/402
f 391/391 402/402 403/403
f 392/392 391/391 403/403
f 392/392 403/403 404/404
f 393/393 392/392 404/404
f 393/393 404/404 405/405
f 394/394 393/393 405/405
f 394/394 405/405 406/406
f 387/387 386/386 398/398
f 387/387 398/398 399/399
f 395/395 394/394 406/406
f 395/395 406/406 407/407
f 388/388 387/387 399/399
f 388/388 399/399 400/400
f 396/396 395/395 407/407
f 396/396 407/407 408/408
f 389/389 388/388 400/400
f 389/389 400/400 401/401
f 397/397 396/396 408/408
f 397/397 408/408 409/409
f 390/390 389/389 401/401
f 390/390 401/401 402/402
f 1393/1393 397/397 409/409
f 1393/1393 409/409 1394/1394
f 406/406 405/405 417/417
f 406/406 417/417 418/418
f 399/399 398/398 410/410
f 399/399 410/410 411/411
f 407/407 406/406 418/418
f 407/407 418/418 419/419
f 400/400 399/399 411/411
f 400/400 411/411 412/412
f 408/408 407/407 419/419
f 408/408 419/419 420/420
f 401/401 400/400 412/412
f 401/401 412/412 413/413
f 409/409 408/408 420/420
f 409/409 420/420 421/421
f 402/402 401/401 413/413
f 402/402 413/413 414/414
f 1394/1394 409/409 421/421
f 1394/1394 421/421 1395/1395
f 403/403 402/402 414/414
f 403/403 414/414 415/415
f 404/404 403/403 415/415
f 404/404 415/415 416/416
f 405/405 404/404 416/416
f 405/405 416/416 417/417
f 420/420 419/419 431/431
f 420/420 431/431 432/432
f 413/413 412/412 424/424
f 413/413 424/424 425/425
f 421/421 420/420 432/432
f 421/421 432/432 433/433
f 414/414 413/413 425/425
f 414/414 425/425 426/426
f 1395/1395 421/421 433/433
f 1395/1395 433/433 1396/1396
f 415/415 414/414 426/426
f 415/415 426/426 427/427
f 416/416 415/415 427/427
f 416/416 427/427 428/428
f 417/417 416/416 428/428
f 417/417 428/428 429/429
f 418/418 417/417 429/429
f 418/418 429/429 430/430
f 411/411 410/410 422/422
f 411/411 422/422 423/423
f 419/419 418/418 430/430
f 419/419 430/430 431/431
f 412/412 411/411 423/423
f 412/412 423/423 424/424
f 427/427 426/426 438/438
f 427/427 438/438 439/439
f 428/428 427/427 439/439
f 428/428 439/439 440/440
f 429/429 428/428 440/440
f 429/429 440/440 441/441
f 430/430 429/429 441/441
f 430/430 441/441 442/442
f 423/423 422/422 434/434
f 423/423 434/434 435/435
f 431/431 430/430 442/442
f 431/431 442/442 443/443
f 424/424 423/423 435/435
f 424/424 435/435 436/436
f 432/432 431/431 443/443
f 432/432 443/443 444/444
f 425/425 424/424 436/436
f 425/425 436/436 437/437
f 433/433 432/432 444/444
f 433/433 444/444 445/445
f 426/426 425/425 437/437
f 426/426 437/437 438/438
f 1396/1396 433/433 445/445
f 1396/1396 445/445 1397/1397
f 442/442 441/441 453/453
f 442/442 453/453 454/454
f 435/435 434/434 446/446
f 435/435 446/446 447/447
f 443/443 442/442 454/454
f 443/443 454/454 455/455
f 436/436 435/435 447/447
f 436/436 447/447 448/448
f 444/444 443/443 455/455
f 444/444 455/455 456/456
f 437/437 436/436 448/448
f 437/437 448/448 449/449
f 445/445 444/444 456/456
f 445/445 456/456 457/457
f 438/438 437/437 449/449
f 438/438 449/449 450/450
f 1397/1397 445/445 457/457
f 1397/1397 457/457 1398/1398
f 439/439 438/438 450/450
f 439/439 450/450 451/451
f 440/440 439/439 451/451
f 440/440 451/451 452/452
f 441/441 440/440 452/452
f 441/441 452/452 453/453
f 457/457 456/456 468/468
f 457/457 468/468 469/469
f 450/450 449/449 461/461
f 450/450 461/461 462/462
f 1398/1398 457/457 469/469
f 1398/1398 469/469 1399/1399
f 451/451 450/450 462/462
f 451/451 462/462 463/463
f 452/452 451/451 463/463
f 452/452 463/463 464/464
f 453/453 452/452 464/464
f 453/453 464/464 465/465
f 454/454 453/453 465/465
f 454/454 465/465 466/466
f 447/447 446/446 458/458
f 447/447 458/458 459/459
f 455/455 454/454 466/466
f 455/455 466/466 467/467
f 448/448 447/447 459/459
f 448/448 459/459 460/460
f 456/456 455/455 467/467
f 456/456 467/467 468/468
f 449/449 448/448 460/460
f 449/449 460/460 461/461
f 464/464 463/463 475/475
f 464/464 475/475 476/476
f 465/465 464/464 476/476
f 465/465 476/476 477/477
f 466/466 465/465 477/477
f 466/466 477/477 478/478
f 459/459 458/458 470/470
f 459/459 470/470 471/471
f 467/467 466/466 478/478
f 467/467 478/478 479/479
f 460/460 459/459 471/471
f 460/460 471/471 472/472
f 468/468 467/467 479/479
f 468/468 479/479 480/480
f 461/461 460/460 472/472
f 461/461 472/472 473/473
f 469/469 468/468 480/480
f 469/469 480/480 481/481
f 462/462 461/461 473/473
f 462/462 473/473 474/474
f 1399/1399 469/469 481/481
f 1399/1399 481/481 1400/1400
f 463/463 462/462 474/474
f 463/463 474/474 475/475
f 479/479 478/478 490/490
f 479/479 490/490 491/491
f 472/472 471/471 483/483
f 472/472 483/483 484/484
f 480/480 479/479 491/491
f 480/480 491/491 492/492
f 473/473 472/472 484/484
f 473/473 484/484 485/485
f 481/481 480/480 492/492
f 481/481 492/492 493/493
f 474/474 473/473 485/485
f 474/474 485/485 486/486
f 1400/1400 481/481 493/493
f 1400/1400 493/493 1401/1401
f 475/475 474/474 486/486
f 475/475 486/486 487/487
f 476/476 475/475 487/487
f 476/476 487/487 488/488
f 477/477 476/476 488/488
f 477/477 488/488 489/489
f 478/478 477/477 489/489
f 478/478 489/489 490/490
f 471/471 470/470 482/482
f 471/471 482/482 483/483
f 1401/1401 493/493 505/505
f 1401/1401 505/505 1402/1402
f 487/487 486/486 498/498
f 487/487 498/498 499/499
f 488/488 487/487 499/499
f 488/488 499/499 500/500
f 489/489 488/488 500/500
f 489/489 500/500 501/501
f 490/490 489/489 501/501
f 490/490 501/501 502/502
f 483/483 482/482 494/494
f 483/483 494/494 495/495
f 491/491 490/490 502/502
f 491/491 502/502 503/503
f 484/484 483/483 495/495
f 484/484 495/495 496/496
f 492/492 491/491 503/503
f 492/492 503/503 504/504
f 485/485 484/484 496/496
f 485/485 496/496 497/497
f 493/493 492/492 504/504
f 493/493 504/504 505/505
f 486/486 485/485 497/497
f 486/486 497/497 498/498
f 501/501 500/500 512/512
f 501/501 512/512 513/513
f 502/502 501/501 513/513
f 502/502 513/513 514/514
f 495/495 494/494 506/506
f 495/495 506/506 507/507
f 503/503 502/502 514/514
f 503/503 514/514 515/515
f 496/496 495/495 507/507
f 496/496 507/507 508/508
f 504/504 503/503 515/515
f 504/504 515/515 516/516
f 497/497 496/496 508/508
f 497/497 508/508 509/509
f 505/505 504/504 516/516
f 505/505 516/516 517/517
f 498/498 497/497 509/509
f 498/498 509/509 510/510
f 1402/1402 505/505 517/517
f 1402/1402 517/517 1403/1403
f 499/499 498/498 510/510
f 499/499 510/510 511/511
f 500/500 499/499 511/511
f 500/500 511/511 512/512
f 516/516 515/515 527/527
f 516/516 527/527 528/528
f 509/509 508/508 520/520
f 509/509 520/520 521/521
f 517/517 516/516 528/528
f 517/517 528/528 529/529
f 510/510 509/509 521/521
f 510/510 521/521 522/522
f 1403/1403 517/517 529/529
f 1403/1403 529/529 1404/1404
f 511/511 510/510 522/522
f 511/511 522/522 523/523
f 512/512 511/511 523/523
f 512/512 523/523 524/524
f 513/513 512/512 524/524
f 513/513 524/524 525/525
f 514/514 513/513 525/525
f 514/514 525/525 526/526
f 507/507 506/506 518/518
f 507/507 518/518 519/519
f 515/515 514/514 526/526
f 515/515 526/526 527/527
f 508/508 507/507 519/519
f 508/508 519/519 520/520
f 524/524 523/523 535/535
f 524/524 535/535 536/536
f 525/525 524/524 536/536
f 525/525 536/536 537/537
f 526/526 525/525 537/537
f 526/526 537/537 538/538
f 519/519 518/518 530/530
f 519/519 530/530 531/531
f 527/527 526/526 538/538
f 527/527 538/538 539/539
f 520/520 519/519 531/531
f 520/520 531/531 532/532
f 528/528 527/527 539/539
f 528/528 539/539 540/540
f 521/521 520/520 532/532
f 521/521 532/532 533/533
f 529/529 528/528 540/540
f 529/529 540/540 541/541
f 522/522 521/521 533/533
f 522/522 533/533 534/534
f 1404/1404 529/529 541/541
f 1404/1404 541/541 1405/1405
f 523/523 522/522 534/534
f 523/523 534/534 535/535
f 538/538 537/537 549/549
f 538/538 549/549 550/550
f 531/531 530/530 542/542
f 531/531 542/542 543/543
f 539/539 538/538 550/550
f 539/539 550/550 551/551
f 532/532 531/531 543/543
f 532/532 543/543 544/544
f 540/540 539/539 551/551
f 540/540 551/551 552/552
f 533/533 532/532 544/544
f 533/533 544/544 545/545
f 541/541 540/540 552/552
f 541/541 552/552 553/553
f 534/534 533/533 545/545
f 534/534 545/545 546/546
f 1405/1405 541/541 553/553
f 1405/1405 553/553 1406/1406
f 535/535 534/534 546/546
f 535/535 546/546 547/547
f 536/536 535/535 547/547
f 536/536 547/547 548/548
f 537/537 536/536 548/548
f 537/537 548/548 549/549
f 553/553 552/552 563/563
f 553/553 563/563 564/564
f 546/546 545/545 557/557
f 546/546 557/557 558/558
f 1406/1406 553/553 564/564
f 1406/1406 564/564 1407/1407
f 547/547 546/546 558/558
f 547/547 558/558 559/559
f 548/548 547/547 559/559
f 548/548 559/559 1/1
f 549/549 548/548 1/1
f 549/549 1/1 560/560
f 550/550 549/549 560/560
f 550/550 560/560 561/561
f 543/543 542/542 554/554
f 543/543 554/554 555/555
f 551/551 550/550 561/561
f 551/551 561/561 562/562
f 544/544 543/543 555/555
f 544/544 555/555 556/556
f 552/552 551/551 562/562
f 552/552 562/562 563/563
f 545/545 544/544 556/556
f 545/545 556/556 557/557
f 242/242 230/230 584/584
f 242/242 584/584 585/585
f 170/170 158/158 578/578
f 170/170 578/578 579/579
f 458/458 446/446 602/602
f 458/458 602/602 603/603
f 386/386 363/363 596/596
f 386/386 596/596 597/597
f 542/542 530/530 609/609
f 542/542 609/609 610/610
f 554/554 542/542 610/610
f 554/554 610/610 611/611
f 410/410 398/398 598/598
f 410/410 598/598 599/599
f 326/326 314/314 591/591
f 326/326 591/591 592/592
f 158/158 146/146 577/577
f 158/158 577/577 578/578
f 86/86 74/74 571/571
f 86/86 571/571 572/572
f 98/98 86/86 572/572
f 98/98 572/572 573/573
f 110/110 98/98 573/573
f 110/110 573/573 574/574
f 314/314 302/302 590/590
f 314/314 590/590 591/591
f 26/26 14/14 566/566
f 26/26 566/566 567/567
f 338/338 326/326 592/592
f 338/338 592/592 593/593
f 266/266 254/254 586/586
f 266/266 586/586 587/587
f 206/206 194/194 581/581
f 206/206 581/581 582/582
f 38/38 26/26 567/567
f 38/38 567/567 568/568
f 506/506 494/494 606/606
f 506/506 606/606 607/607
f 254/254 242/242 585/585
f 254/254 585/585 586/586
f 482/482 470/470 604/604
f 482/482 604/604 605/605
f 494/494 482/482 605/605
f 494/494 605/605 606/606
f 362/362 350/350 594/594
f 362/362 594/594 595/595
f 50/50 38/38 568/568
f 50/50 568/568 569/569
f 182/182 170/170 579/579
f 182/182 579/579 580/580
f 194/194 182/182 580/580
f 194/194 580/580 581/581
f 422/422 410/410 599/599
f 422/422 599/599 600/600
f 434/434 422/422 600/600
f 434/434 600/600 601/601
f 350/350 338/338 593/593
f 350/350 593/593 594/594
f 302/302 290/290 589/589
f 302/302 589/589 590/590
f 134/134 122/122 575/575
f 134/134 575/575 576/576
f 122/122 110/110 574/574
f 122/122 574/574 575/575
f 74/74 62/62 570/570
f 74/74 570/570 571/571
f 278/278 266/266 587/587
f 278/278 587/587 588/588
f 446/446 434/434 601/601
f 446/446 601/601 602/602
f 290/290 278/278 588/588
f 290/290 588/588 589/589
f 62/62 50/50 569/569
f 62/62 569/569 570/570
f 14/14 2/2 565/565
f 14/14 565/565 566/566
f 530/530 518/518 608/608
f 530/530 608/608 609/609
f 146/146 134/134 576/576
f 146/146 576/576 577/577
f 518/518 506/506 607/607
f 518/518 607/607 608/608
f 230/230 218/218 583/583
f 230/230 583/583 584/584
f 2/2 554/554 611/611
f 2/2 611/611 565/565
f 470/470 458/458 603/603
f 470/470 603/603 604/604
f 398/398 386/386 597/597
f 398/398 597/597 598/598
f 218/218 206/206 582/582
f 218/218 582/582 583/583
f 575/575 574/574 621/621
f 575/575 621/621 622/622
f 605/605 604/604 651/651
f 605/605 651/651 652/652
f 589/589 588/588 635/635
f 589/589 635/635 636/636
f 576/576 575/575 622/622
f 576/576 622/622 623/623
f 606/606 605/605 652/652
f 606/606 652/652 653/653
f 590/590 589/589 636/636
f 590/590 636/636 637/637
f 577/577 576/576 623/623
f 577/577 623/623 624/624
f 607/607 606/606 653/653
f 607/607 653/653 654/654
f 591/591 590/590 637/637
f 591/591 637/637 638/638
f 578/578 577/577 624/624
f 578/578 624/624 625/625
f 608/608 607/607 654/654
f 608/608 654/654 655/655
f 592/592 591/591 638/638
f 592/592 638/638 639/639
f 594/594 593/593 640/640
f 594/594 640/640 641/641
f 579/579 578/578 625/625
f 579/579 625/625 626/626
f 609/609 608/608 655/655
f 609/609 655/655 656/656
f 566/566 565/565 612/612
f 566/566 612/612 613/613
f 593/593 592/592 639/639
f 593/593 639/639 640/640
f 595/595 594/594 641/641
f 595/595 641/641 642/642
f 580/580 579/579 626/626
f 580/580 626/626 627/627
f 610/610 609/609 656/656
f 610/610 656/656 657/657
f 567/567 566/566 613/613
f 567/567 613/613 614/614
f 597/597 596/596 643/643
f 597/597 643/643 644/644
f 581/581 580/580 627/627
f 581/581 627/627 628/628
f 611/611 610/610 657/657
f 611/611 657/657 658/658
f 568/568 567/567 614/614
f 568/568 614/614 615/615
f 598/598 597/597 644/644
f 598/598 644/644 645/645
f 582/582 581/581 628/628
f 582/582 628/628 629/629
f 565/565 611/611 658/658
f 565/565 658/658 612/612
f 569/569 568/568 615/615
f 569/569 615/615 616/616
f 599/599 598/598 645/645
f 599/599 645/645 646/646
f 583/583 582/582 629/629
f 583/583 629/629 630/630
f 570/570 569/569 616/616
f 570/570 616/616 617/617
f 600/600 599/599 646/646
f 600/600 646/646 647/647
f 584/584 583/583 630/630
f 584/584 630/630 631/631
f 571/571 570/570 617/617
f 571/571 617/617 618/618
f 601/601 600/600 647/647
f 601/601 647/647 648/648
f 585/585 584/584 631/631
f 585/585 631/631 632/632
f 572/572 571/571 618/618
f 572/572 618/618 619/619
f 602/602 601/601 648/648
f 602/602 648/648 649/649
f 586/586 585/585 632/632
f 586/586 632/632 633/633
f 573/573 572/572 619/619
f 573/573 619/619 620/620
f 603/603 602/602 649/649
f 603/603 649/649 650/650
f 587/587 586/586 633/633
f 587/587 633/633 634/634
f 574/574 573/573 620/620
f 574/574 620/620 621/621
f 604/604 603/603 650/650
f 604/604 650/650 651/651
f 588/588 587/587 634/634
f 588/588 634/634 635/635
f 1266/1266 670/670 669/669
f 1266/1266 669/669 1265/1265
f 1260/1260 663/663 662/662
f 1260/1260 662/662 1259/1259
f 1267/1267 671/671 670/670
f 1267/1267 670/670 1266/1266
f 1261/1261 664/664 663/663
f 1261/1261 663/663 1260/1260
f 1268/1268 672/672 671/671
f 1268/1268 671/671 1267/1267
f 1262/1262 665/665 664/664
f 1262/1262 664/664 1261/1261
f 1501/1501 1409/1409 672/672
f 1501/1501 672/672 1268/1268
f 1263/1263 666/666 665/665
f 1263/1263 665/665 1262/1262
f 659/659 667/667 666/666
f 659/659 666/666 1263/1263
f 1264/1264 668/668 667/667
f 1264/1264 667/667 659/659
f 1265/1265 669/669 668/668
f 1265/1265 668/668 1264/1264
f 1259/1259 662/662 660/660
f 1259/1259 660/660 1257/1257
f 668/668 681/681 680/680
f 668/668 680/680 667/667
f 669/669 682/682 681/681
f 669/669 681/681 668/668
f 662/662 675/675 673/673
f 662/662 673/673 660/660
f 670/670 683/683 682/682
f 670/670 682/682 669/669
f 663/663 676/676 675/675
f 663/663 675/675 662/662
f 671/671 684/684 683/683
f 671/671 683/683 670/670
f 664/664 677/677 676/676
f 664/664 676/676 663/663
f 672/672 685/685 684/684
f 672/672 684/684 671/671
f 665/665 678/678 677/677
f 665/665 677/677 664/664
f 1409/1409 1411/1411 685/685
f 1409/1409 685/685 672/672
f 666/666 679/679 678/678
f 666/666 678/678 665/665
f 667/667 680/680 679/679
f 667/667 679/679 666/666
f 684/684 697/697 696/696
f 684/684 696/696 683/683
f 677/677 690/690 689/689
f 677/677 689/689 676/676
f 685/685 698/698 697/697
f 685/685 697/697 684/684
f 678/678 691/691 690/690
f 678/678 690/690 677/677
f 1411/1411 1413/1413 698/698
f 1411/1411 698/698 685/685
f 679/679 692/692 691/691
f 679/679 691/691 678/678
f 680/680 693/693 692/692
f 680/680 692/692 679/679
f 681/681 694/694 693/693
f 681/681 693/693 680/680
f 682/682 695/695 694/694
f 682/682 694/694 681/681
f 675/675 688/688 686/686
f 675/675 686/686 673/673
f 683/683 696/696 695/695
f 683/683 695/695 682/682
f 676/676 689/689 688/688
f 676/676 688/688 675/675
f 692/692 705/705 704/704
f 692/692 704/704 691/691
f 693/693 706/706 705/705
f 693/693 705/705 692/692
f 694/694 707/707 706/706
f 694/694 706/706 693/693
f 695/695 708/708 707/707
f 695/695 707/707 694/694
f 688/688 701/701 699/699
f 688/688 699/699 686/686
f 696/696 709/709 708/708
f 696/696 708/708 695/695
f 689/689 702/702 701/701
f 689/689 701/701 688/688
f 697/697 710/710 709/709
f 697/697 709/709 696/696
f 690/690 703/703 702/702
f 690/690 702/702 689/689
f 698/698 711/711 710/710
f 698/698 710/710 697/697
f 691/691 704/704 703/703
f 691/691 703/703 690/690
f 1413/1413 1415/1415 711/711
f 1413/1413 711/711 698/698
f 708/708 721/721 720/720
f 708/708 720/720 707/707
f 701/701 714/714 712/712
f 701/701 712/712 699/699
f 709/709 722/722 721/721
f 709/709 721/721 708/708
f 702/702 715/715 714/714
f 702/702 714/714 701/701
f 710/710 723/723 722/722
f 710/710 722/722 709/709
f 703/703 716/716 715/715
f 703/703 715/715 702/702
f 711/711 724/724 723/723
f 711/711 723/723 710/710
f 704/704 717/717 716/716
f 704/704 716/716 703/703
f 1415/1415 1417/1417 724/724
f 1415/1415 724/724 711/711
f 705/705 718/718 717/717
f 705/705 717/717 704/704
f 706/706 719/719 718/718
f 706/706 718/718 705/705
f 707/707 720/720 719/719
f 707/707 719/719 706/706
f 724/724 737/737 736/736
f 724/724 736/736 723/723
f 717/717 730/730 729/729
f 717/717 729/729 716/716
f 1417/1417 1419/1419 737/737
f 1417/1417 737/737 724/724
f 718/718 731/731 730/730
f 718/718 730/730 717/717
f 719/719 732/732 731/731
f 719/719 731/731 718/718
f 720/720 733/733 732/732
f 720/720 732/732 719/719
f 721/721 734/734 733/733
f 721/721 733/733 720/720
f 714/714 727/727 725/725
f 714/714 725/725 712/712
f 722/722 735/735 734/734
f 722/722 734/734 721/721
f 715/715 728/728 727/727
f 715/715 727/727 714/714
f 723/723 736/736 735/735
f 723/723 735/735 722/722
f 716/716 729/729 728/728
f 716/716 728/728 715/715
f 732/732 745/745 744/744
f 732/732 744/744 731/731
f 733/733 746/746 745/745
f 733/733 745/745 732/732
f 734/734 747/747 746/746
f 734/734 746/746 733/733
f 727/727 740/740 738/738
f 727/727 738/738 725/725
f 735/735 748/748 747/747
f 735/735 747/747 734/734
f 728/728 741/741 740/740
f 728/728 740/740 727/727
f 736/736 749/749 748/748
f 736/736 748/748 735/735
f 729/729 742/742 741/741
f 729/729 741/741 728/728
f 737/737 750/750 749/749
f 737/737 749/749 736/736
f 730/730 743/743 742/742
f 730/730 742/742 729/729
f 1419/1419 1421/1421 750/750
f 1419/1419 750/750 737/737
f 731/731 744/744 743/743
f 731/731 743/743 730/730
f 748/748 761/761 760/760
f 748/748 760/760 747/747
f 741/741 754/754 753/753
f 741/741 753/753 740/740
f 749/749 762/762 761/761
f 749/749 761/761 748/748
f 742/742 755/755 754/754
f 742/742 754/754 741/741
f 750/750 763/763 762/762
f 750/750 762/762 749/749
f 743/743 756/756 755/755
f 743/743 755/755 742/742
f 1421/1421 1423/1423 763/763
f 1421/1421 763/763 750/750
f 744/744 757/757 756/756
f 744/744 756/756 743/743
f 745/745 758/758 757/757
f 745/745 757/757 744/744
f 746/746 759/759 758/758
f 746/746 758/758 745/745
f 747/747 760/760 759/759
f 747/747 759/759 746/746
f 740/740 753/753 751/751
f 740/740 751/751 738/738
f 1423/1423 1425/1425 776/776
f 1423/1423 776/776 763/763
f 757/757 770/770 769/769
f 757/757 769/769 756/756
f 758/758 771/771 770/770
f 758/758 770/770 757/757
f 759/759 772/772 771/771
f 759/759 771/771 758/758
f 760/760 773/773 772/772
f 760/760 772/772 759/759
f 753/753 766/766 764/764
f 753/753 764/764 751/751
f 761/761 774/774 773/773
f 761/761 773/773 760/760
f 754/754 767/767 766/766
f 754/754 766/766 753/753
f 762/762 775/775 774/774
f 762/762 774/774 761/761
f 755/755 768/768 767/767
f 755/755 767/767 754/754
f 763/763 776/776 775/775
f 763/763 775/775 762/762
f 756/756 769/769 768/768
f 756/756 768/768 755/755
f 772/772 785/785 784/784
f 772/772 784/784 771/771
f 773/773 786/786 785/785
f 773/773 785/785 772/772
f 766/766 779/779 777/777
f 766/766 777/777 764/764
f 774/774 787/787 786/786
f 774/774 786/786 773/773
f 767/767 780/780 779/779
f 767/767 779/779 766/766
f 775/775 788/788 787/787
f 775/775 787/787 774/774
f 768/768 781/781 780/780
f 768/768 780/780 767/767
f 776/776 789/789 788/788
f 776/776 788/788 775/775
f 769/769 782/782 781/781
f 769/769 781/781 768/768
f 1425/1425 1427/1427 789/789
f 1425/1425 789/789 776/776
f 770/770 783/783 782/782
f 770/770 782/782 769/769
f 771/771 784/784 783/783
f 771/771 783/783 770/770
f 788/788 801/801 800/800
f 788/788 800/800 787/787
f 781/781 794/794 793/793
f 781/781 793/793 780/780
f 789/789 802/802 801/801
f 789/789 801/801 788/788
f 782/782 795/795 794/794
f 782/782 794/794 781/781
f 1427/1427 1429/1429 802/802
f 1427/1427 802/802 789/789
f 783/783 796/796 795/795
f 783/783 795/795 782/782
f 784/784 797/797 796/796
f 784/784 796/796 783/783
f 785/785 798/798 797/797
f 785/785 797/797 784/784
f 786/786 799/799 798/798
f 786/786 798/798 785/785
f 779/779 792/792 790/790
f 779/779 790/790 777/777
f 787/787 800/800 799/799
f 787/787 799/799 786/786
f 780/780 793/793 792/792
f 780/780 792/792 779/779
f 797/797 810/810 809/809
f 797/797 809/809 796/796
f 798/798 811/811 810/810
f 798/798 810/810 797/797
f 799/799 812/812 811/811
f 799/799 811/811 798/798
f 792/792 805/805 803/803
f 792/792 803/803 790/790
f 800/800 813/813 812/812
f 800/800 812/812 799/799
f 793/793 806/806 805/805
f 793/793 805/805 792/792
f 801/801 814/814 813/813
f 801/801 813/813 800/800
f 794/794 807/807 806/806
f 794/794 806/806 793/793
f 802/802 815/815 814/814
f 802/802 814/814 801/801
f 795/795 808/808 807/807
f 795/795 807/807 794/794
f 1429/1429 1431/1431 815/815
f 1429/1429 815/815 802/802
f 796/796 809/809 808/808
f 796/796 808/808 795/795
f 812/812 825/825 824/824
f 812/812 824/824 811/811
f 805/805 818/818 816/816
f 805/805 816/816 803/803
f 813/813 826/826 825/825
f 813/813 825/825 812/812
f 806/806 819/819 818/818
f 806/806 818/818 805/805
f 814/814 827/827 826/826
f 814/814 826/826 813/813
f 807/807 820/820 819/819
f 807/807 819/819 806/806
f 815/815 828/828 827/827
f 815/815 827/827 814/814
f 808/808 821/821 820/820
f 808/808 820/820 807/807
f 1431/1431 1433/1433 828/828
f 1431/1431 828/828 815/815
f 809/809 822/822 821/821
f 809/809 821/821 808/808
f 810/810 823/823 822/822
f 810/810 822/822 809/809
f 811/811 824/824 823/823
f 811/811 823/823 810/810
f 828/828 841/841 840/840
f 828/828 840/840 827/827
f 821/821 834/834 833/833
f 821/821 833/833 820/820
f 1433/1433 1435/1435 841/841
f 1433/1433 841/841 828/828
f 822/822 835/835 834/834
f 822/822 834/834 821/821
f 823/823 836/836 835/835
f 823/823 835/835 822/822
f 824/824 837/837 836/836
f 824/824 836/836 823/823
f 825/825 838/838 837/837
f 825/825 837/837 824/824
f 818/818 831/831 829/829
f 818/818 829/829 816/816
f 826/826 839/839 838/838
f 826/826 838/838 825/825
f 819/819 832/832 831/831
f 819/819 831/831 818/818
f 827/827 840/840 839/839
f 827/827 839/839 826/826
f 820/820 833/833 832/832
f 820/820 832/832 819/819
f 837/837 850/850 849/849
f 837/837 849/849 836/836
f 838/838 851/851 850/850
f 838/838 850/850 837/837
f 831/831 844/844 842/842
f 831/831 842/842 829/829
f 839/839 852/852 851/851
f 839/839 851/851 838/838
f 832/832 845/845 844/844
f 832/832 844/844 831/831
f 840/840 853/853 852/852
f 840/840 852/852 839/839
f 833/833 846/846 845/845
f 833/833 845/845 832/832
f 841/841 854/854 853/853
f 841/841 853/853 840/840
f 834/834 847/847 846/846
f 834/834 846/846 833/833
f 1435/1435 1437/1437 854/854
f 1435/1435 854/854 841/841
f 835/835 848/848 847/847
f 835/835 847/847 834/834
f 836/836 849/849 848/848
f 836/836 848/848 835/835
f 852/852 865/865 864/864
f 852/852 864/864 851/851
f 845/845 858/858 857/857
f 845/845 857/857 844/844
f 853/853 866/866 865/865
f 853/853 865/865 852/852
f 846/846 859/859 858/858
f 846/846 858/858 845/845
f 854/854 867/867 866/866
f 854/854 866/866 853/853
f 847/847 860/860 859/859
f 847/847 859/859 846/846
f 1437/1437 1439/1439 867/867
f 1437/1437 867/867 854/854
f 848/848 861/861 860/860
f 848/848 860/860 847/847
f 849/849 862/862 861/861
f 849/849 861/861 848/848
f 850/850 863/863 862/862
f 850/850 862/862 849/849
f 851/851 864/864 863/863
f 851/851 863/863 850/850
f 844/844 857/857 855/855
f 844/844 855/855 842/842
f 1439/1439 1441/1441 880/880
f 1439/1439 880/880 867/867
f 861/861 874/874 873/873
f 861/861 873/873 860/860
f 862/862 875/875 874/874
f 862/862 874/874 861/861
f 863/863 876/876 875/875
f 863/863 875/875 862/862
f 864/864 877/877 876/876
f 864/864 876/876 863/863
f 857/857 870/870 868/868
f 857/857 868/868 855/855
f 865/865 878/878 877/877
f 865/865 877/877 864/864
f 858/858 871/871 870/870
f 858/858 870/870 857/857
f 866/866 879/879 878/878
f 866/866 878/878 865/865
f 859/859 872/872 871/871
f 859/859 871/871 858/858
f 867/867 880/880 879/879
f 867/867 879/879 866/866
f 860/860 873/873 872/872
f 860/860 872/872 859/859
f 877/877 890/890 889/889
f 877/877 889/889 876/876
f 870/870 883/883 881/881
f 870/870 881/881 868/868
f 878/878 891/891 890/890
f 878/878 890/890 877/877
f 871/871 884/884 883/883
f 871/871 883/883 870/870
f 879/879 892/892 891/891
f 879/879 891/891 878/878
f 872/872 885/885 884/884
f 872/872 884/884 871/871
f 880/880 893/893 892/892
f 880/880 892/892 879/879
f 873/873 886/886 885/885
f 873/873 885/885 872/872
f 1441/1441 1443/1443 893/893
f 1441/1441 893/893 880/880
f 874/874 887/887 886/886
f 874/874 886/886 873/873
f 875/875 888/888 887/887
f 875/875 887/887 874/874
f 876/876 889/889 888/888
f 876/876 888/888 875/875
f 892/892 905/905 904/904
f 892/892 904/904 891/891
f 885/885 898/898 897/897
f 885/885 897/897 884/884
f 893/893 906/906 905/905
f 893/893 905/905 892/892
f 886/886 899/899 898/898
f 886/886 898/898 885/885
f 1443/1443 1445/1445 906/906
f 1443/1443 906/906 893/893
f 887/887 900/900 899/899
f 887/887 899/899 886/886
f 888/888 901/901 900/900
f 888/888 900/900 887/887
f 889/889 902/902 901/901
f 889/889 901/901 888/888
f 890/890 903/903 902/902
f 890/890 902/902 889/889
f 883/883 896/896 894/894
f 883/883 894/894 881/881
f 891/891 904/904 903/903
f 891/891 903/903 890/890
f 884/884 897/897 896/896
f 884/884 896/896 883/883
f 901/901 914/914 913/913
f 901/901 913/913 900/900
f 902/902 915/915 914/914
f 902/902 914/914 901/901
f 903/903 916/916 915/915
f 903/903 915/915 902/902
f 896/896 909/909 907/907
f 896/896 907/907 894/894
f 904/904 917/917 916/916
f 904/904 916/916 903/903
f 897/897 910/910 909/909
f 897/897 909/909 896/896
f 905/905 918/918 917/917
f 905/905 917/917 904/904
f 898/898 911/911 910/910
f 898/898 910/910 897/897
f 906/906 919/919 918/918
f 906/906 918/918 905/905
f 899/899 912/912 911/911
f 899/899 911/911 898/898
f 1445/1445 1447/1447 919/919
f 1445/1445 919/919 906/906
f 900/900 913/913 912/912
f 900/900 912/912 899/899
f 909/909 922/922 920/920
f 909/909 920/920 907/907
f 917/917 930/930 929/929
f 917/917 929/929 916/916
f 910/910 923/923 922/922
f 910/910 922/922 909/909
f 918/918 931/931 930/930
f 918/918 930/930 917/917
f 911/911 924/924 923/923
f 911/911 923/923 910/910
f 919/919 932/932 931/931
f 919/919 931/931 918/918
f 912/912 925/925 924/924
f 912/912 924/924 911/911
f 1447/1447 1449/1449 932/932
f 1447/1447 932/932 919/919
f 913/913 926/926 925/925
f 913/913 925/925 912/912
f 914/914 927/927 926/926
f 914/914 926/926 913/913
f 915/915 928/928 927/927
f 915/915 927/927 914/914
f 916/916 929/929 928/928
f 916/916 928/928 915/915
f 932/932 945/945 944/944
f 932/932 944/944 931/931
f 925/925 938/938 937/937
f 925/925 937/937 924/924
f 1449/1449 1451/1451 945/945
f 1449/1449 945/945 932/932
f 926/926 939/939 938/938
f 926/926 938/938 925/925
f 927/927 940/940 939/939
f 927/927 939/939 926/926
f 928/928 941/941 940/940
f 928/928 940/940 927/927
f 929/929 942/942 941/941
f 929/929 941/941 928/928
f 922/922 935/935 933/933
f 922/922 933/933 920/920
f 930/930 943/943 942/942
f 930/930 942/942 929/929
f 923/923 936/936 935/935
f 923/923 935/935 922/922
f 931/931 944/944 943/943
f 931/931 943/943 930/930
f 924/924 937/937 936/936
f 924/924 936/936 923/923
f 941/941 954/954 953/953
f 941/941 953/953 940/940
f 942/942 955/955 954/954
f 942/942 954/954 941/941
f 935/935 948/948 946/946
f 935/935 946/946 933/933
f 943/943 956/956 955/955
f 943/943 955/955 942/942
f 936/936 949/949 948/948
f 936/936 948/948 935/935
f 944/944 957/957 956/956
f 944/944 956/956 943/943
f 937/937 950/950 949/949
f 937/937 949/949 936/936
f 945/945 958/958 957/957
f 945/945 957/957 944/944
f 938/938 951/951 950/950
f 938/938 950/950 937/937
f 1451/1451 1453/1453 958/958
f 1451/1451 958/958 945/945
f 939/939 952/952 951/951
f 939/939 951/951 938/938
f 940/940 953/953 952/952
f 940/940 952/952 939/939
f 949/949 962/962 961/961
f 949/949 961/961 948/948
f 957/957 970/970 969/969
f 957/957 969/969 956/956
f 950/950 963/963 962/962
f 950/950 962/962 949/949
f 958/958 971/971 970/970
f 958/958 970/970 957/957
f 951/951 964/964 963/963
f 951/951 963/963 950/950
f 1453/1453 1455/1455 971/971
f 1453/1453 971/971 958/958
f 952/952 965/965 964/964
f 952/952 964/964 951/951
f 953/953 966/966 965/965
f 953/953 965/965 952/952
f 954/954 967/967 966/966
f 954/954 966/966 953/953
f 955/955 968/968 967/967
f 955/955 967/967 954/954
f 948/948 961/961 959/959
f 948/948 959/959 946/946
f 956/956 969/969 968/968
f 956/956 968/968 955/955
f 1455/1455 1457/1457 984/984
f 1455/1455 984/984 971/971
f 965/965 978/978 977/977
f 965/965 977/977 964/964
f 966/966 979/979 978/978
f 966/966 978/978 965/965
f 967/967 980/980 979/979
f 967/967 979/979 966/966
f 968/968 981/981 980/980
f 968/968 980/980 967/967
f 961/961 974/974 972/972
f 961/961 972/972 959/959
f 969/969 982/982 981/981
f 969/969 981/981 968/968
f 962/962 975/975 974/974
f 962/962 974/974 961/961
f 970/970 983/983 982/982
f 970/970 982/982 969/969
f 963/963 976/976 975/975
f 963/963 975/975 962/962
f 971/971 984/984 983/983
f 971/971 983/983 970/970
f 964/964 977/977 976/976
f 964/964 976/976 963/963
f 981/981 994/994 993/993
f 981/981 993/993 980/980
f 974/974 987/987 985/985
f 974/974 985/985 972/972
f 982/982 995/995 994/994
f 982/982 994/994 981/981
f 975/975 988/988 987/987
f 975/975 987/987 974/974
f 983/983 996/996 995/995
f 983/983 995/995 982/982
f 976/976 989/989 988/988
f 976/976 988/988 975/975
f 984/984 997/997 996/996
f 984/984 996/996 983/983
f 977/977 990/990 989/989
f 977/977 989/989 976/976
f 1457/1457 1459/1459 997/997
f 1457/1457 997/997 984/984
f 978/978 991/991 990/990
f 978/978 990/990 977/977
f 979/979 992/992 991/991
f 979/979 991/991 978/978
f 980/980 993/993 992/992
f 980/980 992/992 979/979
f 989/989 1002/1002 1001/1001
f 989/989 1001/1001 988/988
f 997/997 1010/1010 1009/1009
f 997/997 1009/1009 996/996
f 990/990 1003/1003 1002/1002
f 990/990 1002/1002 989/989
f 1459/1459 1461/1461 1010/1010
f 1459/1459 1010/1010 997/997
f 991/991 1004/1004 1003/1003
f 991/991 1003/1003 990/990
f 992/992 1005/1005 1004/1004
f 992/992 1004/1004 991/991
f 993/993 1006/1006 1005/1005
f 993/993 1005/1005 992/992
f 994/994 1007/1007 1006/1006
f 994/994 1006/1006 993/993
f 987/987 1000/1000 998/998
f 987/987 998/998 985/985
f 995/995 1008/1008 1007/1007
f 995/995 1007/1007 994/994
f 988/988 1001/1001 1000/1000
f 988/988 1000/1000 987/987
f 996/996 1009/1009 1008/1008
f 996/996 1008/1008 995/995
f 1005/1005 1018/1018 1017/1017
f 1005/1005 1017/1017 1004/1004
f 1006/1006 1019/1019 1018/1018
f 1006/1006 1018/1018 1005/1005
f 1007/1007 1020/1020 1019/1019
f 1007/1007 1019/1019 1006/1006
f 1000/1000 1013/1013 1011/1011
f 1000/1000 1011/1011 998/998
f 1008/1008 1021/1021 1020/1020
f 1008/1008 1020/1020 1007/1007
f 1001/1001 1014/1014 1013/1013
f 1001/1001 1013/1013 1000/1000
f 1009/1009 1022/1022 1021/1021
f 1009/1009 1021/1021 1008/1008
f 1002/1002 1015/1015 1014/1014
f 1002/1002 1014/1014 1001/1001
f 1010/1010 1023/1023 1022/1022
f 1010/1010 1022/1022 1009/1009
f 1003/1003 1016/1016 1015/1015
f 1003/1003 1015/1015 1002/1002
f 1461/1461 1463/1463 1023/1023
f 1461/1461 1023/1023 1010/1010
f 1004/1004 1017/1017 1016/1016
f 1004/1004 1016/1016 1003/1003
f 1013/1013 1026/1026 1024/1024
f 1013/1013 1024/1024 1011/1011
f 1021/1021 1034/1034 1033/1033
f 1021/1021 1033/1033 1020/1020
f 1014/1014 1027/1027 1026/1026
f 1014/1014 1026/1026 1013/1013
f 1022/1022 1035/1035 1034/1034
f 1022/1022 1034/1034 1021/1021
f 1015/1015 1028/1028 1027/1027
f 1015/1015 1027/1027 1014/1014
f 1023/1023 1036/1036 1035/1035
f 1023/1023 1035/1035 1022/1022
f 1016/1016 1029/1029 1028/1028
f 1016/1016 1028/1028 1015/1015
f 1463/1463 1465/1465 1036/1036
f 1463/1463 1036/1036 1023/1023
f 1017/1017 1030/1030 1029/1029
f 1017/1017 1029/1029 1016/1016
f 1018/1018 1031/1031 1030/1030
f 1018/1018 1030/1030 1017/1017
f 1019/1019 1032/1032 1031/1031
f 1019/1019 1031/1031 1018/1018
f 1020/1020 1033/1033 1032/1032
f 1020/1020 1032/1032 1019/1019
f 1029/1029 1042/1042 1041/1041
f 1029/1029 1041/1041 1028/1028
f 1465/1465 1467/1467 1049/1049
f 1465/1465 1049/1049 1036/1036
f 1030/1030 1043/1043 1042/1042
f 1030/1030 1042/1042 1029/1029
f 1031/1031 1044/1044 1043/1043
f 1031/1031 1043/1043 1030/1030
f 1032/1032 1045/1045 1044/1044
f 1032/1032 1044/1044 1031/1031
f 1033/1033 1046/1046 1045/1045
f 1033/1033 1045/1045 1032/1032
f 1026/1026 1039/1039 1037/1037
f 1026/1026 1037/1037 1024/1024
f 1034/1034 1047/1047 1046/1046
f 1034/1034 1046/1046 1033/1033
f 1027/1027 1040/1040 1039/1039
f 1027/1027 1039/1039 1026/1026
f 1035/1035 1048/1048 1047/1047
f 1035/1035 1047/1047 1034/1034
f 1028/1028 1041/1041 1040/1040
f 1028/1028 1040/1040 1027/1027
f 1036/1036 1049/1049 1048/1048
f 1036/1036 1048/1048 1035/1035
f 1045/1045 1066/1066 1064/1064
f 1045/1045 1064/1064 1044/1044
f 1046/1046 1067/1067 1066/1066
f 1046/1046 1066/1066 1045/1045
f 1039/1039 1054/1054 1051/1051
f 1039/1039 1051/1051 1037/1037
f 1047/1047 1069/1069 1067/1067
f 1047/1047 1067/1067 1046/1046
f 1040/1040 1056/1056 1054/1054
f 1040/1040 1054/1054 1039/1039
f 1048/1048 1071/1071 1069/1069
f 1048/1048 1069/1069 1047/1047
f 1041/1041 1058/1058 1056/1056
f 1041/1041 1056/1056 1040/1040
f 1049/1049 1073/1073 1071/1071
f 1049/1049 1071/1071 1048/1048
f 1042/1042 1060/1060 1058/1058
f 1042/1042 1058/1058 1041/1041
f 1467/1467 1470/1470 1073/1073
f 1467/1467 1073/1073 1049/1049
f 1043/1043 1062/1062 1060/1060
f 1043/1043 1060/1060 1042/1042
f 1044/1044 1064/1064 1062/1062
f 1044/1044 1062/1062 1043/1043
f 1055/1055 1078/1078 1077/1077
f 1055/1055 1077/1077 1053/1053
f 1072/1072 1086/1086 1085/1085
f 1072/1072 1085/1085 1070/1070
f 1057/1057 1079/1079 1078/1078
f 1057/1057 1078/1078 1055/1055
f 1074/1074 1087/1087 1086/1086
f 1074/1074 1086/1086 1072/1072
f 1059/1059 1080/1080 1079/1079
f 1059/1059 1079/1079 1057/1057
f 1471/1471 1473/1473 1087/1087
f 1471/1471 1087/1087 1074/1074
f 1061/1061 1081/1081 1080/1080
f 1061/1061 1080/1080 1059/1059
f 1063/1063 1082/1082 1081/1081
f 1063/1063 1081/1081 1061/1061
f 1065/1065 1083/1083 1082/1082
f 1065/1065 1082/1082 1063/1063
f 1068/1068 1084/1084 1083/1083
f 1068/1068 1083/1083 1065/1065
f 1053/1053 1077/1077 1075/1075
f 1053/1053 1075/1075 1050/1050
f 1070/1070 1085/1085 1084/1084
f 1070/1070 1084/1084 1068/1068
f 1081/1081 1094/1094 1093/1093
f 1081/1081 1093/1093 1080/1080
f 1082/1082 1095/1095 1094/1094
f 1082/1082 1094/1094 1081/1081
f 1083/1083 1096/1096 1095/1095
f 1083/1083 1095/1095 1082/1082
f 1084/1084 1097/1097 1096/1096
f 1084/1084 1096/1096 1083/1083
f 1077/1077 1090/1090 1088/1088
f 1077/1077 1088/1088 1075/1075
f 1085/1085 1098/1098 1097/1097
f 1085/1085 1097/1097 1084/1084
f 1078/1078 1091/1091 1090/1090
f 1078/1078 1090/1090 1077/1077
f 1086/1086 1099/1099 1098/1098
f 1086/1086 1098/1098 1085/1085
f 1079/1079 1092/1092 1091/1091
f 1079/1079 1091/1091 1078/1078
f 1087/1087 1100/1100 1099/1099
f 1087/1087 1099/1099 1086/1086
f 1080/1080 1093/1093 1092/1092
f 1080/1080 1092/1092 1079/1079
f 1473/1473 1475/1475 1100/1100
f 1473/1473 1100/1100 1087/1087
f 1097/1097 1110/1110 1109/1109
f 1097/1097 1109/1109 1096/1096
f 1090/1090 1103/1103 1101/1101
f 1090/1090 1101/1101 1088/1088
f 1098/1098 1111/1111 1110/1110
f 1098/1098 1110/1110 1097/1097
f 1091/1091 1104/1104 1103/1103
f 1091/1091 1103/1103 1090/1090
f 1099/1099 1112/1112 1111/1111
f 1099/1099 1111/1111 1098/1098
f 1092/1092 1105/1105 1104/1104
f 1092/1092 1104/1104 1091/1091
f 1100/1100 1113/1113 1112/1112
f 1100/1100 1112/1112 1099/1099
f 1093/1093 1106/1106 1105/1105
f 1093/1093 1105/1105 1092/1092
f 1475/1475 1477/1477 1113/1113
f 1475/1475 1113/1113 1100/1100
f 1094/1094 1107/1107 1106/1106
f 1094/1094 1106/1106 1093/1093
f 1095/1095 1108/1108 1107/1107
f 1095/1095 1107/1107 1094/1094
f 1096/1096 1109/1109 1108/1108
f 1096/1096 1108/1108 1095/1095
f 1112/1112 1125/1125 1124/1124
f 1112/1112 1124/1124 1111/1111
f 1105/1105 1118/1118 1117/1117
f 1105/1105 1117/1117 1104/1104
f 1113/1113 1126/1126 1125/1125
f 1113/1113 1125/1125 1112/1112
f 1106/1106 1119/1119 1118/1118
f 1106/1106 1118/1118 1105/1105
f 1477/1477 1479/1479 1126/1126
f 1477/1477 1126/1126 1113/1113
f 1107/1107 1120/1120 1119/1119
f 1107/1107 1119/1119 1106/1106
f 1108/1108 1121/1121 1120/1120
f 1108/1108 1120/1120 1107/1107
f 1109/1109 1122/1122 1121/1121
f 1109/1109 1121/1121 1108/1108
f 1110/1110 1123/1123 1122/1122
f 1110/1110 1122/1122 1109/1109
f 1103/1103 1116/1116 1114/1114
f 1103/1103 1114/1114 1101/1101
f 1111/1111 1124/1124 1123/1123
f 1111/1111 1123/1123 1110/1110
f 1104/1104 1117/1117 1116/1116
f 1104/1104 1116/1116 1103/1103
f 1120/1120 1133/1133 1132/1132
f 1120/1120 1132/1132 1119/1119
f 1121/1121 1134/1134 1133/1133
f 1121/1121 1133/1133 1120/1120
f 1122/1122 1135/1135 1134/1134
f 1122/1122 1134/1134 1121/1121
f 1123/1123 1136/1136 1135/1135
f 1123/1123 1135/1135 1122/1122
f 1116/1116 1129/1129 1127/1127
f 1116/1116 1127/1127 1114/1114
f 1124/1124 1137/1137 1136/1136
f 1124/1124 1136/1136 1123/1123
f 1117/1117 1130/1130 1129/1129
f 1117/1117 1129/1129 1116/1116
f 1125/1125 1138/1138 1137/1137
f 1125/1125 1137/1137 1124/1124
f 1118/1118 1131/1131 1130/1130
f 1118/1118 1130/1130 1117/1117
f 1126/1126 1139/1139 1138/1138
f 1126/1126 1138/1138 1125/1125
f 1119/1119 1132/1132 1131/1131
f 1119/1119 1131/1131 1118/1118
f 1479/1479 1481/1481 1139/1139
f 1479/1479 1139/1139 1126/1126
f 1136/1136 1149/1149 1148/1148
f 1136/1136 1148/1148 1135/1135
f 1129/1129 1142/1142 1140/1140
f 1129/1129 1140/1140 1127/1127
f 1137/1137 1150/1150 1149/1149
f 1137/1137 1149/1149 1136/1136
f 1130/1130 1143/1143 1142/1142
f 1130/1130 1142/1142 1129/1129
f 1138/1138 1151/1151 1150/1150
f 1138/1138 1150/1150 1137/1137
f 1131/1131 1144/1144 1143/1143
f 1131/1131 1143/1143 1130/1130
f 1139/1139 1152/1152 1151/1151
f 1139/1139 1151/1151 1138/1138
f 1132/1132 1145/1145 1144/1144
f 1132/1132 1144/1144 1131/1131
f 1481/1481 1483/1483 1152/1152
f 1481/1481 1152/1152 1139/1139
f 1133/1133 1146/1146 1145/1145
f 1133/1133 1145/1145 1132/1132
f 1134/1134 1147/1147 1146/1146
f 1134/1134 1146/1146 1133/1133
f 1135/1135 1148/1148 1147/1147
f 1135/1135 1147/1147 1134/1134
f 1152/1152 1165/1165 1164/1164
f 1152/1152 1164/1164 1151/1151
f 1145/1145 1158/1158 1157/1157
f 1145/1145 1157/1157 1144/1144
f 1483/1483 1485/1485 1165/1165
f 1483/1483 1165/1165 1152/1152
f 1146/1146 1159/1159 1158/1158
f 1146/1146 1158/1158 1145/1145
f 1147/1147 1160/1160 1159/1159
f 1147/1147 1159/1159 1146/1146
f 1148/1148 1161/1161 1160/1160
f 1148/1148 1160/1160 1147/1147
f 1149/1149 1162/1162 1161/1161
f 1149/1149 1161/1161 1148/1148
f 1142/1142 1155/1155 1153/1153
f 1142/1142 1153/1153 1140/1140
f 1150/1150 1163/1163 1162/1162
f 1150/1150 1162/1162 1149/1149
f 1143/1143 1156/1156 1155/1155
f 1143/1143 1155/1155 1142/1142
f 1151/1151 1164/1164 1163/1163
f 1151/1151 1163/1163 1150/1150
f 1144/1144 1157/1157 1156/1156
f 1144/1144 1156/1156 1143/1143
f 1160/1160 1173/1173 1172/1172
f 1160/1160 1172/1172 1159/1159
f 1161/1161 1174/1174 1173/1173
f 1161/1161 1173/1173 1160/1160
f 1162/1162 1175/1175 1174/1174
f 1162/1162 1174/1174 1161/1161
f 1155/1155 1168/1168 1166/1166
f 1155/1155 1166/1166 1153/1153
f 1163/1163 1176/1176 1175/1175
f 1163/1163 1175/1175 1162/1162
f 1156/1156 1169/1169 1168/1168
f 1156/1156 1168/1168 1155/1155
f 1164/1164 1177/1177 1176/1176
f 1164/1164 1176/1176 1163/1163
f 1157/1157 1170/1170 1169/1169
f 1157/1157 1169/1169 1156/1156
f 1165/1165 1178/1178 1177/1177
f 1165/1165 1177/1177 1164/1164
f 1158/1158 1171/1171 1170/1170
f 1158/1158 1170/1170 1157/1157
f 1485/1485 1487/1487 1178/1178
f 1485/1485 1178/1178 1165/1165
f 1159/1159 1172/1172 1171/1171
f 1159/1159 1171/1171 1158/1158
f 1176/1176 1189/1189 1188/1188
f 1176/1176 1188/1188 1175/1175
f 1169/1169 1182/1182 1181/1181
f 1169/1169 1181/1181 1168/1168
f 1177/1177 1190/1190 1189/1189
f 1177/1177 1189/1189 1176/1176
f 1170/1170 1183/1183 1182/1182
f 1170/1170 1182/1182 1169/1169
f 1178/1178 1191/1191 1190/1190
f 1178/1178 1190/1190 1177/1177
f 1171/1171 1184/1184 1183/1183
f 1171/1171 1183/1183 1170/1170
f 1487/1487 1489/1489 1191/1191
f 1487/1487 1191/1191 1178/1178
f 1172/1172 1185/1185 1184/1184
f 1172/1172 1184/1184 1171/1171
f 1173/1173 1186/1186 1185/1185
f 1173/1173 1185/1185 1172/1172
f 1174/1174 1187/1187 1186/1186
f 1174/1174 1186/1186 1173/1173
f 1175/1175 1188/1188 1187/1187
f 1175/1175 1187/1187 1174/1174
f 1168/1168 1181/1181 1179/1179
f 1168/1168 1179/1179 1166/1166
f 1489/1489 1491/1491 1204/1204
f 1489/1489 1204/1204 1191/1191
f 1185/1185 1198/1198 1197/1197
f 1185/1185 1197/1197 1184/1184
f 1186/1186 1199/1199 1198/1198
f 1186/1186 1198/1198 1185/1185
f 1187/1187 1200/1200 1199/1199
f 1187/1187 1199/1199 1186/1186
f 1188/1188 1201/1201 1200/1200
f 1188/1188 1200/1200 1187/1187
f 1181/1181 1194/1194 1192/1192
f 1181/1181 1192/1192 1179/1179
f 1189/1189 1202/1202 1201/1201
f 1189/1189 1201/1201 1188/1188
f 1182/1182 1195/1195 1194/1194
f 1182/1182 1194/1194 1181/1181
f 1190/1190 1203/1203 1202/1202
f 1190/1190 1202/1202 1189/1189
f 1183/1183 1196/1196 1195/1195
f 1183/1183 1195/1195 1182/1182
f 1191/1191 1204/1204 1203/1203
f 1191/1191 1203/1203 1190/1190
f 1184/1184 1197/1197 1196/1196
f 1184/1184 1196/1196 1183/1183
f 1200/1200 1213/1213 1212/1212
f 1200/1200 1212/1212 1199/1199
f 1201/1201 1214/1214 1213/1213
f 1201/1201 1213/1213 1200/1200
f 1194/1194 1207/1207 1205/1205
f 1194/1194 1205/1205 1192/1192
f 1202/1202 1215/1215 1214/1214
f 1202/1202 1214/1214 1201/1201
f 1195/1195 1208/1208 1207/1207
f 1195/1195 1207/1207 1194/1194
f 1203/1203 1216/1216 1215/1215
f 1203/1203 1215/1215 1202/1202
f 1196/1196 1209/1209 1208/1208
f 1196/1196 1208/1208 1195/1195
f 1204/1204 1217/1217 1216/1216
f 1204/1204 1216/1216 1203/1203
f 1197/1197 1210/1210 1209/1209
f 1197/1197 1209/1209 1196/1196
f 1491/1491 1493/1493 1217/1217
f 1491/1491 1217/1217 1204/1204
f 1198/1198 1211/1211 1210/1210
f 1198/1198 1210/1210 1197/1197
f 1199/1199 1212/1212 1211/1211
f 1199/1199 1211/1211 1198/1198
f 1216/1216 1229/1229 1228/1228
f 1216/1216 1228/1228 1215/1215
f 1209/1209 1222/1222 1221/1221
f 1209/1209 1221/1221 1208/1208
f 1217/1217 1230/1230 1229/1229
f 1217/1217 1229/1229 1216/1216
f 1210/1210 1223/1223 1222/1222
f 1210/1210 1222/1222 1209/1209
f 1493/1493 1495/1495 1230/1230
f 1493/1493 1230/1230 1217/1217
f 1211/1211 1224/1224 1223/1223
f 1211/1211 1223/1223 1210/1210
f 1212/1212 1225/1225 1224/1224
f 1212/1212 1224/1224 1211/1211
f 1213/1213 1226/1226 1225/1225
f 1213/1213 1225/1225 1212/1212
f 1214/1214 1227/1227 1226/1226
f 1214/1214 1226/1226 1213/1213
f 1207/1207 1220/1220 1218/1218
f 1207/1207 1218/1218 1205/1205
f 1215/1215 1228/1228 1227/1227
f 1215/1215 1227/1227 1214/1214
f 1208/1208 1221/1221 1220/1220
f 1208/1208 1220/1220 1207/1207
f 1225/1225 1238/1238 1237/1237
f 1225/1225 1237/1237 1224/1224
f 1226/1226 1239/1239 1238/1238
f 1226/1226 1238/1238 1225/1225
f 1227/1227 1240/1240 1239/1239
f 1227/1227 1239/1239 1226/1226
f 1220/1220 1233/1233 1231/1231
f 1220/1220 1231/1231 1218/1218
f 1228/1228 1241/1241 1240/1240
f 1228/1228 1240/1240 1227/1227
f 1221/1221 1234/1234 1233/1233
f 1221/1221 1233/1233 1220/1220
f 1229/1229 1242/1242 1241/1241
f 1229/1229 1241/1241 1228/1228
f 1222/1222 1235/1235 1234/1234
f 1222/1222 1234/1234 1221/1221
f 1230/1230 1243/1243 1242/1242
f 1230/1230 1242/1242 1229/1229
f 1223/1223 1236/1236 1235/1235
f 1223/1223 1235/1235 1222/1222
f 1495/1495 1497/1497 1243/1243
f 1495/1495 1243/1243 1230/1230
f 1224/1224 1237/1237 1236/1236
f 1224/1224 1236/1236 1223/1223
f 1240/1240 1253/1253 1252/1252
f 1240/1240 1252/1252 1239/1239
f 1233/1233 1246/1246 1244/1244
f 1233/1233 1244/1244 1231/1231
f 1241/1241 1254/1254 1253/1253
f 1241/1241 1253/1253 1240/1240
f 1234/1234 1247/1247 1246/1246
f 1234/1234 1246/1246 1233/1233
f 1242/1242 1255/1255 1254/1254
f 1242/1242 1254/1254 1241/1241
f 1235/1235 1248/1248 1247/1247
f 1235/1235 1247/1247 1234/1234
f 1243/1243 1256/1256 1255/1255
f 1243/1243 1255/1255 1242/1242
f 1236/1236 1249/1249 1248/1248
f 1236/1236 1248/1248 1235/1235
f 1497/1497 1499/1499 1256/1256
f 1497/1497 1256/1256 1243/1243
f 1237/1237 1250/1250 1249/1249
f 1237/1237 1249/1249 1236/1236
f 1238/1238 1251/1251 1250/1250
f 1238/1238 1250/1250 1237/1237
f 1239/1239 1252/1252 1251/1251
f 1239/1239 1251/1251 1238/1238
f 1256/1256 1268/1268 1267/1267
f 1256/1256 1267/1267 1255/1255
f 1249/1249 1262/1262 1261/1261
f 1249/1249 1261/1261 1248/1248
f 1499/1499 1501/1501 1268/1268
f 1499/1499 1268/1268 1256/1256
f 1250/1250 1263/1263 1262/1262
f 1250/1250 1262/1262 1249/1249
f 1251/1251 659/659 1263/1263
f 1251/1251 1263/1263 1250/1250
f 1252/1252 1264/1264 659/659
f 1252/1252 659/659 1251/1251
f 1253/1253 1265/1265 1264/1264
f 1253/1253 1264/1264 1252/1252
f 1246/1246 1259/1259 1257/1257
f 1246/1246 1257/1257 1244/1244
f 1254/1254 1266/1266 1265/1265
f 1254/1254 1265/1265 1253/1253
f 1247/1247 1260/1260 1259/1259
f 1247/1247 1259/1259 1246/1246
f 1255/1255 1267/1267 1266/1266
f 1255/1255 1266/1266 1254/1254
f 1248/1248 1261/1261 1260/1260
f 1248/1248 1260/1260 1247/1247
f 934/934 1290/1290 1289/1289
f 934/934 1289/1289 921/921
f 856/856 1284/1284 1283/1283
f 856/856 1283/1283 843/843
f 1167/1167 1307/1307 1306/1306
f 1167/1167 1306/1306 1154/1154
f 1089/1089 1301/1301 1300/1300
f 1089/1089 1300/1300 1076/1076
f 1258/1258 1314/1314 1313/1313
f 1258/1258 1313/1313 1245/1245
f 661/661 1269/1269 1314/1314
f 661/661 1314/1314 1258/1258
f 1115/1115 1303/1303 1302/1302
f 1115/1115 1302/1302 1102/1102
f 1025/1025 1297/1297 1296/1296
f 1025/1025 1296/1296 1012/1012
f 843/843 1283/1283 1282/1282
f 843/843 1282/1282 830/830
f 765/765 1277/1277 1276/1276
f 765/765 1276/1276 752/752
f 778/778 1278/1278 1277/1277
f 778/778 1277/1277 765/765
f 791/791 1279/1279 1278/1278
f 791/791 1278/1278 778/778
f 1012/1012 1296/1296 1295/1295
f 1012/1012 1295/1295 999/999
f 700/700 1272/1272 1271/1271
f 700/700 1271/1271 687/687
f 1038/1038 1298/1298 1297/1297
f 1038/1038 1297/1297 1025/1025
f 960/960 1292/1292 1291/1291
f 960/960 1291/1291 947/947
f 895/895 1287/1287 1286/1286
f 895/895 1286/1286 882/882
f 713/713 1273/1273 1272/1272
f 713/713 1272/1272 700/700
f 1219/1219 1311/1311 1310/1310
f 1219/1219 1310/1310 1206/1206
f 947/947 1291/1291 1290/1290
f 947/947 1290/1290 934/934
f 1193/1193 1309/1309 1308/1308
f 1193/1193 1308/1308 1180/1180
f 1206/1206 1310/1310 1309/1309
f 1206/1206 1309/1309 1193/1193
f 1076/1076 1300/1300 1299/1299
f 1076/1076 1299/1299 1052/1052
f 726/726 1274/1274 1273/1273
f 726/726 1273/1273 713/713
f 869/869 1285/1285 1284/1284
f 869/869 1284/1284 856/856
f 882/882 1286/1286 1285/1285
f 882/882 1285/1285 869/869
f 1128/1128 1304/1304 1303/1303
f 1128/1128 1303/1303 1115/1115
f 1141/1141 1305/1305 1304/1304
f 1141/1141 1304/1304 1128/1128
f 1052/1052 1299/1299 1298/1298
f 1052/1052 1298/1298 1038/1038
f 999/999 1295/1295 1294/1294
f 999/999 1294/1294 986/986
f 817/817 1281/1281 1280/1280
f 817/817 1280/1280 804/804
f 804/804 1280/1280 1279/1279
f 804/804 1279/1279 791/791
f 752/752 1276/1276 1275/1275
f 752/752 1275/1275 739/739
f 973/973 1293/1293 1292/1292
f 973/973 1292/1292 960/960
f 1154/1154 1306/1306 1305/1305
f 1154/1154 1305/1305 1141/1141
f 986/986 1294/1294 1293/1293
f 986/986 1293/1293 973/973
f 739/739 1275/1275 1274/1274
f 739/739 1274/1274 726/726
f 687/687 1271/1271 1270/1270
f 687/687 1270/1270 674/674
f 1245/1245 1313/1313 1312/1312
f 1245/1245 1312/1312 1232/1232
f 830/830 1282/1282 1281/1281
f 830/830 1281/1281 817/817
f 1232/1232 1312/1312 1311/1311
f 1232/1232 1311/1311 1219/1219
f 921/921 1289/1289 1288/1288
f 921/921 1288/1288 908/908
f 1180/1180 1308/1308 1307/1307
f 1180/1180 1307/1307 1167/1167
f 1102/1102 1302/1302 1301/1301
f 1102/1102 1301/1301 1089/1089
f 908/908 1288/1288 1287/1287
f 908/908 1287/1287 895/895
f 1296/1296 1342/1342 1341/1341
f 1296/1296 1341/1341 1295/1295
f 1283/1283 1329/1329 1328/1328
f 1283/1283 1328/1328 1282/1282
f 1310/1310 1356/1356 1355/1355
f 1310/1310 1355/1355 1309/1309
f 1270/1270 1316/1316 1315/1315
f 1270/1270 1315/1315 1269/1269
f 1297/1297 1343/1343 1342/1342
f 1297/1297 1342/1342 1296/1296
f 1284/1284 1330/1330 1329/1329
f 1284/1284 1329/1329 1283/1283
f 1311/1311 1357/1357 1356/1356
f 1311/1311 1356/1356 1310/1310
f 1271/1271 1317/1317 1316/1316
f 1271/1271 1316/1316 1270/1270
f 1298/1298 1344/1344 1343/1343
f 1298/1298 1343/1343 1297/1297
f 1285/1285 1331/1331 1330/1330
f 1285/1285 1330/1330 1284/1284
f 1312/1312 1358/1358 1357/1357
f 1312/1312 1357/1357 1311/1311
f 1272/1272 1318/1318 1317/1317
f 1272/1272 1317/1317 1271/1271
f 1299/1299 1345/1345 1344/1344
f 1299/1299 1344/1344 1298/1298
f 1286/1286 1332/1332 1331/1331
f 1286/1286 1331/1331 1285/1285
f 1313/1313 1359/1359 1358/1358
f 1313/1313 1358/1358 1312/1312
f 1273/1273 1319/1319 1318/1318
f 1273/1273 1318/1318 1272/1272
f 1300/1300 1346/1346 1345/1345
f 1300/1300 1345/1345 1299/1299
f 1287/1287 1333/1333 1332/1332
f 1287/1287 1332/1332 1286/1286
f 1314/1314 1360/1360 1359/1359
f 1314/1314 1359/1359 1313/1313
f 1274/1274 1320/1320 1319/1319
f 1274/1274 1319/1319 1273/1273
f 1301/1301 1347/1347 1346/1346
f 1301/1301 1346/1346 1300/1300
f 1288/1288 1334/1334 1333/1333
f 1288/1288 1333/1333 1287/1287
f 1269/1269 1315/1315 1360/1360
f 1269/1269 1360/1360 1314/1314
f 1275/1275 1321/1321 1320/1320
f 1275/1275 1320/1320 1274/1274
f 1302/1302 1348/1348 1347/1347
f 1302/1302 1347/1347 1301/1301
f 1289/1289 1335/1335 1334/1334
f 1289/1289 1334/1334 1288/1288
f 1276/1276 1322/1322 1321/1321
f 1276/1276 1321/1321 1275/1275
f 1303/1303 1349/1349 1348/1348
f 1303/1303 1348/1348 1302/1302
f 1290/1290 1336/1336 1335/1335
f 1290/1290 1335/1335 1289/1289
f 1277/1277 1323/1323 1322/1322
f 1277/1277 1322/1322 1276/1276
f 1304/1304 1350/1350 1349/1349
f 1304/1304 1349/1349 1303/1303
f 1291/1291 1337/1337 1336/1336
f 1291/1291 1336/1336 1290/1290
f 1278/1278 1324/1324 1323/1323
f 1278/1278 1323/1323 1277/1277
f 1305/1305 1351/1351 1350/1350
f 1305/1305 1350/1350 1304/1304
f 1292/1292 1338/1338 1337/1337
f 1292/1292 1337/1337 1291/1291
f 1279/1279 1325/1325 1324/1324
f 1279/1279 1324/1324 1278/1278
f 1306/1306 1352/1352 1351/1351
f 1306/1306 1351/1351 1305/1305
f 1293/1293 1339/1339 1338/1338
f 1293/1293 1338/1338 1292/1292
f 1280/1280 1326/1326 1325/1325
f 1280/1280 1325/1325 1279/1279
f 1307/1307 1353/1353 1352/1352
f 1307/1307 1352/1352 1306/1306
f 1294/1294 1340/1340 1339/1339
f 1294/1294 1339/1339 1293/1293
f 1281/1281 1327/1327 1326/1326
f 1281/1281 1326/1326 1280/1280
f 1308/1308 1354/1354 1353/1353
f 1308/1308 1353/1353 1307/1307
f 1295/1295 1341/1341 1340/1340
f 1295/1295 1340/1340 1294/1294
f 1282/1282 1328/1328 1327/1327
f 1282/1282 1327/1327 1281/1281
f 1309/1309 1355/1355 1354/1354
f 1309/1309 1354/1354 1308/1308
f 1503/1503 1505/1505 1410/1410
f 1503/1503 1410/1410 1408/1408
f 1637/1637 1640/1640 1500/1500
f 1637/1637 1500/1500 1498/1498
f 1634/1634 1637/1637 1498/1498
f 1634/1634 1498/1498 1496/1496
f 1631/1631 1634/1634 1496/1496
f 1631/1631 1496/1496 1494/1494
f 1628/1628 1631/1631 1494/1494
f 1628/1628 1494/1494 1492/1492
f 1625/1625 1628/1628 1492/1492
f 1625/1625 1492/1492 1490/1490
f 1622/1622 1625/1625 1490/1490
f 1622/1622 1490/1490 1488/1488
f 1619/1619 1622/1622 1488/1488
f 1619/1619 1488/1488 1486/1486
f 1616/1616 1619/1619 1486/1486
f 1616/1616 1486/1486 1484/1484
f 1613/1613 1616/1616 1484/1484
f 1613/1613 1484/1484 1482/1482
f 1610/1610 1613/1613 1482/1482
f 1610/1610 1482/1482 1480/1480
f 1607/1607 1610/1610 1480/1480
f 1607/1607 1480/1480 1478/1478
f 1604/1604 1607/1607 1478/1478
f 1604/1604 1478/1478 1476/1476
f 1601/1601 1604/1604 1476/1476
f 1601/1601 1476/1476 1474/1474
f 1598/1598 1601/1601 1474/1474
f 1598/1598 1474/1474 1472/1472
f 1592/1592 1598/1598 1472/1472
f 1592/1592 1472/1472 1468/1468
f 1589/1589 1593/1593 1469/1469
f 1589/1589 1469/1469 1466/1466
f 1586/1586 1589/1589 1466/1466
f 1586/1586 1466/1466 1464/1464
f 1583/1583 1586/1586 1464/1464
f 1583/1583 1464/1464 1462/1462
f 1580/1580 1583/1583 1462/1462
f 1580/1580 1462/1462 1460/1460
f 1577/1577 1580/1580 1460/1460
f 1577/1577 1460/1460 1458/1458
f 1574/1574 1577/1577 1458/1458
f 1574/1574 1458/1458 1456/1456
f 1571/1571 1574/1574 1456/1456
f 1571/1571 1456/1456 1454/1454
f 1568/1568 1571/1571 1454/1454
f 1568/1568 1454/1454 1452/1452
f 1565/1565 1568/1568 1452/1452
f 1565/1565 1452/1452 1450/1450
f 1562/1562 1565/1565 1450/1450
f 1562/1562 1450/1450 1448/1448
f 1559/1559 1562/1562 1448/1448
f 1559/1559 1448/1448 1446/1446
f 1556/1556 1559/1559 1446/1446
f 1556/1556 1446/1446 1444/1444
f 1553/1553 1556/1556 1444/1444
f 1553/1553 1444/1444 1442/1442
f 1550/1550 1553/1553 1442/1442
f 1550/1550 1442/1442 1440/1440
f 1547/1547 1550/1550 1440/1440
f 1547/1547 1440/1440 1438/1438
f 1544/1544 1547/1547 1438/1438
f 1544/1544 1438/1438 1436/1436
f 1541/1541 1544/1544 1436/1436
f 1541/1541 1436/1436 1434/1434
f 1538/1538 1541/1541 1434/1434
f 1538/1538 1434/1434 1432/1432
f 1535/1535 1538/1538 1432/1432
f 1535/1535 1432/1432 1430/1430
f 1532/1532 1535/1535 1430/1430
f 1532/1532 1430/1430 1428/1428
f 1529/1529 1532/1532 1428/1428
f 1529/1529 1428/1428 1426/1426
f 1526/1526 1529/1529 1426/1426
f 1526/1526 1426/1426 1424/1424
f 1523/1523 1526/1526 1424/1424
f 1523/1523 1424/1424 1422/1422
f 1520/1520 1523/1523 1422/1422
f 1520/1520 1422/1422 1420/1420
f 1517/1517 1520/1520 1420/1420
f 1517/1517 1420/1420 1418/1418
f 1514/1514 1517/1517 1418/1418
f 1514/1514 1418/1418 1416/1416
f 1511/1511 1514/1514 1416/1416
f 1511/1511 1416/1416 1414/1414
f 1508/1508 1511/1511 1414/1414
f 1508/1508 1414/1414 1412/1412
f 1505/1505 1508/1508 1412/1412
f 1505/1505 1412/1412 1410/1410
f 1362/1362 1506/1506 1502/1502
f 1362/1362 1502/1502 1361/1361
f 1407/1407 1641/1641 1638/1638
f 1407/1407 1638/1638 1406/1406
f 1406/1406 1638/1638 1635/1635
f 1406/1406 1635/1635 1405/1405
f 1405/1405 1635/1635 1632/1632
f 1405/1405 1632/1632 1404/1404
f 1404/1404 1632/1632 1629/1629
f 1404/1404 1629/1629 1403/1403
f 1403/1403 1629/1629 1626/1626
f 1403/1403 1626/1626 1402/1402
f 1402/1402 1626/1626 1623/1623
f 1402/1402 1623/1623 1401/1401
f 1401/1401 1623/1623 1620/1620
f 1401/1401 1620/1620 1400/1400
f 1400/1400 1620/1620 1617/1617
f 1400/1400 1617/1617 1399/1399
f 1399/1399 1617/1617 1614/1614
f 1399/1399 1614/1614 1398/1398
f 1398/1398 1614/1614 1611/1611
f 1398/1398 1611/1611 1397/1397
f 1397/1397 1611/1611 1608/1608
f 1397/1397 1608/1608 1396/1396
f 1396/1396 1608/1608 1605/1605
f 1396/1396 1605/1605 1395/1395
f 1395/1395 1605/1605 1602/1602
f 1395/1395 1602/1602 1394/1394
f 1394/1394 1602/1602 1599/1599
f 1394/1394 1599/1599 1393/1393
f 1393/1393 1599/1599 1594/1594
f 1393/1393 1594/1594 1391/1391
f 1392/1392 1595/1595 1590/1590
f 1392/1392 1590/1590 1390/1390
f 1390/1390 1590/1590 1587/1587
f 1390/1390 1587/1587 1389/1389
f 1389/1389 1587/1587 1584/1584
f 1389/1389 1584/1584 1388/1388
f 1388/1388 1584/1584 1581/1581
f 1388/1388 1581/1581 1387/1387
f 1387/1387 1581/1581 1578/1578
f 1387/1387 1578/1578 1386/1386
f 1386/1386 1578/1578 1575/1575
f 1386/1386 1575/1575 1385/1385
f 1385/1385 1575/1575 1572/1572
f 1385/1385 1572/1572 1384/1384
f 1384/1384 1572/1572 1569/1569
f 1384/1384 1569/1569 1383/1383
f 1383/1383 1569/1569 1566/1566
f 1383/1383 1566/1566 1382/1382
f 1382/1382 1566/1566 1563/1563
f 1382/1382 1563/1563 1381/1381
f 1381/1381 1563/1563 1560/1560
f 1381/1381 1560/1560 1380/1380
f 1380/1380 1560/1560 1557/1557
f 1380/1380 1557/1557 1379/1379
f 1379/1379 1557/1557 1554/1554
f 1379/1379 1554/1554 1378/1378
f 1378/1378 1554/1554 1551/1551
f 1378/1378 1551/1551 1377/1377
f 1377/1377 1551/1551 1548/1548
f 1377/1377 1548/1548 1376/1376
f 1376/1376 1548/1548 1545/1545
f 1376/1376 1545/1545 1375/1375
f 1375/1375 1545/1545 1542/1542
f 1375/1375 1542/1542 1374/1374
f 1374/1374 1542/1542 1539/1539
f 1374/1374 1539/1539 1373/1373
f 1373/1373 1539/1539 1536/1536
f 1373/1373 1536/1536 1372/1372
f 1372/1372 1536/1536 1533/1533
f 1372/1372 1533/1533 1371/1371
f 1371/1371 1533/1533 1530/1530
f 1371/1371 1530/1530 1370/1370
f 1370/1370 1530/1530 1527/1527
f 1370/1370 1527/1527 1369/1369
f 1369/1369 1527/1527 1524/1524
f 1369/1369 1524/1524 1368/1368
f 1368/1368 1524/1524 1521/1521
f 1368/1368 1521/1521 1367/1367
f 1367/1367 1521/1521 1518/1518
f 1367/1367 1518/1518 1366/1366
f 1366/1366 1518/1518 1515/1515
f 1366/1366 1515/1515 1365/1365
f 1365/1365 1515/1515 1512/1512
f 1365/1365 1512/1512 1364/1364
f 1364/1364 1512/1512 1509/1509
f 1364/1364 1509/1509 1363/1363
f 1363/1363 1509/1509 1506/1506
f 1363/1363 1506/1506 1362/1362
f 1361/1361 1502/1502 1641/1641
f 1361/1361 1641/1641 1407/1407
f 1503/1503 1640/1640 1642/1642
f 1503/1503 1642/1642 1504/1504
f 1504/1504 1642/1642 1641/1641
f 1504/1504 1641/1641 1502/1502
f 1640/1640 1637/1637 1639/1639
f 1640/1640 1639/1639 1642/1642
f 1642/1642 1639/1639 1638/1638
f 1642/1642 1638/1638 1641/1641
f 1637/1637 1634/1634 1636/1636
f 1637/1637 1636/1636 1639/1639
f 1639/1639 1636/1636 1635/1635
f 1639/1639 1635/1635 1638/1638
f 1634/1634 1631/1631 1633/1633
f 1634/1634 1633/1633 1636/1636
f 1636/1636 1633/1633 1632/1632
f 1636/1636 1632/1632 1635/1635
f 1631/1631 1628/1628 1630/1630
f 1631/1631 1630/1630 1633/1633
f 1633/1633 1630/1630 1629/1629
f 1633/1633 1629/1629 1632/1632
f 1628/1628 1625/1625 1627/1627
f 1628/1628 1627/1627 1630/1630
f 1630/1630 1627/1627 1626/1626
f 1630/1630 1626/1626 1629/1629
f 1625/1625 1622/1622 1624/1624
f 1625/1625 1624/1624 1627/1627
f 1627/1627 1624/1624 1623/1623
f 1627/1627 1623/1623 1626/1626
f 1622/1622 1619/1619 1621/1621
f 1622/1622 1621/1621 1624/1624
f 1624/1624 1621/1621 1620/1620
f 1624/1624 1620/1620 1623/1623
f 1619/1619 1616/1616 1618/1618
f 1619/1619 1618/1618 1621/1621
f 1621/1621 1618/1618 1617/1617
f 1621/1621 1617/1617 1620/1620
f 1616/1616 1613/1613 1615/1615
f 1616/1616 1615/1615 1618/1618
f 1618/1618 1615/1615 1614/1614
f 1618/1618 1614/1614 1617/1617
f 1613/1613 1610/1610 1612/1612
f 1613/1613 1612/1612 1615/1615
f 1615/1615 1612/1612 1611/1611
f 1615/1615 1611/1611 1614/1614
f 1610/1610 1607/1607 1609/1609
f 1610/1610 1609/1609 1612/1612
f 1612/1612 1609/1609 1608/1608
f 1612/1612 1608/1608 1611/1611
f 1607/1607 1604/1604 1606/1606
f 1607/1607 1606/1606 1609/1609
f 1609/1609 1606/1606 1605/1605
f 1609/1609 1605/1605 1608/1608
f 1604/1604 1601/1601 1603/1603
f 1604/1604 1603/1603 1606/1606
f 1606/1606 1603/1603 1602/1602
f 1606/1606 1602/1602 1605/1605
f 1601/1601 1598/1598 1600/1600
f 1601/1601 1600/1600 1603/1603
f 1603/1603 1600/1600 1599/1599
f 1603/1603 1599/1599 1602/1602
f 1598/1598 1592/1592 1596/1596
f 1598/1598 1596/1596 1600/1600
f 1600/1600 1596/1596 1594/1594
f 1600/1600 1594/1594 1599/1599
f 1593/1593 1589/1589 1591/1591
f 1593/1593 1591/1591 1597/1597
f 1597/1597 1591/1591 1590/1590
f 1597/1597 1590/1590 1595/1595
f 1589/1589 1586/1586 1588/1588
f 1589/1589 1588/1588 1591/1591
f 1591/1591 1588/1588 1587/1587
f 1591/1591 1587/1587 1590/1590
f 1586/1586 1583/1583 1585/1585
f 1586/1586 1585/1585 1588/1588
f 1588/1588 1585/1585 1584/1584
f 1588/1588 1584/1584 1587/1587
f 1583/1583 1580/1580 1582/1582
f 1583/1583 1582/1582 1585/1585
f 1585/1585 1582/1582 1581/1581
f 1585/1585 1581/1581 1584/1584
f 1580/1580 1577/1577 1579/1579
f 1580/1580 1579/1579 1582/1582
f 1582/1582 1579/1579 1578/1578
f 1582/1582 1578/1578 1581/1581
f 1577/1577 1574/1574 1576/1576
f 1577/1577 1576/1576 1579/1579
f 1579/1579 1576/1576 1575/1575
f 1579/1579 1575/1575 1578/1578
f 1574/1574 1571/1571 1573/1573
f 1574/1574 1573/1573 1576/1576
f 1576/1576 1573/1573 1572/1572
f 1576/1576 1572/1572 1575/1575
f 1571/1571 1568/1568 1570/1570
f 1571/1571 1570/1570 1573/1573
f 1573/1573 1570/1570 1569/1569
f 1573/1573 1569/1569 1572/1572
f 1568/1568 1565/1565 1567/1567
f 1568/1568 1567/1567 1570/1570
f 1570/1570 1567/1567 1566/1566
f 1570/1570 1566/1566 1569/1569
f 1565/1565 1562/1562 1564/1564
f 1565/1565 1564/1564 1567/1567
f 1567/1567 1564/1564 1563/1563
f 1567/1567 1563/1563 1566/1566
f 1562/1562 1559/1559 1561/1561
f 1562/1562 1561/1561 1564/1564
f 1564/1564 1561/1561 1560/1560
f 1564/1564 1560/1560 1563/1563
f 1559/1559 1556/1556 1558/1558
f 1559/1559 1558/1558 1561/1561
f 1561/1561 1558/1558 1557/1557
f 1561/1561 1557/1557 1560/1560
f 1556/1556 1553/1553 1555/1555
f 1556/1556 1555/1555 1558/1558
f 1558/1558 1555/1555 1554/1554
f 1558/1558 1554/1554 1557/1557
f 1553/1553 1550/1550 1552/1552
f 1553/1553 1552/1552 1555/1555
f 1555/1555 1552/1552 1551/1551
f 1555/1555 1551/1551 1554/1554
f 1550/1550 1547/1547 1549/1549
f 1550/1550 1549/1549 1552/1552
f 1552/1552 1549/1549 1548/1548
f 1552/1552 1548/1548 1551/1551
f 1547/1547 1544/1544 1546/1546
f 1547/1547 1546/1546 1549/1549
f 1549/1549 1546/1546 1545/1545
f 1549/1549 1545/1545 1548/1548
f 1544/1544 1541/1541 1543/1543
f 1544/1544 1543/1543 1546/1546
f 1546/1546 1543/1543 1542/1542
f 1546/1546 1542/1542 1545/1545
f 1541/1541 1538/1538 1540/1540
f 1541/1541 1540/1540 1543/1543
f 1543/1543 1540/1540 1539/1539
f 1543/1543 1539/1539 1542/1542
f 1538/1538 1535/1535 1537/1537
f 1538/1538 1537/1537 1540/1540
f 1540/1540 1537/1537 1536/1536
f 1540/1540 1536/1536 1539/1539
f 1535/1535 1532/1532 1534/1534
f 1535/1535 1534/1534 1537/1537
f 1537/1537 1534/1534 1533/1533
f 1537/1537 1533/1533 1536/1536
f 1532/1532 1529/1529 1531/1531
f 1532/1532 1531/1531 1534/1534
f 1534/1534 1531/1531 1530/1530
f 1534/1534 1530/1530 1533/1533
f 1529/1529 1526/1526 1528/1528
f 1529/1529 1528/1528 1531/1531
f 1531/1531 1528/1528 1527/1527
f 1531/1531 1527/1527 1530/1530
f 1526/1526 1523/1523 1525/1525
f 1526/1526 1525/1525 1528/1528
f 1528/1528 1525/1525 1524/1524
f 1528/1528 1524/1524 1527/1527
f 1523/1523 1520/1520 1522/1522
f 1523/1523 1522/1522 1525/1525
f 1525/1525 1522/1522 1521/1521
f 1525/1525 1521/1521 1524/1524
f 1520/1520 1517/1517 1519/1519
f 1520/1520 1519/1519 1522/1522
f 1522/1522 1519/1519 1518/1518
f 1522/1522 1518/1518 1521/1521
f 1517/1517 1514/1514 1516/1516
f 1517/1517 1516/1516 1519/1519
f 1519/1519 1516/1516 1515/1515
f 1519/1519 1515/1515 1518/1518
f 1514/1514 1511/1511 1513/1513
f 1514/1514 1513/1513 1516/1516
f 1516/1516 1513/1513 1512/1512
f 1516/1516 1512/1512 1515/1515
f 1511/1511 1508/1508 1510/1510
f 1511/1511 1510/1510 1513/1513
f 1513/1513 1510/1510 1509/1509
f 1513/1513 1509/1509 1512/1512
f 1508/1508 1505/1505 1507/1507
f 1508/1508 1507/1507 1510/1510
f 1510/1510 1507/1507 1506/1506
f 1510/1510 1506/1506 1509/1509
f 1505/1505 1503/1503 1504/1504
f 1505/1505 1504/1504 1507/1507
f 1507/1507 1504/1504 1502/1502
f 1507/1507 1502/1502 1506/1506
f 1640/1640 1503/1503 1408/1408
f 1640/1640 1408/1408 1500/1500
f 674/674 1270/1270 1269/1269
f 674/674 1269/1269 661/661
f 1666/1666 1643/1643 1670/1670
f 1666/1666 1670/1670 1705/1705
f 1661/1661 1668/1668 1667/1667
f 1659/1659 1668/1668 1661/1661
f 1657/1657 1668/1668 1659/1659
f 1655/1655 1668/1668 1657/1657
f 1653/1653 1668/1668 1655/1655
f 1650/1650 1668/1668 1653/1653
f 1648/1648 1668/1668 1650/1650
f 1646/1646 1668/1668 1648/1648
f 1644/1644 1668/1668 1646/1646
f 1649/1649 1652/1652 1684/1684
f 1649/1649 1684/1684 1680/1680
f 1663/1663 1668/1668 1644/1644
f 1665/1665 1668/1668 1663/1663
f 1672/1672 1667/1667 1665/1665
f 1672/1672 1665/1665 1671/1671
f 1647/1647 1649/1649 1680/1680
f 1647/1647 1680/1680 1677/1677
f 1664/1664 1666/1666 1705/1705
f 1664/1664 1705/1705 1702/1702
f 1662/1662 1664/1664 1702/1702
f 1662/1662 1702/1702 1699/1699
f 1660/1660 1662/1662 1699/1699
f 1660/1660 1699/1699 1696/1696
f 1658/1658 1660/1660 1696/1696
f 1658/1658 1696/1696 1693/1693
f 1656/1656 1658/1658 1693/1693
f 1656/1656 1693/1693 1690/1690
f 1654/1654 1656/1656 1690/1690
f 1654/1654 1690/1690 1687/1687
f 1651/1651 1654/1654 1687/1687
f 1651/1651 1687/1687 1683/1683
f 1645/1645 1647/1647 1677/1677
f 1645/1645 1677/1677 1674/1674
f 1643/1643 1645/1645 1674/1674
f 1643/1643 1674/1674 1670/1670
f 1673/1673 1672/1672 1671/1671
f 1673/1673 1671/1671 1669/1669
f 1676/1676 1675/1675 1672/1672
f 1676/1676 1672/1672 1673/1673
f 1679/1679 1678/1678 1675/1675
f 1679/1679 1675/1675 1676/1676
f 1682/1682 1681/1681 1678/1678
f 1682/1682 1678/1678 1679/1679
f 1686/1686 1685/1685 1681/1681
f 1686/1686 1681/1681 1682/1682
f 1689/1689 1688/1688 1685/1685
f 1689/1689 1685/1685 1686/1686
f 1692/1692 1691/1691 1688/1688
f 1692/1692 1688/1688 1689/1689
f 1695/1695 1694/1694 1691/1691
f 1695/1695 1691/1691 1692/1692
f 1698/1698 1697/1697 1694/1694
f 1698/1698 1694/1694 1695/1695
f 1701/1701 1700/1700 1697/1697
f 1701/1701 1697/1697 1698/1698
f 1704/1704 1703/1703 1700/1700
f 1704/1704 1700/1700 1701/1701
f 1669/1669 1671/1671 1703/1703
f 1669/1669 1703/1703 1704/1704
f 1667/1667 1668/1668 1665/1665
f 1671/1671 1665/1665 1663/1663
f 1671/1671 1663/1663 1703/1703
f 1703/1703 1663/1663 1644/1644
f 1703/1703 1644/1644 1700/1700
f 1700/1700 1644/1644 1646/1646
f 1700/1700 1646/1646 1697/1697
f 1697/1697 1646/1646 1648/1648
f 1697/1697 1648/1648 1694/1694
f 1694/1694 1648/1648 1650/1650
f 1694/1694 1650/1650 1691/1691
f 1691/1691 1650/1650 1653/1653
f 1691/1691 1653/1653 1688/1688
f 1688/1688 1653/1653 1655/1655
f 1688/1688 1655/1655 1685/1685
f 1685/1685 1655/1655 1657/1657
f 1685/1685 1657/1657 1681/1681
f 1681/1681 1657/1657 1659/1659
f 1681/1681 1659/1659 1678/1678
f 1678/1678 1659/1659 1661/1661
f 1678/1678 1661/1661 1675/1675
f 1675/1675 1661/1661 1667/1667
f 1675/1675 1667/1667 1672/1672
f 1742/1742 1707/1707 1760/1760
f 1742/1742 1760/1760 1758/1758
f 1760/1760 1707/1707 1709/1709
f 1760/1760 1709/1709 1759/1759
f 1757/1757 1759/1759 1709/1709
f 1757/1757 1709/1709 1711/1711
f 1757/1757 1756/1756 1764/1764
f 1757/1757 1764/1764 1763/1763
f 1756/1756 1755/1755 1765/1765
f 1756/1756 1765/1765 1764/1764
f 1755/1755 1754/1754 1766/1766
f 1755/1755 1766/1766 1765/1765
f 1754/1754 1753/1753 1767/1767
f 1754/1754 1767/1767 1766/1766
f 1753/1753 1752/1752 1768/1768
f 1753/1753 1768/1768 1767/1767
f 1752/1752 1751/1751 1769/1769
f 1752/1752 1769/1769 1768/1768
f 1751/1751 1750/1750 1770/1770
f 1751/1751 1770/1770 1769/1769
f 1750/1750 1749/1749 1771/1771
f 1750/1750 1771/1771 1770/1770
f 1749/1749 1748/1748 1772/1772
f 1749/1749 1772/1772 1771/1771
f 1748/1748 1747/1747 1773/1773
f 1748/1748 1773/1773 1772/1772
f 1747/1747 1746/1746 1774/1774
f 1747/1747 1774/1774 1773/1773
f 1746/1746 1745/1745 1775/1775
f 1746/1746 1775/1775 1774/1774
f 1745/1745 1744/1744 1776/1776
f 1745/1745 1776/1776 1775/1775
f 1744/1744 1743/1743 1777/1777
f 1744/1744 1777/1777 1776/1776
f 1743/1743 1758/1758 1778/1778
f 1743/1743 1778/1778 1777/1777
f 1738/1738 1740/1740 1743/1743
f 1738/1738 1743/1743 1744/1744
f 1761/1761 1760/1760 1759/1759
f 1761/1761 1759/1759 1762/1762
f 1763/1763 1762/1762 1759/1759
f 1763/1763 1759/1759 1757/1757
f 1711/1711 1713/1713 1756/1756
f 1711/1711 1756/1756 1757/1757
f 1713/1713 1715/1715 1755/1755
f 1713/1713 1755/1755 1756/1756
f 1715/1715 1717/1717 1754/1754
f 1715/1715 1754/1754 1755/1755
f 1717/1717 1719/1719 1753/1753
f 1717/1717 1753/1753 1754/1754
f 1719/1719 1721/1721 1752/1752
f 1719/1719 1752/1752 1753/1753
f 1721/1721 1723/1723 1751/1751
f 1721/1721 1751/1751 1752/1752
f 1723/1723 1725/1725 1750/1750
f 1723/1723 1750/1750 1751/1751
f 1725/1725 1727/1727 1749/1749
f 1725/1725 1749/1749 1750/1750
f 1727/1727 1729/1729 1748/1748
f 1727/1727 1748/1748 1749/1749
f 1729/1729 1731/1731 1747/1747
f 1729/1729 1747/1747 1748/1748
f 1731/1731 1733/1733 1746/1746
f 1731/1731 1746/1746 1747/1747
f 1733/1733 1735/1735 1745/1745
f 1733/1733 1745/1745 1746/1746
f 1735/1735 1738/1738 1744/1744
f 1735/1735 1744/1744 1745/1745
f 1767/1767 2853/2853 1766/1766
f 1740/1740 1742/1742 1758/1758
f 1740/1740 1758/1758 1743/1743
f 1758/1758 1760/1760 1761/1761
f 1758/1758 1761/1761 1778/1778
f 1720/1720 1718/1718 1791/1791
f 1720/1720 1791/1791 1790/1790
f 1710/1710 1708/1708 1796/1796
f 1710/1710 1796/1796 1795/1795
f 1734/1734 1732/1732 1784/1784
f 1734/1734 1784/1784 1783/1783
f 1724/1724 1722/1722 1789/1789
f 1724/1724 1789/1789 1788/1788
f 1714/1714 1712/1712 1794/1794
f 1714/1714 1794/1794 1793/1793
f 1739/1739 1736/1736 1781/1781
f 1739/1739 1781/1781 1780/1780
f 1728/1728 1726/1726 1787/1787
f 1728/1728 1787/1787 1786/1786
f 1718/1718 1716/1716 1792/1792
f 1718/1718 1792/1792 1791/1791
f 1706/1706 1741/1741 1779/1779
f 1706/1706 1779/1779 1797/1797
f 1732/1732 1730/1730 1785/1785
f 1732/1732 1785/1785 1784/1784
f 1708/1708 1706/1706 1797/1797
f 1708/1708 1797/1797 1796/1796
f 1722/1722 1720/1720 1790/1790
f 1722/1722 1790/1790 1789/1789
f 1712/1712 1710/1710 1795/1795
f 1712/1712 1795/1795 1794/1794
f 1737/1737 1734/1734 1783/1783
f 1737/1737 1783/1783 1782/1782
f 1726/1726 1724/1724 1788/1788
f 1726/1726 1788/1788 1787/1787
f 1716/1716 1714/1714 1793/1793
f 1716/1716 1793/1793 1792/1792
f 1741/1741 1739/1739 1780/1780
f 1741/1741 1780/1780 1779/1779
f 1730/1730 1728/1728 1786/1786
f 1730/1730 1786/1786 1785/1785
f 1897/1897 1899/1899 1843/1843
f 1897/1897 1843/1843 1845/1845
f 1881/1881 1882/1882 1859/1859
f 1881/1881 1859/1859 1863/1863
f 1895/1895 1897/1897 1845/1845
f 1895/1895 1845/1845 1847/1847
f 1879/1879 1881/1881 1863/1863
f 1879/1879 1863/1863 1865/1865
f 1893/1893 1895/1895 1847/1847
f 1893/1893 1847/1847 1849/1849
f 1877/1877 1879/1879 1865/1865
f 1877/1877 1865/1865 1867/1867
f 1891/1891 1893/1893 1849/1849
f 1891/1891 1849/1849 1851/1851
f 1906/1906 1908/1908 1836/1836
f 1906/1906 1836/1836 1838/1838
f 1875/1875 1877/1877 1867/1867
f 1875/1875 1867/1867 1869/1869
f 1889/1889 1891/1891 1851/1851
f 1889/1889 1851/1851 1853/1853
f 1904/1904 1906/1906 1838/1838
f 1904/1904 1838/1838 1840/1840
f 1873/1873 1875/1875 1869/1869
f 1873/1873 1869/1869 1871/1871
f 1887/1887 1889/1889 1853/1853
f 1887/1887 1853/1853 1855/1855
f 1902/1902 1904/1904 1840/1840
f 1902/1902 1840/1840 1842/1842
f 1908/1908 1873/1873 1871/1871
f 1908/1908 1871/1871 1836/1836
f 1885/1885 1887/1887 1855/1855
f 1885/1885 1855/1855 1857/1857
f 1899/1899 1902/1902 1842/1842
f 1899/1899 1842/1842 1843/1843
f 1882/1882 1885/1885 1857/1857
f 1882/1882 1857/1857 1859/1859
f 1813/1813 1811/1811 1896/1896
f 1813/1813 1896/1896 1894/1894
f 1803/1803 1801/1801 1905/1905
f 1803/1803 1905/1905 1903/1903
f 1828/1828 1826/1826 1880/1880
f 1828/1828 1880/1880 1878/1878
f 1817/1817 1815/1815 1892/1892
f 1817/1817 1892/1892 1890/1890
f 1807/1807 1805/1805 1901/1901
f 1807/1807 1901/1901 1900/1900
f 1832/1832 1830/1830 1876/1876
f 1832/1832 1876/1876 1874/1874
f 1821/1821 1819/1819 1888/1888
f 1821/1821 1888/1888 1886/1886
f 1811/1811 1809/1809 1898/1898
f 1811/1811 1898/1898 1896/1896
f 1799/1799 1834/1834 1872/1872
f 1799/1799 1872/1872 1907/1907
f 1826/1826 1823/1823 1883/1883
f 1826/1826 1883/1883 1880/1880
f 1801/1801 1799/1799 1907/1907
f 1801/1801 1907/1907 1905/1905
f 1815/1815 1813/1813 1894/1894
f 1815/1815 1894/1894 1892/1892
f 1805/1805 1803/1803 1903/1903
f 1805/1805 1903/1903 1901/1901
f 1830/1830 1828/1828 1878/1878
f 1830/1830 1878/1878 1876/1876
f 1819/1819 1817/1817 1890/1890
f 1819/1819 1890/1890 1888/1888
f 1809/1809 1807/1807 1900/1900
f 1809/1809 1900/1900 1898/1898
f 1834/1834 1832/1832 1874/1874
f 1834/1834 1874/1874 1872/1872
f 1824/1824 1821/1821 1886/1886
f 1824/1824 1886/1886 1884/1884
f 1848/1848 1846/1846 1920/1920
f 1848/1848 1920/1920 1922/1922
f 1864/1864 1862/1862 1936/1936
f 1864/1864 1936/1936 1938/1938
f 1850/1850 1848/1848 1922/1922
f 1850/1850 1922/1922 1924/1924
f 1866/1866 1864/1864 1938/1938
f 1866/1866 1938/1938 1940/1940
f 1852/1852 1850/1850 1924/1924
f 1852/1852 1924/1924 1926/1926
f 1837/1837 1835/1835 1909/1909
f 1837/1837 1909/1909 1911/1911
f 1868/1868 1866/1866 1940/1940
f 1868/1868 1940/1940 1942/1942
f 1854/1854 1852/1852 1926/1926
f 1854/1854 1926/1926 1928/1928
f 1839/1839 1837/1837 1911/1911
f 1839/1839 1911/1911 1913/1913
f 1870/1870 1868/1868 1942/1942
f 1870/1870 1942/1942 1944/1944
f 1856/1856 1854/1854 1928/1928
f 1856/1856 1928/1928 1930/1930
f 1841/1841 1839/1839 1913/1913
f 1841/1841 1913/1913 1915/1915
f 1835/1835 1870/1870 1944/1944
f 1835/1835 1944/1944 1909/1909
f 1858/1858 1856/1856 1930/1930
f 1858/1858 1930/1930 1932/1932
f 1844/1844 1841/1841 1915/1915
f 1844/1844 1915/1915 1918/1918
f 1860/1860 1858/1858 1932/1932
f 1860/1860 1932/1932 1935/1935
f 1846/1846 1844/1844 1918/1918
f 1846/1846 1918/1918 1920/1920
f 1862/1862 1861/1861 1934/1934
f 1862/1862 1934/1934 1936/1936
f 1917/1917 1916/1916 1953/1953
f 1917/1917 1953/1953 1954/1954
f 1933/1933 1931/1931 1968/1968
f 1933/1933 1968/1968 1970/1970
f 1919/1919 1917/1917 1954/1954
f 1919/1919 1954/1954 1956/1956
f 1937/1937 1933/1933 1970/1970
f 1937/1937 1970/1970 1974/1974
f 1921/1921 1919/1919 1956/1956
f 1921/1921 1956/1956 1958/1958
f 1939/1939 1937/1937 1974/1974
f 1939/1939 1974/1974 1976/1976
f 1923/1923 1921/1921 1958/1958
f 1923/1923 1958/1958 1960/1960
f 1941/1941 1939/1939 1976/1976
f 1941/1941 1976/1976 1978/1978
f 1925/1925 1923/1923 1960/1960
f 1925/1925 1960/1960 1962/1962
f 1912/1912 1910/1910 1947/1947
f 1912/1912 1947/1947 1949/1949
f 1943/1943 1941/1941 1978/1978
f 1943/1943 1978/1978 1980/1980
f 1927/1927 1925/1925 1962/1962
f 1927/1927 1962/1962 1964/1964
f 1914/1914 1912/1912 1949/1949
f 1914/1914 1949/1949 1951/1951
f 1945/1945 1943/1943 1980/1980
f 1945/1945 1980/1980 1982/1982
f 1929/1929 1927/1927 1964/1964
f 1929/1929 1964/1964 1966/1966
f 1916/1916 1914/1914 1951/1951
f 1916/1916 1951/1951 1953/1953
f 1910/1910 1945/1945 1982/1982
f 1910/1910 1982/1982 1947/1947
f 1931/1931 1929/1929 1966/1966
f 1931/1931 1966/1966 1968/1968
f 1957/1957 1955/1955 1987/1987
f 1957/1957 1987/1987 1988/1988
f 1973/1973 1972/1972 1996/1996
f 1973/1973 1996/1996 1997/1997
f 1959/1959 1957/1957 1988/1988
f 1959/1959 1988/1988 1989/1989
f 1975/1975 1973/1973 1997/1997
f 1975/1975 1997/1997 1998/1998
f 1961/1961 1959/1959 1989/1989
f 1961/1961 1989/1989 1990/1990
f 1977/1977 1975/1975 1998/1998
f 1977/1977 1998/1998 1999/1999
f 1963/1963 1961/1961 1990/1990
f 1963/1963 1990/1990 1991/1991
f 1948/1948 1946/1946 1983/1983
f 1948/1948 1983/1983 1984/1984
f 1979/1979 1977/1977 1999/1999
f 1979/1979 1999/1999 2000/2000
f 1965/1965 1963/1963 1991/1991
f 1965/1965 1991/1991 1992/1992
f 1950/1950 1948/1948 1984/1984
f 1950/1950 1984/1984 1985/1985
f 1981/1981 1979/1979 2000/2000
f 1981/1981 2000/2000 2001/2001
f 1967/1967 1965/1965 1992/1992
f 1967/1967 1992/1992 1993/1993
f 1952/1952 1950/1950 1985/1985
f 1952/1952 1985/1985 1986/1986
f 1946/1946 1981/1981 2001/2001
f 1946/1946 2001/2001 1983/1983
f 1969/1969 1967/1967 1993/1993
f 1969/1969 1993/1993 1994/1994
f 1955/1955 1952/1952 1986/1986
f 1955/1955 1986/1986 1987/1987
f 1971/1971 1969/1969 1994/1994
f 1971/1971 1994/1994 1995/1995
f 1798/1798 1800/1800 2003/2003
f 1798/1798 2003/2003 2002/2002
f 1827/1827 1829/1829 2017/2017
f 1827/1827 2017/2017 2016/2016
f 1812/1812 1814/1814 2010/2010
f 1812/1812 2010/2010 2009/2009
f 1829/1829 1831/1831 2018/2018
f 1829/1829 2018/2018 2017/2017
f 1814/1814 1816/1816 2011/2011
f 1814/1814 2011/2011 2010/2010
f 1800/1800 1802/1802 2004/2004
f 1800/1800 2004/2004 2003/2003
f 1831/1831 1833/1833 2019/2019
f 1831/1831 2019/2019 2018/2018
f 1816/1816 1818/1818 2012/2012
f 1816/1816 2012/2012 2011/2011
f 1802/1802 1804/1804 2005/2005
f 1802/1802 2005/2005 2004/2004
f 1833/1833 1798/1798 2002/2002
f 1833/1833 2002/2002 2019/2019
f 1818/1818 1820/1820 2013/2013
f 1818/1818 2013/2013 2012/2012
f 1804/1804 1806/1806 2006/2006
f 1804/1804 2006/2006 2005/2005
f 1820/1820 1822/1822 2014/2014
f 1820/1820 2014/2014 2013/2013
f 1806/1806 1808/1808 2007/2007
f 1806/1806 2007/2007 2006/2006
f 1822/1822 1825/1825 2015/2015
f 1822/1822 2015/2015 2014/2014
f 1808/1808 1810/1810 2008/2008
f 1808/1808 2008/2008 2007/2007
f 1825/1825 1827/1827 2016/2016
f 1825/1825 2016/2016 2015/2015
f 1810/1810 1812/1812 2009/2009
f 1810/1810 2009/2009 2008/2008
f 2337/2337 2083/2083 2020/2020
f 2338/2338 2337/2337 2020/2020
f 2338/2338 2020/2020 2021/2021
f 2339/2339 2338/2338 2021/2021
f 2339/2339 2021/2021 2022/2022
f 2340/2340 2339/2339 2022/2022
f 2340/2340 2022/2022 2023/2023
f 2341/2341 2340/2340 2023/2023
f 2341/2341 2023/2023 2024/2024
f 2436/2436 2341/2341 2024/2024
f 2436/2436 2024/2024 2391/2391
f 2391/2391 2024/2024 2031/2031
f 2391/2391 2031/2031 2392/2392
f 2020/2020 2083/2083 2027/2027
f 2021/2021 2020/2020 2027/2027
f 2021/2021 2027/2027 2028/2028
f 2022/2022 2021/2021 2028/2028
f 2022/2022 2028/2028 2029/2029
f 2023/2023 2022/2022 2029/2029
f 2023/2023 2029/2029 2030/2030
f 2024/2024 2023/2023 2030/2030
f 2024/2024 2030/2030 2031/2031
f 2027/2027 2083/2083 2034/2034
f 2028/2028 2027/2027 2034/2034
f 2028/2028 2034/2034 2035/2035
f 2029/2029 2028/2028 2035/2035
f 2029/2029 2035/2035 2036/2036
f 2030/2030 2029/2029 2036/2036
f 2030/2030 2036/2036 2037/2037
f 2031/2031 2030/2030 2037/2037
f 2031/2031 2037/2037 2038/2038
f 2392/2392 2031/2031 2038/2038
f 2392/2392 2038/2038 2393/2393
f 2037/2037 2036/2036 2043/2043
f 2037/2037 2043/2043 2044/2044
f 2038/2038 2037/2037 2044/2044
f 2038/2038 2044/2044 2045/2045
f 2393/2393 2038/2038 2045/2045
f 2393/2393 2045/2045 2394/2394
f 2034/2034 2083/2083 2041/2041
f 2035/2035 2034/2034 2041/2041
f 2035/2035 2041/2041 2042/2042
f 2036/2036 2035/2035 2042/2042
f 2036/2036 2042/2042 2043/2043
f 2041/2041 2083/2083 2048/2048
f 2042/2042 2041/2041 2048/2048
f 2042/2042 2048/2048 2049/2049
f 2043/2043 2042/2042 2049/2049
f 2043/2043 2049/2049 2050/2050
f 2044/2044 2043/2043 2050/2050
f 2044/2044 2050/2050 2051/2051
f 2045/2045 2044/2044 2051/2051
f 2045/2045 2051/2051 2052/2052
f 2394/2394 2045/2045 2052/2052
f 2394/2394 2052/2052 2395/2395
f 2049/2049 2048/2048 2055/2055
f 2049/2049 2055/2055 2056/2056
f 2050/2050 2049/2049 2056/2056
f 2050/2050 2056/2056 2057/2057
f 2051/2051 2050/2050 2057/2057
f 2051/2051 2057/2057 2058/2058
f 2052/2052 2051/2051 2058/2058
f 2052/2052 2058/2058 2059/2059
f 2395/2395 2052/2052 2059/2059
f 2395/2395 2059/2059 2396/2396
f 2048/2048 2083/2083 2055/2055
f 2059/2059 2058/2058 2065/2065
f 2059/2059 2065/2065 2066/2066
f 2396/2396 2059/2059 2066/2066
f 2396/2396 2066/2066 2397/2397
f 2055/2055 2083/2083 2062/2062
f 2056/2056 2055/2055 2062/2062
f 2056/2056 2062/2062 2063/2063
f 2057/2057 2056/2056 2063/2063
f 2057/2057 2063/2063 2064/2064
f 2058/2058 2057/2057 2064/2064
f 2058/2058 2064/2064 2065/2065
f 2062/2062 2083/2083 2069/2069
f 2063/2063 2062/2062 2069/2069
f 2063/2063 2069/2069 2070/2070
f 2064/2064 2063/2063 2070/2070
f 2064/2064 2070/2070 2071/2071
f 2065/2065 2064/2064 2071/2071
f 2065/2065 2071/2071 2072/2072
f 2066/2066 2065/2065 2072/2072
f 2066/2066 2072/2072 2073/2073
f 2397/2397 2066/2066 2073/2073
f 2397/2397 2073/2073 2398/2398
f 2071/2071 2070/2070 2077/2077
f 2071/2071 2077/2077 2078/2078
f 2072/2072 2071/2071 2078/2078
f 2072/2072 2078/2078 2079/2079
f 2073/2073 2072/2072 2079/2079
f 2073/2073 2079/2079 2080/2080
f 2398/2398 2073/2073 2080/2080
f 2398/2398 2080/2080 2399/2399
f 2069/2069 2083/2083 2076/2076
f 2070/2070 2069/2069 2076/2076
f 2070/2070 2076/2076 2077/2077
f 2399/2399 2080/2080 2088/2088
f 2399/2399 2088/2088 2400/2400
f 2076/2076 2083/2083 2084/2084
f 2077/2077 2076/2076 2084/2084
f 2077/2077 2084/2084 2085/2085
f 2078/2078 2077/2077 2085/2085
f 2078/2078 2085/2085 2086/2086
f 2079/2079 2078/2078 2086/2086
f 2079/2079 2086/2086 2087/2087
f 2080/2080 2079/2079 2087/2087
f 2080/2080 2087/2087 2088/2088
f 2084/2084 2083/2083 2091/2091
f 2085/2085 2084/2084 2091/2091
f 2085/2085 2091/2091 2092/2092
f 2086/2086 2085/2085 2092/2092
f 2086/2086 2092/2092 2093/2093
f 2087/2087 2086/2086 2093/2093
f 2087/2087 2093/2093 2094/2094
f 2088/2088 2087/2087 2094/2094
f 2088/2088 2094/2094 2095/2095
f 2400/2400 2088/2088 2095/2095
f 2400/2400 2095/2095 2401/2401
f 2094/2094 2093/2093 2100/2100
f 2094/2094 2100/2100 2101/2101
f 2095/2095 2094/2094 2101/2101
f 2095/2095 2101/2101 2102/2102
f 2401/2401 2095/2095 2102/2102
f 2401/2401 2102/2102 2402/2402
f 2091/2091 2083/2083 2098/2098
f 2092/2092 2091/2091 2098/2098
f 2092/2092 2098/2098 2099/2099
f 2093/2093 2092/2092 2099/2099
f 2093/2093 2099/2099 2100/2100
f 2098/2098 2083/2083 2105/2105
f 2099/2099 2098/2098 2105/2105
f 2099/2099 2105/2105 2106/2106
f 2100/2100 2099/2099 2106/2106
f 2100/2100 2106/2106 2107/2107
f 2101/2101 2100/2100 2107/2107
f 2101/2101 2107/2107 2108/2108
f 2102/2102 2101/2101 2108/2108
f 2102/2102 2108/2108 2109/2109
f 2402/2402 2102/2102 2109/2109
f 2402/2402 2109/2109 2403/2403
f 2106/2106 2105/2105 2112/2112
f 2106/2106 2112/2112 2113/2113
f 2107/2107 2106/2106 2113/2113
f 2107/2107 2113/2113 2114/2114
f 2108/2108 2107/2107 2114/2114
f 2108/2108 2114/2114 2115/2115
f 2109/2109 2108/2108 2115/2115
f 2109/2109 2115/2115 2116/2116
f 2403/2403 2109/2109 2116/2116
f 2403/2403 2116/2116 2404/2404
f 2105/2105 2083/2083 2112/2112
f 2116/2116 2115/2115 2122/2122
f 2116/2116 2122/2122 2123/2123
f 2404/2404 2116/2116 2123/2123
f 2404/2404 2123/2123 2405/2405
f 2112/2112 2083/2083 2119/2119
f 2113/2113 2112/2112 2119/2119
f 2113/2113 2119/2119 2120/2120
f 2114/2114 2113/2113 2120/2120
f 2114/2114 2120/2120 2121/2121
f 2115/2115 2114/2114 2121/2121
f 2115/2115 2121/2121 2122/2122
f 2119/2119 2083/2083 2126/2126
f 2120/2120 2119/2119 2126/2126
f 2120/2120 2126/2126 2127/2127
f 2121/2121 2120/2120 2127/2127
f 2121/2121 2127/2127 2128/2128
f 2122/2122 2121/2121 2128/2128
f 2122/2122 2128/2128 2129/2129
f 2123/2123 2122/2122 2129/2129
f 2123/2123 2129/2129 2130/2130
f 2405/2405 2123/2123 2130/2130
f 2405/2405 2130/2130 2406/2406
f 2128/2128 2127/2127 2134/2134
f 2128/2128 2134/2134 2135/2135
f 2129/2129 2128/2128 2135/2135
f 2129/2129 2135/2135 2136/2136
f 2130/2130 2129/2129 2136/2136
f 2130/2130 2136/2136 2137/2137
f 2406/2406 2130/2130 2137/2137
f 2406/2406 2137/2137 2407/2407
f 2126/2126 2083/2083 2133/2133
f 2127/2127 2126/2126 2133/2133
f 2127/2127 2133/2133 2134/2134
f 2407/2407 2137/2137 2144/2144
f 2407/2407 2144/2144 2408/2408
f 2133/2133 2083/2083 2140/2140
f 2134/2134 2133/2133 2140/2140
f 2134/2134 2140/2140 2141/2141
f 2135/2135 2134/2134 2141/2141
f 2135/2135 2141/2141 2142/2142
f 2136/2136 2135/2135 2142/2142
f 2136/2136 2142/2142 2143/2143
f 2137/2137 2136/2136 2143/2143
f 2137/2137 2143/2143 2144/2144
f 2141/2141 2140/2140 2147/2147
f 2141/2141 2147/2147 2148/2148
f 2142/2142 2141/2141 2148/2148
f 2142/2142 2148/2148 2149/2149
f 2143/2143 2142/2142 2149/2149
f 2143/2143 2149/2149 2150/2150
f 2144/2144 2143/2143 2150/2150
f 2144/2144 2150/2150 2151/2151
f 2408/2408 2144/2144 2151/2151
f 2408/2408 2151/2151 2409/2409
f 2140/2140 2083/2083 2147/2147
f 2150/2150 2149/2149 2156/2156
f 2150/2150 2156/2156 2157/2157
f 2151/2151 2150/2150 2157/2157
f 2151/2151 2157/2157 2158/2158
f 2409/2409 2151/2151 2158/2158
f 2409/2409 2158/2158 2410/2410
f 2147/2147 2083/2083 2154/2154
f 2148/2148 2147/2147 2154/2154
f 2148/2148 2154/2154 2155/2155
f 2149/2149 2148/2148 2155/2155
f 2149/2149 2155/2155 2156/2156
f 2154/2154 2083/2083 2161/2161
f 2155/2155 2154/2154 2161/2161
f 2155/2155 2161/2161 2162/2162
f 2156/2156 2155/2155 2162/2162
f 2156/2156 2162/2162 2163/2163
f 2157/2157 2156/2156 2163/2163
f 2157/2157 2163/2163 2164/2164
f 2158/2158 2157/2157 2164/2164
f 2158/2158 2164/2164 2165/2165
f 2410/2410 2158/2158 2165/2165
f 2410/2410 2165/2165 2411/2411
f 2163/2163 2162/2162 2169/2169
f 2163/2163 2169/2169 2170/2170
f 2164/2164 2163/2163 2170/2170
f 2164/2164 2170/2170 2171/2171
f 2165/2165 2164/2164 2171/2171
f 2165/2165 2171/2171 2172/2172
f 2411/2411 2165/2165 2172/2172
f 2411/2411 2172/2172 2412/2412
f 2161/2161 2083/2083 2168/2168
f 2162/2162 2161/2161 2168/2168
f 2162/2162 2168/2168 2169/2169
f 2172/2172 2171/2171 2178/2178
f 2172/2172 2178/2178 2179/2179
f 2412/2412 2172/2172 2179/2179
f 2412/2412 2179/2179 2413/2413
f 2168/2168 2083/2083 2175/2175
f 2169/2169 2168/2168 2175/2175
f 2169/2169 2175/2175 2176/2176
f 2170/2170 2169/2169 2176/2176
f 2170/2170 2176/2176 2177/2177
f 2171/2171 2170/2170 2177/2177
f 2171/2171 2177/2177 2178/2178
f 2175/2175 2083/2083 2182/2182
f 2176/2176 2175/2175 2182/2182
f 2176/2176 2182/2182 2183/2183
f 2177/2177 2176/2176 2183/2183
f 2177/2177 2183/2183 2184/2184
f 2178/2178 2177/2177 2184/2184
f 2178/2178 2184/2184 2185/2185
f 2179/2179 2178/2178 2185/2185
f 2179/2179 2185/2185 2186/2186
f 2413/2413 2179/2179 2186/2186
f 2413/2413 2186/2186 2414/2414
f 2185/2185 2184/2184 2191/2191
f 2185/2185 2191/2191 2192/2192
f 2186/2186 2185/2185 2192/2192
f 2186/2186 2192/2192 2193/2193
f 2414/2414 2186/2186 2193/2193
f 2414/2414 2193/2193 2415/2415
f 2182/2182 2083/2083 2189/2189
f 2183/2183 2182/2182 2189/2189
f 2183/2183 2189/2189 2190/2190
f 2184/2184 2183/2183 2190/2190
f 2184/2184 2190/2190 2191/2191
f 2415/2415 2193/2193 2200/2200
f 2415/2415 2200/2200 2416/2416
f 2189/2189 2083/2083 2196/2196
f 2190/2190 2189/2189 2196/2196
f 2190/2190 2196/2196 2197/2197
f 2191/2191 2190/2190 2197/2197
f 2191/2191 2197/2197 2198/2198
f 2192/2192 2191/2191 2198/2198
f 2192/2192 2198/2198 2199/2199
f 2193/2193 2192/2192 2199/2199
f 2193/2193 2199/2199 2200/2200
f 2197/2197 2196/2196 2203/2203
f 2197/2197 2203/2203 2204/2204
f 2198/2198 2197/2197 2204/2204
f 2198/2198 2204/2204 2205/2205
f 2199/2199 2198/2198 2205/2205
f 2199/2199 2205/2205 2206/2206
f 2200/2200 2199/2199 2206/2206
f 2200/2200 2206/2206 2207/2207
f 2416/2416 2200/2200 2207/2207
f 2416/2416 2207/2207 2417/2417
f 2196/2196 2083/2083 2203/2203
f 2207/2207 2206/2206 2213/2213
f 2207/2207 2213/2213 2214/2214
f 2417/2417 2207/2207 2214/2214
f 2417/2417 2214/2214 2418/2418
f 2203/2203 2083/2083 2210/2210
f 2204/2204 2203/2203 2210/2210
f 2204/2204 2210/2210 2211/2211
f 2205/2205 2204/2204 2211/2211
f 2205/2205 2211/2211 2212/2212
f 2206/2206 2205/2205 2212/2212
f 2206/2206 2212/2212 2213/2213
f 2210/2210 2083/2083 2217/2217
f 2211/2211 2210/2210 2217/2217
f 2211/2211 2217/2217 2218/2218
f 2212/2212 2211/2211 2218/2218
f 2212/2212 2218/2218 2219/2219
f 2213/2213 2212/2212 2219/2219
f 2213/2213 2219/2219 2220/2220
f 2214/2214 2213/2213 2220/2220
f 2214/2214 2220/2220 2221/2221
f 2418/2418 2214/2214 2221/2221
f 2418/2418 2221/2221 2419/2419
f 2219/2219 2218/2218 2225/2225
f 2219/2219 2225/2225 2226/2226
f 2220/2220 2219/2219 2226/2226
f 2220/2220 2226/2226 2227/2227
f 2221/2221 2220/2220 2227/2227
f 2221/2221 2227/2227 2228/2228
f 2419/2419 2221/2221 2228/2228
f 2419/2419 2228/2228 2420/2420
f 2217/2217 2083/2083 2224/2224
f 2218/2218 2217/2217 2224/2224
f 2218/2218 2224/2224 2225/2225
f 2420/2420 2228/2228 2235/2235
f 2420/2420 2235/2235 2421/2421
f 2224/2224 2083/2083 2231/2231
f 2225/2225 2224/2224 2231/2231
f 2225/2225 2231/2231 2232/2232
f 2226/2226 2225/2225 2232/2232
f 2226/2226 2232/2232 2233/2233
f 2227/2227 2226/2226 2233/2233
f 2227/2227 2233/2233 2234/2234
f 2228/2228 2227/2227 2234/2234
f 2228/2228 2234/2234 2235/2235
f 2231/2231 2083/2083 2239/2239
f 2232/2232 2231/2231 2239/2239
f 2232/2232 2239/2239 2240/2240
f 2233/2233 2232/2232 2240/2240
f 2233/2233 2240/2240 2241/2241
f 2234/2234 2233/2233 2241/2241
f 2234/2234 2241/2241 2242/2242
f 2235/2235 2234/2234 2242/2242
f 2235/2235 2242/2242 2243/2243
f 2421/2421 2235/2235 2243/2243
f 2421/2421 2243/2243 2422/2422
f 2242/2242 2241/2241 2248/2248
f 2242/2242 2248/2248 2249/2249
f 2243/2243 2242/2242 2249/2249
f 2243/2243 2249/2249 2250/2250
f 2422/2422 2243/2243 2250/2250
f 2422/2422 2250/2250 2423/2423
f 2239/2239 2083/2083 2246/2246
f 2240/2240 2239/2239 2246/2246
f 2240/2240 2246/2246 2247/2247
f 2241/2241 2240/2240 2247/2247
f 2241/2241 2247/2247 2248/2248
f 2246/2246 2083/2083 2253/2253
f 2247/2247 2246/2246 2253/2253
f 2247/2247 2253/2253 2254/2254
f 2248/2248 2247/2247 2254/2254
f 2248/2248 2254/2254 2255/2255
f 2249/2249 2248/2248 2255/2255
f 2249/2249 2255/2255 2256/2256
f 2250/2250 2249/2249 2256/2256
f 2250/2250 2256/2256 2257/2257
f 2423/2423 2250/2250 2257/2257
f 2423/2423 2257/2257 2424/2424
f 2253/2253 2083/2083 2260/2260
f 2254/2254 2253/2253 2260/2260
f 2254/2254 2260/2260 2261/2261
f 2255/2255 2254/2254 2261/2261
f 2255/2255 2261/2261 2262/2262
f 2256/2256 2255/2255 2262/2262
f 2256/2256 2262/2262 2263/2263
f 2257/2257 2256/2256 2263/2263
f 2257/2257 2263/2263 2264/2264
f 2424/2424 2257/2257 2264/2264
f 2424/2424 2264/2264 2425/2425
f 2263/2263 2262/2262 2269/2269
f 2263/2263 2269/2269 2270/2270
f 2264/2264 2263/2263 2270/2270
f 2264/2264 2270/2270 2271/2271
f 2425/2425 2264/2264 2271/2271
f 2425/2425 2271/2271 2426/2426
f 2260/2260 2083/2083 2267/2267
f 2261/2261 2260/2260 2267/2267
f 2261/2261 2267/2267 2268/2268
f 2262/2262 2261/2261 2268/2268
f 2262/2262 2268/2268 2269/2269
f 2267/2267 2083/2083 2274/2274
f 2268/2268 2267/2267 2274/2274
f 2268/2268 2274/2274 2275/2275
f 2269/2269 2268/2268 2275/2275
f 2269/2269 2275/2275 2276/2276
f 2270/2270 2269/2269 2276/2276
f 2270/2270 2276/2276 2277/2277
f 2271/2271 2270/2270 2277/2277
f 2271/2271 2277/2277 2278/2278
f 2426/2426 2271/2271 2278/2278
f 2426/2426 2278/2278 2427/2427
f 2275/2275 2274/2274 2281/2281
f 2275/2275 2281/2281 2282/2282
f 2276/2276 2275/2275 2282/2282
f 2276/2276 2282/2282 2283/2283
f 2277/2277 2276/2276 2283/2283
f 2277/2277 2283/2283 2284/2284
f 2278/2278 2277/2277 2284/2284
f 2278/2278 2284/2284 2285/2285
f 2427/2427 2278/2278 2285/2285
f 2427/2427 2285/2285 2428/2428
f 2274/2274 2083/2083 2281/2281
f 2285/2285 2284/2284 2291/2291
f 2285/2285 2291/2291 2292/2292
f 2428/2428 2285/2285 2292/2292
f 2428/2428 2292/2292 2429/2429
f 2281/2281 2083/2083 2288/2288
f 2282/2282 2281/2281 2288/2288
f 2282/2282 2288/2288 2289/2289
f 2283/2283 2282/2282 2289/2289
f 2283/2283 2289/2289 2290/2290
f 2284/2284 2283/2283 2290/2290
f 2284/2284 2290/2290 2291/2291
f 2288/2288 2083/2083 2295/2295
f 2289/2289 2288/2288 2295/2295
f 2289/2289 2295/2295 2296/2296
f 2290/2290 2289/2289 2296/2296
f 2290/2290 2296/2296 2297/2297
f 2291/2291 2290/2290 2297/2297
f 2291/2291 2297/2297 2298/2298
f 2292/2292 2291/2291 2298/2298
f 2292/2292 2298/2298 2299/2299
f 2429/2429 2292/2292 2299/2299
f 2429/2429 2299/2299 2430/2430
f 2297/2297 2296/2296 2303/2303
f 2297/2297 2303/2303 2304/2304
f 2298/2298 2297/2297 2304/2304
f 2298/2298 2304/2304 2305/2305
f 2299/2299 2298/2298 2305/2305
f 2299/2299 2305/2305 2306/2306
f 2430/2430 2299/2299 2306/2306
f 2430/2430 2306/2306 2431/2431
f 2295/2295 2083/2083 2302/2302
f 2296/2296 2295/2295 2302/2302
f 2296/2296 2302/2302 2303/2303
f 2431/2431 2306/2306 2313/2313
f 2431/2431 2313/2313 2432/2432
f 2302/2302 2083/2083 2309/2309
f 2303/2303 2302/2302 2309/2309
f 2303/2303 2309/2309 2310/2310
f 2304/2304 2303/2303 2310/2310
f 2304/2304 2310/2310 2311/2311
f 2305/2305 2304/2304 2311/2311
f 2305/2305 2311/2311 2312/2312
f 2306/2306 2305/2305 2312/2312
f 2306/2306 2312/2312 2313/2313
f 2309/2309 2083/2083 2316/2316
f 2310/2310 2309/2309 2316/2316
f 2310/2310 2316/2316 2317/2317
f 2311/2311 2310/2310 2317/2317
f 2311/2311 2317/2317 2318/2318
f 2312/2312 2311/2311 2318/2318
f 2312/2312 2318/2318 2319/2319
f 2313/2313 2312/2312 2319/2319
f 2313/2313 2319/2319 2320/2320
f 2432/2432 2313/2313 2320/2320
f 2432/2432 2320/2320 2433/2433
f 2319/2319 2318/2318 2325/2325
f 2319/2319 2325/2325 2326/2326
f 2320/2320 2319/2319 2326/2326
f 2320/2320 2326/2326 2327/2327
f 2433/2433 2320/2320 2327/2327
f 2433/2433 2327/2327 2434/2434
f 2316/2316 2083/2083 2323/2323
f 2317/2317 2316/2316 2323/2323
f 2317/2317 2323/2323 2324/2324
f 2318/2318 2317/2317 2324/2324
f 2318/2318 2324/2324 2325/2325
f 2323/2323 2083/2083 2330/2330
f 2324/2324 2323/2323 2330/2330
f 2324/2324 2330/2330 2331/2331
f 2325/2325 2324/2324 2331/2331
f 2325/2325 2331/2331 2332/2332
f 2326/2326 2325/2325 2332/2332
f 2326/2326 2332/2332 2333/2333
f 2327/2327 2326/2326 2333/2333
f 2327/2327 2333/2333 2334/2334
f 2434/2434 2327/2327 2334/2334
f 2434/2434 2334/2334 2435/2435
f 2331/2331 2330/2330 2337/2337
f 2331/2331 2337/2337 2338/2338
f 2332/2332 2331/2331 2338/2338
f 2332/2332 2338/2338 2339/2339
f 2333/2333 2332/2332 2339/2339
f 2333/2333 2339/2339 2340/2340
f 2334/2334 2333/2333 2340/2340
f 2334/2334 2340/2340 2341/2341
f 2435/2435 2334/2334 2341/2341
f 2435/2435 2341/2341 2436/2436
f 2330/2330 2083/2083 2337/2337
f 2025/2025 2032/2032 2345/2345
f 2025/2025 2345/2345 2344/2344
f 2032/2032 2039/2039 2346/2346
f 2032/2032 2346/2346 2345/2345
f 2039/2039 2046/2046 2347/2347
f 2039/2039 2347/2347 2346/2346
f 2046/2046 2053/2053 2348/2348
f 2046/2046 2348/2348 2347/2347
f 2053/2053 2060/2060 2349/2349
f 2053/2053 2349/2349 2348/2348
f 2060/2060 2067/2067 2350/2350
f 2060/2060 2350/2350 2349/2349
f 2067/2067 2074/2074 2351/2351
f 2067/2067 2351/2351 2350/2350
f 2074/2074 2081/2081 2352/2352
f 2074/2074 2352/2352 2351/2351
f 2081/2081 2089/2089 2353/2353
f 2081/2081 2353/2353 2352/2352
f 2089/2089 2096/2096 2354/2354
f 2089/2089 2354/2354 2353/2353
f 2096/2096 2103/2103 2355/2355
f 2096/2096 2355/2355 2354/2354
f 2103/2103 2110/2110 2356/2356
f 2103/2103 2356/2356 2355/2355
f 2110/2110 2117/2117 2357/2357
f 2110/2110 2357/2357 2356/2356
f 2117/2117 2124/2124 2358/2358
f 2117/2117 2358/2358 2357/2357
f 2124/2124 2131/2131 2359/2359
f 2124/2124 2359/2359 2358/2358
f 2131/2131 2138/2138 2360/2360
f 2131/2131 2360/2360 2359/2359
f 2138/2138 2145/2145 2361/2361
f 2138/2138 2361/2361 2360/2360
f 2145/2145 2152/2152 2362/2362
f 2145/2145 2362/2362 2361/2361
f 2152/2152 2159/2159 2363/2363
f 2152/2152 2363/2363 2362/2362
f 2159/2159 2166/2166 2364/2364
f 2159/2159 2364/2364 2363/2363
f 2166/2166 2173/2173 2365/2365
f 2166/2166 2365/2365 2364/2364
f 2173/2173 2180/2180 2366/2366
f 2173/2173 2366/2366 2365/2365
f 2180/2180 2187/2187 2367/2367
f 2180/2180 2367/2367 2366/2366
f 2187/2187 2194/2194 2368/2368
f 2187/2187 2368/2368 2367/2367
f 2194/2194 2201/2201 2369/2369
f 2194/2194 2369/2369 2368/2368
f 2201/2201 2208/2208 2370/2370
f 2201/2201 2370/2370 2369/2369
f 2208/2208 2215/2215 2371/2371
f 2208/2208 2371/2371 2370/2370
f 2215/2215 2222/2222 2372/2372
f 2215/2215 2372/2372 2371/2371
f 2222/2222 2229/2229 2373/2373
f 2222/2222 2373/2373 2372/2372
f 2229/2229 2237/2237 2375/2375
f 2229/2229 2375/2375 2373/2373
f 2236/2236 2244/2244 2376/2376
f 2236/2236 2376/2376 2374/2374
f 2244/2244 2251/2251 2377/2377
f 2244/2244 2377/2377 2376/2376
f 2251/2251 2258/2258 2378/2378
f 2251/2251 2378/2378 2377/2377
f 2258/2258 2265/2265 2379/2379
f 2258/2258 2379/2379 2378/2378
f 2265/2265 2272/2272 2380/2380
f 2265/2265 2380/2380 2379/2379
f 2272/2272 2279/2279 2381/2381
f 2272/2272 2381/2381 2380/2380
f 2279/2279 2286/2286 2382/2382
f 2279/2279 2382/2382 2381/2381
f 2286/2286 2293/2293 2383/2383
f 2286/2286 2383/2383 2382/2382
f 2293/2293 2300/2300 2384/2384
f 2293/2293 2384/2384 2383/2383
f 2300/2300 2307/2307 2385/2385
f 2300/2300 2385/2385 2384/2384
f 2307/2307 2314/2314 2386/2386
f 2307/2307 2386/2386 2385/2385
f 2314/2314 2321/2321 2387/2387
f 2314/2314 2387/2387 2386/2386
f 2321/2321 2328/2328 2388/2388
f 2321/2321 2388/2388 2387/2387
f 2328/2328 2335/2335 2389/2389
f 2328/2328 2389/2389 2388/2388
f 2335/2335 2342/2342 2390/2390
f 2335/2335 2390/2390 2389/2389
f 2342/2342 2025/2025 2344/2344
f 2342/2342 2344/2344 2390/2390
f 2336/2336 2435/2435 2436/2436
f 2336/2336 2436/2436 2343/2343
f 2329/2329 2434/2434 2435/2435
f 2329/2329 2435/2435 2336/2336
f 2322/2322 2433/2433 2434/2434
f 2322/2322 2434/2434 2329/2329
f 2315/2315 2432/2432 2433/2433
f 2315/2315 2433/2433 2322/2322
f 2308/2308 2431/2431 2432/2432
f 2308/2308 2432/2432 2315/2315
f 2301/2301 2430/2430 2431/2431
f 2301/2301 2431/2431 2308/2308
f 2294/2294 2429/2429 2430/2430
f 2294/2294 2430/2430 2301/2301
f 2287/2287 2428/2428 2429/2429
f 2287/2287 2429/2429 2294/2294
f 2280/2280 2427/2427 2428/2428
f 2280/2280 2428/2428 2287/2287
f 2273/2273 2426/2426 2427/2427
f 2273/2273 2427/2427 2280/2280
f 2266/2266 2425/2425 2426/2426
f 2266/2266 2426/2426 2273/2273
f 2259/2259 2424/2424 2425/2425
f 2259/2259 2425/2425 2266/2266
f 2252/2252 2423/2423 2424/2424
f 2252/2252 2424/2424 2259/2259
f 2245/2245 2422/2422 2423/2423
f 2245/2245 2423/2423 2252/2252
f 2238/2238 2421/2421 2422/2422
f 2238/2238 2422/2422 2245/2245
f 2230/2230 2420/2420 2421/2421
f 2230/2230 2421/2421 2238/2238
f 2223/2223 2419/2419 2420/2420
f 2223/2223 2420/2420 2230/2230
f 2216/2216 2418/2418 2419/2419
f 2216/2216 2419/2419 2223/2223
f 2209/2209 2417/2417 2418/2418
f 2209/2209 2418/2418 2216/2216
f 2202/2202 2416/2416 2417/2417
f 2202/2202 2417/2417 2209/2209
f 2195/2195 2415/2415 2416/2416
f 2195/2195 2416/2416 2202/2202
f 2188/2188 2414/2414 2415/2415
f 2188/2188 2415/2415 2195/2195
f 2181/2181 2413/2413 2414/2414
f 2181/2181 2414/2414 2188/2188
f 2174/2174 2412/2412 2413/2413
f 2174/2174 2413/2413 2181/2181
f 2167/2167 2411/2411 2412/2412
f 2167/2167 2412/2412 2174/2174
f 2160/2160 2410/2410 2411/2411
f 2160/2160 2411/2411 2167/2167
f 2153/2153 2409/2409 2410/2410
f 2153/2153 2410/2410 2160/2160
f 2146/2146 2408/2408 2409/2409
f 2146/2146 2409/2409 2153/2153
f 2139/2139 2407/2407 2408/2408
f 2139/2139 2408/2408 2146/2146
f 2132/2132 2406/2406 2407/2407
f 2132/2132 2407/2407 2139/2139
f 2125/2125 2405/2405 2406/2406
f 2125/2125 2406/2406 2132/2132
f 2118/2118 2404/2404 2405/2405
f 2118/2118 2405/2405 2125/2125
f 2111/2111 2403/2403 2404/2404
f 2111/2111 2404/2404 2118/2118
f 2104/2104 2402/2402 2403/2403
f 2104/2104 2403/2403 2111/2111
f 2097/2097 2401/2401 2402/2402
f 2097/2097 2402/2402 2104/2104
f 2090/2090 2400/2400 2401/2401
f 2090/2090 2401/2401 2097/2097
f 2082/2082 2399/2399 2400/2400
f 2082/2082 2400/2400 2090/2090
f 2075/2075 2398/2398 2399/2399
f 2075/2075 2399/2399 2082/2082
f 2068/2068 2397/2397 2398/2398
f 2068/2068 2398/2398 2075/2075
f 2061/2061 2396/2396 2397/2397
f 2061/2061 2397/2397 2068/2068
f 2054/2054 2395/2395 2396/2396
f 2054/2054 2396/2396 2061/2061
f 2047/2047 2394/2394 2395/2395
f 2047/2047 2395/2395 2054/2054
f 2040/2040 2393/2393 2394/2394
f 2040/2040 2394/2394 2047/2047
f 2033/2033 2392/2392 2393/2393
f 2033/2033 2393/2393 2040/2040
f 2026/2026 2391/2391 2392/2392
f 2026/2026 2392/2392 2033/2033
f 2343/2343 2436/2436 2391/2391
f 2343/2343 2391/2391 2026/2026
f 2389/2389 2390/2390 2483/2483
f 2389/2389 2483/2483 2482/2482
f 2388/2388 2389/2389 2482/2482
f 2388/2388 2482/2482 2481/2481
f 2387/2387 2388/2388 2481/2481
f 2387/2387 2481/2481 2480/2480
f 2386/2386 2387/2387 2480/2480
f 2386/2386 2480/2480 2479/2479
f 2385/2385 2386/2386 2479/2479
f 2385/2385 2479/2479 2478/2478
f 2384/2384 2385/2385 2478/2478
f 2384/2384 2478/2478 2477/2477
f 2383/2383 2384/2384 2477/2477
f 2383/2383 2477/2477 2476/2476
f 2382/2382 2383/2383 2476/2476
f 2382/2382 2476/2476 2475/2475
f 2381/2381 2382/2382 2475/2475
f 2381/2381 2475/2475 2474/2474
f 2380/2380 2381/2381 2474/2474
f 2380/2380 2474/2474 2473/2473
f 2379/2379 2380/2380 2473/2473
f 2379/2379 2473/2473 2472/2472
f 2378/2378 2379/2379 2472/2472
f 2378/2378 2472/2472 2471/2471
f 2377/2377 2378/2378 2471/2471
f 2377/2377 2471/2471 2470/2470
f 2376/2376 2377/2377 2470/2470
f 2376/2376 2470/2470 2469/2469
f 2374/2374 2376/2376 2469/2469
f 2374/2374 2469/2469 2468/2468
f 2373/2373 2375/2375 2467/2467
f 2373/2373 2467/2467 2466/2466
f 2372/2372 2373/2373 2466/2466
f 2372/2372 2466/2466 2465/2465
f 2371/2371 2372/2372 2465/2465
f 2371/2371 2465/2465 2464/2464
f 2370/2370 2371/2371 2464/2464
f 2370/2370 2464/2464 2463/2463
f 2369/2369 2370/2370 2463/2463
f 2369/2369 2463/2463 2462/2462
f 2368/2368 2369/2369 2462/2462
f 2368/2368 2462/2462 2461/2461
f 2367/2367 2368/2368 2461/2461
f 2367/2367 2461/2461 2460/2460
f 2366/2366 2367/2367 2460/2460
f 2366/2366 2460/2460 2459/2459
f 2365/2365 2366/2366 2459/2459
f 2365/2365 2459/2459 2458/2458
f 2364/2364 2365/2365 2458/2458
f 2364/2364 2458/2458 2457/2457
f 2363/2363 2364/2364 2457/2457
f 2363/2363 2457/2457 2456/2456
f 2362/2362 2363/2363 2456/2456
f 2362/2362 2456/2456 2455/2455
f 2361/2361 2362/2362 2455/2455
f 2361/2361 2455/2455 2454/2454
f 2360/2360 2361/2361 2454/2454
f 2360/2360 2454/2454 2453/2453
f 2359/2359 2360/2360 2453/2453
f 2359/2359 2453/2453 2452/2452
f 2358/2358 2359/2359 2452/2452
f 2358/2358 2452/2452 2451/2451
f 2357/2357 2358/2358 2451/2451
f 2357/2357 2451/2451 2450/2450
f 2356/2356 2357/2357 2450/2450
f 2356/2356 2450/2450 2449/2449
f 2355/2355 2356/2356 2449/2449
f 2355/2355 2449/2449 2448/2448
f 2354/2354 2355/2355 2448/2448
f 2354/2354 2448/2448 2447/2447
f 2353/2353 2354/2354 2447/2447
f 2353/2353 2447/2447 2446/2446
f 2352/2352 2353/2353 2446/2446
f 2352/2352 2446/2446 2445/2445
f 2351/2351 2352/2352 2445/2445
f 2351/2351 2445/2445 2444/2444
f 2350/2350 2351/2351 2444/2444
f 2350/2350 2444/2444 2443/2443
f 2349/2349 2350/2350 2443/2443
f 2349/2349 2443/2443 2442/2442
f 2348/2348 2349/2349 2442/2442
f 2348/2348 2442/2442 2441/2441
f 2347/2347 2348/2348 2441/2441
f 2347/2347 2441/2441 2440/2440
f 2346/2346 2347/2347 2440/2440
f 2346/2346 2440/2440 2439/2439
f 2345/2345 2346/2346 2439/2439
f 2345/2345 2439/2439 2438/2438
f 2344/2344 2345/2345 2438/2438
f 2344/2344 2438/2438 2437/2437
f 2390/2390 2344/2344 2437/2437
f 2390/2390 2437/2437 2483/2483
f 2507/2507 2484/2484 2521/2521
f 2507/2507 2521/2521 2556/2556
f 2502/2502 2511/2511 2509/2509
f 2502/2502 2509/2509 2508/2508
f 2499/2499 2512/2512 2511/2511
f 2499/2499 2511/2511 2502/2502
f 2497/2497 2513/2513 2512/2512
f 2497/2497 2512/2512 2499/2499
f 2495/2495 2514/2514 2513/2513
f 2495/2495 2513/2513 2497/2497
f 2493/2493 2515/2515 2514/2514
f 2493/2493 2514/2514 2495/2495
f 2491/2491 2516/2516 2515/2515
f 2491/2491 2515/2515 2493/2493
f 2489/2489 2517/2517 2516/2516
f 2489/2489 2516/2516 2491/2491
f 2487/2487 2518/2518 2517/2517
f 2487/2487 2517/2517 2489/2489
f 2485/2485 2519/2519 2518/2518
f 2485/2485 2518/2518 2487/2487
f 2490/2490 2492/2492 2534/2534
f 2490/2490 2534/2534 2531/2531
f 2504/2504 2520/2520 2519/2519
f 2504/2504 2519/2519 2485/2485
f 2506/2506 2510/2510 2520/2520
f 2506/2506 2520/2520 2504/2504
f 2510/2510 2509/2509 2511/2511
f 2511/2511 2512/2512 2513/2513
f 2513/2513 2514/2514 2515/2515
f 2515/2515 2516/2516 2517/2517
f 2517/2517 2518/2518 2519/2519
f 2519/2519 2520/2520 2510/2510
f 2510/2510 2511/2511 2513/2513
f 2513/2513 2515/2515 2517/2517
f 2517/2517 2519/2519 2510/2510
f 2513/2513 2517/2517 2510/2510
f 2524/2524 2508/2508 2506/2506
f 2524/2524 2506/2506 2523/2523
f 2488/2488 2490/2490 2531/2531
f 2488/2488 2531/2531 2528/2528
f 2505/2505 2507/2507 2556/2556
f 2505/2505 2556/2556 2553/2553
f 2503/2503 2505/2505 2553/2553
f 2503/2503 2553/2553 2550/2550
f 2501/2501 2503/2503 2550/2550
f 2501/2501 2550/2550 2547/2547
f 2498/2498 2500/2500 2546/2546
f 2498/2498 2546/2546 2543/2543
f 2496/2496 2498/2498 2543/2543
f 2496/2496 2543/2543 2540/2540
f 2494/2494 2496/2496 2540/2540
f 2494/2494 2540/2540 2537/2537
f 2492/2492 2494/2494 2537/2537
f 2492/2492 2537/2537 2534/2534
f 2486/2486 2488/2488 2528/2528
f 2486/2486 2528/2528 2525/2525
f 2484/2484 2486/2486 2525/2525
f 2484/2484 2525/2525 2521/2521
f 2526/2526 2524/2524 2523/2523
f 2526/2526 2523/2523 2522/2522
f 2529/2529 2527/2527 2524/2524
f 2529/2529 2524/2524 2526/2526
f 2532/2532 2530/2530 2527/2527
f 2532/2532 2527/2527 2529/2529
f 2535/2535 2533/2533 2530/2530
f 2535/2535 2530/2530 2532/2532
f 2538/2538 2536/2536 2533/2533
f 2538/2538 2533/2533 2535/2535
f 2541/2541 2539/2539 2536/2536
f 2541/2541 2536/2536 2538/2538
f 2544/2544 2542/2542 2539/2539
f 2544/2544 2539/2539 2541/2541
f 2548/2548 2545/2545 2542/2542
f 2548/2548 2542/2542 2544/2544
f 2551/2551 2549/2549 2545/2545
f 2551/2551 2545/2545 2548/2548
f 2554/2554 2552/2552 2549/2549
f 2554/2554 2549/2549 2551/2551
f 2557/2557 2555/2555 2552/2552
f 2557/2557 2552/2552 2554/2554
f 2522/2522 2523/2523 2555/2555
f 2522/2522 2555/2555 2557/2557
f 2508/2508 2509/2509 2510/2510
f 2508/2508 2510/2510 2506/2506
f 2523/2523 2506/2506 2504/2504
f 2523/2523 2504/2504 2555/2555
f 2555/2555 2504/2504 2485/2485
f 2555/2555 2485/2485 2552/2552
f 2552/2552 2485/2485 2487/2487
f 2552/2552 2487/2487 2549/2549
f 2549/2549 2487/2487 2489/2489
f 2549/2549 2489/2489 2545/2545
f 2545/2545 2489/2489 2491/2491
f 2545/2545 2491/2491 2542/2542
f 2542/2542 2491/2491 2493/2493
f 2542/2542 2493/2493 2539/2539
f 2539/2539 2493/2493 2495/2495
f 2539/2539 2495/2495 2536/2536
f 2536/2536 2495/2495 2497/2497
f 2536/2536 2497/2497 2533/2533
f 2533/2533 2497/2497 2499/2499
f 2533/2533 2499/2499 2530/2530
f 2530/2530 2499/2499 2502/2502
f 2530/2530 2502/2502 2527/2527
f 2527/2527 2502/2502 2508/2508
f 2527/2527 2508/2508 2524/2524
f 2651/2651 2561/2561 2565/2565
f 2651/2651 2565/2565 2653/2653
f 2653/2653 2565/2565 2569/2569
f 2653/2653 2569/2569 2655/2655
f 2655/2655 2569/2569 2573/2573
f 2655/2655 2573/2573 2657/2657
f 2657/2657 2573/2573 2578/2578
f 2657/2657 2578/2578 2659/2659
f 2659/2659 2578/2578 2582/2582
f 2659/2659 2582/2582 2661/2661
f 2661/2661 2582/2582 2586/2586
f 2661/2661 2586/2586 2663/2663
f 2663/2663 2586/2586 2590/2590
f 2663/2663 2590/2590 2665/2665
f 2665/2665 2590/2590 2594/2594
f 2665/2665 2594/2594 2667/2667
f 2667/2667 2594/2594 2598/2598
f 2667/2667 2598/2598 2669/2669
f 2669/2669 2598/2598 2602/2602
f 2669/2669 2602/2602 2671/2671
f 2671/2671 2602/2602 2606/2606
f 2671/2671 2606/2606 2673/2673
f 2673/2673 2606/2606 2610/2610
f 2673/2673 2610/2610 2675/2675
f 2675/2675 2610/2610 2613/2613
f 2675/2675 2613/2613 2677/2677
f 2677/2677 2613/2613 2617/2617
f 2677/2677 2617/2617 2679/2679
f 2679/2679 2617/2617 2621/2621
f 2679/2679 2621/2621 2681/2681
f 2681/2681 2621/2621 2626/2626
f 2681/2681 2626/2626 2683/2683
f 2774/2774 2766/2766 2608/2608
f 2774/2774 2608/2608 2604/2604
f 2683/2683 2626/2626 2630/2630
f 2683/2683 2630/2630 2685/2685
f 2685/2685 2630/2630 2560/2560
f 2685/2685 2560/2560 2650/2650
f 2690/2690 2689/2689 2634/2634
f 2690/2690 2634/2634 2635/2635
f 2779/2779 2801/2801 2800/2800
f 2779/2779 2800/2800 2781/2781
f 2687/2687 2704/2704 2649/2649
f 2687/2687 2649/2649 2632/2632
f 2704/2704 2703/2703 2648/2648
f 2704/2704 2648/2648 2649/2649
f 2703/2703 2702/2702 2647/2647
f 2703/2703 2647/2647 2648/2648
f 2702/2702 2701/2701 2646/2646
f 2702/2702 2646/2646 2647/2647
f 2701/2701 2700/2700 2645/2645
f 2701/2701 2645/2645 2646/2646
f 2700/2700 2699/2699 2644/2644
f 2700/2700 2644/2644 2645/2645
f 2699/2699 2698/2698 2643/2643
f 2699/2699 2643/2643 2644/2644
f 2698/2698 2697/2697 2642/2642
f 2698/2698 2642/2642 2643/2643
f 2697/2697 2696/2696 2641/2641
f 2697/2697 2641/2641 2642/2642
f 2696/2696 2695/2695 2640/2640
f 2696/2696 2640/2640 2641/2641
f 2695/2695 2694/2694 2639/2639
f 2695/2695 2639/2639 2640/2640
f 2694/2694 2693/2693 2638/2638
f 2694/2694 2638/2638 2639/2639
f 2693/2693 2692/2692 2637/2637
f 2693/2693 2637/2637 2638/2638
f 2692/2692 2691/2691 2636/2636
f 2692/2692 2636/2636 2637/2637
f 2691/2691 2690/2690 2635/2635
f 2691/2691 2635/2635 2636/2636
f 2700/2700 3356/3356 2699/2699
f 2649/2649 2686/2686 2652/2652
f 2649/2649 2652/2652 2632/2632
f 2648/2648 2684/2684 2686/2686
f 2648/2648 2686/2686 2649/2649
f 2647/2647 2682/2682 2684/2684
f 2647/2647 2684/2684 2648/2648
f 2646/2646 2680/2680 2682/2682
f 2646/2646 2682/2682 2647/2647
f 2645/2645 2678/2678 2680/2680
f 2645/2645 2680/2680 2646/2646
f 2644/2644 2676/2676 2678/2678
f 2644/2644 2678/2678 2645/2645
f 2643/2643 2674/2674 2676/2676
f 2643/2643 2676/2676 2644/2644
f 2642/2642 2672/2672 2674/2674
f 2642/2642 2674/2674 2643/2643
f 2641/2641 2670/2670 2672/2672
f 2641/2641 2672/2672 2642/2642
f 2640/2640 2668/2668 2670/2670
f 2640/2640 2670/2670 2641/2641
f 2639/2639 2666/2666 2668/2668
f 2639/2639 2668/2668 2640/2640
f 2638/2638 2664/2664 2666/2666
f 2638/2638 2666/2666 2639/2639
f 2637/2637 2662/2662 2664/2664
f 2637/2637 2664/2664 2638/2638
f 2636/2636 2660/2660 2662/2662
f 2636/2636 2662/2662 2637/2637
f 2635/2635 2658/2658 2660/2660
f 2635/2635 2660/2660 2636/2636
f 2634/2634 2656/2656 2658/2658
f 2634/2634 2658/2658 2635/2635
f 2633/2633 2654/2654 2656/2656
f 2633/2633 2656/2656 2634/2634
f 2632/2632 2652/2652 2654/2654
f 2632/2632 2654/2654 2633/2633
f 2689/2689 2688/2688 2633/2633
f 2689/2689 2633/2633 2634/2634
f 2773/2773 2765/2765 2588/2588
f 2773/2773 2588/2588 2584/2584
f 2772/2772 2764/2764 2568/2568
f 2772/2772 2568/2568 2564/2564
f 2771/2771 2763/2763 2616/2616
f 2771/2771 2616/2616 2612/2612
f 2770/2770 2762/2762 2596/2596
f 2770/2770 2596/2596 2592/2592
f 2769/2769 2761/2761 2576/2576
f 2769/2769 2576/2576 2572/2572
f 2768/2768 2760/2760 2629/2629
f 2768/2768 2629/2629 2620/2620
f 2767/2767 2774/2774 2604/2604
f 2767/2767 2604/2604 2600/2600
f 2776/2776 2773/2773 2584/2584
f 2776/2776 2584/2584 2580/2580
f 2775/2775 2772/2772 2564/2564
f 2775/2775 2564/2564 2559/2559
f 2766/2766 2771/2771 2612/2612
f 2766/2766 2612/2612 2608/2608
f 2765/2765 2770/2770 2592/2592
f 2765/2765 2592/2592 2588/2588
f 2764/2764 2769/2769 2572/2572
f 2764/2764 2572/2572 2568/2568
f 2763/2763 2768/2768 2620/2620
f 2763/2763 2620/2620 2616/2616
f 2762/2762 2767/2767 2600/2600
f 2762/2762 2600/2600 2596/2596
f 2760/2760 2759/2759 2625/2625
f 2760/2760 2625/2625 2629/2629
f 2761/2761 2776/2776 2580/2580
f 2761/2761 2580/2580 2576/2576
f 2759/2759 2775/2775 2559/2559
f 2759/2759 2559/2559 2625/2625
f 2562/2562 2631/2631 2721/2721
f 2562/2562 2721/2721 2705/2705
f 2614/2614 2609/2609 2722/2722
f 2614/2614 2722/2722 2710/2710
f 2566/2566 2562/2562 2705/2705
f 2566/2566 2705/2705 2708/2708
f 2593/2593 2589/2589 2706/2706
f 2593/2593 2706/2706 2712/2712
f 2574/2574 2570/2570 2707/2707
f 2574/2574 2707/2707 2714/2714
f 2622/2622 2618/2618 2709/2709
f 2622/2622 2709/2709 2716/2716
f 2601/2601 2597/2597 2711/2711
f 2601/2601 2711/2711 2718/2718
f 2581/2581 2577/2577 2713/2713
f 2581/2581 2713/2713 2720/2720
f 2631/2631 2627/2627 2715/2715
f 2631/2631 2715/2715 2721/2721
f 2609/2609 2605/2605 2717/2717
f 2609/2609 2717/2717 2722/2722
f 2589/2589 2585/2585 2719/2719
f 2589/2589 2719/2719 2706/2706
f 2570/2570 2566/2566 2708/2708
f 2570/2570 2708/2708 2707/2707
f 2618/2618 2614/2614 2710/2710
f 2618/2618 2710/2710 2709/2709
f 2597/2597 2593/2593 2712/2712
f 2597/2597 2712/2712 2711/2711
f 2577/2577 2574/2574 2714/2714
f 2577/2577 2714/2714 2713/2713
f 2627/2627 2622/2622 2716/2716
f 2627/2627 2716/2716 2715/2715
f 2605/2605 2601/2601 2718/2718
f 2605/2605 2718/2718 2717/2717
f 2585/2585 2581/2581 2720/2720
f 2585/2585 2720/2720 2719/2719
f 2705/2705 2721/2721 2739/2739
f 2705/2705 2739/2739 2723/2723
f 2710/2710 2722/2722 2740/2740
f 2710/2710 2740/2740 2725/2725
f 2708/2708 2705/2705 2723/2723
f 2708/2708 2723/2723 2724/2724
f 2712/2712 2706/2706 2731/2731
f 2712/2712 2731/2731 2726/2726
f 2714/2714 2707/2707 2732/2732
f 2714/2714 2732/2732 2727/2727
f 2716/2716 2709/2709 2733/2733
f 2716/2716 2733/2733 2728/2728
f 2718/2718 2711/2711 2734/2734
f 2718/2718 2734/2734 2729/2729
f 2720/2720 2713/2713 2735/2735
f 2720/2720 2735/2735 2730/2730
f 2721/2721 2715/2715 2736/2736
f 2721/2721 2736/2736 2739/2739
f 2722/2722 2717/2717 2737/2737
f 2722/2722 2737/2737 2740/2740
f 2706/2706 2719/2719 2738/2738
f 2706/2706 2738/2738 2731/2731
f 2707/2707 2708/2708 2724/2724
f 2707/2707 2724/2724 2732/2732
f 2709/2709 2710/2710 2725/2725
f 2709/2709 2725/2725 2733/2733
f 2711/2711 2712/2712 2726/2726
f 2711/2711 2726/2726 2734/2734
f 2713/2713 2714/2714 2727/2727
f 2713/2713 2727/2727 2735/2735
f 2715/2715 2716/2716 2728/2728
f 2715/2715 2728/2728 2736/2736
f 2717/2717 2718/2718 2729/2729
f 2717/2717 2729/2729 2737/2737
f 2719/2719 2720/2720 2730/2730
f 2719/2719 2730/2730 2738/2738
f 2723/2723 2739/2739 2757/2757
f 2723/2723 2757/2757 2741/2741
f 2725/2725 2740/2740 2758/2758
f 2725/2725 2758/2758 2743/2743
f 2724/2724 2723/2723 2741/2741
f 2724/2724 2741/2741 2742/2742
f 2726/2726 2731/2731 2749/2749
f 2726/2726 2749/2749 2744/2744
f 2727/2727 2732/2732 2750/2750
f 2727/2727 2750/2750 2745/2745
f 2728/2728 2733/2733 2751/2751
f 2728/2728 2751/2751 2746/2746
f 2729/2729 2734/2734 2752/2752
f 2729/2729 2752/2752 2747/2747
f 2730/2730 2735/2735 2753/2753
f 2730/2730 2753/2753 2748/2748
f 2739/2739 2736/2736 2754/2754
f 2739/2739 2754/2754 2757/2757
f 2740/2740 2737/2737 2755/2755
f 2740/2740 2755/2755 2758/2758
f 2731/2731 2738/2738 2756/2756
f 2731/2731 2756/2756 2749/2749
f 2732/2732 2724/2724 2742/2742
f 2732/2732 2742/2742 2750/2750
f 2733/2733 2725/2725 2743/2743
f 2733/2733 2743/2743 2751/2751
f 2734/2734 2726/2726 2744/2744
f 2734/2734 2744/2744 2752/2752
f 2735/2735 2727/2727 2745/2745
f 2735/2735 2745/2745 2753/2753
f 2736/2736 2728/2728 2746/2746
f 2736/2736 2746/2746 2754/2754
f 2737/2737 2729/2729 2747/2747
f 2737/2737 2747/2747 2755/2755
f 2738/2738 2730/2730 2748/2748
f 2738/2738 2748/2748 2756/2756
f 2741/2741 2757/2757 2775/2775
f 2741/2741 2775/2775 2759/2759
f 2743/2743 2758/2758 2776/2776
f 2743/2743 2776/2776 2761/2761
f 2742/2742 2741/2741 2759/2759
f 2742/2742 2759/2759 2760/2760
f 2744/2744 2749/2749 2767/2767
f 2744/2744 2767/2767 2762/2762
f 2745/2745 2750/2750 2768/2768
f 2745/2745 2768/2768 2763/2763
f 2746/2746 2751/2751 2769/2769
f 2746/2746 2769/2769 2764/2764
f 2747/2747 2752/2752 2770/2770
f 2747/2747 2770/2770 2765/2765
f 2748/2748 2753/2753 2771/2771
f 2748/2748 2771/2771 2766/2766
f 2757/2757 2754/2754 2772/2772
f 2757/2757 2772/2772 2775/2775
f 2758/2758 2755/2755 2773/2773
f 2758/2758 2773/2773 2776/2776
f 2749/2749 2756/2756 2774/2774
f 2749/2749 2774/2774 2767/2767
f 2750/2750 2742/2742 2760/2760
f 2750/2750 2760/2760 2768/2768
f 2751/2751 2743/2743 2761/2761
f 2751/2751 2761/2761 2769/2769
f 2752/2752 2744/2744 2762/2762
f 2752/2752 2762/2762 2770/2770
f 2753/2753 2745/2745 2763/2763
f 2753/2753 2763/2763 2771/2771
f 2754/2754 2746/2746 2764/2764
f 2754/2754 2764/2764 2772/2772
f 2755/2755 2747/2747 2765/2765
f 2755/2755 2765/2765 2773/2773
f 2756/2756 2748/2748 2766/2766
f 2756/2756 2766/2766 2774/2774
f 2791/2791 2811/2811 2810/2810
f 2791/2791 2810/2810 2792/2792
f 2784/2784 2806/2806 2805/2805
f 2784/2784 2805/2805 2786/2786
f 2788/2788 2797/2797 2796/2796
f 2788/2788 2796/2796 2793/2793
f 2782/2782 2807/2807 2806/2806
f 2782/2782 2806/2806 2784/2784
f 2777/2777 2802/2802 2801/2801
f 2777/2777 2801/2801 2779/2779
f 2787/2787 2814/2814 2811/2811
f 2787/2787 2811/2811 2791/2791
f 2790/2790 2803/2803 2802/2802
f 2790/2790 2802/2802 2777/2777
f 2794/2794 2813/2813 2814/2814
f 2794/2794 2814/2814 2787/2787
f 2785/2785 2798/2798 2797/2797
f 2785/2785 2797/2797 2788/2788
f 2780/2780 2808/2808 2807/2807
f 2780/2780 2807/2807 2782/2782
f 2783/2783 2799/2799 2798/2798
f 2783/2783 2798/2798 2785/2785
f 2778/2778 2809/2809 2808/2808
f 2778/2778 2808/2808 2780/2780
f 2789/2789 2804/2804 2803/2803
f 2789/2789 2803/2803 2790/2790
f 2558/2558 2793/2793 2795/2795
f 2558/2558 2795/2795 2624/2624
f 2786/2786 2805/2805 2804/2804
f 2786/2786 2804/2804 2789/2789
f 2781/2781 2800/2800 2799/2799
f 2781/2781 2799/2799 2783/2783
f 2792/2792 2810/2810 2809/2809
f 2792/2792 2809/2809 2778/2778
f 2595/2595 2786/2786 2789/2789
f 2595/2595 2789/2789 2591/2591
f 2587/2587 2790/2790 2777/2777
f 2587/2587 2777/2777 2583/2583
f 2579/2579 2779/2779 2781/2781
f 2579/2579 2781/2781 2575/2575
f 2575/2575 2781/2781 2783/2783
f 2575/2575 2783/2783 2571/2571
f 2623/2623 2794/2794 2787/2787
f 2623/2623 2787/2787 2628/2628
f 2619/2619 2791/2791 2792/2792
f 2619/2619 2792/2792 2615/2615
f 2615/2615 2792/2792 2778/2778
f 2615/2615 2778/2778 2611/2611
f 2567/2567 2785/2785 2788/2788
f 2567/2567 2788/2788 2563/2563
f 2599/2599 2784/2784 2786/2786
f 2599/2599 2786/2786 2595/2595
f 2607/2607 2780/2780 2782/2782
f 2607/2607 2782/2782 2603/2603
f 2563/2563 2788/2788 2793/2793
f 2563/2563 2793/2793 2558/2558
f 2571/2571 2783/2783 2785/2785
f 2571/2571 2785/2785 2567/2567
f 2603/2603 2782/2782 2784/2784
f 2603/2603 2784/2784 2599/2599
f 2611/2611 2778/2778 2780/2780
f 2611/2611 2780/2780 2607/2607
f 2583/2583 2777/2777 2779/2779
f 2583/2583 2779/2779 2579/2579
f 2591/2591 2789/2789 2790/2790
f 2591/2591 2790/2790 2587/2587
f 2628/2628 2787/2787 2791/2791
f 2628/2628 2791/2791 2619/2619
f 2796/2796 2797/2797 2817/2817
f 2796/2796 2817/2817 2815/2815
f 2811/2811 2814/2814 2850/2850
f 2811/2811 2850/2850 2845/2845
f 2804/2804 2805/2805 2834/2834
f 2804/2804 2834/2834 2832/2832
f 2797/2797 2798/2798 2819/2819
f 2797/2797 2819/2819 2817/2817
f 2814/2814 2813/2813 2848/2848
f 2814/2814 2848/2848 2850/2850
f 2805/2805 2806/2806 2836/2836
f 2805/2805 2836/2836 2834/2834
f 2798/2798 2799/2799 2821/2821
f 2798/2798 2821/2821 2819/2819
f 2806/2806 2807/2807 2838/2838
f 2806/2806 2838/2838 2836/2836
f 2799/2799 2800/2800 2823/2823
f 2799/2799 2823/2823 2821/2821
f 2807/2807 2808/2808 2840/2840
f 2807/2807 2840/2840 2838/2838
f 2800/2800 2801/2801 2826/2826
f 2800/2800 2826/2826 2823/2823
f 2808/2808 2809/2809 2842/2842
f 2808/2808 2842/2842 2840/2840
f 2801/2801 2802/2802 2828/2828
f 2801/2801 2828/2828 2826/2826
f 2809/2809 2810/2810 2843/2843
f 2809/2809 2843/2843 2842/2842
f 2802/2802 2803/2803 2830/2830
f 2802/2802 2830/2830 2828/2828
f 2812/2812 2796/2796 2815/2815
f 2812/2812 2815/2815 2847/2847
f 2810/2810 2811/2811 2845/2845
f 2810/2810 2845/2845 2843/2843
f 2803/2803 2804/2804 2832/2832
f 2803/2803 2832/2832 2830/2830
f 2793/2793 2796/2796 2812/2812
f 2793/2793 2812/2812 2795/2795
f 2687/2687 2632/2632 2633/2633
f 2687/2687 2633/2633 2688/2688
f 2841/2841 2844/2844 2852/2852
f 2827/2827 2829/2829 2852/2852
f 2849/2849 2816/2816 2852/2852
f 2844/2844 2846/2846 2852/2852
f 2829/2829 2831/2831 2852/2852
f 2816/2816 2818/2818 2852/2852
f 2846/2846 2851/2851 2852/2852
f 2831/2831 2833/2833 2852/2852
f 2818/2818 2820/2820 2852/2852
f 2851/2851 2849/2849 2852/2852
f 2833/2833 2835/2835 2852/2852
f 2820/2820 2822/2822 2852/2852
f 2835/2835 2837/2837 2852/2852
f 2822/2822 2824/2824 2852/2852
f 2837/2837 2839/2839 2852/2852
f 2824/2824 2825/2825 2852/2852
f 2839/2839 2841/2841 2852/2852
f 2825/2825 2827/2827 2852/2852
f 1775/1775 2853/2853 1774/1774
f 1768/1768 2853/2853 1767/1767
f 1776/1776 2853/2853 1775/1775
f 1769/1769 2853/2853 1768/1768
f 1762/1762 2853/2853 1761/1761
f 1777/1777 2853/2853 1776/1776
f 1770/1770 2853/2853 1769/1769
f 1763/1763 2853/2853 1762/1762
f 1778/1778 2853/2853 1777/1777
f 1771/1771 2853/2853 1770/1770
f 1764/1764 2853/2853 1763/1763
f 1761/1761 2853/2853 1778/1778
f 1772/1772 2853/2853 1771/1771
f 1765/1765 2853/2853 1764/1764
f 1773/1773 2853/2853 1772/1772
f 1766/1766 2853/2853 1765/1765
f 1774/1774 2853/2853 1773/1773
f 2876/2876 2908/2908 2904/2904
f 2876/2876 2904/2904 2870/2870
f 2882/2882 2914/2914 2918/2918
f 2882/2882 2918/2918 2886/2886
f 2860/2860 2892/2892 2898/2898
f 2860/2860 2898/2898 2864/2864
f 2884/2884 2916/2916 2912/2912
f 2884/2884 2912/2912 2880/2880
f 2862/2862 2896/2896 2890/2890
f 2862/2862 2890/2890 2858/2858
f 2922/2922 2927/2927 2906/2906
f 2922/2922 2906/2906 2873/2873
f 2887/2887 2885/2885 2881/2881
f 2887/2887 2881/2881 2883/2883
f 2920/2920 2924/2924 2900/2900
f 2920/2920 2900/2900 2866/2866
f 2878/2878 2910/2910 2914/2914
f 2878/2878 2914/2914 2882/2882
f 2857/2857 2855/2855 2885/2885
f 2857/2857 2885/2885 2887/2887
f 2889/2889 2891/2891 2893/2893
f 2889/2889 2893/2893 2895/2895
f 2899/2899 2953/2953 2951/2951
f 2899/2899 2951/2951 2897/2897
f 2897/2897 2901/2901 2903/2903
f 2897/2897 2903/2903 2899/2899
f 2925/2925 2905/2905 2907/2907
f 2925/2925 2907/2907 2928/2928
f 2905/2905 2909/2909 2911/2911
f 2905/2905 2911/2911 2907/2907
f 2909/2909 2913/2913 2915/2915
f 2909/2909 2915/2915 2911/2911
f 2913/2913 2917/2917 2919/2919
f 2913/2913 2919/2919 2915/2915
f 2917/2917 2889/2889 2895/2895
f 2917/2917 2895/2895 2919/2919
f 2873/2873 2906/2906 2910/2910
f 2873/2873 2910/2910 2878/2878
f 2866/2866 2900/2900 2896/2896
f 2866/2866 2896/2896 2862/2862
f 2854/2854 2888/2888 2916/2916
f 2854/2854 2916/2916 2884/2884
f 2858/2858 2890/2890 2888/2888
f 2858/2858 2888/2888 2854/2854
f 2864/2864 2898/2898 2902/2902
f 2864/2864 2902/2902 2868/2868
f 2886/2886 2918/2918 2894/2894
f 2886/2886 2894/2894 2856/2856
f 2856/2856 2894/2894 2892/2892
f 2856/2856 2892/2892 2860/2860
f 2880/2880 2912/2912 2908/2908
f 2880/2880 2908/2908 2876/2876
f 2870/2870 2904/2904 2924/2924
f 2870/2870 2924/2924 2920/2920
f 2868/2868 2902/2902 2927/2927
f 2868/2868 2927/2927 2922/2922
f 2902/2902 2930/2930 2940/2940
f 2902/2902 2940/2940 2927/2927
f 2929/2929 2941/2941 2943/2943
f 2929/2929 2943/2943 2926/2926
f 2924/2924 2942/2942 2936/2936
f 2924/2924 2936/2936 2900/2900
f 2934/2934 2944/2944 2938/2938
f 2934/2934 2938/2938 2932/2932
f 2938/2938 2940/2940 2930/2930
f 2938/2938 2930/2930 2932/2932
f 2934/2934 2936/2936 2942/2942
f 2934/2934 2942/2942 2944/2944
f 2901/2901 2937/2937 2931/2931
f 2901/2901 2931/2931 2903/2903
f 2883/2883 2881/2881 2877/2877
f 2883/2883 2877/2877 2879/2879
f 2879/2879 2877/2877 2872/2872
f 2879/2879 2872/2872 2875/2875
f 2874/2874 2871/2871 2921/2921
f 2874/2874 2921/2921 2923/2923
f 2923/2923 2921/2921 2867/2867
f 2923/2923 2867/2867 2869/2869
f 2869/2869 2867/2867 2863/2863
f 2869/2869 2863/2863 2865/2865
f 2865/2865 2863/2863 2859/2859
f 2865/2865 2859/2859 2861/2861
f 2861/2861 2859/2859 2855/2855
f 2861/2861 2855/2855 2857/2857
f 2949/2949 2951/2951 2953/2953
f 2949/2949 2953/2953 2947/2947
f 2896/2896 2950/2950 2948/2948
f 2896/2896 2948/2948 2890/2890
f 2892/2892 2946/2946 2952/2952
f 2892/2892 2952/2952 2898/2898
f 2891/2891 2949/2949 2947/2947
f 2891/2891 2947/2947 2893/2893
f 2954/2954 2955/2955 2957/2957
f 2954/2954 2957/2957 2956/2956
f 2956/2956 2957/2957 2959/2959
f 2956/2956 2959/2959 2958/2958
f 2958/2958 2959/2959 2961/2961
f 2958/2958 2961/2961 2960/2960
f 2960/2960 2961/2961 2963/2963
f 2960/2960 2963/2963 2962/2962
f 2962/2962 2963/2963 2965/2965
f 2962/2962 2965/2965 2964/2964
f 2964/2964 2965/2965 2967/2967
f 2964/2964 2967/2967 2966/2966
f 2966/2966 2967/2967 2970/2970
f 2966/2966 2970/2970 2968/2968
f 2969/2969 2971/2971 2955/2955
f 2969/2969 2955/2955 2954/2954
f 2996/2996 2973/2973 2998/2998
f 2996/2996 2998/2998 3021/3021
f 2979/2979 2981/2981 3006/3006
f 2979/2979 3006/3006 3004/3004
f 2977/2977 2979/2979 3004/3004
f 2977/2977 3004/3004 3002/3002
f 2994/2994 2996/2996 3021/3021
f 2994/2994 3021/3021 3019/3019
f 2991/2991 2993/2993 3018/3018
f 2991/2991 3018/3018 3016/3016
f 2989/2989 2991/2991 3016/3016
f 2989/2989 3016/3016 3014/3014
f 2987/2987 2989/2989 3014/3014
f 2987/2987 3014/3014 3012/3012
f 2985/2985 2987/2987 3012/3012
f 2985/2985 3012/3012 3010/3010
f 2983/2983 2985/2985 3010/3010
f 2983/2983 3010/3010 3008/3008
f 2981/2981 2983/2983 3008/3008
f 2981/2981 3008/3008 3006/3006
f 2975/2975 2977/2977 3002/3002
f 2975/2975 3002/3002 3000/3000
f 2973/2973 2975/2975 3000/3000
f 2973/2973 3000/3000 2998/2998
f 2978/2978 3352/3352 2980/2980
f 2984/2984 3352/3352 2986/2986
f 3045/3045 3022/3022 3047/3047
f 3045/3045 3047/3047 3070/3070
f 3028/3028 3030/3030 3056/3056
f 3028/3028 3056/3056 3054/3054
f 3027/3027 3028/3028 3054/3054
f 3027/3027 3054/3054 3051/3051
f 3043/3043 3045/3045 3070/3070
f 3043/3043 3070/3070 3069/3069
f 3040/3040 3042/3042 3068/3068
f 3040/3040 3068/3068 3066/3066
f 3038/3038 3040/3040 3066/3066
f 3038/3038 3066/3066 3064/3064
f 3036/3036 3038/3038 3064/3064
f 3036/3036 3064/3064 3062/3062
f 3034/3034 3036/3036 3062/3062
f 3034/3034 3062/3062 3060/3060
f 3032/3032 3034/3034 3060/3060
f 3032/3032 3060/3060 3058/3058
f 3030/3030 3032/3032 3058/3058
f 3030/3030 3058/3058 3056/3056
f 3025/3025 3027/3027 3051/3051
f 3025/3025 3051/3051 3049/3049
f 3022/3022 3025/3025 3049/3049
f 3022/3022 3049/3049 3047/3047
f 3067/3067 3354/3354 3065/3065
f 3053/3053 3354/3354 3052/3052
f 3236/3236 3075/3075 3077/3077
f 3236/3236 3077/3077 3237/3237
f 3157/3157 3184/3184 3188/3188
f 3157/3157 3188/3188 3160/3160
f 3160/3160 3188/3188 3192/3192
f 3160/3160 3192/3192 3163/3163
f 3163/3163 3192/3192 3197/3197
f 3163/3163 3197/3197 3168/3168
f 3167/3167 3196/3196 3204/3204
f 3167/3167 3204/3204 3172/3172
f 3172/3172 3204/3204 3208/3208
f 3172/3172 3208/3208 3175/3175
f 3175/3175 3208/3208 3212/3212
f 3175/3175 3212/3212 3178/3178
f 3153/3153 3181/3181 3184/3184
f 3153/3153 3184/3184 3157/3157
f 3151/3151 3122/3122 3091/3091
f 3151/3151 3091/3091 3126/3126
f 3123/3123 3177/3177 3154/3154
f 3123/3123 3154/3154 3090/3090
f 3238/3238 3079/3079 3083/3083
f 3238/3238 3083/3083 3240/3240
f 3090/3090 3154/3154 3156/3156
f 3090/3090 3156/3156 3095/3095
f 3148/3148 3118/3118 3122/3122
f 3148/3148 3122/3122 3151/3151
f 3119/3119 3174/3174 3177/3177
f 3119/3119 3177/3177 3123/3123
f 3145/3145 3114/3114 3118/3118
f 3145/3145 3118/3118 3148/3148
f 3233/3233 3147/3147 3150/3150
f 3233/3233 3150/3150 3226/3226
f 3115/3115 3171/3171 3174/3174
f 3115/3115 3174/3174 3119/3119
f 3140/3140 3106/3106 3114/3114
f 3140/3140 3114/3114 3145/3145
f 3232/3232 3144/3144 3147/3147
f 3232/3232 3147/3147 3233/3233
f 3108/3108 3165/3165 3171/3171
f 3108/3108 3171/3171 3115/3115
f 3136/3136 3102/3102 3107/3107
f 3136/3136 3107/3107 3141/3141
f 3242/3242 3087/3087 3089/3089
f 3242/3242 3089/3089 3234/3234
f 3230/3230 3138/3138 3144/3144
f 3230/3230 3144/3144 3232/3232
f 3103/3103 3162/3162 3166/3166
f 3103/3103 3166/3166 3109/3109
f 3133/3133 3098/3098 3102/3102
f 3133/3133 3102/3102 3136/3136
f 3241/3241 3085/3085 3087/3087
f 3241/3241 3087/3087 3242/3242
f 3229/3229 3135/3135 3139/3139
f 3229/3229 3139/3139 3231/3231
f 3099/3099 3159/3159 3162/3162
f 3099/3099 3162/3162 3103/3103
f 3130/3130 3094/3094 3098/3098
f 3130/3130 3098/3098 3133/3133
f 3239/3239 3082/3082 3085/3085
f 3239/3239 3085/3085 3241/3241
f 3228/3228 3132/3132 3135/3135
f 3228/3228 3135/3135 3229/3229
f 3095/3095 3156/3156 3159/3159
f 3095/3095 3159/3159 3099/3099
f 3126/3126 3091/3091 3094/3094
f 3126/3126 3094/3094 3130/3130
f 3227/3227 3129/3129 3132/3132
f 3227/3227 3132/3132 3228/3228
f 3237/3237 3077/3077 3079/3079
f 3237/3237 3079/3079 3238/3238
f 3235/3235 3073/3073 3075/3075
f 3235/3235 3075/3075 3236/3236
f 3123/3123 3090/3090 3092/3092
f 3123/3123 3092/3092 3125/3125
f 3125/3125 3092/3092 3093/3093
f 3125/3125 3093/3093 3124/3124
f 3124/3124 3093/3093 3091/3091
f 3124/3124 3091/3091 3122/3122
f 3119/3119 3123/3123 3125/3125
f 3119/3119 3125/3125 3121/3121
f 3121/3121 3125/3125 3124/3124
f 3121/3121 3124/3124 3120/3120
f 3120/3120 3124/3124 3122/3122
f 3120/3120 3122/3122 3118/3118
f 3115/3115 3119/3119 3121/3121
f 3115/3115 3121/3121 3117/3117
f 3117/3117 3121/3121 3120/3120
f 3117/3117 3120/3120 3116/3116
f 3116/3116 3120/3120 3118/3118
f 3116/3116 3118/3118 3114/3114
f 3108/3108 3115/3115 3117/3117
f 3108/3108 3117/3117 3112/3112
f 3112/3112 3117/3117 3116/3116
f 3112/3112 3116/3116 3110/3110
f 3110/3110 3116/3116 3114/3114
f 3110/3110 3114/3114 3106/3106
f 3103/3103 3109/3109 3113/3113
f 3103/3103 3113/3113 3105/3105
f 3105/3105 3113/3113 3111/3111
f 3105/3105 3111/3111 3104/3104
f 3104/3104 3111/3111 3107/3107
f 3104/3104 3107/3107 3102/3102
f 3099/3099 3103/3103 3105/3105
f 3099/3099 3105/3105 3101/3101
f 3101/3101 3105/3105 3104/3104
f 3101/3101 3104/3104 3100/3100
f 3100/3100 3104/3104 3102/3102
f 3100/3100 3102/3102 3098/3098
f 3095/3095 3099/3099 3101/3101
f 3095/3095 3101/3101 3097/3097
f 3097/3097 3101/3101 3100/3100
f 3097/3097 3100/3100 3096/3096
f 3096/3096 3100/3100 3098/3098
f 3096/3096 3098/3098 3094/3094
f 3090/3090 3095/3095 3097/3097
f 3090/3090 3097/3097 3092/3092
f 3092/3092 3097/3097 3096/3096
f 3092/3092 3096/3096 3093/3093
f 3093/3093 3096/3096 3094/3094
f 3093/3093 3094/3094 3091/3091
f 3226/3226 3150/3150 3127/3127
f 3226/3226 3127/3127 3225/3225
f 3151/3151 3126/3126 3128/3128
f 3151/3151 3128/3128 3152/3152
f 3152/3152 3128/3128 3127/3127
f 3152/3152 3127/3127 3150/3150
f 3148/3148 3151/3151 3152/3152
f 3148/3148 3152/3152 3149/3149
f 3149/3149 3152/3152 3150/3150
f 3149/3149 3150/3150 3147/3147
f 3145/3145 3148/3148 3149/3149
f 3145/3145 3149/3149 3146/3146
f 3146/3146 3149/3149 3147/3147
f 3146/3146 3147/3147 3144/3144
f 3140/3140 3145/3145 3146/3146
f 3140/3140 3146/3146 3142/3142
f 3142/3142 3146/3146 3144/3144
f 3142/3142 3144/3144 3138/3138
f 3136/3136 3141/3141 3143/3143
f 3136/3136 3143/3143 3137/3137
f 3137/3137 3143/3143 3139/3139
f 3137/3137 3139/3139 3135/3135
f 3133/3133 3136/3136 3137/3137
f 3133/3133 3137/3137 3134/3134
f 3134/3134 3137/3137 3135/3135
f 3134/3134 3135/3135 3132/3132
f 3130/3130 3133/3133 3134/3134
f 3130/3130 3134/3134 3131/3131
f 3131/3131 3134/3134 3132/3132
f 3131/3131 3132/3132 3129/3129
f 3126/3126 3130/3130 3131/3131
f 3126/3126 3131/3131 3128/3128
f 3128/3128 3131/3131 3129/3129
f 3128/3128 3129/3129 3127/3127
f 3225/3225 3127/3127 3129/3129
f 3225/3225 3129/3129 3227/3227
f 3178/3178 3153/3153 3155/3155
f 3178/3178 3155/3155 3179/3179
f 3179/3179 3155/3155 3154/3154
f 3179/3179 3154/3154 3177/3177
f 3175/3175 3178/3178 3179/3179
f 3175/3175 3179/3179 3176/3176
f 3176/3176 3179/3179 3177/3177
f 3176/3176 3177/3177 3174/3174
f 3172/3172 3175/3175 3176/3176
f 3172/3172 3176/3176 3173/3173
f 3173/3173 3176/3176 3174/3174
f 3173/3173 3174/3174 3171/3171
f 3167/3167 3172/3172 3173/3173
f 3167/3167 3173/3173 3169/3169
f 3169/3169 3173/3173 3171/3171
f 3169/3169 3171/3171 3165/3165
f 3163/3163 3168/3168 3170/3170
f 3163/3163 3170/3170 3164/3164
f 3164/3164 3170/3170 3166/3166
f 3164/3164 3166/3166 3162/3162
f 3160/3160 3163/3163 3164/3164
f 3160/3160 3164/3164 3161/3161
f 3161/3161 3164/3164 3162/3162
f 3161/3161 3162/3162 3159/3159
f 3157/3157 3160/3160 3161/3161
f 3157/3157 3161/3161 3158/3158
f 3158/3158 3161/3161 3159/3159
f 3158/3158 3159/3159 3156/3156
f 3153/3153 3157/3157 3158/3158
f 3153/3153 3158/3158 3155/3155
f 3155/3155 3158/3158 3156/3156
f 3155/3155 3156/3156 3154/3154
f 3178/3178 3212/3212 3181/3181
f 3178/3178 3181/3181 3153/3153
f 3213/3213 3180/3180 3182/3182
f 3213/3213 3182/3182 3215/3215
f 3215/3215 3182/3182 3183/3183
f 3215/3215 3183/3183 3214/3214
f 3214/3214 3183/3183 3181/3181
f 3214/3214 3181/3181 3212/3212
f 3209/3209 3213/3213 3215/3215
f 3209/3209 3215/3215 3211/3211
f 3211/3211 3215/3215 3214/3214
f 3211/3211 3214/3214 3210/3210
f 3210/3210 3214/3214 3212/3212
f 3210/3210 3212/3212 3208/3208
f 3205/3205 3209/3209 3211/3211
f 3205/3205 3211/3211 3207/3207
f 3207/3207 3211/3211 3210/3210
f 3207/3207 3210/3210 3206/3206
f 3206/3206 3210/3210 3208/3208
f 3206/3206 3208/3208 3204/3204
f 3198/3198 3205/3205 3207/3207
f 3198/3198 3207/3207 3202/3202
f 3202/3202 3207/3207 3206/3206
f 3202/3202 3206/3206 3200/3200
f 3200/3200 3206/3206 3204/3204
f 3200/3200 3204/3204 3196/3196
f 3193/3193 3199/3199 3203/3203
f 3193/3193 3203/3203 3195/3195
f 3195/3195 3203/3203 3201/3201
f 3195/3195 3201/3201 3194/3194
f 3194/3194 3201/3201 3197/3197
f 3194/3194 3197/3197 3192/3192
f 3189/3189 3193/3193 3195/3195
f 3189/3189 3195/3195 3191/3191
f 3191/3191 3195/3195 3194/3194
f 3191/3191 3194/3194 3190/3190
f 3190/3190 3194/3194 3192/3192
f 3190/3190 3192/3192 3188/3188
f 3185/3185 3189/3189 3191/3191
f 3185/3185 3191/3191 3187/3187
f 3187/3187 3191/3191 3190/3190
f 3187/3187 3190/3190 3186/3186
f 3186/3186 3190/3190 3188/3188
f 3186/3186 3188/3188 3184/3184
f 3180/3180 3185/3185 3187/3187
f 3180/3180 3187/3187 3182/3182
f 3182/3182 3187/3187 3186/3186
f 3182/3182 3186/3186 3183/3183
f 3183/3183 3186/3186 3184/3184
f 3183/3183 3184/3184 3181/3181
f 3234/3234 3089/3089 3073/3073
f 3234/3234 3073/3073 3235/3235
f 3072/3072 3216/3216 3217/3217
f 3072/3072 3217/3217 3074/3074
f 3088/3088 3218/3218 3216/3216
f 3088/3088 3216/3216 3072/3072
f 3074/3074 3217/3217 3219/3219
f 3074/3074 3219/3219 3076/3076
f 3076/3076 3219/3219 3220/3220
f 3076/3076 3220/3220 3078/3078
f 3078/3078 3220/3220 3222/3222
f 3078/3078 3222/3222 3081/3081
f 3080/3080 3221/3221 3223/3223
f 3080/3080 3223/3223 3084/3084
f 3084/3084 3223/3223 3224/3224
f 3084/3084 3224/3224 3086/3086
f 3086/3086 3224/3224 3218/3218
f 3086/3086 3218/3218 3088/3088
f 3216/3216 3225/3225 3227/3227
f 3216/3216 3227/3227 3217/3217
f 3218/3218 3226/3226 3225/3225
f 3218/3218 3225/3225 3216/3216
f 3217/3217 3227/3227 3228/3228
f 3217/3217 3228/3228 3219/3219
f 3219/3219 3228/3228 3229/3229
f 3219/3219 3229/3229 3220/3220
f 3220/3220 3229/3229 3231/3231
f 3220/3220 3231/3231 3222/3222
f 3221/3221 3230/3230 3232/3232
f 3221/3221 3232/3232 3223/3223
f 3223/3223 3232/3232 3233/3233
f 3223/3223 3233/3233 3224/3224
f 3224/3224 3233/3233 3226/3226
f 3224/3224 3226/3226 3218/3218
f 3251/3251 3234/3234 3235/3235
f 3251/3251 3235/3235 3243/3243
f 3243/3243 3235/3235 3236/3236
f 3243/3243 3236/3236 3244/3244
f 3245/3245 3237/3237 3238/3238
f 3245/3245 3238/3238 3246/3246
f 3247/3247 3239/3239 3241/3241
f 3247/3247 3241/3241 3249/3249
f 3249/3249 3241/3241 3242/3242
f 3249/3249 3242/3242 3250/3250
f 3250/3250 3242/3242 3234/3234
f 3250/3250 3234/3234 3251/3251
f 3246/3246 3238/3238 3240/3240
f 3246/3246 3240/3240 3248/3248
f 3244/3244 3236/3236 3237/3237
f 3244/3244 3237/3237 3245/3245
f 3185/3185 3244/3244 3245/3245
f 3185/3185 3245/3245 3189/3189
f 3193/3193 3246/3246 3248/3248
f 3193/3193 3248/3248 3199/3199
f 3209/3209 3250/3250 3251/3251
f 3209/3209 3251/3251 3213/3213
f 3205/3205 3249/3249 3250/3250
f 3205/3205 3250/3250 3209/3209
f 3198/3198 3247/3247 3249/3249
f 3198/3198 3249/3249 3205/3205
f 3189/3189 3245/3245 3246/3246
f 3189/3189 3246/3246 3193/3193
f 3180/3180 3243/3243 3244/3244
f 3180/3180 3244/3244 3185/3185
f 3213/3213 3251/3251 3243/3243
f 3213/3213 3243/3243 3180/3180
f 3274/3274 3306/3306 3302/3302
f 3274/3274 3302/3302 3268/3268
f 3280/3280 3312/3312 3316/3316
f 3280/3280 3316/3316 3284/3284
f 3258/3258 3290/3290 3296/3296
f 3258/3258 3296/3296 3262/3262
f 3282/3282 3314/3314 3310/3310
f 3282/3282 3310/3310 3278/3278
f 3260/3260 3294/3294 3288/3288
f 3260/3260 3288/3288 3256/3256
f 3320/3320 3325/3325 3304/3304
f 3320/3320 3304/3304 3271/3271
f 3285/3285 3283/3283 3279/3279
f 3285/3285 3279/3279 3281/3281
f 3318/3318 3322/3322 3298/3298
f 3318/3318 3298/3298 3264/3264
f 3276/3276 3308/3308 3312/3312
f 3276/3276 3312/3312 3280/3280
f 3255/3255 3253/3253 3283/3283
f 3255/3255 3283/3283 3285/3285
f 3287/3287 3289/3289 3291/3291
f 3287/3287 3291/3291 3293/3293
f 3297/3297 3351/3351 3349/3349
f 3297/3297 3349/3349 3295/3295
f 3295/3295 3299/3299 3301/3301
f 3295/3295 3301/3301 3297/3297
f 3323/3323 3303/3303 3305/3305
f 3323/3323 3305/3305 3326/3326
f 3303/3303 3307/3307 3309/3309
f 3303/3303 3309/3309 3305/3305
f 3307/3307 3311/3311 3313/3313
f 3307/3307 3313/3313 3309/3309
f 3311/3311 3315/3315 3317/3317
f 3311/3311 3317/3317 3313/3313
f 3315/3315 3287/3287 3293/3293
f 3315/3315 3293/3293 3317/3317
f 3271/3271 3304/3304 3308/3308
f 3271/3271 3308/3308 3276/3276
f 3264/3264 3298/3298 3294/3294
f 3264/3264 3294/3294 3260/3260
f 3252/3252 3286/3286 3314/3314
f 3252/3252 3314/3314 3282/3282
f 3256/3256 3288/3288 3286/3286
f 3256/3256 3286/3286 3252/3252
f 3262/3262 3296/3296 3300/3300
f 3262/3262 3300/3300 3266/3266
f 3284/3284 3316/3316 3292/3292
f 3284/3284 3292/3292 3254/3254
f 3254/3254 3292/3292 3290/3290
f 3254/3254 3290/3290 3258/3258
f 3278/3278 3310/3310 3306/3306
f 3278/3278 3306/3306 3274/3274
f 3268/3268 3302/3302 3322/3322
f 3268/3268 3322/3322 3318/3318
f 3266/3266 3300/3300 3325/3325
f 3266/3266 3325/3325 3320/3320
f 3300/3300 3328/3328 3338/3338
f 3300/3300 3338/3338 3325/3325
f 3327/3327 3339/3339 3341/3341
f 3327/3327 3341/3341 3324/3324
f 3322/3322 3340/3340 3334/3334
f 3322/3322 3334/3334 3298/3298
f 3332/3332 3342/3342 3336/3336
f 3332/3332 3336/3336 3330/3330
f 3336/3336 3338/3338 3328/3328
f 3336/3336 3328/3328 3330/3330
f 3332/3332 3334/3334 3340/3340
f 3332/3332 3340/3340 3342/3342
f 3299/3299 3335/3335 3329/3329
f 3299/3299 3329/3329 3301/3301
f 3281/3281 3279/3279 3275/3275
f 3281/3281 3275/3275 3277/3277
f 3277/3277 3275/3275 3269/3269
f 3277/3277 3269/3269 3272/3272
f 3273/3273 3270/3270 3319/3319
f 3273/3273 3319/3319 3321/3321
f 3321/3321 3319/3319 3265/3265
f 3321/3321 3265/3265 3267/3267
f 3267/3267 3265/3265 3261/3261
f 3267/3267 3261/3261 3263/3263
f 3263/3263 3261/3261 3257/3257
f 3263/3263 3257/3257 3259/3259
f 3259/3259 3257/3257 3253/3253
f 3259/3259 3253/3253 3255/3255
f 3347/3347 3349/3349 3351/3351
f 3347/3347 3351/3351 3345/3345
f 3294/3294 3348/3348 3346/3346
f 3294/3294 3346/3346 3288/3288
f 3290/3290 3344/3344 3350/3350
f 3290/3290 3350/3350 3296/3296
f 3289/3289 3347/3347 3345/3345
f 3289/3289 3345/3345 3291/3291
f 2992/2992 3352/3352 2995/2995
f 2972/2972 3352/3352 2974/2974
f 2986/2986 3352/3352 2988/2988
f 2980/2980 3352/3352 2982/2982
f 2995/2995 3352/3352 2972/2972
f 2974/2974 3352/3352 2976/2976
f 2988/2988 3352/3352 2990/2990
f 2982/2982 3352/3352 2984/2984
f 2976/2976 3352/3352 2978/2978
f 2990/2990 3352/3352 2992/2992
f 3007/3007 3353/3353 3005/3005
f 2997/2997 3353/3353 3020/3020
f 3001/3001 3353/3353 2999/2999
f 3015/3015 3353/3353 3013/3013
f 3009/3009 3353/3353 3007/3007
f 3003/3003 3353/3353 3001/3001
f 3017/3017 3353/3353 3015/3015
f 3011/3011 3353/3353 3009/3009
f 3005/3005 3353/3353 3003/3003
f 3020/3020 3353/3353 3017/3017
f 2999/2999 3353/3353 2997/2997
f 3013/3013 3353/3353 3011/3011
f 3061/3061 3354/3354 3059/3059
f 3055/3055 3354/3354 3053/3053
f 3071/3071 3354/3354 3067/3067
f 3050/3050 3354/3354 3048/3048
f 3063/3063 3354/3354 3061/3061
f 3057/3057 3354/3354 3055/3055
f 3048/3048 3354/3354 3071/3071
f 3052/3052 3354/3354 3050/3050
f 3065/3065 3354/3354 3063/3063
f 3059/3059 3354/3354 3057/3057
f 3031/3031 3355/3355 3033/3033
f 3046/3046 3355/3355 3023/3023
f 3024/3024 3355/3355 3026/3026
f 3039/3039 3355/3355 3041/3041
f 3033/3033 3355/3355 3035/3035
f 3026/3026 3355/3355 3029/3029
f 3041/3041 3355/3355 3044/3044
f 3035/3035 3355/3355 3037/3037
f 3029/3029 3355/3355 3031/3031
f 3044/3044 3355/3355 3046/3046
f 3023/3023 3355/3355 3024/3024
f 3037/3037 3355/3355 3039/3039
f 2937/2937 2935/2935 2933/2933
f 2937/2937 2933/2933 2931/2931
f 2941/2941 2939/2939 2945/2945
f 2941/2941 2945/2945 2943/2943
f 2693/2693 3356/3356 2692/2692
f 3339/3339 3337/3337 3343/3343
f 3339/3339 3343/3343 3341/3341
f 3335/3335 3333/3333 3331/3331
f 3335/3335 3331/3331 3329/3329
f 2701/2701 3356/3356 2700/2700
f 2694/2694 3356/3356 2693/2693
f 2702/2702 3356/3356 2701/2701
f 2695/2695 3356/3356 2694/2694
f 2688/2688 3356/3356 2687/2687
f 2703/2703 3356/3356 2702/2702
f 2696/2696 3356/3356 2695/2695
f 2689/2689 3356/3356 2688/2688
f 2704/2704 3356/3356 2703/2703
f 2697/2697 3356/3356 2696/2696
f 2690/2690 3356/3356 2689/2689
f 2687/2687 3356/3356 2704/2704
f 2698/2698 3356/3356 2697/2697
f 2691/2691 3356/3356 2690/2690
f 2699/2699 3356/3356 2698/2698
f 2692/2692 3356/3356 2691/2691
f 3360/3360 3359/3359 3369/3369
f 3360/3360 3369/3369 3370/3370
f 3519/3519 3357/3357 3366/3366
f 3519/3519 3366/3366 3367/3367
f 3363/3363 3362/3362 3373/3373
f 3363/3363 3373/3373 3374/3374
f 3361/3361 3360/3360 3370/3370
f 3361/3361 3370/3370 3371/3371
f 3358/3358 3519/3519 3367/3367
f 3358/3358 3367/3367 3368/3368
f 3364/3364 3363/3363 3374/3374
f 3520/3520 3361/3361 3371/3371
f 3520/3520 3371/3371 3372/3372
f 3359/3359 3358/3358 3368/3368
f 3359/3359 3368/3368 3369/3369
f 3420/3420 3411/3411 3527/3527
f 3420/3420 3527/3527 3528/3528
f 3362/3362 3520/3520 3372/3372
f 3362/3362 3372/3372 3373/3373
f 3370/3370 3369/3369 3378/3378
f 3370/3370 3378/3378 3379/3379
f 3367/3367 3366/3366 3375/3375
f 3367/3367 3375/3375 3376/3376
f 3374/3374 3373/3373 3382/3382
f 3374/3374 3382/3382 3383/3383
f 3371/3371 3370/3370 3379/3379
f 3371/3371 3379/3379 3380/3380
f 3368/3368 3367/3367 3376/3376
f 3368/3368 3376/3376 3377/3377
f 3364/3364 3374/3374 3383/3383
f 3372/3372 3371/3371 3380/3380
f 3372/3372 3380/3380 3381/3381
f 3369/3369 3368/3368 3377/3377
f 3369/3369 3377/3377 3378/3378
f 3447/3447 3438/3438 3530/3530
f 3447/3447 3530/3530 3531/3531
f 3373/3373 3372/3372 3381/3381
f 3373/3373 3381/3381 3382/3382
f 3483/3483 3474/3474 3534/3534
f 3483/3483 3534/3534 3535/3535
f 3382/3382 3381/3381 3396/3396
f 3382/3382 3396/3396 3398/3398
f 3379/3379 3378/3378 3390/3390
f 3379/3379 3390/3390 3392/3392
f 3376/3376 3375/3375 3384/3384
f 3376/3376 3384/3384 3386/3386
f 3383/3383 3382/3382 3398/3398
f 3383/3383 3398/3398 3400/3400
f 3380/3380 3379/3379 3392/3392
f 3380/3380 3392/3392 3394/3394
f 3377/3377 3376/3376 3386/3386
f 3377/3377 3386/3386 3388/3388
f 3364/3364 3383/3383 3400/3400
f 3381/3381 3380/3380 3394/3394
f 3381/3381 3394/3394 3396/3396
f 3378/3378 3377/3377 3388/3388
f 3378/3378 3388/3388 3390/3390
f 3391/3391 3389/3389 3404/3404
f 3391/3391 3404/3404 3405/3405
f 3457/3457 3447/3447 3531/3531
f 3457/3457 3531/3531 3533/3533
f 3399/3399 3397/3397 3408/3408
f 3399/3399 3408/3408 3409/3409
f 3393/3393 3391/3391 3405/3405
f 3393/3393 3405/3405 3406/3406
f 3387/3387 3385/3385 3402/3402
f 3387/3387 3402/3402 3403/3403
f 3401/3401 3399/3399 3409/3409
f 3401/3401 3409/3409 3410/3410
f 3395/3395 3393/3393 3406/3406
f 3395/3395 3406/3406 3407/3407
f 3389/3389 3387/3387 3403/3403
f 3389/3389 3403/3403 3404/3404
f 3365/3365 3401/3401 3410/3410
f 3397/3397 3395/3395 3407/3407
f 3397/3397 3407/3407 3408/3408
f 3365/3365 3410/3410 3419/3419
f 3408/3408 3407/3407 3416/3416
f 3408/3408 3416/3416 3417/3417
f 3405/3405 3404/3404 3413/3413
f 3405/3405 3413/3413 3414/3414
f 3402/3402 3385/3385 3525/3525
f 3402/3402 3525/3525 3526/3526
f 3409/3409 3408/3408 3417/3417
f 3409/3409 3417/3417 3418/3418
f 3406/3406 3405/3405 3414/3414
f 3406/3406 3414/3414 3415/3415
f 3403/3403 3402/3402 3411/3411
f 3403/3403 3411/3411 3412/3412
f 3410/3410 3409/3409 3418/3418
f 3410/3410 3418/3418 3419/3419
f 3407/3407 3406/3406 3415/3415
f 3407/3407 3415/3415 3416/3416
f 3404/3404 3403/3403 3412/3412
f 3404/3404 3412/3412 3413/3413
f 3416/3416 3415/3415 3424/3424
f 3416/3416 3424/3424 3425/3425
f 3413/3413 3412/3412 3421/3421
f 3413/3413 3421/3421 3422/3422
f 3365/3365 3419/3419 3428/3428
f 3417/3417 3416/3416 3425/3425
f 3417/3417 3425/3425 3426/3426
f 3414/3414 3413/3413 3422/3422
f 3414/3414 3422/3422 3423/3423
f 3357/3357 3510/3510 3538/3538
f 3357/3357 3538/3538 3521/3521
f 3418/3418 3417/3417 3426/3426
f 3418/3418 3426/3426 3427/3427
f 3415/3415 3414/3414 3423/3423
f 3415/3415 3423/3423 3424/3424
f 3412/3412 3411/3411 3420/3420
f 3412/3412 3420/3420 3421/3421
f 3419/3419 3418/3418 3427/3427
f 3419/3419 3427/3427 3428/3428
f 3421/3421 3420/3420 3429/3429
f 3421/3421 3429/3429 3430/3430
f 3428/3428 3427/3427 3436/3436
f 3428/3428 3436/3436 3437/3437
f 3425/3425 3424/3424 3433/3433
f 3425/3425 3433/3433 3434/3434
f 3422/3422 3421/3421 3430/3430
f 3422/3422 3430/3430 3431/3431
f 3365/3365 3428/3428 3437/3437
f 3426/3426 3425/3425 3434/3434
f 3426/3426 3434/3434 3435/3435
f 3423/3423 3422/3422 3431/3431
f 3423/3423 3431/3431 3432/3432
f 3474/3474 3456/3456 3532/3532
f 3474/3474 3532/3532 3534/3534
f 3427/3427 3426/3426 3435/3435
f 3427/3427 3435/3435 3436/3436
f 3424/3424 3423/3423 3432/3432
f 3424/3424 3432/3432 3433/3433
f 3433/3433 3432/3432 3441/3441
f 3433/3433 3441/3441 3442/3442
f 3430/3430 3429/3429 3438/3438
f 3430/3430 3438/3438 3439/3439
f 3437/3437 3436/3436 3445/3445
f 3437/3437 3445/3445 3446/3446
f 3434/3434 3433/3433 3442/3442
f 3434/3434 3442/3442 3443/3443
f 3431/3431 3430/3430 3439/3439
f 3431/3431 3439/3439 3440/3440
f 3365/3365 3437/3437 3446/3446
f 3435/3435 3434/3434 3443/3443
f 3435/3435 3443/3443 3444/3444
f 3432/3432 3431/3431 3440/3440
f 3432/3432 3440/3440 3441/3441
f 3429/3429 3420/3420 3528/3528
f 3429/3429 3528/3528 3529/3529
f 3436/3436 3435/3435 3444/3444
f 3436/3436 3444/3444 3445/3445
f 3411/3411 3402/3402 3526/3526
f 3411/3411 3526/3526 3527/3527
f 3445/3445 3444/3444 3453/3453
f 3445/3445 3453/3453 3454/3454
f 3442/3442 3441/3441 3450/3450
f 3442/3442 3450/3450 3451/3451
f 3439/3439 3438/3438 3447/3447
f 3439/3439 3447/3447 3448/3448
f 3446/3446 3445/3445 3454/3454
f 3446/3446 3454/3454 3455/3455
f 3443/3443 3442/3442 3451/3451
f 3443/3443 3451/3451 3452/3452
f 3440/3440 3439/3439 3448/3448
f 3440/3440 3448/3448 3449/3449
f 3365/3365 3446/3446 3455/3455
f 3444/3444 3443/3443 3452/3452
f 3444/3444 3452/3452 3453/3453
f 3441/3441 3440/3440 3449/3449
f 3441/3441 3449/3449 3450/3450
f 3453/3453 3452/3452 3467/3467
f 3453/3453 3467/3467 3469/3469
f 3450/3450 3449/3449 3461/3461
f 3450/3450 3461/3461 3463/3463
f 3492/3492 3483/3483 3535/3535
f 3492/3492 3535/3535 3536/3536
f 3454/3454 3453/3453 3469/3469
f 3454/3454 3469/3469 3471/3471
f 3451/3451 3450/3450 3463/3463
f 3451/3451 3463/3463 3465/3465
f 3448/3448 3447/3447 3457/3457
f 3448/3448 3457/3457 3459/3459
f 3455/3455 3454/3454 3471/3471
f 3455/3455 3471/3471 3473/3473
f 3452/3452 3451/3451 3465/3465
f 3452/3452 3465/3465 3467/3467
f 3449/3449 3448/3448 3459/3459
f 3449/3449 3459/3459 3461/3461
f 3365/3365 3455/3455 3473/3473
f 3460/3460 3458/3458 3475/3475
f 3460/3460 3475/3475 3476/3476
f 3364/3364 3472/3472 3482/3482
f 3468/3468 3466/3466 3479/3479
f 3468/3468 3479/3479 3480/3480
f 3462/3462 3460/3460 3476/3476
f 3462/3462 3476/3476 3477/3477
f 3375/3375 3366/3366 3522/3522
f 3375/3375 3522/3522 3523/3523
f 3470/3470 3468/3468 3480/3480
f 3470/3470 3480/3480 3481/3481
f 3464/3464 3462/3462 3477/3477
f 3464/3464 3477/3477 3478/3478
f 3458/3458 3456/3456 3474/3474
f 3458/3458 3474/3474 3475/3475
f 3472/3472 3470/3470 3481/3481
f 3472/3472 3481/3481 3482/3482
f 3466/3466 3464/3464 3478/3478
f 3466/3466 3478/3478 3479/3479
f 3479/3479 3478/3478 3487/3487
f 3479/3479 3487/3487 3488/3488
f 3476/3476 3475/3475 3484/3484
f 3476/3476 3484/3484 3485/3485
f 3364/3364 3482/3482 3491/3491
f 3480/3480 3479/3479 3488/3488
f 3480/3480 3488/3488 3489/3489
f 3477/3477 3476/3476 3485/3485
f 3477/3477 3485/3485 3486/3486
f 3501/3501 3492/3492 3536/3536
f 3501/3501 3536/3536 3537/3537
f 3481/3481 3480/3480 3489/3489
f 3481/3481 3489/3489 3490/3490
f 3478/3478 3477/3477 3486/3486
f 3478/3478 3486/3486 3487/3487
f 3475/3475 3474/3474 3483/3483
f 3475/3475 3483/3483 3484/3484
f 3482/3482 3481/3481 3490/3490
f 3482/3482 3490/3490 3491/3491
f 3484/3484 3483/3483 3492/3492
f 3484/3484 3492/3492 3493/3493
f 3491/3491 3490/3490 3499/3499
f 3491/3491 3499/3499 3500/3500
f 3488/3488 3487/3487 3496/3496
f 3488/3488 3496/3496 3497/3497
f 3485/3485 3484/3484 3493/3493
f 3485/3485 3493/3493 3494/3494
f 3364/3364 3491/3491 3500/3500
f 3489/3489 3488/3488 3497/3497
f 3489/3489 3497/3497 3498/3498
f 3486/3486 3485/3485 3494/3494
f 3486/3486 3494/3494 3495/3495
f 3384/3384 3375/3375 3523/3523
f 3384/3384 3523/3523 3524/3524
f 3490/3490 3489/3489 3498/3498
f 3490/3490 3498/3498 3499/3499
f 3487/3487 3486/3486 3495/3495
f 3487/3487 3495/3495 3496/3496
f 3499/3499 3498/3498 3507/3507
f 3499/3499 3507/3507 3508/3508
f 3496/3496 3495/3495 3504/3504
f 3496/3496 3504/3504 3505/3505
f 3493/3493 3492/3492 3501/3501
f 3493/3493 3501/3501 3502/3502
f 3500/3500 3499/3499 3508/3508
f 3500/3500 3508/3508 3509/3509
f 3497/3497 3496/3496 3505/3505
f 3497/3497 3505/3505 3506/3506
f 3494/3494 3493/3493 3502/3502
f 3494/3494 3502/3502 3503/3503
f 3364/3364 3500/3500 3509/3509
f 3498/3498 3497/3497 3506/3506
f 3498/3498 3506/3506 3507/3507
f 3495/3495 3494/3494 3503/3503
f 3495/3495 3503/3503 3504/3504
f 3510/3510 3501/3501 3537/3537
f 3510/3510 3537/3537 3538/3538
f 3504/3504 3503/3503 3512/3512
f 3504/3504 3512/3512 3513/3513
f 3366/3366 3357/3357 3521/3521
f 3366/3366 3521/3521 3522/3522
f 3508/3508 3507/3507 3516/3516
f 3508/3508 3516/3516 3517/3517
f 3505/3505 3504/3504 3513/3513
f 3505/3505 3513/3513 3514/3514
f 3502/3502 3501/3501 3510/3510
f 3502/3502 3510/3510 3511/3511
f 3509/3509 3508/3508 3517/3517
f 3509/3509 3517/3517 3518/3518
f 3506/3506 3505/3505 3514/3514
f 3506/3506 3514/3514 3515/3515
f 3503/3503 3502/3502 3511/3511
f 3503/3503 3511/3511 3512/3512
f 3364/3364 3509/3509 3518/3518
f 3507/3507 3506/3506 3515/3515
f 3507/3507 3515/3515 3516/3516
f 3516/3516 3515/3515 3361/3361
f 3516/3516 3361/3361 3520/3520
f 3513/3513 3512/3512 3358/3358
f 3513/3513 3358/3358 3359/3359
f 3438/3438 3429/3429 3529/3529
f 3438/3438 3529/3529 3530/3530
f 3517/3517 3516/3516 3520/3520
f 3517/3517 3520/3520 3362/3362
f 3514/3514 3513/3513 3359/3359
f 3514/3514 3359/3359 3360/3360
f 3511/3511 3510/3510 3357/3357
f 3511/3511 3357/3357 3519/3519
f 3518/3518 3517/3517 3362/3362
f 3518/3518 3362/3362 3363/3363
f 3515/3515 3514/3514 3360/3360
f 3515/3515 3360/3360 3361/3361
f 3512/3512 3511/3511 3519/3519
f 3512/3512 3519/3519 3358/3358
f 3364/3364 3518/3518 3363/3363
