# CC0 Poly Haven, Z-up, floor-centered
v 0.019379 -0.004610 0.158176
v 0.019379 0.004610 0.158176
v 0.028270 -0.004725 0.157618
v 0.028270 0.004725 0.157618
v 0.000000 -0.003949 0.173049
v 0.000000 -0.003950 0.177312
v 0.000000 0.003949 0.173049
v 0.000000 0.003950 0.177312
v -0.019379 -0.004610 0.158176
v -0.019379 0.004610 0.158176
v -0.028270 -0.004725 0.157618
v -0.028270 0.004725 0.157618
v -0.018026 -0.004242 0.162706
v -0.018026 0.004242 0.162706
v -0.024953 0.004242 0.164853
v -0.024953 -0.004242 0.164853
v -0.015098 -0.003896 0.167200
v -0.015098 0.003896 0.167200
v -0.019545 0.003896 0.170721
v -0.019545 -0.003896 0.170721
v -0.010651 -0.003846 0.170818
v -0.010651 0.003846 0.170818
v -0.012600 0.003846 0.175087
v -0.012600 -0.003846 0.175087
v -0.005270 -0.003929 0.172708
v -0.005270 0.003929 0.172708
v -0.005571 0.003929 0.177021
v -0.005571 -0.003929 0.177021
v 0.018026 -0.004242 0.162706
v 0.018026 0.004242 0.162706
v 0.024953 0.004242 0.164853
v 0.024953 -0.004242 0.164853
v 0.015098 -0.003896 0.167200
v 0.015098 0.003896 0.167200
v 0.019545 0.003896 0.170721
v 0.019545 -0.003896 0.170721
v 0.000000 0.000000 0.172192
v 0.000000 0.000000 0.172192
v 0.000000 0.000000 0.178263
v 0.010651 -0.003846 0.170818
v 0.012600 -0.003846 0.175087
v -0.017701 0.000000 0.158304
v -0.017701 0.000000 0.158304
v 0.005270 -0.003929 0.172708
v 0.010651 0.003846 0.170818
v 0.012600 0.003846 0.175087
v 0.005571 -0.003929 0.177021
v -0.030244 0.000000 0.157376
v -0.016727 0.000000 0.162396
v -0.016727 0.000000 0.162396
v -0.026252 0.000000 0.165355
v -0.014265 0.000000 0.166566
v -0.014265 0.000000 0.166566
v -0.020379 0.000000 0.171497
v -0.010285 0.000000 0.169999
v -0.010285 0.000000 0.169999
v 0.017701 0.000000 0.158304
v 0.017701 0.000000 0.158304
v -0.012966 0.000000 0.176018
v 0.030244 0.000000 0.157376
v 0.016727 0.000000 0.162396
v 0.016727 0.000000 0.162396
v 0.026252 0.000000 0.165355
v 0.014265 0.000000 0.166566
v 0.014265 0.000000 0.166566
v 0.020379 0.000000 0.171497
v 0.010285 0.000000 0.169999
v 0.010285 0.000000 0.169999
v 0.012966 0.000000 0.176018
v 0.005214 0.000000 0.171853
v 0.005214 0.000000 0.171853
v -0.005214 0.000000 0.171853
v -0.005214 0.000000 0.171853
v -0.005627 0.000000 0.177974
v 0.005627 0.000000 0.177974
v 0.028470 0.000000 0.161914
v 0.017392 0.000000 0.160425
v 0.017392 0.000000 0.160425
v 0.016792 0.000000 0.174037
v 0.023543 0.000000 0.168578
v 0.015688 0.000000 0.164485
v 0.015688 0.000000 0.164485
v 0.009140 0.000000 0.177295
v 0.012453 0.000000 0.168444
v 0.012453 0.000000 0.168444
v -0.028470 0.000000 0.161914
v -0.017392 0.000000 0.160425
v -0.017392 0.000000 0.160425
v -0.016792 0.000000 0.174037
v 0.005270 0.003929 0.172708
v -0.023543 0.000000 0.168578
v -0.015688 0.000000 0.164485
v -0.015688 0.000000 0.164485
v 0.007822 0.000000 0.171147
v 0.007822 0.000000 0.171147
v -0.009140 0.000000 0.177295
v 0.005571 0.003929 0.177021
v -0.012453 0.000000 0.168444
v -0.012453 0.000000 0.168444
v -0.007822 0.000000 0.171147
v -0.007822 0.000000 0.171147
v -0.002600 0.000000 0.172143
v -0.002600 0.000000 0.172143
v -0.002652 0.000000 0.178227
v -0.072105 0.000000 0.140911
v 0.002600 0.000000 0.172143
v 0.002600 0.000000 0.172143
v 0.002652 0.000000 0.178227
v 0.072105 0.000000 0.140911
v -0.021618 0.000000 0.150470
v -0.090237 0.000000 0.134938
v 0.021618 0.000000 0.150470
v 0.090237 0.000000 0.134938
v 0.000000 0.005431 0.175317
v -0.023853 0.006339 0.158040
v -0.021489 0.005833 0.163513
v -0.026959 0.004435 0.161613
v -0.018903 0.004435 0.160501
v -0.017322 0.005357 0.168653
v -0.016759 0.004046 0.164979
v -0.022472 0.004046 0.167919
v -0.011626 0.005288 0.172906
v 0.023853 0.006339 0.158040
v 0.021489 0.005833 0.163513
v 0.000000 0.072105 0.140911
v 0.026959 0.004435 0.161613
v 0.018903 0.004435 0.160501
v 0.017322 0.005357 0.168653
v -0.016200 0.003837 0.173168
v -0.013045 0.003837 0.169188
v -0.005420 0.005402 0.174959
v 0.016759 0.004046 0.164979
v -0.008960 0.003887 0.176343
v -0.008002 0.003887 0.171996
v 0.022472 0.004046 0.167919
v -0.002645 0.003947 0.177276
v 0.011626 0.005288 0.172906
v -0.002607 0.003947 0.172999
v 0.000000 0.021618 0.150470
v 0.000000 0.090237 0.134938
v 0.016200 0.003837 0.173168
v 0.013045 0.003837 0.169188
v 0.005420 0.005402 0.174959
v 0.000000 0.000000 0.151698
v -0.022931 0.006098 0.160812
v -0.019616 0.005563 0.166161
v -0.014623 0.005275 0.170929
v -0.008481 0.005345 0.174212
v -0.002626 0.005427 0.175262
v 0.008960 0.003887 0.176343
v 0.008002 0.003887 0.171996
v 0.002645 0.003947 0.177276
v 0.002607 0.003947 0.172999
v -0.070719 0.014067 0.140911
v -0.066616 0.027593 0.140911
v -0.050162 0.000000 0.145790
v -0.059953 0.040059 0.140911
v -0.050986 0.050986 0.140911
v -0.040059 0.059953 0.140911
v -0.027593 0.066616 0.140911
v 0.022931 0.006098 0.160812
v 0.050162 0.000000 0.145790
v 0.019616 0.005563 0.166161
v -0.014067 0.070719 0.140911
v 0.014623 0.005275 0.170929
v 0.008481 0.005345 0.174212
v 0.002626 0.005427 0.175262
v 0.000000 0.050162 0.145790
v 0.070719 0.014067 0.140911
v 0.066616 0.027593 0.140911
v 0.059953 0.040059 0.140911
v 0.050986 0.050986 0.140911
v 0.040059 0.059953 0.140911
v 0.027593 0.066616 0.140911
v -0.021203 0.004217 0.150470
v -0.019972 0.008273 0.150470
v -0.017975 0.012010 0.150470
v -0.015286 0.015286 0.150470
v -0.012010 0.017975 0.150470
v -0.008273 0.019972 0.150470
v -0.004217 0.021203 0.150470
v -0.017604 0.088503 0.134938
v -0.034532 0.083368 0.134938
v -0.050133 0.075030 0.134938
v -0.063807 0.063807 0.134938
v 0.014067 0.070719 0.140911
v -0.075029 0.050133 0.134938
v -0.052074 0.000000 0.151147
v -0.083368 0.034532 0.134938
v -0.088503 0.017604 0.134938
v 0.000000 0.052074 0.151147
v -0.089605 0.000000 0.132300
v -0.089605 0.000000 0.132300
v 0.021203 0.004217 0.150470
v 0.052074 0.000000 0.151147
v 0.000000 -0.005431 0.175317
v 0.019972 0.008273 0.150470
v 0.000000 0.089605 0.132300
v 0.000000 0.089605 0.132300
v 0.017975 0.012010 0.150470
v 0.015286 0.015286 0.150470
v 0.012010 0.017975 0.150470
v 0.008273 0.019972 0.150470
v 0.004217 0.021203 0.150470
v 0.089605 0.000000 0.132300
v 0.089605 0.000000 0.132300
v 0.017604 0.088503 0.134938
v 0.034532 0.083368 0.134938
v 0.050133 0.075030 0.134938
v 0.063807 0.063807 0.134938
v 0.075029 0.050133 0.134938
v 0.083368 0.034532 0.134938
v 0.088503 0.017604 0.134938
v -0.071757 0.007067 0.140911
v -0.023853 -0.006339 0.158040
v -0.021489 -0.005833 0.163513
v -0.026959 -0.004435 0.161613
v -0.018903 -0.004435 0.160501
v -0.069000 0.020931 0.140911
v -0.063590 0.033990 0.140911
v -0.017322 -0.005357 0.168653
v -0.016759 -0.004046 0.164979
v -0.022472 -0.004046 0.167919
v -0.011626 -0.005288 0.172906
v 0.023853 -0.006339 0.158040
v 0.021489 -0.005833 0.163513
v 0.000000 -0.072105 0.140911
v 0.026959 -0.004435 0.161613
v -0.055737 0.045743 0.140911
v 0.018903 -0.004435 0.160501
v 0.017322 -0.005357 0.168653
v -0.045743 0.055737 0.140911
v -0.016200 -0.003837 0.173168
v -0.013045 -0.003837 0.169188
v -0.005420 -0.005402 0.174959
v -0.033990 0.063590 0.140911
v 0.016759 -0.004046 0.164979
v 0.071757 0.007067 0.140911
v -0.020931 0.069000 0.140911
v -0.008960 -0.003887 0.176343
v -0.007067 0.071757 0.140911
v -0.008002 -0.003887 0.171996
v 0.022472 -0.004046 0.167919
v -0.002645 -0.003947 0.177276
v 0.011626 -0.005288 0.172906
v -0.021514 0.002119 0.150470
v -0.002607 -0.003947 0.172999
v -0.020687 0.006275 0.150470
v -0.019065 0.010191 0.150470
v -0.016711 0.013714 0.150470
v 0.000000 -0.021618 0.150470
v -0.013714 0.016711 0.150470
v 0.000000 -0.090237 0.134938
v -0.010191 0.019065 0.150470
v 0.016200 -0.003837 0.173168
v 0.013045 -0.003837 0.169188
v 0.069000 0.020931 0.140911
v 0.063590 0.033990 0.140911
v 0.055737 0.045743 0.140911
v 0.005420 -0.005402 0.174959
v -0.022931 -0.006098 0.160812
v -0.006275 0.020687 0.150470
v -0.002119 0.021514 0.150470
v 0.045743 0.055737 0.140911
v 0.033990 0.063590 0.140911
v -0.019616 -0.005563 0.166161
v 0.020931 0.069000 0.140911
v 0.007067 0.071757 0.140911
v 0.021514 0.002119 0.150470
v 0.020687 0.006275 0.150470
v 0.019065 0.010191 0.150470
v 0.016711 0.013714 0.150470
v -0.014623 -0.005275 0.170929
v -0.008481 -0.005345 0.174212
v 0.013714 0.016711 0.150470
v -0.002626 -0.005427 0.175262
v 0.008960 -0.003887 0.176343
v 0.010191 0.019065 0.150470
v 0.008002 -0.003887 0.171996
v 0.002645 -0.003947 0.177276
v 0.006275 0.020687 0.150470
v 0.002607 -0.003947 0.172999
v 0.002119 0.021514 0.150470
v -0.070719 -0.014067 0.140911
v -0.066616 -0.027593 0.140911
v -0.049198 0.009786 0.145790
v -0.088285 0.000000 0.137856
v -0.084842 0.000000 0.140882
v -0.059953 -0.040059 0.140911
v -0.050986 -0.050986 0.140911
v -0.040059 -0.059953 0.140911
v -0.046344 0.019196 0.145790
v -0.041708 0.027868 0.145790
v -0.027593 -0.066616 0.140911
v -0.035470 0.035470 0.145790
v -0.027868 0.041708 0.145790
v 0.022931 -0.006098 0.160812
v -0.019196 0.046344 0.145790
v -0.009786 0.049198 0.145790
v -0.008845 0.089802 0.134938
v -0.026194 0.086351 0.134938
v -0.042537 0.079582 0.134938
v -0.057246 0.069754 0.134938
v 0.019616 -0.005563 0.166161
v -0.069754 0.057246 0.134938
v -0.079582 0.042537 0.134938
v -0.014067 -0.070719 0.140911
v -0.086351 0.026194 0.134938
v -0.089802 0.008845 0.134938
v 0.014623 -0.005275 0.170929
v 0.008481 -0.005345 0.174212
v 0.000000 0.084842 0.140882
v 0.002626 -0.005427 0.175262
v 0.000000 -0.050162 0.145790
v 0.070719 -0.014067 0.140911
v 0.066616 -0.027593 0.140911
v 0.088285 0.000000 0.137856
v 0.084842 0.000000 0.140882
v 0.059953 -0.040059 0.140911
v 0.050986 -0.050986 0.140911
v 0.040059 -0.059953 0.140911
v 0.000000 0.088285 0.137856
v -0.018650 0.005458 0.156913
v -0.018650 0.005458 0.156913
v 0.027593 -0.066616 0.140911
v -0.051073 0.010159 0.151147
v -0.048110 0.019928 0.151147
v -0.043298 0.028931 0.151147
v -0.036822 0.036822 0.151147
v -0.028931 0.043298 0.151147
v -0.019928 0.048110 0.151147
v -0.021203 -0.004217 0.150470
v -0.019972 -0.008273 0.150470
v -0.017975 -0.012010 0.150470
v -0.015286 -0.015286 0.150470
v -0.012010 -0.017975 0.150470
v -0.008273 -0.019972 0.150470
v -0.004217 -0.021203 0.150470
v -0.010159 0.051073 0.151147
v -0.017604 -0.088503 0.134938
v -0.034532 -0.083368 0.134938
v -0.017481 0.087883 0.132300
v -0.017481 0.087883 0.132300
v -0.034290 0.082784 0.132300
v -0.034290 0.082784 0.132300
v -0.050133 -0.075030 0.134938
v -0.063807 -0.063807 0.134938
v 0.014067 -0.070719 0.140911
v -0.075029 -0.050133 0.134938
v -0.083368 -0.034532 0.134938
v -0.088503 -0.017604 0.134938
v 0.000000 -0.052074 0.151147
v -0.078031 0.000000 0.144205
v -0.068491 0.000000 0.147245
v -0.049782 0.074504 0.132300
v -0.049782 0.074504 0.132300
v -0.063360 0.063360 0.132300
v -0.063360 0.063360 0.132300
v -0.074504 0.049782 0.132300
v -0.074504 0.049782 0.132300
v -0.082784 0.034290 0.132300
v -0.082784 0.034290 0.132300
v -0.087883 0.017481 0.132300
v -0.087883 0.017481 0.132300
v 0.000000 0.068491 0.147245
v 0.000000 0.078031 0.144205
v 0.021203 -0.004217 0.150470
v 0.019972 -0.008273 0.150470
v 0.000000 -0.089605 0.132300
v 0.000000 -0.089605 0.132300
v 0.017975 -0.012010 0.150470
v 0.015286 -0.015286 0.150470
v 0.012010 -0.017975 0.150470
v 0.008273 -0.019972 0.150470
v 0.004217 -0.021203 0.150470
v 0.017604 -0.088503 0.134938
v 0.034532 -0.083368 0.134938
v 0.050133 -0.075030 0.134938
v 0.063807 -0.063807 0.134938
v 0.075029 -0.050133 0.134938
v 0.083368 -0.034532 0.134938
v 0.088503 -0.017604 0.134938
v 0.078031 0.000000 0.144205
v 0.068491 0.000000 0.147245
v -0.071757 -0.007067 0.140911
v -0.069000 -0.020931 0.140911
v -0.063590 -0.033990 0.140911
v -0.055737 -0.045743 0.140911
v -0.045743 -0.055737 0.140911
v -0.033990 -0.063590 0.140911
v 0.071757 -0.007067 0.140911
v -0.020931 -0.069000 0.140911
v -0.007067 -0.071757 0.140911
v -0.030782 0.000000 0.155429
v -0.021514 -0.002119 0.150470
v -0.020687 -0.006275 0.150470
v -0.019065 -0.010191 0.150470
v -0.016711 -0.013714 0.150470
v -0.013714 -0.016711 0.150470
v -0.017702 0.000000 0.157660
v -0.017702 0.000000 0.157660
v -0.010191 -0.019065 0.150470
v 0.069000 -0.020931 0.140911
v 0.063590 -0.033990 0.140911
v 0.055737 -0.045743 0.140911
v -0.006275 -0.020687 0.150470
v -0.049920 0.004917 0.145790
v -0.002119 -0.021514 0.150470
v -0.048002 0.014561 0.145790
v -0.044239 0.023646 0.145790
v -0.038776 0.031822 0.145790
v 0.045743 -0.055737 0.140911
v -0.031822 0.038776 0.145790
v -0.023646 0.044239 0.145790
v -0.014561 0.048002 0.145790
v -0.004917 0.049920 0.145790
v -0.051823 0.005104 0.151147
v -0.049831 0.015116 0.151147
v -0.045925 0.024547 0.151147
v -0.040253 0.033035 0.151147
v -0.033035 0.040253 0.151147
v -0.024547 0.045925 0.151147
v -0.015116 0.049831 0.151147
v -0.005104 0.051823 0.151147
v 0.000000 0.025033 0.155863
v 0.033990 -0.063590 0.140911
v 0.049198 0.009786 0.145790
v 0.046344 0.019196 0.145790
v 0.041708 0.027868 0.145790
v 0.035470 0.035470 0.145790
v 0.027868 0.041708 0.145790
v 0.019196 0.046344 0.145790
v 0.009786 0.049198 0.145790
v 0.020931 -0.069000 0.140911
v 0.008845 0.089802 0.134938
v 0.007067 -0.071757 0.140911
v -0.033232 0.000000 0.154433
v 0.026194 0.086351 0.134938
v 0.042537 0.079582 0.134938
v 0.030782 0.000000 0.155429
v 0.021514 -0.002119 0.150470
v 0.020687 -0.006275 0.150470
v 0.057246 0.069754 0.134938
v 0.069754 0.057246 0.134938
v 0.079582 0.042537 0.134938
v 0.086351 0.026194 0.134938
v 0.089802 0.008845 0.134938
v 0.019065 -0.010191 0.150470
v 0.016711 -0.013714 0.150470
v 0.013714 -0.016711 0.150470
v 0.017702 0.000000 0.157660
v 0.017702 0.000000 0.157660
v 0.010191 -0.019065 0.150470
v -0.008783 0.089173 0.132300
v -0.008783 0.089173 0.132300
v -0.008783 0.089173 0.132300
v -0.026011 0.085746 0.132300
v -0.026011 0.085746 0.132300
v -0.042239 0.079024 0.132300
v -0.042239 0.079024 0.132300
v 0.018650 0.005458 0.156913
v 0.018650 0.005458 0.156913
v 0.051073 0.010159 0.151147
v 0.006275 -0.020687 0.150470
v 0.002119 -0.021514 0.150470
v 0.048110 0.019928 0.151147
v 0.000000 0.032752 0.154517
v -0.056845 0.069265 0.132300
v -0.056845 0.069265 0.132300
v -0.049198 -0.009786 0.145790
v -0.046344 -0.019196 0.145790
v -0.041708 -0.027868 0.145790
v -0.035470 -0.035470 0.145790
v -0.027868 -0.041708 0.145790
v -0.019196 -0.046344 0.145790
v -0.009786 -0.049198 0.145790
v -0.069265 0.056845 0.132300
v -0.069265 0.056845 0.132300
v 0.043298 0.028931 0.151147
v -0.008845 -0.089802 0.134938
v -0.026194 -0.086351 0.134938
v -0.042537 -0.079582 0.134938
v -0.057246 -0.069754 0.134938
v -0.069754 -0.057246 0.134938
v -0.079582 -0.042537 0.134938
v -0.086351 -0.026194 0.134938
v -0.089802 -0.008845 0.134938
v 0.036822 0.036822 0.151147
v -0.079024 0.042239 0.132300
v -0.079024 0.042239 0.132300
v 0.028931 0.043298 0.151147
v 0.019928 0.048110 0.151147
v 0.010159 0.051073 0.151147
v 0.017481 0.087883 0.132300
v 0.017481 0.087883 0.132300
v 0.034290 0.082784 0.132300
v 0.034290 0.082784 0.132300
v -0.085746 0.026011 0.132300
v -0.085746 0.026011 0.132300
v -0.031862 0.000000 0.154672
v -0.031862 0.000000 0.154672
v -0.089173 0.008783 0.132300
v -0.089173 0.008783 0.132300
v -0.033785 0.081565 0.137856
v 0.000000 -0.084842 0.140882
v 0.000000 -0.088285 0.137856
v -0.018650 -0.005458 0.156913
v -0.018650 -0.005458 0.156913
v -0.051073 -0.010159 0.151147
v -0.048110 -0.019928 0.151147
v -0.043298 -0.028931 0.151147
v -0.036822 -0.036822 0.151147
v -0.028931 -0.043298 0.151147
v -0.019928 -0.048110 0.151147
v -0.010159 -0.051073 0.151147
v -0.032468 0.078384 0.140882
v -0.017481 -0.087883 0.132300
v -0.017481 -0.087883 0.132300
v -0.034290 -0.082784 0.132300
v -0.034290 -0.082784 0.132300
v -0.049782 -0.074504 0.132300
v -0.049782 -0.074504 0.132300
v -0.063360 -0.063360 0.132300
v -0.063360 -0.063360 0.132300
v -0.017224 0.086588 0.137856
v 0.049782 0.074504 0.132300
v 0.049782 0.074504 0.132300
v -0.016552 0.083212 0.140882
v -0.086588 0.017224 0.137856
v -0.074504 -0.049782 0.132300
v -0.074504 -0.049782 0.132300
v -0.082784 -0.034290 0.132300
v -0.082784 -0.034290 0.132300
v -0.083212 0.016552 0.140882
v -0.078384 0.032468 0.140882
v -0.087883 -0.017481 0.132300
v -0.087883 -0.017481 0.132300
v -0.087883 -0.017481 0.132300
v 0.000000 -0.068491 0.147245
v 0.000000 -0.078031 0.144205
v 0.033232 0.000000 0.154433
v -0.081565 0.033785 0.137856
v -0.049920 -0.004917 0.145790
v -0.073406 0.049048 0.137856
v 0.063360 0.063360 0.132300
v 0.063360 0.063360 0.132300
v -0.048002 -0.014561 0.145790
v -0.044239 -0.023646 0.145790
v -0.070543 0.047136 0.140882
v -0.062427 0.062427 0.137856
v -0.059992 0.059992 0.140882
v -0.047136 0.070543 0.140882
v -0.049048 0.073406 0.137856
v -0.074824 0.039994 0.140882
v -0.077860 0.041617 0.137856
v -0.065583 0.053823 0.140882
v -0.068245 0.056007 0.137856
v 0.074504 0.049782 0.132300
v 0.074504 0.049782 0.132300
v -0.038776 -0.031822 0.145790
v -0.031822 -0.038776 0.145790
v -0.039994 0.074824 0.140882
v -0.023646 -0.044239 0.145790
v -0.014561 -0.048002 0.145790
v -0.004917 -0.049920 0.145790
v -0.041617 0.077860 0.137856
v -0.051823 -0.005104 0.151147
v -0.049831 -0.015116 0.151147
v -0.053823 0.065583 0.140882
v -0.056007 0.068245 0.137856
v -0.045925 -0.024547 0.151147
v -0.040253 -0.033035 0.151147
v -0.033035 -0.040253 0.151147
v -0.024547 -0.045925 0.151147
v -0.015116 -0.049831 0.151147
v -0.005104 -0.051823 0.151147
v -0.024628 0.081188 0.140882
v -0.025628 0.084483 0.137856
v 0.000000 -0.025033 0.155863
v 0.082784 0.034290 0.132300
v 0.082784 0.034290 0.132300
v 0.087883 0.017481 0.132300
v 0.087883 0.017481 0.132300
v -0.084433 0.008316 0.140882
v 0.049198 -0.009786 0.145790
v 0.046344 -0.019196 0.145790
v 0.041708 -0.027868 0.145790
v 0.035470 -0.035470 0.145790
v 0.027868 -0.041708 0.145790
v 0.019196 -0.046344 0.145790
v 0.009786 -0.049198 0.145790
v 0.008845 -0.089802 0.134938
v 0.026194 -0.086351 0.134938
v 0.042537 -0.079582 0.134938
v 0.057246 -0.069754 0.134938
v 0.069754 -0.057246 0.134938
v 0.079582 -0.042537 0.134938
v 0.086351 -0.026194 0.134938
v 0.089802 -0.008845 0.134938
v -0.087859 0.008653 0.137856
v 0.031862 0.000000 0.154672
v 0.031862 0.000000 0.154672
v -0.008783 -0.089173 0.132300
v -0.008783 -0.089173 0.132300
v -0.026011 -0.085746 0.132300
v -0.026011 -0.085746 0.132300
v -0.042239 -0.079024 0.132300
v -0.042239 -0.079024 0.132300
v 0.018650 -0.005458 0.156913
v 0.018650 -0.005458 0.156913
v 0.051073 -0.010159 0.151147
v 0.048110 -0.019928 0.151147
v 0.000000 -0.032752 0.154517
v -0.056845 -0.069265 0.132300
v -0.056845 -0.069265 0.132300
v -0.069265 -0.056845 0.132300
v -0.069265 -0.056845 0.132300
v 0.043298 -0.028931 0.151147
v 0.036822 -0.036822 0.151147
v -0.079024 -0.042239 0.132300
v -0.079024 -0.042239 0.132300
v 0.028931 -0.043298 0.151147
v 0.019928 -0.048110 0.151147
v 0.010159 -0.051073 0.151147
v 0.017481 -0.087883 0.132300
v 0.017481 -0.087883 0.132300
v 0.034290 -0.082784 0.132300
v 0.034290 -0.082784 0.132300
v -0.085746 -0.026011 0.132300
v -0.085746 -0.026011 0.132300
v -0.089173 -0.008783 0.132300
v -0.089173 -0.008783 0.132300
v -0.033785 -0.081565 0.137856
v -0.032468 -0.078384 0.140882
v -0.017224 -0.086588 0.137856
v 0.049782 -0.074504 0.132300
v 0.049782 -0.074504 0.132300
v -0.016552 -0.083212 0.140882
v -0.086588 -0.017224 0.137856
v -0.083212 -0.016552 0.140882
v -0.078384 -0.032468 0.140882
v -0.081565 -0.033785 0.137856
v -0.073406 -0.049048 0.137856
v -0.008316 0.084433 0.140882
v -0.008653 0.087859 0.137856
v 0.063360 -0.063360 0.132300
v 0.063360 -0.063360 0.132300
v -0.081188 0.024628 0.140882
v -0.084483 0.025628 0.137856
v -0.070543 -0.047136 0.140882
v -0.062427 -0.062427 0.137856
v -0.059992 -0.059992 0.140882
v -0.047136 -0.070543 0.140882
v -0.049048 -0.073406 0.137856
v -0.076531 0.015223 0.144205
v -0.067175 0.013362 0.147245
v -0.072091 0.029861 0.144205
v -0.063278 0.026210 0.147245
v -0.064880 0.043352 0.144205
v -0.056948 0.038052 0.147245
v -0.055176 0.055176 0.144205
v -0.048431 0.048431 0.147245
v -0.043352 0.064880 0.144205
v -0.038052 0.056948 0.147245
v -0.029861 0.072091 0.144205
v -0.026210 0.063278 0.147245
v -0.015223 0.076531 0.144205
v -0.013362 0.067175 0.147245
v -0.077655 0.007648 0.144205
v -0.068161 0.006713 0.147245
v -0.074671 0.022651 0.144205
v -0.065542 0.019882 0.147245
v -0.068817 0.036783 0.144205
v -0.060404 0.032286 0.147245
v -0.060318 0.049502 0.144205
v -0.052944 0.043450 0.147245
v -0.049502 0.060318 0.144205
v -0.043450 0.052944 0.147245
v -0.036783 0.068817 0.144205
v -0.032286 0.060404 0.147245
v -0.022651 0.074671 0.144205
v -0.019882 0.065542 0.147245
v -0.007648 0.077655 0.144205
v -0.006713 0.068161 0.147245
v -0.028089 0.005091 0.155815
v -0.029673 0.002923 0.155597
v 0.049920 0.004917 0.145790
v 0.048002 0.014561 0.145790
v 0.044239 0.023646 0.145790
v -0.024138 0.006500 0.156433
v -0.019432 0.004689 0.157402
v 0.038776 0.031822 0.145790
v 0.031822 0.038776 0.145790
v -0.074824 -0.039994 0.140882
v -0.077860 -0.041617 0.137856
v -0.065583 -0.053823 0.140882
v -0.068245 -0.056007 0.137856
v 0.023646 0.044239 0.145790
v 0.074504 -0.049782 0.132300
v 0.074504 -0.049782 0.132300
v -0.039994 -0.074824 0.140882
v -0.041617 -0.077860 0.137856
v -0.053823 -0.065583 0.140882
v -0.056007 -0.068245 0.137856
v 0.014561 0.048002 0.145790
v -0.023128 0.009580 0.155863
v -0.020814 0.013908 0.155863
v -0.017701 0.017701 0.155863
v -0.013908 0.020814 0.155863
v -0.009580 0.023128 0.155863
v -0.004884 0.024552 0.155863
v -0.024111 0.007595 0.155824
v -0.024111 0.007595 0.155824
v -0.022077 0.011801 0.155863
v -0.019351 0.015881 0.155863
v -0.015881 0.019351 0.155863
v 0.004917 0.049920 0.145790
v -0.024628 -0.081188 0.140882
v -0.025628 -0.084483 0.137856
v 0.082784 -0.034290 0.132300
v 0.082784 -0.034290 0.132300
v 0.087883 -0.017481 0.132300
v 0.087883 -0.017481 0.132300
v -0.084433 -0.008316 0.140882
v -0.087859 -0.008653 0.137856
v -0.008316 -0.084433 0.140882
v -0.008653 -0.087859 0.137856
v -0.081188 -0.024628 0.140882
v -0.084483 -0.025628 0.137856
v -0.076531 -0.015223 0.144205
v -0.067175 -0.013362 0.147245
v -0.072091 -0.029861 0.144205
v -0.063278 -0.026210 0.147245
v -0.064880 -0.043352 0.144205
v 0.051823 0.005104 0.151147
v 0.049831 0.015116 0.151147
v 0.045925 0.024547 0.151147
v -0.056948 -0.038052 0.147245
v 0.040253 0.033035 0.151147
v 0.033035 0.040253 0.151147
v 0.024547 0.045925 0.151147
v -0.055176 -0.055176 0.144205
v -0.048431 -0.048431 0.147245
v -0.043352 -0.064880 0.144205
v 0.015116 0.049831 0.151147
v 0.005104 0.051823 0.151147
v -0.038052 -0.056948 0.147245
v -0.029861 -0.072091 0.144205
v -0.026210 -0.063278 0.147245
v -0.015223 -0.076531 0.144205
v -0.013362 -0.067175 0.147245
v -0.077655 -0.007648 0.144205
v -0.068161 -0.006713 0.147245
v -0.074671 -0.022651 0.144205
v -0.065542 -0.019882 0.147245
v -0.068817 -0.036783 0.144205
v -0.060404 -0.032286 0.147245
v -0.060318 -0.049502 0.144205
v -0.052944 -0.043450 0.147245
v -0.049502 -0.060318 0.144205
v -0.043450 -0.052944 0.147245
v -0.036783 -0.068817 0.144205
v -0.032286 -0.060404 0.147245
v -0.022651 -0.074671 0.144205
v -0.019882 -0.065542 0.147245
v -0.007648 -0.077655 0.144205
v -0.006713 -0.068161 0.147245
v -0.028089 -0.005091 0.155815
v -0.029673 -0.002923 0.155597
v 0.049920 -0.004917 0.145790
v 0.048002 -0.014561 0.145790
v 0.044239 -0.023646 0.145790
v 0.008783 0.089173 0.132300
v 0.008783 0.089173 0.132300
v 0.026011 0.085746 0.132300
v 0.026011 0.085746 0.132300
v 0.042239 0.079024 0.132300
v 0.042239 0.079024 0.132300
v -0.024138 -0.006500 0.156433
v -0.019432 -0.004689 0.157402
v -0.011801 0.022077 0.155863
v -0.007267 0.023955 0.155863
v -0.002454 0.024913 0.155863
v -0.030259 0.012534 0.154517
v -0.027232 0.018196 0.154517
v -0.023159 0.023159 0.154517
v 0.038776 -0.031822 0.145790
v 0.056845 0.069265 0.132300
v 0.056845 0.069265 0.132300
v 0.069265 0.056845 0.132300
v 0.069265 0.056845 0.132300
v 0.079024 0.042239 0.132300
v 0.079024 0.042239 0.132300
v 0.085746 0.026011 0.132300
v 0.085746 0.026011 0.132300
v -0.018196 0.027232 0.154517
v -0.012534 0.030259 0.154517
v 0.031822 -0.038776 0.145790
v -0.016784 0.000000 0.157084
v -0.016784 0.000000 0.157084
v -0.016784 0.000000 0.157084
v -0.014993 0.000000 0.157065
v 0.023646 -0.044239 0.145790
v 0.014561 -0.048002 0.145790
v -0.023128 -0.009580 0.155863
v -0.020814 -0.013908 0.155863
v -0.017701 -0.017701 0.155863
v -0.013908 -0.020814 0.155863
v -0.009580 -0.023128 0.155863
v -0.004884 -0.024552 0.155863
v -0.024111 -0.007595 0.155824
v -0.024111 -0.007595 0.155824
v -0.022077 -0.011801 0.155863
v -0.019351 -0.015881 0.155863
v -0.015881 -0.019351 0.155863
v 0.004917 -0.049920 0.145790
v 0.051823 -0.005104 0.151147
v 0.049831 -0.015116 0.151147
v 0.045925 -0.024547 0.151147
v 0.040253 -0.033035 0.151147
v 0.033035 -0.040253 0.151147
v 0.024547 -0.045925 0.151147
v 0.015116 -0.049831 0.151147
v 0.005104 -0.051823 0.151147
v 0.008783 -0.089173 0.132300
v 0.008783 -0.089173 0.132300
v 0.008783 -0.089173 0.132300
v 0.026011 -0.085746 0.132300
v 0.026011 -0.085746 0.132300
v 0.042239 -0.079024 0.132300
v 0.042239 -0.079024 0.132300
v -0.011801 -0.022077 0.155863
v -0.007267 -0.023955 0.155863
v -0.002454 -0.024913 0.155863
v -0.030259 -0.012534 0.154517
v -0.027232 -0.018196 0.154517
v -0.023159 -0.023159 0.154517
v 0.056845 -0.069265 0.132300
v 0.056845 -0.069265 0.132300
v 0.069265 -0.056845 0.132300
v 0.069265 -0.056845 0.132300
v 0.079024 -0.042239 0.132300
v 0.079024 -0.042239 0.132300
v 0.085746 -0.026011 0.132300
v 0.085746 -0.026011 0.132300
v -0.018196 -0.027232 0.154517
v -0.012534 -0.030259 0.154517
v 0.089173 -0.008783 0.132300
v 0.089173 -0.008783 0.132300
v 0.033785 -0.081565 0.137856
v 0.032468 -0.078384 0.140882
v 0.017224 -0.086588 0.137856
v 0.016552 -0.083212 0.140882
v 0.086588 -0.017224 0.137856
v 0.083212 -0.016552 0.140882
v 0.078384 -0.032468 0.140882
v 0.081565 -0.033785 0.137856
v 0.073406 -0.049048 0.137856
v 0.089173 0.008783 0.132300
v 0.089173 0.008783 0.132300
v 0.089173 0.008783 0.132300
v 0.033785 0.081565 0.137856
v 0.032468 0.078384 0.140882
v 0.017224 0.086588 0.137856
v 0.070543 -0.047136 0.140882
v 0.062427 -0.062427 0.137856
v 0.059992 -0.059992 0.140882
v 0.047136 -0.070543 0.140882
v 0.049048 -0.073406 0.137856
v 0.016552 0.083212 0.140882
v 0.086588 0.017224 0.137856
v 0.083212 0.016552 0.140882
v 0.078384 0.032468 0.140882
v 0.081565 0.033785 0.137856
v 0.073406 0.049048 0.137856
v 0.070543 0.047136 0.140882
v 0.062427 0.062427 0.137856
v 0.059992 0.059992 0.140882
v 0.047136 0.070543 0.140882
v 0.049048 0.073406 0.137856
v -0.006390 0.032123 0.154517
v -0.006390 -0.032123 0.154517
v -0.031342 -0.009507 0.154517
v -0.028885 -0.015439 0.154517
v -0.025318 -0.020778 0.154517
v -0.020778 -0.025318 0.154517
v -0.015439 -0.028885 0.154517
v -0.009507 -0.031342 0.154517
v -0.003210 -0.032594 0.154517
v -0.032332 -0.006026 0.154490
v -0.032936 -0.003244 0.154457
v 0.000000 -0.001975 0.178057
v -0.028809 -0.005903 0.155097
v -0.028809 -0.005903 0.155097
v -0.030654 -0.003379 0.154851
v -0.030654 -0.003379 0.154851
v -0.031342 0.009507 0.154517
v -0.028885 0.015439 0.154517
v -0.025318 0.020778 0.154517
v -0.020778 0.025318 0.154517
v -0.015439 0.028885 0.154517
v -0.009507 0.031342 0.154517
v -0.029302 -0.002471 0.157516
v -0.025602 -0.002121 0.165104
v -0.019962 -0.001948 0.171379
v -0.012783 -0.001923 0.175822
v -0.003210 0.032594 0.154517
v -0.032332 0.006026 0.154490
v -0.032936 0.003244 0.154457
v 0.000000 0.001975 0.178057
v -0.028809 0.005903 0.155097
v -0.028809 0.005903 0.155097
v -0.030654 0.003379 0.154851
v -0.030654 0.003379 0.154851
v -0.029302 0.002471 0.157516
v -0.025602 0.002121 0.165104
v -0.019962 0.001948 0.171379
v -0.005599 -0.001964 0.177767
v -0.027714 -0.002217 0.161763
v -0.016496 -0.001918 0.173872
v -0.023007 -0.002023 0.168519
v -0.009050 -0.001944 0.177089
v -0.002648 -0.001973 0.178021
v -0.007866 -0.012754 0.157043
v -0.005043 -0.014102 0.157045
v -0.002002 -0.014833 0.157046
v -0.013869 -0.005721 0.157041
v -0.012377 -0.008470 0.157041
v -0.010347 -0.010850 0.157042
v -0.014756 -0.002722 0.157040
v 0.000000 -0.014886 0.157051
v -0.012783 0.001923 0.175822
v -0.005599 0.001964 0.177767
v -0.027714 0.002217 0.161763
v -0.016496 0.001918 0.173872
v -0.023007 0.002023 0.168519
v -0.009050 0.001944 0.177089
v -0.002648 0.001973 0.178021
v -0.007866 0.012754 0.157043
v -0.005043 0.014102 0.157045
v -0.002002 0.014833 0.157046
v -0.013869 0.005721 0.157041
v -0.012377 0.008470 0.157041
v -0.010347 0.010850 0.157042
v -0.014756 0.002722 0.157040
v 0.000000 0.014886 0.157051
v 0.074824 0.039994 0.140882
v 0.077860 0.041617 0.137856
v 0.065583 0.053823 0.140882
v 0.068245 0.056007 0.137856
v 0.039994 0.074824 0.140882
v 0.041617 0.077860 0.137856
v 0.053823 0.065583 0.140882
v 0.056007 0.068245 0.137856
v 0.024628 0.081188 0.140882
v 0.025628 0.084483 0.137856
v 0.084433 0.008316 0.140882
v 0.087859 0.008653 0.137856
v 0.008316 0.084433 0.140882
v 0.008653 0.087859 0.137856
v 0.081188 0.024628 0.140882
v 0.084483 0.025628 0.137856
v -0.006454 0.013428 0.157049
v 0.000000 0.000000 0.157406
v -0.013123 0.007096 0.157046
v -0.003522 0.014468 0.157050
v 0.074824 -0.039994 0.140882
v 0.077860 -0.041617 0.137856
v 0.065583 -0.053823 0.140882
v 0.068245 -0.056007 0.137856
v -0.011362 0.009660 0.157046
v -0.009106 0.011802 0.157048
v -0.014312 0.004221 0.157045
v 0.076531 0.015223 0.144205
v 0.067175 0.013362 0.147245
v 0.072091 0.029861 0.144205
v 0.063278 0.026210 0.147245
v 0.064880 0.043352 0.144205
v 0.039994 -0.074824 0.140882
v 0.041617 -0.077860 0.137856
v 0.053823 -0.065583 0.140882
v 0.056007 -0.068245 0.137856
v 0.056948 0.038052 0.147245
v 0.055176 0.055176 0.144205
v 0.048431 0.048431 0.147245
v 0.043352 0.064880 0.144205
v 0.038052 0.056948 0.147245
v 0.029861 0.072091 0.144205
v 0.026210 0.063278 0.147245
v 0.015223 0.076531 0.144205
v 0.013362 0.067175 0.147245
v 0.077655 0.007648 0.144205
v 0.068161 0.006713 0.147245
v 0.074671 0.022651 0.144205
v 0.065542 0.019882 0.147245
v 0.068817 0.036783 0.144205
v 0.060404 0.032286 0.147245
v 0.060318 0.049502 0.144205
v 0.052944 0.043450 0.147245
v 0.049502 0.060318 0.144205
v 0.024628 -0.081188 0.140882
v 0.025628 -0.084483 0.137856
v 0.084433 -0.008316 0.140882
v 0.087859 -0.008653 0.137856
v 0.043450 0.052944 0.147245
v 0.036783 0.068817 0.144205
v 0.032286 0.060404 0.147245
v 0.022651 0.074671 0.144205
v 0.019882 0.065542 0.147245
v 0.007648 0.077655 0.144205
v 0.006713 0.068161 0.147245
v 0.008316 -0.084433 0.140882
v 0.028089 0.005091 0.155815
v 0.029673 0.002923 0.155597
v 0.024138 0.006500 0.156433
v 0.019432 0.004689 0.157402
v 0.008653 -0.087859 0.137856
v -0.015889 0.000000 0.157078
v 0.023128 0.009580 0.155863
v 0.081188 -0.024628 0.140882
v 0.084483 -0.025628 0.137856
v -0.006454 -0.013428 0.157049
v -0.013123 -0.007096 0.157046
v -0.003522 -0.014468 0.157050
v -0.011362 -0.009660 0.157046
v -0.009106 -0.011802 0.157048
v -0.014312 -0.004221 0.157045
v 0.076531 -0.015223 0.144205
v 0.067175 -0.013362 0.147245
v 0.072091 -0.029861 0.144205
v 0.063278 -0.026210 0.147245
v 0.064880 -0.043352 0.144205
v 0.020814 0.013908 0.155863
v 0.017701 0.017701 0.155863
v 0.013908 0.020814 0.155863
v 0.056948 -0.038052 0.147245
v 0.009580 0.023128 0.155863
v 0.004884 0.024552 0.155863
v 0.024111 0.007595 0.155824
v 0.024111 0.007595 0.155824
v 0.055176 -0.055176 0.144205
v 0.048431 -0.048431 0.147245
v 0.043352 -0.064880 0.144205
v 0.022077 0.011801 0.155863
v 0.038052 -0.056948 0.147245
v 0.029861 -0.072091 0.144205
v 0.026210 -0.063278 0.147245
v 0.015223 -0.076531 0.144205
v 0.013362 -0.067175 0.147245
v 0.077655 -0.007648 0.144205
v 0.068161 -0.006713 0.147245
v 0.074671 -0.022651 0.144205
v 0.065542 -0.019882 0.147245
v 0.068817 -0.036783 0.144205
v 0.060404 -0.032286 0.147245
v 0.060318 -0.049502 0.144205
v 0.052944 -0.043450 0.147245
v 0.049502 -0.060318 0.144205
v 0.043450 -0.052944 0.147245
v 0.036783 -0.068817 0.144205
v 0.032286 -0.060404 0.147245
v 0.022651 -0.074671 0.144205
v 0.019882 -0.065542 0.147245
v 0.007648 -0.077655 0.144205
v 0.006713 -0.068161 0.147245
v 0.028089 -0.005091 0.155815
v 0.029673 -0.002923 0.155597
v 0.024138 -0.006500 0.156433
v 0.019432 -0.004689 0.157402
v 0.019351 0.015881 0.155863
v 0.015881 0.019351 0.155863
v 0.011801 0.022077 0.155863
v 0.007267 0.023955 0.155863
v 0.002454 0.024913 0.155863
v 0.030259 0.012534 0.154517
v 0.016784 0.000000 0.157084
v 0.016784 0.000000 0.157084
v 0.016784 0.000000 0.157084
v 0.014993 0.000000 0.157065
v 0.023128 -0.009580 0.155863
v 0.020814 -0.013908 0.155863
v 0.017701 -0.017701 0.155863
v 0.013908 -0.020814 0.155863
v 0.009580 -0.023128 0.155863
v 0.004884 -0.024552 0.155863
v 0.024111 -0.007595 0.155824
v 0.024111 -0.007595 0.155824
v 0.022077 -0.011801 0.155863
v 0.019351 -0.015881 0.155863
v 0.015881 -0.019351 0.155863
v 0.011801 -0.022077 0.155863
v 0.007267 -0.023955 0.155863
v 0.002454 -0.024913 0.155863
v 0.030259 -0.012534 0.154517
v 0.027232 -0.018196 0.154517
v 0.023159 -0.023159 0.154517
v -0.002202 -0.019306 0.156553
v -0.012802 -0.014622 0.156551
v -0.015472 -0.011759 0.156551
v -0.006030 -0.018474 0.156552
v -0.009612 -0.016891 0.156551
v -0.017511 -0.008419 0.156551
v 0.018196 -0.027232 0.154517
v 0.000000 -0.019389 0.156558
v 0.012534 -0.030259 0.154517
v -0.004126 -0.018942 0.156558
v -0.007841 -0.017732 0.156558
v -0.011237 -0.015801 0.156557
v -0.014175 -0.013228 0.156557
v -0.016536 -0.010118 0.156557
v -0.018224 -0.006599 0.156557
v 0.006390 -0.032123 0.154517
v 0.031342 -0.009507 0.154517
v 0.028885 -0.015439 0.154517
v 0.025318 -0.020778 0.154517
v 0.020778 -0.025318 0.154517
v -0.014875 -0.001361 0.157056
v 0.015439 -0.028885 0.154517
v 0.009507 -0.031342 0.154517
v 0.003210 -0.032594 0.154517
v -0.015938 -0.003552 0.157030
v 0.032332 -0.006026 0.154490
v 0.000000 -0.016253 0.156929
v -0.003706 -0.015826 0.156928
v -0.006875 -0.014735 0.156927
v -0.009753 -0.013016 0.156926
v -0.012216 -0.010743 0.156925
v -0.014159 -0.008013 0.156925
v -0.015500 -0.004943 0.156924
v 0.032936 -0.003244 0.154457
v 0.028809 -0.005903 0.155097
v 0.028809 -0.005903 0.155097
v 0.030654 -0.003379 0.154851
v 0.030654 -0.003379 0.154851
v 0.029302 -0.002471 0.157516
v -0.002063 -0.016191 0.156924
v -0.011092 -0.011994 0.156921
v -0.013316 -0.009468 0.156920
v -0.005342 -0.015429 0.156922
v -0.008396 -0.014010 0.156921
v -0.014974 -0.006540 0.156919
v 0.025602 -0.002121 0.165104
v 0.019962 -0.001948 0.171379
v 0.012783 -0.001923 0.175822
v 0.005599 -0.001964 0.177767
v 0.027714 -0.002217 0.161763
v 0.016496 -0.001918 0.173872
v 0.023007 -0.002023 0.168519
v 0.009050 -0.001944 0.177089
v 0.002648 -0.001973 0.178021
v 0.007866 -0.012754 0.157043
v 0.005043 -0.014102 0.157045
v 0.002002 -0.014833 0.157046
v 0.013869 -0.005721 0.157041
v 0.012377 -0.008470 0.157041
v 0.010347 -0.010850 0.157042
v -0.017241 -0.001681 0.162538
v -0.005236 -0.001556 0.172202
v -0.002603 -0.001563 0.172491
v -0.016113 -0.001603 0.164696
v -0.018365 -0.001826 0.158282
v 0.000000 -0.001564 0.172540
v -0.012688 -0.001520 0.168750
v 0.014756 -0.002722 0.157040
v -0.017523 -0.002162 0.157047
v -0.017523 -0.002162 0.157047
v -0.010430 -0.001523 0.170334
v -0.017991 -0.001757 0.160479
v -0.014595 -0.001543 0.166830
v -0.018387 -0.001857 0.157588
v -0.007893 -0.001540 0.171493
v -0.015912 -0.001675 0.157061
v 0.027232 0.018196 0.154517
v 0.023159 0.023159 0.154517
v -0.002202 0.019306 0.156553
v -0.012802 0.014622 0.156551
v -0.015472 0.011759 0.156551
v -0.006030 0.018474 0.156552
v -0.009612 0.016891 0.156551
v -0.017511 0.008419 0.156551
v 0.018196 0.027232 0.154517
v 0.000000 0.019389 0.156558
v 0.012534 0.030259 0.154517
v -0.004126 0.018942 0.156558
v -0.007841 0.017732 0.156558
v -0.011237 0.015801 0.156557
v -0.014175 0.013228 0.156557
v -0.016536 0.010118 0.156557
v -0.018224 0.006599 0.156557
v 0.006390 0.032123 0.154517
v 0.031342 0.009507 0.154517
v 0.028885 0.015439 0.154517
v 0.025318 0.020778 0.154517
v 0.020778 0.025318 0.154517
v -0.014875 0.001361 0.157056
v 0.015439 0.028885 0.154517
v 0.009507 0.031342 0.154517
v 0.003210 0.032594 0.154517
v -0.015938 0.003552 0.157030
v 0.032332 0.006026 0.154490
v 0.000000 0.016253 0.156929
v -0.003706 0.015826 0.156928
v -0.006875 0.014735 0.156927
v -0.009753 0.013016 0.156926
v -0.012216 0.010743 0.156925
v -0.014159 0.008013 0.156925
v -0.015500 0.004943 0.156924
v 0.032936 0.003244 0.154457
v 0.028809 0.005903 0.155097
v 0.028809 0.005903 0.155097
v 0.030654 0.003379 0.154851
v 0.030654 0.003379 0.154851
v 0.029302 0.002471 0.157516
v -0.002063 0.016191 0.156924
v -0.011092 0.011994 0.156921
v -0.013316 0.009468 0.156920
v -0.005342 0.015429 0.156922
v -0.008396 0.014010 0.156921
v -0.014974 0.006540 0.156919
v 0.015889 0.000000 0.157078
v 0.025602 0.002121 0.165104
v 0.006454 -0.013428 0.157049
v -0.027727 -0.008551 0.155170
v 0.019962 0.001948 0.171379
v 0.013123 -0.007096 0.157046
v 0.012783 0.001923 0.175822
v 0.005599 0.001964 0.177767
v 0.027714 0.002217 0.161763
v -0.016052 -0.024023 0.155190
v 0.003522 -0.014468 0.157050
v 0.011362 -0.009660 0.157046
v 0.009106 -0.011802 0.157048
v 0.000000 -0.028893 0.155190
v -0.026693 -0.011057 0.155190
v 0.016496 0.001918 0.173872
v 0.014312 -0.004221 0.157045
v -0.013620 -0.025481 0.155190
v 0.023007 0.002023 0.168519
v 0.009050 0.001944 0.177089
v -0.018329 -0.022334 0.155190
v 0.002202 -0.019306 0.156553
v -0.025481 -0.013620 0.155190
v 0.002648 0.001973 0.178021
v 0.007866 0.012754 0.157043
v 0.012802 -0.014622 0.156551
v 0.015472 -0.011759 0.156551
v 0.005043 0.014102 0.157045
v 0.002002 0.014833 0.157046
v -0.022334 -0.018329 0.155190
v 0.013869 0.005721 0.157041
v 0.006030 -0.018474 0.156552
v 0.009612 -0.016891 0.156551
v 0.017511 -0.008419 0.156551
v 0.012377 0.008470 0.157041
v -0.020430 -0.020430 0.155190
v 0.004126 -0.018942 0.156558
v 0.007841 -0.017732 0.156558
v 0.011237 -0.015801 0.156557
v -0.002832 -0.028754 0.155190
v 0.014175 -0.013228 0.156557
v 0.016536 -0.010118 0.156557
v -0.024023 -0.016052 0.155190
v 0.010347 0.010850 0.157042
v 0.018224 -0.006599 0.156557
v 0.014875 -0.001361 0.157056
v 0.015938 -0.003552 0.157030
v -0.005637 -0.028338 0.155190
v 0.003706 -0.015826 0.156928
v 0.006875 -0.014735 0.156927
v 0.009753 -0.013016 0.156926
v -0.011057 -0.026693 0.155190
v -0.008387 -0.027649 0.155190
v 0.012216 -0.010743 0.156925
v 0.014159 -0.008013 0.156925
v 0.015500 -0.004943 0.156924
v 0.002063 -0.016191 0.156924
v 0.011092 -0.011994 0.156921
v 0.013316 -0.009468 0.156920
v 0.005342 -0.015429 0.156922
v 0.008396 -0.014010 0.156921
v 0.014974 -0.006540 0.156919
v 0.017241 -0.001681 0.162538
v 0.005236 -0.001556 0.172202
v 0.002603 -0.001563 0.172491
v 0.016113 -0.001603 0.164696
v 0.018365 -0.001826 0.158282
v 0.012688 -0.001520 0.168750
v 0.017523 -0.002162 0.157047
v 0.017523 -0.002162 0.157047
v 0.010430 -0.001523 0.170334
v 0.017991 -0.001757 0.160479
v 0.014595 -0.001543 0.166830
v 0.018387 -0.001857 0.157588
v 0.007893 -0.001540 0.171493
v 0.015912 -0.001675 0.157061
v 0.027727 -0.008551 0.155170
v -0.017241 0.001681 0.162538
v -0.005236 0.001556 0.172202
v -0.002603 0.001563 0.172491
v -0.016113 0.001603 0.164696
v 0.016052 -0.024023 0.155190
v 0.026693 -0.011057 0.155190
v -0.018365 0.001826 0.158282
v 0.013620 -0.025481 0.155190
v 0.000000 0.001564 0.172540
v -0.012688 0.001520 0.168750
v 0.018329 -0.022334 0.155190
v 0.025481 -0.013620 0.155190
v 0.014756 0.002722 0.157040
v -0.017523 0.002162 0.157047
v -0.017523 0.002162 0.157047
v -0.010430 0.001523 0.170334
v 0.022334 -0.018329 0.155190
v -0.017991 0.001757 0.160479
v -0.014595 0.001543 0.166830
v 0.020430 -0.020430 0.155190
v 0.002832 -0.028754 0.155190
v 0.024023 -0.016052 0.155190
v -0.018387 0.001857 0.157588
v 0.005637 -0.028338 0.155190
v 0.011057 -0.026693 0.155190
v 0.008387 -0.027649 0.155190
v -0.007893 0.001540 0.171493
v -0.015912 0.001675 0.157061
v 0.006454 0.013428 0.157049
v -0.027727 0.008551 0.155170
v 0.013123 0.007096 0.157046
v -0.016052 0.024023 0.155190
v 0.003522 0.014468 0.157050
v 0.011362 0.009660 0.157046
v 0.009106 0.011802 0.157048
v 0.000000 0.028893 0.155190
v -0.026693 0.011057 0.155190
v 0.014312 0.004221 0.157045
v -0.013620 0.025481 0.155190
v -0.018329 0.022334 0.155190
v 0.002202 0.019306 0.156553
v -0.025481 0.013620 0.155190
v 0.012802 0.014622 0.156551
v 0.015472 0.011759 0.156551
v -0.022334 0.018329 0.155190
v 0.006030 0.018474 0.156552
v 0.009612 0.016891 0.156551
v 0.017511 0.008419 0.156551
v -0.020430 0.020430 0.155190
v 0.004126 0.018942 0.156558
v 0.007841 0.017732 0.156558
v 0.011237 0.015801 0.156557
v -0.002832 0.028754 0.155190
v 0.014175 0.013228 0.156557
v 0.016536 0.010118 0.156557
v -0.024023 0.016052 0.155190
v 0.018224 0.006599 0.156557
v 0.014875 0.001361 0.157056
v 0.015938 0.003552 0.157030
v -0.005637 0.028338 0.155190
v 0.003706 0.015826 0.156928
v 0.006875 0.014735 0.156927
v 0.009753 0.013016 0.156926
v -0.011057 0.026693 0.155190
v -0.008387 0.027649 0.155190
v 0.012216 0.010743 0.156925
v 0.014159 0.008013 0.156925
v 0.015500 0.004943 0.156924
v 0.002063 0.016191 0.156924
v 0.011092 0.011994 0.156921
v 0.013316 0.009468 0.156920
v 0.005342 0.015429 0.156922
v 0.008396 0.014010 0.156921
v 0.014974 0.006540 0.156919
v 0.017241 0.001681 0.162538
v 0.005236 0.001556 0.172202
v 0.002603 0.001563 0.172491
v 0.016113 0.001603 0.164696
v 0.018365 0.001826 0.158282
v 0.012688 0.001520 0.168750
v 0.017523 0.002162 0.157047
v 0.017523 0.002162 0.157047
v 0.010430 0.001523 0.170334
v 0.017991 0.001757 0.160479
v 0.014595 0.001543 0.166830
v 0.018387 0.001857 0.157588
v 0.007893 0.001540 0.171493
v 0.015912 0.001675 0.157061
v 0.027727 0.008551 0.155170
v 0.016052 0.024023 0.155190
v 0.026693 0.011057 0.155190
v 0.013620 0.025481 0.155190
v 0.018329 0.022334 0.155190
v 0.025481 0.013620 0.155190
v 0.022334 0.018329 0.155190
v 0.020430 0.020430 0.155190
v 0.002832 0.028754 0.155190
v 0.024023 0.016052 0.155190
v 0.005637 0.028338 0.155190
v 0.011057 0.026693 0.155190
v 0.008387 0.027649 0.155190
v -0.083816 -0.000000 0.132583
v -0.083141 -0.000000 0.132095
v 0.083141 -0.000000 0.132095
v 0.083816 -0.000000 0.132583
v 0.000000 0.083816 0.132583
v 0.000000 0.083141 0.132095
v -0.016352 0.082206 0.132583
v -0.016220 0.081543 0.132095
v -0.031817 0.076812 0.132095
v -0.032075 0.077436 0.132583
v -0.046566 0.069690 0.132583
v -0.046191 0.069129 0.132095
v -0.058789 0.058789 0.132095
v -0.059267 0.059267 0.132583
v -0.069129 0.046191 0.132095
v -0.069690 0.046566 0.132583
v -0.076812 0.031817 0.132095
v -0.077436 0.032075 0.132583
v -0.081543 0.016220 0.132095
v -0.082206 0.016352 0.132583
v 0.016352 0.082206 0.132583
v 0.016220 0.081543 0.132095
v 0.032075 0.077436 0.132583
v 0.031817 0.076812 0.132095
v 0.046566 0.069690 0.132583
v 0.046191 0.069129 0.132095
v 0.058789 0.058789 0.132095
v 0.059267 0.059267 0.132583
v 0.069690 0.046566 0.132583
v 0.069129 0.046191 0.132095
v 0.076812 0.031817 0.132095
v 0.077436 0.032075 0.132583
v 0.082206 0.016352 0.132583
v 0.081543 0.016220 0.132095
v -0.008149 0.082740 0.132095
v -0.008149 0.082740 0.132095
v -0.008215 0.083412 0.132583
v -0.008215 0.083412 0.132583
v -0.024134 0.079560 0.132095
v -0.024330 0.080207 0.132583
v -0.039192 0.073323 0.132095
v -0.039510 0.073919 0.132583
v -0.052744 0.064268 0.132095
v -0.053172 0.064790 0.132583
v -0.064790 0.053172 0.132583
v -0.064268 0.052744 0.132095
v -0.073919 0.039510 0.132583
v -0.073323 0.039192 0.132095
v -0.080207 0.024330 0.132583
v -0.079560 0.024134 0.132095
v -0.082740 0.008149 0.132095
v -0.083412 0.008215 0.132583
v 0.008149 0.082740 0.132095
v 0.008215 0.083412 0.132583
v 0.024134 0.079560 0.132095
v 0.024330 0.080207 0.132583
v 0.039510 0.073919 0.132583
v 0.039192 0.073323 0.132095
v 0.052744 0.064268 0.132095
v 0.053172 0.064790 0.132583
v 0.000000 -0.083141 0.132095
v 0.000000 -0.083816 0.132583
v 0.064790 0.053172 0.132583
v 0.064268 0.052744 0.132095
v 0.073919 0.039510 0.132583
v 0.073323 0.039192 0.132095
v 0.079560 0.024134 0.132095
v 0.080207 0.024330 0.132583
v 0.083412 0.008215 0.132583
v 0.083412 0.008215 0.132583
v 0.082740 0.008149 0.132095
v 0.082740 0.008149 0.132095
v -0.016220 -0.081543 0.132095
v -0.016352 -0.082206 0.132583
v -0.031817 -0.076812 0.132095
v -0.032075 -0.077436 0.132583
v -0.046191 -0.069129 0.132095
v -0.046566 -0.069690 0.132583
v -0.058789 -0.058789 0.132095
v -0.059267 -0.059267 0.132583
v -0.069690 -0.046566 0.132583
v -0.069129 -0.046191 0.132095
v -0.076812 -0.031817 0.132095
v -0.077436 -0.032075 0.132583
v -0.082206 -0.016352 0.132583
v -0.082206 -0.016352 0.132583
v -0.081543 -0.016220 0.132095
v -0.081543 -0.016220 0.132095
v 0.016220 -0.081543 0.132095
v 0.016352 -0.082206 0.132583
v 0.032075 -0.077436 0.132583
v 0.031817 -0.076812 0.132095
v 0.046191 -0.069129 0.132095
v 0.046566 -0.069690 0.132583
v 0.058789 -0.058789 0.132095
v 0.059267 -0.059267 0.132583
v 0.069129 -0.046191 0.132095
v 0.069690 -0.046566 0.132583
v 0.077436 -0.032075 0.132583
v 0.076812 -0.031817 0.132095
v 0.081543 -0.016220 0.132095
v 0.082206 -0.016352 0.132583
v -0.008215 -0.083412 0.132583
v -0.008149 -0.082740 0.132095
v -0.024330 -0.080207 0.132583
v -0.024134 -0.079560 0.132095
v -0.039510 -0.073919 0.132583
v -0.039192 -0.073323 0.132095
v -0.053172 -0.064790 0.132583
v -0.052744 -0.064268 0.132095
v -0.064268 -0.052744 0.132095
v -0.064790 -0.053172 0.132583
v -0.073323 -0.039192 0.132095
v -0.073919 -0.039510 0.132583
v -0.080207 -0.024330 0.132583
v -0.079560 -0.024134 0.132095
v -0.083412 -0.008215 0.132583
v -0.082740 -0.008149 0.132095
v 0.008215 -0.083412 0.132583
v 0.008215 -0.083412 0.132583
v 0.008149 -0.082740 0.132095
v 0.008149 -0.082740 0.132095
v 0.024330 -0.080207 0.132583
v 0.024134 -0.079560 0.132095
v 0.039192 -0.073323 0.132095
v 0.039510 -0.073919 0.132583
v 0.053172 -0.064790 0.132583
v 0.052744 -0.064268 0.132095
v 0.064790 -0.053172 0.132583
v 0.064268 -0.052744 0.132095
v 0.073919 -0.039510 0.132583
v 0.073323 -0.039192 0.132095
v 0.080207 -0.024330 0.132583
v 0.079560 -0.024134 0.132095
v 0.082740 -0.008149 0.132095
v 0.083412 -0.008215 0.132583
v -0.078837 -0.023915 0.129344
v -0.078190 -0.023719 0.128829
v -0.078190 -0.023719 0.128829
v -0.075489 -0.031268 0.128829
v -0.075489 -0.031268 0.128829
v -0.076113 -0.031527 0.129344
v 0.057777 -0.057777 0.128829
v 0.057777 -0.057777 0.128829
v 0.058254 -0.058254 0.129344
v 0.055224 -0.055224 0.129304
v 0.055776 -0.055776 0.128829
v 0.055224 0.055224 0.129304
v 0.055776 0.055776 0.128829
v 0.060974 0.050040 0.128829
v 0.060371 0.049545 0.129304
v -0.038836 -0.072656 0.129344
v -0.038517 -0.072060 0.128829
v -0.038517 -0.072060 0.128829
v -0.036816 -0.068877 0.129304
v -0.037183 -0.069564 0.128829
v -0.067938 0.045395 0.128829
v -0.067938 0.045395 0.128829
v -0.068500 0.045770 0.129344
v -0.065585 0.043823 0.128829
v -0.064937 0.043390 0.129304
v -0.068500 -0.045770 0.129344
v -0.067938 -0.045395 0.128829
v -0.067938 -0.045395 0.128829
v -0.064937 -0.043390 0.129304
v -0.065585 -0.043823 0.128829
v 0.077363 -0.015388 0.128829
v 0.076599 -0.015236 0.129304
v 0.077723 -0.007655 0.129304
v 0.078498 -0.007731 0.128829
v -0.077363 0.015388 0.128829
v -0.076599 0.015236 0.129304
v -0.077723 0.007655 0.129304
v -0.078498 0.007731 0.128829
v 0.081987 0.008075 0.129344
v 0.081987 0.008075 0.129344
v 0.081315 0.008009 0.128829
v 0.081315 0.008009 0.128829
v 0.081315 0.008009 0.128829
v 0.078498 0.007731 0.128829
v 0.077723 0.007655 0.129304
v 0.016072 0.080801 0.129344
v 0.015941 0.080138 0.128829
v 0.015941 0.080138 0.128829
v 0.015388 0.077363 0.128829
v 0.015236 0.076599 0.129304
v -0.052264 -0.063684 0.129344
v -0.051835 -0.063161 0.128829
v -0.051835 -0.063161 0.128829
v -0.045395 -0.067938 0.128829
v -0.045395 -0.067938 0.128829
v -0.045770 -0.068500 0.129344
v -0.072154 -0.029887 0.129304
v -0.072874 -0.030186 0.128829
v -0.075482 -0.022897 0.128829
v -0.074736 -0.022671 0.129304
v -0.023719 0.078190 0.128829
v -0.023719 0.078190 0.128829
v -0.023915 0.078837 0.129344
v -0.016072 0.080801 0.129344
v -0.015941 0.080138 0.128829
v -0.015941 0.080138 0.128829
v 0.051835 0.063161 0.128829
v 0.051835 0.063161 0.128829
v 0.052264 0.063684 0.129344
v 0.050040 0.060974 0.128829
v 0.049545 0.060371 0.129304
v 0.031527 0.076113 0.129344
v 0.031268 0.075489 0.128829
v 0.031268 0.075489 0.128829
v 0.023719 0.078190 0.128829
v 0.023719 0.078190 0.128829
v 0.023915 0.078837 0.129344
v 0.008009 0.081315 0.128829
v 0.008009 0.081315 0.128829
v 0.008075 0.081987 0.129344
v 0.081708 0.000000 0.128829
v 0.081708 0.000000 0.128829
v 0.082384 0.000000 0.129344
v 0.078099 0.000000 0.129304
v 0.078879 0.000000 0.128829
v -0.063161 -0.051835 0.128829
v -0.063161 -0.051835 0.128829
v -0.063684 -0.052264 0.129344
v 0.015388 -0.077363 0.128829
v 0.015236 -0.076599 0.129304
v 0.022671 -0.074736 0.129304
v 0.022897 -0.075482 0.128829
v 0.080801 0.016072 0.129344
v 0.080138 0.015941 0.128829
v 0.080138 0.015941 0.128829
v 0.078190 0.023719 0.128829
v 0.078190 0.023719 0.128829
v 0.078837 0.023915 0.129344
v 0.077363 0.015388 0.128829
v 0.076599 0.015236 0.129304
v 0.015941 -0.080138 0.128829
v 0.015941 -0.080138 0.128829
v 0.016072 -0.080801 0.129344
v 0.008075 -0.081987 0.129344
v 0.008075 -0.081987 0.129344
v 0.008009 -0.081315 0.128829
v 0.008009 -0.081315 0.128829
v 0.008009 -0.081315 0.128829
v 0.038517 -0.072060 0.128829
v 0.038517 -0.072060 0.128829
v 0.038836 -0.072656 0.129344
v 0.037183 -0.069564 0.128829
v 0.036816 -0.068877 0.129304
v -0.031268 0.075489 0.128829
v -0.031268 0.075489 0.128829
v -0.031527 0.076113 0.129344
v -0.029887 0.072154 0.129304
v -0.030186 0.072874 0.128829
v 0.075489 0.031268 0.128829
v 0.075489 0.031268 0.128829
v 0.076113 0.031527 0.129344
v 0.072154 0.029887 0.129304
v 0.072874 0.030186 0.128829
v -0.051835 0.063161 0.128829
v -0.051835 0.063161 0.128829
v -0.052264 0.063684 0.129344
v -0.045770 0.068500 0.129344
v -0.045395 0.067938 0.128829
v -0.045395 0.067938 0.128829
v 0.052264 -0.063684 0.129344
v 0.051835 -0.063161 0.128829
v 0.051835 -0.063161 0.128829
v 0.072656 0.038836 0.129344
v 0.072060 0.038517 0.128829
v 0.072060 0.038517 0.128829
v 0.069564 0.037183 0.128829
v 0.068877 0.036816 0.129304
v -0.057777 0.057777 0.128829
v -0.057777 0.057777 0.128829
v -0.058254 0.058254 0.129344
v -0.055224 0.055224 0.129304
v -0.055776 0.055776 0.128829
v 0.031527 -0.076113 0.129344
v 0.031268 -0.075489 0.128829
v 0.031268 -0.075489 0.128829
v -0.015236 0.076599 0.129304
v -0.015388 0.077363 0.128829
v -0.007731 0.078498 0.128829
v -0.007655 0.077723 0.129304
v -0.008075 -0.081987 0.129344
v -0.008009 -0.081315 0.128829
v -0.008009 -0.081315 0.128829
v 0.000000 -0.081708 0.128829
v 0.000000 -0.081708 0.128829
v 0.000000 -0.082384 0.129344
v -0.060974 -0.050040 0.128829
v -0.060371 -0.049545 0.129304
v 0.000000 0.082384 0.129344
v 0.000000 0.081708 0.128829
v 0.000000 0.081708 0.128829
v 0.000000 0.078879 0.128829
v 0.000000 0.078099 0.129304
v 0.007731 -0.078498 0.128829
v 0.007655 -0.077723 0.129304
v -0.080138 0.015941 0.128829
v -0.080138 0.015941 0.128829
v -0.080801 0.016072 0.129344
v -0.078837 0.023915 0.129344
v -0.078190 0.023719 0.128829
v -0.078190 0.023719 0.128829
v -0.038517 0.072060 0.128829
v -0.038517 0.072060 0.128829
v -0.038836 0.072656 0.129344
v -0.036816 0.068877 0.129304
v -0.037183 0.069564 0.128829
v -0.050040 0.060974 0.128829
v -0.049545 0.060371 0.129304
v -0.072060 -0.038517 0.128829
v -0.072060 -0.038517 0.128829
v -0.072656 -0.038836 0.129344
v -0.069564 -0.037183 0.128829
v -0.068877 -0.036816 0.129304
v 0.067938 -0.045395 0.128829
v 0.067938 -0.045395 0.128829
v 0.068500 -0.045770 0.129344
v 0.064937 -0.043390 0.129304
v 0.065585 -0.043823 0.128829
v -0.080801 -0.016072 0.129344
v -0.080801 -0.016072 0.129344
v -0.080138 -0.015941 0.128829
v -0.080138 -0.015941 0.128829
v -0.080138 -0.015941 0.128829
v -0.076599 -0.015236 0.129304
v -0.077363 -0.015388 0.128829
v 0.043390 0.064937 0.129304
v 0.043823 0.065585 0.128829
v 0.045770 0.068500 0.129344
v 0.045395 0.067938 0.128829
v 0.045395 0.067938 0.128829
v 0.063684 -0.052264 0.129344
v 0.063161 -0.051835 0.128829
v 0.063161 -0.051835 0.128829
v 0.078837 -0.023915 0.129344
v 0.078190 -0.023719 0.128829
v 0.078190 -0.023719 0.128829
v 0.074736 -0.022671 0.129304
v 0.075482 -0.022897 0.128829
v -0.023915 -0.078837 0.129344
v -0.023719 -0.078190 0.128829
v -0.023719 -0.078190 0.128829
v -0.015941 -0.080138 0.128829
v -0.015941 -0.080138 0.128829
v -0.016072 -0.080801 0.129344
v 0.080138 -0.015941 0.128829
v 0.080138 -0.015941 0.128829
v 0.080801 -0.016072 0.129344
v -0.043823 -0.065585 0.128829
v -0.043390 -0.064937 0.129304
v -0.015388 -0.077363 0.128829
v -0.015236 -0.076599 0.129304
v -0.007655 -0.077723 0.129304
v -0.007731 -0.078498 0.128829
v 0.060974 -0.050040 0.128829
v 0.060371 -0.049545 0.129304
v -0.050040 -0.060974 0.128829
v -0.049545 -0.060371 0.129304
v 0.043823 -0.065585 0.128829
v 0.043390 -0.064937 0.129304
v 0.049545 -0.060371 0.129304
v 0.050040 -0.060974 0.128829
v -0.022671 0.074736 0.129304
v -0.022897 0.075482 0.128829
v -0.029887 -0.072154 0.129304
v -0.030186 -0.072874 0.128829
v 0.007655 0.077723 0.129304
v 0.007731 0.078498 0.128829
v -0.082384 0.000000 0.129344
v -0.081708 0.000000 0.128829
v -0.081708 0.000000 0.128829
v -0.078879 0.000000 0.128829
v -0.078099 0.000000 0.129304
v -0.075489 0.031268 0.128829
v -0.075489 0.031268 0.128829
v -0.076113 0.031527 0.129344
v -0.072656 0.038836 0.129344
v -0.072060 0.038517 0.128829
v -0.072060 0.038517 0.128829
v -0.008009 0.081315 0.128829
v -0.008009 0.081315 0.128829
v -0.008009 0.081315 0.128829
v -0.008075 0.081987 0.129344
v -0.008075 0.081987 0.129344
v -0.081315 0.008009 0.128829
v -0.081315 0.008009 0.128829
v -0.081987 0.008075 0.129344
v 0.045395 -0.067938 0.128829
v 0.045395 -0.067938 0.128829
v 0.045770 -0.068500 0.129344
v 0.075482 0.022897 0.128829
v 0.074736 0.022671 0.129304
v -0.072154 0.029887 0.129304
v -0.072874 0.030186 0.128829
v -0.069564 0.037183 0.128829
v -0.068877 0.036816 0.129304
v 0.022897 0.075482 0.128829
v 0.022671 0.074736 0.129304
v 0.030186 -0.072874 0.128829
v 0.029887 -0.072154 0.129304
v 0.038836 0.072656 0.129344
v 0.038517 0.072060 0.128829
v 0.038517 0.072060 0.128829
v 0.036816 0.068877 0.129304
v 0.037183 0.069564 0.128829
v -0.063684 0.052264 0.129344
v -0.063161 0.051835 0.128829
v -0.063161 0.051835 0.128829
v -0.055224 -0.055224 0.129304
v -0.055776 -0.055776 0.128829
v 0.063684 0.052264 0.129344
v 0.063161 0.051835 0.128829
v 0.063161 0.051835 0.128829
v 0.057777 0.057777 0.128829
v 0.057777 0.057777 0.128829
v 0.058254 0.058254 0.129344
v 0.068500 0.045770 0.129344
v 0.067938 0.045395 0.128829
v 0.067938 0.045395 0.128829
v -0.043823 0.065585 0.128829
v -0.043390 0.064937 0.129304
v 0.064937 0.043390 0.129304
v 0.065585 0.043823 0.128829
v -0.022897 -0.075482 0.128829
v -0.022671 -0.074736 0.129304
v -0.057777 -0.057777 0.128829
v -0.057777 -0.057777 0.128829
v -0.058254 -0.058254 0.129344
v 0.000000 -0.078099 0.129304
v 0.000000 -0.078879 0.128829
v -0.060371 0.049545 0.129304
v -0.060974 0.050040 0.128829
v 0.076113 -0.031527 0.129344
v 0.075489 -0.031268 0.128829
v 0.075489 -0.031268 0.128829
v 0.072154 -0.029887 0.129304
v 0.072874 -0.030186 0.128829
v 0.081315 -0.008009 0.128829
v 0.081315 -0.008009 0.128829
v 0.081987 -0.008075 0.129344
v 0.069564 -0.037183 0.128829
v 0.068877 -0.036816 0.129304
v -0.074736 0.022671 0.129304
v -0.075482 0.022897 0.128829
v -0.031268 -0.075489 0.128829
v -0.031268 -0.075489 0.128829
v -0.031527 -0.076113 0.129344
v 0.072656 -0.038836 0.129344
v 0.072060 -0.038517 0.128829
v 0.072060 -0.038517 0.128829
v -0.081987 -0.008075 0.129344
v -0.081315 -0.008009 0.128829
v -0.081315 -0.008009 0.128829
v -0.078498 -0.007731 0.128829
v -0.077723 -0.007655 0.129304
v 0.023915 -0.078837 0.129344
v 0.023719 -0.078190 0.128829
v 0.023719 -0.078190 0.128829
v 0.029887 0.072154 0.129304
v 0.030186 0.072874 0.128829
v 0.015587 0.078362 0.024961
v 0.000000 0.079897 0.024961
v 0.030575 0.073816 0.024961
v 0.044389 0.066432 0.024961
v 0.056496 0.056496 0.024961
v 0.066432 0.044389 0.024961
v 0.073816 0.030575 0.024961
v 0.078362 0.015587 0.024961
v 0.079897 0.000000 0.024961
v 0.079897 0.000000 0.024961
v 0.015587 -0.078362 0.024961
v 0.000000 -0.079897 0.024961
v 0.030575 -0.073816 0.024961
v 0.044389 -0.066432 0.024961
v 0.056496 -0.056496 0.024961
v 0.066432 -0.044389 0.024961
v 0.073816 -0.030575 0.024961
v 0.078362 -0.015587 0.024961
v -0.015587 0.078362 0.024961
v -0.030575 0.073816 0.024961
v -0.044389 0.066432 0.024961
v -0.056496 0.056496 0.024961
v -0.066432 0.044389 0.024961
v -0.073816 0.030575 0.024961
v 0.016739 0.084152 0.043963
v 0.000000 0.085801 0.043963
v 0.032834 0.079269 0.043963
v 0.047668 0.071341 0.043963
v 0.060670 0.060670 0.043963
v 0.071341 0.047668 0.043963
v 0.079269 0.032834 0.043963
v 0.084152 0.016739 0.043963
v 0.085801 0.000000 0.043963
v 0.085801 0.000000 0.043963
v -0.078362 0.015587 0.024961
v -0.079897 0.000000 0.024961
v -0.079897 0.000000 0.024961
v -0.015587 -0.078362 0.024961
v -0.030575 -0.073816 0.024961
v -0.044389 -0.066432 0.024961
v 0.016739 -0.084152 0.043963
v 0.000000 -0.085801 0.043963
v 0.032834 -0.079269 0.043963
v 0.047668 -0.071341 0.043963
v -0.056496 -0.056496 0.024961
v -0.066432 -0.044389 0.024961
v -0.073816 -0.030575 0.024961
v -0.078362 -0.015587 0.024961
v 0.017599 0.088477 0.079064
v 0.000000 0.090210 0.079064
v 0.034522 0.083343 0.079064
v 0.050118 0.075007 0.079064
v 0.063788 0.063788 0.079064
v 0.075007 0.050118 0.079064
v 0.088477 0.017599 0.079064
v 0.090210 0.000000 0.079064
v 0.090210 0.000000 0.079064
v 0.060670 -0.060670 0.043963
v 0.071341 -0.047668 0.043963
v -0.016739 0.084152 0.043963
v -0.032834 0.079269 0.043963
v 0.079269 -0.032834 0.043963
v 0.084152 -0.016739 0.043963
v -0.047668 0.071341 0.043963
v -0.060670 0.060670 0.043963
v -0.071341 0.047668 0.043963
v -0.079269 0.032834 0.043963
v 0.017501 0.087985 0.095076
v 0.000000 0.089708 0.095076
v 0.034330 0.082880 0.095076
v 0.049839 0.074590 0.095076
v 0.063433 0.063433 0.095076
v 0.074590 0.049839 0.095076
v 0.087985 0.017501 0.095076
v 0.089709 0.000000 0.095076
v 0.089709 0.000000 0.095076
v -0.084152 0.016739 0.043963
v -0.085801 0.000000 0.043963
v -0.085801 0.000000 0.043963
v -0.016739 -0.084152 0.043963
v 0.017599 -0.088477 0.079064
v 0.000000 -0.090210 0.079064
v 0.034522 -0.083343 0.079064
v 0.050118 -0.075007 0.079064
v -0.032834 -0.079269 0.043963
v 0.063788 -0.063788 0.079064
v 0.075007 -0.050118 0.079064
v 0.088477 -0.017599 0.079064
v -0.047668 -0.071341 0.043963
v -0.017599 0.088477 0.079064
v 0.017198 0.086459 0.109747
v 0.000000 0.088153 0.109747
v 0.033735 0.081443 0.109747
v 0.048975 0.073297 0.109747
v 0.062334 0.062334 0.109747
v 0.073297 0.048975 0.109747
v 0.081443 0.033735 0.109747
v 0.086459 0.017198 0.109747
v 0.088153 0.000000 0.109747
v 0.088153 0.000000 0.109747
v 0.017501 -0.087985 0.095076
v 0.000000 -0.089708 0.095076
v 0.034330 -0.082880 0.095076
v -0.034522 0.083343 0.079064
v 0.049839 -0.074590 0.095076
v -0.050118 0.075007 0.079064
v -0.063788 0.063788 0.079064
v -0.075007 0.050118 0.079064
v -0.088477 0.017599 0.079064
v 0.063433 -0.063433 0.095076
v 0.074590 -0.049839 0.095076
v 0.087985 -0.017501 0.095076
v -0.090210 0.000000 0.079064
v -0.090210 0.000000 0.079064
v -0.060670 -0.060670 0.043963
v 0.016890 0.084914 0.122286
v 0.000000 0.086577 0.122286
v 0.033132 0.079987 0.122286
v 0.048100 0.071986 0.122286
v 0.061219 0.061219 0.122286
v 0.071986 0.048100 0.122286
v 0.079987 0.033132 0.122286
v 0.084913 0.016890 0.122286
v 0.086577 0.000000 0.122286
v 0.086577 0.000000 0.122286
v -0.071341 -0.047668 0.043963
v -0.079269 -0.032834 0.043963
v -0.084152 -0.016739 0.043963
v -0.017501 0.087985 0.095076
v 0.017198 -0.086459 0.109747
v 0.000000 -0.088153 0.109747
v 0.033735 -0.081443 0.109747
v 0.048975 -0.073297 0.109747
v 0.062334 -0.062334 0.109747
v 0.073297 -0.048975 0.109747
v -0.034330 0.082880 0.095076
v 0.081443 -0.033735 0.109747
v 0.086459 -0.017198 0.109747
v 0.017353 0.087242 0.129331
v 0.017353 0.087242 0.129331
v 0.000000 0.088951 0.129331
v 0.000000 0.088951 0.129331
v 0.034040 0.082180 0.129331
v 0.034040 0.082180 0.129331
v 0.049418 0.073960 0.129331
v 0.049418 0.073960 0.129331
v 0.062898 0.062898 0.129331
v 0.062898 0.062898 0.129331
v 0.073960 0.049418 0.129331
v 0.073960 0.049418 0.129331
v 0.082180 0.034040 0.129331
v 0.082180 0.034040 0.129331
v 0.087242 0.017353 0.129331
v 0.087242 0.017353 0.129331
v 0.088951 0.000000 0.129331
v 0.088951 0.000000 0.129331
v 0.088951 0.000000 0.129331
v 0.088951 0.000000 0.129331
v -0.049839 0.074590 0.095076
v -0.063433 0.063433 0.095076
v -0.074590 0.049839 0.095076
v -0.087985 0.017501 0.095076
v -0.089709 0.000000 0.095076
v -0.089709 0.000000 0.095076
v -0.017599 -0.088477 0.079064
v -0.034522 -0.083343 0.079064
v -0.050118 -0.075007 0.079064
v -0.063788 -0.063788 0.079064
v -0.075007 -0.050118 0.079064
v 0.016890 -0.084914 0.122286
v 0.000000 -0.086577 0.122286
v 0.033132 -0.079987 0.122286
v 0.048100 -0.071986 0.122286
v 0.061219 -0.061219 0.122286
v -0.088477 -0.017599 0.079064
v 0.071986 -0.048100 0.122286
v -0.017198 0.086459 0.109747
v 0.079987 -0.033132 0.122286
v 0.000000 0.089303 0.061965
v 0.017422 0.087587 0.061965
v 0.034175 0.082505 0.061965
v 0.049614 0.074253 0.061965
v -0.033735 0.081443 0.109747
v -0.048975 0.073297 0.109747
v 0.063147 0.063147 0.061965
v -0.062334 0.062334 0.109747
v 0.084913 -0.016890 0.122286
v 0.074253 0.049614 0.061965
v 0.082505 0.034175 0.061965
v 0.087587 0.017422 0.061965
v 0.089303 0.000000 0.061965
v 0.089303 0.000000 0.061965
v -0.073297 0.048975 0.109747
v 0.017353 -0.087242 0.129331
v 0.017353 -0.087242 0.129331
v 0.000000 -0.088951 0.129331
v 0.000000 -0.088951 0.129331
v 0.000000 0.073591 0.012689
v 0.014357 0.072176 0.012689
v 0.028162 0.067989 0.012689
v 0.040885 0.061188 0.012689
v 0.052036 0.052036 0.012689
v 0.061188 0.040885 0.012689
v 0.067989 0.028162 0.012689
v 0.072176 0.014357 0.012689
v 0.073591 0.000000 0.012689
v 0.073591 0.000000 0.012689
v -0.081443 0.033735 0.109747
v 0.034040 -0.082180 0.129331
v 0.034040 -0.082180 0.129331
v 0.049418 -0.073960 0.129331
v 0.049418 -0.073960 0.129331
v 0.062898 -0.062898 0.129331
v 0.062898 -0.062898 0.129331
v 0.073960 -0.049418 0.129331
v 0.073960 -0.049418 0.129331
v -0.086459 0.017198 0.109747
v -0.088153 0.000000 0.109747
v -0.088153 0.000000 0.109747
v -0.017501 -0.087985 0.095076
v -0.034330 -0.082880 0.095076
v -0.049839 -0.074590 0.095076
v -0.063433 -0.063433 0.095076
v 0.082180 -0.034040 0.129331
v 0.082180 -0.034040 0.129331
v 0.087242 -0.017353 0.129331
v 0.087242 -0.017353 0.129331
v 0.000000 0.067640 0.004089
v 0.013196 0.066341 0.004089
v 0.025885 0.062491 0.004089
v 0.037579 0.056241 0.004089
v 0.047829 0.047829 0.004089
v 0.056241 0.037579 0.004089
v 0.062491 0.025885 0.004089
v 0.066341 0.013196 0.004089
v 0.067640 0.000000 0.004089
v 0.067640 0.000000 0.004089
v -0.074590 -0.049839 0.095076
v -0.087985 -0.017501 0.095076
v -0.016890 0.084914 0.122286
v -0.033132 0.079987 0.122286
v -0.048100 0.071986 0.122286
v -0.061219 0.061219 0.122286
v -0.071986 0.048100 0.122286
v -0.079987 0.033132 0.122286
v -0.084913 0.016890 0.122286
v -0.086577 0.000000 0.122286
v -0.086577 0.000000 0.122286
v 0.000000 -0.089303 0.061965
v 0.017422 -0.087587 0.061965
v -0.017198 -0.086459 0.109747
v 0.000000 0.057603 0.000000
v 0.000000 0.057603 0.000000
v 0.011238 0.056497 0.000000
v 0.011238 0.056497 0.000000
v 0.022044 0.053219 0.000000
v 0.022044 0.053219 0.000000
v 0.032003 0.047895 0.000000
v 0.032003 0.047895 0.000000
v 0.040732 0.040732 0.000000
v 0.040732 0.040732 0.000000
v 0.047895 0.032003 0.000000
v 0.047895 0.032003 0.000000
v 0.053219 0.022044 0.000000
v 0.053219 0.022044 0.000000
v 0.056497 0.011238 0.000000
v 0.056497 0.011238 0.000000
v 0.057603 0.000000 0.000000
v 0.057603 0.000000 0.000000
v 0.057603 0.000000 0.000000
v 0.034175 -0.082505 0.061965
v 0.049614 -0.074253 0.061965
v -0.033735 -0.081443 0.109747
v -0.048975 -0.073297 0.109747
v 0.063147 -0.063147 0.061965
v -0.062334 -0.062334 0.109747
v 0.074253 -0.049614 0.061965
v 0.082505 -0.034175 0.061965
v -0.073297 -0.048975 0.109747
v 0.087587 -0.017422 0.061965
v -0.081443 -0.033735 0.109747
v 0.000000 -0.073591 0.012689
v 0.014357 -0.072176 0.012689
v 0.014537 0.073083 0.027303
v 0.000000 0.074514 0.027303
v 0.028515 0.068842 0.027303
v 0.041398 0.061956 0.027303
v 0.052690 0.052690 0.027303
v 0.061956 0.041398 0.027303
v 0.068842 0.028515 0.027303
v 0.073083 0.014537 0.027303
v 0.074514 0.000000 0.027303
v 0.074514 0.000000 0.027303
v -0.086459 -0.017198 0.109747
v -0.017353 0.087242 0.129331
v -0.017353 0.087242 0.129331
v -0.034040 0.082180 0.129331
v -0.034040 0.082180 0.129331
v -0.049418 0.073960 0.129331
v -0.049418 0.073960 0.129331
v -0.062898 0.062898 0.129331
v -0.062898 0.062898 0.129331
v -0.073960 0.049418 0.129331
v -0.073960 0.049418 0.129331
v 0.028162 -0.067989 0.012689
v 0.040885 -0.061188 0.012689
v 0.052036 -0.052036 0.012689
v 0.061188 -0.040885 0.012689
v 0.067989 -0.028162 0.012689
v -0.082180 0.034040 0.129331
v -0.082180 0.034040 0.129331
v -0.087242 0.017353 0.129331
v -0.087242 0.017353 0.129331
v -0.088951 0.000000 0.129331
v -0.088951 0.000000 0.129331
v -0.088951 0.000000 0.129331
v -0.088951 0.000000 0.129331
v -0.016890 -0.084914 0.122286
v 0.015631 0.078581 0.045433
v 0.000000 0.080121 0.045433
v 0.030661 0.074022 0.045433
v 0.044513 0.066618 0.045433
v 0.056654 0.056654 0.045433
v 0.066618 0.044513 0.045433
v 0.074022 0.030661 0.045433
v 0.078581 0.015631 0.045433
v 0.080121 0.000000 0.045433
v 0.080121 0.000000 0.045433
v -0.033132 -0.079987 0.122286
v -0.048100 -0.071986 0.122286
v 0.072176 -0.014357 0.012689
v -0.061219 -0.061219 0.122286
v -0.071986 -0.048100 0.122286
v -0.079987 -0.033132 0.122286
v -0.017422 0.087587 0.061965
v -0.034175 0.082505 0.061965
v 0.000000 -0.067640 0.004089
v 0.013196 -0.066341 0.004089
v 0.016452 0.082712 0.079118
v 0.000000 0.084332 0.079118
v 0.032273 0.077913 0.079118
v 0.046853 0.070120 0.079118
v 0.059632 0.059632 0.079118
v 0.070120 0.046853 0.079118
v 0.077913 0.032273 0.079118
v 0.082712 0.016452 0.079118
v 0.084332 0.000000 0.079118
v 0.084332 0.000000 0.079118
v -0.049614 0.074253 0.061965
v -0.063147 0.063147 0.061965
v -0.084913 -0.016890 0.122286
v -0.074253 0.049614 0.061965
v -0.082505 0.034175 0.061965
v 0.025885 -0.062491 0.004089
v 0.037579 -0.056241 0.004089
v 0.047829 -0.047829 0.004089
v 0.056241 -0.037579 0.004089
v -0.087587 0.017422 0.061965
v -0.089303 0.000000 0.061965
v -0.089303 0.000000 0.061965
v -0.017353 -0.087242 0.129331
v -0.017353 -0.087242 0.129331
v 0.062491 -0.025885 0.004089
v 0.066341 -0.013196 0.004089
v 0.016357 0.082233 0.094658
v 0.000000 0.083844 0.094658
v 0.032086 0.077462 0.094658
v 0.046581 0.069714 0.094658
v 0.059286 0.059286 0.094658
v 0.069714 0.046581 0.094658
v 0.077462 0.032086 0.094658
v 0.082233 0.016357 0.094658
v 0.083844 0.000000 0.094658
v 0.083844 0.000000 0.094658
v -0.014357 0.072176 0.012689
v -0.028162 0.067989 0.012689
v 0.000000 -0.057603 0.000000
v 0.000000 -0.057603 0.000000
v 0.011238 -0.056497 0.000000
v 0.011238 -0.056497 0.000000
v -0.040885 0.061188 0.012689
v -0.052036 0.052036 0.012689
v 0.022044 -0.053219 0.000000
v 0.022044 -0.053219 0.000000
v 0.032003 -0.047895 0.000000
v 0.032003 -0.047895 0.000000
v 0.040732 -0.040732 0.000000
v 0.040732 -0.040732 0.000000
v 0.047895 -0.032003 0.000000
v 0.047895 -0.032003 0.000000
v 0.053219 -0.022044 0.000000
v 0.053219 -0.022044 0.000000
v 0.056497 -0.011238 0.000000
v 0.056497 -0.011238 0.000000
v -0.061188 0.040885 0.012689
v -0.067989 0.028162 0.012689
v -0.072176 0.014357 0.012689
v 0.016067 0.080772 0.109266
v 0.000000 0.082354 0.109266
v 0.031516 0.076086 0.109266
v 0.045754 0.068475 0.109266
v 0.058233 0.058233 0.109266
v 0.068475 0.045754 0.109266
v 0.076086 0.031516 0.109266
v 0.080772 0.016067 0.109266
v 0.082354 0.000000 0.109266
v 0.082354 0.000000 0.109266
v -0.073591 0.000000 0.012689
v -0.073591 0.000000 0.012689
v -0.034040 -0.082180 0.129331
v -0.034040 -0.082180 0.129331
v -0.049418 -0.073960 0.129331
v -0.049418 -0.073960 0.129331
v 0.014537 -0.073083 0.027303
v 0.000000 -0.074514 0.027303
v -0.062898 -0.062898 0.129331
v -0.062898 -0.062898 0.129331
v 0.028515 -0.068842 0.027303
v 0.041398 -0.061956 0.027303
v 0.052690 -0.052690 0.027303
v -0.073960 -0.049418 0.129331
v -0.073960 -0.049418 0.129331
v 0.061956 -0.041398 0.027303
v 0.068842 -0.028515 0.027303
v 0.073083 -0.014537 0.027303
v -0.082180 -0.034040 0.129331
v -0.082180 -0.034040 0.129331
v 0.015817 0.079519 0.123757
v 0.000000 0.081077 0.123757
v 0.031027 0.074906 0.123757
v 0.045044 0.067413 0.123757
v 0.057330 0.057330 0.123757
v 0.067413 0.045044 0.123757
v 0.074906 0.031027 0.123757
v 0.079519 0.015817 0.123757
v 0.081077 0.000000 0.123757
v 0.081077 0.000000 0.123757
v -0.087242 -0.017353 0.129331
v -0.087242 -0.017353 0.129331
v -0.013196 0.066341 0.004089
v -0.025885 0.062491 0.004089
v -0.037579 0.056241 0.004089
v -0.047829 0.047829 0.004089
v -0.056241 0.037579 0.004089
v -0.062491 0.025885 0.004089
v -0.066341 0.013196 0.004089
v -0.067640 0.000000 0.004089
v -0.067640 0.000000 0.004089
v -0.017422 -0.087587 0.061965
v 0.016741 0.084161 0.131555
v 0.000000 0.085810 0.131555
v 0.032838 0.079278 0.131555
v 0.047673 0.071348 0.131555
v 0.060677 0.060677 0.131555
v 0.071348 0.047673 0.131555
v 0.079278 0.032838 0.131555
v 0.084161 0.016741 0.131555
v 0.085810 0.000000 0.131555
v 0.085810 0.000000 0.131555
v -0.011238 0.056497 0.000000
v -0.011238 0.056497 0.000000
v -0.022044 0.053219 0.000000
v -0.022044 0.053219 0.000000
v -0.032003 0.047895 0.000000
v -0.032003 0.047895 0.000000
v -0.040732 0.040732 0.000000
v -0.040732 0.040732 0.000000
v -0.047895 0.032003 0.000000
v -0.047895 0.032003 0.000000
v -0.053219 0.022044 0.000000
v -0.053219 0.022044 0.000000
v -0.056497 0.011238 0.000000
v -0.056497 0.011238 0.000000
v -0.057603 0.000000 0.000000
v -0.057603 0.000000 0.000000
v -0.057603 0.000000 0.000000
v -0.034175 -0.082505 0.061965
v -0.049614 -0.074253 0.061965
v 0.015631 -0.078581 0.045433
v 0.000000 -0.080121 0.045433
v 0.030661 -0.074022 0.045433
v 0.044513 -0.066618 0.045433
v 0.056654 -0.056654 0.045433
v 0.066618 -0.044513 0.045433
v 0.074022 -0.030661 0.045433
v 0.078581 -0.015631 0.045433
v -0.063147 -0.063147 0.061965
v 0.016452 -0.082712 0.079118
v 0.000000 0.083473 0.062670
v 0.016285 0.081869 0.062670
v -0.074253 -0.049614 0.061965
v 0.031944 0.077119 0.062670
v -0.082505 -0.034175 0.061965
v 0.046375 0.069405 0.062670
v -0.087587 -0.017422 0.061965
v 0.059024 0.059024 0.062670
v -0.014357 -0.072176 0.012689
v -0.014537 0.073083 0.027303
v 0.069405 0.046375 0.062670
v 0.077119 0.031944 0.062670
v 0.081869 0.016285 0.062670
v 0.083473 0.000000 0.062670
v 0.083473 0.000000 0.062670
v 0.000000 -0.084332 0.079118
v 0.032273 -0.077913 0.079118
v 0.000000 0.068706 0.015888
v 0.013404 0.067386 0.015888
v 0.026293 0.063476 0.015888
v 0.038171 0.057127 0.015888
v 0.048582 0.048582 0.015888
v 0.057127 0.038171 0.015888
v 0.063476 0.026293 0.015888
v 0.067386 0.013404 0.015888
v 0.068706 0.000000 0.015888
v 0.068706 0.000000 0.015888
v 0.046853 -0.070120 0.079118
v 0.059632 -0.059632 0.079118
v 0.070120 -0.046853 0.079118
v 0.077913 -0.032273 0.079118
v 0.082712 -0.016452 0.079118
v -0.028515 0.068842 0.027303
v -0.041398 0.061956 0.027303
v -0.052690 0.052690 0.027303
v -0.061956 0.041398 0.027303
v -0.068842 0.028515 0.027303
v -0.073083 0.014537 0.027303
v -0.074514 0.000000 0.027303
v -0.074514 0.000000 0.027303
v -0.028162 -0.067989 0.012689
v -0.040885 -0.061188 0.012689
v -0.052036 -0.052036 0.012689
v 0.000000 0.064014 0.008620
v 0.012489 0.062784 0.008620
v 0.024497 0.059141 0.008620
v 0.035564 0.053226 0.008620
v 0.045265 0.045265 0.008620
v 0.053226 0.035564 0.008620
v 0.059141 0.024497 0.008620
v 0.062784 0.012489 0.008620
v 0.064014 0.000000 0.008620
v 0.064014 0.000000 0.008620
v -0.061188 -0.040885 0.012689
v -0.067989 -0.028162 0.012689
v -0.015631 0.078581 0.045433
v 0.016357 -0.082233 0.094658
v 0.000000 -0.083844 0.094658
v 0.032086 -0.077462 0.094658
v 0.046581 -0.069714 0.094658
v 0.059286 -0.059286 0.094658
v 0.069714 -0.046581 0.094658
v 0.077462 -0.032086 0.094658
v 0.082233 -0.016357 0.094658
v -0.030661 0.074022 0.045433
v -0.044513 0.066618 0.045433
v 0.000000 0.056590 0.005836
v 0.000000 0.056590 0.005836
v 0.011040 0.055503 0.005836
v 0.011040 0.055503 0.005836
v 0.021656 0.052282 0.005836
v 0.021656 0.052282 0.005836
v 0.031440 0.047053 0.005836
v 0.031440 0.047053 0.005836
v 0.040015 0.040015 0.005836
v 0.040015 0.040015 0.005836
v 0.047053 0.031440 0.005836
v 0.047053 0.031440 0.005836
v 0.052282 0.021656 0.005836
v 0.052282 0.021656 0.005836
v 0.055503 0.011040 0.005836
v 0.055503 0.011040 0.005836
v 0.056590 0.000000 0.005836
v 0.056590 0.000000 0.005836
v 0.056590 0.000000 0.005836
v -0.056654 0.056654 0.045433
v -0.066618 0.044513 0.045433
v -0.074022 0.030661 0.045433
v -0.078581 0.015631 0.045433
v -0.080121 0.000000 0.045433
v -0.080121 0.000000 0.045433
v -0.072176 -0.014357 0.012689
v -0.013196 -0.066341 0.004089
v 0.016067 -0.080772 0.109266
v 0.000000 -0.082354 0.109266
v 0.031516 -0.076086 0.109266
v -0.016452 0.082712 0.079118
v -0.032273 0.077913 0.079118
v 0.045754 -0.068475 0.109266
v 0.058233 -0.058233 0.109266
v 0.006630 0.067314 0.004089
v 0.019635 0.064727 0.004089
v 0.031885 0.059653 0.004089
v 0.042910 0.052286 0.004089
v 0.052286 0.042910 0.004089
v 0.059653 0.031885 0.004089
v 0.064727 0.019635 0.004089
v 0.067314 0.006630 0.004089
v 0.068475 -0.045754 0.109266
v 0.076086 -0.031516 0.109266
v 0.080772 -0.016067 0.109266
v -0.046853 0.070120 0.079118
v -0.059632 0.059632 0.079118
v -0.070120 0.046853 0.079118
v -0.077913 0.032273 0.079118
v -0.082712 0.016452 0.079118
v -0.084332 0.000000 0.079118
v -0.084332 0.000000 0.079118
v -0.025885 -0.062491 0.004089
v -0.037579 -0.056241 0.004089
v -0.047829 -0.047829 0.004089
v -0.056241 -0.037579 0.004089
v 0.015817 -0.079519 0.123757
v 0.007831 0.079512 0.024961
v 0.023193 0.076457 0.024961
v 0.037663 0.070463 0.024961
v 0.050686 0.061761 0.024961
v 0.061761 0.050686 0.024961
v 0.070463 0.037663 0.024961
v 0.076457 0.023193 0.024961
v 0.079512 0.007831 0.024961
v 0.000000 -0.081077 0.123757
v 0.031027 -0.074906 0.123757
v 0.045044 -0.067413 0.123757
v 0.057330 -0.057330 0.123757
v 0.067413 -0.045044 0.123757
v 0.074906 -0.031027 0.123757
v 0.079519 -0.015817 0.123757
v -0.062491 -0.025885 0.004089
v -0.066341 -0.013196 0.004089
v -0.016357 0.082233 0.094658
v -0.032086 0.077462 0.094658
v -0.046581 0.069714 0.094658
v -0.059286 0.059286 0.094658
v -0.069714 0.046581 0.094658
v -0.077462 0.032086 0.094658
v 0.008410 0.085387 0.043963
v 0.024906 0.082106 0.043963
v 0.040446 0.075669 0.043963
v 0.054431 0.066324 0.043963
v 0.066324 0.054431 0.043963
v 0.075669 0.040446 0.043963
v 0.082106 0.024906 0.043963
v 0.085387 0.008410 0.043963
v -0.082233 0.016357 0.094658
v -0.083844 0.000000 0.094658
v -0.083844 0.000000 0.094658
v -0.011238 -0.056497 0.000000
v -0.011238 -0.056497 0.000000
v 0.016741 -0.084161 0.131555
v 0.000000 -0.085810 0.131555
v 0.032838 -0.079278 0.131555
v 0.047673 -0.071348 0.131555
v 0.060677 -0.060677 0.131555
v 0.071348 -0.047673 0.131555
v 0.079278 -0.032838 0.131555
v 0.084161 -0.016741 0.131555
v -0.022044 -0.053219 0.000000
v -0.022044 -0.053219 0.000000
v -0.032003 -0.047895 0.000000
v -0.032003 -0.047895 0.000000
v -0.040732 -0.040732 0.000000
v -0.040732 -0.040732 0.000000
v -0.047895 -0.032003 0.000000
v -0.047895 -0.032003 0.000000
v 0.083040 0.000000 0.034059
v 0.083040 0.000000 0.034059
v -0.053219 -0.022044 0.000000
v -0.053219 -0.022044 0.000000
v -0.056497 -0.011238 0.000000
v -0.056497 -0.011238 0.000000
v -0.016067 0.080772 0.109266
v -0.031516 0.076086 0.109266
v -0.045754 0.068475 0.109266
v -0.058233 0.058233 0.109266
v 0.000000 0.083040 0.034059
v 0.016200 0.081445 0.034059
v -0.068475 0.045754 0.109266
v 0.031778 0.076719 0.034059
v 0.000000 -0.083473 0.062670
v 0.046135 0.069046 0.034059
v 0.016285 -0.081869 0.062670
v 0.058718 0.058718 0.034059
v 0.031944 -0.077119 0.062670
v -0.076086 0.031516 0.109266
v 0.069046 0.046135 0.034059
v 0.046375 -0.069405 0.062670
v 0.076719 0.031778 0.034059
v 0.081445 0.016200 0.034059
v 0.008842 0.089775 0.079064
v 0.026187 0.086325 0.079064
v 0.042525 0.079558 0.079064
v 0.057229 0.069733 0.079064
v 0.069733 0.057229 0.079064
v 0.078721 0.043921 0.079064
v 0.087336 0.026227 0.080176
v 0.089775 0.008842 0.079064
v -0.080772 0.016067 0.109266
v -0.082354 0.000000 0.109266
v -0.082354 0.000000 0.109266
v -0.014537 -0.073083 0.027303
v -0.028515 -0.068842 0.027303
v -0.041398 -0.061956 0.027303
v -0.052690 -0.052690 0.027303
v -0.061956 -0.041398 0.027303
v 0.059024 -0.059024 0.062670
v -0.068842 -0.028515 0.027303
v -0.073083 -0.014537 0.027303
v 0.069405 -0.046375 0.062670
v -0.015817 0.079519 0.123757
v 0.077119 -0.031944 0.062670
v 0.081869 -0.016285 0.062670
v 0.000000 -0.068706 0.015888
v 0.013404 -0.067386 0.015888
v 0.026293 -0.063476 0.015888
v 0.038171 -0.057127 0.015888
v -0.031027 0.074906 0.123757
v -0.045044 0.067413 0.123757
v -0.057330 0.057330 0.123757
v 0.000000 0.090012 0.070594
v 0.017150 0.086219 0.053223
v -0.067413 0.045044 0.123757
v 0.033641 0.081217 0.053223
v -0.074906 0.031027 0.123757
v 0.048582 -0.048582 0.015888
v 0.048839 0.073093 0.053223
v 0.057127 -0.038171 0.015888
v 0.062161 0.062161 0.053223
v 0.063476 -0.026293 0.015888
v 0.067386 -0.013404 0.015888
v 0.073093 0.048839 0.053223
v 0.081217 0.033641 0.053223
v -0.079519 0.015817 0.123757
v 0.086219 0.017150 0.053223
v -0.081077 0.000000 0.123757
v -0.081077 0.000000 0.123757
v 0.087908 0.000000 0.053223
v 0.087908 0.000000 0.053223
v -0.016741 0.084161 0.131555
v 0.008793 0.089276 0.095076
v 0.026041 0.085845 0.095076
v 0.042288 0.079116 0.095076
v 0.056910 0.069345 0.095076
v 0.069345 0.056910 0.095076
v 0.079116 0.042288 0.095076
v 0.089276 0.008793 0.095076
v -0.032838 0.079278 0.131555
v 0.000000 -0.064014 0.008620
v 0.012489 -0.062784 0.008620
v 0.024497 -0.059141 0.008620
v -0.047673 0.071348 0.131555
v -0.060677 0.060677 0.131555
v -0.071348 0.047673 0.131555
v -0.079278 0.032838 0.131555
v -0.084161 0.016741 0.131555
v 0.035564 -0.053226 0.008620
v 0.045265 -0.045265 0.008620
v 0.053226 -0.035564 0.008620
v 0.059141 -0.024497 0.008620
v 0.062784 -0.012489 0.008620
v -0.085810 0.000000 0.131555
v -0.085810 0.000000 0.131555
v -0.015631 -0.078581 0.045433
v -0.030661 -0.074022 0.045433
v 0.000000 -0.056590 0.005836
v 0.000000 -0.056590 0.005836
v 0.000000 0.090082 0.087240
v 0.017574 0.088351 0.087240
v -0.044513 -0.066618 0.045433
v -0.056654 -0.056654 0.045433
v -0.066618 -0.044513 0.045433
v 0.034473 0.083225 0.087240
v -0.074022 -0.030661 0.045433
v -0.078581 -0.015631 0.045433
v 0.050047 0.074901 0.087240
v -0.016452 -0.082712 0.079118
v 0.063698 0.063698 0.087240
v 0.011040 -0.055503 0.005836
v 0.011040 -0.055503 0.005836
v 0.074901 0.050047 0.087240
v 0.021656 -0.052282 0.005836
v 0.021656 -0.052282 0.005836
v 0.088351 0.017574 0.087240
v 0.031440 -0.047053 0.005836
v 0.031440 -0.047053 0.005836
v 0.090082 0.000000 0.087240
v 0.090082 0.000000 0.087240
v 0.040015 -0.040015 0.005836
v 0.040015 -0.040015 0.005836
v 0.047053 -0.031440 0.005836
v 0.047053 -0.031440 0.005836
v 0.052282 -0.021656 0.005836
v 0.052282 -0.021656 0.005836
v -0.016285 0.081869 0.062670
v 0.055503 -0.011040 0.005836
v 0.055503 -0.011040 0.005836
v -0.031944 0.077119 0.062670
v 0.008640 0.087728 0.109747
v 0.025589 0.084357 0.109747
v 0.041555 0.077744 0.109747
v 0.055923 0.068143 0.109747
v 0.068143 0.055923 0.109747
v 0.077744 0.041555 0.109747
v 0.084357 0.025589 0.109747
v 0.087728 0.008640 0.109747
v -0.046375 0.069405 0.062670
v -0.059024 0.059024 0.062670
v -0.069405 0.046375 0.062670
v -0.077119 0.031944 0.062670
v -0.081869 0.016285 0.062670
v -0.083473 0.000000 0.062670
v -0.083473 0.000000 0.062670
v -0.032273 -0.077913 0.079118
v -0.013404 0.067386 0.015888
v -0.026293 0.063476 0.015888
v -0.038171 0.057127 0.015888
v 0.006630 -0.067314 0.004089
v 0.019635 -0.064727 0.004089
v 0.031885 -0.059653 0.004089
v 0.042910 -0.052286 0.004089
v 0.052286 -0.042910 0.004089
v 0.049506 0.074090 0.102563
v 0.063009 0.063009 0.102563
v 0.059653 -0.031885 0.004089
v 0.074090 0.049506 0.102563
v 0.000000 0.089108 0.102563
v -0.048582 0.048582 0.015888
v 0.082325 0.034100 0.102563
v 0.087045 0.019731 0.099533
v -0.057127 0.038171 0.015888
v 0.089108 0.000000 0.102563
v 0.089108 0.000000 0.102563
v 0.064727 -0.019635 0.004089
v 0.067314 -0.006630 0.004089
v -0.063476 0.026293 0.015888
v -0.067386 0.013404 0.015888
v -0.068706 0.000000 0.015888
v -0.068706 0.000000 0.015888
v -0.046853 -0.070120 0.079118
v -0.059632 -0.059632 0.079118
v -0.070120 -0.046853 0.079118
v -0.077913 -0.032273 0.079118
v -0.082712 -0.016452 0.079118
v 0.017384 0.087396 0.102563
v 0.007831 -0.079512 0.024961
v 0.034100 0.082325 0.102563
v 0.023193 -0.076457 0.024961
v 0.037663 -0.070463 0.024961
v 0.008486 0.086160 0.122286
v 0.025132 0.082849 0.122286
v 0.040812 0.076354 0.122286
v 0.054924 0.066925 0.122286
v 0.066925 0.054924 0.122286
v 0.076354 0.040812 0.122286
v 0.082849 0.025132 0.122286
v 0.086160 0.008486 0.122286
v 0.050686 -0.061761 0.024961
v 0.061761 -0.050686 0.024961
v 0.070463 -0.037663 0.024961
v 0.076457 -0.023193 0.024961
v 0.079512 -0.007831 0.024961
v -0.012489 0.062784 0.008620
v -0.024497 0.059141 0.008620
v -0.035564 0.053226 0.008620
v -0.045265 0.045265 0.008620
v -0.053226 0.035564 0.008620
v -0.059141 0.024497 0.008620
v -0.062784 0.012489 0.008620
v -0.064014 0.000000 0.008620
v -0.064014 0.000000 0.008620
v -0.016357 -0.082233 0.094658
v -0.032086 -0.077462 0.094658
v -0.046581 -0.069714 0.094658
v -0.059286 -0.059286 0.094658
v -0.069714 -0.046581 0.094658
v -0.077462 -0.032086 0.094658
v 0.080320 0.033269 0.116543
v 0.085267 0.016961 0.116543
v -0.082233 -0.016357 0.094658
v 0.086937 0.000000 0.116543
v 0.086937 0.000000 0.116543
v 0.008410 -0.085387 0.043963
v 0.024906 -0.082106 0.043963
v 0.040446 -0.075669 0.043963
v 0.054431 -0.066324 0.043963
v 0.066324 -0.054431 0.043963
v 0.075669 -0.040446 0.043963
v 0.082106 -0.024906 0.043963
v 0.085387 -0.008410 0.043963
v -0.011040 0.055503 0.005836
v -0.011040 0.055503 0.005836
v -0.021656 0.052282 0.005836
v -0.021656 0.052282 0.005836
v 0.000000 0.086937 0.116543
v 0.016961 0.085267 0.116543
v -0.031440 0.047053 0.005836
v -0.031440 0.047053 0.005836
v -0.040015 0.040015 0.005836
v -0.040015 0.040015 0.005836
v 0.033269 0.080320 0.116543
v 0.048300 0.072286 0.116543
v -0.047053 0.031440 0.005836
v -0.047053 0.031440 0.005836
v -0.052282 0.021656 0.005836
v -0.052282 0.021656 0.005836
v 0.061474 0.061474 0.116543
v -0.055503 0.011040 0.005836
v -0.055503 0.011040 0.005836
v -0.056590 0.000000 0.005836
v -0.056590 0.000000 0.005836
v -0.056590 0.000000 0.005836
v 0.072286 0.048300 0.116543
v -0.016067 -0.080772 0.109266
v 0.008719 0.088522 0.129331
v 0.008719 0.088522 0.129331
v 0.025821 0.085120 0.129331
v 0.025821 0.085120 0.129331
v 0.041931 0.078447 0.129331
v 0.041931 0.078447 0.129331
v 0.056430 0.068760 0.129331
v 0.056430 0.068760 0.129331
v 0.068760 0.056430 0.129331
v 0.068760 0.056430 0.129331
v 0.078447 0.041931 0.129331
v 0.078447 0.041931 0.129331
v 0.085120 0.025821 0.129331
v 0.085120 0.025821 0.129331
v 0.088522 0.008719 0.129331
v 0.088522 0.008719 0.129331
v -0.031516 -0.076086 0.109266
v -0.045754 -0.068475 0.109266
v -0.058233 -0.058233 0.109266
v 0.000000 -0.083040 0.034059
v 0.016200 -0.081445 0.034059
v 0.031778 -0.076719 0.034059
v 0.046135 -0.069046 0.034059
v 0.058718 -0.058718 0.034059
v -0.006630 0.067314 0.004089
v 0.069046 -0.046135 0.034059
v 0.076719 -0.031778 0.034059
v -0.019635 0.064727 0.004089
v 0.081445 -0.016200 0.034059
v 0.008842 -0.089775 0.079064
v -0.031885 0.059653 0.004089
v -0.042910 0.052286 0.004089
v -0.052286 0.042910 0.004089
v -0.059653 0.031885 0.004089
v -0.064727 0.019635 0.004089
v 0.026187 -0.086325 0.079064
v 0.042525 -0.079558 0.079064
v 0.057229 -0.069733 0.079064
v 0.069733 -0.057229 0.079064
v 0.078721 -0.043921 0.079064
v 0.000000 0.087825 0.126413
v 0.017134 0.086137 0.126413
v 0.087336 -0.026227 0.080176
v 0.089775 -0.008842 0.079064
v 0.033609 0.081140 0.126413
v -0.067314 0.006630 0.004089
v -0.068475 -0.045754 0.109266
v 0.048793 0.073024 0.126413
v -0.076086 -0.031516 0.109266
v -0.080772 -0.016067 0.109266
v 0.062102 0.062101 0.126413
v -0.015817 -0.079519 0.123757
v 0.073024 0.048793 0.126413
v -0.007831 0.079512 0.024961
v 0.081140 0.033609 0.126413
v 0.086137 0.017134 0.126413
v -0.023193 0.076457 0.024961
v 0.087825 0.000000 0.126413
v 0.087825 0.000000 0.126413
v -0.037663 0.070463 0.024961
v -0.050686 0.061761 0.024961
v -0.061761 0.050686 0.024961
v -0.070463 0.037663 0.024961
v -0.076457 0.023193 0.024961
v -0.079512 0.007831 0.024961
v -0.031027 -0.074906 0.123757
v 0.000000 0.087908 0.053223
v 0.017561 0.088283 0.070594
v -0.045044 -0.067413 0.123757
v 0.034446 0.083160 0.070594
v -0.057330 -0.057330 0.123757
v -0.067413 -0.045044 0.123757
v 0.050008 0.074842 0.070594
v 0.000000 -0.090012 0.070594
v 0.063648 0.063648 0.070594
v 0.017150 -0.086219 0.053223
v 0.074842 0.050008 0.070594
v -0.074906 -0.031027 0.123757
v 0.083160 0.034446 0.070594
v 0.087610 0.020594 0.073856
v 0.033641 -0.081217 0.053223
v 0.090012 0.000000 0.070594
v 0.090012 0.000000 0.070594
v 0.048839 -0.073093 0.053223
v -0.079519 -0.015817 0.123757
v -0.008410 0.085387 0.043963
v -0.024906 0.082106 0.043963
v -0.040446 0.075669 0.043963
v -0.054431 0.066324 0.043963
v -0.066324 0.054431 0.043963
v 0.088873 0.008753 0.061965
v -0.075669 0.040446 0.043963
v 0.085457 0.025923 0.061965
v 0.062161 -0.062161 0.053223
v 0.078758 0.042097 0.061965
v 0.073093 -0.048839 0.053223
v 0.081217 -0.033641 0.053223
v 0.069032 0.056653 0.061965
v 0.086219 -0.017150 0.053223
v 0.056653 0.069032 0.061965
v -0.082106 0.024906 0.043963
v 0.042097 0.078758 0.061965
v 0.008793 -0.089276 0.095076
v -0.085387 0.008410 0.043963
v 0.025923 0.085457 0.061965
v 0.026041 -0.085845 0.095076
v -0.016741 -0.084161 0.131555
v 0.008753 0.088873 0.061965
v -0.032838 -0.079278 0.131555
v -0.047673 -0.071348 0.131555
v 0.042288 -0.079116 0.095076
v 0.007213 0.073236 0.012689
v 0.021362 0.070421 0.012689
v 0.034690 0.064901 0.012689
v 0.046685 0.056886 0.012689
v 0.056886 0.046685 0.012689
v 0.064901 0.034690 0.012689
v 0.070421 0.021362 0.012689
v 0.073236 0.007213 0.012689
v 0.056910 -0.069345 0.095076
v 0.069345 -0.056910 0.095076
v 0.079116 -0.042288 0.095076
v 0.089276 -0.008793 0.095076
v -0.060677 -0.060677 0.131555
v -0.071348 -0.047673 0.131555
v -0.079278 -0.032838 0.131555
v -0.084161 -0.016741 0.131555
v -0.083040 0.000000 0.034059
v -0.083040 0.000000 0.034059
v -0.016200 0.081445 0.034059
v -0.031778 0.076719 0.034059
v 0.000000 -0.090082 0.087240
v 0.017574 -0.088351 0.087240
v -0.046135 0.069046 0.034059
v -0.016285 -0.081869 0.062670
v -0.058718 0.058718 0.034059
v 0.034473 -0.083225 0.087240
v 0.014958 0.075200 0.018030
v 0.000000 0.076674 0.018030
v 0.000000 0.070770 0.008025
v 0.013807 0.069410 0.008025
v -0.031944 -0.077119 0.062670
v -0.069046 0.046135 0.034059
v 0.027083 0.065383 0.008025
v 0.029342 0.070837 0.018030
v 0.039318 0.058843 0.008025
v 0.042598 0.063752 0.018030
v 0.050042 0.050042 0.008025
v 0.054216 0.054216 0.018030
v 0.058843 0.039318 0.008025
v 0.063752 0.042598 0.018030
v 0.065383 0.027083 0.008025
v 0.070837 0.029342 0.018030
v 0.069410 0.013807 0.008025
v 0.075200 0.014958 0.018030
v 0.070770 0.000000 0.008025
v 0.070770 0.000000 0.008025
v 0.076674 0.000000 0.018030
v 0.076674 0.000000 0.018030
v -0.046375 -0.069405 0.062670
v 0.050047 -0.074901 0.087240
v -0.076719 0.031778 0.034059
v -0.081445 0.016200 0.034059
v -0.008842 0.089775 0.079064
v -0.026187 0.086325 0.079064
v -0.042525 0.079558 0.079064
v -0.057229 0.069733 0.079064
v -0.069733 0.057229 0.079064
v 0.063698 -0.063698 0.087240
v -0.078721 0.043921 0.079064
v 0.074901 -0.050047 0.087240
v 0.088351 -0.017574 0.087240
v -0.087336 0.026227 0.080176
v 0.008640 -0.087728 0.109747
v -0.089775 0.008842 0.079064
v -0.059024 -0.059024 0.062670
v 0.025589 -0.084357 0.109747
v -0.069405 -0.046375 0.062670
v 0.041555 -0.077744 0.109747
v 0.055923 -0.068143 0.109747
v -0.077119 -0.031944 0.062670
v -0.081869 -0.016285 0.062670
v 0.068143 -0.055923 0.109747
v 0.077744 -0.041555 0.109747
v -0.013404 -0.067386 0.015888
v 0.084357 -0.025589 0.109747
v 0.087728 -0.008640 0.109747
v -0.026293 -0.063476 0.015888
v -0.038171 -0.057127 0.015888
v 0.005646 0.057326 0.000000
v 0.005646 0.057326 0.000000
v 0.016721 0.055123 0.000000
v 0.016721 0.055123 0.000000
v 0.027154 0.050801 0.000000
v 0.027154 0.050801 0.000000
v 0.036543 0.044528 0.000000
v 0.036543 0.044528 0.000000
v 0.044528 0.036543 0.000000
v 0.044528 0.036543 0.000000
v 0.050801 0.027154 0.000000
v 0.050801 0.027154 0.000000
v 0.055123 0.016721 0.000000
v 0.055123 0.016721 0.000000
v 0.057326 0.005646 0.000000
v 0.057326 0.005646 0.000000
v -0.017150 0.086219 0.053223
v -0.033641 0.081217 0.053223
v -0.048582 -0.048582 0.015888
v -0.048839 0.073093 0.053223
v -0.057127 -0.038171 0.015888
v -0.062161 0.062161 0.053223
v 0.049506 -0.074090 0.102563
v 0.063009 -0.063009 0.102563
v -0.063476 -0.026293 0.015888
v 0.074090 -0.049506 0.102563
v -0.067386 -0.013404 0.015888
v -0.073093 0.048839 0.053223
v -0.081217 0.033641 0.053223
v -0.086219 0.017150 0.053223
v -0.087908 0.000000 0.053223
v -0.087908 0.000000 0.053223
v -0.008793 0.089276 0.095076
v 0.000000 -0.089108 0.102563
v 0.082325 -0.034100 0.102563
v 0.087045 -0.019731 0.099533
v -0.026041 0.085845 0.095076
v 0.012264 0.061654 0.001813
v 0.000000 0.062862 0.001813
v 0.024056 0.058077 0.001813
v 0.034924 0.052268 0.001813
v 0.044450 0.044450 0.001813
v 0.052268 0.034924 0.001813
v 0.058077 0.024056 0.001813
v 0.061654 0.012264 0.001813
v 0.062862 0.000000 0.001813
v 0.062862 0.000000 0.001813
v -0.042288 0.079116 0.095076
v -0.056910 0.069345 0.095076
v 0.017384 -0.087396 0.102563
v 0.034100 -0.082325 0.102563
v 0.008486 -0.086160 0.122286
v -0.069345 0.056910 0.095076
v -0.079116 0.042288 0.095076
v 0.025132 -0.082849 0.122286
v 0.040812 -0.076354 0.122286
v -0.089276 0.008793 0.095076
v 0.054924 -0.066925 0.122286
v 0.066925 -0.054924 0.122286
v 0.076354 -0.040812 0.122286
v -0.012489 -0.062784 0.008620
v -0.024497 -0.059141 0.008620
v -0.035564 -0.053226 0.008620
v 0.082849 -0.025132 0.122286
v 0.006274 0.063706 0.008620
v 0.018582 0.061257 0.008620
v 0.030176 0.056455 0.008620
v 0.040610 0.049483 0.008620
v 0.049483 0.040610 0.008620
v 0.056455 0.030176 0.008620
v 0.061257 0.018582 0.008620
v 0.063706 0.006274 0.008620
v -0.045265 -0.045265 0.008620
v 0.086160 -0.008486 0.122286
v -0.053226 -0.035564 0.008620
v -0.059141 -0.024497 0.008620
v -0.062784 -0.012489 0.008620
v -0.017574 0.088351 0.087240
v -0.034473 0.083225 0.087240
v -0.050047 0.074901 0.087240
v -0.063698 0.063698 0.087240
v -0.011040 -0.055503 0.005836
v -0.011040 -0.055503 0.005836
v -0.074901 0.050047 0.087240
v -0.021656 -0.052282 0.005836
v -0.021656 -0.052282 0.005836
v -0.088351 0.017574 0.087240
v -0.031440 -0.047053 0.005836
v -0.031440 -0.047053 0.005836
v -0.090082 0.000000 0.087240
v -0.090082 0.000000 0.087240
v -0.040015 -0.040015 0.005836
v -0.040015 -0.040015 0.005836
v 0.007304 0.074155 0.027303
v 0.021630 0.071305 0.027303
v 0.035126 0.065716 0.027303
v 0.047271 0.057600 0.027303
v 0.057600 0.047271 0.027303
v 0.065716 0.035126 0.027303
v 0.071305 0.021630 0.027303
v 0.074155 0.007304 0.027303
v -0.047053 -0.031440 0.005836
v -0.047053 -0.031440 0.005836
v 0.080320 -0.033269 0.116543
v 0.085267 -0.016961 0.116543
v -0.052282 -0.021656 0.005836
v -0.052282 -0.021656 0.005836
v -0.055503 -0.011040 0.005836
v -0.055503 -0.011040 0.005836
v -0.008640 0.087728 0.109747
v 0.000000 -0.086937 0.116543
v 0.016961 -0.085267 0.116543
v -0.025589 0.084357 0.109747
v -0.041555 0.077744 0.109747
v -0.055923 0.068143 0.109747
v 0.033269 -0.080320 0.116543
v 0.048300 -0.072286 0.116543
v 0.061474 -0.061474 0.116543
v 0.072286 -0.048300 0.116543
v 0.008719 -0.088522 0.129331
v 0.008719 -0.088522 0.129331
v 0.025821 -0.085120 0.129331
v 0.025821 -0.085120 0.129331
v -0.068143 0.055923 0.109747
v -0.077744 0.041555 0.109747
v 0.007853 0.079734 0.045433
v 0.023258 0.076670 0.045433
v 0.037768 0.070660 0.045433
v 0.050828 0.061934 0.045433
v 0.061934 0.050828 0.045433
v 0.070660 0.037768 0.045433
v 0.076670 0.023258 0.045433
v 0.079735 0.007853 0.045433
v -0.084357 0.025589 0.109747
v 0.041931 -0.078447 0.129331
v 0.041931 -0.078447 0.129331
v -0.087728 0.008640 0.109747
v 0.056430 -0.068760 0.129331
v 0.056430 -0.068760 0.129331
v -0.006630 -0.067314 0.004089
v -0.019635 -0.064727 0.004089
v 0.068760 -0.056430 0.129331
v 0.068760 -0.056430 0.129331
v -0.031885 -0.059653 0.004089
v 0.078447 -0.041931 0.129331
v 0.078447 -0.041931 0.129331
v -0.042910 -0.052286 0.004089
v -0.052286 -0.042910 0.004089
v 0.085120 -0.025821 0.129331
v 0.085120 -0.025821 0.129331
v -0.049506 0.074090 0.102563
v -0.063009 0.063009 0.102563
v -0.059653 -0.031885 0.004089
v -0.074090 0.049506 0.102563
v 0.088522 -0.008719 0.129331
v 0.088522 -0.008719 0.129331
v -0.082325 0.034100 0.102563
v -0.087045 0.019731 0.099533
v -0.089108 0.000000 0.102563
v -0.089108 0.000000 0.102563
v -0.064727 -0.019635 0.004089
v -0.067314 -0.006630 0.004089
v -0.017384 0.087396 0.102563
v 0.077495 0.000000 0.035968
v 0.077495 0.000000 0.035968
v -0.007831 -0.079512 0.024961
v -0.034100 0.082325 0.102563
v -0.023193 -0.076457 0.024961
v -0.037663 -0.070463 0.024961
v 0.000000 -0.087825 0.126413
v 0.017134 -0.086137 0.126413
v 0.033609 -0.081140 0.126413
v 0.000000 0.077495 0.035968
v 0.015119 0.076006 0.035968
v 0.048793 -0.073024 0.126413
v 0.062102 -0.062101 0.126413
v 0.029656 0.071596 0.035968
v -0.008486 0.086160 0.122286
v 0.073024 -0.048793 0.126413
v 0.043054 0.064435 0.035968
v -0.025132 0.082849 0.122286
v 0.081140 -0.033609 0.126413
v 0.054797 0.054797 0.035968
v 0.064435 0.043054 0.035968
v 0.086137 -0.017134 0.126413
v 0.071596 0.029656 0.035968
v 0.076006 0.015119 0.035968
v 0.008266 0.083926 0.079118
v 0.024480 0.080701 0.079118
v 0.039754 0.074374 0.079118
v 0.053500 0.065190 0.079118
v 0.065190 0.053500 0.079118
v 0.074374 0.039754 0.079118
v 0.080701 0.024480 0.079118
v 0.083926 0.008266 0.079118
v -0.040812 0.076354 0.122286
v -0.054924 0.066925 0.122286
v -0.066925 0.054924 0.122286
v 0.000000 -0.087908 0.053223
v 0.017561 -0.088283 0.070594
v 0.034446 -0.083160 0.070594
v 0.050008 -0.074842 0.070594
v -0.076354 0.040812 0.122286
v -0.082849 0.025132 0.122286
v 0.063648 -0.063648 0.070594
v -0.086160 0.008486 0.122286
v 0.074842 -0.050008 0.070594
v 0.083160 -0.034446 0.070594
v 0.087610 -0.020594 0.073856
v -0.050686 -0.061761 0.024961
v -0.061761 -0.050686 0.024961
v -0.070463 -0.037663 0.024961
v -0.076457 -0.023193 0.024961
v -0.079512 -0.007831 0.024961
v -0.080320 0.033269 0.116543
v -0.085267 0.016961 0.116543
v -0.086937 0.000000 0.116543
v -0.086937 0.000000 0.116543
v 0.000000 0.084149 0.070951
v 0.016024 0.080558 0.054295
v -0.008410 -0.085387 0.043963
v 0.031432 0.075884 0.054295
v -0.024906 -0.082106 0.043963
v -0.040446 -0.075669 0.043963
v 0.045632 0.068293 0.054295
v -0.054431 -0.066324 0.043963
v -0.066324 -0.054431 0.043963
v 0.058079 0.058079 0.054295
v -0.075669 -0.040446 0.043963
v 0.068293 0.045632 0.054295
v -0.082106 -0.024906 0.043963
v 0.075884 0.031432 0.054295
v -0.085387 -0.008410 0.043963
v 0.080558 0.016024 0.054295
v 0.082136 0.000000 0.054295
v 0.082136 0.000000 0.054295
v -0.016961 0.085267 0.116543
v 0.088873 -0.008753 0.061965
v -0.033269 0.080320 0.116543
v 0.085457 -0.025923 0.061965
v 0.008218 0.083440 0.094658
v 0.024338 0.080233 0.094658
v 0.039524 0.073943 0.094658
v 0.053190 0.064812 0.094658
v 0.064812 0.053190 0.094658
v 0.073943 0.039524 0.094658
v 0.080233 0.024338 0.094658
v 0.083440 0.008218 0.094658
v 0.078758 -0.042097 0.061965
v 0.069032 -0.056653 0.061965
v 0.056653 -0.069032 0.061965
v -0.048300 0.072286 0.116543
v 0.042097 -0.078758 0.061965
v -0.061474 0.061474 0.116543
v -0.072286 0.048300 0.116543
v -0.008719 0.088522 0.129331
v -0.008719 0.088522 0.129331
v -0.025821 0.085120 0.129331
v -0.025821 0.085120 0.129331
v -0.041931 0.078447 0.129331
v -0.041931 0.078447 0.129331
v -0.056430 0.068760 0.129331
v -0.056430 0.068760 0.129331
v -0.068760 0.056430 0.129331
v -0.068760 0.056430 0.129331
v -0.078447 0.041931 0.129331
v -0.078447 0.041931 0.129331
v -0.085120 0.025821 0.129331
v -0.085120 0.025821 0.129331
v 0.025923 -0.085457 0.061965
v -0.088522 0.008719 0.129331
v -0.088522 0.008719 0.129331
v 0.008753 -0.088873 0.061965
v -0.016200 -0.081445 0.034059
v 0.007213 -0.073236 0.012689
v 0.021362 -0.070421 0.012689
v 0.034690 -0.064901 0.012689
v 0.000000 0.084204 0.087053
v 0.016427 0.082586 0.087053
v 0.046685 -0.056886 0.012689
v 0.056886 -0.046685 0.012689
v 0.032223 0.077794 0.087053
v 0.064901 -0.034690 0.012689
v 0.070421 -0.021362 0.012689
v 0.046781 0.070013 0.087053
v 0.073236 -0.007213 0.012689
v 0.059541 0.059541 0.087053
v -0.031778 -0.076719 0.034059
v -0.046135 -0.069046 0.034059
v 0.070013 0.046781 0.087053
v -0.058718 -0.058718 0.034059
v 0.077794 0.032223 0.087053
v 0.082586 0.016427 0.087053
v 0.084204 0.000000 0.087053
v 0.084204 0.000000 0.087053
v -0.069046 -0.046135 0.034059
v -0.076719 -0.031778 0.034059
v -0.081445 -0.016200 0.034059
v -0.008842 -0.089775 0.079064
v -0.026187 -0.086325 0.079064
v -0.042525 -0.079558 0.079064
v -0.057229 -0.069733 0.079064
v 0.014958 -0.075200 0.018030
v 0.000000 -0.076674 0.018030
v 0.008072 0.081958 0.109266
v 0.023906 0.078808 0.109266
v 0.038821 0.072630 0.109266
v 0.052245 0.063661 0.109266
v 0.063661 0.052245 0.109266
v 0.072630 0.038821 0.109266
v 0.078808 0.023906 0.109266
v 0.081958 0.008072 0.109266
v 0.000000 -0.070770 0.008025
v -0.069733 -0.057229 0.079064
v -0.078721 -0.043921 0.079064
v 0.013807 -0.069410 0.008025
v 0.027083 -0.065383 0.008025
v 0.029342 -0.070837 0.018030
v 0.039318 -0.058843 0.008025
v -0.017134 0.086137 0.126413
v -0.087336 -0.026227 0.080176
v 0.042598 -0.063752 0.018030
v 0.050042 -0.050042 0.008025
v 0.054216 -0.054216 0.018030
v 0.058843 -0.039318 0.008025
v 0.063752 -0.042598 0.018030
v 0.065383 -0.027083 0.008025
v 0.070837 -0.029342 0.018030
v 0.069410 -0.013807 0.008025
v -0.089775 -0.008842 0.079064
v -0.033609 0.081140 0.126413
v 0.046263 0.069237 0.101936
v 0.058881 0.058881 0.101936
v -0.048793 0.073024 0.126413
v -0.062102 0.062101 0.126413
v -0.073024 0.048793 0.126413
v -0.081140 0.033609 0.126413
v 0.069237 0.046263 0.101936
v 0.000000 0.083271 0.101936
v 0.076932 0.031866 0.101936
v -0.086137 0.017134 0.126413
v 0.081671 0.016245 0.101936
v 0.083271 0.000000 0.101936
v 0.083271 0.000000 0.101936
v -0.087825 0.000000 0.126413
v -0.087825 0.000000 0.126413
v 0.075200 -0.014958 0.018030
v -0.017561 0.088283 0.070594
v -0.034446 0.083160 0.070594
v -0.050008 0.074842 0.070594
v -0.063648 0.063648 0.070594
v -0.017150 -0.086219 0.053223
v -0.074842 0.050008 0.070594
v 0.016245 0.081671 0.101936
v -0.083160 0.034446 0.070594
v -0.087610 0.020594 0.073856
v 0.031866 0.076932 0.101936
v -0.033641 -0.081217 0.053223
v 0.007947 0.080686 0.123757
v 0.023535 0.077586 0.123757
v 0.038219 0.071503 0.123757
v 0.051435 0.062673 0.123757
v 0.062673 0.051435 0.123757
v 0.071503 0.038219 0.123757
v 0.077586 0.023535 0.123757
v 0.080686 0.007947 0.123757
v -0.090012 0.000000 0.070594
v -0.090012 0.000000 0.070594
v -0.048839 -0.073093 0.053223
v -0.088873 0.008753 0.061965
v -0.085457 0.025923 0.061965
v 0.005646 -0.057326 0.000000
v 0.005646 -0.057326 0.000000
v 0.016721 -0.055123 0.000000
v 0.016721 -0.055123 0.000000
v 0.027154 -0.050801 0.000000
v 0.027154 -0.050801 0.000000
v 0.036543 -0.044528 0.000000
v 0.036543 -0.044528 0.000000
v 0.044528 -0.036543 0.000000
v 0.044528 -0.036543 0.000000
v 0.050801 -0.027154 0.000000
v 0.050801 -0.027154 0.000000
v 0.055123 -0.016721 0.000000
v 0.055123 -0.016721 0.000000
v -0.062161 -0.062161 0.053223
v -0.078758 0.042097 0.061965
v -0.073093 -0.048839 0.053223
v -0.081217 -0.033641 0.053223
v -0.069032 0.056653 0.061965
v -0.086219 -0.017150 0.053223
v 0.057326 -0.005646 0.000000
v 0.057326 -0.005646 0.000000
v -0.056653 0.069032 0.061965
v -0.042097 0.078758 0.061965
v -0.008793 -0.089276 0.095076
v 0.075028 0.031078 0.116843
v 0.079649 0.015843 0.116843
v -0.025923 0.085457 0.061965
v -0.026041 -0.085845 0.095076
v 0.081210 0.000000 0.116843
v 0.081210 0.000000 0.116843
v -0.008753 0.088873 0.061965
v -0.042288 -0.079116 0.095076
v -0.007213 0.073236 0.012689
v -0.021362 0.070421 0.012689
v 0.012264 -0.061654 0.001813
v 0.000000 -0.062862 0.001813
v 0.024056 -0.058077 0.001813
v 0.034924 -0.052268 0.001813
v 0.000000 0.081210 0.116843
v 0.015843 0.079649 0.116843
v -0.034690 0.064901 0.012689
v 0.044450 -0.044450 0.001813
v 0.031078 0.075028 0.116843
v 0.045118 0.067523 0.116843
v -0.046685 0.056886 0.012689
v 0.057424 0.057424 0.116843
v 0.052268 -0.034924 0.001813
v 0.058077 -0.024056 0.001813
v 0.067523 0.045118 0.116843
v -0.056886 0.046685 0.012689
v 0.008411 0.085396 0.131555
v 0.024909 0.082115 0.131555
v 0.040450 0.075677 0.131555
v 0.054437 0.066332 0.131555
v 0.066332 0.054437 0.131555
v 0.075677 0.040450 0.131555
v 0.082115 0.024909 0.131555
v 0.085396 0.008411 0.131555
v 0.061654 -0.012264 0.001813
v -0.064901 0.034690 0.012689
v -0.070421 0.021362 0.012689
v -0.073236 0.007213 0.012689
v -0.056910 -0.069345 0.095076
v -0.069345 -0.056910 0.095076
v -0.079116 -0.042288 0.095076
v -0.089276 -0.008793 0.095076
v 0.006274 -0.063706 0.008620
v 0.018582 -0.061257 0.008620
v -0.017574 -0.088351 0.087240
v -0.034473 -0.083225 0.087240
v 0.030176 -0.056455 0.008620
v -0.014958 0.075200 0.018030
v 0.040610 -0.049483 0.008620
v 0.049483 -0.040610 0.008620
v 0.056455 -0.030176 0.008620
v 0.061257 -0.018582 0.008620
v -0.013807 0.069410 0.008025
v -0.027083 0.065383 0.008025
v -0.029342 0.070837 0.018030
v -0.039318 0.058843 0.008025
v -0.042598 0.063752 0.018030
v -0.050042 0.050042 0.008025
v 0.063706 -0.006274 0.008620
v -0.054216 0.054216 0.018030
v 0.000000 0.082963 0.128908
v 0.016185 0.081369 0.128908
v -0.058843 0.039318 0.008025
v -0.063752 0.042598 0.018030
v 0.031749 0.076648 0.128908
v -0.065383 0.027083 0.008025
v 0.046092 0.068981 0.128908
v -0.070837 0.029342 0.018030
v 0.007304 -0.074155 0.027303
v 0.058664 0.058664 0.128908
v 0.021630 -0.071305 0.027303
v 0.068981 0.046092 0.128908
v 0.035126 -0.065716 0.027303
v 0.076648 0.031749 0.128908
v 0.047271 -0.057600 0.027303
v 0.081369 0.016185 0.128908
v 0.057600 -0.047271 0.027303
v 0.082963 0.000000 0.128908
v 0.082963 0.000000 0.128908
v 0.065716 -0.035126 0.027303
v 0.071305 -0.021630 0.027303
v 0.074155 -0.007304 0.027303
v -0.069410 0.013807 0.008025
v -0.075200 0.014958 0.018030
v -0.070770 0.000000 0.008025
v -0.070770 0.000000 0.008025
v 0.000000 0.082136 0.054295
v 0.016417 0.082532 0.070951
v -0.076674 0.000000 0.018030
v -0.076674 0.000000 0.018030
v -0.050047 -0.074901 0.087240
v 0.032203 0.077744 0.070951
v -0.063698 -0.063698 0.087240
v -0.074901 -0.050047 0.087240
v 0.046751 0.069968 0.070951
v -0.088351 -0.017574 0.087240
v -0.008640 -0.087728 0.109747
v 0.059502 0.059502 0.070951
v 0.069968 0.046751 0.070951
v -0.025589 -0.084357 0.109747
v 0.077744 0.032203 0.070951
v -0.041555 -0.077744 0.109747
v 0.082532 0.016417 0.070951
v 0.007853 -0.079734 0.045433
v 0.084149 0.000000 0.070951
v 0.084149 0.000000 0.070951
v -0.055923 -0.068143 0.109747
v 0.023258 -0.076670 0.045433
v -0.068143 -0.055923 0.109747
v -0.077744 -0.041555 0.109747
v -0.084357 -0.025589 0.109747
v 0.037768 -0.070660 0.045433
v 0.050828 -0.061934 0.045433
v 0.061934 -0.050828 0.045433
v 0.070660 -0.037768 0.045433
v 0.083071 0.008182 0.062670
v 0.076670 -0.023258 0.045433
v 0.079878 0.024231 0.062670
v 0.079735 -0.007853 0.045433
v 0.073616 0.039349 0.062670
v -0.087728 -0.008640 0.109747
v -0.005646 0.057326 0.000000
v -0.005646 0.057326 0.000000
v 0.064525 0.052955 0.062670
v -0.016721 0.055123 0.000000
v -0.016721 0.055123 0.000000
v -0.027154 0.050801 0.000000
v -0.027154 0.050801 0.000000
v 0.052955 0.064525 0.062670
v -0.036543 0.044528 0.000000
v -0.036543 0.044528 0.000000
v -0.044528 0.036543 0.000000
v -0.044528 0.036543 0.000000
v 0.039349 0.073616 0.062670
v -0.050801 0.027154 0.000000
v -0.050801 0.027154 0.000000
v 0.024231 0.079878 0.062670
v -0.055123 0.016721 0.000000
v -0.055123 0.016721 0.000000
v 0.008182 0.083071 0.062670
v -0.057326 0.005646 0.000000
v -0.057326 0.005646 0.000000
v -0.049506 -0.074090 0.102563
v -0.063009 -0.063009 0.102563
v -0.074090 -0.049506 0.102563
v 0.006734 0.068375 0.015888
v 0.019944 0.065747 0.015888
v 0.032388 0.060593 0.015888
v 0.043586 0.053110 0.015888
v 0.053110 0.043586 0.015888
v 0.060593 0.032388 0.015888
v 0.065747 0.019944 0.015888
v 0.068375 0.006734 0.015888
v -0.082325 -0.034100 0.102563
v -0.087045 -0.019731 0.099533
v -0.012264 0.061654 0.001813
v -0.024056 0.058077 0.001813
v 0.000000 -0.077495 0.035968
v 0.015119 -0.076006 0.035968
v 0.029656 -0.071596 0.035968
v 0.043054 -0.064435 0.035968
v 0.054797 -0.054797 0.035968
v -0.034924 0.052268 0.001813
v 0.064435 -0.043054 0.035968
v -0.044450 0.044450 0.001813
v -0.052268 0.034924 0.001813
v 0.071596 -0.029656 0.035968
v -0.058077 0.024056 0.001813
v 0.013945 0.070107 0.020768
v 0.000000 0.071481 0.020768
v 0.000000 0.066390 0.011849
v 0.012952 0.065115 0.011849
v -0.061654 0.012264 0.001813
v -0.062862 0.000000 0.001813
v -0.062862 0.000000 0.001813
v 0.025407 0.061337 0.011849
v 0.027354 0.066040 0.020768
v 0.036885 0.055202 0.011849
v 0.039713 0.059434 0.020768
v 0.046945 0.046945 0.011849
v 0.050545 0.050545 0.020768
v 0.055202 0.036885 0.011849
v 0.059434 0.039713 0.020768
v 0.061337 0.025407 0.011849
v 0.066040 0.027354 0.020768
v 0.065115 0.012952 0.011849
v 0.070107 0.013945 0.020768
v 0.066390 0.000000 0.011849
v 0.066390 0.000000 0.011849
v 0.071481 0.000000 0.020768
v 0.071481 0.000000 0.020768
v -0.017384 -0.087396 0.102563
v -0.034100 -0.082325 0.102563
v -0.008486 -0.086160 0.122286
v -0.025132 -0.082849 0.122286
v -0.040812 -0.076354 0.122286
v 0.076006 -0.015119 0.035968
v 0.008266 -0.083926 0.079118
v 0.024480 -0.080701 0.079118
v 0.039754 -0.074374 0.079118
v 0.053500 -0.065190 0.079118
v 0.065190 -0.053500 0.079118
v 0.074374 -0.039754 0.079118
v 0.080701 -0.024480 0.079118
v -0.054924 -0.066925 0.122286
v -0.066925 -0.054924 0.122286
v -0.076354 -0.040812 0.122286
v 0.083926 -0.008266 0.079118
v -0.082849 -0.025132 0.122286
v -0.006274 0.063706 0.008620
v -0.018582 0.061257 0.008620
v -0.030176 0.056455 0.008620
v -0.040610 0.049483 0.008620
v -0.049483 0.040610 0.008620
v -0.056455 0.030176 0.008620
v -0.061257 0.018582 0.008620
v -0.063706 0.006274 0.008620
v -0.086160 -0.008486 0.122286
v -0.007304 0.074155 0.027303
v -0.021630 0.071305 0.027303
v -0.035126 0.065716 0.027303
v -0.047271 0.057600 0.027303
v -0.057600 0.047271 0.027303
v -0.065716 0.035126 0.027303
v -0.071305 0.021630 0.027303
v 0.005547 0.056317 0.005836
v 0.005547 0.056317 0.005836
v 0.016427 0.054153 0.005836
v 0.016427 0.054153 0.005836
v 0.026676 0.049908 0.005836
v 0.026676 0.049908 0.005836
v 0.035900 0.043744 0.005836
v 0.035900 0.043744 0.005836
v 0.043744 0.035900 0.005836
v 0.043744 0.035900 0.005836
v 0.049908 0.026676 0.005836
v 0.049908 0.026676 0.005836
v 0.054153 0.016427 0.005836
v 0.054153 0.016427 0.005836
v 0.056317 0.005547 0.005836
v 0.056317 0.005547 0.005836
v 0.000000 -0.084149 0.070951
v 0.016024 -0.080558 0.054295
v -0.074155 0.007304 0.027303
v 0.031432 -0.075884 0.054295
v 0.045632 -0.068293 0.054295
v -0.080320 -0.033269 0.116543
v 0.058079 -0.058079 0.054295
v 0.068293 -0.045632 0.054295
v -0.085267 -0.016961 0.116543
v 0.075884 -0.031432 0.054295
v 0.080558 -0.016024 0.054295
v 0.008218 -0.083440 0.094658
v -0.016961 -0.085267 0.116543
v 0.024338 -0.080233 0.094658
v -0.033269 -0.080320 0.116543
v 0.039524 -0.073943 0.094658
v 0.053190 -0.064812 0.094658
v 0.064812 -0.053190 0.094658
v 0.011798 0.059314 0.007005
v 0.000000 0.060476 0.007005
v 0.023143 0.055872 0.007005
v 0.033598 0.050284 0.007005
v 0.042763 0.042763 0.007005
v 0.050284 0.033598 0.007005
v 0.055872 0.023143 0.007005
v 0.059314 0.011798 0.007005
v 0.060476 0.000000 0.007005
v 0.060476 0.000000 0.007005
v -0.048300 -0.072286 0.116543
v -0.061474 -0.061474 0.116543
v -0.072286 -0.048300 0.116543
v -0.008719 -0.088522 0.129331
v -0.008719 -0.088522 0.129331
v -0.025821 -0.085120 0.129331
v -0.025821 -0.085120 0.129331
v 0.073943 -0.039524 0.094658
v 0.080233 -0.024338 0.094658
v 0.083440 -0.008218 0.094658
v -0.007853 0.079734 0.045433
v -0.023258 0.076670 0.045433
v -0.037768 0.070660 0.045433
v -0.050828 0.061934 0.045433
v -0.061934 0.050828 0.045433
v -0.070660 0.037768 0.045433
v -0.076670 0.023258 0.045433
v -0.079735 0.007853 0.045433
v -0.041931 -0.078447 0.129331
v -0.041931 -0.078447 0.129331
v -0.056430 -0.068760 0.129331
v -0.056430 -0.068760 0.129331
v -0.068760 -0.056430 0.129331
v -0.068760 -0.056430 0.129331
v -0.078447 -0.041931 0.129331
v -0.078447 -0.041931 0.129331
v 0.017198 0.086458 0.131371
v 0.000000 0.088152 0.131371
v 0.033734 0.081441 0.131371
v 0.048974 0.073295 0.131371
v 0.062333 0.062333 0.131371
v 0.073295 0.048974 0.131371
v 0.081441 0.033734 0.131371
v 0.086458 0.017198 0.131371
v 0.088152 0.000000 0.131371
v 0.088152 0.000000 0.131371
v -0.085120 -0.025821 0.129331
v -0.085120 -0.025821 0.129331
v -0.088522 -0.008719 0.129331
v -0.088522 -0.008719 0.129331
v 0.000000 -0.084204 0.087053
v -0.077495 0.000000 0.035968
v -0.077495 0.000000 0.035968
v 0.016427 -0.082586 0.087053
v 0.032223 -0.077794 0.087053
v -0.017134 -0.086137 0.126413
v -0.033609 -0.081140 0.126413
v -0.015119 0.076006 0.035968
v 0.046781 -0.070013 0.087053
v -0.048793 -0.073024 0.126413
v 0.059541 -0.059541 0.087053
v -0.062102 -0.062101 0.126413
v 0.070013 -0.046781 0.087053
v 0.077794 -0.032223 0.087053
v 0.082586 -0.016427 0.087053
v -0.029656 0.071596 0.035968
v 0.022257 0.073372 0.018030
v 0.036144 0.067620 0.018030
v 0.048641 0.059269 0.018030
v 0.059269 0.048641 0.018030
v 0.067620 0.036144 0.018030
v 0.073372 0.022257 0.018030
v 0.076304 0.007515 0.018030
v -0.073024 -0.048793 0.126413
v -0.043054 0.064435 0.035968
v -0.081140 -0.033609 0.126413
v -0.054797 0.054797 0.035968
v -0.064435 0.043054 0.035968
v -0.086137 -0.017134 0.126413
v 0.008072 -0.081958 0.109266
v 0.023906 -0.078808 0.109266
v 0.038821 -0.072630 0.109266
v 0.052245 -0.063661 0.109266
v 0.063661 -0.052245 0.109266
v 0.072630 -0.038821 0.109266
v 0.078808 -0.023906 0.109266
v 0.081958 -0.008072 0.109266
v -0.071596 0.029656 0.035968
v -0.076006 0.015119 0.035968
v -0.008266 0.083926 0.079118
v -0.024480 0.080701 0.079118
v -0.039754 0.074374 0.079118
v -0.053500 0.065190 0.079118
v -0.065190 0.053500 0.079118
v 0.062413 0.033361 0.008025
v -0.074374 0.039754 0.079118
v -0.080701 0.024480 0.079118
v 0.067723 0.020543 0.008025
v -0.083926 0.008266 0.079118
v 0.020543 0.067723 0.008025
v 0.033361 0.062413 0.008025
v -0.017561 -0.088283 0.070594
v -0.034446 -0.083160 0.070594
v 0.070429 0.006937 0.008025
v -0.050008 -0.074842 0.070594
v -0.063648 -0.063648 0.070594
v 0.044896 0.054706 0.008025
v -0.074842 -0.050008 0.070594
v -0.083160 -0.034446 0.070594
v 0.046263 -0.069237 0.101936
v 0.058881 -0.058881 0.101936
v 0.054706 0.044896 0.008025
v -0.087610 -0.020594 0.073856
v -0.016024 0.080558 0.054295
v -0.031432 0.075884 0.054295
v -0.045632 0.068293 0.054295
v -0.058079 0.058079 0.054295
v -0.068293 0.045632 0.054295
v -0.075884 0.031432 0.054295
v 0.069237 -0.046263 0.101936
v 0.000000 -0.083271 0.101936
v -0.080558 0.016024 0.054295
v 0.076932 -0.031866 0.101936
v 0.008139 0.082640 0.034059
v -0.082136 0.000000 0.054295
v -0.082136 0.000000 0.054295
v -0.088873 -0.008753 0.061965
v 0.024105 0.079464 0.034059
v -0.085457 -0.025923 0.061965
v 0.039145 0.073235 0.034059
v 0.081671 -0.016245 0.101936
v 0.052680 0.064191 0.034059
v -0.008218 0.083440 0.094658
v 0.016245 -0.081671 0.101936
v 0.064191 0.052680 0.034059
v 0.031866 -0.076932 0.101936
v 0.007947 -0.080686 0.123757
v 0.073235 0.039145 0.034059
v 0.023535 -0.077586 0.123757
v 0.079464 0.024105 0.034059
v 0.038219 -0.071503 0.123757
v 0.082640 0.008139 0.034059
v 0.008830 0.089648 0.087240
v 0.051435 -0.062673 0.123757
v -0.024338 0.080233 0.094658
v 0.062673 -0.051435 0.123757
v 0.071503 -0.038219 0.123757
v 0.008823 0.089578 0.070594
v -0.039524 0.073943 0.094658
v 0.077586 -0.023535 0.123757
v 0.026129 0.086136 0.070594
v 0.080686 -0.007947 0.123757
v 0.042431 0.079383 0.070594
v -0.053190 0.064812 0.094658
v -0.064812 0.053190 0.094658
v 0.057103 0.069580 0.070594
v -0.073943 0.039524 0.094658
v -0.080233 0.024338 0.094658
v 0.069580 0.057103 0.070594
v -0.083440 0.008218 0.094658
v -0.078758 -0.042097 0.061965
v 0.080344 0.040665 0.073609
v -0.069032 -0.056653 0.061965
v 0.086136 0.026129 0.070594
v -0.056653 -0.069032 0.061965
v 0.089578 0.008823 0.070594
v -0.042097 -0.078758 0.061965
v -0.025923 -0.085457 0.061965
v -0.008753 -0.088873 0.061965
v 0.075028 -0.031078 0.116843
v 0.056529 0.068881 0.102563
v -0.007213 -0.073236 0.012689
v 0.079649 -0.015843 0.116843
v 0.026149 0.086203 0.087240
v -0.021362 -0.070421 0.012689
v 0.042464 0.079445 0.087240
v -0.034690 -0.064901 0.012689
v 0.057147 0.069634 0.087240
v 0.069634 0.057147 0.087240
v 0.000000 -0.081210 0.116843
v 0.078042 0.044805 0.087240
v 0.015843 -0.079649 0.116843
v 0.089648 0.008830 0.087240
v 0.031078 -0.075028 0.116843
v -0.016427 0.082586 0.087053
v 0.045118 -0.067523 0.116843
v -0.046685 -0.056886 0.012689
v -0.056886 -0.046685 0.012689
v -0.032223 0.077794 0.087053
v 0.083193 0.025236 0.116543
v -0.064901 -0.034690 0.012689
v -0.070421 -0.021362 0.012689
v 0.068881 0.056529 0.102563
v -0.046781 0.070013 0.087053
v 0.080071 0.039483 0.099208
v 0.057424 -0.057424 0.116843
v 0.085271 0.025867 0.102563
v 0.067523 -0.045118 0.116843
v 0.088678 0.008734 0.102563
v -0.073236 -0.007213 0.012689
v 0.008411 -0.085396 0.131555
v 0.024909 -0.082115 0.131555
v 0.040450 -0.075677 0.131555
v 0.054437 -0.066332 0.131555
v 0.066332 -0.054437 0.131555
v 0.075677 -0.040450 0.131555
v 0.082115 -0.024909 0.131555
v -0.059541 0.059541 0.087053
v 0.085396 -0.008411 0.131555
v 0.008734 0.088678 0.102563
v -0.070013 0.046781 0.087053
v -0.077794 0.032223 0.087053
v 0.025867 0.085270 0.102563
v -0.082586 0.016427 0.087053
v -0.084204 0.000000 0.087053
v -0.084204 0.000000 0.087053
v 0.042005 0.078586 0.102563
v -0.014958 -0.075200 0.018030
v 0.086518 0.008521 0.116543
v -0.008072 0.081958 0.109266
v -0.023906 0.078808 0.109266
v -0.038821 0.072630 0.109266
v -0.052245 0.063661 0.109266
v -0.063661 0.052245 0.109266
v -0.072630 0.038821 0.109266
v -0.078808 0.023906 0.109266
v -0.081958 0.008072 0.109266
v -0.013807 -0.069410 0.008025
v -0.027083 -0.065383 0.008025
v 0.008521 0.086518 0.116543
v 0.025236 0.083193 0.116543
v -0.029342 -0.070837 0.018030
v -0.039318 -0.058843 0.008025
v 0.040982 0.076671 0.116543
v -0.042598 -0.063752 0.018030
v -0.050042 -0.050042 0.008025
v 0.055152 0.067203 0.116543
v -0.054216 -0.054216 0.018030
v -0.058843 -0.039318 0.008025
v 0.067203 0.055152 0.116543
v -0.063752 -0.042598 0.018030
v -0.065383 -0.027083 0.008025
v 0.076672 0.040982 0.116543
v -0.070837 -0.029342 0.018030
v 0.000000 -0.082963 0.128908
v 0.016185 -0.081369 0.128908
v 0.031749 -0.076648 0.128908
v 0.046092 -0.068981 0.128908
v 0.058664 -0.058664 0.128908
v 0.068981 -0.046092 0.128908
v 0.076648 -0.031749 0.128908
v 0.008608 0.087402 0.126413
v 0.081369 -0.016185 0.128908
v 0.025494 0.084043 0.126413
v -0.069410 -0.013807 0.008025
v -0.046263 0.069237 0.101936
v 0.041400 0.077454 0.126413
v 0.000000 -0.082136 0.054295
v 0.016417 -0.082532 0.070951
v 0.055715 0.067889 0.126413
v -0.058881 0.058881 0.101936
v 0.067889 0.055715 0.126413
v -0.069237 0.046263 0.101936
v 0.032203 -0.077744 0.070951
v 0.077454 0.041400 0.126413
v 0.084043 0.025494 0.126413
v -0.076932 0.031866 0.101936
v 0.087402 0.008608 0.126413
v -0.081671 0.016245 0.101936
v 0.046751 -0.069968 0.070951
v -0.083271 0.000000 0.101936
v -0.083271 0.000000 0.101936
v -0.075200 -0.014958 0.018030
v -0.016245 0.081671 0.101936
v -0.031866 0.076932 0.101936
v -0.007947 0.080686 0.123757
v 0.087485 0.008617 0.053223
v -0.023535 0.077586 0.123757
v 0.084123 0.025518 0.053223
v -0.038219 0.071503 0.123757
v 0.077528 0.041440 0.053223
v 0.059502 -0.059502 0.070951
v 0.069968 -0.046751 0.070951
v 0.067954 0.055768 0.053223
v 0.077744 -0.032203 0.070951
v 0.055768 0.067954 0.053223
v 0.082532 -0.016417 0.070951
v 0.041440 0.077528 0.053223
v -0.051435 0.062673 0.123757
v 0.025518 0.084123 0.053223
v -0.062673 0.051435 0.123757
v -0.071503 0.038219 0.123757
v 0.008617 0.087485 0.053223
v -0.077586 0.023535 0.123757
v 0.083071 -0.008182 0.062670
v 0.079878 -0.024231 0.062670
v 0.073616 -0.039349 0.062670
v 0.064525 -0.052955 0.062670
v -0.080686 0.007947 0.123757
v 0.007515 0.076304 0.018030
v 0.006162 0.062559 0.001813
v 0.018248 0.060155 0.001813
v 0.029633 0.055439 0.001813
v 0.039879 0.048593 0.001813
v 0.048593 0.039879 0.001813
v 0.055439 0.029633 0.001813
v 0.060155 0.018248 0.001813
v 0.062559 0.006162 0.001813
v -0.005646 -0.057326 0.000000
v -0.005646 -0.057326 0.000000
v 0.052955 -0.064525 0.062670
v -0.016721 -0.055123 0.000000
v -0.016721 -0.055123 0.000000
v -0.027154 -0.050801 0.000000
v -0.027154 -0.050801 0.000000
v -0.036543 -0.044528 0.000000
v -0.036543 -0.044528 0.000000
v -0.044528 -0.036543 0.000000
v -0.044528 -0.036543 0.000000
v -0.050801 -0.027154 0.000000
v -0.050801 -0.027154 0.000000
v -0.055123 -0.016721 0.000000
v -0.055123 -0.016721 0.000000
v -0.057326 -0.005646 0.000000
v -0.057326 -0.005646 0.000000
v -0.075028 0.031078 0.116843
v -0.079649 0.015843 0.116843
v -0.081210 0.000000 0.116843
v -0.081210 0.000000 0.116843
v 0.039349 -0.073616 0.062670
v 0.024231 -0.079878 0.062670
v -0.012264 -0.061654 0.001813
v -0.024056 -0.058077 0.001813
v -0.034924 -0.052268 0.001813
v -0.015843 0.079649 0.116843
v 0.000000 0.000000 0.000000
v 0.006937 0.070429 0.008025
v 0.020750 0.068403 0.020768
v 0.033696 0.063040 0.020768
v 0.045347 0.055255 0.020768
v 0.055255 0.045347 0.020768
v 0.063040 0.033696 0.020768
v 0.068403 0.020750 0.020768
v 0.071136 0.007006 0.020768
v 0.008182 -0.083071 0.062670
v 0.006734 -0.068375 0.015888
v 0.019944 -0.065747 0.015888
v 0.032388 -0.060593 0.015888
v 0.043586 -0.053110 0.015888
v 0.053110 -0.043586 0.015888
v 0.060593 -0.032388 0.015888
v 0.065747 -0.019944 0.015888
v -0.044450 -0.044450 0.001813
v -0.031078 0.075028 0.116843
v 0.068375 -0.006734 0.015888
v -0.045118 0.067523 0.116843
v -0.057424 0.057424 0.116843
v -0.052268 -0.034924 0.001813
v -0.058077 -0.024056 0.001813
v -0.067523 0.045118 0.116843
v 0.013945 -0.070107 0.020768
v 0.000000 -0.071481 0.020768
v 0.000000 -0.066390 0.011849
v 0.012952 -0.065115 0.011849
v -0.008411 0.085396 0.131555
v 0.025407 -0.061337 0.011849
v 0.027354 -0.066040 0.020768
v 0.036885 -0.055202 0.011849
v 0.058551 0.031296 0.011849
v -0.024909 0.082115 0.131555
v -0.040450 0.075677 0.131555
v -0.054437 0.066332 0.131555
v 0.063531 0.019272 0.011849
v -0.066332 0.054437 0.131555
v -0.075677 0.040450 0.131555
v 0.019272 0.063531 0.011849
v 0.031296 0.058551 0.011849
v 0.039713 -0.059434 0.020768
v 0.046945 -0.046945 0.011849
v 0.050545 -0.050545 0.020768
v 0.066070 0.006507 0.011849
v 0.055202 -0.036885 0.011849
v 0.042117 0.051320 0.011849
v 0.059434 -0.039713 0.020768
v -0.082115 0.024909 0.131555
v -0.085396 0.008411 0.131555
v 0.061337 -0.025407 0.011849
v -0.061654 -0.012264 0.001813
v -0.006274 -0.063706 0.008620
v 0.051320 0.042117 0.011849
v -0.018582 -0.061257 0.008620
v 0.066040 -0.027354 0.020768
v 0.065115 -0.012952 0.011849
v -0.030176 -0.056455 0.008620
v 0.070107 -0.013945 0.020768
v -0.040610 -0.049483 0.008620
v -0.049483 -0.040610 0.008620
v -0.056455 -0.030176 0.008620
v -0.061257 -0.018582 0.008620
v -0.063706 -0.006274 0.008620
v 0.007596 0.077122 0.035968
v -0.016185 0.081369 0.128908
v 0.022496 0.074158 0.035968
v -0.031749 0.076648 0.128908
v -0.046092 0.068981 0.128908
v 0.036531 0.068344 0.035968
v -0.007304 -0.074155 0.027303
v -0.058664 0.058664 0.128908
v 0.049162 0.059904 0.035968
v -0.021630 -0.071305 0.027303
v -0.068981 0.046092 0.128908
v 0.059904 0.049162 0.035968
v -0.035126 -0.065716 0.027303
v -0.076648 0.031749 0.128908
v 0.068345 0.036531 0.035968
v -0.047271 -0.057600 0.027303
v 0.074158 0.022496 0.035968
v -0.081369 0.016185 0.128908
v 0.077122 0.007596 0.035968
v 0.008253 0.083798 0.087053
v -0.057600 -0.047271 0.027303
v -0.082963 0.000000 0.128908
v -0.082963 0.000000 0.128908
v -0.065716 -0.035126 0.027303
v -0.071305 -0.021630 0.027303
v -0.074155 -0.007304 0.027303
v 0.008248 0.083744 0.070951
v 0.024427 0.080525 0.070951
v 0.005547 -0.056317 0.005836
v 0.005547 -0.056317 0.005836
v 0.016427 -0.054153 0.005836
v 0.016427 -0.054153 0.005836
v 0.039668 0.074213 0.070951
v 0.026676 -0.049908 0.005836
v 0.026676 -0.049908 0.005836
v 0.035900 -0.043744 0.005836
v 0.035900 -0.043744 0.005836
v 0.053384 0.065048 0.070951
v 0.043744 -0.035900 0.005836
v 0.043744 -0.035900 0.005836
v 0.065048 0.053384 0.070951
v 0.049908 -0.026676 0.005836
v 0.049908 -0.026676 0.005836
v 0.054153 -0.016427 0.005836
v 0.054153 -0.016427 0.005836
v 0.074213 0.039668 0.070951
v 0.056317 -0.005547 0.005836
v 0.056317 -0.005547 0.005836
v 0.080525 0.024427 0.070951
v -0.016417 0.082532 0.070951
v 0.083744 0.008248 0.070951
v -0.032203 0.077744 0.070951
v -0.046751 0.069968 0.070951
v -0.059502 0.059502 0.070951
v -0.069968 0.046751 0.070951
v -0.077744 0.032203 0.070951
v -0.082532 0.016417 0.070951
v 0.052826 0.064369 0.101936
v -0.007853 -0.079734 0.045433
v -0.084149 0.000000 0.070951
v -0.084149 0.000000 0.070951
v 0.024443 0.080578 0.087053
v -0.023258 -0.076670 0.045433
v -0.037768 -0.070660 0.045433
v 0.039693 0.074261 0.087053
v 0.011798 -0.059314 0.007005
v -0.050828 -0.061934 0.045433
v 0.053418 0.065090 0.087053
v 0.000000 -0.060476 0.007005
v 0.023143 -0.055872 0.007005
v 0.065090 0.053418 0.087053
v 0.033598 -0.050284 0.007005
v 0.042763 -0.042763 0.007005
v 0.074261 0.039693 0.087053
v 0.050284 -0.033598 0.007005
v 0.080578 0.024443 0.087053
v -0.061934 -0.050828 0.045433
v 0.083798 0.008253 0.087053
v 0.055872 -0.023143 0.007005
v 0.059314 -0.011798 0.007005
v -0.070660 -0.037768 0.045433
v -0.083071 0.008182 0.062670
v -0.076670 -0.023258 0.045433
v -0.079878 0.024231 0.062670
v -0.079735 -0.007853 0.045433
v -0.073616 0.039349 0.062670
v -0.064525 0.052955 0.062670
v 0.077713 0.023574 0.116843
v -0.052955 0.064525 0.062670
v -0.039349 0.073616 0.062670
v 0.064369 0.052826 0.101936
v 0.073438 0.039253 0.101936
v -0.024231 0.079878 0.062670
v 0.079685 0.024172 0.101936
v 0.082869 0.008162 0.101936
v -0.008182 0.083071 0.062670
v 0.017198 -0.086458 0.131371
v 0.000000 -0.088152 0.131371
v -0.006734 0.068375 0.015888
v 0.033734 -0.081441 0.131371
v 0.048974 -0.073295 0.131371
v -0.019944 0.065747 0.015888
v 0.062333 -0.062333 0.131371
v 0.073295 -0.048974 0.131371
v 0.081441 -0.033734 0.131371
v 0.086458 -0.017198 0.131371
v 0.008162 0.082869 0.101936
v -0.032388 0.060593 0.015888
v 0.024172 0.079685 0.101936
v -0.043586 0.053110 0.015888
v 0.039253 0.073438 0.101936
v -0.053110 0.043586 0.015888
v -0.060593 0.032388 0.015888
v -0.065747 0.019944 0.015888
v 0.080818 0.007960 0.116843
v -0.068375 0.006734 0.015888
v -0.015119 -0.076006 0.035968
v -0.029656 -0.071596 0.035968
v -0.043054 -0.064435 0.035968
v -0.054797 -0.054797 0.035968
v -0.064435 -0.043054 0.035968
v -0.071596 -0.029656 0.035968
v -0.013945 0.070107 0.020768
v 0.007960 0.080818 0.116843
v -0.012952 0.065115 0.011849
v 0.023574 0.077713 0.116843
v 0.022257 -0.073372 0.018030
v 0.036144 -0.067620 0.018030
v 0.038282 0.071620 0.116843
v 0.048641 -0.059269 0.018030
v 0.059269 -0.048641 0.018030
v 0.051519 0.062776 0.116843
v 0.067620 -0.036144 0.018030
v 0.073372 -0.022257 0.018030
v 0.062776 0.051519 0.116843
v 0.076304 -0.007515 0.018030
v -0.025407 0.061337 0.011849
v 0.071620 0.038282 0.116843
v -0.027354 0.066040 0.020768
v -0.036885 0.055202 0.011849
v -0.039713 0.059434 0.020768
v 0.062413 -0.033361 0.008025
v -0.046945 0.046945 0.011849
v -0.050545 0.050545 0.020768
v 0.067723 -0.020543 0.008025
v -0.055202 0.036885 0.011849
v 0.020543 -0.067723 0.008025
v 0.008132 0.082563 0.128908
v 0.033361 -0.062413 0.008025
v -0.059434 0.039713 0.020768
v 0.024083 0.079390 0.128908
v -0.061337 0.025407 0.011849
v -0.066040 0.027354 0.020768
v 0.039108 0.073167 0.128908
v -0.065115 0.012952 0.011849
v -0.070107 0.013945 0.020768
v 0.052631 0.064131 0.128908
v -0.066390 0.000000 0.011849
v -0.066390 0.000000 0.011849
v -0.071481 0.000000 0.020768
v -0.071481 0.000000 0.020768
v 0.064131 0.052631 0.128908
v -0.076006 -0.015119 0.035968
v -0.008266 -0.083926 0.079118
v 0.073167 0.039108 0.128908
v 0.070429 -0.006937 0.008025
v 0.079390 0.024083 0.128908
v -0.024480 -0.080701 0.079118
v 0.082563 0.008132 0.128908
v 0.044896 -0.054706 0.008025
v 0.054706 -0.044896 0.008025
v -0.039754 -0.074374 0.079118
v -0.053500 -0.065190 0.079118
v -0.065190 -0.053500 0.079118
v -0.074374 -0.039754 0.079118
v -0.080701 -0.024480 0.079118
v 0.081740 0.008051 0.054295
v -0.083926 -0.008266 0.079118
v 0.078599 0.023843 0.054295
v -0.005547 0.056317 0.005836
v -0.005547 0.056317 0.005836
v 0.072437 0.038718 0.054295
v -0.016427 0.054153 0.005836
v -0.016427 0.054153 0.005836
v 0.008139 -0.082640 0.034059
v 0.063492 0.052106 0.054295
v -0.026676 0.049908 0.005836
v -0.026676 0.049908 0.005836
v -0.035900 0.043744 0.005836
v -0.035900 0.043744 0.005836
v 0.052106 0.063492 0.054295
v -0.043744 0.035900 0.005836
v -0.043744 0.035900 0.005836
v -0.049908 0.026676 0.005836
v -0.049908 0.026676 0.005836
v 0.038718 0.072437 0.054295
v 0.024105 -0.079464 0.034059
v 0.023843 0.078599 0.054295
v 0.039145 -0.073235 0.034059
v 0.052680 -0.064191 0.034059
v 0.008051 0.081740 0.054295
v 0.064191 -0.052680 0.034059
v -0.054153 0.016427 0.005836
v -0.054153 0.016427 0.005836
v -0.056317 0.005547 0.005836
v -0.056317 0.005547 0.005836
v 0.073235 -0.039145 0.034059
v 0.079464 -0.024105 0.034059
v 0.007006 0.071136 0.020768
v 0.005928 0.060184 0.007005
v 0.017555 0.057871 0.007005
v 0.028508 0.053334 0.007005
v 0.038365 0.046748 0.007005
v 0.046748 0.038365 0.007005
v 0.053334 0.028508 0.007005
v 0.057871 0.017555 0.007005
v 0.060184 0.005928 0.007005
v -0.016024 -0.080558 0.054295
v 0.082640 -0.008139 0.034059
v 0.008830 -0.089648 0.087240
v -0.031432 -0.075884 0.054295
v -0.045632 -0.068293 0.054295
v 0.008823 -0.089578 0.070594
v -0.058079 -0.058079 0.054295
v -0.068293 -0.045632 0.054295
v -0.075884 -0.031432 0.054295
v 0.026129 -0.086136 0.070594
v -0.080558 -0.016024 0.054295
v 0.042431 -0.079383 0.070594
v -0.008218 -0.083440 0.094658
v 0.057103 -0.069580 0.070594
v 0.069580 -0.057103 0.070594
v -0.024338 -0.080233 0.094658
v 0.080344 -0.040665 0.073609
v 0.086136 -0.026129 0.070594
v 0.089578 -0.008823 0.070594
v -0.039524 -0.073943 0.094658
v 0.056529 -0.068881 0.102563
v -0.053190 -0.064812 0.094658
v -0.064812 -0.053190 0.094658
v 0.000000 0.000000 0.005836
v 0.006507 0.066070 0.011849
v 0.008640 0.087727 0.131371
v 0.025589 0.084355 0.131371
v 0.041554 0.077742 0.131371
v 0.055923 0.068142 0.131371
v 0.068142 0.055923 0.131371
v 0.077742 0.041554 0.131371
v 0.084355 0.025589 0.131371
v 0.087727 0.008640 0.131371
v 0.026149 -0.086203 0.087240
v -0.011798 0.059314 0.007005
v -0.023143 0.055872 0.007005
v -0.033598 0.050284 0.007005
v -0.042763 0.042763 0.007005
v -0.050284 0.033598 0.007005
v -0.055872 0.023143 0.007005
v -0.059314 0.011798 0.007005
v -0.060476 0.000000 0.007005
v -0.060476 0.000000 0.007005
v 0.042464 -0.079445 0.087240
v -0.073943 -0.039524 0.094658
v -0.080233 -0.024338 0.094658
v -0.083440 -0.008218 0.094658
v -0.017198 0.086458 0.131371
v 0.057147 -0.069634 0.087240
v 0.069634 -0.057147 0.087240
v -0.033734 0.081441 0.131371
v 0.078042 -0.044805 0.087240
v 0.089648 -0.008830 0.087240
v 0.092863 0.026227 0.082072
v 0.089032 0.026227 0.092372
v 0.092475 0.037220 0.082072
v 0.088644 0.037220 0.092372
v 0.106519 0.026294 0.087317
v 0.102718 0.026294 0.097532
v 0.106519 0.037154 0.087317
v 0.102718 0.037154 0.097532
v 0.116372 0.036375 0.103307
v 0.117996 0.036375 0.093398
v 0.118574 0.022900 0.092770
v 0.116909 0.022900 0.104147
v 0.125441 0.033545 0.104886
v 0.125554 0.033545 0.098847
v 0.128893 0.022099 0.098352
v 0.128907 0.022099 0.106078
v 0.084145 0.037138 0.079798
v 0.129652 0.000000 0.098352
v 0.120508 0.000000 0.094587
v 0.129666 0.000000 0.106078
v 0.119540 0.000000 0.104269
v 0.093102 0.034730 0.080623
v 0.093388 0.031724 0.080141
v 0.093314 0.028718 0.080623
v 0.092050 0.024681 0.084405
v 0.091021 0.024166 0.087222
v 0.091021 0.024166 0.087222
v 0.089955 0.024681 0.090038
v 0.088406 0.028718 0.093820
v 0.088120 0.031724 0.094303
v 0.088194 0.034730 0.093820
v 0.089458 0.038766 0.090038
v 0.090487 0.039282 0.087222
v 0.091553 0.038766 0.084405
v 0.103036 0.037192 0.085855
v 0.099420 0.037212 0.084464
v 0.095843 0.037219 0.083188
v 0.091915 0.037219 0.093448
v 0.095420 0.037212 0.094684
v 0.099055 0.037192 0.096054
v 0.103579 0.038681 0.095217
v 0.104619 0.039190 0.092424
v 0.105658 0.038681 0.089631
v 0.107054 0.028754 0.085881
v 0.107232 0.031724 0.085402
v 0.107054 0.034694 0.085881
v 0.102184 0.034694 0.098968
v 0.102006 0.031724 0.099447
v 0.102184 0.028754 0.098968
v 0.103579 0.024766 0.095217
v 0.104619 0.024257 0.092424
v 0.104619 0.024257 0.092424
v 0.105658 0.024766 0.089631
v 0.096007 0.026228 0.083188
v 0.099469 0.026236 0.084464
v 0.103042 0.026255 0.085855
v 0.099061 0.026255 0.096054
v 0.095469 0.026236 0.094684
v 0.092079 0.026228 0.093448
v 0.116655 0.037770 0.101062
v 0.117070 0.038235 0.098352
v 0.117543 0.037770 0.095643
v 0.118695 0.027422 0.091621
v 0.118605 0.031046 0.091420
v 0.118362 0.034082 0.091989
v 0.116279 0.034082 0.104718
v 0.116357 0.031046 0.105308
v 0.116569 0.027422 0.105162
v 0.115894 0.021081 0.100991
v 0.116004 0.020587 0.097823
v 0.116004 0.020587 0.097823
v 0.116857 0.021081 0.094924
v 0.106320 0.026306 0.099091
v 0.109827 0.026044 0.100703
v 0.113247 0.025171 0.102348
v 0.113174 0.036732 0.102059
v 0.109813 0.036957 0.100620
v 0.106318 0.037086 0.099080
v 0.115431 0.036732 0.091861
v 0.112692 0.036957 0.090331
v 0.109736 0.037086 0.088814
v 0.109739 0.026306 0.088803
v 0.112716 0.026044 0.090242
v 0.115535 0.025171 0.091565
v 0.125706 0.033906 0.103798
v 0.125847 0.034083 0.102096
v 0.125760 0.033906 0.100240
v 0.128198 0.026254 0.098362
v 0.127313 0.029604 0.098433
v 0.126347 0.032086 0.098612
v 0.126285 0.032086 0.105441
v 0.127302 0.029604 0.105877
v 0.128209 0.026254 0.106053
v 0.130208 0.022041 0.104651
v 0.130593 0.022022 0.102738
v 0.130132 0.022041 0.100563
v 0.120512 0.022562 0.106092
v 0.123787 0.022347 0.106850
v 0.126684 0.022197 0.106829
v 0.124106 0.034311 0.105032
v 0.121988 0.035160 0.104867
v 0.119356 0.035855 0.104272
v 0.124377 0.034311 0.097806
v 0.122572 0.035160 0.096417
v 0.120404 0.035855 0.094928
v 0.121781 0.022562 0.093328
v 0.124540 0.022347 0.094591
v 0.126970 0.022197 0.096313
v 0.120482 0.005993 0.094563
v 0.120299 0.011829 0.094395
v 0.119788 0.017378 0.093922
v 0.119505 0.005993 0.104267
v 0.119264 0.011829 0.104260
v 0.118584 0.017378 0.104234
v 0.090350 0.037220 0.081420
v 0.086566 0.037220 0.091739
v 0.087205 0.026227 0.091739
v 0.090989 0.026227 0.081420
v 0.129332 0.017223 0.098352
v 0.129557 0.011791 0.098352
v 0.129640 0.005988 0.098352
v 0.129346 0.017223 0.106078
v 0.129571 0.011791 0.106078
v 0.129654 0.005988 0.106078
v 0.121732 0.000000 0.105971
v 0.124513 0.000000 0.106805
v 0.127339 0.000000 0.106823
v 0.118969 0.000000 0.096320
v 0.118218 0.000000 0.098905
v 0.118218 0.000000 0.098905
v 0.118370 0.000000 0.101752
v 0.127613 0.000000 0.096344
v 0.125170 0.000000 0.094838
v 0.122682 0.000000 0.094148
v 0.131052 0.000000 0.104651
v 0.131465 0.000000 0.102738
v 0.130975 0.000000 0.100563
v 0.087333 0.038766 0.089401
v 0.088338 0.039282 0.086580
v 0.089403 0.038766 0.083758
v 0.094930 0.038765 0.085513
v 0.093848 0.039280 0.088318
v 0.092782 0.038765 0.091124
v 0.098507 0.038756 0.086779
v 0.097411 0.039270 0.089574
v 0.096320 0.038756 0.092369
v 0.102133 0.038730 0.088165
v 0.101045 0.039243 0.090954
v 0.099956 0.038730 0.093743
v 0.105840 0.034653 0.100525
v 0.105682 0.031710 0.101008
v 0.105843 0.028757 0.100533
v 0.109425 0.034560 0.102070
v 0.109309 0.031614 0.102573
v 0.109453 0.028586 0.102135
v 0.112914 0.034377 0.103503
v 0.112871 0.031378 0.104047
v 0.113017 0.028098 0.103714
v 0.102141 0.024717 0.088165
v 0.101053 0.024205 0.090954
v 0.101053 0.024205 0.090954
v 0.099964 0.024717 0.093743
v 0.098569 0.024692 0.086779
v 0.097478 0.024178 0.089574
v 0.097478 0.024178 0.089574
v 0.096382 0.024692 0.092369
v 0.095140 0.024683 0.085513
v 0.094074 0.024168 0.088318
v 0.094074 0.024168 0.088318
v 0.092992 0.024683 0.091124
v 0.096433 0.034729 0.081746
v 0.099994 0.034725 0.083027
v 0.103597 0.034714 0.084420
v 0.096661 0.031724 0.081265
v 0.100195 0.031724 0.082547
v 0.103785 0.031724 0.083942
v 0.096522 0.028719 0.081746
v 0.100020 0.028722 0.083027
v 0.103600 0.028733 0.084420
v 0.098497 0.034714 0.097488
v 0.094869 0.034725 0.096122
v 0.091400 0.034729 0.094891
v 0.098312 0.031724 0.097967
v 0.094694 0.031724 0.096601
v 0.091261 0.031724 0.095372
v 0.098500 0.028733 0.097488
v 0.094895 0.028722 0.096122
v 0.091490 0.028719 0.094891
v 0.119469 0.033660 0.105612
v 0.119726 0.030677 0.106230
v 0.120067 0.026983 0.106295
v 0.122320 0.033124 0.106086
v 0.122805 0.030287 0.106697
v 0.123317 0.026683 0.106876
v 0.124647 0.032527 0.106051
v 0.125394 0.029899 0.106604
v 0.126110 0.026437 0.106807
v 0.108960 0.038595 0.091140
v 0.108025 0.039099 0.093947
v 0.107091 0.038595 0.096754
v 0.112029 0.038440 0.092662
v 0.111238 0.038934 0.095475
v 0.110455 0.038440 0.098289
v 0.114884 0.038178 0.094172
v 0.114255 0.038659 0.096960
v 0.113650 0.038178 0.099749
v 0.107084 0.024786 0.096758
v 0.108013 0.024280 0.093941
v 0.108013 0.024280 0.093941
v 0.108954 0.024786 0.091128
v 0.110399 0.024476 0.098315
v 0.111139 0.023959 0.095423
v 0.111139 0.023959 0.095423
v 0.111980 0.024476 0.092570
v 0.113432 0.023437 0.099809
v 0.113884 0.022894 0.096770
v 0.113884 0.022894 0.096770
v 0.114691 0.023437 0.093862
v 0.110222 0.028757 0.087363
v 0.110381 0.031710 0.086886
v 0.110218 0.034653 0.087370
v 0.113148 0.028586 0.088829
v 0.113269 0.031614 0.088383
v 0.113114 0.034560 0.088882
v 0.115930 0.028098 0.090248
v 0.115981 0.031378 0.089890
v 0.115806 0.034377 0.090420
v 0.127130 0.032028 0.100518
v 0.127388 0.032073 0.102466
v 0.127143 0.032028 0.104192
v 0.128331 0.029477 0.100559
v 0.128702 0.029457 0.102657
v 0.128388 0.029477 0.104504
v 0.129353 0.026150 0.100563
v 0.129785 0.026118 0.102728
v 0.129427 0.026150 0.104633
v 0.120010 0.037180 0.097046
v 0.119673 0.037622 0.099603
v 0.119436 0.037180 0.102157
v 0.122233 0.036370 0.098340
v 0.122019 0.036768 0.100664
v 0.121910 0.036370 0.102967
v 0.124151 0.035299 0.099461
v 0.124069 0.035616 0.101498
v 0.123995 0.035299 0.103462
v 0.121484 0.026983 0.092978
v 0.121185 0.030677 0.092995
v 0.120813 0.033660 0.093593
v 0.124109 0.026683 0.094517
v 0.123602 0.030287 0.094660
v 0.123057 0.033124 0.095224
v 0.126402 0.026437 0.096321
v 0.125694 0.029899 0.096462
v 0.124953 0.032527 0.096880
v 0.090221 0.024681 0.083758
v 0.089217 0.024166 0.086580
v 0.089217 0.024166 0.086580
v 0.088152 0.024681 0.089401
v 0.086528 0.028718 0.093190
v 0.086176 0.031724 0.093674
v 0.086178 0.034730 0.093190
v 0.091027 0.034730 0.079969
v 0.091379 0.031724 0.079486
v 0.091376 0.028718 0.079969
v 0.127057 0.017266 0.106825
v 0.124161 0.017340 0.106819
v 0.121108 0.017435 0.106000
v 0.127255 0.011804 0.106824
v 0.124403 0.011827 0.106809
v 0.121538 0.011854 0.105978
v 0.127328 0.005990 0.106824
v 0.124499 0.005993 0.106806
v 0.121708 0.005996 0.105972
v 0.117372 0.016946 0.101521
v 0.117304 0.016705 0.098464
v 0.117304 0.016705 0.098464
v 0.118125 0.016946 0.095700
v 0.118079 0.011722 0.101692
v 0.117949 0.011652 0.098777
v 0.117949 0.011652 0.098777
v 0.118723 0.011722 0.096134
v 0.118333 0.005979 0.101744
v 0.118184 0.005971 0.098889
v 0.118184 0.005971 0.098889
v 0.118938 0.005979 0.096297
v 0.122212 0.017435 0.093744
v 0.124869 0.017340 0.094706
v 0.127337 0.017266 0.096327
v 0.122535 0.011854 0.094023
v 0.125076 0.011827 0.094795
v 0.127531 0.011804 0.096338
v 0.122663 0.005996 0.094132
v 0.125158 0.005993 0.094832
v 0.127602 0.005990 0.096343
v 0.130619 0.017198 0.100563
v 0.131097 0.017190 0.102738
v 0.130696 0.017198 0.104651
v 0.130870 0.011784 0.100563
v 0.131356 0.011781 0.102738
v 0.130946 0.011784 0.104651
v 0.130962 0.005987 0.100563
v 0.131451 0.005987 0.102738
v 0.131039 0.005987 0.104651
v -0.048974 0.073295 0.131371
v -0.062333 0.062333 0.131371
v -0.073295 0.048974 0.131371
v -0.081441 0.033734 0.131371
v -0.086458 0.017198 0.131371
v -0.088152 0.000000 0.131371
v -0.088152 0.000000 0.131371
v 0.083193 -0.025236 0.116543
v -0.016427 -0.082586 0.087053
v -0.032223 -0.077794 0.087053
v 0.068881 -0.056529 0.102563
v -0.046781 -0.070013 0.087053
v 0.080071 -0.039483 0.099208
v 0.085271 -0.025867 0.102563
v 0.088678 -0.008734 0.102563
v -0.059541 -0.059541 0.087053
v 0.008734 -0.088678 0.102563
v -0.070013 -0.046781 0.087053
v -0.077794 -0.032223 0.087053
v 0.025867 -0.085270 0.102563
v -0.082586 -0.016427 0.087053
v -0.022257 0.073372 0.018030
v 0.042005 -0.078586 0.102563
v -0.036144 0.067620 0.018030
v -0.048641 0.059269 0.018030
v -0.059269 0.048641 0.018030
v -0.067620 0.036144 0.018030
v -0.073372 0.022257 0.018030
v -0.076304 0.007515 0.018030
v -0.008072 -0.081958 0.109266
v -0.023906 -0.078808 0.109266
v 0.086518 -0.008521 0.116543
v 0.008521 -0.086518 0.116543
v -0.038821 -0.072630 0.109266
v 0.025236 -0.083193 0.116543
v -0.052245 -0.063661 0.109266
v -0.063661 -0.052245 0.109266
v -0.072630 -0.038821 0.109266
v 0.040982 -0.076671 0.116543
v -0.078808 -0.023906 0.109266
v -0.081958 -0.008072 0.109266
v -0.062413 0.033361 0.008025
v 0.055152 -0.067203 0.116543
v -0.067723 0.020543 0.008025
v -0.020543 0.067723 0.008025
v -0.033361 0.062413 0.008025
v -0.070429 0.006937 0.008025
v -0.044896 0.054706 0.008025
v 0.067203 -0.055152 0.116543
v -0.046263 -0.069237 0.101936
v -0.058881 -0.058881 0.101936
v 0.076672 -0.040982 0.116543
v 0.008608 -0.087402 0.126413
v -0.054706 0.044896 0.008025
v 0.025494 -0.084043 0.126413
v 0.041400 -0.077454 0.126413
v 0.055715 -0.067889 0.126413
v 0.067889 -0.055715 0.126413
v -0.069237 -0.046263 0.101936
v 0.077454 -0.041400 0.126413
v 0.084043 -0.025494 0.126413
v 0.087402 -0.008608 0.126413
v -0.076932 -0.031866 0.101936
v -0.008139 0.082640 0.034059
v -0.024105 0.079464 0.034059
v -0.039145 0.073235 0.034059
v -0.081671 -0.016245 0.101936
v -0.052680 0.064191 0.034059
v -0.016245 -0.081671 0.101936
v -0.064191 0.052680 0.034059
v 0.087485 -0.008617 0.053223
v -0.031866 -0.076932 0.101936
v -0.007947 -0.080686 0.123757
v 0.084123 -0.025518 0.053223
v -0.073235 0.039145 0.034059
v -0.023535 -0.077586 0.123757
v -0.079464 0.024105 0.034059
v -0.038219 -0.071503 0.123757
v 0.077528 -0.041440 0.053223
v 0.067954 -0.055768 0.053223
v 0.055768 -0.067954 0.053223
v -0.082640 0.008139 0.034059
v 0.041440 -0.077528 0.053223
v -0.008830 0.089648 0.087240
v 0.025518 -0.084123 0.053223
v -0.051435 -0.062673 0.123757
v 0.008617 -0.087485 0.053223
v -0.062673 -0.051435 0.123757
v 0.007515 -0.076304 0.018030
v 0.006162 -0.062559 0.001813
v 0.018248 -0.060155 0.001813
v 0.029633 -0.055439 0.001813
v 0.039879 -0.048593 0.001813
v 0.048593 -0.039879 0.001813
v 0.055439 -0.029633 0.001813
v -0.071503 -0.038219 0.123757
v 0.060155 -0.018248 0.001813
v 0.062559 -0.006162 0.001813
v -0.008823 0.089578 0.070594
v -0.077586 -0.023535 0.123757
v -0.026129 0.086136 0.070594
v -0.080686 -0.007947 0.123757
v -0.042431 0.079383 0.070594
v -0.057103 0.069580 0.070594
v -0.069580 0.057103 0.070594
v -0.080344 0.040665 0.073609
v -0.086136 0.026129 0.070594
v -0.089578 0.008823 0.070594
v -0.075028 -0.031078 0.116843
v -0.056529 0.068881 0.102563
v -0.079649 -0.015843 0.116843
v -0.026149 0.086203 0.087240
v -0.042464 0.079445 0.087240
v 0.006937 -0.070429 0.008025
v 0.020750 -0.068403 0.020768
v 0.033696 -0.063040 0.020768
v -0.057147 0.069634 0.087240
v 0.045347 -0.055255 0.020768
v 0.055255 -0.045347 0.020768
v -0.069634 0.057147 0.087240
v 0.063040 -0.033696 0.020768
v -0.078042 0.044805 0.087240
v -0.015843 -0.079649 0.116843
v 0.068403 -0.020750 0.020768
v 0.071136 -0.007006 0.020768
v -0.089648 0.008830 0.087240
v 0.058551 -0.031296 0.011849
v -0.031078 -0.075028 0.116843
v -0.045118 -0.067523 0.116843
v -0.083193 0.025236 0.116543
v -0.068881 0.056529 0.102563
v -0.080071 0.039483 0.099208
v 0.063531 -0.019272 0.011849
v -0.057424 -0.057424 0.116843
v -0.085271 0.025867 0.102563
v -0.067523 -0.045118 0.116843
v 0.019272 -0.063531 0.011849
v -0.088678 0.008734 0.102563
v 0.031296 -0.058551 0.011849
v -0.008411 -0.085396 0.131555
v 0.066070 -0.006507 0.011849
v 0.042117 -0.051320 0.011849
v -0.024909 -0.082115 0.131555
v -0.040450 -0.075677 0.131555
v 0.051320 -0.042117 0.011849
v -0.054437 -0.066332 0.131555
v -0.066332 -0.054437 0.131555
v -0.075677 -0.040450 0.131555
v -0.082115 -0.024909 0.131555
v 0.007596 -0.077122 0.035968
v -0.085396 -0.008411 0.131555
v 0.022496 -0.074158 0.035968
v 0.036531 -0.068344 0.035968
v -0.008734 0.088678 0.102563
v 0.049162 -0.059904 0.035968
v -0.025867 0.085270 0.102563
v 0.059904 -0.049162 0.035968
v -0.042005 0.078586 0.102563
v 0.068345 -0.036531 0.035968
v -0.086518 0.008521 0.116543
v -0.008521 0.086518 0.116543
v -0.025236 0.083193 0.116543
v -0.040982 0.076671 0.116543
v 0.074158 -0.022496 0.035968
v 0.077122 -0.007596 0.035968
v 0.008253 -0.083798 0.087053
v -0.055152 0.067203 0.116543
v -0.067203 0.055152 0.116543
v -0.076672 0.040982 0.116543
v 0.008248 -0.083744 0.070951
v 0.024427 -0.080525 0.070951
v 0.039668 -0.074213 0.070951
v -0.016185 -0.081369 0.128908
v 0.053384 -0.065048 0.070951
v -0.031749 -0.076648 0.128908
v -0.046092 -0.068981 0.128908
v 0.065048 -0.053384 0.070951
v 0.074213 -0.039668 0.070951
v 0.080525 -0.024427 0.070951
v -0.058664 -0.058664 0.128908
v 0.083744 -0.008248 0.070951
v -0.068981 -0.046092 0.128908
v -0.076648 -0.031749 0.128908
v -0.008608 0.087402 0.126413
v 0.052826 -0.064369 0.101936
v -0.081369 -0.016185 0.128908
v 0.024443 -0.080578 0.087053
v -0.025494 0.084043 0.126413
v 0.039693 -0.074261 0.087053
v -0.041400 0.077454 0.126413
v 0.053418 -0.065090 0.087053
v 0.065090 -0.053418 0.087053
v 0.074261 -0.039693 0.087053
v 0.080578 -0.024443 0.087053
v 0.083798 -0.008253 0.087053
v -0.016417 -0.082532 0.070951
v -0.055715 0.067889 0.126413
v 0.077713 -0.023574 0.116843
v -0.067889 0.055715 0.126413
v 0.064369 -0.052826 0.101936
v 0.073438 -0.039253 0.101936
v -0.032203 -0.077744 0.070951
v 0.079685 -0.024172 0.101936
v 0.082869 -0.008162 0.101936
v -0.077454 0.041400 0.126413
v -0.084043 0.025494 0.126413
v 0.008162 -0.082869 0.101936
v -0.087402 0.008608 0.126413
v 0.024172 -0.079685 0.101936
v -0.046751 -0.069968 0.070951
v 0.039253 -0.073438 0.101936
v 0.080818 -0.007960 0.116843
v -0.087485 0.008617 0.053223
v -0.084123 0.025518 0.053223
v -0.077528 0.041440 0.053223
v -0.059502 -0.059502 0.070951
v -0.069968 -0.046751 0.070951
v 0.007960 -0.080818 0.116843
v -0.067954 0.055768 0.053223
v -0.077744 -0.032203 0.070951
v 0.023574 -0.077713 0.116843
v 0.038282 -0.071620 0.116843
v 0.051519 -0.062776 0.116843
v 0.062776 -0.051519 0.116843
v 0.071620 -0.038282 0.116843
v 0.008132 -0.082563 0.128908
v 0.024083 -0.079390 0.128908
v -0.055768 0.067954 0.053223
v -0.082532 -0.016417 0.070951
v 0.039108 -0.073167 0.128908
v -0.041440 0.077528 0.053223
v -0.025518 0.084123 0.053223
v 0.052631 -0.064131 0.128908
v -0.008617 0.087485 0.053223
v 0.064131 -0.052631 0.128908
v -0.083071 -0.008182 0.062670
v -0.079878 -0.024231 0.062670
v 0.073167 -0.039108 0.128908
v 0.079390 -0.024083 0.128908
v 0.082563 -0.008132 0.128908
v -0.073616 -0.039349 0.062670
v -0.064525 -0.052955 0.062670
v 0.081740 -0.008051 0.054295
v 0.078599 -0.023843 0.054295
v 0.072437 -0.038718 0.054295
v -0.007515 0.076304 0.018030
v 0.063492 -0.052106 0.054295
v -0.006162 0.062559 0.001813
v -0.018248 0.060155 0.001813
v 0.052106 -0.063492 0.054295
v -0.029633 0.055439 0.001813
v 0.038718 -0.072437 0.054295
v -0.039879 0.048593 0.001813
v 0.023843 -0.078599 0.054295
v 0.008051 -0.081740 0.054295
v -0.048593 0.039879 0.001813
v -0.055439 0.029633 0.001813
v -0.060155 0.018248 0.001813
v -0.062559 0.006162 0.001813
v -0.052955 -0.064525 0.062670
v -0.039349 -0.073616 0.062670
v -0.024231 -0.079878 0.062670
v -0.006937 0.070429 0.008025
v 0.007006 -0.071136 0.020768
v 0.005928 -0.060184 0.007005
v 0.017555 -0.057871 0.007005
v 0.028508 -0.053334 0.007005
v 0.038365 -0.046748 0.007005
v 0.046748 -0.038365 0.007005
v 0.053334 -0.028508 0.007005
v 0.057871 -0.017555 0.007005
v 0.060184 -0.005928 0.007005
v -0.020750 0.068403 0.020768
v -0.033696 0.063040 0.020768
v -0.045347 0.055255 0.020768
v -0.055255 0.045347 0.020768
v -0.063040 0.033696 0.020768
v -0.068403 0.020750 0.020768
v -0.071136 0.007006 0.020768
v -0.008182 -0.083071 0.062670
v -0.006734 -0.068375 0.015888
v 0.006507 -0.066070 0.011849
v 0.008640 -0.087727 0.131371
v 0.025589 -0.084355 0.131371
v 0.041554 -0.077742 0.131371
v 0.055923 -0.068142 0.131371
v 0.068142 -0.055923 0.131371
v 0.077742 -0.041554 0.131371
v 0.084355 -0.025589 0.131371
v -0.019944 -0.065747 0.015888
v -0.032388 -0.060593 0.015888
v -0.043586 -0.053110 0.015888
v -0.053110 -0.043586 0.015888
v 0.087727 -0.008640 0.131371
v -0.060593 -0.032388 0.015888
v -0.065747 -0.019944 0.015888
v -0.068375 -0.006734 0.015888
v -0.013945 -0.070107 0.020768
v -0.012952 -0.065115 0.011849
v -0.025407 -0.061337 0.011849
v -0.027354 -0.066040 0.020768
v -0.036885 -0.055202 0.011849
v -0.058551 0.031296 0.011849
v -0.063531 0.019272 0.011849
v -0.019272 0.063531 0.011849
v -0.031296 0.058551 0.011849
v -0.039713 -0.059434 0.020768
v -0.046945 -0.046945 0.011849
v -0.050545 -0.050545 0.020768
v -0.066070 0.006507 0.011849
v -0.055202 -0.036885 0.011849
v -0.042117 0.051320 0.011849
v -0.059434 -0.039713 0.020768
v -0.061337 -0.025407 0.011849
v -0.051320 0.042117 0.011849
v 0.092863 -0.026227 0.082072
v 0.089032 -0.026227 0.092372
v -0.066040 -0.027354 0.020768
v -0.065115 -0.012952 0.011849
v -0.070107 -0.013945 0.020768
v -0.007596 0.077122 0.035968
v -0.022496 0.074158 0.035968
v -0.036531 0.068344 0.035968
v -0.049162 0.059904 0.035968
v -0.059904 0.049162 0.035968
v -0.068345 0.036531 0.035968
v 0.092475 -0.037220 0.082072
v 0.088644 -0.037220 0.092372
v 0.106519 -0.026294 0.087317
v 0.102718 -0.026294 0.097532
v 0.106519 -0.037154 0.087317
v 0.102718 -0.037154 0.097532
v 0.116372 -0.036375 0.103307
v 0.117996 -0.036375 0.093398
v 0.118574 -0.022900 0.092770
v -0.074158 0.022496 0.035968
v -0.077122 0.007596 0.035968
v -0.008253 0.083798 0.087053
v -0.008248 0.083744 0.070951
v -0.024427 0.080525 0.070951
v -0.005547 -0.056317 0.005836
v -0.005547 -0.056317 0.005836
v -0.016427 -0.054153 0.005836
v -0.016427 -0.054153 0.005836
v -0.039668 0.074213 0.070951
v -0.026676 -0.049908 0.005836
v -0.026676 -0.049908 0.005836
v -0.035900 -0.043744 0.005836
v -0.035900 -0.043744 0.005836
v -0.053384 0.065048 0.070951
v -0.043744 -0.035900 0.005836
v -0.043744 -0.035900 0.005836
v -0.065048 0.053384 0.070951
v -0.049908 -0.026676 0.005836
v -0.049908 -0.026676 0.005836
v -0.054153 -0.016427 0.005836
v -0.054153 -0.016427 0.005836
v -0.074213 0.039668 0.070951
v -0.056317 -0.005547 0.005836
v -0.056317 -0.005547 0.005836
v -0.080525 0.024427 0.070951
v -0.083744 0.008248 0.070951
v -0.052826 0.064369 0.101936
v -0.024443 0.080578 0.087053
v -0.039693 0.074261 0.087053
v -0.011798 -0.059314 0.007005
v -0.053418 0.065090 0.087053
v -0.023143 -0.055872 0.007005
v -0.065090 0.053418 0.087053
v -0.033598 -0.050284 0.007005
v -0.042763 -0.042763 0.007005
v -0.074261 0.039693 0.087053
v -0.050284 -0.033598 0.007005
v -0.080578 0.024443 0.087053
v -0.083798 0.008253 0.087053
v -0.055872 -0.023143 0.007005
v -0.059314 -0.011798 0.007005
v -0.077713 0.023574 0.116843
v -0.064369 0.052826 0.101936
v -0.073438 0.039253 0.101936
v -0.079685 0.024172 0.101936
v -0.082869 0.008162 0.101936
v -0.017198 -0.086458 0.131371
v -0.033734 -0.081441 0.131371
v -0.048974 -0.073295 0.131371
v -0.062333 -0.062333 0.131371
v -0.073295 -0.048974 0.131371
v -0.081441 -0.033734 0.131371
v -0.086458 -0.017198 0.131371
v -0.008162 0.082869 0.101936
v -0.024172 0.079685 0.101936
v -0.039253 0.073438 0.101936
v -0.080818 0.007960 0.116843
v -0.007960 0.080818 0.116843
v -0.023574 0.077713 0.116843
v -0.022257 -0.073372 0.018030
v -0.036144 -0.067620 0.018030
v -0.038282 0.071620 0.116843
v -0.048641 -0.059269 0.018030
v -0.059269 -0.048641 0.018030
v -0.051519 0.062776 0.116843
v -0.067620 -0.036144 0.018030
v -0.073372 -0.022257 0.018030
v -0.062776 0.051519 0.116843
v -0.076304 -0.007515 0.018030
v -0.071620 0.038282 0.116843
v -0.062413 -0.033361 0.008025
v -0.067723 -0.020543 0.008025
v -0.020543 -0.067723 0.008025
v -0.008132 0.082563 0.128908
v -0.033361 -0.062413 0.008025
v -0.024083 0.079390 0.128908
v -0.039108 0.073167 0.128908
v -0.052631 0.064131 0.128908
v -0.064131 0.052631 0.128908
v -0.073167 0.039108 0.128908
v -0.070429 -0.006937 0.008025
v -0.079390 0.024083 0.128908
v -0.082563 0.008132 0.128908
v -0.044896 -0.054706 0.008025
v -0.054706 -0.044896 0.008025
v -0.081740 0.008051 0.054295
v -0.078599 0.023843 0.054295
v -0.072437 0.038718 0.054295
v -0.008139 -0.082640 0.034059
v -0.063492 0.052106 0.054295
v -0.052106 0.063492 0.054295
v -0.038718 0.072437 0.054295
v -0.024105 -0.079464 0.034059
v -0.023843 0.078599 0.054295
v -0.039145 -0.073235 0.034059
v -0.052680 -0.064191 0.034059
v -0.008051 0.081740 0.054295
v -0.064191 -0.052680 0.034059
v -0.073235 -0.039145 0.034059
v -0.079464 -0.024105 0.034059
v -0.007006 0.071136 0.020768
v -0.005928 0.060184 0.007005
v -0.017555 0.057871 0.007005
v -0.028508 0.053334 0.007005
v -0.038365 0.046748 0.007005
v -0.046748 0.038365 0.007005
v -0.053334 0.028508 0.007005
v -0.057871 0.017555 0.007005
v -0.060184 0.005928 0.007005
v -0.082640 -0.008139 0.034059
v -0.008830 -0.089648 0.087240
v -0.008823 -0.089578 0.070594
v -0.026129 -0.086136 0.070594
v -0.042431 -0.079383 0.070594
v -0.057103 -0.069580 0.070594
v -0.069580 -0.057103 0.070594
v -0.080344 -0.040665 0.073609
v -0.086136 -0.026129 0.070594
v -0.089578 -0.008823 0.070594
v -0.056529 -0.068881 0.102563
v -0.006507 0.066070 0.011849
v -0.008640 0.087727 0.131371
v -0.025589 0.084355 0.131371
v -0.041554 0.077742 0.131371
v -0.055923 0.068142 0.131371
v -0.068142 0.055923 0.131371
v -0.077742 0.041554 0.131371
v -0.084355 0.025589 0.131371
v -0.087727 0.008640 0.131371
v -0.026149 -0.086203 0.087240
v -0.042464 -0.079445 0.087240
v -0.057147 -0.069634 0.087240
v -0.069634 -0.057147 0.087240
v -0.078042 -0.044805 0.087240
v -0.089648 -0.008830 0.087240
v -0.092863 0.026227 0.082072
v -0.089032 0.026227 0.092372
v -0.092475 0.037220 0.082072
v -0.088644 0.037220 0.092372
v -0.106519 0.026294 0.087317
v -0.102718 0.026294 0.097532
v -0.106519 0.037154 0.087317
v -0.102718 0.037154 0.097532
v -0.116372 0.036375 0.103307
v -0.117996 0.036375 0.093398
v -0.118574 0.022900 0.092770
v -0.116909 0.022900 0.104147
v -0.125441 0.033545 0.104886
v -0.125554 0.033545 0.098847
v -0.128893 0.022099 0.098352
v -0.128907 0.022099 0.106078
v -0.084145 0.037138 0.079798
v -0.129652 0.000000 0.098352
v -0.120508 0.000000 0.094587
v -0.129666 0.000000 0.106078
v -0.119540 0.000000 0.104269
v -0.093102 0.034730 0.080623
v -0.093388 0.031724 0.080141
v -0.093314 0.028718 0.080623
v -0.092050 0.024681 0.084405
v -0.091021 0.024166 0.087222
v -0.091021 0.024166 0.087222
v -0.089955 0.024681 0.090038
v -0.088406 0.028718 0.093820
v -0.088120 0.031724 0.094303
v -0.088194 0.034730 0.093820
v -0.089458 0.038766 0.090038
v -0.090487 0.039282 0.087222
v -0.091553 0.038766 0.084405
v -0.103036 0.037192 0.085855
v -0.099420 0.037212 0.084464
v -0.095843 0.037219 0.083188
v -0.091915 0.037219 0.093448
v -0.095420 0.037212 0.094684
v -0.099055 0.037192 0.096054
v -0.103579 0.038681 0.095217
v -0.104619 0.039190 0.092424
v -0.105658 0.038681 0.089631
v -0.107054 0.028754 0.085881
v -0.107232 0.031724 0.085402
v -0.107054 0.034694 0.085881
v -0.102184 0.034694 0.098968
v -0.102006 0.031724 0.099447
v -0.102184 0.028754 0.098968
v -0.103579 0.024766 0.095217
v -0.104619 0.024257 0.092424
v -0.104619 0.024257 0.092424
v -0.105658 0.024766 0.089631
v -0.096007 0.026228 0.083188
v -0.099469 0.026236 0.084464
v -0.103042 0.026255 0.085855
v -0.099061 0.026255 0.096054
v -0.095469 0.026236 0.094684
v -0.092079 0.026228 0.093448
v -0.116655 0.037770 0.101062
v -0.117070 0.038235 0.098352
v -0.117543 0.037770 0.095643
v -0.118695 0.027422 0.091621
v -0.118605 0.031046 0.091420
v -0.118362 0.034082 0.091989
v -0.116279 0.034082 0.104718
v -0.116357 0.031046 0.105308
v -0.116569 0.027422 0.105162
v -0.115894 0.021081 0.100991
v -0.116004 0.020587 0.097823
v -0.116004 0.020587 0.097823
v -0.116857 0.021081 0.094924
v -0.106320 0.026306 0.099091
v -0.109827 0.026044 0.100703
v -0.113247 0.025171 0.102348
v -0.113174 0.036732 0.102059
v -0.109813 0.036957 0.100620
v -0.106318 0.037086 0.099080
v -0.115431 0.036732 0.091861
v -0.112692 0.036957 0.090331
v -0.109736 0.037086 0.088814
v -0.109739 0.026306 0.088803
v -0.112716 0.026044 0.090242
v -0.115535 0.025171 0.091565
v -0.125706 0.033906 0.103798
v 0.116909 -0.022900 0.104147
v 0.125441 -0.033545 0.104886
v 0.125554 -0.033545 0.098847
v 0.128893 -0.022099 0.098352
v 0.128907 -0.022099 0.106078
v 0.084145 -0.037138 0.079798
v 0.093102 -0.034730 0.080623
v 0.093388 -0.031724 0.080141
v 0.093314 -0.028718 0.080623
v 0.092050 -0.024681 0.084405
v 0.091021 -0.024166 0.087222
v 0.091021 -0.024166 0.087222
v 0.089955 -0.024681 0.090038
v 0.088406 -0.028718 0.093820
v 0.088120 -0.031724 0.094303
v 0.088194 -0.034730 0.093820
v 0.089458 -0.038766 0.090038
v 0.090487 -0.039282 0.087222
v 0.091553 -0.038766 0.084405
v 0.103036 -0.037192 0.085855
v 0.099420 -0.037212 0.084464
v 0.095843 -0.037219 0.083188
v 0.091915 -0.037219 0.093448
v 0.095420 -0.037212 0.094684
v 0.099055 -0.037192 0.096054
v 0.103579 -0.038681 0.095217
v 0.104619 -0.039190 0.092424
v 0.105658 -0.038681 0.089631
v 0.107054 -0.028754 0.085881
v 0.107232 -0.031724 0.085402
v 0.107054 -0.034694 0.085881
v 0.102184 -0.034694 0.098968
v 0.102006 -0.031724 0.099447
v 0.102184 -0.028754 0.098968
v 0.103579 -0.024766 0.095217
v 0.104619 -0.024257 0.092424
v 0.104619 -0.024257 0.092424
v 0.105658 -0.024766 0.089631
v 0.096007 -0.026228 0.083188
v 0.099469 -0.026236 0.084464
v 0.103042 -0.026255 0.085855
v 0.099061 -0.026255 0.096054
v 0.095469 -0.026236 0.094684
v 0.092079 -0.026228 0.093448
v 0.116655 -0.037770 0.101062
v 0.117070 -0.038235 0.098352
v 0.117543 -0.037770 0.095643
v 0.118695 -0.027422 0.091621
v 0.118605 -0.031046 0.091420
v 0.118362 -0.034082 0.091989
v 0.116279 -0.034082 0.104718
v 0.116357 -0.031046 0.105308
v 0.116569 -0.027422 0.105162
v 0.115894 -0.021081 0.100991
v 0.116004 -0.020587 0.097823
v 0.116004 -0.020587 0.097823
v 0.116857 -0.021081 0.094924
v 0.106320 -0.026306 0.099091
v 0.109827 -0.026044 0.100703
v 0.113247 -0.025171 0.102348
v 0.113174 -0.036732 0.102059
v 0.109813 -0.036957 0.100620
v 0.106318 -0.037086 0.099080
v 0.115431 -0.036732 0.091861
v 0.112692 -0.036957 0.090331
v 0.109736 -0.037086 0.088814
v 0.109739 -0.026306 0.088803
v 0.112716 -0.026044 0.090242
v 0.115535 -0.025171 0.091565
v 0.125706 -0.033906 0.103798
v 0.125847 -0.034083 0.102096
v 0.125760 -0.033906 0.100240
v 0.128198 -0.026254 0.098362
v -0.125847 0.034083 0.102096
v -0.125760 0.033906 0.100240
v -0.128198 0.026254 0.098362
v -0.127313 0.029604 0.098433
v -0.126347 0.032086 0.098612
v -0.126285 0.032086 0.105441
v -0.127302 0.029604 0.105877
v -0.128209 0.026254 0.106053
v -0.130208 0.022041 0.104651
v -0.130593 0.022022 0.102738
v -0.130132 0.022041 0.100563
v -0.120512 0.022562 0.106092
v -0.123787 0.022347 0.106850
v -0.126684 0.022197 0.106829
v -0.124106 0.034311 0.105032
v -0.121988 0.035160 0.104867
v -0.119356 0.035855 0.104272
v -0.124377 0.034311 0.097806
v -0.122572 0.035160 0.096417
v -0.120404 0.035855 0.094928
v -0.121781 0.022562 0.093328
v -0.124540 0.022347 0.094591
v -0.126970 0.022197 0.096313
v -0.120482 0.005993 0.094563
v -0.120299 0.011829 0.094395
v 0.127313 -0.029604 0.098433
v 0.126347 -0.032086 0.098612
v 0.126285 -0.032086 0.105441
v 0.127302 -0.029604 0.105877
v 0.128209 -0.026254 0.106053
v 0.130208 -0.022041 0.104651
v 0.130593 -0.022022 0.102738
v 0.130132 -0.022041 0.100563
v 0.120512 -0.022562 0.106092
v 0.123787 -0.022347 0.106850
v 0.126684 -0.022197 0.106829
v 0.124106 -0.034311 0.105032
v 0.121988 -0.035160 0.104867
v 0.119356 -0.035855 0.104272
v 0.124377 -0.034311 0.097806
v 0.122572 -0.035160 0.096417
v 0.120404 -0.035855 0.094928
v 0.121781 -0.022562 0.093328
v 0.124540 -0.022347 0.094591
v 0.126970 -0.022197 0.096313
v 0.120482 -0.005993 0.094563
v 0.120299 -0.011829 0.094395
v 0.119788 -0.017378 0.093922
v 0.119505 -0.005993 0.104267
v 0.119264 -0.011829 0.104260
v 0.118584 -0.017378 0.104234
v 0.090350 -0.037220 0.081420
v 0.086566 -0.037220 0.091739
v 0.087205 -0.026227 0.091739
v 0.090989 -0.026227 0.081420
v 0.129332 -0.017223 0.098352
v 0.129557 -0.011791 0.098352
v 0.129640 -0.005988 0.098352
v 0.129346 -0.017223 0.106078
v 0.129571 -0.011791 0.106078
v 0.129654 -0.005988 0.106078
v 0.087333 -0.038766 0.089401
v 0.088338 -0.039282 0.086580
v 0.089403 -0.038766 0.083758
v 0.094930 -0.038765 0.085513
v 0.093848 -0.039280 0.088318
v 0.092782 -0.038765 0.091124
v 0.098507 -0.038756 0.086779
v 0.097411 -0.039270 0.089574
v 0.096320 -0.038756 0.092369
v 0.102133 -0.038730 0.088165
v 0.101045 -0.039243 0.090954
v 0.099956 -0.038730 0.093743
v 0.105840 -0.034653 0.100525
v 0.105682 -0.031710 0.101008
v 0.105843 -0.028757 0.100533
v 0.109425 -0.034560 0.102070
v 0.109309 -0.031614 0.102573
v 0.109453 -0.028586 0.102135
v 0.112914 -0.034377 0.103503
v 0.112871 -0.031378 0.104047
v 0.113017 -0.028098 0.103714
v 0.102141 -0.024717 0.088165
v 0.101053 -0.024205 0.090954
v 0.101053 -0.024205 0.090954
v 0.099964 -0.024717 0.093743
v 0.098569 -0.024692 0.086779
v 0.097478 -0.024178 0.089574
v 0.097478 -0.024178 0.089574
v 0.096382 -0.024692 0.092369
v 0.095140 -0.024683 0.085513
v 0.094074 -0.024168 0.088318
v 0.094074 -0.024168 0.088318
v 0.092992 -0.024683 0.091124
v 0.096433 -0.034729 0.081746
v 0.099994 -0.034725 0.083027
v 0.103597 -0.034714 0.084420
v 0.096661 -0.031724 0.081265
v 0.100195 -0.031724 0.082547
v 0.103785 -0.031724 0.083942
v 0.096522 -0.028719 0.081746
v 0.100020 -0.028722 0.083027
v 0.103600 -0.028733 0.084420
v 0.098497 -0.034714 0.097488
v 0.094869 -0.034725 0.096122
v 0.091400 -0.034729 0.094891
v 0.098312 -0.031724 0.097967
v 0.094694 -0.031724 0.096601
v 0.091261 -0.031724 0.095372
v 0.098500 -0.028733 0.097488
v 0.094895 -0.028722 0.096122
v 0.091490 -0.028719 0.094891
v 0.119469 -0.033660 0.105612
v 0.119726 -0.030677 0.106230
v 0.120067 -0.026983 0.106295
v 0.122320 -0.033124 0.106086
v 0.122805 -0.030287 0.106697
v 0.123317 -0.026683 0.106876
v 0.124647 -0.032527 0.106051
v -0.119788 0.017378 0.093922
v -0.119505 0.005993 0.104267
v -0.119264 0.011829 0.104260
v -0.118584 0.017378 0.104234
v -0.090350 0.037220 0.081420
v -0.086566 0.037220 0.091739
v -0.087205 0.026227 0.091739
v -0.090989 0.026227 0.081420
v -0.129332 0.017223 0.098352
v -0.129557 0.011791 0.098352
v -0.129640 0.005988 0.098352
v -0.129346 0.017223 0.106078
v -0.129571 0.011791 0.106078
v -0.129654 0.005988 0.106078
v -0.121732 0.000000 0.105971
v -0.124513 0.000000 0.106805
v -0.127339 0.000000 0.106823
v -0.118969 0.000000 0.096320
v -0.118218 0.000000 0.098905
v -0.118218 0.000000 0.098905
v -0.118370 0.000000 0.101752
v -0.127613 0.000000 0.096344
v -0.125170 0.000000 0.094838
v -0.122682 0.000000 0.094148
v -0.131052 0.000000 0.104651
v -0.131465 0.000000 0.102738
v -0.130975 0.000000 0.100563
v -0.087333 0.038766 0.089401
v -0.088338 0.039282 0.086580
v -0.089403 0.038766 0.083758
v -0.094930 0.038765 0.085513
v -0.093848 0.039280 0.088318
v -0.092782 0.038765 0.091124
v -0.098507 0.038756 0.086779
v -0.097411 0.039270 0.089574
v -0.096320 0.038756 0.092369
v -0.102133 0.038730 0.088165
v -0.101045 0.039243 0.090954
v -0.099956 0.038730 0.093743
v -0.105840 0.034653 0.100525
v -0.105682 0.031710 0.101008
v -0.105843 0.028757 0.100533
v -0.109425 0.034560 0.102070
v -0.109309 0.031614 0.102573
v -0.109453 0.028586 0.102135
v -0.112914 0.034377 0.103503
v -0.112871 0.031378 0.104047
v -0.113017 0.028098 0.103714
v -0.102141 0.024717 0.088165
v -0.101053 0.024205 0.090954
v -0.101053 0.024205 0.090954
v -0.099964 0.024717 0.093743
v 0.125394 -0.029899 0.106604
v 0.126110 -0.026437 0.106807
v 0.108960 -0.038595 0.091140
v 0.108025 -0.039099 0.093947
v 0.107091 -0.038595 0.096754
v 0.112029 -0.038440 0.092662
v 0.111238 -0.038934 0.095475
v 0.110455 -0.038440 0.098289
v 0.114884 -0.038178 0.094172
v 0.114255 -0.038659 0.096960
v 0.113650 -0.038178 0.099749
v 0.107084 -0.024786 0.096758
v 0.108013 -0.024280 0.093941
v 0.108013 -0.024280 0.093941
v 0.108954 -0.024786 0.091128
v 0.110399 -0.024476 0.098315
v 0.111139 -0.023959 0.095423
v 0.111139 -0.023959 0.095423
v 0.111980 -0.024476 0.092570
v 0.113432 -0.023437 0.099809
v 0.113884 -0.022894 0.096770
v 0.113884 -0.022894 0.096770
v 0.114691 -0.023437 0.093862
v 0.110222 -0.028757 0.087363
v 0.110381 -0.031710 0.086886
v 0.110218 -0.034653 0.087370
v 0.113148 -0.028586 0.088829
v 0.113269 -0.031614 0.088383
v 0.113114 -0.034560 0.088882
v 0.115930 -0.028098 0.090248
v 0.115981 -0.031378 0.089890
v 0.115806 -0.034377 0.090420
v 0.127130 -0.032028 0.100518
v 0.127388 -0.032073 0.102466
v 0.127143 -0.032028 0.104192
v 0.128331 -0.029477 0.100559
v 0.128702 -0.029457 0.102657
v 0.128388 -0.029477 0.104504
v 0.129353 -0.026150 0.100563
v 0.129785 -0.026118 0.102728
v 0.129427 -0.026150 0.104633
v 0.120010 -0.037180 0.097046
v 0.119673 -0.037622 0.099603
v 0.119436 -0.037180 0.102157
v 0.122233 -0.036370 0.098340
v 0.122019 -0.036768 0.100664
v 0.121910 -0.036370 0.102967
v 0.124151 -0.035299 0.099461
v 0.124069 -0.035616 0.101498
v 0.123995 -0.035299 0.103462
v 0.121484 -0.026983 0.092978
v 0.121185 -0.030677 0.092995
v 0.120813 -0.033660 0.093593
v 0.124109 -0.026683 0.094517
v 0.123602 -0.030287 0.094660
v 0.123057 -0.033124 0.095224
v 0.126402 -0.026437 0.096321
v 0.125694 -0.029899 0.096462
v 0.124953 -0.032527 0.096880
v 0.090221 -0.024681 0.083758
v 0.089217 -0.024166 0.086580
v 0.089217 -0.024166 0.086580
v 0.088152 -0.024681 0.089401
v 0.086528 -0.028718 0.093190
v 0.086176 -0.031724 0.093674
v 0.086178 -0.034730 0.093190
v 0.091027 -0.034730 0.079969
v 0.083503 0.034730 0.092389
v 0.082805 0.037220 0.090675
v 0.082571 0.038766 0.088102
v 0.084299 0.031724 0.093083
v 0.085200 0.028718 0.092750
v 0.086090 0.026227 0.091355
v 0.087184 0.024166 0.085858
v 0.087184 0.024166 0.085858
v 0.086730 0.024681 0.088901
v 0.091379 -0.031724 0.079486
v 0.091376 -0.028718 0.079969
v 0.127057 -0.017266 0.106825
v 0.124161 -0.017340 0.106819
v 0.083353 0.038466 0.082068
v 0.082790 0.039109 0.085086
v 0.087392 0.024681 0.082764
v 0.121108 -0.017435 0.106000
v 0.127255 -0.011804 0.106824
v 0.124403 -0.011827 0.106809
v 0.121538 -0.011854 0.105978
v 0.127328 -0.005990 0.106824
v 0.124499 -0.005993 0.106806
v 0.121708 -0.005996 0.105972
v 0.117372 -0.016946 0.101521
v 0.117304 -0.016705 0.098464
v 0.117304 -0.016705 0.098464
v 0.118125 -0.016946 0.095700
v 0.118079 -0.011722 0.101692
v 0.117949 -0.011652 0.098777
v 0.117949 -0.011652 0.098777
v 0.118723 -0.011722 0.096134
v 0.118333 -0.005979 0.101744
v 0.118184 -0.005971 0.098889
v 0.118184 -0.005971 0.098889
v 0.118938 -0.005979 0.096297
v 0.122212 -0.017435 0.093744
v 0.124869 -0.017340 0.094706
v 0.127337 -0.017266 0.096327
v 0.122535 -0.011854 0.094023
v 0.085041 0.034787 0.078600
v 0.086780 0.028696 0.078614
v 0.085968 0.031724 0.078141
v 0.125076 -0.011827 0.094795
v 0.127531 -0.011804 0.096338
v 0.122663 -0.005996 0.094132
v 0.125158 -0.005993 0.094832
v 0.127602 -0.005990 0.096343
v 0.086608 0.025109 0.078713
v 0.086608 0.025109 0.078713
v 0.087022 0.023218 0.081956
v 0.087022 0.023218 0.081956
v 0.087116 0.022608 0.085706
v 0.087116 0.022608 0.085706
v 0.087116 0.022608 0.085706
v 0.086832 0.023226 0.089406
v 0.086832 0.023226 0.089406
v 0.086233 0.025178 0.092501
v 0.086233 0.025178 0.092501
v 0.085090 0.028283 0.094233
v 0.085090 0.028283 0.094233
v 0.083807 0.031820 0.094566
v 0.083807 0.031820 0.094566
v 0.082527 0.035312 0.093660
v 0.082527 0.035312 0.093660
v 0.081217 0.038243 0.091501
v 0.081217 0.038243 0.091501
v 0.080503 0.040125 0.088268
v 0.080503 0.040125 0.088268
v 0.080520 0.040314 0.083737
v 0.080520 0.040314 0.083737
v 0.080866 0.039692 0.080910
v 0.080866 0.039692 0.080910
v 0.081771 0.038043 0.078083
v 0.081771 0.038043 0.078083
v 0.082982 0.035198 0.076658
v 0.082982 0.035198 0.076658
v 0.084298 0.031659 0.076149
v 0.084298 0.031659 0.076149
v 0.085583 0.028107 0.076734
v 0.085583 0.028107 0.076734
v 0.130619 -0.017198 0.100563
v 0.131097 -0.017190 0.102738
v 0.130696 -0.017198 0.104651
v 0.130870 -0.011784 0.100563
v 0.131356 -0.011781 0.102738
v 0.130946 -0.011784 0.104651
v 0.130962 -0.005987 0.100563
v 0.131451 -0.005987 0.102738
v 0.131039 -0.005987 0.104651
v -0.098569 0.024692 0.086779
v -0.097478 0.024178 0.089574
v -0.097478 0.024178 0.089574
v -0.096382 0.024692 0.092369
v -0.095140 0.024683 0.085513
v -0.094074 0.024168 0.088318
v -0.094074 0.024168 0.088318
v -0.092992 0.024683 0.091124
v -0.096433 0.034729 0.081746
v -0.099994 0.034725 0.083027
v -0.103597 0.034714 0.084420
v -0.096661 0.031724 0.081265
v -0.100195 0.031724 0.082547
v -0.103785 0.031724 0.083942
v -0.096522 0.028719 0.081746
v -0.100020 0.028722 0.083027
v -0.103600 0.028733 0.084420
v -0.098497 0.034714 0.097488
v -0.094869 0.034725 0.096122
v -0.091400 0.034729 0.094891
v -0.098312 0.031724 0.097967
v -0.094694 0.031724 0.096601
v -0.091261 0.031724 0.095372
v -0.098500 0.028733 0.097488
v -0.094895 0.028722 0.096122
v -0.091490 0.028719 0.094891
v -0.119469 0.033660 0.105612
v -0.119726 0.030677 0.106230
v -0.120067 0.026983 0.106295
v -0.122320 0.033124 0.106086
v -0.122805 0.030287 0.106697
v -0.123317 0.026683 0.106876
v -0.124647 0.032527 0.106051
v -0.125394 0.029899 0.106604
v -0.126110 0.026437 0.106807
v -0.108960 0.038595 0.091140
v -0.108025 0.039099 0.093947
v -0.107091 0.038595 0.096754
v -0.112029 0.038440 0.092662
v -0.111238 0.038934 0.095475
v -0.110455 0.038440 0.098289
v -0.114884 0.038178 0.094172
v -0.114255 0.038659 0.096960
v -0.113650 0.038178 0.099749
v -0.107084 0.024786 0.096758
v -0.108013 0.024280 0.093941
v -0.108013 0.024280 0.093941
v -0.108954 0.024786 0.091128
v -0.110399 0.024476 0.098315
v -0.111139 0.023959 0.095423
v -0.111139 0.023959 0.095423
v -0.111980 0.024476 0.092570
v -0.113432 0.023437 0.099809
v -0.113884 0.022894 0.096770
v -0.113884 0.022894 0.096770
v -0.114691 0.023437 0.093862
v -0.110222 0.028757 0.087363
v -0.110381 0.031710 0.086886
v -0.110218 0.034653 0.087370
v -0.113148 0.028586 0.088829
v -0.113269 0.031614 0.088383
v -0.113114 0.034560 0.088882
v -0.115930 0.028098 0.090248
v -0.115981 0.031378 0.089890
v -0.115806 0.034377 0.090420
v -0.127130 0.032028 0.100518
v -0.127388 0.032073 0.102466
v -0.127143 0.032028 0.104192
v -0.128331 0.029477 0.100559
v -0.128702 0.029457 0.102657
v -0.128388 0.029477 0.104504
v -0.129353 0.026150 0.100563
v -0.129785 0.026118 0.102728
v -0.129427 0.026150 0.104633
v -0.120010 0.037180 0.097046
v -0.119673 0.037622 0.099603
v -0.119436 0.037180 0.102157
v -0.122233 0.036370 0.098340
v -0.122019 0.036768 0.100664
v -0.121910 0.036370 0.102967
v -0.124151 0.035299 0.099461
v -0.124069 0.035616 0.101498
v -0.123995 0.035299 0.103462
v -0.121484 0.026983 0.092978
v -0.121185 0.030677 0.092995
v -0.120813 0.033660 0.093593
v -0.124109 0.026683 0.094517
v -0.123602 0.030287 0.094660
v -0.123057 0.033124 0.095224
v -0.126402 0.026437 0.096321
v -0.125694 0.029899 0.096462
v -0.124953 0.032527 0.096880
v -0.090221 0.024681 0.083758
v -0.089217 0.024166 0.086580
v -0.089217 0.024166 0.086580
v -0.088152 0.024681 0.089401
v -0.086528 0.028718 0.093190
v -0.086176 0.031724 0.093674
v -0.086178 0.034730 0.093190
v -0.091027 0.034730 0.079969
v -0.091379 0.031724 0.079486
v -0.091376 0.028718 0.079969
v -0.127057 0.017266 0.106825
v -0.124161 0.017340 0.106819
v -0.121108 0.017435 0.106000
v -0.127255 0.011804 0.106824
v -0.124403 0.011827 0.106809
v -0.121538 0.011854 0.105978
v -0.127328 0.005990 0.106824
v -0.124499 0.005993 0.106806
v -0.121708 0.005996 0.105972
v -0.117372 0.016946 0.101521
v -0.117304 0.016705 0.098464
v -0.117304 0.016705 0.098464
v -0.118125 0.016946 0.095700
v -0.118079 0.011722 0.101692
v -0.117949 0.011652 0.098777
v -0.117949 0.011652 0.098777
v -0.118723 0.011722 0.096134
v -0.118333 0.005979 0.101744
v -0.118184 0.005971 0.098889
v -0.118184 0.005971 0.098889
v -0.118938 0.005979 0.096297
v -0.122212 0.017435 0.093744
v -0.124869 0.017340 0.094706
v -0.127337 0.017266 0.096327
v -0.122535 0.011854 0.094023
v -0.125076 0.011827 0.094795
v -0.127531 0.011804 0.096338
v -0.122663 0.005996 0.094132
v -0.125158 0.005993 0.094832
v -0.127602 0.005990 0.096343
v -0.130619 0.017198 0.100563
v -0.131097 0.017190 0.102738
v -0.130696 0.017198 0.104651
v -0.130870 0.011784 0.100563
v -0.131356 0.011781 0.102738
v -0.130946 0.011784 0.104651
v -0.130962 0.005987 0.100563
v -0.131451 0.005987 0.102738
v -0.131039 0.005987 0.104651
v -0.083193 -0.025236 0.116543
v -0.068881 -0.056529 0.102563
v -0.080071 -0.039483 0.099208
v -0.085271 -0.025867 0.102563
v -0.088678 -0.008734 0.102563
v -0.008734 -0.088678 0.102563
v -0.025867 -0.085270 0.102563
v -0.042005 -0.078586 0.102563
v -0.086518 -0.008521 0.116543
v -0.008521 -0.086518 0.116543
v -0.025236 -0.083193 0.116543
v -0.040982 -0.076671 0.116543
v -0.055152 -0.067203 0.116543
v -0.067203 -0.055152 0.116543
v -0.076672 -0.040982 0.116543
v -0.008608 -0.087402 0.126413
v -0.025494 -0.084043 0.126413
v -0.041400 -0.077454 0.126413
v -0.055715 -0.067889 0.126413
v -0.067889 -0.055715 0.126413
v -0.077454 -0.041400 0.126413
v -0.084043 -0.025494 0.126413
v -0.087402 -0.008608 0.126413
v -0.087485 -0.008617 0.053223
v -0.084123 -0.025518 0.053223
v -0.077528 -0.041440 0.053223
v -0.067954 -0.055768 0.053223
v -0.055768 -0.067954 0.053223
v -0.041440 -0.077528 0.053223
v -0.025518 -0.084123 0.053223
v -0.008617 -0.087485 0.053223
v -0.007515 -0.076304 0.018030
v -0.006162 -0.062559 0.001813
v -0.018248 -0.060155 0.001813
v -0.029633 -0.055439 0.001813
v -0.039879 -0.048593 0.001813
v -0.048593 -0.039879 0.001813
v -0.055439 -0.029633 0.001813
v -0.060155 -0.018248 0.001813
v -0.062559 -0.006162 0.001813
v -0.006937 -0.070429 0.008025
v -0.020750 -0.068403 0.020768
v -0.033696 -0.063040 0.020768
v -0.045347 -0.055255 0.020768
v -0.055255 -0.045347 0.020768
v -0.063040 -0.033696 0.020768
v -0.068403 -0.020750 0.020768
v -0.071136 -0.007006 0.020768
v -0.058551 -0.031296 0.011849
v -0.063531 -0.019272 0.011849
v -0.019272 -0.063531 0.011849
v -0.031296 -0.058551 0.011849
v -0.066070 -0.006507 0.011849
v -0.042117 -0.051320 0.011849
v -0.051320 -0.042117 0.011849
v -0.007596 -0.077122 0.035968
v -0.022496 -0.074158 0.035968
v -0.036531 -0.068344 0.035968
v -0.049162 -0.059904 0.035968
v -0.059904 -0.049162 0.035968
v -0.068345 -0.036531 0.035968
v -0.074158 -0.022496 0.035968
v -0.077122 -0.007596 0.035968
v -0.008253 -0.083798 0.087053
v -0.008248 -0.083744 0.070951
v -0.024427 -0.080525 0.070951
v -0.039668 -0.074213 0.070951
v -0.053384 -0.065048 0.070951
v -0.065048 -0.053384 0.070951
v -0.074213 -0.039668 0.070951
v -0.080525 -0.024427 0.070951
v -0.083744 -0.008248 0.070951
v -0.052826 -0.064369 0.101936
v -0.024443 -0.080578 0.087053
v -0.039693 -0.074261 0.087053
v -0.053418 -0.065090 0.087053
v -0.065090 -0.053418 0.087053
v -0.074261 -0.039693 0.087053
v -0.080578 -0.024443 0.087053
v -0.083798 -0.008253 0.087053
v -0.077713 -0.023574 0.116843
v -0.064369 -0.052826 0.101936
v -0.073438 -0.039253 0.101936
v -0.079685 -0.024172 0.101936
v -0.082869 -0.008162 0.101936
v -0.008162 -0.082869 0.101936
v -0.024172 -0.079685 0.101936
v -0.039253 -0.073438 0.101936
v -0.080818 -0.007960 0.116843
v -0.007960 -0.080818 0.116843
v -0.023574 -0.077713 0.116843
v -0.038282 -0.071620 0.116843
v -0.051519 -0.062776 0.116843
v -0.062776 -0.051519 0.116843
v -0.071620 -0.038282 0.116843
v -0.008132 -0.082563 0.128908
v -0.024083 -0.079390 0.128908
v -0.039108 -0.073167 0.128908
v -0.052631 -0.064131 0.128908
v -0.064131 -0.052631 0.128908
v -0.073167 -0.039108 0.128908
v -0.079390 -0.024083 0.128908
v -0.082563 -0.008132 0.128908
v -0.081740 -0.008051 0.054295
v -0.078599 -0.023843 0.054295
v -0.072437 -0.038718 0.054295
v -0.063492 -0.052106 0.054295
v -0.052106 -0.063492 0.054295
v -0.038718 -0.072437 0.054295
v -0.023843 -0.078599 0.054295
v -0.008051 -0.081740 0.054295
v -0.007006 -0.071136 0.020768
v -0.005928 -0.060184 0.007005
v -0.017555 -0.057871 0.007005
v -0.028508 -0.053334 0.007005
v -0.038365 -0.046748 0.007005
v -0.046748 -0.038365 0.007005
v -0.053334 -0.028508 0.007005
v -0.057871 -0.017555 0.007005
v -0.060184 -0.005928 0.007005
v -0.006507 -0.066070 0.011849
v -0.008640 -0.087727 0.131371
v -0.025589 -0.084355 0.131371
v -0.041554 -0.077742 0.131371
v -0.055923 -0.068142 0.131371
v -0.068142 -0.055923 0.131371
v -0.077742 -0.041554 0.131371
v -0.084355 -0.025589 0.131371
v -0.087727 -0.008640 0.131371
v -0.092863 -0.026227 0.082072
v -0.089032 -0.026227 0.092372
v -0.092475 -0.037220 0.082072
v -0.088644 -0.037220 0.092372
v -0.106519 -0.026294 0.087317
v -0.102718 -0.026294 0.097532
v -0.106519 -0.037154 0.087317
v -0.102718 -0.037154 0.097532
v -0.116372 -0.036375 0.103307
v -0.117996 -0.036375 0.093398
v -0.118574 -0.022900 0.092770
v -0.116909 -0.022900 0.104147
v -0.125441 -0.033545 0.104886
v -0.125554 -0.033545 0.098847
v -0.128893 -0.022099 0.098352
v -0.128907 -0.022099 0.106078
v -0.084145 -0.037138 0.079798
v -0.093102 -0.034730 0.080623
v -0.093388 -0.031724 0.080141
v -0.093314 -0.028718 0.080623
v -0.092050 -0.024681 0.084405
v -0.091021 -0.024166 0.087222
v -0.091021 -0.024166 0.087222
v -0.089955 -0.024681 0.090038
v -0.088406 -0.028718 0.093820
v -0.088120 -0.031724 0.094303
v -0.088194 -0.034730 0.093820
v -0.089458 -0.038766 0.090038
v -0.090487 -0.039282 0.087222
v -0.091553 -0.038766 0.084405
v -0.103036 -0.037192 0.085855
v -0.099420 -0.037212 0.084464
v -0.095843 -0.037219 0.083188
v -0.091915 -0.037219 0.093448
v -0.095420 -0.037212 0.094684
v -0.099055 -0.037192 0.096054
v -0.103579 -0.038681 0.095217
v -0.104619 -0.039190 0.092424
v -0.105658 -0.038681 0.089631
v -0.107054 -0.028754 0.085881
v -0.107232 -0.031724 0.085402
v -0.107054 -0.034694 0.085881
v -0.102184 -0.034694 0.098968
v -0.102006 -0.031724 0.099447
v -0.102184 -0.028754 0.098968
v -0.103579 -0.024766 0.095217
v -0.104619 -0.024257 0.092424
v -0.104619 -0.024257 0.092424
v -0.105658 -0.024766 0.089631
v -0.096007 -0.026228 0.083188
v -0.099469 -0.026236 0.084464
v -0.103042 -0.026255 0.085855
v -0.099061 -0.026255 0.096054
v -0.095469 -0.026236 0.094684
v -0.092079 -0.026228 0.093448
v -0.116655 -0.037770 0.101062
v -0.117070 -0.038235 0.098352
v -0.117543 -0.037770 0.095643
v -0.118695 -0.027422 0.091621
v -0.118605 -0.031046 0.091420
v -0.118362 -0.034082 0.091989
v -0.116279 -0.034082 0.104718
v -0.116357 -0.031046 0.105308
v -0.116569 -0.027422 0.105162
v -0.115894 -0.021081 0.100991
v -0.116004 -0.020587 0.097823
v -0.116004 -0.020587 0.097823
v -0.116857 -0.021081 0.094924
v -0.106320 -0.026306 0.099091
v -0.109827 -0.026044 0.100703
v 0.086955 0.023715 0.077424
v 0.087476 0.021410 0.081454
v 0.087581 0.020739 0.085843
v 0.087236 0.021468 0.090095
v 0.086373 0.024197 0.094158
v 0.085050 0.027936 0.096131
v 0.083659 0.031798 0.096490
v 0.082153 0.035835 0.095480
v 0.080578 0.039405 0.092904
v 0.079710 0.041756 0.088931
v 0.079700 0.042059 0.083635
v 0.080087 0.041311 0.080205
v 0.081202 0.039167 0.076620
v 0.082759 0.035614 0.074786
v 0.084293 0.031562 0.074221
v 0.085757 0.027422 0.074938
v -0.113247 -0.025171 0.102348
v -0.113174 -0.036732 0.102059
v -0.109813 -0.036957 0.100620
v -0.106318 -0.037086 0.099080
v -0.115431 -0.036732 0.091861
v -0.112692 -0.036957 0.090331
v -0.109736 -0.037086 0.088814
v -0.109739 -0.026306 0.088803
v -0.112716 -0.026044 0.090242
v -0.115535 -0.025171 0.091565
v -0.125706 -0.033906 0.103798
v -0.125847 -0.034083 0.102096
v -0.125760 -0.033906 0.100240
v -0.128198 -0.026254 0.098362
v -0.127313 -0.029604 0.098433
v -0.126347 -0.032086 0.098612
v -0.126285 -0.032086 0.105441
v -0.127302 -0.029604 0.105877
v -0.128209 -0.026254 0.106053
v -0.130208 -0.022041 0.104651
v -0.130593 -0.022022 0.102738
v -0.130132 -0.022041 0.100563
v -0.120512 -0.022562 0.106092
v -0.123787 -0.022347 0.106850
v -0.126684 -0.022197 0.106829
v -0.124106 -0.034311 0.105032
v -0.121988 -0.035160 0.104867
v -0.119356 -0.035855 0.104272
v -0.124377 -0.034311 0.097806
v -0.122572 -0.035160 0.096417
v -0.120404 -0.035855 0.094928
v -0.121781 -0.022562 0.093328
v -0.124540 -0.022347 0.094591
v -0.126970 -0.022197 0.096313
v -0.120482 -0.005993 0.094563
v -0.120299 -0.011829 0.094395
v -0.119788 -0.017378 0.093922
v -0.119505 -0.005993 0.104267
v -0.119264 -0.011829 0.104260
v -0.118584 -0.017378 0.104234
v -0.090350 -0.037220 0.081420
v -0.086566 -0.037220 0.091739
v -0.087205 -0.026227 0.091739
v -0.090989 -0.026227 0.081420
v -0.129332 -0.017223 0.098352
v -0.129557 -0.011791 0.098352
v -0.129640 -0.005988 0.098352
v -0.129346 -0.017223 0.106078
v -0.129571 -0.011791 0.106078
v -0.129654 -0.005988 0.106078
v -0.087333 -0.038766 0.089401
v -0.088338 -0.039282 0.086580
v -0.089403 -0.038766 0.083758
v -0.094930 -0.038765 0.085513
v -0.093848 -0.039280 0.088318
v -0.092782 -0.038765 0.091124
v -0.098507 -0.038756 0.086779
v -0.097411 -0.039270 0.089574
v -0.096320 -0.038756 0.092369
v -0.102133 -0.038730 0.088165
v 0.083503 -0.034730 0.092389
v 0.082805 -0.037220 0.090675
v 0.082571 -0.038766 0.088102
v 0.084299 -0.031724 0.093083
v 0.085200 -0.028718 0.092750
v 0.086090 -0.026227 0.091355
v 0.087184 -0.024166 0.085858
v 0.087184 -0.024166 0.085858
v 0.086730 -0.024681 0.088901
v 0.083353 -0.038466 0.082068
v 0.082790 -0.039109 0.085086
v 0.087392 -0.024681 0.082764
v 0.085041 -0.034787 0.078600
v 0.086780 -0.028696 0.078614
v 0.085968 -0.031724 0.078141
v 0.086608 -0.025109 0.078713
v 0.087022 -0.023218 0.081956
v 0.087116 -0.022608 0.085706
v 0.087116 -0.022608 0.085706
v 0.086832 -0.023226 0.089406
v 0.086233 -0.025178 0.092501
v 0.085090 -0.028283 0.094233
v 0.083807 -0.031820 0.094566
v 0.082527 -0.035312 0.093660
v 0.081217 -0.038243 0.091501
v 0.080503 -0.040125 0.088268
v 0.080520 -0.040314 0.083737
v 0.080866 -0.039692 0.080910
v 0.081771 -0.038043 0.078083
v 0.082982 -0.035198 0.076658
v 0.084298 -0.031659 0.076149
v 0.085583 -0.028107 0.076734
v -0.101045 -0.039243 0.090954
v -0.099956 -0.038730 0.093743
v -0.105840 -0.034653 0.100525
v -0.105682 -0.031710 0.101008
v -0.105843 -0.028757 0.100533
v -0.109425 -0.034560 0.102070
v -0.109309 -0.031614 0.102573
v -0.109453 -0.028586 0.102135
v -0.112914 -0.034377 0.103503
v -0.112871 -0.031378 0.104047
v -0.113017 -0.028098 0.103714
v -0.102141 -0.024717 0.088165
v -0.101053 -0.024205 0.090954
v -0.101053 -0.024205 0.090954
v -0.099964 -0.024717 0.093743
v -0.098569 -0.024692 0.086779
v -0.097478 -0.024178 0.089574
v -0.097478 -0.024178 0.089574
v -0.096382 -0.024692 0.092369
v -0.095140 -0.024683 0.085513
v -0.094074 -0.024168 0.088318
v -0.094074 -0.024168 0.088318
v -0.092992 -0.024683 0.091124
v -0.096433 -0.034729 0.081746
v -0.099994 -0.034725 0.083027
v -0.103597 -0.034714 0.084420
v -0.096661 -0.031724 0.081265
v -0.100195 -0.031724 0.082547
v -0.103785 -0.031724 0.083942
v -0.096522 -0.028719 0.081746
v -0.100020 -0.028722 0.083027
v -0.103600 -0.028733 0.084420
v -0.098497 -0.034714 0.097488
v 0.086955 -0.023715 0.077424
v 0.086955 -0.023715 0.077424
v 0.087476 -0.021410 0.081454
v 0.087476 -0.021410 0.081454
v 0.087581 -0.020739 0.085843
v 0.087581 -0.020739 0.085843
v 0.087581 -0.020739 0.085843
v 0.087236 -0.021468 0.090095
v 0.087236 -0.021468 0.090095
v 0.086373 -0.024197 0.094158
v 0.086373 -0.024197 0.094158
v 0.085050 -0.027936 0.096131
v 0.085050 -0.027936 0.096131
v 0.083659 -0.031798 0.096490
v 0.083659 -0.031798 0.096490
v 0.082153 -0.035835 0.095480
v 0.082153 -0.035835 0.095480
v 0.080578 -0.039405 0.092904
v 0.080578 -0.039405 0.092904
v 0.079710 -0.041756 0.088931
v 0.079710 -0.041756 0.088931
v 0.079700 -0.042059 0.083635
v 0.079700 -0.042059 0.083635
v 0.080087 -0.041311 0.080205
v 0.080087 -0.041311 0.080205
v 0.081202 -0.039167 0.076620
v 0.081202 -0.039167 0.076620
v 0.082759 -0.035614 0.074786
v 0.082759 -0.035614 0.074786
v 0.084293 -0.031562 0.074221
v 0.084293 -0.031562 0.074221
v 0.085757 -0.027422 0.074938
v 0.085757 -0.027422 0.074938
v -0.094869 -0.034725 0.096122
v -0.091400 -0.034729 0.094891
v -0.098312 -0.031724 0.097967
v -0.094694 -0.031724 0.096601
v -0.091261 -0.031724 0.095372
v -0.098500 -0.028733 0.097488
v -0.094895 -0.028722 0.096122
v -0.091490 -0.028719 0.094891
v -0.119469 -0.033660 0.105612
v -0.119726 -0.030677 0.106230
v -0.120067 -0.026983 0.106295
v -0.122320 -0.033124 0.106086
v -0.122805 -0.030287 0.106697
v -0.123317 -0.026683 0.106876
v -0.124647 -0.032527 0.106051
v -0.125394 -0.029899 0.106604
v -0.126110 -0.026437 0.106807
v -0.108960 -0.038595 0.091140
v -0.108025 -0.039099 0.093947
v -0.107091 -0.038595 0.096754
v -0.112029 -0.038440 0.092662
v -0.111238 -0.038934 0.095475
v -0.110455 -0.038440 0.098289
v -0.114884 -0.038178 0.094172
v -0.114255 -0.038659 0.096960
v -0.113650 -0.038178 0.099749
v -0.107084 -0.024786 0.096758
v -0.108013 -0.024280 0.093941
v -0.108013 -0.024280 0.093941
v -0.108954 -0.024786 0.091128
v -0.110399 -0.024476 0.098315
v -0.111139 -0.023959 0.095423
v -0.111139 -0.023959 0.095423
v -0.111980 -0.024476 0.092570
v -0.113432 -0.023437 0.099809
v -0.113884 -0.022894 0.096770
v -0.113884 -0.022894 0.096770
v -0.114691 -0.023437 0.093862
v -0.110222 -0.028757 0.087363
v -0.110381 -0.031710 0.086886
v -0.110218 -0.034653 0.087370
v -0.113148 -0.028586 0.088829
v -0.113269 -0.031614 0.088383
v -0.113114 -0.034560 0.088882
v -0.115930 -0.028098 0.090248
v -0.115981 -0.031378 0.089890
v -0.115806 -0.034377 0.090420
v -0.127130 -0.032028 0.100518
v -0.127388 -0.032073 0.102466
v -0.127143 -0.032028 0.104192
v -0.128331 -0.029477 0.100559
v -0.128702 -0.029457 0.102657
v -0.128388 -0.029477 0.104504
v -0.129353 -0.026150 0.100563
v -0.129785 -0.026118 0.102728
v -0.129427 -0.026150 0.104633
v -0.120010 -0.037180 0.097046
v -0.119673 -0.037622 0.099603
v -0.119436 -0.037180 0.102157
v -0.122233 -0.036370 0.098340
v -0.122019 -0.036768 0.100664
v -0.121910 -0.036370 0.102967
v -0.124151 -0.035299 0.099461
v -0.124069 -0.035616 0.101498
v -0.123995 -0.035299 0.103462
v -0.121484 -0.026983 0.092978
v -0.121185 -0.030677 0.092995
v -0.120813 -0.033660 0.093593
v -0.124109 -0.026683 0.094517
v -0.123602 -0.030287 0.094660
v -0.123057 -0.033124 0.095224
v -0.126402 -0.026437 0.096321
v -0.125694 -0.029899 0.096462
v -0.124953 -0.032527 0.096880
v -0.090221 -0.024681 0.083758
v -0.089217 -0.024166 0.086580
v -0.089217 -0.024166 0.086580
v -0.088152 -0.024681 0.089401
v -0.086528 -0.028718 0.093190
v -0.086176 -0.031724 0.093674
v -0.086178 -0.034730 0.093190
v -0.091027 -0.034730 0.079969
v -0.083503 0.034730 0.092389
v -0.082805 0.037220 0.090675
v -0.082571 0.038766 0.088102
v -0.084299 0.031724 0.093083
v -0.085200 0.028718 0.092750
v -0.086090 0.026227 0.091355
v -0.087184 0.024166 0.085858
v -0.087184 0.024166 0.085858
v -0.086730 0.024681 0.088901
v -0.091379 -0.031724 0.079486
v -0.091376 -0.028718 0.079969
v -0.127057 -0.017266 0.106825
v -0.124161 -0.017340 0.106819
v -0.083353 0.038466 0.082068
v -0.082790 0.039109 0.085086
v -0.087392 0.024681 0.082764
v -0.121108 -0.017435 0.106000
v -0.127255 -0.011804 0.106824
v -0.124403 -0.011827 0.106809
v -0.121538 -0.011854 0.105978
v -0.127328 -0.005990 0.106824
v -0.124499 -0.005993 0.106806
v -0.121708 -0.005996 0.105972
v -0.117372 -0.016946 0.101521
v -0.117304 -0.016705 0.098464
v -0.117304 -0.016705 0.098464
v -0.118125 -0.016946 0.095700
v -0.118079 -0.011722 0.101692
v -0.117949 -0.011652 0.098777
v -0.117949 -0.011652 0.098777
v -0.118723 -0.011722 0.096134
v -0.118333 -0.005979 0.101744
v -0.118184 -0.005971 0.098889
v -0.118184 -0.005971 0.098889
v -0.118938 -0.005979 0.096297
v -0.122212 -0.017435 0.093744
v -0.124869 -0.017340 0.094706
v -0.127337 -0.017266 0.096327
v -0.122535 -0.011854 0.094023
v -0.085041 0.034787 0.078600
v -0.086780 0.028696 0.078614
v -0.085968 0.031724 0.078141
v -0.125076 -0.011827 0.094795
v -0.127531 -0.011804 0.096338
v -0.122663 -0.005996 0.094132
v -0.125158 -0.005993 0.094832
v -0.127602 -0.005990 0.096343
v -0.086608 0.025109 0.078713
v -0.086608 0.025109 0.078713
v -0.087022 0.023218 0.081956
v -0.087022 0.023218 0.081956
v -0.087116 0.022608 0.085706
v -0.087116 0.022608 0.085706
v -0.087116 0.022608 0.085706
v -0.086832 0.023226 0.089406
v -0.086832 0.023226 0.089406
v -0.086233 0.025178 0.092501
v -0.086233 0.025178 0.092501
v -0.085090 0.028283 0.094233
v -0.085090 0.028283 0.094233
v -0.083807 0.031820 0.094566
v -0.083807 0.031820 0.094566
v -0.082527 0.035312 0.093660
v -0.082527 0.035312 0.093660
v -0.081217 0.038243 0.091501
v -0.081217 0.038243 0.091501
v -0.080503 0.040125 0.088268
v -0.080503 0.040125 0.088268
v -0.080520 0.040314 0.083737
v -0.080520 0.040314 0.083737
v -0.080866 0.039692 0.080910
v -0.080866 0.039692 0.080910
v -0.081771 0.038043 0.078083
v -0.081771 0.038043 0.078083
v -0.082982 0.035198 0.076658
v -0.082982 0.035198 0.076658
v -0.084298 0.031659 0.076149
v -0.084298 0.031659 0.076149
v -0.085583 0.028107 0.076734
v -0.085583 0.028107 0.076734
v -0.130619 -0.017198 0.100563
v -0.131097 -0.017190 0.102738
v -0.130696 -0.017198 0.104651
v -0.130870 -0.011784 0.100563
v -0.131356 -0.011781 0.102738
v -0.130946 -0.011784 0.104651
v -0.130962 -0.005987 0.100563
v -0.131451 -0.005987 0.102738
v -0.131039 -0.005987 0.104651
v -0.086955 0.023715 0.077424
v -0.087476 0.021410 0.081454
v -0.087581 0.020739 0.085843
v -0.087236 0.021468 0.090095
v -0.086373 0.024197 0.094158
v -0.085050 0.027936 0.096131
v -0.083659 0.031798 0.096490
v -0.082153 0.035835 0.095480
v -0.080578 0.039405 0.092904
v -0.079710 0.041756 0.088931
v -0.079700 0.042059 0.083635
v -0.080087 0.041311 0.080205
v -0.081202 0.039167 0.076620
v -0.082759 0.035614 0.074786
v -0.084293 0.031562 0.074221
v -0.085757 0.027422 0.074938
v -0.083503 -0.034730 0.092389
v -0.082805 -0.037220 0.090675
v -0.082571 -0.038766 0.088102
v -0.084299 -0.031724 0.093083
v -0.085200 -0.028718 0.092750
v -0.086090 -0.026227 0.091355
v -0.087184 -0.024166 0.085858
v -0.087184 -0.024166 0.085858
v -0.086730 -0.024681 0.088901
v -0.083353 -0.038466 0.082068
v -0.082790 -0.039109 0.085086
v -0.087392 -0.024681 0.082764
v -0.085041 -0.034787 0.078600
v -0.086780 -0.028696 0.078614
v -0.085968 -0.031724 0.078141
v -0.086608 -0.025109 0.078713
v -0.087022 -0.023218 0.081956
v -0.087116 -0.022608 0.085706
v -0.087116 -0.022608 0.085706
v -0.086832 -0.023226 0.089406
v -0.086233 -0.025178 0.092501
v -0.085090 -0.028283 0.094233
v -0.083807 -0.031820 0.094566
v -0.082527 -0.035312 0.093660
v -0.081217 -0.038243 0.091501
v -0.080503 -0.040125 0.088268
v -0.080520 -0.040314 0.083737
v -0.080866 -0.039692 0.080910
v -0.081771 -0.038043 0.078083
v -0.082982 -0.035198 0.076658
v -0.084298 -0.031659 0.076149
v -0.085583 -0.028107 0.076734
v -0.086955 -0.023715 0.077424
v -0.086955 -0.023715 0.077424
v -0.087476 -0.021410 0.081454
v -0.087476 -0.021410 0.081454
v -0.087581 -0.020739 0.085843
v -0.087581 -0.020739 0.085843
v -0.087581 -0.020739 0.085843
v -0.087236 -0.021468 0.090095
v -0.087236 -0.021468 0.090095
v -0.086373 -0.024197 0.094158
v -0.086373 -0.024197 0.094158
v -0.085050 -0.027936 0.096131
v -0.085050 -0.027936 0.096131
v -0.083659 -0.031798 0.096490
v -0.083659 -0.031798 0.096490
v -0.082153 -0.035835 0.095480
v -0.082153 -0.035835 0.095480
v -0.080578 -0.039405 0.092904
v -0.080578 -0.039405 0.092904
v -0.079710 -0.041756 0.088931
v -0.079710 -0.041756 0.088931
v -0.079700 -0.042059 0.083635
v -0.079700 -0.042059 0.083635
v -0.080087 -0.041311 0.080205
v -0.080087 -0.041311 0.080205
v -0.081202 -0.039167 0.076620
v -0.081202 -0.039167 0.076620
v -0.082759 -0.035614 0.074786
v -0.082759 -0.035614 0.074786
v -0.084293 -0.031562 0.074221
v -0.084293 -0.031562 0.074221
v -0.085757 -0.027422 0.074938
v -0.085757 -0.027422 0.074938
vt 0.908087 0.027279
vt 0.973116 0.027279
vt 0.928709 0.012491
vt 0.952494 0.012491
vt 0.921658 0.089469
vt 0.932593 0.089469
vt 0.959544 0.089469
vt 0.948610 0.089469
vt 0.908087 0.151659
vt 0.973115 0.151659
vt 0.928709 0.166447
vt 0.952494 0.166447
vt 0.914277 0.140532
vt 0.966926 0.140532
vt 0.950096 0.148554
vt 0.931106 0.148554
vt 0.918357 0.127897
vt 0.962846 0.127897
vt 0.948932 0.131646
vt 0.932271 0.131646
vt 0.920859 0.114393
vt 0.960344 0.114393
vt 0.948435 0.114912
vt 0.932768 0.114912
vt 0.921716 0.101268
vt 0.959487 0.101268
vt 0.948483 0.100494
vt 0.932720 0.100494
vt 0.914277 0.038405
vt 0.966926 0.038405
vt 0.950096 0.030383
vt 0.931106 0.030383
vt 0.918357 0.051041
vt 0.962846 0.051041
vt 0.948932 0.047291
vt 0.932271 0.047291
vt 0.912632 0.089469
vt 0.968570 0.089469
vt 0.940601 0.089469
vt 0.920859 0.064544
vt 0.932768 0.064026
vt 0.899899 0.142728
vt 0.981304 0.142728
vt 0.921716 0.077670
vt 0.960344 0.064544
vt 0.948435 0.064026
vt 0.932720 0.078444
vt 0.940601 0.169119
vt 0.905230 0.135095
vt 0.975972 0.135095
vt 0.940601 0.149505
vt 0.909362 0.125054
vt 0.971840 0.125054
vt 0.940601 0.132045
vt 0.911843 0.113454
vt 0.969360 0.113454
vt 0.899899 0.036209
vt 0.981304 0.036209
vt 0.940601 0.114912
vt 0.940601 0.009818
vt 0.905230 0.043842
vt 0.975972 0.043842
vt 0.940601 0.029432
vt 0.909362 0.053883
vt 0.971840 0.053884
vt 0.940601 0.046892
vt 0.911843 0.065483
vt 0.969360 0.065483
vt 0.940601 0.064025
vt 0.912651 0.077630
vt 0.968552 0.077630
vt 0.912651 0.101308
vt 0.968552 0.101308
vt 0.940601 0.100329
vt 0.940601 0.078608
vt 0.940601 0.020759
vt 0.902847 0.039887
vt 0.978356 0.039887
vt 0.940601 0.055631
vt 0.940601 0.038158
vt 0.907447 0.048558
vt 0.973756 0.048558
vt 0.940601 0.071768
vt 0.910828 0.059577
vt 0.970375 0.059577
vt 0.940601 0.158179
vt 0.902847 0.139050
vt 0.978356 0.139050
vt 0.940601 0.123306
vt 0.959487 0.077670
vt 0.940601 0.140779
vt 0.907447 0.130379
vt 0.973756 0.130379
vt 0.912414 0.071553
vt 0.968788 0.071553
vt 0.940601 0.107169
vt 0.948483 0.078444
vt 0.910828 0.119361
vt 0.970375 0.119361
vt 0.912414 0.107385
vt 0.968788 0.107385
vt 0.912669 0.095368
vt 0.968534 0.095368
vt 0.940601 0.094593
vt 0.828513 0.676795
vt 0.912669 0.083569
vt 0.968534 0.083569
vt 0.940601 0.084344
vt 0.509153 0.661555
vt 0.715921 0.671422
vt 0.166832 0.423989
vt 0.621745 0.666928
vt 0.271733 0.014525
vt 0.953693 0.089469
vt 0.962835 0.160225
vt 0.958853 0.145725
vt 0.950839 0.156865
vt 0.969511 0.146135
vt 0.956200 0.130486
vt 0.964722 0.134413
vt 0.949433 0.140140
vt 0.954233 0.114738
vt 0.962835 0.018712
vt 0.958853 0.033212
vt 0.661213 0.828855
vt 0.950839 0.022073
vt 0.969511 0.032802
vt 0.956200 0.048451
vt 0.948633 0.123131
vt 0.961303 0.121175
vt 0.953634 0.100817
vt 0.964722 0.044525
vt 0.948423 0.107287
vt 0.959753 0.107698
vt 0.949433 0.038797
vt 0.948562 0.094713
vt 0.954233 0.064199
vt 0.959481 0.095253
vt 0.666586 0.716263
vt 0.424057 0.271719
vt 0.948633 0.055807
vt 0.961303 0.057763
vt 0.953634 0.078121
vt 0.668833 0.669175
vt 0.960557 0.153016
vt 0.957401 0.138207
vt 0.955145 0.122585
vt 0.953807 0.107448
vt 0.953642 0.094948
vt 0.948423 0.071651
vt 0.959753 0.071239
vt 0.948562 0.084224
vt 0.959481 0.083684
vt 0.823958 0.707801
vt 0.813442 0.737322
vt 0.779088 0.674436
vt 0.797368 0.764224
vt 0.776356 0.787474
vt 0.751211 0.806177
vt 0.722900 0.819616
vt 0.960557 0.025921
vt 0.558578 0.663914
vt 0.957401 0.040731
vt 0.692512 0.827273
vt 0.955145 0.056352
vt 0.953807 0.071489
vt 0.953642 0.083989
vt 0.663572 0.779430
vt 0.510735 0.692853
vt 0.518392 0.723242
vt 0.531831 0.751553
vt 0.550534 0.776698
vt 0.573784 0.797710
vt 0.600686 0.813784
vt 0.714577 0.680565
vt 0.711475 0.689270
vt 0.706736 0.697203
vt 0.700539 0.704059
vt 0.693125 0.709574
vt 0.684776 0.713537
vt 0.675815 0.715795
vt 0.409884 0.310664
vt 0.388384 0.346094
vt 0.360384 0.376645
vt 0.326963 0.401143
vt 0.630208 0.824300
vt 0.289407 0.418648
vt 0.190613 0.331185
vt 0.249162 0.428489
vt 0.207774 0.430292
vt 0.331224 0.247936
vt 0.165198 0.430366
vt 0.588961 0.899533
vt 0.622213 0.676157
vt 0.247962 0.107332
vt 0.927510 0.089469
vt 0.624471 0.685118
vt 0.430438 0.273353
vt 0.582590 0.937463
vt 0.628434 0.693467
vt 0.633949 0.700881
vt 0.640805 0.707078
vt 0.648738 0.711817
vt 0.657443 0.714918
vt 0.273367 0.008148
vt 0.442195 0.688148
vt 0.430356 0.230756
vt 0.428540 0.189352
vt 0.418678 0.149102
vt 0.401153 0.111552
vt 0.376641 0.078146
vt 0.346085 0.050166
vt 0.310663 0.028685
vt 0.826886 0.692393
vt 0.918367 0.160225
vt 0.922350 0.145725
vt 0.930363 0.156865
vt 0.911692 0.146135
vt 0.819319 0.722782
vt 0.805969 0.751110
vt 0.925003 0.130486
vt 0.916480 0.134413
vt 0.931770 0.140140
vt 0.926969 0.114738
vt 0.918367 0.018712
vt 0.922350 0.033212
vt 0.676453 0.509495
vt 0.930363 0.022073
vt 0.787350 0.776290
vt 0.911692 0.032802
vt 0.925003 0.048451
vt 0.764175 0.797353
vt 0.932570 0.123131
vt 0.919900 0.121175
vt 0.927568 0.100817
vt 0.737337 0.813490
vt 0.916480 0.044524
vt 0.509288 0.677237
vt 0.707866 0.824082
vt 0.932780 0.107287
vt 0.676895 0.828720
vt 0.921449 0.107698
vt 0.931770 0.038797
vt 0.932641 0.094713
vt 0.926969 0.064199
vt 0.715472 0.676026
vt 0.921722 0.095253
vt 0.713240 0.684994
vt 0.709300 0.693353
vt 0.703806 0.700783
vt 0.671080 0.622087
vt 0.696967 0.706999
vt 0.014531 0.166802
vt 0.689048 0.711761
vt 0.932570 0.055807
vt 0.919900 0.057763
vt 0.513926 0.708208
vt 0.524518 0.737679
vt 0.540655 0.764517
vt 0.927568 0.078121
vt 0.920646 0.153016
vt 0.680351 0.714886
vt 0.671212 0.716255
vt 0.561718 0.787692
vt 0.586898 0.806311
vt 0.923802 0.138207
vt 0.615226 0.819661
vt 0.645615 0.827228
vt 0.621753 0.671554
vt 0.623122 0.680693
vt 0.626247 0.689390
vt 0.631009 0.697309
vt 0.926057 0.122585
vt 0.927396 0.107448
vt 0.637225 0.704148
vt 0.927561 0.094948
vt 0.932780 0.071651
vt 0.644655 0.709642
vt 0.921449 0.071239
vt 0.932641 0.084224
vt 0.653014 0.713582
vt 0.921722 0.083684
vt 0.661982 0.715814
vt 0.826931 0.645496
vt 0.819274 0.615108
vt 0.775943 0.695845
vt 0.168865 0.416056
vt 0.171467 0.405904
vt 0.805835 0.586797
vt 0.787132 0.561652
vt 0.763882 0.540639
vt 0.768682 0.716229
vt 0.757584 0.734804
vt 0.736980 0.524566
vt 0.743075 0.750857
vt 0.725713 0.763772
vt 0.920646 0.025921
vt 0.706165 0.773051
vt 0.685182 0.778338
vt 0.417947 0.291547
vt 0.400022 0.328918
vt 0.375149 0.362071
vt 0.344287 0.389732
vt 0.923802 0.040731
vt 0.308623 0.410836
vt 0.269531 0.424577
vt 0.707458 0.514050
vt 0.228513 0.430427
vt 0.187145 0.428166
vt 0.926057 0.056352
vt 0.927396 0.071489
vt 0.405963 0.267083
vt 0.927561 0.083989
vt 0.674094 0.558920
vt 0.513708 0.630549
vt 0.524224 0.601028
vt 0.269701 0.022459
vt 0.267101 0.032611
vt 0.540298 0.574126
vt 0.561311 0.550876
vt 0.586455 0.532173
vt 0.416120 0.269685
vt 0.220659 0.261731
vt 0.976702 0.155368
vt 0.614766 0.518734
vt 0.212998 0.334630
vt 0.235625 0.333642
vt 0.257626 0.328259
vt 0.278156 0.318686
vt 0.296424 0.305291
vt 0.311727 0.288590
vt 0.715453 0.662193
vt 0.713195 0.653232
vt 0.709233 0.644883
vt 0.703717 0.637469
vt 0.696861 0.631272
vt 0.688928 0.626532
vt 0.680223 0.623432
vt 0.323478 0.269223
vt 0.008233 0.207761
vt 0.010048 0.249160
vt 0.415823 0.313513
vt 0.851568 0.909076
vt 0.393652 0.350047
vt 0.816676 0.891238
vt 0.019908 0.289407
vt 0.037429 0.326954
vt 0.645155 0.511077
vt 0.061937 0.360359
vt 0.092487 0.388340
vt 0.127906 0.409824
vt 0.107356 0.190583
vt 0.175719 0.389311
vt 0.181291 0.367566
vt 0.364779 0.381549
vt 0.779578 0.878658
vt 0.330316 0.406811
vt 0.741048 0.871583
vt 0.291591 0.424860
vt 0.701900 0.870163
vt 0.250092 0.435007
vt 0.662960 0.874427
vt 0.207415 0.436866
vt 0.625048 0.884287
vt 0.367612 0.257258
vt 0.389363 0.262830
vt 0.623090 0.657785
vt 0.626191 0.649080
vt 0.008151 0.165167
vt 0.446170 0.729959
vt 0.630930 0.641147
vt 0.637127 0.634291
vt 0.644541 0.628776
vt 0.652890 0.624813
vt 0.661851 0.622555
vt 0.028702 0.127860
vt 0.050200 0.092433
vt 0.078197 0.061884
vt 0.111613 0.037387
vt 0.149164 0.019881
vt 0.189405 0.010036
vt 0.230791 0.008228
vt 0.262851 0.049205
vt 0.257281 0.070950
vt 0.828379 0.661113
vt 0.823740 0.630142
vt 0.813148 0.600671
vt 0.797011 0.573833
vt 0.775948 0.550658
vt 0.750768 0.532038
vt 0.510780 0.645957
vt 0.722440 0.518689
vt 0.692051 0.511122
vt 0.940601 0.174034
vt 0.715913 0.666796
vt 0.714544 0.657657
vt 0.711419 0.648960
vt 0.706657 0.641041
vt 0.700441 0.634202
vt 0.898891 0.143750
vt 0.982311 0.143750
vt 0.693011 0.628708
vt 0.518347 0.615568
vt 0.531697 0.587240
vt 0.550316 0.562060
vt 0.684652 0.624768
vt 0.778034 0.685217
vt 0.675684 0.622536
vt 0.772806 0.706212
vt 0.763582 0.725785
vt 0.750718 0.743182
vt 0.573491 0.540997
vt 0.734706 0.757735
vt 0.716164 0.768884
vt 0.695802 0.776202
vt 0.674403 0.779407
vt 0.201721 0.333452
vt 0.224335 0.334688
vt 0.246757 0.331487
vt 0.268124 0.323973
vt 0.287616 0.312434
vt 0.304482 0.297314
vt 0.318075 0.279193
vt 0.327870 0.258768
vt 0.272536 0.232900
vt 0.600329 0.524860
vt 0.559670 0.685524
vt 0.564957 0.706507
vt 0.574236 0.726055
vt 0.587151 0.743417
vt 0.603204 0.757926
vt 0.621779 0.769024
vt 0.642163 0.776285
vt 0.629800 0.514268
vt 0.428233 0.251395
vt 0.660771 0.509630
vt 0.201105 0.290242
vt 0.430485 0.210008
vt 0.424617 0.168980
vt 0.940601 0.004903
vt 0.622194 0.662324
vt 0.624426 0.653356
vt 0.410856 0.129887
vt 0.389734 0.094234
vt 0.362064 0.063390
vt 0.328912 0.038538
vt 0.291552 0.020630
vt 0.628366 0.644997
vt 0.633860 0.637567
vt 0.640699 0.631351
vt 0.898891 0.035187
vt 0.982311 0.035188
vt 0.648618 0.626589
vt 0.424006 0.293752
vt 0.565862 0.947722
vt 0.867914 0.919935
vt 0.405535 0.332263
vt 0.834434 0.899536
vt 0.379903 0.366428
vt 0.798348 0.884297
vt 0.240912 0.182677
vt 0.976702 0.023570
vt 0.269246 0.115074
vt 0.657315 0.623464
vt 0.666454 0.622095
vt 0.288611 0.126820
vt 0.289236 0.237179
vt 0.348098 0.394932
vt 0.760437 0.874444
vt 0.777996 0.652826
vt 0.772709 0.631843
vt 0.763430 0.612295
vt 0.750515 0.594933
vt 0.734462 0.580424
vt 0.715887 0.569326
vt 0.695503 0.562065
vt 0.311347 0.416680
vt 0.721499 0.870186
vt 0.305314 0.142120
vt 0.010356 0.187124
vt 0.008103 0.228506
vt 0.013970 0.269531
vt 0.027728 0.308620
vt 0.048847 0.344271
vt 0.076512 0.375115
vt 0.109659 0.399969
vt 0.147014 0.417881
vt 0.318711 0.160384
vt 0.271062 0.430839
vt 0.682356 0.871612
vt 0.328288 0.180912
vt 0.333676 0.202915
vt 0.334668 0.225546
vt 0.436933 0.231114
vt 0.618106 0.920902
vt 0.435059 0.188420
vt 0.655637 0.909675
vt 0.228794 0.436867
vt 0.643831 0.878692
vt 0.201865 0.287275
vt 0.940601 0.177242
vt 0.186165 0.434536
vt 0.606737 0.891276
vt 0.381830 0.341177
vt 0.032623 0.171437
vt 0.022468 0.168835
vt 0.197646 0.255829
vt 0.904501 0.155368
vt 0.169330 0.323440
vt 0.149967 0.311693
vt 0.133265 0.296393
vt 0.119868 0.278129
vt 0.110292 0.257602
vt 0.104904 0.235601
vt 0.103913 0.212971
vt 0.373444 0.334886
vt 0.001656 0.207403
vt 0.410073 0.745217
vt 0.003529 0.250092
vt 0.372157 0.755070
vt 0.013696 0.291593
vt 0.333214 0.759329
vt 0.031764 0.330310
vt 0.294065 0.757903
vt 0.402497 0.307121
vt 0.424890 0.146915
vt 0.694398 0.904002
vt 0.393044 0.302587
vt 0.208221 0.422114
vt 0.057036 0.364756
vt 0.255535 0.750822
vt 0.088538 0.393607
vt 0.218434 0.738235
vt 0.208793 0.411650
vt 0.246526 0.410005
vt 0.125059 0.415760
vt 0.183549 0.720262
vt 0.555475 0.919991
vt 0.070971 0.181261
vt 0.049222 0.175689
vt 0.237475 0.148276
vt 0.248006 0.420381
vt 0.779065 0.663604
vt 0.286691 0.410920
vt 0.406819 0.108195
vt 0.733571 0.904002
vt 0.775860 0.642206
vt 0.768543 0.621845
vt 0.283215 0.401032
vt 0.322791 0.394093
vt 0.317452 0.385072
vt 0.347919 0.362738
vt 0.354916 0.370544
vt 0.265084 0.406393
vt 0.267581 0.416602
vt 0.300714 0.393868
vt 0.305154 0.403395
vt 0.381542 0.073748
vt 0.772332 0.909676
vt 0.757393 0.603302
vt 0.742840 0.587290
vt 0.361345 0.349421
vt 0.725443 0.574426
vt 0.705871 0.565202
vt 0.684875 0.559974
vt 0.369095 0.356523
vt 0.179784 0.327831
vt 0.159362 0.318039
vt 0.333218 0.374632
vt 0.339432 0.383109
vt 0.141243 0.304450
vt 0.126122 0.287587
vt 0.114580 0.268099
vt 0.107062 0.246732
vt 0.103857 0.224310
vt 0.105089 0.201693
vt 0.384014 0.319204
vt 0.393002 0.324658
vt 0.166039 0.205617
vt 0.350035 0.044898
vt 0.809862 0.920903
vt 0.313508 0.022748
vt 0.845377 0.937464
vt 0.189993 0.409667
vt 0.561723 0.642505
vt 0.568984 0.622121
vt 0.580082 0.603546
vt 0.594591 0.587493
vt 0.611953 0.574578
vt 0.631501 0.565299
vt 0.652484 0.560012
vt 0.020641 0.146976
vt 0.038564 0.109608
vt 0.063433 0.076457
vt 0.094292 0.048798
vt 0.129951 0.027693
vt 0.169039 0.013951
vt 0.210053 0.008096
vt 0.251420 0.010352
vt 0.188394 0.420053
vt 0.236716 0.151243
vt 0.940601 0.001695
vt 0.003983 0.186144
vt 0.428388 0.738230
vt 0.001662 0.228789
vt 0.391288 0.750809
vt 0.007708 0.271065
vt 0.352760 0.757884
vt 0.217896 0.176787
vt 0.904501 0.023570
vt 0.225578 0.103889
vt 0.202950 0.104879
vt 0.149341 0.201339
vt 0.021886 0.311346
vt 0.313614 0.759304
vt 0.043649 0.348084
vt 0.274675 0.755039
vt 0.180950 0.110264
vt 0.160421 0.119837
vt 0.072158 0.379868
vt 0.236764 0.745180
vt 0.142154 0.133231
vt 0.126852 0.149931
vt 0.115102 0.169297
vt 0.022764 0.125012
vt 0.179408 0.688148
vt 0.044932 0.088481
vt 0.214924 0.704709
vt 0.106316 0.405480
vt 0.200665 0.729923
vt 0.144810 0.423938
vt 0.571843 0.909113
vt 0.018158 0.248000
vt 0.028536 0.246517
vt 0.016413 0.208206
vt 0.073801 0.056980
vt 0.252454 0.715936
vt 0.026881 0.208776
vt 0.131447 0.402440
vt 0.135978 0.392990
vt 0.103688 0.373403
vt 0.097401 0.381787
vt 0.068034 0.354890
vt 0.400350 0.285143
vt 0.410230 0.288738
vt 0.108260 0.031720
vt 0.291214 0.721610
vt 0.227698 0.411727
vt 0.228156 0.422226
vt 0.075837 0.347892
vt 0.044477 0.322780
vt 0.053495 0.317438
vt 0.037523 0.283207
vt 0.027635 0.286687
vt 0.209728 0.394545
vt 0.210952 0.372131
vt 0.244106 0.393046
vt 0.240934 0.370822
vt 0.277533 0.384869
vt 0.270086 0.363690
vt 0.308725 0.370327
vt 0.297289 0.351007
vt 0.336482 0.349978
vt 0.321496 0.333259
vt 0.359737 0.324603
vt 0.341775 0.311129
vt 0.377593 0.295176
vt 0.357347 0.285466
vt 0.192598 0.392743
vt 0.196010 0.370568
vt 0.226952 0.394620
vt 0.225974 0.372204
vt 0.261015 0.389759
vt 0.255683 0.367963
vt 0.293478 0.378347
vt 0.283995 0.358009
vt 0.323092 0.360819
vt 0.309823 0.342721
vt 0.348718 0.337849
vt 0.332173 0.322687
vt 0.369371 0.310318
vt 0.350184 0.298676
vt 0.384254 0.279286
vt 0.363164 0.271611
vt 0.954749 0.170357
vt 0.948298 0.172484
vt 0.558601 0.674745
vt 0.561806 0.696144
vt 0.569124 0.716505
vt 0.964416 0.164215
vt 0.974437 0.153415
vt 0.580273 0.735048
vt 0.594826 0.751060
vt 0.089154 0.361312
vt 0.082056 0.369061
vt 0.063940 0.333198
vt 0.055466 0.339415
vt 0.612223 0.763924
vt 0.146981 0.013669
vt 0.330388 0.721610
vt 0.032154 0.265077
vt 0.021945 0.267577
vt 0.044693 0.300704
vt 0.035168 0.305148
vt 0.631795 0.773148
vt 0.227055 0.273662
vt 0.237527 0.271105
vt 0.247294 0.266553
vt 0.255983 0.260182
vt 0.263263 0.252238
vt 0.268852 0.243026
vt 0.222294 0.274675
vt 0.966299 0.166696
vt 0.232355 0.272640
vt 0.242522 0.269068
vt 0.251794 0.263580
vt 0.652791 0.778376
vt 0.026808 0.227686
vt 0.016306 0.228146
vt 0.188475 0.003518
vt 0.369149 0.715936
vt 0.231149 0.001655
vt 0.406679 0.704709
vt 0.153415 0.400293
vt 0.149821 0.410168
vt 0.028861 0.189969
vt 0.018471 0.188372
vt 0.119366 0.383966
vt 0.113916 0.392951
vt 0.143384 0.377544
vt 0.153091 0.357304
vt 0.113965 0.359698
vt 0.127433 0.341738
vt 0.088590 0.336454
vt 0.258792 0.110685
vt 0.279215 0.120475
vt 0.297335 0.134063
vt 0.105303 0.321467
vt 0.312457 0.150925
vt 0.324000 0.170415
vt 0.331519 0.191782
vt 0.068236 0.308707
vt 0.087552 0.297267
vt 0.053684 0.277520
vt 0.334724 0.214206
vt 0.333492 0.236825
vt 0.074862 0.270068
vt 0.045497 0.244092
vt 0.067723 0.240915
vt 0.043990 0.209707
vt 0.066409 0.210928
vt 0.159269 0.384203
vt 0.166942 0.363119
vt 0.128247 0.369327
vt 0.139884 0.350144
vt 0.100720 0.348685
vt 0.115876 0.332140
vt 0.077747 0.323069
vt 0.095840 0.309798
vt 0.060212 0.293463
vt 0.080547 0.283975
vt 0.048789 0.261002
vt 0.070585 0.255664
vt 0.043918 0.226936
vt 0.066338 0.225953
vt 0.045789 0.192573
vt 0.067970 0.195984
vt 0.926453 0.170357
vt 0.932904 0.172484
vt 0.559632 0.653133
vt 0.564860 0.632137
vt 0.574084 0.612565
vt 0.434607 0.252375
vt 0.600059 0.928551
vt 0.436927 0.209726
vt 0.636674 0.914630
vt 0.430880 0.167445
vt 0.674917 0.906158
vt 0.916786 0.164215
vt 0.906765 0.153415
vt 0.259817 0.256388
vt 0.266283 0.247769
vt 0.270942 0.238053
vt 0.229492 0.290734
vt 0.243244 0.287370
vt 0.256074 0.281388
vt 0.586948 0.595168
vt 0.416699 0.127160
vt 0.713984 0.903314
vt 0.394931 0.090420
vt 0.753051 0.906159
vt 0.366417 0.058636
vt 0.791294 0.914631
vt 0.332254 0.033027
vt 0.827909 0.928552
vt 0.267490 0.273018
vt 0.277053 0.262582
vt 0.602960 0.580615
vt 0.210174 0.254840
vt 0.896762 0.144810
vt 0.984441 0.144810
vt 0.211144 0.251044
vt 0.621503 0.569466
vt 0.641865 0.562148
vt 0.186325 0.263216
vt 0.178368 0.255942
vt 0.171992 0.247257
vt 0.167436 0.237494
vt 0.164873 0.227029
vt 0.164401 0.216266
vt 0.190017 0.266392
vt 0.914903 0.166696
vt 0.182166 0.259773
vt 0.174967 0.251755
vt 0.169475 0.242487
vt 0.663263 0.558943
vt 0.236854 0.105066
vt 0.214240 0.103833
vt 0.191819 0.107035
vt 0.170452 0.114550
vt 0.150961 0.126089
vt 0.134096 0.141208
vt 0.120505 0.159328
vt 0.110710 0.179751
vt 0.014582 0.144771
vt 0.162679 0.677890
vt 0.463262 0.720316
vt 0.033052 0.106263
vt 0.196877 0.697061
vt 0.058680 0.072101
vt 0.233492 0.710981
vt 0.165899 0.232324
vt 0.164374 0.221659
vt 0.164960 0.210901
vt 0.175979 0.277018
vt 0.165538 0.267457
vt 0.157162 0.256044
vt 0.090480 0.043599
vt 0.271735 0.719454
vt 0.127227 0.021850
vt 0.310801 0.722298
vt 0.167507 0.007689
vt 0.349868 0.719454
vt 0.209772 0.001657
vt 0.388111 0.710982
vt 0.151177 0.243217
vt 0.147809 0.229469
vt 0.252400 0.003981
vt 0.424727 0.697060
vt 0.056754 0.097349
vt 0.065139 0.103640
vt 0.036089 0.131403
vt 0.045542 0.135936
vt 0.230345 0.016406
vt 0.229774 0.026870
vt 0.192044 0.028519
vt 0.190563 0.018144
vt 0.151881 0.027608
vt 0.293756 0.014573
vt 0.458924 0.677889
vt 0.862106 0.947722
vt 0.420429 0.190512
vt 0.410051 0.191996
vt 0.422175 0.230311
vt 0.155358 0.037495
vt 0.115786 0.044436
vt 0.121125 0.053456
vt 0.090661 0.075790
vt 0.083664 0.067984
vt 0.411706 0.229741
vt 0.307123 0.036070
vt 0.302592 0.045521
vt 0.334886 0.065105
vt 0.341173 0.056719
vt 0.370544 0.083615
vt 0.362741 0.090615
vt 0.394105 0.115727
vt 0.385087 0.121070
vt 0.401062 0.155303
vt 0.410950 0.151822
vt 0.284395 0.250480
vt 0.147190 0.215328
vt 0.181851 0.280984
vt 0.170524 0.272493
vt 0.161070 0.261955
vt 0.153855 0.249777
vt 0.149156 0.236425
vt 0.147153 0.222414
vt 0.147923 0.208281
vt 0.188737 0.285010
vt 0.194344 0.287831
vt 0.936749 0.089469
vt 0.190980 0.277460
vt 0.925433 0.173356
vt 0.195332 0.282816
vt 0.932356 0.175523
vt 0.222437 0.291389
vt 0.236450 0.289389
vt 0.249805 0.284693
vt 0.261987 0.277483
vt 0.272527 0.268034
vt 0.281021 0.256711
vt 0.934420 0.167858
vt 0.935897 0.149072
vt 0.936594 0.131513
vt 0.936840 0.114709
vt 0.287142 0.243948
vt 0.214464 0.291606
vt 0.208192 0.291382
vt 0.944454 0.089469
vt 0.216129 0.283911
vt 0.955770 0.173356
vt 0.209738 0.286511
vt 0.948847 0.175523
vt 0.946782 0.167858
vt 0.945305 0.149072
vt 0.944608 0.131513
vt 0.936807 0.100325
vt 0.935515 0.157607
vt 0.936748 0.122950
vt 0.936339 0.140068
vt 0.936842 0.107088
vt 0.936768 0.094615
vt 0.187975 0.229002
vt 0.186652 0.222288
vt 0.186754 0.215445
vt 0.199615 0.245550
vt 0.194601 0.240891
vt 0.190664 0.235295
vt 0.205497 0.249065
vt 0.187729 0.211173
vt 0.944363 0.114709
vt 0.944395 0.100325
vt 0.945688 0.157607
vt 0.944454 0.122950
vt 0.944864 0.140068
vt 0.944361 0.107088
vt 0.944434 0.094615
vt 0.242055 0.242859
vt 0.246444 0.237607
vt 0.249645 0.231557
vt 0.223890 0.251771
vt 0.230526 0.250097
vt 0.236671 0.247084
vt 0.217045 0.252021
vt 0.250845 0.227343
vt 0.349421 0.077195
vt 0.356519 0.069445
vt 0.374640 0.105309
vt 0.383114 0.099091
vt 0.406431 0.173435
vt 0.416642 0.170934
vt 0.393890 0.137805
vt 0.403416 0.133360
vt 0.411779 0.210829
vt 0.422281 0.210368
vt 0.285154 0.038220
vt 0.288747 0.028344
vt 0.409726 0.248549
vt 0.420116 0.250147
vt 0.319206 0.054543
vt 0.324655 0.045557
vt 0.244249 0.240233
vt 0.219286 0.219258
vt 0.227208 0.250933
vt 0.248044 0.234582
vt 0.173487 0.032133
vt 0.170989 0.021924
vt 0.137861 0.044659
vt 0.133420 0.035134
vt 0.233599 0.248590
vt 0.239363 0.244971
vt 0.220469 0.251899
vt 0.295187 0.060968
vt 0.285483 0.081209
vt 0.324610 0.078812
vt 0.311143 0.096773
vt 0.349988 0.102054
vt 0.077236 0.089106
vt 0.069487 0.082004
vt 0.105360 0.063896
vt 0.099146 0.055420
vt 0.333275 0.117044
vt 0.370345 0.129802
vt 0.351028 0.141244
vt 0.384899 0.160991
vt 0.363720 0.168445
vt 0.393088 0.194422
vt 0.370860 0.197600
vt 0.394595 0.228809
vt 0.372175 0.227589
vt 0.279301 0.054311
vt 0.271631 0.075396
vt 0.310326 0.069184
vt 0.298690 0.088369
vt 0.337856 0.089824
vt 0.322701 0.106371
vt 0.360832 0.115440
vt 0.342739 0.128713
vt 0.378370 0.145047
vt 0.054570 0.119321
vt 0.045583 0.113867
vt 0.248575 0.028851
vt 0.250172 0.018465
vt 0.358034 0.154536
vt 0.389796 0.177510
vt 0.367998 0.182849
vt 0.394667 0.211579
vt 0.372246 0.212562
vt 0.392796 0.245945
vt 0.370613 0.242534
vt 0.038236 0.153378
vt 0.954749 0.008581
vt 0.948298 0.006454
vt 0.964416 0.014723
vt 0.974438 0.025522
vt 0.028357 0.149784
vt 0.210658 0.252942
vt 0.252256 0.175291
vt 0.210870 0.026795
vt 0.210411 0.016297
vt 0.187314 0.225645
vt 0.197108 0.243220
vt 0.186703 0.218866
vt 0.192633 0.238093
vt 0.189320 0.232148
vt 0.202553 0.247310
vt 0.228842 0.043975
vt 0.227620 0.066389
vt 0.194465 0.045477
vt 0.197639 0.067700
vt 0.161040 0.053657
vt 0.260209 0.182568
vt 0.266584 0.191256
vt 0.271140 0.201020
vt 0.168488 0.074834
vt 0.273703 0.211486
vt 0.274174 0.222251
vt 0.248569 0.172114
vt 0.966299 0.012241
vt 0.129851 0.068199
vt 0.141287 0.087518
vt 0.102097 0.088548
vt 0.256412 0.178736
vt 0.117083 0.105265
vt 0.078845 0.113922
vt 0.096805 0.127394
vt 0.060991 0.143346
vt 0.081235 0.153055
vt 0.245972 0.045774
vt 0.242562 0.067950
vt 0.211618 0.043901
vt 0.212598 0.066317
vt 0.177557 0.048765
vt 0.182891 0.070560
vt 0.145097 0.060179
vt 0.154580 0.080516
vt 0.115486 0.077707
vt 0.128755 0.095804
vt 0.089862 0.100677
vt 0.106407 0.115837
vt 0.069212 0.128205
vt 0.088398 0.139847
vt 0.054330 0.159235
vt 0.075419 0.166909
vt 0.926453 0.008581
vt 0.932904 0.006454
vt 0.916786 0.014723
vt 0.906765 0.025522
vt 0.263609 0.186756
vt 0.269101 0.196026
vt 0.272677 0.206190
vt 0.274202 0.216857
vt 0.273616 0.227616
vt 0.262602 0.161494
vt 0.228405 0.183678
vt 0.896762 0.034128
vt 0.984441 0.034128
vt 0.227430 0.187473
vt 0.211521 0.164866
vt 0.201047 0.167418
vt 0.191281 0.171968
vt 0.182591 0.178338
vt 0.175312 0.186281
vt 0.169723 0.195492
vt 0.216285 0.163857
vt 0.914903 0.012241
vt 0.206220 0.165886
vt 0.196052 0.169454
vt 0.186780 0.174940
vt 0.178758 0.182131
vt 0.172293 0.190750
vt 0.167634 0.200464
vt 0.209086 0.147790
vt 0.195333 0.151153
vt 0.182502 0.157133
vt 0.177100 0.213432
vt 0.181277 0.238479
vt 0.185901 0.245700
vt 0.176783 0.222009
vt 0.178195 0.230473
vt 0.191872 0.251837
vt 0.171086 0.165502
vt 0.178122 0.208712
vt 0.161524 0.175938
vt 0.176825 0.217714
vt 0.177374 0.226258
vt 0.179626 0.234515
vt 0.183489 0.242149
vt 0.188801 0.248848
vt 0.195332 0.254332
vt 0.154181 0.188038
vt 0.216142 0.147136
vt 0.202127 0.149135
vt 0.188771 0.153829
vt 0.176589 0.161038
vt 0.208322 0.250054
vt 0.166049 0.170486
vt 0.157556 0.181808
vt 0.151435 0.194570
vt 0.203096 0.251124
vt 0.224115 0.146917
vt 0.184820 0.210428
vt 0.183713 0.218517
vt 0.184304 0.225830
vt 0.186385 0.232864
vt 0.189864 0.239320
vt 0.194592 0.244923
vt 0.200363 0.249445
vt 0.230387 0.147139
vt 0.222452 0.154616
vt 0.925433 0.005582
vt 0.228843 0.152011
vt 0.932356 0.003415
vt 0.934420 0.011080
vt 0.183831 0.214835
vt 0.187822 0.236258
vt 0.191966 0.242346
vt 0.183664 0.222203
vt 0.185014 0.229447
vt 0.197268 0.247455
vt 0.935897 0.029865
vt 0.936594 0.047424
vt 0.936840 0.064229
vt 0.936807 0.078612
vt 0.935515 0.021331
vt 0.936748 0.055987
vt 0.936339 0.038870
vt 0.936842 0.071849
vt 0.936768 0.084323
vt 0.196517 0.195659
vt 0.192129 0.200911
vt 0.188928 0.206959
vt 0.214680 0.186746
vt 0.208044 0.188421
vt 0.201900 0.191435
vt 0.908699 0.137143
vt 0.916247 0.101288
vt 0.916282 0.095321
vt 0.910941 0.131916
vt 0.903031 0.145857
vt 0.916252 0.089469
vt 0.914345 0.120059
vt 0.221528 0.186493
vt 0.205192 0.255241
vt 0.900107 0.148546
vt 0.915375 0.113817
vt 0.906198 0.141658
vt 0.912853 0.126144
vt 0.901898 0.147059
vt 0.915979 0.107503
vt 0.207095 0.252085
vt 0.273042 0.171056
vt 0.281416 0.182470
vt 0.259079 0.234435
vt 0.243371 0.254391
vt 0.235843 0.258499
vt 0.255232 0.242108
vt 0.249924 0.248852
vt 0.227652 0.261010
vt 0.287401 0.195298
vt 0.260453 0.229805
vt 0.290768 0.209047
vt 0.257261 0.238322
vt 0.252671 0.245550
vt 0.246725 0.251708
vt 0.239666 0.256546
vt 0.231785 0.259865
vt 0.223413 0.261532
vt 0.291388 0.223188
vt 0.256731 0.157528
vt 0.268056 0.166019
vt 0.277509 0.176558
vt 0.284723 0.188737
vt 0.214094 0.251531
vt 0.289422 0.202090
vt 0.291424 0.216102
vt 0.290654 0.230236
vt 0.218159 0.254979
vt 0.249845 0.153503
vt 0.253754 0.228088
vt 0.250835 0.235714
vt 0.246799 0.241842
vt 0.241592 0.247010
vt 0.235436 0.250998
vt 0.228595 0.253638
vt 0.221360 0.254824
vt 0.244237 0.150684
vt 0.247604 0.161051
vt 0.955770 0.005582
vt 0.243251 0.155699
vt 0.948847 0.003415
vt 0.946782 0.011080
vt 0.252501 0.232428
vt 0.238700 0.249295
vt 0.232137 0.252641
vt 0.249105 0.238969
vt 0.244438 0.244673
vt 0.225030 0.254569
vt 0.227917 0.185575
vt 0.945305 0.029865
vt 0.194323 0.198285
vt 0.185935 0.273687
vt 0.944608 0.047424
vt 0.211362 0.187584
vt 0.944363 0.064229
vt 0.944395 0.078612
vt 0.945688 0.021331
vt 0.159315 0.240352
vt 0.190529 0.203935
vt 0.204972 0.189928
vt 0.199209 0.193547
vt 0.157699 0.203480
vt 0.181158 0.270112
vt 0.944454 0.055987
vt 0.218102 0.186616
vt 0.157536 0.234373
vt 0.944864 0.038870
vt 0.944361 0.071849
vt 0.161673 0.246128
vt 0.179495 0.204082
vt 0.176352 0.266128
vt 0.944434 0.084323
vt 0.250598 0.209512
vt 0.195201 0.184129
vt 0.202727 0.180021
vt 0.251921 0.216228
vt 0.251819 0.223071
vt 0.168026 0.256850
vt 0.238956 0.192964
vt 0.183342 0.196410
vt 0.188649 0.189667
vt 0.210914 0.177510
vt 0.243970 0.197622
vt 0.164586 0.251646
vt 0.181313 0.200195
vt 0.185902 0.192968
vt 0.191848 0.186811
vt 0.156450 0.209592
vt 0.198905 0.181975
vt 0.206784 0.178656
vt 0.171961 0.261694
vt 0.247909 0.203219
vt 0.215147 0.176987
vt 0.224480 0.186984
vt 0.220412 0.183533
vt 0.155805 0.215797
vt 0.187738 0.202803
vt 0.191773 0.196676
vt 0.196980 0.191508
vt 0.156350 0.228248
vt 0.155772 0.222036
vt 0.203134 0.187521
vt 0.209974 0.184881
vt 0.217209 0.183691
vt 0.186072 0.206089
vt 0.199871 0.189223
vt 0.206433 0.185878
vt 0.189468 0.199548
vt 0.194135 0.193846
vt 0.213538 0.183948
vt 0.908699 0.041794
vt 0.916247 0.077650
vt 0.916282 0.083617
vt 0.910941 0.047021
vt 0.903031 0.033080
vt 0.914346 0.058878
vt 0.224230 0.180931
vt 0.900107 0.030392
vt 0.915375 0.065120
vt 0.906198 0.037279
vt 0.912853 0.052794
vt 0.901898 0.031879
vt 0.915979 0.071435
vt 0.224381 0.184613
vt 0.216214 0.155498
vt 0.972503 0.137143
vt 0.964955 0.101288
vt 0.964921 0.095321
vt 0.970262 0.131916
vt 0.176845 0.171927
vt 0.210307 0.156335
vt 0.978172 0.145857
vt 0.172410 0.176314
vt 0.964951 0.089469
vt 0.966857 0.120059
vt 0.181690 0.167996
vt 0.204177 0.157518
vt 0.233074 0.189453
vt 0.214350 0.257574
vt 0.981095 0.148546
vt 0.965828 0.113817
vt 0.192416 0.161650
vt 0.975005 0.141658
vt 0.968349 0.126144
vt 0.186897 0.164559
vt 0.159543 0.197520
vt 0.198194 0.159295
vt 0.979304 0.147059
vt 0.161961 0.191769
vt 0.168425 0.181115
vt 0.164932 0.186284
vt 0.965223 0.107503
vt 0.214195 0.253900
vt 0.251259 0.212870
vt 0.222365 0.283029
vt 0.241463 0.195294
vt 0.261730 0.266593
vt 0.251870 0.219649
vt 0.245939 0.200421
vt 0.249253 0.206366
vt 0.280877 0.235037
vt 0.228271 0.282191
vt 0.236018 0.191207
vt 0.266166 0.262205
vt 0.256885 0.270525
vt 0.261475 0.225084
vt 0.234399 0.281006
vt 0.257297 0.200034
vt 0.252672 0.192812
vt 0.246160 0.276873
vt 0.261791 0.216506
vt 0.260379 0.208041
vt 0.246697 0.186672
vt 0.251679 0.273963
vt 0.261749 0.220801
vt 0.261200 0.212257
vt 0.258948 0.203999
vt 0.279033 0.240998
vt 0.255084 0.196363
vt 0.249770 0.189663
vt 0.240382 0.279229
vt 0.243231 0.184176
vt 0.230252 0.188464
vt 0.235473 0.187395
vt 0.276616 0.246749
vt 0.254861 0.219999
vt 0.254269 0.212685
vt 0.252189 0.205650
vt 0.270150 0.257404
vt 0.273644 0.252235
vt 0.248709 0.199193
vt 0.243979 0.193590
vt 0.238205 0.189070
vt 0.254742 0.223681
vt 0.250751 0.202256
vt 0.246605 0.196167
vt 0.254909 0.216312
vt 0.253559 0.209068
vt 0.241301 0.191059
vt 0.972503 0.041794
vt 0.964955 0.077650
vt 0.964921 0.083617
vt 0.970262 0.047021
vt 0.978172 0.033080
vt 0.966857 0.058878
vt 0.233381 0.183288
vt 0.981096 0.030392
vt 0.965828 0.065120
vt 0.975005 0.037279
vt 0.968349 0.052794
vt 0.979304 0.031879
vt 0.965223 0.071435
vt 0.231479 0.186436
vt 0.252648 0.164824
vt 0.279262 0.198162
vt 0.257424 0.168398
vt 0.281041 0.204142
vt 0.276904 0.192385
vt 0.262228 0.172383
vt 0.270552 0.181662
vt 0.273992 0.186867
vt 0.282126 0.228924
vt 0.266619 0.176818
vt 0.282772 0.222719
vt 0.282226 0.210267
vt 0.282804 0.216480
vt 0.594909 0.911164
vt 0.595767 0.912843
vt 0.434894 0.675122
vt 0.435812 0.676765
vt 0.588974 0.948846
vt 0.589891 0.950490
vt 0.844776 0.920220
vt 0.843800 0.921829
vt 0.810861 0.905006
vt 0.811595 0.903269
vt 0.776293 0.891297
vt 0.775818 0.893122
vt 0.739424 0.886439
vt 0.739629 0.884564
vt 0.702445 0.885098
vt 0.702376 0.883213
vt 0.665661 0.889126
vt 0.665320 0.887271
vt 0.629849 0.898439
vt 0.629243 0.896653
vt 0.622748 0.933109
vt 0.623418 0.934872
vt 0.658461 0.922425
vt 0.658869 0.924266
vt 0.695346 0.917026
vt 0.695482 0.918907
vt 0.732486 0.918907
vt 0.732623 0.917026
vt 0.769507 0.922425
vt 0.769100 0.924266
vt 0.804550 0.934872
vt 0.805221 0.933110
vt 0.838994 0.948847
vt 0.838077 0.950490
vt 0.574143 0.959972
vt 0.859194 0.931876
vt 0.573120 0.958419
vt 0.860272 0.930361
vt 0.827668 0.912774
vt 0.828521 0.911104
vt 0.793574 0.898373
vt 0.794177 0.896597
vt 0.757753 0.889063
vt 0.758091 0.887218
vt 0.721029 0.883165
vt 0.720960 0.885039
vt 0.683769 0.884522
vt 0.683973 0.886387
vt 0.647100 0.891261
vt 0.647572 0.893077
vt 0.612523 0.904969
vt 0.611793 0.903241
vt 0.606341 0.942025
vt 0.605549 0.940325
vt 0.640935 0.928870
vt 0.640397 0.927073
vt 0.676799 0.919009
vt 0.677070 0.920865
vt 0.713984 0.918178
vt 0.713984 0.916302
vt 0.439348 0.716675
vt 0.440205 0.718351
vt 0.751170 0.919009
vt 0.750898 0.920865
vt 0.787572 0.927073
vt 0.787034 0.928870
vt 0.821627 0.942026
vt 0.822419 0.940326
vt 0.451665 0.667193
vt 0.854848 0.958419
vt 0.450643 0.665640
vt 0.853825 0.959972
vt 0.405273 0.731062
vt 0.405879 0.732848
vt 0.369458 0.740371
vt 0.369799 0.742226
vt 0.332672 0.744394
vt 0.332741 0.746279
vt 0.295692 0.743047
vt 0.295487 0.744921
vt 0.258821 0.738183
vt 0.259296 0.736358
vt 0.224256 0.724466
vt 0.223522 0.726202
vt 0.190463 0.709306
vt 0.563165 0.930415
vt 0.191440 0.707714
vt 0.564255 0.931932
vt 0.186709 0.675122
vt 0.185792 0.676765
vt 0.219565 0.692502
vt 0.220235 0.690740
vt 0.255686 0.701346
vt 0.255278 0.703187
vt 0.292300 0.706705
vt 0.292163 0.708586
vt 0.329303 0.706705
vt 0.329440 0.708586
vt 0.366325 0.703187
vt 0.365917 0.701346
vt 0.401368 0.690740
vt 0.402038 0.692502
vt 0.423330 0.726263
vt 0.422600 0.724535
vt 0.388021 0.738238
vt 0.387549 0.736423
vt 0.351348 0.744972
vt 0.351144 0.743107
vt 0.314087 0.746324
vt 0.314156 0.744449
vt 0.277362 0.740420
vt 0.277023 0.742265
vt 0.241541 0.731103
vt 0.240938 0.732879
vt 0.206613 0.718358
vt 0.207467 0.716688
vt 0.578614 0.920215
vt 0.579588 0.921819
vt 0.169938 0.667193
vt 0.456397 0.709362
vt 0.170960 0.665640
vt 0.455432 0.707773
vt 0.202366 0.685286
vt 0.203158 0.683587
vt 0.237752 0.696742
vt 0.237214 0.698539
vt 0.273616 0.706603
vt 0.273887 0.704747
vt 0.310801 0.709310
vt 0.310801 0.707434
vt 0.347987 0.706603
vt 0.347716 0.704747
vt 0.384389 0.698539
vt 0.383851 0.696741
vt 0.418445 0.683586
vt 0.419237 0.685286
vt 0.210397 0.710938
vt 0.211259 0.709249
vt 0.862057 0.620486
vt 0.227480 0.716836
vt 0.856328 0.601791
vt 0.226736 0.718597
vt 0.292901 0.698441
vt 0.534827 0.521739
vt 0.292762 0.700348
vt 0.540965 0.528491
vt 0.539472 0.526848
vt 0.528149 0.797043
vt 0.526507 0.798537
vt 0.514476 0.783990
vt 0.516251 0.782670
vt 0.350440 0.736668
vt 0.350234 0.734783
vt 0.771035 0.498117
vt 0.766368 0.505928
vt 0.767502 0.504030
vt 0.702746 0.893377
vt 0.829027 0.787635
vt 0.702677 0.891466
vt 0.823475 0.783530
vt 0.821691 0.782210
vt 0.260900 0.730189
vt 0.261382 0.728339
vt 0.839580 0.566507
vt 0.831759 0.571209
vt 0.833662 0.570066
vt 0.482200 0.622704
vt 0.484354 0.623241
vt 0.480688 0.641536
vt 0.478500 0.641215
vt 0.855466 0.715646
vt 0.853312 0.715109
vt 0.856978 0.696814
vt 0.859166 0.697135
vt 0.447259 0.660181
vt 0.850442 0.965431
vt 0.446213 0.658594
vt 0.469823 0.679232
vt 0.849395 0.967018
vt 0.476702 0.678884
vt 0.478911 0.678773
vt 0.625683 0.940829
vt 0.620694 0.862508
vt 0.626363 0.942616
vt 0.622362 0.855808
vt 0.622899 0.853654
vt 0.314391 0.737975
vt 0.314461 0.736080
vt 0.802443 0.521343
vt 0.332372 0.736114
vt 0.787293 0.508980
vt 0.332441 0.738025
vt 0.847741 0.604877
vt 0.849830 0.604126
vt 0.855378 0.622169
vt 0.853234 0.622710
vt 0.717522 0.862399
vt 0.823859 0.920231
vt 0.824721 0.918543
vt 0.840494 0.927293
vt 0.698344 0.866214
vt 0.839509 0.928924
vt 0.535223 0.817007
vt 0.713984 0.926552
vt 0.713984 0.924656
vt 0.539842 0.811897
vt 0.541324 0.810257
vt 0.660248 0.930488
vt 0.583902 0.849402
vt 0.660661 0.932355
vt 0.601967 0.856885
vt 0.643335 0.936893
vt 0.642791 0.935076
vt 0.609877 0.949616
vt 0.639872 0.866323
vt 0.609076 0.947898
vt 0.430863 0.667877
vt 0.469823 0.659678
vt 0.431789 0.669542
vt 0.478938 0.660113
vt 0.476721 0.660007
vt 0.278876 0.732183
vt 0.828716 0.550249
vt 0.278533 0.734048
vt 0.640345 0.478965
vt 0.640674 0.481161
vt 0.622368 0.484774
vt 0.621828 0.482630
vt 0.834972 0.956070
vt 0.471794 0.698686
vt 0.834046 0.957735
vt 0.475609 0.717863
vt 0.818091 0.949616
vt 0.818892 0.947898
vt 0.478623 0.697663
vt 0.480819 0.697334
vt 0.190740 0.667877
vt 0.639322 0.472136
vt 0.189814 0.669542
vt 0.174344 0.660181
vt 0.452249 0.702193
vt 0.175390 0.658594
vt 0.451261 0.700569
vt 0.658776 0.470165
vt 0.240152 0.688719
vt 0.583384 0.489163
vt 0.239608 0.690535
vt 0.586338 0.495385
vt 0.587286 0.497383
vt 0.736217 0.856670
vt 0.807638 0.912638
vt 0.808382 0.910877
vt 0.733131 0.848083
vt 0.733882 0.850172
vt 0.481338 0.736559
vt 0.801605 0.942616
vt 0.802285 0.940829
vt 0.489925 0.733473
vt 0.487836 0.734224
vt 0.756240 0.897300
vt 0.787759 0.829058
vt 0.756583 0.895435
vt 0.774215 0.899290
vt 0.771501 0.839922
vt 0.773734 0.901141
vt 0.274825 0.698337
vt 0.275100 0.696461
vt 0.549907 0.509292
vt 0.785177 0.935077
vt 0.488821 0.754624
vt 0.784634 0.936893
vt 0.495043 0.751670
vt 0.497041 0.750722
vt 0.738523 0.894675
vt 0.802839 0.816611
vt 0.738731 0.892774
vt 0.796701 0.809859
vt 0.798195 0.811501
vt 0.222500 0.684783
vt 0.223180 0.682996
vt 0.601449 0.481680
vt 0.696992 0.857189
vt 0.697321 0.859385
vt 0.678542 0.861306
vt 0.678431 0.859097
vt 0.420080 0.718567
vt 0.419342 0.716821
vt 0.697794 0.472027
vt 0.435583 0.709287
vt 0.678330 0.470165
vt 0.436448 0.710985
vt 0.823190 0.554360
vt 0.821415 0.555680
vt 0.592996 0.956070
vt 0.593922 0.957735
vt 0.659336 0.868185
vt 0.659665 0.861287
vt 0.659771 0.859070
vt 0.659124 0.477044
vt 0.659235 0.479253
vt 0.632511 0.906285
vt 0.862166 0.717314
vt 0.631897 0.904474
vt 0.649202 0.899346
vt 0.649679 0.901181
vt 0.856543 0.736042
vt 0.754282 0.849187
vt 0.790885 0.906304
vt 0.791494 0.904508
vt 0.750380 0.840967
vt 0.751328 0.842965
vt 0.783648 0.823532
vt 0.782328 0.821757
vt 0.244231 0.723173
vt 0.848846 0.583726
vt 0.243622 0.724969
vt 0.842623 0.586680
vt 0.840625 0.587628
vt 0.328702 0.698441
vt 0.508639 0.550715
vt 0.328840 0.700348
vt 0.515975 0.556140
vt 0.514191 0.554820
vt 0.194593 0.702205
vt 0.567800 0.937197
vt 0.195584 0.700569
vt 0.568907 0.938757
vt 0.865872 0.639664
vt 0.856847 0.641016
vt 0.859043 0.640687
vt 0.555798 0.822033
vt 0.554479 0.823817
vt 0.695945 0.925263
vt 0.550373 0.829369
vt 0.696084 0.927170
vt 0.310801 0.700956
vt 0.310801 0.699060
vt 0.521001 0.535565
vt 0.381995 0.690535
vt 0.381451 0.688719
vt 0.481123 0.602308
vt 0.489695 0.605362
vt 0.487612 0.604620
vt 0.385920 0.730153
vt 0.385443 0.728318
vt 0.735700 0.481465
vt 0.402612 0.723216
vt 0.716972 0.475842
vt 0.403226 0.725027
vt 0.398423 0.682996
vt 0.475500 0.621036
vt 0.399102 0.684783
vt 0.783188 0.514532
vt 0.781868 0.516317
vt 0.715304 0.482542
vt 0.714767 0.484696
vt 0.696472 0.481030
vt 0.696793 0.478842
vt 0.526111 0.540183
vt 0.527751 0.541666
vt 0.797825 0.526453
vt 0.796342 0.528093
vt 0.569724 0.504346
vt 0.570867 0.506249
vt 0.555338 0.516593
vt 0.554018 0.514818
vt 0.715298 0.853575
vt 0.715838 0.855720
vt 0.749875 0.497202
vt 0.750821 0.495194
vt 0.641194 0.857320
vt 0.640873 0.859508
vt 0.598666 0.918515
vt 0.599536 0.920218
vt 0.867843 0.678672
vt 0.860946 0.678343
vt 0.858728 0.678237
vt 0.667159 0.897275
vt 0.849060 0.754107
vt 0.666813 0.895394
vt 0.684679 0.892826
vt 0.684885 0.894711
vt 0.839891 0.771377
vt 0.578572 0.967018
vt 0.678890 0.868185
vt 0.854512 0.938757
vt 0.577526 0.965431
vt 0.855615 0.937209
vt 0.615782 0.912682
vt 0.865981 0.698136
vt 0.615044 0.910935
vt 0.257478 0.693256
vt 0.566165 0.498428
vt 0.257065 0.695123
vt 0.482288 0.716180
vt 0.484432 0.715640
vt 0.840805 0.750217
vt 0.842814 0.751163
vt 0.833978 0.767844
vt 0.832080 0.766710
vt 0.604278 0.850396
vt 0.605020 0.848313
vt 0.603785 0.488178
vt 0.604535 0.490267
vt 0.678008 0.927275
vt 0.566631 0.840233
vt 0.678283 0.929151
vt 0.571298 0.832422
vt 0.570164 0.834320
vt 0.720726 0.891513
vt 0.720657 0.893408
vt 0.816665 0.802785
vt 0.809517 0.541306
vt 0.811159 0.539813
vt 0.749960 0.927275
vt 0.508950 0.788101
vt 0.749686 0.929151
vt 0.521397 0.803181
vt 0.731885 0.927170
vt 0.732023 0.925263
vt 0.767721 0.930489
vt 0.498086 0.771843
vt 0.767308 0.932356
vt 0.767942 0.834004
vt 0.766798 0.832101
vt 0.505907 0.767141
vt 0.504004 0.768284
vt 0.733388 0.487954
vt 0.732646 0.490037
vt 0.296594 0.734810
vt 0.816269 0.535169
vt 0.296386 0.736711
vt 0.677895 0.479280
vt 0.678001 0.477063
vt 0.809915 0.796684
vt 0.811555 0.798167
vt 0.364538 0.695123
vt 0.364125 0.693256
vt 0.488606 0.584243
vt 0.496861 0.588133
vt 0.494853 0.587187
vt 0.414908 0.675996
vt 0.471685 0.640214
vt 0.415709 0.677714
vt 0.503688 0.570506
vt 0.505587 0.571640
vt 0.847971 0.732988
vt 0.850054 0.733730
vt 0.367962 0.732222
vt 0.753765 0.488948
vt 0.368307 0.734102
vt 0.346777 0.698337
vt 0.346503 0.696461
vt 0.497775 0.566973
vt 0.582927 0.927340
vt 0.583909 0.928962
vt 0.867843 0.659118
vt 0.860964 0.659466
vt 0.858755 0.659577
vt 0.205894 0.677714
vt 0.206695 0.675996
vt 0.620145 0.475951
vt 0.587791 0.841148
vt 0.586845 0.843155
vt 0.494547 0.259215
vt 0.495158 0.236895
vt 0.492703 0.281526
vt 0.489597 0.303826
vt 0.485169 0.326124
vt 0.479320 0.348454
vt 0.471890 0.370885
vt 0.462630 0.393553
vt 0.416729 0.452265
vt 0.451162 0.416709
vt 0.259114 0.495550
vt 0.236780 0.496161
vt 0.281440 0.493710
vt 0.303753 0.490610
vt 0.326066 0.486190
vt 0.348410 0.480355
vt 0.370857 0.472943
vt 0.393544 0.463705
vt 0.494547 0.214576
vt 0.492703 0.192264
vt 0.489597 0.169964
vt 0.485169 0.147666
vt 0.479320 0.125336
vt 0.471891 0.102905
vt 0.522741 0.260713
vt 0.523352 0.236895
vt 0.520902 0.284541
vt 0.517818 0.308399
vt 0.513459 0.332329
vt 0.507774 0.356408
vt 0.500680 0.380774
vt 0.492050 0.405655
vt 0.431383 0.482829
vt 0.481688 0.431409
vt 0.462630 0.080237
vt 0.056831 0.452265
vt 0.451162 0.057081
vt 0.214446 0.495550
vt 0.192120 0.493710
vt 0.169807 0.490610
vt 0.260610 0.523761
vt 0.236780 0.524372
vt 0.284450 0.521924
vt 0.308319 0.518845
vt 0.147494 0.486190
vt 0.125150 0.480355
vt 0.102703 0.472943
vt 0.080016 0.463705
vt 0.573755 0.263170
vt 0.574379 0.236895
vt 0.571989 0.289465
vt 0.569023 0.315791
vt 0.564893 0.342183
vt 0.559676 0.368732
vt 0.546318 0.422950
vt 0.450916 0.539627
vt 0.538484 0.451081
vt 0.332257 0.514494
vt 0.356343 0.508822
vt 0.522741 0.213077
vt 0.520902 0.189249
vt 0.380718 0.501749
vt 0.405611 0.493149
vt 0.517818 0.165391
vt 0.513459 0.141461
vt 0.507774 0.117383
vt 0.500680 0.093016
vt 0.598091 0.264251
vt 0.598681 0.236895
vt 0.596314 0.291605
vt 0.593386 0.318973
vt 0.589341 0.346372
vt 0.584274 0.373862
vt 0.571632 0.429437
vt 0.457680 0.565666
vt 0.564587 0.457905
vt 0.492050 0.068135
vt 0.042178 0.482829
vt 0.481688 0.042381
vt 0.212950 0.523761
vt 0.263067 0.574799
vt 0.236780 0.575424
vt 0.289371 0.573031
vt 0.315704 0.570064
vt 0.189110 0.521924
vt 0.342097 0.565933
vt 0.368636 0.560716
vt 0.422826 0.547405
vt 0.165241 0.518845
vt 0.573755 0.210620
vt 0.621625 0.265254
vt 0.622222 0.236895
vt 0.619843 0.293599
vt 0.616909 0.321919
vt 0.612885 0.350215
vt 0.607865 0.378504
vt 0.602014 0.406801
vt 0.595541 0.435141
vt 0.463335 0.589851
vt 0.588847 0.463577
vt 0.264149 0.599145
vt 0.236780 0.599737
vt 0.291515 0.597365
vt 0.571989 0.184326
vt 0.318890 0.594430
vt 0.569023 0.158000
vt 0.564893 0.131607
vt 0.559676 0.105059
vt 0.546319 0.050840
vt 0.346290 0.590379
vt 0.373775 0.585309
vt 0.429268 0.572678
vt 0.022644 0.539627
vt 0.538484 0.022709
vt 0.141303 0.514494
vt 0.642927 0.266142
vt 0.643534 0.236895
vt 0.641119 0.295358
vt 0.638147 0.324512
vt 0.634078 0.353580
vt 0.629023 0.382543
vt 0.623138 0.411386
vt 0.616624 0.440090
vt 0.468171 0.610610
vt 0.609667 0.468408
vt 0.117217 0.508822
vt 0.092842 0.501749
vt 0.067949 0.493149
vt 0.598091 0.209540
vt 0.265156 0.622692
vt 0.236780 0.623291
vt 0.293515 0.620903
vt 0.321845 0.617958
vt 0.350142 0.613919
vt 0.378421 0.608885
vt 0.596314 0.182185
vt 0.406688 0.603024
vt 0.434972 0.596542
vt 0.366191 0.997695
vt 0.655661 0.266668
vt 0.337016 0.998347
vt 0.656275 0.236895
vt 0.395327 0.995718
vt 0.653830 0.296398
vt 0.424386 0.992442
vt 0.650819 0.326045
vt 0.453317 0.987868
vt 0.646700 0.355568
vt 0.482055 0.982013
vt 0.641585 0.384927
vt 0.510518 0.974882
vt 0.635630 0.414089
vt 0.538558 0.966374
vt 0.629039 0.443037
vt 0.471507 0.622707
vt 0.565819 0.955994
vt 0.621798 0.471738
vt 0.858014 0.466411
vt 0.593386 0.154818
vt 0.589341 0.127418
vt 0.584274 0.099928
vt 0.571632 0.044353
vt 0.015880 0.565666
vt 0.564587 0.015885
vt 0.210493 0.574799
vt 0.184189 0.573031
vt 0.157856 0.570064
vt 0.131463 0.565933
vt 0.104924 0.560716
vt 0.266048 0.644007
vt 0.236780 0.644616
vt 0.295282 0.642190
vt 0.324450 0.639201
vt 0.353522 0.635110
vt 0.050735 0.547404
vt 0.382474 0.630027
vt 0.621625 0.208536
vt 0.411284 0.624114
vt 0.549435 0.236895
vt 0.548831 0.262010
vt 0.547015 0.287140
vt 0.543988 0.312312
vt 0.619843 0.180192
vt 0.616909 0.151871
vt 0.539755 0.337577
vt 0.612885 0.123575
vt 0.439929 0.617579
vt 0.534309 0.363013
vt 0.527663 0.388807
vt 0.519836 0.415189
vt 0.442517 0.511952
vt 0.510792 0.442607
vt 0.607865 0.095287
vt 0.266576 0.656749
vt 0.899715 0.266783
vt 0.236780 0.657367
vt 0.900367 0.237609
vt 0.475218 0.236895
vt 0.474616 0.258099
vt 0.472798 0.279275
vt 0.469727 0.300396
vt 0.465337 0.321439
vt 0.459510 0.342387
vt 0.452058 0.363233
vt 0.442667 0.383996
vt 0.404807 0.431919
vt 0.430848 0.404767
vt 0.602015 0.066989
vt 0.296328 0.654908
vt 0.897738 0.295920
vt 0.325992 0.651879
vt 0.894463 0.324978
vt 0.355523 0.647731
vt 0.889888 0.353910
vt 0.384874 0.642579
vt 0.884033 0.382648
vt 0.595541 0.038649
vt 0.010226 0.589851
vt 0.588847 0.010213
vt 0.209411 0.599145
vt 0.182045 0.597365
vt 0.154670 0.594430
vt 0.127270 0.590379
vt 0.414000 0.636585
vt 0.876902 0.411110
vt 0.442885 0.629964
vt 0.868394 0.439151
vt 0.459547 0.236895
vt 0.458959 0.257197
vt 0.457182 0.277454
vt 0.454183 0.297617
vt 0.449894 0.317636
vt 0.444201 0.337447
vt 0.436917 0.356973
vt 0.427723 0.376110
vt 0.394822 0.417050
vt 0.416003 0.394769
vt 0.099785 0.585309
vt 0.044293 0.572677
vt 0.642927 0.207648
vt 0.641119 0.178433
vt 0.638147 0.149278
vt 0.634078 0.120210
vt 0.629023 0.091247
vt 0.623138 0.062404
vt 0.616624 0.033700
vt 0.005389 0.610610
vt 0.609667 0.005383
vt 0.236780 0.550467
vt 0.261906 0.549863
vt 0.208404 0.622692
vt 0.169019 0.785555
vt 0.441957 0.236895
vt 0.158492 0.799750
vt 0.441393 0.256169
vt 0.145398 0.811618
vt 0.439693 0.275379
vt 0.130241 0.820704
vt 0.436826 0.294456
vt 0.113602 0.826658
vt 0.432739 0.313316
vt 0.096121 0.829252
vt 0.427339 0.331851
vt 0.078471 0.828386
vt 0.420481 0.349908
vt 0.061327 0.824092
vt 0.411927 0.367242
vt 0.045352 0.816537
vt 0.383456 0.402276
vt 0.401255 0.383394
vt 0.287047 0.548048
vt 0.312227 0.545023
vt 0.180045 0.620903
vt 0.151715 0.617958
vt 0.337495 0.540795
vt 0.123418 0.613919
vt 0.362929 0.535359
vt 0.388724 0.528736
vt 0.095140 0.608885
vt 0.415105 0.520941
vt 0.066872 0.603024
vt 0.236780 0.476207
vt 0.258001 0.475605
vt 0.357606 0.825728
vt 0.337016 0.826319
vt 0.378169 0.823949
vt 0.398682 0.820961
vt 0.419129 0.816721
vt 0.439514 0.811155
vt 0.459864 0.804143
vt 0.480264 0.795488
vt 0.500901 0.784892
vt 0.686912 0.401493
vt 0.038588 0.596542
vt 0.307841 0.997695
vt 0.655661 0.207123
vt 0.278705 0.995718
vt 0.653830 0.177392
vt 0.249646 0.992442
vt 0.650819 0.147745
vt 0.220715 0.987867
vt 0.646700 0.118223
vt 0.191977 0.982012
vt 0.641585 0.088863
vt 0.279193 0.473790
vt 0.300330 0.470726
vt 0.321391 0.466344
vt 0.342356 0.460530
vt 0.363221 0.453092
vt 0.163514 0.974882
vt 0.635630 0.059701
vt 0.135474 0.966374
vt 0.629040 0.030753
vt 0.002054 0.622706
vt 0.108214 0.955994
vt 0.621798 0.002052
vt 0.858015 0.008806
vt 0.207512 0.644007
vt 0.359100 0.852367
vt 0.337016 0.852971
vt 0.381171 0.850552
vt 0.403223 0.847514
vt 0.425263 0.843233
vt 0.447328 0.837671
vt 0.469499 0.830769
vt 0.491935 0.822439
vt 0.514900 0.812544
vt 0.714565 0.415492
vt 0.178278 0.642190
vt 0.149110 0.639201
vt 0.384008 0.443720
vt 0.120038 0.635110
vt 0.091086 0.630027
vt 0.062276 0.624114
vt 0.548831 0.211780
vt 0.547015 0.186650
vt 0.236780 0.460522
vt 0.257100 0.459935
vt 0.361648 0.901198
vt 0.337016 0.901818
vt 0.386267 0.899355
vt 0.410870 0.896296
vt 0.435451 0.892018
vt 0.460053 0.886599
vt 0.484735 0.880093
vt 0.509627 0.872616
vt 0.535018 0.864379
vt 0.766400 0.435610
vt 0.543988 0.161478
vt 0.539755 0.136213
vt 0.033632 0.617578
vt 0.534309 0.110777
vt 0.527663 0.084984
vt 0.277375 0.458162
vt 0.297557 0.455169
vt 0.317595 0.450888
vt 0.337426 0.445206
vt 0.519836 0.058601
vt 0.031043 0.511952
vt 0.510792 0.031183
vt 0.206984 0.656749
vt 0.899715 0.208434
vt 0.356973 0.437935
vt 0.376134 0.428756
vt 0.362806 0.924924
vt 0.337016 0.925540
vt 0.388580 0.923067
vt 0.414323 0.919985
vt 0.440024 0.915704
vt 0.465674 0.910276
vt 0.491282 0.903810
vt 0.516886 0.896508
vt 0.542630 0.888760
vt 0.790780 0.443223
vt 0.474616 0.215691
vt 0.472798 0.194515
vt 0.014369 0.692869
vt 0.236780 0.442915
vt 0.006814 0.708845
vt 0.256074 0.442352
vt 0.469727 0.173394
vt 0.465337 0.152351
vt 0.002521 0.725988
vt 0.275305 0.440655
vt 0.001654 0.743639
vt 0.294402 0.437794
vt 0.004248 0.761120
vt 0.313283 0.433714
vt 0.010202 0.777759
vt 0.331840 0.428324
vt 0.019289 0.792917
vt 0.349920 0.421479
vt 0.031157 0.806010
vt 0.367278 0.412937
vt 0.459511 0.131403
vt 0.452058 0.110558
vt 0.442667 0.089794
vt 0.363931 0.948636
vt 0.337016 0.949268
vt 0.390823 0.946751
vt 0.417664 0.943621
vt 0.444428 0.939275
vt 0.471074 0.933765
vt 0.497543 0.927187
vt 0.523725 0.919743
vt 0.549458 0.911949
vt 0.813969 0.450050
vt 0.068753 0.431919
vt 0.430848 0.069023
vt 0.177232 0.654908
vt 0.897739 0.179298
vt 0.147568 0.651879
vt 0.894463 0.150239
vt 0.727748 0.258198
vt 0.728339 0.237609
vt 0.118037 0.647731
vt 0.889888 0.121308
vt 0.725970 0.278761
vt 0.722982 0.299274
vt 0.718741 0.319722
vt 0.088687 0.642579
vt 0.884033 0.092570
vt 0.713176 0.340106
vt 0.706163 0.360456
vt 0.697509 0.380856
vt 0.059560 0.636585
vt 0.876903 0.064107
vt 0.365097 0.973697
vt 0.337016 0.974295
vt 0.393150 0.971744
vt 0.421131 0.968551
vt 0.449002 0.964100
vt 0.476702 0.958430
vt 0.504134 0.951594
vt 0.531052 0.943674
vt 0.556725 0.934795
vt 0.836815 0.457317
vt 0.030675 0.629964
vt 0.868395 0.036067
vt 0.458959 0.216593
vt 0.457182 0.196337
vt 0.454183 0.176173
vt 0.449894 0.156154
vt 0.444201 0.136343
vt 0.436917 0.116817
vt 0.427723 0.097680
vt 0.078739 0.417050
vt 0.416003 0.079021
vt 0.211654 0.549863
vt 0.365843 0.990014
vt 0.337016 0.990660
vt 0.394634 0.988052
vt 0.423349 0.984803
vt 0.451941 0.980269
vt 0.480345 0.974475
vt 0.508469 0.967437
vt 0.536115 0.959095
vt 0.562715 0.949044
vt 0.851064 0.463307
vt 0.176574 0.769579
vt 0.441393 0.217621
vt 0.180868 0.752436
vt 0.439693 0.198411
vt 0.181734 0.734785
vt 0.436826 0.179334
vt 0.179141 0.717304
vt 0.432739 0.160474
vt 0.173187 0.700665
vt 0.427339 0.141939
vt 0.164100 0.685507
vt 0.420481 0.123882
vt 0.152232 0.672414
vt 0.411927 0.106549
vt 0.090104 0.402276
vt 0.138037 0.661887
vt 0.401255 0.090396
vt 0.186513 0.548048
vt 0.161333 0.545023
vt 0.754388 0.259693
vt 0.754992 0.237609
vt 0.752572 0.281764
vt 0.749535 0.303815
vt 0.745254 0.325855
vt 0.739692 0.347920
vt 0.732790 0.370091
vt 0.724459 0.392527
vt 0.136065 0.540795
vt 0.803218 0.262240
vt 0.337016 0.877831
vt 0.360427 0.877214
vt 0.110631 0.535359
vt 0.383828 0.875381
vt 0.084836 0.528736
vt 0.407217 0.872328
vt 0.058456 0.520941
vt 0.430610 0.868061
vt 0.215560 0.475605
vt 0.316426 0.825728
vt 0.454049 0.862580
vt 0.477621 0.855890
vt 0.501504 0.848018
vt 0.526015 0.838992
vt 0.741013 0.426607
vt 0.803839 0.237609
vt 0.801375 0.286859
vt 0.337016 0.808035
vt 0.356541 0.807461
vt 0.376026 0.805728
vt 0.395430 0.802814
vt 0.414713 0.798670
vt 0.433840 0.793211
vt 0.452777 0.786295
vt 0.471511 0.777675
vt 0.490084 0.766943
vt 0.668964 0.390676
vt 0.798316 0.311462
vt 0.794038 0.336043
vt 0.788619 0.360645
vt 0.782113 0.385328
vt 0.774637 0.410219
vt 0.295863 0.823949
vt 0.275351 0.820961
vt 0.254903 0.816721
vt 0.234519 0.811155
vt 0.214169 0.804143
vt 0.193769 0.795488
vt 0.173132 0.784892
vt 0.686912 0.073724
vt 0.194367 0.473790
vt 0.173230 0.470726
vt 0.152170 0.466344
vt 0.337016 0.795309
vt 0.355786 0.794750
vt 0.374505 0.793064
vt 0.393120 0.790228
vt 0.411573 0.786195
vt 0.429797 0.780886
vt 0.447709 0.774161
vt 0.465200 0.765774
vt 0.482172 0.755201
vt 0.657222 0.382764
vt 0.131204 0.460530
vt 0.110339 0.453092
vt 0.314932 0.852367
vt 0.826945 0.263398
vt 0.827561 0.237609
vt 0.825088 0.289173
vt 0.822005 0.314915
vt 0.817724 0.340617
vt 0.812296 0.366266
vt 0.805830 0.391874
vt 0.798528 0.417478
vt 0.292861 0.850552
vt 0.270810 0.847514
vt 0.337016 0.782883
vt 0.974942 0.892125
vt 0.355041 0.782343
vt 0.985283 0.878181
vt 0.373006 0.780714
vt 0.992706 0.862486
vt 0.390846 0.777979
vt 0.996924 0.845645
vt 0.408486 0.774096
vt 0.997775 0.828305
vt 0.425831 0.769001
vt 0.995227 0.811131
vt 0.442754 0.762580
vt 0.989378 0.794785
vt 0.459048 0.754641
vt 0.980453 0.779894
vt 0.474317 0.744805
vt 0.646825 0.374910
vt 0.968793 0.767030
vt 0.248769 0.843233
vt 0.226704 0.837671
vt 0.204534 0.830769
vt 0.182097 0.822439
vt 0.159133 0.812544
vt 0.714565 0.059725
vt 0.089552 0.443720
vt 0.216460 0.459935
vt 0.850656 0.264524
vt 0.851288 0.237609
vt 0.848771 0.291415
vt 0.312384 0.901198
vt 0.287766 0.899355
vt 0.845641 0.318257
vt 0.841295 0.345020
vt 0.459375 0.247048
vt 0.458195 0.267331
vt 0.455814 0.287546
vt 0.452181 0.307642
vt 0.447208 0.327562
vt 0.440749 0.347239
vt 0.432563 0.366579
vt 0.422224 0.385476
vt 0.835785 0.371666
vt 0.829207 0.398136
vt 0.821763 0.424317
vt 0.263163 0.896296
vt 0.238581 0.892017
vt 0.213980 0.886599
vt 0.189297 0.880093
vt 0.164406 0.872616
vt 0.139015 0.864379
vt 0.766400 0.039607
vt 0.196185 0.458162
vt 0.176003 0.455169
vt 0.155965 0.450888
vt 0.136134 0.445206
vt 0.875718 0.265690
vt 0.494991 0.248055
vt 0.493766 0.270370
vt 0.491297 0.292675
vt 0.487539 0.314971
vt 0.482417 0.337278
vt 0.475804 0.359646
vt 0.467497 0.382172
vt 0.457191 0.405044
vt 0.876315 0.237609
vt 0.873765 0.293743
vt 0.870571 0.321724
vt 0.866120 0.349594
vt 0.860450 0.377295
vt 0.853614 0.404726
vt 0.845694 0.431644
vt 0.116587 0.437935
vt 0.097426 0.428756
vt 0.311226 0.924924
vt 0.285452 0.923067
vt 0.259709 0.919984
vt 0.234008 0.915704
vt 0.208358 0.910275
vt 0.182750 0.903809
vt 0.523190 0.248803
vt 0.521967 0.272624
vt 0.519508 0.296464
vt 0.515792 0.320350
vt 0.510779 0.344341
vt 0.504403 0.368543
vt 0.496561 0.393132
vt 0.487097 0.418397
vt 0.157147 0.896508
vt 0.131402 0.888759
vt 0.790780 0.031994
vt 0.024896 0.678674
vt 0.217486 0.442352
vt 0.892035 0.266436
vt 0.892681 0.237609
vt 0.890072 0.295227
vt 0.886823 0.323942
vt 0.882289 0.352534
vt 0.876495 0.380938
vt 0.869457 0.409061
vt 0.861115 0.436708
vt 0.037990 0.666806
vt 0.198256 0.440655
vt 0.053148 0.657720
vt 0.179158 0.437794
vt 0.069787 0.651766
vt 0.160277 0.433714
vt 0.087267 0.649172
vt 0.141720 0.428324
vt 0.424158 0.466889
vt 0.465767 0.424158
vt 0.104918 0.650038
vt 0.123640 0.421479
vt 0.106283 0.412937
vt 0.122061 0.654332
vt 0.310101 0.948636
vt 0.283209 0.946751
vt 0.256368 0.943621
vt 0.229604 0.939275
vt 0.508812 0.236895
vt 0.508199 0.259953
vt 0.202958 0.933764
vt 0.506354 0.283013
vt 0.779851 0.237609
vt 0.503250 0.306085
vt 0.779235 0.261020
vt 0.498842 0.329197
vt 0.777401 0.284421
vt 0.176489 0.927186
vt 0.493051 0.352408
vt 0.774348 0.307809
vt 0.485751 0.375826
vt 0.476749 0.399641
vt 0.574233 0.250034
vt 0.573043 0.276317
vt 0.570655 0.302621
vt 0.567115 0.328983
vt 0.562443 0.355451
vt 0.557243 0.379625
vt 0.914165 0.201561
vt 0.542459 0.436896
vt 0.150307 0.919743
vt 0.124574 0.911949
vt 0.813969 0.025167
vt 0.727748 0.217019
vt 0.725970 0.196456
vt 0.722982 0.175943
vt 0.718741 0.155495
vt 0.713176 0.135111
vt 0.770081 0.331202
vt 0.706163 0.114761
vt 0.697509 0.094361
vt 0.764600 0.354641
vt 0.308935 0.973697
vt 0.757910 0.378213
vt 0.750038 0.402097
vt 0.710056 0.237609
vt 0.709481 0.257134
vt 0.707749 0.276618
vt 0.704835 0.296022
vt 0.280882 0.971744
vt 0.252901 0.968550
vt 0.225031 0.964099
vt 0.561933 0.236895
vt 0.536202 0.261393
vt 0.197330 0.958430
vt 0.534374 0.285905
vt 0.169899 0.951594
vt 0.700690 0.315306
vt 0.531318 0.310456
vt 0.695232 0.334432
vt 0.527021 0.335095
vt 0.688316 0.353370
vt 0.679696 0.372103
vt 0.521458 0.359908
vt 0.514590 0.385053
vt 0.142980 0.943673
vt 0.506360 0.410776
vt 0.117307 0.934795
vt 0.836815 0.017900
vt 0.437433 0.497808
vt 0.496653 0.437489
vt 0.308189 0.990014
vt 0.598544 0.250573
vt 0.597356 0.277928
vt 0.595001 0.305288
vt 0.591510 0.332669
vt 0.586951 0.360111
vt 0.581402 0.387669
vt 0.568131 0.443578
vt 0.279398 0.988052
vt 0.697330 0.237609
vt 0.696770 0.256378
vt 0.695084 0.275097
vt 0.250682 0.984802
vt 0.222091 0.980269
vt 0.193687 0.974475
vt 0.165564 0.967436
vt 0.137917 0.959095
vt 0.692248 0.293712
vt 0.688216 0.312165
vt 0.682906 0.330390
vt 0.676182 0.348302
vt 0.667795 0.365793
vt 0.111317 0.949044
vt 0.851065 0.011910
vt 0.754388 0.215524
vt 0.752572 0.193453
vt 0.684904 0.237609
vt 0.843697 0.773179
vt 0.586619 0.236895
vt 0.586043 0.263721
vt 0.749535 0.171402
vt 0.745254 0.149362
vt 0.739692 0.127297
vt 0.584255 0.290554
vt 0.732790 0.105126
vt 0.724459 0.082690
vt 0.581318 0.317414
vt 0.803218 0.212977
vt 0.577265 0.344341
vt 0.684363 0.255634
vt 0.856561 0.761519
vt 0.572114 0.371366
vt 0.682735 0.273599
vt 0.871452 0.752593
vt 0.559169 0.426296
vt 0.679999 0.291439
vt 0.887799 0.746744
vt 0.454475 0.552888
vt 0.551773 0.454676
vt 0.676117 0.309078
vt 0.904972 0.744196
vt 0.671021 0.326424
vt 0.922312 0.745048
vt 0.664600 0.343346
vt 0.939153 0.749266
vt 0.313605 0.877214
vt 0.656662 0.359640
vt 0.954848 0.756688
vt 0.290204 0.875381
vt 0.622078 0.251076
vt 0.620885 0.279429
vt 0.618522 0.307762
vt 0.615033 0.336069
vt 0.610498 0.364358
vt 0.605074 0.392662
vt 0.598845 0.420963
vt 0.592184 0.449339
vt 0.266816 0.872328
vt 0.243422 0.868061
vt 0.219983 0.862580
vt 0.196411 0.855890
vt 0.172528 0.848018
vt 0.148018 0.838992
vt 0.741013 0.048610
vt 0.801375 0.188358
vt 0.317491 0.807461
vt 0.298006 0.805728
vt 0.278603 0.802814
vt 0.246942 0.460351
vt 0.267243 0.459173
vt 0.287476 0.456796
vt 0.307591 0.453170
vt 0.327531 0.448206
vt 0.605207 0.320466
vt 0.601183 0.348324
vt 0.347228 0.441760
vt 0.596160 0.376241
vt 0.610504 0.236895
vt 0.259319 0.798670
vt 0.590276 0.404211
vt 0.579751 0.427375
vt 0.240192 0.793211
vt 0.460608 0.577954
vt 0.576913 0.460847
vt 0.366591 0.433589
vt 0.385513 0.423265
vt 0.221255 0.786295
vt 0.202522 0.777675
vt 0.183948 0.766943
vt 0.668964 0.084541
vt 0.798316 0.163755
vt 0.794038 0.139174
vt 0.788619 0.114572
vt 0.782114 0.089889
vt 0.774637 0.064998
vt 0.609909 0.264759
vt 0.247947 0.495994
vt 0.608133 0.292615
vt 0.270277 0.494771
vt 0.292595 0.492306
vt 0.643365 0.251520
vt 0.642155 0.280754
vt 0.639760 0.309942
vt 0.636230 0.339055
vt 0.631655 0.368072
vt 0.626168 0.396979
vt 0.619943 0.425756
vt 0.613190 0.454360
vt 0.314905 0.488556
vt 0.337226 0.483445
vt 0.359609 0.476846
vt 0.382153 0.468561
vt 0.405048 0.458279
vt 0.318246 0.794750
vt 0.299527 0.793064
vt 0.280912 0.790228
vt 0.262459 0.786195
vt 0.244235 0.780886
vt 0.226323 0.774161
vt 0.208832 0.765774
vt 0.191860 0.755201
vt 0.657222 0.092453
vt 0.826945 0.211819
vt 0.825088 0.186045
vt 0.822005 0.160302
vt 0.817724 0.134601
vt 0.812296 0.108951
vt 0.805830 0.083343
vt 0.613461 0.409293
vt 0.606984 0.437824
vt 0.798529 0.057739
vt 0.465904 0.601197
vt 0.600227 0.466145
vt 0.248694 0.524210
vt 0.272528 0.522988
vt 0.296378 0.520533
vt 0.320274 0.516822
vt 0.344273 0.511820
vt 0.368482 0.505461
vt 0.393081 0.497643
vt 0.418360 0.488215
vt 0.318991 0.782342
vt 0.962078 0.903785
vt 0.301026 0.780714
vt 0.947187 0.912711
vt 0.633728 0.236895
vt 0.633126 0.265736
vt 0.283186 0.777979
vt 0.930841 0.918560
vt 0.265546 0.774096
vt 0.913667 0.921108
vt 0.631333 0.294552
vt 0.628382 0.323325
vt 0.248201 0.769001
vt 0.896327 0.920256
vt 0.231279 0.762580
vt 0.879486 0.916038
vt 0.624341 0.352041
vt 0.214985 0.754641
vt 0.863791 0.908616
vt 0.199715 0.744805
vt 0.646825 0.100307
vt 0.849846 0.898274
vt 0.619316 0.380696
vt 0.850656 0.210694
vt 0.351604 0.998163
vt 0.656099 0.251784
vt 0.380766 0.996845
vt 0.654873 0.281540
vt 0.409867 0.994220
vt 0.652445 0.311233
vt 0.438868 0.990293
vt 0.648869 0.340821
vt 0.467710 0.985075
vt 0.644233 0.370265
vt 0.496322 0.978586
vt 0.638674 0.399530
vt 0.524597 0.970798
vt 0.632375 0.428581
vt 0.552303 0.961473
vt 0.625510 0.457429
vt 0.848771 0.183802
vt 0.845641 0.156961
vt 0.841296 0.130197
vt 0.236780 0.509823
vt 0.259851 0.509212
vt 0.282924 0.507369
vt 0.306008 0.504270
vt 0.329132 0.499871
vt 0.459375 0.226742
vt 0.352354 0.494093
vt 0.375785 0.486812
vt 0.458195 0.206459
vt 0.399616 0.477837
vt 0.249925 0.575277
vt 0.455814 0.186245
vt 0.452181 0.166149
vt 0.447208 0.146228
vt 0.440749 0.126552
vt 0.432563 0.107211
vt 0.276219 0.574086
vt 0.302532 0.571696
vt 0.328898 0.568155
vt 0.355362 0.563483
vt 0.379516 0.558280
vt 0.650923 0.236895
vt 0.650312 0.266447
vt 0.901996 0.393118
vt 0.436750 0.543569
vt 0.648492 0.295962
vt 0.422224 0.088314
vt 0.835785 0.103551
vt 0.645499 0.325402
vt 0.829207 0.077082
vt 0.821764 0.050900
vt 0.641403 0.354734
vt 0.875718 0.209527
vt 0.636317 0.383927
vt 0.494991 0.225735
vt 0.630397 0.412955
vt 0.623842 0.441801
vt 0.493766 0.203420
vt 0.470084 0.617617
vt 0.616694 0.470318
vt 0.491297 0.181116
vt 0.487540 0.158820
vt 0.482417 0.136512
vt 0.475804 0.114145
vt 0.467498 0.091618
vt 0.457191 0.068746
vt 0.873765 0.181475
vt 0.536810 0.236895
vt 0.561331 0.262601
vt 0.870571 0.153493
vt 0.559522 0.288324
vt 0.866120 0.125623
vt 0.860451 0.097923
vt 0.556523 0.314084
vt 0.236780 0.562972
vt 0.552360 0.339933
vt 0.261290 0.537228
vt 0.547031 0.365953
vt 0.853614 0.070491
vt 0.540591 0.392299
vt 0.539537 0.415880
vt 0.285812 0.535402
vt 0.446980 0.525916
vt 0.524759 0.447107
vt 0.310372 0.532349
vt 0.845694 0.043573
vt 0.523190 0.224987
vt 0.521967 0.201166
vt 0.519508 0.177327
vt 0.515792 0.153440
vt 0.510779 0.129449
vt 0.515452 0.428741
vt 0.504403 0.105247
vt 0.523883 0.401915
vt 0.335017 0.528059
vt 0.531139 0.375870
vt 0.359833 0.522508
vt 0.384984 0.515662
vt 0.537171 0.350267
vt 0.410711 0.507464
vt 0.542009 0.324928
vt 0.496561 0.080659
vt 0.545641 0.299719
vt 0.250464 0.599600
vt 0.487097 0.055393
vt 0.548063 0.274572
vt 0.277832 0.598409
vt 0.892035 0.208782
vt 0.549269 0.249451
vt 0.890072 0.179990
vt 0.886823 0.151275
vt 0.305202 0.596049
vt 0.475064 0.247499
vt 0.473857 0.268692
vt 0.471419 0.289843
vt 0.467699 0.310927
vt 0.462610 0.331923
vt 0.456001 0.352819
vt 0.447629 0.373617
vt 0.437097 0.394368
vt 0.332588 0.592551
vt 0.360026 0.587987
vt 0.387581 0.582440
vt 0.443388 0.569192
vt 0.882290 0.122684
vt 0.876495 0.094280
vt 0.869457 0.066156
vt 0.861116 0.038510
vt 0.049402 0.466889
vt 0.465767 0.049633
vt 0.508199 0.213838
vt 0.506354 0.190778
vt 0.236780 0.587669
vt 0.263619 0.587092
vt 0.503250 0.167706
vt 0.779235 0.214198
vt 0.498842 0.144593
vt 0.290462 0.585302
vt 0.483593 0.258607
vt 0.484201 0.236895
vt 0.467150 0.236895
vt 0.466554 0.257637
vt 0.777401 0.190797
vt 0.493051 0.121383
vt 0.464754 0.278342
vt 0.481760 0.280300
vt 0.461715 0.298972
vt 0.478666 0.301958
vt 0.457368 0.319491
vt 0.474248 0.323576
vt 0.451596 0.339856
vt 0.468393 0.345158
vt 0.444207 0.360026
vt 0.460922 0.366736
vt 0.434879 0.379961
vt 0.451546 0.388387
vt 0.399727 0.424118
vt 0.423058 0.399680
vt 0.410314 0.440901
vt 0.439815 0.410282
vt 0.774348 0.167408
vt 0.317328 0.582361
vt 0.485751 0.097964
vt 0.476749 0.074150
vt 0.574233 0.223756
vt 0.573043 0.197474
vt 0.570655 0.171169
vt 0.567115 0.144807
vt 0.562443 0.118340
vt 0.344257 0.578304
vt 0.557243 0.094165
vt 0.371275 0.573152
vt 0.426142 0.560236
vt 0.894101 0.634780
vt 0.250969 0.623146
vt 0.542459 0.036895
vt 0.770082 0.144015
vt 0.279338 0.621949
vt 0.764601 0.120576
vt 0.307683 0.619576
vt 0.335996 0.616075
vt 0.757910 0.097004
vt 0.750039 0.073121
vt 0.364282 0.611526
vt 0.392567 0.606088
vt 0.709481 0.218084
vt 0.420824 0.599849
vt 0.449137 0.593187
vt 0.707749 0.198599
vt 0.704835 0.179195
vt 0.164104 0.792910
vt 0.441907 0.246539
vt 0.152237 0.806005
vt 0.440776 0.265794
vt 0.138043 0.816533
vt 0.438495 0.284952
vt 0.122068 0.824089
vt 0.435023 0.303936
vt 0.104925 0.828384
vt 0.430287 0.322653
vt 0.087275 0.829252
vt 0.424172 0.340975
vt 0.069793 0.826660
vt 0.416488 0.358708
vt 0.053154 0.820707
vt 0.406919 0.375517
vt 0.536202 0.212398
vt 0.534374 0.187886
vt 0.700690 0.159911
vt 0.531318 0.163334
vt 0.695232 0.140785
vt 0.527021 0.138695
vt 0.320387 0.606253
vt 0.348246 0.602219
vt 0.688316 0.121848
vt 0.376154 0.597188
vt 0.679696 0.103114
vt 0.521458 0.113882
vt 0.514590 0.088737
vt 0.506360 0.063014
vt 0.036127 0.497807
vt 0.496653 0.036301
vt 0.598545 0.223217
vt 0.236780 0.611566
vt 0.404097 0.591308
vt 0.427210 0.580782
vt 0.597356 0.195862
vt 0.450641 0.256712
vt 0.451219 0.236895
vt 0.448897 0.276474
vt 0.445954 0.296123
vt 0.441748 0.315592
vt 0.436174 0.334796
vt 0.429059 0.353617
vt 0.420110 0.371882
vt 0.389355 0.409793
vt 0.408758 0.389297
vt 0.595001 0.168502
vt 0.591510 0.141121
vt 0.264658 0.610970
vt 0.292527 0.609188
vt 0.251415 0.644447
vt 0.586951 0.113680
vt 0.581402 0.086121
vt 0.280669 0.643231
vt 0.309873 0.640823
vt 0.568131 0.030212
vt 0.338997 0.637274
vt 0.368012 0.632673
vt 0.396897 0.627157
vt 0.696770 0.218839
vt 0.695085 0.200120
vt 0.692248 0.181505
vt 0.425627 0.620908
vt 0.346403 0.795145
vt 0.365152 0.794025
vt 0.383825 0.791768
vt 0.402364 0.788341
vt 0.420710 0.783683
vt 0.438787 0.777689
vt 0.456499 0.770175
vt 0.473729 0.760801
vt 0.688216 0.163052
vt 0.454162 0.614139
vt 0.682906 0.144827
vt 0.676182 0.126916
vt 0.667795 0.109425
vt 0.586043 0.210069
vt 0.584255 0.183236
vt 0.581318 0.156377
vt 0.577265 0.129449
vt 0.684363 0.219583
vt 0.833356 0.787124
vt 0.572114 0.102425
vt 0.682735 0.201618
vt 0.825933 0.802818
vt 0.559169 0.047495
vt 0.679999 0.183779
vt 0.821715 0.819659
vt 0.019085 0.552888
vt 0.551773 0.019114
vt 0.676117 0.166139
vt 0.820864 0.837000
vt 0.347312 0.826157
vt 0.367891 0.824975
vt 0.388430 0.822595
vt 0.408911 0.818988
vt 0.429324 0.814097
vt 0.449684 0.807828
vt 0.470044 0.800026
vt 0.490531 0.790447
vt 0.671021 0.148793
vt 0.823412 0.854173
vt 0.409184 0.614453
vt 0.437658 0.607961
vt 0.664600 0.131871
vt 0.829261 0.870519
vt 0.656662 0.115577
vt 0.838187 0.885410
vt 0.622078 0.222715
vt 0.236780 0.634804
vt 0.265639 0.634200
vt 0.620885 0.194361
vt 0.618522 0.166029
vt 0.615033 0.137722
vt 0.294472 0.632398
vt 0.323257 0.629434
vt 0.351975 0.625374
vt 0.380620 0.620328
vt 0.251680 0.657190
vt 0.900183 0.252197
vt 0.281459 0.655957
vt 0.898865 0.281359
vt 0.610499 0.109432
vt 0.605074 0.081128
vt 0.348059 0.852812
vt 0.370138 0.851603
vt 0.392198 0.849179
vt 0.414241 0.845523
vt 0.436287 0.840608
vt 0.458391 0.834386
vt 0.480669 0.826784
vt 0.503332 0.817693
vt 0.598845 0.052827
vt 0.311172 0.653515
vt 0.896240 0.310460
vt 0.592184 0.024451
vt 0.340774 0.649915
vt 0.892313 0.339461
vt 0.226618 0.460350
vt 0.206317 0.459173
vt 0.370218 0.645247
vt 0.887095 0.368303
vt 0.186084 0.456796
vt 0.399462 0.639649
vt 0.880606 0.396914
vt 0.165969 0.453170
vt 0.146029 0.448206
vt 0.428462 0.633314
vt 0.872818 0.425190
vt 0.605207 0.153324
vt 0.601183 0.125466
vt 0.126332 0.441760
vt 0.596160 0.097549
vt 0.457237 0.626425
vt 0.863493 0.452895
vt 0.590277 0.069579
vt 0.579751 0.046415
vt 0.012952 0.577953
vt 0.576913 0.012944
vt 0.106969 0.433589
vt 0.088047 0.423264
vt 0.609909 0.209032
vt 0.507929 0.798103
vt 0.700124 0.408522
vt 0.225613 0.495994
vt 0.608133 0.181176
vt 0.203283 0.494771
vt 0.180965 0.492306
vt 0.236780 0.652011
vt 0.266354 0.651397
vt 0.295889 0.649567
vt 0.337016 0.839191
vt 0.358337 0.838592
vt 0.325345 0.646556
vt 0.354683 0.642435
vt 0.379638 0.836792
vt 0.643365 0.222270
vt 0.383867 0.637316
vt 0.400907 0.833774
vt 0.642155 0.193036
vt 0.412860 0.631361
vt 0.422142 0.829502
vt 0.443364 0.823920
vt 0.441644 0.624779
vt 0.464633 0.816935
vt 0.486079 0.808399
vt 0.349332 0.901665
vt 0.373958 0.900434
vt 0.398570 0.897981
vt 0.423169 0.894322
vt 0.447765 0.889482
vt 0.472393 0.883495
vt 0.497157 0.876475
vt 0.522251 0.868579
vt 0.639760 0.163849
vt 0.636231 0.134735
vt 0.631655 0.105718
vt 0.236780 0.537836
vt 0.262497 0.562369
vt 0.288230 0.560560
vt 0.313997 0.557561
vt 0.626168 0.076811
vt 0.619944 0.048034
vt 0.339848 0.553400
vt 0.613191 0.019431
vt 0.365860 0.548077
vt 0.392201 0.541663
vt 0.415777 0.540625
vt 0.158655 0.488556
vt 0.136334 0.483445
vt 0.113951 0.476846
vt 0.091407 0.468561
vt 0.068512 0.458279
vt 0.613461 0.064497
vt 0.606984 0.035967
vt 0.007656 0.601197
vt 0.600227 0.007645
vt 0.337016 0.889813
vt 0.359792 0.865166
vt 0.224866 0.524210
vt 0.382557 0.863341
vt 0.201032 0.522988
vt 0.177182 0.520533
vt 0.405309 0.860294
vt 0.153286 0.516822
vt 0.129287 0.511819
vt 0.428062 0.856017
vt 0.105078 0.505460
vt 0.450858 0.850494
vt 0.080479 0.497643
vt 0.473786 0.843698
vt 0.055200 0.488215
vt 0.497022 0.835599
vt 0.520868 0.826134
vt 0.728154 0.421460
vt 0.633126 0.208055
vt 0.428653 0.516581
vt 0.631333 0.179238
vt 0.401835 0.524971
vt 0.349912 0.925396
vt 0.375697 0.924159
vt 0.401457 0.921686
vt 0.427181 0.918000
vt 0.452855 0.913134
vt 0.478481 0.907170
vt 0.504076 0.900252
vt 0.529715 0.892664
vt 0.375786 0.532197
vt 0.350184 0.538214
vt 0.324845 0.543046
vt 0.628382 0.150465
vt 0.299630 0.546675
vt 0.624341 0.121750
vt 0.619316 0.093094
vt 0.322428 0.998163
vt 0.656099 0.222007
vt 0.293266 0.996845
vt 0.654873 0.192251
vt 0.264165 0.994220
vt 0.652445 0.162558
vt 0.235164 0.990293
vt 0.648869 0.132969
vt 0.206321 0.985075
vt 0.644233 0.103525
vt 0.177711 0.978586
vt 0.638675 0.074261
vt 0.149435 0.970797
vt 0.632376 0.045210
vt 0.274473 0.549095
vt 0.121730 0.961472
vt 0.625510 0.016362
vt 0.249342 0.550302
vt 0.213709 0.509212
vt 0.247392 0.476053
vt 0.268601 0.474848
vt 0.289769 0.472414
vt 0.337016 0.913743
vt 0.362233 0.913142
vt 0.310870 0.468702
vt 0.331883 0.463623
vt 0.387439 0.911295
vt 0.352797 0.457027
vt 0.373617 0.448672
vt 0.412622 0.908228
vt 0.394393 0.438159
vt 0.437782 0.903970
vt 0.190636 0.507368
vt 0.167552 0.504270
vt 0.462922 0.898552
vt 0.144429 0.499870
vt 0.488086 0.892081
vt 0.513365 0.884726
vt 0.538987 0.876787
vt 0.778808 0.439579
vt 0.121207 0.494093
vt 0.097775 0.486812
vt 0.073944 0.477837
vt 0.223635 0.575277
vt 0.197341 0.574086
vt 0.171028 0.571696
vt 0.144662 0.568155
vt 0.258507 0.484589
vt 0.236780 0.485196
vt 0.350472 0.949108
vt 0.377382 0.947851
vt 0.404249 0.945340
vt 0.431056 0.941598
vt 0.457766 0.936661
vt 0.484333 0.930602
vt 0.510676 0.923557
vt 0.536641 0.915843
vt 0.236780 0.468132
vt 0.118198 0.563483
vt 0.094044 0.558280
vt 0.257539 0.467537
vt 0.278261 0.465740
vt 0.280216 0.482759
vt 0.298910 0.462707
vt 0.650312 0.207343
vt 0.881940 0.443223
vt 0.301890 0.479672
vt 0.319446 0.458369
vt 0.323523 0.475262
vt 0.339830 0.452608
vt 0.345121 0.469420
vt 0.360021 0.445234
vt 0.366717 0.461965
vt 0.379979 0.435921
vt 0.036810 0.543569
vt 0.648492 0.177829
vt 0.415970 0.931556
vt 0.442194 0.927248
vt 0.645499 0.148388
vt 0.641404 0.119056
vt 0.636317 0.089863
vt 0.630397 0.060835
vt 0.468334 0.921790
vt 0.337016 0.937153
vt 0.494365 0.915289
vt 0.623842 0.031989
vt 0.520255 0.907963
vt 0.546036 0.900277
vt 0.802298 0.446628
vt 0.003477 0.617617
vt 0.616694 0.003473
vt 0.388390 0.452609
vt 0.561331 0.211190
vt 0.559522 0.185467
vt 0.556523 0.159706
vt 0.552360 0.133857
vt 0.212270 0.537228
vt 0.547031 0.107837
vt 0.363360 0.936530
vt 0.540591 0.081492
vt 0.539537 0.057910
vt 0.389685 0.934660
vt 0.187748 0.535402
vt 0.351069 0.974187
vt 0.379126 0.972882
vt 0.407158 0.970335
vt 0.435090 0.966509
vt 0.462886 0.961443
vt 0.490472 0.955182
vt 0.517702 0.947786
vt 0.544171 0.939307
vt 0.026580 0.525916
vt 0.524759 0.026683
vt 0.163188 0.532349
vt 0.515452 0.045049
vt 0.523883 0.071875
vt 0.010200 0.700672
vt 0.246433 0.442866
vt 0.004247 0.717311
vt 0.265709 0.441737
vt 0.001654 0.734792
vt 0.284887 0.439460
vt 0.002522 0.752443
vt 0.303892 0.435994
vt 0.006817 0.769585
vt 0.322631 0.431268
vt 0.014373 0.785561
vt 0.340976 0.425163
vt 0.024901 0.799755
vt 0.358732 0.417492
vt 0.138543 0.528059
vt 0.531139 0.097920
vt 0.113727 0.522508
vt 0.088577 0.515662
vt 0.537171 0.123524
vt 0.062849 0.507464
vt 0.037996 0.811622
vt 0.375566 0.407936
vt 0.542009 0.148862
vt 0.545641 0.174071
vt 0.223095 0.599600
vt 0.500948 0.939895
vt 0.527478 0.932222
vt 0.548063 0.199219
vt 0.195728 0.598409
vt 0.553109 0.924029
vt 0.826049 0.453702
vt 0.549269 0.224339
vt 0.168358 0.596049
vt 0.475064 0.226292
vt 0.473857 0.205099
vt 0.256616 0.451610
vt 0.236780 0.452187
vt 0.276397 0.449869
vt 0.296066 0.446931
vt 0.337016 0.962292
vt 0.364538 0.961642
vt 0.471419 0.183948
vt 0.315555 0.442733
vt 0.392030 0.959742
vt 0.419465 0.956578
vt 0.467699 0.162863
vt 0.446803 0.952181
vt 0.334779 0.437170
vt 0.353623 0.430068
vt 0.473994 0.946595
vt 0.462610 0.141867
vt 0.351432 0.990519
vt 0.380247 0.989210
vt 0.409007 0.986606
vt 0.437668 0.982712
vt 0.466175 0.977545
vt 0.494454 0.971128
vt 0.522375 0.963457
vt 0.549610 0.954367
vt 0.371912 0.421132
vt 0.456001 0.120971
vt 0.447629 0.100173
vt 0.437097 0.079422
vt 0.140972 0.592551
vt 0.113534 0.587987
vt 0.085979 0.582440
vt 0.030172 0.569191
vt 0.697166 0.246996
vt 0.696045 0.265745
vt 0.209941 0.587092
vt 0.183098 0.585302
vt 0.693788 0.284417
vt 0.483593 0.215183
vt 0.690361 0.302957
vt 0.685703 0.321302
vt 0.679709 0.339379
vt 0.672195 0.357091
vt 0.466554 0.216153
vt 0.464754 0.195448
vt 0.481760 0.193491
vt 0.461715 0.174818
vt 0.478667 0.171832
vt 0.457368 0.154300
vt 0.662822 0.374321
vt 0.474248 0.150214
vt 0.337016 0.983927
vt 0.365537 0.983292
vt 0.451596 0.133934
vt 0.468393 0.128632
vt 0.394025 0.981338
vt 0.444207 0.113764
vt 0.422439 0.978112
vt 0.460922 0.107054
vt 0.728178 0.247905
vt 0.450733 0.973614
vt 0.726995 0.268483
vt 0.478846 0.967872
vt 0.724616 0.289023
vt 0.506680 0.960917
vt 0.721009 0.309503
vt 0.534005 0.952741
vt 0.716118 0.329917
vt 0.560086 0.943158
vt 0.845177 0.460679
vt 0.709849 0.350277
vt 0.702046 0.370636
vt 0.692468 0.391124
vt 0.434879 0.093829
vt 0.451546 0.085403
vt 0.073833 0.424118
vt 0.423058 0.074110
vt 0.337016 0.865776
vt 0.361045 0.889181
vt 0.063246 0.440901
vt 0.439815 0.063508
vt 0.156232 0.582361
vt 0.385060 0.887340
vt 0.129303 0.578304
vt 0.102285 0.573152
vt 0.409062 0.884282
vt 0.047418 0.560236
vt 0.222591 0.623146
vt 0.433064 0.880030
vt 0.457102 0.874588
vt 0.194222 0.621949
vt 0.481250 0.867988
vt 0.165877 0.619576
vt 0.505679 0.860330
vt 0.754832 0.248651
vt 0.530680 0.851726
vt 0.753747 0.431272
vt 0.137564 0.616075
vt 0.753623 0.270730
vt 0.109278 0.611525
vt 0.080993 0.606088
vt 0.052736 0.599849
vt 0.751199 0.292791
vt 0.747543 0.314834
vt 0.742628 0.336879
vt 0.736406 0.358983
vt 0.513659 0.843637
vt 0.728804 0.381262
vt 0.489511 0.852088
vt 0.719713 0.403924
vt 0.465810 0.859373
vt 0.024424 0.593187
vt 0.173189 0.777752
vt 0.441907 0.227252
vt 0.442318 0.865459
vt 0.179142 0.761113
vt 0.440776 0.207996
vt 0.181734 0.743632
vt 0.438495 0.188839
vt 0.418910 0.870333
vt 0.180866 0.725981
vt 0.435023 0.169854
vt 0.176572 0.708839
vt 0.430287 0.151137
vt 0.395523 0.873996
vt 0.169016 0.692864
vt 0.424172 0.132815
vt 0.372129 0.876439
vt 0.158488 0.678669
vt 0.416488 0.115082
vt 0.348722 0.877664
vt 0.145393 0.666802
vt 0.406919 0.098274
vt 0.153173 0.606253
vt 0.125314 0.602219
vt 0.097406 0.597188
vt 0.346781 0.807890
vt 0.366291 0.806738
vt 0.385740 0.804419
vt 0.405088 0.800898
vt 0.424297 0.796110
vt 0.443331 0.789946
vt 0.462166 0.782219
vt 0.480808 0.772605
vt 0.069464 0.591308
vt 0.046350 0.580782
vt 0.450641 0.217079
vt 0.448897 0.197316
vt 0.741211 0.237609
vt 0.740613 0.258929
vt 0.738813 0.280231
vt 0.735794 0.301500
vt 0.731523 0.322735
vt 0.445954 0.177667
vt 0.725941 0.343956
vt 0.441748 0.158198
vt 0.436174 0.138995
vt 0.718955 0.365226
vt 0.429059 0.120173
vt 0.357015 0.815524
vt 0.337016 0.816107
vt 0.337016 0.801249
vt 0.356140 0.800682
vt 0.420110 0.101908
vt 0.084206 0.409793
vt 0.408758 0.084493
vt 0.375217 0.798973
vt 0.376979 0.813769
vt 0.394201 0.796097
vt 0.396877 0.810817
vt 0.413043 0.792008
vt 0.416680 0.806621
vt 0.431690 0.786620
vt 0.436370 0.801101
vt 0.450082 0.779792
vt 0.455944 0.794120
vt 0.468157 0.771270
vt 0.475436 0.785448
vt 0.485902 0.760589
vt 0.662610 0.386495
vt 0.494961 0.774718
vt 0.676739 0.395553
vt 0.208901 0.610970
vt 0.181033 0.609188
vt 0.222144 0.644447
vt 0.192890 0.643231
vt 0.163686 0.640823
vt 0.710419 0.386671
vt 0.803685 0.249925
vt 0.802454 0.274551
vt 0.800001 0.299163
vt 0.796342 0.323761
vt 0.791502 0.348358
vt 0.785515 0.372986
vt 0.778496 0.397750
vt 0.134563 0.637274
vt 0.105548 0.632673
vt 0.076663 0.627157
vt 0.770599 0.422843
vt 0.047933 0.620908
vt 0.327629 0.795145
vt 0.308880 0.794025
vt 0.290208 0.791768
vt 0.271668 0.788341
vt 0.253323 0.783683
vt 0.235246 0.777688
vt 0.217533 0.770175
vt 0.200304 0.760801
vt 0.019398 0.614138
vt 0.326720 0.826157
vt 0.306141 0.824975
vt 0.285602 0.822595
vt 0.265121 0.818988
vt 0.244708 0.814097
vt 0.224348 0.807828
vt 0.203988 0.800026
vt 0.346034 0.782817
vt 0.980455 0.885407
vt 0.364041 0.781734
vt 0.989380 0.870515
vt 0.381956 0.779554
vt 0.995228 0.854169
vt 0.399709 0.776248
vt 0.997775 0.836995
vt 0.417219 0.771766
vt 0.996923 0.819655
vt 0.434374 0.766019
vt 0.992704 0.802814
vt 0.451014 0.758860
vt 0.985281 0.787120
vt 0.466857 0.750022
vt 0.974939 0.773176
vt 0.791834 0.237609
vt 0.767187 0.260384
vt 0.183501 0.790447
vt 0.765361 0.283149
vt 0.762314 0.305901
vt 0.064376 0.614453
vt 0.758038 0.328654
vt 0.752514 0.351450
vt 0.035902 0.607961
vt 0.745718 0.374378
vt 0.737619 0.397614
vt 0.827417 0.250504
vt 0.207921 0.634200
vt 0.826179 0.276290
vt 0.179088 0.632398
vt 0.823707 0.302050
vt 0.820020 0.327774
vt 0.815154 0.353448
vt 0.355430 0.788809
vt 0.337016 0.789360
vt 0.373788 0.787149
vt 0.392032 0.784357
vt 0.410095 0.780392
vt 0.427897 0.775176
vt 0.445331 0.768582
vt 0.462239 0.760380
vt 0.478366 0.750082
vt 0.652103 0.378959
vt 0.150303 0.629434
vt 0.121585 0.625374
vt 0.092940 0.620327
vt 0.221880 0.657190
vt 0.900183 0.223021
vt 0.192101 0.655957
vt 0.898865 0.193859
vt 0.809190 0.379073
vt 0.802273 0.404669
vt 0.794684 0.430307
vt 0.325973 0.852812
vt 0.303895 0.851603
vt 0.281834 0.849178
vt 0.259791 0.845523
vt 0.237745 0.840608
vt 0.215641 0.834386
vt 0.193363 0.826784
vt 0.170701 0.817693
vt 0.162388 0.653515
vt 0.896240 0.164758
vt 0.132786 0.649915
vt 0.892313 0.135757
vt 0.103342 0.645247
vt 0.887096 0.106914
vt 0.074098 0.639649
vt 0.880607 0.078303
vt 0.366025 0.994030
vt 0.337016 0.994680
vt 0.394997 0.992061
vt 0.423892 0.988798
vt 0.452661 0.984243
vt 0.481239 0.978417
vt 0.509540 0.971330
vt 0.537389 0.962898
vt 0.564383 0.952628
vt 0.854648 0.464976
vt 0.045098 0.633313
vt 0.872818 0.050028
vt 0.016323 0.626425
vt 0.863493 0.022322
vt 0.815764 0.237609
vt 0.166103 0.798103
vt 0.700124 0.066695
vt 0.815162 0.262826
vt 0.813316 0.288032
vt 0.207206 0.651397
vt 0.177671 0.649567
vt 0.315695 0.838592
vt 0.810248 0.313214
vt 0.148215 0.646556
vt 0.805990 0.338374
vt 0.118877 0.642435
vt 0.800572 0.363515
vt 0.794102 0.388678
vt 0.786746 0.413957
vt 0.294394 0.836792
vt 0.482821 0.269455
vt 0.480364 0.291132
vt 0.476618 0.312769
vt 0.471500 0.334366
vt 0.464865 0.355939
vt 0.456488 0.377539
vt 0.446004 0.399284
vt 0.089693 0.637316
vt 0.273125 0.833774
vt 0.060700 0.631361
vt 0.251890 0.829502
vt 0.230668 0.823920
vt 0.031916 0.624779
vt 0.851129 0.251065
vt 0.849871 0.277975
vt 0.847360 0.304842
vt 0.843618 0.331649
vt 0.838681 0.358359
vt 0.832622 0.384926
vt 0.825577 0.411268
vt 0.817863 0.437234
vt 0.209399 0.816934
vt 0.187953 0.808399
vt 0.324700 0.901665
vt 0.300074 0.900433
vt 0.275462 0.897980
vt 0.250863 0.894321
vt 0.226267 0.889482
vt 0.448108 0.349961
vt 0.201639 0.883495
vt 0.176875 0.876475
vt 0.439802 0.370015
vt 0.151782 0.868579
vt 0.465792 0.267995
vt 0.463380 0.288666
vt 0.211063 0.562369
vt 0.185330 0.560560
vt 0.429318 0.389828
vt 0.159563 0.557561
vt 0.133712 0.553400
vt 0.459698 0.309244
vt 0.107700 0.548077
vt 0.081359 0.541663
vt 0.833577 0.316562
vt 0.829269 0.342787
vt 0.454657 0.329690
vt 0.057783 0.540625
vt 0.314241 0.865166
vt 0.291475 0.863341
vt 0.268723 0.860294
vt 0.245970 0.856017
vt 0.223175 0.850493
vt 0.200246 0.843698
vt 0.823810 0.368927
vt 0.839173 0.237609
vt 0.177010 0.835598
vt 0.817310 0.394957
vt 0.508649 0.248424
vt 0.153164 0.826134
vt 0.728154 0.053757
vt 0.044907 0.516581
vt 0.507422 0.271481
vt 0.071725 0.524971
vt 0.504951 0.294544
vt 0.809983 0.420848
vt 0.501204 0.317631
vt 0.324120 0.925396
vt 0.838550 0.263953
vt 0.496117 0.340782
vt 0.836680 0.290278
vt 0.876207 0.251662
vt 0.489592 0.364079
vt 0.874903 0.279719
vt 0.481471 0.387666
vt 0.872355 0.307751
vt 0.471519 0.411787
vt 0.586507 0.250309
vt 0.868529 0.335683
vt 0.298335 0.924159
vt 0.863463 0.363479
vt 0.857202 0.391065
vt 0.561772 0.249747
vt 0.272575 0.921686
vt 0.849806 0.418294
vt 0.560584 0.275462
vt 0.841327 0.444763
vt 0.558179 0.301202
vt 0.246851 0.918000
vt 0.221177 0.913134
vt 0.554582 0.326995
vt 0.195551 0.907170
vt 0.169956 0.900252
vt 0.549832 0.352917
vt 0.144318 0.892664
vt 0.097775 0.532197
vt 0.547706 0.383159
vt 0.123376 0.538214
vt 0.536983 0.405699
vt 0.148715 0.543046
vt 0.529045 0.433033
vt 0.173930 0.546675
vt 0.199087 0.549095
vt 0.224218 0.550302
vt 0.841915 0.401540
vt 0.603336 0.334393
vt 0.226168 0.476053
vt 0.834242 0.428071
vt 0.585307 0.277138
vt 0.204959 0.474848
vt 0.582954 0.303985
vt 0.183791 0.472414
vt 0.579447 0.330872
vt 0.574812 0.357832
vt 0.864312 0.237609
vt 0.570132 0.380769
vt 0.863662 0.265131
vt 0.555514 0.440395
vt 0.861762 0.292623
vt 0.311799 0.913142
vt 0.858598 0.320057
vt 0.162690 0.468702
vt 0.141677 0.463622
vt 0.286593 0.911295
vt 0.610272 0.423562
vt 0.120763 0.457027
vt 0.099943 0.448672
vt 0.598800 0.362270
vt 0.261410 0.908228
vt 0.586973 0.393713
vt 0.854202 0.347396
vt 0.587068 0.418259
vt 0.848615 0.374586
vt 0.580321 0.446535
vt 0.079167 0.438159
vt 0.892539 0.252025
vt 0.891230 0.280839
vt 0.888626 0.309599
vt 0.884732 0.338260
vt 0.879565 0.366768
vt 0.873148 0.395047
vt 0.865477 0.422968
vt 0.236250 0.903970
vt 0.856387 0.450203
vt 0.610364 0.250827
vt 0.211110 0.898551
vt 0.185947 0.892081
vt 0.609176 0.278688
vt 0.160667 0.884726
vt 0.135046 0.876787
vt 0.778808 0.035638
vt 0.606820 0.306541
vt 0.215053 0.484589
vt 0.603595 0.452035
vt 0.323560 0.949108
vt 0.296650 0.947851
vt 0.269783 0.945340
vt 0.242976 0.941597
vt 0.216266 0.936661
vt 0.189699 0.930602
vt 0.163356 0.923557
vt 0.137391 0.915843
vt 0.216021 0.467537
vt 0.195299 0.465740
vt 0.633560 0.251316
vt 0.632359 0.280147
vt 0.193344 0.482759
vt 0.174651 0.462707
vt 0.629982 0.308942
vt 0.171670 0.479672
vt 0.154114 0.458369
vt 0.626476 0.337687
vt 0.150038 0.475262
vt 0.133730 0.452608
vt 0.621928 0.366371
vt 0.128439 0.469420
vt 0.113539 0.445234
vt 0.616474 0.395000
vt 0.106843 0.461965
vt 0.885947 0.237609
vt 0.885312 0.266130
vt 0.883358 0.294618
vt 0.880132 0.323032
vt 0.875634 0.351326
vt 0.869892 0.379439
vt 0.862937 0.407272
vt 0.650757 0.251673
vt 0.854761 0.434598
vt 0.649539 0.281211
vt 0.093581 0.435921
vt 0.258062 0.931556
vt 0.647125 0.310692
vt 0.767796 0.237609
vt 0.791201 0.261637
vt 0.643570 0.340082
vt 0.231838 0.927248
vt 0.638963 0.369347
vt 0.205698 0.921790
vt 0.789361 0.285653
vt 0.633438 0.398461
vt 0.627175 0.427398
vt 0.179667 0.915289
vt 0.620355 0.456134
vt 0.153777 0.907963
vt 0.786302 0.309655
vt 0.127996 0.900277
vt 0.802298 0.028589
vt 0.085170 0.452609
vt 0.310672 0.936530
vt 0.284347 0.934660
vt 0.322963 0.974187
vt 0.501693 0.423977
vt 0.294906 0.972882
vt 0.510639 0.397824
vt 0.266874 0.970335
vt 0.518181 0.372429
vt 0.782050 0.333656
vt 0.776608 0.357694
vt 0.524388 0.347470
vt 0.770008 0.381843
vt 0.529314 0.322759
vt 0.762351 0.406271
vt 0.532988 0.298172
vt 0.238942 0.966508
vt 0.535429 0.273645
vt 0.211146 0.961443
vt 0.183560 0.955182
vt 0.536645 0.249143
vt 0.156331 0.947785
vt 0.745657 0.414251
vt 0.754108 0.390103
vt 0.761394 0.366403
vt 0.767480 0.342910
vt 0.129862 0.939307
vt 0.484038 0.247752
vt 0.451090 0.246807
vt 0.449931 0.266604
vt 0.447592 0.286318
vt 0.444027 0.305886
vt 0.439153 0.325234
vt 0.432834 0.344263
vt 0.424849 0.362830
vt 0.414799 0.380712
vt 0.019284 0.685513
vt 0.227127 0.442866
vt 0.772354 0.319502
vt 0.031152 0.672419
vt 0.207851 0.441737
vt 0.045346 0.661891
vt 0.188673 0.439460
vt 0.061321 0.654334
vt 0.169668 0.435994
vt 0.078463 0.650040
vt 0.150929 0.431268
vt 0.096114 0.649172
vt 0.132585 0.425163
vt 0.113595 0.651764
vt 0.114828 0.417492
vt 0.097995 0.407936
vt 0.130235 0.657717
vt 0.173085 0.939895
vt 0.146554 0.932222
vt 0.120923 0.924028
vt 0.826049 0.021516
vt 0.776016 0.296116
vt 0.778459 0.272721
vt 0.216945 0.451610
vt 0.197163 0.449869
vt 0.177494 0.446931
vt 0.309494 0.961642
vt 0.091695 0.739212
vt 0.466987 0.247268
vt 0.367002 0.814785
vt 0.386936 0.812436
vt 0.406789 0.808870
vt 0.426536 0.804025
vt 0.446166 0.797797
vt 0.465690 0.790008
vt 0.485178 0.780365
vt 0.779684 0.249315
vt 0.709910 0.247374
vt 0.708759 0.266883
vt 0.706440 0.286332
vt 0.702918 0.305680
vt 0.698131 0.324889
vt 0.691967 0.343924
vt 0.684240 0.362758
vt 0.158005 0.442733
vt 0.282002 0.959742
vt 0.674626 0.381400
vt 0.254568 0.956578
vt 0.227229 0.952181
vt 0.138781 0.437170
vt 0.119937 0.430068
vt 0.200038 0.946595
vt 0.717544 0.257607
vt 0.718127 0.237609
vt 0.703269 0.237609
vt 0.702702 0.256732
vt 0.322599 0.990519
vt 0.700993 0.275810
vt 0.715789 0.277571
vt 0.698118 0.294794
vt 0.440915 0.783387
vt 0.293785 0.989210
vt 0.265025 0.986606
vt 0.236364 0.982712
vt 0.459154 0.775755
vt 0.207857 0.977544
vt 0.179578 0.971128
vt 0.365686 0.799959
vt 0.384722 0.797672
vt 0.712837 0.297469
vt 0.694028 0.313636
vt 0.708642 0.317273
vt 0.477053 0.766234
vt 0.688640 0.332282
vt 0.403640 0.794197
vt 0.703122 0.336962
vt 0.151657 0.963456
vt 0.124422 0.954367
vt 0.681812 0.350675
vt 0.101648 0.421132
vt 0.697166 0.228221
vt 0.422390 0.789472
vt 0.696045 0.209472
vt 0.696140 0.356536
vt 0.673291 0.368749
vt 0.693788 0.190800
vt 0.687469 0.376028
vt 0.690361 0.172261
vt 0.685703 0.153915
vt 0.679709 0.135838
vt 0.672195 0.118126
vt 0.662822 0.100896
vt 0.347677 0.839031
vt 0.308495 0.983292
vt 0.368990 0.837834
vt 0.280007 0.981338
vt 0.251593 0.978112
vt 0.390276 0.835428
vt 0.728178 0.227313
vt 0.223299 0.973613
vt 0.411526 0.831788
vt 0.726995 0.206734
vt 0.195186 0.967872
vt 0.432750 0.826871
vt 0.724616 0.186194
vt 0.167353 0.960917
vt 0.453984 0.820603
vt 0.721009 0.165714
vt 0.475321 0.812865
vt 0.140027 0.952740
vt 0.496935 0.803480
vt 0.349627 0.913626
vt 0.716118 0.145300
vt 0.113946 0.943157
vt 0.845178 0.014539
vt 0.709849 0.124940
vt 0.702047 0.104581
vt 0.692468 0.084094
vt 0.349032 0.889656
vt 0.373057 0.888423
vt 0.684838 0.246627
vt 0.849843 0.767033
vt 0.683754 0.264634
vt 0.863788 0.756691
vt 0.397067 0.885973
vt 0.681574 0.282548
vt 0.879482 0.749267
vt 0.678269 0.300302
vt 0.896323 0.745049
vt 0.421062 0.882300
vt 0.673786 0.317811
vt 0.913663 0.744196
vt 0.445077 0.877449
vt 0.668039 0.334966
vt 0.930836 0.746743
vt 0.660881 0.351606
vt 0.947183 0.752592
vt 0.469166 0.871431
vt 0.652043 0.367449
vt 0.962074 0.761517
vt 0.493432 0.864287
vt 0.312988 0.889181
vt 0.518108 0.856131
vt 0.288972 0.887340
vt 0.264970 0.884281
vt 0.240969 0.880030
vt 0.216931 0.874588
vt 0.192782 0.867988
vt 0.168354 0.860330
vt 0.429091 0.929558
vt 0.754832 0.226566
vt 0.143353 0.851726
vt 0.753747 0.043945
vt 0.374843 0.912397
vt 0.753623 0.204487
vt 0.751199 0.182427
vt 0.400040 0.909937
vt 0.690829 0.256023
vt 0.747544 0.160383
vt 0.425212 0.906268
vt 0.691380 0.237609
vt 0.689169 0.274381
vt 0.450356 0.901408
vt 0.686378 0.292625
vt 0.682412 0.310688
vt 0.475499 0.895448
vt 0.677196 0.328490
vt 0.500701 0.888506
vt 0.742628 0.138338
vt 0.526108 0.880810
vt 0.670602 0.345923
vt 0.662401 0.362832
vt 0.736406 0.116234
vt 0.160373 0.843637
vt 0.728804 0.093956
vt 0.184522 0.852088
vt 0.719714 0.071293
vt 0.208222 0.859373
vt 0.231714 0.865459
vt 0.514277 0.936141
vt 0.255123 0.870333
vt 0.278509 0.873996
vt 0.455276 0.924665
vt 0.481364 0.918668
vt 0.301903 0.876439
vt 0.507326 0.911718
vt 0.533138 0.904132
vt 0.325310 0.877664
vt 0.896051 0.266618
vt 0.896700 0.237609
vt 0.327251 0.807890
vt 0.894081 0.295590
vt 0.890818 0.324485
vt 0.307742 0.806738
vt 0.886263 0.353254
vt 0.880437 0.381832
vt 0.873350 0.410132
vt 0.864918 0.437981
vt 0.350188 0.937004
vt 0.288293 0.804419
vt 0.376528 0.935757
vt 0.268945 0.800898
vt 0.402834 0.933268
vt 0.249736 0.796110
vt 0.230701 0.789946
vt 0.211867 0.782219
vt 0.540445 0.928124
vt 0.193225 0.772605
vt 0.740613 0.216288
vt 0.738813 0.194986
vt 0.735794 0.173717
vt 0.731523 0.152483
vt 0.725941 0.131261
vt 0.718955 0.109991
vt 0.317018 0.815524
vt 0.350771 0.962092
vt 0.317893 0.800682
vt 0.378288 0.960827
vt 0.269364 0.483818
vt 0.291056 0.481366
vt 0.405747 0.958284
vt 0.312708 0.477628
vt 0.334321 0.472520
vt 0.433138 0.954501
vt 0.355911 0.465900
vt 0.377531 0.457540
vt 0.460410 0.949504
vt 0.399301 0.447078
vt 0.298815 0.798973
vt 0.487498 0.943351
vt 0.297053 0.813769
vt 0.279831 0.796097
vt 0.277155 0.810817
vt 0.349945 0.449126
vt 0.260989 0.792007
vt 0.257352 0.806621
vt 0.370020 0.440836
vt 0.242342 0.786620
vt 0.267906 0.466777
vt 0.351282 0.983825
vt 0.288594 0.464369
vt 0.237662 0.801101
vt 0.379790 0.982523
vt 0.223950 0.779792
vt 0.218089 0.794120
vt 0.408251 0.979938
vt 0.205875 0.771270
vt 0.198597 0.785448
vt 0.436614 0.976073
vt 0.188130 0.760589
vt 0.662610 0.088722
vt 0.179071 0.774718
vt 0.676739 0.079664
vt 0.464829 0.970948
vt 0.710419 0.088546
vt 0.803685 0.225293
vt 0.492821 0.964596
vt 0.389860 0.430369
vt 0.520445 0.957036
vt 0.802454 0.200666
vt 0.547312 0.948183
vt 0.309190 0.460694
vt 0.329654 0.455663
vt 0.800001 0.176055
vt 0.796342 0.151456
vt 0.791503 0.126859
vt 0.785515 0.102232
vt 0.778496 0.077467
vt 0.508845 0.831035
vt 0.770600 0.052374
vt 0.485350 0.839804
vt 0.327998 0.782817
vt 0.968796 0.898271
vt 0.462295 0.847246
vt 0.309991 0.781734
vt 0.954851 0.908613
vt 0.248315 0.509660
vt 0.439448 0.853402
vt 0.292076 0.779554
vt 0.939157 0.916037
vt 0.274323 0.776248
vt 0.922316 0.920256
vt 0.416682 0.858299
vt 0.256814 0.771766
vt 0.904976 0.921108
vt 0.239658 0.766019
vt 0.887803 0.918561
vt 0.393933 0.861959
vt 0.271386 0.508435
vt 0.371175 0.864394
vt 0.294462 0.505969
vt 0.317560 0.502227
vt 0.348404 0.865612
vt 0.340723 0.497152
vt 0.223018 0.758860
vt 0.871456 0.912712
vt 0.207176 0.750022
vt 0.856565 0.903787
vt 0.364031 0.490643
vt 0.387632 0.482545
vt 0.347017 0.815952
vt 0.346227 0.789235
vt 0.364620 0.788131
vt 0.382930 0.785909
vt 0.401092 0.782537
vt 0.419036 0.777957
vt 0.436669 0.772071
vt 0.453861 0.764710
vt 0.470414 0.755553
vt 0.767187 0.214833
vt 0.411774 0.472624
vt 0.250200 0.587556
vt 0.765361 0.192068
vt 0.762314 0.169316
vt 0.249638 0.562811
vt 0.758038 0.146563
vt 0.752514 0.123767
vt 0.745718 0.100839
vt 0.275364 0.561622
vt 0.737619 0.077603
vt 0.301112 0.559217
vt 0.827417 0.224713
vt 0.326910 0.555621
vt 0.352830 0.550875
vt 0.826179 0.198928
vt 0.383045 0.548750
vt 0.405611 0.538072
vt 0.432916 0.530169
vt 0.823707 0.173167
vt 0.334316 0.604378
vt 0.820021 0.147444
vt 0.815155 0.121769
vt 0.909320 0.832652
vt 0.346580 0.801096
vt 0.351521 0.994469
vt 0.380515 0.993156
vt 0.409452 0.990541
vt 0.438289 0.986630
vt 0.466969 0.981437
vt 0.495419 0.974983
vt 0.523522 0.967249
vt 0.551000 0.958038
vt 0.277041 0.586355
vt 0.318602 0.788809
vt 0.300244 0.787149
vt 0.282000 0.784357
vt 0.263937 0.780392
vt 0.246135 0.775176
vt 0.228701 0.768582
vt 0.211793 0.760380
vt 0.195666 0.750083
vt 0.652103 0.096258
vt 0.303897 0.583998
vt 0.809190 0.096144
vt 0.802273 0.070549
vt 0.794684 0.044910
vt 0.308007 0.994030
vt 0.330788 0.580488
vt 0.357745 0.575850
vt 0.279035 0.992061
vt 0.380678 0.571169
vt 0.440222 0.556602
vt 0.916583 0.212532
vt 0.981783 0.213094
vt 0.937215 0.209068
vt 0.958703 0.208284
vt 0.921903 0.236308
vt 0.974023 0.238335
vt 0.939115 0.232650
vt 0.955962 0.233492
vt 0.952366 0.251345
vt 0.942060 0.248587
vt 0.926813 0.259380
vt 0.964135 0.262865
vt 0.949335 0.258793
vt 0.944736 0.257399
vt 0.940760 0.268338
vt 0.949908 0.269375
vt 0.936562 0.193155
vt 0.937236 0.297931
vt 0.921107 0.297261
vt 0.949817 0.298439
vt 0.966309 0.299086
vt 0.932142 0.209728
vt 0.926887 0.210535
vt 0.921631 0.211477
vt 0.911563 0.213755
vt 0.906450 0.215115
vt 0.992118 0.217571
vt 0.987124 0.215250
vt 0.976120 0.211260
vt 0.970168 0.209863
vt 0.964258 0.208874
vt 0.953263 0.208092
vt 0.947739 0.208202
vt 0.942332 0.208549
vt 0.938532 0.227192
vt 0.938038 0.221237
vt 0.937595 0.215084
vt 0.958145 0.214631
vt 0.957488 0.221108
vt 0.956757 0.227463
vt 0.951766 0.232867
vt 0.947459 0.232503
vt 0.943195 0.232434
vt 0.926292 0.235063
vt 0.930717 0.233981
vt 0.935029 0.233162
vt 0.960228 0.234364
vt 0.964765 0.235512
vt 0.969421 0.236882
vt 0.978747 0.239845
vt 0.912534 0.239225
vt 0.983743 0.241435
vt 0.917374 0.237700
vt 0.917791 0.218238
vt 0.919083 0.224295
vt 0.920460 0.230411
vt 0.976124 0.231920
vt 0.978070 0.225416
vt 0.979933 0.219068
vt 0.950123 0.250103
vt 0.947595 0.249143
vt 0.944860 0.248588
vt 0.931907 0.253961
vt 0.935829 0.251030
vt 0.939145 0.249336
vt 0.954541 0.252869
vt 0.957036 0.254937
vt 0.960055 0.257924
vt 0.970209 0.263825
vt 0.915912 0.262020
vt 0.975732 0.264091
vt 0.921246 0.261081
vt 0.971692 0.244487
vt 0.969252 0.250366
vt 0.966740 0.256089
vt 0.953309 0.247935
vt 0.954237 0.243816
vt 0.955123 0.238984
vt 0.941273 0.245331
vt 0.940504 0.241647
vt 0.939779 0.237452
vt 0.923381 0.241832
vt 0.924770 0.247130
vt 0.925938 0.252528
vt 0.948523 0.258488
vt 0.947301 0.258074
vt 0.945899 0.257672
vt 0.941959 0.263982
vt 0.943077 0.260824
vt 0.944046 0.258648
vt 0.949498 0.260086
vt 0.949641 0.262189
vt 0.949768 0.265194
vt 0.947869 0.269612
vt 0.945808 0.269549
vt 0.943458 0.269144
vt 0.959260 0.265930
vt 0.955514 0.267709
vt 0.952392 0.268788
vt 0.949874 0.257793
vt 0.950603 0.256215
vt 0.951445 0.254091
vt 0.944238 0.255993
vt 0.943573 0.253938
vt 0.942847 0.251466
vt 0.930854 0.262796
vt 0.934394 0.265231
vt 0.937722 0.267057
vt 0.921767 0.287631
vt 0.922861 0.278177
vt 0.924429 0.268996
vt 0.966403 0.289596
vt 0.966053 0.280389
vt 0.965304 0.271685
vt 0.937014 0.205167
vt 0.959017 0.204131
vt 0.983033 0.209325
vt 0.915825 0.209016
vt 0.939564 0.274079
vt 0.938527 0.281159
vt 0.937740 0.289266
vt 0.950063 0.274949
vt 0.950142 0.281881
vt 0.950071 0.289871
vt 0.961962 0.298917
vt 0.957547 0.298744
vt 0.953363 0.298580
vt 0.917372 0.297104
vt 0.912945 0.296919
vt 0.975504 0.299441
vt 0.970779 0.299259
vt 0.933009 0.297757
vt 0.928660 0.297577
vt 0.924640 0.297409
vt 0.946961 0.298324
vt 0.944165 0.298212
vt 0.940971 0.298083
vt 0.953453 0.203960
vt 0.947806 0.204139
vt 0.942266 0.204562
vt 0.942490 0.214653
vt 0.947664 0.214398
vt 0.952950 0.214378
vt 0.942680 0.220872
vt 0.947581 0.220702
vt 0.952581 0.220775
vt 0.942902 0.226890
vt 0.947500 0.226820
vt 0.952176 0.227014
vt 0.958925 0.240043
vt 0.962999 0.241370
vt 0.967323 0.242897
vt 0.957523 0.245067
vt 0.961116 0.246625
vt 0.965028 0.248481
vt 0.956046 0.249349
vt 0.959129 0.251182
vt 0.962681 0.253561
vt 0.915806 0.231563
vt 0.910839 0.232850
vt 0.985979 0.235131
vt 0.980958 0.233461
vt 0.914316 0.225335
vt 0.909291 0.226484
vt 0.988089 0.228800
vt 0.983032 0.227042
vt 0.912907 0.219298
vt 0.907840 0.220473
vt 0.990115 0.222816
vt 0.985048 0.220878
vt 0.932742 0.215657
vt 0.933428 0.221769
vt 0.934184 0.227711
vt 0.927705 0.216390
vt 0.928628 0.222484
vt 0.929639 0.228459
vt 0.922653 0.217261
vt 0.923788 0.223349
vt 0.925011 0.229383
vt 0.961426 0.228174
vt 0.962486 0.221735
vt 0.963443 0.215214
vt 0.966345 0.229204
vt 0.967750 0.222695
vt 0.969033 0.216167
vt 0.971307 0.230498
vt 0.973028 0.223958
vt 0.974629 0.217478
vt 0.953069 0.255661
vt 0.954893 0.257853
vt 0.957033 0.261080
vt 0.951722 0.257757
vt 0.952880 0.259954
vt 0.954174 0.263149
vt 0.950553 0.259230
vt 0.951128 0.261363
vt 0.951742 0.264451
vt 0.943561 0.237341
vt 0.947471 0.237583
vt 0.951369 0.238152
vt 0.943980 0.241627
vt 0.947514 0.242031
vt 0.950970 0.242791
vt 0.944423 0.245354
vt 0.947563 0.245869
vt 0.950555 0.246767
vt 0.976342 0.246007
vt 0.914151 0.245319
vt 0.981377 0.247466
vt 0.918915 0.243562
vt 0.973887 0.251918
vt 0.915399 0.251049
vt 0.979060 0.253108
vt 0.920248 0.249214
vt 0.971614 0.257704
vt 0.916003 0.256462
vt 0.977051 0.258448
vt 0.921140 0.254857
vt 0.927645 0.240246
vt 0.931872 0.238909
vt 0.935966 0.237966
vt 0.928989 0.245050
vt 0.933101 0.243336
vt 0.936957 0.242192
vt 0.930296 0.249632
vt 0.934380 0.247362
vt 0.938021 0.245956
vt 0.945543 0.259532
vt 0.947039 0.260027
vt 0.948365 0.260269
vt 0.944942 0.261837
vt 0.946688 0.262372
vt 0.948243 0.262495
vt 0.944228 0.264942
vt 0.946267 0.265433
vt 0.948063 0.265505
vt 0.945266 0.251389
vt 0.947595 0.251909
vt 0.949680 0.252851
vt 0.945612 0.253784
vt 0.947557 0.254231
vt 0.949250 0.255065
vt 0.945868 0.255839
vt 0.947468 0.256221
vt 0.948845 0.256864
vt 0.934278 0.257568
vt 0.937517 0.254302
vt 0.940318 0.252364
vt 0.936923 0.260366
vt 0.939349 0.257054
vt 0.941534 0.254982
vt 0.939513 0.262479
vt 0.941209 0.259234
vt 0.942746 0.257110
vt 0.910681 0.210380
vt 0.905522 0.211952
vt 0.993500 0.214597
vt 0.988641 0.211844
vt 0.977035 0.207240
vt 0.970822 0.205790
vt 0.964738 0.204728
vt 0.931800 0.205929
vt 0.926410 0.206835
vt 0.921016 0.207865
vt 0.953007 0.274574
vt 0.956658 0.273858
vt 0.960848 0.272764
vt 0.953425 0.281720
vt 0.957385 0.281379
vt 0.961705 0.280874
vt 0.953554 0.289883
vt 0.957681 0.289832
vt 0.962065 0.289720
vt 0.970140 0.271374
vt 0.915280 0.268997
vt 0.975329 0.271263
vt 0.920238 0.268898
vt 0.970560 0.280104
vt 0.914384 0.277538
vt 0.975410 0.279920
vt 0.918997 0.277816
vt 0.970875 0.289505
vt 0.913531 0.287007
vt 0.975602 0.289438
vt 0.917998 0.287316
vt 0.928185 0.270229
vt 0.932126 0.271793
vt 0.936000 0.273115
vt 0.926446 0.278838
vt 0.930434 0.279703
vt 0.934589 0.280520
vt 0.925299 0.287999
vt 0.929297 0.288442
vt 0.933589 0.288890
vt 0.942681 0.274690
vt 0.945355 0.275005
vt 0.947696 0.275079
vt 0.941978 0.281582
vt 0.944928 0.281817
vt 0.947509 0.281908
vt 0.941400 0.289536
vt 0.944530 0.289711
vt 0.947272 0.289815
vt 0.250140 0.988797
vt 0.221371 0.984242
vt 0.192793 0.978416
vt 0.164493 0.971329
vt 0.136643 0.962897
vt 0.109649 0.952628
vt 0.854649 0.010242
vt 0.423427 0.611255
vt 0.815162 0.212391
vt 0.813316 0.187186
vt 0.362188 0.599831
vt 0.810249 0.162003
vt 0.393616 0.588010
vt 0.418118 0.588089
vt 0.446334 0.581353
vt 0.805990 0.136843
vt 0.250720 0.611426
vt 0.800572 0.111702
vt 0.794102 0.086539
vt 0.278595 0.610234
vt 0.786747 0.061260
vt 0.482821 0.204335
vt 0.306459 0.607871
vt 0.480364 0.182658
vt 0.476618 0.161021
vt 0.471500 0.139424
vt 0.464865 0.117851
vt 0.456488 0.096251
vt 0.446004 0.074506
vt 0.851129 0.224153
vt 0.849871 0.197242
vt 0.451835 0.604569
vt 0.251211 0.634635
vt 0.847360 0.170375
vt 0.280059 0.633429
vt 0.843618 0.143569
vt 0.838682 0.116859
vt 0.832622 0.090292
vt 0.308869 0.631041
vt 0.825577 0.063949
vt 0.817864 0.037984
vt 0.448108 0.123830
vt 0.337621 0.627519
vt 0.439802 0.103776
vt 0.465793 0.205796
vt 0.463380 0.185124
vt 0.429318 0.083963
vt 0.459698 0.164546
vt 0.366303 0.622950
vt 0.833577 0.158655
vt 0.829269 0.132431
vt 0.394911 0.617476
vt 0.251569 0.651845
vt 0.454657 0.144101
vt 0.281128 0.650619
vt 0.310628 0.648192
vt 0.340029 0.644616
vt 0.369294 0.639978
vt 0.823811 0.106290
vt 0.398387 0.634419
vt 0.427275 0.628124
vt 0.455940 0.621284
vt 0.817310 0.080260
vt 0.508649 0.225367
vt 0.507422 0.202309
vt 0.504951 0.179246
vt 0.809984 0.054370
vt 0.501204 0.156159
vt 0.838550 0.211264
vt 0.496117 0.133008
vt 0.423915 0.502820
vt 0.836680 0.184939
vt 0.876207 0.223555
vt 0.397758 0.511725
vt 0.489592 0.109711
vt 0.874903 0.195499
vt 0.481471 0.086124
vt 0.872356 0.167467
vt 0.372356 0.519241
vt 0.347394 0.525431
vt 0.322679 0.530348
vt 0.471519 0.062003
vt 0.298084 0.534018
vt 0.586507 0.223481
vt 0.273547 0.536456
vt 0.868529 0.139534
vt 0.249034 0.537672
vt 0.863463 0.111738
vt 0.247644 0.485034
vt 0.246702 0.452057
vt 0.266517 0.450901
vt 0.286251 0.448567
vt 0.305839 0.445008
vt 0.325207 0.440143
vt 0.344258 0.433837
vt 0.857203 0.084153
vt 0.362848 0.425864
vt 0.380755 0.415828
vt 0.561772 0.224043
vt 0.849806 0.056923
vt 0.560584 0.198328
vt 0.841328 0.030454
vt 0.558180 0.172588
vt 0.554582 0.146795
vt 0.549832 0.120873
vt 0.547706 0.090632
vt 0.536983 0.068091
vt 0.529045 0.040757
vt 0.841916 0.073677
vt 0.603336 0.139397
vt 0.834242 0.047147
vt 0.585307 0.196652
vt 0.582954 0.169805
vt 0.247161 0.467970
vt 0.716805 0.267595
vt 0.714456 0.287529
vt 0.579447 0.142918
vt 0.710890 0.307382
vt 0.706046 0.327129
vt 0.574812 0.115958
vt 0.699817 0.346758
vt 0.570132 0.093021
vt 0.863662 0.210087
vt 0.692028 0.366283
vt 0.682386 0.385771
vt 0.555514 0.033396
vt 0.685408 0.341508
vt 0.861762 0.182595
vt 0.858598 0.155160
vt 0.610272 0.050228
vt 0.598800 0.111520
vt 0.586974 0.080077
vt 0.677776 0.359746
vt 0.854202 0.127821
vt 0.587068 0.055531
vt 0.848616 0.100631
vt 0.701980 0.266278
vt 0.580321 0.027255
vt 0.699692 0.285314
vt 0.892539 0.223192
vt 0.668254 0.377646
vt 0.696217 0.304232
vt 0.891230 0.194378
vt 0.888626 0.165618
vt 0.691492 0.322982
vt 0.884732 0.136957
vt 0.879565 0.108450
vt 0.873149 0.080171
vt 0.865477 0.052249
vt 0.741052 0.248270
vt 0.856387 0.025015
vt 0.739854 0.269583
vt 0.737448 0.290868
vt 0.610364 0.222963
vt 0.733809 0.312119
vt 0.609176 0.195102
vt 0.728892 0.333342
vt 0.606820 0.167249
vt 0.722623 0.354577
vt 0.603595 0.021755
vt 0.633560 0.222474
vt 0.632359 0.193644
vt 0.629982 0.164848
vt 0.714886 0.375913
vt 0.705500 0.397527
vt 0.815646 0.250220
vt 0.626476 0.136104
vt 0.621928 0.107419
vt 0.616474 0.078790
vt 0.791677 0.249625
vt 0.790443 0.273649
vt 0.787993 0.297660
vt 0.885312 0.209088
vt 0.784321 0.321655
vt 0.883359 0.180600
vt 0.880133 0.152186
vt 0.779469 0.345669
vt 0.773451 0.369759
vt 0.766307 0.394025
vt 0.875634 0.123892
vt 0.758151 0.418700
vt 0.869893 0.095778
vt 0.862938 0.067945
vt 0.650757 0.222117
vt 0.831578 0.329684
vt 0.854761 0.040620
vt 0.814417 0.275435
vt 0.649539 0.192580
vt 0.811957 0.300632
vt 0.647125 0.163098
vt 0.808289 0.325805
vt 0.803429 0.350949
vt 0.797468 0.376091
vt 0.790526 0.401294
vt 0.782830 0.426700
vt 0.791201 0.213580
vt 0.643570 0.133709
vt 0.838161 0.414870
vt 0.638963 0.104443
vt 0.826685 0.355869
vt 0.820689 0.381957
vt 0.789361 0.189565
vt 0.813739 0.407918
vt 0.806152 0.433730
vt 0.633438 0.075329
vt 0.627175 0.046392
vt 0.839025 0.250781
vt 0.620355 0.017657
vt 0.837778 0.277120
vt 0.786302 0.165563
vt 0.835288 0.303427
vt 0.830144 0.441037
vt 0.501693 0.049813
vt 0.510639 0.075966
vt 0.518181 0.101361
vt 0.782050 0.141561
vt 0.776609 0.117523
vt 0.864112 0.251364
vt 0.524388 0.126320
vt 0.770009 0.093374
vt 0.862848 0.278881
vt 0.860304 0.306340
vt 0.856521 0.333731
vt 0.851524 0.361002
vt 0.845371 0.388090
vt 0.885846 0.251875
vt 0.884543 0.280383
vt 0.529314 0.151031
vt 0.762351 0.068946
vt 0.881958 0.308843
vt 0.532988 0.175618
vt 0.535429 0.200145
vt 0.878093 0.337206
vt 0.536645 0.224647
vt 0.872968 0.365422
vt 0.745657 0.060966
vt 0.754109 0.085114
vt 0.866617 0.393413
vt 0.859056 0.421038
vt 0.850203 0.447904
vt 0.761394 0.108814
vt 0.767480 0.132307
vt 0.733056 0.409437
vt 0.741824 0.385942
vt 0.749266 0.362888
vt 0.484038 0.226039
vt 0.755422 0.340041
vt 0.451090 0.226983
vt 0.449931 0.207186
vt 0.760319 0.317274
vt 0.447592 0.187473
vt 0.763980 0.294526
vt 0.444027 0.167904
vt 0.766415 0.271768
vt 0.767632 0.248997
vt 0.439153 0.148556
vt 0.432835 0.129527
vt 0.424849 0.110960
vt 0.414799 0.093078
vt 0.772354 0.155715
vt 0.776016 0.179102
vt 0.778459 0.202496
vt 0.466987 0.226522
vt 0.717972 0.247610
vt 0.691255 0.246819
vt 0.690151 0.265213
vt 0.687929 0.283522
vt 0.684557 0.301685
vt 0.679977 0.319629
vt 0.674092 0.337261
vt 0.666731 0.354454
vt 0.657574 0.371006
vt 0.307030 0.814785
vt 0.287096 0.812436
vt 0.267243 0.808870
vt 0.247496 0.804025
vt 0.227866 0.797797
vt 0.208342 0.790008
vt 0.188854 0.780365
vt 0.779684 0.225903
vt 0.709910 0.227844
vt 0.703116 0.247173
vt 0.896490 0.252114
vt 0.895177 0.281108
vt 0.892561 0.310044
vt 0.888650 0.338881
vt 0.883457 0.367562
vt 0.877003 0.396012
vt 0.869269 0.424114
vt 0.708759 0.208334
vt 0.706440 0.188885
vt 0.702918 0.169537
vt 0.698131 0.150328
vt 0.860058 0.451592
vt 0.691967 0.131293
vt 0.684240 0.112459
vt 0.674626 0.093817
vt 0.717544 0.217610
vt 0.702702 0.218485
vt 0.700993 0.199408
vt 0.715789 0.197646
vt 0.698118 0.180423
vt 0.233117 0.783387
vt 0.214879 0.775755
vt 0.308347 0.799959
vt 0.289311 0.797671
vt 0.712837 0.177748
vt 0.694028 0.161581
vt 0.708642 0.157945
vt 0.196979 0.766234
vt 0.688640 0.142935
vt 0.270392 0.794197
vt 0.703122 0.138255
vt 0.681812 0.124543
vt 0.251642 0.789472
vt 0.907017 0.381769
vt 0.978185 0.387094
vt 0.696140 0.118681
vt 0.673291 0.106468
vt 0.687469 0.099189
vt 0.326355 0.839031
vt 0.305042 0.837834
vt 0.283756 0.835428
vt 0.262506 0.831788
vt 0.241283 0.826871
vt 0.220048 0.820603
vt 0.928554 0.388826
vt 0.952199 0.392074
vt 0.916159 0.358247
vt 0.970033 0.360526
vt 0.933387 0.363985
vt 0.951048 0.364595
vt 0.948669 0.345920
vt 0.937940 0.347877
vt 0.923538 0.335573
vt 0.198712 0.812865
vt 0.177097 0.803480
vt 0.324405 0.913626
vt 0.325000 0.889656
vt 0.300976 0.888423
vt 0.684838 0.228590
vt 0.838184 0.779897
vt 0.683754 0.210584
vt 0.829259 0.794789
vt 0.276965 0.885973
vt 0.681574 0.192669
vt 0.823411 0.811135
vt 0.678269 0.174915
vt 0.820864 0.828309
vt 0.252970 0.882300
vt 0.673787 0.157406
vt 0.821716 0.845649
vt 0.228956 0.877449
vt 0.668040 0.140251
vt 0.825935 0.862490
vt 0.660881 0.123611
vt 0.833358 0.878184
vt 0.204866 0.871431
vt 0.652043 0.107768
vt 0.843701 0.892128
vt 0.180600 0.864287
vt 0.155924 0.856131
vt 0.244941 0.929558
vt 0.299189 0.912397
vt 0.273992 0.909937
vt 0.690829 0.219195
vt 0.248820 0.906268
vt 0.689169 0.200836
vt 0.223676 0.901408
vt 0.686378 0.182592
vt 0.682412 0.164529
vt 0.198533 0.895448
vt 0.677196 0.146728
vt 0.173331 0.888506
vt 0.147924 0.880810
vt 0.670602 0.129294
vt 0.662401 0.112386
vt 0.159755 0.936141
vt 0.218756 0.924665
vt 0.192668 0.918668
vt 0.166706 0.911718
vt 0.140895 0.904132
vt 0.896051 0.208600
vt 0.894081 0.179628
vt 0.890818 0.150733
vt 0.886263 0.121964
vt 0.880437 0.093385
vt 0.873350 0.065085
vt 0.864918 0.037236
vt 0.323844 0.937004
vt 0.297504 0.935757
vt 0.271198 0.933268
vt 0.133588 0.928124
vt 0.323261 0.962092
vt 0.295744 0.960827
vt 0.204196 0.483818
vt 0.182504 0.481366
vt 0.268285 0.958284
vt 0.160852 0.477628
vt 0.139239 0.472519
vt 0.240894 0.954501
vt 0.117649 0.465900
vt 0.096030 0.457540
vt 0.213623 0.949504
vt 0.074260 0.447078
vt 0.186535 0.943350
vt 0.123615 0.449126
vt 0.103540 0.440836
vt 0.205654 0.466777
vt 0.322750 0.983825
vt 0.184966 0.464368
vt 0.294242 0.982522
vt 0.265781 0.979938
vt 0.237418 0.976072
vt 0.209203 0.970948
vt 0.181212 0.964596
vt 0.083700 0.430369
vt 0.153587 0.957036
vt 0.126720 0.948183
vt 0.164370 0.460694
vt 0.143906 0.455663
vt 0.165187 0.831035
vt 0.188682 0.839804
vt 0.211737 0.847246
vt 0.225245 0.509660
vt 0.234584 0.853402
vt 0.257350 0.858299
vt 0.280099 0.861959
vt 0.202174 0.508435
vt 0.302857 0.864394
vt 0.179098 0.505969
vt 0.156000 0.502227
vt 0.325628 0.865612
vt 0.132838 0.497152
vt 0.109529 0.490643
vt 0.085928 0.482545
vt 0.327015 0.815952
vt 0.327805 0.789235
vt 0.309412 0.788131
vt 0.291102 0.785909
vt 0.272940 0.782537
vt 0.254996 0.777957
vt 0.237364 0.772071
vt 0.220171 0.764710
vt 0.203619 0.755553
vt 0.061787 0.472624
vt 0.223360 0.587556
vt 0.223922 0.562811
vt 0.198196 0.561622
vt 0.172448 0.559217
vt 0.146650 0.555621
vt 0.120730 0.550874
vt 0.090515 0.548750
vt 0.067950 0.538072
vt 0.040644 0.530169
vt 0.139244 0.604378
vt 0.327452 0.801096
vt 0.322511 0.994469
vt 0.293517 0.993156
vt 0.264580 0.990541
vt 0.235743 0.986630
vt 0.207063 0.981437
vt 0.178613 0.974983
vt 0.150511 0.967249
vt 0.123033 0.958038
vt 0.196519 0.586355
vt 0.169663 0.583998
vt 0.142772 0.580488
vt 0.115815 0.575850
vt 0.092882 0.571168
vt 0.033338 0.556602
vt 0.896520 0.623810
vt 0.961720 0.623250
vt 0.917152 0.627274
vt 0.938640 0.628060
vt 0.901841 0.600034
vt 0.953961 0.598009
vt 0.919053 0.603693
vt 0.935899 0.602851
vt 0.932305 0.584998
vt 0.921998 0.587756
vt 0.906752 0.576962
vt 0.944074 0.573478
vt 0.929274 0.577550
vt 0.924675 0.578944
vt 0.920699 0.568005
vt 0.929847 0.566968
vt 0.916498 0.643187
vt 0.917177 0.538412
vt 0.901047 0.539081
vt 0.929757 0.537904
vt 0.946249 0.537258
vt 0.912079 0.626614
vt 0.906824 0.625807
vt 0.901568 0.624864
vt 0.891500 0.622587
vt 0.886387 0.621226
vt 0.972055 0.618774
vt 0.967061 0.621094
vt 0.956057 0.625084
vt 0.950105 0.626481
vt 0.944195 0.627470
vt 0.933200 0.628251
vt 0.927676 0.628140
vt 0.922269 0.627793
vt 0.918470 0.609151
vt 0.917975 0.615106
vt 0.917532 0.621259
vt 0.938082 0.621712
vt 0.937425 0.615235
vt 0.936695 0.608880
vt 0.931704 0.603476
vt 0.927397 0.603839
vt 0.923132 0.603909
vt 0.906230 0.601279
vt 0.910655 0.602361
vt 0.914967 0.603180
vt 0.940166 0.601980
vt 0.944703 0.600831
vt 0.949359 0.599462
vt 0.958685 0.596500
vt 0.892472 0.597116
vt 0.963682 0.594909
vt 0.897312 0.598642
vt 0.897728 0.618103
vt 0.899021 0.612046
vt 0.900398 0.605930
vt 0.956062 0.604424
vt 0.958007 0.610928
vt 0.959870 0.617276
vt 0.930061 0.586240
vt 0.927534 0.587200
vt 0.924799 0.587755
vt 0.911846 0.582381
vt 0.915767 0.585312
vt 0.919084 0.587007
vt 0.934480 0.583474
vt 0.936974 0.581406
vt 0.939994 0.578419
vt 0.950148 0.572519
vt 0.895851 0.574322
vt 0.955671 0.572253
vt 0.901185 0.575261
vt 0.951630 0.591856
vt 0.949190 0.585978
vt 0.946678 0.580254
vt 0.933247 0.588408
vt 0.934175 0.592527
vt 0.935061 0.597359
vt 0.921211 0.591011
vt 0.920442 0.594695
vt 0.919717 0.598890
vt 0.903319 0.594509
vt 0.904708 0.589212
vt 0.905876 0.583814
vt 0.928461 0.577855
vt 0.961406 0.335124
vt 0.946179 0.338126
vt 0.941414 0.339161
vt 0.938322 0.327806
vt 0.947596 0.327510
vt 0.925566 0.406277
vt 0.923143 0.387398
vt 0.917602 0.385724
vt 0.912144 0.383829
vt 0.902069 0.379452
vt 0.897234 0.376953
vt 0.988694 0.381560
vt 0.983772 0.384393
vt 0.971974 0.389334
vt 0.965248 0.390894
vt 0.958507 0.391779
vt 0.946092 0.391794
vt 0.939978 0.391082
vt 0.934073 0.390058
vt 0.932193 0.369621
vt 0.930987 0.375849
vt 0.929756 0.382368
vt 0.952058 0.384964
vt 0.951800 0.377858
vt 0.951462 0.371008
vt 0.946610 0.364931
vt 0.942073 0.364947
vt 0.937613 0.364622
vt 0.920458 0.360047
vt 0.924857 0.361681
vt 0.929207 0.363014
vt 0.955565 0.363969
vt 0.960354 0.363031
vt 0.965242 0.361837
vt 0.974898 0.359144
vt 0.907155 0.354165
vt 0.979983 0.357679
vt 0.911781 0.356285
vt 0.909326 0.376048
vt 0.911645 0.370050
vt 0.913931 0.364027
vt 0.971999 0.367190
vt 0.973935 0.373989
vt 0.975958 0.380691
vt 0.946286 0.347009
vt 0.943631 0.347784
vt 0.940795 0.348120
vt 0.928147 0.341496
vt 0.931833 0.344826
vt 0.935042 0.346852
vt 0.950997 0.344534
vt 0.953680 0.342619
vt 0.956950 0.339813
vt 0.967560 0.334579
vt 0.912903 0.331923
vt 0.973094 0.334683
vt 0.918129 0.333353
vt 0.967919 0.354147
vt 0.965756 0.348055
vt 0.963570 0.342118
vt 0.949370 0.349471
vt 0.950012 0.353763
vt 0.950571 0.358815
vt 0.936843 0.351128
vt 0.935713 0.354831
vt 0.934561 0.359079
vt 0.918303 0.352848
vt 0.920280 0.347666
vt 0.922003 0.342362
vt 0.945333 0.338369
vt 0.944064 0.338689
vt 0.942612 0.338981
vt 0.939163 0.332286
vt 0.927240 0.578269
vt 0.925837 0.578671
vt 0.921898 0.572361
vt 0.923015 0.575519
vt 0.923984 0.577695
vt 0.929437 0.576257
vt 0.929580 0.574154
vt 0.929708 0.571149
vt 0.927808 0.566731
vt 0.925747 0.566793
vt 0.923397 0.567199
vt 0.939199 0.570413
vt 0.935453 0.568634
vt 0.932332 0.567555
vt 0.929813 0.578550
vt 0.930542 0.580128
vt 0.931384 0.582252
vt 0.924177 0.580349
vt 0.923511 0.582405
vt 0.922786 0.584876
vt 0.910793 0.573547
vt 0.914333 0.571111
vt 0.917661 0.569285
vt 0.901707 0.548711
vt 0.902801 0.558165
vt 0.940024 0.335562
vt 0.940820 0.337841
vt 0.946446 0.336832
vt 0.946758 0.334720
vt 0.947124 0.331703
vt 0.945567 0.327109
vt 0.943492 0.327005
vt 0.941099 0.327220
vt 0.956730 0.331690
vt 0.953099 0.329620
vt 0.950046 0.328294
vt 0.946645 0.339180
vt 0.947258 0.340836
vt 0.947946 0.343056
vt 0.940792 0.340542
vt 0.939943 0.342568
vt 0.938994 0.345015
vt 0.927898 0.332515
vt 0.931666 0.330383
vt 0.935164 0.328836
vt 0.920959 0.306915
vt 0.921250 0.316437
vt 0.922020 0.325738
vt 0.965668 0.308558
vt 0.964614 0.317721
vt 0.963214 0.326366
vt 0.927798 0.393061
vt 0.952204 0.396798
vt 0.979828 0.391203
vt 0.905496 0.385326
vt 0.937602 0.321948
vt 0.937149 0.314777
vt 0.937030 0.306614
vt 0.948194 0.321929
vt 0.948823 0.314995
vt 0.949388 0.307006
vt 0.945881 0.396442
vt 0.939581 0.395595
vt 0.933495 0.394435
vt 0.934980 0.383429
vt 0.940565 0.384279
vt 0.946333 0.384816
vt 0.935884 0.376767
vt 0.941109 0.377456
vt 0.946486 0.377835
vt 0.936754 0.370406
vt 0.941602 0.370929
vt 0.946570 0.371134
vt 0.954577 0.357983
vt 0.958861 0.356869
vt 0.963382 0.355548
vt 0.953475 0.352715
vt 0.957258 0.351361
vt 0.961364 0.349715
vt 0.952270 0.348229
vt 0.955539 0.346580
vt 0.959305 0.344407
vt 0.909405 0.362223
vt 0.904654 0.360248
vt 0.982114 0.364055
vt 0.976997 0.365689
vt 0.906982 0.368245
vt 0.902170 0.366290
vt 0.984219 0.370447
vt 0.979082 0.372285
vt 0.904532 0.374086
vt 0.899695 0.371960
vt 0.986384 0.376426
vt 0.981285 0.378619
vt 0.924636 0.381109
vt 0.926180 0.374714
vt 0.927705 0.368576
vt 0.919390 0.379604
vt 0.921239 0.373323
vt 0.923076 0.367239
vt 0.914214 0.377897
vt 0.916334 0.371732
vt 0.918430 0.365686
vt 0.956452 0.370558
vt 0.957228 0.377496
vt 0.957932 0.384657
vt 0.961696 0.369719
vt 0.962932 0.376696
vt 0.964127 0.383828
vt 0.966953 0.368543
vt 0.968601 0.375483
vt 0.970265 0.382468
vt 0.949714 0.341588
vt 0.951727 0.339508
vt 0.954128 0.336408
vt 0.948511 0.339361
vt 0.949852 0.337230
vt 0.951403 0.334106
vt 0.947445 0.337780
vt 0.904368 0.567346
vt 0.946343 0.546748
vt 0.945993 0.555955
vt 0.945244 0.564659
vt 0.916950 0.631175
vt 0.938954 0.632213
vt 0.962970 0.627019
vt 0.895762 0.627326
vt 0.919504 0.562264
vt 0.918466 0.555184
vt 0.917680 0.547076
vt 0.930002 0.561394
vt 0.930081 0.554462
vt 0.930011 0.546472
vt 0.941903 0.537426
vt 0.937488 0.537599
vt 0.933304 0.537764
vt 0.897312 0.539237
vt 0.892885 0.539423
vt 0.955445 0.536902
vt 0.950720 0.537085
vt 0.912950 0.538585
vt 0.908600 0.538765
vt 0.904580 0.538933
vt 0.926902 0.538018
vt 0.924106 0.538131
vt 0.920911 0.538260
vt 0.933389 0.632383
vt 0.927743 0.632203
vt 0.922202 0.631781
vt 0.922427 0.621689
vt 0.927601 0.621945
vt 0.932887 0.621965
vt 0.922617 0.615470
vt 0.927519 0.615641
vt 0.932518 0.615568
vt 0.922839 0.609452
vt 0.927437 0.609522
vt 0.932113 0.609329
vt 0.938863 0.596300
vt 0.942937 0.594974
vt 0.947262 0.593446
vt 0.937461 0.591276
vt 0.941054 0.589719
vt 0.944967 0.587862
vt 0.935985 0.586994
vt 0.939068 0.585161
vt 0.942619 0.582782
vt 0.895744 0.604779
vt 0.890777 0.603491
vt 0.965917 0.601214
vt 0.960896 0.602883
vt 0.948193 0.335671
vt 0.949053 0.332606
vt 0.938459 0.359557
vt 0.942530 0.359658
vt 0.946618 0.359391
vt 0.939282 0.355173
vt 0.942954 0.355066
vt 0.946573 0.354566
vt 0.940067 0.351387
vt 0.943326 0.351128
vt 0.946462 0.350452
vt 0.972699 0.352820
vt 0.909473 0.348315
vt 0.977816 0.351563
vt 0.914018 0.350604
vt 0.970517 0.346747
vt 0.911329 0.342765
vt 0.975761 0.345824
vt 0.915967 0.345101
vt 0.968571 0.340804
vt 0.912470 0.337452
vt 0.974052 0.340389
vt 0.917430 0.339554
vt 0.922436 0.354934
vt 0.926594 0.356762
vt 0.930687 0.358161
vt 0.924317 0.350209
vt 0.928313 0.352374
vt 0.932133 0.353930
vt 0.926103 0.345709
vt 0.930015 0.348408
vt 0.933582 0.350189
vt 0.942406 0.337072
vt 0.943958 0.336694
vt 0.945316 0.336556
vt 0.941990 0.334696
vt 0.943795 0.334299
vt 0.945373 0.334300
vt 0.941527 0.331508
vt 0.943619 0.331181
vt 0.945432 0.331254
vt 0.941446 0.345301
vt 0.943859 0.344966
vt 0.946055 0.344177
vt 0.941999 0.342897
vt 0.944010 0.342603
vt 0.945795 0.341894
vt 0.942430 0.340834
vt 0.944082 0.340579
vt 0.945528 0.340039
vt 0.930868 0.338078
vt 0.933842 0.341669
vt 0.936505 0.343882
vt 0.933782 0.335495
vt 0.935938 0.339049
vt 0.937967 0.341335
vt 0.936573 0.333592
vt 0.938005 0.337008
vt 0.939376 0.339285
vt 0.900408 0.382733
vt 0.895574 0.379861
vt 0.990369 0.384385
vt 0.985718 0.387857
vt 0.973116 0.393891
vt 0.965915 0.395580
vt 0.958819 0.396552
vt 0.922205 0.391475
vt 0.965354 0.199063
vt 0.959559 0.196271
vt 0.953803 0.194291
vt 0.971413 0.201846
vt 0.977674 0.204325
vt 0.983858 0.206891
vt 0.904383 0.208422
vt 0.995337 0.211696
vt 0.989987 0.209132
vt 0.916481 0.389644
vt 0.910824 0.387587
vt 0.951115 0.322537
vt 0.954718 0.323538
vt 0.941870 0.192781
vt 0.947922 0.193228
vt 0.908968 0.204851
vt 0.958832 0.324953
vt 0.952095 0.315416
vt 0.956028 0.316066
vt 0.960307 0.316905
vt 0.952866 0.307270
vt 0.956982 0.307645
vt 0.961350 0.308098
vt 0.968025 0.327028
vt 0.912900 0.324928
vt 0.973191 0.327512
vt 0.917830 0.325465
vt 0.969092 0.318345
vt 0.912746 0.316348
vt 0.973914 0.318892
vt 0.917366 0.316466
vt 0.970122 0.308992
vt 0.912698 0.306843
vt 0.974829 0.309421
vt 0.917175 0.306912
vt 0.925882 0.324835
vt 0.929960 0.323610
vt 0.933951 0.322615
vt 0.924884 0.316083
vt 0.931298 0.194473
vt 0.919537 0.198743
vt 0.925336 0.196417
vt 0.928940 0.315557
vt 0.933160 0.315089
vt 0.924511 0.306845
vt 0.928536 0.306737
vt 0.932856 0.306648
vt 0.548985 0.410778
vt 0.912762 0.198108
vt 0.553225 0.415076
vt 0.907455 0.202154
vt 0.558836 0.417521
vt 0.902590 0.206533
vt 0.997185 0.209643
vt 0.564922 0.417911
vt 0.991288 0.206612
vt 0.570608 0.415897
vt 0.985040 0.203889
vt 0.574625 0.411345
vt 0.978559 0.201622
vt 0.576574 0.405557
vt 0.972416 0.199069
vt 0.576479 0.399384
vt 0.966352 0.196001
vt 0.574232 0.393588
vt 0.960510 0.192541
vt 0.569890 0.389314
vt 0.954556 0.189757
vt 0.562937 0.387433
vt 0.946852 0.188053
vt 0.558344 0.387483
vt 0.941970 0.187295
vt 0.553356 0.389287
vt 0.936093 0.187427
vt 0.550059 0.393462
vt 0.930484 0.189279
vt 0.547851 0.399062
vt 0.924347 0.191742
vt 0.547230 0.405097
vt 0.918324 0.194619
vt 0.940775 0.321593
vt 0.943480 0.321495
vt 0.945832 0.321609
vt 0.940635 0.314637
vt 0.943604 0.314641
vt 0.946193 0.314759
vt 0.940705 0.306643
vt 0.943844 0.306722
vt 0.946589 0.306838
vt 0.894253 0.611006
vt 0.889228 0.609857
vt 0.968027 0.607545
vt 0.962969 0.609302
vt 0.892845 0.617043
vt 0.887777 0.615868
vt 0.970052 0.613529
vt 0.964985 0.615466
vt 0.912680 0.620685
vt 0.913366 0.614573
vt 0.914121 0.608631
vt 0.907642 0.619952
vt 0.908566 0.613858
vt 0.909577 0.607883
vt 0.902590 0.619081
vt 0.903726 0.612993
vt 0.904949 0.606958
vt 0.941364 0.608169
vt 0.942423 0.614609
vt 0.943380 0.621129
vt 0.946282 0.607139
vt 0.947687 0.613648
vt 0.948971 0.620176
vt 0.951244 0.605845
vt 0.952965 0.612386
vt 0.954567 0.618865
vt 0.933008 0.580682
vt 0.934832 0.578491
vt 0.936972 0.575263
vt 0.931661 0.578586
vt 0.932819 0.576389
vt 0.934113 0.573194
vt 0.930492 0.577113
vt 0.931067 0.574979
vt 0.931681 0.571892
vt 0.923499 0.599002
vt 0.927409 0.598760
vt 0.931307 0.598191
vt 0.923918 0.594716
vt 0.927452 0.594312
vt 0.930908 0.593552
vt 0.924361 0.590988
vt 0.927501 0.590473
vt 0.930493 0.589576
vt 0.956280 0.590337
vt 0.894090 0.591023
vt 0.961315 0.588878
vt 0.898853 0.592780
vt 0.953825 0.584426
vt 0.895337 0.585292
vt 0.958999 0.583236
vt 0.900187 0.587128
vt 0.951552 0.578640
vt 0.895941 0.579879
vt 0.956990 0.577896
vt 0.901079 0.581484
vt 0.907583 0.596096
vt 0.911810 0.597433
vt 0.915904 0.598376
vt 0.908927 0.591292
vt 0.913039 0.593006
vt 0.916896 0.594150
vt 0.910234 0.586710
vt 0.914319 0.588981
vt 0.917959 0.590387
vt 0.925482 0.576811
vt 0.926978 0.576316
vt 0.928303 0.576073
vt 0.924881 0.574506
vt 0.926627 0.573971
vt 0.928182 0.573848
vt 0.924167 0.571400
vt 0.926206 0.570910
vt 0.928002 0.570838
vt 0.925204 0.584954
vt 0.927534 0.584434
vt 0.929619 0.583492
vt 0.925551 0.582559
vt 0.927496 0.582111
vt 0.929189 0.581278
vt 0.925807 0.580503
vt 0.927406 0.580122
vt 0.928783 0.579479
vt 0.914217 0.578774
vt 0.917456 0.582041
vt 0.920257 0.583978
vt 0.916862 0.575976
vt 0.919287 0.579289
vt 0.921472 0.581361
vt 0.919452 0.573864
vt 0.921148 0.577109
vt 0.922685 0.579233
vt 0.890618 0.625962
vt 0.885459 0.624389
vt 0.973437 0.621747
vt 0.968578 0.624501
vt 0.956971 0.629104
vt 0.950759 0.630554
vt 0.944675 0.631616
vt 0.911737 0.630413
vt 0.906347 0.629507
vt 0.900953 0.628477
vt 0.932947 0.561769
vt 0.936597 0.562486
vt 0.940787 0.563579
vt 0.933365 0.554623
vt 0.937325 0.554964
vt 0.941645 0.555469
vt 0.933494 0.546460
vt 0.937621 0.546511
vt 0.942005 0.546623
vt 0.950079 0.564969
vt 0.895219 0.567345
vt 0.955268 0.565081
vt 0.900178 0.567444
vt 0.950500 0.556240
vt 0.894323 0.558804
vt 0.955350 0.556423
vt 0.898937 0.558526
vt 0.950815 0.546839
vt 0.893471 0.549334
vt 0.955542 0.546906
vt 0.897938 0.549026
vt 0.908124 0.566114
vt 0.912066 0.564550
vt 0.915940 0.563227
vt 0.906385 0.557504
vt 0.910374 0.556639
vt 0.914529 0.555822
vt 0.905239 0.548343
vt 0.909237 0.547900
vt 0.913529 0.547453
vt 0.922621 0.561652
vt 0.925295 0.561338
vt 0.927636 0.561263
vt 0.921918 0.554761
vt 0.924868 0.554526
vt 0.927449 0.554435
vt 0.921340 0.546806
vt 0.924470 0.546632
vt 0.927212 0.546528
vt 0.050133 0.611255
vt 0.111372 0.599831
vt 0.079944 0.588009
vt 0.055442 0.588089
vt 0.027226 0.581353
vt 0.222840 0.611426
vt 0.194966 0.610234
vt 0.167101 0.607871
vt 0.021726 0.604569
vt 0.222349 0.634635
vt 0.193501 0.633429
vt 0.164691 0.631041
vt 0.135939 0.627519
vt 0.107257 0.622950
vt 0.078649 0.617475
vt 0.221991 0.651845
vt 0.192432 0.650619
vt 0.162932 0.648192
vt 0.133531 0.644616
vt 0.104266 0.639978
vt 0.075173 0.634419
vt 0.046285 0.628124
vt 0.017621 0.621284
vt 0.049645 0.502820
vt 0.075803 0.511725
vt 0.101204 0.519241
vt 0.126166 0.525431
vt 0.150881 0.530348
vt 0.175476 0.534018
vt 0.200013 0.536456
vt 0.224526 0.537672
vt 0.225916 0.485034
vt 0.226859 0.452057
vt 0.207043 0.450901
vt 0.187310 0.448567
vt 0.167721 0.445008
vt 0.148353 0.440143
vt 0.129302 0.433837
vt 0.110712 0.425864
vt 0.092805 0.415828
vt 0.226399 0.467970
vt 0.716805 0.207623
vt 0.714456 0.187688
vt 0.710890 0.167836
vt 0.706046 0.148088
vt 0.699818 0.128459
vt 0.692028 0.108934
vt 0.682386 0.089447
vt 0.685408 0.133710
vt 0.677776 0.115471
vt 0.701980 0.208939
vt 0.699692 0.189903
vt 0.668254 0.097571
vt 0.696217 0.170985
vt 0.691492 0.152235
vt 0.741052 0.226947
vt 0.739854 0.205635
vt 0.737448 0.184349
vt 0.733809 0.163098
vt 0.728892 0.141875
vt 0.722623 0.120641
vt 0.714886 0.099304
vt 0.705501 0.077690
vt 0.815646 0.224998
vt 0.791677 0.225592
vt 0.790443 0.201568
vt 0.787994 0.177558
vt 0.784321 0.153562
vt 0.779469 0.129548
vt 0.773451 0.105459
vt 0.766307 0.081192
vt 0.758151 0.056517
vt 0.831578 0.145534
vt 0.814417 0.199782
vt 0.811957 0.174585
vt 0.808289 0.149412
vt 0.803429 0.124269
vt 0.797468 0.099126
vt 0.790527 0.073923
vt 0.782830 0.048517
vt 0.838162 0.060348
vt 0.826686 0.119349
vt 0.820689 0.093261
vt 0.813739 0.067299
vt 0.806153 0.041487
vt 0.839025 0.224436
vt 0.837778 0.198097
vt 0.835288 0.171791
vt 0.830145 0.034180
vt 0.864112 0.223854
vt 0.862848 0.196337
vt 0.860304 0.168878
vt 0.856522 0.141487
vt 0.851525 0.114215
vt 0.845371 0.087127
vt 0.885846 0.223343
vt 0.884543 0.194835
vt 0.881959 0.166374
vt 0.878093 0.138011
vt 0.872969 0.109796
vt 0.866617 0.081804
vt 0.859057 0.054180
vt 0.850204 0.027313
vt 0.733056 0.065780
vt 0.741824 0.089275
vt 0.749267 0.112329
vt 0.755422 0.135176
vt 0.760319 0.157943
vt 0.763980 0.180692
vt 0.766415 0.203449
vt 0.767632 0.226220
vt 0.717972 0.227607
vt 0.691255 0.228398
vt 0.690151 0.210004
vt 0.687930 0.191695
vt 0.684557 0.173532
vt 0.679978 0.155589
vt 0.674092 0.137956
vt 0.666731 0.120763
vt 0.657574 0.104211
vt 0.703116 0.228044
vt 0.896490 0.223104
vt 0.895177 0.194110
vt 0.892562 0.165173
vt 0.888651 0.136336
vt 0.883458 0.107656
vt 0.877003 0.079206
vt 0.869270 0.051103
vt 0.860059 0.023625
vt 0.886961 0.454572
vt 0.958129 0.449250
vt 0.908498 0.447516
vt 0.932143 0.444269
vt 0.896102 0.478094
vt 0.949975 0.475817
vt 0.913330 0.472357
vt 0.930991 0.471748
vt 0.928611 0.490423
vt 0.917882 0.488465
vt 0.903480 0.500769
vt 0.941348 0.501219
vt 0.926121 0.498217
vt 0.921356 0.497182
vt 0.918264 0.508536
vt 0.927538 0.508833
vt 0.905511 0.430065
vt 0.903087 0.448944
vt 0.897546 0.450618
vt 0.892088 0.452513
vt 0.882013 0.456889
vt 0.877178 0.459387
vt 0.968637 0.454785
vt 0.963715 0.451951
vt 0.951918 0.447010
vt 0.945192 0.445450
vt 0.938451 0.444564
vt 0.926036 0.444549
vt 0.919922 0.445260
vt 0.914017 0.446285
vt 0.912136 0.466721
vt 0.910930 0.460493
vt 0.909700 0.453974
vt 0.932001 0.451379
vt 0.931743 0.458485
vt 0.931405 0.465335
vt 0.926553 0.471412
vt 0.922016 0.471396
vt 0.917556 0.471721
vt 0.900401 0.476295
vt 0.904800 0.474661
vt 0.909150 0.473328
vt 0.935508 0.472374
vt 0.940297 0.473312
vt 0.945185 0.474507
vt 0.954841 0.477200
vt 0.887098 0.482176
vt 0.959926 0.478665
vt 0.891724 0.480057
vt 0.889270 0.460293
vt 0.891588 0.466292
vt 0.893874 0.472314
vt 0.951942 0.469154
vt 0.953878 0.462355
vt 0.955902 0.455653
vt 0.926229 0.489334
vt 0.923574 0.488559
vt 0.920737 0.488223
vt 0.908089 0.494846
vt 0.911776 0.491516
vt 0.914984 0.489490
vt 0.930939 0.491809
vt 0.933622 0.493724
vt 0.936892 0.496531
vt 0.947502 0.501764
vt 0.892845 0.504418
vt 0.953036 0.501661
vt 0.898071 0.502989
vt 0.947861 0.482196
vt 0.945699 0.488289
vt 0.546405 0.412468
vt 0.551691 0.417778
vt 0.558287 0.420599
vt 0.565306 0.421035
vt 0.572863 0.418100
vt 0.577518 0.412571
vt 0.579629 0.406214
vt 0.579577 0.399046
vt 0.576898 0.392007
vt 0.571554 0.386733
vt 0.563471 0.384434
vt 0.557926 0.384491
vt 0.551608 0.386849
vt 0.547389 0.392047
vt 0.544863 0.398436
vt 0.544182 0.405447
vt 0.943513 0.494225
vt 0.929313 0.486872
vt 0.929954 0.482580
vt 0.930514 0.477528
vt 0.916786 0.485214
vt 0.915656 0.481511
vt 0.914504 0.477264
vt 0.898245 0.483494
vt 0.900222 0.488676
vt 0.901946 0.493980
vt 0.925275 0.497974
vt 0.924006 0.497653
vt 0.922555 0.497362
vt 0.919105 0.504056
vt 0.919966 0.500780
vt 0.920762 0.498502
vt 0.926388 0.499511
vt 0.926700 0.501622
vt 0.927066 0.504640
vt 0.925509 0.509234
vt 0.923433 0.509338
vt 0.921040 0.509122
vt 0.936672 0.504653
vt 0.933041 0.506723
vt 0.929988 0.508049
vt 0.926587 0.497162
vt 0.927200 0.495507
vt 0.927888 0.493287
vt 0.920734 0.495801
vt 0.919885 0.493774
vt 0.918936 0.491327
vt 0.907840 0.503827
vt 0.911607 0.505960
vt 0.915105 0.507506
vt 0.900899 0.529426
vt 0.901191 0.519904
vt 0.901962 0.510604
vt 0.945609 0.527786
vt 0.944555 0.518622
vt 0.943155 0.509977
vt 0.907742 0.443281
vt 0.932148 0.439545
vt 0.959772 0.445141
vt 0.885439 0.451015
vt 0.917543 0.514394
vt 0.917090 0.521565
vt 0.916970 0.529729
vt 0.928135 0.514413
vt 0.928765 0.521348
vt 0.929329 0.529337
vt 0.925825 0.439901
vt 0.919525 0.440747
vt 0.913439 0.441908
vt 0.914924 0.452913
vt 0.920509 0.452064
vt 0.926277 0.451526
vt 0.915827 0.459575
vt 0.921052 0.458886
vt 0.926430 0.458507
vt 0.916697 0.465937
vt 0.959149 0.403242
vt 0.952022 0.405940
vt 0.945099 0.407480
vt 0.966513 0.400226
vt 0.973963 0.397272
vt 0.980975 0.393911
vt 0.893548 0.383048
vt 0.992603 0.386926
vt 0.987524 0.390596
vt 0.931424 0.407455
vt 0.938275 0.407829
vt 0.897177 0.388147
vt 0.919900 0.404049
vt 0.907456 0.397375
vt 0.913567 0.400949
vt 0.899560 0.396704
vt 0.894715 0.390619
vt 0.891177 0.384355
vt 0.994872 0.388567
vt 0.989401 0.393152
vt 0.982668 0.397239
vt 0.975144 0.400473
vt 0.967635 0.403581
vt 0.960093 0.407005
vt 0.952666 0.410432
vt 0.945295 0.412800
vt 0.936309 0.413450
vt 0.930744 0.413591
vt 0.924237 0.412557
vt 0.918181 0.409741
vt 0.911734 0.405995
vt 0.905343 0.401820
vt 0.921545 0.465413
vt 0.926514 0.465209
vt 0.934519 0.478361
vt 0.938803 0.479474
vt 0.943325 0.480795
vt 0.933418 0.483628
vt 0.937200 0.484982
vt 0.941306 0.486629
vt 0.932212 0.488114
vt 0.935482 0.489763
vt 0.939247 0.491936
vt 0.889348 0.474118
vt 0.884597 0.476093
vt 0.962058 0.472289
vt 0.956940 0.470655
vt 0.886926 0.468096
vt 0.882113 0.470051
vt 0.964162 0.465897
vt 0.959026 0.464059
vt 0.884475 0.462255
vt 0.879638 0.464381
vt 0.966328 0.459919
vt 0.961229 0.457725
vt 0.904579 0.455233
vt 0.906123 0.461628
vt 0.907649 0.467766
vt 0.899333 0.456738
vt 0.901182 0.463019
vt 0.903019 0.469103
vt 0.894158 0.458445
vt 0.896277 0.464610
vt 0.898373 0.470655
vt 0.936396 0.465785
vt 0.412370 0.547479
vt 0.896810 0.399234
vt 0.417654 0.552761
vt 0.891502 0.392425
vt 0.420458 0.559347
vt 0.887773 0.385242
vt 0.997396 0.390893
vt 0.420880 0.566356
vt 0.991705 0.396026
vt 0.417941 0.573902
vt 0.983791 0.400880
vt 0.412423 0.578553
vt 0.976317 0.404146
vt 0.406095 0.580690
vt 0.969391 0.407112
vt 0.398947 0.580629
vt 0.961876 0.410398
vt 0.391922 0.577940
vt 0.954073 0.413851
vt 0.386646 0.572589
vt 0.946050 0.416318
vt 0.384336 0.564502
vt 0.936624 0.416952
vt 0.384376 0.558956
vt 0.930666 0.417003
vt 0.386721 0.552650
vt 0.923208 0.415984
vt 0.391925 0.548458
vt 0.916434 0.412738
vt 0.398346 0.545959
vt 0.909821 0.408999
vt 0.405363 0.545266
vt 0.903166 0.404748
vt 0.937172 0.458848
vt 0.937876 0.451687
vt 0.941639 0.466624
vt 0.942876 0.459648
vt 0.944070 0.452515
vt 0.946896 0.467800
vt 0.948545 0.460861
vt 0.950209 0.453875
vt 0.929656 0.494755
vt 0.931669 0.496835
vt 0.934071 0.499935
vt 0.928453 0.496981
vt 0.929794 0.499113
vt 0.931345 0.502237
vt 0.927387 0.498563
vt 0.928135 0.500672
vt 0.928995 0.503737
vt 0.918402 0.476785
vt 0.922473 0.476685
vt 0.926561 0.476951
vt 0.919225 0.481170
vt 0.922897 0.481277
vt 0.926516 0.481777
vt 0.920010 0.484956
vt 0.923269 0.485215
vt 0.926405 0.485891
vt 0.952641 0.483523
vt 0.889416 0.488026
vt 0.957759 0.484781
vt 0.893960 0.485737
vt 0.950459 0.489597
vt 0.891271 0.493576
vt 0.955703 0.490520
vt 0.895909 0.491241
vt 0.948513 0.495540
vt 0.892412 0.498889
vt 0.953995 0.495955
vt 0.897373 0.496787
vt 0.902379 0.481408
vt 0.906537 0.479580
vt 0.910630 0.478181
vt 0.904259 0.486133
vt 0.908255 0.483968
vt 0.912075 0.482413
vt 0.906045 0.490633
vt 0.909957 0.487934
vt 0.913525 0.486153
vt 0.922348 0.499271
vt 0.923900 0.499649
vt 0.925258 0.499786
vt 0.921932 0.501647
vt 0.923736 0.502044
vt 0.925314 0.502043
vt 0.921469 0.504835
vt 0.923561 0.505162
vt 0.925374 0.505089
vt 0.921388 0.491041
vt 0.923801 0.491377
vt 0.925997 0.492166
vt 0.921942 0.493446
vt 0.923952 0.493740
vt 0.925737 0.494449
vt 0.922373 0.495509
vt 0.924024 0.495764
vt 0.925470 0.496304
vt 0.910810 0.498264
vt 0.913784 0.494674
vt 0.916448 0.492460
vt 0.913724 0.500847
vt 0.915880 0.497293
vt 0.917909 0.495008
vt 0.916515 0.502750
vt 0.917947 0.499334
vt 0.919318 0.497057
vt 0.880351 0.453608
vt 0.875517 0.456480
vt 0.970313 0.451959
vt 0.965662 0.448487
vt 0.953060 0.442453
vt 0.945859 0.440763
vt 0.938763 0.439791
vt 0.902150 0.444866
vt 0.945291 0.637280
vt 0.939495 0.640073
vt 0.933739 0.642052
vt 0.951349 0.634498
vt 0.957611 0.632019
vt 0.963795 0.629453
vt 0.884320 0.627919
vt 0.975274 0.624649
vt 0.969924 0.627212
vt 0.896425 0.446698
vt 0.890768 0.448754
vt 0.931057 0.513806
vt 0.934660 0.512805
vt 0.921807 0.643561
vt 0.927858 0.643114
vt 0.888905 0.631491
vt 0.938774 0.511390
vt 0.932036 0.520927
vt 0.935969 0.520277
vt 0.940248 0.519439
vt 0.932807 0.529073
vt 0.936923 0.528698
vt 0.941290 0.528245
vt 0.947966 0.509316
vt 0.892841 0.511413
vt 0.953133 0.508832
vt 0.897771 0.510877
vt 0.949033 0.517999
vt 0.892687 0.519994
vt 0.953855 0.517452
vt 0.897307 0.519875
vt 0.950063 0.527352
vt 0.892639 0.529498
vt 0.954770 0.526923
vt 0.897116 0.529430
vt 0.905823 0.511507
vt 0.909902 0.512732
vt 0.913892 0.513727
vt 0.904825 0.520259
vt 0.911235 0.641869
vt 0.899473 0.637598
vt 0.905272 0.639924
vt 0.908881 0.520785
vt 0.913101 0.521253
vt 0.904452 0.529497
vt 0.908477 0.529605
vt 0.912797 0.529695
vt 0.548985 0.063012
vt 0.892698 0.638233
vt 0.553225 0.058714
vt 0.887392 0.634187
vt 0.558836 0.056269
vt 0.882526 0.629808
vt 0.977122 0.626702
vt 0.564922 0.055880
vt 0.971225 0.629733
vt 0.570608 0.057893
vt 0.964976 0.632455
vt 0.574625 0.062445
vt 0.958496 0.634722
vt 0.576574 0.068233
vt 0.952353 0.637275
vt 0.576479 0.074406
vt 0.946288 0.640343
vt 0.574232 0.080202
vt 0.940447 0.643802
vt 0.569890 0.084476
vt 0.934492 0.646586
vt 0.562937 0.086357
vt 0.926788 0.648289
vt 0.558344 0.086307
vt 0.921906 0.649048
vt 0.553356 0.084503
vt 0.916030 0.648915
vt 0.550059 0.080329
vt 0.910421 0.647063
vt 0.547851 0.074728
vt 0.904283 0.644599
vt 0.547230 0.068693
vt 0.898260 0.641723
vt 0.920717 0.514750
vt 0.923422 0.514847
vt 0.925774 0.514733
vt 0.920576 0.521705
vt 0.923545 0.521701
vt 0.926134 0.521584
vt 0.920645 0.529700
vt 0.923785 0.529621
vt 0.926530 0.529505
vt 0.546405 0.061322
vt 0.551692 0.056013
vt 0.558287 0.053191
vt 0.565306 0.052756
vt 0.572863 0.055690
vt 0.577518 0.061219
vt 0.579629 0.067576
vt 0.579577 0.074744
vt 0.576898 0.081783
vt 0.571554 0.087057
vt 0.563471 0.089356
vt 0.557926 0.089299
vt 0.551608 0.086941
vt 0.547389 0.081743
vt 0.544863 0.075354
vt 0.544182 0.068343
vt 0.939093 0.433101
vt 0.931967 0.430403
vt 0.925044 0.428862
vt 0.946458 0.436117
vt 0.953907 0.439071
vt 0.960919 0.442433
vt 0.873492 0.453293
vt 0.972547 0.449419
vt 0.967468 0.445749
vt 0.911369 0.428887
vt 0.918220 0.428514
vt 0.877121 0.448194
vt 0.899845 0.432293
vt 0.887400 0.438966
vt 0.893511 0.435393
vt 0.879504 0.439637
vt 0.874659 0.445722
vt 0.871121 0.451986
vt 0.974816 0.447777
vt 0.969345 0.443192
vt 0.962612 0.439105
vt 0.955089 0.435870
vt 0.947579 0.432763
vt 0.940038 0.429338
vt 0.932611 0.425911
vt 0.925240 0.423543
vt 0.916254 0.422892
vt 0.910689 0.422751
vt 0.904182 0.423784
vt 0.898125 0.426600
vt 0.891679 0.430346
vt 0.885288 0.434520
vt 0.061190 0.547479
vt 0.876754 0.437107
vt 0.055906 0.552761
vt 0.871446 0.443915
vt 0.053102 0.559347
vt 0.867717 0.451098
vt 0.977340 0.445452
vt 0.052680 0.566355
vt 0.971650 0.440318
vt 0.055620 0.573901
vt 0.963736 0.435464
vt 0.061137 0.578553
vt 0.956262 0.432198
vt 0.067465 0.580690
vt 0.949336 0.429231
vt 0.074613 0.580629
vt 0.941821 0.425945
vt 0.081638 0.577939
vt 0.934018 0.422491
vt 0.086914 0.572589
vt 0.925995 0.420025
vt 0.089225 0.564502
vt 0.916569 0.419390
vt 0.089184 0.558956
vt 0.910611 0.419339
vt 0.086839 0.552650
vt 0.903153 0.420358
vt 0.081634 0.548458
vt 0.896379 0.423603
vt 0.075214 0.545959
vt 0.889765 0.427342
vt 0.068197 0.545265
vt 0.883111 0.431593
f 1218/1218 1179/1179 1186/1186
f 1218/1218 1186/1186 1204/1204
f 404/404 1843/1843 1719/1719
f 404/404 1719/1719 319/319
f 131/131 149/149 138/138
f 131/131 138/138 26/26
f 149/149 114/114 7/7
f 149/149 7/7 138/138
f 427/427 687/687 269/269
f 427/427 269/269 194/194
f 291/291 389/389 561/561
f 291/291 561/561 474/474
f 348/348 591/591 804/804
f 348/348 804/804 434/434
f 802/802 1195/1195 1324/1324
f 802/802 1324/1324 1018/1018
f 556/556 549/549 659/659
f 556/556 659/659 675/675
f 108/108 39/39 892/892
f 108/108 892/892 1150/1150
f 686/686 914/914 501/501
f 686/686 501/501 394/394
f 1725/1725 1854/1854 1855/1855
f 1725/1725 1855/1855 1727/1727
f 817/817 195/195 541/541
f 817/817 541/541 1130/1130
f 200/200 271/271 144/144
f 200/200 144/144 272/272
f 777/777 496/496 208/208
f 777/777 208/208 439/439
f 1201/1201 1214/1214 941/941
f 1201/1201 941/941 946/946
f 1735/1735 1756/1756 1720/1720
f 1735/1735 1720/1720 1717/1717
f 241/241 416/416 299/299
f 241/241 299/299 164/164
f 463/463 1200/1200 1208/1208
f 463/463 1208/1208 735/735
f 577/577 516/516 665/665
f 577/577 665/665 681/681
f 998/998 984/984 985/985
f 998/998 985/985 999/999
f 205/205 113/113 599/599
f 205/205 599/599 848/848
f 1176/1176 716/716 708/708
f 1176/1176 708/708 1187/1187
f 1503/1503 1472/1472 1848/1848
f 1503/1503 1848/1848 1741/1741
f 216/216 13/13 222/222
f 216/216 222/222 266/266
f 1183/1183 1396/1396 1388/1388
f 1183/1183 1388/1388 1196/1196
f 127/127 1380/1380 1371/1371
f 127/127 1371/1371 30/30
f 363/363 190/190 308/308
f 363/363 308/308 498/498
f 1322/1322 1321/1321 1084/1084
f 1322/1322 1084/1084 1092/1092
f 128/128 34/34 142/142
f 128/128 142/142 165/165
f 328/328 419/419 898/898
f 328/328 898/898 785/785
f 229/229 411/411 293/293
f 229/229 293/293 157/157
f 1020/1020 855/855 1028/1028
f 1020/1020 1028/1028 1052/1052
f 1027/1027 930/930 1121/1121
f 1027/1027 1121/1121 1129/1129
f 1182/1182 1175/1175 1214/1214
f 1182/1182 1214/1214 1201/1201
f 587/587 371/371 448/448
f 587/587 448/448 772/772
f 321/321 589/589 798/798
f 321/321 798/798 412/412
f 238/238 109/109 162/162
f 238/238 162/162 687/687
f 1334/1334 964/964 1309/1309
f 616/616 523/523 347/347
f 616/616 347/347 484/484
f 1363/1363 1370/1370 1344/1344
f 1363/1363 1344/1344 1351/1351
f 225/225 297/297 230/230
f 225/225 230/230 1/1
f 916/916 936/936 121/121
f 916/916 121/121 15/15
f 1300/1300 1315/1315 53/53
f 1300/1300 53/53 93/93
f 76/76 1228/1228 1221/1221
f 76/76 1221/1221 63/63
f 726/726 766/766 750/750
f 726/726 750/750 638/638
f 512/512 837/837 885/885
f 512/512 885/885 572/572
f 153/153 1373/1373 1305/1305
f 153/153 1305/1305 7/7
f 763/763 574/574 513/513
f 763/763 513/513 747/747
f 152/152 167/167 114/114
f 152/152 114/114 8/8
f 80/80 1238/1238 1224/1224
f 80/80 1224/1224 66/66
f 517/517 603/603 480/480
f 517/517 480/480 340/340
f 1517/1517 827/827 370/370
f 1517/1517 370/370 1459/1459
f 640/640 730/730 752/752
f 640/640 752/752 724/724
f 740/740 1194/1194 1174/1174
f 740/740 1174/1174 488/488
f 820/820 618/618 1095/1095
f 820/820 1095/1095 1115/1115
f 1361/1361 1360/1360 710/710
f 1361/1361 710/710 782/782
f 23/23 133/133 148/148
f 23/23 148/148 122/122
f 893/893 1223/1223 811/811
f 148/148 131/131 26/26
f 148/148 26/26 134/134
f 1248/1248 964/964 1329/1329
f 684/684 668/668 339/339
f 684/684 339/339 424/424
f 1012/1012 853/853 1048/1048
f 1012/1012 1048/1048 1064/1064
f 1335/1335 1328/1328 709/709
f 1335/1335 709/709 781/781
f 903/903 11/11 217/217
f 903/903 217/217 919/919
f 342/342 182/182 300/300
f 342/342 300/300 454/454
f 505/505 506/506 1017/1017
f 505/505 1017/1017 1012/1012
f 1532/1532 1498/1498 1749/1749
f 1532/1532 1749/1749 1841/1841
f 1174/1174 1392/1392 1391/1391
f 1174/1174 1391/1391 1193/1193
f 300/300 182/182 525/525
f 300/300 525/525 645/645
f 1498/1498 1531/1531 1736/1736
f 1498/1498 1736/1736 1749/1749
f 542/542 535/535 554/554
f 542/542 554/554 555/555
f 179/179 254/254 144/144
f 179/179 144/144 252/252
f 850/850 851/851 1001/1001
f 850/850 1001/1001 1002/1002
f 197/197 270/270 144/144
f 197/197 144/144 271/271
f 481/481 719/719 633/633
f 481/481 633/633 341/341
f 1228/1228 126/126 31/31
f 1228/1228 31/31 1221/1221
f 755/755 568/568 509/509
f 755/755 509/509 731/731
f 447/447 958/958 317/317
f 447/447 317/317 113/113
f 769/769 394/394 501/501
f 769/769 501/501 896/896
f 959/959 1010/1010 990/990
f 959/959 990/990 870/870
f 1519/1519 1458/1458 1688/1688
f 1519/1519 1688/1688 1638/1638
f 1566/1566 1565/1565 315/315
f 1566/1566 315/315 391/391
f 1500/1500 1459/1459 370/370
f 1500/1500 370/370 604/604
f 1369/1369 1359/1359 1348/1348
f 1369/1369 1348/1348 1343/1343
f 1439/1439 460/460 345/345
f 1439/1439 345/345 1407/1407
f 1548/1548 259/259 172/172
f 1548/1548 172/172 1545/1545
f 1206/1206 1188/1188 1180/1180
f 1206/1206 1180/1180 1219/1219
f 943/943 1216/1216 1206/1206
f 943/943 1206/1206 965/965
f 949/949 998/998 978/978
f 949/949 978/978 876/876
f 207/207 864/864 956/956
f 207/207 956/956 438/438
f 741/741 1196/1196 1181/1181
f 741/741 1181/1181 491/491
f 1015/1015 1016/1016 2/2
f 1015/1015 2/2 123/123
f 91/91 921/921 905/905
f 91/91 905/905 54/54
f 547/547 470/470 332/332
f 547/547 332/332 396/396
f 1042/1042 1057/1057 820/820
f 1042/1042 820/820 619/619
f 212/212 874/874 962/962
f 212/212 962/962 446/446
f 1426/1426 1460/1460 791/791
f 1426/1426 791/791 559/559
f 596/596 380/380 858/858
f 596/596 858/858 970/970
f 90/90 1372/1372 1373/1373
f 90/90 1373/1373 153/153
f 870/870 990/990 1008/1008
f 870/870 1008/1008 955/955
f 872/872 957/957 958/958
f 872/872 958/958 871/871
f 170/170 258/258 1670/1670
f 170/170 1670/1670 1655/1655
f 876/876 978/978 996/996
f 876/876 996/996 947/947
f 312/312 366/366 1010/1010
f 312/312 1010/1010 959/959
f 871/871 962/962 961/961
f 871/871 961/961 872/872
f 1787/1787 1571/1571 1773/1773
f 1787/1787 1773/1773 1772/1772
f 134/134 26/26 1298/1298
f 134/134 1298/1298 1323/1323
f 945/945 1195/1195 964/964
f 1236/1236 1164/1164 964/964
f 734/734 758/758 759/759
f 734/734 759/759 738/738
f 756/756 734/734 738/738
f 756/756 738/738 757/757
f 867/867 866/866 970/970
f 867/867 970/970 969/969
f 1158/1158 72/72 102/102
f 1158/1158 102/102 1159/1159
f 168/168 717/717 283/283
f 168/168 283/283 139/139
f 924/924 964/964 1026/1026
f 261/261 218/218 13/13
f 261/261 13/13 216/216
f 473/473 560/560 398/398
f 473/473 398/398 335/335
f 1350/1350 1340/1340 1070/1070
f 1350/1350 1070/1070 1034/1034
f 441/441 144/144 112/112
f 1348/1348 1339/1339 1071/1071
f 1348/1348 1071/1071 1035/1035
f 638/638 718/718 719/719
f 638/638 719/719 635/635
f 1130/1130 1133/1133 1131/1131
f 1130/1130 1131/1131 1122/1122
f 564/564 475/475 337/337
f 564/564 337/337 406/406
f 1485/1485 1515/1515 1852/1852
f 1485/1485 1852/1852 1722/1722
f 279/279 44/44 1283/1283
f 279/279 1283/1283 1294/1294
f 307/307 392/392 564/564
f 307/307 564/564 476/476
f 673/673 674/674 660/660
f 673/673 660/660 659/659
f 1699/1699 1568/1568 1571/1571
f 1699/1699 1571/1571 1787/1787
f 1418/1418 1451/1451 774/774
f 1418/1418 774/774 495/495
f 80/80 66/66 1143/1143
f 80/80 1143/1143 1148/1148
f 1293/1293 451/451 1077/1077
f 1293/1293 1077/1077 1289/1289
f 1186/1186 709/709 716/716
f 1186/1186 716/716 1176/1176
f 405/405 787/787 587/587
f 405/405 587/587 319/319
f 1155/1155 1278/1278 1274/1274
f 1155/1155 1274/1274 1225/1225
f 191/191 467/467 1198/1198
f 191/191 1198/1198 746/746
f 1144/1144 1149/1149 277/277
f 1144/1144 277/277 41/41
f 161/161 127/127 30/30
f 161/161 30/30 124/124
f 373/373 453/453 144/144
f 373/373 144/144 450/450
f 164/164 1679/1679 1682/1682
f 164/164 1682/1682 241/241
f 351/351 639/639 725/725
f 351/351 725/725 487/487
f 121/121 19/19 119/119
f 121/121 119/119 146/146
f 191/191 424/424 907/907
f 191/191 907/907 467/467
f 1612/1612 1580/1580 1582/1582
f 1612/1612 1582/1582 1769/1769
f 511/511 836/836 884/884
f 511/511 884/884 571/571
f 1240/1240 815/815 807/807
f 1240/1240 807/807 1255/1255
f 210/210 877/877 950/950
f 210/210 950/950 444/444
f 150/150 166/166 143/143
f 150/150 143/143 97/97
f 335/335 398/398 144/144
f 335/335 144/144 399/399
f 580/580 792/792 445/445
f 580/580 445/445 212/212
f 474/474 561/561 399/399
f 474/474 399/399 336/336
f 1171/1171 100/100 72/72
f 1171/1171 72/72 1158/1158
f 79/79 69/69 1144/1144
f 79/79 1144/1144 1147/1147
f 488/488 1174/1174 1193/1193
f 488/488 1193/1193 739/739
f 1371/1371 62/62 82/82
f 1371/1371 82/82 1374/1374
f 1356/1356 1361/1361 782/782
f 1356/1356 782/782 711/711
f 311/311 260/260 44/44
f 311/311 44/44 279/279
f 1265/1265 1079/1079 964/964
f 761/761 573/573 512/512
f 761/761 512/512 743/743
f 391/391 770/770 162/162
f 391/391 162/162 109/109
f 1501/1501 1470/1470 1746/1746
f 1501/1501 1746/1746 1683/1683
f 27/27 136/136 149/149
f 27/27 149/149 131/131
f 217/217 261/261 216/216
f 217/217 216/216 16/16
f 219/219 409/409 286/286
f 219/219 286/286 154/154
f 569/569 551/551 661/661
f 569/569 661/661 677/677
f 923/923 244/244 6/6
f 923/923 6/6 892/892
f 636/636 378/378 594/594
f 636/636 594/594 830/830
f 471/471 547/547 396/396
f 471/471 396/396 333/333
f 1291/1291 1282/1282 61/61
f 1291/1291 61/61 77/77
f 75/75 1227/1227 1243/1243
f 75/75 1243/1243 108/108
f 1382/1382 1378/1378 1078/1078
f 1382/1382 1078/1078 452/452
f 760/760 744/744 747/747
f 760/760 747/747 761/761
f 1015/1015 1013/1013 1210/1210
f 1015/1015 1210/1210 1040/1040
f 269/269 112/112 144/144
f 83/83 1239/1239 1227/1227
f 83/83 1227/1227 75/75
f 352/352 824/824 1120/1120
f 352/352 1120/1120 613/613
f 966/966 940/940 964/964
f 757/757 571/571 510/510
f 757/757 510/510 733/733
f 403/403 771/771 585/585
f 403/403 585/585 315/315
f 1392/1392 1034/1034 1070/1070
f 1392/1392 1070/1070 1391/1391
f 1280/1280 1252/1252 1258/1258
f 1280/1280 1258/1258 1270/1270
f 879/879 953/953 954/954
f 879/879 954/954 880/880
f 733/733 510/510 568/568
f 733/733 568/568 755/755
f 1492/1492 1525/1525 1663/1663
f 1492/1492 1663/1663 1542/1542
f 666/666 680/680 422/422
f 666/666 422/422 331/331
f 1068/1068 1087/1087 1132/1132
f 1068/1068 1132/1132 1066/1066
f 1227/1227 97/97 152/152
f 1227/1227 152/152 1243/1243
f 192/192 631/631 487/487
f 192/192 487/487 111/111
f 976/976 996/996 997/997
f 976/976 997/997 977/977
f 312/312 644/644 683/683
f 312/312 683/683 366/366
f 1254/1254 1327/1327 1363/1363
f 1254/1254 1363/1363 1367/1367
f 1854/1854 1772/1772 1773/1773
f 1854/1854 1773/1773 1855/1855
f 779/779 768/768 894/894
f 779/779 894/894 812/812
f 1116/1116 1096/1096 1316/1316
f 1116/1116 1316/1316 1307/1307
f 863/863 988/988 1006/1006
f 863/863 1006/1006 951/951
f 997/997 737/737 466/466
f 997/997 466/466 977/977
f 848/848 599/599 382/382
f 848/848 382/382 722/722
f 1697/1697 1830/1830 227/227
f 1697/1697 227/227 436/436
f 304/304 231/231 33/33
f 304/304 33/33 237/237
f 333/333 396/396 144/144
f 333/333 144/144 397/397
f 1102/1102 1111/1111 805/805
f 1102/1102 805/805 813/813
f 379/379 596/596 970/970
f 379/379 970/970 866/866
f 1094/1094 1113/1113 1296/1296
f 1094/1094 1296/1296 1302/1302
f 1302/1302 1296/1296 1086/1086
f 1302/1302 1086/1086 1080/1080
f 995/995 736/736 463/463
f 995/995 463/463 975/975
f 385/385 105/105 156/156
f 385/385 156/156 543/543
f 1060/1060 1061/1061 1047/1047
f 1060/1060 1047/1047 1046/1046
f 394/394 769/769 903/903
f 394/394 903/903 48/48
f 125/125 268/268 717/717
f 125/125 717/717 168/168
f 145/145 116/116 14/14
f 145/145 14/14 118/118
f 748/748 764/764 765/765
f 748/748 765/765 749/749
f 1538/1538 1536/1536 1592/1592
f 1538/1538 1592/1592 1591/1591
f 938/938 910/910 8/8
f 938/938 8/8 136/136
f 1307/1307 1316/1316 1082/1082
f 1307/1307 1082/1082 1090/1090
f 1327/1327 964/964 1250/1250
f 1851/1851 1842/1842 1838/1838
f 1851/1851 1838/1838 1836/1836
f 243/243 36/36 231/231
f 243/243 231/231 304/304
f 504/504 516/516 577/577
f 504/504 577/577 578/578
f 1830/1830 1754/1754 393/393
f 1830/1830 393/393 227/227
f 377/377 594/594 980/980
f 377/377 980/980 850/850
f 176/176 249/249 144/144
f 176/176 144/144 248/248
f 1529/1529 1494/1494 1718/1718
f 1529/1529 1718/1718 1849/1849
f 589/589 373/373 450/450
f 589/589 450/450 798/798
f 1548/1548 1823/1823 171/171
f 1548/1548 171/171 259/259
f 383/383 992/992 993/993
f 383/383 993/993 384/384
f 877/877 954/954 953/953
f 877/877 953/953 878/878
f 880/880 952/952 951/951
f 880/880 951/951 879/879
f 751/751 515/515 575/575
f 751/751 575/575 765/765
f 341/341 633/633 702/702
f 341/341 702/702 482/482
f 173/173 264/264 693/693
f 173/173 693/693 431/431
f 1180/1180 714/714 706/706
f 1180/1180 706/706 1189/1189
f 1487/1487 626/626 826/826
f 1487/1487 826/826 1516/1516
f 1292/1292 1287/1287 84/84
f 1292/1292 84/84 64/64
f 655/655 656/656 672/672
f 655/655 672/672 671/671
f 1231/1231 1273/1273 1278/1278
f 1231/1231 1278/1278 1155/1155
f 1189/1189 706/706 712/712
f 1189/1189 712/712 323/323
f 332/332 395/395 144/144
f 332/332 144/144 396/396
f 51/51 904/904 921/921
f 51/51 921/921 91/91
f 166/166 151/151 90/90
f 166/166 90/90 143/143
f 505/505 540/540 766/766
f 505/505 766/766 726/726
f 509/509 890/890 891/891
f 509/509 891/891 567/567
f 928/928 964/964 1023/1023
f 355/355 184/184 302/302
f 355/355 302/302 459/459
f 1009/1009 745/745 492/492
f 1009/1009 492/492 989/989
f 1776/1776 1795/1795 1845/1845
f 1776/1776 1845/1845 1703/1703
f 852/852 853/853 1012/1012
f 852/852 1012/1012 1017/1017
f 325/325 590/590 803/803
f 325/325 803/803 426/426
f 1462/1462 1426/1426 559/559
f 1462/1462 559/559 793/793
f 1069/1069 1293/1293 1289/1289
f 1069/1069 1289/1289 610/610
f 1112/1112 1119/1119 1322/1322
f 1112/1112 1322/1322 1320/1320
f 66/66 79/79 1147/1147
f 66/66 1147/1147 1143/1143
f 681/681 682/682 668/668
f 681/681 668/668 667/667
f 1396/1396 1037/1037 1072/1072
f 1396/1396 1072/1072 1388/1388
f 987/987 491/491 740/740
f 987/987 740/740 1005/1005
f 851/851 850/850 980/980
f 851/851 980/980 979/979
f 1182/1182 1201/1201 1365/1365
f 1182/1182 1365/1365 1337/1337
f 1015/1015 1040/1040 462/462
f 1015/1015 462/462 1016/1016
f 1027/1027 964/964 930/930
f 475/475 563/563 402/402
f 475/475 402/402 337/337
f 543/543 156/156 110/110
f 543/543 110/110 395/395
f 307/307 1753/1753 1826/1826
f 307/307 1826/1826 392/392
f 586/586 368/368 442/442
f 586/586 442/442 771/771
f 635/635 727/727 726/726
f 635/635 726/726 638/638
f 393/393 307/307 476/476
f 393/393 476/476 565/565
f 1404/1404 343/343 456/456
f 1404/1404 456/456 1435/1435
f 409/409 248/248 175/175
f 409/409 175/175 286/286
f 86/86 51/51 916/916
f 86/86 916/916 934/934
f 1287/1287 1290/1290 67/67
f 1287/1287 67/67 84/84
f 762/762 748/748 749/749
f 762/762 749/749 763/763
f 853/853 1001/1001 1062/1062
f 853/853 1062/1062 1048/1048
f 1160/1160 92/92 52/52
f 1160/1160 52/52 1169/1169
f 244/244 276/276 196/196
f 244/244 196/196 6/6
f 505/505 1012/1012 1064/1064
f 505/505 1064/1064 540/540
f 1316/1316 1313/1313 1089/1089
f 1316/1316 1089/1089 1082/1082
f 24/24 224/224 274/274
f 24/24 274/274 240/240
f 1047/1047 1061/1061 822/822
f 1047/1047 822/822 623/623
f 1391/1391 1070/1070 1033/1033
f 1391/1391 1033/1033 1394/1394
f 1269/1269 1257/1257 1252/1252
f 1269/1269 1252/1252 1280/1280
f 489/489 306/306 187/187
f 489/489 187/187 359/359
f 738/738 511/511 571/571
f 738/738 571/571 757/757
f 187/187 306/306 555/555
f 187/187 555/555 544/544
f 487/487 725/725 287/287
f 487/487 287/287 111/111
f 1031/1031 1053/1053 818/818
f 1031/1031 818/818 612/612
f 1352/1352 1338/1338 714/714
f 1352/1352 714/714 707/707
f 164/164 299/299 415/415
f 164/164 415/415 239/239
f 770/770 441/441 112/112
f 770/770 112/112 162/162
f 316/316 586/586 771/771
f 316/316 771/771 403/403
f 844/844 598/598 381/381
f 844/844 381/381 720/720
f 357/357 185/185 303/303
f 357/357 303/303 468/468
f 302/302 184/184 553/553
f 302/302 553/553 566/566
f 1173/1173 1394/1394 1390/1390
f 1173/1173 1390/1390 1192/1192
f 1226/1226 46/46 150/150
f 1226/1226 150/150 1239/1239
f 978/978 998/998 999/999
f 978/978 999/999 983/983
f 253/253 506/506 727/727
f 253/253 727/727 480/480
f 11/11 215/215 261/261
f 11/11 261/261 217/217
f 382/382 599/599 1004/1004
f 382/382 1004/1004 854/854
f 66/66 1224/1224 1235/1235
f 66/66 1235/1235 79/79
f 1177/1177 715/715 707/707
f 1177/1177 707/707 1188/1188
f 510/510 835/835 883/883
f 510/510 883/883 568/568
f 1236/1236 1275/1275 1266/1266
f 1236/1236 1266/1266 1164/1164
f 1608/1608 1606/1606 1861/1861
f 1608/1608 1861/1861 1798/1798
f 494/494 773/773 435/435
f 494/494 435/435 207/207
f 905/905 20/20 233/233
f 905/905 233/233 920/920
f 1482/1482 1512/1512 630/630
f 1482/1482 630/630 537/537
f 290/290 389/389 1759/1759
f 290/290 1759/1759 1810/1810
f 769/769 768/768 11/11
f 769/769 11/11 903/903
f 720/720 381/381 597/597
f 720/720 597/597 842/842
f 141/141 165/165 137/137
f 141/141 137/137 46/46
f 498/498 308/308 189/189
f 498/498 189/189 361/361
f 388/388 289/289 472/472
f 388/388 472/472 560/560
f 444/444 950/950 875/875
f 444/444 875/875 211/211
f 1386/1386 1035/1035 1071/1071
f 1386/1386 1071/1071 1389/1389
f 1617/1617 1566/1566 391/391
f 1617/1617 391/391 109/109
f 979/979 868/868 1043/1043
f 979/979 1043/1043 1060/1060
f 251/251 144/144 465/465
f 314/314 565/565 408/408
f 314/314 408/408 251/251
f 856/856 857/857 1021/1021
f 856/856 1021/1021 1020/1020
f 999/999 739/739 479/479
f 999/999 479/479 983/983
f 477/477 305/305 185/185
f 477/477 185/185 357/357
f 1249/1249 814/814 806/806
f 1249/1249 806/806 1262/1262
f 1195/1195 802/802 964/964
f 664/664 678/678 421/421
f 664/664 421/421 330/330
f 1294/1294 1283/1283 70/70
f 1294/1294 70/70 94/94
f 650/650 734/734 756/756
f 650/650 756/756 694/694
f 147/147 122/122 22/22
f 147/147 22/22 130/130
f 1147/1147 1144/1144 41/41
f 1147/1147 41/41 255/255
f 1154/1154 1281/1281 1275/1275
f 1154/1154 1275/1275 1236/1236
f 1014/1014 1013/1013 4/4
f 1014/1014 4/4 1213/1213
f 15/15 121/121 146/146
f 15/15 146/146 116/116
f 678/678 662/662 329/329
f 678/678 329/329 421/421
f 1340/1340 1351/1351 1033/1033
f 1340/1340 1033/1033 1070/1070
f 521/521 607/607 482/482
f 521/521 482/482 346/346
f 1250/1250 964/964 1334/1334
f 392/392 294/294 475/475
f 392/392 475/475 564/564
f 965/965 1206/1206 1219/1219
f 965/965 1219/1219 942/942
f 703/703 760/760 742/742
f 703/703 742/742 652/652
f 1262/1262 806/806 813/813
f 1262/1262 813/813 1242/1242
f 167/167 153/153 7/7
f 167/167 7/7 114/114
f 516/516 504/504 566/566
f 516/516 566/566 562/562
f 1043/1043 1045/1045 1061/1061
f 1043/1043 1061/1061 1060/1060
f 878/878 949/949 950/950
f 878/878 950/950 877/877
f 1131/1131 1086/1086 1296/1296
f 205/205 859/859 447/447
f 205/205 447/447 113/113
f 1257/1257 1084/1084 1091/1091
f 1257/1257 1091/1091 1252/1252
f 614/614 521/521 346/346
f 614/614 346/346 483/483
f 668/668 682/682 423/423
f 668/668 423/423 339/339
f 502/502 309/309 190/190
f 502/502 190/190 363/363
f 558/558 790/790 444/444
f 558/558 444/444 211/211
f 667/667 668/668 684/684
f 667/667 684/684 683/683
f 749/749 514/514 574/574
f 749/749 574/574 763/763
f 940/940 963/963 964/964
f 1095/1095 1114/1114 1308/1308
f 1095/1095 1308/1308 1318/1318
f 1703/1703 1845/1845 1568/1568
f 1703/1703 1568/1568 1699/1699
f 1123/1123 931/931 926/926
f 1123/1123 926/926 1136/1136
f 1813/1813 1819/1819 1824/1824
f 1813/1813 1824/1824 1547/1547
f 705/705 432/432 203/203
f 705/705 203/203 281/281
f 878/878 984/984 998/998
f 878/878 998/998 949/949
f 1238/1238 135/135 35/35
f 1238/1238 35/35 1224/1224
f 627/627 377/377 593/593
f 627/627 593/593 828/828
f 560/560 472/472 334/334
f 560/560 334/334 398/398
f 159/159 296/296 413/413
f 159/159 413/413 232/232
f 1051/1051 384/384 195/195
f 1051/1051 195/195 817/817
f 994/994 976/976 977/977
f 994/994 977/977 995/995
f 231/231 310/310 256/256
f 231/231 256/256 33/33
f 1373/1373 107/107 38/38
f 1373/1373 38/38 1305/1305
f 1235/1235 141/141 46/46
f 1235/1235 46/46 1226/1226
f 1241/1241 1093/1093 1085/1085
f 1241/1241 1085/1085 1256/1256
f 539/539 352/352 576/576
f 539/539 576/576 767/767
f 1167/1167 55/55 100/100
f 1167/1167 100/100 1171/1171
f 1259/1259 834/834 810/810
f 1259/1259 810/810 1267/1267
f 75/75 108/108 1150/1150
f 75/75 1150/1150 1145/1145
f 368/368 448/448 144/144
f 368/368 144/144 442/442
f 1555/1555 1557/1557 1796/1796
f 1555/1555 1796/1796 1780/1780
f 1448/1448 1416/1416 1700/1700
f 1448/1448 1700/1700 1788/1788
f 117/117 15/15 116/116
f 117/117 116/116 145/145
f 565/565 476/476 338/338
f 565/565 338/338 408/408
f 108/108 1243/1243 910/910
f 108/108 910/910 39/39
f 1486/1486 1518/1518 1637/1637
f 1486/1486 1637/1637 1636/1636
f 457/457 301/301 182/182
f 457/457 182/182 342/342
f 1325/1325 964/964 1244/1244
f 1232/1232 1270/1270 1277/1277
f 1232/1232 1277/1277 1156/1156
f 1154/1154 1236/1236 964/964
f 1234/1234 805/805 811/811
f 1234/1234 811/811 1223/1223
f 1016/1016 462/462 1378/1378
f 1016/1016 1378/1378 1382/1382
f 1533/1533 849/849 723/723
f 1533/1533 723/723 1499/1499
f 696/696 758/758 734/734
f 696/696 734/734 650/650
f 1383/1383 95/95 71/71
f 1383/1383 71/71 1372/1372
f 1145/1145 1150/1150 280/280
f 1145/1145 280/280 47/47
f 215/215 9/9 218/218
f 215/215 218/218 261/261
f 1345/1345 1341/1341 715/715
f 1345/1345 715/715 708/708
f 371/371 449/449 144/144
f 371/371 144/144 448/448
f 1647/1647 1651/1651 1708/1708
f 1647/1647 1708/1708 1704/1704
f 410/410 249/249 176/176
f 410/410 176/176 292/292
f 525/525 528/528 644/644
f 525/525 644/644 645/645
f 307/307 393/393 1754/1754
f 307/307 1754/1754 1753/1753
f 434/434 804/804 590/590
f 434/434 590/590 325/325
f 691/691 1319/1319 1311/1311
f 691/691 1311/1311 324/324
f 1267/1267 810/810 833/833
f 1267/1267 833/833 1272/1272
f 1504/1504 1473/1473 520/520
f 1504/1504 520/520 608/608
f 516/516 562/562 679/679
f 516/516 679/679 665/665
f 184/184 303/303 570/570
f 184/184 570/570 553/553
f 1342/1342 1347/1347 1037/1037
f 1342/1342 1037/1037 1073/1073
f 274/274 242/242 25/25
f 274/274 25/25 235/235
f 1390/1390 1044/1044 1019/1019
f 1390/1390 1019/1019 1387/1387
f 752/752 730/730 731/731
f 752/752 731/731 753/753
f 386/386 1593/1593 1726/1726
f 386/386 1726/1726 284/284
f 1225/1225 1154/1154 964/964
f 116/116 146/146 120/120
f 116/116 120/120 14/14
f 255/255 41/41 245/245
f 255/255 245/245 310/310
f 642/642 695/695 694/694
f 642/642 694/694 641/641
f 1447/1447 1414/1414 1777/1777
f 1447/1447 1777/1777 1701/1701
f 1440/1440 1409/1409 1660/1660
f 1440/1440 1660/1660 1659/1659
f 675/675 676/676 662/662
f 675/675 662/662 661/661
f 674/674 658/658 327/327
f 674/674 327/327 419/419
f 383/383 384/384 1051/1051
f 383/383 1051/1051 1050/1050
f 260/260 313/313 282/282
f 260/260 282/282 44/44
f 485/485 695/695 642/642
f 485/485 642/642 350/350
f 773/773 198/198 140/140
f 773/773 140/140 435/435
f 315/315 585/585 770/770
f 315/315 770/770 391/391
f 1442/1442 478/478 358/358
f 1442/1442 358/358 1411/1411
f 931/931 1153/1153 964/964
f 1452/1452 1421/1421 1605/1605
f 1452/1452 1605/1605 1610/1610
f 652/652 742/742 758/758
f 652/652 758/758 696/696
f 918/918 28/28 244/244
f 918/918 244/244 923/923
f 1023/1023 964/964 927/927
f 395/395 110/110 144/144
f 1667/1667 1652/1652 1656/1656
f 1667/1667 1656/1656 1669/1669
f 129/129 23/23 122/122
f 129/129 122/122 147/147
f 230/230 29/29 1282/1282
f 230/230 1282/1282 1291/1291
f 376/376 593/593 1002/1002
f 376/376 1002/1002 852/852
f 246/246 144/144 110/110
f 1480/1480 1513/1513 1534/1534
f 1480/1480 1534/1534 1539/1539
f 1272/1272 833/833 809/809
f 1272/1272 809/809 1271/1271
f 96/96 922/922 918/918
f 96/96 918/918 74/74
f 759/759 572/572 511/511
f 759/759 511/511 738/738
f 253/253 592/592 1017/1017
f 253/253 1017/1017 506/506
f 387/387 1715/1715 1590/1590
f 387/387 1590/1590 285/285
f 1416/1416 1447/1447 1701/1701
f 1416/1416 1701/1701 1700/1700
f 189/189 308/308 649/649
f 189/189 649/649 542/542
f 1370/1370 1364/1364 1353/1353
f 1370/1370 1353/1353 1344/1344
f 276/276 247/247 5/5
f 276/276 5/5 196/196
f 1252/1252 1091/1091 1083/1083
f 1252/1252 1083/1083 1258/1258
f 104/104 923/923 892/892
f 104/104 892/892 39/39
f 864/864 960/960 959/959
f 864/864 959/959 870/870
f 515/515 882/882 888/888
f 515/515 888/888 575/575
f 973/973 945/945 964/964
f 1387/1387 1019/1019 1039/1039
f 1387/1387 1039/1039 1385/1385
f 60/60 1213/1213 1228/1228
f 60/60 1228/1228 76/76
f 1096/1096 1115/1115 1313/1313
f 1096/1096 1313/1313 1316/1316
f 16/16 216/216 266/266
f 16/16 266/266 223/223
f 426/426 1646/1646 1801/1801
f 426/426 1801/1801 325/325
f 1417/1417 364/364 499/499
f 1417/1417 499/499 1446/1446
f 872/872 974/974 992/992
f 872/872 992/992 957/957
f 842/842 597/597 380/380
f 842/842 380/380 699/699
f 301/301 183/183 504/504
f 301/301 504/504 578/578
f 1220/1220 1076/1076 1377/1377
f 1220/1220 1377/1377 1384/1384
f 1003/1003 318/318 383/383
f 1003/1003 383/383 1050/1050
f 554/554 535/535 657/657
f 554/554 657/657 673/673
f 1278/1278 1246/1246 1261/1261
f 1278/1278 1261/1261 1274/1274
f 221/221 17/17 234/234
f 221/221 234/234 273/273
f 91/91 54/54 917/917
f 91/91 917/917 936/936
f 1333/1333 1326/1326 712/712
f 1333/1333 712/712 706/706
f 133/133 27/27 131/131
f 133/133 131/131 148/148
f 1799/1799 1860/1860 174/174
f 1799/1799 174/174 267/267
f 590/590 374/374 453/453
f 590/590 453/453 803/803
f 259/259 171/171 429/429
f 259/259 429/429 692/692
f 1412/1412 1443/1443 1807/1807
f 1412/1412 1807/1807 1556/1556
f 767/767 576/576 515/515
f 767/767 515/515 751/751
f 1045/1045 1059/1059 821/821
f 1045/1045 821/821 622/622
f 405/405 1757/1757 1543/1543
f 405/405 1543/1543 320/320
f 235/235 25/25 247/247
f 235/235 247/247 276/276
f 437/437 500/500 913/913
f 437/437 913/913 909/909
f 854/854 855/855 1020/1020
f 854/854 1020/1020 1021/1021
f 1330/1330 1254/1254 1367/1367
f 1330/1330 1367/1367 1362/1362
f 1405/1405 1433/1433 1785/1785
f 1405/1405 1785/1785 1597/1597
f 1194/1194 1389/1389 1392/1392
f 1194/1194 1392/1392 1174/1174
f 182/182 301/301 578/578
f 182/182 578/578 525/525
f 1308/1308 1302/1302 1080/1080
f 1308/1308 1080/1080 1088/1088
f 828/828 593/593 376/376
f 828/828 376/376 625/625
f 963/963 1203/1203 1218/1218
f 963/963 1218/1218 939/939
f 633/633 719/719 718/718
f 633/633 718/718 634/634
f 1454/1454 1420/1420 497/497
f 1454/1454 497/497 778/778
f 879/879 986/986 1000/1000
f 879/879 1000/1000 953/953
f 115/115 145/145 118/118
f 115/115 118/118 10/10
f 699/699 380/380 596/596
f 699/699 596/596 840/840
f 1220/1220 1295/1295 1288/1288
f 1220/1220 1288/1288 1076/1076
f 648/648 534/534 655/655
f 648/648 655/655 671/671
f 1028/1028 1029/1029 1053/1053
f 1028/1028 1053/1053 1052/1052
f 1061/1061 1045/1045 622/622
f 1061/1061 622/622 822/822
f 651/651 704/704 703/703
f 651/651 703/703 652/652
f 251/251 408/408 144/144
f 754/754 732/732 733/733
f 754/754 733/733 755/755
f 336/336 399/399 144/144
f 336/336 144/144 402/402
f 284/284 385/385 543/543
f 284/284 543/543 470/470
f 865/865 967/967 1054/1054
f 865/865 1054/1054 1032/1032
f 1347/1347 1343/1343 1072/1072
f 1347/1347 1072/1072 1037/1037
f 294/294 1766/1766 1552/1552
f 294/294 1552/1552 390/390
f 277/277 47/47 260/260
f 277/277 260/260 311/311
f 310/310 245/245 40/40
f 310/310 40/40 256/256
f 1107/1107 1101/1101 832/832
f 1107/1107 832/832 809/809
f 407/407 246/246 110/110
f 407/407 110/110 156/156
f 1511/1511 1478/1478 531/531
f 1511/1511 531/531 621/621
f 1179/1179 781/781 709/709
f 1179/1179 709/709 1186/1186
f 1193/1193 1391/1391 1394/1394
f 1193/1193 1394/1394 1173/1173
f 989/989 492/492 741/741
f 989/989 741/741 1007/1007
f 1054/1054 1055/1055 1036/1036
f 1054/1054 1036/1036 1032/1032
f 309/309 111/111 287/287
f 309/309 287/287 600/600
f 174/174 265/265 698/698
f 174/174 698/698 432/432
f 1450/1450 1419/1419 1579/1579
f 1450/1450 1579/1579 1613/1613
f 652/652 696/696 697/697
f 652/652 697/697 651/651
f 548/548 471/471 333/333
f 548/548 333/333 397/397
f 1286/1286 1291/1291 77/77
f 1286/1286 77/77 57/57
f 1135/1135 1146/1146 228/228
f 1135/1135 228/228 3/3
f 969/969 865/865 1032/1032
f 969/969 1032/1032 1056/1056
f 698/698 431/431 202/202
f 698/698 202/202 278/278
f 178/178 252/252 144/144
f 178/178 144/144 250/250
f 122/122 148/148 134/134
f 122/122 134/134 22/22
f 1434/1434 455/455 199/199
f 1434/1434 199/199 1402/1402
f 728/728 754/754 730/730
f 728/728 730/730 640/640
f 640/640 724/724 725/725
f 640/640 725/725 639/639
f 1338/1338 1333/1333 706/706
f 1338/1338 706/706 714/714
f 353/353 752/752 753/753
f 353/353 753/753 354/354
f 1317/1317 1320/1320 1085/1085
f 1317/1317 1085/1085 1093/1093
f 1514/1514 1483/1483 538/538
f 1514/1514 538/538 632/632
f 135/135 163/163 128/128
f 135/135 128/128 35/35
f 1367/1367 1363/1363 1351/1351
f 1367/1367 1351/1351 1340/1340
f 33/33 256/256 1287/1287
f 33/33 1287/1287 1292/1292
f 10/10 118/118 1314/1314
f 10/10 1314/1314 1303/1303
f 927/927 964/964 1027/1027
f 904/904 16/16 223/223
f 904/904 223/223 921/921
f 1146/1146 1142/1142 32/32
f 1146/1146 32/32 228/228
f 1422/1422 1454/1454 778/778
f 1422/1422 778/778 527/527
f 981/981 867/867 1041/1041
f 981/981 1041/1041 1058/1058
f 240/240 274/274 235/235
f 240/240 235/235 28/28
f 1006/1006 988/988 989/989
f 1006/1006 989/989 1007/1007
f 582/582 794/794 446/446
f 582/582 446/446 213/213
f 143/143 90/90 153/153
f 143/143 153/153 167/167
f 532/532 620/620 485/485
f 532/532 485/485 350/350
f 203/203 278/278 144/144
f 203/203 144/144 281/281
f 319/319 587/587 772/772
f 319/319 772/772 404/404
f 753/753 567/567 188/188
f 753/753 188/188 354/354
f 472/472 548/548 397/397
f 472/472 397/397 334/334
f 352/352 613/613 889/889
f 352/352 889/889 576/576
f 1260/1260 1082/1082 1089/1089
f 1260/1260 1089/1089 1246/1246
f 568/568 883/883 890/890
f 568/568 890/890 509/509
f 603/603 369/369 253/253
f 603/603 253/253 480/480
f 165/165 142/142 45/45
f 165/165 45/45 137/137
f 4/4 123/123 161/161
f 4/4 161/161 126/126
f 1304/1304 1301/1301 1083/1083
f 1304/1304 1083/1083 1091/1091
f 1336/1336 1345/1345 708/708
f 1336/1336 708/708 716/716
f 1414/1414 1445/1445 1778/1778
f 1414/1414 1778/1778 1777/1777
f 326/326 417/417 909/909
f 326/326 909/909 908/908
f 1255/1255 807/807 814/814
f 1255/1255 814/814 1249/1249
f 1319/1319 1303/1303 43/43
f 1319/1319 43/43 401/401
f 1203/1203 1185/1185 1179/1179
f 1203/1203 1179/1179 1218/1218
f 983/983 479/479 737/737
f 983/983 737/737 997/997
f 157/157 1558/1558 1832/1832
f 157/157 1832/1832 229/229
f 654/654 702/702 701/701
f 654/654 701/701 653/653
f 1297/1297 1300/1300 93/93
f 1297/1297 93/93 50/50
f 855/855 1003/1003 1050/1050
f 855/855 1050/1050 1028/1028
f 305/305 187/187 544/544
f 305/305 544/544 557/557
f 289/289 387/387 548/548
f 289/289 548/548 472/472
f 822/822 622/622 1103/1103
f 822/822 1103/1103 1118/1118
f 1693/1693 1694/1694 1681/1681
f 1693/1693 1681/1681 1782/1782
f 665/665 666/666 682/682
f 665/665 682/682 681/681
f 1334/1334 1309/1309 1355/1355
f 1334/1334 1355/1355 1364/1364
f 1510/1510 1480/1480 1539/1539
f 1510/1510 1539/1539 1713/1713
f 986/986 1006/1006 1007/1007
f 986/986 1007/1007 987/987
f 1353/1353 461/461 1039/1039
f 1353/1353 1039/1039 1019/1019
f 329/329 420/420 899/899
f 329/329 899/899 786/786
f 961/961 994/994 974/974
f 961/961 974/974 872/872
f 779/779 812/812 508/508
f 779/779 508/508 780/780
f 1745/1745 1743/1743 1825/1825
f 1745/1745 1825/1825 1752/1752
f 1254/1254 964/964 1327/1327
f 1163/1163 98/98 55/55
f 1163/1163 55/55 1167/1167
f 932/932 937/937 133/133
f 932/932 133/133 23/23
f 1395/1395 1038/1038 1073/1073
f 1395/1395 1073/1073 1397/1397
f 433/433 705/705 281/281
f 433/433 281/281 204/204
f 625/625 376/376 592/592
f 625/625 592/592 825/825
f 1301/1301 1307/1307 1090/1090
f 1301/1301 1090/1090 1083/1083
f 541/541 601/601 1133/1133
f 541/541 1133/1133 1130/1130
f 1368/1368 1358/1358 1347/1347
f 1368/1368 1347/1347 1342/1342
f 641/641 732/732 754/754
f 641/641 754/754 728/728
f 1313/1313 1318/1318 1081/1081
f 1313/1313 1081/1081 1089/1089
f 1401/1401 1466/1466 860/860
f 1401/1401 860/860 206/206
f 1059/1059 1042/1042 619/619
f 1059/1059 619/619 821/821
f 1246/1246 1089/1089 1081/1081
f 1246/1246 1081/1081 1261/1261
f 824/824 624/624 1112/1112
f 824/824 1112/1112 1120/1120
f 34/34 1381/1381 1376/1376
f 34/34 1376/1376 142/142
f 607/607 519/519 341/341
f 607/607 341/341 482/482
f 1108/1108 1098/1098 815/815
f 1108/1108 815/815 808/808
f 549/549 544/544 555/555
f 549/549 555/555 554/554
f 139/139 144/144 263/263
f 136/136 8/8 114/114
f 136/136 114/114 149/149
f 202/202 275/275 144/144
f 202/202 144/144 278/278
f 588/588 372/372 449/449
f 588/588 449/449 787/787
f 856/856 1020/1020 1052/1052
f 856/856 1052/1052 1030/1030
f 1057/1057 1036/1036 618/618
f 1057/1057 618/618 820/820
f 264/264 172/172 430/430
f 264/264 430/430 693/693
f 1100/1100 1107/1107 809/809
f 1100/1100 809/809 833/833
f 208/208 862/862 952/952
f 208/208 952/952 439/439
f 505/505 726/726 727/727
f 505/505 727/727 506/506
f 686/686 915/915 12/12
f 686/686 12/12 685/685
f 482/482 702/702 654/654
f 482/482 654/654 346/346
f 922/922 240/240 28/28
f 922/922 28/28 918/918
f 1122/1122 1131/1131 1296/1296
f 1122/1122 1296/1296 1113/1113
f 523/523 614/614 483/483
f 523/523 483/483 347/347
f 3/3 228/228 297/297
f 3/3 297/297 225/225
f 620/620 530/530 349/349
f 620/620 349/349 485/485
f 1351/1351 1344/1344 1044/1044
f 1351/1351 1044/1044 1033/1033
f 1467/1467 1430/1430 583/583
f 1467/1467 583/583 861/861
f 551/551 550/550 557/557
f 551/551 557/557 556/556
f 779/779 780/780 9/9
f 779/779 9/9 215/215
f 906/906 24/24 240/240
f 906/906 240/240 922/922
f 690/690 115/115 10/10
f 690/690 10/10 691/691
f 730/730 754/754 755/755
f 730/730 755/755 731/731
f 1284/1284 1162/1162 37/37
f 1284/1284 37/37 106/106
f 718/718 764/764 748/748
f 718/718 748/748 634/634
f 1115/1115 1095/1095 1318/1318
f 1115/1115 1318/1318 1313/1313
f 327/327 418/418 897/897
f 327/327 897/897 784/784
f 1389/1389 1071/1071 1034/1034
f 1389/1389 1034/1034 1392/1392
f 1055/1055 1031/1031 612/612
f 1055/1055 612/612 819/819
f 1521/1521 1486/1486 1636/1636
f 1521/1521 1636/1636 1857/1857
f 1170/1170 400/400 42/42
f 1170/1170 42/42 1161/1161
f 1159/1159 102/102 37/37
f 1159/1159 37/37 1162/1162
f 629/629 532/532 350/350
f 629/629 350/350 486/486
f 1018/1018 1324/1324 1310/1310
f 1018/1018 1310/1310 799/799
f 233/233 273/273 224/224
f 233/233 224/224 24/24
f 1046/1046 1047/1047 1063/1063
f 1046/1046 1063/1063 1062/1062
f 74/74 918/918 923/923
f 74/74 923/923 104/104
f 803/803 453/453 373/373
f 803/803 373/373 589/589
f 1098/1098 1109/1109 807/807
f 1098/1098 807/807 815/815
f 54/54 89/89 935/935
f 54/54 935/935 917/917
f 412/412 798/798 588/588
f 412/412 588/588 320/320
f 1381/1381 65/65 85/85
f 1381/1381 85/85 1376/1376
f 1478/1478 1509/1509 617/617
f 1478/1478 617/617 531/531
f 935/935 932/932 23/23
f 935/935 23/23 129/129
f 374/374 464/464 144/144
f 374/374 144/144 453/453
f 1520/1520 829/829 626/626
f 1520/1520 626/626 1487/1487
f 28/28 235/235 276/276
f 28/28 276/276 244/244
f 1117/1117 964/964 802/802
f 1056/1056 1057/1057 1042/1042
f 1056/1056 1042/1042 1041/1041
f 137/137 45/45 151/151
f 137/137 151/151 166/166
f 306/306 189/189 542/542
f 306/306 542/542 555/555
f 988/988 1008/1008 1009/1009
f 988/988 1009/1009 989/989
f 1010/1010 366/366 365/365
f 1010/1010 365/365 1011/1011
f 758/758 742/742 743/743
f 758/758 743/743 759/759
f 340/340 635/635 719/719
f 340/340 719/719 481/481
f 312/312 322/322 645/645
f 312/312 645/645 644/644
f 1446/1446 499/499 362/362
f 1446/1446 362/362 1415/1415
f 74/74 104/104 938/938
f 74/74 938/938 933/933
f 526/526 777/777 439/439
f 526/526 439/439 209/209
f 1341/1341 1352/1352 707/707
f 1341/1341 707/707 715/715
f 1489/1489 1521/1521 1857/1857
f 1489/1489 1857/1857 1676/1676
f 1153/1153 1230/1230 964/964
f 677/677 678/678 664/664
f 677/677 664/664 663/663
f 1142/1142 1148/1148 243/243
f 1142/1142 243/243 32/32
f 1068/1068 225/225 1/1
f 1068/1068 1/1 1069/1069
f 365/365 684/684 424/424
f 365/365 424/424 191/191
f 541/541 1208/1208 1211/1211
f 541/541 1211/1211 601/601
f 486/486 729/729 639/639
f 486/486 639/639 351/351
f 1458/1458 1501/1501 1683/1683
f 1458/1458 1683/1683 1688/1688
f 54/54 905/905 920/920
f 54/54 920/920 89/89
f 1337/1337 1346/1346 1038/1038
f 1337/1337 1038/1038 1074/1074
f 1064/1064 1065/1065 539/539
f 1064/1064 539/539 540/540
f 991/991 493/493 745/745
f 991/991 745/745 1009/1009
f 432/432 698/698 278/278
f 432/432 278/278 203/203
f 468/468 303/303 184/184
f 468/468 184/184 355/355
f 676/676 660/660 328/328
f 676/676 328/328 420/420
f 1221/1221 31/31 135/135
f 1221/1221 135/135 1238/1238
f 1243/1243 152/152 8/8
f 1243/1243 8/8 910/910
f 171/171 258/258 689/689
f 171/171 689/689 429/429
f 1491/1491 637/637 831/831
f 1491/1491 831/831 1523/1523
f 440/440 60/60 1135/1135
f 440/440 1135/1135 1067/1067
f 186/186 267/267 705/705
f 186/186 705/705 433/433
f 1181/1181 1386/1386 1389/1389
f 1181/1181 1389/1389 1194/1194
f 437/437 891/891 895/895
f 437/437 895/895 500/500
f 971/971 1205/1205 1216/1216
f 971/971 1216/1216 943/943
f 764/764 750/750 751/751
f 764/764 751/751 765/765
f 1346/1346 1342/1342 1073/1073
f 1346/1346 1073/1073 1038/1038
f 572/572 885/885 836/836
f 572/572 836/836 511/511
f 619/619 820/820 1115/1115
f 619/619 1115/1115 1096/1096
f 245/245 311/311 279/279
f 245/245 279/279 40/40
f 750/750 766/766 767/767
f 750/750 767/767 751/751
f 140/140 322/322 960/960
f 140/140 960/960 435/435
f 350/350 642/642 729/729
f 350/350 729/729 486/486
f 573/573 886/886 837/837
f 573/573 837/837 512/512
f 1780/1780 1796/1796 1795/1795
f 1780/1780 1795/1795 1776/1776
f 280/280 6/6 196/196
f 280/280 196/196 313/313
f 44/44 282/282 1284/1284
f 44/44 1284/1284 1283/1283
f 86/86 919/919 904/904
f 86/86 904/904 51/51
f 1067/1067 1135/1135 3/3
f 1067/1067 3/3 1066/1066
f 1527/1527 1492/1492 1542/1542
f 1527/1527 1542/1542 1733/1733
f 631/631 536/536 351/351
f 631/631 351/351 487/487
f 585/585 367/367 441/441
f 585/585 441/441 770/770
f 941/941 966/966 964/964
f 611/611 817/817 1130/1130
f 611/611 1130/1130 1122/1122
f 1320/1320 1322/1322 1092/1092
f 1320/1320 1092/1092 1085/1085
f 1050/1050 1051/1051 1029/1029
f 1050/1050 1029/1029 1028/1028
f 967/967 856/856 1030/1030
f 967/967 1030/1030 1054/1054
f 1561/1561 1712/1712 1714/1714
f 1561/1561 1714/1714 1563/1563
f 794/794 580/580 212/212
f 794/794 212/212 446/446
f 1598/1598 1680/1680 1765/1765
f 1598/1598 1765/1765 1594/1594
f 1283/1283 1284/1284 106/106
f 1283/1283 106/106 70/70
f 1048/1048 1049/1049 1065/1065
f 1048/1048 1065/1065 1064/1064
f 220/220 410/410 292/292
f 220/220 292/292 155/155
f 293/293 177/177 249/249
f 293/293 249/249 410/410
f 746/746 1198/1198 1190/1190
f 746/746 1190/1190 493/493
f 48/48 86/86 934/934
f 48/48 934/934 915/915
f 1840/1840 1567/1567 1618/1618
f 1840/1840 1618/1618 1615/1615
f 51/51 91/91 936/936
f 51/51 936/936 916/916
f 1036/1036 1055/1055 819/819
f 1036/1036 819/819 618/618
f 1032/1032 1036/1036 1057/1057
f 1032/1032 1057/1057 1056/1056
f 867/867 969/969 1056/1056
f 867/867 1056/1056 1041/1041
f 439/439 952/952 880/880
f 439/439 880/880 209/209
f 1428/1428 1464/1464 1631/1631
f 1428/1428 1631/1631 1654/1654
f 1617/1617 109/109 238/238
f 1617/1617 238/238 1578/1578
f 226/226 304/304 237/237
f 226/226 237/237 29/29
f 174/174 1860/1860 1805/1805
f 174/174 1805/1805 265/265
f 139/139 283/283 144/144
f 1525/1525 1490/1490 1791/1791
f 1525/1525 1791/1791 1663/1663
f 692/692 429/429 200/200
f 692/692 200/200 272/272
f 1479/1479 1510/1510 1713/1713
f 1479/1479 1713/1713 1559/1559
f 745/745 1197/1197 1183/1183
f 745/745 1183/1183 492/492
f 634/634 701/701 702/702
f 634/634 702/702 633/633
f 624/624 823/823 1119/1119
f 624/624 1119/1119 1112/1112
f 853/853 852/852 1002/1002
f 853/853 1002/1002 1001/1001
f 428/428 688/688 270/270
f 428/428 270/270 197/197
f 1156/1156 1231/1231 964/964
f 1362/1362 1367/1367 1340/1340
f 1362/1362 1340/1340 1350/1350
f 1674/1674 1710/1710 232/232
f 1674/1674 232/232 158/158
f 1205/1205 1187/1187 1177/1177
f 1205/1205 1177/1177 1216/1216
f 735/735 1208/1208 541/541
f 735/735 541/541 195/195
f 943/943 965/965 964/964
f 955/955 1008/1008 988/988
f 955/955 988/988 863/863
f 282/282 5/5 1162/1162
f 282/282 1162/1162 1284/1284
f 389/389 290/290 473/473
f 389/389 473/473 561/561
f 1406/1406 1436/1436 1596/1596
f 1406/1406 1596/1596 1649/1649
f 1170/1170 1166/1166 800/800
f 1170/1170 800/800 400/400
f 1528/1528 843/843 700/700
f 1528/1528 700/700 1495/1495
f 46/46 137/137 166/166
f 46/46 166/166 150/150
f 513/513 846/846 886/886
f 513/513 886/886 573/573
f 670/670 354/354 188/188
f 670/670 188/188 417/417
f 973/973 1207/1207 1199/1199
f 973/973 1199/1199 945/945
f 1005/1005 740/740 488/488
f 1005/1005 488/488 985/985
f 1453/1453 1418/1418 495/495
f 1453/1453 495/495 776/776
f 484/484 697/697 643/643
f 484/484 643/643 349/349
f 859/859 582/582 213/213
f 859/859 213/213 447/447
f 1507/1507 1476/1476 1829/1829
f 1507/1507 1829/1829 1584/1584
f 717/717 433/433 204/204
f 717/717 204/204 283/283
f 1421/1421 1455/1455 1802/1802
f 1421/1421 1802/1802 1605/1605
f 353/353 354/354 670/670
f 353/353 670/670 669/669
f 567/567 891/891 437/437
f 567/567 437/437 188/188
f 292/292 176/176 248/248
f 292/292 248/248 409/409
f 1444/1444 490/490 360/360
f 1444/1444 360/360 1413/1413
f 386/386 284/284 470/470
f 386/386 470/470 547/547
f 1394/1394 1033/1033 1044/1044
f 1394/1394 1044/1044 1390/1390
f 1109/1109 1099/1099 814/814
f 1109/1109 814/814 807/807
f 574/574 887/887 846/846
f 574/574 846/846 513/513
f 1488/1488 628/628 829/829
f 1488/1488 829/829 1520/1520
f 1242/1242 813/813 805/805
f 1242/1242 805/805 1234/1234
f 1360/1360 1335/1335 781/781
f 1360/1360 781/781 710/710
f 1331/1331 1263/1263 1366/1366
f 1331/1331 1366/1366 1359/1359
f 996/996 978/978 983/983
f 996/996 983/983 997/997
f 1376/1376 85/85 68/68
f 1376/1376 68/68 1379/1379
f 1509/1509 1477/1477 524/524
f 1509/1509 524/524 617/617
f 1472/1472 1505/1505 1549/1549
f 1472/1472 1549/1549 1848/1848
f 921/921 223/223 20/20
f 921/921 20/20 905/905
f 1508/1508 1479/1479 1559/1559
f 1508/1508 1559/1559 1621/1621
f 1410/1410 1440/1440 1659/1659
f 1410/1410 1659/1659 1673/1673
f 459/459 302/302 183/183
f 459/459 183/183 344/344
f 420/420 328/328 785/785
f 420/420 785/785 899/899
f 1641/1641 1696/1696 1622/1622
f 1641/1641 1622/1622 1635/1635
f 530/530 616/616 484/484
f 530/530 484/484 349/349
f 821/821 619/619 1096/1096
f 821/821 1096/1096 1116/1116
f 1635/1635 1622/1622 1625/1625
f 1635/1635 1625/1625 1859/1859
f 1629/1629 1627/1627 1632/1632
f 1629/1629 1632/1632 1792/1792
f 1106/1106 1100/1100 833/833
f 1106/1106 833/833 810/810
f 312/312 959/959 960/960
f 312/312 960/960 322/322
f 1312/1312 1323/1323 101/101
f 1312/1312 101/101 56/56
f 258/258 170/170 428/428
f 258/258 428/428 689/689
f 123/123 2/2 127/127
f 123/123 127/127 161/161
f 470/470 543/543 395/395
f 470/470 395/395 332/332
f 32/32 243/243 304/304
f 32/32 304/304 226/226
f 825/825 592/592 253/253
f 825/825 253/253 369/369
f 411/411 250/250 177/177
f 411/411 177/177 293/293
f 297/297 226/226 29/29
f 297/297 29/29 230/230
f 1271/1271 809/809 832/832
f 1271/1271 832/832 1237/1237
f 223/223 266/266 221/221
f 223/223 221/221 20/20
f 911/911 712/712 1326/1326
f 440/440 1014/1014 1213/1213
f 440/440 1213/1213 60/60
f 936/936 917/917 19/19
f 936/936 19/19 121/121
f 671/671 672/672 658/658
f 671/671 658/658 657/657
f 823/823 623/623 1105/1105
f 823/823 1105/1105 1119/1119
f 1030/1030 1031/1031 1055/1055
f 1030/1030 1055/1055 1054/1054
f 931/931 964/964 926/926
f 1123/1123 1276/1276 1153/1153
f 1123/1123 1153/1153 931/931
f 1229/1229 808/808 815/815
f 1229/1229 815/815 1240/1240
f 866/866 867/867 981/981
f 866/866 981/981 982/982
f 1457/1457 1422/1422 527/527
f 1457/1457 527/527 789/789
f 539/539 1065/1065 824/824
f 539/539 824/824 352/352
f 926/926 964/964 1024/1024
f 765/765 575/575 514/514
f 765/765 514/514 749/749
f 79/79 1235/1235 1226/1226
f 79/79 1226/1226 69/69
f 41/41 277/277 311/311
f 41/41 311/311 245/245
f 687/687 162/162 112/112
f 687/687 112/112 269/269
f 545/545 788/788 443/443
f 545/545 443/443 210/210
f 1445/1445 1412/1412 1556/1556
f 1445/1445 1556/1556 1778/1778
f 1188/1188 707/707 714/714
f 1188/1188 714/714 1180/1180
f 314/314 251/251 465/465
f 314/314 465/465 816/816
f 1208/1208 1200/1200 1209/1209
f 1208/1208 1209/1209 1211/1211
f 934/934 916/916 15/15
f 934/934 15/15 117/117
f 1374/1374 82/82 65/65
f 1374/1374 65/65 1381/1381
f 308/308 190/190 529/529
f 308/308 529/529 649/649
f 920/920 233/233 24/24
f 920/920 24/24 906/906
f 985/985 488/488 739/739
f 985/985 739/739 999/999
f 359/359 187/187 305/305
f 359/359 305/305 477/477
f 1202/1202 1184/1184 1178/1178
f 1202/1202 1178/1178 1217/1217
f 63/63 1221/1221 1238/1238
f 63/63 1238/1238 80/80
f 646/646 379/379 595/595
f 646/646 595/595 838/838
f 1264/1264 1080/1080 1086/1086
f 1264/1264 1086/1086 609/609
f 414/414 254/254 179/179
f 414/414 179/179 296/296
f 1149/1149 1145/1145 47/47
f 1149/1149 47/47 277/277
f 1354/1354 964/964 1079/1079
f 163/163 132/132 34/34
f 163/163 34/34 128/128
f 1323/1323 1298/1298 73/73
f 1323/1323 73/73 101/101
f 1068/1068 1069/1069 610/610
f 1068/1068 610/610 1087/1087
f 273/273 234/234 21/21
f 273/273 21/21 224/224
f 747/747 513/513 573/573
f 747/747 573/573 761/761
f 125/125 241/241 1682/1682
f 125/125 1682/1682 1695/1695
f 680/680 664/664 330/330
f 680/680 330/330 422/422
f 365/365 191/191 746/746
f 365/365 746/746 1011/1011
f 618/618 819/819 1114/1114
f 618/618 1114/1114 1095/1095
f 1237/1237 832/832 808/808
f 1237/1237 808/808 1229/1229
f 736/736 1191/1191 1200/1200
f 736/736 1200/1200 463/463
f 1379/1379 68/68 95/95
f 1379/1379 95/95 1383/1383
f 772/772 448/448 368/368
f 772/772 368/368 586/586
f 1331/1331 964/964 1263/1263
f 1522/1522 1489/1489 1676/1676
f 1522/1522 1676/1676 1644/1644
f 228/228 32/32 226/226
f 228/228 226/226 297/297
f 1375/1375 58/58 78/78
f 1375/1375 78/78 1380/1380
f 104/104 39/39 910/910
f 104/104 910/910 938/938
f 89/89 920/920 906/906
f 89/89 906/906 59/59
f 1324/1324 1199/1199 323/323
f 1324/1324 323/323 1310/1310
f 1762/1762 1761/1761 321/321
f 1762/1762 321/321 412/412
f 1201/1201 946/946 1248/1248
f 1201/1201 1248/1248 1365/1365
f 1258/1258 1083/1083 1090/1090
f 1258/1258 1090/1090 1245/1245
f 865/865 858/858 968/968
f 865/865 968/968 967/967
f 933/933 938/938 136/136
f 933/933 136/136 27/27
f 337/337 402/402 144/144
f 337/337 144/144 406/406
f 76/76 63/63 1142/1142
f 76/76 1142/1142 1146/1146
f 1290/1290 1294/1294 94/94
f 1290/1290 94/94 67/67
f 838/838 595/595 378/378
f 838/838 378/378 636/636
f 151/151 1383/1383 1372/1372
f 151/151 1372/1372 90/90
f 1398/1398 1514/1514 632/632
f 1398/1398 632/632 193/193
f 1358/1358 1369/1369 1343/1343
f 1358/1358 1343/1343 1347/1347
f 947/947 996/996 976/976
f 947/947 976/976 873/873
f 535/535 648/648 671/671
f 535/535 671/671 657/657
f 919/919 217/217 16/16
f 919/919 16/16 904/904
f 957/957 992/992 383/383
f 957/957 383/383 318/318
f 96/96 74/74 933/933
f 96/96 933/933 937/937
f 426/426 803/803 589/589
f 426/426 589/589 321/321
f 576/576 889/889 882/882
f 576/576 882/882 515/515
f 915/915 934/934 117/117
f 915/915 117/117 12/12
f 992/992 974/974 975/975
f 992/992 975/975 993/993
f 641/641 728/728 729/729
f 641/641 729/729 642/642
f 984/984 1000/1000 1005/1005
f 984/984 1005/1005 985/985
f 993/993 735/735 195/195
f 993/993 195/195 384/384
f 1372/1372 71/71 107/107
f 1372/1372 107/107 1373/1373
f 1029/1029 1051/1051 817/817
f 1029/1029 817/817 611/611
f 975/975 463/463 735/735
f 975/975 735/735 993/993
f 1650/1650 160/160 236/236
f 1650/1650 236/236 1707/1707
f 1468/1468 1400/1400 1616/1616
f 1468/1468 1616/1616 1572/1572
f 20/20 221/221 273/273
f 20/20 273/273 233/233
f 562/562 552/552 663/663
f 562/562 663/663 679/679
f 388/388 1690/1690 1562/1562
f 388/388 1562/1562 289/289
f 690/690 713/713 912/912
f 690/690 912/912 685/685
f 1187/1187 708/708 715/715
f 1187/1187 715/715 1177/1177
f 1213/1213 4/4 126/126
f 1213/1213 126/126 1228/1228
f 689/689 428/428 197/197
f 689/689 197/197 271/271
f 394/394 48/48 915/915
f 394/394 915/915 686/686
f 1169/1169 52/52 98/98
f 1169/1169 98/98 1163/1163
f 239/239 415/415 298/298
f 239/239 298/298 160/160
f 1209/1209 1385/1385 1039/1039
f 1460/1460 1425/1425 546/546
f 1460/1460 546/546 791/791
f 190/190 309/309 600/600
f 190/190 600/600 529/529
f 118/118 14/14 1297/1297
f 118/118 1297/1297 1314/1314
f 59/59 96/96 937/937
f 59/59 937/937 932/932
f 1276/1276 1241/1241 1256/1256
f 1276/1276 1256/1256 1268/1268
f 1299/1299 1305/1305 38/38
f 1299/1299 38/38 103/103
f 1233/1233 579/579 834/834
f 1233/1233 834/834 1259/1259
f 863/863 951/951 952/952
f 863/863 952/952 862/862
f 416/416 263/263 181/181
f 416/416 181/181 299/299
f 942/942 973/973 964/964
f 170/170 257/257 688/688
f 170/170 688/688 428/428
f 1200/1200 1191/1191 1385/1385
f 1200/1200 1385/1385 1209/1209
f 180/180 262/262 144/144
f 180/180 144/144 254/254
f 771/771 442/442 367/367
f 771/771 367/367 585/585
f 551/551 556/556 675/675
f 551/551 675/675 661/661
f 622/622 821/821 1116/1116
f 622/622 1116/1116 1103/1103
f 658/658 672/672 418/418
f 658/658 418/418 327/327
f 1398/1398 193/193 503/503
f 1398/1398 503/503 1449/1449
f 656/656 670/670 417/417
f 656/656 417/417 326/326
f 1438/1438 1406/1406 1649/1649
f 1438/1438 1649/1649 1706/1706
f 1380/1380 78/78 62/62
f 1380/1380 62/62 1371/1371
f 528/528 577/577 681/681
f 528/528 681/681 667/667
f 175/175 248/248 144/144
f 175/175 144/144 246/246
f 1443/1443 1410/1410 1673/1673
f 1443/1443 1673/1673 1807/1807
f 1456/1456 1424/1424 1817/1817
f 1456/1456 1817/1817 1602/1602
f 1437/1437 458/458 343/343
f 1437/1437 343/343 1404/1404
f 349/349 643/643 695/695
f 349/349 695/695 485/485
f 1427/1427 1463/1463 1666/1666
f 1427/1427 1666/1666 1818/1818
f 659/659 660/660 676/676
f 659/659 676/676 675/675
f 415/415 262/262 180/180
f 415/415 180/180 298/298
f 937/937 933/933 27/27
f 937/937 27/27 133/133
f 1111/1111 507/507 811/811
f 1111/1111 811/811 805/805
f 792/792 558/558 211/211
f 792/792 211/211 445/445
f 1103/1103 1116/1116 1307/1307
f 1103/1103 1307/1307 1301/1301
f 1075/1075 1387/1387 1385/1385
f 1075/1075 1385/1385 1191/1191
f 965/965 942/942 964/964
f 1157/1157 49/49 92/92
f 1157/1157 92/92 1160/1160
f 387/387 285/285 471/471
f 387/387 471/471 548/548
f 298/298 180/180 254/254
f 298/298 254/254 414/414
f 1052/1052 1053/1053 1031/1031
f 1052/1052 1031/1031 1030/1030
f 347/347 651/651 697/697
f 347/347 697/697 484/484
f 1397/1397 1073/1073 1037/1037
f 1397/1397 1037/1037 1396/1396
f 496/496 775/775 438/438
f 496/496 438/438 208/208
f 1185/1185 710/710 781/781
f 1185/1185 781/781 1179/1179
f 154/154 286/286 407/407
f 154/154 407/407 214/214
f 421/421 329/329 786/786
f 421/421 786/786 900/900
f 480/480 727/727 635/635
f 480/480 635/635 340/340
f 873/873 976/976 994/994
f 873/873 994/994 961/961
f 613/613 1120/1120 1317/1317
f 613/613 1317/1317 1233/1233
f 744/744 762/762 763/763
f 744/744 763/763 747/747
f 183/183 302/302 566/566
f 183/183 566/566 504/504
f 724/724 752/752 353/353
f 724/724 353/353 288/288
f 519/519 605/605 481/481
f 519/519 481/481 341/341
f 89/89 59/59 932/932
f 89/89 932/932 935/935
f 939/939 972/972 964/964
f 830/830 594/594 377/377
f 830/830 377/377 627/627
f 891/891 890/890 893/893
f 891/891 893/893 895/895
f 232/232 1710/1710 1822/1822
f 232/232 1822/1822 159/159
f 1161/1161 42/42 87/87
f 1161/1161 87/87 1168/1168
f 1343/1343 1348/1348 1035/1035
f 1343/1343 1035/1035 1072/1072
f 946/946 964/964 1248/1248
f 1409/1409 1438/1438 1706/1706
f 1409/1409 1706/1706 1660/1660
f 425/425 1182/1182 1337/1337
f 425/425 1337/1337 1074/1074
f 192/192 111/111 309/309
f 192/192 309/309 502/502
f 36/36 255/255 310/310
f 36/36 310/310 231/231
f 380/380 597/597 968/968
f 380/380 968/968 858/858
f 768/768 769/769 896/896
f 768/768 896/896 894/894
f 766/766 540/540 539/539
f 766/766 539/539 767/767
f 669/669 670/670 656/656
f 669/669 656/656 655/655
f 431/431 693/693 275/275
f 431/431 275/275 202/202
f 946/946 941/941 964/964
f 1293/1293 1286/1286 57/57
f 1293/1293 57/57 451/451
f 639/639 729/729 728/728
f 639/639 728/728 640/640
f 392/392 1826/1826 1766/1766
f 392/392 1766/1766 294/294
f 491/491 1181/1181 1194/1194
f 491/491 1194/1194 740/740
f 598/598 382/382 854/854
f 598/598 854/854 1021/1021
f 742/742 760/760 761/761
f 742/742 761/761 743/743
f 990/990 1010/1010 1011/1011
f 990/990 1011/1011 991/991
f 575/575 888/888 847/847
f 575/575 847/847 514/514
f 1497/1497 1529/1529 1849/1849
f 1497/1497 1849/1849 1834/1834
f 690/690 691/691 324/324
f 690/690 324/324 713/713
f 644/644 528/528 667/667
f 644/644 667/667 683/683
f 1328/1328 1336/1336 716/716
f 1328/1328 716/716 709/709
f 1025/1025 964/964 928/928
f 1067/1067 1134/1134 602/602
f 1067/1067 602/602 440/440
f 593/593 377/377 850/850
f 593/593 850/850 1002/1002
f 140/140 300/300 645/645
f 140/140 645/645 322/322
f 339/339 423/423 902/902
f 339/339 902/902 881/881
f 561/561 473/473 335/335
f 561/561 335/335 399/399
f 553/553 552/552 562/562
f 553/553 562/562 566/566
f 265/265 173/173 431/431
f 265/265 431/431 698/698
f 1298/1298 1299/1299 103/103
f 1298/1298 103/103 73/73
f 1168/1168 87/87 49/49
f 1168/1168 49/49 1157/1157
f 483/483 704/704 651/651
f 483/483 651/651 347/347
f 266/266 222/222 17/17
f 266/266 17/17 221/221
f 177/177 250/250 144/144
f 177/177 144/144 249/249
f 1349/1349 1356/1356 711/711
f 1349/1349 711/711 783/783
f 1150/1150 892/892 6/6
f 1150/1150 6/6 280/280
f 124/124 30/30 132/132
f 124/124 132/132 163/163
f 186/186 1583/1583 1799/1799
f 186/186 1799/1799 267/267
f 430/430 692/692 272/272
f 430/430 272/272 201/201
f 429/429 689/689 271/271
f 429/429 271/271 200/200
f 224/224 21/21 242/242
f 224/224 242/242 274/274
f 381/381 598/598 1021/1021
f 381/381 1021/1021 857/857
f 1295/1295 1266/1266 609/609
f 1295/1295 609/609 1288/1288
f 1049/1049 1063/1063 823/823
f 1049/1049 823/823 624/624
f 267/267 174/174 432/432
f 267/267 432/432 705/705
f 743/743 512/512 572/572
f 743/743 572/572 759/759
f 1384/1384 1377/1377 461/461
f 1384/1384 461/461 1355/1355
f 257/257 169/169 427/427
f 257/257 427/427 688/688
f 662/662 676/676 420/420
f 662/662 420/420 329/329
f 1063/1063 1047/1047 623/623
f 1063/1063 623/623 823/823
f 1475/1475 1504/1504 608/608
f 1475/1475 608/608 522/522
f 493/493 1190/1190 1197/1197
f 493/493 1197/1197 745/745
f 83/83 75/75 1145/1145
f 83/83 1145/1145 1149/1149
f 605/605 517/517 340/340
f 605/605 340/340 481/481
f 1239/1239 150/150 97/97
f 1239/1239 97/97 1227/1227
f 213/213 871/871 958/958
f 213/213 958/958 447/447
f 869/869 868/868 979/979
f 869/869 979/979 980/980
f 1230/1230 1152/1152 964/964
f 418/418 326/326 908/908
f 418/418 908/908 897/897
f 1178/1178 782/782 710/710
f 1178/1178 710/710 1185/1185
f 944/944 1215/1215 1205/1205
f 944/944 1205/1205 971/971
f 701/701 762/762 744/744
f 701/701 744/744 653/653
f 977/977 466/466 736/736
f 977/977 736/736 995/995
f 536/536 629/629 486/486
f 536/536 486/486 351/351
f 1155/1155 1225/1225 964/964
f 119/119 147/147 130/130
f 119/119 130/130 18/18
f 1013/1013 1014/1014 1212/1212
f 1013/1013 1212/1212 1210/1210
f 929/929 964/964 1025/1025
f 334/334 397/397 144/144
f 334/334 144/144 398/398
f 296/296 179/179 252/252
f 296/296 252/252 413/413
f 1190/1190 1395/1395 1397/1397
f 1190/1190 1397/1397 1197/1197
f 816/816 465/465 375/375
f 816/816 375/375 591/591
f 120/120 18/18 1315/1315
f 120/120 1315/1315 1300/1300
f 1451/1451 1402/1402 199/199
f 1451/1451 199/199 774/774
f 594/594 378/378 869/869
f 594/594 869/869 980/980
f 1306/1306 1312/1312 56/56
f 1306/1306 56/56 99/99
f 1224/1224 35/35 141/141
f 1224/1224 141/141 1235/1235
f 404/404 772/772 586/586
f 404/404 586/586 316/316
f 768/768 779/779 215/215
f 768/768 215/215 11/11
f 169/169 238/238 687/687
f 169/169 687/687 427/427
f 227/227 393/393 565/565
f 227/227 565/565 314/314
f 1110/1110 1102/1102 813/813
f 1110/1110 813/813 806/806
f 592/592 376/376 852/852
f 592/592 852/852 1017/1017
f 361/361 189/189 306/306
f 361/361 306/306 489/489
f 1148/1148 1143/1143 36/36
f 1148/1148 36/36 243/243
f 214/214 407/407 156/156
f 214/214 156/156 105/105
f 1419/1419 1452/1452 1610/1610
f 1419/1419 1610/1610 1579/1579
f 1661/1661 1821/1821 1709/1709
f 1661/1661 1709/1709 1658/1658
f 514/514 847/847 887/887
f 514/514 887/887 574/574
f 643/643 697/697 696/696
f 643/643 696/696 650/650
f 232/232 413/413 295/295
f 232/232 295/295 158/158
f 1022/1022 964/964 924/924
f 59/59 906/906 922/922
f 59/59 922/922 96/96
f 599/599 113/113 317/317
f 599/599 317/317 1004/1004
f 660/660 674/674 419/419
f 660/660 419/419 328/328
f 940/940 1217/1217 1203/1203
f 940/940 1203/1203 963/963
f 1512/1512 1481/1481 533/533
f 1512/1512 533/533 630/630
f 909/909 913/913 911/911
f 909/909 911/911 908/908
f 595/595 379/379 866/866
f 595/595 866/866 982/982
f 290/290 388/388 560/560
f 290/290 560/560 473/473
f 1413/1413 360/360 478/478
f 1413/1413 478/478 1442/1442
f 424/424 339/339 881/881
f 424/424 881/881 907/907
f 653/653 744/744 760/760
f 653/653 760/760 703/703
f 873/873 961/961 962/962
f 873/873 962/962 874/874
f 1401/1401 206/206 849/849
f 1401/1401 849/849 1533/1533
f 1332/1332 1349/1349 783/783
f 1332/1332 783/783 425/425
f 528/528 525/525 578/578
f 528/528 578/578 577/577
f 390/390 291/291 474/474
f 390/390 474/474 563/563
f 1105/1105 1118/1118 1304/1304
f 1105/1105 1304/1304 1321/1321
f 1687/1687 1831/1831 1696/1696
f 1687/1687 1696/1696 1641/1641
f 819/819 612/612 1094/1094
f 819/819 1094/1094 1114/1114
f 338/338 406/406 144/144
f 338/338 144/144 408/408
f 295/295 178/178 250/250
f 295/295 250/250 411/411
f 201/201 272/272 144/144
f 201/201 144/144 275/275
f 422/422 330/330 796/796
f 422/422 796/796 901/901
f 1251/1251 1092/1092 1084/1084
f 1251/1251 1084/1084 1257/1257
f 694/694 756/756 732/732
f 694/694 732/732 641/641
f 294/294 390/390 563/563
f 294/294 563/563 475/475
f 1499/1499 723/723 845/845
f 1499/1499 845/845 1530/1530
f 436/436 816/816 591/591
f 436/436 591/591 348/348
f 125/125 1695/1695 1768/1768
f 125/125 1768/1768 268/268
f 775/775 494/494 207/207
f 775/775 207/207 438/438
f 1431/1431 1469/1469 1573/1573
f 1431/1431 1573/1573 1626/1626
f 286/286 175/175 246/246
f 286/286 246/246 407/407
f 653/653 703/703 704/704
f 653/653 704/704 654/654
f 679/679 680/680 666/666
f 679/679 666/666 665/665
f 185/185 305/305 557/557
f 185/185 557/557 550/550
f 1748/1748 1564/1564 1567/1567
f 1748/1748 1567/1567 1840/1840
f 925/925 964/964 1022/1022
f 330/330 421/421 900/900
f 330/330 900/900 796/796
f 870/870 955/955 956/956
f 870/870 956/956 864/864
f 1321/1321 1304/1304 1091/1091
f 1321/1321 1091/1091 1084/1084
f 1411/1411 358/358 469/469
f 1411/1411 469/469 1441/1441
f 563/563 474/474 336/336
f 563/563 336/336 402/402
f 672/672 656/656 326/326
f 672/672 326/326 418/418
f 1000/1000 986/986 987/987
f 1000/1000 987/987 1005/1005
f 953/953 1000/1000 984/984
f 953/953 984/984 878/878
f 299/299 181/181 262/262
f 299/299 262/262 415/415
f 682/682 666/666 331/331
f 682/682 331/331 423/423
f 1502/1502 1471/1471 518/518
f 1502/1502 518/518 606/606
f 855/855 854/854 1004/1004
f 855/855 1004/1004 1003/1003
f 1263/1263 964/964 1330/1330
f 48/48 903/903 919/919
f 48/48 919/919 86/86
f 1151/1151 1232/1232 964/964
f 634/634 748/748 762/762
f 634/634 762/762 701/701
f 467/467 1332/1332 1393/1393
f 467/467 1393/1393 1198/1198
f 476/476 564/564 406/406
f 476/476 406/406 338/338
f 1099/1099 1110/1110 806/806
f 1099/1099 806/806 814/814
f 157/157 293/293 410/410
f 157/157 410/410 220/220
f 650/650 694/694 695/695
f 650/650 695/695 643/643
f 1244/1244 964/964 1331/1331
f 1024/1024 964/964 925/925
f 1836/1836 1838/1838 1740/1740
f 1836/1836 1740/1740 1738/1738
f 1505/1505 1474/1474 1589/1589
f 1505/1505 1589/1589 1549/1549
f 155/155 292/292 409/409
f 155/155 409/409 219/219
f 535/535 542/542 649/649
f 535/535 649/649 648/648
f 19/19 129/129 147/147
f 19/19 147/147 119/119
f 1315/1315 1306/1306 99/99
f 1315/1315 99/99 53/53
f 1365/1365 1357/1357 1346/1346
f 1365/1365 1346/1346 1337/1337
f 688/688 427/427 194/194
f 688/688 194/194 270/270
f 346/346 654/654 704/704
f 346/346 704/704 483/483
f 417/417 188/188 437/437
f 417/417 437/437 909/909
f 1332/1332 425/425 1074/1074
f 1332/1332 1074/1074 1393/1393
f 285/285 386/386 547/547
f 285/285 547/547 471/471
f 731/731 509/509 567/567
f 731/731 567/567 753/753
f 732/732 756/756 757/757
f 732/732 757/757 733/733
f 737/737 1192/1192 1075/1075
f 737/737 1075/1075 466/466
f 638/638 750/750 764/764
f 638/638 764/764 718/718
f 1319/1319 401/401 801/801
f 1319/1319 801/801 1311/1311
f 1058/1058 1059/1059 1045/1045
f 1058/1058 1045/1045 1043/1043
f 1233/1233 1317/1317 1093/1093
f 1233/1233 1093/1093 579/579
f 534/534 584/584 669/669
f 534/534 669/669 655/655
f 1097/1097 1106/1106 810/810
f 1097/1097 810/810 834/834
f 1026/1026 964/964 929/929
f 1101/1101 1108/1108 808/808
f 1101/1101 808/808 832/832
f 1007/1007 741/741 491/491
f 1007/1007 491/491 987/987
f 63/63 80/80 1148/1148
f 63/63 1148/1148 1142/1142
f 571/571 884/884 835/835
f 571/571 835/835 510/510
f 287/287 725/725 724/724
f 287/287 724/724 288/288
f 164/164 239/239 1764/1764
f 164/164 1764/1764 1679/1679
f 1318/1318 1308/1308 1088/1088
f 1318/1318 1088/1088 1081/1081
f 1207/1207 1189/1189 323/323
f 1207/1207 323/323 1199/1199
f 303/303 185/185 550/550
f 303/303 550/550 570/570
f 529/529 534/534 648/648
f 529/529 648/648 649/649
f 685/685 912/912 914/914
f 685/685 914/914 686/686
f 1014/1014 440/440 602/602
f 1014/1014 602/602 1212/1212
f 661/661 662/662 678/678
f 661/661 678/678 677/677
f 1303/1303 1314/1314 88/88
f 1303/1303 88/88 43/43
f 204/204 281/281 144/144
f 204/204 144/144 283/283
f 1225/1225 1274/1274 1281/1281
f 1225/1225 1281/1281 1154/1154
f 423/423 331/331 797/797
f 423/423 797/797 902/902
f 146/146 119/119 18/18
f 146/146 18/18 120/120
f 788/788 526/526 209/209
f 788/788 209/209 443/443
f 372/372 450/450 144/144
f 372/372 144/144 449/449
f 438/438 956/956 862/862
f 438/438 862/862 208/208
f 840/840 596/596 379/379
f 840/840 379/379 646/646
f 974/974 994/994 995/995
f 974/974 995/995 975/975
f 1803/1803 1731/1731 1729/1729
f 1803/1803 1729/1729 1806/1806
f 1062/1062 1063/1063 1049/1049
f 1062/1062 1049/1049 1048/1048
f 868/868 869/869 982/982
f 868/868 982/982 981/981
f 917/917 935/935 129/129
f 917/917 129/129 19/19
f 344/344 183/183 301/301
f 344/344 301/301 457/457
f 60/60 76/76 1146/1146
f 60/60 1146/1146 1135/1135
f 597/597 381/381 857/857
f 597/597 857/857 968/968
f 663/663 664/664 680/680
f 663/663 680/680 679/679
f 268/268 186/186 433/433
f 268/268 433/433 717/717
f 787/787 449/449 371/371
f 787/787 371/371 587/587
f 367/367 442/442 144/144
f 367/367 144/144 441/441
f 550/550 551/551 569/569
f 550/550 569/569 570/570
f 1329/1329 964/964 1247/1247
f 1429/1429 1462/1462 793/793
f 1429/1429 793/793 581/581
f 413/413 252/252 178/178
f 413/413 178/178 295/295
f 1672/1672 1675/1675 1833/1833
f 1672/1672 1833/1833 1809/1809
f 683/683 684/684 365/365
f 683/683 365/365 366/366
f 35/35 128/128 165/165
f 35/35 165/165 141/141
f 1143/1143 1147/1147 255/255
f 1143/1143 255/255 36/36
f 1053/1053 1029/1029 611/611
f 1053/1053 611/611 818/818
f 446/446 962/962 871/871
f 446/446 871/871 213/213
f 971/971 943/943 964/964
f 211/211 875/875 948/948
f 211/211 948/948 445/445
f 1382/1382 452/452 58/58
f 1382/1382 58/58 1375/1375
f 1314/1314 1297/1297 50/50
f 1314/1314 50/50 88/88
f 1250/1250 1334/1334 1364/1364
f 1250/1250 1364/1364 1370/1370
f 804/804 464/464 374/374
f 804/804 374/374 590/590
f 1285/1285 1292/1292 64/64
f 1285/1285 64/64 81/81
f 160/160 298/298 414/414
f 160/160 414/414 236/236
f 126/126 161/161 124/124
f 126/126 124/124 31/31
f 552/552 569/569 677/677
f 552/552 677/677 663/663
f 544/544 549/549 556/556
f 544/544 556/556 557/557
f 125/125 168/168 416/416
f 125/125 416/416 241/241
f 1588/1588 1586/1586 1758/1758
f 1588/1588 1758/1758 1750/1750
f 798/798 450/450 372/372
f 798/798 372/372 588/588
f 47/47 280/280 313/313
f 47/47 313/313 260/260
f 1231/1231 1155/1155 964/964
f 1253/1253 1088/1088 1080/1080
f 1253/1253 1080/1080 1264/1264
f 875/875 950/950 949/949
f 875/875 949/949 876/876
f 443/443 954/954 877/877
f 443/443 877/877 210/210
f 1065/1065 1049/1049 624/624
f 1065/1065 624/624 824/824
f 685/685 12/12 115/115
f 685/685 115/115 690/690
f 181/181 263/263 144/144
f 181/181 144/144 262/262
f 818/818 611/611 1122/1122
f 818/818 1122/1122 1113/1113
f 963/963 939/939 964/964
f 435/435 960/960 864/864
f 435/435 864/864 207/207
f 857/857 856/856 967/967
f 857/857 967/967 968/968
f 331/331 422/422 901/901
f 331/331 901/901 797/797
f 612/612 818/818 1113/1113
f 612/612 1113/1113 1094/1094
f 1245/1245 1090/1090 1082/1082
f 1245/1245 1082/1082 1260/1260
f 158/158 295/295 411/411
f 158/158 411/411 229/229
f 236/236 414/414 296/296
f 236/236 296/296 159/159
f 1513/1513 1484/1484 1721/1721
f 1513/1513 1721/1721 1534/1534
f 1357/1357 1368/1368 1342/1342
f 1357/1357 1342/1342 1346/1346
f 972/972 944/944 964/964
f 1141/1141 1129/1129 1111/1111
f 1141/1141 1111/1111 1102/1102
f 1138/1138 1128/1128 1110/1110
f 1138/1138 1110/1110 1099/1099
f 1137/1137 1127/1127 1109/1109
f 1137/1137 1109/1109 1098/1098
f 1140/1140 1126/1126 1108/1108
f 1140/1140 1108/1108 1101/1101
f 1139/1139 1125/1125 1107/1107
f 1139/1139 1107/1107 1100/1100
f 1136/1136 1124/1124 1106/1106
f 1136/1136 1106/1106 1097/1097
f 1041/1041 1042/1042 1059/1059
f 1041/1041 1059/1059 1058/1058
f 1327/1327 1250/1250 1370/1370
f 1327/1327 1370/1370 1363/1363
f 1126/1126 1137/1137 1098/1098
f 1126/1126 1098/1098 1108/1108
f 1127/1127 1138/1138 1099/1099
f 1127/1127 1099/1099 1109/1109
f 1124/1124 1139/1139 1100/1100
f 1124/1124 1100/1100 1106/1106
f 1128/1128 1141/1141 1102/1102
f 1128/1128 1102/1102 1110/1110
f 579/579 1104/1104 1097/1097
f 579/579 1097/1097 834/834
f 168/168 139/139 263/263
f 168/168 263/263 416/416
f 1125/1125 1140/1140 1101/1101
f 1125/1125 1101/1101 1107/1107
f 1256/1256 1085/1085 1092/1092
f 1256/1256 1092/1092 1251/1251
f 227/227 314/314 816/816
f 227/227 816/816 436/436
f 31/31 124/124 163/163
f 31/31 163/163 135/135
f 479/479 1173/1173 1192/1192
f 479/479 1192/1192 737/737
f 722/722 382/382 598/598
f 722/722 598/598 844/844
f 858/858 865/865 969/969
f 858/858 969/969 970/970
f 1066/1066 3/3 225/225
f 1066/1066 225/225 1068/1068
f 1129/1129 1121/1121 507/507
f 1129/1129 507/507 1111/1111
f 930/930 964/964 1117/1117
f 1018/1018 799/799 1165/1165
f 1018/1018 1165/1165 1172/1172
f 1530/1530 845/845 721/721
f 1530/1530 721/721 1496/1496
f 287/287 288/288 584/584
f 287/287 584/584 600/600
f 739/739 1193/1193 1173/1173
f 739/739 1173/1173 479/479
f 320/320 588/588 787/787
f 320/320 787/787 405/405
f 1022/1022 924/924 1140/1140
f 1022/1022 1140/1140 1125/1125
f 1261/1261 1081/1081 1088/1088
f 1261/1261 1088/1088 1253/1253
f 1023/1023 927/927 1141/1141
f 1023/1023 1141/1141 1128/1128
f 1024/1024 925/925 1139/1139
f 1024/1024 1139/1139 1124/1124
f 1025/1025 928/928 1138/1138
f 1025/1025 1138/1138 1127/1127
f 1026/1026 929/929 1137/1137
f 1026/1026 1137/1137 1126/1126
f 69/69 83/83 1149/1149
f 69/69 1149/1149 1144/1144
f 1388/1388 1072/1072 1035/1035
f 1388/1388 1035/1035 1386/1386
f 926/926 1024/1024 1124/1124
f 926/926 1124/1124 1136/1136
f 925/925 1022/1022 1125/1125
f 925/925 1125/1125 1139/1139
f 924/924 1026/1026 1126/1126
f 924/924 1126/1126 1140/1140
f 929/929 1025/1025 1127/1127
f 929/929 1127/1127 1137/1137
f 928/928 1023/1023 1128/1128
f 928/928 1128/1128 1138/1138
f 927/927 1027/1027 1129/1129
f 927/927 1129/1129 1141/1141
f 1222/1222 1151/1151 964/964
f 1104/1104 1123/1123 1136/1136
f 1104/1104 1136/1136 1097/1097
f 623/623 822/822 1118/1118
f 623/623 1118/1118 1105/1105
f 802/802 1018/1018 1172/1172
f 802/802 1172/1172 1117/1117
f 780/780 508/508 1166/1166
f 780/780 1166/1166 1170/1170
f 9/9 1161/1161 1168/1168
f 9/9 1168/1168 218/218
f 25/25 1158/1158 1159/1159
f 25/25 1159/1159 247/247
f 657/657 658/658 674/674
f 657/657 674/674 673/673
f 851/851 979/979 1060/1060
f 851/851 1060/1060 1046/1046
f 69/69 1226/1226 1239/1239
f 69/69 1239/1239 83/83
f 868/868 981/981 1058/1058
f 868/868 1058/1058 1043/1043
f 1152/1152 1222/1222 964/964
f 247/247 1159/1159 1162/1162
f 247/247 1162/1162 5/5
f 790/790 545/545 210/210
f 790/790 210/210 444/444
f 222/222 1160/1160 1169/1169
f 222/222 1169/1169 17/17
f 1217/1217 1178/1178 1185/1185
f 1217/1217 1185/1185 1203/1203
f 1011/1011 746/746 493/493
f 1011/1011 493/493 991/991
f 21/21 1167/1167 1171/1171
f 21/21 1171/1171 242/242
f 419/419 327/327 784/784
f 419/419 784/784 898/898
f 242/242 1171/1171 1158/1158
f 242/242 1158/1158 25/25
f 218/218 1168/1168 1157/1157
f 218/218 1157/1157 13/13
f 13/13 1157/1157 1160/1160
f 13/13 1160/1160 222/222
f 552/552 553/553 570/570
f 552/552 570/570 569/569
f 234/234 1163/1163 1167/1167
f 234/234 1167/1167 21/21
f 591/591 375/375 464/464
f 591/591 464/464 804/804
f 17/17 1169/1169 1163/1163
f 17/17 1163/1163 234/234
f 780/780 1170/1170 1161/1161
f 780/780 1161/1161 9/9
f 1172/1172 1165/1165 507/507
f 1172/1172 507/507 1121/1121
f 1117/1117 1172/1172 1121/1121
f 1117/1117 1121/1121 930/930
f 1393/1393 1074/1074 1038/1038
f 1393/1393 1038/1038 1395/1395
f 1282/1282 1285/1285 81/81
f 1282/1282 81/81 61/61
f 1232/1232 1156/1156 964/964
f 1441/1441 469/469 356/356
f 1441/1441 356/356 1408/1408
f 454/454 300/300 140/140
f 454/454 140/140 198/198
f 549/549 554/554 673/673
f 549/549 673/673 659/659
f 1066/1066 1132/1132 1134/1134
f 1066/1066 1134/1134 1067/1067
f 584/584 288/288 353/353
f 584/584 353/353 669/669
f 862/862 956/956 955/955
f 862/862 955/955 863/863
f 12/12 117/117 145/145
f 12/12 145/145 115/115
f 951/951 1006/1006 986/986
f 951/951 986/986 879/879
f 1013/1013 1015/1015 123/123
f 1013/1013 123/123 4/4
f 466/466 1075/1075 1191/1191
f 466/466 1191/1191 736/736
f 534/534 529/529 600/600
f 534/534 600/600 584/584
f 1195/1195 945/945 1199/1199
f 1195/1195 1199/1199 1324/1324
f 1490/1490 1522/1522 1644/1644
f 1490/1490 1644/1644 1791/1791
f 972/972 1204/1204 1215/1215
f 972/972 1215/1215 944/944
f 1104/1104 1241/1241 1276/1276
f 1104/1104 1276/1276 1123/1123
f 1359/1359 1366/1366 1339/1339
f 1359/1359 1339/1339 1348/1348
f 1400/1400 1532/1532 1841/1841
f 1400/1400 1841/1841 1616/1616
f 1481/1481 1511/1511 621/621
f 1481/1481 621/621 533/533
f 944/944 971/971 964/964
f 375/375 465/465 144/144
f 375/375 144/144 464/464
f 313/313 196/196 5/5
f 313/313 5/5 282/282
f 876/876 947/947 948/948
f 876/876 948/948 875/875
f 1001/1001 851/851 1046/1046
f 1001/1001 1046/1046 1062/1062
f 97/97 143/143 167/167
f 97/97 167/167 152/152
f 378/378 595/595 982/982
f 378/378 982/982 869/869
f 445/445 948/948 874/874
f 445/445 874/874 212/212
f 1215/1215 1176/1176 1187/1187
f 1215/1215 1187/1187 1205/1205
f 1184/1184 711/711 782/782
f 1184/1184 782/782 1178/1178
f 317/317 318/318 1003/1003
f 317/317 1003/1003 1004/1004
f 1268/1268 1256/1256 1251/1251
f 1268/1268 1251/1251 1279/1279
f 874/874 948/948 947/947
f 874/874 947/947 873/873
f 1344/1344 1353/1353 1019/1019
f 1344/1344 1019/1019 1044/1044
f 1214/1214 1175/1175 1184/1184
f 1214/1214 1184/1184 1202/1202
f 1175/1175 783/783 711/711
f 1175/1175 711/711 1184/1184
f 219/219 1844/1844 1794/1794
f 219/219 1794/1794 155/155
f 1219/1219 1180/1180 1189/1189
f 1219/1219 1189/1189 1207/1207
f 1008/1008 990/990 991/991
f 1008/1008 991/991 1009/1009
f 1330/1330 964/964 1254/1254
f 693/693 430/430 201/201
f 693/693 201/201 275/275
f 1216/1216 1177/1177 1188/1188
f 1216/1216 1188/1188 1206/1206
f 1339/1339 1350/1350 1034/1034
f 1339/1339 1034/1034 1071/1071
f 194/194 269/269 144/144
f 194/194 144/144 270/270
f 1273/1273 1260/1260 1246/1246
f 1273/1273 1246/1246 1278/1278
f 1281/1281 1253/1253 1264/1264
f 1281/1281 1264/1264 1275/1275
f 425/425 783/783 1175/1175
f 425/425 1175/1175 1182/1182
f 939/939 1218/1218 1204/1204
f 939/939 1204/1204 972/972
f 1463/1463 1428/1428 1654/1654
f 1463/1463 1654/1654 1666/1666
f 172/172 259/259 692/692
f 172/172 692/692 430/430
f 1279/1279 1251/1251 1257/1257
f 1279/1279 1257/1257 1269/1269
f 1270/1270 1258/1258 1245/1245
f 1270/1270 1245/1245 1277/1277
f 966/966 1202/1202 1217/1217
f 966/966 1217/1217 940/940
f 1204/1204 1186/1186 1176/1176
f 1204/1204 1176/1176 1215/1215
f 941/941 1214/1214 1202/1202
f 941/941 1202/1202 966/966
f 1277/1277 1245/1245 1260/1260
f 1277/1277 1260/1260 1273/1273
f 1274/1274 1261/1261 1253/1253
f 1274/1274 1253/1253 1281/1281
f 579/579 1093/1093 1241/1241
f 579/579 1241/1241 1104/1104
f 1079/1079 1265/1265 1295/1295
f 1079/1079 1295/1295 1220/1220
f 1230/1230 1268/1268 1279/1279
f 1230/1230 1279/1279 1152/1152
f 1114/1114 1094/1094 1302/1302
f 1114/1114 1302/1302 1308/1308
f 1164/1164 1265/1265 964/964
f 22/22 134/134 1323/1323
f 22/22 1323/1323 1312/1312
f 1265/1265 1164/1164 1266/1266
f 1265/1265 1266/1266 1295/1295
f 1366/1366 1362/1362 1350/1350
f 1366/1366 1350/1350 1339/1339
f 1079/1079 1220/1220 1384/1384
f 1079/1079 1384/1384 1354/1354
f 613/613 1233/1233 1259/1259
f 613/613 1259/1259 889/889
f 14/14 120/120 1300/1300
f 14/14 1300/1300 1297/1297
f 887/887 1237/1237 1229/1229
f 887/887 1229/1229 846/846
f 846/846 1229/1229 1240/1240
f 846/846 1240/1240 886/886
f 847/847 1271/1271 1237/1237
f 847/847 1237/1237 887/887
f 884/884 1242/1242 1234/1234
f 884/884 1234/1234 835/835
f 209/209 880/880 954/954
f 209/209 954/954 443/443
f 237/237 33/33 1292/1292
f 237/237 1292/1292 1285/1285
f 1118/1118 1103/1103 1301/1301
f 1118/1118 1301/1301 1304/1304
f 40/40 279/279 1294/1294
f 40/40 1294/1294 1290/1290
f 317/317 958/958 957/957
f 317/317 957/957 318/318
f 18/18 130/130 1306/1306
f 18/18 1306/1306 1315/1315
f 837/837 1255/1255 1249/1249
f 837/837 1249/1249 885/885
f 26/26 138/138 1299/1299
f 26/26 1299/1299 1298/1298
f 1069/1069 1/1 1286/1286
f 1069/1069 1286/1286 1293/1293
f 1222/1222 1269/1269 1280/1280
f 1222/1222 1280/1280 1151/1151
f 1247/1247 964/964 1325/1325
f 1119/1119 1105/1105 1321/1321
f 1119/1119 1321/1321 1322/1322
f 888/888 1272/1272 1271/1271
f 888/888 1271/1271 847/847
f 29/29 237/237 1285/1285
f 29/29 1285/1285 1282/1282
f 882/882 1267/1267 1272/1272
f 882/882 1272/1272 888/888
f 1523/1523 831/831 628/628
f 1523/1523 628/628 1488/1488
f 1153/1153 1276/1276 1268/1268
f 1153/1153 1268/1268 1230/1230
f 492/492 1183/1183 1196/1196
f 492/492 1196/1196 741/741
f 889/889 1259/1259 1267/1267
f 889/889 1267/1267 882/882
f 1329/1329 1247/1247 1368/1368
f 1329/1329 1368/1368 1357/1357
f 836/836 1262/1262 1242/1242
f 836/836 1242/1242 884/884
f 691/691 10/10 1303/1303
f 691/691 1303/1303 1319/1319
f 1151/1151 1280/1280 1270/1270
f 1151/1151 1270/1270 1232/1232
f 885/885 1249/1249 1262/1262
f 885/885 1262/1262 836/836
f 1275/1275 1264/1264 609/609
f 1275/1275 609/609 1266/1266
f 1120/1120 1112/1112 1320/1320
f 1120/1120 1320/1320 1317/1317
f 1/1 230/230 1291/1291
f 1/1 1291/1291 1286/1286
f 1152/1152 1279/1279 1269/1269
f 1152/1152 1269/1269 1222/1222
f 138/138 7/7 1305/1305
f 138/138 1305/1305 1299/1299
f 1424/1424 1461/1461 1812/1812
f 1424/1424 1812/1812 1817/1817
f 886/886 1240/1240 1255/1255
f 886/886 1255/1255 837/837
f 1156/1156 1277/1277 1273/1273
f 1156/1156 1273/1273 1231/1231
f 256/256 40/40 1290/1290
f 256/256 1290/1290 1287/1287
f 130/130 22/22 1312/1312
f 130/130 1312/1312 1306/1306
f 942/942 1219/1219 1207/1207
f 942/942 1207/1207 973/973
f 835/835 1234/1234 1223/1223
f 835/835 1223/1223 883/883
f 890/890 883/883 1223/1223
f 890/890 1223/1223 893/893
f 1192/1192 1390/1390 1387/1387
f 1192/1192 1387/1387 1075/1075
f 1309/1309 964/964 1354/1354
f 1354/1354 1384/1384 1355/1355
f 1354/1354 1355/1355 1309/1309
f 467/467 907/907 1349/1349
f 467/467 1349/1349 1332/1332
f 901/901 796/796 1328/1328
f 901/901 1328/1328 1335/1335
f 796/796 900/900 1336/1336
f 796/796 1336/1336 1328/1328
f 797/797 901/901 1335/1335
f 797/797 1335/1335 1360/1360
f 898/898 784/784 1333/1333
f 898/898 1333/1333 1338/1338
f 132/132 1374/1374 1381/1381
f 132/132 1381/1381 34/34
f 1196/1196 1388/1388 1386/1386
f 1196/1196 1386/1386 1181/1181
f 45/45 1379/1379 1383/1383
f 45/45 1383/1383 151/151
f 786/786 899/899 1341/1341
f 786/786 1341/1341 1345/1345
f 1016/1016 1382/1382 1375/1375
f 1016/1016 1375/1375 2/2
f 1325/1325 1244/1244 1369/1369
f 1325/1325 1369/1369 1358/1358
f 1197/1197 1397/1397 1396/1396
f 1197/1197 1396/1396 1183/1183
f 902/902 797/797 1360/1360
f 902/902 1360/1360 1361/1361
f 30/30 1371/1371 1374/1374
f 30/30 1374/1374 132/132
f 881/881 902/902 1361/1361
f 881/881 1361/1361 1356/1356
f 1248/1248 1329/1329 1357/1357
f 1248/1248 1357/1357 1365/1365
f 907/907 881/881 1356/1356
f 907/907 1356/1356 1349/1349
f 785/785 898/898 1338/1338
f 785/785 1338/1338 1352/1352
f 1244/1244 1331/1331 1359/1359
f 1244/1244 1359/1359 1369/1369
f 899/899 785/785 1352/1352
f 899/899 1352/1352 1341/1341
f 1364/1364 1355/1355 461/461
f 1364/1364 461/461 1353/1353
f 1198/1198 1393/1393 1395/1395
f 1198/1198 1395/1395 1190/1190
f 2/2 1375/1375 1380/1380
f 2/2 1380/1380 127/127
f 1247/1247 1325/1325 1358/1358
f 1247/1247 1358/1358 1368/1368
f 900/900 786/786 1345/1345
f 900/900 1345/1345 1336/1336
f 1263/1263 1330/1330 1362/1362
f 1263/1263 1362/1362 1366/1366
f 142/142 1376/1376 1379/1379
f 142/142 1379/1379 45/45
f 784/784 897/897 1326/1326
f 784/784 1326/1326 1333/1333
f 908/908 911/911 1326/1326
f 908/908 1326/1326 897/897
f 169/169 1633/1633 1578/1578
f 169/169 1578/1578 238/238
f 434/434 1624/1624 1623/1623
f 434/434 1623/1623 348/348
f 219/219 154/154 1569/1569
f 219/219 1569/1569 1844/1844
f 319/319 1719/1719 1757/1757
f 319/319 1757/1757 405/405
f 155/155 1794/1794 1797/1797
f 155/155 1797/1797 220/220
f 403/403 1739/1739 1837/1837
f 403/403 1837/1837 316/316
f 1590/1590 1593/1593 386/386
f 1590/1590 386/386 285/285
f 1738/1738 1740/1740 1564/1564
f 1738/1738 1564/1564 1748/1748
f 170/170 1655/1655 1793/1793
f 170/170 1793/1793 257/257
f 1717/1717 1720/1720 1842/1842
f 1717/1717 1842/1842 1851/1851
f 1823/1823 1670/1670 258/258
f 1823/1823 258/258 171/171
f 268/268 1768/1768 1583/1583
f 268/268 1583/1583 186/186
f 1782/1782 1681/1681 1680/1680
f 1782/1782 1680/1680 1598/1598
f 1665/1665 1763/1763 1544/1544
f 1665/1665 1544/1544 1541/1541
f 1627/1627 1575/1575 1577/1577
f 1627/1627 1577/1577 1632/1632
f 1859/1859 1625/1625 1800/1800
f 1859/1859 1800/1800 1678/1678
f 387/387 289/289 1562/1562
f 387/387 1562/1562 1715/1715
f 1600/1600 1815/1815 1546/1546
f 1600/1600 1546/1546 1603/1603
f 1726/1726 1856/1856 385/385
f 1726/1726 385/385 284/284
f 1687/1687 1685/1685 1755/1755
f 1687/1687 1755/1755 1831/1831
f 291/291 1751/1751 1759/1759
f 291/291 1759/1759 389/389
f 1594/1594 1765/1765 1651/1651
f 1594/1594 1651/1651 1647/1647
f 1743/1743 1847/1847 1767/1767
f 1743/1743 1767/1767 1825/1825
f 229/229 1832/1832 1674/1674
f 229/229 1674/1674 158/158
f 1685/1685 1745/1745 1752/1752
f 1685/1685 1752/1752 1755/1755
f 1643/1643 1645/1645 1760/1760
f 1643/1643 1760/1760 1790/1790
f 385/385 1856/1856 1774/1774
f 385/385 1774/1774 105/105
f 1586/1586 1828/1828 1811/1811
f 1586/1586 1811/1811 1758/1758
f 1828/1828 1620/1620 1689/1689
f 1828/1828 1689/1689 1811/1811
f 1805/1805 1728/1728 173/173
f 1805/1805 173/173 265/265
f 320/320 1543/1543 1762/1762
f 320/320 1762/1762 412/412
f 173/173 1728/1728 1604/1604
f 173/173 1604/1604 264/264
f 1536/1536 1725/1725 1727/1727
f 1536/1536 1727/1727 1592/1592
f 1580/1580 1608/1608 1798/1798
f 1580/1580 1798/1798 1582/1582
f 257/257 1793/1793 1633/1633
f 257/257 1633/1633 169/169
f 220/220 1797/1797 1558/1558
f 220/220 1558/1558 157/157
f 105/105 1774/1774 1570/1570
f 105/105 1570/1570 214/214
f 1620/1620 1561/1561 1563/1563
f 1620/1620 1563/1563 1689/1689
f 390/390 1552/1552 1751/1751
f 390/390 1751/1751 291/291
f 1704/1704 1708/1708 1821/1821
f 1704/1704 1821/1821 1661/1661
f 1575/1575 1615/1615 1618/1618
f 1575/1575 1618/1618 1577/1577
f 325/325 1801/1801 1624/1624
f 325/325 1624/1624 434/434
f 290/290 1810/1810 1690/1690
f 290/290 1690/1690 388/388
f 1712/1712 1538/1538 1591/1591
f 1712/1712 1591/1591 1714/1714
f 159/159 1822/1822 1707/1707
f 159/159 1707/1707 236/236
f 404/404 316/316 1837/1837
f 404/404 1837/1837 1843/1843
f 1551/1551 1588/1588 1750/1750
f 1551/1551 1750/1750 1553/1553
f 1697/1697 436/436 348/348
f 1697/1697 348/348 1623/1623
f 1658/1658 1709/1709 1675/1675
f 1658/1658 1675/1675 1672/1672
f 1790/1790 1760/1760 1763/1763
f 1790/1790 1763/1763 1665/1665
f 1809/1809 1833/1833 1557/1557
f 1809/1809 1557/1557 1555/1555
f 1541/1541 1544/1544 1756/1756
f 1541/1541 1756/1756 1735/1735
f 1819/1819 1667/1667 1669/1669
f 1819/1819 1669/1669 1824/1824
f 1731/1731 1600/1600 1603/1603
f 1731/1731 1603/1603 1729/1729
f 214/214 1570/1570 1569/1569
f 214/214 1569/1569 154/154
f 1606/1606 1803/1803 1806/1806
f 1606/1606 1806/1806 1861/1861
f 264/264 1604/1604 1545/1545
f 264/264 1545/1545 172/172
f 426/426 321/321 1761/1761
f 426/426 1761/1761 1646/1646
f 315/315 1565/1565 1739/1739
f 315/315 1739/1739 403/403
f 1847/1847 1551/1551 1553/1553
f 1847/1847 1553/1553 1767/1767
f 1678/1678 1800/1800 1645/1645
f 1678/1678 1645/1645 1643/1643
f 1650/1650 1764/1764 239/239
f 1650/1650 239/239 160/160
f 1652/1652 1629/1629 1792/1792
f 1652/1652 1792/1792 1656/1656
f 1693/1693 1612/1612 1769/1769
f 1693/1693 1769/1769 1694/1694
f 1524/1524 839/839 637/637
f 1524/1524 637/637 1491/1491
f 1432/1432 1403/1403 1691/1691
f 1432/1432 1691/1691 1784/1784
f 1407/1407 345/345 458/458
f 1407/1407 458/458 1437/1437
f 1471/1471 1500/1500 604/604
f 1471/1471 604/604 518/518
f 1474/1474 1507/1507 1584/1584
f 1474/1474 1584/1584 1589/1589
f 1494/1494 1527/1527 1733/1733
f 1494/1494 1733/1733 1718/1718
f 1515/1515 1399/1399 1770/1770
f 1515/1515 1770/1770 1852/1852
f 1531/1531 1497/1497 1834/1834
f 1531/1531 1834/1834 1736/1736
f 1449/1449 503/503 364/364
f 1449/1449 364/364 1417/1417
f 1495/1495 700/700 841/841
f 1495/1495 841/841 1526/1526
f 1526/1526 841/841 647/647
f 1526/1526 647/647 1493/1493
f 1473/1473 1502/1502 606/606
f 1473/1473 606/606 520/520
f 1465/1465 1429/1429 581/581
f 1465/1465 581/581 795/795
f 1408/1408 356/356 460/460
f 1408/1408 460/460 1439/1439
f 1477/1477 1506/1506 615/615
f 1477/1477 615/615 524/524
f 1415/1415 362/362 490/490
f 1415/1415 490/490 1444/1444
f 1430/1430 1465/1465 795/795
f 1430/1430 795/795 583/583
f 1496/1496 721/721 843/843
f 1496/1496 843/843 1528/1528
f 1423/1423 1456/1456 1602/1602
f 1423/1423 1602/1602 1730/1730
f 1436/1436 1405/1405 1597/1597
f 1436/1436 1597/1597 1596/1596
f 1506/1506 1475/1475 522/522
f 1506/1506 522/522 615/615
f 1493/1493 647/647 839/839
f 1493/1493 839/839 1524/1524
f 1403/1403 1450/1450 1613/1613
f 1403/1403 1613/1613 1691/1691
f 1464/1464 1431/1431 1626/1626
f 1464/1464 1626/1626 1631/1631
f 1476/1476 1508/1508 1621/1621
f 1476/1476 1621/1621 1829/1829
f 1420/1420 1453/1453 776/776
f 1420/1420 776/776 497/497
f 1470/1470 1503/1503 1741/1741
f 1470/1470 1741/1741 1746/1746
f 1455/1455 1423/1423 1730/1730
f 1455/1455 1730/1730 1802/1802
f 1461/1461 1427/1427 1818/1818
f 1461/1461 1818/1818 1812/1812
f 1425/1425 1457/1457 789/789
f 1425/1425 789/789 546/546
f 1815/1815 1813/1813 1547/1547
f 1815/1815 1547/1547 1546/1546
f 1513/1513 1480/1480 1481/1481
f 1513/1513 1481/1481 1512/1512
f 1507/1507 1474/1474 1475/1475
f 1507/1507 1475/1475 1506/1506
f 1437/1437 1404/1404 1405/1405
f 1437/1437 1405/1405 1436/1436
f 1421/1421 1452/1452 1453/1453
f 1421/1421 1453/1453 1420/1420
f 1419/1419 1450/1450 1451/1451
f 1419/1419 1451/1451 1418/1418
f 1479/1479 1508/1508 1509/1509
f 1479/1479 1509/1509 1478/1478
f 1431/1431 1464/1464 1465/1465
f 1431/1431 1465/1465 1430/1430
f 1487/1487 1516/1516 1518/1518
f 1487/1487 1518/1518 1486/1486
f 1441/1441 1408/1408 1409/1409
f 1441/1441 1409/1409 1440/1440
f 1493/1493 1524/1524 1525/1525
f 1493/1493 1525/1525 1492/1492
f 1464/1464 1428/1428 1429/1429
f 1464/1464 1429/1429 1465/1465
f 1523/1523 1488/1488 1489/1489
f 1523/1523 1489/1489 1522/1522
f 1501/1501 1458/1458 1459/1459
f 1501/1501 1459/1459 1500/1500
f 1417/1417 1446/1446 1447/1447
f 1417/1417 1447/1447 1416/1416
f 1480/1480 1510/1510 1511/1511
f 1480/1480 1511/1511 1481/1481
f 1495/1495 1526/1526 1527/1527
f 1495/1495 1527/1527 1494/1494
f 1503/1503 1470/1470 1471/1471
f 1503/1503 1471/1471 1502/1502
f 1499/1499 1530/1530 1531/1531
f 1499/1499 1531/1531 1498/1498
f 1415/1415 1444/1444 1445/1445
f 1415/1415 1445/1445 1414/1414
f 1407/1407 1437/1437 1436/1436
f 1407/1407 1436/1436 1406/1406
f 1449/1449 1417/1417 1416/1416
f 1449/1449 1416/1416 1448/1448
f 1446/1446 1415/1415 1414/1414
f 1446/1446 1414/1414 1447/1447
f 1455/1455 1421/1421 1420/1420
f 1455/1455 1420/1420 1454/1454
f 1413/1413 1442/1442 1443/1443
f 1413/1413 1443/1443 1412/1412
f 1411/1411 1441/1441 1440/1440
f 1411/1411 1440/1440 1410/1410
f 1461/1461 1424/1424 1425/1425
f 1461/1461 1425/1425 1460/1460
f 1427/1427 1461/1461 1460/1460
f 1427/1427 1460/1460 1426/1426
f 1484/1484 1513/1513 1512/1512
f 1484/1484 1512/1512 1482/1482
f 1533/1533 1499/1499 1498/1498
f 1533/1533 1498/1498 1532/1532
f 1505/1505 1472/1472 1473/1473
f 1505/1505 1473/1473 1504/1504
f 1526/1526 1493/1493 1492/1492
f 1526/1526 1492/1492 1527/1527
f 1434/1434 1402/1402 1403/1403
f 1434/1434 1403/1403 1432/1432
f 1423/1423 1455/1455 1454/1454
f 1423/1423 1454/1454 1422/1422
f 1530/1530 1496/1496 1497/1497
f 1530/1530 1497/1497 1531/1531
f 1496/1496 1528/1528 1529/1529
f 1496/1496 1529/1529 1497/1497
f 1508/1508 1476/1476 1477/1477
f 1508/1508 1477/1477 1509/1509
f 1404/1404 1435/1435 1433/1433
f 1404/1404 1433/1433 1405/1405
f 1439/1439 1407/1407 1406/1406
f 1439/1439 1406/1406 1438/1438
f 1408/1408 1439/1439 1438/1438
f 1408/1408 1438/1438 1409/1409
f 1515/1515 1485/1485 1483/1483
f 1515/1515 1483/1483 1514/1514
f 1474/1474 1505/1505 1504/1504
f 1474/1474 1504/1504 1475/1475
f 1476/1476 1507/1507 1506/1506
f 1476/1476 1506/1506 1477/1477
f 1472/1472 1503/1503 1502/1502
f 1472/1472 1502/1502 1473/1473
f 1424/1424 1456/1456 1457/1457
f 1424/1424 1457/1457 1425/1425
f 1442/1442 1411/1411 1410/1410
f 1442/1442 1410/1410 1443/1443
f 1469/1469 1431/1431 1430/1430
f 1469/1469 1430/1430 1467/1467
f 1470/1470 1501/1501 1500/1500
f 1470/1470 1500/1500 1471/1471
f 1463/1463 1427/1427 1426/1426
f 1463/1463 1426/1426 1462/1462
f 1510/1510 1479/1479 1478/1478
f 1510/1510 1478/1478 1511/1511
f 1401/1401 1533/1533 1532/1532
f 1401/1401 1532/1532 1400/1400
f 1488/1488 1520/1520 1521/1521
f 1488/1488 1521/1521 1489/1489
f 1528/1528 1495/1495 1494/1494
f 1528/1528 1494/1494 1529/1529
f 1491/1491 1523/1523 1522/1522
f 1491/1491 1522/1522 1490/1490
f 1456/1456 1423/1423 1422/1422
f 1456/1456 1422/1422 1457/1457
f 1444/1444 1413/1413 1412/1412
f 1444/1444 1412/1412 1445/1445
f 1452/1452 1419/1419 1418/1418
f 1452/1452 1418/1418 1453/1453
f 1399/1399 1515/1515 1514/1514
f 1399/1399 1514/1514 1398/1398
f 1524/1524 1491/1491 1490/1490
f 1524/1524 1490/1490 1525/1525
f 1520/1520 1487/1487 1486/1486
f 1520/1520 1486/1486 1521/1521
f 1428/1428 1463/1463 1462/1462
f 1428/1428 1462/1462 1429/1429
f 1517/1517 1459/1459 1458/1458
f 1517/1517 1458/1458 1519/1519
f 1450/1450 1403/1403 1402/1402
f 1450/1450 1402/1402 1451/1451
f 1398/1398 1449/1449 1448/1448
f 1398/1398 1448/1448 1399/1399
f 1400/1400 1468/1468 1466/1466
f 1400/1400 1466/1466 1401/1401
f 1535/1535 1537/1537 1539/1539
f 1535/1535 1539/1539 1534/1534
f 1546/1546 1547/1547 1548/1548
f 1546/1546 1548/1548 1545/1545
f 1565/1565 1566/1566 1567/1567
f 1565/1565 1567/1567 1564/1564
f 1569/1569 1570/1570 1571/1571
f 1569/1569 1571/1571 1568/1568
f 1585/1585 1587/1587 1589/1589
f 1585/1585 1589/1589 1584/1584
f 1591/1591 1592/1592 1593/1593
f 1591/1591 1593/1593 1590/1590
f 1596/1596 1597/1597 1599/1599
f 1596/1596 1599/1599 1595/1595
f 1607/1607 1609/1609 1610/1610
f 1607/1607 1610/1610 1605/1605
f 1581/1581 1611/1611 1613/1613
f 1581/1581 1613/1613 1579/1579
f 1560/1560 1619/1619 1621/1621
f 1560/1560 1621/1621 1559/1559
f 1623/1623 1624/1624 1625/1625
f 1623/1623 1625/1625 1622/1622
f 1628/1628 1630/1630 1631/1631
f 1628/1628 1631/1631 1626/1626
f 1636/1636 1637/1637 1639/1639
f 1636/1636 1639/1639 1634/1634
f 1659/1659 1660/1660 1662/1662
f 1659/1659 1662/1662 1657/1657
f 1542/1542 1663/1663 1664/1664
f 1542/1542 1664/1664 1540/1540
f 1630/1630 1653/1653 1654/1654
f 1630/1630 1654/1654 1631/1631
f 1644/1644 1676/1676 1677/1677
f 1644/1644 1677/1677 1642/1642
f 1680/1680 1681/1681 1682/1682
f 1680/1680 1682/1682 1679/1679
f 1684/1684 1686/1686 1688/1688
f 1684/1684 1688/1688 1683/1683
f 1700/1700 1701/1701 1702/1702
f 1700/1700 1702/1702 1698/1698
f 1675/1675 1709/1709 1710/1710
f 1675/1675 1710/1710 1674/1674
f 1537/1537 1711/1711 1713/1713
f 1537/1537 1713/1713 1539/1539
f 1718/1718 1733/1733 1734/1734
f 1718/1718 1734/1734 1716/1716
f 1742/1742 1744/1744 1746/1746
f 1742/1742 1746/1746 1741/1741
f 1749/1749 1736/1736 1737/1737
f 1749/1749 1737/1737 1747/1747
f 1751/1751 1552/1552 1553/1553
f 1751/1751 1553/1553 1750/1750
f 1695/1695 1682/1682 1681/1681
f 1695/1695 1681/1681 1694/1694
f 1563/1563 1714/1714 1715/1715
f 1563/1563 1715/1715 1562/1562
f 1753/1753 1754/1754 1755/1755
f 1753/1753 1755/1755 1752/1752
f 1720/1720 1756/1756 1757/1757
f 1720/1720 1757/1757 1719/1719
f 1750/1750 1758/1758 1759/1759
f 1750/1750 1759/1759 1751/1751
f 1761/1761 1762/1762 1763/1763
f 1761/1761 1763/1763 1760/1760
f 1622/1622 1696/1696 1697/1697
f 1622/1622 1697/1697 1623/1623
f 1679/1679 1764/1764 1765/1765
f 1679/1679 1765/1765 1680/1680
f 1767/1767 1553/1553 1552/1552
f 1767/1767 1552/1552 1766/1766
f 1777/1777 1778/1778 1779/1779
f 1777/1777 1779/1779 1775/1775
f 1649/1649 1596/1596 1595/1595
f 1649/1649 1595/1595 1648/1648
f 1788/1788 1700/1700 1698/1698
f 1788/1788 1698/1698 1786/1786
f 1651/1651 1765/1765 1764/1764
f 1651/1651 1764/1764 1650/1650
f 1650/1650 1707/1707 1708/1708
f 1650/1650 1708/1708 1651/1651
f 1583/1583 1768/1768 1769/1769
f 1583/1583 1769/1769 1582/1582
f 1795/1795 1796/1796 1797/1797
f 1795/1795 1797/1797 1794/1794
f 1701/1701 1777/1777 1775/1775
f 1701/1701 1775/1775 1702/1702
f 1582/1582 1798/1798 1799/1799
f 1582/1582 1799/1799 1583/1583
f 1804/1804 1607/1607 1605/1605
f 1804/1804 1605/1605 1802/1802
f 1556/1556 1807/1807 1808/1808
f 1556/1556 1808/1808 1554/1554
f 1673/1673 1659/1659 1657/1657
f 1673/1673 1657/1657 1671/1671
f 1811/1811 1689/1689 1690/1690
f 1811/1811 1690/1690 1810/1810
f 1656/1656 1792/1792 1793/1793
f 1656/1656 1793/1793 1655/1655
f 1814/1814 1816/1816 1817/1817
f 1814/1814 1817/1817 1812/1812
f 1820/1820 1814/1814 1812/1812
f 1820/1820 1812/1812 1818/1818
f 1562/1562 1690/1690 1689/1689
f 1562/1562 1689/1689 1563/1563
f 1822/1822 1710/1710 1709/1709
f 1822/1822 1709/1709 1821/1821
f 1824/1824 1669/1669 1670/1670
f 1824/1824 1670/1670 1823/1823
f 1752/1752 1825/1825 1826/1826
f 1752/1752 1826/1826 1753/1753
f 1831/1831 1755/1755 1754/1754
f 1831/1831 1754/1754 1830/1830
f 1674/1674 1832/1832 1833/1833
f 1674/1674 1833/1833 1675/1675
f 1810/1810 1759/1759 1758/1758
f 1810/1810 1758/1758 1811/1811
f 1723/1723 1535/1535 1534/1534
f 1723/1723 1534/1534 1721/1721
f 1841/1841 1749/1749 1747/1747
f 1841/1841 1747/1747 1839/1839
f 1823/1823 1548/1548 1547/1547
f 1823/1823 1547/1547 1824/1824
f 1590/1590 1715/1715 1714/1714
f 1590/1590 1714/1714 1591/1591
f 1838/1838 1842/1842 1843/1843
f 1838/1838 1843/1843 1837/1837
f 1794/1794 1844/1844 1845/1845
f 1794/1794 1845/1845 1795/1795
f 1550/1550 1846/1846 1848/1848
f 1550/1550 1848/1848 1549/1549
f 1733/1733 1542/1542 1540/1540
f 1733/1733 1540/1540 1734/1734
f 1784/1784 1691/1691 1692/1692
f 1784/1784 1692/1692 1781/1781
f 1732/1732 1804/1804 1802/1802
f 1732/1732 1802/1802 1730/1730
f 1736/1736 1834/1834 1835/1835
f 1736/1736 1835/1835 1737/1737
f 1633/1633 1793/1793 1792/1792
f 1633/1633 1792/1792 1632/1632
f 1834/1834 1849/1849 1850/1850
f 1834/1834 1850/1850 1835/1835
f 1544/1544 1763/1763 1762/1762
f 1544/1544 1762/1762 1543/1543
f 1619/1619 1827/1827 1829/1829
f 1619/1619 1829/1829 1621/1621
f 1632/1632 1577/1577 1578/1578
f 1632/1632 1578/1578 1633/1633
f 1729/1729 1603/1603 1604/1604
f 1729/1729 1604/1604 1728/1728
f 1728/1728 1805/1805 1806/1806
f 1728/1728 1806/1806 1729/1729
f 1597/1597 1785/1785 1783/1783
f 1597/1597 1783/1783 1599/1599
f 1568/1568 1845/1845 1844/1844
f 1568/1568 1844/1844 1569/1569
f 1558/1558 1797/1797 1796/1796
f 1558/1558 1796/1796 1557/1557
f 1837/1837 1739/1739 1740/1740
f 1837/1837 1740/1740 1838/1838
f 1706/1706 1649/1649 1648/1648
f 1706/1706 1648/1648 1705/1705
f 1660/1660 1706/1706 1705/1705
f 1660/1660 1705/1705 1662/1662
f 1564/1564 1740/1740 1739/1739
f 1564/1564 1739/1739 1565/1565
f 1853/1853 1724/1724 1722/1722
f 1853/1853 1722/1722 1852/1852
f 1727/1727 1855/1855 1856/1856
f 1727/1727 1856/1856 1726/1726
f 1587/1587 1550/1550 1549/1549
f 1587/1587 1549/1549 1589/1589
f 1719/1719 1843/1843 1842/1842
f 1719/1719 1842/1842 1720/1720
f 1726/1726 1593/1593 1592/1592
f 1726/1726 1592/1592 1727/1727
f 1827/1827 1585/1585 1584/1584
f 1827/1827 1584/1584 1829/1829
f 1846/1846 1742/1742 1741/1741
f 1846/1846 1741/1741 1848/1848
f 1816/1816 1601/1601 1602/1602
f 1816/1816 1602/1602 1817/1817
f 1807/1807 1673/1673 1671/1671
f 1807/1807 1671/1671 1808/1808
f 1576/1576 1628/1628 1626/1626
f 1576/1576 1626/1626 1573/1573
f 1545/1545 1604/1604 1603/1603
f 1545/1545 1603/1603 1546/1546
f 1760/1760 1645/1645 1646/1646
f 1760/1760 1646/1646 1761/1761
f 1744/1744 1684/1684 1683/1683
f 1744/1744 1683/1683 1746/1746
f 1668/1668 1820/1820 1818/1818
f 1668/1668 1818/1818 1666/1666
f 1711/1711 1560/1560 1559/1559
f 1711/1711 1559/1559 1713/1713
f 1616/1616 1841/1841 1839/1839
f 1616/1616 1839/1839 1614/1614
f 1676/1676 1857/1857 1858/1858
f 1676/1676 1858/1858 1677/1677
f 1849/1849 1718/1718 1716/1716
f 1849/1849 1716/1716 1850/1850
f 1791/1791 1644/1644 1642/1642
f 1791/1791 1642/1642 1789/1789
f 1766/1766 1826/1826 1825/1825
f 1766/1766 1825/1825 1767/1767
f 1557/1557 1833/1833 1832/1832
f 1557/1557 1832/1832 1558/1558
f 1601/1601 1732/1732 1730/1730
f 1601/1601 1730/1730 1602/1602
f 1778/1778 1556/1556 1554/1554
f 1778/1778 1554/1554 1779/1779
f 1655/1655 1670/1670 1669/1669
f 1655/1655 1669/1669 1656/1656
f 1801/1801 1646/1646 1645/1645
f 1801/1801 1645/1645 1800/1800
f 1543/1543 1757/1757 1756/1756
f 1543/1543 1756/1756 1544/1544
f 1821/1821 1708/1708 1707/1707
f 1821/1821 1707/1707 1822/1822
f 1609/1609 1581/1581 1579/1579
f 1609/1609 1579/1579 1610/1610
f 1771/1771 1853/1853 1852/1852
f 1771/1771 1852/1852 1770/1770
f 1800/1800 1625/1625 1624/1624
f 1800/1800 1624/1624 1801/1801
f 1663/1663 1791/1791 1789/1789
f 1663/1663 1789/1789 1664/1664
f 1774/1774 1856/1856 1855/1855
f 1774/1774 1855/1855 1773/1773
f 1861/1861 1806/1806 1805/1805
f 1861/1861 1805/1805 1860/1860
f 1857/1857 1636/1636 1634/1634
f 1857/1857 1634/1634 1858/1858
f 1653/1653 1668/1668 1666/1666
f 1653/1653 1666/1666 1654/1654
f 1618/1618 1567/1567 1566/1566
f 1618/1618 1566/1566 1617/1617
f 1830/1830 1697/1697 1696/1696
f 1830/1830 1696/1696 1831/1831
f 1638/1638 1688/1688 1686/1686
f 1638/1638 1686/1686 1640/1640
f 1860/1860 1799/1799 1798/1798
f 1860/1860 1798/1798 1861/1861
f 1694/1694 1769/1769 1768/1768
f 1694/1694 1768/1768 1695/1695
f 1611/1611 1692/1692 1691/1691
f 1611/1611 1691/1691 1613/1613
f 1773/1773 1571/1571 1570/1570
f 1773/1773 1570/1570 1774/1774
f 1770/1770 1788/1788 1786/1786
f 1770/1770 1786/1786 1771/1771
f 1614/1614 1574/1574 1572/1572
f 1614/1614 1572/1572 1616/1616
f 1617/1617 1578/1578 1577/1577
f 1617/1617 1577/1577 1618/1618
f 1399/1399 1448/1448 1788/1788
f 1399/1399 1788/1788 1770/1770
f 2061/2061 2885/2885 3683/3683
f 2061/2061 3683/3683 2917/2917
f 2885/2885 2060/2060 2910/2910
f 2885/2885 2910/2910 3683/3683
f 3683/3683 2910/2910 1862/1862
f 3683/3683 1862/1862 2474/2474
f 2917/2917 3683/3683 2474/2474
f 2917/2917 2474/2474 1864/1864
f 2062/2062 2886/2886 3684/3684
f 2062/2062 3684/3684 2919/2919
f 2886/2886 2061/2061 2917/2917
f 2886/2886 2917/2917 3684/3684
f 3684/3684 2917/2917 1864/1864
f 3684/3684 1864/1864 2475/2475
f 2919/2919 3684/3684 2475/2475
f 2919/2919 2475/2475 1865/1865
f 2063/2063 2887/2887 3685/3685
f 2063/2063 3685/3685 2921/2921
f 2887/2887 2062/2062 2919/2919
f 2887/2887 2919/2919 3685/3685
f 3685/3685 2919/2919 1865/1865
f 3685/3685 1865/1865 2476/2476
f 2921/2921 3685/3685 2476/2476
f 2921/2921 2476/2476 1866/1866
f 2064/2064 2888/2888 3686/3686
f 2064/2064 3686/3686 2923/2923
f 2888/2888 2063/2063 2921/2921
f 2888/2888 2921/2921 3686/3686
f 3686/3686 2921/2921 1866/1866
f 3686/3686 1866/1866 2477/2477
f 2923/2923 3686/3686 2477/2477
f 2923/2923 2477/2477 1867/1867
f 2065/2065 2889/2889 3687/3687
f 2065/2065 3687/3687 2925/2925
f 2889/2889 2064/2064 2923/2923
f 2889/2889 2923/2923 3687/3687
f 3687/3687 2923/2923 1867/1867
f 3687/3687 1867/1867 2478/2478
f 2925/2925 3687/3687 2478/2478
f 2925/2925 2478/2478 1868/1868
f 2066/2066 2890/2890 3688/3688
f 2066/2066 3688/3688 2927/2927
f 2890/2890 2065/2065 2925/2925
f 2890/2890 2925/2925 3688/3688
f 3688/3688 2925/2925 1868/1868
f 3688/3688 1868/1868 2479/2479
f 2927/2927 3688/3688 2479/2479
f 2927/2927 2479/2479 1869/1869
f 2068/2068 2891/2891 3689/3689
f 2068/2068 3689/3689 2931/2931
f 2891/2891 2066/2066 2927/2927
f 2891/2891 2927/2927 3689/3689
f 3689/3689 2927/2927 1869/1869
f 3689/3689 1869/1869 2480/2480
f 2931/2931 3689/3689 2480/2480
f 2931/2931 2480/2480 1871/1871
f 2560/2560 4133/4133 5742/5742
f 2560/2560 5742/5742 4023/4023
f 5827/5827 5880/5880 6165/6165
f 5827/5827 6165/6165 5941/5941
f 2689/2689 4129/4129 4892/4892
f 2689/2689 4892/4892 4162/4162
f 2769/2769 4276/4276 5806/5806
f 2769/2769 5806/5806 4948/4948
f 5144/5144 5071/5071 5123/5123
f 5144/5144 5123/5123 5608/5608
f 3839/3839 2533/2533 3972/3972
f 3839/3839 3972/3972 4990/4990
f 5604/5604 5607/5607 5140/5140
f 5604/5604 5140/5140 5141/5141
f 5652/5652 5655/5655 5656/5656
f 5652/5652 5656/5656 5653/5653
f 3146/3146 2087/2087 3110/3110
f 3146/3146 3110/3110 4650/4650
f 3374/3374 4635/4635 3413/3413
f 3374/3374 3413/3413 2242/2242
f 4254/4254 2952/2952 1994/1994
f 4254/4254 1994/1994 2984/2984
f 2985/2985 1995/1995 2952/2952
f 2985/2985 2952/2952 4254/4254
f 3410/3410 2301/2301 2800/2800
f 3410/3410 2800/2800 4634/4634
f 2830/2830 2016/2016 3116/3116
f 2830/2830 3116/3116 4651/4651
f 1985/1985 2830/2830 4651/4651
f 1985/1985 4651/4651 3035/3035
f 2892/2892 4254/4254 2984/2984
f 2892/2892 2984/2984 1966/1966
f 3356/3356 4692/4692 3310/3310
f 3356/3356 3310/3310 2197/2197
f 3311/3311 1967/1967 2938/2938
f 3311/3311 2938/2938 4692/4692
f 1971/1971 2985/2985 4254/4254
f 1971/1971 4254/4254 2892/2892
f 5381/5381 5384/5384 5385/5385
f 5381/5381 5385/5385 5382/5382
f 3287/3287 1877/1877 2717/2717
f 3287/3287 2717/2717 4147/4147
f 3244/3244 4149/4149 3287/3287
f 3244/3244 3287/3287 2169/2169
f 2237/2237 3411/3411 4635/4635
f 2237/2237 4635/4635 3374/3374
f 4635/4635 2803/2803 2303/2303
f 4635/4635 2303/2303 3413/3413
f 2810/2810 4282/4282 2933/2933
f 2810/2810 2933/2933 1945/1945
f 6162/6162 6163/6163 5353/5353
f 6162/6162 5353/5353 5354/5354
f 5204/5204 5205/5205 5409/5409
f 5204/5204 5409/5409 5405/5405
f 3577/3577 2359/2359 3674/3674
f 3577/3577 3674/3674 4911/4911
f 4977/4977 5813/5813 4737/4737
f 4977/4977 4737/4737 2898/2898
f 3364/3364 4688/4688 2579/2579
f 3364/3364 2579/2579 2040/2040
f 2596/2596 2052/2052 3199/3199
f 2596/2596 3199/3199 4660/4660
f 4848/4848 2818/2818 2307/2307
f 4848/4848 2307/2307 3530/3530
f 4945/4945 5805/5805 4965/4965
f 4945/4945 4965/4965 3067/3067
f 5097/5097 5096/5096 5371/5371
f 5097/5097 5371/5371 5368/5368
f 5113/5113 5386/5386 5387/5387
f 5113/5113 5387/5387 5111/5111
f 4688/4688 2936/2936 1911/1911
f 4688/4688 1911/1911 2579/2579
f 2024/2024 3399/3399 5691/5691
f 2024/2024 5691/5691 3120/3120
f 5865/5865 6013/6013 5836/5836
f 5865/5865 5836/5836 5816/5816
f 3219/3219 5048/5048 4281/4281
f 3219/3219 4281/4281 2156/2156
f 5555/5555 5558/5558 5559/5559
f 5555/5555 5559/5559 5556/5556
f 3694/3694 4914/4914 3641/3641
f 3694/3694 3641/3641 2436/2436
f 3411/3411 2302/2302 2803/2803
f 3411/3411 2803/2803 4635/4635
f 3434/3434 2281/2281 3519/3519
f 3434/3434 3519/3519 4746/4746
f 5716/5716 3313/3313 2310/2310
f 5716/5716 2310/2310 3784/3784
f 5861/5861 5821/5821 5868/5868
f 5861/5861 5868/5868 6008/6008
f 5840/5840 5841/5841 6139/6139
f 5840/5840 6139/6139 6138/6138
f 1948/1948 2943/2943 4283/4283
f 1948/1948 4283/4283 2811/2811
f 4283/4283 2893/2893 1971/1971
f 4283/4283 1971/1971 2941/2941
f 2285/2285 3437/3437 4748/4748
f 2285/2285 4748/4748 3524/3524
f 6247/6247 6248/6248 6271/6271
f 6247/6247 6271/6271 6270/6270
f 3050/3050 4936/4936 4257/4257
f 3050/3050 4257/4257 4938/4938
f 4795/4795 3230/3230 2172/2172
f 4795/4795 2172/2172 3298/3298
f 5954/5954 6256/6256 6257/6257
f 5954/5954 6257/6257 5953/5953
f 2211/2211 3312/3312 4693/4693
f 2211/2211 4693/4693 3355/3355
f 5640/5640 6149/6149 6150/6150
f 5640/5640 6150/6150 5641/5641
f 3399/3399 2100/2100 3512/3512
f 3399/3399 3512/3512 5691/5691
f 5585/5585 5588/5588 5589/5589
f 5585/5585 5589/5589 5586/5586
f 5042/5042 3724/3724 2030/2030
f 5042/5042 2030/2030 3276/3276
f 3803/3803 2392/2392 3852/3852
f 3803/3803 3852/3852 5009/5009
f 2986/2986 4907/4907 5732/5732
f 2986/2986 5732/5732 4884/4884
f 5163/5163 5284/5284 5285/5285
f 5163/5163 5285/5285 5162/5162
f 5949/5949 6153/6153 6159/6159
f 5949/5949 6159/6159 5950/5950
f 3302/3302 2174/2174 3230/3230
f 3302/3302 3230/3230 4795/4795
f 6138/6138 6139/6139 6250/6250
f 6138/6138 6250/6250 6251/6251
f 5612/5612 5615/5615 5616/5616
f 5612/5612 5616/5616 5613/5613
f 2392/2392 3803/3803 4988/4988
f 2392/2392 4988/4988 3854/3854
f 5000/5000 3849/3849 2469/2469
f 5000/5000 2469/2469 3105/3105
f 2586/2586 3966/3966 4708/4708
f 2586/2586 4708/4708 4000/4000
f 2223/2223 3631/3631 5808/5808
f 2223/2223 5808/5808 4972/4972
f 2213/2213 3314/3314 4694/4694
f 2213/2213 4694/4694 3351/3351
f 3721/3721 5039/5039 3262/3262
f 3721/3721 3262/3262 2028/2028
f 4986/4986 3848/3848 1900/1900
f 4986/4986 1900/1900 3130/3130
f 5823/5823 5851/5851 6026/6026
f 5823/5823 6026/6026 5858/5858
f 2707/2707 4215/4215 2794/2794
f 2707/2707 2794/2794 1874/1874
f 2864/2864 4804/4804 2989/2989
f 2864/2864 2989/2989 1927/1927
f 4075/4075 5797/5797 3874/3874
f 4075/4075 3874/3874 2341/2341
f 5809/5809 4972/4972 2879/2879
f 5809/5809 2879/2879 4732/4732
f 1875/1875 2795/2795 4215/4215
f 1875/1875 4215/4215 2707/2707
f 4796/4796 3737/3737 2444/2444
f 4796/4796 2444/2444 3696/3696
f 5185/5185 5184/5184 5309/5309
f 5185/5185 5309/5309 5305/5305
f 5780/5780 4677/4677 2843/2843
f 5780/5780 2843/2843 4723/4723
f 4042/4042 5749/5749 4179/4179
f 4042/4042 4179/4179 2567/2567
f 6113/6113 6114/6114 5922/5922
f 6113/6113 5922/5922 5923/5923
f 6228/6228 6229/6229 5363/5363
f 6228/6228 5363/5363 5364/5364
f 2796/2796 1919/1919 2744/2744
f 2796/2796 2744/2744 4216/4216
f 2490/2490 3749/3749 4979/4979
f 2490/2490 4979/4979 3890/3890
f 5694/5694 3550/3550 2134/2134
f 5694/5694 2134/2134 3459/3459
f 6084/6084 6085/6085 5871/5871
f 6084/6084 5871/5871 5872/5872
f 1881/1881 2903/2903 4654/4654
f 1881/1881 4654/4654 2829/2829
f 2257/2257 3425/3425 4616/4616
f 2257/2257 4616/4616 3393/3393
f 4660/4660 3199/3199 2141/2141
f 4660/4660 2141/2141 2871/2871
f 5107/5107 5377/5377 5378/5378
f 5107/5107 5378/5378 5108/5108
f 2589/2589 3968/3968 4713/4713
f 2589/2589 4713/4713 4011/4011
f 3965/3965 2575/2575 3994/3994
f 3965/3965 3994/3994 4707/4707
f 4011/4011 4713/4713 3438/3438
f 4011/4011 3438/3438 2286/2286
f 2686/2686 4128/4128 4904/4904
f 2686/2686 4904/4904 4159/4159
f 2934/2934 1928/1928 2864/2864
f 2934/2934 2864/2864 4664/4664
f 6109/6109 5918/5918 5919/5919
f 6109/6109 5919/5919 6112/6112
f 2082/2082 3361/3361 5693/5693
f 2082/2082 5693/5693 3550/3550
f 4000/4000 4708/4708 3434/3434
f 4000/4000 3434/3434 2284/2284
f 2337/2337 3532/3532 4848/4848
f 2337/2337 4848/4848 3499/3499
f 5028/5028 4268/4268 2721/2721
f 5028/5028 2721/2721 3568/3568
f 2675/2675 4124/4124 4863/4863
f 2675/2675 4863/4863 4157/4157
f 5606/5606 5609/5609 5610/5610
f 5606/5606 5610/5610 5607/5607
f 2761/2761 4208/4208 5031/5031
f 2761/2761 5031/5031 4272/4272
f 2645/2645 1936/1936 2895/2895
f 2645/2645 2895/2895 4286/4286
f 4627/4627 5781/5781 4725/4725
f 4627/4627 4725/4725 2819/2819
f 4592/4592 2612/2612 3990/3990
f 4592/4592 3990/3990 5051/5051
f 5239/5239 5669/5669 5670/5670
f 5239/5239 5670/5670 5240/5240
f 5864/5864 5820/5820 5909/5909
f 5864/5864 5909/5909 6089/6089
f 4709/4709 3014/3014 2021/2021
f 4709/4709 2021/2021 3042/3042
f 5845/5845 5818/5818 5942/5942
f 5845/5845 5942/5942 5954/5954
f 2064/2064 2889/2889 3711/3711
f 2064/2064 3711/3711 2922/2922
f 2889/2889 2065/2065 2924/2924
f 2889/2889 2924/2924 3711/3711
f 3711/3711 2924/2924 2095/2095
f 3711/3711 2095/2095 2455/2455
f 2922/2922 3711/3711 2455/2455
f 2922/2922 2455/2455 2094/2094
f 4752/4752 3157/3157 2102/2102
f 4752/4752 2102/2102 3200/3200
f 3249/3249 5018/5018 3184/3184
f 3249/3249 3184/3184 1946/1946
f 4039/4039 2621/2621 4740/4740
f 4039/4039 4740/4740 5789/5789
f 6248/6248 6247/6247 6140/6140
f 6248/6248 6140/6140 5943/5943
f 2404/2404 3807/3807 4991/4991
f 2404/2404 4991/4991 3860/3860
f 6226/6226 6227/6227 6230/6230
f 6226/6226 6230/6230 6229/6229
f 5120/5120 5622/5622 5235/5235
f 5120/5120 5235/5235 5069/5069
f 3524/3524 4748/4748 3472/3472
f 3524/3524 3472/3472 2346/2346
f 5018/5018 3235/3235 1941/1941
f 5018/5018 1941/1941 3184/3184
f 1939/1939 3194/3194 5710/5710
f 1939/1939 5710/5710 2992/2992
f 4286/4286 2895/2895 1973/1973
f 4286/4286 1973/1973 2944/2944
f 5783/5783 4732/4732 2879/2879
f 5783/5783 2879/2879 4762/4762
f 2537/2537 3840/3840 4993/4993
f 2537/2537 4993/4993 3976/3976
f 3673/3673 5703/5703 3632/3632
f 3673/3673 3632/3632 2271/2271
f 1972/1972 2987/2987 4600/4600
f 1972/1972 4600/4600 2893/2893
f 2893/2893 4600/4600 2985/2985
f 2893/2893 2985/2985 1971/1971
f 3561/3561 2380/2380 3680/3680
f 3561/3561 3680/3680 4783/4783
f 4749/4749 3167/3167 2107/2107
f 4749/4749 2107/2107 3177/3177
f 5807/5807 4005/4005 3022/3022
f 5807/5807 3022/3022 4888/4888
f 5686/5686 5362/5362 5080/5080
f 5686/5686 5080/5080 5351/5351
f 2065/2065 2890/2890 3714/3714
f 2065/2065 3714/3714 2924/2924
f 2890/2890 2066/2066 2926/2926
f 2890/2890 2926/2926 3714/3714
f 3714/3714 2926/2926 2096/2096
f 3714/3714 2096/2096 2456/2456
f 2924/2924 3714/3714 2456/2456
f 2924/2924 2456/2456 2095/2095
f 4133/4133 2622/2622 4075/4075
f 4133/4133 4075/4075 5742/5742
f 5241/5241 5075/5075 5221/5221
f 5241/5241 5221/5221 5635/5635
f 2755/2755 4203/4203 5029/5029
f 2755/2755 5029/5029 4270/4270
f 4602/4602 2956/2956 1996/1996
f 4602/4602 1996/1996 2987/2987
f 2256/2256 3420/3420 4631/4631
f 2256/2256 4631/4631 3393/3393
f 4244/4244 2954/2954 4826/4826
f 4244/4244 4826/4826 5791/5791
f 2956/2956 4641/4641 3080/3080
f 2956/2956 3080/3080 1996/1996
f 3393/3393 4631/4631 3423/3423
f 3393/3393 3423/3423 2257/2257
f 2060/2060 2885/2885 3716/3716
f 2060/2060 3716/3716 2913/2913
f 2885/2885 2061/2061 2916/2916
f 2885/2885 2916/2916 3716/3716
f 3716/3716 2916/2916 2091/2091
f 3716/3716 2091/2091 2451/2451
f 2913/2913 3716/3716 2451/2451
f 2913/2913 2451/2451 2090/2090
f 2061/2061 2886/2886 3717/3717
f 2061/2061 3717/3717 2916/2916
f 2886/2886 2062/2062 2918/2918
f 2886/2886 2918/2918 3717/3717
f 3717/3717 2918/2918 2092/2092
f 3717/3717 2092/2092 2452/2452
f 2916/2916 3717/3717 2452/2452
f 2916/2916 2452/2452 2091/2091
f 5289/5289 5173/5173 5172/5172
f 5289/5289 5172/5172 5290/5290
f 5154/5154 5467/5467 5273/5273
f 5154/5154 5273/5273 4905/4905
f 3417/3417 1883/1883 2833/2833
f 3417/3417 2833/2833 4614/4614
f 4079/4079 5796/5796 4234/4234
f 4079/4079 4234/4234 2622/2622
f 3244/3244 4158/4158 3288/3288
f 3244/3244 3288/3288 2170/2170
f 4158/4158 2683/2683 2224/2224
f 4158/4158 2224/2224 3288/3288
f 5285/5285 5288/5288 5169/5169
f 5285/5285 5169/5169 5168/5168
f 4916/4916 5270/5270 5456/5456
f 4916/4916 5456/5456 5152/5152
f 4135/4135 2628/2628 4080/4080
f 4135/4135 4080/4080 5744/5744
f 3256/3256 4784/4784 3636/3636
f 3256/3256 3636/3636 2235/2235
f 4218/4218 2745/2745 1919/1919
f 4218/4218 1919/1919 2796/2796
f 4641/4641 3021/3021 2037/2037
f 4641/4641 2037/2037 3080/3080
f 2066/2066 2891/2891 3720/3720
f 2066/2066 3720/3720 2926/2926
f 2891/2891 2068/2068 2929/2929
f 2891/2891 2929/2929 3720/3720
f 3720/3720 2929/2929 2098/2098
f 3720/3720 2098/2098 2457/2457
f 2926/2926 3720/3720 2457/2457
f 2926/2926 2457/2457 2096/2096
f 4862/4862 4139/4139 2359/2359
f 4862/4862 2359/2359 3577/3577
f 5976/5976 5992/5992 5993/5993
f 5976/5976 5993/5993 5975/5975
f 2169/2169 3286/3286 4158/4158
f 2169/2169 4158/4158 3244/3244
f 3286/3286 2218/2218 2683/2683
f 3286/3286 2683/2683 4158/4158
f 2209/2209 3565/3565 4784/4784
f 2209/2209 4784/4784 3256/3256
f 1877/1877 2798/2798 4218/4218
f 1877/1877 4218/4218 2717/2717
f 3681/3681 4783/4783 3635/3635
f 3681/3681 3635/3635 2413/2413
f 2529/2529 3939/3939 5725/5725
f 2529/2529 5725/5725 4004/4004
f 2062/2062 2887/2887 3723/3723
f 2062/2062 3723/3723 2918/2918
f 2887/2887 2063/2063 2920/2920
f 2887/2887 2920/2920 3723/3723
f 3723/3723 2920/2920 2093/2093
f 3723/3723 2093/2093 2453/2453
f 2918/2918 3723/3723 2453/2453
f 2918/2918 2453/2453 2092/2092
f 5013/5013 3734/3734 2667/2667
f 5013/5013 2667/2667 4102/4102
f 5698/5698 3613/3613 2190/2190
f 5698/5698 2190/2190 3553/3553
f 3259/3259 5025/5025 3192/3192
f 3259/3259 3192/3192 1989/1989
f 3984/3984 4731/4731 3406/3406
f 3984/3984 3406/3406 2615/2615
f 5735/5735 4014/4014 3037/3037
f 5735/5735 3037/3037 4903/4903
f 5373/5373 5376/5376 5100/5100
f 5373/5373 5100/5100 5099/5099
f 3642/3642 2436/2436 3734/3734
f 3642/3642 3734/3734 5013/5013
f 3946/3946 2543/2543 3880/3880
f 3946/3946 3880/3880 4761/4761
f 3935/3935 2522/2522 3969/3969
f 3935/3935 3969/3969 5723/5723
f 2441/2441 3808/3808 4992/4992
f 2441/2441 4992/4992 3889/3889
f 1970/1970 6232/6232 6231/6231
f 1970/1970 6231/6231 3317/3317
f 1988/1988 3190/3190 5712/5712
f 1988/1988 5712/5712 3350/3350
f 3852/3852 5010/5010 3109/3109
f 3852/3852 3109/3109 2470/2470
f 5253/5253 5469/5469 5473/5473
f 5253/5253 5473/5473 5252/5252
f 4199/4199 2749/2749 4268/4268
f 4199/4199 4268/4268 5028/5028
f 5549/5549 5553/5553 5119/5119
f 5549/5549 5119/5119 5118/5118
f 4904/4904 4162/4162 2725/2725
f 4904/4904 2725/2725 3571/3571
f 4128/4128 2689/2689 4162/4162
f 4128/4128 4162/4162 4904/4904
f 2170/2170 3288/3288 4161/4161
f 2170/2170 4161/4161 3245/3245
f 3245/3245 4161/4161 3290/3290
f 3245/3245 3290/3290 2192/2192
f 3849/3849 5009/5009 3108/3108
f 3849/3849 3108/3108 2469/2469
f 2219/2219 3317/3317 4696/4696
f 2219/2219 4696/4696 3332/3332
f 5009/5009 3852/3852 2470/2470
f 5009/5009 2470/2470 3108/3108
f 4783/4783 3680/3680 2412/2412
f 4783/4783 2412/2412 3635/3635
f 2063/2063 2888/2888 3728/3728
f 2063/2063 3728/3728 2920/2920
f 2888/2888 2064/2064 2922/2922
f 2888/2888 2922/2922 3728/3728
f 3728/3728 2922/2922 2094/2094
f 3728/3728 2094/2094 2454/2454
f 2920/2920 3728/3728 2454/2454
f 2920/2920 2454/2454 2093/2093
f 2286/2286 3438/3438 4753/4753
f 2286/2286 4753/4753 3554/3554
f 4655/4655 2860/2860 1922/1922
f 4655/4655 1922/1922 2903/2903
f 3860/3860 4991/4991 3173/3173
f 3860/3860 3173/3173 1908/1908
f 5027/5027 3618/3618 2393/2393
f 5027/5027 2393/2393 3567/3567
f 5872/5872 5871/5871 6118/6118
f 5872/5872 6118/6118 6117/6117
f 3927/3927 2546/2546 3886/3886
f 3927/3927 3886/3886 4763/4763
f 2906/2906 1925/1925 2860/2860
f 2906/2906 2860/2860 4655/4655
f 6152/6152 6260/6260 6261/6261
f 6152/6152 6261/6261 6151/6151
f 6124/6124 5927/5927 5828/5828
f 6124/6124 5828/5828 5912/5912
f 2835/2835 4664/4664 2915/2915
f 2835/2835 2915/2915 1884/1884
f 1878/1878 2799/2799 4223/4223
f 1878/1878 4223/4223 2718/2718
f 2655/2655 4064/4064 4257/4257
f 2655/2655 4257/4257 4061/4061
f 5934/5934 5935/5935 6179/6179
f 5934/5934 6179/6179 6178/6178
f 5649/5649 5652/5652 5653/5653
f 5649/5649 5653/5653 5650/5650
f 4784/4784 3681/3681 2413/2413
f 4784/4784 2413/2413 3636/3636
f 2521/2521 3934/3934 3952/3952
f 2521/2521 3952/3952 3932/3932
f 3276/3276 2030/2030 3451/3451
f 3276/3276 3451/3451 5059/5059
f 2195/2195 3564/3564 5707/5707
f 2195/2195 5707/5707 3692/3692
f 5061/5061 5345/5345 5638/5638
f 5061/5061 5638/5638 5085/5085
f 4763/4763 3886/3886 2377/2377
f 4763/4763 2377/2377 3558/3558
f 5818/5818 5833/5833 6141/6141
f 5818/5818 6141/6141 5942/5942
f 4996/4996 3858/3858 2488/2488
f 4996/4996 2488/2488 3114/3114
f 5376/5376 5101/5101 5068/5068
f 5376/5376 5068/5068 5100/5100
f 3310/3310 1965/1965 2937/2937
f 3310/3310 2937/2937 4690/4690
f 3288/3288 2224/2224 2692/2692
f 3288/3288 2692/2692 4161/4161
f 3616/3616 2410/2410 3727/3727
f 3616/3616 3727/3727 4789/4789
f 5957/5957 5849/5849 5850/5850
f 5957/5957 5850/5850 5960/5960
f 2742/2742 4674/4674 2848/2848
f 2742/2742 2848/2848 1902/1902
f 5003/5003 4021/4021 2610/2610
f 5003/5003 2610/2610 3988/3988
f 3824/3824 4956/4956 3770/3770
f 3824/3824 3770/3770 2493/2493
f 4161/4161 2692/2692 2225/2225
f 4161/4161 2225/2225 3290/3290
f 3564/3564 2194/2194 3690/3690
f 3564/3564 3690/3690 5707/5707
f 2413/2413 3635/3635 4792/4792
f 2413/2413 4792/4792 3747/3747
f 6225/6225 6226/6226 6229/6229
f 6225/6225 6229/6229 6228/6228
f 3905/3905 2577/2577 4021/4021
f 3905/3905 4021/4021 5003/5003
f 4775/4775 2899/2899 4738/4738
f 4775/4775 4738/4738 5788/5788
f 2719/2719 4224/4224 2799/2799
f 2719/2719 2799/2799 1878/1878
f 2801/2801 1924/1924 2747/2747
f 2801/2801 2747/2747 4224/4224
f 1870/1870 2525/2525 4235/4235
f 1870/1870 4235/4235 2720/2720
f 4907/4907 2566/2566 4040/4040
f 4907/4907 4040/4040 5732/5732
f 5332/5332 5335/5335 5336/5336
f 5332/5332 5336/5336 5333/5333
f 2101/2101 3281/3281 4773/4773
f 2101/2101 4773/4773 3139/3139
f 2212/2212 3566/3566 5708/5708
f 2212/2212 5708/5708 3695/3695
f 2244/2244 3335/3335 3952/3952
f 2244/2244 3952/3952 3337/3337
f 3082/3082 4872/4872 4114/4114
f 3082/3082 4114/4114 2058/2058
f 3962/3962 2573/2573 3980/3980
f 3962/3962 3980/3980 4871/4871
f 4113/4113 2509/2509 3817/3817
f 4113/4113 3817/3817 4872/4872
f 4224/4224 2747/2747 1923/1923
f 4224/4224 1923/1923 2799/2799
f 5316/5316 5319/5319 5320/5320
f 5316/5316 5320/5320 5317/5317
f 3157/3157 4779/4779 3292/3292
f 3157/3157 3292/3292 2102/2102
f 3305/3305 4793/4793 3703/3703
f 3305/3305 3703/3703 2268/2268
f 4793/4793 3747/3747 2460/2460
f 4793/4793 2460/2460 3703/3703
f 2937/2937 4701/4701 3039/3039
f 2937/2937 3039/3039 1951/1951
f 5682/5682 5685/5685 5686/5686
f 5682/5682 5686/5686 5683/5683
f 4701/4701 2998/2998 1990/1990
f 4701/4701 1990/1990 3039/3039
f 2071/2071 4116/4116 4873/4873
f 2071/2071 4873/4873 3084/3084
f 6250/6250 6247/6247 6270/6270
f 6250/6250 6270/6270 6269/6269
f 4674/4674 3231/3231 2111/2111
f 4674/4674 2111/2111 2848/2848
f 5159/5159 5453/5453 5454/5454
f 5159/5159 5454/5454 5160/5160
f 3531/3531 5726/5726 3123/3123
f 3531/3531 3123/3123 2308/2308
f 1862/1862 2473/2473 3740/3740
f 1862/1862 3740/3740 2536/2536
f 2473/2473 1863/1863 2535/2535
f 2473/2473 2535/2535 3740/3740
f 3740/3740 2535/2535 1887/1887
f 3740/3740 1887/1887 2496/2496
f 2536/2536 3740/3740 2496/2496
f 2536/2536 2496/2496 1886/1886
f 1965/1965 3040/3040 4701/4701
f 1965/1965 4701/4701 2937/2937
f 2837/2837 4671/4671 2935/2935
f 2837/2837 2935/2935 1896/1896
f 5395/5395 5398/5398 5399/5399
f 5395/5395 5399/5399 5396/5396
f 3232/3232 5054/5054 4594/4594
f 3232/3232 4594/4594 2173/2173
f 5832/5832 6259/6259 6276/6276
f 5832/5832 6276/6276 6275/6275
f 4809/4809 2701/2701 4191/4191
f 4809/4809 4191/4191 5756/5756
f 5309/5309 5155/5155 5156/5156
f 5309/5309 5156/5156 5310/5310
f 5456/5456 5974/5974 5976/5976
f 5456/5456 5976/5976 5466/5466
f 1864/1864 2474/2474 3744/3744
f 1864/1864 3744/3744 2538/2538
f 2474/2474 1862/1862 2536/2536
f 2474/2474 2536/2536 3744/3744
f 3744/3744 2536/2536 1886/1886
f 3744/3744 1886/1886 2497/2497
f 2538/2538 3744/3744 2497/2497
f 2538/2538 2497/2497 1888/1888
f 1898/1898 2901/2901 4671/4671
f 1898/1898 4671/4671 2837/2837
f 3468/3468 2142/2142 3604/3604
f 3468/3468 3604/3604 5687/5687
f 4671/4671 2876/2876 1938/1938
f 4671/4671 1938/1938 2935/2935
f 2935/2935 1938/1938 2873/2873
f 2935/2935 2873/2873 4666/4666
f 2166/2166 3279/3279 4143/4143
f 2166/2166 4143/4143 3237/3237
f 4143/4143 2706/2706 1872/1872
f 4143/4143 1872/1872 3264/3264
f 5100/5100 5563/5563 5564/5564
f 5100/5100 5564/5564 5099/5099
f 3044/3044 4931/4931 4257/4257
f 3044/3044 4257/4257 4933/4933
f 1865/1865 2475/2475 3746/3746
f 1865/1865 3746/3746 2540/2540
f 2475/2475 1864/1864 2538/2538
f 2475/2475 2538/2538 3746/3746
f 3746/3746 2538/2538 1888/1888
f 3746/3746 1888/1888 2498/2498
f 2540/2540 3746/3746 2498/2498
f 2540/2540 2498/2498 1889/1889
f 2720/2720 4235/4235 2801/2801
f 2720/2720 2801/2801 1879/1879
f 5404/5404 5408/5408 5213/5213
f 5404/5404 5213/5213 5212/5212
f 5393/5393 5396/5396 5397/5397
f 5393/5393 5397/5397 5394/5394
f 5010/5010 3855/3855 2471/2471
f 5010/5010 2471/2471 3109/3109
f 4717/4717 2838/2838 4665/4665
f 4717/4717 4665/4665 5777/5777
f 3237/3237 4163/4163 3278/3278
f 3237/3237 3278/3278 2166/2166
f 2258/2258 3440/3440 4636/4636
f 2258/2258 4636/4636 3395/3395
f 5023/5023 3252/3252 1976/1976
f 5023/5023 1976/1976 3188/3188
f 1866/1866 2476/2476 3748/3748
f 1866/1866 3748/3748 2542/2542
f 2476/2476 1865/1865 2540/2540
f 2476/2476 2540/2540 3748/3748
f 3748/3748 2540/2540 1889/1889
f 3748/3748 1889/1889 2499/2499
f 2542/2542 3748/3748 2499/2499
f 2542/2542 2499/2499 1890/1890
f 3064/3064 4941/4941 4257/4257
f 3064/3064 4257/4257 4944/4944
f 5655/5655 5353/5353 5352/5352
f 5655/5655 5352/5352 5656/5656
f 3051/3051 5060/5060 3399/3399
f 3051/3051 3399/3399 2024/2024
f 4902/4902 2564/2564 4037/4037
f 4902/4902 4037/4037 5731/5731
f 4728/4728 3984/3984 2615/2615
f 4728/4728 2615/2615 3404/3404
f 6069/6069 6070/6070 6073/6073
f 6069/6069 6073/6073 6072/6072
f 4950/4950 4072/4072 2464/2464
f 4950/4950 2464/2464 3713/3713
f 5811/5811 4974/4974 2882/2882
f 5811/5811 2882/2882 4735/4735
f 1867/1867 2477/2477 3751/3751
f 1867/1867 3751/3751 2545/2545
f 2477/2477 1866/1866 2542/2542
f 2477/2477 2542/2542 3751/3751
f 3751/3751 2542/2542 1890/1890
f 3751/3751 1890/1890 2500/2500
f 2545/2545 3751/3751 2500/2500
f 2545/2545 2500/2500 1891/1891
f 5377/5377 5380/5380 5381/5381
f 5377/5377 5381/5381 5378/5378
f 4021/4021 5002/5002 3987/3987
f 4021/4021 3987/3987 2610/2610
f 3420/3420 2305/2305 2806/2806
f 3420/3420 2806/2806 4631/4631
f 5002/5002 4020/4020 2606/2606
f 5002/5002 2606/2606 3987/3987
f 2144/2144 3277/3277 4163/4163
f 2144/2144 4163/4163 3237/3237
f 4165/4165 2678/2678 2216/2216
f 4165/4165 2216/2216 3280/3280
f 4144/4144 2707/2707 1874/1874
f 4144/4144 1874/1874 3279/3279
f 2168/2168 3285/3285 4146/4146
f 2168/2168 4146/4146 3241/3241
f 1868/1868 2478/2478 3754/3754
f 1868/1868 3754/3754 2547/2547
f 2478/2478 1867/1867 2545/2545
f 2478/2478 2545/2545 3754/3754
f 3754/3754 2545/2545 1891/1891
f 3754/3754 1891/1891 2501/2501
f 2547/2547 3754/3754 2501/2501
f 2547/2547 2501/2501 1892/1892
f 3425/3425 1885/1885 2835/2835
f 3425/3425 2835/2835 4616/4616
f 5072/5072 5341/5341 5657/5657
f 5072/5072 5657/5657 5129/5129
f 4163/4163 2677/2677 2215/2215
f 4163/4163 2215/2215 3278/3278
f 3277/3277 2199/2199 2677/2677
f 3277/3277 2677/2677 4163/4163
f 1869/1869 2479/2479 3756/3756
f 1869/1869 3756/3756 2548/2548
f 2479/2479 1868/1868 2547/2547
f 2479/2479 2547/2547 3756/3756
f 3756/3756 2547/2547 1892/1892
f 3756/3756 1892/1892 2502/2502
f 2548/2548 3756/3756 2502/2502
f 2548/2548 2502/2502 1893/1893
f 2166/2166 3278/3278 4165/4165
f 2166/2166 4165/4165 3238/3238
f 2505/2505 3776/3776 4971/4971
f 2505/2505 4971/4971 3887/3887
f 4105/4105 2665/2665 4069/4069
f 4105/4105 4069/4069 4939/4939
f 4115/4115 2673/2673 4141/4141
f 4115/4115 4141/4141 5046/5046
f 1871/1871 2480/2480 3758/3758
f 1871/1871 3758/3758 2526/2526
f 2480/2480 1869/1869 2548/2548
f 2480/2480 2548/2548 3758/3758
f 3758/3758 2548/2548 1893/1893
f 3758/3758 1893/1893 2503/2503
f 2526/2526 3758/3758 2503/2503
f 2526/2526 2503/2503 1895/1895
f 1910/1910 2549/2549 3759/3759
f 1910/1910 3759/3759 2627/2627
f 2549/2549 1911/1911 2626/2626
f 2549/2549 2626/2626 3759/3759
f 3759/3759 2626/2626 1930/1930
f 3759/3759 1930/1930 2599/2599
f 2627/2627 3759/3759 2599/2599
f 2627/2627 2599/2599 1929/1929
f 5301/5301 5305/5305 5306/5306
f 5301/5301 5306/5306 5302/5302
f 5304/5304 5308/5308 5188/5188
f 5304/5304 5188/5188 5187/5187
f 3238/3238 4165/4165 3280/3280
f 3238/3238 3280/3280 2167/2167
f 3278/3278 2215/2215 2678/2678
f 3278/3278 2678/2678 4165/4165
f 4138/4138 2632/2632 4097/4097
f 4138/4138 4097/4097 5747/5747
f 3816/3816 2269/2269 3442/3442
f 3816/3816 3442/3442 5006/5006
f 4631/4631 2806/2806 2306/2306
f 4631/4631 2306/2306 3423/3423
f 5431/5431 5434/5434 5435/5435
f 5431/5431 5435/5435 5432/5432
f 3247/3247 4182/4182 2928/2928
f 3247/3247 2928/2928 2067/2067
f 4182/4182 2693/2693 2097/2097
f 4182/4182 2097/2097 2928/2928
f 2144/2144 3264/3264 4678/4678
f 2144/2144 4678/4678 3236/3236
f 5701/5701 3629/3629 2194/2194
f 5701/5701 2194/2194 3564/3564
f 1899/1899 3127/3127 5014/5014
f 1899/1899 5014/5014 3235/3235
f 3643/3643 2437/2437 3735/3735
f 3643/3643 3735/3735 5012/5012
f 4923/4923 5260/5260 5431/5431
f 4923/4923 5431/5431 5192/5192
f 3807/3807 2403/2403 3857/3857
f 3807/3807 3857/3857 4991/4991
f 2221/2221 3329/3329 4697/4697
f 2221/2221 4697/4697 3331/3331
f 3395/3395 4636/4636 3443/3443
f 3395/3395 3443/3443 2270/2270
f 2192/2192 3290/3290 4182/4182
f 2192/2192 4182/4182 3247/3247
f 2628/2628 4238/4238 5795/5795
f 2628/2628 5795/5795 4080/4080
f 2041/2041 2880/2880 3764/3764
f 2041/2041 3764/3764 2840/2840
f 2880/2880 2040/2040 2579/2579
f 2880/2880 2579/2579 3764/3764
f 3764/3764 2579/2579 1911/1911
f 3764/3764 1911/1911 2549/2549
f 2840/2840 3764/3764 2549/2549
f 2840/2840 2549/2549 1910/1910
f 4192/4192 5765/5765 4608/4608
f 4192/4192 4608/4608 2701/2701
f 2257/2257 3423/3423 4633/4633
f 2257/2257 4633/4633 3394/3394
f 5006/5006 3442/3442 2308/2308
f 5006/5006 2308/2308 3123/3123
f 3100/3100 4875/4875 4117/4117
f 3100/3100 4117/4117 2073/2073
f 6078/6078 6079/6079 6082/6082
f 6078/6078 6082/6082 6081/6081
f 5745/5745 4083/4083 2628/2628
f 5745/5745 2628/2628 4135/4135
f 2652/2652 4061/4061 4257/4257
f 2652/2652 4257/4257 4059/4059
f 5692/5692 2995/2995 1992/1992
f 5692/5692 1992/1992 3454/3454
f 2042/2042 2877/2877 3767/3767
f 2042/2042 3767/3767 2842/2842
f 2877/2877 2041/2041 2840/2840
f 2877/2877 2840/2840 3767/3767
f 3767/3767 2840/2840 1910/1910
f 3767/3767 1910/1910 2550/2550
f 2842/2842 3767/3767 2550/2550
f 2842/2842 2550/2550 1912/1912
f 3014/3014 4720/4720 3113/3113
f 3014/3014 3113/3113 2021/2021
f 2022/2022 3115/3115 4720/4720
f 2022/2022 4720/4720 3014/3014
f 2099/2099 3397/3397 5688/5688
f 2099/2099 5688/5688 3502/3502
f 4745/4745 3074/3074 2038/2038
f 4745/4745 2038/2038 3124/3124
f 3175/3175 1909/1909 3259/3259
f 3175/3175 3259/3259 5035/5035
f 3290/3290 2225/2225 2693/2693
f 3290/3290 2693/2693 4182/4182
f 2167/2167 3280/3280 4186/4186
f 2167/2167 4186/4186 3241/3241
f 6089/6089 5909/5909 5910/5910
f 6089/6089 5910/5910 6093/6093
f 2043/2043 2874/2874 3769/3769
f 2043/2043 3769/3769 2845/2845
f 2874/2874 2042/2042 2842/2842
f 2874/2874 2842/2842 3769/3769
f 3769/3769 2842/2842 1912/1912
f 3769/3769 1912/1912 2551/2551
f 2845/2845 3769/3769 2551/2551
f 2845/2845 2551/2551 1913/1913
f 5770/5770 4629/4629 2821/2821
f 5770/5770 2821/2821 4652/4652
f 3394/3394 4633/4633 3440/3440
f 3394/3394 3440/3440 2258/2258
f 2998/2998 4745/4745 3124/3124
f 2998/2998 3124/3124 1990/1990
f 4633/4633 2807/2807 2307/2307
f 4633/4633 2307/2307 3440/3440
f 3241/3241 4186/4186 3284/3284
f 3241/3241 3284/3284 2168/2168
f 3899/3899 4766/4766 3559/3559
f 3899/3899 3559/3559 2379/2379
f 4766/4766 3898/3898 2378/2378
f 4766/4766 2378/2378 3559/3559
f 2697/2697 4177/4177 5734/5734
f 2697/2697 5734/5734 4886/4886
f 2046/2046 2872/2872 3772/3772
f 2046/2046 3772/3772 2847/2847
f 2872/2872 2043/2043 2845/2845
f 2872/2872 2845/2845 3772/3772
f 3772/3772 2845/2845 1913/1913
f 3772/3772 1913/1913 2552/2552
f 2847/2847 3772/3772 2552/2552
f 2847/2847 2552/2552 1914/1914
f 4642/4642 3081/3081 2057/2057
f 4642/4642 2057/2057 3131/3131
f 3423/3423 2306/2306 2807/2807
f 3423/3423 2807/2807 4633/4633
f 2077/2077 4120/4120 4876/4876
f 2077/2077 4876/4876 3104/3104
f 4117/4117 2512/2512 3819/3819
f 4117/4117 3819/3819 4874/4874
f 5024/5024 3257/3257 1987/1987
f 5024/5024 1987/1987 3190/3190
f 6261/6261 6260/6260 6278/6278
f 6261/6261 6278/6278 6277/6277
f 3914/3914 2565/2565 3898/3898
f 3914/3914 3898/3898 4766/4766
f 4657/4657 2861/2861 1925/1925
f 4657/4657 1925/1925 2906/2906
f 2049/2049 2870/2870 3775/3775
f 2049/2049 3775/3775 2849/2849
f 2870/2870 2046/2046 2847/2847
f 2870/2870 2847/2847 3775/3775
f 3775/3775 2847/2847 1914/1914
f 3775/3775 1914/1914 2553/2553
f 2849/2849 3775/3775 2553/2553
f 2849/2849 2553/2553 1915/1915
f 4243/4243 2808/2808 1942/1942
f 4243/4243 1942/1942 3161/3161
f 3162/3162 1944/1944 2808/2808
f 3162/3162 2808/2808 4243/4243
f 3132/3132 2055/2055 3081/3081
f 3132/3132 3081/3081 4642/4642
f 3397/3397 2084/2084 3501/3501
f 3397/3397 3501/3501 5688/5688
f 4636/4636 2818/2818 2309/2309
f 4636/4636 2309/2309 3443/3443
f 5945/5945 6134/6134 6258/6258
f 5945/5945 6258/6258 3282/3282
f 3872/3872 4981/4981 3838/3838
f 3872/3872 3838/3838 2533/2533
f 3604/3604 5701/5701 3564/3564
f 3604/3604 3564/3564 2195/2195
f 2050/2050 2867/2867 3778/3778
f 2050/2050 3778/3778 2851/2851
f 2867/2867 2049/2049 2849/2849
f 2867/2867 2849/2849 3778/3778
f 3778/3778 2849/2849 1915/1915
f 3778/3778 1915/1915 2554/2554
f 4892/4892 4168/4168 2726/2726
f 4892/4892 2726/2726 3572/3572
f 5752/5752 4184/4184 2635/2635
f 5752/5752 2635/2635 4785/4785
f 3280/3280 2216/2216 2679/2679
f 3280/3280 2679/2679 4186/4186
f 4186/4186 2679/2679 2217/2217
f 4186/4186 2217/2217 3284/3284
f 2051/2051 2865/2865 3780/3780
f 2051/2051 3780/3780 2852/2852
f 2865/2865 2050/2050 2851/2851
f 2865/2865 2851/2851 3780/3780
f 4608/4608 2735/2735 4278/4278
f 4608/4608 4278/4278 5764/5764
f 1906/1906 3171/3171 5021/5021
f 1906/1906 5021/5021 3252/3252
f 3440/3440 2307/2307 2818/2818
f 3440/3440 2818/2818 4636/4636
f 2403/2403 3807/3807 4996/4996
f 2403/2403 4996/4996 3855/3855
f 2053/2053 2863/2863 3782/3782
f 2053/2053 3782/3782 2855/2855
f 2863/2863 2051/2051 2852/2852
f 2863/2863 2852/2852 3782/3782
f 3782/3782 2852/2852 1916/1916
f 3782/3782 1916/1916 2556/2556
f 2855/2855 3782/3782 2556/2556
f 2855/2855 2556/2556 1918/1918
f 3112/3112 2045/2045 3075/3075
f 3112/3112 3075/3075 4747/4747
f 5867/5867 6005/6005 6009/6009
f 5867/5867 6009/6009 5866/5866
f 6153/6153 6154/6154 6160/6160
f 6153/6153 6160/6160 6159/6159
f 6100/6100 5908/5908 5907/5907
f 6100/6100 5907/5907 6103/6103
f 6071/6071 6072/6072 6075/6075
f 6071/6071 6075/6075 6074/6074
f 6165/6165 6167/6167 6171/6171
f 6165/6165 6171/6171 6169/6169
f 2559/2559 3945/3945 5775/5775
f 2559/2559 5775/5775 4630/4630
f 2021/2021 3113/3113 4699/4699
f 2021/2021 4699/4699 3010/3010
f 2047/2047 3215/3215 4756/4756
f 2047/2047 4756/4756 3076/3076
f 5854/5854 5853/5853 6078/6078
f 5854/5854 6078/6078 6077/6077
f 5480/5480 5484/5484 5486/5486
f 5480/5480 5486/5486 5482/5482
f 4960/4960 3034/3034 4012/4012
f 4960/4960 4012/4012 5802/5802
f 3911/3911 2571/2571 3903/3903
f 3911/3911 3903/3903 4770/4770
f 4697/4697 2947/2947 1970/1970
f 4697/4697 1970/1970 3317/3317
f 3629/3629 5700/5700 3563/3563
f 3629/3629 3563/3563 2194/2194
f 3353/3353 3952/3952 2129/2129
f 6079/6079 5905/5905 5904/5904
f 6079/6079 5904/5904 6082/6082
f 5625/5625 5628/5628 5233/5233
f 5625/5625 5233/5233 5234/5234
f 3828/3828 4961/4961 3773/3773
f 3828/3828 3773/3773 2495/2495
f 5673/5673 5676/5676 5677/5677
f 5673/5673 5677/5677 5674/5674
f 2168/2168 3284/3284 4187/4187
f 2168/2168 4187/4187 3242/3242
f 3855/3855 4996/4996 3114/3114
f 3855/3855 3114/3114 2471/2471
f 5971/5971 5989/5989 5990/5990
f 5971/5971 5990/5990 5151/5151
f 3242/3242 4187/4187 3286/3286
f 3242/3242 3286/3286 2169/2169
f 1933/1933 2602/2602 3787/3787
f 1933/1933 3787/3787 2682/2682
f 2602/2602 1932/1932 2681/2681
f 2602/2602 2681/2681 3787/3787
f 3787/3787 2681/2681 1955/1955
f 3787/3787 1955/1955 2660/2660
f 2682/2682 3787/3787 2660/2660
f 2682/2682 2660/2660 1956/1956
f 2031/2031 3132/3132 4642/4642
f 2031/2031 4642/4642 3013/3013
f 6119/6119 6120/6120 6123/6123
f 6119/6119 6123/6123 6122/6122
f 3013/3013 4642/4642 3131/3131
f 3013/3013 3131/3131 2032/2032
f 5689/5689 3502/3502 2140/2140
f 5689/5689 2140/2140 3467/3467
f 2467/2467 3832/3832 5766/5766
f 2467/2467 5766/5766 4194/4194
f 4187/4187 2680/2680 2218/2218
f 4187/4187 2218/2218 3286/3286
f 1907/1907 3172/3172 5023/5023
f 1907/1907 5023/5023 3257/3257
f 4610/4610 2738/2738 4279/4279
f 4610/4610 4279/4279 5765/5765
f 1912/1912 2550/2550 3790/3790
f 1912/1912 3790/3790 2631/2631
f 2550/2550 1910/1910 2627/2627
f 2550/2550 2627/2627 3790/3790
f 3790/3790 2627/2627 1929/1929
f 3790/3790 1929/1929 2600/2600
f 2631/2631 3790/3790 2600/2600
f 2631/2631 2600/2600 1931/1931
f 4847/4847 2807/2807 2306/2306
f 4847/4847 2306/2306 3525/3525
f 6058/6058 4251/4251 3170/3170
f 6058/6058 3170/3170 6027/6027
f 5662/5662 5666/5666 5668/5668
f 5662/5662 5668/5668 5664/5664
f 4730/4730 3546/3546 2402/2402
f 4730/4730 2402/2402 3416/3416
f 5755/5755 4190/4190 2699/2699
f 5755/5755 2699/2699 4805/4805
f 5342/5342 5077/5077 6181/6181
f 5342/5342 6181/6181 5645/5645
f 4767/4767 3899/3899 2379/2379
f 4767/4767 2379/2379 3560/3560
f 5786/5786 4736/4736 2896/2896
f 5786/5786 2896/2896 4769/4769
f 1913/1913 2551/2551 3792/3792
f 1913/1913 3792/3792 2634/2634
f 2551/2551 1912/1912 2631/2631
f 2551/2551 2631/2631 3792/3792
f 3792/3792 2631/2631 1931/1931
f 3792/3792 1931/1931 2601/2601
f 2634/2634 3792/3792 2601/2601
f 2634/2634 2601/2601 1932/1932
f 3734/3734 5015/5015 4103/4103
f 3734/3734 4103/4103 2667/2667
f 3210/3210 4250/4250 3168/3168
f 3210/3210 3168/3168 2138/2138
f 3111/3111 4878/4878 4121/4121
f 3111/3111 4121/4121 2086/2086
f 2749/2749 4196/4196 5027/5027
f 2749/2749 5027/5027 4268/4268
f 2858/2858 4823/4823 2839/2839
f 2858/2858 2839/2839 1887/1887
f 5666/5666 5356/5356 5355/5355
f 5666/5666 5355/5355 5668/5668
f 5369/5369 5372/5372 5373/5373
f 5369/5369 5373/5373 5370/5370
f 3355/3355 4693/4693 3311/3311
f 3355/3355 3311/3311 2210/2210
f 1914/1914 2552/2552 3794/3794
f 1914/1914 3794/3794 2636/2636
f 2552/2552 1913/1913 2634/2634
f 2552/2552 2634/2634 3794/3794
f 3794/3794 2634/2634 1932/1932
f 3794/3794 1932/1932 2602/2602
f 2636/2636 3794/3794 2602/2602
f 2636/2636 2602/2602 1933/1933
f 3133/3133 2070/2070 3083/3083
f 3133/3133 3083/3083 4644/4644
f 5679/5679 5682/5682 5683/5683
f 5679/5679 5683/5683 5680/5680
f 3360/3360 4690/4690 3309/3309
f 3360/3360 3309/3309 2196/2196
f 2197/2197 3310/3310 4690/4690
f 2197/2197 4690/4690 3360/3360
f 2978/2978 2196/2196 3364/3364
f 2978/2978 3364/3364 4823/4823
f 5252/5252 5473/5473 5269/5269
f 5252/5252 5269/5269 5146/5146
f 5484/5484 5488/5488 5490/5490
f 5484/5484 5490/5490 5486/5486
f 6040/6040 4603/4603 2996/2996
f 6040/6040 2996/2996 6042/6042
f 1915/1915 2553/2553 3795/3795
f 1915/1915 3795/3795 2639/2639
f 2553/2553 1914/1914 2636/2636
f 2553/2553 2636/2636 3795/3795
f 3795/3795 2636/2636 1933/1933
f 3795/3795 1933/1933 2603/2603
f 2639/2639 3795/3795 2603/2603
f 2639/2639 2603/2603 1934/1934
f 2909/2909 1964/1964 2878/2878
f 2909/2909 2878/2878 4267/4267
f 5651/5651 5654/5654 5655/5655
f 5651/5651 5655/5655 5652/5652
f 2824/2824 4762/4762 5782/5782
f 2824/2824 5782/5782 4662/4662
f 5677/5677 5359/5359 5078/5078
f 5677/5677 5078/5078 5348/5348
f 4652/4652 2821/2821 4627/4627
f 4652/4652 4627/4627 5769/5769
f 5123/5123 5629/5629 5630/5630
f 5123/5123 5630/5630 5124/5124
f 4823/4823 3364/3364 2040/2040
f 4823/4823 2040/2040 2839/2839
f 5262/5262 5263/5263 5446/5446
f 5262/5262 5446/5446 5443/5443
f 2554/2554 1915/1915 2639/2639
f 2554/2554 2639/2639 3797/3797
f 3797/3797 2639/2639 1934/1934
f 3797/3797 1934/1934 2604/2604
f 3727/3727 4774/4774 3699/3699
f 3727/3727 3699/3699 2449/2449
f 4850/4850 5753/5753 4791/4791
f 4850/4850 4791/4791 2914/2914
f 2833/2833 4657/4657 2906/2906
f 2833/2833 2906/2906 1882/1882
f 2908/2908 1926/1926 2861/2861
f 2908/2908 2861/2861 4657/4657
f 5346/5346 5347/5347 5681/5681
f 5346/5346 5681/5681 5678/5678
f 2570/2570 3913/3913 4767/4767
f 2570/2570 4767/4767 3901/3901
f 2665/2665 4106/4106 4934/4934
f 2665/2665 4934/4934 4069/4069
f 5925/5925 5924/5924 6158/6158
f 5925/5925 6158/6158 6154/6154
f 1918/1918 2556/2556 3799/3799
f 1918/1918 3799/3799 2646/2646
f 2556/2556 1916/1916 2642/2642
f 2556/2556 2642/2642 3799/3799
f 3799/3799 2642/2642 1935/1935
f 3799/3799 1935/1935 2605/2605
f 2646/2646 3799/3799 2605/2605
f 2646/2646 2605/2605 1937/1937
f 5095/5095 5067/5067 5103/5103
f 5095/5095 5103/5103 5374/5374
f 3284/3284 2217/2217 2680/2680
f 3284/3284 2680/2680 4187/4187
f 5739/5739 4016/4016 2729/2729
f 5739/5739 2729/2729 4175/4175
f 2105/2105 3297/3297 4788/4788
f 2105/2105 4788/4788 3159/3159
f 6157/6157 6148/6148 5639/5639
f 6157/6157 5639/5639 5638/5638
f 4875/4875 3820/3820 2512/2512
f 4875/4875 2512/2512 4117/4117
f 6270/6270 6271/6271 6297/6297
f 6270/6270 6297/6297 6295/6295
f 3972/3972 4987/4987 3896/3896
f 3972/3972 3896/3896 2577/2577
f 4189/4189 5762/5762 4601/4601
f 4189/4189 4601/4601 2698/2698
f 5151/5151 5990/5990 5991/5991
f 5151/5151 5991/5991 5974/5974
f 3901/3901 4767/4767 3560/3560
f 3901/3901 3560/3560 2380/2380
f 4693/4693 2939/2939 1967/1967
f 4693/4693 1967/1967 3311/3311
f 3693/3693 4913/4913 3640/3640
f 3693/3693 3640/3640 2435/2435
f 4612/4612 2951/2951 1993/1993
f 4612/4612 1993/1993 3012/3012
f 3171/3171 1901/1901 3250/3250
f 3171/3171 3250/3250 5021/5021
f 5804/5804 4014/4014 3036/3036
f 5804/5804 3036/3036 4962/4962
f 5068/5068 5107/5107 5563/5563
f 5068/5068 5563/5563 5100/5100
f 3076/3076 4756/4756 3213/3213
f 3076/3076 3213/3213 2045/2045
f 5135/5135 5072/5072 5129/5129
f 5135/5135 5129/5129 5598/5598
f 5791/5791 4826/4826 2953/2953
f 5791/5791 2953/2953 4242/4242
f 5347/5347 5348/5348 5684/5684
f 5347/5347 5684/5684 5681/5681
f 2438/2438 3643/3643 5012/5012
f 2438/2438 5012/5012 3738/3738
f 5788/5788 4738/4738 2898/2898
f 5788/5788 2898/2898 4772/4772
f 5037/5037 2846/2846 1943/1943
f 5037/5037 1943/1943 3260/3260
f 3801/3801 4927/4927 3749/3749
f 3801/3801 3749/3749 2490/2490
f 2169/2169 3287/3287 4147/4147
f 2169/2169 4147/4147 3242/3242
f 5424/5424 5427/5427 5247/5247
f 5424/5424 5247/5247 5246/5246
f 3808/3808 2441/2441 3871/3871
f 3808/3808 3871/3871 4997/4997
f 4774/4774 3726/3726 2448/2448
f 4774/4774 2448/2448 3699/3699
f 2948/2948 4805/4805 5754/5754
f 2948/2948 5754/5754 4849/4849
f 5765/5765 4279/4279 2735/2735
f 5765/5765 2735/2735 4608/4608
f 4702/4702 3009/3009 1997/1997
f 4702/4702 1997/1997 3040/3040
f 5425/5425 5428/5428 5429/5429
f 5425/5425 5429/5429 5426/5426
f 5213/5213 5214/5214 5419/5419
f 5213/5213 5419/5419 5416/5416
f 2141/2141 3170/3170 4251/4251
f 2141/2141 4251/4251 3201/3201
f 5914/5914 5913/5913 6108/6108
f 5914/5914 6108/6108 6107/6107
f 3104/3104 4876/4876 4119/4119
f 3104/3104 4119/4119 2075/2075
f 3837/3837 2531/2531 3951/3951
f 3837/3837 3951/3951 4984/4984
f 6310/6310 6279/6279 3729/3729
f 6310/6310 3729/3729 5043/5043
f 1959/1959 2663/2663 3806/3806
f 1959/1959 3806/3806 2737/2737
f 2663/2663 1958/1958 2736/2736
f 2663/2663 2736/2736 3806/3806
f 3806/3806 2736/2736 1983/1983
f 3806/3806 1983/1983 2714/2714
f 2737/2737 3806/3806 2714/2714
f 2737/2737 2714/2714 1984/1984
f 3530/3530 2307/2307 2807/2807
f 3530/3530 2807/2807 4847/4847
f 5349/5349 5350/5350 5651/5651
f 5349/5349 5651/5651 5648/5648
f 2391/2391 3803/3803 5009/5009
f 2391/2391 5009/5009 3849/3849
f 3201/3201 4251/4251 3169/3169
f 3201/3201 3169/3169 2139/2139
f 2633/2633 4244/4244 5791/5791
f 2633/2633 5791/5791 4099/4099
f 5847/5847 5846/5846 6019/6019
f 5847/5847 6019/6019 6018/6018
f 4069/4069 4934/4934 3708/3708
f 4069/4069 3708/3708 2461/2461
f 2243/2243 3415/3415 4643/4643
f 2243/2243 4643/4643 3383/3383
f 1934/1934 2603/2603 3809/3809
f 1934/1934 3809/3809 2684/2684
f 2603/2603 1933/1933 2682/2682
f 2603/2603 2682/2682 3809/3809
f 3809/3809 2682/2682 1956/1956
f 3809/3809 1956/1956 2661/2661
f 2684/2684 3809/3809 2661/2661
f 2684/2684 2661/2661 1957/1957
f 4914/4914 3693/3693 2435/2435
f 4914/4914 2435/2435 3641/3641
f 2052/2052 2854/2854 4252/4252
f 2052/2052 4252/4252 3199/3199
f 5829/5829 5914/5914 6107/6107
f 5829/5829 6107/6107 5917/5917
f 5108/5108 5378/5378 5379/5379
f 5108/5108 5379/5379 5109/5109
f 3328/3328 5044/5044 3291/3291
f 3328/3328 3291/3291 1974/1974
f 4927/4927 3239/3239 2227/2227
f 4927/4927 2227/2227 3749/3749
f 4677/4677 5786/5786 4769/4769
f 4677/4677 4769/4769 2843/2843
f 5104/5104 5602/5602 5603/5603
f 5104/5104 5603/5603 5105/5105
f 2604/2604 1934/1934 2684/2684
f 2604/2604 2684/2684 3811/3811
f 3811/3811 2684/2684 1957/1957
f 3811/3811 1957/1957 2662/2662
f 2687/2687 3811/3811 2662/2662
f 2687/2687 2662/2662 1958/1958
f 1967/1967 3041/3041 4702/4702
f 1967/1967 4702/4702 2938/2938
f 2770/2770 4949/4949 4257/4257
f 3357/3357 1963/1963 2995/2995
f 3357/3357 2995/2995 5692/5692
f 5720/5720 3948/3948 2442/2442
f 5720/5720 2442/2442 3102/3102
f 3813/3813 2687/2687 1958/1958
f 3813/3813 1958/1958 2663/2663
f 2688/2688 3813/3813 2663/2663
f 2688/2688 2663/2663 1959/1959
f 2834/2834 4659/4659 2908/2908
f 2834/2834 2908/2908 1883/1883
f 4934/4934 4068/4068 2447/2447
f 4934/4934 2447/2447 3708/3708
f 2446/2446 3706/3706 4927/4927
f 2446/2446 4927/4927 3801/3801
f 5907/5907 6080/6080 6083/6083
f 5907/5907 6083/6083 5906/5906
f 1937/1937 2605/2605 3815/3815
f 1937/1937 3815/3815 2691/2691
f 2605/2605 1935/1935 2688/2688
f 2605/2605 2688/2688 3815/3815
f 3815/3815 2688/2688 1959/1959
f 3815/3815 1959/1959 2664/2664
f 2691/2691 3815/3815 2664/2664
f 2691/2691 2664/2664 1961/1961
f 4939/4939 4069/4069 2461/2461
f 4939/4939 2461/2461 3709/3709
f 3550/3550 5693/5693 3457/3457
f 3550/3550 3457/3457 2134/2134
f 3009/3009 4747/4747 3128/3128
f 3009/3009 3128/3128 1997/1997
f 1927/1927 2989/2989 4808/4808
f 1927/1927 4808/4808 2862/2862
f 2572/2572 3979/3979 5807/5807
f 2572/2572 5807/5807 4870/4870
f 4974/4974 5810/5810 4733/4733
f 4974/4974 4733/4733 2882/2882
f 5712/5712 3349/3349 2352/2352
f 5712/5712 2352/2352 3777/3777
f 6086/6086 6088/6088 6092/6092
f 6086/6086 6092/6092 6090/6090
f 4713/4713 4008/4008 2285/2285
f 4713/4713 2285/2285 3438/3438
f 3615/3615 2409/2409 3726/3726
f 3615/3615 3726/3726 4774/4774
f 3963/3963 2573/2573 3977/3977
f 3963/3963 3977/3977 4704/4704
f 4213/4213 2742/2742 1902/1902
f 4213/4213 1902/1902 2793/2793
f 2706/2706 4213/4213 2793/2793
f 2706/2706 2793/2793 1872/1872
f 1874/1874 2794/2794 4213/4213
f 1874/1874 4213/4213 2706/2706
f 2794/2794 1904/1904 2742/2742
f 2794/2794 2742/2742 4213/4213
f 5678/5678 5681/5681 5682/5682
f 5678/5678 5682/5682 5679/5679
f 3070/3070 4946/4946 4257/4257
f 3070/3070 4257/4257 4949/4949
f 5243/5243 5242/5242 5675/5675
f 5243/5243 5675/5675 5672/5672
f 3464/3464 2135/2135 3627/3627
f 3464/3464 3627/3627 5699/5699
f 2310/2310 3785/3785 5037/5037
f 2310/2310 5037/5037 3718/3718
f 4136/4136 2629/2629 4083/4083
f 4136/4136 4083/4083 5745/5745
f 4725/4725 2844/2844 4677/4677
f 4725/4725 4677/4677 5780/5780
f 3705/3705 4925/4925 3643/3643
f 3705/3705 3643/3643 2438/2438
f 6062/6062 6063/6063 6066/6066
f 6062/6062 6066/6066 6065/6065
f 3035/3035 4651/4651 3146/3146
f 3035/3035 3146/3146 2048/2048
f 4958/4958 3824/3824 2493/2493
f 4958/4958 2493/2493 3771/3771
f 4629/4629 5767/5767 4698/4698
f 4629/4629 4698/4698 2821/2821
f 2137/2137 3464/3464 5699/5699
f 2137/2137 5699/5699 3628/3628
f 2134/2134 3457/3457 5697/5697
f 2134/2134 5697/5697 3613/3613
f 2331/2331 3492/3492 3952/3952
f 2331/2331 3952/3952 3495/3495
f 6002/6002 6003/6003 5878/5878
f 6002/6002 5878/5878 5877/5877
f 5751/5751 4180/4180 2365/2365
f 5751/5751 2365/2365 3599/3599
f 3041/3041 2020/2020 3009/3009
f 3041/3041 3009/3009 4702/4702
f 2236/2236 3410/3410 4634/4634
f 2236/2236 4634/4634 3367/3367
f 4651/4651 3116/3116 2087/2087
f 4651/4651 2087/2087 3146/3146
f 3903/3903 4768/4768 3561/3561
f 3903/3903 3561/3561 2381/2381
f 5396/5396 5399/5399 5400/5400
f 5396/5396 5400/5400 5397/5397
f 4215/4215 2743/2743 1904/1904
f 4215/4215 1904/1904 2794/2794
f 3610/3610 2407/2407 3737/3737
f 3610/3610 3737/3737 4796/4796
f 3178/3178 5695/5695 3575/3575
f 3178/3178 3575/3575 2108/2108
f 3241/3241 4146/4146 3283/3283
f 3241/3241 3283/3283 2167/2167
f 3367/3367 4634/4634 3411/3411
f 3367/3367 3411/3411 2237/2237
f 3199/3199 4252/4252 3170/3170
f 3199/3199 3170/3170 2141/2141
f 5063/5063 5097/5097 5368/5368
f 5063/5063 5368/5368 5094/5094
f 5054/5054 4002/4002 2614/2614
f 5054/5054 2614/2614 4594/4594
f 2242/2242 3414/3414 4613/4613
f 2242/2242 4613/4613 3374/3374
f 4611/4611 2829/2829 1880/1880
f 4611/4611 1880/1880 3405/3405
f 1929/1929 2599/2599 3826/3826
f 1929/1929 3826/3826 2703/2703
f 2599/2599 1930/1930 2685/2685
f 2599/2599 2685/2685 3826/3826
f 3826/3826 2685/2685 1953/1953
f 3826/3826 1953/1953 2657/2657
f 2703/2703 3826/3826 2657/2657
f 2703/2703 2657/2657 1952/1952
f 3467/3467 2140/2140 3629/3629
f 3467/3467 3629/3629 5701/5701
f 3316/3316 6244/6244 6243/6243
f 3316/3316 6243/6243 4695/4695
f 5063/5063 5342/5342 5645/5645
f 5063/5063 5645/5645 5082/5082
f 3285/3285 1876/1876 2716/2716
f 3285/3285 2716/2716 4146/4146
f 4106/4106 2656/2656 4068/4068
f 4106/4106 4068/4068 4934/4934
f 6290/6290 6292/6292 5690/5690
f 3669/3669 2440/2440 4101/4101
f 3669/3669 4101/4101 5749/5749
f 2795/2795 1905/1905 2743/2743
f 2795/2795 2743/2743 4215/4215
f 1931/1931 2600/2600 3829/3829
f 1931/1931 3829/3829 2705/2705
f 2600/2600 1929/1929 2703/2703
f 2600/2600 2703/2703 3829/3829
f 3829/3829 2703/2703 1952/1952
f 3829/3829 1952/1952 2658/2658
f 2705/2705 3829/3829 2658/2658
f 2705/2705 2658/2658 1954/1954
f 3777/3777 2352/2352 3724/3724
f 3777/3777 3724/3724 5042/5042
f 5378/5378 5381/5381 5382/5382
f 5378/5378 5382/5382 5379/5379
f 3496/3496 4847/4847 3525/3525
f 3496/3496 3525/3525 2332/2332
f 4744/4744 3518/3518 2343/2343
f 4744/4744 2343/2343 3470/3470
f 3021/3021 4649/4649 3140/3140
f 3021/3021 3140/3140 2037/2037
f 2039/2039 3143/3143 4649/4649
f 2039/2039 4649/4649 3021/3021
f 2081/2081 3357/3357 5692/5692
f 2081/2081 5692/5692 3549/3549
f 2961/2961 4891/4891 5740/5740
f 2961/2961 5740/5740 4881/4881
f 1932/1932 2601/2601 3833/3833
f 1932/1932 3833/3833 2681/2681
f 2601/2601 1931/1931 2705/2705
f 2601/2601 2705/2705 3833/3833
f 3833/3833 2705/2705 1954/1954
f 3833/3833 1954/1954 2659/2659
f 2681/2681 3833/3833 2659/2659
f 2681/2681 2659/2659 1955/1955
f 6131/6131 6132/6132 5916/5916
f 6131/6131 5916/5916 5915/5915
f 1968/1968 3042/3042 4706/4706
f 1968/1968 4706/4706 2939/2939
f 5152/5152 5456/5456 5466/5466
f 5152/5152 5466/5466 5153/5153
f 2854/2854 1917/1917 2816/2816
f 2854/2854 2816/2816 4252/4252
f 1876/1876 2796/2796 4216/4216
f 1876/1876 4216/4216 2716/2716
f 5186/5186 5185/5185 5305/5305
f 5186/5186 5305/5305 5301/5301
f 2716/2716 4216/4216 2795/2795
f 2716/2716 2795/2795 1875/1875
f 5796/5796 4851/4851 2907/2907
f 5796/5796 2907/2907 4234/4234
f 5762/5762 4255/4255 2732/2732
f 5762/5762 2732/2732 4601/4601
f 3480/3480 4837/4837 3000/3000
f 3480/3480 3000/3000 2114/2114
f 2048/2048 3146/3146 4650/4650
f 2048/2048 4650/4650 3025/3025
f 3976/3976 4993/4993 3907/3907
f 3976/3976 3907/3907 2581/2581
f 5879/5879 5827/5827 5924/5924
f 5879/5879 5924/5924 6070/6070
f 4216/4216 2744/2744 1905/1905
f 4216/4216 1905/1905 2795/2795
f 5570/5570 5118/5118 5119/5119
f 5570/5570 5119/5119 5571/5571
f 5090/5090 5643/5643 5644/5644
f 5090/5090 5644/5644 5091/5091
f 1961/1961 2664/2664 3835/3835
f 1961/1961 3835/3835 2740/2740
f 2664/2664 1959/1959 2737/2737
f 2664/2664 2737/2737 3835/3835
f 3835/3835 2737/2737 1984/1984
f 3835/3835 1984/1984 2715/2715
f 2740/2740 3835/3835 2715/2715
f 2740/2740 2715/2715 1986/1986
f 6085/6085 5903/5903 5824/5824
f 6085/6085 5824/5824 5871/5871
f 3707/3707 2446/2446 3801/3801
f 3707/3707 3801/3801 4953/4953
f 2988/2988 4909/4909 5733/5733
f 2988/2988 5733/5733 4885/4885
f 2332/2332 3525/3525 4846/4846
f 2332/2332 4846/4846 3493/3493
f 4762/4762 2879/2879 4729/4729
f 4762/4762 4729/4729 5782/5782
f 3890/3890 4979/4979 3836/3836
f 3890/3890 3836/3836 2531/2531
f 2403/2403 3804/3804 4989/4989
f 2403/2403 4989/4989 3857/3857
f 5711/5711 3350/3350 2354/2354
f 5711/5711 2354/2354 3745/3745
f 3366/3366 4835/4835 2911/2911
f 3366/3366 2911/2911 2059/2059
f 2414/2414 3638/3638 5019/5019
f 2414/2414 5019/5019 3731/3731
f 5759/5759 4625/4625 2790/2790
f 5759/5759 2790/2790 4639/4639
f 5831/5831 5926/5926 6153/6153
f 5831/5831 6153/6153 5949/5949
f 5658/5658 5662/5662 5664/5664
f 5658/5658 5664/5664 5660/5660
f 4998/4998 3845/3845 2468/2468
f 4998/4998 2468/2468 3102/3102
f 6077/6077 6078/6078 6081/6081
f 6077/6077 6081/6081 6080/6080
f 4664/4664 2864/2864 1927/1927
f 4664/4664 1927/1927 2915/2915
f 4792/4792 3739/3739 2459/2459
f 4792/4792 2459/2459 3702/3702
f 2528/2528 3937/3937 5724/5724
f 2528/2528 5724/5724 3975/3975
f 2656/2656 4109/4109 4929/4929
f 2656/2656 4929/4929 4068/4068
f 5124/5124 5630/5630 5631/5631
f 5124/5124 5631/5631 5125/5125
f 4201/4201 2741/2741 1903/1903
f 4201/4201 1903/1903 2792/2792
f 4921/4921 5208/5208 5292/5292
f 4921/4921 5292/5292 5177/5177
f 5964/5964 5987/5987 5988/5988
f 5964/5964 5988/5988 5972/5972
f 1872/1872 2793/2793 4201/4201
f 1872/1872 4201/4201 2704/2704
f 5835/5835 5816/5816 5945/5945
f 5835/5835 5945/5945 6152/6152
f 3940/3940 2529/2529 4004/4004
f 3940/3940 4004/4004 5726/5726
f 3532/3532 2309/2309 2818/2818
f 3532/3532 2818/2818 4848/4848
f 5097/5097 5554/5554 5555/5555
f 5097/5097 5555/5555 5096/5096
f 2354/2354 3777/3777 5042/5042
f 2354/2354 5042/5042 3725/3725
f 4771/4771 2897/2897 4736/4736
f 4771/4771 4736/4736 5786/5786
f 4620/4620 5777/5777 4712/4712
f 4620/4620 4712/4712 2772/2772
f 6075/6075 6076/6076 5920/5920
f 6075/6075 5920/5920 5919/5919
f 5961/5961 5994/5994 5853/5853
f 5961/5961 5853/5853 5854/5854
f 2811/2811 4283/4283 2941/2941
f 2811/2811 2941/2941 1947/1947
f 2748/2748 4660/4660 2871/2871
f 2748/2748 2871/2871 1924/1924
f 5843/5843 5819/5819 5849/5849
f 5843/5843 5849/5849 5957/5957
f 1896/1896 2935/2935 4666/4666
f 1896/1896 4666/4666 2836/2836
f 2717/2717 4218/4218 2796/2796
f 2717/2717 2796/2796 1876/1876
f 2836/2836 4666/4666 2934/2934
f 2836/2836 2934/2934 1885/1885
f 2798/2798 1920/1920 2745/2745
f 2798/2798 2745/2745 4218/4218
f 3807/3807 2404/2404 3858/3858
f 3807/3807 3858/3858 4996/4996
f 2943/2943 1972/1972 2893/2893
f 2943/2943 2893/2893 4283/4283
f 6239/6239 3015/3015 4711/4711
f 6239/6239 4711/4711 6240/6240
f 2768/2768 4221/4221 5034/5034
f 2768/2768 5034/5034 4275/4275
f 3184/3184 1941/1941 3313/3313
f 3184/3184 3313/3313 5716/5716
f 5642/5642 6146/6146 6145/6145
f 5642/5642 6145/6145 5643/5643
f 5014/5014 2792/2792 1903/1903
f 5014/5014 1903/1903 3182/3182
f 4997/4997 3871/3871 2489/2489
f 4997/4997 2489/2489 3122/3122
f 1952/1952 2657/2657 3846/3846
f 1952/1952 3846/3846 2754/2754
f 2657/2657 1953/1953 2753/2753
f 2657/2657 2753/2753 3846/3846
f 3846/3846 2753/2753 1978/1978
f 3846/3846 1978/1978 2708/2708
f 2754/2754 3846/3846 2708/2708
f 2754/2754 2708/2708 1977/1977
f 4285/4285 2894/2894 1972/1972
f 4285/4285 1972/1972 2943/2943
f 5351/5351 5080/5080 5354/5354
f 5351/5351 5354/5354 5654/5654
f 6181/6181 6217/6217 6219/6219
f 6181/6181 6219/6219 6183/6183
f 5834/5834 5835/5835 6152/6152
f 5834/5834 6152/6152 6151/6151
f 5910/5910 6101/6101 6104/6104
f 5910/5910 6104/6104 5911/5911
f 2356/2356 3745/3745 5043/5043
f 2356/2356 5043/5043 3729/3729
f 6110/6110 6111/6111 6114/6114
f 6110/6110 6114/6114 6113/6113
f 3650/3650 2278/2278 4975/4975
f 3650/3650 4975/4975 5812/5812
f 1954/1954 2658/2658 3847/3847
f 1954/1954 3847/3847 2759/2759
f 2658/2658 1952/1952 2754/2754
f 2658/2658 2754/2754 3847/3847
f 3847/3847 2754/2754 1977/1977
f 3847/3847 1977/1977 2709/2709
f 2759/2759 3847/3847 2709/2709
f 2759/2759 2709/2709 1979/1979
f 4806/4806 2700/2700 4190/4190
f 4806/4806 4190/4190 5755/5755
f 4830/4830 5756/5756 4806/4806
f 4830/4830 4806/4806 2950/2950
f 3951/3951 4983/4983 3892/3892
f 3951/3951 3892/3892 2569/2569
f 2812/2812 4285/4285 2943/2943
f 2812/2812 2943/2943 1948/1948
f 5657/5657 5661/5661 5663/5663
f 5657/5657 5663/5663 5659/5659
f 3559/3559 2378/2378 3677/3677
f 3559/3559 3677/3677 4781/4781
f 6017/6017 6018/6018 6021/6021
f 6017/6017 6021/6021 6020/6020
f 1941/1941 3182/3182 5717/5717
f 1941/1941 5717/5717 3313/3313
f 1955/1955 2659/2659 3850/3850
f 1955/1955 3850/3850 2760/2760
f 2659/2659 1954/1954 2759/2759
f 2659/2659 2759/2759 3850/3850
f 3850/3850 2759/2759 1979/1979
f 3850/3850 1979/1979 2710/2710
f 2760/2760 3850/3850 2710/2710
f 2760/2760 2710/2710 1980/1980
f 4129/4129 2694/2694 4168/4168
f 4129/4129 4168/4168 4892/4892
f 4885/4885 5733/5733 4907/4907
f 4885/4885 4907/4907 2986/2986
f 3042/3042 2021/2021 3010/3010
f 3042/3042 3010/3010 4706/4706
f 5702/5702 3131/3131 2057/2057
f 5702/5702 2057/2057 3630/3630
f 2799/2799 1923/1923 2746/2746
f 2799/2799 2746/2746 4223/4223
f 2718/2718 4223/4223 2798/2798
f 2718/2718 2798/2798 1877/1877
f 1879/1879 2801/2801 4224/4224
f 1879/1879 4224/4224 2719/2719
f 4223/4223 2746/2746 1920/1920
f 4223/4223 1920/1920 2798/2798
f 1956/1956 2660/2660 3853/3853
f 1956/1956 3853/3853 2765/2765
f 2660/2660 1955/1955 2760/2760
f 2660/2660 2760/2760 3853/3853
f 3853/3853 2760/2760 1980/1980
f 3853/3853 1980/1980 2711/2711
f 2765/2765 3853/3853 2711/2711
f 2765/2765 2711/2711 1981/1981
f 1924/1924 2871/2871 4663/4663
f 1924/1924 4663/4663 2747/2747
f 5931/5931 6119/6119 6122/6122
f 5931/5931 6122/6122 5930/5930
f 3159/3159 4788/4788 3296/3296
f 3159/3159 3296/3296 2104/2104
f 3788/3788 2358/2358 3844/3844
f 3788/3788 3844/3844 5727/5727
f 4952/4952 3872/3872 2533/2533
f 4952/4952 2533/2533 3839/3839
f 2672/2672 4599/4599 5760/5760
f 2672/2672 5760/5760 4184/4184
f 5781/5781 4685/4685 2844/2844
f 5781/5781 2844/2844 4725/4725
f 6090/6090 6092/6092 6096/6096
f 6090/6090 6096/6096 6094/6094
f 1957/1957 2661/2661 3856/3856
f 1957/1957 3856/3856 2771/2771
f 2661/2661 1956/1956 2765/2765
f 2661/2661 2765/2765 3856/3856
f 3856/3856 2765/2765 1981/1981
f 3856/3856 1981/1981 2712/2712
f 2771/2771 3856/3856 2712/2712
f 2771/2771 2712/2712 1982/1982
f 5272/5272 5967/5967 5966/5966
f 5272/5272 5966/5966 5453/5453
f 1920/1920 2868/2868 4669/4669
f 1920/1920 4669/4669 2745/2745
f 1917/1917 2645/2645 4286/4286
f 1917/1917 4286/4286 2816/2816
f 2816/2816 4286/4286 2944/2944
f 2816/2816 2944/2944 1949/1949
f 3261/3261 2026/2026 3402/3402
f 3261/3261 3402/3402 5055/5055
f 5672/5672 5675/5675 5676/5676
f 5672/5672 5676/5676 5673/5673
f 3350/3350 5712/5712 3777/3777
f 3350/3350 3777/3777 2354/2354
f 3749/3749 2227/2227 3300/3300
f 3749/3749 3300/3300 4979/4979
f 1958/1958 2662/2662 3859/3859
f 1958/1958 3859/3859 2736/2736
f 2662/2662 1957/1957 2771/2771
f 2662/2662 2771/2771 3859/3859
f 3859/3859 2771/2771 1982/1982
f 3859/3859 1982/1982 2713/2713
f 2736/2736 3859/3859 2713/2713
f 2736/2736 2713/2713 1983/1983
f 2868/2868 2138/2138 3211/3211
f 2868/2868 3211/3211 4669/4669
f 4618/4618 2837/2837 1896/1896
f 4618/4618 1896/1896 3441/3441
f 3394/3394 4617/4617 3425/3425
f 3394/3394 3425/3425 2257/2257
f 4669/4669 3211/3211 2136/2136
f 4669/4669 2136/2136 2866/2866
f 2525/2525 1894/1894 2748/2748
f 2525/2525 2748/2748 4235/4235
f 4235/4235 2748/2748 1924/1924
f 4235/4235 1924/1924 2801/2801
f 1966/1966 2984/2984 4612/4612
f 1966/1966 4612/4612 2883/2883
f 1942/1942 2905/2905 4236/4236
f 1942/1942 4236/4236 2802/2802
f 4617/4617 2836/2836 1885/1885
f 4617/4617 1885/1885 3425/3425
f 4672/4672 3214/3214 2132/2132
f 4672/4672 2132/2132 2853/2853
f 2241/2241 3368/3368 4679/4679
f 2241/2241 4679/4679 3334/3334
f 2856/2856 2133/2133 3214/3214
f 2856/2856 3214/3214 4672/4672
f 3499/3499 4848/4848 3530/3530
f 3499/3499 3530/3530 2334/2334
f 5082/5082 5645/5645 5646/5646
f 5082/5082 5646/5646 5083/5083
f 5383/5383 5126/5126 5127/5127
f 5383/5383 5127/5127 5384/5384
f 5065/5065 5116/5116 5386/5386
f 5065/5065 5386/5386 5113/5113
f 2905/2905 1962/1962 2875/2875
f 2905/2905 2875/2875 4236/4236
f 5153/5153 5466/5466 5467/5467
f 5153/5153 5467/5467 5154/5154
f 4719/4719 3165/3165 2106/2106
f 4719/4719 2106/2106 3176/3176
f 5203/5203 5204/5204 5405/5405
f 5203/5203 5405/5405 5401/5401
f 4597/4597 3025/3025 2039/2039
f 4597/4597 2039/2039 3065/3065
f 3066/3066 2048/2048 3025/3025
f 3066/3066 3025/3025 4597/4597
f 4072/4072 4947/4947 3712/3712
f 4072/4072 3712/3712 2464/2464
f 4255/4255 5759/5759 4639/4639
f 4255/4255 4639/4639 2732/2732
f 3695/3695 5708/5708 3663/3663
f 3695/3695 3663/3663 2299/2299
f 2802/2802 4236/4236 2904/2904
f 2802/2802 2904/2904 1943/1943
f 2648/2648 4056/4056 4257/4257
f 2648/2648 4257/4257 4053/4053
f 4236/4236 2875/2875 1963/1963
f 4236/4236 1963/1963 2904/2904
f 5848/5848 5955/5955 5958/5958
f 5848/5848 5958/5958 5847/5847
f 4605/4605 2733/2733 4255/4255
f 4605/4605 4255/4255 5762/5762
f 3453/3453 2036/2036 6281/6281
f 3453/3453 6281/6281 6283/6283
f 3554/3554 4753/4753 3474/3474
f 3554/3554 3474/3474 2347/2347
f 5338/5338 5243/5243 5672/5672
f 5338/5338 5672/5672 5669/5669
f 2644/2644 4053/4053 4257/4257
f 2644/2644 4257/4257 4051/4051
f 2078/2078 3177/3177 4719/4719
f 2078/2078 4719/4719 3095/3095
f 6060/6060 6061/6061 6064/6064
f 6060/6060 6064/6064 6063/6063
f 1977/1977 2708/2708 3868/3868
f 1977/1977 3868/3868 2814/2814
f 2708/2708 1978/1978 2813/2813
f 2708/2708 2813/2813 3868/3868
f 3868/3868 2813/2813 2003/2003
f 3868/3868 2003/2003 2774/2774
f 2814/2814 3868/3868 2774/2774
f 2814/2814 2774/2774 2001/2001
f 1905/1905 2856/2856 4672/4672
f 1905/1905 4672/4672 2743/2743
f 2258/2258 3441/3441 4617/4617
f 2258/2258 4617/4617 3394/3394
f 4954/4954 3805/3805 2491/2491
f 4954/4954 2491/2491 3765/3765
f 5125/5125 5631/5631 5238/5238
f 5125/5125 5238/5238 5070/5070
f 5083/5083 5646/5646 5647/5647
f 5083/5083 5647/5647 5084/5084
f 3745/3745 2354/2354 3725/3725
f 3745/3745 3725/3725 5043/5043
f 2111/2111 3161/3161 4239/4239
f 2111/2111 4239/4239 3234/3234
f 4935/4935 5801/5801 4957/4957
f 4935/4935 4957/4957 3046/3046
f 1979/1979 2709/2709 3870/3870
f 1979/1979 3870/3870 2817/2817
f 2709/2709 1977/1977 2814/2814
f 2709/2709 2814/2814 3870/3870
f 3870/3870 2814/2814 2001/2001
f 3870/3870 2001/2001 2776/2776
f 2817/2817 3870/3870 2776/2776
f 2817/2817 2776/2776 2005/2005
f 4112/4112 2350/2350 3180/3180
f 4112/4112 3180/3180 4928/4928
f 5288/5288 5291/5291 5170/5170
f 5288/5288 5170/5170 5169/5169
f 6184/6184 6185/6185 6188/6188
f 6184/6184 6188/6188 6187/6187
f 5166/5166 5165/5165 5289/5289
f 5166/5166 5289/5289 5286/5286
f 3845/3845 5000/5000 3105/3105
f 3845/3845 3105/3105 2468/2468
f 3926/3926 2239/2239 3369/3369
f 3926/3926 3369/3369 5719/5719
f 6116/6116 6117/6117 6120/6120
f 6116/6116 6120/6120 6119/6119
f 3421/3421 1884/1884 2834/2834
f 3421/3421 2834/2834 4615/4615
f 1980/1980 2710/2710 3873/3873
f 1980/1980 3873/3873 2820/2820
f 2710/2710 1979/1979 2817/2817
f 2710/2710 2817/2817 3873/3873
f 3873/3873 2817/2817 2005/2005
f 3873/3873 2005/2005 2778/2778
f 2820/2820 3873/3873 2778/2778
f 2820/2820 2778/2778 2007/2007
f 5636/5636 5222/5222 5223/5223
f 5636/5636 5223/5223 5637/5637
f 6252/6252 6251/6251 6268/6268
f 6252/6252 6268/6268 6267/6267
f 5553/5553 5088/5088 5062/5062
f 5553/5553 5062/5062 5119/5119
f 2743/2743 4672/4672 2853/2853
f 2743/2743 2853/2853 1904/1904
f 2075/2075 4119/4119 4875/4875
f 2075/2075 4875/4875 3100/3100
f 6008/6008 5868/5868 5869/5869
f 6008/6008 5869/5869 6012/6012
f 5756/5756 4191/4191 2700/2700
f 5756/5756 2700/2700 4806/4806
f 3040/3040 1997/1997 2998/2998
f 3040/3040 2998/2998 4701/4701
f 1981/1981 2711/2711 3876/3876
f 1981/1981 3876/3876 2823/2823
f 2711/2711 1980/1980 2820/2820
f 2711/2711 2820/2820 3876/3876
f 3876/3876 2820/2820 2007/2007
f 3876/3876 2007/2007 2780/2780
f 2823/2823 3876/3876 2780/2780
f 2823/2823 2780/2780 2009/2009
f 5295/5295 5298/5298 5299/5299
f 5295/5295 5299/5299 5296/5296
f 6020/6020 6021/6021 6024/6024
f 6020/6020 6024/6024 6023/6023
f 5165/5165 4920/4920 5173/5173
f 5165/5165 5173/5173 5289/5289
f 2791/2791 4723/4723 5779/5779
f 2791/2791 5779/5779 4625/4625
f 2437/2437 3642/3642 5013/5013
f 2437/2437 5013/5013 3735/3735
f 3045/3045 2022/2022 3014/3014
f 3045/3045 3014/3014 4709/4709
f 5810/5810 4973/4973 2881/2881
f 5810/5810 2881/2881 4733/4733
f 4972/4972 5808/5808 4729/4729
f 4972/4972 4729/4729 2879/2879
f 1982/1982 2712/2712 3878/3878
f 1982/1982 3878/3878 2825/2825
f 2712/2712 1981/1981 2823/2823
f 2712/2712 2823/2823 3878/3878
f 3878/3878 2823/2823 2009/2009
f 3878/3878 2009/2009 2782/2782
f 2825/2825 3878/3878 2782/2782
f 2825/2825 2782/2782 2011/2011
f 4831/4831 5755/5755 4805/4805
f 4831/4831 4805/4805 2948/2948
f 5031/5031 4271/4271 2724/2724
f 5031/5031 2724/2724 3571/3571
f 5005/5005 4027/4027 2612/2612
f 5005/5005 2612/2612 3991/3991
f 3351/3351 4694/4694 3312/3312
f 3351/3351 3312/3312 2211/2211
f 5109/5109 5379/5379 5133/5133
f 5109/5109 5133/5133 5066/5066
f 3378/3378 4614/4614 3414/3414
f 3378/3378 3414/3414 2242/2242
f 2938/2938 4702/4702 3040/3040
f 2938/2938 3040/3040 1965/1965
f 6087/6087 6089/6089 6093/6093
f 6087/6087 6093/6093 6091/6091
f 1983/1983 2713/2713 3881/3881
f 1983/1983 3881/3881 2827/2827
f 2713/2713 1982/1982 2825/2825
f 2713/2713 2825/2825 3881/3881
f 3881/3881 2825/2825 2011/2011
f 3881/3881 2011/2011 2784/2784
f 2827/2827 3881/3881 2784/2784
f 2827/2827 2784/2784 2013/2013
f 3432/3432 2280/2280 3518/3518
f 3432/3432 3518/3518 4744/4744
f 2281/2281 3432/3432 4744/4744
f 2281/2281 4744/4744 3519/3519
f 5298/5298 5196/5196 5197/5197
f 5298/5298 5197/5197 5299/5299
f 3519/3519 4744/4744 3470/3470
f 3519/3519 3470/3470 2344/2344
f 1984/1984 2714/2714 3882/3882
f 1984/1984 3882/3882 2828/2828
f 2714/2714 1983/1983 2827/2827
f 2714/2714 2827/2827 3882/3882
f 3882/3882 2827/2827 2013/2013
f 3882/3882 2013/2013 2786/2786
f 2828/2828 3882/3882 2786/2786
f 2828/2828 2786/2786 2015/2015
f 5015/5015 3733/3733 2666/2666
f 5015/5015 2666/2666 4103/4103
f 4239/4239 2802/2802 1943/1943
f 4239/4239 1943/1943 2846/2846
f 2132/2132 3162/3162 4243/4243
f 2132/2132 4243/4243 3231/3231
f 3161/3161 1942/1942 2802/2802
f 3161/3161 2802/2802 4239/4239
f 1986/1986 2715/2715 3884/3884
f 1986/1986 3884/3884 2831/2831
f 2715/2715 1984/1984 2828/2828
f 2715/2715 2828/2828 3884/3884
f 3884/3884 2828/2828 2015/2015
f 3884/3884 2015/2015 2788/2788
f 2831/2831 3884/3884 2788/2788
f 2831/2831 2788/2788 2018/2018
f 5305/5305 5309/5309 5310/5310
f 5305/5305 5310/5310 5306/5306
f 3521/3521 4746/4746 3471/3471
f 3521/3521 3471/3471 2345/2345
f 5858/5858 6026/6026 6062/6062
f 5858/5858 6062/6062 5859/5859
f 5206/5206 4922/4922 5196/5196
f 5206/5206 5196/5196 5298/5298
f 4878/4878 3823/3823 2515/2515
f 4878/4878 2515/2515 4121/4121
f 5597/5597 5601/5601 5144/5144
f 5597/5597 5144/5144 5143/5143
f 4723/4723 2843/2843 4675/4675
f 4723/4723 4675/4675 5779/5779
f 4656/4656 2822/2822 4629/4629
f 4656/4656 4629/4629 5770/5770
f 5126/5126 5572/5572 5573/5573
f 5126/5126 5573/5573 5127/5127
f 3646/3646 2272/2272 4973/4973
f 3646/3646 4973/4973 5810/5810
f 3173/3173 1907/1907 3257/3257
f 3173/3173 3257/3257 5024/5024
f 5127/5127 5573/5573 5574/5574
f 5127/5127 5574/5574 5128/5128
f 5630/5630 5633/5633 5634/5634
f 5630/5630 5634/5634 5631/5631
f 4720/4720 3085/3085 2047/2047
f 4720/4720 2047/2047 3113/3113
f 3565/3565 2381/2381 3681/3681
f 3565/3565 3681/3681 4784/4784
f 3231/3231 4243/4243 3161/3161
f 3231/3231 3161/3161 2111/2111
f 4004/4004 5725/5725 3122/3122
f 4004/4004 3122/3122 2489/2489
f 3213/3213 2103/2103 3157/3157
f 3213/3213 3157/3157 4752/4752
f 6125/6125 6126/6126 6129/6129
f 6125/6125 6129/6129 6128/6128
f 4746/4746 3519/3519 2344/2344
f 4746/4746 2344/2344 3471/3471
f 4757/4757 3159/3159 2104/2104
f 4757/4757 2104/2104 3215/3215
f 2133/2133 3163/3163 4245/4245
f 2133/2133 4245/4245 3214/3214
f 3214/3214 4245/4245 3162/3162
f 3214/3214 3162/3162 2132/2132
f 4139/4139 5026/5026 3576/3576
f 4139/4139 3576/3576 2359/2359
f 2595/2595 4039/4039 5789/5789
f 2595/2595 5789/5789 4691/4691
f 2463/2463 3710/3710 4958/4958
f 2463/2463 4958/4958 3827/3827
f 2252/2252 3343/3343 3952/3952
f 2252/2252 3952/3952 3345/3345
f 5021/5021 3250/3250 1950/1950
f 5021/5021 1950/1950 3187/3187
f 5588/5588 5121/5121 5120/5120
f 5588/5588 5120/5120 5589/5589
f 2960/2960 4889/4889 5738/5738
f 2960/2960 5738/5738 4880/4880
f 2857/2857 4775/4775 5788/5788
f 2857/2857 5788/5788 4689/4689
f 5308/5308 5312/5312 5189/5189
f 5308/5308 5189/5189 5188/5188
f 3668/3668 4926/4926 3644/3644
f 3668/3668 3644/3644 2439/2439
f 2694/2694 4129/4129 4866/4866
f 2694/2694 4866/4866 4169/4169
f 4866/4866 4166/4166 2385/2385
f 4866/4866 2385/2385 3581/3581
f 2447/2447 3707/3707 4953/4953
f 2447/2447 4953/4953 3805/3805
f 1895/1895 2503/2503 3893/3893
f 1895/1895 3893/3893 2597/2597
f 2503/2503 1893/1893 2593/2593
f 2503/2503 2593/2593 3893/3893
f 3893/3893 2593/2593 2051/2051
f 3893/3893 2051/2051 2863/2863
f 2597/2597 3893/3893 2863/2863
f 2597/2597 2863/2863 2053/2053
f 5238/5238 5237/5237 5623/5623
f 5238/5238 5623/5623 5620/5620
f 4120/4120 2514/2514 3821/3821
f 4120/4120 3821/3821 4876/4876
f 6105/6105 6106/6106 5876/5876
f 6105/6105 5876/5876 5875/5875
f 3789/3789 4787/4787 3766/3766
f 3789/3789 3766/3766 2487/2487
f 1893/1893 2502/2502 3895/3895
f 1893/1893 3895/3895 2593/2593
f 2502/2502 1892/1892 2591/2591
f 2502/2502 2591/2591 3895/3895
f 3895/3895 2591/2591 2050/2050
f 3895/3895 2050/2050 2865/2865
f 2593/2593 3895/3895 2865/2865
f 2593/2593 2865/2865 2051/2051
f 3163/3163 1945/1945 2809/2809
f 3163/3163 2809/2809 4245/4245
f 4724/4724 3095/3095 2069/2069
f 4724/4724 2069/2069 3118/3118
f 3118/3118 2069/2069 3086/3086
f 3118/3118 3086/3086 4721/4721
f 4245/4245 2809/2809 1944/1944
f 4245/4245 1944/1944 3162/3162
f 1892/1892 2501/2501 3897/3897
f 1892/1892 3897/3897 2591/2591
f 2501/2501 1891/1891 2590/2590
f 2501/2501 2590/2590 3897/3897
f 3897/3897 2590/2590 2049/2049
f 3897/3897 2049/2049 2867/2867
f 2591/2591 3897/3897 2867/2867
f 2591/2591 2867/2867 2050/2050
f 4247/4247 2810/2810 1945/1945
f 4247/4247 1945/1945 3163/3163
f 5573/5573 5576/5576 5577/5577
f 5573/5573 5577/5577 5574/5574
f 2136/2136 3166/3166 4247/4247
f 2136/2136 4247/4247 3212/3212
f 3732/3732 5017/5017 4106/4106
f 3732/3732 4106/4106 2665/2665
f 1902/1902 2848/2848 4676/4676
f 1902/1902 4676/4676 2741/2741
f 6258/6258 6134/6134 6135/6135
f 6258/6258 6135/6135 6253/6253
f 3832/3832 2506/2506 4280/4280
f 3832/3832 4280/4280 5766/5766
f 1904/1904 2853/2853 4674/4674
f 1904/1904 4674/4674 2742/2742
f 1891/1891 2500/2500 3900/3900
f 1891/1891 3900/3900 2590/2590
f 2500/2500 1890/1890 2587/2587
f 2500/2500 2587/2587 3900/3900
f 3900/3900 2587/2587 2046/2046
f 3900/3900 2046/2046 2870/2870
f 2590/2590 3900/3900 2870/2870
f 2590/2590 2870/2870 2049/2049
f 3309/3309 1951/1951 2936/2936
f 3309/3309 2936/2936 4688/4688
f 3212/3212 4247/4247 3163/3163
f 3212/3212 3163/3163 2133/2133
f 2695/2695 4130/4130 4867/4867
f 2695/2695 4867/4867 4172/4172
f 3166/3166 1947/1947 2810/2810
f 3166/3166 2810/2810 4247/4247
f 2741/2741 4676/4676 3160/3160
f 2741/2741 3160/3160 1903/1903
f 3682/3682 4911/4911 3638/3638
f 3682/3682 3638/3638 2414/2414
f 3279/3279 1874/1874 2706/2706
f 3279/3279 2706/2706 4143/4143
f 3237/3237 4143/4143 3264/3264
f 3237/3237 3264/3264 2144/2144
f 1890/1890 2499/2499 3902/3902
f 1890/1890 3902/3902 2587/2587
f 2499/2499 1889/1889 2585/2585
f 2499/2499 2585/2585 3902/3902
f 3902/3902 2585/2585 2043/2043
f 3902/3902 2043/2043 2872/2872
f 2587/2587 3902/3902 2872/2872
f 2587/2587 2872/2872 2046/2046
f 4867/4867 4169/4169 2386/2386
f 4867/4867 2386/2386 3582/3582
f 6239/6239 6238/6238 4721/4721
f 6239/6239 4721/4721 3015/3015
f 4162/4162 4892/4892 3572/3572
f 4162/4162 3572/3572 2725/2725
f 3949/3949 5720/5720 3102/3102
f 3949/3949 3102/3102 2468/2468
f 3238/3238 4144/4144 3279/3279
f 3238/3238 3279/3279 2166/2166
f 2167/2167 3283/3283 4144/4144
f 2167/2167 4144/4144 3238/3238
f 2853/2853 2132/2132 3231/3231
f 2853/2853 3231/3231 4674/4674
f 5075/5075 5346/5346 5678/5678
f 5075/5075 5678/5678 5229/5229
f 1889/1889 2498/2498 3904/3904
f 1889/1889 3904/3904 2585/2585
f 2498/2498 1888/1888 2582/2582
f 2498/2498 2582/2582 3904/3904
f 3904/3904 2582/2582 2042/2042
f 3904/3904 2042/2042 2874/2874
f 2585/2585 3904/3904 2874/2874
f 2585/2585 2874/2874 2043/2043
f 5084/5084 5647/5647 5345/5345
f 5084/5084 5345/5345 5061/5061
f 5664/5664 5668/5668 5242/5242
f 5664/5664 5242/5242 5243/5243
f 2900/2900 5035/5035 3194/3194
f 2900/2900 3194/3194 1939/1939
f 2698/2698 4601/4601 5761/5761
f 2698/2698 5761/5761 4188/4188
f 4604/4604 2959/2959 1999/1999
f 4604/4604 1999/1999 2997/2997
f 2387/2387 3582/3582 4925/4925
f 2387/2387 4925/4925 3705/3705
f 5375/5375 5102/5102 5101/5101
f 5375/5375 5101/5101 5376/5376
f 2327/2327 3487/3487 3952/3952
f 2327/2327 3952/3952 3489/3489
f 1888/1888 2497/2497 3906/3906
f 1888/1888 3906/3906 2582/2582
f 2497/2497 1886/1886 2580/2580
f 2497/2497 2580/2580 3906/3906
f 3906/3906 2580/2580 2041/2041
f 3906/3906 2041/2041 2877/2877
f 2582/2582 3906/3906 2877/2877
f 2582/2582 2877/2877 2042/2042
f 5019/5019 3730/3730 2653/2653
f 5019/5019 2653/2653 4109/4109
f 2138/2138 3168/3168 4248/4248
f 2138/2138 4248/4248 3211/3211
f 2751/2751 4199/4199 5028/5028
f 2751/2751 5028/5028 4269/4269
f 3119/3119 2078/2078 3095/3095
f 3119/3119 3095/3095 4724/4724
f 5653/5653 5656/5656 5339/5339
f 5653/5653 5339/5339 5340/5340
f 5340/5340 5339/5339 5665/5665
f 5340/5340 5665/5665 5661/5661
f 2690/2690 1960/1960 2959/2959
f 2690/2690 2959/2959 4604/4604
f 3257/3257 5023/5023 3188/3188
f 3257/3257 3188/3188 1987/1987
f 1886/1886 2496/2496 3909/3909
f 1886/1886 3909/3909 2580/2580
f 2496/2496 1887/1887 2839/2839
f 2496/2496 2839/2839 3909/3909
f 3909/3909 2839/2839 2040/2040
f 3909/3909 2040/2040 2880/2880
f 2580/2580 3909/3909 2880/2880
f 2580/2580 2880/2880 2041/2041
f 4248/4248 2811/2811 1947/1947
f 4248/4248 1947/1947 3166/3166
f 3706/3706 2201/2201 3239/3239
f 3706/3706 3239/3239 4927/4927
f 3168/3168 1948/1948 2811/2811
f 3168/3168 2811/2811 4248/4248
f 5271/5271 5963/5963 5964/5964
f 5271/5271 5964/5964 5280/5280
f 4606/4606 2946/2946 1992/1992
f 4606/4606 1992/1992 2995/2995
f 3011/3011 1991/1991 2946/2946
f 3011/3011 2946/2946 4606/4606
f 5728/5728 4026/4026 2560/2560
f 5728/5728 2560/2560 4887/4887
f 4676/4676 3234/3234 2110/2110
f 4676/4676 2110/2110 3160/3160
f 2139/2139 3169/3169 4250/4250
f 2139/2139 4250/4250 3210/3210
f 2025/2025 3121/3121 4727/4727
f 2025/2025 4727/4727 3018/3018
f 4250/4250 2812/2812 1948/1948
f 4250/4250 1948/1948 3168/3168
f 3211/3211 4248/4248 3166/3166
f 3211/3211 3166/3166 2136/2136
f 2848/2848 2111/2111 3234/3234
f 2848/2848 3234/3234 4676/4676
f 6063/6063 6064/6064 6067/6067
f 6063/6063 6067/6067 6066/6066
f 1962/1962 3011/3011 4606/4606
f 1962/1962 4606/4606 2875/2875
f 2875/2875 4606/4606 2995/2995
f 2875/2875 2995/2995 1963/1963
f 4272/4272 5031/5031 3571/3571
f 4272/4272 3571/3571 2725/2725
f 3983/3983 4704/4704 3428/3428
f 3983/3983 3428/3428 2279/2279
f 2574/2574 3963/3963 4704/4704
f 2574/2574 4704/4704 3983/3983
f 4155/4155 4862/4862 3577/3577
f 4155/4155 3577/3577 2382/2382
f 3724/3724 5041/5041 3275/3275
f 3724/3724 3275/3275 2030/2030
f 3236/3236 4678/4678 3265/3265
f 3236/3236 3265/3265 2143/2143
f 5182/5182 5303/5303 5304/5304
f 5182/5182 5304/5304 5180/5180
f 4918/4918 5186/5186 5301/5301
f 4918/4918 5301/5301 5183/5183
f 2060/2060 2884/2884 3916/3916
f 2060/2060 3916/3916 2910/2910
f 2884/2884 2059/2059 2911/2911
f 2884/2884 2911/2911 3916/3916
f 3916/3916 2911/2911 1863/1863
f 3916/3916 1863/1863 2473/2473
f 2910/2910 3916/3916 2473/2473
f 2910/2910 2473/2473 1862/1862
f 2116/2116 2963/2963 3917/3917
f 2116/2116 3917/3917 2999/2999
f 2963/2963 2114/2114 3000/3000
f 2963/2963 3000/3000 3917/3917
f 3917/3917 3000/3000 2089/2089
f 3917/3917 2089/2089 2450/2450
f 2999/2999 3917/3917 2450/2450
f 2999/2999 2450/2450 2090/2090
f 2118/2118 2965/2965 3918/3918
f 2118/2118 3918/3918 3001/3001
f 2965/2965 2116/2116 2999/2999
f 2965/2965 2999/2999 3918/3918
f 3918/3918 2999/2999 2090/2090
f 3918/3918 2090/2090 2451/2451
f 3001/3001 3918/3918 2451/2451
f 3001/3001 2451/2451 2091/2091
f 2120/2120 2967/2967 3919/3919
f 2120/2120 3919/3919 3002/3002
f 2967/2967 2118/2118 3001/3001
f 2967/2967 3001/3001 3919/3919
f 3919/3919 3001/3001 2091/2091
f 3919/3919 2091/2091 2452/2452
f 3002/3002 3919/3919 2452/2452
f 3002/3002 2452/2452 2092/2092
f 2122/2122 2969/2969 3920/3920
f 2122/2122 3920/3920 3003/3003
f 2969/2969 2120/2120 3002/3002
f 2969/2969 3002/3002 3920/3920
f 3920/3920 3002/3002 2092/2092
f 3920/3920 2092/2092 2453/2453
f 3003/3003 3920/3920 2453/2453
f 3003/3003 2453/2453 2093/2093
f 2124/2124 2971/2971 3921/3921
f 2124/2124 3921/3921 3004/3004
f 2971/2971 2122/2122 3003/3003
f 2971/2971 3003/3003 3921/3921
f 3921/3921 3003/3003 2093/2093
f 3921/3921 2093/2093 2454/2454
f 3004/3004 3921/3921 2454/2454
f 3004/3004 2454/2454 2094/2094
f 2126/2126 2973/2973 3922/3922
f 2126/2126 3922/3922 3005/3005
f 2973/2973 2124/2124 3004/3004
f 2973/2973 3004/3004 3922/3922
f 3922/3922 3004/3004 2094/2094
f 3922/3922 2094/2094 2455/2455
f 3005/3005 3922/3922 2455/2455
f 3005/3005 2455/2455 2095/2095
f 2128/2128 2975/2975 3923/3923
f 2128/2128 3923/3923 3006/3006
f 2975/2975 2126/2126 3005/3005
f 2975/2975 3005/3005 3923/3923
f 3923/3923 3005/3005 2095/2095
f 3923/3923 2095/2095 2456/2456
f 3006/3006 3923/3923 2456/2456
f 3006/3006 2456/2456 2096/2096
f 2131/2131 2977/2977 3924/3924
f 2131/2131 3924/3924 3008/3008
f 2977/2977 2128/2128 3006/3006
f 2977/2977 3006/3006 3924/3924
f 3924/3924 3006/3006 2096/2096
f 3924/3924 2096/2096 2457/2457
f 3008/3008 3924/3924 2457/2457
f 3008/3008 2457/2457 2098/2098
f 2674/2674 4118/4118 4862/4862
f 2674/2674 4862/4862 4155/4155
f 6013/6013 6014/6014 5837/5837
f 6013/6013 5837/5837 5836/5836
f 5101/5101 5583/5583 5138/5138
f 5101/5101 5138/5138 5068/5068
f 2829/2829 4654/4654 2902/2902
f 2829/2829 2902/2902 1880/1880
f 6240/6240 4711/4711 2942/2942
f 6240/6240 2942/2942 6241/6241
f 5841/5841 5842/5842 6140/6140
f 5841/5841 6140/6140 6139/6139
f 2390/2390 3791/3791 4985/4985
f 2390/2390 4985/4985 3848/3848
f 2142/2142 3467/3467 5701/5701
f 2142/2142 5701/5701 3604/3604
f 1882/1882 2906/2906 4655/4655
f 1882/1882 4655/4655 2832/2832
f 2565/2565 3927/3927 4763/4763
f 2565/2565 4763/4763 3898/3898
f 6117/6117 6118/6118 6121/6121
f 6117/6117 6121/6121 6120/6120
f 3898/3898 4763/4763 3558/3558
f 3898/3898 3558/3558 2378/2378
f 5334/5334 5337/5337 5390/5390
f 5334/5334 5390/5390 5335/5335
f 5379/5379 5382/5382 5134/5134
f 5379/5379 5134/5134 5133/5133
f 5197/5197 5332/5332 5333/5333
f 5197/5197 5333/5333 5198/5198
f 4940/4940 5803/5803 4960/4960
f 4940/4940 4960/4960 3053/3053
f 2156/2156 4281/4281 5047/5047
f 2156/2156 5047/5047 3217/3217
f 2832/2832 4655/4655 2903/2903
f 2832/2832 2903/2903 1881/1881
f 5782/5782 4729/4729 2510/2510
f 5782/5782 2510/2510 3861/3861
f 6277/6277 6278/6278 6311/6311
f 6277/6277 6311/6311 6309/6309
f 3428/3428 2275/2275 3516/3516
f 3428/3428 3516/3516 4741/4741
f 2461/2461 3708/3708 4954/4954
f 2461/2461 4954/4954 3810/3810
f 5738/5738 4010/4010 3024/3024
f 5738/5738 3024/3024 4891/4891
f 3074/3074 4751/4751 3198/3198
f 3074/3074 3198/3198 2038/2038
f 6102/6102 6103/6103 6106/6106
f 6102/6102 6106/6106 6105/6105
f 4146/4146 2716/2716 1875/1875
f 4146/4146 1875/1875 3283/3283
f 4147/4147 2717/2717 1876/1876
f 4147/4147 1876/1876 3285/3285
f 4659/4659 2862/2862 1926/1926
f 4659/4659 1926/1926 2908/2908
f 2930/2930 1870/1870 2720/2720
f 2930/2930 2720/2720 4152/4152
f 3741/3741 5011/5011 4098/4098
f 3741/3741 4098/4098 2670/2670
f 5087/5087 5640/5640 5641/5641
f 5087/5087 5641/5641 5088/5088
f 4638/4638 3020/3020 2035/2035
f 4638/4638 2035/2035 3079/3079
f 3738/3738 5012/5012 4100/4100
f 3738/3738 4100/4100 2669/2669
f 3910/3910 2583/2583 4030/4030
f 3910/3910 4030/4030 5007/5007
f 4913/4913 3691/3691 2415/2415
f 4913/4913 2415/2415 3640/3640
f 3187/3187 1950/1950 3330/3330
f 3187/3187 3330/3330 5714/5714
f 3709/3709 2461/2461 3810/3810
f 3709/3709 3810/3810 4956/4956
f 2702/2702 4610/4610 5765/5765
f 2702/2702 5765/5765 4192/4192
f 4640/4640 2791/2791 4625/4625
f 4640/4640 4625/4625 5759/5759
f 4953/4953 3801/3801 2490/2490
f 4953/4953 2490/2490 3761/3761
f 1995/1995 3079/3079 4632/4632
f 1995/1995 4632/4632 2952/2952
f 2952/2952 4632/4632 3078/3078
f 2952/2952 3078/3078 1994/1994
f 5098/5098 5565/5565 5091/5091
f 5098/5098 5091/5091 5064/5064
f 3704/3704 4915/4915 3642/3642
f 3704/3704 3642/3642 2437/2437
f 4066/4066 4928/4928 3706/3706
f 4066/4066 3706/3706 2446/2446
f 5205/5205 5146/5146 5199/5199
f 5205/5205 5199/5199 5409/5409
f 4928/4928 3180/3180 2201/2201
f 4928/4928 2201/2201 3706/3706
f 4838/4838 2800/2800 2301/2301
f 4838/4838 2301/2301 3513/3513
f 4765/4765 2882/2882 4733/4733
f 4765/4765 4733/4733 5784/5784
f 4270/4270 5029/5029 3569/3569
f 4270/4270 3569/3569 2723/2723
f 3742/3742 2671/2671 4825/4825
f 3742/3742 4825/4825 5790/5790
f 2524/2524 3935/3935 5723/5723
f 2524/2524 5723/5723 3974/3974
f 4101/4101 5790/5790 4244/4244
f 4101/4101 4244/4244 2633/2633
f 2440/2440 3742/3742 5790/5790
f 2440/2440 5790/5790 4101/4101
f 3121/3121 2080/2080 3098/3098
f 3121/3121 3098/3098 4727/4727
f 1944/1944 2909/2909 4267/4267
f 1944/1944 4267/4267 2808/2808
f 5582/5582 5585/5585 5586/5586
f 5582/5582 5586/5586 5583/5583
f 3347/3347 5714/5714 3781/3781
f 3347/3347 3781/3781 2348/2348
f 1945/1945 2933/2933 4277/4277
f 1945/1945 4277/4277 2809/2809
f 5713/5713 3347/3347 2348/2348
f 5713/5713 2348/2348 3779/3779
f 4277/4277 2883/2883 1964/1964
f 4277/4277 1964/1964 2909/2909
f 2809/2809 4277/4277 2909/2909
f 2809/2809 2909/2909 1944/1944
f 2406/2406 3610/3610 4796/4796
f 2406/2406 4796/4796 3750/3750
f 2933/2933 1966/1966 2883/2883
f 2933/2933 2883/2883 4277/4277
f 5634/5634 5637/5637 5236/5236
f 5634/5634 5236/5236 5237/5237
f 3048/3048 6233/6233 6232/6232
f 3048/3048 6232/6232 1970/1970
f 2242/2242 3413/3413 4637/4637
f 2242/2242 4637/4637 3378/3378
f 3378/3378 4637/4637 3415/3415
f 3378/3378 3415/3415 2243/2243
f 4637/4637 2804/2804 2304/2304
f 4637/4637 2304/2304 3415/3415
f 3528/3528 5046/5046 3567/3567
f 3528/3528 3567/3567 2393/2393
f 3979/3979 4871/4871 3400/3400
f 3979/3979 3400/3400 2607/2607
f 3941/3941 2336/2336 3952/3952
f 2668/2668 4102/4102 4947/4947
f 2668/2668 4947/4947 4072/4072
f 4609/4609 2949/2949 1991/1991
f 4609/4609 1991/1991 3011/3011
f 2410/2410 3615/3615 4774/4774
f 2410/2410 4774/4774 3727/3727
f 2245/2245 3370/3370 4680/4680
f 2245/2245 4680/4680 3336/3336
f 5767/5767 4689/4689 2850/2850
f 5767/5767 2850/2850 4698/4698
f 2176/2176 4595/4595 5054/5054
f 2176/2176 5054/5054 3232/3232
f 3113/3113 2047/2047 3076/3076
f 3113/3113 3076/3076 4699/4699
f 3097/3097 4874/4874 4116/4116
f 3097/3097 4116/4116 2071/2071
f 4615/4615 2834/2834 1883/1883
f 4615/4615 1883/1883 3417/3417
f 1960/1960 2739/2739 4621/4621
f 1960/1960 4621/4621 2959/2959
f 5648/5648 5651/5651 5652/5652
f 5648/5648 5652/5652 5649/5649
f 6081/6081 6082/6082 6085/6085
f 6081/6081 6085/6085 6084/6084
f 4679/4679 2676/2676 2198/2198
f 4679/4679 2198/2198 3369/3369
f 2960/2960 4890/4890 5728/5728
f 2960/2960 5728/5728 4879/4879
f 3414/3414 1882/1882 2832/2832
f 3414/3414 2832/2832 4613/4613
f 5068/5068 5138/5138 5377/5377
f 5068/5068 5377/5377 5107/5107
f 5969/5969 5980/5980 5981/5981
f 5969/5969 5981/5981 5970/5970
f 6258/6258 6253/6253 6264/6264
f 6258/6258 6264/6264 6263/6263
f 3336/3336 4680/4680 3368/3368
f 3336/3336 3368/3368 2241/2241
f 4891/4891 3024/3024 4012/4012
f 4891/4891 4012/4012 5740/5740
f 3085/3085 4757/4757 3215/3215
f 3085/3085 3215/3215 2047/2047
f 2583/2583 3908/3908 5005/5005
f 2583/2583 5005/5005 4030/4030
f 3215/3215 2104/2104 3158/3158
f 3215/3215 3158/3158 4756/4756
f 4916/4916 5152/5152 5313/5313
f 4916/4916 5313/5313 5167/5167
f 2113/2113 2962/2962 3952/3952
f 2115/2115 2964/2964 3952/3952
f 2115/2115 3952/3952 2962/2962
f 2117/2117 2966/2966 3952/3952
f 2117/2117 3952/3952 2964/2964
f 2119/2119 2968/2968 3952/3952
f 2119/2119 3952/3952 2966/2966
f 2121/2121 2970/2970 3952/3952
f 2121/2121 3952/3952 2968/2968
f 2123/2123 2972/2972 3952/3952
f 2123/2123 3952/3952 2970/2970
f 2125/2125 2974/2974 3952/3952
f 2125/2125 3952/3952 2972/2972
f 2127/2127 2976/2976 3952/3952
f 2127/2127 3952/3952 2974/2974
f 5045/5045 3500/3500 2135/2135
f 5045/5045 2135/2135 3464/3464
f 2108/2108 3575/3575 5709/5709
f 2108/2108 5709/5709 3306/3306
f 2942/2942 4711/4711 3045/3045
f 2942/2942 3045/3045 1969/1969
f 3447/3447 1898/1898 2837/2837
f 3447/3447 2837/2837 4618/4618
f 4624/4624 3016/3016 2031/2031
f 4624/4624 2031/2031 3073/3073
f 3396/3396 2083/2083 3500/3500
f 3396/3396 3500/3500 5045/5045
f 3306/3306 5709/5709 3665/3665
f 3306/3306 3665/3665 2175/2175
f 3552/3552 2179/2179 3672/3672
f 3552/3552 3672/3672 5703/5703
f 6025/6025 5855/5855 5820/5820
f 6025/6025 5820/5820 5867/5867
f 2300/2300 3664/3664 5814/5814
f 2300/2300 5814/5814 4978/4978
f 3501/3501 5045/5045 3464/3464
f 3501/3501 3464/3464 2137/2137
f 2731/2731 4661/4661 5773/5773
f 2731/2731 5773/5773 4249/4249
f 3731/3731 5019/5019 4109/4109
f 3731/3731 4109/4109 2656/2656
f 5787/5787 4737/4737 2897/2897
f 5787/5787 2897/2897 4771/4771
f 3263/3263 2028/2028 3448/3448
f 3263/3263 3448/3448 5057/5057
f 3039/3039 1990/1990 2994/2994
f 3039/3039 2994/2994 4673/4673
f 4884/4884 5732/5732 4902/4902
f 4884/4884 4902/4902 2982/2982
f 3556/3556 2349/2349 3670/3670
f 3556/3556 3670/3670 4776/4776
f 2862/2862 4808/4808 2983/2983
f 2862/2862 2983/2983 1926/1926
f 3671/3671 4776/4776 3612/3612
f 3671/3671 3612/3612 2408/2408
f 4776/4776 3670/3670 2406/2406
f 4776/4776 2406/2406 3612/3612
f 3274/3274 5727/5727 3101/3101
f 3274/3274 3101/3101 2198/2198
f 4715/4715 3018/3018 2023/2023
f 4715/4715 2023/2023 3048/3048
f 4956/4956 3810/3810 2492/2492
f 4956/4956 2492/2492 3770/3770
f 2059/2059 2884/2884 3953/3953
f 2059/2059 3953/3953 2912/2912
f 2884/2884 2060/2060 2913/2913
f 2884/2884 2913/2913 3953/3953
f 3953/3953 2913/2913 2090/2090
f 3953/3953 2090/2090 2450/2450
f 2912/2912 3953/3953 2450/2450
f 2912/2912 2450/2450 2089/2089
f 2369/2369 3534/3534 3954/3954
f 2369/2369 3954/3954 3504/3504
f 3534/3534 2147/2147 3056/3056
f 3534/3534 3056/3056 3954/3954
f 3954/3954 3056/3056 2145/2145
f 3954/3954 2145/2145 3526/3526
f 3504/3504 3954/3954 3526/3526
f 3504/3504 3526/3526 2368/2368
f 2370/2370 3536/3536 3955/3955
f 2370/2370 3955/3955 3505/3505
f 3536/3536 2148/2148 3057/3057
f 3536/3536 3057/3057 3955/3955
f 3955/3955 3057/3057 2147/2147
f 3955/3955 2147/2147 3534/3534
f 3505/3505 3955/3955 3534/3534
f 3505/3505 3534/3534 2369/2369
f 2371/2371 3538/3538 3956/3956
f 2371/2371 3956/3956 3506/3506
f 3538/3538 2149/2149 3058/3058
f 3538/3538 3058/3058 3956/3956
f 3956/3956 3058/3058 2148/2148
f 3956/3956 2148/2148 3536/3536
f 3506/3506 3956/3956 3536/3536
f 3506/3506 3536/3536 2370/2370
f 2372/2372 3540/3540 3957/3957
f 2372/2372 3957/3957 3507/3507
f 3540/3540 2150/2150 3059/3059
f 3540/3540 3059/3059 3957/3957
f 3957/3957 3059/3059 2149/2149
f 3957/3957 2149/2149 3538/3538
f 3507/3507 3957/3957 3538/3538
f 3507/3507 3538/3538 2371/2371
f 2373/2373 3542/3542 3958/3958
f 2373/2373 3958/3958 3508/3508
f 3542/3542 2151/2151 3060/3060
f 3542/3542 3060/3060 3958/3958
f 3958/3958 3060/3060 2150/2150
f 3958/3958 2150/2150 3540/3540
f 3508/3508 3958/3958 3540/3540
f 3508/3508 3540/3540 2372/2372
f 2374/2374 3544/3544 3959/3959
f 2374/2374 3959/3959 3509/3509
f 3544/3544 2152/2152 3061/3061
f 3544/3544 3061/3061 3959/3959
f 3959/3959 3061/3061 2151/2151
f 3959/3959 2151/2151 3542/3542
f 3509/3509 3959/3959 3542/3542
f 3509/3509 3542/3542 2373/2373
f 2375/2375 3547/3547 3960/3960
f 2375/2375 3960/3960 3510/3510
f 3547/3547 2153/2153 3062/3062
f 3547/3547 3062/3062 3960/3960
f 3960/3960 3062/3062 2152/2152
f 3960/3960 2152/2152 3544/3544
f 3510/3510 3960/3960 3544/3544
f 3510/3510 3544/3544 2374/2374
f 3879/3879 4968/4968 3840/3840
f 3879/3879 3840/3840 2537/2537
f 2667/2667 4103/4103 4942/4942
f 2667/2667 4942/4942 4071/4071
f 5845/5845 5844/5844 5956/5956
f 5845/5845 5956/5956 5955/5955
f 5587/5587 5122/5122 5121/5121
f 5587/5587 5121/5121 5588/5588
f 2844/2844 4771/4771 5786/5786
f 2844/2844 5786/5786 4677/4677
f 3053/3053 4960/4960 5802/5802
f 3053/3053 5802/5802 4937/4937
f 2699/2699 4605/4605 5762/5762
f 2699/2699 5762/5762 4189/4189
f 1947/1947 2941/2941 4282/4282
f 1947/1947 4282/4282 2810/2810
f 2941/2941 1971/1971 2892/2892
f 2941/2941 2892/2892 4282/4282
f 4071/4071 4942/4942 3710/3710
f 4071/4071 3710/3710 2463/2463
f 2383/2383 3578/3578 4912/4912
f 2383/2383 4912/4912 3691/3691
f 4282/4282 2892/2892 1966/1966
f 4282/4282 1966/1966 2933/2933
f 4068/4068 4929/4929 3707/3707
f 4068/4068 3707/3707 2447/2447
f 5012/5012 3735/3735 2668/2668
f 5012/5012 2668/2668 4100/4100
f 4742/4742 3517/3517 2342/2342
f 4742/4742 2342/2342 3469/3469
f 4900/4900 3036/3036 4014/4014
f 4900/4900 4014/4014 5735/5735
f 3912/3912 2570/2570 3901/3901
f 3912/3912 3901/3901 4768/4768
f 1885/1885 2934/2934 4664/4664
f 1885/1885 4664/4664 2835/2835
f 2364/2364 3911/3911 4770/4770
f 2364/2364 4770/4770 3463/3463
f 4768/4768 3901/3901 2380/2380
f 4768/4768 2380/2380 3561/3561
f 4826/4826 5757/5757 4809/4809
f 4826/4826 4809/4809 2953/2953
f 2696/2696 4132/4132 4868/4868
f 2696/2696 4868/4868 4176/4176
f 4157/4157 4863/4863 3578/3578
f 4157/4157 3578/3578 2383/2383
f 5904/5904 5999/5999 6002/6002
f 5904/5904 6002/6002 5903/5903
f 5386/5386 5546/5546 5547/5547
f 5386/5386 5547/5547 5387/5387
f 3553/3553 2190/2190 3673/3673
f 3553/3553 3673/3673 5704/5704
f 5367/5367 5366/5366 6156/6156
f 5367/5367 6156/6156 6155/6155
f 5757/5757 4192/4192 2701/2701
f 5757/5757 2701/2701 4809/4809
f 2942/2942 6242/6242 6241/6241
f 2592/2592 3910/3910 5007/5007
f 2592/2592 5007/5007 4034/4034
f 5138/5138 5137/5137 5380/5380
f 5138/5138 5380/5380 5377/5377
f 2236/2236 3405/3405 4835/4835
f 2236/2236 4835/4835 3366/3366
f 2155/2155 3468/3468 5687/5687
f 2155/2155 5687/5687 3607/3607
f 5688/5688 3501/3501 2137/2137
f 5688/5688 2137/2137 3466/3466
f 5729/5729 4029/4029 2561/2561
f 5729/5729 2561/2561 4890/4890
f 5668/5668 5355/5355 5079/5079
f 5668/5668 5079/5079 5242/5242
f 5853/5853 5852/5852 6079/6079
f 5853/5853 6079/6079 6078/6078
f 5112/5112 5388/5388 5389/5389
f 5112/5112 5389/5389 5110/5110
f 2671/2671 4077/4077 5758/5758
f 2671/2671 5758/5758 4825/4825
f 3398/3398 2099/2099 3502/3502
f 3398/3398 3502/3502 5689/5689
f 3511/3511 5689/5689 3467/3467
f 3511/3511 3467/3467 2142/2142
f 5591/5591 5595/5595 5597/5597
f 5591/5591 5597/5597 5593/5593
f 6218/6218 6245/6245 6246/6246
f 6218/6218 6246/6246 6220/6220
f 2191/2191 3553/3553 5704/5704
f 2191/2191 5704/5704 3676/3676
f 5095/5095 5556/5556 5106/5106
f 5095/5095 5106/5106 5067/5067
f 6262/6262 6263/6263 6282/6282
f 6262/6262 6282/6282 6280/6280
f 3361/3361 2081/2081 3549/3549
f 3361/3361 3549/3549 5693/5693
f 5096/5096 5555/5555 5556/5556
f 5096/5096 5556/5556 5095/5095
f 3330/3330 5715/5715 3783/3783
f 3330/3330 3783/3783 2339/2339
f 4947/4947 4071/4071 2463/2463
f 4947/4947 2463/2463 3712/3712
f 5232/5232 5648/5648 5649/5649
f 5232/5232 5649/5649 5231/5231
f 2023/2023 3119/3119 6235/6235
f 2023/2023 6235/6235 6234/6234
f 3844/3844 4998/4998 3102/3102
f 3844/3844 3102/3102 2442/2442
f 2390/2390 3793/3793 5000/5000
f 2390/2390 5000/5000 3845/3845
f 1951/1951 3039/3039 4673/4673
f 1951/1951 4673/4673 2936/2936
f 4666/4666 2873/2873 1928/1928
f 4666/4666 1928/1928 2934/2934
f 1999/1999 3066/3066 4597/4597
f 1999/1999 4597/4597 2958/2958
f 5231/5231 5649/5649 5650/5650
f 5231/5231 5650/5650 5230/5230
f 2958/2958 4597/4597 3065/3065
f 2958/2958 3065/3065 1998/1998
f 4942/4942 4070/4070 2462/2462
f 4942/4942 2462/2462 3710/3710
f 5388/5388 5548/5548 5549/5549
f 5388/5388 5549/5549 5389/5389
f 4614/4614 2833/2833 1882/1882
f 4614/4614 1882/1882 3414/3414
f 2901/2901 1940/1940 2876/2876
f 2901/2901 2876/2876 4671/4671
f 5561/5561 5115/5115 5116/5116
f 5561/5561 5116/5116 5562/5562
f 3896/3896 2576/2576 4020/4020
f 3896/3896 4020/4020 5002/5002
f 5142/5142 5143/5143 5605/5605
f 5142/5142 5605/5605 5602/5602
f 5109/5109 5066/5066 5117/5117
f 5109/5109 5117/5117 5569/5569
f 3383/3383 4643/4643 3420/3420
f 3383/3383 3420/3420 2256/2256
f 3348/3348 4695/4695 3314/3314
f 3348/3348 3314/3314 2213/2213
f 4870/4870 5798/5798 3978/3978
f 4870/4870 3978/3978 2572/2572
f 2033/2033 3133/3133 4644/4644
f 2033/2033 4644/4644 3016/3016
f 3016/3016 4644/4644 3132/3132
f 3016/3016 3132/3132 2031/2031
f 4643/4643 2805/2805 2305/2305
f 4643/4643 2305/2305 3420/3420
f 5700/5700 3628/3628 2193/2193
f 5700/5700 2193/2193 3563/3563
f 3415/3415 2304/2304 2805/2805
f 3415/3415 2805/2805 4643/4643
f 2567/2567 4179/4179 5748/5748
f 2567/2567 5748/5748 4041/4041
f 4188/4188 5761/5761 4599/4599
f 4188/4188 4599/4599 2672/2672
f 2088/2088 4122/4122 4878/4878
f 2088/2088 4878/4878 3111/3111
f 2034/2034 3136/3136 4645/4645
f 2034/2034 4645/4645 3017/3017
f 3017/3017 4645/4645 3133/3133
f 3017/3017 3133/3133 2033/2033
f 4964/4964 3830/3830 2504/2504
f 4964/4964 2504/2504 3776/3776
f 4849/4849 5754/5754 4799/4799
f 4849/4849 4799/4799 2932/2932
f 5766/5766 4280/4280 2738/2738
f 5766/5766 2738/2738 4610/4610
f 5754/5754 4189/4189 2698/2698
f 5754/5754 2698/2698 4799/4799
f 5172/5172 5393/5393 5394/5394
f 5172/5172 5394/5394 5171/5171
f 4122/4122 2516/2516 3823/3823
f 4122/4122 3823/3823 4878/4878
f 4645/4645 3096/3096 2070/2070
f 4645/4645 2070/2070 3133/3133
f 5723/5723 3969/3969 2470/2470
f 5723/5723 2470/2470 3109/3109
f 4879/4879 5728/5728 4887/4887
f 4879/4879 4887/4887 2957/2957
f 5077/5077 6215/6215 6217/6217
f 5077/5077 6217/6217 6181/6181
f 3129/3129 1899/1899 3235/3235
f 3129/3129 3235/3235 5018/5018
f 2987/2987 1996/1996 2955/2955
f 2987/2987 2955/2955 4600/4600
f 3117/3117 4883/4883 4122/4122
f 3117/3117 4122/4122 2088/2088
f 4883/4883 3825/3825 2516/2516
f 4883/4883 2516/2516 4122/4122
f 1908/1908 3173/3173 5024/5024
f 1908/1908 5024/5024 3258/3258
f 4121/4121 2515/2515 3822/3822
f 4121/4121 3822/3822 4877/4877
f 2575/2575 3964/3964 4705/4705
f 2575/2575 4705/4705 3994/3994
f 3994/3994 4705/4705 3430/3430
f 3994/3994 3430/3430 2280/2280
f 2019/2019 3662/3662 4883/4883
f 2019/2019 4883/4883 3117/3117
f 4705/4705 3983/3983 2279/2279
f 4705/4705 2279/2279 3430/3430
f 2894/2894 4602/4602 2987/2987
f 2894/2894 2987/2987 1972/1972
f 4600/4600 2955/2955 1995/1995
f 4600/4600 1995/1995 2985/2985
f 2996/2996 1998/1998 2956/2956
f 2996/2996 2956/2956 4602/4602
f 5594/5594 5598/5598 5600/5600
f 5594/5594 5600/5600 5596/5596
f 2466/2466 3715/3715 4964/4964
f 2466/2466 4964/4964 3831/3831
f 4103/4103 2666/2666 4070/4070
f 4103/4103 4070/4070 4942/4942
f 2377/2377 3557/3557 4778/4778
f 2377/2377 4778/4778 3675/3675
f 2630/2630 4241/4241 5793/5793
f 2630/2630 5793/5793 4093/4093
f 2739/2739 1985/1985 3035/3035
f 2739/2739 3035/3035 4621/4621
f 3403/3403 5055/5055 3361/3361
f 3403/3403 3361/3361 2082/2082
f 1969/1969 3045/3045 4709/4709
f 1969/1969 4709/4709 2940/2940
f 2767/2767 4222/4222 4257/4257
f 2767/2767 4257/4257 4220/4220
f 2372/2372 3539/3539 3985/3985
f 2372/2372 3985/3985 3508/3508
f 3539/3539 2398/2398 3031/3031
f 3539/3539 3031/3031 3985/3985
f 3985/3985 3031/3031 2399/2399
f 3985/3985 2399/2399 3541/3541
f 3508/3508 3985/3985 3541/3541
f 3508/3508 3541/3541 2373/2373
f 5282/5282 5281/5281 5972/5972
f 5282/5282 5972/5972 5971/5971
f 5844/5844 5845/5845 5954/5954
f 5844/5844 5954/5954 5953/5953
f 4675/4675 5785/5785 4765/4765
f 4675/4675 4765/4765 2841/2841
f 3549/3549 5692/5692 3454/3454
f 3549/3549 3454/3454 2112/2112
f 5128/5128 5574/5574 5230/5230
f 5128/5128 5230/5230 5072/5072
f 2378/2378 3558/3558 4780/4780
f 2378/2378 4780/4780 3677/3677
f 6146/6146 6201/6201 6203/6203
f 6146/6146 6203/6203 6145/6145
f 3677/3677 4780/4780 3615/3615
f 3677/3677 3615/3615 2410/2410
f 6294/6294 5689/5689 3511/3511
f 5468/5468 5474/5474 5475/5475
f 5468/5468 5475/5475 5469/5469
f 5167/5167 5166/5166 5286/5286
f 5167/5167 5286/5286 5283/5283
f 5967/5967 5982/5982 5983/5983
f 5967/5967 5983/5983 5966/5966
f 4840/4840 2803/2803 2302/2302
f 4840/4840 2302/2302 3514/3514
f 4989/4989 3854/3854 1906/1906
f 4989/4989 1906/1906 3172/3172
f 4026/4026 5743/5743 4133/4133
f 4026/4026 4133/4133 2560/2560
f 5734/5734 4042/4042 2567/2567
f 5734/5734 2567/2567 4909/4909
f 5282/5282 5971/5971 5151/5151
f 5282/5282 5151/5151 5270/5270
f 4917/4917 5271/5271 5280/5280
f 4917/4917 5280/5280 5162/5162
f 2329/2329 3489/3489 3952/3952
f 2329/2329 3952/3952 3492/3492
f 5162/5162 5280/5280 5281/5281
f 5162/5162 5281/5281 5163/5163
f 2373/2373 3541/3541 3989/3989
f 2373/2373 3989/3989 3509/3509
f 3541/3541 2399/2399 3032/3032
f 3541/3541 3032/3032 3989/3989
f 3989/3989 3032/3032 2400/2400
f 3989/3989 2400/2400 3543/3543
f 3509/3509 3989/3989 3543/3543
f 3509/3509 3543/3543 2374/2374
f 2028/2028 3262/3262 5056/5056
f 2028/2028 5056/5056 3448/3448
f 5056/5056 3403/3403 2082/2082
f 5056/5056 2082/2082 3365/3365
f 5091/5091 5644/5644 5343/5343
f 5091/5091 5343/5343 5064/5064
f 5300/5300 5198/5198 5146/5146
f 5300/5300 5146/5146 5205/5205
f 2333/2333 3495/3495 3952/3952
f 2333/2333 3952/3952 3498/3498
f 3858/3858 4997/4997 3122/3122
f 3858/3858 3122/3122 2488/2488
f 5030/5030 4270/4270 2723/2723
f 5030/5030 2723/2723 3570/3570
f 6070/6070 5924/5924 5925/5925
f 6070/6070 5925/5925 6073/6073
f 2368/2368 3529/3529 3992/3992
f 2368/2368 3992/3992 3504/3504
f 3529/3529 2394/2394 3027/3027
f 3529/3529 3027/3027 3992/3992
f 3992/3992 3027/3027 2395/2395
f 3992/3992 2395/2395 3533/3533
f 3504/3504 3992/3992 3533/3533
f 3504/3504 3533/3533 2369/2369
f 2369/2369 3533/3533 3993/3993
f 2369/2369 3993/3993 3505/3505
f 3533/3533 2395/2395 3028/3028
f 3533/3533 3028/3028 3993/3993
f 3993/3993 3028/3028 2396/2396
f 3993/3993 2396/2396 3535/3535
f 3505/3505 3993/3993 3535/3535
f 3505/3505 3535/3535 2370/2370
f 3631/3631 2058/2058 4114/4114
f 3631/3631 4114/4114 5808/5808
f 3971/3971 2376/2376 3546/3546
f 3971/3971 3546/3546 4730/4730
f 4118/4118 2673/2673 4139/4139
f 4118/4118 4139/4139 4862/4862
f 4916/4916 5167/5167 5283/5283
f 4916/4916 5283/5283 5164/5164
f 5292/5292 5295/5295 5296/5296
f 5292/5292 5296/5296 5293/5293
f 5296/5296 5299/5299 5300/5300
f 5296/5296 5300/5300 5297/5297
f 5025/5025 3258/3258 1988/1988
f 5025/5025 1988/1988 3192/3192
f 3888/3888 2559/2559 4630/4630
f 3888/3888 4630/4630 5771/5771
f 2237/2237 3412/3412 4611/4611
f 2237/2237 4611/4611 3367/3367
f 4649/4649 3106/3106 2076/2076
f 4649/4649 2076/2076 3140/3140
f 6143/6143 5343/5343 5644/5644
f 6143/6143 5644/5644 6142/6142
f 3367/3367 4611/4611 3405/3405
f 3367/3367 3405/3405 2236/2236
f 2374/2374 3543/3543 3997/3997
f 2374/2374 3997/3997 3510/3510
f 3543/3543 2400/2400 3033/3033
f 3543/3543 3033/3033 3997/3997
f 3997/3997 3033/3033 2401/2401
f 3997/3997 2401/2401 3545/3545
f 3510/3510 3997/3997 3545/3545
f 3510/3510 3545/3545 2375/2375
f 5704/5704 3673/3673 2271/2271
f 5704/5704 2271/2271 3645/3645
f 3788/3788 2143/2143 3265/3265
f 3788/3788 3265/3265 5718/5718
f 3247/3247 4152/4152 3308/3308
f 3247/3247 3308/3308 2192/2192
f 2359/2359 3576/3576 4910/4910
f 2359/2359 4910/4910 3674/3674
f 4837/4837 2797/2797 2089/2089
f 4837/4837 2089/2089 3000/3000
f 4995/4995 3976/3976 2581/2581
f 4995/4995 2581/2581 3908/3908
f 6067/6067 5840/5840 5817/5817
f 6067/6067 5817/5817 5870/5870
f 5761/5761 4253/4253 2731/2731
f 5761/5761 2731/2731 4599/4599
f 2370/2370 3535/3535 3999/3999
f 2370/2370 3999/3999 3506/3506
f 3535/3535 2396/2396 3029/3029
f 3535/3535 3029/3029 3999/3999
f 3999/3999 3029/3029 2397/2397
f 3999/3999 2397/2397 3537/3537
f 3506/3506 3999/3999 3537/3537
f 3506/3506 3537/3537 2371/2371
f 3640/3640 2415/2415 3732/3732
f 3640/3640 3732/3732 5016/5016
f 4593/4593 2613/2613 3991/3991
f 4593/4593 3991/3991 5052/5052
f 3245/3245 4150/4150 3289/3289
f 3245/3245 3289/3289 2170/2170
f 5016/5016 3732/3732 2665/2665
f 5016/5016 2665/2665 4105/4105
f 2441/2441 3816/3816 5006/5006
f 2441/2441 5006/5006 3871/3871
f 5825/5825 5873/5873 6116/6116
f 5825/5825 6116/6116 5932/5932
f 5242/5242 5079/5079 5361/5361
f 5242/5242 5361/5361 5675/5675
f 2196/2196 3309/3309 4688/4688
f 2196/2196 4688/4688 3364/3364
f 3025/3025 4650/4650 3143/3143
f 3025/3025 3143/3143 2039/2039
f 4966/4966 3038/3038 4015/4015
f 4966/4966 4015/4015 5805/5805
f 4650/4650 3110/3110 2085/2085
f 4650/4650 2085/2085 3143/3143
f 3143/3143 2085/2085 3106/3106
f 3143/3143 3106/3106 4649/4649
f 2379/2379 3559/3559 4781/4781
f 2379/2379 4781/4781 3679/3679
f 2953/2953 4809/4809 5756/5756
f 2953/2953 5756/5756 4830/4830
f 4753/4753 3524/3524 2346/2346
f 4753/4753 2346/2346 3474/3474
f 5270/5270 5151/5151 5974/5974
f 5270/5270 5974/5974 5456/5456
f 2380/2380 3560/3560 4782/4782
f 2380/2380 4782/4782 3680/3680
f 3680/3680 4782/4782 3634/3634
f 3680/3680 3634/3634 2412/2412
f 2944/2944 6031/6031 6029/6029
f 2944/2944 6029/6029 1949/1949
f 6193/6193 6233/6233 6234/6234
f 6193/6193 6234/6234 6196/6196
f 3576/3576 2146/2146 3134/3134
f 3576/3576 3134/3134 4910/4910
f 3639/3639 2414/2414 3731/3731
f 3639/3639 3731/3731 5017/5017
f 3282/3282 6258/6258 6263/6263
f 3282/3282 6263/6263 6262/6262
f 5017/5017 3731/3731 2656/2656
f 5017/5017 2656/2656 4106/4106
f 2371/2371 3537/3537 4006/4006
f 2371/2371 4006/4006 3507/3507
f 3537/3537 2397/2397 3030/3030
f 3537/3537 3030/3030 4006/4006
f 4006/4006 3030/3030 2398/2398
f 4006/4006 2398/2398 3539/3539
f 3507/3507 4006/4006 3539/3539
f 3507/3507 3539/3539 2372/2372
f 5011/5011 3738/3738 2669/2669
f 5011/5011 2669/2669 4098/4098
f 2160/2160 4590/4590 5049/5049
f 2160/2160 5049/5049 3221/3221
f 5864/5864 5862/5862 6006/6006
f 5864/5864 6006/6006 6005/6005
f 5380/5380 5383/5383 5384/5384
f 5380/5380 5384/5384 5381/5381
f 5995/5995 5851/5851 5823/5823
f 5995/5995 5823/5823 5852/5852
f 4603/4603 2958/2958 1998/1998
f 4603/4603 1998/1998 2996/2996
f 2997/2997 1999/1999 2958/2958
f 2997/2997 2958/2958 4603/4603
f 4689/4689 5788/5788 4772/4772
f 4689/4689 4772/4772 2850/2850
f 2384/2384 3579/3579 4913/4913
f 2384/2384 4913/4913 3693/3693
f 3312/3312 1968/1968 2939/2939
f 3312/3312 2939/2939 4693/4693
f 3579/3579 2383/2383 3691/3691
f 3579/3579 3691/3691 4913/4913
f 4929/4929 4066/4066 2446/2446
f 4929/4929 2446/2446 3707/3707
f 3635/3635 2412/2412 3739/3739
f 3635/3635 3739/3739 4792/4792
f 5343/5343 6143/6143 6144/6144
f 5343/5343 6144/6144 5365/5365
f 5817/5817 5840/5840 6138/6138
f 5817/5817 6138/6138 5944/5944
f 5628/5628 5145/5145 5073/5073
f 5628/5628 5073/5073 5233/5233
f 4119/4119 2513/2513 3820/3820
f 4119/4119 3820/3820 4875/4875
f 2790/2790 4718/4718 5778/5778
f 2790/2790 5778/5778 4623/4623
f 4787/4787 3786/3786 2486/2486
f 4787/4787 2486/2486 3766/3766
f 4876/4876 3821/3821 2513/2513
f 4876/4876 2513/2513 4119/4119
f 6015/6015 6016/6016 5839/5839
f 6015/6015 5839/5839 5838/5838
f 1936/1936 2690/2690 4604/4604
f 1936/1936 4604/4604 2895/2895
f 5141/5141 5140/5140 5584/5584
f 5141/5141 5584/5584 5581/5581
f 2895/2895 4604/4604 2997/2997
f 2895/2895 2997/2997 1973/1973
f 3702/3702 2459/2459 3786/3786
f 3702/3702 3786/3786 4787/4787
f 3736/3736 4789/4789 3700/3700
f 3736/3736 3700/3700 2458/2458
f 5113/5113 5593/5593 5142/5142
f 5113/5113 5142/5142 5065/5065
f 2460/2460 3702/3702 4787/4787
f 2460/2460 4787/4787 3789/3789
f 3172/3172 1906/1906 3252/3252
f 3172/3172 3252/3252 5023/5023
f 3451/3451 5058/5058 3397/3397
f 3451/3451 3397/3397 2099/2099
f 3194/3194 1989/1989 3352/3352
f 3194/3194 3352/3352 5710/5710
f 5805/5805 4015/4015 3037/3037
f 5805/5805 3037/3037 4965/4965
f 4819/4819 3863/3863 2511/2511
f 4819/4819 2511/2511 3819/3819
f 3760/3760 2483/2483 3864/3864
f 3760/3760 3864/3864 4822/4822
f 2482/2482 3755/3755 4816/4816
f 2482/2482 4816/4816 3863/3863
f 3864/3864 4819/4819 3819/3819
f 3864/3864 3819/3819 2512/2512
f 5163/5163 5281/5281 5282/5282
f 5163/5163 5282/5282 5164/5164
f 5286/5286 5289/5289 5290/5290
f 5286/5286 5290/5290 5287/5287
f 2772/2772 4712/4712 5776/5776
f 2772/2772 5776/5776 4619/4619
f 4256/4256 5768/5768 4640/4640
f 4256/4256 4640/4640 2733/2733
f 2666/2666 4105/4105 4939/4939
f 2666/2666 4939/4939 4070/4070
f 4180/4180 5750/5750 3667/3667
f 4180/4180 3667/3667 2365/2365
f 5875/5875 5876/5876 6127/6127
f 5875/5875 6127/6127 6126/6126
f 4023/4023 5742/5742 3515/3515
f 4023/4023 3515/3515 2276/2276
f 2238/2238 3952/3952 3333/3333
f 2850/2850 4772/4772 5787/5787
f 2850/2850 5787/5787 4685/4685
f 6150/6150 6197/6197 6199/6199
f 6150/6150 6199/6199 6147/6147
f 5284/5284 5287/5287 5288/5288
f 5284/5284 5288/5288 5285/5285
f 3863/3863 4816/4816 3818/3818
f 3863/3863 3818/3818 2511/2511
f 4824/4824 3865/3865 2513/2513
f 4824/4824 2513/2513 3821/3821
f 5384/5384 5127/5127 5128/5128
f 5384/5384 5128/5128 5385/5385
f 3755/3755 2472/2472 3862/3862
f 3755/3755 3862/3862 4816/4816
f 2246/2246 3337/3337 3952/3952
f 2246/2246 3952/3952 3339/3339
f 5579/5579 5225/5225 5226/5226
f 5579/5579 5226/5226 5580/5580
f 2248/2248 3339/3339 3952/3952
f 2248/2248 3952/3952 3341/3341
f 5614/5614 5617/5617 5618/5618
f 5614/5614 5618/5618 5615/5615
f 4835/4835 2826/2826 1863/1863
f 4835/4835 1863/1863 2911/2911
f 1964/1964 3012/3012 4609/4609
f 1964/1964 4609/4609 2878/2878
f 2878/2878 4609/4609 3011/3011
f 2878/2878 3011/3011 1962/1962
f 3225/3225 5051/5051 4591/4591
f 3225/3225 4591/4591 2162/2162
f 2145/2145 3135/3135 4017/4017
f 2145/2145 4017/4017 3055/3055
f 3135/3135 2180/2180 3087/3087
f 3135/3135 3087/3087 4017/4017
f 4017/4017 3087/3087 2181/2181
f 4017/4017 2181/2181 3134/3134
f 3055/3055 4017/4017 3134/3134
f 3055/3055 3134/3134 2146/2146
f 3174/3174 1908/1908 3258/3258
f 3174/3174 3258/3258 5025/5025
f 1897/1897 3175/3175 5035/5035
f 1897/1897 5035/5035 2900/2900
f 3275/3275 2029/2029 3450/3450
f 3275/3275 3450/3450 5058/5058
f 3179/3179 2109/2109 3167/3167
f 3179/3179 3167/3167 4749/4749
f 2815/2815 5977/5977 5978/5978
f 2815/2815 5978/5978 5973/5973
f 4695/4695 6243/6243 6242/6242
f 4695/4695 6242/6242 2942/2942
f 5004/5004 4024/4024 2611/2611
f 5004/5004 2611/2611 3990/3990
f 5150/5150 5277/5277 5468/5468
f 5150/5150 5468/5468 5254/5254
f 2147/2147 3138/3138 4019/4019
f 2147/2147 4019/4019 3056/3056
f 3138/3138 2182/2182 3088/3088
f 3138/3138 3088/3088 4019/4019
f 4019/4019 3088/3088 2180/2180
f 4019/4019 2180/2180 3135/3135
f 3056/3056 4019/4019 3135/3135
f 3056/3056 3135/3135 2145/2145
f 2738/2738 4656/4656 5770/5770
f 2738/2738 5770/5770 4279/4279
f 3662/3662 2320/2320 3825/3825
f 3662/3662 3825/3825 4883/4883
f 3158/3158 4786/4786 3295/3295
f 3158/3158 3295/3295 2103/2103
f 4782/4782 3679/3679 2411/2411
f 4782/4782 2411/2411 3634/3634
f 3907/3907 2578/2578 4024/4024
f 3907/3907 4024/4024 5004/5004
f 4616/4616 2835/2835 1884/1884
f 4616/4616 1884/1884 3421/3421
f 5178/5178 5293/5293 5294/5294
f 5178/5178 5294/5294 5179/5179
f 3785/3785 2110/2110 2846/2846
f 3785/3785 2846/2846 5037/5037
f 2148/2148 3141/3141 4022/4022
f 2148/2148 4022/4022 3057/3057
f 3141/3141 2183/2183 3089/3089
f 3141/3141 3089/3089 4022/4022
f 4022/4022 3089/3089 2182/2182
f 4022/4022 2182/2182 3138/3138
f 3057/3057 4022/4022 3138/3138
f 3057/3057 3138/3138 2147/2147
f 4961/4961 3827/3827 2494/2494
f 4961/4961 2494/2494 3773/3773
f 5122/5122 5620/5620 5621/5621
f 5122/5122 5621/5621 5121/5121
f 2822/2822 4700/4700 5767/5767
f 2822/2822 5767/5767 4629/4629
f 1894/1894 2596/2596 4660/4660
f 1894/1894 4660/4660 2748/2748
f 3015/3015 4721/4721 3115/3115
f 3015/3015 3115/3115 2022/2022
f 5179/5179 5294/5294 5203/5203
f 5179/5179 5203/5203 4919/4919
f 3115/3115 2054/2054 3085/3085
f 3115/3115 3085/3085 4720/4720
f 4721/4721 3086/3086 2054/2054
f 4721/4721 2054/2054 3115/3115
f 2149/2149 3144/3144 4025/4025
f 2149/2149 4025/4025 3058/3058
f 3144/3144 2184/2184 3090/3090
f 3144/3144 3090/3090 4025/4025
f 4025/4025 3090/3090 2183/2183
f 4025/4025 2183/2183 3141/3141
f 3058/3058 4025/4025 3141/3141
f 3058/3058 3141/3141 2148/2148
f 2143/2143 3788/3788 5727/5727
f 2143/2143 5727/5727 3274/3274
f 2744/2744 4670/4670 2856/2856
f 2744/2744 2856/2856 1905/1905
f 4040/4040 5747/5747 4137/4137
f 4040/4040 4137/4137 2564/2564
f 2871/2871 2141/2141 3201/3201
f 2871/2871 3201/3201 4663/4663
f 4789/4789 3727/3727 2449/2449
f 4789/4789 2449/2449 3700/3700
f 5665/5665 5358/5358 5357/5357
f 5665/5665 5357/5357 5667/5667
f 3757/3757 2482/2482 3863/3863
f 3757/3757 3863/3863 4819/4819
f 3648/3648 2274/2274 4974/4974
f 3648/3648 4974/4974 5811/5811
f 2150/2150 3145/3145 4028/4028
f 2150/2150 4028/4028 3059/3059
f 3145/3145 2185/2185 3091/3091
f 3145/3145 3091/3091 4028/4028
f 4028/4028 3091/3091 2184/2184
f 4028/4028 2184/2184 3144/3144
f 3059/3059 4028/4028 3144/3144
f 3059/3059 3144/3144 2149/2149
f 2866/2866 2136/2136 3212/3212
f 2866/2866 3212/3212 4670/4670
f 4596/4596 5815/5815 4740/4740
f 4596/4596 4740/4740 2621/2621
f 5221/5221 5075/5075 5229/5229
f 5221/5221 5229/5229 5617/5617
f 3441/3441 1896/1896 2836/2836
f 3441/3441 2836/2836 4617/4617
f 2485/2485 3762/3762 4824/4824
f 2485/2485 4824/4824 3866/3866
f 4816/4816 3862/3862 2509/2509
f 4816/4816 2509/2509 3818/3818
f 4822/4822 3864/3864 2512/2512
f 4822/4822 2512/2512 3820/3820
f 3866/3866 4824/4824 3821/3821
f 3866/3866 3821/3821 2514/2514
f 2151/2151 3147/3147 4031/4031
f 2151/2151 4031/4031 3060/3060
f 3147/3147 2186/2186 3092/3092
f 3147/3147 3092/3092 4031/4031
f 4031/4031 3092/3092 2185/2185
f 4031/4031 2185/2185 3145/3145
f 3060/3060 4031/4031 3145/3145
f 3060/3060 3145/3145 2150/2150
f 4196/4196 2416/2416 3618/3618
f 4196/4196 3618/3618 5027/5027
f 2220/2220 3743/3743 5044/5044
f 2220/2220 5044/5044 3328/3328
f 5062/5062 5344/5344 5642/5642
f 5062/5062 5642/5642 5089/5089
f 4769/4769 2896/2896 4735/4735
f 4769/4769 4735/4735 5785/5785
f 2152/2152 3148/3148 4033/4033
f 2152/2152 4033/4033 3061/3061
f 3148/3148 2187/2187 3093/3093
f 3148/3148 3093/3093 4033/4033
f 4033/4033 3093/3093 2186/2186
f 4033/4033 2186/2186 3147/3147
f 3061/3061 4033/4033 3147/3147
f 3061/3061 3147/3147 2151/2151
f 2484/2484 3760/3760 4822/4822
f 2484/2484 4822/4822 3865/3865
f 3762/3762 2484/2484 3865/3865
f 3762/3762 3865/3865 4824/4824
f 2487/2487 3766/3766 4828/4828
f 2487/2487 4828/4828 3869/3869
f 3865/3865 4822/4822 3820/3820
f 3865/3865 3820/3820 2513/2513
f 2153/2153 3125/3125 4035/4035
f 2153/2153 4035/4035 3062/3062
f 3125/3125 2188/2188 3094/3094
f 3125/3125 3094/3094 4035/4035
f 4035/4035 3094/3094 2187/2187
f 4035/4035 2187/2187 3148/3148
f 3062/3062 4035/4035 3148/3148
f 3062/3062 3148/3148 2152/2152
f 2200/2200 3240/3240 4036/4036
f 2200/2200 4036/4036 3149/3149
f 3240/3240 2226/2226 3202/3202
f 3240/3240 3202/3202 4036/4036
f 4036/4036 3202/3202 2227/2227
f 4036/4036 2227/2227 3239/3239
f 3149/3149 4036/4036 3239/3239
f 3149/3149 3239/3239 2201/2201
f 4077/4077 2467/2467 4194/4194
f 4077/4077 4194/4194 5758/5758
f 3331/3331 4697/4697 3317/3317
f 3331/3331 3317/3317 2219/2219
f 3329/3329 1975/1975 2947/2947
f 3329/3329 2947/2947 4697/4697
f 4981/4981 3891/3891 2532/2532
f 4981/4981 2532/2532 3838/3838
f 3334/3334 4679/4679 3369/3369
f 3334/3334 3369/3369 2239/2239
f 4099/4099 5791/5791 4242/4242
f 4099/4099 4242/4242 2632/2632
f 3370/3370 2215/2215 2677/2677
f 3370/3370 2677/2677 4680/4680
f 3264/3264 1872/1872 2704/2704
f 3264/3264 2704/2704 4678/4678
f 3871/3871 5006/5006 3123/3123
f 3871/3871 3123/3123 2489/2489
f 6257/6257 6256/6256 6274/6274
f 6257/6257 6274/6274 6273/6273
f 5467/5467 5466/5466 5976/5976
f 5467/5467 5976/5976 5975/5975
f 2210/2210 3311/3311 4692/4692
f 2210/2210 4692/4692 3356/3356
f 5972/5972 5988/5988 5989/5989
f 5972/5972 5989/5989 5971/5971
f 3375/3375 2217/2217 2679/2679
f 3375/3375 2679/2679 4682/4682
f 4870/4870 5807/5807 4888/4888
f 4870/4870 4888/4888 2957/2957
f 2517/2517 3930/3930 3952/3952
f 2517/2517 3952/3952 3928/3928
f 6256/6256 5832/5832 6275/6275
f 6256/6256 6275/6275 6274/6274
f 5661/5661 5665/5665 5667/5667
f 5661/5661 5667/5667 5663/5663
f 4871/4871 3980/3980 2608/2608
f 4871/4871 2608/2608 3400/3400
f 2650/2650 4059/4059 4257/4257
f 2650/2650 4257/4257 4056/4056
f 2351/2351 3445/3445 4043/4043
f 2351/2351 4043/4043 3497/3497
f 3445/3445 2200/2200 3149/3149
f 3445/3445 3149/3149 4043/4043
f 4043/4043 3149/3149 2201/2201
f 4043/4043 2201/2201 3180/3180
f 3497/3497 4043/4043 3180/3180
f 3497/3497 3180/3180 2350/2350
f 2251/2251 3380/3380 4683/4683
f 2251/2251 4683/4683 3342/3342
f 2253/2253 3381/3381 4684/4684
f 2253/2253 4684/4684 3344/3344
f 3342/3342 4683/4683 3375/3375
f 3342/3342 3375/3375 2249/2249
f 4682/4682 2679/2679 2216/2216
f 4682/4682 2216/2216 3371/3371
f 2298/2298 3768/3768 4829/4829
f 2298/2298 4829/4829 3436/3436
f 3436/3436 4829/4829 3825/3825
f 3436/3436 3825/3825 2320/2320
f 2412/2412 3634/3634 4790/4790
f 2412/2412 4790/4790 3739/3739
f 3869/3869 4828/4828 3823/3823
f 3869/3869 3823/3823 2516/2516
f 2353/2353 3449/3449 4044/4044
f 2353/2353 4044/4044 3494/3494
f 3449/3449 2202/2202 3150/3150
f 3449/3449 3150/3150 4044/4044
f 4044/4044 3150/3150 2200/2200
f 4044/4044 2200/2200 3445/3445
f 3494/3494 4044/4044 3445/3445
f 3494/3494 3445/3445 2351/2351
f 5616/5616 5619/5619 5226/5226
f 5616/5616 5226/5226 5225/5225
f 3633/3633 2223/2223 4972/4972
f 3633/3633 4972/4972 5809/5809
f 5860/5860 6065/6065 5868/5868
f 5860/5860 5868/5868 5821/5821
f 4683/4683 2680/2680 2217/2217
f 4683/4683 2217/2217 3375/3375
f 3229/3229 5053/5053 4593/4593
f 3229/3229 4593/4593 2171/2171
f 5032/5032 4272/4272 2725/2725
f 5032/5032 2725/2725 3572/3572
f 5071/5071 5338/5338 5669/5669
f 5071/5071 5669/5669 5239/5239
f 5937/5937 6180/6180 6186/6186
f 5937/5937 6186/6186 5936/5936
f 2355/2355 3452/3452 4049/4049
f 2355/2355 4049/4049 3491/3491
f 3452/3452 2203/2203 3151/3151
f 3452/3452 3151/3151 4049/4049
f 4049/4049 3151/3151 2202/2202
f 4049/4049 2202/2202 3449/3449
f 3491/3491 4049/4049 3449/3449
f 3491/3491 3449/3449 2353/2353
f 5727/5727 3844/3844 2442/2442
f 5727/5727 2442/2442 3101/3101
f 3560/3560 2379/2379 3679/3679
f 3560/3560 3679/3679 4782/4782
f 2435/2435 3640/3640 5016/5016
f 2435/2435 5016/5016 3733/3733
f 2575/2575 3965/3965 4731/4731
f 2575/2575 4731/4731 3984/3984
f 3766/3766 2486/2486 3867/3867
f 3766/3766 3867/3867 4828/4828
f 5116/5116 5115/5115 5546/5546
f 5116/5116 5546/5546 5386/5386
f 5706/5706 3678/3678 2277/2277
f 5706/5706 2277/2277 3649/3649
f 5806/5806 4016/4016 3038/3038
f 5806/5806 3038/3038 4966/4966
f 2357/2357 3455/3455 4054/4054
f 2357/2357 4054/4054 3486/3486
f 3455/3455 2204/2204 3152/3152
f 3455/3455 3152/3152 4054/4054
f 4054/4054 3152/3152 2203/2203
f 4054/4054 2203/2203 3452/3452
f 3486/3486 4054/4054 3452/3452
f 3486/3486 3452/3452 2355/2355
f 5641/5641 6150/6150 6147/6147
f 5641/5641 6147/6147 5344/5344
f 3979/3979 2607/2607 4005/4005
f 3979/3979 4005/4005 5807/5807
f 5771/5771 4630/4630 2822/2822
f 5771/5771 2822/2822 4656/4656
f 2272/2272 3633/3633 5809/5809
f 2272/2272 5809/5809 4973/4973
f 6230/6230 5951/5951 5080/5080
f 6230/6230 5080/5080 5362/5362
f 3012/3012 1993/1993 2949/2949
f 3012/3012 2949/2949 4609/4609
f 4818/4818 2702/2702 4192/4192
f 4818/4818 4192/4192 5757/5757
f 6306/6306 6308/6308 3725/3725
f 2360/2360 3456/3456 4057/4057
f 2360/2360 4057/4057 3481/3481
f 3456/3456 2205/2205 3153/3153
f 3456/3456 3153/3153 4057/4057
f 4057/4057 3153/3153 2204/2204
f 4057/4057 2204/2204 3455/3455
f 3481/3481 4057/4057 3455/3455
f 3481/3481 3455/3455 2357/2357
f 6223/6223 6224/6224 6227/6227
f 6223/6223 6227/6227 6226/6226
f 5207/5207 5206/5206 5298/5298
f 5207/5207 5298/5298 5295/5295
f 3973/3973 4990/4990 3905/3905
f 3973/3973 3905/3905 2578/2578
f 2518/2518 3929/3929 5720/5720
f 2518/2518 5720/5720 3949/3949
f 4712/4712 2824/2824 4662/4662
f 4712/4712 4662/4662 5776/5776
f 2581/2581 3907/3907 5004/5004
f 2581/2581 5004/5004 4027/4027
f 4098/4098 2669/2669 4073/4073
f 4098/4098 4073/4073 4951/4951
f 6296/6296 6298/6298 5059/5059
f 6296/6296 5059/5059 3398/3398
f 2361/2361 3458/3458 4062/4062
f 2361/2361 4062/4062 3477/3477
f 3458/3458 2206/2206 3154/3154
f 3458/3458 3154/3154 4062/4062
f 4062/4062 3154/3154 2205/2205
f 4062/4062 2205/2205 3456/3456
f 3477/3477 4062/4062 3456/3456
f 3477/3477 3456/3456 2360/2360
f 5227/5227 5680/5680 5349/5349
f 5227/5227 5349/5349 5076/5076
f 2107/2107 3302/3302 4795/4795
f 2107/2107 4795/4795 3165/3165
f 4648/4648 2819/2819 4626/4626
f 4648/4648 4626/4626 5768/5768
f 5784/5784 4733/4733 2881/2881
f 5784/5784 2881/2881 4764/4764
f 2362/2362 3460/3460 4065/4065
f 2362/2362 4065/4065 3475/3475
f 3460/3460 2207/2207 3155/3155
f 3460/3460 3155/3155 4065/4065
f 4065/4065 3155/3155 2206/2206
f 4065/4065 2206/2206 3458/3458
f 3475/3475 4065/4065 3458/3458
f 3475/3475 3458/3458 2361/2361
f 5629/5629 5632/5632 5633/5633
f 5629/5629 5633/5633 5630/5630
f 4658/4658 2772/2772 4619/4619
f 4658/4658 4619/4619 5772/5772
f 5685/5685 5363/5363 5362/5362
f 5685/5685 5362/5362 5686/5686
f 2338/2338 3784/3784 5038/5038
f 2338/2338 5038/5038 3719/3719
f 2363/2363 3462/3462 4067/4067
f 2363/2363 4067/4067 3473/3473
f 3462/3462 2208/2208 3156/3156
f 3462/3462 3156/3156 4067/4067
f 4067/4067 3156/3156 2207/2207
f 4067/4067 2207/2207 3460/3460
f 3473/3473 4067/4067 3460/3460
f 3473/3473 3460/3460 2362/2362
f 1991/1991 3073/3073 4622/4622
f 1991/1991 4622/4622 2946/2946
f 4613/4613 2832/2832 1881/1881
f 4613/4613 1881/1881 3412/3412
f 2946/2946 4622/4622 3072/3072
f 2946/2946 3072/3072 1992/1992
f 4622/4622 3013/3013 2032/2032
f 4622/4622 2032/2032 3072/3072
f 2951/2951 4628/4628 3077/3077
f 2951/2951 3077/3077 1993/1993
f 3073/3073 2031/2031 3013/3013
f 3073/3073 3013/3013 4622/4622
f 4628/4628 3017/3017 2033/2033
f 4628/4628 2033/2033 3077/3077
f 1994/1994 3078/3078 4628/4628
f 1994/1994 4628/4628 2951/2951
f 4027/4027 5004/5004 3990/3990
f 4027/4027 3990/3990 2612/2612
f 3069/3069 4966/4966 5805/5805
f 3069/3069 5805/5805 4945/4945
f 2439/2439 3644/3644 5011/5011
f 2439/2439 5011/5011 3741/3741
f 2519/2519 3932/3932 3952/3952
f 2519/2519 3952/3952 3930/3930
f 5166/5166 5314/5314 5315/5315
f 5166/5166 5315/5315 5165/5165
f 5768/5768 4626/4626 2791/2791
f 5768/5768 2791/2791 4640/4640
f 3124/3124 2038/2038 3071/3071
f 3124/3124 3071/3071 4743/4743
f 3854/3854 4988/4988 3171/3171
f 3854/3854 3171/3171 1906/1906
f 5863/5863 5861/5861 6008/6008
f 5863/5863 6008/6008 6007/6007
f 4808/4808 3351/3351 2211/2211
f 4808/4808 2211/2211 2983/2983
f 3885/3885 4970/4970 3842/3842
f 3885/3885 3842/3842 2557/2557
f 4968/4968 3877/3877 2534/2534
f 4968/4968 2534/2534 3840/3840
f 5092/5092 5365/5365 5366/5366
f 5092/5092 5366/5366 5093/5093
f 3078/3078 2034/2034 3017/3017
f 3078/3078 3017/3017 4628/4628
f 4102/4102 2667/2667 4071/4071
f 4102/4102 4071/4071 4947/4947
f 3575/3575 2212/2212 3695/3695
f 3575/3575 3695/3695 5709/5709
f 2230/2230 3294/3294 4074/4074
f 2230/2230 4074/4074 3205/3205
f 3294/3294 2263/2263 3269/3269
f 3294/3294 3269/3269 4074/4074
f 4074/4074 3269/3269 2262/2262
f 4074/4074 2262/2262 3293/3293
f 3205/3205 4074/4074 3293/3293
f 3205/3205 3293/3293 2229/2229
f 2757/2757 4205/4205 5030/5030
f 2757/2757 5030/5030 4271/4271
f 4897/4897 3034/3034 4013/4013
f 4897/4897 4013/4013 5741/5741
f 5675/5675 5361/5361 5360/5360
f 5675/5675 5360/5360 5676/5676
f 2250/2250 3341/3341 3952/3952
f 2250/2250 3952/3952 3343/3343
f 6144/6144 6209/6209 6211/6211
f 6144/6144 6211/6211 6156/6156
f 3969/3969 5722/5722 3108/3108
f 3969/3969 3108/3108 2470/2470
f 3454/3454 1992/1992 3072/3072
f 3454/3454 3072/3072 5696/5696
f 2507/2507 3928/3928 3952/3952
f 2507/2507 3952/3952 3925/3925
f 2202/2202 3243/3243 4078/4078
f 2202/2202 4078/4078 3150/3150
f 3243/3243 2228/2228 3203/3203
f 3243/3243 3203/3203 4078/4078
f 4078/4078 3203/3203 2226/2226
f 4078/4078 2226/2226 3240/3240
f 3150/3150 4078/4078 3240/3240
f 3150/3150 3240/3240 2200/2200
f 4926/4926 3705/3705 2438/2438
f 4926/4926 2438/2438 3644/3644
f 2388/2388 3601/3601 4926/4926
f 2388/2388 4926/4926 3668/3668
f 5114/5114 5061/5061 5085/5085
f 5114/5114 5085/5085 5550/5550
f 4030/4030 5005/5005 3991/3991
f 4030/4030 3991/3991 2613/2613
f 1989/1989 3192/3192 5711/5711
f 1989/1989 5711/5711 3352/3352
f 5165/5165 5315/5315 5176/5176
f 5165/5165 5176/5176 4920/4920
f 3638/3638 2405/2405 3730/3730
f 3638/3638 3730/3730 5019/5019
f 4756/4756 3158/3158 2103/2103
f 4756/4756 2103/2103 3213/3213
f 2203/2203 3246/3246 4081/4081
f 2203/2203 4081/4081 3151/3151
f 3246/3246 2229/2229 3204/3204
f 3246/3246 3204/3204 4081/4081
f 4081/4081 3204/3204 2228/2228
f 4081/4081 2228/2228 3243/3243
f 3151/3151 4081/4081 3243/3243
f 3151/3151 3243/3243 2202/2202
f 4748/4748 3521/3521 2345/2345
f 4748/4748 2345/2345 3472/3472
f 4704/4704 3977/3977 2275/2275
f 4704/4704 2275/2275 3428/3428
f 4653/4653 2858/2858 1887/1887
f 4653/4653 1887/1887 2535/2535
f 1880/1880 2902/2902 4653/4653
f 1880/1880 4653/4653 2826/2826
f 5029/5029 4269/4269 2722/2722
f 5029/5029 2722/2722 3569/3569
f 6145/6145 6203/6203 6205/6205
f 6145/6145 6205/6205 6142/6142
f 5942/5942 6141/6141 6259/6259
f 5942/5942 6259/6259 5832/5832
f 5958/5958 5959/5959 5994/5994
f 5958/5958 5994/5994 5961/5961
f 2204/2204 3248/3248 4084/4084
f 2204/2204 4084/4084 3152/3152
f 3248/3248 2230/2230 3205/3205
f 3248/3248 3205/3205 4084/4084
f 4084/4084 3205/3205 2229/2229
f 4084/4084 2229/2229 3246/3246
f 3152/3152 4084/4084 3246/3246
f 3152/3152 3246/3246 2203/2203
f 4865/4865 4160/4160 2384/2384
f 4865/4865 2384/2384 3580/3580
f 2902/2902 1921/1921 2858/2858
f 2902/2902 2858/2858 4653/4653
f 4129/4129 2689/2689 4166/4166
f 4129/4129 4166/4166 4866/4866
f 3274/3274 2198/2198 2676/2676
f 3274/3274 2676/2676 4703/4703
f 5858/5858 5859/5859 5997/5997
f 5858/5858 5997/5997 5996/5996
f 5933/5933 6125/6125 6128/6128
f 5933/5933 6128/6128 5934/5934
f 4594/4594 2614/2614 4001/4001
f 4594/4594 4001/4001 5053/5053
f 3119/3119 4724/4724 6236/6236
f 3119/3119 6236/6236 6235/6235
f 2205/2205 3251/3251 4087/4087
f 2205/2205 4087/4087 3153/3153
f 3251/3251 2231/2231 3206/3206
f 3251/3251 3206/3206 4087/4087
f 4087/4087 3206/3206 2230/2230
f 4087/4087 2230/2230 3248/3248
f 3153/3153 4087/4087 3248/3248
f 3153/3153 3248/3248 2204/2204
f 6080/6080 6081/6081 6084/6084
f 6080/6080 6084/6084 6083/6083
f 2957/2957 4888/4888 5737/5737
f 2957/2957 5737/5737 4879/4879
f 3735/3735 5013/5013 4102/4102
f 3735/3735 4102/4102 2668/2668
f 2826/2826 4653/4653 2535/2535
f 2826/2826 2535/2535 1863/1863
f 2506/2506 3888/3888 5771/5771
f 2506/2506 5771/5771 4280/4280
f 2701/2701 4608/4608 5764/5764
f 2701/2701 5764/5764 4191/4191
f 2347/2347 3474/3474 4833/4833
f 2347/2347 4833/4833 3609/3609
f 4278/4278 5769/5769 4648/4648
f 4278/4278 4648/4648 2734/2734
f 2206/2206 3253/3253 4090/4090
f 2206/2206 4090/4090 3154/3154
f 3253/3253 2232/2232 3207/3207
f 3253/3253 3207/3207 4090/4090
f 4090/4090 3207/3207 2231/2231
f 4090/4090 2231/2231 3251/3251
f 3154/3154 4090/4090 3251/3251
f 3154/3154 3251/3251 2205/2205
f 1900/1900 3129/3129 5018/5018
f 1900/1900 5018/5018 3249/3249
f 3601/3601 2387/2387 3705/3705
f 3601/3601 3705/3705 4926/4926
f 5998/5998 5884/5884 5885/5885
f 5998/5998 5885/5885 6001/6001
f 6260/6260 3282/3282 6262/6262
f 6260/6260 6262/6262 6278/6278
f 2207/2207 3254/3254 4092/4092
f 2207/2207 4092/4092 3155/3155
f 3254/3254 2233/2233 3208/3208
f 3254/3254 3208/3208 4092/4092
f 4092/4092 3208/3208 2232/2232
f 4092/4092 2232/2232 3253/3253
f 3155/3155 4092/4092 3253/3253
f 3155/3155 3253/3253 2206/2206
f 3313/3313 5717/5717 3785/3785
f 3313/3313 3785/3785 2310/2310
f 3079/3079 2035/2035 3019/3019
f 3079/3079 3019/3019 4632/4632
f 3908/3908 2581/2581 4027/4027
f 3908/3908 4027/4027 5005/5005
f 5709/5709 3695/3695 2299/2299
f 5709/5709 2299/2299 3665/3665
f 2208/2208 3255/3255 4094/4094
f 2208/2208 4094/4094 3156/3156
f 3255/3255 2234/2234 3209/3209
f 3255/3255 3209/3209 4094/4094
f 4094/4094 3209/3209 2233/2233
f 4094/4094 2233/2233 3254/3254
f 3156/3156 4094/4094 3254/3254
f 3156/3156 3254/3254 2207/2207
f 4644/4644 3083/3083 2055/2055
f 4644/4644 2055/2055 3132/3132
f 6023/6023 6024/6024 5866/5866
f 6023/6023 5866/5866 5865/5865
f 2020/2020 3112/3112 4747/4747
f 2020/2020 4747/4747 3009/3009
f 4994/4994 3889/3889 1909/1909
f 4994/4994 1909/1909 3175/3175
f 2193/2193 3562/3562 5705/5705
f 2193/2193 5705/5705 3678/3678
f 4100/4100 2668/2668 4072/4072
f 4100/4100 4072/4072 4950/4950
f 2214/2214 3316/3316 4695/4695
f 2214/2214 4695/4695 3348/3348
f 4839/4839 3603/3603 2546/2546
f 4839/4839 2546/2546 3927/3927
f 4279/4279 5770/5770 4652/4652
f 4279/4279 4652/4652 2735/2735
f 4695/4695 2942/2942 1969/1969
f 4695/4695 1969/1969 3314/3314
f 4083/4083 5794/5794 4238/4238
f 4083/4083 4238/4238 2628/2628
f 3672/3672 5702/5702 3630/3630
f 3672/3672 3630/3630 2222/2222
f 4619/4619 5776/5776 3796/3796
f 4619/4619 3796/3796 2444/2444
f 4240/4240 2948/2948 4849/4849
f 4240/4240 4849/4849 5794/5794
f 6082/6082 5904/5904 5903/5903
f 6082/6082 5903/5903 6085/6085
f 2345/2345 3471/3471 4836/4836
f 2345/2345 4836/4836 3606/3606
f 3136/3136 2072/2072 3096/3096
f 3136/3136 3096/3096 4645/4645
f 6172/6172 5937/5937 5936/5936
f 6172/6172 5936/5936 6176/6176
f 4747/4747 3075/3075 2044/2044
f 4747/4747 2044/2044 3128/3128
f 5833/5833 5834/5834 6151/6151
f 5833/5833 6151/6151 6141/6141
f 3606/3606 4836/4836 3914/3914
f 3606/3606 3914/3914 2568/2568
f 3943/3943 4967/4967 3910/3910
f 3943/3943 3910/3910 2592/2592
f 2344/2344 3470/3470 4839/4839
f 2344/2344 4839/4839 3605/3605
f 4799/4799 2698/2698 4188/4188
f 4799/4799 4188/4188 5753/5753
f 5057/5057 3448/3448 2083/2083
f 5057/5057 2083/2083 3396/3396
f 4863/4863 4155/4155 2382/2382
f 4863/4863 2382/2382 3578/3578
f 3964/3964 2574/2574 3983/3983
f 3964/3964 3983/3983 4705/4705
f 2029/2029 3263/3263 5057/5057
f 2029/2029 5057/5057 3450/3450
f 5368/5368 5371/5371 5372/5372
f 5368/5368 5372/5372 5369/5369
f 2035/2035 3137/3137 4646/4646
f 2035/2035 4646/4646 3019/3019
f 5220/5220 5611/5611 5612/5612
f 5220/5220 5612/5612 5219/5219
f 3513/3513 2301/2301 2797/2797
f 3513/3513 2797/2797 4837/4837
f 4985/4985 3834/3834 1899/1899
f 4985/4985 1899/1899 3129/3129
f 4124/4124 2674/2674 4155/4155
f 4124/4124 4155/4155 4863/4863
f 4654/4654 2859/2859 1921/1921
f 4654/4654 1921/1921 2902/2902
f 2903/2903 1922/1922 2859/2859
f 2903/2903 2859/2859 4654/4654
f 2523/2523 3936/3936 3952/3952
f 2523/2523 3952/3952 3934/3934
f 3470/3470 2343/2343 3603/3603
f 3470/3470 3603/3603 4839/4839
f 2342/2342 3465/3465 4843/4843
f 2342/2342 4843/4843 3602/3602
f 3605/3605 4839/4839 3927/3927
f 3605/3605 3927/3927 2565/2565
f 5315/5315 5318/5318 5175/5175
f 5315/5315 5175/5175 5176/5176
f 2568/2568 3914/3914 4766/4766
f 2568/2568 4766/4766 3899/3899
f 5318/5318 5321/5321 5174/5174
f 5318/5318 5174/5174 5175/5175
f 5167/5167 5313/5313 5314/5314
f 5167/5167 5314/5314 5166/5166
f 3137/3137 2074/2074 3099/3099
f 3137/3137 3099/3099 4646/4646
f 3019/3019 4646/4646 3136/3136
f 3019/3019 3136/3136 2034/2034
f 3200/3200 2102/2102 3142/3142
f 3200/3200 3142/3142 4751/4751
f 4646/4646 3099/3099 2072/2072
f 4646/4646 2072/2072 3136/3136
f 2266/2266 3359/3359 4104/4104
f 2266/2266 4104/4104 3272/3272
f 3359/3359 2296/2296 3326/3326
f 3359/3359 3326/3326 4104/4104
f 4104/4104 3326/3326 2295/2295
f 4104/4104 2295/2295 3358/3358
f 3272/3272 4104/4104 3358/3358
f 3272/3272 3358/3358 2265/2265
f 5335/5335 5390/5390 5391/5391
f 5335/5335 5391/5391 5336/5336
f 3791/3791 2390/2390 3845/3845
f 3791/3791 3845/3845 4998/4998
f 5331/5331 5334/5334 5335/5335
f 5331/5331 5335/5335 5332/5332
f 5824/5824 5877/5877 6068/6068
f 5824/5824 6068/6068 5929/5929
f 5548/5548 5552/5552 5553/5553
f 5548/5548 5553/5553 5549/5549
f 2578/2578 3905/3905 5003/5003
f 2578/2578 5003/5003 4024/4024
f 5344/5344 6147/6147 6146/6146
f 5344/5344 6146/6146 5642/5642
f 2037/2037 3140/3140 4647/4647
f 2037/2037 4647/4647 3020/3020
f 2231/2231 3299/3299 4107/4107
f 2231/2231 4107/4107 3206/3206
f 3299/3299 2264/2264 3270/3270
f 3299/3299 3270/3270 4107/4107
f 4107/4107 3270/3270 2263/2263
f 4107/4107 2263/2263 3294/3294
f 3206/3206 4107/4107 3294/3294
f 3206/3206 3294/3294 2230/2230
f 6222/6222 6223/6223 6226/6226
f 6222/6222 6226/6226 6225/6225
f 2280/2280 3430/3430 4742/4742
f 2280/2280 4742/4742 3518/3518
f 5941/5941 6165/6165 6169/6169
f 5941/5941 6169/6169 5940/5940
f 5856/5856 5857/5857 6100/6100
f 5856/5856 6100/6100 6099/6099
f 3140/3140 2076/2076 3103/3103
f 3140/3140 3103/3103 4647/4647
f 3020/3020 4647/4647 3137/3137
f 3020/3020 3137/3137 2035/2035
f 2632/2632 4242/4242 5792/5792
f 2632/2632 5792/5792 4097/4097
f 4647/4647 3103/3103 2074/2074
f 4647/4647 2074/2074 3137/3137
f 2232/2232 3301/3301 4108/4108
f 2232/2232 4108/4108 3207/3207
f 3301/3301 2265/2265 3271/3271
f 3301/3301 3271/3271 4108/4108
f 4108/4108 3271/3271 2264/2264
f 4108/4108 2264/2264 3299/3299
f 3207/3207 4108/4108 3299/3299
f 3207/3207 3299/3299 2231/2231
f 4836/4836 3605/3605 2565/2565
f 4836/4836 2565/2565 3914/3914
f 3578/3578 2382/2382 3682/3682
f 3578/3578 3682/3682 4912/4912
f 3804/3804 2403/2403 3855/3855
f 3804/3804 3855/3855 5010/5010
f 2340/2340 3461/3461 4844/4844
f 2340/2340 4844/4844 3600/3600
f 2233/2233 3303/3303 4110/4110
f 2233/2233 4110/4110 3208/3208
f 3303/3303 2266/2266 3272/3272
f 3303/3303 3272/3272 4110/4110
f 4110/4110 3272/3272 2265/2265
f 4110/4110 2265/2265 3301/3301
f 3208/3208 4110/4110 3301/3301
f 3208/3208 3301/3301 2232/2232
f 2173/2173 4594/4594 5053/5053
f 2173/2173 5053/5053 3229/3229
f 3010/3010 4699/4699 3112/3112
f 3010/3010 3112/3112 2020/2020
f 3603/3603 4841/4841 3946/3946
f 3603/3603 3946/3946 2546/2546
f 2638/2638 4048/4048 4257/4257
f 2638/2638 4257/4257 4046/4046
f 2234/2234 3304/3304 4111/4111
f 2234/2234 4111/4111 3209/3209
f 3304/3304 2267/2267 3273/3273
f 3304/3304 3273/3273 4111/4111
f 4111/4111 3273/3273 2266/2266
f 4111/4111 2266/2266 3303/3303
f 3209/3209 4111/4111 3303/3303
f 3209/3209 3303/3303 2233/2233
f 3461/3461 2341/2341 3874/3874
f 3461/3461 3874/3874 4844/4844
f 2343/2343 3469/3469 4841/4841
f 2343/2343 4841/4841 3603/3603
f 5053/5053 4001/4001 2613/2613
f 5053/5053 2613/2613 4593/4593
f 3469/3469 2342/2342 3602/3602
f 3469/3469 3602/3602 4841/4841
f 4093/4093 5793/5793 4240/4240
f 4093/4093 4240/4240 2629/2629
f 3466/3466 2137/2137 3628/3628
f 3466/3466 3628/3628 5700/5700
f 5699/5699 3627/3627 2191/2191
f 5699/5699 2191/2191 3562/3562
f 4191/4191 5764/5764 4607/4607
f 4191/4191 4607/4607 2700/2700
f 2572/2572 3962/3962 4871/4871
f 2572/2572 4871/4871 3979/3979
f 2056/2056 4113/4113 4872/4872
f 2056/2056 4872/4872 3082/3082
f 2957/2957 4887/4887 5798/5798
f 2957/2957 5798/5798 4870/4870
f 4872/4872 3817/3817 2510/2510
f 4872/4872 2510/2510 4114/4114
f 4663/4663 3201/3201 2139/2139
f 4663/4663 2139/2139 2869/2869
f 1923/1923 2869/2869 4668/4668
f 1923/1923 4668/4668 2746/2746
f 6187/6187 6188/6188 5359/5359
f 6187/6187 5359/5359 5360/5360
f 2747/2747 4663/4663 2869/2869
f 2747/2747 2869/2869 1923/1923
f 4267/4267 2878/2878 1962/1962
f 4267/4267 1962/1962 2905/2905
f 2808/2808 4267/4267 2905/2905
f 2808/2808 2905/2905 1942/1942
f 4639/4639 2790/2790 4623/4623
f 4639/4639 4623/4623 5774/5774
f 3018/3018 4727/4727 3119/3119
f 3018/3018 3119/3119 2023/2023
f 2746/2746 4668/4668 2868/2868
f 2746/2746 2868/2868 1920/1920
f 3827/3827 4958/4958 3771/3771
f 3827/3827 3771/3771 2494/2494
f 4668/4668 3210/3210 2138/2138
f 4668/4668 2138/2138 2868/2868
f 2464/2464 3712/3712 4961/4961
f 2464/2464 4961/4961 3828/3828
f 6214/6214 6243/6243 6244/6244
f 6214/6214 6244/6244 6216/6216
f 5846/5846 5822/5822 5857/5857
f 5846/5846 5857/5857 6019/6019
f 3242/3242 4147/4147 3285/3285
f 3242/3242 3285/3285 2168/2168
f 1884/1884 2915/2915 4659/4659
f 1884/1884 4659/4659 2834/2834
f 2392/2392 3804/3804 5010/5010
f 2392/2392 5010/5010 3852/3852
f 4630/4630 5775/5775 4700/4700
f 4630/4630 4700/4700 2822/2822
f 5835/5835 6023/6023 5865/5865
f 5835/5835 5865/5865 5816/5816
f 3933/3933 2520/2520 3950/3950
f 3933/3933 3950/3950 5722/5722
f 3430/3430 2279/2279 3517/3517
f 3430/3430 3517/3517 4742/4742
f 2915/2915 1927/1927 2862/2862
f 2915/2915 2862/2862 4659/4659
f 3518/3518 4742/4742 3469/3469
f 3518/3518 3469/3469 2343/2343
f 2750/2750 4200/4200 4257/4257
f 2750/2750 4257/4257 4197/4197
f 3664/3664 2288/2288 4977/4977
f 3664/3664 4977/4977 5814/5814
f 2869/2869 2139/2139 3210/3210
f 2869/2869 3210/3210 4668/4668
f 2745/2745 4669/4669 2866/2866
f 2745/2745 2866/2866 1919/1919
f 5763/5763 4256/4256 2733/2733
f 5763/5763 2733/2733 4605/4605
f 2571/2571 3912/3912 4768/4768
f 2571/2571 4768/4768 3903/3903
f 5546/5546 5550/5550 5551/5551
f 5546/5546 5551/5551 5547/5547
f 2358/2358 3791/3791 4998/4998
f 2358/2358 4998/4998 3844/3844
f 2274/2274 3646/3646 5810/5810
f 2274/2274 5810/5810 4974/4974
f 2732/2732 4639/4639 5774/5774
f 2732/2732 5774/5774 4253/4253
f 5876/5876 5825/5825 5932/5932
f 5876/5876 5932/5932 6127/6127
f 2573/2573 3962/3962 4853/4853
f 2573/2573 4853/4853 3977/3977
f 5753/5753 4188/4188 2672/2672
f 5753/5753 2672/2672 4791/4791
f 2226/2226 3315/3315 4123/4123
f 2226/2226 4123/4123 3202/3202
f 3315/3315 2259/2259 3266/3266
f 3315/3315 3266/3266 4123/4123
f 4123/4123 3266/3266 2260/2260
f 4123/4123 2260/2260 3300/3300
f 3202/3202 4123/4123 3300/3300
f 3202/3202 3300/3300 2227/2227
f 3810/3810 4954/4954 3765/3765
f 3810/3810 3765/3765 2492/2492
f 2465/2465 3713/3713 4963/4963
f 2465/2465 4963/4963 3830/3830
f 3708/3708 2447/2447 3805/3805
f 3708/3708 3805/3805 4954/4954
f 2493/2493 3770/3770 4952/4952
f 2493/2493 4952/4952 3877/3877
f 2533/2533 3838/3838 4987/4987
f 2533/2533 4987/4987 3972/3972
f 4869/4869 5751/5751 3599/3599
f 4869/4869 3599/3599 2539/2539
f 5233/5233 5073/5073 5224/5224
f 5233/5233 5224/5224 5578/5578
f 3843/3843 2557/2557 3943/3943
f 3843/3843 3943/3943 4982/4982
f 2228/2228 3318/3318 4125/4125
f 2228/2228 4125/4125 3203/3203
f 3318/3318 2261/2261 3267/3267
f 3318/3318 3267/3267 4125/4125
f 4125/4125 3267/3267 2259/2259
f 4125/4125 2259/2259 3315/3315
f 3203/3203 4125/4125 3315/3315
f 3203/3203 3315/3315 2226/2226
f 3463/3463 4770/4770 3565/3565
f 3463/3463 3565/3565 2209/2209
f 5230/5230 5650/5650 5341/5341
f 5230/5230 5341/5341 5072/5072
f 4770/4770 3903/3903 2381/2381
f 4770/4770 2381/2381 3565/3565
f 3750/3750 4796/4796 3696/3696
f 3750/3750 3696/3696 2443/2443
f 5944/5944 6138/6138 6251/6251
f 5944/5944 6251/6251 6252/6252
f 5733/5733 4041/4041 2566/2566
f 5733/5733 2566/2566 4907/4907
f 1990/1990 3124/3124 4743/4743
f 1990/1990 4743/4743 2994/2994
f 1987/1987 3188/3188 5713/5713
f 1987/1987 5713/5713 3349/3349
f 2229/2229 3293/3293 4127/4127
f 2229/2229 4127/4127 3204/3204
f 3293/3293 2262/2262 3268/3268
f 3293/3293 3268/3268 4127/4127
f 4127/4127 3268/3268 2261/2261
f 4127/4127 2261/2261 3318/3318
f 3204/3204 4127/4127 3318/3318
f 3204/3204 3318/3318 2228/2228
f 5795/5795 4850/4850 2914/2914
f 5795/5795 2914/2914 4237/4237
f 4978/4978 5814/5814 4738/4738
f 4978/4978 4738/4738 2899/2899
f 5643/5643 6145/6145 6142/6142
f 5643/5643 6142/6142 5644/5644
f 5392/5392 5395/5395 5396/5396
f 5392/5392 5396/5396 5393/5393
f 4670/4670 3212/3212 2133/2133
f 4670/4670 2133/2133 2856/2856
f 3395/3395 4618/4618 3441/3441
f 3395/3395 3441/3441 2258/2258
f 4911/4911 3674/3674 2405/2405
f 4911/4911 2405/2405 3638/3638
f 1919/1919 2866/2866 4670/4670
f 1919/1919 4670/4670 2744/2744
f 1974/1974 3291/3291 5060/5060
f 1974/1974 5060/5060 3051/3051
f 3065/3065 2039/2039 3021/3021
f 3065/3065 3021/3021 4641/4641
f 3743/3743 2356/2356 3729/3729
f 3743/3743 3729/3729 5044/5044
f 1997/1997 3128/3128 4745/4745
f 1997/1997 4745/4745 2998/2998
f 4845/4845 2805/2805 2304/2304
f 4845/4845 2304/2304 3522/3522
f 3490/3490 4845/4845 3522/3522
f 3490/3490 3522/3522 2328/2328
f 5121/5121 5621/5621 5622/5622
f 5121/5121 5622/5622 5120/5120
f 6066/6066 6067/6067 5870/5870
f 6066/6066 5870/5870 5869/5869
f 2267/2267 3362/3362 4131/4131
f 2267/2267 4131/4131 3273/3273
f 3362/3362 2297/2297 3327/3327
f 3362/3362 3327/3327 4131/4131
f 4131/4131 3327/3327 2296/2296
f 4131/4131 2296/2296 3359/3359
f 3273/3273 4131/4131 3359/3359
f 3273/3273 3359/3359 2266/2266
f 3291/3291 2036/2036 3453/3453
f 3291/3291 3453/3453 5060/5060
f 5103/5103 5581/5581 5582/5582
f 5103/5103 5582/5582 5102/5102
f 5577/5577 5580/5580 5232/5232
f 5577/5577 5232/5232 5231/5231
f 5026/5026 3527/3527 2146/2146
f 5026/5026 2146/2146 3576/3576
f 5222/5222 5221/5221 5617/5617
f 5222/5222 5617/5617 5614/5614
f 5859/5859 6062/6062 6065/6065
f 5859/5859 6065/6065 5860/5860
f 4678/4678 2704/2704 1873/1873
f 4678/4678 1873/1873 3265/3265
f 6065/6065 6066/6066 5869/5869
f 6065/6065 5869/5869 5868/5868
f 2907/2907 4785/4785 5751/5751
f 2907/2907 5751/5751 4869/4869
f 5473/5473 5476/5476 5268/5268
f 5473/5473 5268/5268 5269/5269
f 4252/4252 2816/2816 1949/1949
f 4252/4252 1949/1949 3170/3170
f 5476/5476 5479/5479 5267/5267
f 5476/5476 5267/5267 5268/5268
f 4680/4680 2677/2677 2199/2199
f 4680/4680 2199/2199 3368/3368
f 2247/2247 3371/3371 4681/4681
f 2247/2247 4681/4681 3338/3338
f 4269/4269 5028/5028 3568/3568
f 4269/4269 3568/3568 2722/2722
f 3338/3338 4681/4681 3370/3370
f 3338/3338 3370/3370 2245/2245
f 5153/5153 5154/5154 5319/5319
f 5153/5153 5319/5319 5316/5316
f 5319/5319 5184/5184 5185/5185
f 5319/5319 5185/5185 5320/5320
f 5154/5154 4905/4905 5184/5184
f 5154/5154 5184/5184 5319/5319
f 5152/5152 5153/5153 5316/5316
f 5152/5152 5316/5316 5313/5313
f 3142/3142 4777/4777 3281/3281
f 3142/3142 3281/3281 2101/2101
f 2838/2838 4764/4764 5783/5783
f 2838/2838 5783/5783 4665/4665
f 3371/3371 2216/2216 2678/2678
f 3371/3371 2678/2678 4681/4681
f 5834/5834 6020/6020 6023/6023
f 5834/5834 6023/6023 5835/5835
f 2936/2936 4673/4673 2626/2626
f 2936/2936 2626/2626 1911/1911
f 1883/1883 2908/2908 4657/4657
f 1883/1883 4657/4657 2833/2833
f 5731/5731 4037/4037 2563/2563
f 5731/5731 2563/2563 4898/4898
f 4673/4673 2994/2994 1930/1930
f 4673/4673 1930/1930 2626/2626
f 5235/5235 5234/5234 5575/5575
f 5235/5235 5575/5575 5572/5572
f 2069/2069 3176/3176 4758/4758
f 2069/2069 4758/4758 3086/3086
f 3086/3086 4758/4758 3216/3216
f 3086/3086 3216/3216 2054/2054
f 5102/5102 5582/5582 5583/5583
f 5102/5102 5583/5583 5101/5101
f 4898/4898 2563/2563 4032/4032
f 4898/4898 4032/4032 5730/5730
f 2984/2984 1994/1994 2951/2951
f 2984/2984 2951/2951 4612/4612
f 2190/2190 3552/3552 5703/5703
f 2190/2190 5703/5703 3673/3673
f 5367/5367 6155/6155 5077/5077
f 5367/5367 5077/5077 5342/5342
f 4681/4681 2678/2678 2215/2215
f 4681/4681 2215/2215 3370/3370
f 2249/2249 3375/3375 4682/4682
f 2249/2249 4682/4682 3340/3340
f 4706/4706 3010/3010 2020/2020
f 4706/4706 2020/2020 3041/3041
f 3340/3340 4682/4682 3371/3371
f 3340/3340 3371/3371 2247/2247
f 4621/4621 3035/3035 2048/2048
f 4621/4621 2048/2048 3066/3066
f 3067/3067 4965/4965 5804/5804
f 3067/3067 5804/5804 4943/4943
f 2883/2883 4612/4612 3012/3012
f 2883/2883 3012/3012 1964/1964
f 2330/2330 3523/3523 4845/4845
f 2330/2330 4845/4845 3490/3490
f 5793/5793 4831/4831 2948/2948
f 5793/5793 2948/2948 4240/4240
f 5749/5749 4101/4101 2633/2633
f 5749/5749 2633/2633 4179/4179
f 2622/2622 4234/4234 5797/5797
f 2622/2622 5797/5797 4075/4075
f 6136/6136 6137/6137 6255/6255
f 6136/6136 6255/6255 6254/6254
f 2259/2259 3373/3373 4140/4140
f 2259/2259 4140/4140 3266/3266
f 3373/3373 2289/2289 3320/3320
f 3373/3373 3320/3320 4140/4140
f 4140/4140 3320/3320 2290/2290
f 4140/4140 2290/2290 3372/3372
f 3266/3266 4140/4140 3372/3372
f 3266/3266 3372/3372 2260/2260
f 6163/6163 6164/6164 5352/5352
f 6163/6163 5352/5352 5353/5353
f 2569/2569 3892/3892 4999/4999
f 2569/2569 4999/4999 4018/4018
f 3913/3913 2568/2568 3899/3899
f 3913/3913 3899/3899 4767/4767
f 3446/3446 4994/4994 3175/3175
f 3446/3446 3175/3175 1897/1897
f 4758/4758 3164/3164 2105/2105
f 4758/4758 2105/2105 3216/3216
f 3176/3176 2106/2106 3164/3164
f 3176/3176 3164/3164 4758/4758
f 5035/5035 3259/3259 1989/1989
f 5035/5035 1989/1989 3194/3194
f 3349/3349 5713/5713 3779/3779
f 3349/3349 3779/3779 2352/2352
f 2261/2261 3376/3376 4142/4142
f 2261/2261 4142/4142 3267/3267
f 3376/3376 2291/2291 3321/3321
f 3376/3376 3321/3321 4142/4142
f 4142/4142 3321/3321 2289/2289
f 4142/4142 2289/2289 3373/3373
f 3267/3267 4142/4142 3373/3373
f 3267/3267 3373/3373 2259/2259
f 4778/4778 3671/3671 2408/2408
f 4778/4778 2408/2408 3614/3614
f 2027/2027 3261/3261 5055/5055
f 2027/2027 5055/5055 3403/3403
f 3675/3675 4778/4778 3614/3614
f 3675/3675 3614/3614 2409/2409
f 3557/3557 2366/2366 3671/3671
f 3557/3557 3671/3671 4778/4778
f 2194/2194 3563/3563 5706/5706
f 2194/2194 5706/5706 3690/3690
f 2504/2504 3774/3774 4970/4970
f 2504/2504 4970/4970 3885/3885
f 5038/5038 3718/3718 2026/2026
f 5038/5038 2026/2026 3261/3261
f 3690/3690 5706/5706 3649/3649
f 3690/3690 3649/3649 2282/2282
f 2262/2262 3377/3377 4145/4145
f 2262/2262 4145/4145 3268/3268
f 3377/3377 2292/2292 3322/3322
f 3377/3377 3322/3322 4145/4145
f 4145/4145 3322/3322 2291/2291
f 4145/4145 2291/2291 3376/3376
f 3268/3268 4145/4145 3376/3376
f 3268/3268 3376/3376 2261/2261
f 4988/4988 3851/3851 1901/1901
f 4988/4988 1901/1901 3171/3171
f 5650/5650 5653/5653 5340/5340
f 5650/5650 5340/5340 5341/5341
f 4957/4957 3023/3023 4007/4007
f 4957/4957 4007/4007 5800/5800
f 5575/5575 5578/5578 5579/5579
f 5575/5575 5579/5579 5576/5576
f 3840/3840 2534/2534 3973/3973
f 3840/3840 3973/3973 4993/4993
f 5924/5924 5827/5827 5941/5941
f 5924/5924 5941/5941 6158/6158
f 5654/5654 5354/5354 5353/5353
f 5654/5654 5353/5353 5655/5655
f 4937/4937 5802/5802 4959/4959
f 4937/4937 4959/4959 3049/3049
f 2263/2263 3379/3379 4148/4148
f 2263/2263 4148/4148 3269/3269
f 3379/3379 2293/2293 3323/3323
f 3379/3379 3323/3323 4148/4148
f 4148/4148 3323/3323 2292/2292
f 4148/4148 2292/2292 3377/3377
f 3269/3269 4148/4148 3377/3377
f 3269/3269 3377/3377 2262/2262
f 3520/3520 2303/2303 2803/2803
f 3520/3520 2803/2803 4840/4840
f 2434/2434 4257/4257 4064/4064
f 2326/2326 3520/3520 4840/4840
f 2326/2326 4840/4840 3485/3485
f 3262/3262 2027/2027 3403/3403
f 3262/3262 3403/3403 5056/5056
f 3977/3977 4853/4853 3426/3426
f 3977/3977 3426/3426 2275/2275
f 5721/5721 3949/3949 2468/2468
f 5721/5721 2468/2468 3105/3105
f 3962/3962 2572/2572 3978/3978
f 3962/3962 3978/3978 4853/4853
f 4853/4853 3978/3978 2276/2276
f 4853/4853 2276/2276 3426/3426
f 2264/2264 3382/3382 4151/4151
f 2264/2264 4151/4151 3270/3270
f 3382/3382 2294/2294 3324/3324
f 3382/3382 3324/3324 4151/4151
f 4151/4151 3324/3324 2293/2293
f 4151/4151 2293/2293 3379/3379
f 3270/3270 4151/4151 3379/3379
f 3270/3270 3379/3379 2263/2263
f 4780/4780 3675/3675 2409/2409
f 4780/4780 2409/2409 3615/3615
f 5370/5370 5373/5373 5099/5099
f 5370/5370 5099/5099 5098/5098
f 3048/3048 2023/2023 6234/6234
f 3048/3048 6234/6234 6233/6233
f 5603/5603 5606/5606 5607/5607
f 5603/5603 5607/5607 5604/5604
f 4684/4684 2683/2683 2218/2218
f 4684/4684 2218/2218 3380/3380
f 3380/3380 2218/2218 2680/2680
f 3380/3380 2680/2680 4683/4683
f 3381/3381 2224/2224 2683/2683
f 3381/3381 2683/2683 4684/4684
f 3344/3344 4684/4684 3380/3380
f 3344/3344 3380/3380 2251/2251
f 2265/2265 3358/3358 4154/4154
f 2265/2265 4154/4154 3271/3271
f 3358/3358 2295/2295 3325/3325
f 3358/3358 3325/3325 4154/4154
f 4154/4154 3325/3325 2294/2294
f 4154/4154 2294/2294 3382/3382
f 3271/3271 4154/4154 3382/3382
f 3271/3271 3382/3382 2264/2264
f 6161/6161 5940/5940 5939/5939
f 6161/6161 5939/5939 6164/6164
f 2637/2637 4045/4045 4854/4854
f 2637/2637 4854/4854 4082/4082
f 4052/4052 2643/2643 4088/4088
f 4052/4052 4088/4088 4857/4857
f 4855/4855 4082/4082 2608/2608
f 4855/4855 2608/2608 3401/3401
f 4686/4686 2692/2692 2224/2224
f 4686/4686 2224/2224 3381/3381
f 2255/2255 3392/3392 4686/4686
f 2255/2255 4686/4686 3346/3346
f 2130/2130 3007/3007 4687/4687
f 2130/2130 4687/4687 3354/3354
f 3346/3346 4686/4686 3381/3381
f 3346/3346 3381/3381 2253/2253
f 4047/4047 2637/2637 4082/4082
f 4047/4047 4082/4082 4855/4855
f 2647/2647 4052/4052 4857/4857
f 2647/2647 4857/4857 4089/4089
f 3167/3167 4797/4797 3302/3302
f 3167/3167 3302/3302 2107/2107
f 4082/4082 4854/4854 3400/3400
f 4082/4082 3400/3400 2608/2608
f 5162/5162 5285/5285 5168/5168
f 5162/5162 5168/5168 4917/4917
f 5552/5552 5087/5087 5088/5088
f 5552/5552 5088/5088 5553/5553
f 2641/2641 4051/4051 4257/4257
f 2641/2641 4257/4257 4048/4048
f 5164/5164 5283/5283 5284/5284
f 5164/5164 5284/5284 5163/5163
f 5132/5132 5660/5660 5338/5338
f 5132/5132 5338/5338 5071/5071
f 3354/3354 4687/4687 3392/3392
f 3354/3354 3392/3392 2255/2255
f 3448/3448 5056/5056 3365/3365
f 3448/3448 3365/3365 2083/2083
f 3392/3392 2225/2225 2692/2692
f 3392/3392 2692/2692 4686/4686
f 4152/4152 2720/2720 1879/1879
f 4152/4152 1879/1879 3308/3308
f 2358/2358 3788/3788 5718/5718
f 2358/2358 5718/5718 3834/3834
f 2067/2067 2930/2930 4152/4152
f 2067/2067 4152/4152 3247/3247
f 5963/5963 5271/5271 5455/5455
f 5963/5963 5455/5455 5962/5962
f 6141/6141 6151/6151 6261/6261
f 6141/6141 6261/6261 6259/6259
f 3068/3068 4944/4944 4257/4257
f 3068/3068 4257/4257 4946/4946
f 5088/5088 5641/5641 5344/5344
f 5088/5088 5344/5344 5062/5062
f 4690/4690 2937/2937 1951/1951
f 4690/4690 1951/1951 3309/3309
f 3308/3308 1879/1879 2719/2719
f 3308/3308 2719/2719 4150/4150
f 6121/6121 5928/5928 5927/5927
f 6121/6121 5927/5927 6124/6124
f 2192/2192 3308/3308 4150/4150
f 2192/2192 4150/4150 3245/3245
f 4150/4150 2719/2719 1878/1878
f 4150/4150 1878/1878 3289/3289
f 2735/2735 4652/4652 5769/5769
f 2735/2735 5769/5769 4278/4278
f 5291/5291 5171/5171 4921/4921
f 5291/5291 4921/4921 5170/5170
f 5923/5923 5922/5922 6223/6223
f 5923/5923 6223/6223 6222/6222
f 2335/2335 3940/3940 5726/5726
f 2335/2335 5726/5726 3531/3531
f 2289/2289 3419/3419 4164/4164
f 2289/2289 4164/4164 3320/3320
f 3419/3419 2311/2311 3384/3384
f 3419/3419 3384/3384 4164/4164
f 4164/4164 3384/3384 2312/2312
f 4164/4164 2312/2312 3418/3418
f 3320/3320 4164/4164 3418/3418
f 3320/3320 3418/3418 2290/2290
f 2961/2961 4896/4896 5729/5729
f 2961/2961 5729/5729 4880/4880
f 3679/3679 4781/4781 3616/3616
f 3679/3679 3616/3616 2411/2411
f 4896/4896 2562/2562 4029/4029
f 4896/4896 4029/4029 5729/5729
f 3674/3674 4910/4910 3637/3637
f 3674/3674 3637/3637 2405/2405
f 3165/3165 4795/4795 3298/3298
f 3165/3165 3298/3298 2106/2106
f 2994/2994 4743/4743 2685/2685
f 2994/2994 2685/2685 1930/1930
f 3803/3803 2391/2391 3851/3851
f 3803/3803 3851/3851 4988/4988
f 3258/3258 5024/5024 3190/3190
f 3258/3258 3190/3190 1988/1988
f 2291/2291 3422/3422 4167/4167
f 2291/2291 4167/4167 3321/3321
f 3422/3422 2313/2313 3385/3385
f 3422/3422 3385/3385 4167/4167
f 4167/4167 3385/3385 2311/2311
f 4167/4167 2311/2311 3419/3419
f 3321/3321 4167/4167 3419/3419
f 3321/3321 3419/3419 2289/2289
f 2154/2154 3439/3439 4754/4754
f 2154/2154 4754/4754 3126/3126
f 3701/3701 2458/2458 3814/3814
f 3701/3701 3814/3814 4814/4814
f 3126/3126 4754/4754 3476/3476
f 3126/3126 3476/3476 2189/2189
f 3289/3289 1878/1878 2718/2718
f 3289/3289 2718/2718 4149/4149
f 3007/3007 2097/2097 2693/2693
f 3007/3007 2693/2693 4687/4687
f 5580/5580 5226/5226 5076/5076
f 5580/5580 5076/5076 5232/5232
f 2256/2256 3421/3421 4615/4615
f 2256/2256 4615/4615 3383/3383
f 4687/4687 2693/2693 2225/2225
f 4687/4687 2225/2225 3392/3392
f 2292/2292 3424/3424 4170/4170
f 2292/2292 4170/4170 3322/3322
f 3424/3424 2314/2314 3386/3386
f 3424/3424 3386/3386 4170/4170
f 4170/4170 3386/3386 2313/2313
f 4170/4170 2313/2313 3422/3422
f 3322/3322 4170/4170 3422/3422
f 3322/3322 3422/3422 2291/2291
f 5040/5040 3721/3721 2028/2028
f 5040/5040 2028/2028 3263/3263
f 5859/5859 5860/5860 5998/5998
f 5859/5859 5998/5998 5997/5997
f 4962/4962 3036/3036 4013/4013
f 4962/4962 4013/4013 5803/5803
f 3753/3753 2481/2481 3861/3861
f 3753/3753 3861/3861 4815/4815
f 5822/5822 5854/5854 6077/6077
f 5822/5822 6077/6077 5908/5908
f 5936/5936 6186/6186 5361/5361
f 5936/5936 5361/5361 5079/5079
f 6257/6257 6249/6249 5952/5952
f 6257/6257 5952/5952 5953/5953
f 5469/5469 5475/5475 5476/5476
f 5469/5469 5476/5476 5473/5473
f 2293/2293 3427/3427 4173/4173
f 2293/2293 4173/4173 3323/3323
f 3427/3427 2315/2315 3387/3387
f 3427/3427 3387/3387 4173/4173
f 4173/4173 3387/3387 2314/2314
f 4173/4173 2314/2314 3424/3424
f 3323/3323 4173/4173 3424/3424
f 3323/3323 3424/3424 2292/2292
f 3644/3644 2438/2438 3738/3738
f 3644/3644 3738/3738 5011/5011
f 3974/3974 5723/5723 3109/3109
f 3974/3974 3109/3109 2471/2471
f 2472/2472 3753/3753 4815/4815
f 2472/2472 4815/4815 3862/3862
f 3862/3862 4815/4815 3817/3817
f 3862/3862 3817/3817 2509/2509
f 3075/3075 4752/4752 3200/3200
f 3075/3075 3200/3200 2044/2044
f 5908/5908 6077/6077 6080/6080
f 5908/5908 6080/6080 5907/5907
f 5926/5926 5925/5925 6154/6154
f 5926/5926 6154/6154 6153/6153
f 5574/5574 5577/5577 5231/5231
f 5574/5574 5231/5231 5230/5230
f 2294/2294 3429/3429 4178/4178
f 2294/2294 4178/4178 3324/3324
f 3429/3429 2316/2316 3388/3388
f 3429/3429 3388/3388 4178/4178
f 4178/4178 3388/3388 2315/2315
f 4178/4178 2315/2315 3427/3427
f 3324/3324 4178/4178 3427/3427
f 3324/3324 3427/3427 2293/2293
f 5627/5627 5219/5219 5145/5145
f 5627/5627 5145/5145 5628/5628
f 3107/3107 4877/4877 4120/4120
f 3107/3107 4120/4120 2077/2077
f 5254/5254 5468/5468 5469/5469
f 5254/5254 5469/5469 5253/5253
f 5236/5236 5074/5074 5220/5220
f 5236/5236 5220/5220 5626/5626
f 4205/4205 2755/2755 4270/4270
f 4205/4205 4270/4270 5030/5030
f 2054/2054 3216/3216 4757/4757
f 2054/2054 4757/4757 3085/3085
f 4197/4197 4257/4257 2417/2417
f 3216/3216 2105/2105 3159/3159
f 3216/3216 3159/3159 4757/4757
f 2295/2295 3431/3431 4181/4181
f 2295/2295 4181/4181 3325/3325
f 3431/3431 2317/2317 3389/3389
f 3431/3431 3389/3389 4181/4181
f 4181/4181 3389/3389 2316/2316
f 4181/4181 2316/2316 3429/3429
f 3325/3325 4181/4181 3429/3429
f 3325/3325 3429/3429 2294/2294
f 4275/4275 5034/5034 3574/3574
f 4275/4275 3574/3574 2728/2728
f 2324/2324 3514/3514 4838/4838
f 2324/2324 4838/4838 3483/3483
f 4076/4076 4951/4951 3715/3715
f 4076/4076 3715/3715 2466/2466
f 5696/5696 3072/3072 2032/2032
f 5696/5696 2032/2032 3551/3551
f 2296/2296 3433/3433 4183/4183
f 2296/2296 4183/4183 3326/3326
f 3433/3433 2318/2318 3390/3390
f 3433/3433 3390/3390 4183/4183
f 4183/4183 3390/3390 2317/2317
f 4183/4183 2317/2317 3431/3431
f 3326/3326 4183/4183 3431/3431
f 3326/3326 3431/3431 2295/2295
f 5576/5576 5579/5579 5580/5580
f 5576/5576 5580/5580 5577/5577
f 3710/3710 2462/2462 3824/3824
f 3710/3710 3824/3824 4958/4958
f 4177/4177 2389/2389 4042/4042
f 4177/4177 4042/4042 5734/5734
f 5802/5802 4012/4012 3024/3024
f 5802/5802 3024/3024 4959/4959
f 2297/2297 3435/3435 4185/4185
f 2297/2297 4185/4185 3327/3327
f 3435/3435 2319/2319 3391/3391
f 3435/3435 3391/3391 4185/4185
f 4185/4185 3391/3391 2318/2318
f 4185/4185 2318/2318 3433/3433
f 3327/3327 4185/4185 3433/3433
f 3327/3327 3433/3433 2296/2296
f 4045/4045 2624/2624 4085/4085
f 4045/4045 4085/4085 4854/4854
f 2643/2643 4050/4050 4856/4856
f 2643/2643 4856/4856 4088/4088
f 4854/4854 4085/4085 2607/2607
f 4854/4854 2607/2607 3400/3400
f 2640/2640 4047/4047 4855/4855
f 2640/2640 4855/4855 4086/4086
f 4662/4662 5782/5782 3861/3861
f 4662/4662 3861/3861 2481/2481
f 5371/5371 5374/5374 5375/5375
f 5371/5371 5375/5375 5372/5372
f 5726/5726 4004/4004 2489/2489
f 5726/5726 2489/2489 3123/3123
f 3712/3712 2463/2463 3827/3827
f 3712/3712 3827/3827 4961/4961
f 2653/2653 4112/4112 4928/4928
f 2653/2653 4928/4928 4066/4066
f 5039/5039 3719/3719 2027/2027
f 5039/5039 2027/2027 3262/3262
f 5294/5294 5297/5297 5204/5204
f 5294/5294 5204/5204 5203/5203
f 2793/2793 1902/1902 2741/2741
f 2793/2793 2741/2741 4201/4201
f 4172/4172 4867/4867 3582/3582
f 4172/4172 3582/3582 2387/2387
f 5693/5693 3549/3549 2112/2112
f 5693/5693 2112/2112 3457/3457
f 5618/5618 5228/5228 5227/5227
f 5618/5618 5227/5227 5619/5619
f 2945/2945 5345/5345 5647/5647
f 2945/2945 5647/5647 6182/6182
f 2283/2283 3650/3650 5812/5812
f 2283/2283 5812/5812 4976/4976
f 4109/4109 2653/2653 4066/4066
f 4109/4109 4066/4066 4929/4929
f 5722/5722 3950/3950 2469/2469
f 5722/5722 2469/2469 3108/3108
f 5290/5290 5172/5172 5171/5171
f 5290/5290 5171/5171 5291/5291
f 6227/6227 5950/5950 5951/5951
f 6227/6227 5951/5951 6230/6230
f 1975/1975 3052/3052 4715/4715
f 1975/1975 4715/4715 2947/2947
f 2947/2947 4715/4715 3048/3048
f 2947/2947 3048/3048 1970/1970
f 6272/6272 6273/6273 6301/6301
f 6272/6272 6301/6301 6299/6299
f 6003/6003 6004/6004 5879/5879
f 6003/6003 5879/5879 5878/5878
f 2704/2704 4201/4201 2792/2792
f 2704/2704 2792/2792 1873/1873
f 4097/4097 5792/5792 4241/4241
f 4097/4097 4241/4241 2630/2630
f 5208/5208 5207/5207 5295/5295
f 5208/5208 5295/5295 5292/5292
f 3052/3052 2025/2025 3018/3018
f 3052/3052 3018/3018 4715/4715
f 2238/2238 3925/3925 3952/3952
f 5474/5474 5477/5477 5478/5478
f 5474/5474 5478/5478 5475/5475
f 5475/5475 5478/5478 5479/5479
f 5475/5475 5479/5479 5476/5476
f 3666/3666 2300/2300 4978/4978
f 3666/3666 4978/4978 5815/5815
f 2140/2140 3466/3466 5700/5700
f 2140/2140 5700/5700 3629/3629
f 5681/5681 5684/5684 5685/5685
f 5681/5681 5685/5685 5682/5682
f 5550/5550 5085/5085 5086/5086
f 5550/5550 5086/5086 5551/5551
f 2188/2188 3196/3196 4193/4193
f 2188/2188 4193/4193 3094/3094
f 3196/3196 2363/2363 3473/3473
f 3196/3196 3473/3473 4193/4193
f 4193/4193 3473/3473 2362/2362
f 4193/4193 2362/2362 3195/3195
f 3094/3094 4193/4193 3195/3195
f 3094/3094 3195/3195 2187/2187
f 2254/2254 3345/3345 3952/3952
f 2254/2254 3952/3952 3353/3353
f 4203/4203 2751/2751 4269/4269
f 4203/4203 4269/4269 5029/5029
f 5885/5885 6090/6090 6094/6094
f 5885/5885 6094/6094 5902/5902
f 3366/3366 4852/4852 3410/3410
f 3366/3366 3410/3410 2236/2236
f 2187/2187 3195/3195 4195/4195
f 2187/2187 4195/4195 3093/3093
f 3195/3195 2362/2362 3475/3475
f 3195/3195 3475/3475 4195/4195
f 4195/4195 3475/3475 2361/2361
f 4195/4195 2361/2361 3193/3193
f 3093/3093 4195/4195 3193/3193
f 3093/3093 3193/3193 2186/2186
f 5325/5325 5328/5328 5329/5329
f 5325/5325 5329/5329 5326/5326
f 2178/2178 3666/3666 5815/5815
f 2178/2178 5815/5815 4596/4596
f 5322/5322 5325/5325 5326/5326
f 5322/5322 5326/5326 5323/5323
f 6007/6007 6008/6008 6012/6012
f 6007/6007 6012/6012 6011/6011
f 2186/2186 3193/3193 4198/4198
f 2186/2186 4198/4198 3092/3092
f 3193/3193 2361/2361 3477/3477
f 3193/3193 3477/3477 4198/4198
f 4198/4198 3477/3477 2360/2360
f 4198/4198 2360/2360 3191/3191
f 3092/3092 4198/4198 3191/3191
f 3092/3092 3191/3191 2185/2185
f 2026/2026 3260/3260 5036/5036
f 2026/2026 5036/5036 3402/3402
f 5323/5323 5326/5326 5327/5327
f 5323/5323 5327/5327 5324/5324
f 5139/5139 5070/5070 5122/5122
f 5139/5139 5122/5122 5587/5587
f 5326/5326 5329/5329 5330/5330
f 5326/5326 5330/5330 5327/5327
f 4828/4828 3867/3867 2515/2515
f 4828/4828 2515/2515 3823/3823
f 4829/4829 3869/3869 2516/2516
f 4829/4829 2516/2516 3825/3825
f 4276/4276 2729/2729 4016/4016
f 4276/4276 4016/4016 5806/5806
f 2483/2483 3757/3757 4819/4819
f 2483/2483 4819/4819 3864/3864
f 2185/2185 3191/3191 4202/4202
f 2185/2185 4202/4202 3091/3091
f 3191/3191 2360/2360 3481/3481
f 3191/3191 3481/3481 4202/4202
f 4202/4202 3481/3481 2357/2357
f 4202/4202 2357/2357 3189/3189
f 3091/3091 4202/4202 3189/3189
f 3091/3091 3189/3189 2184/2184
f 5169/5169 5323/5323 5324/5324
f 5169/5169 5324/5324 5168/5168
f 5581/5581 5584/5584 5585/5585
f 5581/5581 5585/5585 5582/5582
f 4921/4921 5177/5177 5322/5322
f 4921/4921 5322/5322 5170/5170
f 5715/5715 3319/3319 2338/2338
f 5715/5715 2338/2338 3783/3783
f 3867/3867 4827/4827 3822/3822
f 3867/3867 3822/3822 2515/2515
f 4727/4727 3098/3098 2078/2078
f 4727/4727 2078/2078 3119/3119
f 2486/2486 3763/3763 4827/4827
f 2486/2486 4827/4827 3867/3867
f 3763/3763 2485/2485 3866/3866
f 3763/3763 3866/3866 4827/4827
f 2184/2184 3189/3189 4207/4207
f 2184/2184 4207/4207 3090/3090
f 3189/3189 2357/2357 3486/3486
f 3189/3189 3486/3486 4207/4207
f 4207/4207 3486/3486 2355/2355
f 4207/4207 2355/2355 3186/3186
f 3090/3090 4207/4207 3186/3186
f 3090/3090 3186/3186 2183/2183
f 2686/2686 4126/4126 4864/4864
f 2686/2686 4864/4864 4160/4160
f 2980/2980 4898/4898 5730/5730
f 2980/2980 5730/5730 4881/4881
f 5341/5341 5340/5340 5661/5661
f 5341/5341 5661/5661 5657/5657
f 5145/5145 5613/5613 5224/5224
f 5145/5145 5224/5224 5073/5073
f 5273/5273 2815/2815 5973/5973
f 5273/5273 5973/5973 5449/5449
f 5921/5921 5831/5831 5949/5949
f 5921/5921 5949/5949 6224/6224
f 5283/5283 5286/5286 5287/5287
f 5283/5283 5287/5287 5284/5284
f 5164/5164 5282/5282 5270/5270
f 5164/5164 5270/5270 4916/4916
f 2183/2183 3186/3186 4212/4212
f 2183/2183 4212/4212 3089/3089
f 3186/3186 2355/2355 3491/3491
f 3186/3186 3491/3491 4212/4212
f 4212/4212 3491/3491 2353/2353
f 4212/4212 2353/2353 3183/3183
f 3089/3089 4212/4212 3183/3183
f 3089/3089 3183/3183 2182/2182
f 2992/2992 5710/5710 3743/3743
f 2992/2992 3743/3743 2220/2220
f 2059/2059 2912/2912 4852/4852
f 2059/2059 4852/4852 3366/3366
f 3857/3857 4989/4989 3172/3172
f 3857/3857 3172/3172 1907/1907
f 4037/4037 5746/5746 4136/4136
f 4037/4037 4136/4136 2563/2563
f 6068/6068 6069/6069 6072/6072
f 6068/6068 6072/6072 6071/6071
f 4827/4827 3866/3866 2514/2514
f 4827/4827 2514/2514 3822/3822
f 4969/4969 3879/3879 2537/2537
f 4969/4969 2537/2537 3841/3841
f 4692/4692 2938/2938 1965/1965
f 4692/4692 1965/1965 3310/3310
f 2182/2182 3183/3183 4214/4214
f 2182/2182 4214/4214 3088/3088
f 3183/3183 2353/2353 3494/3494
f 3183/3183 3494/3494 4214/4214
f 4214/4214 3494/3494 2351/2351
f 4214/4214 2351/2351 3181/3181
f 3088/3088 4214/4214 3181/3181
f 3088/3088 3181/3181 2180/2180
f 5674/5674 5677/5677 5348/5348
f 5674/5674 5348/5348 5347/5347
f 2030/2030 3275/3275 5058/5058
f 2030/2030 5058/5058 3451/3451
f 5177/5177 5292/5292 5293/5293
f 5177/5177 5293/5293 5178/5178
f 5299/5299 5197/5197 5198/5198
f 5299/5299 5198/5198 5300/5300
f 3739/3739 4790/4790 3701/3701
f 3739/3739 3701/3701 2459/2459
f 3747/3747 4792/4792 3702/3702
f 3747/3747 3702/3702 2460/2460
f 4790/4790 3736/3736 2458/2458
f 4790/4790 2458/2458 3701/3701
f 3563/3563 2193/2193 3678/3678
f 3563/3563 3678/3678 5706/5706
f 2180/2180 3181/3181 4217/4217
f 2180/2180 4217/4217 3087/3087
f 3181/3181 2351/2351 3497/3497
f 3181/3181 3497/3497 4217/4217
f 4217/4217 3497/3497 2350/2350
f 4217/4217 2350/2350 3444/3444
f 3087/3087 4217/4217 3444/3444
f 3087/3087 3444/3444 2181/2181
f 4160/4160 4864/4864 3579/3579
f 4160/4160 3579/3579 2384/2384
f 5223/5223 5222/5222 5614/5614
f 5223/5223 5614/5614 5611/5611
f 4864/4864 4157/4157 2383/2383
f 4864/4864 2383/2383 3579/3579
f 6118/6118 5929/5929 5928/5928
f 6118/6118 5928/5928 6121/6121
f 5609/5609 5124/5124 5125/5125
f 5609/5609 5125/5125 5610/5610
f 3768/3768 2487/2487 3869/3869
f 3768/3768 3869/3869 4829/4829
f 3634/3634 2411/2411 3736/3736
f 3634/3634 3736/3736 4790/4790
f 2240/2240 3333/3333 3952/3952
f 2240/2240 3952/3952 3335/3335
f 1946/1946 3184/3184 5716/5716
f 1946/1946 5716/5716 3319/3319
f 3227/3227 5052/5052 4592/4592
f 3227/3227 4592/4592 2164/2164
f 5058/5058 3450/3450 2084/2084
f 5058/5058 2084/2084 3397/3397
f 1928/1928 2990/2990 4804/4804
f 1928/1928 4804/4804 2864/2864
f 2235/2235 3636/3636 4793/4793
f 2235/2235 4793/4793 3305/3305
f 4948/4948 5806/5806 4966/4966
f 4948/4948 4966/4966 3069/3069
f 3636/3636 2413/2413 3747/3747
f 3636/3636 3747/3747 4793/4793
f 4080/4080 5795/5795 4237/4237
f 4080/4080 4237/4237 2623/2623
f 5619/5619 5227/5227 5076/5076
f 5619/5619 5076/5076 5226/5226
f 5339/5339 5081/5081 5358/5358
f 5339/5339 5358/5358 5665/5665
f 4130/4130 2694/2694 4169/4169
f 4130/4130 4169/4169 4867/4867
f 5130/5130 5658/5658 5660/5660
f 5130/5130 5660/5660 5132/5132
f 2135/2135 3459/3459 5698/5698
f 2135/2135 5698/5698 3627/3627
f 3581/3581 2385/2385 3694/3694
f 3581/3581 3694/3694 4915/4915
f 2112/2112 3454/3454 5696/5696
f 2112/2112 5696/5696 3611/3611
f 2386/2386 3581/3581 4915/4915
f 2386/2386 4915/4915 3704/3704
f 2368/2368 3526/3526 4225/4225
f 2368/2368 4225/4225 3503/3503
f 3526/3526 2145/2145 3055/3055
f 3526/3526 3055/3055 4225/4225
f 4225/4225 3055/3055 2146/2146
f 4225/4225 2146/2146 3527/3527
f 3503/3503 4225/4225 3527/3527
f 3503/3503 3527/3527 2367/2367
f 2418/2418 3617/3617 4226/4226
f 2418/2418 4226/4226 3583/3583
f 3617/3617 2394/2394 3026/3026
f 3617/3617 3026/3026 4226/4226
f 4226/4226 3026/3026 2393/2393
f 4226/4226 2393/2393 3618/3618
f 3583/3583 4226/4226 3618/3618
f 3583/3583 3618/3618 2416/2416
f 2420/2420 3619/3619 4227/4227
f 2420/2420 4227/4227 3585/3585
f 3619/3619 2395/2395 3027/3027
f 3619/3619 3027/3027 4227/4227
f 4227/4227 3027/3027 2394/2394
f 4227/4227 2394/2394 3617/3617
f 3585/3585 4227/4227 3617/3617
f 3585/3585 3617/3617 2418/2418
f 2422/2422 3620/3620 4228/4228
f 2422/2422 4228/4228 3587/3587
f 3620/3620 2396/2396 3028/3028
f 3620/3620 3028/3028 4228/4228
f 4228/4228 3028/3028 2395/2395
f 4228/4228 2395/2395 3619/3619
f 3587/3587 4228/4228 3619/3619
f 3587/3587 3619/3619 2420/2420
f 2424/2424 3621/3621 4229/4229
f 2424/2424 4229/4229 3589/3589
f 3621/3621 2397/2397 3029/3029
f 3621/3621 3029/3029 4229/4229
f 4229/4229 3029/3029 2396/2396
f 4229/4229 2396/2396 3620/3620
f 3589/3589 4229/4229 3620/3620
f 3589/3589 3620/3620 2422/2422
f 2426/2426 3622/3622 4230/4230
f 2426/2426 4230/4230 3591/3591
f 3622/3622 2398/2398 3030/3030
f 3622/3622 3030/3030 4230/4230
f 4230/4230 3030/3030 2397/2397
f 4230/4230 2397/2397 3621/3621
f 3591/3591 4230/4230 3621/3621
f 3591/3591 3621/3621 2424/2424
f 2428/2428 3623/3623 4231/4231
f 2428/2428 4231/4231 3593/3593
f 3623/3623 2399/2399 3031/3031
f 3623/3623 3031/3031 4231/4231
f 4231/4231 3031/3031 2398/2398
f 4231/4231 2398/2398 3622/3622
f 3593/3593 4231/4231 3622/3622
f 3593/3593 3622/3622 2426/2426
f 2430/2430 3624/3624 4232/4232
f 2430/2430 4232/4232 3595/3595
f 3624/3624 2400/2400 3032/3032
f 3624/3624 3032/3032 4232/4232
f 4232/4232 3032/3032 2399/2399
f 4232/4232 2399/2399 3623/3623
f 3595/3595 4232/4232 3623/3623
f 3595/3595 3623/3623 2428/2428
f 2432/2432 3625/3625 4233/4233
f 2432/2432 4233/4233 3597/3597
f 3625/3625 2401/2401 3033/3033
f 3625/3625 3033/3033 4233/4233
f 4233/4233 3033/3033 2400/2400
f 4233/4233 2400/2400 3624/3624
f 3597/3597 4233/4233 3624/3624
f 3597/3597 3624/3624 2430/2430
f 3393/3393 4616/4616 3421/3421
f 3393/3393 3421/3421 2256/2256
f 4128/4128 2686/2686 4160/4160
f 4128/4128 4160/4160 4865/4865
f 4888/4888 3022/3022 4007/4007
f 4888/4888 4007/4007 5737/5737
f 4169/4169 4866/4866 3581/3581
f 4169/4169 3581/3581 2386/2386
f 2689/2689 4128/4128 4865/4865
f 2689/2689 4865/4865 4166/4166
f 4166/4166 4865/4865 3580/3580
f 4166/4166 3580/3580 2385/2385
f 4126/4126 2675/2675 4157/4157
f 4126/4126 4157/4157 4864/4864
f 5590/5590 5594/5594 5596/5596
f 5590/5590 5596/5596 5592/5592
f 5180/5180 5304/5304 5187/5187
f 5180/5180 5187/5187 4919/4919
f 5312/5312 5158/5158 4906/4906
f 5312/5312 4906/4906 5189/5189
f 4908/4908 3038/3038 4016/4016
f 4908/4908 4016/4016 5739/5739
f 5311/5311 5157/5157 5158/5158
f 5311/5311 5158/5158 5312/5312
f 2508/2508 3926/3926 5719/5719
f 2508/2508 5719/5719 3948/3948
f 5168/5168 5324/5324 5161/5161
f 5168/5168 5161/5161 4917/4917
f 2083/2083 3365/3365 5694/5694
f 2083/2083 5694/5694 3500/3500
f 5170/5170 5322/5322 5323/5323
f 5170/5170 5323/5323 5169/5169
f 5324/5324 5327/5327 5160/5160
f 5324/5324 5160/5160 5161/5161
f 3402/3402 5036/5036 3357/3357
f 3402/3402 3357/3357 2081/2081
f 5330/5330 5189/5189 4906/4906
f 5330/5330 4906/4906 5159/5159
f 5884/5884 6086/6086 6090/6090
f 5884/5884 6090/6090 5885/5885
f 5637/5637 5223/5223 5074/5074
f 5637/5637 5074/5074 5236/5236
f 5327/5327 5330/5330 5159/5159
f 5327/5327 5159/5159 5160/5160
f 2104/2104 3296/3296 4786/4786
f 2104/2104 4786/4786 3158/3158
f 3607/3607 5687/5687 3566/3566
f 3607/3607 3566/3566 2212/2212
f 5849/5849 5819/5819 5842/5842
f 5849/5849 5842/5842 6061/6061
f 3260/3260 1943/1943 2904/2904
f 3260/3260 2904/2904 5036/5036
f 3054/3054 4938/4938 4257/4257
f 3054/3054 4257/4257 4941/4941
f 5329/5329 5188/5188 5189/5189
f 5329/5329 5189/5189 5330/5330
f 6174/6174 6176/6176 5355/5355
f 6174/6174 5355/5355 5356/5356
f 5687/5687 3604/3604 2195/2195
f 5687/5687 2195/2195 3566/3566
f 3282/3282 6260/6260 6152/6152
f 3282/3282 6152/6152 5945/5945
f 6061/6061 5842/5842 5841/5841
f 6061/6061 5841/5841 6064/6064
f 5328/5328 5187/5187 5188/5188
f 5328/5328 5188/5188 5329/5329
f 5933/5933 5934/5934 6178/6178
f 5933/5933 6178/6178 6177/6177
f 5178/5178 5179/5179 5328/5328
f 5178/5178 5328/5328 5325/5325
f 6156/6156 5366/5366 5365/5365
f 6156/6156 5365/5365 6144/6144
f 2649/2649 4055/4055 4858/4858
f 2649/2649 4858/4858 4091/4091
f 5177/5177 5178/5178 5325/5325
f 5177/5177 5325/5325 5322/5322
f 4857/4857 4088/4088 2615/2615
f 4857/4857 2615/2615 3406/3406
f 5179/5179 4919/4919 5187/5187
f 5179/5179 5187/5187 5328/5328
f 4086/4086 4855/4855 3401/3401
f 4086/4086 3401/3401 2609/2609
f 4089/4089 4857/4857 3406/3406
f 4089/4089 3406/3406 2616/2616
f 4859/4859 4091/4091 2617/2617
f 4859/4859 2617/2617 3408/3408
f 4050/4050 2640/2640 4086/4086
f 4050/4050 4086/4086 4856/4856
f 5060/5060 3453/3453 2100/2100
f 5060/5060 2100/2100 3399/3399
f 6154/6154 6158/6158 6161/6161
f 6154/6154 6161/6161 6160/6160
f 3128/3128 2044/2044 3074/3074
f 3128/3128 3074/3074 4745/4745
f 5094/5094 5367/5367 5342/5342
f 5094/5094 5342/5342 5063/5063
f 3514/3514 2302/2302 2800/2800
f 3514/3514 2800/2800 4838/4838
f 2411/2411 3616/3616 4789/4789
f 2411/2411 4789/4789 3736/3736
f 3834/3834 5718/5718 3127/3127
f 3834/3834 3127/3127 1899/1899
f 3234/3234 4239/4239 2846/2846
f 3234/3234 2846/2846 2110/2110
f 5382/5382 5385/5385 5135/5135
f 5382/5382 5135/5135 5134/5134
f 3580/3580 2384/2384 3693/3693
f 3580/3580 3693/3693 4914/4914
f 4179/4179 2633/2633 4099/4099
f 4179/4179 4099/4099 5748/5748
f 3352/3352 5711/5711 3745/3745
f 3352/3352 3745/3745 2356/2356
f 5785/5785 4735/4735 2882/2882
f 5785/5785 2882/2882 4765/4765
f 2270/2270 3447/3447 4618/4618
f 2270/2270 4618/4618 3395/3395
f 5234/5234 5233/5233 5578/5578
f 5234/5234 5578/5578 5575/5575
f 5385/5385 5128/5128 5072/5072
f 5385/5385 5072/5072 5135/5135
f 3996/3996 4707/4707 3432/3432
f 3996/3996 3432/3432 2281/2281
f 2584/2584 3965/3965 4707/4707
f 2584/2584 4707/4707 3996/3996
f 5683/5683 5686/5686 5351/5351
f 5683/5683 5351/5351 5350/5350
f 4707/4707 3994/3994 2280/2280
f 4707/4707 2280/2280 3432/3432
f 4785/4785 2635/2635 4180/4180
f 4785/4785 4180/4180 5751/5751
f 3887/3887 4971/4971 3843/3843
f 3887/3887 3843/3843 2558/2558
f 5956/5956 5957/5957 5960/5960
f 5956/5956 5960/5960 5959/5959
f 5799/5799 4005/4005 2607/2607
f 5799/5799 2607/2607 4085/4085
f 5808/5808 4114/4114 2510/2510
f 5808/5808 2510/2510 4729/4729
f 3197/3197 4832/4832 3911/3911
f 3197/3197 3911/3911 2364/2364
f 3188/3188 1976/1976 3347/3347
f 3188/3188 3347/3347 5713/5713
f 3774/3774 2495/2495 3883/3883
f 3774/3774 3883/3883 4970/4970
f 4834/4834 3606/3606 2568/2568
f 4834/4834 2568/2568 3913/3913
f 4268/4268 5027/5027 3567/3567
f 4268/4268 3567/3567 2721/2721
f 3476/3476 2347/2347 3609/3609
f 3476/3476 3609/3609 4832/4832
f 2189/2189 3476/3476 4832/4832
f 2189/2189 4832/4832 3197/3197
f 6107/6107 6108/6108 6111/6111
f 6107/6107 6111/6111 6110/6110
f 3472/3472 2345/2345 3606/3606
f 3472/3472 3606/3606 4834/4834
f 3276/3276 6300/6300 6302/6302
f 4159/4159 4904/4904 3571/3571
f 4159/4159 3571/3571 2724/2724
f 4832/4832 3609/3609 2571/2571
f 4832/4832 2571/2571 3911/3911
f 5307/5307 5311/5311 5312/5312
f 5307/5307 5312/5312 5308/5308
f 3608/3608 4834/4834 3913/3913
f 3608/3608 3913/3913 2570/2570
f 3609/3609 4833/4833 3912/3912
f 3609/3609 3912/3912 2571/2571
f 5303/5303 5307/5307 5308/5308
f 5303/5303 5308/5308 5304/5304
f 4764/4764 2881/2881 4732/4732
f 4764/4764 4732/4732 5783/5783
f 5184/5184 4905/4905 5155/5155
f 5184/5184 5155/5155 5309/5309
f 5183/5183 5301/5301 5302/5302
f 5183/5183 5302/5302 5181/5181
f 4833/4833 3608/3608 2570/2570
f 4833/4833 2570/2570 3912/3912
f 4777/4777 3220/3220 2157/2157
f 4777/4777 2157/2157 3281/3281
f 2346/2346 3472/3472 4834/4834
f 2346/2346 4834/4834 3608/3608
f 3474/3474 2346/2346 3608/3608
f 3474/3474 3608/3608 4833/4833
f 4694/4694 2940/2940 1968/1968
f 4694/4694 1968/1968 3312/3312
f 3471/3471 2344/2344 3605/3605
f 3471/3471 3605/3605 4836/4836
f 5732/5732 4040/4040 2564/2564
f 5732/5732 2564/2564 4902/4902
f 5313/5313 5316/5316 5317/5317
f 5313/5313 5317/5317 5314/5314
f 4708/4708 3996/3996 2281/2281
f 4708/4708 2281/2281 3434/3434
f 3967/3967 2586/2586 4000/4000
f 3967/3967 4000/4000 4710/4710
f 1996/1996 3080/3080 4638/4638
f 1996/1996 4638/4638 2955/2955
f 2381/2381 3561/3561 4783/4783
f 2381/2381 4783/4783 3681/3681
f 2955/2955 4638/4638 3079/3079
f 2955/2955 3079/3079 1995/1995
f 3080/3080 2037/2037 3020/3020
f 3080/3080 3020/3020 4638/4638
f 4632/4632 3019/3019 2034/2034
f 4632/4632 2034/2034 3078/3078
f 5584/5584 5587/5587 5588/5588
f 5584/5584 5588/5588 5585/5585
f 2334/2334 3530/3530 4847/4847
f 2334/2334 4847/4847 3496/3496
f 2939/2939 4706/4706 3041/3041
f 2939/2939 3041/3041 1967/1967
f 4884/4884 5735/5735 4903/4903
f 4884/4884 4903/4903 2986/2986
f 4634/4634 2800/2800 2302/2302
f 4634/4634 2302/2302 3411/3411
f 2841/2841 4765/4765 5784/5784
f 2841/2841 5784/5784 4667/4667
f 2385/2385 3580/3580 4914/4914
f 2385/2385 4914/4914 3694/3694
f 5669/5669 5672/5672 5673/5673
f 5669/5669 5673/5673 5670/5670
f 3889/3889 4992/4992 3174/3174
f 3889/3889 3174/3174 1909/1909
f 2284/2284 3434/3434 4746/4746
f 2284/2284 4746/4746 3521/3521
f 2770/2770 4257/4257 4222/4222
f 5293/5293 5296/5296 5297/5297
f 5293/5293 5297/5297 5294/5294
f 3558/3558 2377/2377 3675/3675
f 3558/3558 3675/3675 4780/4780
f 4877/4877 3822/3822 2514/2514
f 4877/4877 2514/2514 4120/4120
f 2086/2086 4121/4121 4877/4877
f 2086/2086 4877/4877 3107/3107
f 5820/5820 5864/5864 6005/6005
f 5820/5820 6005/6005 5867/5867
f 6005/6005 6006/6006 6010/6010
f 6005/6005 6010/6010 6009/6009
f 2434/2434 3598/3598 4257/4257
f 2431/2431 3596/3596 4257/4257
f 2431/2431 4257/4257 3598/3598
f 2429/2429 3594/3594 4257/4257
f 2429/2429 4257/4257 3596/3596
f 2427/2427 3592/3592 4257/4257
f 2427/2427 4257/4257 3594/3594
f 2425/2425 3590/3590 4257/4257
f 2425/2425 4257/4257 3592/3592
f 2423/2423 3588/3588 4257/4257
f 2423/2423 4257/4257 3590/3590
f 2421/2421 3586/3586 4257/4257
f 2421/2421 4257/4257 3588/3588
f 2419/2419 3584/3584 4257/4257
f 2419/2419 4257/4257 3586/3586
f 2367/2367 3528/3528 4258/4258
f 2367/2367 4258/4258 3503/3503
f 3528/3528 2393/2393 3026/3026
f 3528/3528 3026/3026 4258/4258
f 4258/4258 3026/3026 2394/2394
f 4258/4258 2394/2394 3529/3529
f 3503/3503 4258/4258 3529/3529
f 3503/3503 3529/3529 2368/2368
f 2000/2000 2773/2773 4259/4259
f 2000/2000 4259/4259 3653/3653
f 2773/2773 2002/2002 3654/3654
f 2773/2773 3654/3654 4259/4259
f 4259/4259 3654/3654 2312/2312
f 4259/4259 2312/2312 3384/3384
f 3653/3653 4259/4259 3384/3384
f 3653/3653 3384/3384 2311/2311
f 2004/2004 2775/2775 4260/4260
f 2004/2004 4260/4260 3655/3655
f 2775/2775 2000/2000 3653/3653
f 2775/2775 3653/3653 4260/4260
f 4260/4260 3653/3653 2311/2311
f 4260/4260 2311/2311 3385/3385
f 3655/3655 4260/4260 3385/3385
f 3655/3655 3385/3385 2313/2313
f 2006/2006 2777/2777 4261/4261
f 2006/2006 4261/4261 3656/3656
f 2777/2777 2004/2004 3655/3655
f 2777/2777 3655/3655 4261/4261
f 4261/4261 3655/3655 2313/2313
f 4261/4261 2313/2313 3386/3386
f 3656/3656 4261/4261 3386/3386
f 3656/3656 3386/3386 2314/2314
f 2008/2008 2779/2779 4262/4262
f 2008/2008 4262/4262 3657/3657
f 2779/2779 2006/2006 3656/3656
f 2779/2779 3656/3656 4262/4262
f 4262/4262 3656/3656 2314/2314
f 4262/4262 2314/2314 3387/3387
f 3657/3657 4262/4262 3387/3387
f 3657/3657 3387/3387 2315/2315
f 2010/2010 2781/2781 4263/4263
f 2010/2010 4263/4263 3658/3658
f 2781/2781 2008/2008 3657/3657
f 2781/2781 3657/3657 4263/4263
f 4263/4263 3657/3657 2315/2315
f 4263/4263 2315/2315 3388/3388
f 3658/3658 4263/4263 3388/3388
f 3658/3658 3388/3388 2316/2316
f 2012/2012 2783/2783 4264/4264
f 2012/2012 4264/4264 3659/3659
f 2783/2783 2010/2010 3658/3658
f 2783/2783 3658/3658 4264/4264
f 4264/4264 3658/3658 2316/2316
f 4264/4264 2316/2316 3389/3389
f 3659/3659 4264/4264 3389/3389
f 3659/3659 3389/3389 2317/2317
f 2014/2014 2785/2785 4265/4265
f 2014/2014 4265/4265 3660/3660
f 2785/2785 2012/2012 3659/3659
f 2785/2785 3659/3659 4265/4265
f 4265/4265 3659/3659 2317/2317
f 4265/4265 2317/2317 3390/3390
f 3660/3660 4265/4265 3390/3390
f 3660/3660 3390/3390 2318/2318
f 2017/2017 2787/2787 4266/4266
f 2017/2017 4266/4266 3661/3661
f 2787/2787 2014/2014 3660/3660
f 2787/2787 3660/3660 4266/4266
f 4266/4266 3660/3660 2318/2318
f 4266/4266 2318/2318 3391/3391
f 3661/3661 4266/4266 3391/3391
f 3661/3661 3391/3391 2319/2319
f 5578/5578 5224/5224 5225/5225
f 5578/5578 5225/5225 5579/5579
f 5020/5020 3249/3249 1946/1946
f 5020/5020 1946/1946 3185/3185
f 4868/4868 4172/4172 2387/2387
f 4868/4868 2387/2387 3601/3601
f 4246/4246 5772/5772 3737/3737
f 4246/4246 3737/3737 2407/2407
f 3966/3966 2584/2584 3996/3996
f 3966/3966 3996/3996 4708/4708
f 4176/4176 4868/4868 3601/3601
f 4176/4176 3601/3601 2388/2388
f 2588/2588 3967/3967 4710/4710
f 2588/2588 4710/4710 4008/4008
f 4008/4008 4710/4710 3437/3437
f 4008/4008 3437/3437 2285/2285
f 3968/3968 2588/2588 4008/4008
f 3968/3968 4008/4008 4713/4713
f 4710/4710 4000/4000 2284/2284
f 4710/4710 2284/2284 3437/3437
f 2376/2376 3971/3971 4714/4714
f 2376/2376 4714/4714 3548/3548
f 5970/5970 5981/5981 5982/5982
f 5970/5970 5982/5982 5967/5967
f 5912/5912 5828/5828 5918/5918
f 5912/5912 5918/5918 6109/6109
f 3548/3548 4714/4714 3439/3439
f 3548/3548 3439/3439 2154/2154
f 3281/3281 2157/2157 3218/3218
f 3281/3281 3218/3218 4773/4773
f 4714/4714 4011/4011 2286/2286
f 4714/4714 2286/2286 3439/3439
f 4667/4667 5784/5784 4764/4764
f 4667/4667 4764/4764 2838/2838
f 4623/4623 5778/5778 4717/4717
f 4623/4623 4717/4717 2789/2789
f 6073/6073 5925/5925 5926/5926
f 6073/6073 5926/5926 6076/6076
f 3971/3971 2589/2589 4011/4011
f 3971/3971 4011/4011 4714/4714
f 6091/6091 6093/6093 6097/6097
f 6091/6091 6097/6097 6095/6095
f 3250/3250 5020/5020 3185/3185
f 3250/3250 3185/3185 1950/1950
f 1950/1950 3185/3185 5715/5715
f 1950/1950 5715/5715 3330/3330
f 4743/4743 3071/3071 1953/1953
f 4743/4743 1953/1953 2685/2685
f 5314/5314 5317/5317 5318/5318
f 5314/5314 5318/5318 5315/5315
f 5911/5911 6104/6104 5874/5874
f 5911/5911 5874/5874 5826/5826
f 5317/5317 5320/5320 5321/5321
f 5317/5317 5321/5321 5318/5318
f 4625/4625 5779/5779 4718/4718
f 4625/4625 4718/4718 2790/2790
f 2821/2821 4698/4698 5781/5781
f 2821/2821 5781/5781 4627/4627
f 5913/5913 5912/5912 6109/6109
f 5913/5913 6109/6109 6108/6108
f 5775/5775 4691/4691 2857/2857
f 5775/5775 2857/2857 4700/4700
f 5994/5994 5995/5995 5852/5852
f 5994/5994 5852/5852 5853/5853
f 4088/4088 4856/4856 3404/3404
f 4088/4088 3404/3404 2615/2615
f 4856/4856 4086/4086 2609/2609
f 4856/4856 2609/2609 3404/3404
f 4058/4058 2649/2649 4091/4091
f 4058/4058 4091/4091 4859/4859
f 2433/2433 4063/4063 4861/4861
f 2433/2433 4861/4861 3626/3626
f 4055/4055 2647/2647 4089/4089
f 4055/4055 4089/4089 4858/4858
f 4063/4063 2654/2654 4096/4096
f 4063/4063 4096/4096 4861/4861
f 4858/4858 4089/4089 2616/2616
f 4858/4858 2616/2616 3407/3407
f 4091/4091 4858/4858 3407/3407
f 4091/4091 3407/3407 2617/2617
f 4861/4861 4096/4096 2619/2619
f 4861/4861 2619/2619 3416/3416
f 2654/2654 4060/4060 4860/4860
f 2654/2654 4860/4860 4096/4096
f 3626/3626 4861/4861 3416/3416
f 3626/3626 3416/3416 2402/2402
f 2651/2651 4058/4058 4859/4859
f 2651/2651 4859/4859 4095/4095
f 4095/4095 4859/4859 3408/3408
f 4095/4095 3408/3408 2618/2618
f 4060/4060 2651/2651 4095/4095
f 4060/4060 4095/4095 4860/4860
f 4096/4096 4860/4860 3409/3409
f 4096/4096 3409/3409 2619/2619
f 6296/6296 3398/3398 5689/5689
f 6296/6296 5689/5689 6294/6294
f 5877/5877 5878/5878 6069/6069
f 5877/5877 6069/6069 6068/6068
f 5874/5874 5875/5875 6126/6126
f 5874/5874 6126/6126 6125/6125
f 4967/4967 3942/3942 2583/2583
f 4967/4967 2583/2583 3910/3910
f 4860/4860 4095/4095 2618/2618
f 4860/4860 2618/2618 3409/3409
f 2819/2819 4725/4725 5780/5780
f 2819/2819 5780/5780 4626/4626
f 3842/3842 2544/2544 3942/3942
f 3842/3842 3942/3942 4967/4967
f 6128/6128 6129/6129 6132/6132
f 6128/6128 6132/6132 6131/6131
f 3457/3457 2112/2112 3611/3611
f 3457/3457 3611/3611 5697/5697
f 5194/5194 5441/5441 5442/5442
f 5194/5194 5442/5442 5195/5195
f 4626/4626 5780/5780 4723/4723
f 4626/4626 4723/4723 2791/2791
f 5259/5259 5258/5258 5437/5437
f 5259/5259 5437/5437 5434/5434
f 6076/6076 5926/5926 5831/5831
f 6076/6076 5831/5831 5920/5920
f 4665/4665 5783/5783 4762/4762
f 4665/4665 4762/4762 2824/2824
f 5110/5110 5590/5590 5592/5592
f 5110/5110 5592/5592 5112/5112
f 3236/3236 4703/4703 3277/3277
f 3236/3236 3277/3277 2144/2144
f 4703/4703 2676/2676 2199/2199
f 4703/4703 2199/2199 3277/3277
f 2558/2558 3843/3843 4982/4982
f 2558/2558 4982/4982 3944/3944
f 3084/3084 4873/4873 4113/4113
f 3084/3084 4113/4113 2056/2056
f 4873/4873 3818/3818 2509/2509
f 4873/4873 2509/2509 4113/4113
f 3765/3765 2491/2491 3891/3891
f 3765/3765 3891/3891 4981/4981
f 4874/4874 3819/3819 2511/2511
f 4874/4874 2511/2511 4116/4116
f 5758/5758 4194/4194 2702/2702
f 5758/5758 2702/2702 4818/4818
f 4116/4116 2511/2511 3818/3818
f 4116/4116 3818/3818 4873/4873
f 2073/2073 4117/4117 4874/4874
f 2073/2073 4874/4874 3097/3097
f 4922/4922 5257/5257 5331/5331
f 4922/4922 5331/5331 5196/5196
f 5821/5821 5861/5861 6086/6086
f 5821/5821 6086/6086 5884/5884
f 2179/2179 3551/3551 5702/5702
f 2179/2179 5702/5702 3672/3672
f 5690/5690 3511/3511 2142/2142
f 5690/5690 2142/2142 3468/3468
f 4841/4841 3602/3602 2543/2543
f 4841/4841 2543/2543 3946/3946
f 5812/5812 4975/4975 2896/2896
f 5812/5812 2896/2896 4736/4736
f 4844/4844 3874/3874 2539/2539
f 4844/4844 2539/2539 3961/3961
f 3602/3602 4843/4843 3947/3947
f 3602/3602 3947/3947 2543/2543
f 4699/4699 3076/3076 2045/2045
f 4699/4699 2045/2045 3112/3112
f 3627/3627 5698/5698 3553/3553
f 3627/3627 3553/3553 2191/2191
f 4975/4975 5811/5811 4735/4735
f 4975/4975 4735/4735 2896/2896
f 3551/3551 2032/2032 3131/3131
f 3551/3551 3131/3131 5702/5702
f 4843/4843 3600/3600 2541/2541
f 4843/4843 2541/2541 3947/3947
f 5321/5321 5186/5186 4918/4918
f 5321/5321 4918/4918 5174/5174
f 3465/3465 2340/2340 3600/3600
f 3465/3465 3600/3600 4843/4843
f 3600/3600 4844/4844 3961/3961
f 3600/3600 3961/3961 2541/2541
f 6137/6137 5944/5944 6252/6252
f 6137/6137 6252/6252 6255/6255
f 4249/4249 5773/5773 4658/4658
f 4249/4249 4658/4658 2730/2730
f 1998/1998 3065/3065 4641/4641
f 1998/1998 4641/4641 2956/2956
f 5320/5320 5185/5185 5186/5186
f 5320/5320 5186/5186 5321/5321
f 3945/3945 2595/2595 4691/4691
f 3945/3945 4691/4691 5775/5775
f 2577/2577 3896/3896 5002/5002
f 2577/2577 5002/5002 4021/4021
f 2932/2932 4799/4799 5753/5753
f 2932/2932 5753/5753 4850/4850
f 3950/3950 5721/5721 3105/3105
f 3950/3950 3105/3105 2469/2469
f 4426/4426 5470/5470 5471/5471
f 4426/4426 5471/5471 4425/4425
f 4426/4426 4401/4401 4303/4303
f 4426/4426 4303/4303 5470/5470
f 4402/4402 4424/4424 5459/5459
f 4402/4402 5459/5459 5458/5458
f 4290/4290 4318/4318 4424/4424
f 4290/4290 4424/4424 4402/4402
f 4318/4318 4319/4319 4425/4425
f 4318/4318 4425/4425 4424/4424
f 4319/4319 4320/4320 4426/4426
f 4319/4319 4426/4426 4425/4425
f 4320/4320 4289/4289 4401/4401
f 4320/4320 4401/4401 4426/4426
f 4550/4550 5497/5497 5498/5498
f 4550/4550 5498/5498 4549/4549
f 4404/4404 4541/4541 5472/5472
f 4404/4404 5472/5472 2555/2555
f 4427/4427 4428/4428 4431/4431
f 4427/4427 4431/4431 4430/4430
f 4428/4428 4429/4429 4432/4432
f 4428/4428 4432/4432 4431/4431
f 4430/4430 4431/4431 4434/4434
f 4430/4430 4434/4434 4433/4433
f 4431/4431 4432/4432 4435/4435
f 4431/4431 4435/4435 4434/4434
f 4289/4289 4320/4320 4427/4427
f 4289/4289 4427/4427 4323/4323
f 4320/4320 4319/4319 4428/4428
f 4320/4320 4428/4428 4427/4427
f 4319/4319 4318/4318 4429/4429
f 4319/4319 4429/4429 4428/4428
f 4318/4318 4290/4290 4324/4324
f 4318/4318 4324/4324 4429/4429
f 4429/4429 4324/4324 4325/4325
f 4429/4429 4325/4325 4432/4432
f 4432/4432 4325/4325 4326/4326
f 4432/4432 4326/4326 4435/4435
f 4435/4435 4326/4326 4294/4294
f 4435/4435 4294/4294 4327/4327
f 4434/4434 4435/4435 4327/4327
f 4434/4434 4327/4327 4328/4328
f 4433/4433 4434/4434 4328/4328
f 4433/4433 4328/4328 4329/4329
f 4321/4321 4433/4433 4329/4329
f 4321/4321 4329/4329 4293/4293
f 4322/4322 4430/4430 4433/4433
f 4322/4322 4433/4433 4321/4321
f 4323/4323 4427/4427 4430/4430
f 4323/4323 4430/4430 4322/4322
f 4436/4436 4437/4437 4440/4440
f 4436/4436 4440/4440 4439/4439
f 4437/4437 4438/4438 4441/4441
f 4437/4437 4441/4441 4440/4440
f 4439/4439 4440/4440 4443/4443
f 4439/4439 4443/4443 4442/4442
f 4440/4440 4441/4441 4444/4444
f 4440/4440 4444/4444 4443/4443
f 4294/4294 4333/4333 4436/4436
f 4294/4294 4436/4436 4364/4364
f 4333/4333 4334/4334 4437/4437
f 4333/4333 4437/4437 4436/4436
f 4334/4334 4335/4335 4438/4438
f 4334/4334 4438/4438 4437/4437
f 4335/4335 4292/4292 4359/4359
f 4335/4335 4359/4359 4438/4438
f 4438/4438 4359/4359 4360/4360
f 4438/4438 4360/4360 4441/4441
f 4441/4441 4360/4360 4361/4361
f 4441/4441 4361/4361 4444/4444
f 4444/4444 4361/4361 4298/4298
f 4444/4444 4298/4298 4354/4354
f 4443/4443 4444/4444 4354/4354
f 4443/4443 4354/4354 4353/4353
f 4442/4442 4443/4443 4353/4353
f 4442/4442 4353/4353 4352/4352
f 4362/4362 4442/4442 4352/4352
f 4362/4362 4352/4352 4295/4295
f 4363/4363 4439/4439 4442/4442
f 4363/4363 4442/4442 4362/4362
f 4364/4364 4436/4436 4439/4439
f 4364/4364 4439/4439 4363/4363
f 4445/4445 4446/4446 4450/4450
f 4445/4445 4450/4450 4449/4449
f 4447/4447 4448/4448 4452/4452
f 4447/4447 4452/4452 4451/4451
f 4449/4449 4450/4450 4454/4454
f 4449/4449 4454/4454 4453/4453
f 4451/4451 4452/4452 4456/4456
f 4451/4451 4456/4456 4455/4455
f 4291/4291 4339/4339 4445/4445
f 4291/4291 4445/4445 4342/4342
f 4339/4339 4337/4337 4446/4446
f 4339/4339 4446/4446 4445/4445
f 4338/4338 4336/4336 4448/4448
f 4338/4338 4448/4448 4447/4447
f 4336/4336 4292/4292 4343/4343
f 4336/4336 4343/4343 4448/4448
f 4448/4448 4343/4343 4344/4344
f 4448/4448 4344/4344 4452/4452
f 4452/4452 4344/4344 4345/4345
f 4452/4452 4345/4345 4456/4456
f 4456/4456 4345/4345 4288/4288
f 4456/4456 4288/4288 4314/4314
f 4455/4455 4456/4456 4314/4314
f 4455/4455 4314/4314 4313/4313
f 4453/4453 4454/4454 4312/4312
f 4453/4453 4312/4312 4311/4311
f 4340/4340 4453/4453 4311/4311
f 4340/4340 4311/4311 4287/4287
f 4341/4341 4449/4449 4453/4453
f 4341/4341 4453/4453 4340/4340
f 4342/4342 4445/4445 4449/4449
f 4342/4342 4449/4449 4341/4341
f 4457/4457 4458/4458 4461/4461
f 4457/4457 4461/4461 4460/4460
f 4458/4458 4459/4459 4462/4462
f 4458/4458 4462/4462 4461/4461
f 4460/4460 4461/4461 4464/4464
f 4460/4460 4464/4464 4463/4463
f 4461/4461 4462/4462 4465/4465
f 4461/4461 4465/4465 4464/4464
f 4289/4289 4323/4323 4457/4457
f 4289/4289 4457/4457 4308/4308
f 4323/4323 4322/4322 4458/4458
f 4323/4323 4458/4458 4457/4457
f 4322/4322 4321/4321 4459/4459
f 4322/4322 4459/4459 4458/4458
f 4321/4321 4293/4293 4332/4332
f 4321/4321 4332/4332 4459/4459
f 4459/4459 4332/4332 4331/4331
f 4459/4459 4331/4331 4462/4462
f 4462/4462 4331/4331 4330/4330
f 4462/4462 4330/4330 4465/4465
f 4465/4465 4330/4330 4291/4291
f 4465/4465 4291/4291 4342/4342
f 4464/4464 4465/4465 4342/4342
f 4464/4464 4342/4342 4341/4341
f 4463/4463 4464/4464 4341/4341
f 4463/4463 4341/4341 4340/4340
f 4310/4310 4463/4463 4340/4340
f 4310/4310 4340/4340 4287/4287
f 4309/4309 4460/4460 4463/4463
f 4309/4309 4463/4463 4310/4310
f 4308/4308 4457/4457 4460/4460
f 4308/4308 4460/4460 4309/4309
f 4466/4466 4467/4467 4470/4470
f 4466/4466 4470/4470 4469/4469
f 4467/4467 4468/4468 4471/4471
f 4467/4467 4471/4471 4470/4470
f 4469/4469 4470/4470 4473/4473
f 4469/4469 4473/4473 4472/4472
f 4470/4470 4471/4471 4474/4474
f 4470/4470 4474/4474 4473/4473
f 4294/4294 4326/4326 4466/4466
f 4294/4294 4466/4466 4333/4333
f 4326/4326 4325/4325 4467/4467
f 4326/4326 4467/4467 4466/4466
f 4325/4325 4324/4324 4468/4468
f 4325/4325 4468/4468 4467/4467
f 4324/4324 4290/4290 4317/4317
f 4324/4324 4317/4317 4468/4468
f 4468/4468 4317/4317 4316/4316
f 4468/4468 4316/4316 4471/4471
f 4471/4471 4316/4316 4315/4315
f 4471/4471 4315/4315 4474/4474
f 4474/4474 4315/4315 4288/4288
f 4474/4474 4288/4288 4345/4345
f 4473/4473 4474/4474 4345/4345
f 4473/4473 4345/4345 4344/4344
f 4472/4472 4473/4473 4344/4344
f 4472/4472 4344/4344 4343/4343
f 4335/4335 4472/4472 4343/4343
f 4335/4335 4343/4343 4292/4292
f 4334/4334 4469/4469 4472/4472
f 4334/4334 4472/4472 4335/4335
f 4333/4333 4466/4466 4469/4469
f 4333/4333 4469/4469 4334/4334
f 4475/4475 4476/4476 4479/4479
f 4475/4475 4479/4479 4478/4478
f 4476/4476 4477/4477 4480/4480
f 4476/4476 4480/4480 4479/4479
f 4478/4478 4479/4479 4482/4482
f 4478/4478 4482/4482 4481/4481
f 4479/4479 4480/4480 4483/4483
f 4479/4479 4483/4483 4482/4482
f 4295/4295 4352/4352 4475/4475
f 4295/4295 4475/4475 4388/4388
f 4352/4352 4353/4353 4476/4476
f 4352/4352 4476/4476 4475/4475
f 4353/4353 4354/4354 4477/4477
f 4353/4353 4477/4477 4476/4476
f 4354/4354 4298/4298 4383/4383
f 4354/4354 4383/4383 4477/4477
f 4477/4477 4383/4383 4384/4384
f 4477/4477 4384/4384 4480/4480
f 4480/4480 4384/4384 4385/4385
f 4480/4480 4385/4385 4483/4483
f 4483/4483 4385/4385 4302/4302
f 4483/4483 4302/4302 4379/4379
f 4482/4482 4483/4483 4379/4379
f 4482/4482 4379/4379 4378/4378
f 4481/4481 4482/4482 4378/4378
f 4481/4481 4378/4378 4377/4377
f 4386/4386 4481/4481 4377/4377
f 4386/4386 4377/4377 4299/4299
f 4387/4387 4478/4478 4481/4481
f 4387/4387 4481/4481 4386/4386
f 4388/4388 4475/4475 4478/4478
f 4388/4388 4478/4478 4387/4387
f 4484/4484 4485/4485 4488/4488
f 4484/4484 4488/4488 4487/4487
f 4485/4485 4486/4486 4489/4489
f 4485/4485 4489/4489 4488/4488
f 4487/4487 4488/4488 4491/4491
f 4487/4487 4491/4491 4490/4490
f 4488/4488 4489/4489 4492/4492
f 4488/4488 4492/4492 4491/4491
f 4293/4293 4329/4329 4484/4484
f 4293/4293 4484/4484 4367/4367
f 4329/4329 4328/4328 4485/4485
f 4329/4329 4485/4485 4484/4484
f 4328/4328 4327/4327 4486/4486
f 4328/4328 4486/4486 4485/4485
f 4327/4327 4294/4294 4364/4364
f 4327/4327 4364/4364 4486/4486
f 4486/4486 4364/4364 4363/4363
f 4486/4486 4363/4363 4489/4489
f 4489/4489 4363/4363 4362/4362
f 4489/4489 4362/4362 4492/4492
f 4492/4492 4362/4362 4295/4295
f 4492/4492 4295/4295 4346/4346
f 4491/4491 4492/4492 4346/4346
f 4491/4491 4346/4346 4347/4347
f 4490/4490 4491/4491 4347/4347
f 4490/4490 4347/4347 4348/4348
f 4365/4365 4490/4490 4348/4348
f 4365/4365 4348/4348 4296/4296
f 4366/4366 4487/4487 4490/4490
f 4366/4366 4490/4490 4365/4365
f 4367/4367 4484/4484 4487/4487
f 4367/4367 4487/4487 4366/4366
f 4493/4493 4495/4495 4499/4499
f 4493/4493 4499/4499 4497/4497
f 4494/4494 4496/4496 4500/4500
f 4494/4494 4500/4500 4498/4498
f 4497/4497 4499/4499 4503/4503
f 4497/4497 4503/4503 4501/4501
f 4498/4498 4500/4500 4504/4504
f 4498/4498 4504/4504 4502/4502
f 4292/4292 4336/4336 4493/4493
f 4292/4292 4493/4493 4359/4359
f 4336/4336 4338/4338 4495/4495
f 4336/4336 4495/4495 4493/4493
f 4337/4337 4339/4339 4496/4496
f 4337/4337 4496/4496 4494/4494
f 4339/4339 4291/4291 4368/4368
f 4339/4339 4368/4368 4496/4496
f 4496/4496 4368/4368 4369/4369
f 4496/4496 4369/4369 4500/4500
f 4500/4500 4369/4369 4370/4370
f 4500/4500 4370/4370 4504/4504
f 4504/4504 4370/4370 4297/4297
f 4504/4504 4297/4297 4358/4358
f 4502/4502 4504/4504 4358/4358
f 4502/4502 4358/4358 4356/4356
f 4501/4501 4503/4503 4357/4357
f 4501/4501 4357/4357 4355/4355
f 4361/4361 4501/4501 4355/4355
f 4361/4361 4355/4355 4298/4298
f 4360/4360 4497/4497 4501/4501
f 4360/4360 4501/4501 4361/4361
f 4359/4359 4493/4493 4497/4497
f 4359/4359 4497/4497 4360/4360
f 4505/4505 4506/4506 4509/4509
f 4505/4505 4509/4509 4508/4508
f 4506/4506 4507/4507 4510/4510
f 4506/4506 4510/4510 4509/4509
f 4508/4508 4509/4509 4512/4512
f 4508/4508 4512/4512 4511/4511
f 4509/4509 4510/4510 4513/4513
f 4509/4509 4513/4513 4512/4512
f 4291/4291 4330/4330 4505/4505
f 4291/4291 4505/4505 4368/4368
f 4330/4330 4331/4331 4506/4506
f 4330/4330 4506/4506 4505/4505
f 4331/4331 4332/4332 4507/4507
f 4331/4331 4507/4507 4506/4506
f 4332/4332 4293/4293 4367/4367
f 4332/4332 4367/4367 4507/4507
f 4507/4507 4367/4367 4366/4366
f 4507/4507 4366/4366 4510/4510
f 4510/4510 4366/4366 4365/4365
f 4510/4510 4365/4365 4513/4513
f 4513/4513 4365/4365 4296/4296
f 4513/4513 4296/4296 4351/4351
f 4512/4512 4513/4513 4351/4351
f 4512/4512 4351/4351 4350/4350
f 4511/4511 4512/4512 4350/4350
f 4511/4511 4350/4350 4349/4349
f 4370/4370 4511/4511 4349/4349
f 4370/4370 4349/4349 4297/4297
f 4369/4369 4508/4508 4511/4511
f 4369/4369 4511/4511 4370/4370
f 4368/4368 4505/4505 4508/4508
f 4368/4368 4508/4508 4369/4369
f 4514/4514 4515/4515 4518/4518
f 4514/4514 4518/4518 4517/4517
f 4515/4515 4516/4516 4519/4519
f 4515/4515 4519/4519 4518/4518
f 4517/4517 4518/4518 4521/4521
f 4517/4517 4521/4521 4520/4520
f 4518/4518 4519/4519 4522/4522
f 4518/4518 4522/4522 4521/4521
f 4300/4300 4373/4373 4514/4514
f 4300/4300 4514/4514 4376/4376
f 4373/4373 4372/4372 4515/4515
f 4373/4373 4515/4515 4514/4514
f 4372/4372 4371/4371 4516/4516
f 4372/4372 4516/4516 4515/4515
f 4371/4371 4299/4299 4377/4377
f 4371/4371 4377/4377 4516/4516
f 4516/4516 4377/4377 4378/4378
f 4516/4516 4378/4378 4519/4519
f 4519/4519 4378/4378 4379/4379
f 4519/4519 4379/4379 4522/4522
f 4522/4522 4379/4379 4302/4302
f 4522/4522 4302/4302 4380/4380
f 4521/4521 4522/4522 4380/4380
f 4521/4521 4380/4380 4381/4381
f 4520/4520 4521/4521 4381/4381
f 4520/4520 4381/4381 4382/4382
f 4374/4374 4520/4520 4382/4382
f 4374/4374 4382/4382 4301/4301
f 4375/4375 4517/4517 4520/4520
f 4375/4375 4520/4520 4374/4374
f 4376/4376 4514/4514 4517/4517
f 4376/4376 4517/4517 4375/4375
f 4523/4523 4524/4524 4527/4527
f 4523/4523 4527/4527 4526/4526
f 4524/4524 4525/4525 4528/4528
f 4524/4524 4528/4528 4527/4527
f 4526/4526 4527/4527 4530/4530
f 4526/4526 4530/4530 4529/4529
f 4527/4527 4528/4528 4531/4531
f 4527/4527 4531/4531 4530/4530
f 4296/4296 4348/4348 4523/4523
f 4296/4296 4523/4523 4391/4391
f 4348/4348 4347/4347 4524/4524
f 4348/4348 4524/4524 4523/4523
f 4347/4347 4346/4346 4525/4525
f 4347/4347 4525/4525 4524/4524
f 4346/4346 4295/4295 4388/4388
f 4346/4346 4388/4388 4525/4525
f 4525/4525 4388/4388 4387/4387
f 4525/4525 4387/4387 4528/4528
f 4528/4528 4387/4387 4386/4386
f 4528/4528 4386/4386 4531/4531
f 4531/4531 4386/4386 4299/4299
f 4531/4531 4299/4299 4371/4371
f 4530/4530 4531/4531 4371/4371
f 4530/4530 4371/4371 4372/4372
f 4529/4529 4530/4530 4372/4372
f 4529/4529 4372/4372 4373/4373
f 4389/4389 4529/4529 4373/4373
f 4389/4389 4373/4373 4300/4300
f 4390/4390 4526/4526 4529/4529
f 4390/4390 4529/4529 4389/4389
f 4391/4391 4523/4523 4526/4526
f 4391/4391 4526/4526 4390/4390
f 4532/4532 4533/4533 4536/4536
f 4532/4532 4536/4536 4535/4535
f 4533/4533 4534/4534 4537/4537
f 4533/4533 4537/4537 4536/4536
f 4535/4535 4536/4536 4539/4539
f 4535/4535 4539/4539 4538/4538
f 4536/4536 4537/4537 4540/4540
f 4536/4536 4540/4540 4539/4539
f 4297/4297 4349/4349 4532/4532
f 4297/4297 4532/4532 4392/4392
f 4349/4349 4350/4350 4533/4533
f 4349/4349 4533/4533 4532/4532
f 4350/4350 4351/4351 4534/4534
f 4350/4350 4534/4534 4533/4533
f 4351/4351 4296/4296 4391/4391
f 4351/4351 4391/4391 4534/4534
f 4534/4534 4391/4391 4390/4390
f 4534/4534 4390/4390 4537/4537
f 4537/4537 4390/4390 4389/4389
f 4537/4537 4389/4389 4540/4540
f 4540/4540 4389/4389 4300/4300
f 4540/4540 4300/4300 4376/4376
f 4539/4539 4540/4540 4376/4376
f 4539/4539 4376/4376 4375/4375
f 4538/4538 4539/4539 4375/4375
f 4538/4538 4375/4375 4374/4374
f 4394/4394 4538/4538 4374/4374
f 4394/4394 4374/4374 4301/4301
f 4393/4393 4535/4535 4538/4538
f 4393/4393 4538/4538 4394/4394
f 4392/4392 4532/4532 4535/4535
f 4392/4392 4535/4535 4393/4393
f 4543/4543 4544/4544 5465/5465
f 4543/4543 5465/5465 5464/5464
f 4287/4287 4311/4311 4541/4541
f 4287/4287 4541/4541 4404/4404
f 4311/4311 4312/4312 4542/4542
f 4311/4311 4542/4542 4541/4541
f 4313/4313 4314/4314 4544/4544
f 4313/4313 4544/4544 4543/4543
f 4314/4314 4288/4288 4403/4403
f 4314/4314 4403/4403 4544/4544
f 4544/4544 4403/4403 5462/5462
f 4544/4544 5462/5462 5465/5465
f 4548/4548 4549/4549 5498/5498
f 4548/4548 5498/5498 5496/5496
f 4545/4545 4546/4546 5460/5460
f 4545/4545 5460/5460 5461/5461
f 4546/4546 4547/4547 5457/5457
f 4546/4546 5457/5457 5460/5460
f 4288/4288 4315/4315 4545/4545
f 4288/4288 4545/4545 4403/4403
f 4315/4315 4316/4316 4546/4546
f 4315/4315 4546/4546 4545/4545
f 4316/4316 4317/4317 4547/4547
f 4316/4316 4547/4547 4546/4546
f 4317/4317 4290/4290 4402/4402
f 4317/4317 4402/4402 4547/4547
f 5472/5472 4541/4541 4542/4542
f 5472/5472 4542/4542 5463/5463
f 4403/4403 4545/4545 5461/5461
f 4403/4403 5461/5461 5462/5462
f 2555/2555 5497/5497 4550/4550
f 2555/2555 4550/4550 4404/4404
f 5458/5458 5457/5457 4547/4547
f 5458/5458 4547/4547 4402/4402
f 4289/4289 4308/4308 4548/4548
f 4289/4289 4548/4548 4401/4401
f 4308/4308 4309/4309 4549/4549
f 4308/4308 4549/4549 4548/4548
f 4309/4309 4310/4310 4550/4550
f 4309/4309 4550/4550 4549/4549
f 4310/4310 4287/4287 4404/4404
f 4310/4310 4404/4404 4550/4550
f 4401/4401 4548/4548 5496/5496
f 4401/4401 5496/5496 4303/4303
f 4551/4551 4552/4552 4555/4555
f 4551/4551 4555/4555 4554/4554
f 4552/4552 4553/4553 4556/4556
f 4552/4552 4556/4556 4555/4555
f 4554/4554 4555/4555 4558/4558
f 4554/4554 4558/4558 4557/4557
f 4555/4555 4556/4556 4559/4559
f 4555/4555 4559/4559 4558/4558
f 4302/4302 4385/4385 4551/4551
f 4302/4302 4551/4551 4408/4408
f 4385/4385 4384/4384 4552/4552
f 4385/4385 4552/4552 4551/4551
f 4384/4384 4383/4383 4553/4553
f 4384/4384 4553/4553 4552/4552
f 4383/4383 4298/4298 4400/4400
f 4383/4383 4400/4400 4553/4553
f 4553/4553 4400/4400 4399/4399
f 4553/4553 4399/4399 4556/4556
f 4556/4556 4399/4399 4398/4398
f 4556/4556 4398/4398 4559/4559
f 4559/4559 4398/4398 4307/4307
f 4559/4559 4307/4307 4411/4411
f 4558/4558 4559/4559 4411/4411
f 4558/4558 4411/4411 4412/4412
f 4557/4557 4558/4558 4412/4412
f 4557/4557 4412/4412 4413/4413
f 4410/4410 4557/4557 4413/4413
f 4410/4410 4413/4413 4306/4306
f 4409/4409 4554/4554 4557/4557
f 4409/4409 4557/4557 4410/4410
f 4408/4408 4551/4551 4554/4554
f 4408/4408 4554/4554 4409/4409
f 4560/4560 4562/4562 4566/4566
f 4560/4560 4566/4566 4564/4564
f 4561/4561 4563/4563 4567/4567
f 4561/4561 4567/4567 4565/4565
f 4564/4564 4566/4566 4570/4570
f 4564/4564 4570/4570 4568/4568
f 4565/4565 4567/4567 4571/4571
f 4565/4565 4571/4571 4569/4569
f 4298/4298 4355/4355 4560/4560
f 4298/4298 4560/4560 4400/4400
f 4355/4355 4357/4357 4562/4562
f 4355/4355 4562/4562 4560/4560
f 4356/4356 4358/4358 4563/4563
f 4356/4356 4563/4563 4561/4561
f 4358/4358 4297/4297 4397/4397
f 4358/4358 4397/4397 4563/4563
f 4563/4563 4397/4397 4396/4396
f 4563/4563 4396/4396 4567/4567
f 4567/4567 4396/4396 4395/4395
f 4567/4567 4395/4395 4571/4571
f 4571/4571 4395/4395 4305/4305
f 4571/4571 4305/4305 4414/4414
f 4569/4569 4571/4571 4414/4414
f 4569/4569 4414/4414 4415/4415
f 4568/4568 4570/4570 4416/4416
f 4568/4568 4416/4416 4417/4417
f 4398/4398 4568/4568 4417/4417
f 4398/4398 4417/4417 4307/4307
f 4399/4399 4564/4564 4568/4568
f 4399/4399 4568/4568 4398/4398
f 4400/4400 4560/4560 4564/4564
f 4400/4400 4564/4564 4399/4399
f 4572/4572 4573/4573 4576/4576
f 4572/4572 4576/4576 4575/4575
f 4573/4573 4574/4574 4577/4577
f 4573/4573 4577/4577 4576/4576
f 4575/4575 4576/4576 4579/4579
f 4575/4575 4579/4579 4578/4578
f 4576/4576 4577/4577 4580/4580
f 4576/4576 4580/4580 4579/4579
f 4297/4297 4392/4392 4572/4572
f 4297/4297 4572/4572 4397/4397
f 4392/4392 4393/4393 4573/4573
f 4392/4392 4573/4573 4572/4572
f 4393/4393 4394/4394 4574/4574
f 4393/4393 4574/4574 4573/4573
f 4394/4394 4301/4301 4405/4405
f 4394/4394 4405/4405 4574/4574
f 4574/4574 4405/4405 4406/4406
f 4574/4574 4406/4406 4577/4577
f 4577/4577 4406/4406 4407/4407
f 4577/4577 4407/4407 4580/4580
f 4580/4580 4407/4407 4304/4304
f 4580/4580 4304/4304 4418/4418
f 4579/4579 4580/4580 4418/4418
f 4579/4579 4418/4418 4419/4419
f 4578/4578 4579/4579 4419/4419
f 4578/4578 4419/4419 4420/4420
f 4395/4395 4578/4578 4420/4420
f 4395/4395 4420/4420 4305/4305
f 4396/4396 4575/4575 4578/4578
f 4396/4396 4578/4578 4395/4395
f 4397/4397 4572/4572 4575/4575
f 4397/4397 4575/4575 4396/4396
f 4581/4581 4582/4582 4585/4585
f 4581/4581 4585/4585 4584/4584
f 4582/4582 4583/4583 4586/4586
f 4582/4582 4586/4586 4585/4585
f 4584/4584 4585/4585 4588/4588
f 4584/4584 4588/4588 4587/4587
f 4585/4585 4586/4586 4589/4589
f 4585/4585 4589/4589 4588/4588
f 4301/4301 4382/4382 4581/4581
f 4301/4301 4581/4581 4405/4405
f 4382/4382 4381/4381 4582/4582
f 4382/4382 4582/4582 4581/4581
f 4381/4381 4380/4380 4583/4583
f 4381/4381 4583/4583 4582/4582
f 4380/4380 4302/4302 4408/4408
f 4380/4380 4408/4408 4583/4583
f 4583/4583 4408/4408 4409/4409
f 4583/4583 4409/4409 4586/4586
f 4586/4586 4409/4409 4410/4410
f 4586/4586 4410/4410 4589/4589
f 4589/4589 4410/4410 4306/4306
f 4589/4589 4306/4306 4421/4421
f 4588/4588 4589/4589 4421/4421
f 4588/4588 4421/4421 4422/4422
f 4587/4587 4588/4588 4422/4422
f 4587/4587 4422/4422 4423/4423
f 4407/4407 4587/4587 4423/4423
f 4407/4407 4423/4423 4304/4304
f 4406/4406 4584/4584 4587/4587
f 4406/4406 4587/4587 4407/4407
f 4405/4405 4581/4581 4584/4584
f 4405/4405 4584/4584 4406/4406
f 5779/5779 4675/4675 2841/2841
f 5779/5779 2841/2841 4718/4718
f 6177/6177 6178/6178 6184/6184
f 6177/6177 6184/6184 6180/6180
f 6120/6120 6121/6121 6124/6124
f 6120/6120 6124/6124 6123/6123
f 2944/2944 1973/1973 6034/6034
f 2944/2944 6034/6034 6031/6031
f 5963/5963 5986/5986 5987/5987
f 5963/5963 5987/5987 5964/5964
f 5939/5939 6173/6173 5358/5358
f 5939/5939 5358/5358 5081/5081
f 3773/3773 2494/2494 3879/3879
f 3773/3773 3879/3879 4969/4969
f 5916/5916 6110/6110 6113/6113
f 5916/5916 6113/6113 5915/5915
f 2594/2594 3915/3915 5008/5008
f 2594/2594 5008/5008 4038/4038
f 3453/3453 6283/6283 6286/6286
f 3453/3453 6286/6286 2100/2100
f 2959/2959 4621/4621 3066/3066
f 2959/2959 3066/3066 1999/1999
f 4598/4598 2730/2730 4246/4246
f 4598/4598 4246/4246 5750/5750
f 5778/5778 4667/4667 2838/2838
f 5778/5778 2838/2838 4717/4717
f 4772/4772 2898/2898 4737/4737
f 4772/4772 4737/4737 5787/5787
f 5608/5608 5123/5123 5124/5124
f 5608/5608 5124/5124 5609/5609
f 3120/3120 5691/5691 3478/3478
f 3120/3120 3478/3478 2079/2079
f 3641/3641 2435/2435 3733/3733
f 3641/3641 3733/3733 5015/5015
f 2561/2561 4134/4134 5743/5743
f 2561/2561 5743/5743 4026/4026
f 2322/2322 3513/3513 4837/4837
f 2322/2322 4837/4837 3480/3480
f 3613/3613 5697/5697 3552/3552
f 3613/3613 3552/3552 2190/2190
f 2352/2352 3779/3779 5041/5041
f 2352/2352 5041/5041 3724/3724
f 6251/6251 6250/6250 6269/6269
f 6251/6251 6269/6269 6268/6268
f 4716/4716 4003/4003 2618/2618
f 4716/4716 2618/2618 3408/3408
f 6168/6168 5938/5938 5937/5937
f 6168/6168 5937/5937 6172/6172
f 6094/6094 6096/6096 5882/5882
f 6094/6094 5882/5882 5880/5880
f 4034/4034 5007/5007 4001/4001
f 4034/4034 4001/4001 2614/2614
f 5823/5823 5858/5858 5996/5996
f 5823/5823 5996/5996 5905/5905
f 2586/2586 3967/3967 4716/4716
f 2586/2586 4716/4716 3998/3998
f 4885/4885 5736/5736 4908/4908
f 4885/4885 4908/4908 2988/2988
f 4951/4951 4073/4073 2465/2465
f 4951/4951 2465/2465 3715/3715
f 3611/3611 5696/5696 3551/3551
f 3611/3611 3551/3551 2179/2179
f 2404/2404 3808/3808 4997/4997
f 2404/2404 4997/4997 3858/3858
f 3967/3967 2588/2588 4003/4003
f 3967/3967 4003/4003 4716/4716
f 3459/3459 2134/2134 3613/3613
f 3459/3459 3613/3613 5698/5698
f 4805/4805 2699/2699 4189/4189
f 4805/4805 4189/4189 5754/5754
f 3998/3998 4716/4716 3408/3408
f 3998/3998 3408/3408 2617/2617
f 5717/5717 3160/3160 2110/2110
f 5717/5717 2110/2110 3785/3785
f 2162/2162 4591/4591 5050/5050
f 2162/2162 5050/5050 3223/3223
f 3968/3968 2589/2589 4009/4009
f 3968/3968 4009/4009 4722/4722
f 3223/3223 5050/5050 4590/4590
f 3223/3223 4590/4590 2160/2160
f 5050/5050 3988/3988 2610/2610
f 5050/5050 2610/2610 4590/4590
f 1909/1909 3174/3174 5025/5025
f 1909/1909 5025/5025 3259/3259
f 5902/5902 6094/6094 5880/5880
f 5902/5902 5880/5880 5827/5827
f 1973/1973 2997/2997 6036/6036
f 1973/1973 6036/6036 6034/6034
f 6249/6249 6257/6257 6273/6273
f 6249/6249 6273/6273 6272/6272
f 4886/4886 5734/5734 4909/4909
f 4886/4886 4909/4909 2988/2988
f 5241/5241 5671/5671 5346/5346
f 5241/5241 5346/5346 5075/5075
f 5744/5744 4080/4080 2623/2623
f 5744/5744 2623/2623 4134/4134
f 5801/5801 4010/4010 3023/3023
f 5801/5801 3023/3023 4957/4957
f 4722/4722 4009/4009 2619/2619
f 4722/4722 2619/2619 3409/3409
f 5878/5878 5879/5879 6070/6070
f 5878/5878 6070/6070 6069/6069
f 2164/2164 4592/4592 5051/5051
f 2164/2164 5051/5051 3225/3225
f 5955/5955 5956/5956 5959/5959
f 5955/5955 5959/5959 5958/5958
f 4003/4003 4722/4722 3409/3409
f 4003/4003 3409/3409 2618/2618
f 2573/2573 3963/3963 4726/4726
f 2573/2573 4726/4726 3980/3980
f 4132/4132 2695/2695 4172/4172
f 4132/4132 4172/4172 4868/4868
f 3368/3368 2199/2199 2676/2676
f 3368/3368 2676/2676 4679/4679
f 4750/4750 3139/3139 1978/1978
f 4750/4750 1978/1978 2753/2753
f 6021/6021 6022/6022 6025/6025
f 6021/6021 6025/6025 6024/6024
f 5089/5089 5642/5642 5643/5643
f 5089/5089 5643/5643 5090/5090
f 2588/2588 3968/3968 4722/4722
f 2588/2588 4722/4722 4003/4003
f 5736/5736 4015/4015 3038/3038
f 5736/5736 3038/3038 4908/4908
f 5586/5586 5589/5589 5136/5136
f 5586/5586 5136/5136 5137/5137
f 5583/5583 5586/5586 5137/5137
f 5583/5583 5137/5137 5138/5138
f 3980/3980 4726/4726 3401/3401
f 3980/3980 3401/3401 2608/2608
f 2038/2038 3198/3198 4750/4750
f 2038/2038 4750/4750 3071/3071
f 3450/3450 5057/5057 3396/3396
f 3450/3450 3396/3396 2084/2084
f 5589/5589 5120/5120 5069/5069
f 5589/5589 5069/5069 5136/5136
f 4890/4890 2561/2561 4026/4026
f 4890/4890 4026/4026 5728/5728
f 3071/3071 4750/4750 2753/2753
f 3071/3071 2753/2753 1953/1953
f 4190/4190 5763/5763 4605/4605
f 4190/4190 4605/4605 2699/2699
f 5240/5240 5670/5670 5671/5671
f 5240/5240 5671/5671 5241/5241
f 6182/6182 6221/6221 6190/6190
f 6182/6182 6190/6190 2945/2945
f 2574/2574 3964/3964 4728/4728
f 2574/2574 4728/4728 3982/3982
f 3982/3982 4728/4728 3404/3404
f 3982/3982 3404/3404 2609/2609
f 4726/4726 3982/3982 2609/2609
f 4726/4726 2609/2609 3401/3401
f 5350/5350 5351/5351 5654/5654
f 5350/5350 5654/5654 5651/5651
f 4842/4842 2804/2804 2303/2303
f 4842/4842 2303/2303 3520/3520
f 5074/5074 5223/5223 5611/5611
f 5074/5074 5611/5611 5220/5220
f 5615/5615 5618/5618 5619/5619
f 5615/5615 5619/5619 5616/5616
f 3493/3493 4846/4846 3523/3523
f 3493/3493 3523/3523 2330/2330
f 4024/4024 5003/5003 3988/3988
f 4024/4024 3988/3988 2611/2611
f 5613/5613 5616/5616 5225/5225
f 5613/5613 5225/5225 5224/5224
f 3963/3963 2574/2574 3982/3982
f 3963/3963 3982/3982 4726/4726
f 4020/4020 5001/5001 3986/3986
f 4020/4020 3986/3986 2606/2606
f 2589/2589 3971/3971 4730/4730
f 2589/2589 4730/4730 4009/4009
f 5605/5605 5608/5608 5609/5609
f 5605/5605 5609/5609 5606/5606
f 4009/4009 4730/4730 3416/3416
f 4009/4009 3416/3416 2619/2619
f 3522/3522 2304/2304 2804/2804
f 3522/3522 2804/2804 4842/4842
f 4992/4992 3860/3860 1908/1908
f 4992/4992 1908/1908 3174/3174
f 2348/2348 3781/3781 5040/5040
f 2348/2348 5040/5040 3722/3722
f 2989/2989 2213/2213 3351/3351
f 2989/2989 3351/3351 4808/4808
f 5345/5345 2945/2945 6157/6157
f 5345/5345 6157/6157 5638/5638
f 2328/2328 3522/3522 4842/4842
f 2328/2328 4842/4842 3488/3488
f 5372/5372 5375/5375 5376/5376
f 5372/5372 5376/5376 5373/5373
f 4846/4846 2806/2806 2305/2305
f 4846/4846 2305/2305 3523/3523
f 3965/3965 2584/2584 3995/3995
f 3965/3965 3995/3995 4731/4731
f 5601/5601 5132/5132 5071/5071
f 5601/5601 5071/5071 5144/5144
f 3488/3488 4842/4842 3520/3520
f 3488/3488 3520/3520 2326/2326
f 3525/3525 2306/2306 2806/2806
f 3525/3525 2806/2806 4846/4846
f 3063/3063 4962/4962 5803/5803
f 3063/3063 5803/5803 4940/4940
f 4731/4731 3995/3995 2616/2616
f 4731/4731 2616/2616 3406/3406
f 6169/6169 6171/6171 6175/6175
f 6169/6169 6175/6175 6173/6173
f 6016/6016 5870/5870 5817/5817
f 6016/6016 5817/5817 5839/5839
f 5851/5851 5850/5850 6060/6060
f 5851/5851 6060/6060 6026/6026
f 5656/5656 5352/5352 5081/5081
f 5656/5656 5081/5081 5339/5339
f 6292/6292 6294/6294 3511/3511
f 6292/6292 3511/3511 5690/5690
f 5943/5943 5952/5952 6249/6249
f 5943/5943 6249/6249 6248/6248
f 6064/6064 5841/5841 5840/5840
f 6064/6064 5840/5840 6067/6067
f 3995/3995 4734/4734 3407/3407
f 3995/3995 3407/3407 2616/2616
f 2584/2584 3966/3966 4734/4734
f 2584/2584 4734/4734 3995/3995
f 2275/2275 3426/3426 4739/4739
f 2275/2275 4739/4739 3516/3516
f 4734/4734 3998/3998 2617/2617
f 4734/4734 2617/2617 3407/3407
f 5036/5036 2904/2904 1963/1963
f 5036/5036 1963/1963 3357/3357
f 4739/4739 3515/3515 2341/2341
f 4739/4739 2341/2341 3461/3461
f 2530/2530 3941/3941 3952/3952
f 2530/2530 3952/3952 3938/3938
f 3426/3426 2276/2276 3515/3515
f 3426/3426 3515/3515 4739/4739
f 3966/3966 2586/2586 3998/3998
f 3966/3966 3998/3998 4734/4734
f 3438/3438 2285/2285 3524/3524
f 3438/3438 3524/3524 4753/4753
f 4915/4915 3694/3694 2436/2436
f 4915/4915 2436/2436 3642/3642
f 3198/3198 2101/2101 3139/3139
f 3198/3198 3139/3139 4750/4750
f 3516/3516 4739/4739 3461/3461
f 3516/3516 3461/3461 2340/2340
f 3770/3770 2492/2492 3872/3872
f 3770/3770 3872/3872 4952/4952
f 5059/5059 3451/3451 2099/2099
f 5059/5059 2099/2099 3398/3398
f 2940/2940 4709/4709 3042/3042
f 2940/2940 3042/3042 1968/1968
f 4741/4741 3516/3516 2340/2340
f 4741/4741 2340/2340 3465/3465
f 3517/3517 4741/4741 3465/3465
f 3517/3517 3465/3465 2342/2342
f 5239/5239 5240/5240 5632/5632
f 5239/5239 5632/5632 5629/5629
f 3485/3485 4840/4840 3514/3514
f 3485/3485 3514/3514 2324/2324
f 2349/2349 3555/3555 4755/4755
f 2349/2349 4755/4755 3670/3670
f 3555/3555 2365/2365 3667/3667
f 3555/3555 3667/3667 4755/4755
f 2415/2415 3639/3639 5017/5017
f 2415/2415 5017/5017 3732/3732
f 4755/4755 3667/3667 2407/2407
f 4755/4755 2407/2407 3610/3610
f 3670/3670 4755/4755 3610/3610
f 3670/3670 3610/3610 2406/2406
f 3498/3498 3952/3952 2336/2336
f 4754/4754 3554/3554 2347/2347
f 4754/4754 2347/2347 3476/3476
f 3439/3439 2286/2286 3554/3554
f 3439/3439 3554/3554 4754/4754
f 5085/5085 5638/5638 5639/5639
f 5085/5085 5639/5639 5086/5086
f 4912/4912 3682/3682 2414/2414
f 4912/4912 2414/2414 3639/3639
f 3691/3691 4912/4912 3639/3639
f 3691/3691 3639/3639 2415/2415
f 2279/2279 3428/3428 4741/4741
f 2279/2279 4741/4741 3517/3517
f 5645/5645 6181/6181 6183/6183
f 5645/5645 6183/6183 5646/5646
f 5143/5143 5144/5144 5608/5608
f 5143/5143 5608/5608 5605/5605
f 3880/3880 4760/4760 3556/3556
f 3880/3880 3556/3556 2366/2366
f 2541/2541 3961/3961 4759/4759
f 2541/2541 4759/4759 3875/3875
f 4759/4759 3599/3599 2365/2365
f 4759/4759 2365/2365 3555/3555
f 3947/3947 2541/2541 3875/3875
f 3947/3947 3875/3875 4760/4760
f 5860/5860 5821/5821 5884/5884
f 5860/5860 5884/5884 5998/5998
f 2762/2762 4211/4211 4257/4257
f 2762/2762 4257/4257 4209/4209
f 3961/3961 2539/2539 3599/3599
f 3961/3961 3599/3599 4759/4759
f 6130/6130 5931/5931 5930/5930
f 6130/6130 5930/5930 6133/6133
f 2543/2543 3947/3947 4760/4760
f 2543/2543 4760/4760 3880/3880
f 3875/3875 4759/4759 3555/3555
f 3875/3875 3555/3555 2349/2349
f 4760/4760 3875/3875 2349/2349
f 4760/4760 2349/2349 3556/3556
f 4880/4880 5738/5738 4891/4891
f 4880/4880 4891/4891 2961/2961
f 5747/5747 4097/4097 2630/2630
f 5747/5747 2630/2630 4137/4137
f 5374/5374 5103/5103 5102/5102
f 5374/5374 5102/5102 5375/5375
f 3886/3886 4761/4761 3557/3557
f 3886/3886 3557/3557 2377/2377
f 4761/4761 3880/3880 2366/2366
f 4761/4761 2366/2366 3557/3557
f 5559/5559 5562/5562 5104/5104
f 5559/5559 5104/5104 5105/5105
f 2546/2546 3946/3946 4761/4761
f 2546/2546 4761/4761 3886/3886
f 5741/5741 4013/4013 3036/3036
f 5741/5741 3036/3036 4900/4900
f 5110/5110 5389/5389 5117/5117
f 5110/5110 5117/5117 5066/5066
f 2045/2045 3213/3213 4752/4752
f 2045/2045 4752/4752 3075/3075
f 2079/2079 3478/3478 5695/5695
f 2079/2079 5695/5695 3178/3178
f 6273/6273 6274/6274 6303/6303
f 6273/6273 6303/6303 6301/6301
f 6254/6254 6255/6255 6266/6266
f 6254/6254 6266/6266 6265/6265
f 5389/5389 5549/5549 5118/5118
f 5389/5389 5118/5118 5117/5117
f 5965/5965 5984/5984 5985/5985
f 5965/5965 5985/5985 5962/5962
f 2113/2113 3952/3952 3479/3479
f 5816/5816 5836/5836 6134/6134
f 5816/5816 6134/6134 5945/5945
f 2733/2733 4640/4640 5759/5759
f 2733/2733 5759/5759 4255/4255
f 4281/4281 2598/2598 3981/3981
f 4281/4281 3981/3981 5047/5047
f 2730/2730 4658/4658 5772/5772
f 2730/2730 5772/5772 4246/4246
f 4184/4184 5760/5760 4598/4598
f 4184/4184 4598/4598 2635/2635
f 3929/3929 2508/2508 3948/3948
f 3929/3929 3948/3948 5720/5720
f 5818/5818 5848/5848 6017/6017
f 5818/5818 6017/6017 5833/5833
f 4852/4852 2797/2797 2301/2301
f 4852/4852 2301/2301 3410/3410
f 4599/4599 2731/2731 4249/4249
f 4599/4599 4249/4249 5760/5760
f 4991/4991 3857/3857 1907/1907
f 4991/4991 1907/1907 3173/3173
f 2323/2323 3482/3482 3952/3952
f 2323/2323 3952/3952 3484/3484
f 2912/2912 2089/2089 2797/2797
f 2912/2912 2797/2797 4852/4852
f 4798/4798 3750/3750 2443/2443
f 4798/4798 2443/2443 3697/3697
f 5760/5760 4249/4249 2730/2730
f 5760/5760 2730/2730 4598/4598
f 2325/2325 3484/3484 3952/3952
f 2325/2325 3952/3952 3487/3487
f 5697/5697 3611/3611 2179/2179
f 5697/5697 2179/2179 3552/3552
f 6106/6106 5906/5906 5825/5825
f 6106/6106 5825/5825 5876/5876
f 2321/2321 3479/3479 3952/3952
f 2321/2321 3952/3952 3482/3482
f 5719/5719 3369/3369 2198/2198
f 5719/5719 2198/2198 3101/3101
f 6126/6126 6127/6127 6130/6130
f 6126/6126 6130/6130 6129/6129
f 2408/2408 3612/3612 4798/4798
f 2408/2408 4798/4798 3752/3752
f 3614/3614 2408/2408 3752/3752
f 3614/3614 3752/3752 4800/4800
f 3752/3752 4798/4798 3697/3697
f 3752/3752 3697/3697 2445/2445
f 6115/6115 5920/5920 5831/5831
f 6115/6115 5831/5831 5921/5921
f 3830/3830 4963/4963 3774/3774
f 3830/3830 3774/3774 2504/2504
f 2522/2522 3933/3933 5722/5722
f 2522/2522 5722/5722 3969/3969
f 2629/2629 4240/4240 5794/5794
f 2629/2629 5794/5794 4083/4083
f 3612/3612 2406/2406 3750/3750
f 3612/3612 3750/3750 4798/4798
f 5883/5883 5826/5826 5938/5938
f 5883/5883 5938/5938 6168/6168
f 2531/2531 3836/3836 4983/4983
f 2531/2531 4983/4983 3951/3951
f 4800/4800 3752/3752 2445/2445
f 4800/4800 2445/2445 3698/3698
f 4208/4208 2757/2757 4271/4271
f 4208/4208 4271/4271 5031/5031
f 4963/4963 3828/3828 2495/2495
f 4963/4963 2495/2495 3774/3774
f 5777/5777 4665/4665 2824/2824
f 5777/5777 2824/2824 4712/4712
f 4982/4982 3943/3943 2592/2592
f 4982/4982 2592/2592 3915/3915
f 5881/5881 5883/5883 6168/6168
f 5881/5881 6168/6168 6166/6166
f 6224/6224 5949/5949 5950/5950
f 6224/6224 5950/5950 6227/6227
f 3725/3725 5042/5042 6304/6304
f 3725/3725 6304/6304 6306/6306
f 2409/2409 3614/3614 4800/4800
f 2409/2409 4800/4800 3726/3726
f 2102/2102 3292/3292 4777/4777
f 2102/2102 4777/4777 3142/3142
f 2158/2158 4284/4284 5048/5048
f 2158/2158 5048/5048 3219/3219
f 2764/2764 4220/4220 4257/4257
f 2764/2764 4257/4257 4211/4211
f 5568/5568 5571/5571 5089/5089
f 5568/5568 5089/5089 5090/5090
f 6044/6044 6042/6042 4602/4602
f 6044/6044 4602/4602 2894/2894
f 3512/3512 6288/6288 6290/6290
f 3512/3512 6290/6290 5690/5690
f 2812/2812 6050/6050 6048/6048
f 5560/5560 5114/5114 5115/5115
f 5560/5560 5115/5115 5561/5561
f 6044/6044 2894/2894 4285/4285
f 6044/6044 4285/4285 6046/6046
f 5076/5076 5349/5349 5648/5648
f 5076/5076 5648/5648 5232/5232
f 2268/2268 3703/3703 4801/4801
f 2268/2268 4801/4801 3363/3363
f 5855/5855 5856/5856 6099/6099
f 5855/5855 6099/6099 6098/6098
f 3733/3733 5016/5016 4105/4105
f 3733/3733 4105/4105 2666/2666
f 4018/4018 4999/4999 3981/3981
f 4018/4018 3981/3981 2598/2598
f 6001/6001 5885/5885 5902/5902
f 6001/6001 5902/5902 6004/6004
f 6278/6278 6262/6262 6280/6280
f 6278/6278 6280/6280 6311/6311
f 4070/4070 4939/4939 3709/3709
f 4070/4070 3709/3709 2462/2462
f 4880/4880 5729/5729 4890/4890
f 4880/4880 4890/4890 2960/2960
f 3221/3221 5049/5049 4284/4284
f 3221/3221 4284/4284 2158/2158
f 5096/5096 5095/5095 5374/5374
f 5096/5096 5374/5374 5371/5371
f 5906/5906 6083/6083 5873/5873
f 5906/5906 5873/5873 5825/5825
f 5929/5929 6068/6068 6071/6071
f 5929/5929 6071/6071 5928/5928
f 3726/3726 4800/4800 3698/3698
f 3726/3726 3698/3698 2448/2448
f 6054/6054 3169/3169 6056/6056
f 5564/5564 5567/5567 5568/5568
f 5564/5564 5568/5568 5565/5565
f 5975/5975 5993/5993 5977/5977
f 5975/5975 5977/5977 2815/2815
f 2080/2080 3179/3179 4749/4749
f 2080/2080 4749/4749 3098/3098
f 5569/5569 5117/5117 5118/5118
f 5569/5569 5118/5118 5570/5570
f 3676/3676 5704/5704 3645/3645
f 3676/3676 3645/3645 2273/2273
f 6155/6155 6213/6213 6215/6215
f 6155/6155 6215/6215 5077/5077
f 2991/2991 2219/2219 3332/3332
f 2991/2991 3332/3332 4803/4803
f 3363/3363 4801/4801 3768/3768
f 3363/3363 3768/3768 2298/2298
f 4804/4804 3348/3348 2213/2213
f 4804/4804 2213/2213 2989/2989
f 2670/2670 4098/4098 4951/4951
f 2670/2670 4951/4951 4076/4076
f 6208/6208 6240/6240 6241/6241
f 6208/6208 6241/6241 6210/6210
f 5046/5046 4141/4141 2721/2721
f 5046/5046 2721/2721 3567/3567
f 2756/2756 4206/4206 4257/4257
f 2756/2756 4257/4257 4204/4204
f 5067/5067 5141/5141 5581/5581
f 5067/5067 5581/5581 5103/5103
f 4801/4801 3789/3789 2487/2487
f 4801/4801 2487/2487 3768/3768
f 3217/3217 5047/5047 3654/3654
f 3217/3217 3654/3654 2002/2002
f 3713/3713 2464/2464 3828/3828
f 3713/3713 3828/3828 4963/4963
f 4284/4284 2606/2606 3986/3986
f 4284/4284 3986/3986 5048/5048
f 2990/2990 2214/2214 3348/3348
f 2990/2990 3348/3348 4804/4804
f 3703/3703 2460/2460 3789/3789
f 3703/3703 3789/3789 4801/4801
f 4041/4041 5748/5748 4138/4138
f 4041/4041 4138/4138 2566/2566
f 3798/3798 4807/4807 3753/3753
f 3798/3798 3753/3753 2472/2472
f 4591/4591 2611/2611 3988/3988
f 4591/4591 3988/3988 5050/5050
f 4803/4803 3332/3332 2214/2214
f 4803/4803 2214/2214 2990/2990
f 4241/4241 2950/2950 4831/4831
f 4241/4241 4831/4831 5793/5793
f 5848/5848 5847/5847 6018/6018
f 5848/5848 6018/6018 6017/6017
f 3831/3831 4964/4964 3776/3776
f 3831/3831 3776/3776 2505/2505
f 4685/4685 5787/5787 4771/4771
f 4685/4685 4771/4771 2844/2844
f 2669/2669 4100/4100 4950/4950
f 2669/2669 4950/4950 4073/4073
f 3696/3696 2444/2444 3796/3796
f 3696/3696 3796/3796 4807/4807
f 5703/5703 3672/3672 2222/2222
f 5703/5703 2222/2222 3632/3632
f 4807/4807 3796/3796 2481/2481
f 4807/4807 2481/2481 3753/3753
f 4810/4810 3798/3798 2472/2472
f 4810/4810 2472/2472 3755/3755
f 2443/2443 3696/3696 4807/4807
f 2443/2443 4807/4807 3798/3798
f 3697/3697 2443/2443 3798/3798
f 3697/3697 3798/3798 4810/4810
f 5794/5794 4849/4849 2932/2932
f 5794/5794 2932/2932 4238/4238
f 4273/4273 5032/5032 3572/3572
f 4273/4273 3572/3572 2726/2726
f 4811/4811 3800/3800 2482/2482
f 4811/4811 2482/2482 3757/3757
f 5051/5051 3990/3990 2611/2611
f 5051/5051 2611/2611 4591/4591
f 2950/2950 4806/4806 5755/5755
f 2950/2950 5755/5755 4831/4831
f 3800/3800 4810/4810 3755/3755
f 3800/3800 3755/3755 2482/2482
f 4073/4073 4950/4950 3713/3713
f 4073/4073 3713/3713 2465/2465
f 3715/3715 2465/2465 3830/3830
f 3715/3715 3830/3830 4964/4964
f 4959/4959 3024/3024 4010/4010
f 4959/4959 4010/4010 5801/5801
f 2448/2448 3698/3698 4811/4811
f 2448/2448 4811/4811 3802/3802
f 6255/6255 6252/6252 6267/6267
f 6255/6255 6267/6267 6266/6266
f 5705/5705 3676/3676 2273/2273
f 5705/5705 2273/2273 3647/3647
f 3698/3698 2445/2445 3800/3800
f 3698/3698 3800/3800 4811/4811
f 5049/5049 3987/3987 2606/2606
f 5049/5049 2606/2606 4284/4284
f 3802/3802 4811/4811 3757/3757
f 3802/3802 3757/3757 2483/2483
f 4590/4590 2610/2610 3987/3987
f 4590/4590 3987/3987 5049/5049
f 3628/3628 5699/5699 3562/3562
f 3628/3628 3562/3562 2193/2193
f 2288/2288 3652/3652 5813/5813
f 2288/2288 5813/5813 4977/4977
f 4813/4813 3812/3812 2484/2484
f 4813/4813 2484/2484 3762/3762
f 3786/3786 4814/4814 3763/3763
f 3786/3786 3763/3763 2486/2486
f 2752/2752 4204/4204 4257/4257
f 2752/2752 4257/4257 4200/4200
f 3699/3699 2448/2448 3802/3802
f 3699/3699 3802/3802 4812/4812
f 4814/4814 3814/3814 2485/2485
f 4814/4814 2485/2485 3763/3763
f 2445/2445 3697/3697 4810/4810
f 2445/2445 4810/4810 3800/3800
f 6018/6018 6019/6019 6022/6022
f 6018/6018 6022/6022 6021/6021
f 3814/3814 4813/4813 3762/3762
f 3814/3814 3762/3762 2485/2485
f 2459/2459 3701/3701 4814/4814
f 2459/2459 4814/4814 3786/3786
f 4812/4812 3802/3802 2483/2483
f 4812/4812 2483/2483 3760/3760
f 3700/3700 2449/2449 3812/3812
f 3700/3700 3812/3812 4813/4813
f 3383/3383 4615/4615 3417/3417
f 3383/3383 3417/3417 2243/2243
f 2458/2458 3700/3700 4813/4813
f 2458/2458 4813/4813 3814/3814
f 5764/5764 4278/4278 2734/2734
f 5764/5764 2734/2734 4607/4607
f 2449/2449 3699/3699 4812/4812
f 2449/2449 4812/4812 3812/3812
f 4943/4943 5804/5804 4962/4962
f 4943/4943 4962/4962 3063/3063
f 4815/4815 3861/3861 2510/2510
f 4815/4815 2510/2510 3817/3817
f 4779/4779 3222/3222 2159/2159
f 4779/4779 2159/2159 3292/3292
f 3185/3185 1946/1946 3319/3319
f 3185/3185 3319/3319 5715/5715
f 5214/5214 4924/4924 5193/5193
f 5214/5214 5193/5193 5419/5419
f 5847/5847 5958/5958 5961/5961
f 5847/5847 5961/5961 5846/5846
f 2143/2143 3274/3274 4703/4703
f 2143/2143 4703/4703 3236/3236
f 4924/4924 5261/5261 5440/5440
f 4924/4924 5440/5440 5193/5193
f 5198/5198 5333/5333 5252/5252
f 5198/5198 5252/5252 5146/5146
f 5443/5443 5446/5446 5447/5447
f 5443/5443 5447/5447 5444/5444
f 2982/2982 4902/4902 5731/5731
f 2982/2982 5731/5731 4882/4882
f 5048/5048 3986/3986 2598/2598
f 5048/5048 2598/2598 4281/4281
f 5212/5212 5213/5213 5416/5416
f 5212/5212 5416/5416 5413/5413
f 5428/5428 5251/5251 5250/5250
f 5428/5428 5250/5250 5429/5429
f 5423/5423 5426/5426 5427/5427
f 5423/5423 5427/5427 5424/5424
f 5196/5196 5331/5331 5332/5332
f 5196/5196 5332/5332 5197/5197
f 5960/5960 5850/5850 5851/5851
f 5960/5960 5851/5851 5995/5995
f 3652/3652 2283/2283 4976/4976
f 3652/3652 4976/4976 5813/5813
f 3297/3297 2165/2165 3226/3226
f 3297/3297 3226/3226 4788/4788
f 2954/2954 4818/4818 5757/5757
f 2954/2954 5757/5757 4826/4826
f 2103/2103 3295/3295 4779/4779
f 2103/2103 4779/4779 3157/3157
f 2278/2278 3648/3648 5811/5811
f 2278/2278 5811/5811 4975/4975
f 3295/3295 2161/2161 3222/3222
f 3295/3295 3222/3222 4779/4779
f 3190/3190 1987/1987 3349/3349
f 3190/3190 3349/3349 5712/5712
f 3292/3292 2159/2159 3220/3220
f 3292/3292 3220/3220 4777/4777
f 4786/4786 3224/3224 2161/2161
f 4786/4786 2161/2161 3295/3295
f 2106/2106 3298/3298 4794/4794
f 2106/2106 4794/4794 3164/3164
f 2491/2491 3761/3761 4980/4980
f 2491/2491 4980/4980 3891/3891
f 5999/5999 6000/6000 6003/6003
f 5999/5999 6003/6003 6002/6002
f 5140/5140 5139/5139 5587/5587
f 5140/5140 5587/5587 5584/5584
f 3296/3296 2163/2163 3224/3224
f 3296/3296 3224/3224 4786/4786
f 5670/5670 5673/5673 5674/5674
f 5670/5670 5674/5674 5671/5671
f 4788/4788 3226/3226 2163/2163
f 4788/4788 2163/2163 3296/3296
f 4970/4970 3883/3883 2544/2544
f 4970/4970 2544/2544 3842/3842
f 3127/3127 1873/1873 2792/2792
f 3127/3127 2792/2792 5014/5014
f 4794/4794 3228/3228 2165/2165
f 4794/4794 2165/2165 3297/3297
f 2494/2494 3771/3771 4968/4968
f 2494/2494 4968/4968 3879/3879
f 3776/3776 2504/2504 3885/3885
f 3776/3776 3885/3885 4971/4971
f 3298/3298 2172/2172 3228/3228
f 3298/3298 3228/3228 4794/4794
f 4032/4032 5745/5745 4135/4135
f 4032/4032 4135/4135 2562/2562
f 3192/3192 1988/1988 3350/3350
f 3192/3192 3350/3350 5711/5711
f 5391/5391 5248/5248 5150/5150
f 5391/5391 5150/5150 5254/5254
f 5905/5905 5996/5996 5999/5999
f 5905/5905 5999/5999 5904/5904
f 2563/2563 4136/4136 5745/5745
f 2563/2563 5745/5745 4032/4032
f 5008/5008 4034/4034 2614/2614
f 5008/5008 2614/2614 4002/4002
f 5846/5846 5961/5961 5854/5854
f 5846/5846 5854/5854 5822/5822
f 4971/4971 3885/3885 2557/2557
f 4971/4971 2557/2557 3843/3843
f 3164/3164 4794/4794 3297/3297
f 3164/3164 3297/3297 2105/2105
f 5390/5390 5247/5247 5248/5248
f 5390/5390 5248/5248 5391/5391
f 4930/4930 5799/5799 4085/4085
f 4930/4930 4085/4085 2624/2624
f 2109/2109 3307/3307 4797/4797
f 2109/2109 4797/4797 3167/3167
f 5255/5255 5147/5147 5246/5246
f 5255/5255 5246/5246 5337/5337
f 5333/5333 5336/5336 5253/5253
f 5333/5333 5253/5253 5252/5252
f 6159/6159 6160/6160 6163/6163
f 6159/6159 6163/6163 6162/6162
f 3049/3049 4959/4959 5801/5801
f 3049/3049 5801/5801 4935/4935
f 3804/3804 2392/2392 3854/3854
f 3804/3804 3854/3854 4989/4989
f 3915/3915 2592/2592 4034/4034
f 3915/3915 4034/4034 5008/5008
f 5337/5337 5246/5246 5247/5247
f 5337/5337 5247/5247 5390/5390
f 4797/4797 3233/3233 2174/2174
f 4797/4797 2174/2174 3302/3302
f 5256/5256 5255/5255 5337/5337
f 5256/5256 5337/5337 5334/5334
f 5055/5055 3402/3402 2081/2081
f 5055/5055 2081/2081 3361/3361
f 5336/5336 5391/5391 5254/5254
f 5336/5336 5254/5254 5253/5253
f 2492/2492 3765/3765 4981/4981
f 2492/2492 4981/4981 3872/3872
f 5684/5684 5364/5364 5363/5363
f 5684/5684 5363/5363 5685/5685
f 4882/4882 5731/5731 4898/4898
f 4882/4882 4898/4898 2980/2980
f 3761/3761 2490/2490 3890/3890
f 3761/3761 3890/3890 4980/4980
f 2527/2527 3938/3938 3952/3952
f 2527/2527 3952/3952 3936/3936
f 3784/3784 2310/2310 3718/3718
f 3784/3784 3718/3718 5038/5038
f 5257/5257 5256/5256 5334/5334
f 5257/5257 5334/5334 5331/5331
f 3891/3891 4980/4980 3837/3837
f 3891/3891 3837/3837 2532/2532
f 4137/4137 2630/2630 4093/4093
f 4137/4137 4093/4093 5746/5746
f 3307/3307 2177/2177 3233/3233
f 3307/3307 3233/3233 4797/4797
f 3718/3718 5037/5037 3260/3260
f 3718/3718 3260/3260 2026/2026
f 6009/6009 6010/6010 6014/6014
f 6009/6009 6014/6014 6013/6013
f 6012/6012 5869/5869 5870/5870
f 6012/6012 5870/5870 6016/6016
f 5730/5730 4032/4032 2562/2562
f 5730/5730 2562/2562 4896/4896
f 5593/5593 5597/5597 5143/5143
f 5593/5593 5143/5143 5142/5142
f 4238/4238 2932/2932 4850/4850
f 4238/4238 4850/4850 5795/5795
f 3783/3783 2338/2338 3719/3719
f 3783/3783 3719/3719 5039/5039
f 5903/5903 6002/6002 5877/5877
f 5903/5903 5877/5877 5824/5824
f 2339/2339 3783/3783 5039/5039
f 2339/2339 5039/5039 3721/3721
f 5746/5746 4093/4093 2629/2629
f 5746/5746 2629/2629 4136/4136
f 5133/5133 5134/5134 5594/5594
f 5133/5133 5594/5594 5590/5590
f 4700/4700 2857/2857 4689/4689
f 4700/4700 4689/4689 5767/5767
f 5814/5814 4977/4977 2898/2898
f 5814/5814 2898/2898 4738/4738
f 4194/4194 5766/5766 4610/4610
f 4194/4194 4610/4610 2702/2702
f 4802/4802 3331/3331 2219/2219
f 4802/4802 2219/2219 2991/2991
f 1940/1940 2993/2993 4802/4802
f 1940/1940 4802/4802 2876/2876
f 2993/2993 2221/2221 3331/3331
f 2993/2993 3331/3331 4802/4802
f 1938/1938 2991/2991 4803/4803
f 1938/1938 4803/4803 2873/2873
f 5105/5105 5603/5603 5604/5604
f 5105/5105 5604/5604 5106/5106
f 2876/2876 4802/4802 2991/2991
f 2876/2876 2991/2991 1938/1938
f 5602/5602 5605/5605 5606/5606
f 5602/5602 5606/5606 5603/5603
f 2734/2734 4648/4648 5768/5768
f 2734/2734 5768/5768 4256/4256
f 2436/2436 3641/3641 5015/5015
f 2436/2436 5015/5015 3734/3734
f 6160/6160 6161/6161 6164/6164
f 6160/6160 6164/6164 6163/6163
f 5792/5792 4830/4830 2950/2950
f 5792/5792 2950/2950 4241/4241
f 5789/5789 4740/4740 2899/2899
f 5789/5789 2899/2899 4775/4775
f 2044/2044 3200/3200 4751/4751
f 2044/2044 4751/4751 3074/3074
f 5922/5922 5921/5921 6224/6224
f 5922/5922 6224/6224 6223/6223
f 2873/2873 4803/4803 2990/2990
f 2873/2873 2990/2990 1928/1928
f 5065/5065 5142/5142 5602/5602
f 5065/5065 5602/5602 5104/5104
f 6178/6178 6179/6179 6185/6185
f 6178/6178 6185/6185 6184/6184
f 6179/6179 5946/5946 5947/5947
f 6179/6179 5947/5947 6185/6185
f 5850/5850 5849/5849 6061/6061
f 5850/5850 6061/6061 6060/6060
f 2243/2243 3417/3417 4614/4614
f 2243/2243 4614/4614 3378/3378
f 5093/5093 5366/5366 5367/5367
f 5093/5093 5367/5367 5094/5094
f 5938/5938 6177/6177 6180/6180
f 5938/5938 6180/6180 5937/5937
f 4751/4751 3142/3142 2101/2101
f 4751/4751 2101/2101 3198/3198
f 4976/4976 5812/5812 4736/4736
f 4976/4976 4736/4736 2897/2897
f 1993/1993 3077/3077 4624/4624
f 1993/1993 4624/4624 2949/2949
f 5940/5940 6169/6169 6173/6173
f 5940/5940 6173/6173 5939/5939
f 3374/3374 4613/4613 3412/3412
f 3374/3374 3412/3412 2237/2237
f 2949/2949 4624/4624 3073/3073
f 2949/2949 3073/3073 1991/1991
f 4825/4825 5758/5758 4818/4818
f 4825/4825 4818/4818 2954/2954
f 5833/5833 6017/6017 6020/6020
f 5833/5833 6020/6020 5834/5834
f 6173/6173 6175/6175 5357/5357
f 6173/6173 5357/5357 5358/5358
f 3077/3077 2033/2033 3016/3016
f 3077/3077 3016/3016 4624/4624
f 5171/5171 5394/5394 5208/5208
f 5171/5171 5208/5208 4921/4921
f 5173/5173 5392/5392 5393/5393
f 5173/5173 5393/5393 5172/5172
f 3523/3523 2305/2305 2805/2805
f 3523/3523 2805/2805 4845/4845
f 4029/4029 5744/5744 4134/4134
f 4029/4029 4134/4134 2561/2561
f 5714/5714 3330/3330 2339/2339
f 5714/5714 2339/2339 3781/3781
f 4980/4980 3890/3890 2531/2531
f 4980/4980 2531/2531 3837/3837
f 6158/6158 5941/5941 5940/5940
f 6158/6158 5940/5940 6161/6161
f 3437/3437 2284/2284 3521/3521
f 3437/3437 3521/3521 4748/4748
f 2520/2520 3931/3931 5721/5721
f 2520/2520 5721/5721 3950/3950
f 4920/4920 5211/5211 5392/5392
f 4920/4920 5392/5392 5173/5173
f 5718/5718 3265/3265 1873/1873
f 5718/5718 1873/1873 3127/3127
f 1976/1976 3187/3187 5714/5714
f 1976/1976 5714/5714 3347/3347
f 4773/4773 3218/3218 2003/2003
f 4773/4773 2003/2003 2813/2813
f 3877/3877 4952/4952 3839/3839
f 3877/3877 3839/3839 2534/2534
f 4979/4979 3300/3300 2260/2260
f 4979/4979 2260/2260 3836/3836
f 3332/3332 4696/4696 3316/3316
f 3332/3332 3316/3316 2214/2214
f 3944/3944 4982/4982 3915/3915
f 3944/3944 3915/3915 2594/2594
f 3931/3931 2518/2518 3949/3949
f 3931/3931 3949/3949 5721/5721
f 3719/3719 5038/5038 3261/3261
f 3719/3719 3261/3261 2027/2027
f 5710/5710 3352/3352 2356/2356
f 5710/5710 2356/2356 3743/3743
f 3182/3182 1903/1903 3160/3160
f 3182/3182 3160/3160 5717/5717
f 4925/4925 3704/3704 2437/2437
f 4925/4925 2437/2437 3643/3643
f 5866/5866 6009/6009 6013/6013
f 5866/5866 6013/6013 5865/5865
f 5044/5044 3729/3729 2036/2036
f 5044/5044 2036/2036 3291/3291
f 4881/4881 5730/5730 4896/4896
f 4881/4881 4896/4896 2961/2961
f 5660/5660 5664/5664 5243/5243
f 5660/5660 5243/5243 5338/5338
f 5844/5844 5843/5843 5957/5957
f 5844/5844 5957/5957 5956/5956
f 1901/1901 3130/3130 5020/5020
f 1901/1901 5020/5020 3250/3250
f 3730/3730 5022/5022 4112/4112
f 3730/3730 4112/4112 2653/2653
f 3781/3781 2339/2339 3721/3721
f 3781/3781 3721/3721 5040/5040
f 2366/2366 3556/3556 4776/4776
f 2366/2366 4776/4776 3671/3671
f 3252/3252 5021/5021 3187/3187
f 3252/3252 3187/3187 1976/1976
f 3722/3722 5040/5040 3263/3263
f 3722/3722 3263/3263 2029/2029
f 5607/5607 5610/5610 5139/5139
f 5607/5607 5139/5139 5140/5140
f 5772/5772 4619/4619 2444/2444
f 5772/5772 2444/2444 3737/3737
f 5240/5240 5241/5241 5635/5635
f 5240/5240 5635/5635 5632/5632
f 3405/3405 1880/1880 2826/2826
f 3405/3405 2826/2826 4835/4835
f 5610/5610 5125/5125 5070/5070
f 5610/5610 5070/5070 5139/5139
f 5631/5631 5634/5634 5237/5237
f 5631/5631 5237/5237 5238/5238
f 4909/4909 2567/2567 4041/4041
f 4909/4909 4041/4041 5733/5733
f 5635/5635 5221/5221 5222/5222
f 5635/5635 5222/5222 5636/5636
f 3848/3848 4985/4985 3129/3129
f 3848/3848 3129/3129 1900/1900
f 3637/3637 2181/2181 3444/3444
f 3637/3637 3444/3444 5022/5022
f 3582/3582 2386/2386 3704/3704
f 3582/3582 3704/3704 4925/4925
f 4234/4234 2907/2907 4869/4869
f 4234/4234 4869/4869 5797/5797
f 4280/4280 5771/5771 4656/4656
f 4280/4280 4656/4656 2738/2738
f 5611/5611 5614/5614 5615/5615
f 5611/5611 5615/5615 5612/5612
f 5769/5769 4627/4627 2819/2819
f 5769/5769 2819/2819 4648/4648
f 5022/5022 3444/3444 2350/2350
f 5022/5022 2350/2350 4112/4112
f 4691/4691 5789/5789 4775/4775
f 4691/4691 4775/4775 2857/2857
f 2843/2843 4769/4769 5785/5785
f 2843/2843 5785/5785 4675/4675
f 2861/2861 4817/4817 2981/2981
f 2861/2861 2981/2981 1925/1925
f 6024/6024 6025/6025 5867/5867
f 6024/6024 5867/5867 5866/5866
f 4237/4237 2914/2914 4851/4851
f 4237/4237 4851/4851 5796/5796
f 5219/5219 5612/5612 5613/5613
f 5219/5219 5613/5613 5145/5145
f 2405/2405 3637/3637 5022/5022
f 2405/2405 5022/5022 3730/3730
f 3791/3791 2358/2358 3834/3834
f 3791/3791 3834/3834 4985/4985
f 5052/5052 3991/3991 2612/2612
f 5052/5052 2612/2612 4592/4592
f 4817/4817 3355/3355 2210/2210
f 4817/4817 2210/2210 2981/2981
f 2391/2391 3793/3793 4986/4986
f 2391/2391 4986/4986 3851/3851
f 5180/5180 5401/5401 5403/5403
f 5180/5180 5403/5403 5182/5182
f 5400/5400 5190/5190 4922/4922
f 5400/5400 4922/4922 5206/5206
f 2171/2171 4593/4593 5052/5052
f 2171/2171 5052/5052 3227/3227
f 3793/3793 2390/2390 3848/3848
f 3793/3793 3848/3848 4986/4986
f 2983/2983 2211/2211 3355/3355
f 2983/2983 3355/3355 4817/4817
f 5397/5397 5400/5400 5206/5206
f 5397/5397 5206/5206 5207/5207
f 3319/3319 5716/5716 3784/3784
f 3319/3319 3784/3784 2338/2338
f 5399/5399 5191/5191 5190/5190
f 5399/5399 5190/5190 5400/5400
f 4919/4919 5203/5203 5401/5401
f 4919/4919 5401/5401 5180/5180
f 5394/5394 5397/5397 5207/5207
f 5394/5394 5207/5207 5208/5208
f 5405/5405 5409/5409 5411/5411
f 5405/5405 5411/5411 5407/5407
f 1926/1926 2983/2983 4817/4817
f 1926/1926 4817/4817 2861/2861
f 5209/5209 4923/4923 5192/5192
f 5209/5209 5192/5192 5398/5398
f 5115/5115 5114/5114 5550/5550
f 5115/5115 5550/5550 5546/5546
f 5402/5402 5406/5406 5408/5408
f 5402/5402 5408/5408 5404/5404
f 5401/5401 5405/5405 5407/5407
f 5401/5401 5407/5407 5403/5403
f 5408/5408 5412/5412 5214/5214
f 5408/5408 5214/5214 5213/5213
f 5439/5439 5215/5215 5147/5147
f 5439/5439 5147/5147 5255/5255
f 5210/5210 5209/5209 5398/5398
f 5210/5210 5398/5398 5395/5395
f 5211/5211 5210/5210 5395/5395
f 5211/5211 5395/5395 5392/5392
f 5181/5181 5402/5402 5404/5404
f 5181/5181 5404/5404 5183/5183
f 5412/5412 5202/5202 4924/4924
f 5412/5412 4924/4924 5214/5214
f 5406/5406 5410/5410 5412/5412
f 5406/5406 5412/5412 5408/5408
f 5193/5193 5440/5440 5441/5441
f 5193/5193 5441/5441 5194/5194
f 6139/6139 6140/6140 6247/6247
f 6139/6139 6247/6247 6250/6250
f 6186/6186 6187/6187 5360/5360
f 6186/6186 5360/5360 5361/5361
f 5410/5410 5200/5200 5202/5202
f 5410/5410 5202/5202 5412/5412
f 5398/5398 5192/5192 5191/5191
f 5398/5398 5191/5191 5399/5399
f 5444/5444 5447/5447 5448/5448
f 5444/5444 5448/5448 5445/5445
f 5183/5183 5404/5404 5212/5212
f 5183/5183 5212/5212 4918/4918
f 5427/5427 5430/5430 5248/5248
f 5427/5427 5248/5248 5247/5247
f 5218/5218 5149/5149 5251/5251
f 5218/5218 5251/5251 5428/5428
f 5191/5191 5432/5432 5433/5433
f 5191/5191 5433/5433 5190/5190
f 5624/5624 5627/5627 5628/5628
f 5624/5624 5628/5628 5625/5625
f 5229/5229 5678/5678 5679/5679
f 5229/5229 5679/5679 5228/5228
f 6097/6097 5911/5911 5826/5826
f 6097/6097 5826/5826 5883/5883
f 5820/5820 5855/5855 6098/6098
f 5820/5820 6098/6098 5909/5909
f 5432/5432 5435/5435 5436/5436
f 5432/5432 5436/5436 5433/5433
f 5244/5244 5218/5218 5428/5428
f 5244/5244 5428/5428 5425/5425
f 6129/6129 6130/6130 6133/6133
f 6129/6129 6133/6133 6132/6132
f 5148/5148 5245/5245 5422/5422
f 5148/5148 5422/5422 5217/5217
f 5416/5416 5419/5419 5420/5420
f 5416/5416 5420/5420 5417/5417
f 6265/6265 6266/6266 6287/6287
f 6265/6265 6287/6287 6285/6285
f 5440/5440 5443/5443 5444/5444
f 5440/5440 5444/5444 5441/5441
f 5195/5195 5442/5442 5260/5260
f 5195/5195 5260/5260 4923/4923
f 5237/5237 5236/5236 5626/5626
f 5237/5237 5626/5626 5623/5623
f 5217/5217 5422/5422 5423/5423
f 5217/5217 5423/5423 5216/5216
f 5430/5430 5249/5249 5150/5150
f 5430/5430 5150/5150 5248/5248
f 5441/5441 5444/5444 5445/5445
f 5441/5441 5445/5445 5442/5442
f 5959/5959 5960/5960 5995/5995
f 5959/5959 5995/5995 5994/5994
f 5927/5927 6074/6074 5918/5918
f 5927/5927 5918/5918 5828/5828
f 6229/6229 6230/6230 5362/5362
f 6229/6229 5362/5362 5363/5363
f 6011/6011 6012/6012 6016/6016
f 6011/6011 6016/6016 6015/6015
f 6188/6188 5948/5948 5078/5078
f 6188/6188 5078/5078 5359/5359
f 6212/6212 6242/6242 6243/6243
f 6212/6212 6243/6243 6214/6214
f 5951/5951 6162/6162 5354/5354
f 5951/5951 5354/5354 5080/5080
f 6112/6112 5919/5919 5920/5920
f 6112/6112 5920/5920 6115/6115
f 5438/5438 5216/5216 5215/5215
f 5438/5438 5215/5215 5439/5439
f 5436/5436 5439/5439 5255/5255
f 5436/5436 5255/5255 5256/5256
f 5434/5434 5437/5437 5438/5438
f 5434/5434 5438/5438 5435/5435
f 5422/5422 5425/5425 5426/5426
f 5422/5422 5426/5426 5423/5423
f 5262/5262 5493/5493 5494/5494
f 5262/5262 5494/5494 5263/5263
f 6189/6189 6231/6231 6232/6232
f 6189/6189 6232/6232 6191/6191
f 6133/6133 5930/5930 5829/5829
f 6133/6133 5829/5829 5917/5917
f 6170/6170 6172/6172 6176/6176
f 6170/6170 6176/6176 6174/6174
f 5935/5935 5830/5830 5946/5946
f 5935/5935 5946/5946 6179/6179
f 3841/3841 2537/2537 3976/3976
f 3841/3841 3976/3976 4995/4995
f 5558/5558 5561/5561 5562/5562
f 5558/5558 5562/5562 5559/5559
f 5946/5946 6222/6222 6225/6225
f 5946/5946 6225/6225 5947/5947
f 6246/6246 4696/4696 3317/3317
f 6246/6246 3317/3317 6231/6231
f 6142/6142 6205/6205 6207/6207
f 6142/6142 6207/6207 6143/6143
f 5930/5930 6122/6122 5914/5914
f 5930/5930 5914/5914 5829/5829
f 6095/6095 6097/6097 5883/5883
f 6095/6095 5883/5883 5881/5881
f 5092/5092 5370/5370 5098/5098
f 5092/5092 5098/5098 5064/5064
f 5935/5935 6131/6131 5915/5915
f 5935/5935 5915/5915 5830/5830
f 5826/5826 5933/5933 6177/6177
f 5826/5826 6177/6177 5938/5938
f 5836/5836 5837/5837 6135/6135
f 5836/5836 6135/6135 6134/6134
f 6204/6204 6238/6238 6239/6239
f 6204/6204 6239/6239 6206/6206
f 5129/5129 5657/5657 5659/5659
f 5129/5129 5659/5659 5131/5131
f 5950/5950 6159/6159 6162/6162
f 5950/5950 6162/6162 5951/5951
f 6244/6244 3316/3316 6245/6245
f 5063/5063 5082/5082 5554/5554
f 5063/5063 5554/5554 5097/5097
f 5691/5691 3512/3512 2155/2155
f 5691/5691 2155/2155 3478/3478
f 5033/5033 4273/4273 2726/2726
f 5033/5033 2726/2726 3573/3573
f 3975/3975 5724/5724 3114/3114
f 3975/3975 3114/3114 2488/2488
f 5725/5725 3975/3975 2488/2488
f 5725/5725 2488/2488 3122/3122
f 2544/2544 3841/3841 4995/4995
f 2544/2544 4995/4995 3942/3942
f 3937/3937 2524/2524 3974/3974
f 3937/3937 3974/3974 5724/5724
f 6185/6185 5947/5947 5948/5948
f 6185/6185 5948/5948 6188/6188
f 4820/4820 3356/3356 2197/2197
f 4820/4820 2197/2197 2979/2979
f 6104/6104 6105/6105 5875/5875
f 6104/6104 5875/5875 5874/5874
f 4115/4115 2367/2367 3527/3527
f 4115/4115 3527/3527 5026/5026
f 4987/4987 3970/3970 2576/2576
f 4987/4987 2576/2576 3896/3896
f 4887/4887 2560/2560 4023/4023
f 4887/4887 4023/4023 5798/5798
f 5932/5932 6116/6116 6119/6119
f 5932/5932 6119/6119 5931/5931
f 2860/2860 4820/4820 2979/2979
f 2860/2860 2979/2979 1922/1922
f 6026/6026 6060/6060 6063/6063
f 6026/6026 6063/6063 6062/6062
f 1922/1922 2979/2979 4821/4821
f 1922/1922 4821/4821 2859/2859
f 2766/2766 4219/4219 5033/5033
f 2766/2766 5033/5033 4274/4274
f 4973/4973 5809/5809 4732/4732
f 4973/4973 4732/4732 2881/2881
f 2981/2981 2210/2210 3356/3356
f 2981/2981 3356/3356 4820/4820
f 1925/1925 2981/2981 4820/4820
f 1925/1925 4820/4820 2860/2860
f 2859/2859 4821/4821 2978/2978
f 2859/2859 2978/2978 1921/1921
f 5084/5084 5061/5061 5114/5114
f 5084/5084 5114/5114 5560/5560
f 2673/2673 4115/4115 5026/5026
f 2673/2673 5026/5026 4139/4139
f 2763/2763 4210/4210 5032/5032
f 2763/2763 5032/5032 4273/4273
f 1921/1921 2978/2978 4823/4823
f 1921/1921 4823/4823 2858/2858
f 6248/6248 6249/6249 6272/6272
f 6248/6248 6272/6272 6271/6271
f 5562/5562 5116/5116 5065/5065
f 5562/5562 5065/5065 5104/5104
f 3478/3478 2155/2155 3607/3607
f 3478/3478 3607/3607 5695/5695
f 2914/2914 4791/4791 5752/5752
f 2914/2914 5752/5752 4851/4851
f 4219/4219 2763/2763 4273/4273
f 4219/4219 4273/4273 5033/5033
f 4274/4274 5033/5033 3573/3573
f 4274/4274 3573/3573 2727/2727
f 5034/5034 4274/4274 2727/2727
f 5034/5034 2727/2727 3574/3574
f 3562/3562 2191/2191 3676/3676
f 3562/3562 3676/3676 5705/5705
f 6123/6123 6124/6124 5912/5912
f 6123/6123 5912/5912 5913/5913
f 4910/4910 3134/3134 2181/2181
f 4910/4910 2181/2181 3637/3637
f 4271/4271 5030/5030 3570/3570
f 4271/4271 3570/3570 2724/2724
f 4221/4221 2766/2766 4274/4274
f 4221/4221 4274/4274 5034/5034
f 6098/6098 6099/6099 6102/6102
f 6098/6098 6102/6102 6101/6101
f 5348/5348 5078/5078 5364/5364
f 5348/5348 5364/5364 5684/5684
f 5565/5565 5568/5568 5090/5090
f 5565/5565 5090/5090 5091/5091
f 6072/6072 6073/6073 6076/6076
f 6072/6072 6076/6076 6075/6075
f 4149/4149 2718/2718 1877/1877
f 4149/4149 1877/1877 3287/3287
f 4821/4821 3360/3360 2196/2196
f 4821/4821 2196/2196 2978/2978
f 5041/5041 3722/3722 2029/2029
f 5041/5041 2029/2029 3275/3275
f 2982/2982 4900/4900 5735/5735
f 2982/2982 5735/5735 4884/4884
f 2979/2979 2197/2197 3360/3360
f 2979/2979 3360/3360 4821/4821
f 5099/5099 5564/5564 5565/5565
f 5099/5099 5565/5565 5098/5098
f 2562/2562 4135/4135 5744/5744
f 2562/2562 5744/5744 4029/4029
f 5445/5445 5448/5448 5258/5258
f 5445/5445 5258/5258 5259/5259
f 6156/6156 6211/6211 6213/6213
f 6156/6156 6213/6213 6155/6155
f 3812/3812 4812/4812 3760/3760
f 3812/3812 3760/3760 2484/2484
f 3964/3964 2575/2575 3984/3984
f 3964/3964 3984/3984 4728/4728
f 5446/5446 5218/5218 5244/5244
f 5446/5446 5244/5244 5447/5447
f 5861/5861 5863/5863 6088/6088
f 5861/5861 6088/6088 6086/6086
f 5571/5571 5119/5119 5062/5062
f 5571/5571 5062/5062 5089/5089
f 3365/3365 2082/2082 3550/3550
f 3365/3365 3550/3550 5694/5694
f 4906/4906 5272/5272 5453/5453
f 4906/4906 5453/5453 5159/5159
f 5477/5477 4413/4413 4412/4412
f 5477/5477 4412/4412 5478/5478
f 5478/5478 4412/4412 4411/4411
f 5478/5478 4411/4411 5479/5479
f 3678/3678 5705/5705 3647/3647
f 3678/3678 3647/3647 2277/2277
f 2623/2623 4237/4237 5796/5796
f 2623/2623 5796/5796 4079/4079
f 5071/5071 5239/5239 5629/5629
f 5071/5071 5629/5629 5123/5123
f 4711/4711 3015/3015 2022/2022
f 4711/4711 2022/2022 3045/3045
f 6022/6022 5856/5856 5855/5855
f 6022/6022 5855/5855 6025/6025
f 3095/3095 4719/4719 3176/3176
f 3095/3095 3176/3176 2069/2069
f 5442/5442 5445/5445 5259/5259
f 5442/5442 5259/5259 5260/5260
f 5277/5277 5278/5278 5474/5474
f 5277/5277 5474/5474 5468/5468
f 4905/4905 5273/5273 5449/5449
f 4905/4905 5449/5449 5155/5155
f 5632/5632 5635/5635 5636/5636
f 5632/5632 5636/5636 5633/5633
f 2100/2100 6286/6286 6288/6288
f 2100/2100 6288/6288 3512/3512
f 5633/5633 5636/5636 5637/5637
f 5633/5633 5637/5637 5634/5634
f 2557/2557 3842/3842 4967/4967
f 2557/2557 4967/4967 3943/3943
f 6019/6019 5857/5857 5856/5856
f 6019/6019 5856/5856 6022/6022
f 4130/4130 2695/2695 4171/4171
f 4130/4130 4171/4171 4893/4893
f 5909/5909 6098/6098 6101/6101
f 5909/5909 6101/6101 5910/5910
f 5621/5621 5624/5624 5625/5625
f 5621/5621 5625/5625 5622/5622
f 2462/2462 3709/3709 4956/4956
f 2462/2462 4956/4956 3824/3824
f 2673/2673 4118/4118 4894/4894
f 2673/2673 4894/4894 4141/4141
f 6004/6004 5902/5902 5827/5827
f 6004/6004 5827/5827 5879/5879
f 5620/5620 5623/5623 5624/5624
f 5620/5620 5624/5624 5621/5621
f 5626/5626 5220/5220 5219/5219
f 5626/5626 5219/5219 5627/5627
f 3771/3771 2493/2493 3877/3877
f 3771/3771 3877/3877 4968/4968
f 2495/2495 3773/3773 4969/4969
f 2495/2495 4969/4969 3883/3883
f 5557/5557 5560/5560 5561/5561
f 5557/5557 5561/5561 5558/5558
f 5996/5996 5997/5997 6000/6000
f 5996/5996 6000/6000 5999/5999
f 4141/4141 4894/4894 3568/3568
f 4141/4141 3568/3568 2721/2721
f 6268/6268 6269/6269 6293/6293
f 6268/6268 6293/6293 6291/6291
f 5563/5563 5566/5566 5567/5567
f 5563/5563 5567/5567 5564/5564
f 5083/5083 5084/5084 5560/5560
f 5083/5083 5560/5560 5557/5557
f 4168/4168 4893/4893 3573/3573
f 4168/4168 3573/3573 2726/2726
f 3177/3177 2107/2107 3165/3165
f 3177/3177 3165/3165 4719/4719
f 5934/5934 6128/6128 6131/6131
f 5934/5934 6131/6131 5935/5935
f 6000/6000 6001/6001 6004/6004
f 6000/6000 6004/6004 6003/6003
f 4893/4893 4171/4171 2727/2727
f 4893/4893 2727/2727 3573/3573
f 4894/4894 4153/4153 2722/2722
f 4894/4894 2722/2722 3568/3568
f 5843/5843 5844/5844 5953/5953
f 5843/5843 5953/5953 5952/5952
f 4171/4171 4899/4899 3574/3574
f 4171/4171 3574/3574 2727/2727
f 4134/4134 2623/2623 4079/4079
f 4134/4134 4079/4079 5743/5743
f 5954/5954 5942/5942 5832/5832
f 5954/5954 5832/5832 6256/6256
f 2674/2674 4124/4124 4895/4895
f 2674/2674 4895/4895 4153/4153
f 5708/5708 3692/3692 2287/2287
f 5708/5708 2287/2287 3663/3663
f 3816/3816 2441/2441 3889/3889
f 3816/3816 3889/3889 4994/4994
f 4886/4886 5739/5739 4175/4175
f 4886/4886 4175/4175 2697/2697
f 2695/2695 4132/4132 4899/4899
f 2695/2695 4899/4899 4171/4171
f 2694/2694 4130/4130 4893/4893
f 2694/2694 4893/4893 4168/4168
f 4899/4899 4174/4174 2728/2728
f 4899/4899 2728/2728 3574/3574
f 5556/5556 5559/5559 5105/5105
f 5556/5556 5105/5105 5106/5106
f 5819/5819 5843/5843 5952/5952
f 5819/5819 5952/5952 5943/5943
f 3692/3692 5707/5707 3651/3651
f 3692/3692 3651/3651 2287/2287
f 5707/5707 3690/3690 2282/2282
f 5707/5707 2282/2282 3651/3651
f 2675/2675 4126/4126 4901/4901
f 2675/2675 4901/4901 4156/4156
f 4895/4895 4156/4156 2723/2723
f 4895/4895 2723/2723 3569/3569
f 5737/5737 4007/4007 3023/3023
f 5737/5737 3023/3023 4889/4889
f 4132/4132 2696/2696 4174/4174
f 4132/4132 4174/4174 4899/4899
f 5818/5818 5845/5845 5955/5955
f 5818/5818 5955/5955 5848/5848
f 3808/3808 2404/2404 3860/3860
f 3808/3808 3860/3860 4992/4992
f 5676/5676 5360/5360 5359/5359
f 5676/5676 5359/5359 5677/5677
f 4881/4881 5740/5740 4897/4897
f 4881/4881 4897/4897 2980/2980
f 2700/2700 4607/4607 5763/5763
f 2700/2700 5763/5763 4190/4190
f 5680/5680 5683/5683 5350/5350
f 5680/5680 5350/5350 5349/5349
f 4153/4153 4895/4895 3569/3569
f 4153/4153 3569/3569 2722/2722
f 3948/3948 5719/5719 3101/3101
f 3948/3948 3101/3101 2442/2442
f 4118/4118 2674/2674 4153/4153
f 4118/4118 4153/4153 4894/4894
f 4124/4124 2675/2675 4156/4156
f 4124/4124 4156/4156 4895/4895
f 5070/5070 5238/5238 5620/5620
f 5070/5070 5620/5620 5122/5122
f 5228/5228 5679/5679 5680/5680
f 5228/5228 5680/5680 5227/5227
f 5740/5740 4012/4012 3034/3034
f 5740/5740 3034/3034 4897/4897
f 4901/4901 4159/4159 2724/2724
f 4901/4901 2724/2724 3570/3570
f 5790/5790 4825/4825 2954/2954
f 5790/5790 2954/2954 4244/4244
f 4156/4156 4901/4901 3570/3570
f 4156/4156 3570/3570 2723/2723
f 5748/5748 4099/4099 2632/2632
f 5748/5748 2632/2632 4138/4138
f 5622/5622 5625/5625 5234/5234
f 5622/5622 5234/5234 5235/5235
f 5134/5134 5135/5135 5598/5598
f 5134/5134 5598/5598 5594/5594
f 5136/5136 5069/5069 5126/5126
f 5136/5136 5126/5126 5383/5383
f 5617/5617 5229/5229 5228/5228
f 5617/5617 5228/5228 5618/5618
f 5595/5595 5599/5599 5601/5601
f 5595/5595 5601/5601 5597/5597
f 3566/3566 2195/2195 3692/3692
f 3566/3566 3692/3692 5708/5708
f 5111/5111 5591/5591 5593/5593
f 5111/5111 5593/5593 5113/5113
f 4889/4889 3023/3023 4010/4010
f 4889/4889 4010/4010 5738/5738
f 4126/4126 2686/2686 4159/4159
f 4126/4126 4159/4159 4901/4901
f 3512/3512 5690/5690 3468/3468
f 3512/3512 3468/3468 2155/2155
f 5599/5599 5130/5130 5132/5132
f 5599/5599 5132/5132 5601/5601
f 5066/5066 5133/5133 5590/5590
f 5066/5066 5590/5590 5110/5110
f 4879/4879 5737/5737 4889/4889
f 4879/4879 4889/4889 2960/2960
f 5413/5413 5416/5416 5417/5417
f 5413/5413 5417/5417 5414/5414
f 4903/4903 3037/3037 4015/4015
f 4903/4903 4015/4015 5736/5736
f 2986/2986 4903/4903 5736/5736
f 2986/2986 5736/5736 4885/4885
f 5623/5623 5626/5626 5627/5627
f 5623/5623 5627/5627 5624/5624
f 5415/5415 5418/5418 5210/5210
f 5415/5415 5210/5210 5211/5211
f 4918/4918 5212/5212 5413/5413
f 4918/4918 5413/5413 5174/5174
f 5414/5414 5417/5417 5418/5418
f 5414/5414 5418/5418 5415/5415
f 5421/5421 5195/5195 4923/4923
f 5421/5421 4923/4923 5209/5209
f 2988/2988 4908/4908 5739/5739
f 2988/2988 5739/5739 4886/4886
f 5420/5420 5194/5194 5195/5195
f 5420/5420 5195/5195 5421/5421
f 4242/4242 2953/2953 4830/4830
f 4242/4242 4830/4830 5792/5792
f 2980/2980 4897/4897 5741/5741
f 2980/2980 5741/5741 4882/4882
f 5433/5433 5436/5436 5256/5256
f 5433/5433 5256/5256 5257/5257
f 5200/5200 5481/5481 5483/5483
f 5200/5200 5483/5483 5202/5202
f 5419/5419 5193/5193 5194/5194
f 5419/5419 5194/5194 5420/5420
f 5260/5260 5259/5259 5434/5434
f 5260/5260 5434/5434 5431/5431
f 5216/5216 5423/5423 5424/5424
f 5216/5216 5424/5424 5215/5215
f 5174/5174 5413/5413 5414/5414
f 5174/5174 5414/5414 5175/5175
f 5598/5598 5129/5129 5131/5131
f 5598/5598 5131/5131 5600/5600
f 5418/5418 5421/5421 5209/5209
f 5418/5418 5209/5209 5210/5210
f 5269/5269 5268/5268 5484/5484
f 5269/5269 5484/5484 5480/5480
f 5160/5160 5454/5454 5455/5455
f 5160/5160 5455/5455 5161/5161
f 5245/5245 5244/5244 5425/5425
f 5245/5245 5425/5425 5422/5422
f 5488/5488 4417/4417 4416/4416
f 5488/5488 4416/4416 5490/5490
f 5409/5409 5199/5199 5201/5201
f 5409/5409 5201/5201 5411/5411
f 5491/5491 4414/4414 4305/4305
f 5491/5491 4305/4305 5264/5264
f 5175/5175 5414/5414 5415/5415
f 5175/5175 5415/5415 5176/5176
f 5417/5417 5420/5420 5421/5421
f 5417/5417 5421/5421 5418/5418
f 4924/4924 5266/5266 5492/5492
f 4924/4924 5492/5492 5261/5261
f 5263/5263 5494/5494 5274/5274
f 5263/5263 5274/5274 5149/5149
f 5267/5267 4307/4307 4417/4417
f 5267/5267 4417/4417 5488/5488
f 5268/5268 5267/5267 5488/5488
f 5268/5268 5488/5488 5484/5484
f 5492/5492 5495/5495 5499/5499
f 5492/5492 5499/5499 5493/5493
f 5261/5261 5492/5492 5493/5493
f 5261/5261 5493/5493 5262/5262
f 5502/5502 4419/4419 4418/4418
f 5502/5502 4418/4418 5503/5503
f 5483/5483 5487/5487 5265/5265
f 5483/5483 5265/5265 5266/5266
f 5503/5503 4418/4418 4304/4304
f 5503/5503 4304/4304 5276/5276
f 5146/5146 5269/5269 5480/5480
f 5146/5146 5480/5480 5199/5199
f 5199/5199 5480/5480 5482/5482
f 5199/5199 5482/5482 5201/5201
f 5499/5499 5502/5502 5503/5503
f 5499/5499 5503/5503 5500/5500
f 5190/5190 5433/5433 5257/5257
f 5190/5190 5257/5257 4922/4922
f 5149/5149 5274/5274 5537/5537
f 5149/5149 5537/5537 5251/5251
f 5489/5489 4415/4415 4414/4414
f 5489/5489 4414/4414 5491/5491
f 5215/5215 5424/5424 5246/5246
f 5215/5215 5246/5246 5147/5147
f 5539/5539 5542/5542 5278/5278
f 5539/5539 5278/5278 5277/5277
f 5250/5250 5538/5538 5539/5539
f 5250/5250 5539/5539 5249/5249
f 5838/5838 5839/5839 6137/6137
f 5838/5838 6137/6137 6136/6136
f 5973/5973 5978/5978 5979/5979
f 5973/5973 5979/5979 5968/5968
f 5501/5501 4420/4420 4419/4419
f 5501/5501 4419/4419 5502/5502
f 5266/5266 5265/5265 5495/5495
f 5266/5266 5495/5495 5492/5492
f 3098/3098 4749/4749 3177/3177
f 3098/3098 3177/3177 2078/2078
f 5494/5494 5500/5500 5275/5275
f 5494/5494 5275/5275 5274/5274
f 5537/5537 5540/5540 5541/5541
f 5537/5537 5541/5541 5538/5538
f 5251/5251 5537/5537 5538/5538
f 5251/5251 5538/5538 5250/5250
f 5948/5948 6228/6228 5364/5364
f 5948/5948 5364/5364 5078/5078
f 5495/5495 5501/5501 5502/5502
f 5495/5495 5502/5502 5499/5499
f 5493/5493 5499/5499 5500/5500
f 5493/5493 5500/5500 5494/5494
f 5545/5545 4421/4421 4306/4306
f 5545/5545 4306/4306 5279/5279
f 5966/5966 5983/5983 5984/5984
f 5966/5966 5984/5984 5965/5965
f 5487/5487 5491/5491 5264/5264
f 5487/5487 5264/5264 5265/5265
f 3043/3043 4955/4955 5799/5799
f 3043/3043 5799/5799 4930/4930
f 6147/6147 6199/6199 6201/6201
f 6147/6147 6201/6201 6146/6146
f 5542/5542 5545/5545 5279/5279
f 5542/5542 5279/5279 5278/5278
f 5249/5249 5539/5539 5277/5277
f 5249/5249 5277/5277 5150/5150
f 5543/5543 4423/4423 4422/4422
f 5543/5543 4422/4422 5544/5544
f 5276/5276 4304/4304 4423/4423
f 5276/5276 4423/4423 5543/5543
f 3939/3939 2528/2528 3975/3975
f 3939/3939 3975/3975 5725/5725
f 5541/5541 5544/5544 5545/5545
f 5541/5541 5545/5545 5542/5542
f 5862/5862 5864/5864 6089/6089
f 5862/5862 6089/6089 6087/6087
f 5540/5540 5543/5543 5544/5544
f 5540/5540 5544/5544 5541/5541
f 5538/5538 5541/5541 5542/5542
f 5538/5538 5542/5542 5539/5539
f 5265/5265 5264/5264 5501/5501
f 5265/5265 5501/5501 5495/5495
f 5500/5500 5503/5503 5276/5276
f 5500/5500 5276/5276 5275/5275
f 3483/3483 4838/4838 3513/3513
f 3483/3483 3513/3513 2322/2322
f 5264/5264 4305/4305 4420/4420
f 5264/5264 4420/4420 5501/5501
f 3314/3314 1969/1969 2940/2940
f 3314/3314 2940/2940 4694/4694
f 6200/6200 6236/6236 6237/6237
f 6200/6200 6237/6237 6202/6202
f 6083/6083 6084/6084 5872/5872
f 6083/6083 5872/5872 5873/5873
f 3500/3500 5694/5694 3459/3459
f 3500/3500 3459/3459 2135/2135
f 3836/3836 2260/2260 3372/3372
f 3836/3836 3372/3372 4983/4983
f 5094/5094 5368/5368 5369/5369
f 5094/5094 5369/5369 5093/5093
f 5275/5275 5276/5276 5543/5543
f 5275/5275 5543/5543 5540/5540
f 3894/3894 2569/2569 4018/4018
f 3894/3894 4018/4018 5001/5001
f 2269/2269 3816/3816 4994/4994
f 2269/2269 4994/4994 3446/3446
f 4984/4984 3951/3951 2569/2569
f 4984/4984 2569/2569 3894/3894
f 2532/2532 3837/3837 4984/4984
f 2532/2532 4984/4984 3970/3970
f 4983/4983 3372/3372 2290/2290
f 4983/4983 2290/2290 3892/3892
f 6127/6127 5932/5932 5931/5931
f 6127/6127 5931/5931 6130/6130
f 5544/5544 4422/4422 4421/4421
f 5544/5544 4421/4421 5545/5545
f 5069/5069 5235/5235 5572/5572
f 5069/5069 5572/5572 5126/5126
f 6183/6183 6219/6219 6221/6221
f 6183/6183 6221/6221 6182/6182
f 2367/2367 4115/4115 5046/5046
f 2367/2367 5046/5046 3528/3528
f 4698/4698 2850/2850 4685/4685
f 4698/4698 4685/4685 5781/5781
f 4932/4932 5800/5800 4955/4955
f 4932/4932 4955/4955 3043/3043
f 3942/3942 4995/4995 3908/3908
f 3942/3942 3908/3908 2583/2583
f 2534/2534 3839/3839 4990/4990
f 2534/2534 4990/4990 3973/3973
f 6042/6042 2996/2996 4602/4602
f 5287/5287 5290/5290 5291/5291
f 5287/5287 5291/5291 5288/5288
f 3047/3047 4933/4933 4257/4257
f 3047/3047 4257/4257 4936/4936
f 3970/3970 4984/4984 3894/3894
f 3970/3970 3894/3894 2576/2576
f 4990/4990 3972/3972 2577/2577
f 4990/4990 2577/2577 3905/3905
f 5695/5695 3607/3607 2212/2212
f 5695/5695 2212/2212 3575/3575
f 2789/2789 4717/4717 5777/5777
f 2789/2789 5777/5777 4620/4620
f 5743/5743 4079/4079 2622/2622
f 5743/5743 2622/2622 4133/4133
f 4601/4601 2732/2732 4253/4253
f 4601/4601 4253/4253 5761/5761
f 5093/5093 5369/5369 5370/5370
f 5093/5093 5370/5370 5092/5092
f 3838/3838 2532/2532 3970/3970
f 3838/3838 3970/3970 4987/4987
f 3139/3139 4773/4773 2813/2813
f 3139/3139 2813/2813 1978/1978
f 4882/4882 5741/5741 4900/4900
f 4882/4882 4900/4900 2982/2982
f 3883/3883 4969/4969 3841/3841
f 3883/3883 3841/3841 2544/2544
f 5813/5813 4976/4976 2897/2897
f 5813/5813 2897/2897 4737/4737
f 5001/5001 4018/4018 2598/2598
f 5001/5001 2598/2598 3986/3986
f 5915/5915 6113/6113 5923/5923
f 5915/5915 5923/5923 5830/5830
f 5274/5274 5275/5275 5540/5540
f 5274/5274 5540/5540 5537/5537
f 5448/5448 5245/5245 5148/5148
f 5448/5448 5148/5148 5258/5258
f 3413/3413 2303/2303 2804/2804
f 3413/3413 2804/2804 4637/4637
f 5724/5724 3974/3974 2471/2471
f 5724/5724 2471/2471 3114/3114
f 5773/5773 4620/4620 2772/2772
f 5773/5773 2772/2772 4658/4658
f 5258/5258 5148/5148 5217/5217
f 5258/5258 5217/5217 5437/5437
f 5452/5452 5970/5970 5967/5967
f 5452/5452 5967/5967 5272/5272
f 5485/5485 5489/5489 5491/5491
f 5485/5485 5491/5491 5487/5487
f 5871/5871 5824/5824 5929/5929
f 5871/5871 5929/5929 6118/6118
f 5279/5279 4306/4306 4413/4413
f 5279/5279 4413/4413 5477/5477
f 5880/5880 5882/5882 6167/6167
f 5880/5880 6167/6167 6165/6165
f 5261/5261 5262/5262 5443/5443
f 5261/5261 5443/5443 5440/5440
f 5007/5007 4030/4030 2613/2613
f 5007/5007 2613/2613 4001/4001
f 2815/2815 5273/5273 5467/5467
f 2815/2815 5467/5467 5975/5975
f 5857/5857 5822/5822 5908/5908
f 5857/5857 5908/5908 6100/6100
f 4993/4993 3973/3973 2578/2578
f 4993/4993 2578/2578 3907/3907
f 5800/5800 4007/4007 3022/3022
f 5800/5800 3022/3022 4955/4955
f 4718/4718 2841/2841 4667/4667
f 4718/4718 4667/4667 5778/5778
f 5479/5479 4411/4411 4307/4307
f 5479/5479 4307/4307 5267/5267
f 2084/2084 3396/3396 5045/5045
f 2084/2084 5045/5045 3501/3501
f 5454/5454 5965/5965 5962/5962
f 5454/5454 5962/5962 5455/5455
f 6108/6108 6109/6109 6112/6112
f 6108/6108 6112/6112 6111/6111
f 5278/5278 5279/5279 5477/5477
f 5278/5278 5477/5477 5474/5474
f 5155/5155 5449/5449 5450/5450
f 5155/5155 5450/5450 5156/5156
f 5567/5567 5570/5570 5571/5571
f 5567/5567 5571/5571 5568/5568
f 6046/6046 4285/4285 2812/2812
f 6046/6046 2812/2812 6048/6048
f 6238/6238 3118/3118 4721/4721
f 5481/5481 5485/5485 5487/5487
f 5481/5481 5487/5487 5483/5483
f 6103/6103 5907/5907 5906/5906
f 6103/6103 5906/5906 6106/6106
f 2576/2576 3894/3894 5001/5001
f 2576/2576 5001/5001 4020/4020
f 5082/5082 5083/5083 5557/5557
f 5082/5082 5557/5557 5554/5554
f 5451/5451 5969/5969 5970/5970
f 5451/5451 5970/5970 5452/5452
f 4038/4038 5008/5008 4002/4002
f 4038/4038 4002/4002 2620/2620
f 5263/5263 5149/5149 5218/5218
f 5263/5263 5218/5218 5446/5446
f 6196/6196 6234/6234 6235/6235
f 6196/6196 6235/6235 6198/6198
f 5161/5161 5455/5455 5271/5271
f 5161/5161 5271/5271 4917/4917
f 4607/4607 2734/2734 4256/4256
f 4607/4607 4256/4256 5763/5763
f 5158/5158 5452/5452 5272/5272
f 5158/5158 5272/5272 4906/4906
f 5202/5202 5483/5483 5266/5266
f 5202/5202 5266/5266 4924/4924
f 5297/5297 5300/5300 5205/5205
f 5297/5297 5205/5205 5204/5204
f 4999/4999 3418/3418 2312/2312
f 4999/4999 2312/2312 3981/3981
f 2758/2758 4209/4209 4257/4257
f 2758/2758 4257/4257 4206/4206
f 4955/4955 3022/3022 4005/4005
f 4955/4955 4005/4005 5799/5799
f 3779/3779 2348/2348 3722/3722
f 3779/3779 3722/3722 5041/5041
f 6180/6180 6184/6184 6187/6187
f 6180/6180 6187/6187 6186/6186
f 5047/5047 3981/3981 2312/2312
f 5047/5047 2312/2312 3654/3654
f 5647/5647 5646/5646 6183/6183
f 5647/5647 6183/6183 6182/6182
f 4250/4250 6052/6052 6050/6050
f 4250/4250 6050/6050 2812/2812
f 5447/5447 5244/5244 5245/5245
f 5447/5447 5245/5245 5448/5448
f 5554/5554 5557/5557 5558/5558
f 5554/5554 5558/5558 5555/5555
f 2564/2564 4137/4137 5746/5746
f 2564/2564 5746/5746 4037/4037
f 6099/6099 6100/6100 6103/6103
f 6099/6099 6103/6103 6102/6102
f 2389/2389 3669/3669 5749/5749
f 2389/2389 5749/5749 4042/4042
f 5566/5566 5569/5569 5570/5570
f 5566/5566 5570/5570 5567/5567
f 5962/5962 5985/5985 5986/5986
f 5962/5962 5986/5986 5963/5963
f 5750/5750 4246/4246 2407/2407
f 5750/5750 2407/2407 3667/3667
f 5742/5742 4075/4075 2341/2341
f 5742/5742 2341/2341 3515/3515
f 6056/6056 3169/3169 4251/4251
f 6056/6056 4251/4251 6058/6058
f 5947/5947 6225/6225 6228/6228
f 5947/5947 6228/6228 5948/5948
f 5108/5108 5109/5109 5569/5569
f 5108/5108 5569/5569 5566/5566
f 5830/5830 5923/5923 6222/6222
f 5830/5830 6222/6222 5946/5946
f 2635/2635 4598/4598 5750/5750
f 2635/2635 5750/5750 4180/4180
f 3235/3235 5014/5014 3182/3182
f 3235/3235 3182/3182 1941/1941
f 3046/3046 4957/4957 5800/5800
f 3046/3046 5800/5800 4932/4932
f 6093/6093 5910/5910 5911/5911
f 6093/6093 5911/5911 6097/6097
f 2170/2170 3289/3289 4149/4149
f 2170/2170 4149/4149 3244/3244
f 5776/5776 4662/4662 2481/2481
f 5776/5776 2481/2481 3796/3796
f 2997/2997 4603/4603 6038/6038
f 2997/2997 6038/6038 6036/6036
f 6176/6176 5936/5936 5079/5079
f 6176/6176 5079/5079 5355/5355
f 4253/4253 5774/5774 4661/4661
f 4253/4253 4661/4661 2731/2731
f 5803/5803 4013/4013 3034/3034
f 5803/5803 3034/3034 4960/4960
f 5972/5972 5281/5281 5280/5280
f 5972/5972 5280/5280 5964/5964
f 5997/5997 5998/5998 6001/6001
f 5997/5997 6001/6001 6000/6000
f 3892/3892 2290/2290 3418/3418
f 3892/3892 3418/3418 4999/4999
f 5917/5917 6107/6107 6110/6110
f 5917/5917 6110/6110 5916/5916
f 6164/6164 5939/5939 5081/5081
f 6164/6164 5081/5081 5352/5352
f 4965/4965 3037/3037 4014/4014
f 4965/4965 4014/4014 5804/5804
f 5106/5106 5604/5604 5141/5141
f 5106/5106 5141/5141 5067/5067
f 6298/6298 6300/6300 3276/3276
f 6298/6298 3276/3276 5059/5059
f 1949/1949 6029/6029 6027/6027
f 1949/1949 6027/6027 3170/3170
f 4791/4791 2672/2672 4184/4184
f 4791/4791 4184/4184 5752/5752
f 5774/5774 4623/4623 2789/2789
f 5774/5774 2789/2789 4661/4661
f 6038/6038 4603/4603 6040/6040
f 6074/6074 6075/6075 5919/5919
f 6074/6074 5919/5919 5918/5918
f 6236/6236 4724/4724 6237/6237
f 4661/4661 2789/2789 4620/4620
f 4661/4661 4620/4620 5773/5773
f 4851/4851 5752/5752 4785/4785
f 4851/4851 4785/4785 2907/2907
f 3130/3130 1900/1900 3249/3249
f 3130/3130 3249/3249 5020/5020
f 6237/6237 4724/4724 3118/3118
f 6237/6237 3118/3118 6238/6238
f 4595/4595 2620/2620 4002/4002
f 4595/4595 4002/4002 5054/5054
f 5852/5852 5823/5823 5905/5905
f 5852/5852 5905/5905 6079/6079
f 4931/4931 2625/2625 4257/4257
f 5426/5426 5429/5429 5430/5430
f 5426/5426 5430/5430 5427/5427
f 5437/5437 5217/5217 5216/5216
f 5437/5437 5216/5216 5438/5438
f 4046/4046 4257/4257 2625/2625
f 5572/5572 5575/5575 5576/5576
f 5572/5572 5576/5576 5573/5573
f 5157/5157 5451/5451 5452/5452
f 5157/5157 5452/5452 5158/5158
f 3283/3283 1875/1875 2707/2707
f 3283/3283 2707/2707 4144/4144
f 5974/5974 5991/5991 5992/5992
f 5974/5974 5992/5992 5976/5976
f 5107/5107 5108/5108 5566/5566
f 5107/5107 5566/5566 5563/5563
f 5176/5176 5415/5415 5211/5211
f 5176/5176 5211/5211 4920/4920
f 5671/5671 5674/5674 5347/5347
f 5671/5671 5347/5347 5346/5346
f 6143/6143 6207/6207 6209/6209
f 6143/6143 6209/6209 6144/6144
f 5429/5429 5250/5250 5249/5249
f 5429/5429 5249/5249 5430/5430
f 6101/6101 6102/6102 6105/6105
f 6101/6101 6105/6105 6104/6104
f 5453/5453 5966/5966 5965/5965
f 5453/5453 5965/5965 5454/5454
f 2566/2566 4138/4138 5747/5747
f 2566/2566 5747/5747 4040/4040
f 5192/5192 5431/5431 5432/5432
f 5192/5192 5432/5432 5191/5191
f 5826/5826 5874/5874 6125/6125
f 5826/5826 6125/6125 5933/5933
f 5435/5435 5438/5438 5439/5439
f 5435/5435 5439/5439 5436/5436
f 5471/5471 5459/5459 4424/4424
f 5471/5471 4424/4424 4425/4425
f 2555/2555 5472/5472 5507/5507
f 2555/2555 5507/5507 5505/5505
f 5472/5472 5463/5463 5509/5509
f 5472/5472 5509/5509 5507/5507
f 5464/5464 5465/5465 5512/5512
f 5464/5464 5512/5512 5510/5510
f 5465/5465 5462/5462 5514/5514
f 5465/5465 5514/5514 5512/5512
f 5462/5462 5461/5461 5516/5516
f 5462/5462 5516/5516 5514/5514
f 5461/5461 5460/5460 5518/5518
f 5461/5461 5518/5518 5516/5516
f 5460/5460 5457/5457 5520/5520
f 5460/5460 5520/5520 5518/5518
f 5457/5457 5458/5458 5522/5522
f 5457/5457 5522/5522 5520/5520
f 5458/5458 5459/5459 5524/5524
f 5458/5458 5524/5524 5522/5522
f 5459/5459 5471/5471 5526/5526
f 5459/5459 5526/5526 5524/5524
f 5471/5471 5470/5470 5528/5528
f 5471/5471 5528/5528 5526/5526
f 5470/5470 4303/4303 5530/5530
f 5470/5470 5530/5530 5528/5528
f 4303/4303 5496/5496 5532/5532
f 4303/4303 5532/5532 5530/5530
f 5496/5496 5498/5498 5534/5534
f 5496/5496 5534/5534 5532/5532
f 5498/5498 5497/5497 5536/5536
f 5498/5498 5536/5536 5534/5534
f 5497/5497 2555/2555 5505/5505
f 5497/5497 5505/5505 5536/5536
f 4781/4781 3677/3677 2410/2410
f 4781/4781 2410/2410 3616/3616
f 5815/5815 4978/4978 2899/2899
f 5815/5815 2899/2899 4740/4740
f 3793/3793 2391/2391 3849/3849
f 3793/3793 3849/3849 5000/5000
f 2976/2976 2129/2129 3952/3952
f 3169/3169 6054/6054 6052/6052
f 3169/3169 6052/6052 4250/4250
f 5973/5973 5968/5968 5450/5450
f 5973/5973 5450/5450 5449/5449
f 4210/4210 2761/2761 4272/4272
f 4210/4210 4272/4272 5032/5032
f 5928/5928 6071/6071 6074/6074
f 5928/5928 6074/6074 5927/5927
f 3584/3584 2417/2417 4257/4257
f 5064/5064 5343/5343 5365/5365
f 5064/5064 5365/5365 5092/5092
f 3805/3805 4953/4953 3761/3761
f 3805/3805 3761/3761 2491/2491
f 5797/5797 4869/4869 2539/2539
f 5797/5797 2539/2539 3874/3874
f 2382/2382 3577/3577 4911/4911
f 2382/2382 4911/4911 3682/3682
f 5798/5798 4023/4023 2276/2276
f 5798/5798 2276/2276 3978/3978
f 5137/5137 5136/5136 5383/5383
f 5137/5137 5383/5383 5380/5380
f 3502/3502 5688/5688 3466/3466
f 3502/3502 3466/3466 2140/2140
f 3412/3412 1881/1881 2829/2829
f 3412/3412 2829/2829 4611/4611
f 1916/1916 2852/2852 5886/5886
f 1916/1916 5886/5886 5887/5887
f 5901/5901 5886/5886 2852/2852
f 5901/5901 2852/2852 3780/3780
f 2642/2642 1916/1916 5887/5887
f 2642/2642 5887/5887 5888/5888
f 2642/2642 5888/5888 5889/5889
f 2642/2642 5889/5889 1935/1935
f 1935/1935 5889/5889 5890/5890
f 1935/1935 5890/5890 2688/2688
f 2688/2688 5890/5890 5891/5891
f 2688/2688 5891/5891 3813/3813
f 5891/5891 5892/5892 3813/3813
f 5892/5892 5893/5893 2687/2687
f 5892/5892 2687/2687 3813/3813
f 5893/5893 3811/3811 2687/2687
f 5894/5894 2604/2604 3811/3811
f 5894/5894 3811/3811 5893/5893
f 5894/5894 5895/5895 3797/3797
f 5894/5894 3797/3797 2604/2604
f 5895/5895 5896/5896 2554/2554
f 5895/5895 2554/2554 3797/3797
f 2554/2554 5896/5896 5897/5897
f 3778/3778 2554/2554 5897/5897
f 3778/3778 5897/5897 5898/5898
f 2851/2851 3778/3778 5898/5898
f 2851/2851 5898/5898 5899/5899
f 5899/5899 5900/5900 2851/2851
f 5900/5900 5901/5901 3780/3780
f 5900/5900 3780/3780 2851/2851
f 5504/5504 5506/5506 5887/5887
f 5504/5504 5887/5887 5886/5886
f 5506/5506 5508/5508 5888/5888
f 5506/5506 5888/5888 5887/5887
f 5508/5508 5511/5511 5889/5889
f 5508/5508 5889/5889 5888/5888
f 5511/5511 5513/5513 5890/5890
f 5511/5511 5890/5890 5889/5889
f 5513/5513 5515/5515 5891/5891
f 5513/5513 5891/5891 5890/5890
f 5515/5515 5517/5517 5892/5892
f 5515/5515 5892/5892 5891/5891
f 5517/5517 5519/5519 5893/5893
f 5517/5517 5893/5893 5892/5892
f 5519/5519 5521/5521 5894/5894
f 5519/5519 5894/5894 5893/5893
f 5521/5521 5523/5523 5895/5895
f 5521/5521 5895/5895 5894/5894
f 5523/5523 5525/5525 5896/5896
f 5523/5523 5896/5896 5895/5895
f 5525/5525 5527/5527 5897/5897
f 5525/5525 5897/5897 5896/5896
f 5527/5527 5529/5529 5898/5898
f 5527/5527 5898/5898 5897/5897
f 5529/5529 5531/5531 5899/5899
f 5529/5529 5899/5899 5898/5898
f 5531/5531 5533/5533 5900/5900
f 5531/5531 5900/5900 5899/5899
f 5533/5533 5535/5535 5901/5901
f 5533/5533 5901/5901 5900/5900
f 5535/5535 5504/5504 5886/5886
f 5535/5535 5886/5886 5901/5901
f 5977/5977 6028/6028 6030/6030
f 5977/5977 6030/6030 5978/5978
f 5978/5978 6030/6030 6032/6032
f 5978/5978 6032/6032 5979/5979
f 5980/5980 6033/6033 6035/6035
f 5980/5980 6035/6035 5981/5981
f 5981/5981 6035/6035 6037/6037
f 5981/5981 6037/6037 5982/5982
f 5982/5982 6037/6037 6039/6039
f 5982/5982 6039/6039 5983/5983
f 5983/5983 6039/6039 6041/6041
f 5983/5983 6041/6041 5984/5984
f 5984/5984 6041/6041 6043/6043
f 5984/5984 6043/6043 5985/5985
f 5985/5985 6043/6043 6045/6045
f 5985/5985 6045/6045 5986/5986
f 5986/5986 6045/6045 6047/6047
f 5986/5986 6047/6047 5987/5987
f 5987/5987 6047/6047 6049/6049
f 5987/5987 6049/6049 5988/5988
f 5988/5988 6049/6049 6051/6051
f 5988/5988 6051/6051 5989/5989
f 5989/5989 6051/6051 6053/6053
f 5989/5989 6053/6053 5990/5990
f 5990/5990 6053/6053 6055/6055
f 5990/5990 6055/6055 5991/5991
f 5991/5991 6055/6055 6057/6057
f 5991/5991 6057/6057 5992/5992
f 5992/5992 6057/6057 6059/6059
f 5992/5992 6059/6059 5993/5993
f 5993/5993 6059/6059 6028/6028
f 5993/5993 6028/6028 5977/5977
f 6166/6166 6168/6168 6172/6172
f 6166/6166 6172/6172 6170/6170
f 5842/5842 5819/5819 5943/5943
f 5842/5842 5943/5943 6140/6140
f 5839/5839 5817/5817 5944/5944
f 5839/5839 5944/5944 6137/6137
f 5042/5042 3276/3276 6302/6302
f 5042/5042 6302/6302 6304/6304
f 6132/6132 6133/6133 5917/5917
f 6132/6132 5917/5917 5916/5916
f 6308/6308 6310/6310 5043/5043
f 6308/6308 5043/5043 3725/3725
f 2036/2036 3729/3729 6279/6279
f 2036/2036 6279/6279 6281/6281
f 6111/6111 6112/6112 6115/6115
f 6111/6111 6115/6115 6114/6114
f 6122/6122 6123/6123 5913/5913
f 6122/6122 5913/5913 5914/5914
f 3851/3851 4986/4986 3130/3130
f 3851/3851 3130/3130 1901/1901
f 6259/6259 6261/6261 6277/6277
f 6259/6259 6277/6277 6276/6276
f 6114/6114 6115/6115 5921/5921
f 6114/6114 5921/5921 5922/5922
f 5873/5873 5872/5872 6117/6117
f 5873/5873 6117/6117 6116/6116
f 2945/2945 6190/6190 6192/6192
f 2945/2945 6192/6192 6157/6157
f 6157/6157 6192/6192 6194/6194
f 6157/6157 6194/6194 6148/6148
f 6149/6149 6195/6195 6197/6197
f 6149/6149 6197/6197 6150/6150
f 6245/6245 3316/3316 4696/4696
f 6245/6245 4696/4696 6246/6246
f 6191/6191 6232/6232 6233/6233
f 6191/6191 6233/6233 6193/6193
f 6198/6198 6235/6235 6236/6236
f 6198/6198 6236/6236 6200/6200
f 6202/6202 6237/6237 6238/6238
f 6202/6202 6238/6238 6204/6204
f 6206/6206 6239/6239 6240/6240
f 6206/6206 6240/6240 6208/6208
f 6210/6210 6241/6241 6242/6242
f 6210/6210 6242/6242 6212/6212
f 6216/6216 6244/6244 6245/6245
f 6216/6216 6245/6245 6218/6218
f 6220/6220 6246/6246 6231/6231
f 6220/6220 6231/6231 6189/6189
f 6263/6263 6264/6264 6284/6284
f 6263/6263 6284/6284 6282/6282
f 6266/6266 6267/6267 6289/6289
f 6266/6266 6289/6289 6287/6287
f 6267/6267 6268/6268 6291/6291
f 6267/6267 6291/6291 6289/6289
f 6269/6269 6270/6270 6295/6295
f 6269/6269 6295/6295 6293/6293
f 6271/6271 6272/6272 6299/6299
f 6271/6271 6299/6299 6297/6297
f 6274/6274 6275/6275 6305/6305
f 6274/6274 6305/6305 6303/6303
f 6275/6275 6276/6276 6307/6307
f 6275/6275 6307/6307 6305/6305
f 6276/6276 6277/6277 6309/6309
f 6276/6276 6309/6309 6307/6307
