# CC0 Poly Haven, Z-up, floor-centered
v -0.203479 0.081299 0.026611
v -0.203479 0.081299 0.026611
v -0.200882 0.079891 0.026611
v -0.200882 0.079891 0.026611
v -0.198951 0.077721 0.026612
v -0.198951 0.077721 0.026612
v -0.197677 0.071913 0.026331
v -0.197677 0.071913 0.026331
v -0.198486 0.068799 0.025907
v -0.198486 0.068799 0.025907
v -0.198486 0.068799 0.025907
v -0.200215 0.065957 0.025914
v -0.200215 0.065957 0.025914
v -0.208880 0.061731 0.026259
v -0.208880 0.061731 0.026259
v -0.216448 0.065802 0.026831
v -0.216448 0.065802 0.026831
v -0.216915 0.074726 0.026834
v -0.216915 0.074726 0.026834
v -0.212696 0.079840 0.026611
v -0.212696 0.079840 0.026611
v -0.209701 0.081298 0.026613
v -0.209701 0.081298 0.026613
v -0.055612 -0.217976 0.026575
v -0.055612 -0.217976 0.026575
v -0.046248 -0.210029 0.026804
v -0.046248 -0.210029 0.026804
v -0.042990 -0.210295 0.025457
v -0.042990 -0.210295 0.025457
v -0.042990 -0.210295 0.025457
v -0.039974 -0.211556 0.024774
v -0.039974 -0.211556 0.024774
v -0.037495 -0.213686 0.024774
v -0.037495 -0.213686 0.024774
v -0.035796 -0.216479 0.025144
v -0.035796 -0.216479 0.025144
v -0.035043 -0.219659 0.025938
v -0.035043 -0.219659 0.025938
v -0.036570 -0.225933 0.025679
v -0.036570 -0.225933 0.025679
v -0.038700 -0.228412 0.024753
v -0.038700 -0.228412 0.024753
v -0.053426 -0.227207 0.025499
v -0.053426 -0.227207 0.025499
v -0.055126 -0.224414 0.025738
v -0.055126 -0.224414 0.025738
v -0.055879 -0.221234 0.026108
v -0.055879 -0.221234 0.026108
v -0.056785 -0.218175 0.001179
v -0.061416 -0.217049 0.004497
v -0.060723 -0.217246 0.002151
v -0.060723 -0.217246 0.002151
v -0.059466 -0.212303 0.004498
v -0.055392 -0.214809 0.001179
v -0.058855 -0.212707 0.002151
v -0.058855 -0.212707 0.002151
v -0.056144 -0.208393 0.004499
v -0.053028 -0.212038 0.001179
v -0.055676 -0.208967 0.002151
v -0.055676 -0.208967 0.002151
v -0.051777 -0.205701 0.004499
v -0.049923 -0.210133 0.001179
v -0.051497 -0.206393 0.002151
v -0.051497 -0.206393 0.002151
v -0.046792 -0.204489 0.004499
v -0.046382 -0.209280 0.001179
v -0.046728 -0.205237 0.002152
v -0.046728 -0.205237 0.002152
v -0.041676 -0.204878 0.004499
v -0.041676 -0.204878 0.004499
v -0.042750 -0.209564 0.001179
v -0.041834 -0.205611 0.002152
v -0.041834 -0.205611 0.002152
v -0.041834 -0.205611 0.002152
v -0.036931 -0.206828 0.004499
v -0.039384 -0.210955 0.001179
v -0.037295 -0.207478 0.002151
v -0.037295 -0.207478 0.002151
v -0.033021 -0.210150 0.004498
v -0.036612 -0.213319 0.001223
v -0.033556 -0.210657 0.002151
v -0.033556 -0.210657 0.002151
v -0.030328 -0.214517 0.004646
v -0.034706 -0.216423 0.001586
v -0.030981 -0.214836 0.002383
v -0.030981 -0.214836 0.002383
v -0.029117 -0.219502 0.005288
v -0.033853 -0.219965 0.002079
v -0.029824 -0.219606 0.002972
v -0.029824 -0.219606 0.002972
v -0.029505 -0.224618 0.005705
v -0.034136 -0.223597 0.002327
v -0.030198 -0.224500 0.003359
v -0.030198 -0.224500 0.003359
v -0.031456 -0.229363 0.005704
v -0.035527 -0.226964 0.002327
v -0.032066 -0.229039 0.003359
v -0.032066 -0.229039 0.003359
v -0.034934 -0.233060 0.007024
v -0.037892 -0.229737 0.002079
v -0.035574 -0.232240 0.003415
v -0.035574 -0.232240 0.003415
v -0.039398 -0.235307 0.008513
v -0.040997 -0.231643 0.001586
v -0.040178 -0.233781 0.003957
v -0.040178 -0.233781 0.003957
v -0.044180 -0.236545 0.008832
v -0.044539 -0.232496 0.001512
v -0.044225 -0.234759 0.003945
v -0.044225 -0.234759 0.003945
v -0.049120 -0.236165 0.008972
v -0.048172 -0.232212 0.002019
v -0.048913 -0.234843 0.003869
v -0.048913 -0.234843 0.003869
v -0.053880 -0.234620 0.007537
v -0.051539 -0.230820 0.002304
v -0.053627 -0.234268 0.003632
v -0.053627 -0.234268 0.003632
v -0.057901 -0.231517 0.005976
v -0.054311 -0.228455 0.002303
v -0.057367 -0.231089 0.003632
v -0.057367 -0.231089 0.003632
v -0.060594 -0.227150 0.005465
v -0.056217 -0.225350 0.002015
v -0.059941 -0.226910 0.003157
v -0.059941 -0.226910 0.003157
v -0.061805 -0.222164 0.004678
v -0.057069 -0.221807 0.001464
v -0.061097 -0.222139 0.002387
v -0.061097 -0.222139 0.002387
v -0.057384 -0.213190 0.024787
v -0.055411 -0.214329 0.026804
v -0.056721 -0.213560 0.026213
v -0.056721 -0.213560 0.026213
v -0.054548 -0.209862 0.024786
v -0.053034 -0.211554 0.026804
v -0.054039 -0.210418 0.026213
v -0.054039 -0.210418 0.026213
v -0.050822 -0.207574 0.024786
v -0.049915 -0.209649 0.026804
v -0.050517 -0.208259 0.026213
v -0.050517 -0.208259 0.026213
v -0.046571 -0.206549 0.024786
v -0.046361 -0.208801 0.026804
v -0.046501 -0.207293 0.026213
v -0.046501 -0.207293 0.026213
v -0.042212 -0.206887 0.023862
v -0.042212 -0.206887 0.023862
v -0.042718 -0.209092 0.025458
v -0.042382 -0.207616 0.025081
v -0.042382 -0.207616 0.025081
v -0.042382 -0.207616 0.025081
v -0.038171 -0.208557 0.022819
v -0.039344 -0.210496 0.024686
v -0.038565 -0.209196 0.024095
v -0.038565 -0.209196 0.024095
v -0.034843 -0.211393 0.022669
v -0.036569 -0.212873 0.024686
v -0.035423 -0.211878 0.024096
v -0.035423 -0.211878 0.024096
v -0.032554 -0.215119 0.022670
v -0.034664 -0.215991 0.024840
v -0.033264 -0.215399 0.024096
v -0.033264 -0.215399 0.024096
v -0.031529 -0.219370 0.023774
v -0.033816 -0.219546 0.025717
v -0.032298 -0.219416 0.025081
v -0.032298 -0.219416 0.025081
v -0.031868 -0.223729 0.024788
v -0.034108 -0.223188 0.026804
v -0.032621 -0.223534 0.026213
v -0.032621 -0.223534 0.026213
v -0.033537 -0.227770 0.024121
v -0.035511 -0.226562 0.025813
v -0.034201 -0.227351 0.025470
v -0.034201 -0.227351 0.025470
v -0.036374 -0.231098 0.022973
v -0.037888 -0.229338 0.024768
v -0.036883 -0.230493 0.024299
v -0.036883 -0.230493 0.024299
v -0.040100 -0.233386 0.022478
v -0.041006 -0.231243 0.024354
v -0.040404 -0.232652 0.023831
v -0.040404 -0.232652 0.023831
v -0.044350 -0.234411 0.022853
v -0.044561 -0.232091 0.024604
v -0.044421 -0.233618 0.024183
v -0.044421 -0.233618 0.024183
v -0.048709 -0.234073 0.023392
v -0.048203 -0.231799 0.025406
v -0.048539 -0.233295 0.024816
v -0.048539 -0.233295 0.024816
v -0.052751 -0.232403 0.023391
v -0.051577 -0.230396 0.025406
v -0.052356 -0.231715 0.024816
v -0.052356 -0.231715 0.024816
v -0.056078 -0.229567 0.023522
v -0.054352 -0.228019 0.025497
v -0.055498 -0.229033 0.024933
v -0.055498 -0.229033 0.024933
v -0.058367 -0.225841 0.023877
v -0.056257 -0.224901 0.025763
v -0.057657 -0.225512 0.025235
v -0.057657 -0.225512 0.025235
v -0.059392 -0.221591 0.024368
v -0.057106 -0.221346 0.026177
v -0.058623 -0.221496 0.025702
v -0.058623 -0.221496 0.025702
v -0.056814 -0.217704 0.026699
v -0.059053 -0.217231 0.024787
v -0.058300 -0.217377 0.026213
v -0.058300 -0.217377 0.026213
v 0.035874 0.216003 0.027534
v 0.035874 0.216003 0.027534
v 0.043073 0.209584 0.027377
v 0.043073 0.209584 0.027377
v 0.043073 0.209584 0.027377
v 0.054165 0.214013 0.027362
v 0.054165 0.214013 0.027362
v 0.054784 0.223552 0.027271
v 0.054784 0.223552 0.027271
v 0.053058 0.226412 0.027071
v 0.053058 0.226412 0.027071
v 0.047590 0.229944 0.026727
v 0.047590 0.229944 0.026727
v 0.044393 0.230282 0.026763
v 0.044393 0.230282 0.026763
v 0.036522 0.225539 0.027579
v 0.036522 0.225539 0.027579
v 0.056614 0.217847 0.002271
v 0.061187 0.216828 0.005561
v 0.060567 0.216995 0.003266
v 0.060567 0.216995 0.003266
v 0.059375 0.212035 0.005597
v 0.055287 0.214454 0.002421
v 0.058790 0.212420 0.003338
v 0.058790 0.212420 0.003338
v 0.056162 0.208054 0.006028
v 0.052977 0.211638 0.002569
v 0.055685 0.208619 0.003709
v 0.055685 0.208619 0.003709
v 0.051843 0.205334 0.006173
v 0.049910 0.209673 0.002461
v 0.051556 0.205965 0.003788
v 0.051556 0.205965 0.003788
v 0.046872 0.204126 0.005988
v 0.046386 0.208751 0.002329
v 0.046809 0.204721 0.003604
v 0.046809 0.204721 0.003604
v 0.041759 0.204317 0.005528
v 0.041759 0.204317 0.005528
v 0.042750 0.208964 0.002062
v 0.041910 0.204994 0.003166
v 0.041910 0.204994 0.003166
v 0.041910 0.204994 0.003166
v 0.036983 0.206116 0.004966
v 0.039357 0.210290 0.001674
v 0.037336 0.206773 0.002642
v 0.037336 0.206773 0.002642
v 0.033009 0.209361 0.005075
v 0.036540 0.212599 0.001647
v 0.033535 0.209879 0.002693
v 0.033535 0.209879 0.002693
v 0.030232 0.213675 0.005155
v 0.034574 0.215666 0.001817
v 0.030880 0.214007 0.002809
v 0.030880 0.214007 0.002809
v 0.028924 0.218636 0.005155
v 0.033652 0.219191 0.001837
v 0.029631 0.218753 0.002809
v 0.029631 0.218753 0.002809
v 0.029213 0.223758 0.005154
v 0.033864 0.222828 0.001837
v 0.029909 0.223653 0.002808
v 0.029909 0.223653 0.002808
v 0.031071 0.228541 0.005153
v 0.035190 0.226221 0.001837
v 0.031688 0.228228 0.002808
v 0.031688 0.228228 0.002808
v 0.034315 0.232515 0.005152
v 0.037500 0.229039 0.001837
v 0.034794 0.232029 0.002808
v 0.034794 0.232029 0.002808
v 0.038629 0.235292 0.005151
v 0.040568 0.231005 0.001837
v 0.038922 0.234684 0.002808
v 0.038922 0.234684 0.002808
v 0.043579 0.236545 0.005143
v 0.044093 0.231927 0.001837
v 0.043669 0.235933 0.002808
v 0.043669 0.235933 0.002808
v 0.048684 0.236175 0.005132
v 0.047730 0.231714 0.001837
v 0.048567 0.235645 0.002806
v 0.048567 0.235645 0.002806
v 0.053483 0.234396 0.005143
v 0.051124 0.230387 0.001854
v 0.053144 0.233875 0.002808
v 0.053144 0.233875 0.002808
v 0.057469 0.231208 0.005207
v 0.053941 0.228077 0.001991
v 0.056945 0.230769 0.002897
v 0.056945 0.230769 0.002897
v 0.060246 0.226894 0.005431
v 0.055907 0.225009 0.002177
v 0.059599 0.226641 0.003119
v 0.059599 0.226641 0.003119
v 0.061528 0.221939 0.005566
v 0.056828 0.221484 0.002271
v 0.060849 0.221894 0.003266
v 0.060849 0.221894 0.003266
v 0.057326 0.212849 0.024441
v 0.055301 0.213975 0.027461
v 0.055994 0.213580 0.026171
v 0.055994 0.213580 0.026171
v 0.054526 0.209492 0.025444
v 0.052978 0.211154 0.027461
v 0.053882 0.210157 0.026700
v 0.053882 0.210157 0.026700
v 0.050838 0.207203 0.025436
v 0.049898 0.209189 0.027461
v 0.050526 0.207816 0.026870
v 0.050526 0.207816 0.026870
v 0.046600 0.206181 0.025428
v 0.046360 0.208275 0.027461
v 0.046526 0.206803 0.026867
v 0.046526 0.206803 0.026867
v 0.042243 0.206348 0.025437
v 0.042243 0.206348 0.025437
v 0.042712 0.208492 0.027461
v 0.042405 0.207015 0.026870
v 0.042405 0.207015 0.026870
v 0.042405 0.207015 0.026870
v 0.038177 0.207868 0.025444
v 0.039312 0.209830 0.027461
v 0.038559 0.208515 0.026871
v 0.038559 0.208515 0.026871
v 0.034795 0.210640 0.025450
v 0.036491 0.212153 0.027494
v 0.035365 0.211135 0.026885
v 0.035365 0.211135 0.026885
v 0.032435 0.214320 0.025547
v 0.034525 0.215234 0.027613
v 0.033138 0.214614 0.026996
v 0.033138 0.214614 0.026996
v 0.031327 0.218550 0.025714
v 0.033608 0.218771 0.027756
v 0.032094 0.218611 0.027149
v 0.032094 0.218611 0.027149
v 0.031581 0.222915 0.025811
v 0.033829 0.222418 0.027826
v 0.032337 0.222735 0.027236
v 0.032337 0.222735 0.027236
v 0.033171 0.226988 0.025802
v 0.035167 0.225819 0.027774
v 0.033842 0.226582 0.027212
v 0.033842 0.226582 0.027212
v 0.035943 0.230370 0.025552
v 0.037515 0.228577 0.027337
v 0.036811 0.229309 0.026298
v 0.036811 0.229309 0.026298
v 0.039623 0.232731 0.025110
v 0.040591 0.230541 0.026962
v 0.040132 0.231440 0.025909
v 0.040132 0.231440 0.025909
v 0.043839 0.233773 0.024851
v 0.044107 0.231522 0.026902
v 0.043937 0.233039 0.026293
v 0.043937 0.233039 0.026293
v 0.048189 0.233449 0.024836
v 0.047754 0.231296 0.026869
v 0.048054 0.232768 0.026275
v 0.048054 0.232768 0.026275
v 0.055673 0.229223 0.025280
v 0.053977 0.227641 0.027215
v 0.055102 0.228678 0.026666
v 0.055102 0.228678 0.026666
v 0.058034 0.225542 0.025436
v 0.055942 0.224561 0.027409
v 0.057330 0.225199 0.026846
v 0.057330 0.225199 0.026846
v 0.059104 0.221321 0.025441
v 0.056859 0.221024 0.027461
v 0.058370 0.221203 0.026871
v 0.058370 0.221203 0.026871
v 0.056637 0.217376 0.027461
v 0.058868 0.216970 0.024435
v 0.057737 0.217188 0.026451
v 0.057737 0.217188 0.026451
v -0.203864 0.082759 0.001179
v -0.202277 0.087249 0.004497
v -0.202542 0.086583 0.002151
v -0.202542 0.086583 0.002151
v -0.197753 0.084830 0.004498
v -0.200656 0.081034 0.001179
v -0.198215 0.084267 0.002151
v -0.198215 0.084267 0.002151
v -0.194197 0.081127 0.004504
v -0.198139 0.078276 0.001300
v -0.194816 0.080692 0.002185
v -0.194816 0.080692 0.002185
v -0.191965 0.076167 0.004835
v -0.196563 0.074639 0.001644
v -0.192683 0.075890 0.002556
v -0.192683 0.075890 0.002556
v -0.191268 0.070789 0.005120
v -0.196076 0.070822 0.001844
v -0.192019 0.070703 0.002869
v -0.192019 0.070703 0.002869
v -0.192170 0.065739 0.005120
v -0.192170 0.065739 0.005120
v -0.196724 0.067237 0.001844
v -0.192885 0.065872 0.002869
v -0.192885 0.065872 0.002869
v -0.192885 0.065872 0.002869
v -0.194583 0.061508 0.004836
v -0.198444 0.064236 0.001644
v -0.195194 0.061870 0.002556
v -0.195194 0.061870 0.002556
v -0.198276 0.058297 0.004504
v -0.201068 0.062073 0.001300
v -0.198727 0.058852 0.002187
v -0.198727 0.058852 0.002187
v -0.202890 0.056034 0.004527
v -0.204340 0.060481 0.001309
v -0.203139 0.056669 0.002228
v -0.203139 0.056669 0.002228
v -0.207958 0.055039 0.004809
v -0.207938 0.059740 0.001551
v -0.207982 0.055613 0.002601
v -0.207982 0.055613 0.002601
v -0.213009 0.055941 0.004808
v -0.211523 0.060387 0.001551
v -0.212814 0.056478 0.002601
v -0.212814 0.056478 0.002601
v -0.217547 0.058648 0.004529
v -0.214745 0.062361 0.001309
v -0.217160 0.059180 0.002227
v -0.217160 0.059180 0.002227
v -0.221105 0.062381 0.004494
v -0.217271 0.065127 0.001179
v -0.220565 0.062799 0.002150
v -0.220565 0.062799 0.002150
v -0.223344 0.066995 0.004496
v -0.218858 0.068298 0.001286
v -0.222705 0.067196 0.002170
v -0.222705 0.067196 0.002170
v -0.224050 0.071925 0.004642
v -0.219354 0.071698 0.001488
v -0.223380 0.071849 0.002372
v -0.223380 0.071849 0.002372
v -0.223151 0.076854 0.004760
v -0.218709 0.075166 0.001602
v -0.222519 0.076531 0.002516
v -0.222519 0.076531 0.002516
v -0.220732 0.081379 0.004760
v -0.216984 0.078376 0.001602
v -0.220203 0.080858 0.002516
v -0.220203 0.080858 0.002516
v -0.217030 0.085055 0.004644
v -0.214349 0.081013 0.001488
v -0.216659 0.084406 0.002374
v -0.216659 0.084406 0.002374
v -0.212410 0.087446 0.004498
v -0.211062 0.082805 0.001286
v -0.212237 0.086756 0.002171
v -0.212237 0.086756 0.002171
v -0.207328 0.088152 0.004496
v -0.207449 0.083407 0.001179
v -0.207374 0.087448 0.002151
v -0.207374 0.087448 0.002151
v -0.198848 0.082826 0.024787
v -0.200181 0.080975 0.026804
v -0.199283 0.082201 0.026213
v -0.199283 0.082201 0.026213
v -0.195823 0.079668 0.024786
v -0.197659 0.078330 0.026804
v -0.196428 0.079216 0.026213
v -0.196428 0.079216 0.026213
v -0.193922 0.075731 0.024786
v -0.196078 0.075036 0.026804
v -0.194634 0.075495 0.026213
v -0.194634 0.075495 0.026213
v -0.193330 0.071398 0.024542
v -0.195592 0.071414 0.026364
v -0.194078 0.071401 0.025880
v -0.194078 0.071401 0.025880
v -0.194107 0.067095 0.023908
v -0.194107 0.067095 0.023908
v -0.196250 0.067819 0.025774
v -0.194815 0.067337 0.025183
v -0.194815 0.067337 0.025183
v -0.194815 0.067337 0.025183
v -0.196175 0.063243 0.023908
v -0.197986 0.064603 0.025764
v -0.196771 0.063698 0.025183
v -0.196771 0.063698 0.025183
v -0.199332 0.060218 0.024436
v -0.200631 0.062082 0.026163
v -0.199756 0.060843 0.025717
v -0.199756 0.060843 0.025717
v -0.203270 0.058317 0.024546
v -0.203925 0.060501 0.026449
v -0.203477 0.059049 0.025896
v -0.203477 0.059049 0.025896
v -0.207602 0.057725 0.024547
v -0.207547 0.060016 0.026449
v -0.207571 0.058494 0.025896
v -0.207571 0.058494 0.025896
v -0.211905 0.058502 0.024660
v -0.211142 0.060673 0.026531
v -0.211635 0.059230 0.026017
v -0.211635 0.059230 0.026017
v -0.215757 0.060570 0.024778
v -0.214357 0.062409 0.026732
v -0.215274 0.061186 0.026176
v -0.215274 0.061186 0.026176
v -0.218782 0.063727 0.024936
v -0.216879 0.065054 0.027011
v -0.218129 0.064171 0.026389
v -0.218129 0.064171 0.026389
v -0.220683 0.067665 0.025115
v -0.218460 0.068349 0.027168
v -0.219923 0.067892 0.026578
v -0.219923 0.067892 0.026578
v -0.220935 0.072219 0.024596
v -0.218845 0.072036 0.027014
v -0.220139 0.072207 0.026059
v -0.220139 0.072207 0.026059
v -0.220159 0.076522 0.024418
v -0.218187 0.075630 0.026858
v -0.219403 0.076272 0.025870
v -0.219403 0.076272 0.025870
v -0.218430 0.080152 0.024789
v -0.216552 0.078780 0.026817
v -0.217786 0.079689 0.026215
v -0.217786 0.079689 0.026215
v -0.215273 0.083177 0.024789
v -0.213907 0.081302 0.026804
v -0.214801 0.082544 0.026214
v -0.214801 0.082544 0.026214
v -0.211336 0.085079 0.024788
v -0.210612 0.082883 0.026804
v -0.211080 0.084338 0.026213
v -0.211080 0.084338 0.026213
v -0.207003 0.085670 0.024788
v -0.206991 0.083368 0.026804
v -0.206986 0.084894 0.026213
v -0.206986 0.084894 0.026213
v -0.203396 0.082711 0.026804
v -0.202700 0.084894 0.024787
v -0.202922 0.084157 0.026213
v -0.202922 0.084157 0.026213
v -0.056900 -0.213886 0.001179
v -0.058504 -0.217763 0.001179
v -0.054177 -0.210694 0.001179
v -0.050601 -0.208500 0.001179
v -0.046522 -0.207518 0.001179
v -0.042339 -0.207844 0.001179
v -0.038461 -0.209447 0.001179
v -0.035269 -0.212170 0.001192
v -0.033073 -0.215745 0.001538
v -0.032090 -0.219825 0.002091
v -0.032416 -0.224009 0.002388
v -0.034019 -0.227887 0.002388
v -0.036742 -0.231081 0.002091
v -0.040475 -0.232848 0.002241
v -0.044416 -0.233738 0.002141
v -0.048528 -0.233578 0.002708
v -0.052462 -0.232328 0.002521
v -0.055655 -0.229604 0.002521
v -0.057850 -0.226027 0.002142
v -0.058831 -0.221947 0.001467
v 0.056813 0.213561 0.002444
v 0.058341 0.217469 0.002294
v 0.054152 0.210316 0.002691
v 0.050619 0.208053 0.002645
v 0.046560 0.206992 0.002501
v 0.042372 0.207237 0.002150
v 0.038464 0.208764 0.001672
v 0.035219 0.211424 0.001670
v 0.032955 0.214957 0.001831
v 0.031893 0.219016 0.001837
v 0.032137 0.223206 0.001837
v 0.033664 0.227114 0.001837
v 0.036325 0.230360 0.001837
v 0.039858 0.232625 0.001837
v 0.043919 0.233687 0.001837
v 0.048109 0.233441 0.001837
v 0.052018 0.231913 0.001842
v 0.055263 0.229252 0.001973
v 0.057526 0.225718 0.002182
v 0.058587 0.221658 0.002294
v -0.199585 0.082441 0.001179
v -0.203281 0.084428 0.001179
v -0.196686 0.079312 0.001273
v -0.194870 0.075139 0.001653
v -0.194309 0.070729 0.001896
v -0.195056 0.066600 0.001896
v -0.197037 0.063157 0.001653
v -0.200060 0.060649 0.001273
v -0.203830 0.058779 0.001318
v -0.207972 0.057891 0.001629
v -0.212102 0.058637 0.001629
v -0.215814 0.060944 0.001318
v -0.218724 0.064119 0.001179
v -0.220550 0.067825 0.001250
v -0.221121 0.071768 0.001458
v -0.220378 0.075749 0.001602
v -0.218392 0.079446 0.001602
v -0.215356 0.082497 0.001458
v -0.211571 0.084536 0.001251
v -0.207410 0.085175 0.001179
v -0.054519 -0.215344 0.002916
v -0.045461 -0.220884 0.002916
v -0.055789 -0.218414 0.002917
v -0.056048 -0.221726 0.003180
v -0.052362 -0.212816 0.002916
v -0.049531 -0.211079 0.002916
v -0.046301 -0.210301 0.002916
v -0.042989 -0.210560 0.002916
v -0.039918 -0.211829 0.002916
v -0.037390 -0.213985 0.002970
v -0.035652 -0.216816 0.003303
v -0.034874 -0.220046 0.003728
v -0.035132 -0.223359 0.003932
v -0.036401 -0.226430 0.003932
v -0.038557 -0.228959 0.003728
v -0.041389 -0.230697 0.003304
v -0.044620 -0.231475 0.003237
v -0.047934 -0.231217 0.003654
v -0.051005 -0.229947 0.003889
v -0.053533 -0.227790 0.003889
v -0.055271 -0.224957 0.003651
v 0.054404 0.214972 0.004093
v 0.045240 0.219575 0.003573
v 0.055612 0.218067 0.003959
v 0.055809 0.221383 0.003958
v 0.052297 0.212403 0.004201
v 0.049500 0.210611 0.004094
v 0.046285 0.209773 0.003979
v 0.042969 0.209965 0.003763
v 0.039874 0.211174 0.003420
v 0.037305 0.213280 0.003382
v 0.035512 0.216077 0.003545
v 0.034671 0.219292 0.003574
v 0.034865 0.222609 0.003574
v 0.036074 0.225704 0.003574
v 0.038181 0.228274 0.003574
v 0.040978 0.230067 0.003574
v 0.044194 0.230908 0.003574
v 0.047509 0.230704 0.003573
v 0.050606 0.229504 0.003594
v 0.053176 0.227397 0.003720
v 0.054969 0.224598 0.003881
v -0.201275 0.080219 0.002916
v -0.207954 0.071961 0.002916
v -0.204202 0.081792 0.002916
v -0.207472 0.082382 0.002918
v -0.198980 0.077705 0.003026
v -0.197543 0.074414 0.003314
v -0.197098 0.070957 0.003472
v -0.197689 0.067688 0.003472
v -0.199258 0.064926 0.003314
v -0.201652 0.062927 0.003026
v -0.204639 0.061522 0.002988
v -0.207923 0.060911 0.003145
v -0.211193 0.061501 0.003145
v -0.214128 0.063237 0.002988
v -0.216430 0.065709 0.002918
v -0.217877 0.068591 0.003025
v -0.218330 0.071697 0.003205
v -0.217741 0.074869 0.003300
v -0.216168 0.077797 0.003300
v -0.213765 0.080193 0.003205
v -0.210767 0.081823 0.003025
v -0.055392 -0.214809 0.002916
v -0.055392 -0.214809 0.002916
v -0.056785 -0.218175 0.002916
v -0.056785 -0.218175 0.002916
v -0.053028 -0.212038 0.002916
v -0.053028 -0.212038 0.002916
v -0.049923 -0.210133 0.002916
v -0.049923 -0.210133 0.002916
v -0.046382 -0.209280 0.002916
v -0.046382 -0.209280 0.002916
v -0.042750 -0.209564 0.002916
v -0.042750 -0.209564 0.002916
v -0.039384 -0.210955 0.002916
v -0.039384 -0.210955 0.002916
v -0.036612 -0.213319 0.002953
v -0.036612 -0.213319 0.002953
v -0.034706 -0.216423 0.003299
v -0.034706 -0.216423 0.003299
v -0.033853 -0.219965 0.003773
v -0.033853 -0.219965 0.003773
v -0.034136 -0.223597 0.004010
v -0.034136 -0.223597 0.004010
v -0.035527 -0.226964 0.004010
v -0.035527 -0.226964 0.004010
v -0.037892 -0.229737 0.003773
v -0.037892 -0.229737 0.003773
v -0.040997 -0.231643 0.003299
v -0.040997 -0.231643 0.003299
v -0.044539 -0.232496 0.003244
v -0.044539 -0.232496 0.003244
v -0.048172 -0.232212 0.003761
v -0.048172 -0.232212 0.003761
v -0.051539 -0.230820 0.004047
v -0.051539 -0.230820 0.004047
v -0.054311 -0.228455 0.004047
v -0.054311 -0.228455 0.004047
v -0.056217 -0.225350 0.003757
v -0.056217 -0.225350 0.003757
v -0.057069 -0.221807 0.003203
v -0.057069 -0.221807 0.003203
v 0.055287 0.214454 0.004140
v 0.055287 0.214454 0.004140
v 0.056608 0.217848 0.003987
v 0.056608 0.217848 0.003987
v 0.052977 0.211638 0.004300
v 0.052977 0.211638 0.004300
v 0.049910 0.209673 0.004215
v 0.049910 0.209673 0.004215
v 0.046385 0.208761 0.004090
v 0.046385 0.208761 0.004090
v 0.042750 0.208964 0.003826
v 0.042750 0.208964 0.003826
v 0.039357 0.210290 0.003419
v 0.039357 0.210290 0.003419
v 0.036540 0.212599 0.003384
v 0.036540 0.212599 0.003384
v 0.034574 0.215666 0.003554
v 0.034574 0.215666 0.003554
v 0.033652 0.219191 0.003574
v 0.033652 0.219191 0.003574
v 0.033864 0.222828 0.003574
v 0.033864 0.222828 0.003574
v 0.035190 0.226221 0.003574
v 0.035190 0.226221 0.003574
v 0.037500 0.229039 0.003574
v 0.037500 0.229039 0.003574
v 0.040568 0.231005 0.003574
v 0.040568 0.231005 0.003574
v 0.044092 0.231925 0.003574
v 0.044092 0.231925 0.003574
v 0.047726 0.231695 0.003571
v 0.047726 0.231695 0.003571
v 0.051123 0.230385 0.003588
v 0.051123 0.230385 0.003588
v 0.053941 0.228077 0.003719
v 0.053941 0.228077 0.003719
v 0.055907 0.225009 0.003898
v 0.055907 0.225009 0.003898
v 0.056828 0.221484 0.003988
v 0.056828 0.221484 0.003988
v -0.200656 0.081034 0.002916
v -0.200656 0.081034 0.002916
v -0.203864 0.082759 0.002916
v -0.203864 0.082759 0.002916
v -0.198139 0.078291 0.003023
v -0.198139 0.078291 0.003023
v -0.196563 0.074673 0.003348
v -0.196563 0.074673 0.003348
v -0.196075 0.070869 0.003536
v -0.196075 0.070869 0.003536
v -0.196723 0.067284 0.003536
v -0.196723 0.067284 0.003536
v -0.198443 0.064271 0.003348
v -0.198443 0.064271 0.003348
v -0.201068 0.062088 0.003023
v -0.201068 0.062088 0.003023
v -0.204342 0.060513 0.003016
v -0.204342 0.060513 0.003016
v -0.207941 0.059804 0.003226
v -0.207941 0.059804 0.003226
v -0.211526 0.060452 0.003226
v -0.211526 0.060452 0.003226
v -0.214746 0.062392 0.003016
v -0.214746 0.062392 0.003016
v -0.217271 0.065127 0.002916
v -0.217271 0.065127 0.002916
v -0.218857 0.068309 0.003013
v -0.218857 0.068309 0.003013
v -0.219354 0.071720 0.003204
v -0.219354 0.071720 0.003204
v -0.218708 0.075197 0.003309
v -0.218708 0.075197 0.003309
v -0.216983 0.078407 0.003309
v -0.216983 0.078407 0.003309
v -0.214348 0.081035 0.003204
v -0.214348 0.081035 0.003204
v -0.211062 0.082816 0.003013
v -0.211062 0.082816 0.003013
v -0.207449 0.083407 0.002916
v -0.207449 0.083407 0.002916
v 0.211173 -0.059579 0.025397
v 0.211173 -0.059579 0.025397
v 0.208089 -0.058999 0.025782
v 0.208089 -0.058999 0.025782
v 0.202098 -0.060755 0.025786
v 0.202098 -0.060755 0.025786
v 0.199783 -0.062920 0.025788
v 0.199783 -0.062920 0.025788
v 0.198182 -0.065707 0.025567
v 0.198182 -0.065707 0.025567
v 0.198182 -0.065707 0.025567
v 0.199042 -0.074818 0.024820
v 0.199042 -0.074818 0.024820
v 0.201239 -0.077073 0.025064
v 0.201239 -0.077073 0.025064
v 0.213255 -0.077333 0.024897
v 0.213255 -0.077333 0.024897
v 0.213255 -0.077333 0.024897
v 0.217723 -0.069309 0.025771
v 0.217723 -0.069309 0.025771
v 0.216040 -0.063361 0.024063
v 0.216040 -0.063361 0.024063
v 0.196691 -0.064411 0.000729
v 0.192229 -0.062796 0.003996
v 0.192891 -0.063044 0.001679
v 0.192891 -0.063044 0.001679
v 0.194746 -0.058611 0.003710
v 0.198483 -0.061414 0.000555
v 0.195300 -0.059011 0.001434
v 0.195300 -0.059011 0.001434
v 0.198532 -0.055517 0.003327
v 0.201177 -0.059223 0.000283
v 0.198923 -0.056052 0.001068
v 0.198923 -0.056052 0.001068
v 0.203188 -0.053370 0.003320
v 0.204503 -0.057991 0.000000
v 0.203384 -0.054091 0.000972
v 0.203384 -0.054091 0.000972
v 0.208282 -0.052759 0.003320
v 0.208121 -0.057565 0.000000
v 0.208257 -0.053509 0.000972
v 0.208257 -0.053509 0.000972
v 0.213315 -0.053752 0.003320
v 0.213315 -0.053752 0.003320
v 0.211693 -0.058277 0.000000
v 0.213072 -0.054461 0.000972
v 0.213072 -0.054461 0.000972
v 0.213072 -0.054461 0.000972
v 0.217796 -0.056252 0.003320
v 0.214870 -0.060059 0.000000
v 0.217357 -0.056854 0.000972
v 0.217357 -0.056854 0.000972
v 0.221284 -0.060014 0.003319
v 0.217341 -0.062735 0.000000
v 0.220693 -0.060455 0.000972
v 0.220693 -0.060455 0.000972
v 0.223439 -0.064670 0.003318
v 0.218865 -0.066044 0.000000
v 0.222752 -0.064909 0.000972
v 0.222752 -0.064909 0.000972
v 0.224050 -0.069764 0.003982
v 0.219292 -0.069662 0.000665
v 0.223335 -0.069783 0.001636
v 0.223335 -0.069783 0.001636
v 0.223057 -0.074798 0.003981
v 0.218580 -0.073234 0.000665
v 0.222383 -0.074598 0.001636
v 0.222383 -0.074598 0.001636
v 0.220557 -0.079278 0.003981
v 0.216799 -0.076413 0.000665
v 0.219990 -0.078883 0.001636
v 0.219990 -0.078883 0.001636
v 0.216795 -0.082766 0.003315
v 0.214122 -0.078885 0.000000
v 0.216389 -0.082219 0.000971
v 0.216389 -0.082219 0.000971
v 0.212139 -0.084922 0.003315
v 0.210812 -0.080409 0.000000
v 0.211934 -0.084279 0.000971
v 0.211934 -0.084279 0.000971
v 0.207045 -0.085532 0.003314
v 0.207194 -0.080835 0.000000
v 0.207060 -0.084862 0.000971
v 0.207060 -0.084862 0.000971
v 0.202010 -0.084527 0.003326
v 0.203603 -0.079831 0.000283
v 0.202239 -0.083813 0.001065
v 0.202239 -0.083813 0.001065
v 0.197507 -0.081633 0.003709
v 0.200408 -0.077769 0.000555
v 0.197932 -0.081042 0.001432
v 0.197932 -0.081042 0.001432
v 0.194001 -0.077577 0.003996
v 0.197926 -0.074912 0.000729
v 0.194581 -0.077188 0.001678
v 0.194581 -0.077188 0.001678
v 0.191840 -0.072820 0.004094
v 0.196399 -0.071541 0.000789
v 0.192515 -0.072635 0.001773
v 0.192515 -0.072635 0.001773
v 0.191229 -0.067726 0.004095
v 0.195974 -0.067922 0.000789
v 0.191933 -0.067761 0.001773
v 0.191933 -0.067761 0.001773
v 0.196732 -0.060141 0.023608
v 0.198556 -0.061506 0.025625
v 0.197347 -0.060587 0.025034
v 0.197347 -0.060587 0.025034
v 0.199943 -0.057173 0.023607
v 0.201245 -0.059033 0.025625
v 0.200383 -0.057786 0.025034
v 0.200383 -0.057786 0.025034
v 0.203914 -0.055343 0.023607
v 0.204568 -0.057511 0.025625
v 0.204136 -0.056060 0.025034
v 0.204136 -0.056060 0.025034
v 0.208256 -0.054830 0.023607
v 0.208198 -0.057091 0.025625
v 0.208238 -0.055578 0.025034
v 0.208238 -0.055578 0.025034
v 0.212545 -0.055684 0.023607
v 0.212545 -0.055684 0.023607
v 0.211780 -0.057813 0.025397
v 0.212289 -0.056387 0.025034
v 0.212289 -0.056387 0.025034
v 0.212289 -0.056387 0.025034
v 0.216360 -0.057821 0.022537
v 0.214964 -0.059607 0.024064
v 0.215892 -0.058409 0.023473
v 0.215892 -0.058409 0.023473
v 0.219327 -0.061033 0.022537
v 0.217438 -0.062297 0.024064
v 0.218693 -0.061445 0.023473
v 0.218693 -0.061445 0.023473
v 0.221412 -0.064967 0.021342
v 0.218959 -0.065620 0.025625
v 0.219933 -0.065417 0.024519
v 0.219933 -0.065417 0.024519
v 0.221625 -0.069365 0.022501
v 0.219379 -0.069250 0.025625
v 0.220342 -0.069283 0.024548
v 0.220342 -0.069283 0.024548
v 0.220980 -0.073719 0.022177
v 0.218657 -0.072832 0.025625
v 0.219576 -0.073175 0.024532
v 0.219576 -0.073175 0.024532
v 0.218679 -0.077449 0.023609
v 0.216863 -0.076015 0.025625
v 0.218070 -0.076954 0.025034
v 0.218070 -0.076954 0.025034
v 0.215468 -0.080416 0.022882
v 0.215468 -0.080416 0.022882
v 0.214173 -0.078489 0.024897
v 0.214173 -0.078489 0.024897
v 0.215034 -0.079755 0.024307
v 0.215034 -0.079755 0.024307
v 0.215034 -0.079755 0.024307
v 0.209640 -0.082782 0.021717
v 0.209640 -0.082782 0.021717
v 0.209029 -0.080577 0.023129
v 0.209029 -0.080577 0.023129
v 0.209745 -0.081960 0.022583
v 0.209745 -0.081960 0.022583
v 0.209745 -0.081960 0.022583
v 0.202866 -0.081906 0.023610
v 0.203630 -0.079711 0.025237
v 0.203241 -0.080904 0.024717
v 0.203241 -0.080904 0.024717
v 0.198870 -0.079831 0.022962
v 0.200243 -0.077987 0.024869
v 0.199333 -0.079198 0.024348
v 0.199333 -0.079198 0.024348
v 0.195802 -0.076654 0.022603
v 0.197700 -0.075321 0.024618
v 0.196442 -0.076193 0.024028
v 0.196442 -0.076193 0.024028
v 0.193972 -0.072683 0.022603
v 0.196178 -0.071999 0.024618
v 0.194716 -0.072440 0.024028
v 0.194716 -0.072440 0.024028
v 0.193559 -0.068306 0.022961
v 0.195828 -0.068345 0.024869
v 0.194323 -0.068306 0.024348
v 0.194323 -0.068306 0.024348
v 0.196754 -0.064693 0.025595
v 0.194595 -0.063956 0.023608
v 0.195325 -0.064190 0.025034
v 0.195325 -0.064190 0.025034
v 0.197097 -0.060342 0.000531
v 0.195032 -0.063795 0.000732
v 0.200199 -0.057818 0.000218
v 0.204024 -0.056289 0.000000
v 0.208191 -0.055798 0.000000
v 0.212306 -0.056619 0.000000
v 0.215965 -0.058671 0.000000
v 0.218812 -0.061753 0.000000
v 0.220567 -0.065564 0.000000
v 0.221059 -0.069732 0.000665
v 0.220239 -0.073847 0.000665
v 0.218187 -0.077508 0.000665
v 0.215104 -0.080355 0.000000
v 0.211292 -0.082111 0.000000
v 0.207123 -0.082602 0.000000
v 0.202994 -0.081556 0.000218
v 0.199314 -0.079181 0.000531
v 0.196455 -0.075890 0.000732
v 0.194696 -0.072007 0.000802
v 0.194206 -0.067839 0.000802
v 0.199288 -0.062058 0.002282
v 0.207652 -0.069111 0.001819
v 0.197652 -0.064792 0.002441
v 0.196999 -0.067994 0.002496
v 0.201744 -0.060060 0.002034
v 0.204780 -0.058977 0.001737
v 0.208080 -0.058588 0.001737
v 0.211338 -0.059238 0.001737
v 0.214236 -0.060863 0.001737
v 0.216490 -0.063303 0.001737
v 0.217880 -0.066321 0.001737
v 0.218269 -0.069621 0.001737
v 0.217619 -0.072880 0.001737
v 0.215995 -0.075778 0.001737
v 0.213553 -0.078033 0.001737
v 0.210535 -0.079423 0.001737
v 0.207234 -0.079812 0.001737
v 0.203957 -0.078856 0.002034
v 0.201043 -0.076975 0.002282
v 0.198779 -0.074370 0.002441
v 0.197387 -0.071294 0.002496
v 0.198484 -0.061426 0.002280
v 0.198484 -0.061426 0.002280
v 0.196691 -0.064424 0.002454
v 0.196691 -0.064424 0.002454
v 0.201177 -0.059235 0.002008
v 0.201177 -0.059235 0.002008
v 0.204503 -0.057991 0.001737
v 0.204503 -0.057991 0.001737
v 0.208121 -0.057565 0.001737
v 0.208121 -0.057565 0.001737
v 0.211693 -0.058277 0.001737
v 0.211693 -0.058277 0.001737
v 0.214870 -0.060059 0.001737
v 0.214870 -0.060059 0.001737
v 0.217341 -0.062735 0.001737
v 0.217341 -0.062735 0.001737
v 0.218865 -0.066044 0.001737
v 0.218865 -0.066044 0.001737
v 0.219292 -0.069662 0.001737
v 0.219292 -0.069662 0.001737
v 0.218580 -0.073234 0.001737
v 0.218580 -0.073234 0.001737
v 0.216799 -0.076413 0.001737
v 0.216799 -0.076413 0.001737
v 0.214122 -0.078885 0.001737
v 0.214122 -0.078885 0.001737
v 0.210812 -0.080409 0.001737
v 0.210812 -0.080409 0.001737
v 0.207194 -0.080835 0.001737
v 0.207194 -0.080835 0.001737
v 0.203604 -0.079844 0.002008
v 0.203604 -0.079844 0.002008
v 0.200409 -0.077781 0.002280
v 0.200409 -0.077781 0.002280
v 0.197927 -0.074925 0.002454
v 0.197927 -0.074925 0.002454
v 0.196400 -0.071553 0.002515
v 0.196400 -0.071553 0.002515
v 0.195974 -0.067934 0.002515
v 0.195974 -0.067934 0.002515
v 0.058234 0.212432 0.012996
v 0.055419 0.208826 0.013156
v 0.059823 0.216978 0.012971
v 0.051392 0.206708 0.013218
v 0.046678 0.205809 0.013123
v 0.041879 0.205753 0.012978
v 0.041879 0.205753 0.012978
v 0.037422 0.206978 0.012870
v 0.034500 0.210371 0.012816
v 0.031883 0.214442 0.012871
v 0.029845 0.218603 0.013038
v 0.030121 0.223435 0.013075
v 0.032278 0.227613 0.013004
v 0.035342 0.231361 0.012908
v 0.038980 0.234169 0.012784
v 0.043575 0.235005 0.012632
v 0.048353 0.234481 0.012594
v 0.056750 0.230306 0.012863
v 0.059302 0.226397 0.012984
v 0.060267 0.221774 0.012990
v 0.049704 0.229002 0.026810
v 0.049704 0.229002 0.026810
v 0.049704 0.229002 0.026810
v 0.053376 0.231062 0.025093
v 0.053376 0.231062 0.025093
v 0.050474 0.232605 0.024930
v 0.050474 0.232605 0.024930
v 0.050265 0.230313 0.026954
v 0.050265 0.230313 0.026954
v 0.051905 0.229347 0.027046
v 0.051905 0.229347 0.027046
v 0.052974 0.230421 0.026503
v 0.052974 0.230421 0.026503
v 0.052974 0.230421 0.026503
v 0.050411 0.231867 0.026364
v 0.050411 0.231867 0.026364
v 0.050411 0.231867 0.026364
v 0.052692 0.232419 0.014993
v 0.052692 0.232419 0.014993
v 0.052692 0.232419 0.014993
v 0.052167 0.229246 0.025027
v 0.050003 0.230398 0.024899
v 0.051717 0.229271 0.015029
v 0.051717 0.229271 0.015029
v 0.050710 0.230153 0.014960
v 0.050710 0.230153 0.014960
v 0.057576 0.212717 0.020343
v 0.059109 0.216994 0.020329
v 0.054859 0.209277 0.020383
v 0.051046 0.207164 0.020398
v 0.046609 0.206250 0.020360
v 0.042079 0.206269 0.020340
v 0.042079 0.206269 0.020340
v 0.037866 0.207554 0.020358
v 0.035399 0.210997 0.020242
v 0.032935 0.214836 0.020314
v 0.030726 0.218572 0.020574
v 0.030989 0.223126 0.020646
v 0.033171 0.226944 0.020553
v 0.036060 0.230474 0.020365
v 0.039355 0.233279 0.020107
v 0.043706 0.234155 0.019880
v 0.048221 0.233708 0.019849
v 0.056102 0.229627 0.020235
v 0.058524 0.225894 0.020358
v 0.059493 0.221522 0.020344
v 0.051583 0.232512 0.019962
v 0.051583 0.232512 0.019962
v 0.053034 0.231740 0.020043
v 0.053034 0.231740 0.020043
v 0.051152 0.228345 0.019998
v 0.051152 0.228345 0.019998
v 0.051575 0.229214 0.020009
v 0.050512 0.229896 0.019943
v 0.050922 0.229204 0.014994
v -0.198797 0.083173 0.014551
v -0.195688 0.079932 0.014558
v -0.202758 0.085296 0.014546
v -0.193733 0.075717 0.014727
v -0.193121 0.071116 0.014743
v -0.193911 0.066696 0.014417
v -0.193911 0.066696 0.014417
v -0.196023 0.062885 0.014274
v -0.199266 0.059936 0.014377
v -0.203333 0.057957 0.014439
v -0.207778 0.057202 0.014569
v -0.212178 0.057992 0.014622
v -0.216148 0.060255 0.014545
v -0.219271 0.063523 0.014608
v -0.221225 0.067551 0.014691
v -0.221675 0.072037 0.014497
v -0.220879 0.076428 0.014469
v -0.218919 0.080282 0.014665
v -0.215677 0.083447 0.014612
v -0.211630 0.085479 0.014540
v -0.207182 0.086090 0.014542
v 0.053428 0.230049 0.026537
v 0.053428 0.230049 0.026537
v 0.053915 0.230630 0.025137
v 0.052734 0.228665 0.027113
v 0.053809 0.231207 0.020091
v 0.052955 0.233076 0.011719
v 0.049049 0.230789 0.026913
v 0.050470 0.232908 0.019924
v 0.049534 0.232202 0.026331
v 0.049534 0.232202 0.026331
v 0.049713 0.232886 0.024899
v 0.196291 -0.059805 0.019040
v 0.199623 -0.056779 0.018950
v 0.194021 -0.063698 0.018972
v 0.203752 -0.054891 0.018930
v 0.208267 -0.054358 0.018954
v 0.212718 -0.055249 0.018777
v 0.212718 -0.055249 0.018777
v 0.216688 -0.057464 0.018311
v 0.219821 -0.060776 0.017789
v 0.221807 -0.064942 0.017595
v 0.222324 -0.069507 0.017858
v 0.221270 -0.073848 0.018293
v 0.218938 -0.077755 0.018614
v 0.214200 -0.081179 0.018896
v 0.214200 -0.081179 0.018896
v 0.210386 -0.082772 0.019009
v 0.210386 -0.082772 0.019009
v 0.203140 -0.082379 0.018672
v 0.198608 -0.080128 0.018523
v 0.195399 -0.076924 0.018332
v 0.193482 -0.072746 0.018348
v 0.193029 -0.068155 0.018653
v 0.209379 -0.080119 0.019257
v 0.209836 -0.081530 0.019165
v 0.212561 -0.079531 0.018959
v 0.213354 -0.080402 0.018965
v 0.212493 -0.082305 0.015295
v 0.212493 -0.082305 0.015295
v 0.211239 -0.083003 0.015503
v 0.211239 -0.083003 0.015503
v 0.211842 -0.082730 0.015007
v 0.211842 -0.082730 0.015007
v 0.210317 -0.080091 0.015487
v 0.211429 -0.079884 0.015437
v 0.210860 -0.080006 0.015057
v 0.211956 -0.081104 0.015378
v 0.210740 -0.081491 0.015488
v 0.211323 -0.081334 0.015034
v 0.211835 -0.082995 0.013672
v 0.212446 -0.082653 0.013702
v 0.215139 -0.080707 0.018083
v 0.216650 -0.079324 0.023150
v 0.206038 -0.080097 0.024297
v 0.209328 -0.082897 0.018083
v 0.211268 -0.083228 0.014061
v 0.208213 -0.081711 0.023086
v 0.208213 -0.081711 0.023086
v 0.215351 -0.077406 0.025216
v 0.216215 -0.078665 0.024590
v 0.216215 -0.078665 0.024590
v 0.208081 -0.082580 0.022153
v 0.199087 -0.056105 0.011188
v 0.203480 -0.054139 0.011118
v 0.208278 -0.053570 0.011127
v 0.213012 -0.054503 0.011047
v 0.213012 -0.054503 0.011047
v 0.217241 -0.056858 0.010799
v 0.220559 -0.060404 0.010537
v 0.222619 -0.064808 0.010538
v 0.223175 -0.069622 0.010866
v 0.222168 -0.074333 0.011203
v 0.219702 -0.078512 0.011149
v 0.216061 -0.081732 0.010746
v 0.207663 -0.084244 0.010638
v 0.202708 -0.083447 0.010961
v 0.198099 -0.080942 0.011139
v 0.194709 -0.077257 0.011164
v 0.192667 -0.072786 0.011237
v 0.192126 -0.067952 0.011383
v 0.195531 -0.059231 0.011353
v 0.193127 -0.063277 0.011454
v 0.211994 -0.083601 0.010494
v 0.208701 -0.078898 0.019248
v 0.208701 -0.078898 0.019248
v 0.209816 -0.078757 0.015461
v 0.209816 -0.078757 0.015461
v 0.050508 0.228482 0.014993
v 0.050508 0.228482 0.014993
v 0.049704 0.229002 0.024879
v 0.049704 0.229002 0.024879
v 0.050075 0.229042 0.019930
v 0.050075 0.229042 0.019930
v -0.055106 -0.212191 0.244305
v -0.054038 -0.209470 0.244368
v -0.052158 -0.207291 0.244418
v -0.049645 -0.205838 0.244450
v -0.046721 -0.205243 0.244462
v -0.043652 -0.205576 0.244456
v -0.043652 -0.205576 0.244456
v -0.040738 -0.206826 0.244433
v -0.038279 -0.208887 0.244398
v -0.036535 -0.211555 0.244349
v -0.035688 -0.214553 0.244289
v -0.035815 -0.217565 0.244221
v -0.036880 -0.220288 0.244153
v -0.038759 -0.222471 0.244095
v -0.041274 -0.223928 0.244055
v -0.044201 -0.224525 0.244039
v -0.047274 -0.224192 0.244047
v -0.050190 -0.222938 0.244074
v -0.052650 -0.220874 0.244118
v -0.054392 -0.218203 0.244174
v -0.055236 -0.215204 0.244238
v -0.054879 -0.208703 0.271072
v -0.053829 -0.206128 0.270587
v -0.051961 -0.204054 0.270137
v -0.049441 -0.202667 0.269764
v -0.046491 -0.202111 0.269511
v -0.043392 -0.202461 0.269401
v -0.043392 -0.202461 0.269401
v -0.040459 -0.203700 0.269472
v -0.037998 -0.205710 0.269692
v -0.036263 -0.208281 0.270041
v -0.035424 -0.211138 0.270476
v -0.035543 -0.213986 0.270953
v -0.036585 -0.216556 0.271428
v -0.038445 -0.218625 0.271864
v -0.040967 -0.220009 0.272224
v -0.043928 -0.220562 0.272471
v -0.047040 -0.220209 0.272574
v -0.049981 -0.218968 0.272519
v -0.052444 -0.216962 0.272312
v -0.054173 -0.214399 0.271976
v -0.055006 -0.211550 0.271549
v -0.054139 -0.202257 0.297706
v -0.053113 -0.199920 0.296724
v -0.051266 -0.198035 0.295814
v -0.048752 -0.196786 0.295066
v -0.045793 -0.196320 0.294564
v -0.042679 -0.196702 0.294352
v -0.042679 -0.196702 0.294352
v -0.039735 -0.197905 0.294509
v -0.037269 -0.199809 0.294964
v -0.035536 -0.202212 0.295676
v -0.034692 -0.204846 0.296563
v -0.034791 -0.207439 0.297533
v -0.035800 -0.209757 0.298504
v -0.037633 -0.211610 0.299398
v -0.040147 -0.212826 0.300135
v -0.043124 -0.213271 0.300633
v -0.046270 -0.212884 0.300829
v -0.049237 -0.211678 0.300695
v -0.051701 -0.209798 0.300252
v -0.053422 -0.207438 0.299554
v -0.054252 -0.204840 0.298677
v -0.052729 -0.191058 0.323608
v -0.051751 -0.189060 0.322156
v -0.049944 -0.187461 0.320812
v -0.047445 -0.186427 0.319707
v -0.044480 -0.186086 0.318969
v -0.041352 -0.186516 0.318669
v -0.041352 -0.186516 0.318669
v -0.038392 -0.187657 0.318907
v -0.035917 -0.189408 0.319589
v -0.034177 -0.191552 0.320647
v -0.033320 -0.193852 0.321959
v -0.033387 -0.196081 0.323394
v -0.034351 -0.198048 0.324837
v -0.036142 -0.199590 0.326173
v -0.038633 -0.200555 0.327276
v -0.041610 -0.200805 0.328019
v -0.044778 -0.200322 0.328302
v -0.047766 -0.199235 0.328085
v -0.050235 -0.197586 0.327405
v -0.051960 -0.195525 0.326352
v -0.052806 -0.193278 0.325045
v -0.050464 -0.176360 0.348195
v -0.049550 -0.174710 0.346291
v -0.047799 -0.173424 0.344535
v -0.045337 -0.172631 0.343097
v -0.042387 -0.172440 0.342143
v -0.039256 -0.172918 0.341767
v -0.039256 -0.172918 0.341767
v -0.036281 -0.173981 0.342090
v -0.033786 -0.175546 0.342995
v -0.032020 -0.177403 0.344389
v -0.031124 -0.179349 0.346112
v -0.031137 -0.181211 0.348001
v -0.032042 -0.182836 0.349904
v -0.033784 -0.184096 0.351667
v -0.036243 -0.184856 0.353115
v -0.039201 -0.185021 0.354080
v -0.042355 -0.184551 0.354435
v -0.045343 -0.183495 0.354131
v -0.047835 -0.181972 0.353217
v -0.049593 -0.180155 0.351817
v -0.050484 -0.178225 0.350088
v -0.047352 -0.159215 0.370660
v -0.046513 -0.157898 0.368355
v -0.044831 -0.156914 0.366240
v -0.042426 -0.156365 0.364518
v -0.039513 -0.156336 0.363383
v -0.036394 -0.156855 0.362954
v -0.036394 -0.156855 0.362954
v -0.033409 -0.157839 0.363347
v -0.030884 -0.159203 0.364447
v -0.029068 -0.160779 0.366135
v -0.028102 -0.162396 0.368225
v -0.028037 -0.163917 0.370522
v -0.028871 -0.165232 0.372838
v -0.030555 -0.166228 0.374973
v -0.032967 -0.166792 0.376714
v -0.035885 -0.166837 0.377861
v -0.039004 -0.166349 0.378270
v -0.041986 -0.165360 0.377891
v -0.044511 -0.163996 0.376777
v -0.046330 -0.162405 0.375071
v -0.047295 -0.160759 0.372964
v -0.043335 -0.139928 0.390038
v -0.042579 -0.138897 0.387421
v -0.040974 -0.138190 0.385037
v -0.038639 -0.137872 0.383110
v -0.035778 -0.137991 0.381847
v -0.032684 -0.138549 0.381386
v -0.032684 -0.138549 0.381386
v -0.029691 -0.139456 0.381830
v -0.027128 -0.140636 0.383074
v -0.025242 -0.141956 0.384984
v -0.024184 -0.143287 0.387355
v -0.024025 -0.144523 0.389970
v -0.024775 -0.145569 0.392605
v -0.026389 -0.146328 0.395021
v -0.028737 -0.146708 0.396975
v -0.031601 -0.146647 0.398251
v -0.034687 -0.146131 0.398698
v -0.037669 -0.145208 0.398262
v -0.040233 -0.143981 0.396998
v -0.042126 -0.142595 0.395061
v -0.043184 -0.141197 0.392662
v -0.038537 -0.119000 0.405354
v -0.037873 -0.118251 0.402528
v -0.036350 -0.117804 0.399970
v -0.034090 -0.117705 0.397914
v -0.031288 -0.117962 0.396575
v -0.028225 -0.118558 0.396101
v -0.028225 -0.118558 0.396101
v -0.025224 -0.119397 0.396571
v -0.022617 -0.120418 0.397905
v -0.020648 -0.121511 0.399956
v -0.019487 -0.122587 0.402512
v -0.019224 -0.123552 0.405339
v -0.019881 -0.124311 0.408184
v -0.021412 -0.124791 0.410784
v -0.023689 -0.124934 0.412877
v -0.026497 -0.124715 0.414238
v -0.029556 -0.124147 0.414711
v -0.032546 -0.123290 0.414239
v -0.035156 -0.122233 0.412880
v -0.037128 -0.121090 0.410790
v -0.038285 -0.119976 0.408196
v -0.033126 -0.096010 0.415790
v -0.032562 -0.095708 0.412845
v -0.031128 -0.095660 0.410189
v -0.028941 -0.095867 0.408065
v -0.026196 -0.096314 0.406687
v -0.023158 -0.096968 0.406213
v -0.023158 -0.096968 0.406213
v -0.020148 -0.097739 0.406687
v -0.017493 -0.098563 0.408064
v -0.015442 -0.099352 0.410188
v -0.014180 -0.100036 0.412845
v -0.013809 -0.100557 0.415790
v -0.014365 -0.100869 0.418755
v -0.015805 -0.100940 0.421462
v -0.018005 -0.100753 0.423638
v -0.020761 -0.100320 0.425052
v -0.023797 -0.099681 0.425543
v -0.026799 -0.098899 0.425052
v -0.029458 -0.098057 0.423638
v -0.031511 -0.097242 0.421462
v -0.032768 -0.096537 0.418755
v -0.027335 -0.071401 0.420900
v -0.026876 -0.071563 0.417879
v -0.025528 -0.071929 0.415162
v -0.023411 -0.072465 0.413002
v -0.020720 -0.073121 0.411610
v -0.017713 -0.073837 0.411138
v -0.017713 -0.073837 0.411138
v -0.014702 -0.074538 0.411610
v -0.012002 -0.075151 0.413003
v -0.009867 -0.075616 0.415162
v -0.008498 -0.075889 0.417879
v -0.008015 -0.075949 0.420900
v -0.008464 -0.075791 0.423942
v -0.009811 -0.075429 0.426714
v -0.011933 -0.074897 0.428935
v -0.014632 -0.074241 0.430374
v -0.017640 -0.073526 0.430872
v -0.020651 -0.072824 0.430374
v -0.023358 -0.072207 0.428935
v -0.025496 -0.071737 0.426714
v -0.026862 -0.071460 0.423943
v -0.000013 0.001360 0.410336
v -0.000013 0.001360 0.410336
v -0.000013 0.001360 0.410336
v -0.000013 0.001360 0.410336
v -0.000013 0.001360 0.410336
v -0.000013 0.001360 0.410336
v -0.000013 0.001360 0.410336
v -0.000013 0.001360 0.410336
v -0.000009 0.001359 0.431126
v -0.000009 0.001359 0.431126
v -0.000009 0.001359 0.431126
v -0.000009 0.001359 0.431126
v 0.035793 0.220289 0.244231
v 0.035665 0.217276 0.244286
v 0.036511 0.214277 0.244334
v 0.038256 0.211608 0.244374
v 0.040715 0.209548 0.244403
v 0.043629 0.208298 0.244421
v 0.043629 0.208298 0.244421
v 0.046697 0.207965 0.244426
v 0.049621 0.208560 0.244416
v 0.052135 0.210012 0.244390
v 0.054016 0.212192 0.244349
v 0.055084 0.214914 0.244298
v 0.055213 0.217927 0.244243
v 0.054367 0.220926 0.244191
v 0.052623 0.223595 0.244144
v 0.050163 0.225657 0.244108
v 0.047249 0.226908 0.244085
v 0.044179 0.227241 0.244079
v 0.041254 0.226645 0.244093
v 0.038740 0.225191 0.244126
v 0.036860 0.223010 0.244175
v 0.035509 0.217473 0.271017
v 0.035392 0.214588 0.270539
v 0.036236 0.211699 0.270102
v 0.037973 0.209107 0.269753
v 0.040434 0.207084 0.269533
v 0.043362 0.205841 0.269460
v 0.043362 0.205841 0.269460
v 0.046454 0.205493 0.269571
v 0.049398 0.206057 0.269824
v 0.051917 0.207456 0.270196
v 0.053788 0.209553 0.270646
v 0.054844 0.212161 0.271132
v 0.054973 0.215045 0.271611
v 0.054141 0.217930 0.272040
v 0.052409 0.220520 0.272378
v 0.049947 0.222545 0.272587
v 0.047007 0.223793 0.272643
v 0.043899 0.224145 0.272540
v 0.040940 0.223582 0.272293
v 0.038417 0.222179 0.271932
v 0.036553 0.220081 0.271495
v 0.034769 0.210165 0.297525
v 0.034668 0.207568 0.296567
v 0.035511 0.204929 0.295691
v 0.037244 0.202522 0.294987
v 0.039709 0.200615 0.294538
v 0.042653 0.199411 0.294384
v 0.042653 0.199411 0.294384
v 0.045766 0.199028 0.294597
v 0.048726 0.199495 0.295098
v 0.051242 0.200745 0.295841
v 0.053090 0.202634 0.296742
v 0.054116 0.204976 0.297714
v 0.054229 0.207564 0.298674
v 0.053398 0.210166 0.299540
v 0.051677 0.212528 0.300229
v 0.049214 0.214409 0.300665
v 0.046248 0.215616 0.300794
v 0.043104 0.216004 0.300597
v 0.040129 0.215559 0.300101
v 0.037615 0.214342 0.299370
v 0.035781 0.212488 0.298485
v 0.033364 0.198800 0.323394
v 0.033297 0.196571 0.321959
v 0.034154 0.194271 0.320647
v 0.035894 0.192127 0.319589
v 0.038369 0.190376 0.318907
v 0.041329 0.189235 0.318669
v 0.041329 0.189235 0.318669
v 0.044457 0.188806 0.318969
v 0.047421 0.189146 0.319707
v 0.049921 0.190180 0.320812
v 0.051728 0.191779 0.322156
v 0.052706 0.193777 0.323608
v 0.052783 0.195997 0.325045
v 0.051937 0.198244 0.326352
v 0.050212 0.200305 0.327405
v 0.047743 0.201954 0.328085
v 0.044755 0.203041 0.328302
v 0.041587 0.203524 0.328019
v 0.038610 0.203274 0.327276
v 0.036119 0.202310 0.326173
v 0.034328 0.200768 0.324837
v 0.031114 0.183930 0.348001
v 0.031101 0.182068 0.346112
v 0.031997 0.180122 0.344389
v 0.033763 0.178266 0.342995
v 0.036258 0.176700 0.342090
v 0.039233 0.175637 0.341767
v 0.039233 0.175637 0.341767
v 0.042364 0.175159 0.342143
v 0.045314 0.175351 0.343097
v 0.047776 0.176143 0.344535
v 0.049527 0.177429 0.346291
v 0.050441 0.179079 0.348195
v 0.050461 0.180944 0.350088
v 0.049570 0.182874 0.351817
v 0.047811 0.184691 0.353217
v 0.045320 0.186214 0.354131
v 0.042332 0.187270 0.354435
v 0.039178 0.187740 0.354080
v 0.036220 0.187575 0.353115
v 0.033761 0.186815 0.351667
v 0.032019 0.185556 0.349904
v 0.028014 0.166636 0.370522
v 0.028079 0.165115 0.368225
v 0.029045 0.163499 0.366135
v 0.030861 0.161922 0.364447
v 0.033386 0.160558 0.363347
v 0.036371 0.159574 0.362954
v 0.036371 0.159574 0.362954
v 0.039490 0.159055 0.363383
v 0.042403 0.159085 0.364518
v 0.044808 0.159633 0.366240
v 0.046490 0.160617 0.368355
v 0.047329 0.161934 0.370660
v 0.047272 0.163478 0.372964
v 0.046307 0.165124 0.375071
v 0.044488 0.166715 0.376777
v 0.041963 0.168079 0.377891
v 0.038981 0.169068 0.378270
v 0.035862 0.169556 0.377861
v 0.032944 0.169511 0.376714
v 0.030532 0.168947 0.374973
v 0.028848 0.167951 0.372838
v 0.024002 0.147242 0.389970
v 0.024161 0.146006 0.387355
v 0.025219 0.144675 0.384984
v 0.027105 0.143356 0.383074
v 0.029668 0.142175 0.381830
v 0.032661 0.141268 0.381386
v 0.032661 0.141268 0.381386
v 0.035755 0.140711 0.381847
v 0.038616 0.140592 0.383110
v 0.040951 0.140909 0.385037
v 0.042556 0.141616 0.387421
v 0.043312 0.142647 0.390038
v 0.043161 0.143916 0.392662
v 0.042103 0.145314 0.395061
v 0.040210 0.146700 0.396998
v 0.037646 0.147927 0.398262
v 0.034664 0.148850 0.398698
v 0.031578 0.149366 0.398251
v 0.028714 0.149427 0.396975
v 0.026366 0.149047 0.395021
v 0.024752 0.148288 0.392605
v 0.019201 0.126271 0.405339
v 0.019464 0.125306 0.402512
v 0.020625 0.124230 0.399956
v 0.022593 0.123137 0.397905
v 0.025201 0.122116 0.396571
v 0.028202 0.121277 0.396101
v 0.028202 0.121277 0.396101
v 0.031265 0.120681 0.396575
v 0.034066 0.120425 0.397914
v 0.036327 0.120523 0.399970
v 0.037850 0.120970 0.402528
v 0.038514 0.121719 0.405354
v 0.038262 0.122695 0.408196
v 0.037105 0.123809 0.410790
v 0.035133 0.124952 0.412880
v 0.032523 0.126009 0.414239
v 0.029533 0.126867 0.414711
v 0.026474 0.127434 0.414238
v 0.023666 0.127653 0.412877
v 0.021389 0.127510 0.410784
v 0.019858 0.127031 0.408184
v 0.013786 0.103276 0.415790
v 0.014157 0.102755 0.412845
v 0.015419 0.102071 0.410188
v 0.017470 0.101282 0.408064
v 0.020125 0.100458 0.406687
v 0.023135 0.099687 0.406213
v 0.023135 0.099687 0.406213
v 0.026173 0.099034 0.406687
v 0.028918 0.098587 0.408065
v 0.031105 0.098379 0.410189
v 0.032539 0.098428 0.412845
v 0.033103 0.098729 0.415790
v 0.032745 0.099256 0.418755
v 0.031488 0.099962 0.421462
v 0.029435 0.100776 0.423638
v 0.026776 0.101618 0.425052
v 0.023774 0.102400 0.425543
v 0.020738 0.103039 0.425052
v 0.017982 0.103472 0.423638
v 0.015782 0.103659 0.421462
v 0.014342 0.103588 0.418755
v 0.007992 0.078668 0.420900
v 0.008475 0.078608 0.417879
v 0.009845 0.078335 0.415162
v 0.011979 0.077870 0.413003
v 0.014679 0.077257 0.411610
v 0.017690 0.076557 0.411138
v 0.017690 0.076557 0.411138
v 0.020697 0.075841 0.411610
v 0.023388 0.075184 0.413002
v 0.025505 0.074648 0.415162
v 0.026853 0.074282 0.417879
v 0.027312 0.074120 0.420900
v 0.026839 0.074179 0.423943
v 0.025473 0.074456 0.426714
v 0.023335 0.074926 0.428935
v 0.020628 0.075543 0.430374
v 0.017617 0.076245 0.430872
v 0.014609 0.076960 0.430374
v 0.011910 0.077616 0.428935
v 0.009788 0.078148 0.426714
v 0.008441 0.078510 0.423943
v -0.004346 0.009169 0.412500
v -0.004346 0.009169 0.412500
v -0.002618 0.004733 0.410941
v -0.002618 0.004733 0.410941
v -0.005777 0.012140 0.426757
v -0.005777 0.012140 0.426757
v -0.006726 0.014049 0.423932
v -0.006726 0.014049 0.423932
v 0.011091 0.007229 0.423874
v 0.011091 0.007229 0.423874
v 0.009524 0.006457 0.426717
v 0.009524 0.006457 0.426717
v -0.007083 0.014627 0.420759
v -0.007083 0.014627 0.420759
v 0.007003 0.005008 0.429017
v 0.007003 0.005008 0.429017
v 0.003714 0.002900 0.410929
v 0.003714 0.002900 0.410929
v 0.003765 0.003142 0.430549
v 0.003765 0.003142 0.430549
v 0.006966 0.004829 0.412478
v 0.006966 0.004829 0.412478
v 0.009504 0.006340 0.414793
v 0.009504 0.006340 0.414793
v -0.006728 0.014046 0.417588
v -0.006728 0.014046 0.417588
v -0.002404 0.005630 0.430536
v -0.002404 0.005630 0.430536
v 0.011093 0.007226 0.417638
v 0.011093 0.007226 0.417638
v -0.005774 0.012182 0.414765
v -0.005774 0.012182 0.414765
v -0.004268 0.009464 0.429007
v -0.004268 0.009464 0.429007
v 0.011644 0.007565 0.420753
v 0.011644 0.007565 0.420753
v -0.007009 -0.002182 0.412481
v -0.007009 -0.002182 0.412481
v -0.003690 -0.000008 0.410926
v -0.003690 -0.000008 0.410926
v -0.009539 -0.003695 0.426715
v -0.009539 -0.003695 0.426715
v -0.011142 -0.004622 0.423870
v -0.011142 -0.004622 0.423870
v 0.006718 -0.011342 0.423877
v 0.006718 -0.011342 0.423877
v 0.005788 -0.009508 0.426687
v 0.005788 -0.009508 0.426687
v -0.011666 -0.004840 0.420754
v -0.011666 -0.004840 0.420754
v 0.004293 -0.006605 0.428998
v 0.004293 -0.006605 0.428998
v 0.002461 -0.002576 0.410947
v 0.002461 -0.002576 0.410947
v 0.002416 -0.002740 0.430537
v 0.002416 -0.002740 0.430537
v 0.004351 -0.006408 0.412511
v 0.004351 -0.006408 0.412511
v 0.005775 -0.009581 0.414832
v 0.005775 -0.009581 0.414832
v -0.011129 -0.004559 0.417638
v -0.011129 -0.004559 0.417638
v -0.003791 -0.000444 0.430549
v -0.003791 -0.000444 0.430549
v 0.006710 -0.011382 0.417643
v 0.006710 -0.011382 0.417643
v -0.009530 -0.003627 0.414794
v -0.009530 -0.003627 0.414794
v -0.007041 -0.002370 0.429019
v -0.007041 -0.002370 0.429019
v 0.007032 -0.012027 0.420761
v 0.007032 -0.012027 0.420761
v -0.203548 0.081007 0.244289
v -0.201041 0.079651 0.244313
v -0.199183 0.077565 0.244332
v -0.198121 0.074928 0.244341
v -0.197961 0.071962 0.244343
v -0.198749 0.068939 0.244337
v -0.198749 0.068939 0.244337
v -0.200437 0.066170 0.244326
v -0.202867 0.063954 0.244311
v -0.205789 0.062529 0.244291
v -0.208888 0.062040 0.244267
v -0.211835 0.062512 0.244240
v -0.214346 0.063863 0.244212
v -0.216211 0.065949 0.244189
v -0.217279 0.068590 0.244175
v -0.217440 0.071564 0.244172
v -0.216649 0.074592 0.244179
v -0.214957 0.077363 0.244193
v -0.212522 0.079579 0.244212
v -0.209596 0.081001 0.244236
v -0.206495 0.081485 0.244262
v -0.200916 0.080626 0.271160
v -0.198505 0.079278 0.270667
v -0.196721 0.077195 0.270208
v -0.195712 0.074553 0.269825
v -0.195586 0.071573 0.269561
v -0.196387 0.068538 0.269439
v -0.196387 0.068538 0.269439
v -0.198061 0.065763 0.269504
v -0.200449 0.063545 0.269720
v -0.203297 0.062120 0.270069
v -0.206297 0.061628 0.270507
v -0.209135 0.062088 0.270988
v -0.211547 0.063423 0.271470
v -0.213334 0.065502 0.271917
v -0.214346 0.068153 0.272291
v -0.214468 0.071149 0.272552
v -0.213661 0.074198 0.272667
v -0.211981 0.076981 0.272620
v -0.209593 0.079198 0.272416
v -0.206749 0.080615 0.272078
v -0.203753 0.081098 0.271645
v -0.194052 0.079498 0.297759
v -0.191886 0.078188 0.296776
v -0.190291 0.076128 0.295860
v -0.189421 0.073487 0.295100
v -0.189388 0.070494 0.294582
v -0.190221 0.067445 0.294353
v -0.190221 0.067445 0.294353
v -0.191852 0.064661 0.294494
v -0.194116 0.062441 0.294935
v -0.196771 0.061016 0.295637
v -0.199521 0.060512 0.296514
v -0.202080 0.060942 0.297477
v -0.204225 0.062236 0.298446
v -0.205788 0.064284 0.299346
v -0.206626 0.066929 0.300097
v -0.206637 0.069941 0.300613
v -0.205796 0.073018 0.300829
v -0.204164 0.075818 0.300714
v -0.201929 0.078032 0.300287
v -0.199320 0.079445 0.299599
v -0.196605 0.079939 0.298728
v -0.183343 0.077317 0.323658
v -0.181497 0.076073 0.322194
v -0.180170 0.074064 0.320834
v -0.179500 0.071444 0.319711
v -0.179585 0.068454 0.318955
v -0.180458 0.065397 0.318637
v -0.180458 0.065397 0.318637
v -0.182017 0.062603 0.318862
v -0.184117 0.060372 0.319534
v -0.186503 0.058929 0.320588
v -0.188913 0.058389 0.321899
v -0.191116 0.058761 0.323339
v -0.192928 0.059989 0.324793
v -0.194202 0.061984 0.326147
v -0.194806 0.064600 0.327270
v -0.194635 0.067608 0.328033
v -0.193710 0.070701 0.328334
v -0.192205 0.073516 0.328132
v -0.190211 0.075739 0.327463
v -0.187907 0.077169 0.326415
v -0.185544 0.077699 0.325105
v -0.169277 0.073815 0.348240
v -0.167757 0.072664 0.346325
v -0.166719 0.070734 0.344555
v -0.166272 0.068168 0.343101
v -0.166492 0.065204 0.342132
v -0.167403 0.062153 0.341743
v -0.167403 0.062153 0.341743
v -0.168876 0.059344 0.342054
v -0.170782 0.057084 0.342948
v -0.172876 0.055594 0.344336
v -0.174936 0.054985 0.346058
v -0.176785 0.055270 0.347952
v -0.178274 0.056409 0.349866
v -0.179285 0.058332 0.351643
v -0.179702 0.060898 0.353108
v -0.179460 0.063874 0.354089
v -0.178560 0.066946 0.354457
v -0.177099 0.069764 0.354165
v -0.175240 0.072019 0.353262
v -0.173186 0.073503 0.351868
v -0.171136 0.074107 0.350140
v -0.152853 0.069000 0.370693
v -0.151649 0.067964 0.368380
v -0.150893 0.066139 0.366255
v -0.150671 0.063658 0.364523
v -0.151037 0.060750 0.363377
v -0.151976 0.057720 0.362939
v -0.151976 0.057720 0.362939
v -0.153362 0.054896 0.363323
v -0.155061 0.052588 0.364415
v -0.156874 0.051017 0.366098
v -0.158611 0.050299 0.368185
v -0.160132 0.050463 0.370486
v -0.161327 0.051491 0.372810
v -0.162091 0.053321 0.374957
v -0.162329 0.055810 0.376709
v -0.161983 0.058725 0.377865
v -0.161079 0.061758 0.378281
v -0.159697 0.064577 0.377909
v -0.158002 0.066885 0.376803
v -0.156174 0.068458 0.375103
v -0.154404 0.069174 0.372999
v -0.134360 0.062782 0.390053
v -0.133430 0.061879 0.387434
v -0.132935 0.060175 0.385045
v -0.132928 0.057801 0.383113
v -0.133426 0.054969 0.381845
v -0.134392 0.051972 0.381380
v -0.134392 0.051972 0.381380
v -0.135692 0.049130 0.381819
v -0.137205 0.046758 0.383059
v -0.138765 0.045078 0.384965
v -0.140226 0.044222 0.387335
v -0.141474 0.044242 0.389953
v -0.142413 0.045140 0.392592
v -0.142955 0.046853 0.395013
v -0.143022 0.049241 0.396972
v -0.142584 0.052078 0.398252
v -0.141665 0.055071 0.398701
v -0.140356 0.057903 0.398267
v -0.138801 0.060277 0.397007
v -0.137174 0.061962 0.395073
v -0.135645 0.062814 0.392677
v -0.114271 0.055351 0.405358
v -0.113614 0.054595 0.402531
v -0.113371 0.053026 0.399972
v -0.113570 0.050769 0.397915
v -0.114193 0.048022 0.396574
v -0.115188 0.045063 0.396100
v -0.115188 0.045063 0.396100
v -0.116415 0.042201 0.396568
v -0.117770 0.039754 0.397901
v -0.119112 0.037949 0.399951
v -0.120330 0.036940 0.402507
v -0.121321 0.036804 0.405335
v -0.121987 0.037554 0.408182
v -0.122262 0.039135 0.410782
v -0.122104 0.041411 0.412876
v -0.121518 0.044166 0.414238
v -0.120554 0.047124 0.414711
v -0.119311 0.049975 0.414240
v -0.117921 0.052423 0.412881
v -0.116528 0.054228 0.410792
v -0.115272 0.055229 0.408199
v -0.092191 0.046970 0.415790
v -0.091966 0.046372 0.412845
v -0.092106 0.044943 0.410189
v -0.092599 0.042802 0.408065
v -0.093403 0.040140 0.406687
v -0.094450 0.037214 0.406212
v -0.094450 0.037214 0.406212
v -0.095609 0.034331 0.406687
v -0.096774 0.031807 0.408064
v -0.097826 0.029878 0.410187
v -0.098669 0.028716 0.412844
v -0.099235 0.028417 0.415790
v -0.099471 0.029009 0.418755
v -0.099352 0.030446 0.421462
v -0.098878 0.032603 0.423638
v -0.098088 0.035277 0.425052
v -0.097055 0.038203 0.425543
v -0.095886 0.041077 0.425052
v -0.094702 0.043602 0.423638
v -0.093625 0.045530 0.421462
v -0.092761 0.046684 0.418755
v -0.068555 0.037998 0.420900
v -0.068776 0.037565 0.417880
v -0.069316 0.036278 0.415165
v -0.070125 0.034251 0.413005
v -0.071128 0.031670 0.411611
v -0.072234 0.028780 0.411138
v -0.072234 0.028780 0.411138
v -0.073325 0.025884 0.411611
v -0.074287 0.023287 0.413005
v -0.075027 0.021234 0.415165
v -0.075478 0.019913 0.417880
v -0.075600 0.019442 0.420900
v -0.075385 0.019867 0.423941
v -0.074850 0.021153 0.426712
v -0.074043 0.023187 0.428933
v -0.073039 0.025776 0.430373
v -0.071935 0.028666 0.430872
v -0.070843 0.031560 0.430373
v -0.069876 0.034164 0.428933
v -0.069130 0.036220 0.426712
v -0.068676 0.037538 0.423941
v 0.211812 -0.059793 0.244240
v 0.208865 -0.059321 0.244267
v 0.205766 -0.059810 0.244291
v 0.202844 -0.061235 0.244311
v 0.200413 -0.063451 0.244326
v 0.198726 -0.066220 0.244337
v 0.198726 -0.066220 0.244337
v 0.197938 -0.069242 0.244343
v 0.198098 -0.072209 0.244341
v 0.199160 -0.074846 0.244332
v 0.201018 -0.076932 0.244313
v 0.203525 -0.078288 0.244289
v 0.206472 -0.078766 0.244262
v 0.209573 -0.078281 0.244236
v 0.212499 -0.076860 0.244212
v 0.214934 -0.074644 0.244193
v 0.216626 -0.071873 0.244179
v 0.217417 -0.068845 0.244172
v 0.217256 -0.065871 0.244175
v 0.216188 -0.063230 0.244189
v 0.214323 -0.061144 0.244212
v 0.209112 -0.059368 0.270988
v 0.206274 -0.058909 0.270507
v 0.203274 -0.059401 0.270069
v 0.200426 -0.060826 0.269720
v 0.198038 -0.063044 0.269504
v 0.196364 -0.065819 0.269439
v 0.196364 -0.065819 0.269439
v 0.195563 -0.068854 0.269561
v 0.195689 -0.071834 0.269825
v 0.196698 -0.074476 0.270208
v 0.198482 -0.076559 0.270667
v 0.200893 -0.077906 0.271160
v 0.203730 -0.078379 0.271645
v 0.206726 -0.077896 0.272078
v 0.209570 -0.076479 0.272416
v 0.211958 -0.074262 0.272620
v 0.213637 -0.071479 0.272667
v 0.214445 -0.068430 0.272552
v 0.214323 -0.065434 0.272291
v 0.213311 -0.062783 0.271917
v 0.211524 -0.060704 0.271470
v 0.202057 -0.058223 0.297477
v 0.199498 -0.057793 0.296514
v 0.196748 -0.058297 0.295637
v 0.194093 -0.059722 0.294935
v 0.191828 -0.061942 0.294494
v 0.190198 -0.064726 0.294353
v 0.190198 -0.064726 0.294353
v 0.189365 -0.067775 0.294582
v 0.189398 -0.070768 0.295100
v 0.190268 -0.073409 0.295860
v 0.191863 -0.075469 0.296776
v 0.194029 -0.076778 0.297759
v 0.196582 -0.077220 0.298728
v 0.199297 -0.076726 0.299599
v 0.201906 -0.075313 0.300287
v 0.204141 -0.073099 0.300714
v 0.205773 -0.070299 0.300829
v 0.206613 -0.067222 0.300613
v 0.206603 -0.064209 0.300097
v 0.205765 -0.061565 0.299346
v 0.204202 -0.059517 0.298446
v 0.191093 -0.056042 0.323339
v 0.188890 -0.055670 0.321899
v 0.186480 -0.056210 0.320588
v 0.184094 -0.057653 0.319534
v 0.181994 -0.059884 0.318862
v 0.180435 -0.062678 0.318637
v 0.180435 -0.062678 0.318637
v 0.179561 -0.065735 0.318955
v 0.179477 -0.068725 0.319711
v 0.180146 -0.071345 0.320834
v 0.181474 -0.073354 0.322194
v 0.183320 -0.074598 0.323658
v 0.185521 -0.074980 0.325105
v 0.187884 -0.074450 0.326415
v 0.190188 -0.073020 0.327463
v 0.192182 -0.070797 0.328132
v 0.193687 -0.067982 0.328334
v 0.194612 -0.064889 0.328033
v 0.194783 -0.061881 0.327270
v 0.194178 -0.059265 0.326147
v 0.192905 -0.057270 0.324793
v 0.176762 -0.052551 0.347952
v 0.174913 -0.052266 0.346058
v 0.172853 -0.052875 0.344336
v 0.170759 -0.054365 0.342948
v 0.168853 -0.056625 0.342054
v 0.167380 -0.059434 0.341743
v 0.167380 -0.059434 0.341743
v 0.166469 -0.062485 0.342132
v 0.166249 -0.065449 0.343101
v 0.166695 -0.068015 0.344555
v 0.167734 -0.069945 0.346325
v 0.169254 -0.071095 0.348240
v 0.171113 -0.071388 0.350140
v 0.173163 -0.070783 0.351868
v 0.175217 -0.069300 0.353262
v 0.177076 -0.067045 0.354165
v 0.178537 -0.064227 0.354457
v 0.179437 -0.061155 0.354089
v 0.179679 -0.058179 0.353108
v 0.179262 -0.055613 0.351643
v 0.178251 -0.053690 0.349866
v 0.160109 -0.047743 0.370486
v 0.158588 -0.047580 0.368185
v 0.156851 -0.048298 0.366098
v 0.155038 -0.049869 0.364415
v 0.153338 -0.052177 0.363323
v 0.151953 -0.055001 0.362939
v 0.151953 -0.055001 0.362939
v 0.151013 -0.058031 0.363377
v 0.150648 -0.060939 0.364523
v 0.150870 -0.063420 0.366255
v 0.151626 -0.065245 0.368380
v 0.152830 -0.066281 0.370693
v 0.154380 -0.066455 0.372999
v 0.156151 -0.065739 0.375103
v 0.157979 -0.064166 0.376803
v 0.159674 -0.061858 0.377909
v 0.161056 -0.059038 0.378281
v 0.161960 -0.056006 0.377865
v 0.162305 -0.053091 0.376709
v 0.162068 -0.050601 0.374957
v 0.161304 -0.048772 0.372810
v 0.141451 -0.041523 0.389953
v 0.140203 -0.041502 0.387335
v 0.138742 -0.042359 0.384965
v 0.137182 -0.044039 0.383059
v 0.135669 -0.046411 0.381819
v 0.134369 -0.049253 0.381380
v 0.134369 -0.049253 0.381380
v 0.133403 -0.052250 0.381845
v 0.132905 -0.055082 0.383113
v 0.132912 -0.057456 0.385045
v 0.133407 -0.059160 0.387434
v 0.134336 -0.060063 0.390053
v 0.135621 -0.060095 0.392677
v 0.137151 -0.059243 0.395073
v 0.138778 -0.057558 0.397007
v 0.140333 -0.055184 0.398267
v 0.141642 -0.052352 0.398701
v 0.142561 -0.049359 0.398252
v 0.142999 -0.046522 0.396972
v 0.142932 -0.044134 0.395013
v 0.142390 -0.042421 0.392592
v 0.121298 -0.034085 0.405335
v 0.120307 -0.034221 0.402507
v 0.119089 -0.035230 0.399951
v 0.117747 -0.037035 0.397901
v 0.116392 -0.039482 0.396568
v 0.115165 -0.042344 0.396100
v 0.115165 -0.042344 0.396100
v 0.114170 -0.045303 0.396574
v 0.113547 -0.048049 0.397915
v 0.113348 -0.050307 0.399972
v 0.113591 -0.051876 0.402531
v 0.114248 -0.052632 0.405358
v 0.115249 -0.052510 0.408199
v 0.116505 -0.051509 0.410792
v 0.117898 -0.049704 0.412881
v 0.119288 -0.047256 0.414240
v 0.120531 -0.044405 0.414711
v 0.121495 -0.041447 0.414238
v 0.122081 -0.038692 0.412876
v 0.122239 -0.036416 0.410782
v 0.121964 -0.034835 0.408182
v 0.099212 -0.025698 0.415790
v 0.098646 -0.025997 0.412844
v 0.097803 -0.027159 0.410187
v 0.096751 -0.029088 0.408064
v 0.095586 -0.031612 0.406687
v 0.094427 -0.034495 0.406212
v 0.094427 -0.034495 0.406212
v 0.093380 -0.037421 0.406687
v 0.092576 -0.040083 0.408065
v 0.092083 -0.042224 0.410189
v 0.091943 -0.043652 0.412845
v 0.092168 -0.044251 0.415790
v 0.092738 -0.043965 0.418755
v 0.093602 -0.042811 0.421462
v 0.094679 -0.040883 0.423638
v 0.095862 -0.038358 0.425052
v 0.097032 -0.035484 0.425543
v 0.098065 -0.032558 0.425052
v 0.098855 -0.029884 0.423638
v 0.099329 -0.027727 0.421462
v 0.099448 -0.026290 0.418755
v 0.075577 -0.016723 0.420900
v 0.075455 -0.017194 0.417880
v 0.075004 -0.018515 0.415165
v 0.074264 -0.020568 0.413005
v 0.073302 -0.023165 0.411611
v 0.072211 -0.026060 0.411138
v 0.072211 -0.026060 0.411138
v 0.071105 -0.028951 0.411611
v 0.070102 -0.031532 0.413005
v 0.069292 -0.033559 0.415165
v 0.068753 -0.034846 0.417880
v 0.068532 -0.035279 0.420900
v 0.068653 -0.034818 0.423941
v 0.069106 -0.033501 0.426712
v 0.069853 -0.031445 0.428933
v 0.070820 -0.028841 0.430373
v 0.071912 -0.025947 0.430872
v 0.073016 -0.023057 0.430373
v 0.074020 -0.020468 0.428933
v 0.074827 -0.018434 0.426712
v 0.075362 -0.017148 0.423941
v 0.210413 -0.078671 0.024188
v 0.212526 -0.077677 0.018728
v 0.212526 -0.077677 0.018728
v 0.050508 0.228482 0.026861
v 0.051311 0.227962 0.015044
v 0.051311 0.227962 0.015044
v 0.051311 0.227962 0.015044
v 0.049704 0.229002 0.014943
v 0.049704 0.229002 0.014943
v 0.049704 0.229002 0.014943
v 0.050508 0.228482 0.024930
v 0.050614 0.228694 0.019964
v 0.211400 -0.078208 0.015218
v 0.211400 -0.078208 0.015218
v 0.209678 -0.078791 0.018671
v 0.210563 -0.078524 0.014960
v 0.210563 -0.078524 0.014960
v 0.210585 -0.078524 0.018041
v 0.211453 -0.078184 0.017391
v 0.046284 0.209235 0.028923
v 0.049393 0.209919 0.028927
v 0.052106 0.211558 0.028928
v 0.054164 0.213999 0.028927
v 0.055363 0.217010 0.028922
v 0.050505 0.228459 0.028554
v 0.054781 0.223532 0.028862
v 0.053055 0.226390 0.028713
v 0.035092 0.219232 0.029104
v 0.047587 0.229918 0.028451
v 0.035317 0.222518 0.029129
v 0.035879 0.215991 0.029018
v 0.044391 0.230256 0.028471
v 0.037601 0.213123 0.028937
v 0.041292 0.229577 0.028610
v 0.040083 0.210912 0.028910
v 0.038585 0.227949 0.028851
v 0.043077 0.209574 0.028917
v 0.043077 0.209574 0.028917
v 0.036524 0.225521 0.029052
v 0.055577 0.220297 0.028914
v -0.197846 0.074983 0.026615
v -0.197846 0.074983 0.026615
v -0.202703 0.063686 0.026207
v -0.202703 0.063686 0.026207
v -0.205697 0.062228 0.026264
v -0.205697 0.062228 0.026264
v -0.211919 0.062225 0.026367
v -0.211919 0.062225 0.026367
v -0.214516 0.063632 0.026591
v -0.214516 0.063632 0.026591
v -0.217554 0.068541 0.026947
v -0.217554 0.068541 0.026947
v -0.217723 0.071611 0.026942
v -0.217723 0.071611 0.026942
v -0.215185 0.077569 0.026638
v -0.215185 0.077569 0.026638
v -0.206517 0.081794 0.026613
v -0.206517 0.081794 0.026613
v -0.050947 -0.229337 0.025416
v -0.050947 -0.229337 0.025416
v -0.047931 -0.230598 0.025416
v -0.047931 -0.230598 0.025416
v -0.044674 -0.230864 0.024613
v -0.044674 -0.230864 0.024613
v -0.041493 -0.230111 0.024383
v -0.041493 -0.230111 0.024383
v -0.035310 -0.222917 0.026804
v -0.035310 -0.222917 0.026804
v -0.049429 -0.210782 0.026804
v -0.049429 -0.210782 0.026804
v -0.052221 -0.212481 0.026804
v -0.052221 -0.212481 0.026804
v -0.054352 -0.214960 0.026804
v -0.054352 -0.214960 0.026804
v 0.204961 -0.059403 0.025784
v 0.204961 -0.059403 0.025784
v 0.197407 -0.068854 0.024992
v 0.197407 -0.068854 0.024992
v 0.197731 -0.071984 0.024663
v 0.197731 -0.071984 0.024663
v 0.204156 -0.078515 0.025700
v 0.204156 -0.078515 0.025700
v 0.207263 -0.079088 0.023644
v 0.207263 -0.079088 0.023644
v 0.207263 -0.079088 0.023644
v 0.215570 -0.075167 0.025774
v 0.215570 -0.075167 0.025774
v 0.217110 -0.072401 0.025772
v 0.217110 -0.072401 0.025772
v 0.217353 -0.066194 0.025772
v 0.217353 -0.066194 0.025772
v 0.213911 -0.061082 0.024065
v 0.213911 -0.061082 0.024065
v 0.035314 0.222534 0.027687
v 0.035314 0.222534 0.027687
v 0.038583 0.227970 0.027299
v 0.038583 0.227970 0.027299
v 0.041293 0.229601 0.026961
v 0.041293 0.229601 0.026961
v 0.055580 0.220315 0.027342
v 0.055580 0.220315 0.027342
v 0.055365 0.217026 0.027353
v 0.055365 0.217026 0.027353
v 0.052106 0.211570 0.027369
v 0.052106 0.211570 0.027369
v 0.049391 0.209929 0.027374
v 0.049391 0.209929 0.027374
v 0.046281 0.209245 0.027377
v 0.046281 0.209245 0.027377
v 0.040079 0.210922 0.027375
v 0.040079 0.210922 0.027375
v 0.037596 0.213134 0.027418
v 0.037596 0.213134 0.027418
v 0.035088 0.219245 0.027653
v 0.035088 0.219245 0.027653
v 0.051311 0.227962 0.026911
v 0.051311 0.227962 0.026911
v 0.051311 0.227962 0.026911
v 0.051311 0.227962 0.024981
v 0.051311 0.227962 0.024981
v -0.024387 0.218562 0.100023
v -0.045091 0.214898 0.100023
v -0.084930 0.201506 0.100023
v -0.103674 0.191902 0.100023
v -0.137898 0.167337 0.100023
v -0.153083 0.152657 0.100023
v -0.197283 0.081116 0.100023
v -0.197283 0.081116 0.100023
v -0.203630 0.060878 0.100023
v -0.210378 -0.023106 0.100023
v -0.206970 -0.044054 0.100023
v -0.148274 -0.154541 0.100019
v -0.038485 -0.212893 0.100082
v -0.038485 -0.212893 0.100082
v 0.189243 -0.097753 0.100023
v 0.211605 -0.016380 0.100023
v 0.210876 0.026021 0.100023
v 0.207392 0.046947 0.100023
v 0.202033 0.067477 0.100023
v 0.195057 0.087513 0.100023
v 0.185774 0.106536 0.100023
v 0.174509 0.124472 0.100023
v 0.148383 0.157704 0.100023
v 0.078652 0.204108 0.100023
v 0.058797 0.211078 0.100023
v 0.058797 0.211078 0.100023
v 0.038387 0.216148 0.100023
v -0.003418 0.220024 0.100023
v -0.043876 0.209092 0.100150
v -0.023732 0.212658 0.100150
v -0.082634 0.196060 0.100150
v -0.100869 0.186715 0.100149
v -0.134164 0.162812 0.100149
v -0.148936 0.148529 0.100149
v -0.191927 0.078921 0.100149
v -0.191927 0.078921 0.100149
v -0.198097 0.059229 0.100149
v -0.204641 -0.022477 0.100149
v -0.201317 -0.042856 0.100149
v -0.144192 -0.150324 0.100145
v -0.037509 -0.207422 0.100221
v -0.037509 -0.207422 0.100221
v 0.184084 -0.095088 0.100149
v 0.205851 -0.015924 0.100149
v 0.205146 0.025329 0.100149
v 0.201757 0.045688 0.100149
v 0.196545 0.065662 0.100149
v 0.189764 0.085158 0.100149
v 0.180728 0.103662 0.100149
v 0.169762 0.121108 0.100149
v 0.144354 0.153449 0.100149
v 0.076515 0.198597 0.100150
v 0.057197 0.205378 0.100150
v 0.057197 0.205378 0.100150
v 0.037340 0.210310 0.100150
v -0.003332 0.214081 0.100150
v -0.043885 0.209134 0.105309
v -0.023737 0.212700 0.105309
v -0.082651 0.196099 0.105309
v -0.100890 0.186752 0.105309
v -0.134192 0.162845 0.105309
v -0.148967 0.148558 0.105309
v -0.191967 0.078936 0.105309
v -0.191967 0.078936 0.105309
v -0.198138 0.059240 0.105309
v -0.204683 -0.022483 0.105309
v -0.201358 -0.042867 0.105309
v -0.144220 -0.150356 0.105312
v -0.037519 -0.207478 0.105247
v -0.037519 -0.207478 0.105247
v 0.184121 -0.095109 0.105309
v 0.205893 -0.015928 0.105309
v 0.205188 0.025333 0.105309
v 0.201799 0.045696 0.105309
v 0.196586 0.065674 0.105309
v 0.189803 0.085174 0.105309
v 0.180765 0.103683 0.105309
v 0.169797 0.121132 0.105309
v 0.144384 0.153480 0.105309
v 0.076530 0.198637 0.105309
v 0.057209 0.205419 0.105309
v 0.057209 0.205419 0.105309
v 0.037348 0.210352 0.105309
v -0.003333 0.214124 0.105309
v -0.045123 0.215046 0.105235
v -0.024404 0.218713 0.105235
v -0.084990 0.201645 0.105236
v -0.103746 0.192034 0.105236
v -0.137995 0.167451 0.105236
v -0.153190 0.152761 0.105236
v -0.197421 0.081170 0.105236
v -0.197421 0.081170 0.105236
v -0.203773 0.060918 0.105236
v -0.210524 -0.023125 0.105236
v -0.207114 -0.044088 0.105236
v -0.148375 -0.154651 0.105240
v -0.038515 -0.213061 0.105155
v -0.038515 -0.213061 0.105155
v 0.189373 -0.097824 0.105236
v 0.211752 -0.016394 0.105236
v 0.211022 0.026037 0.105236
v 0.207536 0.046978 0.105236
v 0.202174 0.067522 0.105236
v 0.195193 0.087572 0.105236
v 0.185903 0.106608 0.105236
v 0.174631 0.124557 0.105236
v 0.148486 0.157813 0.105236
v 0.078707 0.204249 0.105236
v 0.058838 0.211224 0.105235
v 0.058838 0.211224 0.105235
v 0.038414 0.216297 0.105235
v -0.003421 0.220176 0.105235
v -0.203540 -0.022357 0.102778
v -0.203540 -0.022357 0.102778
v -0.200233 -0.042627 0.102778
v -0.200233 -0.042627 0.102778
v -0.143410 -0.149519 0.102777
v -0.143410 -0.149519 0.102777
v -0.037320 -0.206371 0.102785
v -0.037320 -0.206371 0.102785
v -0.037320 -0.206371 0.102785
v -0.037320 -0.206371 0.102785
v 0.183096 -0.094577 0.102778
v 0.183096 -0.094577 0.102778
v 0.204747 -0.015834 0.102778
v 0.204747 -0.015834 0.102778
v 0.204046 0.025198 0.102778
v 0.204046 0.025198 0.102778
v 0.200675 0.045449 0.102778
v 0.200675 0.045449 0.102778
v 0.195491 0.065316 0.102778
v 0.195491 0.065316 0.102778
v 0.188748 0.084709 0.102778
v 0.188748 0.084709 0.102778
v 0.179760 0.103115 0.102778
v 0.179760 0.103115 0.102778
v 0.168850 0.120467 0.102778
v 0.168850 0.120467 0.102778
v 0.143581 0.152638 0.102778
v 0.143581 0.152638 0.102778
v -0.023608 0.211532 0.102778
v -0.023608 0.211532 0.102778
v -0.043644 0.207985 0.102778
v -0.043644 0.207985 0.102778
v 0.076104 0.197546 0.102778
v 0.076104 0.197546 0.102778
v -0.082196 0.195021 0.102778
v -0.082196 0.195021 0.102778
v 0.056890 0.204291 0.102778
v 0.056890 0.204291 0.102778
v 0.056890 0.204291 0.102778
v 0.056890 0.204291 0.102778
v -0.100333 0.185725 0.102778
v -0.100333 0.185725 0.102778
v 0.037139 0.209197 0.102778
v 0.037139 0.209197 0.102778
v -0.133449 0.161948 0.102778
v -0.133449 0.161948 0.102778
v -0.003317 0.212948 0.102778
v -0.003317 0.212948 0.102778
v -0.148142 0.147740 0.102778
v -0.148142 0.147740 0.102778
v -0.190899 0.078501 0.102778
v -0.190899 0.078501 0.102778
v -0.190899 0.078501 0.102778
v -0.190899 0.078501 0.102778
v -0.197035 0.058914 0.102778
v -0.197035 0.058914 0.102778
v -0.138686 0.168287 0.102640
v -0.138686 0.168287 0.102640
v -0.104265 0.192992 0.102640
v -0.104265 0.192992 0.102640
v -0.003436 0.221272 0.102640
v -0.003436 0.221272 0.102640
v 0.038609 0.217373 0.102640
v 0.038609 0.217373 0.102640
v -0.153959 0.153524 0.102640
v -0.153959 0.153524 0.102640
v -0.024524 0.219802 0.102640
v -0.024524 0.219802 0.102640
v -0.198416 0.081577 0.102640
v -0.198416 0.081577 0.102640
v -0.198416 0.081577 0.102640
v -0.198416 0.081577 0.102640
v -0.204800 0.061224 0.102640
v -0.204800 0.061224 0.102640
v -0.211590 -0.023241 0.102640
v -0.211590 -0.023241 0.102640
v -0.208164 -0.044309 0.102640
v -0.208164 -0.044309 0.102640
v -0.149131 -0.155430 0.102640
v -0.149131 -0.155430 0.102640
v -0.038698 -0.214075 0.102625
v -0.038698 -0.214075 0.102625
v -0.038698 -0.214075 0.102625
v -0.038698 -0.214075 0.102625
v 0.190330 -0.098318 0.102640
v 0.190330 -0.098318 0.102640
v 0.212821 -0.016480 0.102640
v 0.212821 -0.016480 0.102640
v 0.212087 0.026163 0.102640
v 0.212087 0.026163 0.102640
v 0.208583 0.047209 0.102640
v 0.208583 0.047209 0.102640
v 0.203194 0.067856 0.102640
v 0.203194 0.067856 0.102640
v 0.196177 0.088007 0.102640
v 0.196177 0.088007 0.102640
v 0.186841 0.107138 0.102640
v 0.186841 0.107138 0.102640
v 0.175513 0.125178 0.102640
v 0.175513 0.125178 0.102640
v 0.149234 0.158597 0.102640
v 0.149234 0.158597 0.102640
v -0.045347 0.216117 0.102640
v -0.045347 0.216117 0.102640
v 0.079104 0.205266 0.102640
v 0.079104 0.205266 0.102640
v -0.085414 0.202650 0.102640
v -0.085414 0.202650 0.102640
v 0.059135 0.212275 0.102640
v 0.059135 0.212275 0.102640
v 0.059135 0.212275 0.102640
v 0.059135 0.212275 0.102640
v -0.044507 0.212104 0.106408
v -0.024072 0.215721 0.106409
v -0.083826 0.198885 0.106407
v -0.102325 0.189406 0.106406
v -0.136102 0.165159 0.106404
v -0.151089 0.150670 0.106404
v -0.194707 0.080058 0.106400
v -0.194707 0.080058 0.106400
v -0.200968 0.060083 0.106400
v -0.207617 -0.022805 0.106399
v -0.204250 -0.043480 0.106400
v -0.146307 -0.152514 0.106411
v -0.038020 -0.210286 0.106288
v -0.038020 -0.210286 0.106288
v 0.186760 -0.096473 0.106401
v 0.208836 -0.016162 0.106399
v 0.208119 0.025686 0.106399
v 0.204681 0.046340 0.106399
v 0.199393 0.066602 0.106399
v 0.192511 0.086379 0.106400
v 0.183346 0.105152 0.106401
v 0.172225 0.122853 0.106402
v 0.146445 0.155657 0.106404
v 0.077624 0.201456 0.106407
v 0.058027 0.208336 0.106407
v 0.058027 0.208336 0.106407
v 0.037883 0.213339 0.106408
v -0.003377 0.217164 0.106409
v -0.044477 0.211966 0.098920
v -0.024056 0.215580 0.098919
v -0.083770 0.198756 0.098921
v -0.102257 0.189283 0.098922
v -0.136012 0.165052 0.098924
v -0.150989 0.150573 0.098924
v -0.194578 0.080008 0.098927
v -0.194578 0.080008 0.098927
v -0.200836 0.060046 0.098928
v -0.207481 -0.022787 0.098928
v -0.204116 -0.043448 0.098927
v -0.146214 -0.152411 0.098918
v -0.037991 -0.210124 0.099036
v -0.037991 -0.210124 0.099036
v 0.186638 -0.096407 0.098927
v 0.208700 -0.016149 0.098928
v 0.207983 0.025672 0.098928
v 0.204547 0.046312 0.098928
v 0.199262 0.066561 0.098928
v 0.192385 0.086324 0.098927
v 0.183226 0.105085 0.098927
v 0.172112 0.122773 0.098926
v 0.146349 0.155556 0.098924
v 0.077573 0.201325 0.098921
v 0.057989 0.208200 0.098921
v 0.057989 0.208200 0.098921
v 0.037859 0.213200 0.098920
v -0.003374 0.217023 0.098919
v 0.206508 0.004718 0.100149
v 0.212279 0.004836 0.100023
v 0.206551 0.004718 0.105309
v 0.212426 0.004837 0.105236
v 0.205401 0.004697 0.102778
v 0.205401 0.004697 0.102778
v 0.213498 0.004857 0.102640
v 0.213498 0.004857 0.102640
v 0.209502 0.004778 0.106399
v 0.209365 0.004777 0.098928
v 0.017103 0.213273 0.100150
v 0.017586 0.219193 0.100023
v 0.017106 0.213315 0.105309
v 0.017598 0.219345 0.105235
v 0.017009 0.212144 0.102778
v 0.017009 0.212144 0.102778
v 0.017689 0.220436 0.102640
v 0.017689 0.220436 0.102640
v 0.017353 0.216344 0.106409
v 0.017342 0.216203 0.098920
v -0.063570 0.203532 0.100150
v -0.065334 0.209185 0.100023
v -0.063583 0.203573 0.105309
v -0.065380 0.209329 0.105235
v -0.063233 0.202454 0.102778
v -0.063233 0.202454 0.102778
v -0.065706 0.210372 0.102640
v -0.065706 0.210372 0.102640
v -0.064486 0.206465 0.106408
v -0.064443 0.206330 0.098921
v -0.118096 0.175586 0.100149
v -0.121381 0.180465 0.100023
v -0.118120 0.175621 0.105309
v -0.121466 0.180589 0.105236
v -0.117467 0.174655 0.102778
v -0.117467 0.174655 0.102778
v -0.122074 0.181490 0.102640
v -0.122074 0.181490 0.102640
v -0.119801 0.178117 0.106405
v -0.119722 0.178002 0.098923
v 0.157631 0.137729 0.100149
v 0.162039 0.141554 0.100023
v 0.157664 0.137756 0.105309
v 0.162152 0.141651 0.105236
v 0.156786 0.136999 0.102778
v 0.156786 0.136999 0.102778
v 0.162971 0.142357 0.102640
v 0.162971 0.142357 0.102640
v 0.159919 0.139713 0.106403
v 0.159813 0.139622 0.098925
v -0.017225 -0.209976 0.100206
v -0.017646 -0.215600 0.100070
v -0.017231 -0.210029 0.105260
v -0.017662 -0.215766 0.105172
v -0.017142 -0.208897 0.102783
v -0.017142 -0.208897 0.102783
v -0.017742 -0.216808 0.102628
v -0.017742 -0.216808 0.102628
v -0.017448 -0.212914 0.106313
v -0.017433 -0.212755 0.099012
v 0.192240 -0.076149 0.100149
v 0.203198 -0.036401 0.100149
v 0.198632 -0.056533 0.100149
v 0.198632 -0.056533 0.100149
v 0.197623 -0.078285 0.100023
v 0.208881 -0.037429 0.100023
v 0.204190 -0.058122 0.100023
v 0.204190 -0.058122 0.100023
v 0.203240 -0.036410 0.105309
v 0.192279 -0.076166 0.105309
v 0.198672 -0.056546 0.105309
v 0.198672 -0.056546 0.105309
v 0.209026 -0.037457 0.105236
v 0.197760 -0.078342 0.105235
v 0.204332 -0.058165 0.105235
v 0.204332 -0.058165 0.105235
v 0.191208 -0.075739 0.102778
v 0.191208 -0.075739 0.102778
v 0.202108 -0.036203 0.102778
v 0.202108 -0.036203 0.102778
v 0.197566 -0.056227 0.102778
v 0.197566 -0.056227 0.102778
v 0.197566 -0.056227 0.102778
v 0.197566 -0.056227 0.102778
v 0.210081 -0.037649 0.102640
v 0.210081 -0.037649 0.102640
v 0.198759 -0.078739 0.102639
v 0.198759 -0.078739 0.102639
v 0.205364 -0.058460 0.102640
v 0.205364 -0.058460 0.102640
v 0.205364 -0.058460 0.102640
v 0.205364 -0.058460 0.102640
v 0.195033 -0.077260 0.106400
v 0.206146 -0.036936 0.106399
v 0.201515 -0.057359 0.106399
v 0.201515 -0.057359 0.106399
v 0.206012 -0.036910 0.098928
v 0.194906 -0.077206 0.098928
v 0.201384 -0.057319 0.098928
v 0.201384 -0.057319 0.098928
v 0.132920 0.172053 0.100023
v 0.097751 0.195249 0.100023
v 0.115867 0.184496 0.100023
v 0.129313 0.167411 0.100149
v 0.095096 0.189978 0.100150
v 0.112720 0.179516 0.100149
v 0.095115 0.190016 0.105309
v 0.129340 0.167444 0.105309
v 0.112743 0.179551 0.105309
v 0.097819 0.195384 0.105236
v 0.133013 0.172171 0.105236
v 0.115948 0.184623 0.105236
v 0.128622 0.166526 0.102778
v 0.128622 0.166526 0.102778
v 0.094586 0.188972 0.102778
v 0.094586 0.188972 0.102778
v 0.112116 0.178566 0.102778
v 0.112116 0.178566 0.102778
v 0.133683 0.173027 0.102640
v 0.133683 0.173027 0.102640
v 0.098312 0.196356 0.102640
v 0.098312 0.196356 0.102640
v 0.116532 0.185542 0.102640
v 0.116532 0.185542 0.102640
v 0.131185 0.169819 0.106405
v 0.096474 0.192712 0.106406
v 0.114353 0.182100 0.106406
v 0.096410 0.192587 0.098922
v 0.131099 0.169709 0.098923
v 0.114278 0.181981 0.098922
v -0.208603 0.040248 0.100023
v -0.212218 -0.001957 0.100023
v -0.211760 0.019266 0.100023
v -0.202936 0.039158 0.100149
v -0.206449 -0.001903 0.100149
v -0.206011 0.018745 0.100149
v -0.206491 -0.001905 0.105309
v -0.202978 0.039165 0.105309
v -0.206053 0.018747 0.105309
v -0.212365 -0.001962 0.105235
v -0.208749 0.040273 0.105236
v -0.211908 0.019276 0.105235
v -0.205342 -0.001893 0.102778
v -0.205342 -0.001893 0.102778
v -0.201848 0.038950 0.102778
v -0.201848 0.038950 0.102778
v -0.204907 0.018645 0.102778
v -0.204907 0.018645 0.102778
v -0.209801 0.040475 0.102640
v -0.209801 0.040475 0.102640
v -0.213437 -0.001971 0.102639
v -0.213437 -0.001971 0.102639
v -0.212976 0.019373 0.102639
v -0.212976 0.019373 0.102639
v -0.205877 0.039722 0.106399
v -0.209442 -0.001934 0.106399
v -0.208994 0.019013 0.106399
v -0.209305 -0.001929 0.098929
v -0.205742 0.039699 0.098928
v -0.208857 0.019003 0.098929
v -0.166769 0.136553 0.100023
v -0.189217 0.100715 0.100023
v -0.178899 0.119206 0.100023
v -0.162249 0.132860 0.100149
v -0.184087 0.097991 0.100149
v -0.174050 0.115982 0.100149
v -0.184125 0.098010 0.105309
v -0.162283 0.132886 0.105309
v -0.174086 0.116004 0.105309
v -0.189349 0.100783 0.105236
v -0.166885 0.136646 0.105236
v -0.179024 0.119286 0.105236
v -0.161383 0.132154 0.102778
v -0.161383 0.132154 0.102778
v -0.183103 0.097470 0.102778
v -0.183103 0.097470 0.102778
v -0.173121 0.115365 0.102778
v -0.173121 0.115365 0.102778
v -0.167723 0.137329 0.102640
v -0.167723 0.137329 0.102640
v -0.190301 0.101287 0.102640
v -0.190301 0.101287 0.102640
v -0.179924 0.119883 0.102640
v -0.179924 0.119883 0.102640
v -0.164595 0.134775 0.106403
v -0.186749 0.099403 0.106401
v -0.176567 0.117653 0.106402
v -0.186626 0.099340 0.098926
v -0.164486 0.134689 0.098925
v -0.176450 0.117578 0.098926
v -0.202131 -0.064707 0.100022
v -0.162667 -0.139081 0.100024
v -0.195212 -0.084758 0.100023
v -0.186086 -0.103866 0.100024
v -0.175205 -0.122054 0.100025
v -0.132738 -0.168826 0.100016
v -0.059051 -0.208491 0.100077
v -0.116017 -0.181622 0.100017
v -0.097849 -0.192306 0.100032
v -0.078823 -0.201311 0.100055
v 0.003345 -0.216441 0.100048
v 0.084650 -0.198209 0.100020
v 0.024319 -0.215290 0.100028
v 0.045054 -0.211928 0.100017
v 0.065436 -0.206769 0.100016
v 0.179047 -0.116322 0.100023
v 0.153232 -0.149769 0.100023
v 0.166963 -0.133677 0.100022
v -0.196618 -0.062952 0.100149
v -0.158220 -0.135306 0.100151
v -0.189890 -0.082461 0.100149
v -0.181010 -0.101050 0.100151
v -0.170425 -0.118746 0.100152
v -0.129059 -0.164201 0.100141
v -0.057511 -0.203117 0.100215
v -0.112793 -0.176656 0.100142
v -0.095154 -0.187112 0.100159
v -0.076703 -0.196001 0.100187
v 0.003201 -0.210667 0.100179
v 0.082296 -0.192782 0.100146
v 0.023601 -0.209433 0.100155
v 0.043766 -0.206108 0.100143
v 0.063599 -0.201099 0.100142
v 0.174162 -0.113152 0.100149
v 0.149040 -0.145690 0.100149
v 0.162400 -0.130033 0.100149
v -0.158251 -0.135335 0.105308
v -0.196657 -0.062966 0.105309
v -0.170459 -0.118772 0.105306
v -0.181047 -0.101072 0.105308
v -0.189928 -0.082479 0.105309
v -0.057526 -0.203171 0.105252
v -0.129083 -0.164235 0.105316
v -0.076719 -0.196047 0.105276
v -0.095172 -0.187152 0.105300
v -0.112813 -0.176691 0.105315
v 0.082312 -0.192822 0.105312
v 0.003200 -0.210715 0.105283
v 0.063609 -0.201139 0.105316
v 0.043773 -0.206149 0.105315
v 0.023604 -0.209476 0.105304
v 0.174196 -0.113176 0.105309
v 0.162432 -0.130061 0.105310
v 0.149070 -0.145721 0.105309
v -0.162779 -0.139180 0.105234
v -0.202271 -0.064755 0.105236
v -0.175326 -0.122142 0.105232
v -0.186214 -0.103941 0.105234
v -0.195347 -0.084820 0.105236
v -0.059095 -0.208655 0.105162
v -0.132827 -0.168944 0.105246
v -0.078879 -0.201462 0.105193
v -0.097915 -0.192444 0.105224
v -0.116094 -0.181748 0.105244
v 0.084706 -0.198348 0.105239
v 0.003344 -0.216600 0.105203
v 0.065478 -0.206912 0.105244
v 0.045082 -0.212075 0.105243
v 0.024333 -0.215441 0.105229
v 0.179170 -0.116405 0.105236
v 0.167078 -0.133772 0.105236
v 0.153337 -0.149876 0.105236
v -0.195560 -0.062616 0.102778
v -0.195560 -0.062616 0.102778
v -0.157368 -0.134585 0.102778
v -0.157368 -0.134585 0.102778
v -0.188869 -0.082021 0.102778
v -0.188869 -0.082021 0.102778
v -0.180037 -0.100511 0.102778
v -0.180037 -0.100511 0.102778
v -0.169508 -0.118114 0.102778
v -0.169508 -0.118114 0.102778
v -0.128355 -0.163319 0.102777
v -0.128355 -0.163319 0.102777
v -0.057214 -0.202085 0.102784
v -0.057214 -0.202085 0.102784
v -0.112176 -0.175708 0.102776
v -0.112176 -0.175708 0.102776
v -0.094638 -0.186119 0.102778
v -0.094638 -0.186119 0.102778
v -0.076296 -0.194983 0.102781
v -0.076296 -0.194983 0.102781
v 0.003176 -0.209562 0.102780
v 0.003176 -0.209562 0.102780
v 0.081848 -0.191746 0.102777
v 0.081848 -0.191746 0.102777
v 0.023467 -0.208315 0.102778
v 0.023467 -0.208315 0.102778
v 0.043522 -0.204998 0.102777
v 0.043522 -0.204998 0.102777
v 0.063250 -0.200018 0.102777
v 0.063250 -0.200018 0.102777
v 0.173226 -0.112545 0.102778
v 0.173226 -0.112545 0.102778
v 0.148239 -0.144909 0.102778
v 0.148239 -0.144909 0.102778
v 0.161527 -0.129336 0.102778
v 0.161527 -0.129336 0.102778
v -0.203295 -0.065080 0.102640
v -0.203295 -0.065080 0.102640
v -0.163604 -0.139878 0.102639
v -0.163604 -0.139878 0.102639
v -0.196335 -0.085245 0.102640
v -0.196335 -0.085245 0.102640
v -0.187156 -0.104462 0.102639
v -0.187156 -0.104462 0.102639
v -0.176213 -0.122754 0.102639
v -0.176213 -0.122754 0.102639
v -0.133508 -0.169798 0.102642
v -0.133508 -0.169798 0.102642
v -0.059382 -0.209651 0.102626
v -0.059382 -0.209651 0.102626
v -0.116691 -0.182666 0.102642
v -0.116691 -0.182666 0.102642
v -0.098415 -0.193404 0.102638
v -0.098415 -0.193404 0.102638
v -0.079272 -0.202445 0.102632
v -0.079272 -0.202445 0.102632
v 0.003369 -0.217668 0.102634
v 0.003369 -0.217668 0.102634
v 0.085140 -0.199351 0.102640
v 0.085140 -0.199351 0.102640
v 0.024464 -0.216523 0.102639
v 0.024464 -0.216523 0.102639
v 0.045318 -0.213149 0.102641
v 0.045318 -0.213149 0.102641
v 0.065816 -0.207958 0.102641
v 0.065816 -0.207958 0.102641
v 0.180076 -0.116992 0.102640
v 0.180076 -0.116992 0.102640
v 0.154113 -0.150631 0.102640
v 0.154113 -0.150631 0.102640
v 0.167923 -0.134447 0.102640
v 0.167923 -0.134447 0.102640
v -0.199477 -0.063865 0.106401
v -0.160526 -0.137267 0.106401
v -0.192650 -0.083655 0.106401
v -0.183643 -0.102513 0.106399
v -0.172904 -0.120465 0.106397
v -0.130963 -0.166600 0.106419
v -0.058315 -0.205928 0.106298
v -0.114461 -0.179232 0.106417
v -0.096550 -0.189811 0.106389
v -0.077804 -0.198769 0.106343
v 0.003272 -0.213673 0.106359
v 0.083514 -0.195598 0.106412
v 0.023970 -0.212473 0.106398
v 0.044430 -0.209126 0.106419
v 0.064548 -0.204039 0.106420
v 0.176695 -0.114798 0.106403
v 0.151213 -0.147808 0.106404
v 0.164766 -0.131926 0.106404
v -0.160422 -0.137173 0.098927
v -0.199347 -0.063820 0.098927
v -0.172792 -0.120383 0.098930
v -0.183523 -0.102443 0.098928
v -0.192525 -0.083597 0.098927
v -0.058272 -0.205772 0.099027
v -0.130882 -0.166490 0.098910
v -0.077752 -0.198626 0.098983
v -0.096489 -0.189682 0.098939
v -0.114391 -0.179114 0.098912
v 0.083462 -0.195469 0.098917
v 0.003273 -0.213523 0.098968
v 0.064509 -0.203906 0.098908
v 0.044405 -0.208990 0.098910
v 0.023958 -0.212332 0.098930
v 0.176581 -0.114720 0.098925
v 0.164660 -0.131837 0.098924
v 0.151116 -0.147709 0.098924
v 0.100253 -0.182834 0.100150
v 0.117711 -0.172103 0.100151
v 0.134203 -0.159895 0.100151
v 0.103101 -0.187972 0.100023
v 0.121035 -0.176926 0.100024
v 0.137978 -0.164367 0.100024
v 0.100273 -0.182872 0.105308
v 0.134229 -0.159929 0.105308
v 0.117734 -0.172139 0.105307
v 0.103171 -0.188106 0.105235
v 0.138072 -0.164483 0.105234
v 0.121117 -0.177051 0.105234
v 0.099710 -0.181852 0.102778
v 0.099710 -0.181852 0.102778
v 0.117076 -0.171180 0.102778
v 0.117076 -0.171180 0.102778
v 0.133481 -0.159039 0.102778
v 0.133481 -0.159039 0.102778
v 0.103697 -0.189056 0.102639
v 0.103697 -0.189056 0.102639
v 0.138771 -0.165311 0.102639
v 0.138771 -0.165311 0.102639
v 0.121732 -0.177944 0.102639
v 0.121732 -0.177944 0.102639
v 0.101728 -0.185502 0.106404
v 0.119434 -0.174607 0.106402
v 0.136160 -0.162217 0.106402
v 0.101664 -0.185377 0.098924
v 0.136072 -0.162108 0.098926
v 0.119357 -0.174490 0.098926
v -0.094627 -0.036562 0.457476
v -0.093064 -0.037093 0.457472
v -0.092170 -0.035544 0.456665
v -0.091416 -0.034234 0.455376
v -0.090892 -0.033320 0.453648
v -0.091828 -0.038177 0.457458
v -0.090410 -0.037087 0.456645
v -0.089215 -0.036164 0.455352
v -0.088385 -0.035519 0.453620
v -0.091419 -0.039836 0.456834
v -0.089595 -0.039311 0.456202
v -0.087926 -0.038786 0.455314
v -0.086917 -0.038504 0.453577
v -0.091387 -0.041525 0.456668
v -0.089619 -0.041755 0.455836
v -0.088046 -0.041897 0.454683
v -0.086705 -0.041841 0.453526
v -0.091919 -0.043084 0.456643
v -0.090376 -0.043974 0.455799
v -0.088993 -0.044672 0.454637
v -0.087785 -0.045002 0.453473
v -0.092929 -0.044270 0.456758
v -0.091747 -0.045624 0.456091
v -0.090613 -0.046680 0.455184
v -0.089977 -0.047496 0.453429
v -0.094085 -0.044805 0.457349
v -0.093623 -0.046522 0.456489
v -0.093233 -0.047965 0.455157
v -0.092962 -0.048960 0.453398
v -0.095731 -0.044909 0.457343
v -0.095967 -0.046671 0.456481
v -0.096164 -0.048151 0.455146
v -0.096301 -0.049171 0.453386
v -0.095170 -0.040719 0.454819
v -0.097290 -0.044378 0.457347
v -0.098186 -0.045914 0.456487
v -0.098940 -0.047204 0.455153
v -0.099462 -0.048093 0.453394
v -0.098518 -0.043287 0.455918
v -0.099935 -0.044372 0.456000
v -0.101129 -0.045280 0.455178
v -0.101955 -0.045901 0.453422
v -0.099238 -0.041805 0.454513
v -0.100962 -0.042271 0.455207
v -0.102415 -0.042659 0.455215
v -0.103420 -0.042916 0.453464
v -0.099342 -0.040159 0.454538
v -0.101110 -0.039928 0.455243
v -0.102600 -0.039729 0.455261
v -0.103631 -0.039578 0.453516
v -0.098812 -0.038611 0.455993
v -0.100354 -0.037715 0.456114
v -0.101653 -0.036954 0.455306
v -0.102552 -0.036418 0.453568
v -0.097733 -0.037390 0.457455
v -0.098816 -0.035967 0.456640
v -0.099728 -0.034763 0.455346
v -0.100360 -0.033923 0.453613
v -0.096266 -0.036668 0.457470
v -0.096727 -0.034939 0.456662
v -0.097116 -0.033478 0.455373
v -0.097384 -0.032459 0.453644
v -0.094394 -0.034788 0.456671
v -0.094198 -0.033289 0.455383
v -0.094061 -0.032243 0.453656
v -0.039713 0.098532 0.457806
v -0.038151 0.097999 0.457810
v -0.037256 0.099538 0.456962
v -0.036502 0.100833 0.455639
v -0.035979 0.101727 0.453886
v -0.036916 0.096913 0.457819
v -0.035498 0.097992 0.456974
v -0.034303 0.098899 0.455654
v -0.033475 0.099525 0.453904
v -0.036194 0.095440 0.457832
v -0.034470 0.095895 0.456993
v -0.033018 0.096276 0.455677
v -0.032011 0.096537 0.453930
v -0.036092 0.093794 0.457846
v -0.034325 0.093552 0.457014
v -0.032836 0.093346 0.455703
v -0.031804 0.093200 0.453960
v -0.036626 0.092236 0.457861
v -0.035085 0.091334 0.457034
v -0.033787 0.090572 0.455729
v -0.032887 0.090040 0.453989
v -0.037709 0.091008 0.457873
v -0.036627 0.089586 0.457051
v -0.035715 0.088385 0.455750
v -0.035083 0.087549 0.454013
v -0.039181 0.090288 0.457880
v -0.038723 0.088561 0.457061
v -0.038337 0.087103 0.455763
v -0.038070 0.086089 0.454028
v -0.040828 0.090186 0.457882
v -0.041067 0.088415 0.457064
v -0.041268 0.086921 0.455767
v -0.041408 0.085882 0.454032
v -0.040264 0.094358 0.458123
v -0.042386 0.090719 0.457878
v -0.043285 0.089175 0.457059
v -0.044042 0.087871 0.455760
v -0.044568 0.086964 0.454025
v -0.043614 0.091802 0.457870
v -0.045033 0.090716 0.457046
v -0.046229 0.089799 0.455745
v -0.047059 0.089159 0.454007
v -0.044334 0.093275 0.457857
v -0.046058 0.092813 0.457028
v -0.047511 0.092421 0.455722
v -0.048519 0.092146 0.453981
v -0.044436 0.094920 0.457842
v -0.046203 0.095156 0.457007
v -0.047693 0.095352 0.455696
v -0.048726 0.095484 0.453951
v -0.043902 0.096478 0.457828
v -0.045443 0.097373 0.456987
v -0.046742 0.098125 0.455670
v -0.047643 0.098643 0.453922
v -0.042820 0.097707 0.457816
v -0.043902 0.099123 0.456970
v -0.044815 0.100314 0.455649
v -0.045448 0.101136 0.453898
v -0.041352 0.098427 0.457808
v -0.041812 0.100148 0.456959
v -0.042201 0.101596 0.455636
v -0.042471 0.102596 0.453883
v -0.039479 0.100296 0.456957
v -0.039283 0.101781 0.455632
v -0.039147 0.102808 0.453879
v 0.093528 0.045080 0.456667
v 0.095089 0.044548 0.455973
v 0.095985 0.046090 0.456863
v 0.096737 0.047391 0.455609
v 0.097257 0.048293 0.453863
v 0.096324 0.043462 0.455792
v 0.097743 0.044546 0.456289
v 0.098936 0.045459 0.455602
v 0.099762 0.046092 0.453855
v 0.097047 0.041990 0.455790
v 0.098772 0.042449 0.456285
v 0.100223 0.042836 0.455598
v 0.101228 0.043105 0.453851
v 0.097150 0.040344 0.455967
v 0.098919 0.040106 0.456874
v 0.100407 0.039906 0.455597
v 0.101437 0.039768 0.453850
v 0.096618 0.038786 0.456657
v 0.098160 0.037888 0.456915
v 0.099457 0.037132 0.455600
v 0.100356 0.036607 0.453853
v 0.095536 0.037557 0.456660
v 0.096620 0.036139 0.456920
v 0.097531 0.034944 0.455606
v 0.098161 0.034115 0.453860
v 0.094064 0.036836 0.456665
v 0.094524 0.035112 0.456927
v 0.094909 0.033660 0.455615
v 0.095175 0.032653 0.453870
v 0.092418 0.036733 0.456670
v 0.092180 0.034966 0.456934
v 0.091978 0.033476 0.455624
v 0.091837 0.032444 0.453880
v 0.092978 0.040905 0.456081
v 0.090859 0.037265 0.456675
v 0.089962 0.035724 0.456941
v 0.089203 0.034425 0.455633
v 0.088676 0.033524 0.453891
v 0.089630 0.038347 0.456679
v 0.088213 0.037264 0.456947
v 0.087016 0.036351 0.455640
v 0.086184 0.035718 0.453899
v 0.088909 0.039820 0.456681
v 0.087186 0.039360 0.456950
v 0.085732 0.038973 0.455644
v 0.084722 0.038704 0.453903
v 0.088807 0.041466 0.456682
v 0.087040 0.041703 0.456951
v 0.085549 0.041904 0.455645
v 0.084514 0.042042 0.453904
v 0.089340 0.043024 0.456680
v 0.087799 0.043921 0.456948
v 0.086498 0.044678 0.455642
v 0.085594 0.045202 0.453900
v 0.090421 0.044253 0.456677
v 0.089339 0.045672 0.456943
v 0.088424 0.046867 0.455635
v 0.087788 0.047696 0.453893
v 0.091889 0.044974 0.456672
v 0.091428 0.046698 0.456937
v 0.091037 0.048151 0.455627
v 0.090765 0.049158 0.453884
v 0.093761 0.046848 0.456929
v 0.093955 0.048338 0.455618
v 0.094089 0.049372 0.453873
v 0.040822 -0.082310 0.456200
v 0.042384 -0.082844 0.456205
v 0.043278 -0.081304 0.456789
v 0.044037 -0.080000 0.455494
v 0.044565 -0.079092 0.453761
v 0.043618 -0.083931 0.456203
v 0.045035 -0.082851 0.456786
v 0.046234 -0.081934 0.455490
v 0.047068 -0.081296 0.453756
v 0.044339 -0.085404 0.456194
v 0.046062 -0.084949 0.456774
v 0.047518 -0.084558 0.455475
v 0.048531 -0.084284 0.453739
v 0.044440 -0.087050 0.456180
v 0.046206 -0.087292 0.456754
v 0.047698 -0.087488 0.455450
v 0.048736 -0.087621 0.453711
v 0.043905 -0.088608 0.456163
v 0.045444 -0.089509 0.456730
v 0.046746 -0.090262 0.455420
v 0.047651 -0.090781 0.453677
v 0.042822 -0.089835 0.456147
v 0.043902 -0.091257 0.456706
v 0.044817 -0.092448 0.455390
v 0.045454 -0.093270 0.453643
v 0.041349 -0.090555 0.456132
v 0.041805 -0.092281 0.456685
v 0.042194 -0.093729 0.455364
v 0.042466 -0.094729 0.453613
v 0.039703 -0.090656 0.456121
v 0.039462 -0.092425 0.456670
v 0.039263 -0.093909 0.455345
v 0.039127 -0.094935 0.453591
v 0.040268 -0.086486 0.456439
v 0.038145 -0.090122 0.456117
v 0.037244 -0.091664 0.456664
v 0.036489 -0.092957 0.455337
v 0.035968 -0.093851 0.453583
v 0.036917 -0.089038 0.456119
v 0.035497 -0.090122 0.456667
v 0.034304 -0.091029 0.455342
v 0.033479 -0.091654 0.453587
v 0.036198 -0.087565 0.456128
v 0.034472 -0.088025 0.456680
v 0.033023 -0.088406 0.455357
v 0.032020 -0.088666 0.453605
v 0.036097 -0.085919 0.456142
v 0.034329 -0.085682 0.456699
v 0.032843 -0.085475 0.455381
v 0.031815 -0.085328 0.453633
v 0.036631 -0.084362 0.456158
v 0.035090 -0.083465 0.456723
v 0.033795 -0.082702 0.455411
v 0.032899 -0.082169 0.453666
v 0.037715 -0.083133 0.456175
v 0.036632 -0.081716 0.456747
v 0.035723 -0.080514 0.455441
v 0.035096 -0.079678 0.453701
v 0.039183 -0.082414 0.456190
v 0.038722 -0.080692 0.456768
v 0.038338 -0.079234 0.455468
v 0.038074 -0.078219 0.453731
v 0.041055 -0.080545 0.456783
v 0.041256 -0.079050 0.455486
v 0.041398 -0.078010 0.453752
v 0.093787 0.045725 0.430991
v 0.093787 0.045725 0.430991
v -0.040649 0.096838 0.426205
v -0.040649 0.096838 0.426205
v -0.040267 0.094351 0.425941
v -0.040267 0.099351 0.430941
v -0.040267 0.099351 0.430941
v -0.035937 0.096851 0.430941
v -0.035937 0.096851 0.430941
v -0.035937 0.091851 0.430941
v -0.035937 0.091851 0.430941
v -0.040267 0.089351 0.430941
v -0.040267 0.089351 0.430941
v -0.044597 0.091851 0.430941
v -0.044597 0.091851 0.430941
v -0.044597 0.096851 0.430941
v -0.044597 0.096851 0.430941
v -0.037996 0.095459 0.426205
v -0.037996 0.095459 0.426205
v -0.039090 0.096576 0.426205
v -0.039090 0.096576 0.426205
v -0.040267 0.094351 0.420121
v -0.037772 0.093930 0.426205
v -0.037772 0.093930 0.426205
v -0.038486 0.092560 0.426205
v -0.038486 0.092560 0.426205
v -0.039886 0.091864 0.426205
v -0.039886 0.091864 0.426205
v 0.089063 0.044086 0.430999
v 0.089063 0.044086 0.430999
v -0.041445 0.092127 0.426205
v -0.041445 0.092127 0.426205
v -0.042538 0.093245 0.426205
v -0.042538 0.093245 0.426205
v -0.042762 0.094773 0.426205
v -0.042762 0.094773 0.426205
v -0.042048 0.096143 0.426205
v -0.042048 0.096143 0.426205
v -0.042042 0.096145 0.420121
v -0.042042 0.096145 0.420121
v -0.042042 0.096145 0.420121
v -0.042042 0.096145 0.420121
v -0.040643 0.096837 0.420121
v -0.040643 0.096837 0.420121
v -0.040643 0.096837 0.420121
v -0.040643 0.096837 0.420121
v 0.088121 0.039176 0.430974
v 0.088121 0.039176 0.430974
v -0.039086 0.096571 0.420121
v -0.039086 0.096571 0.420121
v -0.039086 0.096571 0.420121
v -0.039086 0.096571 0.420121
v -0.037996 0.095453 0.420121
v -0.037996 0.095453 0.420121
v -0.037996 0.095453 0.420121
v -0.037776 0.093925 0.420121
v -0.037776 0.093925 0.420121
v -0.037776 0.093925 0.420121
v -0.037776 0.093925 0.420121
v -0.038492 0.092557 0.420121
v -0.038492 0.092557 0.420121
v -0.038492 0.092557 0.420121
v -0.038492 0.092557 0.420121
v -0.039892 0.091865 0.420121
v -0.039892 0.091865 0.420121
v -0.039892 0.091865 0.420121
v -0.039892 0.091865 0.420121
v 0.091902 0.035905 0.430941
v 0.091902 0.035905 0.430941
v -0.041449 0.092132 0.420121
v -0.041449 0.092132 0.420121
v -0.041449 0.092132 0.420121
v -0.041449 0.092132 0.420121
v -0.042538 0.093251 0.420121
v -0.042538 0.093251 0.420121
v -0.042538 0.093251 0.420121
v -0.042538 0.093251 0.420121
v -0.042758 0.094778 0.420121
v -0.042758 0.094778 0.420121
v -0.042758 0.094778 0.420121
v -0.042758 0.094778 0.420121
v -0.041774 0.095872 0.420121
v -0.041774 0.095872 0.420121
v -0.041774 0.095872 0.420121
v -0.040587 0.096460 0.420121
v -0.040587 0.096460 0.420121
v -0.040587 0.096460 0.420121
v 0.092826 0.040844 0.425966
v -0.039266 0.096235 0.420121
v -0.039266 0.096235 0.420121
v -0.038341 0.095287 0.420121
v -0.038152 0.093991 0.420121
v -0.038152 0.093991 0.420121
v -0.038760 0.092830 0.420121
v -0.038760 0.092830 0.420121
v -0.038760 0.092830 0.420121
v -0.039947 0.092242 0.420121
v -0.039947 0.092242 0.420121
v -0.039947 0.092242 0.420121
v 0.092720 0.038320 0.426215
v 0.092720 0.038320 0.426215
v -0.041268 0.092467 0.420121
v -0.041268 0.092467 0.420121
v -0.041268 0.092467 0.420121
v -0.042193 0.093416 0.420121
v -0.042193 0.093416 0.420121
v -0.042381 0.094712 0.420121
v -0.042381 0.094712 0.420121
v -0.040267 0.099351 0.425941
v -0.040267 0.099351 0.425941
v -0.040267 0.099351 0.425941
v -0.035937 0.096851 0.425941
v -0.035937 0.096851 0.425941
v -0.035937 0.096851 0.425941
v -0.035937 0.091851 0.425941
v -0.035937 0.091851 0.425941
v -0.035937 0.091851 0.425941
v -0.040267 0.089351 0.425941
v -0.040267 0.089351 0.425941
v -0.040267 0.089351 0.425941
v -0.044597 0.091851 0.425941
v -0.044597 0.091851 0.425941
v -0.044597 0.091851 0.425941
v -0.044597 0.096851 0.425941
v -0.044597 0.096851 0.425941
v -0.044597 0.096851 0.425941
v -0.040267 0.098587 0.425941
v -0.036599 0.096469 0.425941
v -0.036599 0.092233 0.425941
v -0.040267 0.090116 0.425941
v -0.043935 0.092233 0.425941
v -0.043935 0.096469 0.425941
v 0.097568 0.042454 0.430959
v 0.097568 0.042454 0.430959
v 0.096625 0.037544 0.430934
v 0.096625 0.037544 0.430934
v 0.090379 0.040180 0.426235
v 0.090379 0.040180 0.426235
v 0.091240 0.038875 0.426224
v 0.091240 0.038875 0.426224
v 0.092797 0.040869 0.420146
v 0.092797 0.040869 0.420146
v 0.092797 0.040869 0.420146
v 0.090451 0.041723 0.426244
v 0.090451 0.041723 0.426244
v 0.091413 0.042932 0.426247
v 0.091413 0.042932 0.426247
v 0.092920 0.043348 0.426244
v 0.092920 0.043348 0.426244
v 0.094400 0.042793 0.426235
v 0.094400 0.042793 0.426235
v 0.095259 0.041487 0.426225
v 0.095259 0.041487 0.426225
v 0.095188 0.039944 0.426216
v 0.095188 0.039944 0.426216
v 0.094226 0.038736 0.426212
v 0.094226 0.038736 0.426212
v 0.094198 0.038770 0.420129
v 0.094198 0.038770 0.420129
v 0.094198 0.038770 0.420129
v 0.094198 0.038770 0.420129
v 0.092692 0.038358 0.420132
v 0.092692 0.038358 0.420132
v 0.092692 0.038358 0.420132
v 0.092692 0.038358 0.420132
v 0.091215 0.038916 0.420141
v 0.091215 0.038916 0.420141
v 0.091215 0.038916 0.420141
v 0.091215 0.038916 0.420141
v 0.090358 0.040221 0.420151
v 0.090358 0.040221 0.420151
v 0.090358 0.040221 0.420151
v 0.090358 0.040221 0.420151
v 0.090433 0.041763 0.420160
v 0.090433 0.041763 0.420160
v 0.090433 0.041763 0.420160
v 0.090433 0.041763 0.420160
v 0.091397 0.042969 0.420164
v 0.091397 0.042969 0.420164
v 0.091397 0.042969 0.420164
v 0.091397 0.042969 0.420164
v 0.092903 0.043381 0.420161
v 0.092903 0.043381 0.420161
v 0.092903 0.043381 0.420161
v 0.092903 0.043381 0.420161
v 0.094381 0.042822 0.420152
v 0.094381 0.042822 0.420152
v 0.094381 0.042822 0.420152
v 0.094381 0.042822 0.420152
v 0.095237 0.041517 0.420141
v 0.095237 0.041517 0.420141
v 0.095237 0.041517 0.420141
v 0.095162 0.039975 0.420133
v 0.095162 0.039975 0.420133
v 0.095162 0.039975 0.420133
v 0.093987 0.039089 0.420132
v 0.093987 0.039089 0.420132
v 0.093987 0.039089 0.420132
v 0.092710 0.038738 0.420134
v 0.092710 0.038738 0.420134
v 0.092710 0.038738 0.420134
v 0.092710 0.038738 0.420134
v 0.091455 0.039211 0.420142
v 0.091455 0.039211 0.420142
v 0.090728 0.040318 0.420151
v 0.090728 0.040318 0.420151
v 0.090790 0.041627 0.420158
v 0.090790 0.041627 0.420158
v 0.091608 0.042650 0.420161
v 0.091608 0.042650 0.420161
v 0.092886 0.043001 0.420158
v 0.092886 0.043001 0.420158
v 0.092886 0.043001 0.420158
v 0.094140 0.042528 0.420151
v 0.094140 0.042528 0.420151
v 0.094140 0.042528 0.420151
v 0.094140 0.042528 0.420151
v 0.094867 0.041420 0.420142
v 0.094867 0.041420 0.420142
v 0.094804 0.040112 0.420135
v 0.094804 0.040112 0.420135
v 0.091884 0.035934 0.425941
v 0.091884 0.035934 0.425941
v 0.091884 0.035934 0.425941
v 0.091884 0.035934 0.425941
v 0.088103 0.039205 0.425974
v 0.088103 0.039205 0.425974
v 0.088103 0.039205 0.425974
v 0.088103 0.039205 0.425974
v 0.089045 0.044115 0.425999
v 0.089045 0.044115 0.425999
v 0.089045 0.044115 0.425999
v 0.089045 0.044115 0.425999
v 0.093769 0.045754 0.425991
v 0.093769 0.045754 0.425991
v 0.093769 0.045754 0.425991
v 0.093769 0.045754 0.425991
v 0.097550 0.042483 0.425959
v 0.097550 0.042483 0.425959
v 0.097550 0.042483 0.425959
v 0.096607 0.037573 0.425934
v 0.096607 0.037573 0.425934
v 0.096607 0.037573 0.425934
v 0.092028 0.036684 0.425945
v 0.092028 0.036684 0.425945
v 0.088825 0.039456 0.425973
v 0.088825 0.039456 0.425973
v 0.089623 0.043615 0.425994
v 0.089623 0.043615 0.425994
v 0.093625 0.045004 0.425988
v 0.093625 0.045004 0.425988
v 0.096828 0.042232 0.425960
v 0.096029 0.038073 0.425939
v 0.037095 -0.090316 0.430945
v 0.037095 -0.090316 0.430945
v 0.042048 -0.091000 0.430965
v 0.042048 -0.091000 0.430965
v 0.045116 -0.087052 0.431011
v 0.045116 -0.087052 0.431011
v 0.043231 -0.082421 0.431038
v 0.043231 -0.082421 0.431038
v 0.040189 -0.086329 0.425991
v 0.041428 -0.084132 0.426278
v 0.041428 -0.084132 0.426278
v 0.035210 -0.085685 0.430971
v 0.035210 -0.085685 0.430971
v 0.038278 -0.081737 0.431018
v 0.038278 -0.081737 0.431018
v 0.042669 -0.086852 0.426263
v 0.042669 -0.086852 0.426263
v 0.042495 -0.085299 0.426275
v 0.042495 -0.085299 0.426275
v 0.040229 -0.086280 0.420172
v 0.040229 -0.086280 0.420172
v 0.040229 -0.086280 0.420172
v 0.040229 -0.086280 0.420172
v 0.041905 -0.088195 0.426249
v 0.041905 -0.088195 0.426249
v 0.040499 -0.088836 0.426237
v 0.040499 -0.088836 0.426237
v 0.038968 -0.088523 0.426231
v 0.038968 -0.088523 0.426231
v 0.037901 -0.087356 0.426235
v 0.037901 -0.087356 0.426235
v 0.037727 -0.085802 0.426246
v 0.037727 -0.085802 0.426246
v 0.038491 -0.084460 0.426261
v 0.038491 -0.084460 0.426261
v 0.039897 -0.083820 0.426273
v 0.039897 -0.083820 0.426273
v 0.039934 -0.083774 0.420189
v 0.039934 -0.083774 0.420189
v 0.039934 -0.083774 0.420189
v 0.039934 -0.083774 0.420189
v 0.041463 -0.084090 0.420195
v 0.041463 -0.084090 0.420195
v 0.041463 -0.084090 0.420195
v 0.042526 -0.085258 0.420191
v 0.042526 -0.085258 0.420191
v 0.042526 -0.085258 0.420191
v 0.042526 -0.085258 0.420191
v 0.042697 -0.086810 0.420180
v 0.042697 -0.086810 0.420180
v 0.042697 -0.086810 0.420180
v 0.041930 -0.088150 0.420166
v 0.041930 -0.088150 0.420166
v 0.041930 -0.088150 0.420166
v 0.041930 -0.088150 0.420166
v 0.040524 -0.088787 0.420154
v 0.040524 -0.088787 0.420154
v 0.040524 -0.088787 0.420154
v 0.040524 -0.088787 0.420154
v 0.038995 -0.088470 0.420148
v 0.038995 -0.088470 0.420148
v 0.038995 -0.088470 0.420148
v 0.037932 -0.087302 0.420152
v 0.037932 -0.087302 0.420152
v 0.037932 -0.087302 0.420152
v 0.037932 -0.087302 0.420152
v 0.037762 -0.085750 0.420163
v 0.037762 -0.085750 0.420163
v 0.037762 -0.085750 0.420163
v 0.038529 -0.084410 0.420177
v 0.038529 -0.084410 0.420177
v 0.038529 -0.084410 0.420177
v 0.038529 -0.084410 0.420177
v 0.039977 -0.084154 0.420187
v 0.039977 -0.084154 0.420187
v 0.039977 -0.084154 0.420187
v 0.041275 -0.084421 0.420191
v 0.041275 -0.084421 0.420191
v 0.041275 -0.084421 0.420191
v 0.042178 -0.085411 0.420188
v 0.042178 -0.085411 0.420188
v 0.042178 -0.085411 0.420188
v 0.042178 -0.085411 0.420188
v 0.042324 -0.086728 0.420179
v 0.042324 -0.086728 0.420179
v 0.042324 -0.086728 0.420179
v 0.041674 -0.087866 0.420167
v 0.041674 -0.087866 0.420167
v 0.041674 -0.087866 0.420167
v 0.041674 -0.087866 0.420167
v 0.040481 -0.088407 0.420156
v 0.040481 -0.088407 0.420156
v 0.040481 -0.088407 0.420156
v 0.039183 -0.088139 0.420152
v 0.039183 -0.088139 0.420152
v 0.038281 -0.087149 0.420155
v 0.038281 -0.087149 0.420155
v 0.038281 -0.087149 0.420155
v 0.038135 -0.085832 0.420164
v 0.038135 -0.085832 0.420164
v 0.038785 -0.084694 0.420176
v 0.038785 -0.084694 0.420176
v 0.038785 -0.084694 0.420176
v 0.043257 -0.082382 0.426038
v 0.043257 -0.082382 0.426038
v 0.043257 -0.082382 0.426038
v 0.045142 -0.087013 0.426011
v 0.045142 -0.087013 0.426011
v 0.045142 -0.087013 0.426011
v 0.042073 -0.090961 0.425965
v 0.042073 -0.090961 0.425965
v 0.042073 -0.090961 0.425965
v 0.037120 -0.090277 0.425945
v 0.037120 -0.090277 0.425945
v 0.037120 -0.090277 0.425945
v 0.035236 -0.085646 0.425971
v 0.035236 -0.085646 0.425971
v 0.035236 -0.085646 0.425971
v 0.035236 -0.085646 0.425971
v 0.038304 -0.081698 0.426018
v 0.038304 -0.081698 0.426018
v 0.038304 -0.081698 0.426018
v 0.038304 -0.081698 0.426018
v 0.042788 -0.082986 0.426031
v 0.044384 -0.086909 0.426008
v 0.041785 -0.090253 0.425969
v 0.037589 -0.089673 0.425952
v 0.035993 -0.085750 0.425974
v 0.035993 -0.085750 0.425974
v 0.038592 -0.082406 0.426014
v 0.038592 -0.082406 0.426014
v -0.092387 -0.036602 0.430927
v -0.092387 -0.036602 0.430927
v -0.097340 -0.035917 0.430905
v -0.097340 -0.035917 0.430905
v -0.100409 -0.039864 0.430914
v -0.100409 -0.039864 0.430914
v -0.098526 -0.044496 0.430945
v -0.098526 -0.044496 0.430945
v -0.095438 -0.040575 0.425936
v -0.095438 -0.040575 0.425936
v -0.096680 -0.042772 0.426206
v -0.096680 -0.042772 0.426206
v -0.090503 -0.041233 0.430958
v -0.090503 -0.041233 0.430958
v -0.093573 -0.045180 0.430968
v -0.093573 -0.045180 0.430968
v -0.097921 -0.040052 0.426188
v -0.097921 -0.040052 0.426188
v -0.097746 -0.041606 0.426196
v -0.097746 -0.041606 0.426196
v -0.095427 -0.040609 0.420116
v -0.095427 -0.040609 0.420116
v -0.097156 -0.038709 0.426184
v -0.097156 -0.038709 0.426184
v -0.095750 -0.038069 0.426185
v -0.095750 -0.038069 0.426185
v -0.094218 -0.038383 0.426193
v -0.094218 -0.038383 0.426193
v -0.093152 -0.039550 0.426203
v -0.093152 -0.039550 0.426203
v -0.092979 -0.041103 0.426211
v -0.092979 -0.041103 0.426211
v -0.093743 -0.042446 0.426216
v -0.093743 -0.042446 0.426216
v -0.095149 -0.043086 0.426214
v -0.095149 -0.043086 0.426214
v -0.095132 -0.043115 0.420130
v -0.095132 -0.043115 0.420130
v -0.095132 -0.043115 0.420130
v -0.095132 -0.043115 0.420130
v -0.096661 -0.042799 0.420123
v -0.096661 -0.042799 0.420123
v -0.096661 -0.042799 0.420123
v -0.096661 -0.042799 0.420123
v -0.097724 -0.041631 0.420113
v -0.097724 -0.041631 0.420113
v -0.097724 -0.041631 0.420113
v -0.097894 -0.040079 0.420104
v -0.097894 -0.040079 0.420104
v -0.097894 -0.040079 0.420104
v -0.097127 -0.038739 0.420100
v -0.097127 -0.038739 0.420100
v -0.097127 -0.038739 0.420100
v -0.095721 -0.038103 0.420102
v -0.095721 -0.038103 0.420102
v -0.095721 -0.038103 0.420102
v -0.095721 -0.038103 0.420102
v -0.094192 -0.038419 0.420109
v -0.094192 -0.038419 0.420109
v -0.094192 -0.038419 0.420109
v -0.094192 -0.038419 0.420109
v -0.093129 -0.039588 0.420119
v -0.093129 -0.039588 0.420119
v -0.093129 -0.039588 0.420119
v -0.092960 -0.041140 0.420128
v -0.092960 -0.041140 0.420128
v -0.092960 -0.041140 0.420128
v -0.093726 -0.042480 0.420132
v -0.093726 -0.042480 0.420132
v -0.093726 -0.042480 0.420132
v -0.093726 -0.042480 0.420132
v -0.095175 -0.042736 0.420128
v -0.095175 -0.042736 0.420128
v -0.095175 -0.042736 0.420128
v -0.095175 -0.042736 0.420128
v -0.096473 -0.042468 0.420122
v -0.096473 -0.042468 0.420122
v -0.097375 -0.041478 0.420113
v -0.097521 -0.040161 0.420106
v -0.096871 -0.039023 0.420103
v -0.095678 -0.038482 0.420104
v -0.095678 -0.038482 0.420104
v -0.094380 -0.038750 0.420110
v -0.094380 -0.038750 0.420110
v -0.093478 -0.039741 0.420119
v -0.093333 -0.041058 0.420126
v -0.093983 -0.042195 0.420130
v -0.093983 -0.042195 0.420130
v -0.093983 -0.042195 0.420130
v -0.098507 -0.044522 0.425945
v -0.098507 -0.044522 0.425945
v -0.098507 -0.044522 0.425945
v -0.098507 -0.044522 0.425945
v -0.100391 -0.039890 0.425914
v -0.100391 -0.039890 0.425914
v -0.100391 -0.039890 0.425914
v -0.097321 -0.035943 0.425905
v -0.097321 -0.035943 0.425905
v -0.097321 -0.035943 0.425905
v -0.092368 -0.036628 0.425927
v -0.092368 -0.036628 0.425927
v -0.092368 -0.036628 0.425927
v -0.090485 -0.041259 0.425958
v -0.090485 -0.041259 0.425958
v -0.090485 -0.041259 0.425958
v -0.090485 -0.041259 0.425958
v -0.093554 -0.045206 0.425968
v -0.093554 -0.045206 0.425968
v -0.093554 -0.045206 0.425968
v -0.093554 -0.045206 0.425968
v -0.098038 -0.043918 0.425944
v -0.098038 -0.043918 0.425944
v -0.099633 -0.039995 0.425918
v -0.097033 -0.036651 0.425910
v -0.092838 -0.037231 0.425928
v -0.091242 -0.041155 0.425955
v -0.091242 -0.041155 0.425955
v -0.091242 -0.041155 0.425955
v -0.093842 -0.044498 0.425963
v -0.093842 -0.044498 0.425963
v -0.000013 0.001360 0.409607
v -0.000013 -0.004448 0.411321
v -0.002917 -0.003670 0.411321
v -0.005043 -0.001544 0.411321
v -0.005821 0.001360 0.411321
v -0.005043 0.004264 0.411321
v -0.002917 0.006390 0.411321
v -0.000013 0.007168 0.411321
v 0.002891 0.006390 0.411321
v 0.002891 0.006390 0.411321
v 0.005017 0.004264 0.411321
v 0.005795 0.001360 0.411321
v 0.005017 -0.001544 0.411321
v 0.002891 -0.003670 0.411321
v -0.002578 -0.003084 0.409607
v -0.000013 -0.003771 0.409607
v -0.004457 -0.001206 0.409607
v -0.005144 0.001360 0.409607
v -0.004457 0.003925 0.409607
v -0.002578 0.005804 0.409607
v -0.000013 0.006491 0.409607
v 0.002553 0.005804 0.409607
v 0.004431 0.003925 0.409607
v 0.005118 0.001360 0.409607
v 0.004431 -0.001206 0.409607
v 0.002553 -0.003084 0.409607
v -0.002917 -0.003670 0.409607
v -0.002917 -0.003670 0.409607
v -0.000013 -0.004448 0.409607
v -0.000013 -0.004448 0.409607
v -0.005043 -0.001544 0.409607
v -0.005043 -0.001544 0.409607
v -0.005821 0.001360 0.409607
v -0.005821 0.001360 0.409607
v -0.005043 0.004264 0.409607
v -0.005043 0.004264 0.409607
v -0.002917 0.006390 0.409607
v -0.002917 0.006390 0.409607
v -0.000013 0.007168 0.409607
v -0.000013 0.007168 0.409607
v 0.002891 0.006390 0.409607
v 0.002891 0.006390 0.409607
v 0.002891 0.006390 0.409607
v 0.005017 0.004264 0.409607
v 0.005017 0.004264 0.409607
v 0.005795 0.001360 0.409607
v 0.005795 0.001360 0.409607
v 0.005017 -0.001544 0.409607
v 0.005017 -0.001544 0.409607
v 0.002891 -0.003670 0.409607
v 0.002891 -0.003670 0.409607
v -0.055541 0.113988 0.430886
v -0.055541 0.113988 0.430886
v -0.051010 0.117156 0.430886
v -0.051010 0.117156 0.430886
v -0.040167 0.117387 0.430886
v -0.040167 0.117387 0.430886
v -0.045612 0.118350 0.430886
v -0.045612 0.118350 0.430886
v -0.040167 0.117387 0.436195
v -0.058514 0.109326 0.436195
v -0.045612 0.118350 0.436195
v -0.051010 0.117156 0.436195
v -0.055541 0.113988 0.436195
v 0.116288 0.041243 0.436195
v 0.108227 0.059590 0.436195
v 0.117251 0.046688 0.436195
v 0.116057 0.052086 0.436195
v 0.116057 0.052086 0.436195
v 0.112888 0.056617 0.436195
v -0.116311 -0.039068 0.436195
v -0.108250 -0.057415 0.436195
v -0.117274 -0.044513 0.436195
v -0.116080 -0.049911 0.436195
v -0.116080 -0.049911 0.436195
v -0.112912 -0.054442 0.436195
v 0.040144 -0.115212 0.436195
v 0.058491 -0.107151 0.436195
v 0.045589 -0.116175 0.436195
v 0.050987 -0.114981 0.436195
v 0.055518 -0.111813 0.436195
v -0.058514 0.109326 0.430886
v -0.058514 0.109326 0.430886
v -0.108250 -0.057415 0.430886
v -0.108250 -0.057415 0.430886
v -0.112912 -0.054442 0.430886
v -0.112912 -0.054442 0.430886
v -0.116080 -0.049911 0.430886
v -0.116080 -0.049911 0.430886
v -0.116080 -0.049911 0.430886
v -0.117274 -0.044513 0.430886
v -0.117274 -0.044513 0.430886
v -0.116311 -0.039068 0.430886
v -0.116311 -0.039068 0.430886
v 0.117251 0.046688 0.430886
v 0.117251 0.046688 0.430886
v 0.116288 0.041243 0.430886
v 0.116288 0.041243 0.430886
v 0.116057 0.052086 0.430886
v 0.116057 0.052086 0.430886
v 0.116057 0.052086 0.430886
v 0.112888 0.056617 0.430886
v 0.112888 0.056617 0.430886
v 0.108227 0.059590 0.430886
v 0.108227 0.059590 0.430886
v 0.045589 -0.116175 0.430886
v 0.045589 -0.116175 0.430886
v 0.040144 -0.115212 0.430886
v 0.040144 -0.115212 0.430886
v 0.050987 -0.114981 0.430886
v 0.050987 -0.114981 0.430886
v 0.055518 -0.111813 0.430886
v 0.055518 -0.111813 0.430886
v 0.058491 -0.107151 0.430886
v 0.058491 -0.107151 0.430886
v -0.041822 0.096244 0.430886
v -0.095168 -0.040722 0.430886
v 0.095145 0.042897 0.430886
v 0.041798 -0.094069 0.430886
v 0.036088 -0.105982 0.430886
v -0.099020 -0.053359 0.430886
v 0.107058 0.037187 0.430886
v 0.054435 -0.097920 0.430886
v -0.036111 0.108157 0.430886
v 0.098996 0.055534 0.430886
v -0.107081 -0.035012 0.430886
v -0.054458 0.100095 0.430886
v 0.051462 -0.102582 0.430886
v 0.046931 -0.105751 0.430886
v 0.041533 -0.106945 0.430886
v 0.103658 0.052561 0.430886
v 0.106827 0.048030 0.430886
v 0.108021 0.042632 0.430886
v -0.108044 -0.040457 0.430886
v -0.106850 -0.045855 0.430886
v -0.103681 -0.050386 0.430886
v -0.041556 0.109120 0.430886
v -0.046954 0.107926 0.430886
v -0.051485 0.104757 0.430886
v -0.000012 0.001360 0.435457
v 0.010896 0.195992 0.446544
v -0.008234 0.196123 0.446544
v -0.046072 0.190777 0.446544
v -0.027284 0.194380 0.446544
v -0.082141 0.178151 0.446544
v -0.082141 0.178151 0.446544
v -0.064417 0.185350 0.446544
v -0.115053 0.158732 0.446544
v -0.099074 0.169250 0.446544
v -0.143544 0.133264 0.446544
v -0.129924 0.146698 0.446544
v -0.166520 0.102728 0.446544
v -0.155782 0.118561 0.446544
v -0.183096 0.068296 0.447352
v -0.175654 0.085919 0.446544
v -0.192637 0.031292 0.449382
v -0.188776 0.050028 0.448875
v -0.194775 -0.006863 0.449382
v -0.194644 0.012267 0.449382
v -0.189429 -0.044701 0.447318
v -0.193032 -0.025913 0.448865
v -0.176803 -0.080770 0.446544
v -0.184002 -0.063046 0.446544
v -0.157384 -0.113682 0.446544
v -0.167902 -0.097703 0.446544
v -0.131916 -0.142173 0.446544
v -0.145350 -0.128553 0.446544
v -0.101380 -0.165149 0.445880
v -0.117213 -0.154411 0.446544
v -0.066948 -0.181725 0.444204
v -0.084571 -0.174283 0.444622
v -0.029944 -0.191266 0.443740
v -0.048680 -0.187405 0.443896
v 0.008211 -0.193588 0.445225
v -0.010919 -0.193272 0.444823
v 0.046049 -0.188695 0.445442
v 0.027261 -0.192184 0.444996
v 0.082118 -0.176069 0.445739
v 0.082118 -0.176069 0.445739
v 0.064394 -0.183268 0.445739
v 0.115030 -0.156186 0.446332
v 0.099051 -0.167052 0.445887
v 0.143521 -0.130545 0.445739
v 0.129901 -0.143979 0.446266
v 0.166497 -0.100009 0.445564
v 0.155759 -0.115841 0.445564
v 0.183073 -0.065577 0.445564
v 0.175631 -0.083200 0.445564
v 0.192614 -0.028573 0.446277
v 0.188753 -0.047309 0.445742
v 0.194752 0.009582 0.446544
v 0.194620 -0.009548 0.446544
v 0.189406 0.047420 0.446544
v 0.193009 0.028632 0.446544
v 0.176780 0.083489 0.446544
v 0.183979 0.065765 0.446544
v 0.157361 0.116401 0.446283
v 0.167879 0.100422 0.446544
v 0.131893 0.144892 0.445586
v 0.145327 0.131272 0.445848
v 0.101357 0.167868 0.445499
v 0.117189 0.157130 0.445499
v 0.066925 0.184444 0.445854
v 0.084548 0.177002 0.445588
v 0.029921 0.193985 0.446544
v 0.048657 0.190124 0.446294
v 0.029729 0.192754 0.454044
v 0.029729 0.192754 0.454044
v 0.010826 0.194748 0.454044
v 0.010826 0.194748 0.454044
v -0.008181 0.194879 0.454044
v -0.008181 0.194879 0.454044
v -0.027110 0.193146 0.454044
v -0.027110 0.193146 0.454044
v -0.045778 0.189567 0.454044
v -0.045778 0.189567 0.454044
v -0.064005 0.184174 0.454044
v -0.064005 0.184174 0.454044
v -0.081616 0.177022 0.454044
v -0.081616 0.177022 0.454044
v -0.081616 0.177022 0.454044
v -0.098441 0.168177 0.454044
v -0.098441 0.168177 0.454044
v -0.114318 0.157726 0.454044
v -0.114318 0.157726 0.454044
v -0.129094 0.145769 0.454044
v -0.129094 0.145769 0.454044
v -0.142627 0.132421 0.454044
v -0.142627 0.132421 0.454044
v -0.154787 0.117812 0.454044
v -0.154787 0.117812 0.454044
v -0.165456 0.102080 0.454044
v -0.165456 0.102080 0.454044
v -0.174532 0.085379 0.454044
v -0.174532 0.085379 0.454044
v -0.181927 0.067868 0.454870
v -0.181927 0.067868 0.454870
v -0.187570 0.049717 0.456383
v -0.187570 0.049717 0.456383
v -0.191406 0.031100 0.456882
v -0.191406 0.031100 0.456882
v -0.193400 0.012197 0.456882
v -0.193400 0.012197 0.456882
v -0.193531 -0.006810 0.456882
v -0.193531 -0.006810 0.456882
v -0.191798 -0.025739 0.456371
v -0.191798 -0.025739 0.456371
v -0.188219 -0.044407 0.454844
v -0.188219 -0.044407 0.454844
v -0.182826 -0.062634 0.454044
v -0.182826 -0.062634 0.454044
v -0.175674 -0.080245 0.454044
v -0.175674 -0.080245 0.454044
v -0.166829 -0.097070 0.454044
v -0.166829 -0.097070 0.454044
v -0.156378 -0.112947 0.454044
v -0.156378 -0.112947 0.454044
v -0.144421 -0.127723 0.454044
v -0.144421 -0.127723 0.454044
v -0.131073 -0.141256 0.454044
v -0.131073 -0.141256 0.454044
v -0.116464 -0.153416 0.454044
v -0.116464 -0.153416 0.454044
v -0.100732 -0.164085 0.453370
v -0.100732 -0.164085 0.453370
v -0.084031 -0.173161 0.452120
v -0.084031 -0.173161 0.452120
v -0.066520 -0.180555 0.451712
v -0.066520 -0.180555 0.451712
v -0.048369 -0.186199 0.451399
v -0.048369 -0.186199 0.451399
v -0.029753 -0.190035 0.451256
v -0.029753 -0.190035 0.451256
v -0.010849 -0.192029 0.452340
v -0.010849 -0.192029 0.452340
v 0.008158 -0.192345 0.452728
v 0.008158 -0.192345 0.452728
v 0.027087 -0.190952 0.452502
v 0.027087 -0.190952 0.452502
v 0.045755 -0.187485 0.452948
v 0.045755 -0.187485 0.452948
v 0.063982 -0.182092 0.453239
v 0.063982 -0.182092 0.453239
v 0.081593 -0.174940 0.453239
v 0.081593 -0.174940 0.453239
v 0.081593 -0.174940 0.453239
v 0.098418 -0.165980 0.453385
v 0.098418 -0.165980 0.453385
v 0.114295 -0.155187 0.453825
v 0.114295 -0.155187 0.453825
v 0.129071 -0.143050 0.453762
v 0.129071 -0.143050 0.453762
v 0.142604 -0.129702 0.453238
v 0.142604 -0.129702 0.453238
v 0.154764 -0.115093 0.453067
v 0.154764 -0.115093 0.453067
v 0.165433 -0.099361 0.453064
v 0.165433 -0.099361 0.453064
v 0.174508 -0.082660 0.453064
v 0.174508 -0.082660 0.453064
v 0.181903 -0.065149 0.453064
v 0.181903 -0.065149 0.453064
v 0.187546 -0.046998 0.453240
v 0.187546 -0.046998 0.453240
v 0.191383 -0.028381 0.453768
v 0.191383 -0.028381 0.453768
v 0.193377 -0.009478 0.454044
v 0.193377 -0.009478 0.454044
v 0.193508 0.009529 0.454044
v 0.193508 0.009529 0.454044
v 0.191775 0.028458 0.454044
v 0.191775 0.028458 0.454044
v 0.188196 0.047126 0.454044
v 0.188196 0.047126 0.454044
v 0.182803 0.065353 0.454044
v 0.182803 0.065353 0.454044
v 0.175651 0.082964 0.454044
v 0.175651 0.082964 0.454044
v 0.166806 0.099789 0.454044
v 0.166806 0.099789 0.454044
v 0.156355 0.115666 0.453777
v 0.156355 0.115666 0.453777
v 0.144398 0.130442 0.453345
v 0.144398 0.130442 0.453345
v 0.131050 0.143975 0.453085
v 0.131050 0.143975 0.453085
v 0.116440 0.156135 0.453000
v 0.116440 0.156135 0.453000
v 0.100709 0.166804 0.453000
v 0.100709 0.166804 0.453000
v 0.084008 0.175880 0.453091
v 0.084008 0.175880 0.453091
v 0.066497 0.183275 0.453357
v 0.066497 0.183275 0.453357
v 0.048346 0.188918 0.453795
v 0.048346 0.188918 0.453795
v 0.029729 0.192754 0.439044
v 0.029729 0.192754 0.439044
v 0.010826 0.194748 0.439044
v 0.010826 0.194748 0.439044
v -0.008181 0.194879 0.439044
v -0.008181 0.194879 0.439044
v -0.027110 0.193146 0.439044
v -0.027110 0.193146 0.439044
v -0.045778 0.189567 0.439044
v -0.045778 0.189567 0.439044
v -0.064005 0.184174 0.439044
v -0.064005 0.184174 0.439044
v -0.081616 0.177022 0.439044
v -0.081616 0.177022 0.439044
v -0.081616 0.177022 0.439044
v -0.098441 0.168177 0.439044
v -0.098441 0.168177 0.439044
v -0.114318 0.157726 0.439044
v -0.114318 0.157726 0.439044
v -0.129094 0.145769 0.439044
v -0.129094 0.145769 0.439044
v -0.142627 0.132421 0.439044
v -0.142627 0.132421 0.439044
v -0.154787 0.117812 0.439044
v -0.154787 0.117812 0.439044
v -0.165456 0.102080 0.439044
v -0.165456 0.102080 0.439044
v -0.174532 0.085379 0.439044
v -0.174532 0.085379 0.439044
v -0.181927 0.067868 0.439795
v -0.181927 0.067868 0.439795
v -0.187570 0.049717 0.441331
v -0.187570 0.049717 0.441331
v -0.191406 0.031100 0.441845
v -0.191406 0.031100 0.441845
v -0.193400 0.012197 0.441868
v -0.193400 0.012197 0.441868
v -0.193531 -0.006810 0.441868
v -0.193531 -0.006810 0.441868
v -0.191798 -0.025739 0.441341
v -0.191798 -0.025739 0.441341
v -0.188219 -0.044407 0.439793
v -0.188219 -0.044407 0.439793
v -0.182826 -0.062634 0.439044
v -0.182826 -0.062634 0.439044
v -0.175674 -0.080245 0.439044
v -0.175674 -0.080245 0.439044
v -0.166829 -0.097070 0.439044
v -0.166829 -0.097070 0.439044
v -0.156378 -0.112947 0.439044
v -0.156378 -0.112947 0.439044
v -0.144421 -0.127723 0.439044
v -0.144421 -0.127723 0.439044
v -0.131073 -0.141256 0.439044
v -0.131073 -0.141256 0.439044
v -0.116464 -0.153416 0.439044
v -0.116464 -0.153416 0.439044
v -0.100732 -0.164085 0.438374
v -0.100732 -0.164085 0.438374
v -0.084031 -0.173161 0.437122
v -0.084031 -0.173161 0.437122
v -0.066520 -0.180555 0.436704
v -0.066520 -0.180555 0.436704
v -0.048369 -0.186199 0.436393
v -0.048369 -0.186199 0.436393
v -0.029753 -0.190035 0.436235
v -0.029753 -0.190035 0.436235
v -0.010849 -0.192029 0.437301
v -0.010849 -0.192029 0.437301
v 0.008158 -0.192346 0.437722
v 0.008158 -0.192346 0.437722
v 0.027087 -0.190950 0.437493
v 0.027087 -0.190950 0.437493
v 0.045755 -0.187485 0.437932
v 0.045755 -0.187485 0.437932
v 0.063982 -0.182092 0.438239
v 0.063982 -0.182092 0.438239
v 0.081593 -0.174940 0.438239
v 0.081593 -0.174940 0.438239
v 0.081593 -0.174940 0.438239
v 0.098418 -0.165980 0.438385
v 0.098418 -0.165980 0.438385
v 0.114295 -0.155187 0.438825
v 0.114295 -0.155187 0.438825
v 0.129071 -0.143050 0.438785
v 0.129071 -0.143050 0.438785
v 0.142604 -0.129702 0.438254
v 0.142604 -0.129702 0.438254
v 0.154764 -0.115093 0.438076
v 0.154764 -0.115093 0.438076
v 0.165433 -0.099361 0.438064
v 0.165433 -0.099361 0.438064
v 0.174508 -0.082660 0.438064
v 0.174508 -0.082660 0.438064
v 0.181903 -0.065149 0.438064
v 0.181903 -0.065149 0.438064
v 0.187546 -0.046998 0.438240
v 0.187546 -0.046998 0.438240
v 0.191383 -0.028381 0.438768
v 0.191383 -0.028381 0.438768
v 0.193377 -0.009478 0.439044
v 0.193377 -0.009478 0.439044
v 0.193508 0.009529 0.439044
v 0.193508 0.009529 0.439044
v 0.191775 0.028458 0.439044
v 0.191775 0.028458 0.439044
v 0.188196 0.047126 0.439044
v 0.188196 0.047126 0.439044
v 0.182803 0.065353 0.439044
v 0.182803 0.065353 0.439044
v 0.175651 0.082964 0.439044
v 0.175651 0.082964 0.439044
v 0.166806 0.099789 0.439044
v 0.166806 0.099789 0.439044
v 0.156355 0.115666 0.438783
v 0.156355 0.115666 0.438783
v 0.144398 0.130442 0.438349
v 0.144398 0.130442 0.438349
v 0.131050 0.143975 0.438087
v 0.131050 0.143975 0.438087
v 0.116440 0.156135 0.438002
v 0.116440 0.156135 0.438002
v 0.100709 0.166804 0.438002
v 0.100709 0.166804 0.438002
v 0.084008 0.175880 0.438092
v 0.084008 0.175880 0.438092
v 0.066497 0.183275 0.438358
v 0.066497 0.183275 0.438358
v 0.048346 0.188918 0.438796
v 0.048346 0.188918 0.438796
v 0.028433 0.184409 0.439044
v 0.010354 0.186315 0.439044
v -0.007825 0.186440 0.439044
v -0.025929 0.184783 0.439044
v -0.043782 0.181360 0.439044
v -0.061215 0.176203 0.439044
v -0.078058 0.169362 0.439044
v -0.094149 0.160903 0.439044
v -0.109334 0.150908 0.439044
v -0.123466 0.139472 0.439044
v -0.136409 0.126706 0.439044
v -0.148038 0.112734 0.439044
v -0.158242 0.097688 0.439044
v -0.166922 0.081715 0.439044
v -0.173994 0.064968 0.439770
v -0.179391 0.047609 0.441222
v -0.183061 0.029804 0.441714
v -0.184967 0.011725 0.441746
v -0.185092 -0.006454 0.441746
v -0.183435 -0.024557 0.441242
v -0.180012 -0.042411 0.439761
v -0.174855 -0.059844 0.439044
v -0.168014 -0.076687 0.439044
v -0.159555 -0.092778 0.439044
v -0.149560 -0.107963 0.439044
v -0.138124 -0.122094 0.439044
v -0.125359 -0.135037 0.439044
v -0.111386 -0.146667 0.439044
v -0.096340 -0.156871 0.438393
v -0.080367 -0.165551 0.437190
v -0.063620 -0.172623 0.436787
v -0.046261 -0.178020 0.436485
v -0.028456 -0.181689 0.436331
v -0.010377 -0.183596 0.437349
v 0.007802 -0.183917 0.437751
v 0.025905 -0.182581 0.437529
v 0.043759 -0.179264 0.437950
v 0.061192 -0.174107 0.438257
v 0.078035 -0.167266 0.438257
v 0.094126 -0.158696 0.438399
v 0.109311 -0.148374 0.438818
v 0.123442 -0.136753 0.438798
v 0.136385 -0.123987 0.438292
v 0.148015 -0.110015 0.438122
v 0.158219 -0.094969 0.438085
v 0.166899 -0.078996 0.438085
v 0.173971 -0.062249 0.438085
v 0.179368 -0.044890 0.438256
v 0.183037 -0.027085 0.438758
v 0.184944 -0.009006 0.439044
v 0.185069 0.009173 0.439044
v 0.183412 0.027277 0.439044
v 0.179989 0.045130 0.439044
v 0.174832 0.062563 0.439044
v 0.167991 0.079406 0.439044
v 0.159532 0.095497 0.439044
v 0.149537 0.110682 0.438769
v 0.138101 0.124814 0.438354
v 0.125335 0.137756 0.438105
v 0.111363 0.149386 0.438023
v 0.096317 0.159590 0.438023
v 0.080344 0.168270 0.438109
v 0.063597 0.175342 0.438364
v 0.046237 0.180739 0.438783
v -0.000012 0.001360 0.453937
v 0.048641 0.190063 0.441889
v 0.066903 0.184385 0.441450
v 0.084521 0.176945 0.441184
v 0.101324 0.167814 0.441093
v 0.117151 0.157080 0.441093
v 0.131851 0.144846 0.441180
v 0.145280 0.131230 0.441442
v 0.157310 0.116364 0.441877
v 0.167825 0.100390 0.442138
v 0.176723 0.083462 0.442138
v 0.183920 0.065744 0.442138
v 0.189345 0.047406 0.442138
v 0.192946 0.028624 0.442138
v 0.194689 0.009579 0.442138
v 0.194558 -0.009544 0.442138
v 0.192553 -0.028563 0.441866
v 0.188692 -0.047294 0.441334
v 0.183014 -0.065555 0.441156
v 0.175574 -0.083173 0.441156
v 0.166443 -0.099976 0.441156
v 0.155708 -0.115803 0.441162
v 0.143474 -0.130502 0.441340
v 0.129858 -0.143931 0.441871
v 0.114993 -0.156138 0.441922
v 0.099019 -0.166998 0.441479
v 0.082091 -0.176012 0.441332
v 0.082091 -0.176012 0.441332
v 0.064373 -0.183209 0.441332
v 0.046034 -0.188634 0.441028
v 0.027253 -0.192121 0.440586
v 0.008208 -0.193526 0.440816
v -0.010916 -0.193211 0.440401
v -0.029934 -0.191204 0.439326
v -0.048665 -0.187344 0.439483
v -0.066926 -0.181666 0.439793
v -0.084544 -0.174226 0.440212
v -0.101348 -0.165096 0.441470
v -0.117175 -0.154361 0.442138
v -0.131874 -0.142127 0.442138
v -0.145303 -0.128511 0.442138
v -0.157333 -0.113645 0.442138
v -0.167848 -0.097671 0.442138
v -0.176746 -0.080743 0.442138
v -0.183943 -0.063025 0.442138
v -0.189369 -0.044687 0.442899
v -0.192971 -0.025905 0.444450
v -0.194714 -0.006860 0.444974
v -0.194582 0.012264 0.444974
v -0.192578 0.031282 0.444961
v -0.188718 0.050013 0.444449
v -0.183041 0.068276 0.442914
v -0.175597 0.085892 0.442138
v -0.166466 0.102695 0.442138
v -0.155732 0.118523 0.442138
v -0.143498 0.133222 0.442138
v -0.129882 0.146651 0.442138
v -0.115016 0.158681 0.442138
v -0.099042 0.169196 0.442138
v -0.082114 0.178094 0.442138
v -0.082114 0.178094 0.442138
v -0.064396 0.185291 0.442138
v -0.046058 0.190716 0.442138
v -0.027276 0.194317 0.442138
v -0.008231 0.196061 0.442138
v 0.010892 0.195929 0.442138
v 0.029911 0.193923 0.442138
v 0.048617 0.189967 0.450721
v 0.145206 0.131164 0.450272
v 0.131783 0.144773 0.450011
v 0.029896 0.193825 0.450971
v 0.117092 0.157001 0.449925
v 0.183826 0.065711 0.450971
v 0.176633 0.083421 0.450971
v 0.101273 0.167729 0.449925
v 0.167739 0.100340 0.450971
v 0.194458 -0.009539 0.450971
v 0.194590 0.009575 0.450971
v 0.157229 0.116305 0.450707
v 0.192848 0.028610 0.450971
v 0.175485 -0.083130 0.449987
v 0.182921 -0.065521 0.449987
v 0.189248 0.047382 0.450971
v 0.188595 -0.047269 0.450165
v 0.129793 -0.143858 0.450688
v 0.143402 -0.130436 0.450162
v 0.192453 -0.028548 0.450697
v 0.155630 -0.115744 0.449989
v 0.064340 -0.183115 0.450164
v 0.082049 -0.175922 0.450164
v 0.082049 -0.175922 0.450164
v 0.166358 -0.099924 0.449987
v 0.098968 -0.166913 0.450310
v -0.010910 -0.193111 0.449253
v 0.008204 -0.193427 0.449649
v 0.114934 -0.156058 0.450753
v 0.027239 -0.192024 0.449421
v -0.084501 -0.174136 0.449041
v -0.066892 -0.181573 0.448628
v 0.046011 -0.188538 0.449868
v -0.048640 -0.187248 0.448316
v -0.145229 -0.128445 0.450971
v -0.131807 -0.142054 0.450971
v -0.029919 -0.191107 0.448167
v -0.117115 -0.154282 0.450971
v -0.183849 -0.062992 0.450971
v -0.176656 -0.080701 0.450971
v -0.101295 -0.165010 0.450297
v -0.167762 -0.097621 0.450971
v -0.194481 0.012258 0.453816
v -0.194613 -0.006856 0.453816
v -0.157253 -0.113586 0.450971
v -0.192871 -0.025891 0.453301
v -0.175508 0.085849 0.450971
v -0.182944 0.068240 0.451792
v -0.189273 -0.044663 0.451762
v -0.188619 0.049988 0.453313
v -0.129816 0.146577 0.450971
v -0.143425 0.133155 0.450971
v -0.192476 0.031267 0.453816
v -0.155653 0.118463 0.450971
v -0.064363 0.185197 0.450971
v -0.082073 0.178004 0.450971
v -0.082073 0.178004 0.450971
v -0.166381 0.102644 0.450971
v -0.098992 0.169110 0.450971
v 0.010887 0.195829 0.450971
v -0.008227 0.195961 0.450971
v -0.114957 0.158601 0.450971
v -0.027262 0.194219 0.450971
v -0.046034 0.190619 0.450971
v 0.084478 0.176856 0.450015
v 0.066869 0.184292 0.450281
v 0.028387 0.184118 0.454073
v 0.010337 0.186022 0.454073
v -0.007813 0.186147 0.454073
v -0.025887 0.184492 0.454073
v -0.043713 0.181074 0.454073
v -0.061118 0.175925 0.454073
v -0.077934 0.169095 0.454073
v -0.094000 0.160650 0.454073
v -0.109160 0.150670 0.454073
v -0.123270 0.139253 0.454073
v -0.136192 0.126508 0.454073
v -0.147803 0.112557 0.454073
v -0.157991 0.097535 0.454073
v -0.166657 0.081588 0.454073
v -0.173718 0.064867 0.454073
v -0.179107 0.047535 0.454073
v -0.182770 0.029758 0.454073
v -0.184674 0.011708 0.454073
v -0.184799 -0.006442 0.454073
v -0.183144 -0.024516 0.453664
v -0.179726 -0.042342 0.453468
v -0.174578 -0.059747 0.453359
v -0.167747 -0.076563 0.453301
v -0.159302 -0.092629 0.453283
v -0.149323 -0.107789 0.453301
v -0.137905 -0.121899 0.453359
v -0.125160 -0.134821 0.453468
v -0.111209 -0.146432 0.453664
v -0.096187 -0.156620 0.454073
v -0.080240 -0.165286 0.454073
v -0.063519 -0.172347 0.454073
v -0.046187 -0.177735 0.454073
v -0.028411 -0.181399 0.454073
v -0.010360 -0.183303 0.454073
v 0.007790 -0.183428 0.454073
v 0.025864 -0.181773 0.454073
v 0.043690 -0.178355 0.454073
v 0.061095 -0.173206 0.454073
v 0.077911 -0.166376 0.454073
v 0.093977 -0.157931 0.454073
v 0.109137 -0.147951 0.454073
v 0.123247 -0.136534 0.454073
v 0.136169 -0.123789 0.454073
v 0.147780 -0.109838 0.454073
v 0.157968 -0.094816 0.454073
v 0.166634 -0.078869 0.454073
v 0.173695 -0.062148 0.454073
v 0.179083 -0.044816 0.454073
v 0.182747 -0.027039 0.454073
v 0.184651 -0.008989 0.454073
v 0.184776 0.009161 0.454073
v 0.183121 0.027235 0.454073
v 0.179703 0.045061 0.454073
v 0.174554 0.062466 0.454073
v 0.167724 0.079282 0.454073
v 0.159279 0.095348 0.454073
v 0.149299 0.110508 0.454073
v 0.137882 0.124618 0.453783
v 0.125137 0.137540 0.453535
v 0.111186 0.149151 0.453454
v 0.096164 0.159339 0.453454
v 0.080217 0.168005 0.453540
v 0.063496 0.175066 0.453794
v 0.046164 0.180455 0.454073
v 0.035444 0.221924 0.095263
v 0.046394 0.208897 0.095164
v 0.049454 0.209557 0.095164
v 0.052114 0.211146 0.095159
v 0.054125 0.213517 0.095147
v 0.055288 0.216451 0.095130
v 0.050414 0.227712 0.094809
v 0.054670 0.222837 0.095057
v 0.052940 0.225645 0.094935
v 0.035245 0.218710 0.095259
v 0.047497 0.229116 0.094727
v 0.036048 0.215534 0.095210
v 0.044334 0.229453 0.094740
v 0.037776 0.212719 0.095160
v 0.041282 0.228796 0.094846
v 0.040252 0.210549 0.095148
v 0.038626 0.227214 0.095032
v 0.043224 0.209234 0.095159
v 0.043224 0.209234 0.095159
v 0.036614 0.224852 0.095192
v 0.055480 0.219665 0.095109
vt 0.326868 0.002602
vt 0.225764 0.956855
vt 0.322941 0.002613
vt 0.229166 0.955735
vt 0.319086 0.002627
vt 0.231936 0.953564
vt 0.311094 0.002287
vt 0.234713 0.946896
vt 0.234449 0.942936
vt 0.306804 0.001744
vt 0.390463 0.001758
vt 0.232974 0.939144
vt 0.386055 0.001744
vt 0.223442 0.932271
vt 0.372893 0.002142
vt 0.213516 0.935563
vt 0.360992 0.002865
vt 0.211102 0.946111
vt 0.348636 0.002860
vt 0.339700 0.002573
vt 0.215059 0.953133
vt 0.335259 0.002583
vt 0.218329 0.955514
vt 0.153045 0.005062
vt 0.072182 0.906238
vt 0.135704 0.005734
vt 0.065104 0.893135
vt 0.131342 0.003965
vt 0.218366 0.004320
vt 0.061101 0.891592
vt 0.057072 0.891485
vt 0.214054 0.003289
vt 0.053338 0.892816
vt 0.209717 0.003145
vt 0.050200 0.895345
vt 0.205362 0.003475
vt 0.200982 0.004359
vt 0.048017 0.898843
vt 0.047019 0.906957
vt 0.192284 0.003697
vt 0.048207 0.910953
vt 0.187950 0.002338
vt 0.065678 0.915813
vt 0.166083 0.003281
vt 0.068829 0.913375
vt 0.161725 0.003700
vt 0.157380 0.004314
vt 0.071071 0.910072
vt 0.102204 0.960802
vt 0.075988 0.705364
vt 0.078923 0.704780
vt 0.101398 0.966095
vt 0.074606 0.699393
vt 0.097878 0.959297
vt 0.077576 0.698720
vt 0.095403 0.964120
vt 0.073069 0.693425
vt 0.094109 0.956591
vt 0.076039 0.692655
vt 0.090281 0.960454
vt 0.071369 0.687470
vt 0.091302 0.952774
vt 0.074333 0.686618
vt 0.086443 0.955342
vt 0.069533 0.681493
vt 0.089829 0.948200
vt 0.072513 0.680602
vt 0.084281 0.949204
vt 0.067506 0.796878
vt 0.067726 0.675429
vt 0.089739 0.943345
vt 0.070599 0.797669
vt 0.070742 0.674663
vt 0.084136 0.942595
vt 0.069471 0.790773
vt 0.091224 0.938685
vt 0.072427 0.791653
vt 0.086044 0.936194
vt 0.071392 0.784891
vt 0.094000 0.934707
vt 0.074272 0.785733
vt 0.089952 0.930689
vt 0.072956 0.778962
vt 0.097943 0.931845
vt 0.075810 0.779723
vt 0.095453 0.926751
vt 0.073774 0.772799
vt 0.102704 0.930335
vt 0.076749 0.773462
vt 0.101931 0.924648
vt 0.074595 0.766594
vt 0.107773 0.930391
vt 0.077687 0.767140
vt 0.108823 0.924692
vt 0.075720 0.760497
vt 0.112422 0.932180
vt 0.078718 0.760886
vt 0.115228 0.927125
vt 0.074979 0.754297
vt 0.116192 0.935194
vt 0.079657 0.754812
vt 0.119772 0.931692
vt 0.073755 0.748219
vt 0.118713 0.939046
vt 0.079889 0.748360
vt 0.122675 0.937397
vt 0.073701 0.742320
vt 0.119797 0.943169
vt 0.080268 0.742851
vt 0.124015 0.942599
vt 0.073753 0.736352
vt 0.119694 0.947713
vt 0.080584 0.736542
vt 0.123972 0.948704
vt 0.075582 0.730265
vt 0.118106 0.952412
vt 0.080647 0.730132
vt 0.123243 0.955079
vt 0.077066 0.723964
vt 0.115240 0.956462
vt 0.080152 0.723700
vt 0.119341 0.960452
vt 0.076960 0.717708
vt 0.111349 0.959323
vt 0.079967 0.717329
vt 0.113979 0.964218
vt 0.076931 0.711439
vt 0.106816 0.960812
vt 0.079884 0.710943
vt 0.107756 0.966095
vt 0.050843 0.704617
vt 0.073551 0.902041
vt 0.048874 0.705051
vt 0.075516 0.901740
vt 0.049513 0.699477
vt 0.072097 0.897865
vt 0.047569 0.699982
vt 0.073868 0.896959
vt 0.048004 0.694392
vt 0.069412 0.894333
vt 0.046090 0.694975
vt 0.070807 0.892922
vt 0.046282 0.689387
vt 0.065808 0.891843
vt 0.044423 0.690066
vt 0.066645 0.890053
vt 0.045164 0.787996
vt 0.045251 0.683974
vt 0.061427 0.890134
vt 0.043615 0.684765
vt 0.043615 0.787113
vt 0.061708 0.888245
vt 0.048436 0.783531
vt 0.056857 0.889989
vt 0.046748 0.782848
vt 0.056500 0.888026
vt 0.050389 0.778574
vt 0.052634 0.891476
vt 0.048474 0.777964
vt 0.051710 0.889707
vt 0.051933 0.773440
vt 0.049086 0.894240
vt 0.047632 0.892743
vt 0.049950 0.772923
vt 0.052028 0.767906
vt 0.046635 0.898160
vt 0.044866 0.897186
vt 0.050169 0.767510
vt 0.052011 0.762465
vt 0.045581 0.902558
vt 0.043615 0.902287
vt 0.050039 0.762094
vt 0.053719 0.757382
vt 0.045508 0.907099
vt 0.043615 0.907459
vt 0.051785 0.757069
vt 0.055774 0.752240
vt 0.046842 0.911593
vt 0.045112 0.912546
vt 0.053846 0.751995
vt 0.056893 0.746929
vt 0.049519 0.915252
vt 0.048139 0.916699
vt 0.054894 0.746763
vt 0.056790 0.741500
vt 0.053311 0.917717
vt 0.052455 0.919477
vt 0.054834 0.741417
vt 0.056295 0.736122
vt 0.057761 0.918751
vt 0.054240 0.736092
vt 0.057446 0.920727
vt 0.056220 0.730772
vt 0.062182 0.918621
vt 0.054176 0.730818
vt 0.062503 0.920609
vt 0.055760 0.725440
vt 0.066377 0.917140
vt 0.053739 0.725576
vt 0.067267 0.918923
vt 0.054791 0.720161
vt 0.069908 0.914416
vt 0.052841 0.720376
vt 0.071273 0.915838
vt 0.053463 0.714960
vt 0.072426 0.910721
vt 0.051553 0.715246
vt 0.074134 0.911649
vt 0.073662 0.906440
vt 0.052004 0.709809
vt 0.050008 0.710175
vt 0.075568 0.906783
vt 0.266777 0.953757
vt 0.290900 0.017669
vt 0.255164 0.956008
vt 0.221854 0.018048
vt 0.303315 0.017610
vt 0.245900 0.944772
vt 0.237804 0.017758
vt 0.250158 0.017378
vt 0.249628 0.933821
vt 0.254340 0.017045
vt 0.252789 0.931322
vt 0.262564 0.016504
vt 0.264855 0.930820
vt 0.266600 0.016527
vt 0.268210 0.932916
vt 0.272501 0.943474
vt 0.278547 0.017589
vt 0.261091 0.887220
vt 0.089888 0.890332
vt 0.086978 0.890733
vt 0.260301 0.881697
vt 0.090978 0.896337
vt 0.265877 0.887279
vt 0.088092 0.896815
vt 0.266866 0.881760
vt 0.092693 0.902216
vt 0.270507 0.888863
vt 0.089734 0.902822
vt 0.273308 0.883850
vt 0.094246 0.908164
vt 0.274282 0.891974
vt 0.091192 0.908904
vt 0.278555 0.888092
vt 0.095477 0.914249
vt 0.276891 0.896080
vt 0.092516 0.915004
vt 0.282026 0.893648
vt 0.096545 0.920549
vt 0.097154 0.801010
vt 0.278347 0.900687
vt 0.093491 0.921159
vt 0.094111 0.800314
vt 0.283711 0.899797
vt 0.094811 0.806870
vt 0.278396 0.905296
vt 0.091935 0.806105
vt 0.283552 0.906016
vt 0.093250 0.812760
vt 0.277009 0.909529
vt 0.090295 0.811999
vt 0.281720 0.911826
vt 0.091918 0.818678
vt 0.274376 0.913229
vt 0.088899 0.818052
vt 0.278261 0.916888
vt 0.090691 0.824656
vt 0.270652 0.916018
vt 0.087706 0.824149
vt 0.273297 0.920765
vt 0.089585 0.830636
vt 0.266168 0.917538
vt 0.086622 0.830199
vt 0.267236 0.922980
vt 0.088643 0.836583
vt 0.261357 0.917590
vt 0.085697 0.836239
vt 0.260650 0.923194
vt 0.087934 0.842521
vt 0.256715 0.916105
vt 0.084995 0.842279
vt 0.254211 0.921278
vt 0.087454 0.848474
vt 0.252651 0.913281
vt 0.084520 0.848319
vt 0.248680 0.917334
vt 0.087127 0.854399
vt 0.249822 0.909241
vt 0.084232 0.854344
vt 0.244765 0.911837
vt 0.086964 0.860345
vt 0.248352 0.904667
vt 0.084136 0.860333
vt 0.242840 0.905530
vt 0.087094 0.866304
vt 0.248300 0.899918
vt 0.084182 0.866350
vt 0.242840 0.899038
vt 0.087524 0.872275
vt 0.249764 0.895376
vt 0.084587 0.872434
vt 0.244860 0.892832
vt 0.088271 0.878298
vt 0.252581 0.891458
vt 0.085325 0.878532
vt 0.248675 0.887511
vt 0.089069 0.884306
vt 0.256517 0.888598
vt 0.086146 0.884628
vt 0.254011 0.883594
vt 0.113646 0.892349
vt 0.244667 0.944216
vt 0.116478 0.891752
vt 0.242840 0.944348
vt 0.115952 0.897171
vt 0.245522 0.948525
vt 0.117825 0.896723
vt 0.243764 0.949196
vt 0.117439 0.902152
vt 0.247688 0.952397
vt 0.119334 0.901629
vt 0.246118 0.953584
vt 0.119102 0.907180
vt 0.250908 0.955430
vt 0.120940 0.906549
vt 0.249779 0.957006
vt 0.120958 0.912330
vt 0.121016 0.809367
vt 0.254882 0.957381
vt 0.122812 0.911462
vt 0.122812 0.810188
vt 0.254266 0.959257
vt 0.119070 0.814335
vt 0.259273 0.958060
vt 0.120951 0.814967
vt 0.259242 0.960047
vt 0.117583 0.819389
vt 0.263682 0.957394
vt 0.119532 0.819935
vt 0.264245 0.959314
vt 0.116314 0.824413
vt 0.267691 0.955427
vt 0.118235 0.824939
vt 0.268798 0.957101
vt 0.115082 0.829471
vt 0.270927 0.952363
vt 0.117019 0.829924
vt 0.272481 0.953629
vt 0.114145 0.834588
vt 0.273115 0.948490
vt 0.116057 0.834922
vt 0.274977 0.949228
vt 0.113319 0.839683
vt 0.274078 0.944144
vt 0.115253 0.839923
vt 0.276070 0.944280
vt 0.112220 0.844622
vt 0.273630 0.939738
vt 0.114052 0.844830
vt 0.275351 0.939259
vt 0.111367 0.849610
vt 0.272091 0.935546
vt 0.113320 0.849636
vt 0.273661 0.934688
vt 0.111024 0.854782
vt 0.269439 0.931926
vt 0.113046 0.854801
vt 0.270826 0.930453
vt 0.111204 0.860025
vt 0.265728 0.929379
vt 0.113158 0.859945
vt 0.266623 0.927608
vt 0.112160 0.871341
vt 0.252242 0.929550
vt 0.114147 0.871338
vt 0.251381 0.927798
vt 0.112618 0.876618
vt 0.248751 0.932192
vt 0.114604 0.876508
vt 0.247397 0.930776
vt 0.113189 0.881792
vt 0.246177 0.935748
vt 0.115133 0.881617
vt 0.244453 0.934793
vt 0.244820 0.939911
vt 0.112743 0.887125
vt 0.115593 0.886708
vt 0.243058 0.939516
vt 0.070862 0.955894
vt 0.384943 0.845349
vt 0.074953 0.959779
vt 0.387893 0.844854
vt 0.383751 0.839437
vt 0.067109 0.958853
vt 0.069784 0.963768
vt 0.386692 0.838843
vt 0.382367 0.833558
vt 0.062442 0.960419
vt 0.063541 0.965960
vt 0.385266 0.832844
vt 0.380380 0.827430
vt 0.057167 0.960340
vt 0.056409 0.965960
vt 0.383220 0.826582
vt 0.378274 0.821270
vt 0.052200 0.958745
vt 0.049537 0.963796
vt 0.381094 0.820353
vt 0.376592 0.815184
vt 0.376646 0.933903
vt 0.048316 0.955751
vt 0.044187 0.959691
vt 0.379461 0.814404
vt 0.379615 0.934492
vt 0.378760 0.928288
vt 0.045799 0.951969
vt 0.041008 0.954422
vt 0.381620 0.929002
vt 0.380839 0.922825
vt 0.044776 0.947811
vt 0.039766 0.948642
vt 0.383713 0.923560
vt 0.382472 0.916977
vt 0.044932 0.943394
vt 0.039825 0.942565
vt 0.385269 0.917664
vt 0.383526 0.910981
vt 0.046232 0.938861
vt 0.041145 0.936459
vt 0.386288 0.911567
vt 0.384764 0.905084
vt 0.048723 0.934733
vt 0.044542 0.931139
vt 0.387486 0.905571
vt 0.386076 0.899030
vt 0.052705 0.931834
vt 0.050002 0.927312
vt 0.388960 0.899393
vt 0.386865 0.893048
vt 0.057108 0.930235
vt 0.055921 0.925065
vt 0.389793 0.893311
vt 0.387447 0.887127
vt 0.061543 0.929935
vt 0.062157 0.924648
vt 0.390303 0.887345
vt 0.387617 0.881354
vt 0.065861 0.931080
vt 0.068171 0.926056
vt 0.390464 0.881555
vt 0.387554 0.875508
vt 0.069769 0.933680
vt 0.073637 0.929480
vt 0.390418 0.875623
vt 0.387389 0.869479
vt 0.072911 0.937500
vt 0.077910 0.934751
vt 0.390290 0.869488
vt 0.387110 0.863303
vt 0.074651 0.942270
vt 0.080346 0.941249
vt 0.390093 0.863172
vt 0.386770 0.857206
vt 0.074966 0.947292
vt 0.080647 0.948097
vt 0.389658 0.856921
vt 0.385947 0.851284
vt 0.073650 0.951998
vt 0.078705 0.954425
vt 0.388894 0.850889
vt 0.359374 0.844274
vt 0.229779 0.957197
vt 0.230652 0.958990
vt 0.357437 0.844663
vt 0.358160 0.839222
vt 0.233362 0.954580
vt 0.234750 0.956008
vt 0.356248 0.839679
vt 0.356765 0.834244
vt 0.235926 0.950993
vt 0.237706 0.951885
vt 0.354903 0.834765
vt 0.355513 0.829172
vt 0.237329 0.946779
vt 0.239252 0.947043
vt 0.353714 0.829769
vt 0.354265 0.926123
vt 0.354319 0.823846
vt 0.237380 0.942239
vt 0.239351 0.941900
vt 0.352599 0.925273
vt 0.352599 0.824624
vt 0.356289 0.921146
vt 0.235958 0.937967
vt 0.237741 0.937089
vt 0.354579 0.920517
vt 0.357371 0.916000
vt 0.233241 0.934390
vt 0.234628 0.933054
vt 0.355640 0.915478
vt 0.358640 0.911010
vt 0.229614 0.931841
vt 0.230537 0.930102
vt 0.356846 0.910550
vt 0.359937 0.905993
vt 0.225402 0.930482
vt 0.225734 0.928525
vt 0.358052 0.905581
vt 0.360861 0.900858
vt 0.220939 0.930502
vt 0.220659 0.928548
vt 0.358984 0.900517
vt 0.361616 0.895737
vt 0.216699 0.931917
vt 0.215835 0.930123
vt 0.359687 0.895463
vt 0.362085 0.890594
vt 0.213121 0.934568
vt 0.211726 0.933106
vt 0.360096 0.890388
vt 0.362320 0.885493
vt 0.210572 0.938171
vt 0.208768 0.937257
vt 0.360352 0.885341
vt 0.363091 0.880133
vt 0.209357 0.942485
vt 0.207374 0.942436
vt 0.361042 0.880042
vt 0.363359 0.874844
vt 0.209385 0.946919
vt 0.207404 0.947522
vt 0.361281 0.874857
vt 0.362857 0.870020
vt 0.210648 0.951048
vt 0.208849 0.951954
vt 0.360849 0.870096
vt 0.362509 0.864828
vt 0.213286 0.954634
vt 0.211850 0.956033
vt 0.360518 0.864958
vt 0.361990 0.859652
vt 0.216893 0.957227
vt 0.215954 0.958996
vt 0.360009 0.859845
vt 0.361292 0.854497
vt 0.221120 0.958586
vt 0.220771 0.960556
vt 0.359323 0.854754
vt 0.225561 0.958578
vt 0.360418 0.849369
vt 0.225835 0.960556
vt 0.358463 0.849692
vt 0.096831 0.961272
vt 0.101837 0.962961
vt 0.092513 0.958155
vt 0.089312 0.953796
vt 0.087529 0.948590
vt 0.087462 0.943014
vt 0.089094 0.937635
vt 0.092357 0.933072
vt 0.096890 0.929744
vt 0.102363 0.927997
vt 0.108193 0.928049
vt 0.113621 0.930089
vt 0.117854 0.933690
vt 0.120300 0.938262
vt 0.121405 0.942981
vt 0.121700 0.948159
vt 0.120226 0.953537
vt 0.116895 0.958120
vt 0.112372 0.961372
vt 0.107138 0.963000
vt 0.266265 0.884999
vt 0.260769 0.884975
vt 0.271656 0.886803
vt 0.276032 0.890426
vt 0.279021 0.895123
vt 0.280564 0.900372
vt 0.280496 0.905635
vt 0.278908 0.910477
vt 0.275965 0.914743
vt 0.271720 0.917983
vt 0.266583 0.919783
vt 0.261043 0.919895
vt 0.255648 0.918240
vt 0.251019 0.914919
vt 0.247714 0.910312
vt 0.246060 0.905004
vt 0.246058 0.899544
vt 0.247732 0.894324
vt 0.250971 0.889847
vt 0.255476 0.886530
vt 0.068193 0.960882
vt 0.072561 0.957519
vt 0.062883 0.962689
vt 0.056831 0.962613
vt 0.051084 0.960787
vt 0.046559 0.957349
vt 0.043759 0.952929
vt 0.042721 0.948116
vt 0.042790 0.943020
vt 0.044032 0.937794
vt 0.046970 0.933201
vt 0.051587 0.929935
vt 0.056646 0.928126
vt 0.061798 0.927748
vt 0.066809 0.928985
vt 0.071364 0.931917
vt 0.074938 0.936376
vt 0.077003 0.941857
vt 0.077315 0.947630
vt 0.075742 0.952997
vt 0.284406 0.949846
vt 0.293552 0.940713
vt 0.287671 0.952225
vt 0.291523 0.953486
vt 0.282035 0.946576
vt 0.280788 0.942734
vt 0.280788 0.938694
vt 0.282035 0.934852
vt 0.284406 0.931582
vt 0.287672 0.929202
vt 0.291531 0.927936
vt 0.295603 0.927913
vt 0.299457 0.929147
vt 0.302726 0.931520
vt 0.305095 0.934802
vt 0.306339 0.938682
vt 0.306339 0.942728
vt 0.305101 0.946610
vt 0.302735 0.949901
vt 0.299464 0.952279
vt 0.295604 0.953513
vt 0.182657 0.934425
vt 0.177732 0.945909
vt 0.178805 0.933190
vt 0.174763 0.933195
vt 0.185939 0.936789
vt 0.188316 0.940061
vt 0.189569 0.943905
vt 0.189575 0.947955
vt 0.188323 0.951820
vt 0.185952 0.955091
vt 0.182681 0.957473
vt 0.178838 0.958726
vt 0.174796 0.958730
vt 0.170951 0.957486
vt 0.167677 0.955114
vt 0.165297 0.951847
vt 0.164042 0.948004
vt 0.164048 0.943964
vt 0.165280 0.940115
vt 0.167652 0.936838
vt 0.170921 0.934452
vt 0.156954 0.940101
vt 0.145200 0.945475
vt 0.154621 0.936802
vt 0.151381 0.934386
vt 0.158092 0.944085
vt 0.157879 0.948462
vt 0.156493 0.952473
vt 0.154076 0.955712
vt 0.150862 0.957864
vt 0.147153 0.958739
vt 0.143140 0.958644
vt 0.139227 0.957529
vt 0.135988 0.955110
vt 0.133736 0.951621
vt 0.132573 0.947680
vt 0.132562 0.943755
vt 0.133755 0.940122
vt 0.136116 0.936986
vt 0.139417 0.934654
vt 0.143335 0.933352
vt 0.147488 0.933206
vt 0.098794 0.957534
vt 0.283525 0.950725
vt 0.102632 0.958775
vt 0.287104 0.953333
vt 0.095588 0.955108
vt 0.280925 0.947140
vt 0.093210 0.951783
vt 0.279559 0.942928
vt 0.091954 0.947832
vt 0.279559 0.938500
vt 0.091923 0.943648
vt 0.280925 0.934288
vt 0.093214 0.939627
vt 0.283525 0.930703
vt 0.095657 0.936142
vt 0.287103 0.928093
vt 0.099130 0.933657
vt 0.291331 0.926708
vt 0.103209 0.932464
vt 0.295797 0.926683
vt 0.107421 0.932651
vt 0.300024 0.928035
vt 0.111332 0.933990
vt 0.303608 0.930636
vt 0.114560 0.936441
vt 0.306205 0.934236
vt 0.116884 0.939705
vt 0.307569 0.938490
vt 0.117938 0.943492
vt 0.307569 0.942920
vt 0.117563 0.947494
vt 0.306214 0.947184
vt 0.115963 0.951403
vt 0.303623 0.950794
vt 0.113740 0.954898
vt 0.300040 0.953399
vt 0.110594 0.957354
vt 0.295806 0.954748
vt 0.106720 0.958714
vt 0.291326 0.954715
vt 0.183221 0.933313
vt 0.265572 0.889402
vt 0.178997 0.931964
vt 0.261426 0.889253
vt 0.186822 0.935902
vt 0.269419 0.890836
vt 0.189430 0.939486
vt 0.272586 0.893375
vt 0.190796 0.943702
vt 0.274802 0.896929
vt 0.190809 0.948143
vt 0.276232 0.900861
vt 0.189434 0.952384
vt 0.276413 0.904874
vt 0.186834 0.955971
vt 0.275241 0.908680
vt 0.183248 0.958582
vt 0.272890 0.911834
vt 0.179035 0.959956
vt 0.269662 0.914164
vt 0.174603 0.959961
vt 0.265796 0.915428
vt 0.170387 0.958597
vt 0.261667 0.915433
vt 0.166798 0.955996
vt 0.257698 0.914127
vt 0.164188 0.952414
vt 0.254303 0.911618
vt 0.162815 0.948201
vt 0.251762 0.908247
vt 0.162829 0.943772
vt 0.250375 0.904330
vt 0.164172 0.939552
vt 0.250414 0.900190
vt 0.166769 0.935959
vt 0.251714 0.896249
vt 0.170353 0.933343
vt 0.254167 0.892928
vt 0.174567 0.931964
vt 0.257554 0.890557
vt 0.066051 0.956971
vt 0.158071 0.939550
vt 0.069386 0.954486
vt 0.155512 0.935933
vt 0.061987 0.958311
vt 0.159326 0.943902
vt 0.057431 0.958192
vt 0.159087 0.948712
vt 0.053241 0.956742
vt 0.157560 0.953126
vt 0.049902 0.954386
vt 0.154910 0.956676
vt 0.047714 0.951306
vt 0.151393 0.959020
vt 0.046780 0.947705
vt 0.147332 0.959969
vt 0.046879 0.943650
vt 0.142914 0.959904
vt 0.048153 0.939685
vt 0.138604 0.958727
vt 0.050297 0.936202
vt 0.135053 0.956075
vt 0.053627 0.933660
vt 0.132605 0.952205
vt 0.057517 0.932189
vt 0.131342 0.947856
vt 0.061436 0.931990
vt 0.131342 0.943531
vt 0.065101 0.933045
vt 0.132653 0.939542
vt 0.068365 0.935313
vt 0.135241 0.936105
vt 0.070905 0.938637
vt 0.138861 0.933547
vt 0.072496 0.942658
vt 0.143157 0.932118
vt 0.072809 0.946966
vt 0.147707 0.931964
vt 0.071706 0.951036
vt 0.151962 0.933282
vt 0.106785 0.015971
vt 0.337886 0.953834
vt 0.334409 0.955644
vt 0.110965 0.016498
vt 0.326718 0.955973
vt 0.119366 0.016546
vt 0.323148 0.954438
vt 0.123573 0.016575
vt 0.043615 0.016442
vt 0.127853 0.016314
vt 0.320104 0.951971
vt 0.316807 0.941287
vt 0.056206 0.015344
vt 0.318256 0.937737
vt 0.060382 0.015635
vt 0.337712 0.929587
vt 0.355483 0.718995
vt 0.077386 0.015233
vt 0.343183 0.939155
vt 0.090071 0.016413
vt 0.342693 0.947357
vt 0.098449 0.014172
vt 0.336733 0.914610
vt 0.116365 0.704768
vt 0.119328 0.704250
vt 0.340645 0.918668
vt 0.115650 0.698999
vt 0.332867 0.917128
vt 0.118500 0.698348
vt 0.335281 0.921970
vt 0.114869 0.693213
vt 0.328497 0.918125
vt 0.117672 0.692488
vt 0.329298 0.923175
vt 0.113408 0.687293
vt 0.324083 0.917666
vt 0.116295 0.686568
vt 0.323158 0.922864
vt 0.111837 0.681363
vt 0.319811 0.916167
vt 0.114803 0.680632
vt 0.317352 0.920875
vt 0.110382 0.675241
vt 0.110635 0.796245
vt 0.316087 0.913349
vt 0.113405 0.674663
vt 0.113821 0.796826
vt 0.312287 0.917220
vt 0.112194 0.789925
vt 0.313305 0.909519
vt 0.115244 0.790608
vt 0.308463 0.912116
vt 0.113699 0.783861
vt 0.311786 0.905023
vt 0.116689 0.784505
vt 0.306377 0.906001
vt 0.115087 0.777890
vt 0.311678 0.900431
vt 0.118025 0.778463
vt 0.306398 0.899546
vt 0.115456 0.771739
vt 0.313369 0.895938
vt 0.118490 0.772217
vt 0.308379 0.893422
vt 0.116454 0.765699
vt 0.316110 0.891989
vt 0.119448 0.766082
vt 0.312083 0.888222
vt 0.117303 0.759680
vt 0.320013 0.889050
vt 0.120269 0.759995
vt 0.317149 0.884203
vt 0.118718 0.753753
vt 0.324451 0.887186
vt 0.121694 0.753971
vt 0.323247 0.881990
vt 0.119187 0.747747
vt 0.328949 0.887106
vt 0.122131 0.747889
vt 0.329670 0.881697
vt 0.119492 0.741777
vt 0.333405 0.888542
vt 0.122384 0.741856
vt 0.335896 0.883634
vt 0.119553 0.735811
vt 0.337108 0.891754
vt 0.122434 0.735767
vt 0.341150 0.887643
vt 0.119003 0.729523
vt 0.339798 0.896068
vt 0.121945 0.729359
vt 0.344910 0.893450
vt 0.118368 0.723135
vt 0.341241 0.900999
vt 0.121360 0.722942
vt 0.346922 0.900113
vt 0.117793 0.716893
vt 0.341287 0.906088
vt 0.120802 0.716636
vt 0.346922 0.907016
vt 0.117110 0.710755
vt 0.339628 0.910777
vt 0.120172 0.710371
vt 0.344733 0.913477
vt 0.092005 0.703741
vt 0.322333 0.956581
vt 0.090035 0.704094
vt 0.321252 0.958251
vt 0.090887 0.698589
vt 0.326432 0.958317
vt 0.088942 0.699026
vt 0.325902 0.960240
vt 0.089524 0.693502
vt 0.330878 0.958755
vt 0.087613 0.694037
vt 0.330949 0.960752
vt 0.087914 0.688489
vt 0.335262 0.957846
vt 0.086044 0.689136
vt 0.335935 0.959733
vt 0.085923 0.787683
vt 0.085958 0.683443
vt 0.339208 0.955720
vt 0.084136 0.684317
vt 0.084136 0.786725
vt 0.340393 0.957240
vt 0.089239 0.783170
vt 0.342755 0.952341
vt 0.087870 0.782609
vt 0.344479 0.953490
vt 0.090985 0.778184
vt 0.344869 0.948080
vt 0.089551 0.777734
vt 0.346793 0.948785
vt 0.093705 0.773384
vt 0.345168 0.943239
vt 0.089509 0.772316
vt 0.346922 0.943458
vt 0.093399 0.767979
vt 0.345146 0.939048
vt 0.090491 0.767518
vt 0.346838 0.938819
vt 0.094599 0.762856
vt 0.344044 0.934977
vt 0.091138 0.762545
vt 0.345622 0.934310
vt 0.093352 0.757485
vt 0.341936 0.931321
vt 0.091355 0.757378
vt 0.343386 0.930080
vt 0.094446 0.752091
vt 0.360280 0.717165
vt 0.338833 0.928276
vt 0.357210 0.719180
vt 0.092361 0.752126
vt 0.339872 0.926663
vt 0.359076 0.718683
vt 0.096502 0.743904
vt 0.360971 0.697465
vt 0.324921 0.928652
vt 0.358166 0.695636
vt 0.094963 0.743896
vt 0.324778 0.926663
vt 0.359996 0.696402
vt 0.095022 0.735398
vt 0.319715 0.933662
vt 0.093175 0.735420
vt 0.318583 0.932462
vt 0.095723 0.730102
vt 0.316696 0.937176
vt 0.093739 0.730129
vt 0.315000 0.936225
vt 0.095948 0.724737
vt 0.315048 0.941342
vt 0.093891 0.724816
vt 0.313099 0.940934
vt 0.095561 0.719440
vt 0.314864 0.945777
vt 0.093544 0.719580
vt 0.312882 0.945946
vt 0.094534 0.714199
vt 0.316158 0.950059
vt 0.092581 0.714411
vt 0.314365 0.950783
vt 0.318964 0.953746
vt 0.092964 0.708948
vt 0.090962 0.709229
vt 0.317451 0.954976
vt 0.333823 0.919161
vt 0.338318 0.916315
vt 0.328787 0.920238
vt 0.323675 0.919793
vt 0.318785 0.918080
vt 0.314512 0.914933
vt 0.311307 0.910577
vt 0.309559 0.905422
vt 0.309553 0.900087
vt 0.311269 0.894919
vt 0.314455 0.890424
vt 0.318846 0.886982
vt 0.324015 0.885060
vt 0.329291 0.884890
vt 0.334450 0.886540
vt 0.338788 0.890057
vt 0.341921 0.894996
vt 0.343594 0.900658
vt 0.343575 0.906482
vt 0.341734 0.911913
vt 0.375709 0.961796
vt 0.366587 0.952084
vt 0.378080 0.958726
vt 0.379328 0.954952
vt 0.372444 0.963863
vt 0.368606 0.964741
vt 0.364565 0.964740
vt 0.360721 0.963489
vt 0.357453 0.961112
vt 0.355078 0.957842
vt 0.353829 0.953997
vt 0.353829 0.949955
vt 0.355078 0.946111
vt 0.357453 0.942840
vt 0.360723 0.940463
vt 0.364568 0.939212
vt 0.368611 0.939211
vt 0.372449 0.940837
vt 0.375713 0.943526
vt 0.378083 0.946996
vt 0.379330 0.950910
vt 0.332181 0.915163
vt 0.376588 0.962676
vt 0.335334 0.912985
vt 0.379189 0.959309
vt 0.328522 0.916095
vt 0.373008 0.964942
vt 0.324595 0.915748
vt 0.368800 0.965972
vt 0.320792 0.914356
vt 0.364369 0.965970
vt 0.317591 0.911865
vt 0.360155 0.964599
vt 0.315192 0.908528
vt 0.356571 0.961993
vt 0.313878 0.904627
vt 0.353968 0.958407
vt 0.313720 0.900547
vt 0.352599 0.954192
vt 0.314630 0.896470
vt 0.352599 0.949760
vt 0.317096 0.892930
vt 0.353968 0.945545
vt 0.320654 0.890355
vt 0.356572 0.941959
vt 0.324694 0.889108
vt 0.360158 0.939353
vt 0.328643 0.889139
vt 0.364373 0.937982
vt 0.332445 0.890437
vt 0.368805 0.937981
vt 0.335565 0.893271
vt 0.373014 0.939692
vt 0.337832 0.897070
vt 0.376593 0.942641
vt 0.339038 0.901362
vt 0.379192 0.946447
vt 0.338969 0.905711
vt 0.380559 0.950738
vt 0.337707 0.909720
vt 0.380557 0.955170
vt 0.099910 0.894944
vt 0.101246 0.900438
vt 0.098874 0.889128
vt 0.102705 0.905929
vt 0.104259 0.911799
vt 0.105863 0.917730
vt 0.106099 0.804273
vt 0.104121 0.809709
vt 0.102573 0.815049
vt 0.101119 0.820838
vt 0.099976 0.826353
vt 0.098915 0.832077
vt 0.098000 0.837638
vt 0.097192 0.843383
vt 0.096548 0.848865
vt 0.096183 0.854487
vt 0.096135 0.860335
vt 0.096799 0.871911
vt 0.097380 0.877581
vt 0.098044 0.883303
vt 0.259662 0.016634
vt 0.262099 0.930110
vt 0.359530 0.660505
vt 0.112005 0.867682
vt 0.355483 0.688100
vt 0.111537 0.862998
vt 0.355483 0.663497
vt 0.262556 0.928409
vt 0.357798 0.660588
vt 0.255285 0.928458
vt 0.357694 0.691000
vt 0.114045 0.867817
vt 0.254507 0.926683
vt 0.356039 0.689960
vt 0.113549 0.863077
vt 0.263662 0.926683
vt 0.356069 0.661632
vt 0.356885 0.675768
vt 0.099300 0.866172
vt 0.356885 0.675768
vt 0.358104 0.688551
vt 0.358194 0.663077
vt 0.360813 0.676636
vt 0.360813 0.676636
vt 0.360487 0.675027
vt 0.360487 0.675027
vt 0.108795 0.893282
vt 0.107821 0.887836
vt 0.109995 0.898508
vt 0.111444 0.903700
vt 0.113069 0.909147
vt 0.114841 0.914629
vt 0.114940 0.807271
vt 0.113101 0.812479
vt 0.111537 0.817494
vt 0.110096 0.822961
vt 0.108989 0.828162
vt 0.107978 0.833569
vt 0.107106 0.838788
vt 0.106206 0.844215
vt 0.105421 0.849347
vt 0.105052 0.854695
vt 0.105109 0.860251
vt 0.105942 0.871474
vt 0.106432 0.876935
vt 0.107022 0.882365
vt 0.105428 0.864652
vt 0.356318 0.669614
vt 0.105646 0.866844
vt 0.356242 0.681939
vt 0.360870 0.682838
vt 0.257577 0.008115
vt 0.359717 0.682612
vt 0.359683 0.668979
vt 0.361366 0.675833
vt 0.371595 0.841834
vt 0.370304 0.836351
vt 0.372711 0.847346
vt 0.368601 0.830755
vt 0.366909 0.825130
vt 0.365493 0.929865
vt 0.365498 0.819617
vt 0.367510 0.924776
vt 0.369065 0.919484
vt 0.370543 0.914020
vt 0.371779 0.908511
vt 0.372855 0.903030
vt 0.373848 0.897419
vt 0.374493 0.891849
vt 0.374902 0.886305
vt 0.375388 0.880720
vt 0.375509 0.875153
vt 0.375146 0.869760
vt 0.374870 0.864087
vt 0.374389 0.858446
vt 0.373648 0.852885
vt 0.114078 0.868567
vt 0.253840 0.926920
vt 0.112051 0.868553
vt 0.254066 0.928896
vt 0.105721 0.868018
vt 0.095167 0.866218
vt 0.264092 0.928879
vt 0.105323 0.863193
vt 0.113409 0.861915
vt 0.264763 0.927027
vt 0.111430 0.861997
vt 0.097465 0.702652
vt 0.096380 0.697312
vt 0.098545 0.708000
vt 0.095003 0.691982
vt 0.093353 0.686655
vt 0.091691 0.681227
vt 0.091692 0.790050
vt 0.094215 0.784861
vt 0.096504 0.779686
vt 0.098119 0.774332
vt 0.098944 0.768868
vt 0.099252 0.763455
vt 0.099492 0.757850
vt 0.099614 0.750489
vt 0.360585 0.712107
vt 0.099885 0.745100
vt 0.361005 0.700849
vt 0.100898 0.736081
vt 0.101094 0.729931
vt 0.101125 0.724429
vt 0.100698 0.718895
vt 0.099726 0.713404
vt 0.357571 0.700350
vt 0.359372 0.700535
vt 0.357783 0.711714
vt 0.359205 0.711933
vt 0.104360 0.748237
vt 0.361126 0.707119
vt 0.104283 0.746398
vt 0.361434 0.705173
vt 0.104816 0.747295
vt 0.361352 0.706160
vt 0.357679 0.705169
vt 0.357793 0.706977
vt 0.357739 0.706061
vt 0.359510 0.707053
vt 0.359496 0.705186
vt 0.359533 0.706115
vt 0.106514 0.747296
vt 0.106393 0.748152
vt 0.100560 0.751878
vt 0.094015 0.754109
vt 0.322071 0.931446
vt 0.101147 0.743832
vt 0.106104 0.746498
vt 0.094470 0.741859
vt 0.323353 0.928025
vt 0.340193 0.929614
vt 0.091926 0.754170
vt 0.341239 0.927994
vt 0.096105 0.741870
vt 0.105590 0.695199
vt 0.104247 0.689518
vt 0.102656 0.683818
vt 0.101004 0.678008
vt 0.101095 0.793367
vt 0.103212 0.787612
vt 0.105122 0.781899
vt 0.106510 0.776146
vt 0.107302 0.770335
vt 0.107869 0.764542
vt 0.108699 0.758731
vt 0.109788 0.752913
vt 0.110613 0.742200
vt 0.110381 0.736118
vt 0.110091 0.729807
vt 0.109786 0.723794
vt 0.109259 0.717910
vt 0.108457 0.712108
vt 0.106633 0.700826
vt 0.107546 0.706423
vt 0.110499 0.747509
vt 0.355880 0.700224
vt 0.070720 0.007719
vt 0.355925 0.705002
vt 0.072145 0.002465
vt 0.362380 0.675833
vt 0.258263 0.001824
vt 0.259630 0.014214
vt 0.359909 0.662813
vt 0.259184 0.008009
vt 0.360827 0.668768
vt 0.153810 0.294262
vt 0.150010 0.294688
vt 0.146243 0.295066
vt 0.142420 0.295364
vt 0.138469 0.295546
vt 0.134357 0.295610
vt 0.213389 0.296291
vt 0.209179 0.296001
vt 0.204948 0.295571
vt 0.200774 0.295040
vt 0.196724 0.294488
vt 0.192832 0.293977
vt 0.189081 0.293551
vt 0.185400 0.293230
vt 0.181698 0.292945
vt 0.177893 0.292804
vt 0.173955 0.292787
vt 0.169906 0.292874
vt 0.165802 0.293095
vt 0.161715 0.293424
vt 0.157707 0.293826
vt 0.154417 0.329040
vt 0.150828 0.329118
vt 0.147198 0.329148
vt 0.143440 0.329146
vt 0.139508 0.329175
vt 0.135406 0.329188
vt 0.211515 0.329942
vt 0.207339 0.329584
vt 0.203192 0.329258
vt 0.199165 0.328954
vt 0.195322 0.328679
vt 0.191667 0.328464
vt 0.188139 0.328315
vt 0.184632 0.328232
vt 0.181044 0.328211
vt 0.177323 0.328259
vt 0.173480 0.328353
vt 0.169565 0.328466
vt 0.165649 0.328610
vt 0.161799 0.328767
vt 0.158056 0.328918
vt 0.155209 0.363266
vt 0.151839 0.363127
vt 0.148355 0.362938
vt 0.144688 0.362739
vt 0.140823 0.362580
vt 0.136800 0.362469
vt 0.209160 0.363299
vt 0.205096 0.362953
vt 0.201107 0.362687
vt 0.197287 0.362487
vt 0.193690 0.362387
vt 0.190307 0.362380
vt 0.187042 0.362454
vt 0.183757 0.362586
vt 0.180344 0.362750
vt 0.176759 0.362920
vt 0.173039 0.363050
vt 0.169279 0.363187
vt 0.165588 0.363293
vt 0.162018 0.363357
vt 0.158571 0.363341
vt 0.155468 0.397635
vt 0.152285 0.397266
vt 0.148947 0.396840
vt 0.145381 0.396417
vt 0.141596 0.396069
vt 0.137659 0.395823
vt 0.207502 0.396654
vt 0.203554 0.396377
vt 0.199722 0.396204
vt 0.196092 0.396193
vt 0.192710 0.396318
vt 0.189523 0.396551
vt 0.186405 0.396858
vt 0.183208 0.397210
vt 0.179831 0.397569
vt 0.176250 0.397900
vt 0.172511 0.398141
vt 0.168798 0.398253
vt 0.165237 0.398237
vt 0.161848 0.398135
vt 0.158616 0.397925
vt 0.155658 0.431740
vt 0.152578 0.431083
vt 0.149336 0.430392
vt 0.145853 0.429760
vt 0.142145 0.429283
vt 0.138291 0.428995
vt 0.206314 0.429679
vt 0.202474 0.429514
vt 0.198764 0.429542
vt 0.195280 0.429813
vt 0.192043 0.430253
vt 0.188967 0.430801
vt 0.185917 0.431408
vt 0.182753 0.432014
vt 0.179399 0.432555
vt 0.175863 0.432966
vt 0.172223 0.433193
vt 0.168606 0.433252
vt 0.165124 0.433076
vt 0.161827 0.432755
vt 0.158697 0.432306
vt 0.155845 0.464423
vt 0.152808 0.463561
vt 0.149622 0.462686
vt 0.146218 0.461918
vt 0.142604 0.461366
vt 0.138853 0.461093
vt 0.205277 0.461730
vt 0.201528 0.461656
vt 0.197931 0.461875
vt 0.194545 0.462364
vt 0.191373 0.463041
vt 0.188327 0.463824
vt 0.185280 0.464627
vt 0.182129 0.465371
vt 0.178834 0.465983
vt 0.175417 0.466401
vt 0.171943 0.466591
vt 0.168497 0.466546
vt 0.165147 0.466265
vt 0.161931 0.465805
vt 0.158850 0.465185
vt 0.155984 0.494954
vt 0.152928 0.494088
vt 0.149763 0.493219
vt 0.146425 0.492464
vt 0.142912 0.491942
vt 0.139270 0.491732
vt 0.204467 0.492385
vt 0.200829 0.492381
vt 0.197322 0.492712
vt 0.193989 0.493286
vt 0.190816 0.494023
vt 0.187730 0.494830
vt 0.184647 0.495618
vt 0.181508 0.496310
vt 0.178298 0.496843
vt 0.175034 0.497169
vt 0.171749 0.497290
vt 0.168481 0.497143
vt 0.165253 0.496837
vt 0.162097 0.496361
vt 0.159017 0.495727
vt 0.156117 0.523045
vt 0.153025 0.522349
vt 0.149855 0.521651
vt 0.146556 0.521043
vt 0.143118 0.520635
vt 0.139564 0.520489
vt 0.203696 0.521199
vt 0.200140 0.521229
vt 0.196695 0.521525
vt 0.193378 0.522027
vt 0.190179 0.522626
vt 0.187055 0.523254
vt 0.183968 0.523853
vt 0.180881 0.524365
vt 0.177781 0.524745
vt 0.174663 0.524982
vt 0.171539 0.525076
vt 0.168424 0.524906
vt 0.165320 0.524612
vt 0.162237 0.524207
vt 0.159175 0.523678
vt 0.155944 0.549938
vt 0.152849 0.549364
vt 0.149679 0.548807
vt 0.146394 0.548332
vt 0.142993 0.548014
vt 0.139493 0.547886
vt 0.203147 0.548594
vt 0.199648 0.548652
vt 0.196243 0.548904
vt 0.192952 0.549295
vt 0.189768 0.549766
vt 0.186657 0.550265
vt 0.183579 0.550731
vt 0.180508 0.551129
vt 0.177433 0.551428
vt 0.174354 0.551605
vt 0.171273 0.551676
vt 0.168199 0.551519
vt 0.165126 0.551269
vt 0.162062 0.550914
vt 0.159006 0.550465
vt 0.155229 0.576791
vt 0.152046 0.576305
vt 0.148821 0.575816
vt 0.145530 0.575381
vt 0.142172 0.575051
vt 0.138761 0.574884
vt 0.203249 0.575607
vt 0.199837 0.575713
vt 0.196474 0.575976
vt 0.193180 0.576323
vt 0.189952 0.576721
vt 0.186766 0.577130
vt 0.183599 0.577515
vt 0.180440 0.577847
vt 0.177287 0.578098
vt 0.174139 0.578245
vt 0.170991 0.578310
vt 0.167847 0.578168
vt 0.164699 0.577944
vt 0.161548 0.577631
vt 0.158393 0.577240
vt 0.319886 0.657016
vt 0.389008 0.655476
vt 0.228815 0.658444
vt 0.303315 0.658064
vt 0.053554 0.671175
vt 0.122457 0.670529
vt 0.135713 0.658427
vt 0.204673 0.659139
vt 0.354500 0.656591
vt 0.266051 0.658761
vt 0.088111 0.671175
vt 0.170174 0.659139
vt 0.282419 0.272857
vt 0.286164 0.273190
vt 0.290056 0.273517
vt 0.294062 0.273808
vt 0.298115 0.274039
vt 0.226313 0.274603
vt 0.302134 0.274191
vt 0.230236 0.274529
vt 0.234005 0.274368
vt 0.237655 0.274126
vt 0.241266 0.273818
vt 0.244913 0.273465
vt 0.248655 0.273095
vt 0.252505 0.272743
vt 0.256429 0.272438
vt 0.260369 0.272210
vt 0.264255 0.272076
vt 0.268038 0.272047
vt 0.271695 0.272125
vt 0.275262 0.272297
vt 0.278807 0.272549
vt 0.281931 0.306006
vt 0.285524 0.306111
vt 0.289307 0.306250
vt 0.293269 0.306416
vt 0.297342 0.306602
vt 0.227132 0.307124
vt 0.301438 0.306793
vt 0.231153 0.307173
vt 0.235017 0.307202
vt 0.238722 0.307205
vt 0.242300 0.307170
vt 0.245839 0.307081
vt 0.249432 0.306947
vt 0.253104 0.306775
vt 0.256853 0.306585
vt 0.260639 0.306395
vt 0.264404 0.306221
vt 0.268088 0.306076
vt 0.271656 0.305975
vt 0.275103 0.305930
vt 0.278495 0.305941
vt 0.281895 0.339692
vt 0.285301 0.339651
vt 0.288918 0.339679
vt 0.292761 0.339775
vt 0.296778 0.339938
vt 0.227850 0.340468
vt 0.300874 0.340153
vt 0.231898 0.340647
vt 0.235785 0.340838
vt 0.239476 0.341025
vt 0.242988 0.341171
vt 0.246392 0.341254
vt 0.249777 0.341265
vt 0.253251 0.341204
vt 0.256867 0.341080
vt 0.260605 0.340901
vt 0.264412 0.340677
vt 0.268180 0.340433
vt 0.271809 0.340186
vt 0.275265 0.339967
vt 0.278591 0.339797
vt 0.281946 0.374639
vt 0.285226 0.374318
vt 0.288711 0.374097
vt 0.292457 0.373999
vt 0.296416 0.374041
vt 0.228472 0.374526
vt 0.300499 0.374202
vt 0.232537 0.374799
vt 0.236447 0.375145
vt 0.240129 0.375551
vt 0.243575 0.375959
vt 0.246859 0.376321
vt 0.250106 0.376608
vt 0.253440 0.376804
vt 0.256934 0.376896
vt 0.260605 0.376877
vt 0.264436 0.376718
vt 0.268292 0.376381
vt 0.271981 0.375948
vt 0.275455 0.375486
vt 0.278741 0.375037
vt 0.282202 0.410408
vt 0.285429 0.409754
vt 0.288829 0.409215
vt 0.292493 0.408851
vt 0.296403 0.408708
vt 0.228863 0.409107
vt 0.300458 0.408765
vt 0.232922 0.409425
vt 0.236830 0.409902
vt 0.240502 0.410521
vt 0.243917 0.411203
vt 0.247159 0.411874
vt 0.250357 0.412479
vt 0.253651 0.412970
vt 0.257127 0.413304
vt 0.260802 0.413440
vt 0.264619 0.413348
vt 0.268454 0.413023
vt 0.272172 0.412504
vt 0.275690 0.411848
vt 0.279007 0.411127
vt 0.282341 0.445594
vt 0.285593 0.444679
vt 0.288986 0.443881
vt 0.292612 0.443286
vt 0.296468 0.442960
vt 0.229264 0.443267
vt 0.300492 0.442919
vt 0.233292 0.443563
vt 0.237177 0.444111
vt 0.240841 0.444863
vt 0.244268 0.445735
vt 0.247533 0.446633
vt 0.250761 0.447471
vt 0.254070 0.448178
vt 0.257525 0.448694
vt 0.261128 0.448973
vt 0.264834 0.448972
vt 0.268559 0.448697
vt 0.272215 0.448160
vt 0.275732 0.447418
vt 0.279092 0.446536
vt 0.282408 0.479149
vt 0.285749 0.478196
vt 0.289190 0.477329
vt 0.292810 0.476645
vt 0.296621 0.476228
vt 0.229642 0.476462
vt 0.300581 0.476116
vt 0.233614 0.476687
vt 0.237455 0.477194
vt 0.241106 0.477929
vt 0.244570 0.478800
vt 0.247910 0.479709
vt 0.251220 0.480565
vt 0.254574 0.481295
vt 0.258010 0.481841
vt 0.261524 0.482160
vt 0.265088 0.482229
vt 0.268661 0.482032
vt 0.272203 0.481587
vt 0.275679 0.480922
vt 0.279074 0.480086
vt 0.282296 0.510269
vt 0.285715 0.509511
vt 0.289223 0.508798
vt 0.292863 0.508208
vt 0.296649 0.507827
vt 0.230109 0.508039
vt 0.300556 0.507699
vt 0.234020 0.508172
vt 0.237814 0.508548
vt 0.241459 0.509122
vt 0.244963 0.509805
vt 0.248376 0.510523
vt 0.251745 0.511212
vt 0.255113 0.511809
vt 0.258499 0.512264
vt 0.261907 0.512544
vt 0.265329 0.512626
vt 0.268752 0.512492
vt 0.272162 0.512161
vt 0.275551 0.511653
vt 0.278922 0.511005
vt 0.282337 0.540027
vt 0.285755 0.539424
vt 0.289257 0.538855
vt 0.292884 0.538385
vt 0.296636 0.538070
vt 0.230447 0.538280
vt 0.300491 0.537940
vt 0.234304 0.538377
vt 0.238059 0.538658
vt 0.241689 0.539095
vt 0.245196 0.539630
vt 0.248618 0.540200
vt 0.251997 0.540745
vt 0.255363 0.541216
vt 0.258730 0.541574
vt 0.262105 0.541796
vt 0.265485 0.541863
vt 0.268864 0.541761
vt 0.272237 0.541505
vt 0.275601 0.541111
vt 0.278963 0.540607
vt 0.282841 0.569525
vt 0.286328 0.569021
vt 0.289861 0.568548
vt 0.293463 0.568151
vt 0.297137 0.567866
vt 0.230363 0.568067
vt 0.300860 0.567718
vt 0.234088 0.568178
vt 0.237765 0.568427
vt 0.241372 0.568789
vt 0.244910 0.569227
vt 0.248403 0.569696
vt 0.251865 0.570150
vt 0.255315 0.570545
vt 0.258758 0.570848
vt 0.262196 0.571033
vt 0.265634 0.571087
vt 0.269070 0.570998
vt 0.272505 0.570778
vt 0.275943 0.570442
vt 0.279386 0.570012
vt 0.295583 0.650549
vt 0.326588 0.649620
vt 0.299302 0.655022
vt 0.322411 0.653059
vt 0.277137 0.647899
vt 0.343952 0.646958
vt 0.280776 0.645930
vt 0.340466 0.645316
vt 0.101790 0.662100
vt 0.251130 0.649061
vt 0.098426 0.663443
vt 0.254807 0.650378
vt 0.284518 0.645306
vt 0.336971 0.644756
vt 0.094955 0.665472
vt 0.258469 0.652716
vt 0.119297 0.667438
vt 0.232751 0.655751
vt 0.091422 0.668048
vt 0.262138 0.655716
vt 0.115640 0.664990
vt 0.236422 0.652751
vt 0.112069 0.663102
vt 0.240099 0.650403
vt 0.288264 0.645804
vt 0.333500 0.645346
vt 0.269984 0.654493
vt 0.350921 0.652675
vt 0.108627 0.661931
vt 0.243773 0.649009
vt 0.291946 0.647591
vt 0.330087 0.647026
vt 0.273580 0.650586
vt 0.347258 0.649434
vt 0.105210 0.661594
vt 0.247446 0.648507
vt 0.142848 0.653228
vt 0.382039 0.650026
vt 0.139383 0.656201
vt 0.385986 0.652394
vt 0.159883 0.651475
vt 0.364738 0.648688
vt 0.156498 0.650051
vt 0.368171 0.647318
vt 0.184030 0.647665
vt 0.074257 0.659751
vt 0.180663 0.649347
vt 0.077667 0.661383
vt 0.153098 0.649610
vt 0.371570 0.646750
vt 0.177254 0.651987
vt 0.081137 0.663961
vt 0.200980 0.655665
vt 0.056733 0.667191
vt 0.173845 0.655517
vt 0.084774 0.667260
vt 0.197578 0.652144
vt 0.060336 0.663875
vt 0.194183 0.649200
vt 0.064016 0.661279
vt 0.149696 0.649940
vt 0.374993 0.647051
vt 0.166604 0.656331
vt 0.357803 0.653410
vt 0.190832 0.647578
vt 0.067402 0.659690
vt 0.146278 0.651205
vt 0.378483 0.648171
vt 0.163253 0.653511
vt 0.361373 0.650790
vt 0.187435 0.647011
vt 0.070823 0.659154
vt 0.329088 0.291449
vt 0.325372 0.291757
vt 0.321715 0.292034
vt 0.317971 0.292249
vt 0.314035 0.292428
vt 0.309869 0.292531
vt 0.388928 0.292266
vt 0.384630 0.292075
vt 0.380294 0.291805
vt 0.376042 0.291488
vt 0.371969 0.291173
vt 0.368121 0.290874
vt 0.364465 0.290628
vt 0.360894 0.290449
vt 0.357269 0.290322
vt 0.353484 0.290273
vt 0.349506 0.290297
vt 0.345374 0.290409
vt 0.341171 0.290589
vt 0.337002 0.290839
vt 0.332958 0.291135
vt 0.330311 0.326255
vt 0.326738 0.326313
vt 0.323149 0.326327
vt 0.319426 0.326305
vt 0.315496 0.326283
vt 0.311352 0.326270
vt 0.387317 0.326011
vt 0.383074 0.325659
vt 0.378843 0.325346
vt 0.374744 0.325086
vt 0.370867 0.324888
vt 0.367237 0.324763
vt 0.363797 0.324727
vt 0.360413 0.324772
vt 0.356952 0.324880
vt 0.353329 0.325033
vt 0.349537 0.325223
vt 0.345625 0.325449
vt 0.341674 0.325690
vt 0.337768 0.325922
vt 0.333972 0.326120
vt 0.331329 0.360713
vt 0.327959 0.360603
vt 0.324496 0.360406
vt 0.320849 0.360147
vt 0.316980 0.359897
vt 0.312918 0.359700
vt 0.385864 0.359439
vt 0.381756 0.359044
vt 0.377711 0.358744
vt 0.373835 0.358558
vt 0.370205 0.358473
vt 0.366817 0.358511
vt 0.363561 0.358664
vt 0.360288 0.358908
vt 0.356874 0.359198
vt 0.353264 0.359525
vt 0.349494 0.359850
vt 0.345664 0.360148
vt 0.341890 0.360413
vt 0.338236 0.360611
vt 0.334727 0.360719
vt 0.332395 0.395093
vt 0.329187 0.394721
vt 0.325830 0.394258
vt 0.322243 0.393776
vt 0.318425 0.393363
vt 0.314435 0.393070
vt 0.384759 0.392619
vt 0.380781 0.392293
vt 0.376901 0.392148
vt 0.373241 0.392147
vt 0.369838 0.392321
vt 0.366646 0.392640
vt 0.363533 0.393070
vt 0.360339 0.393576
vt 0.356952 0.394111
vt 0.353349 0.394630
vt 0.349586 0.395060
vt 0.345860 0.395314
vt 0.342276 0.395463
vt 0.338850 0.395477
vt 0.335578 0.395345
vt 0.333352 0.429059
vt 0.330235 0.428429
vt 0.326953 0.427735
vt 0.323430 0.427078
vt 0.319682 0.426568
vt 0.315782 0.426257
vt 0.384168 0.425522
vt 0.380309 0.425342
vt 0.376586 0.425367
vt 0.373096 0.425652
vt 0.369857 0.426147
vt 0.366781 0.426781
vt 0.363728 0.427503
vt 0.360555 0.428250
vt 0.357189 0.428952
vt 0.353642 0.429533
vt 0.349995 0.429932
vt 0.346374 0.430143
vt 0.342888 0.430134
vt 0.339578 0.429927
vt 0.336425 0.429566
vt 0.334355 0.461539
vt 0.331273 0.460739
vt 0.328036 0.459905
vt 0.324581 0.459160
vt 0.320922 0.458619
vt 0.317132 0.458364
vt 0.383871 0.457411
vt 0.380114 0.457358
vt 0.376518 0.457607
vt 0.373138 0.458145
vt 0.369974 0.458888
vt 0.366932 0.459756
vt 0.363882 0.460665
vt 0.360722 0.461531
vt 0.357417 0.462278
vt 0.353992 0.462838
vt 0.350516 0.463155
vt 0.347070 0.463243
vt 0.343718 0.463084
vt 0.340495 0.462738
vt 0.337394 0.462218
vt 0.335301 0.491952
vt 0.332203 0.491168
vt 0.328990 0.490371
vt 0.325605 0.489679
vt 0.322049 0.489213
vt 0.318373 0.489062
vt 0.383879 0.487989
vt 0.380234 0.488044
vt 0.376729 0.488443
vt 0.373404 0.489091
vt 0.370240 0.489909
vt 0.367160 0.490806
vt 0.364077 0.491692
vt 0.360935 0.492488
vt 0.357720 0.493129
vt 0.354450 0.493565
vt 0.351157 0.493795
vt 0.347879 0.493754
vt 0.344639 0.493549
vt 0.341468 0.493173
vt 0.338366 0.492634
vt 0.336197 0.520080
vt 0.333071 0.519468
vt 0.329863 0.518852
vt 0.326527 0.518327
vt 0.323053 0.518002
vt 0.319471 0.517943
vt 0.383943 0.516847
vt 0.380375 0.516970
vt 0.376926 0.517359
vt 0.373611 0.517956
vt 0.370413 0.518652
vt 0.367293 0.519376
vt 0.364207 0.520072
vt 0.361120 0.520680
vt 0.358014 0.521154
vt 0.354888 0.521486
vt 0.351751 0.521673
vt 0.348617 0.521594
vt 0.345490 0.521389
vt 0.342380 0.521071
vt 0.339288 0.520629
vt 0.336790 0.547127
vt 0.333658 0.546640
vt 0.330451 0.546172
vt 0.327130 0.545791
vt 0.323695 0.545568
vt 0.320165 0.545541
vt 0.384210 0.544370
vt 0.380696 0.544533
vt 0.377282 0.544889
vt 0.373986 0.545380
vt 0.370800 0.545950
vt 0.367688 0.546544
vt 0.364607 0.547105
vt 0.361532 0.547597
vt 0.358449 0.547989
vt 0.355358 0.548258
vt 0.352261 0.548422
vt 0.349165 0.548355
vt 0.346067 0.548194
vt 0.342975 0.547928
vt 0.339886 0.547566
vt 0.336880 0.574169
vt 0.333664 0.573777
vt 0.330405 0.573384
vt 0.327080 0.573047
vt 0.323688 0.572822
vt 0.320244 0.572769
vt 0.385140 0.571521
vt 0.381709 0.571730
vt 0.378335 0.572096
vt 0.375035 0.572545
vt 0.371803 0.573044
vt 0.368613 0.573553
vt 0.365440 0.574037
vt 0.362273 0.574468
vt 0.359108 0.574815
vt 0.355944 0.575059
vt 0.352778 0.575217
vt 0.349610 0.575170
vt 0.346436 0.575041
vt 0.343258 0.574822
vt 0.340074 0.574525
vt 0.105040 0.306134
vt 0.108887 0.306440
vt 0.112959 0.306755
vt 0.117213 0.307055
vt 0.121556 0.307301
vt 0.046801 0.307615
vt 0.125861 0.307517
vt 0.050965 0.307543
vt 0.054896 0.307405
vt 0.058636 0.307181
vt 0.062290 0.306912
vt 0.066003 0.306612
vt 0.069871 0.306304
vt 0.073915 0.306015
vt 0.078084 0.305773
vt 0.082286 0.305601
vt 0.086419 0.305480
vt 0.090399 0.305464
vt 0.094187 0.305521
vt 0.097813 0.305657
vt 0.101385 0.305868
vt 0.104066 0.340024
vt 0.107699 0.340162
vt 0.111580 0.340372
vt 0.115685 0.340646
vt 0.119922 0.340973
vt 0.048177 0.341343
vt 0.124172 0.341339
vt 0.052318 0.341370
vt 0.056245 0.341406
vt 0.059965 0.341440
vt 0.063552 0.341438
vt 0.067124 0.341393
vt 0.070785 0.341269
vt 0.074580 0.341085
vt 0.078487 0.340866
vt 0.082439 0.340638
vt 0.086352 0.340425
vt 0.090146 0.340248
vt 0.093772 0.340107
vt 0.097236 0.340011
vt 0.100623 0.339977
vt 0.103500 0.373802
vt 0.106891 0.373780
vt 0.110524 0.373885
vt 0.114404 0.374091
vt 0.118453 0.374412
vt 0.049619 0.374734
vt 0.122565 0.374830
vt 0.053674 0.374949
vt 0.057536 0.375216
vt 0.061178 0.375491
vt 0.064636 0.375704
vt 0.068004 0.375830
vt 0.071399 0.375852
vt 0.074906 0.375761
vt 0.078559 0.375581
vt 0.082333 0.375334
vt 0.086165 0.375054
vt 0.089937 0.374748
vt 0.093548 0.374440
vt 0.096965 0.374166
vt 0.100241 0.373938
vt 0.103126 0.407946
vt 0.106320 0.407648
vt 0.109725 0.407497
vt 0.113388 0.407523
vt 0.117270 0.407696
vt 0.050964 0.408047
vt 0.121249 0.408050
vt 0.054943 0.408364
vt 0.058752 0.408798
vt 0.062330 0.409301
vt 0.065678 0.409784
vt 0.068879 0.410175
vt 0.072057 0.410447
vt 0.075324 0.410600
vt 0.078747 0.410607
vt 0.082329 0.410482
vt 0.086053 0.410252
vt 0.089817 0.409847
vt 0.093422 0.409352
vt 0.096812 0.408840
vt 0.100009 0.408355
vt 0.103002 0.442082
vt 0.106083 0.441474
vt 0.109325 0.441006
vt 0.112817 0.440751
vt 0.116540 0.440757
vt 0.052087 0.441162
vt 0.120398 0.440970
vt 0.055974 0.441502
vt 0.059710 0.442038
vt 0.063220 0.442720
vt 0.066489 0.443438
vt 0.069596 0.444091
vt 0.072659 0.444621
vt 0.075804 0.445006
vt 0.079107 0.445239
vt 0.082588 0.445275
vt 0.086206 0.445094
vt 0.089852 0.444725
vt 0.093400 0.444173
vt 0.096769 0.443499
vt 0.099946 0.442779
vt 0.102858 0.475032
vt 0.105904 0.474195
vt 0.109073 0.473482
vt 0.112455 0.472977
vt 0.116051 0.472764
vt 0.053173 0.473187
vt 0.119806 0.472853
vt 0.056950 0.473476
vt 0.060594 0.474047
vt 0.064033 0.474821
vt 0.067253 0.475682
vt 0.070321 0.476508
vt 0.073346 0.477213
vt 0.076436 0.477761
vt 0.079649 0.478136
vt 0.082992 0.478326
vt 0.086433 0.478270
vt 0.089906 0.477987
vt 0.093331 0.477461
vt 0.096638 0.476746
vt 0.099802 0.475911
vt 0.102768 0.506040
vt 0.105852 0.505178
vt 0.109020 0.504396
vt 0.112347 0.503784
vt 0.115852 0.503424
vt 0.054122 0.503798
vt 0.119494 0.503408
vt 0.057783 0.503985
vt 0.061324 0.504485
vt 0.064692 0.505209
vt 0.067887 0.506037
vt 0.070968 0.506850
vt 0.074018 0.507562
vt 0.077106 0.508131
vt 0.080265 0.508540
vt 0.083495 0.508778
vt 0.086765 0.508854
vt 0.090053 0.508659
vt 0.093320 0.508258
vt 0.096536 0.507653
vt 0.099681 0.506892
vt 0.102579 0.534556
vt 0.105701 0.533870
vt 0.108900 0.533212
vt 0.112216 0.532656
vt 0.115663 0.532307
vt 0.054912 0.532588
vt 0.119226 0.532227
vt 0.058481 0.532686
vt 0.061939 0.533048
vt 0.065258 0.533608
vt 0.068449 0.534258
vt 0.071558 0.534904
vt 0.074634 0.535485
vt 0.077711 0.535961
vt 0.080808 0.536313
vt 0.083924 0.536553
vt 0.087049 0.536668
vt 0.090180 0.536518
vt 0.093302 0.536222
vt 0.096405 0.535785
vt 0.099492 0.535214
vt 0.102646 0.561662
vt 0.105758 0.561108
vt 0.108942 0.560580
vt 0.112237 0.560130
vt 0.115646 0.559818
vt 0.055287 0.560089
vt 0.119154 0.559700
vt 0.058804 0.560159
vt 0.062223 0.560421
vt 0.065527 0.560841
vt 0.068718 0.561346
vt 0.071833 0.561869
vt 0.074914 0.562344
vt 0.077988 0.562742
vt 0.081068 0.563044
vt 0.084155 0.563242
vt 0.087241 0.563346
vt 0.090330 0.563221
vt 0.093416 0.562990
vt 0.096495 0.562636
vt 0.099567 0.562184
vt 0.103228 0.588603
vt 0.106415 0.588137
vt 0.109643 0.587682
vt 0.112939 0.587277
vt 0.116308 0.586957
vt 0.055028 0.587212
vt 0.119730 0.586794
vt 0.058459 0.587314
vt 0.061837 0.587581
vt 0.065146 0.587960
vt 0.068390 0.588393
vt 0.071591 0.588823
vt 0.074770 0.589216
vt 0.077940 0.589551
vt 0.081105 0.589808
vt 0.084266 0.589976
vt 0.087423 0.590062
vt 0.090581 0.589943
vt 0.093738 0.589741
vt 0.096897 0.589435
vt 0.100059 0.589046
vt 0.073161 0.014338
vt 0.355565 0.711622
vt 0.076216 0.006914
vt 0.258463 0.016714
vt 0.362445 0.676995
vt 0.362445 0.676995
vt 0.257064 0.001904
vt 0.362321 0.674671
vt 0.259462 0.001744
vt 0.362321 0.674671
vt 0.258431 0.014294
vt 0.258380 0.008062
vt 0.355651 0.707183
vt 0.074466 0.002098
vt 0.072042 0.006899
vt 0.355841 0.706111
vt 0.073219 0.001744
vt 0.073317 0.006012
vt 0.074578 0.005102
vt 0.225918 0.019923
vt 0.229889 0.019864
vt 0.233843 0.019794
vt 0.237829 0.019713
vt 0.241880 0.019622
vt 0.258479 0.018840
vt 0.250176 0.019371
vt 0.254360 0.019104
vt 0.286726 0.019582
vt 0.262574 0.018668
vt 0.282604 0.019569
vt 0.290895 0.019523
vt 0.266610 0.018671
vt 0.295072 0.019469
vt 0.270593 0.018842
vt 0.299218 0.019481
vt 0.274558 0.019157
vt 0.221887 0.019972
vt 0.303306 0.019529
vt 0.278550 0.019436
vt 0.246004 0.019523
vt 0.315172 0.002646
vt 0.233839 0.950540
vt 0.230429 0.935898
vt 0.381589 0.002110
vt 0.227143 0.933537
vt 0.377173 0.002166
vt 0.219698 0.932228
vt 0.368802 0.002271
vt 0.216284 0.933374
vt 0.364868 0.002557
vt 0.211636 0.938593
vt 0.357046 0.003013
vt 0.210792 0.942215
vt 0.352935 0.003003
vt 0.344193 0.002603
vt 0.212563 0.949886
vt 0.330965 0.002592
vt 0.222028 0.956791
vt 0.061930 0.917148
vt 0.170452 0.003100
vt 0.057940 0.917261
vt 0.174826 0.003066
vt 0.053929 0.916325
vt 0.179207 0.002004
vt 0.050576 0.914170
vt 0.183586 0.001744
vt 0.047012 0.902766
vt 0.196594 0.005342
vt 0.068354 0.895408
vt 0.140036 0.005680
vt 0.070768 0.898556
vt 0.144370 0.005596
vt 0.148708 0.005489
vt 0.072081 0.902285
vt 0.330590 0.956390
vt 0.115160 0.016520
vt 0.047901 0.015640
vt 0.317713 0.948763
vt 0.316618 0.945079
vt 0.052067 0.015168
vt 0.320979 0.934773
vt 0.064708 0.016445
vt 0.324192 0.931430
vt 0.355483 0.694644
vt 0.068895 0.013683
vt 0.340425 0.932316
vt 0.081623 0.016396
vt 0.342255 0.935541
vt 0.085856 0.016402
vt 0.343168 0.942946
vt 0.094267 0.016429
vt 0.102618 0.014192
vt 0.340969 0.950898
vt 0.282604 0.017763
vt 0.271671 0.947368
vt 0.272143 0.939565
vt 0.274552 0.017209
vt 0.270707 0.935930
vt 0.270584 0.016772
vt 0.245984 0.017553
vt 0.247311 0.937114
vt 0.246075 0.940892
vt 0.241858 0.017658
vt 0.246704 0.948579
vt 0.233815 0.017848
vt 0.248661 0.951898
vt 0.229858 0.017926
vt 0.251566 0.954448
vt 0.225886 0.017993
vt 0.259143 0.956432
vt 0.299226 0.017567
vt 0.263140 0.955662
vt 0.295079 0.017574
vt 0.269707 0.950901
vt 0.286729 0.017768
vt 0.255409 0.930277
vt 0.359523 0.691155
vt 0.257264 0.016794
vt 0.359961 0.688851
vt 0.257232 0.014373
vt 0.886304 0.853982
vt 0.886304 0.826805
vt 0.886304 0.772414
vt 0.886304 0.745192
vt 0.886304 0.690675
vt 0.886304 0.663376
vt 0.886304 0.553937
vt 0.980002 0.989370
vt 0.980002 0.962107
vt 0.980002 0.852983
vt 0.980002 0.825702
vt 0.980002 0.662379
vt 0.938905 0.969769
vt 0.980002 0.499962
vt 0.938905 0.609672
vt 0.848211 0.942556
vt 0.848211 0.886835
vt 0.848211 0.858994
vt 0.848211 0.831149
vt 0.848211 0.803306
vt 0.848211 0.775527
vt 0.848211 0.747731
vt 0.848211 0.692219
vt 0.848211 0.581553
vt 0.848211 0.553937
vt 0.886304 0.962675
vt 0.886304 0.935493
vt 0.886304 0.881150
vt 0.878137 0.826805
vt 0.878137 0.853982
vt 0.878137 0.772414
vt 0.878137 0.745192
vt 0.878137 0.690675
vt 0.878137 0.663376
vt 0.878137 0.553937
vt 0.972005 0.989370
vt 0.972005 0.962107
vt 0.972005 0.852983
vt 0.972005 0.825702
vt 0.972005 0.662379
vt 0.930759 0.969769
vt 0.972005 0.499962
vt 0.930759 0.609672
vt 0.840094 0.942556
vt 0.840094 0.886835
vt 0.840094 0.858994
vt 0.840094 0.831149
vt 0.840094 0.803306
vt 0.840094 0.775527
vt 0.840094 0.747731
vt 0.840094 0.692219
vt 0.840094 0.581553
vt 0.840094 0.553937
vt 0.878137 0.962675
vt 0.878137 0.935493
vt 0.878137 0.881150
vt 0.919949 0.826884
vt 0.919949 0.854069
vt 0.919949 0.772477
vt 0.919949 0.745248
vt 0.919949 0.690714
vt 0.919949 0.663407
vt 0.919949 0.553937
vt 0.971914 0.001744
vt 0.971914 0.029304
vt 0.971914 0.139615
vt 0.971914 0.167192
vt 0.971914 0.332291
vt 0.859043 0.553937
vt 0.971914 0.496474
vt 0.859043 0.912364
vt 0.949738 0.582050
vt 0.949738 0.637820
vt 0.949738 0.665685
vt 0.949738 0.693555
vt 0.949738 0.721423
vt 0.949738 0.749226
vt 0.949738 0.777046
vt 0.949738 0.832608
vt 0.949738 0.943370
vt 0.919949 0.962793
vt 0.949738 0.971011
vt 0.919949 0.935604
vt 0.919949 0.881245
vt 0.911678 0.826884
vt 0.911678 0.854069
vt 0.911678 0.772477
vt 0.911678 0.745248
vt 0.911678 0.690714
vt 0.911678 0.663407
vt 0.911678 0.553937
vt 0.980009 0.001744
vt 0.980009 0.029304
vt 0.980009 0.139615
vt 0.980009 0.167192
vt 0.980009 0.332291
vt 0.867292 0.553937
vt 0.980009 0.496474
vt 0.867292 0.912364
vt 0.957954 0.582050
vt 0.957954 0.637820
vt 0.957954 0.665685
vt 0.957954 0.693555
vt 0.957954 0.721423
vt 0.957954 0.749226
vt 0.957954 0.777046
vt 0.957954 0.832608
vt 0.957954 0.943370
vt 0.911678 0.962793
vt 0.957954 0.971011
vt 0.911678 0.935604
vt 0.911678 0.881245
vt 0.968371 0.852983
vt 0.968371 0.139615
vt 0.968371 0.825702
vt 0.968371 0.167192
vt 0.968371 0.662379
vt 0.968371 0.332291
vt 0.855433 0.553937
vt 0.927057 0.969769
vt 0.968371 0.499962
vt 0.968371 0.496474
vt 0.855433 0.912364
vt 0.927057 0.609672
vt 0.836407 0.942556
vt 0.946142 0.582050
vt 0.836407 0.886835
vt 0.946142 0.637820
vt 0.836407 0.858994
vt 0.946142 0.665685
vt 0.836407 0.831149
vt 0.946142 0.693555
vt 0.836407 0.803306
vt 0.946142 0.721423
vt 0.836407 0.775527
vt 0.946142 0.749226
vt 0.836407 0.747731
vt 0.946142 0.777046
vt 0.836407 0.692219
vt 0.946142 0.832608
vt 0.874426 0.853982
vt 0.923568 0.854069
vt 0.874426 0.826805
vt 0.923568 0.826884
vt 0.836407 0.581553
vt 0.946142 0.943370
vt 0.874426 0.772414
vt 0.923568 0.772477
vt 0.836407 0.553937
vt 0.874426 0.962675
vt 0.923568 0.962793
vt 0.946142 0.971011
vt 0.874426 0.745192
vt 0.923568 0.745248
vt 0.874426 0.935493
vt 0.923568 0.935604
vt 0.874426 0.690675
vt 0.923568 0.690714
vt 0.874426 0.881150
vt 0.923568 0.881245
vt 0.874426 0.663376
vt 0.923568 0.663407
vt 0.874426 0.553937
vt 0.923568 0.553937
vt 0.968371 0.989370
vt 0.968371 0.001744
vt 0.968371 0.962107
vt 0.968371 0.029304
vt 0.890061 0.690675
vt 0.908022 0.690714
vt 0.890061 0.745192
vt 0.908022 0.745248
vt 0.890061 0.881150
vt 0.908022 0.881245
vt 0.890061 0.935493
vt 0.908022 0.935604
vt 0.890061 0.663376
vt 0.908022 0.663407
vt 0.890061 0.853982
vt 0.908022 0.854069
vt 0.890061 0.553937
vt 0.908022 0.553937
vt 0.983587 0.001744
vt 0.983681 0.989370
vt 0.983587 0.029304
vt 0.983681 0.962107
vt 0.983587 0.139615
vt 0.983681 0.852983
vt 0.983587 0.167192
vt 0.983681 0.825702
vt 0.983587 0.332291
vt 0.983681 0.662379
vt 0.870938 0.553937
vt 0.942653 0.969769
vt 0.983587 0.496474
vt 0.983681 0.499962
vt 0.870938 0.912364
vt 0.942653 0.609672
vt 0.851944 0.942556
vt 0.961586 0.582050
vt 0.851944 0.886835
vt 0.961586 0.637820
vt 0.851944 0.858994
vt 0.961586 0.665685
vt 0.851944 0.831149
vt 0.961586 0.693555
vt 0.851944 0.803306
vt 0.961586 0.721423
vt 0.851944 0.775527
vt 0.961586 0.749226
vt 0.851944 0.747731
vt 0.961586 0.777046
vt 0.851944 0.692219
vt 0.961586 0.832608
vt 0.890061 0.826805
vt 0.908022 0.826884
vt 0.851944 0.581553
vt 0.961586 0.943370
vt 0.890061 0.772414
vt 0.908022 0.772477
vt 0.851944 0.553937
vt 0.890061 0.962675
vt 0.908022 0.962793
vt 0.961586 0.971011
vt 0.915813 0.826884
vt 0.915813 0.854069
vt 0.915813 0.772477
vt 0.915813 0.745248
vt 0.915813 0.690714
vt 0.915813 0.663407
vt 0.915813 0.553937
vt 0.975962 0.001744
vt 0.975962 0.029304
vt 0.975962 0.139615
vt 0.975962 0.167192
vt 0.975962 0.332291
vt 0.863168 0.553937
vt 0.975962 0.496474
vt 0.863168 0.912364
vt 0.953846 0.582050
vt 0.953846 0.637820
vt 0.953846 0.665685
vt 0.953846 0.693555
vt 0.953846 0.721423
vt 0.953846 0.749226
vt 0.953846 0.777046
vt 0.953846 0.832608
vt 0.953846 0.943370
vt 0.915813 0.962793
vt 0.953846 0.971011
vt 0.915813 0.935604
vt 0.915813 0.881245
vt 0.882216 0.826805
vt 0.882216 0.853982
vt 0.882216 0.772414
vt 0.882216 0.745192
vt 0.882216 0.690675
vt 0.882216 0.663376
vt 0.882216 0.553937
vt 0.975998 0.989370
vt 0.975998 0.962107
vt 0.975998 0.852983
vt 0.975998 0.825702
vt 0.975998 0.662379
vt 0.934827 0.969769
vt 0.975998 0.499962
vt 0.934827 0.609672
vt 0.844148 0.942556
vt 0.844148 0.886835
vt 0.844148 0.858994
vt 0.844148 0.831149
vt 0.844148 0.803306
vt 0.844148 0.775527
vt 0.844148 0.747731
vt 0.844148 0.692219
vt 0.844148 0.581553
vt 0.844148 0.553937
vt 0.882216 0.962675
vt 0.882216 0.935493
vt 0.882216 0.881150
vt 0.840094 0.914699
vt 0.848211 0.914699
vt 0.949738 0.609932
vt 0.957954 0.609932
vt 0.836407 0.914699
vt 0.946142 0.609932
vt 0.851944 0.914699
vt 0.961586 0.609932
vt 0.953846 0.609932
vt 0.844148 0.914699
vt 0.878137 0.908320
vt 0.886304 0.908320
vt 0.919949 0.908423
vt 0.911678 0.908423
vt 0.874426 0.908320
vt 0.923568 0.908423
vt 0.890061 0.908320
vt 0.908022 0.908423
vt 0.915813 0.908423
vt 0.882216 0.908320
vt 0.878137 0.799618
vt 0.886304 0.799618
vt 0.919949 0.799689
vt 0.911678 0.799689
vt 0.874426 0.799618
vt 0.923568 0.799689
vt 0.890061 0.799618
vt 0.908022 0.799689
vt 0.915813 0.799689
vt 0.882216 0.799618
vt 0.878137 0.717946
vt 0.886304 0.717946
vt 0.919949 0.717993
vt 0.911678 0.717993
vt 0.874426 0.717946
vt 0.923568 0.717993
vt 0.890061 0.717946
vt 0.908022 0.717993
vt 0.915813 0.717993
vt 0.882216 0.717946
vt 0.840094 0.719976
vt 0.848211 0.719976
vt 0.949738 0.804826
vt 0.957954 0.804826
vt 0.836407 0.719976
vt 0.946142 0.804826
vt 0.851944 0.719976
vt 0.961586 0.804826
vt 0.953846 0.804826
vt 0.844148 0.719976
vt 0.930759 0.942147
vt 0.938905 0.942147
vt 0.859043 0.581431
vt 0.867292 0.581431
vt 0.855433 0.581431
vt 0.927057 0.942147
vt 0.870938 0.581431
vt 0.942653 0.942147
vt 0.863168 0.581431
vt 0.934827 0.942147
vt 0.930759 0.581812
vt 0.840094 0.970410
vt 0.840094 0.998256
vt 0.930759 0.553937
vt 0.938905 0.581812
vt 0.848211 0.970410
vt 0.848211 0.998256
vt 0.938905 0.553937
vt 0.949738 0.554172
vt 0.859043 0.940095
vt 0.859043 0.967841
vt 0.949738 0.526302
vt 0.957954 0.554172
vt 0.867292 0.940095
vt 0.867292 0.967841
vt 0.957954 0.526302
vt 0.855433 0.940095
vt 0.927057 0.581812
vt 0.836407 0.970410
vt 0.946142 0.554172
vt 0.836407 0.998256
vt 0.855433 0.967841
vt 0.927057 0.553937
vt 0.946142 0.526302
vt 0.851944 0.970410
vt 0.961586 0.554172
vt 0.870938 0.940095
vt 0.942653 0.581812
vt 0.851944 0.998256
vt 0.870938 0.967841
vt 0.942653 0.553937
vt 0.961586 0.526302
vt 0.863168 0.940095
vt 0.953846 0.554172
vt 0.863168 0.967841
vt 0.953846 0.526302
vt 0.844148 0.970410
vt 0.934827 0.581812
vt 0.844148 0.998256
vt 0.934827 0.553937
vt 0.848211 0.664536
vt 0.848211 0.609183
vt 0.848211 0.636830
vt 0.840094 0.664536
vt 0.840094 0.609183
vt 0.840094 0.636830
vt 0.949738 0.915716
vt 0.949738 0.860315
vt 0.949738 0.888045
vt 0.957954 0.915716
vt 0.957954 0.860315
vt 0.957954 0.888045
vt 0.836407 0.664536
vt 0.946142 0.860315
vt 0.836407 0.609183
vt 0.946142 0.915716
vt 0.836407 0.636830
vt 0.946142 0.888045
vt 0.851944 0.664536
vt 0.961586 0.860315
vt 0.851944 0.609183
vt 0.961586 0.915716
vt 0.851944 0.636830
vt 0.961586 0.888045
vt 0.953846 0.860315
vt 0.953846 0.915716
vt 0.953846 0.888045
vt 0.844148 0.609183
vt 0.844148 0.664536
vt 0.844148 0.636830
vt 0.980002 0.934830
vt 0.980002 0.880269
vt 0.980002 0.907555
vt 0.972005 0.934830
vt 0.972005 0.880269
vt 0.972005 0.907555
vt 0.971914 0.112032
vt 0.971914 0.056878
vt 0.971914 0.084449
vt 0.980009 0.112032
vt 0.980009 0.056878
vt 0.980009 0.084449
vt 0.968371 0.880269
vt 0.968371 0.112032
vt 0.968371 0.934830
vt 0.968371 0.056878
vt 0.968371 0.907555
vt 0.968371 0.084449
vt 0.983587 0.056878
vt 0.983681 0.934830
vt 0.983587 0.112032
vt 0.983681 0.880269
vt 0.983587 0.084449
vt 0.983681 0.907555
vt 0.975962 0.056878
vt 0.975962 0.112032
vt 0.975962 0.084449
vt 0.975998 0.880269
vt 0.975998 0.934830
vt 0.975998 0.907555
vt 0.886304 0.636060
vt 0.886304 0.581330
vt 0.886304 0.608699
vt 0.878137 0.636060
vt 0.878137 0.581330
vt 0.878137 0.608699
vt 0.919949 0.581338
vt 0.919949 0.636083
vt 0.919949 0.608715
vt 0.911678 0.581338
vt 0.911678 0.636083
vt 0.911678 0.608715
vt 0.874426 0.636060
vt 0.923568 0.636083
vt 0.874426 0.581330
vt 0.923568 0.581338
vt 0.874426 0.608699
vt 0.923568 0.608715
vt 0.890061 0.636060
vt 0.908022 0.636083
vt 0.890061 0.581330
vt 0.908022 0.581338
vt 0.890061 0.608699
vt 0.908022 0.608715
vt 0.915813 0.636083
vt 0.915813 0.581338
vt 0.915813 0.608715
vt 0.882216 0.581330
vt 0.882216 0.636060
vt 0.882216 0.608699
vt 0.980002 0.798436
vt 0.980002 0.689531
vt 0.980002 0.771171
vt 0.980002 0.743953
vt 0.980002 0.716709
vt 0.980002 0.635251
vt 0.980002 0.526995
vt 0.980002 0.608186
vt 0.980002 0.581094
vt 0.980002 0.554036
vt 0.938905 0.914533
vt 0.938905 0.804023
vt 0.938905 0.886921
vt 0.938905 0.859309
vt 0.938905 0.831672
vt 0.938905 0.637518
vt 0.938905 0.693124
vt 0.938905 0.665316
vt 0.972005 0.798436
vt 0.972005 0.689531
vt 0.972005 0.771171
vt 0.972005 0.743953
vt 0.972005 0.716709
vt 0.972005 0.635251
vt 0.972005 0.526995
vt 0.972005 0.608186
vt 0.972005 0.581094
vt 0.972005 0.554036
vt 0.930759 0.914533
vt 0.930759 0.804023
vt 0.930759 0.886921
vt 0.930759 0.859309
vt 0.930759 0.831672
vt 0.930759 0.637518
vt 0.930759 0.693124
vt 0.930759 0.665316
vt 0.971914 0.304844
vt 0.971914 0.194755
vt 0.971914 0.277370
vt 0.971914 0.249830
vt 0.971914 0.222316
vt 0.971914 0.469147
vt 0.971914 0.359714
vt 0.971914 0.441812
vt 0.971914 0.414460
vt 0.971914 0.387073
vt 0.859043 0.718915
vt 0.859043 0.608917
vt 0.859043 0.691394
vt 0.859043 0.663885
vt 0.859043 0.636402
vt 0.859043 0.884648
vt 0.859043 0.856978
vt 0.859043 0.829299
vt 0.980009 0.304844
vt 0.980009 0.194755
vt 0.980009 0.277370
vt 0.980009 0.249830
vt 0.980009 0.222316
vt 0.980009 0.469147
vt 0.980009 0.359714
vt 0.980009 0.441812
vt 0.980009 0.414460
vt 0.980009 0.387073
vt 0.867292 0.718915
vt 0.867292 0.608917
vt 0.867292 0.691394
vt 0.867292 0.663885
vt 0.867292 0.636402
vt 0.867292 0.884648
vt 0.867292 0.856978
vt 0.867292 0.829299
vt 0.968371 0.798436
vt 0.968371 0.194755
vt 0.968371 0.689531
vt 0.968371 0.304844
vt 0.968371 0.771171
vt 0.968371 0.222316
vt 0.968371 0.743953
vt 0.968371 0.249830
vt 0.968371 0.716709
vt 0.968371 0.277370
vt 0.968371 0.635251
vt 0.968371 0.359714
vt 0.968371 0.526995
vt 0.968371 0.469147
vt 0.968371 0.608186
vt 0.968371 0.387073
vt 0.968371 0.581094
vt 0.968371 0.414460
vt 0.968371 0.554036
vt 0.968371 0.441812
vt 0.855433 0.608917
vt 0.927057 0.914533
vt 0.855433 0.718915
vt 0.927057 0.804023
vt 0.855433 0.636402
vt 0.927057 0.886921
vt 0.855433 0.663885
vt 0.927057 0.859309
vt 0.855433 0.691394
vt 0.927057 0.831672
vt 0.855433 0.884648
vt 0.927057 0.637518
vt 0.855433 0.829299
vt 0.927057 0.693124
vt 0.855433 0.856978
vt 0.927057 0.665316
vt 0.983587 0.194755
vt 0.983681 0.798436
vt 0.983587 0.304844
vt 0.983681 0.689531
vt 0.983587 0.222316
vt 0.983681 0.771171
vt 0.983587 0.249830
vt 0.983681 0.743953
vt 0.983587 0.277370
vt 0.983681 0.716709
vt 0.983587 0.359714
vt 0.983681 0.635251
vt 0.983587 0.469147
vt 0.983681 0.526995
vt 0.983587 0.387073
vt 0.983681 0.608186
vt 0.983587 0.414460
vt 0.983681 0.581094
vt 0.983587 0.441812
vt 0.983681 0.554036
vt 0.870938 0.608917
vt 0.942653 0.914533
vt 0.870938 0.718915
vt 0.942653 0.804023
vt 0.870938 0.636402
vt 0.942653 0.886921
vt 0.870938 0.663885
vt 0.942653 0.859309
vt 0.870938 0.691394
vt 0.942653 0.831672
vt 0.870938 0.884648
vt 0.942653 0.637518
vt 0.870938 0.829299
vt 0.942653 0.693124
vt 0.870938 0.856978
vt 0.942653 0.665316
vt 0.975962 0.194755
vt 0.975962 0.304844
vt 0.975962 0.222316
vt 0.975962 0.249830
vt 0.975962 0.277370
vt 0.975962 0.359714
vt 0.975962 0.469147
vt 0.975962 0.387073
vt 0.975962 0.414460
vt 0.975962 0.441812
vt 0.863168 0.608917
vt 0.863168 0.718915
vt 0.863168 0.636402
vt 0.863168 0.663885
vt 0.863168 0.691394
vt 0.863168 0.884648
vt 0.863168 0.829299
vt 0.863168 0.856978
vt 0.975998 0.689531
vt 0.975998 0.798436
vt 0.975998 0.716709
vt 0.975998 0.743953
vt 0.975998 0.771171
vt 0.975998 0.526995
vt 0.975998 0.635251
vt 0.975998 0.554036
vt 0.975998 0.581094
vt 0.975998 0.608186
vt 0.934827 0.804023
vt 0.934827 0.914533
vt 0.934827 0.831672
vt 0.934827 0.859309
vt 0.934827 0.886921
vt 0.934827 0.637518
vt 0.934827 0.665316
vt 0.934827 0.693124
vt 0.930759 0.776287
vt 0.930759 0.748600
vt 0.930759 0.720877
vt 0.938905 0.776287
vt 0.938905 0.748600
vt 0.938905 0.720877
vt 0.859043 0.746523
vt 0.859043 0.801675
vt 0.859043 0.774081
vt 0.867292 0.746523
vt 0.867292 0.801675
vt 0.867292 0.774081
vt 0.855433 0.746523
vt 0.927057 0.776287
vt 0.855433 0.774081
vt 0.927057 0.748600
vt 0.855433 0.801675
vt 0.927057 0.720877
vt 0.870938 0.746523
vt 0.942653 0.776287
vt 0.870938 0.801675
vt 0.942653 0.720877
vt 0.870938 0.774081
vt 0.942653 0.748600
vt 0.863168 0.746523
vt 0.863168 0.774081
vt 0.863168 0.801675
vt 0.934827 0.776287
vt 0.934827 0.720877
vt 0.934827 0.748600
vt 0.256551 0.970610
vt 0.254357 0.970642
vt 0.253852 0.968192
vt 0.253370 0.965829
vt 0.252903 0.963535
vt 0.252334 0.971465
vt 0.250922 0.969402
vt 0.249558 0.967396
vt 0.248281 0.965525
vt 0.251024 0.973448
vt 0.248775 0.971896
vt 0.246705 0.970346
vt 0.244798 0.969071
vt 0.250172 0.975684
vt 0.247557 0.975153
vt 0.245076 0.974554
vt 0.242891 0.973747
vt 0.250150 0.978014
vt 0.247537 0.978512
vt 0.245032 0.978871
vt 0.242840 0.978800
vt 0.250932 0.980049
vt 0.248690 0.981313
vt 0.246582 0.982248
vt 0.244645 0.983411
vt 0.252211 0.981298
vt 0.250764 0.983248
vt 0.249368 0.985184
vt 0.248013 0.987052
vt 0.254138 0.982123
vt 0.253637 0.984493
vt 0.253154 0.986824
vt 0.252676 0.989130
vt 0.255596 0.976475
vt 0.256173 0.982206
vt 0.256774 0.984494
vt 0.257293 0.986835
vt 0.257789 0.989088
vt 0.258455 0.981365
vt 0.259747 0.983401
vt 0.261068 0.985210
vt 0.262353 0.987092
vt 0.260163 0.979525
vt 0.262170 0.981046
vt 0.263983 0.982242
vt 0.265900 0.983549
vt 0.260952 0.977534
vt 0.263485 0.977915
vt 0.265573 0.978347
vt 0.267893 0.978825
vt 0.261062 0.975017
vt 0.263427 0.974502
vt 0.265635 0.974168
vt 0.267904 0.973729
vt 0.260051 0.972791
vt 0.262122 0.971604
vt 0.264168 0.970329
vt 0.266070 0.969105
vt 0.258554 0.971390
vt 0.259940 0.969347
vt 0.261311 0.967387
vt 0.262630 0.965514
vt 0.257026 0.968156
vt 0.257515 0.965796
vt 0.257997 0.963535
vt 0.231421 0.973540
vt 0.229851 0.971991
vt 0.231240 0.969901
vt 0.232581 0.967893
vt 0.233881 0.965949
vt 0.227820 0.971144
vt 0.228307 0.968660
vt 0.228777 0.966278
vt 0.229217 0.964046
vt 0.225623 0.971162
vt 0.225123 0.968690
vt 0.224652 0.966311
vt 0.224215 0.964044
vt 0.223595 0.972028
vt 0.222188 0.969949
vt 0.220831 0.967945
vt 0.219511 0.965998
vt 0.222040 0.973588
vt 0.219932 0.972203
vt 0.217902 0.970884
vt 0.215964 0.969639
vt 0.221204 0.975615
vt 0.218719 0.975138
vt 0.216338 0.974682
vt 0.214116 0.974257
vt 0.221230 0.977811
vt 0.218762 0.978317
vt 0.216390 0.978793
vt 0.214132 0.979234
vt 0.222099 0.979838
vt 0.220025 0.981246
vt 0.218028 0.982603
vt 0.216087 0.983922
vt 0.226750 0.976683
vt 0.223658 0.981391
vt 0.222277 0.983497
vt 0.220962 0.985524
vt 0.219721 0.987459
vt 0.225684 0.982224
vt 0.225208 0.984707
vt 0.224753 0.987084
vt 0.224330 0.989302
vt 0.227878 0.982199
vt 0.228383 0.984664
vt 0.228857 0.987032
vt 0.229297 0.989286
vt 0.229902 0.981332
vt 0.231307 0.983404
vt 0.232661 0.985398
vt 0.233976 0.987336
vt 0.231455 0.979775
vt 0.233556 0.981157
vt 0.235577 0.982472
vt 0.237506 0.983713
vt 0.232292 0.977750
vt 0.234771 0.978231
vt 0.237141 0.978691
vt 0.239351 0.979118
vt 0.232275 0.975562
vt 0.234743 0.975068
vt 0.237109 0.974609
vt 0.239351 0.974185
vt 0.233512 0.972142
vt 0.235529 0.970811
vt 0.237459 0.969554
vt 0.890166 0.983536
vt 0.891739 0.981865
vt 0.893704 0.983366
vt 0.895691 0.984611
vt 0.897638 0.985892
vt 0.892608 0.979849
vt 0.895061 0.980392
vt 0.897264 0.980806
vt 0.899496 0.981235
vt 0.892588 0.977642
vt 0.895056 0.977082
vt 0.897228 0.976662
vt 0.899496 0.976240
vt 0.891706 0.975628
vt 0.893663 0.974107
vt 0.895648 0.972846
vt 0.897596 0.971549
vt 0.890126 0.973968
vt 0.891427 0.971942
vt 0.892755 0.969933
vt 0.893996 0.968009
vt 0.888073 0.973142
vt 0.888524 0.970743
vt 0.888977 0.968376
vt 0.889399 0.966164
vt 0.885855 0.973170
vt 0.885360 0.970795
vt 0.884884 0.968434
vt 0.884442 0.966186
vt 0.883806 0.974049
vt 0.882449 0.972060
vt 0.881093 0.970070
vt 0.879778 0.968140
vt 0.887027 0.978768
vt 0.882240 0.975634
vt 0.880210 0.974303
vt 0.878188 0.972994
vt 0.876261 0.971759
vt 0.881401 0.977685
vt 0.879003 0.977225
vt 0.876635 0.976771
vt 0.874426 0.976348
vt 0.881420 0.979905
vt 0.879044 0.980390
vt 0.876683 0.980858
vt 0.874439 0.981294
vt 0.882289 0.981958
vt 0.880295 0.983303
vt 0.878302 0.984648
vt 0.876371 0.985953
vt 0.883864 0.983531
vt 0.882524 0.985550
vt 0.881208 0.987561
vt 0.879966 0.989478
vt 0.885908 0.984381
vt 0.885434 0.986773
vt 0.884969 0.989132
vt 0.884538 0.991332
vt 0.888117 0.984379
vt 0.888583 0.986756
vt 0.889034 0.989111
vt 0.889452 0.991344
vt 0.891476 0.985544
vt 0.892814 0.987542
vt 0.894066 0.989461
vt 0.339054 0.973683
vt 0.337477 0.972122
vt 0.338832 0.970083
vt 0.340170 0.968079
vt 0.341467 0.966140
vt 0.335433 0.971273
vt 0.335909 0.968843
vt 0.336377 0.966468
vt 0.336816 0.964242
vt 0.333223 0.971290
vt 0.332733 0.968873
vt 0.332265 0.966501
vt 0.331829 0.964241
vt 0.331182 0.972158
vt 0.329809 0.970129
vt 0.328455 0.968130
vt 0.327140 0.966188
vt 0.329618 0.973729
vt 0.327559 0.972374
vt 0.325534 0.971058
vt 0.323602 0.969817
vt 0.328780 0.975769
vt 0.326347 0.975301
vt 0.323974 0.974845
vt 0.321758 0.974421
vt 0.328802 0.977977
vt 0.326390 0.978472
vt 0.324024 0.978945
vt 0.321773 0.979384
vt 0.329673 0.980017
vt 0.327649 0.981391
vt 0.325656 0.982745
vt 0.323720 0.984059
vt 0.334355 0.976843
vt 0.331244 0.981578
vt 0.329892 0.983636
vt 0.328580 0.985658
vt 0.327342 0.987587
vt 0.333282 0.982415
vt 0.332816 0.984845
vt 0.332361 0.987215
vt 0.331938 0.989427
vt 0.335488 0.982392
vt 0.335982 0.984802
vt 0.336454 0.987165
vt 0.336893 0.989412
vt 0.337527 0.981523
vt 0.338897 0.983545
vt 0.340247 0.985536
vt 0.341559 0.987469
vt 0.339087 0.979955
vt 0.341140 0.981307
vt 0.343157 0.982619
vt 0.345080 0.983857
vt 0.339927 0.977918
vt 0.342354 0.978389
vt 0.344718 0.978847
vt 0.346922 0.979274
vt 0.339912 0.975718
vt 0.342325 0.975233
vt 0.344685 0.974776
vt 0.346922 0.974352
vt 0.341097 0.972315
vt 0.343109 0.970988
vt 0.345034 0.969734
vt 0.057511 0.801158
vt 0.057511 0.884537
vt 0.198517 0.925036
vt 0.198517 0.881697
vt 0.178774 0.977346
vt 0.035341 0.939929
vt 0.035341 0.939929
vt 0.035341 0.870447
vt 0.035341 0.953826
vt 0.035341 0.884343
vt 0.035341 0.884343
vt 0.035341 0.898240
vt 0.035341 0.898240
vt 0.035341 0.912136
vt 0.035341 0.912136
vt 0.035341 0.926033
vt 0.035341 0.926033
vt 0.198526 0.890435
vt 0.198526 0.890435
vt 0.198522 0.886091
vt 0.198522 0.886091
vt 0.293833 0.888723
vt 0.198528 0.894730
vt 0.198528 0.894730
vt 0.198530 0.899025
vt 0.198530 0.899025
vt 0.198530 0.903369
vt 0.198530 0.903369
vt 0.057511 0.870640
vt 0.057511 0.870640
vt 0.198530 0.907763
vt 0.198530 0.907763
vt 0.198528 0.912107
vt 0.198528 0.912107
vt 0.198525 0.916401
vt 0.198525 0.916401
vt 0.198522 0.920693
vt 0.198522 0.920693
vt 0.289750 0.894426
vt 0.181614 0.920691
vt 0.181614 0.920691
vt 0.289750 0.894426
vt 0.287200 0.890916
vt 0.181609 0.925030
vt 0.181609 0.881734
vt 0.287200 0.890916
vt 0.057511 0.856744
vt 0.057511 0.856744
vt 0.287200 0.886526
vt 0.287200 0.886526
vt 0.181614 0.886124
vt 0.181614 0.886124
vt 0.289753 0.883017
vt 0.181618 0.890463
vt 0.181618 0.890463
vt 0.293836 0.881697
vt 0.293836 0.881697
vt 0.181620 0.894754
vt 0.181620 0.894754
vt 0.297917 0.883021
vt 0.297917 0.883021
vt 0.181622 0.899045
vt 0.181622 0.899045
vt 0.300468 0.886532
vt 0.300468 0.886532
vt 0.181622 0.903385
vt 0.181622 0.903385
vt 0.057511 0.842847
vt 0.057511 0.842847
vt 0.300466 0.890921
vt 0.300466 0.890921
vt 0.181622 0.907774
vt 0.181622 0.907774
vt 0.297911 0.894429
vt 0.297911 0.894429
vt 0.181620 0.912114
vt 0.181620 0.912114
vt 0.293829 0.895748
vt 0.293829 0.895748
vt 0.181617 0.916403
vt 0.181617 0.916403
vt 0.290372 0.893565
vt 0.290372 0.893565
vt 0.290372 0.893565
vt 0.288205 0.890588
vt 0.288205 0.890588
vt 0.288205 0.890588
vt 0.023306 0.971211
vt 0.288203 0.886863
vt 0.288203 0.886863
vt 0.290367 0.883884
vt 0.293831 0.882761
vt 0.293831 0.882761
vt 0.297295 0.883881
vt 0.297295 0.883881
vt 0.297295 0.883881
vt 0.299462 0.886859
vt 0.299462 0.886859
vt 0.299462 0.886859
vt 0.379825 0.756008
vt 0.379825 0.756008
vt 0.299463 0.890584
vt 0.299463 0.890584
vt 0.299463 0.890584
vt 0.297297 0.893563
vt 0.297297 0.893563
vt 0.293834 0.894684
vt 0.293834 0.894684
vt 0.190809 0.970398
vt 0.021444 0.939929
vt 0.021444 0.939929
vt 0.021444 0.870447
vt 0.190809 0.984295
vt 0.021444 0.953826
vt 0.021444 0.884343
vt 0.178774 0.991243
vt 0.021444 0.884343
vt 0.166740 0.984294
vt 0.021444 0.898240
vt 0.021444 0.898240
vt 0.021444 0.912136
vt 0.166740 0.970398
vt 0.021444 0.912136
vt 0.021444 0.926033
vt 0.178774 0.963450
vt 0.021444 0.926033
vt 0.188969 0.971460
vt 0.188969 0.983232
vt 0.178774 0.989118
vt 0.168580 0.983232
vt 0.168580 0.971460
vt 0.178774 0.965574
vt 0.057511 0.815054
vt 0.057511 0.815054
vt 0.057511 0.828951
vt 0.057511 0.828951
vt 0.379829 0.764746
vt 0.379829 0.764746
vt 0.379828 0.760402
vt 0.379828 0.760402
vt 0.011321 0.895539
vt 0.011321 0.895539
vt 0.011321 0.895539
vt 0.379830 0.769041
vt 0.379830 0.769041
vt 0.379829 0.773336
vt 0.379829 0.773336
vt 0.379827 0.777680
vt 0.379827 0.777680
vt 0.379825 0.782074
vt 0.379825 0.782074
vt 0.379821 0.786418
vt 0.379821 0.786418
vt 0.379816 0.790712
vt 0.379816 0.747373
vt 0.379821 0.751666
vt 0.379821 0.751666
vt 0.007238 0.901241
vt 0.007238 0.901241
vt 0.362913 0.751698
vt 0.362913 0.751698
vt 0.004688 0.897731
vt 0.004688 0.897731
vt 0.362917 0.756037
vt 0.362917 0.756037
vt 0.004688 0.893342
vt 0.004688 0.893342
vt 0.362920 0.760426
vt 0.362920 0.760426
vt 0.007241 0.889833
vt 0.007241 0.889833
vt 0.362921 0.764766
vt 0.362921 0.764766
vt 0.011324 0.888513
vt 0.011324 0.888513
vt 0.362922 0.769057
vt 0.362922 0.769057
vt 0.015405 0.889836
vt 0.015405 0.889836
vt 0.362921 0.773347
vt 0.362921 0.773347
vt 0.017956 0.893347
vt 0.017956 0.893347
vt 0.362920 0.777687
vt 0.362920 0.777687
vt 0.017954 0.897737
vt 0.017954 0.897737
vt 0.362917 0.782077
vt 0.362917 0.782077
vt 0.015399 0.901245
vt 0.362913 0.786416
vt 0.362913 0.786416
vt 0.011317 0.902564
vt 0.362908 0.790706
vt 0.362908 0.747410
vt 0.007860 0.900380
vt 0.007860 0.900380
vt 0.007860 0.900380
vt 0.005693 0.897403
vt 0.005693 0.897403
vt 0.005693 0.897403
vt 0.005693 0.897403
vt 0.005691 0.893678
vt 0.005691 0.893678
vt 0.007855 0.890699
vt 0.007855 0.890699
vt 0.011319 0.889576
vt 0.011319 0.889576
vt 0.014783 0.890697
vt 0.014783 0.890697
vt 0.016950 0.893675
vt 0.016950 0.893675
vt 0.016950 0.893675
vt 0.016951 0.897400
vt 0.016951 0.897400
vt 0.016951 0.897400
vt 0.016951 0.897400
vt 0.014785 0.900378
vt 0.014785 0.900378
vt 0.011322 0.901500
vt 0.011322 0.901500
vt 0.011271 0.978159
vt 0.011271 0.978159
vt 0.043615 0.842847
vt 0.043615 0.842847
vt 0.011271 0.964263
vt 0.011271 0.964263
vt 0.043615 0.856744
vt 0.043615 0.856744
vt 0.023306 0.957315
vt 0.023306 0.957315
vt 0.043615 0.870640
vt 0.043615 0.870640
vt 0.035341 0.964263
vt 0.035341 0.964263
vt 0.043615 0.801158
vt 0.043615 0.884537
vt 0.035341 0.978159
vt 0.043615 0.815054
vt 0.043615 0.815054
vt 0.023306 0.985108
vt 0.043615 0.828951
vt 0.043615 0.828951
vt 0.013111 0.977097
vt 0.013111 0.977097
vt 0.013111 0.965325
vt 0.013111 0.965325
vt 0.023306 0.959439
vt 0.023306 0.959439
vt 0.033501 0.965325
vt 0.033501 0.965325
vt 0.033501 0.977097
vt 0.023306 0.982983
vt 0.365933 0.729988
vt 0.365933 0.729988
vt 0.365933 0.660505
vt 0.365933 0.743884
vt 0.365933 0.674402
vt 0.365933 0.674402
vt 0.365933 0.688298
vt 0.365933 0.688298
vt 0.143376 0.977354
vt 0.202020 0.899025
vt 0.202020 0.899025
vt 0.365933 0.716091
vt 0.365933 0.716091
vt 0.365933 0.702195
vt 0.365933 0.702195
vt 0.202024 0.890287
vt 0.202024 0.890287
vt 0.202021 0.894631
vt 0.202021 0.894631
vt 0.373195 0.801226
vt 0.373195 0.801226
vt 0.373195 0.801226
vt 0.373195 0.801226
vt 0.202028 0.885992
vt 0.202028 0.885992
vt 0.202033 0.881697
vt 0.202033 0.925036
vt 0.202028 0.920692
vt 0.202028 0.920692
vt 0.202024 0.916298
vt 0.202024 0.916298
vt 0.202022 0.911954
vt 0.202022 0.911954
vt 0.202020 0.907660
vt 0.202020 0.907660
vt 0.202019 0.903368
vt 0.202019 0.903368
vt 0.369112 0.806929
vt 0.369112 0.806929
vt 0.218927 0.903353
vt 0.218927 0.903353
vt 0.366562 0.803419
vt 0.218928 0.899014
vt 0.218928 0.899014
vt 0.366562 0.799030
vt 0.366562 0.799030
vt 0.218929 0.894624
vt 0.218929 0.894624
vt 0.369115 0.795521
vt 0.218932 0.890285
vt 0.218932 0.890285
vt 0.373198 0.794201
vt 0.373198 0.794201
vt 0.218936 0.885994
vt 0.218936 0.885994
vt 0.377279 0.795524
vt 0.377279 0.795524
vt 0.218941 0.881703
vt 0.218941 0.924999
vt 0.379830 0.799035
vt 0.218936 0.920659
vt 0.218936 0.920659
vt 0.379828 0.803425
vt 0.379828 0.803425
vt 0.218932 0.916270
vt 0.218932 0.916270
vt 0.377273 0.806933
vt 0.218929 0.911930
vt 0.218929 0.911930
vt 0.373191 0.808252
vt 0.373191 0.808252
vt 0.218928 0.907641
vt 0.218928 0.907641
vt 0.369734 0.806068
vt 0.369734 0.806068
vt 0.369734 0.806068
vt 0.367568 0.803091
vt 0.367568 0.803091
vt 0.367568 0.803091
vt 0.367565 0.799366
vt 0.367565 0.799366
vt 0.367565 0.799366
vt 0.367565 0.799366
vt 0.369729 0.796387
vt 0.369729 0.796387
vt 0.369729 0.796387
vt 0.373193 0.795264
vt 0.373193 0.795264
vt 0.373193 0.795264
vt 0.373193 0.795264
vt 0.376658 0.796385
vt 0.376658 0.796385
vt 0.376658 0.796385
vt 0.378824 0.799363
vt 0.378824 0.799363
vt 0.378825 0.803087
vt 0.378825 0.803087
vt 0.378825 0.803087
vt 0.376659 0.806066
vt 0.376659 0.806066
vt 0.373196 0.807188
vt 0.373196 0.807188
vt 0.373196 0.807188
vt 0.155411 0.984302
vt 0.379830 0.688298
vt 0.379830 0.688298
vt 0.143376 0.991251
vt 0.379830 0.674402
vt 0.379830 0.674402
vt 0.131342 0.984302
vt 0.379830 0.660505
vt 0.379830 0.743884
vt 0.131342 0.970406
vt 0.379830 0.729988
vt 0.379830 0.729988
vt 0.143376 0.963458
vt 0.143376 0.963458
vt 0.379830 0.716091
vt 0.379830 0.716091
vt 0.155411 0.970406
vt 0.155411 0.970406
vt 0.379830 0.702195
vt 0.379830 0.702195
vt 0.153571 0.983240
vt 0.143376 0.989126
vt 0.133182 0.983240
vt 0.133182 0.971468
vt 0.143376 0.965582
vt 0.143376 0.965582
vt 0.153571 0.971468
vt 0.153571 0.971468
vt 0.061000 0.815054
vt 0.061000 0.815054
vt 0.061000 0.828951
vt 0.061000 0.828951
vt 0.061000 0.842847
vt 0.061000 0.842847
vt 0.061000 0.856744
vt 0.061000 0.856744
vt 0.291594 0.972134
vt 0.291594 0.972134
vt 0.222434 0.890435
vt 0.222434 0.890435
vt 0.061000 0.801158
vt 0.061000 0.884537
vt 0.061000 0.870640
vt 0.061000 0.870640
vt 0.222443 0.925036
vt 0.222443 0.881697
vt 0.222438 0.886041
vt 0.222438 0.886041
vt 0.011321 0.877999
vt 0.011321 0.877999
vt 0.222438 0.920741
vt 0.222438 0.920741
vt 0.222434 0.916446
vt 0.222434 0.916446
vt 0.222432 0.912102
vt 0.222432 0.912102
vt 0.222430 0.907708
vt 0.222430 0.907708
vt 0.222430 0.903364
vt 0.222430 0.903364
vt 0.222430 0.899070
vt 0.222430 0.899070
vt 0.222432 0.894778
vt 0.222432 0.894778
vt 0.007238 0.883702
vt 0.007238 0.883702
vt 0.239340 0.894771
vt 0.239340 0.894771
vt 0.004688 0.880192
vt 0.004688 0.880192
vt 0.239342 0.890433
vt 0.239342 0.890433
vt 0.004688 0.875802
vt 0.239346 0.886043
vt 0.239346 0.886043
vt 0.239351 0.924999
vt 0.007241 0.872293
vt 0.239351 0.881703
vt 0.239346 0.920708
vt 0.239346 0.920708
vt 0.011324 0.870973
vt 0.239342 0.916418
vt 0.239342 0.916418
vt 0.015405 0.872297
vt 0.015405 0.872297
vt 0.239340 0.912078
vt 0.239340 0.912078
vt 0.017956 0.875808
vt 0.017956 0.875808
vt 0.239338 0.907689
vt 0.239338 0.907689
vt 0.017954 0.880197
vt 0.239338 0.903349
vt 0.015399 0.883705
vt 0.239338 0.903349
vt 0.011317 0.885024
vt 0.011317 0.885024
vt 0.239338 0.899059
vt 0.239338 0.899059
vt 0.007860 0.882841
vt 0.007860 0.882841
vt 0.007860 0.882841
vt 0.007860 0.882841
vt 0.005693 0.879863
vt 0.005693 0.879863
vt 0.005691 0.876139
vt 0.007855 0.873159
vt 0.011319 0.872037
vt 0.014783 0.873157
vt 0.014783 0.873157
vt 0.016950 0.876135
vt 0.016950 0.876135
vt 0.016951 0.879860
vt 0.014785 0.882838
vt 0.011322 0.883960
vt 0.011322 0.883960
vt 0.011322 0.883960
vt 0.279559 0.979082
vt 0.279559 0.979082
vt 0.074897 0.856744
vt 0.074897 0.856744
vt 0.074897 0.842847
vt 0.279559 0.965185
vt 0.074897 0.842847
vt 0.074897 0.828951
vt 0.074897 0.828951
vt 0.291594 0.958237
vt 0.074897 0.815054
vt 0.074897 0.815054
vt 0.303628 0.965185
vt 0.074897 0.801158
vt 0.303628 0.979082
vt 0.303628 0.979082
vt 0.074897 0.884537
vt 0.291594 0.986030
vt 0.291594 0.986030
vt 0.074897 0.870640
vt 0.074897 0.870640
vt 0.281399 0.978020
vt 0.281399 0.978020
vt 0.281399 0.966247
vt 0.291594 0.960362
vt 0.301788 0.966247
vt 0.301788 0.978019
vt 0.301788 0.978019
vt 0.301788 0.978019
vt 0.291594 0.983905
vt 0.291594 0.983905
vt 0.154731 0.905087
vt 0.390463 0.723176
vt 0.390463 0.735710
vt 0.390463 0.748244
vt 0.390463 0.760778
vt 0.390463 0.773313
vt 0.390463 0.785847
vt 0.390463 0.798381
vt 0.390463 0.810915
vt 0.390463 0.660505
vt 0.390463 0.673039
vt 0.390463 0.685573
vt 0.390463 0.698108
vt 0.390463 0.710642
vt 0.134068 0.899550
vt 0.134068 0.910623
vt 0.139605 0.889960
vt 0.149194 0.884424
vt 0.160267 0.884424
vt 0.169857 0.889960
vt 0.175394 0.899550
vt 0.175394 0.910623
vt 0.169857 0.920213
vt 0.160267 0.925750
vt 0.149194 0.925750
vt 0.139605 0.920213
vt 0.131342 0.898820
vt 0.383319 0.735710
vt 0.131342 0.911354
vt 0.383319 0.723176
vt 0.137609 0.887965
vt 0.383319 0.748244
vt 0.148464 0.881698
vt 0.383319 0.760778
vt 0.160998 0.881697
vt 0.383319 0.773313
vt 0.171853 0.887965
vt 0.383319 0.785847
vt 0.178120 0.898820
vt 0.383319 0.798381
vt 0.178120 0.911354
vt 0.383319 0.810915
vt 0.383319 0.660505
vt 0.171853 0.922209
vt 0.383319 0.673039
vt 0.160998 0.928476
vt 0.383319 0.685573
vt 0.148464 0.928476
vt 0.383319 0.698108
vt 0.137609 0.922209
vt 0.383319 0.710642
vt 0.336870 0.663868
vt 0.957256 0.254336
vt 0.342153 0.667397
vt 0.957256 0.262279
vt 0.346922 0.678912
vt 0.957256 0.278163
vt 0.345683 0.672680
vt 0.957256 0.270221
vt 0.964882 0.278163
vt 0.964882 0.246394
vt 0.964882 0.270221
vt 0.964882 0.262279
vt 0.964882 0.254336
vt 0.946142 0.506928
vt 0.964882 0.506928
vt 0.946142 0.514871
vt 0.946142 0.522813
vt 0.964882 0.522813
vt 0.964882 0.514871
vt 0.964882 0.017629
vt 0.946142 0.017629
vt 0.964882 0.009687
vt 0.946142 0.001744
vt 0.964882 0.001744
vt 0.946142 0.009687
vt 0.946142 0.246394
vt 0.946142 0.278163
vt 0.946142 0.254336
vt 0.946142 0.262279
vt 0.946142 0.270221
vt 0.330638 0.662628
vt 0.957256 0.246394
vt 0.131342 0.678912
vt 0.953768 0.017629
vt 0.132581 0.672680
vt 0.953768 0.009687
vt 0.136111 0.667397
vt 0.953768 0.001744
vt 0.957256 0.001744
vt 0.141394 0.663868
vt 0.957256 0.009687
vt 0.147626 0.662628
vt 0.957256 0.017629
vt 0.336870 0.876969
vt 0.953768 0.514871
vt 0.330638 0.878209
vt 0.953768 0.506928
vt 0.342153 0.873439
vt 0.953768 0.522813
vt 0.957256 0.522813
vt 0.345683 0.868156
vt 0.957256 0.514871
vt 0.346922 0.861924
vt 0.957256 0.506928
vt 0.132581 0.868156
vt 0.953768 0.254336
vt 0.131342 0.861924
vt 0.953768 0.246394
vt 0.136111 0.873439
vt 0.953768 0.262279
vt 0.141394 0.876969
vt 0.953768 0.270221
vt 0.147626 0.878209
vt 0.953768 0.278163
vt 0.323591 0.685959
vt 0.154673 0.685959
vt 0.323591 0.854877
vt 0.154673 0.854877
vt 0.139535 0.853731
vt 0.139535 0.687105
vt 0.322445 0.870016
vt 0.155819 0.870016
vt 0.338729 0.687105
vt 0.338729 0.853731
vt 0.155819 0.670821
vt 0.322445 0.670821
vt 0.149587 0.868776
vt 0.144304 0.865246
vt 0.140774 0.859963
vt 0.337490 0.859963
vt 0.333960 0.865246
vt 0.328677 0.868776
vt 0.149587 0.672060
vt 0.144304 0.675590
vt 0.140774 0.680873
vt 0.337490 0.680873
vt 0.333960 0.675590
vt 0.328677 0.672060
vt 0.613434 0.773433
vt 0.010191 0.136798
vt 0.010201 0.109815
vt 0.010218 0.055955
vt 0.010209 0.082886
vt 0.010234 0.001744
vt 0.028981 0.866958
vt 0.010230 0.028961
vt 0.029135 0.813161
vt 0.029058 0.840009
vt 0.029297 0.759108
vt 0.029213 0.786168
vt 0.029463 0.705069
vt 0.029377 0.732094
vt 0.030363 0.651104
vt 0.029552 0.678060
vt 0.032372 0.597186
vt 0.031809 0.624146
vt 0.032640 0.543138
vt 0.032499 0.570172
vt 0.031103 0.489122
vt 0.032327 0.516133
vt 0.030720 0.435094
vt 0.030570 0.462120
vt 0.031044 0.380998
vt 0.030884 0.408042
vt 0.031370 0.326894
vt 0.031213 0.353961
vt 0.031094 0.272767
vt 0.031528 0.299822
vt 0.029930 0.218663
vt 0.030140 0.245711
vt 0.029838 0.164568
vt 0.029820 0.191615
vt 0.031458 0.110424
vt 0.030953 0.137507
vt 0.031952 0.056255
vt 0.031405 0.083357
vt 0.010026 0.867484
vt 0.032543 0.001765
vt 0.032375 0.029097
vt 0.010446 0.812718
vt 0.010109 0.840118
vt 0.009828 0.758428
vt 0.010337 0.785462
vt 0.009600 0.704391
vt 0.009640 0.731409
vt 0.009510 0.650473
vt 0.009553 0.677424
vt 0.010062 0.596498
vt 0.009625 0.623487
vt 0.010257 0.542490
vt 0.010277 0.569509
vt 0.010224 0.488382
vt 0.010233 0.515440
vt 0.010220 0.434245
vt 0.010211 0.461325
vt 0.009991 0.380134
vt 0.010221 0.407172
vt 0.009370 0.326060
vt 0.009602 0.353096
vt 0.009289 0.271986
vt 0.009293 0.299023
vt 0.009589 0.217912
vt 0.009363 0.244948
vt 0.010193 0.163835
vt 0.009970 0.190874
vt 0.017678 0.163836
vt 0.888910 0.439745
vt 0.017686 0.136800
vt 0.871809 0.460581
vt 0.017655 0.109817
vt 0.852747 0.479639
vt 0.017668 0.082893
vt 0.831910 0.496738
vt 0.017687 0.055963
vt 0.809496 0.511711
vt 0.017718 0.028970
vt 0.785723 0.524416
vt 0.017765 0.001841
vt 0.036437 0.866889
vt 0.760819 0.534729
vt 0.036485 0.840031
vt 0.735025 0.542551
vt 0.036584 0.813187
vt 0.708587 0.547808
vt 0.036712 0.786191
vt 0.681762 0.550448
vt 0.036787 0.759127
vt 0.654808 0.550446
vt 0.036862 0.732113
vt 0.627983 0.547802
vt 0.036953 0.705090
vt 0.601547 0.542542
vt 0.037017 0.678083
vt 0.575755 0.534717
vt 0.037847 0.651126
vt 0.550834 0.524425
vt 0.039284 0.624170
vt 0.526949 0.511846
vt 0.039836 0.597218
vt 0.504496 0.496914
vt 0.039995 0.570213
vt 0.483662 0.479803
vt 0.040126 0.543180
vt 0.464586 0.460753
vt 0.039813 0.516178
vt 0.447503 0.439893
vt 0.038606 0.489167
vt 0.432658 0.417343
vt 0.038043 0.462164
vt 0.419989 0.393535
vt 0.038217 0.435139
vt 0.409670 0.368629
vt 0.038368 0.408089
vt 0.401845 0.342832
vt 0.038544 0.381045
vt 0.396589 0.316391
vt 0.038698 0.354007
vt 0.393952 0.289563
vt 0.038883 0.326936
vt 0.393959 0.262607
vt 0.039021 0.299863
vt 0.396608 0.235783
vt 0.038576 0.272816
vt 0.401851 0.209337
vt 0.037629 0.245760
vt 0.409573 0.183483
vt 0.037427 0.218711
vt 0.419857 0.158557
vt 0.037312 0.191664
vt 0.432529 0.134756
vt 0.037350 0.164611
vt 0.447480 0.112321
vt 0.038466 0.137553
vt 0.464730 0.091574
vt 0.038962 0.110491
vt 0.483640 0.072350
vt 0.038925 0.083421
vt 0.504129 0.054889
vt 0.039479 0.056299
vt 0.526457 0.039832
vt 0.039899 0.029143
vt 0.550241 0.027141
vt 0.017598 0.867367
vt 0.040104 0.001906
vt 0.575146 0.016826
vt 0.017617 0.840078
vt 0.601057 0.009123
vt 0.017956 0.812684
vt 0.627842 0.004225
vt 0.017817 0.785444
vt 0.654846 0.001765
vt 0.017311 0.758422
vt 0.681806 0.001744
vt 0.017127 0.731403
vt 0.708633 0.004381
vt 0.017090 0.704380
vt 0.735071 0.009643
vt 0.017012 0.677409
vt 0.760867 0.017469
vt 0.016979 0.650459
vt 0.785770 0.027785
vt 0.017098 0.623473
vt 0.809539 0.040500
vt 0.017529 0.596485
vt 0.831942 0.055497
vt 0.017744 0.569502
vt 0.852776 0.072602
vt 0.017755 0.542490
vt 0.871834 0.091663
vt 0.017741 0.515434
vt 0.888933 0.112501
vt 0.017696 0.488378
vt 0.903907 0.134914
vt 0.017708 0.461327
vt 0.916612 0.158686
vt 0.017729 0.434248
vt 0.926925 0.183590
vt 0.017716 0.407174
vt 0.934748 0.209385
vt 0.017475 0.380136
vt 0.940008 0.235823
vt 0.017089 0.353100
vt 0.942653 0.262651
vt 0.016858 0.326063
vt 0.942653 0.289606
vt 0.016783 0.299027
vt 0.940009 0.316431
vt 0.016785 0.271985
vt 0.934749 0.342867
vt 0.016855 0.244942
vt 0.926923 0.368661
vt 0.017080 0.217905
vt 0.916604 0.393563
vt 0.017460 0.190868
vt 0.903889 0.417334
vt 0.002636 0.163834
vt 0.820351 0.699428
vt 0.002648 0.136792
vt 0.812103 0.679504
vt 0.002671 0.109808
vt 0.801941 0.660486
vt 0.002688 0.082877
vt 0.789964 0.642555
vt 0.002703 0.055953
vt 0.776287 0.625884
vt 0.002670 0.028964
vt 0.761043 0.610633
vt 0.002621 0.001841
vt 0.021444 0.866837
vt 0.744377 0.596951
vt 0.021582 0.839987
vt 0.726450 0.584967
vt 0.021617 0.813144
vt 0.707435 0.574798
vt 0.021649 0.786144
vt 0.687516 0.566542
vt 0.021746 0.759079
vt 0.666883 0.560277
vt 0.021845 0.732069
vt 0.645735 0.556065
vt 0.021901 0.705043
vt 0.624277 0.553945
vt 0.022018 0.678031
vt 0.602715 0.553937
vt 0.022781 0.651079
vt 0.581247 0.556037
vt 0.024238 0.624120
vt 0.560063 0.560231
vt 0.024800 0.597158
vt 0.539421 0.566481
vt 0.024926 0.570136
vt 0.519497 0.574728
vt 0.025093 0.543096
vt 0.500478 0.584890
vt 0.024764 0.516091
vt 0.482548 0.596876
vt 0.023541 0.489078
vt 0.465862 0.610585
vt 0.023024 0.462075
vt 0.450614 0.625842
vt 0.023167 0.435048
vt 0.436935 0.642510
vt 0.023319 0.407995
vt 0.424954 0.660438
vt 0.023503 0.380950
vt 0.414788 0.679454
vt 0.023658 0.353913
vt 0.406533 0.699375
vt 0.023811 0.326847
vt 0.400272 0.720010
vt 0.023970 0.299775
vt 0.396064 0.741159
vt 0.023534 0.272719
vt 0.393952 0.762625
vt 0.022586 0.245662
vt 0.393955 0.784208
vt 0.022375 0.218614
vt 0.396070 0.805669
vt 0.022262 0.191566
vt 0.400277 0.826819
vt 0.022284 0.164525
vt 0.406534 0.847454
vt 0.023371 0.137477
vt 0.414792 0.867389
vt 0.023900 0.110408
vt 0.424772 0.886510
vt 0.023822 0.083339
vt 0.436415 0.904622
vt 0.024358 0.056222
vt 0.449982 0.921355
vt 0.024785 0.029057
vt 0.465230 0.936604
vt 0.002389 0.867386
vt 0.024919 0.001810
vt 0.481898 0.950284
vt 0.002539 0.840115
vt 0.499942 0.962203
vt 0.002863 0.812719
vt 0.519302 0.972185
vt 0.002796 0.785463
vt 0.539403 0.980339
vt 0.002296 0.758433
vt 0.560042 0.986597
vt 0.002105 0.731414
vt 0.581192 0.990803
vt 0.002062 0.704396
vt 0.602651 0.992916
vt 0.002038 0.677435
vt 0.624214 0.992916
vt 0.001967 0.650488
vt 0.645674 0.990803
vt 0.002085 0.623501
vt 0.666823 0.986598
vt 0.002516 0.596511
vt 0.687462 0.980340
vt 0.002729 0.569514
vt 0.707386 0.972090
vt 0.002708 0.542490
vt 0.726404 0.961927
vt 0.002692 0.515447
vt 0.744334 0.949948
vt 0.002639 0.488387
vt 0.761003 0.936269
vt 0.002660 0.461322
vt 0.776251 0.921022
vt 0.002648 0.434243
vt 0.789932 0.904354
vt 0.002676 0.407169
vt 0.801913 0.886426
vt 0.002438 0.380131
vt 0.812078 0.867408
vt 0.002051 0.353093
vt 0.820330 0.847483
vt 0.001819 0.326056
vt 0.826590 0.826848
vt 0.001744 0.299019
vt 0.830799 0.805700
vt 0.001744 0.271987
vt 0.832914 0.784241
vt 0.001816 0.244955
vt 0.832918 0.762678
vt 0.002041 0.217918
vt 0.830809 0.741217
vt 0.002420 0.190880
vt 0.826607 0.720065
vt 0.811330 0.702654
vt 0.803441 0.683599
vt 0.793722 0.665410
vt 0.782267 0.648261
vt 0.769187 0.632317
vt 0.754607 0.617731
vt 0.738668 0.604645
vt 0.721523 0.593184
vt 0.703337 0.583459
vt 0.684286 0.575562
vt 0.664552 0.569571
vt 0.644327 0.565542
vt 0.623803 0.563514
vt 0.603180 0.563507
vt 0.582647 0.565517
vt 0.562387 0.569526
vt 0.542647 0.575503
vt 0.523592 0.583391
vt 0.505404 0.593109
vt 0.488256 0.604571
vt 0.472299 0.617683
vt 0.457714 0.632275
vt 0.444630 0.648218
vt 0.433172 0.665364
vt 0.423449 0.683551
vt 0.415555 0.702604
vt 0.409566 0.722338
vt 0.405542 0.742564
vt 0.403522 0.763093
vt 0.403524 0.783736
vt 0.405547 0.804262
vt 0.409571 0.824490
vt 0.415557 0.844227
vt 0.423454 0.863294
vt 0.432980 0.881590
vt 0.444117 0.898912
vt 0.457096 0.914914
vt 0.471679 0.929498
vt 0.487620 0.942581
vt 0.504878 0.953979
vt 0.523393 0.963527
vt 0.542631 0.971317
vt 0.562370 0.977303
vt 0.582597 0.981325
vt 0.603121 0.983346
vt 0.623744 0.983346
vt 0.644268 0.981325
vt 0.664496 0.977303
vt 0.684235 0.971319
vt 0.703290 0.963429
vt 0.721478 0.953708
vt 0.738626 0.942251
vt 0.754569 0.929169
vt 0.769152 0.914587
vt 0.782236 0.898646
vt 0.793695 0.881500
vt 0.803417 0.863311
vt 0.811309 0.844256
vt 0.817296 0.824520
vt 0.821321 0.804293
vt 0.823345 0.783769
vt 0.823348 0.763146
vt 0.821331 0.742621
vt 0.817312 0.722391
vt 0.668307 0.276108
vt 0.005803 0.190881
vt 0.005422 0.217919
vt 0.005196 0.244954
vt 0.005109 0.271987
vt 0.005124 0.299020
vt 0.005200 0.326055
vt 0.005434 0.353091
vt 0.005822 0.380129
vt 0.006060 0.407170
vt 0.006034 0.434244
vt 0.006047 0.461324
vt 0.006040 0.488385
vt 0.006061 0.515442
vt 0.006090 0.542489
vt 0.006123 0.569513
vt 0.005896 0.596510
vt 0.005462 0.623498
vt 0.005339 0.650481
vt 0.005394 0.677429
vt 0.005437 0.704394
vt 0.005478 0.731410
vt 0.005669 0.758427
vt 0.006174 0.785463
vt 0.006271 0.812729
vt 0.005925 0.840130
vt 0.005788 0.867482
vt 0.028326 0.001744
vt 0.028193 0.029077
vt 0.027760 0.056238
vt 0.027212 0.083336
vt 0.027286 0.110403
vt 0.026765 0.137493
vt 0.025650 0.164548
vt 0.025643 0.191585
vt 0.025754 0.218632
vt 0.025967 0.245677
vt 0.026920 0.272732
vt 0.027354 0.299792
vt 0.027196 0.326867
vt 0.027042 0.353933
vt 0.026886 0.380973
vt 0.026702 0.408016
vt 0.026550 0.435068
vt 0.026404 0.462091
vt 0.026930 0.489088
vt 0.028156 0.516100
vt 0.028483 0.543113
vt 0.028332 0.570154
vt 0.028195 0.597173
vt 0.027633 0.624141
vt 0.026178 0.651100
vt 0.025378 0.678047
vt 0.025297 0.705053
vt 0.025210 0.732079
vt 0.025129 0.759091
vt 0.025046 0.786153
vt 0.024984 0.813148
vt 0.024930 0.839996
vt 0.006013 0.001752
vt 0.024801 0.866936
vt 0.006059 0.028960
vt 0.006060 0.055952
vt 0.006057 0.082880
vt 0.006044 0.109811
vt 0.006027 0.136794
vt 0.006034 0.163836
vt 0.014163 0.190868
vt 0.013793 0.353101
vt 0.013561 0.326064
vt 0.014395 0.163835
vt 0.013485 0.299026
vt 0.014408 0.461325
vt 0.014428 0.434246
vt 0.013472 0.271985
vt 0.014417 0.407175
vt 0.014465 0.569503
vt 0.014459 0.542489
vt 0.014180 0.380138
vt 0.014429 0.515437
vt 0.013722 0.677416
vt 0.013689 0.650463
vt 0.014410 0.488380
vt 0.013806 0.623476
vt 0.014531 0.785458
vt 0.014015 0.758428
vt 0.014241 0.596487
vt 0.013829 0.731407
vt 0.036590 0.029122
vt 0.014260 0.867463
vt 0.036782 0.001805
vt 0.013783 0.704386
vt 0.014305 0.840102
vt 0.035153 0.137523
vt 0.035668 0.110450
vt 0.014654 0.812707
vt 0.035599 0.083383
vt 0.034327 0.245745
vt 0.034121 0.218693
vt 0.036163 0.056275
vt 0.034006 0.191645
vt 0.035399 0.353986
vt 0.035567 0.326916
vt 0.034025 0.164589
vt 0.035734 0.299847
vt 0.034750 0.462147
vt 0.034921 0.435119
vt 0.035279 0.272802
vt 0.035070 0.408068
vt 0.036707 0.570195
vt 0.036838 0.543164
vt 0.035246 0.381024
vt 0.036522 0.516166
vt 0.033728 0.678071
vt 0.034555 0.651107
vt 0.035306 0.489156
vt 0.035999 0.624152
vt 0.033403 0.786179
vt 0.033490 0.759119
vt 0.036565 0.597201
vt 0.033567 0.732104
vt 0.014414 0.028966
vt 0.014457 0.001759
vt 0.033162 0.866958
vt 0.033660 0.705082
vt 0.033220 0.840021
vt 0.014379 0.136801
vt 0.014381 0.109818
vt 0.033301 0.813173
vt 0.014384 0.082891
vt 0.014399 0.055960
vt 0.013556 0.244943
vt 0.013782 0.217905
vt 0.878956 0.432362
vt 0.862626 0.452257
vt 0.844425 0.470455
vt 0.824527 0.486782
vt 0.803126 0.501080
vt 0.780425 0.513211
vt 0.756645 0.523059
vt 0.732014 0.530529
vt 0.706770 0.535548
vt 0.681155 0.538069
vt 0.655417 0.538067
vt 0.629802 0.535542
vt 0.604559 0.530520
vt 0.579929 0.523049
vt 0.556147 0.513202
vt 0.533444 0.501062
vt 0.512058 0.486740
vt 0.492171 0.470412
vt 0.473964 0.452225
vt 0.457642 0.432321
vt 0.443342 0.410925
vt 0.431208 0.388226
vt 0.421359 0.364447
vt 0.413889 0.339816
vt 0.408869 0.314572
vt 0.406348 0.288957
vt 0.406350 0.263220
vt 0.408872 0.237606
vt 0.413890 0.212357
vt 0.421368 0.187723
vt 0.431238 0.163951
vt 0.443376 0.141262
vt 0.457668 0.119863
vt 0.473995 0.099970
vt 0.492191 0.081768
vt 0.512086 0.065441
vt 0.533486 0.051142
vt 0.556185 0.039010
vt 0.579964 0.029160
vt 0.604594 0.021688
vt 0.629839 0.016668
vt 0.655454 0.014147
vt 0.681193 0.014149
vt 0.706807 0.016676
vt 0.732050 0.021700
vt 0.756678 0.029173
vt 0.780456 0.039022
vt 0.803156 0.051154
vt 0.824557 0.065455
vt 0.844452 0.081785
vt 0.862651 0.099986
vt 0.878978 0.119883
vt 0.893276 0.141285
vt 0.905408 0.163985
vt 0.915256 0.187765
vt 0.922726 0.212395
vt 0.927745 0.237639
vt 0.930267 0.263255
vt 0.930267 0.288995
vt 0.927742 0.314610
vt 0.922719 0.339854
vt 0.915246 0.364484
vt 0.905393 0.388263
vt 0.893256 0.410962
vt 0.282554 0.087066
vt 0.227070 0.087775
vt 0.230986 0.087688
vt 0.234860 0.087572
vt 0.238746 0.087430
vt 0.242690 0.087268
vt 0.258983 0.086358
vt 0.250798 0.086890
vt 0.254912 0.086612
vt 0.286575 0.087165
vt 0.263022 0.086195
vt 0.290670 0.087210
vt 0.266991 0.086190
vt 0.294802 0.087249
vt 0.270886 0.086336
vt 0.298924 0.087320
vt 0.274745 0.086613
vt 0.223061 0.087830
vt 0.303000 0.087401
vt 0.278618 0.086886
vt 0.246711 0.087096
f 277/277 281/281 742/742
f 277/277 742/742 740/740
f 461/461 465/465 793/793
f 461/461 793/793 791/791
f 66/66 71/71 687/687
f 66/66 687/687 685/685
f 273/273 277/277 740/740
f 273/273 740/740 738/738
f 457/457 461/461 791/791
f 457/457 791/791 789/789
f 62/62 66/66 685/685
f 62/62 685/685 683/683
f 269/269 273/273 738/738
f 269/269 738/738 736/736
f 453/453 457/457 789/789
f 453/453 789/789 787/787
f 58/58 62/62 683/683
f 58/58 683/683 681/681
f 265/265 269/269 736/736
f 265/265 736/736 734/734
f 449/449 453/453 787/787
f 449/449 787/787 785/785
f 54/54 58/58 681/681
f 54/54 681/681 677/677
f 261/261 265/265 734/734
f 261/261 734/734 732/732
f 445/445 449/449 785/785
f 445/445 785/785 783/783
f 49/49 54/54 677/677
f 49/49 677/677 679/679
f 257/257 261/261 732/732
f 257/257 732/732 730/730
f 441/441 445/445 783/783
f 441/441 783/783 781/781
f 252/252 257/257 730/730
f 252/252 730/730 728/728
f 437/437 441/441 781/781
f 437/437 781/781 779/779
f 247/247 252/252 728/728
f 247/247 728/728 726/726
f 50/50 53/53 55/55
f 50/50 55/55 51/51
f 52/52 56/56 554/554
f 52/52 554/554 555/555
f 53/53 57/57 59/59
f 53/53 59/59 55/55
f 56/56 60/60 556/556
f 56/56 556/556 554/554
f 57/57 61/61 63/63
f 57/57 63/63 59/59
f 60/60 64/64 557/557
f 60/60 557/557 556/556
f 61/61 65/65 67/67
f 61/61 67/67 63/63
f 64/64 68/68 558/558
f 64/64 558/558 557/557
f 65/65 70/70 73/73
f 65/65 73/73 67/67
f 68/68 74/74 559/559
f 68/68 559/559 558/558
f 69/69 75/75 77/77
f 69/69 77/77 72/72
f 74/74 78/78 560/560
f 74/74 560/560 559/559
f 75/75 79/79 81/81
f 75/75 81/81 77/77
f 78/78 82/82 561/561
f 78/78 561/561 560/560
f 79/79 83/83 85/85
f 79/79 85/85 81/81
f 82/82 86/86 562/562
f 82/82 562/562 561/561
f 83/83 87/87 89/89
f 83/83 89/89 85/85
f 86/86 90/90 563/563
f 86/86 563/563 562/562
f 87/87 91/91 93/93
f 87/87 93/93 89/89
f 90/90 94/94 564/564
f 90/90 564/564 563/563
f 91/91 95/95 97/97
f 91/91 97/97 93/93
f 94/94 98/98 565/565
f 94/94 565/565 564/564
f 95/95 99/99 101/101
f 95/95 101/101 97/97
f 98/98 102/102 566/566
f 98/98 566/566 565/565
f 99/99 103/103 105/105
f 99/99 105/105 101/101
f 102/102 106/106 567/567
f 102/102 567/567 566/566
f 103/103 107/107 109/109
f 103/103 109/109 105/105
f 106/106 110/110 568/568
f 106/106 568/568 567/567
f 107/107 111/111 113/113
f 107/107 113/113 109/109
f 110/110 114/114 569/569
f 110/110 569/569 568/568
f 111/111 115/115 117/117
f 111/111 117/117 113/113
f 114/114 118/118 570/570
f 114/114 570/570 569/569
f 115/115 119/119 121/121
f 115/115 121/121 117/117
f 118/118 122/122 571/571
f 118/118 571/571 570/570
f 119/119 123/123 125/125
f 119/119 125/125 121/121
f 122/122 126/126 572/572
f 122/122 572/572 571/571
f 123/123 127/127 129/129
f 123/123 129/129 125/125
f 126/126 130/130 573/573
f 126/126 573/573 572/572
f 127/127 50/50 51/51
f 127/127 51/51 129/129
f 130/130 52/52 555/555
f 130/130 555/555 573/573
f 206/206 209/209 212/212
f 206/206 212/212 208/208
f 207/207 211/211 210/210
f 207/207 210/210 205/205
f 202/202 206/206 208/208
f 202/202 208/208 204/204
f 203/203 207/207 205/205
f 203/203 205/205 201/201
f 198/198 202/202 204/204
f 198/198 204/204 200/200
f 199/199 203/203 201/201
f 199/199 201/201 197/197
f 194/194 198/198 200/200
f 194/194 200/200 196/196
f 195/195 199/199 197/197
f 195/195 197/197 193/193
f 190/190 194/194 196/196
f 190/190 196/196 192/192
f 191/191 195/195 193/193
f 191/191 193/193 189/189
f 186/186 190/190 192/192
f 186/186 192/192 187/187
f 188/188 191/191 189/189
f 188/188 189/189 185/185
f 182/182 186/186 187/187
f 182/182 187/187 183/183
f 184/184 188/188 185/185
f 184/184 185/185 181/181
f 178/178 182/182 183/183
f 178/178 183/183 179/179
f 180/180 184/184 181/181
f 180/180 181/181 177/177
f 174/174 178/178 179/179
f 174/174 179/179 175/175
f 176/176 180/180 177/177
f 176/176 177/177 173/173
f 170/170 174/174 175/175
f 170/170 175/175 171/171
f 172/172 176/176 173/173
f 172/172 173/173 169/169
f 166/166 170/170 171/171
f 166/166 171/171 167/167
f 168/168 172/172 169/169
f 168/168 169/169 165/165
f 162/162 166/166 167/167
f 162/162 167/167 163/163
f 164/164 168/168 165/165
f 164/164 165/165 161/161
f 158/158 162/162 163/163
f 158/158 163/163 160/160
f 159/159 164/164 161/161
f 159/159 161/161 157/157
f 154/154 158/158 160/160
f 154/154 160/160 156/156
f 155/155 159/159 157/157
f 155/155 157/157 153/153
f 149/149 154/154 156/156
f 149/149 156/156 152/152
f 151/151 155/155 153/153
f 151/151 153/153 147/147
f 144/144 149/149 152/152
f 144/144 152/152 146/146
f 145/145 150/150 148/148
f 145/145 148/148 143/143
f 140/140 144/144 146/146
f 140/140 146/146 142/142
f 141/141 145/145 143/143
f 141/141 143/143 139/139
f 136/136 140/140 142/142
f 136/136 142/142 138/138
f 137/137 141/141 139/139
f 137/137 139/139 135/135
f 132/132 136/136 138/138
f 132/132 138/138 134/134
f 133/133 137/137 135/135
f 133/133 135/135 131/131
f 209/209 132/132 134/134
f 209/209 134/134 212/212
f 211/211 133/133 131/131
f 211/211 131/131 210/210
f 53/53 131/131 135/135
f 53/53 135/135 57/57
f 25/25 2252/2252 132/132
f 25/25 132/132 209/209
f 2252/2252 2249/2249 136/136
f 2252/2252 136/136 132/132
f 50/50 210/210 131/131
f 50/50 131/131 53/53
f 57/57 135/135 139/139
f 57/57 139/139 61/61
f 2249/2249 2247/2247 140/140
f 2249/2249 140/140 136/136
f 61/61 139/139 143/143
f 61/61 143/143 65/65
f 2247/2247 27/27 144/144
f 2247/2247 144/144 140/140
f 65/65 143/143 148/148
f 65/65 148/148 70/70
f 27/27 30/30 149/149
f 27/27 149/149 144/144
f 69/69 147/147 153/153
f 69/69 153/153 75/75
f 30/30 31/31 154/154
f 30/30 154/154 149/149
f 31/31 33/33 158/158
f 31/31 158/158 154/154
f 75/75 153/153 157/157
f 75/75 157/157 79/79
f 33/33 35/35 162/162
f 33/33 162/162 158/158
f 79/79 157/157 161/161
f 79/79 161/161 83/83
f 35/35 38/38 166/166
f 35/35 166/166 162/162
f 83/83 161/161 165/165
f 83/83 165/165 87/87
f 38/38 2245/2245 170/170
f 38/38 170/170 166/166
f 87/87 165/165 169/169
f 87/87 169/169 91/91
f 2245/2245 39/39 174/174
f 2245/2245 174/174 170/170
f 91/91 169/169 173/173
f 91/91 173/173 95/95
f 39/39 41/41 178/178
f 39/39 178/178 174/174
f 95/95 173/173 177/177
f 95/95 177/177 99/99
f 41/41 2243/2243 182/182
f 41/41 182/182 178/178
f 99/99 177/177 181/181
f 99/99 181/181 103/103
f 103/103 181/181 185/185
f 103/103 185/185 107/107
f 2243/2243 2241/2241 186/186
f 2243/2243 186/186 182/182
f 107/107 185/185 189/189
f 107/107 189/189 111/111
f 2241/2241 2239/2239 190/190
f 2241/2241 190/190 186/186
f 111/111 189/189 193/193
f 111/111 193/193 115/115
f 2239/2239 2237/2237 194/194
f 2239/2239 194/194 190/190
f 115/115 193/193 197/197
f 115/115 197/197 119/119
f 2237/2237 43/43 198/198
f 2237/2237 198/198 194/194
f 119/119 197/197 201/201
f 119/119 201/201 123/123
f 43/43 45/45 202/202
f 43/43 202/202 198/198
f 123/123 201/201 205/205
f 123/123 205/205 127/127
f 45/45 48/48 206/206
f 45/45 206/206 202/202
f 127/127 205/205 210/210
f 127/127 210/210 50/50
f 48/48 25/25 209/209
f 48/48 209/209 206/206
f 433/433 437/437 779/779
f 433/433 779/779 777/777
f 243/243 247/247 726/726
f 243/243 726/726 724/724
f 429/429 433/433 777/777
f 429/429 777/777 775/775
f 239/239 243/243 724/724
f 239/239 724/724 722/722
f 425/425 429/429 775/775
f 425/425 775/775 773/773
f 235/235 239/239 722/722
f 235/235 722/722 718/718
f 421/421 425/425 773/773
f 421/421 773/773 771/771
f 230/230 235/235 718/718
f 230/230 718/718 720/720
f 417/417 421/421 771/771
f 417/417 771/771 769/769
f 128/128 49/49 679/679
f 128/128 679/679 715/715
f 412/412 417/417 769/769
f 412/412 769/769 767/767
f 124/124 128/128 715/715
f 124/124 715/715 713/713
f 407/407 412/412 767/767
f 407/407 767/767 765/765
f 120/120 124/124 713/713
f 120/120 713/713 711/711
f 403/403 407/407 765/765
f 403/403 765/765 763/763
f 116/116 120/120 711/711
f 116/116 711/711 709/709
f 399/399 403/403 763/763
f 399/399 763/763 761/761
f 112/112 116/116 709/709
f 112/112 709/709 707/707
f 395/395 399/399 761/761
f 395/395 761/761 757/757
f 108/108 112/112 707/707
f 108/108 707/707 705/705
f 231/231 234/234 236/236
f 231/231 236/236 232/232
f 233/233 237/237 574/574
f 233/233 574/574 575/575
f 234/234 238/238 240/240
f 234/234 240/240 236/236
f 237/237 241/241 576/576
f 237/237 576/576 574/574
f 238/238 242/242 244/244
f 238/238 244/244 240/240
f 241/241 245/245 577/577
f 241/241 577/577 576/576
f 242/242 246/246 248/248
f 242/242 248/248 244/244
f 245/245 249/249 578/578
f 245/245 578/578 577/577
f 246/246 250/250 253/253
f 246/246 253/253 248/248
f 249/249 255/255 579/579
f 249/249 579/579 578/578
f 251/251 256/256 258/258
f 251/251 258/258 254/254
f 255/255 259/259 580/580
f 255/255 580/580 579/579
f 256/256 260/260 262/262
f 256/256 262/262 258/258
f 259/259 263/263 581/581
f 259/259 581/581 580/580
f 260/260 264/264 266/266
f 260/260 266/266 262/262
f 263/263 267/267 582/582
f 263/263 582/582 581/581
f 264/264 268/268 270/270
f 264/264 270/270 266/266
f 267/267 271/271 583/583
f 267/267 583/583 582/582
f 268/268 272/272 274/274
f 268/268 274/274 270/270
f 271/271 275/275 584/584
f 271/271 584/584 583/583
f 272/272 276/276 278/278
f 272/272 278/278 274/274
f 275/275 279/279 585/585
f 275/275 585/585 584/584
f 276/276 280/280 282/282
f 276/276 282/282 278/278
f 279/279 283/283 586/586
f 279/279 586/586 585/585
f 280/280 284/284 286/286
f 280/280 286/286 282/282
f 283/283 287/287 587/587
f 283/283 587/587 586/586
f 284/284 288/288 290/290
f 284/284 290/290 286/286
f 287/287 291/291 588/588
f 287/287 588/588 587/587
f 288/288 292/292 294/294
f 288/288 294/294 290/290
f 291/291 295/295 589/589
f 291/291 589/589 588/588
f 292/292 296/296 298/298
f 292/292 298/298 294/294
f 295/295 299/299 590/590
f 295/295 590/590 589/589
f 296/296 300/300 302/302
f 296/296 302/302 298/298
f 299/299 303/303 591/591
f 299/299 591/591 590/590
f 300/300 304/304 306/306
f 300/300 306/306 302/302
f 303/303 307/307 592/592
f 303/303 592/592 591/591
f 304/304 308/308 310/310
f 304/304 310/310 306/306
f 307/307 311/311 593/593
f 307/307 593/593 592/592
f 308/308 231/231 232/232
f 308/308 232/232 310/310
f 311/311 233/233 575/575
f 311/311 575/575 593/593
f 383/383 386/386 389/389
f 383/383 389/389 385/385
f 384/384 388/388 387/387
f 384/384 387/387 382/382
f 379/379 383/383 385/385
f 379/379 385/385 381/381
f 380/380 384/384 382/382
f 380/380 382/382 378/378
f 375/375 379/379 381/381
f 375/375 381/381 377/377
f 376/376 380/380 378/378
f 376/376 378/378 374/374
f 367/367 371/371 373/373
f 367/367 373/373 369/369
f 368/368 372/372 370/370
f 368/368 370/370 366/366
f 363/363 367/367 369/369
f 363/363 369/369 365/365
f 364/364 368/368 366/366
f 364/364 366/366 362/362
f 359/359 363/363 365/365
f 359/359 365/365 361/361
f 360/360 364/364 362/362
f 360/360 362/362 358/358
f 355/355 359/359 361/361
f 355/355 361/361 357/357
f 356/356 360/360 358/358
f 356/356 358/358 354/354
f 351/351 355/355 357/357
f 351/351 357/357 353/353
f 352/352 356/356 354/354
f 352/352 354/354 350/350
f 347/347 351/351 353/353
f 347/347 353/353 349/349
f 348/348 352/352 350/350
f 348/348 350/350 346/346
f 343/343 347/347 349/349
f 343/343 349/349 345/345
f 344/344 348/348 346/346
f 344/344 346/346 342/342
f 339/339 343/343 345/345
f 339/339 345/345 341/341
f 340/340 344/344 342/342
f 340/340 342/342 338/338
f 335/335 339/339 341/341
f 335/335 341/341 337/337
f 336/336 340/340 338/338
f 336/336 338/338 334/334
f 330/330 335/335 337/337
f 330/330 337/337 333/333
f 332/332 336/336 334/334
f 332/332 334/334 329/329
f 325/325 330/330 333/333
f 325/325 333/333 327/327
f 326/326 331/331 328/328
f 326/326 328/328 324/324
f 321/321 325/325 327/327
f 321/321 327/327 323/323
f 322/322 326/326 324/324
f 322/322 324/324 320/320
f 317/317 321/321 323/323
f 317/317 323/323 319/319
f 318/318 322/322 320/320
f 318/318 320/320 316/316
f 313/313 317/317 319/319
f 313/313 319/319 315/315
f 314/314 318/318 316/316
f 314/314 316/316 312/312
f 386/386 313/313 315/315
f 386/386 315/315 389/389
f 388/388 314/314 312/312
f 388/388 312/312 387/387
f 1112/1112 312/312 316/316
f 1112/1112 316/316 1114/1114
f 2280/2280 218/218 313/313
f 2280/2280 313/313 386/386
f 218/218 2282/2282 317/317
f 218/218 317/317 313/313
f 1113/1113 387/387 312/312
f 1113/1113 312/312 1112/1112
f 1114/1114 316/316 320/320
f 1114/1114 320/320 1115/1115
f 2282/2282 2284/2284 321/321
f 2282/2282 321/321 317/317
f 1115/1115 320/320 324/324
f 1115/1115 324/324 1116/1116
f 2284/2284 2286/2286 325/325
f 2284/2284 325/325 321/321
f 1116/1116 324/324 328/328
f 1116/1116 328/328 1117/1117
f 2286/2286 215/215 330/330
f 2286/2286 330/330 325/325
f 1118/1118 329/329 334/334
f 1118/1118 334/334 1119/1119
f 215/215 2288/2288 335/335
f 215/215 335/335 330/330
f 2288/2288 2290/2290 339/339
f 2288/2288 339/339 335/335
f 1119/1119 334/334 338/338
f 1119/1119 338/338 1120/1120
f 2290/2290 213/213 343/343
f 2290/2290 343/343 339/339
f 1120/1120 338/338 342/342
f 1120/1120 342/342 1121/1121
f 213/213 2292/2292 347/347
f 213/213 347/347 343/343
f 1121/1121 342/342 346/346
f 1121/1121 346/346 1122/1122
f 2292/2292 2273/2273 351/351
f 2292/2292 351/351 347/347
f 1122/1122 346/346 350/350
f 1122/1122 350/350 1123/1123
f 2273/2273 228/228 355/355
f 2273/2273 355/355 351/351
f 1123/1123 350/350 354/354
f 1123/1123 354/354 1124/1124
f 228/228 2274/2274 359/359
f 228/228 359/359 355/355
f 1124/1124 354/354 358/358
f 1124/1124 358/358 1125/1125
f 2274/2274 2276/2276 363/363
f 2274/2274 363/363 359/359
f 1125/1125 358/358 362/362
f 1125/1125 362/362 1126/1126
f 1126/1126 362/362 366/366
f 1126/1126 366/366 1127/1127
f 2276/2276 227/227 367/367
f 2276/2276 367/367 363/363
f 1127/1127 366/366 370/370
f 1127/1127 370/370 1128/1128
f 227/227 225/225 371/371
f 227/227 371/371 367/367
f 1129/1129 374/374 378/378
f 1129/1129 378/378 1130/1130
f 223/223 221/221 379/379
f 223/223 379/379 375/375
f 1130/1130 378/378 382/382
f 1130/1130 382/382 1131/1131
f 221/221 2279/2279 383/383
f 221/221 383/383 379/379
f 1131/1131 382/382 387/387
f 1131/1131 387/387 1113/1113
f 2279/2279 2280/2280 386/386
f 2279/2279 386/386 383/383
f 390/390 395/395 757/757
f 390/390 757/757 759/759
f 104/104 108/108 705/705
f 104/104 705/705 703/703
f 309/309 230/230 720/720
f 309/309 720/720 756/756
f 100/100 104/104 703/703
f 100/100 703/703 701/701
f 305/305 309/309 756/756
f 305/305 756/756 754/754
f 96/96 100/100 701/701
f 96/96 701/701 699/699
f 301/301 305/305 754/754
f 301/301 754/754 752/752
f 92/92 96/96 699/699
f 92/92 699/699 697/697
f 297/297 301/301 752/752
f 297/297 752/752 750/750
f 88/88 92/92 697/697
f 88/88 697/697 695/695
f 293/293 297/297 750/750
f 293/293 750/750 748/748
f 84/84 88/88 695/695
f 84/84 695/695 693/693
f 289/289 293/293 748/748
f 289/289 748/748 746/746
f 80/80 84/84 693/693
f 80/80 693/693 691/691
f 285/285 289/289 746/746
f 285/285 746/746 744/744
f 469/469 390/390 759/759
f 469/469 759/759 795/795
f 76/76 80/80 691/691
f 76/76 691/691 689/689
f 281/281 285/285 744/744
f 281/281 744/744 742/742
f 465/465 469/469 795/795
f 465/465 795/795 793/793
f 71/71 76/76 689/689
f 71/71 689/689 687/687
f 391/391 394/394 397/397
f 391/391 397/397 393/393
f 392/392 396/396 594/594
f 392/392 594/594 595/595
f 394/394 398/398 401/401
f 394/394 401/401 397/397
f 396/396 400/400 596/596
f 396/396 596/596 594/594
f 398/398 402/402 405/405
f 398/398 405/405 401/401
f 400/400 404/404 597/597
f 400/400 597/597 596/596
f 402/402 406/406 409/409
f 402/402 409/409 405/405
f 404/404 408/408 598/598
f 404/404 598/598 597/597
f 406/406 410/410 414/414
f 406/406 414/414 409/409
f 408/408 413/413 599/599
f 408/408 599/599 598/598
f 411/411 416/416 419/419
f 411/411 419/419 415/415
f 413/413 418/418 600/600
f 413/413 600/600 599/599
f 416/416 420/420 423/423
f 416/416 423/423 419/419
f 418/418 422/422 601/601
f 418/418 601/601 600/600
f 420/420 424/424 427/427
f 420/420 427/427 423/423
f 422/422 426/426 602/602
f 422/422 602/602 601/601
f 424/424 428/428 431/431
f 424/424 431/431 427/427
f 426/426 430/430 603/603
f 426/426 603/603 602/602
f 428/428 432/432 435/435
f 428/428 435/435 431/431
f 430/430 434/434 604/604
f 430/430 604/604 603/603
f 432/432 436/436 439/439
f 432/432 439/439 435/435
f 434/434 438/438 605/605
f 434/434 605/605 604/604
f 436/436 440/440 443/443
f 436/436 443/443 439/439
f 438/438 442/442 606/606
f 438/438 606/606 605/605
f 440/440 444/444 447/447
f 440/440 447/447 443/443
f 442/442 446/446 607/607
f 442/442 607/607 606/606
f 444/444 448/448 451/451
f 444/444 451/451 447/447
f 446/446 450/450 608/608
f 446/446 608/608 607/607
f 448/448 452/452 455/455
f 448/448 455/455 451/451
f 450/450 454/454 609/609
f 450/450 609/609 608/608
f 452/452 456/456 459/459
f 452/452 459/459 455/455
f 454/454 458/458 610/610
f 454/454 610/610 609/609
f 456/456 460/460 463/463
f 456/456 463/463 459/459
f 458/458 462/462 611/611
f 458/458 611/611 610/610
f 460/460 464/464 467/467
f 460/460 467/467 463/463
f 462/462 466/466 612/612
f 462/462 612/612 611/611
f 464/464 468/468 471/471
f 464/464 471/471 467/467
f 466/466 470/470 613/613
f 466/466 613/613 612/612
f 468/468 391/391 393/393
f 468/468 393/393 471/471
f 470/470 392/392 595/595
f 470/470 595/595 613/613
f 547/547 550/550 552/552
f 547/547 552/552 548/548
f 549/549 553/553 551/551
f 549/549 551/551 546/546
f 543/543 547/547 548/548
f 543/543 548/548 544/544
f 545/545 549/549 546/546
f 545/545 546/546 542/542
f 539/539 543/543 544/544
f 539/539 544/544 540/540
f 541/541 545/545 542/542
f 541/541 542/542 538/538
f 535/535 539/539 540/540
f 535/535 540/540 536/536
f 537/537 541/541 538/538
f 537/537 538/538 534/534
f 531/531 535/535 536/536
f 531/531 536/536 532/532
f 533/533 537/537 534/534
f 533/533 534/534 530/530
f 527/527 531/531 532/532
f 527/527 532/532 528/528
f 529/529 533/533 530/530
f 529/529 530/530 526/526
f 523/523 527/527 528/528
f 523/523 528/528 524/524
f 525/525 529/529 526/526
f 525/525 526/526 522/522
f 519/519 523/523 524/524
f 519/519 524/524 520/520
f 521/521 525/525 522/522
f 521/521 522/522 518/518
f 515/515 519/519 520/520
f 515/515 520/520 516/516
f 517/517 521/521 518/518
f 517/517 518/518 514/514
f 511/511 515/515 516/516
f 511/511 516/516 512/512
f 513/513 517/517 514/514
f 513/513 514/514 510/510
f 507/507 511/511 512/512
f 507/507 512/512 508/508
f 509/509 513/513 510/510
f 509/509 510/510 506/506
f 503/503 507/507 508/508
f 503/503 508/508 504/504
f 505/505 509/509 506/506
f 505/505 506/506 502/502
f 499/499 503/503 504/504
f 499/499 504/504 500/500
f 501/501 505/505 502/502
f 501/501 502/502 498/498
f 495/495 499/499 500/500
f 495/495 500/500 496/496
f 497/497 501/501 498/498
f 497/497 498/498 494/494
f 490/490 495/495 496/496
f 490/490 496/496 491/491
f 492/492 497/497 494/494
f 492/492 494/494 488/488
f 485/485 490/490 491/491
f 485/485 491/491 486/486
f 487/487 493/493 489/489
f 487/487 489/489 484/484
f 481/481 485/485 486/486
f 481/481 486/486 482/482
f 483/483 487/487 484/484
f 483/483 484/484 480/480
f 477/477 481/481 482/482
f 477/477 482/482 478/478
f 479/479 483/483 480/480
f 479/479 480/480 476/476
f 473/473 477/477 478/478
f 473/473 478/478 474/474
f 475/475 479/479 476/476
f 475/475 476/476 472/472
f 550/550 473/473 474/474
f 550/550 474/474 552/552
f 553/553 475/475 472/472
f 553/553 472/472 551/551
f 1141/1141 472/472 476/476
f 1141/1141 476/476 1142/1142
f 550/550 2/2 4/4
f 550/550 4/4 473/473
f 1143/1143 551/551 472/472
f 1143/1143 472/472 1141/1141
f 1142/1142 476/476 480/480
f 1142/1142 480/480 1144/1144
f 473/473 4/4 6/6
f 473/473 6/6 477/477
f 1144/1144 480/480 484/484
f 1144/1144 484/484 1145/1145
f 477/477 6/6 2220/2220
f 477/477 2220/2220 481/481
f 1145/1145 484/484 489/489
f 1145/1145 489/489 1147/1147
f 481/481 2220/2220 8/8
f 481/481 8/8 485/485
f 1146/1146 488/488 494/494
f 1146/1146 494/494 1148/1148
f 485/485 8/8 9/9
f 485/485 9/9 490/490
f 490/490 9/9 12/12
f 490/490 12/12 495/495
f 1148/1148 494/494 498/498
f 1148/1148 498/498 1149/1149
f 495/495 12/12 2221/2221
f 495/495 2221/2221 499/499
f 1149/1149 498/498 502/502
f 1149/1149 502/502 1150/1150
f 499/499 2221/2221 2223/2223
f 499/499 2223/2223 503/503
f 1150/1150 502/502 506/506
f 1150/1150 506/506 1151/1151
f 503/503 2223/2223 14/14
f 503/503 14/14 507/507
f 1151/1151 506/506 510/510
f 1151/1151 510/510 1152/1152
f 507/507 14/14 2225/2225
f 507/507 2225/2225 511/511
f 1152/1152 510/510 514/514
f 1152/1152 514/514 1153/1153
f 511/511 2225/2225 2227/2227
f 511/511 2227/2227 515/515
f 1153/1153 514/514 518/518
f 1153/1153 518/518 1154/1154
f 515/515 2227/2227 16/16
f 515/515 16/16 519/519
f 1154/1154 518/518 522/522
f 1154/1154 522/522 1155/1155
f 1155/1155 522/522 526/526
f 1155/1155 526/526 1156/1156
f 519/519 16/16 2229/2229
f 519/519 2229/2229 523/523
f 1156/1156 526/526 530/530
f 1156/1156 530/530 1157/1157
f 523/523 2229/2229 2231/2231
f 523/523 2231/2231 527/527
f 1157/1157 530/530 534/534
f 1157/1157 534/534 1158/1158
f 527/527 2231/2231 18/18
f 527/527 18/18 531/531
f 1158/1158 534/534 538/538
f 1158/1158 538/538 1159/1159
f 531/531 18/18 2234/2234
f 531/531 2234/2234 535/535
f 1159/1159 538/538 542/542
f 1159/1159 542/542 1160/1160
f 535/535 2234/2234 21/21
f 535/535 21/21 539/539
f 1160/1160 542/542 546/546
f 1160/1160 546/546 1161/1161
f 539/539 21/21 23/23
f 539/539 23/23 543/543
f 1161/1161 546/546 551/551
f 1161/1161 551/551 1143/1143
f 543/543 23/23 2236/2236
f 543/543 2236/2236 547/547
f 547/547 2236/2236 2/2
f 547/547 2/2 550/550
f 54/54 49/49 555/555
f 54/54 555/555 554/554
f 58/58 54/54 554/554
f 58/58 554/554 556/556
f 62/62 58/58 556/556
f 62/62 556/556 557/557
f 66/66 62/62 557/557
f 66/66 557/557 558/558
f 71/71 66/66 558/558
f 71/71 558/558 559/559
f 76/76 71/71 559/559
f 76/76 559/559 560/560
f 80/80 76/76 560/560
f 80/80 560/560 561/561
f 84/84 80/80 561/561
f 84/84 561/561 562/562
f 88/88 84/84 562/562
f 88/88 562/562 563/563
f 92/92 88/88 563/563
f 92/92 563/563 564/564
f 96/96 92/92 564/564
f 96/96 564/564 565/565
f 100/100 96/96 565/565
f 100/100 565/565 566/566
f 104/104 100/100 566/566
f 104/104 566/566 567/567
f 108/108 104/104 567/567
f 108/108 567/567 568/568
f 112/112 108/108 568/568
f 112/112 568/568 569/569
f 116/116 112/112 569/569
f 116/116 569/569 570/570
f 120/120 116/116 570/570
f 120/120 570/570 571/571
f 124/124 120/120 571/571
f 124/124 571/571 572/572
f 128/128 124/124 572/572
f 128/128 572/572 573/573
f 49/49 128/128 573/573
f 49/49 573/573 555/555
f 235/235 230/230 575/575
f 235/235 575/575 574/574
f 239/239 235/235 574/574
f 239/239 574/574 576/576
f 243/243 239/239 576/576
f 243/243 576/576 577/577
f 247/247 243/243 577/577
f 247/247 577/577 578/578
f 252/252 247/247 578/578
f 252/252 578/578 579/579
f 257/257 252/252 579/579
f 257/257 579/579 580/580
f 261/261 257/257 580/580
f 261/261 580/580 581/581
f 265/265 261/261 581/581
f 265/265 581/581 582/582
f 269/269 265/265 582/582
f 269/269 582/582 583/583
f 273/273 269/269 583/583
f 273/273 583/583 584/584
f 277/277 273/273 584/584
f 277/277 584/584 585/585
f 281/281 277/277 585/585
f 281/281 585/585 586/586
f 285/285 281/281 586/586
f 285/285 586/586 587/587
f 289/289 285/285 587/587
f 289/289 587/587 588/588
f 293/293 289/289 588/588
f 293/293 588/588 589/589
f 297/297 293/293 589/589
f 297/297 589/589 590/590
f 301/301 297/297 590/590
f 301/301 590/590 591/591
f 305/305 301/301 591/591
f 305/305 591/591 592/592
f 309/309 305/305 592/592
f 309/309 592/592 593/593
f 230/230 309/309 593/593
f 230/230 593/593 575/575
f 395/395 390/390 595/595
f 395/395 595/595 594/594
f 399/399 395/395 594/594
f 399/399 594/594 596/596
f 403/403 399/399 596/596
f 403/403 596/596 597/597
f 407/407 403/403 597/597
f 407/407 597/597 598/598
f 412/412 407/407 598/598
f 412/412 598/598 599/599
f 417/417 412/412 599/599
f 417/417 599/599 600/600
f 421/421 417/417 600/600
f 421/421 600/600 601/601
f 425/425 421/421 601/601
f 425/425 601/601 602/602
f 429/429 425/425 602/602
f 429/429 602/602 603/603
f 433/433 429/429 603/603
f 433/433 603/603 604/604
f 437/437 433/433 604/604
f 437/437 604/604 605/605
f 441/441 437/437 605/605
f 441/441 605/605 606/606
f 445/445 441/441 606/606
f 445/445 606/606 607/607
f 449/449 445/445 607/607
f 449/449 607/607 608/608
f 453/453 449/449 608/608
f 453/453 608/608 609/609
f 457/457 453/453 609/609
f 457/457 609/609 610/610
f 461/461 457/457 610/610
f 461/461 610/610 611/611
f 465/465 461/461 611/611
f 465/465 611/611 612/612
f 469/469 465/465 612/612
f 469/469 612/612 613/613
f 390/390 469/469 613/613
f 390/390 613/613 595/595
f 615/615 616/616 614/614
f 615/615 614/614 618/618
f 615/615 618/618 619/619
f 615/615 619/619 620/620
f 615/615 620/620 621/621
f 615/615 621/621 622/622
f 615/615 622/622 623/623
f 615/615 623/623 624/624
f 615/615 624/624 625/625
f 615/615 625/625 626/626
f 615/615 626/626 627/627
f 615/615 627/627 628/628
f 615/615 628/628 629/629
f 615/615 629/629 630/630
f 615/615 630/630 631/631
f 615/615 631/631 632/632
f 615/615 632/632 633/633
f 615/615 633/633 634/634
f 615/615 634/634 617/617
f 615/615 617/617 616/616
f 636/636 637/637 635/635
f 636/636 635/635 639/639
f 636/636 639/639 640/640
f 636/636 640/640 641/641
f 636/636 641/641 642/642
f 636/636 642/642 643/643
f 636/636 643/643 644/644
f 636/636 644/644 645/645
f 636/636 645/645 646/646
f 636/636 646/646 647/647
f 636/636 647/647 648/648
f 636/636 648/648 649/649
f 636/636 649/649 650/650
f 636/636 650/650 651/651
f 636/636 651/651 652/652
f 636/636 652/652 653/653
f 636/636 653/653 654/654
f 636/636 654/654 655/655
f 636/636 655/655 638/638
f 636/636 638/638 637/637
f 657/657 658/658 656/656
f 657/657 656/656 660/660
f 657/657 660/660 661/661
f 657/657 661/661 662/662
f 657/657 662/662 663/663
f 657/657 663/663 664/664
f 657/657 664/664 665/665
f 657/657 665/665 666/666
f 657/657 666/666 667/667
f 657/657 667/667 668/668
f 657/657 668/668 669/669
f 657/657 669/669 670/670
f 657/657 670/670 671/671
f 657/657 671/671 672/672
f 657/657 672/672 673/673
f 657/657 673/673 674/674
f 657/657 674/674 675/675
f 657/657 675/675 676/676
f 657/657 676/676 659/659
f 657/657 659/659 658/658
f 614/614 616/616 680/680
f 614/614 680/680 678/678
f 618/618 614/614 678/678
f 618/618 678/678 682/682
f 619/619 618/618 682/682
f 619/619 682/682 684/684
f 620/620 619/619 684/684
f 620/620 684/684 686/686
f 621/621 620/620 686/686
f 621/621 686/686 688/688
f 622/622 621/621 688/688
f 622/622 688/688 690/690
f 623/623 622/622 690/690
f 623/623 690/690 692/692
f 624/624 623/623 692/692
f 624/624 692/692 694/694
f 625/625 624/624 694/694
f 625/625 694/694 696/696
f 626/626 625/625 696/696
f 626/626 696/696 698/698
f 627/627 626/626 698/698
f 627/627 698/698 700/700
f 628/628 627/627 700/700
f 628/628 700/700 702/702
f 629/629 628/628 702/702
f 629/629 702/702 704/704
f 630/630 629/629 704/704
f 630/630 704/704 706/706
f 631/631 630/630 706/706
f 631/631 706/706 708/708
f 632/632 631/631 708/708
f 632/632 708/708 710/710
f 633/633 632/632 710/710
f 633/633 710/710 712/712
f 634/634 633/633 712/712
f 634/634 712/712 714/714
f 617/617 634/634 714/714
f 617/617 714/714 716/716
f 616/616 617/617 716/716
f 616/616 716/716 680/680
f 635/635 637/637 719/719
f 635/635 719/719 717/717
f 639/639 635/635 717/717
f 639/639 717/717 721/721
f 640/640 639/639 721/721
f 640/640 721/721 723/723
f 641/641 640/640 723/723
f 641/641 723/723 725/725
f 642/642 641/641 725/725
f 642/642 725/725 727/727
f 643/643 642/642 727/727
f 643/643 727/727 729/729
f 644/644 643/643 729/729
f 644/644 729/729 731/731
f 645/645 644/644 731/731
f 645/645 731/731 733/733
f 646/646 645/645 733/733
f 646/646 733/733 735/735
f 647/647 646/646 735/735
f 647/647 735/735 737/737
f 648/648 647/647 737/737
f 648/648 737/737 739/739
f 649/649 648/648 739/739
f 649/649 739/739 741/741
f 650/650 649/649 741/741
f 650/650 741/741 743/743
f 651/651 650/650 743/743
f 651/651 743/743 745/745
f 652/652 651/651 745/745
f 652/652 745/745 747/747
f 653/653 652/652 747/747
f 653/653 747/747 749/749
f 654/654 653/653 749/749
f 654/654 749/749 751/751
f 655/655 654/654 751/751
f 655/655 751/751 753/753
f 638/638 655/655 753/753
f 638/638 753/753 755/755
f 637/637 638/638 755/755
f 637/637 755/755 719/719
f 656/656 658/658 760/760
f 656/656 760/760 758/758
f 660/660 656/656 758/758
f 660/660 758/758 762/762
f 661/661 660/660 762/762
f 661/661 762/762 764/764
f 662/662 661/661 764/764
f 662/662 764/764 766/766
f 663/663 662/662 766/766
f 663/663 766/766 768/768
f 664/664 663/663 768/768
f 664/664 768/768 770/770
f 665/665 664/664 770/770
f 665/665 770/770 772/772
f 666/666 665/665 772/772
f 666/666 772/772 774/774
f 667/667 666/666 774/774
f 667/667 774/774 776/776
f 668/668 667/667 776/776
f 668/668 776/776 778/778
f 669/669 668/668 778/778
f 669/669 778/778 780/780
f 670/670 669/669 780/780
f 670/670 780/780 782/782
f 671/671 670/670 782/782
f 671/671 782/782 784/784
f 672/672 671/671 784/784
f 672/672 784/784 786/786
f 673/673 672/672 786/786
f 673/673 786/786 788/788
f 674/674 673/673 788/788
f 674/674 788/788 790/790
f 675/675 674/674 790/790
f 675/675 790/790 792/792
f 676/676 675/675 792/792
f 676/676 792/792 794/794
f 659/659 676/676 794/794
f 659/659 794/794 796/796
f 658/658 659/659 796/796
f 658/658 796/796 760/760
f 836/836 841/841 1036/1036
f 836/836 1036/1036 1034/1034
f 832/832 836/836 1034/1034
f 832/832 1034/1034 1032/1032
f 828/828 832/832 1032/1032
f 828/828 1032/1032 1030/1030
f 824/824 828/828 1030/1030
f 824/824 1030/1030 1026/1026
f 819/819 824/824 1026/1026
f 819/819 1026/1026 1028/1028
f 820/820 823/823 825/825
f 820/820 825/825 821/821
f 822/822 826/826 985/985
f 822/822 985/985 986/986
f 823/823 827/827 829/829
f 823/823 829/829 825/825
f 826/826 830/830 987/987
f 826/826 987/987 985/985
f 827/827 831/831 833/833
f 827/827 833/833 829/829
f 830/830 834/834 988/988
f 830/830 988/988 987/987
f 831/831 835/835 837/837
f 831/831 837/837 833/833
f 834/834 838/838 989/989
f 834/834 989/989 988/988
f 835/835 839/839 842/842
f 835/835 842/842 837/837
f 838/838 844/844 990/990
f 838/838 990/990 989/989
f 840/840 845/845 847/847
f 840/840 847/847 843/843
f 844/844 848/848 991/991
f 844/844 991/991 990/990
f 845/845 849/849 851/851
f 845/845 851/851 847/847
f 848/848 852/852 992/992
f 848/848 992/992 991/991
f 849/849 853/853 855/855
f 849/849 855/855 851/851
f 852/852 856/856 993/993
f 852/852 993/993 992/992
f 853/853 857/857 859/859
f 853/853 859/859 855/855
f 856/856 860/860 994/994
f 856/856 994/994 993/993
f 857/857 861/861 863/863
f 857/857 863/863 859/859
f 860/860 864/864 995/995
f 860/860 995/995 994/994
f 861/861 865/865 867/867
f 861/861 867/867 863/863
f 864/864 868/868 996/996
f 864/864 996/996 995/995
f 865/865 869/869 871/871
f 865/865 871/871 867/867
f 868/868 872/872 997/997
f 868/868 997/997 996/996
f 869/869 873/873 875/875
f 869/869 875/875 871/871
f 872/872 876/876 998/998
f 872/872 998/998 997/997
f 873/873 877/877 879/879
f 873/873 879/879 875/875
f 876/876 880/880 999/999
f 876/876 999/999 998/998
f 877/877 881/881 883/883
f 877/877 883/883 879/879
f 880/880 884/884 1000/1000
f 880/880 1000/1000 999/999
f 881/881 885/885 887/887
f 881/881 887/887 883/883
f 884/884 888/888 1001/1001
f 884/884 1001/1001 1000/1000
f 885/885 889/889 891/891
f 885/885 891/891 887/887
f 888/888 892/892 1002/1002
f 888/888 1002/1002 1001/1001
f 889/889 893/893 895/895
f 889/889 895/895 891/891
f 892/892 896/896 1003/1003
f 892/892 1003/1003 1002/1002
f 893/893 897/897 899/899
f 893/893 899/899 895/895
f 896/896 900/900 1004/1004
f 896/896 1004/1004 1003/1003
f 897/897 820/820 821/821
f 897/897 821/821 899/899
f 900/900 822/822 986/986
f 900/900 986/986 1004/1004
f 978/978 981/981 984/984
f 978/978 984/984 980/980
f 979/979 983/983 982/982
f 979/979 982/982 977/977
f 974/974 978/978 980/980
f 974/974 980/980 976/976
f 975/975 979/979 977/977
f 975/975 977/977 973/973
f 970/970 974/974 976/976
f 970/970 976/976 972/972
f 971/971 975/975 973/973
f 971/971 973/973 969/969
f 966/966 970/970 972/972
f 966/966 972/972 968/968
f 967/967 971/971 969/969
f 967/967 969/969 965/965
f 962/962 966/966 968/968
f 962/962 968/968 964/964
f 963/963 967/967 965/965
f 963/963 965/965 961/961
f 956/956 1215/1215 1219/1219
f 956/956 1219/1219 959/959
f 958/958 1218/1218 1223/1223
f 958/958 1223/1223 954/954
f 944/944 1220/1220 1222/1222
f 944/944 1222/1222 946/946
f 945/945 1221/1221 1214/1214
f 945/945 1214/1214 943/943
f 940/940 944/944 946/946
f 940/940 946/946 942/942
f 941/941 945/945 943/943
f 941/941 943/943 939/939
f 936/936 940/940 942/942
f 936/936 942/942 938/938
f 937/937 941/941 939/939
f 937/937 939/939 935/935
f 932/932 936/936 938/938
f 932/932 938/938 934/934
f 933/933 937/937 935/935
f 933/933 935/935 931/931
f 928/928 932/932 934/934
f 928/928 934/934 930/930
f 929/929 933/933 931/931
f 929/929 931/931 927/927
f 924/924 928/928 930/930
f 924/924 930/930 926/926
f 925/925 929/929 927/927
f 925/925 927/927 923/923
f 919/919 924/924 926/926
f 919/919 926/926 922/922
f 921/921 925/925 923/923
f 921/921 923/923 917/917
f 914/914 919/919 922/922
f 914/914 922/922 916/916
f 915/915 920/920 918/918
f 915/915 918/918 913/913
f 910/910 914/914 916/916
f 910/910 916/916 912/912
f 911/911 915/915 913/913
f 911/911 913/913 909/909
f 906/906 910/910 912/912
f 906/906 912/912 908/908
f 907/907 911/911 909/909
f 907/907 909/909 905/905
f 902/902 906/906 908/908
f 902/902 908/908 904/904
f 903/903 907/907 905/905
f 903/903 905/905 901/901
f 981/981 902/902 904/904
f 981/981 904/904 984/984
f 983/983 903/903 901/901
f 983/983 901/901 982/982
f 1173/1173 901/901 905/905
f 1173/1173 905/905 1174/1174
f 807/807 803/803 902/902
f 807/807 902/902 981/981
f 803/803 801/801 906/906
f 803/803 906/906 902/902
f 1175/1175 982/982 901/901
f 1175/1175 901/901 1173/1173
f 1174/1174 905/905 909/909
f 1174/1174 909/909 1176/1176
f 801/801 2253/2253 910/910
f 801/801 910/910 906/906
f 1176/1176 909/909 913/913
f 1176/1176 913/913 1177/1177
f 2253/2253 799/799 914/914
f 2253/2253 914/914 910/910
f 1177/1177 913/913 918/918
f 1177/1177 918/918 1178/1178
f 799/799 798/798 919/919
f 799/799 919/919 914/914
f 1179/1179 917/917 923/923
f 1179/1179 923/923 1180/1180
f 798/798 2271/2271 924/924
f 798/798 924/924 919/919
f 2271/2271 817/817 928/928
f 2271/2271 928/928 924/924
f 1180/1180 923/923 927/927
f 1180/1180 927/927 1181/1181
f 817/817 2268/2268 932/932
f 817/817 932/932 928/928
f 1181/1181 927/927 931/931
f 1181/1181 931/931 1182/1182
f 2268/2268 815/815 936/936
f 2268/2268 936/936 932/932
f 1182/1182 931/931 935/935
f 1182/1182 935/935 1183/1183
f 815/815 2266/2266 940/940
f 815/815 940/940 936/936
f 1183/1183 935/935 939/939
f 1183/1183 939/939 1184/1184
f 2266/2266 2264/2264 944/944
f 2266/2266 944/944 940/940
f 1184/1184 939/939 943/943
f 1184/1184 943/943 1185/1185
f 2264/2264 812/812 949/949
f 2264/2264 949/949 1220/1220
f 1185/1185 943/943 1214/1214
f 1185/1185 1214/1214 1213/1213
f 1188/1188 954/954 1223/1223
f 1188/1188 1223/1223 1216/1216
f 2259/2259 962/962 1215/1215
f 1190/1190 961/961 965/965
f 1190/1190 965/965 1191/1191
f 2259/2259 810/810 966/966
f 2259/2259 966/966 962/962
f 1191/1191 965/965 969/969
f 1191/1191 969/969 1192/1192
f 810/810 808/808 970/970
f 810/810 970/970 966/966
f 1192/1192 969/969 973/973
f 1192/1192 973/973 1193/1193
f 808/808 2257/2257 974/974
f 808/808 974/974 970/970
f 1193/1193 973/973 977/977
f 1193/1193 977/977 1194/1194
f 2257/2257 2256/2256 978/978
f 2257/2257 978/978 974/974
f 1194/1194 977/977 982/982
f 1194/1194 982/982 1175/1175
f 2256/2256 807/807 981/981
f 2256/2256 981/981 978/978
f 898/898 819/819 1028/1028
f 898/898 1028/1028 1064/1064
f 894/894 898/898 1064/1064
f 894/894 1064/1064 1062/1062
f 890/890 894/894 1062/1062
f 890/890 1062/1062 1060/1060
f 886/886 890/890 1060/1060
f 886/886 1060/1060 1058/1058
f 882/882 886/886 1058/1058
f 882/882 1058/1058 1056/1056
f 878/878 882/882 1056/1056
f 878/878 1056/1056 1054/1054
f 874/874 878/878 1054/1054
f 874/874 1054/1054 1052/1052
f 870/870 874/874 1052/1052
f 870/870 1052/1052 1050/1050
f 866/866 870/870 1050/1050
f 866/866 1050/1050 1048/1048
f 862/862 866/866 1048/1048
f 862/862 1048/1048 1046/1046
f 858/858 862/862 1046/1046
f 858/858 1046/1046 1044/1044
f 854/854 858/858 1044/1044
f 854/854 1044/1044 1042/1042
f 850/850 854/854 1042/1042
f 850/850 1042/1042 1040/1040
f 846/846 850/850 1040/1040
f 846/846 1040/1040 1038/1038
f 841/841 846/846 1038/1038
f 841/841 1038/1038 1036/1036
f 824/824 819/819 986/986
f 824/824 986/986 985/985
f 828/828 824/824 985/985
f 828/828 985/985 987/987
f 832/832 828/828 987/987
f 832/832 987/987 988/988
f 836/836 832/832 988/988
f 836/836 988/988 989/989
f 841/841 836/836 989/989
f 841/841 989/989 990/990
f 846/846 841/841 990/990
f 846/846 990/990 991/991
f 850/850 846/846 991/991
f 850/850 991/991 992/992
f 854/854 850/850 992/992
f 854/854 992/992 993/993
f 858/858 854/854 993/993
f 858/858 993/993 994/994
f 862/862 858/858 994/994
f 862/862 994/994 995/995
f 866/866 862/862 995/995
f 866/866 995/995 996/996
f 870/870 866/866 996/996
f 870/870 996/996 997/997
f 874/874 870/870 997/997
f 874/874 997/997 998/998
f 878/878 874/874 998/998
f 878/878 998/998 999/999
f 882/882 878/878 999/999
f 882/882 999/999 1000/1000
f 886/886 882/882 1000/1000
f 886/886 1000/1000 1001/1001
f 890/890 886/886 1001/1001
f 890/890 1001/1001 1002/1002
f 894/894 890/890 1002/1002
f 894/894 1002/1002 1003/1003
f 898/898 894/894 1003/1003
f 898/898 1003/1003 1004/1004
f 819/819 898/898 1004/1004
f 819/819 1004/1004 986/986
f 1006/1006 1007/1007 1005/1005
f 1006/1006 1005/1005 1009/1009
f 1006/1006 1009/1009 1010/1010
f 1006/1006 1010/1010 1011/1011
f 1006/1006 1011/1011 1012/1012
f 1006/1006 1012/1012 1013/1013
f 1006/1006 1013/1013 1014/1014
f 1006/1006 1014/1014 1015/1015
f 1006/1006 1015/1015 1016/1016
f 1006/1006 1016/1016 1017/1017
f 1006/1006 1017/1017 1018/1018
f 1006/1006 1018/1018 1019/1019
f 1006/1006 1019/1019 1020/1020
f 1006/1006 1020/1020 1021/1021
f 1006/1006 1021/1021 1022/1022
f 1006/1006 1022/1022 1023/1023
f 1006/1006 1023/1023 1024/1024
f 1006/1006 1024/1024 1025/1025
f 1006/1006 1025/1025 1008/1008
f 1006/1006 1008/1008 1007/1007
f 1005/1005 1007/1007 1029/1029
f 1005/1005 1029/1029 1027/1027
f 1009/1009 1005/1005 1027/1027
f 1009/1009 1027/1027 1031/1031
f 1010/1010 1009/1009 1031/1031
f 1010/1010 1031/1031 1033/1033
f 1011/1011 1010/1010 1033/1033
f 1011/1011 1033/1033 1035/1035
f 1012/1012 1011/1011 1035/1035
f 1012/1012 1035/1035 1037/1037
f 1013/1013 1012/1012 1037/1037
f 1013/1013 1037/1037 1039/1039
f 1014/1014 1013/1013 1039/1039
f 1014/1014 1039/1039 1041/1041
f 1015/1015 1014/1014 1041/1041
f 1015/1015 1041/1041 1043/1043
f 1016/1016 1015/1015 1043/1043
f 1016/1016 1043/1043 1045/1045
f 1017/1017 1016/1016 1045/1045
f 1017/1017 1045/1045 1047/1047
f 1018/1018 1017/1017 1047/1047
f 1018/1018 1047/1047 1049/1049
f 1019/1019 1018/1018 1049/1049
f 1019/1019 1049/1049 1051/1051
f 1020/1020 1019/1019 1051/1051
f 1020/1020 1051/1051 1053/1053
f 1021/1021 1020/1020 1053/1053
f 1021/1021 1053/1053 1055/1055
f 1022/1022 1021/1021 1055/1055
f 1022/1022 1055/1055 1057/1057
f 1023/1023 1022/1022 1057/1057
f 1023/1023 1057/1057 1059/1059
f 1024/1024 1023/1023 1059/1059
f 1024/1024 1059/1059 1061/1061
f 1025/1025 1024/1024 1061/1061
f 1025/1025 1061/1061 1063/1063
f 1008/1008 1025/1025 1063/1063
f 1008/1008 1063/1063 1065/1065
f 1007/1007 1008/1008 1065/1065
f 1007/1007 1065/1065 1029/1029
f 308/308 1085/1085 1068/1068
f 308/308 1068/1068 231/231
f 304/304 1084/1084 1085/1085
f 304/304 1085/1085 308/308
f 300/300 1083/1083 1084/1084
f 300/300 1084/1084 304/304
f 288/288 1081/1081 1082/1082
f 288/288 1082/1082 292/292
f 284/284 1080/1080 1081/1081
f 284/284 1081/1081 288/288
f 280/280 1079/1079 1080/1080
f 280/280 1080/1080 284/284
f 276/276 1078/1078 1079/1079
f 276/276 1079/1079 280/280
f 272/272 1077/1077 1078/1078
f 272/272 1078/1078 276/276
f 268/268 1076/1076 1077/1077
f 268/268 1077/1077 272/272
f 264/264 1075/1075 1076/1076
f 264/264 1076/1076 268/268
f 260/260 1074/1074 1075/1075
f 260/260 1075/1075 264/264
f 256/256 1073/1073 1074/1074
f 256/256 1074/1074 260/260
f 251/251 1072/1072 1073/1073
f 251/251 1073/1073 256/256
f 246/246 1070/1070 1071/1071
f 246/246 1071/1071 250/250
f 242/242 1069/1069 1070/1070
f 242/242 1070/1070 246/246
f 238/238 1067/1067 1069/1069
f 238/238 1069/1069 242/242
f 231/231 1068/1068 1066/1066
f 231/231 1066/1066 234/234
f 234/234 1066/1066 1067/1067
f 234/234 1067/1067 238/238
f 223/223 375/375 1165/1165
f 225/225 1087/1087 1093/1093
f 225/225 1093/1093 1168/1168
f 372/372 1170/1170 1172/1172
f 372/372 1172/1172 370/370
f 1128/1128 370/370 1172/1172
f 1128/1128 1172/1172 1169/1169
f 1164/1164 1166/1166 1134/1134
f 1164/1164 1134/1134 1089/1089
f 1165/1165 1163/1163 1098/1098
f 1165/1165 1098/1098 1095/1095
f 371/371 1168/1168 1171/1171
f 371/371 1171/1171 373/373
f 1166/1166 1167/1167 1104/1104
f 1166/1166 1104/1104 1134/1134
f 292/292 1082/1082 1167/1167
f 292/292 1167/1167 296/296
f 2295/2295 1096/1096 1106/1106
f 2295/2295 1106/1106 2297/2297
f 1096/1096 1099/1099 1090/1090
f 1096/1096 1090/1090 1106/1106
f 1094/1094 1088/1088 1252/1252
f 1094/1094 1252/1252 1107/1107
f 1102/1102 1094/1094 1107/1107
f 1102/1102 1107/1107 1092/1092
f 1136/1136 2297/2297 1106/1106
f 1136/1136 1106/1106 1138/1138
f 1138/1138 1135/1135 1105/1105
f 1138/1138 1105/1105 1109/1109
f 1249/1249 1140/1140 1110/1110
f 1249/1249 1110/1110 2186/2186
f 1110/1110 1140/1140 1108/1108
f 1110/1110 1108/1108 1103/1103
f 1254/1254 1139/1139 1107/1107
f 1254/1254 1107/1107 1252/1252
f 1133/1133 1092/1092 1107/1107
f 1133/1133 1107/1107 1139/1139
f 1105/1105 1133/1133 1139/1139
f 1105/1105 1139/1139 1111/1111
f 2188/2188 1111/1111 1139/1139
f 2188/2188 1139/1139 1254/1254
f 1106/1106 1090/1090 1135/1135
f 1106/1106 1135/1135 1138/1138
f 2184/2184 1136/1136 1138/1138
f 2184/2184 1138/1138 1109/1109
f 1082/1082 1128/1128 1169/1169
f 1082/1082 1169/1169 1167/1167
f 1085/1085 1131/1131 1113/1113
f 1085/1085 1113/1113 1068/1068
f 1084/1084 1130/1130 1131/1131
f 1084/1084 1131/1131 1085/1085
f 1083/1083 1129/1129 1130/1130
f 1083/1083 1130/1130 1084/1084
f 1081/1081 1127/1127 1128/1128
f 1081/1081 1128/1128 1082/1082
f 1080/1080 1126/1126 1127/1127
f 1080/1080 1127/1127 1081/1081
f 1079/1079 1125/1125 1126/1126
f 1079/1079 1126/1126 1080/1080
f 1078/1078 1124/1124 1125/1125
f 1078/1078 1125/1125 1079/1079
f 1077/1077 1123/1123 1124/1124
f 1077/1077 1124/1124 1078/1078
f 1076/1076 1122/1122 1123/1123
f 1076/1076 1123/1123 1077/1077
f 1075/1075 1121/1121 1122/1122
f 1075/1075 1122/1122 1076/1076
f 1074/1074 1120/1120 1121/1121
f 1074/1074 1121/1121 1075/1075
f 1073/1073 1119/1119 1120/1120
f 1073/1073 1120/1120 1074/1074
f 1072/1072 1118/1118 1119/1119
f 1072/1072 1119/1119 1073/1073
f 1070/1070 1116/1116 1117/1117
f 1070/1070 1117/1117 1071/1071
f 1069/1069 1115/1115 1116/1116
f 1069/1069 1116/1116 1070/1070
f 1067/1067 1114/1114 1115/1115
f 1067/1067 1115/1115 1069/1069
f 1068/1068 1113/1113 1112/1112
f 1068/1068 1112/1112 1066/1066
f 1066/1066 1112/1112 1114/1114
f 1066/1066 1114/1114 1067/1067
f 2183/2183 1108/1108 1140/1140
f 2183/2183 1140/1140 1249/1249
f 468/468 1161/1161 1143/1143
f 468/468 1143/1143 391/391
f 464/464 1160/1160 1161/1161
f 464/464 1161/1161 468/468
f 460/460 1159/1159 1160/1160
f 460/460 1160/1160 464/464
f 456/456 1158/1158 1159/1159
f 456/456 1159/1159 460/460
f 452/452 1157/1157 1158/1158
f 452/452 1158/1158 456/456
f 448/448 1156/1156 1157/1157
f 448/448 1157/1157 452/452
f 444/444 1155/1155 1156/1156
f 444/444 1156/1156 448/448
f 440/440 1154/1154 1155/1155
f 440/440 1155/1155 444/444
f 436/436 1153/1153 1154/1154
f 436/436 1154/1154 440/440
f 432/432 1152/1152 1153/1153
f 432/432 1153/1153 436/436
f 428/428 1151/1151 1152/1152
f 428/428 1152/1152 432/432
f 424/424 1150/1150 1151/1151
f 424/424 1151/1151 428/428
f 420/420 1149/1149 1150/1150
f 420/420 1150/1150 424/424
f 416/416 1148/1148 1149/1149
f 416/416 1149/1149 420/420
f 411/411 1146/1146 1148/1148
f 411/411 1148/1148 416/416
f 406/406 1145/1145 1147/1147
f 406/406 1147/1147 410/410
f 402/402 1144/1144 1145/1145
f 402/402 1145/1145 406/406
f 398/398 1142/1142 1144/1144
f 398/398 1144/1144 402/402
f 391/391 1143/1143 1141/1141
f 391/391 1141/1141 394/394
f 394/394 1141/1141 1142/1142
f 394/394 1142/1142 398/398
f 1097/1097 1162/1162 1164/1164
f 1097/1097 1164/1164 1089/1089
f 1169/1169 1172/1172 1091/1091
f 1169/1169 1091/1091 1132/1132
f 1164/1164 1162/1162 376/376
f 1164/1164 376/376 374/374
f 1166/1166 1164/1164 374/374
f 1166/1166 374/374 1129/1129
f 1171/1171 1168/1168 1093/1093
f 1171/1171 1093/1093 1101/1101
f 1163/1163 1165/1165 375/375
f 1163/1163 375/375 377/377
f 1166/1166 1129/1129 1083/1083
f 1166/1166 1083/1083 1167/1167
f 1167/1167 1169/1169 1132/1132
f 1167/1167 1132/1132 1104/1104
f 1172/1172 1170/1170 1100/1100
f 1172/1172 1100/1100 1091/1091
f 371/371 225/225 1168/1168
f 2294/2294 223/223 1165/1165
f 2294/2294 1165/1165 1095/1095
f 296/296 1167/1167 1083/1083
f 296/296 1083/1083 300/300
f 1241/1241 1194/1194 1175/1175
f 1241/1241 1175/1175 1243/1243
f 1240/1240 1193/1193 1194/1194
f 1240/1240 1194/1194 1241/1241
f 1239/1239 1192/1192 1193/1193
f 1239/1239 1193/1193 1240/1240
f 1238/1238 1191/1191 1192/1192
f 1238/1238 1192/1192 1239/1239
f 1237/1237 1190/1190 1191/1191
f 1237/1237 1191/1191 1238/1238
f 1235/1235 1234/1234 1185/1185
f 1235/1235 1185/1185 1213/1213
f 1233/1233 1184/1184 1185/1185
f 1233/1233 1185/1185 1234/1234
f 1232/1232 1183/1183 1184/1184
f 1232/1232 1184/1184 1233/1233
f 1231/1231 1182/1182 1183/1183
f 1231/1231 1183/1183 1232/1232
f 1230/1230 1181/1181 1182/1182
f 1230/1230 1182/1182 1231/1231
f 1229/1229 1180/1180 1181/1181
f 1229/1229 1181/1181 1230/1230
f 1228/1228 1179/1179 1180/1180
f 1228/1228 1180/1180 1229/1229
f 1226/1226 1177/1177 1178/1178
f 1226/1226 1178/1178 1227/1227
f 1225/1225 1176/1176 1177/1177
f 1225/1225 1177/1177 1226/1226
f 1224/1224 1174/1174 1176/1176
f 1224/1224 1176/1176 1225/1225
f 1243/1243 1175/1175 1173/1173
f 1243/1243 1173/1173 1242/1242
f 1242/1242 1173/1173 1174/1174
f 1242/1242 1174/1174 1224/1224
f 1245/1245 2262/2262 957/957
f 1245/1245 957/957 1195/1195
f 960/960 1196/1196 1195/1195
f 960/960 1195/1195 957/957
f 955/955 1189/1189 1196/1196
f 955/955 1196/1196 960/960
f 950/950 813/813 2180/2180
f 950/950 2180/2180 1197/1197
f 953/953 950/950 1197/1197
f 953/953 1197/1197 1198/1198
f 948/948 953/953 1198/1198
f 948/948 1198/1198 1187/1187
f 1199/1199 1203/1203 1211/1211
f 1199/1199 1211/1211 1212/1212
f 1203/1203 1201/1201 1217/1217
f 1203/1203 1217/1217 1211/1211
f 1209/1209 1202/1202 1204/1204
f 1209/1209 1204/1204 1210/1210
f 1210/1210 1204/1204 1200/1200
f 1210/1210 1200/1200 1208/1208
f 1247/1247 1205/1205 1207/1207
f 1247/1247 1207/1207 2194/2194
f 2194/2194 1207/1207 1206/1206
f 2194/2194 1206/1206 2191/2191
f 1205/1205 1209/1209 1210/1210
f 1205/1205 1210/1210 1207/1207
f 1207/1207 1210/1210 1208/1208
f 1207/1207 1208/1208 1206/1206
f 1247/1247 1245/1245 1195/1195
f 1247/1247 1195/1195 1205/1205
f 1206/1206 1197/1197 2180/2180
f 1206/1206 2180/2180 2191/2191
f 1200/1200 1187/1187 1198/1198
f 1200/1200 1198/1198 1208/1208
f 1202/1202 1209/1209 1196/1196
f 1202/1202 1196/1196 1189/1189
f 1235/1235 1213/1213 1212/1212
f 1235/1235 1212/1212 1244/1244
f 1244/1244 1217/1217 1216/1216
f 1244/1244 1216/1216 1236/1236
f 1208/1208 1198/1198 1197/1197
f 1208/1208 1197/1197 1206/1206
f 1196/1196 1209/1209 1205/1205
f 1196/1196 1205/1205 1195/1195
f 1222/1222 1220/1220 949/949
f 1222/1222 949/949 952/952
f 1211/1211 1217/1217 1244/1244
f 1214/1214 1221/1221 951/951
f 1214/1214 951/951 947/947
f 1213/1213 1214/1214 947/947
f 1213/1213 947/947 1186/1186
f 1216/1216 1223/1223 961/961
f 1216/1216 961/961 1190/1190
f 1212/1212 1213/1213 1186/1186
f 1212/1212 1186/1186 1199/1199
f 1223/1223 1218/1218 963/963
f 1223/1223 963/963 961/961
f 1216/1216 1217/1217 1201/1201
f 1216/1216 1201/1201 1188/1188
f 1219/1219 1215/1215 962/962
f 1219/1219 962/962 964/964
f 1236/1236 1216/1216 1190/1190
f 1236/1236 1190/1190 1237/1237
f 2261/2261 2259/2259 1215/1215
f 2261/2261 1215/1215 956/956
f 944/944 2264/2264 1220/1220
f 877/877 1236/1236 1237/1237
f 877/877 1237/1237 881/881
f 873/873 1244/1244 1236/1236
f 873/873 1236/1236 877/877
f 869/869 1235/1235 1244/1244
f 869/869 1244/1244 873/873
f 823/823 1242/1242 1224/1224
f 823/823 1224/1224 827/827
f 820/820 1243/1243 1242/1242
f 820/820 1242/1242 823/823
f 827/827 1224/1224 1225/1225
f 827/827 1225/1225 831/831
f 831/831 1225/1225 1226/1226
f 831/831 1226/1226 835/835
f 835/835 1226/1226 1227/1227
f 835/835 1227/1227 839/839
f 840/840 1228/1228 1229/1229
f 840/840 1229/1229 845/845
f 845/845 1229/1229 1230/1230
f 845/845 1230/1230 849/849
f 849/849 1230/1230 1231/1231
f 849/849 1231/1231 853/853
f 853/853 1231/1231 1232/1232
f 853/853 1232/1232 857/857
f 857/857 1232/1232 1233/1233
f 857/857 1233/1233 861/861
f 861/861 1233/1233 1234/1234
f 861/861 1234/1234 865/865
f 869/869 865/865 1234/1234
f 869/869 1234/1234 1235/1235
f 881/881 1237/1237 1238/1238
f 881/881 1238/1238 885/885
f 885/885 1238/1238 1239/1239
f 885/885 1239/1239 889/889
f 889/889 1239/1239 1240/1240
f 889/889 1240/1240 893/893
f 893/893 1240/1240 1241/1241
f 893/893 1241/1241 897/897
f 897/897 1241/1241 1243/1243
f 897/897 1243/1243 820/820
f 1211/1211 1244/1244 1212/1212
f 24/24 1255/1255 1256/1256
f 24/24 1256/1256 2251/2251
f 2251/2251 1256/1256 1257/1257
f 2251/2251 1257/1257 2250/2250
f 2250/2250 1257/1257 1258/1258
f 2250/2250 1258/1258 2248/2248
f 2248/2248 1258/1258 1259/1259
f 2248/2248 1259/1259 26/26
f 26/26 1259/1259 1260/1260
f 26/26 1260/1260 28/28
f 29/29 1261/1261 1262/1262
f 29/29 1262/1262 32/32
f 32/32 1262/1262 1263/1263
f 32/32 1263/1263 34/34
f 34/34 1263/1263 1264/1264
f 34/34 1264/1264 36/36
f 36/36 1264/1264 1265/1265
f 36/36 1265/1265 37/37
f 37/37 1265/1265 1266/1266
f 37/37 1266/1266 2246/2246
f 2246/2246 1266/1266 1267/1267
f 2246/2246 1267/1267 40/40
f 40/40 1267/1267 1268/1268
f 40/40 1268/1268 42/42
f 42/42 1268/1268 1269/1269
f 42/42 1269/1269 2244/2244
f 2244/2244 1269/1269 1270/1270
f 2244/2244 1270/1270 2242/2242
f 2242/2242 1270/1270 1271/1271
f 2242/2242 1271/1271 2240/2240
f 2240/2240 1271/1271 1272/1272
f 2240/2240 1272/1272 2238/2238
f 2238/2238 1272/1272 1273/1273
f 2238/2238 1273/1273 44/44
f 44/44 1273/1273 1274/1274
f 44/44 1274/1274 46/46
f 1275/1275 1274/1274 1295/1295
f 1275/1275 1295/1295 1296/1296
f 46/46 1274/1274 1275/1275
f 46/46 1275/1275 47/47
f 47/47 1275/1275 1255/1255
f 47/47 1255/1255 24/24
f 1289/1289 1288/1288 1309/1309
f 1289/1289 1309/1309 1310/1310
f 1257/1257 1256/1256 1277/1277
f 1257/1257 1277/1277 1278/1278
f 1263/1263 1262/1262 1283/1283
f 1263/1263 1283/1283 1284/1284
f 1268/1268 1267/1267 1288/1288
f 1268/1268 1288/1288 1289/1289
f 1273/1273 1272/1272 1293/1293
f 1273/1273 1293/1293 1294/1294
f 1260/1260 1259/1259 1280/1280
f 1260/1260 1280/1280 1281/1281
f 1266/1266 1265/1265 1286/1286
f 1266/1266 1286/1286 1287/1287
f 1271/1271 1270/1270 1291/1291
f 1271/1271 1291/1291 1292/1292
f 1255/1255 1275/1275 1296/1296
f 1255/1255 1296/1296 1276/1276
f 1258/1258 1257/1257 1278/1278
f 1258/1258 1278/1278 1279/1279
f 1264/1264 1263/1263 1284/1284
f 1264/1264 1284/1284 1285/1285
f 1256/1256 1255/1255 1276/1276
f 1256/1256 1276/1276 1277/1277
f 1269/1269 1268/1268 1289/1289
f 1269/1269 1289/1289 1290/1290
f 1274/1274 1273/1273 1294/1294
f 1274/1274 1294/1294 1295/1295
f 1262/1262 1261/1261 1282/1282
f 1262/1262 1282/1282 1283/1283
f 1267/1267 1266/1266 1287/1287
f 1267/1267 1287/1287 1288/1288
f 1272/1272 1271/1271 1292/1292
f 1272/1272 1292/1292 1293/1293
f 1259/1259 1258/1258 1279/1279
f 1259/1259 1279/1279 1280/1280
f 1265/1265 1264/1264 1285/1285
f 1265/1265 1285/1285 1286/1286
f 1270/1270 1269/1269 1290/1290
f 1270/1270 1290/1290 1291/1291
f 1307/1307 1306/1306 1327/1327
f 1307/1307 1327/1327 1328/1328
f 1281/1281 1280/1280 1301/1301
f 1281/1281 1301/1301 1302/1302
f 1276/1276 1296/1296 1317/1317
f 1276/1276 1317/1317 1297/1297
f 1290/1290 1289/1289 1310/1310
f 1290/1290 1310/1310 1311/1311
f 1283/1283 1282/1282 1303/1303
f 1283/1283 1303/1303 1304/1304
f 1291/1291 1290/1290 1311/1311
f 1291/1291 1311/1311 1312/1312
f 1284/1284 1283/1283 1304/1304
f 1284/1284 1304/1304 1305/1305
f 1292/1292 1291/1291 1312/1312
f 1292/1292 1312/1312 1313/1313
f 1285/1285 1284/1284 1305/1305
f 1285/1285 1305/1305 1306/1306
f 1277/1277 1276/1276 1297/1297
f 1277/1277 1297/1297 1298/1298
f 1293/1293 1292/1292 1313/1313
f 1293/1293 1313/1313 1314/1314
f 1286/1286 1285/1285 1306/1306
f 1286/1286 1306/1306 1307/1307
f 1278/1278 1277/1277 1298/1298
f 1278/1278 1298/1298 1299/1299
f 1294/1294 1293/1293 1314/1314
f 1294/1294 1314/1314 1315/1315
f 1287/1287 1286/1286 1307/1307
f 1287/1287 1307/1307 1308/1308
f 1279/1279 1278/1278 1299/1299
f 1279/1279 1299/1299 1300/1300
f 1295/1295 1294/1294 1315/1315
f 1295/1295 1315/1315 1316/1316
f 1288/1288 1287/1287 1308/1308
f 1288/1288 1308/1308 1309/1309
f 1280/1280 1279/1279 1300/1300
f 1280/1280 1300/1300 1301/1301
f 1296/1296 1295/1295 1316/1316
f 1296/1296 1316/1316 1317/1317
f 1325/1325 1324/1324 1345/1345
f 1325/1325 1345/1345 1346/1346
f 1299/1299 1298/1298 1319/1319
f 1299/1299 1319/1319 1320/1320
f 1315/1315 1314/1314 1335/1335
f 1315/1315 1335/1335 1336/1336
f 1308/1308 1307/1307 1328/1328
f 1308/1308 1328/1328 1329/1329
f 1300/1300 1299/1299 1320/1320
f 1300/1300 1320/1320 1321/1321
f 1316/1316 1315/1315 1336/1336
f 1316/1316 1336/1336 1337/1337
f 1309/1309 1308/1308 1329/1329
f 1309/1309 1329/1329 1330/1330
f 1301/1301 1300/1300 1321/1321
f 1301/1301 1321/1321 1322/1322
f 1317/1317 1316/1316 1337/1337
f 1317/1317 1337/1337 1338/1338
f 1310/1310 1309/1309 1330/1330
f 1310/1310 1330/1330 1331/1331
f 1302/1302 1301/1301 1322/1322
f 1302/1302 1322/1322 1323/1323
f 1297/1297 1317/1317 1338/1338
f 1297/1297 1338/1338 1318/1318
f 1311/1311 1310/1310 1331/1331
f 1311/1311 1331/1331 1332/1332
f 1304/1304 1303/1303 1324/1324
f 1304/1304 1324/1324 1325/1325
f 1312/1312 1311/1311 1332/1332
f 1312/1312 1332/1332 1333/1333
f 1305/1305 1304/1304 1325/1325
f 1305/1305 1325/1325 1326/1326
f 1313/1313 1312/1312 1333/1333
f 1313/1313 1333/1333 1334/1334
f 1306/1306 1305/1305 1326/1326
f 1306/1306 1326/1326 1327/1327
f 1298/1298 1297/1297 1318/1318
f 1298/1298 1318/1318 1319/1319
f 1314/1314 1313/1313 1334/1334
f 1314/1314 1334/1334 1335/1335
f 1342/1342 1341/1341 1362/1362
f 1342/1342 1362/1362 1363/1363
f 1333/1333 1332/1332 1353/1353
f 1333/1333 1353/1353 1354/1354
f 1326/1326 1325/1325 1346/1346
f 1326/1326 1346/1346 1347/1347
f 1334/1334 1333/1333 1354/1354
f 1334/1334 1354/1354 1355/1355
f 1327/1327 1326/1326 1347/1347
f 1327/1327 1347/1347 1348/1348
f 1319/1319 1318/1318 1339/1339
f 1319/1319 1339/1339 1340/1340
f 1335/1335 1334/1334 1355/1355
f 1335/1335 1355/1355 1356/1356
f 1328/1328 1327/1327 1348/1348
f 1328/1328 1348/1348 1349/1349
f 1320/1320 1319/1319 1340/1340
f 1320/1320 1340/1340 1341/1341
f 1336/1336 1335/1335 1356/1356
f 1336/1336 1356/1356 1357/1357
f 1329/1329 1328/1328 1349/1349
f 1329/1329 1349/1349 1350/1350
f 1321/1321 1320/1320 1341/1341
f 1321/1321 1341/1341 1342/1342
f 1337/1337 1336/1336 1357/1357
f 1337/1337 1357/1357 1358/1358
f 1330/1330 1329/1329 1350/1350
f 1330/1330 1350/1350 1351/1351
f 1322/1322 1321/1321 1342/1342
f 1322/1322 1342/1342 1343/1343
f 1338/1338 1337/1337 1358/1358
f 1338/1338 1358/1358 1359/1359
f 1331/1331 1330/1330 1351/1351
f 1331/1331 1351/1351 1352/1352
f 1323/1323 1322/1322 1343/1343
f 1323/1323 1343/1343 1344/1344
f 1318/1318 1338/1338 1359/1359
f 1318/1318 1359/1359 1339/1339
f 1332/1332 1331/1331 1352/1352
f 1332/1332 1352/1352 1353/1353
f 1376/1376 1375/1375 1396/1396
f 1376/1376 1396/1396 1397/1397
f 1358/1358 1357/1357 1378/1378
f 1358/1358 1378/1378 1379/1379
f 1351/1351 1350/1350 1371/1371
f 1351/1351 1371/1371 1372/1372
f 1343/1343 1342/1342 1363/1363
f 1343/1343 1363/1363 1364/1364
f 1359/1359 1358/1358 1379/1379
f 1359/1359 1379/1379 1380/1380
f 1352/1352 1351/1351 1372/1372
f 1352/1352 1372/1372 1373/1373
f 1344/1344 1343/1343 1364/1364
f 1344/1344 1364/1364 1365/1365
f 1339/1339 1359/1359 1380/1380
f 1339/1339 1380/1380 1360/1360
f 1353/1353 1352/1352 1373/1373
f 1353/1353 1373/1373 1374/1374
f 1346/1346 1345/1345 1366/1366
f 1346/1346 1366/1366 1367/1367
f 1354/1354 1353/1353 1374/1374
f 1354/1354 1374/1374 1375/1375
f 1347/1347 1346/1346 1367/1367
f 1347/1347 1367/1367 1368/1368
f 1355/1355 1354/1354 1375/1375
f 1355/1355 1375/1375 1376/1376
f 1348/1348 1347/1347 1368/1368
f 1348/1348 1368/1368 1369/1369
f 1340/1340 1339/1339 1360/1360
f 1340/1340 1360/1360 1361/1361
f 1356/1356 1355/1355 1376/1376
f 1356/1356 1376/1376 1377/1377
f 1349/1349 1348/1348 1369/1369
f 1349/1349 1369/1369 1370/1370
f 1341/1341 1340/1340 1361/1361
f 1341/1341 1361/1361 1362/1362
f 1357/1357 1356/1356 1377/1377
f 1357/1357 1377/1377 1378/1378
f 1350/1350 1349/1349 1370/1370
f 1350/1350 1370/1370 1371/1371
f 1401/1401 1400/1400 1421/1421
f 1401/1401 1421/1421 1422/1422
f 1369/1369 1368/1368 1389/1389
f 1369/1369 1389/1389 1390/1390
f 1361/1361 1360/1360 1381/1381
f 1361/1361 1381/1381 1382/1382
f 1377/1377 1376/1376 1397/1397
f 1377/1377 1397/1397 1398/1398
f 1370/1370 1369/1369 1390/1390
f 1370/1370 1390/1390 1391/1391
f 1362/1362 1361/1361 1382/1382
f 1362/1362 1382/1382 1383/1383
f 1378/1378 1377/1377 1398/1398
f 1378/1378 1398/1398 1399/1399
f 1371/1371 1370/1370 1391/1391
f 1371/1371 1391/1391 1392/1392
f 1363/1363 1362/1362 1383/1383
f 1363/1363 1383/1383 1384/1384
f 1379/1379 1378/1378 1399/1399
f 1379/1379 1399/1399 1400/1400
f 1372/1372 1371/1371 1392/1392
f 1372/1372 1392/1392 1393/1393
f 1364/1364 1363/1363 1384/1384
f 1364/1364 1384/1384 1385/1385
f 1380/1380 1379/1379 1400/1400
f 1380/1380 1400/1400 1401/1401
f 1373/1373 1372/1372 1393/1393
f 1373/1373 1393/1393 1394/1394
f 1365/1365 1364/1364 1385/1385
f 1365/1365 1385/1385 1386/1386
f 1360/1360 1380/1380 1401/1401
f 1360/1360 1401/1401 1381/1381
f 1374/1374 1373/1373 1394/1394
f 1374/1374 1394/1394 1395/1395
f 1367/1367 1366/1366 1387/1387
f 1367/1367 1387/1387 1388/1388
f 1375/1375 1374/1374 1395/1395
f 1375/1375 1395/1395 1396/1396
f 1368/1368 1367/1367 1388/1388
f 1368/1368 1388/1388 1389/1389
f 1419/1419 1418/1418 1439/1439
f 1419/1419 1439/1439 1440/1440
f 1394/1394 1393/1393 1414/1414
f 1394/1394 1414/1414 1415/1415
f 1386/1386 1385/1385 1406/1406
f 1386/1386 1406/1406 1407/1407
f 1381/1381 1401/1401 1422/1422
f 1381/1381 1422/1422 1402/1402
f 1395/1395 1394/1394 1415/1415
f 1395/1395 1415/1415 1416/1416
f 1388/1388 1387/1387 1408/1408
f 1388/1388 1408/1408 1409/1409
f 1396/1396 1395/1395 1416/1416
f 1396/1396 1416/1416 1417/1417
f 1389/1389 1388/1388 1409/1409
f 1389/1389 1409/1409 1410/1410
f 1397/1397 1396/1396 1417/1417
f 1397/1397 1417/1417 1418/1418
f 1390/1390 1389/1389 1410/1410
f 1390/1390 1410/1410 1411/1411
f 1382/1382 1381/1381 1402/1402
f 1382/1382 1402/1402 1403/1403
f 1398/1398 1397/1397 1418/1418
f 1398/1398 1418/1418 1419/1419
f 1391/1391 1390/1390 1411/1411
f 1391/1391 1411/1411 1412/1412
f 1383/1383 1382/1382 1403/1403
f 1383/1383 1403/1403 1404/1404
f 1399/1399 1398/1398 1419/1419
f 1399/1399 1419/1419 1420/1420
f 1392/1392 1391/1391 1412/1412
f 1392/1392 1412/1412 1413/1413
f 1384/1384 1383/1383 1404/1404
f 1384/1384 1404/1404 1405/1405
f 1400/1400 1399/1399 1420/1420
f 1400/1400 1420/1420 1421/1421
f 1393/1393 1392/1392 1413/1413
f 1393/1393 1413/1413 1414/1414
f 1385/1385 1384/1384 1405/1405
f 1385/1385 1405/1405 1406/1406
f 1437/1437 1436/1436 1457/1457
f 1437/1437 1457/1457 1458/1458
f 1412/1412 1411/1411 1432/1432
f 1412/1412 1432/1432 1433/1433
f 1404/1404 1403/1403 1424/1424
f 1404/1404 1424/1424 1425/1425
f 1420/1420 1419/1419 1440/1440
f 1420/1420 1440/1440 1441/1441
f 1413/1413 1412/1412 1433/1433
f 1413/1413 1433/1433 1434/1434
f 1405/1405 1404/1404 1425/1425
f 1405/1405 1425/1425 1426/1426
f 1421/1421 1420/1420 1441/1441
f 1421/1421 1441/1441 1442/1442
f 1414/1414 1413/1413 1434/1434
f 1414/1414 1434/1434 1435/1435
f 1406/1406 1405/1405 1426/1426
f 1406/1406 1426/1426 1427/1427
f 1422/1422 1421/1421 1442/1442
f 1422/1422 1442/1442 1443/1443
f 1415/1415 1414/1414 1435/1435
f 1415/1415 1435/1435 1436/1436
f 1407/1407 1406/1406 1427/1427
f 1407/1407 1427/1427 1428/1428
f 1402/1402 1422/1422 1443/1443
f 1402/1402 1443/1443 1423/1423
f 1416/1416 1415/1415 1436/1436
f 1416/1416 1436/1436 1437/1437
f 1409/1409 1408/1408 1429/1429
f 1409/1409 1429/1429 1430/1430
f 1417/1417 1416/1416 1437/1437
f 1417/1417 1437/1437 1438/1438
f 1410/1410 1409/1409 1430/1430
f 1410/1410 1430/1430 1431/1431
f 1418/1418 1417/1417 1438/1438
f 1418/1418 1438/1438 1439/1439
f 1411/1411 1410/1410 1431/1431
f 1411/1411 1431/1431 1432/1432
f 1403/1403 1402/1402 1423/1423
f 1403/1403 1423/1423 1424/1424
f 1430/1430 1429/1429 1450/1450
f 1430/1430 1450/1450 1451/1451
f 1438/1438 1437/1437 1458/1458
f 1438/1438 1458/1458 1459/1459
f 1431/1431 1430/1430 1451/1451
f 1431/1431 1451/1451 1452/1452
f 1439/1439 1438/1438 1459/1459
f 1439/1439 1459/1459 1460/1460
f 1432/1432 1431/1431 1452/1452
f 1432/1432 1452/1452 1453/1453
f 1424/1424 1423/1423 1444/1444
f 1424/1424 1444/1444 1445/1445
f 1440/1440 1439/1439 1460/1460
f 1440/1440 1460/1460 1461/1461
f 1433/1433 1432/1432 1453/1453
f 1433/1433 1453/1453 1454/1454
f 1425/1425 1424/1424 1445/1445
f 1425/1425 1445/1445 1446/1446
f 1441/1441 1440/1440 1461/1461
f 1441/1441 1461/1461 1462/1462
f 1434/1434 1433/1433 1454/1454
f 1434/1434 1454/1454 1455/1455
f 1426/1426 1425/1425 1446/1446
f 1426/1426 1446/1446 1447/1447
f 1442/1442 1441/1441 1462/1462
f 1442/1442 1462/1462 1463/1463
f 1435/1435 1434/1434 1455/1455
f 1435/1435 1455/1455 1456/1456
f 1427/1427 1426/1426 1447/1447
f 1427/1427 1447/1447 1448/1448
f 1443/1443 1442/1442 1463/1463
f 1443/1443 1463/1463 1464/1464
f 1436/1436 1435/1435 1456/1456
f 1436/1436 1456/1456 1457/1457
f 1428/1428 1427/1427 1448/1448
f 1428/1428 1448/1448 1449/1449
f 1423/1423 1443/1443 1464/1464
f 1423/1423 1464/1464 1444/1444
f 2272/2272 2293/2293 2206/2206
f 2272/2272 2206/2206 2208/2208
f 2293/2293 214/214 2209/2209
f 2293/2293 2209/2209 2206/2206
f 214/214 2291/2291 2211/2211
f 214/214 2211/2211 2209/2209
f 2291/2291 2289/2289 2213/2213
f 2291/2291 2213/2213 2211/2211
f 2289/2289 217/217 2216/2216
f 2289/2289 2216/2216 2213/2213
f 216/216 2287/2287 2198/2198
f 216/216 2198/2198 2215/2215
f 2287/2287 2285/2285 2199/2199
f 2287/2287 2199/2199 2198/2198
f 2285/2285 2283/2283 2200/2200
f 2285/2285 2200/2200 2199/2199
f 2283/2283 219/219 2201/2201
f 2283/2283 2201/2201 2200/2200
f 219/219 2281/2281 2202/2202
f 219/219 2202/2202 2201/2201
f 4475/4475 4490/4490 1489/1489
f 4475/4475 1489/1489 1488/1488
f 4490/4490 4477/4477 1490/1490
f 4490/4490 1490/1490 1489/1489
f 220/220 222/222 2205/2205
f 220/220 2205/2205 2204/2204
f 224/224 226/226 2210/2210
f 224/224 2210/2210 2207/2207
f 226/226 2277/2277 2212/2212
f 226/226 2212/2212 2210/2210
f 2277/2277 2275/2275 2214/2214
f 2277/2277 2214/2214 2212/2212
f 1497/1497 1518/1518 1517/1517
f 1497/1497 1517/1517 1496/1496
f 2275/2275 229/229 2217/2217
f 2275/2275 2217/2217 2214/2214
f 229/229 2272/2272 2208/2208
f 229/229 2208/2208 2217/2217
f 1511/1511 1532/1532 1531/1531
f 1511/1511 1531/1531 1510/1510
f 1479/1479 1500/1500 1499/1499
f 1479/1479 1499/1499 1478/1478
f 1485/1485 1506/1506 1505/1505
f 1485/1485 1505/1505 1484/1484
f 1490/1490 1511/1511 1510/1510
f 1490/1490 1510/1510 1489/1489
f 1495/1495 1516/1516 1515/1515
f 1495/1495 1515/1515 1494/1494
f 1483/1483 1504/1504 1502/1502
f 1483/1483 1502/1502 1481/1481
f 1488/1488 1509/1509 1508/1508
f 1488/1488 1508/1508 1487/1487
f 1493/1493 1514/1514 1513/1513
f 1493/1493 1513/1513 1492/1492
f 1477/1477 1498/1498 1518/1518
f 1477/1477 1518/1518 1497/1497
f 1480/1480 1501/1501 1500/1500
f 1480/1480 1500/1500 1479/1479
f 1486/1486 1507/1507 1506/1506
f 1486/1486 1506/1506 1485/1485
f 1478/1478 1499/1499 1498/1498
f 1478/1478 1498/1498 1477/1477
f 1491/1491 1512/1512 1511/1511
f 1491/1491 1511/1511 1490/1490
f 1496/1496 1517/1517 1516/1516
f 1496/1496 1516/1516 1495/1495
f 1484/1484 1505/1505 1503/1503
f 1484/1484 1503/1503 1482/1482
f 1489/1489 1510/1510 1509/1509
f 1489/1489 1509/1509 1488/1488
f 1494/1494 1515/1515 1514/1514
f 1494/1494 1514/1514 1493/1493
f 1481/1481 1502/1502 1501/1501
f 1481/1481 1501/1501 1480/1480
f 1487/1487 1508/1508 1507/1507
f 1487/1487 1507/1507 1486/1486
f 1492/1492 1513/1513 1512/1512
f 1492/1492 1512/1512 1491/1491
f 1529/1529 1550/1550 1549/1549
f 1529/1529 1549/1549 1528/1528
f 1504/1504 1525/1525 1523/1523
f 1504/1504 1523/1523 1502/1502
f 1498/1498 1519/1519 1539/1539
f 1498/1498 1539/1539 1518/1518
f 1512/1512 1533/1533 1532/1532
f 1512/1512 1532/1532 1511/1511
f 1505/1505 1526/1526 1524/1524
f 1505/1505 1524/1524 1503/1503
f 1513/1513 1534/1534 1533/1533
f 1513/1513 1533/1533 1512/1512
f 1506/1506 1527/1527 1526/1526
f 1506/1506 1526/1526 1505/1505
f 1514/1514 1535/1535 1534/1534
f 1514/1514 1534/1534 1513/1513
f 1507/1507 1528/1528 1527/1527
f 1507/1507 1527/1527 1506/1506
f 1499/1499 1520/1520 1519/1519
f 1499/1499 1519/1519 1498/1498
f 1515/1515 1536/1536 1535/1535
f 1515/1515 1535/1535 1514/1514
f 1508/1508 1529/1529 1528/1528
f 1508/1508 1528/1528 1507/1507
f 1500/1500 1521/1521 1520/1520
f 1500/1500 1520/1520 1499/1499
f 1516/1516 1537/1537 1536/1536
f 1516/1516 1536/1536 1515/1515
f 1509/1509 1530/1530 1529/1529
f 1509/1509 1529/1529 1508/1508
f 1501/1501 1522/1522 1521/1521
f 1501/1501 1521/1521 1500/1500
f 1517/1517 1538/1538 1537/1537
f 1517/1517 1537/1537 1516/1516
f 1510/1510 1531/1531 1530/1530
f 1510/1510 1530/1530 1509/1509
f 1502/1502 1523/1523 1522/1522
f 1502/1502 1522/1522 1501/1501
f 1518/1518 1539/1539 1538/1538
f 1518/1518 1538/1538 1517/1517
f 1547/1547 1568/1568 1566/1566
f 1547/1547 1566/1566 1545/1545
f 1521/1521 1542/1542 1541/1541
f 1521/1521 1541/1541 1520/1520
f 1537/1537 1558/1558 1557/1557
f 1537/1537 1557/1557 1536/1536
f 1530/1530 1551/1551 1550/1550
f 1530/1530 1550/1550 1529/1529
f 1522/1522 1543/1543 1542/1542
f 1522/1522 1542/1542 1521/1521
f 1538/1538 1559/1559 1558/1558
f 1538/1538 1558/1558 1537/1537
f 1531/1531 1552/1552 1551/1551
f 1531/1531 1551/1551 1530/1530
f 1523/1523 1544/1544 1543/1543
f 1523/1523 1543/1543 1522/1522
f 1539/1539 1560/1560 1559/1559
f 1539/1539 1559/1559 1538/1538
f 1532/1532 1553/1553 1552/1552
f 1532/1532 1552/1552 1531/1531
f 1525/1525 1546/1546 1544/1544
f 1525/1525 1544/1544 1523/1523
f 1519/1519 1540/1540 1560/1560
f 1519/1519 1560/1560 1539/1539
f 1533/1533 1554/1554 1553/1553
f 1533/1533 1553/1553 1532/1532
f 1526/1526 1547/1547 1545/1545
f 1526/1526 1545/1545 1524/1524
f 1534/1534 1555/1555 1554/1554
f 1534/1534 1554/1554 1533/1533
f 1527/1527 1548/1548 1547/1547
f 1527/1527 1547/1547 1526/1526
f 1535/1535 1556/1556 1555/1555
f 1535/1535 1555/1555 1534/1534
f 1528/1528 1549/1549 1548/1548
f 1528/1528 1548/1548 1527/1527
f 1520/1520 1541/1541 1540/1540
f 1520/1520 1540/1540 1519/1519
f 1536/1536 1557/1557 1556/1556
f 1536/1536 1556/1556 1535/1535
f 1564/1564 1585/1585 1584/1584
f 1564/1564 1584/1584 1563/1563
f 1555/1555 1576/1576 1575/1575
f 1555/1555 1575/1575 1554/1554
f 1548/1548 1569/1569 1568/1568
f 1548/1548 1568/1568 1547/1547
f 1556/1556 1577/1577 1576/1576
f 1556/1556 1576/1576 1555/1555
f 1549/1549 1570/1570 1569/1569
f 1549/1549 1569/1569 1548/1548
f 1541/1541 1562/1562 1561/1561
f 1541/1541 1561/1561 1540/1540
f 1557/1557 1578/1578 1577/1577
f 1557/1557 1577/1577 1556/1556
f 1550/1550 1571/1571 1570/1570
f 1550/1550 1570/1570 1549/1549
f 1542/1542 1563/1563 1562/1562
f 1542/1542 1562/1562 1541/1541
f 1558/1558 1579/1579 1578/1578
f 1558/1558 1578/1578 1557/1557
f 1551/1551 1572/1572 1571/1571
f 1551/1551 1571/1571 1550/1550
f 1543/1543 1564/1564 1563/1563
f 1543/1543 1563/1563 1542/1542
f 1559/1559 1580/1580 1579/1579
f 1559/1559 1579/1579 1558/1558
f 1552/1552 1573/1573 1572/1572
f 1552/1552 1572/1572 1551/1551
f 1544/1544 1565/1565 1564/1564
f 1544/1544 1564/1564 1543/1543
f 1560/1560 1581/1581 1580/1580
f 1560/1560 1580/1580 1559/1559
f 1553/1553 1574/1574 1573/1573
f 1553/1553 1573/1573 1552/1552
f 1546/1546 1567/1567 1565/1565
f 1546/1546 1565/1565 1544/1544
f 1540/1540 1561/1561 1581/1581
f 1540/1540 1581/1581 1560/1560
f 1554/1554 1575/1575 1574/1574
f 1554/1554 1574/1574 1553/1553
f 1598/1598 1619/1619 1618/1618
f 1598/1598 1618/1618 1597/1597
f 1580/1580 1601/1601 1600/1600
f 1580/1580 1600/1600 1579/1579
f 1573/1573 1594/1594 1593/1593
f 1573/1573 1593/1593 1572/1572
f 1565/1565 1586/1586 1585/1585
f 1565/1565 1585/1585 1564/1564
f 1581/1581 1602/1602 1601/1601
f 1581/1581 1601/1601 1580/1580
f 1574/1574 1595/1595 1594/1594
f 1574/1574 1594/1594 1573/1573
f 1567/1567 1588/1588 1586/1586
f 1567/1567 1586/1586 1565/1565
f 1561/1561 1582/1582 1602/1602
f 1561/1561 1602/1602 1581/1581
f 1575/1575 1596/1596 1595/1595
f 1575/1575 1595/1595 1574/1574
f 1568/1568 1589/1589 1587/1587
f 1568/1568 1587/1587 1566/1566
f 1576/1576 1597/1597 1596/1596
f 1576/1576 1596/1596 1575/1575
f 1569/1569 1590/1590 1589/1589
f 1569/1569 1589/1589 1568/1568
f 1577/1577 1598/1598 1597/1597
f 1577/1577 1597/1597 1576/1576
f 1570/1570 1591/1591 1590/1590
f 1570/1570 1590/1590 1569/1569
f 1562/1562 1583/1583 1582/1582
f 1562/1562 1582/1582 1561/1561
f 1578/1578 1599/1599 1598/1598
f 1578/1578 1598/1598 1577/1577
f 1571/1571 1592/1592 1591/1591
f 1571/1571 1591/1591 1570/1570
f 1563/1563 1584/1584 1583/1583
f 1563/1563 1583/1583 1562/1562
f 1579/1579 1600/1600 1599/1599
f 1579/1579 1599/1599 1578/1578
f 1572/1572 1593/1593 1592/1592
f 1572/1572 1592/1592 1571/1571
f 1623/1623 1644/1644 1643/1643
f 1623/1623 1643/1643 1622/1622
f 1591/1591 1612/1612 1611/1611
f 1591/1591 1611/1611 1590/1590
f 1583/1583 1604/1604 1603/1603
f 1583/1583 1603/1603 1582/1582
f 1599/1599 1620/1620 1619/1619
f 1599/1599 1619/1619 1598/1598
f 1592/1592 1613/1613 1612/1612
f 1592/1592 1612/1612 1591/1591
f 1584/1584 1605/1605 1604/1604
f 1584/1584 1604/1604 1583/1583
f 1600/1600 1621/1621 1620/1620
f 1600/1600 1620/1620 1599/1599
f 1593/1593 1614/1614 1613/1613
f 1593/1593 1613/1613 1592/1592
f 1585/1585 1606/1606 1605/1605
f 1585/1585 1605/1605 1584/1584
f 1601/1601 1622/1622 1621/1621
f 1601/1601 1621/1621 1600/1600
f 1594/1594 1615/1615 1614/1614
f 1594/1594 1614/1614 1593/1593
f 1586/1586 1607/1607 1606/1606
f 1586/1586 1606/1606 1585/1585
f 1602/1602 1623/1623 1622/1622
f 1602/1602 1622/1622 1601/1601
f 1595/1595 1616/1616 1615/1615
f 1595/1595 1615/1615 1594/1594
f 1588/1588 1609/1609 1607/1607
f 1588/1588 1607/1607 1586/1586
f 1582/1582 1603/1603 1623/1623
f 1582/1582 1623/1623 1602/1602
f 1596/1596 1617/1617 1616/1616
f 1596/1596 1616/1616 1595/1595
f 1589/1589 1610/1610 1608/1608
f 1589/1589 1608/1608 1587/1587
f 1597/1597 1618/1618 1617/1617
f 1597/1597 1617/1617 1596/1596
f 1590/1590 1611/1611 1610/1610
f 1590/1590 1610/1610 1589/1589
f 1641/1641 1662/1662 1661/1661
f 1641/1641 1661/1661 1640/1640
f 1616/1616 1637/1637 1636/1636
f 1616/1616 1636/1636 1615/1615
f 1609/1609 1630/1630 1628/1628
f 1609/1609 1628/1628 1607/1607
f 1603/1603 1624/1624 1644/1644
f 1603/1603 1644/1644 1623/1623
f 1617/1617 1638/1638 1637/1637
f 1617/1617 1637/1637 1616/1616
f 1610/1610 1631/1631 1629/1629
f 1610/1610 1629/1629 1608/1608
f 1618/1618 1639/1639 1638/1638
f 1618/1618 1638/1638 1617/1617
f 1611/1611 1632/1632 1631/1631
f 1611/1611 1631/1631 1610/1610
f 1619/1619 1640/1640 1639/1639
f 1619/1619 1639/1639 1618/1618
f 1612/1612 1633/1633 1632/1632
f 1612/1612 1632/1632 1611/1611
f 1604/1604 1625/1625 1624/1624
f 1604/1604 1624/1624 1603/1603
f 1620/1620 1641/1641 1640/1640
f 1620/1620 1640/1640 1619/1619
f 1613/1613 1634/1634 1633/1633
f 1613/1613 1633/1633 1612/1612
f 1605/1605 1626/1626 1625/1625
f 1605/1605 1625/1625 1604/1604
f 1621/1621 1642/1642 1641/1641
f 1621/1621 1641/1641 1620/1620
f 1614/1614 1635/1635 1634/1634
f 1614/1614 1634/1634 1613/1613
f 1606/1606 1627/1627 1626/1626
f 1606/1606 1626/1626 1605/1605
f 1622/1622 1643/1643 1642/1642
f 1622/1622 1642/1642 1621/1621
f 1615/1615 1636/1636 1635/1635
f 1615/1615 1635/1635 1614/1614
f 1607/1607 1628/1628 1627/1627
f 1607/1607 1627/1627 1606/1606
f 1659/1659 1680/1680 1679/1679
f 1659/1659 1679/1679 1658/1658
f 1634/1634 1655/1655 1654/1654
f 1634/1634 1654/1654 1633/1633
f 1626/1626 1647/1647 1646/1646
f 1626/1626 1646/1646 1625/1625
f 1642/1642 1663/1663 1662/1662
f 1642/1642 1662/1662 1641/1641
f 1635/1635 1656/1656 1655/1655
f 1635/1635 1655/1655 1634/1634
f 1627/1627 1648/1648 1647/1647
f 1627/1627 1647/1647 1626/1626
f 1643/1643 1664/1664 1663/1663
f 1643/1643 1663/1663 1642/1642
f 1636/1636 1657/1657 1656/1656
f 1636/1636 1656/1656 1635/1635
f 1628/1628 1649/1649 1648/1648
f 1628/1628 1648/1648 1627/1627
f 1644/1644 1665/1665 1664/1664
f 1644/1644 1664/1664 1643/1643
f 1637/1637 1658/1658 1657/1657
f 1637/1637 1657/1657 1636/1636
f 1630/1630 1651/1651 1649/1649
f 1630/1630 1649/1649 1628/1628
f 1624/1624 1645/1645 1665/1665
f 1624/1624 1665/1665 1644/1644
f 1638/1638 1659/1659 1658/1658
f 1638/1638 1658/1658 1637/1637
f 1631/1631 1652/1652 1650/1650
f 1631/1631 1650/1650 1629/1629
f 1639/1639 1660/1660 1659/1659
f 1639/1639 1659/1659 1638/1638
f 1632/1632 1653/1653 1652/1652
f 1632/1632 1652/1652 1631/1631
f 1640/1640 1661/1661 1660/1660
f 1640/1640 1660/1660 1639/1639
f 1633/1633 1654/1654 1653/1653
f 1633/1633 1653/1653 1632/1632
f 1625/1625 1646/1646 1645/1645
f 1625/1625 1645/1645 1624/1624
f 1652/1652 1673/1673 1671/1671
f 1652/1652 1671/1671 1650/1650
f 1660/1660 1681/1681 1680/1680
f 1660/1660 1680/1680 1659/1659
f 1653/1653 1674/1674 1673/1673
f 1653/1653 1673/1673 1652/1652
f 1661/1661 1682/1682 1681/1681
f 1661/1661 1681/1681 1660/1660
f 1654/1654 1675/1675 1674/1674
f 1654/1654 1674/1674 1653/1653
f 1646/1646 1667/1667 1666/1666
f 1646/1646 1666/1666 1645/1645
f 1662/1662 1683/1683 1682/1682
f 1662/1662 1682/1682 1661/1661
f 1655/1655 1676/1676 1675/1675
f 1655/1655 1675/1675 1654/1654
f 1647/1647 1668/1668 1667/1667
f 1647/1647 1667/1667 1646/1646
f 1663/1663 1684/1684 1683/1683
f 1663/1663 1683/1683 1662/1662
f 1656/1656 1677/1677 1676/1676
f 1656/1656 1676/1676 1655/1655
f 1648/1648 1669/1669 1668/1668
f 1648/1648 1668/1668 1647/1647
f 1664/1664 1685/1685 1684/1684
f 1664/1664 1684/1684 1663/1663
f 1657/1657 1678/1678 1677/1677
f 1657/1657 1677/1677 1656/1656
f 1649/1649 1670/1670 1669/1669
f 1649/1649 1669/1669 1648/1648
f 1665/1665 1686/1686 1685/1685
f 1665/1665 1685/1685 1664/1664
f 1658/1658 1679/1679 1678/1678
f 1658/1658 1678/1678 1657/1657
f 1651/1651 1672/1672 1670/1670
f 1651/1651 1670/1670 1649/1649
f 1645/1645 1666/1666 1686/1686
f 1645/1645 1686/1686 1665/1665
f 1678/1678 1679/1679 1698/1698
f 1678/1678 1698/1698 1696/1696
f 1685/1685 1686/1686 1693/1693
f 1685/1685 1693/1693 1691/1691
f 1669/1669 1670/1670 1689/1689
f 1669/1669 1689/1689 1687/1687
f 1677/1677 1678/1678 1696/1696
f 1677/1677 1696/1696 1722/1722
f 1684/1684 1685/1685 1691/1691
f 1684/1684 1691/1691 1719/1719
f 1668/1668 1669/1669 1687/1687
f 1668/1668 1687/1687 1717/1717
f 1676/1676 1677/1677 1722/1722
f 1676/1676 1722/1722 1716/1716
f 1683/1683 1684/1684 1719/1719
f 1683/1683 1719/1719 1713/1713
f 1667/1667 1668/1668 1717/1717
f 1667/1667 1717/1717 1711/1711
f 1675/1675 1676/1676 1716/1716
f 1675/1675 1716/1716 1710/1710
f 1682/1682 1683/1683 1713/1713
f 1682/1682 1713/1713 1474/1474
f 1674/1674 1675/1675 1710/1710
f 1674/1674 1710/1710 1708/1708
f 1681/1681 1682/1682 1474/1474
f 1681/1681 1474/1474 1706/1706
f 1674/1674 1708/1708 1704/1704
f 1674/1674 1704/1704 1673/1673
f 1680/1680 1681/1681 1706/1706
f 1680/1680 1706/1706 1702/1702
f 1671/1671 1673/1673 1704/1704
f 1671/1671 1704/1704 1467/1467
f 1679/1679 1680/1680 1702/1702
f 1679/1679 1702/1702 1698/1698
f 1686/1686 1666/1666 1699/1699
f 1686/1686 1699/1699 1693/1693
f 1670/1670 1672/1672 1468/1468
f 1670/1670 1468/1468 1689/1689
f 1666/1666 1667/1667 1711/1711
f 1666/1666 1711/1711 1699/1699
f 1456/1456 1731/1731 1733/1733
f 1456/1456 1733/1733 1457/1457
f 1463/1463 1727/1727 1729/1729
f 1463/1463 1729/1729 1464/1464
f 1447/1447 1723/1723 1725/1725
f 1447/1447 1725/1725 1448/1448
f 1455/1455 1757/1757 1731/1731
f 1455/1455 1731/1731 1456/1456
f 1462/1462 1755/1755 1727/1727
f 1462/1462 1727/1727 1463/1463
f 1446/1446 1753/1753 1723/1723
f 1446/1446 1723/1723 1447/1447
f 1454/1454 1751/1751 1757/1757
f 1454/1454 1757/1757 1455/1455
f 1461/1461 1749/1749 1755/1755
f 1461/1461 1755/1755 1462/1462
f 1445/1445 1747/1747 1753/1753
f 1445/1445 1753/1753 1446/1446
f 1453/1453 1745/1745 1751/1751
f 1453/1453 1751/1751 1454/1454
f 1460/1460 1476/1476 1749/1749
f 1460/1460 1749/1749 1461/1461
f 1452/1452 1743/1743 1745/1745
f 1452/1452 1745/1745 1453/1453
f 1459/1459 1741/1741 1476/1476
f 1459/1459 1476/1476 1460/1460
f 1452/1452 1451/1451 1739/1739
f 1452/1452 1739/1739 1743/1743
f 1458/1458 1737/1737 1741/1741
f 1458/1458 1741/1741 1459/1459
f 1450/1450 1472/1472 1739/1739
f 1450/1450 1739/1739 1451/1451
f 1457/1457 1733/1733 1737/1737
f 1457/1457 1737/1737 1458/1458
f 1464/1464 1729/1729 1735/1735
f 1464/1464 1735/1735 1444/1444
f 1448/1448 1725/1725 1471/1471
f 1448/1448 1471/1471 1449/1449
f 1444/1444 1735/1735 1747/1747
f 1444/1444 1747/1747 1445/1445
f 1/1 1759/1759 1760/1760
f 1/1 1760/1760 3/3
f 3/3 1760/1760 1761/1761
f 3/3 1761/1761 5/5
f 5/5 1761/1761 1762/1762
f 5/5 1762/1762 2219/2219
f 2219/2219 1762/1762 1763/1763
f 2219/2219 1763/1763 7/7
f 7/7 1763/1763 1764/1764
f 7/7 1764/1764 10/10
f 11/11 1765/1765 1766/1766
f 11/11 1766/1766 13/13
f 13/13 1766/1766 1767/1767
f 13/13 1767/1767 2222/2222
f 2222/2222 1767/1767 1768/1768
f 2222/2222 1768/1768 2224/2224
f 2224/2224 1768/1768 1769/1769
f 2224/2224 1769/1769 15/15
f 15/15 1769/1769 1770/1770
f 15/15 1770/1770 2226/2226
f 2226/2226 1770/1770 1771/1771
f 2226/2226 1771/1771 2228/2228
f 2228/2228 1771/1771 1772/1772
f 2228/2228 1772/1772 17/17
f 17/17 1772/1772 1773/1773
f 17/17 1773/1773 2230/2230
f 2230/2230 1773/1773 1774/1774
f 2230/2230 1774/1774 2232/2232
f 2232/2232 1774/1774 1775/1775
f 2232/2232 1775/1775 19/19
f 19/19 1775/1775 1776/1776
f 19/19 1776/1776 2233/2233
f 2233/2233 1776/1776 1777/1777
f 2233/2233 1777/1777 20/20
f 20/20 1777/1777 1778/1778
f 20/20 1778/1778 22/22
f 1779/1779 1778/1778 1799/1799
f 1779/1779 1799/1799 1800/1800
f 22/22 1778/1778 1779/1779
f 22/22 1779/1779 2235/2235
f 2235/2235 1779/1779 1759/1759
f 2235/2235 1759/1759 1/1
f 1793/1793 1792/1792 1813/1813
f 1793/1793 1813/1813 1814/1814
f 1761/1761 1760/1760 1781/1781
f 1761/1761 1781/1781 1782/1782
f 1767/1767 1766/1766 1787/1787
f 1767/1767 1787/1787 1788/1788
f 1772/1772 1771/1771 1792/1792
f 1772/1772 1792/1792 1793/1793
f 1777/1777 1776/1776 1797/1797
f 1777/1777 1797/1797 1798/1798
f 1764/1764 1763/1763 1784/1784
f 1764/1764 1784/1784 1785/1785
f 1770/1770 1769/1769 1790/1790
f 1770/1770 1790/1790 1791/1791
f 1775/1775 1774/1774 1795/1795
f 1775/1775 1795/1795 1796/1796
f 1759/1759 1779/1779 1800/1800
f 1759/1759 1800/1800 1780/1780
f 1762/1762 1761/1761 1782/1782
f 1762/1762 1782/1782 1783/1783
f 1768/1768 1767/1767 1788/1788
f 1768/1768 1788/1788 1789/1789
f 1760/1760 1759/1759 1780/1780
f 1760/1760 1780/1780 1781/1781
f 1773/1773 1772/1772 1793/1793
f 1773/1773 1793/1793 1794/1794
f 1778/1778 1777/1777 1798/1798
f 1778/1778 1798/1798 1799/1799
f 1766/1766 1765/1765 1786/1786
f 1766/1766 1786/1786 1787/1787
f 1771/1771 1770/1770 1791/1791
f 1771/1771 1791/1791 1792/1792
f 1776/1776 1775/1775 1796/1796
f 1776/1776 1796/1796 1797/1797
f 1763/1763 1762/1762 1783/1783
f 1763/1763 1783/1783 1784/1784
f 1769/1769 1768/1768 1789/1789
f 1769/1769 1789/1789 1790/1790
f 1774/1774 1773/1773 1794/1794
f 1774/1774 1794/1794 1795/1795
f 1811/1811 1810/1810 1831/1831
f 1811/1811 1831/1831 1832/1832
f 1785/1785 1784/1784 1805/1805
f 1785/1785 1805/1805 1806/1806
f 1780/1780 1800/1800 1821/1821
f 1780/1780 1821/1821 1801/1801
f 1794/1794 1793/1793 1814/1814
f 1794/1794 1814/1814 1815/1815
f 1787/1787 1786/1786 1807/1807
f 1787/1787 1807/1807 1808/1808
f 1795/1795 1794/1794 1815/1815
f 1795/1795 1815/1815 1816/1816
f 1788/1788 1787/1787 1808/1808
f 1788/1788 1808/1808 1809/1809
f 1796/1796 1795/1795 1816/1816
f 1796/1796 1816/1816 1817/1817
f 1789/1789 1788/1788 1809/1809
f 1789/1789 1809/1809 1810/1810
f 1781/1781 1780/1780 1801/1801
f 1781/1781 1801/1801 1802/1802
f 1797/1797 1796/1796 1817/1817
f 1797/1797 1817/1817 1818/1818
f 1790/1790 1789/1789 1810/1810
f 1790/1790 1810/1810 1811/1811
f 1782/1782 1781/1781 1802/1802
f 1782/1782 1802/1802 1803/1803
f 1798/1798 1797/1797 1818/1818
f 1798/1798 1818/1818 1819/1819
f 1791/1791 1790/1790 1811/1811
f 1791/1791 1811/1811 1812/1812
f 1783/1783 1782/1782 1803/1803
f 1783/1783 1803/1803 1804/1804
f 1799/1799 1798/1798 1819/1819
f 1799/1799 1819/1819 1820/1820
f 1792/1792 1791/1791 1812/1812
f 1792/1792 1812/1812 1813/1813
f 1784/1784 1783/1783 1804/1804
f 1784/1784 1804/1804 1805/1805
f 1800/1800 1799/1799 1820/1820
f 1800/1800 1820/1820 1821/1821
f 1829/1829 1828/1828 1849/1849
f 1829/1829 1849/1849 1850/1850
f 1803/1803 1802/1802 1823/1823
f 1803/1803 1823/1823 1824/1824
f 1819/1819 1818/1818 1839/1839
f 1819/1819 1839/1839 1840/1840
f 1812/1812 1811/1811 1832/1832
f 1812/1812 1832/1832 1833/1833
f 1804/1804 1803/1803 1824/1824
f 1804/1804 1824/1824 1825/1825
f 1820/1820 1819/1819 1840/1840
f 1820/1820 1840/1840 1841/1841
f 1813/1813 1812/1812 1833/1833
f 1813/1813 1833/1833 1834/1834
f 1805/1805 1804/1804 1825/1825
f 1805/1805 1825/1825 1826/1826
f 1821/1821 1820/1820 1841/1841
f 1821/1821 1841/1841 1842/1842
f 1814/1814 1813/1813 1834/1834
f 1814/1814 1834/1834 1835/1835
f 1806/1806 1805/1805 1826/1826
f 1806/1806 1826/1826 1827/1827
f 1801/1801 1821/1821 1842/1842
f 1801/1801 1842/1842 1822/1822
f 1815/1815 1814/1814 1835/1835
f 1815/1815 1835/1835 1836/1836
f 1808/1808 1807/1807 1828/1828
f 1808/1808 1828/1828 1829/1829
f 1816/1816 1815/1815 1836/1836
f 1816/1816 1836/1836 1837/1837
f 1809/1809 1808/1808 1829/1829
f 1809/1809 1829/1829 1830/1830
f 1817/1817 1816/1816 1837/1837
f 1817/1817 1837/1837 1838/1838
f 1810/1810 1809/1809 1830/1830
f 1810/1810 1830/1830 1831/1831
f 1802/1802 1801/1801 1822/1822
f 1802/1802 1822/1822 1823/1823
f 1818/1818 1817/1817 1838/1838
f 1818/1818 1838/1838 1839/1839
f 1846/1846 1845/1845 1866/1866
f 1846/1846 1866/1866 1867/1867
f 1837/1837 1836/1836 1857/1857
f 1837/1837 1857/1857 1858/1858
f 1830/1830 1829/1829 1850/1850
f 1830/1830 1850/1850 1851/1851
f 1838/1838 1837/1837 1858/1858
f 1838/1838 1858/1858 1859/1859
f 1831/1831 1830/1830 1851/1851
f 1831/1831 1851/1851 1852/1852
f 1823/1823 1822/1822 1843/1843
f 1823/1823 1843/1843 1844/1844
f 1839/1839 1838/1838 1859/1859
f 1839/1839 1859/1859 1860/1860
f 1832/1832 1831/1831 1852/1852
f 1832/1832 1852/1852 1853/1853
f 1824/1824 1823/1823 1844/1844
f 1824/1824 1844/1844 1845/1845
f 1840/1840 1839/1839 1860/1860
f 1840/1840 1860/1860 1861/1861
f 1833/1833 1832/1832 1853/1853
f 1833/1833 1853/1853 1854/1854
f 1825/1825 1824/1824 1845/1845
f 1825/1825 1845/1845 1846/1846
f 1841/1841 1840/1840 1861/1861
f 1841/1841 1861/1861 1862/1862
f 1834/1834 1833/1833 1854/1854
f 1834/1834 1854/1854 1855/1855
f 1826/1826 1825/1825 1846/1846
f 1826/1826 1846/1846 1847/1847
f 1842/1842 1841/1841 1862/1862
f 1842/1842 1862/1862 1863/1863
f 1835/1835 1834/1834 1855/1855
f 1835/1835 1855/1855 1856/1856
f 1827/1827 1826/1826 1847/1847
f 1827/1827 1847/1847 1848/1848
f 1822/1822 1842/1842 1863/1863
f 1822/1822 1863/1863 1843/1843
f 1836/1836 1835/1835 1856/1856
f 1836/1836 1856/1856 1857/1857
f 1880/1880 1879/1879 1900/1900
f 1880/1880 1900/1900 1901/1901
f 1862/1862 1861/1861 1882/1882
f 1862/1862 1882/1882 1883/1883
f 1855/1855 1854/1854 1875/1875
f 1855/1855 1875/1875 1876/1876
f 1847/1847 1846/1846 1867/1867
f 1847/1847 1867/1867 1868/1868
f 1863/1863 1862/1862 1883/1883
f 1863/1863 1883/1883 1884/1884
f 1856/1856 1855/1855 1876/1876
f 1856/1856 1876/1876 1877/1877
f 1848/1848 1847/1847 1868/1868
f 1848/1848 1868/1868 1869/1869
f 1843/1843 1863/1863 1884/1884
f 1843/1843 1884/1884 1864/1864
f 1857/1857 1856/1856 1877/1877
f 1857/1857 1877/1877 1878/1878
f 1850/1850 1849/1849 1870/1870
f 1850/1850 1870/1870 1871/1871
f 1858/1858 1857/1857 1878/1878
f 1858/1858 1878/1878 1879/1879
f 1851/1851 1850/1850 1871/1871
f 1851/1851 1871/1871 1872/1872
f 1859/1859 1858/1858 1879/1879
f 1859/1859 1879/1879 1880/1880
f 1852/1852 1851/1851 1872/1872
f 1852/1852 1872/1872 1873/1873
f 1844/1844 1843/1843 1864/1864
f 1844/1844 1864/1864 1865/1865
f 1860/1860 1859/1859 1880/1880
f 1860/1860 1880/1880 1881/1881
f 1853/1853 1852/1852 1873/1873
f 1853/1853 1873/1873 1874/1874
f 1845/1845 1844/1844 1865/1865
f 1845/1845 1865/1865 1866/1866
f 1861/1861 1860/1860 1881/1881
f 1861/1861 1881/1881 1882/1882
f 1854/1854 1853/1853 1874/1874
f 1854/1854 1874/1874 1875/1875
f 1905/1905 1904/1904 1925/1925
f 1905/1905 1925/1925 1926/1926
f 1873/1873 1872/1872 1893/1893
f 1873/1873 1893/1893 1894/1894
f 1865/1865 1864/1864 1885/1885
f 1865/1865 1885/1885 1886/1886
f 1881/1881 1880/1880 1901/1901
f 1881/1881 1901/1901 1902/1902
f 1874/1874 1873/1873 1894/1894
f 1874/1874 1894/1894 1895/1895
f 1866/1866 1865/1865 1886/1886
f 1866/1866 1886/1886 1887/1887
f 1882/1882 1881/1881 1902/1902
f 1882/1882 1902/1902 1903/1903
f 1875/1875 1874/1874 1895/1895
f 1875/1875 1895/1895 1896/1896
f 1867/1867 1866/1866 1887/1887
f 1867/1867 1887/1887 1888/1888
f 1883/1883 1882/1882 1903/1903
f 1883/1883 1903/1903 1904/1904
f 1876/1876 1875/1875 1896/1896
f 1876/1876 1896/1896 1897/1897
f 1868/1868 1867/1867 1888/1888
f 1868/1868 1888/1888 1889/1889
f 1884/1884 1883/1883 1904/1904
f 1884/1884 1904/1904 1905/1905
f 1877/1877 1876/1876 1897/1897
f 1877/1877 1897/1897 1898/1898
f 1869/1869 1868/1868 1889/1889
f 1869/1869 1889/1889 1890/1890
f 1864/1864 1884/1884 1905/1905
f 1864/1864 1905/1905 1885/1885
f 1878/1878 1877/1877 1898/1898
f 1878/1878 1898/1898 1899/1899
f 1871/1871 1870/1870 1891/1891
f 1871/1871 1891/1891 1892/1892
f 1879/1879 1878/1878 1899/1899
f 1879/1879 1899/1899 1900/1900
f 1872/1872 1871/1871 1892/1892
f 1872/1872 1892/1892 1893/1893
f 1923/1923 1922/1922 1943/1943
f 1923/1923 1943/1943 1944/1944
f 1898/1898 1897/1897 1918/1918
f 1898/1898 1918/1918 1919/1919
f 1890/1890 1889/1889 1910/1910
f 1890/1890 1910/1910 1911/1911
f 1885/1885 1905/1905 1926/1926
f 1885/1885 1926/1926 1906/1906
f 1899/1899 1898/1898 1919/1919
f 1899/1899 1919/1919 1920/1920
f 1892/1892 1891/1891 1912/1912
f 1892/1892 1912/1912 1913/1913
f 1900/1900 1899/1899 1920/1920
f 1900/1900 1920/1920 1921/1921
f 1893/1893 1892/1892 1913/1913
f 1893/1893 1913/1913 1914/1914
f 1901/1901 1900/1900 1921/1921
f 1901/1901 1921/1921 1922/1922
f 1894/1894 1893/1893 1914/1914
f 1894/1894 1914/1914 1915/1915
f 1886/1886 1885/1885 1906/1906
f 1886/1886 1906/1906 1907/1907
f 1902/1902 1901/1901 1922/1922
f 1902/1902 1922/1922 1923/1923
f 1895/1895 1894/1894 1915/1915
f 1895/1895 1915/1915 1916/1916
f 1887/1887 1886/1886 1907/1907
f 1887/1887 1907/1907 1908/1908
f 1903/1903 1902/1902 1923/1923
f 1903/1903 1923/1923 1924/1924
f 1896/1896 1895/1895 1916/1916
f 1896/1896 1916/1916 1917/1917
f 1888/1888 1887/1887 1908/1908
f 1888/1888 1908/1908 1909/1909
f 1904/1904 1903/1903 1924/1924
f 1904/1904 1924/1924 1925/1925
f 1897/1897 1896/1896 1917/1917
f 1897/1897 1917/1917 1918/1918
f 1889/1889 1888/1888 1909/1909
f 1889/1889 1909/1909 1910/1910
f 1941/1941 1940/1940 1961/1961
f 1941/1941 1961/1961 1962/1962
f 1916/1916 1915/1915 1936/1936
f 1916/1916 1936/1936 1937/1937
f 1908/1908 1907/1907 1928/1928
f 1908/1908 1928/1928 1929/1929
f 1924/1924 1923/1923 1944/1944
f 1924/1924 1944/1944 1945/1945
f 1917/1917 1916/1916 1937/1937
f 1917/1917 1937/1937 1938/1938
f 1909/1909 1908/1908 1929/1929
f 1909/1909 1929/1929 1930/1930
f 1925/1925 1924/1924 1945/1945
f 1925/1925 1945/1945 1946/1946
f 1918/1918 1917/1917 1938/1938
f 1918/1918 1938/1938 1939/1939
f 1910/1910 1909/1909 1930/1930
f 1910/1910 1930/1930 1931/1931
f 1926/1926 1925/1925 1946/1946
f 1926/1926 1946/1946 1947/1947
f 1919/1919 1918/1918 1939/1939
f 1919/1919 1939/1939 1940/1940
f 1911/1911 1910/1910 1931/1931
f 1911/1911 1931/1931 1932/1932
f 1906/1906 1926/1926 1947/1947
f 1906/1906 1947/1947 1927/1927
f 1920/1920 1919/1919 1940/1940
f 1920/1920 1940/1940 1941/1941
f 1913/1913 1912/1912 1933/1933
f 1913/1913 1933/1933 1934/1934
f 1921/1921 1920/1920 1941/1941
f 1921/1921 1941/1941 1942/1942
f 1914/1914 1913/1913 1934/1934
f 1914/1914 1934/1934 1935/1935
f 1922/1922 1921/1921 1942/1942
f 1922/1922 1942/1942 1943/1943
f 1915/1915 1914/1914 1935/1935
f 1915/1915 1935/1935 1936/1936
f 1907/1907 1906/1906 1927/1927
f 1907/1907 1927/1927 1928/1928
f 1934/1934 1933/1933 1954/1954
f 1934/1934 1954/1954 1955/1955
f 1942/1942 1941/1941 1962/1962
f 1942/1942 1962/1962 1963/1963
f 1935/1935 1934/1934 1955/1955
f 1935/1935 1955/1955 1956/1956
f 1943/1943 1942/1942 1963/1963
f 1943/1943 1963/1963 1964/1964
f 1936/1936 1935/1935 1956/1956
f 1936/1936 1956/1956 1957/1957
f 1928/1928 1927/1927 1948/1948
f 1928/1928 1948/1948 1949/1949
f 1944/1944 1943/1943 1964/1964
f 1944/1944 1964/1964 1965/1965
f 1937/1937 1936/1936 1957/1957
f 1937/1937 1957/1957 1958/1958
f 1929/1929 1928/1928 1949/1949
f 1929/1929 1949/1949 1950/1950
f 1945/1945 1944/1944 1965/1965
f 1945/1945 1965/1965 1966/1966
f 1938/1938 1937/1937 1958/1958
f 1938/1938 1958/1958 1959/1959
f 1930/1930 1929/1929 1950/1950
f 1930/1930 1950/1950 1951/1951
f 1946/1946 1945/1945 1966/1966
f 1946/1946 1966/1966 1967/1967
f 1939/1939 1938/1938 1959/1959
f 1939/1939 1959/1959 1960/1960
f 1931/1931 1930/1930 1951/1951
f 1931/1931 1951/1951 1952/1952
f 1947/1947 1946/1946 1967/1967
f 1947/1947 1967/1967 1968/1968
f 1940/1940 1939/1939 1960/1960
f 1940/1940 1960/1960 1961/1961
f 1932/1932 1931/1931 1952/1952
f 1932/1932 1952/1952 1953/1953
f 1927/1927 1947/1947 1968/1968
f 1927/1927 1968/1968 1948/1948
f 797/797 800/800 1970/1970
f 797/797 1970/1970 1969/1969
f 800/800 2254/2254 1971/1971
f 800/800 1971/1971 1970/1970
f 2254/2254 802/802 1972/1972
f 2254/2254 1972/1972 1971/1971
f 802/802 804/804 1973/1973
f 802/802 1973/1973 1972/1972
f 804/804 806/806 1975/1975
f 804/804 1975/1975 1973/1973
f 805/805 2255/2255 1976/1976
f 805/805 1976/1976 1974/1974
f 2255/2255 2258/2258 1977/1977
f 2255/2255 1977/1977 1976/1976
f 2258/2258 809/809 1978/1978
f 2258/2258 1978/1978 1977/1977
f 809/809 811/811 1979/1979
f 809/809 1979/1979 1978/1978
f 811/811 2260/2260 1980/1980
f 811/811 1980/1980 1979/1979
f 2260/2260 2263/2263 1981/1981
f 2260/2260 1981/1981 1980/1980
f 2263/2263 2179/2179 1982/1982
f 2263/2263 1982/1982 1981/1981
f 2179/2179 814/814 1983/1983
f 2179/2179 1983/1983 1982/1982
f 814/814 2265/2265 1984/1984
f 814/814 1984/1984 1983/1983
f 2265/2265 2267/2267 1985/1985
f 2265/2265 1985/1985 1984/1984
f 2267/2267 816/816 1986/1986
f 2267/2267 1986/1986 1985/1985
f 816/816 2269/2269 1987/1987
f 816/816 1987/1987 1986/1986
f 2269/2269 818/818 1988/1988
f 2269/2269 1988/1988 1987/1987
f 1989/1989 2010/2010 2009/2009
f 1989/1989 2009/2009 1988/1988
f 818/818 2270/2270 1989/1989
f 818/818 1989/1989 1988/1988
f 2270/2270 797/797 1969/1969
f 2270/2270 1969/1969 1989/1989
f 2003/2003 2024/2024 2023/2023
f 2003/2003 2023/2023 2002/2002
f 1971/1971 1992/1992 1991/1991
f 1971/1971 1991/1991 1970/1970
f 1977/1977 1998/1998 1997/1997
f 1977/1977 1997/1997 1976/1976
f 1982/1982 2003/2003 2002/2002
f 1982/1982 2002/2002 1981/1981
f 1987/1987 2008/2008 2007/2007
f 1987/1987 2007/2007 1986/1986
f 1975/1975 1996/1996 1994/1994
f 1975/1975 1994/1994 1973/1973
f 1980/1980 2001/2001 2000/2000
f 1980/1980 2000/2000 1979/1979
f 1985/1985 2006/2006 2005/2005
f 1985/1985 2005/2005 1984/1984
f 1969/1969 1990/1990 2010/2010
f 1969/1969 2010/2010 1989/1989
f 1972/1972 1993/1993 1992/1992
f 1972/1972 1992/1992 1971/1971
f 1978/1978 1999/1999 1998/1998
f 1978/1978 1998/1998 1977/1977
f 1970/1970 1991/1991 1990/1990
f 1970/1970 1990/1990 1969/1969
f 1983/1983 2004/2004 2003/2003
f 1983/1983 2003/2003 1982/1982
f 1988/1988 2009/2009 2008/2008
f 1988/1988 2008/2008 1987/1987
f 1976/1976 1997/1997 1995/1995
f 1976/1976 1995/1995 1974/1974
f 1981/1981 2002/2002 2001/2001
f 1981/1981 2001/2001 1980/1980
f 1986/1986 2007/2007 2006/2006
f 1986/1986 2006/2006 1985/1985
f 1973/1973 1994/1994 1993/1993
f 1973/1973 1993/1993 1972/1972
f 1979/1979 2000/2000 1999/1999
f 1979/1979 1999/1999 1978/1978
f 1984/1984 2005/2005 2004/2004
f 1984/1984 2004/2004 1983/1983
f 2021/2021 2042/2042 2041/2041
f 2021/2021 2041/2041 2020/2020
f 1996/1996 2017/2017 2015/2015
f 1996/1996 2015/2015 1994/1994
f 1990/1990 2011/2011 2031/2031
f 1990/1990 2031/2031 2010/2010
f 2004/2004 2025/2025 2024/2024
f 2004/2004 2024/2024 2003/2003
f 1997/1997 2018/2018 2016/2016
f 1997/1997 2016/2016 1995/1995
f 2005/2005 2026/2026 2025/2025
f 2005/2005 2025/2025 2004/2004
f 1998/1998 2019/2019 2018/2018
f 1998/1998 2018/2018 1997/1997
f 2006/2006 2027/2027 2026/2026
f 2006/2006 2026/2026 2005/2005
f 1999/1999 2020/2020 2019/2019
f 1999/1999 2019/2019 1998/1998
f 1991/1991 2012/2012 2011/2011
f 1991/1991 2011/2011 1990/1990
f 2007/2007 2028/2028 2027/2027
f 2007/2007 2027/2027 2006/2006
f 2000/2000 2021/2021 2020/2020
f 2000/2000 2020/2020 1999/1999
f 1992/1992 2013/2013 2012/2012
f 1992/1992 2012/2012 1991/1991
f 2008/2008 2029/2029 2028/2028
f 2008/2008 2028/2028 2007/2007
f 2001/2001 2022/2022 2021/2021
f 2001/2001 2021/2021 2000/2000
f 1993/1993 2014/2014 2013/2013
f 1993/1993 2013/2013 1992/1992
f 2009/2009 2030/2030 2029/2029
f 2009/2009 2029/2029 2008/2008
f 2002/2002 2023/2023 2022/2022
f 2002/2002 2022/2022 2001/2001
f 1994/1994 2015/2015 2014/2014
f 1994/1994 2014/2014 1993/1993
f 2010/2010 2031/2031 2030/2030
f 2010/2010 2030/2030 2009/2009
f 2039/2039 2060/2060 2058/2058
f 2039/2039 2058/2058 2037/2037
f 2013/2013 2034/2034 2033/2033
f 2013/2013 2033/2033 2012/2012
f 2029/2029 2050/2050 2049/2049
f 2029/2029 2049/2049 2028/2028
f 2022/2022 2043/2043 2042/2042
f 2022/2022 2042/2042 2021/2021
f 2014/2014 2035/2035 2034/2034
f 2014/2014 2034/2034 2013/2013
f 2030/2030 2051/2051 2050/2050
f 2030/2030 2050/2050 2029/2029
f 2023/2023 2044/2044 2043/2043
f 2023/2023 2043/2043 2022/2022
f 2015/2015 2036/2036 2035/2035
f 2015/2015 2035/2035 2014/2014
f 2031/2031 2052/2052 2051/2051
f 2031/2031 2051/2051 2030/2030
f 2024/2024 2045/2045 2044/2044
f 2024/2024 2044/2044 2023/2023
f 2017/2017 2038/2038 2036/2036
f 2017/2017 2036/2036 2015/2015
f 2011/2011 2032/2032 2052/2052
f 2011/2011 2052/2052 2031/2031
f 2025/2025 2046/2046 2045/2045
f 2025/2025 2045/2045 2024/2024
f 2018/2018 2039/2039 2037/2037
f 2018/2018 2037/2037 2016/2016
f 2026/2026 2047/2047 2046/2046
f 2026/2026 2046/2046 2025/2025
f 2019/2019 2040/2040 2039/2039
f 2019/2019 2039/2039 2018/2018
f 2027/2027 2048/2048 2047/2047
f 2027/2027 2047/2047 2026/2026
f 2020/2020 2041/2041 2040/2040
f 2020/2020 2040/2040 2019/2019
f 2012/2012 2033/2033 2032/2032
f 2012/2012 2032/2032 2011/2011
f 2028/2028 2049/2049 2048/2048
f 2028/2028 2048/2048 2027/2027
f 2056/2056 2077/2077 2076/2076
f 2056/2056 2076/2076 2055/2055
f 2047/2047 2068/2068 2067/2067
f 2047/2047 2067/2067 2046/2046
f 2040/2040 2061/2061 2060/2060
f 2040/2040 2060/2060 2039/2039
f 2048/2048 2069/2069 2068/2068
f 2048/2048 2068/2068 2047/2047
f 2041/2041 2062/2062 2061/2061
f 2041/2041 2061/2061 2040/2040
f 2033/2033 2054/2054 2053/2053
f 2033/2033 2053/2053 2032/2032
f 2049/2049 2070/2070 2069/2069
f 2049/2049 2069/2069 2048/2048
f 2042/2042 2063/2063 2062/2062
f 2042/2042 2062/2062 2041/2041
f 2034/2034 2055/2055 2054/2054
f 2034/2034 2054/2054 2033/2033
f 2050/2050 2071/2071 2070/2070
f 2050/2050 2070/2070 2049/2049
f 2043/2043 2064/2064 2063/2063
f 2043/2043 2063/2063 2042/2042
f 2035/2035 2056/2056 2055/2055
f 2035/2035 2055/2055 2034/2034
f 2051/2051 2072/2072 2071/2071
f 2051/2051 2071/2071 2050/2050
f 2044/2044 2065/2065 2064/2064
f 2044/2044 2064/2064 2043/2043
f 2036/2036 2057/2057 2056/2056
f 2036/2036 2056/2056 2035/2035
f 2052/2052 2073/2073 2072/2072
f 2052/2052 2072/2072 2051/2051
f 2045/2045 2066/2066 2065/2065
f 2045/2045 2065/2065 2044/2044
f 2038/2038 2059/2059 2057/2057
f 2038/2038 2057/2057 2036/2036
f 2032/2032 2053/2053 2073/2073
f 2032/2032 2073/2073 2052/2052
f 2046/2046 2067/2067 2066/2066
f 2046/2046 2066/2066 2045/2045
f 2090/2090 2111/2111 2110/2110
f 2090/2090 2110/2110 2089/2089
f 2072/2072 2093/2093 2092/2092
f 2072/2072 2092/2092 2071/2071
f 2065/2065 2086/2086 2085/2085
f 2065/2065 2085/2085 2064/2064
f 2057/2057 2078/2078 2077/2077
f 2057/2057 2077/2077 2056/2056
f 2073/2073 2094/2094 2093/2093
f 2073/2073 2093/2093 2072/2072
f 2066/2066 2087/2087 2086/2086
f 2066/2066 2086/2086 2065/2065
f 2059/2059 2080/2080 2078/2078
f 2059/2059 2078/2078 2057/2057
f 2053/2053 2074/2074 2094/2094
f 2053/2053 2094/2094 2073/2073
f 2067/2067 2088/2088 2087/2087
f 2067/2067 2087/2087 2066/2066
f 2060/2060 2081/2081 2079/2079
f 2060/2060 2079/2079 2058/2058
f 2068/2068 2089/2089 2088/2088
f 2068/2068 2088/2088 2067/2067
f 2061/2061 2082/2082 2081/2081
f 2061/2061 2081/2081 2060/2060
f 2069/2069 2090/2090 2089/2089
f 2069/2069 2089/2089 2068/2068
f 2062/2062 2083/2083 2082/2082
f 2062/2062 2082/2082 2061/2061
f 2054/2054 2075/2075 2074/2074
f 2054/2054 2074/2074 2053/2053
f 2070/2070 2091/2091 2090/2090
f 2070/2070 2090/2090 2069/2069
f 2063/2063 2084/2084 2083/2083
f 2063/2063 2083/2083 2062/2062
f 2055/2055 2076/2076 2075/2075
f 2055/2055 2075/2075 2054/2054
f 2071/2071 2092/2092 2091/2091
f 2071/2071 2091/2091 2070/2070
f 2064/2064 2085/2085 2084/2084
f 2064/2064 2084/2084 2063/2063
f 2115/2115 2136/2136 2135/2135
f 2115/2115 2135/2135 2114/2114
f 2083/2083 2104/2104 2103/2103
f 2083/2083 2103/2103 2082/2082
f 2075/2075 2096/2096 2095/2095
f 2075/2075 2095/2095 2074/2074
f 2091/2091 2112/2112 2111/2111
f 2091/2091 2111/2111 2090/2090
f 2084/2084 2105/2105 2104/2104
f 2084/2084 2104/2104 2083/2083
f 2076/2076 2097/2097 2096/2096
f 2076/2076 2096/2096 2075/2075
f 2092/2092 2113/2113 2112/2112
f 2092/2092 2112/2112 2091/2091
f 2085/2085 2106/2106 2105/2105
f 2085/2085 2105/2105 2084/2084
f 2077/2077 2098/2098 2097/2097
f 2077/2077 2097/2097 2076/2076
f 2093/2093 2114/2114 2113/2113
f 2093/2093 2113/2113 2092/2092
f 2086/2086 2107/2107 2106/2106
f 2086/2086 2106/2106 2085/2085
f 2078/2078 2099/2099 2098/2098
f 2078/2078 2098/2098 2077/2077
f 2094/2094 2115/2115 2114/2114
f 2094/2094 2114/2114 2093/2093
f 2087/2087 2108/2108 2107/2107
f 2087/2087 2107/2107 2086/2086
f 2080/2080 2101/2101 2099/2099
f 2080/2080 2099/2099 2078/2078
f 2074/2074 2095/2095 2115/2115
f 2074/2074 2115/2115 2094/2094
f 2088/2088 2109/2109 2108/2108
f 2088/2088 2108/2108 2087/2087
f 2081/2081 2102/2102 2100/2100
f 2081/2081 2100/2100 2079/2079
f 2089/2089 2110/2110 2109/2109
f 2089/2089 2109/2109 2088/2088
f 2082/2082 2103/2103 2102/2102
f 2082/2082 2102/2102 2081/2081
f 2133/2133 2154/2154 2153/2153
f 2133/2133 2153/2153 2132/2132
f 2108/2108 2129/2129 2128/2128
f 2108/2108 2128/2128 2107/2107
f 2101/2101 2122/2122 2120/2120
f 2101/2101 2120/2120 2099/2099
f 2095/2095 2116/2116 2136/2136
f 2095/2095 2136/2136 2115/2115
f 2109/2109 2130/2130 2129/2129
f 2109/2109 2129/2129 2108/2108
f 2102/2102 2123/2123 2121/2121
f 2102/2102 2121/2121 2100/2100
f 2110/2110 2131/2131 2130/2130
f 2110/2110 2130/2130 2109/2109
f 2103/2103 2124/2124 2123/2123
f 2103/2103 2123/2123 2102/2102
f 2111/2111 2132/2132 2131/2131
f 2111/2111 2131/2131 2110/2110
f 2104/2104 2125/2125 2124/2124
f 2104/2104 2124/2124 2103/2103
f 2096/2096 2117/2117 2116/2116
f 2096/2096 2116/2116 2095/2095
f 2112/2112 2133/2133 2132/2132
f 2112/2112 2132/2132 2111/2111
f 2105/2105 2126/2126 2125/2125
f 2105/2105 2125/2125 2104/2104
f 2097/2097 2118/2118 2117/2117
f 2097/2097 2117/2117 2096/2096
f 2113/2113 2134/2134 2133/2133
f 2113/2113 2133/2133 2112/2112
f 2106/2106 2127/2127 2126/2126
f 2106/2106 2126/2126 2105/2105
f 2098/2098 2119/2119 2118/2118
f 2098/2098 2118/2118 2097/2097
f 2114/2114 2135/2135 2134/2134
f 2114/2114 2134/2134 2113/2113
f 2107/2107 2128/2128 2127/2127
f 2107/2107 2127/2127 2106/2106
f 2099/2099 2120/2120 2119/2119
f 2099/2099 2119/2119 2098/2098
f 2151/2151 2172/2172 2171/2171
f 2151/2151 2171/2171 2150/2150
f 2126/2126 2147/2147 2146/2146
f 2126/2126 2146/2146 2125/2125
f 2118/2118 2139/2139 2138/2138
f 2118/2118 2138/2138 2117/2117
f 2134/2134 2155/2155 2154/2154
f 2134/2134 2154/2154 2133/2133
f 2127/2127 2148/2148 2147/2147
f 2127/2127 2147/2147 2126/2126
f 2119/2119 2140/2140 2139/2139
f 2119/2119 2139/2139 2118/2118
f 2135/2135 2156/2156 2155/2155
f 2135/2135 2155/2155 2134/2134
f 2128/2128 2149/2149 2148/2148
f 2128/2128 2148/2148 2127/2127
f 2120/2120 2141/2141 2140/2140
f 2120/2120 2140/2140 2119/2119
f 2136/2136 2157/2157 2156/2156
f 2136/2136 2156/2156 2135/2135
f 2129/2129 2150/2150 2149/2149
f 2129/2129 2149/2149 2128/2128
f 2122/2122 2143/2143 2141/2141
f 2122/2122 2141/2141 2120/2120
f 2116/2116 2137/2137 2157/2157
f 2116/2116 2157/2157 2136/2136
f 2130/2130 2151/2151 2150/2150
f 2130/2130 2150/2150 2129/2129
f 2123/2123 2144/2144 2142/2142
f 2123/2123 2142/2142 2121/2121
f 2131/2131 2152/2152 2151/2151
f 2131/2131 2151/2151 2130/2130
f 2124/2124 2145/2145 2144/2144
f 2124/2124 2144/2144 2123/2123
f 2132/2132 2153/2153 2152/2152
f 2132/2132 2152/2152 2131/2131
f 2125/2125 2146/2146 2145/2145
f 2125/2125 2145/2145 2124/2124
f 2117/2117 2138/2138 2137/2137
f 2117/2117 2137/2137 2116/2116
f 2144/2144 2165/2165 2163/2163
f 2144/2144 2163/2163 2142/2142
f 2152/2152 2173/2173 2172/2172
f 2152/2152 2172/2172 2151/2151
f 2145/2145 2166/2166 2165/2165
f 2145/2145 2165/2165 2144/2144
f 2153/2153 2174/2174 2173/2173
f 2153/2153 2173/2173 2152/2152
f 2146/2146 2167/2167 2166/2166
f 2146/2146 2166/2166 2145/2145
f 2138/2138 2159/2159 2158/2158
f 2138/2138 2158/2158 2137/2137
f 2154/2154 2175/2175 2174/2174
f 2154/2154 2174/2174 2153/2153
f 2147/2147 2168/2168 2167/2167
f 2147/2147 2167/2167 2146/2146
f 2139/2139 2160/2160 2159/2159
f 2139/2139 2159/2159 2138/2138
f 2155/2155 2176/2176 2175/2175
f 2155/2155 2175/2175 2154/2154
f 2148/2148 2169/2169 2168/2168
f 2148/2148 2168/2168 2147/2147
f 2140/2140 2161/2161 2160/2160
f 2140/2140 2160/2160 2139/2139
f 2156/2156 2177/2177 2176/2176
f 2156/2156 2176/2176 2155/2155
f 2149/2149 2170/2170 2169/2169
f 2149/2149 2169/2169 2148/2148
f 2141/2141 2162/2162 2161/2161
f 2141/2141 2161/2161 2140/2140
f 2157/2157 2178/2178 2177/2177
f 2157/2157 2177/2177 2156/2156
f 2150/2150 2171/2171 2170/2170
f 2150/2150 2170/2170 2149/2149
f 2143/2143 2164/2164 2162/2162
f 2143/2143 2162/2162 2141/2141
f 2137/2137 2158/2158 2178/2178
f 2137/2137 2178/2178 2157/2157
f 1712/1712 1718/1718 1950/1950
f 1712/1712 1950/1950 1949/1949
f 1715/1715 1721/1721 2158/2158
f 1715/1715 2158/2158 2159/2159
f 1721/1721 1695/1695 2178/2178
f 1721/1721 2178/2178 2158/2158
f 1709/1709 1715/1715 2159/2159
f 1709/1709 2159/2159 2160/2160
f 1718/1718 1688/1688 1951/1951
f 1718/1718 1951/1951 1950/1950
f 1707/1707 1709/1709 2160/2160
f 1707/1707 2160/2160 2161/2161
f 1688/1688 1690/1690 1952/1952
f 1688/1688 1952/1952 1951/1951
f 1703/1703 1707/1707 2161/2161
f 1703/1703 2161/2161 2162/2162
f 1690/1690 1465/1465 1953/1953
f 1690/1690 1953/1953 1952/1952
f 1470/1470 1703/1703 2162/2162
f 1470/1470 2162/2162 2164/2164
f 1466/1466 1726/1726 1955/1955
f 1466/1466 1955/1955 1954/1954
f 1740/1740 1469/1469 2163/2163
f 1740/1740 2163/2163 2165/2165
f 1726/1726 1724/1724 1956/1956
f 1726/1726 1956/1956 1955/1955
f 1744/1744 1740/1740 2165/2165
f 1744/1744 2165/2165 2166/2166
f 1724/1724 1754/1754 1957/1957
f 1724/1724 1957/1957 1956/1956
f 1746/1746 1744/1744 2166/2166
f 1746/1746 2166/2166 2167/2167
f 1754/1754 1748/1748 1958/1958
f 1754/1754 1958/1958 1957/1957
f 1752/1752 1746/1746 2167/2167
f 1752/1752 2167/2167 2168/2168
f 1748/1748 1736/1736 1959/1959
f 1748/1748 1959/1959 1958/1958
f 1758/1758 1752/1752 2168/2168
f 1758/1758 2168/2168 2169/2169
f 1736/1736 1730/1730 1960/1960
f 1736/1736 1960/1960 1959/1959
f 1732/1732 1758/1758 2169/2169
f 1732/1732 2169/2169 2170/2170
f 1730/1730 1728/1728 1961/1961
f 1730/1730 1961/1961 1960/1960
f 1734/1734 1732/1732 2170/2170
f 1734/1734 2170/2170 2171/2171
f 1728/1728 1756/1756 1962/1962
f 1728/1728 1962/1962 1961/1961
f 1738/1738 1734/1734 2171/2171
f 1738/1738 2171/2171 2172/2172
f 1756/1756 1750/1750 1963/1963
f 1756/1756 1963/1963 1962/1962
f 1742/1742 1738/1738 2172/2172
f 1742/1742 2172/2172 2173/2173
f 1750/1750 1473/1473 1964/1964
f 1750/1750 1964/1964 1963/1963
f 1475/1475 1742/1742 2173/2173
f 1475/1475 2173/2173 2174/2174
f 1473/1473 1714/1714 1965/1965
f 1473/1473 1965/1965 1964/1964
f 1705/1705 1475/1475 2174/2174
f 1705/1705 2174/2174 2175/2175
f 1714/1714 1720/1720 1966/1966
f 1714/1714 1966/1966 1965/1965
f 1701/1701 1705/1705 2175/2175
f 1701/1701 2175/2175 2176/2176
f 1720/1720 1692/1692 1967/1967
f 1720/1720 1967/1967 1966/1966
f 1697/1697 1701/1701 2176/2176
f 1697/1697 2176/2176 2177/2177
f 1692/1692 1694/1694 1968/1968
f 1692/1692 1968/1968 1967/1967
f 1695/1695 1697/1697 2177/2177
f 1695/1695 2177/2177 2178/2178
f 1694/1694 1700/1700 1948/1948
f 1694/1694 1948/1948 1968/1968
f 1700/1700 1712/1712 1949/1949
f 1700/1700 1949/1949 1948/1948
f 1086/1086 224/224 2207/2207
f 2296/2296 2182/2182 2203/2203
f 2296/2296 2203/2203 2205/2205
f 2190/2190 1137/1137 2185/2185
f 2190/2190 2185/2185 1250/1250
f 2182/2182 2296/2296 2298/2298
f 2182/2182 2298/2298 2189/2189
f 2189/2189 2298/2298 1137/1137
f 2189/2189 1137/1137 2190/2190
f 1251/1251 2189/2189 2190/2190
f 1251/1251 2190/2190 1253/1253
f 1086/1086 2182/2182 2189/2189
f 1086/1086 2189/2189 1251/1251
f 1253/1253 2190/2190 1250/1250
f 1253/1253 1250/1250 2187/2187
f 2193/2193 2196/2196 2179/2179
f 2196/2196 2197/2197 2179/2179
f 2181/2181 2197/2197 2192/2192
f 1246/1246 1248/1248 2193/2193
f 2195/2195 2192/2192 2197/2197
f 2195/2195 2197/2197 2196/2196
f 1248/1248 2195/2195 2196/2196
f 1248/1248 2196/2196 2193/2193
f 2263/2263 1246/1246 2193/2193
f 2263/2263 2193/2193 2179/2179
f 814/814 2179/2179 2197/2197
f 814/814 2197/2197 2181/2181
f 4486/4486 4489/4489 1497/1497
f 4486/4486 1497/1497 1496/1496
f 4489/4489 4470/4470 1477/1477
f 4489/4489 1477/1477 1497/1497
f 4470/4470 4479/4479 1478/1478
f 4470/4470 1478/1478 1477/1477
f 4479/4479 4481/4481 1479/1479
f 4479/4479 1479/1479 1478/1478
f 4481/4481 4483/4483 1480/1480
f 4481/4481 1480/1480 1479/1479
f 4483/4483 4485/4485 1481/1481
f 4483/4483 1481/1481 1480/1480
f 4476/4476 4480/4480 1493/1493
f 4476/4476 1493/1493 1492/1492
f 4485/4485 4488/4488 1483/1483
f 4485/4485 1483/1483 1481/1481
f 4487/4487 4471/4471 1484/1484
f 4487/4487 1484/1484 1482/1482
f 4471/4471 4472/4472 1485/1485
f 4471/4471 1485/1485 1484/1484
f 4478/4478 4476/4476 1492/1492
f 4478/4478 1492/1492 1491/1491
f 4472/4472 4473/4473 1486/1486
f 4472/4472 1486/1486 1485/1485
f 4473/4473 4474/4474 1487/1487
f 4473/4473 1487/1487 1486/1486
f 4474/4474 4475/4475 1488/1488
f 4474/4474 1488/1488 1487/1487
f 4477/4477 4478/4478 1491/1491
f 4477/4477 1491/1491 1490/1490
f 4480/4480 4482/4482 1494/1494
f 4480/4480 1494/1494 1493/1493
f 4482/4482 4484/4484 1495/1495
f 4482/4482 1495/1495 1494/1494
f 4484/4484 4486/4486 1496/1496
f 4484/4484 1496/1496 1495/1495
f 2278/2278 220/220 2204/2204
f 2278/2278 2204/2204 2218/2218
f 2281/2281 2278/2278 2218/2218
f 2281/2281 2218/2218 2202/2202
f 2182/2182 1086/1086 2207/2207
f 2182/2182 2207/2207 2203/2203
f 222/222 2296/2296 2205/2205
f 2551/2551 2300/2300 2299/2299
f 2551/2551 2299/2299 2552/2552
f 2608/2608 2600/2600 2300/2300
f 2608/2608 2300/2300 2551/2551
f 2554/2554 2302/2302 2301/2301
f 2554/2554 2301/2301 2553/2553
f 2618/2618 2610/2610 2302/2302
f 2618/2618 2302/2302 2554/2554
f 2556/2556 2304/2304 2303/2303
f 2556/2556 2303/2303 2555/2555
f 2559/2559 2307/2307 2306/2306
f 2559/2559 2306/2306 2558/2558
f 2561/2561 2309/2309 2308/2308
f 2561/2561 2308/2308 2560/2560
f 2638/2638 2630/2630 2311/2311
f 2638/2638 2311/2311 2563/2563
f 2588/2588 2580/2580 2314/2314
f 2588/2588 2314/2314 2566/2566
f 2568/2568 2316/2316 2315/2315
f 2568/2568 2315/2315 2567/2567
f 2569/2569 2317/2317 2316/2316
f 2569/2569 2316/2316 2568/2568
f 2570/2570 2318/2318 2317/2317
f 2570/2570 2317/2317 2569/2569
f 2571/2571 2319/2319 2318/2318
f 2571/2571 2318/2318 2570/2570
f 2572/2572 2320/2320 2319/2319
f 2572/2572 2319/2319 2571/2571
f 2628/2628 2620/2620 2320/2320
f 2628/2628 2320/2320 2572/2572
f 2575/2575 2323/2323 2322/2322
f 2575/2575 2322/2322 2574/2574
f 2577/2577 2325/2325 2324/2324
f 2577/2577 2324/2324 2576/2576
f 2598/2598 2590/2590 2325/2325
f 2598/2598 2325/2325 2577/2577
f 2552/2552 2299/2299 2326/2326
f 2552/2552 2326/2326 2578/2578
f 2523/2523 2524/2524 2384/2384
f 2523/2523 2384/2384 2383/2383
f 2607/2607 2523/2523 2383/2383
f 2607/2607 2383/2383 2602/2602
f 2526/2526 2525/2525 2385/2385
f 2526/2526 2385/2385 2386/2386
f 2617/2617 2526/2526 2386/2386
f 2617/2617 2386/2386 2612/2612
f 2528/2528 2527/2527 2387/2387
f 2528/2528 2387/2387 2388/2388
f 2531/2531 2530/2530 2390/2390
f 2531/2531 2390/2390 2391/2391
f 2533/2533 2532/2532 2392/2392
f 2533/2533 2392/2392 2393/2393
f 2637/2637 2535/2535 2395/2395
f 2637/2637 2395/2395 2632/2632
f 2587/2587 2538/2538 2398/2398
f 2587/2587 2398/2398 2582/2582
f 2540/2540 2539/2539 2399/2399
f 2540/2540 2399/2399 2400/2400
f 2541/2541 2540/2540 2400/2400
f 2541/2541 2400/2400 2401/2401
f 2542/2542 2541/2541 2401/2401
f 2542/2542 2401/2401 2402/2402
f 2543/2543 2542/2542 2402/2402
f 2543/2543 2402/2402 2403/2403
f 2544/2544 2543/2543 2403/2403
f 2544/2544 2403/2403 2404/2404
f 2627/2627 2544/2544 2404/2404
f 2627/2627 2404/2404 2622/2622
f 2548/2548 2546/2546 2406/2406
f 2548/2548 2406/2406 2408/2408
f 2549/2549 2547/2547 2407/2407
f 2549/2549 2407/2407 2409/2409
f 2597/2597 2549/2549 2409/2409
f 2597/2597 2409/2409 2592/2592
f 2524/2524 2550/2550 2410/2410
f 2524/2524 2410/2410 2384/2384
f 2616/2616 2468/2468 2387/2387
f 2616/2616 2387/2387 2612/2612
f 2596/2596 2472/2472 2410/2410
f 2596/2596 2410/2410 2592/2592
f 2468/2468 2476/2476 2388/2388
f 2468/2468 2388/2388 2387/2387
f 2414/2414 2412/2412 2364/2364
f 2414/2414 2364/2364 2365/2365
f 2472/2472 2478/2478 2384/2384
f 2472/2472 2384/2384 2410/2410
f 2481/2481 2483/2483 2391/2391
f 2481/2481 2391/2391 2390/2390
f 2633/2633 2417/2417 2367/2367
f 2633/2633 2367/2367 2631/2631
f 2485/2485 2487/2487 2393/2393
f 2485/2485 2393/2393 2392/2392
f 2584/2584 2424/2424 2370/2370
f 2584/2584 2370/2370 2581/2581
f 2428/2428 2426/2426 2371/2371
f 2428/2428 2371/2371 2372/2372
f 2430/2430 2428/2428 2372/2372
f 2430/2430 2372/2372 2373/2373
f 2432/2432 2430/2430 2373/2373
f 2432/2432 2373/2373 2374/2374
f 2434/2434 2432/2432 2374/2374
f 2434/2434 2374/2374 2375/2375
f 2436/2436 2434/2434 2375/2375
f 2436/2436 2375/2375 2376/2376
f 2586/2586 2500/2500 2399/2399
f 2586/2586 2399/2399 2582/2582
f 2624/2624 2436/2436 2376/2376
f 2624/2624 2376/2376 2621/2621
f 2500/2500 2502/2502 2400/2400
f 2500/2500 2400/2400 2399/2399
f 2442/2442 2440/2440 2356/2356
f 2442/2442 2356/2356 2355/2355
f 2502/2502 2504/2504 2401/2401
f 2502/2502 2401/2401 2400/2400
f 2604/2604 2442/2442 2355/2355
f 2604/2604 2355/2355 2601/2601
f 2504/2504 2506/2506 2402/2402
f 2504/2504 2402/2402 2401/2401
f 2450/2450 2444/2444 2378/2378
f 2450/2450 2378/2378 2380/2380
f 2452/2452 2446/2446 2357/2357
f 2452/2452 2357/2357 2358/2358
f 2506/2506 2508/2508 2403/2403
f 2506/2506 2403/2403 2402/2402
f 2454/2454 2449/2449 2379/2379
f 2454/2454 2379/2379 2381/2381
f 2614/2614 2452/2452 2358/2358
f 2614/2614 2358/2358 2611/2611
f 2508/2508 2510/2510 2404/2404
f 2508/2508 2404/2404 2403/2403
f 2594/2594 2454/2454 2381/2381
f 2594/2594 2381/2381 2591/2591
f 2460/2460 2456/2456 2359/2359
f 2460/2460 2359/2359 2360/2360
f 2626/2626 2512/2512 2405/2405
f 2626/2626 2405/2405 2622/2622
f 2440/2440 2458/2458 2382/2382
f 2440/2440 2382/2382 2356/2356
f 2478/2478 2514/2514 2383/2383
f 2478/2478 2383/2383 2384/2384
f 2606/2606 2518/2518 2385/2385
f 2606/2606 2385/2385 2602/2602
f 2466/2466 2464/2464 2362/2362
f 2466/2466 2362/2362 2363/2363
f 2516/2516 2522/2522 2408/2408
f 2516/2516 2408/2408 2406/2406
f 2518/2518 2470/2470 2386/2386
f 2518/2518 2386/2386 2385/2385
f 2521/2521 2474/2474 2409/2409
f 2521/2521 2409/2409 2407/2407
f 2335/2335 2334/2334 2463/2463
f 2335/2335 2463/2463 2465/2465
f 2328/2328 2354/2354 2457/2457
f 2328/2328 2457/2457 2439/2439
f 2332/2332 2331/2331 2455/2455
f 2332/2332 2455/2455 2459/2459
f 2589/2589 2353/2353 2453/2453
f 2589/2589 2453/2453 2593/2593
f 2609/2609 2330/2330 2451/2451
f 2609/2609 2451/2451 2613/2613
f 2353/2353 2352/2352 2448/2448
f 2353/2353 2448/2448 2453/2453
f 2330/2330 2329/2329 2445/2445
f 2330/2330 2445/2445 2451/2451
f 2351/2351 2350/2350 2443/2443
f 2351/2351 2443/2443 2447/2447
f 2599/2599 2327/2327 2441/2441
f 2599/2599 2441/2441 2603/2603
f 2327/2327 2328/2328 2439/2439
f 2327/2327 2439/2439 2441/2441
f 2619/2619 2348/2348 2435/2435
f 2619/2619 2435/2435 2623/2623
f 2348/2348 2347/2347 2433/2433
f 2348/2348 2433/2433 2435/2435
f 2347/2347 2346/2346 2431/2431
f 2347/2347 2431/2431 2433/2433
f 2346/2346 2345/2345 2429/2429
f 2346/2346 2429/2429 2431/2431
f 2345/2345 2344/2344 2427/2427
f 2345/2345 2427/2427 2429/2429
f 2344/2344 2343/2343 2425/2425
f 2344/2344 2425/2425 2427/2427
f 2579/2579 2342/2342 2423/2423
f 2579/2579 2423/2423 2583/2583
f 2629/2629 2339/2339 2418/2418
f 2629/2629 2418/2418 2634/2634
f 2337/2337 2336/2336 2411/2411
f 2337/2337 2411/2411 2413/2413
f 2324/2324 2325/2325 2473/2473
f 2324/2324 2473/2473 2520/2520
f 2301/2301 2302/2302 2469/2469
f 2301/2301 2469/2469 2517/2517
f 2322/2322 2323/2323 2519/2519
f 2322/2322 2519/2519 2515/2515
f 2600/2600 2301/2301 2517/2517
f 2600/2600 2517/2517 2605/2605
f 2299/2299 2300/2300 2513/2513
f 2299/2299 2513/2513 2477/2477
f 2620/2620 2321/2321 2511/2511
f 2620/2620 2511/2511 2625/2625
f 2319/2319 2320/2320 2509/2509
f 2319/2319 2509/2509 2507/2507
f 2318/2318 2319/2319 2507/2507
f 2318/2318 2507/2507 2505/2505
f 2317/2317 2318/2318 2505/2505
f 2317/2317 2505/2505 2503/2503
f 2316/2316 2317/2317 2503/2503
f 2316/2316 2503/2503 2501/2501
f 2315/2315 2316/2316 2501/2501
f 2315/2315 2501/2501 2499/2499
f 2580/2580 2315/2315 2499/2499
f 2580/2580 2499/2499 2585/2585
f 2308/2308 2309/2309 2488/2488
f 2308/2308 2488/2488 2486/2486
f 2306/2306 2307/2307 2484/2484
f 2306/2306 2484/2484 2482/2482
f 2326/2326 2299/2299 2477/2477
f 2326/2326 2477/2477 2471/2471
f 2303/2303 2304/2304 2475/2475
f 2303/2303 2475/2475 2467/2467
f 2590/2590 2326/2326 2471/2471
f 2590/2590 2471/2471 2595/2595
f 2610/2610 2303/2303 2467/2467
f 2610/2610 2467/2467 2615/2615
f 2356/2356 2382/2382 2550/2550
f 2356/2356 2550/2550 2524/2524
f 2591/2591 2381/2381 2549/2549
f 2591/2591 2549/2549 2597/2597
f 2381/2381 2379/2379 2547/2547
f 2381/2381 2547/2547 2549/2549
f 2380/2380 2378/2378 2546/2546
f 2380/2380 2546/2546 2548/2548
f 2621/2621 2376/2376 2544/2544
f 2621/2621 2544/2544 2627/2627
f 2376/2376 2375/2375 2543/2543
f 2376/2376 2543/2543 2544/2544
f 2375/2375 2374/2374 2542/2542
f 2375/2375 2542/2542 2543/2543
f 2374/2374 2373/2373 2541/2541
f 2374/2374 2541/2541 2542/2542
f 2373/2373 2372/2372 2540/2540
f 2373/2373 2540/2540 2541/2541
f 2372/2372 2371/2371 2539/2539
f 2372/2372 2539/2539 2540/2540
f 2581/2581 2370/2370 2538/2538
f 2581/2581 2538/2538 2587/2587
f 2631/2631 2367/2367 2535/2535
f 2631/2631 2535/2535 2637/2637
f 2365/2365 2364/2364 2532/2532
f 2365/2365 2532/2532 2533/2533
f 2363/2363 2362/2362 2530/2530
f 2363/2363 2530/2530 2531/2531
f 2360/2360 2359/2359 2527/2527
f 2360/2360 2527/2527 2528/2528
f 2611/2611 2358/2358 2526/2526
f 2611/2611 2526/2526 2617/2617
f 2358/2358 2357/2357 2525/2525
f 2358/2358 2525/2525 2526/2526
f 2601/2601 2355/2355 2523/2523
f 2601/2601 2523/2523 2607/2607
f 2355/2355 2356/2356 2524/2524
f 2355/2355 2524/2524 2523/2523
f 2328/2328 2552/2552 2578/2578
f 2328/2328 2578/2578 2354/2354
f 2589/2589 2598/2598 2577/2577
f 2589/2589 2577/2577 2353/2353
f 2353/2353 2577/2577 2576/2576
f 2353/2353 2576/2576 2352/2352
f 2351/2351 2575/2575 2574/2574
f 2351/2351 2574/2574 2350/2350
f 2619/2619 2628/2628 2572/2572
f 2619/2619 2572/2572 2348/2348
f 2348/2348 2572/2572 2571/2571
f 2348/2348 2571/2571 2347/2347
f 2347/2347 2571/2571 2570/2570
f 2347/2347 2570/2570 2346/2346
f 2346/2346 2570/2570 2569/2569
f 2346/2346 2569/2569 2345/2345
f 2345/2345 2569/2569 2568/2568
f 2345/2345 2568/2568 2344/2344
f 2344/2344 2568/2568 2567/2567
f 2344/2344 2567/2567 2343/2343
f 2579/2579 2588/2588 2566/2566
f 2579/2579 2566/2566 2342/2342
f 2629/2629 2638/2638 2563/2563
f 2629/2629 2563/2563 2339/2339
f 2337/2337 2561/2561 2560/2560
f 2337/2337 2560/2560 2336/2336
f 2335/2335 2559/2559 2558/2558
f 2335/2335 2558/2558 2334/2334
f 2332/2332 2556/2556 2555/2555
f 2332/2332 2555/2555 2331/2331
f 2609/2609 2618/2618 2554/2554
f 2609/2609 2554/2554 2330/2330
f 2330/2330 2554/2554 2553/2553
f 2330/2330 2553/2553 2329/2329
f 2599/2599 2608/2608 2551/2551
f 2599/2599 2551/2551 2327/2327
f 2327/2327 2551/2551 2552/2552
f 2327/2327 2552/2552 2328/2328
f 2343/2343 2567/2567 2588/2588
f 2343/2343 2588/2588 2579/2579
f 2371/2371 2581/2581 2587/2587
f 2371/2371 2587/2587 2539/2539
f 2314/2314 2580/2580 2585/2585
f 2314/2314 2585/2585 2497/2497
f 2343/2343 2579/2579 2583/2583
f 2343/2343 2583/2583 2425/2425
f 2498/2498 2586/2586 2582/2582
f 2498/2498 2582/2582 2398/2398
f 2426/2426 2584/2584 2581/2581
f 2426/2426 2581/2581 2371/2371
f 2539/2539 2587/2587 2582/2582
f 2539/2539 2582/2582 2399/2399
f 2567/2567 2315/2315 2580/2580
f 2567/2567 2580/2580 2588/2588
f 2354/2354 2578/2578 2598/2598
f 2354/2354 2598/2598 2589/2589
f 2382/2382 2591/2591 2597/2597
f 2382/2382 2597/2597 2550/2550
f 2325/2325 2590/2590 2595/2595
f 2325/2325 2595/2595 2473/2473
f 2354/2354 2589/2589 2593/2593
f 2354/2354 2593/2593 2457/2457
f 2458/2458 2594/2594 2591/2591
f 2458/2458 2591/2591 2382/2382
f 2474/2474 2596/2596 2592/2592
f 2474/2474 2592/2592 2409/2409
f 2550/2550 2597/2597 2592/2592
f 2550/2550 2592/2592 2410/2410
f 2578/2578 2326/2326 2590/2590
f 2578/2578 2590/2590 2598/2598
f 2329/2329 2553/2553 2608/2608
f 2329/2329 2608/2608 2599/2599
f 2357/2357 2601/2601 2607/2607
f 2357/2357 2607/2607 2525/2525
f 2300/2300 2600/2600 2605/2605
f 2300/2300 2605/2605 2513/2513
f 2329/2329 2599/2599 2603/2603
f 2329/2329 2603/2603 2445/2445
f 2514/2514 2606/2606 2602/2602
f 2514/2514 2602/2602 2383/2383
f 2446/2446 2604/2604 2601/2601
f 2446/2446 2601/2601 2357/2357
f 2525/2525 2607/2607 2602/2602
f 2525/2525 2602/2602 2385/2385
f 2553/2553 2301/2301 2600/2600
f 2553/2553 2600/2600 2608/2608
f 2331/2331 2555/2555 2618/2618
f 2331/2331 2618/2618 2609/2609
f 2359/2359 2611/2611 2617/2617
f 2359/2359 2617/2617 2527/2527
f 2302/2302 2610/2610 2615/2615
f 2302/2302 2615/2615 2469/2469
f 2331/2331 2609/2609 2613/2613
f 2331/2331 2613/2613 2455/2455
f 2456/2456 2614/2614 2611/2611
f 2456/2456 2611/2611 2359/2359
f 2470/2470 2616/2616 2612/2612
f 2470/2470 2612/2612 2386/2386
f 2527/2527 2617/2617 2612/2612
f 2527/2527 2612/2612 2387/2387
f 2555/2555 2303/2303 2610/2610
f 2555/2555 2610/2610 2618/2618
f 2349/2349 2573/2573 2628/2628
f 2349/2349 2628/2628 2619/2619
f 2377/2377 2621/2621 2627/2627
f 2377/2377 2627/2627 2545/2545
f 2320/2320 2620/2620 2625/2625
f 2320/2320 2625/2625 2509/2509
f 2349/2349 2619/2619 2623/2623
f 2349/2349 2623/2623 2437/2437
f 2510/2510 2626/2626 2622/2622
f 2510/2510 2622/2622 2404/2404
f 2438/2438 2624/2624 2621/2621
f 2438/2438 2621/2621 2377/2377
f 2545/2545 2627/2627 2622/2622
f 2545/2545 2622/2622 2405/2405
f 2573/2573 2321/2321 2620/2620
f 2573/2573 2620/2620 2628/2628
f 2311/2311 2630/2630 2636/2636
f 2311/2311 2636/2636 2492/2492
f 2491/2491 2635/2635 2632/2632
f 2491/2491 2632/2632 2395/2395
f 2676/2676 2639/2639 2642/2642
f 2676/2676 2642/2642 2678/2678
f 2677/2677 2641/2641 2640/2640
f 2677/2677 2640/2640 2675/2675
f 2648/2648 2671/2671 2673/2673
f 2648/2648 2673/2673 2649/2649
f 2650/2650 2674/2674 2672/2672
f 2650/2650 2672/2672 2647/2647
f 2644/2644 2663/2663 2667/2667
f 2644/2644 2667/2667 2645/2645
f 2646/2646 2669/2669 2666/2666
f 2646/2646 2666/2666 2643/2643
f 2639/2639 2656/2656 2661/2661
f 2639/2639 2661/2661 2642/2642
f 2641/2641 2659/2659 2657/2657
f 2641/2641 2657/2657 2640/2640
f 2664/2664 2651/2651 2654/2654
f 2664/2664 2654/2654 2670/2670
f 2668/2668 2653/2653 2652/2652
f 2668/2668 2652/2652 2665/2665
f 2655/2655 2648/2648 2649/2649
f 2655/2655 2649/2649 2660/2660
f 2662/2662 2650/2650 2647/2647
f 2662/2662 2647/2647 2658/2658
f 2671/2671 2652/2652 2653/2653
f 2671/2671 2653/2653 2673/2673
f 2674/2674 2654/2654 2651/2651
f 2674/2674 2651/2651 2672/2672
f 2643/2643 2676/2676 2678/2678
f 2643/2643 2678/2678 2646/2646
f 2645/2645 2677/2677 2675/2675
f 2645/2645 2675/2675 2644/2644
f 2639/2639 2676/2676 2565/2565
f 2639/2639 2565/2565 2341/2341
f 2342/2342 2640/2640 2657/2657
f 2342/2342 2657/2657 2423/2423
f 2639/2639 2341/2341 2422/2422
f 2639/2639 2422/2422 2656/2656
f 2342/2342 2566/2566 2675/2675
f 2342/2342 2675/2675 2640/2640
f 2313/2313 2643/2643 2666/2666
f 2313/2313 2666/2666 2496/2496
f 2566/2566 2314/2314 2644/2644
f 2566/2566 2644/2644 2675/2675
f 2676/2676 2643/2643 2313/2313
f 2676/2676 2313/2313 2565/2565
f 2644/2644 2314/2314 2497/2497
f 2644/2644 2497/2497 2663/2663
f 2648/2648 2369/2369 2537/2537
f 2648/2648 2537/2537 2671/2671
f 2424/2424 2658/2658 2647/2647
f 2424/2424 2647/2647 2370/2370
f 2370/2370 2647/2647 2672/2672
f 2370/2370 2672/2672 2538/2538
f 2655/2655 2421/2421 2369/2369
f 2655/2655 2369/2369 2648/2648
f 2495/2495 2665/2665 2652/2652
f 2495/2495 2652/2652 2397/2397
f 2538/2538 2672/2672 2651/2651
f 2538/2538 2651/2651 2398/2398
f 2664/2664 2498/2498 2398/2398
f 2664/2664 2398/2398 2651/2651
f 2671/2671 2537/2537 2397/2397
f 2671/2671 2397/2397 2652/2652
f 2707/2707 2682/2682 2684/2684
f 2707/2707 2684/2684 2708/2708
f 2708/2708 2684/2684 2683/2683
f 2708/2708 2683/2683 2706/2706
f 2704/2704 2685/2685 2687/2687
f 2704/2704 2687/2687 2705/2705
f 2705/2705 2687/2687 2686/2686
f 2705/2705 2686/2686 2703/2703
f 2693/2693 2683/2683 2684/2684
f 2693/2693 2684/2684 2695/2695
f 2695/2695 2684/2684 2682/2682
f 2695/2695 2682/2682 2691/2691
f 2700/2700 2688/2688 2690/2690
f 2700/2700 2690/2690 2702/2702
f 2702/2702 2690/2690 2689/2689
f 2702/2702 2689/2689 2698/2698
f 2685/2685 2694/2694 2696/2696
f 2685/2685 2696/2696 2687/2687
f 2687/2687 2696/2696 2692/2692
f 2687/2687 2692/2692 2686/2686
f 2680/2680 2699/2699 2701/2701
f 2680/2680 2701/2701 2681/2681
f 2681/2681 2701/2701 2697/2697
f 2681/2681 2697/2697 2679/2679
f 2688/2688 2704/2704 2705/2705
f 2688/2688 2705/2705 2690/2690
f 2690/2690 2705/2705 2703/2703
f 2690/2690 2703/2703 2689/2689
f 2679/2679 2707/2707 2708/2708
f 2679/2679 2708/2708 2681/2681
f 2681/2681 2708/2708 2706/2706
f 2681/2681 2706/2706 2680/2680
f 2321/2321 2679/2679 2697/2697
f 2321/2321 2697/2697 2511/2511
f 2574/2574 2322/2322 2680/2680
f 2574/2574 2680/2680 2706/2706
f 2707/2707 2679/2679 2321/2321
f 2707/2707 2321/2321 2573/2573
f 2680/2680 2322/2322 2515/2515
f 2680/2680 2515/2515 2699/2699
f 2682/2682 2707/2707 2573/2573
f 2682/2682 2573/2573 2349/2349
f 2350/2350 2683/2683 2693/2693
f 2350/2350 2693/2693 2443/2443
f 2682/2682 2349/2349 2437/2437
f 2682/2682 2437/2437 2691/2691
f 2350/2350 2574/2574 2706/2706
f 2350/2350 2706/2706 2683/2683
f 2686/2686 2377/2377 2545/2545
f 2686/2686 2545/2545 2703/2703
f 2444/2444 2694/2694 2685/2685
f 2444/2444 2685/2685 2378/2378
f 2378/2378 2685/2685 2704/2704
f 2378/2378 2704/2704 2546/2546
f 2692/2692 2438/2438 2377/2377
f 2692/2692 2377/2377 2686/2686
f 2512/2512 2698/2698 2689/2689
f 2512/2512 2689/2689 2405/2405
f 2546/2546 2704/2704 2688/2688
f 2546/2546 2688/2688 2406/2406
f 2700/2700 2516/2516 2406/2406
f 2700/2700 2406/2406 2688/2688
f 2703/2703 2545/2545 2405/2405
f 2703/2703 2405/2405 2689/2689
f 2737/2737 2712/2712 2714/2714
f 2737/2737 2714/2714 2738/2738
f 2738/2738 2714/2714 2713/2713
f 2738/2738 2713/2713 2736/2736
f 2734/2734 2715/2715 2717/2717
f 2734/2734 2717/2717 2735/2735
f 2735/2735 2717/2717 2716/2716
f 2735/2735 2716/2716 2733/2733
f 2724/2724 2716/2716 2717/2717
f 2724/2724 2717/2717 2726/2726
f 2726/2726 2717/2717 2715/2715
f 2726/2726 2715/2715 2722/2722
f 2729/2729 2718/2718 2720/2720
f 2729/2729 2720/2720 2731/2731
f 2731/2731 2720/2720 2719/2719
f 2731/2731 2719/2719 2727/2727
f 2712/2712 2723/2723 2725/2725
f 2712/2712 2725/2725 2714/2714
f 2714/2714 2725/2725 2721/2721
f 2714/2714 2721/2721 2713/2713
f 2710/2710 2730/2730 2732/2732
f 2710/2710 2732/2732 2711/2711
f 2711/2711 2732/2732 2728/2728
f 2711/2711 2728/2728 2709/2709
f 2718/2718 2734/2734 2735/2735
f 2718/2718 2735/2735 2720/2720
f 2720/2720 2735/2735 2733/2733
f 2720/2720 2733/2733 2719/2719
f 2709/2709 2737/2737 2738/2738
f 2709/2709 2738/2738 2711/2711
f 2711/2711 2738/2738 2736/2736
f 2711/2711 2736/2736 2710/2710
f 2307/2307 2709/2709 2728/2728
f 2307/2307 2728/2728 2484/2484
f 2560/2560 2308/2308 2710/2710
f 2560/2560 2710/2710 2736/2736
f 2737/2737 2709/2709 2307/2307
f 2737/2737 2307/2307 2559/2559
f 2710/2710 2308/2308 2486/2486
f 2710/2710 2486/2486 2730/2730
f 2712/2712 2737/2737 2559/2559
f 2712/2712 2559/2559 2335/2335
f 2336/2336 2713/2713 2721/2721
f 2336/2336 2721/2721 2411/2411
f 2712/2712 2335/2335 2465/2465
f 2712/2712 2465/2465 2723/2723
f 2336/2336 2560/2560 2736/2736
f 2336/2336 2736/2736 2713/2713
f 2716/2716 2363/2363 2531/2531
f 2716/2716 2531/2531 2733/2733
f 2412/2412 2722/2722 2715/2715
f 2412/2412 2715/2715 2364/2364
f 2364/2364 2715/2715 2734/2734
f 2364/2364 2734/2734 2532/2532
f 2724/2724 2466/2466 2363/2363
f 2724/2724 2363/2363 2716/2716
f 2483/2483 2727/2727 2719/2719
f 2483/2483 2719/2719 2391/2391
f 2532/2532 2734/2734 2718/2718
f 2532/2532 2718/2718 2392/2392
f 2729/2729 2485/2485 2392/2392
f 2729/2729 2392/2392 2718/2718
f 2733/2733 2531/2531 2391/2391
f 2733/2733 2391/2391 2719/2719
f 2767/2767 2742/2742 2744/2744
f 2767/2767 2744/2744 2768/2768
f 2768/2768 2744/2744 2743/2743
f 2768/2768 2743/2743 2766/2766
f 2764/2764 2745/2745 2747/2747
f 2764/2764 2747/2747 2765/2765
f 2765/2765 2747/2747 2746/2746
f 2765/2765 2746/2746 2763/2763
f 2760/2760 2748/2748 2750/2750
f 2760/2760 2750/2750 2762/2762
f 2762/2762 2750/2750 2749/2749
f 2762/2762 2749/2749 2758/2758
f 2753/2753 2743/2743 2744/2744
f 2753/2753 2744/2744 2755/2755
f 2755/2755 2744/2744 2742/2742
f 2755/2755 2742/2742 2751/2751
f 2745/2745 2754/2754 2756/2756
f 2745/2745 2756/2756 2747/2747
f 2747/2747 2756/2756 2752/2752
f 2747/2747 2752/2752 2746/2746
f 2740/2740 2759/2759 2761/2761
f 2740/2740 2761/2761 2741/2741
f 2741/2741 2761/2761 2757/2757
f 2741/2741 2757/2757 2739/2739
f 2748/2748 2764/2764 2765/2765
f 2748/2748 2765/2765 2750/2750
f 2750/2750 2765/2765 2763/2763
f 2750/2750 2763/2763 2749/2749
f 2739/2739 2767/2767 2768/2768
f 2739/2739 2768/2768 2741/2741
f 2741/2741 2768/2768 2766/2766
f 2741/2741 2766/2766 2740/2740
f 2304/2304 2739/2739 2757/2757
f 2304/2304 2757/2757 2475/2475
f 2557/2557 2305/2305 2740/2740
f 2557/2557 2740/2740 2766/2766
f 2767/2767 2739/2739 2304/2304
f 2767/2767 2304/2304 2556/2556
f 2740/2740 2305/2305 2479/2479
f 2740/2740 2479/2479 2759/2759
f 2742/2742 2767/2767 2556/2556
f 2742/2742 2556/2556 2332/2332
f 2333/2333 2743/2743 2753/2753
f 2333/2333 2753/2753 2461/2461
f 2742/2742 2332/2332 2459/2459
f 2742/2742 2459/2459 2751/2751
f 2333/2333 2557/2557 2766/2766
f 2333/2333 2766/2766 2743/2743
f 2746/2746 2360/2360 2528/2528
f 2746/2746 2528/2528 2763/2763
f 2462/2462 2754/2754 2745/2745
f 2462/2462 2745/2745 2361/2361
f 2361/2361 2745/2745 2764/2764
f 2361/2361 2764/2764 2529/2529
f 2752/2752 2460/2460 2360/2360
f 2752/2752 2360/2360 2746/2746
f 2476/2476 2758/2758 2749/2749
f 2476/2476 2749/2749 2388/2388
f 2529/2529 2764/2764 2748/2748
f 2529/2529 2748/2748 2389/2389
f 2760/2760 2480/2480 2389/2389
f 2760/2760 2389/2389 2748/2748
f 2763/2763 2528/2528 2388/2388
f 2763/2763 2388/2388 2749/2749
f 2932/2932 2787/2787 2789/2789
f 2932/2932 2789/2789 2935/2935
f 2935/2935 2789/2789 2790/2790
f 2935/2935 2790/2790 2934/2934
f 2934/2934 2790/2790 2791/2791
f 2934/2934 2791/2791 2933/2933
f 2933/2933 2791/2791 2788/2788
f 2933/2933 2788/2788 2931/2931
f 2937/2937 2792/2792 2794/2794
f 2937/2937 2794/2794 2940/2940
f 2940/2940 2794/2794 2795/2795
f 2940/2940 2795/2795 2939/2939
f 2939/2939 2795/2795 2796/2796
f 2939/2939 2796/2796 2938/2938
f 2938/2938 2796/2796 2793/2793
f 2938/2938 2793/2793 2936/2936
f 2942/2942 2797/2797 2799/2799
f 2942/2942 2799/2799 2945/2945
f 2945/2945 2799/2799 2800/2800
f 2945/2945 2800/2800 2944/2944
f 2944/2944 2800/2800 2801/2801
f 2944/2944 2801/2801 2943/2943
f 2943/2943 2801/2801 2798/2798
f 2943/2943 2798/2798 2941/2941
f 2948/2948 2803/2803 2804/2804
f 2948/2948 2804/2804 2947/2947
f 2820/2820 2821/2821 2930/2930
f 2820/2820 2930/2930 2928/2928
f 2914/2914 2805/2805 2807/2807
f 2914/2914 2807/2807 2917/2917
f 2917/2917 2807/2807 2808/2808
f 2917/2917 2808/2808 2916/2916
f 2916/2916 2808/2808 2809/2809
f 2916/2916 2809/2809 2915/2915
f 2915/2915 2809/2809 2806/2806
f 2915/2915 2806/2806 2913/2913
f 2919/2919 2810/2810 2812/2812
f 2919/2919 2812/2812 2922/2922
f 2922/2922 2812/2812 2813/2813
f 2922/2922 2813/2813 2921/2921
f 2921/2921 2813/2813 2814/2814
f 2921/2921 2814/2814 2920/2920
f 2920/2920 2814/2814 2811/2811
f 2920/2920 2811/2811 2918/2918
f 2924/2924 2815/2815 2817/2817
f 2924/2924 2817/2817 2927/2927
f 2927/2927 2817/2817 2818/2818
f 2927/2927 2818/2818 2926/2926
f 2926/2926 2818/2818 2819/2819
f 2926/2926 2819/2819 2925/2925
f 2925/2925 2819/2819 2816/2816
f 2925/2925 2816/2816 2923/2923
f 2804/2804 2876/2876 2872/2872
f 2804/2804 2872/2872 2802/2802
f 2930/2930 2821/2821 2822/2822
f 2930/2930 2822/2822 2929/2929
f 2843/2843 2788/2788 2791/2791
f 2843/2843 2791/2791 2849/2849
f 2849/2849 2791/2791 2790/2790
f 2849/2849 2790/2790 2847/2847
f 2847/2847 2790/2790 2789/2789
f 2847/2847 2789/2789 2845/2845
f 2845/2845 2789/2789 2787/2787
f 2845/2845 2787/2787 2841/2841
f 2853/2853 2793/2793 2796/2796
f 2853/2853 2796/2796 2859/2859
f 2859/2859 2796/2796 2795/2795
f 2859/2859 2795/2795 2857/2857
f 2857/2857 2795/2795 2794/2794
f 2857/2857 2794/2794 2855/2855
f 2855/2855 2794/2794 2792/2792
f 2855/2855 2792/2792 2851/2851
f 2864/2864 2798/2798 2801/2801
f 2864/2864 2801/2801 2870/2870
f 2870/2870 2801/2801 2800/2800
f 2870/2870 2800/2800 2868/2868
f 2868/2868 2800/2800 2799/2799
f 2868/2868 2799/2799 2866/2866
f 2866/2866 2799/2799 2797/2797
f 2866/2866 2797/2797 2862/2862
f 2838/2838 2839/2839 2911/2911
f 2838/2838 2911/2911 2907/2907
f 2876/2876 2804/2804 2803/2803
f 2876/2876 2803/2803 2874/2874
f 2879/2879 2823/2823 2825/2825
f 2879/2879 2825/2825 2885/2885
f 2885/2885 2825/2825 2826/2826
f 2885/2885 2826/2826 2883/2883
f 2883/2883 2826/2826 2827/2827
f 2883/2883 2827/2827 2881/2881
f 2881/2881 2827/2827 2824/2824
f 2881/2881 2824/2824 2877/2877
f 2889/2889 2828/2828 2830/2830
f 2889/2889 2830/2830 2895/2895
f 2895/2895 2830/2830 2831/2831
f 2895/2895 2831/2831 2893/2893
f 2893/2893 2831/2831 2832/2832
f 2893/2893 2832/2832 2891/2891
f 2891/2891 2832/2832 2829/2829
f 2891/2891 2829/2829 2887/2887
f 2899/2899 2833/2833 2835/2835
f 2899/2899 2835/2835 2905/2905
f 2905/2905 2835/2835 2836/2836
f 2905/2905 2836/2836 2903/2903
f 2903/2903 2836/2836 2837/2837
f 2903/2903 2837/2837 2901/2901
f 2901/2901 2837/2837 2834/2834
f 2901/2901 2834/2834 2897/2897
f 2871/2871 2875/2875 2821/2821
f 2871/2871 2821/2821 2820/2820
f 2911/2911 2839/2839 2840/2840
f 2911/2911 2840/2840 2909/2909
f 2805/2805 2844/2844 2850/2850
f 2805/2805 2850/2850 2807/2807
f 2807/2807 2850/2850 2848/2848
f 2807/2807 2848/2848 2808/2808
f 2808/2808 2848/2848 2846/2846
f 2808/2808 2846/2846 2809/2809
f 2809/2809 2846/2846 2842/2842
f 2809/2809 2842/2842 2806/2806
f 2810/2810 2854/2854 2860/2860
f 2810/2810 2860/2860 2812/2812
f 2812/2812 2860/2860 2858/2858
f 2812/2812 2858/2858 2813/2813
f 2813/2813 2858/2858 2856/2856
f 2813/2813 2856/2856 2814/2814
f 2814/2814 2856/2856 2852/2852
f 2814/2814 2852/2852 2811/2811
f 2815/2815 2863/2863 2869/2869
f 2815/2815 2869/2869 2817/2817
f 2817/2817 2869/2869 2867/2867
f 2817/2817 2867/2867 2818/2818
f 2818/2818 2867/2867 2865/2865
f 2818/2818 2865/2865 2819/2819
f 2819/2819 2865/2865 2861/2861
f 2819/2819 2861/2861 2816/2816
f 2908/2908 2912/2912 2786/2786
f 2908/2908 2786/2786 2784/2784
f 2821/2821 2875/2875 2873/2873
f 2821/2821 2873/2873 2822/2822
f 2770/2770 2880/2880 2886/2886
f 2770/2770 2886/2886 2773/2773
f 2773/2773 2886/2886 2884/2884
f 2773/2773 2884/2884 2772/2772
f 2772/2772 2884/2884 2882/2882
f 2772/2772 2882/2882 2771/2771
f 2771/2771 2882/2882 2878/2878
f 2771/2771 2878/2878 2769/2769
f 2775/2775 2890/2890 2896/2896
f 2775/2775 2896/2896 2778/2778
f 2778/2778 2896/2896 2894/2894
f 2778/2778 2894/2894 2777/2777
f 2777/2777 2894/2894 2892/2892
f 2777/2777 2892/2892 2776/2776
f 2776/2776 2892/2892 2888/2888
f 2776/2776 2888/2888 2774/2774
f 2780/2780 2900/2900 2906/2906
f 2780/2780 2906/2906 2783/2783
f 2783/2783 2906/2906 2904/2904
f 2783/2783 2904/2904 2782/2782
f 2782/2782 2904/2904 2902/2902
f 2782/2782 2902/2902 2781/2781
f 2781/2781 2902/2902 2898/2898
f 2781/2781 2898/2898 2779/2779
f 2928/2928 2930/2930 2839/2839
f 2928/2928 2839/2839 2838/2838
f 2786/2786 2912/2912 2910/2910
f 2786/2786 2910/2910 2785/2785
f 2823/2823 2914/2914 2917/2917
f 2823/2823 2917/2917 2825/2825
f 2825/2825 2917/2917 2916/2916
f 2825/2825 2916/2916 2826/2826
f 2826/2826 2916/2916 2915/2915
f 2826/2826 2915/2915 2827/2827
f 2827/2827 2915/2915 2913/2913
f 2827/2827 2913/2913 2824/2824
f 2828/2828 2919/2919 2922/2922
f 2828/2828 2922/2922 2830/2830
f 2830/2830 2922/2922 2921/2921
f 2830/2830 2921/2921 2831/2831
f 2831/2831 2921/2921 2920/2920
f 2831/2831 2920/2920 2832/2832
f 2832/2832 2920/2920 2918/2918
f 2832/2832 2918/2918 2829/2829
f 2833/2833 2924/2924 2927/2927
f 2833/2833 2927/2927 2835/2835
f 2835/2835 2927/2927 2926/2926
f 2835/2835 2926/2926 2836/2836
f 2836/2836 2926/2926 2925/2925
f 2836/2836 2925/2925 2837/2837
f 2837/2837 2925/2925 2923/2923
f 2837/2837 2923/2923 2834/2834
f 2947/2947 2946/2946 2784/2784
f 2947/2947 2784/2784 2786/2786
f 2839/2839 2930/2930 2929/2929
f 2839/2839 2929/2929 2840/2840
f 2769/2769 2932/2932 2935/2935
f 2769/2769 2935/2935 2771/2771
f 2771/2771 2935/2935 2934/2934
f 2771/2771 2934/2934 2772/2772
f 2772/2772 2934/2934 2933/2933
f 2772/2772 2933/2933 2773/2773
f 2773/2773 2933/2933 2931/2931
f 2773/2773 2931/2931 2770/2770
f 2774/2774 2937/2937 2940/2940
f 2774/2774 2940/2940 2776/2776
f 2776/2776 2940/2940 2939/2939
f 2776/2776 2939/2939 2777/2777
f 2777/2777 2939/2939 2938/2938
f 2777/2777 2938/2938 2778/2778
f 2778/2778 2938/2938 2936/2936
f 2778/2778 2936/2936 2775/2775
f 2779/2779 2942/2942 2945/2945
f 2779/2779 2945/2945 2781/2781
f 2781/2781 2945/2945 2944/2944
f 2781/2781 2944/2944 2782/2782
f 2782/2782 2944/2944 2943/2943
f 2782/2782 2943/2943 2783/2783
f 2783/2783 2943/2943 2941/2941
f 2783/2783 2941/2941 2780/2780
f 2948/2948 2977/2977 2951/2951
f 2948/2948 2951/2951 2803/2803
f 2785/2785 2948/2948 2947/2947
f 2785/2785 2947/2947 2786/2786
f 2950/2950 2951/2951 2977/2977
f 2950/2950 2977/2977 2978/2978
f 2976/2976 2949/2949 2950/2950
f 2976/2976 2950/2950 2978/2978
f 2974/2974 2975/2975 2956/2956
f 2974/2974 2956/2956 2957/2957
f 2822/2822 2956/2956 2975/2975
f 2822/2822 2975/2975 2929/2929
f 2955/2955 2973/2973 2974/2974
f 2955/2955 2974/2974 2957/2957
f 2970/2970 2972/2972 2953/2953
f 2970/2970 2953/2953 2954/2954
f 2954/2954 2785/2785 2910/2910
f 2954/2954 2910/2910 2970/2970
f 2803/2803 2951/2951 2966/2966
f 2803/2803 2966/2966 2874/2874
f 2964/2964 2966/2966 2951/2951
f 2964/2964 2951/2951 2950/2950
f 2953/2953 2972/2972 2968/2968
f 2953/2953 2968/2968 2952/2952
f 2949/2949 2962/2962 2964/2964
f 2949/2949 2964/2964 2950/2950
f 2959/2959 2960/2960 2971/2971
f 2959/2959 2971/2971 2969/2969
f 2969/2969 2909/2909 2840/2840
f 2969/2969 2840/2840 2959/2959
f 2873/2873 2965/2965 2956/2956
f 2873/2873 2956/2956 2822/2822
f 2957/2957 2956/2956 2965/2965
f 2957/2957 2965/2965 2963/2963
f 2971/2971 2960/2960 2958/2958
f 2971/2971 2958/2958 2967/2967
f 2961/2961 2955/2955 2957/2957
f 2961/2961 2957/2957 2963/2963
f 2959/2959 2975/2975 2974/2974
f 2959/2959 2974/2974 2960/2960
f 2929/2929 2975/2975 2959/2959
f 2929/2929 2959/2959 2840/2840
f 2973/2973 2958/2958 2960/2960
f 2973/2973 2960/2960 2974/2974
f 2978/2978 2977/2977 2954/2954
f 2978/2978 2954/2954 2953/2953
f 2785/2785 2954/2954 2977/2977
f 2785/2785 2977/2977 2948/2948
f 2952/2952 2976/2976 2978/2978
f 2952/2952 2978/2978 2953/2953
f 2309/2309 2769/2769 2878/2878
f 2309/2309 2878/2878 2488/2488
f 2562/2562 2310/2310 2770/2770
f 2562/2562 2770/2770 2931/2931
f 2932/2932 2769/2769 2309/2309
f 2932/2932 2309/2309 2561/2561
f 2770/2770 2310/2310 2490/2490
f 2770/2770 2490/2490 2880/2880
f 2310/2310 2774/2774 2888/2888
f 2310/2310 2888/2888 2490/2490
f 2564/2564 2312/2312 2775/2775
f 2564/2564 2775/2775 2936/2936
f 2937/2937 2774/2774 2310/2310
f 2937/2937 2310/2310 2562/2562
f 2775/2775 2312/2312 2494/2494
f 2775/2775 2494/2494 2890/2890
f 2780/2780 2952/2952 2968/2968
f 2780/2780 2968/2968 2900/2900
f 2630/2630 2779/2779 2898/2898
f 2630/2630 2898/2898 2636/2636
f 2976/2976 2952/2952 2780/2780
f 2976/2976 2780/2780 2941/2941
f 2942/2942 2779/2779 2630/2630
f 2942/2942 2630/2630 2638/2638
f 2784/2784 2313/2313 2496/2496
f 2784/2784 2496/2496 2908/2908
f 2565/2565 2313/2313 2784/2784
f 2565/2565 2784/2784 2946/2946
f 2787/2787 2932/2932 2561/2561
f 2787/2787 2561/2561 2337/2337
f 2338/2338 2788/2788 2843/2843
f 2338/2338 2843/2843 2415/2415
f 2787/2787 2337/2337 2413/2413
f 2787/2787 2413/2413 2841/2841
f 2338/2338 2562/2562 2931/2931
f 2338/2338 2931/2931 2788/2788
f 2792/2792 2937/2937 2562/2562
f 2792/2792 2562/2562 2338/2338
f 2340/2340 2793/2793 2853/2853
f 2340/2340 2853/2853 2419/2419
f 2792/2792 2338/2338 2415/2415
f 2792/2792 2415/2415 2851/2851
f 2340/2340 2564/2564 2936/2936
f 2340/2340 2936/2936 2793/2793
f 2949/2949 2976/2976 2941/2941
f 2949/2949 2941/2941 2798/2798
f 2797/2797 2942/2942 2638/2638
f 2797/2797 2638/2638 2629/2629
f 2949/2949 2798/2798 2864/2864
f 2949/2949 2864/2864 2962/2962
f 2797/2797 2629/2629 2634/2634
f 2797/2797 2634/2634 2862/2862
f 2341/2341 2565/2565 2946/2946
f 2341/2341 2946/2946 2802/2802
f 2341/2341 2802/2802 2872/2872
f 2341/2341 2872/2872 2422/2422
f 2806/2806 2365/2365 2533/2533
f 2806/2806 2533/2533 2913/2913
f 2416/2416 2844/2844 2805/2805
f 2416/2416 2805/2805 2366/2366
f 2366/2366 2805/2805 2914/2914
f 2366/2366 2914/2914 2534/2534
f 2842/2842 2414/2414 2365/2365
f 2842/2842 2365/2365 2806/2806
f 2811/2811 2366/2366 2534/2534
f 2811/2811 2534/2534 2918/2918
f 2420/2420 2854/2854 2810/2810
f 2420/2420 2810/2810 2368/2368
f 2368/2368 2810/2810 2919/2919
f 2368/2368 2919/2919 2536/2536
f 2852/2852 2416/2416 2366/2366
f 2852/2852 2366/2366 2811/2811
f 2955/2955 2815/2815 2924/2924
f 2955/2955 2924/2924 2973/2973
f 2861/2861 2633/2633 2631/2631
f 2861/2861 2631/2631 2816/2816
f 2816/2816 2631/2631 2637/2637
f 2816/2816 2637/2637 2923/2923
f 2961/2961 2863/2863 2815/2815
f 2961/2961 2815/2815 2955/2955
f 2369/2369 2820/2820 2928/2928
f 2369/2369 2928/2928 2537/2537
f 2421/2421 2871/2871 2820/2820
f 2421/2421 2820/2820 2369/2369
f 2487/2487 2877/2877 2824/2824
f 2487/2487 2824/2824 2393/2393
f 2534/2534 2914/2914 2823/2823
f 2534/2534 2823/2823 2394/2394
f 2879/2879 2489/2489 2394/2394
f 2879/2879 2394/2394 2823/2823
f 2913/2913 2533/2533 2393/2393
f 2913/2913 2393/2393 2824/2824
f 2489/2489 2887/2887 2829/2829
f 2489/2489 2829/2829 2394/2394
f 2536/2536 2919/2919 2828/2828
f 2536/2536 2828/2828 2396/2396
f 2889/2889 2493/2493 2396/2396
f 2889/2889 2396/2396 2828/2828
f 2918/2918 2534/2534 2394/2394
f 2918/2918 2394/2394 2829/2829
f 2899/2899 2967/2967 2958/2958
f 2899/2899 2958/2958 2833/2833
f 2923/2923 2637/2637 2632/2632
f 2923/2923 2632/2632 2834/2834
f 2635/2635 2897/2897 2834/2834
f 2635/2635 2834/2834 2632/2632
f 2973/2973 2924/2924 2833/2833
f 2973/2973 2833/2833 2958/2958
f 2907/2907 2495/2495 2397/2397
f 2907/2907 2397/2397 2838/2838
f 2537/2537 2928/2928 2838/2838
f 2537/2537 2838/2838 2397/2397
f 2804/2804 2802/2802 2946/2946
f 2804/2804 2946/2946 2947/2947
f 2992/2992 2996/2996 2997/2997
f 2992/2992 2997/2997 2993/2993
f 2982/2982 2983/2983 3043/3043
f 2982/2982 3043/3043 3042/3042
f 2988/2988 2992/2992 2993/2993
f 2988/2988 2993/2993 2989/2989
f 3012/3012 2992/2992 2988/2988
f 2980/2980 3012/3012 2984/2984
f 2981/2981 2982/2982 3042/3042
f 2981/2981 3042/3042 3041/3041
f 2982/2982 2981/2981 2985/2985
f 2982/2982 2985/2985 2986/2986
f 2984/2984 3012/3012 2988/2988
f 2983/2983 2982/2982 2986/2986
f 2983/2983 2986/2986 2987/2987
f 2981/2981 2980/2980 2984/2984
f 2981/2981 2984/2984 2985/2985
f 2985/2985 2984/2984 2988/2988
f 2985/2985 2988/2988 2989/2989
f 2986/2986 2985/2985 2989/2989
f 2986/2986 2989/2989 2990/2990
f 3004/3004 3012/3012 3008/3008
f 2987/2987 2986/2986 2990/2990
f 2987/2987 2990/2990 2991/2991
f 3005/3005 3004/3004 3008/3008
f 3005/3005 3008/3008 3009/3009
f 2989/2989 2993/2993 2994/2994
f 2989/2989 2994/2994 2990/2990
f 2990/2990 2994/2994 2995/2995
f 2990/2990 2995/2995 2991/2991
f 3012/3012 3025/3025 3021/3021
f 2993/2993 2997/2997 2998/2998
f 2993/2993 2998/2998 2994/2994
f 2994/2994 2998/2998 2999/2999
f 2994/2994 2999/2999 2995/2995
f 3005/3005 3009/3009 3010/3010
f 3005/3005 3010/3010 3006/3006
f 2996/2996 3012/3012 3000/3000
f 2998/2998 2997/2997 3001/3001
f 2998/2998 3001/3001 3002/3002
f 3000/3000 3012/3012 3004/3004
f 2999/2999 2998/2998 3002/3002
f 2999/2999 3002/3002 3003/3003
f 2997/2997 2996/2996 3000/3000
f 2997/2997 3000/3000 3001/3001
f 3001/3001 3000/3000 3004/3004
f 3001/3001 3004/3004 3005/3005
f 3002/3002 3001/3001 3005/3005
f 3002/3002 3005/3005 3006/3006
f 3003/3003 3002/3002 3006/3006
f 3003/3003 3006/3006 3007/3007
f 3012/3012 3029/3029 3025/3025
f 3021/3021 3025/3025 3026/3026
f 3021/3021 3026/3026 3022/3022
f 3006/3006 3010/3010 3011/3011
f 3006/3006 3011/3011 3007/3007
f 3025/3025 3029/3029 3030/3030
f 3025/3025 3030/3030 3026/3026
f 3008/3008 3012/3012 3013/3013
f 3013/3013 3012/3012 3017/3017
f 3011/3011 3010/3010 3015/3015
f 3011/3011 3015/3015 3016/3016
f 3009/3009 3008/3008 3013/3013
f 3009/3009 3013/3013 3014/3014
f 3010/3010 3009/3009 3014/3014
f 3010/3010 3014/3014 3015/3015
f 3014/3014 3013/3013 3017/3017
f 3014/3014 3017/3017 3018/3018
f 3015/3015 3014/3014 3018/3018
f 3015/3015 3018/3018 3019/3019
f 3017/3017 3012/3012 3021/3021
f 3016/3016 3015/3015 3019/3019
f 3016/3016 3019/3019 3020/3020
f 3018/3018 3017/3017 3021/3021
f 3018/3018 3021/3021 3022/3022
f 3019/3019 3018/3018 3022/3022
f 3019/3019 3022/3022 3023/3023
f 3020/3020 3019/3019 3023/3023
f 3020/3020 3023/3023 3024/3024
f 3023/3023 3027/3027 3028/3028
f 3023/3023 3028/3028 3024/3024
f 2979/2979 3012/3012 2980/2980
f 3022/3022 3026/3026 3027/3027
f 3022/3022 3027/3027 3023/3023
f 3026/3026 3030/3030 3031/3031
f 3026/3026 3031/3031 3027/3027
f 3027/3027 3031/3031 3032/3032
f 3027/3027 3032/3032 3028/3028
f 3029/3029 3012/3012 3033/3033
f 3030/3030 3029/3029 3033/3033
f 3030/3030 3033/3033 3034/3034
f 3031/3031 3030/3030 3034/3034
f 3031/3031 3034/3034 3035/3035
f 3033/3033 3012/3012 3037/3037
f 3032/3032 3031/3031 3035/3035
f 3032/3032 3035/3035 3036/3036
f 3036/3036 3035/3035 3039/3039
f 3036/3036 3039/3039 3040/3040
f 3037/3037 3012/3012 2979/2979
f 3034/3034 3033/3033 3037/3037
f 3034/3034 3037/3037 3038/3038
f 3035/3035 3034/3034 3038/3038
f 3035/3035 3038/3038 3039/3039
f 3039/3039 3038/3038 3041/3041
f 3039/3039 3041/3041 3042/3042
f 3012/3012 2996/2996 2992/2992
f 3040/3040 3039/3039 3042/3042
f 3040/3040 3042/3042 3043/3043
f 3038/3038 3037/3037 2979/2979
f 3038/3038 2979/2979 3041/3041
f 2979/2979 2980/2980 2981/2981
f 2979/2979 2981/2981 3041/3041
f 3057/3057 3061/3061 3062/3062
f 3057/3057 3062/3062 3058/3058
f 3047/3047 3048/3048 3108/3108
f 3047/3047 3108/3108 3107/3107
f 3053/3053 3057/3057 3058/3058
f 3053/3053 3058/3058 3054/3054
f 3077/3077 3057/3057 3053/3053
f 3045/3045 3077/3077 3049/3049
f 3046/3046 3047/3047 3107/3107
f 3046/3046 3107/3107 3106/3106
f 3047/3047 3046/3046 3050/3050
f 3047/3047 3050/3050 3051/3051
f 3049/3049 3077/3077 3053/3053
f 3048/3048 3047/3047 3051/3051
f 3048/3048 3051/3051 3052/3052
f 3046/3046 3045/3045 3049/3049
f 3046/3046 3049/3049 3050/3050
f 3050/3050 3049/3049 3053/3053
f 3050/3050 3053/3053 3054/3054
f 3051/3051 3050/3050 3054/3054
f 3051/3051 3054/3054 3055/3055
f 3069/3069 3077/3077 3073/3073
f 3052/3052 3051/3051 3055/3055
f 3052/3052 3055/3055 3056/3056
f 3070/3070 3069/3069 3073/3073
f 3070/3070 3073/3073 3074/3074
f 3054/3054 3058/3058 3059/3059
f 3054/3054 3059/3059 3055/3055
f 3055/3055 3059/3059 3060/3060
f 3055/3055 3060/3060 3056/3056
f 3077/3077 3090/3090 3086/3086
f 3058/3058 3062/3062 3063/3063
f 3058/3058 3063/3063 3059/3059
f 3059/3059 3063/3063 3064/3064
f 3059/3059 3064/3064 3060/3060
f 3070/3070 3074/3074 3075/3075
f 3070/3070 3075/3075 3071/3071
f 3061/3061 3077/3077 3065/3065
f 3063/3063 3062/3062 3066/3066
f 3063/3063 3066/3066 3067/3067
f 3065/3065 3077/3077 3069/3069
f 3064/3064 3063/3063 3067/3067
f 3064/3064 3067/3067 3068/3068
f 3062/3062 3061/3061 3065/3065
f 3062/3062 3065/3065 3066/3066
f 3066/3066 3065/3065 3069/3069
f 3066/3066 3069/3069 3070/3070
f 3067/3067 3066/3066 3070/3070
f 3067/3067 3070/3070 3071/3071
f 3068/3068 3067/3067 3071/3071
f 3068/3068 3071/3071 3072/3072
f 3077/3077 3094/3094 3090/3090
f 3086/3086 3090/3090 3091/3091
f 3086/3086 3091/3091 3087/3087
f 3071/3071 3075/3075 3076/3076
f 3071/3071 3076/3076 3072/3072
f 3090/3090 3094/3094 3095/3095
f 3090/3090 3095/3095 3091/3091
f 3073/3073 3077/3077 3078/3078
f 3078/3078 3077/3077 3082/3082
f 3076/3076 3075/3075 3080/3080
f 3076/3076 3080/3080 3081/3081
f 3074/3074 3073/3073 3078/3078
f 3074/3074 3078/3078 3079/3079
f 3075/3075 3074/3074 3079/3079
f 3075/3075 3079/3079 3080/3080
f 3079/3079 3078/3078 3082/3082
f 3079/3079 3082/3082 3083/3083
f 3080/3080 3079/3079 3083/3083
f 3080/3080 3083/3083 3084/3084
f 3082/3082 3077/3077 3086/3086
f 3081/3081 3080/3080 3084/3084
f 3081/3081 3084/3084 3085/3085
f 3083/3083 3082/3082 3086/3086
f 3083/3083 3086/3086 3087/3087
f 3084/3084 3083/3083 3087/3087
f 3084/3084 3087/3087 3088/3088
f 3085/3085 3084/3084 3088/3088
f 3085/3085 3088/3088 3089/3089
f 3088/3088 3092/3092 3093/3093
f 3088/3088 3093/3093 3089/3089
f 3044/3044 3077/3077 3045/3045
f 3087/3087 3091/3091 3092/3092
f 3087/3087 3092/3092 3088/3088
f 3091/3091 3095/3095 3096/3096
f 3091/3091 3096/3096 3092/3092
f 3092/3092 3096/3096 3097/3097
f 3092/3092 3097/3097 3093/3093
f 3094/3094 3077/3077 3098/3098
f 3095/3095 3094/3094 3098/3098
f 3095/3095 3098/3098 3099/3099
f 3096/3096 3095/3095 3099/3099
f 3096/3096 3099/3099 3100/3100
f 3098/3098 3077/3077 3102/3102
f 3097/3097 3096/3096 3100/3100
f 3097/3097 3100/3100 3101/3101
f 3101/3101 3100/3100 3104/3104
f 3101/3101 3104/3104 3105/3105
f 3102/3102 3077/3077 3044/3044
f 3099/3099 3098/3098 3102/3102
f 3099/3099 3102/3102 3103/3103
f 3100/3100 3099/3099 3103/3103
f 3100/3100 3103/3103 3104/3104
f 3104/3104 3103/3103 3106/3106
f 3104/3104 3106/3106 3107/3107
f 3077/3077 3061/3061 3057/3057
f 3105/3105 3104/3104 3107/3107
f 3105/3105 3107/3107 3108/3108
f 3103/3103 3102/3102 3044/3044
f 3103/3103 3044/3044 3106/3106
f 3044/3044 3045/3045 3046/3046
f 3044/3044 3046/3046 3106/3106
f 3122/3122 3126/3126 3127/3127
f 3122/3122 3127/3127 3123/3123
f 3112/3112 3113/3113 3173/3173
f 3112/3112 3173/3173 3172/3172
f 3118/3118 3122/3122 3123/3123
f 3118/3118 3123/3123 3119/3119
f 3142/3142 3122/3122 3118/3118
f 3110/3110 3142/3142 3114/3114
f 3111/3111 3112/3112 3172/3172
f 3111/3111 3172/3172 3171/3171
f 3112/3112 3111/3111 3115/3115
f 3112/3112 3115/3115 3116/3116
f 3114/3114 3142/3142 3118/3118
f 3113/3113 3112/3112 3116/3116
f 3113/3113 3116/3116 3117/3117
f 3111/3111 3110/3110 3114/3114
f 3111/3111 3114/3114 3115/3115
f 3115/3115 3114/3114 3118/3118
f 3115/3115 3118/3118 3119/3119
f 3116/3116 3115/3115 3119/3119
f 3116/3116 3119/3119 3120/3120
f 3134/3134 3142/3142 3138/3138
f 3117/3117 3116/3116 3120/3120
f 3117/3117 3120/3120 3121/3121
f 3135/3135 3134/3134 3138/3138
f 3135/3135 3138/3138 3139/3139
f 3119/3119 3123/3123 3124/3124
f 3119/3119 3124/3124 3120/3120
f 3120/3120 3124/3124 3125/3125
f 3120/3120 3125/3125 3121/3121
f 3142/3142 3155/3155 3151/3151
f 3123/3123 3127/3127 3128/3128
f 3123/3123 3128/3128 3124/3124
f 3124/3124 3128/3128 3129/3129
f 3124/3124 3129/3129 3125/3125
f 3135/3135 3139/3139 3140/3140
f 3135/3135 3140/3140 3136/3136
f 3126/3126 3142/3142 3130/3130
f 3128/3128 3127/3127 3131/3131
f 3128/3128 3131/3131 3132/3132
f 3130/3130 3142/3142 3134/3134
f 3129/3129 3128/3128 3132/3132
f 3129/3129 3132/3132 3133/3133
f 3127/3127 3126/3126 3130/3130
f 3127/3127 3130/3130 3131/3131
f 3131/3131 3130/3130 3134/3134
f 3131/3131 3134/3134 3135/3135
f 3132/3132 3131/3131 3135/3135
f 3132/3132 3135/3135 3136/3136
f 3133/3133 3132/3132 3136/3136
f 3133/3133 3136/3136 3137/3137
f 3142/3142 3159/3159 3155/3155
f 3151/3151 3155/3155 3156/3156
f 3151/3151 3156/3156 3152/3152
f 3136/3136 3140/3140 3141/3141
f 3136/3136 3141/3141 3137/3137
f 3155/3155 3159/3159 3160/3160
f 3155/3155 3160/3160 3156/3156
f 3138/3138 3142/3142 3143/3143
f 3143/3143 3142/3142 3147/3147
f 3141/3141 3140/3140 3145/3145
f 3141/3141 3145/3145 3146/3146
f 3139/3139 3138/3138 3143/3143
f 3139/3139 3143/3143 3144/3144
f 3140/3140 3139/3139 3144/3144
f 3140/3140 3144/3144 3145/3145
f 3144/3144 3143/3143 3147/3147
f 3144/3144 3147/3147 3148/3148
f 3145/3145 3144/3144 3148/3148
f 3145/3145 3148/3148 3149/3149
f 3147/3147 3142/3142 3151/3151
f 3146/3146 3145/3145 3149/3149
f 3146/3146 3149/3149 3150/3150
f 3148/3148 3147/3147 3151/3151
f 3148/3148 3151/3151 3152/3152
f 3149/3149 3148/3148 3152/3152
f 3149/3149 3152/3152 3153/3153
f 3150/3150 3149/3149 3153/3153
f 3150/3150 3153/3153 3154/3154
f 3153/3153 3157/3157 3158/3158
f 3153/3153 3158/3158 3154/3154
f 3109/3109 3142/3142 3110/3110
f 3152/3152 3156/3156 3157/3157
f 3152/3152 3157/3157 3153/3153
f 3156/3156 3160/3160 3161/3161
f 3156/3156 3161/3161 3157/3157
f 3157/3157 3161/3161 3162/3162
f 3157/3157 3162/3162 3158/3158
f 3159/3159 3142/3142 3163/3163
f 3160/3160 3159/3159 3163/3163
f 3160/3160 3163/3163 3164/3164
f 3161/3161 3160/3160 3164/3164
f 3161/3161 3164/3164 3165/3165
f 3163/3163 3142/3142 3167/3167
f 3162/3162 3161/3161 3165/3165
f 3162/3162 3165/3165 3166/3166
f 3166/3166 3165/3165 3169/3169
f 3166/3166 3169/3169 3170/3170
f 3167/3167 3142/3142 3109/3109
f 3164/3164 3163/3163 3167/3167
f 3164/3164 3167/3167 3168/3168
f 3165/3165 3164/3164 3168/3168
f 3165/3165 3168/3168 3169/3169
f 3169/3169 3168/3168 3171/3171
f 3169/3169 3171/3171 3172/3172
f 3142/3142 3126/3126 3122/3122
f 3170/3170 3169/3169 3172/3172
f 3170/3170 3172/3172 3173/3173
f 3168/3168 3167/3167 3109/3109
f 3168/3168 3109/3109 3171/3171
f 3109/3109 3110/3110 3111/3111
f 3109/3109 3111/3111 3171/3171
f 3187/3187 3191/3191 3192/3192
f 3187/3187 3192/3192 3188/3188
f 3177/3177 3178/3178 3238/3238
f 3177/3177 3238/3238 3237/3237
f 3183/3183 3187/3187 3188/3188
f 3183/3183 3188/3188 3184/3184
f 3207/3207 3187/3187 3183/3183
f 3175/3175 3207/3207 3179/3179
f 3176/3176 3177/3177 3237/3237
f 3176/3176 3237/3237 3236/3236
f 3177/3177 3176/3176 3180/3180
f 3177/3177 3180/3180 3181/3181
f 3179/3179 3207/3207 3183/3183
f 3178/3178 3177/3177 3181/3181
f 3178/3178 3181/3181 3182/3182
f 3176/3176 3175/3175 3179/3179
f 3176/3176 3179/3179 3180/3180
f 3180/3180 3179/3179 3183/3183
f 3180/3180 3183/3183 3184/3184
f 3181/3181 3180/3180 3184/3184
f 3181/3181 3184/3184 3185/3185
f 3199/3199 3207/3207 3203/3203
f 3182/3182 3181/3181 3185/3185
f 3182/3182 3185/3185 3186/3186
f 3200/3200 3199/3199 3203/3203
f 3200/3200 3203/3203 3204/3204
f 3184/3184 3188/3188 3189/3189
f 3184/3184 3189/3189 3185/3185
f 3185/3185 3189/3189 3190/3190
f 3185/3185 3190/3190 3186/3186
f 3207/3207 3220/3220 3216/3216
f 3188/3188 3192/3192 3193/3193
f 3188/3188 3193/3193 3189/3189
f 3189/3189 3193/3193 3194/3194
f 3189/3189 3194/3194 3190/3190
f 3200/3200 3204/3204 3205/3205
f 3200/3200 3205/3205 3201/3201
f 3191/3191 3207/3207 3195/3195
f 3193/3193 3192/3192 3196/3196
f 3193/3193 3196/3196 3197/3197
f 3195/3195 3207/3207 3199/3199
f 3194/3194 3193/3193 3197/3197
f 3194/3194 3197/3197 3198/3198
f 3192/3192 3191/3191 3195/3195
f 3192/3192 3195/3195 3196/3196
f 3196/3196 3195/3195 3199/3199
f 3196/3196 3199/3199 3200/3200
f 3197/3197 3196/3196 3200/3200
f 3197/3197 3200/3200 3201/3201
f 3198/3198 3197/3197 3201/3201
f 3198/3198 3201/3201 3202/3202
f 3207/3207 3224/3224 3220/3220
f 3216/3216 3220/3220 3221/3221
f 3216/3216 3221/3221 3217/3217
f 3201/3201 3205/3205 3206/3206
f 3201/3201 3206/3206 3202/3202
f 3220/3220 3224/3224 3225/3225
f 3220/3220 3225/3225 3221/3221
f 3203/3203 3207/3207 3208/3208
f 3208/3208 3207/3207 3212/3212
f 3206/3206 3205/3205 3210/3210
f 3206/3206 3210/3210 3211/3211
f 3204/3204 3203/3203 3208/3208
f 3204/3204 3208/3208 3209/3209
f 3205/3205 3204/3204 3209/3209
f 3205/3205 3209/3209 3210/3210
f 3209/3209 3208/3208 3212/3212
f 3209/3209 3212/3212 3213/3213
f 3210/3210 3209/3209 3213/3213
f 3210/3210 3213/3213 3214/3214
f 3212/3212 3207/3207 3216/3216
f 3211/3211 3210/3210 3214/3214
f 3211/3211 3214/3214 3215/3215
f 3213/3213 3212/3212 3216/3216
f 3213/3213 3216/3216 3217/3217
f 3214/3214 3213/3213 3217/3217
f 3214/3214 3217/3217 3218/3218
f 3215/3215 3214/3214 3218/3218
f 3215/3215 3218/3218 3219/3219
f 3218/3218 3222/3222 3223/3223
f 3218/3218 3223/3223 3219/3219
f 3174/3174 3207/3207 3175/3175
f 3217/3217 3221/3221 3222/3222
f 3217/3217 3222/3222 3218/3218
f 3221/3221 3225/3225 3226/3226
f 3221/3221 3226/3226 3222/3222
f 3222/3222 3226/3226 3227/3227
f 3222/3222 3227/3227 3223/3223
f 3224/3224 3207/3207 3228/3228
f 3225/3225 3224/3224 3228/3228
f 3225/3225 3228/3228 3229/3229
f 3226/3226 3225/3225 3229/3229
f 3226/3226 3229/3229 3230/3230
f 3228/3228 3207/3207 3232/3232
f 3227/3227 3226/3226 3230/3230
f 3227/3227 3230/3230 3231/3231
f 3231/3231 3230/3230 3234/3234
f 3231/3231 3234/3234 3235/3235
f 3232/3232 3207/3207 3174/3174
f 3229/3229 3228/3228 3232/3232
f 3229/3229 3232/3232 3233/3233
f 3230/3230 3229/3229 3233/3233
f 3230/3230 3233/3233 3234/3234
f 3234/3234 3233/3233 3236/3236
f 3234/3234 3236/3236 3237/3237
f 3207/3207 3191/3191 3187/3187
f 3235/3235 3234/3234 3237/3237
f 3235/3235 3237/3237 3238/3238
f 3233/3233 3232/3232 3174/3174
f 3233/3233 3174/3174 3236/3236
f 3174/3174 3175/3175 3176/3176
f 3174/3174 3176/3176 3236/3236
f 3348/3348 3244/3244 3247/3247
f 3348/3348 3247/3247 3352/3352
f 3350/3350 3246/3246 3248/3248
f 3350/3350 3248/3248 3353/3353
f 3355/3355 3249/3249 3250/3250
f 3355/3355 3250/3250 3357/3357
f 3358/3358 3251/3251 3253/3253
f 3358/3358 3253/3253 3361/3361
f 3359/3359 3252/3252 3254/3254
f 3359/3359 3254/3254 3362/3362
f 3364/3364 3255/3255 3245/3245
f 3364/3364 3245/3245 3349/3349
f 3242/3242 3259/3259 3290/3290
f 3242/3242 3290/3290 3283/3283
f 3338/3338 3378/3378 3407/3407
f 3338/3338 3407/3407 3402/3402
f 3262/3262 3263/3263 3300/3300
f 3262/3262 3300/3300 3297/3297
f 3269/3269 3272/3272 3315/3315
f 3269/3269 3315/3315 3310/3310
f 3287/3287 3291/3291 3329/3329
f 3287/3287 3329/3329 3327/3327
f 3292/3292 3256/3256 3261/3261
f 3292/3292 3261/3261 3296/3296
f 3273/3273 3275/3275 3278/3278
f 3273/3273 3278/3278 3318/3318
f 3279/3279 3276/3276 3241/3241
f 3279/3279 3241/3241 3282/3282
f 3314/3314 3271/3271 3274/3274
f 3314/3314 3274/3274 3319/3319
f 3324/3324 3281/3281 3288/3288
f 3324/3324 3288/3288 3328/3328
f 3336/3336 3302/3302 3308/3308
f 3336/3336 3308/3308 3341/3341
f 3301/3301 3264/3264 3265/3265
f 3301/3301 3265/3265 3304/3304
f 3322/3322 3280/3280 3284/3284
f 3322/3322 3284/3284 3325/3325
f 3478/3478 3372/3372 3373/3373
f 3478/3478 3373/3373 3480/3480
f 3295/3295 3298/3298 3333/3333
f 3295/3295 3333/3333 3331/3331
f 3309/3309 3313/3313 3344/3344
f 3309/3309 3344/3344 3342/3342
f 3329/3329 3291/3291 3294/3294
f 3329/3329 3294/3294 3330/3330
f 3260/3260 3323/3323 3327/3327
f 3334/3334 3299/3299 3303/3303
f 3334/3334 3303/3303 3337/3337
f 3474/3474 3239/3239 3371/3371
f 3474/3474 3371/3371 3477/3477
f 3317/3317 3277/3277 3321/3321
f 3317/3317 3321/3321 3346/3346
f 3327/3327 3329/3329 3260/3260
f 3343/3343 3312/3312 3316/3316
f 3343/3343 3316/3316 3345/3345
f 3260/3260 3335/3335 3340/3340
f 3260/3260 3320/3320 3323/3323
f 3471/3471 3268/3268 3240/3240
f 3471/3471 3240/3240 3475/3475
f 3330/3330 3332/3332 3260/3260
f 3340/3340 3343/3343 3260/3260
f 3260/3260 3329/3329 3330/3330
f 3462/3462 3306/3306 3286/3286
f 3462/3462 3286/3286 3467/3467
f 3260/3260 3332/3332 3335/3335
f 3466/3466 3285/3285 3267/3267
f 3466/3466 3267/3267 3470/3470
f 3345/3345 3320/3320 3260/3260
f 3260/3260 3343/3343 3345/3345
f 3366/3366 3365/3365 3347/3347
f 3366/3366 3347/3347 3351/3351
f 3367/3367 3366/3366 3351/3351
f 3367/3367 3351/3351 3354/3354
f 3368/3368 3367/3367 3354/3354
f 3368/3368 3354/3354 3356/3356
f 3369/3369 3368/3368 3356/3356
f 3369/3369 3356/3356 3360/3360
f 3370/3370 3369/3369 3360/3360
f 3370/3370 3360/3360 3363/3363
f 3365/3365 3370/3370 3363/3363
f 3365/3365 3363/3363 3347/3347
f 3481/3481 3374/3374 3307/3307
f 3481/3481 3307/3307 3463/3463
f 3243/3243 3365/3365 3366/3366
f 3243/3243 3366/3366 3367/3367
f 3243/3243 3367/3367 3368/3368
f 3243/3243 3368/3368 3369/3369
f 3243/3243 3369/3369 3370/3370
f 3243/3243 3370/3370 3365/3365
f 3257/3257 3293/3293 3289/3289
f 3257/3257 3289/3289 3258/3258
f 3266/3266 3270/3270 3311/3311
f 3266/3266 3311/3311 3305/3305
f 3383/3383 3384/3384 3418/3418
f 3383/3383 3418/3418 3415/3415
f 3388/3388 3390/3390 3429/3429
f 3388/3388 3429/3429 3426/3426
f 3404/3404 3408/3408 3443/3443
f 3404/3404 3443/3443 3441/3441
f 3410/3410 3375/3375 3382/3382
f 3410/3410 3382/3382 3414/3414
f 3393/3393 3394/3394 3398/3398
f 3393/3393 3398/3398 3433/3433
f 3399/3399 3395/3395 3339/3339
f 3399/3399 3339/3339 3403/3403
f 3430/3430 3391/3391 3392/3392
f 3430/3430 3392/3392 3432/3432
f 3440/3440 3401/3401 3405/3405
f 3440/3440 3405/3405 3442/3442
f 3449/3449 3420/3420 3424/3424
f 3449/3449 3424/3424 3452/3452
f 3419/3419 3385/3385 3387/3387
f 3419/3419 3387/3387 3423/3423
f 3436/3436 3397/3397 3400/3400
f 3436/3436 3400/3400 3439/3439
f 3412/3412 3416/3416 3447/3447
f 3412/3412 3447/3447 3445/3445
f 3425/3425 3428/3428 3456/3456
f 3425/3425 3456/3456 3453/3453
f 3444/3444 3409/3409 3413/3413
f 3444/3444 3413/3413 3446/3446
f 3380/3380 3438/3438 3441/3441
f 3448/3448 3417/3417 3421/3421
f 3448/3448 3421/3421 3451/3451
f 3431/3431 3396/3396 3434/3434
f 3431/3431 3434/3434 3458/3458
f 3442/3442 3444/3444 3381/3381
f 3456/3456 3428/3428 3431/3431
f 3456/3456 3431/3431 3458/3458
f 3381/3381 3451/3451 3455/3455
f 3379/3379 3434/3434 3437/3437
f 3445/3445 3447/3447 3380/3380
f 3454/3454 3457/3457 3380/3380
f 3380/3380 3443/3443 3445/3445
f 3380/3380 3447/3447 3450/3450
f 3459/3459 3435/3435 3380/3380
f 3380/3380 3457/3457 3459/3459
f 3484/3484 3482/3482 3460/3460
f 3484/3484 3460/3460 3464/3464
f 3486/3486 3485/3485 3465/3465
f 3486/3486 3465/3465 3468/3468
f 3489/3489 3487/3487 3469/3469
f 3489/3489 3469/3469 3473/3473
f 3490/3490 3488/3488 3472/3472
f 3490/3490 3472/3472 3476/3476
f 3491/3491 3490/3490 3476/3476
f 3491/3491 3476/3476 3479/3479
f 3483/3483 3491/3491 3479/3479
f 3483/3483 3479/3479 3461/3461
f 3326/3326 3483/3483 3485/3485
f 3326/3326 3485/3485 3486/3486
f 3326/3326 3486/3486 3488/3488
f 3326/3326 3488/3488 3490/3490
f 3326/3326 3490/3490 3491/3491
f 3326/3326 3491/3491 3483/3483
f 3376/3376 3411/3411 3406/3406
f 3376/3376 3406/3406 3377/3377
f 3386/3386 3389/3389 3427/3427
f 3386/3386 3427/3427 3422/3422
f 3501/3501 3510/3510 3539/3539
f 3501/3501 3539/3539 3534/3534
f 3609/3609 3503/3503 3505/3505
f 3609/3609 3505/3505 3613/3613
f 3605/3605 3492/3492 3504/3504
f 3605/3605 3504/3504 3610/3610
f 3603/3603 3495/3495 3493/3493
f 3603/3603 3493/3493 3606/3606
f 3596/3596 3498/3498 3496/3496
f 3596/3596 3496/3496 3599/3599
f 3600/3600 3497/3497 3494/3494
f 3600/3600 3494/3494 3602/3602
f 3614/3614 3506/3506 3499/3499
f 3614/3614 3499/3499 3597/3597
f 3516/3516 3517/3517 3549/3549
f 3516/3516 3549/3549 3546/3546
f 3521/3521 3524/3524 3560/3560
f 3521/3521 3560/3560 3556/3556
f 3536/3536 3540/3540 3575/3575
f 3536/3536 3575/3575 3571/3571
f 3542/3542 3508/3508 3515/3515
f 3542/3542 3515/3515 3545/3545
f 3526/3526 3527/3527 3531/3531
f 3526/3526 3531/3531 3564/3564
f 3532/3532 3528/3528 3502/3502
f 3532/3532 3502/3502 3535/3535
f 3559/3559 3523/3523 3525/3525
f 3559/3559 3525/3525 3563/3563
f 3569/3569 3533/3533 3537/3537
f 3569/3569 3537/3537 3573/3573
f 3586/3586 3551/3551 3554/3554
f 3586/3586 3554/3554 3588/3588
f 3550/3550 3518/3518 3520/3520
f 3550/3550 3520/3520 3553/3553
f 3567/3567 3530/3530 3533/3533
f 3567/3567 3533/3533 3569/3569
f 3544/3544 3547/3547 3583/3583
f 3544/3544 3583/3583 3579/3579
f 3555/3555 3558/3558 3591/3591
f 3555/3555 3591/3591 3589/3589
f 3575/3575 3540/3540 3543/3543
f 3575/3575 3543/3543 3578/3578
f 3514/3514 3570/3570 3574/3574
f 3584/3584 3548/3548 3551/3551
f 3584/3584 3551/3551 3586/3586
f 3561/3561 3529/3529 3566/3566
f 3561/3561 3566/3566 3592/3592
f 3572/3572 3576/3576 3512/3512
f 3591/3591 3558/3558 3562/3562
f 3591/3591 3562/3562 3594/3594
f 3513/3513 3586/3586 3588/3588
f 3511/3511 3565/3565 3568/3568
f 3580/3580 3584/3584 3513/3513
f 3587/3587 3590/3590 3511/3511
f 3514/3514 3577/3577 3581/3581
f 3511/3511 3582/3582 3585/3585
f 3593/3593 3567/3567 3513/3513
f 3514/3514 3591/3591 3594/3594
f 3616/3616 3615/3615 3595/3595
f 3616/3616 3595/3595 3598/3598
f 3617/3617 3616/3616 3598/3598
f 3617/3617 3598/3598 3601/3601
f 3618/3618 3617/3617 3601/3601
f 3618/3618 3601/3601 3604/3604
f 3619/3619 3618/3618 3604/3604
f 3619/3619 3604/3604 3607/3607
f 3622/3622 3620/3620 3608/3608
f 3622/3622 3608/3608 3612/3612
f 3615/3615 3621/3621 3611/3611
f 3615/3615 3611/3611 3595/3595
f 3500/3500 3615/3615 3616/3616
f 3500/3500 3616/3616 3617/3617
f 3500/3500 3617/3617 3618/3618
f 3500/3500 3618/3618 3619/3619
f 3500/3500 3619/3619 3621/3621
f 3500/3500 3621/3621 3615/3615
f 3507/3507 3541/3541 3538/3538
f 3507/3507 3538/3538 3509/3509
f 3519/3519 3522/3522 3557/3557
f 3519/3519 3557/3557 3552/3552
f 3633/3633 3642/3642 3669/3669
f 3633/3633 3669/3669 3665/3665
f 3728/3728 3636/3636 3637/3637
f 3728/3728 3637/3637 3731/3731
f 3722/3722 3623/3623 3635/3635
f 3722/3722 3635/3635 3725/3725
f 3720/3720 3626/3626 3624/3624
f 3720/3720 3624/3624 3723/3723
f 3714/3714 3629/3629 3628/3628
f 3714/3714 3628/3628 3718/3718
f 3716/3716 3627/3627 3625/3625
f 3716/3716 3625/3625 3719/3719
f 3732/3732 3638/3638 3630/3630
f 3732/3732 3630/3630 3715/3715
f 3646/3646 3647/3647 3676/3676
f 3646/3646 3676/3676 3674/3674
f 3651/3651 3653/3653 3687/3687
f 3651/3651 3687/3687 3684/3684
f 3667/3667 3671/3671 3701/3701
f 3667/3667 3701/3701 3700/3700
f 3670/3670 3639/3639 3645/3645
f 3670/3670 3645/3645 3673/3673
f 3656/3656 3657/3657 3661/3661
f 3656/3656 3661/3661 3693/3693
f 3662/3662 3658/3658 3634/3634
f 3662/3662 3634/3634 3666/3666
f 3689/3689 3654/3654 3655/3655
f 3689/3689 3655/3655 3692/3692
f 3699/3699 3664/3664 3667/3667
f 3699/3699 3667/3667 3700/3700
f 3706/3706 3683/3683 3686/3686
f 3706/3706 3686/3686 3707/3707
f 3677/3677 3648/3648 3650/3650
f 3677/3677 3650/3650 3681/3681
f 3695/3695 3660/3660 3663/3663
f 3695/3695 3663/3663 3698/3698
f 3675/3675 3679/3679 3704/3704
f 3675/3675 3704/3704 3702/3702
f 3686/3686 3688/3688 3708/3708
f 3686/3686 3708/3708 3707/3707
f 3701/3701 3671/3671 3675/3675
f 3701/3701 3675/3675 3702/3702
f 3643/3643 3699/3699 3700/3700
f 3703/3703 3678/3678 3682/3682
f 3703/3703 3682/3682 3705/3705
f 3690/3690 3659/3659 3694/3694
f 3690/3690 3694/3694 3709/3709
f 3700/3700 3701/3701 3643/3643
f 3708/3708 3688/3688 3691/3691
f 3708/3708 3691/3691 3710/3710
f 3643/3643 3706/3706 3707/3707
f 3643/3643 3696/3696 3699/3699
f 3702/3702 3704/3704 3643/3643
f 3707/3707 3708/3708 3643/3643
f 3643/3643 3701/3701 3702/3702
f 3643/3643 3704/3704 3706/3706
f 3711/3711 3697/3697 3644/3644
f 3643/3643 3708/3708 3710/3710
f 3735/3735 3734/3734 3713/3713
f 3735/3735 3713/3713 3717/3717
f 3736/3736 3735/3735 3717/3717
f 3736/3736 3717/3717 3721/3721
f 3737/3737 3736/3736 3721/3721
f 3737/3737 3721/3721 3724/3724
f 3740/3740 3737/3737 3724/3724
f 3740/3740 3724/3724 3727/3727
f 3741/3741 3738/3738 3726/3726
f 3741/3741 3726/3726 3729/3729
f 3733/3733 3742/3742 3730/3730
f 3733/3733 3730/3730 3712/3712
f 3632/3632 3734/3734 3735/3735
f 3632/3632 3735/3735 3736/3736
f 3632/3632 3736/3736 3737/3737
f 3632/3632 3737/3737 3740/3740
f 3631/3631 3739/3739 3742/3742
f 3631/3631 3742/3742 3733/3733
f 3640/3640 3672/3672 3668/3668
f 3640/3640 3668/3668 3641/3641
f 3649/3649 3652/3652 3685/3685
f 3649/3649 3685/3685 3680/3680
f 3785/3785 3752/3752 3753/3753
f 3785/3785 3753/3753 3787/3787
f 3778/3778 3748/3748 3749/3749
f 3778/3778 3749/3749 3780/3780
f 3793/3793 3756/3756 3744/3744
f 3793/3793 3744/3744 3772/3772
f 3770/3770 3745/3745 3746/3746
f 3770/3770 3746/3746 3774/3774
f 3787/3787 3753/3753 3754/3754
f 3787/3787 3754/3754 3789/3789
f 3780/3780 3749/3749 3750/3750
f 3780/3780 3750/3750 3782/3782
f 3774/3774 3746/3746 3747/3747
f 3774/3774 3747/3747 3776/3776
f 3789/3789 3754/3754 3755/3755
f 3789/3789 3755/3755 3791/3791
f 3782/3782 3750/3750 3751/3751
f 3782/3782 3751/3751 3784/3784
f 3776/3776 3747/3747 3748/3748
f 3776/3776 3748/3748 3778/3778
f 3791/3791 3755/3755 3756/3756
f 3791/3791 3756/3756 3793/3793
f 3772/3772 3744/3744 3745/3745
f 3772/3772 3745/3745 3770/3770
f 3743/3743 3758/3758 3757/3757
f 3743/3743 3757/3757 3759/3759
f 3743/3743 3759/3759 3760/3760
f 3743/3743 3760/3760 3761/3761
f 3743/3743 3761/3761 3762/3762
f 3743/3743 3762/3762 3763/3763
f 3743/3743 3763/3763 3764/3764
f 3743/3743 3764/3764 3765/3765
f 3743/3743 3765/3765 3766/3766
f 3743/3743 3766/3766 3767/3767
f 3743/3743 3767/3767 3768/3768
f 3743/3743 3768/3768 3758/3758
f 3757/3757 3758/3758 3771/3771
f 3757/3757 3771/3771 3769/3769
f 3759/3759 3757/3757 3769/3769
f 3759/3759 3769/3769 3773/3773
f 3760/3760 3759/3759 3773/3773
f 3760/3760 3773/3773 3775/3775
f 3761/3761 3760/3760 3775/3775
f 3761/3761 3775/3775 3777/3777
f 3762/3762 3761/3761 3777/3777
f 3762/3762 3777/3777 3779/3779
f 3763/3763 3762/3762 3779/3779
f 3763/3763 3779/3779 3781/3781
f 3764/3764 3763/3763 3781/3781
f 3764/3764 3781/3781 3783/3783
f 3765/3765 3764/3764 3783/3783
f 3765/3765 3783/3783 3786/3786
f 3766/3766 3765/3765 3786/3786
f 3766/3766 3786/3786 3788/3788
f 3767/3767 3766/3766 3788/3788
f 3767/3767 3788/3788 3790/3790
f 3768/3768 3767/3767 3790/3790
f 3768/3768 3790/3790 3792/3792
f 3758/3758 3768/3768 3792/3792
f 3758/3758 3792/3792 3771/3771
f 3863/3863 3826/3826 3828/3828
f 3863/3863 3828/3828 3878/3878
f 3878/3878 3828/3828 3830/3830
f 3878/3878 3830/3830 3877/3877
f 3877/3877 3830/3830 3833/3833
f 3877/3877 3833/3833 3876/3876
f 3876/3876 3833/3833 3835/3835
f 3876/3876 3835/3835 3868/3868
f 3869/3869 3868/3868 3835/3835
f 3869/3869 3835/3835 3824/3824
f 3867/3867 3866/3866 3798/3798
f 3867/3867 3798/3798 3846/3846
f 3865/3865 3864/3864 3839/3839
f 3865/3865 3839/3839 3856/3856
f 3863/3863 3862/3862 3850/3850
f 3863/3863 3850/3850 3826/3826
f 3804/3804 3802/3802 3799/3799
f 3804/3804 3799/3799 3801/3801
f 3814/3814 3818/3818 3829/3829
f 3814/3814 3829/3829 3827/3827
f 3810/3810 3809/3809 3838/3838
f 3810/3810 3838/3838 3842/3842
f 3813/3813 3803/3803 3825/3825
f 3813/3813 3825/3825 3836/3836
f 3823/3823 3822/3822 3853/3853
f 3823/3823 3853/3853 3855/3855
f 3815/3815 3813/3813 3836/3836
f 3815/3815 3836/3836 3834/3834
f 3821/3821 3819/3819 3851/3851
f 3821/3821 3851/3851 3849/3849
f 3803/3803 3806/3806 3795/3795
f 3803/3803 3795/3795 3825/3825
f 3802/3802 3808/3808 3847/3847
f 3802/3802 3847/3847 3799/3799
f 3818/3818 3816/3816 3831/3831
f 3818/3818 3831/3831 3829/3829
f 3812/3812 3811/3811 3843/3843
f 3812/3812 3843/3843 3845/3845
f 3809/3809 3807/3807 3840/3840
f 3809/3809 3840/3840 3838/3838
f 3805/3805 3804/3804 3801/3801
f 3805/3805 3801/3801 3797/3797
f 3820/3820 3823/3823 3855/3855
f 3820/3820 3855/3855 3857/3857
f 3807/3807 3820/3820 3857/3857
f 3807/3807 3857/3857 3840/3840
f 3822/3822 3821/3821 3849/3849
f 3822/3822 3849/3849 3853/3853
f 3817/3817 3815/3815 3834/3834
f 3817/3817 3834/3834 3832/3832
f 3808/3808 3812/3812 3845/3845
f 3808/3808 3845/3845 3847/3847
f 3806/3806 3805/3805 3797/3797
f 3806/3806 3797/3797 3795/3795
f 3819/3819 3814/3814 3827/3827
f 3819/3819 3827/3827 3851/3851
f 3854/3854 3870/3870 3865/3865
f 3854/3854 3865/3865 3856/3856
f 3852/3852 3871/3871 3870/3870
f 3852/3852 3870/3870 3854/3854
f 3848/3848 3872/3872 3871/3871
f 3848/3848 3871/3871 3852/3852
f 3850/3850 3862/3862 3872/3872
f 3850/3850 3872/3872 3848/3848
f 3844/3844 3873/3873 3867/3867
f 3844/3844 3867/3867 3846/3846
f 3841/3841 3874/3874 3873/3873
f 3841/3841 3873/3873 3844/3844
f 3837/3837 3875/3875 3874/3874
f 3837/3837 3874/3874 3841/3841
f 3839/3839 3864/3864 3875/3875
f 3839/3839 3875/3875 3837/3837
f 3798/3798 3866/3866 3879/3879
f 3798/3798 3879/3879 3800/3800
f 3800/3800 3879/3879 3880/3880
f 3800/3800 3880/3880 3796/3796
f 3796/3796 3880/3880 3881/3881
f 3796/3796 3881/3881 3794/3794
f 3794/3794 3881/3881 3869/3869
f 3794/3794 3869/3869 3824/3824
f 3859/3859 3861/3861 3862/3862
f 3859/3859 3862/3862 3863/3863
f 3861/3861 3860/3860 3864/3864
f 3861/3861 3864/3864 3865/3865
f 3860/3860 3858/3858 3866/3866
f 3860/3860 3866/3866 3867/3867
f 3858/3858 3859/3859 3868/3868
f 3858/3858 3868/3868 3869/3869
f 3861/3861 3865/3865 3870/3870
f 3861/3861 3870/3870 3871/3871
f 3861/3861 3871/3871 3872/3872
f 3861/3861 3872/3872 3862/3862
f 3860/3860 3867/3867 3873/3873
f 3860/3860 3873/3873 3874/3874
f 3860/3860 3874/3874 3875/3875
f 3860/3860 3875/3875 3864/3864
f 3859/3859 3876/3876 3868/3868
f 3859/3859 3877/3877 3876/3876
f 3859/3859 3878/3878 3877/3877
f 3859/3859 3863/3863 3878/3878
f 3858/3858 3879/3879 3866/3866
f 3858/3858 3880/3880 3879/3879
f 3858/3858 3881/3881 3880/3880
f 3858/3858 3869/3869 3881/3881
f 3861/3861 3859/3859 3858/3858
f 3861/3861 3858/3858 3860/3860
f 4209/4209 4210/4210 4082/4082
f 4209/4209 4082/4082 4080/4080
f 4210/4210 4211/4211 4084/4084
f 4210/4210 4084/4084 4082/4082
f 4211/4211 4212/4212 4086/4086
f 4211/4211 4086/4086 4084/4084
f 4212/4212 4213/4213 4088/4088
f 4212/4212 4088/4088 4086/4086
f 4213/4213 4214/4214 4090/4090
f 4213/4213 4090/4090 4088/4088
f 4214/4214 4215/4215 4093/4093
f 4214/4214 4093/4093 4090/4090
f 4215/4215 4216/4216 4095/4095
f 4215/4215 4095/4095 4093/4093
f 4216/4216 4217/4217 4097/4097
f 4216/4216 4097/4097 4095/4095
f 4217/4217 4218/4218 4099/4099
f 4217/4217 4099/4099 4097/4097
f 4218/4218 4219/4219 4101/4101
f 4218/4218 4101/4101 4099/4099
f 4219/4219 4220/4220 4103/4103
f 4219/4219 4103/4103 4101/4101
f 4220/4220 4221/4221 4105/4105
f 4220/4220 4105/4105 4103/4103
f 4221/4221 4222/4222 4107/4107
f 4221/4221 4107/4107 4105/4105
f 4222/4222 4223/4223 4109/4109
f 4222/4222 4109/4109 4107/4107
f 4223/4223 4224/4224 4111/4111
f 4223/4223 4111/4111 4109/4109
f 4224/4224 4225/4225 4113/4113
f 4224/4224 4113/4113 4111/4111
f 4225/4225 4226/4226 4115/4115
f 4225/4225 4115/4115 4113/4113
f 4226/4226 4227/4227 4117/4117
f 4226/4226 4117/4117 4115/4115
f 4227/4227 4228/4228 4119/4119
f 4227/4227 4119/4119 4117/4117
f 4228/4228 4229/4229 4121/4121
f 4228/4228 4121/4121 4119/4119
f 4229/4229 4230/4230 4123/4123
f 4229/4229 4123/4123 4121/4121
f 4230/4230 4231/4231 4125/4125
f 4230/4230 4125/4125 4123/4123
f 4231/4231 4232/4232 4127/4127
f 4231/4231 4127/4127 4125/4125
f 4232/4232 4233/4233 4129/4129
f 4232/4232 4129/4129 4127/4127
f 4233/4233 4234/4234 4131/4131
f 4233/4233 4131/4131 4129/4129
f 4234/4234 4235/4235 4133/4133
f 4234/4234 4133/4133 4131/4131
f 4235/4235 4236/4236 4135/4135
f 4235/4235 4135/4135 4133/4133
f 4236/4236 4237/4237 4137/4137
f 4236/4236 4137/4137 4135/4135
f 4237/4237 4238/4238 4139/4139
f 4237/4237 4139/4139 4137/4137
f 4238/4238 4239/4239 4141/4141
f 4238/4238 4141/4141 4139/4139
f 4239/4239 4240/4240 4143/4143
f 4239/4239 4143/4143 4141/4141
f 4240/4240 4241/4241 4145/4145
f 4240/4240 4145/4145 4143/4143
f 4241/4241 4242/4242 4147/4147
f 4241/4241 4147/4147 4145/4145
f 4242/4242 4243/4243 4149/4149
f 4242/4242 4149/4149 4147/4147
f 4243/4243 4244/4244 4151/4151
f 4243/4243 4151/4151 4149/4149
f 4244/4244 4245/4245 4153/4153
f 4244/4244 4153/4153 4151/4151
f 4245/4245 4246/4246 4155/4155
f 4245/4245 4155/4155 4153/4153
f 4246/4246 4247/4247 4158/4158
f 4246/4246 4158/4158 4155/4155
f 4247/4247 4248/4248 4160/4160
f 4247/4247 4160/4160 4158/4158
f 4248/4248 4249/4249 4162/4162
f 4248/4248 4162/4162 4160/4160
f 4249/4249 4250/4250 4164/4164
f 4249/4249 4164/4164 4162/4162
f 4250/4250 4251/4251 4166/4166
f 4250/4250 4166/4166 4164/4164
f 4251/4251 4252/4252 4168/4168
f 4251/4251 4168/4168 4166/4166
f 4252/4252 4253/4253 4170/4170
f 4252/4252 4170/4170 4168/4168
f 4253/4253 4254/4254 4172/4172
f 4253/4253 4172/4172 4170/4170
f 4254/4254 4255/4255 4174/4174
f 4254/4254 4174/4174 4172/4172
f 4255/4255 4256/4256 4176/4176
f 4255/4255 4176/4176 4174/4174
f 4256/4256 4257/4257 4178/4178
f 4256/4256 4178/4178 4176/4176
f 4257/4257 4258/4258 4180/4180
f 4257/4257 4180/4180 4178/4178
f 4258/4258 4259/4259 4182/4182
f 4258/4258 4182/4182 4180/4180
f 4259/4259 4260/4260 4184/4184
f 4259/4259 4184/4184 4182/4182
f 4260/4260 4261/4261 4186/4186
f 4260/4260 4186/4186 4184/4184
f 4261/4261 4262/4262 4188/4188
f 4261/4261 4188/4188 4186/4186
f 4262/4262 4263/4263 4190/4190
f 4262/4262 4190/4190 4188/4188
f 4263/4263 4264/4264 4192/4192
f 4263/4263 4192/4192 4190/4190
f 4264/4264 4265/4265 4194/4194
f 4264/4264 4194/4194 4192/4192
f 4265/4265 4266/4266 4196/4196
f 4265/4265 4196/4196 4194/4194
f 4266/4266 4267/4267 4198/4198
f 4266/4266 4198/4198 4196/4196
f 4267/4267 4268/4268 4200/4200
f 4267/4267 4200/4200 4198/4198
f 4268/4268 4269/4269 4202/4202
f 4268/4268 4202/4202 4200/4200
f 4269/4269 4270/4270 4204/4204
f 4269/4269 4204/4204 4202/4202
f 4270/4270 4271/4271 4206/4206
f 4270/4270 4206/4206 4204/4204
f 4271/4271 4272/4272 4208/4208
f 4271/4271 4208/4208 4206/4206
f 4272/4272 4209/4209 4080/4080
f 4272/4272 4080/4080 4208/4208
f 3882/3882 4210/4210 4209/4209
f 3882/3882 4211/4211 4210/4210
f 3882/3882 4212/4212 4211/4211
f 3882/3882 4213/4213 4212/4212
f 3882/3882 4214/4214 4213/4213
f 3882/3882 4215/4215 4214/4214
f 3882/3882 4216/4216 4215/4215
f 3882/3882 4217/4217 4216/4216
f 3882/3882 4218/4218 4217/4217
f 3882/3882 4219/4219 4218/4218
f 3882/3882 4220/4220 4219/4219
f 3882/3882 4221/4221 4220/4220
f 3882/3882 4222/4222 4221/4221
f 3882/3882 4223/4223 4222/4222
f 3882/3882 4224/4224 4223/4223
f 3882/3882 4225/4225 4224/4224
f 3882/3882 4226/4226 4225/4225
f 3882/3882 4227/4227 4226/4226
f 3882/3882 4228/4228 4227/4227
f 3882/3882 4229/4229 4228/4228
f 3882/3882 4230/4230 4229/4229
f 3882/3882 4231/4231 4230/4230
f 3882/3882 4232/4232 4231/4231
f 3882/3882 4233/4233 4232/4232
f 3882/3882 4234/4234 4233/4233
f 3882/3882 4235/4235 4234/4234
f 3882/3882 4236/4236 4235/4235
f 3882/3882 4237/4237 4236/4236
f 3882/3882 4238/4238 4237/4237
f 3882/3882 4239/4239 4238/4238
f 3882/3882 4240/4240 4239/4239
f 3882/3882 4241/4241 4240/4240
f 3882/3882 4242/4242 4241/4241
f 3882/3882 4243/4243 4242/4242
f 3882/3882 4244/4244 4243/4243
f 3882/3882 4245/4245 4244/4244
f 3882/3882 4246/4246 4245/4245
f 3882/3882 4247/4247 4246/4246
f 3882/3882 4248/4248 4247/4247
f 3882/3882 4249/4249 4248/4248
f 3882/3882 4250/4250 4249/4249
f 3882/3882 4251/4251 4250/4250
f 3882/3882 4252/4252 4251/4251
f 3882/3882 4253/4253 4252/4252
f 3882/3882 4254/4254 4253/4253
f 3882/3882 4255/4255 4254/4254
f 3882/3882 4256/4256 4255/4255
f 3882/3882 4257/4257 4256/4256
f 3882/3882 4258/4258 4257/4257
f 3882/3882 4259/4259 4258/4258
f 3882/3882 4260/4260 4259/4259
f 3882/3882 4261/4261 4260/4260
f 3882/3882 4262/4262 4261/4261
f 3882/3882 4263/4263 4262/4262
f 3882/3882 4264/4264 4263/4263
f 3882/3882 4265/4265 4264/4264
f 3882/3882 4266/4266 4265/4265
f 3882/3882 4267/4267 4266/4266
f 3882/3882 4268/4268 4267/4267
f 3882/3882 4269/4269 4268/4268
f 3882/3882 4270/4270 4269/4269
f 3882/3882 4271/4271 4270/4270
f 3882/3882 4272/4272 4271/4271
f 3882/3882 4209/4209 4272/4272
f 4343/4343 3947/3947 3883/3883
f 4343/4343 3883/3883 4399/4399
f 3886/3886 4336/4336 4335/4335
f 3886/3886 4335/4335 3885/3885
f 4399/4399 3883/3883 3884/3884
f 4399/4399 3884/3884 4400/4400
f 3884/3884 4337/4337 4336/4336
f 3884/3884 4336/4336 3886/3886
f 3889/3889 4334/4334 4332/4332
f 3889/3889 4332/4332 3887/3887
f 4400/4400 3884/3884 3886/3886
f 4400/4400 3886/3886 4402/4402
f 4402/4402 3886/3886 3885/3885
f 4402/4402 3885/3885 4403/4403
f 3893/3893 4329/4329 4328/4328
f 3893/3893 4328/4328 3892/3892
f 4403/4403 3885/3885 3889/3889
f 4403/4403 3889/3889 4394/4394
f 3891/3891 4331/4331 4330/4330
f 3891/3891 4330/4330 3890/3890
f 4394/4394 3889/3889 3887/3887
f 4394/4394 3887/3887 4395/4395
f 3897/3897 4325/4325 4324/4324
f 3897/3897 4324/4324 3896/3896
f 4396/4396 3888/3888 3891/3891
f 4396/4396 3891/3891 4398/4398
f 3895/3895 4327/4327 4326/4326
f 3895/3895 4326/4326 3894/3894
f 4398/4398 3891/3891 3890/3890
f 4398/4398 3890/3890 4401/4401
f 3901/3901 4321/4321 4320/4320
f 3901/3901 4320/4320 3900/3900
f 4401/4401 3890/3890 3893/3893
f 4401/4401 3893/3893 4390/4390
f 3899/3899 4323/4323 4322/4322
f 3899/3899 4322/4322 3898/3898
f 4390/4390 3893/3893 3892/3892
f 4390/4390 3892/3892 4391/4391
f 3905/3905 4317/4317 4316/4316
f 3905/3905 4316/4316 3904/3904
f 4391/4391 3892/3892 3895/3895
f 4391/4391 3895/3895 4393/4393
f 3903/3903 4319/4319 4318/4318
f 3903/3903 4318/4318 3902/3902
f 4393/4393 3895/3895 3894/3894
f 4393/4393 3894/3894 4397/4397
f 3909/3909 4313/4313 4312/4312
f 3909/3909 4312/4312 3908/3908
f 4397/4397 3894/3894 3897/3897
f 4397/4397 3897/3897 4386/4386
f 3907/3907 4315/4315 4314/4314
f 3907/3907 4314/4314 3906/3906
f 4386/4386 3897/3897 3896/3896
f 4386/4386 3896/3896 4387/4387
f 3913/3913 4309/4309 4308/4308
f 3913/3913 4308/4308 3912/3912
f 4387/4387 3896/3896 3899/3899
f 4387/4387 3899/3899 4389/4389
f 3911/3911 4311/4311 4310/4310
f 3911/3911 4310/4310 3910/3910
f 4389/4389 3899/3899 3898/3898
f 4389/4389 3898/3898 4392/4392
f 3917/3917 4305/4305 4304/4304
f 3917/3917 4304/4304 3916/3916
f 4392/4392 3898/3898 3901/3901
f 4392/4392 3901/3901 4382/4382
f 3915/3915 4307/4307 4306/4306
f 3915/3915 4306/4306 3914/3914
f 4382/4382 3901/3901 3900/3900
f 4382/4382 3900/3900 4383/4383
f 3922/3922 4301/4301 4300/4300
f 3922/3922 4300/4300 3921/3921
f 4383/4383 3900/3900 3903/3903
f 4383/4383 3903/3903 4385/4385
f 3919/3919 4303/4303 4302/4302
f 3919/3919 4302/4302 3918/3918
f 4385/4385 3903/3903 3902/3902
f 4385/4385 3902/3902 4388/4388
f 3926/3926 4296/4296 4295/4295
f 3926/3926 4295/4295 3925/3925
f 4388/4388 3902/3902 3905/3905
f 4388/4388 3905/3905 4378/4378
f 3924/3924 4298/4298 4297/4297
f 3924/3924 4297/4297 3923/3923
f 4378/4378 3905/3905 3904/3904
f 4378/4378 3904/3904 4379/4379
f 3930/3930 4292/4292 4291/4291
f 3930/3930 4291/4291 3929/3929
f 4379/4379 3904/3904 3907/3907
f 4379/4379 3907/3907 4381/4381
f 3928/3928 4294/4294 4293/4293
f 3928/3928 4293/4293 3927/3927
f 4381/4381 3907/3907 3906/3906
f 4381/4381 3906/3906 4384/4384
f 3934/3934 4288/4288 4287/4287
f 3934/3934 4287/4287 3933/3933
f 4384/4384 3906/3906 3909/3909
f 4384/4384 3909/3909 4374/4374
f 3932/3932 4290/4290 4289/4289
f 3932/3932 4289/4289 3931/3931
f 4374/4374 3909/3909 3908/3908
f 4374/4374 3908/3908 4375/4375
f 3938/3938 4284/4284 4283/4283
f 3938/3938 4283/4283 3937/3937
f 4375/4375 3908/3908 3911/3911
f 4375/4375 3911/3911 4377/4377
f 3936/3936 4286/4286 4285/4285
f 3936/3936 4285/4285 3935/3935
f 4377/4377 3911/3911 3910/3910
f 4377/4377 3910/3910 4380/4380
f 3942/3942 4280/4280 4279/4279
f 3942/3942 4279/4279 3941/3941
f 4380/4380 3910/3910 3913/3913
f 4380/4380 3913/3913 4370/4370
f 3940/3940 4282/4282 4281/4281
f 3940/3940 4281/4281 3939/3939
f 4370/4370 3913/3913 3912/3912
f 4370/4370 3912/3912 4371/4371
f 3946/3946 4276/4276 4275/4275
f 3946/3946 4275/4275 3945/3945
f 4371/4371 3912/3912 3915/3915
f 4371/4371 3915/3915 4373/4373
f 3944/3944 4278/4278 4277/4277
f 3944/3944 4277/4277 3943/3943
f 4373/4373 3915/3915 3914/3914
f 4373/4373 3914/3914 4376/4376
f 3953/3953 4400/4400 4402/4402
f 3953/3953 4402/4402 3955/3955
f 4376/4376 3914/3914 3917/3917
f 4376/4376 3917/3917 4366/4366
f 3949/3949 4343/4343 4399/4399
f 3949/3949 4399/4399 3951/3951
f 4366/4366 3917/3917 3916/3916
f 4366/4366 3916/3916 4367/4367
f 3962/3962 4396/4396 4398/4398
f 3962/3962 4398/4398 3964/3964
f 4367/4367 3916/3916 3919/3919
f 4367/4367 3919/3919 4369/4369
f 3957/3957 4403/4403 4394/4394
f 3957/3957 4394/4394 3959/3959
f 4369/4369 3919/3919 3918/3918
f 4369/4369 3918/3918 4372/4372
f 3970/3970 4391/4391 4393/4393
f 3970/3970 4393/4393 3972/3972
f 4372/4372 3918/3918 3922/3922
f 4372/4372 3922/3922 4361/4361
f 3966/3966 4401/4401 4390/4390
f 3966/3966 4390/4390 3968/3968
f 4361/4361 3922/3922 3921/3921
f 4361/4361 3921/3921 4363/4363
f 3978/3978 4387/4387 4389/4389
f 3978/3978 4389/4389 3980/3980
f 4362/4362 3920/3920 3924/3924
f 4362/4362 3924/3924 4365/4365
f 3974/3974 4397/4397 4386/4386
f 3974/3974 4386/4386 3976/3976
f 4365/4365 3924/3924 3923/3923
f 4365/4365 3923/3923 4368/4368
f 3986/3986 4383/4383 4385/4385
f 3986/3986 4385/4385 3988/3988
f 4368/4368 3923/3923 3926/3926
f 4368/4368 3926/3926 4357/4357
f 3982/3982 4392/4392 4382/4382
f 3982/3982 4382/4382 3984/3984
f 4357/4357 3926/3926 3925/3925
f 4357/4357 3925/3925 4358/4358
f 3994/3994 4379/4379 4381/4381
f 3994/3994 4381/4381 3996/3996
f 4358/4358 3925/3925 3928/3928
f 4358/4358 3928/3928 4360/4360
f 3990/3990 4388/4388 4378/4378
f 3990/3990 4378/4378 3992/3992
f 4360/4360 3928/3928 3927/3927
f 4360/4360 3927/3927 4364/4364
f 4002/4002 4375/4375 4377/4377
f 4002/4002 4377/4377 4004/4004
f 4364/4364 3927/3927 3930/3930
f 4364/4364 3930/3930 4353/4353
f 3998/3998 4384/4384 4374/4374
f 3998/3998 4374/4374 4000/4000
f 4353/4353 3930/3930 3929/3929
f 4353/4353 3929/3929 4354/4354
f 4010/4010 4371/4371 4373/4373
f 4010/4010 4373/4373 4012/4012
f 4354/4354 3929/3929 3932/3932
f 4354/4354 3932/3932 4356/4356
f 4006/4006 4380/4380 4370/4370
f 4006/4006 4370/4370 4008/4008
f 4356/4356 3932/3932 3931/3931
f 4356/4356 3931/3931 4359/4359
f 4018/4018 4367/4367 4369/4369
f 4018/4018 4369/4369 4020/4020
f 4359/4359 3931/3931 3934/3934
f 4359/4359 3934/3934 4349/4349
f 4014/4014 4376/4376 4366/4366
f 4014/4014 4366/4366 4016/4016
f 4349/4349 3934/3934 3933/3933
f 4349/4349 3933/3933 4350/4350
f 4026/4026 4362/4362 4365/4365
f 4026/4026 4365/4365 4029/4029
f 4350/4350 3933/3933 3936/3936
f 4350/4350 3936/3936 4352/4352
f 4022/4022 4372/4372 4361/4361
f 4022/4022 4361/4361 4024/4024
f 4352/4352 3936/3936 3935/3935
f 4352/4352 3935/3935 4355/4355
f 4035/4035 4358/4358 4360/4360
f 4035/4035 4360/4360 4037/4037
f 4355/4355 3935/3935 3938/3938
f 4355/4355 3938/3938 4345/4345
f 4031/4031 4368/4368 4357/4357
f 4031/4031 4357/4357 4033/4033
f 4345/4345 3938/3938 3937/3937
f 4345/4345 3937/3937 4346/4346
f 4043/4043 4354/4354 4356/4356
f 4043/4043 4356/4356 4045/4045
f 4346/4346 3937/3937 3940/3940
f 4346/4346 3940/3940 4348/4348
f 4039/4039 4364/4364 4353/4353
f 4039/4039 4353/4353 4041/4041
f 4348/4348 3940/3940 3939/3939
f 4348/4348 3939/3939 4351/4351
f 4051/4051 4350/4350 4352/4352
f 4051/4051 4352/4352 4053/4053
f 4351/4351 3939/3939 3942/3942
f 4351/4351 3942/3942 4341/4341
f 4047/4047 4359/4359 4349/4349
f 4047/4047 4349/4349 4049/4049
f 4341/4341 3942/3942 3941/3941
f 4341/4341 3941/3941 4342/4342
f 4059/4059 4346/4346 4348/4348
f 4059/4059 4348/4348 4061/4061
f 4342/4342 3941/3941 3944/3944
f 4342/4342 3944/3944 4344/4344
f 4055/4055 4355/4355 4345/4345
f 4055/4055 4345/4345 4057/4057
f 4344/4344 3944/3944 3943/3943
f 4344/4344 3943/3943 4347/4347
f 4067/4067 4342/4342 4344/4344
f 4067/4067 4344/4344 4069/4069
f 4347/4347 3943/3943 3946/3946
f 4347/4347 3946/3946 4404/4404
f 4063/4063 4351/4351 4341/4341
f 4063/4063 4341/4341 4065/4065
f 4404/4404 3946/3946 3945/3945
f 4404/4404 3945/3945 4405/4405
f 4075/4075 4405/4405 4340/4340
f 4075/4075 4340/4340 4077/4077
f 4405/4405 3945/3945 3948/3948
f 4405/4405 3948/3948 4340/4340
f 4071/4071 4347/4347 4404/4404
f 4071/4071 4404/4404 4073/4073
f 4077/4077 4340/4340 4343/4343
f 4077/4077 4343/4343 3949/3949
f 4340/4340 3948/3948 3947/3947
f 4340/4340 3947/3947 4343/4343
f 4065/4065 4341/4341 4342/4342
f 4065/4065 4342/4342 4067/4067
f 4057/4057 4345/4345 4346/4346
f 4057/4057 4346/4346 4059/4059
f 4049/4049 4349/4349 4350/4350
f 4049/4049 4350/4350 4051/4051
f 4041/4041 4353/4353 4354/4354
f 4041/4041 4354/4354 4043/4043
f 4033/4033 4357/4357 4358/4358
f 4033/4033 4358/4358 4035/4035
f 4024/4024 4361/4361 4363/4363
f 4024/4024 4363/4363 4027/4027
f 4016/4016 4366/4366 4367/4367
f 4016/4016 4367/4367 4018/4018
f 4008/4008 4370/4370 4371/4371
f 4008/4008 4371/4371 4010/4010
f 4000/4000 4374/4374 4375/4375
f 4000/4000 4375/4375 4002/4002
f 3992/3992 4378/4378 4379/4379
f 3992/3992 4379/4379 3994/3994
f 3984/3984 4382/4382 4383/4383
f 3984/3984 4383/4383 3986/3986
f 3976/3976 4386/4386 4387/4387
f 3976/3976 4387/4387 3978/3978
f 3968/3968 4390/4390 4391/4391
f 3968/3968 4391/4391 3970/3970
f 3959/3959 4394/4394 4395/4395
f 3959/3959 4395/4395 3961/3961
f 3951/3951 4399/4399 4400/4400
f 3951/3951 4400/4400 3953/3953
f 3945/3945 4275/4275 4274/4274
f 3945/3945 4274/4274 3948/3948
f 3941/3941 4279/4279 4278/4278
f 3941/3941 4278/4278 3944/3944
f 3937/3937 4283/4283 4282/4282
f 3937/3937 4282/4282 3940/3940
f 3933/3933 4287/4287 4286/4286
f 3933/3933 4286/4286 3936/3936
f 3929/3929 4291/4291 4290/4290
f 3929/3929 4290/4290 3932/3932
f 3925/3925 4295/4295 4294/4294
f 3925/3925 4294/4294 3928/3928
f 3920/3920 4299/4299 4298/4298
f 3920/3920 4298/4298 3924/3924
f 3916/3916 4304/4304 4303/4303
f 3916/3916 4303/4303 3919/3919
f 3912/3912 4308/4308 4307/4307
f 3912/3912 4307/4307 3915/3915
f 3908/3908 4312/4312 4311/4311
f 3908/3908 4311/4311 3911/3911
f 3904/3904 4316/4316 4315/4315
f 3904/3904 4315/4315 3907/3907
f 3900/3900 4320/4320 4319/4319
f 3900/3900 4319/4319 3903/3903
f 3896/3896 4324/4324 4323/4323
f 3896/3896 4323/4323 3899/3899
f 3892/3892 4328/4328 4327/4327
f 3892/3892 4327/4327 3895/3895
f 3888/3888 4333/4333 4331/4331
f 3888/3888 4331/4331 3891/3891
f 3947/3947 4339/4339 4338/4338
f 3947/3947 4338/4338 3883/3883
f 3883/3883 4338/4338 4337/4337
f 3883/3883 4337/4337 3884/3884
f 4338/4338 4081/4081 4083/4083
f 4338/4338 4083/4083 4337/4337
f 4073/4073 4404/4404 4405/4405
f 4073/4073 4405/4405 4075/4075
f 4069/4069 4344/4344 4347/4347
f 4069/4069 4347/4347 4071/4071
f 4339/4339 4079/4079 4081/4081
f 4339/4339 4081/4081 4338/4338
f 4337/4337 4083/4083 4085/4085
f 4337/4337 4085/4085 4336/4336
f 4061/4061 4348/4348 4351/4351
f 4061/4061 4351/4351 4063/4063
f 4335/4335 4087/4087 4089/4089
f 4335/4335 4089/4089 4334/4334
f 4053/4053 4352/4352 4355/4355
f 4053/4053 4355/4355 4055/4055
f 4045/4045 4356/4356 4359/4359
f 4045/4045 4359/4359 4047/4047
f 4336/4336 4085/4085 4087/4087
f 4336/4336 4087/4087 4335/4335
f 4333/4333 4092/4092 4094/4094
f 4333/4333 4094/4094 4331/4331
f 4037/4037 4360/4360 4364/4364
f 4037/4037 4364/4364 4039/4039
f 4029/4029 4365/4365 4368/4368
f 4029/4029 4368/4368 4031/4031
f 4334/4334 4089/4089 4091/4091
f 4334/4334 4091/4091 4332/4332
f 4330/4330 4096/4096 4098/4098
f 4330/4330 4098/4098 4329/4329
f 4020/4020 4369/4369 4372/4372
f 4020/4020 4372/4372 4022/4022
f 4012/4012 4373/4373 4376/4376
f 4012/4012 4376/4376 4014/4014
f 4331/4331 4094/4094 4096/4096
f 4331/4331 4096/4096 4330/4330
f 4328/4328 4100/4100 4102/4102
f 4328/4328 4102/4102 4327/4327
f 4004/4004 4377/4377 4380/4380
f 4004/4004 4380/4380 4006/4006
f 3996/3996 4381/4381 4384/4384
f 3996/3996 4384/4384 3998/3998
f 4329/4329 4098/4098 4100/4100
f 4329/4329 4100/4100 4328/4328
f 4326/4326 4104/4104 4106/4106
f 4326/4326 4106/4106 4325/4325
f 3988/3988 4385/4385 4388/4388
f 3988/3988 4388/4388 3990/3990
f 3980/3980 4389/4389 4392/4392
f 3980/3980 4392/4392 3982/3982
f 4327/4327 4102/4102 4104/4104
f 4327/4327 4104/4104 4326/4326
f 4324/4324 4108/4108 4110/4110
f 4324/4324 4110/4110 4323/4323
f 3972/3972 4393/4393 4397/4397
f 3972/3972 4397/4397 3974/3974
f 3964/3964 4398/4398 4401/4401
f 3964/3964 4401/4401 3966/3966
f 4325/4325 4106/4106 4108/4108
f 4325/4325 4108/4108 4324/4324
f 4322/4322 4112/4112 4114/4114
f 4322/4322 4114/4114 4321/4321
f 3955/3955 4402/4402 4403/4403
f 3955/3955 4403/4403 3957/3957
f 3948/3948 4274/4274 4339/4339
f 3948/3948 4339/4339 3947/3947
f 4323/4323 4110/4110 4112/4112
f 4323/4323 4112/4112 4322/4322
f 4320/4320 4116/4116 4118/4118
f 4320/4320 4118/4118 4319/4319
f 3943/3943 4277/4277 4276/4276
f 3943/3943 4276/4276 3946/3946
f 3939/3939 4281/4281 4280/4280
f 3939/3939 4280/4280 3942/3942
f 4321/4321 4114/4114 4116/4116
f 4321/4321 4116/4116 4320/4320
f 4318/4318 4120/4120 4122/4122
f 4318/4318 4122/4122 4317/4317
f 3935/3935 4285/4285 4284/4284
f 3935/3935 4284/4284 3938/3938
f 3931/3931 4289/4289 4288/4288
f 3931/3931 4288/4288 3934/3934
f 4319/4319 4118/4118 4120/4120
f 4319/4319 4120/4120 4318/4318
f 4316/4316 4124/4124 4126/4126
f 4316/4316 4126/4126 4315/4315
f 3927/3927 4293/4293 4292/4292
f 3927/3927 4292/4292 3930/3930
f 3923/3923 4297/4297 4296/4296
f 3923/3923 4296/4296 3926/3926
f 4317/4317 4122/4122 4124/4124
f 4317/4317 4124/4124 4316/4316
f 4314/4314 4128/4128 4130/4130
f 4314/4314 4130/4130 4313/4313
f 3918/3918 4302/4302 4301/4301
f 3918/3918 4301/4301 3922/3922
f 3914/3914 4306/4306 4305/4305
f 3914/3914 4305/4305 3917/3917
f 4315/4315 4126/4126 4128/4128
f 4315/4315 4128/4128 4314/4314
f 4312/4312 4132/4132 4134/4134
f 4312/4312 4134/4134 4311/4311
f 3910/3910 4310/4310 4309/4309
f 3910/3910 4309/4309 3913/3913
f 3906/3906 4314/4314 4313/4313
f 3906/3906 4313/4313 3909/3909
f 4313/4313 4130/4130 4132/4132
f 4313/4313 4132/4132 4312/4312
f 4310/4310 4136/4136 4138/4138
f 4310/4310 4138/4138 4309/4309
f 3902/3902 4318/4318 4317/4317
f 3902/3902 4317/4317 3905/3905
f 3898/3898 4322/4322 4321/4321
f 3898/3898 4321/4321 3901/3901
f 4311/4311 4134/4134 4136/4136
f 4311/4311 4136/4136 4310/4310
f 4308/4308 4140/4140 4142/4142
f 4308/4308 4142/4142 4307/4307
f 3894/3894 4326/4326 4325/4325
f 3894/3894 4325/4325 3897/3897
f 3890/3890 4330/4330 4329/4329
f 3890/3890 4329/4329 3893/3893
f 4309/4309 4138/4138 4140/4140
f 4309/4309 4140/4140 4308/4308
f 4306/4306 4144/4144 4146/4146
f 4306/4306 4146/4146 4305/4305
f 3885/3885 4335/4335 4334/4334
f 3885/3885 4334/4334 3889/3889
f 4307/4307 4142/4142 4144/4144
f 4307/4307 4144/4144 4306/4306
f 4304/4304 4148/4148 4150/4150
f 4304/4304 4150/4150 4303/4303
f 4305/4305 4146/4146 4148/4148
f 4305/4305 4148/4148 4304/4304
f 4302/4302 4152/4152 4154/4154
f 4302/4302 4154/4154 4301/4301
f 4303/4303 4150/4150 4152/4152
f 4303/4303 4152/4152 4302/4302
f 4299/4299 4156/4156 4159/4159
f 4299/4299 4159/4159 4298/4298
f 4301/4301 4154/4154 4157/4157
f 4301/4301 4157/4157 4300/4300
f 4297/4297 4161/4161 4163/4163
f 4297/4297 4163/4163 4296/4296
f 4298/4298 4159/4159 4161/4161
f 4298/4298 4161/4161 4297/4297
f 4295/4295 4165/4165 4167/4167
f 4295/4295 4167/4167 4294/4294
f 4296/4296 4163/4163 4165/4165
f 4296/4296 4165/4165 4295/4295
f 4293/4293 4169/4169 4171/4171
f 4293/4293 4171/4171 4292/4292
f 4294/4294 4167/4167 4169/4169
f 4294/4294 4169/4169 4293/4293
f 4291/4291 4173/4173 4175/4175
f 4291/4291 4175/4175 4290/4290
f 4292/4292 4171/4171 4173/4173
f 4292/4292 4173/4173 4291/4291
f 4289/4289 4177/4177 4179/4179
f 4289/4289 4179/4179 4288/4288
f 4290/4290 4175/4175 4177/4177
f 4290/4290 4177/4177 4289/4289
f 4287/4287 4181/4181 4183/4183
f 4287/4287 4183/4183 4286/4286
f 4288/4288 4179/4179 4181/4181
f 4288/4288 4181/4181 4287/4287
f 4285/4285 4185/4185 4187/4187
f 4285/4285 4187/4187 4284/4284
f 4286/4286 4183/4183 4185/4185
f 4286/4286 4185/4185 4285/4285
f 4283/4283 4189/4189 4191/4191
f 4283/4283 4191/4191 4282/4282
f 4284/4284 4187/4187 4189/4189
f 4284/4284 4189/4189 4283/4283
f 4281/4281 4193/4193 4195/4195
f 4281/4281 4195/4195 4280/4280
f 4282/4282 4191/4191 4193/4193
f 4282/4282 4193/4193 4281/4281
f 4279/4279 4197/4197 4199/4199
f 4279/4279 4199/4199 4278/4278
f 4280/4280 4195/4195 4197/4197
f 4280/4280 4197/4197 4279/4279
f 4277/4277 4201/4201 4203/4203
f 4277/4277 4203/4203 4276/4276
f 4278/4278 4199/4199 4201/4201
f 4278/4278 4201/4201 4277/4277
f 4275/4275 4205/4205 4207/4207
f 4275/4275 4207/4207 4274/4274
f 4276/4276 4203/4203 4205/4205
f 4276/4276 4205/4205 4275/4275
f 4274/4274 4207/4207 4079/4079
f 4274/4274 4079/4079 4339/4339
f 3950/3950 4406/4406 4469/4469
f 3950/3950 4469/4469 4078/4078
f 4078/4078 4469/4469 4468/4468
f 4078/4078 4468/4468 4076/4076
f 4076/4076 4468/4468 4467/4467
f 4076/4076 4467/4467 4074/4074
f 4074/4074 4467/4467 4466/4466
f 4074/4074 4466/4466 4072/4072
f 4072/4072 4466/4466 4465/4465
f 4072/4072 4465/4465 4070/4070
f 4070/4070 4465/4465 4464/4464
f 4070/4070 4464/4464 4068/4068
f 4068/4068 4464/4464 4463/4463
f 4068/4068 4463/4463 4066/4066
f 4066/4066 4463/4463 4462/4462
f 4066/4066 4462/4462 4064/4064
f 4064/4064 4462/4462 4461/4461
f 4064/4064 4461/4461 4062/4062
f 4062/4062 4461/4461 4460/4460
f 4062/4062 4460/4460 4060/4060
f 4060/4060 4460/4460 4459/4459
f 4060/4060 4459/4459 4058/4058
f 4058/4058 4459/4459 4458/4458
f 4058/4058 4458/4458 4056/4056
f 4056/4056 4458/4458 4457/4457
f 4056/4056 4457/4457 4054/4054
f 4054/4054 4457/4457 4456/4456
f 4054/4054 4456/4456 4052/4052
f 4052/4052 4456/4456 4455/4455
f 4052/4052 4455/4455 4050/4050
f 4050/4050 4455/4455 4454/4454
f 4050/4050 4454/4454 4048/4048
f 4048/4048 4454/4454 4453/4453
f 4048/4048 4453/4453 4046/4046
f 4046/4046 4453/4453 4452/4452
f 4046/4046 4452/4452 4044/4044
f 4044/4044 4452/4452 4451/4451
f 4044/4044 4451/4451 4042/4042
f 4042/4042 4451/4451 4450/4450
f 4042/4042 4450/4450 4040/4040
f 4040/4040 4450/4450 4449/4449
f 4040/4040 4449/4449 4038/4038
f 4038/4038 4449/4449 4448/4448
f 4038/4038 4448/4448 4036/4036
f 4036/4036 4448/4448 4447/4447
f 4036/4036 4447/4447 4034/4034
f 4034/4034 4447/4447 4446/4446
f 4034/4034 4446/4446 4032/4032
f 4032/4032 4446/4446 4445/4445
f 4032/4032 4445/4445 4030/4030
f 4030/4030 4445/4445 4444/4444
f 4030/4030 4444/4444 4028/4028
f 4028/4028 4444/4444 4443/4443
f 4028/4028 4443/4443 4025/4025
f 4025/4025 4443/4443 4442/4442
f 4025/4025 4442/4442 4023/4023
f 4023/4023 4442/4442 4441/4441
f 4023/4023 4441/4441 4021/4021
f 4021/4021 4441/4441 4440/4440
f 4021/4021 4440/4440 4019/4019
f 4019/4019 4440/4440 4439/4439
f 4019/4019 4439/4439 4017/4017
f 4017/4017 4439/4439 4438/4438
f 4017/4017 4438/4438 4015/4015
f 4015/4015 4438/4438 4437/4437
f 4015/4015 4437/4437 4013/4013
f 4013/4013 4437/4437 4436/4436
f 4013/4013 4436/4436 4011/4011
f 4011/4011 4436/4436 4435/4435
f 4011/4011 4435/4435 4009/4009
f 4009/4009 4435/4435 4434/4434
f 4009/4009 4434/4434 4007/4007
f 4007/4007 4434/4434 4433/4433
f 4007/4007 4433/4433 4005/4005
f 4005/4005 4433/4433 4432/4432
f 4005/4005 4432/4432 4003/4003
f 4003/4003 4432/4432 4431/4431
f 4003/4003 4431/4431 4001/4001
f 4001/4001 4431/4431 4430/4430
f 4001/4001 4430/4430 3999/3999
f 3999/3999 4430/4430 4429/4429
f 3999/3999 4429/4429 3997/3997
f 3997/3997 4429/4429 4428/4428
f 3997/3997 4428/4428 3995/3995
f 3995/3995 4428/4428 4427/4427
f 3995/3995 4427/4427 3993/3993
f 3993/3993 4427/4427 4426/4426
f 3993/3993 4426/4426 3991/3991
f 3991/3991 4426/4426 4425/4425
f 3991/3991 4425/4425 3989/3989
f 3989/3989 4425/4425 4424/4424
f 3989/3989 4424/4424 3987/3987
f 3987/3987 4424/4424 4423/4423
f 3987/3987 4423/4423 3985/3985
f 3985/3985 4423/4423 4422/4422
f 3985/3985 4422/4422 3983/3983
f 3983/3983 4422/4422 4421/4421
f 3983/3983 4421/4421 3981/3981
f 3981/3981 4421/4421 4420/4420
f 3981/3981 4420/4420 3979/3979
f 3979/3979 4420/4420 4419/4419
f 3979/3979 4419/4419 3977/3977
f 3977/3977 4419/4419 4418/4418
f 3977/3977 4418/4418 3975/3975
f 3975/3975 4418/4418 4417/4417
f 3975/3975 4417/4417 3973/3973
f 3973/3973 4417/4417 4416/4416
f 3973/3973 4416/4416 3971/3971
f 3971/3971 4416/4416 4415/4415
f 3971/3971 4415/4415 3969/3969
f 3969/3969 4415/4415 4414/4414
f 3969/3969 4414/4414 3967/3967
f 3967/3967 4414/4414 4413/4413
f 3967/3967 4413/4413 3965/3965
f 3965/3965 4413/4413 4412/4412
f 3965/3965 4412/4412 3963/3963
f 3963/3963 4412/4412 4411/4411
f 3963/3963 4411/4411 3960/3960
f 3960/3960 4411/4411 4410/4410
f 3960/3960 4410/4410 3958/3958
f 3958/3958 4410/4410 4409/4409
f 3958/3958 4409/4409 3956/3956
f 3956/3956 4409/4409 4408/4408
f 3956/3956 4408/4408 3954/3954
f 3954/3954 4408/4408 4407/4407
f 3954/3954 4407/4407 3952/3952
f 3952/3952 4407/4407 4406/4406
f 3952/3952 4406/4406 3950/3950
f 4273/4273 4406/4406 4407/4407
f 4273/4273 4407/4407 4408/4408
f 4273/4273 4408/4408 4409/4409
f 4273/4273 4409/4409 4410/4410
f 4273/4273 4410/4410 4411/4411
f 4273/4273 4411/4411 4412/4412
f 4273/4273 4412/4412 4413/4413
f 4273/4273 4413/4413 4414/4414
f 4273/4273 4414/4414 4415/4415
f 4273/4273 4415/4415 4416/4416
f 4273/4273 4416/4416 4417/4417
f 4273/4273 4417/4417 4418/4418
f 4273/4273 4418/4418 4419/4419
f 4273/4273 4419/4419 4420/4420
f 4273/4273 4420/4420 4421/4421
f 4273/4273 4421/4421 4422/4422
f 4273/4273 4422/4422 4423/4423
f 4273/4273 4423/4423 4424/4424
f 4273/4273 4424/4424 4425/4425
f 4273/4273 4425/4425 4426/4426
f 4273/4273 4426/4426 4427/4427
f 4273/4273 4427/4427 4428/4428
f 4273/4273 4428/4428 4429/4429
f 4273/4273 4429/4429 4430/4430
f 4273/4273 4430/4430 4431/4431
f 4273/4273 4431/4431 4432/4432
f 4273/4273 4432/4432 4433/4433
f 4273/4273 4433/4433 4434/4434
f 4273/4273 4434/4434 4435/4435
f 4273/4273 4435/4435 4436/4436
f 4273/4273 4436/4436 4437/4437
f 4273/4273 4437/4437 4438/4438
f 4273/4273 4438/4438 4439/4439
f 4273/4273 4439/4439 4440/4440
f 4273/4273 4440/4440 4441/4441
f 4273/4273 4441/4441 4442/4442
f 4273/4273 4442/4442 4443/4443
f 4273/4273 4443/4443 4444/4444
f 4273/4273 4444/4444 4445/4445
f 4273/4273 4445/4445 4446/4446
f 4273/4273 4446/4446 4447/4447
f 4273/4273 4447/4447 4448/4448
f 4273/4273 4448/4448 4449/4449
f 4273/4273 4449/4449 4450/4450
f 4273/4273 4450/4450 4451/4451
f 4273/4273 4451/4451 4452/4452
f 4273/4273 4452/4452 4453/4453
f 4273/4273 4453/4453 4454/4454
f 4273/4273 4454/4454 4455/4455
f 4273/4273 4455/4455 4456/4456
f 4273/4273 4456/4456 4457/4457
f 4273/4273 4457/4457 4458/4458
f 4273/4273 4458/4458 4459/4459
f 4273/4273 4459/4459 4460/4460
f 4273/4273 4460/4460 4461/4461
f 4273/4273 4461/4461 4462/4462
f 4273/4273 4462/4462 4463/4463
f 4273/4273 4463/4463 4464/4464
f 4273/4273 4464/4464 4465/4465
f 4273/4273 4465/4465 4466/4466
f 4273/4273 4466/4466 4467/4467
f 4273/4273 4467/4467 4468/4468
f 4273/4273 4468/4468 4469/4469
f 4273/4273 4469/4469 4406/4406
f 2212/2212 2214/2214 4486/4486
f 2212/2212 4486/4486 4484/4484
f 2210/2210 2212/2212 4484/4484
f 2210/2210 4484/4484 4482/4482
f 2207/2207 2210/2210 4482/4482
f 2207/2207 4482/4482 4480/4480
f 2204/2204 2205/2205 4478/4478
f 2204/2204 4478/4478 4477/4477
f 2201/2201 2202/2202 4475/4475
f 2201/2201 4475/4475 4474/4474
f 2200/2200 2201/2201 4474/4474
f 2200/2200 4474/4474 4473/4473
f 2199/2199 2200/2200 4473/4473
f 2199/2199 4473/4473 4472/4472
f 2205/2205 2203/2203 4476/4476
f 2205/2205 4476/4476 4478/4478
f 2198/2198 2199/2199 4472/4472
f 2198/2198 4472/4472 4471/4471
f 2215/2215 2198/2198 4471/4471
f 2215/2215 4471/4471 4487/4487
f 2213/2213 2216/2216 4488/4488
f 2213/2213 4488/4488 4485/4485
f 2203/2203 2207/2207 4480/4480
f 2203/2203 4480/4480 4476/4476
f 2211/2211 2213/2213 4485/4485
f 2211/2211 4485/4485 4483/4483
f 2209/2209 2211/2211 4483/4483
f 2209/2209 4483/4483 4481/4481
f 2206/2206 2209/2209 4481/4481
f 2206/2206 4481/4481 4479/4479
f 2208/2208 2206/2206 4479/4479
f 2208/2208 4479/4479 4470/4470
f 2217/2217 2208/2208 4470/4470
f 2217/2217 4470/4470 4489/4489
f 2214/2214 2217/2217 4489/4489
f 2214/2214 4489/4489 4486/4486
f 2218/2218 2204/2204 4477/4477
f 2218/2218 4477/4477 4490/4490
f 2202/2202 2218/2218 4490/4490
f 2202/2202 4490/4490 4475/4475
